Copyright 1986-2022 Xilinx, Inc. All Rights Reserved. Copyright 2022-2025 Advanced Micro Devices, Inc. All Rights Reserved.
--------------------------------------------------------------------------------------------------------------------------------------------------------------------------------------------------------------------------
| Tool Version      : Vivado v.2025.2 (win64) Build 6299465 Fri Nov 14 19:35:11 GMT 2025
| Date              : Wed Sep 30 00:26:34 2026
| Host              : Finesse running 64-bit major release  (build 9200)
| Command           : report_timing -delay_type max -max_paths 100 -file C:/Users/Fine/Documents/Codex/2026-07-23/ni/outputs/sat10_lfnst_transpose_registered_neighbor_20260930_0025/report_timing_worst100_postsynth.rpt
| Design            : step12f_registered_neighbor_harness
| Device            : xcku5p-ffvb676
| Speed File        : -2  PRODUCTION 1.29 05-01-2022
| Design State      : Synthesized
| Temperature Grade : E
--------------------------------------------------------------------------------------------------------------------------------------------------------------------------------------------------------------------------

Timing Report

Slack (VIOLATED) :        -0.525ns  (required time - arrival time)
  Source:                 u_dut/u_unified_p4_kernel/reserved_groups_q_reg[1]/C
                            (rising edge-triggered cell FDCE clocked by clk  {rise@0.000ns fall@1.000ns period=2.000ns})
  Destination:            u_dut/lfnst_gather_index_q_reg[0]/CE
                            (rising edge-triggered cell FDCE clocked by clk  {rise@0.000ns fall@1.000ns period=2.000ns})
  Path Group:             clk
  Path Type:              Setup (Max at Slow Process Corner)
  Requirement:            2.000ns  (clk rise@2.000ns - clk rise@0.000ns)
  Data Path Delay:        2.284ns  (logic 0.494ns (21.629%)  route 1.790ns (78.371%))
  Logic Levels:           8  (LUT3=2 LUT4=1 LUT5=2 LUT6=3)
  Clock Path Skew:        -0.145ns (DCD - SCD + CPR)
    Destination Clock Delay (DCD):    2.863ns = ( 4.863 - 2.000 ) 
    Source Clock Delay      (SCD):    3.290ns
    Clock Pessimism Removal (CPR):    0.282ns
  Clock Uncertainty:      0.035ns  ((TSJ^2 + TIJ^2)^1/2 + DJ) / 2 + PE + UU
    Total System Jitter     (TSJ):    0.071ns
    Total Input Jitter      (TIJ):    0.000ns
    Discrete Jitter          (DJ):    0.000ns
    Phase Error              (PE):    0.000ns
    User Uncertainty         (UU):    0.000ns

    Location             Delay type                Incr(ns)  Path(ns)    Netlist Resource(s)
  -------------------------------------------------------------------    -------------------
                         (clock clk rise edge)        0.000     0.000 r  
                                                      0.000     0.000 r  clk (IN)
                         net (fo=0)                   0.000     0.000    u_boundary_ibuf/I
                         INBUF (Prop_INBUF_PAD_O)     0.517     0.517 r  u_boundary_ibuf/INBUF_INST/O
                         net (fo=1, unplaced)         0.000     0.517    u_boundary_ibuf/OUT
                         IBUFCTRL (Prop_IBUFCTRL_I_O)
                                                      0.000     0.517 r  u_boundary_ibuf/IBUFCTRL_INST/O
                         net (fo=1, unplaced)         0.161     0.678    clk_ibuf
                         BUFGCE (Prop_BUFGCE_I_O)     0.028     0.706 r  u_boundary_bufg/O
                         net (fo=26835, unplaced)     2.584     3.290    u_dut/u_unified_p4_kernel/clk
                         FDCE                                         r  u_dut/u_unified_p4_kernel/reserved_groups_q_reg[1]/C
  -------------------------------------------------------------------    -------------------
                         FDCE (Prop_FDCE_C_Q)         0.078     3.368 r  u_dut/u_unified_p4_kernel/reserved_groups_q_reg[1]/Q
                         net (fo=5, unplaced)         0.172     3.540    u_dut/u_unified_p4_kernel/reserved_groups_q[1]
                         LUT6 (Prop_LUT6_I0_O)        0.150     3.690 r  u_dut/u_unified_p4_kernel/input_group_fire_INST_0_i_8/O
                         net (fo=2, unplaced)         0.186     3.876    u_dut/u_unified_p4_kernel/input_group_fire_INST_0_i_8_n_0
                         LUT3 (Prop_LUT3_I0_O)        0.038     3.914 r  u_dut/u_unified_p4_kernel/input_group_fire_INST_0_i_7/O
                         net (fo=1, unplaced)         0.186     4.100    u_dut/u_unified_p4_kernel/input_group_fire_INST_0_i_7_n_0
                         LUT5 (Prop_LUT5_I2_O)        0.038     4.138 f  u_dut/u_unified_p4_kernel/input_group_fire_INST_0_i_3/O
                         net (fo=1, unplaced)         0.186     4.324    u_dut/u_unified_p4_kernel/input_group_fire_INST_0_i_3_n_0
                         LUT6 (Prop_LUT6_I3_O)        0.038     4.362 r  u_dut/u_unified_p4_kernel/input_group_fire_INST_0_i_1/O
                         net (fo=2, unplaced)         0.186     4.548    u_dut/u_unified_p4_kernel/ingress_valid_q42_in
                         LUT4 (Prop_LUT4_I3_O)        0.038     4.586 r  u_dut/u_unified_p4_kernel/input_group_fire_INST_0/O
                         net (fo=92, unplaced)        0.270     4.856    u_dut/kernel_input_group_fire
                         LUT5 (Prop_LUT5_I1_O)        0.038     4.894 r  u_dut/rd_cmd_bank_mask_q[3]_i_1/O
                         net (fo=11, unplaced)        0.221     5.115    u_dut/rd_cmd_ready
                         LUT3 (Prop_LUT3_I1_O)        0.038     5.153 r  u_dut/lfnst_mem_req_bank_q[1]_i_1/O
                         net (fo=13, unplaced)        0.225     5.378    u_dut/lfnst_gather_q1
                         LUT6 (Prop_LUT6_I5_O)        0.038     5.416 r  u_dut/lfnst_gather_index_q[4]_i_1/O
                         net (fo=5, unplaced)         0.158     5.574    u_dut/lfnst_gather_index_q[4]_i_1_n_0
                         FDCE                                         r  u_dut/lfnst_gather_index_q_reg[0]/CE
  -------------------------------------------------------------------    -------------------

                         (clock clk rise edge)        2.000     2.000 r  
                                                      0.000     2.000 r  clk (IN)
                         net (fo=0)                   0.000     2.000    u_boundary_ibuf/I
                         INBUF (Prop_INBUF_PAD_O)     0.267     2.267 r  u_boundary_ibuf/INBUF_INST/O
                         net (fo=1, unplaced)         0.000     2.267    u_boundary_ibuf/OUT
                         IBUFCTRL (Prop_IBUFCTRL_I_O)
                                                      0.000     2.267 r  u_boundary_ibuf/IBUFCTRL_INST/O
                         net (fo=1, unplaced)         0.133     2.400    clk_ibuf
                         BUFGCE (Prop_BUFGCE_I_O)     0.024     2.424 r  u_boundary_bufg/O
                         net (fo=26835, unplaced)     2.439     4.863    u_dut/clk
                         FDCE                                         r  u_dut/lfnst_gather_index_q_reg[0]/C
                         clock pessimism              0.282     5.145    
                         clock uncertainty           -0.035     5.110    
                         FDCE (Setup_FDCE_C_CE)      -0.061     5.049    u_dut/lfnst_gather_index_q_reg[0]
  -------------------------------------------------------------------
                         required time                          5.049    
                         arrival time                          -5.574    
  -------------------------------------------------------------------
                         slack                                 -0.525    

Slack (VIOLATED) :        -0.525ns  (required time - arrival time)
  Source:                 u_dut/u_unified_p4_kernel/reserved_groups_q_reg[1]/C
                            (rising edge-triggered cell FDCE clocked by clk  {rise@0.000ns fall@1.000ns period=2.000ns})
  Destination:            u_dut/lfnst_gather_index_q_reg[1]/CE
                            (rising edge-triggered cell FDCE clocked by clk  {rise@0.000ns fall@1.000ns period=2.000ns})
  Path Group:             clk
  Path Type:              Setup (Max at Slow Process Corner)
  Requirement:            2.000ns  (clk rise@2.000ns - clk rise@0.000ns)
  Data Path Delay:        2.284ns  (logic 0.494ns (21.629%)  route 1.790ns (78.371%))
  Logic Levels:           8  (LUT3=2 LUT4=1 LUT5=2 LUT6=3)
  Clock Path Skew:        -0.145ns (DCD - SCD + CPR)
    Destination Clock Delay (DCD):    2.863ns = ( 4.863 - 2.000 ) 
    Source Clock Delay      (SCD):    3.290ns
    Clock Pessimism Removal (CPR):    0.282ns
  Clock Uncertainty:      0.035ns  ((TSJ^2 + TIJ^2)^1/2 + DJ) / 2 + PE + UU
    Total System Jitter     (TSJ):    0.071ns
    Total Input Jitter      (TIJ):    0.000ns
    Discrete Jitter          (DJ):    0.000ns
    Phase Error              (PE):    0.000ns
    User Uncertainty         (UU):    0.000ns

    Location             Delay type                Incr(ns)  Path(ns)    Netlist Resource(s)
  -------------------------------------------------------------------    -------------------
                         (clock clk rise edge)        0.000     0.000 r  
                                                      0.000     0.000 r  clk (IN)
                         net (fo=0)                   0.000     0.000    u_boundary_ibuf/I
                         INBUF (Prop_INBUF_PAD_O)     0.517     0.517 r  u_boundary_ibuf/INBUF_INST/O
                         net (fo=1, unplaced)         0.000     0.517    u_boundary_ibuf/OUT
                         IBUFCTRL (Prop_IBUFCTRL_I_O)
                                                      0.000     0.517 r  u_boundary_ibuf/IBUFCTRL_INST/O
                         net (fo=1, unplaced)         0.161     0.678    clk_ibuf
                         BUFGCE (Prop_BUFGCE_I_O)     0.028     0.706 r  u_boundary_bufg/O
                         net (fo=26835, unplaced)     2.584     3.290    u_dut/u_unified_p4_kernel/clk
                         FDCE                                         r  u_dut/u_unified_p4_kernel/reserved_groups_q_reg[1]/C
  -------------------------------------------------------------------    -------------------
                         FDCE (Prop_FDCE_C_Q)         0.078     3.368 r  u_dut/u_unified_p4_kernel/reserved_groups_q_reg[1]/Q
                         net (fo=5, unplaced)         0.172     3.540    u_dut/u_unified_p4_kernel/reserved_groups_q[1]
                         LUT6 (Prop_LUT6_I0_O)        0.150     3.690 r  u_dut/u_unified_p4_kernel/input_group_fire_INST_0_i_8/O
                         net (fo=2, unplaced)         0.186     3.876    u_dut/u_unified_p4_kernel/input_group_fire_INST_0_i_8_n_0
                         LUT3 (Prop_LUT3_I0_O)        0.038     3.914 r  u_dut/u_unified_p4_kernel/input_group_fire_INST_0_i_7/O
                         net (fo=1, unplaced)         0.186     4.100    u_dut/u_unified_p4_kernel/input_group_fire_INST_0_i_7_n_0
                         LUT5 (Prop_LUT5_I2_O)        0.038     4.138 f  u_dut/u_unified_p4_kernel/input_group_fire_INST_0_i_3/O
                         net (fo=1, unplaced)         0.186     4.324    u_dut/u_unified_p4_kernel/input_group_fire_INST_0_i_3_n_0
                         LUT6 (Prop_LUT6_I3_O)        0.038     4.362 r  u_dut/u_unified_p4_kernel/input_group_fire_INST_0_i_1/O
                         net (fo=2, unplaced)         0.186     4.548    u_dut/u_unified_p4_kernel/ingress_valid_q42_in
                         LUT4 (Prop_LUT4_I3_O)        0.038     4.586 r  u_dut/u_unified_p4_kernel/input_group_fire_INST_0/O
                         net (fo=92, unplaced)        0.270     4.856    u_dut/kernel_input_group_fire
                         LUT5 (Prop_LUT5_I1_O)        0.038     4.894 r  u_dut/rd_cmd_bank_mask_q[3]_i_1/O
                         net (fo=11, unplaced)        0.221     5.115    u_dut/rd_cmd_ready
                         LUT3 (Prop_LUT3_I1_O)        0.038     5.153 r  u_dut/lfnst_mem_req_bank_q[1]_i_1/O
                         net (fo=13, unplaced)        0.225     5.378    u_dut/lfnst_gather_q1
                         LUT6 (Prop_LUT6_I5_O)        0.038     5.416 r  u_dut/lfnst_gather_index_q[4]_i_1/O
                         net (fo=5, unplaced)         0.158     5.574    u_dut/lfnst_gather_index_q[4]_i_1_n_0
                         FDCE                                         r  u_dut/lfnst_gather_index_q_reg[1]/CE
  -------------------------------------------------------------------    -------------------

                         (clock clk rise edge)        2.000     2.000 r  
                                                      0.000     2.000 r  clk (IN)
                         net (fo=0)                   0.000     2.000    u_boundary_ibuf/I
                         INBUF (Prop_INBUF_PAD_O)     0.267     2.267 r  u_boundary_ibuf/INBUF_INST/O
                         net (fo=1, unplaced)         0.000     2.267    u_boundary_ibuf/OUT
                         IBUFCTRL (Prop_IBUFCTRL_I_O)
                                                      0.000     2.267 r  u_boundary_ibuf/IBUFCTRL_INST/O
                         net (fo=1, unplaced)         0.133     2.400    clk_ibuf
                         BUFGCE (Prop_BUFGCE_I_O)     0.024     2.424 r  u_boundary_bufg/O
                         net (fo=26835, unplaced)     2.439     4.863    u_dut/clk
                         FDCE                                         r  u_dut/lfnst_gather_index_q_reg[1]/C
                         clock pessimism              0.282     5.145    
                         clock uncertainty           -0.035     5.110    
                         FDCE (Setup_FDCE_C_CE)      -0.061     5.049    u_dut/lfnst_gather_index_q_reg[1]
  -------------------------------------------------------------------
                         required time                          5.049    
                         arrival time                          -5.574    
  -------------------------------------------------------------------
                         slack                                 -0.525    

Slack (VIOLATED) :        -0.525ns  (required time - arrival time)
  Source:                 u_dut/u_unified_p4_kernel/reserved_groups_q_reg[1]/C
                            (rising edge-triggered cell FDCE clocked by clk  {rise@0.000ns fall@1.000ns period=2.000ns})
  Destination:            u_dut/lfnst_gather_index_q_reg[2]/CE
                            (rising edge-triggered cell FDCE clocked by clk  {rise@0.000ns fall@1.000ns period=2.000ns})
  Path Group:             clk
  Path Type:              Setup (Max at Slow Process Corner)
  Requirement:            2.000ns  (clk rise@2.000ns - clk rise@0.000ns)
  Data Path Delay:        2.284ns  (logic 0.494ns (21.629%)  route 1.790ns (78.371%))
  Logic Levels:           8  (LUT3=2 LUT4=1 LUT5=2 LUT6=3)
  Clock Path Skew:        -0.145ns (DCD - SCD + CPR)
    Destination Clock Delay (DCD):    2.863ns = ( 4.863 - 2.000 ) 
    Source Clock Delay      (SCD):    3.290ns
    Clock Pessimism Removal (CPR):    0.282ns
  Clock Uncertainty:      0.035ns  ((TSJ^2 + TIJ^2)^1/2 + DJ) / 2 + PE + UU
    Total System Jitter     (TSJ):    0.071ns
    Total Input Jitter      (TIJ):    0.000ns
    Discrete Jitter          (DJ):    0.000ns
    Phase Error              (PE):    0.000ns
    User Uncertainty         (UU):    0.000ns

    Location             Delay type                Incr(ns)  Path(ns)    Netlist Resource(s)
  -------------------------------------------------------------------    -------------------
                         (clock clk rise edge)        0.000     0.000 r  
                                                      0.000     0.000 r  clk (IN)
                         net (fo=0)                   0.000     0.000    u_boundary_ibuf/I
                         INBUF (Prop_INBUF_PAD_O)     0.517     0.517 r  u_boundary_ibuf/INBUF_INST/O
                         net (fo=1, unplaced)         0.000     0.517    u_boundary_ibuf/OUT
                         IBUFCTRL (Prop_IBUFCTRL_I_O)
                                                      0.000     0.517 r  u_boundary_ibuf/IBUFCTRL_INST/O
                         net (fo=1, unplaced)         0.161     0.678    clk_ibuf
                         BUFGCE (Prop_BUFGCE_I_O)     0.028     0.706 r  u_boundary_bufg/O
                         net (fo=26835, unplaced)     2.584     3.290    u_dut/u_unified_p4_kernel/clk
                         FDCE                                         r  u_dut/u_unified_p4_kernel/reserved_groups_q_reg[1]/C
  -------------------------------------------------------------------    -------------------
                         FDCE (Prop_FDCE_C_Q)         0.078     3.368 r  u_dut/u_unified_p4_kernel/reserved_groups_q_reg[1]/Q
                         net (fo=5, unplaced)         0.172     3.540    u_dut/u_unified_p4_kernel/reserved_groups_q[1]
                         LUT6 (Prop_LUT6_I0_O)        0.150     3.690 r  u_dut/u_unified_p4_kernel/input_group_fire_INST_0_i_8/O
                         net (fo=2, unplaced)         0.186     3.876    u_dut/u_unified_p4_kernel/input_group_fire_INST_0_i_8_n_0
                         LUT3 (Prop_LUT3_I0_O)        0.038     3.914 r  u_dut/u_unified_p4_kernel/input_group_fire_INST_0_i_7/O
                         net (fo=1, unplaced)         0.186     4.100    u_dut/u_unified_p4_kernel/input_group_fire_INST_0_i_7_n_0
                         LUT5 (Prop_LUT5_I2_O)        0.038     4.138 f  u_dut/u_unified_p4_kernel/input_group_fire_INST_0_i_3/O
                         net (fo=1, unplaced)         0.186     4.324    u_dut/u_unified_p4_kernel/input_group_fire_INST_0_i_3_n_0
                         LUT6 (Prop_LUT6_I3_O)        0.038     4.362 r  u_dut/u_unified_p4_kernel/input_group_fire_INST_0_i_1/O
                         net (fo=2, unplaced)         0.186     4.548    u_dut/u_unified_p4_kernel/ingress_valid_q42_in
                         LUT4 (Prop_LUT4_I3_O)        0.038     4.586 r  u_dut/u_unified_p4_kernel/input_group_fire_INST_0/O
                         net (fo=92, unplaced)        0.270     4.856    u_dut/kernel_input_group_fire
                         LUT5 (Prop_LUT5_I1_O)        0.038     4.894 r  u_dut/rd_cmd_bank_mask_q[3]_i_1/O
                         net (fo=11, unplaced)        0.221     5.115    u_dut/rd_cmd_ready
                         LUT3 (Prop_LUT3_I1_O)        0.038     5.153 r  u_dut/lfnst_mem_req_bank_q[1]_i_1/O
                         net (fo=13, unplaced)        0.225     5.378    u_dut/lfnst_gather_q1
                         LUT6 (Prop_LUT6_I5_O)        0.038     5.416 r  u_dut/lfnst_gather_index_q[4]_i_1/O
                         net (fo=5, unplaced)         0.158     5.574    u_dut/lfnst_gather_index_q[4]_i_1_n_0
                         FDCE                                         r  u_dut/lfnst_gather_index_q_reg[2]/CE
  -------------------------------------------------------------------    -------------------

                         (clock clk rise edge)        2.000     2.000 r  
                                                      0.000     2.000 r  clk (IN)
                         net (fo=0)                   0.000     2.000    u_boundary_ibuf/I
                         INBUF (Prop_INBUF_PAD_O)     0.267     2.267 r  u_boundary_ibuf/INBUF_INST/O
                         net (fo=1, unplaced)         0.000     2.267    u_boundary_ibuf/OUT
                         IBUFCTRL (Prop_IBUFCTRL_I_O)
                                                      0.000     2.267 r  u_boundary_ibuf/IBUFCTRL_INST/O
                         net (fo=1, unplaced)         0.133     2.400    clk_ibuf
                         BUFGCE (Prop_BUFGCE_I_O)     0.024     2.424 r  u_boundary_bufg/O
                         net (fo=26835, unplaced)     2.439     4.863    u_dut/clk
                         FDCE                                         r  u_dut/lfnst_gather_index_q_reg[2]/C
                         clock pessimism              0.282     5.145    
                         clock uncertainty           -0.035     5.110    
                         FDCE (Setup_FDCE_C_CE)      -0.061     5.049    u_dut/lfnst_gather_index_q_reg[2]
  -------------------------------------------------------------------
                         required time                          5.049    
                         arrival time                          -5.574    
  -------------------------------------------------------------------
                         slack                                 -0.525    

Slack (VIOLATED) :        -0.525ns  (required time - arrival time)
  Source:                 u_dut/u_unified_p4_kernel/reserved_groups_q_reg[1]/C
                            (rising edge-triggered cell FDCE clocked by clk  {rise@0.000ns fall@1.000ns period=2.000ns})
  Destination:            u_dut/lfnst_gather_index_q_reg[3]/CE
                            (rising edge-triggered cell FDCE clocked by clk  {rise@0.000ns fall@1.000ns period=2.000ns})
  Path Group:             clk
  Path Type:              Setup (Max at Slow Process Corner)
  Requirement:            2.000ns  (clk rise@2.000ns - clk rise@0.000ns)
  Data Path Delay:        2.284ns  (logic 0.494ns (21.629%)  route 1.790ns (78.371%))
  Logic Levels:           8  (LUT3=2 LUT4=1 LUT5=2 LUT6=3)
  Clock Path Skew:        -0.145ns (DCD - SCD + CPR)
    Destination Clock Delay (DCD):    2.863ns = ( 4.863 - 2.000 ) 
    Source Clock Delay      (SCD):    3.290ns
    Clock Pessimism Removal (CPR):    0.282ns
  Clock Uncertainty:      0.035ns  ((TSJ^2 + TIJ^2)^1/2 + DJ) / 2 + PE + UU
    Total System Jitter     (TSJ):    0.071ns
    Total Input Jitter      (TIJ):    0.000ns
    Discrete Jitter          (DJ):    0.000ns
    Phase Error              (PE):    0.000ns
    User Uncertainty         (UU):    0.000ns

    Location             Delay type                Incr(ns)  Path(ns)    Netlist Resource(s)
  -------------------------------------------------------------------    -------------------
                         (clock clk rise edge)        0.000     0.000 r  
                                                      0.000     0.000 r  clk (IN)
                         net (fo=0)                   0.000     0.000    u_boundary_ibuf/I
                         INBUF (Prop_INBUF_PAD_O)     0.517     0.517 r  u_boundary_ibuf/INBUF_INST/O
                         net (fo=1, unplaced)         0.000     0.517    u_boundary_ibuf/OUT
                         IBUFCTRL (Prop_IBUFCTRL_I_O)
                                                      0.000     0.517 r  u_boundary_ibuf/IBUFCTRL_INST/O
                         net (fo=1, unplaced)         0.161     0.678    clk_ibuf
                         BUFGCE (Prop_BUFGCE_I_O)     0.028     0.706 r  u_boundary_bufg/O
                         net (fo=26835, unplaced)     2.584     3.290    u_dut/u_unified_p4_kernel/clk
                         FDCE                                         r  u_dut/u_unified_p4_kernel/reserved_groups_q_reg[1]/C
  -------------------------------------------------------------------    -------------------
                         FDCE (Prop_FDCE_C_Q)         0.078     3.368 r  u_dut/u_unified_p4_kernel/reserved_groups_q_reg[1]/Q
                         net (fo=5, unplaced)         0.172     3.540    u_dut/u_unified_p4_kernel/reserved_groups_q[1]
                         LUT6 (Prop_LUT6_I0_O)        0.150     3.690 r  u_dut/u_unified_p4_kernel/input_group_fire_INST_0_i_8/O
                         net (fo=2, unplaced)         0.186     3.876    u_dut/u_unified_p4_kernel/input_group_fire_INST_0_i_8_n_0
                         LUT3 (Prop_LUT3_I0_O)        0.038     3.914 r  u_dut/u_unified_p4_kernel/input_group_fire_INST_0_i_7/O
                         net (fo=1, unplaced)         0.186     4.100    u_dut/u_unified_p4_kernel/input_group_fire_INST_0_i_7_n_0
                         LUT5 (Prop_LUT5_I2_O)        0.038     4.138 f  u_dut/u_unified_p4_kernel/input_group_fire_INST_0_i_3/O
                         net (fo=1, unplaced)         0.186     4.324    u_dut/u_unified_p4_kernel/input_group_fire_INST_0_i_3_n_0
                         LUT6 (Prop_LUT6_I3_O)        0.038     4.362 r  u_dut/u_unified_p4_kernel/input_group_fire_INST_0_i_1/O
                         net (fo=2, unplaced)         0.186     4.548    u_dut/u_unified_p4_kernel/ingress_valid_q42_in
                         LUT4 (Prop_LUT4_I3_O)        0.038     4.586 r  u_dut/u_unified_p4_kernel/input_group_fire_INST_0/O
                         net (fo=92, unplaced)        0.270     4.856    u_dut/kernel_input_group_fire
                         LUT5 (Prop_LUT5_I1_O)        0.038     4.894 r  u_dut/rd_cmd_bank_mask_q[3]_i_1/O
                         net (fo=11, unplaced)        0.221     5.115    u_dut/rd_cmd_ready
                         LUT3 (Prop_LUT3_I1_O)        0.038     5.153 r  u_dut/lfnst_mem_req_bank_q[1]_i_1/O
                         net (fo=13, unplaced)        0.225     5.378    u_dut/lfnst_gather_q1
                         LUT6 (Prop_LUT6_I5_O)        0.038     5.416 r  u_dut/lfnst_gather_index_q[4]_i_1/O
                         net (fo=5, unplaced)         0.158     5.574    u_dut/lfnst_gather_index_q[4]_i_1_n_0
                         FDCE                                         r  u_dut/lfnst_gather_index_q_reg[3]/CE
  -------------------------------------------------------------------    -------------------

                         (clock clk rise edge)        2.000     2.000 r  
                                                      0.000     2.000 r  clk (IN)
                         net (fo=0)                   0.000     2.000    u_boundary_ibuf/I
                         INBUF (Prop_INBUF_PAD_O)     0.267     2.267 r  u_boundary_ibuf/INBUF_INST/O
                         net (fo=1, unplaced)         0.000     2.267    u_boundary_ibuf/OUT
                         IBUFCTRL (Prop_IBUFCTRL_I_O)
                                                      0.000     2.267 r  u_boundary_ibuf/IBUFCTRL_INST/O
                         net (fo=1, unplaced)         0.133     2.400    clk_ibuf
                         BUFGCE (Prop_BUFGCE_I_O)     0.024     2.424 r  u_boundary_bufg/O
                         net (fo=26835, unplaced)     2.439     4.863    u_dut/clk
                         FDCE                                         r  u_dut/lfnst_gather_index_q_reg[3]/C
                         clock pessimism              0.282     5.145    
                         clock uncertainty           -0.035     5.110    
                         FDCE (Setup_FDCE_C_CE)      -0.061     5.049    u_dut/lfnst_gather_index_q_reg[3]
  -------------------------------------------------------------------
                         required time                          5.049    
                         arrival time                          -5.574    
  -------------------------------------------------------------------
                         slack                                 -0.525    

Slack (VIOLATED) :        -0.525ns  (required time - arrival time)
  Source:                 u_dut/u_unified_p4_kernel/reserved_groups_q_reg[1]/C
                            (rising edge-triggered cell FDCE clocked by clk  {rise@0.000ns fall@1.000ns period=2.000ns})
  Destination:            u_dut/lfnst_gather_index_q_reg[4]/CE
                            (rising edge-triggered cell FDCE clocked by clk  {rise@0.000ns fall@1.000ns period=2.000ns})
  Path Group:             clk
  Path Type:              Setup (Max at Slow Process Corner)
  Requirement:            2.000ns  (clk rise@2.000ns - clk rise@0.000ns)
  Data Path Delay:        2.284ns  (logic 0.494ns (21.629%)  route 1.790ns (78.371%))
  Logic Levels:           8  (LUT3=2 LUT4=1 LUT5=2 LUT6=3)
  Clock Path Skew:        -0.145ns (DCD - SCD + CPR)
    Destination Clock Delay (DCD):    2.863ns = ( 4.863 - 2.000 ) 
    Source Clock Delay      (SCD):    3.290ns
    Clock Pessimism Removal (CPR):    0.282ns
  Clock Uncertainty:      0.035ns  ((TSJ^2 + TIJ^2)^1/2 + DJ) / 2 + PE + UU
    Total System Jitter     (TSJ):    0.071ns
    Total Input Jitter      (TIJ):    0.000ns
    Discrete Jitter          (DJ):    0.000ns
    Phase Error              (PE):    0.000ns
    User Uncertainty         (UU):    0.000ns

    Location             Delay type                Incr(ns)  Path(ns)    Netlist Resource(s)
  -------------------------------------------------------------------    -------------------
                         (clock clk rise edge)        0.000     0.000 r  
                                                      0.000     0.000 r  clk (IN)
                         net (fo=0)                   0.000     0.000    u_boundary_ibuf/I
                         INBUF (Prop_INBUF_PAD_O)     0.517     0.517 r  u_boundary_ibuf/INBUF_INST/O
                         net (fo=1, unplaced)         0.000     0.517    u_boundary_ibuf/OUT
                         IBUFCTRL (Prop_IBUFCTRL_I_O)
                                                      0.000     0.517 r  u_boundary_ibuf/IBUFCTRL_INST/O
                         net (fo=1, unplaced)         0.161     0.678    clk_ibuf
                         BUFGCE (Prop_BUFGCE_I_O)     0.028     0.706 r  u_boundary_bufg/O
                         net (fo=26835, unplaced)     2.584     3.290    u_dut/u_unified_p4_kernel/clk
                         FDCE                                         r  u_dut/u_unified_p4_kernel/reserved_groups_q_reg[1]/C
  -------------------------------------------------------------------    -------------------
                         FDCE (Prop_FDCE_C_Q)         0.078     3.368 r  u_dut/u_unified_p4_kernel/reserved_groups_q_reg[1]/Q
                         net (fo=5, unplaced)         0.172     3.540    u_dut/u_unified_p4_kernel/reserved_groups_q[1]
                         LUT6 (Prop_LUT6_I0_O)        0.150     3.690 r  u_dut/u_unified_p4_kernel/input_group_fire_INST_0_i_8/O
                         net (fo=2, unplaced)         0.186     3.876    u_dut/u_unified_p4_kernel/input_group_fire_INST_0_i_8_n_0
                         LUT3 (Prop_LUT3_I0_O)        0.038     3.914 r  u_dut/u_unified_p4_kernel/input_group_fire_INST_0_i_7/O
                         net (fo=1, unplaced)         0.186     4.100    u_dut/u_unified_p4_kernel/input_group_fire_INST_0_i_7_n_0
                         LUT5 (Prop_LUT5_I2_O)        0.038     4.138 f  u_dut/u_unified_p4_kernel/input_group_fire_INST_0_i_3/O
                         net (fo=1, unplaced)         0.186     4.324    u_dut/u_unified_p4_kernel/input_group_fire_INST_0_i_3_n_0
                         LUT6 (Prop_LUT6_I3_O)        0.038     4.362 r  u_dut/u_unified_p4_kernel/input_group_fire_INST_0_i_1/O
                         net (fo=2, unplaced)         0.186     4.548    u_dut/u_unified_p4_kernel/ingress_valid_q42_in
                         LUT4 (Prop_LUT4_I3_O)        0.038     4.586 r  u_dut/u_unified_p4_kernel/input_group_fire_INST_0/O
                         net (fo=92, unplaced)        0.270     4.856    u_dut/kernel_input_group_fire
                         LUT5 (Prop_LUT5_I1_O)        0.038     4.894 r  u_dut/rd_cmd_bank_mask_q[3]_i_1/O
                         net (fo=11, unplaced)        0.221     5.115    u_dut/rd_cmd_ready
                         LUT3 (Prop_LUT3_I1_O)        0.038     5.153 r  u_dut/lfnst_mem_req_bank_q[1]_i_1/O
                         net (fo=13, unplaced)        0.225     5.378    u_dut/lfnst_gather_q1
                         LUT6 (Prop_LUT6_I5_O)        0.038     5.416 r  u_dut/lfnst_gather_index_q[4]_i_1/O
                         net (fo=5, unplaced)         0.158     5.574    u_dut/lfnst_gather_index_q[4]_i_1_n_0
                         FDCE                                         r  u_dut/lfnst_gather_index_q_reg[4]/CE
  -------------------------------------------------------------------    -------------------

                         (clock clk rise edge)        2.000     2.000 r  
                                                      0.000     2.000 r  clk (IN)
                         net (fo=0)                   0.000     2.000    u_boundary_ibuf/I
                         INBUF (Prop_INBUF_PAD_O)     0.267     2.267 r  u_boundary_ibuf/INBUF_INST/O
                         net (fo=1, unplaced)         0.000     2.267    u_boundary_ibuf/OUT
                         IBUFCTRL (Prop_IBUFCTRL_I_O)
                                                      0.000     2.267 r  u_boundary_ibuf/IBUFCTRL_INST/O
                         net (fo=1, unplaced)         0.133     2.400    clk_ibuf
                         BUFGCE (Prop_BUFGCE_I_O)     0.024     2.424 r  u_boundary_bufg/O
                         net (fo=26835, unplaced)     2.439     4.863    u_dut/clk
                         FDCE                                         r  u_dut/lfnst_gather_index_q_reg[4]/C
                         clock pessimism              0.282     5.145    
                         clock uncertainty           -0.035     5.110    
                         FDCE (Setup_FDCE_C_CE)      -0.061     5.049    u_dut/lfnst_gather_index_q_reg[4]
  -------------------------------------------------------------------
                         required time                          5.049    
                         arrival time                          -5.574    
  -------------------------------------------------------------------
                         slack                                 -0.525    

Slack (VIOLATED) :        -0.486ns  (required time - arrival time)
  Source:                 u_dut/u_unified_p4_kernel/reserved_groups_q_reg[1]/C
                            (rising edge-triggered cell FDCE clocked by clk  {rise@0.000ns fall@1.000ns period=2.000ns})
  Destination:            u_dut/kernel_rd_req_group_q_reg[0]/CE
                            (rising edge-triggered cell FDCE clocked by clk  {rise@0.000ns fall@1.000ns period=2.000ns})
  Path Group:             clk
  Path Type:              Setup (Max at Slow Process Corner)
  Requirement:            2.000ns  (clk rise@2.000ns - clk rise@0.000ns)
  Data Path Delay:        2.245ns  (logic 0.494ns (22.004%)  route 1.751ns (77.996%))
  Logic Levels:           8  (LUT3=1 LUT4=1 LUT5=3 LUT6=3)
  Clock Path Skew:        -0.145ns (DCD - SCD + CPR)
    Destination Clock Delay (DCD):    2.863ns = ( 4.863 - 2.000 ) 
    Source Clock Delay      (SCD):    3.290ns
    Clock Pessimism Removal (CPR):    0.282ns
  Clock Uncertainty:      0.035ns  ((TSJ^2 + TIJ^2)^1/2 + DJ) / 2 + PE + UU
    Total System Jitter     (TSJ):    0.071ns
    Total Input Jitter      (TIJ):    0.000ns
    Discrete Jitter          (DJ):    0.000ns
    Phase Error              (PE):    0.000ns
    User Uncertainty         (UU):    0.000ns

    Location             Delay type                Incr(ns)  Path(ns)    Netlist Resource(s)
  -------------------------------------------------------------------    -------------------
                         (clock clk rise edge)        0.000     0.000 r  
                                                      0.000     0.000 r  clk (IN)
                         net (fo=0)                   0.000     0.000    u_boundary_ibuf/I
                         INBUF (Prop_INBUF_PAD_O)     0.517     0.517 r  u_boundary_ibuf/INBUF_INST/O
                         net (fo=1, unplaced)         0.000     0.517    u_boundary_ibuf/OUT
                         IBUFCTRL (Prop_IBUFCTRL_I_O)
                                                      0.000     0.517 r  u_boundary_ibuf/IBUFCTRL_INST/O
                         net (fo=1, unplaced)         0.161     0.678    clk_ibuf
                         BUFGCE (Prop_BUFGCE_I_O)     0.028     0.706 r  u_boundary_bufg/O
                         net (fo=26835, unplaced)     2.584     3.290    u_dut/u_unified_p4_kernel/clk
                         FDCE                                         r  u_dut/u_unified_p4_kernel/reserved_groups_q_reg[1]/C
  -------------------------------------------------------------------    -------------------
                         FDCE (Prop_FDCE_C_Q)         0.078     3.368 r  u_dut/u_unified_p4_kernel/reserved_groups_q_reg[1]/Q
                         net (fo=5, unplaced)         0.172     3.540    u_dut/u_unified_p4_kernel/reserved_groups_q[1]
                         LUT6 (Prop_LUT6_I0_O)        0.150     3.690 r  u_dut/u_unified_p4_kernel/input_group_fire_INST_0_i_8/O
                         net (fo=2, unplaced)         0.186     3.876    u_dut/u_unified_p4_kernel/input_group_fire_INST_0_i_8_n_0
                         LUT3 (Prop_LUT3_I0_O)        0.038     3.914 r  u_dut/u_unified_p4_kernel/input_group_fire_INST_0_i_7/O
                         net (fo=1, unplaced)         0.186     4.100    u_dut/u_unified_p4_kernel/input_group_fire_INST_0_i_7_n_0
                         LUT5 (Prop_LUT5_I2_O)        0.038     4.138 f  u_dut/u_unified_p4_kernel/input_group_fire_INST_0_i_3/O
                         net (fo=1, unplaced)         0.186     4.324    u_dut/u_unified_p4_kernel/input_group_fire_INST_0_i_3_n_0
                         LUT6 (Prop_LUT6_I3_O)        0.038     4.362 r  u_dut/u_unified_p4_kernel/input_group_fire_INST_0_i_1/O
                         net (fo=2, unplaced)         0.186     4.548    u_dut/u_unified_p4_kernel/ingress_valid_q42_in
                         LUT4 (Prop_LUT4_I3_O)        0.038     4.586 r  u_dut/u_unified_p4_kernel/input_group_fire_INST_0/O
                         net (fo=92, unplaced)        0.270     4.856    u_dut/kernel_input_group_fire
                         LUT5 (Prop_LUT5_I1_O)        0.038     4.894 r  u_dut/rd_cmd_bank_mask_q[3]_i_1/O
                         net (fo=11, unplaced)        0.221     5.115    u_dut/rd_cmd_ready
                         LUT5 (Prop_LUT5_I1_O)        0.038     5.153 f  u_dut/kernel_rd_req_group_q[4]_i_6/O
                         net (fo=1, unplaced)         0.186     5.339    u_dut/kernel_rd_req_group_q[4]_i_6_n_0
                         LUT6 (Prop_LUT6_I3_O)        0.038     5.377 r  u_dut/kernel_rd_req_group_q[4]_i_1/O
                         net (fo=5, unplaced)         0.158     5.535    u_dut/kernel_rd_req_group_q[4]_i_1_n_0
                         FDCE                                         r  u_dut/kernel_rd_req_group_q_reg[0]/CE
  -------------------------------------------------------------------    -------------------

                         (clock clk rise edge)        2.000     2.000 r  
                                                      0.000     2.000 r  clk (IN)
                         net (fo=0)                   0.000     2.000    u_boundary_ibuf/I
                         INBUF (Prop_INBUF_PAD_O)     0.267     2.267 r  u_boundary_ibuf/INBUF_INST/O
                         net (fo=1, unplaced)         0.000     2.267    u_boundary_ibuf/OUT
                         IBUFCTRL (Prop_IBUFCTRL_I_O)
                                                      0.000     2.267 r  u_boundary_ibuf/IBUFCTRL_INST/O
                         net (fo=1, unplaced)         0.133     2.400    clk_ibuf
                         BUFGCE (Prop_BUFGCE_I_O)     0.024     2.424 r  u_boundary_bufg/O
                         net (fo=26835, unplaced)     2.439     4.863    u_dut/clk
                         FDCE                                         r  u_dut/kernel_rd_req_group_q_reg[0]/C
                         clock pessimism              0.282     5.145    
                         clock uncertainty           -0.035     5.110    
                         FDCE (Setup_FDCE_C_CE)      -0.061     5.049    u_dut/kernel_rd_req_group_q_reg[0]
  -------------------------------------------------------------------
                         required time                          5.049    
                         arrival time                          -5.535    
  -------------------------------------------------------------------
                         slack                                 -0.486    

Slack (VIOLATED) :        -0.486ns  (required time - arrival time)
  Source:                 u_dut/u_unified_p4_kernel/reserved_groups_q_reg[1]/C
                            (rising edge-triggered cell FDCE clocked by clk  {rise@0.000ns fall@1.000ns period=2.000ns})
  Destination:            u_dut/kernel_rd_req_group_q_reg[1]/CE
                            (rising edge-triggered cell FDCE clocked by clk  {rise@0.000ns fall@1.000ns period=2.000ns})
  Path Group:             clk
  Path Type:              Setup (Max at Slow Process Corner)
  Requirement:            2.000ns  (clk rise@2.000ns - clk rise@0.000ns)
  Data Path Delay:        2.245ns  (logic 0.494ns (22.004%)  route 1.751ns (77.996%))
  Logic Levels:           8  (LUT3=1 LUT4=1 LUT5=3 LUT6=3)
  Clock Path Skew:        -0.145ns (DCD - SCD + CPR)
    Destination Clock Delay (DCD):    2.863ns = ( 4.863 - 2.000 ) 
    Source Clock Delay      (SCD):    3.290ns
    Clock Pessimism Removal (CPR):    0.282ns
  Clock Uncertainty:      0.035ns  ((TSJ^2 + TIJ^2)^1/2 + DJ) / 2 + PE + UU
    Total System Jitter     (TSJ):    0.071ns
    Total Input Jitter      (TIJ):    0.000ns
    Discrete Jitter          (DJ):    0.000ns
    Phase Error              (PE):    0.000ns
    User Uncertainty         (UU):    0.000ns

    Location             Delay type                Incr(ns)  Path(ns)    Netlist Resource(s)
  -------------------------------------------------------------------    -------------------
                         (clock clk rise edge)        0.000     0.000 r  
                                                      0.000     0.000 r  clk (IN)
                         net (fo=0)                   0.000     0.000    u_boundary_ibuf/I
                         INBUF (Prop_INBUF_PAD_O)     0.517     0.517 r  u_boundary_ibuf/INBUF_INST/O
                         net (fo=1, unplaced)         0.000     0.517    u_boundary_ibuf/OUT
                         IBUFCTRL (Prop_IBUFCTRL_I_O)
                                                      0.000     0.517 r  u_boundary_ibuf/IBUFCTRL_INST/O
                         net (fo=1, unplaced)         0.161     0.678    clk_ibuf
                         BUFGCE (Prop_BUFGCE_I_O)     0.028     0.706 r  u_boundary_bufg/O
                         net (fo=26835, unplaced)     2.584     3.290    u_dut/u_unified_p4_kernel/clk
                         FDCE                                         r  u_dut/u_unified_p4_kernel/reserved_groups_q_reg[1]/C
  -------------------------------------------------------------------    -------------------
                         FDCE (Prop_FDCE_C_Q)         0.078     3.368 r  u_dut/u_unified_p4_kernel/reserved_groups_q_reg[1]/Q
                         net (fo=5, unplaced)         0.172     3.540    u_dut/u_unified_p4_kernel/reserved_groups_q[1]
                         LUT6 (Prop_LUT6_I0_O)        0.150     3.690 r  u_dut/u_unified_p4_kernel/input_group_fire_INST_0_i_8/O
                         net (fo=2, unplaced)         0.186     3.876    u_dut/u_unified_p4_kernel/input_group_fire_INST_0_i_8_n_0
                         LUT3 (Prop_LUT3_I0_O)        0.038     3.914 r  u_dut/u_unified_p4_kernel/input_group_fire_INST_0_i_7/O
                         net (fo=1, unplaced)         0.186     4.100    u_dut/u_unified_p4_kernel/input_group_fire_INST_0_i_7_n_0
                         LUT5 (Prop_LUT5_I2_O)        0.038     4.138 f  u_dut/u_unified_p4_kernel/input_group_fire_INST_0_i_3/O
                         net (fo=1, unplaced)         0.186     4.324    u_dut/u_unified_p4_kernel/input_group_fire_INST_0_i_3_n_0
                         LUT6 (Prop_LUT6_I3_O)        0.038     4.362 r  u_dut/u_unified_p4_kernel/input_group_fire_INST_0_i_1/O
                         net (fo=2, unplaced)         0.186     4.548    u_dut/u_unified_p4_kernel/ingress_valid_q42_in
                         LUT4 (Prop_LUT4_I3_O)        0.038     4.586 r  u_dut/u_unified_p4_kernel/input_group_fire_INST_0/O
                         net (fo=92, unplaced)        0.270     4.856    u_dut/kernel_input_group_fire
                         LUT5 (Prop_LUT5_I1_O)        0.038     4.894 r  u_dut/rd_cmd_bank_mask_q[3]_i_1/O
                         net (fo=11, unplaced)        0.221     5.115    u_dut/rd_cmd_ready
                         LUT5 (Prop_LUT5_I1_O)        0.038     5.153 f  u_dut/kernel_rd_req_group_q[4]_i_6/O
                         net (fo=1, unplaced)         0.186     5.339    u_dut/kernel_rd_req_group_q[4]_i_6_n_0
                         LUT6 (Prop_LUT6_I3_O)        0.038     5.377 r  u_dut/kernel_rd_req_group_q[4]_i_1/O
                         net (fo=5, unplaced)         0.158     5.535    u_dut/kernel_rd_req_group_q[4]_i_1_n_0
                         FDCE                                         r  u_dut/kernel_rd_req_group_q_reg[1]/CE
  -------------------------------------------------------------------    -------------------

                         (clock clk rise edge)        2.000     2.000 r  
                                                      0.000     2.000 r  clk (IN)
                         net (fo=0)                   0.000     2.000    u_boundary_ibuf/I
                         INBUF (Prop_INBUF_PAD_O)     0.267     2.267 r  u_boundary_ibuf/INBUF_INST/O
                         net (fo=1, unplaced)         0.000     2.267    u_boundary_ibuf/OUT
                         IBUFCTRL (Prop_IBUFCTRL_I_O)
                                                      0.000     2.267 r  u_boundary_ibuf/IBUFCTRL_INST/O
                         net (fo=1, unplaced)         0.133     2.400    clk_ibuf
                         BUFGCE (Prop_BUFGCE_I_O)     0.024     2.424 r  u_boundary_bufg/O
                         net (fo=26835, unplaced)     2.439     4.863    u_dut/clk
                         FDCE                                         r  u_dut/kernel_rd_req_group_q_reg[1]/C
                         clock pessimism              0.282     5.145    
                         clock uncertainty           -0.035     5.110    
                         FDCE (Setup_FDCE_C_CE)      -0.061     5.049    u_dut/kernel_rd_req_group_q_reg[1]
  -------------------------------------------------------------------
                         required time                          5.049    
                         arrival time                          -5.535    
  -------------------------------------------------------------------
                         slack                                 -0.486    

Slack (VIOLATED) :        -0.486ns  (required time - arrival time)
  Source:                 u_dut/u_unified_p4_kernel/reserved_groups_q_reg[1]/C
                            (rising edge-triggered cell FDCE clocked by clk  {rise@0.000ns fall@1.000ns period=2.000ns})
  Destination:            u_dut/kernel_rd_req_group_q_reg[2]/CE
                            (rising edge-triggered cell FDCE clocked by clk  {rise@0.000ns fall@1.000ns period=2.000ns})
  Path Group:             clk
  Path Type:              Setup (Max at Slow Process Corner)
  Requirement:            2.000ns  (clk rise@2.000ns - clk rise@0.000ns)
  Data Path Delay:        2.245ns  (logic 0.494ns (22.004%)  route 1.751ns (77.996%))
  Logic Levels:           8  (LUT3=1 LUT4=1 LUT5=3 LUT6=3)
  Clock Path Skew:        -0.145ns (DCD - SCD + CPR)
    Destination Clock Delay (DCD):    2.863ns = ( 4.863 - 2.000 ) 
    Source Clock Delay      (SCD):    3.290ns
    Clock Pessimism Removal (CPR):    0.282ns
  Clock Uncertainty:      0.035ns  ((TSJ^2 + TIJ^2)^1/2 + DJ) / 2 + PE + UU
    Total System Jitter     (TSJ):    0.071ns
    Total Input Jitter      (TIJ):    0.000ns
    Discrete Jitter          (DJ):    0.000ns
    Phase Error              (PE):    0.000ns
    User Uncertainty         (UU):    0.000ns

    Location             Delay type                Incr(ns)  Path(ns)    Netlist Resource(s)
  -------------------------------------------------------------------    -------------------
                         (clock clk rise edge)        0.000     0.000 r  
                                                      0.000     0.000 r  clk (IN)
                         net (fo=0)                   0.000     0.000    u_boundary_ibuf/I
                         INBUF (Prop_INBUF_PAD_O)     0.517     0.517 r  u_boundary_ibuf/INBUF_INST/O
                         net (fo=1, unplaced)         0.000     0.517    u_boundary_ibuf/OUT
                         IBUFCTRL (Prop_IBUFCTRL_I_O)
                                                      0.000     0.517 r  u_boundary_ibuf/IBUFCTRL_INST/O
                         net (fo=1, unplaced)         0.161     0.678    clk_ibuf
                         BUFGCE (Prop_BUFGCE_I_O)     0.028     0.706 r  u_boundary_bufg/O
                         net (fo=26835, unplaced)     2.584     3.290    u_dut/u_unified_p4_kernel/clk
                         FDCE                                         r  u_dut/u_unified_p4_kernel/reserved_groups_q_reg[1]/C
  -------------------------------------------------------------------    -------------------
                         FDCE (Prop_FDCE_C_Q)         0.078     3.368 r  u_dut/u_unified_p4_kernel/reserved_groups_q_reg[1]/Q
                         net (fo=5, unplaced)         0.172     3.540    u_dut/u_unified_p4_kernel/reserved_groups_q[1]
                         LUT6 (Prop_LUT6_I0_O)        0.150     3.690 r  u_dut/u_unified_p4_kernel/input_group_fire_INST_0_i_8/O
                         net (fo=2, unplaced)         0.186     3.876    u_dut/u_unified_p4_kernel/input_group_fire_INST_0_i_8_n_0
                         LUT3 (Prop_LUT3_I0_O)        0.038     3.914 r  u_dut/u_unified_p4_kernel/input_group_fire_INST_0_i_7/O
                         net (fo=1, unplaced)         0.186     4.100    u_dut/u_unified_p4_kernel/input_group_fire_INST_0_i_7_n_0
                         LUT5 (Prop_LUT5_I2_O)        0.038     4.138 f  u_dut/u_unified_p4_kernel/input_group_fire_INST_0_i_3/O
                         net (fo=1, unplaced)         0.186     4.324    u_dut/u_unified_p4_kernel/input_group_fire_INST_0_i_3_n_0
                         LUT6 (Prop_LUT6_I3_O)        0.038     4.362 r  u_dut/u_unified_p4_kernel/input_group_fire_INST_0_i_1/O
                         net (fo=2, unplaced)         0.186     4.548    u_dut/u_unified_p4_kernel/ingress_valid_q42_in
                         LUT4 (Prop_LUT4_I3_O)        0.038     4.586 r  u_dut/u_unified_p4_kernel/input_group_fire_INST_0/O
                         net (fo=92, unplaced)        0.270     4.856    u_dut/kernel_input_group_fire
                         LUT5 (Prop_LUT5_I1_O)        0.038     4.894 r  u_dut/rd_cmd_bank_mask_q[3]_i_1/O
                         net (fo=11, unplaced)        0.221     5.115    u_dut/rd_cmd_ready
                         LUT5 (Prop_LUT5_I1_O)        0.038     5.153 f  u_dut/kernel_rd_req_group_q[4]_i_6/O
                         net (fo=1, unplaced)         0.186     5.339    u_dut/kernel_rd_req_group_q[4]_i_6_n_0
                         LUT6 (Prop_LUT6_I3_O)        0.038     5.377 r  u_dut/kernel_rd_req_group_q[4]_i_1/O
                         net (fo=5, unplaced)         0.158     5.535    u_dut/kernel_rd_req_group_q[4]_i_1_n_0
                         FDCE                                         r  u_dut/kernel_rd_req_group_q_reg[2]/CE
  -------------------------------------------------------------------    -------------------

                         (clock clk rise edge)        2.000     2.000 r  
                                                      0.000     2.000 r  clk (IN)
                         net (fo=0)                   0.000     2.000    u_boundary_ibuf/I
                         INBUF (Prop_INBUF_PAD_O)     0.267     2.267 r  u_boundary_ibuf/INBUF_INST/O
                         net (fo=1, unplaced)         0.000     2.267    u_boundary_ibuf/OUT
                         IBUFCTRL (Prop_IBUFCTRL_I_O)
                                                      0.000     2.267 r  u_boundary_ibuf/IBUFCTRL_INST/O
                         net (fo=1, unplaced)         0.133     2.400    clk_ibuf
                         BUFGCE (Prop_BUFGCE_I_O)     0.024     2.424 r  u_boundary_bufg/O
                         net (fo=26835, unplaced)     2.439     4.863    u_dut/clk
                         FDCE                                         r  u_dut/kernel_rd_req_group_q_reg[2]/C
                         clock pessimism              0.282     5.145    
                         clock uncertainty           -0.035     5.110    
                         FDCE (Setup_FDCE_C_CE)      -0.061     5.049    u_dut/kernel_rd_req_group_q_reg[2]
  -------------------------------------------------------------------
                         required time                          5.049    
                         arrival time                          -5.535    
  -------------------------------------------------------------------
                         slack                                 -0.486    

Slack (VIOLATED) :        -0.486ns  (required time - arrival time)
  Source:                 u_dut/u_unified_p4_kernel/reserved_groups_q_reg[1]/C
                            (rising edge-triggered cell FDCE clocked by clk  {rise@0.000ns fall@1.000ns period=2.000ns})
  Destination:            u_dut/kernel_rd_req_group_q_reg[3]/CE
                            (rising edge-triggered cell FDCE clocked by clk  {rise@0.000ns fall@1.000ns period=2.000ns})
  Path Group:             clk
  Path Type:              Setup (Max at Slow Process Corner)
  Requirement:            2.000ns  (clk rise@2.000ns - clk rise@0.000ns)
  Data Path Delay:        2.245ns  (logic 0.494ns (22.004%)  route 1.751ns (77.996%))
  Logic Levels:           8  (LUT3=1 LUT4=1 LUT5=3 LUT6=3)
  Clock Path Skew:        -0.145ns (DCD - SCD + CPR)
    Destination Clock Delay (DCD):    2.863ns = ( 4.863 - 2.000 ) 
    Source Clock Delay      (SCD):    3.290ns
    Clock Pessimism Removal (CPR):    0.282ns
  Clock Uncertainty:      0.035ns  ((TSJ^2 + TIJ^2)^1/2 + DJ) / 2 + PE + UU
    Total System Jitter     (TSJ):    0.071ns
    Total Input Jitter      (TIJ):    0.000ns
    Discrete Jitter          (DJ):    0.000ns
    Phase Error              (PE):    0.000ns
    User Uncertainty         (UU):    0.000ns

    Location             Delay type                Incr(ns)  Path(ns)    Netlist Resource(s)
  -------------------------------------------------------------------    -------------------
                         (clock clk rise edge)        0.000     0.000 r  
                                                      0.000     0.000 r  clk (IN)
                         net (fo=0)                   0.000     0.000    u_boundary_ibuf/I
                         INBUF (Prop_INBUF_PAD_O)     0.517     0.517 r  u_boundary_ibuf/INBUF_INST/O
                         net (fo=1, unplaced)         0.000     0.517    u_boundary_ibuf/OUT
                         IBUFCTRL (Prop_IBUFCTRL_I_O)
                                                      0.000     0.517 r  u_boundary_ibuf/IBUFCTRL_INST/O
                         net (fo=1, unplaced)         0.161     0.678    clk_ibuf
                         BUFGCE (Prop_BUFGCE_I_O)     0.028     0.706 r  u_boundary_bufg/O
                         net (fo=26835, unplaced)     2.584     3.290    u_dut/u_unified_p4_kernel/clk
                         FDCE                                         r  u_dut/u_unified_p4_kernel/reserved_groups_q_reg[1]/C
  -------------------------------------------------------------------    -------------------
                         FDCE (Prop_FDCE_C_Q)         0.078     3.368 r  u_dut/u_unified_p4_kernel/reserved_groups_q_reg[1]/Q
                         net (fo=5, unplaced)         0.172     3.540    u_dut/u_unified_p4_kernel/reserved_groups_q[1]
                         LUT6 (Prop_LUT6_I0_O)        0.150     3.690 r  u_dut/u_unified_p4_kernel/input_group_fire_INST_0_i_8/O
                         net (fo=2, unplaced)         0.186     3.876    u_dut/u_unified_p4_kernel/input_group_fire_INST_0_i_8_n_0
                         LUT3 (Prop_LUT3_I0_O)        0.038     3.914 r  u_dut/u_unified_p4_kernel/input_group_fire_INST_0_i_7/O
                         net (fo=1, unplaced)         0.186     4.100    u_dut/u_unified_p4_kernel/input_group_fire_INST_0_i_7_n_0
                         LUT5 (Prop_LUT5_I2_O)        0.038     4.138 f  u_dut/u_unified_p4_kernel/input_group_fire_INST_0_i_3/O
                         net (fo=1, unplaced)         0.186     4.324    u_dut/u_unified_p4_kernel/input_group_fire_INST_0_i_3_n_0
                         LUT6 (Prop_LUT6_I3_O)        0.038     4.362 r  u_dut/u_unified_p4_kernel/input_group_fire_INST_0_i_1/O
                         net (fo=2, unplaced)         0.186     4.548    u_dut/u_unified_p4_kernel/ingress_valid_q42_in
                         LUT4 (Prop_LUT4_I3_O)        0.038     4.586 r  u_dut/u_unified_p4_kernel/input_group_fire_INST_0/O
                         net (fo=92, unplaced)        0.270     4.856    u_dut/kernel_input_group_fire
                         LUT5 (Prop_LUT5_I1_O)        0.038     4.894 r  u_dut/rd_cmd_bank_mask_q[3]_i_1/O
                         net (fo=11, unplaced)        0.221     5.115    u_dut/rd_cmd_ready
                         LUT5 (Prop_LUT5_I1_O)        0.038     5.153 f  u_dut/kernel_rd_req_group_q[4]_i_6/O
                         net (fo=1, unplaced)         0.186     5.339    u_dut/kernel_rd_req_group_q[4]_i_6_n_0
                         LUT6 (Prop_LUT6_I3_O)        0.038     5.377 r  u_dut/kernel_rd_req_group_q[4]_i_1/O
                         net (fo=5, unplaced)         0.158     5.535    u_dut/kernel_rd_req_group_q[4]_i_1_n_0
                         FDCE                                         r  u_dut/kernel_rd_req_group_q_reg[3]/CE
  -------------------------------------------------------------------    -------------------

                         (clock clk rise edge)        2.000     2.000 r  
                                                      0.000     2.000 r  clk (IN)
                         net (fo=0)                   0.000     2.000    u_boundary_ibuf/I
                         INBUF (Prop_INBUF_PAD_O)     0.267     2.267 r  u_boundary_ibuf/INBUF_INST/O
                         net (fo=1, unplaced)         0.000     2.267    u_boundary_ibuf/OUT
                         IBUFCTRL (Prop_IBUFCTRL_I_O)
                                                      0.000     2.267 r  u_boundary_ibuf/IBUFCTRL_INST/O
                         net (fo=1, unplaced)         0.133     2.400    clk_ibuf
                         BUFGCE (Prop_BUFGCE_I_O)     0.024     2.424 r  u_boundary_bufg/O
                         net (fo=26835, unplaced)     2.439     4.863    u_dut/clk
                         FDCE                                         r  u_dut/kernel_rd_req_group_q_reg[3]/C
                         clock pessimism              0.282     5.145    
                         clock uncertainty           -0.035     5.110    
                         FDCE (Setup_FDCE_C_CE)      -0.061     5.049    u_dut/kernel_rd_req_group_q_reg[3]
  -------------------------------------------------------------------
                         required time                          5.049    
                         arrival time                          -5.535    
  -------------------------------------------------------------------
                         slack                                 -0.486    

Slack (VIOLATED) :        -0.486ns  (required time - arrival time)
  Source:                 u_dut/u_unified_p4_kernel/reserved_groups_q_reg[1]/C
                            (rising edge-triggered cell FDCE clocked by clk  {rise@0.000ns fall@1.000ns period=2.000ns})
  Destination:            u_dut/kernel_rd_req_group_q_reg[4]/CE
                            (rising edge-triggered cell FDCE clocked by clk  {rise@0.000ns fall@1.000ns period=2.000ns})
  Path Group:             clk
  Path Type:              Setup (Max at Slow Process Corner)
  Requirement:            2.000ns  (clk rise@2.000ns - clk rise@0.000ns)
  Data Path Delay:        2.245ns  (logic 0.494ns (22.004%)  route 1.751ns (77.996%))
  Logic Levels:           8  (LUT3=1 LUT4=1 LUT5=3 LUT6=3)
  Clock Path Skew:        -0.145ns (DCD - SCD + CPR)
    Destination Clock Delay (DCD):    2.863ns = ( 4.863 - 2.000 ) 
    Source Clock Delay      (SCD):    3.290ns
    Clock Pessimism Removal (CPR):    0.282ns
  Clock Uncertainty:      0.035ns  ((TSJ^2 + TIJ^2)^1/2 + DJ) / 2 + PE + UU
    Total System Jitter     (TSJ):    0.071ns
    Total Input Jitter      (TIJ):    0.000ns
    Discrete Jitter          (DJ):    0.000ns
    Phase Error              (PE):    0.000ns
    User Uncertainty         (UU):    0.000ns

    Location             Delay type                Incr(ns)  Path(ns)    Netlist Resource(s)
  -------------------------------------------------------------------    -------------------
                         (clock clk rise edge)        0.000     0.000 r  
                                                      0.000     0.000 r  clk (IN)
                         net (fo=0)                   0.000     0.000    u_boundary_ibuf/I
                         INBUF (Prop_INBUF_PAD_O)     0.517     0.517 r  u_boundary_ibuf/INBUF_INST/O
                         net (fo=1, unplaced)         0.000     0.517    u_boundary_ibuf/OUT
                         IBUFCTRL (Prop_IBUFCTRL_I_O)
                                                      0.000     0.517 r  u_boundary_ibuf/IBUFCTRL_INST/O
                         net (fo=1, unplaced)         0.161     0.678    clk_ibuf
                         BUFGCE (Prop_BUFGCE_I_O)     0.028     0.706 r  u_boundary_bufg/O
                         net (fo=26835, unplaced)     2.584     3.290    u_dut/u_unified_p4_kernel/clk
                         FDCE                                         r  u_dut/u_unified_p4_kernel/reserved_groups_q_reg[1]/C
  -------------------------------------------------------------------    -------------------
                         FDCE (Prop_FDCE_C_Q)         0.078     3.368 r  u_dut/u_unified_p4_kernel/reserved_groups_q_reg[1]/Q
                         net (fo=5, unplaced)         0.172     3.540    u_dut/u_unified_p4_kernel/reserved_groups_q[1]
                         LUT6 (Prop_LUT6_I0_O)        0.150     3.690 r  u_dut/u_unified_p4_kernel/input_group_fire_INST_0_i_8/O
                         net (fo=2, unplaced)         0.186     3.876    u_dut/u_unified_p4_kernel/input_group_fire_INST_0_i_8_n_0
                         LUT3 (Prop_LUT3_I0_O)        0.038     3.914 r  u_dut/u_unified_p4_kernel/input_group_fire_INST_0_i_7/O
                         net (fo=1, unplaced)         0.186     4.100    u_dut/u_unified_p4_kernel/input_group_fire_INST_0_i_7_n_0
                         LUT5 (Prop_LUT5_I2_O)        0.038     4.138 f  u_dut/u_unified_p4_kernel/input_group_fire_INST_0_i_3/O
                         net (fo=1, unplaced)         0.186     4.324    u_dut/u_unified_p4_kernel/input_group_fire_INST_0_i_3_n_0
                         LUT6 (Prop_LUT6_I3_O)        0.038     4.362 r  u_dut/u_unified_p4_kernel/input_group_fire_INST_0_i_1/O
                         net (fo=2, unplaced)         0.186     4.548    u_dut/u_unified_p4_kernel/ingress_valid_q42_in
                         LUT4 (Prop_LUT4_I3_O)        0.038     4.586 r  u_dut/u_unified_p4_kernel/input_group_fire_INST_0/O
                         net (fo=92, unplaced)        0.270     4.856    u_dut/kernel_input_group_fire
                         LUT5 (Prop_LUT5_I1_O)        0.038     4.894 r  u_dut/rd_cmd_bank_mask_q[3]_i_1/O
                         net (fo=11, unplaced)        0.221     5.115    u_dut/rd_cmd_ready
                         LUT5 (Prop_LUT5_I1_O)        0.038     5.153 f  u_dut/kernel_rd_req_group_q[4]_i_6/O
                         net (fo=1, unplaced)         0.186     5.339    u_dut/kernel_rd_req_group_q[4]_i_6_n_0
                         LUT6 (Prop_LUT6_I3_O)        0.038     5.377 r  u_dut/kernel_rd_req_group_q[4]_i_1/O
                         net (fo=5, unplaced)         0.158     5.535    u_dut/kernel_rd_req_group_q[4]_i_1_n_0
                         FDCE                                         r  u_dut/kernel_rd_req_group_q_reg[4]/CE
  -------------------------------------------------------------------    -------------------

                         (clock clk rise edge)        2.000     2.000 r  
                                                      0.000     2.000 r  clk (IN)
                         net (fo=0)                   0.000     2.000    u_boundary_ibuf/I
                         INBUF (Prop_INBUF_PAD_O)     0.267     2.267 r  u_boundary_ibuf/INBUF_INST/O
                         net (fo=1, unplaced)         0.000     2.267    u_boundary_ibuf/OUT
                         IBUFCTRL (Prop_IBUFCTRL_I_O)
                                                      0.000     2.267 r  u_boundary_ibuf/IBUFCTRL_INST/O
                         net (fo=1, unplaced)         0.133     2.400    clk_ibuf
                         BUFGCE (Prop_BUFGCE_I_O)     0.024     2.424 r  u_boundary_bufg/O
                         net (fo=26835, unplaced)     2.439     4.863    u_dut/clk
                         FDCE                                         r  u_dut/kernel_rd_req_group_q_reg[4]/C
                         clock pessimism              0.282     5.145    
                         clock uncertainty           -0.035     5.110    
                         FDCE (Setup_FDCE_C_CE)      -0.061     5.049    u_dut/kernel_rd_req_group_q_reg[4]
  -------------------------------------------------------------------
                         required time                          5.049    
                         arrival time                          -5.535    
  -------------------------------------------------------------------
                         slack                                 -0.486    

Slack (VIOLATED) :        -0.463ns  (required time - arrival time)
  Source:                 u_dut/u_unified_p4_kernel/reserved_groups_q_reg[1]/C
                            (rising edge-triggered cell FDCE clocked by clk  {rise@0.000ns fall@1.000ns period=2.000ns})
  Destination:            u_dut/kernel_feed_group_q_reg[0]/CE
                            (rising edge-triggered cell FDCE clocked by clk  {rise@0.000ns fall@1.000ns period=2.000ns})
  Path Group:             clk
  Path Type:              Setup (Max at Slow Process Corner)
  Requirement:            2.000ns  (clk rise@2.000ns - clk rise@0.000ns)
  Data Path Delay:        2.222ns  (logic 0.494ns (22.232%)  route 1.728ns (77.768%))
  Logic Levels:           8  (LUT3=1 LUT4=1 LUT5=1 LUT6=5)
  Clock Path Skew:        -0.145ns (DCD - SCD + CPR)
    Destination Clock Delay (DCD):    2.863ns = ( 4.863 - 2.000 ) 
    Source Clock Delay      (SCD):    3.290ns
    Clock Pessimism Removal (CPR):    0.282ns
  Clock Uncertainty:      0.035ns  ((TSJ^2 + TIJ^2)^1/2 + DJ) / 2 + PE + UU
    Total System Jitter     (TSJ):    0.071ns
    Total Input Jitter      (TIJ):    0.000ns
    Discrete Jitter          (DJ):    0.000ns
    Phase Error              (PE):    0.000ns
    User Uncertainty         (UU):    0.000ns

    Location             Delay type                Incr(ns)  Path(ns)    Netlist Resource(s)
  -------------------------------------------------------------------    -------------------
                         (clock clk rise edge)        0.000     0.000 r  
                                                      0.000     0.000 r  clk (IN)
                         net (fo=0)                   0.000     0.000    u_boundary_ibuf/I
                         INBUF (Prop_INBUF_PAD_O)     0.517     0.517 r  u_boundary_ibuf/INBUF_INST/O
                         net (fo=1, unplaced)         0.000     0.517    u_boundary_ibuf/OUT
                         IBUFCTRL (Prop_IBUFCTRL_I_O)
                                                      0.000     0.517 r  u_boundary_ibuf/IBUFCTRL_INST/O
                         net (fo=1, unplaced)         0.161     0.678    clk_ibuf
                         BUFGCE (Prop_BUFGCE_I_O)     0.028     0.706 r  u_boundary_bufg/O
                         net (fo=26835, unplaced)     2.584     3.290    u_dut/u_unified_p4_kernel/clk
                         FDCE                                         r  u_dut/u_unified_p4_kernel/reserved_groups_q_reg[1]/C
  -------------------------------------------------------------------    -------------------
                         FDCE (Prop_FDCE_C_Q)         0.078     3.368 r  u_dut/u_unified_p4_kernel/reserved_groups_q_reg[1]/Q
                         net (fo=5, unplaced)         0.172     3.540    u_dut/u_unified_p4_kernel/reserved_groups_q[1]
                         LUT6 (Prop_LUT6_I0_O)        0.150     3.690 r  u_dut/u_unified_p4_kernel/input_group_fire_INST_0_i_8/O
                         net (fo=2, unplaced)         0.186     3.876    u_dut/u_unified_p4_kernel/input_group_fire_INST_0_i_8_n_0
                         LUT3 (Prop_LUT3_I0_O)        0.038     3.914 r  u_dut/u_unified_p4_kernel/input_group_fire_INST_0_i_7/O
                         net (fo=1, unplaced)         0.186     4.100    u_dut/u_unified_p4_kernel/input_group_fire_INST_0_i_7_n_0
                         LUT5 (Prop_LUT5_I2_O)        0.038     4.138 f  u_dut/u_unified_p4_kernel/input_group_fire_INST_0_i_3/O
                         net (fo=1, unplaced)         0.186     4.324    u_dut/u_unified_p4_kernel/input_group_fire_INST_0_i_3_n_0
                         LUT6 (Prop_LUT6_I3_O)        0.038     4.362 r  u_dut/u_unified_p4_kernel/input_group_fire_INST_0_i_1/O
                         net (fo=2, unplaced)         0.186     4.548    u_dut/u_unified_p4_kernel/ingress_valid_q42_in
                         LUT4 (Prop_LUT4_I3_O)        0.038     4.586 r  u_dut/u_unified_p4_kernel/input_group_fire_INST_0/O
                         net (fo=92, unplaced)        0.270     4.856    u_dut/kernel_input_group_fire
                         LUT6 (Prop_LUT6_I4_O)        0.038     4.894 r  u_dut/kernel_feed_group_q[4]_i_11/O
                         net (fo=4, unplaced)         0.198     5.092    u_dut/kernel_feed_group_q[4]_i_11_n_0
                         LUT6 (Prop_LUT6_I1_O)        0.038     5.130 r  u_dut/kernel_feed_group_q[4]_i_4/O
                         net (fo=1, unplaced)         0.186     5.316    u_dut/kernel_feed_group_q[4]_i_4_n_0
                         LUT6 (Prop_LUT6_I1_O)        0.038     5.354 r  u_dut/kernel_feed_group_q[4]_i_1/O
                         net (fo=5, unplaced)         0.158     5.512    u_dut/kernel_feed_group_q[4]_i_1_n_0
                         FDCE                                         r  u_dut/kernel_feed_group_q_reg[0]/CE
  -------------------------------------------------------------------    -------------------

                         (clock clk rise edge)        2.000     2.000 r  
                                                      0.000     2.000 r  clk (IN)
                         net (fo=0)                   0.000     2.000    u_boundary_ibuf/I
                         INBUF (Prop_INBUF_PAD_O)     0.267     2.267 r  u_boundary_ibuf/INBUF_INST/O
                         net (fo=1, unplaced)         0.000     2.267    u_boundary_ibuf/OUT
                         IBUFCTRL (Prop_IBUFCTRL_I_O)
                                                      0.000     2.267 r  u_boundary_ibuf/IBUFCTRL_INST/O
                         net (fo=1, unplaced)         0.133     2.400    clk_ibuf
                         BUFGCE (Prop_BUFGCE_I_O)     0.024     2.424 r  u_boundary_bufg/O
                         net (fo=26835, unplaced)     2.439     4.863    u_dut/clk
                         FDCE                                         r  u_dut/kernel_feed_group_q_reg[0]/C
                         clock pessimism              0.282     5.145    
                         clock uncertainty           -0.035     5.110    
                         FDCE (Setup_FDCE_C_CE)      -0.061     5.049    u_dut/kernel_feed_group_q_reg[0]
  -------------------------------------------------------------------
                         required time                          5.049    
                         arrival time                          -5.512    
  -------------------------------------------------------------------
                         slack                                 -0.463    

Slack (VIOLATED) :        -0.463ns  (required time - arrival time)
  Source:                 u_dut/u_unified_p4_kernel/reserved_groups_q_reg[1]/C
                            (rising edge-triggered cell FDCE clocked by clk  {rise@0.000ns fall@1.000ns period=2.000ns})
  Destination:            u_dut/kernel_feed_group_q_reg[1]/CE
                            (rising edge-triggered cell FDCE clocked by clk  {rise@0.000ns fall@1.000ns period=2.000ns})
  Path Group:             clk
  Path Type:              Setup (Max at Slow Process Corner)
  Requirement:            2.000ns  (clk rise@2.000ns - clk rise@0.000ns)
  Data Path Delay:        2.222ns  (logic 0.494ns (22.232%)  route 1.728ns (77.768%))
  Logic Levels:           8  (LUT3=1 LUT4=1 LUT5=1 LUT6=5)
  Clock Path Skew:        -0.145ns (DCD - SCD + CPR)
    Destination Clock Delay (DCD):    2.863ns = ( 4.863 - 2.000 ) 
    Source Clock Delay      (SCD):    3.290ns
    Clock Pessimism Removal (CPR):    0.282ns
  Clock Uncertainty:      0.035ns  ((TSJ^2 + TIJ^2)^1/2 + DJ) / 2 + PE + UU
    Total System Jitter     (TSJ):    0.071ns
    Total Input Jitter      (TIJ):    0.000ns
    Discrete Jitter          (DJ):    0.000ns
    Phase Error              (PE):    0.000ns
    User Uncertainty         (UU):    0.000ns

    Location             Delay type                Incr(ns)  Path(ns)    Netlist Resource(s)
  -------------------------------------------------------------------    -------------------
                         (clock clk rise edge)        0.000     0.000 r  
                                                      0.000     0.000 r  clk (IN)
                         net (fo=0)                   0.000     0.000    u_boundary_ibuf/I
                         INBUF (Prop_INBUF_PAD_O)     0.517     0.517 r  u_boundary_ibuf/INBUF_INST/O
                         net (fo=1, unplaced)         0.000     0.517    u_boundary_ibuf/OUT
                         IBUFCTRL (Prop_IBUFCTRL_I_O)
                                                      0.000     0.517 r  u_boundary_ibuf/IBUFCTRL_INST/O
                         net (fo=1, unplaced)         0.161     0.678    clk_ibuf
                         BUFGCE (Prop_BUFGCE_I_O)     0.028     0.706 r  u_boundary_bufg/O
                         net (fo=26835, unplaced)     2.584     3.290    u_dut/u_unified_p4_kernel/clk
                         FDCE                                         r  u_dut/u_unified_p4_kernel/reserved_groups_q_reg[1]/C
  -------------------------------------------------------------------    -------------------
                         FDCE (Prop_FDCE_C_Q)         0.078     3.368 r  u_dut/u_unified_p4_kernel/reserved_groups_q_reg[1]/Q
                         net (fo=5, unplaced)         0.172     3.540    u_dut/u_unified_p4_kernel/reserved_groups_q[1]
                         LUT6 (Prop_LUT6_I0_O)        0.150     3.690 r  u_dut/u_unified_p4_kernel/input_group_fire_INST_0_i_8/O
                         net (fo=2, unplaced)         0.186     3.876    u_dut/u_unified_p4_kernel/input_group_fire_INST_0_i_8_n_0
                         LUT3 (Prop_LUT3_I0_O)        0.038     3.914 r  u_dut/u_unified_p4_kernel/input_group_fire_INST_0_i_7/O
                         net (fo=1, unplaced)         0.186     4.100    u_dut/u_unified_p4_kernel/input_group_fire_INST_0_i_7_n_0
                         LUT5 (Prop_LUT5_I2_O)        0.038     4.138 f  u_dut/u_unified_p4_kernel/input_group_fire_INST_0_i_3/O
                         net (fo=1, unplaced)         0.186     4.324    u_dut/u_unified_p4_kernel/input_group_fire_INST_0_i_3_n_0
                         LUT6 (Prop_LUT6_I3_O)        0.038     4.362 r  u_dut/u_unified_p4_kernel/input_group_fire_INST_0_i_1/O
                         net (fo=2, unplaced)         0.186     4.548    u_dut/u_unified_p4_kernel/ingress_valid_q42_in
                         LUT4 (Prop_LUT4_I3_O)        0.038     4.586 r  u_dut/u_unified_p4_kernel/input_group_fire_INST_0/O
                         net (fo=92, unplaced)        0.270     4.856    u_dut/kernel_input_group_fire
                         LUT6 (Prop_LUT6_I4_O)        0.038     4.894 r  u_dut/kernel_feed_group_q[4]_i_11/O
                         net (fo=4, unplaced)         0.198     5.092    u_dut/kernel_feed_group_q[4]_i_11_n_0
                         LUT6 (Prop_LUT6_I1_O)        0.038     5.130 r  u_dut/kernel_feed_group_q[4]_i_4/O
                         net (fo=1, unplaced)         0.186     5.316    u_dut/kernel_feed_group_q[4]_i_4_n_0
                         LUT6 (Prop_LUT6_I1_O)        0.038     5.354 r  u_dut/kernel_feed_group_q[4]_i_1/O
                         net (fo=5, unplaced)         0.158     5.512    u_dut/kernel_feed_group_q[4]_i_1_n_0
                         FDCE                                         r  u_dut/kernel_feed_group_q_reg[1]/CE
  -------------------------------------------------------------------    -------------------

                         (clock clk rise edge)        2.000     2.000 r  
                                                      0.000     2.000 r  clk (IN)
                         net (fo=0)                   0.000     2.000    u_boundary_ibuf/I
                         INBUF (Prop_INBUF_PAD_O)     0.267     2.267 r  u_boundary_ibuf/INBUF_INST/O
                         net (fo=1, unplaced)         0.000     2.267    u_boundary_ibuf/OUT
                         IBUFCTRL (Prop_IBUFCTRL_I_O)
                                                      0.000     2.267 r  u_boundary_ibuf/IBUFCTRL_INST/O
                         net (fo=1, unplaced)         0.133     2.400    clk_ibuf
                         BUFGCE (Prop_BUFGCE_I_O)     0.024     2.424 r  u_boundary_bufg/O
                         net (fo=26835, unplaced)     2.439     4.863    u_dut/clk
                         FDCE                                         r  u_dut/kernel_feed_group_q_reg[1]/C
                         clock pessimism              0.282     5.145    
                         clock uncertainty           -0.035     5.110    
                         FDCE (Setup_FDCE_C_CE)      -0.061     5.049    u_dut/kernel_feed_group_q_reg[1]
  -------------------------------------------------------------------
                         required time                          5.049    
                         arrival time                          -5.512    
  -------------------------------------------------------------------
                         slack                                 -0.463    

Slack (VIOLATED) :        -0.463ns  (required time - arrival time)
  Source:                 u_dut/u_unified_p4_kernel/reserved_groups_q_reg[1]/C
                            (rising edge-triggered cell FDCE clocked by clk  {rise@0.000ns fall@1.000ns period=2.000ns})
  Destination:            u_dut/kernel_feed_group_q_reg[2]/CE
                            (rising edge-triggered cell FDCE clocked by clk  {rise@0.000ns fall@1.000ns period=2.000ns})
  Path Group:             clk
  Path Type:              Setup (Max at Slow Process Corner)
  Requirement:            2.000ns  (clk rise@2.000ns - clk rise@0.000ns)
  Data Path Delay:        2.222ns  (logic 0.494ns (22.232%)  route 1.728ns (77.768%))
  Logic Levels:           8  (LUT3=1 LUT4=1 LUT5=1 LUT6=5)
  Clock Path Skew:        -0.145ns (DCD - SCD + CPR)
    Destination Clock Delay (DCD):    2.863ns = ( 4.863 - 2.000 ) 
    Source Clock Delay      (SCD):    3.290ns
    Clock Pessimism Removal (CPR):    0.282ns
  Clock Uncertainty:      0.035ns  ((TSJ^2 + TIJ^2)^1/2 + DJ) / 2 + PE + UU
    Total System Jitter     (TSJ):    0.071ns
    Total Input Jitter      (TIJ):    0.000ns
    Discrete Jitter          (DJ):    0.000ns
    Phase Error              (PE):    0.000ns
    User Uncertainty         (UU):    0.000ns

    Location             Delay type                Incr(ns)  Path(ns)    Netlist Resource(s)
  -------------------------------------------------------------------    -------------------
                         (clock clk rise edge)        0.000     0.000 r  
                                                      0.000     0.000 r  clk (IN)
                         net (fo=0)                   0.000     0.000    u_boundary_ibuf/I
                         INBUF (Prop_INBUF_PAD_O)     0.517     0.517 r  u_boundary_ibuf/INBUF_INST/O
                         net (fo=1, unplaced)         0.000     0.517    u_boundary_ibuf/OUT
                         IBUFCTRL (Prop_IBUFCTRL_I_O)
                                                      0.000     0.517 r  u_boundary_ibuf/IBUFCTRL_INST/O
                         net (fo=1, unplaced)         0.161     0.678    clk_ibuf
                         BUFGCE (Prop_BUFGCE_I_O)     0.028     0.706 r  u_boundary_bufg/O
                         net (fo=26835, unplaced)     2.584     3.290    u_dut/u_unified_p4_kernel/clk
                         FDCE                                         r  u_dut/u_unified_p4_kernel/reserved_groups_q_reg[1]/C
  -------------------------------------------------------------------    -------------------
                         FDCE (Prop_FDCE_C_Q)         0.078     3.368 r  u_dut/u_unified_p4_kernel/reserved_groups_q_reg[1]/Q
                         net (fo=5, unplaced)         0.172     3.540    u_dut/u_unified_p4_kernel/reserved_groups_q[1]
                         LUT6 (Prop_LUT6_I0_O)        0.150     3.690 r  u_dut/u_unified_p4_kernel/input_group_fire_INST_0_i_8/O
                         net (fo=2, unplaced)         0.186     3.876    u_dut/u_unified_p4_kernel/input_group_fire_INST_0_i_8_n_0
                         LUT3 (Prop_LUT3_I0_O)        0.038     3.914 r  u_dut/u_unified_p4_kernel/input_group_fire_INST_0_i_7/O
                         net (fo=1, unplaced)         0.186     4.100    u_dut/u_unified_p4_kernel/input_group_fire_INST_0_i_7_n_0
                         LUT5 (Prop_LUT5_I2_O)        0.038     4.138 f  u_dut/u_unified_p4_kernel/input_group_fire_INST_0_i_3/O
                         net (fo=1, unplaced)         0.186     4.324    u_dut/u_unified_p4_kernel/input_group_fire_INST_0_i_3_n_0
                         LUT6 (Prop_LUT6_I3_O)        0.038     4.362 r  u_dut/u_unified_p4_kernel/input_group_fire_INST_0_i_1/O
                         net (fo=2, unplaced)         0.186     4.548    u_dut/u_unified_p4_kernel/ingress_valid_q42_in
                         LUT4 (Prop_LUT4_I3_O)        0.038     4.586 r  u_dut/u_unified_p4_kernel/input_group_fire_INST_0/O
                         net (fo=92, unplaced)        0.270     4.856    u_dut/kernel_input_group_fire
                         LUT6 (Prop_LUT6_I4_O)        0.038     4.894 r  u_dut/kernel_feed_group_q[4]_i_11/O
                         net (fo=4, unplaced)         0.198     5.092    u_dut/kernel_feed_group_q[4]_i_11_n_0
                         LUT6 (Prop_LUT6_I1_O)        0.038     5.130 r  u_dut/kernel_feed_group_q[4]_i_4/O
                         net (fo=1, unplaced)         0.186     5.316    u_dut/kernel_feed_group_q[4]_i_4_n_0
                         LUT6 (Prop_LUT6_I1_O)        0.038     5.354 r  u_dut/kernel_feed_group_q[4]_i_1/O
                         net (fo=5, unplaced)         0.158     5.512    u_dut/kernel_feed_group_q[4]_i_1_n_0
                         FDCE                                         r  u_dut/kernel_feed_group_q_reg[2]/CE
  -------------------------------------------------------------------    -------------------

                         (clock clk rise edge)        2.000     2.000 r  
                                                      0.000     2.000 r  clk (IN)
                         net (fo=0)                   0.000     2.000    u_boundary_ibuf/I
                         INBUF (Prop_INBUF_PAD_O)     0.267     2.267 r  u_boundary_ibuf/INBUF_INST/O
                         net (fo=1, unplaced)         0.000     2.267    u_boundary_ibuf/OUT
                         IBUFCTRL (Prop_IBUFCTRL_I_O)
                                                      0.000     2.267 r  u_boundary_ibuf/IBUFCTRL_INST/O
                         net (fo=1, unplaced)         0.133     2.400    clk_ibuf
                         BUFGCE (Prop_BUFGCE_I_O)     0.024     2.424 r  u_boundary_bufg/O
                         net (fo=26835, unplaced)     2.439     4.863    u_dut/clk
                         FDCE                                         r  u_dut/kernel_feed_group_q_reg[2]/C
                         clock pessimism              0.282     5.145    
                         clock uncertainty           -0.035     5.110    
                         FDCE (Setup_FDCE_C_CE)      -0.061     5.049    u_dut/kernel_feed_group_q_reg[2]
  -------------------------------------------------------------------
                         required time                          5.049    
                         arrival time                          -5.512    
  -------------------------------------------------------------------
                         slack                                 -0.463    

Slack (VIOLATED) :        -0.463ns  (required time - arrival time)
  Source:                 u_dut/u_unified_p4_kernel/reserved_groups_q_reg[1]/C
                            (rising edge-triggered cell FDCE clocked by clk  {rise@0.000ns fall@1.000ns period=2.000ns})
  Destination:            u_dut/kernel_feed_group_q_reg[3]/CE
                            (rising edge-triggered cell FDCE clocked by clk  {rise@0.000ns fall@1.000ns period=2.000ns})
  Path Group:             clk
  Path Type:              Setup (Max at Slow Process Corner)
  Requirement:            2.000ns  (clk rise@2.000ns - clk rise@0.000ns)
  Data Path Delay:        2.222ns  (logic 0.494ns (22.232%)  route 1.728ns (77.768%))
  Logic Levels:           8  (LUT3=1 LUT4=1 LUT5=1 LUT6=5)
  Clock Path Skew:        -0.145ns (DCD - SCD + CPR)
    Destination Clock Delay (DCD):    2.863ns = ( 4.863 - 2.000 ) 
    Source Clock Delay      (SCD):    3.290ns
    Clock Pessimism Removal (CPR):    0.282ns
  Clock Uncertainty:      0.035ns  ((TSJ^2 + TIJ^2)^1/2 + DJ) / 2 + PE + UU
    Total System Jitter     (TSJ):    0.071ns
    Total Input Jitter      (TIJ):    0.000ns
    Discrete Jitter          (DJ):    0.000ns
    Phase Error              (PE):    0.000ns
    User Uncertainty         (UU):    0.000ns

    Location             Delay type                Incr(ns)  Path(ns)    Netlist Resource(s)
  -------------------------------------------------------------------    -------------------
                         (clock clk rise edge)        0.000     0.000 r  
                                                      0.000     0.000 r  clk (IN)
                         net (fo=0)                   0.000     0.000    u_boundary_ibuf/I
                         INBUF (Prop_INBUF_PAD_O)     0.517     0.517 r  u_boundary_ibuf/INBUF_INST/O
                         net (fo=1, unplaced)         0.000     0.517    u_boundary_ibuf/OUT
                         IBUFCTRL (Prop_IBUFCTRL_I_O)
                                                      0.000     0.517 r  u_boundary_ibuf/IBUFCTRL_INST/O
                         net (fo=1, unplaced)         0.161     0.678    clk_ibuf
                         BUFGCE (Prop_BUFGCE_I_O)     0.028     0.706 r  u_boundary_bufg/O
                         net (fo=26835, unplaced)     2.584     3.290    u_dut/u_unified_p4_kernel/clk
                         FDCE                                         r  u_dut/u_unified_p4_kernel/reserved_groups_q_reg[1]/C
  -------------------------------------------------------------------    -------------------
                         FDCE (Prop_FDCE_C_Q)         0.078     3.368 r  u_dut/u_unified_p4_kernel/reserved_groups_q_reg[1]/Q
                         net (fo=5, unplaced)         0.172     3.540    u_dut/u_unified_p4_kernel/reserved_groups_q[1]
                         LUT6 (Prop_LUT6_I0_O)        0.150     3.690 r  u_dut/u_unified_p4_kernel/input_group_fire_INST_0_i_8/O
                         net (fo=2, unplaced)         0.186     3.876    u_dut/u_unified_p4_kernel/input_group_fire_INST_0_i_8_n_0
                         LUT3 (Prop_LUT3_I0_O)        0.038     3.914 r  u_dut/u_unified_p4_kernel/input_group_fire_INST_0_i_7/O
                         net (fo=1, unplaced)         0.186     4.100    u_dut/u_unified_p4_kernel/input_group_fire_INST_0_i_7_n_0
                         LUT5 (Prop_LUT5_I2_O)        0.038     4.138 f  u_dut/u_unified_p4_kernel/input_group_fire_INST_0_i_3/O
                         net (fo=1, unplaced)         0.186     4.324    u_dut/u_unified_p4_kernel/input_group_fire_INST_0_i_3_n_0
                         LUT6 (Prop_LUT6_I3_O)        0.038     4.362 r  u_dut/u_unified_p4_kernel/input_group_fire_INST_0_i_1/O
                         net (fo=2, unplaced)         0.186     4.548    u_dut/u_unified_p4_kernel/ingress_valid_q42_in
                         LUT4 (Prop_LUT4_I3_O)        0.038     4.586 r  u_dut/u_unified_p4_kernel/input_group_fire_INST_0/O
                         net (fo=92, unplaced)        0.270     4.856    u_dut/kernel_input_group_fire
                         LUT6 (Prop_LUT6_I4_O)        0.038     4.894 r  u_dut/kernel_feed_group_q[4]_i_11/O
                         net (fo=4, unplaced)         0.198     5.092    u_dut/kernel_feed_group_q[4]_i_11_n_0
                         LUT6 (Prop_LUT6_I1_O)        0.038     5.130 r  u_dut/kernel_feed_group_q[4]_i_4/O
                         net (fo=1, unplaced)         0.186     5.316    u_dut/kernel_feed_group_q[4]_i_4_n_0
                         LUT6 (Prop_LUT6_I1_O)        0.038     5.354 r  u_dut/kernel_feed_group_q[4]_i_1/O
                         net (fo=5, unplaced)         0.158     5.512    u_dut/kernel_feed_group_q[4]_i_1_n_0
                         FDCE                                         r  u_dut/kernel_feed_group_q_reg[3]/CE
  -------------------------------------------------------------------    -------------------

                         (clock clk rise edge)        2.000     2.000 r  
                                                      0.000     2.000 r  clk (IN)
                         net (fo=0)                   0.000     2.000    u_boundary_ibuf/I
                         INBUF (Prop_INBUF_PAD_O)     0.267     2.267 r  u_boundary_ibuf/INBUF_INST/O
                         net (fo=1, unplaced)         0.000     2.267    u_boundary_ibuf/OUT
                         IBUFCTRL (Prop_IBUFCTRL_I_O)
                                                      0.000     2.267 r  u_boundary_ibuf/IBUFCTRL_INST/O
                         net (fo=1, unplaced)         0.133     2.400    clk_ibuf
                         BUFGCE (Prop_BUFGCE_I_O)     0.024     2.424 r  u_boundary_bufg/O
                         net (fo=26835, unplaced)     2.439     4.863    u_dut/clk
                         FDCE                                         r  u_dut/kernel_feed_group_q_reg[3]/C
                         clock pessimism              0.282     5.145    
                         clock uncertainty           -0.035     5.110    
                         FDCE (Setup_FDCE_C_CE)      -0.061     5.049    u_dut/kernel_feed_group_q_reg[3]
  -------------------------------------------------------------------
                         required time                          5.049    
                         arrival time                          -5.512    
  -------------------------------------------------------------------
                         slack                                 -0.463    

Slack (VIOLATED) :        -0.463ns  (required time - arrival time)
  Source:                 u_dut/u_unified_p4_kernel/reserved_groups_q_reg[1]/C
                            (rising edge-triggered cell FDCE clocked by clk  {rise@0.000ns fall@1.000ns period=2.000ns})
  Destination:            u_dut/kernel_feed_group_q_reg[4]/CE
                            (rising edge-triggered cell FDCE clocked by clk  {rise@0.000ns fall@1.000ns period=2.000ns})
  Path Group:             clk
  Path Type:              Setup (Max at Slow Process Corner)
  Requirement:            2.000ns  (clk rise@2.000ns - clk rise@0.000ns)
  Data Path Delay:        2.222ns  (logic 0.494ns (22.232%)  route 1.728ns (77.768%))
  Logic Levels:           8  (LUT3=1 LUT4=1 LUT5=1 LUT6=5)
  Clock Path Skew:        -0.145ns (DCD - SCD + CPR)
    Destination Clock Delay (DCD):    2.863ns = ( 4.863 - 2.000 ) 
    Source Clock Delay      (SCD):    3.290ns
    Clock Pessimism Removal (CPR):    0.282ns
  Clock Uncertainty:      0.035ns  ((TSJ^2 + TIJ^2)^1/2 + DJ) / 2 + PE + UU
    Total System Jitter     (TSJ):    0.071ns
    Total Input Jitter      (TIJ):    0.000ns
    Discrete Jitter          (DJ):    0.000ns
    Phase Error              (PE):    0.000ns
    User Uncertainty         (UU):    0.000ns

    Location             Delay type                Incr(ns)  Path(ns)    Netlist Resource(s)
  -------------------------------------------------------------------    -------------------
                         (clock clk rise edge)        0.000     0.000 r  
                                                      0.000     0.000 r  clk (IN)
                         net (fo=0)                   0.000     0.000    u_boundary_ibuf/I
                         INBUF (Prop_INBUF_PAD_O)     0.517     0.517 r  u_boundary_ibuf/INBUF_INST/O
                         net (fo=1, unplaced)         0.000     0.517    u_boundary_ibuf/OUT
                         IBUFCTRL (Prop_IBUFCTRL_I_O)
                                                      0.000     0.517 r  u_boundary_ibuf/IBUFCTRL_INST/O
                         net (fo=1, unplaced)         0.161     0.678    clk_ibuf
                         BUFGCE (Prop_BUFGCE_I_O)     0.028     0.706 r  u_boundary_bufg/O
                         net (fo=26835, unplaced)     2.584     3.290    u_dut/u_unified_p4_kernel/clk
                         FDCE                                         r  u_dut/u_unified_p4_kernel/reserved_groups_q_reg[1]/C
  -------------------------------------------------------------------    -------------------
                         FDCE (Prop_FDCE_C_Q)         0.078     3.368 r  u_dut/u_unified_p4_kernel/reserved_groups_q_reg[1]/Q
                         net (fo=5, unplaced)         0.172     3.540    u_dut/u_unified_p4_kernel/reserved_groups_q[1]
                         LUT6 (Prop_LUT6_I0_O)        0.150     3.690 r  u_dut/u_unified_p4_kernel/input_group_fire_INST_0_i_8/O
                         net (fo=2, unplaced)         0.186     3.876    u_dut/u_unified_p4_kernel/input_group_fire_INST_0_i_8_n_0
                         LUT3 (Prop_LUT3_I0_O)        0.038     3.914 r  u_dut/u_unified_p4_kernel/input_group_fire_INST_0_i_7/O
                         net (fo=1, unplaced)         0.186     4.100    u_dut/u_unified_p4_kernel/input_group_fire_INST_0_i_7_n_0
                         LUT5 (Prop_LUT5_I2_O)        0.038     4.138 f  u_dut/u_unified_p4_kernel/input_group_fire_INST_0_i_3/O
                         net (fo=1, unplaced)         0.186     4.324    u_dut/u_unified_p4_kernel/input_group_fire_INST_0_i_3_n_0
                         LUT6 (Prop_LUT6_I3_O)        0.038     4.362 r  u_dut/u_unified_p4_kernel/input_group_fire_INST_0_i_1/O
                         net (fo=2, unplaced)         0.186     4.548    u_dut/u_unified_p4_kernel/ingress_valid_q42_in
                         LUT4 (Prop_LUT4_I3_O)        0.038     4.586 r  u_dut/u_unified_p4_kernel/input_group_fire_INST_0/O
                         net (fo=92, unplaced)        0.270     4.856    u_dut/kernel_input_group_fire
                         LUT6 (Prop_LUT6_I4_O)        0.038     4.894 r  u_dut/kernel_feed_group_q[4]_i_11/O
                         net (fo=4, unplaced)         0.198     5.092    u_dut/kernel_feed_group_q[4]_i_11_n_0
                         LUT6 (Prop_LUT6_I1_O)        0.038     5.130 r  u_dut/kernel_feed_group_q[4]_i_4/O
                         net (fo=1, unplaced)         0.186     5.316    u_dut/kernel_feed_group_q[4]_i_4_n_0
                         LUT6 (Prop_LUT6_I1_O)        0.038     5.354 r  u_dut/kernel_feed_group_q[4]_i_1/O
                         net (fo=5, unplaced)         0.158     5.512    u_dut/kernel_feed_group_q[4]_i_1_n_0
                         FDCE                                         r  u_dut/kernel_feed_group_q_reg[4]/CE
  -------------------------------------------------------------------    -------------------

                         (clock clk rise edge)        2.000     2.000 r  
                                                      0.000     2.000 r  clk (IN)
                         net (fo=0)                   0.000     2.000    u_boundary_ibuf/I
                         INBUF (Prop_INBUF_PAD_O)     0.267     2.267 r  u_boundary_ibuf/INBUF_INST/O
                         net (fo=1, unplaced)         0.000     2.267    u_boundary_ibuf/OUT
                         IBUFCTRL (Prop_IBUFCTRL_I_O)
                                                      0.000     2.267 r  u_boundary_ibuf/IBUFCTRL_INST/O
                         net (fo=1, unplaced)         0.133     2.400    clk_ibuf
                         BUFGCE (Prop_BUFGCE_I_O)     0.024     2.424 r  u_boundary_bufg/O
                         net (fo=26835, unplaced)     2.439     4.863    u_dut/clk
                         FDCE                                         r  u_dut/kernel_feed_group_q_reg[4]/C
                         clock pessimism              0.282     5.145    
                         clock uncertainty           -0.035     5.110    
                         FDCE (Setup_FDCE_C_CE)      -0.061     5.049    u_dut/kernel_feed_group_q_reg[4]
  -------------------------------------------------------------------
                         required time                          5.049    
                         arrival time                          -5.512    
  -------------------------------------------------------------------
                         slack                                 -0.463    

Slack (VIOLATED) :        -0.370ns  (required time - arrival time)
  Source:                 u_dut/u_unified_p4_kernel/reserved_groups_q_reg[1]/C
                            (rising edge-triggered cell FDCE clocked by clk  {rise@0.000ns fall@1.000ns period=2.000ns})
  Destination:            u_dut/rd_cmd_bank_mask_q_reg[0]/D
                            (rising edge-triggered cell FDCE clocked by clk  {rise@0.000ns fall@1.000ns period=2.000ns})
  Path Group:             clk
  Path Type:              Setup (Max at Slow Process Corner)
  Requirement:            2.000ns  (clk rise@2.000ns - clk rise@0.000ns)
  Data Path Delay:        2.215ns  (logic 0.494ns (22.302%)  route 1.721ns (77.698%))
  Logic Levels:           8  (LUT3=1 LUT4=2 LUT5=2 LUT6=3)
  Clock Path Skew:        -0.145ns (DCD - SCD + CPR)
    Destination Clock Delay (DCD):    2.863ns = ( 4.863 - 2.000 ) 
    Source Clock Delay      (SCD):    3.290ns
    Clock Pessimism Removal (CPR):    0.282ns
  Clock Uncertainty:      0.035ns  ((TSJ^2 + TIJ^2)^1/2 + DJ) / 2 + PE + UU
    Total System Jitter     (TSJ):    0.071ns
    Total Input Jitter      (TIJ):    0.000ns
    Discrete Jitter          (DJ):    0.000ns
    Phase Error              (PE):    0.000ns
    User Uncertainty         (UU):    0.000ns

    Location             Delay type                Incr(ns)  Path(ns)    Netlist Resource(s)
  -------------------------------------------------------------------    -------------------
                         (clock clk rise edge)        0.000     0.000 r  
                                                      0.000     0.000 r  clk (IN)
                         net (fo=0)                   0.000     0.000    u_boundary_ibuf/I
                         INBUF (Prop_INBUF_PAD_O)     0.517     0.517 r  u_boundary_ibuf/INBUF_INST/O
                         net (fo=1, unplaced)         0.000     0.517    u_boundary_ibuf/OUT
                         IBUFCTRL (Prop_IBUFCTRL_I_O)
                                                      0.000     0.517 r  u_boundary_ibuf/IBUFCTRL_INST/O
                         net (fo=1, unplaced)         0.161     0.678    clk_ibuf
                         BUFGCE (Prop_BUFGCE_I_O)     0.028     0.706 r  u_boundary_bufg/O
                         net (fo=26835, unplaced)     2.584     3.290    u_dut/u_unified_p4_kernel/clk
                         FDCE                                         r  u_dut/u_unified_p4_kernel/reserved_groups_q_reg[1]/C
  -------------------------------------------------------------------    -------------------
                         FDCE (Prop_FDCE_C_Q)         0.078     3.368 r  u_dut/u_unified_p4_kernel/reserved_groups_q_reg[1]/Q
                         net (fo=5, unplaced)         0.172     3.540    u_dut/u_unified_p4_kernel/reserved_groups_q[1]
                         LUT6 (Prop_LUT6_I0_O)        0.150     3.690 r  u_dut/u_unified_p4_kernel/input_group_fire_INST_0_i_8/O
                         net (fo=2, unplaced)         0.186     3.876    u_dut/u_unified_p4_kernel/input_group_fire_INST_0_i_8_n_0
                         LUT3 (Prop_LUT3_I0_O)        0.038     3.914 r  u_dut/u_unified_p4_kernel/input_group_fire_INST_0_i_7/O
                         net (fo=1, unplaced)         0.186     4.100    u_dut/u_unified_p4_kernel/input_group_fire_INST_0_i_7_n_0
                         LUT5 (Prop_LUT5_I2_O)        0.038     4.138 f  u_dut/u_unified_p4_kernel/input_group_fire_INST_0_i_3/O
                         net (fo=1, unplaced)         0.186     4.324    u_dut/u_unified_p4_kernel/input_group_fire_INST_0_i_3_n_0
                         LUT6 (Prop_LUT6_I3_O)        0.038     4.362 r  u_dut/u_unified_p4_kernel/input_group_fire_INST_0_i_1/O
                         net (fo=2, unplaced)         0.186     4.548    u_dut/u_unified_p4_kernel/ingress_valid_q42_in
                         LUT4 (Prop_LUT4_I3_O)        0.038     4.586 r  u_dut/u_unified_p4_kernel/input_group_fire_INST_0/O
                         net (fo=92, unplaced)        0.270     4.856    u_dut/kernel_input_group_fire
                         LUT5 (Prop_LUT5_I1_O)        0.038     4.894 r  u_dut/rd_cmd_bank_mask_q[3]_i_1/O
                         net (fo=11, unplaced)        0.221     5.115    u_dut/rd_cmd_ready
                         LUT6 (Prop_LUT6_I0_O)        0.038     5.153 r  u_dut/rd_cmd_group_q[4]_i_1/O
                         net (fo=79, unplaced)        0.266     5.419    u_dut/rd_cmd_accept
                         LUT4 (Prop_LUT4_I0_O)        0.038     5.457 r  u_dut/rd_cmd_bank_mask_q[0]_i_1/O
                         net (fo=1, unplaced)         0.048     5.505    u_dut/rd_cmd_bank_mask_q[0]_i_1_n_0
                         FDCE                                         r  u_dut/rd_cmd_bank_mask_q_reg[0]/D
  -------------------------------------------------------------------    -------------------

                         (clock clk rise edge)        2.000     2.000 r  
                                                      0.000     2.000 r  clk (IN)
                         net (fo=0)                   0.000     2.000    u_boundary_ibuf/I
                         INBUF (Prop_INBUF_PAD_O)     0.267     2.267 r  u_boundary_ibuf/INBUF_INST/O
                         net (fo=1, unplaced)         0.000     2.267    u_boundary_ibuf/OUT
                         IBUFCTRL (Prop_IBUFCTRL_I_O)
                                                      0.000     2.267 r  u_boundary_ibuf/IBUFCTRL_INST/O
                         net (fo=1, unplaced)         0.133     2.400    clk_ibuf
                         BUFGCE (Prop_BUFGCE_I_O)     0.024     2.424 r  u_boundary_bufg/O
                         net (fo=26835, unplaced)     2.439     4.863    u_dut/clk
                         FDCE                                         r  u_dut/rd_cmd_bank_mask_q_reg[0]/C
                         clock pessimism              0.282     5.145    
                         clock uncertainty           -0.035     5.110    
                         FDCE (Setup_FDCE_C_D)        0.025     5.135    u_dut/rd_cmd_bank_mask_q_reg[0]
  -------------------------------------------------------------------
                         required time                          5.135    
                         arrival time                          -5.505    
  -------------------------------------------------------------------
                         slack                                 -0.370    

Slack (VIOLATED) :        -0.370ns  (required time - arrival time)
  Source:                 u_dut/u_unified_p4_kernel/reserved_groups_q_reg[1]/C
                            (rising edge-triggered cell FDCE clocked by clk  {rise@0.000ns fall@1.000ns period=2.000ns})
  Destination:            u_dut/rd_cmd_bank_mask_q_reg[1]/D
                            (rising edge-triggered cell FDCE clocked by clk  {rise@0.000ns fall@1.000ns period=2.000ns})
  Path Group:             clk
  Path Type:              Setup (Max at Slow Process Corner)
  Requirement:            2.000ns  (clk rise@2.000ns - clk rise@0.000ns)
  Data Path Delay:        2.215ns  (logic 0.494ns (22.302%)  route 1.721ns (77.698%))
  Logic Levels:           8  (LUT3=1 LUT4=1 LUT5=3 LUT6=3)
  Clock Path Skew:        -0.145ns (DCD - SCD + CPR)
    Destination Clock Delay (DCD):    2.863ns = ( 4.863 - 2.000 ) 
    Source Clock Delay      (SCD):    3.290ns
    Clock Pessimism Removal (CPR):    0.282ns
  Clock Uncertainty:      0.035ns  ((TSJ^2 + TIJ^2)^1/2 + DJ) / 2 + PE + UU
    Total System Jitter     (TSJ):    0.071ns
    Total Input Jitter      (TIJ):    0.000ns
    Discrete Jitter          (DJ):    0.000ns
    Phase Error              (PE):    0.000ns
    User Uncertainty         (UU):    0.000ns

    Location             Delay type                Incr(ns)  Path(ns)    Netlist Resource(s)
  -------------------------------------------------------------------    -------------------
                         (clock clk rise edge)        0.000     0.000 r  
                                                      0.000     0.000 r  clk (IN)
                         net (fo=0)                   0.000     0.000    u_boundary_ibuf/I
                         INBUF (Prop_INBUF_PAD_O)     0.517     0.517 r  u_boundary_ibuf/INBUF_INST/O
                         net (fo=1, unplaced)         0.000     0.517    u_boundary_ibuf/OUT
                         IBUFCTRL (Prop_IBUFCTRL_I_O)
                                                      0.000     0.517 r  u_boundary_ibuf/IBUFCTRL_INST/O
                         net (fo=1, unplaced)         0.161     0.678    clk_ibuf
                         BUFGCE (Prop_BUFGCE_I_O)     0.028     0.706 r  u_boundary_bufg/O
                         net (fo=26835, unplaced)     2.584     3.290    u_dut/u_unified_p4_kernel/clk
                         FDCE                                         r  u_dut/u_unified_p4_kernel/reserved_groups_q_reg[1]/C
  -------------------------------------------------------------------    -------------------
                         FDCE (Prop_FDCE_C_Q)         0.078     3.368 r  u_dut/u_unified_p4_kernel/reserved_groups_q_reg[1]/Q
                         net (fo=5, unplaced)         0.172     3.540    u_dut/u_unified_p4_kernel/reserved_groups_q[1]
                         LUT6 (Prop_LUT6_I0_O)        0.150     3.690 r  u_dut/u_unified_p4_kernel/input_group_fire_INST_0_i_8/O
                         net (fo=2, unplaced)         0.186     3.876    u_dut/u_unified_p4_kernel/input_group_fire_INST_0_i_8_n_0
                         LUT3 (Prop_LUT3_I0_O)        0.038     3.914 r  u_dut/u_unified_p4_kernel/input_group_fire_INST_0_i_7/O
                         net (fo=1, unplaced)         0.186     4.100    u_dut/u_unified_p4_kernel/input_group_fire_INST_0_i_7_n_0
                         LUT5 (Prop_LUT5_I2_O)        0.038     4.138 f  u_dut/u_unified_p4_kernel/input_group_fire_INST_0_i_3/O
                         net (fo=1, unplaced)         0.186     4.324    u_dut/u_unified_p4_kernel/input_group_fire_INST_0_i_3_n_0
                         LUT6 (Prop_LUT6_I3_O)        0.038     4.362 r  u_dut/u_unified_p4_kernel/input_group_fire_INST_0_i_1/O
                         net (fo=2, unplaced)         0.186     4.548    u_dut/u_unified_p4_kernel/ingress_valid_q42_in
                         LUT4 (Prop_LUT4_I3_O)        0.038     4.586 r  u_dut/u_unified_p4_kernel/input_group_fire_INST_0/O
                         net (fo=92, unplaced)        0.270     4.856    u_dut/kernel_input_group_fire
                         LUT5 (Prop_LUT5_I1_O)        0.038     4.894 r  u_dut/rd_cmd_bank_mask_q[3]_i_1/O
                         net (fo=11, unplaced)        0.221     5.115    u_dut/rd_cmd_ready
                         LUT6 (Prop_LUT6_I0_O)        0.038     5.153 r  u_dut/rd_cmd_group_q[4]_i_1/O
                         net (fo=79, unplaced)        0.266     5.419    u_dut/rd_cmd_accept
                         LUT5 (Prop_LUT5_I0_O)        0.038     5.457 r  u_dut/rd_cmd_bank_mask_q[1]_i_1/O
                         net (fo=1, unplaced)         0.048     5.505    u_dut/rd_cmd_bank_mask_q[1]_i_1_n_0
                         FDCE                                         r  u_dut/rd_cmd_bank_mask_q_reg[1]/D
  -------------------------------------------------------------------    -------------------

                         (clock clk rise edge)        2.000     2.000 r  
                                                      0.000     2.000 r  clk (IN)
                         net (fo=0)                   0.000     2.000    u_boundary_ibuf/I
                         INBUF (Prop_INBUF_PAD_O)     0.267     2.267 r  u_boundary_ibuf/INBUF_INST/O
                         net (fo=1, unplaced)         0.000     2.267    u_boundary_ibuf/OUT
                         IBUFCTRL (Prop_IBUFCTRL_I_O)
                                                      0.000     2.267 r  u_boundary_ibuf/IBUFCTRL_INST/O
                         net (fo=1, unplaced)         0.133     2.400    clk_ibuf
                         BUFGCE (Prop_BUFGCE_I_O)     0.024     2.424 r  u_boundary_bufg/O
                         net (fo=26835, unplaced)     2.439     4.863    u_dut/clk
                         FDCE                                         r  u_dut/rd_cmd_bank_mask_q_reg[1]/C
                         clock pessimism              0.282     5.145    
                         clock uncertainty           -0.035     5.110    
                         FDCE (Setup_FDCE_C_D)        0.025     5.135    u_dut/rd_cmd_bank_mask_q_reg[1]
  -------------------------------------------------------------------
                         required time                          5.135    
                         arrival time                          -5.505    
  -------------------------------------------------------------------
                         slack                                 -0.370    

Slack (VIOLATED) :        -0.370ns  (required time - arrival time)
  Source:                 u_dut/u_unified_p4_kernel/reserved_groups_q_reg[1]/C
                            (rising edge-triggered cell FDCE clocked by clk  {rise@0.000ns fall@1.000ns period=2.000ns})
  Destination:            u_dut/rd_cmd_bank_mask_q_reg[2]/D
                            (rising edge-triggered cell FDCE clocked by clk  {rise@0.000ns fall@1.000ns period=2.000ns})
  Path Group:             clk
  Path Type:              Setup (Max at Slow Process Corner)
  Requirement:            2.000ns  (clk rise@2.000ns - clk rise@0.000ns)
  Data Path Delay:        2.215ns  (logic 0.494ns (22.302%)  route 1.721ns (77.698%))
  Logic Levels:           8  (LUT3=1 LUT4=1 LUT5=3 LUT6=3)
  Clock Path Skew:        -0.145ns (DCD - SCD + CPR)
    Destination Clock Delay (DCD):    2.863ns = ( 4.863 - 2.000 ) 
    Source Clock Delay      (SCD):    3.290ns
    Clock Pessimism Removal (CPR):    0.282ns
  Clock Uncertainty:      0.035ns  ((TSJ^2 + TIJ^2)^1/2 + DJ) / 2 + PE + UU
    Total System Jitter     (TSJ):    0.071ns
    Total Input Jitter      (TIJ):    0.000ns
    Discrete Jitter          (DJ):    0.000ns
    Phase Error              (PE):    0.000ns
    User Uncertainty         (UU):    0.000ns

    Location             Delay type                Incr(ns)  Path(ns)    Netlist Resource(s)
  -------------------------------------------------------------------    -------------------
                         (clock clk rise edge)        0.000     0.000 r  
                                                      0.000     0.000 r  clk (IN)
                         net (fo=0)                   0.000     0.000    u_boundary_ibuf/I
                         INBUF (Prop_INBUF_PAD_O)     0.517     0.517 r  u_boundary_ibuf/INBUF_INST/O
                         net (fo=1, unplaced)         0.000     0.517    u_boundary_ibuf/OUT
                         IBUFCTRL (Prop_IBUFCTRL_I_O)
                                                      0.000     0.517 r  u_boundary_ibuf/IBUFCTRL_INST/O
                         net (fo=1, unplaced)         0.161     0.678    clk_ibuf
                         BUFGCE (Prop_BUFGCE_I_O)     0.028     0.706 r  u_boundary_bufg/O
                         net (fo=26835, unplaced)     2.584     3.290    u_dut/u_unified_p4_kernel/clk
                         FDCE                                         r  u_dut/u_unified_p4_kernel/reserved_groups_q_reg[1]/C
  -------------------------------------------------------------------    -------------------
                         FDCE (Prop_FDCE_C_Q)         0.078     3.368 r  u_dut/u_unified_p4_kernel/reserved_groups_q_reg[1]/Q
                         net (fo=5, unplaced)         0.172     3.540    u_dut/u_unified_p4_kernel/reserved_groups_q[1]
                         LUT6 (Prop_LUT6_I0_O)        0.150     3.690 r  u_dut/u_unified_p4_kernel/input_group_fire_INST_0_i_8/O
                         net (fo=2, unplaced)         0.186     3.876    u_dut/u_unified_p4_kernel/input_group_fire_INST_0_i_8_n_0
                         LUT3 (Prop_LUT3_I0_O)        0.038     3.914 r  u_dut/u_unified_p4_kernel/input_group_fire_INST_0_i_7/O
                         net (fo=1, unplaced)         0.186     4.100    u_dut/u_unified_p4_kernel/input_group_fire_INST_0_i_7_n_0
                         LUT5 (Prop_LUT5_I2_O)        0.038     4.138 f  u_dut/u_unified_p4_kernel/input_group_fire_INST_0_i_3/O
                         net (fo=1, unplaced)         0.186     4.324    u_dut/u_unified_p4_kernel/input_group_fire_INST_0_i_3_n_0
                         LUT6 (Prop_LUT6_I3_O)        0.038     4.362 r  u_dut/u_unified_p4_kernel/input_group_fire_INST_0_i_1/O
                         net (fo=2, unplaced)         0.186     4.548    u_dut/u_unified_p4_kernel/ingress_valid_q42_in
                         LUT4 (Prop_LUT4_I3_O)        0.038     4.586 r  u_dut/u_unified_p4_kernel/input_group_fire_INST_0/O
                         net (fo=92, unplaced)        0.270     4.856    u_dut/kernel_input_group_fire
                         LUT5 (Prop_LUT5_I1_O)        0.038     4.894 r  u_dut/rd_cmd_bank_mask_q[3]_i_1/O
                         net (fo=11, unplaced)        0.221     5.115    u_dut/rd_cmd_ready
                         LUT6 (Prop_LUT6_I0_O)        0.038     5.153 r  u_dut/rd_cmd_group_q[4]_i_1/O
                         net (fo=79, unplaced)        0.266     5.419    u_dut/rd_cmd_accept
                         LUT5 (Prop_LUT5_I0_O)        0.038     5.457 r  u_dut/rd_cmd_bank_mask_q[2]_i_1/O
                         net (fo=1, unplaced)         0.048     5.505    u_dut/rd_cmd_bank_mask_q[2]_i_1_n_0
                         FDCE                                         r  u_dut/rd_cmd_bank_mask_q_reg[2]/D
  -------------------------------------------------------------------    -------------------

                         (clock clk rise edge)        2.000     2.000 r  
                                                      0.000     2.000 r  clk (IN)
                         net (fo=0)                   0.000     2.000    u_boundary_ibuf/I
                         INBUF (Prop_INBUF_PAD_O)     0.267     2.267 r  u_boundary_ibuf/INBUF_INST/O
                         net (fo=1, unplaced)         0.000     2.267    u_boundary_ibuf/OUT
                         IBUFCTRL (Prop_IBUFCTRL_I_O)
                                                      0.000     2.267 r  u_boundary_ibuf/IBUFCTRL_INST/O
                         net (fo=1, unplaced)         0.133     2.400    clk_ibuf
                         BUFGCE (Prop_BUFGCE_I_O)     0.024     2.424 r  u_boundary_bufg/O
                         net (fo=26835, unplaced)     2.439     4.863    u_dut/clk
                         FDCE                                         r  u_dut/rd_cmd_bank_mask_q_reg[2]/C
                         clock pessimism              0.282     5.145    
                         clock uncertainty           -0.035     5.110    
                         FDCE (Setup_FDCE_C_D)        0.025     5.135    u_dut/rd_cmd_bank_mask_q_reg[2]
  -------------------------------------------------------------------
                         required time                          5.135    
                         arrival time                          -5.505    
  -------------------------------------------------------------------
                         slack                                 -0.370    

Slack (VIOLATED) :        -0.370ns  (required time - arrival time)
  Source:                 u_dut/u_unified_p4_kernel/reserved_groups_q_reg[1]/C
                            (rising edge-triggered cell FDCE clocked by clk  {rise@0.000ns fall@1.000ns period=2.000ns})
  Destination:            u_dut/rd_cmd_bank_mask_q_reg[3]/D
                            (rising edge-triggered cell FDCE clocked by clk  {rise@0.000ns fall@1.000ns period=2.000ns})
  Path Group:             clk
  Path Type:              Setup (Max at Slow Process Corner)
  Requirement:            2.000ns  (clk rise@2.000ns - clk rise@0.000ns)
  Data Path Delay:        2.215ns  (logic 0.494ns (22.302%)  route 1.721ns (77.698%))
  Logic Levels:           8  (LUT3=1 LUT4=1 LUT5=3 LUT6=3)
  Clock Path Skew:        -0.145ns (DCD - SCD + CPR)
    Destination Clock Delay (DCD):    2.863ns = ( 4.863 - 2.000 ) 
    Source Clock Delay      (SCD):    3.290ns
    Clock Pessimism Removal (CPR):    0.282ns
  Clock Uncertainty:      0.035ns  ((TSJ^2 + TIJ^2)^1/2 + DJ) / 2 + PE + UU
    Total System Jitter     (TSJ):    0.071ns
    Total Input Jitter      (TIJ):    0.000ns
    Discrete Jitter          (DJ):    0.000ns
    Phase Error              (PE):    0.000ns
    User Uncertainty         (UU):    0.000ns

    Location             Delay type                Incr(ns)  Path(ns)    Netlist Resource(s)
  -------------------------------------------------------------------    -------------------
                         (clock clk rise edge)        0.000     0.000 r  
                                                      0.000     0.000 r  clk (IN)
                         net (fo=0)                   0.000     0.000    u_boundary_ibuf/I
                         INBUF (Prop_INBUF_PAD_O)     0.517     0.517 r  u_boundary_ibuf/INBUF_INST/O
                         net (fo=1, unplaced)         0.000     0.517    u_boundary_ibuf/OUT
                         IBUFCTRL (Prop_IBUFCTRL_I_O)
                                                      0.000     0.517 r  u_boundary_ibuf/IBUFCTRL_INST/O
                         net (fo=1, unplaced)         0.161     0.678    clk_ibuf
                         BUFGCE (Prop_BUFGCE_I_O)     0.028     0.706 r  u_boundary_bufg/O
                         net (fo=26835, unplaced)     2.584     3.290    u_dut/u_unified_p4_kernel/clk
                         FDCE                                         r  u_dut/u_unified_p4_kernel/reserved_groups_q_reg[1]/C
  -------------------------------------------------------------------    -------------------
                         FDCE (Prop_FDCE_C_Q)         0.078     3.368 r  u_dut/u_unified_p4_kernel/reserved_groups_q_reg[1]/Q
                         net (fo=5, unplaced)         0.172     3.540    u_dut/u_unified_p4_kernel/reserved_groups_q[1]
                         LUT6 (Prop_LUT6_I0_O)        0.150     3.690 r  u_dut/u_unified_p4_kernel/input_group_fire_INST_0_i_8/O
                         net (fo=2, unplaced)         0.186     3.876    u_dut/u_unified_p4_kernel/input_group_fire_INST_0_i_8_n_0
                         LUT3 (Prop_LUT3_I0_O)        0.038     3.914 r  u_dut/u_unified_p4_kernel/input_group_fire_INST_0_i_7/O
                         net (fo=1, unplaced)         0.186     4.100    u_dut/u_unified_p4_kernel/input_group_fire_INST_0_i_7_n_0
                         LUT5 (Prop_LUT5_I2_O)        0.038     4.138 f  u_dut/u_unified_p4_kernel/input_group_fire_INST_0_i_3/O
                         net (fo=1, unplaced)         0.186     4.324    u_dut/u_unified_p4_kernel/input_group_fire_INST_0_i_3_n_0
                         LUT6 (Prop_LUT6_I3_O)        0.038     4.362 r  u_dut/u_unified_p4_kernel/input_group_fire_INST_0_i_1/O
                         net (fo=2, unplaced)         0.186     4.548    u_dut/u_unified_p4_kernel/ingress_valid_q42_in
                         LUT4 (Prop_LUT4_I3_O)        0.038     4.586 r  u_dut/u_unified_p4_kernel/input_group_fire_INST_0/O
                         net (fo=92, unplaced)        0.270     4.856    u_dut/kernel_input_group_fire
                         LUT5 (Prop_LUT5_I1_O)        0.038     4.894 r  u_dut/rd_cmd_bank_mask_q[3]_i_1/O
                         net (fo=11, unplaced)        0.221     5.115    u_dut/rd_cmd_ready
                         LUT6 (Prop_LUT6_I0_O)        0.038     5.153 r  u_dut/rd_cmd_group_q[4]_i_1/O
                         net (fo=79, unplaced)        0.266     5.419    u_dut/rd_cmd_accept
                         LUT5 (Prop_LUT5_I0_O)        0.038     5.457 r  u_dut/rd_cmd_bank_mask_q[3]_i_2/O
                         net (fo=1, unplaced)         0.048     5.505    u_dut/rd_cmd_bank_mask_q[3]_i_2_n_0
                         FDCE                                         r  u_dut/rd_cmd_bank_mask_q_reg[3]/D
  -------------------------------------------------------------------    -------------------

                         (clock clk rise edge)        2.000     2.000 r  
                                                      0.000     2.000 r  clk (IN)
                         net (fo=0)                   0.000     2.000    u_boundary_ibuf/I
                         INBUF (Prop_INBUF_PAD_O)     0.267     2.267 r  u_boundary_ibuf/INBUF_INST/O
                         net (fo=1, unplaced)         0.000     2.267    u_boundary_ibuf/OUT
                         IBUFCTRL (Prop_IBUFCTRL_I_O)
                                                      0.000     2.267 r  u_boundary_ibuf/IBUFCTRL_INST/O
                         net (fo=1, unplaced)         0.133     2.400    clk_ibuf
                         BUFGCE (Prop_BUFGCE_I_O)     0.024     2.424 r  u_boundary_bufg/O
                         net (fo=26835, unplaced)     2.439     4.863    u_dut/clk
                         FDCE                                         r  u_dut/rd_cmd_bank_mask_q_reg[3]/C
                         clock pessimism              0.282     5.145    
                         clock uncertainty           -0.035     5.110    
                         FDCE (Setup_FDCE_C_D)        0.025     5.135    u_dut/rd_cmd_bank_mask_q_reg[3]
  -------------------------------------------------------------------
                         required time                          5.135    
                         arrival time                          -5.505    
  -------------------------------------------------------------------
                         slack                                 -0.370    

Slack (VIOLATED) :        -0.324ns  (required time - arrival time)
  Source:                 u_dut/u_unified_p4_kernel/reserved_groups_q_reg[1]/C
                            (rising edge-triggered cell FDCE clocked by clk  {rise@0.000ns fall@1.000ns period=2.000ns})
  Destination:            u_dut/rd_cmd_addr_q_reg[0][0][0]/CE
                            (rising edge-triggered cell FDCE clocked by clk  {rise@0.000ns fall@1.000ns period=2.000ns})
  Path Group:             clk
  Path Type:              Setup (Max at Slow Process Corner)
  Requirement:            2.000ns  (clk rise@2.000ns - clk rise@0.000ns)
  Data Path Delay:        2.083ns  (logic 0.456ns (21.892%)  route 1.627ns (78.109%))
  Logic Levels:           7  (LUT3=1 LUT4=1 LUT5=2 LUT6=3)
  Clock Path Skew:        -0.145ns (DCD - SCD + CPR)
    Destination Clock Delay (DCD):    2.863ns = ( 4.863 - 2.000 ) 
    Source Clock Delay      (SCD):    3.290ns
    Clock Pessimism Removal (CPR):    0.282ns
  Clock Uncertainty:      0.035ns  ((TSJ^2 + TIJ^2)^1/2 + DJ) / 2 + PE + UU
    Total System Jitter     (TSJ):    0.071ns
    Total Input Jitter      (TIJ):    0.000ns
    Discrete Jitter          (DJ):    0.000ns
    Phase Error              (PE):    0.000ns
    User Uncertainty         (UU):    0.000ns

    Location             Delay type                Incr(ns)  Path(ns)    Netlist Resource(s)
  -------------------------------------------------------------------    -------------------
                         (clock clk rise edge)        0.000     0.000 r  
                                                      0.000     0.000 r  clk (IN)
                         net (fo=0)                   0.000     0.000    u_boundary_ibuf/I
                         INBUF (Prop_INBUF_PAD_O)     0.517     0.517 r  u_boundary_ibuf/INBUF_INST/O
                         net (fo=1, unplaced)         0.000     0.517    u_boundary_ibuf/OUT
                         IBUFCTRL (Prop_IBUFCTRL_I_O)
                                                      0.000     0.517 r  u_boundary_ibuf/IBUFCTRL_INST/O
                         net (fo=1, unplaced)         0.161     0.678    clk_ibuf
                         BUFGCE (Prop_BUFGCE_I_O)     0.028     0.706 r  u_boundary_bufg/O
                         net (fo=26835, unplaced)     2.584     3.290    u_dut/u_unified_p4_kernel/clk
                         FDCE                                         r  u_dut/u_unified_p4_kernel/reserved_groups_q_reg[1]/C
  -------------------------------------------------------------------    -------------------
                         FDCE (Prop_FDCE_C_Q)         0.078     3.368 r  u_dut/u_unified_p4_kernel/reserved_groups_q_reg[1]/Q
                         net (fo=5, unplaced)         0.172     3.540    u_dut/u_unified_p4_kernel/reserved_groups_q[1]
                         LUT6 (Prop_LUT6_I0_O)        0.150     3.690 r  u_dut/u_unified_p4_kernel/input_group_fire_INST_0_i_8/O
                         net (fo=2, unplaced)         0.186     3.876    u_dut/u_unified_p4_kernel/input_group_fire_INST_0_i_8_n_0
                         LUT3 (Prop_LUT3_I0_O)        0.038     3.914 r  u_dut/u_unified_p4_kernel/input_group_fire_INST_0_i_7/O
                         net (fo=1, unplaced)         0.186     4.100    u_dut/u_unified_p4_kernel/input_group_fire_INST_0_i_7_n_0
                         LUT5 (Prop_LUT5_I2_O)        0.038     4.138 f  u_dut/u_unified_p4_kernel/input_group_fire_INST_0_i_3/O
                         net (fo=1, unplaced)         0.186     4.324    u_dut/u_unified_p4_kernel/input_group_fire_INST_0_i_3_n_0
                         LUT6 (Prop_LUT6_I3_O)        0.038     4.362 r  u_dut/u_unified_p4_kernel/input_group_fire_INST_0_i_1/O
                         net (fo=2, unplaced)         0.186     4.548    u_dut/u_unified_p4_kernel/ingress_valid_q42_in
                         LUT4 (Prop_LUT4_I3_O)        0.038     4.586 r  u_dut/u_unified_p4_kernel/input_group_fire_INST_0/O
                         net (fo=92, unplaced)        0.270     4.856    u_dut/kernel_input_group_fire
                         LUT5 (Prop_LUT5_I1_O)        0.038     4.894 r  u_dut/rd_cmd_bank_mask_q[3]_i_1/O
                         net (fo=11, unplaced)        0.221     5.115    u_dut/rd_cmd_ready
                         LUT6 (Prop_LUT6_I0_O)        0.038     5.153 r  u_dut/rd_cmd_group_q[4]_i_1/O
                         net (fo=79, unplaced)        0.220     5.373    u_dut/rd_cmd_accept
                         FDCE                                         r  u_dut/rd_cmd_addr_q_reg[0][0][0]/CE
  -------------------------------------------------------------------    -------------------

                         (clock clk rise edge)        2.000     2.000 r  
                                                      0.000     2.000 r  clk (IN)
                         net (fo=0)                   0.000     2.000    u_boundary_ibuf/I
                         INBUF (Prop_INBUF_PAD_O)     0.267     2.267 r  u_boundary_ibuf/INBUF_INST/O
                         net (fo=1, unplaced)         0.000     2.267    u_boundary_ibuf/OUT
                         IBUFCTRL (Prop_IBUFCTRL_I_O)
                                                      0.000     2.267 r  u_boundary_ibuf/IBUFCTRL_INST/O
                         net (fo=1, unplaced)         0.133     2.400    clk_ibuf
                         BUFGCE (Prop_BUFGCE_I_O)     0.024     2.424 r  u_boundary_bufg/O
                         net (fo=26835, unplaced)     2.439     4.863    u_dut/clk
                         FDCE                                         r  u_dut/rd_cmd_addr_q_reg[0][0][0]/C
                         clock pessimism              0.282     5.145    
                         clock uncertainty           -0.035     5.110    
                         FDCE (Setup_FDCE_C_CE)      -0.061     5.049    u_dut/rd_cmd_addr_q_reg[0][0][0]
  -------------------------------------------------------------------
                         required time                          5.049    
                         arrival time                          -5.373    
  -------------------------------------------------------------------
                         slack                                 -0.324    

Slack (VIOLATED) :        -0.324ns  (required time - arrival time)
  Source:                 u_dut/u_unified_p4_kernel/reserved_groups_q_reg[1]/C
                            (rising edge-triggered cell FDCE clocked by clk  {rise@0.000ns fall@1.000ns period=2.000ns})
  Destination:            u_dut/rd_cmd_addr_q_reg[0][0][1]/CE
                            (rising edge-triggered cell FDCE clocked by clk  {rise@0.000ns fall@1.000ns period=2.000ns})
  Path Group:             clk
  Path Type:              Setup (Max at Slow Process Corner)
  Requirement:            2.000ns  (clk rise@2.000ns - clk rise@0.000ns)
  Data Path Delay:        2.083ns  (logic 0.456ns (21.892%)  route 1.627ns (78.109%))
  Logic Levels:           7  (LUT3=1 LUT4=1 LUT5=2 LUT6=3)
  Clock Path Skew:        -0.145ns (DCD - SCD + CPR)
    Destination Clock Delay (DCD):    2.863ns = ( 4.863 - 2.000 ) 
    Source Clock Delay      (SCD):    3.290ns
    Clock Pessimism Removal (CPR):    0.282ns
  Clock Uncertainty:      0.035ns  ((TSJ^2 + TIJ^2)^1/2 + DJ) / 2 + PE + UU
    Total System Jitter     (TSJ):    0.071ns
    Total Input Jitter      (TIJ):    0.000ns
    Discrete Jitter          (DJ):    0.000ns
    Phase Error              (PE):    0.000ns
    User Uncertainty         (UU):    0.000ns

    Location             Delay type                Incr(ns)  Path(ns)    Netlist Resource(s)
  -------------------------------------------------------------------    -------------------
                         (clock clk rise edge)        0.000     0.000 r  
                                                      0.000     0.000 r  clk (IN)
                         net (fo=0)                   0.000     0.000    u_boundary_ibuf/I
                         INBUF (Prop_INBUF_PAD_O)     0.517     0.517 r  u_boundary_ibuf/INBUF_INST/O
                         net (fo=1, unplaced)         0.000     0.517    u_boundary_ibuf/OUT
                         IBUFCTRL (Prop_IBUFCTRL_I_O)
                                                      0.000     0.517 r  u_boundary_ibuf/IBUFCTRL_INST/O
                         net (fo=1, unplaced)         0.161     0.678    clk_ibuf
                         BUFGCE (Prop_BUFGCE_I_O)     0.028     0.706 r  u_boundary_bufg/O
                         net (fo=26835, unplaced)     2.584     3.290    u_dut/u_unified_p4_kernel/clk
                         FDCE                                         r  u_dut/u_unified_p4_kernel/reserved_groups_q_reg[1]/C
  -------------------------------------------------------------------    -------------------
                         FDCE (Prop_FDCE_C_Q)         0.078     3.368 r  u_dut/u_unified_p4_kernel/reserved_groups_q_reg[1]/Q
                         net (fo=5, unplaced)         0.172     3.540    u_dut/u_unified_p4_kernel/reserved_groups_q[1]
                         LUT6 (Prop_LUT6_I0_O)        0.150     3.690 r  u_dut/u_unified_p4_kernel/input_group_fire_INST_0_i_8/O
                         net (fo=2, unplaced)         0.186     3.876    u_dut/u_unified_p4_kernel/input_group_fire_INST_0_i_8_n_0
                         LUT3 (Prop_LUT3_I0_O)        0.038     3.914 r  u_dut/u_unified_p4_kernel/input_group_fire_INST_0_i_7/O
                         net (fo=1, unplaced)         0.186     4.100    u_dut/u_unified_p4_kernel/input_group_fire_INST_0_i_7_n_0
                         LUT5 (Prop_LUT5_I2_O)        0.038     4.138 f  u_dut/u_unified_p4_kernel/input_group_fire_INST_0_i_3/O
                         net (fo=1, unplaced)         0.186     4.324    u_dut/u_unified_p4_kernel/input_group_fire_INST_0_i_3_n_0
                         LUT6 (Prop_LUT6_I3_O)        0.038     4.362 r  u_dut/u_unified_p4_kernel/input_group_fire_INST_0_i_1/O
                         net (fo=2, unplaced)         0.186     4.548    u_dut/u_unified_p4_kernel/ingress_valid_q42_in
                         LUT4 (Prop_LUT4_I3_O)        0.038     4.586 r  u_dut/u_unified_p4_kernel/input_group_fire_INST_0/O
                         net (fo=92, unplaced)        0.270     4.856    u_dut/kernel_input_group_fire
                         LUT5 (Prop_LUT5_I1_O)        0.038     4.894 r  u_dut/rd_cmd_bank_mask_q[3]_i_1/O
                         net (fo=11, unplaced)        0.221     5.115    u_dut/rd_cmd_ready
                         LUT6 (Prop_LUT6_I0_O)        0.038     5.153 r  u_dut/rd_cmd_group_q[4]_i_1/O
                         net (fo=79, unplaced)        0.220     5.373    u_dut/rd_cmd_accept
                         FDCE                                         r  u_dut/rd_cmd_addr_q_reg[0][0][1]/CE
  -------------------------------------------------------------------    -------------------

                         (clock clk rise edge)        2.000     2.000 r  
                                                      0.000     2.000 r  clk (IN)
                         net (fo=0)                   0.000     2.000    u_boundary_ibuf/I
                         INBUF (Prop_INBUF_PAD_O)     0.267     2.267 r  u_boundary_ibuf/INBUF_INST/O
                         net (fo=1, unplaced)         0.000     2.267    u_boundary_ibuf/OUT
                         IBUFCTRL (Prop_IBUFCTRL_I_O)
                                                      0.000     2.267 r  u_boundary_ibuf/IBUFCTRL_INST/O
                         net (fo=1, unplaced)         0.133     2.400    clk_ibuf
                         BUFGCE (Prop_BUFGCE_I_O)     0.024     2.424 r  u_boundary_bufg/O
                         net (fo=26835, unplaced)     2.439     4.863    u_dut/clk
                         FDCE                                         r  u_dut/rd_cmd_addr_q_reg[0][0][1]/C
                         clock pessimism              0.282     5.145    
                         clock uncertainty           -0.035     5.110    
                         FDCE (Setup_FDCE_C_CE)      -0.061     5.049    u_dut/rd_cmd_addr_q_reg[0][0][1]
  -------------------------------------------------------------------
                         required time                          5.049    
                         arrival time                          -5.373    
  -------------------------------------------------------------------
                         slack                                 -0.324    

Slack (VIOLATED) :        -0.324ns  (required time - arrival time)
  Source:                 u_dut/u_unified_p4_kernel/reserved_groups_q_reg[1]/C
                            (rising edge-triggered cell FDCE clocked by clk  {rise@0.000ns fall@1.000ns period=2.000ns})
  Destination:            u_dut/rd_cmd_addr_q_reg[0][0][2]/CE
                            (rising edge-triggered cell FDCE clocked by clk  {rise@0.000ns fall@1.000ns period=2.000ns})
  Path Group:             clk
  Path Type:              Setup (Max at Slow Process Corner)
  Requirement:            2.000ns  (clk rise@2.000ns - clk rise@0.000ns)
  Data Path Delay:        2.083ns  (logic 0.456ns (21.892%)  route 1.627ns (78.109%))
  Logic Levels:           7  (LUT3=1 LUT4=1 LUT5=2 LUT6=3)
  Clock Path Skew:        -0.145ns (DCD - SCD + CPR)
    Destination Clock Delay (DCD):    2.863ns = ( 4.863 - 2.000 ) 
    Source Clock Delay      (SCD):    3.290ns
    Clock Pessimism Removal (CPR):    0.282ns
  Clock Uncertainty:      0.035ns  ((TSJ^2 + TIJ^2)^1/2 + DJ) / 2 + PE + UU
    Total System Jitter     (TSJ):    0.071ns
    Total Input Jitter      (TIJ):    0.000ns
    Discrete Jitter          (DJ):    0.000ns
    Phase Error              (PE):    0.000ns
    User Uncertainty         (UU):    0.000ns

    Location             Delay type                Incr(ns)  Path(ns)    Netlist Resource(s)
  -------------------------------------------------------------------    -------------------
                         (clock clk rise edge)        0.000     0.000 r  
                                                      0.000     0.000 r  clk (IN)
                         net (fo=0)                   0.000     0.000    u_boundary_ibuf/I
                         INBUF (Prop_INBUF_PAD_O)     0.517     0.517 r  u_boundary_ibuf/INBUF_INST/O
                         net (fo=1, unplaced)         0.000     0.517    u_boundary_ibuf/OUT
                         IBUFCTRL (Prop_IBUFCTRL_I_O)
                                                      0.000     0.517 r  u_boundary_ibuf/IBUFCTRL_INST/O
                         net (fo=1, unplaced)         0.161     0.678    clk_ibuf
                         BUFGCE (Prop_BUFGCE_I_O)     0.028     0.706 r  u_boundary_bufg/O
                         net (fo=26835, unplaced)     2.584     3.290    u_dut/u_unified_p4_kernel/clk
                         FDCE                                         r  u_dut/u_unified_p4_kernel/reserved_groups_q_reg[1]/C
  -------------------------------------------------------------------    -------------------
                         FDCE (Prop_FDCE_C_Q)         0.078     3.368 r  u_dut/u_unified_p4_kernel/reserved_groups_q_reg[1]/Q
                         net (fo=5, unplaced)         0.172     3.540    u_dut/u_unified_p4_kernel/reserved_groups_q[1]
                         LUT6 (Prop_LUT6_I0_O)        0.150     3.690 r  u_dut/u_unified_p4_kernel/input_group_fire_INST_0_i_8/O
                         net (fo=2, unplaced)         0.186     3.876    u_dut/u_unified_p4_kernel/input_group_fire_INST_0_i_8_n_0
                         LUT3 (Prop_LUT3_I0_O)        0.038     3.914 r  u_dut/u_unified_p4_kernel/input_group_fire_INST_0_i_7/O
                         net (fo=1, unplaced)         0.186     4.100    u_dut/u_unified_p4_kernel/input_group_fire_INST_0_i_7_n_0
                         LUT5 (Prop_LUT5_I2_O)        0.038     4.138 f  u_dut/u_unified_p4_kernel/input_group_fire_INST_0_i_3/O
                         net (fo=1, unplaced)         0.186     4.324    u_dut/u_unified_p4_kernel/input_group_fire_INST_0_i_3_n_0
                         LUT6 (Prop_LUT6_I3_O)        0.038     4.362 r  u_dut/u_unified_p4_kernel/input_group_fire_INST_0_i_1/O
                         net (fo=2, unplaced)         0.186     4.548    u_dut/u_unified_p4_kernel/ingress_valid_q42_in
                         LUT4 (Prop_LUT4_I3_O)        0.038     4.586 r  u_dut/u_unified_p4_kernel/input_group_fire_INST_0/O
                         net (fo=92, unplaced)        0.270     4.856    u_dut/kernel_input_group_fire
                         LUT5 (Prop_LUT5_I1_O)        0.038     4.894 r  u_dut/rd_cmd_bank_mask_q[3]_i_1/O
                         net (fo=11, unplaced)        0.221     5.115    u_dut/rd_cmd_ready
                         LUT6 (Prop_LUT6_I0_O)        0.038     5.153 r  u_dut/rd_cmd_group_q[4]_i_1/O
                         net (fo=79, unplaced)        0.220     5.373    u_dut/rd_cmd_accept
                         FDCE                                         r  u_dut/rd_cmd_addr_q_reg[0][0][2]/CE
  -------------------------------------------------------------------    -------------------

                         (clock clk rise edge)        2.000     2.000 r  
                                                      0.000     2.000 r  clk (IN)
                         net (fo=0)                   0.000     2.000    u_boundary_ibuf/I
                         INBUF (Prop_INBUF_PAD_O)     0.267     2.267 r  u_boundary_ibuf/INBUF_INST/O
                         net (fo=1, unplaced)         0.000     2.267    u_boundary_ibuf/OUT
                         IBUFCTRL (Prop_IBUFCTRL_I_O)
                                                      0.000     2.267 r  u_boundary_ibuf/IBUFCTRL_INST/O
                         net (fo=1, unplaced)         0.133     2.400    clk_ibuf
                         BUFGCE (Prop_BUFGCE_I_O)     0.024     2.424 r  u_boundary_bufg/O
                         net (fo=26835, unplaced)     2.439     4.863    u_dut/clk
                         FDCE                                         r  u_dut/rd_cmd_addr_q_reg[0][0][2]/C
                         clock pessimism              0.282     5.145    
                         clock uncertainty           -0.035     5.110    
                         FDCE (Setup_FDCE_C_CE)      -0.061     5.049    u_dut/rd_cmd_addr_q_reg[0][0][2]
  -------------------------------------------------------------------
                         required time                          5.049    
                         arrival time                          -5.373    
  -------------------------------------------------------------------
                         slack                                 -0.324    

Slack (VIOLATED) :        -0.324ns  (required time - arrival time)
  Source:                 u_dut/u_unified_p4_kernel/reserved_groups_q_reg[1]/C
                            (rising edge-triggered cell FDCE clocked by clk  {rise@0.000ns fall@1.000ns period=2.000ns})
  Destination:            u_dut/rd_cmd_addr_q_reg[0][0][3]/CE
                            (rising edge-triggered cell FDCE clocked by clk  {rise@0.000ns fall@1.000ns period=2.000ns})
  Path Group:             clk
  Path Type:              Setup (Max at Slow Process Corner)
  Requirement:            2.000ns  (clk rise@2.000ns - clk rise@0.000ns)
  Data Path Delay:        2.083ns  (logic 0.456ns (21.892%)  route 1.627ns (78.109%))
  Logic Levels:           7  (LUT3=1 LUT4=1 LUT5=2 LUT6=3)
  Clock Path Skew:        -0.145ns (DCD - SCD + CPR)
    Destination Clock Delay (DCD):    2.863ns = ( 4.863 - 2.000 ) 
    Source Clock Delay      (SCD):    3.290ns
    Clock Pessimism Removal (CPR):    0.282ns
  Clock Uncertainty:      0.035ns  ((TSJ^2 + TIJ^2)^1/2 + DJ) / 2 + PE + UU
    Total System Jitter     (TSJ):    0.071ns
    Total Input Jitter      (TIJ):    0.000ns
    Discrete Jitter          (DJ):    0.000ns
    Phase Error              (PE):    0.000ns
    User Uncertainty         (UU):    0.000ns

    Location             Delay type                Incr(ns)  Path(ns)    Netlist Resource(s)
  -------------------------------------------------------------------    -------------------
                         (clock clk rise edge)        0.000     0.000 r  
                                                      0.000     0.000 r  clk (IN)
                         net (fo=0)                   0.000     0.000    u_boundary_ibuf/I
                         INBUF (Prop_INBUF_PAD_O)     0.517     0.517 r  u_boundary_ibuf/INBUF_INST/O
                         net (fo=1, unplaced)         0.000     0.517    u_boundary_ibuf/OUT
                         IBUFCTRL (Prop_IBUFCTRL_I_O)
                                                      0.000     0.517 r  u_boundary_ibuf/IBUFCTRL_INST/O
                         net (fo=1, unplaced)         0.161     0.678    clk_ibuf
                         BUFGCE (Prop_BUFGCE_I_O)     0.028     0.706 r  u_boundary_bufg/O
                         net (fo=26835, unplaced)     2.584     3.290    u_dut/u_unified_p4_kernel/clk
                         FDCE                                         r  u_dut/u_unified_p4_kernel/reserved_groups_q_reg[1]/C
  -------------------------------------------------------------------    -------------------
                         FDCE (Prop_FDCE_C_Q)         0.078     3.368 r  u_dut/u_unified_p4_kernel/reserved_groups_q_reg[1]/Q
                         net (fo=5, unplaced)         0.172     3.540    u_dut/u_unified_p4_kernel/reserved_groups_q[1]
                         LUT6 (Prop_LUT6_I0_O)        0.150     3.690 r  u_dut/u_unified_p4_kernel/input_group_fire_INST_0_i_8/O
                         net (fo=2, unplaced)         0.186     3.876    u_dut/u_unified_p4_kernel/input_group_fire_INST_0_i_8_n_0
                         LUT3 (Prop_LUT3_I0_O)        0.038     3.914 r  u_dut/u_unified_p4_kernel/input_group_fire_INST_0_i_7/O
                         net (fo=1, unplaced)         0.186     4.100    u_dut/u_unified_p4_kernel/input_group_fire_INST_0_i_7_n_0
                         LUT5 (Prop_LUT5_I2_O)        0.038     4.138 f  u_dut/u_unified_p4_kernel/input_group_fire_INST_0_i_3/O
                         net (fo=1, unplaced)         0.186     4.324    u_dut/u_unified_p4_kernel/input_group_fire_INST_0_i_3_n_0
                         LUT6 (Prop_LUT6_I3_O)        0.038     4.362 r  u_dut/u_unified_p4_kernel/input_group_fire_INST_0_i_1/O
                         net (fo=2, unplaced)         0.186     4.548    u_dut/u_unified_p4_kernel/ingress_valid_q42_in
                         LUT4 (Prop_LUT4_I3_O)        0.038     4.586 r  u_dut/u_unified_p4_kernel/input_group_fire_INST_0/O
                         net (fo=92, unplaced)        0.270     4.856    u_dut/kernel_input_group_fire
                         LUT5 (Prop_LUT5_I1_O)        0.038     4.894 r  u_dut/rd_cmd_bank_mask_q[3]_i_1/O
                         net (fo=11, unplaced)        0.221     5.115    u_dut/rd_cmd_ready
                         LUT6 (Prop_LUT6_I0_O)        0.038     5.153 r  u_dut/rd_cmd_group_q[4]_i_1/O
                         net (fo=79, unplaced)        0.220     5.373    u_dut/rd_cmd_accept
                         FDCE                                         r  u_dut/rd_cmd_addr_q_reg[0][0][3]/CE
  -------------------------------------------------------------------    -------------------

                         (clock clk rise edge)        2.000     2.000 r  
                                                      0.000     2.000 r  clk (IN)
                         net (fo=0)                   0.000     2.000    u_boundary_ibuf/I
                         INBUF (Prop_INBUF_PAD_O)     0.267     2.267 r  u_boundary_ibuf/INBUF_INST/O
                         net (fo=1, unplaced)         0.000     2.267    u_boundary_ibuf/OUT
                         IBUFCTRL (Prop_IBUFCTRL_I_O)
                                                      0.000     2.267 r  u_boundary_ibuf/IBUFCTRL_INST/O
                         net (fo=1, unplaced)         0.133     2.400    clk_ibuf
                         BUFGCE (Prop_BUFGCE_I_O)     0.024     2.424 r  u_boundary_bufg/O
                         net (fo=26835, unplaced)     2.439     4.863    u_dut/clk
                         FDCE                                         r  u_dut/rd_cmd_addr_q_reg[0][0][3]/C
                         clock pessimism              0.282     5.145    
                         clock uncertainty           -0.035     5.110    
                         FDCE (Setup_FDCE_C_CE)      -0.061     5.049    u_dut/rd_cmd_addr_q_reg[0][0][3]
  -------------------------------------------------------------------
                         required time                          5.049    
                         arrival time                          -5.373    
  -------------------------------------------------------------------
                         slack                                 -0.324    

Slack (VIOLATED) :        -0.324ns  (required time - arrival time)
  Source:                 u_dut/u_unified_p4_kernel/reserved_groups_q_reg[1]/C
                            (rising edge-triggered cell FDCE clocked by clk  {rise@0.000ns fall@1.000ns period=2.000ns})
  Destination:            u_dut/rd_cmd_addr_q_reg[0][0][4]/CE
                            (rising edge-triggered cell FDCE clocked by clk  {rise@0.000ns fall@1.000ns period=2.000ns})
  Path Group:             clk
  Path Type:              Setup (Max at Slow Process Corner)
  Requirement:            2.000ns  (clk rise@2.000ns - clk rise@0.000ns)
  Data Path Delay:        2.083ns  (logic 0.456ns (21.892%)  route 1.627ns (78.109%))
  Logic Levels:           7  (LUT3=1 LUT4=1 LUT5=2 LUT6=3)
  Clock Path Skew:        -0.145ns (DCD - SCD + CPR)
    Destination Clock Delay (DCD):    2.863ns = ( 4.863 - 2.000 ) 
    Source Clock Delay      (SCD):    3.290ns
    Clock Pessimism Removal (CPR):    0.282ns
  Clock Uncertainty:      0.035ns  ((TSJ^2 + TIJ^2)^1/2 + DJ) / 2 + PE + UU
    Total System Jitter     (TSJ):    0.071ns
    Total Input Jitter      (TIJ):    0.000ns
    Discrete Jitter          (DJ):    0.000ns
    Phase Error              (PE):    0.000ns
    User Uncertainty         (UU):    0.000ns

    Location             Delay type                Incr(ns)  Path(ns)    Netlist Resource(s)
  -------------------------------------------------------------------    -------------------
                         (clock clk rise edge)        0.000     0.000 r  
                                                      0.000     0.000 r  clk (IN)
                         net (fo=0)                   0.000     0.000    u_boundary_ibuf/I
                         INBUF (Prop_INBUF_PAD_O)     0.517     0.517 r  u_boundary_ibuf/INBUF_INST/O
                         net (fo=1, unplaced)         0.000     0.517    u_boundary_ibuf/OUT
                         IBUFCTRL (Prop_IBUFCTRL_I_O)
                                                      0.000     0.517 r  u_boundary_ibuf/IBUFCTRL_INST/O
                         net (fo=1, unplaced)         0.161     0.678    clk_ibuf
                         BUFGCE (Prop_BUFGCE_I_O)     0.028     0.706 r  u_boundary_bufg/O
                         net (fo=26835, unplaced)     2.584     3.290    u_dut/u_unified_p4_kernel/clk
                         FDCE                                         r  u_dut/u_unified_p4_kernel/reserved_groups_q_reg[1]/C
  -------------------------------------------------------------------    -------------------
                         FDCE (Prop_FDCE_C_Q)         0.078     3.368 r  u_dut/u_unified_p4_kernel/reserved_groups_q_reg[1]/Q
                         net (fo=5, unplaced)         0.172     3.540    u_dut/u_unified_p4_kernel/reserved_groups_q[1]
                         LUT6 (Prop_LUT6_I0_O)        0.150     3.690 r  u_dut/u_unified_p4_kernel/input_group_fire_INST_0_i_8/O
                         net (fo=2, unplaced)         0.186     3.876    u_dut/u_unified_p4_kernel/input_group_fire_INST_0_i_8_n_0
                         LUT3 (Prop_LUT3_I0_O)        0.038     3.914 r  u_dut/u_unified_p4_kernel/input_group_fire_INST_0_i_7/O
                         net (fo=1, unplaced)         0.186     4.100    u_dut/u_unified_p4_kernel/input_group_fire_INST_0_i_7_n_0
                         LUT5 (Prop_LUT5_I2_O)        0.038     4.138 f  u_dut/u_unified_p4_kernel/input_group_fire_INST_0_i_3/O
                         net (fo=1, unplaced)         0.186     4.324    u_dut/u_unified_p4_kernel/input_group_fire_INST_0_i_3_n_0
                         LUT6 (Prop_LUT6_I3_O)        0.038     4.362 r  u_dut/u_unified_p4_kernel/input_group_fire_INST_0_i_1/O
                         net (fo=2, unplaced)         0.186     4.548    u_dut/u_unified_p4_kernel/ingress_valid_q42_in
                         LUT4 (Prop_LUT4_I3_O)        0.038     4.586 r  u_dut/u_unified_p4_kernel/input_group_fire_INST_0/O
                         net (fo=92, unplaced)        0.270     4.856    u_dut/kernel_input_group_fire
                         LUT5 (Prop_LUT5_I1_O)        0.038     4.894 r  u_dut/rd_cmd_bank_mask_q[3]_i_1/O
                         net (fo=11, unplaced)        0.221     5.115    u_dut/rd_cmd_ready
                         LUT6 (Prop_LUT6_I0_O)        0.038     5.153 r  u_dut/rd_cmd_group_q[4]_i_1/O
                         net (fo=79, unplaced)        0.220     5.373    u_dut/rd_cmd_accept
                         FDCE                                         r  u_dut/rd_cmd_addr_q_reg[0][0][4]/CE
  -------------------------------------------------------------------    -------------------

                         (clock clk rise edge)        2.000     2.000 r  
                                                      0.000     2.000 r  clk (IN)
                         net (fo=0)                   0.000     2.000    u_boundary_ibuf/I
                         INBUF (Prop_INBUF_PAD_O)     0.267     2.267 r  u_boundary_ibuf/INBUF_INST/O
                         net (fo=1, unplaced)         0.000     2.267    u_boundary_ibuf/OUT
                         IBUFCTRL (Prop_IBUFCTRL_I_O)
                                                      0.000     2.267 r  u_boundary_ibuf/IBUFCTRL_INST/O
                         net (fo=1, unplaced)         0.133     2.400    clk_ibuf
                         BUFGCE (Prop_BUFGCE_I_O)     0.024     2.424 r  u_boundary_bufg/O
                         net (fo=26835, unplaced)     2.439     4.863    u_dut/clk
                         FDCE                                         r  u_dut/rd_cmd_addr_q_reg[0][0][4]/C
                         clock pessimism              0.282     5.145    
                         clock uncertainty           -0.035     5.110    
                         FDCE (Setup_FDCE_C_CE)      -0.061     5.049    u_dut/rd_cmd_addr_q_reg[0][0][4]
  -------------------------------------------------------------------
                         required time                          5.049    
                         arrival time                          -5.373    
  -------------------------------------------------------------------
                         slack                                 -0.324    

Slack (VIOLATED) :        -0.324ns  (required time - arrival time)
  Source:                 u_dut/u_unified_p4_kernel/reserved_groups_q_reg[1]/C
                            (rising edge-triggered cell FDCE clocked by clk  {rise@0.000ns fall@1.000ns period=2.000ns})
  Destination:            u_dut/rd_cmd_addr_q_reg[0][0][5]/CE
                            (rising edge-triggered cell FDCE clocked by clk  {rise@0.000ns fall@1.000ns period=2.000ns})
  Path Group:             clk
  Path Type:              Setup (Max at Slow Process Corner)
  Requirement:            2.000ns  (clk rise@2.000ns - clk rise@0.000ns)
  Data Path Delay:        2.083ns  (logic 0.456ns (21.892%)  route 1.627ns (78.109%))
  Logic Levels:           7  (LUT3=1 LUT4=1 LUT5=2 LUT6=3)
  Clock Path Skew:        -0.145ns (DCD - SCD + CPR)
    Destination Clock Delay (DCD):    2.863ns = ( 4.863 - 2.000 ) 
    Source Clock Delay      (SCD):    3.290ns
    Clock Pessimism Removal (CPR):    0.282ns
  Clock Uncertainty:      0.035ns  ((TSJ^2 + TIJ^2)^1/2 + DJ) / 2 + PE + UU
    Total System Jitter     (TSJ):    0.071ns
    Total Input Jitter      (TIJ):    0.000ns
    Discrete Jitter          (DJ):    0.000ns
    Phase Error              (PE):    0.000ns
    User Uncertainty         (UU):    0.000ns

    Location             Delay type                Incr(ns)  Path(ns)    Netlist Resource(s)
  -------------------------------------------------------------------    -------------------
                         (clock clk rise edge)        0.000     0.000 r  
                                                      0.000     0.000 r  clk (IN)
                         net (fo=0)                   0.000     0.000    u_boundary_ibuf/I
                         INBUF (Prop_INBUF_PAD_O)     0.517     0.517 r  u_boundary_ibuf/INBUF_INST/O
                         net (fo=1, unplaced)         0.000     0.517    u_boundary_ibuf/OUT
                         IBUFCTRL (Prop_IBUFCTRL_I_O)
                                                      0.000     0.517 r  u_boundary_ibuf/IBUFCTRL_INST/O
                         net (fo=1, unplaced)         0.161     0.678    clk_ibuf
                         BUFGCE (Prop_BUFGCE_I_O)     0.028     0.706 r  u_boundary_bufg/O
                         net (fo=26835, unplaced)     2.584     3.290    u_dut/u_unified_p4_kernel/clk
                         FDCE                                         r  u_dut/u_unified_p4_kernel/reserved_groups_q_reg[1]/C
  -------------------------------------------------------------------    -------------------
                         FDCE (Prop_FDCE_C_Q)         0.078     3.368 r  u_dut/u_unified_p4_kernel/reserved_groups_q_reg[1]/Q
                         net (fo=5, unplaced)         0.172     3.540    u_dut/u_unified_p4_kernel/reserved_groups_q[1]
                         LUT6 (Prop_LUT6_I0_O)        0.150     3.690 r  u_dut/u_unified_p4_kernel/input_group_fire_INST_0_i_8/O
                         net (fo=2, unplaced)         0.186     3.876    u_dut/u_unified_p4_kernel/input_group_fire_INST_0_i_8_n_0
                         LUT3 (Prop_LUT3_I0_O)        0.038     3.914 r  u_dut/u_unified_p4_kernel/input_group_fire_INST_0_i_7/O
                         net (fo=1, unplaced)         0.186     4.100    u_dut/u_unified_p4_kernel/input_group_fire_INST_0_i_7_n_0
                         LUT5 (Prop_LUT5_I2_O)        0.038     4.138 f  u_dut/u_unified_p4_kernel/input_group_fire_INST_0_i_3/O
                         net (fo=1, unplaced)         0.186     4.324    u_dut/u_unified_p4_kernel/input_group_fire_INST_0_i_3_n_0
                         LUT6 (Prop_LUT6_I3_O)        0.038     4.362 r  u_dut/u_unified_p4_kernel/input_group_fire_INST_0_i_1/O
                         net (fo=2, unplaced)         0.186     4.548    u_dut/u_unified_p4_kernel/ingress_valid_q42_in
                         LUT4 (Prop_LUT4_I3_O)        0.038     4.586 r  u_dut/u_unified_p4_kernel/input_group_fire_INST_0/O
                         net (fo=92, unplaced)        0.270     4.856    u_dut/kernel_input_group_fire
                         LUT5 (Prop_LUT5_I1_O)        0.038     4.894 r  u_dut/rd_cmd_bank_mask_q[3]_i_1/O
                         net (fo=11, unplaced)        0.221     5.115    u_dut/rd_cmd_ready
                         LUT6 (Prop_LUT6_I0_O)        0.038     5.153 r  u_dut/rd_cmd_group_q[4]_i_1/O
                         net (fo=79, unplaced)        0.220     5.373    u_dut/rd_cmd_accept
                         FDCE                                         r  u_dut/rd_cmd_addr_q_reg[0][0][5]/CE
  -------------------------------------------------------------------    -------------------

                         (clock clk rise edge)        2.000     2.000 r  
                                                      0.000     2.000 r  clk (IN)
                         net (fo=0)                   0.000     2.000    u_boundary_ibuf/I
                         INBUF (Prop_INBUF_PAD_O)     0.267     2.267 r  u_boundary_ibuf/INBUF_INST/O
                         net (fo=1, unplaced)         0.000     2.267    u_boundary_ibuf/OUT
                         IBUFCTRL (Prop_IBUFCTRL_I_O)
                                                      0.000     2.267 r  u_boundary_ibuf/IBUFCTRL_INST/O
                         net (fo=1, unplaced)         0.133     2.400    clk_ibuf
                         BUFGCE (Prop_BUFGCE_I_O)     0.024     2.424 r  u_boundary_bufg/O
                         net (fo=26835, unplaced)     2.439     4.863    u_dut/clk
                         FDCE                                         r  u_dut/rd_cmd_addr_q_reg[0][0][5]/C
                         clock pessimism              0.282     5.145    
                         clock uncertainty           -0.035     5.110    
                         FDCE (Setup_FDCE_C_CE)      -0.061     5.049    u_dut/rd_cmd_addr_q_reg[0][0][5]
  -------------------------------------------------------------------
                         required time                          5.049    
                         arrival time                          -5.373    
  -------------------------------------------------------------------
                         slack                                 -0.324    

Slack (VIOLATED) :        -0.324ns  (required time - arrival time)
  Source:                 u_dut/u_unified_p4_kernel/reserved_groups_q_reg[1]/C
                            (rising edge-triggered cell FDCE clocked by clk  {rise@0.000ns fall@1.000ns period=2.000ns})
  Destination:            u_dut/rd_cmd_addr_q_reg[0][0][6]/CE
                            (rising edge-triggered cell FDCE clocked by clk  {rise@0.000ns fall@1.000ns period=2.000ns})
  Path Group:             clk
  Path Type:              Setup (Max at Slow Process Corner)
  Requirement:            2.000ns  (clk rise@2.000ns - clk rise@0.000ns)
  Data Path Delay:        2.083ns  (logic 0.456ns (21.892%)  route 1.627ns (78.109%))
  Logic Levels:           7  (LUT3=1 LUT4=1 LUT5=2 LUT6=3)
  Clock Path Skew:        -0.145ns (DCD - SCD + CPR)
    Destination Clock Delay (DCD):    2.863ns = ( 4.863 - 2.000 ) 
    Source Clock Delay      (SCD):    3.290ns
    Clock Pessimism Removal (CPR):    0.282ns
  Clock Uncertainty:      0.035ns  ((TSJ^2 + TIJ^2)^1/2 + DJ) / 2 + PE + UU
    Total System Jitter     (TSJ):    0.071ns
    Total Input Jitter      (TIJ):    0.000ns
    Discrete Jitter          (DJ):    0.000ns
    Phase Error              (PE):    0.000ns
    User Uncertainty         (UU):    0.000ns

    Location             Delay type                Incr(ns)  Path(ns)    Netlist Resource(s)
  -------------------------------------------------------------------    -------------------
                         (clock clk rise edge)        0.000     0.000 r  
                                                      0.000     0.000 r  clk (IN)
                         net (fo=0)                   0.000     0.000    u_boundary_ibuf/I
                         INBUF (Prop_INBUF_PAD_O)     0.517     0.517 r  u_boundary_ibuf/INBUF_INST/O
                         net (fo=1, unplaced)         0.000     0.517    u_boundary_ibuf/OUT
                         IBUFCTRL (Prop_IBUFCTRL_I_O)
                                                      0.000     0.517 r  u_boundary_ibuf/IBUFCTRL_INST/O
                         net (fo=1, unplaced)         0.161     0.678    clk_ibuf
                         BUFGCE (Prop_BUFGCE_I_O)     0.028     0.706 r  u_boundary_bufg/O
                         net (fo=26835, unplaced)     2.584     3.290    u_dut/u_unified_p4_kernel/clk
                         FDCE                                         r  u_dut/u_unified_p4_kernel/reserved_groups_q_reg[1]/C
  -------------------------------------------------------------------    -------------------
                         FDCE (Prop_FDCE_C_Q)         0.078     3.368 r  u_dut/u_unified_p4_kernel/reserved_groups_q_reg[1]/Q
                         net (fo=5, unplaced)         0.172     3.540    u_dut/u_unified_p4_kernel/reserved_groups_q[1]
                         LUT6 (Prop_LUT6_I0_O)        0.150     3.690 r  u_dut/u_unified_p4_kernel/input_group_fire_INST_0_i_8/O
                         net (fo=2, unplaced)         0.186     3.876    u_dut/u_unified_p4_kernel/input_group_fire_INST_0_i_8_n_0
                         LUT3 (Prop_LUT3_I0_O)        0.038     3.914 r  u_dut/u_unified_p4_kernel/input_group_fire_INST_0_i_7/O
                         net (fo=1, unplaced)         0.186     4.100    u_dut/u_unified_p4_kernel/input_group_fire_INST_0_i_7_n_0
                         LUT5 (Prop_LUT5_I2_O)        0.038     4.138 f  u_dut/u_unified_p4_kernel/input_group_fire_INST_0_i_3/O
                         net (fo=1, unplaced)         0.186     4.324    u_dut/u_unified_p4_kernel/input_group_fire_INST_0_i_3_n_0
                         LUT6 (Prop_LUT6_I3_O)        0.038     4.362 r  u_dut/u_unified_p4_kernel/input_group_fire_INST_0_i_1/O
                         net (fo=2, unplaced)         0.186     4.548    u_dut/u_unified_p4_kernel/ingress_valid_q42_in
                         LUT4 (Prop_LUT4_I3_O)        0.038     4.586 r  u_dut/u_unified_p4_kernel/input_group_fire_INST_0/O
                         net (fo=92, unplaced)        0.270     4.856    u_dut/kernel_input_group_fire
                         LUT5 (Prop_LUT5_I1_O)        0.038     4.894 r  u_dut/rd_cmd_bank_mask_q[3]_i_1/O
                         net (fo=11, unplaced)        0.221     5.115    u_dut/rd_cmd_ready
                         LUT6 (Prop_LUT6_I0_O)        0.038     5.153 r  u_dut/rd_cmd_group_q[4]_i_1/O
                         net (fo=79, unplaced)        0.220     5.373    u_dut/rd_cmd_accept
                         FDCE                                         r  u_dut/rd_cmd_addr_q_reg[0][0][6]/CE
  -------------------------------------------------------------------    -------------------

                         (clock clk rise edge)        2.000     2.000 r  
                                                      0.000     2.000 r  clk (IN)
                         net (fo=0)                   0.000     2.000    u_boundary_ibuf/I
                         INBUF (Prop_INBUF_PAD_O)     0.267     2.267 r  u_boundary_ibuf/INBUF_INST/O
                         net (fo=1, unplaced)         0.000     2.267    u_boundary_ibuf/OUT
                         IBUFCTRL (Prop_IBUFCTRL_I_O)
                                                      0.000     2.267 r  u_boundary_ibuf/IBUFCTRL_INST/O
                         net (fo=1, unplaced)         0.133     2.400    clk_ibuf
                         BUFGCE (Prop_BUFGCE_I_O)     0.024     2.424 r  u_boundary_bufg/O
                         net (fo=26835, unplaced)     2.439     4.863    u_dut/clk
                         FDCE                                         r  u_dut/rd_cmd_addr_q_reg[0][0][6]/C
                         clock pessimism              0.282     5.145    
                         clock uncertainty           -0.035     5.110    
                         FDCE (Setup_FDCE_C_CE)      -0.061     5.049    u_dut/rd_cmd_addr_q_reg[0][0][6]
  -------------------------------------------------------------------
                         required time                          5.049    
                         arrival time                          -5.373    
  -------------------------------------------------------------------
                         slack                                 -0.324    

Slack (VIOLATED) :        -0.324ns  (required time - arrival time)
  Source:                 u_dut/u_unified_p4_kernel/reserved_groups_q_reg[1]/C
                            (rising edge-triggered cell FDCE clocked by clk  {rise@0.000ns fall@1.000ns period=2.000ns})
  Destination:            u_dut/rd_cmd_addr_q_reg[0][0][7]/CE
                            (rising edge-triggered cell FDCE clocked by clk  {rise@0.000ns fall@1.000ns period=2.000ns})
  Path Group:             clk
  Path Type:              Setup (Max at Slow Process Corner)
  Requirement:            2.000ns  (clk rise@2.000ns - clk rise@0.000ns)
  Data Path Delay:        2.083ns  (logic 0.456ns (21.892%)  route 1.627ns (78.109%))
  Logic Levels:           7  (LUT3=1 LUT4=1 LUT5=2 LUT6=3)
  Clock Path Skew:        -0.145ns (DCD - SCD + CPR)
    Destination Clock Delay (DCD):    2.863ns = ( 4.863 - 2.000 ) 
    Source Clock Delay      (SCD):    3.290ns
    Clock Pessimism Removal (CPR):    0.282ns
  Clock Uncertainty:      0.035ns  ((TSJ^2 + TIJ^2)^1/2 + DJ) / 2 + PE + UU
    Total System Jitter     (TSJ):    0.071ns
    Total Input Jitter      (TIJ):    0.000ns
    Discrete Jitter          (DJ):    0.000ns
    Phase Error              (PE):    0.000ns
    User Uncertainty         (UU):    0.000ns

    Location             Delay type                Incr(ns)  Path(ns)    Netlist Resource(s)
  -------------------------------------------------------------------    -------------------
                         (clock clk rise edge)        0.000     0.000 r  
                                                      0.000     0.000 r  clk (IN)
                         net (fo=0)                   0.000     0.000    u_boundary_ibuf/I
                         INBUF (Prop_INBUF_PAD_O)     0.517     0.517 r  u_boundary_ibuf/INBUF_INST/O
                         net (fo=1, unplaced)         0.000     0.517    u_boundary_ibuf/OUT
                         IBUFCTRL (Prop_IBUFCTRL_I_O)
                                                      0.000     0.517 r  u_boundary_ibuf/IBUFCTRL_INST/O
                         net (fo=1, unplaced)         0.161     0.678    clk_ibuf
                         BUFGCE (Prop_BUFGCE_I_O)     0.028     0.706 r  u_boundary_bufg/O
                         net (fo=26835, unplaced)     2.584     3.290    u_dut/u_unified_p4_kernel/clk
                         FDCE                                         r  u_dut/u_unified_p4_kernel/reserved_groups_q_reg[1]/C
  -------------------------------------------------------------------    -------------------
                         FDCE (Prop_FDCE_C_Q)         0.078     3.368 r  u_dut/u_unified_p4_kernel/reserved_groups_q_reg[1]/Q
                         net (fo=5, unplaced)         0.172     3.540    u_dut/u_unified_p4_kernel/reserved_groups_q[1]
                         LUT6 (Prop_LUT6_I0_O)        0.150     3.690 r  u_dut/u_unified_p4_kernel/input_group_fire_INST_0_i_8/O
                         net (fo=2, unplaced)         0.186     3.876    u_dut/u_unified_p4_kernel/input_group_fire_INST_0_i_8_n_0
                         LUT3 (Prop_LUT3_I0_O)        0.038     3.914 r  u_dut/u_unified_p4_kernel/input_group_fire_INST_0_i_7/O
                         net (fo=1, unplaced)         0.186     4.100    u_dut/u_unified_p4_kernel/input_group_fire_INST_0_i_7_n_0
                         LUT5 (Prop_LUT5_I2_O)        0.038     4.138 f  u_dut/u_unified_p4_kernel/input_group_fire_INST_0_i_3/O
                         net (fo=1, unplaced)         0.186     4.324    u_dut/u_unified_p4_kernel/input_group_fire_INST_0_i_3_n_0
                         LUT6 (Prop_LUT6_I3_O)        0.038     4.362 r  u_dut/u_unified_p4_kernel/input_group_fire_INST_0_i_1/O
                         net (fo=2, unplaced)         0.186     4.548    u_dut/u_unified_p4_kernel/ingress_valid_q42_in
                         LUT4 (Prop_LUT4_I3_O)        0.038     4.586 r  u_dut/u_unified_p4_kernel/input_group_fire_INST_0/O
                         net (fo=92, unplaced)        0.270     4.856    u_dut/kernel_input_group_fire
                         LUT5 (Prop_LUT5_I1_O)        0.038     4.894 r  u_dut/rd_cmd_bank_mask_q[3]_i_1/O
                         net (fo=11, unplaced)        0.221     5.115    u_dut/rd_cmd_ready
                         LUT6 (Prop_LUT6_I0_O)        0.038     5.153 r  u_dut/rd_cmd_group_q[4]_i_1/O
                         net (fo=79, unplaced)        0.220     5.373    u_dut/rd_cmd_accept
                         FDCE                                         r  u_dut/rd_cmd_addr_q_reg[0][0][7]/CE
  -------------------------------------------------------------------    -------------------

                         (clock clk rise edge)        2.000     2.000 r  
                                                      0.000     2.000 r  clk (IN)
                         net (fo=0)                   0.000     2.000    u_boundary_ibuf/I
                         INBUF (Prop_INBUF_PAD_O)     0.267     2.267 r  u_boundary_ibuf/INBUF_INST/O
                         net (fo=1, unplaced)         0.000     2.267    u_boundary_ibuf/OUT
                         IBUFCTRL (Prop_IBUFCTRL_I_O)
                                                      0.000     2.267 r  u_boundary_ibuf/IBUFCTRL_INST/O
                         net (fo=1, unplaced)         0.133     2.400    clk_ibuf
                         BUFGCE (Prop_BUFGCE_I_O)     0.024     2.424 r  u_boundary_bufg/O
                         net (fo=26835, unplaced)     2.439     4.863    u_dut/clk
                         FDCE                                         r  u_dut/rd_cmd_addr_q_reg[0][0][7]/C
                         clock pessimism              0.282     5.145    
                         clock uncertainty           -0.035     5.110    
                         FDCE (Setup_FDCE_C_CE)      -0.061     5.049    u_dut/rd_cmd_addr_q_reg[0][0][7]
  -------------------------------------------------------------------
                         required time                          5.049    
                         arrival time                          -5.373    
  -------------------------------------------------------------------
                         slack                                 -0.324    

Slack (VIOLATED) :        -0.324ns  (required time - arrival time)
  Source:                 u_dut/u_unified_p4_kernel/reserved_groups_q_reg[1]/C
                            (rising edge-triggered cell FDCE clocked by clk  {rise@0.000ns fall@1.000ns period=2.000ns})
  Destination:            u_dut/rd_cmd_addr_q_reg[0][0][8]/CE
                            (rising edge-triggered cell FDCE clocked by clk  {rise@0.000ns fall@1.000ns period=2.000ns})
  Path Group:             clk
  Path Type:              Setup (Max at Slow Process Corner)
  Requirement:            2.000ns  (clk rise@2.000ns - clk rise@0.000ns)
  Data Path Delay:        2.083ns  (logic 0.456ns (21.892%)  route 1.627ns (78.109%))
  Logic Levels:           7  (LUT3=1 LUT4=1 LUT5=2 LUT6=3)
  Clock Path Skew:        -0.145ns (DCD - SCD + CPR)
    Destination Clock Delay (DCD):    2.863ns = ( 4.863 - 2.000 ) 
    Source Clock Delay      (SCD):    3.290ns
    Clock Pessimism Removal (CPR):    0.282ns
  Clock Uncertainty:      0.035ns  ((TSJ^2 + TIJ^2)^1/2 + DJ) / 2 + PE + UU
    Total System Jitter     (TSJ):    0.071ns
    Total Input Jitter      (TIJ):    0.000ns
    Discrete Jitter          (DJ):    0.000ns
    Phase Error              (PE):    0.000ns
    User Uncertainty         (UU):    0.000ns

    Location             Delay type                Incr(ns)  Path(ns)    Netlist Resource(s)
  -------------------------------------------------------------------    -------------------
                         (clock clk rise edge)        0.000     0.000 r  
                                                      0.000     0.000 r  clk (IN)
                         net (fo=0)                   0.000     0.000    u_boundary_ibuf/I
                         INBUF (Prop_INBUF_PAD_O)     0.517     0.517 r  u_boundary_ibuf/INBUF_INST/O
                         net (fo=1, unplaced)         0.000     0.517    u_boundary_ibuf/OUT
                         IBUFCTRL (Prop_IBUFCTRL_I_O)
                                                      0.000     0.517 r  u_boundary_ibuf/IBUFCTRL_INST/O
                         net (fo=1, unplaced)         0.161     0.678    clk_ibuf
                         BUFGCE (Prop_BUFGCE_I_O)     0.028     0.706 r  u_boundary_bufg/O
                         net (fo=26835, unplaced)     2.584     3.290    u_dut/u_unified_p4_kernel/clk
                         FDCE                                         r  u_dut/u_unified_p4_kernel/reserved_groups_q_reg[1]/C
  -------------------------------------------------------------------    -------------------
                         FDCE (Prop_FDCE_C_Q)         0.078     3.368 r  u_dut/u_unified_p4_kernel/reserved_groups_q_reg[1]/Q
                         net (fo=5, unplaced)         0.172     3.540    u_dut/u_unified_p4_kernel/reserved_groups_q[1]
                         LUT6 (Prop_LUT6_I0_O)        0.150     3.690 r  u_dut/u_unified_p4_kernel/input_group_fire_INST_0_i_8/O
                         net (fo=2, unplaced)         0.186     3.876    u_dut/u_unified_p4_kernel/input_group_fire_INST_0_i_8_n_0
                         LUT3 (Prop_LUT3_I0_O)        0.038     3.914 r  u_dut/u_unified_p4_kernel/input_group_fire_INST_0_i_7/O
                         net (fo=1, unplaced)         0.186     4.100    u_dut/u_unified_p4_kernel/input_group_fire_INST_0_i_7_n_0
                         LUT5 (Prop_LUT5_I2_O)        0.038     4.138 f  u_dut/u_unified_p4_kernel/input_group_fire_INST_0_i_3/O
                         net (fo=1, unplaced)         0.186     4.324    u_dut/u_unified_p4_kernel/input_group_fire_INST_0_i_3_n_0
                         LUT6 (Prop_LUT6_I3_O)        0.038     4.362 r  u_dut/u_unified_p4_kernel/input_group_fire_INST_0_i_1/O
                         net (fo=2, unplaced)         0.186     4.548    u_dut/u_unified_p4_kernel/ingress_valid_q42_in
                         LUT4 (Prop_LUT4_I3_O)        0.038     4.586 r  u_dut/u_unified_p4_kernel/input_group_fire_INST_0/O
                         net (fo=92, unplaced)        0.270     4.856    u_dut/kernel_input_group_fire
                         LUT5 (Prop_LUT5_I1_O)        0.038     4.894 r  u_dut/rd_cmd_bank_mask_q[3]_i_1/O
                         net (fo=11, unplaced)        0.221     5.115    u_dut/rd_cmd_ready
                         LUT6 (Prop_LUT6_I0_O)        0.038     5.153 r  u_dut/rd_cmd_group_q[4]_i_1/O
                         net (fo=79, unplaced)        0.220     5.373    u_dut/rd_cmd_accept
                         FDCE                                         r  u_dut/rd_cmd_addr_q_reg[0][0][8]/CE
  -------------------------------------------------------------------    -------------------

                         (clock clk rise edge)        2.000     2.000 r  
                                                      0.000     2.000 r  clk (IN)
                         net (fo=0)                   0.000     2.000    u_boundary_ibuf/I
                         INBUF (Prop_INBUF_PAD_O)     0.267     2.267 r  u_boundary_ibuf/INBUF_INST/O
                         net (fo=1, unplaced)         0.000     2.267    u_boundary_ibuf/OUT
                         IBUFCTRL (Prop_IBUFCTRL_I_O)
                                                      0.000     2.267 r  u_boundary_ibuf/IBUFCTRL_INST/O
                         net (fo=1, unplaced)         0.133     2.400    clk_ibuf
                         BUFGCE (Prop_BUFGCE_I_O)     0.024     2.424 r  u_boundary_bufg/O
                         net (fo=26835, unplaced)     2.439     4.863    u_dut/clk
                         FDCE                                         r  u_dut/rd_cmd_addr_q_reg[0][0][8]/C
                         clock pessimism              0.282     5.145    
                         clock uncertainty           -0.035     5.110    
                         FDCE (Setup_FDCE_C_CE)      -0.061     5.049    u_dut/rd_cmd_addr_q_reg[0][0][8]
  -------------------------------------------------------------------
                         required time                          5.049    
                         arrival time                          -5.373    
  -------------------------------------------------------------------
                         slack                                 -0.324    

Slack (VIOLATED) :        -0.324ns  (required time - arrival time)
  Source:                 u_dut/u_unified_p4_kernel/reserved_groups_q_reg[1]/C
                            (rising edge-triggered cell FDCE clocked by clk  {rise@0.000ns fall@1.000ns period=2.000ns})
  Destination:            u_dut/rd_cmd_addr_q_reg[0][0][9]/CE
                            (rising edge-triggered cell FDCE clocked by clk  {rise@0.000ns fall@1.000ns period=2.000ns})
  Path Group:             clk
  Path Type:              Setup (Max at Slow Process Corner)
  Requirement:            2.000ns  (clk rise@2.000ns - clk rise@0.000ns)
  Data Path Delay:        2.083ns  (logic 0.456ns (21.892%)  route 1.627ns (78.109%))
  Logic Levels:           7  (LUT3=1 LUT4=1 LUT5=2 LUT6=3)
  Clock Path Skew:        -0.145ns (DCD - SCD + CPR)
    Destination Clock Delay (DCD):    2.863ns = ( 4.863 - 2.000 ) 
    Source Clock Delay      (SCD):    3.290ns
    Clock Pessimism Removal (CPR):    0.282ns
  Clock Uncertainty:      0.035ns  ((TSJ^2 + TIJ^2)^1/2 + DJ) / 2 + PE + UU
    Total System Jitter     (TSJ):    0.071ns
    Total Input Jitter      (TIJ):    0.000ns
    Discrete Jitter          (DJ):    0.000ns
    Phase Error              (PE):    0.000ns
    User Uncertainty         (UU):    0.000ns

    Location             Delay type                Incr(ns)  Path(ns)    Netlist Resource(s)
  -------------------------------------------------------------------    -------------------
                         (clock clk rise edge)        0.000     0.000 r  
                                                      0.000     0.000 r  clk (IN)
                         net (fo=0)                   0.000     0.000    u_boundary_ibuf/I
                         INBUF (Prop_INBUF_PAD_O)     0.517     0.517 r  u_boundary_ibuf/INBUF_INST/O
                         net (fo=1, unplaced)         0.000     0.517    u_boundary_ibuf/OUT
                         IBUFCTRL (Prop_IBUFCTRL_I_O)
                                                      0.000     0.517 r  u_boundary_ibuf/IBUFCTRL_INST/O
                         net (fo=1, unplaced)         0.161     0.678    clk_ibuf
                         BUFGCE (Prop_BUFGCE_I_O)     0.028     0.706 r  u_boundary_bufg/O
                         net (fo=26835, unplaced)     2.584     3.290    u_dut/u_unified_p4_kernel/clk
                         FDCE                                         r  u_dut/u_unified_p4_kernel/reserved_groups_q_reg[1]/C
  -------------------------------------------------------------------    -------------------
                         FDCE (Prop_FDCE_C_Q)         0.078     3.368 r  u_dut/u_unified_p4_kernel/reserved_groups_q_reg[1]/Q
                         net (fo=5, unplaced)         0.172     3.540    u_dut/u_unified_p4_kernel/reserved_groups_q[1]
                         LUT6 (Prop_LUT6_I0_O)        0.150     3.690 r  u_dut/u_unified_p4_kernel/input_group_fire_INST_0_i_8/O
                         net (fo=2, unplaced)         0.186     3.876    u_dut/u_unified_p4_kernel/input_group_fire_INST_0_i_8_n_0
                         LUT3 (Prop_LUT3_I0_O)        0.038     3.914 r  u_dut/u_unified_p4_kernel/input_group_fire_INST_0_i_7/O
                         net (fo=1, unplaced)         0.186     4.100    u_dut/u_unified_p4_kernel/input_group_fire_INST_0_i_7_n_0
                         LUT5 (Prop_LUT5_I2_O)        0.038     4.138 f  u_dut/u_unified_p4_kernel/input_group_fire_INST_0_i_3/O
                         net (fo=1, unplaced)         0.186     4.324    u_dut/u_unified_p4_kernel/input_group_fire_INST_0_i_3_n_0
                         LUT6 (Prop_LUT6_I3_O)        0.038     4.362 r  u_dut/u_unified_p4_kernel/input_group_fire_INST_0_i_1/O
                         net (fo=2, unplaced)         0.186     4.548    u_dut/u_unified_p4_kernel/ingress_valid_q42_in
                         LUT4 (Prop_LUT4_I3_O)        0.038     4.586 r  u_dut/u_unified_p4_kernel/input_group_fire_INST_0/O
                         net (fo=92, unplaced)        0.270     4.856    u_dut/kernel_input_group_fire
                         LUT5 (Prop_LUT5_I1_O)        0.038     4.894 r  u_dut/rd_cmd_bank_mask_q[3]_i_1/O
                         net (fo=11, unplaced)        0.221     5.115    u_dut/rd_cmd_ready
                         LUT6 (Prop_LUT6_I0_O)        0.038     5.153 r  u_dut/rd_cmd_group_q[4]_i_1/O
                         net (fo=79, unplaced)        0.220     5.373    u_dut/rd_cmd_accept
                         FDCE                                         r  u_dut/rd_cmd_addr_q_reg[0][0][9]/CE
  -------------------------------------------------------------------    -------------------

                         (clock clk rise edge)        2.000     2.000 r  
                                                      0.000     2.000 r  clk (IN)
                         net (fo=0)                   0.000     2.000    u_boundary_ibuf/I
                         INBUF (Prop_INBUF_PAD_O)     0.267     2.267 r  u_boundary_ibuf/INBUF_INST/O
                         net (fo=1, unplaced)         0.000     2.267    u_boundary_ibuf/OUT
                         IBUFCTRL (Prop_IBUFCTRL_I_O)
                                                      0.000     2.267 r  u_boundary_ibuf/IBUFCTRL_INST/O
                         net (fo=1, unplaced)         0.133     2.400    clk_ibuf
                         BUFGCE (Prop_BUFGCE_I_O)     0.024     2.424 r  u_boundary_bufg/O
                         net (fo=26835, unplaced)     2.439     4.863    u_dut/clk
                         FDCE                                         r  u_dut/rd_cmd_addr_q_reg[0][0][9]/C
                         clock pessimism              0.282     5.145    
                         clock uncertainty           -0.035     5.110    
                         FDCE (Setup_FDCE_C_CE)      -0.061     5.049    u_dut/rd_cmd_addr_q_reg[0][0][9]
  -------------------------------------------------------------------
                         required time                          5.049    
                         arrival time                          -5.373    
  -------------------------------------------------------------------
                         slack                                 -0.324    

Slack (VIOLATED) :        -0.324ns  (required time - arrival time)
  Source:                 u_dut/u_unified_p4_kernel/reserved_groups_q_reg[1]/C
                            (rising edge-triggered cell FDCE clocked by clk  {rise@0.000ns fall@1.000ns period=2.000ns})
  Destination:            u_dut/rd_cmd_addr_q_reg[0][1][4]/CE
                            (rising edge-triggered cell FDCE clocked by clk  {rise@0.000ns fall@1.000ns period=2.000ns})
  Path Group:             clk
  Path Type:              Setup (Max at Slow Process Corner)
  Requirement:            2.000ns  (clk rise@2.000ns - clk rise@0.000ns)
  Data Path Delay:        2.083ns  (logic 0.456ns (21.892%)  route 1.627ns (78.109%))
  Logic Levels:           7  (LUT3=1 LUT4=1 LUT5=2 LUT6=3)
  Clock Path Skew:        -0.145ns (DCD - SCD + CPR)
    Destination Clock Delay (DCD):    2.863ns = ( 4.863 - 2.000 ) 
    Source Clock Delay      (SCD):    3.290ns
    Clock Pessimism Removal (CPR):    0.282ns
  Clock Uncertainty:      0.035ns  ((TSJ^2 + TIJ^2)^1/2 + DJ) / 2 + PE + UU
    Total System Jitter     (TSJ):    0.071ns
    Total Input Jitter      (TIJ):    0.000ns
    Discrete Jitter          (DJ):    0.000ns
    Phase Error              (PE):    0.000ns
    User Uncertainty         (UU):    0.000ns

    Location             Delay type                Incr(ns)  Path(ns)    Netlist Resource(s)
  -------------------------------------------------------------------    -------------------
                         (clock clk rise edge)        0.000     0.000 r  
                                                      0.000     0.000 r  clk (IN)
                         net (fo=0)                   0.000     0.000    u_boundary_ibuf/I
                         INBUF (Prop_INBUF_PAD_O)     0.517     0.517 r  u_boundary_ibuf/INBUF_INST/O
                         net (fo=1, unplaced)         0.000     0.517    u_boundary_ibuf/OUT
                         IBUFCTRL (Prop_IBUFCTRL_I_O)
                                                      0.000     0.517 r  u_boundary_ibuf/IBUFCTRL_INST/O
                         net (fo=1, unplaced)         0.161     0.678    clk_ibuf
                         BUFGCE (Prop_BUFGCE_I_O)     0.028     0.706 r  u_boundary_bufg/O
                         net (fo=26835, unplaced)     2.584     3.290    u_dut/u_unified_p4_kernel/clk
                         FDCE                                         r  u_dut/u_unified_p4_kernel/reserved_groups_q_reg[1]/C
  -------------------------------------------------------------------    -------------------
                         FDCE (Prop_FDCE_C_Q)         0.078     3.368 r  u_dut/u_unified_p4_kernel/reserved_groups_q_reg[1]/Q
                         net (fo=5, unplaced)         0.172     3.540    u_dut/u_unified_p4_kernel/reserved_groups_q[1]
                         LUT6 (Prop_LUT6_I0_O)        0.150     3.690 r  u_dut/u_unified_p4_kernel/input_group_fire_INST_0_i_8/O
                         net (fo=2, unplaced)         0.186     3.876    u_dut/u_unified_p4_kernel/input_group_fire_INST_0_i_8_n_0
                         LUT3 (Prop_LUT3_I0_O)        0.038     3.914 r  u_dut/u_unified_p4_kernel/input_group_fire_INST_0_i_7/O
                         net (fo=1, unplaced)         0.186     4.100    u_dut/u_unified_p4_kernel/input_group_fire_INST_0_i_7_n_0
                         LUT5 (Prop_LUT5_I2_O)        0.038     4.138 f  u_dut/u_unified_p4_kernel/input_group_fire_INST_0_i_3/O
                         net (fo=1, unplaced)         0.186     4.324    u_dut/u_unified_p4_kernel/input_group_fire_INST_0_i_3_n_0
                         LUT6 (Prop_LUT6_I3_O)        0.038     4.362 r  u_dut/u_unified_p4_kernel/input_group_fire_INST_0_i_1/O
                         net (fo=2, unplaced)         0.186     4.548    u_dut/u_unified_p4_kernel/ingress_valid_q42_in
                         LUT4 (Prop_LUT4_I3_O)        0.038     4.586 r  u_dut/u_unified_p4_kernel/input_group_fire_INST_0/O
                         net (fo=92, unplaced)        0.270     4.856    u_dut/kernel_input_group_fire
                         LUT5 (Prop_LUT5_I1_O)        0.038     4.894 r  u_dut/rd_cmd_bank_mask_q[3]_i_1/O
                         net (fo=11, unplaced)        0.221     5.115    u_dut/rd_cmd_ready
                         LUT6 (Prop_LUT6_I0_O)        0.038     5.153 r  u_dut/rd_cmd_group_q[4]_i_1/O
                         net (fo=79, unplaced)        0.220     5.373    u_dut/rd_cmd_accept
                         FDCE                                         r  u_dut/rd_cmd_addr_q_reg[0][1][4]/CE
  -------------------------------------------------------------------    -------------------

                         (clock clk rise edge)        2.000     2.000 r  
                                                      0.000     2.000 r  clk (IN)
                         net (fo=0)                   0.000     2.000    u_boundary_ibuf/I
                         INBUF (Prop_INBUF_PAD_O)     0.267     2.267 r  u_boundary_ibuf/INBUF_INST/O
                         net (fo=1, unplaced)         0.000     2.267    u_boundary_ibuf/OUT
                         IBUFCTRL (Prop_IBUFCTRL_I_O)
                                                      0.000     2.267 r  u_boundary_ibuf/IBUFCTRL_INST/O
                         net (fo=1, unplaced)         0.133     2.400    clk_ibuf
                         BUFGCE (Prop_BUFGCE_I_O)     0.024     2.424 r  u_boundary_bufg/O
                         net (fo=26835, unplaced)     2.439     4.863    u_dut/clk
                         FDCE                                         r  u_dut/rd_cmd_addr_q_reg[0][1][4]/C
                         clock pessimism              0.282     5.145    
                         clock uncertainty           -0.035     5.110    
                         FDCE (Setup_FDCE_C_CE)      -0.061     5.049    u_dut/rd_cmd_addr_q_reg[0][1][4]
  -------------------------------------------------------------------
                         required time                          5.049    
                         arrival time                          -5.373    
  -------------------------------------------------------------------
                         slack                                 -0.324    

Slack (VIOLATED) :        -0.324ns  (required time - arrival time)
  Source:                 u_dut/u_unified_p4_kernel/reserved_groups_q_reg[1]/C
                            (rising edge-triggered cell FDCE clocked by clk  {rise@0.000ns fall@1.000ns period=2.000ns})
  Destination:            u_dut/rd_cmd_addr_q_reg[0][1][5]/CE
                            (rising edge-triggered cell FDCE clocked by clk  {rise@0.000ns fall@1.000ns period=2.000ns})
  Path Group:             clk
  Path Type:              Setup (Max at Slow Process Corner)
  Requirement:            2.000ns  (clk rise@2.000ns - clk rise@0.000ns)
  Data Path Delay:        2.083ns  (logic 0.456ns (21.892%)  route 1.627ns (78.109%))
  Logic Levels:           7  (LUT3=1 LUT4=1 LUT5=2 LUT6=3)
  Clock Path Skew:        -0.145ns (DCD - SCD + CPR)
    Destination Clock Delay (DCD):    2.863ns = ( 4.863 - 2.000 ) 
    Source Clock Delay      (SCD):    3.290ns
    Clock Pessimism Removal (CPR):    0.282ns
  Clock Uncertainty:      0.035ns  ((TSJ^2 + TIJ^2)^1/2 + DJ) / 2 + PE + UU
    Total System Jitter     (TSJ):    0.071ns
    Total Input Jitter      (TIJ):    0.000ns
    Discrete Jitter          (DJ):    0.000ns
    Phase Error              (PE):    0.000ns
    User Uncertainty         (UU):    0.000ns

    Location             Delay type                Incr(ns)  Path(ns)    Netlist Resource(s)
  -------------------------------------------------------------------    -------------------
                         (clock clk rise edge)        0.000     0.000 r  
                                                      0.000     0.000 r  clk (IN)
                         net (fo=0)                   0.000     0.000    u_boundary_ibuf/I
                         INBUF (Prop_INBUF_PAD_O)     0.517     0.517 r  u_boundary_ibuf/INBUF_INST/O
                         net (fo=1, unplaced)         0.000     0.517    u_boundary_ibuf/OUT
                         IBUFCTRL (Prop_IBUFCTRL_I_O)
                                                      0.000     0.517 r  u_boundary_ibuf/IBUFCTRL_INST/O
                         net (fo=1, unplaced)         0.161     0.678    clk_ibuf
                         BUFGCE (Prop_BUFGCE_I_O)     0.028     0.706 r  u_boundary_bufg/O
                         net (fo=26835, unplaced)     2.584     3.290    u_dut/u_unified_p4_kernel/clk
                         FDCE                                         r  u_dut/u_unified_p4_kernel/reserved_groups_q_reg[1]/C
  -------------------------------------------------------------------    -------------------
                         FDCE (Prop_FDCE_C_Q)         0.078     3.368 r  u_dut/u_unified_p4_kernel/reserved_groups_q_reg[1]/Q
                         net (fo=5, unplaced)         0.172     3.540    u_dut/u_unified_p4_kernel/reserved_groups_q[1]
                         LUT6 (Prop_LUT6_I0_O)        0.150     3.690 r  u_dut/u_unified_p4_kernel/input_group_fire_INST_0_i_8/O
                         net (fo=2, unplaced)         0.186     3.876    u_dut/u_unified_p4_kernel/input_group_fire_INST_0_i_8_n_0
                         LUT3 (Prop_LUT3_I0_O)        0.038     3.914 r  u_dut/u_unified_p4_kernel/input_group_fire_INST_0_i_7/O
                         net (fo=1, unplaced)         0.186     4.100    u_dut/u_unified_p4_kernel/input_group_fire_INST_0_i_7_n_0
                         LUT5 (Prop_LUT5_I2_O)        0.038     4.138 f  u_dut/u_unified_p4_kernel/input_group_fire_INST_0_i_3/O
                         net (fo=1, unplaced)         0.186     4.324    u_dut/u_unified_p4_kernel/input_group_fire_INST_0_i_3_n_0
                         LUT6 (Prop_LUT6_I3_O)        0.038     4.362 r  u_dut/u_unified_p4_kernel/input_group_fire_INST_0_i_1/O
                         net (fo=2, unplaced)         0.186     4.548    u_dut/u_unified_p4_kernel/ingress_valid_q42_in
                         LUT4 (Prop_LUT4_I3_O)        0.038     4.586 r  u_dut/u_unified_p4_kernel/input_group_fire_INST_0/O
                         net (fo=92, unplaced)        0.270     4.856    u_dut/kernel_input_group_fire
                         LUT5 (Prop_LUT5_I1_O)        0.038     4.894 r  u_dut/rd_cmd_bank_mask_q[3]_i_1/O
                         net (fo=11, unplaced)        0.221     5.115    u_dut/rd_cmd_ready
                         LUT6 (Prop_LUT6_I0_O)        0.038     5.153 r  u_dut/rd_cmd_group_q[4]_i_1/O
                         net (fo=79, unplaced)        0.220     5.373    u_dut/rd_cmd_accept
                         FDCE                                         r  u_dut/rd_cmd_addr_q_reg[0][1][5]/CE
  -------------------------------------------------------------------    -------------------

                         (clock clk rise edge)        2.000     2.000 r  
                                                      0.000     2.000 r  clk (IN)
                         net (fo=0)                   0.000     2.000    u_boundary_ibuf/I
                         INBUF (Prop_INBUF_PAD_O)     0.267     2.267 r  u_boundary_ibuf/INBUF_INST/O
                         net (fo=1, unplaced)         0.000     2.267    u_boundary_ibuf/OUT
                         IBUFCTRL (Prop_IBUFCTRL_I_O)
                                                      0.000     2.267 r  u_boundary_ibuf/IBUFCTRL_INST/O
                         net (fo=1, unplaced)         0.133     2.400    clk_ibuf
                         BUFGCE (Prop_BUFGCE_I_O)     0.024     2.424 r  u_boundary_bufg/O
                         net (fo=26835, unplaced)     2.439     4.863    u_dut/clk
                         FDCE                                         r  u_dut/rd_cmd_addr_q_reg[0][1][5]/C
                         clock pessimism              0.282     5.145    
                         clock uncertainty           -0.035     5.110    
                         FDCE (Setup_FDCE_C_CE)      -0.061     5.049    u_dut/rd_cmd_addr_q_reg[0][1][5]
  -------------------------------------------------------------------
                         required time                          5.049    
                         arrival time                          -5.373    
  -------------------------------------------------------------------
                         slack                                 -0.324    

Slack (VIOLATED) :        -0.324ns  (required time - arrival time)
  Source:                 u_dut/u_unified_p4_kernel/reserved_groups_q_reg[1]/C
                            (rising edge-triggered cell FDCE clocked by clk  {rise@0.000ns fall@1.000ns period=2.000ns})
  Destination:            u_dut/rd_cmd_addr_q_reg[0][1][6]/CE
                            (rising edge-triggered cell FDCE clocked by clk  {rise@0.000ns fall@1.000ns period=2.000ns})
  Path Group:             clk
  Path Type:              Setup (Max at Slow Process Corner)
  Requirement:            2.000ns  (clk rise@2.000ns - clk rise@0.000ns)
  Data Path Delay:        2.083ns  (logic 0.456ns (21.892%)  route 1.627ns (78.109%))
  Logic Levels:           7  (LUT3=1 LUT4=1 LUT5=2 LUT6=3)
  Clock Path Skew:        -0.145ns (DCD - SCD + CPR)
    Destination Clock Delay (DCD):    2.863ns = ( 4.863 - 2.000 ) 
    Source Clock Delay      (SCD):    3.290ns
    Clock Pessimism Removal (CPR):    0.282ns
  Clock Uncertainty:      0.035ns  ((TSJ^2 + TIJ^2)^1/2 + DJ) / 2 + PE + UU
    Total System Jitter     (TSJ):    0.071ns
    Total Input Jitter      (TIJ):    0.000ns
    Discrete Jitter          (DJ):    0.000ns
    Phase Error              (PE):    0.000ns
    User Uncertainty         (UU):    0.000ns

    Location             Delay type                Incr(ns)  Path(ns)    Netlist Resource(s)
  -------------------------------------------------------------------    -------------------
                         (clock clk rise edge)        0.000     0.000 r  
                                                      0.000     0.000 r  clk (IN)
                         net (fo=0)                   0.000     0.000    u_boundary_ibuf/I
                         INBUF (Prop_INBUF_PAD_O)     0.517     0.517 r  u_boundary_ibuf/INBUF_INST/O
                         net (fo=1, unplaced)         0.000     0.517    u_boundary_ibuf/OUT
                         IBUFCTRL (Prop_IBUFCTRL_I_O)
                                                      0.000     0.517 r  u_boundary_ibuf/IBUFCTRL_INST/O
                         net (fo=1, unplaced)         0.161     0.678    clk_ibuf
                         BUFGCE (Prop_BUFGCE_I_O)     0.028     0.706 r  u_boundary_bufg/O
                         net (fo=26835, unplaced)     2.584     3.290    u_dut/u_unified_p4_kernel/clk
                         FDCE                                         r  u_dut/u_unified_p4_kernel/reserved_groups_q_reg[1]/C
  -------------------------------------------------------------------    -------------------
                         FDCE (Prop_FDCE_C_Q)         0.078     3.368 r  u_dut/u_unified_p4_kernel/reserved_groups_q_reg[1]/Q
                         net (fo=5, unplaced)         0.172     3.540    u_dut/u_unified_p4_kernel/reserved_groups_q[1]
                         LUT6 (Prop_LUT6_I0_O)        0.150     3.690 r  u_dut/u_unified_p4_kernel/input_group_fire_INST_0_i_8/O
                         net (fo=2, unplaced)         0.186     3.876    u_dut/u_unified_p4_kernel/input_group_fire_INST_0_i_8_n_0
                         LUT3 (Prop_LUT3_I0_O)        0.038     3.914 r  u_dut/u_unified_p4_kernel/input_group_fire_INST_0_i_7/O
                         net (fo=1, unplaced)         0.186     4.100    u_dut/u_unified_p4_kernel/input_group_fire_INST_0_i_7_n_0
                         LUT5 (Prop_LUT5_I2_O)        0.038     4.138 f  u_dut/u_unified_p4_kernel/input_group_fire_INST_0_i_3/O
                         net (fo=1, unplaced)         0.186     4.324    u_dut/u_unified_p4_kernel/input_group_fire_INST_0_i_3_n_0
                         LUT6 (Prop_LUT6_I3_O)        0.038     4.362 r  u_dut/u_unified_p4_kernel/input_group_fire_INST_0_i_1/O
                         net (fo=2, unplaced)         0.186     4.548    u_dut/u_unified_p4_kernel/ingress_valid_q42_in
                         LUT4 (Prop_LUT4_I3_O)        0.038     4.586 r  u_dut/u_unified_p4_kernel/input_group_fire_INST_0/O
                         net (fo=92, unplaced)        0.270     4.856    u_dut/kernel_input_group_fire
                         LUT5 (Prop_LUT5_I1_O)        0.038     4.894 r  u_dut/rd_cmd_bank_mask_q[3]_i_1/O
                         net (fo=11, unplaced)        0.221     5.115    u_dut/rd_cmd_ready
                         LUT6 (Prop_LUT6_I0_O)        0.038     5.153 r  u_dut/rd_cmd_group_q[4]_i_1/O
                         net (fo=79, unplaced)        0.220     5.373    u_dut/rd_cmd_accept
                         FDCE                                         r  u_dut/rd_cmd_addr_q_reg[0][1][6]/CE
  -------------------------------------------------------------------    -------------------

                         (clock clk rise edge)        2.000     2.000 r  
                                                      0.000     2.000 r  clk (IN)
                         net (fo=0)                   0.000     2.000    u_boundary_ibuf/I
                         INBUF (Prop_INBUF_PAD_O)     0.267     2.267 r  u_boundary_ibuf/INBUF_INST/O
                         net (fo=1, unplaced)         0.000     2.267    u_boundary_ibuf/OUT
                         IBUFCTRL (Prop_IBUFCTRL_I_O)
                                                      0.000     2.267 r  u_boundary_ibuf/IBUFCTRL_INST/O
                         net (fo=1, unplaced)         0.133     2.400    clk_ibuf
                         BUFGCE (Prop_BUFGCE_I_O)     0.024     2.424 r  u_boundary_bufg/O
                         net (fo=26835, unplaced)     2.439     4.863    u_dut/clk
                         FDCE                                         r  u_dut/rd_cmd_addr_q_reg[0][1][6]/C
                         clock pessimism              0.282     5.145    
                         clock uncertainty           -0.035     5.110    
                         FDCE (Setup_FDCE_C_CE)      -0.061     5.049    u_dut/rd_cmd_addr_q_reg[0][1][6]
  -------------------------------------------------------------------
                         required time                          5.049    
                         arrival time                          -5.373    
  -------------------------------------------------------------------
                         slack                                 -0.324    

Slack (VIOLATED) :        -0.324ns  (required time - arrival time)
  Source:                 u_dut/u_unified_p4_kernel/reserved_groups_q_reg[1]/C
                            (rising edge-triggered cell FDCE clocked by clk  {rise@0.000ns fall@1.000ns period=2.000ns})
  Destination:            u_dut/rd_cmd_addr_q_reg[0][1][7]/CE
                            (rising edge-triggered cell FDCE clocked by clk  {rise@0.000ns fall@1.000ns period=2.000ns})
  Path Group:             clk
  Path Type:              Setup (Max at Slow Process Corner)
  Requirement:            2.000ns  (clk rise@2.000ns - clk rise@0.000ns)
  Data Path Delay:        2.083ns  (logic 0.456ns (21.892%)  route 1.627ns (78.109%))
  Logic Levels:           7  (LUT3=1 LUT4=1 LUT5=2 LUT6=3)
  Clock Path Skew:        -0.145ns (DCD - SCD + CPR)
    Destination Clock Delay (DCD):    2.863ns = ( 4.863 - 2.000 ) 
    Source Clock Delay      (SCD):    3.290ns
    Clock Pessimism Removal (CPR):    0.282ns
  Clock Uncertainty:      0.035ns  ((TSJ^2 + TIJ^2)^1/2 + DJ) / 2 + PE + UU
    Total System Jitter     (TSJ):    0.071ns
    Total Input Jitter      (TIJ):    0.000ns
    Discrete Jitter          (DJ):    0.000ns
    Phase Error              (PE):    0.000ns
    User Uncertainty         (UU):    0.000ns

    Location             Delay type                Incr(ns)  Path(ns)    Netlist Resource(s)
  -------------------------------------------------------------------    -------------------
                         (clock clk rise edge)        0.000     0.000 r  
                                                      0.000     0.000 r  clk (IN)
                         net (fo=0)                   0.000     0.000    u_boundary_ibuf/I
                         INBUF (Prop_INBUF_PAD_O)     0.517     0.517 r  u_boundary_ibuf/INBUF_INST/O
                         net (fo=1, unplaced)         0.000     0.517    u_boundary_ibuf/OUT
                         IBUFCTRL (Prop_IBUFCTRL_I_O)
                                                      0.000     0.517 r  u_boundary_ibuf/IBUFCTRL_INST/O
                         net (fo=1, unplaced)         0.161     0.678    clk_ibuf
                         BUFGCE (Prop_BUFGCE_I_O)     0.028     0.706 r  u_boundary_bufg/O
                         net (fo=26835, unplaced)     2.584     3.290    u_dut/u_unified_p4_kernel/clk
                         FDCE                                         r  u_dut/u_unified_p4_kernel/reserved_groups_q_reg[1]/C
  -------------------------------------------------------------------    -------------------
                         FDCE (Prop_FDCE_C_Q)         0.078     3.368 r  u_dut/u_unified_p4_kernel/reserved_groups_q_reg[1]/Q
                         net (fo=5, unplaced)         0.172     3.540    u_dut/u_unified_p4_kernel/reserved_groups_q[1]
                         LUT6 (Prop_LUT6_I0_O)        0.150     3.690 r  u_dut/u_unified_p4_kernel/input_group_fire_INST_0_i_8/O
                         net (fo=2, unplaced)         0.186     3.876    u_dut/u_unified_p4_kernel/input_group_fire_INST_0_i_8_n_0
                         LUT3 (Prop_LUT3_I0_O)        0.038     3.914 r  u_dut/u_unified_p4_kernel/input_group_fire_INST_0_i_7/O
                         net (fo=1, unplaced)         0.186     4.100    u_dut/u_unified_p4_kernel/input_group_fire_INST_0_i_7_n_0
                         LUT5 (Prop_LUT5_I2_O)        0.038     4.138 f  u_dut/u_unified_p4_kernel/input_group_fire_INST_0_i_3/O
                         net (fo=1, unplaced)         0.186     4.324    u_dut/u_unified_p4_kernel/input_group_fire_INST_0_i_3_n_0
                         LUT6 (Prop_LUT6_I3_O)        0.038     4.362 r  u_dut/u_unified_p4_kernel/input_group_fire_INST_0_i_1/O
                         net (fo=2, unplaced)         0.186     4.548    u_dut/u_unified_p4_kernel/ingress_valid_q42_in
                         LUT4 (Prop_LUT4_I3_O)        0.038     4.586 r  u_dut/u_unified_p4_kernel/input_group_fire_INST_0/O
                         net (fo=92, unplaced)        0.270     4.856    u_dut/kernel_input_group_fire
                         LUT5 (Prop_LUT5_I1_O)        0.038     4.894 r  u_dut/rd_cmd_bank_mask_q[3]_i_1/O
                         net (fo=11, unplaced)        0.221     5.115    u_dut/rd_cmd_ready
                         LUT6 (Prop_LUT6_I0_O)        0.038     5.153 r  u_dut/rd_cmd_group_q[4]_i_1/O
                         net (fo=79, unplaced)        0.220     5.373    u_dut/rd_cmd_accept
                         FDCE                                         r  u_dut/rd_cmd_addr_q_reg[0][1][7]/CE
  -------------------------------------------------------------------    -------------------

                         (clock clk rise edge)        2.000     2.000 r  
                                                      0.000     2.000 r  clk (IN)
                         net (fo=0)                   0.000     2.000    u_boundary_ibuf/I
                         INBUF (Prop_INBUF_PAD_O)     0.267     2.267 r  u_boundary_ibuf/INBUF_INST/O
                         net (fo=1, unplaced)         0.000     2.267    u_boundary_ibuf/OUT
                         IBUFCTRL (Prop_IBUFCTRL_I_O)
                                                      0.000     2.267 r  u_boundary_ibuf/IBUFCTRL_INST/O
                         net (fo=1, unplaced)         0.133     2.400    clk_ibuf
                         BUFGCE (Prop_BUFGCE_I_O)     0.024     2.424 r  u_boundary_bufg/O
                         net (fo=26835, unplaced)     2.439     4.863    u_dut/clk
                         FDCE                                         r  u_dut/rd_cmd_addr_q_reg[0][1][7]/C
                         clock pessimism              0.282     5.145    
                         clock uncertainty           -0.035     5.110    
                         FDCE (Setup_FDCE_C_CE)      -0.061     5.049    u_dut/rd_cmd_addr_q_reg[0][1][7]
  -------------------------------------------------------------------
                         required time                          5.049    
                         arrival time                          -5.373    
  -------------------------------------------------------------------
                         slack                                 -0.324    

Slack (VIOLATED) :        -0.324ns  (required time - arrival time)
  Source:                 u_dut/u_unified_p4_kernel/reserved_groups_q_reg[1]/C
                            (rising edge-triggered cell FDCE clocked by clk  {rise@0.000ns fall@1.000ns period=2.000ns})
  Destination:            u_dut/rd_cmd_addr_q_reg[0][1][8]/CE
                            (rising edge-triggered cell FDCE clocked by clk  {rise@0.000ns fall@1.000ns period=2.000ns})
  Path Group:             clk
  Path Type:              Setup (Max at Slow Process Corner)
  Requirement:            2.000ns  (clk rise@2.000ns - clk rise@0.000ns)
  Data Path Delay:        2.083ns  (logic 0.456ns (21.892%)  route 1.627ns (78.109%))
  Logic Levels:           7  (LUT3=1 LUT4=1 LUT5=2 LUT6=3)
  Clock Path Skew:        -0.145ns (DCD - SCD + CPR)
    Destination Clock Delay (DCD):    2.863ns = ( 4.863 - 2.000 ) 
    Source Clock Delay      (SCD):    3.290ns
    Clock Pessimism Removal (CPR):    0.282ns
  Clock Uncertainty:      0.035ns  ((TSJ^2 + TIJ^2)^1/2 + DJ) / 2 + PE + UU
    Total System Jitter     (TSJ):    0.071ns
    Total Input Jitter      (TIJ):    0.000ns
    Discrete Jitter          (DJ):    0.000ns
    Phase Error              (PE):    0.000ns
    User Uncertainty         (UU):    0.000ns

    Location             Delay type                Incr(ns)  Path(ns)    Netlist Resource(s)
  -------------------------------------------------------------------    -------------------
                         (clock clk rise edge)        0.000     0.000 r  
                                                      0.000     0.000 r  clk (IN)
                         net (fo=0)                   0.000     0.000    u_boundary_ibuf/I
                         INBUF (Prop_INBUF_PAD_O)     0.517     0.517 r  u_boundary_ibuf/INBUF_INST/O
                         net (fo=1, unplaced)         0.000     0.517    u_boundary_ibuf/OUT
                         IBUFCTRL (Prop_IBUFCTRL_I_O)
                                                      0.000     0.517 r  u_boundary_ibuf/IBUFCTRL_INST/O
                         net (fo=1, unplaced)         0.161     0.678    clk_ibuf
                         BUFGCE (Prop_BUFGCE_I_O)     0.028     0.706 r  u_boundary_bufg/O
                         net (fo=26835, unplaced)     2.584     3.290    u_dut/u_unified_p4_kernel/clk
                         FDCE                                         r  u_dut/u_unified_p4_kernel/reserved_groups_q_reg[1]/C
  -------------------------------------------------------------------    -------------------
                         FDCE (Prop_FDCE_C_Q)         0.078     3.368 r  u_dut/u_unified_p4_kernel/reserved_groups_q_reg[1]/Q
                         net (fo=5, unplaced)         0.172     3.540    u_dut/u_unified_p4_kernel/reserved_groups_q[1]
                         LUT6 (Prop_LUT6_I0_O)        0.150     3.690 r  u_dut/u_unified_p4_kernel/input_group_fire_INST_0_i_8/O
                         net (fo=2, unplaced)         0.186     3.876    u_dut/u_unified_p4_kernel/input_group_fire_INST_0_i_8_n_0
                         LUT3 (Prop_LUT3_I0_O)        0.038     3.914 r  u_dut/u_unified_p4_kernel/input_group_fire_INST_0_i_7/O
                         net (fo=1, unplaced)         0.186     4.100    u_dut/u_unified_p4_kernel/input_group_fire_INST_0_i_7_n_0
                         LUT5 (Prop_LUT5_I2_O)        0.038     4.138 f  u_dut/u_unified_p4_kernel/input_group_fire_INST_0_i_3/O
                         net (fo=1, unplaced)         0.186     4.324    u_dut/u_unified_p4_kernel/input_group_fire_INST_0_i_3_n_0
                         LUT6 (Prop_LUT6_I3_O)        0.038     4.362 r  u_dut/u_unified_p4_kernel/input_group_fire_INST_0_i_1/O
                         net (fo=2, unplaced)         0.186     4.548    u_dut/u_unified_p4_kernel/ingress_valid_q42_in
                         LUT4 (Prop_LUT4_I3_O)        0.038     4.586 r  u_dut/u_unified_p4_kernel/input_group_fire_INST_0/O
                         net (fo=92, unplaced)        0.270     4.856    u_dut/kernel_input_group_fire
                         LUT5 (Prop_LUT5_I1_O)        0.038     4.894 r  u_dut/rd_cmd_bank_mask_q[3]_i_1/O
                         net (fo=11, unplaced)        0.221     5.115    u_dut/rd_cmd_ready
                         LUT6 (Prop_LUT6_I0_O)        0.038     5.153 r  u_dut/rd_cmd_group_q[4]_i_1/O
                         net (fo=79, unplaced)        0.220     5.373    u_dut/rd_cmd_accept
                         FDCE                                         r  u_dut/rd_cmd_addr_q_reg[0][1][8]/CE
  -------------------------------------------------------------------    -------------------

                         (clock clk rise edge)        2.000     2.000 r  
                                                      0.000     2.000 r  clk (IN)
                         net (fo=0)                   0.000     2.000    u_boundary_ibuf/I
                         INBUF (Prop_INBUF_PAD_O)     0.267     2.267 r  u_boundary_ibuf/INBUF_INST/O
                         net (fo=1, unplaced)         0.000     2.267    u_boundary_ibuf/OUT
                         IBUFCTRL (Prop_IBUFCTRL_I_O)
                                                      0.000     2.267 r  u_boundary_ibuf/IBUFCTRL_INST/O
                         net (fo=1, unplaced)         0.133     2.400    clk_ibuf
                         BUFGCE (Prop_BUFGCE_I_O)     0.024     2.424 r  u_boundary_bufg/O
                         net (fo=26835, unplaced)     2.439     4.863    u_dut/clk
                         FDCE                                         r  u_dut/rd_cmd_addr_q_reg[0][1][8]/C
                         clock pessimism              0.282     5.145    
                         clock uncertainty           -0.035     5.110    
                         FDCE (Setup_FDCE_C_CE)      -0.061     5.049    u_dut/rd_cmd_addr_q_reg[0][1][8]
  -------------------------------------------------------------------
                         required time                          5.049    
                         arrival time                          -5.373    
  -------------------------------------------------------------------
                         slack                                 -0.324    

Slack (VIOLATED) :        -0.324ns  (required time - arrival time)
  Source:                 u_dut/u_unified_p4_kernel/reserved_groups_q_reg[1]/C
                            (rising edge-triggered cell FDCE clocked by clk  {rise@0.000ns fall@1.000ns period=2.000ns})
  Destination:            u_dut/rd_cmd_addr_q_reg[0][1][9]/CE
                            (rising edge-triggered cell FDCE clocked by clk  {rise@0.000ns fall@1.000ns period=2.000ns})
  Path Group:             clk
  Path Type:              Setup (Max at Slow Process Corner)
  Requirement:            2.000ns  (clk rise@2.000ns - clk rise@0.000ns)
  Data Path Delay:        2.083ns  (logic 0.456ns (21.892%)  route 1.627ns (78.109%))
  Logic Levels:           7  (LUT3=1 LUT4=1 LUT5=2 LUT6=3)
  Clock Path Skew:        -0.145ns (DCD - SCD + CPR)
    Destination Clock Delay (DCD):    2.863ns = ( 4.863 - 2.000 ) 
    Source Clock Delay      (SCD):    3.290ns
    Clock Pessimism Removal (CPR):    0.282ns
  Clock Uncertainty:      0.035ns  ((TSJ^2 + TIJ^2)^1/2 + DJ) / 2 + PE + UU
    Total System Jitter     (TSJ):    0.071ns
    Total Input Jitter      (TIJ):    0.000ns
    Discrete Jitter          (DJ):    0.000ns
    Phase Error              (PE):    0.000ns
    User Uncertainty         (UU):    0.000ns

    Location             Delay type                Incr(ns)  Path(ns)    Netlist Resource(s)
  -------------------------------------------------------------------    -------------------
                         (clock clk rise edge)        0.000     0.000 r  
                                                      0.000     0.000 r  clk (IN)
                         net (fo=0)                   0.000     0.000    u_boundary_ibuf/I
                         INBUF (Prop_INBUF_PAD_O)     0.517     0.517 r  u_boundary_ibuf/INBUF_INST/O
                         net (fo=1, unplaced)         0.000     0.517    u_boundary_ibuf/OUT
                         IBUFCTRL (Prop_IBUFCTRL_I_O)
                                                      0.000     0.517 r  u_boundary_ibuf/IBUFCTRL_INST/O
                         net (fo=1, unplaced)         0.161     0.678    clk_ibuf
                         BUFGCE (Prop_BUFGCE_I_O)     0.028     0.706 r  u_boundary_bufg/O
                         net (fo=26835, unplaced)     2.584     3.290    u_dut/u_unified_p4_kernel/clk
                         FDCE                                         r  u_dut/u_unified_p4_kernel/reserved_groups_q_reg[1]/C
  -------------------------------------------------------------------    -------------------
                         FDCE (Prop_FDCE_C_Q)         0.078     3.368 r  u_dut/u_unified_p4_kernel/reserved_groups_q_reg[1]/Q
                         net (fo=5, unplaced)         0.172     3.540    u_dut/u_unified_p4_kernel/reserved_groups_q[1]
                         LUT6 (Prop_LUT6_I0_O)        0.150     3.690 r  u_dut/u_unified_p4_kernel/input_group_fire_INST_0_i_8/O
                         net (fo=2, unplaced)         0.186     3.876    u_dut/u_unified_p4_kernel/input_group_fire_INST_0_i_8_n_0
                         LUT3 (Prop_LUT3_I0_O)        0.038     3.914 r  u_dut/u_unified_p4_kernel/input_group_fire_INST_0_i_7/O
                         net (fo=1, unplaced)         0.186     4.100    u_dut/u_unified_p4_kernel/input_group_fire_INST_0_i_7_n_0
                         LUT5 (Prop_LUT5_I2_O)        0.038     4.138 f  u_dut/u_unified_p4_kernel/input_group_fire_INST_0_i_3/O
                         net (fo=1, unplaced)         0.186     4.324    u_dut/u_unified_p4_kernel/input_group_fire_INST_0_i_3_n_0
                         LUT6 (Prop_LUT6_I3_O)        0.038     4.362 r  u_dut/u_unified_p4_kernel/input_group_fire_INST_0_i_1/O
                         net (fo=2, unplaced)         0.186     4.548    u_dut/u_unified_p4_kernel/ingress_valid_q42_in
                         LUT4 (Prop_LUT4_I3_O)        0.038     4.586 r  u_dut/u_unified_p4_kernel/input_group_fire_INST_0/O
                         net (fo=92, unplaced)        0.270     4.856    u_dut/kernel_input_group_fire
                         LUT5 (Prop_LUT5_I1_O)        0.038     4.894 r  u_dut/rd_cmd_bank_mask_q[3]_i_1/O
                         net (fo=11, unplaced)        0.221     5.115    u_dut/rd_cmd_ready
                         LUT6 (Prop_LUT6_I0_O)        0.038     5.153 r  u_dut/rd_cmd_group_q[4]_i_1/O
                         net (fo=79, unplaced)        0.220     5.373    u_dut/rd_cmd_accept
                         FDCE                                         r  u_dut/rd_cmd_addr_q_reg[0][1][9]/CE
  -------------------------------------------------------------------    -------------------

                         (clock clk rise edge)        2.000     2.000 r  
                                                      0.000     2.000 r  clk (IN)
                         net (fo=0)                   0.000     2.000    u_boundary_ibuf/I
                         INBUF (Prop_INBUF_PAD_O)     0.267     2.267 r  u_boundary_ibuf/INBUF_INST/O
                         net (fo=1, unplaced)         0.000     2.267    u_boundary_ibuf/OUT
                         IBUFCTRL (Prop_IBUFCTRL_I_O)
                                                      0.000     2.267 r  u_boundary_ibuf/IBUFCTRL_INST/O
                         net (fo=1, unplaced)         0.133     2.400    clk_ibuf
                         BUFGCE (Prop_BUFGCE_I_O)     0.024     2.424 r  u_boundary_bufg/O
                         net (fo=26835, unplaced)     2.439     4.863    u_dut/clk
                         FDCE                                         r  u_dut/rd_cmd_addr_q_reg[0][1][9]/C
                         clock pessimism              0.282     5.145    
                         clock uncertainty           -0.035     5.110    
                         FDCE (Setup_FDCE_C_CE)      -0.061     5.049    u_dut/rd_cmd_addr_q_reg[0][1][9]
  -------------------------------------------------------------------
                         required time                          5.049    
                         arrival time                          -5.373    
  -------------------------------------------------------------------
                         slack                                 -0.324    

Slack (VIOLATED) :        -0.324ns  (required time - arrival time)
  Source:                 u_dut/u_unified_p4_kernel/reserved_groups_q_reg[1]/C
                            (rising edge-triggered cell FDCE clocked by clk  {rise@0.000ns fall@1.000ns period=2.000ns})
  Destination:            u_dut/rd_cmd_addr_q_reg[0][2][4]/CE
                            (rising edge-triggered cell FDCE clocked by clk  {rise@0.000ns fall@1.000ns period=2.000ns})
  Path Group:             clk
  Path Type:              Setup (Max at Slow Process Corner)
  Requirement:            2.000ns  (clk rise@2.000ns - clk rise@0.000ns)
  Data Path Delay:        2.083ns  (logic 0.456ns (21.892%)  route 1.627ns (78.109%))
  Logic Levels:           7  (LUT3=1 LUT4=1 LUT5=2 LUT6=3)
  Clock Path Skew:        -0.145ns (DCD - SCD + CPR)
    Destination Clock Delay (DCD):    2.863ns = ( 4.863 - 2.000 ) 
    Source Clock Delay      (SCD):    3.290ns
    Clock Pessimism Removal (CPR):    0.282ns
  Clock Uncertainty:      0.035ns  ((TSJ^2 + TIJ^2)^1/2 + DJ) / 2 + PE + UU
    Total System Jitter     (TSJ):    0.071ns
    Total Input Jitter      (TIJ):    0.000ns
    Discrete Jitter          (DJ):    0.000ns
    Phase Error              (PE):    0.000ns
    User Uncertainty         (UU):    0.000ns

    Location             Delay type                Incr(ns)  Path(ns)    Netlist Resource(s)
  -------------------------------------------------------------------    -------------------
                         (clock clk rise edge)        0.000     0.000 r  
                                                      0.000     0.000 r  clk (IN)
                         net (fo=0)                   0.000     0.000    u_boundary_ibuf/I
                         INBUF (Prop_INBUF_PAD_O)     0.517     0.517 r  u_boundary_ibuf/INBUF_INST/O
                         net (fo=1, unplaced)         0.000     0.517    u_boundary_ibuf/OUT
                         IBUFCTRL (Prop_IBUFCTRL_I_O)
                                                      0.000     0.517 r  u_boundary_ibuf/IBUFCTRL_INST/O
                         net (fo=1, unplaced)         0.161     0.678    clk_ibuf
                         BUFGCE (Prop_BUFGCE_I_O)     0.028     0.706 r  u_boundary_bufg/O
                         net (fo=26835, unplaced)     2.584     3.290    u_dut/u_unified_p4_kernel/clk
                         FDCE                                         r  u_dut/u_unified_p4_kernel/reserved_groups_q_reg[1]/C
  -------------------------------------------------------------------    -------------------
                         FDCE (Prop_FDCE_C_Q)         0.078     3.368 r  u_dut/u_unified_p4_kernel/reserved_groups_q_reg[1]/Q
                         net (fo=5, unplaced)         0.172     3.540    u_dut/u_unified_p4_kernel/reserved_groups_q[1]
                         LUT6 (Prop_LUT6_I0_O)        0.150     3.690 r  u_dut/u_unified_p4_kernel/input_group_fire_INST_0_i_8/O
                         net (fo=2, unplaced)         0.186     3.876    u_dut/u_unified_p4_kernel/input_group_fire_INST_0_i_8_n_0
                         LUT3 (Prop_LUT3_I0_O)        0.038     3.914 r  u_dut/u_unified_p4_kernel/input_group_fire_INST_0_i_7/O
                         net (fo=1, unplaced)         0.186     4.100    u_dut/u_unified_p4_kernel/input_group_fire_INST_0_i_7_n_0
                         LUT5 (Prop_LUT5_I2_O)        0.038     4.138 f  u_dut/u_unified_p4_kernel/input_group_fire_INST_0_i_3/O
                         net (fo=1, unplaced)         0.186     4.324    u_dut/u_unified_p4_kernel/input_group_fire_INST_0_i_3_n_0
                         LUT6 (Prop_LUT6_I3_O)        0.038     4.362 r  u_dut/u_unified_p4_kernel/input_group_fire_INST_0_i_1/O
                         net (fo=2, unplaced)         0.186     4.548    u_dut/u_unified_p4_kernel/ingress_valid_q42_in
                         LUT4 (Prop_LUT4_I3_O)        0.038     4.586 r  u_dut/u_unified_p4_kernel/input_group_fire_INST_0/O
                         net (fo=92, unplaced)        0.270     4.856    u_dut/kernel_input_group_fire
                         LUT5 (Prop_LUT5_I1_O)        0.038     4.894 r  u_dut/rd_cmd_bank_mask_q[3]_i_1/O
                         net (fo=11, unplaced)        0.221     5.115    u_dut/rd_cmd_ready
                         LUT6 (Prop_LUT6_I0_O)        0.038     5.153 r  u_dut/rd_cmd_group_q[4]_i_1/O
                         net (fo=79, unplaced)        0.220     5.373    u_dut/rd_cmd_accept
                         FDCE                                         r  u_dut/rd_cmd_addr_q_reg[0][2][4]/CE
  -------------------------------------------------------------------    -------------------

                         (clock clk rise edge)        2.000     2.000 r  
                                                      0.000     2.000 r  clk (IN)
                         net (fo=0)                   0.000     2.000    u_boundary_ibuf/I
                         INBUF (Prop_INBUF_PAD_O)     0.267     2.267 r  u_boundary_ibuf/INBUF_INST/O
                         net (fo=1, unplaced)         0.000     2.267    u_boundary_ibuf/OUT
                         IBUFCTRL (Prop_IBUFCTRL_I_O)
                                                      0.000     2.267 r  u_boundary_ibuf/IBUFCTRL_INST/O
                         net (fo=1, unplaced)         0.133     2.400    clk_ibuf
                         BUFGCE (Prop_BUFGCE_I_O)     0.024     2.424 r  u_boundary_bufg/O
                         net (fo=26835, unplaced)     2.439     4.863    u_dut/clk
                         FDCE                                         r  u_dut/rd_cmd_addr_q_reg[0][2][4]/C
                         clock pessimism              0.282     5.145    
                         clock uncertainty           -0.035     5.110    
                         FDCE (Setup_FDCE_C_CE)      -0.061     5.049    u_dut/rd_cmd_addr_q_reg[0][2][4]
  -------------------------------------------------------------------
                         required time                          5.049    
                         arrival time                          -5.373    
  -------------------------------------------------------------------
                         slack                                 -0.324    

Slack (VIOLATED) :        -0.324ns  (required time - arrival time)
  Source:                 u_dut/u_unified_p4_kernel/reserved_groups_q_reg[1]/C
                            (rising edge-triggered cell FDCE clocked by clk  {rise@0.000ns fall@1.000ns period=2.000ns})
  Destination:            u_dut/rd_cmd_addr_q_reg[0][2][5]/CE
                            (rising edge-triggered cell FDCE clocked by clk  {rise@0.000ns fall@1.000ns period=2.000ns})
  Path Group:             clk
  Path Type:              Setup (Max at Slow Process Corner)
  Requirement:            2.000ns  (clk rise@2.000ns - clk rise@0.000ns)
  Data Path Delay:        2.083ns  (logic 0.456ns (21.892%)  route 1.627ns (78.109%))
  Logic Levels:           7  (LUT3=1 LUT4=1 LUT5=2 LUT6=3)
  Clock Path Skew:        -0.145ns (DCD - SCD + CPR)
    Destination Clock Delay (DCD):    2.863ns = ( 4.863 - 2.000 ) 
    Source Clock Delay      (SCD):    3.290ns
    Clock Pessimism Removal (CPR):    0.282ns
  Clock Uncertainty:      0.035ns  ((TSJ^2 + TIJ^2)^1/2 + DJ) / 2 + PE + UU
    Total System Jitter     (TSJ):    0.071ns
    Total Input Jitter      (TIJ):    0.000ns
    Discrete Jitter          (DJ):    0.000ns
    Phase Error              (PE):    0.000ns
    User Uncertainty         (UU):    0.000ns

    Location             Delay type                Incr(ns)  Path(ns)    Netlist Resource(s)
  -------------------------------------------------------------------    -------------------
                         (clock clk rise edge)        0.000     0.000 r  
                                                      0.000     0.000 r  clk (IN)
                         net (fo=0)                   0.000     0.000    u_boundary_ibuf/I
                         INBUF (Prop_INBUF_PAD_O)     0.517     0.517 r  u_boundary_ibuf/INBUF_INST/O
                         net (fo=1, unplaced)         0.000     0.517    u_boundary_ibuf/OUT
                         IBUFCTRL (Prop_IBUFCTRL_I_O)
                                                      0.000     0.517 r  u_boundary_ibuf/IBUFCTRL_INST/O
                         net (fo=1, unplaced)         0.161     0.678    clk_ibuf
                         BUFGCE (Prop_BUFGCE_I_O)     0.028     0.706 r  u_boundary_bufg/O
                         net (fo=26835, unplaced)     2.584     3.290    u_dut/u_unified_p4_kernel/clk
                         FDCE                                         r  u_dut/u_unified_p4_kernel/reserved_groups_q_reg[1]/C
  -------------------------------------------------------------------    -------------------
                         FDCE (Prop_FDCE_C_Q)         0.078     3.368 r  u_dut/u_unified_p4_kernel/reserved_groups_q_reg[1]/Q
                         net (fo=5, unplaced)         0.172     3.540    u_dut/u_unified_p4_kernel/reserved_groups_q[1]
                         LUT6 (Prop_LUT6_I0_O)        0.150     3.690 r  u_dut/u_unified_p4_kernel/input_group_fire_INST_0_i_8/O
                         net (fo=2, unplaced)         0.186     3.876    u_dut/u_unified_p4_kernel/input_group_fire_INST_0_i_8_n_0
                         LUT3 (Prop_LUT3_I0_O)        0.038     3.914 r  u_dut/u_unified_p4_kernel/input_group_fire_INST_0_i_7/O
                         net (fo=1, unplaced)         0.186     4.100    u_dut/u_unified_p4_kernel/input_group_fire_INST_0_i_7_n_0
                         LUT5 (Prop_LUT5_I2_O)        0.038     4.138 f  u_dut/u_unified_p4_kernel/input_group_fire_INST_0_i_3/O
                         net (fo=1, unplaced)         0.186     4.324    u_dut/u_unified_p4_kernel/input_group_fire_INST_0_i_3_n_0
                         LUT6 (Prop_LUT6_I3_O)        0.038     4.362 r  u_dut/u_unified_p4_kernel/input_group_fire_INST_0_i_1/O
                         net (fo=2, unplaced)         0.186     4.548    u_dut/u_unified_p4_kernel/ingress_valid_q42_in
                         LUT4 (Prop_LUT4_I3_O)        0.038     4.586 r  u_dut/u_unified_p4_kernel/input_group_fire_INST_0/O
                         net (fo=92, unplaced)        0.270     4.856    u_dut/kernel_input_group_fire
                         LUT5 (Prop_LUT5_I1_O)        0.038     4.894 r  u_dut/rd_cmd_bank_mask_q[3]_i_1/O
                         net (fo=11, unplaced)        0.221     5.115    u_dut/rd_cmd_ready
                         LUT6 (Prop_LUT6_I0_O)        0.038     5.153 r  u_dut/rd_cmd_group_q[4]_i_1/O
                         net (fo=79, unplaced)        0.220     5.373    u_dut/rd_cmd_accept
                         FDCE                                         r  u_dut/rd_cmd_addr_q_reg[0][2][5]/CE
  -------------------------------------------------------------------    -------------------

                         (clock clk rise edge)        2.000     2.000 r  
                                                      0.000     2.000 r  clk (IN)
                         net (fo=0)                   0.000     2.000    u_boundary_ibuf/I
                         INBUF (Prop_INBUF_PAD_O)     0.267     2.267 r  u_boundary_ibuf/INBUF_INST/O
                         net (fo=1, unplaced)         0.000     2.267    u_boundary_ibuf/OUT
                         IBUFCTRL (Prop_IBUFCTRL_I_O)
                                                      0.000     2.267 r  u_boundary_ibuf/IBUFCTRL_INST/O
                         net (fo=1, unplaced)         0.133     2.400    clk_ibuf
                         BUFGCE (Prop_BUFGCE_I_O)     0.024     2.424 r  u_boundary_bufg/O
                         net (fo=26835, unplaced)     2.439     4.863    u_dut/clk
                         FDCE                                         r  u_dut/rd_cmd_addr_q_reg[0][2][5]/C
                         clock pessimism              0.282     5.145    
                         clock uncertainty           -0.035     5.110    
                         FDCE (Setup_FDCE_C_CE)      -0.061     5.049    u_dut/rd_cmd_addr_q_reg[0][2][5]
  -------------------------------------------------------------------
                         required time                          5.049    
                         arrival time                          -5.373    
  -------------------------------------------------------------------
                         slack                                 -0.324    

Slack (VIOLATED) :        -0.324ns  (required time - arrival time)
  Source:                 u_dut/u_unified_p4_kernel/reserved_groups_q_reg[1]/C
                            (rising edge-triggered cell FDCE clocked by clk  {rise@0.000ns fall@1.000ns period=2.000ns})
  Destination:            u_dut/rd_cmd_addr_q_reg[0][2][6]/CE
                            (rising edge-triggered cell FDCE clocked by clk  {rise@0.000ns fall@1.000ns period=2.000ns})
  Path Group:             clk
  Path Type:              Setup (Max at Slow Process Corner)
  Requirement:            2.000ns  (clk rise@2.000ns - clk rise@0.000ns)
  Data Path Delay:        2.083ns  (logic 0.456ns (21.892%)  route 1.627ns (78.109%))
  Logic Levels:           7  (LUT3=1 LUT4=1 LUT5=2 LUT6=3)
  Clock Path Skew:        -0.145ns (DCD - SCD + CPR)
    Destination Clock Delay (DCD):    2.863ns = ( 4.863 - 2.000 ) 
    Source Clock Delay      (SCD):    3.290ns
    Clock Pessimism Removal (CPR):    0.282ns
  Clock Uncertainty:      0.035ns  ((TSJ^2 + TIJ^2)^1/2 + DJ) / 2 + PE + UU
    Total System Jitter     (TSJ):    0.071ns
    Total Input Jitter      (TIJ):    0.000ns
    Discrete Jitter          (DJ):    0.000ns
    Phase Error              (PE):    0.000ns
    User Uncertainty         (UU):    0.000ns

    Location             Delay type                Incr(ns)  Path(ns)    Netlist Resource(s)
  -------------------------------------------------------------------    -------------------
                         (clock clk rise edge)        0.000     0.000 r  
                                                      0.000     0.000 r  clk (IN)
                         net (fo=0)                   0.000     0.000    u_boundary_ibuf/I
                         INBUF (Prop_INBUF_PAD_O)     0.517     0.517 r  u_boundary_ibuf/INBUF_INST/O
                         net (fo=1, unplaced)         0.000     0.517    u_boundary_ibuf/OUT
                         IBUFCTRL (Prop_IBUFCTRL_I_O)
                                                      0.000     0.517 r  u_boundary_ibuf/IBUFCTRL_INST/O
                         net (fo=1, unplaced)         0.161     0.678    clk_ibuf
                         BUFGCE (Prop_BUFGCE_I_O)     0.028     0.706 r  u_boundary_bufg/O
                         net (fo=26835, unplaced)     2.584     3.290    u_dut/u_unified_p4_kernel/clk
                         FDCE                                         r  u_dut/u_unified_p4_kernel/reserved_groups_q_reg[1]/C
  -------------------------------------------------------------------    -------------------
                         FDCE (Prop_FDCE_C_Q)         0.078     3.368 r  u_dut/u_unified_p4_kernel/reserved_groups_q_reg[1]/Q
                         net (fo=5, unplaced)         0.172     3.540    u_dut/u_unified_p4_kernel/reserved_groups_q[1]
                         LUT6 (Prop_LUT6_I0_O)        0.150     3.690 r  u_dut/u_unified_p4_kernel/input_group_fire_INST_0_i_8/O
                         net (fo=2, unplaced)         0.186     3.876    u_dut/u_unified_p4_kernel/input_group_fire_INST_0_i_8_n_0
                         LUT3 (Prop_LUT3_I0_O)        0.038     3.914 r  u_dut/u_unified_p4_kernel/input_group_fire_INST_0_i_7/O
                         net (fo=1, unplaced)         0.186     4.100    u_dut/u_unified_p4_kernel/input_group_fire_INST_0_i_7_n_0
                         LUT5 (Prop_LUT5_I2_O)        0.038     4.138 f  u_dut/u_unified_p4_kernel/input_group_fire_INST_0_i_3/O
                         net (fo=1, unplaced)         0.186     4.324    u_dut/u_unified_p4_kernel/input_group_fire_INST_0_i_3_n_0
                         LUT6 (Prop_LUT6_I3_O)        0.038     4.362 r  u_dut/u_unified_p4_kernel/input_group_fire_INST_0_i_1/O
                         net (fo=2, unplaced)         0.186     4.548    u_dut/u_unified_p4_kernel/ingress_valid_q42_in
                         LUT4 (Prop_LUT4_I3_O)        0.038     4.586 r  u_dut/u_unified_p4_kernel/input_group_fire_INST_0/O
                         net (fo=92, unplaced)        0.270     4.856    u_dut/kernel_input_group_fire
                         LUT5 (Prop_LUT5_I1_O)        0.038     4.894 r  u_dut/rd_cmd_bank_mask_q[3]_i_1/O
                         net (fo=11, unplaced)        0.221     5.115    u_dut/rd_cmd_ready
                         LUT6 (Prop_LUT6_I0_O)        0.038     5.153 r  u_dut/rd_cmd_group_q[4]_i_1/O
                         net (fo=79, unplaced)        0.220     5.373    u_dut/rd_cmd_accept
                         FDCE                                         r  u_dut/rd_cmd_addr_q_reg[0][2][6]/CE
  -------------------------------------------------------------------    -------------------

                         (clock clk rise edge)        2.000     2.000 r  
                                                      0.000     2.000 r  clk (IN)
                         net (fo=0)                   0.000     2.000    u_boundary_ibuf/I
                         INBUF (Prop_INBUF_PAD_O)     0.267     2.267 r  u_boundary_ibuf/INBUF_INST/O
                         net (fo=1, unplaced)         0.000     2.267    u_boundary_ibuf/OUT
                         IBUFCTRL (Prop_IBUFCTRL_I_O)
                                                      0.000     2.267 r  u_boundary_ibuf/IBUFCTRL_INST/O
                         net (fo=1, unplaced)         0.133     2.400    clk_ibuf
                         BUFGCE (Prop_BUFGCE_I_O)     0.024     2.424 r  u_boundary_bufg/O
                         net (fo=26835, unplaced)     2.439     4.863    u_dut/clk
                         FDCE                                         r  u_dut/rd_cmd_addr_q_reg[0][2][6]/C
                         clock pessimism              0.282     5.145    
                         clock uncertainty           -0.035     5.110    
                         FDCE (Setup_FDCE_C_CE)      -0.061     5.049    u_dut/rd_cmd_addr_q_reg[0][2][6]
  -------------------------------------------------------------------
                         required time                          5.049    
                         arrival time                          -5.373    
  -------------------------------------------------------------------
                         slack                                 -0.324    

Slack (VIOLATED) :        -0.324ns  (required time - arrival time)
  Source:                 u_dut/u_unified_p4_kernel/reserved_groups_q_reg[1]/C
                            (rising edge-triggered cell FDCE clocked by clk  {rise@0.000ns fall@1.000ns period=2.000ns})
  Destination:            u_dut/rd_cmd_addr_q_reg[0][2][7]/CE
                            (rising edge-triggered cell FDCE clocked by clk  {rise@0.000ns fall@1.000ns period=2.000ns})
  Path Group:             clk
  Path Type:              Setup (Max at Slow Process Corner)
  Requirement:            2.000ns  (clk rise@2.000ns - clk rise@0.000ns)
  Data Path Delay:        2.083ns  (logic 0.456ns (21.892%)  route 1.627ns (78.109%))
  Logic Levels:           7  (LUT3=1 LUT4=1 LUT5=2 LUT6=3)
  Clock Path Skew:        -0.145ns (DCD - SCD + CPR)
    Destination Clock Delay (DCD):    2.863ns = ( 4.863 - 2.000 ) 
    Source Clock Delay      (SCD):    3.290ns
    Clock Pessimism Removal (CPR):    0.282ns
  Clock Uncertainty:      0.035ns  ((TSJ^2 + TIJ^2)^1/2 + DJ) / 2 + PE + UU
    Total System Jitter     (TSJ):    0.071ns
    Total Input Jitter      (TIJ):    0.000ns
    Discrete Jitter          (DJ):    0.000ns
    Phase Error              (PE):    0.000ns
    User Uncertainty         (UU):    0.000ns

    Location             Delay type                Incr(ns)  Path(ns)    Netlist Resource(s)
  -------------------------------------------------------------------    -------------------
                         (clock clk rise edge)        0.000     0.000 r  
                                                      0.000     0.000 r  clk (IN)
                         net (fo=0)                   0.000     0.000    u_boundary_ibuf/I
                         INBUF (Prop_INBUF_PAD_O)     0.517     0.517 r  u_boundary_ibuf/INBUF_INST/O
                         net (fo=1, unplaced)         0.000     0.517    u_boundary_ibuf/OUT
                         IBUFCTRL (Prop_IBUFCTRL_I_O)
                                                      0.000     0.517 r  u_boundary_ibuf/IBUFCTRL_INST/O
                         net (fo=1, unplaced)         0.161     0.678    clk_ibuf
                         BUFGCE (Prop_BUFGCE_I_O)     0.028     0.706 r  u_boundary_bufg/O
                         net (fo=26835, unplaced)     2.584     3.290    u_dut/u_unified_p4_kernel/clk
                         FDCE                                         r  u_dut/u_unified_p4_kernel/reserved_groups_q_reg[1]/C
  -------------------------------------------------------------------    -------------------
                         FDCE (Prop_FDCE_C_Q)         0.078     3.368 r  u_dut/u_unified_p4_kernel/reserved_groups_q_reg[1]/Q
                         net (fo=5, unplaced)         0.172     3.540    u_dut/u_unified_p4_kernel/reserved_groups_q[1]
                         LUT6 (Prop_LUT6_I0_O)        0.150     3.690 r  u_dut/u_unified_p4_kernel/input_group_fire_INST_0_i_8/O
                         net (fo=2, unplaced)         0.186     3.876    u_dut/u_unified_p4_kernel/input_group_fire_INST_0_i_8_n_0
                         LUT3 (Prop_LUT3_I0_O)        0.038     3.914 r  u_dut/u_unified_p4_kernel/input_group_fire_INST_0_i_7/O
                         net (fo=1, unplaced)         0.186     4.100    u_dut/u_unified_p4_kernel/input_group_fire_INST_0_i_7_n_0
                         LUT5 (Prop_LUT5_I2_O)        0.038     4.138 f  u_dut/u_unified_p4_kernel/input_group_fire_INST_0_i_3/O
                         net (fo=1, unplaced)         0.186     4.324    u_dut/u_unified_p4_kernel/input_group_fire_INST_0_i_3_n_0
                         LUT6 (Prop_LUT6_I3_O)        0.038     4.362 r  u_dut/u_unified_p4_kernel/input_group_fire_INST_0_i_1/O
                         net (fo=2, unplaced)         0.186     4.548    u_dut/u_unified_p4_kernel/ingress_valid_q42_in
                         LUT4 (Prop_LUT4_I3_O)        0.038     4.586 r  u_dut/u_unified_p4_kernel/input_group_fire_INST_0/O
                         net (fo=92, unplaced)        0.270     4.856    u_dut/kernel_input_group_fire
                         LUT5 (Prop_LUT5_I1_O)        0.038     4.894 r  u_dut/rd_cmd_bank_mask_q[3]_i_1/O
                         net (fo=11, unplaced)        0.221     5.115    u_dut/rd_cmd_ready
                         LUT6 (Prop_LUT6_I0_O)        0.038     5.153 r  u_dut/rd_cmd_group_q[4]_i_1/O
                         net (fo=79, unplaced)        0.220     5.373    u_dut/rd_cmd_accept
                         FDCE                                         r  u_dut/rd_cmd_addr_q_reg[0][2][7]/CE
  -------------------------------------------------------------------    -------------------

                         (clock clk rise edge)        2.000     2.000 r  
                                                      0.000     2.000 r  clk (IN)
                         net (fo=0)                   0.000     2.000    u_boundary_ibuf/I
                         INBUF (Prop_INBUF_PAD_O)     0.267     2.267 r  u_boundary_ibuf/INBUF_INST/O
                         net (fo=1, unplaced)         0.000     2.267    u_boundary_ibuf/OUT
                         IBUFCTRL (Prop_IBUFCTRL_I_O)
                                                      0.000     2.267 r  u_boundary_ibuf/IBUFCTRL_INST/O
                         net (fo=1, unplaced)         0.133     2.400    clk_ibuf
                         BUFGCE (Prop_BUFGCE_I_O)     0.024     2.424 r  u_boundary_bufg/O
                         net (fo=26835, unplaced)     2.439     4.863    u_dut/clk
                         FDCE                                         r  u_dut/rd_cmd_addr_q_reg[0][2][7]/C
                         clock pessimism              0.282     5.145    
                         clock uncertainty           -0.035     5.110    
                         FDCE (Setup_FDCE_C_CE)      -0.061     5.049    u_dut/rd_cmd_addr_q_reg[0][2][7]
  -------------------------------------------------------------------
                         required time                          5.049    
                         arrival time                          -5.373    
  -------------------------------------------------------------------
                         slack                                 -0.324    

Slack (VIOLATED) :        -0.324ns  (required time - arrival time)
  Source:                 u_dut/u_unified_p4_kernel/reserved_groups_q_reg[1]/C
                            (rising edge-triggered cell FDCE clocked by clk  {rise@0.000ns fall@1.000ns period=2.000ns})
  Destination:            u_dut/rd_cmd_addr_q_reg[0][2][8]/CE
                            (rising edge-triggered cell FDCE clocked by clk  {rise@0.000ns fall@1.000ns period=2.000ns})
  Path Group:             clk
  Path Type:              Setup (Max at Slow Process Corner)
  Requirement:            2.000ns  (clk rise@2.000ns - clk rise@0.000ns)
  Data Path Delay:        2.083ns  (logic 0.456ns (21.892%)  route 1.627ns (78.109%))
  Logic Levels:           7  (LUT3=1 LUT4=1 LUT5=2 LUT6=3)
  Clock Path Skew:        -0.145ns (DCD - SCD + CPR)
    Destination Clock Delay (DCD):    2.863ns = ( 4.863 - 2.000 ) 
    Source Clock Delay      (SCD):    3.290ns
    Clock Pessimism Removal (CPR):    0.282ns
  Clock Uncertainty:      0.035ns  ((TSJ^2 + TIJ^2)^1/2 + DJ) / 2 + PE + UU
    Total System Jitter     (TSJ):    0.071ns
    Total Input Jitter      (TIJ):    0.000ns
    Discrete Jitter          (DJ):    0.000ns
    Phase Error              (PE):    0.000ns
    User Uncertainty         (UU):    0.000ns

    Location             Delay type                Incr(ns)  Path(ns)    Netlist Resource(s)
  -------------------------------------------------------------------    -------------------
                         (clock clk rise edge)        0.000     0.000 r  
                                                      0.000     0.000 r  clk (IN)
                         net (fo=0)                   0.000     0.000    u_boundary_ibuf/I
                         INBUF (Prop_INBUF_PAD_O)     0.517     0.517 r  u_boundary_ibuf/INBUF_INST/O
                         net (fo=1, unplaced)         0.000     0.517    u_boundary_ibuf/OUT
                         IBUFCTRL (Prop_IBUFCTRL_I_O)
                                                      0.000     0.517 r  u_boundary_ibuf/IBUFCTRL_INST/O
                         net (fo=1, unplaced)         0.161     0.678    clk_ibuf
                         BUFGCE (Prop_BUFGCE_I_O)     0.028     0.706 r  u_boundary_bufg/O
                         net (fo=26835, unplaced)     2.584     3.290    u_dut/u_unified_p4_kernel/clk
                         FDCE                                         r  u_dut/u_unified_p4_kernel/reserved_groups_q_reg[1]/C
  -------------------------------------------------------------------    -------------------
                         FDCE (Prop_FDCE_C_Q)         0.078     3.368 r  u_dut/u_unified_p4_kernel/reserved_groups_q_reg[1]/Q
                         net (fo=5, unplaced)         0.172     3.540    u_dut/u_unified_p4_kernel/reserved_groups_q[1]
                         LUT6 (Prop_LUT6_I0_O)        0.150     3.690 r  u_dut/u_unified_p4_kernel/input_group_fire_INST_0_i_8/O
                         net (fo=2, unplaced)         0.186     3.876    u_dut/u_unified_p4_kernel/input_group_fire_INST_0_i_8_n_0
                         LUT3 (Prop_LUT3_I0_O)        0.038     3.914 r  u_dut/u_unified_p4_kernel/input_group_fire_INST_0_i_7/O
                         net (fo=1, unplaced)         0.186     4.100    u_dut/u_unified_p4_kernel/input_group_fire_INST_0_i_7_n_0
                         LUT5 (Prop_LUT5_I2_O)        0.038     4.138 f  u_dut/u_unified_p4_kernel/input_group_fire_INST_0_i_3/O
                         net (fo=1, unplaced)         0.186     4.324    u_dut/u_unified_p4_kernel/input_group_fire_INST_0_i_3_n_0
                         LUT6 (Prop_LUT6_I3_O)        0.038     4.362 r  u_dut/u_unified_p4_kernel/input_group_fire_INST_0_i_1/O
                         net (fo=2, unplaced)         0.186     4.548    u_dut/u_unified_p4_kernel/ingress_valid_q42_in
                         LUT4 (Prop_LUT4_I3_O)        0.038     4.586 r  u_dut/u_unified_p4_kernel/input_group_fire_INST_0/O
                         net (fo=92, unplaced)        0.270     4.856    u_dut/kernel_input_group_fire
                         LUT5 (Prop_LUT5_I1_O)        0.038     4.894 r  u_dut/rd_cmd_bank_mask_q[3]_i_1/O
                         net (fo=11, unplaced)        0.221     5.115    u_dut/rd_cmd_ready
                         LUT6 (Prop_LUT6_I0_O)        0.038     5.153 r  u_dut/rd_cmd_group_q[4]_i_1/O
                         net (fo=79, unplaced)        0.220     5.373    u_dut/rd_cmd_accept
                         FDCE                                         r  u_dut/rd_cmd_addr_q_reg[0][2][8]/CE
  -------------------------------------------------------------------    -------------------

                         (clock clk rise edge)        2.000     2.000 r  
                                                      0.000     2.000 r  clk (IN)
                         net (fo=0)                   0.000     2.000    u_boundary_ibuf/I
                         INBUF (Prop_INBUF_PAD_O)     0.267     2.267 r  u_boundary_ibuf/INBUF_INST/O
                         net (fo=1, unplaced)         0.000     2.267    u_boundary_ibuf/OUT
                         IBUFCTRL (Prop_IBUFCTRL_I_O)
                                                      0.000     2.267 r  u_boundary_ibuf/IBUFCTRL_INST/O
                         net (fo=1, unplaced)         0.133     2.400    clk_ibuf
                         BUFGCE (Prop_BUFGCE_I_O)     0.024     2.424 r  u_boundary_bufg/O
                         net (fo=26835, unplaced)     2.439     4.863    u_dut/clk
                         FDCE                                         r  u_dut/rd_cmd_addr_q_reg[0][2][8]/C
                         clock pessimism              0.282     5.145    
                         clock uncertainty           -0.035     5.110    
                         FDCE (Setup_FDCE_C_CE)      -0.061     5.049    u_dut/rd_cmd_addr_q_reg[0][2][8]
  -------------------------------------------------------------------
                         required time                          5.049    
                         arrival time                          -5.373    
  -------------------------------------------------------------------
                         slack                                 -0.324    

Slack (VIOLATED) :        -0.324ns  (required time - arrival time)
  Source:                 u_dut/u_unified_p4_kernel/reserved_groups_q_reg[1]/C
                            (rising edge-triggered cell FDCE clocked by clk  {rise@0.000ns fall@1.000ns period=2.000ns})
  Destination:            u_dut/rd_cmd_addr_q_reg[0][2][9]/CE
                            (rising edge-triggered cell FDCE clocked by clk  {rise@0.000ns fall@1.000ns period=2.000ns})
  Path Group:             clk
  Path Type:              Setup (Max at Slow Process Corner)
  Requirement:            2.000ns  (clk rise@2.000ns - clk rise@0.000ns)
  Data Path Delay:        2.083ns  (logic 0.456ns (21.892%)  route 1.627ns (78.109%))
  Logic Levels:           7  (LUT3=1 LUT4=1 LUT5=2 LUT6=3)
  Clock Path Skew:        -0.145ns (DCD - SCD + CPR)
    Destination Clock Delay (DCD):    2.863ns = ( 4.863 - 2.000 ) 
    Source Clock Delay      (SCD):    3.290ns
    Clock Pessimism Removal (CPR):    0.282ns
  Clock Uncertainty:      0.035ns  ((TSJ^2 + TIJ^2)^1/2 + DJ) / 2 + PE + UU
    Total System Jitter     (TSJ):    0.071ns
    Total Input Jitter      (TIJ):    0.000ns
    Discrete Jitter          (DJ):    0.000ns
    Phase Error              (PE):    0.000ns
    User Uncertainty         (UU):    0.000ns

    Location             Delay type                Incr(ns)  Path(ns)    Netlist Resource(s)
  -------------------------------------------------------------------    -------------------
                         (clock clk rise edge)        0.000     0.000 r  
                                                      0.000     0.000 r  clk (IN)
                         net (fo=0)                   0.000     0.000    u_boundary_ibuf/I
                         INBUF (Prop_INBUF_PAD_O)     0.517     0.517 r  u_boundary_ibuf/INBUF_INST/O
                         net (fo=1, unplaced)         0.000     0.517    u_boundary_ibuf/OUT
                         IBUFCTRL (Prop_IBUFCTRL_I_O)
                                                      0.000     0.517 r  u_boundary_ibuf/IBUFCTRL_INST/O
                         net (fo=1, unplaced)         0.161     0.678    clk_ibuf
                         BUFGCE (Prop_BUFGCE_I_O)     0.028     0.706 r  u_boundary_bufg/O
                         net (fo=26835, unplaced)     2.584     3.290    u_dut/u_unified_p4_kernel/clk
                         FDCE                                         r  u_dut/u_unified_p4_kernel/reserved_groups_q_reg[1]/C
  -------------------------------------------------------------------    -------------------
                         FDCE (Prop_FDCE_C_Q)         0.078     3.368 r  u_dut/u_unified_p4_kernel/reserved_groups_q_reg[1]/Q
                         net (fo=5, unplaced)         0.172     3.540    u_dut/u_unified_p4_kernel/reserved_groups_q[1]
                         LUT6 (Prop_LUT6_I0_O)        0.150     3.690 r  u_dut/u_unified_p4_kernel/input_group_fire_INST_0_i_8/O
                         net (fo=2, unplaced)         0.186     3.876    u_dut/u_unified_p4_kernel/input_group_fire_INST_0_i_8_n_0
                         LUT3 (Prop_LUT3_I0_O)        0.038     3.914 r  u_dut/u_unified_p4_kernel/input_group_fire_INST_0_i_7/O
                         net (fo=1, unplaced)         0.186     4.100    u_dut/u_unified_p4_kernel/input_group_fire_INST_0_i_7_n_0
                         LUT5 (Prop_LUT5_I2_O)        0.038     4.138 f  u_dut/u_unified_p4_kernel/input_group_fire_INST_0_i_3/O
                         net (fo=1, unplaced)         0.186     4.324    u_dut/u_unified_p4_kernel/input_group_fire_INST_0_i_3_n_0
                         LUT6 (Prop_LUT6_I3_O)        0.038     4.362 r  u_dut/u_unified_p4_kernel/input_group_fire_INST_0_i_1/O
                         net (fo=2, unplaced)         0.186     4.548    u_dut/u_unified_p4_kernel/ingress_valid_q42_in
                         LUT4 (Prop_LUT4_I3_O)        0.038     4.586 r  u_dut/u_unified_p4_kernel/input_group_fire_INST_0/O
                         net (fo=92, unplaced)        0.270     4.856    u_dut/kernel_input_group_fire
                         LUT5 (Prop_LUT5_I1_O)        0.038     4.894 r  u_dut/rd_cmd_bank_mask_q[3]_i_1/O
                         net (fo=11, unplaced)        0.221     5.115    u_dut/rd_cmd_ready
                         LUT6 (Prop_LUT6_I0_O)        0.038     5.153 r  u_dut/rd_cmd_group_q[4]_i_1/O
                         net (fo=79, unplaced)        0.220     5.373    u_dut/rd_cmd_accept
                         FDCE                                         r  u_dut/rd_cmd_addr_q_reg[0][2][9]/CE
  -------------------------------------------------------------------    -------------------

                         (clock clk rise edge)        2.000     2.000 r  
                                                      0.000     2.000 r  clk (IN)
                         net (fo=0)                   0.000     2.000    u_boundary_ibuf/I
                         INBUF (Prop_INBUF_PAD_O)     0.267     2.267 r  u_boundary_ibuf/INBUF_INST/O
                         net (fo=1, unplaced)         0.000     2.267    u_boundary_ibuf/OUT
                         IBUFCTRL (Prop_IBUFCTRL_I_O)
                                                      0.000     2.267 r  u_boundary_ibuf/IBUFCTRL_INST/O
                         net (fo=1, unplaced)         0.133     2.400    clk_ibuf
                         BUFGCE (Prop_BUFGCE_I_O)     0.024     2.424 r  u_boundary_bufg/O
                         net (fo=26835, unplaced)     2.439     4.863    u_dut/clk
                         FDCE                                         r  u_dut/rd_cmd_addr_q_reg[0][2][9]/C
                         clock pessimism              0.282     5.145    
                         clock uncertainty           -0.035     5.110    
                         FDCE (Setup_FDCE_C_CE)      -0.061     5.049    u_dut/rd_cmd_addr_q_reg[0][2][9]
  -------------------------------------------------------------------
                         required time                          5.049    
                         arrival time                          -5.373    
  -------------------------------------------------------------------
                         slack                                 -0.324    

Slack (VIOLATED) :        -0.324ns  (required time - arrival time)
  Source:                 u_dut/u_unified_p4_kernel/reserved_groups_q_reg[1]/C
                            (rising edge-triggered cell FDCE clocked by clk  {rise@0.000ns fall@1.000ns period=2.000ns})
  Destination:            u_dut/rd_cmd_addr_q_reg[0][3][4]/CE
                            (rising edge-triggered cell FDCE clocked by clk  {rise@0.000ns fall@1.000ns period=2.000ns})
  Path Group:             clk
  Path Type:              Setup (Max at Slow Process Corner)
  Requirement:            2.000ns  (clk rise@2.000ns - clk rise@0.000ns)
  Data Path Delay:        2.083ns  (logic 0.456ns (21.892%)  route 1.627ns (78.109%))
  Logic Levels:           7  (LUT3=1 LUT4=1 LUT5=2 LUT6=3)
  Clock Path Skew:        -0.145ns (DCD - SCD + CPR)
    Destination Clock Delay (DCD):    2.863ns = ( 4.863 - 2.000 ) 
    Source Clock Delay      (SCD):    3.290ns
    Clock Pessimism Removal (CPR):    0.282ns
  Clock Uncertainty:      0.035ns  ((TSJ^2 + TIJ^2)^1/2 + DJ) / 2 + PE + UU
    Total System Jitter     (TSJ):    0.071ns
    Total Input Jitter      (TIJ):    0.000ns
    Discrete Jitter          (DJ):    0.000ns
    Phase Error              (PE):    0.000ns
    User Uncertainty         (UU):    0.000ns

    Location             Delay type                Incr(ns)  Path(ns)    Netlist Resource(s)
  -------------------------------------------------------------------    -------------------
                         (clock clk rise edge)        0.000     0.000 r  
                                                      0.000     0.000 r  clk (IN)
                         net (fo=0)                   0.000     0.000    u_boundary_ibuf/I
                         INBUF (Prop_INBUF_PAD_O)     0.517     0.517 r  u_boundary_ibuf/INBUF_INST/O
                         net (fo=1, unplaced)         0.000     0.517    u_boundary_ibuf/OUT
                         IBUFCTRL (Prop_IBUFCTRL_I_O)
                                                      0.000     0.517 r  u_boundary_ibuf/IBUFCTRL_INST/O
                         net (fo=1, unplaced)         0.161     0.678    clk_ibuf
                         BUFGCE (Prop_BUFGCE_I_O)     0.028     0.706 r  u_boundary_bufg/O
                         net (fo=26835, unplaced)     2.584     3.290    u_dut/u_unified_p4_kernel/clk
                         FDCE                                         r  u_dut/u_unified_p4_kernel/reserved_groups_q_reg[1]/C
  -------------------------------------------------------------------    -------------------
                         FDCE (Prop_FDCE_C_Q)         0.078     3.368 r  u_dut/u_unified_p4_kernel/reserved_groups_q_reg[1]/Q
                         net (fo=5, unplaced)         0.172     3.540    u_dut/u_unified_p4_kernel/reserved_groups_q[1]
                         LUT6 (Prop_LUT6_I0_O)        0.150     3.690 r  u_dut/u_unified_p4_kernel/input_group_fire_INST_0_i_8/O
                         net (fo=2, unplaced)         0.186     3.876    u_dut/u_unified_p4_kernel/input_group_fire_INST_0_i_8_n_0
                         LUT3 (Prop_LUT3_I0_O)        0.038     3.914 r  u_dut/u_unified_p4_kernel/input_group_fire_INST_0_i_7/O
                         net (fo=1, unplaced)         0.186     4.100    u_dut/u_unified_p4_kernel/input_group_fire_INST_0_i_7_n_0
                         LUT5 (Prop_LUT5_I2_O)        0.038     4.138 f  u_dut/u_unified_p4_kernel/input_group_fire_INST_0_i_3/O
                         net (fo=1, unplaced)         0.186     4.324    u_dut/u_unified_p4_kernel/input_group_fire_INST_0_i_3_n_0
                         LUT6 (Prop_LUT6_I3_O)        0.038     4.362 r  u_dut/u_unified_p4_kernel/input_group_fire_INST_0_i_1/O
                         net (fo=2, unplaced)         0.186     4.548    u_dut/u_unified_p4_kernel/ingress_valid_q42_in
                         LUT4 (Prop_LUT4_I3_O)        0.038     4.586 r  u_dut/u_unified_p4_kernel/input_group_fire_INST_0/O
                         net (fo=92, unplaced)        0.270     4.856    u_dut/kernel_input_group_fire
                         LUT5 (Prop_LUT5_I1_O)        0.038     4.894 r  u_dut/rd_cmd_bank_mask_q[3]_i_1/O
                         net (fo=11, unplaced)        0.221     5.115    u_dut/rd_cmd_ready
                         LUT6 (Prop_LUT6_I0_O)        0.038     5.153 r  u_dut/rd_cmd_group_q[4]_i_1/O
                         net (fo=79, unplaced)        0.220     5.373    u_dut/rd_cmd_accept
                         FDCE                                         r  u_dut/rd_cmd_addr_q_reg[0][3][4]/CE
  -------------------------------------------------------------------    -------------------

                         (clock clk rise edge)        2.000     2.000 r  
                                                      0.000     2.000 r  clk (IN)
                         net (fo=0)                   0.000     2.000    u_boundary_ibuf/I
                         INBUF (Prop_INBUF_PAD_O)     0.267     2.267 r  u_boundary_ibuf/INBUF_INST/O
                         net (fo=1, unplaced)         0.000     2.267    u_boundary_ibuf/OUT
                         IBUFCTRL (Prop_IBUFCTRL_I_O)
                                                      0.000     2.267 r  u_boundary_ibuf/IBUFCTRL_INST/O
                         net (fo=1, unplaced)         0.133     2.400    clk_ibuf
                         BUFGCE (Prop_BUFGCE_I_O)     0.024     2.424 r  u_boundary_bufg/O
                         net (fo=26835, unplaced)     2.439     4.863    u_dut/clk
                         FDCE                                         r  u_dut/rd_cmd_addr_q_reg[0][3][4]/C
                         clock pessimism              0.282     5.145    
                         clock uncertainty           -0.035     5.110    
                         FDCE (Setup_FDCE_C_CE)      -0.061     5.049    u_dut/rd_cmd_addr_q_reg[0][3][4]
  -------------------------------------------------------------------
                         required time                          5.049    
                         arrival time                          -5.373    
  -------------------------------------------------------------------
                         slack                                 -0.324    

Slack (VIOLATED) :        -0.324ns  (required time - arrival time)
  Source:                 u_dut/u_unified_p4_kernel/reserved_groups_q_reg[1]/C
                            (rising edge-triggered cell FDCE clocked by clk  {rise@0.000ns fall@1.000ns period=2.000ns})
  Destination:            u_dut/rd_cmd_addr_q_reg[0][3][5]/CE
                            (rising edge-triggered cell FDCE clocked by clk  {rise@0.000ns fall@1.000ns period=2.000ns})
  Path Group:             clk
  Path Type:              Setup (Max at Slow Process Corner)
  Requirement:            2.000ns  (clk rise@2.000ns - clk rise@0.000ns)
  Data Path Delay:        2.083ns  (logic 0.456ns (21.892%)  route 1.627ns (78.109%))
  Logic Levels:           7  (LUT3=1 LUT4=1 LUT5=2 LUT6=3)
  Clock Path Skew:        -0.145ns (DCD - SCD + CPR)
    Destination Clock Delay (DCD):    2.863ns = ( 4.863 - 2.000 ) 
    Source Clock Delay      (SCD):    3.290ns
    Clock Pessimism Removal (CPR):    0.282ns
  Clock Uncertainty:      0.035ns  ((TSJ^2 + TIJ^2)^1/2 + DJ) / 2 + PE + UU
    Total System Jitter     (TSJ):    0.071ns
    Total Input Jitter      (TIJ):    0.000ns
    Discrete Jitter          (DJ):    0.000ns
    Phase Error              (PE):    0.000ns
    User Uncertainty         (UU):    0.000ns

    Location             Delay type                Incr(ns)  Path(ns)    Netlist Resource(s)
  -------------------------------------------------------------------    -------------------
                         (clock clk rise edge)        0.000     0.000 r  
                                                      0.000     0.000 r  clk (IN)
                         net (fo=0)                   0.000     0.000    u_boundary_ibuf/I
                         INBUF (Prop_INBUF_PAD_O)     0.517     0.517 r  u_boundary_ibuf/INBUF_INST/O
                         net (fo=1, unplaced)         0.000     0.517    u_boundary_ibuf/OUT
                         IBUFCTRL (Prop_IBUFCTRL_I_O)
                                                      0.000     0.517 r  u_boundary_ibuf/IBUFCTRL_INST/O
                         net (fo=1, unplaced)         0.161     0.678    clk_ibuf
                         BUFGCE (Prop_BUFGCE_I_O)     0.028     0.706 r  u_boundary_bufg/O
                         net (fo=26835, unplaced)     2.584     3.290    u_dut/u_unified_p4_kernel/clk
                         FDCE                                         r  u_dut/u_unified_p4_kernel/reserved_groups_q_reg[1]/C
  -------------------------------------------------------------------    -------------------
                         FDCE (Prop_FDCE_C_Q)         0.078     3.368 r  u_dut/u_unified_p4_kernel/reserved_groups_q_reg[1]/Q
                         net (fo=5, unplaced)         0.172     3.540    u_dut/u_unified_p4_kernel/reserved_groups_q[1]
                         LUT6 (Prop_LUT6_I0_O)        0.150     3.690 r  u_dut/u_unified_p4_kernel/input_group_fire_INST_0_i_8/O
                         net (fo=2, unplaced)         0.186     3.876    u_dut/u_unified_p4_kernel/input_group_fire_INST_0_i_8_n_0
                         LUT3 (Prop_LUT3_I0_O)        0.038     3.914 r  u_dut/u_unified_p4_kernel/input_group_fire_INST_0_i_7/O
                         net (fo=1, unplaced)         0.186     4.100    u_dut/u_unified_p4_kernel/input_group_fire_INST_0_i_7_n_0
                         LUT5 (Prop_LUT5_I2_O)        0.038     4.138 f  u_dut/u_unified_p4_kernel/input_group_fire_INST_0_i_3/O
                         net (fo=1, unplaced)         0.186     4.324    u_dut/u_unified_p4_kernel/input_group_fire_INST_0_i_3_n_0
                         LUT6 (Prop_LUT6_I3_O)        0.038     4.362 r  u_dut/u_unified_p4_kernel/input_group_fire_INST_0_i_1/O
                         net (fo=2, unplaced)         0.186     4.548    u_dut/u_unified_p4_kernel/ingress_valid_q42_in
                         LUT4 (Prop_LUT4_I3_O)        0.038     4.586 r  u_dut/u_unified_p4_kernel/input_group_fire_INST_0/O
                         net (fo=92, unplaced)        0.270     4.856    u_dut/kernel_input_group_fire
                         LUT5 (Prop_LUT5_I1_O)        0.038     4.894 r  u_dut/rd_cmd_bank_mask_q[3]_i_1/O
                         net (fo=11, unplaced)        0.221     5.115    u_dut/rd_cmd_ready
                         LUT6 (Prop_LUT6_I0_O)        0.038     5.153 r  u_dut/rd_cmd_group_q[4]_i_1/O
                         net (fo=79, unplaced)        0.220     5.373    u_dut/rd_cmd_accept
                         FDCE                                         r  u_dut/rd_cmd_addr_q_reg[0][3][5]/CE
  -------------------------------------------------------------------    -------------------

                         (clock clk rise edge)        2.000     2.000 r  
                                                      0.000     2.000 r  clk (IN)
                         net (fo=0)                   0.000     2.000    u_boundary_ibuf/I
                         INBUF (Prop_INBUF_PAD_O)     0.267     2.267 r  u_boundary_ibuf/INBUF_INST/O
                         net (fo=1, unplaced)         0.000     2.267    u_boundary_ibuf/OUT
                         IBUFCTRL (Prop_IBUFCTRL_I_O)
                                                      0.000     2.267 r  u_boundary_ibuf/IBUFCTRL_INST/O
                         net (fo=1, unplaced)         0.133     2.400    clk_ibuf
                         BUFGCE (Prop_BUFGCE_I_O)     0.024     2.424 r  u_boundary_bufg/O
                         net (fo=26835, unplaced)     2.439     4.863    u_dut/clk
                         FDCE                                         r  u_dut/rd_cmd_addr_q_reg[0][3][5]/C
                         clock pessimism              0.282     5.145    
                         clock uncertainty           -0.035     5.110    
                         FDCE (Setup_FDCE_C_CE)      -0.061     5.049    u_dut/rd_cmd_addr_q_reg[0][3][5]
  -------------------------------------------------------------------
                         required time                          5.049    
                         arrival time                          -5.373    
  -------------------------------------------------------------------
                         slack                                 -0.324    

Slack (VIOLATED) :        -0.324ns  (required time - arrival time)
  Source:                 u_dut/u_unified_p4_kernel/reserved_groups_q_reg[1]/C
                            (rising edge-triggered cell FDCE clocked by clk  {rise@0.000ns fall@1.000ns period=2.000ns})
  Destination:            u_dut/rd_cmd_addr_q_reg[0][3][6]/CE
                            (rising edge-triggered cell FDCE clocked by clk  {rise@0.000ns fall@1.000ns period=2.000ns})
  Path Group:             clk
  Path Type:              Setup (Max at Slow Process Corner)
  Requirement:            2.000ns  (clk rise@2.000ns - clk rise@0.000ns)
  Data Path Delay:        2.083ns  (logic 0.456ns (21.892%)  route 1.627ns (78.109%))
  Logic Levels:           7  (LUT3=1 LUT4=1 LUT5=2 LUT6=3)
  Clock Path Skew:        -0.145ns (DCD - SCD + CPR)
    Destination Clock Delay (DCD):    2.863ns = ( 4.863 - 2.000 ) 
    Source Clock Delay      (SCD):    3.290ns
    Clock Pessimism Removal (CPR):    0.282ns
  Clock Uncertainty:      0.035ns  ((TSJ^2 + TIJ^2)^1/2 + DJ) / 2 + PE + UU
    Total System Jitter     (TSJ):    0.071ns
    Total Input Jitter      (TIJ):    0.000ns
    Discrete Jitter          (DJ):    0.000ns
    Phase Error              (PE):    0.000ns
    User Uncertainty         (UU):    0.000ns

    Location             Delay type                Incr(ns)  Path(ns)    Netlist Resource(s)
  -------------------------------------------------------------------    -------------------
                         (clock clk rise edge)        0.000     0.000 r  
                                                      0.000     0.000 r  clk (IN)
                         net (fo=0)                   0.000     0.000    u_boundary_ibuf/I
                         INBUF (Prop_INBUF_PAD_O)     0.517     0.517 r  u_boundary_ibuf/INBUF_INST/O
                         net (fo=1, unplaced)         0.000     0.517    u_boundary_ibuf/OUT
                         IBUFCTRL (Prop_IBUFCTRL_I_O)
                                                      0.000     0.517 r  u_boundary_ibuf/IBUFCTRL_INST/O
                         net (fo=1, unplaced)         0.161     0.678    clk_ibuf
                         BUFGCE (Prop_BUFGCE_I_O)     0.028     0.706 r  u_boundary_bufg/O
                         net (fo=26835, unplaced)     2.584     3.290    u_dut/u_unified_p4_kernel/clk
                         FDCE                                         r  u_dut/u_unified_p4_kernel/reserved_groups_q_reg[1]/C
  -------------------------------------------------------------------    -------------------
                         FDCE (Prop_FDCE_C_Q)         0.078     3.368 r  u_dut/u_unified_p4_kernel/reserved_groups_q_reg[1]/Q
                         net (fo=5, unplaced)         0.172     3.540    u_dut/u_unified_p4_kernel/reserved_groups_q[1]
                         LUT6 (Prop_LUT6_I0_O)        0.150     3.690 r  u_dut/u_unified_p4_kernel/input_group_fire_INST_0_i_8/O
                         net (fo=2, unplaced)         0.186     3.876    u_dut/u_unified_p4_kernel/input_group_fire_INST_0_i_8_n_0
                         LUT3 (Prop_LUT3_I0_O)        0.038     3.914 r  u_dut/u_unified_p4_kernel/input_group_fire_INST_0_i_7/O
                         net (fo=1, unplaced)         0.186     4.100    u_dut/u_unified_p4_kernel/input_group_fire_INST_0_i_7_n_0
                         LUT5 (Prop_LUT5_I2_O)        0.038     4.138 f  u_dut/u_unified_p4_kernel/input_group_fire_INST_0_i_3/O
                         net (fo=1, unplaced)         0.186     4.324    u_dut/u_unified_p4_kernel/input_group_fire_INST_0_i_3_n_0
                         LUT6 (Prop_LUT6_I3_O)        0.038     4.362 r  u_dut/u_unified_p4_kernel/input_group_fire_INST_0_i_1/O
                         net (fo=2, unplaced)         0.186     4.548    u_dut/u_unified_p4_kernel/ingress_valid_q42_in
                         LUT4 (Prop_LUT4_I3_O)        0.038     4.586 r  u_dut/u_unified_p4_kernel/input_group_fire_INST_0/O
                         net (fo=92, unplaced)        0.270     4.856    u_dut/kernel_input_group_fire
                         LUT5 (Prop_LUT5_I1_O)        0.038     4.894 r  u_dut/rd_cmd_bank_mask_q[3]_i_1/O
                         net (fo=11, unplaced)        0.221     5.115    u_dut/rd_cmd_ready
                         LUT6 (Prop_LUT6_I0_O)        0.038     5.153 r  u_dut/rd_cmd_group_q[4]_i_1/O
                         net (fo=79, unplaced)        0.220     5.373    u_dut/rd_cmd_accept
                         FDCE                                         r  u_dut/rd_cmd_addr_q_reg[0][3][6]/CE
  -------------------------------------------------------------------    -------------------

                         (clock clk rise edge)        2.000     2.000 r  
                                                      0.000     2.000 r  clk (IN)
                         net (fo=0)                   0.000     2.000    u_boundary_ibuf/I
                         INBUF (Prop_INBUF_PAD_O)     0.267     2.267 r  u_boundary_ibuf/INBUF_INST/O
                         net (fo=1, unplaced)         0.000     2.267    u_boundary_ibuf/OUT
                         IBUFCTRL (Prop_IBUFCTRL_I_O)
                                                      0.000     2.267 r  u_boundary_ibuf/IBUFCTRL_INST/O
                         net (fo=1, unplaced)         0.133     2.400    clk_ibuf
                         BUFGCE (Prop_BUFGCE_I_O)     0.024     2.424 r  u_boundary_bufg/O
                         net (fo=26835, unplaced)     2.439     4.863    u_dut/clk
                         FDCE                                         r  u_dut/rd_cmd_addr_q_reg[0][3][6]/C
                         clock pessimism              0.282     5.145    
                         clock uncertainty           -0.035     5.110    
                         FDCE (Setup_FDCE_C_CE)      -0.061     5.049    u_dut/rd_cmd_addr_q_reg[0][3][6]
  -------------------------------------------------------------------
                         required time                          5.049    
                         arrival time                          -5.373    
  -------------------------------------------------------------------
                         slack                                 -0.324    

Slack (VIOLATED) :        -0.324ns  (required time - arrival time)
  Source:                 u_dut/u_unified_p4_kernel/reserved_groups_q_reg[1]/C
                            (rising edge-triggered cell FDCE clocked by clk  {rise@0.000ns fall@1.000ns period=2.000ns})
  Destination:            u_dut/rd_cmd_addr_q_reg[0][3][7]/CE
                            (rising edge-triggered cell FDCE clocked by clk  {rise@0.000ns fall@1.000ns period=2.000ns})
  Path Group:             clk
  Path Type:              Setup (Max at Slow Process Corner)
  Requirement:            2.000ns  (clk rise@2.000ns - clk rise@0.000ns)
  Data Path Delay:        2.083ns  (logic 0.456ns (21.892%)  route 1.627ns (78.109%))
  Logic Levels:           7  (LUT3=1 LUT4=1 LUT5=2 LUT6=3)
  Clock Path Skew:        -0.145ns (DCD - SCD + CPR)
    Destination Clock Delay (DCD):    2.863ns = ( 4.863 - 2.000 ) 
    Source Clock Delay      (SCD):    3.290ns
    Clock Pessimism Removal (CPR):    0.282ns
  Clock Uncertainty:      0.035ns  ((TSJ^2 + TIJ^2)^1/2 + DJ) / 2 + PE + UU
    Total System Jitter     (TSJ):    0.071ns
    Total Input Jitter      (TIJ):    0.000ns
    Discrete Jitter          (DJ):    0.000ns
    Phase Error              (PE):    0.000ns
    User Uncertainty         (UU):    0.000ns

    Location             Delay type                Incr(ns)  Path(ns)    Netlist Resource(s)
  -------------------------------------------------------------------    -------------------
                         (clock clk rise edge)        0.000     0.000 r  
                                                      0.000     0.000 r  clk (IN)
                         net (fo=0)                   0.000     0.000    u_boundary_ibuf/I
                         INBUF (Prop_INBUF_PAD_O)     0.517     0.517 r  u_boundary_ibuf/INBUF_INST/O
                         net (fo=1, unplaced)         0.000     0.517    u_boundary_ibuf/OUT
                         IBUFCTRL (Prop_IBUFCTRL_I_O)
                                                      0.000     0.517 r  u_boundary_ibuf/IBUFCTRL_INST/O
                         net (fo=1, unplaced)         0.161     0.678    clk_ibuf
                         BUFGCE (Prop_BUFGCE_I_O)     0.028     0.706 r  u_boundary_bufg/O
                         net (fo=26835, unplaced)     2.584     3.290    u_dut/u_unified_p4_kernel/clk
                         FDCE                                         r  u_dut/u_unified_p4_kernel/reserved_groups_q_reg[1]/C
  -------------------------------------------------------------------    -------------------
                         FDCE (Prop_FDCE_C_Q)         0.078     3.368 r  u_dut/u_unified_p4_kernel/reserved_groups_q_reg[1]/Q
                         net (fo=5, unplaced)         0.172     3.540    u_dut/u_unified_p4_kernel/reserved_groups_q[1]
                         LUT6 (Prop_LUT6_I0_O)        0.150     3.690 r  u_dut/u_unified_p4_kernel/input_group_fire_INST_0_i_8/O
                         net (fo=2, unplaced)         0.186     3.876    u_dut/u_unified_p4_kernel/input_group_fire_INST_0_i_8_n_0
                         LUT3 (Prop_LUT3_I0_O)        0.038     3.914 r  u_dut/u_unified_p4_kernel/input_group_fire_INST_0_i_7/O
                         net (fo=1, unplaced)         0.186     4.100    u_dut/u_unified_p4_kernel/input_group_fire_INST_0_i_7_n_0
                         LUT5 (Prop_LUT5_I2_O)        0.038     4.138 f  u_dut/u_unified_p4_kernel/input_group_fire_INST_0_i_3/O
                         net (fo=1, unplaced)         0.186     4.324    u_dut/u_unified_p4_kernel/input_group_fire_INST_0_i_3_n_0
                         LUT6 (Prop_LUT6_I3_O)        0.038     4.362 r  u_dut/u_unified_p4_kernel/input_group_fire_INST_0_i_1/O
                         net (fo=2, unplaced)         0.186     4.548    u_dut/u_unified_p4_kernel/ingress_valid_q42_in
                         LUT4 (Prop_LUT4_I3_O)        0.038     4.586 r  u_dut/u_unified_p4_kernel/input_group_fire_INST_0/O
                         net (fo=92, unplaced)        0.270     4.856    u_dut/kernel_input_group_fire
                         LUT5 (Prop_LUT5_I1_O)        0.038     4.894 r  u_dut/rd_cmd_bank_mask_q[3]_i_1/O
                         net (fo=11, unplaced)        0.221     5.115    u_dut/rd_cmd_ready
                         LUT6 (Prop_LUT6_I0_O)        0.038     5.153 r  u_dut/rd_cmd_group_q[4]_i_1/O
                         net (fo=79, unplaced)        0.220     5.373    u_dut/rd_cmd_accept
                         FDCE                                         r  u_dut/rd_cmd_addr_q_reg[0][3][7]/CE
  -------------------------------------------------------------------    -------------------

                         (clock clk rise edge)        2.000     2.000 r  
                                                      0.000     2.000 r  clk (IN)
                         net (fo=0)                   0.000     2.000    u_boundary_ibuf/I
                         INBUF (Prop_INBUF_PAD_O)     0.267     2.267 r  u_boundary_ibuf/INBUF_INST/O
                         net (fo=1, unplaced)         0.000     2.267    u_boundary_ibuf/OUT
                         IBUFCTRL (Prop_IBUFCTRL_I_O)
                                                      0.000     2.267 r  u_boundary_ibuf/IBUFCTRL_INST/O
                         net (fo=1, unplaced)         0.133     2.400    clk_ibuf
                         BUFGCE (Prop_BUFGCE_I_O)     0.024     2.424 r  u_boundary_bufg/O
                         net (fo=26835, unplaced)     2.439     4.863    u_dut/clk
                         FDCE                                         r  u_dut/rd_cmd_addr_q_reg[0][3][7]/C
                         clock pessimism              0.282     5.145    
                         clock uncertainty           -0.035     5.110    
                         FDCE (Setup_FDCE_C_CE)      -0.061     5.049    u_dut/rd_cmd_addr_q_reg[0][3][7]
  -------------------------------------------------------------------
                         required time                          5.049    
                         arrival time                          -5.373    
  -------------------------------------------------------------------
                         slack                                 -0.324    

Slack (VIOLATED) :        -0.324ns  (required time - arrival time)
  Source:                 u_dut/u_unified_p4_kernel/reserved_groups_q_reg[1]/C
                            (rising edge-triggered cell FDCE clocked by clk  {rise@0.000ns fall@1.000ns period=2.000ns})
  Destination:            u_dut/rd_cmd_addr_q_reg[0][3][8]/CE
                            (rising edge-triggered cell FDCE clocked by clk  {rise@0.000ns fall@1.000ns period=2.000ns})
  Path Group:             clk
  Path Type:              Setup (Max at Slow Process Corner)
  Requirement:            2.000ns  (clk rise@2.000ns - clk rise@0.000ns)
  Data Path Delay:        2.083ns  (logic 0.456ns (21.892%)  route 1.627ns (78.109%))
  Logic Levels:           7  (LUT3=1 LUT4=1 LUT5=2 LUT6=3)
  Clock Path Skew:        -0.145ns (DCD - SCD + CPR)
    Destination Clock Delay (DCD):    2.863ns = ( 4.863 - 2.000 ) 
    Source Clock Delay      (SCD):    3.290ns
    Clock Pessimism Removal (CPR):    0.282ns
  Clock Uncertainty:      0.035ns  ((TSJ^2 + TIJ^2)^1/2 + DJ) / 2 + PE + UU
    Total System Jitter     (TSJ):    0.071ns
    Total Input Jitter      (TIJ):    0.000ns
    Discrete Jitter          (DJ):    0.000ns
    Phase Error              (PE):    0.000ns
    User Uncertainty         (UU):    0.000ns

    Location             Delay type                Incr(ns)  Path(ns)    Netlist Resource(s)
  -------------------------------------------------------------------    -------------------
                         (clock clk rise edge)        0.000     0.000 r  
                                                      0.000     0.000 r  clk (IN)
                         net (fo=0)                   0.000     0.000    u_boundary_ibuf/I
                         INBUF (Prop_INBUF_PAD_O)     0.517     0.517 r  u_boundary_ibuf/INBUF_INST/O
                         net (fo=1, unplaced)         0.000     0.517    u_boundary_ibuf/OUT
                         IBUFCTRL (Prop_IBUFCTRL_I_O)
                                                      0.000     0.517 r  u_boundary_ibuf/IBUFCTRL_INST/O
                         net (fo=1, unplaced)         0.161     0.678    clk_ibuf
                         BUFGCE (Prop_BUFGCE_I_O)     0.028     0.706 r  u_boundary_bufg/O
                         net (fo=26835, unplaced)     2.584     3.290    u_dut/u_unified_p4_kernel/clk
                         FDCE                                         r  u_dut/u_unified_p4_kernel/reserved_groups_q_reg[1]/C
  -------------------------------------------------------------------    -------------------
                         FDCE (Prop_FDCE_C_Q)         0.078     3.368 r  u_dut/u_unified_p4_kernel/reserved_groups_q_reg[1]/Q
                         net (fo=5, unplaced)         0.172     3.540    u_dut/u_unified_p4_kernel/reserved_groups_q[1]
                         LUT6 (Prop_LUT6_I0_O)        0.150     3.690 r  u_dut/u_unified_p4_kernel/input_group_fire_INST_0_i_8/O
                         net (fo=2, unplaced)         0.186     3.876    u_dut/u_unified_p4_kernel/input_group_fire_INST_0_i_8_n_0
                         LUT3 (Prop_LUT3_I0_O)        0.038     3.914 r  u_dut/u_unified_p4_kernel/input_group_fire_INST_0_i_7/O
                         net (fo=1, unplaced)         0.186     4.100    u_dut/u_unified_p4_kernel/input_group_fire_INST_0_i_7_n_0
                         LUT5 (Prop_LUT5_I2_O)        0.038     4.138 f  u_dut/u_unified_p4_kernel/input_group_fire_INST_0_i_3/O
                         net (fo=1, unplaced)         0.186     4.324    u_dut/u_unified_p4_kernel/input_group_fire_INST_0_i_3_n_0
                         LUT6 (Prop_LUT6_I3_O)        0.038     4.362 r  u_dut/u_unified_p4_kernel/input_group_fire_INST_0_i_1/O
                         net (fo=2, unplaced)         0.186     4.548    u_dut/u_unified_p4_kernel/ingress_valid_q42_in
                         LUT4 (Prop_LUT4_I3_O)        0.038     4.586 r  u_dut/u_unified_p4_kernel/input_group_fire_INST_0/O
                         net (fo=92, unplaced)        0.270     4.856    u_dut/kernel_input_group_fire
                         LUT5 (Prop_LUT5_I1_O)        0.038     4.894 r  u_dut/rd_cmd_bank_mask_q[3]_i_1/O
                         net (fo=11, unplaced)        0.221     5.115    u_dut/rd_cmd_ready
                         LUT6 (Prop_LUT6_I0_O)        0.038     5.153 r  u_dut/rd_cmd_group_q[4]_i_1/O
                         net (fo=79, unplaced)        0.220     5.373    u_dut/rd_cmd_accept
                         FDCE                                         r  u_dut/rd_cmd_addr_q_reg[0][3][8]/CE
  -------------------------------------------------------------------    -------------------

                         (clock clk rise edge)        2.000     2.000 r  
                                                      0.000     2.000 r  clk (IN)
                         net (fo=0)                   0.000     2.000    u_boundary_ibuf/I
                         INBUF (Prop_INBUF_PAD_O)     0.267     2.267 r  u_boundary_ibuf/INBUF_INST/O
                         net (fo=1, unplaced)         0.000     2.267    u_boundary_ibuf/OUT
                         IBUFCTRL (Prop_IBUFCTRL_I_O)
                                                      0.000     2.267 r  u_boundary_ibuf/IBUFCTRL_INST/O
                         net (fo=1, unplaced)         0.133     2.400    clk_ibuf
                         BUFGCE (Prop_BUFGCE_I_O)     0.024     2.424 r  u_boundary_bufg/O
                         net (fo=26835, unplaced)     2.439     4.863    u_dut/clk
                         FDCE                                         r  u_dut/rd_cmd_addr_q_reg[0][3][8]/C
                         clock pessimism              0.282     5.145    
                         clock uncertainty           -0.035     5.110    
                         FDCE (Setup_FDCE_C_CE)      -0.061     5.049    u_dut/rd_cmd_addr_q_reg[0][3][8]
  -------------------------------------------------------------------
                         required time                          5.049    
                         arrival time                          -5.373    
  -------------------------------------------------------------------
                         slack                                 -0.324    

Slack (VIOLATED) :        -0.324ns  (required time - arrival time)
  Source:                 u_dut/u_unified_p4_kernel/reserved_groups_q_reg[1]/C
                            (rising edge-triggered cell FDCE clocked by clk  {rise@0.000ns fall@1.000ns period=2.000ns})
  Destination:            u_dut/rd_cmd_addr_q_reg[0][3][9]/CE
                            (rising edge-triggered cell FDCE clocked by clk  {rise@0.000ns fall@1.000ns period=2.000ns})
  Path Group:             clk
  Path Type:              Setup (Max at Slow Process Corner)
  Requirement:            2.000ns  (clk rise@2.000ns - clk rise@0.000ns)
  Data Path Delay:        2.083ns  (logic 0.456ns (21.892%)  route 1.627ns (78.109%))
  Logic Levels:           7  (LUT3=1 LUT4=1 LUT5=2 LUT6=3)
  Clock Path Skew:        -0.145ns (DCD - SCD + CPR)
    Destination Clock Delay (DCD):    2.863ns = ( 4.863 - 2.000 ) 
    Source Clock Delay      (SCD):    3.290ns
    Clock Pessimism Removal (CPR):    0.282ns
  Clock Uncertainty:      0.035ns  ((TSJ^2 + TIJ^2)^1/2 + DJ) / 2 + PE + UU
    Total System Jitter     (TSJ):    0.071ns
    Total Input Jitter      (TIJ):    0.000ns
    Discrete Jitter          (DJ):    0.000ns
    Phase Error              (PE):    0.000ns
    User Uncertainty         (UU):    0.000ns

    Location             Delay type                Incr(ns)  Path(ns)    Netlist Resource(s)
  -------------------------------------------------------------------    -------------------
                         (clock clk rise edge)        0.000     0.000 r  
                                                      0.000     0.000 r  clk (IN)
                         net (fo=0)                   0.000     0.000    u_boundary_ibuf/I
                         INBUF (Prop_INBUF_PAD_O)     0.517     0.517 r  u_boundary_ibuf/INBUF_INST/O
                         net (fo=1, unplaced)         0.000     0.517    u_boundary_ibuf/OUT
                         IBUFCTRL (Prop_IBUFCTRL_I_O)
                                                      0.000     0.517 r  u_boundary_ibuf/IBUFCTRL_INST/O
                         net (fo=1, unplaced)         0.161     0.678    clk_ibuf
                         BUFGCE (Prop_BUFGCE_I_O)     0.028     0.706 r  u_boundary_bufg/O
                         net (fo=26835, unplaced)     2.584     3.290    u_dut/u_unified_p4_kernel/clk
                         FDCE                                         r  u_dut/u_unified_p4_kernel/reserved_groups_q_reg[1]/C
  -------------------------------------------------------------------    -------------------
                         FDCE (Prop_FDCE_C_Q)         0.078     3.368 r  u_dut/u_unified_p4_kernel/reserved_groups_q_reg[1]/Q
                         net (fo=5, unplaced)         0.172     3.540    u_dut/u_unified_p4_kernel/reserved_groups_q[1]
                         LUT6 (Prop_LUT6_I0_O)        0.150     3.690 r  u_dut/u_unified_p4_kernel/input_group_fire_INST_0_i_8/O
                         net (fo=2, unplaced)         0.186     3.876    u_dut/u_unified_p4_kernel/input_group_fire_INST_0_i_8_n_0
                         LUT3 (Prop_LUT3_I0_O)        0.038     3.914 r  u_dut/u_unified_p4_kernel/input_group_fire_INST_0_i_7/O
                         net (fo=1, unplaced)         0.186     4.100    u_dut/u_unified_p4_kernel/input_group_fire_INST_0_i_7_n_0
                         LUT5 (Prop_LUT5_I2_O)        0.038     4.138 f  u_dut/u_unified_p4_kernel/input_group_fire_INST_0_i_3/O
                         net (fo=1, unplaced)         0.186     4.324    u_dut/u_unified_p4_kernel/input_group_fire_INST_0_i_3_n_0
                         LUT6 (Prop_LUT6_I3_O)        0.038     4.362 r  u_dut/u_unified_p4_kernel/input_group_fire_INST_0_i_1/O
                         net (fo=2, unplaced)         0.186     4.548    u_dut/u_unified_p4_kernel/ingress_valid_q42_in
                         LUT4 (Prop_LUT4_I3_O)        0.038     4.586 r  u_dut/u_unified_p4_kernel/input_group_fire_INST_0/O
                         net (fo=92, unplaced)        0.270     4.856    u_dut/kernel_input_group_fire
                         LUT5 (Prop_LUT5_I1_O)        0.038     4.894 r  u_dut/rd_cmd_bank_mask_q[3]_i_1/O
                         net (fo=11, unplaced)        0.221     5.115    u_dut/rd_cmd_ready
                         LUT6 (Prop_LUT6_I0_O)        0.038     5.153 r  u_dut/rd_cmd_group_q[4]_i_1/O
                         net (fo=79, unplaced)        0.220     5.373    u_dut/rd_cmd_accept
                         FDCE                                         r  u_dut/rd_cmd_addr_q_reg[0][3][9]/CE
  -------------------------------------------------------------------    -------------------

                         (clock clk rise edge)        2.000     2.000 r  
                                                      0.000     2.000 r  clk (IN)
                         net (fo=0)                   0.000     2.000    u_boundary_ibuf/I
                         INBUF (Prop_INBUF_PAD_O)     0.267     2.267 r  u_boundary_ibuf/INBUF_INST/O
                         net (fo=1, unplaced)         0.000     2.267    u_boundary_ibuf/OUT
                         IBUFCTRL (Prop_IBUFCTRL_I_O)
                                                      0.000     2.267 r  u_boundary_ibuf/IBUFCTRL_INST/O
                         net (fo=1, unplaced)         0.133     2.400    clk_ibuf
                         BUFGCE (Prop_BUFGCE_I_O)     0.024     2.424 r  u_boundary_bufg/O
                         net (fo=26835, unplaced)     2.439     4.863    u_dut/clk
                         FDCE                                         r  u_dut/rd_cmd_addr_q_reg[0][3][9]/C
                         clock pessimism              0.282     5.145    
                         clock uncertainty           -0.035     5.110    
                         FDCE (Setup_FDCE_C_CE)      -0.061     5.049    u_dut/rd_cmd_addr_q_reg[0][3][9]
  -------------------------------------------------------------------
                         required time                          5.049    
                         arrival time                          -5.373    
  -------------------------------------------------------------------
                         slack                                 -0.324    

Slack (VIOLATED) :        -0.324ns  (required time - arrival time)
  Source:                 u_dut/u_unified_p4_kernel/reserved_groups_q_reg[1]/C
                            (rising edge-triggered cell FDCE clocked by clk  {rise@0.000ns fall@1.000ns period=2.000ns})
  Destination:            u_dut/rd_cmd_addr_q_reg[1][0][0]/CE
                            (rising edge-triggered cell FDCE clocked by clk  {rise@0.000ns fall@1.000ns period=2.000ns})
  Path Group:             clk
  Path Type:              Setup (Max at Slow Process Corner)
  Requirement:            2.000ns  (clk rise@2.000ns - clk rise@0.000ns)
  Data Path Delay:        2.083ns  (logic 0.456ns (21.892%)  route 1.627ns (78.109%))
  Logic Levels:           7  (LUT3=1 LUT4=1 LUT5=2 LUT6=3)
  Clock Path Skew:        -0.145ns (DCD - SCD + CPR)
    Destination Clock Delay (DCD):    2.863ns = ( 4.863 - 2.000 ) 
    Source Clock Delay      (SCD):    3.290ns
    Clock Pessimism Removal (CPR):    0.282ns
  Clock Uncertainty:      0.035ns  ((TSJ^2 + TIJ^2)^1/2 + DJ) / 2 + PE + UU
    Total System Jitter     (TSJ):    0.071ns
    Total Input Jitter      (TIJ):    0.000ns
    Discrete Jitter          (DJ):    0.000ns
    Phase Error              (PE):    0.000ns
    User Uncertainty         (UU):    0.000ns

    Location             Delay type                Incr(ns)  Path(ns)    Netlist Resource(s)
  -------------------------------------------------------------------    -------------------
                         (clock clk rise edge)        0.000     0.000 r  
                                                      0.000     0.000 r  clk (IN)
                         net (fo=0)                   0.000     0.000    u_boundary_ibuf/I
                         INBUF (Prop_INBUF_PAD_O)     0.517     0.517 r  u_boundary_ibuf/INBUF_INST/O
                         net (fo=1, unplaced)         0.000     0.517    u_boundary_ibuf/OUT
                         IBUFCTRL (Prop_IBUFCTRL_I_O)
                                                      0.000     0.517 r  u_boundary_ibuf/IBUFCTRL_INST/O
                         net (fo=1, unplaced)         0.161     0.678    clk_ibuf
                         BUFGCE (Prop_BUFGCE_I_O)     0.028     0.706 r  u_boundary_bufg/O
                         net (fo=26835, unplaced)     2.584     3.290    u_dut/u_unified_p4_kernel/clk
                         FDCE                                         r  u_dut/u_unified_p4_kernel/reserved_groups_q_reg[1]/C
  -------------------------------------------------------------------    -------------------
                         FDCE (Prop_FDCE_C_Q)         0.078     3.368 r  u_dut/u_unified_p4_kernel/reserved_groups_q_reg[1]/Q
                         net (fo=5, unplaced)         0.172     3.540    u_dut/u_unified_p4_kernel/reserved_groups_q[1]
                         LUT6 (Prop_LUT6_I0_O)        0.150     3.690 r  u_dut/u_unified_p4_kernel/input_group_fire_INST_0_i_8/O
                         net (fo=2, unplaced)         0.186     3.876    u_dut/u_unified_p4_kernel/input_group_fire_INST_0_i_8_n_0
                         LUT3 (Prop_LUT3_I0_O)        0.038     3.914 r  u_dut/u_unified_p4_kernel/input_group_fire_INST_0_i_7/O
                         net (fo=1, unplaced)         0.186     4.100    u_dut/u_unified_p4_kernel/input_group_fire_INST_0_i_7_n_0
                         LUT5 (Prop_LUT5_I2_O)        0.038     4.138 f  u_dut/u_unified_p4_kernel/input_group_fire_INST_0_i_3/O
                         net (fo=1, unplaced)         0.186     4.324    u_dut/u_unified_p4_kernel/input_group_fire_INST_0_i_3_n_0
                         LUT6 (Prop_LUT6_I3_O)        0.038     4.362 r  u_dut/u_unified_p4_kernel/input_group_fire_INST_0_i_1/O
                         net (fo=2, unplaced)         0.186     4.548    u_dut/u_unified_p4_kernel/ingress_valid_q42_in
                         LUT4 (Prop_LUT4_I3_O)        0.038     4.586 r  u_dut/u_unified_p4_kernel/input_group_fire_INST_0/O
                         net (fo=92, unplaced)        0.270     4.856    u_dut/kernel_input_group_fire
                         LUT5 (Prop_LUT5_I1_O)        0.038     4.894 r  u_dut/rd_cmd_bank_mask_q[3]_i_1/O
                         net (fo=11, unplaced)        0.221     5.115    u_dut/rd_cmd_ready
                         LUT6 (Prop_LUT6_I0_O)        0.038     5.153 r  u_dut/rd_cmd_group_q[4]_i_1/O
                         net (fo=79, unplaced)        0.220     5.373    u_dut/rd_cmd_accept
                         FDCE                                         r  u_dut/rd_cmd_addr_q_reg[1][0][0]/CE
  -------------------------------------------------------------------    -------------------

                         (clock clk rise edge)        2.000     2.000 r  
                                                      0.000     2.000 r  clk (IN)
                         net (fo=0)                   0.000     2.000    u_boundary_ibuf/I
                         INBUF (Prop_INBUF_PAD_O)     0.267     2.267 r  u_boundary_ibuf/INBUF_INST/O
                         net (fo=1, unplaced)         0.000     2.267    u_boundary_ibuf/OUT
                         IBUFCTRL (Prop_IBUFCTRL_I_O)
                                                      0.000     2.267 r  u_boundary_ibuf/IBUFCTRL_INST/O
                         net (fo=1, unplaced)         0.133     2.400    clk_ibuf
                         BUFGCE (Prop_BUFGCE_I_O)     0.024     2.424 r  u_boundary_bufg/O
                         net (fo=26835, unplaced)     2.439     4.863    u_dut/clk
                         FDCE                                         r  u_dut/rd_cmd_addr_q_reg[1][0][0]/C
                         clock pessimism              0.282     5.145    
                         clock uncertainty           -0.035     5.110    
                         FDCE (Setup_FDCE_C_CE)      -0.061     5.049    u_dut/rd_cmd_addr_q_reg[1][0][0]
  -------------------------------------------------------------------
                         required time                          5.049    
                         arrival time                          -5.373    
  -------------------------------------------------------------------
                         slack                                 -0.324    

Slack (VIOLATED) :        -0.324ns  (required time - arrival time)
  Source:                 u_dut/u_unified_p4_kernel/reserved_groups_q_reg[1]/C
                            (rising edge-triggered cell FDCE clocked by clk  {rise@0.000ns fall@1.000ns period=2.000ns})
  Destination:            u_dut/rd_cmd_addr_q_reg[1][0][1]/CE
                            (rising edge-triggered cell FDCE clocked by clk  {rise@0.000ns fall@1.000ns period=2.000ns})
  Path Group:             clk
  Path Type:              Setup (Max at Slow Process Corner)
  Requirement:            2.000ns  (clk rise@2.000ns - clk rise@0.000ns)
  Data Path Delay:        2.083ns  (logic 0.456ns (21.892%)  route 1.627ns (78.109%))
  Logic Levels:           7  (LUT3=1 LUT4=1 LUT5=2 LUT6=3)
  Clock Path Skew:        -0.145ns (DCD - SCD + CPR)
    Destination Clock Delay (DCD):    2.863ns = ( 4.863 - 2.000 ) 
    Source Clock Delay      (SCD):    3.290ns
    Clock Pessimism Removal (CPR):    0.282ns
  Clock Uncertainty:      0.035ns  ((TSJ^2 + TIJ^2)^1/2 + DJ) / 2 + PE + UU
    Total System Jitter     (TSJ):    0.071ns
    Total Input Jitter      (TIJ):    0.000ns
    Discrete Jitter          (DJ):    0.000ns
    Phase Error              (PE):    0.000ns
    User Uncertainty         (UU):    0.000ns

    Location             Delay type                Incr(ns)  Path(ns)    Netlist Resource(s)
  -------------------------------------------------------------------    -------------------
                         (clock clk rise edge)        0.000     0.000 r  
                                                      0.000     0.000 r  clk (IN)
                         net (fo=0)                   0.000     0.000    u_boundary_ibuf/I
                         INBUF (Prop_INBUF_PAD_O)     0.517     0.517 r  u_boundary_ibuf/INBUF_INST/O
                         net (fo=1, unplaced)         0.000     0.517    u_boundary_ibuf/OUT
                         IBUFCTRL (Prop_IBUFCTRL_I_O)
                                                      0.000     0.517 r  u_boundary_ibuf/IBUFCTRL_INST/O
                         net (fo=1, unplaced)         0.161     0.678    clk_ibuf
                         BUFGCE (Prop_BUFGCE_I_O)     0.028     0.706 r  u_boundary_bufg/O
                         net (fo=26835, unplaced)     2.584     3.290    u_dut/u_unified_p4_kernel/clk
                         FDCE                                         r  u_dut/u_unified_p4_kernel/reserved_groups_q_reg[1]/C
  -------------------------------------------------------------------    -------------------
                         FDCE (Prop_FDCE_C_Q)         0.078     3.368 r  u_dut/u_unified_p4_kernel/reserved_groups_q_reg[1]/Q
                         net (fo=5, unplaced)         0.172     3.540    u_dut/u_unified_p4_kernel/reserved_groups_q[1]
                         LUT6 (Prop_LUT6_I0_O)        0.150     3.690 r  u_dut/u_unified_p4_kernel/input_group_fire_INST_0_i_8/O
                         net (fo=2, unplaced)         0.186     3.876    u_dut/u_unified_p4_kernel/input_group_fire_INST_0_i_8_n_0
                         LUT3 (Prop_LUT3_I0_O)        0.038     3.914 r  u_dut/u_unified_p4_kernel/input_group_fire_INST_0_i_7/O
                         net (fo=1, unplaced)         0.186     4.100    u_dut/u_unified_p4_kernel/input_group_fire_INST_0_i_7_n_0
                         LUT5 (Prop_LUT5_I2_O)        0.038     4.138 f  u_dut/u_unified_p4_kernel/input_group_fire_INST_0_i_3/O
                         net (fo=1, unplaced)         0.186     4.324    u_dut/u_unified_p4_kernel/input_group_fire_INST_0_i_3_n_0
                         LUT6 (Prop_LUT6_I3_O)        0.038     4.362 r  u_dut/u_unified_p4_kernel/input_group_fire_INST_0_i_1/O
                         net (fo=2, unplaced)         0.186     4.548    u_dut/u_unified_p4_kernel/ingress_valid_q42_in
                         LUT4 (Prop_LUT4_I3_O)        0.038     4.586 r  u_dut/u_unified_p4_kernel/input_group_fire_INST_0/O
                         net (fo=92, unplaced)        0.270     4.856    u_dut/kernel_input_group_fire
                         LUT5 (Prop_LUT5_I1_O)        0.038     4.894 r  u_dut/rd_cmd_bank_mask_q[3]_i_1/O
                         net (fo=11, unplaced)        0.221     5.115    u_dut/rd_cmd_ready
                         LUT6 (Prop_LUT6_I0_O)        0.038     5.153 r  u_dut/rd_cmd_group_q[4]_i_1/O
                         net (fo=79, unplaced)        0.220     5.373    u_dut/rd_cmd_accept
                         FDCE                                         r  u_dut/rd_cmd_addr_q_reg[1][0][1]/CE
  -------------------------------------------------------------------    -------------------

                         (clock clk rise edge)        2.000     2.000 r  
                                                      0.000     2.000 r  clk (IN)
                         net (fo=0)                   0.000     2.000    u_boundary_ibuf/I
                         INBUF (Prop_INBUF_PAD_O)     0.267     2.267 r  u_boundary_ibuf/INBUF_INST/O
                         net (fo=1, unplaced)         0.000     2.267    u_boundary_ibuf/OUT
                         IBUFCTRL (Prop_IBUFCTRL_I_O)
                                                      0.000     2.267 r  u_boundary_ibuf/IBUFCTRL_INST/O
                         net (fo=1, unplaced)         0.133     2.400    clk_ibuf
                         BUFGCE (Prop_BUFGCE_I_O)     0.024     2.424 r  u_boundary_bufg/O
                         net (fo=26835, unplaced)     2.439     4.863    u_dut/clk
                         FDCE                                         r  u_dut/rd_cmd_addr_q_reg[1][0][1]/C
                         clock pessimism              0.282     5.145    
                         clock uncertainty           -0.035     5.110    
                         FDCE (Setup_FDCE_C_CE)      -0.061     5.049    u_dut/rd_cmd_addr_q_reg[1][0][1]
  -------------------------------------------------------------------
                         required time                          5.049    
                         arrival time                          -5.373    
  -------------------------------------------------------------------
                         slack                                 -0.324    

Slack (VIOLATED) :        -0.324ns  (required time - arrival time)
  Source:                 u_dut/u_unified_p4_kernel/reserved_groups_q_reg[1]/C
                            (rising edge-triggered cell FDCE clocked by clk  {rise@0.000ns fall@1.000ns period=2.000ns})
  Destination:            u_dut/rd_cmd_addr_q_reg[1][0][2]/CE
                            (rising edge-triggered cell FDCE clocked by clk  {rise@0.000ns fall@1.000ns period=2.000ns})
  Path Group:             clk
  Path Type:              Setup (Max at Slow Process Corner)
  Requirement:            2.000ns  (clk rise@2.000ns - clk rise@0.000ns)
  Data Path Delay:        2.083ns  (logic 0.456ns (21.892%)  route 1.627ns (78.109%))
  Logic Levels:           7  (LUT3=1 LUT4=1 LUT5=2 LUT6=3)
  Clock Path Skew:        -0.145ns (DCD - SCD + CPR)
    Destination Clock Delay (DCD):    2.863ns = ( 4.863 - 2.000 ) 
    Source Clock Delay      (SCD):    3.290ns
    Clock Pessimism Removal (CPR):    0.282ns
  Clock Uncertainty:      0.035ns  ((TSJ^2 + TIJ^2)^1/2 + DJ) / 2 + PE + UU
    Total System Jitter     (TSJ):    0.071ns
    Total Input Jitter      (TIJ):    0.000ns
    Discrete Jitter          (DJ):    0.000ns
    Phase Error              (PE):    0.000ns
    User Uncertainty         (UU):    0.000ns

    Location             Delay type                Incr(ns)  Path(ns)    Netlist Resource(s)
  -------------------------------------------------------------------    -------------------
                         (clock clk rise edge)        0.000     0.000 r  
                                                      0.000     0.000 r  clk (IN)
                         net (fo=0)                   0.000     0.000    u_boundary_ibuf/I
                         INBUF (Prop_INBUF_PAD_O)     0.517     0.517 r  u_boundary_ibuf/INBUF_INST/O
                         net (fo=1, unplaced)         0.000     0.517    u_boundary_ibuf/OUT
                         IBUFCTRL (Prop_IBUFCTRL_I_O)
                                                      0.000     0.517 r  u_boundary_ibuf/IBUFCTRL_INST/O
                         net (fo=1, unplaced)         0.161     0.678    clk_ibuf
                         BUFGCE (Prop_BUFGCE_I_O)     0.028     0.706 r  u_boundary_bufg/O
                         net (fo=26835, unplaced)     2.584     3.290    u_dut/u_unified_p4_kernel/clk
                         FDCE                                         r  u_dut/u_unified_p4_kernel/reserved_groups_q_reg[1]/C
  -------------------------------------------------------------------    -------------------
                         FDCE (Prop_FDCE_C_Q)         0.078     3.368 r  u_dut/u_unified_p4_kernel/reserved_groups_q_reg[1]/Q
                         net (fo=5, unplaced)         0.172     3.540    u_dut/u_unified_p4_kernel/reserved_groups_q[1]
                         LUT6 (Prop_LUT6_I0_O)        0.150     3.690 r  u_dut/u_unified_p4_kernel/input_group_fire_INST_0_i_8/O
                         net (fo=2, unplaced)         0.186     3.876    u_dut/u_unified_p4_kernel/input_group_fire_INST_0_i_8_n_0
                         LUT3 (Prop_LUT3_I0_O)        0.038     3.914 r  u_dut/u_unified_p4_kernel/input_group_fire_INST_0_i_7/O
                         net (fo=1, unplaced)         0.186     4.100    u_dut/u_unified_p4_kernel/input_group_fire_INST_0_i_7_n_0
                         LUT5 (Prop_LUT5_I2_O)        0.038     4.138 f  u_dut/u_unified_p4_kernel/input_group_fire_INST_0_i_3/O
                         net (fo=1, unplaced)         0.186     4.324    u_dut/u_unified_p4_kernel/input_group_fire_INST_0_i_3_n_0
                         LUT6 (Prop_LUT6_I3_O)        0.038     4.362 r  u_dut/u_unified_p4_kernel/input_group_fire_INST_0_i_1/O
                         net (fo=2, unplaced)         0.186     4.548    u_dut/u_unified_p4_kernel/ingress_valid_q42_in
                         LUT4 (Prop_LUT4_I3_O)        0.038     4.586 r  u_dut/u_unified_p4_kernel/input_group_fire_INST_0/O
                         net (fo=92, unplaced)        0.270     4.856    u_dut/kernel_input_group_fire
                         LUT5 (Prop_LUT5_I1_O)        0.038     4.894 r  u_dut/rd_cmd_bank_mask_q[3]_i_1/O
                         net (fo=11, unplaced)        0.221     5.115    u_dut/rd_cmd_ready
                         LUT6 (Prop_LUT6_I0_O)        0.038     5.153 r  u_dut/rd_cmd_group_q[4]_i_1/O
                         net (fo=79, unplaced)        0.220     5.373    u_dut/rd_cmd_accept
                         FDCE                                         r  u_dut/rd_cmd_addr_q_reg[1][0][2]/CE
  -------------------------------------------------------------------    -------------------

                         (clock clk rise edge)        2.000     2.000 r  
                                                      0.000     2.000 r  clk (IN)
                         net (fo=0)                   0.000     2.000    u_boundary_ibuf/I
                         INBUF (Prop_INBUF_PAD_O)     0.267     2.267 r  u_boundary_ibuf/INBUF_INST/O
                         net (fo=1, unplaced)         0.000     2.267    u_boundary_ibuf/OUT
                         IBUFCTRL (Prop_IBUFCTRL_I_O)
                                                      0.000     2.267 r  u_boundary_ibuf/IBUFCTRL_INST/O
                         net (fo=1, unplaced)         0.133     2.400    clk_ibuf
                         BUFGCE (Prop_BUFGCE_I_O)     0.024     2.424 r  u_boundary_bufg/O
                         net (fo=26835, unplaced)     2.439     4.863    u_dut/clk
                         FDCE                                         r  u_dut/rd_cmd_addr_q_reg[1][0][2]/C
                         clock pessimism              0.282     5.145    
                         clock uncertainty           -0.035     5.110    
                         FDCE (Setup_FDCE_C_CE)      -0.061     5.049    u_dut/rd_cmd_addr_q_reg[1][0][2]
  -------------------------------------------------------------------
                         required time                          5.049    
                         arrival time                          -5.373    
  -------------------------------------------------------------------
                         slack                                 -0.324    

Slack (VIOLATED) :        -0.324ns  (required time - arrival time)
  Source:                 u_dut/u_unified_p4_kernel/reserved_groups_q_reg[1]/C
                            (rising edge-triggered cell FDCE clocked by clk  {rise@0.000ns fall@1.000ns period=2.000ns})
  Destination:            u_dut/rd_cmd_addr_q_reg[1][0][3]/CE
                            (rising edge-triggered cell FDCE clocked by clk  {rise@0.000ns fall@1.000ns period=2.000ns})
  Path Group:             clk
  Path Type:              Setup (Max at Slow Process Corner)
  Requirement:            2.000ns  (clk rise@2.000ns - clk rise@0.000ns)
  Data Path Delay:        2.083ns  (logic 0.456ns (21.892%)  route 1.627ns (78.109%))
  Logic Levels:           7  (LUT3=1 LUT4=1 LUT5=2 LUT6=3)
  Clock Path Skew:        -0.145ns (DCD - SCD + CPR)
    Destination Clock Delay (DCD):    2.863ns = ( 4.863 - 2.000 ) 
    Source Clock Delay      (SCD):    3.290ns
    Clock Pessimism Removal (CPR):    0.282ns
  Clock Uncertainty:      0.035ns  ((TSJ^2 + TIJ^2)^1/2 + DJ) / 2 + PE + UU
    Total System Jitter     (TSJ):    0.071ns
    Total Input Jitter      (TIJ):    0.000ns
    Discrete Jitter          (DJ):    0.000ns
    Phase Error              (PE):    0.000ns
    User Uncertainty         (UU):    0.000ns

    Location             Delay type                Incr(ns)  Path(ns)    Netlist Resource(s)
  -------------------------------------------------------------------    -------------------
                         (clock clk rise edge)        0.000     0.000 r  
                                                      0.000     0.000 r  clk (IN)
                         net (fo=0)                   0.000     0.000    u_boundary_ibuf/I
                         INBUF (Prop_INBUF_PAD_O)     0.517     0.517 r  u_boundary_ibuf/INBUF_INST/O
                         net (fo=1, unplaced)         0.000     0.517    u_boundary_ibuf/OUT
                         IBUFCTRL (Prop_IBUFCTRL_I_O)
                                                      0.000     0.517 r  u_boundary_ibuf/IBUFCTRL_INST/O
                         net (fo=1, unplaced)         0.161     0.678    clk_ibuf
                         BUFGCE (Prop_BUFGCE_I_O)     0.028     0.706 r  u_boundary_bufg/O
                         net (fo=26835, unplaced)     2.584     3.290    u_dut/u_unified_p4_kernel/clk
                         FDCE                                         r  u_dut/u_unified_p4_kernel/reserved_groups_q_reg[1]/C
  -------------------------------------------------------------------    -------------------
                         FDCE (Prop_FDCE_C_Q)         0.078     3.368 r  u_dut/u_unified_p4_kernel/reserved_groups_q_reg[1]/Q
                         net (fo=5, unplaced)         0.172     3.540    u_dut/u_unified_p4_kernel/reserved_groups_q[1]
                         LUT6 (Prop_LUT6_I0_O)        0.150     3.690 r  u_dut/u_unified_p4_kernel/input_group_fire_INST_0_i_8/O
                         net (fo=2, unplaced)         0.186     3.876    u_dut/u_unified_p4_kernel/input_group_fire_INST_0_i_8_n_0
                         LUT3 (Prop_LUT3_I0_O)        0.038     3.914 r  u_dut/u_unified_p4_kernel/input_group_fire_INST_0_i_7/O
                         net (fo=1, unplaced)         0.186     4.100    u_dut/u_unified_p4_kernel/input_group_fire_INST_0_i_7_n_0
                         LUT5 (Prop_LUT5_I2_O)        0.038     4.138 f  u_dut/u_unified_p4_kernel/input_group_fire_INST_0_i_3/O
                         net (fo=1, unplaced)         0.186     4.324    u_dut/u_unified_p4_kernel/input_group_fire_INST_0_i_3_n_0
                         LUT6 (Prop_LUT6_I3_O)        0.038     4.362 r  u_dut/u_unified_p4_kernel/input_group_fire_INST_0_i_1/O
                         net (fo=2, unplaced)         0.186     4.548    u_dut/u_unified_p4_kernel/ingress_valid_q42_in
                         LUT4 (Prop_LUT4_I3_O)        0.038     4.586 r  u_dut/u_unified_p4_kernel/input_group_fire_INST_0/O
                         net (fo=92, unplaced)        0.270     4.856    u_dut/kernel_input_group_fire
                         LUT5 (Prop_LUT5_I1_O)        0.038     4.894 r  u_dut/rd_cmd_bank_mask_q[3]_i_1/O
                         net (fo=11, unplaced)        0.221     5.115    u_dut/rd_cmd_ready
                         LUT6 (Prop_LUT6_I0_O)        0.038     5.153 r  u_dut/rd_cmd_group_q[4]_i_1/O
                         net (fo=79, unplaced)        0.220     5.373    u_dut/rd_cmd_accept
                         FDCE                                         r  u_dut/rd_cmd_addr_q_reg[1][0][3]/CE
  -------------------------------------------------------------------    -------------------

                         (clock clk rise edge)        2.000     2.000 r  
                                                      0.000     2.000 r  clk (IN)
                         net (fo=0)                   0.000     2.000    u_boundary_ibuf/I
                         INBUF (Prop_INBUF_PAD_O)     0.267     2.267 r  u_boundary_ibuf/INBUF_INST/O
                         net (fo=1, unplaced)         0.000     2.267    u_boundary_ibuf/OUT
                         IBUFCTRL (Prop_IBUFCTRL_I_O)
                                                      0.000     2.267 r  u_boundary_ibuf/IBUFCTRL_INST/O
                         net (fo=1, unplaced)         0.133     2.400    clk_ibuf
                         BUFGCE (Prop_BUFGCE_I_O)     0.024     2.424 r  u_boundary_bufg/O
                         net (fo=26835, unplaced)     2.439     4.863    u_dut/clk
                         FDCE                                         r  u_dut/rd_cmd_addr_q_reg[1][0][3]/C
                         clock pessimism              0.282     5.145    
                         clock uncertainty           -0.035     5.110    
                         FDCE (Setup_FDCE_C_CE)      -0.061     5.049    u_dut/rd_cmd_addr_q_reg[1][0][3]
  -------------------------------------------------------------------
                         required time                          5.049    
                         arrival time                          -5.373    
  -------------------------------------------------------------------
                         slack                                 -0.324    

Slack (VIOLATED) :        -0.324ns  (required time - arrival time)
  Source:                 u_dut/u_unified_p4_kernel/reserved_groups_q_reg[1]/C
                            (rising edge-triggered cell FDCE clocked by clk  {rise@0.000ns fall@1.000ns period=2.000ns})
  Destination:            u_dut/rd_cmd_addr_q_reg[1][0][4]/CE
                            (rising edge-triggered cell FDCE clocked by clk  {rise@0.000ns fall@1.000ns period=2.000ns})
  Path Group:             clk
  Path Type:              Setup (Max at Slow Process Corner)
  Requirement:            2.000ns  (clk rise@2.000ns - clk rise@0.000ns)
  Data Path Delay:        2.083ns  (logic 0.456ns (21.892%)  route 1.627ns (78.109%))
  Logic Levels:           7  (LUT3=1 LUT4=1 LUT5=2 LUT6=3)
  Clock Path Skew:        -0.145ns (DCD - SCD + CPR)
    Destination Clock Delay (DCD):    2.863ns = ( 4.863 - 2.000 ) 
    Source Clock Delay      (SCD):    3.290ns
    Clock Pessimism Removal (CPR):    0.282ns
  Clock Uncertainty:      0.035ns  ((TSJ^2 + TIJ^2)^1/2 + DJ) / 2 + PE + UU
    Total System Jitter     (TSJ):    0.071ns
    Total Input Jitter      (TIJ):    0.000ns
    Discrete Jitter          (DJ):    0.000ns
    Phase Error              (PE):    0.000ns
    User Uncertainty         (UU):    0.000ns

    Location             Delay type                Incr(ns)  Path(ns)    Netlist Resource(s)
  -------------------------------------------------------------------    -------------------
                         (clock clk rise edge)        0.000     0.000 r  
                                                      0.000     0.000 r  clk (IN)
                         net (fo=0)                   0.000     0.000    u_boundary_ibuf/I
                         INBUF (Prop_INBUF_PAD_O)     0.517     0.517 r  u_boundary_ibuf/INBUF_INST/O
                         net (fo=1, unplaced)         0.000     0.517    u_boundary_ibuf/OUT
                         IBUFCTRL (Prop_IBUFCTRL_I_O)
                                                      0.000     0.517 r  u_boundary_ibuf/IBUFCTRL_INST/O
                         net (fo=1, unplaced)         0.161     0.678    clk_ibuf
                         BUFGCE (Prop_BUFGCE_I_O)     0.028     0.706 r  u_boundary_bufg/O
                         net (fo=26835, unplaced)     2.584     3.290    u_dut/u_unified_p4_kernel/clk
                         FDCE                                         r  u_dut/u_unified_p4_kernel/reserved_groups_q_reg[1]/C
  -------------------------------------------------------------------    -------------------
                         FDCE (Prop_FDCE_C_Q)         0.078     3.368 r  u_dut/u_unified_p4_kernel/reserved_groups_q_reg[1]/Q
                         net (fo=5, unplaced)         0.172     3.540    u_dut/u_unified_p4_kernel/reserved_groups_q[1]
                         LUT6 (Prop_LUT6_I0_O)        0.150     3.690 r  u_dut/u_unified_p4_kernel/input_group_fire_INST_0_i_8/O
                         net (fo=2, unplaced)         0.186     3.876    u_dut/u_unified_p4_kernel/input_group_fire_INST_0_i_8_n_0
                         LUT3 (Prop_LUT3_I0_O)        0.038     3.914 r  u_dut/u_unified_p4_kernel/input_group_fire_INST_0_i_7/O
                         net (fo=1, unplaced)         0.186     4.100    u_dut/u_unified_p4_kernel/input_group_fire_INST_0_i_7_n_0
                         LUT5 (Prop_LUT5_I2_O)        0.038     4.138 f  u_dut/u_unified_p4_kernel/input_group_fire_INST_0_i_3/O
                         net (fo=1, unplaced)         0.186     4.324    u_dut/u_unified_p4_kernel/input_group_fire_INST_0_i_3_n_0
                         LUT6 (Prop_LUT6_I3_O)        0.038     4.362 r  u_dut/u_unified_p4_kernel/input_group_fire_INST_0_i_1/O
                         net (fo=2, unplaced)         0.186     4.548    u_dut/u_unified_p4_kernel/ingress_valid_q42_in
                         LUT4 (Prop_LUT4_I3_O)        0.038     4.586 r  u_dut/u_unified_p4_kernel/input_group_fire_INST_0/O
                         net (fo=92, unplaced)        0.270     4.856    u_dut/kernel_input_group_fire
                         LUT5 (Prop_LUT5_I1_O)        0.038     4.894 r  u_dut/rd_cmd_bank_mask_q[3]_i_1/O
                         net (fo=11, unplaced)        0.221     5.115    u_dut/rd_cmd_ready
                         LUT6 (Prop_LUT6_I0_O)        0.038     5.153 r  u_dut/rd_cmd_group_q[4]_i_1/O
                         net (fo=79, unplaced)        0.220     5.373    u_dut/rd_cmd_accept
                         FDCE                                         r  u_dut/rd_cmd_addr_q_reg[1][0][4]/CE
  -------------------------------------------------------------------    -------------------

                         (clock clk rise edge)        2.000     2.000 r  
                                                      0.000     2.000 r  clk (IN)
                         net (fo=0)                   0.000     2.000    u_boundary_ibuf/I
                         INBUF (Prop_INBUF_PAD_O)     0.267     2.267 r  u_boundary_ibuf/INBUF_INST/O
                         net (fo=1, unplaced)         0.000     2.267    u_boundary_ibuf/OUT
                         IBUFCTRL (Prop_IBUFCTRL_I_O)
                                                      0.000     2.267 r  u_boundary_ibuf/IBUFCTRL_INST/O
                         net (fo=1, unplaced)         0.133     2.400    clk_ibuf
                         BUFGCE (Prop_BUFGCE_I_O)     0.024     2.424 r  u_boundary_bufg/O
                         net (fo=26835, unplaced)     2.439     4.863    u_dut/clk
                         FDCE                                         r  u_dut/rd_cmd_addr_q_reg[1][0][4]/C
                         clock pessimism              0.282     5.145    
                         clock uncertainty           -0.035     5.110    
                         FDCE (Setup_FDCE_C_CE)      -0.061     5.049    u_dut/rd_cmd_addr_q_reg[1][0][4]
  -------------------------------------------------------------------
                         required time                          5.049    
                         arrival time                          -5.373    
  -------------------------------------------------------------------
                         slack                                 -0.324    

Slack (VIOLATED) :        -0.324ns  (required time - arrival time)
  Source:                 u_dut/u_unified_p4_kernel/reserved_groups_q_reg[1]/C
                            (rising edge-triggered cell FDCE clocked by clk  {rise@0.000ns fall@1.000ns period=2.000ns})
  Destination:            u_dut/rd_cmd_addr_q_reg[1][0][5]/CE
                            (rising edge-triggered cell FDCE clocked by clk  {rise@0.000ns fall@1.000ns period=2.000ns})
  Path Group:             clk
  Path Type:              Setup (Max at Slow Process Corner)
  Requirement:            2.000ns  (clk rise@2.000ns - clk rise@0.000ns)
  Data Path Delay:        2.083ns  (logic 0.456ns (21.892%)  route 1.627ns (78.109%))
  Logic Levels:           7  (LUT3=1 LUT4=1 LUT5=2 LUT6=3)
  Clock Path Skew:        -0.145ns (DCD - SCD + CPR)
    Destination Clock Delay (DCD):    2.863ns = ( 4.863 - 2.000 ) 
    Source Clock Delay      (SCD):    3.290ns
    Clock Pessimism Removal (CPR):    0.282ns
  Clock Uncertainty:      0.035ns  ((TSJ^2 + TIJ^2)^1/2 + DJ) / 2 + PE + UU
    Total System Jitter     (TSJ):    0.071ns
    Total Input Jitter      (TIJ):    0.000ns
    Discrete Jitter          (DJ):    0.000ns
    Phase Error              (PE):    0.000ns
    User Uncertainty         (UU):    0.000ns

    Location             Delay type                Incr(ns)  Path(ns)    Netlist Resource(s)
  -------------------------------------------------------------------    -------------------
                         (clock clk rise edge)        0.000     0.000 r  
                                                      0.000     0.000 r  clk (IN)
                         net (fo=0)                   0.000     0.000    u_boundary_ibuf/I
                         INBUF (Prop_INBUF_PAD_O)     0.517     0.517 r  u_boundary_ibuf/INBUF_INST/O
                         net (fo=1, unplaced)         0.000     0.517    u_boundary_ibuf/OUT
                         IBUFCTRL (Prop_IBUFCTRL_I_O)
                                                      0.000     0.517 r  u_boundary_ibuf/IBUFCTRL_INST/O
                         net (fo=1, unplaced)         0.161     0.678    clk_ibuf
                         BUFGCE (Prop_BUFGCE_I_O)     0.028     0.706 r  u_boundary_bufg/O
                         net (fo=26835, unplaced)     2.584     3.290    u_dut/u_unified_p4_kernel/clk
                         FDCE                                         r  u_dut/u_unified_p4_kernel/reserved_groups_q_reg[1]/C
  -------------------------------------------------------------------    -------------------
                         FDCE (Prop_FDCE_C_Q)         0.078     3.368 r  u_dut/u_unified_p4_kernel/reserved_groups_q_reg[1]/Q
                         net (fo=5, unplaced)         0.172     3.540    u_dut/u_unified_p4_kernel/reserved_groups_q[1]
                         LUT6 (Prop_LUT6_I0_O)        0.150     3.690 r  u_dut/u_unified_p4_kernel/input_group_fire_INST_0_i_8/O
                         net (fo=2, unplaced)         0.186     3.876    u_dut/u_unified_p4_kernel/input_group_fire_INST_0_i_8_n_0
                         LUT3 (Prop_LUT3_I0_O)        0.038     3.914 r  u_dut/u_unified_p4_kernel/input_group_fire_INST_0_i_7/O
                         net (fo=1, unplaced)         0.186     4.100    u_dut/u_unified_p4_kernel/input_group_fire_INST_0_i_7_n_0
                         LUT5 (Prop_LUT5_I2_O)        0.038     4.138 f  u_dut/u_unified_p4_kernel/input_group_fire_INST_0_i_3/O
                         net (fo=1, unplaced)         0.186     4.324    u_dut/u_unified_p4_kernel/input_group_fire_INST_0_i_3_n_0
                         LUT6 (Prop_LUT6_I3_O)        0.038     4.362 r  u_dut/u_unified_p4_kernel/input_group_fire_INST_0_i_1/O
                         net (fo=2, unplaced)         0.186     4.548    u_dut/u_unified_p4_kernel/ingress_valid_q42_in
                         LUT4 (Prop_LUT4_I3_O)        0.038     4.586 r  u_dut/u_unified_p4_kernel/input_group_fire_INST_0/O
                         net (fo=92, unplaced)        0.270     4.856    u_dut/kernel_input_group_fire
                         LUT5 (Prop_LUT5_I1_O)        0.038     4.894 r  u_dut/rd_cmd_bank_mask_q[3]_i_1/O
                         net (fo=11, unplaced)        0.221     5.115    u_dut/rd_cmd_ready
                         LUT6 (Prop_LUT6_I0_O)        0.038     5.153 r  u_dut/rd_cmd_group_q[4]_i_1/O
                         net (fo=79, unplaced)        0.220     5.373    u_dut/rd_cmd_accept
                         FDCE                                         r  u_dut/rd_cmd_addr_q_reg[1][0][5]/CE
  -------------------------------------------------------------------    -------------------

                         (clock clk rise edge)        2.000     2.000 r  
                                                      0.000     2.000 r  clk (IN)
                         net (fo=0)                   0.000     2.000    u_boundary_ibuf/I
                         INBUF (Prop_INBUF_PAD_O)     0.267     2.267 r  u_boundary_ibuf/INBUF_INST/O
                         net (fo=1, unplaced)         0.000     2.267    u_boundary_ibuf/OUT
                         IBUFCTRL (Prop_IBUFCTRL_I_O)
                                                      0.000     2.267 r  u_boundary_ibuf/IBUFCTRL_INST/O
                         net (fo=1, unplaced)         0.133     2.400    clk_ibuf
                         BUFGCE (Prop_BUFGCE_I_O)     0.024     2.424 r  u_boundary_bufg/O
                         net (fo=26835, unplaced)     2.439     4.863    u_dut/clk
                         FDCE                                         r  u_dut/rd_cmd_addr_q_reg[1][0][5]/C
                         clock pessimism              0.282     5.145    
                         clock uncertainty           -0.035     5.110    
                         FDCE (Setup_FDCE_C_CE)      -0.061     5.049    u_dut/rd_cmd_addr_q_reg[1][0][5]
  -------------------------------------------------------------------
                         required time                          5.049    
                         arrival time                          -5.373    
  -------------------------------------------------------------------
                         slack                                 -0.324    

Slack (VIOLATED) :        -0.324ns  (required time - arrival time)
  Source:                 u_dut/u_unified_p4_kernel/reserved_groups_q_reg[1]/C
                            (rising edge-triggered cell FDCE clocked by clk  {rise@0.000ns fall@1.000ns period=2.000ns})
  Destination:            u_dut/rd_cmd_addr_q_reg[1][0][6]/CE
                            (rising edge-triggered cell FDCE clocked by clk  {rise@0.000ns fall@1.000ns period=2.000ns})
  Path Group:             clk
  Path Type:              Setup (Max at Slow Process Corner)
  Requirement:            2.000ns  (clk rise@2.000ns - clk rise@0.000ns)
  Data Path Delay:        2.083ns  (logic 0.456ns (21.892%)  route 1.627ns (78.109%))
  Logic Levels:           7  (LUT3=1 LUT4=1 LUT5=2 LUT6=3)
  Clock Path Skew:        -0.145ns (DCD - SCD + CPR)
    Destination Clock Delay (DCD):    2.863ns = ( 4.863 - 2.000 ) 
    Source Clock Delay      (SCD):    3.290ns
    Clock Pessimism Removal (CPR):    0.282ns
  Clock Uncertainty:      0.035ns  ((TSJ^2 + TIJ^2)^1/2 + DJ) / 2 + PE + UU
    Total System Jitter     (TSJ):    0.071ns
    Total Input Jitter      (TIJ):    0.000ns
    Discrete Jitter          (DJ):    0.000ns
    Phase Error              (PE):    0.000ns
    User Uncertainty         (UU):    0.000ns

    Location             Delay type                Incr(ns)  Path(ns)    Netlist Resource(s)
  -------------------------------------------------------------------    -------------------
                         (clock clk rise edge)        0.000     0.000 r  
                                                      0.000     0.000 r  clk (IN)
                         net (fo=0)                   0.000     0.000    u_boundary_ibuf/I
                         INBUF (Prop_INBUF_PAD_O)     0.517     0.517 r  u_boundary_ibuf/INBUF_INST/O
                         net (fo=1, unplaced)         0.000     0.517    u_boundary_ibuf/OUT
                         IBUFCTRL (Prop_IBUFCTRL_I_O)
                                                      0.000     0.517 r  u_boundary_ibuf/IBUFCTRL_INST/O
                         net (fo=1, unplaced)         0.161     0.678    clk_ibuf
                         BUFGCE (Prop_BUFGCE_I_O)     0.028     0.706 r  u_boundary_bufg/O
                         net (fo=26835, unplaced)     2.584     3.290    u_dut/u_unified_p4_kernel/clk
                         FDCE                                         r  u_dut/u_unified_p4_kernel/reserved_groups_q_reg[1]/C
  -------------------------------------------------------------------    -------------------
                         FDCE (Prop_FDCE_C_Q)         0.078     3.368 r  u_dut/u_unified_p4_kernel/reserved_groups_q_reg[1]/Q
                         net (fo=5, unplaced)         0.172     3.540    u_dut/u_unified_p4_kernel/reserved_groups_q[1]
                         LUT6 (Prop_LUT6_I0_O)        0.150     3.690 r  u_dut/u_unified_p4_kernel/input_group_fire_INST_0_i_8/O
                         net (fo=2, unplaced)         0.186     3.876    u_dut/u_unified_p4_kernel/input_group_fire_INST_0_i_8_n_0
                         LUT3 (Prop_LUT3_I0_O)        0.038     3.914 r  u_dut/u_unified_p4_kernel/input_group_fire_INST_0_i_7/O
                         net (fo=1, unplaced)         0.186     4.100    u_dut/u_unified_p4_kernel/input_group_fire_INST_0_i_7_n_0
                         LUT5 (Prop_LUT5_I2_O)        0.038     4.138 f  u_dut/u_unified_p4_kernel/input_group_fire_INST_0_i_3/O
                         net (fo=1, unplaced)         0.186     4.324    u_dut/u_unified_p4_kernel/input_group_fire_INST_0_i_3_n_0
                         LUT6 (Prop_LUT6_I3_O)        0.038     4.362 r  u_dut/u_unified_p4_kernel/input_group_fire_INST_0_i_1/O
                         net (fo=2, unplaced)         0.186     4.548    u_dut/u_unified_p4_kernel/ingress_valid_q42_in
                         LUT4 (Prop_LUT4_I3_O)        0.038     4.586 r  u_dut/u_unified_p4_kernel/input_group_fire_INST_0/O
                         net (fo=92, unplaced)        0.270     4.856    u_dut/kernel_input_group_fire
                         LUT5 (Prop_LUT5_I1_O)        0.038     4.894 r  u_dut/rd_cmd_bank_mask_q[3]_i_1/O
                         net (fo=11, unplaced)        0.221     5.115    u_dut/rd_cmd_ready
                         LUT6 (Prop_LUT6_I0_O)        0.038     5.153 r  u_dut/rd_cmd_group_q[4]_i_1/O
                         net (fo=79, unplaced)        0.220     5.373    u_dut/rd_cmd_accept
                         FDCE                                         r  u_dut/rd_cmd_addr_q_reg[1][0][6]/CE
  -------------------------------------------------------------------    -------------------

                         (clock clk rise edge)        2.000     2.000 r  
                                                      0.000     2.000 r  clk (IN)
                         net (fo=0)                   0.000     2.000    u_boundary_ibuf/I
                         INBUF (Prop_INBUF_PAD_O)     0.267     2.267 r  u_boundary_ibuf/INBUF_INST/O
                         net (fo=1, unplaced)         0.000     2.267    u_boundary_ibuf/OUT
                         IBUFCTRL (Prop_IBUFCTRL_I_O)
                                                      0.000     2.267 r  u_boundary_ibuf/IBUFCTRL_INST/O
                         net (fo=1, unplaced)         0.133     2.400    clk_ibuf
                         BUFGCE (Prop_BUFGCE_I_O)     0.024     2.424 r  u_boundary_bufg/O
                         net (fo=26835, unplaced)     2.439     4.863    u_dut/clk
                         FDCE                                         r  u_dut/rd_cmd_addr_q_reg[1][0][6]/C
                         clock pessimism              0.282     5.145    
                         clock uncertainty           -0.035     5.110    
                         FDCE (Setup_FDCE_C_CE)      -0.061     5.049    u_dut/rd_cmd_addr_q_reg[1][0][6]
  -------------------------------------------------------------------
                         required time                          5.049    
                         arrival time                          -5.373    
  -------------------------------------------------------------------
                         slack                                 -0.324    

Slack (VIOLATED) :        -0.324ns  (required time - arrival time)
  Source:                 u_dut/u_unified_p4_kernel/reserved_groups_q_reg[1]/C
                            (rising edge-triggered cell FDCE clocked by clk  {rise@0.000ns fall@1.000ns period=2.000ns})
  Destination:            u_dut/rd_cmd_addr_q_reg[1][0][7]/CE
                            (rising edge-triggered cell FDCE clocked by clk  {rise@0.000ns fall@1.000ns period=2.000ns})
  Path Group:             clk
  Path Type:              Setup (Max at Slow Process Corner)
  Requirement:            2.000ns  (clk rise@2.000ns - clk rise@0.000ns)
  Data Path Delay:        2.083ns  (logic 0.456ns (21.892%)  route 1.627ns (78.109%))
  Logic Levels:           7  (LUT3=1 LUT4=1 LUT5=2 LUT6=3)
  Clock Path Skew:        -0.145ns (DCD - SCD + CPR)
    Destination Clock Delay (DCD):    2.863ns = ( 4.863 - 2.000 ) 
    Source Clock Delay      (SCD):    3.290ns
    Clock Pessimism Removal (CPR):    0.282ns
  Clock Uncertainty:      0.035ns  ((TSJ^2 + TIJ^2)^1/2 + DJ) / 2 + PE + UU
    Total System Jitter     (TSJ):    0.071ns
    Total Input Jitter      (TIJ):    0.000ns
    Discrete Jitter          (DJ):    0.000ns
    Phase Error              (PE):    0.000ns
    User Uncertainty         (UU):    0.000ns

    Location             Delay type                Incr(ns)  Path(ns)    Netlist Resource(s)
  -------------------------------------------------------------------    -------------------
                         (clock clk rise edge)        0.000     0.000 r  
                                                      0.000     0.000 r  clk (IN)
                         net (fo=0)                   0.000     0.000    u_boundary_ibuf/I
                         INBUF (Prop_INBUF_PAD_O)     0.517     0.517 r  u_boundary_ibuf/INBUF_INST/O
                         net (fo=1, unplaced)         0.000     0.517    u_boundary_ibuf/OUT
                         IBUFCTRL (Prop_IBUFCTRL_I_O)
                                                      0.000     0.517 r  u_boundary_ibuf/IBUFCTRL_INST/O
                         net (fo=1, unplaced)         0.161     0.678    clk_ibuf
                         BUFGCE (Prop_BUFGCE_I_O)     0.028     0.706 r  u_boundary_bufg/O
                         net (fo=26835, unplaced)     2.584     3.290    u_dut/u_unified_p4_kernel/clk
                         FDCE                                         r  u_dut/u_unified_p4_kernel/reserved_groups_q_reg[1]/C
  -------------------------------------------------------------------    -------------------
                         FDCE (Prop_FDCE_C_Q)         0.078     3.368 r  u_dut/u_unified_p4_kernel/reserved_groups_q_reg[1]/Q
                         net (fo=5, unplaced)         0.172     3.540    u_dut/u_unified_p4_kernel/reserved_groups_q[1]
                         LUT6 (Prop_LUT6_I0_O)        0.150     3.690 r  u_dut/u_unified_p4_kernel/input_group_fire_INST_0_i_8/O
                         net (fo=2, unplaced)         0.186     3.876    u_dut/u_unified_p4_kernel/input_group_fire_INST_0_i_8_n_0
                         LUT3 (Prop_LUT3_I0_O)        0.038     3.914 r  u_dut/u_unified_p4_kernel/input_group_fire_INST_0_i_7/O
                         net (fo=1, unplaced)         0.186     4.100    u_dut/u_unified_p4_kernel/input_group_fire_INST_0_i_7_n_0
                         LUT5 (Prop_LUT5_I2_O)        0.038     4.138 f  u_dut/u_unified_p4_kernel/input_group_fire_INST_0_i_3/O
                         net (fo=1, unplaced)         0.186     4.324    u_dut/u_unified_p4_kernel/input_group_fire_INST_0_i_3_n_0
                         LUT6 (Prop_LUT6_I3_O)        0.038     4.362 r  u_dut/u_unified_p4_kernel/input_group_fire_INST_0_i_1/O
                         net (fo=2, unplaced)         0.186     4.548    u_dut/u_unified_p4_kernel/ingress_valid_q42_in
                         LUT4 (Prop_LUT4_I3_O)        0.038     4.586 r  u_dut/u_unified_p4_kernel/input_group_fire_INST_0/O
                         net (fo=92, unplaced)        0.270     4.856    u_dut/kernel_input_group_fire
                         LUT5 (Prop_LUT5_I1_O)        0.038     4.894 r  u_dut/rd_cmd_bank_mask_q[3]_i_1/O
                         net (fo=11, unplaced)        0.221     5.115    u_dut/rd_cmd_ready
                         LUT6 (Prop_LUT6_I0_O)        0.038     5.153 r  u_dut/rd_cmd_group_q[4]_i_1/O
                         net (fo=79, unplaced)        0.220     5.373    u_dut/rd_cmd_accept
                         FDCE                                         r  u_dut/rd_cmd_addr_q_reg[1][0][7]/CE
  -------------------------------------------------------------------    -------------------

                         (clock clk rise edge)        2.000     2.000 r  
                                                      0.000     2.000 r  clk (IN)
                         net (fo=0)                   0.000     2.000    u_boundary_ibuf/I
                         INBUF (Prop_INBUF_PAD_O)     0.267     2.267 r  u_boundary_ibuf/INBUF_INST/O
                         net (fo=1, unplaced)         0.000     2.267    u_boundary_ibuf/OUT
                         IBUFCTRL (Prop_IBUFCTRL_I_O)
                                                      0.000     2.267 r  u_boundary_ibuf/IBUFCTRL_INST/O
                         net (fo=1, unplaced)         0.133     2.400    clk_ibuf
                         BUFGCE (Prop_BUFGCE_I_O)     0.024     2.424 r  u_boundary_bufg/O
                         net (fo=26835, unplaced)     2.439     4.863    u_dut/clk
                         FDCE                                         r  u_dut/rd_cmd_addr_q_reg[1][0][7]/C
                         clock pessimism              0.282     5.145    
                         clock uncertainty           -0.035     5.110    
                         FDCE (Setup_FDCE_C_CE)      -0.061     5.049    u_dut/rd_cmd_addr_q_reg[1][0][7]
  -------------------------------------------------------------------
                         required time                          5.049    
                         arrival time                          -5.373    
  -------------------------------------------------------------------
                         slack                                 -0.324    

Slack (VIOLATED) :        -0.324ns  (required time - arrival time)
  Source:                 u_dut/u_unified_p4_kernel/reserved_groups_q_reg[1]/C
                            (rising edge-triggered cell FDCE clocked by clk  {rise@0.000ns fall@1.000ns period=2.000ns})
  Destination:            u_dut/rd_cmd_addr_q_reg[1][0][8]/CE
                            (rising edge-triggered cell FDCE clocked by clk  {rise@0.000ns fall@1.000ns period=2.000ns})
  Path Group:             clk
  Path Type:              Setup (Max at Slow Process Corner)
  Requirement:            2.000ns  (clk rise@2.000ns - clk rise@0.000ns)
  Data Path Delay:        2.083ns  (logic 0.456ns (21.892%)  route 1.627ns (78.109%))
  Logic Levels:           7  (LUT3=1 LUT4=1 LUT5=2 LUT6=3)
  Clock Path Skew:        -0.145ns (DCD - SCD + CPR)
    Destination Clock Delay (DCD):    2.863ns = ( 4.863 - 2.000 ) 
    Source Clock Delay      (SCD):    3.290ns
    Clock Pessimism Removal (CPR):    0.282ns
  Clock Uncertainty:      0.035ns  ((TSJ^2 + TIJ^2)^1/2 + DJ) / 2 + PE + UU
    Total System Jitter     (TSJ):    0.071ns
    Total Input Jitter      (TIJ):    0.000ns
    Discrete Jitter          (DJ):    0.000ns
    Phase Error              (PE):    0.000ns
    User Uncertainty         (UU):    0.000ns

    Location             Delay type                Incr(ns)  Path(ns)    Netlist Resource(s)
  -------------------------------------------------------------------    -------------------
                         (clock clk rise edge)        0.000     0.000 r  
                                                      0.000     0.000 r  clk (IN)
                         net (fo=0)                   0.000     0.000    u_boundary_ibuf/I
                         INBUF (Prop_INBUF_PAD_O)     0.517     0.517 r  u_boundary_ibuf/INBUF_INST/O
                         net (fo=1, unplaced)         0.000     0.517    u_boundary_ibuf/OUT
                         IBUFCTRL (Prop_IBUFCTRL_I_O)
                                                      0.000     0.517 r  u_boundary_ibuf/IBUFCTRL_INST/O
                         net (fo=1, unplaced)         0.161     0.678    clk_ibuf
                         BUFGCE (Prop_BUFGCE_I_O)     0.028     0.706 r  u_boundary_bufg/O
                         net (fo=26835, unplaced)     2.584     3.290    u_dut/u_unified_p4_kernel/clk
                         FDCE                                         r  u_dut/u_unified_p4_kernel/reserved_groups_q_reg[1]/C
  -------------------------------------------------------------------    -------------------
                         FDCE (Prop_FDCE_C_Q)         0.078     3.368 r  u_dut/u_unified_p4_kernel/reserved_groups_q_reg[1]/Q
                         net (fo=5, unplaced)         0.172     3.540    u_dut/u_unified_p4_kernel/reserved_groups_q[1]
                         LUT6 (Prop_LUT6_I0_O)        0.150     3.690 r  u_dut/u_unified_p4_kernel/input_group_fire_INST_0_i_8/O
                         net (fo=2, unplaced)         0.186     3.876    u_dut/u_unified_p4_kernel/input_group_fire_INST_0_i_8_n_0
                         LUT3 (Prop_LUT3_I0_O)        0.038     3.914 r  u_dut/u_unified_p4_kernel/input_group_fire_INST_0_i_7/O
                         net (fo=1, unplaced)         0.186     4.100    u_dut/u_unified_p4_kernel/input_group_fire_INST_0_i_7_n_0
                         LUT5 (Prop_LUT5_I2_O)        0.038     4.138 f  u_dut/u_unified_p4_kernel/input_group_fire_INST_0_i_3/O
                         net (fo=1, unplaced)         0.186     4.324    u_dut/u_unified_p4_kernel/input_group_fire_INST_0_i_3_n_0
                         LUT6 (Prop_LUT6_I3_O)        0.038     4.362 r  u_dut/u_unified_p4_kernel/input_group_fire_INST_0_i_1/O
                         net (fo=2, unplaced)         0.186     4.548    u_dut/u_unified_p4_kernel/ingress_valid_q42_in
                         LUT4 (Prop_LUT4_I3_O)        0.038     4.586 r  u_dut/u_unified_p4_kernel/input_group_fire_INST_0/O
                         net (fo=92, unplaced)        0.270     4.856    u_dut/kernel_input_group_fire
                         LUT5 (Prop_LUT5_I1_O)        0.038     4.894 r  u_dut/rd_cmd_bank_mask_q[3]_i_1/O
                         net (fo=11, unplaced)        0.221     5.115    u_dut/rd_cmd_ready
                         LUT6 (Prop_LUT6_I0_O)        0.038     5.153 r  u_dut/rd_cmd_group_q[4]_i_1/O
                         net (fo=79, unplaced)        0.220     5.373    u_dut/rd_cmd_accept
                         FDCE                                         r  u_dut/rd_cmd_addr_q_reg[1][0][8]/CE
  -------------------------------------------------------------------    -------------------

                         (clock clk rise edge)        2.000     2.000 r  
                                                      0.000     2.000 r  clk (IN)
                         net (fo=0)                   0.000     2.000    u_boundary_ibuf/I
                         INBUF (Prop_INBUF_PAD_O)     0.267     2.267 r  u_boundary_ibuf/INBUF_INST/O
                         net (fo=1, unplaced)         0.000     2.267    u_boundary_ibuf/OUT
                         IBUFCTRL (Prop_IBUFCTRL_I_O)
                                                      0.000     2.267 r  u_boundary_ibuf/IBUFCTRL_INST/O
                         net (fo=1, unplaced)         0.133     2.400    clk_ibuf
                         BUFGCE (Prop_BUFGCE_I_O)     0.024     2.424 r  u_boundary_bufg/O
                         net (fo=26835, unplaced)     2.439     4.863    u_dut/clk
                         FDCE                                         r  u_dut/rd_cmd_addr_q_reg[1][0][8]/C
                         clock pessimism              0.282     5.145    
                         clock uncertainty           -0.035     5.110    
                         FDCE (Setup_FDCE_C_CE)      -0.061     5.049    u_dut/rd_cmd_addr_q_reg[1][0][8]
  -------------------------------------------------------------------
                         required time                          5.049    
                         arrival time                          -5.373    
  -------------------------------------------------------------------
                         slack                                 -0.324    

Slack (VIOLATED) :        -0.324ns  (required time - arrival time)
  Source:                 u_dut/u_unified_p4_kernel/reserved_groups_q_reg[1]/C
                            (rising edge-triggered cell FDCE clocked by clk  {rise@0.000ns fall@1.000ns period=2.000ns})
  Destination:            u_dut/rd_cmd_addr_q_reg[1][0][9]/CE
                            (rising edge-triggered cell FDCE clocked by clk  {rise@0.000ns fall@1.000ns period=2.000ns})
  Path Group:             clk
  Path Type:              Setup (Max at Slow Process Corner)
  Requirement:            2.000ns  (clk rise@2.000ns - clk rise@0.000ns)
  Data Path Delay:        2.083ns  (logic 0.456ns (21.892%)  route 1.627ns (78.109%))
  Logic Levels:           7  (LUT3=1 LUT4=1 LUT5=2 LUT6=3)
  Clock Path Skew:        -0.145ns (DCD - SCD + CPR)
    Destination Clock Delay (DCD):    2.863ns = ( 4.863 - 2.000 ) 
    Source Clock Delay      (SCD):    3.290ns
    Clock Pessimism Removal (CPR):    0.282ns
  Clock Uncertainty:      0.035ns  ((TSJ^2 + TIJ^2)^1/2 + DJ) / 2 + PE + UU
    Total System Jitter     (TSJ):    0.071ns
    Total Input Jitter      (TIJ):    0.000ns
    Discrete Jitter          (DJ):    0.000ns
    Phase Error              (PE):    0.000ns
    User Uncertainty         (UU):    0.000ns

    Location             Delay type                Incr(ns)  Path(ns)    Netlist Resource(s)
  -------------------------------------------------------------------    -------------------
                         (clock clk rise edge)        0.000     0.000 r  
                                                      0.000     0.000 r  clk (IN)
                         net (fo=0)                   0.000     0.000    u_boundary_ibuf/I
                         INBUF (Prop_INBUF_PAD_O)     0.517     0.517 r  u_boundary_ibuf/INBUF_INST/O
                         net (fo=1, unplaced)         0.000     0.517    u_boundary_ibuf/OUT
                         IBUFCTRL (Prop_IBUFCTRL_I_O)
                                                      0.000     0.517 r  u_boundary_ibuf/IBUFCTRL_INST/O
                         net (fo=1, unplaced)         0.161     0.678    clk_ibuf
                         BUFGCE (Prop_BUFGCE_I_O)     0.028     0.706 r  u_boundary_bufg/O
                         net (fo=26835, unplaced)     2.584     3.290    u_dut/u_unified_p4_kernel/clk
                         FDCE                                         r  u_dut/u_unified_p4_kernel/reserved_groups_q_reg[1]/C
  -------------------------------------------------------------------    -------------------
                         FDCE (Prop_FDCE_C_Q)         0.078     3.368 r  u_dut/u_unified_p4_kernel/reserved_groups_q_reg[1]/Q
                         net (fo=5, unplaced)         0.172     3.540    u_dut/u_unified_p4_kernel/reserved_groups_q[1]
                         LUT6 (Prop_LUT6_I0_O)        0.150     3.690 r  u_dut/u_unified_p4_kernel/input_group_fire_INST_0_i_8/O
                         net (fo=2, unplaced)         0.186     3.876    u_dut/u_unified_p4_kernel/input_group_fire_INST_0_i_8_n_0
                         LUT3 (Prop_LUT3_I0_O)        0.038     3.914 r  u_dut/u_unified_p4_kernel/input_group_fire_INST_0_i_7/O
                         net (fo=1, unplaced)         0.186     4.100    u_dut/u_unified_p4_kernel/input_group_fire_INST_0_i_7_n_0
                         LUT5 (Prop_LUT5_I2_O)        0.038     4.138 f  u_dut/u_unified_p4_kernel/input_group_fire_INST_0_i_3/O
                         net (fo=1, unplaced)         0.186     4.324    u_dut/u_unified_p4_kernel/input_group_fire_INST_0_i_3_n_0
                         LUT6 (Prop_LUT6_I3_O)        0.038     4.362 r  u_dut/u_unified_p4_kernel/input_group_fire_INST_0_i_1/O
                         net (fo=2, unplaced)         0.186     4.548    u_dut/u_unified_p4_kernel/ingress_valid_q42_in
                         LUT4 (Prop_LUT4_I3_O)        0.038     4.586 r  u_dut/u_unified_p4_kernel/input_group_fire_INST_0/O
                         net (fo=92, unplaced)        0.270     4.856    u_dut/kernel_input_group_fire
                         LUT5 (Prop_LUT5_I1_O)        0.038     4.894 r  u_dut/rd_cmd_bank_mask_q[3]_i_1/O
                         net (fo=11, unplaced)        0.221     5.115    u_dut/rd_cmd_ready
                         LUT6 (Prop_LUT6_I0_O)        0.038     5.153 r  u_dut/rd_cmd_group_q[4]_i_1/O
                         net (fo=79, unplaced)        0.220     5.373    u_dut/rd_cmd_accept
                         FDCE                                         r  u_dut/rd_cmd_addr_q_reg[1][0][9]/CE
  -------------------------------------------------------------------    -------------------

                         (clock clk rise edge)        2.000     2.000 r  
                                                      0.000     2.000 r  clk (IN)
                         net (fo=0)                   0.000     2.000    u_boundary_ibuf/I
                         INBUF (Prop_INBUF_PAD_O)     0.267     2.267 r  u_boundary_ibuf/INBUF_INST/O
                         net (fo=1, unplaced)         0.000     2.267    u_boundary_ibuf/OUT
                         IBUFCTRL (Prop_IBUFCTRL_I_O)
                                                      0.000     2.267 r  u_boundary_ibuf/IBUFCTRL_INST/O
                         net (fo=1, unplaced)         0.133     2.400    clk_ibuf
                         BUFGCE (Prop_BUFGCE_I_O)     0.024     2.424 r  u_boundary_bufg/O
                         net (fo=26835, unplaced)     2.439     4.863    u_dut/clk
                         FDCE                                         r  u_dut/rd_cmd_addr_q_reg[1][0][9]/C
                         clock pessimism              0.282     5.145    
                         clock uncertainty           -0.035     5.110    
                         FDCE (Setup_FDCE_C_CE)      -0.061     5.049    u_dut/rd_cmd_addr_q_reg[1][0][9]
  -------------------------------------------------------------------
                         required time                          5.049    
                         arrival time                          -5.373    
  -------------------------------------------------------------------
                         slack                                 -0.324    

Slack (VIOLATED) :        -0.324ns  (required time - arrival time)
  Source:                 u_dut/u_unified_p4_kernel/reserved_groups_q_reg[1]/C
                            (rising edge-triggered cell FDCE clocked by clk  {rise@0.000ns fall@1.000ns period=2.000ns})
  Destination:            u_dut/rd_cmd_addr_q_reg[1][1][4]/CE
                            (rising edge-triggered cell FDCE clocked by clk  {rise@0.000ns fall@1.000ns period=2.000ns})
  Path Group:             clk
  Path Type:              Setup (Max at Slow Process Corner)
  Requirement:            2.000ns  (clk rise@2.000ns - clk rise@0.000ns)
  Data Path Delay:        2.083ns  (logic 0.456ns (21.892%)  route 1.627ns (78.109%))
  Logic Levels:           7  (LUT3=1 LUT4=1 LUT5=2 LUT6=3)
  Clock Path Skew:        -0.145ns (DCD - SCD + CPR)
    Destination Clock Delay (DCD):    2.863ns = ( 4.863 - 2.000 ) 
    Source Clock Delay      (SCD):    3.290ns
    Clock Pessimism Removal (CPR):    0.282ns
  Clock Uncertainty:      0.035ns  ((TSJ^2 + TIJ^2)^1/2 + DJ) / 2 + PE + UU
    Total System Jitter     (TSJ):    0.071ns
    Total Input Jitter      (TIJ):    0.000ns
    Discrete Jitter          (DJ):    0.000ns
    Phase Error              (PE):    0.000ns
    User Uncertainty         (UU):    0.000ns

    Location             Delay type                Incr(ns)  Path(ns)    Netlist Resource(s)
  -------------------------------------------------------------------    -------------------
                         (clock clk rise edge)        0.000     0.000 r  
                                                      0.000     0.000 r  clk (IN)
                         net (fo=0)                   0.000     0.000    u_boundary_ibuf/I
                         INBUF (Prop_INBUF_PAD_O)     0.517     0.517 r  u_boundary_ibuf/INBUF_INST/O
                         net (fo=1, unplaced)         0.000     0.517    u_boundary_ibuf/OUT
                         IBUFCTRL (Prop_IBUFCTRL_I_O)
                                                      0.000     0.517 r  u_boundary_ibuf/IBUFCTRL_INST/O
                         net (fo=1, unplaced)         0.161     0.678    clk_ibuf
                         BUFGCE (Prop_BUFGCE_I_O)     0.028     0.706 r  u_boundary_bufg/O
                         net (fo=26835, unplaced)     2.584     3.290    u_dut/u_unified_p4_kernel/clk
                         FDCE                                         r  u_dut/u_unified_p4_kernel/reserved_groups_q_reg[1]/C
  -------------------------------------------------------------------    -------------------
                         FDCE (Prop_FDCE_C_Q)         0.078     3.368 r  u_dut/u_unified_p4_kernel/reserved_groups_q_reg[1]/Q
                         net (fo=5, unplaced)         0.172     3.540    u_dut/u_unified_p4_kernel/reserved_groups_q[1]
                         LUT6 (Prop_LUT6_I0_O)        0.150     3.690 r  u_dut/u_unified_p4_kernel/input_group_fire_INST_0_i_8/O
                         net (fo=2, unplaced)         0.186     3.876    u_dut/u_unified_p4_kernel/input_group_fire_INST_0_i_8_n_0
                         LUT3 (Prop_LUT3_I0_O)        0.038     3.914 r  u_dut/u_unified_p4_kernel/input_group_fire_INST_0_i_7/O
                         net (fo=1, unplaced)         0.186     4.100    u_dut/u_unified_p4_kernel/input_group_fire_INST_0_i_7_n_0
                         LUT5 (Prop_LUT5_I2_O)        0.038     4.138 f  u_dut/u_unified_p4_kernel/input_group_fire_INST_0_i_3/O
                         net (fo=1, unplaced)         0.186     4.324    u_dut/u_unified_p4_kernel/input_group_fire_INST_0_i_3_n_0
                         LUT6 (Prop_LUT6_I3_O)        0.038     4.362 r  u_dut/u_unified_p4_kernel/input_group_fire_INST_0_i_1/O
                         net (fo=2, unplaced)         0.186     4.548    u_dut/u_unified_p4_kernel/ingress_valid_q42_in
                         LUT4 (Prop_LUT4_I3_O)        0.038     4.586 r  u_dut/u_unified_p4_kernel/input_group_fire_INST_0/O
                         net (fo=92, unplaced)        0.270     4.856    u_dut/kernel_input_group_fire
                         LUT5 (Prop_LUT5_I1_O)        0.038     4.894 r  u_dut/rd_cmd_bank_mask_q[3]_i_1/O
                         net (fo=11, unplaced)        0.221     5.115    u_dut/rd_cmd_ready
                         LUT6 (Prop_LUT6_I0_O)        0.038     5.153 r  u_dut/rd_cmd_group_q[4]_i_1/O
                         net (fo=79, unplaced)        0.220     5.373    u_dut/rd_cmd_accept
                         FDCE                                         r  u_dut/rd_cmd_addr_q_reg[1][1][4]/CE
  -------------------------------------------------------------------    -------------------

                         (clock clk rise edge)        2.000     2.000 r  
                                                      0.000     2.000 r  clk (IN)
                         net (fo=0)                   0.000     2.000    u_boundary_ibuf/I
                         INBUF (Prop_INBUF_PAD_O)     0.267     2.267 r  u_boundary_ibuf/INBUF_INST/O
                         net (fo=1, unplaced)         0.000     2.267    u_boundary_ibuf/OUT
                         IBUFCTRL (Prop_IBUFCTRL_I_O)
                                                      0.000     2.267 r  u_boundary_ibuf/IBUFCTRL_INST/O
                         net (fo=1, unplaced)         0.133     2.400    clk_ibuf
                         BUFGCE (Prop_BUFGCE_I_O)     0.024     2.424 r  u_boundary_bufg/O
                         net (fo=26835, unplaced)     2.439     4.863    u_dut/clk
                         FDCE                                         r  u_dut/rd_cmd_addr_q_reg[1][1][4]/C
                         clock pessimism              0.282     5.145    
                         clock uncertainty           -0.035     5.110    
                         FDCE (Setup_FDCE_C_CE)      -0.061     5.049    u_dut/rd_cmd_addr_q_reg[1][1][4]
  -------------------------------------------------------------------
                         required time                          5.049    
                         arrival time                          -5.373    
  -------------------------------------------------------------------
                         slack                                 -0.324    

Slack (VIOLATED) :        -0.324ns  (required time - arrival time)
  Source:                 u_dut/u_unified_p4_kernel/reserved_groups_q_reg[1]/C
                            (rising edge-triggered cell FDCE clocked by clk  {rise@0.000ns fall@1.000ns period=2.000ns})
  Destination:            u_dut/rd_cmd_addr_q_reg[1][1][5]/CE
                            (rising edge-triggered cell FDCE clocked by clk  {rise@0.000ns fall@1.000ns period=2.000ns})
  Path Group:             clk
  Path Type:              Setup (Max at Slow Process Corner)
  Requirement:            2.000ns  (clk rise@2.000ns - clk rise@0.000ns)
  Data Path Delay:        2.083ns  (logic 0.456ns (21.892%)  route 1.627ns (78.109%))
  Logic Levels:           7  (LUT3=1 LUT4=1 LUT5=2 LUT6=3)
  Clock Path Skew:        -0.145ns (DCD - SCD + CPR)
    Destination Clock Delay (DCD):    2.863ns = ( 4.863 - 2.000 ) 
    Source Clock Delay      (SCD):    3.290ns
    Clock Pessimism Removal (CPR):    0.282ns
  Clock Uncertainty:      0.035ns  ((TSJ^2 + TIJ^2)^1/2 + DJ) / 2 + PE + UU
    Total System Jitter     (TSJ):    0.071ns
    Total Input Jitter      (TIJ):    0.000ns
    Discrete Jitter          (DJ):    0.000ns
    Phase Error              (PE):    0.000ns
    User Uncertainty         (UU):    0.000ns

    Location             Delay type                Incr(ns)  Path(ns)    Netlist Resource(s)
  -------------------------------------------------------------------    -------------------
                         (clock clk rise edge)        0.000     0.000 r  
                                                      0.000     0.000 r  clk (IN)
                         net (fo=0)                   0.000     0.000    u_boundary_ibuf/I
                         INBUF (Prop_INBUF_PAD_O)     0.517     0.517 r  u_boundary_ibuf/INBUF_INST/O
                         net (fo=1, unplaced)         0.000     0.517    u_boundary_ibuf/OUT
                         IBUFCTRL (Prop_IBUFCTRL_I_O)
                                                      0.000     0.517 r  u_boundary_ibuf/IBUFCTRL_INST/O
                         net (fo=1, unplaced)         0.161     0.678    clk_ibuf
                         BUFGCE (Prop_BUFGCE_I_O)     0.028     0.706 r  u_boundary_bufg/O
                         net (fo=26835, unplaced)     2.584     3.290    u_dut/u_unified_p4_kernel/clk
                         FDCE                                         r  u_dut/u_unified_p4_kernel/reserved_groups_q_reg[1]/C
  -------------------------------------------------------------------    -------------------
                         FDCE (Prop_FDCE_C_Q)         0.078     3.368 r  u_dut/u_unified_p4_kernel/reserved_groups_q_reg[1]/Q
                         net (fo=5, unplaced)         0.172     3.540    u_dut/u_unified_p4_kernel/reserved_groups_q[1]
                         LUT6 (Prop_LUT6_I0_O)        0.150     3.690 r  u_dut/u_unified_p4_kernel/input_group_fire_INST_0_i_8/O
                         net (fo=2, unplaced)         0.186     3.876    u_dut/u_unified_p4_kernel/input_group_fire_INST_0_i_8_n_0
                         LUT3 (Prop_LUT3_I0_O)        0.038     3.914 r  u_dut/u_unified_p4_kernel/input_group_fire_INST_0_i_7/O
                         net (fo=1, unplaced)         0.186     4.100    u_dut/u_unified_p4_kernel/input_group_fire_INST_0_i_7_n_0
                         LUT5 (Prop_LUT5_I2_O)        0.038     4.138 f  u_dut/u_unified_p4_kernel/input_group_fire_INST_0_i_3/O
                         net (fo=1, unplaced)         0.186     4.324    u_dut/u_unified_p4_kernel/input_group_fire_INST_0_i_3_n_0
                         LUT6 (Prop_LUT6_I3_O)        0.038     4.362 r  u_dut/u_unified_p4_kernel/input_group_fire_INST_0_i_1/O
                         net (fo=2, unplaced)         0.186     4.548    u_dut/u_unified_p4_kernel/ingress_valid_q42_in
                         LUT4 (Prop_LUT4_I3_O)        0.038     4.586 r  u_dut/u_unified_p4_kernel/input_group_fire_INST_0/O
                         net (fo=92, unplaced)        0.270     4.856    u_dut/kernel_input_group_fire
                         LUT5 (Prop_LUT5_I1_O)        0.038     4.894 r  u_dut/rd_cmd_bank_mask_q[3]_i_1/O
                         net (fo=11, unplaced)        0.221     5.115    u_dut/rd_cmd_ready
                         LUT6 (Prop_LUT6_I0_O)        0.038     5.153 r  u_dut/rd_cmd_group_q[4]_i_1/O
                         net (fo=79, unplaced)        0.220     5.373    u_dut/rd_cmd_accept
                         FDCE                                         r  u_dut/rd_cmd_addr_q_reg[1][1][5]/CE
  -------------------------------------------------------------------    -------------------

                         (clock clk rise edge)        2.000     2.000 r  
                                                      0.000     2.000 r  clk (IN)
                         net (fo=0)                   0.000     2.000    u_boundary_ibuf/I
                         INBUF (Prop_INBUF_PAD_O)     0.267     2.267 r  u_boundary_ibuf/INBUF_INST/O
                         net (fo=1, unplaced)         0.000     2.267    u_boundary_ibuf/OUT
                         IBUFCTRL (Prop_IBUFCTRL_I_O)
                                                      0.000     2.267 r  u_boundary_ibuf/IBUFCTRL_INST/O
                         net (fo=1, unplaced)         0.133     2.400    clk_ibuf
                         BUFGCE (Prop_BUFGCE_I_O)     0.024     2.424 r  u_boundary_bufg/O
                         net (fo=26835, unplaced)     2.439     4.863    u_dut/clk
                         FDCE                                         r  u_dut/rd_cmd_addr_q_reg[1][1][5]/C
                         clock pessimism              0.282     5.145    
                         clock uncertainty           -0.035     5.110    
                         FDCE (Setup_FDCE_C_CE)      -0.061     5.049    u_dut/rd_cmd_addr_q_reg[1][1][5]
  -------------------------------------------------------------------
                         required time                          5.049    
                         arrival time                          -5.373    
  -------------------------------------------------------------------
                         slack                                 -0.324    

Slack (VIOLATED) :        -0.324ns  (required time - arrival time)
  Source:                 u_dut/u_unified_p4_kernel/reserved_groups_q_reg[1]/C
                            (rising edge-triggered cell FDCE clocked by clk  {rise@0.000ns fall@1.000ns period=2.000ns})
  Destination:            u_dut/rd_cmd_addr_q_reg[1][1][6]/CE
                            (rising edge-triggered cell FDCE clocked by clk  {rise@0.000ns fall@1.000ns period=2.000ns})
  Path Group:             clk
  Path Type:              Setup (Max at Slow Process Corner)
  Requirement:            2.000ns  (clk rise@2.000ns - clk rise@0.000ns)
  Data Path Delay:        2.083ns  (logic 0.456ns (21.892%)  route 1.627ns (78.109%))
  Logic Levels:           7  (LUT3=1 LUT4=1 LUT5=2 LUT6=3)
  Clock Path Skew:        -0.145ns (DCD - SCD + CPR)
    Destination Clock Delay (DCD):    2.863ns = ( 4.863 - 2.000 ) 
    Source Clock Delay      (SCD):    3.290ns
    Clock Pessimism Removal (CPR):    0.282ns
  Clock Uncertainty:      0.035ns  ((TSJ^2 + TIJ^2)^1/2 + DJ) / 2 + PE + UU
    Total System Jitter     (TSJ):    0.071ns
    Total Input Jitter      (TIJ):    0.000ns
    Discrete Jitter          (DJ):    0.000ns
    Phase Error              (PE):    0.000ns
    User Uncertainty         (UU):    0.000ns

    Location             Delay type                Incr(ns)  Path(ns)    Netlist Resource(s)
  -------------------------------------------------------------------    -------------------
                         (clock clk rise edge)        0.000     0.000 r  
                                                      0.000     0.000 r  clk (IN)
                         net (fo=0)                   0.000     0.000    u_boundary_ibuf/I
                         INBUF (Prop_INBUF_PAD_O)     0.517     0.517 r  u_boundary_ibuf/INBUF_INST/O
                         net (fo=1, unplaced)         0.000     0.517    u_boundary_ibuf/OUT
                         IBUFCTRL (Prop_IBUFCTRL_I_O)
                                                      0.000     0.517 r  u_boundary_ibuf/IBUFCTRL_INST/O
                         net (fo=1, unplaced)         0.161     0.678    clk_ibuf
                         BUFGCE (Prop_BUFGCE_I_O)     0.028     0.706 r  u_boundary_bufg/O
                         net (fo=26835, unplaced)     2.584     3.290    u_dut/u_unified_p4_kernel/clk
                         FDCE                                         r  u_dut/u_unified_p4_kernel/reserved_groups_q_reg[1]/C
  -------------------------------------------------------------------    -------------------
                         FDCE (Prop_FDCE_C_Q)         0.078     3.368 r  u_dut/u_unified_p4_kernel/reserved_groups_q_reg[1]/Q
                         net (fo=5, unplaced)         0.172     3.540    u_dut/u_unified_p4_kernel/reserved_groups_q[1]
                         LUT6 (Prop_LUT6_I0_O)        0.150     3.690 r  u_dut/u_unified_p4_kernel/input_group_fire_INST_0_i_8/O
                         net (fo=2, unplaced)         0.186     3.876    u_dut/u_unified_p4_kernel/input_group_fire_INST_0_i_8_n_0
                         LUT3 (Prop_LUT3_I0_O)        0.038     3.914 r  u_dut/u_unified_p4_kernel/input_group_fire_INST_0_i_7/O
                         net (fo=1, unplaced)         0.186     4.100    u_dut/u_unified_p4_kernel/input_group_fire_INST_0_i_7_n_0
                         LUT5 (Prop_LUT5_I2_O)        0.038     4.138 f  u_dut/u_unified_p4_kernel/input_group_fire_INST_0_i_3/O
                         net (fo=1, unplaced)         0.186     4.324    u_dut/u_unified_p4_kernel/input_group_fire_INST_0_i_3_n_0
                         LUT6 (Prop_LUT6_I3_O)        0.038     4.362 r  u_dut/u_unified_p4_kernel/input_group_fire_INST_0_i_1/O
                         net (fo=2, unplaced)         0.186     4.548    u_dut/u_unified_p4_kernel/ingress_valid_q42_in
                         LUT4 (Prop_LUT4_I3_O)        0.038     4.586 r  u_dut/u_unified_p4_kernel/input_group_fire_INST_0/O
                         net (fo=92, unplaced)        0.270     4.856    u_dut/kernel_input_group_fire
                         LUT5 (Prop_LUT5_I1_O)        0.038     4.894 r  u_dut/rd_cmd_bank_mask_q[3]_i_1/O
                         net (fo=11, unplaced)        0.221     5.115    u_dut/rd_cmd_ready
                         LUT6 (Prop_LUT6_I0_O)        0.038     5.153 r  u_dut/rd_cmd_group_q[4]_i_1/O
                         net (fo=79, unplaced)        0.220     5.373    u_dut/rd_cmd_accept
                         FDCE                                         r  u_dut/rd_cmd_addr_q_reg[1][1][6]/CE
  -------------------------------------------------------------------    -------------------

                         (clock clk rise edge)        2.000     2.000 r  
                                                      0.000     2.000 r  clk (IN)
                         net (fo=0)                   0.000     2.000    u_boundary_ibuf/I
                         INBUF (Prop_INBUF_PAD_O)     0.267     2.267 r  u_boundary_ibuf/INBUF_INST/O
                         net (fo=1, unplaced)         0.000     2.267    u_boundary_ibuf/OUT
                         IBUFCTRL (Prop_IBUFCTRL_I_O)
                                                      0.000     2.267 r  u_boundary_ibuf/IBUFCTRL_INST/O
                         net (fo=1, unplaced)         0.133     2.400    clk_ibuf
                         BUFGCE (Prop_BUFGCE_I_O)     0.024     2.424 r  u_boundary_bufg/O
                         net (fo=26835, unplaced)     2.439     4.863    u_dut/clk
                         FDCE                                         r  u_dut/rd_cmd_addr_q_reg[1][1][6]/C
                         clock pessimism              0.282     5.145    
                         clock uncertainty           -0.035     5.110    
                         FDCE (Setup_FDCE_C_CE)      -0.061     5.049    u_dut/rd_cmd_addr_q_reg[1][1][6]
  -------------------------------------------------------------------
                         required time                          5.049    
                         arrival time                          -5.373    
  -------------------------------------------------------------------
                         slack                                 -0.324    

Slack (VIOLATED) :        -0.324ns  (required time - arrival time)
  Source:                 u_dut/u_unified_p4_kernel/reserved_groups_q_reg[1]/C
                            (rising edge-triggered cell FDCE clocked by clk  {rise@0.000ns fall@1.000ns period=2.000ns})
  Destination:            u_dut/rd_cmd_addr_q_reg[1][1][7]/CE
                            (rising edge-triggered cell FDCE clocked by clk  {rise@0.000ns fall@1.000ns period=2.000ns})
  Path Group:             clk
  Path Type:              Setup (Max at Slow Process Corner)
  Requirement:            2.000ns  (clk rise@2.000ns - clk rise@0.000ns)
  Data Path Delay:        2.083ns  (logic 0.456ns (21.892%)  route 1.627ns (78.109%))
  Logic Levels:           7  (LUT3=1 LUT4=1 LUT5=2 LUT6=3)
  Clock Path Skew:        -0.145ns (DCD - SCD + CPR)
    Destination Clock Delay (DCD):    2.863ns = ( 4.863 - 2.000 ) 
    Source Clock Delay      (SCD):    3.290ns
    Clock Pessimism Removal (CPR):    0.282ns
  Clock Uncertainty:      0.035ns  ((TSJ^2 + TIJ^2)^1/2 + DJ) / 2 + PE + UU
    Total System Jitter     (TSJ):    0.071ns
    Total Input Jitter      (TIJ):    0.000ns
    Discrete Jitter          (DJ):    0.000ns
    Phase Error              (PE):    0.000ns
    User Uncertainty         (UU):    0.000ns

    Location             Delay type                Incr(ns)  Path(ns)    Netlist Resource(s)
  -------------------------------------------------------------------    -------------------
                         (clock clk rise edge)        0.000     0.000 r  
                                                      0.000     0.000 r  clk (IN)
                         net (fo=0)                   0.000     0.000    u_boundary_ibuf/I
                         INBUF (Prop_INBUF_PAD_O)     0.517     0.517 r  u_boundary_ibuf/INBUF_INST/O
                         net (fo=1, unplaced)         0.000     0.517    u_boundary_ibuf/OUT
                         IBUFCTRL (Prop_IBUFCTRL_I_O)
                                                      0.000     0.517 r  u_boundary_ibuf/IBUFCTRL_INST/O
                         net (fo=1, unplaced)         0.161     0.678    clk_ibuf
                         BUFGCE (Prop_BUFGCE_I_O)     0.028     0.706 r  u_boundary_bufg/O
                         net (fo=26835, unplaced)     2.584     3.290    u_dut/u_unified_p4_kernel/clk
                         FDCE                                         r  u_dut/u_unified_p4_kernel/reserved_groups_q_reg[1]/C
  -------------------------------------------------------------------    -------------------
                         FDCE (Prop_FDCE_C_Q)         0.078     3.368 r  u_dut/u_unified_p4_kernel/reserved_groups_q_reg[1]/Q
                         net (fo=5, unplaced)         0.172     3.540    u_dut/u_unified_p4_kernel/reserved_groups_q[1]
                         LUT6 (Prop_LUT6_I0_O)        0.150     3.690 r  u_dut/u_unified_p4_kernel/input_group_fire_INST_0_i_8/O
                         net (fo=2, unplaced)         0.186     3.876    u_dut/u_unified_p4_kernel/input_group_fire_INST_0_i_8_n_0
                         LUT3 (Prop_LUT3_I0_O)        0.038     3.914 r  u_dut/u_unified_p4_kernel/input_group_fire_INST_0_i_7/O
                         net (fo=1, unplaced)         0.186     4.100    u_dut/u_unified_p4_kernel/input_group_fire_INST_0_i_7_n_0
                         LUT5 (Prop_LUT5_I2_O)        0.038     4.138 f  u_dut/u_unified_p4_kernel/input_group_fire_INST_0_i_3/O
                         net (fo=1, unplaced)         0.186     4.324    u_dut/u_unified_p4_kernel/input_group_fire_INST_0_i_3_n_0
                         LUT6 (Prop_LUT6_I3_O)        0.038     4.362 r  u_dut/u_unified_p4_kernel/input_group_fire_INST_0_i_1/O
                         net (fo=2, unplaced)         0.186     4.548    u_dut/u_unified_p4_kernel/ingress_valid_q42_in
                         LUT4 (Prop_LUT4_I3_O)        0.038     4.586 r  u_dut/u_unified_p4_kernel/input_group_fire_INST_0/O
                         net (fo=92, unplaced)        0.270     4.856    u_dut/kernel_input_group_fire
                         LUT5 (Prop_LUT5_I1_O)        0.038     4.894 r  u_dut/rd_cmd_bank_mask_q[3]_i_1/O
                         net (fo=11, unplaced)        0.221     5.115    u_dut/rd_cmd_ready
                         LUT6 (Prop_LUT6_I0_O)        0.038     5.153 r  u_dut/rd_cmd_group_q[4]_i_1/O
                         net (fo=79, unplaced)        0.220     5.373    u_dut/rd_cmd_accept
                         FDCE                                         r  u_dut/rd_cmd_addr_q_reg[1][1][7]/CE
  -------------------------------------------------------------------    -------------------

                         (clock clk rise edge)        2.000     2.000 r  
                                                      0.000     2.000 r  clk (IN)
                         net (fo=0)                   0.000     2.000    u_boundary_ibuf/I
                         INBUF (Prop_INBUF_PAD_O)     0.267     2.267 r  u_boundary_ibuf/INBUF_INST/O
                         net (fo=1, unplaced)         0.000     2.267    u_boundary_ibuf/OUT
                         IBUFCTRL (Prop_IBUFCTRL_I_O)
                                                      0.000     2.267 r  u_boundary_ibuf/IBUFCTRL_INST/O
                         net (fo=1, unplaced)         0.133     2.400    clk_ibuf
                         BUFGCE (Prop_BUFGCE_I_O)     0.024     2.424 r  u_boundary_bufg/O
                         net (fo=26835, unplaced)     2.439     4.863    u_dut/clk
                         FDCE                                         r  u_dut/rd_cmd_addr_q_reg[1][1][7]/C
                         clock pessimism              0.282     5.145    
                         clock uncertainty           -0.035     5.110    
                         FDCE (Setup_FDCE_C_CE)      -0.061     5.049    u_dut/rd_cmd_addr_q_reg[1][1][7]
  -------------------------------------------------------------------
                         required time                          5.049    
                         arrival time                          -5.373    
  -------------------------------------------------------------------
                         slack                                 -0.324    

Slack (VIOLATED) :        -0.324ns  (required time - arrival time)
  Source:                 u_dut/u_unified_p4_kernel/reserved_groups_q_reg[1]/C
                            (rising edge-triggered cell FDCE clocked by clk  {rise@0.000ns fall@1.000ns period=2.000ns})
  Destination:            u_dut/rd_cmd_addr_q_reg[1][1][8]/CE
                            (rising edge-triggered cell FDCE clocked by clk  {rise@0.000ns fall@1.000ns period=2.000ns})
  Path Group:             clk
  Path Type:              Setup (Max at Slow Process Corner)
  Requirement:            2.000ns  (clk rise@2.000ns - clk rise@0.000ns)
  Data Path Delay:        2.083ns  (logic 0.456ns (21.892%)  route 1.627ns (78.109%))
  Logic Levels:           7  (LUT3=1 LUT4=1 LUT5=2 LUT6=3)
  Clock Path Skew:        -0.145ns (DCD - SCD + CPR)
    Destination Clock Delay (DCD):    2.863ns = ( 4.863 - 2.000 ) 
    Source Clock Delay      (SCD):    3.290ns
    Clock Pessimism Removal (CPR):    0.282ns
  Clock Uncertainty:      0.035ns  ((TSJ^2 + TIJ^2)^1/2 + DJ) / 2 + PE + UU
    Total System Jitter     (TSJ):    0.071ns
    Total Input Jitter      (TIJ):    0.000ns
    Discrete Jitter          (DJ):    0.000ns
    Phase Error              (PE):    0.000ns
    User Uncertainty         (UU):    0.000ns

    Location             Delay type                Incr(ns)  Path(ns)    Netlist Resource(s)
  -------------------------------------------------------------------    -------------------
                         (clock clk rise edge)        0.000     0.000 r  
                                                      0.000     0.000 r  clk (IN)
                         net (fo=0)                   0.000     0.000    u_boundary_ibuf/I
                         INBUF (Prop_INBUF_PAD_O)     0.517     0.517 r  u_boundary_ibuf/INBUF_INST/O
                         net (fo=1, unplaced)         0.000     0.517    u_boundary_ibuf/OUT
                         IBUFCTRL (Prop_IBUFCTRL_I_O)
                                                      0.000     0.517 r  u_boundary_ibuf/IBUFCTRL_INST/O
                         net (fo=1, unplaced)         0.161     0.678    clk_ibuf
                         BUFGCE (Prop_BUFGCE_I_O)     0.028     0.706 r  u_boundary_bufg/O
                         net (fo=26835, unplaced)     2.584     3.290    u_dut/u_unified_p4_kernel/clk
                         FDCE                                         r  u_dut/u_unified_p4_kernel/reserved_groups_q_reg[1]/C
  -------------------------------------------------------------------    -------------------
                         FDCE (Prop_FDCE_C_Q)         0.078     3.368 r  u_dut/u_unified_p4_kernel/reserved_groups_q_reg[1]/Q
                         net (fo=5, unplaced)         0.172     3.540    u_dut/u_unified_p4_kernel/reserved_groups_q[1]
                         LUT6 (Prop_LUT6_I0_O)        0.150     3.690 r  u_dut/u_unified_p4_kernel/input_group_fire_INST_0_i_8/O
                         net (fo=2, unplaced)         0.186     3.876    u_dut/u_unified_p4_kernel/input_group_fire_INST_0_i_8_n_0
                         LUT3 (Prop_LUT3_I0_O)        0.038     3.914 r  u_dut/u_unified_p4_kernel/input_group_fire_INST_0_i_7/O
                         net (fo=1, unplaced)         0.186     4.100    u_dut/u_unified_p4_kernel/input_group_fire_INST_0_i_7_n_0
                         LUT5 (Prop_LUT5_I2_O)        0.038     4.138 f  u_dut/u_unified_p4_kernel/input_group_fire_INST_0_i_3/O
                         net (fo=1, unplaced)         0.186     4.324    u_dut/u_unified_p4_kernel/input_group_fire_INST_0_i_3_n_0
                         LUT6 (Prop_LUT6_I3_O)        0.038     4.362 r  u_dut/u_unified_p4_kernel/input_group_fire_INST_0_i_1/O
                         net (fo=2, unplaced)         0.186     4.548    u_dut/u_unified_p4_kernel/ingress_valid_q42_in
                         LUT4 (Prop_LUT4_I3_O)        0.038     4.586 r  u_dut/u_unified_p4_kernel/input_group_fire_INST_0/O
                         net (fo=92, unplaced)        0.270     4.856    u_dut/kernel_input_group_fire
                         LUT5 (Prop_LUT5_I1_O)        0.038     4.894 r  u_dut/rd_cmd_bank_mask_q[3]_i_1/O
                         net (fo=11, unplaced)        0.221     5.115    u_dut/rd_cmd_ready
                         LUT6 (Prop_LUT6_I0_O)        0.038     5.153 r  u_dut/rd_cmd_group_q[4]_i_1/O
                         net (fo=79, unplaced)        0.220     5.373    u_dut/rd_cmd_accept
                         FDCE                                         r  u_dut/rd_cmd_addr_q_reg[1][1][8]/CE
  -------------------------------------------------------------------    -------------------

                         (clock clk rise edge)        2.000     2.000 r  
                                                      0.000     2.000 r  clk (IN)
                         net (fo=0)                   0.000     2.000    u_boundary_ibuf/I
                         INBUF (Prop_INBUF_PAD_O)     0.267     2.267 r  u_boundary_ibuf/INBUF_INST/O
                         net (fo=1, unplaced)         0.000     2.267    u_boundary_ibuf/OUT
                         IBUFCTRL (Prop_IBUFCTRL_I_O)
                                                      0.000     2.267 r  u_boundary_ibuf/IBUFCTRL_INST/O
                         net (fo=1, unplaced)         0.133     2.400    clk_ibuf
                         BUFGCE (Prop_BUFGCE_I_O)     0.024     2.424 r  u_boundary_bufg/O
                         net (fo=26835, unplaced)     2.439     4.863    u_dut/clk
                         FDCE                                         r  u_dut/rd_cmd_addr_q_reg[1][1][8]/C
                         clock pessimism              0.282     5.145    
                         clock uncertainty           -0.035     5.110    
                         FDCE (Setup_FDCE_C_CE)      -0.061     5.049    u_dut/rd_cmd_addr_q_reg[1][1][8]
  -------------------------------------------------------------------
                         required time                          5.049    
                         arrival time                          -5.373    
  -------------------------------------------------------------------
                         slack                                 -0.324    

Slack (VIOLATED) :        -0.324ns  (required time - arrival time)
  Source:                 u_dut/u_unified_p4_kernel/reserved_groups_q_reg[1]/C
                            (rising edge-triggered cell FDCE clocked by clk  {rise@0.000ns fall@1.000ns period=2.000ns})
  Destination:            u_dut/rd_cmd_addr_q_reg[1][1][9]/CE
                            (rising edge-triggered cell FDCE clocked by clk  {rise@0.000ns fall@1.000ns period=2.000ns})
  Path Group:             clk
  Path Type:              Setup (Max at Slow Process Corner)
  Requirement:            2.000ns  (clk rise@2.000ns - clk rise@0.000ns)
  Data Path Delay:        2.083ns  (logic 0.456ns (21.892%)  route 1.627ns (78.109%))
  Logic Levels:           7  (LUT3=1 LUT4=1 LUT5=2 LUT6=3)
  Clock Path Skew:        -0.145ns (DCD - SCD + CPR)
    Destination Clock Delay (DCD):    2.863ns = ( 4.863 - 2.000 ) 
    Source Clock Delay      (SCD):    3.290ns
    Clock Pessimism Removal (CPR):    0.282ns
  Clock Uncertainty:      0.035ns  ((TSJ^2 + TIJ^2)^1/2 + DJ) / 2 + PE + UU
    Total System Jitter     (TSJ):    0.071ns
    Total Input Jitter      (TIJ):    0.000ns
    Discrete Jitter          (DJ):    0.000ns
    Phase Error              (PE):    0.000ns
    User Uncertainty         (UU):    0.000ns

    Location             Delay type                Incr(ns)  Path(ns)    Netlist Resource(s)
  -------------------------------------------------------------------    -------------------
                         (clock clk rise edge)        0.000     0.000 r  
                                                      0.000     0.000 r  clk (IN)
                         net (fo=0)                   0.000     0.000    u_boundary_ibuf/I
                         INBUF (Prop_INBUF_PAD_O)     0.517     0.517 r  u_boundary_ibuf/INBUF_INST/O
                         net (fo=1, unplaced)         0.000     0.517    u_boundary_ibuf/OUT
                         IBUFCTRL (Prop_IBUFCTRL_I_O)
                                                      0.000     0.517 r  u_boundary_ibuf/IBUFCTRL_INST/O
                         net (fo=1, unplaced)         0.161     0.678    clk_ibuf
                         BUFGCE (Prop_BUFGCE_I_O)     0.028     0.706 r  u_boundary_bufg/O
                         net (fo=26835, unplaced)     2.584     3.290    u_dut/u_unified_p4_kernel/clk
                         FDCE                                         r  u_dut/u_unified_p4_kernel/reserved_groups_q_reg[1]/C
  -------------------------------------------------------------------    -------------------
                         FDCE (Prop_FDCE_C_Q)         0.078     3.368 r  u_dut/u_unified_p4_kernel/reserved_groups_q_reg[1]/Q
                         net (fo=5, unplaced)         0.172     3.540    u_dut/u_unified_p4_kernel/reserved_groups_q[1]
                         LUT6 (Prop_LUT6_I0_O)        0.150     3.690 r  u_dut/u_unified_p4_kernel/input_group_fire_INST_0_i_8/O
                         net (fo=2, unplaced)         0.186     3.876    u_dut/u_unified_p4_kernel/input_group_fire_INST_0_i_8_n_0
                         LUT3 (Prop_LUT3_I0_O)        0.038     3.914 r  u_dut/u_unified_p4_kernel/input_group_fire_INST_0_i_7/O
                         net (fo=1, unplaced)         0.186     4.100    u_dut/u_unified_p4_kernel/input_group_fire_INST_0_i_7_n_0
                         LUT5 (Prop_LUT5_I2_O)        0.038     4.138 f  u_dut/u_unified_p4_kernel/input_group_fire_INST_0_i_3/O
                         net (fo=1, unplaced)         0.186     4.324    u_dut/u_unified_p4_kernel/input_group_fire_INST_0_i_3_n_0
                         LUT6 (Prop_LUT6_I3_O)        0.038     4.362 r  u_dut/u_unified_p4_kernel/input_group_fire_INST_0_i_1/O
                         net (fo=2, unplaced)         0.186     4.548    u_dut/u_unified_p4_kernel/ingress_valid_q42_in
                         LUT4 (Prop_LUT4_I3_O)        0.038     4.586 r  u_dut/u_unified_p4_kernel/input_group_fire_INST_0/O
                         net (fo=92, unplaced)        0.270     4.856    u_dut/kernel_input_group_fire
                         LUT5 (Prop_LUT5_I1_O)        0.038     4.894 r  u_dut/rd_cmd_bank_mask_q[3]_i_1/O
                         net (fo=11, unplaced)        0.221     5.115    u_dut/rd_cmd_ready
                         LUT6 (Prop_LUT6_I0_O)        0.038     5.153 r  u_dut/rd_cmd_group_q[4]_i_1/O
                         net (fo=79, unplaced)        0.220     5.373    u_dut/rd_cmd_accept
                         FDCE                                         r  u_dut/rd_cmd_addr_q_reg[1][1][9]/CE
  -------------------------------------------------------------------    -------------------

                         (clock clk rise edge)        2.000     2.000 r  
                                                      0.000     2.000 r  clk (IN)
                         net (fo=0)                   0.000     2.000    u_boundary_ibuf/I
                         INBUF (Prop_INBUF_PAD_O)     0.267     2.267 r  u_boundary_ibuf/INBUF_INST/O
                         net (fo=1, unplaced)         0.000     2.267    u_boundary_ibuf/OUT
                         IBUFCTRL (Prop_IBUFCTRL_I_O)
                                                      0.000     2.267 r  u_boundary_ibuf/IBUFCTRL_INST/O
                         net (fo=1, unplaced)         0.133     2.400    clk_ibuf
                         BUFGCE (Prop_BUFGCE_I_O)     0.024     2.424 r  u_boundary_bufg/O
                         net (fo=26835, unplaced)     2.439     4.863    u_dut/clk
                         FDCE                                         r  u_dut/rd_cmd_addr_q_reg[1][1][9]/C
                         clock pessimism              0.282     5.145    
                         clock uncertainty           -0.035     5.110    
                         FDCE (Setup_FDCE_C_CE)      -0.061     5.049    u_dut/rd_cmd_addr_q_reg[1][1][9]
  -------------------------------------------------------------------
                         required time                          5.049    
                         arrival time                          -5.373    
  -------------------------------------------------------------------
                         slack                                 -0.324    

Slack (VIOLATED) :        -0.324ns  (required time - arrival time)
  Source:                 u_dut/u_unified_p4_kernel/reserved_groups_q_reg[1]/C
                            (rising edge-triggered cell FDCE clocked by clk  {rise@0.000ns fall@1.000ns period=2.000ns})
  Destination:            u_dut/rd_cmd_addr_q_reg[1][2][4]/CE
                            (rising edge-triggered cell FDCE clocked by clk  {rise@0.000ns fall@1.000ns period=2.000ns})
  Path Group:             clk
  Path Type:              Setup (Max at Slow Process Corner)
  Requirement:            2.000ns  (clk rise@2.000ns - clk rise@0.000ns)
  Data Path Delay:        2.083ns  (logic 0.456ns (21.892%)  route 1.627ns (78.109%))
  Logic Levels:           7  (LUT3=1 LUT4=1 LUT5=2 LUT6=3)
  Clock Path Skew:        -0.145ns (DCD - SCD + CPR)
    Destination Clock Delay (DCD):    2.863ns = ( 4.863 - 2.000 ) 
    Source Clock Delay      (SCD):    3.290ns
    Clock Pessimism Removal (CPR):    0.282ns
  Clock Uncertainty:      0.035ns  ((TSJ^2 + TIJ^2)^1/2 + DJ) / 2 + PE + UU
    Total System Jitter     (TSJ):    0.071ns
    Total Input Jitter      (TIJ):    0.000ns
    Discrete Jitter          (DJ):    0.000ns
    Phase Error              (PE):    0.000ns
    User Uncertainty         (UU):    0.000ns

    Location             Delay type                Incr(ns)  Path(ns)    Netlist Resource(s)
  -------------------------------------------------------------------    -------------------
                         (clock clk rise edge)        0.000     0.000 r  
                                                      0.000     0.000 r  clk (IN)
                         net (fo=0)                   0.000     0.000    u_boundary_ibuf/I
                         INBUF (Prop_INBUF_PAD_O)     0.517     0.517 r  u_boundary_ibuf/INBUF_INST/O
                         net (fo=1, unplaced)         0.000     0.517    u_boundary_ibuf/OUT
                         IBUFCTRL (Prop_IBUFCTRL_I_O)
                                                      0.000     0.517 r  u_boundary_ibuf/IBUFCTRL_INST/O
                         net (fo=1, unplaced)         0.161     0.678    clk_ibuf
                         BUFGCE (Prop_BUFGCE_I_O)     0.028     0.706 r  u_boundary_bufg/O
                         net (fo=26835, unplaced)     2.584     3.290    u_dut/u_unified_p4_kernel/clk
                         FDCE                                         r  u_dut/u_unified_p4_kernel/reserved_groups_q_reg[1]/C
  -------------------------------------------------------------------    -------------------
                         FDCE (Prop_FDCE_C_Q)         0.078     3.368 r  u_dut/u_unified_p4_kernel/reserved_groups_q_reg[1]/Q
                         net (fo=5, unplaced)         0.172     3.540    u_dut/u_unified_p4_kernel/reserved_groups_q[1]
                         LUT6 (Prop_LUT6_I0_O)        0.150     3.690 r  u_dut/u_unified_p4_kernel/input_group_fire_INST_0_i_8/O
                         net (fo=2, unplaced)         0.186     3.876    u_dut/u_unified_p4_kernel/input_group_fire_INST_0_i_8_n_0
                         LUT3 (Prop_LUT3_I0_O)        0.038     3.914 r  u_dut/u_unified_p4_kernel/input_group_fire_INST_0_i_7/O
                         net (fo=1, unplaced)         0.186     4.100    u_dut/u_unified_p4_kernel/input_group_fire_INST_0_i_7_n_0
                         LUT5 (Prop_LUT5_I2_O)        0.038     4.138 f  u_dut/u_unified_p4_kernel/input_group_fire_INST_0_i_3/O
                         net (fo=1, unplaced)         0.186     4.324    u_dut/u_unified_p4_kernel/input_group_fire_INST_0_i_3_n_0
                         LUT6 (Prop_LUT6_I3_O)        0.038     4.362 r  u_dut/u_unified_p4_kernel/input_group_fire_INST_0_i_1/O
                         net (fo=2, unplaced)         0.186     4.548    u_dut/u_unified_p4_kernel/ingress_valid_q42_in
                         LUT4 (Prop_LUT4_I3_O)        0.038     4.586 r  u_dut/u_unified_p4_kernel/input_group_fire_INST_0/O
                         net (fo=92, unplaced)        0.270     4.856    u_dut/kernel_input_group_fire
                         LUT5 (Prop_LUT5_I1_O)        0.038     4.894 r  u_dut/rd_cmd_bank_mask_q[3]_i_1/O
                         net (fo=11, unplaced)        0.221     5.115    u_dut/rd_cmd_ready
                         LUT6 (Prop_LUT6_I0_O)        0.038     5.153 r  u_dut/rd_cmd_group_q[4]_i_1/O
                         net (fo=79, unplaced)        0.220     5.373    u_dut/rd_cmd_accept
                         FDCE                                         r  u_dut/rd_cmd_addr_q_reg[1][2][4]/CE
  -------------------------------------------------------------------    -------------------

                         (clock clk rise edge)        2.000     2.000 r  
                                                      0.000     2.000 r  clk (IN)
                         net (fo=0)                   0.000     2.000    u_boundary_ibuf/I
                         INBUF (Prop_INBUF_PAD_O)     0.267     2.267 r  u_boundary_ibuf/INBUF_INST/O
                         net (fo=1, unplaced)         0.000     2.267    u_boundary_ibuf/OUT
                         IBUFCTRL (Prop_IBUFCTRL_I_O)
                                                      0.000     2.267 r  u_boundary_ibuf/IBUFCTRL_INST/O
                         net (fo=1, unplaced)         0.133     2.400    clk_ibuf
                         BUFGCE (Prop_BUFGCE_I_O)     0.024     2.424 r  u_boundary_bufg/O
                         net (fo=26835, unplaced)     2.439     4.863    u_dut/clk
                         FDCE                                         r  u_dut/rd_cmd_addr_q_reg[1][2][4]/C
                         clock pessimism              0.282     5.145    
                         clock uncertainty           -0.035     5.110    
                         FDCE (Setup_FDCE_C_CE)      -0.061     5.049    u_dut/rd_cmd_addr_q_reg[1][2][4]
  -------------------------------------------------------------------
                         required time                          5.049    
                         arrival time                          -5.373    
  -------------------------------------------------------------------
                         slack                                 -0.324    

Slack (VIOLATED) :        -0.324ns  (required time - arrival time)
  Source:                 u_dut/u_unified_p4_kernel/reserved_groups_q_reg[1]/C
                            (rising edge-triggered cell FDCE clocked by clk  {rise@0.000ns fall@1.000ns period=2.000ns})
  Destination:            u_dut/rd_cmd_addr_q_reg[1][2][5]/CE
                            (rising edge-triggered cell FDCE clocked by clk  {rise@0.000ns fall@1.000ns period=2.000ns})
  Path Group:             clk
  Path Type:              Setup (Max at Slow Process Corner)
  Requirement:            2.000ns  (clk rise@2.000ns - clk rise@0.000ns)
  Data Path Delay:        2.083ns  (logic 0.456ns (21.892%)  route 1.627ns (78.109%))
  Logic Levels:           7  (LUT3=1 LUT4=1 LUT5=2 LUT6=3)
  Clock Path Skew:        -0.145ns (DCD - SCD + CPR)
    Destination Clock Delay (DCD):    2.863ns = ( 4.863 - 2.000 ) 
    Source Clock Delay      (SCD):    3.290ns
    Clock Pessimism Removal (CPR):    0.282ns
  Clock Uncertainty:      0.035ns  ((TSJ^2 + TIJ^2)^1/2 + DJ) / 2 + PE + UU
    Total System Jitter     (TSJ):    0.071ns
    Total Input Jitter      (TIJ):    0.000ns
    Discrete Jitter          (DJ):    0.000ns
    Phase Error              (PE):    0.000ns
    User Uncertainty         (UU):    0.000ns

    Location             Delay type                Incr(ns)  Path(ns)    Netlist Resource(s)
  -------------------------------------------------------------------    -------------------
                         (clock clk rise edge)        0.000     0.000 r  
                                                      0.000     0.000 r  clk (IN)
                         net (fo=0)                   0.000     0.000    u_boundary_ibuf/I
                         INBUF (Prop_INBUF_PAD_O)     0.517     0.517 r  u_boundary_ibuf/INBUF_INST/O
                         net (fo=1, unplaced)         0.000     0.517    u_boundary_ibuf/OUT
                         IBUFCTRL (Prop_IBUFCTRL_I_O)
                                                      0.000     0.517 r  u_boundary_ibuf/IBUFCTRL_INST/O
                         net (fo=1, unplaced)         0.161     0.678    clk_ibuf
                         BUFGCE (Prop_BUFGCE_I_O)     0.028     0.706 r  u_boundary_bufg/O
                         net (fo=26835, unplaced)     2.584     3.290    u_dut/u_unified_p4_kernel/clk
                         FDCE                                         r  u_dut/u_unified_p4_kernel/reserved_groups_q_reg[1]/C
  -------------------------------------------------------------------    -------------------
                         FDCE (Prop_FDCE_C_Q)         0.078     3.368 r  u_dut/u_unified_p4_kernel/reserved_groups_q_reg[1]/Q
                         net (fo=5, unplaced)         0.172     3.540    u_dut/u_unified_p4_kernel/reserved_groups_q[1]
                         LUT6 (Prop_LUT6_I0_O)        0.150     3.690 r  u_dut/u_unified_p4_kernel/input_group_fire_INST_0_i_8/O
                         net (fo=2, unplaced)         0.186     3.876    u_dut/u_unified_p4_kernel/input_group_fire_INST_0_i_8_n_0
                         LUT3 (Prop_LUT3_I0_O)        0.038     3.914 r  u_dut/u_unified_p4_kernel/input_group_fire_INST_0_i_7/O
                         net (fo=1, unplaced)         0.186     4.100    u_dut/u_unified_p4_kernel/input_group_fire_INST_0_i_7_n_0
                         LUT5 (Prop_LUT5_I2_O)        0.038     4.138 f  u_dut/u_unified_p4_kernel/input_group_fire_INST_0_i_3/O
                         net (fo=1, unplaced)         0.186     4.324    u_dut/u_unified_p4_kernel/input_group_fire_INST_0_i_3_n_0
                         LUT6 (Prop_LUT6_I3_O)        0.038     4.362 r  u_dut/u_unified_p4_kernel/input_group_fire_INST_0_i_1/O
                         net (fo=2, unplaced)         0.186     4.548    u_dut/u_unified_p4_kernel/ingress_valid_q42_in
                         LUT4 (Prop_LUT4_I3_O)        0.038     4.586 r  u_dut/u_unified_p4_kernel/input_group_fire_INST_0/O
                         net (fo=92, unplaced)        0.270     4.856    u_dut/kernel_input_group_fire
                         LUT5 (Prop_LUT5_I1_O)        0.038     4.894 r  u_dut/rd_cmd_bank_mask_q[3]_i_1/O
                         net (fo=11, unplaced)        0.221     5.115    u_dut/rd_cmd_ready
                         LUT6 (Prop_LUT6_I0_O)        0.038     5.153 r  u_dut/rd_cmd_group_q[4]_i_1/O
                         net (fo=79, unplaced)        0.220     5.373    u_dut/rd_cmd_accept
                         FDCE                                         r  u_dut/rd_cmd_addr_q_reg[1][2][5]/CE
  -------------------------------------------------------------------    -------------------

                         (clock clk rise edge)        2.000     2.000 r  
                                                      0.000     2.000 r  clk (IN)
                         net (fo=0)                   0.000     2.000    u_boundary_ibuf/I
                         INBUF (Prop_INBUF_PAD_O)     0.267     2.267 r  u_boundary_ibuf/INBUF_INST/O
                         net (fo=1, unplaced)         0.000     2.267    u_boundary_ibuf/OUT
                         IBUFCTRL (Prop_IBUFCTRL_I_O)
                                                      0.000     2.267 r  u_boundary_ibuf/IBUFCTRL_INST/O
                         net (fo=1, unplaced)         0.133     2.400    clk_ibuf
                         BUFGCE (Prop_BUFGCE_I_O)     0.024     2.424 r  u_boundary_bufg/O
                         net (fo=26835, unplaced)     2.439     4.863    u_dut/clk
                         FDCE                                         r  u_dut/rd_cmd_addr_q_reg[1][2][5]/C
                         clock pessimism              0.282     5.145    
                         clock uncertainty           -0.035     5.110    
                         FDCE (Setup_FDCE_C_CE)      -0.061     5.049    u_dut/rd_cmd_addr_q_reg[1][2][5]
  -------------------------------------------------------------------
                         required time                          5.049    
                         arrival time                          -5.373    
  -------------------------------------------------------------------
                         slack                                 -0.324    

Slack (VIOLATED) :        -0.324ns  (required time - arrival time)
  Source:                 u_dut/u_unified_p4_kernel/reserved_groups_q_reg[1]/C
                            (rising edge-triggered cell FDCE clocked by clk  {rise@0.000ns fall@1.000ns period=2.000ns})
  Destination:            u_dut/rd_cmd_addr_q_reg[1][2][6]/CE
                            (rising edge-triggered cell FDCE clocked by clk  {rise@0.000ns fall@1.000ns period=2.000ns})
  Path Group:             clk
  Path Type:              Setup (Max at Slow Process Corner)
  Requirement:            2.000ns  (clk rise@2.000ns - clk rise@0.000ns)
  Data Path Delay:        2.083ns  (logic 0.456ns (21.892%)  route 1.627ns (78.109%))
  Logic Levels:           7  (LUT3=1 LUT4=1 LUT5=2 LUT6=3)
  Clock Path Skew:        -0.145ns (DCD - SCD + CPR)
    Destination Clock Delay (DCD):    2.863ns = ( 4.863 - 2.000 ) 
    Source Clock Delay      (SCD):    3.290ns
    Clock Pessimism Removal (CPR):    0.282ns
  Clock Uncertainty:      0.035ns  ((TSJ^2 + TIJ^2)^1/2 + DJ) / 2 + PE + UU
    Total System Jitter     (TSJ):    0.071ns
    Total Input Jitter      (TIJ):    0.000ns
    Discrete Jitter          (DJ):    0.000ns
    Phase Error              (PE):    0.000ns
    User Uncertainty         (UU):    0.000ns

    Location             Delay type                Incr(ns)  Path(ns)    Netlist Resource(s)
  -------------------------------------------------------------------    -------------------
                         (clock clk rise edge)        0.000     0.000 r  
                                                      0.000     0.000 r  clk (IN)
                         net (fo=0)                   0.000     0.000    u_boundary_ibuf/I
                         INBUF (Prop_INBUF_PAD_O)     0.517     0.517 r  u_boundary_ibuf/INBUF_INST/O
                         net (fo=1, unplaced)         0.000     0.517    u_boundary_ibuf/OUT
                         IBUFCTRL (Prop_IBUFCTRL_I_O)
                                                      0.000     0.517 r  u_boundary_ibuf/IBUFCTRL_INST/O
                         net (fo=1, unplaced)         0.161     0.678    clk_ibuf
                         BUFGCE (Prop_BUFGCE_I_O)     0.028     0.706 r  u_boundary_bufg/O
                         net (fo=26835, unplaced)     2.584     3.290    u_dut/u_unified_p4_kernel/clk
                         FDCE                                         r  u_dut/u_unified_p4_kernel/reserved_groups_q_reg[1]/C
  -------------------------------------------------------------------    -------------------
                         FDCE (Prop_FDCE_C_Q)         0.078     3.368 r  u_dut/u_unified_p4_kernel/reserved_groups_q_reg[1]/Q
                         net (fo=5, unplaced)         0.172     3.540    u_dut/u_unified_p4_kernel/reserved_groups_q[1]
                         LUT6 (Prop_LUT6_I0_O)        0.150     3.690 r  u_dut/u_unified_p4_kernel/input_group_fire_INST_0_i_8/O
                         net (fo=2, unplaced)         0.186     3.876    u_dut/u_unified_p4_kernel/input_group_fire_INST_0_i_8_n_0
                         LUT3 (Prop_LUT3_I0_O)        0.038     3.914 r  u_dut/u_unified_p4_kernel/input_group_fire_INST_0_i_7/O
                         net (fo=1, unplaced)         0.186     4.100    u_dut/u_unified_p4_kernel/input_group_fire_INST_0_i_7_n_0
                         LUT5 (Prop_LUT5_I2_O)        0.038     4.138 f  u_dut/u_unified_p4_kernel/input_group_fire_INST_0_i_3/O
                         net (fo=1, unplaced)         0.186     4.324    u_dut/u_unified_p4_kernel/input_group_fire_INST_0_i_3_n_0
                         LUT6 (Prop_LUT6_I3_O)        0.038     4.362 r  u_dut/u_unified_p4_kernel/input_group_fire_INST_0_i_1/O
                         net (fo=2, unplaced)         0.186     4.548    u_dut/u_unified_p4_kernel/ingress_valid_q42_in
                         LUT4 (Prop_LUT4_I3_O)        0.038     4.586 r  u_dut/u_unified_p4_kernel/input_group_fire_INST_0/O
                         net (fo=92, unplaced)        0.270     4.856    u_dut/kernel_input_group_fire
                         LUT5 (Prop_LUT5_I1_O)        0.038     4.894 r  u_dut/rd_cmd_bank_mask_q[3]_i_1/O
                         net (fo=11, unplaced)        0.221     5.115    u_dut/rd_cmd_ready
                         LUT6 (Prop_LUT6_I0_O)        0.038     5.153 r  u_dut/rd_cmd_group_q[4]_i_1/O
                         net (fo=79, unplaced)        0.220     5.373    u_dut/rd_cmd_accept
                         FDCE                                         r  u_dut/rd_cmd_addr_q_reg[1][2][6]/CE
  -------------------------------------------------------------------    -------------------

                         (clock clk rise edge)        2.000     2.000 r  
                                                      0.000     2.000 r  clk (IN)
                         net (fo=0)                   0.000     2.000    u_boundary_ibuf/I
                         INBUF (Prop_INBUF_PAD_O)     0.267     2.267 r  u_boundary_ibuf/INBUF_INST/O
                         net (fo=1, unplaced)         0.000     2.267    u_boundary_ibuf/OUT
                         IBUFCTRL (Prop_IBUFCTRL_I_O)
                                                      0.000     2.267 r  u_boundary_ibuf/IBUFCTRL_INST/O
                         net (fo=1, unplaced)         0.133     2.400    clk_ibuf
                         BUFGCE (Prop_BUFGCE_I_O)     0.024     2.424 r  u_boundary_bufg/O
                         net (fo=26835, unplaced)     2.439     4.863    u_dut/clk
                         FDCE                                         r  u_dut/rd_cmd_addr_q_reg[1][2][6]/C
                         clock pessimism              0.282     5.145    
                         clock uncertainty           -0.035     5.110    
                         FDCE (Setup_FDCE_C_CE)      -0.061     5.049    u_dut/rd_cmd_addr_q_reg[1][2][6]
  -------------------------------------------------------------------
                         required time                          5.049    
                         arrival time                          -5.373    
  -------------------------------------------------------------------
                         slack                                 -0.324    

Slack (VIOLATED) :        -0.324ns  (required time - arrival time)
  Source:                 u_dut/u_unified_p4_kernel/reserved_groups_q_reg[1]/C
                            (rising edge-triggered cell FDCE clocked by clk  {rise@0.000ns fall@1.000ns period=2.000ns})
  Destination:            u_dut/rd_cmd_addr_q_reg[1][2][7]/CE
                            (rising edge-triggered cell FDCE clocked by clk  {rise@0.000ns fall@1.000ns period=2.000ns})
  Path Group:             clk
  Path Type:              Setup (Max at Slow Process Corner)
  Requirement:            2.000ns  (clk rise@2.000ns - clk rise@0.000ns)
  Data Path Delay:        2.083ns  (logic 0.456ns (21.892%)  route 1.627ns (78.109%))
  Logic Levels:           7  (LUT3=1 LUT4=1 LUT5=2 LUT6=3)
  Clock Path Skew:        -0.145ns (DCD - SCD + CPR)
    Destination Clock Delay (DCD):    2.863ns = ( 4.863 - 2.000 ) 
    Source Clock Delay      (SCD):    3.290ns
    Clock Pessimism Removal (CPR):    0.282ns
  Clock Uncertainty:      0.035ns  ((TSJ^2 + TIJ^2)^1/2 + DJ) / 2 + PE + UU
    Total System Jitter     (TSJ):    0.071ns
    Total Input Jitter      (TIJ):    0.000ns
    Discrete Jitter          (DJ):    0.000ns
    Phase Error              (PE):    0.000ns
    User Uncertainty         (UU):    0.000ns

    Location             Delay type                Incr(ns)  Path(ns)    Netlist Resource(s)
  -------------------------------------------------------------------    -------------------
                         (clock clk rise edge)        0.000     0.000 r  
                                                      0.000     0.000 r  clk (IN)
                         net (fo=0)                   0.000     0.000    u_boundary_ibuf/I
                         INBUF (Prop_INBUF_PAD_O)     0.517     0.517 r  u_boundary_ibuf/INBUF_INST/O
                         net (fo=1, unplaced)         0.000     0.517    u_boundary_ibuf/OUT
                         IBUFCTRL (Prop_IBUFCTRL_I_O)
                                                      0.000     0.517 r  u_boundary_ibuf/IBUFCTRL_INST/O
                         net (fo=1, unplaced)         0.161     0.678    clk_ibuf
                         BUFGCE (Prop_BUFGCE_I_O)     0.028     0.706 r  u_boundary_bufg/O
                         net (fo=26835, unplaced)     2.584     3.290    u_dut/u_unified_p4_kernel/clk
                         FDCE                                         r  u_dut/u_unified_p4_kernel/reserved_groups_q_reg[1]/C
  -------------------------------------------------------------------    -------------------
                         FDCE (Prop_FDCE_C_Q)         0.078     3.368 r  u_dut/u_unified_p4_kernel/reserved_groups_q_reg[1]/Q
                         net (fo=5, unplaced)         0.172     3.540    u_dut/u_unified_p4_kernel/reserved_groups_q[1]
                         LUT6 (Prop_LUT6_I0_O)        0.150     3.690 r  u_dut/u_unified_p4_kernel/input_group_fire_INST_0_i_8/O
                         net (fo=2, unplaced)         0.186     3.876    u_dut/u_unified_p4_kernel/input_group_fire_INST_0_i_8_n_0
                         LUT3 (Prop_LUT3_I0_O)        0.038     3.914 r  u_dut/u_unified_p4_kernel/input_group_fire_INST_0_i_7/O
                         net (fo=1, unplaced)         0.186     4.100    u_dut/u_unified_p4_kernel/input_group_fire_INST_0_i_7_n_0
                         LUT5 (Prop_LUT5_I2_O)        0.038     4.138 f  u_dut/u_unified_p4_kernel/input_group_fire_INST_0_i_3/O
                         net (fo=1, unplaced)         0.186     4.324    u_dut/u_unified_p4_kernel/input_group_fire_INST_0_i_3_n_0
                         LUT6 (Prop_LUT6_I3_O)        0.038     4.362 r  u_dut/u_unified_p4_kernel/input_group_fire_INST_0_i_1/O
                         net (fo=2, unplaced)         0.186     4.548    u_dut/u_unified_p4_kernel/ingress_valid_q42_in
                         LUT4 (Prop_LUT4_I3_O)        0.038     4.586 r  u_dut/u_unified_p4_kernel/input_group_fire_INST_0/O
                         net (fo=92, unplaced)        0.270     4.856    u_dut/kernel_input_group_fire
                         LUT5 (Prop_LUT5_I1_O)        0.038     4.894 r  u_dut/rd_cmd_bank_mask_q[3]_i_1/O
                         net (fo=11, unplaced)        0.221     5.115    u_dut/rd_cmd_ready
                         LUT6 (Prop_LUT6_I0_O)        0.038     5.153 r  u_dut/rd_cmd_group_q[4]_i_1/O
                         net (fo=79, unplaced)        0.220     5.373    u_dut/rd_cmd_accept
                         FDCE                                         r  u_dut/rd_cmd_addr_q_reg[1][2][7]/CE
  -------------------------------------------------------------------    -------------------

                         (clock clk rise edge)        2.000     2.000 r  
                                                      0.000     2.000 r  clk (IN)
                         net (fo=0)                   0.000     2.000    u_boundary_ibuf/I
                         INBUF (Prop_INBUF_PAD_O)     0.267     2.267 r  u_boundary_ibuf/INBUF_INST/O
                         net (fo=1, unplaced)         0.000     2.267    u_boundary_ibuf/OUT
                         IBUFCTRL (Prop_IBUFCTRL_I_O)
                                                      0.000     2.267 r  u_boundary_ibuf/IBUFCTRL_INST/O
                         net (fo=1, unplaced)         0.133     2.400    clk_ibuf
                         BUFGCE (Prop_BUFGCE_I_O)     0.024     2.424 r  u_boundary_bufg/O
                         net (fo=26835, unplaced)     2.439     4.863    u_dut/clk
                         FDCE                                         r  u_dut/rd_cmd_addr_q_reg[1][2][7]/C
                         clock pessimism              0.282     5.145    
                         clock uncertainty           -0.035     5.110    
                         FDCE (Setup_FDCE_C_CE)      -0.061     5.049    u_dut/rd_cmd_addr_q_reg[1][2][7]
  -------------------------------------------------------------------
                         required time                          5.049    
                         arrival time                          -5.373    
  -------------------------------------------------------------------
                         slack                                 -0.324    

Slack (VIOLATED) :        -0.324ns  (required time - arrival time)
  Source:                 u_dut/u_unified_p4_kernel/reserved_groups_q_reg[1]/C
                            (rising edge-triggered cell FDCE clocked by clk  {rise@0.000ns fall@1.000ns period=2.000ns})
  Destination:            u_dut/rd_cmd_addr_q_reg[1][2][8]/CE
                            (rising edge-triggered cell FDCE clocked by clk  {rise@0.000ns fall@1.000ns period=2.000ns})
  Path Group:             clk
  Path Type:              Setup (Max at Slow Process Corner)
  Requirement:            2.000ns  (clk rise@2.000ns - clk rise@0.000ns)
  Data Path Delay:        2.083ns  (logic 0.456ns (21.892%)  route 1.627ns (78.109%))
  Logic Levels:           7  (LUT3=1 LUT4=1 LUT5=2 LUT6=3)
  Clock Path Skew:        -0.145ns (DCD - SCD + CPR)
    Destination Clock Delay (DCD):    2.863ns = ( 4.863 - 2.000 ) 
    Source Clock Delay      (SCD):    3.290ns
    Clock Pessimism Removal (CPR):    0.282ns
  Clock Uncertainty:      0.035ns  ((TSJ^2 + TIJ^2)^1/2 + DJ) / 2 + PE + UU
    Total System Jitter     (TSJ):    0.071ns
    Total Input Jitter      (TIJ):    0.000ns
    Discrete Jitter          (DJ):    0.000ns
    Phase Error              (PE):    0.000ns
    User Uncertainty         (UU):    0.000ns

    Location             Delay type                Incr(ns)  Path(ns)    Netlist Resource(s)
  -------------------------------------------------------------------    -------------------
                         (clock clk rise edge)        0.000     0.000 r  
                                                      0.000     0.000 r  clk (IN)
                         net (fo=0)                   0.000     0.000    u_boundary_ibuf/I
                         INBUF (Prop_INBUF_PAD_O)     0.517     0.517 r  u_boundary_ibuf/INBUF_INST/O
                         net (fo=1, unplaced)         0.000     0.517    u_boundary_ibuf/OUT
                         IBUFCTRL (Prop_IBUFCTRL_I_O)
                                                      0.000     0.517 r  u_boundary_ibuf/IBUFCTRL_INST/O
                         net (fo=1, unplaced)         0.161     0.678    clk_ibuf
                         BUFGCE (Prop_BUFGCE_I_O)     0.028     0.706 r  u_boundary_bufg/O
                         net (fo=26835, unplaced)     2.584     3.290    u_dut/u_unified_p4_kernel/clk
                         FDCE                                         r  u_dut/u_unified_p4_kernel/reserved_groups_q_reg[1]/C
  -------------------------------------------------------------------    -------------------
                         FDCE (Prop_FDCE_C_Q)         0.078     3.368 r  u_dut/u_unified_p4_kernel/reserved_groups_q_reg[1]/Q
                         net (fo=5, unplaced)         0.172     3.540    u_dut/u_unified_p4_kernel/reserved_groups_q[1]
                         LUT6 (Prop_LUT6_I0_O)        0.150     3.690 r  u_dut/u_unified_p4_kernel/input_group_fire_INST_0_i_8/O
                         net (fo=2, unplaced)         0.186     3.876    u_dut/u_unified_p4_kernel/input_group_fire_INST_0_i_8_n_0
                         LUT3 (Prop_LUT3_I0_O)        0.038     3.914 r  u_dut/u_unified_p4_kernel/input_group_fire_INST_0_i_7/O
                         net (fo=1, unplaced)         0.186     4.100    u_dut/u_unified_p4_kernel/input_group_fire_INST_0_i_7_n_0
                         LUT5 (Prop_LUT5_I2_O)        0.038     4.138 f  u_dut/u_unified_p4_kernel/input_group_fire_INST_0_i_3/O
                         net (fo=1, unplaced)         0.186     4.324    u_dut/u_unified_p4_kernel/input_group_fire_INST_0_i_3_n_0
                         LUT6 (Prop_LUT6_I3_O)        0.038     4.362 r  u_dut/u_unified_p4_kernel/input_group_fire_INST_0_i_1/O
                         net (fo=2, unplaced)         0.186     4.548    u_dut/u_unified_p4_kernel/ingress_valid_q42_in
                         LUT4 (Prop_LUT4_I3_O)        0.038     4.586 r  u_dut/u_unified_p4_kernel/input_group_fire_INST_0/O
                         net (fo=92, unplaced)        0.270     4.856    u_dut/kernel_input_group_fire
                         LUT5 (Prop_LUT5_I1_O)        0.038     4.894 r  u_dut/rd_cmd_bank_mask_q[3]_i_1/O
                         net (fo=11, unplaced)        0.221     5.115    u_dut/rd_cmd_ready
                         LUT6 (Prop_LUT6_I0_O)        0.038     5.153 r  u_dut/rd_cmd_group_q[4]_i_1/O
                         net (fo=79, unplaced)        0.220     5.373    u_dut/rd_cmd_accept
                         FDCE                                         r  u_dut/rd_cmd_addr_q_reg[1][2][8]/CE
  -------------------------------------------------------------------    -------------------

                         (clock clk rise edge)        2.000     2.000 r  
                                                      0.000     2.000 r  clk (IN)
                         net (fo=0)                   0.000     2.000    u_boundary_ibuf/I
                         INBUF (Prop_INBUF_PAD_O)     0.267     2.267 r  u_boundary_ibuf/INBUF_INST/O
                         net (fo=1, unplaced)         0.000     2.267    u_boundary_ibuf/OUT
                         IBUFCTRL (Prop_IBUFCTRL_I_O)
                                                      0.000     2.267 r  u_boundary_ibuf/IBUFCTRL_INST/O
                         net (fo=1, unplaced)         0.133     2.400    clk_ibuf
                         BUFGCE (Prop_BUFGCE_I_O)     0.024     2.424 r  u_boundary_bufg/O
                         net (fo=26835, unplaced)     2.439     4.863    u_dut/clk
                         FDCE                                         r  u_dut/rd_cmd_addr_q_reg[1][2][8]/C
                         clock pessimism              0.282     5.145    
                         clock uncertainty           -0.035     5.110    
                         FDCE (Setup_FDCE_C_CE)      -0.061     5.049    u_dut/rd_cmd_addr_q_reg[1][2][8]
  -------------------------------------------------------------------
                         required time                          5.049    
                         arrival time                          -5.373    
  -------------------------------------------------------------------
                         slack                                 -0.324    

Slack (VIOLATED) :        -0.324ns  (required time - arrival time)
  Source:                 u_dut/u_unified_p4_kernel/reserved_groups_q_reg[1]/C
                            (rising edge-triggered cell FDCE clocked by clk  {rise@0.000ns fall@1.000ns period=2.000ns})
  Destination:            u_dut/rd_cmd_addr_q_reg[1][2][9]/CE
                            (rising edge-triggered cell FDCE clocked by clk  {rise@0.000ns fall@1.000ns period=2.000ns})
  Path Group:             clk
  Path Type:              Setup (Max at Slow Process Corner)
  Requirement:            2.000ns  (clk rise@2.000ns - clk rise@0.000ns)
  Data Path Delay:        2.083ns  (logic 0.456ns (21.892%)  route 1.627ns (78.109%))
  Logic Levels:           7  (LUT3=1 LUT4=1 LUT5=2 LUT6=3)
  Clock Path Skew:        -0.145ns (DCD - SCD + CPR)
    Destination Clock Delay (DCD):    2.863ns = ( 4.863 - 2.000 ) 
    Source Clock Delay      (SCD):    3.290ns
    Clock Pessimism Removal (CPR):    0.282ns
  Clock Uncertainty:      0.035ns  ((TSJ^2 + TIJ^2)^1/2 + DJ) / 2 + PE + UU
    Total System Jitter     (TSJ):    0.071ns
    Total Input Jitter      (TIJ):    0.000ns
    Discrete Jitter          (DJ):    0.000ns
    Phase Error              (PE):    0.000ns
    User Uncertainty         (UU):    0.000ns

    Location             Delay type                Incr(ns)  Path(ns)    Netlist Resource(s)
  -------------------------------------------------------------------    -------------------
                         (clock clk rise edge)        0.000     0.000 r  
                                                      0.000     0.000 r  clk (IN)
                         net (fo=0)                   0.000     0.000    u_boundary_ibuf/I
                         INBUF (Prop_INBUF_PAD_O)     0.517     0.517 r  u_boundary_ibuf/INBUF_INST/O
                         net (fo=1, unplaced)         0.000     0.517    u_boundary_ibuf/OUT
                         IBUFCTRL (Prop_IBUFCTRL_I_O)
                                                      0.000     0.517 r  u_boundary_ibuf/IBUFCTRL_INST/O
                         net (fo=1, unplaced)         0.161     0.678    clk_ibuf
                         BUFGCE (Prop_BUFGCE_I_O)     0.028     0.706 r  u_boundary_bufg/O
                         net (fo=26835, unplaced)     2.584     3.290    u_dut/u_unified_p4_kernel/clk
                         FDCE                                         r  u_dut/u_unified_p4_kernel/reserved_groups_q_reg[1]/C
  -------------------------------------------------------------------    -------------------
                         FDCE (Prop_FDCE_C_Q)         0.078     3.368 r  u_dut/u_unified_p4_kernel/reserved_groups_q_reg[1]/Q
                         net (fo=5, unplaced)         0.172     3.540    u_dut/u_unified_p4_kernel/reserved_groups_q[1]
                         LUT6 (Prop_LUT6_I0_O)        0.150     3.690 r  u_dut/u_unified_p4_kernel/input_group_fire_INST_0_i_8/O
                         net (fo=2, unplaced)         0.186     3.876    u_dut/u_unified_p4_kernel/input_group_fire_INST_0_i_8_n_0
                         LUT3 (Prop_LUT3_I0_O)        0.038     3.914 r  u_dut/u_unified_p4_kernel/input_group_fire_INST_0_i_7/O
                         net (fo=1, unplaced)         0.186     4.100    u_dut/u_unified_p4_kernel/input_group_fire_INST_0_i_7_n_0
                         LUT5 (Prop_LUT5_I2_O)        0.038     4.138 f  u_dut/u_unified_p4_kernel/input_group_fire_INST_0_i_3/O
                         net (fo=1, unplaced)         0.186     4.324    u_dut/u_unified_p4_kernel/input_group_fire_INST_0_i_3_n_0
                         LUT6 (Prop_LUT6_I3_O)        0.038     4.362 r  u_dut/u_unified_p4_kernel/input_group_fire_INST_0_i_1/O
                         net (fo=2, unplaced)         0.186     4.548    u_dut/u_unified_p4_kernel/ingress_valid_q42_in
                         LUT4 (Prop_LUT4_I3_O)        0.038     4.586 r  u_dut/u_unified_p4_kernel/input_group_fire_INST_0/O
                         net (fo=92, unplaced)        0.270     4.856    u_dut/kernel_input_group_fire
                         LUT5 (Prop_LUT5_I1_O)        0.038     4.894 r  u_dut/rd_cmd_bank_mask_q[3]_i_1/O
                         net (fo=11, unplaced)        0.221     5.115    u_dut/rd_cmd_ready
                         LUT6 (Prop_LUT6_I0_O)        0.038     5.153 r  u_dut/rd_cmd_group_q[4]_i_1/O
                         net (fo=79, unplaced)        0.220     5.373    u_dut/rd_cmd_accept
                         FDCE                                         r  u_dut/rd_cmd_addr_q_reg[1][2][9]/CE
  -------------------------------------------------------------------    -------------------

                         (clock clk rise edge)        2.000     2.000 r  
                                                      0.000     2.000 r  clk (IN)
                         net (fo=0)                   0.000     2.000    u_boundary_ibuf/I
                         INBUF (Prop_INBUF_PAD_O)     0.267     2.267 r  u_boundary_ibuf/INBUF_INST/O
                         net (fo=1, unplaced)         0.000     2.267    u_boundary_ibuf/OUT
                         IBUFCTRL (Prop_IBUFCTRL_I_O)
                                                      0.000     2.267 r  u_boundary_ibuf/IBUFCTRL_INST/O
                         net (fo=1, unplaced)         0.133     2.400    clk_ibuf
                         BUFGCE (Prop_BUFGCE_I_O)     0.024     2.424 r  u_boundary_bufg/O
                         net (fo=26835, unplaced)     2.439     4.863    u_dut/clk
                         FDCE                                         r  u_dut/rd_cmd_addr_q_reg[1][2][9]/C
                         clock pessimism              0.282     5.145    
                         clock uncertainty           -0.035     5.110    
                         FDCE (Setup_FDCE_C_CE)      -0.061     5.049    u_dut/rd_cmd_addr_q_reg[1][2][9]
  -------------------------------------------------------------------
                         required time                          5.049    
                         arrival time                          -5.373    
  -------------------------------------------------------------------
                         slack                                 -0.324    

Slack (VIOLATED) :        -0.324ns  (required time - arrival time)
  Source:                 u_dut/u_unified_p4_kernel/reserved_groups_q_reg[1]/C
                            (rising edge-triggered cell FDCE clocked by clk  {rise@0.000ns fall@1.000ns period=2.000ns})
  Destination:            u_dut/rd_cmd_addr_q_reg[1][3][4]/CE
                            (rising edge-triggered cell FDCE clocked by clk  {rise@0.000ns fall@1.000ns period=2.000ns})
  Path Group:             clk
  Path Type:              Setup (Max at Slow Process Corner)
  Requirement:            2.000ns  (clk rise@2.000ns - clk rise@0.000ns)
  Data Path Delay:        2.083ns  (logic 0.456ns (21.892%)  route 1.627ns (78.109%))
  Logic Levels:           7  (LUT3=1 LUT4=1 LUT5=2 LUT6=3)
  Clock Path Skew:        -0.145ns (DCD - SCD + CPR)
    Destination Clock Delay (DCD):    2.863ns = ( 4.863 - 2.000 ) 
    Source Clock Delay      (SCD):    3.290ns
    Clock Pessimism Removal (CPR):    0.282ns
  Clock Uncertainty:      0.035ns  ((TSJ^2 + TIJ^2)^1/2 + DJ) / 2 + PE + UU
    Total System Jitter     (TSJ):    0.071ns
    Total Input Jitter      (TIJ):    0.000ns
    Discrete Jitter          (DJ):    0.000ns
    Phase Error              (PE):    0.000ns
    User Uncertainty         (UU):    0.000ns

    Location             Delay type                Incr(ns)  Path(ns)    Netlist Resource(s)
  -------------------------------------------------------------------    -------------------
                         (clock clk rise edge)        0.000     0.000 r  
                                                      0.000     0.000 r  clk (IN)
                         net (fo=0)                   0.000     0.000    u_boundary_ibuf/I
                         INBUF (Prop_INBUF_PAD_O)     0.517     0.517 r  u_boundary_ibuf/INBUF_INST/O
                         net (fo=1, unplaced)         0.000     0.517    u_boundary_ibuf/OUT
                         IBUFCTRL (Prop_IBUFCTRL_I_O)
                                                      0.000     0.517 r  u_boundary_ibuf/IBUFCTRL_INST/O
                         net (fo=1, unplaced)         0.161     0.678    clk_ibuf
                         BUFGCE (Prop_BUFGCE_I_O)     0.028     0.706 r  u_boundary_bufg/O
                         net (fo=26835, unplaced)     2.584     3.290    u_dut/u_unified_p4_kernel/clk
                         FDCE                                         r  u_dut/u_unified_p4_kernel/reserved_groups_q_reg[1]/C
  -------------------------------------------------------------------    -------------------
                         FDCE (Prop_FDCE_C_Q)         0.078     3.368 r  u_dut/u_unified_p4_kernel/reserved_groups_q_reg[1]/Q
                         net (fo=5, unplaced)         0.172     3.540    u_dut/u_unified_p4_kernel/reserved_groups_q[1]
                         LUT6 (Prop_LUT6_I0_O)        0.150     3.690 r  u_dut/u_unified_p4_kernel/input_group_fire_INST_0_i_8/O
                         net (fo=2, unplaced)         0.186     3.876    u_dut/u_unified_p4_kernel/input_group_fire_INST_0_i_8_n_0
                         LUT3 (Prop_LUT3_I0_O)        0.038     3.914 r  u_dut/u_unified_p4_kernel/input_group_fire_INST_0_i_7/O
                         net (fo=1, unplaced)         0.186     4.100    u_dut/u_unified_p4_kernel/input_group_fire_INST_0_i_7_n_0
                         LUT5 (Prop_LUT5_I2_O)        0.038     4.138 f  u_dut/u_unified_p4_kernel/input_group_fire_INST_0_i_3/O
                         net (fo=1, unplaced)         0.186     4.324    u_dut/u_unified_p4_kernel/input_group_fire_INST_0_i_3_n_0
                         LUT6 (Prop_LUT6_I3_O)        0.038     4.362 r  u_dut/u_unified_p4_kernel/input_group_fire_INST_0_i_1/O
                         net (fo=2, unplaced)         0.186     4.548    u_dut/u_unified_p4_kernel/ingress_valid_q42_in
                         LUT4 (Prop_LUT4_I3_O)        0.038     4.586 r  u_dut/u_unified_p4_kernel/input_group_fire_INST_0/O
                         net (fo=92, unplaced)        0.270     4.856    u_dut/kernel_input_group_fire
                         LUT5 (Prop_LUT5_I1_O)        0.038     4.894 r  u_dut/rd_cmd_bank_mask_q[3]_i_1/O
                         net (fo=11, unplaced)        0.221     5.115    u_dut/rd_cmd_ready
                         LUT6 (Prop_LUT6_I0_O)        0.038     5.153 r  u_dut/rd_cmd_group_q[4]_i_1/O
                         net (fo=79, unplaced)        0.220     5.373    u_dut/rd_cmd_accept
                         FDCE                                         r  u_dut/rd_cmd_addr_q_reg[1][3][4]/CE
  -------------------------------------------------------------------    -------------------

                         (clock clk rise edge)        2.000     2.000 r  
                                                      0.000     2.000 r  clk (IN)
                         net (fo=0)                   0.000     2.000    u_boundary_ibuf/I
                         INBUF (Prop_INBUF_PAD_O)     0.267     2.267 r  u_boundary_ibuf/INBUF_INST/O
                         net (fo=1, unplaced)         0.000     2.267    u_boundary_ibuf/OUT
                         IBUFCTRL (Prop_IBUFCTRL_I_O)
                                                      0.000     2.267 r  u_boundary_ibuf/IBUFCTRL_INST/O
                         net (fo=1, unplaced)         0.133     2.400    clk_ibuf
                         BUFGCE (Prop_BUFGCE_I_O)     0.024     2.424 r  u_boundary_bufg/O
                         net (fo=26835, unplaced)     2.439     4.863    u_dut/clk
                         FDCE                                         r  u_dut/rd_cmd_addr_q_reg[1][3][4]/C
                         clock pessimism              0.282     5.145    
                         clock uncertainty           -0.035     5.110    
                         FDCE (Setup_FDCE_C_CE)      -0.061     5.049    u_dut/rd_cmd_addr_q_reg[1][3][4]
  -------------------------------------------------------------------
                         required time                          5.049    
                         arrival time                          -5.373    
  -------------------------------------------------------------------
                         slack                                 -0.324    

Slack (VIOLATED) :        -0.324ns  (required time - arrival time)
  Source:                 u_dut/u_unified_p4_kernel/reserved_groups_q_reg[1]/C
                            (rising edge-triggered cell FDCE clocked by clk  {rise@0.000ns fall@1.000ns period=2.000ns})
  Destination:            u_dut/rd_cmd_addr_q_reg[1][3][5]/CE
                            (rising edge-triggered cell FDCE clocked by clk  {rise@0.000ns fall@1.000ns period=2.000ns})
  Path Group:             clk
  Path Type:              Setup (Max at Slow Process Corner)
  Requirement:            2.000ns  (clk rise@2.000ns - clk rise@0.000ns)
  Data Path Delay:        2.083ns  (logic 0.456ns (21.892%)  route 1.627ns (78.109%))
  Logic Levels:           7  (LUT3=1 LUT4=1 LUT5=2 LUT6=3)
  Clock Path Skew:        -0.145ns (DCD - SCD + CPR)
    Destination Clock Delay (DCD):    2.863ns = ( 4.863 - 2.000 ) 
    Source Clock Delay      (SCD):    3.290ns
    Clock Pessimism Removal (CPR):    0.282ns
  Clock Uncertainty:      0.035ns  ((TSJ^2 + TIJ^2)^1/2 + DJ) / 2 + PE + UU
    Total System Jitter     (TSJ):    0.071ns
    Total Input Jitter      (TIJ):    0.000ns
    Discrete Jitter          (DJ):    0.000ns
    Phase Error              (PE):    0.000ns
    User Uncertainty         (UU):    0.000ns

    Location             Delay type                Incr(ns)  Path(ns)    Netlist Resource(s)
  -------------------------------------------------------------------    -------------------
                         (clock clk rise edge)        0.000     0.000 r  
                                                      0.000     0.000 r  clk (IN)
                         net (fo=0)                   0.000     0.000    u_boundary_ibuf/I
                         INBUF (Prop_INBUF_PAD_O)     0.517     0.517 r  u_boundary_ibuf/INBUF_INST/O
                         net (fo=1, unplaced)         0.000     0.517    u_boundary_ibuf/OUT
                         IBUFCTRL (Prop_IBUFCTRL_I_O)
                                                      0.000     0.517 r  u_boundary_ibuf/IBUFCTRL_INST/O
                         net (fo=1, unplaced)         0.161     0.678    clk_ibuf
                         BUFGCE (Prop_BUFGCE_I_O)     0.028     0.706 r  u_boundary_bufg/O
                         net (fo=26835, unplaced)     2.584     3.290    u_dut/u_unified_p4_kernel/clk
                         FDCE                                         r  u_dut/u_unified_p4_kernel/reserved_groups_q_reg[1]/C
  -------------------------------------------------------------------    -------------------
                         FDCE (Prop_FDCE_C_Q)         0.078     3.368 r  u_dut/u_unified_p4_kernel/reserved_groups_q_reg[1]/Q
                         net (fo=5, unplaced)         0.172     3.540    u_dut/u_unified_p4_kernel/reserved_groups_q[1]
                         LUT6 (Prop_LUT6_I0_O)        0.150     3.690 r  u_dut/u_unified_p4_kernel/input_group_fire_INST_0_i_8/O
                         net (fo=2, unplaced)         0.186     3.876    u_dut/u_unified_p4_kernel/input_group_fire_INST_0_i_8_n_0
                         LUT3 (Prop_LUT3_I0_O)        0.038     3.914 r  u_dut/u_unified_p4_kernel/input_group_fire_INST_0_i_7/O
                         net (fo=1, unplaced)         0.186     4.100    u_dut/u_unified_p4_kernel/input_group_fire_INST_0_i_7_n_0
                         LUT5 (Prop_LUT5_I2_O)        0.038     4.138 f  u_dut/u_unified_p4_kernel/input_group_fire_INST_0_i_3/O
                         net (fo=1, unplaced)         0.186     4.324    u_dut/u_unified_p4_kernel/input_group_fire_INST_0_i_3_n_0
                         LUT6 (Prop_LUT6_I3_O)        0.038     4.362 r  u_dut/u_unified_p4_kernel/input_group_fire_INST_0_i_1/O
                         net (fo=2, unplaced)         0.186     4.548    u_dut/u_unified_p4_kernel/ingress_valid_q42_in
                         LUT4 (Prop_LUT4_I3_O)        0.038     4.586 r  u_dut/u_unified_p4_kernel/input_group_fire_INST_0/O
                         net (fo=92, unplaced)        0.270     4.856    u_dut/kernel_input_group_fire
                         LUT5 (Prop_LUT5_I1_O)        0.038     4.894 r  u_dut/rd_cmd_bank_mask_q[3]_i_1/O
                         net (fo=11, unplaced)        0.221     5.115    u_dut/rd_cmd_ready
                         LUT6 (Prop_LUT6_I0_O)        0.038     5.153 r  u_dut/rd_cmd_group_q[4]_i_1/O
                         net (fo=79, unplaced)        0.220     5.373    u_dut/rd_cmd_accept
                         FDCE                                         r  u_dut/rd_cmd_addr_q_reg[1][3][5]/CE
  -------------------------------------------------------------------    -------------------

                         (clock clk rise edge)        2.000     2.000 r  
                                                      0.000     2.000 r  clk (IN)
                         net (fo=0)                   0.000     2.000    u_boundary_ibuf/I
                         INBUF (Prop_INBUF_PAD_O)     0.267     2.267 r  u_boundary_ibuf/INBUF_INST/O
                         net (fo=1, unplaced)         0.000     2.267    u_boundary_ibuf/OUT
                         IBUFCTRL (Prop_IBUFCTRL_I_O)
                                                      0.000     2.267 r  u_boundary_ibuf/IBUFCTRL_INST/O
                         net (fo=1, unplaced)         0.133     2.400    clk_ibuf
                         BUFGCE (Prop_BUFGCE_I_O)     0.024     2.424 r  u_boundary_bufg/O
                         net (fo=26835, unplaced)     2.439     4.863    u_dut/clk
                         FDCE                                         r  u_dut/rd_cmd_addr_q_reg[1][3][5]/C
                         clock pessimism              0.282     5.145    
                         clock uncertainty           -0.035     5.110    
                         FDCE (Setup_FDCE_C_CE)      -0.061     5.049    u_dut/rd_cmd_addr_q_reg[1][3][5]
  -------------------------------------------------------------------
                         required time                          5.049    
                         arrival time                          -5.373    
  -------------------------------------------------------------------
                         slack                                 -0.324    

Slack (VIOLATED) :        -0.324ns  (required time - arrival time)
  Source:                 u_dut/u_unified_p4_kernel/reserved_groups_q_reg[1]/C
                            (rising edge-triggered cell FDCE clocked by clk  {rise@0.000ns fall@1.000ns period=2.000ns})
  Destination:            u_dut/rd_cmd_addr_q_reg[1][3][6]/CE
                            (rising edge-triggered cell FDCE clocked by clk  {rise@0.000ns fall@1.000ns period=2.000ns})
  Path Group:             clk
  Path Type:              Setup (Max at Slow Process Corner)
  Requirement:            2.000ns  (clk rise@2.000ns - clk rise@0.000ns)
  Data Path Delay:        2.083ns  (logic 0.456ns (21.892%)  route 1.627ns (78.109%))
  Logic Levels:           7  (LUT3=1 LUT4=1 LUT5=2 LUT6=3)
  Clock Path Skew:        -0.145ns (DCD - SCD + CPR)
    Destination Clock Delay (DCD):    2.863ns = ( 4.863 - 2.000 ) 
    Source Clock Delay      (SCD):    3.290ns
    Clock Pessimism Removal (CPR):    0.282ns
  Clock Uncertainty:      0.035ns  ((TSJ^2 + TIJ^2)^1/2 + DJ) / 2 + PE + UU
    Total System Jitter     (TSJ):    0.071ns
    Total Input Jitter      (TIJ):    0.000ns
    Discrete Jitter          (DJ):    0.000ns
    Phase Error              (PE):    0.000ns
    User Uncertainty         (UU):    0.000ns

    Location             Delay type                Incr(ns)  Path(ns)    Netlist Resource(s)
  -------------------------------------------------------------------    -------------------
                         (clock clk rise edge)        0.000     0.000 r  
                                                      0.000     0.000 r  clk (IN)
                         net (fo=0)                   0.000     0.000    u_boundary_ibuf/I
                         INBUF (Prop_INBUF_PAD_O)     0.517     0.517 r  u_boundary_ibuf/INBUF_INST/O
                         net (fo=1, unplaced)         0.000     0.517    u_boundary_ibuf/OUT
                         IBUFCTRL (Prop_IBUFCTRL_I_O)
                                                      0.000     0.517 r  u_boundary_ibuf/IBUFCTRL_INST/O
                         net (fo=1, unplaced)         0.161     0.678    clk_ibuf
                         BUFGCE (Prop_BUFGCE_I_O)     0.028     0.706 r  u_boundary_bufg/O
                         net (fo=26835, unplaced)     2.584     3.290    u_dut/u_unified_p4_kernel/clk
                         FDCE                                         r  u_dut/u_unified_p4_kernel/reserved_groups_q_reg[1]/C
  -------------------------------------------------------------------    -------------------
                         FDCE (Prop_FDCE_C_Q)         0.078     3.368 r  u_dut/u_unified_p4_kernel/reserved_groups_q_reg[1]/Q
                         net (fo=5, unplaced)         0.172     3.540    u_dut/u_unified_p4_kernel/reserved_groups_q[1]
                         LUT6 (Prop_LUT6_I0_O)        0.150     3.690 r  u_dut/u_unified_p4_kernel/input_group_fire_INST_0_i_8/O
                         net (fo=2, unplaced)         0.186     3.876    u_dut/u_unified_p4_kernel/input_group_fire_INST_0_i_8_n_0
                         LUT3 (Prop_LUT3_I0_O)        0.038     3.914 r  u_dut/u_unified_p4_kernel/input_group_fire_INST_0_i_7/O
                         net (fo=1, unplaced)         0.186     4.100    u_dut/u_unified_p4_kernel/input_group_fire_INST_0_i_7_n_0
                         LUT5 (Prop_LUT5_I2_O)        0.038     4.138 f  u_dut/u_unified_p4_kernel/input_group_fire_INST_0_i_3/O
                         net (fo=1, unplaced)         0.186     4.324    u_dut/u_unified_p4_kernel/input_group_fire_INST_0_i_3_n_0
                         LUT6 (Prop_LUT6_I3_O)        0.038     4.362 r  u_dut/u_unified_p4_kernel/input_group_fire_INST_0_i_1/O
                         net (fo=2, unplaced)         0.186     4.548    u_dut/u_unified_p4_kernel/ingress_valid_q42_in
                         LUT4 (Prop_LUT4_I3_O)        0.038     4.586 r  u_dut/u_unified_p4_kernel/input_group_fire_INST_0/O
                         net (fo=92, unplaced)        0.270     4.856    u_dut/kernel_input_group_fire
                         LUT5 (Prop_LUT5_I1_O)        0.038     4.894 r  u_dut/rd_cmd_bank_mask_q[3]_i_1/O
                         net (fo=11, unplaced)        0.221     5.115    u_dut/rd_cmd_ready
                         LUT6 (Prop_LUT6_I0_O)        0.038     5.153 r  u_dut/rd_cmd_group_q[4]_i_1/O
                         net (fo=79, unplaced)        0.220     5.373    u_dut/rd_cmd_accept
                         FDCE                                         r  u_dut/rd_cmd_addr_q_reg[1][3][6]/CE
  -------------------------------------------------------------------    -------------------

                         (clock clk rise edge)        2.000     2.000 r  
                                                      0.000     2.000 r  clk (IN)
                         net (fo=0)                   0.000     2.000    u_boundary_ibuf/I
                         INBUF (Prop_INBUF_PAD_O)     0.267     2.267 r  u_boundary_ibuf/INBUF_INST/O
                         net (fo=1, unplaced)         0.000     2.267    u_boundary_ibuf/OUT
                         IBUFCTRL (Prop_IBUFCTRL_I_O)
                                                      0.000     2.267 r  u_boundary_ibuf/IBUFCTRL_INST/O
                         net (fo=1, unplaced)         0.133     2.400    clk_ibuf
                         BUFGCE (Prop_BUFGCE_I_O)     0.024     2.424 r  u_boundary_bufg/O
                         net (fo=26835, unplaced)     2.439     4.863    u_dut/clk
                         FDCE                                         r  u_dut/rd_cmd_addr_q_reg[1][3][6]/C
                         clock pessimism              0.282     5.145    
                         clock uncertainty           -0.035     5.110    
                         FDCE (Setup_FDCE_C_CE)      -0.061     5.049    u_dut/rd_cmd_addr_q_reg[1][3][6]
  -------------------------------------------------------------------
                         required time                          5.049    
                         arrival time                          -5.373    
  -------------------------------------------------------------------
                         slack                                 -0.324    

Slack (VIOLATED) :        -0.324ns  (required time - arrival time)
  Source:                 u_dut/u_unified_p4_kernel/reserved_groups_q_reg[1]/C
                            (rising edge-triggered cell FDCE clocked by clk  {rise@0.000ns fall@1.000ns period=2.000ns})
  Destination:            u_dut/rd_cmd_addr_q_reg[1][3][7]/CE
                            (rising edge-triggered cell FDCE clocked by clk  {rise@0.000ns fall@1.000ns period=2.000ns})
  Path Group:             clk
  Path Type:              Setup (Max at Slow Process Corner)
  Requirement:            2.000ns  (clk rise@2.000ns - clk rise@0.000ns)
  Data Path Delay:        2.083ns  (logic 0.456ns (21.892%)  route 1.627ns (78.109%))
  Logic Levels:           7  (LUT3=1 LUT4=1 LUT5=2 LUT6=3)
  Clock Path Skew:        -0.145ns (DCD - SCD + CPR)
    Destination Clock Delay (DCD):    2.863ns = ( 4.863 - 2.000 ) 
    Source Clock Delay      (SCD):    3.290ns
    Clock Pessimism Removal (CPR):    0.282ns
  Clock Uncertainty:      0.035ns  ((TSJ^2 + TIJ^2)^1/2 + DJ) / 2 + PE + UU
    Total System Jitter     (TSJ):    0.071ns
    Total Input Jitter      (TIJ):    0.000ns
    Discrete Jitter          (DJ):    0.000ns
    Phase Error              (PE):    0.000ns
    User Uncertainty         (UU):    0.000ns

    Location             Delay type                Incr(ns)  Path(ns)    Netlist Resource(s)
  -------------------------------------------------------------------    -------------------
                         (clock clk rise edge)        0.000     0.000 r  
                                                      0.000     0.000 r  clk (IN)
                         net (fo=0)                   0.000     0.000    u_boundary_ibuf/I
                         INBUF (Prop_INBUF_PAD_O)     0.517     0.517 r  u_boundary_ibuf/INBUF_INST/O
                         net (fo=1, unplaced)         0.000     0.517    u_boundary_ibuf/OUT
                         IBUFCTRL (Prop_IBUFCTRL_I_O)
                                                      0.000     0.517 r  u_boundary_ibuf/IBUFCTRL_INST/O
                         net (fo=1, unplaced)         0.161     0.678    clk_ibuf
                         BUFGCE (Prop_BUFGCE_I_O)     0.028     0.706 r  u_boundary_bufg/O
                         net (fo=26835, unplaced)     2.584     3.290    u_dut/u_unified_p4_kernel/clk
                         FDCE                                         r  u_dut/u_unified_p4_kernel/reserved_groups_q_reg[1]/C
  -------------------------------------------------------------------    -------------------
                         FDCE (Prop_FDCE_C_Q)         0.078     3.368 r  u_dut/u_unified_p4_kernel/reserved_groups_q_reg[1]/Q
                         net (fo=5, unplaced)         0.172     3.540    u_dut/u_unified_p4_kernel/reserved_groups_q[1]
                         LUT6 (Prop_LUT6_I0_O)        0.150     3.690 r  u_dut/u_unified_p4_kernel/input_group_fire_INST_0_i_8/O
                         net (fo=2, unplaced)         0.186     3.876    u_dut/u_unified_p4_kernel/input_group_fire_INST_0_i_8_n_0
                         LUT3 (Prop_LUT3_I0_O)        0.038     3.914 r  u_dut/u_unified_p4_kernel/input_group_fire_INST_0_i_7/O
                         net (fo=1, unplaced)         0.186     4.100    u_dut/u_unified_p4_kernel/input_group_fire_INST_0_i_7_n_0
                         LUT5 (Prop_LUT5_I2_O)        0.038     4.138 f  u_dut/u_unified_p4_kernel/input_group_fire_INST_0_i_3/O
                         net (fo=1, unplaced)         0.186     4.324    u_dut/u_unified_p4_kernel/input_group_fire_INST_0_i_3_n_0
                         LUT6 (Prop_LUT6_I3_O)        0.038     4.362 r  u_dut/u_unified_p4_kernel/input_group_fire_INST_0_i_1/O
                         net (fo=2, unplaced)         0.186     4.548    u_dut/u_unified_p4_kernel/ingress_valid_q42_in
                         LUT4 (Prop_LUT4_I3_O)        0.038     4.586 r  u_dut/u_unified_p4_kernel/input_group_fire_INST_0/O
                         net (fo=92, unplaced)        0.270     4.856    u_dut/kernel_input_group_fire
                         LUT5 (Prop_LUT5_I1_O)        0.038     4.894 r  u_dut/rd_cmd_bank_mask_q[3]_i_1/O
                         net (fo=11, unplaced)        0.221     5.115    u_dut/rd_cmd_ready
                         LUT6 (Prop_LUT6_I0_O)        0.038     5.153 r  u_dut/rd_cmd_group_q[4]_i_1/O
                         net (fo=79, unplaced)        0.220     5.373    u_dut/rd_cmd_accept
                         FDCE                                         r  u_dut/rd_cmd_addr_q_reg[1][3][7]/CE
  -------------------------------------------------------------------    -------------------

                         (clock clk rise edge)        2.000     2.000 r  
                                                      0.000     2.000 r  clk (IN)
                         net (fo=0)                   0.000     2.000    u_boundary_ibuf/I
                         INBUF (Prop_INBUF_PAD_O)     0.267     2.267 r  u_boundary_ibuf/INBUF_INST/O
                         net (fo=1, unplaced)         0.000     2.267    u_boundary_ibuf/OUT
                         IBUFCTRL (Prop_IBUFCTRL_I_O)
                                                      0.000     2.267 r  u_boundary_ibuf/IBUFCTRL_INST/O
                         net (fo=1, unplaced)         0.133     2.400    clk_ibuf
                         BUFGCE (Prop_BUFGCE_I_O)     0.024     2.424 r  u_boundary_bufg/O
                         net (fo=26835, unplaced)     2.439     4.863    u_dut/clk
                         FDCE                                         r  u_dut/rd_cmd_addr_q_reg[1][3][7]/C
                         clock pessimism              0.282     5.145    
                         clock uncertainty           -0.035     5.110    
                         FDCE (Setup_FDCE_C_CE)      -0.061     5.049    u_dut/rd_cmd_addr_q_reg[1][3][7]
  -------------------------------------------------------------------
                         required time                          5.049    
                         arrival time                          -5.373    
  -------------------------------------------------------------------
                         slack                                 -0.324    

Slack (VIOLATED) :        -0.324ns  (required time - arrival time)
  Source:                 u_dut/u_unified_p4_kernel/reserved_groups_q_reg[1]/C
                            (rising edge-triggered cell FDCE clocked by clk  {rise@0.000ns fall@1.000ns period=2.000ns})
  Destination:            u_dut/rd_cmd_addr_q_reg[1][3][8]/CE
                            (rising edge-triggered cell FDCE clocked by clk  {rise@0.000ns fall@1.000ns period=2.000ns})
  Path Group:             clk
  Path Type:              Setup (Max at Slow Process Corner)
  Requirement:            2.000ns  (clk rise@2.000ns - clk rise@0.000ns)
  Data Path Delay:        2.083ns  (logic 0.456ns (21.892%)  route 1.627ns (78.109%))
  Logic Levels:           7  (LUT3=1 LUT4=1 LUT5=2 LUT6=3)
  Clock Path Skew:        -0.145ns (DCD - SCD + CPR)
    Destination Clock Delay (DCD):    2.863ns = ( 4.863 - 2.000 ) 
    Source Clock Delay      (SCD):    3.290ns
    Clock Pessimism Removal (CPR):    0.282ns
  Clock Uncertainty:      0.035ns  ((TSJ^2 + TIJ^2)^1/2 + DJ) / 2 + PE + UU
    Total System Jitter     (TSJ):    0.071ns
    Total Input Jitter      (TIJ):    0.000ns
    Discrete Jitter          (DJ):    0.000ns
    Phase Error              (PE):    0.000ns
    User Uncertainty         (UU):    0.000ns

    Location             Delay type                Incr(ns)  Path(ns)    Netlist Resource(s)
  -------------------------------------------------------------------    -------------------
                         (clock clk rise edge)        0.000     0.000 r  
                                                      0.000     0.000 r  clk (IN)
                         net (fo=0)                   0.000     0.000    u_boundary_ibuf/I
                         INBUF (Prop_INBUF_PAD_O)     0.517     0.517 r  u_boundary_ibuf/INBUF_INST/O
                         net (fo=1, unplaced)         0.000     0.517    u_boundary_ibuf/OUT
                         IBUFCTRL (Prop_IBUFCTRL_I_O)
                                                      0.000     0.517 r  u_boundary_ibuf/IBUFCTRL_INST/O
                         net (fo=1, unplaced)         0.161     0.678    clk_ibuf
                         BUFGCE (Prop_BUFGCE_I_O)     0.028     0.706 r  u_boundary_bufg/O
                         net (fo=26835, unplaced)     2.584     3.290    u_dut/u_unified_p4_kernel/clk
                         FDCE                                         r  u_dut/u_unified_p4_kernel/reserved_groups_q_reg[1]/C
  -------------------------------------------------------------------    -------------------
                         FDCE (Prop_FDCE_C_Q)         0.078     3.368 r  u_dut/u_unified_p4_kernel/reserved_groups_q_reg[1]/Q
                         net (fo=5, unplaced)         0.172     3.540    u_dut/u_unified_p4_kernel/reserved_groups_q[1]
                         LUT6 (Prop_LUT6_I0_O)        0.150     3.690 r  u_dut/u_unified_p4_kernel/input_group_fire_INST_0_i_8/O
                         net (fo=2, unplaced)         0.186     3.876    u_dut/u_unified_p4_kernel/input_group_fire_INST_0_i_8_n_0
                         LUT3 (Prop_LUT3_I0_O)        0.038     3.914 r  u_dut/u_unified_p4_kernel/input_group_fire_INST_0_i_7/O
                         net (fo=1, unplaced)         0.186     4.100    u_dut/u_unified_p4_kernel/input_group_fire_INST_0_i_7_n_0
                         LUT5 (Prop_LUT5_I2_O)        0.038     4.138 f  u_dut/u_unified_p4_kernel/input_group_fire_INST_0_i_3/O
                         net (fo=1, unplaced)         0.186     4.324    u_dut/u_unified_p4_kernel/input_group_fire_INST_0_i_3_n_0
                         LUT6 (Prop_LUT6_I3_O)        0.038     4.362 r  u_dut/u_unified_p4_kernel/input_group_fire_INST_0_i_1/O
                         net (fo=2, unplaced)         0.186     4.548    u_dut/u_unified_p4_kernel/ingress_valid_q42_in
                         LUT4 (Prop_LUT4_I3_O)        0.038     4.586 r  u_dut/u_unified_p4_kernel/input_group_fire_INST_0/O
                         net (fo=92, unplaced)        0.270     4.856    u_dut/kernel_input_group_fire
                         LUT5 (Prop_LUT5_I1_O)        0.038     4.894 r  u_dut/rd_cmd_bank_mask_q[3]_i_1/O
                         net (fo=11, unplaced)        0.221     5.115    u_dut/rd_cmd_ready
                         LUT6 (Prop_LUT6_I0_O)        0.038     5.153 r  u_dut/rd_cmd_group_q[4]_i_1/O
                         net (fo=79, unplaced)        0.220     5.373    u_dut/rd_cmd_accept
                         FDCE                                         r  u_dut/rd_cmd_addr_q_reg[1][3][8]/CE
  -------------------------------------------------------------------    -------------------

                         (clock clk rise edge)        2.000     2.000 r  
                                                      0.000     2.000 r  clk (IN)
                         net (fo=0)                   0.000     2.000    u_boundary_ibuf/I
                         INBUF (Prop_INBUF_PAD_O)     0.267     2.267 r  u_boundary_ibuf/INBUF_INST/O
                         net (fo=1, unplaced)         0.000     2.267    u_boundary_ibuf/OUT
                         IBUFCTRL (Prop_IBUFCTRL_I_O)
                                                      0.000     2.267 r  u_boundary_ibuf/IBUFCTRL_INST/O
                         net (fo=1, unplaced)         0.133     2.400    clk_ibuf
                         BUFGCE (Prop_BUFGCE_I_O)     0.024     2.424 r  u_boundary_bufg/O
                         net (fo=26835, unplaced)     2.439     4.863    u_dut/clk
                         FDCE                                         r  u_dut/rd_cmd_addr_q_reg[1][3][8]/C
                         clock pessimism              0.282     5.145    
                         clock uncertainty           -0.035     5.110    
                         FDCE (Setup_FDCE_C_CE)      -0.061     5.049    u_dut/rd_cmd_addr_q_reg[1][3][8]
  -------------------------------------------------------------------
                         required time                          5.049    
                         arrival time                          -5.373    
  -------------------------------------------------------------------
                         slack                                 -0.324    

Slack (VIOLATED) :        -0.324ns  (required time - arrival time)
  Source:                 u_dut/u_unified_p4_kernel/reserved_groups_q_reg[1]/C
                            (rising edge-triggered cell FDCE clocked by clk  {rise@0.000ns fall@1.000ns period=2.000ns})
  Destination:            u_dut/rd_cmd_addr_q_reg[1][3][9]/CE
                            (rising edge-triggered cell FDCE clocked by clk  {rise@0.000ns fall@1.000ns period=2.000ns})
  Path Group:             clk
  Path Type:              Setup (Max at Slow Process Corner)
  Requirement:            2.000ns  (clk rise@2.000ns - clk rise@0.000ns)
  Data Path Delay:        2.083ns  (logic 0.456ns (21.892%)  route 1.627ns (78.109%))
  Logic Levels:           7  (LUT3=1 LUT4=1 LUT5=2 LUT6=3)
  Clock Path Skew:        -0.145ns (DCD - SCD + CPR)
    Destination Clock Delay (DCD):    2.863ns = ( 4.863 - 2.000 ) 
    Source Clock Delay      (SCD):    3.290ns
    Clock Pessimism Removal (CPR):    0.282ns
  Clock Uncertainty:      0.035ns  ((TSJ^2 + TIJ^2)^1/2 + DJ) / 2 + PE + UU
    Total System Jitter     (TSJ):    0.071ns
    Total Input Jitter      (TIJ):    0.000ns
    Discrete Jitter          (DJ):    0.000ns
    Phase Error              (PE):    0.000ns
    User Uncertainty         (UU):    0.000ns

    Location             Delay type                Incr(ns)  Path(ns)    Netlist Resource(s)
  -------------------------------------------------------------------    -------------------
                         (clock clk rise edge)        0.000     0.000 r  
                                                      0.000     0.000 r  clk (IN)
                         net (fo=0)                   0.000     0.000    u_boundary_ibuf/I
                         INBUF (Prop_INBUF_PAD_O)     0.517     0.517 r  u_boundary_ibuf/INBUF_INST/O
                         net (fo=1, unplaced)         0.000     0.517    u_boundary_ibuf/OUT
                         IBUFCTRL (Prop_IBUFCTRL_I_O)
                                                      0.000     0.517 r  u_boundary_ibuf/IBUFCTRL_INST/O
                         net (fo=1, unplaced)         0.161     0.678    clk_ibuf
                         BUFGCE (Prop_BUFGCE_I_O)     0.028     0.706 r  u_boundary_bufg/O
                         net (fo=26835, unplaced)     2.584     3.290    u_dut/u_unified_p4_kernel/clk
                         FDCE                                         r  u_dut/u_unified_p4_kernel/reserved_groups_q_reg[1]/C
  -------------------------------------------------------------------    -------------------
                         FDCE (Prop_FDCE_C_Q)         0.078     3.368 r  u_dut/u_unified_p4_kernel/reserved_groups_q_reg[1]/Q
                         net (fo=5, unplaced)         0.172     3.540    u_dut/u_unified_p4_kernel/reserved_groups_q[1]
                         LUT6 (Prop_LUT6_I0_O)        0.150     3.690 r  u_dut/u_unified_p4_kernel/input_group_fire_INST_0_i_8/O
                         net (fo=2, unplaced)         0.186     3.876    u_dut/u_unified_p4_kernel/input_group_fire_INST_0_i_8_n_0
                         LUT3 (Prop_LUT3_I0_O)        0.038     3.914 r  u_dut/u_unified_p4_kernel/input_group_fire_INST_0_i_7/O
                         net (fo=1, unplaced)         0.186     4.100    u_dut/u_unified_p4_kernel/input_group_fire_INST_0_i_7_n_0
                         LUT5 (Prop_LUT5_I2_O)        0.038     4.138 f  u_dut/u_unified_p4_kernel/input_group_fire_INST_0_i_3/O
                         net (fo=1, unplaced)         0.186     4.324    u_dut/u_unified_p4_kernel/input_group_fire_INST_0_i_3_n_0
                         LUT6 (Prop_LUT6_I3_O)        0.038     4.362 r  u_dut/u_unified_p4_kernel/input_group_fire_INST_0_i_1/O
                         net (fo=2, unplaced)         0.186     4.548    u_dut/u_unified_p4_kernel/ingress_valid_q42_in
                         LUT4 (Prop_LUT4_I3_O)        0.038     4.586 r  u_dut/u_unified_p4_kernel/input_group_fire_INST_0/O
                         net (fo=92, unplaced)        0.270     4.856    u_dut/kernel_input_group_fire
                         LUT5 (Prop_LUT5_I1_O)        0.038     4.894 r  u_dut/rd_cmd_bank_mask_q[3]_i_1/O
                         net (fo=11, unplaced)        0.221     5.115    u_dut/rd_cmd_ready
                         LUT6 (Prop_LUT6_I0_O)        0.038     5.153 r  u_dut/rd_cmd_group_q[4]_i_1/O
                         net (fo=79, unplaced)        0.220     5.373    u_dut/rd_cmd_accept
                         FDCE                                         r  u_dut/rd_cmd_addr_q_reg[1][3][9]/CE
  -------------------------------------------------------------------    -------------------

                         (clock clk rise edge)        2.000     2.000 r  
                                                      0.000     2.000 r  clk (IN)
                         net (fo=0)                   0.000     2.000    u_boundary_ibuf/I
                         INBUF (Prop_INBUF_PAD_O)     0.267     2.267 r  u_boundary_ibuf/INBUF_INST/O
                         net (fo=1, unplaced)         0.000     2.267    u_boundary_ibuf/OUT
                         IBUFCTRL (Prop_IBUFCTRL_I_O)
                                                      0.000     2.267 r  u_boundary_ibuf/IBUFCTRL_INST/O
                         net (fo=1, unplaced)         0.133     2.400    clk_ibuf
                         BUFGCE (Prop_BUFGCE_I_O)     0.024     2.424 r  u_boundary_bufg/O
                         net (fo=26835, unplaced)     2.439     4.863    u_dut/clk
                         FDCE                                         r  u_dut/rd_cmd_addr_q_reg[1][3][9]/C
                         clock pessimism              0.282     5.145    
                         clock uncertainty           -0.035     5.110    
                         FDCE (Setup_FDCE_C_CE)      -0.061     5.049    u_dut/rd_cmd_addr_q_reg[1][3][9]
  -------------------------------------------------------------------
                         required time                          5.049    
                         arrival time                          -5.373    
  -------------------------------------------------------------------
                         slack                                 -0.324    

Slack (VIOLATED) :        -0.324ns  (required time - arrival time)
  Source:                 u_dut/u_unified_p4_kernel/reserved_groups_q_reg[1]/C
                            (rising edge-triggered cell FDCE clocked by clk  {rise@0.000ns fall@1.000ns period=2.000ns})
  Destination:            u_dut/rd_cmd_group_q_reg[0]/CE
                            (rising edge-triggered cell FDCE clocked by clk  {rise@0.000ns fall@1.000ns period=2.000ns})
  Path Group:             clk
  Path Type:              Setup (Max at Slow Process Corner)
  Requirement:            2.000ns  (clk rise@2.000ns - clk rise@0.000ns)
  Data Path Delay:        2.083ns  (logic 0.456ns (21.892%)  route 1.627ns (78.109%))
  Logic Levels:           7  (LUT3=1 LUT4=1 LUT5=2 LUT6=3)
  Clock Path Skew:        -0.145ns (DCD - SCD + CPR)
    Destination Clock Delay (DCD):    2.863ns = ( 4.863 - 2.000 ) 
    Source Clock Delay      (SCD):    3.290ns
    Clock Pessimism Removal (CPR):    0.282ns
  Clock Uncertainty:      0.035ns  ((TSJ^2 + TIJ^2)^1/2 + DJ) / 2 + PE + UU
    Total System Jitter     (TSJ):    0.071ns
    Total Input Jitter      (TIJ):    0.000ns
    Discrete Jitter          (DJ):    0.000ns
    Phase Error              (PE):    0.000ns
    User Uncertainty         (UU):    0.000ns

    Location             Delay type                Incr(ns)  Path(ns)    Netlist Resource(s)
  -------------------------------------------------------------------    -------------------
                         (clock clk rise edge)        0.000     0.000 r  
                                                      0.000     0.000 r  clk (IN)
                         net (fo=0)                   0.000     0.000    u_boundary_ibuf/I
                         INBUF (Prop_INBUF_PAD_O)     0.517     0.517 r  u_boundary_ibuf/INBUF_INST/O
                         net (fo=1, unplaced)         0.000     0.517    u_boundary_ibuf/OUT
                         IBUFCTRL (Prop_IBUFCTRL_I_O)
                                                      0.000     0.517 r  u_boundary_ibuf/IBUFCTRL_INST/O
                         net (fo=1, unplaced)         0.161     0.678    clk_ibuf
                         BUFGCE (Prop_BUFGCE_I_O)     0.028     0.706 r  u_boundary_bufg/O
                         net (fo=26835, unplaced)     2.584     3.290    u_dut/u_unified_p4_kernel/clk
                         FDCE                                         r  u_dut/u_unified_p4_kernel/reserved_groups_q_reg[1]/C
  -------------------------------------------------------------------    -------------------
                         FDCE (Prop_FDCE_C_Q)         0.078     3.368 r  u_dut/u_unified_p4_kernel/reserved_groups_q_reg[1]/Q
                         net (fo=5, unplaced)         0.172     3.540    u_dut/u_unified_p4_kernel/reserved_groups_q[1]
                         LUT6 (Prop_LUT6_I0_O)        0.150     3.690 r  u_dut/u_unified_p4_kernel/input_group_fire_INST_0_i_8/O
                         net (fo=2, unplaced)         0.186     3.876    u_dut/u_unified_p4_kernel/input_group_fire_INST_0_i_8_n_0
                         LUT3 (Prop_LUT3_I0_O)        0.038     3.914 r  u_dut/u_unified_p4_kernel/input_group_fire_INST_0_i_7/O
                         net (fo=1, unplaced)         0.186     4.100    u_dut/u_unified_p4_kernel/input_group_fire_INST_0_i_7_n_0
                         LUT5 (Prop_LUT5_I2_O)        0.038     4.138 f  u_dut/u_unified_p4_kernel/input_group_fire_INST_0_i_3/O
                         net (fo=1, unplaced)         0.186     4.324    u_dut/u_unified_p4_kernel/input_group_fire_INST_0_i_3_n_0
                         LUT6 (Prop_LUT6_I3_O)        0.038     4.362 r  u_dut/u_unified_p4_kernel/input_group_fire_INST_0_i_1/O
                         net (fo=2, unplaced)         0.186     4.548    u_dut/u_unified_p4_kernel/ingress_valid_q42_in
                         LUT4 (Prop_LUT4_I3_O)        0.038     4.586 r  u_dut/u_unified_p4_kernel/input_group_fire_INST_0/O
                         net (fo=92, unplaced)        0.270     4.856    u_dut/kernel_input_group_fire
                         LUT5 (Prop_LUT5_I1_O)        0.038     4.894 r  u_dut/rd_cmd_bank_mask_q[3]_i_1/O
                         net (fo=11, unplaced)        0.221     5.115    u_dut/rd_cmd_ready
                         LUT6 (Prop_LUT6_I0_O)        0.038     5.153 r  u_dut/rd_cmd_group_q[4]_i_1/O
                         net (fo=79, unplaced)        0.220     5.373    u_dut/rd_cmd_accept
                         FDCE                                         r  u_dut/rd_cmd_group_q_reg[0]/CE
  -------------------------------------------------------------------    -------------------

                         (clock clk rise edge)        2.000     2.000 r  
                                                      0.000     2.000 r  clk (IN)
                         net (fo=0)                   0.000     2.000    u_boundary_ibuf/I
                         INBUF (Prop_INBUF_PAD_O)     0.267     2.267 r  u_boundary_ibuf/INBUF_INST/O
                         net (fo=1, unplaced)         0.000     2.267    u_boundary_ibuf/OUT
                         IBUFCTRL (Prop_IBUFCTRL_I_O)
                                                      0.000     2.267 r  u_boundary_ibuf/IBUFCTRL_INST/O
                         net (fo=1, unplaced)         0.133     2.400    clk_ibuf
                         BUFGCE (Prop_BUFGCE_I_O)     0.024     2.424 r  u_boundary_bufg/O
                         net (fo=26835, unplaced)     2.439     4.863    u_dut/clk
                         FDCE                                         r  u_dut/rd_cmd_group_q_reg[0]/C
                         clock pessimism              0.282     5.145    
                         clock uncertainty           -0.035     5.110    
                         FDCE (Setup_FDCE_C_CE)      -0.061     5.049    u_dut/rd_cmd_group_q_reg[0]
  -------------------------------------------------------------------
                         required time                          5.049    
                         arrival time                          -5.373    
  -------------------------------------------------------------------
                         slack                                 -0.324    

Slack (VIOLATED) :        -0.324ns  (required time - arrival time)
  Source:                 u_dut/u_unified_p4_kernel/reserved_groups_q_reg[1]/C
                            (rising edge-triggered cell FDCE clocked by clk  {rise@0.000ns fall@1.000ns period=2.000ns})
  Destination:            u_dut/rd_cmd_group_q_reg[1]/CE
                            (rising edge-triggered cell FDCE clocked by clk  {rise@0.000ns fall@1.000ns period=2.000ns})
  Path Group:             clk
  Path Type:              Setup (Max at Slow Process Corner)
  Requirement:            2.000ns  (clk rise@2.000ns - clk rise@0.000ns)
  Data Path Delay:        2.083ns  (logic 0.456ns (21.892%)  route 1.627ns (78.109%))
  Logic Levels:           7  (LUT3=1 LUT4=1 LUT5=2 LUT6=3)
  Clock Path Skew:        -0.145ns (DCD - SCD + CPR)
    Destination Clock Delay (DCD):    2.863ns = ( 4.863 - 2.000 ) 
    Source Clock Delay      (SCD):    3.290ns
    Clock Pessimism Removal (CPR):    0.282ns
  Clock Uncertainty:      0.035ns  ((TSJ^2 + TIJ^2)^1/2 + DJ) / 2 + PE + UU
    Total System Jitter     (TSJ):    0.071ns
    Total Input Jitter      (TIJ):    0.000ns
    Discrete Jitter          (DJ):    0.000ns
    Phase Error              (PE):    0.000ns
    User Uncertainty         (UU):    0.000ns

    Location             Delay type                Incr(ns)  Path(ns)    Netlist Resource(s)
  -------------------------------------------------------------------    -------------------
                         (clock clk rise edge)        0.000     0.000 r  
                                                      0.000     0.000 r  clk (IN)
                         net (fo=0)                   0.000     0.000    u_boundary_ibuf/I
                         INBUF (Prop_INBUF_PAD_O)     0.517     0.517 r  u_boundary_ibuf/INBUF_INST/O
                         net (fo=1, unplaced)         0.000     0.517    u_boundary_ibuf/OUT
                         IBUFCTRL (Prop_IBUFCTRL_I_O)
                                                      0.000     0.517 r  u_boundary_ibuf/IBUFCTRL_INST/O
                         net (fo=1, unplaced)         0.161     0.678    clk_ibuf
                         BUFGCE (Prop_BUFGCE_I_O)     0.028     0.706 r  u_boundary_bufg/O
                         net (fo=26835, unplaced)     2.584     3.290    u_dut/u_unified_p4_kernel/clk
                         FDCE                                         r  u_dut/u_unified_p4_kernel/reserved_groups_q_reg[1]/C
  -------------------------------------------------------------------    -------------------
                         FDCE (Prop_FDCE_C_Q)         0.078     3.368 r  u_dut/u_unified_p4_kernel/reserved_groups_q_reg[1]/Q
                         net (fo=5, unplaced)         0.172     3.540    u_dut/u_unified_p4_kernel/reserved_groups_q[1]
                         LUT6 (Prop_LUT6_I0_O)        0.150     3.690 r  u_dut/u_unified_p4_kernel/input_group_fire_INST_0_i_8/O
                         net (fo=2, unplaced)         0.186     3.876    u_dut/u_unified_p4_kernel/input_group_fire_INST_0_i_8_n_0
                         LUT3 (Prop_LUT3_I0_O)        0.038     3.914 r  u_dut/u_unified_p4_kernel/input_group_fire_INST_0_i_7/O
                         net (fo=1, unplaced)         0.186     4.100    u_dut/u_unified_p4_kernel/input_group_fire_INST_0_i_7_n_0
                         LUT5 (Prop_LUT5_I2_O)        0.038     4.138 f  u_dut/u_unified_p4_kernel/input_group_fire_INST_0_i_3/O
                         net (fo=1, unplaced)         0.186     4.324    u_dut/u_unified_p4_kernel/input_group_fire_INST_0_i_3_n_0
                         LUT6 (Prop_LUT6_I3_O)        0.038     4.362 r  u_dut/u_unified_p4_kernel/input_group_fire_INST_0_i_1/O
                         net (fo=2, unplaced)         0.186     4.548    u_dut/u_unified_p4_kernel/ingress_valid_q42_in
                         LUT4 (Prop_LUT4_I3_O)        0.038     4.586 r  u_dut/u_unified_p4_kernel/input_group_fire_INST_0/O
                         net (fo=92, unplaced)        0.270     4.856    u_dut/kernel_input_group_fire
                         LUT5 (Prop_LUT5_I1_O)        0.038     4.894 r  u_dut/rd_cmd_bank_mask_q[3]_i_1/O
                         net (fo=11, unplaced)        0.221     5.115    u_dut/rd_cmd_ready
                         LUT6 (Prop_LUT6_I0_O)        0.038     5.153 r  u_dut/rd_cmd_group_q[4]_i_1/O
                         net (fo=79, unplaced)        0.220     5.373    u_dut/rd_cmd_accept
                         FDCE                                         r  u_dut/rd_cmd_group_q_reg[1]/CE
  -------------------------------------------------------------------    -------------------

                         (clock clk rise edge)        2.000     2.000 r  
                                                      0.000     2.000 r  clk (IN)
                         net (fo=0)                   0.000     2.000    u_boundary_ibuf/I
                         INBUF (Prop_INBUF_PAD_O)     0.267     2.267 r  u_boundary_ibuf/INBUF_INST/O
                         net (fo=1, unplaced)         0.000     2.267    u_boundary_ibuf/OUT
                         IBUFCTRL (Prop_IBUFCTRL_I_O)
                                                      0.000     2.267 r  u_boundary_ibuf/IBUFCTRL_INST/O
                         net (fo=1, unplaced)         0.133     2.400    clk_ibuf
                         BUFGCE (Prop_BUFGCE_I_O)     0.024     2.424 r  u_boundary_bufg/O
                         net (fo=26835, unplaced)     2.439     4.863    u_dut/clk
                         FDCE                                         r  u_dut/rd_cmd_group_q_reg[1]/C
                         clock pessimism              0.282     5.145    
                         clock uncertainty           -0.035     5.110    
                         FDCE (Setup_FDCE_C_CE)      -0.061     5.049    u_dut/rd_cmd_group_q_reg[1]
  -------------------------------------------------------------------
                         required time                          5.049    
                         arrival time                          -5.373    
  -------------------------------------------------------------------
                         slack                                 -0.324    

Slack (VIOLATED) :        -0.324ns  (required time - arrival time)
  Source:                 u_dut/u_unified_p4_kernel/reserved_groups_q_reg[1]/C
                            (rising edge-triggered cell FDCE clocked by clk  {rise@0.000ns fall@1.000ns period=2.000ns})
  Destination:            u_dut/rd_cmd_group_q_reg[2]/CE
                            (rising edge-triggered cell FDCE clocked by clk  {rise@0.000ns fall@1.000ns period=2.000ns})
  Path Group:             clk
  Path Type:              Setup (Max at Slow Process Corner)
  Requirement:            2.000ns  (clk rise@2.000ns - clk rise@0.000ns)
  Data Path Delay:        2.083ns  (logic 0.456ns (21.892%)  route 1.627ns (78.109%))
  Logic Levels:           7  (LUT3=1 LUT4=1 LUT5=2 LUT6=3)
  Clock Path Skew:        -0.145ns (DCD - SCD + CPR)
    Destination Clock Delay (DCD):    2.863ns = ( 4.863 - 2.000 ) 
    Source Clock Delay      (SCD):    3.290ns
    Clock Pessimism Removal (CPR):    0.282ns
  Clock Uncertainty:      0.035ns  ((TSJ^2 + TIJ^2)^1/2 + DJ) / 2 + PE + UU
    Total System Jitter     (TSJ):    0.071ns
    Total Input Jitter      (TIJ):    0.000ns
    Discrete Jitter          (DJ):    0.000ns
    Phase Error              (PE):    0.000ns
    User Uncertainty         (UU):    0.000ns

    Location             Delay type                Incr(ns)  Path(ns)    Netlist Resource(s)
  -------------------------------------------------------------------    -------------------
                         (clock clk rise edge)        0.000     0.000 r  
                                                      0.000     0.000 r  clk (IN)
                         net (fo=0)                   0.000     0.000    u_boundary_ibuf/I
                         INBUF (Prop_INBUF_PAD_O)     0.517     0.517 r  u_boundary_ibuf/INBUF_INST/O
                         net (fo=1, unplaced)         0.000     0.517    u_boundary_ibuf/OUT
                         IBUFCTRL (Prop_IBUFCTRL_I_O)
                                                      0.000     0.517 r  u_boundary_ibuf/IBUFCTRL_INST/O
                         net (fo=1, unplaced)         0.161     0.678    clk_ibuf
                         BUFGCE (Prop_BUFGCE_I_O)     0.028     0.706 r  u_boundary_bufg/O
                         net (fo=26835, unplaced)     2.584     3.290    u_dut/u_unified_p4_kernel/clk
                         FDCE                                         r  u_dut/u_unified_p4_kernel/reserved_groups_q_reg[1]/C
  -------------------------------------------------------------------    -------------------
                         FDCE (Prop_FDCE_C_Q)         0.078     3.368 r  u_dut/u_unified_p4_kernel/reserved_groups_q_reg[1]/Q
                         net (fo=5, unplaced)         0.172     3.540    u_dut/u_unified_p4_kernel/reserved_groups_q[1]
                         LUT6 (Prop_LUT6_I0_O)        0.150     3.690 r  u_dut/u_unified_p4_kernel/input_group_fire_INST_0_i_8/O
                         net (fo=2, unplaced)         0.186     3.876    u_dut/u_unified_p4_kernel/input_group_fire_INST_0_i_8_n_0
                         LUT3 (Prop_LUT3_I0_O)        0.038     3.914 r  u_dut/u_unified_p4_kernel/input_group_fire_INST_0_i_7/O
                         net (fo=1, unplaced)         0.186     4.100    u_dut/u_unified_p4_kernel/input_group_fire_INST_0_i_7_n_0
                         LUT5 (Prop_LUT5_I2_O)        0.038     4.138 f  u_dut/u_unified_p4_kernel/input_group_fire_INST_0_i_3/O
                         net (fo=1, unplaced)         0.186     4.324    u_dut/u_unified_p4_kernel/input_group_fire_INST_0_i_3_n_0
                         LUT6 (Prop_LUT6_I3_O)        0.038     4.362 r  u_dut/u_unified_p4_kernel/input_group_fire_INST_0_i_1/O
                         net (fo=2, unplaced)         0.186     4.548    u_dut/u_unified_p4_kernel/ingress_valid_q42_in
                         LUT4 (Prop_LUT4_I3_O)        0.038     4.586 r  u_dut/u_unified_p4_kernel/input_group_fire_INST_0/O
                         net (fo=92, unplaced)        0.270     4.856    u_dut/kernel_input_group_fire
                         LUT5 (Prop_LUT5_I1_O)        0.038     4.894 r  u_dut/rd_cmd_bank_mask_q[3]_i_1/O
                         net (fo=11, unplaced)        0.221     5.115    u_dut/rd_cmd_ready
                         LUT6 (Prop_LUT6_I0_O)        0.038     5.153 r  u_dut/rd_cmd_group_q[4]_i_1/O
                         net (fo=79, unplaced)        0.220     5.373    u_dut/rd_cmd_accept
                         FDCE                                         r  u_dut/rd_cmd_group_q_reg[2]/CE
  -------------------------------------------------------------------    -------------------

                         (clock clk rise edge)        2.000     2.000 r  
                                                      0.000     2.000 r  clk (IN)
                         net (fo=0)                   0.000     2.000    u_boundary_ibuf/I
                         INBUF (Prop_INBUF_PAD_O)     0.267     2.267 r  u_boundary_ibuf/INBUF_INST/O
                         net (fo=1, unplaced)         0.000     2.267    u_boundary_ibuf/OUT
                         IBUFCTRL (Prop_IBUFCTRL_I_O)
                                                      0.000     2.267 r  u_boundary_ibuf/IBUFCTRL_INST/O
                         net (fo=1, unplaced)         0.133     2.400    clk_ibuf
                         BUFGCE (Prop_BUFGCE_I_O)     0.024     2.424 r  u_boundary_bufg/O
                         net (fo=26835, unplaced)     2.439     4.863    u_dut/clk
                         FDCE                                         r  u_dut/rd_cmd_group_q_reg[2]/C
                         clock pessimism              0.282     5.145    
                         clock uncertainty           -0.035     5.110    
                         FDCE (Setup_FDCE_C_CE)      -0.061     5.049    u_dut/rd_cmd_group_q_reg[2]
  -------------------------------------------------------------------
                         required time                          5.049    
                         arrival time                          -5.373    
  -------------------------------------------------------------------
                         slack                                 -0.324    

Slack (VIOLATED) :        -0.324ns  (required time - arrival time)
  Source:                 u_dut/u_unified_p4_kernel/reserved_groups_q_reg[1]/C
                            (rising edge-triggered cell FDCE clocked by clk  {rise@0.000ns fall@1.000ns period=2.000ns})
  Destination:            u_dut/rd_cmd_group_q_reg[3]/CE
                            (rising edge-triggered cell FDCE clocked by clk  {rise@0.000ns fall@1.000ns period=2.000ns})
  Path Group:             clk
  Path Type:              Setup (Max at Slow Process Corner)
  Requirement:            2.000ns  (clk rise@2.000ns - clk rise@0.000ns)
  Data Path Delay:        2.083ns  (logic 0.456ns (21.892%)  route 1.627ns (78.109%))
  Logic Levels:           7  (LUT3=1 LUT4=1 LUT5=2 LUT6=3)
  Clock Path Skew:        -0.145ns (DCD - SCD + CPR)
    Destination Clock Delay (DCD):    2.863ns = ( 4.863 - 2.000 ) 
    Source Clock Delay      (SCD):    3.290ns
    Clock Pessimism Removal (CPR):    0.282ns
  Clock Uncertainty:      0.035ns  ((TSJ^2 + TIJ^2)^1/2 + DJ) / 2 + PE + UU
    Total System Jitter     (TSJ):    0.071ns
    Total Input Jitter      (TIJ):    0.000ns
    Discrete Jitter          (DJ):    0.000ns
    Phase Error              (PE):    0.000ns
    User Uncertainty         (UU):    0.000ns

    Location             Delay type                Incr(ns)  Path(ns)    Netlist Resource(s)
  -------------------------------------------------------------------    -------------------
                         (clock clk rise edge)        0.000     0.000 r  
                                                      0.000     0.000 r  clk (IN)
                         net (fo=0)                   0.000     0.000    u_boundary_ibuf/I
                         INBUF (Prop_INBUF_PAD_O)     0.517     0.517 r  u_boundary_ibuf/INBUF_INST/O
                         net (fo=1, unplaced)         0.000     0.517    u_boundary_ibuf/OUT
                         IBUFCTRL (Prop_IBUFCTRL_I_O)
                                                      0.000     0.517 r  u_boundary_ibuf/IBUFCTRL_INST/O
                         net (fo=1, unplaced)         0.161     0.678    clk_ibuf
                         BUFGCE (Prop_BUFGCE_I_O)     0.028     0.706 r  u_boundary_bufg/O
                         net (fo=26835, unplaced)     2.584     3.290    u_dut/u_unified_p4_kernel/clk
                         FDCE                                         r  u_dut/u_unified_p4_kernel/reserved_groups_q_reg[1]/C
  -------------------------------------------------------------------    -------------------
                         FDCE (Prop_FDCE_C_Q)         0.078     3.368 r  u_dut/u_unified_p4_kernel/reserved_groups_q_reg[1]/Q
                         net (fo=5, unplaced)         0.172     3.540    u_dut/u_unified_p4_kernel/reserved_groups_q[1]
                         LUT6 (Prop_LUT6_I0_O)        0.150     3.690 r  u_dut/u_unified_p4_kernel/input_group_fire_INST_0_i_8/O
                         net (fo=2, unplaced)         0.186     3.876    u_dut/u_unified_p4_kernel/input_group_fire_INST_0_i_8_n_0
                         LUT3 (Prop_LUT3_I0_O)        0.038     3.914 r  u_dut/u_unified_p4_kernel/input_group_fire_INST_0_i_7/O
                         net (fo=1, unplaced)         0.186     4.100    u_dut/u_unified_p4_kernel/input_group_fire_INST_0_i_7_n_0
                         LUT5 (Prop_LUT5_I2_O)        0.038     4.138 f  u_dut/u_unified_p4_kernel/input_group_fire_INST_0_i_3/O
                         net (fo=1, unplaced)         0.186     4.324    u_dut/u_unified_p4_kernel/input_group_fire_INST_0_i_3_n_0
                         LUT6 (Prop_LUT6_I3_O)        0.038     4.362 r  u_dut/u_unified_p4_kernel/input_group_fire_INST_0_i_1/O
                         net (fo=2, unplaced)         0.186     4.548    u_dut/u_unified_p4_kernel/ingress_valid_q42_in
                         LUT4 (Prop_LUT4_I3_O)        0.038     4.586 r  u_dut/u_unified_p4_kernel/input_group_fire_INST_0/O
                         net (fo=92, unplaced)        0.270     4.856    u_dut/kernel_input_group_fire
                         LUT5 (Prop_LUT5_I1_O)        0.038     4.894 r  u_dut/rd_cmd_bank_mask_q[3]_i_1/O
                         net (fo=11, unplaced)        0.221     5.115    u_dut/rd_cmd_ready
                         LUT6 (Prop_LUT6_I0_O)        0.038     5.153 r  u_dut/rd_cmd_group_q[4]_i_1/O
                         net (fo=79, unplaced)        0.220     5.373    u_dut/rd_cmd_accept
                         FDCE                                         r  u_dut/rd_cmd_group_q_reg[3]/CE
  -------------------------------------------------------------------    -------------------

                         (clock clk rise edge)        2.000     2.000 r  
                                                      0.000     2.000 r  clk (IN)
                         net (fo=0)                   0.000     2.000    u_boundary_ibuf/I
                         INBUF (Prop_INBUF_PAD_O)     0.267     2.267 r  u_boundary_ibuf/INBUF_INST/O
                         net (fo=1, unplaced)         0.000     2.267    u_boundary_ibuf/OUT
                         IBUFCTRL (Prop_IBUFCTRL_I_O)
                                                      0.000     2.267 r  u_boundary_ibuf/IBUFCTRL_INST/O
                         net (fo=1, unplaced)         0.133     2.400    clk_ibuf
                         BUFGCE (Prop_BUFGCE_I_O)     0.024     2.424 r  u_boundary_bufg/O
                         net (fo=26835, unplaced)     2.439     4.863    u_dut/clk
                         FDCE                                         r  u_dut/rd_cmd_group_q_reg[3]/C
                         clock pessimism              0.282     5.145    
                         clock uncertainty           -0.035     5.110    
                         FDCE (Setup_FDCE_C_CE)      -0.061     5.049    u_dut/rd_cmd_group_q_reg[3]
  -------------------------------------------------------------------
                         required time                          5.049    
                         arrival time                          -5.373    
  -------------------------------------------------------------------
                         slack                                 -0.324    

Slack (VIOLATED) :        -0.324ns  (required time - arrival time)
  Source:                 u_dut/u_unified_p4_kernel/reserved_groups_q_reg[1]/C
                            (rising edge-triggered cell FDCE clocked by clk  {rise@0.000ns fall@1.000ns period=2.000ns})
  Destination:            u_dut/rd_cmd_group_q_reg[4]/CE
                            (rising edge-triggered cell FDCE clocked by clk  {rise@0.000ns fall@1.000ns period=2.000ns})
  Path Group:             clk
  Path Type:              Setup (Max at Slow Process Corner)
  Requirement:            2.000ns  (clk rise@2.000ns - clk rise@0.000ns)
  Data Path Delay:        2.083ns  (logic 0.456ns (21.892%)  route 1.627ns (78.109%))
  Logic Levels:           7  (LUT3=1 LUT4=1 LUT5=2 LUT6=3)
  Clock Path Skew:        -0.145ns (DCD - SCD + CPR)
    Destination Clock Delay (DCD):    2.863ns = ( 4.863 - 2.000 ) 
    Source Clock Delay      (SCD):    3.290ns
    Clock Pessimism Removal (CPR):    0.282ns
  Clock Uncertainty:      0.035ns  ((TSJ^2 + TIJ^2)^1/2 + DJ) / 2 + PE + UU
    Total System Jitter     (TSJ):    0.071ns
    Total Input Jitter      (TIJ):    0.000ns
    Discrete Jitter          (DJ):    0.000ns
    Phase Error              (PE):    0.000ns
    User Uncertainty         (UU):    0.000ns

    Location             Delay type                Incr(ns)  Path(ns)    Netlist Resource(s)
  -------------------------------------------------------------------    -------------------
                         (clock clk rise edge)        0.000     0.000 r  
                                                      0.000     0.000 r  clk (IN)
                         net (fo=0)                   0.000     0.000    u_boundary_ibuf/I
                         INBUF (Prop_INBUF_PAD_O)     0.517     0.517 r  u_boundary_ibuf/INBUF_INST/O
                         net (fo=1, unplaced)         0.000     0.517    u_boundary_ibuf/OUT
                         IBUFCTRL (Prop_IBUFCTRL_I_O)
                                                      0.000     0.517 r  u_boundary_ibuf/IBUFCTRL_INST/O
                         net (fo=1, unplaced)         0.161     0.678    clk_ibuf
                         BUFGCE (Prop_BUFGCE_I_O)     0.028     0.706 r  u_boundary_bufg/O
                         net (fo=26835, unplaced)     2.584     3.290    u_dut/u_unified_p4_kernel/clk
                         FDCE                                         r  u_dut/u_unified_p4_kernel/reserved_groups_q_reg[1]/C
  -------------------------------------------------------------------    -------------------
                         FDCE (Prop_FDCE_C_Q)         0.078     3.368 r  u_dut/u_unified_p4_kernel/reserved_groups_q_reg[1]/Q
                         net (fo=5, unplaced)         0.172     3.540    u_dut/u_unified_p4_kernel/reserved_groups_q[1]
                         LUT6 (Prop_LUT6_I0_O)        0.150     3.690 r  u_dut/u_unified_p4_kernel/input_group_fire_INST_0_i_8/O
                         net (fo=2, unplaced)         0.186     3.876    u_dut/u_unified_p4_kernel/input_group_fire_INST_0_i_8_n_0
                         LUT3 (Prop_LUT3_I0_O)        0.038     3.914 r  u_dut/u_unified_p4_kernel/input_group_fire_INST_0_i_7/O
                         net (fo=1, unplaced)         0.186     4.100    u_dut/u_unified_p4_kernel/input_group_fire_INST_0_i_7_n_0
                         LUT5 (Prop_LUT5_I2_O)        0.038     4.138 f  u_dut/u_unified_p4_kernel/input_group_fire_INST_0_i_3/O
                         net (fo=1, unplaced)         0.186     4.324    u_dut/u_unified_p4_kernel/input_group_fire_INST_0_i_3_n_0
                         LUT6 (Prop_LUT6_I3_O)        0.038     4.362 r  u_dut/u_unified_p4_kernel/input_group_fire_INST_0_i_1/O
                         net (fo=2, unplaced)         0.186     4.548    u_dut/u_unified_p4_kernel/ingress_valid_q42_in
                         LUT4 (Prop_LUT4_I3_O)        0.038     4.586 r  u_dut/u_unified_p4_kernel/input_group_fire_INST_0/O
                         net (fo=92, unplaced)        0.270     4.856    u_dut/kernel_input_group_fire
                         LUT5 (Prop_LUT5_I1_O)        0.038     4.894 r  u_dut/rd_cmd_bank_mask_q[3]_i_1/O
                         net (fo=11, unplaced)        0.221     5.115    u_dut/rd_cmd_ready
                         LUT6 (Prop_LUT6_I0_O)        0.038     5.153 r  u_dut/rd_cmd_group_q[4]_i_1/O
                         net (fo=79, unplaced)        0.220     5.373    u_dut/rd_cmd_accept
                         FDCE                                         r  u_dut/rd_cmd_group_q_reg[4]/CE
  -------------------------------------------------------------------    -------------------

                         (clock clk rise edge)        2.000     2.000 r  
                                                      0.000     2.000 r  clk (IN)
                         net (fo=0)                   0.000     2.000    u_boundary_ibuf/I
                         INBUF (Prop_INBUF_PAD_O)     0.267     2.267 r  u_boundary_ibuf/INBUF_INST/O
                         net (fo=1, unplaced)         0.000     2.267    u_boundary_ibuf/OUT
                         IBUFCTRL (Prop_IBUFCTRL_I_O)
                                                      0.000     2.267 r  u_boundary_ibuf/IBUFCTRL_INST/O
                         net (fo=1, unplaced)         0.133     2.400    clk_ibuf
                         BUFGCE (Prop_BUFGCE_I_O)     0.024     2.424 r  u_boundary_bufg/O
                         net (fo=26835, unplaced)     2.439     4.863    u_dut/clk
                         FDCE                                         r  u_dut/rd_cmd_group_q_reg[4]/C
                         clock pessimism              0.282     5.145    
                         clock uncertainty           -0.035     5.110    
                         FDCE (Setup_FDCE_C_CE)      -0.061     5.049    u_dut/rd_cmd_group_q_reg[4]
  -------------------------------------------------------------------
                         required time                          5.049    
                         arrival time                          -5.373    
  -------------------------------------------------------------------
                         slack                                 -0.324    

Slack (VIOLATED) :        -0.324ns  (required time - arrival time)
  Source:                 u_dut/u_unified_p4_kernel/reserved_groups_q_reg[1]/C
                            (rising edge-triggered cell FDCE clocked by clk  {rise@0.000ns fall@1.000ns period=2.000ns})
  Destination:            u_dut/rd_cmd_lfnst_bank_q_reg[0]/CE
                            (rising edge-triggered cell FDCE clocked by clk  {rise@0.000ns fall@1.000ns period=2.000ns})
  Path Group:             clk
  Path Type:              Setup (Max at Slow Process Corner)
  Requirement:            2.000ns  (clk rise@2.000ns - clk rise@0.000ns)
  Data Path Delay:        2.083ns  (logic 0.456ns (21.892%)  route 1.627ns (78.109%))
  Logic Levels:           7  (LUT3=1 LUT4=1 LUT5=2 LUT6=3)
  Clock Path Skew:        -0.145ns (DCD - SCD + CPR)
    Destination Clock Delay (DCD):    2.863ns = ( 4.863 - 2.000 ) 
    Source Clock Delay      (SCD):    3.290ns
    Clock Pessimism Removal (CPR):    0.282ns
  Clock Uncertainty:      0.035ns  ((TSJ^2 + TIJ^2)^1/2 + DJ) / 2 + PE + UU
    Total System Jitter     (TSJ):    0.071ns
    Total Input Jitter      (TIJ):    0.000ns
    Discrete Jitter          (DJ):    0.000ns
    Phase Error              (PE):    0.000ns
    User Uncertainty         (UU):    0.000ns

    Location             Delay type                Incr(ns)  Path(ns)    Netlist Resource(s)
  -------------------------------------------------------------------    -------------------
                         (clock clk rise edge)        0.000     0.000 r  
                                                      0.000     0.000 r  clk (IN)
                         net (fo=0)                   0.000     0.000    u_boundary_ibuf/I
                         INBUF (Prop_INBUF_PAD_O)     0.517     0.517 r  u_boundary_ibuf/INBUF_INST/O
                         net (fo=1, unplaced)         0.000     0.517    u_boundary_ibuf/OUT
                         IBUFCTRL (Prop_IBUFCTRL_I_O)
                                                      0.000     0.517 r  u_boundary_ibuf/IBUFCTRL_INST/O
                         net (fo=1, unplaced)         0.161     0.678    clk_ibuf
                         BUFGCE (Prop_BUFGCE_I_O)     0.028     0.706 r  u_boundary_bufg/O
                         net (fo=26835, unplaced)     2.584     3.290    u_dut/u_unified_p4_kernel/clk
                         FDCE                                         r  u_dut/u_unified_p4_kernel/reserved_groups_q_reg[1]/C
  -------------------------------------------------------------------    -------------------
                         FDCE (Prop_FDCE_C_Q)         0.078     3.368 r  u_dut/u_unified_p4_kernel/reserved_groups_q_reg[1]/Q
                         net (fo=5, unplaced)         0.172     3.540    u_dut/u_unified_p4_kernel/reserved_groups_q[1]
                         LUT6 (Prop_LUT6_I0_O)        0.150     3.690 r  u_dut/u_unified_p4_kernel/input_group_fire_INST_0_i_8/O
                         net (fo=2, unplaced)         0.186     3.876    u_dut/u_unified_p4_kernel/input_group_fire_INST_0_i_8_n_0
                         LUT3 (Prop_LUT3_I0_O)        0.038     3.914 r  u_dut/u_unified_p4_kernel/input_group_fire_INST_0_i_7/O
                         net (fo=1, unplaced)         0.186     4.100    u_dut/u_unified_p4_kernel/input_group_fire_INST_0_i_7_n_0
                         LUT5 (Prop_LUT5_I2_O)        0.038     4.138 f  u_dut/u_unified_p4_kernel/input_group_fire_INST_0_i_3/O
                         net (fo=1, unplaced)         0.186     4.324    u_dut/u_unified_p4_kernel/input_group_fire_INST_0_i_3_n_0
                         LUT6 (Prop_LUT6_I3_O)        0.038     4.362 r  u_dut/u_unified_p4_kernel/input_group_fire_INST_0_i_1/O
                         net (fo=2, unplaced)         0.186     4.548    u_dut/u_unified_p4_kernel/ingress_valid_q42_in
                         LUT4 (Prop_LUT4_I3_O)        0.038     4.586 r  u_dut/u_unified_p4_kernel/input_group_fire_INST_0/O
                         net (fo=92, unplaced)        0.270     4.856    u_dut/kernel_input_group_fire
                         LUT5 (Prop_LUT5_I1_O)        0.038     4.894 r  u_dut/rd_cmd_bank_mask_q[3]_i_1/O
                         net (fo=11, unplaced)        0.221     5.115    u_dut/rd_cmd_ready
                         LUT6 (Prop_LUT6_I0_O)        0.038     5.153 r  u_dut/rd_cmd_group_q[4]_i_1/O
                         net (fo=79, unplaced)        0.220     5.373    u_dut/rd_cmd_accept
                         FDCE                                         r  u_dut/rd_cmd_lfnst_bank_q_reg[0]/CE
  -------------------------------------------------------------------    -------------------

                         (clock clk rise edge)        2.000     2.000 r  
                                                      0.000     2.000 r  clk (IN)
                         net (fo=0)                   0.000     2.000    u_boundary_ibuf/I
                         INBUF (Prop_INBUF_PAD_O)     0.267     2.267 r  u_boundary_ibuf/INBUF_INST/O
                         net (fo=1, unplaced)         0.000     2.267    u_boundary_ibuf/OUT
                         IBUFCTRL (Prop_IBUFCTRL_I_O)
                                                      0.000     2.267 r  u_boundary_ibuf/IBUFCTRL_INST/O
                         net (fo=1, unplaced)         0.133     2.400    clk_ibuf
                         BUFGCE (Prop_BUFGCE_I_O)     0.024     2.424 r  u_boundary_bufg/O
                         net (fo=26835, unplaced)     2.439     4.863    u_dut/clk
                         FDCE                                         r  u_dut/rd_cmd_lfnst_bank_q_reg[0]/C
                         clock pessimism              0.282     5.145    
                         clock uncertainty           -0.035     5.110    
                         FDCE (Setup_FDCE_C_CE)      -0.061     5.049    u_dut/rd_cmd_lfnst_bank_q_reg[0]
  -------------------------------------------------------------------
                         required time                          5.049    
                         arrival time                          -5.373    
  -------------------------------------------------------------------
                         slack                                 -0.324    

Slack (VIOLATED) :        -0.324ns  (required time - arrival time)
  Source:                 u_dut/u_unified_p4_kernel/reserved_groups_q_reg[1]/C
                            (rising edge-triggered cell FDCE clocked by clk  {rise@0.000ns fall@1.000ns period=2.000ns})
  Destination:            u_dut/rd_cmd_lfnst_bank_q_reg[1]/CE
                            (rising edge-triggered cell FDCE clocked by clk  {rise@0.000ns fall@1.000ns period=2.000ns})
  Path Group:             clk
  Path Type:              Setup (Max at Slow Process Corner)
  Requirement:            2.000ns  (clk rise@2.000ns - clk rise@0.000ns)
  Data Path Delay:        2.083ns  (logic 0.456ns (21.892%)  route 1.627ns (78.109%))
  Logic Levels:           7  (LUT3=1 LUT4=1 LUT5=2 LUT6=3)
  Clock Path Skew:        -0.145ns (DCD - SCD + CPR)
    Destination Clock Delay (DCD):    2.863ns = ( 4.863 - 2.000 ) 
    Source Clock Delay      (SCD):    3.290ns
    Clock Pessimism Removal (CPR):    0.282ns
  Clock Uncertainty:      0.035ns  ((TSJ^2 + TIJ^2)^1/2 + DJ) / 2 + PE + UU
    Total System Jitter     (TSJ):    0.071ns
    Total Input Jitter      (TIJ):    0.000ns
    Discrete Jitter          (DJ):    0.000ns
    Phase Error              (PE):    0.000ns
    User Uncertainty         (UU):    0.000ns

    Location             Delay type                Incr(ns)  Path(ns)    Netlist Resource(s)
  -------------------------------------------------------------------    -------------------
                         (clock clk rise edge)        0.000     0.000 r  
                                                      0.000     0.000 r  clk (IN)
                         net (fo=0)                   0.000     0.000    u_boundary_ibuf/I
                         INBUF (Prop_INBUF_PAD_O)     0.517     0.517 r  u_boundary_ibuf/INBUF_INST/O
                         net (fo=1, unplaced)         0.000     0.517    u_boundary_ibuf/OUT
                         IBUFCTRL (Prop_IBUFCTRL_I_O)
                                                      0.000     0.517 r  u_boundary_ibuf/IBUFCTRL_INST/O
                         net (fo=1, unplaced)         0.161     0.678    clk_ibuf
                         BUFGCE (Prop_BUFGCE_I_O)     0.028     0.706 r  u_boundary_bufg/O
                         net (fo=26835, unplaced)     2.584     3.290    u_dut/u_unified_p4_kernel/clk
                         FDCE                                         r  u_dut/u_unified_p4_kernel/reserved_groups_q_reg[1]/C
  -------------------------------------------------------------------    -------------------
                         FDCE (Prop_FDCE_C_Q)         0.078     3.368 r  u_dut/u_unified_p4_kernel/reserved_groups_q_reg[1]/Q
                         net (fo=5, unplaced)         0.172     3.540    u_dut/u_unified_p4_kernel/reserved_groups_q[1]
                         LUT6 (Prop_LUT6_I0_O)        0.150     3.690 r  u_dut/u_unified_p4_kernel/input_group_fire_INST_0_i_8/O
                         net (fo=2, unplaced)         0.186     3.876    u_dut/u_unified_p4_kernel/input_group_fire_INST_0_i_8_n_0
                         LUT3 (Prop_LUT3_I0_O)        0.038     3.914 r  u_dut/u_unified_p4_kernel/input_group_fire_INST_0_i_7/O
                         net (fo=1, unplaced)         0.186     4.100    u_dut/u_unified_p4_kernel/input_group_fire_INST_0_i_7_n_0
                         LUT5 (Prop_LUT5_I2_O)        0.038     4.138 f  u_dut/u_unified_p4_kernel/input_group_fire_INST_0_i_3/O
                         net (fo=1, unplaced)         0.186     4.324    u_dut/u_unified_p4_kernel/input_group_fire_INST_0_i_3_n_0
                         LUT6 (Prop_LUT6_I3_O)        0.038     4.362 r  u_dut/u_unified_p4_kernel/input_group_fire_INST_0_i_1/O
                         net (fo=2, unplaced)         0.186     4.548    u_dut/u_unified_p4_kernel/ingress_valid_q42_in
                         LUT4 (Prop_LUT4_I3_O)        0.038     4.586 r  u_dut/u_unified_p4_kernel/input_group_fire_INST_0/O
                         net (fo=92, unplaced)        0.270     4.856    u_dut/kernel_input_group_fire
                         LUT5 (Prop_LUT5_I1_O)        0.038     4.894 r  u_dut/rd_cmd_bank_mask_q[3]_i_1/O
                         net (fo=11, unplaced)        0.221     5.115    u_dut/rd_cmd_ready
                         LUT6 (Prop_LUT6_I0_O)        0.038     5.153 r  u_dut/rd_cmd_group_q[4]_i_1/O
                         net (fo=79, unplaced)        0.220     5.373    u_dut/rd_cmd_accept
                         FDCE                                         r  u_dut/rd_cmd_lfnst_bank_q_reg[1]/CE
  -------------------------------------------------------------------    -------------------

                         (clock clk rise edge)        2.000     2.000 r  
                                                      0.000     2.000 r  clk (IN)
                         net (fo=0)                   0.000     2.000    u_boundary_ibuf/I
                         INBUF (Prop_INBUF_PAD_O)     0.267     2.267 r  u_boundary_ibuf/INBUF_INST/O
                         net (fo=1, unplaced)         0.000     2.267    u_boundary_ibuf/OUT
                         IBUFCTRL (Prop_IBUFCTRL_I_O)
                                                      0.000     2.267 r  u_boundary_ibuf/IBUFCTRL_INST/O
                         net (fo=1, unplaced)         0.133     2.400    clk_ibuf
                         BUFGCE (Prop_BUFGCE_I_O)     0.024     2.424 r  u_boundary_bufg/O
                         net (fo=26835, unplaced)     2.439     4.863    u_dut/clk
                         FDCE                                         r  u_dut/rd_cmd_lfnst_bank_q_reg[1]/C
                         clock pessimism              0.282     5.145    
                         clock uncertainty           -0.035     5.110    
                         FDCE (Setup_FDCE_C_CE)      -0.061     5.049    u_dut/rd_cmd_lfnst_bank_q_reg[1]
  -------------------------------------------------------------------
                         required time                          5.049    
                         arrival time                          -5.373    
  -------------------------------------------------------------------
                         slack                                 -0.324    

Slack (VIOLATED) :        -0.324ns  (required time - arrival time)
  Source:                 u_dut/u_unified_p4_kernel/reserved_groups_q_reg[1]/C
                            (rising edge-triggered cell FDCE clocked by clk  {rise@0.000ns fall@1.000ns period=2.000ns})
  Destination:            u_dut/rd_cmd_lfnst_index_q_reg[0]/CE
                            (rising edge-triggered cell FDCE clocked by clk  {rise@0.000ns fall@1.000ns period=2.000ns})
  Path Group:             clk
  Path Type:              Setup (Max at Slow Process Corner)
  Requirement:            2.000ns  (clk rise@2.000ns - clk rise@0.000ns)
  Data Path Delay:        2.083ns  (logic 0.456ns (21.892%)  route 1.627ns (78.109%))
  Logic Levels:           7  (LUT3=1 LUT4=1 LUT5=2 LUT6=3)
  Clock Path Skew:        -0.145ns (DCD - SCD + CPR)
    Destination Clock Delay (DCD):    2.863ns = ( 4.863 - 2.000 ) 
    Source Clock Delay      (SCD):    3.290ns
    Clock Pessimism Removal (CPR):    0.282ns
  Clock Uncertainty:      0.035ns  ((TSJ^2 + TIJ^2)^1/2 + DJ) / 2 + PE + UU
    Total System Jitter     (TSJ):    0.071ns
    Total Input Jitter      (TIJ):    0.000ns
    Discrete Jitter          (DJ):    0.000ns
    Phase Error              (PE):    0.000ns
    User Uncertainty         (UU):    0.000ns

    Location             Delay type                Incr(ns)  Path(ns)    Netlist Resource(s)
  -------------------------------------------------------------------    -------------------
                         (clock clk rise edge)        0.000     0.000 r  
                                                      0.000     0.000 r  clk (IN)
                         net (fo=0)                   0.000     0.000    u_boundary_ibuf/I
                         INBUF (Prop_INBUF_PAD_O)     0.517     0.517 r  u_boundary_ibuf/INBUF_INST/O
                         net (fo=1, unplaced)         0.000     0.517    u_boundary_ibuf/OUT
                         IBUFCTRL (Prop_IBUFCTRL_I_O)
                                                      0.000     0.517 r  u_boundary_ibuf/IBUFCTRL_INST/O
                         net (fo=1, unplaced)         0.161     0.678    clk_ibuf
                         BUFGCE (Prop_BUFGCE_I_O)     0.028     0.706 r  u_boundary_bufg/O
                         net (fo=26835, unplaced)     2.584     3.290    u_dut/u_unified_p4_kernel/clk
                         FDCE                                         r  u_dut/u_unified_p4_kernel/reserved_groups_q_reg[1]/C
  -------------------------------------------------------------------    -------------------
                         FDCE (Prop_FDCE_C_Q)         0.078     3.368 r  u_dut/u_unified_p4_kernel/reserved_groups_q_reg[1]/Q
                         net (fo=5, unplaced)         0.172     3.540    u_dut/u_unified_p4_kernel/reserved_groups_q[1]
                         LUT6 (Prop_LUT6_I0_O)        0.150     3.690 r  u_dut/u_unified_p4_kernel/input_group_fire_INST_0_i_8/O
                         net (fo=2, unplaced)         0.186     3.876    u_dut/u_unified_p4_kernel/input_group_fire_INST_0_i_8_n_0
                         LUT3 (Prop_LUT3_I0_O)        0.038     3.914 r  u_dut/u_unified_p4_kernel/input_group_fire_INST_0_i_7/O
                         net (fo=1, unplaced)         0.186     4.100    u_dut/u_unified_p4_kernel/input_group_fire_INST_0_i_7_n_0
                         LUT5 (Prop_LUT5_I2_O)        0.038     4.138 f  u_dut/u_unified_p4_kernel/input_group_fire_INST_0_i_3/O
                         net (fo=1, unplaced)         0.186     4.324    u_dut/u_unified_p4_kernel/input_group_fire_INST_0_i_3_n_0
                         LUT6 (Prop_LUT6_I3_O)        0.038     4.362 r  u_dut/u_unified_p4_kernel/input_group_fire_INST_0_i_1/O
                         net (fo=2, unplaced)         0.186     4.548    u_dut/u_unified_p4_kernel/ingress_valid_q42_in
                         LUT4 (Prop_LUT4_I3_O)        0.038     4.586 r  u_dut/u_unified_p4_kernel/input_group_fire_INST_0/O
                         net (fo=92, unplaced)        0.270     4.856    u_dut/kernel_input_group_fire
                         LUT5 (Prop_LUT5_I1_O)        0.038     4.894 r  u_dut/rd_cmd_bank_mask_q[3]_i_1/O
                         net (fo=11, unplaced)        0.221     5.115    u_dut/rd_cmd_ready
                         LUT6 (Prop_LUT6_I0_O)        0.038     5.153 r  u_dut/rd_cmd_group_q[4]_i_1/O
                         net (fo=79, unplaced)        0.220     5.373    u_dut/rd_cmd_accept
                         FDCE                                         r  u_dut/rd_cmd_lfnst_index_q_reg[0]/CE
  -------------------------------------------------------------------    -------------------

                         (clock clk rise edge)        2.000     2.000 r  
                                                      0.000     2.000 r  clk (IN)
                         net (fo=0)                   0.000     2.000    u_boundary_ibuf/I
                         INBUF (Prop_INBUF_PAD_O)     0.267     2.267 r  u_boundary_ibuf/INBUF_INST/O
                         net (fo=1, unplaced)         0.000     2.267    u_boundary_ibuf/OUT
                         IBUFCTRL (Prop_IBUFCTRL_I_O)
                                                      0.000     2.267 r  u_boundary_ibuf/IBUFCTRL_INST/O
                         net (fo=1, unplaced)         0.133     2.400    clk_ibuf
                         BUFGCE (Prop_BUFGCE_I_O)     0.024     2.424 r  u_boundary_bufg/O
                         net (fo=26835, unplaced)     2.439     4.863    u_dut/clk
                         FDCE                                         r  u_dut/rd_cmd_lfnst_index_q_reg[0]/C
                         clock pessimism              0.282     5.145    
                         clock uncertainty           -0.035     5.110    
                         FDCE (Setup_FDCE_C_CE)      -0.061     5.049    u_dut/rd_cmd_lfnst_index_q_reg[0]
  -------------------------------------------------------------------
                         required time                          5.049    
                         arrival time                          -5.373    
  -------------------------------------------------------------------
                         slack                                 -0.324    

Slack (VIOLATED) :        -0.324ns  (required time - arrival time)
  Source:                 u_dut/u_unified_p4_kernel/reserved_groups_q_reg[1]/C
                            (rising edge-triggered cell FDCE clocked by clk  {rise@0.000ns fall@1.000ns period=2.000ns})
  Destination:            u_dut/rd_cmd_lfnst_index_q_reg[1]/CE
                            (rising edge-triggered cell FDCE clocked by clk  {rise@0.000ns fall@1.000ns period=2.000ns})
  Path Group:             clk
  Path Type:              Setup (Max at Slow Process Corner)
  Requirement:            2.000ns  (clk rise@2.000ns - clk rise@0.000ns)
  Data Path Delay:        2.083ns  (logic 0.456ns (21.892%)  route 1.627ns (78.109%))
  Logic Levels:           7  (LUT3=1 LUT4=1 LUT5=2 LUT6=3)
  Clock Path Skew:        -0.145ns (DCD - SCD + CPR)
    Destination Clock Delay (DCD):    2.863ns = ( 4.863 - 2.000 ) 
    Source Clock Delay      (SCD):    3.290ns
    Clock Pessimism Removal (CPR):    0.282ns
  Clock Uncertainty:      0.035ns  ((TSJ^2 + TIJ^2)^1/2 + DJ) / 2 + PE + UU
    Total System Jitter     (TSJ):    0.071ns
    Total Input Jitter      (TIJ):    0.000ns
    Discrete Jitter          (DJ):    0.000ns
    Phase Error              (PE):    0.000ns
    User Uncertainty         (UU):    0.000ns

    Location             Delay type                Incr(ns)  Path(ns)    Netlist Resource(s)
  -------------------------------------------------------------------    -------------------
                         (clock clk rise edge)        0.000     0.000 r  
                                                      0.000     0.000 r  clk (IN)
                         net (fo=0)                   0.000     0.000    u_boundary_ibuf/I
                         INBUF (Prop_INBUF_PAD_O)     0.517     0.517 r  u_boundary_ibuf/INBUF_INST/O
                         net (fo=1, unplaced)         0.000     0.517    u_boundary_ibuf/OUT
                         IBUFCTRL (Prop_IBUFCTRL_I_O)
                                                      0.000     0.517 r  u_boundary_ibuf/IBUFCTRL_INST/O
                         net (fo=1, unplaced)         0.161     0.678    clk_ibuf
                         BUFGCE (Prop_BUFGCE_I_O)     0.028     0.706 r  u_boundary_bufg/O
                         net (fo=26835, unplaced)     2.584     3.290    u_dut/u_unified_p4_kernel/clk
                         FDCE                                         r  u_dut/u_unified_p4_kernel/reserved_groups_q_reg[1]/C
  -------------------------------------------------------------------    -------------------
                         FDCE (Prop_FDCE_C_Q)         0.078     3.368 r  u_dut/u_unified_p4_kernel/reserved_groups_q_reg[1]/Q
                         net (fo=5, unplaced)         0.172     3.540    u_dut/u_unified_p4_kernel/reserved_groups_q[1]
                         LUT6 (Prop_LUT6_I0_O)        0.150     3.690 r  u_dut/u_unified_p4_kernel/input_group_fire_INST_0_i_8/O
                         net (fo=2, unplaced)         0.186     3.876    u_dut/u_unified_p4_kernel/input_group_fire_INST_0_i_8_n_0
                         LUT3 (Prop_LUT3_I0_O)        0.038     3.914 r  u_dut/u_unified_p4_kernel/input_group_fire_INST_0_i_7/O
                         net (fo=1, unplaced)         0.186     4.100    u_dut/u_unified_p4_kernel/input_group_fire_INST_0_i_7_n_0
                         LUT5 (Prop_LUT5_I2_O)        0.038     4.138 f  u_dut/u_unified_p4_kernel/input_group_fire_INST_0_i_3/O
                         net (fo=1, unplaced)         0.186     4.324    u_dut/u_unified_p4_kernel/input_group_fire_INST_0_i_3_n_0
                         LUT6 (Prop_LUT6_I3_O)        0.038     4.362 r  u_dut/u_unified_p4_kernel/input_group_fire_INST_0_i_1/O
                         net (fo=2, unplaced)         0.186     4.548    u_dut/u_unified_p4_kernel/ingress_valid_q42_in
                         LUT4 (Prop_LUT4_I3_O)        0.038     4.586 r  u_dut/u_unified_p4_kernel/input_group_fire_INST_0/O
                         net (fo=92, unplaced)        0.270     4.856    u_dut/kernel_input_group_fire
                         LUT5 (Prop_LUT5_I1_O)        0.038     4.894 r  u_dut/rd_cmd_bank_mask_q[3]_i_1/O
                         net (fo=11, unplaced)        0.221     5.115    u_dut/rd_cmd_ready
                         LUT6 (Prop_LUT6_I0_O)        0.038     5.153 r  u_dut/rd_cmd_group_q[4]_i_1/O
                         net (fo=79, unplaced)        0.220     5.373    u_dut/rd_cmd_accept
                         FDCE                                         r  u_dut/rd_cmd_lfnst_index_q_reg[1]/CE
  -------------------------------------------------------------------    -------------------

                         (clock clk rise edge)        2.000     2.000 r  
                                                      0.000     2.000 r  clk (IN)
                         net (fo=0)                   0.000     2.000    u_boundary_ibuf/I
                         INBUF (Prop_INBUF_PAD_O)     0.267     2.267 r  u_boundary_ibuf/INBUF_INST/O
                         net (fo=1, unplaced)         0.000     2.267    u_boundary_ibuf/OUT
                         IBUFCTRL (Prop_IBUFCTRL_I_O)
                                                      0.000     2.267 r  u_boundary_ibuf/IBUFCTRL_INST/O
                         net (fo=1, unplaced)         0.133     2.400    clk_ibuf
                         BUFGCE (Prop_BUFGCE_I_O)     0.024     2.424 r  u_boundary_bufg/O
                         net (fo=26835, unplaced)     2.439     4.863    u_dut/clk
                         FDCE                                         r  u_dut/rd_cmd_lfnst_index_q_reg[1]/C
                         clock pessimism              0.282     5.145    
                         clock uncertainty           -0.035     5.110    
                         FDCE (Setup_FDCE_C_CE)      -0.061     5.049    u_dut/rd_cmd_lfnst_index_q_reg[1]
  -------------------------------------------------------------------
                         required time                          5.049    
                         arrival time                          -5.373    
  -------------------------------------------------------------------
                         slack                                 -0.324    

Slack (VIOLATED) :        -0.324ns  (required time - arrival time)
  Source:                 u_dut/u_unified_p4_kernel/reserved_groups_q_reg[1]/C
                            (rising edge-triggered cell FDCE clocked by clk  {rise@0.000ns fall@1.000ns period=2.000ns})
  Destination:            u_dut/rd_cmd_lfnst_index_q_reg[2]/CE
                            (rising edge-triggered cell FDCE clocked by clk  {rise@0.000ns fall@1.000ns period=2.000ns})
  Path Group:             clk
  Path Type:              Setup (Max at Slow Process Corner)
  Requirement:            2.000ns  (clk rise@2.000ns - clk rise@0.000ns)
  Data Path Delay:        2.083ns  (logic 0.456ns (21.892%)  route 1.627ns (78.109%))
  Logic Levels:           7  (LUT3=1 LUT4=1 LUT5=2 LUT6=3)
  Clock Path Skew:        -0.145ns (DCD - SCD + CPR)
    Destination Clock Delay (DCD):    2.863ns = ( 4.863 - 2.000 ) 
    Source Clock Delay      (SCD):    3.290ns
    Clock Pessimism Removal (CPR):    0.282ns
  Clock Uncertainty:      0.035ns  ((TSJ^2 + TIJ^2)^1/2 + DJ) / 2 + PE + UU
    Total System Jitter     (TSJ):    0.071ns
    Total Input Jitter      (TIJ):    0.000ns
    Discrete Jitter          (DJ):    0.000ns
    Phase Error              (PE):    0.000ns
    User Uncertainty         (UU):    0.000ns

    Location             Delay type                Incr(ns)  Path(ns)    Netlist Resource(s)
  -------------------------------------------------------------------    -------------------
                         (clock clk rise edge)        0.000     0.000 r  
                                                      0.000     0.000 r  clk (IN)
                         net (fo=0)                   0.000     0.000    u_boundary_ibuf/I
                         INBUF (Prop_INBUF_PAD_O)     0.517     0.517 r  u_boundary_ibuf/INBUF_INST/O
                         net (fo=1, unplaced)         0.000     0.517    u_boundary_ibuf/OUT
                         IBUFCTRL (Prop_IBUFCTRL_I_O)
                                                      0.000     0.517 r  u_boundary_ibuf/IBUFCTRL_INST/O
                         net (fo=1, unplaced)         0.161     0.678    clk_ibuf
                         BUFGCE (Prop_BUFGCE_I_O)     0.028     0.706 r  u_boundary_bufg/O
                         net (fo=26835, unplaced)     2.584     3.290    u_dut/u_unified_p4_kernel/clk
                         FDCE                                         r  u_dut/u_unified_p4_kernel/reserved_groups_q_reg[1]/C
  -------------------------------------------------------------------    -------------------
                         FDCE (Prop_FDCE_C_Q)         0.078     3.368 r  u_dut/u_unified_p4_kernel/reserved_groups_q_reg[1]/Q
                         net (fo=5, unplaced)         0.172     3.540    u_dut/u_unified_p4_kernel/reserved_groups_q[1]
                         LUT6 (Prop_LUT6_I0_O)        0.150     3.690 r  u_dut/u_unified_p4_kernel/input_group_fire_INST_0_i_8/O
                         net (fo=2, unplaced)         0.186     3.876    u_dut/u_unified_p4_kernel/input_group_fire_INST_0_i_8_n_0
                         LUT3 (Prop_LUT3_I0_O)        0.038     3.914 r  u_dut/u_unified_p4_kernel/input_group_fire_INST_0_i_7/O
                         net (fo=1, unplaced)         0.186     4.100    u_dut/u_unified_p4_kernel/input_group_fire_INST_0_i_7_n_0
                         LUT5 (Prop_LUT5_I2_O)        0.038     4.138 f  u_dut/u_unified_p4_kernel/input_group_fire_INST_0_i_3/O
                         net (fo=1, unplaced)         0.186     4.324    u_dut/u_unified_p4_kernel/input_group_fire_INST_0_i_3_n_0
                         LUT6 (Prop_LUT6_I3_O)        0.038     4.362 r  u_dut/u_unified_p4_kernel/input_group_fire_INST_0_i_1/O
                         net (fo=2, unplaced)         0.186     4.548    u_dut/u_unified_p4_kernel/ingress_valid_q42_in
                         LUT4 (Prop_LUT4_I3_O)        0.038     4.586 r  u_dut/u_unified_p4_kernel/input_group_fire_INST_0/O
                         net (fo=92, unplaced)        0.270     4.856    u_dut/kernel_input_group_fire
                         LUT5 (Prop_LUT5_I1_O)        0.038     4.894 r  u_dut/rd_cmd_bank_mask_q[3]_i_1/O
                         net (fo=11, unplaced)        0.221     5.115    u_dut/rd_cmd_ready
                         LUT6 (Prop_LUT6_I0_O)        0.038     5.153 r  u_dut/rd_cmd_group_q[4]_i_1/O
                         net (fo=79, unplaced)        0.220     5.373    u_dut/rd_cmd_accept
                         FDCE                                         r  u_dut/rd_cmd_lfnst_index_q_reg[2]/CE
  -------------------------------------------------------------------    -------------------

                         (clock clk rise edge)        2.000     2.000 r  
                                                      0.000     2.000 r  clk (IN)
                         net (fo=0)                   0.000     2.000    u_boundary_ibuf/I
                         INBUF (Prop_INBUF_PAD_O)     0.267     2.267 r  u_boundary_ibuf/INBUF_INST/O
                         net (fo=1, unplaced)         0.000     2.267    u_boundary_ibuf/OUT
                         IBUFCTRL (Prop_IBUFCTRL_I_O)
                                                      0.000     2.267 r  u_boundary_ibuf/IBUFCTRL_INST/O
                         net (fo=1, unplaced)         0.133     2.400    clk_ibuf
                         BUFGCE (Prop_BUFGCE_I_O)     0.024     2.424 r  u_boundary_bufg/O
                         net (fo=26835, unplaced)     2.439     4.863    u_dut/clk
                         FDCE                                         r  u_dut/rd_cmd_lfnst_index_q_reg[2]/C
                         clock pessimism              0.282     5.145    
                         clock uncertainty           -0.035     5.110    
                         FDCE (Setup_FDCE_C_CE)      -0.061     5.049    u_dut/rd_cmd_lfnst_index_q_reg[2]
  -------------------------------------------------------------------
                         required time                          5.049    
                         arrival time                          -5.373    
  -------------------------------------------------------------------
                         slack                                 -0.324    

Slack (VIOLATED) :        -0.324ns  (required time - arrival time)
  Source:                 u_dut/u_unified_p4_kernel/reserved_groups_q_reg[1]/C
                            (rising edge-triggered cell FDCE clocked by clk  {rise@0.000ns fall@1.000ns period=2.000ns})
  Destination:            u_dut/rd_cmd_lfnst_index_q_reg[3]/CE
                            (rising edge-triggered cell FDCE clocked by clk  {rise@0.000ns fall@1.000ns period=2.000ns})
  Path Group:             clk
  Path Type:              Setup (Max at Slow Process Corner)
  Requirement:            2.000ns  (clk rise@2.000ns - clk rise@0.000ns)
  Data Path Delay:        2.083ns  (logic 0.456ns (21.892%)  route 1.627ns (78.109%))
  Logic Levels:           7  (LUT3=1 LUT4=1 LUT5=2 LUT6=3)
  Clock Path Skew:        -0.145ns (DCD - SCD + CPR)
    Destination Clock Delay (DCD):    2.863ns = ( 4.863 - 2.000 ) 
    Source Clock Delay      (SCD):    3.290ns
    Clock Pessimism Removal (CPR):    0.282ns
  Clock Uncertainty:      0.035ns  ((TSJ^2 + TIJ^2)^1/2 + DJ) / 2 + PE + UU
    Total System Jitter     (TSJ):    0.071ns
    Total Input Jitter      (TIJ):    0.000ns
    Discrete Jitter          (DJ):    0.000ns
    Phase Error              (PE):    0.000ns
    User Uncertainty         (UU):    0.000ns

    Location             Delay type                Incr(ns)  Path(ns)    Netlist Resource(s)
  -------------------------------------------------------------------    -------------------
                         (clock clk rise edge)        0.000     0.000 r  
                                                      0.000     0.000 r  clk (IN)
                         net (fo=0)                   0.000     0.000    u_boundary_ibuf/I
                         INBUF (Prop_INBUF_PAD_O)     0.517     0.517 r  u_boundary_ibuf/INBUF_INST/O
                         net (fo=1, unplaced)         0.000     0.517    u_boundary_ibuf/OUT
                         IBUFCTRL (Prop_IBUFCTRL_I_O)
                                                      0.000     0.517 r  u_boundary_ibuf/IBUFCTRL_INST/O
                         net (fo=1, unplaced)         0.161     0.678    clk_ibuf
                         BUFGCE (Prop_BUFGCE_I_O)     0.028     0.706 r  u_boundary_bufg/O
                         net (fo=26835, unplaced)     2.584     3.290    u_dut/u_unified_p4_kernel/clk
                         FDCE                                         r  u_dut/u_unified_p4_kernel/reserved_groups_q_reg[1]/C
  -------------------------------------------------------------------    -------------------
                         FDCE (Prop_FDCE_C_Q)         0.078     3.368 r  u_dut/u_unified_p4_kernel/reserved_groups_q_reg[1]/Q
                         net (fo=5, unplaced)         0.172     3.540    u_dut/u_unified_p4_kernel/reserved_groups_q[1]
                         LUT6 (Prop_LUT6_I0_O)        0.150     3.690 r  u_dut/u_unified_p4_kernel/input_group_fire_INST_0_i_8/O
                         net (fo=2, unplaced)         0.186     3.876    u_dut/u_unified_p4_kernel/input_group_fire_INST_0_i_8_n_0
                         LUT3 (Prop_LUT3_I0_O)        0.038     3.914 r  u_dut/u_unified_p4_kernel/input_group_fire_INST_0_i_7/O
                         net (fo=1, unplaced)         0.186     4.100    u_dut/u_unified_p4_kernel/input_group_fire_INST_0_i_7_n_0
                         LUT5 (Prop_LUT5_I2_O)        0.038     4.138 f  u_dut/u_unified_p4_kernel/input_group_fire_INST_0_i_3/O
                         net (fo=1, unplaced)         0.186     4.324    u_dut/u_unified_p4_kernel/input_group_fire_INST_0_i_3_n_0
                         LUT6 (Prop_LUT6_I3_O)        0.038     4.362 r  u_dut/u_unified_p4_kernel/input_group_fire_INST_0_i_1/O
                         net (fo=2, unplaced)         0.186     4.548    u_dut/u_unified_p4_kernel/ingress_valid_q42_in
                         LUT4 (Prop_LUT4_I3_O)        0.038     4.586 r  u_dut/u_unified_p4_kernel/input_group_fire_INST_0/O
                         net (fo=92, unplaced)        0.270     4.856    u_dut/kernel_input_group_fire
                         LUT5 (Prop_LUT5_I1_O)        0.038     4.894 r  u_dut/rd_cmd_bank_mask_q[3]_i_1/O
                         net (fo=11, unplaced)        0.221     5.115    u_dut/rd_cmd_ready
                         LUT6 (Prop_LUT6_I0_O)        0.038     5.153 r  u_dut/rd_cmd_group_q[4]_i_1/O
                         net (fo=79, unplaced)        0.220     5.373    u_dut/rd_cmd_accept
                         FDCE                                         r  u_dut/rd_cmd_lfnst_index_q_reg[3]/CE
  -------------------------------------------------------------------    -------------------

                         (clock clk rise edge)        2.000     2.000 r  
                                                      0.000     2.000 r  clk (IN)
                         net (fo=0)                   0.000     2.000    u_boundary_ibuf/I
                         INBUF (Prop_INBUF_PAD_O)     0.267     2.267 r  u_boundary_ibuf/INBUF_INST/O
                         net (fo=1, unplaced)         0.000     2.267    u_boundary_ibuf/OUT
                         IBUFCTRL (Prop_IBUFCTRL_I_O)
                                                      0.000     2.267 r  u_boundary_ibuf/IBUFCTRL_INST/O
                         net (fo=1, unplaced)         0.133     2.400    clk_ibuf
                         BUFGCE (Prop_BUFGCE_I_O)     0.024     2.424 r  u_boundary_bufg/O
                         net (fo=26835, unplaced)     2.439     4.863    u_dut/clk
                         FDCE                                         r  u_dut/rd_cmd_lfnst_index_q_reg[3]/C
                         clock pessimism              0.282     5.145    
                         clock uncertainty           -0.035     5.110    
                         FDCE (Setup_FDCE_C_CE)      -0.061     5.049    u_dut/rd_cmd_lfnst_index_q_reg[3]
  -------------------------------------------------------------------
                         required time                          5.049    
                         arrival time                          -5.373    
  -------------------------------------------------------------------
                         slack                                 -0.324    

Slack (VIOLATED) :        -0.324ns  (required time - arrival time)
  Source:                 u_dut/u_unified_p4_kernel/reserved_groups_q_reg[1]/C
                            (rising edge-triggered cell FDCE clocked by clk  {rise@0.000ns fall@1.000ns period=2.000ns})
  Destination:            u_dut/rd_cmd_lfnst_index_q_reg[4]/CE
                            (rising edge-triggered cell FDCE clocked by clk  {rise@0.000ns fall@1.000ns period=2.000ns})
  Path Group:             clk
  Path Type:              Setup (Max at Slow Process Corner)
  Requirement:            2.000ns  (clk rise@2.000ns - clk rise@0.000ns)
  Data Path Delay:        2.083ns  (logic 0.456ns (21.892%)  route 1.627ns (78.109%))
  Logic Levels:           7  (LUT3=1 LUT4=1 LUT5=2 LUT6=3)
  Clock Path Skew:        -0.145ns (DCD - SCD + CPR)
    Destination Clock Delay (DCD):    2.863ns = ( 4.863 - 2.000 ) 
    Source Clock Delay      (SCD):    3.290ns
    Clock Pessimism Removal (CPR):    0.282ns
  Clock Uncertainty:      0.035ns  ((TSJ^2 + TIJ^2)^1/2 + DJ) / 2 + PE + UU
    Total System Jitter     (TSJ):    0.071ns
    Total Input Jitter      (TIJ):    0.000ns
    Discrete Jitter          (DJ):    0.000ns
    Phase Error              (PE):    0.000ns
    User Uncertainty         (UU):    0.000ns

    Location             Delay type                Incr(ns)  Path(ns)    Netlist Resource(s)
  -------------------------------------------------------------------    -------------------
                         (clock clk rise edge)        0.000     0.000 r  
                                                      0.000     0.000 r  clk (IN)
                         net (fo=0)                   0.000     0.000    u_boundary_ibuf/I
                         INBUF (Prop_INBUF_PAD_O)     0.517     0.517 r  u_boundary_ibuf/INBUF_INST/O
                         net (fo=1, unplaced)         0.000     0.517    u_boundary_ibuf/OUT
                         IBUFCTRL (Prop_IBUFCTRL_I_O)
                                                      0.000     0.517 r  u_boundary_ibuf/IBUFCTRL_INST/O
                         net (fo=1, unplaced)         0.161     0.678    clk_ibuf
                         BUFGCE (Prop_BUFGCE_I_O)     0.028     0.706 r  u_boundary_bufg/O
                         net (fo=26835, unplaced)     2.584     3.290    u_dut/u_unified_p4_kernel/clk
                         FDCE                                         r  u_dut/u_unified_p4_kernel/reserved_groups_q_reg[1]/C
  -------------------------------------------------------------------    -------------------
                         FDCE (Prop_FDCE_C_Q)         0.078     3.368 r  u_dut/u_unified_p4_kernel/reserved_groups_q_reg[1]/Q
                         net (fo=5, unplaced)         0.172     3.540    u_dut/u_unified_p4_kernel/reserved_groups_q[1]
                         LUT6 (Prop_LUT6_I0_O)        0.150     3.690 r  u_dut/u_unified_p4_kernel/input_group_fire_INST_0_i_8/O
                         net (fo=2, unplaced)         0.186     3.876    u_dut/u_unified_p4_kernel/input_group_fire_INST_0_i_8_n_0
                         LUT3 (Prop_LUT3_I0_O)        0.038     3.914 r  u_dut/u_unified_p4_kernel/input_group_fire_INST_0_i_7/O
                         net (fo=1, unplaced)         0.186     4.100    u_dut/u_unified_p4_kernel/input_group_fire_INST_0_i_7_n_0
                         LUT5 (Prop_LUT5_I2_O)        0.038     4.138 f  u_dut/u_unified_p4_kernel/input_group_fire_INST_0_i_3/O
                         net (fo=1, unplaced)         0.186     4.324    u_dut/u_unified_p4_kernel/input_group_fire_INST_0_i_3_n_0
                         LUT6 (Prop_LUT6_I3_O)        0.038     4.362 r  u_dut/u_unified_p4_kernel/input_group_fire_INST_0_i_1/O
                         net (fo=2, unplaced)         0.186     4.548    u_dut/u_unified_p4_kernel/ingress_valid_q42_in
                         LUT4 (Prop_LUT4_I3_O)        0.038     4.586 r  u_dut/u_unified_p4_kernel/input_group_fire_INST_0/O
                         net (fo=92, unplaced)        0.270     4.856    u_dut/kernel_input_group_fire
                         LUT5 (Prop_LUT5_I1_O)        0.038     4.894 r  u_dut/rd_cmd_bank_mask_q[3]_i_1/O
                         net (fo=11, unplaced)        0.221     5.115    u_dut/rd_cmd_ready
                         LUT6 (Prop_LUT6_I0_O)        0.038     5.153 r  u_dut/rd_cmd_group_q[4]_i_1/O
                         net (fo=79, unplaced)        0.220     5.373    u_dut/rd_cmd_accept
                         FDCE                                         r  u_dut/rd_cmd_lfnst_index_q_reg[4]/CE
  -------------------------------------------------------------------    -------------------

                         (clock clk rise edge)        2.000     2.000 r  
                                                      0.000     2.000 r  clk (IN)
                         net (fo=0)                   0.000     2.000    u_boundary_ibuf/I
                         INBUF (Prop_INBUF_PAD_O)     0.267     2.267 r  u_boundary_ibuf/INBUF_INST/O
                         net (fo=1, unplaced)         0.000     2.267    u_boundary_ibuf/OUT
                         IBUFCTRL (Prop_IBUFCTRL_I_O)
                                                      0.000     2.267 r  u_boundary_ibuf/IBUFCTRL_INST/O
                         net (fo=1, unplaced)         0.133     2.400    clk_ibuf
                         BUFGCE (Prop_BUFGCE_I_O)     0.024     2.424 r  u_boundary_bufg/O
                         net (fo=26835, unplaced)     2.439     4.863    u_dut/clk
                         FDCE                                         r  u_dut/rd_cmd_lfnst_index_q_reg[4]/C
                         clock pessimism              0.282     5.145    
                         clock uncertainty           -0.035     5.110    
                         FDCE (Setup_FDCE_C_CE)      -0.061     5.049    u_dut/rd_cmd_lfnst_index_q_reg[4]
  -------------------------------------------------------------------
                         required time                          5.049    
                         arrival time                          -5.373    
  -------------------------------------------------------------------
                         slack                                 -0.324    

Slack (VIOLATED) :        -0.324ns  (required time - arrival time)
  Source:                 u_dut/u_unified_p4_kernel/reserved_groups_q_reg[1]/C
                            (rising edge-triggered cell FDCE clocked by clk  {rise@0.000ns fall@1.000ns period=2.000ns})
  Destination:            u_dut/rd_cmd_lfnst_last_q_reg/CE
                            (rising edge-triggered cell FDCE clocked by clk  {rise@0.000ns fall@1.000ns period=2.000ns})
  Path Group:             clk
  Path Type:              Setup (Max at Slow Process Corner)
  Requirement:            2.000ns  (clk rise@2.000ns - clk rise@0.000ns)
  Data Path Delay:        2.083ns  (logic 0.456ns (21.892%)  route 1.627ns (78.109%))
  Logic Levels:           7  (LUT3=1 LUT4=1 LUT5=2 LUT6=3)
  Clock Path Skew:        -0.145ns (DCD - SCD + CPR)
    Destination Clock Delay (DCD):    2.863ns = ( 4.863 - 2.000 ) 
    Source Clock Delay      (SCD):    3.290ns
    Clock Pessimism Removal (CPR):    0.282ns
  Clock Uncertainty:      0.035ns  ((TSJ^2 + TIJ^2)^1/2 + DJ) / 2 + PE + UU
    Total System Jitter     (TSJ):    0.071ns
    Total Input Jitter      (TIJ):    0.000ns
    Discrete Jitter          (DJ):    0.000ns
    Phase Error              (PE):    0.000ns
    User Uncertainty         (UU):    0.000ns

    Location             Delay type                Incr(ns)  Path(ns)    Netlist Resource(s)
  -------------------------------------------------------------------    -------------------
                         (clock clk rise edge)        0.000     0.000 r  
                                                      0.000     0.000 r  clk (IN)
                         net (fo=0)                   0.000     0.000    u_boundary_ibuf/I
                         INBUF (Prop_INBUF_PAD_O)     0.517     0.517 r  u_boundary_ibuf/INBUF_INST/O
                         net (fo=1, unplaced)         0.000     0.517    u_boundary_ibuf/OUT
                         IBUFCTRL (Prop_IBUFCTRL_I_O)
                                                      0.000     0.517 r  u_boundary_ibuf/IBUFCTRL_INST/O
                         net (fo=1, unplaced)         0.161     0.678    clk_ibuf
                         BUFGCE (Prop_BUFGCE_I_O)     0.028     0.706 r  u_boundary_bufg/O
                         net (fo=26835, unplaced)     2.584     3.290    u_dut/u_unified_p4_kernel/clk
                         FDCE                                         r  u_dut/u_unified_p4_kernel/reserved_groups_q_reg[1]/C
  -------------------------------------------------------------------    -------------------
                         FDCE (Prop_FDCE_C_Q)         0.078     3.368 r  u_dut/u_unified_p4_kernel/reserved_groups_q_reg[1]/Q
                         net (fo=5, unplaced)         0.172     3.540    u_dut/u_unified_p4_kernel/reserved_groups_q[1]
                         LUT6 (Prop_LUT6_I0_O)        0.150     3.690 r  u_dut/u_unified_p4_kernel/input_group_fire_INST_0_i_8/O
                         net (fo=2, unplaced)         0.186     3.876    u_dut/u_unified_p4_kernel/input_group_fire_INST_0_i_8_n_0
                         LUT3 (Prop_LUT3_I0_O)        0.038     3.914 r  u_dut/u_unified_p4_kernel/input_group_fire_INST_0_i_7/O
                         net (fo=1, unplaced)         0.186     4.100    u_dut/u_unified_p4_kernel/input_group_fire_INST_0_i_7_n_0
                         LUT5 (Prop_LUT5_I2_O)        0.038     4.138 f  u_dut/u_unified_p4_kernel/input_group_fire_INST_0_i_3/O
                         net (fo=1, unplaced)         0.186     4.324    u_dut/u_unified_p4_kernel/input_group_fire_INST_0_i_3_n_0
                         LUT6 (Prop_LUT6_I3_O)        0.038     4.362 r  u_dut/u_unified_p4_kernel/input_group_fire_INST_0_i_1/O
                         net (fo=2, unplaced)         0.186     4.548    u_dut/u_unified_p4_kernel/ingress_valid_q42_in
                         LUT4 (Prop_LUT4_I3_O)        0.038     4.586 r  u_dut/u_unified_p4_kernel/input_group_fire_INST_0/O
                         net (fo=92, unplaced)        0.270     4.856    u_dut/kernel_input_group_fire
                         LUT5 (Prop_LUT5_I1_O)        0.038     4.894 r  u_dut/rd_cmd_bank_mask_q[3]_i_1/O
                         net (fo=11, unplaced)        0.221     5.115    u_dut/rd_cmd_ready
                         LUT6 (Prop_LUT6_I0_O)        0.038     5.153 r  u_dut/rd_cmd_group_q[4]_i_1/O
                         net (fo=79, unplaced)        0.220     5.373    u_dut/rd_cmd_accept
                         FDCE                                         r  u_dut/rd_cmd_lfnst_last_q_reg/CE
  -------------------------------------------------------------------    -------------------

                         (clock clk rise edge)        2.000     2.000 r  
                                                      0.000     2.000 r  clk (IN)
                         net (fo=0)                   0.000     2.000    u_boundary_ibuf/I
                         INBUF (Prop_INBUF_PAD_O)     0.267     2.267 r  u_boundary_ibuf/INBUF_INST/O
                         net (fo=1, unplaced)         0.000     2.267    u_boundary_ibuf/OUT
                         IBUFCTRL (Prop_IBUFCTRL_I_O)
                                                      0.000     2.267 r  u_boundary_ibuf/IBUFCTRL_INST/O
                         net (fo=1, unplaced)         0.133     2.400    clk_ibuf
                         BUFGCE (Prop_BUFGCE_I_O)     0.024     2.424 r  u_boundary_bufg/O
                         net (fo=26835, unplaced)     2.439     4.863    u_dut/clk
                         FDCE                                         r  u_dut/rd_cmd_lfnst_last_q_reg/C
                         clock pessimism              0.282     5.145    
                         clock uncertainty           -0.035     5.110    
                         FDCE (Setup_FDCE_C_CE)      -0.061     5.049    u_dut/rd_cmd_lfnst_last_q_reg
  -------------------------------------------------------------------
                         required time                          5.049    
                         arrival time                          -5.373    
  -------------------------------------------------------------------
                         slack                                 -0.324    

Slack (VIOLATED) :        -0.324ns  (required time - arrival time)
  Source:                 u_dut/u_unified_p4_kernel/reserved_groups_q_reg[1]/C
                            (rising edge-triggered cell FDCE clocked by clk  {rise@0.000ns fall@1.000ns period=2.000ns})
  Destination:            u_dut/rd_cmd_lfnst_valid_q_reg/CE
                            (rising edge-triggered cell FDCE clocked by clk  {rise@0.000ns fall@1.000ns period=2.000ns})
  Path Group:             clk
  Path Type:              Setup (Max at Slow Process Corner)
  Requirement:            2.000ns  (clk rise@2.000ns - clk rise@0.000ns)
  Data Path Delay:        2.083ns  (logic 0.456ns (21.892%)  route 1.627ns (78.109%))
  Logic Levels:           7  (LUT3=1 LUT4=1 LUT5=2 LUT6=3)
  Clock Path Skew:        -0.145ns (DCD - SCD + CPR)
    Destination Clock Delay (DCD):    2.863ns = ( 4.863 - 2.000 ) 
    Source Clock Delay      (SCD):    3.290ns
    Clock Pessimism Removal (CPR):    0.282ns
  Clock Uncertainty:      0.035ns  ((TSJ^2 + TIJ^2)^1/2 + DJ) / 2 + PE + UU
    Total System Jitter     (TSJ):    0.071ns
    Total Input Jitter      (TIJ):    0.000ns
    Discrete Jitter          (DJ):    0.000ns
    Phase Error              (PE):    0.000ns
    User Uncertainty         (UU):    0.000ns

    Location             Delay type                Incr(ns)  Path(ns)    Netlist Resource(s)
  -------------------------------------------------------------------    -------------------
                         (clock clk rise edge)        0.000     0.000 r  
                                                      0.000     0.000 r  clk (IN)
                         net (fo=0)                   0.000     0.000    u_boundary_ibuf/I
                         INBUF (Prop_INBUF_PAD_O)     0.517     0.517 r  u_boundary_ibuf/INBUF_INST/O
                         net (fo=1, unplaced)         0.000     0.517    u_boundary_ibuf/OUT
                         IBUFCTRL (Prop_IBUFCTRL_I_O)
                                                      0.000     0.517 r  u_boundary_ibuf/IBUFCTRL_INST/O
                         net (fo=1, unplaced)         0.161     0.678    clk_ibuf
                         BUFGCE (Prop_BUFGCE_I_O)     0.028     0.706 r  u_boundary_bufg/O
                         net (fo=26835, unplaced)     2.584     3.290    u_dut/u_unified_p4_kernel/clk
                         FDCE                                         r  u_dut/u_unified_p4_kernel/reserved_groups_q_reg[1]/C
  -------------------------------------------------------------------    -------------------
                         FDCE (Prop_FDCE_C_Q)         0.078     3.368 r  u_dut/u_unified_p4_kernel/reserved_groups_q_reg[1]/Q
                         net (fo=5, unplaced)         0.172     3.540    u_dut/u_unified_p4_kernel/reserved_groups_q[1]
                         LUT6 (Prop_LUT6_I0_O)        0.150     3.690 r  u_dut/u_unified_p4_kernel/input_group_fire_INST_0_i_8/O
                         net (fo=2, unplaced)         0.186     3.876    u_dut/u_unified_p4_kernel/input_group_fire_INST_0_i_8_n_0
                         LUT3 (Prop_LUT3_I0_O)        0.038     3.914 r  u_dut/u_unified_p4_kernel/input_group_fire_INST_0_i_7/O
                         net (fo=1, unplaced)         0.186     4.100    u_dut/u_unified_p4_kernel/input_group_fire_INST_0_i_7_n_0
                         LUT5 (Prop_LUT5_I2_O)        0.038     4.138 f  u_dut/u_unified_p4_kernel/input_group_fire_INST_0_i_3/O
                         net (fo=1, unplaced)         0.186     4.324    u_dut/u_unified_p4_kernel/input_group_fire_INST_0_i_3_n_0
                         LUT6 (Prop_LUT6_I3_O)        0.038     4.362 r  u_dut/u_unified_p4_kernel/input_group_fire_INST_0_i_1/O
                         net (fo=2, unplaced)         0.186     4.548    u_dut/u_unified_p4_kernel/ingress_valid_q42_in
                         LUT4 (Prop_LUT4_I3_O)        0.038     4.586 r  u_dut/u_unified_p4_kernel/input_group_fire_INST_0/O
                         net (fo=92, unplaced)        0.270     4.856    u_dut/kernel_input_group_fire
                         LUT5 (Prop_LUT5_I1_O)        0.038     4.894 r  u_dut/rd_cmd_bank_mask_q[3]_i_1/O
                         net (fo=11, unplaced)        0.221     5.115    u_dut/rd_cmd_ready
                         LUT6 (Prop_LUT6_I0_O)        0.038     5.153 r  u_dut/rd_cmd_group_q[4]_i_1/O
                         net (fo=79, unplaced)        0.220     5.373    u_dut/rd_cmd_accept
                         FDCE                                         r  u_dut/rd_cmd_lfnst_valid_q_reg/CE
  -------------------------------------------------------------------    -------------------

                         (clock clk rise edge)        2.000     2.000 r  
                                                      0.000     2.000 r  clk (IN)
                         net (fo=0)                   0.000     2.000    u_boundary_ibuf/I
                         INBUF (Prop_INBUF_PAD_O)     0.267     2.267 r  u_boundary_ibuf/INBUF_INST/O
                         net (fo=1, unplaced)         0.000     2.267    u_boundary_ibuf/OUT
                         IBUFCTRL (Prop_IBUFCTRL_I_O)
                                                      0.000     2.267 r  u_boundary_ibuf/IBUFCTRL_INST/O
                         net (fo=1, unplaced)         0.133     2.400    clk_ibuf
                         BUFGCE (Prop_BUFGCE_I_O)     0.024     2.424 r  u_boundary_bufg/O
                         net (fo=26835, unplaced)     2.439     4.863    u_dut/clk
                         FDCE                                         r  u_dut/rd_cmd_lfnst_valid_q_reg/C
                         clock pessimism              0.282     5.145    
                         clock uncertainty           -0.035     5.110    
                         FDCE (Setup_FDCE_C_CE)      -0.061     5.049    u_dut/rd_cmd_lfnst_valid_q_reg
  -------------------------------------------------------------------
                         required time                          5.049    
                         arrival time                          -5.373    
  -------------------------------------------------------------------
                         slack                                 -0.324    

Slack (VIOLATED) :        -0.324ns  (required time - arrival time)
  Source:                 u_dut/u_unified_p4_kernel/reserved_groups_q_reg[1]/C
                            (rising edge-triggered cell FDCE clocked by clk  {rise@0.000ns fall@1.000ns period=2.000ns})
  Destination:            u_dut/rd_cmd_owner_q_reg/CE
                            (rising edge-triggered cell FDCE clocked by clk  {rise@0.000ns fall@1.000ns period=2.000ns})
  Path Group:             clk
  Path Type:              Setup (Max at Slow Process Corner)
  Requirement:            2.000ns  (clk rise@2.000ns - clk rise@0.000ns)
  Data Path Delay:        2.083ns  (logic 0.456ns (21.892%)  route 1.627ns (78.109%))
  Logic Levels:           7  (LUT3=1 LUT4=1 LUT5=2 LUT6=3)
  Clock Path Skew:        -0.145ns (DCD - SCD + CPR)
    Destination Clock Delay (DCD):    2.863ns = ( 4.863 - 2.000 ) 
    Source Clock Delay      (SCD):    3.290ns
    Clock Pessimism Removal (CPR):    0.282ns
  Clock Uncertainty:      0.035ns  ((TSJ^2 + TIJ^2)^1/2 + DJ) / 2 + PE + UU
    Total System Jitter     (TSJ):    0.071ns
    Total Input Jitter      (TIJ):    0.000ns
    Discrete Jitter          (DJ):    0.000ns
    Phase Error              (PE):    0.000ns
    User Uncertainty         (UU):    0.000ns

    Location             Delay type                Incr(ns)  Path(ns)    Netlist Resource(s)
  -------------------------------------------------------------------    -------------------
                         (clock clk rise edge)        0.000     0.000 r  
                                                      0.000     0.000 r  clk (IN)
                         net (fo=0)                   0.000     0.000    u_boundary_ibuf/I
                         INBUF (Prop_INBUF_PAD_O)     0.517     0.517 r  u_boundary_ibuf/INBUF_INST/O
                         net (fo=1, unplaced)         0.000     0.517    u_boundary_ibuf/OUT
                         IBUFCTRL (Prop_IBUFCTRL_I_O)
                                                      0.000     0.517 r  u_boundary_ibuf/IBUFCTRL_INST/O
                         net (fo=1, unplaced)         0.161     0.678    clk_ibuf
                         BUFGCE (Prop_BUFGCE_I_O)     0.028     0.706 r  u_boundary_bufg/O
                         net (fo=26835, unplaced)     2.584     3.290    u_dut/u_unified_p4_kernel/clk
                         FDCE                                         r  u_dut/u_unified_p4_kernel/reserved_groups_q_reg[1]/C
  -------------------------------------------------------------------    -------------------
                         FDCE (Prop_FDCE_C_Q)         0.078     3.368 r  u_dut/u_unified_p4_kernel/reserved_groups_q_reg[1]/Q
                         net (fo=5, unplaced)         0.172     3.540    u_dut/u_unified_p4_kernel/reserved_groups_q[1]
                         LUT6 (Prop_LUT6_I0_O)        0.150     3.690 r  u_dut/u_unified_p4_kernel/input_group_fire_INST_0_i_8/O
                         net (fo=2, unplaced)         0.186     3.876    u_dut/u_unified_p4_kernel/input_group_fire_INST_0_i_8_n_0
                         LUT3 (Prop_LUT3_I0_O)        0.038     3.914 r  u_dut/u_unified_p4_kernel/input_group_fire_INST_0_i_7/O
                         net (fo=1, unplaced)         0.186     4.100    u_dut/u_unified_p4_kernel/input_group_fire_INST_0_i_7_n_0
                         LUT5 (Prop_LUT5_I2_O)        0.038     4.138 f  u_dut/u_unified_p4_kernel/input_group_fire_INST_0_i_3/O
                         net (fo=1, unplaced)         0.186     4.324    u_dut/u_unified_p4_kernel/input_group_fire_INST_0_i_3_n_0
                         LUT6 (Prop_LUT6_I3_O)        0.038     4.362 r  u_dut/u_unified_p4_kernel/input_group_fire_INST_0_i_1/O
                         net (fo=2, unplaced)         0.186     4.548    u_dut/u_unified_p4_kernel/ingress_valid_q42_in
                         LUT4 (Prop_LUT4_I3_O)        0.038     4.586 r  u_dut/u_unified_p4_kernel/input_group_fire_INST_0/O
                         net (fo=92, unplaced)        0.270     4.856    u_dut/kernel_input_group_fire
                         LUT5 (Prop_LUT5_I1_O)        0.038     4.894 r  u_dut/rd_cmd_bank_mask_q[3]_i_1/O
                         net (fo=11, unplaced)        0.221     5.115    u_dut/rd_cmd_ready
                         LUT6 (Prop_LUT6_I0_O)        0.038     5.153 r  u_dut/rd_cmd_group_q[4]_i_1/O
                         net (fo=79, unplaced)        0.220     5.373    u_dut/rd_cmd_accept
                         FDCE                                         r  u_dut/rd_cmd_owner_q_reg/CE
  -------------------------------------------------------------------    -------------------

                         (clock clk rise edge)        2.000     2.000 r  
                                                      0.000     2.000 r  clk (IN)
                         net (fo=0)                   0.000     2.000    u_boundary_ibuf/I
                         INBUF (Prop_INBUF_PAD_O)     0.267     2.267 r  u_boundary_ibuf/INBUF_INST/O
                         net (fo=1, unplaced)         0.000     2.267    u_boundary_ibuf/OUT
                         IBUFCTRL (Prop_IBUFCTRL_I_O)
                                                      0.000     2.267 r  u_boundary_ibuf/IBUFCTRL_INST/O
                         net (fo=1, unplaced)         0.133     2.400    clk_ibuf
                         BUFGCE (Prop_BUFGCE_I_O)     0.024     2.424 r  u_boundary_bufg/O
                         net (fo=26835, unplaced)     2.439     4.863    u_dut/clk
                         FDCE                                         r  u_dut/rd_cmd_owner_q_reg/C
                         clock pessimism              0.282     5.145    
                         clock uncertainty           -0.035     5.110    
                         FDCE (Setup_FDCE_C_CE)      -0.061     5.049    u_dut/rd_cmd_owner_q_reg
  -------------------------------------------------------------------
                         required time                          5.049    
                         arrival time                          -5.373    
  -------------------------------------------------------------------
                         slack                                 -0.324    

Slack (VIOLATED) :        -0.324ns  (required time - arrival time)
  Source:                 u_dut/u_unified_p4_kernel/reserved_groups_q_reg[1]/C
                            (rising edge-triggered cell FDCE clocked by clk  {rise@0.000ns fall@1.000ns period=2.000ns})
  Destination:            u_dut/rd_cmd_slot_q_reg/CE
                            (rising edge-triggered cell FDCE clocked by clk  {rise@0.000ns fall@1.000ns period=2.000ns})
  Path Group:             clk
  Path Type:              Setup (Max at Slow Process Corner)
  Requirement:            2.000ns  (clk rise@2.000ns - clk rise@0.000ns)
  Data Path Delay:        2.083ns  (logic 0.456ns (21.892%)  route 1.627ns (78.109%))
  Logic Levels:           7  (LUT3=1 LUT4=1 LUT5=2 LUT6=3)
  Clock Path Skew:        -0.145ns (DCD - SCD + CPR)
    Destination Clock Delay (DCD):    2.863ns = ( 4.863 - 2.000 ) 
    Source Clock Delay      (SCD):    3.290ns
    Clock Pessimism Removal (CPR):    0.282ns
  Clock Uncertainty:      0.035ns  ((TSJ^2 + TIJ^2)^1/2 + DJ) / 2 + PE + UU
    Total System Jitter     (TSJ):    0.071ns
    Total Input Jitter      (TIJ):    0.000ns
    Discrete Jitter          (DJ):    0.000ns
    Phase Error              (PE):    0.000ns
    User Uncertainty         (UU):    0.000ns

    Location             Delay type                Incr(ns)  Path(ns)    Netlist Resource(s)
  -------------------------------------------------------------------    -------------------
                         (clock clk rise edge)        0.000     0.000 r  
                                                      0.000     0.000 r  clk (IN)
                         net (fo=0)                   0.000     0.000    u_boundary_ibuf/I
                         INBUF (Prop_INBUF_PAD_O)     0.517     0.517 r  u_boundary_ibuf/INBUF_INST/O
                         net (fo=1, unplaced)         0.000     0.517    u_boundary_ibuf/OUT
                         IBUFCTRL (Prop_IBUFCTRL_I_O)
                                                      0.000     0.517 r  u_boundary_ibuf/IBUFCTRL_INST/O
                         net (fo=1, unplaced)         0.161     0.678    clk_ibuf
                         BUFGCE (Prop_BUFGCE_I_O)     0.028     0.706 r  u_boundary_bufg/O
                         net (fo=26835, unplaced)     2.584     3.290    u_dut/u_unified_p4_kernel/clk
                         FDCE                                         r  u_dut/u_unified_p4_kernel/reserved_groups_q_reg[1]/C
  -------------------------------------------------------------------    -------------------
                         FDCE (Prop_FDCE_C_Q)         0.078     3.368 r  u_dut/u_unified_p4_kernel/reserved_groups_q_reg[1]/Q
                         net (fo=5, unplaced)         0.172     3.540    u_dut/u_unified_p4_kernel/reserved_groups_q[1]
                         LUT6 (Prop_LUT6_I0_O)        0.150     3.690 r  u_dut/u_unified_p4_kernel/input_group_fire_INST_0_i_8/O
                         net (fo=2, unplaced)         0.186     3.876    u_dut/u_unified_p4_kernel/input_group_fire_INST_0_i_8_n_0
                         LUT3 (Prop_LUT3_I0_O)        0.038     3.914 r  u_dut/u_unified_p4_kernel/input_group_fire_INST_0_i_7/O
                         net (fo=1, unplaced)         0.186     4.100    u_dut/u_unified_p4_kernel/input_group_fire_INST_0_i_7_n_0
                         LUT5 (Prop_LUT5_I2_O)        0.038     4.138 f  u_dut/u_unified_p4_kernel/input_group_fire_INST_0_i_3/O
                         net (fo=1, unplaced)         0.186     4.324    u_dut/u_unified_p4_kernel/input_group_fire_INST_0_i_3_n_0
                         LUT6 (Prop_LUT6_I3_O)        0.038     4.362 r  u_dut/u_unified_p4_kernel/input_group_fire_INST_0_i_1/O
                         net (fo=2, unplaced)         0.186     4.548    u_dut/u_unified_p4_kernel/ingress_valid_q42_in
                         LUT4 (Prop_LUT4_I3_O)        0.038     4.586 r  u_dut/u_unified_p4_kernel/input_group_fire_INST_0/O
                         net (fo=92, unplaced)        0.270     4.856    u_dut/kernel_input_group_fire
                         LUT5 (Prop_LUT5_I1_O)        0.038     4.894 r  u_dut/rd_cmd_bank_mask_q[3]_i_1/O
                         net (fo=11, unplaced)        0.221     5.115    u_dut/rd_cmd_ready
                         LUT6 (Prop_LUT6_I0_O)        0.038     5.153 r  u_dut/rd_cmd_group_q[4]_i_1/O
                         net (fo=79, unplaced)        0.220     5.373    u_dut/rd_cmd_accept
                         FDCE                                         r  u_dut/rd_cmd_slot_q_reg/CE
  -------------------------------------------------------------------    -------------------

                         (clock clk rise edge)        2.000     2.000 r  
                                                      0.000     2.000 r  clk (IN)
                         net (fo=0)                   0.000     2.000    u_boundary_ibuf/I
                         INBUF (Prop_INBUF_PAD_O)     0.267     2.267 r  u_boundary_ibuf/INBUF_INST/O
                         net (fo=1, unplaced)         0.000     2.267    u_boundary_ibuf/OUT
                         IBUFCTRL (Prop_IBUFCTRL_I_O)
                                                      0.000     2.267 r  u_boundary_ibuf/IBUFCTRL_INST/O
                         net (fo=1, unplaced)         0.133     2.400    clk_ibuf
                         BUFGCE (Prop_BUFGCE_I_O)     0.024     2.424 r  u_boundary_bufg/O
                         net (fo=26835, unplaced)     2.439     4.863    u_dut/clk
                         FDCE                                         r  u_dut/rd_cmd_slot_q_reg/C
                         clock pessimism              0.282     5.145    
                         clock uncertainty           -0.035     5.110    
                         FDCE (Setup_FDCE_C_CE)      -0.061     5.049    u_dut/rd_cmd_slot_q_reg
  -------------------------------------------------------------------
                         required time                          5.049    
                         arrival time                          -5.373    
  -------------------------------------------------------------------
                         slack                                 -0.324    

Slack (VIOLATED) :        -0.324ns  (required time - arrival time)
  Source:                 u_dut/u_unified_p4_kernel/reserved_groups_q_reg[1]/C
                            (rising edge-triggered cell FDCE clocked by clk  {rise@0.000ns fall@1.000ns period=2.000ns})
  Destination:            u_dut/rd_cmd_vector_q_reg[0]/CE
                            (rising edge-triggered cell FDCE clocked by clk  {rise@0.000ns fall@1.000ns period=2.000ns})
  Path Group:             clk
  Path Type:              Setup (Max at Slow Process Corner)
  Requirement:            2.000ns  (clk rise@2.000ns - clk rise@0.000ns)
  Data Path Delay:        2.083ns  (logic 0.456ns (21.892%)  route 1.627ns (78.109%))
  Logic Levels:           7  (LUT3=1 LUT4=1 LUT5=2 LUT6=3)
  Clock Path Skew:        -0.145ns (DCD - SCD + CPR)
    Destination Clock Delay (DCD):    2.863ns = ( 4.863 - 2.000 ) 
    Source Clock Delay      (SCD):    3.290ns
    Clock Pessimism Removal (CPR):    0.282ns
  Clock Uncertainty:      0.035ns  ((TSJ^2 + TIJ^2)^1/2 + DJ) / 2 + PE + UU
    Total System Jitter     (TSJ):    0.071ns
    Total Input Jitter      (TIJ):    0.000ns
    Discrete Jitter          (DJ):    0.000ns
    Phase Error              (PE):    0.000ns
    User Uncertainty         (UU):    0.000ns

    Location             Delay type                Incr(ns)  Path(ns)    Netlist Resource(s)
  -------------------------------------------------------------------    -------------------
                         (clock clk rise edge)        0.000     0.000 r  
                                                      0.000     0.000 r  clk (IN)
                         net (fo=0)                   0.000     0.000    u_boundary_ibuf/I
                         INBUF (Prop_INBUF_PAD_O)     0.517     0.517 r  u_boundary_ibuf/INBUF_INST/O
                         net (fo=1, unplaced)         0.000     0.517    u_boundary_ibuf/OUT
                         IBUFCTRL (Prop_IBUFCTRL_I_O)
                                                      0.000     0.517 r  u_boundary_ibuf/IBUFCTRL_INST/O
                         net (fo=1, unplaced)         0.161     0.678    clk_ibuf
                         BUFGCE (Prop_BUFGCE_I_O)     0.028     0.706 r  u_boundary_bufg/O
                         net (fo=26835, unplaced)     2.584     3.290    u_dut/u_unified_p4_kernel/clk
                         FDCE                                         r  u_dut/u_unified_p4_kernel/reserved_groups_q_reg[1]/C
  -------------------------------------------------------------------    -------------------
                         FDCE (Prop_FDCE_C_Q)         0.078     3.368 r  u_dut/u_unified_p4_kernel/reserved_groups_q_reg[1]/Q
                         net (fo=5, unplaced)         0.172     3.540    u_dut/u_unified_p4_kernel/reserved_groups_q[1]
                         LUT6 (Prop_LUT6_I0_O)        0.150     3.690 r  u_dut/u_unified_p4_kernel/input_group_fire_INST_0_i_8/O
                         net (fo=2, unplaced)         0.186     3.876    u_dut/u_unified_p4_kernel/input_group_fire_INST_0_i_8_n_0
                         LUT3 (Prop_LUT3_I0_O)        0.038     3.914 r  u_dut/u_unified_p4_kernel/input_group_fire_INST_0_i_7/O
                         net (fo=1, unplaced)         0.186     4.100    u_dut/u_unified_p4_kernel/input_group_fire_INST_0_i_7_n_0
                         LUT5 (Prop_LUT5_I2_O)        0.038     4.138 f  u_dut/u_unified_p4_kernel/input_group_fire_INST_0_i_3/O
                         net (fo=1, unplaced)         0.186     4.324    u_dut/u_unified_p4_kernel/input_group_fire_INST_0_i_3_n_0
                         LUT6 (Prop_LUT6_I3_O)        0.038     4.362 r  u_dut/u_unified_p4_kernel/input_group_fire_INST_0_i_1/O
                         net (fo=2, unplaced)         0.186     4.548    u_dut/u_unified_p4_kernel/ingress_valid_q42_in
                         LUT4 (Prop_LUT4_I3_O)        0.038     4.586 r  u_dut/u_unified_p4_kernel/input_group_fire_INST_0/O
                         net (fo=92, unplaced)        0.270     4.856    u_dut/kernel_input_group_fire
                         LUT5 (Prop_LUT5_I1_O)        0.038     4.894 r  u_dut/rd_cmd_bank_mask_q[3]_i_1/O
                         net (fo=11, unplaced)        0.221     5.115    u_dut/rd_cmd_ready
                         LUT6 (Prop_LUT6_I0_O)        0.038     5.153 r  u_dut/rd_cmd_group_q[4]_i_1/O
                         net (fo=79, unplaced)        0.220     5.373    u_dut/rd_cmd_accept
                         FDCE                                         r  u_dut/rd_cmd_vector_q_reg[0]/CE
  -------------------------------------------------------------------    -------------------

                         (clock clk rise edge)        2.000     2.000 r  
                                                      0.000     2.000 r  clk (IN)
                         net (fo=0)                   0.000     2.000    u_boundary_ibuf/I
                         INBUF (Prop_INBUF_PAD_O)     0.267     2.267 r  u_boundary_ibuf/INBUF_INST/O
                         net (fo=1, unplaced)         0.000     2.267    u_boundary_ibuf/OUT
                         IBUFCTRL (Prop_IBUFCTRL_I_O)
                                                      0.000     2.267 r  u_boundary_ibuf/IBUFCTRL_INST/O
                         net (fo=1, unplaced)         0.133     2.400    clk_ibuf
                         BUFGCE (Prop_BUFGCE_I_O)     0.024     2.424 r  u_boundary_bufg/O
                         net (fo=26835, unplaced)     2.439     4.863    u_dut/clk
                         FDCE                                         r  u_dut/rd_cmd_vector_q_reg[0]/C
                         clock pessimism              0.282     5.145    
                         clock uncertainty           -0.035     5.110    
                         FDCE (Setup_FDCE_C_CE)      -0.061     5.049    u_dut/rd_cmd_vector_q_reg[0]
  -------------------------------------------------------------------
                         required time                          5.049    
                         arrival time                          -5.373    
  -------------------------------------------------------------------
                         slack                                 -0.324    

Slack (VIOLATED) :        -0.324ns  (required time - arrival time)
  Source:                 u_dut/u_unified_p4_kernel/reserved_groups_q_reg[1]/C
                            (rising edge-triggered cell FDCE clocked by clk  {rise@0.000ns fall@1.000ns period=2.000ns})
  Destination:            u_dut/rd_cmd_vector_q_reg[1]/CE
                            (rising edge-triggered cell FDCE clocked by clk  {rise@0.000ns fall@1.000ns period=2.000ns})
  Path Group:             clk
  Path Type:              Setup (Max at Slow Process Corner)
  Requirement:            2.000ns  (clk rise@2.000ns - clk rise@0.000ns)
  Data Path Delay:        2.083ns  (logic 0.456ns (21.892%)  route 1.627ns (78.109%))
  Logic Levels:           7  (LUT3=1 LUT4=1 LUT5=2 LUT6=3)
  Clock Path Skew:        -0.145ns (DCD - SCD + CPR)
    Destination Clock Delay (DCD):    2.863ns = ( 4.863 - 2.000 ) 
    Source Clock Delay      (SCD):    3.290ns
    Clock Pessimism Removal (CPR):    0.282ns
  Clock Uncertainty:      0.035ns  ((TSJ^2 + TIJ^2)^1/2 + DJ) / 2 + PE + UU
    Total System Jitter     (TSJ):    0.071ns
    Total Input Jitter      (TIJ):    0.000ns
    Discrete Jitter          (DJ):    0.000ns
    Phase Error              (PE):    0.000ns
    User Uncertainty         (UU):    0.000ns

    Location             Delay type                Incr(ns)  Path(ns)    Netlist Resource(s)
  -------------------------------------------------------------------    -------------------
                         (clock clk rise edge)        0.000     0.000 r  
                                                      0.000     0.000 r  clk (IN)
                         net (fo=0)                   0.000     0.000    u_boundary_ibuf/I
                         INBUF (Prop_INBUF_PAD_O)     0.517     0.517 r  u_boundary_ibuf/INBUF_INST/O
                         net (fo=1, unplaced)         0.000     0.517    u_boundary_ibuf/OUT
                         IBUFCTRL (Prop_IBUFCTRL_I_O)
                                                      0.000     0.517 r  u_boundary_ibuf/IBUFCTRL_INST/O
                         net (fo=1, unplaced)         0.161     0.678    clk_ibuf
                         BUFGCE (Prop_BUFGCE_I_O)     0.028     0.706 r  u_boundary_bufg/O
                         net (fo=26835, unplaced)     2.584     3.290    u_dut/u_unified_p4_kernel/clk
                         FDCE                                         r  u_dut/u_unified_p4_kernel/reserved_groups_q_reg[1]/C
  -------------------------------------------------------------------    -------------------
                         FDCE (Prop_FDCE_C_Q)         0.078     3.368 r  u_dut/u_unified_p4_kernel/reserved_groups_q_reg[1]/Q
                         net (fo=5, unplaced)         0.172     3.540    u_dut/u_unified_p4_kernel/reserved_groups_q[1]
                         LUT6 (Prop_LUT6_I0_O)        0.150     3.690 r  u_dut/u_unified_p4_kernel/input_group_fire_INST_0_i_8/O
                         net (fo=2, unplaced)         0.186     3.876    u_dut/u_unified_p4_kernel/input_group_fire_INST_0_i_8_n_0
                         LUT3 (Prop_LUT3_I0_O)        0.038     3.914 r  u_dut/u_unified_p4_kernel/input_group_fire_INST_0_i_7/O
                         net (fo=1, unplaced)         0.186     4.100    u_dut/u_unified_p4_kernel/input_group_fire_INST_0_i_7_n_0
                         LUT5 (Prop_LUT5_I2_O)        0.038     4.138 f  u_dut/u_unified_p4_kernel/input_group_fire_INST_0_i_3/O
                         net (fo=1, unplaced)         0.186     4.324    u_dut/u_unified_p4_kernel/input_group_fire_INST_0_i_3_n_0
                         LUT6 (Prop_LUT6_I3_O)        0.038     4.362 r  u_dut/u_unified_p4_kernel/input_group_fire_INST_0_i_1/O
                         net (fo=2, unplaced)         0.186     4.548    u_dut/u_unified_p4_kernel/ingress_valid_q42_in
                         LUT4 (Prop_LUT4_I3_O)        0.038     4.586 r  u_dut/u_unified_p4_kernel/input_group_fire_INST_0/O
                         net (fo=92, unplaced)        0.270     4.856    u_dut/kernel_input_group_fire
                         LUT5 (Prop_LUT5_I1_O)        0.038     4.894 r  u_dut/rd_cmd_bank_mask_q[3]_i_1/O
                         net (fo=11, unplaced)        0.221     5.115    u_dut/rd_cmd_ready
                         LUT6 (Prop_LUT6_I0_O)        0.038     5.153 r  u_dut/rd_cmd_group_q[4]_i_1/O
                         net (fo=79, unplaced)        0.220     5.373    u_dut/rd_cmd_accept
                         FDCE                                         r  u_dut/rd_cmd_vector_q_reg[1]/CE
  -------------------------------------------------------------------    -------------------

                         (clock clk rise edge)        2.000     2.000 r  
                                                      0.000     2.000 r  clk (IN)
                         net (fo=0)                   0.000     2.000    u_boundary_ibuf/I
                         INBUF (Prop_INBUF_PAD_O)     0.267     2.267 r  u_boundary_ibuf/INBUF_INST/O
                         net (fo=1, unplaced)         0.000     2.267    u_boundary_ibuf/OUT
                         IBUFCTRL (Prop_IBUFCTRL_I_O)
                                                      0.000     2.267 r  u_boundary_ibuf/IBUFCTRL_INST/O
                         net (fo=1, unplaced)         0.133     2.400    clk_ibuf
                         BUFGCE (Prop_BUFGCE_I_O)     0.024     2.424 r  u_boundary_bufg/O
                         net (fo=26835, unplaced)     2.439     4.863    u_dut/clk
                         FDCE                                         r  u_dut/rd_cmd_vector_q_reg[1]/C
                         clock pessimism              0.282     5.145    
                         clock uncertainty           -0.035     5.110    
                         FDCE (Setup_FDCE_C_CE)      -0.061     5.049    u_dut/rd_cmd_vector_q_reg[1]
  -------------------------------------------------------------------
                         required time                          5.049    
                         arrival time                          -5.373    
  -------------------------------------------------------------------
                         slack                                 -0.324    

Slack (VIOLATED) :        -0.300ns  (required time - arrival time)
  Source:                 u_dut/u_unified_p4_kernel/reserved_groups_q_reg[1]/C
                            (rising edge-triggered cell FDCE clocked by clk  {rise@0.000ns fall@1.000ns period=2.000ns})
  Destination:            u_dut/kernel_h_rd_data_q_reg[0]/CE
                            (rising edge-triggered cell FDCE clocked by clk  {rise@0.000ns fall@1.000ns period=2.000ns})
  Path Group:             clk
  Path Type:              Setup (Max at Slow Process Corner)
  Requirement:            2.000ns  (clk rise@2.000ns - clk rise@0.000ns)
  Data Path Delay:        2.059ns  (logic 0.456ns (22.147%)  route 1.603ns (77.853%))
  Logic Levels:           7  (LUT3=1 LUT4=2 LUT5=1 LUT6=3)
  Clock Path Skew:        -0.145ns (DCD - SCD + CPR)
    Destination Clock Delay (DCD):    2.863ns = ( 4.863 - 2.000 ) 
    Source Clock Delay      (SCD):    3.290ns
    Clock Pessimism Removal (CPR):    0.282ns
  Clock Uncertainty:      0.035ns  ((TSJ^2 + TIJ^2)^1/2 + DJ) / 2 + PE + UU
    Total System Jitter     (TSJ):    0.071ns
    Total Input Jitter      (TIJ):    0.000ns
    Discrete Jitter          (DJ):    0.000ns
    Phase Error              (PE):    0.000ns
    User Uncertainty         (UU):    0.000ns

    Location             Delay type                Incr(ns)  Path(ns)    Netlist Resource(s)
  -------------------------------------------------------------------    -------------------
                         (clock clk rise edge)        0.000     0.000 r  
                                                      0.000     0.000 r  clk (IN)
                         net (fo=0)                   0.000     0.000    u_boundary_ibuf/I
                         INBUF (Prop_INBUF_PAD_O)     0.517     0.517 r  u_boundary_ibuf/INBUF_INST/O
                         net (fo=1, unplaced)         0.000     0.517    u_boundary_ibuf/OUT
                         IBUFCTRL (Prop_IBUFCTRL_I_O)
                                                      0.000     0.517 r  u_boundary_ibuf/IBUFCTRL_INST/O
                         net (fo=1, unplaced)         0.161     0.678    clk_ibuf
                         BUFGCE (Prop_BUFGCE_I_O)     0.028     0.706 r  u_boundary_bufg/O
                         net (fo=26835, unplaced)     2.584     3.290    u_dut/u_unified_p4_kernel/clk
                         FDCE                                         r  u_dut/u_unified_p4_kernel/reserved_groups_q_reg[1]/C
  -------------------------------------------------------------------    -------------------
                         FDCE (Prop_FDCE_C_Q)         0.078     3.368 r  u_dut/u_unified_p4_kernel/reserved_groups_q_reg[1]/Q
                         net (fo=5, unplaced)         0.172     3.540    u_dut/u_unified_p4_kernel/reserved_groups_q[1]
                         LUT6 (Prop_LUT6_I0_O)        0.150     3.690 r  u_dut/u_unified_p4_kernel/input_group_fire_INST_0_i_8/O
                         net (fo=2, unplaced)         0.186     3.876    u_dut/u_unified_p4_kernel/input_group_fire_INST_0_i_8_n_0
                         LUT3 (Prop_LUT3_I0_O)        0.038     3.914 r  u_dut/u_unified_p4_kernel/input_group_fire_INST_0_i_7/O
                         net (fo=1, unplaced)         0.186     4.100    u_dut/u_unified_p4_kernel/input_group_fire_INST_0_i_7_n_0
                         LUT5 (Prop_LUT5_I2_O)        0.038     4.138 f  u_dut/u_unified_p4_kernel/input_group_fire_INST_0_i_3/O
                         net (fo=1, unplaced)         0.186     4.324    u_dut/u_unified_p4_kernel/input_group_fire_INST_0_i_3_n_0
                         LUT6 (Prop_LUT6_I3_O)        0.038     4.362 r  u_dut/u_unified_p4_kernel/input_group_fire_INST_0_i_1/O
                         net (fo=2, unplaced)         0.186     4.548    u_dut/u_unified_p4_kernel/ingress_valid_q42_in
                         LUT4 (Prop_LUT4_I3_O)        0.038     4.586 r  u_dut/u_unified_p4_kernel/input_group_fire_INST_0/O
                         net (fo=92, unplaced)        0.270     4.856    u_dut/kernel_input_group_fire
                         LUT4 (Prop_LUT4_I3_O)        0.038     4.894 r  u_dut/kernel_h_rd_raw_tail_group_q[4]_i_2/O
                         net (fo=4, unplaced)         0.198     5.092    u_dut/kernel_h_rd_raw_tail_group_q[4]_i_2_n_0
                         LUT6 (Prop_LUT6_I1_O)        0.038     5.130 r  u_dut/kernel_h_rd_raw_group_q[4]_i_1/O
                         net (fo=76, unplaced)        0.219     5.349    u_dut/kernel_h_rd_raw_group_q[0]
                         FDCE                                         r  u_dut/kernel_h_rd_data_q_reg[0]/CE
  -------------------------------------------------------------------    -------------------

                         (clock clk rise edge)        2.000     2.000 r  
                                                      0.000     2.000 r  clk (IN)
                         net (fo=0)                   0.000     2.000    u_boundary_ibuf/I
                         INBUF (Prop_INBUF_PAD_O)     0.267     2.267 r  u_boundary_ibuf/INBUF_INST/O
                         net (fo=1, unplaced)         0.000     2.267    u_boundary_ibuf/OUT
                         IBUFCTRL (Prop_IBUFCTRL_I_O)
                                                      0.000     2.267 r  u_boundary_ibuf/IBUFCTRL_INST/O
                         net (fo=1, unplaced)         0.133     2.400    clk_ibuf
                         BUFGCE (Prop_BUFGCE_I_O)     0.024     2.424 r  u_boundary_bufg/O
                         net (fo=26835, unplaced)     2.439     4.863    u_dut/clk
                         FDCE                                         r  u_dut/kernel_h_rd_data_q_reg[0]/C
                         clock pessimism              0.282     5.145    
                         clock uncertainty           -0.035     5.110    
                         FDCE (Setup_FDCE_C_CE)      -0.061     5.049    u_dut/kernel_h_rd_data_q_reg[0]
  -------------------------------------------------------------------
                         required time                          5.049    
                         arrival time                          -5.349    
  -------------------------------------------------------------------
                         slack                                 -0.300    

Slack (VIOLATED) :        -0.300ns  (required time - arrival time)
  Source:                 u_dut/u_unified_p4_kernel/reserved_groups_q_reg[1]/C
                            (rising edge-triggered cell FDCE clocked by clk  {rise@0.000ns fall@1.000ns period=2.000ns})
  Destination:            u_dut/kernel_h_rd_data_q_reg[10]/CE
                            (rising edge-triggered cell FDCE clocked by clk  {rise@0.000ns fall@1.000ns period=2.000ns})
  Path Group:             clk
  Path Type:              Setup (Max at Slow Process Corner)
  Requirement:            2.000ns  (clk rise@2.000ns - clk rise@0.000ns)
  Data Path Delay:        2.059ns  (logic 0.456ns (22.147%)  route 1.603ns (77.853%))
  Logic Levels:           7  (LUT3=1 LUT4=2 LUT5=1 LUT6=3)
  Clock Path Skew:        -0.145ns (DCD - SCD + CPR)
    Destination Clock Delay (DCD):    2.863ns = ( 4.863 - 2.000 ) 
    Source Clock Delay      (SCD):    3.290ns
    Clock Pessimism Removal (CPR):    0.282ns
  Clock Uncertainty:      0.035ns  ((TSJ^2 + TIJ^2)^1/2 + DJ) / 2 + PE + UU
    Total System Jitter     (TSJ):    0.071ns
    Total Input Jitter      (TIJ):    0.000ns
    Discrete Jitter          (DJ):    0.000ns
    Phase Error              (PE):    0.000ns
    User Uncertainty         (UU):    0.000ns

    Location             Delay type                Incr(ns)  Path(ns)    Netlist Resource(s)
  -------------------------------------------------------------------    -------------------
                         (clock clk rise edge)        0.000     0.000 r  
                                                      0.000     0.000 r  clk (IN)
                         net (fo=0)                   0.000     0.000    u_boundary_ibuf/I
                         INBUF (Prop_INBUF_PAD_O)     0.517     0.517 r  u_boundary_ibuf/INBUF_INST/O
                         net (fo=1, unplaced)         0.000     0.517    u_boundary_ibuf/OUT
                         IBUFCTRL (Prop_IBUFCTRL_I_O)
                                                      0.000     0.517 r  u_boundary_ibuf/IBUFCTRL_INST/O
                         net (fo=1, unplaced)         0.161     0.678    clk_ibuf
                         BUFGCE (Prop_BUFGCE_I_O)     0.028     0.706 r  u_boundary_bufg/O
                         net (fo=26835, unplaced)     2.584     3.290    u_dut/u_unified_p4_kernel/clk
                         FDCE                                         r  u_dut/u_unified_p4_kernel/reserved_groups_q_reg[1]/C
  -------------------------------------------------------------------    -------------------
                         FDCE (Prop_FDCE_C_Q)         0.078     3.368 r  u_dut/u_unified_p4_kernel/reserved_groups_q_reg[1]/Q
                         net (fo=5, unplaced)         0.172     3.540    u_dut/u_unified_p4_kernel/reserved_groups_q[1]
                         LUT6 (Prop_LUT6_I0_O)        0.150     3.690 r  u_dut/u_unified_p4_kernel/input_group_fire_INST_0_i_8/O
                         net (fo=2, unplaced)         0.186     3.876    u_dut/u_unified_p4_kernel/input_group_fire_INST_0_i_8_n_0
                         LUT3 (Prop_LUT3_I0_O)        0.038     3.914 r  u_dut/u_unified_p4_kernel/input_group_fire_INST_0_i_7/O
                         net (fo=1, unplaced)         0.186     4.100    u_dut/u_unified_p4_kernel/input_group_fire_INST_0_i_7_n_0
                         LUT5 (Prop_LUT5_I2_O)        0.038     4.138 f  u_dut/u_unified_p4_kernel/input_group_fire_INST_0_i_3/O
                         net (fo=1, unplaced)         0.186     4.324    u_dut/u_unified_p4_kernel/input_group_fire_INST_0_i_3_n_0
                         LUT6 (Prop_LUT6_I3_O)        0.038     4.362 r  u_dut/u_unified_p4_kernel/input_group_fire_INST_0_i_1/O
                         net (fo=2, unplaced)         0.186     4.548    u_dut/u_unified_p4_kernel/ingress_valid_q42_in
                         LUT4 (Prop_LUT4_I3_O)        0.038     4.586 r  u_dut/u_unified_p4_kernel/input_group_fire_INST_0/O
                         net (fo=92, unplaced)        0.270     4.856    u_dut/kernel_input_group_fire
                         LUT4 (Prop_LUT4_I3_O)        0.038     4.894 r  u_dut/kernel_h_rd_raw_tail_group_q[4]_i_2/O
                         net (fo=4, unplaced)         0.198     5.092    u_dut/kernel_h_rd_raw_tail_group_q[4]_i_2_n_0
                         LUT6 (Prop_LUT6_I1_O)        0.038     5.130 r  u_dut/kernel_h_rd_raw_group_q[4]_i_1/O
                         net (fo=76, unplaced)        0.219     5.349    u_dut/kernel_h_rd_raw_group_q[0]
                         FDCE                                         r  u_dut/kernel_h_rd_data_q_reg[10]/CE
  -------------------------------------------------------------------    -------------------

                         (clock clk rise edge)        2.000     2.000 r  
                                                      0.000     2.000 r  clk (IN)
                         net (fo=0)                   0.000     2.000    u_boundary_ibuf/I
                         INBUF (Prop_INBUF_PAD_O)     0.267     2.267 r  u_boundary_ibuf/INBUF_INST/O
                         net (fo=1, unplaced)         0.000     2.267    u_boundary_ibuf/OUT
                         IBUFCTRL (Prop_IBUFCTRL_I_O)
                                                      0.000     2.267 r  u_boundary_ibuf/IBUFCTRL_INST/O
                         net (fo=1, unplaced)         0.133     2.400    clk_ibuf
                         BUFGCE (Prop_BUFGCE_I_O)     0.024     2.424 r  u_boundary_bufg/O
                         net (fo=26835, unplaced)     2.439     4.863    u_dut/clk
                         FDCE                                         r  u_dut/kernel_h_rd_data_q_reg[10]/C
                         clock pessimism              0.282     5.145    
                         clock uncertainty           -0.035     5.110    
                         FDCE (Setup_FDCE_C_CE)      -0.061     5.049    u_dut/kernel_h_rd_data_q_reg[10]
  -------------------------------------------------------------------
                         required time                          5.049    
                         arrival time                          -5.349    
  -------------------------------------------------------------------
                         slack                                 -0.300    

Slack (VIOLATED) :        -0.300ns  (required time - arrival time)
  Source:                 u_dut/u_unified_p4_kernel/reserved_groups_q_reg[1]/C
                            (rising edge-triggered cell FDCE clocked by clk  {rise@0.000ns fall@1.000ns period=2.000ns})
  Destination:            u_dut/kernel_h_rd_data_q_reg[11]/CE
                            (rising edge-triggered cell FDCE clocked by clk  {rise@0.000ns fall@1.000ns period=2.000ns})
  Path Group:             clk
  Path Type:              Setup (Max at Slow Process Corner)
  Requirement:            2.000ns  (clk rise@2.000ns - clk rise@0.000ns)
  Data Path Delay:        2.059ns  (logic 0.456ns (22.147%)  route 1.603ns (77.853%))
  Logic Levels:           7  (LUT3=1 LUT4=2 LUT5=1 LUT6=3)
  Clock Path Skew:        -0.145ns (DCD - SCD + CPR)
    Destination Clock Delay (DCD):    2.863ns = ( 4.863 - 2.000 ) 
    Source Clock Delay      (SCD):    3.290ns
    Clock Pessimism Removal (CPR):    0.282ns
  Clock Uncertainty:      0.035ns  ((TSJ^2 + TIJ^2)^1/2 + DJ) / 2 + PE + UU
    Total System Jitter     (TSJ):    0.071ns
    Total Input Jitter      (TIJ):    0.000ns
    Discrete Jitter          (DJ):    0.000ns
    Phase Error              (PE):    0.000ns
    User Uncertainty         (UU):    0.000ns

    Location             Delay type                Incr(ns)  Path(ns)    Netlist Resource(s)
  -------------------------------------------------------------------    -------------------
                         (clock clk rise edge)        0.000     0.000 r  
                                                      0.000     0.000 r  clk (IN)
                         net (fo=0)                   0.000     0.000    u_boundary_ibuf/I
                         INBUF (Prop_INBUF_PAD_O)     0.517     0.517 r  u_boundary_ibuf/INBUF_INST/O
                         net (fo=1, unplaced)         0.000     0.517    u_boundary_ibuf/OUT
                         IBUFCTRL (Prop_IBUFCTRL_I_O)
                                                      0.000     0.517 r  u_boundary_ibuf/IBUFCTRL_INST/O
                         net (fo=1, unplaced)         0.161     0.678    clk_ibuf
                         BUFGCE (Prop_BUFGCE_I_O)     0.028     0.706 r  u_boundary_bufg/O
                         net (fo=26835, unplaced)     2.584     3.290    u_dut/u_unified_p4_kernel/clk
                         FDCE                                         r  u_dut/u_unified_p4_kernel/reserved_groups_q_reg[1]/C
  -------------------------------------------------------------------    -------------------
                         FDCE (Prop_FDCE_C_Q)         0.078     3.368 r  u_dut/u_unified_p4_kernel/reserved_groups_q_reg[1]/Q
                         net (fo=5, unplaced)         0.172     3.540    u_dut/u_unified_p4_kernel/reserved_groups_q[1]
                         LUT6 (Prop_LUT6_I0_O)        0.150     3.690 r  u_dut/u_unified_p4_kernel/input_group_fire_INST_0_i_8/O
                         net (fo=2, unplaced)         0.186     3.876    u_dut/u_unified_p4_kernel/input_group_fire_INST_0_i_8_n_0
                         LUT3 (Prop_LUT3_I0_O)        0.038     3.914 r  u_dut/u_unified_p4_kernel/input_group_fire_INST_0_i_7/O
                         net (fo=1, unplaced)         0.186     4.100    u_dut/u_unified_p4_kernel/input_group_fire_INST_0_i_7_n_0
                         LUT5 (Prop_LUT5_I2_O)        0.038     4.138 f  u_dut/u_unified_p4_kernel/input_group_fire_INST_0_i_3/O
                         net (fo=1, unplaced)         0.186     4.324    u_dut/u_unified_p4_kernel/input_group_fire_INST_0_i_3_n_0
                         LUT6 (Prop_LUT6_I3_O)        0.038     4.362 r  u_dut/u_unified_p4_kernel/input_group_fire_INST_0_i_1/O
                         net (fo=2, unplaced)         0.186     4.548    u_dut/u_unified_p4_kernel/ingress_valid_q42_in
                         LUT4 (Prop_LUT4_I3_O)        0.038     4.586 r  u_dut/u_unified_p4_kernel/input_group_fire_INST_0/O
                         net (fo=92, unplaced)        0.270     4.856    u_dut/kernel_input_group_fire
                         LUT4 (Prop_LUT4_I3_O)        0.038     4.894 r  u_dut/kernel_h_rd_raw_tail_group_q[4]_i_2/O
                         net (fo=4, unplaced)         0.198     5.092    u_dut/kernel_h_rd_raw_tail_group_q[4]_i_2_n_0
                         LUT6 (Prop_LUT6_I1_O)        0.038     5.130 r  u_dut/kernel_h_rd_raw_group_q[4]_i_1/O
                         net (fo=76, unplaced)        0.219     5.349    u_dut/kernel_h_rd_raw_group_q[0]
                         FDCE                                         r  u_dut/kernel_h_rd_data_q_reg[11]/CE
  -------------------------------------------------------------------    -------------------

                         (clock clk rise edge)        2.000     2.000 r  
                                                      0.000     2.000 r  clk (IN)
                         net (fo=0)                   0.000     2.000    u_boundary_ibuf/I
                         INBUF (Prop_INBUF_PAD_O)     0.267     2.267 r  u_boundary_ibuf/INBUF_INST/O
                         net (fo=1, unplaced)         0.000     2.267    u_boundary_ibuf/OUT
                         IBUFCTRL (Prop_IBUFCTRL_I_O)
                                                      0.000     2.267 r  u_boundary_ibuf/IBUFCTRL_INST/O
                         net (fo=1, unplaced)         0.133     2.400    clk_ibuf
                         BUFGCE (Prop_BUFGCE_I_O)     0.024     2.424 r  u_boundary_bufg/O
                         net (fo=26835, unplaced)     2.439     4.863    u_dut/clk
                         FDCE                                         r  u_dut/kernel_h_rd_data_q_reg[11]/C
                         clock pessimism              0.282     5.145    
                         clock uncertainty           -0.035     5.110    
                         FDCE (Setup_FDCE_C_CE)      -0.061     5.049    u_dut/kernel_h_rd_data_q_reg[11]
  -------------------------------------------------------------------
                         required time                          5.049    
                         arrival time                          -5.349    
  -------------------------------------------------------------------
                         slack                                 -0.300    

Slack (VIOLATED) :        -0.300ns  (required time - arrival time)
  Source:                 u_dut/u_unified_p4_kernel/reserved_groups_q_reg[1]/C
                            (rising edge-triggered cell FDCE clocked by clk  {rise@0.000ns fall@1.000ns period=2.000ns})
  Destination:            u_dut/kernel_h_rd_data_q_reg[12]/CE
                            (rising edge-triggered cell FDCE clocked by clk  {rise@0.000ns fall@1.000ns period=2.000ns})
  Path Group:             clk
  Path Type:              Setup (Max at Slow Process Corner)
  Requirement:            2.000ns  (clk rise@2.000ns - clk rise@0.000ns)
  Data Path Delay:        2.059ns  (logic 0.456ns (22.147%)  route 1.603ns (77.853%))
  Logic Levels:           7  (LUT3=1 LUT4=2 LUT5=1 LUT6=3)
  Clock Path Skew:        -0.145ns (DCD - SCD + CPR)
    Destination Clock Delay (DCD):    2.863ns = ( 4.863 - 2.000 ) 
    Source Clock Delay      (SCD):    3.290ns
    Clock Pessimism Removal (CPR):    0.282ns
  Clock Uncertainty:      0.035ns  ((TSJ^2 + TIJ^2)^1/2 + DJ) / 2 + PE + UU
    Total System Jitter     (TSJ):    0.071ns
    Total Input Jitter      (TIJ):    0.000ns
    Discrete Jitter          (DJ):    0.000ns
    Phase Error              (PE):    0.000ns
    User Uncertainty         (UU):    0.000ns

    Location             Delay type                Incr(ns)  Path(ns)    Netlist Resource(s)
  -------------------------------------------------------------------    -------------------
                         (clock clk rise edge)        0.000     0.000 r  
                                                      0.000     0.000 r  clk (IN)
                         net (fo=0)                   0.000     0.000    u_boundary_ibuf/I
                         INBUF (Prop_INBUF_PAD_O)     0.517     0.517 r  u_boundary_ibuf/INBUF_INST/O
                         net (fo=1, unplaced)         0.000     0.517    u_boundary_ibuf/OUT
                         IBUFCTRL (Prop_IBUFCTRL_I_O)
                                                      0.000     0.517 r  u_boundary_ibuf/IBUFCTRL_INST/O
                         net (fo=1, unplaced)         0.161     0.678    clk_ibuf
                         BUFGCE (Prop_BUFGCE_I_O)     0.028     0.706 r  u_boundary_bufg/O
                         net (fo=26835, unplaced)     2.584     3.290    u_dut/u_unified_p4_kernel/clk
                         FDCE                                         r  u_dut/u_unified_p4_kernel/reserved_groups_q_reg[1]/C
  -------------------------------------------------------------------    -------------------
                         FDCE (Prop_FDCE_C_Q)         0.078     3.368 r  u_dut/u_unified_p4_kernel/reserved_groups_q_reg[1]/Q
                         net (fo=5, unplaced)         0.172     3.540    u_dut/u_unified_p4_kernel/reserved_groups_q[1]
                         LUT6 (Prop_LUT6_I0_O)        0.150     3.690 r  u_dut/u_unified_p4_kernel/input_group_fire_INST_0_i_8/O
                         net (fo=2, unplaced)         0.186     3.876    u_dut/u_unified_p4_kernel/input_group_fire_INST_0_i_8_n_0
                         LUT3 (Prop_LUT3_I0_O)        0.038     3.914 r  u_dut/u_unified_p4_kernel/input_group_fire_INST_0_i_7/O
                         net (fo=1, unplaced)         0.186     4.100    u_dut/u_unified_p4_kernel/input_group_fire_INST_0_i_7_n_0
                         LUT5 (Prop_LUT5_I2_O)        0.038     4.138 f  u_dut/u_unified_p4_kernel/input_group_fire_INST_0_i_3/O
                         net (fo=1, unplaced)         0.186     4.324    u_dut/u_unified_p4_kernel/input_group_fire_INST_0_i_3_n_0
                         LUT6 (Prop_LUT6_I3_O)        0.038     4.362 r  u_dut/u_unified_p4_kernel/input_group_fire_INST_0_i_1/O
                         net (fo=2, unplaced)         0.186     4.548    u_dut/u_unified_p4_kernel/ingress_valid_q42_in
                         LUT4 (Prop_LUT4_I3_O)        0.038     4.586 r  u_dut/u_unified_p4_kernel/input_group_fire_INST_0/O
                         net (fo=92, unplaced)        0.270     4.856    u_dut/kernel_input_group_fire
                         LUT4 (Prop_LUT4_I3_O)        0.038     4.894 r  u_dut/kernel_h_rd_raw_tail_group_q[4]_i_2/O
                         net (fo=4, unplaced)         0.198     5.092    u_dut/kernel_h_rd_raw_tail_group_q[4]_i_2_n_0
                         LUT6 (Prop_LUT6_I1_O)        0.038     5.130 r  u_dut/kernel_h_rd_raw_group_q[4]_i_1/O
                         net (fo=76, unplaced)        0.219     5.349    u_dut/kernel_h_rd_raw_group_q[0]
                         FDCE                                         r  u_dut/kernel_h_rd_data_q_reg[12]/CE
  -------------------------------------------------------------------    -------------------

                         (clock clk rise edge)        2.000     2.000 r  
                                                      0.000     2.000 r  clk (IN)
                         net (fo=0)                   0.000     2.000    u_boundary_ibuf/I
                         INBUF (Prop_INBUF_PAD_O)     0.267     2.267 r  u_boundary_ibuf/INBUF_INST/O
                         net (fo=1, unplaced)         0.000     2.267    u_boundary_ibuf/OUT
                         IBUFCTRL (Prop_IBUFCTRL_I_O)
                                                      0.000     2.267 r  u_boundary_ibuf/IBUFCTRL_INST/O
                         net (fo=1, unplaced)         0.133     2.400    clk_ibuf
                         BUFGCE (Prop_BUFGCE_I_O)     0.024     2.424 r  u_boundary_bufg/O
                         net (fo=26835, unplaced)     2.439     4.863    u_dut/clk
                         FDCE                                         r  u_dut/kernel_h_rd_data_q_reg[12]/C
                         clock pessimism              0.282     5.145    
                         clock uncertainty           -0.035     5.110    
                         FDCE (Setup_FDCE_C_CE)      -0.061     5.049    u_dut/kernel_h_rd_data_q_reg[12]
  -------------------------------------------------------------------
                         required time                          5.049    
                         arrival time                          -5.349    
  -------------------------------------------------------------------
                         slack                                 -0.300    

Slack (VIOLATED) :        -0.300ns  (required time - arrival time)
  Source:                 u_dut/u_unified_p4_kernel/reserved_groups_q_reg[1]/C
                            (rising edge-triggered cell FDCE clocked by clk  {rise@0.000ns fall@1.000ns period=2.000ns})
  Destination:            u_dut/kernel_h_rd_data_q_reg[13]/CE
                            (rising edge-triggered cell FDCE clocked by clk  {rise@0.000ns fall@1.000ns period=2.000ns})
  Path Group:             clk
  Path Type:              Setup (Max at Slow Process Corner)
  Requirement:            2.000ns  (clk rise@2.000ns - clk rise@0.000ns)
  Data Path Delay:        2.059ns  (logic 0.456ns (22.147%)  route 1.603ns (77.853%))
  Logic Levels:           7  (LUT3=1 LUT4=2 LUT5=1 LUT6=3)
  Clock Path Skew:        -0.145ns (DCD - SCD + CPR)
    Destination Clock Delay (DCD):    2.863ns = ( 4.863 - 2.000 ) 
    Source Clock Delay      (SCD):    3.290ns
    Clock Pessimism Removal (CPR):    0.282ns
  Clock Uncertainty:      0.035ns  ((TSJ^2 + TIJ^2)^1/2 + DJ) / 2 + PE + UU
    Total System Jitter     (TSJ):    0.071ns
    Total Input Jitter      (TIJ):    0.000ns
    Discrete Jitter          (DJ):    0.000ns
    Phase Error              (PE):    0.000ns
    User Uncertainty         (UU):    0.000ns

    Location             Delay type                Incr(ns)  Path(ns)    Netlist Resource(s)
  -------------------------------------------------------------------    -------------------
                         (clock clk rise edge)        0.000     0.000 r  
                                                      0.000     0.000 r  clk (IN)
                         net (fo=0)                   0.000     0.000    u_boundary_ibuf/I
                         INBUF (Prop_INBUF_PAD_O)     0.517     0.517 r  u_boundary_ibuf/INBUF_INST/O
                         net (fo=1, unplaced)         0.000     0.517    u_boundary_ibuf/OUT
                         IBUFCTRL (Prop_IBUFCTRL_I_O)
                                                      0.000     0.517 r  u_boundary_ibuf/IBUFCTRL_INST/O
                         net (fo=1, unplaced)         0.161     0.678    clk_ibuf
                         BUFGCE (Prop_BUFGCE_I_O)     0.028     0.706 r  u_boundary_bufg/O
                         net (fo=26835, unplaced)     2.584     3.290    u_dut/u_unified_p4_kernel/clk
                         FDCE                                         r  u_dut/u_unified_p4_kernel/reserved_groups_q_reg[1]/C
  -------------------------------------------------------------------    -------------------
                         FDCE (Prop_FDCE_C_Q)         0.078     3.368 r  u_dut/u_unified_p4_kernel/reserved_groups_q_reg[1]/Q
                         net (fo=5, unplaced)         0.172     3.540    u_dut/u_unified_p4_kernel/reserved_groups_q[1]
                         LUT6 (Prop_LUT6_I0_O)        0.150     3.690 r  u_dut/u_unified_p4_kernel/input_group_fire_INST_0_i_8/O
                         net (fo=2, unplaced)         0.186     3.876    u_dut/u_unified_p4_kernel/input_group_fire_INST_0_i_8_n_0
                         LUT3 (Prop_LUT3_I0_O)        0.038     3.914 r  u_dut/u_unified_p4_kernel/input_group_fire_INST_0_i_7/O
                         net (fo=1, unplaced)         0.186     4.100    u_dut/u_unified_p4_kernel/input_group_fire_INST_0_i_7_n_0
                         LUT5 (Prop_LUT5_I2_O)        0.038     4.138 f  u_dut/u_unified_p4_kernel/input_group_fire_INST_0_i_3/O
                         net (fo=1, unplaced)         0.186     4.324    u_dut/u_unified_p4_kernel/input_group_fire_INST_0_i_3_n_0
                         LUT6 (Prop_LUT6_I3_O)        0.038     4.362 r  u_dut/u_unified_p4_kernel/input_group_fire_INST_0_i_1/O
                         net (fo=2, unplaced)         0.186     4.548    u_dut/u_unified_p4_kernel/ingress_valid_q42_in
                         LUT4 (Prop_LUT4_I3_O)        0.038     4.586 r  u_dut/u_unified_p4_kernel/input_group_fire_INST_0/O
                         net (fo=92, unplaced)        0.270     4.856    u_dut/kernel_input_group_fire
                         LUT4 (Prop_LUT4_I3_O)        0.038     4.894 r  u_dut/kernel_h_rd_raw_tail_group_q[4]_i_2/O
                         net (fo=4, unplaced)         0.198     5.092    u_dut/kernel_h_rd_raw_tail_group_q[4]_i_2_n_0
                         LUT6 (Prop_LUT6_I1_O)        0.038     5.130 r  u_dut/kernel_h_rd_raw_group_q[4]_i_1/O
                         net (fo=76, unplaced)        0.219     5.349    u_dut/kernel_h_rd_raw_group_q[0]
                         FDCE                                         r  u_dut/kernel_h_rd_data_q_reg[13]/CE
  -------------------------------------------------------------------    -------------------

                         (clock clk rise edge)        2.000     2.000 r  
                                                      0.000     2.000 r  clk (IN)
                         net (fo=0)                   0.000     2.000    u_boundary_ibuf/I
                         INBUF (Prop_INBUF_PAD_O)     0.267     2.267 r  u_boundary_ibuf/INBUF_INST/O
                         net (fo=1, unplaced)         0.000     2.267    u_boundary_ibuf/OUT
                         IBUFCTRL (Prop_IBUFCTRL_I_O)
                                                      0.000     2.267 r  u_boundary_ibuf/IBUFCTRL_INST/O
                         net (fo=1, unplaced)         0.133     2.400    clk_ibuf
                         BUFGCE (Prop_BUFGCE_I_O)     0.024     2.424 r  u_boundary_bufg/O
                         net (fo=26835, unplaced)     2.439     4.863    u_dut/clk
                         FDCE                                         r  u_dut/kernel_h_rd_data_q_reg[13]/C
                         clock pessimism              0.282     5.145    
                         clock uncertainty           -0.035     5.110    
                         FDCE (Setup_FDCE_C_CE)      -0.061     5.049    u_dut/kernel_h_rd_data_q_reg[13]
  -------------------------------------------------------------------
                         required time                          5.049    
                         arrival time                          -5.349    
  -------------------------------------------------------------------
                         slack                                 -0.300    

Slack (VIOLATED) :        -0.300ns  (required time - arrival time)
  Source:                 u_dut/u_unified_p4_kernel/reserved_groups_q_reg[1]/C
                            (rising edge-triggered cell FDCE clocked by clk  {rise@0.000ns fall@1.000ns period=2.000ns})
  Destination:            u_dut/kernel_h_rd_data_q_reg[14]/CE
                            (rising edge-triggered cell FDCE clocked by clk  {rise@0.000ns fall@1.000ns period=2.000ns})
  Path Group:             clk
  Path Type:              Setup (Max at Slow Process Corner)
  Requirement:            2.000ns  (clk rise@2.000ns - clk rise@0.000ns)
  Data Path Delay:        2.059ns  (logic 0.456ns (22.147%)  route 1.603ns (77.853%))
  Logic Levels:           7  (LUT3=1 LUT4=2 LUT5=1 LUT6=3)
  Clock Path Skew:        -0.145ns (DCD - SCD + CPR)
    Destination Clock Delay (DCD):    2.863ns = ( 4.863 - 2.000 ) 
    Source Clock Delay      (SCD):    3.290ns
    Clock Pessimism Removal (CPR):    0.282ns
  Clock Uncertainty:      0.035ns  ((TSJ^2 + TIJ^2)^1/2 + DJ) / 2 + PE + UU
    Total System Jitter     (TSJ):    0.071ns
    Total Input Jitter      (TIJ):    0.000ns
    Discrete Jitter          (DJ):    0.000ns
    Phase Error              (PE):    0.000ns
    User Uncertainty         (UU):    0.000ns

    Location             Delay type                Incr(ns)  Path(ns)    Netlist Resource(s)
  -------------------------------------------------------------------    -------------------
                         (clock clk rise edge)        0.000     0.000 r  
                                                      0.000     0.000 r  clk (IN)
                         net (fo=0)                   0.000     0.000    u_boundary_ibuf/I
                         INBUF (Prop_INBUF_PAD_O)     0.517     0.517 r  u_boundary_ibuf/INBUF_INST/O
                         net (fo=1, unplaced)         0.000     0.517    u_boundary_ibuf/OUT
                         IBUFCTRL (Prop_IBUFCTRL_I_O)
                                                      0.000     0.517 r  u_boundary_ibuf/IBUFCTRL_INST/O
                         net (fo=1, unplaced)         0.161     0.678    clk_ibuf
                         BUFGCE (Prop_BUFGCE_I_O)     0.028     0.706 r  u_boundary_bufg/O
                         net (fo=26835, unplaced)     2.584     3.290    u_dut/u_unified_p4_kernel/clk
                         FDCE                                         r  u_dut/u_unified_p4_kernel/reserved_groups_q_reg[1]/C
  -------------------------------------------------------------------    -------------------
                         FDCE (Prop_FDCE_C_Q)         0.078     3.368 r  u_dut/u_unified_p4_kernel/reserved_groups_q_reg[1]/Q
                         net (fo=5, unplaced)         0.172     3.540    u_dut/u_unified_p4_kernel/reserved_groups_q[1]
                         LUT6 (Prop_LUT6_I0_O)        0.150     3.690 r  u_dut/u_unified_p4_kernel/input_group_fire_INST_0_i_8/O
                         net (fo=2, unplaced)         0.186     3.876    u_dut/u_unified_p4_kernel/input_group_fire_INST_0_i_8_n_0
                         LUT3 (Prop_LUT3_I0_O)        0.038     3.914 r  u_dut/u_unified_p4_kernel/input_group_fire_INST_0_i_7/O
                         net (fo=1, unplaced)         0.186     4.100    u_dut/u_unified_p4_kernel/input_group_fire_INST_0_i_7_n_0
                         LUT5 (Prop_LUT5_I2_O)        0.038     4.138 f  u_dut/u_unified_p4_kernel/input_group_fire_INST_0_i_3/O
                         net (fo=1, unplaced)         0.186     4.324    u_dut/u_unified_p4_kernel/input_group_fire_INST_0_i_3_n_0
                         LUT6 (Prop_LUT6_I3_O)        0.038     4.362 r  u_dut/u_unified_p4_kernel/input_group_fire_INST_0_i_1/O
                         net (fo=2, unplaced)         0.186     4.548    u_dut/u_unified_p4_kernel/ingress_valid_q42_in
                         LUT4 (Prop_LUT4_I3_O)        0.038     4.586 r  u_dut/u_unified_p4_kernel/input_group_fire_INST_0/O
                         net (fo=92, unplaced)        0.270     4.856    u_dut/kernel_input_group_fire
                         LUT4 (Prop_LUT4_I3_O)        0.038     4.894 r  u_dut/kernel_h_rd_raw_tail_group_q[4]_i_2/O
                         net (fo=4, unplaced)         0.198     5.092    u_dut/kernel_h_rd_raw_tail_group_q[4]_i_2_n_0
                         LUT6 (Prop_LUT6_I1_O)        0.038     5.130 r  u_dut/kernel_h_rd_raw_group_q[4]_i_1/O
                         net (fo=76, unplaced)        0.219     5.349    u_dut/kernel_h_rd_raw_group_q[0]
                         FDCE                                         r  u_dut/kernel_h_rd_data_q_reg[14]/CE
  -------------------------------------------------------------------    -------------------

                         (clock clk rise edge)        2.000     2.000 r  
                                                      0.000     2.000 r  clk (IN)
                         net (fo=0)                   0.000     2.000    u_boundary_ibuf/I
                         INBUF (Prop_INBUF_PAD_O)     0.267     2.267 r  u_boundary_ibuf/INBUF_INST/O
                         net (fo=1, unplaced)         0.000     2.267    u_boundary_ibuf/OUT
                         IBUFCTRL (Prop_IBUFCTRL_I_O)
                                                      0.000     2.267 r  u_boundary_ibuf/IBUFCTRL_INST/O
                         net (fo=1, unplaced)         0.133     2.400    clk_ibuf
                         BUFGCE (Prop_BUFGCE_I_O)     0.024     2.424 r  u_boundary_bufg/O
                         net (fo=26835, unplaced)     2.439     4.863    u_dut/clk
                         FDCE                                         r  u_dut/kernel_h_rd_data_q_reg[14]/C
                         clock pessimism              0.282     5.145    
                         clock uncertainty           -0.035     5.110    
                         FDCE (Setup_FDCE_C_CE)      -0.061     5.049    u_dut/kernel_h_rd_data_q_reg[14]
  -------------------------------------------------------------------
                         required time                          5.049    
                         arrival time                          -5.349    
  -------------------------------------------------------------------
                         slack                                 -0.300    

Slack (VIOLATED) :        -0.300ns  (required time - arrival time)
  Source:                 u_dut/u_unified_p4_kernel/reserved_groups_q_reg[1]/C
                            (rising edge-triggered cell FDCE clocked by clk  {rise@0.000ns fall@1.000ns period=2.000ns})
  Destination:            u_dut/kernel_h_rd_data_q_reg[15]/CE
                            (rising edge-triggered cell FDCE clocked by clk  {rise@0.000ns fall@1.000ns period=2.000ns})
  Path Group:             clk
  Path Type:              Setup (Max at Slow Process Corner)
  Requirement:            2.000ns  (clk rise@2.000ns - clk rise@0.000ns)
  Data Path Delay:        2.059ns  (logic 0.456ns (22.147%)  route 1.603ns (77.853%))
  Logic Levels:           7  (LUT3=1 LUT4=2 LUT5=1 LUT6=3)
  Clock Path Skew:        -0.145ns (DCD - SCD + CPR)
    Destination Clock Delay (DCD):    2.863ns = ( 4.863 - 2.000 ) 
    Source Clock Delay      (SCD):    3.290ns
    Clock Pessimism Removal (CPR):    0.282ns
  Clock Uncertainty:      0.035ns  ((TSJ^2 + TIJ^2)^1/2 + DJ) / 2 + PE + UU
    Total System Jitter     (TSJ):    0.071ns
    Total Input Jitter      (TIJ):    0.000ns
    Discrete Jitter          (DJ):    0.000ns
    Phase Error              (PE):    0.000ns
    User Uncertainty         (UU):    0.000ns

    Location             Delay type                Incr(ns)  Path(ns)    Netlist Resource(s)
  -------------------------------------------------------------------    -------------------
                         (clock clk rise edge)        0.000     0.000 r  
                                                      0.000     0.000 r  clk (IN)
                         net (fo=0)                   0.000     0.000    u_boundary_ibuf/I
                         INBUF (Prop_INBUF_PAD_O)     0.517     0.517 r  u_boundary_ibuf/INBUF_INST/O
                         net (fo=1, unplaced)         0.000     0.517    u_boundary_ibuf/OUT
                         IBUFCTRL (Prop_IBUFCTRL_I_O)
                                                      0.000     0.517 r  u_boundary_ibuf/IBUFCTRL_INST/O
                         net (fo=1, unplaced)         0.161     0.678    clk_ibuf
                         BUFGCE (Prop_BUFGCE_I_O)     0.028     0.706 r  u_boundary_bufg/O
                         net (fo=26835, unplaced)     2.584     3.290    u_dut/u_unified_p4_kernel/clk
                         FDCE                                         r  u_dut/u_unified_p4_kernel/reserved_groups_q_reg[1]/C
  -------------------------------------------------------------------    -------------------
                         FDCE (Prop_FDCE_C_Q)         0.078     3.368 r  u_dut/u_unified_p4_kernel/reserved_groups_q_reg[1]/Q
                         net (fo=5, unplaced)         0.172     3.540    u_dut/u_unified_p4_kernel/reserved_groups_q[1]
                         LUT6 (Prop_LUT6_I0_O)        0.150     3.690 r  u_dut/u_unified_p4_kernel/input_group_fire_INST_0_i_8/O
                         net (fo=2, unplaced)         0.186     3.876    u_dut/u_unified_p4_kernel/input_group_fire_INST_0_i_8_n_0
                         LUT3 (Prop_LUT3_I0_O)        0.038     3.914 r  u_dut/u_unified_p4_kernel/input_group_fire_INST_0_i_7/O
                         net (fo=1, unplaced)         0.186     4.100    u_dut/u_unified_p4_kernel/input_group_fire_INST_0_i_7_n_0
                         LUT5 (Prop_LUT5_I2_O)        0.038     4.138 f  u_dut/u_unified_p4_kernel/input_group_fire_INST_0_i_3/O
                         net (fo=1, unplaced)         0.186     4.324    u_dut/u_unified_p4_kernel/input_group_fire_INST_0_i_3_n_0
                         LUT6 (Prop_LUT6_I3_O)        0.038     4.362 r  u_dut/u_unified_p4_kernel/input_group_fire_INST_0_i_1/O
                         net (fo=2, unplaced)         0.186     4.548    u_dut/u_unified_p4_kernel/ingress_valid_q42_in
                         LUT4 (Prop_LUT4_I3_O)        0.038     4.586 r  u_dut/u_unified_p4_kernel/input_group_fire_INST_0/O
                         net (fo=92, unplaced)        0.270     4.856    u_dut/kernel_input_group_fire
                         LUT4 (Prop_LUT4_I3_O)        0.038     4.894 r  u_dut/kernel_h_rd_raw_tail_group_q[4]_i_2/O
                         net (fo=4, unplaced)         0.198     5.092    u_dut/kernel_h_rd_raw_tail_group_q[4]_i_2_n_0
                         LUT6 (Prop_LUT6_I1_O)        0.038     5.130 r  u_dut/kernel_h_rd_raw_group_q[4]_i_1/O
                         net (fo=76, unplaced)        0.219     5.349    u_dut/kernel_h_rd_raw_group_q[0]
                         FDCE                                         r  u_dut/kernel_h_rd_data_q_reg[15]/CE
  -------------------------------------------------------------------    -------------------

                         (clock clk rise edge)        2.000     2.000 r  
                                                      0.000     2.000 r  clk (IN)
                         net (fo=0)                   0.000     2.000    u_boundary_ibuf/I
                         INBUF (Prop_INBUF_PAD_O)     0.267     2.267 r  u_boundary_ibuf/INBUF_INST/O
                         net (fo=1, unplaced)         0.000     2.267    u_boundary_ibuf/OUT
                         IBUFCTRL (Prop_IBUFCTRL_I_O)
                                                      0.000     2.267 r  u_boundary_ibuf/IBUFCTRL_INST/O
                         net (fo=1, unplaced)         0.133     2.400    clk_ibuf
                         BUFGCE (Prop_BUFGCE_I_O)     0.024     2.424 r  u_boundary_bufg/O
                         net (fo=26835, unplaced)     2.439     4.863    u_dut/clk
                         FDCE                                         r  u_dut/kernel_h_rd_data_q_reg[15]/C
                         clock pessimism              0.282     5.145    
                         clock uncertainty           -0.035     5.110    
                         FDCE (Setup_FDCE_C_CE)      -0.061     5.049    u_dut/kernel_h_rd_data_q_reg[15]
  -------------------------------------------------------------------
                         required time                          5.049    
                         arrival time                          -5.349    
  -------------------------------------------------------------------
                         slack                                 -0.300    




