Copyright 1986-2022 Xilinx, Inc. All Rights Reserved. Copyright 2022-2025 Advanced Micro Devices, Inc. All Rights Reserved.
------------------------------------------------------------------------------------------------------------------------------------------------------------------------------------------------------
| Tool Version      : Vivado v.2025.2 (win64) Build 6299465 Fri Nov 14 19:35:11 GMT 2025
| Date              : Thu Sep 17 11:35:01 2026
| Host              : Finesse running 64-bit major release  (build 9200)
| Command           : report_timing -delay_type min -max_paths 1000 -slack_lesser_than 0.0 -path_type full -file 05_audit/current/57/p9_r5c_root_cause_qualification_20260917/negative_hold_paths.rpt
| Design            : unified_its_wrapper
| Device            : xcku5p-ffvb676
| Speed File        : -2  PRODUCTION 1.29 05-01-2022
| Design State      : Routed
| Temperature Grade : E
------------------------------------------------------------------------------------------------------------------------------------------------------------------------------------------------------

Timing Report

Slack (VIOLATED) :        -0.080ns  (arrival time - required time)
  Source:                 it_data_in[4]
                            (input port clocked by clk  {rise@0.000ns fall@1.000ns period=2.000ns})
  Destination:            fill_wr_cmd_data_q_reg[4]/D
                            (rising edge-triggered cell FDCE clocked by clk  {rise@0.000ns fall@1.000ns period=2.000ns})
  Path Group:             clk
  Path Type:              Hold (Min at Slow Process Corner)
  Requirement:            0.000ns  (clk rise@0.000ns - clk rise@0.000ns)
  Data Path Delay:        0.012ns  (logic 0.000ns (0.000%)  route 0.012ns (100.000%))
  Logic Levels:           0  
  Input Delay:            0.000ns
  Clock Path Skew:        0.030ns (DCD - SCD - CPR)
    Destination Clock Delay (DCD):    0.030ns
    Source Clock Delay      (SCD):    0.000ns
    Clock Pessimism Removal (CPR):    -0.000ns

    Location             Delay type                Incr(ns)  Path(ns)    Netlist Resource(s)
  -------------------------------------------------------------------    -------------------
                         (clock clk rise edge)        0.000     0.000 r  
                         propagated clock network latency
                                                      0.000     0.000    
                         input delay                  0.000     0.000    
                                                      0.000     0.000 r  it_data_in[4] (IN)
                         net (fo=0)                   0.012     0.012    it_data_in[4]
    SLICE_X82Y43         FDCE                                         r  fill_wr_cmd_data_q_reg[4]/D
  -------------------------------------------------------------------    -------------------

                         (clock clk rise edge)        0.000     0.000 r  
                         propagated clock network latency
                                                      0.030     0.030    
                         clock pessimism              0.000     0.030    
    SLICE_X82Y43         FDCE (Hold_HFF2_SLICEM_C_D)
                                                      0.062     0.092    fill_wr_cmd_data_q_reg[4]
  -------------------------------------------------------------------
                         required time                         -0.092    
                         arrival time                           0.012    
  -------------------------------------------------------------------
                         slack                                 -0.080    

Slack (VIOLATED) :        -0.080ns  (arrival time - required time)
  Source:                 it_info[0]
                            (input port clocked by clk  {rise@0.000ns fall@1.000ns period=2.000ns})
  Destination:            desc_mem_reg[0][0]/D
                            (rising edge-triggered cell FDRE clocked by clk  {rise@0.000ns fall@1.000ns period=2.000ns})
  Path Group:             clk
  Path Type:              Hold (Min at Slow Process Corner)
  Requirement:            0.000ns  (clk rise@0.000ns - clk rise@0.000ns)
  Data Path Delay:        0.011ns  (logic 0.000ns (0.000%)  route 0.011ns (100.000%))
  Logic Levels:           0  
  Input Delay:            0.000ns
  Clock Path Skew:        0.029ns (DCD - SCD - CPR)
    Destination Clock Delay (DCD):    0.029ns
    Source Clock Delay      (SCD):    0.000ns
    Clock Pessimism Removal (CPR):    -0.000ns

    Location             Delay type                Incr(ns)  Path(ns)    Netlist Resource(s)
  -------------------------------------------------------------------    -------------------
                         (clock clk rise edge)        0.000     0.000 r  
                         propagated clock network latency
                                                      0.000     0.000    
                         input delay                  0.000     0.000    
                                                      0.000     0.000 r  it_info[0] (IN)
                         net (fo=2, unset)            0.011     0.011    it_info[0]
    SLICE_X64Y51         FDRE                                         r  desc_mem_reg[0][0]/D
  -------------------------------------------------------------------    -------------------

                         (clock clk rise edge)        0.000     0.000 r  
                         propagated clock network latency
                                                      0.029     0.029    
                         clock pessimism              0.000     0.029    
    SLICE_X64Y51         FDRE (Hold_HFF2_SLICEL_C_D)
                                                      0.062     0.091    desc_mem_reg[0][0]
  -------------------------------------------------------------------
                         required time                         -0.091    
                         arrival time                           0.011    
  -------------------------------------------------------------------
                         slack                                 -0.080    

Slack (VIOLATED) :        -0.080ns  (arrival time - required time)
  Source:                 it_info[10]
                            (input port clocked by clk  {rise@0.000ns fall@1.000ns period=2.000ns})
  Destination:            desc_mem_reg[0][10]/D
                            (rising edge-triggered cell FDRE clocked by clk  {rise@0.000ns fall@1.000ns period=2.000ns})
  Path Group:             clk
  Path Type:              Hold (Min at Slow Process Corner)
  Requirement:            0.000ns  (clk rise@0.000ns - clk rise@0.000ns)
  Data Path Delay:        0.011ns  (logic 0.000ns (0.000%)  route 0.011ns (100.000%))
  Logic Levels:           0  
  Input Delay:            0.000ns
  Clock Path Skew:        0.029ns (DCD - SCD - CPR)
    Destination Clock Delay (DCD):    0.029ns
    Source Clock Delay      (SCD):    0.000ns
    Clock Pessimism Removal (CPR):    -0.000ns

    Location             Delay type                Incr(ns)  Path(ns)    Netlist Resource(s)
  -------------------------------------------------------------------    -------------------
                         (clock clk rise edge)        0.000     0.000 r  
                         propagated clock network latency
                                                      0.000     0.000    
                         input delay                  0.000     0.000    
                                                      0.000     0.000 r  it_info[10] (IN)
                         net (fo=7, unset)            0.011     0.011    it_info[10]
    SLICE_X64Y51         FDRE                                         r  desc_mem_reg[0][10]/D
  -------------------------------------------------------------------    -------------------

                         (clock clk rise edge)        0.000     0.000 r  
                         propagated clock network latency
                                                      0.029     0.029    
                         clock pessimism              0.000     0.029    
    SLICE_X64Y51         FDRE (Hold_GFF2_SLICEL_C_D)
                                                      0.062     0.091    desc_mem_reg[0][10]
  -------------------------------------------------------------------
                         required time                         -0.091    
                         arrival time                           0.011    
  -------------------------------------------------------------------
                         slack                                 -0.080    

Slack (VIOLATED) :        -0.080ns  (arrival time - required time)
  Source:                 it_info[12]
                            (input port clocked by clk  {rise@0.000ns fall@1.000ns period=2.000ns})
  Destination:            desc_mem_reg[0][12]/D
                            (rising edge-triggered cell FDRE clocked by clk  {rise@0.000ns fall@1.000ns period=2.000ns})
  Path Group:             clk
  Path Type:              Hold (Min at Slow Process Corner)
  Requirement:            0.000ns  (clk rise@0.000ns - clk rise@0.000ns)
  Data Path Delay:        0.011ns  (logic 0.000ns (0.000%)  route 0.011ns (100.000%))
  Logic Levels:           0  
  Input Delay:            0.000ns
  Clock Path Skew:        0.029ns (DCD - SCD - CPR)
    Destination Clock Delay (DCD):    0.029ns
    Source Clock Delay      (SCD):    0.000ns
    Clock Pessimism Removal (CPR):    -0.000ns

    Location             Delay type                Incr(ns)  Path(ns)    Netlist Resource(s)
  -------------------------------------------------------------------    -------------------
                         (clock clk rise edge)        0.000     0.000 r  
                         propagated clock network latency
                                                      0.000     0.000    
                         input delay                  0.000     0.000    
                                                      0.000     0.000 r  it_info[12] (IN)
                         net (fo=7, unset)            0.011     0.011    it_info[12]
    SLICE_X64Y52         FDRE                                         r  desc_mem_reg[0][12]/D
  -------------------------------------------------------------------    -------------------

                         (clock clk rise edge)        0.000     0.000 r  
                         propagated clock network latency
                                                      0.029     0.029    
                         clock pessimism              0.000     0.029    
    SLICE_X64Y52         FDRE (Hold_HFF2_SLICEL_C_D)
                                                      0.062     0.091    desc_mem_reg[0][12]
  -------------------------------------------------------------------
                         required time                         -0.091    
                         arrival time                           0.011    
  -------------------------------------------------------------------
                         slack                                 -0.080    

Slack (VIOLATED) :        -0.080ns  (arrival time - required time)
  Source:                 it_info[16]
                            (input port clocked by clk  {rise@0.000ns fall@1.000ns period=2.000ns})
  Destination:            desc_mem_reg[0][16]/D
                            (rising edge-triggered cell FDRE clocked by clk  {rise@0.000ns fall@1.000ns period=2.000ns})
  Path Group:             clk
  Path Type:              Hold (Min at Slow Process Corner)
  Requirement:            0.000ns  (clk rise@0.000ns - clk rise@0.000ns)
  Data Path Delay:        0.011ns  (logic 0.000ns (0.000%)  route 0.011ns (100.000%))
  Logic Levels:           0  
  Input Delay:            0.000ns
  Clock Path Skew:        0.029ns (DCD - SCD - CPR)
    Destination Clock Delay (DCD):    0.029ns
    Source Clock Delay      (SCD):    0.000ns
    Clock Pessimism Removal (CPR):    -0.000ns

    Location             Delay type                Incr(ns)  Path(ns)    Netlist Resource(s)
  -------------------------------------------------------------------    -------------------
                         (clock clk rise edge)        0.000     0.000 r  
                         propagated clock network latency
                                                      0.000     0.000    
                         input delay                  0.000     0.000    
                                                      0.000     0.000 r  it_info[16] (IN)
                         net (fo=4, unset)            0.011     0.011    it_info[16]
    SLICE_X63Y52         FDRE                                         r  desc_mem_reg[0][16]/D
  -------------------------------------------------------------------    -------------------

                         (clock clk rise edge)        0.000     0.000 r  
                         propagated clock network latency
                                                      0.029     0.029    
                         clock pessimism              0.000     0.029    
    SLICE_X63Y52         FDRE (Hold_HFF2_SLICEL_C_D)
                                                      0.062     0.091    desc_mem_reg[0][16]
  -------------------------------------------------------------------
                         required time                         -0.091    
                         arrival time                           0.011    
  -------------------------------------------------------------------
                         slack                                 -0.080    

Slack (VIOLATED) :        -0.080ns  (arrival time - required time)
  Source:                 it_info[17]
                            (input port clocked by clk  {rise@0.000ns fall@1.000ns period=2.000ns})
  Destination:            desc_mem_reg[0][17]/D
                            (rising edge-triggered cell FDRE clocked by clk  {rise@0.000ns fall@1.000ns period=2.000ns})
  Path Group:             clk
  Path Type:              Hold (Min at Slow Process Corner)
  Requirement:            0.000ns  (clk rise@0.000ns - clk rise@0.000ns)
  Data Path Delay:        0.011ns  (logic 0.000ns (0.000%)  route 0.011ns (100.000%))
  Logic Levels:           0  
  Input Delay:            0.000ns
  Clock Path Skew:        0.029ns (DCD - SCD - CPR)
    Destination Clock Delay (DCD):    0.029ns
    Source Clock Delay      (SCD):    0.000ns
    Clock Pessimism Removal (CPR):    -0.000ns

    Location             Delay type                Incr(ns)  Path(ns)    Netlist Resource(s)
  -------------------------------------------------------------------    -------------------
                         (clock clk rise edge)        0.000     0.000 r  
                         propagated clock network latency
                                                      0.000     0.000    
                         input delay                  0.000     0.000    
                                                      0.000     0.000 r  it_info[17] (IN)
                         net (fo=4, unset)            0.011     0.011    it_info[17]
    SLICE_X64Y44         FDRE                                         r  desc_mem_reg[0][17]/D
  -------------------------------------------------------------------    -------------------

                         (clock clk rise edge)        0.000     0.000 r  
                         propagated clock network latency
                                                      0.029     0.029    
                         clock pessimism              0.000     0.029    
    SLICE_X64Y44         FDRE (Hold_HFF2_SLICEL_C_D)
                                                      0.062     0.091    desc_mem_reg[0][17]
  -------------------------------------------------------------------
                         required time                         -0.091    
                         arrival time                           0.011    
  -------------------------------------------------------------------
                         slack                                 -0.080    

Slack (VIOLATED) :        -0.080ns  (arrival time - required time)
  Source:                 it_info[18]
                            (input port clocked by clk  {rise@0.000ns fall@1.000ns period=2.000ns})
  Destination:            desc_mem_reg[0][18]/D
                            (rising edge-triggered cell FDRE clocked by clk  {rise@0.000ns fall@1.000ns period=2.000ns})
  Path Group:             clk
  Path Type:              Hold (Min at Slow Process Corner)
  Requirement:            0.000ns  (clk rise@0.000ns - clk rise@0.000ns)
  Data Path Delay:        0.011ns  (logic 0.000ns (0.000%)  route 0.011ns (100.000%))
  Logic Levels:           0  
  Input Delay:            0.000ns
  Clock Path Skew:        0.029ns (DCD - SCD - CPR)
    Destination Clock Delay (DCD):    0.029ns
    Source Clock Delay      (SCD):    0.000ns
    Clock Pessimism Removal (CPR):    -0.000ns

    Location             Delay type                Incr(ns)  Path(ns)    Netlist Resource(s)
  -------------------------------------------------------------------    -------------------
                         (clock clk rise edge)        0.000     0.000 r  
                         propagated clock network latency
                                                      0.000     0.000    
                         input delay                  0.000     0.000    
                                                      0.000     0.000 r  it_info[18] (IN)
                         net (fo=1, unset)            0.011     0.011    it_info[18]
    SLICE_X64Y44         FDRE                                         r  desc_mem_reg[0][18]/D
  -------------------------------------------------------------------    -------------------

                         (clock clk rise edge)        0.000     0.000 r  
                         propagated clock network latency
                                                      0.029     0.029    
                         clock pessimism              0.000     0.029    
    SLICE_X64Y44         FDRE (Hold_GFF2_SLICEL_C_D)
                                                      0.062     0.091    desc_mem_reg[0][18]
  -------------------------------------------------------------------
                         required time                         -0.091    
                         arrival time                           0.011    
  -------------------------------------------------------------------
                         slack                                 -0.080    

Slack (VIOLATED) :        -0.080ns  (arrival time - required time)
  Source:                 it_info[1]
                            (input port clocked by clk  {rise@0.000ns fall@1.000ns period=2.000ns})
  Destination:            desc_mem_reg[0][1]/D
                            (rising edge-triggered cell FDRE clocked by clk  {rise@0.000ns fall@1.000ns period=2.000ns})
  Path Group:             clk
  Path Type:              Hold (Min at Slow Process Corner)
  Requirement:            0.000ns  (clk rise@0.000ns - clk rise@0.000ns)
  Data Path Delay:        0.011ns  (logic 0.000ns (0.000%)  route 0.011ns (100.000%))
  Logic Levels:           0  
  Input Delay:            0.000ns
  Clock Path Skew:        0.029ns (DCD - SCD - CPR)
    Destination Clock Delay (DCD):    0.029ns
    Source Clock Delay      (SCD):    0.000ns
    Clock Pessimism Removal (CPR):    -0.000ns

    Location             Delay type                Incr(ns)  Path(ns)    Netlist Resource(s)
  -------------------------------------------------------------------    -------------------
                         (clock clk rise edge)        0.000     0.000 r  
                         propagated clock network latency
                                                      0.000     0.000    
                         input delay                  0.000     0.000    
                                                      0.000     0.000 r  it_info[1] (IN)
                         net (fo=2, unset)            0.011     0.011    it_info[1]
    SLICE_X64Y52         FDRE                                         r  desc_mem_reg[0][1]/D
  -------------------------------------------------------------------    -------------------

                         (clock clk rise edge)        0.000     0.000 r  
                         propagated clock network latency
                                                      0.029     0.029    
                         clock pessimism              0.000     0.029    
    SLICE_X64Y52         FDRE (Hold_GFF2_SLICEL_C_D)
                                                      0.062     0.091    desc_mem_reg[0][1]
  -------------------------------------------------------------------
                         required time                         -0.091    
                         arrival time                           0.011    
  -------------------------------------------------------------------
                         slack                                 -0.080    

Slack (VIOLATED) :        -0.079ns  (arrival time - required time)
  Source:                 it_info[13]
                            (input port clocked by clk  {rise@0.000ns fall@1.000ns period=2.000ns})
  Destination:            desc_mem_reg[0][13]/D
                            (rising edge-triggered cell FDRE clocked by clk  {rise@0.000ns fall@1.000ns period=2.000ns})
  Path Group:             clk
  Path Type:              Hold (Min at Slow Process Corner)
  Requirement:            0.000ns  (clk rise@0.000ns - clk rise@0.000ns)
  Data Path Delay:        0.011ns  (logic 0.000ns (0.000%)  route 0.011ns (100.000%))
  Logic Levels:           0  
  Input Delay:            0.000ns
  Clock Path Skew:        0.028ns (DCD - SCD - CPR)
    Destination Clock Delay (DCD):    0.028ns
    Source Clock Delay      (SCD):    0.000ns
    Clock Pessimism Removal (CPR):    -0.000ns

    Location             Delay type                Incr(ns)  Path(ns)    Netlist Resource(s)
  -------------------------------------------------------------------    -------------------
                         (clock clk rise edge)        0.000     0.000 r  
                         propagated clock network latency
                                                      0.000     0.000    
                         input delay                  0.000     0.000    
                                                      0.000     0.000 r  it_info[13] (IN)
                         net (fo=7, unset)            0.011     0.011    it_info[13]
    SLICE_X64Y52         FDRE                                         r  desc_mem_reg[0][13]/D
  -------------------------------------------------------------------    -------------------

                         (clock clk rise edge)        0.000     0.000 r  
                         propagated clock network latency
                                                      0.028     0.028    
                         clock pessimism              0.000     0.028    
    SLICE_X64Y52         FDRE (Hold_DFF2_SLICEL_C_D)
                                                      0.062     0.090    desc_mem_reg[0][13]
  -------------------------------------------------------------------
                         required time                         -0.090    
                         arrival time                           0.011    
  -------------------------------------------------------------------
                         slack                                 -0.079    

Slack (VIOLATED) :        -0.079ns  (arrival time - required time)
  Source:                 it_info[14]
                            (input port clocked by clk  {rise@0.000ns fall@1.000ns period=2.000ns})
  Destination:            desc_mem_reg[0][14]/D
                            (rising edge-triggered cell FDRE clocked by clk  {rise@0.000ns fall@1.000ns period=2.000ns})
  Path Group:             clk
  Path Type:              Hold (Min at Slow Process Corner)
  Requirement:            0.000ns  (clk rise@0.000ns - clk rise@0.000ns)
  Data Path Delay:        0.012ns  (logic 0.000ns (0.000%)  route 0.012ns (100.000%))
  Logic Levels:           0  
  Input Delay:            0.000ns
  Clock Path Skew:        0.029ns (DCD - SCD - CPR)
    Destination Clock Delay (DCD):    0.029ns
    Source Clock Delay      (SCD):    0.000ns
    Clock Pessimism Removal (CPR):    -0.000ns

    Location             Delay type                Incr(ns)  Path(ns)    Netlist Resource(s)
  -------------------------------------------------------------------    -------------------
                         (clock clk rise edge)        0.000     0.000 r  
                         propagated clock network latency
                                                      0.000     0.000    
                         input delay                  0.000     0.000    
                                                      0.000     0.000 r  it_info[14] (IN)
                         net (fo=4, unset)            0.012     0.012    it_info[14]
    SLICE_X63Y50         FDRE                                         r  desc_mem_reg[0][14]/D
  -------------------------------------------------------------------    -------------------

                         (clock clk rise edge)        0.000     0.000 r  
                         propagated clock network latency
                                                      0.029     0.029    
                         clock pessimism              0.000     0.029    
    SLICE_X63Y50         FDRE (Hold_EFF2_SLICEL_C_D)
                                                      0.062     0.091    desc_mem_reg[0][14]
  -------------------------------------------------------------------
                         required time                         -0.091    
                         arrival time                           0.012    
  -------------------------------------------------------------------
                         slack                                 -0.079    

Slack (VIOLATED) :        -0.079ns  (arrival time - required time)
  Source:                 it_info[15]
                            (input port clocked by clk  {rise@0.000ns fall@1.000ns period=2.000ns})
  Destination:            desc_mem_reg[0][15]/D
                            (rising edge-triggered cell FDRE clocked by clk  {rise@0.000ns fall@1.000ns period=2.000ns})
  Path Group:             clk
  Path Type:              Hold (Min at Slow Process Corner)
  Requirement:            0.000ns  (clk rise@0.000ns - clk rise@0.000ns)
  Data Path Delay:        0.012ns  (logic 0.000ns (0.000%)  route 0.012ns (100.000%))
  Logic Levels:           0  
  Input Delay:            0.000ns
  Clock Path Skew:        0.029ns (DCD - SCD - CPR)
    Destination Clock Delay (DCD):    0.029ns
    Source Clock Delay      (SCD):    0.000ns
    Clock Pessimism Removal (CPR):    -0.000ns

    Location             Delay type                Incr(ns)  Path(ns)    Netlist Resource(s)
  -------------------------------------------------------------------    -------------------
                         (clock clk rise edge)        0.000     0.000 r  
                         propagated clock network latency
                                                      0.000     0.000    
                         input delay                  0.000     0.000    
                                                      0.000     0.000 r  it_info[15] (IN)
                         net (fo=4, unset)            0.012     0.012    it_info[15]
    SLICE_X63Y49         FDRE                                         r  desc_mem_reg[0][15]/D
  -------------------------------------------------------------------    -------------------

                         (clock clk rise edge)        0.000     0.000 r  
                         propagated clock network latency
                                                      0.029     0.029    
                         clock pessimism              0.000     0.029    
    SLICE_X63Y49         FDRE (Hold_EFF2_SLICEL_C_D)
                                                      0.062     0.091    desc_mem_reg[0][15]
  -------------------------------------------------------------------
                         required time                         -0.091    
                         arrival time                           0.012    
  -------------------------------------------------------------------
                         slack                                 -0.079    

Slack (VIOLATED) :        -0.079ns  (arrival time - required time)
  Source:                 it_info[19]
                            (input port clocked by clk  {rise@0.000ns fall@1.000ns period=2.000ns})
  Destination:            desc_mem_reg[0][19]/D
                            (rising edge-triggered cell FDRE clocked by clk  {rise@0.000ns fall@1.000ns period=2.000ns})
  Path Group:             clk
  Path Type:              Hold (Min at Slow Process Corner)
  Requirement:            0.000ns  (clk rise@0.000ns - clk rise@0.000ns)
  Data Path Delay:        0.012ns  (logic 0.000ns (0.000%)  route 0.012ns (100.000%))
  Logic Levels:           0  
  Input Delay:            0.000ns
  Clock Path Skew:        0.029ns (DCD - SCD - CPR)
    Destination Clock Delay (DCD):    0.029ns
    Source Clock Delay      (SCD):    0.000ns
    Clock Pessimism Removal (CPR):    -0.000ns

    Location             Delay type                Incr(ns)  Path(ns)    Netlist Resource(s)
  -------------------------------------------------------------------    -------------------
                         (clock clk rise edge)        0.000     0.000 r  
                         propagated clock network latency
                                                      0.000     0.000    
                         input delay                  0.000     0.000    
                                                      0.000     0.000 r  it_info[19] (IN)
                         net (fo=1, unset)            0.012     0.012    it_info[19]
    SLICE_X64Y44         FDRE                                         r  desc_mem_reg[0][19]/D
  -------------------------------------------------------------------    -------------------

                         (clock clk rise edge)        0.000     0.000 r  
                         propagated clock network latency
                                                      0.029     0.029    
                         clock pessimism              0.000     0.029    
    SLICE_X64Y44         FDRE (Hold_FFF2_SLICEL_C_D)
                                                      0.062     0.091    desc_mem_reg[0][19]
  -------------------------------------------------------------------
                         required time                         -0.091    
                         arrival time                           0.012    
  -------------------------------------------------------------------
                         slack                                 -0.079    

Slack (VIOLATED) :        -0.079ns  (arrival time - required time)
  Source:                 it_info[20]
                            (input port clocked by clk  {rise@0.000ns fall@1.000ns period=2.000ns})
  Destination:            desc_mem_reg[0][20]/D
                            (rising edge-triggered cell FDRE clocked by clk  {rise@0.000ns fall@1.000ns period=2.000ns})
  Path Group:             clk
  Path Type:              Hold (Min at Slow Process Corner)
  Requirement:            0.000ns  (clk rise@0.000ns - clk rise@0.000ns)
  Data Path Delay:        0.012ns  (logic 0.000ns (0.000%)  route 0.012ns (100.000%))
  Logic Levels:           0  
  Input Delay:            0.000ns
  Clock Path Skew:        0.029ns (DCD - SCD - CPR)
    Destination Clock Delay (DCD):    0.029ns
    Source Clock Delay      (SCD):    0.000ns
    Clock Pessimism Removal (CPR):    -0.000ns

    Location             Delay type                Incr(ns)  Path(ns)    Netlist Resource(s)
  -------------------------------------------------------------------    -------------------
                         (clock clk rise edge)        0.000     0.000 r  
                         propagated clock network latency
                                                      0.000     0.000    
                         input delay                  0.000     0.000    
                                                      0.000     0.000 r  it_info[20] (IN)
                         net (fo=3, unset)            0.012     0.012    it_info[20]
    SLICE_X64Y44         FDRE                                         r  desc_mem_reg[0][20]/D
  -------------------------------------------------------------------    -------------------

                         (clock clk rise edge)        0.000     0.000 r  
                         propagated clock network latency
                                                      0.029     0.029    
                         clock pessimism              0.000     0.029    
    SLICE_X64Y44         FDRE (Hold_EFF2_SLICEL_C_D)
                                                      0.062     0.091    desc_mem_reg[0][20]
  -------------------------------------------------------------------
                         required time                         -0.091    
                         arrival time                           0.012    
  -------------------------------------------------------------------
                         slack                                 -0.079    

Slack (VIOLATED) :        -0.079ns  (arrival time - required time)
  Source:                 it_info[21]
                            (input port clocked by clk  {rise@0.000ns fall@1.000ns period=2.000ns})
  Destination:            desc_mem_reg[0][21]/D
                            (rising edge-triggered cell FDRE clocked by clk  {rise@0.000ns fall@1.000ns period=2.000ns})
  Path Group:             clk
  Path Type:              Hold (Min at Slow Process Corner)
  Requirement:            0.000ns  (clk rise@0.000ns - clk rise@0.000ns)
  Data Path Delay:        0.011ns  (logic 0.000ns (0.000%)  route 0.011ns (100.000%))
  Logic Levels:           0  
  Input Delay:            0.000ns
  Clock Path Skew:        0.028ns (DCD - SCD - CPR)
    Destination Clock Delay (DCD):    0.028ns
    Source Clock Delay      (SCD):    0.000ns
    Clock Pessimism Removal (CPR):    -0.000ns

    Location             Delay type                Incr(ns)  Path(ns)    Netlist Resource(s)
  -------------------------------------------------------------------    -------------------
                         (clock clk rise edge)        0.000     0.000 r  
                         propagated clock network latency
                                                      0.000     0.000    
                         input delay                  0.000     0.000    
                                                      0.000     0.000 r  it_info[21] (IN)
                         net (fo=3, unset)            0.011     0.011    it_info[21]
    SLICE_X64Y52         FDRE                                         r  desc_mem_reg[0][21]/D
  -------------------------------------------------------------------    -------------------

                         (clock clk rise edge)        0.000     0.000 r  
                         propagated clock network latency
                                                      0.028     0.028    
                         clock pessimism              0.000     0.028    
    SLICE_X64Y52         FDRE (Hold_CFF2_SLICEL_C_D)
                                                      0.062     0.090    desc_mem_reg[0][21]
  -------------------------------------------------------------------
                         required time                         -0.090    
                         arrival time                           0.011    
  -------------------------------------------------------------------
                         slack                                 -0.079    

Slack (VIOLATED) :        -0.079ns  (arrival time - required time)
  Source:                 it_info[3]
                            (input port clocked by clk  {rise@0.000ns fall@1.000ns period=2.000ns})
  Destination:            desc_mem_reg[0][3]/D
                            (rising edge-triggered cell FDRE clocked by clk  {rise@0.000ns fall@1.000ns period=2.000ns})
  Path Group:             clk
  Path Type:              Hold (Min at Slow Process Corner)
  Requirement:            0.000ns  (clk rise@0.000ns - clk rise@0.000ns)
  Data Path Delay:        0.012ns  (logic 0.000ns (0.000%)  route 0.012ns (100.000%))
  Logic Levels:           0  
  Input Delay:            0.000ns
  Clock Path Skew:        0.029ns (DCD - SCD - CPR)
    Destination Clock Delay (DCD):    0.029ns
    Source Clock Delay      (SCD):    0.000ns
    Clock Pessimism Removal (CPR):    -0.000ns

    Location             Delay type                Incr(ns)  Path(ns)    Netlist Resource(s)
  -------------------------------------------------------------------    -------------------
                         (clock clk rise edge)        0.000     0.000 r  
                         propagated clock network latency
                                                      0.000     0.000    
                         input delay                  0.000     0.000    
                                                      0.000     0.000 r  it_info[3] (IN)
                         net (fo=4, unset)            0.012     0.012    it_info[3]
    SLICE_X64Y53         FDRE                                         r  desc_mem_reg[0][3]/D
  -------------------------------------------------------------------    -------------------

                         (clock clk rise edge)        0.000     0.000 r  
                         propagated clock network latency
                                                      0.029     0.029    
                         clock pessimism              0.000     0.029    
    SLICE_X64Y53         FDRE (Hold_EFF2_SLICEL_C_D)
                                                      0.062     0.091    desc_mem_reg[0][3]
  -------------------------------------------------------------------
                         required time                         -0.091    
                         arrival time                           0.012    
  -------------------------------------------------------------------
                         slack                                 -0.079    

Slack (VIOLATED) :        -0.079ns  (arrival time - required time)
  Source:                 it_info[4]
                            (input port clocked by clk  {rise@0.000ns fall@1.000ns period=2.000ns})
  Destination:            desc_mem_reg[0][4]/D
                            (rising edge-triggered cell FDRE clocked by clk  {rise@0.000ns fall@1.000ns period=2.000ns})
  Path Group:             clk
  Path Type:              Hold (Min at Slow Process Corner)
  Requirement:            0.000ns  (clk rise@0.000ns - clk rise@0.000ns)
  Data Path Delay:        0.012ns  (logic 0.000ns (0.000%)  route 0.012ns (100.000%))
  Logic Levels:           0  
  Input Delay:            0.000ns
  Clock Path Skew:        0.029ns (DCD - SCD - CPR)
    Destination Clock Delay (DCD):    0.029ns
    Source Clock Delay      (SCD):    0.000ns
    Clock Pessimism Removal (CPR):    -0.000ns

    Location             Delay type                Incr(ns)  Path(ns)    Netlist Resource(s)
  -------------------------------------------------------------------    -------------------
                         (clock clk rise edge)        0.000     0.000 r  
                         propagated clock network latency
                                                      0.000     0.000    
                         input delay                  0.000     0.000    
                                                      0.000     0.000 r  it_info[4] (IN)
                         net (fo=5, unset)            0.012     0.012    it_info[4]
    SLICE_X64Y52         FDRE                                         r  desc_mem_reg[0][4]/D
  -------------------------------------------------------------------    -------------------

                         (clock clk rise edge)        0.000     0.000 r  
                         propagated clock network latency
                                                      0.029     0.029    
                         clock pessimism              0.000     0.029    
    SLICE_X64Y52         FDRE (Hold_FFF2_SLICEL_C_D)
                                                      0.062     0.091    desc_mem_reg[0][4]
  -------------------------------------------------------------------
                         required time                         -0.091    
                         arrival time                           0.012    
  -------------------------------------------------------------------
                         slack                                 -0.079    

Slack (VIOLATED) :        -0.079ns  (arrival time - required time)
  Source:                 it_info[6]
                            (input port clocked by clk  {rise@0.000ns fall@1.000ns period=2.000ns})
  Destination:            desc_mem_reg[0][6]/D
                            (rising edge-triggered cell FDRE clocked by clk  {rise@0.000ns fall@1.000ns period=2.000ns})
  Path Group:             clk
  Path Type:              Hold (Min at Slow Process Corner)
  Requirement:            0.000ns  (clk rise@0.000ns - clk rise@0.000ns)
  Data Path Delay:        0.012ns  (logic 0.000ns (0.000%)  route 0.012ns (100.000%))
  Logic Levels:           0  
  Input Delay:            0.000ns
  Clock Path Skew:        0.029ns (DCD - SCD - CPR)
    Destination Clock Delay (DCD):    0.029ns
    Source Clock Delay      (SCD):    0.000ns
    Clock Pessimism Removal (CPR):    -0.000ns

    Location             Delay type                Incr(ns)  Path(ns)    Netlist Resource(s)
  -------------------------------------------------------------------    -------------------
                         (clock clk rise edge)        0.000     0.000 r  
                         propagated clock network latency
                                                      0.000     0.000    
                         input delay                  0.000     0.000    
                                                      0.000     0.000 r  it_info[6] (IN)
                         net (fo=5, unset)            0.012     0.012    it_info[6]
    SLICE_X64Y52         FDRE                                         r  desc_mem_reg[0][6]/D
  -------------------------------------------------------------------    -------------------

                         (clock clk rise edge)        0.000     0.000 r  
                         propagated clock network latency
                                                      0.029     0.029    
                         clock pessimism              0.000     0.029    
    SLICE_X64Y52         FDRE (Hold_EFF2_SLICEL_C_D)
                                                      0.062     0.091    desc_mem_reg[0][6]
  -------------------------------------------------------------------
                         required time                         -0.091    
                         arrival time                           0.012    
  -------------------------------------------------------------------
                         slack                                 -0.079    

Slack (VIOLATED) :        -0.079ns  (arrival time - required time)
  Source:                 it_info[7]
                            (input port clocked by clk  {rise@0.000ns fall@1.000ns period=2.000ns})
  Destination:            desc_mem_reg[0][7]/D
                            (rising edge-triggered cell FDRE clocked by clk  {rise@0.000ns fall@1.000ns period=2.000ns})
  Path Group:             clk
  Path Type:              Hold (Min at Slow Process Corner)
  Requirement:            0.000ns  (clk rise@0.000ns - clk rise@0.000ns)
  Data Path Delay:        0.012ns  (logic 0.000ns (0.000%)  route 0.012ns (100.000%))
  Logic Levels:           0  
  Input Delay:            0.000ns
  Clock Path Skew:        0.029ns (DCD - SCD - CPR)
    Destination Clock Delay (DCD):    0.029ns
    Source Clock Delay      (SCD):    0.000ns
    Clock Pessimism Removal (CPR):    -0.000ns

    Location             Delay type                Incr(ns)  Path(ns)    Netlist Resource(s)
  -------------------------------------------------------------------    -------------------
                         (clock clk rise edge)        0.000     0.000 r  
                         propagated clock network latency
                                                      0.000     0.000    
                         input delay                  0.000     0.000    
                                                      0.000     0.000 r  it_info[7] (IN)
                         net (fo=5, unset)            0.012     0.012    it_info[7]
    SLICE_X64Y51         FDRE                                         r  desc_mem_reg[0][7]/D
  -------------------------------------------------------------------    -------------------

                         (clock clk rise edge)        0.000     0.000 r  
                         propagated clock network latency
                                                      0.029     0.029    
                         clock pessimism              0.000     0.029    
    SLICE_X64Y51         FDRE (Hold_FFF2_SLICEL_C_D)
                                                      0.062     0.091    desc_mem_reg[0][7]
  -------------------------------------------------------------------
                         required time                         -0.091    
                         arrival time                           0.012    
  -------------------------------------------------------------------
                         slack                                 -0.079    

Slack (VIOLATED) :        -0.079ns  (arrival time - required time)
  Source:                 it_info[8]
                            (input port clocked by clk  {rise@0.000ns fall@1.000ns period=2.000ns})
  Destination:            desc_mem_reg[0][8]/D
                            (rising edge-triggered cell FDRE clocked by clk  {rise@0.000ns fall@1.000ns period=2.000ns})
  Path Group:             clk
  Path Type:              Hold (Min at Slow Process Corner)
  Requirement:            0.000ns  (clk rise@0.000ns - clk rise@0.000ns)
  Data Path Delay:        0.012ns  (logic 0.000ns (0.000%)  route 0.012ns (100.000%))
  Logic Levels:           0  
  Input Delay:            0.000ns
  Clock Path Skew:        0.029ns (DCD - SCD - CPR)
    Destination Clock Delay (DCD):    0.029ns
    Source Clock Delay      (SCD):    0.000ns
    Clock Pessimism Removal (CPR):    -0.000ns

    Location             Delay type                Incr(ns)  Path(ns)    Netlist Resource(s)
  -------------------------------------------------------------------    -------------------
                         (clock clk rise edge)        0.000     0.000 r  
                         propagated clock network latency
                                                      0.000     0.000    
                         input delay                  0.000     0.000    
                                                      0.000     0.000 r  it_info[8] (IN)
                         net (fo=5, unset)            0.012     0.012    it_info[8]
    SLICE_X64Y51         FDRE                                         r  desc_mem_reg[0][8]/D
  -------------------------------------------------------------------    -------------------

                         (clock clk rise edge)        0.000     0.000 r  
                         propagated clock network latency
                                                      0.029     0.029    
                         clock pessimism              0.000     0.029    
    SLICE_X64Y51         FDRE (Hold_EFF2_SLICEL_C_D)
                                                      0.062     0.091    desc_mem_reg[0][8]
  -------------------------------------------------------------------
                         required time                         -0.091    
                         arrival time                           0.012    
  -------------------------------------------------------------------
                         slack                                 -0.079    

Slack (VIOLATED) :        -0.079ns  (arrival time - required time)
  Source:                 it_info[4]
                            (input port clocked by clk  {rise@0.000ns fall@1.000ns period=2.000ns})
  Destination:            desc_mem_reg[1][4]/D
                            (rising edge-triggered cell FDRE clocked by clk  {rise@0.000ns fall@1.000ns period=2.000ns})
  Path Group:             clk
  Path Type:              Hold (Min at Slow Process Corner)
  Requirement:            0.000ns  (clk rise@0.000ns - clk rise@0.000ns)
  Data Path Delay:        0.012ns  (logic 0.000ns (0.000%)  route 0.012ns (100.000%))
  Logic Levels:           0  
  Input Delay:            0.000ns
  Clock Path Skew:        0.029ns (DCD - SCD - CPR)
    Destination Clock Delay (DCD):    0.029ns
    Source Clock Delay      (SCD):    0.000ns
    Clock Pessimism Removal (CPR):    -0.000ns

    Location             Delay type                Incr(ns)  Path(ns)    Netlist Resource(s)
  -------------------------------------------------------------------    -------------------
                         (clock clk rise edge)        0.000     0.000 r  
                         propagated clock network latency
                                                      0.000     0.000    
                         input delay                  0.000     0.000    
                                                      0.000     0.000 r  it_info[4] (IN)
                         net (fo=5, unset)            0.012     0.012    it_info[4]
    SLICE_X65Y51         FDRE                                         r  desc_mem_reg[1][4]/D
  -------------------------------------------------------------------    -------------------

                         (clock clk rise edge)        0.000     0.000 r  
                         propagated clock network latency
                                                      0.029     0.029    
                         clock pessimism              0.000     0.029    
    SLICE_X65Y51         FDRE (Hold_EFF2_SLICEL_C_D)
                                                      0.062     0.091    desc_mem_reg[1][4]
  -------------------------------------------------------------------
                         required time                         -0.091    
                         arrival time                           0.012    
  -------------------------------------------------------------------
                         slack                                 -0.079    

Slack (VIOLATED) :        -0.079ns  (arrival time - required time)
  Source:                 it_data_in[2]
                            (input port clocked by clk  {rise@0.000ns fall@1.000ns period=2.000ns})
  Destination:            fill_wr_cmd_data_q_reg[2]/D
                            (rising edge-triggered cell FDCE clocked by clk  {rise@0.000ns fall@1.000ns period=2.000ns})
  Path Group:             clk
  Path Type:              Hold (Min at Slow Process Corner)
  Requirement:            0.000ns  (clk rise@0.000ns - clk rise@0.000ns)
  Data Path Delay:        0.013ns  (logic 0.000ns (0.000%)  route 0.013ns (100.000%))
  Logic Levels:           0  
  Input Delay:            0.000ns
  Clock Path Skew:        0.030ns (DCD - SCD - CPR)
    Destination Clock Delay (DCD):    0.030ns
    Source Clock Delay      (SCD):    0.000ns
    Clock Pessimism Removal (CPR):    -0.000ns

    Location             Delay type                Incr(ns)  Path(ns)    Netlist Resource(s)
  -------------------------------------------------------------------    -------------------
                         (clock clk rise edge)        0.000     0.000 r  
                         propagated clock network latency
                                                      0.000     0.000    
                         input delay                  0.000     0.000    
                                                      0.000     0.000 r  it_data_in[2] (IN)
                         net (fo=0)                   0.013     0.013    it_data_in[2]
    SLICE_X82Y43         FDCE                                         r  fill_wr_cmd_data_q_reg[2]/D
  -------------------------------------------------------------------    -------------------

                         (clock clk rise edge)        0.000     0.000 r  
                         propagated clock network latency
                                                      0.030     0.030    
                         clock pessimism              0.000     0.030    
    SLICE_X82Y43         FDCE (Hold_GFF2_SLICEM_C_D)
                                                      0.062     0.092    fill_wr_cmd_data_q_reg[2]
  -------------------------------------------------------------------
                         required time                         -0.092    
                         arrival time                           0.013    
  -------------------------------------------------------------------
                         slack                                 -0.079    

Slack (VIOLATED) :        -0.079ns  (arrival time - required time)
  Source:                 it_data_in[6]
                            (input port clocked by clk  {rise@0.000ns fall@1.000ns period=2.000ns})
  Destination:            fill_wr_cmd_data_q_reg[6]/D
                            (rising edge-triggered cell FDCE clocked by clk  {rise@0.000ns fall@1.000ns period=2.000ns})
  Path Group:             clk
  Path Type:              Hold (Min at Slow Process Corner)
  Requirement:            0.000ns  (clk rise@0.000ns - clk rise@0.000ns)
  Data Path Delay:        0.012ns  (logic 0.000ns (0.000%)  route 0.012ns (100.000%))
  Logic Levels:           0  
  Input Delay:            0.000ns
  Clock Path Skew:        0.029ns (DCD - SCD - CPR)
    Destination Clock Delay (DCD):    0.029ns
    Source Clock Delay      (SCD):    0.000ns
    Clock Pessimism Removal (CPR):    -0.000ns

    Location             Delay type                Incr(ns)  Path(ns)    Netlist Resource(s)
  -------------------------------------------------------------------    -------------------
                         (clock clk rise edge)        0.000     0.000 r  
                         propagated clock network latency
                                                      0.000     0.000    
                         input delay                  0.000     0.000    
                                                      0.000     0.000 r  it_data_in[6] (IN)
                         net (fo=0)                   0.012     0.012    it_data_in[6]
    SLICE_X80Y41         FDCE                                         r  fill_wr_cmd_data_q_reg[6]/D
  -------------------------------------------------------------------    -------------------

                         (clock clk rise edge)        0.000     0.000 r  
                         propagated clock network latency
                                                      0.029     0.029    
                         clock pessimism              0.000     0.029    
    SLICE_X80Y41         FDCE (Hold_EFF2_SLICEL_C_D)
                                                      0.062     0.091    fill_wr_cmd_data_q_reg[6]
  -------------------------------------------------------------------
                         required time                         -0.091    
                         arrival time                           0.012    
  -------------------------------------------------------------------
                         slack                                 -0.079    

Slack (VIOLATED) :        -0.079ns  (arrival time - required time)
  Source:                 it_data_in[8]
                            (input port clocked by clk  {rise@0.000ns fall@1.000ns period=2.000ns})
  Destination:            fill_wr_cmd_data_q_reg[8]/D
                            (rising edge-triggered cell FDCE clocked by clk  {rise@0.000ns fall@1.000ns period=2.000ns})
  Path Group:             clk
  Path Type:              Hold (Min at Slow Process Corner)
  Requirement:            0.000ns  (clk rise@0.000ns - clk rise@0.000ns)
  Data Path Delay:        0.012ns  (logic 0.000ns (0.000%)  route 0.012ns (100.000%))
  Logic Levels:           0  
  Input Delay:            0.000ns
  Clock Path Skew:        0.029ns (DCD - SCD - CPR)
    Destination Clock Delay (DCD):    0.029ns
    Source Clock Delay      (SCD):    0.000ns
    Clock Pessimism Removal (CPR):    -0.000ns

    Location             Delay type                Incr(ns)  Path(ns)    Netlist Resource(s)
  -------------------------------------------------------------------    -------------------
                         (clock clk rise edge)        0.000     0.000 r  
                         propagated clock network latency
                                                      0.000     0.000    
                         input delay                  0.000     0.000    
                                                      0.000     0.000 r  it_data_in[8] (IN)
                         net (fo=0)                   0.012     0.012    it_data_in[8]
    SLICE_X80Y41         FDCE                                         r  fill_wr_cmd_data_q_reg[8]/D
  -------------------------------------------------------------------    -------------------

                         (clock clk rise edge)        0.000     0.000 r  
                         propagated clock network latency
                                                      0.029     0.029    
                         clock pessimism              0.000     0.029    
    SLICE_X80Y41         FDCE (Hold_FFF2_SLICEL_C_D)
                                                      0.062     0.091    fill_wr_cmd_data_q_reg[8]
  -------------------------------------------------------------------
                         required time                         -0.091    
                         arrival time                           0.012    
  -------------------------------------------------------------------
                         slack                                 -0.079    

Slack (VIOLATED) :        -0.078ns  (arrival time - required time)
  Source:                 it_info[2]
                            (input port clocked by clk  {rise@0.000ns fall@1.000ns period=2.000ns})
  Destination:            desc_mem_reg[0][2]/D
                            (rising edge-triggered cell FDRE clocked by clk  {rise@0.000ns fall@1.000ns period=2.000ns})
  Path Group:             clk
  Path Type:              Hold (Min at Slow Process Corner)
  Requirement:            0.000ns  (clk rise@0.000ns - clk rise@0.000ns)
  Data Path Delay:        0.012ns  (logic 0.000ns (0.000%)  route 0.012ns (100.000%))
  Logic Levels:           0  
  Input Delay:            0.000ns
  Clock Path Skew:        0.028ns (DCD - SCD - CPR)
    Destination Clock Delay (DCD):    0.028ns
    Source Clock Delay      (SCD):    0.000ns
    Clock Pessimism Removal (CPR):    -0.000ns

    Location             Delay type                Incr(ns)  Path(ns)    Netlist Resource(s)
  -------------------------------------------------------------------    -------------------
                         (clock clk rise edge)        0.000     0.000 r  
                         propagated clock network latency
                                                      0.000     0.000    
                         input delay                  0.000     0.000    
                                                      0.000     0.000 r  it_info[2] (IN)
                         net (fo=5, unset)            0.012     0.012    it_info[2]
    SLICE_X64Y52         FDRE                                         r  desc_mem_reg[0][2]/D
  -------------------------------------------------------------------    -------------------

                         (clock clk rise edge)        0.000     0.000 r  
                         propagated clock network latency
                                                      0.028     0.028    
                         clock pessimism              0.000     0.028    
    SLICE_X64Y52         FDRE (Hold_BFF2_SLICEL_C_D)
                                                      0.062     0.090    desc_mem_reg[0][2]
  -------------------------------------------------------------------
                         required time                         -0.090    
                         arrival time                           0.012    
  -------------------------------------------------------------------
                         slack                                 -0.078    

Slack (VIOLATED) :        -0.078ns  (arrival time - required time)
  Source:                 it_info[5]
                            (input port clocked by clk  {rise@0.000ns fall@1.000ns period=2.000ns})
  Destination:            desc_mem_reg[0][5]/D
                            (rising edge-triggered cell FDRE clocked by clk  {rise@0.000ns fall@1.000ns period=2.000ns})
  Path Group:             clk
  Path Type:              Hold (Min at Slow Process Corner)
  Requirement:            0.000ns  (clk rise@0.000ns - clk rise@0.000ns)
  Data Path Delay:        0.012ns  (logic 0.000ns (0.000%)  route 0.012ns (100.000%))
  Logic Levels:           0  
  Input Delay:            0.000ns
  Clock Path Skew:        0.028ns (DCD - SCD - CPR)
    Destination Clock Delay (DCD):    0.028ns
    Source Clock Delay      (SCD):    0.000ns
    Clock Pessimism Removal (CPR):    -0.000ns

    Location             Delay type                Incr(ns)  Path(ns)    Netlist Resource(s)
  -------------------------------------------------------------------    -------------------
                         (clock clk rise edge)        0.000     0.000 r  
                         propagated clock network latency
                                                      0.000     0.000    
                         input delay                  0.000     0.000    
                                                      0.000     0.000 r  it_info[5] (IN)
                         net (fo=3, unset)            0.012     0.012    it_info[5]
    SLICE_X64Y52         FDRE                                         r  desc_mem_reg[0][5]/D
  -------------------------------------------------------------------    -------------------

                         (clock clk rise edge)        0.000     0.000 r  
                         propagated clock network latency
                                                      0.028     0.028    
                         clock pessimism              0.000     0.028    
    SLICE_X64Y52         FDRE (Hold_AFF2_SLICEL_C_D)
                                                      0.062     0.090    desc_mem_reg[0][5]
  -------------------------------------------------------------------
                         required time                         -0.090    
                         arrival time                           0.012    
  -------------------------------------------------------------------
                         slack                                 -0.078    

Slack (VIOLATED) :        -0.078ns  (arrival time - required time)
  Source:                 it_data_in[10]
                            (input port clocked by clk  {rise@0.000ns fall@1.000ns period=2.000ns})
  Destination:            fill_wr_cmd_data_q_reg[10]/D
                            (rising edge-triggered cell FDCE clocked by clk  {rise@0.000ns fall@1.000ns period=2.000ns})
  Path Group:             clk
  Path Type:              Hold (Min at Slow Process Corner)
  Requirement:            0.000ns  (clk rise@0.000ns - clk rise@0.000ns)
  Data Path Delay:        0.014ns  (logic 0.000ns (0.000%)  route 0.014ns (100.000%))
  Logic Levels:           0  
  Input Delay:            0.000ns
  Clock Path Skew:        0.030ns (DCD - SCD - CPR)
    Destination Clock Delay (DCD):    0.030ns
    Source Clock Delay      (SCD):    0.000ns
    Clock Pessimism Removal (CPR):    -0.000ns

    Location             Delay type                Incr(ns)  Path(ns)    Netlist Resource(s)
  -------------------------------------------------------------------    -------------------
                         (clock clk rise edge)        0.000     0.000 r  
                         propagated clock network latency
                                                      0.000     0.000    
                         input delay                  0.000     0.000    
                                                      0.000     0.000 r  it_data_in[10] (IN)
                         net (fo=0)                   0.014     0.014    it_data_in[10]
    SLICE_X82Y43         FDCE                                         r  fill_wr_cmd_data_q_reg[10]/D
  -------------------------------------------------------------------    -------------------

                         (clock clk rise edge)        0.000     0.000 r  
                         propagated clock network latency
                                                      0.030     0.030    
                         clock pessimism              0.000     0.030    
    SLICE_X82Y43         FDCE (Hold_EFF2_SLICEM_C_D)
                                                      0.062     0.092    fill_wr_cmd_data_q_reg[10]
  -------------------------------------------------------------------
                         required time                         -0.092    
                         arrival time                           0.014    
  -------------------------------------------------------------------
                         slack                                 -0.078    

Slack (VIOLATED) :        -0.078ns  (arrival time - required time)
  Source:                 it_data_in[15]
                            (input port clocked by clk  {rise@0.000ns fall@1.000ns period=2.000ns})
  Destination:            fill_wr_cmd_data_q_reg[15]/D
                            (rising edge-triggered cell FDCE clocked by clk  {rise@0.000ns fall@1.000ns period=2.000ns})
  Path Group:             clk
  Path Type:              Hold (Min at Slow Process Corner)
  Requirement:            0.000ns  (clk rise@0.000ns - clk rise@0.000ns)
  Data Path Delay:        0.014ns  (logic 0.000ns (0.000%)  route 0.014ns (100.000%))
  Logic Levels:           0  
  Input Delay:            0.000ns
  Clock Path Skew:        0.030ns (DCD - SCD - CPR)
    Destination Clock Delay (DCD):    0.030ns
    Source Clock Delay      (SCD):    0.000ns
    Clock Pessimism Removal (CPR):    -0.000ns

    Location             Delay type                Incr(ns)  Path(ns)    Netlist Resource(s)
  -------------------------------------------------------------------    -------------------
                         (clock clk rise edge)        0.000     0.000 r  
                         propagated clock network latency
                                                      0.000     0.000    
                         input delay                  0.000     0.000    
                                                      0.000     0.000 r  it_data_in[15] (IN)
                         net (fo=0)                   0.014     0.014    it_data_in[15]
    SLICE_X82Y43         FDCE                                         r  fill_wr_cmd_data_q_reg[15]/D
  -------------------------------------------------------------------    -------------------

                         (clock clk rise edge)        0.000     0.000 r  
                         propagated clock network latency
                                                      0.030     0.030    
                         clock pessimism              0.000     0.030    
    SLICE_X82Y43         FDCE (Hold_FFF2_SLICEM_C_D)
                                                      0.062     0.092    fill_wr_cmd_data_q_reg[15]
  -------------------------------------------------------------------
                         required time                         -0.092    
                         arrival time                           0.014    
  -------------------------------------------------------------------
                         slack                                 -0.078    

Slack (VIOLATED) :        -0.076ns  (arrival time - required time)
  Source:                 it_info[11]
                            (input port clocked by clk  {rise@0.000ns fall@1.000ns period=2.000ns})
  Destination:            desc_mem_reg[0][11]/D
                            (rising edge-triggered cell FDRE clocked by clk  {rise@0.000ns fall@1.000ns period=2.000ns})
  Path Group:             clk
  Path Type:              Hold (Min at Slow Process Corner)
  Requirement:            0.000ns  (clk rise@0.000ns - clk rise@0.000ns)
  Data Path Delay:        0.013ns  (logic 0.000ns (0.000%)  route 0.013ns (100.000%))
  Logic Levels:           0  
  Input Delay:            0.000ns
  Clock Path Skew:        0.029ns (DCD - SCD - CPR)
    Destination Clock Delay (DCD):    0.029ns
    Source Clock Delay      (SCD):    0.000ns
    Clock Pessimism Removal (CPR):    -0.000ns

    Location             Delay type                Incr(ns)  Path(ns)    Netlist Resource(s)
  -------------------------------------------------------------------    -------------------
                         (clock clk rise edge)        0.000     0.000 r  
                         propagated clock network latency
                                                      0.000     0.000    
                         input delay                  0.000     0.000    
                                                      0.000     0.000 r  it_info[11] (IN)
                         net (fo=7, unset)            0.013     0.013    it_info[11]
    SLICE_X64Y53         FDRE                                         r  desc_mem_reg[0][11]/D
  -------------------------------------------------------------------    -------------------

                         (clock clk rise edge)        0.000     0.000 r  
                         propagated clock network latency
                                                      0.029     0.029    
                         clock pessimism              0.000     0.029    
    SLICE_X64Y53         FDRE (Hold_EFF_SLICEL_C_D)
                                                      0.060     0.089    desc_mem_reg[0][11]
  -------------------------------------------------------------------
                         required time                         -0.089    
                         arrival time                           0.013    
  -------------------------------------------------------------------
                         slack                                 -0.076    

Slack (VIOLATED) :        -0.076ns  (arrival time - required time)
  Source:                 it_info[9]
                            (input port clocked by clk  {rise@0.000ns fall@1.000ns period=2.000ns})
  Destination:            desc_mem_reg[0][9]/D
                            (rising edge-triggered cell FDRE clocked by clk  {rise@0.000ns fall@1.000ns period=2.000ns})
  Path Group:             clk
  Path Type:              Hold (Min at Slow Process Corner)
  Requirement:            0.000ns  (clk rise@0.000ns - clk rise@0.000ns)
  Data Path Delay:        0.013ns  (logic 0.000ns (0.000%)  route 0.013ns (100.000%))
  Logic Levels:           0  
  Input Delay:            0.000ns
  Clock Path Skew:        0.029ns (DCD - SCD - CPR)
    Destination Clock Delay (DCD):    0.029ns
    Source Clock Delay      (SCD):    0.000ns
    Clock Pessimism Removal (CPR):    -0.000ns

    Location             Delay type                Incr(ns)  Path(ns)    Netlist Resource(s)
  -------------------------------------------------------------------    -------------------
                         (clock clk rise edge)        0.000     0.000 r  
                         propagated clock network latency
                                                      0.000     0.000    
                         input delay                  0.000     0.000    
                                                      0.000     0.000 r  it_info[9] (IN)
                         net (fo=6, unset)            0.013     0.013    it_info[9]
    SLICE_X64Y53         FDRE                                         r  desc_mem_reg[0][9]/D
  -------------------------------------------------------------------    -------------------

                         (clock clk rise edge)        0.000     0.000 r  
                         propagated clock network latency
                                                      0.029     0.029    
                         clock pessimism              0.000     0.029    
    SLICE_X64Y53         FDRE (Hold_FFF_SLICEL_C_D)
                                                      0.060     0.089    desc_mem_reg[0][9]
  -------------------------------------------------------------------
                         required time                         -0.089    
                         arrival time                           0.013    
  -------------------------------------------------------------------
                         slack                                 -0.076    

Slack (VIOLATED) :        -0.076ns  (arrival time - required time)
  Source:                 it_info[10]
                            (input port clocked by clk  {rise@0.000ns fall@1.000ns period=2.000ns})
  Destination:            desc_mem_reg[1][10]/D
                            (rising edge-triggered cell FDRE clocked by clk  {rise@0.000ns fall@1.000ns period=2.000ns})
  Path Group:             clk
  Path Type:              Hold (Min at Slow Process Corner)
  Requirement:            0.000ns  (clk rise@0.000ns - clk rise@0.000ns)
  Data Path Delay:        0.013ns  (logic 0.000ns (0.000%)  route 0.013ns (100.000%))
  Logic Levels:           0  
  Input Delay:            0.000ns
  Clock Path Skew:        0.029ns (DCD - SCD - CPR)
    Destination Clock Delay (DCD):    0.029ns
    Source Clock Delay      (SCD):    0.000ns
    Clock Pessimism Removal (CPR):    -0.000ns

    Location             Delay type                Incr(ns)  Path(ns)    Netlist Resource(s)
  -------------------------------------------------------------------    -------------------
                         (clock clk rise edge)        0.000     0.000 r  
                         propagated clock network latency
                                                      0.000     0.000    
                         input delay                  0.000     0.000    
                                                      0.000     0.000 r  it_info[10] (IN)
                         net (fo=7, unset)            0.013     0.013    it_info[10]
    SLICE_X64Y51         FDRE                                         r  desc_mem_reg[1][10]/D
  -------------------------------------------------------------------    -------------------

                         (clock clk rise edge)        0.000     0.000 r  
                         propagated clock network latency
                                                      0.029     0.029    
                         clock pessimism              0.000     0.029    
    SLICE_X64Y51         FDRE (Hold_GFF_SLICEL_C_D)
                                                      0.060     0.089    desc_mem_reg[1][10]
  -------------------------------------------------------------------
                         required time                         -0.089    
                         arrival time                           0.013    
  -------------------------------------------------------------------
                         slack                                 -0.076    

Slack (VIOLATED) :        -0.076ns  (arrival time - required time)
  Source:                 it_info[13]
                            (input port clocked by clk  {rise@0.000ns fall@1.000ns period=2.000ns})
  Destination:            desc_mem_reg[1][13]/D
                            (rising edge-triggered cell FDRE clocked by clk  {rise@0.000ns fall@1.000ns period=2.000ns})
  Path Group:             clk
  Path Type:              Hold (Min at Slow Process Corner)
  Requirement:            0.000ns  (clk rise@0.000ns - clk rise@0.000ns)
  Data Path Delay:        0.013ns  (logic 0.000ns (0.000%)  route 0.013ns (100.000%))
  Logic Levels:           0  
  Input Delay:            0.000ns
  Clock Path Skew:        0.029ns (DCD - SCD - CPR)
    Destination Clock Delay (DCD):    0.029ns
    Source Clock Delay      (SCD):    0.000ns
    Clock Pessimism Removal (CPR):    -0.000ns

    Location             Delay type                Incr(ns)  Path(ns)    Netlist Resource(s)
  -------------------------------------------------------------------    -------------------
                         (clock clk rise edge)        0.000     0.000 r  
                         propagated clock network latency
                                                      0.000     0.000    
                         input delay                  0.000     0.000    
                                                      0.000     0.000 r  it_info[13] (IN)
                         net (fo=7, unset)            0.013     0.013    it_info[13]
    SLICE_X64Y52         FDRE                                         r  desc_mem_reg[1][13]/D
  -------------------------------------------------------------------    -------------------

                         (clock clk rise edge)        0.000     0.000 r  
                         propagated clock network latency
                                                      0.029     0.029    
                         clock pessimism              0.000     0.029    
    SLICE_X64Y52         FDRE (Hold_GFF_SLICEL_C_D)
                                                      0.060     0.089    desc_mem_reg[1][13]
  -------------------------------------------------------------------
                         required time                         -0.089    
                         arrival time                           0.013    
  -------------------------------------------------------------------
                         slack                                 -0.076    

Slack (VIOLATED) :        -0.076ns  (arrival time - required time)
  Source:                 it_info[14]
                            (input port clocked by clk  {rise@0.000ns fall@1.000ns period=2.000ns})
  Destination:            desc_mem_reg[1][14]/D
                            (rising edge-triggered cell FDRE clocked by clk  {rise@0.000ns fall@1.000ns period=2.000ns})
  Path Group:             clk
  Path Type:              Hold (Min at Slow Process Corner)
  Requirement:            0.000ns  (clk rise@0.000ns - clk rise@0.000ns)
  Data Path Delay:        0.013ns  (logic 0.000ns (0.000%)  route 0.013ns (100.000%))
  Logic Levels:           0  
  Input Delay:            0.000ns
  Clock Path Skew:        0.029ns (DCD - SCD - CPR)
    Destination Clock Delay (DCD):    0.029ns
    Source Clock Delay      (SCD):    0.000ns
    Clock Pessimism Removal (CPR):    -0.000ns

    Location             Delay type                Incr(ns)  Path(ns)    Netlist Resource(s)
  -------------------------------------------------------------------    -------------------
                         (clock clk rise edge)        0.000     0.000 r  
                         propagated clock network latency
                                                      0.000     0.000    
                         input delay                  0.000     0.000    
                                                      0.000     0.000 r  it_info[14] (IN)
                         net (fo=4, unset)            0.013     0.013    it_info[14]
    SLICE_X64Y46         FDRE                                         r  desc_mem_reg[1][14]/D
  -------------------------------------------------------------------    -------------------

                         (clock clk rise edge)        0.000     0.000 r  
                         propagated clock network latency
                                                      0.029     0.029    
                         clock pessimism              0.000     0.029    
    SLICE_X64Y46         FDRE (Hold_EFF_SLICEL_C_D)
                                                      0.060     0.089    desc_mem_reg[1][14]
  -------------------------------------------------------------------
                         required time                         -0.089    
                         arrival time                           0.013    
  -------------------------------------------------------------------
                         slack                                 -0.076    

Slack (VIOLATED) :        -0.076ns  (arrival time - required time)
  Source:                 it_info[18]
                            (input port clocked by clk  {rise@0.000ns fall@1.000ns period=2.000ns})
  Destination:            desc_mem_reg[1][18]/D
                            (rising edge-triggered cell FDRE clocked by clk  {rise@0.000ns fall@1.000ns period=2.000ns})
  Path Group:             clk
  Path Type:              Hold (Min at Slow Process Corner)
  Requirement:            0.000ns  (clk rise@0.000ns - clk rise@0.000ns)
  Data Path Delay:        0.013ns  (logic 0.000ns (0.000%)  route 0.013ns (100.000%))
  Logic Levels:           0  
  Input Delay:            0.000ns
  Clock Path Skew:        0.029ns (DCD - SCD - CPR)
    Destination Clock Delay (DCD):    0.029ns
    Source Clock Delay      (SCD):    0.000ns
    Clock Pessimism Removal (CPR):    -0.000ns

    Location             Delay type                Incr(ns)  Path(ns)    Netlist Resource(s)
  -------------------------------------------------------------------    -------------------
                         (clock clk rise edge)        0.000     0.000 r  
                         propagated clock network latency
                                                      0.000     0.000    
                         input delay                  0.000     0.000    
                                                      0.000     0.000 r  it_info[18] (IN)
                         net (fo=1, unset)            0.013     0.013    it_info[18]
    SLICE_X64Y44         FDRE                                         r  desc_mem_reg[1][18]/D
  -------------------------------------------------------------------    -------------------

                         (clock clk rise edge)        0.000     0.000 r  
                         propagated clock network latency
                                                      0.029     0.029    
                         clock pessimism              0.000     0.029    
    SLICE_X64Y44         FDRE (Hold_GFF_SLICEL_C_D)
                                                      0.060     0.089    desc_mem_reg[1][18]
  -------------------------------------------------------------------
                         required time                         -0.089    
                         arrival time                           0.013    
  -------------------------------------------------------------------
                         slack                                 -0.076    

Slack (VIOLATED) :        -0.076ns  (arrival time - required time)
  Source:                 it_info[19]
                            (input port clocked by clk  {rise@0.000ns fall@1.000ns period=2.000ns})
  Destination:            desc_mem_reg[1][19]/D
                            (rising edge-triggered cell FDRE clocked by clk  {rise@0.000ns fall@1.000ns period=2.000ns})
  Path Group:             clk
  Path Type:              Hold (Min at Slow Process Corner)
  Requirement:            0.000ns  (clk rise@0.000ns - clk rise@0.000ns)
  Data Path Delay:        0.013ns  (logic 0.000ns (0.000%)  route 0.013ns (100.000%))
  Logic Levels:           0  
  Input Delay:            0.000ns
  Clock Path Skew:        0.029ns (DCD - SCD - CPR)
    Destination Clock Delay (DCD):    0.029ns
    Source Clock Delay      (SCD):    0.000ns
    Clock Pessimism Removal (CPR):    -0.000ns

    Location             Delay type                Incr(ns)  Path(ns)    Netlist Resource(s)
  -------------------------------------------------------------------    -------------------
                         (clock clk rise edge)        0.000     0.000 r  
                         propagated clock network latency
                                                      0.000     0.000    
                         input delay                  0.000     0.000    
                                                      0.000     0.000 r  it_info[19] (IN)
                         net (fo=1, unset)            0.013     0.013    it_info[19]
    SLICE_X64Y44         FDRE                                         r  desc_mem_reg[1][19]/D
  -------------------------------------------------------------------    -------------------

                         (clock clk rise edge)        0.000     0.000 r  
                         propagated clock network latency
                                                      0.029     0.029    
                         clock pessimism              0.000     0.029    
    SLICE_X64Y44         FDRE (Hold_FFF_SLICEL_C_D)
                                                      0.060     0.089    desc_mem_reg[1][19]
  -------------------------------------------------------------------
                         required time                         -0.089    
                         arrival time                           0.013    
  -------------------------------------------------------------------
                         slack                                 -0.076    

Slack (VIOLATED) :        -0.076ns  (arrival time - required time)
  Source:                 it_info[1]
                            (input port clocked by clk  {rise@0.000ns fall@1.000ns period=2.000ns})
  Destination:            desc_mem_reg[1][1]/D
                            (rising edge-triggered cell FDRE clocked by clk  {rise@0.000ns fall@1.000ns period=2.000ns})
  Path Group:             clk
  Path Type:              Hold (Min at Slow Process Corner)
  Requirement:            0.000ns  (clk rise@0.000ns - clk rise@0.000ns)
  Data Path Delay:        0.013ns  (logic 0.000ns (0.000%)  route 0.013ns (100.000%))
  Logic Levels:           0  
  Input Delay:            0.000ns
  Clock Path Skew:        0.029ns (DCD - SCD - CPR)
    Destination Clock Delay (DCD):    0.029ns
    Source Clock Delay      (SCD):    0.000ns
    Clock Pessimism Removal (CPR):    -0.000ns

    Location             Delay type                Incr(ns)  Path(ns)    Netlist Resource(s)
  -------------------------------------------------------------------    -------------------
                         (clock clk rise edge)        0.000     0.000 r  
                         propagated clock network latency
                                                      0.000     0.000    
                         input delay                  0.000     0.000    
                                                      0.000     0.000 r  it_info[1] (IN)
                         net (fo=2, unset)            0.013     0.013    it_info[1]
    SLICE_X64Y52         FDRE                                         r  desc_mem_reg[1][1]/D
  -------------------------------------------------------------------    -------------------

                         (clock clk rise edge)        0.000     0.000 r  
                         propagated clock network latency
                                                      0.029     0.029    
                         clock pessimism              0.000     0.029    
    SLICE_X64Y52         FDRE (Hold_FFF_SLICEL_C_D)
                                                      0.060     0.089    desc_mem_reg[1][1]
  -------------------------------------------------------------------
                         required time                         -0.089    
                         arrival time                           0.013    
  -------------------------------------------------------------------
                         slack                                 -0.076    

Slack (VIOLATED) :        -0.076ns  (arrival time - required time)
  Source:                 it_info[3]
                            (input port clocked by clk  {rise@0.000ns fall@1.000ns period=2.000ns})
  Destination:            desc_mem_reg[1][3]/D
                            (rising edge-triggered cell FDRE clocked by clk  {rise@0.000ns fall@1.000ns period=2.000ns})
  Path Group:             clk
  Path Type:              Hold (Min at Slow Process Corner)
  Requirement:            0.000ns  (clk rise@0.000ns - clk rise@0.000ns)
  Data Path Delay:        0.013ns  (logic 0.000ns (0.000%)  route 0.013ns (100.000%))
  Logic Levels:           0  
  Input Delay:            0.000ns
  Clock Path Skew:        0.029ns (DCD - SCD - CPR)
    Destination Clock Delay (DCD):    0.029ns
    Source Clock Delay      (SCD):    0.000ns
    Clock Pessimism Removal (CPR):    -0.000ns

    Location             Delay type                Incr(ns)  Path(ns)    Netlist Resource(s)
  -------------------------------------------------------------------    -------------------
                         (clock clk rise edge)        0.000     0.000 r  
                         propagated clock network latency
                                                      0.000     0.000    
                         input delay                  0.000     0.000    
                                                      0.000     0.000 r  it_info[3] (IN)
                         net (fo=4, unset)            0.013     0.013    it_info[3]
    SLICE_X65Y51         FDRE                                         r  desc_mem_reg[1][3]/D
  -------------------------------------------------------------------    -------------------

                         (clock clk rise edge)        0.000     0.000 r  
                         propagated clock network latency
                                                      0.029     0.029    
                         clock pessimism              0.000     0.029    
    SLICE_X65Y51         FDRE (Hold_EFF_SLICEL_C_D)
                                                      0.060     0.089    desc_mem_reg[1][3]
  -------------------------------------------------------------------
                         required time                         -0.089    
                         arrival time                           0.013    
  -------------------------------------------------------------------
                         slack                                 -0.076    

Slack (VIOLATED) :        -0.076ns  (arrival time - required time)
  Source:                 it_info[6]
                            (input port clocked by clk  {rise@0.000ns fall@1.000ns period=2.000ns})
  Destination:            desc_mem_reg[1][6]/D
                            (rising edge-triggered cell FDRE clocked by clk  {rise@0.000ns fall@1.000ns period=2.000ns})
  Path Group:             clk
  Path Type:              Hold (Min at Slow Process Corner)
  Requirement:            0.000ns  (clk rise@0.000ns - clk rise@0.000ns)
  Data Path Delay:        0.013ns  (logic 0.000ns (0.000%)  route 0.013ns (100.000%))
  Logic Levels:           0  
  Input Delay:            0.000ns
  Clock Path Skew:        0.029ns (DCD - SCD - CPR)
    Destination Clock Delay (DCD):    0.029ns
    Source Clock Delay      (SCD):    0.000ns
    Clock Pessimism Removal (CPR):    -0.000ns

    Location             Delay type                Incr(ns)  Path(ns)    Netlist Resource(s)
  -------------------------------------------------------------------    -------------------
                         (clock clk rise edge)        0.000     0.000 r  
                         propagated clock network latency
                                                      0.000     0.000    
                         input delay                  0.000     0.000    
                                                      0.000     0.000 r  it_info[6] (IN)
                         net (fo=5, unset)            0.013     0.013    it_info[6]
    SLICE_X64Y52         FDRE                                         r  desc_mem_reg[1][6]/D
  -------------------------------------------------------------------    -------------------

                         (clock clk rise edge)        0.000     0.000 r  
                         propagated clock network latency
                                                      0.029     0.029    
                         clock pessimism              0.000     0.029    
    SLICE_X64Y52         FDRE (Hold_EFF_SLICEL_C_D)
                                                      0.060     0.089    desc_mem_reg[1][6]
  -------------------------------------------------------------------
                         required time                         -0.089    
                         arrival time                           0.013    
  -------------------------------------------------------------------
                         slack                                 -0.076    

Slack (VIOLATED) :        -0.076ns  (arrival time - required time)
  Source:                 it_info[7]
                            (input port clocked by clk  {rise@0.000ns fall@1.000ns period=2.000ns})
  Destination:            desc_mem_reg[1][7]/D
                            (rising edge-triggered cell FDRE clocked by clk  {rise@0.000ns fall@1.000ns period=2.000ns})
  Path Group:             clk
  Path Type:              Hold (Min at Slow Process Corner)
  Requirement:            0.000ns  (clk rise@0.000ns - clk rise@0.000ns)
  Data Path Delay:        0.013ns  (logic 0.000ns (0.000%)  route 0.013ns (100.000%))
  Logic Levels:           0  
  Input Delay:            0.000ns
  Clock Path Skew:        0.029ns (DCD - SCD - CPR)
    Destination Clock Delay (DCD):    0.029ns
    Source Clock Delay      (SCD):    0.000ns
    Clock Pessimism Removal (CPR):    -0.000ns

    Location             Delay type                Incr(ns)  Path(ns)    Netlist Resource(s)
  -------------------------------------------------------------------    -------------------
                         (clock clk rise edge)        0.000     0.000 r  
                         propagated clock network latency
                                                      0.000     0.000    
                         input delay                  0.000     0.000    
                                                      0.000     0.000 r  it_info[7] (IN)
                         net (fo=5, unset)            0.013     0.013    it_info[7]
    SLICE_X64Y51         FDRE                                         r  desc_mem_reg[1][7]/D
  -------------------------------------------------------------------    -------------------

                         (clock clk rise edge)        0.000     0.000 r  
                         propagated clock network latency
                                                      0.029     0.029    
                         clock pessimism              0.000     0.029    
    SLICE_X64Y51         FDRE (Hold_FFF_SLICEL_C_D)
                                                      0.060     0.089    desc_mem_reg[1][7]
  -------------------------------------------------------------------
                         required time                         -0.089    
                         arrival time                           0.013    
  -------------------------------------------------------------------
                         slack                                 -0.076    

Slack (VIOLATED) :        -0.076ns  (arrival time - required time)
  Source:                 it_info[8]
                            (input port clocked by clk  {rise@0.000ns fall@1.000ns period=2.000ns})
  Destination:            desc_mem_reg[1][8]/D
                            (rising edge-triggered cell FDRE clocked by clk  {rise@0.000ns fall@1.000ns period=2.000ns})
  Path Group:             clk
  Path Type:              Hold (Min at Slow Process Corner)
  Requirement:            0.000ns  (clk rise@0.000ns - clk rise@0.000ns)
  Data Path Delay:        0.013ns  (logic 0.000ns (0.000%)  route 0.013ns (100.000%))
  Logic Levels:           0  
  Input Delay:            0.000ns
  Clock Path Skew:        0.029ns (DCD - SCD - CPR)
    Destination Clock Delay (DCD):    0.029ns
    Source Clock Delay      (SCD):    0.000ns
    Clock Pessimism Removal (CPR):    -0.000ns

    Location             Delay type                Incr(ns)  Path(ns)    Netlist Resource(s)
  -------------------------------------------------------------------    -------------------
                         (clock clk rise edge)        0.000     0.000 r  
                         propagated clock network latency
                                                      0.000     0.000    
                         input delay                  0.000     0.000    
                                                      0.000     0.000 r  it_info[8] (IN)
                         net (fo=5, unset)            0.013     0.013    it_info[8]
    SLICE_X64Y51         FDRE                                         r  desc_mem_reg[1][8]/D
  -------------------------------------------------------------------    -------------------

                         (clock clk rise edge)        0.000     0.000 r  
                         propagated clock network latency
                                                      0.029     0.029    
                         clock pessimism              0.000     0.029    
    SLICE_X64Y51         FDRE (Hold_EFF_SLICEL_C_D)
                                                      0.060     0.089    desc_mem_reg[1][8]
  -------------------------------------------------------------------
                         required time                         -0.089    
                         arrival time                           0.013    
  -------------------------------------------------------------------
                         slack                                 -0.076    

Slack (VIOLATED) :        -0.076ns  (arrival time - required time)
  Source:                 it_info[9]
                            (input port clocked by clk  {rise@0.000ns fall@1.000ns period=2.000ns})
  Destination:            desc_mem_reg[1][9]/D
                            (rising edge-triggered cell FDRE clocked by clk  {rise@0.000ns fall@1.000ns period=2.000ns})
  Path Group:             clk
  Path Type:              Hold (Min at Slow Process Corner)
  Requirement:            0.000ns  (clk rise@0.000ns - clk rise@0.000ns)
  Data Path Delay:        0.013ns  (logic 0.000ns (0.000%)  route 0.013ns (100.000%))
  Logic Levels:           0  
  Input Delay:            0.000ns
  Clock Path Skew:        0.029ns (DCD - SCD - CPR)
    Destination Clock Delay (DCD):    0.029ns
    Source Clock Delay      (SCD):    0.000ns
    Clock Pessimism Removal (CPR):    -0.000ns

    Location             Delay type                Incr(ns)  Path(ns)    Netlist Resource(s)
  -------------------------------------------------------------------    -------------------
                         (clock clk rise edge)        0.000     0.000 r  
                         propagated clock network latency
                                                      0.000     0.000    
                         input delay                  0.000     0.000    
                                                      0.000     0.000 r  it_info[9] (IN)
                         net (fo=6, unset)            0.013     0.013    it_info[9]
    SLICE_X63Y46         FDRE                                         r  desc_mem_reg[1][9]/D
  -------------------------------------------------------------------    -------------------

                         (clock clk rise edge)        0.000     0.000 r  
                         propagated clock network latency
                                                      0.029     0.029    
                         clock pessimism              0.000     0.029    
    SLICE_X63Y46         FDRE (Hold_EFF_SLICEL_C_D)
                                                      0.060     0.089    desc_mem_reg[1][9]
  -------------------------------------------------------------------
                         required time                         -0.089    
                         arrival time                           0.013    
  -------------------------------------------------------------------
                         slack                                 -0.076    

Slack (VIOLATED) :        -0.076ns  (arrival time - required time)
  Source:                 it_data_in[5]
                            (input port clocked by clk  {rise@0.000ns fall@1.000ns period=2.000ns})
  Destination:            fill_wr_cmd_data_q_reg[5]/D
                            (rising edge-triggered cell FDCE clocked by clk  {rise@0.000ns fall@1.000ns period=2.000ns})
  Path Group:             clk
  Path Type:              Hold (Min at Slow Process Corner)
  Requirement:            0.000ns  (clk rise@0.000ns - clk rise@0.000ns)
  Data Path Delay:        0.013ns  (logic 0.000ns (0.000%)  route 0.013ns (100.000%))
  Logic Levels:           0  
  Input Delay:            0.000ns
  Clock Path Skew:        0.029ns (DCD - SCD - CPR)
    Destination Clock Delay (DCD):    0.029ns
    Source Clock Delay      (SCD):    0.000ns
    Clock Pessimism Removal (CPR):    -0.000ns

    Location             Delay type                Incr(ns)  Path(ns)    Netlist Resource(s)
  -------------------------------------------------------------------    -------------------
                         (clock clk rise edge)        0.000     0.000 r  
                         propagated clock network latency
                                                      0.000     0.000    
                         input delay                  0.000     0.000    
                                                      0.000     0.000 r  it_data_in[5] (IN)
                         net (fo=0)                   0.013     0.013    it_data_in[5]
    SLICE_X80Y41         FDCE                                         r  fill_wr_cmd_data_q_reg[5]/D
  -------------------------------------------------------------------    -------------------

                         (clock clk rise edge)        0.000     0.000 r  
                         propagated clock network latency
                                                      0.029     0.029    
                         clock pessimism              0.000     0.029    
    SLICE_X80Y41         FDCE (Hold_EFF_SLICEL_C_D)
                                                      0.060     0.089    fill_wr_cmd_data_q_reg[5]
  -------------------------------------------------------------------
                         required time                         -0.089    
                         arrival time                           0.013    
  -------------------------------------------------------------------
                         slack                                 -0.076    

Slack (VIOLATED) :        -0.076ns  (arrival time - required time)
  Source:                 it_data_in[7]
                            (input port clocked by clk  {rise@0.000ns fall@1.000ns period=2.000ns})
  Destination:            fill_wr_cmd_data_q_reg[7]/D
                            (rising edge-triggered cell FDCE clocked by clk  {rise@0.000ns fall@1.000ns period=2.000ns})
  Path Group:             clk
  Path Type:              Hold (Min at Slow Process Corner)
  Requirement:            0.000ns  (clk rise@0.000ns - clk rise@0.000ns)
  Data Path Delay:        0.013ns  (logic 0.000ns (0.000%)  route 0.013ns (100.000%))
  Logic Levels:           0  
  Input Delay:            0.000ns
  Clock Path Skew:        0.029ns (DCD - SCD - CPR)
    Destination Clock Delay (DCD):    0.029ns
    Source Clock Delay      (SCD):    0.000ns
    Clock Pessimism Removal (CPR):    -0.000ns

    Location             Delay type                Incr(ns)  Path(ns)    Netlist Resource(s)
  -------------------------------------------------------------------    -------------------
                         (clock clk rise edge)        0.000     0.000 r  
                         propagated clock network latency
                                                      0.000     0.000    
                         input delay                  0.000     0.000    
                                                      0.000     0.000 r  it_data_in[7] (IN)
                         net (fo=0)                   0.013     0.013    it_data_in[7]
    SLICE_X80Y41         FDCE                                         r  fill_wr_cmd_data_q_reg[7]/D
  -------------------------------------------------------------------    -------------------

                         (clock clk rise edge)        0.000     0.000 r  
                         propagated clock network latency
                                                      0.029     0.029    
                         clock pessimism              0.000     0.029    
    SLICE_X80Y41         FDCE (Hold_FFF_SLICEL_C_D)
                                                      0.060     0.089    fill_wr_cmd_data_q_reg[7]
  -------------------------------------------------------------------
                         required time                         -0.089    
                         arrival time                           0.013    
  -------------------------------------------------------------------
                         slack                                 -0.076    

Slack (VIOLATED) :        -0.076ns  (arrival time - required time)
  Source:                 it_data_in[9]
                            (input port clocked by clk  {rise@0.000ns fall@1.000ns period=2.000ns})
  Destination:            fill_wr_cmd_data_q_reg[9]/D
                            (rising edge-triggered cell FDCE clocked by clk  {rise@0.000ns fall@1.000ns period=2.000ns})
  Path Group:             clk
  Path Type:              Hold (Min at Slow Process Corner)
  Requirement:            0.000ns  (clk rise@0.000ns - clk rise@0.000ns)
  Data Path Delay:        0.013ns  (logic 0.000ns (0.000%)  route 0.013ns (100.000%))
  Logic Levels:           0  
  Input Delay:            0.000ns
  Clock Path Skew:        0.029ns (DCD - SCD - CPR)
    Destination Clock Delay (DCD):    0.029ns
    Source Clock Delay      (SCD):    0.000ns
    Clock Pessimism Removal (CPR):    -0.000ns

    Location             Delay type                Incr(ns)  Path(ns)    Netlist Resource(s)
  -------------------------------------------------------------------    -------------------
                         (clock clk rise edge)        0.000     0.000 r  
                         propagated clock network latency
                                                      0.000     0.000    
                         input delay                  0.000     0.000    
                                                      0.000     0.000 r  it_data_in[9] (IN)
                         net (fo=0)                   0.013     0.013    it_data_in[9]
    SLICE_X80Y41         FDCE                                         r  fill_wr_cmd_data_q_reg[9]/D
  -------------------------------------------------------------------    -------------------

                         (clock clk rise edge)        0.000     0.000 r  
                         propagated clock network latency
                                                      0.029     0.029    
                         clock pessimism              0.000     0.029    
    SLICE_X80Y41         FDCE (Hold_GFF_SLICEL_C_D)
                                                      0.060     0.089    fill_wr_cmd_data_q_reg[9]
  -------------------------------------------------------------------
                         required time                         -0.089    
                         arrival time                           0.013    
  -------------------------------------------------------------------
                         slack                                 -0.076    

Slack (VIOLATED) :        -0.076ns  (arrival time - required time)
  Source:                 it_data_in[0]
                            (input port clocked by clk  {rise@0.000ns fall@1.000ns period=2.000ns})
  Destination:            fill_wr_cmd_data_q_reg[0]/D
                            (rising edge-triggered cell FDCE clocked by clk  {rise@0.000ns fall@1.000ns period=2.000ns})
  Path Group:             clk
  Path Type:              Hold (Min at Slow Process Corner)
  Requirement:            0.000ns  (clk rise@0.000ns - clk rise@0.000ns)
  Data Path Delay:        0.014ns  (logic 0.000ns (0.000%)  route 0.014ns (100.000%))
  Logic Levels:           0  
  Input Delay:            0.000ns
  Clock Path Skew:        0.030ns (DCD - SCD - CPR)
    Destination Clock Delay (DCD):    0.030ns
    Source Clock Delay      (SCD):    0.000ns
    Clock Pessimism Removal (CPR):    -0.000ns

    Location             Delay type                Incr(ns)  Path(ns)    Netlist Resource(s)
  -------------------------------------------------------------------    -------------------
                         (clock clk rise edge)        0.000     0.000 r  
                         propagated clock network latency
                                                      0.000     0.000    
                         input delay                  0.000     0.000    
                                                      0.000     0.000 r  it_data_in[0] (IN)
                         net (fo=0)                   0.014     0.014    it_data_in[0]
    SLICE_X82Y43         FDCE                                         r  fill_wr_cmd_data_q_reg[0]/D
  -------------------------------------------------------------------    -------------------

                         (clock clk rise edge)        0.000     0.000 r  
                         propagated clock network latency
                                                      0.030     0.030    
                         clock pessimism              0.000     0.030    
    SLICE_X82Y43         FDCE (Hold_EFF_SLICEM_C_D)
                                                      0.060     0.090    fill_wr_cmd_data_q_reg[0]
  -------------------------------------------------------------------
                         required time                         -0.090    
                         arrival time                           0.014    
  -------------------------------------------------------------------
                         slack                                 -0.076    

Slack (VIOLATED) :        -0.076ns  (arrival time - required time)
  Source:                 it_data_in[12]
                            (input port clocked by clk  {rise@0.000ns fall@1.000ns period=2.000ns})
  Destination:            fill_wr_cmd_data_q_reg[12]/D
                            (rising edge-triggered cell FDCE clocked by clk  {rise@0.000ns fall@1.000ns period=2.000ns})
  Path Group:             clk
  Path Type:              Hold (Min at Slow Process Corner)
  Requirement:            0.000ns  (clk rise@0.000ns - clk rise@0.000ns)
  Data Path Delay:        0.014ns  (logic 0.000ns (0.000%)  route 0.014ns (100.000%))
  Logic Levels:           0  
  Input Delay:            0.000ns
  Clock Path Skew:        0.030ns (DCD - SCD - CPR)
    Destination Clock Delay (DCD):    0.030ns
    Source Clock Delay      (SCD):    0.000ns
    Clock Pessimism Removal (CPR):    -0.000ns

    Location             Delay type                Incr(ns)  Path(ns)    Netlist Resource(s)
  -------------------------------------------------------------------    -------------------
                         (clock clk rise edge)        0.000     0.000 r  
                         propagated clock network latency
                                                      0.000     0.000    
                         input delay                  0.000     0.000    
                                                      0.000     0.000 r  it_data_in[12] (IN)
                         net (fo=0)                   0.014     0.014    it_data_in[12]
    SLICE_X82Y47         FDCE                                         r  fill_wr_cmd_data_q_reg[12]/D
  -------------------------------------------------------------------    -------------------

                         (clock clk rise edge)        0.000     0.000 r  
                         propagated clock network latency
                                                      0.030     0.030    
                         clock pessimism              0.000     0.030    
    SLICE_X82Y47         FDCE (Hold_EFF_SLICEM_C_D)
                                                      0.060     0.090    fill_wr_cmd_data_q_reg[12]
  -------------------------------------------------------------------
                         required time                         -0.090    
                         arrival time                           0.014    
  -------------------------------------------------------------------
                         slack                                 -0.076    

Slack (VIOLATED) :        -0.076ns  (arrival time - required time)
  Source:                 it_data_in[14]
                            (input port clocked by clk  {rise@0.000ns fall@1.000ns period=2.000ns})
  Destination:            fill_wr_cmd_data_q_reg[14]/D
                            (rising edge-triggered cell FDCE clocked by clk  {rise@0.000ns fall@1.000ns period=2.000ns})
  Path Group:             clk
  Path Type:              Hold (Min at Slow Process Corner)
  Requirement:            0.000ns  (clk rise@0.000ns - clk rise@0.000ns)
  Data Path Delay:        0.014ns  (logic 0.000ns (0.000%)  route 0.014ns (100.000%))
  Logic Levels:           0  
  Input Delay:            0.000ns
  Clock Path Skew:        0.030ns (DCD - SCD - CPR)
    Destination Clock Delay (DCD):    0.030ns
    Source Clock Delay      (SCD):    0.000ns
    Clock Pessimism Removal (CPR):    -0.000ns

    Location             Delay type                Incr(ns)  Path(ns)    Netlist Resource(s)
  -------------------------------------------------------------------    -------------------
                         (clock clk rise edge)        0.000     0.000 r  
                         propagated clock network latency
                                                      0.000     0.000    
                         input delay                  0.000     0.000    
                                                      0.000     0.000 r  it_data_in[14] (IN)
                         net (fo=0)                   0.014     0.014    it_data_in[14]
    SLICE_X82Y44         FDCE                                         r  fill_wr_cmd_data_q_reg[14]/D
  -------------------------------------------------------------------    -------------------

                         (clock clk rise edge)        0.000     0.000 r  
                         propagated clock network latency
                                                      0.030     0.030    
                         clock pessimism              0.000     0.030    
    SLICE_X82Y44         FDCE (Hold_EFF_SLICEM_C_D)
                                                      0.060     0.090    fill_wr_cmd_data_q_reg[14]
  -------------------------------------------------------------------
                         required time                         -0.090    
                         arrival time                           0.014    
  -------------------------------------------------------------------
                         slack                                 -0.076    

Slack (VIOLATED) :        -0.075ns  (arrival time - required time)
  Source:                 it_info[0]
                            (input port clocked by clk  {rise@0.000ns fall@1.000ns period=2.000ns})
  Destination:            desc_mem_reg[1][0]/D
                            (rising edge-triggered cell FDRE clocked by clk  {rise@0.000ns fall@1.000ns period=2.000ns})
  Path Group:             clk
  Path Type:              Hold (Min at Slow Process Corner)
  Requirement:            0.000ns  (clk rise@0.000ns - clk rise@0.000ns)
  Data Path Delay:        0.014ns  (logic 0.000ns (0.000%)  route 0.014ns (100.000%))
  Logic Levels:           0  
  Input Delay:            0.000ns
  Clock Path Skew:        0.029ns (DCD - SCD - CPR)
    Destination Clock Delay (DCD):    0.029ns
    Source Clock Delay      (SCD):    0.000ns
    Clock Pessimism Removal (CPR):    -0.000ns

    Location             Delay type                Incr(ns)  Path(ns)    Netlist Resource(s)
  -------------------------------------------------------------------    -------------------
                         (clock clk rise edge)        0.000     0.000 r  
                         propagated clock network latency
                                                      0.000     0.000    
                         input delay                  0.000     0.000    
                                                      0.000     0.000 r  it_info[0] (IN)
                         net (fo=2, unset)            0.014     0.014    it_info[0]
    SLICE_X64Y51         FDRE                                         r  desc_mem_reg[1][0]/D
  -------------------------------------------------------------------    -------------------

                         (clock clk rise edge)        0.000     0.000 r  
                         propagated clock network latency
                                                      0.029     0.029    
                         clock pessimism              0.000     0.029    
    SLICE_X64Y51         FDRE (Hold_HFF_SLICEL_C_D)
                                                      0.060     0.089    desc_mem_reg[1][0]
  -------------------------------------------------------------------
                         required time                         -0.089    
                         arrival time                           0.014    
  -------------------------------------------------------------------
                         slack                                 -0.075    

Slack (VIOLATED) :        -0.075ns  (arrival time - required time)
  Source:                 it_info[12]
                            (input port clocked by clk  {rise@0.000ns fall@1.000ns period=2.000ns})
  Destination:            desc_mem_reg[1][12]/D
                            (rising edge-triggered cell FDRE clocked by clk  {rise@0.000ns fall@1.000ns period=2.000ns})
  Path Group:             clk
  Path Type:              Hold (Min at Slow Process Corner)
  Requirement:            0.000ns  (clk rise@0.000ns - clk rise@0.000ns)
  Data Path Delay:        0.014ns  (logic 0.000ns (0.000%)  route 0.014ns (100.000%))
  Logic Levels:           0  
  Input Delay:            0.000ns
  Clock Path Skew:        0.029ns (DCD - SCD - CPR)
    Destination Clock Delay (DCD):    0.029ns
    Source Clock Delay      (SCD):    0.000ns
    Clock Pessimism Removal (CPR):    -0.000ns

    Location             Delay type                Incr(ns)  Path(ns)    Netlist Resource(s)
  -------------------------------------------------------------------    -------------------
                         (clock clk rise edge)        0.000     0.000 r  
                         propagated clock network latency
                                                      0.000     0.000    
                         input delay                  0.000     0.000    
                                                      0.000     0.000 r  it_info[12] (IN)
                         net (fo=7, unset)            0.014     0.014    it_info[12]
    SLICE_X64Y52         FDRE                                         r  desc_mem_reg[1][12]/D
  -------------------------------------------------------------------    -------------------

                         (clock clk rise edge)        0.000     0.000 r  
                         propagated clock network latency
                                                      0.029     0.029    
                         clock pessimism              0.000     0.029    
    SLICE_X64Y52         FDRE (Hold_HFF_SLICEL_C_D)
                                                      0.060     0.089    desc_mem_reg[1][12]
  -------------------------------------------------------------------
                         required time                         -0.089    
                         arrival time                           0.014    
  -------------------------------------------------------------------
                         slack                                 -0.075    

Slack (VIOLATED) :        -0.075ns  (arrival time - required time)
  Source:                 it_info[16]
                            (input port clocked by clk  {rise@0.000ns fall@1.000ns period=2.000ns})
  Destination:            desc_mem_reg[1][16]/D
                            (rising edge-triggered cell FDRE clocked by clk  {rise@0.000ns fall@1.000ns period=2.000ns})
  Path Group:             clk
  Path Type:              Hold (Min at Slow Process Corner)
  Requirement:            0.000ns  (clk rise@0.000ns - clk rise@0.000ns)
  Data Path Delay:        0.014ns  (logic 0.000ns (0.000%)  route 0.014ns (100.000%))
  Logic Levels:           0  
  Input Delay:            0.000ns
  Clock Path Skew:        0.029ns (DCD - SCD - CPR)
    Destination Clock Delay (DCD):    0.029ns
    Source Clock Delay      (SCD):    0.000ns
    Clock Pessimism Removal (CPR):    -0.000ns

    Location             Delay type                Incr(ns)  Path(ns)    Netlist Resource(s)
  -------------------------------------------------------------------    -------------------
                         (clock clk rise edge)        0.000     0.000 r  
                         propagated clock network latency
                                                      0.000     0.000    
                         input delay                  0.000     0.000    
                                                      0.000     0.000 r  it_info[16] (IN)
                         net (fo=4, unset)            0.014     0.014    it_info[16]
    SLICE_X63Y52         FDRE                                         r  desc_mem_reg[1][16]/D
  -------------------------------------------------------------------    -------------------

                         (clock clk rise edge)        0.000     0.000 r  
                         propagated clock network latency
                                                      0.029     0.029    
                         clock pessimism              0.000     0.029    
    SLICE_X63Y52         FDRE (Hold_HFF_SLICEL_C_D)
                                                      0.060     0.089    desc_mem_reg[1][16]
  -------------------------------------------------------------------
                         required time                         -0.089    
                         arrival time                           0.014    
  -------------------------------------------------------------------
                         slack                                 -0.075    

Slack (VIOLATED) :        -0.075ns  (arrival time - required time)
  Source:                 it_info[17]
                            (input port clocked by clk  {rise@0.000ns fall@1.000ns period=2.000ns})
  Destination:            desc_mem_reg[1][17]/D
                            (rising edge-triggered cell FDRE clocked by clk  {rise@0.000ns fall@1.000ns period=2.000ns})
  Path Group:             clk
  Path Type:              Hold (Min at Slow Process Corner)
  Requirement:            0.000ns  (clk rise@0.000ns - clk rise@0.000ns)
  Data Path Delay:        0.014ns  (logic 0.000ns (0.000%)  route 0.014ns (100.000%))
  Logic Levels:           0  
  Input Delay:            0.000ns
  Clock Path Skew:        0.029ns (DCD - SCD - CPR)
    Destination Clock Delay (DCD):    0.029ns
    Source Clock Delay      (SCD):    0.000ns
    Clock Pessimism Removal (CPR):    -0.000ns

    Location             Delay type                Incr(ns)  Path(ns)    Netlist Resource(s)
  -------------------------------------------------------------------    -------------------
                         (clock clk rise edge)        0.000     0.000 r  
                         propagated clock network latency
                                                      0.000     0.000    
                         input delay                  0.000     0.000    
                                                      0.000     0.000 r  it_info[17] (IN)
                         net (fo=4, unset)            0.014     0.014    it_info[17]
    SLICE_X64Y44         FDRE                                         r  desc_mem_reg[1][17]/D
  -------------------------------------------------------------------    -------------------

                         (clock clk rise edge)        0.000     0.000 r  
                         propagated clock network latency
                                                      0.029     0.029    
                         clock pessimism              0.000     0.029    
    SLICE_X64Y44         FDRE (Hold_HFF_SLICEL_C_D)
                                                      0.060     0.089    desc_mem_reg[1][17]
  -------------------------------------------------------------------
                         required time                         -0.089    
                         arrival time                           0.014    
  -------------------------------------------------------------------
                         slack                                 -0.075    

Slack (VIOLATED) :        -0.075ns  (arrival time - required time)
  Source:                 it_info[15]
                            (input port clocked by clk  {rise@0.000ns fall@1.000ns period=2.000ns})
  Destination:            desc_mem_reg[1][15]/D
                            (rising edge-triggered cell FDRE clocked by clk  {rise@0.000ns fall@1.000ns period=2.000ns})
  Path Group:             clk
  Path Type:              Hold (Min at Slow Process Corner)
  Requirement:            0.000ns  (clk rise@0.000ns - clk rise@0.000ns)
  Data Path Delay:        0.013ns  (logic 0.000ns (0.000%)  route 0.013ns (100.000%))
  Logic Levels:           0  
  Input Delay:            0.000ns
  Clock Path Skew:        0.028ns (DCD - SCD - CPR)
    Destination Clock Delay (DCD):    0.028ns
    Source Clock Delay      (SCD):    0.000ns
    Clock Pessimism Removal (CPR):    -0.000ns

    Location             Delay type                Incr(ns)  Path(ns)    Netlist Resource(s)
  -------------------------------------------------------------------    -------------------
                         (clock clk rise edge)        0.000     0.000 r  
                         propagated clock network latency
                                                      0.000     0.000    
                         input delay                  0.000     0.000    
                                                      0.000     0.000 r  it_info[15] (IN)
                         net (fo=4, unset)            0.013     0.013    it_info[15]
    SLICE_X63Y52         FDRE                                         r  desc_mem_reg[1][15]/D
  -------------------------------------------------------------------    -------------------

                         (clock clk rise edge)        0.000     0.000 r  
                         propagated clock network latency
                                                      0.028     0.028    
                         clock pessimism              0.000     0.028    
    SLICE_X63Y52         FDRE (Hold_AFF_SLICEL_C_D)
                                                      0.060     0.088    desc_mem_reg[1][15]
  -------------------------------------------------------------------
                         required time                         -0.088    
                         arrival time                           0.013    
  -------------------------------------------------------------------
                         slack                                 -0.075    

Slack (VIOLATED) :        -0.075ns  (arrival time - required time)
  Source:                 it_info[20]
                            (input port clocked by clk  {rise@0.000ns fall@1.000ns period=2.000ns})
  Destination:            desc_mem_reg[1][20]/D
                            (rising edge-triggered cell FDRE clocked by clk  {rise@0.000ns fall@1.000ns period=2.000ns})
  Path Group:             clk
  Path Type:              Hold (Min at Slow Process Corner)
  Requirement:            0.000ns  (clk rise@0.000ns - clk rise@0.000ns)
  Data Path Delay:        0.013ns  (logic 0.000ns (0.000%)  route 0.013ns (100.000%))
  Logic Levels:           0  
  Input Delay:            0.000ns
  Clock Path Skew:        0.028ns (DCD - SCD - CPR)
    Destination Clock Delay (DCD):    0.028ns
    Source Clock Delay      (SCD):    0.000ns
    Clock Pessimism Removal (CPR):    -0.000ns

    Location             Delay type                Incr(ns)  Path(ns)    Netlist Resource(s)
  -------------------------------------------------------------------    -------------------
                         (clock clk rise edge)        0.000     0.000 r  
                         propagated clock network latency
                                                      0.000     0.000    
                         input delay                  0.000     0.000    
                                                      0.000     0.000 r  it_info[20] (IN)
                         net (fo=3, unset)            0.013     0.013    it_info[20]
    SLICE_X64Y44         FDRE                                         r  desc_mem_reg[1][20]/D
  -------------------------------------------------------------------    -------------------

                         (clock clk rise edge)        0.000     0.000 r  
                         propagated clock network latency
                                                      0.028     0.028    
                         clock pessimism              0.000     0.028    
    SLICE_X64Y44         FDRE (Hold_AFF_SLICEL_C_D)
                                                      0.060     0.088    desc_mem_reg[1][20]
  -------------------------------------------------------------------
                         required time                         -0.088    
                         arrival time                           0.013    
  -------------------------------------------------------------------
                         slack                                 -0.075    

Slack (VIOLATED) :        -0.075ns  (arrival time - required time)
  Source:                 it_info[21]
                            (input port clocked by clk  {rise@0.000ns fall@1.000ns period=2.000ns})
  Destination:            desc_mem_reg[1][21]/D
                            (rising edge-triggered cell FDRE clocked by clk  {rise@0.000ns fall@1.000ns period=2.000ns})
  Path Group:             clk
  Path Type:              Hold (Min at Slow Process Corner)
  Requirement:            0.000ns  (clk rise@0.000ns - clk rise@0.000ns)
  Data Path Delay:        0.013ns  (logic 0.000ns (0.000%)  route 0.013ns (100.000%))
  Logic Levels:           0  
  Input Delay:            0.000ns
  Clock Path Skew:        0.028ns (DCD - SCD - CPR)
    Destination Clock Delay (DCD):    0.028ns
    Source Clock Delay      (SCD):    0.000ns
    Clock Pessimism Removal (CPR):    -0.000ns

    Location             Delay type                Incr(ns)  Path(ns)    Netlist Resource(s)
  -------------------------------------------------------------------    -------------------
                         (clock clk rise edge)        0.000     0.000 r  
                         propagated clock network latency
                                                      0.000     0.000    
                         input delay                  0.000     0.000    
                                                      0.000     0.000 r  it_info[21] (IN)
                         net (fo=3, unset)            0.013     0.013    it_info[21]
    SLICE_X64Y52         FDRE                                         r  desc_mem_reg[1][21]/D
  -------------------------------------------------------------------    -------------------

                         (clock clk rise edge)        0.000     0.000 r  
                         propagated clock network latency
                                                      0.028     0.028    
                         clock pessimism              0.000     0.028    
    SLICE_X64Y52         FDRE (Hold_CFF_SLICEL_C_D)
                                                      0.060     0.088    desc_mem_reg[1][21]
  -------------------------------------------------------------------
                         required time                         -0.088    
                         arrival time                           0.013    
  -------------------------------------------------------------------
                         slack                                 -0.075    

Slack (VIOLATED) :        -0.075ns  (arrival time - required time)
  Source:                 it_info[2]
                            (input port clocked by clk  {rise@0.000ns fall@1.000ns period=2.000ns})
  Destination:            desc_mem_reg[1][2]/D
                            (rising edge-triggered cell FDRE clocked by clk  {rise@0.000ns fall@1.000ns period=2.000ns})
  Path Group:             clk
  Path Type:              Hold (Min at Slow Process Corner)
  Requirement:            0.000ns  (clk rise@0.000ns - clk rise@0.000ns)
  Data Path Delay:        0.013ns  (logic 0.000ns (0.000%)  route 0.013ns (100.000%))
  Logic Levels:           0  
  Input Delay:            0.000ns
  Clock Path Skew:        0.028ns (DCD - SCD - CPR)
    Destination Clock Delay (DCD):    0.028ns
    Source Clock Delay      (SCD):    0.000ns
    Clock Pessimism Removal (CPR):    -0.000ns

    Location             Delay type                Incr(ns)  Path(ns)    Netlist Resource(s)
  -------------------------------------------------------------------    -------------------
                         (clock clk rise edge)        0.000     0.000 r  
                         propagated clock network latency
                                                      0.000     0.000    
                         input delay                  0.000     0.000    
                                                      0.000     0.000 r  it_info[2] (IN)
                         net (fo=5, unset)            0.013     0.013    it_info[2]
    SLICE_X64Y52         FDRE                                         r  desc_mem_reg[1][2]/D
  -------------------------------------------------------------------    -------------------

                         (clock clk rise edge)        0.000     0.000 r  
                         propagated clock network latency
                                                      0.028     0.028    
                         clock pessimism              0.000     0.028    
    SLICE_X64Y52         FDRE (Hold_BFF_SLICEL_C_D)
                                                      0.060     0.088    desc_mem_reg[1][2]
  -------------------------------------------------------------------
                         required time                         -0.088    
                         arrival time                           0.013    
  -------------------------------------------------------------------
                         slack                                 -0.075    

Slack (VIOLATED) :        -0.075ns  (arrival time - required time)
  Source:                 it_info[5]
                            (input port clocked by clk  {rise@0.000ns fall@1.000ns period=2.000ns})
  Destination:            desc_mem_reg[1][5]/D
                            (rising edge-triggered cell FDRE clocked by clk  {rise@0.000ns fall@1.000ns period=2.000ns})
  Path Group:             clk
  Path Type:              Hold (Min at Slow Process Corner)
  Requirement:            0.000ns  (clk rise@0.000ns - clk rise@0.000ns)
  Data Path Delay:        0.013ns  (logic 0.000ns (0.000%)  route 0.013ns (100.000%))
  Logic Levels:           0  
  Input Delay:            0.000ns
  Clock Path Skew:        0.028ns (DCD - SCD - CPR)
    Destination Clock Delay (DCD):    0.028ns
    Source Clock Delay      (SCD):    0.000ns
    Clock Pessimism Removal (CPR):    -0.000ns

    Location             Delay type                Incr(ns)  Path(ns)    Netlist Resource(s)
  -------------------------------------------------------------------    -------------------
                         (clock clk rise edge)        0.000     0.000 r  
                         propagated clock network latency
                                                      0.000     0.000    
                         input delay                  0.000     0.000    
                                                      0.000     0.000 r  it_info[5] (IN)
                         net (fo=3, unset)            0.013     0.013    it_info[5]
    SLICE_X64Y52         FDRE                                         r  desc_mem_reg[1][5]/D
  -------------------------------------------------------------------    -------------------

                         (clock clk rise edge)        0.000     0.000 r  
                         propagated clock network latency
                                                      0.028     0.028    
                         clock pessimism              0.000     0.028    
    SLICE_X64Y52         FDRE (Hold_AFF_SLICEL_C_D)
                                                      0.060     0.088    desc_mem_reg[1][5]
  -------------------------------------------------------------------
                         required time                         -0.088    
                         arrival time                           0.013    
  -------------------------------------------------------------------
                         slack                                 -0.075    

Slack (VIOLATED) :        -0.075ns  (arrival time - required time)
  Source:                 it_data_in[11]
                            (input port clocked by clk  {rise@0.000ns fall@1.000ns period=2.000ns})
  Destination:            fill_wr_cmd_data_q_reg[11]/D
                            (rising edge-triggered cell FDCE clocked by clk  {rise@0.000ns fall@1.000ns period=2.000ns})
  Path Group:             clk
  Path Type:              Hold (Min at Slow Process Corner)
  Requirement:            0.000ns  (clk rise@0.000ns - clk rise@0.000ns)
  Data Path Delay:        0.015ns  (logic 0.000ns (0.000%)  route 0.015ns (100.000%))
  Logic Levels:           0  
  Input Delay:            0.000ns
  Clock Path Skew:        0.030ns (DCD - SCD - CPR)
    Destination Clock Delay (DCD):    0.030ns
    Source Clock Delay      (SCD):    0.000ns
    Clock Pessimism Removal (CPR):    -0.000ns

    Location             Delay type                Incr(ns)  Path(ns)    Netlist Resource(s)
  -------------------------------------------------------------------    -------------------
                         (clock clk rise edge)        0.000     0.000 r  
                         propagated clock network latency
                                                      0.000     0.000    
                         input delay                  0.000     0.000    
                                                      0.000     0.000 r  it_data_in[11] (IN)
                         net (fo=0)                   0.015     0.015    it_data_in[11]
    SLICE_X82Y43         FDCE                                         r  fill_wr_cmd_data_q_reg[11]/D
  -------------------------------------------------------------------    -------------------

                         (clock clk rise edge)        0.000     0.000 r  
                         propagated clock network latency
                                                      0.030     0.030    
                         clock pessimism              0.000     0.030    
    SLICE_X82Y43         FDCE (Hold_FFF_SLICEM_C_D)
                                                      0.060     0.090    fill_wr_cmd_data_q_reg[11]
  -------------------------------------------------------------------
                         required time                         -0.090    
                         arrival time                           0.015    
  -------------------------------------------------------------------
                         slack                                 -0.075    

Slack (VIOLATED) :        -0.075ns  (arrival time - required time)
  Source:                 it_data_in[13]
                            (input port clocked by clk  {rise@0.000ns fall@1.000ns period=2.000ns})
  Destination:            fill_wr_cmd_data_q_reg[13]/D
                            (rising edge-triggered cell FDCE clocked by clk  {rise@0.000ns fall@1.000ns period=2.000ns})
  Path Group:             clk
  Path Type:              Hold (Min at Slow Process Corner)
  Requirement:            0.000ns  (clk rise@0.000ns - clk rise@0.000ns)
  Data Path Delay:        0.015ns  (logic 0.000ns (0.000%)  route 0.015ns (100.000%))
  Logic Levels:           0  
  Input Delay:            0.000ns
  Clock Path Skew:        0.030ns (DCD - SCD - CPR)
    Destination Clock Delay (DCD):    0.030ns
    Source Clock Delay      (SCD):    0.000ns
    Clock Pessimism Removal (CPR):    -0.000ns

    Location             Delay type                Incr(ns)  Path(ns)    Netlist Resource(s)
  -------------------------------------------------------------------    -------------------
                         (clock clk rise edge)        0.000     0.000 r  
                         propagated clock network latency
                                                      0.000     0.000    
                         input delay                  0.000     0.000    
                                                      0.000     0.000 r  it_data_in[13] (IN)
                         net (fo=0)                   0.015     0.015    it_data_in[13]
    SLICE_X82Y47         FDCE                                         r  fill_wr_cmd_data_q_reg[13]/D
  -------------------------------------------------------------------    -------------------

                         (clock clk rise edge)        0.000     0.000 r  
                         propagated clock network latency
                                                      0.030     0.030    
                         clock pessimism              0.000     0.030    
    SLICE_X82Y47         FDCE (Hold_FFF_SLICEM_C_D)
                                                      0.060     0.090    fill_wr_cmd_data_q_reg[13]
  -------------------------------------------------------------------
                         required time                         -0.090    
                         arrival time                           0.015    
  -------------------------------------------------------------------
                         slack                                 -0.075    

Slack (VIOLATED) :        -0.075ns  (arrival time - required time)
  Source:                 it_data_in[3]
                            (input port clocked by clk  {rise@0.000ns fall@1.000ns period=2.000ns})
  Destination:            fill_wr_cmd_data_q_reg[3]/D
                            (rising edge-triggered cell FDCE clocked by clk  {rise@0.000ns fall@1.000ns period=2.000ns})
  Path Group:             clk
  Path Type:              Hold (Min at Slow Process Corner)
  Requirement:            0.000ns  (clk rise@0.000ns - clk rise@0.000ns)
  Data Path Delay:        0.015ns  (logic 0.000ns (0.000%)  route 0.015ns (100.000%))
  Logic Levels:           0  
  Input Delay:            0.000ns
  Clock Path Skew:        0.030ns (DCD - SCD - CPR)
    Destination Clock Delay (DCD):    0.030ns
    Source Clock Delay      (SCD):    0.000ns
    Clock Pessimism Removal (CPR):    -0.000ns

    Location             Delay type                Incr(ns)  Path(ns)    Netlist Resource(s)
  -------------------------------------------------------------------    -------------------
                         (clock clk rise edge)        0.000     0.000 r  
                         propagated clock network latency
                                                      0.000     0.000    
                         input delay                  0.000     0.000    
                                                      0.000     0.000 r  it_data_in[3] (IN)
                         net (fo=0)                   0.015     0.015    it_data_in[3]
    SLICE_X82Y43         FDCE                                         r  fill_wr_cmd_data_q_reg[3]/D
  -------------------------------------------------------------------    -------------------

                         (clock clk rise edge)        0.000     0.000 r  
                         propagated clock network latency
                                                      0.030     0.030    
                         clock pessimism              0.000     0.030    
    SLICE_X82Y43         FDCE (Hold_HFF_SLICEM_C_D)
                                                      0.060     0.090    fill_wr_cmd_data_q_reg[3]
  -------------------------------------------------------------------
                         required time                         -0.090    
                         arrival time                           0.015    
  -------------------------------------------------------------------
                         slack                                 -0.075    

Slack (VIOLATED) :        -0.074ns  (arrival time - required time)
  Source:                 it_info[11]
                            (input port clocked by clk  {rise@0.000ns fall@1.000ns period=2.000ns})
  Destination:            desc_mem_reg[1][11]/D
                            (rising edge-triggered cell FDRE clocked by clk  {rise@0.000ns fall@1.000ns period=2.000ns})
  Path Group:             clk
  Path Type:              Hold (Min at Slow Process Corner)
  Requirement:            0.000ns  (clk rise@0.000ns - clk rise@0.000ns)
  Data Path Delay:        0.014ns  (logic 0.000ns (0.000%)  route 0.014ns (100.000%))
  Logic Levels:           0  
  Input Delay:            0.000ns
  Clock Path Skew:        0.028ns (DCD - SCD - CPR)
    Destination Clock Delay (DCD):    0.028ns
    Source Clock Delay      (SCD):    0.000ns
    Clock Pessimism Removal (CPR):    -0.000ns

    Location             Delay type                Incr(ns)  Path(ns)    Netlist Resource(s)
  -------------------------------------------------------------------    -------------------
                         (clock clk rise edge)        0.000     0.000 r  
                         propagated clock network latency
                                                      0.000     0.000    
                         input delay                  0.000     0.000    
                                                      0.000     0.000 r  it_info[11] (IN)
                         net (fo=7, unset)            0.014     0.014    it_info[11]
    SLICE_X64Y52         FDRE                                         r  desc_mem_reg[1][11]/D
  -------------------------------------------------------------------    -------------------

                         (clock clk rise edge)        0.000     0.000 r  
                         propagated clock network latency
                                                      0.028     0.028    
                         clock pessimism              0.000     0.028    
    SLICE_X64Y52         FDRE (Hold_DFF_SLICEL_C_D)
                                                      0.060     0.088    desc_mem_reg[1][11]
  -------------------------------------------------------------------
                         required time                         -0.088    
                         arrival time                           0.014    
  -------------------------------------------------------------------
                         slack                                 -0.074    

Slack (VIOLATED) :        -0.074ns  (arrival time - required time)
  Source:                 it_data_in[1]
                            (input port clocked by clk  {rise@0.000ns fall@1.000ns period=2.000ns})
  Destination:            fill_wr_cmd_data_q_reg[1]/D
                            (rising edge-triggered cell FDCE clocked by clk  {rise@0.000ns fall@1.000ns period=2.000ns})
  Path Group:             clk
  Path Type:              Hold (Min at Slow Process Corner)
  Requirement:            0.000ns  (clk rise@0.000ns - clk rise@0.000ns)
  Data Path Delay:        0.016ns  (logic 0.000ns (0.000%)  route 0.016ns (100.000%))
  Logic Levels:           0  
  Input Delay:            0.000ns
  Clock Path Skew:        0.030ns (DCD - SCD - CPR)
    Destination Clock Delay (DCD):    0.030ns
    Source Clock Delay      (SCD):    0.000ns
    Clock Pessimism Removal (CPR):    -0.000ns

    Location             Delay type                Incr(ns)  Path(ns)    Netlist Resource(s)
  -------------------------------------------------------------------    -------------------
                         (clock clk rise edge)        0.000     0.000 r  
                         propagated clock network latency
                                                      0.000     0.000    
                         input delay                  0.000     0.000    
                                                      0.000     0.000 r  it_data_in[1] (IN)
                         net (fo=0)                   0.016     0.016    it_data_in[1]
    SLICE_X82Y43         FDCE                                         r  fill_wr_cmd_data_q_reg[1]/D
  -------------------------------------------------------------------    -------------------

                         (clock clk rise edge)        0.000     0.000 r  
                         propagated clock network latency
                                                      0.030     0.030    
                         clock pessimism              0.000     0.030    
    SLICE_X82Y43         FDCE (Hold_GFF_SLICEM_C_D)
                                                      0.060     0.090    fill_wr_cmd_data_q_reg[1]
  -------------------------------------------------------------------
                         required time                         -0.090    
                         arrival time                           0.016    
  -------------------------------------------------------------------
                         slack                                 -0.074    

Slack (VIOLATED) :        -0.049ns  (arrival time - required time)
  Source:                 it_data_addr[4]
                            (input port clocked by clk  {rise@0.000ns fall@1.000ns period=2.000ns})
  Destination:            fill_wr_cmd_addr_q_reg[2]/D
                            (rising edge-triggered cell FDCE clocked by clk  {rise@0.000ns fall@1.000ns period=2.000ns})
  Path Group:             clk
  Path Type:              Hold (Min at Slow Process Corner)
  Requirement:            0.000ns  (clk rise@0.000ns - clk rise@0.000ns)
  Data Path Delay:        0.043ns  (logic 0.034ns (79.070%)  route 0.009ns (20.930%))
  Logic Levels:           1  (LUT5=1)
  Input Delay:            0.000ns
  Clock Path Skew:        0.030ns (DCD - SCD - CPR)
    Destination Clock Delay (DCD):    0.030ns
    Source Clock Delay      (SCD):    0.000ns
    Clock Pessimism Removal (CPR):    -0.000ns

    Location             Delay type                Incr(ns)  Path(ns)    Netlist Resource(s)
  -------------------------------------------------------------------    -------------------
                         (clock clk rise edge)        0.000     0.000 r  
                         propagated clock network latency
                                                      0.000     0.000    
                         input delay                  0.000     0.000    
                                                      0.000     0.000 r  it_data_addr[4] (IN)
                         net (fo=5, unset)            0.000     0.000    it_data_addr[4]
    SLICE_X67Y43         LUT5 (Prop_H5LUT_SLICEM_I4_O)
                                                      0.034     0.034 r  fill_wr_cmd_addr_q[2]_i_1/O
                         net (fo=1, routed)           0.009     0.043    fill_wr_cmd_addr_c[2]
    SLICE_X67Y43         FDCE                                         r  fill_wr_cmd_addr_q_reg[2]/D
  -------------------------------------------------------------------    -------------------

                         (clock clk rise edge)        0.000     0.000 r  
                         propagated clock network latency
                                                      0.030     0.030    
                         clock pessimism              0.000     0.030    
    SLICE_X67Y43         FDCE (Hold_HFF2_SLICEM_C_D)
                                                      0.062     0.092    fill_wr_cmd_addr_q_reg[2]
  -------------------------------------------------------------------
                         required time                         -0.092    
                         arrival time                           0.043    
  -------------------------------------------------------------------
                         slack                                 -0.049    

Slack (VIOLATED) :        -0.036ns  (arrival time - required time)
  Source:                 it_data_addr[3]
                            (input port clocked by clk  {rise@0.000ns fall@1.000ns period=2.000ns})
  Destination:            fill_wr_cmd_addr_q_reg[1]/D
                            (rising edge-triggered cell FDCE clocked by clk  {rise@0.000ns fall@1.000ns period=2.000ns})
  Path Group:             clk
  Path Type:              Hold (Min at Slow Process Corner)
  Requirement:            0.000ns  (clk rise@0.000ns - clk rise@0.000ns)
  Data Path Delay:        0.056ns  (logic 0.022ns (39.286%)  route 0.034ns (60.714%))
  Logic Levels:           1  (LUT6=1)
  Input Delay:            0.000ns
  Clock Path Skew:        0.030ns (DCD - SCD - CPR)
    Destination Clock Delay (DCD):    0.030ns
    Source Clock Delay      (SCD):    0.000ns
    Clock Pessimism Removal (CPR):    -0.000ns

    Location             Delay type                Incr(ns)  Path(ns)    Netlist Resource(s)
  -------------------------------------------------------------------    -------------------
                         (clock clk rise edge)        0.000     0.000 r  
                         propagated clock network latency
                                                      0.000     0.000    
                         input delay                  0.000     0.000    
                                                      0.000     0.000 r  it_data_addr[3] (IN)
                         net (fo=5, unset)            0.000     0.000    it_data_addr[3]
    SLICE_X67Y47         LUT6 (Prop_F6LUT_SLICEM_I5_O)
                                                      0.022     0.022 r  fill_wr_cmd_addr_q[1]_i_1/O
                         net (fo=1, routed)           0.034     0.056    fill_wr_cmd_addr_c[1]
    SLICE_X67Y47         FDCE                                         r  fill_wr_cmd_addr_q_reg[1]/D
  -------------------------------------------------------------------    -------------------

                         (clock clk rise edge)        0.000     0.000 r  
                         propagated clock network latency
                                                      0.030     0.030    
                         clock pessimism              0.000     0.030    
    SLICE_X67Y47         FDCE (Hold_FFF2_SLICEM_C_D)
                                                      0.062     0.092    fill_wr_cmd_addr_q_reg[1]
  -------------------------------------------------------------------
                         required time                         -0.092    
                         arrival time                           0.056    
  -------------------------------------------------------------------
                         slack                                 -0.036    

Slack (VIOLATED) :        -0.021ns  (arrival time - required time)
  Source:                 it_data_addr[7]
                            (input port clocked by clk  {rise@0.000ns fall@1.000ns period=2.000ns})
  Destination:            fill_wr_cmd_addr_q_reg[9]/D
                            (rising edge-triggered cell FDCE clocked by clk  {rise@0.000ns fall@1.000ns period=2.000ns})
  Path Group:             clk
  Path Type:              Hold (Min at Fast Process Corner)
  Requirement:            0.000ns  (clk rise@0.000ns - clk rise@0.000ns)
  Data Path Delay:        0.045ns  (logic 0.039ns (86.667%)  route 0.006ns (13.333%))
  Logic Levels:           1  (LUT5=1)
  Input Delay:            0.000ns
  Clock Path Skew:        0.019ns (DCD - SCD - CPR)
    Destination Clock Delay (DCD):    0.019ns
    Source Clock Delay      (SCD):    0.000ns
    Clock Pessimism Removal (CPR):    -0.000ns

    Location             Delay type                Incr(ns)  Path(ns)    Netlist Resource(s)
  -------------------------------------------------------------------    -------------------
                         (clock clk rise edge)        0.000     0.000 r  
                         propagated clock network latency
                                                      0.000     0.000    
                         input delay                  0.000     0.000    
                                                      0.000     0.000 r  it_data_addr[7] (IN)
                         net (fo=6, unset)            0.000     0.000    it_data_addr[7]
    SLICE_X67Y46         LUT5 (Prop_H5LUT_SLICEM_I2_O)
                                                      0.039     0.039 r  fill_wr_cmd_addr_q[9]_i_1/O
                         net (fo=1, routed)           0.006     0.045    fill_wr_cmd_addr_q[9]_i_1_n_0
    SLICE_X67Y46         FDCE                                         r  fill_wr_cmd_addr_q_reg[9]/D
  -------------------------------------------------------------------    -------------------

                         (clock clk rise edge)        0.000     0.000 r  
                         propagated clock network latency
                                                      0.019     0.019    
                         clock pessimism              0.000     0.019    
    SLICE_X67Y46         FDCE (Hold_HFF2_SLICEM_C_D)
                                                      0.047     0.066    fill_wr_cmd_addr_q_reg[9]
  -------------------------------------------------------------------
                         required time                         -0.066    
                         arrival time                           0.045    
  -------------------------------------------------------------------
                         slack                                 -0.021    

Slack (VIOLATED) :        -0.018ns  (arrival time - required time)
  Source:                 it_data_addr[5]
                            (input port clocked by clk  {rise@0.000ns fall@1.000ns period=2.000ns})
  Destination:            fill_wr_cmd_addr_q_reg[3]/D
                            (rising edge-triggered cell FDCE clocked by clk  {rise@0.000ns fall@1.000ns period=2.000ns})
  Path Group:             clk
  Path Type:              Hold (Min at Fast Process Corner)
  Requirement:            0.000ns  (clk rise@0.000ns - clk rise@0.000ns)
  Data Path Delay:        0.048ns  (logic 0.040ns (83.333%)  route 0.008ns (16.667%))
  Logic Levels:           1  (LUT5=1)
  Input Delay:            0.000ns
  Clock Path Skew:        0.019ns (DCD - SCD - CPR)
    Destination Clock Delay (DCD):    0.019ns
    Source Clock Delay      (SCD):    0.000ns
    Clock Pessimism Removal (CPR):    -0.000ns

    Location             Delay type                Incr(ns)  Path(ns)    Netlist Resource(s)
  -------------------------------------------------------------------    -------------------
                         (clock clk rise edge)        0.000     0.000 r  
                         propagated clock network latency
                                                      0.000     0.000    
                         input delay                  0.000     0.000    
                                                      0.000     0.000 r  it_data_addr[5] (IN)
                         net (fo=6, unset)            0.000     0.000    it_data_addr[5]
    SLICE_X67Y47         LUT5 (Prop_E5LUT_SLICEM_I2_O)
                                                      0.040     0.040 r  fill_wr_cmd_addr_q[3]_i_1/O
                         net (fo=1, routed)           0.008     0.048    fill_wr_cmd_addr_c[3]
    SLICE_X67Y47         FDCE                                         r  fill_wr_cmd_addr_q_reg[3]/D
  -------------------------------------------------------------------    -------------------

                         (clock clk rise edge)        0.000     0.000 r  
                         propagated clock network latency
                                                      0.019     0.019    
                         clock pessimism              0.000     0.019    
    SLICE_X67Y47         FDCE (Hold_EFF2_SLICEM_C_D)
                                                      0.047     0.066    fill_wr_cmd_addr_q_reg[3]
  -------------------------------------------------------------------
                         required time                         -0.066    
                         arrival time                           0.048    
  -------------------------------------------------------------------
                         slack                                 -0.018    

Slack (VIOLATED) :        -0.011ns  (arrival time - required time)
  Source:                 it_data_addr[3]
                            (input port clocked by clk  {rise@0.000ns fall@1.000ns period=2.000ns})
  Destination:            fill_wr_cmd_addr_q_reg[5]/D
                            (rising edge-triggered cell FDCE clocked by clk  {rise@0.000ns fall@1.000ns period=2.000ns})
  Path Group:             clk
  Path Type:              Hold (Min at Fast Process Corner)
  Requirement:            0.000ns  (clk rise@0.000ns - clk rise@0.000ns)
  Data Path Delay:        0.055ns  (logic 0.035ns (63.636%)  route 0.020ns (36.364%))
  Logic Levels:           1  (LUT6=1)
  Input Delay:            0.000ns
  Clock Path Skew:        0.019ns (DCD - SCD - CPR)
    Destination Clock Delay (DCD):    0.019ns
    Source Clock Delay      (SCD):    0.000ns
    Clock Pessimism Removal (CPR):    -0.000ns

    Location             Delay type                Incr(ns)  Path(ns)    Netlist Resource(s)
  -------------------------------------------------------------------    -------------------
                         (clock clk rise edge)        0.000     0.000 r  
                         propagated clock network latency
                                                      0.000     0.000    
                         input delay                  0.000     0.000    
                                                      0.000     0.000 r  it_data_addr[3] (IN)
                         net (fo=5, unset)            0.000     0.000    it_data_addr[3]
    SLICE_X67Y44         LUT6 (Prop_H6LUT_SLICEM_I3_O)
                                                      0.035     0.035 r  fill_wr_cmd_addr_q[5]_i_1/O
                         net (fo=1, routed)           0.020     0.055    fill_wr_cmd_addr_c[5]
    SLICE_X67Y44         FDCE                                         r  fill_wr_cmd_addr_q_reg[5]/D
  -------------------------------------------------------------------    -------------------

                         (clock clk rise edge)        0.000     0.000 r  
                         propagated clock network latency
                                                      0.019     0.019    
                         clock pessimism              0.000     0.019    
    SLICE_X67Y44         FDCE (Hold_HFF2_SLICEM_C_D)
                                                      0.047     0.066    fill_wr_cmd_addr_q_reg[5]
  -------------------------------------------------------------------
                         required time                         -0.066    
                         arrival time                           0.055    
  -------------------------------------------------------------------
                         slack                                 -0.011    





