"endpoint","startpoint","slack","path_group","launch_clock","capture_clock","start_cell","start_ref","start_hierarchy","end_cell","end_ref","end_hierarchy","logic_levels","logic_delay_ns","routing_delay_ns","datapath_delay_ns","routing_fraction","start_loc","end_loc","start_clock_region","end_clock_region","raw_structural_signature","normalized_structural_signature","classification_bucket","source_family","endpoint_family","violation_magnitude_ns"
"sink_it_data_out_q_reg[10]/D","u_dut/output_index_reg[2]_replica_5/C","-0.053000000","clk","clk","clk","u_dut/output_index_reg[2]_replica_5","FDCE","u_dut/output_index_reg_replica_5","sink_it_data_out_q_reg[10]","FDCE","sink_it_data_out_q_reg","5","0.506000000","1.518000000","2.024000000","0.750000000","SLICE_X64Y51","SLICE_X54Y63","","","SIGNATURE_SKIPPED|FDCE|FDCE","SIGNATURE_SKIPPED|FDCE|FDCE","DUT_TO_SINK_BOUNDARY","u_dut/output_index_reg_replica_5","harness/sink_boundary","0.053000000"
"sink_it_data_out_q_reg[11]/D","u_dut/output_index_reg[7]/C","-0.013000000","clk","clk","clk","u_dut/output_index_reg[7]","FDCE","u_dut/output_index_reg","sink_it_data_out_q_reg[11]","FDCE","sink_it_data_out_q_reg","4","0.346000000","1.702000000","2.048000000","0.831054688","SLICE_X80Y41","SLICE_X54Y54","","","SIGNATURE_SKIPPED|FDCE|FDCE","SIGNATURE_SKIPPED|FDCE|FDCE","DUT_TO_SINK_BOUNDARY","u_dut/output_index_reg","harness/sink_boundary","0.013000000"
"sink_it_data_out_q_reg[12]/D","u_dut/output_index_reg[0]_replica_6/C","-0.002000000","clk","clk","clk","u_dut/output_index_reg[0]_replica_6","FDCE","u_dut/output_index_reg_replica_6","sink_it_data_out_q_reg[12]","FDCE","sink_it_data_out_q_reg","5","0.490000000","1.482000000","1.972000000","0.751521298","SLICE_X68Y52","SLICE_X54Y54","","","SIGNATURE_SKIPPED|FDCE|FDCE","SIGNATURE_SKIPPED|FDCE|FDCE","DUT_TO_SINK_BOUNDARY","u_dut/output_index_reg_replica_6","harness/sink_boundary","0.002000000"
"sink_it_data_out_q_reg[13]/D","u_dut/output_index_reg[7]/C","-0.031000000","clk","clk","clk","u_dut/output_index_reg[7]","FDCE","u_dut/output_index_reg","sink_it_data_out_q_reg[13]","FDCE","sink_it_data_out_q_reg","4","0.347000000","1.717000000","2.064000000","0.831879845","SLICE_X80Y41","SLICE_X54Y54","","","SIGNATURE_SKIPPED|FDCE|FDCE","SIGNATURE_SKIPPED|FDCE|FDCE","DUT_TO_SINK_BOUNDARY","u_dut/output_index_reg","harness/sink_boundary","0.031000000"
"sink_it_data_out_q_reg[17]/D","u_dut/output_index_reg[1]_replica_2/C","-0.071000000","clk","clk","clk","u_dut/output_index_reg[1]_replica_2","FDCE","u_dut/output_index_reg_replica_2","sink_it_data_out_q_reg[17]","FDCE","sink_it_data_out_q_reg","5","0.506000000","1.494000000","2.000000000","0.747000000","SLICE_X72Y45","SLICE_X56Y54","","","SIGNATURE_SKIPPED|FDCE|FDCE","SIGNATURE_SKIPPED|FDCE|FDCE","DUT_TO_SINK_BOUNDARY","u_dut/output_index_reg_replica_2","harness/sink_boundary","0.071000000"
"sink_it_data_out_q_reg[18]/D","u_dut/output_index_reg[1]_replica_2/C","-0.026000000","clk","clk","clk","u_dut/output_index_reg[1]_replica_2","FDCE","u_dut/output_index_reg_replica_2","sink_it_data_out_q_reg[18]","FDCE","sink_it_data_out_q_reg","5","0.460000000","1.562000000","2.022000000","0.772502473","SLICE_X72Y45","SLICE_X54Y54","","","SIGNATURE_SKIPPED|FDCE|FDCE","SIGNATURE_SKIPPED|FDCE|FDCE","DUT_TO_SINK_BOUNDARY","u_dut/output_index_reg_replica_2","harness/sink_boundary","0.026000000"
"sink_it_data_out_q_reg[19]/D","u_dut/output_index_reg[7]/C","-0.078000000","clk","clk","clk","u_dut/output_index_reg[7]","FDCE","u_dut/output_index_reg","sink_it_data_out_q_reg[19]","FDCE","sink_it_data_out_q_reg","4","0.349000000","1.697000000","2.046000000","0.829423265","SLICE_X80Y41","SLICE_X56Y54","","","SIGNATURE_SKIPPED|FDCE|FDCE","SIGNATURE_SKIPPED|FDCE|FDCE","DUT_TO_SINK_BOUNDARY","u_dut/output_index_reg","harness/sink_boundary","0.078000000"
"sink_it_data_out_q_reg[1]/D","u_dut/output_index_reg[1]_replica_2/C","-0.039000000","clk","clk","clk","u_dut/output_index_reg[1]_replica_2","FDCE","u_dut/output_index_reg_replica_2","sink_it_data_out_q_reg[1]","FDCE","sink_it_data_out_q_reg","5","0.562000000","1.399000000","1.961000000","0.713411525","SLICE_X72Y45","SLICE_X70Y57","","","SIGNATURE_SKIPPED|FDCE|FDCE","SIGNATURE_SKIPPED|FDCE|FDCE","DUT_TO_SINK_BOUNDARY","u_dut/output_index_reg_replica_2","harness/sink_boundary","0.039000000"
"sink_it_data_out_q_reg[21]/D","u_dut/output_index_reg[1]_replica_3/C","-0.066000000","clk","clk","clk","u_dut/output_index_reg[1]_replica_3","FDCE","u_dut/output_index_reg_replica_3","sink_it_data_out_q_reg[21]","FDCE","sink_it_data_out_q_reg","5","0.509000000","1.466000000","1.975000000","0.742278481","SLICE_X73Y46","SLICE_X73Y65","","","SIGNATURE_SKIPPED|FDCE|FDCE","SIGNATURE_SKIPPED|FDCE|FDCE","DUT_TO_SINK_BOUNDARY","u_dut/output_index_reg_replica_3","harness/sink_boundary","0.066000000"
"sink_it_data_out_q_reg[27]/D","u_dut/output_index_reg[0]_replica_3/C","-0.077000000","clk","clk","clk","u_dut/output_index_reg[0]_replica_3","FDCE","u_dut/output_index_reg_replica_3","sink_it_data_out_q_reg[27]","FDCE","sink_it_data_out_q_reg","5","0.477000000","1.467000000","1.944000000","0.754629630","SLICE_X74Y63","SLICE_X73Y67","","","SIGNATURE_SKIPPED|FDCE|FDCE","SIGNATURE_SKIPPED|FDCE|FDCE","DUT_TO_SINK_BOUNDARY","u_dut/output_index_reg_replica_3","harness/sink_boundary","0.077000000"
"sink_it_data_out_q_reg[28]/D","u_dut/output_index_reg[1]_replica/C","-0.020000000","clk","clk","clk","u_dut/output_index_reg[1]_replica","FDCE","u_dut/output_index_reg_replica","sink_it_data_out_q_reg[28]","FDCE","sink_it_data_out_q_reg","5","0.386000000","1.582000000","1.968000000","0.803861789","SLICE_X80Y41","SLICE_X73Y69","","","SIGNATURE_SKIPPED|FDCE|FDCE","SIGNATURE_SKIPPED|FDCE|FDCE","DUT_TO_SINK_BOUNDARY","u_dut/output_index_reg_replica","harness/sink_boundary","0.020000000"
"sink_it_data_out_q_reg[29]/D","u_dut/output_index_reg[4]_replica_4/C","-0.040000000","clk","clk","clk","u_dut/output_index_reg[4]_replica_4","FDCE","u_dut/output_index_reg_replica_4","sink_it_data_out_q_reg[29]","FDCE","sink_it_data_out_q_reg","5","0.407000000","1.548000000","1.955000000","0.791815857","SLICE_X73Y53","SLICE_X73Y65","","","SIGNATURE_SKIPPED|FDCE|FDCE","SIGNATURE_SKIPPED|FDCE|FDCE","DUT_TO_SINK_BOUNDARY","u_dut/output_index_reg_replica_4","harness/sink_boundary","0.040000000"
"sink_it_data_out_q_reg[37]/D","u_dut/output_index_reg[7]/C","-0.001000000","clk","clk","clk","u_dut/output_index_reg[7]","FDCE","u_dut/output_index_reg","sink_it_data_out_q_reg[37]","FDCE","sink_it_data_out_q_reg","4","0.328000000","1.640000000","1.968000000","0.833333333","SLICE_X80Y41","SLICE_X64Y68","","","SIGNATURE_SKIPPED|FDCE|FDCE","SIGNATURE_SKIPPED|FDCE|FDCE","DUT_TO_SINK_BOUNDARY","u_dut/output_index_reg","harness/sink_boundary","0.001000000"
"sink_it_data_out_q_reg[38]/D","u_dut/output_index_reg[0]_replica_3/C","-0.080000000","clk","clk","clk","u_dut/output_index_reg[0]_replica_3","FDCE","u_dut/output_index_reg_replica_3","sink_it_data_out_q_reg[38]","FDCE","sink_it_data_out_q_reg","5","0.438000000","1.452000000","1.890000000","0.768253968","SLICE_X74Y63","SLICE_X67Y58","","","SIGNATURE_SKIPPED|FDCE|FDCE","SIGNATURE_SKIPPED|FDCE|FDCE","DUT_TO_SINK_BOUNDARY","u_dut/output_index_reg_replica_3","harness/sink_boundary","0.080000000"
"sink_it_data_out_q_reg[39]/D","u_dut/output_index_reg[0]_replica_3/C","-0.074000000","clk","clk","clk","u_dut/output_index_reg[0]_replica_3","FDCE","u_dut/output_index_reg_replica_3","sink_it_data_out_q_reg[39]","FDCE","sink_it_data_out_q_reg","5","0.505000000","1.481000000","1.986000000","0.745720040","SLICE_X74Y63","SLICE_X62Y60","","","SIGNATURE_SKIPPED|FDCE|FDCE","SIGNATURE_SKIPPED|FDCE|FDCE","DUT_TO_SINK_BOUNDARY","u_dut/output_index_reg_replica_3","harness/sink_boundary","0.074000000"
"sink_it_data_out_q_reg[3]/D","u_dut/output_index_reg[1]_replica/C","-0.035000000","clk","clk","clk","u_dut/output_index_reg[1]_replica","FDCE","u_dut/output_index_reg_replica","sink_it_data_out_q_reg[3]","FDCE","sink_it_data_out_q_reg","5","0.530000000","1.467000000","1.997000000","0.734601903","SLICE_X80Y41","SLICE_X64Y59","","","SIGNATURE_SKIPPED|FDCE|FDCE","SIGNATURE_SKIPPED|FDCE|FDCE","DUT_TO_SINK_BOUNDARY","u_dut/output_index_reg_replica","harness/sink_boundary","0.035000000"
"sink_it_data_out_q_reg[4]/D","u_dut/output_index_reg[0]_replica_3/C","-0.098000000","clk","clk","clk","u_dut/output_index_reg[0]_replica_3","FDCE","u_dut/output_index_reg_replica_3","sink_it_data_out_q_reg[4]","FDCE","sink_it_data_out_q_reg","5","0.583000000","1.326000000","1.909000000","0.694604505","SLICE_X74Y63","SLICE_X64Y59","","","SIGNATURE_SKIPPED|FDCE|FDCE","SIGNATURE_SKIPPED|FDCE|FDCE","DUT_TO_SINK_BOUNDARY","u_dut/output_index_reg_replica_3","harness/sink_boundary","0.098000000"
"sink_it_data_out_q_reg[5]/D","u_dut/output_index_reg[1]_replica_2/C","-0.031000000","clk","clk","clk","u_dut/output_index_reg[1]_replica_2","FDCE","u_dut/output_index_reg_replica_2","sink_it_data_out_q_reg[5]","FDCE","sink_it_data_out_q_reg","5","0.522000000","1.432000000","1.954000000","0.732855681","SLICE_X72Y45","SLICE_X63Y58","","","SIGNATURE_SKIPPED|FDCE|FDCE","SIGNATURE_SKIPPED|FDCE|FDCE","DUT_TO_SINK_BOUNDARY","u_dut/output_index_reg_replica_2","harness/sink_boundary","0.031000000"
"sink_it_data_out_q_reg[7]/D","u_dut/output_index_reg[1]_replica_2/C","-0.005000000","clk","clk","clk","u_dut/output_index_reg[1]_replica_2","FDCE","u_dut/output_index_reg_replica_2","sink_it_data_out_q_reg[7]","FDCE","sink_it_data_out_q_reg","5","0.533000000","1.398000000","1.931000000","0.723977214","SLICE_X72Y45","SLICE_X62Y44","","","SIGNATURE_SKIPPED|FDCE|FDCE","SIGNATURE_SKIPPED|FDCE|FDCE","DUT_TO_SINK_BOUNDARY","u_dut/output_index_reg_replica_2","harness/sink_boundary","0.005000000"
"sink_it_data_out_q_reg[8]/D","u_dut/output_index_reg[4]_replica_4/C","-0.042000000","clk","clk","clk","u_dut/output_index_reg[4]_replica_4","FDCE","u_dut/output_index_reg_replica_4","sink_it_data_out_q_reg[8]","FDCE","sink_it_data_out_q_reg","5","0.387000000","1.588000000","1.975000000","0.804050633","SLICE_X73Y53","SLICE_X61Y43","","","SIGNATURE_SKIPPED|FDCE|FDCE","SIGNATURE_SKIPPED|FDCE|FDCE","DUT_TO_SINK_BOUNDARY","u_dut/output_index_reg_replica_4","harness/sink_boundary","0.042000000"
"sink_it_data_out_q_reg[9]/D","u_dut/output_index_reg[2]_replica_1/C","-0.074000000","clk","clk","clk","u_dut/output_index_reg[2]_replica_1","FDCE","u_dut/output_index_reg_replica_1","sink_it_data_out_q_reg[9]","FDCE","sink_it_data_out_q_reg","5","0.457000000","1.495000000","1.952000000","0.765881148","SLICE_X65Y44","SLICE_X69Y51","","","SIGNATURE_SKIPPED|FDCE|FDCE","SIGNATURE_SKIPPED|FDCE|FDCE","DUT_TO_SINK_BOUNDARY","u_dut/output_index_reg_replica_1","harness/sink_boundary","0.074000000"
"u_dut/desc_mem_reg[1][10]/CE","u_dut/scrub_active_reg/C","-0.012000000","clk","clk","clk","u_dut/scrub_active_reg","FDCE","u_dut/scrub_active_reg","u_dut/desc_mem_reg[1][10]","FDRE","u_dut/desc_mem_reg","4","0.458000000","1.400000000","1.858000000","0.753498385","SLICE_X77Y21","SLICE_X90Y20","","","SIGNATURE_SKIPPED|FDCE|FDRE","SIGNATURE_SKIPPED|FDCE|FDRE","DUT_INTERNAL","u_dut/scrub_active_reg","u_dut/desc_mem_reg","0.012000000"
"u_dut/desc_mem_reg[1][11]/CE","u_dut/scrub_active_reg/C","-0.014000000","clk","clk","clk","u_dut/scrub_active_reg","FDCE","u_dut/scrub_active_reg","u_dut/desc_mem_reg[1][11]","FDRE","u_dut/desc_mem_reg","4","0.458000000","1.402000000","1.860000000","0.753763441","SLICE_X77Y21","SLICE_X90Y20","","","SIGNATURE_SKIPPED|FDCE|FDRE","SIGNATURE_SKIPPED|FDCE|FDRE","DUT_INTERNAL","u_dut/scrub_active_reg","u_dut/desc_mem_reg","0.014000000"
"u_dut/desc_mem_reg[1][12]/CE","u_dut/scrub_active_reg/C","-0.015000000","clk","clk","clk","u_dut/scrub_active_reg","FDCE","u_dut/scrub_active_reg","u_dut/desc_mem_reg[1][12]","FDRE","u_dut/desc_mem_reg","4","0.458000000","1.400000000","1.858000000","0.753498385","SLICE_X77Y21","SLICE_X91Y20","","","SIGNATURE_SKIPPED|FDCE|FDRE","SIGNATURE_SKIPPED|FDCE|FDRE","DUT_INTERNAL","u_dut/scrub_active_reg","u_dut/desc_mem_reg","0.015000000"
"u_dut/desc_mem_reg[1][13]/CE","u_dut/scrub_active_reg/C","-0.017000000","clk","clk","clk","u_dut/scrub_active_reg","FDCE","u_dut/scrub_active_reg","u_dut/desc_mem_reg[1][13]","FDRE","u_dut/desc_mem_reg","4","0.458000000","1.402000000","1.860000000","0.753763441","SLICE_X77Y21","SLICE_X91Y20","","","SIGNATURE_SKIPPED|FDCE|FDRE","SIGNATURE_SKIPPED|FDCE|FDRE","DUT_INTERNAL","u_dut/scrub_active_reg","u_dut/desc_mem_reg","0.017000000"
"u_dut/fill_wr_bank_addr_q_reg[0][0][0]/D","u_dut/fill_active_reg/C","-0.059000000","clk","clk","clk","u_dut/fill_active_reg","FDCE","u_dut/fill_active_reg","u_dut/fill_wr_bank_addr_q_reg[0][0][0]","FDCE","u_dut/fill_wr_bank_addr_q_reg","3","0.303000000","1.686000000","1.989000000","0.847662142","SLICE_X84Y19","SLICE_X64Y18","","","SIGNATURE_SKIPPED|FDCE|FDCE","SIGNATURE_SKIPPED|FDCE|FDCE","DUT_INTERNAL","u_dut/fill_active_reg","u_dut/fill_wr_bank_addr_q_reg","0.059000000"
"u_dut/fill_wr_bank_addr_q_reg[0][0][9]/D","u_dut/fill_active_reg/C","-0.013000000","clk","clk","clk","u_dut/fill_active_reg","FDCE","u_dut/fill_active_reg","u_dut/fill_wr_bank_addr_q_reg[0][0][9]","FDCE","u_dut/fill_wr_bank_addr_q_reg","3","0.392000000","1.552000000","1.944000000","0.798353909","SLICE_X84Y19","SLICE_X63Y18","","","SIGNATURE_SKIPPED|FDCE|FDCE","SIGNATURE_SKIPPED|FDCE|FDCE","DUT_INTERNAL","u_dut/fill_active_reg","u_dut/fill_wr_bank_addr_q_reg","0.013000000"
"u_dut/fill_wr_bank_addr_q_reg[0][1][9]/D","u_dut/fill_active_reg/C","-0.016000000","clk","clk","clk","u_dut/fill_active_reg","FDCE","u_dut/fill_active_reg","u_dut/fill_wr_bank_addr_q_reg[0][1][9]","FDCE","u_dut/fill_wr_bank_addr_q_reg","3","0.392000000","1.565000000","1.957000000","0.799693408","SLICE_X84Y19","SLICE_X63Y11","","","SIGNATURE_SKIPPED|FDCE|FDCE","SIGNATURE_SKIPPED|FDCE|FDCE","DUT_INTERNAL","u_dut/fill_active_reg","u_dut/fill_wr_bank_addr_q_reg","0.016000000"
"u_dut/fill_wr_bank_addr_q_reg[0][2][0]/D","u_dut/fill_active_reg/C","-0.007000000","clk","clk","clk","u_dut/fill_active_reg","FDCE","u_dut/fill_active_reg","u_dut/fill_wr_bank_addr_q_reg[0][2][0]","FDCE","u_dut/fill_wr_bank_addr_q_reg","3","0.303000000","1.646000000","1.949000000","0.844535659","SLICE_X84Y19","SLICE_X65Y16","","","SIGNATURE_SKIPPED|FDCE|FDCE","SIGNATURE_SKIPPED|FDCE|FDCE","DUT_INTERNAL","u_dut/fill_active_reg","u_dut/fill_wr_bank_addr_q_reg","0.007000000"
"u_dut/fill_wr_bank_addr_q_reg[1][2][9]/D","u_dut/fill_active_reg/C","-0.004000000","clk","clk","clk","u_dut/fill_active_reg","FDCE","u_dut/fill_active_reg","u_dut/fill_wr_bank_addr_q_reg[1][2][9]","FDCE","u_dut/fill_wr_bank_addr_q_reg","3","0.392000000","1.553000000","1.945000000","0.798457584","SLICE_X84Y19","SLICE_X64Y17","","","SIGNATURE_SKIPPED|FDCE|FDCE","SIGNATURE_SKIPPED|FDCE|FDCE","DUT_INTERNAL","u_dut/fill_active_reg","u_dut/fill_wr_bank_addr_q_reg","0.004000000"
"u_dut/fill_wr_bank_addr_q_reg[1][3][4]/D","u_dut/slot_width_reg[1][3]/C","-0.018000000","clk","clk","clk","u_dut/slot_width_reg[1][3]","FDCE","u_dut/slot_width_reg","u_dut/fill_wr_bank_addr_q_reg[1][3][4]","FDCE","u_dut/fill_wr_bank_addr_q_reg","4","0.538000000","1.432000000","1.970000000","0.726903553","SLICE_X83Y19","SLICE_X72Y17","","","SIGNATURE_SKIPPED|FDCE|FDCE","SIGNATURE_SKIPPED|FDCE|FDCE","DUT_INTERNAL","u_dut/slot_width_reg","u_dut/fill_wr_bank_addr_q_reg","0.018000000"
"u_dut/gen_input_slots[0].gen_input_banks[0].u_input_cache_bank/valid_mem_reg_768_1023_0_0/DP.A/WE","u_dut/scrub_slot_reg/C","-0.020000000","clk","clk","clk","u_dut/scrub_slot_reg","FDCE","u_dut/scrub_slot_reg","u_dut/gen_input_slots[0].gen_input_banks[0].u_input_cache_bank/valid_mem_reg_768_1023_0_0/DP.A","RAMD64E","u_dut/gen_input_slots.gen_input_banks.u_input_cache_bank/valid_mem_reg_768_1023_0_0/DP.A","2","0.321000000","1.499000000","1.820000000","0.823626374","SLICE_X80Y17","SLICE_X58Y3","","","SIGNATURE_SKIPPED|FDCE|RAMD64E","SIGNATURE_SKIPPED|FDCE|RAMD64E","DUT_INTERNAL","u_dut/scrub_slot_reg","u_dut/input_cache_bank","0.020000000"
"u_dut/gen_input_slots[0].gen_input_banks[0].u_input_cache_bank/valid_mem_reg_768_1023_0_0/DP.B/WE","u_dut/scrub_slot_reg/C","-0.020000000","clk","clk","clk","u_dut/scrub_slot_reg","FDCE","u_dut/scrub_slot_reg","u_dut/gen_input_slots[0].gen_input_banks[0].u_input_cache_bank/valid_mem_reg_768_1023_0_0/DP.B","RAMD64E","u_dut/gen_input_slots.gen_input_banks.u_input_cache_bank/valid_mem_reg_768_1023_0_0/DP.B","2","0.321000000","1.499000000","1.820000000","0.823626374","SLICE_X80Y17","SLICE_X58Y3","","","SIGNATURE_SKIPPED|FDCE|RAMD64E","SIGNATURE_SKIPPED|FDCE|RAMD64E","DUT_INTERNAL","u_dut/scrub_slot_reg","u_dut/input_cache_bank","0.020000000"
"u_dut/gen_input_slots[0].gen_input_banks[0].u_input_cache_bank/valid_mem_reg_768_1023_0_0/DP.C/WE","u_dut/scrub_slot_reg/C","-0.020000000","clk","clk","clk","u_dut/scrub_slot_reg","FDCE","u_dut/scrub_slot_reg","u_dut/gen_input_slots[0].gen_input_banks[0].u_input_cache_bank/valid_mem_reg_768_1023_0_0/DP.C","RAMD64E","u_dut/gen_input_slots.gen_input_banks.u_input_cache_bank/valid_mem_reg_768_1023_0_0/DP.C","2","0.321000000","1.499000000","1.820000000","0.823626374","SLICE_X80Y17","SLICE_X58Y3","","","SIGNATURE_SKIPPED|FDCE|RAMD64E","SIGNATURE_SKIPPED|FDCE|RAMD64E","DUT_INTERNAL","u_dut/scrub_slot_reg","u_dut/input_cache_bank","0.020000000"
"u_dut/gen_input_slots[0].gen_input_banks[0].u_input_cache_bank/valid_mem_reg_768_1023_0_0/DP.D/WE","u_dut/scrub_slot_reg/C","-0.020000000","clk","clk","clk","u_dut/scrub_slot_reg","FDCE","u_dut/scrub_slot_reg","u_dut/gen_input_slots[0].gen_input_banks[0].u_input_cache_bank/valid_mem_reg_768_1023_0_0/DP.D","RAMD64E","u_dut/gen_input_slots.gen_input_banks.u_input_cache_bank/valid_mem_reg_768_1023_0_0/DP.D","2","0.321000000","1.499000000","1.820000000","0.823626374","SLICE_X80Y17","SLICE_X58Y3","","","SIGNATURE_SKIPPED|FDCE|RAMD64E","SIGNATURE_SKIPPED|FDCE|RAMD64E","DUT_INTERNAL","u_dut/scrub_slot_reg","u_dut/input_cache_bank","0.020000000"
"u_dut/gen_input_slots[0].gen_input_banks[0].u_input_cache_bank/valid_mem_reg_768_1023_0_0/SP.A/WE","u_dut/scrub_slot_reg/C","-0.020000000","clk","clk","clk","u_dut/scrub_slot_reg","FDCE","u_dut/scrub_slot_reg","u_dut/gen_input_slots[0].gen_input_banks[0].u_input_cache_bank/valid_mem_reg_768_1023_0_0/SP.A","RAMD64E","u_dut/gen_input_slots.gen_input_banks.u_input_cache_bank/valid_mem_reg_768_1023_0_0/SP.A","2","0.321000000","1.499000000","1.820000000","0.823626374","SLICE_X80Y17","SLICE_X58Y3","","","SIGNATURE_SKIPPED|FDCE|RAMD64E","SIGNATURE_SKIPPED|FDCE|RAMD64E","DUT_INTERNAL","u_dut/scrub_slot_reg","u_dut/input_cache_bank","0.020000000"
"u_dut/gen_input_slots[0].gen_input_banks[0].u_input_cache_bank/valid_mem_reg_768_1023_0_0/SP.B/WE","u_dut/scrub_slot_reg/C","-0.020000000","clk","clk","clk","u_dut/scrub_slot_reg","FDCE","u_dut/scrub_slot_reg","u_dut/gen_input_slots[0].gen_input_banks[0].u_input_cache_bank/valid_mem_reg_768_1023_0_0/SP.B","RAMD64E","u_dut/gen_input_slots.gen_input_banks.u_input_cache_bank/valid_mem_reg_768_1023_0_0/SP.B","2","0.321000000","1.499000000","1.820000000","0.823626374","SLICE_X80Y17","SLICE_X58Y3","","","SIGNATURE_SKIPPED|FDCE|RAMD64E","SIGNATURE_SKIPPED|FDCE|RAMD64E","DUT_INTERNAL","u_dut/scrub_slot_reg","u_dut/input_cache_bank","0.020000000"
"u_dut/gen_input_slots[0].gen_input_banks[0].u_input_cache_bank/valid_mem_reg_768_1023_0_0/SP.C/WE","u_dut/scrub_slot_reg/C","-0.020000000","clk","clk","clk","u_dut/scrub_slot_reg","FDCE","u_dut/scrub_slot_reg","u_dut/gen_input_slots[0].gen_input_banks[0].u_input_cache_bank/valid_mem_reg_768_1023_0_0/SP.C","RAMD64E","u_dut/gen_input_slots.gen_input_banks.u_input_cache_bank/valid_mem_reg_768_1023_0_0/SP.C","2","0.321000000","1.499000000","1.820000000","0.823626374","SLICE_X80Y17","SLICE_X58Y3","","","SIGNATURE_SKIPPED|FDCE|RAMD64E","SIGNATURE_SKIPPED|FDCE|RAMD64E","DUT_INTERNAL","u_dut/scrub_slot_reg","u_dut/input_cache_bank","0.020000000"
"u_dut/gen_input_slots[0].gen_input_banks[0].u_input_cache_bank/valid_mem_reg_768_1023_0_0/SP.D/WE","u_dut/scrub_slot_reg/C","-0.020000000","clk","clk","clk","u_dut/scrub_slot_reg","FDCE","u_dut/scrub_slot_reg","u_dut/gen_input_slots[0].gen_input_banks[0].u_input_cache_bank/valid_mem_reg_768_1023_0_0/SP.D","RAMD64E","u_dut/gen_input_slots.gen_input_banks.u_input_cache_bank/valid_mem_reg_768_1023_0_0/SP.D","2","0.321000000","1.499000000","1.820000000","0.823626374","SLICE_X80Y17","SLICE_X58Y3","","","SIGNATURE_SKIPPED|FDCE|RAMD64E","SIGNATURE_SKIPPED|FDCE|RAMD64E","DUT_INTERNAL","u_dut/scrub_slot_reg","u_dut/input_cache_bank","0.020000000"
"u_dut/gen_input_slots[1].gen_input_banks[0].u_input_cache_bank/data_mem_reg_448_511_7_13/RAMA/WADR5","u_dut/fill_wr_bank_addr_q_reg[1][0][5]/C","-0.012000000","clk","clk","clk","u_dut/fill_wr_bank_addr_q_reg[1][0][5]","FDCE","u_dut/fill_wr_bank_addr_q_reg","u_dut/gen_input_slots[1].gen_input_banks[0].u_input_cache_bank/data_mem_reg_448_511_7_13/RAMA","RAMD64E","u_dut/gen_input_slots.gen_input_banks.u_input_cache_bank/data_mem_reg_448_511_7_13/RAMA","0","0.079000000","1.762000000","1.841000000","0.957088539","SLICE_X76Y15","SLICE_X58Y22","","","SIGNATURE_SKIPPED|FDCE|RAMD64E","SIGNATURE_SKIPPED|FDCE|RAMD64E","DUT_INTERNAL","u_dut/fill_wr_bank_addr_q_reg","u_dut/input_cache_bank","0.012000000"
"u_dut/gen_input_slots[1].gen_input_banks[0].u_input_cache_bank/data_mem_reg_448_511_7_13/RAMB/WADR5","u_dut/fill_wr_bank_addr_q_reg[1][0][5]/C","-0.012000000","clk","clk","clk","u_dut/fill_wr_bank_addr_q_reg[1][0][5]","FDCE","u_dut/fill_wr_bank_addr_q_reg","u_dut/gen_input_slots[1].gen_input_banks[0].u_input_cache_bank/data_mem_reg_448_511_7_13/RAMB","RAMD64E","u_dut/gen_input_slots.gen_input_banks.u_input_cache_bank/data_mem_reg_448_511_7_13/RAMB","0","0.079000000","1.762000000","1.841000000","0.957088539","SLICE_X76Y15","SLICE_X58Y22","","","SIGNATURE_SKIPPED|FDCE|RAMD64E","SIGNATURE_SKIPPED|FDCE|RAMD64E","DUT_INTERNAL","u_dut/fill_wr_bank_addr_q_reg","u_dut/input_cache_bank","0.012000000"
"u_dut/gen_input_slots[1].gen_input_banks[0].u_input_cache_bank/data_mem_reg_448_511_7_13/RAMC/WADR5","u_dut/fill_wr_bank_addr_q_reg[1][0][5]/C","-0.012000000","clk","clk","clk","u_dut/fill_wr_bank_addr_q_reg[1][0][5]","FDCE","u_dut/fill_wr_bank_addr_q_reg","u_dut/gen_input_slots[1].gen_input_banks[0].u_input_cache_bank/data_mem_reg_448_511_7_13/RAMC","RAMD64E","u_dut/gen_input_slots.gen_input_banks.u_input_cache_bank/data_mem_reg_448_511_7_13/RAMC","0","0.079000000","1.762000000","1.841000000","0.957088539","SLICE_X76Y15","SLICE_X58Y22","","","SIGNATURE_SKIPPED|FDCE|RAMD64E","SIGNATURE_SKIPPED|FDCE|RAMD64E","DUT_INTERNAL","u_dut/fill_wr_bank_addr_q_reg","u_dut/input_cache_bank","0.012000000"
"u_dut/gen_input_slots[1].gen_input_banks[0].u_input_cache_bank/data_mem_reg_448_511_7_13/RAMD/WADR5","u_dut/fill_wr_bank_addr_q_reg[1][0][5]/C","-0.012000000","clk","clk","clk","u_dut/fill_wr_bank_addr_q_reg[1][0][5]","FDCE","u_dut/fill_wr_bank_addr_q_reg","u_dut/gen_input_slots[1].gen_input_banks[0].u_input_cache_bank/data_mem_reg_448_511_7_13/RAMD","RAMD64E","u_dut/gen_input_slots.gen_input_banks.u_input_cache_bank/data_mem_reg_448_511_7_13/RAMD","0","0.079000000","1.762000000","1.841000000","0.957088539","SLICE_X76Y15","SLICE_X58Y22","","","SIGNATURE_SKIPPED|FDCE|RAMD64E","SIGNATURE_SKIPPED|FDCE|RAMD64E","DUT_INTERNAL","u_dut/fill_wr_bank_addr_q_reg","u_dut/input_cache_bank","0.012000000"
"u_dut/gen_input_slots[1].gen_input_banks[0].u_input_cache_bank/data_mem_reg_448_511_7_13/RAME/WADR5","u_dut/fill_wr_bank_addr_q_reg[1][0][5]/C","-0.012000000","clk","clk","clk","u_dut/fill_wr_bank_addr_q_reg[1][0][5]","FDCE","u_dut/fill_wr_bank_addr_q_reg","u_dut/gen_input_slots[1].gen_input_banks[0].u_input_cache_bank/data_mem_reg_448_511_7_13/RAME","RAMD64E","u_dut/gen_input_slots.gen_input_banks.u_input_cache_bank/data_mem_reg_448_511_7_13/RAME","0","0.079000000","1.762000000","1.841000000","0.957088539","SLICE_X76Y15","SLICE_X58Y22","","","SIGNATURE_SKIPPED|FDCE|RAMD64E","SIGNATURE_SKIPPED|FDCE|RAMD64E","DUT_INTERNAL","u_dut/fill_wr_bank_addr_q_reg","u_dut/input_cache_bank","0.012000000"
"u_dut/gen_input_slots[1].gen_input_banks[0].u_input_cache_bank/data_mem_reg_448_511_7_13/RAMF/WADR5","u_dut/fill_wr_bank_addr_q_reg[1][0][5]/C","-0.012000000","clk","clk","clk","u_dut/fill_wr_bank_addr_q_reg[1][0][5]","FDCE","u_dut/fill_wr_bank_addr_q_reg","u_dut/gen_input_slots[1].gen_input_banks[0].u_input_cache_bank/data_mem_reg_448_511_7_13/RAMF","RAMD64E","u_dut/gen_input_slots.gen_input_banks.u_input_cache_bank/data_mem_reg_448_511_7_13/RAMF","0","0.079000000","1.762000000","1.841000000","0.957088539","SLICE_X76Y15","SLICE_X58Y22","","","SIGNATURE_SKIPPED|FDCE|RAMD64E","SIGNATURE_SKIPPED|FDCE|RAMD64E","DUT_INTERNAL","u_dut/fill_wr_bank_addr_q_reg","u_dut/input_cache_bank","0.012000000"
"u_dut/gen_input_slots[1].gen_input_banks[0].u_input_cache_bank/data_mem_reg_448_511_7_13/RAMG/WADR5","u_dut/fill_wr_bank_addr_q_reg[1][0][5]/C","-0.012000000","clk","clk","clk","u_dut/fill_wr_bank_addr_q_reg[1][0][5]","FDCE","u_dut/fill_wr_bank_addr_q_reg","u_dut/gen_input_slots[1].gen_input_banks[0].u_input_cache_bank/data_mem_reg_448_511_7_13/RAMG","RAMD64E","u_dut/gen_input_slots.gen_input_banks.u_input_cache_bank/data_mem_reg_448_511_7_13/RAMG","0","0.079000000","1.762000000","1.841000000","0.957088539","SLICE_X76Y15","SLICE_X58Y22","","","SIGNATURE_SKIPPED|FDCE|RAMD64E","SIGNATURE_SKIPPED|FDCE|RAMD64E","DUT_INTERNAL","u_dut/fill_wr_bank_addr_q_reg","u_dut/input_cache_bank","0.012000000"
"u_dut/gen_input_slots[1].gen_input_banks[0].u_input_cache_bank/data_mem_reg_448_511_7_13/RAMH/WADR5","u_dut/fill_wr_bank_addr_q_reg[1][0][5]/C","-0.012000000","clk","clk","clk","u_dut/fill_wr_bank_addr_q_reg[1][0][5]","FDCE","u_dut/fill_wr_bank_addr_q_reg","u_dut/gen_input_slots[1].gen_input_banks[0].u_input_cache_bank/data_mem_reg_448_511_7_13/RAMH","RAMD64E","u_dut/gen_input_slots.gen_input_banks.u_input_cache_bank/data_mem_reg_448_511_7_13/RAMH","0","0.079000000","1.762000000","1.841000000","0.957088539","SLICE_X76Y15","SLICE_X58Y22","","","SIGNATURE_SKIPPED|FDCE|RAMD64E","SIGNATURE_SKIPPED|FDCE|RAMD64E","DUT_INTERNAL","u_dut/fill_wr_bank_addr_q_reg","u_dut/input_cache_bank","0.012000000"
"u_dut/gen_input_slots[1].gen_input_banks[0].u_input_cache_bank/valid_mem_reg_512_767_0_0/DP.A/WE","u_dut/scrub_slot_reg/C","-0.009000000","clk","clk","clk","u_dut/scrub_slot_reg","FDCE","u_dut/scrub_slot_reg","u_dut/gen_input_slots[1].gen_input_banks[0].u_input_cache_bank/valid_mem_reg_512_767_0_0/DP.A","RAMD64E","u_dut/gen_input_slots.gen_input_banks.u_input_cache_bank/valid_mem_reg_512_767_0_0/DP.A","2","0.221000000","1.580000000","1.801000000","0.877290394","SLICE_X80Y17","SLICE_X62Y10","","","SIGNATURE_SKIPPED|FDCE|RAMD64E","SIGNATURE_SKIPPED|FDCE|RAMD64E","DUT_INTERNAL","u_dut/scrub_slot_reg","u_dut/input_cache_bank","0.009000000"
"u_dut/gen_input_slots[1].gen_input_banks[0].u_input_cache_bank/valid_mem_reg_512_767_0_0/DP.B/WE","u_dut/scrub_slot_reg/C","-0.009000000","clk","clk","clk","u_dut/scrub_slot_reg","FDCE","u_dut/scrub_slot_reg","u_dut/gen_input_slots[1].gen_input_banks[0].u_input_cache_bank/valid_mem_reg_512_767_0_0/DP.B","RAMD64E","u_dut/gen_input_slots.gen_input_banks.u_input_cache_bank/valid_mem_reg_512_767_0_0/DP.B","2","0.221000000","1.580000000","1.801000000","0.877290394","SLICE_X80Y17","SLICE_X62Y10","","","SIGNATURE_SKIPPED|FDCE|RAMD64E","SIGNATURE_SKIPPED|FDCE|RAMD64E","DUT_INTERNAL","u_dut/scrub_slot_reg","u_dut/input_cache_bank","0.009000000"
"u_dut/gen_input_slots[1].gen_input_banks[0].u_input_cache_bank/valid_mem_reg_512_767_0_0/DP.C/WE","u_dut/scrub_slot_reg/C","-0.009000000","clk","clk","clk","u_dut/scrub_slot_reg","FDCE","u_dut/scrub_slot_reg","u_dut/gen_input_slots[1].gen_input_banks[0].u_input_cache_bank/valid_mem_reg_512_767_0_0/DP.C","RAMD64E","u_dut/gen_input_slots.gen_input_banks.u_input_cache_bank/valid_mem_reg_512_767_0_0/DP.C","2","0.221000000","1.580000000","1.801000000","0.877290394","SLICE_X80Y17","SLICE_X62Y10","","","SIGNATURE_SKIPPED|FDCE|RAMD64E","SIGNATURE_SKIPPED|FDCE|RAMD64E","DUT_INTERNAL","u_dut/scrub_slot_reg","u_dut/input_cache_bank","0.009000000"
"u_dut/gen_input_slots[1].gen_input_banks[0].u_input_cache_bank/valid_mem_reg_512_767_0_0/DP.D/WE","u_dut/scrub_slot_reg/C","-0.009000000","clk","clk","clk","u_dut/scrub_slot_reg","FDCE","u_dut/scrub_slot_reg","u_dut/gen_input_slots[1].gen_input_banks[0].u_input_cache_bank/valid_mem_reg_512_767_0_0/DP.D","RAMD64E","u_dut/gen_input_slots.gen_input_banks.u_input_cache_bank/valid_mem_reg_512_767_0_0/DP.D","2","0.221000000","1.580000000","1.801000000","0.877290394","SLICE_X80Y17","SLICE_X62Y10","","","SIGNATURE_SKIPPED|FDCE|RAMD64E","SIGNATURE_SKIPPED|FDCE|RAMD64E","DUT_INTERNAL","u_dut/scrub_slot_reg","u_dut/input_cache_bank","0.009000000"
"u_dut/gen_input_slots[1].gen_input_banks[0].u_input_cache_bank/valid_mem_reg_512_767_0_0/SP.A/WE","u_dut/scrub_slot_reg/C","-0.009000000","clk","clk","clk","u_dut/scrub_slot_reg","FDCE","u_dut/scrub_slot_reg","u_dut/gen_input_slots[1].gen_input_banks[0].u_input_cache_bank/valid_mem_reg_512_767_0_0/SP.A","RAMD64E","u_dut/gen_input_slots.gen_input_banks.u_input_cache_bank/valid_mem_reg_512_767_0_0/SP.A","2","0.221000000","1.580000000","1.801000000","0.877290394","SLICE_X80Y17","SLICE_X62Y10","","","SIGNATURE_SKIPPED|FDCE|RAMD64E","SIGNATURE_SKIPPED|FDCE|RAMD64E","DUT_INTERNAL","u_dut/scrub_slot_reg","u_dut/input_cache_bank","0.009000000"
"u_dut/gen_input_slots[1].gen_input_banks[0].u_input_cache_bank/valid_mem_reg_512_767_0_0/SP.B/WE","u_dut/scrub_slot_reg/C","-0.009000000","clk","clk","clk","u_dut/scrub_slot_reg","FDCE","u_dut/scrub_slot_reg","u_dut/gen_input_slots[1].gen_input_banks[0].u_input_cache_bank/valid_mem_reg_512_767_0_0/SP.B","RAMD64E","u_dut/gen_input_slots.gen_input_banks.u_input_cache_bank/valid_mem_reg_512_767_0_0/SP.B","2","0.221000000","1.580000000","1.801000000","0.877290394","SLICE_X80Y17","SLICE_X62Y10","","","SIGNATURE_SKIPPED|FDCE|RAMD64E","SIGNATURE_SKIPPED|FDCE|RAMD64E","DUT_INTERNAL","u_dut/scrub_slot_reg","u_dut/input_cache_bank","0.009000000"
"u_dut/gen_input_slots[1].gen_input_banks[0].u_input_cache_bank/valid_mem_reg_512_767_0_0/SP.C/WE","u_dut/scrub_slot_reg/C","-0.009000000","clk","clk","clk","u_dut/scrub_slot_reg","FDCE","u_dut/scrub_slot_reg","u_dut/gen_input_slots[1].gen_input_banks[0].u_input_cache_bank/valid_mem_reg_512_767_0_0/SP.C","RAMD64E","u_dut/gen_input_slots.gen_input_banks.u_input_cache_bank/valid_mem_reg_512_767_0_0/SP.C","2","0.221000000","1.580000000","1.801000000","0.877290394","SLICE_X80Y17","SLICE_X62Y10","","","SIGNATURE_SKIPPED|FDCE|RAMD64E","SIGNATURE_SKIPPED|FDCE|RAMD64E","DUT_INTERNAL","u_dut/scrub_slot_reg","u_dut/input_cache_bank","0.009000000"
"u_dut/gen_input_slots[1].gen_input_banks[0].u_input_cache_bank/valid_mem_reg_512_767_0_0/SP.D/WE","u_dut/scrub_slot_reg/C","-0.009000000","clk","clk","clk","u_dut/scrub_slot_reg","FDCE","u_dut/scrub_slot_reg","u_dut/gen_input_slots[1].gen_input_banks[0].u_input_cache_bank/valid_mem_reg_512_767_0_0/SP.D","RAMD64E","u_dut/gen_input_slots.gen_input_banks.u_input_cache_bank/valid_mem_reg_512_767_0_0/SP.D","2","0.221000000","1.580000000","1.801000000","0.877290394","SLICE_X80Y17","SLICE_X62Y10","","","SIGNATURE_SKIPPED|FDCE|RAMD64E","SIGNATURE_SKIPPED|FDCE|RAMD64E","DUT_INTERNAL","u_dut/scrub_slot_reg","u_dut/input_cache_bank","0.009000000"
"u_dut/gen_result_slots[0].gen_result_banks[0].u_result_bank/mem_reg_192_255_0_6/RAMA/WE","u_dut/result_cmd_valid_q_reg/C","-0.082000000","clk","clk","clk","u_dut/result_cmd_valid_q_reg","FDCE","u_dut/result_cmd_valid_q_reg","u_dut/gen_result_slots[0].gen_result_banks[0].u_result_bank/mem_reg_192_255_0_6/RAMA","RAMD64E","u_dut/gen_result_slots.gen_result_banks.u_result_bank/mem_reg_192_255_0_6/RAMA","2","0.348000000","1.469000000","1.817000000","0.808475509","SLICE_X72Y45","SLICE_X62Y50","","","SIGNATURE_SKIPPED|FDCE|RAMD64E","SIGNATURE_SKIPPED|FDCE|RAMD64E","DUT_INTERNAL","u_dut/result_cmd_valid_q_reg","u_dut/result_bank","0.082000000"
"u_dut/gen_result_slots[0].gen_result_banks[0].u_result_bank/mem_reg_192_255_0_6/RAMB/WE","u_dut/result_cmd_valid_q_reg/C","-0.082000000","clk","clk","clk","u_dut/result_cmd_valid_q_reg","FDCE","u_dut/result_cmd_valid_q_reg","u_dut/gen_result_slots[0].gen_result_banks[0].u_result_bank/mem_reg_192_255_0_6/RAMB","RAMD64E","u_dut/gen_result_slots.gen_result_banks.u_result_bank/mem_reg_192_255_0_6/RAMB","2","0.348000000","1.469000000","1.817000000","0.808475509","SLICE_X72Y45","SLICE_X62Y50","","","SIGNATURE_SKIPPED|FDCE|RAMD64E","SIGNATURE_SKIPPED|FDCE|RAMD64E","DUT_INTERNAL","u_dut/result_cmd_valid_q_reg","u_dut/result_bank","0.082000000"
"u_dut/gen_result_slots[0].gen_result_banks[0].u_result_bank/mem_reg_192_255_0_6/RAMC/WE","u_dut/result_cmd_valid_q_reg/C","-0.082000000","clk","clk","clk","u_dut/result_cmd_valid_q_reg","FDCE","u_dut/result_cmd_valid_q_reg","u_dut/gen_result_slots[0].gen_result_banks[0].u_result_bank/mem_reg_192_255_0_6/RAMC","RAMD64E","u_dut/gen_result_slots.gen_result_banks.u_result_bank/mem_reg_192_255_0_6/RAMC","2","0.348000000","1.469000000","1.817000000","0.808475509","SLICE_X72Y45","SLICE_X62Y50","","","SIGNATURE_SKIPPED|FDCE|RAMD64E","SIGNATURE_SKIPPED|FDCE|RAMD64E","DUT_INTERNAL","u_dut/result_cmd_valid_q_reg","u_dut/result_bank","0.082000000"
"u_dut/gen_result_slots[0].gen_result_banks[0].u_result_bank/mem_reg_192_255_0_6/RAMD/WE","u_dut/result_cmd_valid_q_reg/C","-0.082000000","clk","clk","clk","u_dut/result_cmd_valid_q_reg","FDCE","u_dut/result_cmd_valid_q_reg","u_dut/gen_result_slots[0].gen_result_banks[0].u_result_bank/mem_reg_192_255_0_6/RAMD","RAMD64E","u_dut/gen_result_slots.gen_result_banks.u_result_bank/mem_reg_192_255_0_6/RAMD","2","0.348000000","1.469000000","1.817000000","0.808475509","SLICE_X72Y45","SLICE_X62Y50","","","SIGNATURE_SKIPPED|FDCE|RAMD64E","SIGNATURE_SKIPPED|FDCE|RAMD64E","DUT_INTERNAL","u_dut/result_cmd_valid_q_reg","u_dut/result_bank","0.082000000"
"u_dut/gen_result_slots[0].gen_result_banks[0].u_result_bank/mem_reg_192_255_0_6/RAME/WE","u_dut/result_cmd_valid_q_reg/C","-0.082000000","clk","clk","clk","u_dut/result_cmd_valid_q_reg","FDCE","u_dut/result_cmd_valid_q_reg","u_dut/gen_result_slots[0].gen_result_banks[0].u_result_bank/mem_reg_192_255_0_6/RAME","RAMD64E","u_dut/gen_result_slots.gen_result_banks.u_result_bank/mem_reg_192_255_0_6/RAME","2","0.348000000","1.469000000","1.817000000","0.808475509","SLICE_X72Y45","SLICE_X62Y50","","","SIGNATURE_SKIPPED|FDCE|RAMD64E","SIGNATURE_SKIPPED|FDCE|RAMD64E","DUT_INTERNAL","u_dut/result_cmd_valid_q_reg","u_dut/result_bank","0.082000000"
"u_dut/gen_result_slots[0].gen_result_banks[0].u_result_bank/mem_reg_192_255_0_6/RAMF/WE","u_dut/result_cmd_valid_q_reg/C","-0.082000000","clk","clk","clk","u_dut/result_cmd_valid_q_reg","FDCE","u_dut/result_cmd_valid_q_reg","u_dut/gen_result_slots[0].gen_result_banks[0].u_result_bank/mem_reg_192_255_0_6/RAMF","RAMD64E","u_dut/gen_result_slots.gen_result_banks.u_result_bank/mem_reg_192_255_0_6/RAMF","2","0.348000000","1.469000000","1.817000000","0.808475509","SLICE_X72Y45","SLICE_X62Y50","","","SIGNATURE_SKIPPED|FDCE|RAMD64E","SIGNATURE_SKIPPED|FDCE|RAMD64E","DUT_INTERNAL","u_dut/result_cmd_valid_q_reg","u_dut/result_bank","0.082000000"
"u_dut/gen_result_slots[0].gen_result_banks[0].u_result_bank/mem_reg_192_255_0_6/RAMG/WE","u_dut/result_cmd_valid_q_reg/C","-0.082000000","clk","clk","clk","u_dut/result_cmd_valid_q_reg","FDCE","u_dut/result_cmd_valid_q_reg","u_dut/gen_result_slots[0].gen_result_banks[0].u_result_bank/mem_reg_192_255_0_6/RAMG","RAMD64E","u_dut/gen_result_slots.gen_result_banks.u_result_bank/mem_reg_192_255_0_6/RAMG","2","0.348000000","1.469000000","1.817000000","0.808475509","SLICE_X72Y45","SLICE_X62Y50","","","SIGNATURE_SKIPPED|FDCE|RAMD64E","SIGNATURE_SKIPPED|FDCE|RAMD64E","DUT_INTERNAL","u_dut/result_cmd_valid_q_reg","u_dut/result_bank","0.082000000"
"u_dut/gen_result_slots[0].gen_result_banks[0].u_result_bank/mem_reg_192_255_0_6/RAMH/WE","u_dut/result_cmd_valid_q_reg/C","-0.082000000","clk","clk","clk","u_dut/result_cmd_valid_q_reg","FDCE","u_dut/result_cmd_valid_q_reg","u_dut/gen_result_slots[0].gen_result_banks[0].u_result_bank/mem_reg_192_255_0_6/RAMH","RAMD64E","u_dut/gen_result_slots.gen_result_banks.u_result_bank/mem_reg_192_255_0_6/RAMH","2","0.348000000","1.469000000","1.817000000","0.808475509","SLICE_X72Y45","SLICE_X62Y50","","","SIGNATURE_SKIPPED|FDCE|RAMD64E","SIGNATURE_SKIPPED|FDCE|RAMD64E","DUT_INTERNAL","u_dut/result_cmd_valid_q_reg","u_dut/result_bank","0.082000000"
"u_dut/gen_result_slots[0].gen_result_banks[1].u_result_bank/mem_reg_896_959_7_9/RAMA/WE","u_dut/result_cmd_slot_q_reg/C","-0.029000000","clk","clk","clk","u_dut/result_cmd_slot_q_reg","FDCE","u_dut/result_cmd_slot_q_reg","u_dut/gen_result_slots[0].gen_result_banks[1].u_result_bank/mem_reg_896_959_7_9/RAMA","RAMD64E","u_dut/gen_result_slots.gen_result_banks.u_result_bank/mem_reg_896_959_7_9/RAMA","2","0.214000000","1.597000000","1.811000000","0.881833241","SLICE_X70Y44","SLICE_X53Y58","","","SIGNATURE_SKIPPED|FDCE|RAMD64E","SIGNATURE_SKIPPED|FDCE|RAMD64E","DUT_INTERNAL","u_dut/result_cmd_slot_q_reg","u_dut/result_bank","0.029000000"
"u_dut/gen_result_slots[0].gen_result_banks[1].u_result_bank/mem_reg_896_959_7_9/RAMB/WE","u_dut/result_cmd_slot_q_reg/C","-0.029000000","clk","clk","clk","u_dut/result_cmd_slot_q_reg","FDCE","u_dut/result_cmd_slot_q_reg","u_dut/gen_result_slots[0].gen_result_banks[1].u_result_bank/mem_reg_896_959_7_9/RAMB","RAMD64E","u_dut/gen_result_slots.gen_result_banks.u_result_bank/mem_reg_896_959_7_9/RAMB","2","0.214000000","1.597000000","1.811000000","0.881833241","SLICE_X70Y44","SLICE_X53Y58","","","SIGNATURE_SKIPPED|FDCE|RAMD64E","SIGNATURE_SKIPPED|FDCE|RAMD64E","DUT_INTERNAL","u_dut/result_cmd_slot_q_reg","u_dut/result_bank","0.029000000"
"u_dut/gen_result_slots[0].gen_result_banks[1].u_result_bank/mem_reg_896_959_7_9/RAMC/WE","u_dut/result_cmd_slot_q_reg/C","-0.029000000","clk","clk","clk","u_dut/result_cmd_slot_q_reg","FDCE","u_dut/result_cmd_slot_q_reg","u_dut/gen_result_slots[0].gen_result_banks[1].u_result_bank/mem_reg_896_959_7_9/RAMC","RAMD64E","u_dut/gen_result_slots.gen_result_banks.u_result_bank/mem_reg_896_959_7_9/RAMC","2","0.214000000","1.597000000","1.811000000","0.881833241","SLICE_X70Y44","SLICE_X53Y58","","","SIGNATURE_SKIPPED|FDCE|RAMD64E","SIGNATURE_SKIPPED|FDCE|RAMD64E","DUT_INTERNAL","u_dut/result_cmd_slot_q_reg","u_dut/result_bank","0.029000000"
"u_dut/gen_result_slots[0].gen_result_banks[1].u_result_bank/mem_reg_896_959_7_9/RAMD/WE","u_dut/result_cmd_slot_q_reg/C","-0.029000000","clk","clk","clk","u_dut/result_cmd_slot_q_reg","FDCE","u_dut/result_cmd_slot_q_reg","u_dut/gen_result_slots[0].gen_result_banks[1].u_result_bank/mem_reg_896_959_7_9/RAMD","RAMD64E","u_dut/gen_result_slots.gen_result_banks.u_result_bank/mem_reg_896_959_7_9/RAMD","2","0.214000000","1.597000000","1.811000000","0.881833241","SLICE_X70Y44","SLICE_X53Y58","","","SIGNATURE_SKIPPED|FDCE|RAMD64E","SIGNATURE_SKIPPED|FDCE|RAMD64E","DUT_INTERNAL","u_dut/result_cmd_slot_q_reg","u_dut/result_bank","0.029000000"
"u_dut/gen_result_slots[1].gen_result_banks[2].u_result_bank/mem_reg_384_447_7_9/RAMA/WE","u_dut/result_cmd_valid_q_reg/C","-0.013000000","clk","clk","clk","u_dut/result_cmd_valid_q_reg","FDCE","u_dut/result_cmd_valid_q_reg","u_dut/gen_result_slots[1].gen_result_banks[2].u_result_bank/mem_reg_384_447_7_9/RAMA","RAMD64E","u_dut/gen_result_slots.gen_result_banks.u_result_bank/mem_reg_384_447_7_9/RAMA","2","0.278000000","1.467000000","1.745000000","0.840687679","SLICE_X72Y45","SLICE_X74Y78","","","SIGNATURE_SKIPPED|FDCE|RAMD64E","SIGNATURE_SKIPPED|FDCE|RAMD64E","DUT_INTERNAL","u_dut/result_cmd_valid_q_reg","u_dut/result_bank","0.013000000"
"u_dut/gen_result_slots[1].gen_result_banks[2].u_result_bank/mem_reg_384_447_7_9/RAMB/WE","u_dut/result_cmd_valid_q_reg/C","-0.013000000","clk","clk","clk","u_dut/result_cmd_valid_q_reg","FDCE","u_dut/result_cmd_valid_q_reg","u_dut/gen_result_slots[1].gen_result_banks[2].u_result_bank/mem_reg_384_447_7_9/RAMB","RAMD64E","u_dut/gen_result_slots.gen_result_banks.u_result_bank/mem_reg_384_447_7_9/RAMB","2","0.278000000","1.467000000","1.745000000","0.840687679","SLICE_X72Y45","SLICE_X74Y78","","","SIGNATURE_SKIPPED|FDCE|RAMD64E","SIGNATURE_SKIPPED|FDCE|RAMD64E","DUT_INTERNAL","u_dut/result_cmd_valid_q_reg","u_dut/result_bank","0.013000000"
"u_dut/gen_result_slots[1].gen_result_banks[2].u_result_bank/mem_reg_384_447_7_9/RAMC/WE","u_dut/result_cmd_valid_q_reg/C","-0.013000000","clk","clk","clk","u_dut/result_cmd_valid_q_reg","FDCE","u_dut/result_cmd_valid_q_reg","u_dut/gen_result_slots[1].gen_result_banks[2].u_result_bank/mem_reg_384_447_7_9/RAMC","RAMD64E","u_dut/gen_result_slots.gen_result_banks.u_result_bank/mem_reg_384_447_7_9/RAMC","2","0.278000000","1.467000000","1.745000000","0.840687679","SLICE_X72Y45","SLICE_X74Y78","","","SIGNATURE_SKIPPED|FDCE|RAMD64E","SIGNATURE_SKIPPED|FDCE|RAMD64E","DUT_INTERNAL","u_dut/result_cmd_valid_q_reg","u_dut/result_bank","0.013000000"
"u_dut/gen_result_slots[1].gen_result_banks[2].u_result_bank/mem_reg_384_447_7_9/RAMD/WE","u_dut/result_cmd_valid_q_reg/C","-0.013000000","clk","clk","clk","u_dut/result_cmd_valid_q_reg","FDCE","u_dut/result_cmd_valid_q_reg","u_dut/gen_result_slots[1].gen_result_banks[2].u_result_bank/mem_reg_384_447_7_9/RAMD","RAMD64E","u_dut/gen_result_slots.gen_result_banks.u_result_bank/mem_reg_384_447_7_9/RAMD","2","0.278000000","1.467000000","1.745000000","0.840687679","SLICE_X72Y45","SLICE_X74Y78","","","SIGNATURE_SKIPPED|FDCE|RAMD64E","SIGNATURE_SKIPPED|FDCE|RAMD64E","DUT_INTERNAL","u_dut/result_cmd_valid_q_reg","u_dut/result_bank","0.013000000"
"u_dut/gen_result_slots[1].gen_result_banks[2].u_result_bank/mem_reg_448_511_7_9/RAMA/WE","u_dut/result_cmd_valid_q_reg/C","-0.025000000","clk","clk","clk","u_dut/result_cmd_valid_q_reg","FDCE","u_dut/result_cmd_valid_q_reg","u_dut/gen_result_slots[1].gen_result_banks[2].u_result_bank/mem_reg_448_511_7_9/RAMA","RAMD64E","u_dut/gen_result_slots.gen_result_banks.u_result_bank/mem_reg_448_511_7_9/RAMA","2","0.316000000","1.429000000","1.745000000","0.818911175","SLICE_X72Y45","SLICE_X74Y81","","","SIGNATURE_SKIPPED|FDCE|RAMD64E","SIGNATURE_SKIPPED|FDCE|RAMD64E","DUT_INTERNAL","u_dut/result_cmd_valid_q_reg","u_dut/result_bank","0.025000000"
"u_dut/gen_result_slots[1].gen_result_banks[2].u_result_bank/mem_reg_448_511_7_9/RAMB/WE","u_dut/result_cmd_valid_q_reg/C","-0.025000000","clk","clk","clk","u_dut/result_cmd_valid_q_reg","FDCE","u_dut/result_cmd_valid_q_reg","u_dut/gen_result_slots[1].gen_result_banks[2].u_result_bank/mem_reg_448_511_7_9/RAMB","RAMD64E","u_dut/gen_result_slots.gen_result_banks.u_result_bank/mem_reg_448_511_7_9/RAMB","2","0.316000000","1.429000000","1.745000000","0.818911175","SLICE_X72Y45","SLICE_X74Y81","","","SIGNATURE_SKIPPED|FDCE|RAMD64E","SIGNATURE_SKIPPED|FDCE|RAMD64E","DUT_INTERNAL","u_dut/result_cmd_valid_q_reg","u_dut/result_bank","0.025000000"
"u_dut/gen_result_slots[1].gen_result_banks[2].u_result_bank/mem_reg_448_511_7_9/RAMC/WE","u_dut/result_cmd_valid_q_reg/C","-0.025000000","clk","clk","clk","u_dut/result_cmd_valid_q_reg","FDCE","u_dut/result_cmd_valid_q_reg","u_dut/gen_result_slots[1].gen_result_banks[2].u_result_bank/mem_reg_448_511_7_9/RAMC","RAMD64E","u_dut/gen_result_slots.gen_result_banks.u_result_bank/mem_reg_448_511_7_9/RAMC","2","0.316000000","1.429000000","1.745000000","0.818911175","SLICE_X72Y45","SLICE_X74Y81","","","SIGNATURE_SKIPPED|FDCE|RAMD64E","SIGNATURE_SKIPPED|FDCE|RAMD64E","DUT_INTERNAL","u_dut/result_cmd_valid_q_reg","u_dut/result_bank","0.025000000"
"u_dut/gen_result_slots[1].gen_result_banks[2].u_result_bank/mem_reg_448_511_7_9/RAMD/WE","u_dut/result_cmd_valid_q_reg/C","-0.025000000","clk","clk","clk","u_dut/result_cmd_valid_q_reg","FDCE","u_dut/result_cmd_valid_q_reg","u_dut/gen_result_slots[1].gen_result_banks[2].u_result_bank/mem_reg_448_511_7_9/RAMD","RAMD64E","u_dut/gen_result_slots.gen_result_banks.u_result_bank/mem_reg_448_511_7_9/RAMD","2","0.316000000","1.429000000","1.745000000","0.818911175","SLICE_X72Y45","SLICE_X74Y81","","","SIGNATURE_SKIPPED|FDCE|RAMD64E","SIGNATURE_SKIPPED|FDCE|RAMD64E","DUT_INTERNAL","u_dut/result_cmd_valid_q_reg","u_dut/result_bank","0.025000000"
"u_dut/gen_result_slots[1].gen_result_banks[3].u_result_bank/mem_reg_64_127_7_9/RAMA/WE","u_dut/result_cmd_valid_q_reg/C","-0.001000000","clk","clk","clk","u_dut/result_cmd_valid_q_reg","FDCE","u_dut/result_cmd_valid_q_reg","u_dut/gen_result_slots[1].gen_result_banks[3].u_result_bank/mem_reg_64_127_7_9/RAMA","RAMD64E","u_dut/gen_result_slots.gen_result_banks.u_result_bank/mem_reg_64_127_7_9/RAMA","2","0.373000000","1.379000000","1.752000000","0.787100457","SLICE_X72Y45","SLICE_X67Y79","","","SIGNATURE_SKIPPED|FDCE|RAMD64E","SIGNATURE_SKIPPED|FDCE|RAMD64E","DUT_INTERNAL","u_dut/result_cmd_valid_q_reg","u_dut/result_bank","0.001000000"
"u_dut/gen_result_slots[1].gen_result_banks[3].u_result_bank/mem_reg_64_127_7_9/RAMB/WE","u_dut/result_cmd_valid_q_reg/C","-0.001000000","clk","clk","clk","u_dut/result_cmd_valid_q_reg","FDCE","u_dut/result_cmd_valid_q_reg","u_dut/gen_result_slots[1].gen_result_banks[3].u_result_bank/mem_reg_64_127_7_9/RAMB","RAMD64E","u_dut/gen_result_slots.gen_result_banks.u_result_bank/mem_reg_64_127_7_9/RAMB","2","0.373000000","1.379000000","1.752000000","0.787100457","SLICE_X72Y45","SLICE_X67Y79","","","SIGNATURE_SKIPPED|FDCE|RAMD64E","SIGNATURE_SKIPPED|FDCE|RAMD64E","DUT_INTERNAL","u_dut/result_cmd_valid_q_reg","u_dut/result_bank","0.001000000"
"u_dut/gen_result_slots[1].gen_result_banks[3].u_result_bank/mem_reg_64_127_7_9/RAMC/WE","u_dut/result_cmd_valid_q_reg/C","-0.001000000","clk","clk","clk","u_dut/result_cmd_valid_q_reg","FDCE","u_dut/result_cmd_valid_q_reg","u_dut/gen_result_slots[1].gen_result_banks[3].u_result_bank/mem_reg_64_127_7_9/RAMC","RAMD64E","u_dut/gen_result_slots.gen_result_banks.u_result_bank/mem_reg_64_127_7_9/RAMC","2","0.373000000","1.379000000","1.752000000","0.787100457","SLICE_X72Y45","SLICE_X67Y79","","","SIGNATURE_SKIPPED|FDCE|RAMD64E","SIGNATURE_SKIPPED|FDCE|RAMD64E","DUT_INTERNAL","u_dut/result_cmd_valid_q_reg","u_dut/result_bank","0.001000000"
"u_dut/gen_result_slots[1].gen_result_banks[3].u_result_bank/mem_reg_64_127_7_9/RAMD/WE","u_dut/result_cmd_valid_q_reg/C","-0.001000000","clk","clk","clk","u_dut/result_cmd_valid_q_reg","FDCE","u_dut/result_cmd_valid_q_reg","u_dut/gen_result_slots[1].gen_result_banks[3].u_result_bank/mem_reg_64_127_7_9/RAMD","RAMD64E","u_dut/gen_result_slots.gen_result_banks.u_result_bank/mem_reg_64_127_7_9/RAMD","2","0.373000000","1.379000000","1.752000000","0.787100457","SLICE_X72Y45","SLICE_X67Y79","","","SIGNATURE_SKIPPED|FDCE|RAMD64E","SIGNATURE_SKIPPED|FDCE|RAMD64E","DUT_INTERNAL","u_dut/result_cmd_valid_q_reg","u_dut/result_bank","0.001000000"
"u_dut/gen_tmp_banks[1].u_kernel_tmp_bank/mem_reg_0_63_0_6/RAMA/WADR5","u_dut/vwrite_cmd_addr_q_reg[5]/C","-0.030000000","clk","clk","clk","u_dut/vwrite_cmd_addr_q_reg[5]","FDCE","u_dut/vwrite_cmd_addr_q_reg","u_dut/gen_tmp_banks[1].u_kernel_tmp_bank/mem_reg_0_63_0_6/RAMA","RAMD64E","u_dut/gen_tmp_banks.u_kernel_tmp_bank/mem_reg_0_63_0_6/RAMA","0","0.080000000","1.723000000","1.803000000","0.955629506","SLICE_X77Y36","SLICE_X82Y45","","","SIGNATURE_SKIPPED|FDCE|RAMD64E","SIGNATURE_SKIPPED|FDCE|RAMD64E","DUT_INTERNAL","u_dut/vwrite_cmd_addr_q_reg","u_dut/temp_bank","0.030000000"
"u_dut/gen_tmp_banks[1].u_kernel_tmp_bank/mem_reg_0_63_0_6/RAMB/WADR5","u_dut/vwrite_cmd_addr_q_reg[5]/C","-0.030000000","clk","clk","clk","u_dut/vwrite_cmd_addr_q_reg[5]","FDCE","u_dut/vwrite_cmd_addr_q_reg","u_dut/gen_tmp_banks[1].u_kernel_tmp_bank/mem_reg_0_63_0_6/RAMB","RAMD64E","u_dut/gen_tmp_banks.u_kernel_tmp_bank/mem_reg_0_63_0_6/RAMB","0","0.080000000","1.723000000","1.803000000","0.955629506","SLICE_X77Y36","SLICE_X82Y45","","","SIGNATURE_SKIPPED|FDCE|RAMD64E","SIGNATURE_SKIPPED|FDCE|RAMD64E","DUT_INTERNAL","u_dut/vwrite_cmd_addr_q_reg","u_dut/temp_bank","0.030000000"
"u_dut/gen_tmp_banks[1].u_kernel_tmp_bank/mem_reg_0_63_0_6/RAMC/WADR5","u_dut/vwrite_cmd_addr_q_reg[5]/C","-0.030000000","clk","clk","clk","u_dut/vwrite_cmd_addr_q_reg[5]","FDCE","u_dut/vwrite_cmd_addr_q_reg","u_dut/gen_tmp_banks[1].u_kernel_tmp_bank/mem_reg_0_63_0_6/RAMC","RAMD64E","u_dut/gen_tmp_banks.u_kernel_tmp_bank/mem_reg_0_63_0_6/RAMC","0","0.080000000","1.723000000","1.803000000","0.955629506","SLICE_X77Y36","SLICE_X82Y45","","","SIGNATURE_SKIPPED|FDCE|RAMD64E","SIGNATURE_SKIPPED|FDCE|RAMD64E","DUT_INTERNAL","u_dut/vwrite_cmd_addr_q_reg","u_dut/temp_bank","0.030000000"
"u_dut/gen_tmp_banks[1].u_kernel_tmp_bank/mem_reg_0_63_0_6/RAMD/WADR5","u_dut/vwrite_cmd_addr_q_reg[5]/C","-0.030000000","clk","clk","clk","u_dut/vwrite_cmd_addr_q_reg[5]","FDCE","u_dut/vwrite_cmd_addr_q_reg","u_dut/gen_tmp_banks[1].u_kernel_tmp_bank/mem_reg_0_63_0_6/RAMD","RAMD64E","u_dut/gen_tmp_banks.u_kernel_tmp_bank/mem_reg_0_63_0_6/RAMD","0","0.080000000","1.723000000","1.803000000","0.955629506","SLICE_X77Y36","SLICE_X82Y45","","","SIGNATURE_SKIPPED|FDCE|RAMD64E","SIGNATURE_SKIPPED|FDCE|RAMD64E","DUT_INTERNAL","u_dut/vwrite_cmd_addr_q_reg","u_dut/temp_bank","0.030000000"
"u_dut/gen_tmp_banks[1].u_kernel_tmp_bank/mem_reg_0_63_0_6/RAME/WADR5","u_dut/vwrite_cmd_addr_q_reg[5]/C","-0.030000000","clk","clk","clk","u_dut/vwrite_cmd_addr_q_reg[5]","FDCE","u_dut/vwrite_cmd_addr_q_reg","u_dut/gen_tmp_banks[1].u_kernel_tmp_bank/mem_reg_0_63_0_6/RAME","RAMD64E","u_dut/gen_tmp_banks.u_kernel_tmp_bank/mem_reg_0_63_0_6/RAME","0","0.080000000","1.723000000","1.803000000","0.955629506","SLICE_X77Y36","SLICE_X82Y45","","","SIGNATURE_SKIPPED|FDCE|RAMD64E","SIGNATURE_SKIPPED|FDCE|RAMD64E","DUT_INTERNAL","u_dut/vwrite_cmd_addr_q_reg","u_dut/temp_bank","0.030000000"
"u_dut/gen_tmp_banks[1].u_kernel_tmp_bank/mem_reg_0_63_0_6/RAMF/WADR5","u_dut/vwrite_cmd_addr_q_reg[5]/C","-0.030000000","clk","clk","clk","u_dut/vwrite_cmd_addr_q_reg[5]","FDCE","u_dut/vwrite_cmd_addr_q_reg","u_dut/gen_tmp_banks[1].u_kernel_tmp_bank/mem_reg_0_63_0_6/RAMF","RAMD64E","u_dut/gen_tmp_banks.u_kernel_tmp_bank/mem_reg_0_63_0_6/RAMF","0","0.080000000","1.723000000","1.803000000","0.955629506","SLICE_X77Y36","SLICE_X82Y45","","","SIGNATURE_SKIPPED|FDCE|RAMD64E","SIGNATURE_SKIPPED|FDCE|RAMD64E","DUT_INTERNAL","u_dut/vwrite_cmd_addr_q_reg","u_dut/temp_bank","0.030000000"
"u_dut/gen_tmp_banks[1].u_kernel_tmp_bank/mem_reg_0_63_0_6/RAMG/WADR5","u_dut/vwrite_cmd_addr_q_reg[5]/C","-0.030000000","clk","clk","clk","u_dut/vwrite_cmd_addr_q_reg[5]","FDCE","u_dut/vwrite_cmd_addr_q_reg","u_dut/gen_tmp_banks[1].u_kernel_tmp_bank/mem_reg_0_63_0_6/RAMG","RAMD64E","u_dut/gen_tmp_banks.u_kernel_tmp_bank/mem_reg_0_63_0_6/RAMG","0","0.080000000","1.723000000","1.803000000","0.955629506","SLICE_X77Y36","SLICE_X82Y45","","","SIGNATURE_SKIPPED|FDCE|RAMD64E","SIGNATURE_SKIPPED|FDCE|RAMD64E","DUT_INTERNAL","u_dut/vwrite_cmd_addr_q_reg","u_dut/temp_bank","0.030000000"
"u_dut/gen_tmp_banks[1].u_kernel_tmp_bank/mem_reg_0_63_0_6/RAMH/WADR5","u_dut/vwrite_cmd_addr_q_reg[5]/C","-0.030000000","clk","clk","clk","u_dut/vwrite_cmd_addr_q_reg[5]","FDCE","u_dut/vwrite_cmd_addr_q_reg","u_dut/gen_tmp_banks[1].u_kernel_tmp_bank/mem_reg_0_63_0_6/RAMH","RAMD64E","u_dut/gen_tmp_banks.u_kernel_tmp_bank/mem_reg_0_63_0_6/RAMH","0","0.080000000","1.723000000","1.803000000","0.955629506","SLICE_X77Y36","SLICE_X82Y45","","","SIGNATURE_SKIPPED|FDCE|RAMD64E","SIGNATURE_SKIPPED|FDCE|RAMD64E","DUT_INTERNAL","u_dut/vwrite_cmd_addr_q_reg","u_dut/temp_bank","0.030000000"
"u_dut/gen_tmp_banks[1].u_kernel_tmp_bank/mem_reg_512_575_7_13/RAMA/WADR5","u_dut/vwrite_cmd_addr_q_reg[5]/C","-0.011000000","clk","clk","clk","u_dut/vwrite_cmd_addr_q_reg[5]","FDCE","u_dut/vwrite_cmd_addr_q_reg","u_dut/gen_tmp_banks[1].u_kernel_tmp_bank/mem_reg_512_575_7_13/RAMA","RAMD64E","u_dut/gen_tmp_banks.u_kernel_tmp_bank/mem_reg_512_575_7_13/RAMA","0","0.080000000","1.720000000","1.800000000","0.955555556","SLICE_X77Y36","SLICE_X79Y42","","","SIGNATURE_SKIPPED|FDCE|RAMD64E","SIGNATURE_SKIPPED|FDCE|RAMD64E","DUT_INTERNAL","u_dut/vwrite_cmd_addr_q_reg","u_dut/temp_bank","0.011000000"
"u_dut/gen_tmp_banks[1].u_kernel_tmp_bank/mem_reg_512_575_7_13/RAMB/WADR5","u_dut/vwrite_cmd_addr_q_reg[5]/C","-0.011000000","clk","clk","clk","u_dut/vwrite_cmd_addr_q_reg[5]","FDCE","u_dut/vwrite_cmd_addr_q_reg","u_dut/gen_tmp_banks[1].u_kernel_tmp_bank/mem_reg_512_575_7_13/RAMB","RAMD64E","u_dut/gen_tmp_banks.u_kernel_tmp_bank/mem_reg_512_575_7_13/RAMB","0","0.080000000","1.720000000","1.800000000","0.955555556","SLICE_X77Y36","SLICE_X79Y42","","","SIGNATURE_SKIPPED|FDCE|RAMD64E","SIGNATURE_SKIPPED|FDCE|RAMD64E","DUT_INTERNAL","u_dut/vwrite_cmd_addr_q_reg","u_dut/temp_bank","0.011000000"
"u_dut/gen_tmp_banks[1].u_kernel_tmp_bank/mem_reg_512_575_7_13/RAMC/WADR5","u_dut/vwrite_cmd_addr_q_reg[5]/C","-0.011000000","clk","clk","clk","u_dut/vwrite_cmd_addr_q_reg[5]","FDCE","u_dut/vwrite_cmd_addr_q_reg","u_dut/gen_tmp_banks[1].u_kernel_tmp_bank/mem_reg_512_575_7_13/RAMC","RAMD64E","u_dut/gen_tmp_banks.u_kernel_tmp_bank/mem_reg_512_575_7_13/RAMC","0","0.080000000","1.720000000","1.800000000","0.955555556","SLICE_X77Y36","SLICE_X79Y42","","","SIGNATURE_SKIPPED|FDCE|RAMD64E","SIGNATURE_SKIPPED|FDCE|RAMD64E","DUT_INTERNAL","u_dut/vwrite_cmd_addr_q_reg","u_dut/temp_bank","0.011000000"
"u_dut/gen_tmp_banks[1].u_kernel_tmp_bank/mem_reg_512_575_7_13/RAMD/WADR5","u_dut/vwrite_cmd_addr_q_reg[5]/C","-0.011000000","clk","clk","clk","u_dut/vwrite_cmd_addr_q_reg[5]","FDCE","u_dut/vwrite_cmd_addr_q_reg","u_dut/gen_tmp_banks[1].u_kernel_tmp_bank/mem_reg_512_575_7_13/RAMD","RAMD64E","u_dut/gen_tmp_banks.u_kernel_tmp_bank/mem_reg_512_575_7_13/RAMD","0","0.080000000","1.720000000","1.800000000","0.955555556","SLICE_X77Y36","SLICE_X79Y42","","","SIGNATURE_SKIPPED|FDCE|RAMD64E","SIGNATURE_SKIPPED|FDCE|RAMD64E","DUT_INTERNAL","u_dut/vwrite_cmd_addr_q_reg","u_dut/temp_bank","0.011000000"
"u_dut/gen_tmp_banks[1].u_kernel_tmp_bank/mem_reg_512_575_7_13/RAME/WADR5","u_dut/vwrite_cmd_addr_q_reg[5]/C","-0.011000000","clk","clk","clk","u_dut/vwrite_cmd_addr_q_reg[5]","FDCE","u_dut/vwrite_cmd_addr_q_reg","u_dut/gen_tmp_banks[1].u_kernel_tmp_bank/mem_reg_512_575_7_13/RAME","RAMD64E","u_dut/gen_tmp_banks.u_kernel_tmp_bank/mem_reg_512_575_7_13/RAME","0","0.080000000","1.720000000","1.800000000","0.955555556","SLICE_X77Y36","SLICE_X79Y42","","","SIGNATURE_SKIPPED|FDCE|RAMD64E","SIGNATURE_SKIPPED|FDCE|RAMD64E","DUT_INTERNAL","u_dut/vwrite_cmd_addr_q_reg","u_dut/temp_bank","0.011000000"
"u_dut/gen_tmp_banks[1].u_kernel_tmp_bank/mem_reg_512_575_7_13/RAMF/WADR5","u_dut/vwrite_cmd_addr_q_reg[5]/C","-0.011000000","clk","clk","clk","u_dut/vwrite_cmd_addr_q_reg[5]","FDCE","u_dut/vwrite_cmd_addr_q_reg","u_dut/gen_tmp_banks[1].u_kernel_tmp_bank/mem_reg_512_575_7_13/RAMF","RAMD64E","u_dut/gen_tmp_banks.u_kernel_tmp_bank/mem_reg_512_575_7_13/RAMF","0","0.080000000","1.720000000","1.800000000","0.955555556","SLICE_X77Y36","SLICE_X79Y42","","","SIGNATURE_SKIPPED|FDCE|RAMD64E","SIGNATURE_SKIPPED|FDCE|RAMD64E","DUT_INTERNAL","u_dut/vwrite_cmd_addr_q_reg","u_dut/temp_bank","0.011000000"
"u_dut/gen_tmp_banks[1].u_kernel_tmp_bank/mem_reg_512_575_7_13/RAMG/WADR5","u_dut/vwrite_cmd_addr_q_reg[5]/C","-0.011000000","clk","clk","clk","u_dut/vwrite_cmd_addr_q_reg[5]","FDCE","u_dut/vwrite_cmd_addr_q_reg","u_dut/gen_tmp_banks[1].u_kernel_tmp_bank/mem_reg_512_575_7_13/RAMG","RAMD64E","u_dut/gen_tmp_banks.u_kernel_tmp_bank/mem_reg_512_575_7_13/RAMG","0","0.080000000","1.720000000","1.800000000","0.955555556","SLICE_X77Y36","SLICE_X79Y42","","","SIGNATURE_SKIPPED|FDCE|RAMD64E","SIGNATURE_SKIPPED|FDCE|RAMD64E","DUT_INTERNAL","u_dut/vwrite_cmd_addr_q_reg","u_dut/temp_bank","0.011000000"
"u_dut/gen_tmp_banks[1].u_kernel_tmp_bank/mem_reg_512_575_7_13/RAMH/WADR5","u_dut/vwrite_cmd_addr_q_reg[5]/C","-0.011000000","clk","clk","clk","u_dut/vwrite_cmd_addr_q_reg[5]","FDCE","u_dut/vwrite_cmd_addr_q_reg","u_dut/gen_tmp_banks[1].u_kernel_tmp_bank/mem_reg_512_575_7_13/RAMH","RAMD64E","u_dut/gen_tmp_banks.u_kernel_tmp_bank/mem_reg_512_575_7_13/RAMH","0","0.080000000","1.720000000","1.800000000","0.955555556","SLICE_X77Y36","SLICE_X79Y42","","","SIGNATURE_SKIPPED|FDCE|RAMD64E","SIGNATURE_SKIPPED|FDCE|RAMD64E","DUT_INTERNAL","u_dut/vwrite_cmd_addr_q_reg","u_dut/temp_bank","0.011000000"
"u_dut/gen_tmp_banks[2].u_kernel_tmp_bank/mem_reg_0_63_14_15/RAMA/WE","u_dut/vwrite_cmd_valid_q_reg/C","-0.030000000","clk","clk","clk","u_dut/vwrite_cmd_valid_q_reg","FDCE","u_dut/vwrite_cmd_valid_q_reg","u_dut/gen_tmp_banks[2].u_kernel_tmp_bank/mem_reg_0_63_14_15/RAMA","RAMD64E","u_dut/gen_tmp_banks.u_kernel_tmp_bank/mem_reg_0_63_14_15/RAMA","2","0.279000000","1.424000000","1.703000000","0.836171462","SLICE_X72Y37","SLICE_X82Y56","","","SIGNATURE_SKIPPED|FDCE|RAMD64E","SIGNATURE_SKIPPED|FDCE|RAMD64E","DUT_INTERNAL","u_dut/vwrite_cmd_valid_q_reg","u_dut/temp_bank","0.030000000"
"u_dut/gen_tmp_banks[2].u_kernel_tmp_bank/mem_reg_0_63_14_15/RAMB/WE","u_dut/vwrite_cmd_valid_q_reg/C","-0.030000000","clk","clk","clk","u_dut/vwrite_cmd_valid_q_reg","FDCE","u_dut/vwrite_cmd_valid_q_reg","u_dut/gen_tmp_banks[2].u_kernel_tmp_bank/mem_reg_0_63_14_15/RAMB","RAMD64E","u_dut/gen_tmp_banks.u_kernel_tmp_bank/mem_reg_0_63_14_15/RAMB","2","0.279000000","1.424000000","1.703000000","0.836171462","SLICE_X72Y37","SLICE_X82Y56","","","SIGNATURE_SKIPPED|FDCE|RAMD64E","SIGNATURE_SKIPPED|FDCE|RAMD64E","DUT_INTERNAL","u_dut/vwrite_cmd_valid_q_reg","u_dut/temp_bank","0.030000000"
"u_dut/gen_tmp_banks[2].u_kernel_tmp_bank/mem_reg_0_63_14_15/RAMC/WE","u_dut/vwrite_cmd_valid_q_reg/C","-0.030000000","clk","clk","clk","u_dut/vwrite_cmd_valid_q_reg","FDCE","u_dut/vwrite_cmd_valid_q_reg","u_dut/gen_tmp_banks[2].u_kernel_tmp_bank/mem_reg_0_63_14_15/RAMC","RAMD64E","u_dut/gen_tmp_banks.u_kernel_tmp_bank/mem_reg_0_63_14_15/RAMC","2","0.279000000","1.424000000","1.703000000","0.836171462","SLICE_X72Y37","SLICE_X82Y56","","","SIGNATURE_SKIPPED|FDCE|RAMD64E","SIGNATURE_SKIPPED|FDCE|RAMD64E","DUT_INTERNAL","u_dut/vwrite_cmd_valid_q_reg","u_dut/temp_bank","0.030000000"
"u_dut/gen_tmp_banks[2].u_kernel_tmp_bank/mem_reg_0_63_14_15/RAMD/WE","u_dut/vwrite_cmd_valid_q_reg/C","-0.030000000","clk","clk","clk","u_dut/vwrite_cmd_valid_q_reg","FDCE","u_dut/vwrite_cmd_valid_q_reg","u_dut/gen_tmp_banks[2].u_kernel_tmp_bank/mem_reg_0_63_14_15/RAMD","RAMD64E","u_dut/gen_tmp_banks.u_kernel_tmp_bank/mem_reg_0_63_14_15/RAMD","2","0.279000000","1.424000000","1.703000000","0.836171462","SLICE_X72Y37","SLICE_X82Y56","","","SIGNATURE_SKIPPED|FDCE|RAMD64E","SIGNATURE_SKIPPED|FDCE|RAMD64E","DUT_INTERNAL","u_dut/vwrite_cmd_valid_q_reg","u_dut/temp_bank","0.030000000"
"u_dut/gen_tmp_banks[2].u_kernel_tmp_bank/mem_reg_0_63_7_13/RAMA/WE","u_dut/vwrite_cmd_valid_q_reg/C","-0.029000000","clk","clk","clk","u_dut/vwrite_cmd_valid_q_reg","FDCE","u_dut/vwrite_cmd_valid_q_reg","u_dut/gen_tmp_banks[2].u_kernel_tmp_bank/mem_reg_0_63_7_13/RAMA","RAMD64E","u_dut/gen_tmp_banks.u_kernel_tmp_bank/mem_reg_0_63_7_13/RAMA","2","0.279000000","1.402000000","1.681000000","0.834027365","SLICE_X72Y37","SLICE_X82Y30","","","SIGNATURE_SKIPPED|FDCE|RAMD64E","SIGNATURE_SKIPPED|FDCE|RAMD64E","DUT_INTERNAL","u_dut/vwrite_cmd_valid_q_reg","u_dut/temp_bank","0.029000000"
"u_dut/gen_tmp_banks[2].u_kernel_tmp_bank/mem_reg_0_63_7_13/RAMB/WE","u_dut/vwrite_cmd_valid_q_reg/C","-0.029000000","clk","clk","clk","u_dut/vwrite_cmd_valid_q_reg","FDCE","u_dut/vwrite_cmd_valid_q_reg","u_dut/gen_tmp_banks[2].u_kernel_tmp_bank/mem_reg_0_63_7_13/RAMB","RAMD64E","u_dut/gen_tmp_banks.u_kernel_tmp_bank/mem_reg_0_63_7_13/RAMB","2","0.279000000","1.402000000","1.681000000","0.834027365","SLICE_X72Y37","SLICE_X82Y30","","","SIGNATURE_SKIPPED|FDCE|RAMD64E","SIGNATURE_SKIPPED|FDCE|RAMD64E","DUT_INTERNAL","u_dut/vwrite_cmd_valid_q_reg","u_dut/temp_bank","0.029000000"
"u_dut/gen_tmp_banks[2].u_kernel_tmp_bank/mem_reg_0_63_7_13/RAMC/WE","u_dut/vwrite_cmd_valid_q_reg/C","-0.029000000","clk","clk","clk","u_dut/vwrite_cmd_valid_q_reg","FDCE","u_dut/vwrite_cmd_valid_q_reg","u_dut/gen_tmp_banks[2].u_kernel_tmp_bank/mem_reg_0_63_7_13/RAMC","RAMD64E","u_dut/gen_tmp_banks.u_kernel_tmp_bank/mem_reg_0_63_7_13/RAMC","2","0.279000000","1.402000000","1.681000000","0.834027365","SLICE_X72Y37","SLICE_X82Y30","","","SIGNATURE_SKIPPED|FDCE|RAMD64E","SIGNATURE_SKIPPED|FDCE|RAMD64E","DUT_INTERNAL","u_dut/vwrite_cmd_valid_q_reg","u_dut/temp_bank","0.029000000"
"u_dut/gen_tmp_banks[2].u_kernel_tmp_bank/mem_reg_0_63_7_13/RAMD/WE","u_dut/vwrite_cmd_valid_q_reg/C","-0.029000000","clk","clk","clk","u_dut/vwrite_cmd_valid_q_reg","FDCE","u_dut/vwrite_cmd_valid_q_reg","u_dut/gen_tmp_banks[2].u_kernel_tmp_bank/mem_reg_0_63_7_13/RAMD","RAMD64E","u_dut/gen_tmp_banks.u_kernel_tmp_bank/mem_reg_0_63_7_13/RAMD","2","0.279000000","1.402000000","1.681000000","0.834027365","SLICE_X72Y37","SLICE_X82Y30","","","SIGNATURE_SKIPPED|FDCE|RAMD64E","SIGNATURE_SKIPPED|FDCE|RAMD64E","DUT_INTERNAL","u_dut/vwrite_cmd_valid_q_reg","u_dut/temp_bank","0.029000000"
"u_dut/gen_tmp_banks[2].u_kernel_tmp_bank/mem_reg_0_63_7_13/RAME/WE","u_dut/vwrite_cmd_valid_q_reg/C","-0.029000000","clk","clk","clk","u_dut/vwrite_cmd_valid_q_reg","FDCE","u_dut/vwrite_cmd_valid_q_reg","u_dut/gen_tmp_banks[2].u_kernel_tmp_bank/mem_reg_0_63_7_13/RAME","RAMD64E","u_dut/gen_tmp_banks.u_kernel_tmp_bank/mem_reg_0_63_7_13/RAME","2","0.279000000","1.402000000","1.681000000","0.834027365","SLICE_X72Y37","SLICE_X82Y30","","","SIGNATURE_SKIPPED|FDCE|RAMD64E","SIGNATURE_SKIPPED|FDCE|RAMD64E","DUT_INTERNAL","u_dut/vwrite_cmd_valid_q_reg","u_dut/temp_bank","0.029000000"
"u_dut/gen_tmp_banks[2].u_kernel_tmp_bank/mem_reg_0_63_7_13/RAMF/WE","u_dut/vwrite_cmd_valid_q_reg/C","-0.029000000","clk","clk","clk","u_dut/vwrite_cmd_valid_q_reg","FDCE","u_dut/vwrite_cmd_valid_q_reg","u_dut/gen_tmp_banks[2].u_kernel_tmp_bank/mem_reg_0_63_7_13/RAMF","RAMD64E","u_dut/gen_tmp_banks.u_kernel_tmp_bank/mem_reg_0_63_7_13/RAMF","2","0.279000000","1.402000000","1.681000000","0.834027365","SLICE_X72Y37","SLICE_X82Y30","","","SIGNATURE_SKIPPED|FDCE|RAMD64E","SIGNATURE_SKIPPED|FDCE|RAMD64E","DUT_INTERNAL","u_dut/vwrite_cmd_valid_q_reg","u_dut/temp_bank","0.029000000"
"u_dut/gen_tmp_banks[2].u_kernel_tmp_bank/mem_reg_0_63_7_13/RAMG/WE","u_dut/vwrite_cmd_valid_q_reg/C","-0.029000000","clk","clk","clk","u_dut/vwrite_cmd_valid_q_reg","FDCE","u_dut/vwrite_cmd_valid_q_reg","u_dut/gen_tmp_banks[2].u_kernel_tmp_bank/mem_reg_0_63_7_13/RAMG","RAMD64E","u_dut/gen_tmp_banks.u_kernel_tmp_bank/mem_reg_0_63_7_13/RAMG","2","0.279000000","1.402000000","1.681000000","0.834027365","SLICE_X72Y37","SLICE_X82Y30","","","SIGNATURE_SKIPPED|FDCE|RAMD64E","SIGNATURE_SKIPPED|FDCE|RAMD64E","DUT_INTERNAL","u_dut/vwrite_cmd_valid_q_reg","u_dut/temp_bank","0.029000000"
"u_dut/gen_tmp_banks[2].u_kernel_tmp_bank/mem_reg_0_63_7_13/RAMH/WE","u_dut/vwrite_cmd_valid_q_reg/C","-0.029000000","clk","clk","clk","u_dut/vwrite_cmd_valid_q_reg","FDCE","u_dut/vwrite_cmd_valid_q_reg","u_dut/gen_tmp_banks[2].u_kernel_tmp_bank/mem_reg_0_63_7_13/RAMH","RAMD64E","u_dut/gen_tmp_banks.u_kernel_tmp_bank/mem_reg_0_63_7_13/RAMH","2","0.279000000","1.402000000","1.681000000","0.834027365","SLICE_X72Y37","SLICE_X82Y30","","","SIGNATURE_SKIPPED|FDCE|RAMD64E","SIGNATURE_SKIPPED|FDCE|RAMD64E","DUT_INTERNAL","u_dut/vwrite_cmd_valid_q_reg","u_dut/temp_bank","0.029000000"
"u_dut/gen_tmp_banks[2].u_kernel_tmp_bank/mem_reg_128_191_7_13/RAMA/WADR5","u_dut/vwrite_cmd_addr_q_reg[5]/C","-0.029000000","clk","clk","clk","u_dut/vwrite_cmd_addr_q_reg[5]","FDCE","u_dut/vwrite_cmd_addr_q_reg","u_dut/gen_tmp_banks[2].u_kernel_tmp_bank/mem_reg_128_191_7_13/RAMA","RAMD64E","u_dut/gen_tmp_banks.u_kernel_tmp_bank/mem_reg_128_191_7_13/RAMA","0","0.080000000","1.721000000","1.801000000","0.955580233","SLICE_X77Y36","SLICE_X89Y28","","","SIGNATURE_SKIPPED|FDCE|RAMD64E","SIGNATURE_SKIPPED|FDCE|RAMD64E","DUT_INTERNAL","u_dut/vwrite_cmd_addr_q_reg","u_dut/temp_bank","0.029000000"
"u_dut/gen_tmp_banks[2].u_kernel_tmp_bank/mem_reg_128_191_7_13/RAMB/WADR5","u_dut/vwrite_cmd_addr_q_reg[5]/C","-0.029000000","clk","clk","clk","u_dut/vwrite_cmd_addr_q_reg[5]","FDCE","u_dut/vwrite_cmd_addr_q_reg","u_dut/gen_tmp_banks[2].u_kernel_tmp_bank/mem_reg_128_191_7_13/RAMB","RAMD64E","u_dut/gen_tmp_banks.u_kernel_tmp_bank/mem_reg_128_191_7_13/RAMB","0","0.080000000","1.721000000","1.801000000","0.955580233","SLICE_X77Y36","SLICE_X89Y28","","","SIGNATURE_SKIPPED|FDCE|RAMD64E","SIGNATURE_SKIPPED|FDCE|RAMD64E","DUT_INTERNAL","u_dut/vwrite_cmd_addr_q_reg","u_dut/temp_bank","0.029000000"
"u_dut/gen_tmp_banks[2].u_kernel_tmp_bank/mem_reg_128_191_7_13/RAMC/WADR5","u_dut/vwrite_cmd_addr_q_reg[5]/C","-0.029000000","clk","clk","clk","u_dut/vwrite_cmd_addr_q_reg[5]","FDCE","u_dut/vwrite_cmd_addr_q_reg","u_dut/gen_tmp_banks[2].u_kernel_tmp_bank/mem_reg_128_191_7_13/RAMC","RAMD64E","u_dut/gen_tmp_banks.u_kernel_tmp_bank/mem_reg_128_191_7_13/RAMC","0","0.080000000","1.721000000","1.801000000","0.955580233","SLICE_X77Y36","SLICE_X89Y28","","","SIGNATURE_SKIPPED|FDCE|RAMD64E","SIGNATURE_SKIPPED|FDCE|RAMD64E","DUT_INTERNAL","u_dut/vwrite_cmd_addr_q_reg","u_dut/temp_bank","0.029000000"
"u_dut/gen_tmp_banks[2].u_kernel_tmp_bank/mem_reg_128_191_7_13/RAMD/WADR5","u_dut/vwrite_cmd_addr_q_reg[5]/C","-0.029000000","clk","clk","clk","u_dut/vwrite_cmd_addr_q_reg[5]","FDCE","u_dut/vwrite_cmd_addr_q_reg","u_dut/gen_tmp_banks[2].u_kernel_tmp_bank/mem_reg_128_191_7_13/RAMD","RAMD64E","u_dut/gen_tmp_banks.u_kernel_tmp_bank/mem_reg_128_191_7_13/RAMD","0","0.080000000","1.721000000","1.801000000","0.955580233","SLICE_X77Y36","SLICE_X89Y28","","","SIGNATURE_SKIPPED|FDCE|RAMD64E","SIGNATURE_SKIPPED|FDCE|RAMD64E","DUT_INTERNAL","u_dut/vwrite_cmd_addr_q_reg","u_dut/temp_bank","0.029000000"
"u_dut/gen_tmp_banks[2].u_kernel_tmp_bank/mem_reg_128_191_7_13/RAME/WADR5","u_dut/vwrite_cmd_addr_q_reg[5]/C","-0.029000000","clk","clk","clk","u_dut/vwrite_cmd_addr_q_reg[5]","FDCE","u_dut/vwrite_cmd_addr_q_reg","u_dut/gen_tmp_banks[2].u_kernel_tmp_bank/mem_reg_128_191_7_13/RAME","RAMD64E","u_dut/gen_tmp_banks.u_kernel_tmp_bank/mem_reg_128_191_7_13/RAME","0","0.080000000","1.721000000","1.801000000","0.955580233","SLICE_X77Y36","SLICE_X89Y28","","","SIGNATURE_SKIPPED|FDCE|RAMD64E","SIGNATURE_SKIPPED|FDCE|RAMD64E","DUT_INTERNAL","u_dut/vwrite_cmd_addr_q_reg","u_dut/temp_bank","0.029000000"
"u_dut/gen_tmp_banks[2].u_kernel_tmp_bank/mem_reg_128_191_7_13/RAMF/WADR5","u_dut/vwrite_cmd_addr_q_reg[5]/C","-0.029000000","clk","clk","clk","u_dut/vwrite_cmd_addr_q_reg[5]","FDCE","u_dut/vwrite_cmd_addr_q_reg","u_dut/gen_tmp_banks[2].u_kernel_tmp_bank/mem_reg_128_191_7_13/RAMF","RAMD64E","u_dut/gen_tmp_banks.u_kernel_tmp_bank/mem_reg_128_191_7_13/RAMF","0","0.080000000","1.721000000","1.801000000","0.955580233","SLICE_X77Y36","SLICE_X89Y28","","","SIGNATURE_SKIPPED|FDCE|RAMD64E","SIGNATURE_SKIPPED|FDCE|RAMD64E","DUT_INTERNAL","u_dut/vwrite_cmd_addr_q_reg","u_dut/temp_bank","0.029000000"
"u_dut/gen_tmp_banks[2].u_kernel_tmp_bank/mem_reg_128_191_7_13/RAMG/WADR5","u_dut/vwrite_cmd_addr_q_reg[5]/C","-0.029000000","clk","clk","clk","u_dut/vwrite_cmd_addr_q_reg[5]","FDCE","u_dut/vwrite_cmd_addr_q_reg","u_dut/gen_tmp_banks[2].u_kernel_tmp_bank/mem_reg_128_191_7_13/RAMG","RAMD64E","u_dut/gen_tmp_banks.u_kernel_tmp_bank/mem_reg_128_191_7_13/RAMG","0","0.080000000","1.721000000","1.801000000","0.955580233","SLICE_X77Y36","SLICE_X89Y28","","","SIGNATURE_SKIPPED|FDCE|RAMD64E","SIGNATURE_SKIPPED|FDCE|RAMD64E","DUT_INTERNAL","u_dut/vwrite_cmd_addr_q_reg","u_dut/temp_bank","0.029000000"
"u_dut/gen_tmp_banks[2].u_kernel_tmp_bank/mem_reg_128_191_7_13/RAMH/WADR5","u_dut/vwrite_cmd_addr_q_reg[5]/C","-0.029000000","clk","clk","clk","u_dut/vwrite_cmd_addr_q_reg[5]","FDCE","u_dut/vwrite_cmd_addr_q_reg","u_dut/gen_tmp_banks[2].u_kernel_tmp_bank/mem_reg_128_191_7_13/RAMH","RAMD64E","u_dut/gen_tmp_banks.u_kernel_tmp_bank/mem_reg_128_191_7_13/RAMH","0","0.080000000","1.721000000","1.801000000","0.955580233","SLICE_X77Y36","SLICE_X89Y28","","","SIGNATURE_SKIPPED|FDCE|RAMD64E","SIGNATURE_SKIPPED|FDCE|RAMD64E","DUT_INTERNAL","u_dut/vwrite_cmd_addr_q_reg","u_dut/temp_bank","0.029000000"
"u_dut/gen_tmp_banks[2].u_kernel_tmp_bank/mem_reg_256_319_0_6/RAMA/WADR5","u_dut/vwrite_cmd_addr_q_reg[5]/C","-0.022000000","clk","clk","clk","u_dut/vwrite_cmd_addr_q_reg[5]","FDCE","u_dut/vwrite_cmd_addr_q_reg","u_dut/gen_tmp_banks[2].u_kernel_tmp_bank/mem_reg_256_319_0_6/RAMA","RAMD64E","u_dut/gen_tmp_banks.u_kernel_tmp_bank/mem_reg_256_319_0_6/RAMA","0","0.080000000","1.711000000","1.791000000","0.955332217","SLICE_X77Y36","SLICE_X82Y23","","","SIGNATURE_SKIPPED|FDCE|RAMD64E","SIGNATURE_SKIPPED|FDCE|RAMD64E","DUT_INTERNAL","u_dut/vwrite_cmd_addr_q_reg","u_dut/temp_bank","0.022000000"
"u_dut/gen_tmp_banks[2].u_kernel_tmp_bank/mem_reg_256_319_0_6/RAMB/WADR5","u_dut/vwrite_cmd_addr_q_reg[5]/C","-0.022000000","clk","clk","clk","u_dut/vwrite_cmd_addr_q_reg[5]","FDCE","u_dut/vwrite_cmd_addr_q_reg","u_dut/gen_tmp_banks[2].u_kernel_tmp_bank/mem_reg_256_319_0_6/RAMB","RAMD64E","u_dut/gen_tmp_banks.u_kernel_tmp_bank/mem_reg_256_319_0_6/RAMB","0","0.080000000","1.711000000","1.791000000","0.955332217","SLICE_X77Y36","SLICE_X82Y23","","","SIGNATURE_SKIPPED|FDCE|RAMD64E","SIGNATURE_SKIPPED|FDCE|RAMD64E","DUT_INTERNAL","u_dut/vwrite_cmd_addr_q_reg","u_dut/temp_bank","0.022000000"
"u_dut/gen_tmp_banks[2].u_kernel_tmp_bank/mem_reg_256_319_0_6/RAMC/WADR5","u_dut/vwrite_cmd_addr_q_reg[5]/C","-0.022000000","clk","clk","clk","u_dut/vwrite_cmd_addr_q_reg[5]","FDCE","u_dut/vwrite_cmd_addr_q_reg","u_dut/gen_tmp_banks[2].u_kernel_tmp_bank/mem_reg_256_319_0_6/RAMC","RAMD64E","u_dut/gen_tmp_banks.u_kernel_tmp_bank/mem_reg_256_319_0_6/RAMC","0","0.080000000","1.711000000","1.791000000","0.955332217","SLICE_X77Y36","SLICE_X82Y23","","","SIGNATURE_SKIPPED|FDCE|RAMD64E","SIGNATURE_SKIPPED|FDCE|RAMD64E","DUT_INTERNAL","u_dut/vwrite_cmd_addr_q_reg","u_dut/temp_bank","0.022000000"
"u_dut/gen_tmp_banks[2].u_kernel_tmp_bank/mem_reg_256_319_0_6/RAMD/WADR5","u_dut/vwrite_cmd_addr_q_reg[5]/C","-0.022000000","clk","clk","clk","u_dut/vwrite_cmd_addr_q_reg[5]","FDCE","u_dut/vwrite_cmd_addr_q_reg","u_dut/gen_tmp_banks[2].u_kernel_tmp_bank/mem_reg_256_319_0_6/RAMD","RAMD64E","u_dut/gen_tmp_banks.u_kernel_tmp_bank/mem_reg_256_319_0_6/RAMD","0","0.080000000","1.711000000","1.791000000","0.955332217","SLICE_X77Y36","SLICE_X82Y23","","","SIGNATURE_SKIPPED|FDCE|RAMD64E","SIGNATURE_SKIPPED|FDCE|RAMD64E","DUT_INTERNAL","u_dut/vwrite_cmd_addr_q_reg","u_dut/temp_bank","0.022000000"
"u_dut/gen_tmp_banks[2].u_kernel_tmp_bank/mem_reg_256_319_0_6/RAME/WADR5","u_dut/vwrite_cmd_addr_q_reg[5]/C","-0.022000000","clk","clk","clk","u_dut/vwrite_cmd_addr_q_reg[5]","FDCE","u_dut/vwrite_cmd_addr_q_reg","u_dut/gen_tmp_banks[2].u_kernel_tmp_bank/mem_reg_256_319_0_6/RAME","RAMD64E","u_dut/gen_tmp_banks.u_kernel_tmp_bank/mem_reg_256_319_0_6/RAME","0","0.080000000","1.711000000","1.791000000","0.955332217","SLICE_X77Y36","SLICE_X82Y23","","","SIGNATURE_SKIPPED|FDCE|RAMD64E","SIGNATURE_SKIPPED|FDCE|RAMD64E","DUT_INTERNAL","u_dut/vwrite_cmd_addr_q_reg","u_dut/temp_bank","0.022000000"
"u_dut/gen_tmp_banks[2].u_kernel_tmp_bank/mem_reg_256_319_0_6/RAMF/WADR5","u_dut/vwrite_cmd_addr_q_reg[5]/C","-0.022000000","clk","clk","clk","u_dut/vwrite_cmd_addr_q_reg[5]","FDCE","u_dut/vwrite_cmd_addr_q_reg","u_dut/gen_tmp_banks[2].u_kernel_tmp_bank/mem_reg_256_319_0_6/RAMF","RAMD64E","u_dut/gen_tmp_banks.u_kernel_tmp_bank/mem_reg_256_319_0_6/RAMF","0","0.080000000","1.711000000","1.791000000","0.955332217","SLICE_X77Y36","SLICE_X82Y23","","","SIGNATURE_SKIPPED|FDCE|RAMD64E","SIGNATURE_SKIPPED|FDCE|RAMD64E","DUT_INTERNAL","u_dut/vwrite_cmd_addr_q_reg","u_dut/temp_bank","0.022000000"
"u_dut/gen_tmp_banks[2].u_kernel_tmp_bank/mem_reg_256_319_0_6/RAMG/WADR5","u_dut/vwrite_cmd_addr_q_reg[5]/C","-0.022000000","clk","clk","clk","u_dut/vwrite_cmd_addr_q_reg[5]","FDCE","u_dut/vwrite_cmd_addr_q_reg","u_dut/gen_tmp_banks[2].u_kernel_tmp_bank/mem_reg_256_319_0_6/RAMG","RAMD64E","u_dut/gen_tmp_banks.u_kernel_tmp_bank/mem_reg_256_319_0_6/RAMG","0","0.080000000","1.711000000","1.791000000","0.955332217","SLICE_X77Y36","SLICE_X82Y23","","","SIGNATURE_SKIPPED|FDCE|RAMD64E","SIGNATURE_SKIPPED|FDCE|RAMD64E","DUT_INTERNAL","u_dut/vwrite_cmd_addr_q_reg","u_dut/temp_bank","0.022000000"
"u_dut/gen_tmp_banks[2].u_kernel_tmp_bank/mem_reg_256_319_0_6/RAMH/WADR5","u_dut/vwrite_cmd_addr_q_reg[5]/C","-0.022000000","clk","clk","clk","u_dut/vwrite_cmd_addr_q_reg[5]","FDCE","u_dut/vwrite_cmd_addr_q_reg","u_dut/gen_tmp_banks[2].u_kernel_tmp_bank/mem_reg_256_319_0_6/RAMH","RAMD64E","u_dut/gen_tmp_banks.u_kernel_tmp_bank/mem_reg_256_319_0_6/RAMH","0","0.080000000","1.711000000","1.791000000","0.955332217","SLICE_X77Y36","SLICE_X82Y23","","","SIGNATURE_SKIPPED|FDCE|RAMD64E","SIGNATURE_SKIPPED|FDCE|RAMD64E","DUT_INTERNAL","u_dut/vwrite_cmd_addr_q_reg","u_dut/temp_bank","0.022000000"
"u_dut/gen_tmp_banks[2].u_kernel_tmp_bank/mem_reg_256_319_7_13/RAMA/WE","u_dut/vwrite_cmd_valid_q_reg/C","-0.072000000","clk","clk","clk","u_dut/vwrite_cmd_valid_q_reg","FDCE","u_dut/vwrite_cmd_valid_q_reg","u_dut/gen_tmp_banks[2].u_kernel_tmp_bank/mem_reg_256_319_7_13/RAMA","RAMD64E","u_dut/gen_tmp_banks.u_kernel_tmp_bank/mem_reg_256_319_7_13/RAMA","2","0.278000000","1.463000000","1.741000000","0.840321654","SLICE_X72Y37","SLICE_X89Y23","","","SIGNATURE_SKIPPED|FDCE|RAMD64E","SIGNATURE_SKIPPED|FDCE|RAMD64E","DUT_INTERNAL","u_dut/vwrite_cmd_valid_q_reg","u_dut/temp_bank","0.072000000"
"u_dut/gen_tmp_banks[2].u_kernel_tmp_bank/mem_reg_256_319_7_13/RAMB/WE","u_dut/vwrite_cmd_valid_q_reg/C","-0.072000000","clk","clk","clk","u_dut/vwrite_cmd_valid_q_reg","FDCE","u_dut/vwrite_cmd_valid_q_reg","u_dut/gen_tmp_banks[2].u_kernel_tmp_bank/mem_reg_256_319_7_13/RAMB","RAMD64E","u_dut/gen_tmp_banks.u_kernel_tmp_bank/mem_reg_256_319_7_13/RAMB","2","0.278000000","1.463000000","1.741000000","0.840321654","SLICE_X72Y37","SLICE_X89Y23","","","SIGNATURE_SKIPPED|FDCE|RAMD64E","SIGNATURE_SKIPPED|FDCE|RAMD64E","DUT_INTERNAL","u_dut/vwrite_cmd_valid_q_reg","u_dut/temp_bank","0.072000000"
"u_dut/gen_tmp_banks[2].u_kernel_tmp_bank/mem_reg_256_319_7_13/RAMC/WE","u_dut/vwrite_cmd_valid_q_reg/C","-0.072000000","clk","clk","clk","u_dut/vwrite_cmd_valid_q_reg","FDCE","u_dut/vwrite_cmd_valid_q_reg","u_dut/gen_tmp_banks[2].u_kernel_tmp_bank/mem_reg_256_319_7_13/RAMC","RAMD64E","u_dut/gen_tmp_banks.u_kernel_tmp_bank/mem_reg_256_319_7_13/RAMC","2","0.278000000","1.463000000","1.741000000","0.840321654","SLICE_X72Y37","SLICE_X89Y23","","","SIGNATURE_SKIPPED|FDCE|RAMD64E","SIGNATURE_SKIPPED|FDCE|RAMD64E","DUT_INTERNAL","u_dut/vwrite_cmd_valid_q_reg","u_dut/temp_bank","0.072000000"
"u_dut/gen_tmp_banks[2].u_kernel_tmp_bank/mem_reg_256_319_7_13/RAMD/WE","u_dut/vwrite_cmd_valid_q_reg/C","-0.072000000","clk","clk","clk","u_dut/vwrite_cmd_valid_q_reg","FDCE","u_dut/vwrite_cmd_valid_q_reg","u_dut/gen_tmp_banks[2].u_kernel_tmp_bank/mem_reg_256_319_7_13/RAMD","RAMD64E","u_dut/gen_tmp_banks.u_kernel_tmp_bank/mem_reg_256_319_7_13/RAMD","2","0.278000000","1.463000000","1.741000000","0.840321654","SLICE_X72Y37","SLICE_X89Y23","","","SIGNATURE_SKIPPED|FDCE|RAMD64E","SIGNATURE_SKIPPED|FDCE|RAMD64E","DUT_INTERNAL","u_dut/vwrite_cmd_valid_q_reg","u_dut/temp_bank","0.072000000"
"u_dut/gen_tmp_banks[2].u_kernel_tmp_bank/mem_reg_256_319_7_13/RAME/WE","u_dut/vwrite_cmd_valid_q_reg/C","-0.072000000","clk","clk","clk","u_dut/vwrite_cmd_valid_q_reg","FDCE","u_dut/vwrite_cmd_valid_q_reg","u_dut/gen_tmp_banks[2].u_kernel_tmp_bank/mem_reg_256_319_7_13/RAME","RAMD64E","u_dut/gen_tmp_banks.u_kernel_tmp_bank/mem_reg_256_319_7_13/RAME","2","0.278000000","1.463000000","1.741000000","0.840321654","SLICE_X72Y37","SLICE_X89Y23","","","SIGNATURE_SKIPPED|FDCE|RAMD64E","SIGNATURE_SKIPPED|FDCE|RAMD64E","DUT_INTERNAL","u_dut/vwrite_cmd_valid_q_reg","u_dut/temp_bank","0.072000000"
"u_dut/gen_tmp_banks[2].u_kernel_tmp_bank/mem_reg_256_319_7_13/RAMF/WE","u_dut/vwrite_cmd_valid_q_reg/C","-0.072000000","clk","clk","clk","u_dut/vwrite_cmd_valid_q_reg","FDCE","u_dut/vwrite_cmd_valid_q_reg","u_dut/gen_tmp_banks[2].u_kernel_tmp_bank/mem_reg_256_319_7_13/RAMF","RAMD64E","u_dut/gen_tmp_banks.u_kernel_tmp_bank/mem_reg_256_319_7_13/RAMF","2","0.278000000","1.463000000","1.741000000","0.840321654","SLICE_X72Y37","SLICE_X89Y23","","","SIGNATURE_SKIPPED|FDCE|RAMD64E","SIGNATURE_SKIPPED|FDCE|RAMD64E","DUT_INTERNAL","u_dut/vwrite_cmd_valid_q_reg","u_dut/temp_bank","0.072000000"
"u_dut/gen_tmp_banks[2].u_kernel_tmp_bank/mem_reg_256_319_7_13/RAMG/WE","u_dut/vwrite_cmd_valid_q_reg/C","-0.072000000","clk","clk","clk","u_dut/vwrite_cmd_valid_q_reg","FDCE","u_dut/vwrite_cmd_valid_q_reg","u_dut/gen_tmp_banks[2].u_kernel_tmp_bank/mem_reg_256_319_7_13/RAMG","RAMD64E","u_dut/gen_tmp_banks.u_kernel_tmp_bank/mem_reg_256_319_7_13/RAMG","2","0.278000000","1.463000000","1.741000000","0.840321654","SLICE_X72Y37","SLICE_X89Y23","","","SIGNATURE_SKIPPED|FDCE|RAMD64E","SIGNATURE_SKIPPED|FDCE|RAMD64E","DUT_INTERNAL","u_dut/vwrite_cmd_valid_q_reg","u_dut/temp_bank","0.072000000"
"u_dut/gen_tmp_banks[2].u_kernel_tmp_bank/mem_reg_256_319_7_13/RAMH/WE","u_dut/vwrite_cmd_valid_q_reg/C","-0.072000000","clk","clk","clk","u_dut/vwrite_cmd_valid_q_reg","FDCE","u_dut/vwrite_cmd_valid_q_reg","u_dut/gen_tmp_banks[2].u_kernel_tmp_bank/mem_reg_256_319_7_13/RAMH","RAMD64E","u_dut/gen_tmp_banks.u_kernel_tmp_bank/mem_reg_256_319_7_13/RAMH","2","0.278000000","1.463000000","1.741000000","0.840321654","SLICE_X72Y37","SLICE_X89Y23","","","SIGNATURE_SKIPPED|FDCE|RAMD64E","SIGNATURE_SKIPPED|FDCE|RAMD64E","DUT_INTERNAL","u_dut/vwrite_cmd_valid_q_reg","u_dut/temp_bank","0.072000000"
"u_dut/gen_tmp_banks[2].u_kernel_tmp_bank/mem_reg_320_383_7_13/RAMA/WE","u_dut/vwrite_cmd_valid_q_reg/C","-0.001000000","clk","clk","clk","u_dut/vwrite_cmd_valid_q_reg","FDCE","u_dut/vwrite_cmd_valid_q_reg","u_dut/gen_tmp_banks[2].u_kernel_tmp_bank/mem_reg_320_383_7_13/RAMA","RAMD64E","u_dut/gen_tmp_banks.u_kernel_tmp_bank/mem_reg_320_383_7_13/RAMA","2","0.318000000","1.406000000","1.724000000","0.815545244","SLICE_X72Y37","SLICE_X86Y19","","","SIGNATURE_SKIPPED|FDCE|RAMD64E","SIGNATURE_SKIPPED|FDCE|RAMD64E","DUT_INTERNAL","u_dut/vwrite_cmd_valid_q_reg","u_dut/temp_bank","0.001000000"
"u_dut/gen_tmp_banks[2].u_kernel_tmp_bank/mem_reg_320_383_7_13/RAMB/WE","u_dut/vwrite_cmd_valid_q_reg/C","-0.001000000","clk","clk","clk","u_dut/vwrite_cmd_valid_q_reg","FDCE","u_dut/vwrite_cmd_valid_q_reg","u_dut/gen_tmp_banks[2].u_kernel_tmp_bank/mem_reg_320_383_7_13/RAMB","RAMD64E","u_dut/gen_tmp_banks.u_kernel_tmp_bank/mem_reg_320_383_7_13/RAMB","2","0.318000000","1.406000000","1.724000000","0.815545244","SLICE_X72Y37","SLICE_X86Y19","","","SIGNATURE_SKIPPED|FDCE|RAMD64E","SIGNATURE_SKIPPED|FDCE|RAMD64E","DUT_INTERNAL","u_dut/vwrite_cmd_valid_q_reg","u_dut/temp_bank","0.001000000"
"u_dut/gen_tmp_banks[2].u_kernel_tmp_bank/mem_reg_320_383_7_13/RAMC/WE","u_dut/vwrite_cmd_valid_q_reg/C","-0.001000000","clk","clk","clk","u_dut/vwrite_cmd_valid_q_reg","FDCE","u_dut/vwrite_cmd_valid_q_reg","u_dut/gen_tmp_banks[2].u_kernel_tmp_bank/mem_reg_320_383_7_13/RAMC","RAMD64E","u_dut/gen_tmp_banks.u_kernel_tmp_bank/mem_reg_320_383_7_13/RAMC","2","0.318000000","1.406000000","1.724000000","0.815545244","SLICE_X72Y37","SLICE_X86Y19","","","SIGNATURE_SKIPPED|FDCE|RAMD64E","SIGNATURE_SKIPPED|FDCE|RAMD64E","DUT_INTERNAL","u_dut/vwrite_cmd_valid_q_reg","u_dut/temp_bank","0.001000000"
"u_dut/gen_tmp_banks[2].u_kernel_tmp_bank/mem_reg_320_383_7_13/RAMD/WE","u_dut/vwrite_cmd_valid_q_reg/C","-0.001000000","clk","clk","clk","u_dut/vwrite_cmd_valid_q_reg","FDCE","u_dut/vwrite_cmd_valid_q_reg","u_dut/gen_tmp_banks[2].u_kernel_tmp_bank/mem_reg_320_383_7_13/RAMD","RAMD64E","u_dut/gen_tmp_banks.u_kernel_tmp_bank/mem_reg_320_383_7_13/RAMD","2","0.318000000","1.406000000","1.724000000","0.815545244","SLICE_X72Y37","SLICE_X86Y19","","","SIGNATURE_SKIPPED|FDCE|RAMD64E","SIGNATURE_SKIPPED|FDCE|RAMD64E","DUT_INTERNAL","u_dut/vwrite_cmd_valid_q_reg","u_dut/temp_bank","0.001000000"
"u_dut/gen_tmp_banks[2].u_kernel_tmp_bank/mem_reg_320_383_7_13/RAME/WE","u_dut/vwrite_cmd_valid_q_reg/C","-0.001000000","clk","clk","clk","u_dut/vwrite_cmd_valid_q_reg","FDCE","u_dut/vwrite_cmd_valid_q_reg","u_dut/gen_tmp_banks[2].u_kernel_tmp_bank/mem_reg_320_383_7_13/RAME","RAMD64E","u_dut/gen_tmp_banks.u_kernel_tmp_bank/mem_reg_320_383_7_13/RAME","2","0.318000000","1.406000000","1.724000000","0.815545244","SLICE_X72Y37","SLICE_X86Y19","","","SIGNATURE_SKIPPED|FDCE|RAMD64E","SIGNATURE_SKIPPED|FDCE|RAMD64E","DUT_INTERNAL","u_dut/vwrite_cmd_valid_q_reg","u_dut/temp_bank","0.001000000"
"u_dut/gen_tmp_banks[2].u_kernel_tmp_bank/mem_reg_320_383_7_13/RAMF/WE","u_dut/vwrite_cmd_valid_q_reg/C","-0.001000000","clk","clk","clk","u_dut/vwrite_cmd_valid_q_reg","FDCE","u_dut/vwrite_cmd_valid_q_reg","u_dut/gen_tmp_banks[2].u_kernel_tmp_bank/mem_reg_320_383_7_13/RAMF","RAMD64E","u_dut/gen_tmp_banks.u_kernel_tmp_bank/mem_reg_320_383_7_13/RAMF","2","0.318000000","1.406000000","1.724000000","0.815545244","SLICE_X72Y37","SLICE_X86Y19","","","SIGNATURE_SKIPPED|FDCE|RAMD64E","SIGNATURE_SKIPPED|FDCE|RAMD64E","DUT_INTERNAL","u_dut/vwrite_cmd_valid_q_reg","u_dut/temp_bank","0.001000000"
"u_dut/gen_tmp_banks[2].u_kernel_tmp_bank/mem_reg_320_383_7_13/RAMG/WE","u_dut/vwrite_cmd_valid_q_reg/C","-0.001000000","clk","clk","clk","u_dut/vwrite_cmd_valid_q_reg","FDCE","u_dut/vwrite_cmd_valid_q_reg","u_dut/gen_tmp_banks[2].u_kernel_tmp_bank/mem_reg_320_383_7_13/RAMG","RAMD64E","u_dut/gen_tmp_banks.u_kernel_tmp_bank/mem_reg_320_383_7_13/RAMG","2","0.318000000","1.406000000","1.724000000","0.815545244","SLICE_X72Y37","SLICE_X86Y19","","","SIGNATURE_SKIPPED|FDCE|RAMD64E","SIGNATURE_SKIPPED|FDCE|RAMD64E","DUT_INTERNAL","u_dut/vwrite_cmd_valid_q_reg","u_dut/temp_bank","0.001000000"
"u_dut/gen_tmp_banks[2].u_kernel_tmp_bank/mem_reg_320_383_7_13/RAMH/WE","u_dut/vwrite_cmd_valid_q_reg/C","-0.001000000","clk","clk","clk","u_dut/vwrite_cmd_valid_q_reg","FDCE","u_dut/vwrite_cmd_valid_q_reg","u_dut/gen_tmp_banks[2].u_kernel_tmp_bank/mem_reg_320_383_7_13/RAMH","RAMD64E","u_dut/gen_tmp_banks.u_kernel_tmp_bank/mem_reg_320_383_7_13/RAMH","2","0.318000000","1.406000000","1.724000000","0.815545244","SLICE_X72Y37","SLICE_X86Y19","","","SIGNATURE_SKIPPED|FDCE|RAMD64E","SIGNATURE_SKIPPED|FDCE|RAMD64E","DUT_INTERNAL","u_dut/vwrite_cmd_valid_q_reg","u_dut/temp_bank","0.001000000"
"u_dut/gen_tmp_banks[2].u_kernel_tmp_bank/mem_reg_448_511_0_6/RAMA/WE","u_dut/vwrite_cmd_valid_q_reg/C","-0.014000000","clk","clk","clk","u_dut/vwrite_cmd_valid_q_reg","FDCE","u_dut/vwrite_cmd_valid_q_reg","u_dut/gen_tmp_banks[2].u_kernel_tmp_bank/mem_reg_448_511_0_6/RAMA","RAMD64E","u_dut/gen_tmp_banks.u_kernel_tmp_bank/mem_reg_448_511_0_6/RAMA","2","0.316000000","1.358000000","1.674000000","0.811230585","SLICE_X72Y37","SLICE_X82Y26","","","SIGNATURE_SKIPPED|FDCE|RAMD64E","SIGNATURE_SKIPPED|FDCE|RAMD64E","DUT_INTERNAL","u_dut/vwrite_cmd_valid_q_reg","u_dut/temp_bank","0.014000000"
"u_dut/gen_tmp_banks[2].u_kernel_tmp_bank/mem_reg_448_511_0_6/RAMB/WE","u_dut/vwrite_cmd_valid_q_reg/C","-0.014000000","clk","clk","clk","u_dut/vwrite_cmd_valid_q_reg","FDCE","u_dut/vwrite_cmd_valid_q_reg","u_dut/gen_tmp_banks[2].u_kernel_tmp_bank/mem_reg_448_511_0_6/RAMB","RAMD64E","u_dut/gen_tmp_banks.u_kernel_tmp_bank/mem_reg_448_511_0_6/RAMB","2","0.316000000","1.358000000","1.674000000","0.811230585","SLICE_X72Y37","SLICE_X82Y26","","","SIGNATURE_SKIPPED|FDCE|RAMD64E","SIGNATURE_SKIPPED|FDCE|RAMD64E","DUT_INTERNAL","u_dut/vwrite_cmd_valid_q_reg","u_dut/temp_bank","0.014000000"
"u_dut/gen_tmp_banks[2].u_kernel_tmp_bank/mem_reg_448_511_0_6/RAMC/WE","u_dut/vwrite_cmd_valid_q_reg/C","-0.014000000","clk","clk","clk","u_dut/vwrite_cmd_valid_q_reg","FDCE","u_dut/vwrite_cmd_valid_q_reg","u_dut/gen_tmp_banks[2].u_kernel_tmp_bank/mem_reg_448_511_0_6/RAMC","RAMD64E","u_dut/gen_tmp_banks.u_kernel_tmp_bank/mem_reg_448_511_0_6/RAMC","2","0.316000000","1.358000000","1.674000000","0.811230585","SLICE_X72Y37","SLICE_X82Y26","","","SIGNATURE_SKIPPED|FDCE|RAMD64E","SIGNATURE_SKIPPED|FDCE|RAMD64E","DUT_INTERNAL","u_dut/vwrite_cmd_valid_q_reg","u_dut/temp_bank","0.014000000"
"u_dut/gen_tmp_banks[2].u_kernel_tmp_bank/mem_reg_448_511_0_6/RAMD/WE","u_dut/vwrite_cmd_valid_q_reg/C","-0.014000000","clk","clk","clk","u_dut/vwrite_cmd_valid_q_reg","FDCE","u_dut/vwrite_cmd_valid_q_reg","u_dut/gen_tmp_banks[2].u_kernel_tmp_bank/mem_reg_448_511_0_6/RAMD","RAMD64E","u_dut/gen_tmp_banks.u_kernel_tmp_bank/mem_reg_448_511_0_6/RAMD","2","0.316000000","1.358000000","1.674000000","0.811230585","SLICE_X72Y37","SLICE_X82Y26","","","SIGNATURE_SKIPPED|FDCE|RAMD64E","SIGNATURE_SKIPPED|FDCE|RAMD64E","DUT_INTERNAL","u_dut/vwrite_cmd_valid_q_reg","u_dut/temp_bank","0.014000000"
"u_dut/gen_tmp_banks[2].u_kernel_tmp_bank/mem_reg_448_511_0_6/RAME/WE","u_dut/vwrite_cmd_valid_q_reg/C","-0.014000000","clk","clk","clk","u_dut/vwrite_cmd_valid_q_reg","FDCE","u_dut/vwrite_cmd_valid_q_reg","u_dut/gen_tmp_banks[2].u_kernel_tmp_bank/mem_reg_448_511_0_6/RAME","RAMD64E","u_dut/gen_tmp_banks.u_kernel_tmp_bank/mem_reg_448_511_0_6/RAME","2","0.316000000","1.358000000","1.674000000","0.811230585","SLICE_X72Y37","SLICE_X82Y26","","","SIGNATURE_SKIPPED|FDCE|RAMD64E","SIGNATURE_SKIPPED|FDCE|RAMD64E","DUT_INTERNAL","u_dut/vwrite_cmd_valid_q_reg","u_dut/temp_bank","0.014000000"
"u_dut/gen_tmp_banks[2].u_kernel_tmp_bank/mem_reg_448_511_0_6/RAMF/WE","u_dut/vwrite_cmd_valid_q_reg/C","-0.014000000","clk","clk","clk","u_dut/vwrite_cmd_valid_q_reg","FDCE","u_dut/vwrite_cmd_valid_q_reg","u_dut/gen_tmp_banks[2].u_kernel_tmp_bank/mem_reg_448_511_0_6/RAMF","RAMD64E","u_dut/gen_tmp_banks.u_kernel_tmp_bank/mem_reg_448_511_0_6/RAMF","2","0.316000000","1.358000000","1.674000000","0.811230585","SLICE_X72Y37","SLICE_X82Y26","","","SIGNATURE_SKIPPED|FDCE|RAMD64E","SIGNATURE_SKIPPED|FDCE|RAMD64E","DUT_INTERNAL","u_dut/vwrite_cmd_valid_q_reg","u_dut/temp_bank","0.014000000"
"u_dut/gen_tmp_banks[2].u_kernel_tmp_bank/mem_reg_448_511_0_6/RAMG/WE","u_dut/vwrite_cmd_valid_q_reg/C","-0.014000000","clk","clk","clk","u_dut/vwrite_cmd_valid_q_reg","FDCE","u_dut/vwrite_cmd_valid_q_reg","u_dut/gen_tmp_banks[2].u_kernel_tmp_bank/mem_reg_448_511_0_6/RAMG","RAMD64E","u_dut/gen_tmp_banks.u_kernel_tmp_bank/mem_reg_448_511_0_6/RAMG","2","0.316000000","1.358000000","1.674000000","0.811230585","SLICE_X72Y37","SLICE_X82Y26","","","SIGNATURE_SKIPPED|FDCE|RAMD64E","SIGNATURE_SKIPPED|FDCE|RAMD64E","DUT_INTERNAL","u_dut/vwrite_cmd_valid_q_reg","u_dut/temp_bank","0.014000000"
"u_dut/gen_tmp_banks[2].u_kernel_tmp_bank/mem_reg_448_511_0_6/RAMH/WE","u_dut/vwrite_cmd_valid_q_reg/C","-0.014000000","clk","clk","clk","u_dut/vwrite_cmd_valid_q_reg","FDCE","u_dut/vwrite_cmd_valid_q_reg","u_dut/gen_tmp_banks[2].u_kernel_tmp_bank/mem_reg_448_511_0_6/RAMH","RAMD64E","u_dut/gen_tmp_banks.u_kernel_tmp_bank/mem_reg_448_511_0_6/RAMH","2","0.316000000","1.358000000","1.674000000","0.811230585","SLICE_X72Y37","SLICE_X82Y26","","","SIGNATURE_SKIPPED|FDCE|RAMD64E","SIGNATURE_SKIPPED|FDCE|RAMD64E","DUT_INTERNAL","u_dut/vwrite_cmd_valid_q_reg","u_dut/temp_bank","0.014000000"
"u_dut/gen_tmp_banks[2].u_kernel_tmp_bank/mem_reg_448_511_7_13/RAMA/WE","u_dut/vwrite_cmd_valid_q_reg/C","-0.060000000","clk","clk","clk","u_dut/vwrite_cmd_valid_q_reg","FDCE","u_dut/vwrite_cmd_valid_q_reg","u_dut/gen_tmp_banks[2].u_kernel_tmp_bank/mem_reg_448_511_7_13/RAMA","RAMD64E","u_dut/gen_tmp_banks.u_kernel_tmp_bank/mem_reg_448_511_7_13/RAMA","2","0.316000000","1.413000000","1.729000000","0.817235396","SLICE_X72Y37","SLICE_X89Y26","","","SIGNATURE_SKIPPED|FDCE|RAMD64E","SIGNATURE_SKIPPED|FDCE|RAMD64E","DUT_INTERNAL","u_dut/vwrite_cmd_valid_q_reg","u_dut/temp_bank","0.060000000"
"u_dut/gen_tmp_banks[2].u_kernel_tmp_bank/mem_reg_448_511_7_13/RAMB/WE","u_dut/vwrite_cmd_valid_q_reg/C","-0.060000000","clk","clk","clk","u_dut/vwrite_cmd_valid_q_reg","FDCE","u_dut/vwrite_cmd_valid_q_reg","u_dut/gen_tmp_banks[2].u_kernel_tmp_bank/mem_reg_448_511_7_13/RAMB","RAMD64E","u_dut/gen_tmp_banks.u_kernel_tmp_bank/mem_reg_448_511_7_13/RAMB","2","0.316000000","1.413000000","1.729000000","0.817235396","SLICE_X72Y37","SLICE_X89Y26","","","SIGNATURE_SKIPPED|FDCE|RAMD64E","SIGNATURE_SKIPPED|FDCE|RAMD64E","DUT_INTERNAL","u_dut/vwrite_cmd_valid_q_reg","u_dut/temp_bank","0.060000000"
"u_dut/gen_tmp_banks[2].u_kernel_tmp_bank/mem_reg_448_511_7_13/RAMC/WE","u_dut/vwrite_cmd_valid_q_reg/C","-0.060000000","clk","clk","clk","u_dut/vwrite_cmd_valid_q_reg","FDCE","u_dut/vwrite_cmd_valid_q_reg","u_dut/gen_tmp_banks[2].u_kernel_tmp_bank/mem_reg_448_511_7_13/RAMC","RAMD64E","u_dut/gen_tmp_banks.u_kernel_tmp_bank/mem_reg_448_511_7_13/RAMC","2","0.316000000","1.413000000","1.729000000","0.817235396","SLICE_X72Y37","SLICE_X89Y26","","","SIGNATURE_SKIPPED|FDCE|RAMD64E","SIGNATURE_SKIPPED|FDCE|RAMD64E","DUT_INTERNAL","u_dut/vwrite_cmd_valid_q_reg","u_dut/temp_bank","0.060000000"
"u_dut/gen_tmp_banks[2].u_kernel_tmp_bank/mem_reg_448_511_7_13/RAMD/WE","u_dut/vwrite_cmd_valid_q_reg/C","-0.060000000","clk","clk","clk","u_dut/vwrite_cmd_valid_q_reg","FDCE","u_dut/vwrite_cmd_valid_q_reg","u_dut/gen_tmp_banks[2].u_kernel_tmp_bank/mem_reg_448_511_7_13/RAMD","RAMD64E","u_dut/gen_tmp_banks.u_kernel_tmp_bank/mem_reg_448_511_7_13/RAMD","2","0.316000000","1.413000000","1.729000000","0.817235396","SLICE_X72Y37","SLICE_X89Y26","","","SIGNATURE_SKIPPED|FDCE|RAMD64E","SIGNATURE_SKIPPED|FDCE|RAMD64E","DUT_INTERNAL","u_dut/vwrite_cmd_valid_q_reg","u_dut/temp_bank","0.060000000"
"u_dut/gen_tmp_banks[2].u_kernel_tmp_bank/mem_reg_448_511_7_13/RAME/WE","u_dut/vwrite_cmd_valid_q_reg/C","-0.060000000","clk","clk","clk","u_dut/vwrite_cmd_valid_q_reg","FDCE","u_dut/vwrite_cmd_valid_q_reg","u_dut/gen_tmp_banks[2].u_kernel_tmp_bank/mem_reg_448_511_7_13/RAME","RAMD64E","u_dut/gen_tmp_banks.u_kernel_tmp_bank/mem_reg_448_511_7_13/RAME","2","0.316000000","1.413000000","1.729000000","0.817235396","SLICE_X72Y37","SLICE_X89Y26","","","SIGNATURE_SKIPPED|FDCE|RAMD64E","SIGNATURE_SKIPPED|FDCE|RAMD64E","DUT_INTERNAL","u_dut/vwrite_cmd_valid_q_reg","u_dut/temp_bank","0.060000000"
"u_dut/gen_tmp_banks[2].u_kernel_tmp_bank/mem_reg_448_511_7_13/RAMF/WE","u_dut/vwrite_cmd_valid_q_reg/C","-0.060000000","clk","clk","clk","u_dut/vwrite_cmd_valid_q_reg","FDCE","u_dut/vwrite_cmd_valid_q_reg","u_dut/gen_tmp_banks[2].u_kernel_tmp_bank/mem_reg_448_511_7_13/RAMF","RAMD64E","u_dut/gen_tmp_banks.u_kernel_tmp_bank/mem_reg_448_511_7_13/RAMF","2","0.316000000","1.413000000","1.729000000","0.817235396","SLICE_X72Y37","SLICE_X89Y26","","","SIGNATURE_SKIPPED|FDCE|RAMD64E","SIGNATURE_SKIPPED|FDCE|RAMD64E","DUT_INTERNAL","u_dut/vwrite_cmd_valid_q_reg","u_dut/temp_bank","0.060000000"
"u_dut/gen_tmp_banks[2].u_kernel_tmp_bank/mem_reg_448_511_7_13/RAMG/WE","u_dut/vwrite_cmd_valid_q_reg/C","-0.060000000","clk","clk","clk","u_dut/vwrite_cmd_valid_q_reg","FDCE","u_dut/vwrite_cmd_valid_q_reg","u_dut/gen_tmp_banks[2].u_kernel_tmp_bank/mem_reg_448_511_7_13/RAMG","RAMD64E","u_dut/gen_tmp_banks.u_kernel_tmp_bank/mem_reg_448_511_7_13/RAMG","2","0.316000000","1.413000000","1.729000000","0.817235396","SLICE_X72Y37","SLICE_X89Y26","","","SIGNATURE_SKIPPED|FDCE|RAMD64E","SIGNATURE_SKIPPED|FDCE|RAMD64E","DUT_INTERNAL","u_dut/vwrite_cmd_valid_q_reg","u_dut/temp_bank","0.060000000"
"u_dut/gen_tmp_banks[2].u_kernel_tmp_bank/mem_reg_448_511_7_13/RAMH/WE","u_dut/vwrite_cmd_valid_q_reg/C","-0.060000000","clk","clk","clk","u_dut/vwrite_cmd_valid_q_reg","FDCE","u_dut/vwrite_cmd_valid_q_reg","u_dut/gen_tmp_banks[2].u_kernel_tmp_bank/mem_reg_448_511_7_13/RAMH","RAMD64E","u_dut/gen_tmp_banks.u_kernel_tmp_bank/mem_reg_448_511_7_13/RAMH","2","0.316000000","1.413000000","1.729000000","0.817235396","SLICE_X72Y37","SLICE_X89Y26","","","SIGNATURE_SKIPPED|FDCE|RAMD64E","SIGNATURE_SKIPPED|FDCE|RAMD64E","DUT_INTERNAL","u_dut/vwrite_cmd_valid_q_reg","u_dut/temp_bank","0.060000000"
"u_dut/gen_tmp_banks[2].u_kernel_tmp_bank/mem_reg_512_575_0_6/RAMA/WE","u_dut/vwrite_cmd_valid_q_reg/C","-0.007000000","clk","clk","clk","u_dut/vwrite_cmd_valid_q_reg","FDCE","u_dut/vwrite_cmd_valid_q_reg","u_dut/gen_tmp_banks[2].u_kernel_tmp_bank/mem_reg_512_575_0_6/RAMA","RAMD64E","u_dut/gen_tmp_banks.u_kernel_tmp_bank/mem_reg_512_575_0_6/RAMA","2","0.318000000","1.352000000","1.670000000","0.809580838","SLICE_X72Y37","SLICE_X82Y27","","","SIGNATURE_SKIPPED|FDCE|RAMD64E","SIGNATURE_SKIPPED|FDCE|RAMD64E","DUT_INTERNAL","u_dut/vwrite_cmd_valid_q_reg","u_dut/temp_bank","0.007000000"
"u_dut/gen_tmp_banks[2].u_kernel_tmp_bank/mem_reg_512_575_0_6/RAMB/WE","u_dut/vwrite_cmd_valid_q_reg/C","-0.007000000","clk","clk","clk","u_dut/vwrite_cmd_valid_q_reg","FDCE","u_dut/vwrite_cmd_valid_q_reg","u_dut/gen_tmp_banks[2].u_kernel_tmp_bank/mem_reg_512_575_0_6/RAMB","RAMD64E","u_dut/gen_tmp_banks.u_kernel_tmp_bank/mem_reg_512_575_0_6/RAMB","2","0.318000000","1.352000000","1.670000000","0.809580838","SLICE_X72Y37","SLICE_X82Y27","","","SIGNATURE_SKIPPED|FDCE|RAMD64E","SIGNATURE_SKIPPED|FDCE|RAMD64E","DUT_INTERNAL","u_dut/vwrite_cmd_valid_q_reg","u_dut/temp_bank","0.007000000"
"u_dut/gen_tmp_banks[2].u_kernel_tmp_bank/mem_reg_512_575_0_6/RAMC/WE","u_dut/vwrite_cmd_valid_q_reg/C","-0.007000000","clk","clk","clk","u_dut/vwrite_cmd_valid_q_reg","FDCE","u_dut/vwrite_cmd_valid_q_reg","u_dut/gen_tmp_banks[2].u_kernel_tmp_bank/mem_reg_512_575_0_6/RAMC","RAMD64E","u_dut/gen_tmp_banks.u_kernel_tmp_bank/mem_reg_512_575_0_6/RAMC","2","0.318000000","1.352000000","1.670000000","0.809580838","SLICE_X72Y37","SLICE_X82Y27","","","SIGNATURE_SKIPPED|FDCE|RAMD64E","SIGNATURE_SKIPPED|FDCE|RAMD64E","DUT_INTERNAL","u_dut/vwrite_cmd_valid_q_reg","u_dut/temp_bank","0.007000000"
"u_dut/gen_tmp_banks[2].u_kernel_tmp_bank/mem_reg_512_575_0_6/RAMD/WE","u_dut/vwrite_cmd_valid_q_reg/C","-0.007000000","clk","clk","clk","u_dut/vwrite_cmd_valid_q_reg","FDCE","u_dut/vwrite_cmd_valid_q_reg","u_dut/gen_tmp_banks[2].u_kernel_tmp_bank/mem_reg_512_575_0_6/RAMD","RAMD64E","u_dut/gen_tmp_banks.u_kernel_tmp_bank/mem_reg_512_575_0_6/RAMD","2","0.318000000","1.352000000","1.670000000","0.809580838","SLICE_X72Y37","SLICE_X82Y27","","","SIGNATURE_SKIPPED|FDCE|RAMD64E","SIGNATURE_SKIPPED|FDCE|RAMD64E","DUT_INTERNAL","u_dut/vwrite_cmd_valid_q_reg","u_dut/temp_bank","0.007000000"
"u_dut/gen_tmp_banks[2].u_kernel_tmp_bank/mem_reg_512_575_0_6/RAME/WE","u_dut/vwrite_cmd_valid_q_reg/C","-0.007000000","clk","clk","clk","u_dut/vwrite_cmd_valid_q_reg","FDCE","u_dut/vwrite_cmd_valid_q_reg","u_dut/gen_tmp_banks[2].u_kernel_tmp_bank/mem_reg_512_575_0_6/RAME","RAMD64E","u_dut/gen_tmp_banks.u_kernel_tmp_bank/mem_reg_512_575_0_6/RAME","2","0.318000000","1.352000000","1.670000000","0.809580838","SLICE_X72Y37","SLICE_X82Y27","","","SIGNATURE_SKIPPED|FDCE|RAMD64E","SIGNATURE_SKIPPED|FDCE|RAMD64E","DUT_INTERNAL","u_dut/vwrite_cmd_valid_q_reg","u_dut/temp_bank","0.007000000"
"u_dut/gen_tmp_banks[2].u_kernel_tmp_bank/mem_reg_512_575_0_6/RAMF/WE","u_dut/vwrite_cmd_valid_q_reg/C","-0.007000000","clk","clk","clk","u_dut/vwrite_cmd_valid_q_reg","FDCE","u_dut/vwrite_cmd_valid_q_reg","u_dut/gen_tmp_banks[2].u_kernel_tmp_bank/mem_reg_512_575_0_6/RAMF","RAMD64E","u_dut/gen_tmp_banks.u_kernel_tmp_bank/mem_reg_512_575_0_6/RAMF","2","0.318000000","1.352000000","1.670000000","0.809580838","SLICE_X72Y37","SLICE_X82Y27","","","SIGNATURE_SKIPPED|FDCE|RAMD64E","SIGNATURE_SKIPPED|FDCE|RAMD64E","DUT_INTERNAL","u_dut/vwrite_cmd_valid_q_reg","u_dut/temp_bank","0.007000000"
"u_dut/gen_tmp_banks[2].u_kernel_tmp_bank/mem_reg_512_575_0_6/RAMG/WE","u_dut/vwrite_cmd_valid_q_reg/C","-0.007000000","clk","clk","clk","u_dut/vwrite_cmd_valid_q_reg","FDCE","u_dut/vwrite_cmd_valid_q_reg","u_dut/gen_tmp_banks[2].u_kernel_tmp_bank/mem_reg_512_575_0_6/RAMG","RAMD64E","u_dut/gen_tmp_banks.u_kernel_tmp_bank/mem_reg_512_575_0_6/RAMG","2","0.318000000","1.352000000","1.670000000","0.809580838","SLICE_X72Y37","SLICE_X82Y27","","","SIGNATURE_SKIPPED|FDCE|RAMD64E","SIGNATURE_SKIPPED|FDCE|RAMD64E","DUT_INTERNAL","u_dut/vwrite_cmd_valid_q_reg","u_dut/temp_bank","0.007000000"
"u_dut/gen_tmp_banks[2].u_kernel_tmp_bank/mem_reg_512_575_0_6/RAMH/WE","u_dut/vwrite_cmd_valid_q_reg/C","-0.007000000","clk","clk","clk","u_dut/vwrite_cmd_valid_q_reg","FDCE","u_dut/vwrite_cmd_valid_q_reg","u_dut/gen_tmp_banks[2].u_kernel_tmp_bank/mem_reg_512_575_0_6/RAMH","RAMD64E","u_dut/gen_tmp_banks.u_kernel_tmp_bank/mem_reg_512_575_0_6/RAMH","2","0.318000000","1.352000000","1.670000000","0.809580838","SLICE_X72Y37","SLICE_X82Y27","","","SIGNATURE_SKIPPED|FDCE|RAMD64E","SIGNATURE_SKIPPED|FDCE|RAMD64E","DUT_INTERNAL","u_dut/vwrite_cmd_valid_q_reg","u_dut/temp_bank","0.007000000"
"u_dut/gen_tmp_banks[2].u_kernel_tmp_bank/mem_reg_512_575_14_15/RAMA/WE","u_dut/vwrite_cmd_valid_q_reg/C","-0.083000000","clk","clk","clk","u_dut/vwrite_cmd_valid_q_reg","FDCE","u_dut/vwrite_cmd_valid_q_reg","u_dut/gen_tmp_banks[2].u_kernel_tmp_bank/mem_reg_512_575_14_15/RAMA","RAMD64E","u_dut/gen_tmp_banks.u_kernel_tmp_bank/mem_reg_512_575_14_15/RAMA","2","0.318000000","1.438000000","1.756000000","0.818906606","SLICE_X72Y37","SLICE_X82Y54","","","SIGNATURE_SKIPPED|FDCE|RAMD64E","SIGNATURE_SKIPPED|FDCE|RAMD64E","DUT_INTERNAL","u_dut/vwrite_cmd_valid_q_reg","u_dut/temp_bank","0.083000000"
"u_dut/gen_tmp_banks[2].u_kernel_tmp_bank/mem_reg_512_575_14_15/RAMB/WE","u_dut/vwrite_cmd_valid_q_reg/C","-0.083000000","clk","clk","clk","u_dut/vwrite_cmd_valid_q_reg","FDCE","u_dut/vwrite_cmd_valid_q_reg","u_dut/gen_tmp_banks[2].u_kernel_tmp_bank/mem_reg_512_575_14_15/RAMB","RAMD64E","u_dut/gen_tmp_banks.u_kernel_tmp_bank/mem_reg_512_575_14_15/RAMB","2","0.318000000","1.438000000","1.756000000","0.818906606","SLICE_X72Y37","SLICE_X82Y54","","","SIGNATURE_SKIPPED|FDCE|RAMD64E","SIGNATURE_SKIPPED|FDCE|RAMD64E","DUT_INTERNAL","u_dut/vwrite_cmd_valid_q_reg","u_dut/temp_bank","0.083000000"
"u_dut/gen_tmp_banks[2].u_kernel_tmp_bank/mem_reg_512_575_14_15/RAMC/WE","u_dut/vwrite_cmd_valid_q_reg/C","-0.083000000","clk","clk","clk","u_dut/vwrite_cmd_valid_q_reg","FDCE","u_dut/vwrite_cmd_valid_q_reg","u_dut/gen_tmp_banks[2].u_kernel_tmp_bank/mem_reg_512_575_14_15/RAMC","RAMD64E","u_dut/gen_tmp_banks.u_kernel_tmp_bank/mem_reg_512_575_14_15/RAMC","2","0.318000000","1.438000000","1.756000000","0.818906606","SLICE_X72Y37","SLICE_X82Y54","","","SIGNATURE_SKIPPED|FDCE|RAMD64E","SIGNATURE_SKIPPED|FDCE|RAMD64E","DUT_INTERNAL","u_dut/vwrite_cmd_valid_q_reg","u_dut/temp_bank","0.083000000"
"u_dut/gen_tmp_banks[2].u_kernel_tmp_bank/mem_reg_512_575_14_15/RAMD/WE","u_dut/vwrite_cmd_valid_q_reg/C","-0.083000000","clk","clk","clk","u_dut/vwrite_cmd_valid_q_reg","FDCE","u_dut/vwrite_cmd_valid_q_reg","u_dut/gen_tmp_banks[2].u_kernel_tmp_bank/mem_reg_512_575_14_15/RAMD","RAMD64E","u_dut/gen_tmp_banks.u_kernel_tmp_bank/mem_reg_512_575_14_15/RAMD","2","0.318000000","1.438000000","1.756000000","0.818906606","SLICE_X72Y37","SLICE_X82Y54","","","SIGNATURE_SKIPPED|FDCE|RAMD64E","SIGNATURE_SKIPPED|FDCE|RAMD64E","DUT_INTERNAL","u_dut/vwrite_cmd_valid_q_reg","u_dut/temp_bank","0.083000000"
"u_dut/gen_tmp_banks[2].u_kernel_tmp_bank/mem_reg_576_639_14_15/RAMA/WADR5","u_dut/vwrite_cmd_addr_q_reg[5]/C","-0.010000000","clk","clk","clk","u_dut/vwrite_cmd_addr_q_reg[5]","FDCE","u_dut/vwrite_cmd_addr_q_reg","u_dut/gen_tmp_banks[2].u_kernel_tmp_bank/mem_reg_576_639_14_15/RAMA","RAMD64E","u_dut/gen_tmp_banks.u_kernel_tmp_bank/mem_reg_576_639_14_15/RAMA","0","0.080000000","1.709000000","1.789000000","0.955282281","SLICE_X77Y36","SLICE_X86Y52","","","SIGNATURE_SKIPPED|FDCE|RAMD64E","SIGNATURE_SKIPPED|FDCE|RAMD64E","DUT_INTERNAL","u_dut/vwrite_cmd_addr_q_reg","u_dut/temp_bank","0.010000000"
"u_dut/gen_tmp_banks[2].u_kernel_tmp_bank/mem_reg_576_639_14_15/RAMB/WADR5","u_dut/vwrite_cmd_addr_q_reg[5]/C","-0.010000000","clk","clk","clk","u_dut/vwrite_cmd_addr_q_reg[5]","FDCE","u_dut/vwrite_cmd_addr_q_reg","u_dut/gen_tmp_banks[2].u_kernel_tmp_bank/mem_reg_576_639_14_15/RAMB","RAMD64E","u_dut/gen_tmp_banks.u_kernel_tmp_bank/mem_reg_576_639_14_15/RAMB","0","0.080000000","1.709000000","1.789000000","0.955282281","SLICE_X77Y36","SLICE_X86Y52","","","SIGNATURE_SKIPPED|FDCE|RAMD64E","SIGNATURE_SKIPPED|FDCE|RAMD64E","DUT_INTERNAL","u_dut/vwrite_cmd_addr_q_reg","u_dut/temp_bank","0.010000000"
"u_dut/gen_tmp_banks[2].u_kernel_tmp_bank/mem_reg_576_639_14_15/RAMC/WADR5","u_dut/vwrite_cmd_addr_q_reg[5]/C","-0.010000000","clk","clk","clk","u_dut/vwrite_cmd_addr_q_reg[5]","FDCE","u_dut/vwrite_cmd_addr_q_reg","u_dut/gen_tmp_banks[2].u_kernel_tmp_bank/mem_reg_576_639_14_15/RAMC","RAMD64E","u_dut/gen_tmp_banks.u_kernel_tmp_bank/mem_reg_576_639_14_15/RAMC","0","0.080000000","1.709000000","1.789000000","0.955282281","SLICE_X77Y36","SLICE_X86Y52","","","SIGNATURE_SKIPPED|FDCE|RAMD64E","SIGNATURE_SKIPPED|FDCE|RAMD64E","DUT_INTERNAL","u_dut/vwrite_cmd_addr_q_reg","u_dut/temp_bank","0.010000000"
"u_dut/gen_tmp_banks[2].u_kernel_tmp_bank/mem_reg_576_639_14_15/RAMD/WADR5","u_dut/vwrite_cmd_addr_q_reg[5]/C","-0.010000000","clk","clk","clk","u_dut/vwrite_cmd_addr_q_reg[5]","FDCE","u_dut/vwrite_cmd_addr_q_reg","u_dut/gen_tmp_banks[2].u_kernel_tmp_bank/mem_reg_576_639_14_15/RAMD","RAMD64E","u_dut/gen_tmp_banks.u_kernel_tmp_bank/mem_reg_576_639_14_15/RAMD","0","0.080000000","1.709000000","1.789000000","0.955282281","SLICE_X77Y36","SLICE_X86Y52","","","SIGNATURE_SKIPPED|FDCE|RAMD64E","SIGNATURE_SKIPPED|FDCE|RAMD64E","DUT_INTERNAL","u_dut/vwrite_cmd_addr_q_reg","u_dut/temp_bank","0.010000000"
"u_dut/gen_tmp_banks[2].u_kernel_tmp_bank/mem_reg_576_639_7_13/RAMA/WE","u_dut/vwrite_cmd_valid_q_reg/C","-0.022000000","clk","clk","clk","u_dut/vwrite_cmd_valid_q_reg","FDCE","u_dut/vwrite_cmd_valid_q_reg","u_dut/gen_tmp_banks[2].u_kernel_tmp_bank/mem_reg_576_639_7_13/RAMA","RAMD64E","u_dut/gen_tmp_banks.u_kernel_tmp_bank/mem_reg_576_639_7_13/RAMA","2","0.278000000","1.455000000","1.733000000","0.839584535","SLICE_X72Y37","SLICE_X86Y29","","","SIGNATURE_SKIPPED|FDCE|RAMD64E","SIGNATURE_SKIPPED|FDCE|RAMD64E","DUT_INTERNAL","u_dut/vwrite_cmd_valid_q_reg","u_dut/temp_bank","0.022000000"
"u_dut/gen_tmp_banks[2].u_kernel_tmp_bank/mem_reg_576_639_7_13/RAMB/WE","u_dut/vwrite_cmd_valid_q_reg/C","-0.022000000","clk","clk","clk","u_dut/vwrite_cmd_valid_q_reg","FDCE","u_dut/vwrite_cmd_valid_q_reg","u_dut/gen_tmp_banks[2].u_kernel_tmp_bank/mem_reg_576_639_7_13/RAMB","RAMD64E","u_dut/gen_tmp_banks.u_kernel_tmp_bank/mem_reg_576_639_7_13/RAMB","2","0.278000000","1.455000000","1.733000000","0.839584535","SLICE_X72Y37","SLICE_X86Y29","","","SIGNATURE_SKIPPED|FDCE|RAMD64E","SIGNATURE_SKIPPED|FDCE|RAMD64E","DUT_INTERNAL","u_dut/vwrite_cmd_valid_q_reg","u_dut/temp_bank","0.022000000"
"u_dut/gen_tmp_banks[2].u_kernel_tmp_bank/mem_reg_576_639_7_13/RAMC/WE","u_dut/vwrite_cmd_valid_q_reg/C","-0.022000000","clk","clk","clk","u_dut/vwrite_cmd_valid_q_reg","FDCE","u_dut/vwrite_cmd_valid_q_reg","u_dut/gen_tmp_banks[2].u_kernel_tmp_bank/mem_reg_576_639_7_13/RAMC","RAMD64E","u_dut/gen_tmp_banks.u_kernel_tmp_bank/mem_reg_576_639_7_13/RAMC","2","0.278000000","1.455000000","1.733000000","0.839584535","SLICE_X72Y37","SLICE_X86Y29","","","SIGNATURE_SKIPPED|FDCE|RAMD64E","SIGNATURE_SKIPPED|FDCE|RAMD64E","DUT_INTERNAL","u_dut/vwrite_cmd_valid_q_reg","u_dut/temp_bank","0.022000000"
"u_dut/gen_tmp_banks[2].u_kernel_tmp_bank/mem_reg_576_639_7_13/RAMD/WE","u_dut/vwrite_cmd_valid_q_reg/C","-0.022000000","clk","clk","clk","u_dut/vwrite_cmd_valid_q_reg","FDCE","u_dut/vwrite_cmd_valid_q_reg","u_dut/gen_tmp_banks[2].u_kernel_tmp_bank/mem_reg_576_639_7_13/RAMD","RAMD64E","u_dut/gen_tmp_banks.u_kernel_tmp_bank/mem_reg_576_639_7_13/RAMD","2","0.278000000","1.455000000","1.733000000","0.839584535","SLICE_X72Y37","SLICE_X86Y29","","","SIGNATURE_SKIPPED|FDCE|RAMD64E","SIGNATURE_SKIPPED|FDCE|RAMD64E","DUT_INTERNAL","u_dut/vwrite_cmd_valid_q_reg","u_dut/temp_bank","0.022000000"
"u_dut/gen_tmp_banks[2].u_kernel_tmp_bank/mem_reg_576_639_7_13/RAME/WE","u_dut/vwrite_cmd_valid_q_reg/C","-0.022000000","clk","clk","clk","u_dut/vwrite_cmd_valid_q_reg","FDCE","u_dut/vwrite_cmd_valid_q_reg","u_dut/gen_tmp_banks[2].u_kernel_tmp_bank/mem_reg_576_639_7_13/RAME","RAMD64E","u_dut/gen_tmp_banks.u_kernel_tmp_bank/mem_reg_576_639_7_13/RAME","2","0.278000000","1.455000000","1.733000000","0.839584535","SLICE_X72Y37","SLICE_X86Y29","","","SIGNATURE_SKIPPED|FDCE|RAMD64E","SIGNATURE_SKIPPED|FDCE|RAMD64E","DUT_INTERNAL","u_dut/vwrite_cmd_valid_q_reg","u_dut/temp_bank","0.022000000"
"u_dut/gen_tmp_banks[2].u_kernel_tmp_bank/mem_reg_576_639_7_13/RAMF/WE","u_dut/vwrite_cmd_valid_q_reg/C","-0.022000000","clk","clk","clk","u_dut/vwrite_cmd_valid_q_reg","FDCE","u_dut/vwrite_cmd_valid_q_reg","u_dut/gen_tmp_banks[2].u_kernel_tmp_bank/mem_reg_576_639_7_13/RAMF","RAMD64E","u_dut/gen_tmp_banks.u_kernel_tmp_bank/mem_reg_576_639_7_13/RAMF","2","0.278000000","1.455000000","1.733000000","0.839584535","SLICE_X72Y37","SLICE_X86Y29","","","SIGNATURE_SKIPPED|FDCE|RAMD64E","SIGNATURE_SKIPPED|FDCE|RAMD64E","DUT_INTERNAL","u_dut/vwrite_cmd_valid_q_reg","u_dut/temp_bank","0.022000000"
"u_dut/gen_tmp_banks[2].u_kernel_tmp_bank/mem_reg_576_639_7_13/RAMG/WE","u_dut/vwrite_cmd_valid_q_reg/C","-0.022000000","clk","clk","clk","u_dut/vwrite_cmd_valid_q_reg","FDCE","u_dut/vwrite_cmd_valid_q_reg","u_dut/gen_tmp_banks[2].u_kernel_tmp_bank/mem_reg_576_639_7_13/RAMG","RAMD64E","u_dut/gen_tmp_banks.u_kernel_tmp_bank/mem_reg_576_639_7_13/RAMG","2","0.278000000","1.455000000","1.733000000","0.839584535","SLICE_X72Y37","SLICE_X86Y29","","","SIGNATURE_SKIPPED|FDCE|RAMD64E","SIGNATURE_SKIPPED|FDCE|RAMD64E","DUT_INTERNAL","u_dut/vwrite_cmd_valid_q_reg","u_dut/temp_bank","0.022000000"
"u_dut/gen_tmp_banks[2].u_kernel_tmp_bank/mem_reg_576_639_7_13/RAMH/WE","u_dut/vwrite_cmd_valid_q_reg/C","-0.022000000","clk","clk","clk","u_dut/vwrite_cmd_valid_q_reg","FDCE","u_dut/vwrite_cmd_valid_q_reg","u_dut/gen_tmp_banks[2].u_kernel_tmp_bank/mem_reg_576_639_7_13/RAMH","RAMD64E","u_dut/gen_tmp_banks.u_kernel_tmp_bank/mem_reg_576_639_7_13/RAMH","2","0.278000000","1.455000000","1.733000000","0.839584535","SLICE_X72Y37","SLICE_X86Y29","","","SIGNATURE_SKIPPED|FDCE|RAMD64E","SIGNATURE_SKIPPED|FDCE|RAMD64E","DUT_INTERNAL","u_dut/vwrite_cmd_valid_q_reg","u_dut/temp_bank","0.022000000"
"u_dut/gen_tmp_banks[2].u_kernel_tmp_bank/mem_reg_832_895_7_13/RAMA/WE","u_dut/vwrite_cmd_valid_q_reg/C","-0.033000000","clk","clk","clk","u_dut/vwrite_cmd_valid_q_reg","FDCE","u_dut/vwrite_cmd_valid_q_reg","u_dut/gen_tmp_banks[2].u_kernel_tmp_bank/mem_reg_832_895_7_13/RAMA","RAMD64E","u_dut/gen_tmp_banks.u_kernel_tmp_bank/mem_reg_832_895_7_13/RAMA","2","0.278000000","1.435000000","1.713000000","0.837711617","SLICE_X72Y37","SLICE_X89Y21","","","SIGNATURE_SKIPPED|FDCE|RAMD64E","SIGNATURE_SKIPPED|FDCE|RAMD64E","DUT_INTERNAL","u_dut/vwrite_cmd_valid_q_reg","u_dut/temp_bank","0.033000000"
"u_dut/gen_tmp_banks[2].u_kernel_tmp_bank/mem_reg_832_895_7_13/RAMB/WE","u_dut/vwrite_cmd_valid_q_reg/C","-0.033000000","clk","clk","clk","u_dut/vwrite_cmd_valid_q_reg","FDCE","u_dut/vwrite_cmd_valid_q_reg","u_dut/gen_tmp_banks[2].u_kernel_tmp_bank/mem_reg_832_895_7_13/RAMB","RAMD64E","u_dut/gen_tmp_banks.u_kernel_tmp_bank/mem_reg_832_895_7_13/RAMB","2","0.278000000","1.435000000","1.713000000","0.837711617","SLICE_X72Y37","SLICE_X89Y21","","","SIGNATURE_SKIPPED|FDCE|RAMD64E","SIGNATURE_SKIPPED|FDCE|RAMD64E","DUT_INTERNAL","u_dut/vwrite_cmd_valid_q_reg","u_dut/temp_bank","0.033000000"
"u_dut/gen_tmp_banks[2].u_kernel_tmp_bank/mem_reg_832_895_7_13/RAMC/WE","u_dut/vwrite_cmd_valid_q_reg/C","-0.033000000","clk","clk","clk","u_dut/vwrite_cmd_valid_q_reg","FDCE","u_dut/vwrite_cmd_valid_q_reg","u_dut/gen_tmp_banks[2].u_kernel_tmp_bank/mem_reg_832_895_7_13/RAMC","RAMD64E","u_dut/gen_tmp_banks.u_kernel_tmp_bank/mem_reg_832_895_7_13/RAMC","2","0.278000000","1.435000000","1.713000000","0.837711617","SLICE_X72Y37","SLICE_X89Y21","","","SIGNATURE_SKIPPED|FDCE|RAMD64E","SIGNATURE_SKIPPED|FDCE|RAMD64E","DUT_INTERNAL","u_dut/vwrite_cmd_valid_q_reg","u_dut/temp_bank","0.033000000"
"u_dut/gen_tmp_banks[2].u_kernel_tmp_bank/mem_reg_832_895_7_13/RAMD/WE","u_dut/vwrite_cmd_valid_q_reg/C","-0.033000000","clk","clk","clk","u_dut/vwrite_cmd_valid_q_reg","FDCE","u_dut/vwrite_cmd_valid_q_reg","u_dut/gen_tmp_banks[2].u_kernel_tmp_bank/mem_reg_832_895_7_13/RAMD","RAMD64E","u_dut/gen_tmp_banks.u_kernel_tmp_bank/mem_reg_832_895_7_13/RAMD","2","0.278000000","1.435000000","1.713000000","0.837711617","SLICE_X72Y37","SLICE_X89Y21","","","SIGNATURE_SKIPPED|FDCE|RAMD64E","SIGNATURE_SKIPPED|FDCE|RAMD64E","DUT_INTERNAL","u_dut/vwrite_cmd_valid_q_reg","u_dut/temp_bank","0.033000000"
"u_dut/gen_tmp_banks[2].u_kernel_tmp_bank/mem_reg_832_895_7_13/RAME/WE","u_dut/vwrite_cmd_valid_q_reg/C","-0.033000000","clk","clk","clk","u_dut/vwrite_cmd_valid_q_reg","FDCE","u_dut/vwrite_cmd_valid_q_reg","u_dut/gen_tmp_banks[2].u_kernel_tmp_bank/mem_reg_832_895_7_13/RAME","RAMD64E","u_dut/gen_tmp_banks.u_kernel_tmp_bank/mem_reg_832_895_7_13/RAME","2","0.278000000","1.435000000","1.713000000","0.837711617","SLICE_X72Y37","SLICE_X89Y21","","","SIGNATURE_SKIPPED|FDCE|RAMD64E","SIGNATURE_SKIPPED|FDCE|RAMD64E","DUT_INTERNAL","u_dut/vwrite_cmd_valid_q_reg","u_dut/temp_bank","0.033000000"
"u_dut/gen_tmp_banks[2].u_kernel_tmp_bank/mem_reg_832_895_7_13/RAMF/WE","u_dut/vwrite_cmd_valid_q_reg/C","-0.033000000","clk","clk","clk","u_dut/vwrite_cmd_valid_q_reg","FDCE","u_dut/vwrite_cmd_valid_q_reg","u_dut/gen_tmp_banks[2].u_kernel_tmp_bank/mem_reg_832_895_7_13/RAMF","RAMD64E","u_dut/gen_tmp_banks.u_kernel_tmp_bank/mem_reg_832_895_7_13/RAMF","2","0.278000000","1.435000000","1.713000000","0.837711617","SLICE_X72Y37","SLICE_X89Y21","","","SIGNATURE_SKIPPED|FDCE|RAMD64E","SIGNATURE_SKIPPED|FDCE|RAMD64E","DUT_INTERNAL","u_dut/vwrite_cmd_valid_q_reg","u_dut/temp_bank","0.033000000"
"u_dut/gen_tmp_banks[2].u_kernel_tmp_bank/mem_reg_832_895_7_13/RAMG/WE","u_dut/vwrite_cmd_valid_q_reg/C","-0.033000000","clk","clk","clk","u_dut/vwrite_cmd_valid_q_reg","FDCE","u_dut/vwrite_cmd_valid_q_reg","u_dut/gen_tmp_banks[2].u_kernel_tmp_bank/mem_reg_832_895_7_13/RAMG","RAMD64E","u_dut/gen_tmp_banks.u_kernel_tmp_bank/mem_reg_832_895_7_13/RAMG","2","0.278000000","1.435000000","1.713000000","0.837711617","SLICE_X72Y37","SLICE_X89Y21","","","SIGNATURE_SKIPPED|FDCE|RAMD64E","SIGNATURE_SKIPPED|FDCE|RAMD64E","DUT_INTERNAL","u_dut/vwrite_cmd_valid_q_reg","u_dut/temp_bank","0.033000000"
"u_dut/gen_tmp_banks[2].u_kernel_tmp_bank/mem_reg_832_895_7_13/RAMH/WE","u_dut/vwrite_cmd_valid_q_reg/C","-0.033000000","clk","clk","clk","u_dut/vwrite_cmd_valid_q_reg","FDCE","u_dut/vwrite_cmd_valid_q_reg","u_dut/gen_tmp_banks[2].u_kernel_tmp_bank/mem_reg_832_895_7_13/RAMH","RAMD64E","u_dut/gen_tmp_banks.u_kernel_tmp_bank/mem_reg_832_895_7_13/RAMH","2","0.278000000","1.435000000","1.713000000","0.837711617","SLICE_X72Y37","SLICE_X89Y21","","","SIGNATURE_SKIPPED|FDCE|RAMD64E","SIGNATURE_SKIPPED|FDCE|RAMD64E","DUT_INTERNAL","u_dut/vwrite_cmd_valid_q_reg","u_dut/temp_bank","0.033000000"
"u_dut/gen_tmp_banks[2].u_kernel_tmp_bank/mem_reg_896_959_14_15/RAMA/WADR5","u_dut/vwrite_cmd_addr_q_reg[5]/C","-0.027000000","clk","clk","clk","u_dut/vwrite_cmd_addr_q_reg[5]","FDCE","u_dut/vwrite_cmd_addr_q_reg","u_dut/gen_tmp_banks[2].u_kernel_tmp_bank/mem_reg_896_959_14_15/RAMA","RAMD64E","u_dut/gen_tmp_banks.u_kernel_tmp_bank/mem_reg_896_959_14_15/RAMA","0","0.080000000","1.727000000","1.807000000","0.955727726","SLICE_X77Y36","SLICE_X86Y57","","","SIGNATURE_SKIPPED|FDCE|RAMD64E","SIGNATURE_SKIPPED|FDCE|RAMD64E","DUT_INTERNAL","u_dut/vwrite_cmd_addr_q_reg","u_dut/temp_bank","0.027000000"
"u_dut/gen_tmp_banks[2].u_kernel_tmp_bank/mem_reg_896_959_14_15/RAMB/WADR5","u_dut/vwrite_cmd_addr_q_reg[5]/C","-0.027000000","clk","clk","clk","u_dut/vwrite_cmd_addr_q_reg[5]","FDCE","u_dut/vwrite_cmd_addr_q_reg","u_dut/gen_tmp_banks[2].u_kernel_tmp_bank/mem_reg_896_959_14_15/RAMB","RAMD64E","u_dut/gen_tmp_banks.u_kernel_tmp_bank/mem_reg_896_959_14_15/RAMB","0","0.080000000","1.727000000","1.807000000","0.955727726","SLICE_X77Y36","SLICE_X86Y57","","","SIGNATURE_SKIPPED|FDCE|RAMD64E","SIGNATURE_SKIPPED|FDCE|RAMD64E","DUT_INTERNAL","u_dut/vwrite_cmd_addr_q_reg","u_dut/temp_bank","0.027000000"
"u_dut/gen_tmp_banks[2].u_kernel_tmp_bank/mem_reg_896_959_14_15/RAMC/WADR5","u_dut/vwrite_cmd_addr_q_reg[5]/C","-0.027000000","clk","clk","clk","u_dut/vwrite_cmd_addr_q_reg[5]","FDCE","u_dut/vwrite_cmd_addr_q_reg","u_dut/gen_tmp_banks[2].u_kernel_tmp_bank/mem_reg_896_959_14_15/RAMC","RAMD64E","u_dut/gen_tmp_banks.u_kernel_tmp_bank/mem_reg_896_959_14_15/RAMC","0","0.080000000","1.727000000","1.807000000","0.955727726","SLICE_X77Y36","SLICE_X86Y57","","","SIGNATURE_SKIPPED|FDCE|RAMD64E","SIGNATURE_SKIPPED|FDCE|RAMD64E","DUT_INTERNAL","u_dut/vwrite_cmd_addr_q_reg","u_dut/temp_bank","0.027000000"
"u_dut/gen_tmp_banks[2].u_kernel_tmp_bank/mem_reg_896_959_14_15/RAMD/WADR5","u_dut/vwrite_cmd_addr_q_reg[5]/C","-0.027000000","clk","clk","clk","u_dut/vwrite_cmd_addr_q_reg[5]","FDCE","u_dut/vwrite_cmd_addr_q_reg","u_dut/gen_tmp_banks[2].u_kernel_tmp_bank/mem_reg_896_959_14_15/RAMD","RAMD64E","u_dut/gen_tmp_banks.u_kernel_tmp_bank/mem_reg_896_959_14_15/RAMD","0","0.080000000","1.727000000","1.807000000","0.955727726","SLICE_X77Y36","SLICE_X86Y57","","","SIGNATURE_SKIPPED|FDCE|RAMD64E","SIGNATURE_SKIPPED|FDCE|RAMD64E","DUT_INTERNAL","u_dut/vwrite_cmd_addr_q_reg","u_dut/temp_bank","0.027000000"
"u_dut/gen_tmp_banks[3].u_kernel_tmp_bank/mem_reg_128_191_14_15/RAMA/WADR5","u_dut/vwrite_cmd_addr_q_reg[5]/C","-0.034000000","clk","clk","clk","u_dut/vwrite_cmd_addr_q_reg[5]","FDCE","u_dut/vwrite_cmd_addr_q_reg","u_dut/gen_tmp_banks[3].u_kernel_tmp_bank/mem_reg_128_191_14_15/RAMA","RAMD64E","u_dut/gen_tmp_banks.u_kernel_tmp_bank/mem_reg_128_191_14_15/RAMA","0","0.080000000","1.734000000","1.814000000","0.955898567","SLICE_X77Y36","SLICE_X86Y58","","","SIGNATURE_SKIPPED|FDCE|RAMD64E","SIGNATURE_SKIPPED|FDCE|RAMD64E","DUT_INTERNAL","u_dut/vwrite_cmd_addr_q_reg","u_dut/temp_bank","0.034000000"
"u_dut/gen_tmp_banks[3].u_kernel_tmp_bank/mem_reg_128_191_14_15/RAMB/WADR5","u_dut/vwrite_cmd_addr_q_reg[5]/C","-0.034000000","clk","clk","clk","u_dut/vwrite_cmd_addr_q_reg[5]","FDCE","u_dut/vwrite_cmd_addr_q_reg","u_dut/gen_tmp_banks[3].u_kernel_tmp_bank/mem_reg_128_191_14_15/RAMB","RAMD64E","u_dut/gen_tmp_banks.u_kernel_tmp_bank/mem_reg_128_191_14_15/RAMB","0","0.080000000","1.734000000","1.814000000","0.955898567","SLICE_X77Y36","SLICE_X86Y58","","","SIGNATURE_SKIPPED|FDCE|RAMD64E","SIGNATURE_SKIPPED|FDCE|RAMD64E","DUT_INTERNAL","u_dut/vwrite_cmd_addr_q_reg","u_dut/temp_bank","0.034000000"
"u_dut/gen_tmp_banks[3].u_kernel_tmp_bank/mem_reg_128_191_14_15/RAMC/WADR5","u_dut/vwrite_cmd_addr_q_reg[5]/C","-0.034000000","clk","clk","clk","u_dut/vwrite_cmd_addr_q_reg[5]","FDCE","u_dut/vwrite_cmd_addr_q_reg","u_dut/gen_tmp_banks[3].u_kernel_tmp_bank/mem_reg_128_191_14_15/RAMC","RAMD64E","u_dut/gen_tmp_banks.u_kernel_tmp_bank/mem_reg_128_191_14_15/RAMC","0","0.080000000","1.734000000","1.814000000","0.955898567","SLICE_X77Y36","SLICE_X86Y58","","","SIGNATURE_SKIPPED|FDCE|RAMD64E","SIGNATURE_SKIPPED|FDCE|RAMD64E","DUT_INTERNAL","u_dut/vwrite_cmd_addr_q_reg","u_dut/temp_bank","0.034000000"
"u_dut/gen_tmp_banks[3].u_kernel_tmp_bank/mem_reg_128_191_14_15/RAMD/WADR5","u_dut/vwrite_cmd_addr_q_reg[5]/C","-0.034000000","clk","clk","clk","u_dut/vwrite_cmd_addr_q_reg[5]","FDCE","u_dut/vwrite_cmd_addr_q_reg","u_dut/gen_tmp_banks[3].u_kernel_tmp_bank/mem_reg_128_191_14_15/RAMD","RAMD64E","u_dut/gen_tmp_banks.u_kernel_tmp_bank/mem_reg_128_191_14_15/RAMD","0","0.080000000","1.734000000","1.814000000","0.955898567","SLICE_X77Y36","SLICE_X86Y58","","","SIGNATURE_SKIPPED|FDCE|RAMD64E","SIGNATURE_SKIPPED|FDCE|RAMD64E","DUT_INTERNAL","u_dut/vwrite_cmd_addr_q_reg","u_dut/temp_bank","0.034000000"
"u_dut/gen_tmp_banks[3].u_kernel_tmp_bank/mem_reg_256_319_0_6/RAMA/WADR5","u_dut/vwrite_cmd_addr_q_reg[5]/C","-0.035000000","clk","clk","clk","u_dut/vwrite_cmd_addr_q_reg[5]","FDCE","u_dut/vwrite_cmd_addr_q_reg","u_dut/gen_tmp_banks[3].u_kernel_tmp_bank/mem_reg_256_319_0_6/RAMA","RAMD64E","u_dut/gen_tmp_banks.u_kernel_tmp_bank/mem_reg_256_319_0_6/RAMA","0","0.080000000","1.722000000","1.802000000","0.955604883","SLICE_X77Y36","SLICE_X86Y37","","","SIGNATURE_SKIPPED|FDCE|RAMD64E","SIGNATURE_SKIPPED|FDCE|RAMD64E","DUT_INTERNAL","u_dut/vwrite_cmd_addr_q_reg","u_dut/temp_bank","0.035000000"
"u_dut/gen_tmp_banks[3].u_kernel_tmp_bank/mem_reg_256_319_0_6/RAMB/WADR5","u_dut/vwrite_cmd_addr_q_reg[5]/C","-0.035000000","clk","clk","clk","u_dut/vwrite_cmd_addr_q_reg[5]","FDCE","u_dut/vwrite_cmd_addr_q_reg","u_dut/gen_tmp_banks[3].u_kernel_tmp_bank/mem_reg_256_319_0_6/RAMB","RAMD64E","u_dut/gen_tmp_banks.u_kernel_tmp_bank/mem_reg_256_319_0_6/RAMB","0","0.080000000","1.722000000","1.802000000","0.955604883","SLICE_X77Y36","SLICE_X86Y37","","","SIGNATURE_SKIPPED|FDCE|RAMD64E","SIGNATURE_SKIPPED|FDCE|RAMD64E","DUT_INTERNAL","u_dut/vwrite_cmd_addr_q_reg","u_dut/temp_bank","0.035000000"
"u_dut/gen_tmp_banks[3].u_kernel_tmp_bank/mem_reg_256_319_0_6/RAMC/WADR5","u_dut/vwrite_cmd_addr_q_reg[5]/C","-0.035000000","clk","clk","clk","u_dut/vwrite_cmd_addr_q_reg[5]","FDCE","u_dut/vwrite_cmd_addr_q_reg","u_dut/gen_tmp_banks[3].u_kernel_tmp_bank/mem_reg_256_319_0_6/RAMC","RAMD64E","u_dut/gen_tmp_banks.u_kernel_tmp_bank/mem_reg_256_319_0_6/RAMC","0","0.080000000","1.722000000","1.802000000","0.955604883","SLICE_X77Y36","SLICE_X86Y37","","","SIGNATURE_SKIPPED|FDCE|RAMD64E","SIGNATURE_SKIPPED|FDCE|RAMD64E","DUT_INTERNAL","u_dut/vwrite_cmd_addr_q_reg","u_dut/temp_bank","0.035000000"
"u_dut/gen_tmp_banks[3].u_kernel_tmp_bank/mem_reg_256_319_0_6/RAMD/WADR5","u_dut/vwrite_cmd_addr_q_reg[5]/C","-0.035000000","clk","clk","clk","u_dut/vwrite_cmd_addr_q_reg[5]","FDCE","u_dut/vwrite_cmd_addr_q_reg","u_dut/gen_tmp_banks[3].u_kernel_tmp_bank/mem_reg_256_319_0_6/RAMD","RAMD64E","u_dut/gen_tmp_banks.u_kernel_tmp_bank/mem_reg_256_319_0_6/RAMD","0","0.080000000","1.722000000","1.802000000","0.955604883","SLICE_X77Y36","SLICE_X86Y37","","","SIGNATURE_SKIPPED|FDCE|RAMD64E","SIGNATURE_SKIPPED|FDCE|RAMD64E","DUT_INTERNAL","u_dut/vwrite_cmd_addr_q_reg","u_dut/temp_bank","0.035000000"
"u_dut/gen_tmp_banks[3].u_kernel_tmp_bank/mem_reg_256_319_0_6/RAME/WADR5","u_dut/vwrite_cmd_addr_q_reg[5]/C","-0.035000000","clk","clk","clk","u_dut/vwrite_cmd_addr_q_reg[5]","FDCE","u_dut/vwrite_cmd_addr_q_reg","u_dut/gen_tmp_banks[3].u_kernel_tmp_bank/mem_reg_256_319_0_6/RAME","RAMD64E","u_dut/gen_tmp_banks.u_kernel_tmp_bank/mem_reg_256_319_0_6/RAME","0","0.080000000","1.722000000","1.802000000","0.955604883","SLICE_X77Y36","SLICE_X86Y37","","","SIGNATURE_SKIPPED|FDCE|RAMD64E","SIGNATURE_SKIPPED|FDCE|RAMD64E","DUT_INTERNAL","u_dut/vwrite_cmd_addr_q_reg","u_dut/temp_bank","0.035000000"
"u_dut/gen_tmp_banks[3].u_kernel_tmp_bank/mem_reg_256_319_0_6/RAMF/WADR5","u_dut/vwrite_cmd_addr_q_reg[5]/C","-0.035000000","clk","clk","clk","u_dut/vwrite_cmd_addr_q_reg[5]","FDCE","u_dut/vwrite_cmd_addr_q_reg","u_dut/gen_tmp_banks[3].u_kernel_tmp_bank/mem_reg_256_319_0_6/RAMF","RAMD64E","u_dut/gen_tmp_banks.u_kernel_tmp_bank/mem_reg_256_319_0_6/RAMF","0","0.080000000","1.722000000","1.802000000","0.955604883","SLICE_X77Y36","SLICE_X86Y37","","","SIGNATURE_SKIPPED|FDCE|RAMD64E","SIGNATURE_SKIPPED|FDCE|RAMD64E","DUT_INTERNAL","u_dut/vwrite_cmd_addr_q_reg","u_dut/temp_bank","0.035000000"
"u_dut/gen_tmp_banks[3].u_kernel_tmp_bank/mem_reg_256_319_0_6/RAMG/WADR5","u_dut/vwrite_cmd_addr_q_reg[5]/C","-0.035000000","clk","clk","clk","u_dut/vwrite_cmd_addr_q_reg[5]","FDCE","u_dut/vwrite_cmd_addr_q_reg","u_dut/gen_tmp_banks[3].u_kernel_tmp_bank/mem_reg_256_319_0_6/RAMG","RAMD64E","u_dut/gen_tmp_banks.u_kernel_tmp_bank/mem_reg_256_319_0_6/RAMG","0","0.080000000","1.722000000","1.802000000","0.955604883","SLICE_X77Y36","SLICE_X86Y37","","","SIGNATURE_SKIPPED|FDCE|RAMD64E","SIGNATURE_SKIPPED|FDCE|RAMD64E","DUT_INTERNAL","u_dut/vwrite_cmd_addr_q_reg","u_dut/temp_bank","0.035000000"
"u_dut/gen_tmp_banks[3].u_kernel_tmp_bank/mem_reg_256_319_0_6/RAMH/WADR5","u_dut/vwrite_cmd_addr_q_reg[5]/C","-0.035000000","clk","clk","clk","u_dut/vwrite_cmd_addr_q_reg[5]","FDCE","u_dut/vwrite_cmd_addr_q_reg","u_dut/gen_tmp_banks[3].u_kernel_tmp_bank/mem_reg_256_319_0_6/RAMH","RAMD64E","u_dut/gen_tmp_banks.u_kernel_tmp_bank/mem_reg_256_319_0_6/RAMH","0","0.080000000","1.722000000","1.802000000","0.955604883","SLICE_X77Y36","SLICE_X86Y37","","","SIGNATURE_SKIPPED|FDCE|RAMD64E","SIGNATURE_SKIPPED|FDCE|RAMD64E","DUT_INTERNAL","u_dut/vwrite_cmd_addr_q_reg","u_dut/temp_bank","0.035000000"
"u_dut/gen_tmp_banks[3].u_kernel_tmp_bank/mem_reg_512_575_14_15/RAMA/WE","u_dut/vwrite_cmd_valid_q_reg/C","-0.035000000","clk","clk","clk","u_dut/vwrite_cmd_valid_q_reg","FDCE","u_dut/vwrite_cmd_valid_q_reg","u_dut/gen_tmp_banks[3].u_kernel_tmp_bank/mem_reg_512_575_14_15/RAMA","RAMD64E","u_dut/gen_tmp_banks.u_kernel_tmp_bank/mem_reg_512_575_14_15/RAMA","2","0.279000000","1.460000000","1.739000000","0.839562967","SLICE_X72Y37","SLICE_X86Y64","","","SIGNATURE_SKIPPED|FDCE|RAMD64E","SIGNATURE_SKIPPED|FDCE|RAMD64E","DUT_INTERNAL","u_dut/vwrite_cmd_valid_q_reg","u_dut/temp_bank","0.035000000"
"u_dut/gen_tmp_banks[3].u_kernel_tmp_bank/mem_reg_512_575_14_15/RAMB/WE","u_dut/vwrite_cmd_valid_q_reg/C","-0.035000000","clk","clk","clk","u_dut/vwrite_cmd_valid_q_reg","FDCE","u_dut/vwrite_cmd_valid_q_reg","u_dut/gen_tmp_banks[3].u_kernel_tmp_bank/mem_reg_512_575_14_15/RAMB","RAMD64E","u_dut/gen_tmp_banks.u_kernel_tmp_bank/mem_reg_512_575_14_15/RAMB","2","0.279000000","1.460000000","1.739000000","0.839562967","SLICE_X72Y37","SLICE_X86Y64","","","SIGNATURE_SKIPPED|FDCE|RAMD64E","SIGNATURE_SKIPPED|FDCE|RAMD64E","DUT_INTERNAL","u_dut/vwrite_cmd_valid_q_reg","u_dut/temp_bank","0.035000000"
"u_dut/gen_tmp_banks[3].u_kernel_tmp_bank/mem_reg_512_575_14_15/RAMC/WE","u_dut/vwrite_cmd_valid_q_reg/C","-0.035000000","clk","clk","clk","u_dut/vwrite_cmd_valid_q_reg","FDCE","u_dut/vwrite_cmd_valid_q_reg","u_dut/gen_tmp_banks[3].u_kernel_tmp_bank/mem_reg_512_575_14_15/RAMC","RAMD64E","u_dut/gen_tmp_banks.u_kernel_tmp_bank/mem_reg_512_575_14_15/RAMC","2","0.279000000","1.460000000","1.739000000","0.839562967","SLICE_X72Y37","SLICE_X86Y64","","","SIGNATURE_SKIPPED|FDCE|RAMD64E","SIGNATURE_SKIPPED|FDCE|RAMD64E","DUT_INTERNAL","u_dut/vwrite_cmd_valid_q_reg","u_dut/temp_bank","0.035000000"
"u_dut/gen_tmp_banks[3].u_kernel_tmp_bank/mem_reg_512_575_14_15/RAMD/WE","u_dut/vwrite_cmd_valid_q_reg/C","-0.035000000","clk","clk","clk","u_dut/vwrite_cmd_valid_q_reg","FDCE","u_dut/vwrite_cmd_valid_q_reg","u_dut/gen_tmp_banks[3].u_kernel_tmp_bank/mem_reg_512_575_14_15/RAMD","RAMD64E","u_dut/gen_tmp_banks.u_kernel_tmp_bank/mem_reg_512_575_14_15/RAMD","2","0.279000000","1.460000000","1.739000000","0.839562967","SLICE_X72Y37","SLICE_X86Y64","","","SIGNATURE_SKIPPED|FDCE|RAMD64E","SIGNATURE_SKIPPED|FDCE|RAMD64E","DUT_INTERNAL","u_dut/vwrite_cmd_valid_q_reg","u_dut/temp_bank","0.035000000"
"u_dut/gen_tmp_banks[3].u_kernel_tmp_bank/mem_reg_512_575_7_13/RAMA/WE","u_dut/vwrite_cmd_valid_q_reg/C","-0.050000000","clk","clk","clk","u_dut/vwrite_cmd_valid_q_reg","FDCE","u_dut/vwrite_cmd_valid_q_reg","u_dut/gen_tmp_banks[3].u_kernel_tmp_bank/mem_reg_512_575_7_13/RAMA","RAMD64E","u_dut/gen_tmp_banks.u_kernel_tmp_bank/mem_reg_512_575_7_13/RAMA","2","0.279000000","1.442000000","1.721000000","0.837884951","SLICE_X72Y37","SLICE_X86Y48","","","SIGNATURE_SKIPPED|FDCE|RAMD64E","SIGNATURE_SKIPPED|FDCE|RAMD64E","DUT_INTERNAL","u_dut/vwrite_cmd_valid_q_reg","u_dut/temp_bank","0.050000000"
"u_dut/gen_tmp_banks[3].u_kernel_tmp_bank/mem_reg_512_575_7_13/RAMB/WE","u_dut/vwrite_cmd_valid_q_reg/C","-0.050000000","clk","clk","clk","u_dut/vwrite_cmd_valid_q_reg","FDCE","u_dut/vwrite_cmd_valid_q_reg","u_dut/gen_tmp_banks[3].u_kernel_tmp_bank/mem_reg_512_575_7_13/RAMB","RAMD64E","u_dut/gen_tmp_banks.u_kernel_tmp_bank/mem_reg_512_575_7_13/RAMB","2","0.279000000","1.442000000","1.721000000","0.837884951","SLICE_X72Y37","SLICE_X86Y48","","","SIGNATURE_SKIPPED|FDCE|RAMD64E","SIGNATURE_SKIPPED|FDCE|RAMD64E","DUT_INTERNAL","u_dut/vwrite_cmd_valid_q_reg","u_dut/temp_bank","0.050000000"
"u_dut/gen_tmp_banks[3].u_kernel_tmp_bank/mem_reg_512_575_7_13/RAMC/WE","u_dut/vwrite_cmd_valid_q_reg/C","-0.050000000","clk","clk","clk","u_dut/vwrite_cmd_valid_q_reg","FDCE","u_dut/vwrite_cmd_valid_q_reg","u_dut/gen_tmp_banks[3].u_kernel_tmp_bank/mem_reg_512_575_7_13/RAMC","RAMD64E","u_dut/gen_tmp_banks.u_kernel_tmp_bank/mem_reg_512_575_7_13/RAMC","2","0.279000000","1.442000000","1.721000000","0.837884951","SLICE_X72Y37","SLICE_X86Y48","","","SIGNATURE_SKIPPED|FDCE|RAMD64E","SIGNATURE_SKIPPED|FDCE|RAMD64E","DUT_INTERNAL","u_dut/vwrite_cmd_valid_q_reg","u_dut/temp_bank","0.050000000"
"u_dut/gen_tmp_banks[3].u_kernel_tmp_bank/mem_reg_512_575_7_13/RAMD/WE","u_dut/vwrite_cmd_valid_q_reg/C","-0.050000000","clk","clk","clk","u_dut/vwrite_cmd_valid_q_reg","FDCE","u_dut/vwrite_cmd_valid_q_reg","u_dut/gen_tmp_banks[3].u_kernel_tmp_bank/mem_reg_512_575_7_13/RAMD","RAMD64E","u_dut/gen_tmp_banks.u_kernel_tmp_bank/mem_reg_512_575_7_13/RAMD","2","0.279000000","1.442000000","1.721000000","0.837884951","SLICE_X72Y37","SLICE_X86Y48","","","SIGNATURE_SKIPPED|FDCE|RAMD64E","SIGNATURE_SKIPPED|FDCE|RAMD64E","DUT_INTERNAL","u_dut/vwrite_cmd_valid_q_reg","u_dut/temp_bank","0.050000000"
"u_dut/gen_tmp_banks[3].u_kernel_tmp_bank/mem_reg_512_575_7_13/RAME/WE","u_dut/vwrite_cmd_valid_q_reg/C","-0.050000000","clk","clk","clk","u_dut/vwrite_cmd_valid_q_reg","FDCE","u_dut/vwrite_cmd_valid_q_reg","u_dut/gen_tmp_banks[3].u_kernel_tmp_bank/mem_reg_512_575_7_13/RAME","RAMD64E","u_dut/gen_tmp_banks.u_kernel_tmp_bank/mem_reg_512_575_7_13/RAME","2","0.279000000","1.442000000","1.721000000","0.837884951","SLICE_X72Y37","SLICE_X86Y48","","","SIGNATURE_SKIPPED|FDCE|RAMD64E","SIGNATURE_SKIPPED|FDCE|RAMD64E","DUT_INTERNAL","u_dut/vwrite_cmd_valid_q_reg","u_dut/temp_bank","0.050000000"
"u_dut/gen_tmp_banks[3].u_kernel_tmp_bank/mem_reg_512_575_7_13/RAMF/WE","u_dut/vwrite_cmd_valid_q_reg/C","-0.050000000","clk","clk","clk","u_dut/vwrite_cmd_valid_q_reg","FDCE","u_dut/vwrite_cmd_valid_q_reg","u_dut/gen_tmp_banks[3].u_kernel_tmp_bank/mem_reg_512_575_7_13/RAMF","RAMD64E","u_dut/gen_tmp_banks.u_kernel_tmp_bank/mem_reg_512_575_7_13/RAMF","2","0.279000000","1.442000000","1.721000000","0.837884951","SLICE_X72Y37","SLICE_X86Y48","","","SIGNATURE_SKIPPED|FDCE|RAMD64E","SIGNATURE_SKIPPED|FDCE|RAMD64E","DUT_INTERNAL","u_dut/vwrite_cmd_valid_q_reg","u_dut/temp_bank","0.050000000"
"u_dut/gen_tmp_banks[3].u_kernel_tmp_bank/mem_reg_512_575_7_13/RAMG/WE","u_dut/vwrite_cmd_valid_q_reg/C","-0.050000000","clk","clk","clk","u_dut/vwrite_cmd_valid_q_reg","FDCE","u_dut/vwrite_cmd_valid_q_reg","u_dut/gen_tmp_banks[3].u_kernel_tmp_bank/mem_reg_512_575_7_13/RAMG","RAMD64E","u_dut/gen_tmp_banks.u_kernel_tmp_bank/mem_reg_512_575_7_13/RAMG","2","0.279000000","1.442000000","1.721000000","0.837884951","SLICE_X72Y37","SLICE_X86Y48","","","SIGNATURE_SKIPPED|FDCE|RAMD64E","SIGNATURE_SKIPPED|FDCE|RAMD64E","DUT_INTERNAL","u_dut/vwrite_cmd_valid_q_reg","u_dut/temp_bank","0.050000000"
"u_dut/gen_tmp_banks[3].u_kernel_tmp_bank/mem_reg_512_575_7_13/RAMH/WE","u_dut/vwrite_cmd_valid_q_reg/C","-0.050000000","clk","clk","clk","u_dut/vwrite_cmd_valid_q_reg","FDCE","u_dut/vwrite_cmd_valid_q_reg","u_dut/gen_tmp_banks[3].u_kernel_tmp_bank/mem_reg_512_575_7_13/RAMH","RAMD64E","u_dut/gen_tmp_banks.u_kernel_tmp_bank/mem_reg_512_575_7_13/RAMH","2","0.279000000","1.442000000","1.721000000","0.837884951","SLICE_X72Y37","SLICE_X86Y48","","","SIGNATURE_SKIPPED|FDCE|RAMD64E","SIGNATURE_SKIPPED|FDCE|RAMD64E","DUT_INTERNAL","u_dut/vwrite_cmd_valid_q_reg","u_dut/temp_bank","0.050000000"
"u_dut/gen_tmp_banks[3].u_kernel_tmp_bank/mem_reg_576_639_0_6/RAMA/WE","u_dut/vwrite_cmd_valid_q_reg/C","-0.014000000","clk","clk","clk","u_dut/vwrite_cmd_valid_q_reg","FDCE","u_dut/vwrite_cmd_valid_q_reg","u_dut/gen_tmp_banks[3].u_kernel_tmp_bank/mem_reg_576_639_0_6/RAMA","RAMD64E","u_dut/gen_tmp_banks.u_kernel_tmp_bank/mem_reg_576_639_0_6/RAMA","2","0.296000000","1.377000000","1.673000000","0.823072325","SLICE_X72Y37","SLICE_X89Y32","","","SIGNATURE_SKIPPED|FDCE|RAMD64E","SIGNATURE_SKIPPED|FDCE|RAMD64E","DUT_INTERNAL","u_dut/vwrite_cmd_valid_q_reg","u_dut/temp_bank","0.014000000"
"u_dut/gen_tmp_banks[3].u_kernel_tmp_bank/mem_reg_576_639_0_6/RAMB/WE","u_dut/vwrite_cmd_valid_q_reg/C","-0.014000000","clk","clk","clk","u_dut/vwrite_cmd_valid_q_reg","FDCE","u_dut/vwrite_cmd_valid_q_reg","u_dut/gen_tmp_banks[3].u_kernel_tmp_bank/mem_reg_576_639_0_6/RAMB","RAMD64E","u_dut/gen_tmp_banks.u_kernel_tmp_bank/mem_reg_576_639_0_6/RAMB","2","0.296000000","1.377000000","1.673000000","0.823072325","SLICE_X72Y37","SLICE_X89Y32","","","SIGNATURE_SKIPPED|FDCE|RAMD64E","SIGNATURE_SKIPPED|FDCE|RAMD64E","DUT_INTERNAL","u_dut/vwrite_cmd_valid_q_reg","u_dut/temp_bank","0.014000000"
"u_dut/gen_tmp_banks[3].u_kernel_tmp_bank/mem_reg_576_639_0_6/RAMC/WE","u_dut/vwrite_cmd_valid_q_reg/C","-0.014000000","clk","clk","clk","u_dut/vwrite_cmd_valid_q_reg","FDCE","u_dut/vwrite_cmd_valid_q_reg","u_dut/gen_tmp_banks[3].u_kernel_tmp_bank/mem_reg_576_639_0_6/RAMC","RAMD64E","u_dut/gen_tmp_banks.u_kernel_tmp_bank/mem_reg_576_639_0_6/RAMC","2","0.296000000","1.377000000","1.673000000","0.823072325","SLICE_X72Y37","SLICE_X89Y32","","","SIGNATURE_SKIPPED|FDCE|RAMD64E","SIGNATURE_SKIPPED|FDCE|RAMD64E","DUT_INTERNAL","u_dut/vwrite_cmd_valid_q_reg","u_dut/temp_bank","0.014000000"
"u_dut/gen_tmp_banks[3].u_kernel_tmp_bank/mem_reg_576_639_0_6/RAMD/WE","u_dut/vwrite_cmd_valid_q_reg/C","-0.014000000","clk","clk","clk","u_dut/vwrite_cmd_valid_q_reg","FDCE","u_dut/vwrite_cmd_valid_q_reg","u_dut/gen_tmp_banks[3].u_kernel_tmp_bank/mem_reg_576_639_0_6/RAMD","RAMD64E","u_dut/gen_tmp_banks.u_kernel_tmp_bank/mem_reg_576_639_0_6/RAMD","2","0.296000000","1.377000000","1.673000000","0.823072325","SLICE_X72Y37","SLICE_X89Y32","","","SIGNATURE_SKIPPED|FDCE|RAMD64E","SIGNATURE_SKIPPED|FDCE|RAMD64E","DUT_INTERNAL","u_dut/vwrite_cmd_valid_q_reg","u_dut/temp_bank","0.014000000"
"u_dut/gen_tmp_banks[3].u_kernel_tmp_bank/mem_reg_576_639_0_6/RAME/WE","u_dut/vwrite_cmd_valid_q_reg/C","-0.014000000","clk","clk","clk","u_dut/vwrite_cmd_valid_q_reg","FDCE","u_dut/vwrite_cmd_valid_q_reg","u_dut/gen_tmp_banks[3].u_kernel_tmp_bank/mem_reg_576_639_0_6/RAME","RAMD64E","u_dut/gen_tmp_banks.u_kernel_tmp_bank/mem_reg_576_639_0_6/RAME","2","0.296000000","1.377000000","1.673000000","0.823072325","SLICE_X72Y37","SLICE_X89Y32","","","SIGNATURE_SKIPPED|FDCE|RAMD64E","SIGNATURE_SKIPPED|FDCE|RAMD64E","DUT_INTERNAL","u_dut/vwrite_cmd_valid_q_reg","u_dut/temp_bank","0.014000000"
"u_dut/gen_tmp_banks[3].u_kernel_tmp_bank/mem_reg_576_639_0_6/RAMF/WE","u_dut/vwrite_cmd_valid_q_reg/C","-0.014000000","clk","clk","clk","u_dut/vwrite_cmd_valid_q_reg","FDCE","u_dut/vwrite_cmd_valid_q_reg","u_dut/gen_tmp_banks[3].u_kernel_tmp_bank/mem_reg_576_639_0_6/RAMF","RAMD64E","u_dut/gen_tmp_banks.u_kernel_tmp_bank/mem_reg_576_639_0_6/RAMF","2","0.296000000","1.377000000","1.673000000","0.823072325","SLICE_X72Y37","SLICE_X89Y32","","","SIGNATURE_SKIPPED|FDCE|RAMD64E","SIGNATURE_SKIPPED|FDCE|RAMD64E","DUT_INTERNAL","u_dut/vwrite_cmd_valid_q_reg","u_dut/temp_bank","0.014000000"
"u_dut/gen_tmp_banks[3].u_kernel_tmp_bank/mem_reg_576_639_0_6/RAMG/WE","u_dut/vwrite_cmd_valid_q_reg/C","-0.014000000","clk","clk","clk","u_dut/vwrite_cmd_valid_q_reg","FDCE","u_dut/vwrite_cmd_valid_q_reg","u_dut/gen_tmp_banks[3].u_kernel_tmp_bank/mem_reg_576_639_0_6/RAMG","RAMD64E","u_dut/gen_tmp_banks.u_kernel_tmp_bank/mem_reg_576_639_0_6/RAMG","2","0.296000000","1.377000000","1.673000000","0.823072325","SLICE_X72Y37","SLICE_X89Y32","","","SIGNATURE_SKIPPED|FDCE|RAMD64E","SIGNATURE_SKIPPED|FDCE|RAMD64E","DUT_INTERNAL","u_dut/vwrite_cmd_valid_q_reg","u_dut/temp_bank","0.014000000"
"u_dut/gen_tmp_banks[3].u_kernel_tmp_bank/mem_reg_576_639_0_6/RAMH/WE","u_dut/vwrite_cmd_valid_q_reg/C","-0.014000000","clk","clk","clk","u_dut/vwrite_cmd_valid_q_reg","FDCE","u_dut/vwrite_cmd_valid_q_reg","u_dut/gen_tmp_banks[3].u_kernel_tmp_bank/mem_reg_576_639_0_6/RAMH","RAMD64E","u_dut/gen_tmp_banks.u_kernel_tmp_bank/mem_reg_576_639_0_6/RAMH","2","0.296000000","1.377000000","1.673000000","0.823072325","SLICE_X72Y37","SLICE_X89Y32","","","SIGNATURE_SKIPPED|FDCE|RAMD64E","SIGNATURE_SKIPPED|FDCE|RAMD64E","DUT_INTERNAL","u_dut/vwrite_cmd_valid_q_reg","u_dut/temp_bank","0.014000000"
"u_dut/gen_tmp_banks[3].u_kernel_tmp_bank/mem_reg_576_639_14_15/RAMA/WE","u_dut/vwrite_cmd_valid_q_reg/C","-0.066000000","clk","clk","clk","u_dut/vwrite_cmd_valid_q_reg","FDCE","u_dut/vwrite_cmd_valid_q_reg","u_dut/gen_tmp_banks[3].u_kernel_tmp_bank/mem_reg_576_639_14_15/RAMA","RAMD64E","u_dut/gen_tmp_banks.u_kernel_tmp_bank/mem_reg_576_639_14_15/RAMA","2","0.296000000","1.448000000","1.744000000","0.830275229","SLICE_X72Y37","SLICE_X89Y59","","","SIGNATURE_SKIPPED|FDCE|RAMD64E","SIGNATURE_SKIPPED|FDCE|RAMD64E","DUT_INTERNAL","u_dut/vwrite_cmd_valid_q_reg","u_dut/temp_bank","0.066000000"
"u_dut/gen_tmp_banks[3].u_kernel_tmp_bank/mem_reg_576_639_14_15/RAMB/WE","u_dut/vwrite_cmd_valid_q_reg/C","-0.066000000","clk","clk","clk","u_dut/vwrite_cmd_valid_q_reg","FDCE","u_dut/vwrite_cmd_valid_q_reg","u_dut/gen_tmp_banks[3].u_kernel_tmp_bank/mem_reg_576_639_14_15/RAMB","RAMD64E","u_dut/gen_tmp_banks.u_kernel_tmp_bank/mem_reg_576_639_14_15/RAMB","2","0.296000000","1.448000000","1.744000000","0.830275229","SLICE_X72Y37","SLICE_X89Y59","","","SIGNATURE_SKIPPED|FDCE|RAMD64E","SIGNATURE_SKIPPED|FDCE|RAMD64E","DUT_INTERNAL","u_dut/vwrite_cmd_valid_q_reg","u_dut/temp_bank","0.066000000"
"u_dut/gen_tmp_banks[3].u_kernel_tmp_bank/mem_reg_576_639_14_15/RAMC/WE","u_dut/vwrite_cmd_valid_q_reg/C","-0.066000000","clk","clk","clk","u_dut/vwrite_cmd_valid_q_reg","FDCE","u_dut/vwrite_cmd_valid_q_reg","u_dut/gen_tmp_banks[3].u_kernel_tmp_bank/mem_reg_576_639_14_15/RAMC","RAMD64E","u_dut/gen_tmp_banks.u_kernel_tmp_bank/mem_reg_576_639_14_15/RAMC","2","0.296000000","1.448000000","1.744000000","0.830275229","SLICE_X72Y37","SLICE_X89Y59","","","SIGNATURE_SKIPPED|FDCE|RAMD64E","SIGNATURE_SKIPPED|FDCE|RAMD64E","DUT_INTERNAL","u_dut/vwrite_cmd_valid_q_reg","u_dut/temp_bank","0.066000000"
"u_dut/gen_tmp_banks[3].u_kernel_tmp_bank/mem_reg_576_639_14_15/RAMD/WE","u_dut/vwrite_cmd_valid_q_reg/C","-0.066000000","clk","clk","clk","u_dut/vwrite_cmd_valid_q_reg","FDCE","u_dut/vwrite_cmd_valid_q_reg","u_dut/gen_tmp_banks[3].u_kernel_tmp_bank/mem_reg_576_639_14_15/RAMD","RAMD64E","u_dut/gen_tmp_banks.u_kernel_tmp_bank/mem_reg_576_639_14_15/RAMD","2","0.296000000","1.448000000","1.744000000","0.830275229","SLICE_X72Y37","SLICE_X89Y59","","","SIGNATURE_SKIPPED|FDCE|RAMD64E","SIGNATURE_SKIPPED|FDCE|RAMD64E","DUT_INTERNAL","u_dut/vwrite_cmd_valid_q_reg","u_dut/temp_bank","0.066000000"
"u_dut/gen_tmp_banks[3].u_kernel_tmp_bank/mem_reg_704_767_7_13/RAMA/WADR5","u_dut/vwrite_cmd_addr_q_reg[5]/C","-0.033000000","clk","clk","clk","u_dut/vwrite_cmd_addr_q_reg[5]","FDCE","u_dut/vwrite_cmd_addr_q_reg","u_dut/gen_tmp_banks[3].u_kernel_tmp_bank/mem_reg_704_767_7_13/RAMA","RAMD64E","u_dut/gen_tmp_banks.u_kernel_tmp_bank/mem_reg_704_767_7_13/RAMA","0","0.080000000","1.727000000","1.807000000","0.955727726","SLICE_X77Y36","SLICE_X86Y44","","","SIGNATURE_SKIPPED|FDCE|RAMD64E","SIGNATURE_SKIPPED|FDCE|RAMD64E","DUT_INTERNAL","u_dut/vwrite_cmd_addr_q_reg","u_dut/temp_bank","0.033000000"
"u_dut/gen_tmp_banks[3].u_kernel_tmp_bank/mem_reg_704_767_7_13/RAMB/WADR5","u_dut/vwrite_cmd_addr_q_reg[5]/C","-0.033000000","clk","clk","clk","u_dut/vwrite_cmd_addr_q_reg[5]","FDCE","u_dut/vwrite_cmd_addr_q_reg","u_dut/gen_tmp_banks[3].u_kernel_tmp_bank/mem_reg_704_767_7_13/RAMB","RAMD64E","u_dut/gen_tmp_banks.u_kernel_tmp_bank/mem_reg_704_767_7_13/RAMB","0","0.080000000","1.727000000","1.807000000","0.955727726","SLICE_X77Y36","SLICE_X86Y44","","","SIGNATURE_SKIPPED|FDCE|RAMD64E","SIGNATURE_SKIPPED|FDCE|RAMD64E","DUT_INTERNAL","u_dut/vwrite_cmd_addr_q_reg","u_dut/temp_bank","0.033000000"
"u_dut/gen_tmp_banks[3].u_kernel_tmp_bank/mem_reg_704_767_7_13/RAMC/WADR5","u_dut/vwrite_cmd_addr_q_reg[5]/C","-0.033000000","clk","clk","clk","u_dut/vwrite_cmd_addr_q_reg[5]","FDCE","u_dut/vwrite_cmd_addr_q_reg","u_dut/gen_tmp_banks[3].u_kernel_tmp_bank/mem_reg_704_767_7_13/RAMC","RAMD64E","u_dut/gen_tmp_banks.u_kernel_tmp_bank/mem_reg_704_767_7_13/RAMC","0","0.080000000","1.727000000","1.807000000","0.955727726","SLICE_X77Y36","SLICE_X86Y44","","","SIGNATURE_SKIPPED|FDCE|RAMD64E","SIGNATURE_SKIPPED|FDCE|RAMD64E","DUT_INTERNAL","u_dut/vwrite_cmd_addr_q_reg","u_dut/temp_bank","0.033000000"
"u_dut/gen_tmp_banks[3].u_kernel_tmp_bank/mem_reg_704_767_7_13/RAMD/WADR5","u_dut/vwrite_cmd_addr_q_reg[5]/C","-0.033000000","clk","clk","clk","u_dut/vwrite_cmd_addr_q_reg[5]","FDCE","u_dut/vwrite_cmd_addr_q_reg","u_dut/gen_tmp_banks[3].u_kernel_tmp_bank/mem_reg_704_767_7_13/RAMD","RAMD64E","u_dut/gen_tmp_banks.u_kernel_tmp_bank/mem_reg_704_767_7_13/RAMD","0","0.080000000","1.727000000","1.807000000","0.955727726","SLICE_X77Y36","SLICE_X86Y44","","","SIGNATURE_SKIPPED|FDCE|RAMD64E","SIGNATURE_SKIPPED|FDCE|RAMD64E","DUT_INTERNAL","u_dut/vwrite_cmd_addr_q_reg","u_dut/temp_bank","0.033000000"
"u_dut/gen_tmp_banks[3].u_kernel_tmp_bank/mem_reg_704_767_7_13/RAME/WADR5","u_dut/vwrite_cmd_addr_q_reg[5]/C","-0.033000000","clk","clk","clk","u_dut/vwrite_cmd_addr_q_reg[5]","FDCE","u_dut/vwrite_cmd_addr_q_reg","u_dut/gen_tmp_banks[3].u_kernel_tmp_bank/mem_reg_704_767_7_13/RAME","RAMD64E","u_dut/gen_tmp_banks.u_kernel_tmp_bank/mem_reg_704_767_7_13/RAME","0","0.080000000","1.727000000","1.807000000","0.955727726","SLICE_X77Y36","SLICE_X86Y44","","","SIGNATURE_SKIPPED|FDCE|RAMD64E","SIGNATURE_SKIPPED|FDCE|RAMD64E","DUT_INTERNAL","u_dut/vwrite_cmd_addr_q_reg","u_dut/temp_bank","0.033000000"
"u_dut/gen_tmp_banks[3].u_kernel_tmp_bank/mem_reg_704_767_7_13/RAMF/WADR5","u_dut/vwrite_cmd_addr_q_reg[5]/C","-0.033000000","clk","clk","clk","u_dut/vwrite_cmd_addr_q_reg[5]","FDCE","u_dut/vwrite_cmd_addr_q_reg","u_dut/gen_tmp_banks[3].u_kernel_tmp_bank/mem_reg_704_767_7_13/RAMF","RAMD64E","u_dut/gen_tmp_banks.u_kernel_tmp_bank/mem_reg_704_767_7_13/RAMF","0","0.080000000","1.727000000","1.807000000","0.955727726","SLICE_X77Y36","SLICE_X86Y44","","","SIGNATURE_SKIPPED|FDCE|RAMD64E","SIGNATURE_SKIPPED|FDCE|RAMD64E","DUT_INTERNAL","u_dut/vwrite_cmd_addr_q_reg","u_dut/temp_bank","0.033000000"
"u_dut/gen_tmp_banks[3].u_kernel_tmp_bank/mem_reg_704_767_7_13/RAMG/WADR5","u_dut/vwrite_cmd_addr_q_reg[5]/C","-0.033000000","clk","clk","clk","u_dut/vwrite_cmd_addr_q_reg[5]","FDCE","u_dut/vwrite_cmd_addr_q_reg","u_dut/gen_tmp_banks[3].u_kernel_tmp_bank/mem_reg_704_767_7_13/RAMG","RAMD64E","u_dut/gen_tmp_banks.u_kernel_tmp_bank/mem_reg_704_767_7_13/RAMG","0","0.080000000","1.727000000","1.807000000","0.955727726","SLICE_X77Y36","SLICE_X86Y44","","","SIGNATURE_SKIPPED|FDCE|RAMD64E","SIGNATURE_SKIPPED|FDCE|RAMD64E","DUT_INTERNAL","u_dut/vwrite_cmd_addr_q_reg","u_dut/temp_bank","0.033000000"
"u_dut/gen_tmp_banks[3].u_kernel_tmp_bank/mem_reg_704_767_7_13/RAMH/WADR5","u_dut/vwrite_cmd_addr_q_reg[5]/C","-0.033000000","clk","clk","clk","u_dut/vwrite_cmd_addr_q_reg[5]","FDCE","u_dut/vwrite_cmd_addr_q_reg","u_dut/gen_tmp_banks[3].u_kernel_tmp_bank/mem_reg_704_767_7_13/RAMH","RAMD64E","u_dut/gen_tmp_banks.u_kernel_tmp_bank/mem_reg_704_767_7_13/RAMH","0","0.080000000","1.727000000","1.807000000","0.955727726","SLICE_X77Y36","SLICE_X86Y44","","","SIGNATURE_SKIPPED|FDCE|RAMD64E","SIGNATURE_SKIPPED|FDCE|RAMD64E","DUT_INTERNAL","u_dut/vwrite_cmd_addr_q_reg","u_dut/temp_bank","0.033000000"
"u_dut/kernel_ctx_active_size_q_reg[4]/D","u_dut/kernel_run_q_reg/C","-0.033000000","clk","clk","clk","u_dut/kernel_run_q_reg","FDCE","u_dut/kernel_run_q_reg","u_dut/kernel_ctx_active_size_q_reg[4]","FDCE","u_dut/kernel_ctx_active_size_q_reg","3","0.304000000","1.580000000","1.884000000","0.838641189","SLICE_X78Y21","SLICE_X83Y25","","","SIGNATURE_SKIPPED|FDCE|FDCE","SIGNATURE_SKIPPED|FDCE|FDCE","DUT_INTERNAL","u_dut/kernel_run_q_reg","u_dut/kernel_ctx_active_size_q_reg","0.033000000"
"u_dut/kernel_ctx_output_size_q_reg[2]/D","u_dut/output_active_reg_replica/C","-0.062000000","clk","clk","clk","u_dut/output_active_reg_replica","FDCE","u_dut/output_active_reg_replica","u_dut/kernel_ctx_output_size_q_reg[2]","FDCE","u_dut/kernel_ctx_output_size_q_reg","4","0.508000000","1.445000000","1.953000000","0.739887353","SLICE_X78Y21","SLICE_X68Y30","","","SIGNATURE_SKIPPED|FDCE|FDCE","SIGNATURE_SKIPPED|FDCE|FDCE","DUT_INTERNAL","u_dut/output_active_reg_replica","u_dut/kernel_ctx_output_size_q_reg","0.062000000"
"u_dut/kernel_ctx_output_size_q_reg[3]/D","u_dut/output_active_reg_replica/C","-0.034000000","clk","clk","clk","u_dut/output_active_reg_replica","FDCE","u_dut/output_active_reg_replica","u_dut/kernel_ctx_output_size_q_reg[3]","FDCE","u_dut/kernel_ctx_output_size_q_reg","4","0.495000000","1.439000000","1.934000000","0.744053775","SLICE_X78Y21","SLICE_X67Y31","","","SIGNATURE_SKIPPED|FDCE|FDCE","SIGNATURE_SKIPPED|FDCE|FDCE","DUT_INTERNAL","u_dut/output_active_reg_replica","u_dut/kernel_ctx_output_size_q_reg","0.034000000"
"u_dut/kernel_ctx_output_size_q_reg[3]_replica/D","u_dut/output_active_reg_replica/C","-0.017000000","clk","clk","clk","u_dut/output_active_reg_replica","FDCE","u_dut/output_active_reg_replica","u_dut/kernel_ctx_output_size_q_reg[3]_replica","FDCE","u_dut/kernel_ctx_output_size_q_reg_replica","4","0.495000000","1.420000000","1.915000000","0.741514360","SLICE_X78Y21","SLICE_X68Y31","","","SIGNATURE_SKIPPED|FDCE|FDCE","SIGNATURE_SKIPPED|FDCE|FDCE","DUT_INTERNAL","u_dut/output_active_reg_replica","u_dut/kernel_ctx_output_size_q_reg_replica","0.017000000"
"u_dut/kernel_ctx_output_size_q_reg[4]/D","u_dut/output_active_reg_replica/C","-0.107000000","clk","clk","clk","u_dut/output_active_reg_replica","FDCE","u_dut/output_active_reg_replica","u_dut/kernel_ctx_output_size_q_reg[4]","FDCE","u_dut/kernel_ctx_output_size_q_reg","4","0.621000000","1.383000000","2.004000000","0.690119760","SLICE_X78Y21","SLICE_X70Y31","","","SIGNATURE_SKIPPED|FDCE|FDCE","SIGNATURE_SKIPPED|FDCE|FDCE","DUT_INTERNAL","u_dut/output_active_reg_replica","u_dut/kernel_ctx_output_size_q_reg","0.107000000"
"u_dut/kernel_ctx_output_size_q_reg[5]/D","u_dut/output_active_reg_replica/C","-0.089000000","clk","clk","clk","u_dut/output_active_reg_replica","FDCE","u_dut/output_active_reg_replica","u_dut/kernel_ctx_output_size_q_reg[5]","FDCE","u_dut/kernel_ctx_output_size_q_reg","4","0.463000000","1.523000000","1.986000000","0.766868077","SLICE_X78Y21","SLICE_X69Y31","","","SIGNATURE_SKIPPED|FDCE|FDCE","SIGNATURE_SKIPPED|FDCE|FDCE","DUT_INTERNAL","u_dut/output_active_reg_replica","u_dut/kernel_ctx_output_size_q_reg","0.089000000"
"u_dut/kernel_ctx_output_size_q_reg[5]_replica/D","u_dut/output_active_reg_replica/C","-0.115000000","clk","clk","clk","u_dut/output_active_reg_replica","FDCE","u_dut/output_active_reg_replica","u_dut/kernel_ctx_output_size_q_reg[5]_replica","FDCE","u_dut/kernel_ctx_output_size_q_reg_replica","4","0.463000000","1.549000000","2.012000000","0.769880716","SLICE_X78Y21","SLICE_X70Y31","","","SIGNATURE_SKIPPED|FDCE|FDCE","SIGNATURE_SKIPPED|FDCE|FDCE","DUT_INTERNAL","u_dut/output_active_reg_replica","u_dut/kernel_ctx_output_size_q_reg_replica","0.115000000"
"u_dut/kernel_ctx_output_size_q_reg[6]/CE","u_dut/kernel_run_q_reg/C","-0.024000000","clk","clk","clk","u_dut/kernel_run_q_reg","FDCE","u_dut/kernel_run_q_reg","u_dut/kernel_ctx_output_size_q_reg[6]","FDCE","u_dut/kernel_ctx_output_size_q_reg","2","0.181000000","1.653000000","1.834000000","0.901308615","SLICE_X78Y21","SLICE_X69Y31","","","SIGNATURE_SKIPPED|FDCE|FDCE","SIGNATURE_SKIPPED|FDCE|FDCE","DUT_INTERNAL","u_dut/kernel_run_q_reg","u_dut/kernel_ctx_output_size_q_reg","0.024000000"
"u_dut/kernel_cut_h_q_reg[3]_replica/D","u_dut/output_active_reg_replica/C","-0.077000000","clk","clk","clk","u_dut/output_active_reg_replica","FDCE","u_dut/output_active_reg_replica","u_dut/kernel_cut_h_q_reg[3]_replica","FDCE","u_dut/kernel_cut_h_q_reg_replica","4","0.578000000","1.436000000","2.014000000","0.713008937","SLICE_X78Y21","SLICE_X77Y26","","","SIGNATURE_SKIPPED|FDCE|FDCE","SIGNATURE_SKIPPED|FDCE|FDCE","DUT_INTERNAL","u_dut/output_active_reg_replica","u_dut/kernel_cut_h_q_reg_replica","0.077000000"
"u_dut/kernel_cut_w_q_reg[0]/D","u_dut/slot_state_reg[0][1]/C","-0.024000000","clk","clk","clk","u_dut/slot_state_reg[0][1]","FDCE","u_dut/slot_state_reg","u_dut/kernel_cut_w_q_reg[0]","FDCE","u_dut/kernel_cut_w_q_reg","4","0.437000000","1.524000000","1.961000000","0.777154513","SLICE_X80Y21","SLICE_X73Y21","","","SIGNATURE_SKIPPED|FDCE|FDCE","SIGNATURE_SKIPPED|FDCE|FDCE","DUT_INTERNAL","u_dut/slot_state_reg","u_dut/kernel_cut_w_q_reg","0.024000000"
"u_dut/kernel_cut_w_q_reg[3]/D","u_dut/output_active_reg_replica/C","-0.005000000","clk","clk","clk","u_dut/output_active_reg_replica","FDCE","u_dut/output_active_reg_replica","u_dut/kernel_cut_w_q_reg[3]","FDCE","u_dut/kernel_cut_w_q_reg","4","0.540000000","1.408000000","1.948000000","0.722792608","SLICE_X78Y21","SLICE_X77Y20","","","SIGNATURE_SKIPPED|FDCE|FDCE","SIGNATURE_SKIPPED|FDCE|FDCE","DUT_INTERNAL","u_dut/output_active_reg_replica","u_dut/kernel_cut_w_q_reg","0.005000000"
"u_dut/kernel_h_groups_left_q_reg[2]/D","u_dut/slot_state_reg[0][1]/C","-0.001000000","clk","clk","clk","u_dut/slot_state_reg[0][1]","FDCE","u_dut/slot_state_reg","u_dut/kernel_h_groups_left_q_reg[2]","FDCE","u_dut/kernel_h_groups_left_q_reg","4","0.513000000","1.404000000","1.917000000","0.732394366","SLICE_X80Y21","SLICE_X84Y23","","","SIGNATURE_SKIPPED|FDCE|FDCE","SIGNATURE_SKIPPED|FDCE|FDCE","DUT_INTERNAL","u_dut/slot_state_reg","u_dut/kernel_h_groups_left_q_reg","0.001000000"
"u_dut/kernel_h_groups_per_row_q_reg[3]/D","u_dut/slot_state_reg[0][1]/C","-0.076000000","clk","clk","clk","u_dut/slot_state_reg[0][1]","FDCE","u_dut/slot_state_reg","u_dut/kernel_h_groups_per_row_q_reg[3]","FDCE","u_dut/kernel_h_groups_per_row_q_reg","4","0.458000000","1.535000000","1.993000000","0.770195685","SLICE_X80Y21","SLICE_X84Y22","","","SIGNATURE_SKIPPED|FDCE|FDCE","SIGNATURE_SKIPPED|FDCE|FDCE","DUT_INTERNAL","u_dut/slot_state_reg","u_dut/kernel_h_groups_per_row_q_reg","0.076000000"
"u_dut/kernel_h_input_commit_wait_q_reg/D","u_dut/output_active_reg_replica/C","-0.122000000","clk","clk","clk","u_dut/output_active_reg_replica","FDCE","u_dut/output_active_reg_replica","u_dut/kernel_h_input_commit_wait_q_reg","FDCE","u_dut/kernel_h_input_commit_wait_q_reg","4","0.493000000","1.522000000","2.015000000","0.755334988","SLICE_X78Y21","SLICE_X72Y30","","","SIGNATURE_SKIPPED|FDCE|FDCE","SIGNATURE_SKIPPED|FDCE|FDCE","DUT_INTERNAL","u_dut/output_active_reg_replica","u_dut/kernel_h_input_commit_wait_q_reg","0.122000000"
"u_dut/kernel_h_input_commit_wait_q_reg_replica_1/D","u_dut/output_active_reg_replica/C","-0.082000000","clk","clk","clk","u_dut/output_active_reg_replica","FDCE","u_dut/output_active_reg_replica","u_dut/kernel_h_input_commit_wait_q_reg_replica_1","FDCE","u_dut/kernel_h_input_commit_wait_q_reg_replica_1","4","0.493000000","1.486000000","1.979000000","0.750884285","SLICE_X78Y21","SLICE_X69Y31","","","SIGNATURE_SKIPPED|FDCE|FDCE","SIGNATURE_SKIPPED|FDCE|FDCE","DUT_INTERNAL","u_dut/output_active_reg_replica","u_dut/kernel_h_input_commit_wait_q_reg_replica_1","0.082000000"
"u_dut/kernel_h_rd_addr_q_reg[0][5]/D","u_dut/kernel_h_rd_raw_tail_pending_q_reg/C","-0.018000000","clk","clk","clk","u_dut/kernel_h_rd_raw_tail_pending_q_reg","FDCE","u_dut/kernel_h_rd_raw_tail_pending_q_reg","u_dut/kernel_h_rd_addr_q_reg[0][5]","FDCE","u_dut/kernel_h_rd_addr_q_reg","3","0.338000000","1.581000000","1.919000000","0.823866597","SLICE_X73Y32","SLICE_X79Y30","","","SIGNATURE_SKIPPED|FDCE|FDCE","SIGNATURE_SKIPPED|FDCE|FDCE","DUT_INTERNAL","u_dut/kernel_h_rd_raw_tail_pending_q_reg","u_dut/kernel_h_rd_addr_q_reg","0.018000000"
"u_dut/kernel_h_rd_addr_q_reg[1][5]/D","u_dut/kernel_h_rd_raw_tail_pending_q_reg/C","-0.024000000","clk","clk","clk","u_dut/kernel_h_rd_raw_tail_pending_q_reg","FDCE","u_dut/kernel_h_rd_raw_tail_pending_q_reg","u_dut/kernel_h_rd_addr_q_reg[1][5]","FDCE","u_dut/kernel_h_rd_addr_q_reg","3","0.337000000","1.607000000","1.944000000","0.826646091","SLICE_X73Y32","SLICE_X79Y50","","","SIGNATURE_SKIPPED|FDCE|FDCE","SIGNATURE_SKIPPED|FDCE|FDCE","DUT_INTERNAL","u_dut/kernel_h_rd_raw_tail_pending_q_reg","u_dut/kernel_h_rd_addr_q_reg","0.024000000"
"u_dut/kernel_h_rd_data_q_reg[0]/CE","u_dut/u_unified_p4_kernel/reserved_groups_q_reg[5]/C","-0.022000000","clk","clk","clk","u_dut/u_unified_p4_kernel/reserved_groups_q_reg[5]","FDCE","u_dut/u_unified_p4_kernel/reserved_groups_q_reg","u_dut/kernel_h_rd_data_q_reg[0]","FDCE","u_dut/kernel_h_rd_data_q_reg","5","0.527000000","1.297000000","1.824000000","0.711074561","SLICE_X68Y30","SLICE_X78Y29","","","SIGNATURE_SKIPPED|FDCE|FDCE","SIGNATURE_SKIPPED|FDCE|FDCE","DUT_INTERNAL","u_dut/u_unified_p4_kernel/reserved_groups_q_reg","u_dut/kernel_h_rd_data_q_reg","0.022000000"
"u_dut/kernel_h_rd_data_q_reg[0]/D","u_dut/kernel_h_rd_addr_q_reg[0][0]/C","-0.040000000","clk","clk","clk","u_dut/kernel_h_rd_addr_q_reg[0][0]","FDCE","u_dut/kernel_h_rd_addr_q_reg","u_dut/kernel_h_rd_data_q_reg[0]","FDCE","u_dut/kernel_h_rd_data_q_reg","5","0.519000000","1.430000000","1.949000000","0.733709595","SLICE_X79Y29","SLICE_X78Y29","","","SIGNATURE_SKIPPED|FDCE|FDCE","SIGNATURE_SKIPPED|FDCE|FDCE","DUT_INTERNAL","u_dut/kernel_h_rd_addr_q_reg","u_dut/kernel_h_rd_data_q_reg","0.040000000"
"u_dut/kernel_h_rd_data_q_reg[10]/D","u_dut/kernel_h_rd_addr_q_reg[0][0]/C","-0.070000000","clk","clk","clk","u_dut/kernel_h_rd_addr_q_reg[0][0]","FDCE","u_dut/kernel_h_rd_addr_q_reg","u_dut/kernel_h_rd_data_q_reg[10]","FDCE","u_dut/kernel_h_rd_data_q_reg","5","0.390000000","1.590000000","1.980000000","0.803030303","SLICE_X79Y29","SLICE_X78Y34","","","SIGNATURE_SKIPPED|FDCE|FDCE","SIGNATURE_SKIPPED|FDCE|FDCE","DUT_INTERNAL","u_dut/kernel_h_rd_addr_q_reg","u_dut/kernel_h_rd_data_q_reg","0.070000000"
"u_dut/kernel_h_rd_data_q_reg[11]/D","u_dut/kernel_h_rd_addr_q_reg[0][0]/C","-0.063000000","clk","clk","clk","u_dut/kernel_h_rd_addr_q_reg[0][0]","FDCE","u_dut/kernel_h_rd_addr_q_reg","u_dut/kernel_h_rd_data_q_reg[11]","FDCE","u_dut/kernel_h_rd_data_q_reg","5","0.494000000","1.481000000","1.975000000","0.749873418","SLICE_X79Y29","SLICE_X77Y36","","","SIGNATURE_SKIPPED|FDCE|FDCE","SIGNATURE_SKIPPED|FDCE|FDCE","DUT_INTERNAL","u_dut/kernel_h_rd_addr_q_reg","u_dut/kernel_h_rd_data_q_reg","0.063000000"
"u_dut/kernel_h_rd_data_q_reg[12]/D","u_dut/kernel_h_rd_addr_q_reg[0][0]/C","-0.083000000","clk","clk","clk","u_dut/kernel_h_rd_addr_q_reg[0][0]","FDCE","u_dut/kernel_h_rd_addr_q_reg","u_dut/kernel_h_rd_data_q_reg[12]","FDCE","u_dut/kernel_h_rd_data_q_reg","5","0.432000000","1.556000000","1.988000000","0.782696177","SLICE_X79Y29","SLICE_X74Y32","","","SIGNATURE_SKIPPED|FDCE|FDCE","SIGNATURE_SKIPPED|FDCE|FDCE","DUT_INTERNAL","u_dut/kernel_h_rd_addr_q_reg","u_dut/kernel_h_rd_data_q_reg","0.083000000"
"u_dut/kernel_h_rd_data_q_reg[13]/D","u_dut/kernel_h_rd_addr_q_reg[0][0]/C","-0.051000000","clk","clk","clk","u_dut/kernel_h_rd_addr_q_reg[0][0]","FDCE","u_dut/kernel_h_rd_addr_q_reg","u_dut/kernel_h_rd_data_q_reg[13]","FDCE","u_dut/kernel_h_rd_data_q_reg","5","0.458000000","1.511000000","1.969000000","0.767394617","SLICE_X79Y29","SLICE_X75Y39","","","SIGNATURE_SKIPPED|FDCE|FDCE","SIGNATURE_SKIPPED|FDCE|FDCE","DUT_INTERNAL","u_dut/kernel_h_rd_addr_q_reg","u_dut/kernel_h_rd_data_q_reg","0.051000000"
"u_dut/kernel_h_rd_data_q_reg[14]/D","u_dut/kernel_h_rd_addr_q_reg[0][2]/C","-0.060000000","clk","clk","clk","u_dut/kernel_h_rd_addr_q_reg[0][2]","FDCE","u_dut/kernel_h_rd_addr_q_reg","u_dut/kernel_h_rd_data_q_reg[14]","FDCE","u_dut/kernel_h_rd_data_q_reg","5","0.406000000","1.551000000","1.957000000","0.792539601","SLICE_X79Y30","SLICE_X80Y34","","","SIGNATURE_SKIPPED|FDCE|FDCE","SIGNATURE_SKIPPED|FDCE|FDCE","DUT_INTERNAL","u_dut/kernel_h_rd_addr_q_reg","u_dut/kernel_h_rd_data_q_reg","0.060000000"
"u_dut/kernel_h_rd_data_q_reg[15]/CE","u_dut/u_unified_p4_kernel/reserved_groups_q_reg[5]/C","-0.057000000","clk","clk","clk","u_dut/u_unified_p4_kernel/reserved_groups_q_reg[5]","FDCE","u_dut/u_unified_p4_kernel/reserved_groups_q_reg","u_dut/kernel_h_rd_data_q_reg[15]","FDCE","u_dut/kernel_h_rd_data_q_reg","5","0.438000000","1.383000000","1.821000000","0.759472817","SLICE_X68Y30","SLICE_X83Y33","","","SIGNATURE_SKIPPED|FDCE|FDCE","SIGNATURE_SKIPPED|FDCE|FDCE","DUT_INTERNAL","u_dut/u_unified_p4_kernel/reserved_groups_q_reg","u_dut/kernel_h_rd_data_q_reg","0.057000000"
"u_dut/kernel_h_rd_data_q_reg[15]/D","u_dut/kernel_h_rd_addr_q_reg[0][0]/C","-0.062000000","clk","clk","clk","u_dut/kernel_h_rd_addr_q_reg[0][0]","FDCE","u_dut/kernel_h_rd_addr_q_reg","u_dut/kernel_h_rd_data_q_reg[15]","FDCE","u_dut/kernel_h_rd_data_q_reg","5","0.587000000","1.348000000","1.935000000","0.696640827","SLICE_X79Y29","SLICE_X83Y33","","","SIGNATURE_SKIPPED|FDCE|FDCE","SIGNATURE_SKIPPED|FDCE|FDCE","DUT_INTERNAL","u_dut/kernel_h_rd_addr_q_reg","u_dut/kernel_h_rd_data_q_reg","0.062000000"
"u_dut/kernel_h_rd_data_q_reg[16]/CE","u_dut/u_unified_p4_kernel/reserved_groups_q_reg[5]/C","-0.051000000","clk","clk","clk","u_dut/u_unified_p4_kernel/reserved_groups_q_reg[5]","FDCE","u_dut/u_unified_p4_kernel/reserved_groups_q_reg","u_dut/kernel_h_rd_data_q_reg[16]","FDCE","u_dut/kernel_h_rd_data_q_reg","5","0.464000000","1.398000000","1.862000000","0.750805585","SLICE_X68Y30","SLICE_X77Y42","","","SIGNATURE_SKIPPED|FDCE|FDCE","SIGNATURE_SKIPPED|FDCE|FDCE","DUT_INTERNAL","u_dut/u_unified_p4_kernel/reserved_groups_q_reg","u_dut/kernel_h_rd_data_q_reg","0.051000000"
"u_dut/kernel_h_rd_data_q_reg[17]/D","u_dut/kernel_h_rd_addr_q_reg[1][0]/C","-0.098000000","clk","clk","clk","u_dut/kernel_h_rd_addr_q_reg[1][0]","FDCE","u_dut/kernel_h_rd_addr_q_reg","u_dut/kernel_h_rd_data_q_reg[17]","FDCE","u_dut/kernel_h_rd_data_q_reg","5","0.481000000","1.539000000","2.020000000","0.761881188","SLICE_X80Y47","SLICE_X73Y30","","","SIGNATURE_SKIPPED|FDCE|FDCE","SIGNATURE_SKIPPED|FDCE|FDCE","DUT_INTERNAL","u_dut/kernel_h_rd_addr_q_reg","u_dut/kernel_h_rd_data_q_reg","0.098000000"
"u_dut/kernel_h_rd_data_q_reg[18]/D","u_dut/kernel_h_rd_addr_q_reg[1][1]/C","-0.081000000","clk","clk","clk","u_dut/kernel_h_rd_addr_q_reg[1][1]","FDCE","u_dut/kernel_h_rd_addr_q_reg","u_dut/kernel_h_rd_data_q_reg[18]","FDCE","u_dut/kernel_h_rd_data_q_reg","5","0.426000000","1.577000000","2.003000000","0.787319021","SLICE_X80Y47","SLICE_X75Y32","","","SIGNATURE_SKIPPED|FDCE|FDCE","SIGNATURE_SKIPPED|FDCE|FDCE","DUT_INTERNAL","u_dut/kernel_h_rd_addr_q_reg","u_dut/kernel_h_rd_data_q_reg","0.081000000"
"u_dut/kernel_h_rd_data_q_reg[19]/D","u_dut/kernel_h_rd_addr_q_reg[1][2]/C","-0.024000000","clk","clk","clk","u_dut/kernel_h_rd_addr_q_reg[1][2]","FDCE","u_dut/kernel_h_rd_addr_q_reg","u_dut/kernel_h_rd_data_q_reg[19]","FDCE","u_dut/kernel_h_rd_data_q_reg","5","0.478000000","1.470000000","1.948000000","0.754620123","SLICE_X79Y44","SLICE_X74Y38","","","SIGNATURE_SKIPPED|FDCE|FDCE","SIGNATURE_SKIPPED|FDCE|FDCE","DUT_INTERNAL","u_dut/kernel_h_rd_addr_q_reg","u_dut/kernel_h_rd_data_q_reg","0.024000000"
"u_dut/kernel_h_rd_data_q_reg[20]/D","u_dut/kernel_h_rd_addr_q_reg[1][3]/C","-0.121000000","clk","clk","clk","u_dut/kernel_h_rd_addr_q_reg[1][3]","FDCE","u_dut/kernel_h_rd_addr_q_reg","u_dut/kernel_h_rd_data_q_reg[20]","FDCE","u_dut/kernel_h_rd_data_q_reg","5","0.424000000","1.610000000","2.034000000","0.791543756","SLICE_X79Y44","SLICE_X78Y35","","","SIGNATURE_SKIPPED|FDCE|FDCE","SIGNATURE_SKIPPED|FDCE|FDCE","DUT_INTERNAL","u_dut/kernel_h_rd_addr_q_reg","u_dut/kernel_h_rd_data_q_reg","0.121000000"
"u_dut/kernel_h_rd_data_q_reg[21]/D","u_dut/kernel_h_rd_addr_q_reg[1][0]/C","-0.066000000","clk","clk","clk","u_dut/kernel_h_rd_addr_q_reg[1][0]","FDCE","u_dut/kernel_h_rd_addr_q_reg","u_dut/kernel_h_rd_data_q_reg[21]","FDCE","u_dut/kernel_h_rd_data_q_reg","5","0.506000000","1.486000000","1.992000000","0.745983936","SLICE_X80Y47","SLICE_X77Y36","","","SIGNATURE_SKIPPED|FDCE|FDCE","SIGNATURE_SKIPPED|FDCE|FDCE","DUT_INTERNAL","u_dut/kernel_h_rd_addr_q_reg","u_dut/kernel_h_rd_data_q_reg","0.066000000"
"u_dut/kernel_h_rd_data_q_reg[22]/D","u_dut/kernel_h_rd_addr_q_reg[1][3]/C","-0.060000000","clk","clk","clk","u_dut/kernel_h_rd_addr_q_reg[1][3]","FDCE","u_dut/kernel_h_rd_addr_q_reg","u_dut/kernel_h_rd_data_q_reg[22]","FDCE","u_dut/kernel_h_rd_data_q_reg","5","0.399000000","1.570000000","1.969000000","0.797359066","SLICE_X79Y44","SLICE_X74Y34","","","SIGNATURE_SKIPPED|FDCE|FDCE","SIGNATURE_SKIPPED|FDCE|FDCE","DUT_INTERNAL","u_dut/kernel_h_rd_addr_q_reg","u_dut/kernel_h_rd_data_q_reg","0.060000000"
"u_dut/kernel_h_rd_data_q_reg[24]/D","u_dut/kernel_h_rd_addr_q_reg[1][1]/C","-0.054000000","clk","clk","clk","u_dut/kernel_h_rd_addr_q_reg[1][1]","FDCE","u_dut/kernel_h_rd_addr_q_reg","u_dut/kernel_h_rd_data_q_reg[24]","FDCE","u_dut/kernel_h_rd_data_q_reg","5","0.421000000","1.564000000","1.985000000","0.787909320","SLICE_X80Y47","SLICE_X75Y39","","","SIGNATURE_SKIPPED|FDCE|FDCE","SIGNATURE_SKIPPED|FDCE|FDCE","DUT_INTERNAL","u_dut/kernel_h_rd_addr_q_reg","u_dut/kernel_h_rd_data_q_reg","0.054000000"
"u_dut/kernel_h_rd_data_q_reg[25]/D","u_dut/kernel_h_rd_addr_q_reg[1][3]/C","-0.028000000","clk","clk","clk","u_dut/kernel_h_rd_addr_q_reg[1][3]","FDCE","u_dut/kernel_h_rd_addr_q_reg","u_dut/kernel_h_rd_data_q_reg[25]","FDCE","u_dut/kernel_h_rd_data_q_reg","5","0.341000000","1.599000000","1.940000000","0.824226804","SLICE_X79Y44","SLICE_X74Y33","","","SIGNATURE_SKIPPED|FDCE|FDCE","SIGNATURE_SKIPPED|FDCE|FDCE","DUT_INTERNAL","u_dut/kernel_h_rd_addr_q_reg","u_dut/kernel_h_rd_data_q_reg","0.028000000"
"u_dut/kernel_h_rd_data_q_reg[26]/D","u_dut/kernel_h_rd_addr_q_reg[1][3]/C","-0.083000000","clk","clk","clk","u_dut/kernel_h_rd_addr_q_reg[1][3]","FDCE","u_dut/kernel_h_rd_addr_q_reg","u_dut/kernel_h_rd_data_q_reg[26]","FDCE","u_dut/kernel_h_rd_data_q_reg","5","0.406000000","1.592000000","1.998000000","0.796796797","SLICE_X79Y44","SLICE_X78Y35","","","SIGNATURE_SKIPPED|FDCE|FDCE","SIGNATURE_SKIPPED|FDCE|FDCE","DUT_INTERNAL","u_dut/kernel_h_rd_addr_q_reg","u_dut/kernel_h_rd_data_q_reg","0.083000000"
"u_dut/kernel_h_rd_data_q_reg[28]/D","u_dut/kernel_h_rd_addr_q_reg[1][3]/C","-0.087000000","clk","clk","clk","u_dut/kernel_h_rd_addr_q_reg[1][3]","FDCE","u_dut/kernel_h_rd_addr_q_reg","u_dut/kernel_h_rd_data_q_reg[28]","FDCE","u_dut/kernel_h_rd_data_q_reg","5","0.421000000","1.575000000","1.996000000","0.789078156","SLICE_X79Y44","SLICE_X77Y32","","","SIGNATURE_SKIPPED|FDCE|FDCE","SIGNATURE_SKIPPED|FDCE|FDCE","DUT_INTERNAL","u_dut/kernel_h_rd_addr_q_reg","u_dut/kernel_h_rd_data_q_reg","0.087000000"
"u_dut/kernel_h_rd_data_q_reg[29]/D","u_dut/kernel_h_rd_addr_q_reg[1][3]/C","-0.118000000","clk","clk","clk","u_dut/kernel_h_rd_addr_q_reg[1][3]","FDCE","u_dut/kernel_h_rd_addr_q_reg","u_dut/kernel_h_rd_data_q_reg[29]","FDCE","u_dut/kernel_h_rd_data_q_reg","5","0.338000000","1.691000000","2.029000000","0.833415476","SLICE_X79Y44","SLICE_X74Y33","","","SIGNATURE_SKIPPED|FDCE|FDCE","SIGNATURE_SKIPPED|FDCE|FDCE","DUT_INTERNAL","u_dut/kernel_h_rd_addr_q_reg","u_dut/kernel_h_rd_data_q_reg","0.118000000"
"u_dut/kernel_h_rd_data_q_reg[2]/CE","u_dut/u_unified_p4_kernel/reserved_groups_q_reg[5]/C","-0.070000000","clk","clk","clk","u_dut/u_unified_p4_kernel/reserved_groups_q_reg[5]","FDCE","u_dut/u_unified_p4_kernel/reserved_groups_q_reg","u_dut/kernel_h_rd_data_q_reg[2]","FDCE","u_dut/kernel_h_rd_data_q_reg","5","0.464000000","1.407000000","1.871000000","0.752004276","SLICE_X68Y30","SLICE_X77Y32","","","SIGNATURE_SKIPPED|FDCE|FDCE","SIGNATURE_SKIPPED|FDCE|FDCE","DUT_INTERNAL","u_dut/u_unified_p4_kernel/reserved_groups_q_reg","u_dut/kernel_h_rd_data_q_reg","0.070000000"
"u_dut/kernel_h_rd_data_q_reg[2]/D","u_dut/kernel_h_rd_addr_q_reg[0][0]/C","-0.008000000","clk","clk","clk","u_dut/kernel_h_rd_addr_q_reg[0][0]","FDCE","u_dut/kernel_h_rd_addr_q_reg","u_dut/kernel_h_rd_data_q_reg[2]","FDCE","u_dut/kernel_h_rd_data_q_reg","5","0.501000000","1.417000000","1.918000000","0.738790407","SLICE_X79Y29","SLICE_X77Y32","","","SIGNATURE_SKIPPED|FDCE|FDCE","SIGNATURE_SKIPPED|FDCE|FDCE","DUT_INTERNAL","u_dut/kernel_h_rd_addr_q_reg","u_dut/kernel_h_rd_data_q_reg","0.008000000"
"u_dut/kernel_h_rd_data_q_reg[30]/D","u_dut/kernel_h_rd_addr_q_reg[1][3]/C","-0.060000000","clk","clk","clk","u_dut/kernel_h_rd_addr_q_reg[1][3]","FDCE","u_dut/kernel_h_rd_addr_q_reg","u_dut/kernel_h_rd_data_q_reg[30]","FDCE","u_dut/kernel_h_rd_data_q_reg","5","0.418000000","1.555000000","1.973000000","0.788139888","SLICE_X79Y44","SLICE_X78Y35","","","SIGNATURE_SKIPPED|FDCE|FDCE","SIGNATURE_SKIPPED|FDCE|FDCE","DUT_INTERNAL","u_dut/kernel_h_rd_addr_q_reg","u_dut/kernel_h_rd_data_q_reg","0.060000000"
"u_dut/kernel_h_rd_data_q_reg[31]/D","u_dut/kernel_h_rd_addr_q_reg[1][2]/C","-0.036000000","clk","clk","clk","u_dut/kernel_h_rd_addr_q_reg[1][2]","FDCE","u_dut/kernel_h_rd_addr_q_reg","u_dut/kernel_h_rd_data_q_reg[31]","FDCE","u_dut/kernel_h_rd_data_q_reg","5","0.415000000","1.534000000","1.949000000","0.787070292","SLICE_X79Y44","SLICE_X77Y34","","","SIGNATURE_SKIPPED|FDCE|FDCE","SIGNATURE_SKIPPED|FDCE|FDCE","DUT_INTERNAL","u_dut/kernel_h_rd_addr_q_reg","u_dut/kernel_h_rd_data_q_reg","0.036000000"
"u_dut/kernel_h_rd_data_q_reg[32]/D","u_dut/kernel_h_rd_addr_q_reg[2][2]/C","-0.078000000","clk","clk","clk","u_dut/kernel_h_rd_addr_q_reg[2][2]","FDCE","u_dut/kernel_h_rd_addr_q_reg","u_dut/kernel_h_rd_data_q_reg[32]","FDCE","u_dut/kernel_h_rd_data_q_reg","5","0.484000000","1.527000000","2.011000000","0.759323720","SLICE_X85Y35","SLICE_X74Y33","","","SIGNATURE_SKIPPED|FDCE|FDCE","SIGNATURE_SKIPPED|FDCE|FDCE","DUT_INTERNAL","u_dut/kernel_h_rd_addr_q_reg","u_dut/kernel_h_rd_data_q_reg","0.078000000"
"u_dut/kernel_h_rd_data_q_reg[33]/D","u_dut/kernel_h_rd_addr_q_reg[2][5]/C","-0.146000000","clk","clk","clk","u_dut/kernel_h_rd_addr_q_reg[2][5]","FDCE","u_dut/kernel_h_rd_addr_q_reg","u_dut/kernel_h_rd_data_q_reg[33]","FDCE","u_dut/kernel_h_rd_data_q_reg","5","0.435000000","1.623000000","2.058000000","0.788629738","SLICE_X85Y36","SLICE_X78Y35","","","SIGNATURE_SKIPPED|FDCE|FDCE","SIGNATURE_SKIPPED|FDCE|FDCE","DUT_INTERNAL","u_dut/kernel_h_rd_addr_q_reg","u_dut/kernel_h_rd_data_q_reg","0.146000000"
"u_dut/kernel_h_rd_data_q_reg[35]/D","u_dut/kernel_h_rd_addr_q_reg[2][3]/C","-0.046000000","clk","clk","clk","u_dut/kernel_h_rd_addr_q_reg[2][3]","FDCE","u_dut/kernel_h_rd_addr_q_reg","u_dut/kernel_h_rd_data_q_reg[35]","FDCE","u_dut/kernel_h_rd_data_q_reg","5","0.464000000","1.530000000","1.994000000","0.767301906","SLICE_X87Y31","SLICE_X78Y30","","","SIGNATURE_SKIPPED|FDCE|FDCE","SIGNATURE_SKIPPED|FDCE|FDCE","DUT_INTERNAL","u_dut/kernel_h_rd_addr_q_reg","u_dut/kernel_h_rd_data_q_reg","0.046000000"
"u_dut/kernel_h_rd_data_q_reg[36]/D","u_dut/kernel_h_rd_addr_q_reg[2][2]/C","-0.088000000","clk","clk","clk","u_dut/kernel_h_rd_addr_q_reg[2][2]","FDCE","u_dut/kernel_h_rd_addr_q_reg","u_dut/kernel_h_rd_data_q_reg[36]","FDCE","u_dut/kernel_h_rd_data_q_reg","5","0.454000000","1.566000000","2.020000000","0.775247525","SLICE_X85Y35","SLICE_X74Y33","","","SIGNATURE_SKIPPED|FDCE|FDCE","SIGNATURE_SKIPPED|FDCE|FDCE","DUT_INTERNAL","u_dut/kernel_h_rd_addr_q_reg","u_dut/kernel_h_rd_data_q_reg","0.088000000"
"u_dut/kernel_h_rd_data_q_reg[38]/D","u_dut/kernel_h_rd_addr_q_reg[2][2]/C","-0.021000000","clk","clk","clk","u_dut/kernel_h_rd_addr_q_reg[2][2]","FDCE","u_dut/kernel_h_rd_addr_q_reg","u_dut/kernel_h_rd_data_q_reg[38]","FDCE","u_dut/kernel_h_rd_data_q_reg","5","0.389000000","1.563000000","1.952000000","0.800717213","SLICE_X85Y35","SLICE_X74Y31","","","SIGNATURE_SKIPPED|FDCE|FDCE","SIGNATURE_SKIPPED|FDCE|FDCE","DUT_INTERNAL","u_dut/kernel_h_rd_addr_q_reg","u_dut/kernel_h_rd_data_q_reg","0.021000000"
"u_dut/kernel_h_rd_data_q_reg[39]/CE","u_dut/u_unified_p4_kernel/reserved_groups_q_reg[5]/C","-0.021000000","clk","clk","clk","u_dut/u_unified_p4_kernel/reserved_groups_q_reg[5]","FDCE","u_dut/u_unified_p4_kernel/reserved_groups_q_reg","u_dut/kernel_h_rd_data_q_reg[39]","FDCE","u_dut/kernel_h_rd_data_q_reg","5","0.527000000","1.298000000","1.825000000","0.711232877","SLICE_X68Y30","SLICE_X78Y28","","","SIGNATURE_SKIPPED|FDCE|FDCE","SIGNATURE_SKIPPED|FDCE|FDCE","DUT_INTERNAL","u_dut/u_unified_p4_kernel/reserved_groups_q_reg","u_dut/kernel_h_rd_data_q_reg","0.021000000"
"u_dut/kernel_h_rd_data_q_reg[3]/CE","u_dut/u_unified_p4_kernel/reserved_groups_q_reg[5]/C","-0.068000000","clk","clk","clk","u_dut/u_unified_p4_kernel/reserved_groups_q_reg[5]","FDCE","u_dut/u_unified_p4_kernel/reserved_groups_q_reg","u_dut/kernel_h_rd_data_q_reg[3]","FDCE","u_dut/kernel_h_rd_data_q_reg","5","0.464000000","1.405000000","1.869000000","0.751738898","SLICE_X68Y30","SLICE_X77Y32","","","SIGNATURE_SKIPPED|FDCE|FDCE","SIGNATURE_SKIPPED|FDCE|FDCE","DUT_INTERNAL","u_dut/u_unified_p4_kernel/reserved_groups_q_reg","u_dut/kernel_h_rd_data_q_reg","0.068000000"
"u_dut/kernel_h_rd_data_q_reg[3]/D","u_dut/kernel_h_rd_addr_q_reg[0][0]/C","-0.117000000","clk","clk","clk","u_dut/kernel_h_rd_addr_q_reg[0][0]","FDCE","u_dut/kernel_h_rd_addr_q_reg","u_dut/kernel_h_rd_data_q_reg[3]","FDCE","u_dut/kernel_h_rd_data_q_reg","5","0.477000000","1.549000000","2.026000000","0.764560711","SLICE_X79Y29","SLICE_X77Y32","","","SIGNATURE_SKIPPED|FDCE|FDCE","SIGNATURE_SKIPPED|FDCE|FDCE","DUT_INTERNAL","u_dut/kernel_h_rd_addr_q_reg","u_dut/kernel_h_rd_data_q_reg","0.117000000"
"u_dut/kernel_h_rd_data_q_reg[40]/CE","u_dut/u_unified_p4_kernel/reserved_groups_q_reg[5]/C","-0.068000000","clk","clk","clk","u_dut/u_unified_p4_kernel/reserved_groups_q_reg[5]","FDCE","u_dut/u_unified_p4_kernel/reserved_groups_q_reg","u_dut/kernel_h_rd_data_q_reg[40]","FDCE","u_dut/kernel_h_rd_data_q_reg","5","0.464000000","1.405000000","1.869000000","0.751738898","SLICE_X68Y30","SLICE_X78Y32","","","SIGNATURE_SKIPPED|FDCE|FDCE","SIGNATURE_SKIPPED|FDCE|FDCE","DUT_INTERNAL","u_dut/u_unified_p4_kernel/reserved_groups_q_reg","u_dut/kernel_h_rd_data_q_reg","0.068000000"
"u_dut/kernel_h_rd_data_q_reg[41]/D","u_dut/kernel_h_rd_addr_q_reg[2][5]/C","-0.036000000","clk","clk","clk","u_dut/kernel_h_rd_addr_q_reg[2][5]","FDCE","u_dut/kernel_h_rd_addr_q_reg","u_dut/kernel_h_rd_data_q_reg[41]","FDCE","u_dut/kernel_h_rd_data_q_reg","5","0.269000000","1.675000000","1.944000000","0.861625514","SLICE_X85Y36","SLICE_X76Y34","","","SIGNATURE_SKIPPED|FDCE|FDCE","SIGNATURE_SKIPPED|FDCE|FDCE","DUT_INTERNAL","u_dut/kernel_h_rd_addr_q_reg","u_dut/kernel_h_rd_data_q_reg","0.036000000"
"u_dut/kernel_h_rd_data_q_reg[44]/D","u_dut/kernel_h_rd_addr_q_reg[2][2]/C","-0.069000000","clk","clk","clk","u_dut/kernel_h_rd_addr_q_reg[2][2]","FDCE","u_dut/kernel_h_rd_addr_q_reg","u_dut/kernel_h_rd_data_q_reg[44]","FDCE","u_dut/kernel_h_rd_data_q_reg","5","0.456000000","1.545000000","2.001000000","0.772113943","SLICE_X85Y35","SLICE_X76Y34","","","SIGNATURE_SKIPPED|FDCE|FDCE","SIGNATURE_SKIPPED|FDCE|FDCE","DUT_INTERNAL","u_dut/kernel_h_rd_addr_q_reg","u_dut/kernel_h_rd_data_q_reg","0.069000000"
"u_dut/kernel_h_rd_data_q_reg[45]/CE","u_dut/u_unified_p4_kernel/reserved_groups_q_reg[5]/C","-0.032000000","clk","clk","clk","u_dut/u_unified_p4_kernel/reserved_groups_q_reg[5]","FDCE","u_dut/u_unified_p4_kernel/reserved_groups_q_reg","u_dut/kernel_h_rd_data_q_reg[45]","FDCE","u_dut/kernel_h_rd_data_q_reg","5","0.464000000","1.375000000","1.839000000","0.747688961","SLICE_X68Y30","SLICE_X76Y39","","","SIGNATURE_SKIPPED|FDCE|FDCE","SIGNATURE_SKIPPED|FDCE|FDCE","DUT_INTERNAL","u_dut/u_unified_p4_kernel/reserved_groups_q_reg","u_dut/kernel_h_rd_data_q_reg","0.032000000"
"u_dut/kernel_h_rd_data_q_reg[45]/D","u_dut/kernel_h_rd_addr_q_reg[2][1]/C","-0.072000000","clk","clk","clk","u_dut/kernel_h_rd_addr_q_reg[2][1]","FDCE","u_dut/kernel_h_rd_addr_q_reg","u_dut/kernel_h_rd_data_q_reg[45]","FDCE","u_dut/kernel_h_rd_data_q_reg","5","0.418000000","1.598000000","2.016000000","0.792658730","SLICE_X85Y31","SLICE_X76Y39","","","SIGNATURE_SKIPPED|FDCE|FDCE","SIGNATURE_SKIPPED|FDCE|FDCE","DUT_INTERNAL","u_dut/kernel_h_rd_addr_q_reg","u_dut/kernel_h_rd_data_q_reg","0.072000000"
"u_dut/kernel_h_rd_data_q_reg[46]/D","u_dut/kernel_h_rd_addr_q_reg[2][1]/C","-0.033000000","clk","clk","clk","u_dut/kernel_h_rd_addr_q_reg[2][1]","FDCE","u_dut/kernel_h_rd_addr_q_reg","u_dut/kernel_h_rd_data_q_reg[46]","FDCE","u_dut/kernel_h_rd_data_q_reg","5","0.507000000","1.467000000","1.974000000","0.743161094","SLICE_X85Y31","SLICE_X78Y35","","","SIGNATURE_SKIPPED|FDCE|FDCE","SIGNATURE_SKIPPED|FDCE|FDCE","DUT_INTERNAL","u_dut/kernel_h_rd_addr_q_reg","u_dut/kernel_h_rd_data_q_reg","0.033000000"
"u_dut/kernel_h_rd_data_q_reg[47]/CE","u_dut/u_unified_p4_kernel/reserved_groups_q_reg[5]/C","-0.021000000","clk","clk","clk","u_dut/u_unified_p4_kernel/reserved_groups_q_reg[5]","FDCE","u_dut/u_unified_p4_kernel/reserved_groups_q_reg","u_dut/kernel_h_rd_data_q_reg[47]","FDCE","u_dut/kernel_h_rd_data_q_reg","5","0.527000000","1.298000000","1.825000000","0.711232877","SLICE_X68Y30","SLICE_X78Y28","","","SIGNATURE_SKIPPED|FDCE|FDCE","SIGNATURE_SKIPPED|FDCE|FDCE","DUT_INTERNAL","u_dut/u_unified_p4_kernel/reserved_groups_q_reg","u_dut/kernel_h_rd_data_q_reg","0.021000000"
"u_dut/kernel_h_rd_data_q_reg[47]/D","u_dut/kernel_h_rd_addr_q_reg[2][1]/C","-0.001000000","clk","clk","clk","u_dut/kernel_h_rd_addr_q_reg[2][1]","FDCE","u_dut/kernel_h_rd_addr_q_reg","u_dut/kernel_h_rd_data_q_reg[47]","FDCE","u_dut/kernel_h_rd_data_q_reg","5","0.452000000","1.489000000","1.941000000","0.767130345","SLICE_X85Y31","SLICE_X78Y28","","","SIGNATURE_SKIPPED|FDCE|FDCE","SIGNATURE_SKIPPED|FDCE|FDCE","DUT_INTERNAL","u_dut/kernel_h_rd_addr_q_reg","u_dut/kernel_h_rd_data_q_reg","0.001000000"
"u_dut/kernel_h_rd_data_q_reg[49]/CE","u_dut/u_unified_p4_kernel/reserved_groups_q_reg[5]/C","-0.068000000","clk","clk","clk","u_dut/u_unified_p4_kernel/reserved_groups_q_reg[5]","FDCE","u_dut/u_unified_p4_kernel/reserved_groups_q_reg","u_dut/kernel_h_rd_data_q_reg[49]","FDCE","u_dut/kernel_h_rd_data_q_reg","5","0.464000000","1.405000000","1.869000000","0.751738898","SLICE_X68Y30","SLICE_X78Y32","","","SIGNATURE_SKIPPED|FDCE|FDCE","SIGNATURE_SKIPPED|FDCE|FDCE","DUT_INTERNAL","u_dut/u_unified_p4_kernel/reserved_groups_q_reg","u_dut/kernel_h_rd_data_q_reg","0.068000000"
"u_dut/kernel_h_rd_data_q_reg[4]/CE","u_dut/u_unified_p4_kernel/reserved_groups_q_reg[5]/C","-0.057000000","clk","clk","clk","u_dut/u_unified_p4_kernel/reserved_groups_q_reg[5]","FDCE","u_dut/u_unified_p4_kernel/reserved_groups_q_reg","u_dut/kernel_h_rd_data_q_reg[4]","FDCE","u_dut/kernel_h_rd_data_q_reg","5","0.438000000","1.383000000","1.821000000","0.759472817","SLICE_X68Y30","SLICE_X83Y33","","","SIGNATURE_SKIPPED|FDCE|FDCE","SIGNATURE_SKIPPED|FDCE|FDCE","DUT_INTERNAL","u_dut/u_unified_p4_kernel/reserved_groups_q_reg","u_dut/kernel_h_rd_data_q_reg","0.057000000"
"u_dut/kernel_h_rd_data_q_reg[50]/D","u_dut/kernel_h_rd_addr_q_reg[3][3]/C","-0.069000000","clk","clk","clk","u_dut/kernel_h_rd_addr_q_reg[3][3]","FDCE","u_dut/kernel_h_rd_addr_q_reg","u_dut/kernel_h_rd_data_q_reg[50]","FDCE","u_dut/kernel_h_rd_data_q_reg","5","0.503000000","1.500000000","2.003000000","0.748876685","SLICE_X85Y34","SLICE_X73Y33","","","SIGNATURE_SKIPPED|FDCE|FDCE","SIGNATURE_SKIPPED|FDCE|FDCE","DUT_INTERNAL","u_dut/kernel_h_rd_addr_q_reg","u_dut/kernel_h_rd_data_q_reg","0.069000000"
"u_dut/kernel_h_rd_data_q_reg[51]/CE","u_dut/u_unified_p4_kernel/reserved_groups_q_reg[5]/C","-0.022000000","clk","clk","clk","u_dut/u_unified_p4_kernel/reserved_groups_q_reg[5]","FDCE","u_dut/u_unified_p4_kernel/reserved_groups_q_reg","u_dut/kernel_h_rd_data_q_reg[51]","FDCE","u_dut/kernel_h_rd_data_q_reg","5","0.527000000","1.296000000","1.823000000","0.710916072","SLICE_X68Y30","SLICE_X78Y29","","","SIGNATURE_SKIPPED|FDCE|FDCE","SIGNATURE_SKIPPED|FDCE|FDCE","DUT_INTERNAL","u_dut/u_unified_p4_kernel/reserved_groups_q_reg","u_dut/kernel_h_rd_data_q_reg","0.022000000"
"u_dut/kernel_h_rd_data_q_reg[51]/D","u_dut/kernel_h_rd_addr_q_reg[3][2]/C","-0.098000000","clk","clk","clk","u_dut/kernel_h_rd_addr_q_reg[3][2]","FDCE","u_dut/kernel_h_rd_addr_q_reg","u_dut/kernel_h_rd_data_q_reg[51]","FDCE","u_dut/kernel_h_rd_data_q_reg","5","0.441000000","1.565000000","2.006000000","0.780159521","SLICE_X84Y40","SLICE_X78Y29","","","SIGNATURE_SKIPPED|FDCE|FDCE","SIGNATURE_SKIPPED|FDCE|FDCE","DUT_INTERNAL","u_dut/kernel_h_rd_addr_q_reg","u_dut/kernel_h_rd_data_q_reg","0.098000000"
"u_dut/kernel_h_rd_data_q_reg[53]/CE","u_dut/u_unified_p4_kernel/reserved_groups_q_reg[5]/C","-0.032000000","clk","clk","clk","u_dut/u_unified_p4_kernel/reserved_groups_q_reg[5]","FDCE","u_dut/u_unified_p4_kernel/reserved_groups_q_reg","u_dut/kernel_h_rd_data_q_reg[53]","FDCE","u_dut/kernel_h_rd_data_q_reg","5","0.464000000","1.375000000","1.839000000","0.747688961","SLICE_X68Y30","SLICE_X76Y39","","","SIGNATURE_SKIPPED|FDCE|FDCE","SIGNATURE_SKIPPED|FDCE|FDCE","DUT_INTERNAL","u_dut/u_unified_p4_kernel/reserved_groups_q_reg","u_dut/kernel_h_rd_data_q_reg","0.032000000"
"u_dut/kernel_h_rd_data_q_reg[53]/D","u_dut/kernel_h_rd_addr_q_reg[3][4]/C","-0.027000000","clk","clk","clk","u_dut/kernel_h_rd_addr_q_reg[3][4]","FDCE","u_dut/kernel_h_rd_addr_q_reg","u_dut/kernel_h_rd_data_q_reg[53]","FDCE","u_dut/kernel_h_rd_data_q_reg","5","0.370000000","1.571000000","1.941000000","0.809376610","SLICE_X84Y36","SLICE_X76Y39","","","SIGNATURE_SKIPPED|FDCE|FDCE","SIGNATURE_SKIPPED|FDCE|FDCE","DUT_INTERNAL","u_dut/kernel_h_rd_addr_q_reg","u_dut/kernel_h_rd_data_q_reg","0.027000000"
"u_dut/kernel_h_rd_data_q_reg[58]/D","u_dut/kernel_h_rd_addr_q_reg[3][3]/C","-0.009000000","clk","clk","clk","u_dut/kernel_h_rd_addr_q_reg[3][3]","FDCE","u_dut/kernel_h_rd_addr_q_reg","u_dut/kernel_h_rd_data_q_reg[58]","FDCE","u_dut/kernel_h_rd_data_q_reg","5","0.334000000","1.612000000","1.946000000","0.828365879","SLICE_X85Y34","SLICE_X78Y36","","","SIGNATURE_SKIPPED|FDCE|FDCE","SIGNATURE_SKIPPED|FDCE|FDCE","DUT_INTERNAL","u_dut/kernel_h_rd_addr_q_reg","u_dut/kernel_h_rd_data_q_reg","0.009000000"
"u_dut/kernel_h_rd_data_q_reg[5]/CE","u_dut/u_unified_p4_kernel/reserved_groups_q_reg[5]/C","-0.068000000","clk","clk","clk","u_dut/u_unified_p4_kernel/reserved_groups_q_reg[5]","FDCE","u_dut/u_unified_p4_kernel/reserved_groups_q_reg","u_dut/kernel_h_rd_data_q_reg[5]","FDCE","u_dut/kernel_h_rd_data_q_reg","5","0.464000000","1.405000000","1.869000000","0.751738898","SLICE_X68Y30","SLICE_X77Y32","","","SIGNATURE_SKIPPED|FDCE|FDCE","SIGNATURE_SKIPPED|FDCE|FDCE","DUT_INTERNAL","u_dut/u_unified_p4_kernel/reserved_groups_q_reg","u_dut/kernel_h_rd_data_q_reg","0.068000000"
"u_dut/kernel_h_rd_data_q_reg[5]/D","u_dut/kernel_h_rd_addr_q_reg[0][0]/C","-0.048000000","clk","clk","clk","u_dut/kernel_h_rd_addr_q_reg[0][0]","FDCE","u_dut/kernel_h_rd_addr_q_reg","u_dut/kernel_h_rd_data_q_reg[5]","FDCE","u_dut/kernel_h_rd_data_q_reg","5","0.527000000","1.430000000","1.957000000","0.730710271","SLICE_X79Y29","SLICE_X77Y32","","","SIGNATURE_SKIPPED|FDCE|FDCE","SIGNATURE_SKIPPED|FDCE|FDCE","DUT_INTERNAL","u_dut/kernel_h_rd_addr_q_reg","u_dut/kernel_h_rd_data_q_reg","0.048000000"
"u_dut/kernel_h_rd_data_q_reg[63]/D","u_dut/kernel_h_rd_addr_q_reg[3][1]_replica_5/C","-0.052000000","clk","clk","clk","u_dut/kernel_h_rd_addr_q_reg[3][1]_replica_5","FDCE","u_dut/kernel_h_rd_addr_q_reg_replica_5","u_dut/kernel_h_rd_data_q_reg[63]","FDCE","u_dut/kernel_h_rd_data_q_reg","5","0.449000000","1.542000000","1.991000000","0.774485183","SLICE_X80Y48","SLICE_X78Y37","","","SIGNATURE_SKIPPED|FDCE|FDCE","SIGNATURE_SKIPPED|FDCE|FDCE","DUT_INTERNAL","u_dut/kernel_h_rd_addr_q_reg_replica_5","u_dut/kernel_h_rd_data_q_reg","0.052000000"
"u_dut/kernel_h_rd_data_q_reg[6]/D","u_dut/kernel_h_rd_addr_q_reg[0][0]/C","-0.036000000","clk","clk","clk","u_dut/kernel_h_rd_addr_q_reg[0][0]","FDCE","u_dut/kernel_h_rd_addr_q_reg","u_dut/kernel_h_rd_data_q_reg[6]","FDCE","u_dut/kernel_h_rd_data_q_reg","5","0.506000000","1.443000000","1.949000000","0.740379682","SLICE_X79Y29","SLICE_X78Y35","","","SIGNATURE_SKIPPED|FDCE|FDCE","SIGNATURE_SKIPPED|FDCE|FDCE","DUT_INTERNAL","u_dut/kernel_h_rd_addr_q_reg","u_dut/kernel_h_rd_data_q_reg","0.036000000"
"u_dut/kernel_h_rd_data_q_reg[7]/D","u_dut/kernel_h_rd_addr_q_reg[0][0]/C","-0.096000000","clk","clk","clk","u_dut/kernel_h_rd_addr_q_reg[0][0]","FDCE","u_dut/kernel_h_rd_addr_q_reg","u_dut/kernel_h_rd_data_q_reg[7]","FDCE","u_dut/kernel_h_rd_data_q_reg","5","0.468000000","1.539000000","2.007000000","0.766816143","SLICE_X79Y29","SLICE_X73Y33","","","SIGNATURE_SKIPPED|FDCE|FDCE","SIGNATURE_SKIPPED|FDCE|FDCE","DUT_INTERNAL","u_dut/kernel_h_rd_addr_q_reg","u_dut/kernel_h_rd_data_q_reg","0.096000000"
"u_dut/kernel_h_rd_data_q_reg[8]/CE","u_dut/u_unified_p4_kernel/reserved_groups_q_reg[5]/C","-0.068000000","clk","clk","clk","u_dut/u_unified_p4_kernel/reserved_groups_q_reg[5]","FDCE","u_dut/u_unified_p4_kernel/reserved_groups_q_reg","u_dut/kernel_h_rd_data_q_reg[8]","FDCE","u_dut/kernel_h_rd_data_q_reg","5","0.464000000","1.405000000","1.869000000","0.751738898","SLICE_X68Y30","SLICE_X77Y32","","","SIGNATURE_SKIPPED|FDCE|FDCE","SIGNATURE_SKIPPED|FDCE|FDCE","DUT_INTERNAL","u_dut/u_unified_p4_kernel/reserved_groups_q_reg","u_dut/kernel_h_rd_data_q_reg","0.068000000"
"u_dut/kernel_h_rd_data_q_reg[9]/D","u_dut/kernel_h_rd_addr_q_reg[0][0]/C","-0.084000000","clk","clk","clk","u_dut/kernel_h_rd_addr_q_reg[0][0]","FDCE","u_dut/kernel_h_rd_addr_q_reg","u_dut/kernel_h_rd_data_q_reg[9]","FDCE","u_dut/kernel_h_rd_data_q_reg","5","0.506000000","1.486000000","1.992000000","0.745983936","SLICE_X79Y29","SLICE_X74Y34","","","SIGNATURE_SKIPPED|FDCE|FDCE","SIGNATURE_SKIPPED|FDCE|FDCE","DUT_INTERNAL","u_dut/kernel_h_rd_addr_q_reg","u_dut/kernel_h_rd_data_q_reg","0.084000000"
"u_dut/kernel_h_rd_data_tail_q_reg[10]/CE","u_dut/u_unified_p4_kernel/reserved_groups_q_reg[5]/C","-0.014000000","clk","clk","clk","u_dut/u_unified_p4_kernel/reserved_groups_q_reg[5]","FDCE","u_dut/u_unified_p4_kernel/reserved_groups_q_reg","u_dut/kernel_h_rd_data_tail_q_reg[10]","FDCE","u_dut/kernel_h_rd_data_tail_q_reg","4","0.372000000","1.419000000","1.791000000","0.792294807","SLICE_X68Y30","SLICE_X83Y32","","","SIGNATURE_SKIPPED|FDCE|FDCE","SIGNATURE_SKIPPED|FDCE|FDCE","DUT_INTERNAL","u_dut/u_unified_p4_kernel/reserved_groups_q_reg","u_dut/kernel_h_rd_data_tail_q_reg","0.014000000"
"u_dut/kernel_h_rd_data_tail_q_reg[12]/CE","u_dut/u_unified_p4_kernel/reserved_groups_q_reg[5]/C","-0.014000000","clk","clk","clk","u_dut/u_unified_p4_kernel/reserved_groups_q_reg[5]","FDCE","u_dut/u_unified_p4_kernel/reserved_groups_q_reg","u_dut/kernel_h_rd_data_tail_q_reg[12]","FDCE","u_dut/kernel_h_rd_data_tail_q_reg","4","0.372000000","1.420000000","1.792000000","0.792410714","SLICE_X68Y30","SLICE_X83Y32","","","SIGNATURE_SKIPPED|FDCE|FDCE","SIGNATURE_SKIPPED|FDCE|FDCE","DUT_INTERNAL","u_dut/u_unified_p4_kernel/reserved_groups_q_reg","u_dut/kernel_h_rd_data_tail_q_reg","0.014000000"
"u_dut/kernel_h_rd_data_tail_q_reg[13]/CE","u_dut/u_unified_p4_kernel/reserved_groups_q_reg[5]/C","-0.014000000","clk","clk","clk","u_dut/u_unified_p4_kernel/reserved_groups_q_reg[5]","FDCE","u_dut/u_unified_p4_kernel/reserved_groups_q_reg","u_dut/kernel_h_rd_data_tail_q_reg[13]","FDCE","u_dut/kernel_h_rd_data_tail_q_reg","4","0.372000000","1.420000000","1.792000000","0.792410714","SLICE_X68Y30","SLICE_X83Y32","","","SIGNATURE_SKIPPED|FDCE|FDCE","SIGNATURE_SKIPPED|FDCE|FDCE","DUT_INTERNAL","u_dut/u_unified_p4_kernel/reserved_groups_q_reg","u_dut/kernel_h_rd_data_tail_q_reg","0.014000000"
"u_dut/kernel_h_rd_data_tail_q_reg[14]/CE","u_dut/u_unified_p4_kernel/reserved_groups_q_reg[5]/C","-0.020000000","clk","clk","clk","u_dut/u_unified_p4_kernel/reserved_groups_q_reg[5]","FDCE","u_dut/u_unified_p4_kernel/reserved_groups_q_reg","u_dut/kernel_h_rd_data_tail_q_reg[14]","FDCE","u_dut/kernel_h_rd_data_tail_q_reg","4","0.372000000","1.418000000","1.790000000","0.792178771","SLICE_X68Y30","SLICE_X84Y32","","","SIGNATURE_SKIPPED|FDCE|FDCE","SIGNATURE_SKIPPED|FDCE|FDCE","DUT_INTERNAL","u_dut/u_unified_p4_kernel/reserved_groups_q_reg","u_dut/kernel_h_rd_data_tail_q_reg","0.020000000"
"u_dut/kernel_h_rd_data_tail_q_reg[15]/CE","u_dut/u_unified_p4_kernel/reserved_groups_q_reg[5]/C","-0.014000000","clk","clk","clk","u_dut/u_unified_p4_kernel/reserved_groups_q_reg[5]","FDCE","u_dut/u_unified_p4_kernel/reserved_groups_q_reg","u_dut/kernel_h_rd_data_tail_q_reg[15]","FDCE","u_dut/kernel_h_rd_data_tail_q_reg","4","0.372000000","1.419000000","1.791000000","0.792294807","SLICE_X68Y30","SLICE_X83Y32","","","SIGNATURE_SKIPPED|FDCE|FDCE","SIGNATURE_SKIPPED|FDCE|FDCE","DUT_INTERNAL","u_dut/u_unified_p4_kernel/reserved_groups_q_reg","u_dut/kernel_h_rd_data_tail_q_reg","0.014000000"
"u_dut/kernel_h_rd_data_tail_q_reg[18]/CE","u_dut/u_unified_p4_kernel/reserved_groups_q_reg[5]/C","-0.006000000","clk","clk","clk","u_dut/u_unified_p4_kernel/reserved_groups_q_reg[5]","FDCE","u_dut/u_unified_p4_kernel/reserved_groups_q_reg","u_dut/kernel_h_rd_data_tail_q_reg[18]","FDCE","u_dut/kernel_h_rd_data_tail_q_reg","4","0.372000000","1.408000000","1.780000000","0.791011236","SLICE_X68Y30","SLICE_X87Y35","","","SIGNATURE_SKIPPED|FDCE|FDCE","SIGNATURE_SKIPPED|FDCE|FDCE","DUT_INTERNAL","u_dut/u_unified_p4_kernel/reserved_groups_q_reg","u_dut/kernel_h_rd_data_tail_q_reg","0.006000000"
"u_dut/kernel_h_rd_data_tail_q_reg[20]/CE","u_dut/u_unified_p4_kernel/reserved_groups_q_reg[5]/C","-0.016000000","clk","clk","clk","u_dut/u_unified_p4_kernel/reserved_groups_q_reg[5]","FDCE","u_dut/u_unified_p4_kernel/reserved_groups_q_reg","u_dut/kernel_h_rd_data_tail_q_reg[20]","FDCE","u_dut/kernel_h_rd_data_tail_q_reg","4","0.372000000","1.424000000","1.796000000","0.792873051","SLICE_X68Y30","SLICE_X82Y32","","","SIGNATURE_SKIPPED|FDCE|FDCE","SIGNATURE_SKIPPED|FDCE|FDCE","DUT_INTERNAL","u_dut/u_unified_p4_kernel/reserved_groups_q_reg","u_dut/kernel_h_rd_data_tail_q_reg","0.016000000"
"u_dut/kernel_h_rd_data_tail_q_reg[20]/D","u_dut/kernel_h_rd_addr_q_reg[1][3]/C","-0.059000000","clk","clk","clk","u_dut/kernel_h_rd_addr_q_reg[1][3]","FDCE","u_dut/kernel_h_rd_addr_q_reg","u_dut/kernel_h_rd_data_tail_q_reg[20]","FDCE","u_dut/kernel_h_rd_data_tail_q_reg","4","0.374000000","1.576000000","1.950000000","0.808205128","SLICE_X79Y44","SLICE_X82Y32","","","SIGNATURE_SKIPPED|FDCE|FDCE","SIGNATURE_SKIPPED|FDCE|FDCE","DUT_INTERNAL","u_dut/kernel_h_rd_addr_q_reg","u_dut/kernel_h_rd_data_tail_q_reg","0.059000000"
"u_dut/kernel_h_rd_data_tail_q_reg[22]/D","u_dut/kernel_h_rd_addr_q_reg[1][3]/C","-0.022000000","clk","clk","clk","u_dut/kernel_h_rd_addr_q_reg[1][3]","FDCE","u_dut/kernel_h_rd_addr_q_reg","u_dut/kernel_h_rd_data_tail_q_reg[22]","FDCE","u_dut/kernel_h_rd_data_tail_q_reg","4","0.301000000","1.633000000","1.934000000","0.844364012","SLICE_X79Y44","SLICE_X78Y34","","","SIGNATURE_SKIPPED|FDCE|FDCE","SIGNATURE_SKIPPED|FDCE|FDCE","DUT_INTERNAL","u_dut/kernel_h_rd_addr_q_reg","u_dut/kernel_h_rd_data_tail_q_reg","0.022000000"
"u_dut/kernel_h_rd_data_tail_q_reg[25]/CE","u_dut/u_unified_p4_kernel/reserved_groups_q_reg[5]/C","-0.035000000","clk","clk","clk","u_dut/u_unified_p4_kernel/reserved_groups_q_reg[5]","FDCE","u_dut/u_unified_p4_kernel/reserved_groups_q_reg","u_dut/kernel_h_rd_data_tail_q_reg[25]","FDCE","u_dut/kernel_h_rd_data_tail_q_reg","4","0.486000000","1.358000000","1.844000000","0.736442516","SLICE_X68Y30","SLICE_X77Y43","","","SIGNATURE_SKIPPED|FDCE|FDCE","SIGNATURE_SKIPPED|FDCE|FDCE","DUT_INTERNAL","u_dut/u_unified_p4_kernel/reserved_groups_q_reg","u_dut/kernel_h_rd_data_tail_q_reg","0.035000000"
"u_dut/kernel_h_rd_data_tail_q_reg[26]/D","u_dut/kernel_h_rd_addr_q_reg[1][3]/C","-0.064000000","clk","clk","clk","u_dut/kernel_h_rd_addr_q_reg[1][3]","FDCE","u_dut/kernel_h_rd_addr_q_reg","u_dut/kernel_h_rd_data_tail_q_reg[26]","FDCE","u_dut/kernel_h_rd_data_tail_q_reg","4","0.370000000","1.606000000","1.976000000","0.812753036","SLICE_X79Y44","SLICE_X77Y33","","","SIGNATURE_SKIPPED|FDCE|FDCE","SIGNATURE_SKIPPED|FDCE|FDCE","DUT_INTERNAL","u_dut/kernel_h_rd_addr_q_reg","u_dut/kernel_h_rd_data_tail_q_reg","0.064000000"
"u_dut/kernel_h_rd_data_tail_q_reg[27]/D","u_dut/kernel_h_rd_addr_q_reg[1][3]/C","-0.065000000","clk","clk","clk","u_dut/kernel_h_rd_addr_q_reg[1][3]","FDCE","u_dut/kernel_h_rd_addr_q_reg","u_dut/kernel_h_rd_data_tail_q_reg[27]","FDCE","u_dut/kernel_h_rd_data_tail_q_reg","4","0.348000000","1.627000000","1.975000000","0.823797468","SLICE_X79Y44","SLICE_X78Y33","","","SIGNATURE_SKIPPED|FDCE|FDCE","SIGNATURE_SKIPPED|FDCE|FDCE","DUT_INTERNAL","u_dut/kernel_h_rd_addr_q_reg","u_dut/kernel_h_rd_data_tail_q_reg","0.065000000"
"u_dut/kernel_h_rd_data_tail_q_reg[29]/D","u_dut/kernel_h_rd_addr_q_reg[1][3]/C","-0.074000000","clk","clk","clk","u_dut/kernel_h_rd_addr_q_reg[1][3]","FDCE","u_dut/kernel_h_rd_addr_q_reg","u_dut/kernel_h_rd_data_tail_q_reg[29]","FDCE","u_dut/kernel_h_rd_data_tail_q_reg","4","0.301000000","1.683000000","1.984000000","0.848286290","SLICE_X79Y44","SLICE_X78Y33","","","SIGNATURE_SKIPPED|FDCE|FDCE","SIGNATURE_SKIPPED|FDCE|FDCE","DUT_INTERNAL","u_dut/kernel_h_rd_addr_q_reg","u_dut/kernel_h_rd_data_tail_q_reg","0.074000000"
"u_dut/kernel_h_rd_data_tail_q_reg[2]/CE","u_dut/u_unified_p4_kernel/reserved_groups_q_reg[5]/C","-0.014000000","clk","clk","clk","u_dut/u_unified_p4_kernel/reserved_groups_q_reg[5]","FDCE","u_dut/u_unified_p4_kernel/reserved_groups_q_reg","u_dut/kernel_h_rd_data_tail_q_reg[2]","FDCE","u_dut/kernel_h_rd_data_tail_q_reg","4","0.372000000","1.420000000","1.792000000","0.792410714","SLICE_X68Y30","SLICE_X83Y32","","","SIGNATURE_SKIPPED|FDCE|FDCE","SIGNATURE_SKIPPED|FDCE|FDCE","DUT_INTERNAL","u_dut/u_unified_p4_kernel/reserved_groups_q_reg","u_dut/kernel_h_rd_data_tail_q_reg","0.014000000"
"u_dut/kernel_h_rd_data_tail_q_reg[31]/D","u_dut/kernel_h_rd_addr_q_reg[1][2]/C","-0.036000000","clk","clk","clk","u_dut/kernel_h_rd_addr_q_reg[1][2]","FDCE","u_dut/kernel_h_rd_addr_q_reg","u_dut/kernel_h_rd_data_tail_q_reg[31]","FDCE","u_dut/kernel_h_rd_data_tail_q_reg","4","0.379000000","1.568000000","1.947000000","0.805341551","SLICE_X79Y44","SLICE_X77Y34","","","SIGNATURE_SKIPPED|FDCE|FDCE","SIGNATURE_SKIPPED|FDCE|FDCE","DUT_INTERNAL","u_dut/kernel_h_rd_addr_q_reg","u_dut/kernel_h_rd_data_tail_q_reg","0.036000000"
"u_dut/kernel_h_rd_data_tail_q_reg[32]/CE","u_dut/u_unified_p4_kernel/reserved_groups_q_reg[5]/C","-0.072000000","clk","clk","clk","u_dut/u_unified_p4_kernel/reserved_groups_q_reg[5]","FDCE","u_dut/u_unified_p4_kernel/reserved_groups_q_reg","u_dut/kernel_h_rd_data_tail_q_reg[32]","FDCE","u_dut/kernel_h_rd_data_tail_q_reg","4","0.372000000","1.470000000","1.842000000","0.798045603","SLICE_X68Y30","SLICE_X83Y34","","","SIGNATURE_SKIPPED|FDCE|FDCE","SIGNATURE_SKIPPED|FDCE|FDCE","DUT_INTERNAL","u_dut/u_unified_p4_kernel/reserved_groups_q_reg","u_dut/kernel_h_rd_data_tail_q_reg","0.072000000"
"u_dut/kernel_h_rd_data_tail_q_reg[33]/D","u_dut/kernel_h_rd_addr_q_reg[2][5]/C","-0.039000000","clk","clk","clk","u_dut/kernel_h_rd_addr_q_reg[2][5]","FDCE","u_dut/kernel_h_rd_addr_q_reg","u_dut/kernel_h_rd_data_tail_q_reg[33]","FDCE","u_dut/kernel_h_rd_data_tail_q_reg","4","0.346000000","1.602000000","1.948000000","0.822381930","SLICE_X85Y36","SLICE_X78Y33","","","SIGNATURE_SKIPPED|FDCE|FDCE","SIGNATURE_SKIPPED|FDCE|FDCE","DUT_INTERNAL","u_dut/kernel_h_rd_addr_q_reg","u_dut/kernel_h_rd_data_tail_q_reg","0.039000000"
"u_dut/kernel_h_rd_data_tail_q_reg[34]/CE","u_dut/u_unified_p4_kernel/reserved_groups_q_reg[5]/C","-0.016000000","clk","clk","clk","u_dut/u_unified_p4_kernel/reserved_groups_q_reg[5]","FDCE","u_dut/u_unified_p4_kernel/reserved_groups_q_reg","u_dut/kernel_h_rd_data_tail_q_reg[34]","FDCE","u_dut/kernel_h_rd_data_tail_q_reg","4","0.372000000","1.424000000","1.796000000","0.792873051","SLICE_X68Y30","SLICE_X82Y32","","","SIGNATURE_SKIPPED|FDCE|FDCE","SIGNATURE_SKIPPED|FDCE|FDCE","DUT_INTERNAL","u_dut/u_unified_p4_kernel/reserved_groups_q_reg","u_dut/kernel_h_rd_data_tail_q_reg","0.016000000"
"u_dut/kernel_h_rd_data_tail_q_reg[36]/CE","u_dut/u_unified_p4_kernel/reserved_groups_q_reg[5]/C","-0.033000000","clk","clk","clk","u_dut/u_unified_p4_kernel/reserved_groups_q_reg[5]","FDCE","u_dut/u_unified_p4_kernel/reserved_groups_q_reg","u_dut/kernel_h_rd_data_tail_q_reg[36]","FDCE","u_dut/kernel_h_rd_data_tail_q_reg","4","0.372000000","1.426000000","1.798000000","0.793103448","SLICE_X68Y30","SLICE_X83Y33","","","SIGNATURE_SKIPPED|FDCE|FDCE","SIGNATURE_SKIPPED|FDCE|FDCE","DUT_INTERNAL","u_dut/u_unified_p4_kernel/reserved_groups_q_reg","u_dut/kernel_h_rd_data_tail_q_reg","0.033000000"
"u_dut/kernel_h_rd_data_tail_q_reg[38]/CE","u_dut/u_unified_p4_kernel/reserved_groups_q_reg[5]/C","-0.014000000","clk","clk","clk","u_dut/u_unified_p4_kernel/reserved_groups_q_reg[5]","FDCE","u_dut/u_unified_p4_kernel/reserved_groups_q_reg","u_dut/kernel_h_rd_data_tail_q_reg[38]","FDCE","u_dut/kernel_h_rd_data_tail_q_reg","4","0.372000000","1.420000000","1.792000000","0.792410714","SLICE_X68Y30","SLICE_X83Y32","","","SIGNATURE_SKIPPED|FDCE|FDCE","SIGNATURE_SKIPPED|FDCE|FDCE","DUT_INTERNAL","u_dut/u_unified_p4_kernel/reserved_groups_q_reg","u_dut/kernel_h_rd_data_tail_q_reg","0.014000000"
"u_dut/kernel_h_rd_data_tail_q_reg[46]/CE","u_dut/u_unified_p4_kernel/reserved_groups_q_reg[5]/C","-0.075000000","clk","clk","clk","u_dut/u_unified_p4_kernel/reserved_groups_q_reg[5]","FDCE","u_dut/u_unified_p4_kernel/reserved_groups_q_reg","u_dut/kernel_h_rd_data_tail_q_reg[46]","FDCE","u_dut/kernel_h_rd_data_tail_q_reg","4","0.372000000","1.466000000","1.838000000","0.797606094","SLICE_X68Y30","SLICE_X83Y31","","","SIGNATURE_SKIPPED|FDCE|FDCE","SIGNATURE_SKIPPED|FDCE|FDCE","DUT_INTERNAL","u_dut/u_unified_p4_kernel/reserved_groups_q_reg","u_dut/kernel_h_rd_data_tail_q_reg","0.075000000"
"u_dut/kernel_h_rd_data_tail_q_reg[46]/D","u_dut/kernel_h_rd_addr_q_reg[2][1]/C","-0.066000000","clk","clk","clk","u_dut/kernel_h_rd_addr_q_reg[2][1]","FDCE","u_dut/kernel_h_rd_addr_q_reg","u_dut/kernel_h_rd_data_tail_q_reg[46]","FDCE","u_dut/kernel_h_rd_data_tail_q_reg","4","0.410000000","1.557000000","1.967000000","0.791560752","SLICE_X85Y31","SLICE_X83Y31","","","SIGNATURE_SKIPPED|FDCE|FDCE","SIGNATURE_SKIPPED|FDCE|FDCE","DUT_INTERNAL","u_dut/kernel_h_rd_addr_q_reg","u_dut/kernel_h_rd_data_tail_q_reg","0.066000000"
"u_dut/kernel_h_rd_data_tail_q_reg[4]/CE","u_dut/u_unified_p4_kernel/reserved_groups_q_reg[5]/C","-0.072000000","clk","clk","clk","u_dut/u_unified_p4_kernel/reserved_groups_q_reg[5]","FDCE","u_dut/u_unified_p4_kernel/reserved_groups_q_reg","u_dut/kernel_h_rd_data_tail_q_reg[4]","FDCE","u_dut/kernel_h_rd_data_tail_q_reg","4","0.372000000","1.470000000","1.842000000","0.798045603","SLICE_X68Y30","SLICE_X83Y34","","","SIGNATURE_SKIPPED|FDCE|FDCE","SIGNATURE_SKIPPED|FDCE|FDCE","DUT_INTERNAL","u_dut/u_unified_p4_kernel/reserved_groups_q_reg","u_dut/kernel_h_rd_data_tail_q_reg","0.072000000"
"u_dut/kernel_h_rd_data_tail_q_reg[53]/D","u_dut/kernel_h_rd_addr_q_reg[3][4]/C","-0.032000000","clk","clk","clk","u_dut/kernel_h_rd_addr_q_reg[3][4]","FDCE","u_dut/kernel_h_rd_addr_q_reg","u_dut/kernel_h_rd_data_tail_q_reg[53]","FDCE","u_dut/kernel_h_rd_data_tail_q_reg","4","0.335000000","1.604000000","1.939000000","0.827230531","SLICE_X84Y36","SLICE_X78Y31","","","SIGNATURE_SKIPPED|FDCE|FDCE","SIGNATURE_SKIPPED|FDCE|FDCE","DUT_INTERNAL","u_dut/kernel_h_rd_addr_q_reg","u_dut/kernel_h_rd_data_tail_q_reg","0.032000000"
"u_dut/kernel_h_rd_data_tail_q_reg[57]/CE","u_dut/u_unified_p4_kernel/reserved_groups_q_reg[5]/C","-0.011000000","clk","clk","clk","u_dut/u_unified_p4_kernel/reserved_groups_q_reg[5]","FDCE","u_dut/u_unified_p4_kernel/reserved_groups_q_reg","u_dut/kernel_h_rd_data_tail_q_reg[57]","FDCE","u_dut/kernel_h_rd_data_tail_q_reg","4","0.486000000","1.324000000","1.810000000","0.731491713","SLICE_X68Y30","SLICE_X78Y30","","","SIGNATURE_SKIPPED|FDCE|FDCE","SIGNATURE_SKIPPED|FDCE|FDCE","DUT_INTERNAL","u_dut/u_unified_p4_kernel/reserved_groups_q_reg","u_dut/kernel_h_rd_data_tail_q_reg","0.011000000"
"u_dut/kernel_h_rd_data_tail_q_reg[58]/D","u_dut/kernel_h_rd_addr_q_reg[3][3]/C","-0.009000000","clk","clk","clk","u_dut/kernel_h_rd_addr_q_reg[3][3]","FDCE","u_dut/kernel_h_rd_addr_q_reg","u_dut/kernel_h_rd_data_tail_q_reg[58]","FDCE","u_dut/kernel_h_rd_data_tail_q_reg","4","0.299000000","1.641000000","1.940000000","0.845876289","SLICE_X85Y34","SLICE_X78Y33","","","SIGNATURE_SKIPPED|FDCE|FDCE","SIGNATURE_SKIPPED|FDCE|FDCE","DUT_INTERNAL","u_dut/kernel_h_rd_addr_q_reg","u_dut/kernel_h_rd_data_tail_q_reg","0.009000000"
"u_dut/kernel_h_rd_data_tail_q_reg[5]/CE","u_dut/u_unified_p4_kernel/reserved_groups_q_reg[5]/C","-0.018000000","clk","clk","clk","u_dut/u_unified_p4_kernel/reserved_groups_q_reg[5]","FDCE","u_dut/u_unified_p4_kernel/reserved_groups_q_reg","u_dut/kernel_h_rd_data_tail_q_reg[5]","FDCE","u_dut/kernel_h_rd_data_tail_q_reg","4","0.372000000","1.422000000","1.794000000","0.792642140","SLICE_X68Y30","SLICE_X87Y37","","","SIGNATURE_SKIPPED|FDCE|FDCE","SIGNATURE_SKIPPED|FDCE|FDCE","DUT_INTERNAL","u_dut/u_unified_p4_kernel/reserved_groups_q_reg","u_dut/kernel_h_rd_data_tail_q_reg","0.018000000"
"u_dut/kernel_h_rd_data_tail_q_reg[7]/CE","u_dut/u_unified_p4_kernel/reserved_groups_q_reg[5]/C","-0.016000000","clk","clk","clk","u_dut/u_unified_p4_kernel/reserved_groups_q_reg[5]","FDCE","u_dut/u_unified_p4_kernel/reserved_groups_q_reg","u_dut/kernel_h_rd_data_tail_q_reg[7]","FDCE","u_dut/kernel_h_rd_data_tail_q_reg","4","0.372000000","1.424000000","1.796000000","0.792873051","SLICE_X68Y30","SLICE_X82Y32","","","SIGNATURE_SKIPPED|FDCE|FDCE","SIGNATURE_SKIPPED|FDCE|FDCE","DUT_INTERNAL","u_dut/u_unified_p4_kernel/reserved_groups_q_reg","u_dut/kernel_h_rd_data_tail_q_reg","0.016000000"
"u_dut/kernel_h_rd_data_tail_q_reg[7]/D","u_dut/kernel_h_rd_addr_q_reg[0][0]/C","-0.045000000","clk","clk","clk","u_dut/kernel_h_rd_addr_q_reg[0][0]","FDCE","u_dut/kernel_h_rd_addr_q_reg","u_dut/kernel_h_rd_data_tail_q_reg[7]","FDCE","u_dut/kernel_h_rd_data_tail_q_reg","4","0.433000000","1.502000000","1.935000000","0.776227390","SLICE_X79Y29","SLICE_X82Y32","","","SIGNATURE_SKIPPED|FDCE|FDCE","SIGNATURE_SKIPPED|FDCE|FDCE","DUT_INTERNAL","u_dut/kernel_h_rd_addr_q_reg","u_dut/kernel_h_rd_data_tail_q_reg","0.045000000"
"u_dut/kernel_h_rd_data_tail_q_reg[8]/CE","u_dut/u_unified_p4_kernel/reserved_groups_q_reg[5]/C","-0.011000000","clk","clk","clk","u_dut/u_unified_p4_kernel/reserved_groups_q_reg[5]","FDCE","u_dut/u_unified_p4_kernel/reserved_groups_q_reg","u_dut/kernel_h_rd_data_tail_q_reg[8]","FDCE","u_dut/kernel_h_rd_data_tail_q_reg","4","0.486000000","1.324000000","1.810000000","0.731491713","SLICE_X68Y30","SLICE_X77Y30","","","SIGNATURE_SKIPPED|FDCE|FDCE","SIGNATURE_SKIPPED|FDCE|FDCE","DUT_INTERNAL","u_dut/u_unified_p4_kernel/reserved_groups_q_reg","u_dut/kernel_h_rd_data_tail_q_reg","0.011000000"
"u_dut/kernel_h_rd_data_tail_q_reg[9]/CE","u_dut/u_unified_p4_kernel/reserved_groups_q_reg[5]/C","-0.016000000","clk","clk","clk","u_dut/u_unified_p4_kernel/reserved_groups_q_reg[5]","FDCE","u_dut/u_unified_p4_kernel/reserved_groups_q_reg","u_dut/kernel_h_rd_data_tail_q_reg[9]","FDCE","u_dut/kernel_h_rd_data_tail_q_reg","4","0.372000000","1.424000000","1.796000000","0.792873051","SLICE_X68Y30","SLICE_X82Y32","","","SIGNATURE_SKIPPED|FDCE|FDCE","SIGNATURE_SKIPPED|FDCE|FDCE","DUT_INTERNAL","u_dut/u_unified_p4_kernel/reserved_groups_q_reg","u_dut/kernel_h_rd_data_tail_q_reg","0.016000000"
"u_dut/kernel_h_rd_data_tail_q_reg[9]/D","u_dut/kernel_h_rd_addr_q_reg[0][0]/C","-0.005000000","clk","clk","clk","u_dut/kernel_h_rd_addr_q_reg[0][0]","FDCE","u_dut/kernel_h_rd_addr_q_reg","u_dut/kernel_h_rd_data_tail_q_reg[9]","FDCE","u_dut/kernel_h_rd_data_tail_q_reg","4","0.454000000","1.441000000","1.895000000","0.760422164","SLICE_X79Y29","SLICE_X82Y32","","","SIGNATURE_SKIPPED|FDCE|FDCE","SIGNATURE_SKIPPED|FDCE|FDCE","DUT_INTERNAL","u_dut/kernel_h_rd_addr_q_reg","u_dut/kernel_h_rd_data_tail_q_reg","0.005000000"
"u_dut/kernel_h_rd_raw_group_q_reg[0]/CE","u_dut/u_unified_p4_kernel/reserved_groups_q_reg[5]/C","-0.021000000","clk","clk","clk","u_dut/u_unified_p4_kernel/reserved_groups_q_reg[5]","FDCE","u_dut/u_unified_p4_kernel/reserved_groups_q_reg","u_dut/kernel_h_rd_raw_group_q_reg[0]","FDCE","u_dut/kernel_h_rd_raw_group_q_reg","5","0.527000000","1.298000000","1.825000000","0.711232877","SLICE_X68Y30","SLICE_X78Y28","","","SIGNATURE_SKIPPED|FDCE|FDCE","SIGNATURE_SKIPPED|FDCE|FDCE","DUT_INTERNAL","u_dut/u_unified_p4_kernel/reserved_groups_q_reg","u_dut/kernel_h_rd_raw_group_q_reg","0.021000000"
"u_dut/kernel_h_rd_raw_group_q_reg[0]_replica/CE","u_dut/u_unified_p4_kernel/reserved_groups_q_reg[5]/C","-0.137000000","clk","clk","clk","u_dut/u_unified_p4_kernel/reserved_groups_q_reg[5]","FDCE","u_dut/u_unified_p4_kernel/reserved_groups_q_reg","u_dut/kernel_h_rd_raw_group_q_reg[0]_replica","FDCE","u_dut/kernel_h_rd_raw_group_q_reg_replica","5","0.577000000","1.366000000","1.943000000","0.703036541","SLICE_X68Y30","SLICE_X76Y24","","","SIGNATURE_SKIPPED|FDCE|FDCE","SIGNATURE_SKIPPED|FDCE|FDCE","DUT_INTERNAL","u_dut/u_unified_p4_kernel/reserved_groups_q_reg","u_dut/kernel_h_rd_raw_group_q_reg_replica","0.137000000"
"u_dut/kernel_h_rd_raw_vector_q_reg[0]/CE","u_dut/u_unified_p4_kernel/reserved_groups_q_reg[5]/C","-0.022000000","clk","clk","clk","u_dut/u_unified_p4_kernel/reserved_groups_q_reg[5]","FDCE","u_dut/u_unified_p4_kernel/reserved_groups_q_reg","u_dut/kernel_h_rd_raw_vector_q_reg[0]","FDCE","u_dut/kernel_h_rd_raw_vector_q_reg","5","0.527000000","1.296000000","1.823000000","0.710916072","SLICE_X68Y30","SLICE_X78Y29","","","SIGNATURE_SKIPPED|FDCE|FDCE","SIGNATURE_SKIPPED|FDCE|FDCE","DUT_INTERNAL","u_dut/u_unified_p4_kernel/reserved_groups_q_reg","u_dut/kernel_h_rd_raw_vector_q_reg","0.022000000"
"u_dut/kernel_h_rd_raw_vector_q_reg[1]/CE","u_dut/u_unified_p4_kernel/reserved_groups_q_reg[5]/C","-0.021000000","clk","clk","clk","u_dut/u_unified_p4_kernel/reserved_groups_q_reg[5]","FDCE","u_dut/u_unified_p4_kernel/reserved_groups_q_reg","u_dut/kernel_h_rd_raw_vector_q_reg[1]","FDCE","u_dut/kernel_h_rd_raw_vector_q_reg","5","0.527000000","1.298000000","1.825000000","0.711232877","SLICE_X68Y30","SLICE_X78Y28","","","SIGNATURE_SKIPPED|FDCE|FDCE","SIGNATURE_SKIPPED|FDCE|FDCE","DUT_INTERNAL","u_dut/u_unified_p4_kernel/reserved_groups_q_reg","u_dut/kernel_h_rd_raw_vector_q_reg","0.021000000"
"u_dut/kernel_h_rd_raw_vector_q_reg[2]/CE","u_dut/u_unified_p4_kernel/reserved_groups_q_reg[5]/C","-0.022000000","clk","clk","clk","u_dut/u_unified_p4_kernel/reserved_groups_q_reg[5]","FDCE","u_dut/u_unified_p4_kernel/reserved_groups_q_reg","u_dut/kernel_h_rd_raw_vector_q_reg[2]","FDCE","u_dut/kernel_h_rd_raw_vector_q_reg","5","0.527000000","1.296000000","1.823000000","0.710916072","SLICE_X68Y30","SLICE_X78Y29","","","SIGNATURE_SKIPPED|FDCE|FDCE","SIGNATURE_SKIPPED|FDCE|FDCE","DUT_INTERNAL","u_dut/u_unified_p4_kernel/reserved_groups_q_reg","u_dut/kernel_h_rd_raw_vector_q_reg","0.022000000"
"u_dut/kernel_h_rd_raw_vector_q_reg[6]_inv/CE","u_dut/u_unified_p4_kernel/reserved_groups_q_reg[5]/C","-0.070000000","clk","clk","clk","u_dut/u_unified_p4_kernel/reserved_groups_q_reg[5]","FDCE","u_dut/u_unified_p4_kernel/reserved_groups_q_reg","u_dut/kernel_h_rd_raw_vector_q_reg[6]_inv","FDPE","u_dut/kernel_h_rd_raw_vector_q_reg_inv","5","0.464000000","1.407000000","1.871000000","0.752004276","SLICE_X68Y30","SLICE_X78Y32","","","SIGNATURE_SKIPPED|FDCE|FDPE","SIGNATURE_SKIPPED|FDCE|FDPE","DUT_INTERNAL","u_dut/u_unified_p4_kernel/reserved_groups_q_reg","u_dut/kernel_h_rd_raw_vector_q_reg_inv","0.070000000"
"u_dut/kernel_phase_q_reg[0]/D","u_dut/kernel_cut_w_q_reg[3]/C","-0.037000000","clk","clk","clk","u_dut/kernel_cut_w_q_reg[3]","FDCE","u_dut/kernel_cut_w_q_reg","u_dut/kernel_phase_q_reg[0]","FDCE","u_dut/kernel_phase_q_reg","4","0.557000000","1.375000000","1.932000000","0.711697723","SLICE_X77Y20","SLICE_X70Y31","","","SIGNATURE_SKIPPED|FDCE|FDCE","SIGNATURE_SKIPPED|FDCE|FDCE","DUT_INTERNAL","u_dut/kernel_cut_w_q_reg","u_dut/kernel_phase_q_reg","0.037000000"
"u_dut/kernel_phase_q_reg[0]_replica/D","u_dut/kernel_cut_w_q_reg[3]/C","-0.034000000","clk","clk","clk","u_dut/kernel_cut_w_q_reg[3]","FDCE","u_dut/kernel_cut_w_q_reg","u_dut/kernel_phase_q_reg[0]_replica","FDCE","u_dut/kernel_phase_q_reg_replica","4","0.557000000","1.372000000","1.929000000","0.711249352","SLICE_X77Y20","SLICE_X70Y31","","","SIGNATURE_SKIPPED|FDCE|FDCE","SIGNATURE_SKIPPED|FDCE|FDCE","DUT_INTERNAL","u_dut/kernel_cut_w_q_reg","u_dut/kernel_phase_q_reg_replica","0.034000000"
"u_dut/kernel_phase_q_reg[0]_replica_1/D","u_dut/kernel_cut_w_q_reg[3]/C","-0.037000000","clk","clk","clk","u_dut/kernel_cut_w_q_reg[3]","FDCE","u_dut/kernel_cut_w_q_reg","u_dut/kernel_phase_q_reg[0]_replica_1","FDCE","u_dut/kernel_phase_q_reg_replica_1","4","0.557000000","1.374000000","1.931000000","0.711548421","SLICE_X77Y20","SLICE_X70Y30","","","SIGNATURE_SKIPPED|FDCE|FDCE","SIGNATURE_SKIPPED|FDCE|FDCE","DUT_INTERNAL","u_dut/kernel_cut_w_q_reg","u_dut/kernel_phase_q_reg_replica_1","0.037000000"
"u_dut/kernel_phase_q_reg[0]_replica_2/D","u_dut/kernel_cut_w_q_reg[3]/C","-0.038000000","clk","clk","clk","u_dut/kernel_cut_w_q_reg[3]","FDCE","u_dut/kernel_cut_w_q_reg","u_dut/kernel_phase_q_reg[0]_replica_2","FDCE","u_dut/kernel_phase_q_reg_replica_2","4","0.557000000","1.376000000","1.933000000","0.711846870","SLICE_X77Y20","SLICE_X70Y31","","","SIGNATURE_SKIPPED|FDCE|FDCE","SIGNATURE_SKIPPED|FDCE|FDCE","DUT_INTERNAL","u_dut/kernel_cut_w_q_reg","u_dut/kernel_phase_q_reg_replica_2","0.038000000"
"u_dut/kernel_phase_q_reg[1]_replica_3/CE","u_dut/u_unified_p4_kernel/done_reg/C","-0.016000000","clk","clk","clk","u_dut/u_unified_p4_kernel/done_reg","FDCE","u_dut/u_unified_p4_kernel/done_reg","u_dut/kernel_phase_q_reg[1]_replica_3","FDCE","u_dut/kernel_phase_q_reg_replica_3","2","0.166000000","1.557000000","1.723000000","0.903656413","SLICE_X54Y47","SLICE_X72Y30","","","SIGNATURE_SKIPPED|FDCE|FDCE","SIGNATURE_SKIPPED|FDCE|FDCE","DUT_INTERNAL","u_dut/u_unified_p4_kernel/done_reg","u_dut/kernel_phase_q_reg_replica_3","0.016000000"
"u_dut/kernel_phase_q_reg[2]_replica_2/D","u_dut/kernel_vector_q_reg[3]/C","-0.048000000","clk","clk","clk","u_dut/kernel_vector_q_reg[3]","FDCE","u_dut/kernel_vector_q_reg","u_dut/kernel_phase_q_reg[2]_replica_2","FDCE","u_dut/kernel_phase_q_reg_replica_2","5","0.623000000","1.295000000","1.918000000","0.675182482","SLICE_X72Y25","SLICE_X69Y33","","","SIGNATURE_SKIPPED|FDCE|FDCE","SIGNATURE_SKIPPED|FDCE|FDCE","DUT_INTERNAL","u_dut/kernel_vector_q_reg","u_dut/kernel_phase_q_reg_replica_2","0.048000000"
"u_dut/kernel_phase_q_reg[3]/CE","u_dut/u_unified_p4_kernel/done_reg/C","-0.018000000","clk","clk","clk","u_dut/u_unified_p4_kernel/done_reg","FDCE","u_dut/u_unified_p4_kernel/done_reg","u_dut/kernel_phase_q_reg[3]","FDCE","u_dut/kernel_phase_q_reg","2","0.166000000","1.562000000","1.728000000","0.903935185","SLICE_X54Y47","SLICE_X71Y30","","","SIGNATURE_SKIPPED|FDCE|FDCE","SIGNATURE_SKIPPED|FDCE|FDCE","DUT_INTERNAL","u_dut/u_unified_p4_kernel/done_reg","u_dut/kernel_phase_q_reg","0.018000000"
"u_dut/kernel_phase_q_reg[3]_replica_1/D","u_dut/kernel_vector_q_reg[3]/C","-0.097000000","clk","clk","clk","u_dut/kernel_vector_q_reg[3]","FDCE","u_dut/kernel_vector_q_reg","u_dut/kernel_phase_q_reg[3]_replica_1","FDCE","u_dut/kernel_phase_q_reg_replica_1","4","0.561000000","1.394000000","1.955000000","0.713043478","SLICE_X72Y25","SLICE_X77Y29","","","SIGNATURE_SKIPPED|FDCE|FDCE","SIGNATURE_SKIPPED|FDCE|FDCE","DUT_INTERNAL","u_dut/kernel_vector_q_reg","u_dut/kernel_phase_q_reg_replica_1","0.097000000"
"u_dut/kernel_phase_q_reg[3]_replica_4/CE","u_dut/u_unified_p4_kernel/done_reg/C","-0.016000000","clk","clk","clk","u_dut/u_unified_p4_kernel/done_reg","FDCE","u_dut/u_unified_p4_kernel/done_reg","u_dut/kernel_phase_q_reg[3]_replica_4","FDCE","u_dut/kernel_phase_q_reg_replica_4","2","0.166000000","1.557000000","1.723000000","0.903656413","SLICE_X54Y47","SLICE_X72Y30","","","SIGNATURE_SKIPPED|FDCE|FDCE","SIGNATURE_SKIPPED|FDCE|FDCE","DUT_INTERNAL","u_dut/u_unified_p4_kernel/done_reg","u_dut/kernel_phase_q_reg_replica_4","0.016000000"
"u_dut/kernel_rd_raw_data_q_reg[11]/D","u_dut/rd_cmd_addr_q_reg[0][0][0]/C","-0.032000000","clk","clk","clk","u_dut/rd_cmd_addr_q_reg[0][0][0]","FDCE","u_dut/rd_cmd_addr_q_reg","u_dut/kernel_rd_raw_data_q_reg[11]","FDCE","u_dut/kernel_rd_raw_data_q_reg","5","0.413000000","1.533000000","1.946000000","0.787769784","SLICE_X75Y16","SLICE_X57Y19","","","SIGNATURE_SKIPPED|FDCE|FDCE","SIGNATURE_SKIPPED|FDCE|FDCE","DUT_INTERNAL","u_dut/rd_cmd_addr_q_reg","u_dut/kernel_rd_raw_data_q_reg","0.032000000"
"u_dut/kernel_rd_raw_data_q_reg[13]/D","u_dut/rd_cmd_addr_q_reg[1][0][1]/C","-0.024000000","clk","clk","clk","u_dut/rd_cmd_addr_q_reg[1][0][1]","FDCE","u_dut/rd_cmd_addr_q_reg","u_dut/kernel_rd_raw_data_q_reg[13]","FDCE","u_dut/kernel_rd_raw_data_q_reg","5","0.471000000","1.450000000","1.921000000","0.754815200","SLICE_X70Y21","SLICE_X62Y19","","","SIGNATURE_SKIPPED|FDCE|FDCE","SIGNATURE_SKIPPED|FDCE|FDCE","DUT_INTERNAL","u_dut/rd_cmd_addr_q_reg","u_dut/kernel_rd_raw_data_q_reg","0.024000000"
"u_dut/kernel_rd_raw_data_q_reg[14]/D","u_dut/rd_cmd_addr_q_reg[0][0][0]/C","-0.083000000","clk","clk","clk","u_dut/rd_cmd_addr_q_reg[0][0][0]","FDCE","u_dut/rd_cmd_addr_q_reg","u_dut/kernel_rd_raw_data_q_reg[14]","FDCE","u_dut/kernel_rd_raw_data_q_reg","5","0.443000000","1.564000000","2.007000000","0.779272546","SLICE_X75Y16","SLICE_X62Y12","","","SIGNATURE_SKIPPED|FDCE|FDCE","SIGNATURE_SKIPPED|FDCE|FDCE","DUT_INTERNAL","u_dut/rd_cmd_addr_q_reg","u_dut/kernel_rd_raw_data_q_reg","0.083000000"
"u_dut/kernel_rd_raw_data_q_reg[15]/D","u_dut/rd_cmd_addr_q_reg[1][0][1]/C","-0.102000000","clk","clk","clk","u_dut/rd_cmd_addr_q_reg[1][0][1]","FDCE","u_dut/rd_cmd_addr_q_reg","u_dut/kernel_rd_raw_data_q_reg[15]","FDCE","u_dut/kernel_rd_raw_data_q_reg","5","0.519000000","1.464000000","1.983000000","0.738275340","SLICE_X70Y21","SLICE_X65Y22","","","SIGNATURE_SKIPPED|FDCE|FDCE","SIGNATURE_SKIPPED|FDCE|FDCE","DUT_INTERNAL","u_dut/rd_cmd_addr_q_reg","u_dut/kernel_rd_raw_data_q_reg","0.102000000"
"u_dut/kernel_rd_raw_data_q_reg[16]/D","u_dut/rd_cmd_addr_q_reg[1][0][1]/C","-0.030000000","clk","clk","clk","u_dut/rd_cmd_addr_q_reg[1][0][1]","FDCE","u_dut/rd_cmd_addr_q_reg","u_dut/kernel_rd_raw_data_q_reg[16]","FDCE","u_dut/kernel_rd_raw_data_q_reg","5","0.412000000","1.503000000","1.915000000","0.784856397","SLICE_X70Y21","SLICE_X72Y21","","","SIGNATURE_SKIPPED|FDCE|FDCE","SIGNATURE_SKIPPED|FDCE|FDCE","DUT_INTERNAL","u_dut/rd_cmd_addr_q_reg","u_dut/kernel_rd_raw_data_q_reg","0.030000000"
"u_dut/kernel_rd_raw_data_q_reg[17]/D","u_dut/rd_cmd_addr_q_reg[1][0][3]/C","-0.087000000","clk","clk","clk","u_dut/rd_cmd_addr_q_reg[1][0][3]","FDCE","u_dut/rd_cmd_addr_q_reg","u_dut/kernel_rd_raw_data_q_reg[17]","FDCE","u_dut/kernel_rd_raw_data_q_reg","5","0.401000000","1.578000000","1.979000000","0.797372410","SLICE_X69Y23","SLICE_X72Y21","","","SIGNATURE_SKIPPED|FDCE|FDCE","SIGNATURE_SKIPPED|FDCE|FDCE","DUT_INTERNAL","u_dut/rd_cmd_addr_q_reg","u_dut/kernel_rd_raw_data_q_reg","0.087000000"
"u_dut/kernel_rd_raw_data_q_reg[18]/D","u_dut/rd_cmd_addr_q_reg[1][0][1]/C","-0.004000000","clk","clk","clk","u_dut/rd_cmd_addr_q_reg[1][0][1]","FDCE","u_dut/rd_cmd_addr_q_reg","u_dut/kernel_rd_raw_data_q_reg[18]","FDCE","u_dut/kernel_rd_raw_data_q_reg","5","0.477000000","1.395000000","1.872000000","0.745192308","SLICE_X70Y21","SLICE_X76Y15","","","SIGNATURE_SKIPPED|FDCE|FDCE","SIGNATURE_SKIPPED|FDCE|FDCE","DUT_INTERNAL","u_dut/rd_cmd_addr_q_reg","u_dut/kernel_rd_raw_data_q_reg","0.004000000"
"u_dut/kernel_rd_raw_data_q_reg[19]/D","u_dut/rd_cmd_addr_q_reg[0][0][0]/C","-0.091000000","clk","clk","clk","u_dut/rd_cmd_addr_q_reg[0][0][0]","FDCE","u_dut/rd_cmd_addr_q_reg","u_dut/kernel_rd_raw_data_q_reg[19]","FDCE","u_dut/kernel_rd_raw_data_q_reg","5","0.481000000","1.514000000","1.995000000","0.758897243","SLICE_X75Y16","SLICE_X72Y22","","","SIGNATURE_SKIPPED|FDCE|FDCE","SIGNATURE_SKIPPED|FDCE|FDCE","DUT_INTERNAL","u_dut/rd_cmd_addr_q_reg","u_dut/kernel_rd_raw_data_q_reg","0.091000000"
"u_dut/kernel_rd_raw_data_q_reg[1]/CE","u_dut/u_unified_p4_kernel/reserved_groups_q_reg[5]/C","-0.058000000","clk","clk","clk","u_dut/u_unified_p4_kernel/reserved_groups_q_reg[5]","FDCE","u_dut/u_unified_p4_kernel/reserved_groups_q_reg","u_dut/kernel_rd_raw_data_q_reg[1]","FDCE","u_dut/kernel_rd_raw_data_q_reg","4","0.460000000","1.460000000","1.920000000","0.760416667","SLICE_X68Y30","SLICE_X57Y4","","","SIGNATURE_SKIPPED|FDCE|FDCE","SIGNATURE_SKIPPED|FDCE|FDCE","DUT_INTERNAL","u_dut/u_unified_p4_kernel/reserved_groups_q_reg","u_dut/kernel_rd_raw_data_q_reg","0.058000000"
"u_dut/kernel_rd_raw_data_q_reg[1]/D","u_dut/rd_cmd_addr_q_reg[0][0][0]/C","-0.031000000","clk","clk","clk","u_dut/rd_cmd_addr_q_reg[0][0][0]","FDCE","u_dut/rd_cmd_addr_q_reg","u_dut/kernel_rd_raw_data_q_reg[1]","FDCE","u_dut/kernel_rd_raw_data_q_reg","5","0.415000000","1.553000000","1.968000000","0.789126016","SLICE_X75Y16","SLICE_X57Y4","","","SIGNATURE_SKIPPED|FDCE|FDCE","SIGNATURE_SKIPPED|FDCE|FDCE","DUT_INTERNAL","u_dut/rd_cmd_addr_q_reg","u_dut/kernel_rd_raw_data_q_reg","0.031000000"
"u_dut/kernel_rd_raw_data_q_reg[20]/D","u_dut/rd_cmd_addr_q_reg[0][0][0]/C","-0.097000000","clk","clk","clk","u_dut/rd_cmd_addr_q_reg[0][0][0]","FDCE","u_dut/rd_cmd_addr_q_reg","u_dut/kernel_rd_raw_data_q_reg[20]","FDCE","u_dut/kernel_rd_raw_data_q_reg","5","0.379000000","1.606000000","1.985000000","0.809068010","SLICE_X75Y16","SLICE_X73Y16","","","SIGNATURE_SKIPPED|FDCE|FDCE","SIGNATURE_SKIPPED|FDCE|FDCE","DUT_INTERNAL","u_dut/rd_cmd_addr_q_reg","u_dut/kernel_rd_raw_data_q_reg","0.097000000"
"u_dut/kernel_rd_raw_data_q_reg[21]/D","u_dut/rd_cmd_addr_q_reg[0][0][0]/C","-0.044000000","clk","clk","clk","u_dut/rd_cmd_addr_q_reg[0][0][0]","FDCE","u_dut/rd_cmd_addr_q_reg","u_dut/kernel_rd_raw_data_q_reg[21]","FDCE","u_dut/kernel_rd_raw_data_q_reg","5","0.409000000","1.536000000","1.945000000","0.789717224","SLICE_X75Y16","SLICE_X72Y19","","","SIGNATURE_SKIPPED|FDCE|FDCE","SIGNATURE_SKIPPED|FDCE|FDCE","DUT_INTERNAL","u_dut/rd_cmd_addr_q_reg","u_dut/kernel_rd_raw_data_q_reg","0.044000000"
"u_dut/kernel_rd_raw_data_q_reg[22]/D","u_dut/rd_cmd_addr_q_reg[0][0][0]/C","-0.102000000","clk","clk","clk","u_dut/rd_cmd_addr_q_reg[0][0][0]","FDCE","u_dut/rd_cmd_addr_q_reg","u_dut/kernel_rd_raw_data_q_reg[22]","FDCE","u_dut/kernel_rd_raw_data_q_reg","5","0.451000000","1.552000000","2.003000000","0.774837743","SLICE_X75Y16","SLICE_X72Y19","","","SIGNATURE_SKIPPED|FDCE|FDCE","SIGNATURE_SKIPPED|FDCE|FDCE","DUT_INTERNAL","u_dut/rd_cmd_addr_q_reg","u_dut/kernel_rd_raw_data_q_reg","0.102000000"
"u_dut/kernel_rd_raw_data_q_reg[23]/D","u_dut/rd_cmd_addr_q_reg[0][0][0]/C","-0.101000000","clk","clk","clk","u_dut/rd_cmd_addr_q_reg[0][0][0]","FDCE","u_dut/rd_cmd_addr_q_reg","u_dut/kernel_rd_raw_data_q_reg[23]","FDCE","u_dut/kernel_rd_raw_data_q_reg","5","0.437000000","1.566000000","2.003000000","0.781827259","SLICE_X75Y16","SLICE_X69Y15","","","SIGNATURE_SKIPPED|FDCE|FDCE","SIGNATURE_SKIPPED|FDCE|FDCE","DUT_INTERNAL","u_dut/rd_cmd_addr_q_reg","u_dut/kernel_rd_raw_data_q_reg","0.101000000"
"u_dut/kernel_rd_raw_data_q_reg[24]/D","u_dut/rd_cmd_addr_q_reg[1][0][3]/C","-0.070000000","clk","clk","clk","u_dut/rd_cmd_addr_q_reg[1][0][3]","FDCE","u_dut/rd_cmd_addr_q_reg","u_dut/kernel_rd_raw_data_q_reg[24]","FDCE","u_dut/kernel_rd_raw_data_q_reg","5","0.416000000","1.561000000","1.977000000","0.789580172","SLICE_X69Y23","SLICE_X72Y2","","","SIGNATURE_SKIPPED|FDCE|FDCE","SIGNATURE_SKIPPED|FDCE|FDCE","DUT_INTERNAL","u_dut/rd_cmd_addr_q_reg","u_dut/kernel_rd_raw_data_q_reg","0.070000000"
"u_dut/kernel_rd_raw_data_q_reg[25]/D","u_dut/rd_cmd_addr_q_reg[1][1][5]/C","-0.016000000","clk","clk","clk","u_dut/rd_cmd_addr_q_reg[1][1][5]","FDCE","u_dut/rd_cmd_addr_q_reg","u_dut/kernel_rd_raw_data_q_reg[25]","FDCE","u_dut/kernel_rd_raw_data_q_reg","5","0.345000000","1.571000000","1.916000000","0.819937370","SLICE_X70Y22","SLICE_X68Y5","","","SIGNATURE_SKIPPED|FDCE|FDCE","SIGNATURE_SKIPPED|FDCE|FDCE","DUT_INTERNAL","u_dut/rd_cmd_addr_q_reg","u_dut/kernel_rd_raw_data_q_reg","0.016000000"
"u_dut/kernel_rd_raw_data_q_reg[28]/D","u_dut/rd_cmd_addr_q_reg[1][0][1]/C","-0.079000000","clk","clk","clk","u_dut/rd_cmd_addr_q_reg[1][0][1]","FDCE","u_dut/rd_cmd_addr_q_reg","u_dut/kernel_rd_raw_data_q_reg[28]","FDCE","u_dut/kernel_rd_raw_data_q_reg","5","0.385000000","1.588000000","1.973000000","0.804865687","SLICE_X70Y21","SLICE_X63Y5","","","SIGNATURE_SKIPPED|FDCE|FDCE","SIGNATURE_SKIPPED|FDCE|FDCE","DUT_INTERNAL","u_dut/rd_cmd_addr_q_reg","u_dut/kernel_rd_raw_data_q_reg","0.079000000"
"u_dut/kernel_rd_raw_data_q_reg[29]/D","u_dut/rd_cmd_addr_q_reg[1][0][3]/C","-0.005000000","clk","clk","clk","u_dut/rd_cmd_addr_q_reg[1][0][3]","FDCE","u_dut/rd_cmd_addr_q_reg","u_dut/kernel_rd_raw_data_q_reg[29]","FDCE","u_dut/kernel_rd_raw_data_q_reg","5","0.491000000","1.421000000","1.912000000","0.743200837","SLICE_X69Y23","SLICE_X64Y4","","","SIGNATURE_SKIPPED|FDCE|FDCE","SIGNATURE_SKIPPED|FDCE|FDCE","DUT_INTERNAL","u_dut/rd_cmd_addr_q_reg","u_dut/kernel_rd_raw_data_q_reg","0.005000000"
"u_dut/kernel_rd_raw_data_q_reg[2]/D","u_dut/rd_cmd_addr_q_reg[0][0][0]/C","-0.096000000","clk","clk","clk","u_dut/rd_cmd_addr_q_reg[0][0][0]","FDCE","u_dut/rd_cmd_addr_q_reg","u_dut/kernel_rd_raw_data_q_reg[2]","FDCE","u_dut/kernel_rd_raw_data_q_reg","5","0.464000000","1.545000000","2.009000000","0.769039323","SLICE_X75Y16","SLICE_X63Y16","","","SIGNATURE_SKIPPED|FDCE|FDCE","SIGNATURE_SKIPPED|FDCE|FDCE","DUT_INTERNAL","u_dut/rd_cmd_addr_q_reg","u_dut/kernel_rd_raw_data_q_reg","0.096000000"
"u_dut/kernel_rd_raw_data_q_reg[32]/D","u_dut/rd_cmd_addr_q_reg[0][0][2]/C","-0.017000000","clk","clk","clk","u_dut/rd_cmd_addr_q_reg[0][0][2]","FDCE","u_dut/rd_cmd_addr_q_reg","u_dut/kernel_rd_raw_data_q_reg[32]","FDCE","u_dut/kernel_rd_raw_data_q_reg","5","0.398000000","1.517000000","1.915000000","0.792167102","SLICE_X75Y16","SLICE_X70Y18","","","SIGNATURE_SKIPPED|FDCE|FDCE","SIGNATURE_SKIPPED|FDCE|FDCE","DUT_INTERNAL","u_dut/rd_cmd_addr_q_reg","u_dut/kernel_rd_raw_data_q_reg","0.017000000"
"u_dut/kernel_rd_raw_data_q_reg[34]/D","u_dut/rd_cmd_addr_q_reg[0][0][1]_replica_3/C","-0.021000000","clk","clk","clk","u_dut/rd_cmd_addr_q_reg[0][0][1]_replica_3","FDCE","u_dut/rd_cmd_addr_q_reg_replica_3","u_dut/kernel_rd_raw_data_q_reg[34]","FDCE","u_dut/kernel_rd_raw_data_q_reg","5","0.353000000","1.578000000","1.931000000","0.817193164","SLICE_X75Y17","SLICE_X64Y5","","","SIGNATURE_SKIPPED|FDCE|FDCE","SIGNATURE_SKIPPED|FDCE|FDCE","DUT_INTERNAL","u_dut/rd_cmd_addr_q_reg_replica_3","u_dut/kernel_rd_raw_data_q_reg","0.021000000"
"u_dut/kernel_rd_raw_data_q_reg[35]/D","u_dut/rd_cmd_addr_q_reg[1][0][3]/C","-0.102000000","clk","clk","clk","u_dut/rd_cmd_addr_q_reg[1][0][3]","FDCE","u_dut/rd_cmd_addr_q_reg","u_dut/kernel_rd_raw_data_q_reg[35]","FDCE","u_dut/kernel_rd_raw_data_q_reg","5","0.391000000","1.587000000","1.978000000","0.802325581","SLICE_X69Y23","SLICE_X76Y13","","","SIGNATURE_SKIPPED|FDCE|FDCE","SIGNATURE_SKIPPED|FDCE|FDCE","DUT_INTERNAL","u_dut/rd_cmd_addr_q_reg","u_dut/kernel_rd_raw_data_q_reg","0.102000000"
"u_dut/kernel_rd_raw_data_q_reg[36]/D","u_dut/rd_cmd_addr_q_reg[0][0][0]/C","-0.047000000","clk","clk","clk","u_dut/rd_cmd_addr_q_reg[0][0][0]","FDCE","u_dut/rd_cmd_addr_q_reg","u_dut/kernel_rd_raw_data_q_reg[36]","FDCE","u_dut/kernel_rd_raw_data_q_reg","5","0.519000000","1.444000000","1.963000000","0.735608762","SLICE_X75Y16","SLICE_X70Y8","","","SIGNATURE_SKIPPED|FDCE|FDCE","SIGNATURE_SKIPPED|FDCE|FDCE","DUT_INTERNAL","u_dut/rd_cmd_addr_q_reg","u_dut/kernel_rd_raw_data_q_reg","0.047000000"
"u_dut/kernel_rd_raw_data_q_reg[37]/D","u_dut/rd_cmd_addr_q_reg[1][0][1]/C","-0.036000000","clk","clk","clk","u_dut/rd_cmd_addr_q_reg[1][0][1]","FDCE","u_dut/rd_cmd_addr_q_reg","u_dut/kernel_rd_raw_data_q_reg[37]","FDCE","u_dut/kernel_rd_raw_data_q_reg","5","0.536000000","1.381000000","1.917000000","0.720396453","SLICE_X70Y21","SLICE_X72Y18","","","SIGNATURE_SKIPPED|FDCE|FDCE","SIGNATURE_SKIPPED|FDCE|FDCE","DUT_INTERNAL","u_dut/rd_cmd_addr_q_reg","u_dut/kernel_rd_raw_data_q_reg","0.036000000"
"u_dut/kernel_rd_raw_data_q_reg[38]/D","u_dut/rd_cmd_addr_q_reg[0][0][0]/C","-0.082000000","clk","clk","clk","u_dut/rd_cmd_addr_q_reg[0][0][0]","FDCE","u_dut/rd_cmd_addr_q_reg","u_dut/kernel_rd_raw_data_q_reg[38]","FDCE","u_dut/kernel_rd_raw_data_q_reg","5","0.443000000","1.548000000","1.991000000","0.777498744","SLICE_X75Y16","SLICE_X72Y14","","","SIGNATURE_SKIPPED|FDCE|FDCE","SIGNATURE_SKIPPED|FDCE|FDCE","DUT_INTERNAL","u_dut/rd_cmd_addr_q_reg","u_dut/kernel_rd_raw_data_q_reg","0.082000000"
"u_dut/kernel_rd_raw_data_q_reg[39]/D","u_dut/rd_cmd_addr_q_reg[1][0][1]/C","-0.023000000","clk","clk","clk","u_dut/rd_cmd_addr_q_reg[1][0][1]","FDCE","u_dut/rd_cmd_addr_q_reg","u_dut/kernel_rd_raw_data_q_reg[39]","FDCE","u_dut/kernel_rd_raw_data_q_reg","5","0.420000000","1.494000000","1.914000000","0.780564263","SLICE_X70Y21","SLICE_X68Y9","","","SIGNATURE_SKIPPED|FDCE|FDCE","SIGNATURE_SKIPPED|FDCE|FDCE","DUT_INTERNAL","u_dut/rd_cmd_addr_q_reg","u_dut/kernel_rd_raw_data_q_reg","0.023000000"
"u_dut/kernel_rd_raw_data_q_reg[3]/CE","u_dut/u_unified_p4_kernel/reserved_groups_q_reg[5]/C","-0.005000000","clk","clk","clk","u_dut/u_unified_p4_kernel/reserved_groups_q_reg[5]","FDCE","u_dut/u_unified_p4_kernel/reserved_groups_q_reg","u_dut/kernel_rd_raw_data_q_reg[3]","FDCE","u_dut/kernel_rd_raw_data_q_reg","4","0.460000000","1.460000000","1.920000000","0.760416667","SLICE_X68Y30","SLICE_X54Y9","","","SIGNATURE_SKIPPED|FDCE|FDCE","SIGNATURE_SKIPPED|FDCE|FDCE","DUT_INTERNAL","u_dut/u_unified_p4_kernel/reserved_groups_q_reg","u_dut/kernel_rd_raw_data_q_reg","0.005000000"
"u_dut/kernel_rd_raw_data_q_reg[3]/D","u_dut/rd_cmd_addr_q_reg[0][0][0]/C","-0.077000000","clk","clk","clk","u_dut/rd_cmd_addr_q_reg[0][0][0]","FDCE","u_dut/rd_cmd_addr_q_reg","u_dut/kernel_rd_raw_data_q_reg[3]","FDCE","u_dut/kernel_rd_raw_data_q_reg","5","0.466000000","1.601000000","2.067000000","0.774552492","SLICE_X75Y16","SLICE_X54Y9","","","SIGNATURE_SKIPPED|FDCE|FDCE","SIGNATURE_SKIPPED|FDCE|FDCE","DUT_INTERNAL","u_dut/rd_cmd_addr_q_reg","u_dut/kernel_rd_raw_data_q_reg","0.077000000"
"u_dut/kernel_rd_raw_data_q_reg[40]/D","u_dut/rd_cmd_addr_q_reg[0][0][0]/C","-0.056000000","clk","clk","clk","u_dut/rd_cmd_addr_q_reg[0][0][0]","FDCE","u_dut/rd_cmd_addr_q_reg","u_dut/kernel_rd_raw_data_q_reg[40]","FDCE","u_dut/kernel_rd_raw_data_q_reg","5","0.441000000","1.563000000","2.004000000","0.779940120","SLICE_X75Y16","SLICE_X68Y17","","","SIGNATURE_SKIPPED|FDCE|FDCE","SIGNATURE_SKIPPED|FDCE|FDCE","DUT_INTERNAL","u_dut/rd_cmd_addr_q_reg","u_dut/kernel_rd_raw_data_q_reg","0.056000000"
"u_dut/kernel_rd_raw_data_q_reg[41]/D","u_dut/rd_cmd_addr_q_reg[0][0][2]/C","-0.122000000","clk","clk","clk","u_dut/rd_cmd_addr_q_reg[0][0][2]","FDCE","u_dut/rd_cmd_addr_q_reg","u_dut/kernel_rd_raw_data_q_reg[41]","FDCE","u_dut/kernel_rd_raw_data_q_reg","5","0.404000000","1.618000000","2.022000000","0.800197824","SLICE_X75Y16","SLICE_X68Y19","","","SIGNATURE_SKIPPED|FDCE|FDCE","SIGNATURE_SKIPPED|FDCE|FDCE","DUT_INTERNAL","u_dut/rd_cmd_addr_q_reg","u_dut/kernel_rd_raw_data_q_reg","0.122000000"
"u_dut/kernel_rd_raw_data_q_reg[42]/D","u_dut/rd_cmd_addr_q_reg[0][0][0]/C","-0.114000000","clk","clk","clk","u_dut/rd_cmd_addr_q_reg[0][0][0]","FDCE","u_dut/rd_cmd_addr_q_reg","u_dut/kernel_rd_raw_data_q_reg[42]","FDCE","u_dut/kernel_rd_raw_data_q_reg","5","0.452000000","1.563000000","2.015000000","0.775682382","SLICE_X75Y16","SLICE_X68Y18","","","SIGNATURE_SKIPPED|FDCE|FDCE","SIGNATURE_SKIPPED|FDCE|FDCE","DUT_INTERNAL","u_dut/rd_cmd_addr_q_reg","u_dut/kernel_rd_raw_data_q_reg","0.114000000"
"u_dut/kernel_rd_raw_data_q_reg[43]/D","u_dut/rd_cmd_addr_q_reg[0][0][2]/C","-0.039000000","clk","clk","clk","u_dut/rd_cmd_addr_q_reg[0][0][2]","FDCE","u_dut/rd_cmd_addr_q_reg","u_dut/kernel_rd_raw_data_q_reg[43]","FDCE","u_dut/kernel_rd_raw_data_q_reg","5","0.480000000","1.460000000","1.940000000","0.752577320","SLICE_X75Y16","SLICE_X69Y15","","","SIGNATURE_SKIPPED|FDCE|FDCE","SIGNATURE_SKIPPED|FDCE|FDCE","DUT_INTERNAL","u_dut/rd_cmd_addr_q_reg","u_dut/kernel_rd_raw_data_q_reg","0.039000000"
"u_dut/kernel_rd_raw_data_q_reg[44]/D","u_dut/rd_cmd_addr_q_reg[0][0][2]/C","-0.013000000","clk","clk","clk","u_dut/rd_cmd_addr_q_reg[0][0][2]","FDCE","u_dut/rd_cmd_addr_q_reg","u_dut/kernel_rd_raw_data_q_reg[44]","FDCE","u_dut/kernel_rd_raw_data_q_reg","5","0.458000000","1.462000000","1.920000000","0.761458333","SLICE_X75Y16","SLICE_X70Y16","","","SIGNATURE_SKIPPED|FDCE|FDCE","SIGNATURE_SKIPPED|FDCE|FDCE","DUT_INTERNAL","u_dut/rd_cmd_addr_q_reg","u_dut/kernel_rd_raw_data_q_reg","0.013000000"
"u_dut/kernel_rd_raw_data_q_reg[45]/D","u_dut/rd_cmd_addr_q_reg[1][0][1]/C","-0.061000000","clk","clk","clk","u_dut/rd_cmd_addr_q_reg[1][0][1]","FDCE","u_dut/rd_cmd_addr_q_reg","u_dut/kernel_rd_raw_data_q_reg[45]","FDCE","u_dut/kernel_rd_raw_data_q_reg","5","0.458000000","1.545000000","2.003000000","0.771342986","SLICE_X70Y21","SLICE_X70Y17","","","SIGNATURE_SKIPPED|FDCE|FDCE","SIGNATURE_SKIPPED|FDCE|FDCE","DUT_INTERNAL","u_dut/rd_cmd_addr_q_reg","u_dut/kernel_rd_raw_data_q_reg","0.061000000"
"u_dut/kernel_rd_raw_data_q_reg[47]/D","u_dut/rd_cmd_addr_q_reg[0][0][1]_replica_3/C","-0.047000000","clk","clk","clk","u_dut/rd_cmd_addr_q_reg[0][0][1]_replica_3","FDCE","u_dut/rd_cmd_addr_q_reg_replica_3","u_dut/kernel_rd_raw_data_q_reg[47]","FDCE","u_dut/kernel_rd_raw_data_q_reg","5","0.368000000","1.576000000","1.944000000","0.810699588","SLICE_X75Y17","SLICE_X69Y20","","","SIGNATURE_SKIPPED|FDCE|FDCE","SIGNATURE_SKIPPED|FDCE|FDCE","DUT_INTERNAL","u_dut/rd_cmd_addr_q_reg_replica_3","u_dut/kernel_rd_raw_data_q_reg","0.047000000"
"u_dut/kernel_rd_raw_data_q_reg[48]/D","u_dut/rd_cmd_addr_q_reg[0][0][0]/C","-0.069000000","clk","clk","clk","u_dut/rd_cmd_addr_q_reg[0][0][0]","FDCE","u_dut/rd_cmd_addr_q_reg","u_dut/kernel_rd_raw_data_q_reg[48]","FDCE","u_dut/kernel_rd_raw_data_q_reg","5","0.388000000","1.591000000","1.979000000","0.803941385","SLICE_X75Y16","SLICE_X68Y25","","","SIGNATURE_SKIPPED|FDCE|FDCE","SIGNATURE_SKIPPED|FDCE|FDCE","DUT_INTERNAL","u_dut/rd_cmd_addr_q_reg","u_dut/kernel_rd_raw_data_q_reg","0.069000000"
"u_dut/kernel_rd_raw_data_q_reg[49]/D","u_dut/rd_cmd_addr_q_reg[0][0][0]/C","-0.048000000","clk","clk","clk","u_dut/rd_cmd_addr_q_reg[0][0][0]","FDCE","u_dut/rd_cmd_addr_q_reg","u_dut/kernel_rd_raw_data_q_reg[49]","FDCE","u_dut/kernel_rd_raw_data_q_reg","5","0.444000000","1.507000000","1.951000000","0.772424398","SLICE_X75Y16","SLICE_X68Y29","","","SIGNATURE_SKIPPED|FDCE|FDCE","SIGNATURE_SKIPPED|FDCE|FDCE","DUT_INTERNAL","u_dut/rd_cmd_addr_q_reg","u_dut/kernel_rd_raw_data_q_reg","0.048000000"
"u_dut/kernel_rd_raw_data_q_reg[4]/D","u_dut/rd_cmd_addr_q_reg[0][0][3]/C","-0.034000000","clk","clk","clk","u_dut/rd_cmd_addr_q_reg[0][0][3]","FDCE","u_dut/rd_cmd_addr_q_reg","u_dut/kernel_rd_raw_data_q_reg[4]","FDCE","u_dut/kernel_rd_raw_data_q_reg","5","0.374000000","1.576000000","1.950000000","0.808205128","SLICE_X76Y17","SLICE_X57Y10","","","SIGNATURE_SKIPPED|FDCE|FDCE","SIGNATURE_SKIPPED|FDCE|FDCE","DUT_INTERNAL","u_dut/rd_cmd_addr_q_reg","u_dut/kernel_rd_raw_data_q_reg","0.034000000"
"u_dut/kernel_rd_raw_data_q_reg[50]/D","u_dut/rd_cmd_addr_q_reg[1][0][1]/C","-0.132000000","clk","clk","clk","u_dut/rd_cmd_addr_q_reg[1][0][1]","FDCE","u_dut/rd_cmd_addr_q_reg","u_dut/kernel_rd_raw_data_q_reg[50]","FDCE","u_dut/kernel_rd_raw_data_q_reg","5","0.521000000","1.494000000","2.015000000","0.741439206","SLICE_X70Y21","SLICE_X68Y22","","","SIGNATURE_SKIPPED|FDCE|FDCE","SIGNATURE_SKIPPED|FDCE|FDCE","DUT_INTERNAL","u_dut/rd_cmd_addr_q_reg","u_dut/kernel_rd_raw_data_q_reg","0.132000000"
"u_dut/kernel_rd_raw_data_q_reg[52]/D","u_dut/rd_cmd_addr_q_reg[1][0][1]/C","-0.085000000","clk","clk","clk","u_dut/rd_cmd_addr_q_reg[1][0][1]","FDCE","u_dut/rd_cmd_addr_q_reg","u_dut/kernel_rd_raw_data_q_reg[52]","FDCE","u_dut/kernel_rd_raw_data_q_reg","5","0.474000000","1.494000000","1.968000000","0.759146341","SLICE_X70Y21","SLICE_X68Y22","","","SIGNATURE_SKIPPED|FDCE|FDCE","SIGNATURE_SKIPPED|FDCE|FDCE","DUT_INTERNAL","u_dut/rd_cmd_addr_q_reg","u_dut/kernel_rd_raw_data_q_reg","0.085000000"
"u_dut/kernel_rd_raw_data_q_reg[53]/D","u_dut/rd_cmd_addr_q_reg[1][0][0]_replica_8/C","-0.083000000","clk","clk","clk","u_dut/rd_cmd_addr_q_reg[1][0][0]_replica_8","FDCE","u_dut/rd_cmd_addr_q_reg_replica_8","u_dut/kernel_rd_raw_data_q_reg[53]","FDCE","u_dut/kernel_rd_raw_data_q_reg","5","0.488000000","1.480000000","1.968000000","0.752032520","SLICE_X67Y28","SLICE_X70Y24","","","SIGNATURE_SKIPPED|FDCE|FDCE","SIGNATURE_SKIPPED|FDCE|FDCE","DUT_INTERNAL","u_dut/rd_cmd_addr_q_reg_replica_8","u_dut/kernel_rd_raw_data_q_reg","0.083000000"
"u_dut/kernel_rd_raw_data_q_reg[54]/D","u_dut/rd_cmd_addr_q_reg[1][0][1]/C","-0.102000000","clk","clk","clk","u_dut/rd_cmd_addr_q_reg[1][0][1]","FDCE","u_dut/rd_cmd_addr_q_reg","u_dut/kernel_rd_raw_data_q_reg[54]","FDCE","u_dut/kernel_rd_raw_data_q_reg","5","0.495000000","1.490000000","1.985000000","0.750629723","SLICE_X70Y21","SLICE_X68Y24","","","SIGNATURE_SKIPPED|FDCE|FDCE","SIGNATURE_SKIPPED|FDCE|FDCE","DUT_INTERNAL","u_dut/rd_cmd_addr_q_reg","u_dut/kernel_rd_raw_data_q_reg","0.102000000"
"u_dut/kernel_rd_raw_data_q_reg[56]/D","u_dut/rd_cmd_addr_q_reg[1][0][1]/C","-0.051000000","clk","clk","clk","u_dut/rd_cmd_addr_q_reg[1][0][1]","FDCE","u_dut/rd_cmd_addr_q_reg","u_dut/kernel_rd_raw_data_q_reg[56]","FDCE","u_dut/kernel_rd_raw_data_q_reg","5","0.450000000","1.488000000","1.938000000","0.767801858","SLICE_X70Y21","SLICE_X64Y21","","","SIGNATURE_SKIPPED|FDCE|FDCE","SIGNATURE_SKIPPED|FDCE|FDCE","DUT_INTERNAL","u_dut/rd_cmd_addr_q_reg","u_dut/kernel_rd_raw_data_q_reg","0.051000000"
"u_dut/kernel_rd_raw_data_q_reg[57]/D","u_dut/rd_cmd_addr_q_reg[1][0][1]/C","-0.024000000","clk","clk","clk","u_dut/rd_cmd_addr_q_reg[1][0][1]","FDCE","u_dut/rd_cmd_addr_q_reg","u_dut/kernel_rd_raw_data_q_reg[57]","FDCE","u_dut/kernel_rd_raw_data_q_reg","5","0.457000000","1.433000000","1.890000000","0.758201058","SLICE_X70Y21","SLICE_X65Y29","","","SIGNATURE_SKIPPED|FDCE|FDCE","SIGNATURE_SKIPPED|FDCE|FDCE","DUT_INTERNAL","u_dut/rd_cmd_addr_q_reg","u_dut/kernel_rd_raw_data_q_reg","0.024000000"
"u_dut/kernel_rd_raw_data_q_reg[58]/D","u_dut/rd_cmd_addr_q_reg[1][0][3]/C","-0.055000000","clk","clk","clk","u_dut/rd_cmd_addr_q_reg[1][0][3]","FDCE","u_dut/rd_cmd_addr_q_reg","u_dut/kernel_rd_raw_data_q_reg[58]","FDCE","u_dut/kernel_rd_raw_data_q_reg","5","0.377000000","1.574000000","1.951000000","0.806765761","SLICE_X69Y23","SLICE_X68Y25","","","SIGNATURE_SKIPPED|FDCE|FDCE","SIGNATURE_SKIPPED|FDCE|FDCE","DUT_INTERNAL","u_dut/rd_cmd_addr_q_reg","u_dut/kernel_rd_raw_data_q_reg","0.055000000"
"u_dut/kernel_rd_raw_data_q_reg[59]/D","u_dut/rd_cmd_addr_q_reg[0][0][0]/C","-0.120000000","clk","clk","clk","u_dut/rd_cmd_addr_q_reg[0][0][0]","FDCE","u_dut/rd_cmd_addr_q_reg","u_dut/kernel_rd_raw_data_q_reg[59]","FDCE","u_dut/kernel_rd_raw_data_q_reg","5","0.394000000","1.624000000","2.018000000","0.804757185","SLICE_X75Y16","SLICE_X70Y18","","","SIGNATURE_SKIPPED|FDCE|FDCE","SIGNATURE_SKIPPED|FDCE|FDCE","DUT_INTERNAL","u_dut/rd_cmd_addr_q_reg","u_dut/kernel_rd_raw_data_q_reg","0.120000000"
"u_dut/kernel_rd_raw_data_q_reg[5]/CE","u_dut/u_unified_p4_kernel/reserved_groups_q_reg[5]/C","-0.034000000","clk","clk","clk","u_dut/u_unified_p4_kernel/reserved_groups_q_reg[5]","FDCE","u_dut/u_unified_p4_kernel/reserved_groups_q_reg","u_dut/kernel_rd_raw_data_q_reg[5]","FDCE","u_dut/kernel_rd_raw_data_q_reg","4","0.460000000","1.429000000","1.889000000","0.756484913","SLICE_X68Y30","SLICE_X57Y12","","","SIGNATURE_SKIPPED|FDCE|FDCE","SIGNATURE_SKIPPED|FDCE|FDCE","DUT_INTERNAL","u_dut/u_unified_p4_kernel/reserved_groups_q_reg","u_dut/kernel_rd_raw_data_q_reg","0.034000000"
"u_dut/kernel_rd_raw_data_q_reg[60]/D","u_dut/rd_cmd_addr_q_reg[1][0][0]/C","-0.059000000","clk","clk","clk","u_dut/rd_cmd_addr_q_reg[1][0][0]","FDCE","u_dut/rd_cmd_addr_q_reg","u_dut/kernel_rd_raw_data_q_reg[60]","FDCE","u_dut/kernel_rd_raw_data_q_reg","5","0.493000000","1.504000000","1.997000000","0.753129695","SLICE_X73Y27","SLICE_X69Y22","","","SIGNATURE_SKIPPED|FDCE|FDCE","SIGNATURE_SKIPPED|FDCE|FDCE","DUT_INTERNAL","u_dut/rd_cmd_addr_q_reg","u_dut/kernel_rd_raw_data_q_reg","0.059000000"
"u_dut/kernel_rd_raw_data_q_reg[61]/D","u_dut/rd_cmd_addr_q_reg[0][0][0]/C","-0.051000000","clk","clk","clk","u_dut/rd_cmd_addr_q_reg[0][0][0]","FDCE","u_dut/rd_cmd_addr_q_reg","u_dut/kernel_rd_raw_data_q_reg[61]","FDCE","u_dut/kernel_rd_raw_data_q_reg","5","0.406000000","1.552000000","1.958000000","0.792645557","SLICE_X75Y16","SLICE_X64Y21","","","SIGNATURE_SKIPPED|FDCE|FDCE","SIGNATURE_SKIPPED|FDCE|FDCE","DUT_INTERNAL","u_dut/rd_cmd_addr_q_reg","u_dut/kernel_rd_raw_data_q_reg","0.051000000"
"u_dut/kernel_rd_raw_data_q_reg[63]/D","u_dut/rd_cmd_addr_q_reg[0][0][0]/C","-0.060000000","clk","clk","clk","u_dut/rd_cmd_addr_q_reg[0][0][0]","FDCE","u_dut/rd_cmd_addr_q_reg","u_dut/kernel_rd_raw_data_q_reg[63]","FDCE","u_dut/kernel_rd_raw_data_q_reg","5","0.401000000","1.562000000","1.963000000","0.795720835","SLICE_X75Y16","SLICE_X69Y19","","","SIGNATURE_SKIPPED|FDCE|FDCE","SIGNATURE_SKIPPED|FDCE|FDCE","DUT_INTERNAL","u_dut/rd_cmd_addr_q_reg","u_dut/kernel_rd_raw_data_q_reg","0.060000000"
"u_dut/kernel_rd_raw_data_q_reg[6]/CE","u_dut/u_unified_p4_kernel/reserved_groups_q_reg[5]/C","-0.013000000","clk","clk","clk","u_dut/u_unified_p4_kernel/reserved_groups_q_reg[5]","FDCE","u_dut/u_unified_p4_kernel/reserved_groups_q_reg","u_dut/kernel_rd_raw_data_q_reg[6]","FDCE","u_dut/kernel_rd_raw_data_q_reg","4","0.460000000","1.400000000","1.860000000","0.752688172","SLICE_X68Y30","SLICE_X57Y8","","","SIGNATURE_SKIPPED|FDCE|FDCE","SIGNATURE_SKIPPED|FDCE|FDCE","DUT_INTERNAL","u_dut/u_unified_p4_kernel/reserved_groups_q_reg","u_dut/kernel_rd_raw_data_q_reg","0.013000000"
"u_dut/kernel_rd_raw_data_q_reg[6]/D","u_dut/rd_cmd_addr_q_reg[0][0][3]/C","-0.070000000","clk","clk","clk","u_dut/rd_cmd_addr_q_reg[0][0][3]","FDCE","u_dut/rd_cmd_addr_q_reg","u_dut/kernel_rd_raw_data_q_reg[6]","FDCE","u_dut/kernel_rd_raw_data_q_reg","5","0.360000000","1.626000000","1.986000000","0.818731118","SLICE_X76Y17","SLICE_X57Y8","","","SIGNATURE_SKIPPED|FDCE|FDCE","SIGNATURE_SKIPPED|FDCE|FDCE","DUT_INTERNAL","u_dut/rd_cmd_addr_q_reg","u_dut/kernel_rd_raw_data_q_reg","0.070000000"
"u_dut/kernel_rd_raw_data_q_reg[9]/D","u_dut/rd_cmd_addr_q_reg[1][0][1]/C","-0.048000000","clk","clk","clk","u_dut/rd_cmd_addr_q_reg[1][0][1]","FDCE","u_dut/rd_cmd_addr_q_reg","u_dut/kernel_rd_raw_data_q_reg[9]","FDCE","u_dut/kernel_rd_raw_data_q_reg","5","0.532000000","1.396000000","1.928000000","0.724066390","SLICE_X70Y21","SLICE_X68Y23","","","SIGNATURE_SKIPPED|FDCE|FDCE","SIGNATURE_SKIPPED|FDCE|FDCE","DUT_INTERNAL","u_dut/rd_cmd_addr_q_reg","u_dut/kernel_rd_raw_data_q_reg","0.048000000"
"u_dut/kernel_rd_req_group_q_reg[3]/CE","u_dut/kernel_cut_w_q_reg[3]/C","-0.079000000","clk","clk","clk","u_dut/kernel_cut_w_q_reg[3]","FDCE","u_dut/kernel_cut_w_q_reg","u_dut/kernel_rd_req_group_q_reg[3]","FDCE","u_dut/kernel_rd_req_group_q_reg","4","0.578000000","1.323000000","1.901000000","0.695949500","SLICE_X77Y20","SLICE_X70Y23","","","SIGNATURE_SKIPPED|FDCE|FDCE","SIGNATURE_SKIPPED|FDCE|FDCE","DUT_INTERNAL","u_dut/kernel_cut_w_q_reg","u_dut/kernel_rd_req_group_q_reg","0.079000000"
"u_dut/kernel_rd_req_group_q_reg[4]/CE","u_dut/kernel_cut_w_q_reg[3]/C","-0.077000000","clk","clk","clk","u_dut/kernel_cut_w_q_reg[3]","FDCE","u_dut/kernel_cut_w_q_reg","u_dut/kernel_rd_req_group_q_reg[4]","FDCE","u_dut/kernel_rd_req_group_q_reg","4","0.578000000","1.321000000","1.899000000","0.695629279","SLICE_X77Y20","SLICE_X70Y23","","","SIGNATURE_SKIPPED|FDCE|FDCE","SIGNATURE_SKIPPED|FDCE|FDCE","DUT_INTERNAL","u_dut/kernel_cut_w_q_reg","u_dut/kernel_rd_req_group_q_reg","0.077000000"
"u_dut/kernel_rd_resp_data_q_reg[33]/D","u_dut/kernel_cut_h_q_reg[2]/C","-0.058000000","clk","clk","clk","u_dut/kernel_cut_h_q_reg[2]","FDCE","u_dut/kernel_cut_h_q_reg","u_dut/kernel_rd_resp_data_q_reg[33]","FDCE","u_dut/kernel_rd_resp_data_q_reg","4","0.429000000","1.577000000","2.006000000","0.786141575","SLICE_X84Y26","SLICE_X69Y23","","","SIGNATURE_SKIPPED|FDCE|FDCE","SIGNATURE_SKIPPED|FDCE|FDCE","DUT_INTERNAL","u_dut/kernel_cut_h_q_reg","u_dut/kernel_rd_resp_data_q_reg","0.058000000"
"u_dut/kernel_rd_resp_data_q_reg[42]/D","u_dut/kernel_cut_h_q_reg[2]/C","-0.015000000","clk","clk","clk","u_dut/kernel_cut_h_q_reg[2]","FDCE","u_dut/kernel_cut_h_q_reg","u_dut/kernel_rd_resp_data_q_reg[42]","FDCE","u_dut/kernel_rd_resp_data_q_reg","4","0.484000000","1.481000000","1.965000000","0.753689567","SLICE_X84Y26","SLICE_X68Y25","","","SIGNATURE_SKIPPED|FDCE|FDCE","SIGNATURE_SKIPPED|FDCE|FDCE","DUT_INTERNAL","u_dut/kernel_cut_h_q_reg","u_dut/kernel_rd_resp_data_q_reg","0.015000000"
"u_dut/kernel_rd_resp_data_q_reg[44]/D","u_dut/kernel_cut_h_q_reg[2]/C","-0.015000000","clk","clk","clk","u_dut/kernel_cut_h_q_reg[2]","FDCE","u_dut/kernel_cut_h_q_reg","u_dut/kernel_rd_resp_data_q_reg[44]","FDCE","u_dut/kernel_rd_resp_data_q_reg","4","0.484000000","1.477000000","1.961000000","0.753187149","SLICE_X84Y26","SLICE_X68Y26","","","SIGNATURE_SKIPPED|FDCE|FDCE","SIGNATURE_SKIPPED|FDCE|FDCE","DUT_INTERNAL","u_dut/kernel_cut_h_q_reg","u_dut/kernel_rd_resp_data_q_reg","0.015000000"
"u_dut/kernel_rd_resp_data_q_reg[46]/D","u_dut/kernel_cut_h_q_reg[2]/C","-0.063000000","clk","clk","clk","u_dut/kernel_cut_h_q_reg[2]","FDCE","u_dut/kernel_cut_h_q_reg","u_dut/kernel_rd_resp_data_q_reg[46]","FDCE","u_dut/kernel_rd_resp_data_q_reg","4","0.484000000","1.524000000","2.008000000","0.758964143","SLICE_X84Y26","SLICE_X68Y27","","","SIGNATURE_SKIPPED|FDCE|FDCE","SIGNATURE_SKIPPED|FDCE|FDCE","DUT_INTERNAL","u_dut/kernel_cut_h_q_reg","u_dut/kernel_rd_resp_data_q_reg","0.063000000"
"u_dut/kernel_rd_resp_data_q_reg[47]/D","u_dut/kernel_cut_h_q_reg[2]/C","-0.020000000","clk","clk","clk","u_dut/kernel_cut_h_q_reg[2]","FDCE","u_dut/kernel_cut_h_q_reg","u_dut/kernel_rd_resp_data_q_reg[47]","FDCE","u_dut/kernel_rd_resp_data_q_reg","4","0.444000000","1.521000000","1.965000000","0.774045802","SLICE_X84Y26","SLICE_X69Y26","","","SIGNATURE_SKIPPED|FDCE|FDCE","SIGNATURE_SKIPPED|FDCE|FDCE","DUT_INTERNAL","u_dut/kernel_cut_h_q_reg","u_dut/kernel_rd_resp_data_q_reg","0.020000000"
"u_dut/kernel_rd_resp_valid_q_reg/D","u_dut/u_unified_p4_kernel/done_reg/C","-0.070000000","clk","clk","clk","u_dut/u_unified_p4_kernel/done_reg","FDCE","u_dut/u_unified_p4_kernel/done_reg","u_dut/kernel_rd_resp_valid_q_reg","FDCE","u_dut/kernel_rd_resp_valid_q_reg","3","0.389000000","1.478000000","1.867000000","0.791644349","SLICE_X54Y47","SLICE_X71Y31","","","SIGNATURE_SKIPPED|FDCE|FDCE","SIGNATURE_SKIPPED|FDCE|FDCE","DUT_INTERNAL","u_dut/u_unified_p4_kernel/done_reg","u_dut/kernel_rd_resp_valid_q_reg","0.070000000"
"u_dut/kernel_stage_q_reg_replica/CE","u_dut/kernel_run_q_reg/C","-0.003000000","clk","clk","clk","u_dut/kernel_run_q_reg","FDCE","u_dut/kernel_run_q_reg","u_dut/kernel_stage_q_reg_replica","FDCE","u_dut/kernel_stage_q_reg_replica","2","0.181000000","1.630000000","1.811000000","0.900055218","SLICE_X78Y21","SLICE_X72Y30","","","SIGNATURE_SKIPPED|FDCE|FDCE","SIGNATURE_SKIPPED|FDCE|FDCE","DUT_INTERNAL","u_dut/kernel_run_q_reg","u_dut/kernel_stage_q_reg_replica","0.003000000"
"u_dut/lfnst_gather_index_q_reg[2]/CE","u_dut/output_active_reg_replica/C","-0.002000000","clk","clk","clk","u_dut/output_active_reg_replica","FDCE","u_dut/output_active_reg_replica","u_dut/lfnst_gather_index_q_reg[2]","FDCE","u_dut/lfnst_gather_index_q_reg","4","0.400000000","1.428000000","1.828000000","0.781181619","SLICE_X78Y21","SLICE_X70Y20","","","SIGNATURE_SKIPPED|FDCE|FDCE","SIGNATURE_SKIPPED|FDCE|FDCE","DUT_INTERNAL","u_dut/output_active_reg_replica","u_dut/lfnst_gather_index_q_reg","0.002000000"
"u_dut/lfnst_grid_reg[11][0]/CE","u_dut/slot_state_reg[0][1]/C","-0.039000000","clk","clk","clk","u_dut/slot_state_reg[0][1]","FDCE","u_dut/slot_state_reg","u_dut/lfnst_grid_reg[11][0]","FDCE","u_dut/lfnst_grid_reg","4","0.306000000","1.631000000","1.937000000","0.842023748","SLICE_X80Y21","SLICE_X91Y8","","","SIGNATURE_SKIPPED|FDCE|FDCE","SIGNATURE_SKIPPED|FDCE|FDCE","DUT_INTERNAL","u_dut/slot_state_reg","u_dut/lfnst_grid_reg","0.039000000"
"u_dut/lfnst_grid_reg[11][12]/CE","u_dut/slot_state_reg[0][1]/C","-0.018000000","clk","clk","clk","u_dut/slot_state_reg[0][1]","FDCE","u_dut/slot_state_reg","u_dut/lfnst_grid_reg[11][12]","FDCE","u_dut/lfnst_grid_reg","4","0.306000000","1.546000000","1.852000000","0.834773218","SLICE_X80Y21","SLICE_X88Y14","","","SIGNATURE_SKIPPED|FDCE|FDCE","SIGNATURE_SKIPPED|FDCE|FDCE","DUT_INTERNAL","u_dut/slot_state_reg","u_dut/lfnst_grid_reg","0.018000000"
"u_dut/lfnst_grid_reg[11][14]/CE","u_dut/slot_state_reg[0][1]/C","-0.018000000","clk","clk","clk","u_dut/slot_state_reg[0][1]","FDCE","u_dut/slot_state_reg","u_dut/lfnst_grid_reg[11][14]","FDCE","u_dut/lfnst_grid_reg","4","0.306000000","1.546000000","1.852000000","0.834773218","SLICE_X80Y21","SLICE_X88Y14","","","SIGNATURE_SKIPPED|FDCE|FDCE","SIGNATURE_SKIPPED|FDCE|FDCE","DUT_INTERNAL","u_dut/slot_state_reg","u_dut/lfnst_grid_reg","0.018000000"
"u_dut/lfnst_grid_reg[11][7]/CE","u_dut/slot_state_reg[0][1]/C","-0.020000000","clk","clk","clk","u_dut/slot_state_reg[0][1]","FDCE","u_dut/slot_state_reg","u_dut/lfnst_grid_reg[11][7]","FDCE","u_dut/lfnst_grid_reg","4","0.306000000","1.548000000","1.854000000","0.834951456","SLICE_X80Y21","SLICE_X88Y14","","","SIGNATURE_SKIPPED|FDCE|FDCE","SIGNATURE_SKIPPED|FDCE|FDCE","DUT_INTERNAL","u_dut/slot_state_reg","u_dut/lfnst_grid_reg","0.020000000"
"u_dut/lfnst_grid_reg[11][8]/CE","u_dut/slot_state_reg[0][1]/C","-0.018000000","clk","clk","clk","u_dut/slot_state_reg[0][1]","FDCE","u_dut/slot_state_reg","u_dut/lfnst_grid_reg[11][8]","FDCE","u_dut/lfnst_grid_reg","4","0.306000000","1.546000000","1.852000000","0.834773218","SLICE_X80Y21","SLICE_X88Y14","","","SIGNATURE_SKIPPED|FDCE|FDCE","SIGNATURE_SKIPPED|FDCE|FDCE","DUT_INTERNAL","u_dut/slot_state_reg","u_dut/lfnst_grid_reg","0.018000000"
"u_dut/lfnst_grid_reg[13][0]/CE","u_dut/slot_state_reg[0][1]/C","-0.005000000","clk","clk","clk","u_dut/slot_state_reg[0][1]","FDCE","u_dut/slot_state_reg","u_dut/lfnst_grid_reg[13][0]","FDCE","u_dut/lfnst_grid_reg","4","0.305000000","1.601000000","1.906000000","0.839979014","SLICE_X80Y21","SLICE_X90Y12","","","SIGNATURE_SKIPPED|FDCE|FDCE","SIGNATURE_SKIPPED|FDCE|FDCE","DUT_INTERNAL","u_dut/slot_state_reg","u_dut/lfnst_grid_reg","0.005000000"
"u_dut/lfnst_grid_reg[13][11]/CE","u_dut/slot_state_reg[0][1]/C","-0.084000000","clk","clk","clk","u_dut/slot_state_reg[0][1]","FDCE","u_dut/slot_state_reg","u_dut/lfnst_grid_reg[13][11]","FDCE","u_dut/lfnst_grid_reg","4","0.305000000","1.610000000","1.915000000","0.840731070","SLICE_X80Y21","SLICE_X88Y15","","","SIGNATURE_SKIPPED|FDCE|FDCE","SIGNATURE_SKIPPED|FDCE|FDCE","DUT_INTERNAL","u_dut/slot_state_reg","u_dut/lfnst_grid_reg","0.084000000"
"u_dut/lfnst_grid_reg[13][13]/CE","u_dut/slot_state_reg[0][1]/C","-0.005000000","clk","clk","clk","u_dut/slot_state_reg[0][1]","FDCE","u_dut/slot_state_reg","u_dut/lfnst_grid_reg[13][13]","FDCE","u_dut/lfnst_grid_reg","4","0.305000000","1.601000000","1.906000000","0.839979014","SLICE_X80Y21","SLICE_X90Y12","","","SIGNATURE_SKIPPED|FDCE|FDCE","SIGNATURE_SKIPPED|FDCE|FDCE","DUT_INTERNAL","u_dut/slot_state_reg","u_dut/lfnst_grid_reg","0.005000000"
"u_dut/lfnst_grid_reg[13][14]/CE","u_dut/slot_state_reg[0][1]/C","-0.010000000","clk","clk","clk","u_dut/slot_state_reg[0][1]","FDCE","u_dut/slot_state_reg","u_dut/lfnst_grid_reg[13][14]","FDCE","u_dut/lfnst_grid_reg","4","0.305000000","1.604000000","1.909000000","0.840230487","SLICE_X80Y21","SLICE_X92Y14","","","SIGNATURE_SKIPPED|FDCE|FDCE","SIGNATURE_SKIPPED|FDCE|FDCE","DUT_INTERNAL","u_dut/slot_state_reg","u_dut/lfnst_grid_reg","0.010000000"
"u_dut/lfnst_grid_reg[13][15]/CE","u_dut/slot_state_reg[0][1]/C","-0.027000000","clk","clk","clk","u_dut/slot_state_reg[0][1]","FDCE","u_dut/slot_state_reg","u_dut/lfnst_grid_reg[13][15]","FDCE","u_dut/lfnst_grid_reg","4","0.305000000","1.559000000","1.864000000","0.836373391","SLICE_X80Y21","SLICE_X89Y15","","","SIGNATURE_SKIPPED|FDCE|FDCE","SIGNATURE_SKIPPED|FDCE|FDCE","DUT_INTERNAL","u_dut/slot_state_reg","u_dut/lfnst_grid_reg","0.027000000"
"u_dut/lfnst_grid_reg[13][3]/CE","u_dut/slot_state_reg[0][1]/C","-0.071000000","clk","clk","clk","u_dut/slot_state_reg[0][1]","FDCE","u_dut/slot_state_reg","u_dut/lfnst_grid_reg[13][3]","FDCE","u_dut/lfnst_grid_reg","4","0.305000000","1.670000000","1.975000000","0.845569620","SLICE_X80Y21","SLICE_X91Y11","","","SIGNATURE_SKIPPED|FDCE|FDCE","SIGNATURE_SKIPPED|FDCE|FDCE","DUT_INTERNAL","u_dut/slot_state_reg","u_dut/lfnst_grid_reg","0.071000000"
"u_dut/lfnst_grid_reg[13][4]/CE","u_dut/slot_state_reg[0][1]/C","-0.032000000","clk","clk","clk","u_dut/slot_state_reg[0][1]","FDCE","u_dut/slot_state_reg","u_dut/lfnst_grid_reg[13][4]","FDCE","u_dut/lfnst_grid_reg","4","0.305000000","1.627000000","1.932000000","0.842132505","SLICE_X80Y21","SLICE_X91Y13","","","SIGNATURE_SKIPPED|FDCE|FDCE","SIGNATURE_SKIPPED|FDCE|FDCE","DUT_INTERNAL","u_dut/slot_state_reg","u_dut/lfnst_grid_reg","0.032000000"
"u_dut/lfnst_grid_reg[13][5]/CE","u_dut/slot_state_reg[0][1]/C","-0.032000000","clk","clk","clk","u_dut/slot_state_reg[0][1]","FDCE","u_dut/slot_state_reg","u_dut/lfnst_grid_reg[13][5]","FDCE","u_dut/lfnst_grid_reg","4","0.305000000","1.627000000","1.932000000","0.842132505","SLICE_X80Y21","SLICE_X91Y13","","","SIGNATURE_SKIPPED|FDCE|FDCE","SIGNATURE_SKIPPED|FDCE|FDCE","DUT_INTERNAL","u_dut/slot_state_reg","u_dut/lfnst_grid_reg","0.032000000"
"u_dut/lfnst_grid_reg[13][6]/CE","u_dut/slot_state_reg[0][1]/C","-0.071000000","clk","clk","clk","u_dut/slot_state_reg[0][1]","FDCE","u_dut/slot_state_reg","u_dut/lfnst_grid_reg[13][6]","FDCE","u_dut/lfnst_grid_reg","4","0.305000000","1.670000000","1.975000000","0.845569620","SLICE_X80Y21","SLICE_X91Y11","","","SIGNATURE_SKIPPED|FDCE|FDCE","SIGNATURE_SKIPPED|FDCE|FDCE","DUT_INTERNAL","u_dut/slot_state_reg","u_dut/lfnst_grid_reg","0.071000000"
"u_dut/lfnst_grid_reg[13][8]/CE","u_dut/slot_state_reg[0][1]/C","-0.084000000","clk","clk","clk","u_dut/slot_state_reg[0][1]","FDCE","u_dut/slot_state_reg","u_dut/lfnst_grid_reg[13][8]","FDCE","u_dut/lfnst_grid_reg","4","0.305000000","1.610000000","1.915000000","0.840731070","SLICE_X80Y21","SLICE_X88Y15","","","SIGNATURE_SKIPPED|FDCE|FDCE","SIGNATURE_SKIPPED|FDCE|FDCE","DUT_INTERNAL","u_dut/slot_state_reg","u_dut/lfnst_grid_reg","0.084000000"
"u_dut/lfnst_grid_reg[13][9]/CE","u_dut/slot_state_reg[0][1]/C","-0.010000000","clk","clk","clk","u_dut/slot_state_reg[0][1]","FDCE","u_dut/slot_state_reg","u_dut/lfnst_grid_reg[13][9]","FDCE","u_dut/lfnst_grid_reg","4","0.305000000","1.604000000","1.909000000","0.840230487","SLICE_X80Y21","SLICE_X92Y14","","","SIGNATURE_SKIPPED|FDCE|FDCE","SIGNATURE_SKIPPED|FDCE|FDCE","DUT_INTERNAL","u_dut/slot_state_reg","u_dut/lfnst_grid_reg","0.010000000"
"u_dut/lfnst_grid_reg[14][0]/CE","u_dut/slot_state_reg[0][1]/C","-0.020000000","clk","clk","clk","u_dut/slot_state_reg[0][1]","FDCE","u_dut/slot_state_reg","u_dut/lfnst_grid_reg[14][0]","FDCE","u_dut/lfnst_grid_reg","4","0.289000000","1.634000000","1.923000000","0.849713989","SLICE_X80Y21","SLICE_X91Y9","","","SIGNATURE_SKIPPED|FDCE|FDCE","SIGNATURE_SKIPPED|FDCE|FDCE","DUT_INTERNAL","u_dut/slot_state_reg","u_dut/lfnst_grid_reg","0.020000000"
"u_dut/lfnst_grid_reg[14][11]/CE","u_dut/slot_state_reg[0][1]/C","-0.020000000","clk","clk","clk","u_dut/slot_state_reg[0][1]","FDCE","u_dut/slot_state_reg","u_dut/lfnst_grid_reg[14][11]","FDCE","u_dut/lfnst_grid_reg","4","0.289000000","1.633000000","1.922000000","0.849635796","SLICE_X80Y21","SLICE_X91Y9","","","SIGNATURE_SKIPPED|FDCE|FDCE","SIGNATURE_SKIPPED|FDCE|FDCE","DUT_INTERNAL","u_dut/slot_state_reg","u_dut/lfnst_grid_reg","0.020000000"
"u_dut/lfnst_grid_reg[14][14]/CE","u_dut/slot_state_reg[0][1]/C","-0.042000000","clk","clk","clk","u_dut/slot_state_reg[0][1]","FDCE","u_dut/slot_state_reg","u_dut/lfnst_grid_reg[14][14]","FDCE","u_dut/lfnst_grid_reg","4","0.289000000","1.650000000","1.939000000","0.850954100","SLICE_X80Y21","SLICE_X92Y9","","","SIGNATURE_SKIPPED|FDCE|FDCE","SIGNATURE_SKIPPED|FDCE|FDCE","DUT_INTERNAL","u_dut/slot_state_reg","u_dut/lfnst_grid_reg","0.042000000"
"u_dut/lfnst_grid_reg[14][15]/CE","u_dut/slot_state_reg[0][1]/C","-0.020000000","clk","clk","clk","u_dut/slot_state_reg[0][1]","FDCE","u_dut/slot_state_reg","u_dut/lfnst_grid_reg[14][15]","FDCE","u_dut/lfnst_grid_reg","4","0.289000000","1.633000000","1.922000000","0.849635796","SLICE_X80Y21","SLICE_X91Y9","","","SIGNATURE_SKIPPED|FDCE|FDCE","SIGNATURE_SKIPPED|FDCE|FDCE","DUT_INTERNAL","u_dut/slot_state_reg","u_dut/lfnst_grid_reg","0.020000000"
"u_dut/lfnst_grid_reg[14][1]/CE","u_dut/slot_state_reg[0][1]/C","-0.042000000","clk","clk","clk","u_dut/slot_state_reg[0][1]","FDCE","u_dut/slot_state_reg","u_dut/lfnst_grid_reg[14][1]","FDCE","u_dut/lfnst_grid_reg","4","0.289000000","1.650000000","1.939000000","0.850954100","SLICE_X80Y21","SLICE_X92Y9","","","SIGNATURE_SKIPPED|FDCE|FDCE","SIGNATURE_SKIPPED|FDCE|FDCE","DUT_INTERNAL","u_dut/slot_state_reg","u_dut/lfnst_grid_reg","0.042000000"
"u_dut/lfnst_grid_reg[14][2]/CE","u_dut/slot_state_reg[0][1]/C","-0.012000000","clk","clk","clk","u_dut/slot_state_reg[0][1]","FDCE","u_dut/slot_state_reg","u_dut/lfnst_grid_reg[14][2]","FDCE","u_dut/lfnst_grid_reg","4","0.289000000","1.619000000","1.908000000","0.848532495","SLICE_X80Y21","SLICE_X92Y8","","","SIGNATURE_SKIPPED|FDCE|FDCE","SIGNATURE_SKIPPED|FDCE|FDCE","DUT_INTERNAL","u_dut/slot_state_reg","u_dut/lfnst_grid_reg","0.012000000"
"u_dut/lfnst_grid_reg[14][3]/CE","u_dut/slot_state_reg[0][1]/C","-0.042000000","clk","clk","clk","u_dut/slot_state_reg[0][1]","FDCE","u_dut/slot_state_reg","u_dut/lfnst_grid_reg[14][3]","FDCE","u_dut/lfnst_grid_reg","4","0.289000000","1.650000000","1.939000000","0.850954100","SLICE_X80Y21","SLICE_X92Y9","","","SIGNATURE_SKIPPED|FDCE|FDCE","SIGNATURE_SKIPPED|FDCE|FDCE","DUT_INTERNAL","u_dut/slot_state_reg","u_dut/lfnst_grid_reg","0.042000000"
"u_dut/lfnst_grid_reg[14][6]/CE","u_dut/slot_state_reg[0][1]/C","-0.012000000","clk","clk","clk","u_dut/slot_state_reg[0][1]","FDCE","u_dut/slot_state_reg","u_dut/lfnst_grid_reg[14][6]","FDCE","u_dut/lfnst_grid_reg","4","0.289000000","1.619000000","1.908000000","0.848532495","SLICE_X80Y21","SLICE_X92Y8","","","SIGNATURE_SKIPPED|FDCE|FDCE","SIGNATURE_SKIPPED|FDCE|FDCE","DUT_INTERNAL","u_dut/slot_state_reg","u_dut/lfnst_grid_reg","0.012000000"
"u_dut/lfnst_grid_reg[14][7]/CE","u_dut/slot_state_reg[0][1]/C","-0.042000000","clk","clk","clk","u_dut/slot_state_reg[0][1]","FDCE","u_dut/slot_state_reg","u_dut/lfnst_grid_reg[14][7]","FDCE","u_dut/lfnst_grid_reg","4","0.289000000","1.650000000","1.939000000","0.850954100","SLICE_X80Y21","SLICE_X92Y9","","","SIGNATURE_SKIPPED|FDCE|FDCE","SIGNATURE_SKIPPED|FDCE|FDCE","DUT_INTERNAL","u_dut/slot_state_reg","u_dut/lfnst_grid_reg","0.042000000"
"u_dut/lfnst_grid_reg[14][8]/CE","u_dut/slot_state_reg[0][1]/C","-0.020000000","clk","clk","clk","u_dut/slot_state_reg[0][1]","FDCE","u_dut/slot_state_reg","u_dut/lfnst_grid_reg[14][8]","FDCE","u_dut/lfnst_grid_reg","4","0.289000000","1.633000000","1.922000000","0.849635796","SLICE_X80Y21","SLICE_X91Y9","","","SIGNATURE_SKIPPED|FDCE|FDCE","SIGNATURE_SKIPPED|FDCE|FDCE","DUT_INTERNAL","u_dut/slot_state_reg","u_dut/lfnst_grid_reg","0.020000000"
"u_dut/lfnst_grid_reg[14][9]/CE","u_dut/slot_state_reg[0][1]/C","-0.012000000","clk","clk","clk","u_dut/slot_state_reg[0][1]","FDCE","u_dut/slot_state_reg","u_dut/lfnst_grid_reg[14][9]","FDCE","u_dut/lfnst_grid_reg","4","0.289000000","1.619000000","1.908000000","0.848532495","SLICE_X80Y21","SLICE_X92Y8","","","SIGNATURE_SKIPPED|FDCE|FDCE","SIGNATURE_SKIPPED|FDCE|FDCE","DUT_INTERNAL","u_dut/slot_state_reg","u_dut/lfnst_grid_reg","0.012000000"
"u_dut/lfnst_grid_reg[15][11]/CE","u_dut/slot_state_reg[0][1]/C","-0.029000000","clk","clk","clk","u_dut/slot_state_reg[0][1]","FDCE","u_dut/slot_state_reg","u_dut/lfnst_grid_reg[15][11]","FDCE","u_dut/lfnst_grid_reg","4","0.377000000","1.490000000","1.867000000","0.798071773","SLICE_X80Y21","SLICE_X89Y13","","","SIGNATURE_SKIPPED|FDCE|FDCE","SIGNATURE_SKIPPED|FDCE|FDCE","DUT_INTERNAL","u_dut/slot_state_reg","u_dut/lfnst_grid_reg","0.029000000"
"u_dut/lfnst_grid_reg[15][12]/CE","u_dut/slot_state_reg[0][1]/C","-0.083000000","clk","clk","clk","u_dut/slot_state_reg[0][1]","FDCE","u_dut/slot_state_reg","u_dut/lfnst_grid_reg[15][12]","FDCE","u_dut/lfnst_grid_reg","4","0.377000000","1.542000000","1.919000000","0.803543512","SLICE_X80Y21","SLICE_X89Y7","","","SIGNATURE_SKIPPED|FDCE|FDCE","SIGNATURE_SKIPPED|FDCE|FDCE","DUT_INTERNAL","u_dut/slot_state_reg","u_dut/lfnst_grid_reg","0.083000000"
"u_dut/lfnst_grid_reg[15][13]/CE","u_dut/slot_state_reg[0][1]/C","-0.039000000","clk","clk","clk","u_dut/slot_state_reg[0][1]","FDCE","u_dut/slot_state_reg","u_dut/lfnst_grid_reg[15][13]","FDCE","u_dut/lfnst_grid_reg","4","0.377000000","1.561000000","1.938000000","0.805469556","SLICE_X80Y21","SLICE_X92Y13","","","SIGNATURE_SKIPPED|FDCE|FDCE","SIGNATURE_SKIPPED|FDCE|FDCE","DUT_INTERNAL","u_dut/slot_state_reg","u_dut/lfnst_grid_reg","0.039000000"
"u_dut/lfnst_grid_reg[15][1]/CE","u_dut/slot_state_reg[0][1]/C","-0.029000000","clk","clk","clk","u_dut/slot_state_reg[0][1]","FDCE","u_dut/slot_state_reg","u_dut/lfnst_grid_reg[15][1]","FDCE","u_dut/lfnst_grid_reg","4","0.377000000","1.490000000","1.867000000","0.798071773","SLICE_X80Y21","SLICE_X89Y13","","","SIGNATURE_SKIPPED|FDCE|FDCE","SIGNATURE_SKIPPED|FDCE|FDCE","DUT_INTERNAL","u_dut/slot_state_reg","u_dut/lfnst_grid_reg","0.029000000"
"u_dut/lfnst_grid_reg[15][2]/CE","u_dut/slot_state_reg[0][1]/C","-0.083000000","clk","clk","clk","u_dut/slot_state_reg[0][1]","FDCE","u_dut/slot_state_reg","u_dut/lfnst_grid_reg[15][2]","FDCE","u_dut/lfnst_grid_reg","4","0.377000000","1.542000000","1.919000000","0.803543512","SLICE_X80Y21","SLICE_X89Y7","","","SIGNATURE_SKIPPED|FDCE|FDCE","SIGNATURE_SKIPPED|FDCE|FDCE","DUT_INTERNAL","u_dut/slot_state_reg","u_dut/lfnst_grid_reg","0.083000000"
"u_dut/lfnst_grid_reg[15][4]/CE","u_dut/slot_state_reg[0][1]/C","-0.083000000","clk","clk","clk","u_dut/slot_state_reg[0][1]","FDCE","u_dut/slot_state_reg","u_dut/lfnst_grid_reg[15][4]","FDCE","u_dut/lfnst_grid_reg","4","0.377000000","1.541000000","1.918000000","0.803441084","SLICE_X80Y21","SLICE_X89Y9","","","SIGNATURE_SKIPPED|FDCE|FDCE","SIGNATURE_SKIPPED|FDCE|FDCE","DUT_INTERNAL","u_dut/slot_state_reg","u_dut/lfnst_grid_reg","0.083000000"
"u_dut/lfnst_grid_reg[15][6]/CE","u_dut/slot_state_reg[0][1]/C","-0.084000000","clk","clk","clk","u_dut/slot_state_reg[0][1]","FDCE","u_dut/slot_state_reg","u_dut/lfnst_grid_reg[15][6]","FDCE","u_dut/lfnst_grid_reg","4","0.377000000","1.542000000","1.919000000","0.803543512","SLICE_X80Y21","SLICE_X89Y8","","","SIGNATURE_SKIPPED|FDCE|FDCE","SIGNATURE_SKIPPED|FDCE|FDCE","DUT_INTERNAL","u_dut/slot_state_reg","u_dut/lfnst_grid_reg","0.084000000"
"u_dut/lfnst_grid_reg[15][7]/CE","u_dut/slot_state_reg[0][1]/C","-0.084000000","clk","clk","clk","u_dut/slot_state_reg[0][1]","FDCE","u_dut/slot_state_reg","u_dut/lfnst_grid_reg[15][7]","FDCE","u_dut/lfnst_grid_reg","4","0.377000000","1.542000000","1.919000000","0.803543512","SLICE_X80Y21","SLICE_X89Y8","","","SIGNATURE_SKIPPED|FDCE|FDCE","SIGNATURE_SKIPPED|FDCE|FDCE","DUT_INTERNAL","u_dut/slot_state_reg","u_dut/lfnst_grid_reg","0.084000000"
"u_dut/lfnst_grid_reg[15][8]/CE","u_dut/slot_state_reg[0][1]/C","-0.032000000","clk","clk","clk","u_dut/slot_state_reg[0][1]","FDCE","u_dut/slot_state_reg","u_dut/lfnst_grid_reg[15][8]","FDCE","u_dut/lfnst_grid_reg","4","0.377000000","1.495000000","1.872000000","0.798611111","SLICE_X80Y21","SLICE_X89Y10","","","SIGNATURE_SKIPPED|FDCE|FDCE","SIGNATURE_SKIPPED|FDCE|FDCE","DUT_INTERNAL","u_dut/slot_state_reg","u_dut/lfnst_grid_reg","0.032000000"
"u_dut/lfnst_grid_reg[1][13]/CE","u_dut/slot_state_reg[0][1]/C","-0.044000000","clk","clk","clk","u_dut/slot_state_reg[0][1]","FDCE","u_dut/slot_state_reg","u_dut/lfnst_grid_reg[1][13]","FDCE","u_dut/lfnst_grid_reg","4","0.292000000","1.653000000","1.945000000","0.849871465","SLICE_X80Y21","SLICE_X92Y12","","","SIGNATURE_SKIPPED|FDCE|FDCE","SIGNATURE_SKIPPED|FDCE|FDCE","DUT_INTERNAL","u_dut/slot_state_reg","u_dut/lfnst_grid_reg","0.044000000"
"u_dut/lfnst_grid_reg[1][1]/CE","u_dut/slot_state_reg[0][1]/C","-0.033000000","clk","clk","clk","u_dut/slot_state_reg[0][1]","FDCE","u_dut/slot_state_reg","u_dut/lfnst_grid_reg[1][1]","FDCE","u_dut/lfnst_grid_reg","4","0.292000000","1.629000000","1.921000000","0.847995836","SLICE_X80Y21","SLICE_X92Y20","","","SIGNATURE_SKIPPED|FDCE|FDCE","SIGNATURE_SKIPPED|FDCE|FDCE","DUT_INTERNAL","u_dut/slot_state_reg","u_dut/lfnst_grid_reg","0.033000000"
"u_dut/lfnst_grid_reg[1][3]/CE","u_dut/slot_state_reg[0][1]/C","-0.044000000","clk","clk","clk","u_dut/slot_state_reg[0][1]","FDCE","u_dut/slot_state_reg","u_dut/lfnst_grid_reg[1][3]","FDCE","u_dut/lfnst_grid_reg","4","0.292000000","1.653000000","1.945000000","0.849871465","SLICE_X80Y21","SLICE_X92Y12","","","SIGNATURE_SKIPPED|FDCE|FDCE","SIGNATURE_SKIPPED|FDCE|FDCE","DUT_INTERNAL","u_dut/slot_state_reg","u_dut/lfnst_grid_reg","0.044000000"
"u_dut/lfnst_grid_reg[1][6]/CE","u_dut/slot_state_reg[0][1]/C","-0.044000000","clk","clk","clk","u_dut/slot_state_reg[0][1]","FDCE","u_dut/slot_state_reg","u_dut/lfnst_grid_reg[1][6]","FDCE","u_dut/lfnst_grid_reg","4","0.292000000","1.653000000","1.945000000","0.849871465","SLICE_X80Y21","SLICE_X92Y12","","","SIGNATURE_SKIPPED|FDCE|FDCE","SIGNATURE_SKIPPED|FDCE|FDCE","DUT_INTERNAL","u_dut/slot_state_reg","u_dut/lfnst_grid_reg","0.044000000"
"u_dut/lfnst_grid_reg[20][12]/CE","u_dut/slot_state_reg[0][1]/C","-0.005000000","clk","clk","clk","u_dut/slot_state_reg[0][1]","FDCE","u_dut/slot_state_reg","u_dut/lfnst_grid_reg[20][12]","FDCE","u_dut/lfnst_grid_reg","4","0.290000000","1.555000000","1.845000000","0.842818428","SLICE_X80Y21","SLICE_X83Y5","","","SIGNATURE_SKIPPED|FDCE|FDCE","SIGNATURE_SKIPPED|FDCE|FDCE","DUT_INTERNAL","u_dut/slot_state_reg","u_dut/lfnst_grid_reg","0.005000000"
"u_dut/lfnst_grid_reg[20][15]/CE","u_dut/slot_state_reg[0][1]/C","-0.005000000","clk","clk","clk","u_dut/slot_state_reg[0][1]","FDCE","u_dut/slot_state_reg","u_dut/lfnst_grid_reg[20][15]","FDCE","u_dut/lfnst_grid_reg","4","0.290000000","1.555000000","1.845000000","0.842818428","SLICE_X80Y21","SLICE_X83Y5","","","SIGNATURE_SKIPPED|FDCE|FDCE","SIGNATURE_SKIPPED|FDCE|FDCE","DUT_INTERNAL","u_dut/slot_state_reg","u_dut/lfnst_grid_reg","0.005000000"
"u_dut/lfnst_grid_reg[20][5]/CE","u_dut/slot_state_reg[0][1]/C","-0.005000000","clk","clk","clk","u_dut/slot_state_reg[0][1]","FDCE","u_dut/slot_state_reg","u_dut/lfnst_grid_reg[20][5]","FDCE","u_dut/lfnst_grid_reg","4","0.290000000","1.555000000","1.845000000","0.842818428","SLICE_X80Y21","SLICE_X83Y5","","","SIGNATURE_SKIPPED|FDCE|FDCE","SIGNATURE_SKIPPED|FDCE|FDCE","DUT_INTERNAL","u_dut/slot_state_reg","u_dut/lfnst_grid_reg","0.005000000"
"u_dut/lfnst_grid_reg[21][0]/CE","u_dut/slot_state_reg[0][1]/C","-0.033000000","clk","clk","clk","u_dut/slot_state_reg[0][1]","FDCE","u_dut/slot_state_reg","u_dut/lfnst_grid_reg[21][0]","FDCE","u_dut/lfnst_grid_reg","4","0.344000000","1.533000000","1.877000000","0.816728823","SLICE_X80Y21","SLICE_X85Y0","","","SIGNATURE_SKIPPED|FDCE|FDCE","SIGNATURE_SKIPPED|FDCE|FDCE","DUT_INTERNAL","u_dut/slot_state_reg","u_dut/lfnst_grid_reg","0.033000000"
"u_dut/lfnst_grid_reg[21][10]/CE","u_dut/slot_state_reg[0][1]/C","-0.031000000","clk","clk","clk","u_dut/slot_state_reg[0][1]","FDCE","u_dut/slot_state_reg","u_dut/lfnst_grid_reg[21][10]","FDCE","u_dut/lfnst_grid_reg","4","0.344000000","1.531000000","1.875000000","0.816533333","SLICE_X80Y21","SLICE_X85Y0","","","SIGNATURE_SKIPPED|FDCE|FDCE","SIGNATURE_SKIPPED|FDCE|FDCE","DUT_INTERNAL","u_dut/slot_state_reg","u_dut/lfnst_grid_reg","0.031000000"
"u_dut/lfnst_grid_reg[21][14]/CE","u_dut/slot_state_reg[0][1]/C","-0.027000000","clk","clk","clk","u_dut/slot_state_reg[0][1]","FDCE","u_dut/slot_state_reg","u_dut/lfnst_grid_reg[21][14]","FDCE","u_dut/lfnst_grid_reg","4","0.344000000","1.520000000","1.864000000","0.815450644","SLICE_X80Y21","SLICE_X88Y10","","","SIGNATURE_SKIPPED|FDCE|FDCE","SIGNATURE_SKIPPED|FDCE|FDCE","DUT_INTERNAL","u_dut/slot_state_reg","u_dut/lfnst_grid_reg","0.027000000"
"u_dut/lfnst_grid_reg[21][5]/CE","u_dut/slot_state_reg[0][1]/C","-0.031000000","clk","clk","clk","u_dut/slot_state_reg[0][1]","FDCE","u_dut/slot_state_reg","u_dut/lfnst_grid_reg[21][5]","FDCE","u_dut/lfnst_grid_reg","4","0.344000000","1.531000000","1.875000000","0.816533333","SLICE_X80Y21","SLICE_X85Y0","","","SIGNATURE_SKIPPED|FDCE|FDCE","SIGNATURE_SKIPPED|FDCE|FDCE","DUT_INTERNAL","u_dut/slot_state_reg","u_dut/lfnst_grid_reg","0.031000000"
"u_dut/lfnst_grid_reg[21][9]/CE","u_dut/slot_state_reg[0][1]/C","-0.027000000","clk","clk","clk","u_dut/slot_state_reg[0][1]","FDCE","u_dut/slot_state_reg","u_dut/lfnst_grid_reg[21][9]","FDCE","u_dut/lfnst_grid_reg","4","0.344000000","1.520000000","1.864000000","0.815450644","SLICE_X80Y21","SLICE_X88Y10","","","SIGNATURE_SKIPPED|FDCE|FDCE","SIGNATURE_SKIPPED|FDCE|FDCE","DUT_INTERNAL","u_dut/slot_state_reg","u_dut/lfnst_grid_reg","0.027000000"
"u_dut/lfnst_grid_reg[22][0]/CE","u_dut/slot_state_reg[0][1]/C","-0.042000000","clk","clk","clk","u_dut/slot_state_reg[0][1]","FDCE","u_dut/slot_state_reg","u_dut/lfnst_grid_reg[22][0]","FDCE","u_dut/lfnst_grid_reg","4","0.354000000","1.520000000","1.874000000","0.811099253","SLICE_X80Y21","SLICE_X83Y8","","","SIGNATURE_SKIPPED|FDCE|FDCE","SIGNATURE_SKIPPED|FDCE|FDCE","DUT_INTERNAL","u_dut/slot_state_reg","u_dut/lfnst_grid_reg","0.042000000"
"u_dut/lfnst_grid_reg[22][11]/CE","u_dut/slot_state_reg[0][1]/C","-0.040000000","clk","clk","clk","u_dut/slot_state_reg[0][1]","FDCE","u_dut/slot_state_reg","u_dut/lfnst_grid_reg[22][11]","FDCE","u_dut/lfnst_grid_reg","4","0.354000000","1.519000000","1.873000000","0.810998398","SLICE_X80Y21","SLICE_X84Y17","","","SIGNATURE_SKIPPED|FDCE|FDCE","SIGNATURE_SKIPPED|FDCE|FDCE","DUT_INTERNAL","u_dut/slot_state_reg","u_dut/lfnst_grid_reg","0.040000000"
"u_dut/lfnst_grid_reg[22][13]/CE","u_dut/slot_state_reg[0][1]/C","-0.002000000","clk","clk","clk","u_dut/slot_state_reg[0][1]","FDCE","u_dut/slot_state_reg","u_dut/lfnst_grid_reg[22][13]","FDCE","u_dut/lfnst_grid_reg","4","0.354000000","1.485000000","1.839000000","0.807504078","SLICE_X80Y21","SLICE_X85Y5","","","SIGNATURE_SKIPPED|FDCE|FDCE","SIGNATURE_SKIPPED|FDCE|FDCE","DUT_INTERNAL","u_dut/slot_state_reg","u_dut/lfnst_grid_reg","0.002000000"
"u_dut/lfnst_grid_reg[22][15]/CE","u_dut/slot_state_reg[0][1]/C","-0.019000000","clk","clk","clk","u_dut/slot_state_reg[0][1]","FDCE","u_dut/slot_state_reg","u_dut/lfnst_grid_reg[22][15]","FDCE","u_dut/lfnst_grid_reg","4","0.354000000","1.497000000","1.851000000","0.808752026","SLICE_X80Y21","SLICE_X83Y15","","","SIGNATURE_SKIPPED|FDCE|FDCE","SIGNATURE_SKIPPED|FDCE|FDCE","DUT_INTERNAL","u_dut/slot_state_reg","u_dut/lfnst_grid_reg","0.019000000"
"u_dut/lfnst_grid_reg[22][1]/CE","u_dut/slot_state_reg[0][1]/C","-0.002000000","clk","clk","clk","u_dut/slot_state_reg[0][1]","FDCE","u_dut/slot_state_reg","u_dut/lfnst_grid_reg[22][1]","FDCE","u_dut/lfnst_grid_reg","4","0.354000000","1.485000000","1.839000000","0.807504078","SLICE_X80Y21","SLICE_X85Y5","","","SIGNATURE_SKIPPED|FDCE|FDCE","SIGNATURE_SKIPPED|FDCE|FDCE","DUT_INTERNAL","u_dut/slot_state_reg","u_dut/lfnst_grid_reg","0.002000000"
"u_dut/lfnst_grid_reg[22][3]/CE","u_dut/slot_state_reg[0][1]/C","-0.042000000","clk","clk","clk","u_dut/slot_state_reg[0][1]","FDCE","u_dut/slot_state_reg","u_dut/lfnst_grid_reg[22][3]","FDCE","u_dut/lfnst_grid_reg","4","0.354000000","1.520000000","1.874000000","0.811099253","SLICE_X80Y21","SLICE_X83Y8","","","SIGNATURE_SKIPPED|FDCE|FDCE","SIGNATURE_SKIPPED|FDCE|FDCE","DUT_INTERNAL","u_dut/slot_state_reg","u_dut/lfnst_grid_reg","0.042000000"
"u_dut/lfnst_grid_reg[22][5]/CE","u_dut/slot_state_reg[0][1]/C","-0.002000000","clk","clk","clk","u_dut/slot_state_reg[0][1]","FDCE","u_dut/slot_state_reg","u_dut/lfnst_grid_reg[22][5]","FDCE","u_dut/lfnst_grid_reg","4","0.354000000","1.485000000","1.839000000","0.807504078","SLICE_X80Y21","SLICE_X85Y5","","","SIGNATURE_SKIPPED|FDCE|FDCE","SIGNATURE_SKIPPED|FDCE|FDCE","DUT_INTERNAL","u_dut/slot_state_reg","u_dut/lfnst_grid_reg","0.002000000"
"u_dut/lfnst_grid_reg[22][7]/CE","u_dut/slot_state_reg[0][1]/C","-0.042000000","clk","clk","clk","u_dut/slot_state_reg[0][1]","FDCE","u_dut/slot_state_reg","u_dut/lfnst_grid_reg[22][7]","FDCE","u_dut/lfnst_grid_reg","4","0.354000000","1.520000000","1.874000000","0.811099253","SLICE_X80Y21","SLICE_X83Y8","","","SIGNATURE_SKIPPED|FDCE|FDCE","SIGNATURE_SKIPPED|FDCE|FDCE","DUT_INTERNAL","u_dut/slot_state_reg","u_dut/lfnst_grid_reg","0.042000000"
"u_dut/lfnst_grid_reg[24][0]/CE","u_dut/slot_state_reg[0][1]/C","-0.020000000","clk","clk","clk","u_dut/slot_state_reg[0][1]","FDCE","u_dut/slot_state_reg","u_dut/lfnst_grid_reg[24][0]","FDCE","u_dut/lfnst_grid_reg","4","0.392000000","1.457000000","1.849000000","0.787993510","SLICE_X80Y21","SLICE_X83Y12","","","SIGNATURE_SKIPPED|FDCE|FDCE","SIGNATURE_SKIPPED|FDCE|FDCE","DUT_INTERNAL","u_dut/slot_state_reg","u_dut/lfnst_grid_reg","0.020000000"
"u_dut/lfnst_grid_reg[24][10]/CE","u_dut/slot_state_reg[0][1]/C","-0.004000000","clk","clk","clk","u_dut/slot_state_reg[0][1]","FDCE","u_dut/slot_state_reg","u_dut/lfnst_grid_reg[24][10]","FDCE","u_dut/lfnst_grid_reg","4","0.392000000","1.443000000","1.835000000","0.786376022","SLICE_X80Y21","SLICE_X85Y11","","","SIGNATURE_SKIPPED|FDCE|FDCE","SIGNATURE_SKIPPED|FDCE|FDCE","DUT_INTERNAL","u_dut/slot_state_reg","u_dut/lfnst_grid_reg","0.004000000"
"u_dut/lfnst_grid_reg[24][12]/CE","u_dut/slot_state_reg[0][1]/C","-0.020000000","clk","clk","clk","u_dut/slot_state_reg[0][1]","FDCE","u_dut/slot_state_reg","u_dut/lfnst_grid_reg[24][12]","FDCE","u_dut/lfnst_grid_reg","4","0.392000000","1.457000000","1.849000000","0.787993510","SLICE_X80Y21","SLICE_X83Y12","","","SIGNATURE_SKIPPED|FDCE|FDCE","SIGNATURE_SKIPPED|FDCE|FDCE","DUT_INTERNAL","u_dut/slot_state_reg","u_dut/lfnst_grid_reg","0.020000000"
"u_dut/lfnst_grid_reg[24][14]/CE","u_dut/slot_state_reg[0][1]/C","-0.004000000","clk","clk","clk","u_dut/slot_state_reg[0][1]","FDCE","u_dut/slot_state_reg","u_dut/lfnst_grid_reg[24][14]","FDCE","u_dut/lfnst_grid_reg","4","0.392000000","1.443000000","1.835000000","0.786376022","SLICE_X80Y21","SLICE_X85Y11","","","SIGNATURE_SKIPPED|FDCE|FDCE","SIGNATURE_SKIPPED|FDCE|FDCE","DUT_INTERNAL","u_dut/slot_state_reg","u_dut/lfnst_grid_reg","0.004000000"
"u_dut/lfnst_grid_reg[24][15]/CE","u_dut/slot_state_reg[0][1]/C","-0.020000000","clk","clk","clk","u_dut/slot_state_reg[0][1]","FDCE","u_dut/slot_state_reg","u_dut/lfnst_grid_reg[24][15]","FDCE","u_dut/lfnst_grid_reg","4","0.392000000","1.457000000","1.849000000","0.787993510","SLICE_X80Y21","SLICE_X83Y12","","","SIGNATURE_SKIPPED|FDCE|FDCE","SIGNATURE_SKIPPED|FDCE|FDCE","DUT_INTERNAL","u_dut/slot_state_reg","u_dut/lfnst_grid_reg","0.020000000"
"u_dut/lfnst_grid_reg[25][0]/CE","u_dut/slot_state_reg[0][1]/C","-0.038000000","clk","clk","clk","u_dut/slot_state_reg[0][1]","FDCE","u_dut/slot_state_reg","u_dut/lfnst_grid_reg[25][0]","FDCE","u_dut/lfnst_grid_reg","4","0.292000000","1.641000000","1.933000000","0.848939472","SLICE_X80Y21","SLICE_X92Y11","","","SIGNATURE_SKIPPED|FDCE|FDCE","SIGNATURE_SKIPPED|FDCE|FDCE","DUT_INTERNAL","u_dut/slot_state_reg","u_dut/lfnst_grid_reg","0.038000000"
"u_dut/lfnst_grid_reg[25][11]/CE","u_dut/slot_state_reg[0][1]/C","-0.029000000","clk","clk","clk","u_dut/slot_state_reg[0][1]","FDCE","u_dut/slot_state_reg","u_dut/lfnst_grid_reg[25][11]","FDCE","u_dut/lfnst_grid_reg","4","0.292000000","1.636000000","1.928000000","0.848547718","SLICE_X80Y21","SLICE_X92Y15","","","SIGNATURE_SKIPPED|FDCE|FDCE","SIGNATURE_SKIPPED|FDCE|FDCE","DUT_INTERNAL","u_dut/slot_state_reg","u_dut/lfnst_grid_reg","0.029000000"
"u_dut/lfnst_grid_reg[25][15]/CE","u_dut/slot_state_reg[0][1]/C","-0.029000000","clk","clk","clk","u_dut/slot_state_reg[0][1]","FDCE","u_dut/slot_state_reg","u_dut/lfnst_grid_reg[25][15]","FDCE","u_dut/lfnst_grid_reg","4","0.292000000","1.636000000","1.928000000","0.848547718","SLICE_X80Y21","SLICE_X92Y15","","","SIGNATURE_SKIPPED|FDCE|FDCE","SIGNATURE_SKIPPED|FDCE|FDCE","DUT_INTERNAL","u_dut/slot_state_reg","u_dut/lfnst_grid_reg","0.029000000"
"u_dut/lfnst_grid_reg[25][3]/CE","u_dut/slot_state_reg[0][1]/C","-0.044000000","clk","clk","clk","u_dut/slot_state_reg[0][1]","FDCE","u_dut/slot_state_reg","u_dut/lfnst_grid_reg[25][3]","FDCE","u_dut/lfnst_grid_reg","4","0.292000000","1.653000000","1.945000000","0.849871465","SLICE_X80Y21","SLICE_X92Y12","","","SIGNATURE_SKIPPED|FDCE|FDCE","SIGNATURE_SKIPPED|FDCE|FDCE","DUT_INTERNAL","u_dut/slot_state_reg","u_dut/lfnst_grid_reg","0.044000000"
"u_dut/lfnst_grid_reg[25][6]/CE","u_dut/slot_state_reg[0][1]/C","-0.038000000","clk","clk","clk","u_dut/slot_state_reg[0][1]","FDCE","u_dut/slot_state_reg","u_dut/lfnst_grid_reg[25][6]","FDCE","u_dut/lfnst_grid_reg","4","0.292000000","1.641000000","1.933000000","0.848939472","SLICE_X80Y21","SLICE_X92Y11","","","SIGNATURE_SKIPPED|FDCE|FDCE","SIGNATURE_SKIPPED|FDCE|FDCE","DUT_INTERNAL","u_dut/slot_state_reg","u_dut/lfnst_grid_reg","0.038000000"
"u_dut/lfnst_grid_reg[25][7]/CE","u_dut/slot_state_reg[0][1]/C","-0.029000000","clk","clk","clk","u_dut/slot_state_reg[0][1]","FDCE","u_dut/slot_state_reg","u_dut/lfnst_grid_reg[25][7]","FDCE","u_dut/lfnst_grid_reg","4","0.292000000","1.636000000","1.928000000","0.848547718","SLICE_X80Y21","SLICE_X92Y15","","","SIGNATURE_SKIPPED|FDCE|FDCE","SIGNATURE_SKIPPED|FDCE|FDCE","DUT_INTERNAL","u_dut/slot_state_reg","u_dut/lfnst_grid_reg","0.029000000"
"u_dut/lfnst_grid_reg[25][9]/CE","u_dut/slot_state_reg[0][1]/C","-0.029000000","clk","clk","clk","u_dut/slot_state_reg[0][1]","FDCE","u_dut/slot_state_reg","u_dut/lfnst_grid_reg[25][9]","FDCE","u_dut/lfnst_grid_reg","4","0.292000000","1.636000000","1.928000000","0.848547718","SLICE_X80Y21","SLICE_X92Y15","","","SIGNATURE_SKIPPED|FDCE|FDCE","SIGNATURE_SKIPPED|FDCE|FDCE","DUT_INTERNAL","u_dut/slot_state_reg","u_dut/lfnst_grid_reg","0.029000000"
"u_dut/lfnst_grid_reg[26][0]/D","u_dut/lfnst_ntrs48_q_reg/C","-0.006000000","clk","clk","clk","u_dut/lfnst_ntrs48_q_reg","FDCE","u_dut/lfnst_ntrs48_q_reg","u_dut/lfnst_grid_reg[26][0]","FDCE","u_dut/lfnst_grid_reg","3","0.345000000","1.562000000","1.907000000","0.819087572","SLICE_X78Y17","SLICE_X82Y5","","","SIGNATURE_SKIPPED|FDCE|FDCE","SIGNATURE_SKIPPED|FDCE|FDCE","DUT_INTERNAL","u_dut/lfnst_ntrs48_q_reg","u_dut/lfnst_grid_reg","0.006000000"
"u_dut/lfnst_grid_reg[26][13]/D","u_dut/lfnst_ntrs48_q_reg/C","-0.018000000","clk","clk","clk","u_dut/lfnst_ntrs48_q_reg","FDCE","u_dut/lfnst_ntrs48_q_reg","u_dut/lfnst_grid_reg[26][13]","FDCE","u_dut/lfnst_grid_reg","3","0.320000000","1.590000000","1.910000000","0.832460733","SLICE_X78Y17","SLICE_X84Y3","","","SIGNATURE_SKIPPED|FDCE|FDCE","SIGNATURE_SKIPPED|FDCE|FDCE","DUT_INTERNAL","u_dut/lfnst_ntrs48_q_reg","u_dut/lfnst_grid_reg","0.018000000"
"u_dut/lfnst_grid_reg[26][6]/D","u_dut/lfnst_ntrs48_q_reg/C","-0.033000000","clk","clk","clk","u_dut/lfnst_ntrs48_q_reg","FDCE","u_dut/lfnst_ntrs48_q_reg","u_dut/lfnst_grid_reg[26][6]","FDCE","u_dut/lfnst_grid_reg","3","0.371000000","1.554000000","1.925000000","0.807272727","SLICE_X78Y17","SLICE_X84Y3","","","SIGNATURE_SKIPPED|FDCE|FDCE","SIGNATURE_SKIPPED|FDCE|FDCE","DUT_INTERNAL","u_dut/lfnst_ntrs48_q_reg","u_dut/lfnst_grid_reg","0.033000000"
"u_dut/lfnst_grid_reg[26][7]/D","u_dut/lfnst_ntrs48_q_reg/C","-0.014000000","clk","clk","clk","u_dut/lfnst_ntrs48_q_reg","FDCE","u_dut/lfnst_ntrs48_q_reg","u_dut/lfnst_grid_reg[26][7]","FDCE","u_dut/lfnst_grid_reg","3","0.259000000","1.656000000","1.915000000","0.864751958","SLICE_X78Y17","SLICE_X82Y5","","","SIGNATURE_SKIPPED|FDCE|FDCE","SIGNATURE_SKIPPED|FDCE|FDCE","DUT_INTERNAL","u_dut/lfnst_ntrs48_q_reg","u_dut/lfnst_grid_reg","0.014000000"
"u_dut/lfnst_grid_reg[28][0]/CE","u_dut/slot_state_reg[0][1]/C","-0.097000000","clk","clk","clk","u_dut/slot_state_reg[0][1]","FDCE","u_dut/slot_state_reg","u_dut/lfnst_grid_reg[28][0]","FDCE","u_dut/lfnst_grid_reg","4","0.402000000","1.533000000","1.935000000","0.792248062","SLICE_X80Y21","SLICE_X84Y5","","","SIGNATURE_SKIPPED|FDCE|FDCE","SIGNATURE_SKIPPED|FDCE|FDCE","DUT_INTERNAL","u_dut/slot_state_reg","u_dut/lfnst_grid_reg","0.097000000"
"u_dut/lfnst_grid_reg[28][10]/CE","u_dut/slot_state_reg[0][1]/C","-0.097000000","clk","clk","clk","u_dut/slot_state_reg[0][1]","FDCE","u_dut/slot_state_reg","u_dut/lfnst_grid_reg[28][10]","FDCE","u_dut/lfnst_grid_reg","4","0.402000000","1.533000000","1.935000000","0.792248062","SLICE_X80Y21","SLICE_X84Y5","","","SIGNATURE_SKIPPED|FDCE|FDCE","SIGNATURE_SKIPPED|FDCE|FDCE","DUT_INTERNAL","u_dut/slot_state_reg","u_dut/lfnst_grid_reg","0.097000000"
"u_dut/lfnst_grid_reg[28][13]/CE","u_dut/slot_state_reg[0][1]/C","-0.035000000","clk","clk","clk","u_dut/slot_state_reg[0][1]","FDCE","u_dut/slot_state_reg","u_dut/lfnst_grid_reg[28][13]","FDCE","u_dut/lfnst_grid_reg","4","0.402000000","1.476000000","1.878000000","0.785942492","SLICE_X80Y21","SLICE_X84Y7","","","SIGNATURE_SKIPPED|FDCE|FDCE","SIGNATURE_SKIPPED|FDCE|FDCE","DUT_INTERNAL","u_dut/slot_state_reg","u_dut/lfnst_grid_reg","0.035000000"
"u_dut/lfnst_grid_reg[28][15]/CE","u_dut/slot_state_reg[0][1]/C","-0.035000000","clk","clk","clk","u_dut/slot_state_reg[0][1]","FDCE","u_dut/slot_state_reg","u_dut/lfnst_grid_reg[28][15]","FDCE","u_dut/lfnst_grid_reg","4","0.402000000","1.476000000","1.878000000","0.785942492","SLICE_X80Y21","SLICE_X84Y7","","","SIGNATURE_SKIPPED|FDCE|FDCE","SIGNATURE_SKIPPED|FDCE|FDCE","DUT_INTERNAL","u_dut/slot_state_reg","u_dut/lfnst_grid_reg","0.035000000"
"u_dut/lfnst_grid_reg[28][1]/CE","u_dut/slot_state_reg[0][1]/C","-0.035000000","clk","clk","clk","u_dut/slot_state_reg[0][1]","FDCE","u_dut/slot_state_reg","u_dut/lfnst_grid_reg[28][1]","FDCE","u_dut/lfnst_grid_reg","4","0.402000000","1.476000000","1.878000000","0.785942492","SLICE_X80Y21","SLICE_X84Y7","","","SIGNATURE_SKIPPED|FDCE|FDCE","SIGNATURE_SKIPPED|FDCE|FDCE","DUT_INTERNAL","u_dut/slot_state_reg","u_dut/lfnst_grid_reg","0.035000000"
"u_dut/lfnst_grid_reg[28][5]/CE","u_dut/slot_state_reg[0][1]/C","-0.097000000","clk","clk","clk","u_dut/slot_state_reg[0][1]","FDCE","u_dut/slot_state_reg","u_dut/lfnst_grid_reg[28][5]","FDCE","u_dut/lfnst_grid_reg","4","0.402000000","1.533000000","1.935000000","0.792248062","SLICE_X80Y21","SLICE_X84Y5","","","SIGNATURE_SKIPPED|FDCE|FDCE","SIGNATURE_SKIPPED|FDCE|FDCE","DUT_INTERNAL","u_dut/slot_state_reg","u_dut/lfnst_grid_reg","0.097000000"
"u_dut/lfnst_grid_reg[28][8]/CE","u_dut/slot_state_reg[0][1]/C","-0.053000000","clk","clk","clk","u_dut/slot_state_reg[0][1]","FDCE","u_dut/slot_state_reg","u_dut/lfnst_grid_reg[28][8]","FDCE","u_dut/lfnst_grid_reg","4","0.402000000","1.480000000","1.882000000","0.786397450","SLICE_X80Y21","SLICE_X84Y11","","","SIGNATURE_SKIPPED|FDCE|FDCE","SIGNATURE_SKIPPED|FDCE|FDCE","DUT_INTERNAL","u_dut/slot_state_reg","u_dut/lfnst_grid_reg","0.053000000"
"u_dut/lfnst_grid_reg[28][9]/CE","u_dut/slot_state_reg[0][1]/C","-0.053000000","clk","clk","clk","u_dut/slot_state_reg[0][1]","FDCE","u_dut/slot_state_reg","u_dut/lfnst_grid_reg[28][9]","FDCE","u_dut/lfnst_grid_reg","4","0.402000000","1.480000000","1.882000000","0.786397450","SLICE_X80Y21","SLICE_X84Y11","","","SIGNATURE_SKIPPED|FDCE|FDCE","SIGNATURE_SKIPPED|FDCE|FDCE","DUT_INTERNAL","u_dut/slot_state_reg","u_dut/lfnst_grid_reg","0.053000000"
"u_dut/lfnst_grid_reg[29][0]/CE","u_dut/slot_state_reg[0][1]/C","-0.073000000","clk","clk","clk","u_dut/slot_state_reg[0][1]","FDCE","u_dut/slot_state_reg","u_dut/lfnst_grid_reg[29][0]","FDCE","u_dut/lfnst_grid_reg","4","0.305000000","1.672000000","1.977000000","0.845725847","SLICE_X80Y21","SLICE_X91Y11","","","SIGNATURE_SKIPPED|FDCE|FDCE","SIGNATURE_SKIPPED|FDCE|FDCE","DUT_INTERNAL","u_dut/slot_state_reg","u_dut/lfnst_grid_reg","0.073000000"
"u_dut/lfnst_grid_reg[29][10]/CE","u_dut/slot_state_reg[0][1]/C","-0.084000000","clk","clk","clk","u_dut/slot_state_reg[0][1]","FDCE","u_dut/slot_state_reg","u_dut/lfnst_grid_reg[29][10]","FDCE","u_dut/lfnst_grid_reg","4","0.305000000","1.610000000","1.915000000","0.840731070","SLICE_X80Y21","SLICE_X88Y15","","","SIGNATURE_SKIPPED|FDCE|FDCE","SIGNATURE_SKIPPED|FDCE|FDCE","DUT_INTERNAL","u_dut/slot_state_reg","u_dut/lfnst_grid_reg","0.084000000"
"u_dut/lfnst_grid_reg[29][11]/CE","u_dut/slot_state_reg[0][1]/C","-0.027000000","clk","clk","clk","u_dut/slot_state_reg[0][1]","FDCE","u_dut/slot_state_reg","u_dut/lfnst_grid_reg[29][11]","FDCE","u_dut/lfnst_grid_reg","4","0.305000000","1.559000000","1.864000000","0.836373391","SLICE_X80Y21","SLICE_X89Y15","","","SIGNATURE_SKIPPED|FDCE|FDCE","SIGNATURE_SKIPPED|FDCE|FDCE","DUT_INTERNAL","u_dut/slot_state_reg","u_dut/lfnst_grid_reg","0.027000000"
"u_dut/lfnst_grid_reg[29][13]/CE","u_dut/slot_state_reg[0][1]/C","-0.032000000","clk","clk","clk","u_dut/slot_state_reg[0][1]","FDCE","u_dut/slot_state_reg","u_dut/lfnst_grid_reg[29][13]","FDCE","u_dut/lfnst_grid_reg","4","0.305000000","1.627000000","1.932000000","0.842132505","SLICE_X80Y21","SLICE_X91Y13","","","SIGNATURE_SKIPPED|FDCE|FDCE","SIGNATURE_SKIPPED|FDCE|FDCE","DUT_INTERNAL","u_dut/slot_state_reg","u_dut/lfnst_grid_reg","0.032000000"
"u_dut/lfnst_grid_reg[29][14]/CE","u_dut/slot_state_reg[0][1]/C","-0.010000000","clk","clk","clk","u_dut/slot_state_reg[0][1]","FDCE","u_dut/slot_state_reg","u_dut/lfnst_grid_reg[29][14]","FDCE","u_dut/lfnst_grid_reg","4","0.305000000","1.604000000","1.909000000","0.840230487","SLICE_X80Y21","SLICE_X92Y14","","","SIGNATURE_SKIPPED|FDCE|FDCE","SIGNATURE_SKIPPED|FDCE|FDCE","DUT_INTERNAL","u_dut/slot_state_reg","u_dut/lfnst_grid_reg","0.010000000"
"u_dut/lfnst_grid_reg[29][15]/CE","u_dut/slot_state_reg[0][1]/C","-0.084000000","clk","clk","clk","u_dut/slot_state_reg[0][1]","FDCE","u_dut/slot_state_reg","u_dut/lfnst_grid_reg[29][15]","FDCE","u_dut/lfnst_grid_reg","4","0.305000000","1.610000000","1.915000000","0.840731070","SLICE_X80Y21","SLICE_X88Y15","","","SIGNATURE_SKIPPED|FDCE|FDCE","SIGNATURE_SKIPPED|FDCE|FDCE","DUT_INTERNAL","u_dut/slot_state_reg","u_dut/lfnst_grid_reg","0.084000000"
"u_dut/lfnst_grid_reg[29][1]/CE","u_dut/slot_state_reg[0][1]/C","-0.027000000","clk","clk","clk","u_dut/slot_state_reg[0][1]","FDCE","u_dut/slot_state_reg","u_dut/lfnst_grid_reg[29][1]","FDCE","u_dut/lfnst_grid_reg","4","0.305000000","1.559000000","1.864000000","0.836373391","SLICE_X80Y21","SLICE_X89Y15","","","SIGNATURE_SKIPPED|FDCE|FDCE","SIGNATURE_SKIPPED|FDCE|FDCE","DUT_INTERNAL","u_dut/slot_state_reg","u_dut/lfnst_grid_reg","0.027000000"
"u_dut/lfnst_grid_reg[29][3]/CE","u_dut/slot_state_reg[0][1]/C","-0.020000000","clk","clk","clk","u_dut/slot_state_reg[0][1]","FDCE","u_dut/slot_state_reg","u_dut/lfnst_grid_reg[29][3]","FDCE","u_dut/lfnst_grid_reg","4","0.305000000","1.615000000","1.920000000","0.841145833","SLICE_X80Y21","SLICE_X92Y12","","","SIGNATURE_SKIPPED|FDCE|FDCE","SIGNATURE_SKIPPED|FDCE|FDCE","DUT_INTERNAL","u_dut/slot_state_reg","u_dut/lfnst_grid_reg","0.020000000"
"u_dut/lfnst_grid_reg[29][4]/CE","u_dut/slot_state_reg[0][1]/C","-0.010000000","clk","clk","clk","u_dut/slot_state_reg[0][1]","FDCE","u_dut/slot_state_reg","u_dut/lfnst_grid_reg[29][4]","FDCE","u_dut/lfnst_grid_reg","4","0.305000000","1.604000000","1.909000000","0.840230487","SLICE_X80Y21","SLICE_X92Y14","","","SIGNATURE_SKIPPED|FDCE|FDCE","SIGNATURE_SKIPPED|FDCE|FDCE","DUT_INTERNAL","u_dut/slot_state_reg","u_dut/lfnst_grid_reg","0.010000000"
"u_dut/lfnst_grid_reg[29][5]/CE","u_dut/slot_state_reg[0][1]/C","-0.005000000","clk","clk","clk","u_dut/slot_state_reg[0][1]","FDCE","u_dut/slot_state_reg","u_dut/lfnst_grid_reg[29][5]","FDCE","u_dut/lfnst_grid_reg","4","0.305000000","1.601000000","1.906000000","0.839979014","SLICE_X80Y21","SLICE_X90Y12","","","SIGNATURE_SKIPPED|FDCE|FDCE","SIGNATURE_SKIPPED|FDCE|FDCE","DUT_INTERNAL","u_dut/slot_state_reg","u_dut/lfnst_grid_reg","0.005000000"
"u_dut/lfnst_grid_reg[29][6]/CE","u_dut/slot_state_reg[0][1]/C","-0.020000000","clk","clk","clk","u_dut/slot_state_reg[0][1]","FDCE","u_dut/slot_state_reg","u_dut/lfnst_grid_reg[29][6]","FDCE","u_dut/lfnst_grid_reg","4","0.305000000","1.615000000","1.920000000","0.841145833","SLICE_X80Y21","SLICE_X92Y12","","","SIGNATURE_SKIPPED|FDCE|FDCE","SIGNATURE_SKIPPED|FDCE|FDCE","DUT_INTERNAL","u_dut/slot_state_reg","u_dut/lfnst_grid_reg","0.020000000"
"u_dut/lfnst_grid_reg[29][8]/CE","u_dut/slot_state_reg[0][1]/C","-0.027000000","clk","clk","clk","u_dut/slot_state_reg[0][1]","FDCE","u_dut/slot_state_reg","u_dut/lfnst_grid_reg[29][8]","FDCE","u_dut/lfnst_grid_reg","4","0.305000000","1.559000000","1.864000000","0.836373391","SLICE_X80Y21","SLICE_X89Y15","","","SIGNATURE_SKIPPED|FDCE|FDCE","SIGNATURE_SKIPPED|FDCE|FDCE","DUT_INTERNAL","u_dut/slot_state_reg","u_dut/lfnst_grid_reg","0.027000000"
"u_dut/lfnst_grid_reg[29][9]/CE","u_dut/slot_state_reg[0][1]/C","-0.032000000","clk","clk","clk","u_dut/slot_state_reg[0][1]","FDCE","u_dut/slot_state_reg","u_dut/lfnst_grid_reg[29][9]","FDCE","u_dut/lfnst_grid_reg","4","0.305000000","1.627000000","1.932000000","0.842132505","SLICE_X80Y21","SLICE_X91Y13","","","SIGNATURE_SKIPPED|FDCE|FDCE","SIGNATURE_SKIPPED|FDCE|FDCE","DUT_INTERNAL","u_dut/slot_state_reg","u_dut/lfnst_grid_reg","0.032000000"
"u_dut/lfnst_grid_reg[30][11]/CE","u_dut/slot_state_reg[0][1]/C","-0.010000000","clk","clk","clk","u_dut/slot_state_reg[0][1]","FDCE","u_dut/slot_state_reg","u_dut/lfnst_grid_reg[30][11]","FDCE","u_dut/lfnst_grid_reg","4","0.291000000","1.623000000","1.914000000","0.847962382","SLICE_X80Y21","SLICE_X91Y9","","","SIGNATURE_SKIPPED|FDCE|FDCE","SIGNATURE_SKIPPED|FDCE|FDCE","DUT_INTERNAL","u_dut/slot_state_reg","u_dut/lfnst_grid_reg","0.010000000"
"u_dut/lfnst_grid_reg[30][14]/CE","u_dut/slot_state_reg[0][1]/C","-0.001000000","clk","clk","clk","u_dut/slot_state_reg[0][1]","FDCE","u_dut/slot_state_reg","u_dut/lfnst_grid_reg[30][14]","FDCE","u_dut/lfnst_grid_reg","4","0.291000000","1.550000000","1.841000000","0.841933732","SLICE_X80Y21","SLICE_X89Y10","","","SIGNATURE_SKIPPED|FDCE|FDCE","SIGNATURE_SKIPPED|FDCE|FDCE","DUT_INTERNAL","u_dut/slot_state_reg","u_dut/lfnst_grid_reg","0.001000000"
"u_dut/lfnst_grid_reg[30][15]/CE","u_dut/slot_state_reg[0][1]/C","-0.001000000","clk","clk","clk","u_dut/slot_state_reg[0][1]","FDCE","u_dut/slot_state_reg","u_dut/lfnst_grid_reg[30][15]","FDCE","u_dut/lfnst_grid_reg","4","0.291000000","1.550000000","1.841000000","0.841933732","SLICE_X80Y21","SLICE_X89Y10","","","SIGNATURE_SKIPPED|FDCE|FDCE","SIGNATURE_SKIPPED|FDCE|FDCE","DUT_INTERNAL","u_dut/slot_state_reg","u_dut/lfnst_grid_reg","0.001000000"
"u_dut/lfnst_grid_reg[30][8]/CE","u_dut/slot_state_reg[0][1]/C","-0.001000000","clk","clk","clk","u_dut/slot_state_reg[0][1]","FDCE","u_dut/slot_state_reg","u_dut/lfnst_grid_reg[30][8]","FDCE","u_dut/lfnst_grid_reg","4","0.291000000","1.550000000","1.841000000","0.841933732","SLICE_X80Y21","SLICE_X89Y10","","","SIGNATURE_SKIPPED|FDCE|FDCE","SIGNATURE_SKIPPED|FDCE|FDCE","DUT_INTERNAL","u_dut/slot_state_reg","u_dut/lfnst_grid_reg","0.001000000"
"u_dut/lfnst_grid_reg[31][0]/CE","u_dut/slot_state_reg[0][1]/C","-0.051000000","clk","clk","clk","u_dut/slot_state_reg[0][1]","FDCE","u_dut/slot_state_reg","u_dut/lfnst_grid_reg[31][0]","FDCE","u_dut/lfnst_grid_reg","4","0.377000000","1.573000000","1.950000000","0.806666667","SLICE_X80Y21","SLICE_X91Y6","","","SIGNATURE_SKIPPED|FDCE|FDCE","SIGNATURE_SKIPPED|FDCE|FDCE","DUT_INTERNAL","u_dut/slot_state_reg","u_dut/lfnst_grid_reg","0.051000000"
"u_dut/lfnst_grid_reg[31][10]/CE","u_dut/slot_state_reg[0][1]/C","-0.073000000","clk","clk","clk","u_dut/slot_state_reg[0][1]","FDCE","u_dut/slot_state_reg","u_dut/lfnst_grid_reg[31][10]","FDCE","u_dut/lfnst_grid_reg","4","0.377000000","1.590000000","1.967000000","0.808337570","SLICE_X80Y21","SLICE_X91Y17","","","SIGNATURE_SKIPPED|FDCE|FDCE","SIGNATURE_SKIPPED|FDCE|FDCE","DUT_INTERNAL","u_dut/slot_state_reg","u_dut/lfnst_grid_reg","0.073000000"
"u_dut/lfnst_grid_reg[31][11]/CE","u_dut/slot_state_reg[0][1]/C","-0.039000000","clk","clk","clk","u_dut/slot_state_reg[0][1]","FDCE","u_dut/slot_state_reg","u_dut/lfnst_grid_reg[31][11]","FDCE","u_dut/lfnst_grid_reg","4","0.377000000","1.561000000","1.938000000","0.805469556","SLICE_X80Y21","SLICE_X92Y13","","","SIGNATURE_SKIPPED|FDCE|FDCE","SIGNATURE_SKIPPED|FDCE|FDCE","DUT_INTERNAL","u_dut/slot_state_reg","u_dut/lfnst_grid_reg","0.039000000"
"u_dut/lfnst_grid_reg[31][12]/CE","u_dut/slot_state_reg[0][1]/C","-0.083000000","clk","clk","clk","u_dut/slot_state_reg[0][1]","FDCE","u_dut/slot_state_reg","u_dut/lfnst_grid_reg[31][12]","FDCE","u_dut/lfnst_grid_reg","4","0.377000000","1.541000000","1.918000000","0.803441084","SLICE_X80Y21","SLICE_X89Y9","","","SIGNATURE_SKIPPED|FDCE|FDCE","SIGNATURE_SKIPPED|FDCE|FDCE","DUT_INTERNAL","u_dut/slot_state_reg","u_dut/lfnst_grid_reg","0.083000000"
"u_dut/lfnst_grid_reg[31][13]/CE","u_dut/slot_state_reg[0][1]/C","-0.073000000","clk","clk","clk","u_dut/slot_state_reg[0][1]","FDCE","u_dut/slot_state_reg","u_dut/lfnst_grid_reg[31][13]","FDCE","u_dut/lfnst_grid_reg","4","0.377000000","1.590000000","1.967000000","0.808337570","SLICE_X80Y21","SLICE_X91Y17","","","SIGNATURE_SKIPPED|FDCE|FDCE","SIGNATURE_SKIPPED|FDCE|FDCE","DUT_INTERNAL","u_dut/slot_state_reg","u_dut/lfnst_grid_reg","0.073000000"
"u_dut/lfnst_grid_reg[31][14]/CE","u_dut/slot_state_reg[0][1]/C","-0.032000000","clk","clk","clk","u_dut/slot_state_reg[0][1]","FDCE","u_dut/slot_state_reg","u_dut/lfnst_grid_reg[31][14]","FDCE","u_dut/lfnst_grid_reg","4","0.377000000","1.495000000","1.872000000","0.798611111","SLICE_X80Y21","SLICE_X89Y10","","","SIGNATURE_SKIPPED|FDCE|FDCE","SIGNATURE_SKIPPED|FDCE|FDCE","DUT_INTERNAL","u_dut/slot_state_reg","u_dut/lfnst_grid_reg","0.032000000"
"u_dut/lfnst_grid_reg[31][15]/CE","u_dut/slot_state_reg[0][1]/C","-0.029000000","clk","clk","clk","u_dut/slot_state_reg[0][1]","FDCE","u_dut/slot_state_reg","u_dut/lfnst_grid_reg[31][15]","FDCE","u_dut/lfnst_grid_reg","4","0.377000000","1.490000000","1.867000000","0.798071773","SLICE_X80Y21","SLICE_X89Y13","","","SIGNATURE_SKIPPED|FDCE|FDCE","SIGNATURE_SKIPPED|FDCE|FDCE","DUT_INTERNAL","u_dut/slot_state_reg","u_dut/lfnst_grid_reg","0.029000000"
"u_dut/lfnst_grid_reg[31][1]/CE","u_dut/slot_state_reg[0][1]/C","-0.029000000","clk","clk","clk","u_dut/slot_state_reg[0][1]","FDCE","u_dut/slot_state_reg","u_dut/lfnst_grid_reg[31][1]","FDCE","u_dut/lfnst_grid_reg","4","0.377000000","1.490000000","1.867000000","0.798071773","SLICE_X80Y21","SLICE_X89Y13","","","SIGNATURE_SKIPPED|FDCE|FDCE","SIGNATURE_SKIPPED|FDCE|FDCE","DUT_INTERNAL","u_dut/slot_state_reg","u_dut/lfnst_grid_reg","0.029000000"
"u_dut/lfnst_grid_reg[31][2]/CE","u_dut/slot_state_reg[0][1]/C","-0.051000000","clk","clk","clk","u_dut/slot_state_reg[0][1]","FDCE","u_dut/slot_state_reg","u_dut/lfnst_grid_reg[31][2]","FDCE","u_dut/lfnst_grid_reg","4","0.377000000","1.572000000","1.949000000","0.806567470","SLICE_X80Y21","SLICE_X91Y6","","","SIGNATURE_SKIPPED|FDCE|FDCE","SIGNATURE_SKIPPED|FDCE|FDCE","DUT_INTERNAL","u_dut/slot_state_reg","u_dut/lfnst_grid_reg","0.051000000"
"u_dut/lfnst_grid_reg[31][3]/CE","u_dut/slot_state_reg[0][1]/C","-0.067000000","clk","clk","clk","u_dut/slot_state_reg[0][1]","FDCE","u_dut/slot_state_reg","u_dut/lfnst_grid_reg[31][3]","FDCE","u_dut/lfnst_grid_reg","4","0.377000000","1.592000000","1.969000000","0.808532250","SLICE_X80Y21","SLICE_X92Y7","","","SIGNATURE_SKIPPED|FDCE|FDCE","SIGNATURE_SKIPPED|FDCE|FDCE","DUT_INTERNAL","u_dut/slot_state_reg","u_dut/lfnst_grid_reg","0.067000000"
"u_dut/lfnst_grid_reg[31][4]/CE","u_dut/slot_state_reg[0][1]/C","-0.083000000","clk","clk","clk","u_dut/slot_state_reg[0][1]","FDCE","u_dut/slot_state_reg","u_dut/lfnst_grid_reg[31][4]","FDCE","u_dut/lfnst_grid_reg","4","0.377000000","1.541000000","1.918000000","0.803441084","SLICE_X80Y21","SLICE_X89Y9","","","SIGNATURE_SKIPPED|FDCE|FDCE","SIGNATURE_SKIPPED|FDCE|FDCE","DUT_INTERNAL","u_dut/slot_state_reg","u_dut/lfnst_grid_reg","0.083000000"
"u_dut/lfnst_grid_reg[31][6]/CE","u_dut/slot_state_reg[0][1]/C","-0.083000000","clk","clk","clk","u_dut/slot_state_reg[0][1]","FDCE","u_dut/slot_state_reg","u_dut/lfnst_grid_reg[31][6]","FDCE","u_dut/lfnst_grid_reg","4","0.377000000","1.542000000","1.919000000","0.803543512","SLICE_X80Y21","SLICE_X89Y7","","","SIGNATURE_SKIPPED|FDCE|FDCE","SIGNATURE_SKIPPED|FDCE|FDCE","DUT_INTERNAL","u_dut/slot_state_reg","u_dut/lfnst_grid_reg","0.083000000"
"u_dut/lfnst_grid_reg[31][8]/CE","u_dut/slot_state_reg[0][1]/C","-0.032000000","clk","clk","clk","u_dut/slot_state_reg[0][1]","FDCE","u_dut/slot_state_reg","u_dut/lfnst_grid_reg[31][8]","FDCE","u_dut/lfnst_grid_reg","4","0.377000000","1.495000000","1.872000000","0.798611111","SLICE_X80Y21","SLICE_X89Y10","","","SIGNATURE_SKIPPED|FDCE|FDCE","SIGNATURE_SKIPPED|FDCE|FDCE","DUT_INTERNAL","u_dut/slot_state_reg","u_dut/lfnst_grid_reg","0.032000000"
"u_dut/lfnst_grid_reg[31][9]/CE","u_dut/slot_state_reg[0][1]/C","-0.039000000","clk","clk","clk","u_dut/slot_state_reg[0][1]","FDCE","u_dut/slot_state_reg","u_dut/lfnst_grid_reg[31][9]","FDCE","u_dut/lfnst_grid_reg","4","0.377000000","1.561000000","1.938000000","0.805469556","SLICE_X80Y21","SLICE_X92Y13","","","SIGNATURE_SKIPPED|FDCE|FDCE","SIGNATURE_SKIPPED|FDCE|FDCE","DUT_INTERNAL","u_dut/slot_state_reg","u_dut/lfnst_grid_reg","0.039000000"
"u_dut/lfnst_grid_reg[32][0]/CE","u_dut/slot_state_reg[0][1]/C","-0.002000000","clk","clk","clk","u_dut/slot_state_reg[0][1]","FDCE","u_dut/slot_state_reg","u_dut/lfnst_grid_reg[32][0]","FDCE","u_dut/lfnst_grid_reg","4","0.402000000","1.493000000","1.895000000","0.787862797","SLICE_X80Y21","SLICE_X87Y4","","","SIGNATURE_SKIPPED|FDCE|FDCE","SIGNATURE_SKIPPED|FDCE|FDCE","DUT_INTERNAL","u_dut/slot_state_reg","u_dut/lfnst_grid_reg","0.002000000"
"u_dut/lfnst_grid_reg[32][12]/CE","u_dut/slot_state_reg[0][1]/C","-0.002000000","clk","clk","clk","u_dut/slot_state_reg[0][1]","FDCE","u_dut/slot_state_reg","u_dut/lfnst_grid_reg[32][12]","FDCE","u_dut/lfnst_grid_reg","4","0.402000000","1.493000000","1.895000000","0.787862797","SLICE_X80Y21","SLICE_X87Y4","","","SIGNATURE_SKIPPED|FDCE|FDCE","SIGNATURE_SKIPPED|FDCE|FDCE","DUT_INTERNAL","u_dut/slot_state_reg","u_dut/lfnst_grid_reg","0.002000000"
"u_dut/lfnst_grid_reg[32][15]/CE","u_dut/slot_state_reg[0][1]/C","-0.002000000","clk","clk","clk","u_dut/slot_state_reg[0][1]","FDCE","u_dut/slot_state_reg","u_dut/lfnst_grid_reg[32][15]","FDCE","u_dut/lfnst_grid_reg","4","0.402000000","1.493000000","1.895000000","0.787862797","SLICE_X80Y21","SLICE_X87Y4","","","SIGNATURE_SKIPPED|FDCE|FDCE","SIGNATURE_SKIPPED|FDCE|FDCE","DUT_INTERNAL","u_dut/slot_state_reg","u_dut/lfnst_grid_reg","0.002000000"
"u_dut/lfnst_grid_reg[32][1]/CE","u_dut/slot_state_reg[0][1]/C","-0.045000000","clk","clk","clk","u_dut/slot_state_reg[0][1]","FDCE","u_dut/slot_state_reg","u_dut/lfnst_grid_reg[32][1]","FDCE","u_dut/lfnst_grid_reg","4","0.402000000","1.482000000","1.884000000","0.786624204","SLICE_X80Y21","SLICE_X85Y4","","","SIGNATURE_SKIPPED|FDCE|FDCE","SIGNATURE_SKIPPED|FDCE|FDCE","DUT_INTERNAL","u_dut/slot_state_reg","u_dut/lfnst_grid_reg","0.045000000"
"u_dut/lfnst_grid_reg[32][2]/CE","u_dut/slot_state_reg[0][1]/C","-0.045000000","clk","clk","clk","u_dut/slot_state_reg[0][1]","FDCE","u_dut/slot_state_reg","u_dut/lfnst_grid_reg[32][2]","FDCE","u_dut/lfnst_grid_reg","4","0.402000000","1.482000000","1.884000000","0.786624204","SLICE_X80Y21","SLICE_X85Y4","","","SIGNATURE_SKIPPED|FDCE|FDCE","SIGNATURE_SKIPPED|FDCE|FDCE","DUT_INTERNAL","u_dut/slot_state_reg","u_dut/lfnst_grid_reg","0.045000000"
"u_dut/lfnst_grid_reg[32][4]/CE","u_dut/slot_state_reg[0][1]/C","-0.002000000","clk","clk","clk","u_dut/slot_state_reg[0][1]","FDCE","u_dut/slot_state_reg","u_dut/lfnst_grid_reg[32][4]","FDCE","u_dut/lfnst_grid_reg","4","0.402000000","1.493000000","1.895000000","0.787862797","SLICE_X80Y21","SLICE_X87Y4","","","SIGNATURE_SKIPPED|FDCE|FDCE","SIGNATURE_SKIPPED|FDCE|FDCE","DUT_INTERNAL","u_dut/slot_state_reg","u_dut/lfnst_grid_reg","0.002000000"
"u_dut/lfnst_grid_reg[32][5]/CE","u_dut/slot_state_reg[0][1]/C","-0.045000000","clk","clk","clk","u_dut/slot_state_reg[0][1]","FDCE","u_dut/slot_state_reg","u_dut/lfnst_grid_reg[32][5]","FDCE","u_dut/lfnst_grid_reg","4","0.402000000","1.482000000","1.884000000","0.786624204","SLICE_X80Y21","SLICE_X85Y4","","","SIGNATURE_SKIPPED|FDCE|FDCE","SIGNATURE_SKIPPED|FDCE|FDCE","DUT_INTERNAL","u_dut/slot_state_reg","u_dut/lfnst_grid_reg","0.045000000"
"u_dut/lfnst_grid_reg[32][9]/CE","u_dut/slot_state_reg[0][1]/C","-0.045000000","clk","clk","clk","u_dut/slot_state_reg[0][1]","FDCE","u_dut/slot_state_reg","u_dut/lfnst_grid_reg[32][9]","FDCE","u_dut/lfnst_grid_reg","4","0.402000000","1.482000000","1.884000000","0.786624204","SLICE_X80Y21","SLICE_X85Y4","","","SIGNATURE_SKIPPED|FDCE|FDCE","SIGNATURE_SKIPPED|FDCE|FDCE","DUT_INTERNAL","u_dut/slot_state_reg","u_dut/lfnst_grid_reg","0.045000000"
"u_dut/lfnst_grid_reg[34][3]/CE","u_dut/slot_state_reg[0][1]/C","-0.035000000","clk","clk","clk","u_dut/slot_state_reg[0][1]","FDCE","u_dut/slot_state_reg","u_dut/lfnst_grid_reg[34][3]","FDCE","u_dut/lfnst_grid_reg","4","0.344000000","1.535000000","1.879000000","0.816923896","SLICE_X80Y21","SLICE_X84Y0","","","SIGNATURE_SKIPPED|FDCE|FDCE","SIGNATURE_SKIPPED|FDCE|FDCE","DUT_INTERNAL","u_dut/slot_state_reg","u_dut/lfnst_grid_reg","0.035000000"
"u_dut/lfnst_grid_reg[34][6]/CE","u_dut/slot_state_reg[0][1]/C","-0.035000000","clk","clk","clk","u_dut/slot_state_reg[0][1]","FDCE","u_dut/slot_state_reg","u_dut/lfnst_grid_reg[34][6]","FDCE","u_dut/lfnst_grid_reg","4","0.344000000","1.535000000","1.879000000","0.816923896","SLICE_X80Y21","SLICE_X84Y0","","","SIGNATURE_SKIPPED|FDCE|FDCE","SIGNATURE_SKIPPED|FDCE|FDCE","DUT_INTERNAL","u_dut/slot_state_reg","u_dut/lfnst_grid_reg","0.035000000"
"u_dut/lfnst_grid_reg[3][2]/CE","u_dut/slot_state_reg[0][1]/C","-0.001000000","clk","clk","clk","u_dut/slot_state_reg[0][1]","FDCE","u_dut/slot_state_reg","u_dut/lfnst_grid_reg[3][2]","FDCE","u_dut/lfnst_grid_reg","4","0.400000000","1.439000000","1.839000000","0.782490484","SLICE_X80Y21","SLICE_X88Y5","","","SIGNATURE_SKIPPED|FDCE|FDCE","SIGNATURE_SKIPPED|FDCE|FDCE","DUT_INTERNAL","u_dut/slot_state_reg","u_dut/lfnst_grid_reg","0.001000000"
"u_dut/lfnst_grid_reg[3][4]/CE","u_dut/slot_state_reg[0][1]/C","-0.001000000","clk","clk","clk","u_dut/slot_state_reg[0][1]","FDCE","u_dut/slot_state_reg","u_dut/lfnst_grid_reg[3][4]","FDCE","u_dut/lfnst_grid_reg","4","0.400000000","1.439000000","1.839000000","0.782490484","SLICE_X80Y21","SLICE_X88Y5","","","SIGNATURE_SKIPPED|FDCE|FDCE","SIGNATURE_SKIPPED|FDCE|FDCE","DUT_INTERNAL","u_dut/slot_state_reg","u_dut/lfnst_grid_reg","0.001000000"
"u_dut/lfnst_grid_reg[3][6]/CE","u_dut/slot_state_reg[0][1]/C","-0.001000000","clk","clk","clk","u_dut/slot_state_reg[0][1]","FDCE","u_dut/slot_state_reg","u_dut/lfnst_grid_reg[3][6]","FDCE","u_dut/lfnst_grid_reg","4","0.400000000","1.439000000","1.839000000","0.782490484","SLICE_X80Y21","SLICE_X88Y5","","","SIGNATURE_SKIPPED|FDCE|FDCE","SIGNATURE_SKIPPED|FDCE|FDCE","DUT_INTERNAL","u_dut/slot_state_reg","u_dut/lfnst_grid_reg","0.001000000"
"u_dut/lfnst_grid_reg[3][7]/CE","u_dut/slot_state_reg[0][1]/C","-0.001000000","clk","clk","clk","u_dut/slot_state_reg[0][1]","FDCE","u_dut/slot_state_reg","u_dut/lfnst_grid_reg[3][7]","FDCE","u_dut/lfnst_grid_reg","4","0.400000000","1.439000000","1.839000000","0.782490484","SLICE_X80Y21","SLICE_X88Y5","","","SIGNATURE_SKIPPED|FDCE|FDCE","SIGNATURE_SKIPPED|FDCE|FDCE","DUT_INTERNAL","u_dut/slot_state_reg","u_dut/lfnst_grid_reg","0.001000000"
"u_dut/lfnst_grid_reg[41][0]/CE","u_dut/slot_state_reg[0][1]/C","-0.058000000","clk","clk","clk","u_dut/slot_state_reg[0][1]","FDCE","u_dut/slot_state_reg","u_dut/lfnst_grid_reg[41][0]","FDCE","u_dut/lfnst_grid_reg","4","0.354000000","1.538000000","1.892000000","0.812896406","SLICE_X80Y21","SLICE_X89Y11","","","SIGNATURE_SKIPPED|FDCE|FDCE","SIGNATURE_SKIPPED|FDCE|FDCE","DUT_INTERNAL","u_dut/slot_state_reg","u_dut/lfnst_grid_reg","0.058000000"
"u_dut/lfnst_grid_reg[41][12]/CE","u_dut/slot_state_reg[0][1]/C","-0.004000000","clk","clk","clk","u_dut/slot_state_reg[0][1]","FDCE","u_dut/slot_state_reg","u_dut/lfnst_grid_reg[41][12]","FDCE","u_dut/lfnst_grid_reg","4","0.354000000","1.548000000","1.902000000","0.813880126","SLICE_X80Y21","SLICE_X90Y16","","","SIGNATURE_SKIPPED|FDCE|FDCE","SIGNATURE_SKIPPED|FDCE|FDCE","DUT_INTERNAL","u_dut/slot_state_reg","u_dut/lfnst_grid_reg","0.004000000"
"u_dut/lfnst_grid_reg[41][13]/CE","u_dut/slot_state_reg[0][1]/C","-0.004000000","clk","clk","clk","u_dut/slot_state_reg[0][1]","FDCE","u_dut/slot_state_reg","u_dut/lfnst_grid_reg[41][13]","FDCE","u_dut/lfnst_grid_reg","4","0.354000000","1.489000000","1.843000000","0.807921867","SLICE_X80Y21","SLICE_X89Y12","","","SIGNATURE_SKIPPED|FDCE|FDCE","SIGNATURE_SKIPPED|FDCE|FDCE","DUT_INTERNAL","u_dut/slot_state_reg","u_dut/lfnst_grid_reg","0.004000000"
"u_dut/lfnst_grid_reg[41][15]/CE","u_dut/slot_state_reg[0][1]/C","-0.004000000","clk","clk","clk","u_dut/slot_state_reg[0][1]","FDCE","u_dut/slot_state_reg","u_dut/lfnst_grid_reg[41][15]","FDCE","u_dut/lfnst_grid_reg","4","0.354000000","1.548000000","1.902000000","0.813880126","SLICE_X80Y21","SLICE_X90Y16","","","SIGNATURE_SKIPPED|FDCE|FDCE","SIGNATURE_SKIPPED|FDCE|FDCE","DUT_INTERNAL","u_dut/slot_state_reg","u_dut/lfnst_grid_reg","0.004000000"
"u_dut/lfnst_grid_reg[41][3]/CE","u_dut/slot_state_reg[0][1]/C","-0.058000000","clk","clk","clk","u_dut/slot_state_reg[0][1]","FDCE","u_dut/slot_state_reg","u_dut/lfnst_grid_reg[41][3]","FDCE","u_dut/lfnst_grid_reg","4","0.354000000","1.538000000","1.892000000","0.812896406","SLICE_X80Y21","SLICE_X89Y11","","","SIGNATURE_SKIPPED|FDCE|FDCE","SIGNATURE_SKIPPED|FDCE|FDCE","DUT_INTERNAL","u_dut/slot_state_reg","u_dut/lfnst_grid_reg","0.058000000"
"u_dut/lfnst_grid_reg[41][4]/CE","u_dut/slot_state_reg[0][1]/C","-0.022000000","clk","clk","clk","u_dut/slot_state_reg[0][1]","FDCE","u_dut/slot_state_reg","u_dut/lfnst_grid_reg[41][4]","FDCE","u_dut/lfnst_grid_reg","4","0.354000000","1.499000000","1.853000000","0.808958446","SLICE_X80Y21","SLICE_X88Y14","","","SIGNATURE_SKIPPED|FDCE|FDCE","SIGNATURE_SKIPPED|FDCE|FDCE","DUT_INTERNAL","u_dut/slot_state_reg","u_dut/lfnst_grid_reg","0.022000000"
"u_dut/lfnst_grid_reg[41][5]/CE","u_dut/slot_state_reg[0][1]/C","-0.044000000","clk","clk","clk","u_dut/slot_state_reg[0][1]","FDCE","u_dut/slot_state_reg","u_dut/lfnst_grid_reg[41][5]","FDCE","u_dut/lfnst_grid_reg","4","0.354000000","1.592000000","1.946000000","0.818088386","SLICE_X80Y21","SLICE_X91Y13","","","SIGNATURE_SKIPPED|FDCE|FDCE","SIGNATURE_SKIPPED|FDCE|FDCE","DUT_INTERNAL","u_dut/slot_state_reg","u_dut/lfnst_grid_reg","0.044000000"
"u_dut/lfnst_grid_reg[41][6]/CE","u_dut/slot_state_reg[0][1]/C","-0.004000000","clk","clk","clk","u_dut/slot_state_reg[0][1]","FDCE","u_dut/slot_state_reg","u_dut/lfnst_grid_reg[41][6]","FDCE","u_dut/lfnst_grid_reg","4","0.354000000","1.489000000","1.843000000","0.807921867","SLICE_X80Y21","SLICE_X89Y12","","","SIGNATURE_SKIPPED|FDCE|FDCE","SIGNATURE_SKIPPED|FDCE|FDCE","DUT_INTERNAL","u_dut/slot_state_reg","u_dut/lfnst_grid_reg","0.004000000"
"u_dut/lfnst_grid_reg[41][7]/CE","u_dut/slot_state_reg[0][1]/C","-0.044000000","clk","clk","clk","u_dut/slot_state_reg[0][1]","FDCE","u_dut/slot_state_reg","u_dut/lfnst_grid_reg[41][7]","FDCE","u_dut/lfnst_grid_reg","4","0.354000000","1.592000000","1.946000000","0.818088386","SLICE_X80Y21","SLICE_X91Y13","","","SIGNATURE_SKIPPED|FDCE|FDCE","SIGNATURE_SKIPPED|FDCE|FDCE","DUT_INTERNAL","u_dut/slot_state_reg","u_dut/lfnst_grid_reg","0.044000000"
"u_dut/lfnst_grid_reg[41][9]/CE","u_dut/slot_state_reg[0][1]/C","-0.056000000","clk","clk","clk","u_dut/slot_state_reg[0][1]","FDCE","u_dut/slot_state_reg","u_dut/lfnst_grid_reg[41][9]","FDCE","u_dut/lfnst_grid_reg","4","0.354000000","1.601000000","1.955000000","0.818925831","SLICE_X80Y21","SLICE_X92Y13","","","SIGNATURE_SKIPPED|FDCE|FDCE","SIGNATURE_SKIPPED|FDCE|FDCE","DUT_INTERNAL","u_dut/slot_state_reg","u_dut/lfnst_grid_reg","0.056000000"
"u_dut/lfnst_grid_reg[42][2]/CE","u_dut/slot_state_reg[0][1]/C","-0.004000000","clk","clk","clk","u_dut/slot_state_reg[0][1]","FDCE","u_dut/slot_state_reg","u_dut/lfnst_grid_reg[42][2]","FDCE","u_dut/lfnst_grid_reg","4","0.344000000","1.502000000","1.846000000","0.813651138","SLICE_X80Y21","SLICE_X85Y2","","","SIGNATURE_SKIPPED|FDCE|FDCE","SIGNATURE_SKIPPED|FDCE|FDCE","DUT_INTERNAL","u_dut/slot_state_reg","u_dut/lfnst_grid_reg","0.004000000"
"u_dut/lfnst_grid_reg[48][0]/CE","u_dut/slot_state_reg[0][1]/C","-0.036000000","clk","clk","clk","u_dut/slot_state_reg[0][1]","FDCE","u_dut/slot_state_reg","u_dut/lfnst_grid_reg[48][0]","FDCE","u_dut/lfnst_grid_reg","4","0.352000000","1.523000000","1.875000000","0.812266667","SLICE_X80Y21","SLICE_X84Y1","","","SIGNATURE_SKIPPED|FDCE|FDCE","SIGNATURE_SKIPPED|FDCE|FDCE","DUT_INTERNAL","u_dut/slot_state_reg","u_dut/lfnst_grid_reg","0.036000000"
"u_dut/lfnst_grid_reg[48][12]/CE","u_dut/slot_state_reg[0][1]/C","-0.003000000","clk","clk","clk","u_dut/slot_state_reg[0][1]","FDCE","u_dut/slot_state_reg","u_dut/lfnst_grid_reg[48][12]","FDCE","u_dut/lfnst_grid_reg","4","0.352000000","1.482000000","1.834000000","0.808069793","SLICE_X80Y21","SLICE_X83Y1","","","SIGNATURE_SKIPPED|FDCE|FDCE","SIGNATURE_SKIPPED|FDCE|FDCE","DUT_INTERNAL","u_dut/slot_state_reg","u_dut/lfnst_grid_reg","0.003000000"
"u_dut/lfnst_grid_reg[48][1]/CE","u_dut/slot_state_reg[0][1]/C","-0.036000000","clk","clk","clk","u_dut/slot_state_reg[0][1]","FDCE","u_dut/slot_state_reg","u_dut/lfnst_grid_reg[48][1]","FDCE","u_dut/lfnst_grid_reg","4","0.352000000","1.523000000","1.875000000","0.812266667","SLICE_X80Y21","SLICE_X84Y1","","","SIGNATURE_SKIPPED|FDCE|FDCE","SIGNATURE_SKIPPED|FDCE|FDCE","DUT_INTERNAL","u_dut/slot_state_reg","u_dut/lfnst_grid_reg","0.036000000"
"u_dut/lfnst_grid_reg[49][0]/CE","u_dut/slot_state_reg[0][1]/C","-0.021000000","clk","clk","clk","u_dut/slot_state_reg[0][1]","FDCE","u_dut/slot_state_reg","u_dut/lfnst_grid_reg[49][0]","FDCE","u_dut/lfnst_grid_reg","4","0.291000000","1.637000000","1.928000000","0.849066390","SLICE_X80Y21","SLICE_X90Y10","","","SIGNATURE_SKIPPED|FDCE|FDCE","SIGNATURE_SKIPPED|FDCE|FDCE","DUT_INTERNAL","u_dut/slot_state_reg","u_dut/lfnst_grid_reg","0.021000000"
"u_dut/lfnst_grid_reg[49][2]/CE","u_dut/slot_state_reg[0][1]/C","-0.021000000","clk","clk","clk","u_dut/slot_state_reg[0][1]","FDCE","u_dut/slot_state_reg","u_dut/lfnst_grid_reg[49][2]","FDCE","u_dut/lfnst_grid_reg","4","0.291000000","1.637000000","1.928000000","0.849066390","SLICE_X80Y21","SLICE_X90Y10","","","SIGNATURE_SKIPPED|FDCE|FDCE","SIGNATURE_SKIPPED|FDCE|FDCE","DUT_INTERNAL","u_dut/slot_state_reg","u_dut/lfnst_grid_reg","0.021000000"
"u_dut/lfnst_grid_reg[49][3]/CE","u_dut/slot_state_reg[0][1]/C","-0.021000000","clk","clk","clk","u_dut/slot_state_reg[0][1]","FDCE","u_dut/slot_state_reg","u_dut/lfnst_grid_reg[49][3]","FDCE","u_dut/lfnst_grid_reg","4","0.291000000","1.637000000","1.928000000","0.849066390","SLICE_X80Y21","SLICE_X90Y10","","","SIGNATURE_SKIPPED|FDCE|FDCE","SIGNATURE_SKIPPED|FDCE|FDCE","DUT_INTERNAL","u_dut/slot_state_reg","u_dut/lfnst_grid_reg","0.021000000"
"u_dut/lfnst_grid_reg[49][4]/CE","u_dut/slot_state_reg[0][1]/C","-0.021000000","clk","clk","clk","u_dut/slot_state_reg[0][1]","FDCE","u_dut/slot_state_reg","u_dut/lfnst_grid_reg[49][4]","FDCE","u_dut/lfnst_grid_reg","4","0.291000000","1.566000000","1.857000000","0.843295638","SLICE_X80Y21","SLICE_X89Y14","","","SIGNATURE_SKIPPED|FDCE|FDCE","SIGNATURE_SKIPPED|FDCE|FDCE","DUT_INTERNAL","u_dut/slot_state_reg","u_dut/lfnst_grid_reg","0.021000000"
"u_dut/lfnst_grid_reg[49][5]/CE","u_dut/slot_state_reg[0][1]/C","-0.021000000","clk","clk","clk","u_dut/slot_state_reg[0][1]","FDCE","u_dut/slot_state_reg","u_dut/lfnst_grid_reg[49][5]","FDCE","u_dut/lfnst_grid_reg","4","0.291000000","1.566000000","1.857000000","0.843295638","SLICE_X80Y21","SLICE_X89Y14","","","SIGNATURE_SKIPPED|FDCE|FDCE","SIGNATURE_SKIPPED|FDCE|FDCE","DUT_INTERNAL","u_dut/slot_state_reg","u_dut/lfnst_grid_reg","0.021000000"
"u_dut/lfnst_grid_reg[49][6]/CE","u_dut/slot_state_reg[0][1]/C","-0.021000000","clk","clk","clk","u_dut/slot_state_reg[0][1]","FDCE","u_dut/slot_state_reg","u_dut/lfnst_grid_reg[49][6]","FDCE","u_dut/lfnst_grid_reg","4","0.291000000","1.637000000","1.928000000","0.849066390","SLICE_X80Y21","SLICE_X90Y10","","","SIGNATURE_SKIPPED|FDCE|FDCE","SIGNATURE_SKIPPED|FDCE|FDCE","DUT_INTERNAL","u_dut/slot_state_reg","u_dut/lfnst_grid_reg","0.021000000"
"u_dut/lfnst_grid_reg[51][14]/CE","u_dut/slot_state_reg[0][1]/C","-0.028000000","clk","clk","clk","u_dut/slot_state_reg[0][1]","FDCE","u_dut/slot_state_reg","u_dut/lfnst_grid_reg[51][14]","FDCE","u_dut/lfnst_grid_reg","4","0.378000000","1.489000000","1.867000000","0.797536154","SLICE_X80Y21","SLICE_X85Y1","","","SIGNATURE_SKIPPED|FDCE|FDCE","SIGNATURE_SKIPPED|FDCE|FDCE","DUT_INTERNAL","u_dut/slot_state_reg","u_dut/lfnst_grid_reg","0.028000000"
"u_dut/lfnst_grid_reg[51][3]/CE","u_dut/slot_state_reg[0][1]/C","-0.028000000","clk","clk","clk","u_dut/slot_state_reg[0][1]","FDCE","u_dut/slot_state_reg","u_dut/lfnst_grid_reg[51][3]","FDCE","u_dut/lfnst_grid_reg","4","0.378000000","1.489000000","1.867000000","0.797536154","SLICE_X80Y21","SLICE_X85Y1","","","SIGNATURE_SKIPPED|FDCE|FDCE","SIGNATURE_SKIPPED|FDCE|FDCE","DUT_INTERNAL","u_dut/slot_state_reg","u_dut/lfnst_grid_reg","0.028000000"
"u_dut/lfnst_grid_reg[51][6]/CE","u_dut/slot_state_reg[0][1]/C","-0.028000000","clk","clk","clk","u_dut/slot_state_reg[0][1]","FDCE","u_dut/slot_state_reg","u_dut/lfnst_grid_reg[51][6]","FDCE","u_dut/lfnst_grid_reg","4","0.378000000","1.489000000","1.867000000","0.797536154","SLICE_X80Y21","SLICE_X85Y1","","","SIGNATURE_SKIPPED|FDCE|FDCE","SIGNATURE_SKIPPED|FDCE|FDCE","DUT_INTERNAL","u_dut/slot_state_reg","u_dut/lfnst_grid_reg","0.028000000"
"u_dut/lfnst_grid_reg[51][8]/CE","u_dut/slot_state_reg[0][1]/C","-0.028000000","clk","clk","clk","u_dut/slot_state_reg[0][1]","FDCE","u_dut/slot_state_reg","u_dut/lfnst_grid_reg[51][8]","FDCE","u_dut/lfnst_grid_reg","4","0.378000000","1.489000000","1.867000000","0.797536154","SLICE_X80Y21","SLICE_X85Y1","","","SIGNATURE_SKIPPED|FDCE|FDCE","SIGNATURE_SKIPPED|FDCE|FDCE","DUT_INTERNAL","u_dut/slot_state_reg","u_dut/lfnst_grid_reg","0.028000000"
"u_dut/lfnst_grid_reg[57][0]/CE","u_dut/slot_state_reg[0][1]/C","-0.004000000","clk","clk","clk","u_dut/slot_state_reg[0][1]","FDCE","u_dut/slot_state_reg","u_dut/lfnst_grid_reg[57][0]","FDCE","u_dut/lfnst_grid_reg","4","0.354000000","1.489000000","1.843000000","0.807921867","SLICE_X80Y21","SLICE_X89Y12","","","SIGNATURE_SKIPPED|FDCE|FDCE","SIGNATURE_SKIPPED|FDCE|FDCE","DUT_INTERNAL","u_dut/slot_state_reg","u_dut/lfnst_grid_reg","0.004000000"
"u_dut/lfnst_grid_reg[57][12]/CE","u_dut/slot_state_reg[0][1]/C","-0.004000000","clk","clk","clk","u_dut/slot_state_reg[0][1]","FDCE","u_dut/slot_state_reg","u_dut/lfnst_grid_reg[57][12]","FDCE","u_dut/lfnst_grid_reg","4","0.354000000","1.548000000","1.902000000","0.813880126","SLICE_X80Y21","SLICE_X90Y16","","","SIGNATURE_SKIPPED|FDCE|FDCE","SIGNATURE_SKIPPED|FDCE|FDCE","DUT_INTERNAL","u_dut/slot_state_reg","u_dut/lfnst_grid_reg","0.004000000"
"u_dut/lfnst_grid_reg[57][13]/CE","u_dut/slot_state_reg[0][1]/C","-0.004000000","clk","clk","clk","u_dut/slot_state_reg[0][1]","FDCE","u_dut/slot_state_reg","u_dut/lfnst_grid_reg[57][13]","FDCE","u_dut/lfnst_grid_reg","4","0.354000000","1.489000000","1.843000000","0.807921867","SLICE_X80Y21","SLICE_X89Y12","","","SIGNATURE_SKIPPED|FDCE|FDCE","SIGNATURE_SKIPPED|FDCE|FDCE","DUT_INTERNAL","u_dut/slot_state_reg","u_dut/lfnst_grid_reg","0.004000000"
"u_dut/lfnst_grid_reg[57][2]/CE","u_dut/slot_state_reg[0][1]/C","-0.022000000","clk","clk","clk","u_dut/slot_state_reg[0][1]","FDCE","u_dut/slot_state_reg","u_dut/lfnst_grid_reg[57][2]","FDCE","u_dut/lfnst_grid_reg","4","0.354000000","1.499000000","1.853000000","0.808958446","SLICE_X80Y21","SLICE_X88Y14","","","SIGNATURE_SKIPPED|FDCE|FDCE","SIGNATURE_SKIPPED|FDCE|FDCE","DUT_INTERNAL","u_dut/slot_state_reg","u_dut/lfnst_grid_reg","0.022000000"
"u_dut/lfnst_grid_reg[57][4]/CE","u_dut/slot_state_reg[0][1]/C","-0.022000000","clk","clk","clk","u_dut/slot_state_reg[0][1]","FDCE","u_dut/slot_state_reg","u_dut/lfnst_grid_reg[57][4]","FDCE","u_dut/lfnst_grid_reg","4","0.354000000","1.499000000","1.853000000","0.808958446","SLICE_X80Y21","SLICE_X88Y14","","","SIGNATURE_SKIPPED|FDCE|FDCE","SIGNATURE_SKIPPED|FDCE|FDCE","DUT_INTERNAL","u_dut/slot_state_reg","u_dut/lfnst_grid_reg","0.022000000"
"u_dut/lfnst_grid_reg[57][5]/CE","u_dut/slot_state_reg[0][1]/C","-0.022000000","clk","clk","clk","u_dut/slot_state_reg[0][1]","FDCE","u_dut/slot_state_reg","u_dut/lfnst_grid_reg[57][5]","FDCE","u_dut/lfnst_grid_reg","4","0.354000000","1.499000000","1.853000000","0.808958446","SLICE_X80Y21","SLICE_X88Y14","","","SIGNATURE_SKIPPED|FDCE|FDCE","SIGNATURE_SKIPPED|FDCE|FDCE","DUT_INTERNAL","u_dut/slot_state_reg","u_dut/lfnst_grid_reg","0.022000000"
"u_dut/lfnst_grid_reg[57][7]/CE","u_dut/slot_state_reg[0][1]/C","-0.056000000","clk","clk","clk","u_dut/slot_state_reg[0][1]","FDCE","u_dut/slot_state_reg","u_dut/lfnst_grid_reg[57][7]","FDCE","u_dut/lfnst_grid_reg","4","0.354000000","1.601000000","1.955000000","0.818925831","SLICE_X80Y21","SLICE_X92Y13","","","SIGNATURE_SKIPPED|FDCE|FDCE","SIGNATURE_SKIPPED|FDCE|FDCE","DUT_INTERNAL","u_dut/slot_state_reg","u_dut/lfnst_grid_reg","0.056000000"
"u_dut/lfnst_grid_reg[57][9]/CE","u_dut/slot_state_reg[0][1]/C","-0.056000000","clk","clk","clk","u_dut/slot_state_reg[0][1]","FDCE","u_dut/slot_state_reg","u_dut/lfnst_grid_reg[57][9]","FDCE","u_dut/lfnst_grid_reg","4","0.354000000","1.601000000","1.955000000","0.818925831","SLICE_X80Y21","SLICE_X92Y13","","","SIGNATURE_SKIPPED|FDCE|FDCE","SIGNATURE_SKIPPED|FDCE|FDCE","DUT_INTERNAL","u_dut/slot_state_reg","u_dut/lfnst_grid_reg","0.056000000"
"u_dut/lfnst_grid_reg[58][1]/CE","u_dut/slot_state_reg[0][1]/C","-0.004000000","clk","clk","clk","u_dut/slot_state_reg[0][1]","FDCE","u_dut/slot_state_reg","u_dut/lfnst_grid_reg[58][1]","FDCE","u_dut/lfnst_grid_reg","4","0.344000000","1.502000000","1.846000000","0.813651138","SLICE_X80Y21","SLICE_X85Y2","","","SIGNATURE_SKIPPED|FDCE|FDCE","SIGNATURE_SKIPPED|FDCE|FDCE","DUT_INTERNAL","u_dut/slot_state_reg","u_dut/lfnst_grid_reg","0.004000000"
"u_dut/lfnst_grid_reg[5][2]/CE","u_dut/slot_state_reg[0][1]/C","-0.021000000","clk","clk","clk","u_dut/slot_state_reg[0][1]","FDCE","u_dut/slot_state_reg","u_dut/lfnst_grid_reg[5][2]","FDCE","u_dut/lfnst_grid_reg","4","0.402000000","1.510000000","1.912000000","0.789748954","SLICE_X80Y21","SLICE_X87Y11","","","SIGNATURE_SKIPPED|FDCE|FDCE","SIGNATURE_SKIPPED|FDCE|FDCE","DUT_INTERNAL","u_dut/slot_state_reg","u_dut/lfnst_grid_reg","0.021000000"
"u_dut/lfnst_grid_reg[5][6]/CE","u_dut/slot_state_reg[0][1]/C","-0.021000000","clk","clk","clk","u_dut/slot_state_reg[0][1]","FDCE","u_dut/slot_state_reg","u_dut/lfnst_grid_reg[5][6]","FDCE","u_dut/lfnst_grid_reg","4","0.402000000","1.510000000","1.912000000","0.789748954","SLICE_X80Y21","SLICE_X87Y11","","","SIGNATURE_SKIPPED|FDCE|FDCE","SIGNATURE_SKIPPED|FDCE|FDCE","DUT_INTERNAL","u_dut/slot_state_reg","u_dut/lfnst_grid_reg","0.021000000"
"u_dut/lfnst_grid_reg[7][0]/CE","u_dut/slot_state_reg[0][1]/C","-0.073000000","clk","clk","clk","u_dut/slot_state_reg[0][1]","FDCE","u_dut/slot_state_reg","u_dut/lfnst_grid_reg[7][0]","FDCE","u_dut/lfnst_grid_reg","4","0.399000000","1.575000000","1.974000000","0.797872340","SLICE_X80Y21","SLICE_X92Y10","","","SIGNATURE_SKIPPED|FDCE|FDCE","SIGNATURE_SKIPPED|FDCE|FDCE","DUT_INTERNAL","u_dut/slot_state_reg","u_dut/lfnst_grid_reg","0.073000000"
"u_dut/lfnst_grid_reg[7][2]/CE","u_dut/slot_state_reg[0][1]/C","-0.013000000","clk","clk","clk","u_dut/slot_state_reg[0][1]","FDCE","u_dut/slot_state_reg","u_dut/lfnst_grid_reg[7][2]","FDCE","u_dut/lfnst_grid_reg","4","0.399000000","1.511000000","1.910000000","0.791099476","SLICE_X80Y21","SLICE_X92Y16","","","SIGNATURE_SKIPPED|FDCE|FDCE","SIGNATURE_SKIPPED|FDCE|FDCE","DUT_INTERNAL","u_dut/slot_state_reg","u_dut/lfnst_grid_reg","0.013000000"
"u_dut/lfnst_grid_reg[7][3]/CE","u_dut/slot_state_reg[0][1]/C","-0.087000000","clk","clk","clk","u_dut/slot_state_reg[0][1]","FDCE","u_dut/slot_state_reg","u_dut/lfnst_grid_reg[7][3]","FDCE","u_dut/lfnst_grid_reg","4","0.399000000","1.590000000","1.989000000","0.799396682","SLICE_X80Y21","SLICE_X92Y10","","","SIGNATURE_SKIPPED|FDCE|FDCE","SIGNATURE_SKIPPED|FDCE|FDCE","DUT_INTERNAL","u_dut/slot_state_reg","u_dut/lfnst_grid_reg","0.087000000"
"u_dut/lfnst_grid_reg[7][4]/CE","u_dut/slot_state_reg[0][1]/C","-0.073000000","clk","clk","clk","u_dut/slot_state_reg[0][1]","FDCE","u_dut/slot_state_reg","u_dut/lfnst_grid_reg[7][4]","FDCE","u_dut/lfnst_grid_reg","4","0.399000000","1.575000000","1.974000000","0.797872340","SLICE_X80Y21","SLICE_X92Y10","","","SIGNATURE_SKIPPED|FDCE|FDCE","SIGNATURE_SKIPPED|FDCE|FDCE","DUT_INTERNAL","u_dut/slot_state_reg","u_dut/lfnst_grid_reg","0.073000000"
"u_dut/lfnst_grid_reg[7][6]/CE","u_dut/slot_state_reg[0][1]/C","-0.073000000","clk","clk","clk","u_dut/slot_state_reg[0][1]","FDCE","u_dut/slot_state_reg","u_dut/lfnst_grid_reg[7][6]","FDCE","u_dut/lfnst_grid_reg","4","0.399000000","1.575000000","1.974000000","0.797872340","SLICE_X80Y21","SLICE_X92Y10","","","SIGNATURE_SKIPPED|FDCE|FDCE","SIGNATURE_SKIPPED|FDCE|FDCE","DUT_INTERNAL","u_dut/slot_state_reg","u_dut/lfnst_grid_reg","0.073000000"
"u_dut/lfnst_grid_reg[7][7]/CE","u_dut/slot_state_reg[0][1]/C","-0.073000000","clk","clk","clk","u_dut/slot_state_reg[0][1]","FDCE","u_dut/slot_state_reg","u_dut/lfnst_grid_reg[7][7]","FDCE","u_dut/lfnst_grid_reg","4","0.399000000","1.575000000","1.974000000","0.797872340","SLICE_X80Y21","SLICE_X92Y10","","","SIGNATURE_SKIPPED|FDCE|FDCE","SIGNATURE_SKIPPED|FDCE|FDCE","DUT_INTERNAL","u_dut/slot_state_reg","u_dut/lfnst_grid_reg","0.073000000"
"u_dut/lfnst_grid_reg[7][9]/CE","u_dut/slot_state_reg[0][1]/C","-0.013000000","clk","clk","clk","u_dut/slot_state_reg[0][1]","FDCE","u_dut/slot_state_reg","u_dut/lfnst_grid_reg[7][9]","FDCE","u_dut/lfnst_grid_reg","4","0.399000000","1.511000000","1.910000000","0.791099476","SLICE_X80Y21","SLICE_X92Y16","","","SIGNATURE_SKIPPED|FDCE|FDCE","SIGNATURE_SKIPPED|FDCE|FDCE","DUT_INTERNAL","u_dut/slot_state_reg","u_dut/lfnst_grid_reg","0.013000000"
"u_dut/lfnst_grid_reg[8][15]/CE","u_dut/u_bounded_lfnst_engine/out_group_reg[1]/C","-0.002000000","clk","clk","clk","u_dut/u_bounded_lfnst_engine/out_group_reg[1]","FDCE","u_dut/u_bounded_lfnst_engine/out_group_reg","u_dut/lfnst_grid_reg[8][15]","FDCE","u_dut/lfnst_grid_reg","2","0.243000000","1.590000000","1.833000000","0.867430442","SLICE_X89Y9","SLICE_X85Y7","","","SIGNATURE_SKIPPED|FDCE|FDCE","SIGNATURE_SKIPPED|FDCE|FDCE","DUT_INTERNAL","u_dut/u_bounded_lfnst_engine/out_group_reg","u_dut/lfnst_grid_reg","0.002000000"
"u_dut/lfnst_grid_reg[8][2]/CE","u_dut/u_bounded_lfnst_engine/out_group_reg[1]/C","-0.002000000","clk","clk","clk","u_dut/u_bounded_lfnst_engine/out_group_reg[1]","FDCE","u_dut/u_bounded_lfnst_engine/out_group_reg","u_dut/lfnst_grid_reg[8][2]","FDCE","u_dut/lfnst_grid_reg","2","0.243000000","1.590000000","1.833000000","0.867430442","SLICE_X89Y9","SLICE_X85Y7","","","SIGNATURE_SKIPPED|FDCE|FDCE","SIGNATURE_SKIPPED|FDCE|FDCE","DUT_INTERNAL","u_dut/u_bounded_lfnst_engine/out_group_reg","u_dut/lfnst_grid_reg","0.002000000"
"u_dut/lfnst_grid_reg[8][5]/CE","u_dut/u_bounded_lfnst_engine/out_group_reg[1]/C","-0.002000000","clk","clk","clk","u_dut/u_bounded_lfnst_engine/out_group_reg[1]","FDCE","u_dut/u_bounded_lfnst_engine/out_group_reg","u_dut/lfnst_grid_reg[8][5]","FDCE","u_dut/lfnst_grid_reg","2","0.243000000","1.590000000","1.833000000","0.867430442","SLICE_X89Y9","SLICE_X85Y7","","","SIGNATURE_SKIPPED|FDCE|FDCE","SIGNATURE_SKIPPED|FDCE|FDCE","DUT_INTERNAL","u_dut/u_bounded_lfnst_engine/out_group_reg","u_dut/lfnst_grid_reg","0.002000000"
"u_dut/lfnst_grid_reg[8][6]/CE","u_dut/u_bounded_lfnst_engine/out_group_reg[1]/C","-0.002000000","clk","clk","clk","u_dut/u_bounded_lfnst_engine/out_group_reg[1]","FDCE","u_dut/u_bounded_lfnst_engine/out_group_reg","u_dut/lfnst_grid_reg[8][6]","FDCE","u_dut/lfnst_grid_reg","2","0.243000000","1.590000000","1.833000000","0.867430442","SLICE_X89Y9","SLICE_X85Y7","","","SIGNATURE_SKIPPED|FDCE|FDCE","SIGNATURE_SKIPPED|FDCE|FDCE","DUT_INTERNAL","u_dut/u_bounded_lfnst_engine/out_group_reg","u_dut/lfnst_grid_reg","0.002000000"
"u_dut/lfnst_mem_resp_data_q_reg[0]/D","u_dut/rd_cmd_addr_q_reg[1][0][1]/C","-0.147000000","clk","clk","clk","u_dut/rd_cmd_addr_q_reg[1][0][1]","FDCE","u_dut/rd_cmd_addr_q_reg","u_dut/lfnst_mem_resp_data_q_reg[0]","FDCE","u_dut/lfnst_mem_resp_data_q_reg","6","0.587000000","1.500000000","2.087000000","0.718735026","SLICE_X70Y21","SLICE_X70Y19","","","SIGNATURE_SKIPPED|FDCE|FDCE","SIGNATURE_SKIPPED|FDCE|FDCE","DUT_INTERNAL","u_dut/rd_cmd_addr_q_reg","u_dut/lfnst_mem_resp_data_q_reg","0.147000000"
"u_dut/lfnst_mem_resp_data_q_reg[11]/D","u_dut/rd_cmd_addr_q_reg[0][0][0]/C","-0.117000000","clk","clk","clk","u_dut/rd_cmd_addr_q_reg[0][0][0]","FDCE","u_dut/rd_cmd_addr_q_reg","u_dut/lfnst_mem_resp_data_q_reg[11]","FDCE","u_dut/lfnst_mem_resp_data_q_reg","6","0.512000000","1.514000000","2.026000000","0.747285291","SLICE_X75Y16","SLICE_X65Y21","","","SIGNATURE_SKIPPED|FDCE|FDCE","SIGNATURE_SKIPPED|FDCE|FDCE","DUT_INTERNAL","u_dut/rd_cmd_addr_q_reg","u_dut/lfnst_mem_resp_data_q_reg","0.117000000"
"u_dut/lfnst_mem_resp_data_q_reg[12]/D","u_dut/rd_cmd_addr_q_reg[1][0][1]/C","-0.130000000","clk","clk","clk","u_dut/rd_cmd_addr_q_reg[1][0][1]","FDCE","u_dut/rd_cmd_addr_q_reg","u_dut/lfnst_mem_resp_data_q_reg[12]","FDCE","u_dut/lfnst_mem_resp_data_q_reg","6","0.487000000","1.579000000","2.066000000","0.764278800","SLICE_X70Y21","SLICE_X69Y18","","","SIGNATURE_SKIPPED|FDCE|FDCE","SIGNATURE_SKIPPED|FDCE|FDCE","DUT_INTERNAL","u_dut/rd_cmd_addr_q_reg","u_dut/lfnst_mem_resp_data_q_reg","0.130000000"
"u_dut/lfnst_mem_resp_data_q_reg[13]/D","u_dut/rd_cmd_addr_q_reg[0][0][0]/C","-0.114000000","clk","clk","clk","u_dut/rd_cmd_addr_q_reg[0][0][0]","FDCE","u_dut/rd_cmd_addr_q_reg","u_dut/lfnst_mem_resp_data_q_reg[13]","FDCE","u_dut/lfnst_mem_resp_data_q_reg","6","0.474000000","1.558000000","2.032000000","0.766732283","SLICE_X75Y16","SLICE_X65Y11","","","SIGNATURE_SKIPPED|FDCE|FDCE","SIGNATURE_SKIPPED|FDCE|FDCE","DUT_INTERNAL","u_dut/rd_cmd_addr_q_reg","u_dut/lfnst_mem_resp_data_q_reg","0.114000000"
"u_dut/lfnst_mem_resp_data_q_reg[14]/D","u_dut/rd_cmd_addr_q_reg[1][0][1]/C","-0.129000000","clk","clk","clk","u_dut/rd_cmd_addr_q_reg[1][0][1]","FDCE","u_dut/rd_cmd_addr_q_reg","u_dut/lfnst_mem_resp_data_q_reg[14]","FDCE","u_dut/lfnst_mem_resp_data_q_reg","6","0.534000000","1.488000000","2.022000000","0.735905045","SLICE_X70Y21","SLICE_X65Y15","","","SIGNATURE_SKIPPED|FDCE|FDCE","SIGNATURE_SKIPPED|FDCE|FDCE","DUT_INTERNAL","u_dut/rd_cmd_addr_q_reg","u_dut/lfnst_mem_resp_data_q_reg","0.129000000"
"u_dut/lfnst_mem_resp_data_q_reg[15]/D","u_dut/rd_cmd_addr_q_reg[1][0][1]/C","-0.132000000","clk","clk","clk","u_dut/rd_cmd_addr_q_reg[1][0][1]","FDCE","u_dut/rd_cmd_addr_q_reg","u_dut/lfnst_mem_resp_data_q_reg[15]","FDCE","u_dut/lfnst_mem_resp_data_q_reg","6","0.569000000","1.504000000","2.073000000","0.725518572","SLICE_X70Y21","SLICE_X70Y16","","","SIGNATURE_SKIPPED|FDCE|FDCE","SIGNATURE_SKIPPED|FDCE|FDCE","DUT_INTERNAL","u_dut/rd_cmd_addr_q_reg","u_dut/lfnst_mem_resp_data_q_reg","0.132000000"
"u_dut/lfnst_mem_resp_data_q_reg[1]/D","u_dut/rd_cmd_addr_q_reg[1][0][1]/C","-0.128000000","clk","clk","clk","u_dut/rd_cmd_addr_q_reg[1][0][1]","FDCE","u_dut/rd_cmd_addr_q_reg","u_dut/lfnst_mem_resp_data_q_reg[1]","FDCE","u_dut/lfnst_mem_resp_data_q_reg","6","0.576000000","1.442000000","2.018000000","0.714568880","SLICE_X70Y21","SLICE_X71Y21","","","SIGNATURE_SKIPPED|FDCE|FDCE","SIGNATURE_SKIPPED|FDCE|FDCE","DUT_INTERNAL","u_dut/rd_cmd_addr_q_reg","u_dut/lfnst_mem_resp_data_q_reg","0.128000000"
"u_dut/lfnst_mem_resp_data_q_reg[2]/D","u_dut/rd_cmd_addr_q_reg[0][0][0]/C","-0.147000000","clk","clk","clk","u_dut/rd_cmd_addr_q_reg[0][0][0]","FDCE","u_dut/rd_cmd_addr_q_reg","u_dut/lfnst_mem_resp_data_q_reg[2]","FDCE","u_dut/lfnst_mem_resp_data_q_reg","6","0.440000000","1.611000000","2.051000000","0.785470502","SLICE_X75Y16","SLICE_X68Y15","","","SIGNATURE_SKIPPED|FDCE|FDCE","SIGNATURE_SKIPPED|FDCE|FDCE","DUT_INTERNAL","u_dut/rd_cmd_addr_q_reg","u_dut/lfnst_mem_resp_data_q_reg","0.147000000"
"u_dut/lfnst_mem_resp_data_q_reg[3]/D","u_dut/rd_cmd_addr_q_reg[0][0][0]/C","-0.151000000","clk","clk","clk","u_dut/rd_cmd_addr_q_reg[0][0][0]","FDCE","u_dut/rd_cmd_addr_q_reg","u_dut/lfnst_mem_resp_data_q_reg[3]","FDCE","u_dut/lfnst_mem_resp_data_q_reg","6","0.529000000","1.537000000","2.066000000","0.743949661","SLICE_X75Y16","SLICE_X65Y20","","","SIGNATURE_SKIPPED|FDCE|FDCE","SIGNATURE_SKIPPED|FDCE|FDCE","DUT_INTERNAL","u_dut/rd_cmd_addr_q_reg","u_dut/lfnst_mem_resp_data_q_reg","0.151000000"
"u_dut/lfnst_mem_resp_data_q_reg[4]/D","u_dut/rd_cmd_addr_q_reg[1][0][1]/C","-0.148000000","clk","clk","clk","u_dut/rd_cmd_addr_q_reg[1][0][1]","FDCE","u_dut/rd_cmd_addr_q_reg","u_dut/lfnst_mem_resp_data_q_reg[4]","FDCE","u_dut/lfnst_mem_resp_data_q_reg","6","0.530000000","1.557000000","2.087000000","0.746046957","SLICE_X70Y21","SLICE_X70Y19","","","SIGNATURE_SKIPPED|FDCE|FDCE","SIGNATURE_SKIPPED|FDCE|FDCE","DUT_INTERNAL","u_dut/rd_cmd_addr_q_reg","u_dut/lfnst_mem_resp_data_q_reg","0.148000000"
"u_dut/lfnst_mem_resp_data_q_reg[5]/D","u_dut/rd_cmd_addr_q_reg[1][0][1]/C","-0.124000000","clk","clk","clk","u_dut/rd_cmd_addr_q_reg[1][0][1]","FDCE","u_dut/rd_cmd_addr_q_reg","u_dut/lfnst_mem_resp_data_q_reg[5]","FDCE","u_dut/lfnst_mem_resp_data_q_reg","6","0.528000000","1.524000000","2.052000000","0.742690058","SLICE_X70Y21","SLICE_X68Y17","","","SIGNATURE_SKIPPED|FDCE|FDCE","SIGNATURE_SKIPPED|FDCE|FDCE","DUT_INTERNAL","u_dut/rd_cmd_addr_q_reg","u_dut/lfnst_mem_resp_data_q_reg","0.124000000"
"u_dut/lfnst_mem_resp_data_q_reg[6]/D","u_dut/rd_cmd_addr_q_reg[0][0][0]/C","-0.132000000","clk","clk","clk","u_dut/rd_cmd_addr_q_reg[0][0][0]","FDCE","u_dut/rd_cmd_addr_q_reg","u_dut/lfnst_mem_resp_data_q_reg[6]","FDCE","u_dut/lfnst_mem_resp_data_q_reg","6","0.546000000","1.490000000","2.036000000","0.731827112","SLICE_X75Y16","SLICE_X68Y15","","","SIGNATURE_SKIPPED|FDCE|FDCE","SIGNATURE_SKIPPED|FDCE|FDCE","DUT_INTERNAL","u_dut/rd_cmd_addr_q_reg","u_dut/lfnst_mem_resp_data_q_reg","0.132000000"
"u_dut/lfnst_mem_resp_data_q_reg[7]/D","u_dut/rd_cmd_addr_q_reg[0][0][2]/C","-0.142000000","clk","clk","clk","u_dut/rd_cmd_addr_q_reg[0][0][2]","FDCE","u_dut/rd_cmd_addr_q_reg","u_dut/lfnst_mem_resp_data_q_reg[7]","FDCE","u_dut/lfnst_mem_resp_data_q_reg","6","0.519000000","1.546000000","2.065000000","0.748668281","SLICE_X75Y16","SLICE_X65Y10","","","SIGNATURE_SKIPPED|FDCE|FDCE","SIGNATURE_SKIPPED|FDCE|FDCE","DUT_INTERNAL","u_dut/rd_cmd_addr_q_reg","u_dut/lfnst_mem_resp_data_q_reg","0.142000000"
"u_dut/lfnst_mem_resp_data_q_reg[8]/D","u_dut/rd_cmd_addr_q_reg[1][0][3]/C","-0.147000000","clk","clk","clk","u_dut/rd_cmd_addr_q_reg[1][0][3]","FDCE","u_dut/rd_cmd_addr_q_reg","u_dut/lfnst_mem_resp_data_q_reg[8]","FDCE","u_dut/lfnst_mem_resp_data_q_reg","6","0.563000000","1.484000000","2.047000000","0.724963361","SLICE_X69Y23","SLICE_X65Y14","","","SIGNATURE_SKIPPED|FDCE|FDCE","SIGNATURE_SKIPPED|FDCE|FDCE","DUT_INTERNAL","u_dut/rd_cmd_addr_q_reg","u_dut/lfnst_mem_resp_data_q_reg","0.147000000"
"u_dut/lfnst_mem_resp_data_q_reg[9]/D","u_dut/rd_cmd_addr_q_reg[0][0][2]/C","-0.147000000","clk","clk","clk","u_dut/rd_cmd_addr_q_reg[0][0][2]","FDCE","u_dut/rd_cmd_addr_q_reg","u_dut/lfnst_mem_resp_data_q_reg[9]","FDCE","u_dut/lfnst_mem_resp_data_q_reg","6","0.507000000","1.547000000","2.054000000","0.753164557","SLICE_X75Y16","SLICE_X63Y23","","","SIGNATURE_SKIPPED|FDCE|FDCE","SIGNATURE_SKIPPED|FDCE|FDCE","DUT_INTERNAL","u_dut/rd_cmd_addr_q_reg","u_dut/lfnst_mem_resp_data_q_reg","0.147000000"
"u_dut/lfnst_mem_resp_valid_q_reg/D","u_dut/rd_cmd_addr_q_reg[0][0][2]/C","-0.128000000","clk","clk","clk","u_dut/rd_cmd_addr_q_reg[0][0][2]","FDCE","u_dut/rd_cmd_addr_q_reg","u_dut/lfnst_mem_resp_valid_q_reg","FDCE","u_dut/lfnst_mem_resp_valid_q_reg","6","0.485000000","1.548000000","2.033000000","0.761436301","SLICE_X75Y16","SLICE_X69Y16","","","SIGNATURE_SKIPPED|FDCE|FDCE","SIGNATURE_SKIPPED|FDCE|FDCE","DUT_INTERNAL","u_dut/rd_cmd_addr_q_reg","u_dut/lfnst_mem_resp_valid_q_reg","0.128000000"
"u_dut/lfnst_ntrs48_q_reg_rep__0/D","u_dut/output_active_reg_replica/C","-0.048000000","clk","clk","clk","u_dut/output_active_reg_replica","FDCE","u_dut/output_active_reg_replica","u_dut/lfnst_ntrs48_q_reg_rep__0","FDCE","u_dut/lfnst_ntrs48_q_reg_rep__0","4","0.570000000","1.364000000","1.934000000","0.705274043","SLICE_X78Y21","SLICE_X76Y20","","","SIGNATURE_SKIPPED|FDCE|FDCE","SIGNATURE_SKIPPED|FDCE|FDCE","DUT_INTERNAL","u_dut/output_active_reg_replica","u_dut/lfnst_ntrs48_q_reg_rep__0","0.048000000"
"u_dut/output_active_reg/D","u_dut/output_active_reg_replica_1/C","-0.068000000","clk","clk","clk","u_dut/output_active_reg_replica_1","FDCE","u_dut/output_active_reg_replica_1","u_dut/output_active_reg","FDCE","u_dut/output_active_reg","4","0.387000000","1.587000000","1.974000000","0.803951368","SLICE_X75Y31","SLICE_X76Y21","","","SIGNATURE_SKIPPED|FDCE|FDCE","SIGNATURE_SKIPPED|FDCE|FDCE","DUT_INTERNAL","u_dut/output_active_reg_replica_1","u_dut/output_active_reg","0.068000000"
"u_dut/output_active_reg_replica/D","u_dut/output_active_reg_replica_1/C","-0.040000000","clk","clk","clk","u_dut/output_active_reg_replica_1","FDCE","u_dut/output_active_reg_replica_1","u_dut/output_active_reg_replica","FDCE","u_dut/output_active_reg_replica","4","0.387000000","1.564000000","1.951000000","0.801640185","SLICE_X75Y31","SLICE_X78Y21","","","SIGNATURE_SKIPPED|FDCE|FDCE","SIGNATURE_SKIPPED|FDCE|FDCE","DUT_INTERNAL","u_dut/output_active_reg_replica_1","u_dut/output_active_reg_replica","0.040000000"
"u_dut/output_index_reg[0]_replica_1/D","u_dut/output_active_reg_replica_1/C","-0.059000000","clk","clk","clk","u_dut/output_active_reg_replica_1","FDCE","u_dut/output_active_reg_replica_1","u_dut/output_index_reg[0]_replica_1","FDCE","u_dut/output_index_reg_replica_1","4","0.386000000","1.604000000","1.990000000","0.806030151","SLICE_X75Y31","SLICE_X63Y45","","","SIGNATURE_SKIPPED|FDCE|FDCE","SIGNATURE_SKIPPED|FDCE|FDCE","DUT_INTERNAL","u_dut/output_active_reg_replica_1","u_dut/output_index_reg_replica_1","0.059000000"
"u_dut/output_index_reg[0]_replica_3/D","u_dut/output_active_reg_replica_1/C","-0.059000000","clk","clk","clk","u_dut/output_active_reg_replica_1","FDCE","u_dut/output_active_reg_replica_1","u_dut/output_index_reg[0]_replica_3","FDCE","u_dut/output_index_reg_replica_3","4","0.386000000","1.613000000","1.999000000","0.806903452","SLICE_X75Y31","SLICE_X74Y63","","","SIGNATURE_SKIPPED|FDCE|FDCE","SIGNATURE_SKIPPED|FDCE|FDCE","DUT_INTERNAL","u_dut/output_active_reg_replica_1","u_dut/output_index_reg_replica_3","0.059000000"
"u_dut/output_index_reg[1]_replica/D","u_dut/slot_state_reg[1][2]/C","-0.007000000","clk","clk","clk","u_dut/slot_state_reg[1][2]","FDCE","u_dut/slot_state_reg","u_dut/output_index_reg[1]_replica","FDCE","u_dut/output_index_reg_replica","3","0.389000000","1.522000000","1.911000000","0.796441654","SLICE_X80Y21","SLICE_X80Y41","","","SIGNATURE_SKIPPED|FDCE|FDCE","SIGNATURE_SKIPPED|FDCE|FDCE","DUT_INTERNAL","u_dut/slot_state_reg","u_dut/output_index_reg_replica","0.007000000"
"u_dut/output_index_reg[1]_replica_5/D","u_dut/slot_state_reg[1][2]/C","-0.065000000","clk","clk","clk","u_dut/slot_state_reg[1][2]","FDCE","u_dut/slot_state_reg","u_dut/output_index_reg[1]_replica_5","FDCE","u_dut/output_index_reg_replica_5","3","0.389000000","1.643000000","2.032000000","0.808562992","SLICE_X80Y21","SLICE_X64Y51","","","SIGNATURE_SKIPPED|FDCE|FDCE","SIGNATURE_SKIPPED|FDCE|FDCE","DUT_INTERNAL","u_dut/slot_state_reg","u_dut/output_index_reg_replica_5","0.065000000"
"u_dut/output_index_reg[2]_replica_1/D","u_dut/slot_state_reg[1][2]/C","-0.034000000","clk","clk","clk","u_dut/slot_state_reg[1][2]","FDCE","u_dut/slot_state_reg","u_dut/output_index_reg[2]_replica_1","FDCE","u_dut/output_index_reg_replica_1","3","0.350000000","1.646000000","1.996000000","0.824649299","SLICE_X80Y21","SLICE_X65Y44","","","SIGNATURE_SKIPPED|FDCE|FDCE","SIGNATURE_SKIPPED|FDCE|FDCE","DUT_INTERNAL","u_dut/slot_state_reg","u_dut/output_index_reg_replica_1","0.034000000"
"u_dut/output_index_reg[2]_replica_6/D","u_dut/slot_state_reg[1][2]/C","-0.061000000","clk","clk","clk","u_dut/slot_state_reg[1][2]","FDCE","u_dut/slot_state_reg","u_dut/output_index_reg[2]_replica_6","FDCE","u_dut/output_index_reg_replica_6","3","0.350000000","1.668000000","2.018000000","0.826560951","SLICE_X80Y21","SLICE_X68Y52","","","SIGNATURE_SKIPPED|FDCE|FDCE","SIGNATURE_SKIPPED|FDCE|FDCE","DUT_INTERNAL","u_dut/slot_state_reg","u_dut/output_index_reg_replica_6","0.061000000"
"u_dut/output_index_reg[3]_replica_8/D","u_dut/output_active_reg_replica_1/C","-0.042000000","clk","clk","clk","u_dut/output_active_reg_replica_1","FDCE","u_dut/output_active_reg_replica_1","u_dut/output_index_reg[3]_replica_8","FDCE","u_dut/output_index_reg_replica_8","4","0.347000000","1.632000000","1.979000000","0.824658919","SLICE_X75Y31","SLICE_X69Y52","","","SIGNATURE_SKIPPED|FDCE|FDCE","SIGNATURE_SKIPPED|FDCE|FDCE","DUT_INTERNAL","u_dut/output_active_reg_replica_1","u_dut/output_index_reg_replica_8","0.042000000"
"u_dut/output_index_reg[4]_replica_2/D","u_dut/output_active_reg_replica_1/C","-0.032000000","clk","clk","clk","u_dut/output_active_reg_replica_1","FDCE","u_dut/output_active_reg_replica_1","u_dut/output_index_reg[4]_replica_2","FDCE","u_dut/output_index_reg_replica_2","4","0.387000000","1.577000000","1.964000000","0.802953157","SLICE_X75Y31","SLICE_X63Y45","","","SIGNATURE_SKIPPED|FDCE|FDCE","SIGNATURE_SKIPPED|FDCE|FDCE","DUT_INTERNAL","u_dut/output_active_reg_replica_1","u_dut/output_index_reg_replica_2","0.032000000"
"u_dut/output_index_reg[4]_replica_3/D","u_dut/output_active_reg_replica_1/C","-0.121000000","clk","clk","clk","u_dut/output_active_reg_replica_1","FDCE","u_dut/output_active_reg_replica_1","u_dut/output_index_reg[4]_replica_3","FDCE","u_dut/output_index_reg_replica_3","4","0.387000000","1.668000000","2.055000000","0.811678832","SLICE_X75Y31","SLICE_X71Y48","","","SIGNATURE_SKIPPED|FDCE|FDCE","SIGNATURE_SKIPPED|FDCE|FDCE","DUT_INTERNAL","u_dut/output_active_reg_replica_1","u_dut/output_index_reg_replica_3","0.121000000"
"u_dut/output_index_reg[4]_replica_4/D","u_dut/output_active_reg_replica_1/C","-0.054000000","clk","clk","clk","u_dut/output_active_reg_replica_1","FDCE","u_dut/output_active_reg_replica_1","u_dut/output_index_reg[4]_replica_4","FDCE","u_dut/output_index_reg_replica_4","4","0.387000000","1.580000000","1.967000000","0.803253686","SLICE_X75Y31","SLICE_X73Y53","","","SIGNATURE_SKIPPED|FDCE|FDCE","SIGNATURE_SKIPPED|FDCE|FDCE","DUT_INTERNAL","u_dut/output_active_reg_replica_1","u_dut/output_index_reg_replica_4","0.054000000"
"u_dut/output_index_reg[4]_replica_5/D","u_dut/output_active_reg_replica_1/C","-0.071000000","clk","clk","clk","u_dut/output_active_reg_replica_1","FDCE","u_dut/output_active_reg_replica_1","u_dut/output_index_reg[4]_replica_5","FDCE","u_dut/output_index_reg_replica_5","4","0.387000000","1.604000000","1.991000000","0.805625314","SLICE_X75Y31","SLICE_X72Y44","","","SIGNATURE_SKIPPED|FDCE|FDCE","SIGNATURE_SKIPPED|FDCE|FDCE","DUT_INTERNAL","u_dut/output_active_reg_replica_1","u_dut/output_index_reg_replica_5","0.071000000"
"u_dut/output_index_reg[4]_replica_6/D","u_dut/output_active_reg_replica_1/C","-0.103000000","clk","clk","clk","u_dut/output_active_reg_replica_1","FDCE","u_dut/output_active_reg_replica_1","u_dut/output_index_reg[4]_replica_6","FDCE","u_dut/output_index_reg_replica_6","4","0.387000000","1.660000000","2.047000000","0.810942843","SLICE_X75Y31","SLICE_X64Y51","","","SIGNATURE_SKIPPED|FDCE|FDCE","SIGNATURE_SKIPPED|FDCE|FDCE","DUT_INTERNAL","u_dut/output_active_reg_replica_1","u_dut/output_index_reg_replica_6","0.103000000"
"u_dut/output_index_reg[4]_replica_7/D","u_dut/output_active_reg_replica_1/C","-0.101000000","clk","clk","clk","u_dut/output_active_reg_replica_1","FDCE","u_dut/output_active_reg_replica_1","u_dut/output_index_reg[4]_replica_7","FDCE","u_dut/output_index_reg_replica_7","4","0.387000000","1.651000000","2.038000000","0.810107949","SLICE_X75Y31","SLICE_X69Y52","","","SIGNATURE_SKIPPED|FDCE|FDCE","SIGNATURE_SKIPPED|FDCE|FDCE","DUT_INTERNAL","u_dut/output_active_reg_replica_1","u_dut/output_index_reg_replica_7","0.101000000"
"u_dut/output_index_reg[4]_replica_8/D","u_dut/output_active_reg_replica_1/C","-0.014000000","clk","clk","clk","u_dut/output_active_reg_replica_1","FDCE","u_dut/output_active_reg_replica_1","u_dut/output_index_reg[4]_replica_8","FDCE","u_dut/output_index_reg_replica_8","4","0.387000000","1.550000000","1.937000000","0.800206505","SLICE_X75Y31","SLICE_X72Y53","","","SIGNATURE_SKIPPED|FDCE|FDCE","SIGNATURE_SKIPPED|FDCE|FDCE","DUT_INTERNAL","u_dut/output_active_reg_replica_1","u_dut/output_index_reg_replica_8","0.014000000"
"u_dut/output_index_reg[5]_replica_4/D","u_dut/slot_state_reg[1][2]/C","-0.032000000","clk","clk","clk","u_dut/slot_state_reg[1][2]","FDCE","u_dut/slot_state_reg","u_dut/output_index_reg[5]_replica_4","FDCE","u_dut/output_index_reg_replica_4","3","0.389000000","1.587000000","1.976000000","0.803137652","SLICE_X80Y21","SLICE_X74Y53","","","SIGNATURE_SKIPPED|FDCE|FDCE","SIGNATURE_SKIPPED|FDCE|FDCE","DUT_INTERNAL","u_dut/slot_state_reg","u_dut/output_index_reg_replica_4","0.032000000"
"u_dut/output_index_reg[5]_replica_7/D","u_dut/slot_state_reg[1][2]/C","-0.087000000","clk","clk","clk","u_dut/slot_state_reg[1][2]","FDCE","u_dut/slot_state_reg","u_dut/output_index_reg[5]_replica_7","FDCE","u_dut/output_index_reg_replica_7","3","0.389000000","1.657000000","2.046000000","0.809872923","SLICE_X80Y21","SLICE_X67Y54","","","SIGNATURE_SKIPPED|FDCE|FDCE","SIGNATURE_SKIPPED|FDCE|FDCE","DUT_INTERNAL","u_dut/slot_state_reg","u_dut/output_index_reg_replica_7","0.087000000"
"u_dut/rd_cmd_addr_q_reg[0][0][0]_replica_5/CE","u_dut/u_unified_p4_kernel/reserved_groups_q_reg[5]/C","-0.033000000","clk","clk","clk","u_dut/u_unified_p4_kernel/reserved_groups_q_reg[5]","FDCE","u_dut/u_unified_p4_kernel/reserved_groups_q_reg","u_dut/rd_cmd_addr_q_reg[0][0][0]_replica_5","FDCE","u_dut/rd_cmd_addr_q_reg_replica_5","5","0.407000000","1.450000000","1.857000000","0.780829295","SLICE_X68Y30","SLICE_X69Y27","","","SIGNATURE_SKIPPED|FDCE|FDCE","SIGNATURE_SKIPPED|FDCE|FDCE","DUT_INTERNAL","u_dut/u_unified_p4_kernel/reserved_groups_q_reg","u_dut/rd_cmd_addr_q_reg_replica_5","0.033000000"
"u_dut/rd_cmd_addr_q_reg[0][0][0]_replica_8/CE","u_dut/u_unified_p4_kernel/reserved_groups_q_reg[5]/C","-0.033000000","clk","clk","clk","u_dut/u_unified_p4_kernel/reserved_groups_q_reg[5]","FDCE","u_dut/u_unified_p4_kernel/reserved_groups_q_reg","u_dut/rd_cmd_addr_q_reg[0][0][0]_replica_8","FDCE","u_dut/rd_cmd_addr_q_reg_replica_8","5","0.407000000","1.450000000","1.857000000","0.780829295","SLICE_X68Y30","SLICE_X69Y27","","","SIGNATURE_SKIPPED|FDCE|FDCE","SIGNATURE_SKIPPED|FDCE|FDCE","DUT_INTERNAL","u_dut/u_unified_p4_kernel/reserved_groups_q_reg","u_dut/rd_cmd_addr_q_reg_replica_8","0.033000000"
"u_dut/rd_cmd_addr_q_reg[0][0][1]/CE","u_dut/u_unified_p4_kernel/reserved_groups_q_reg[5]/C","-0.033000000","clk","clk","clk","u_dut/u_unified_p4_kernel/reserved_groups_q_reg[5]","FDCE","u_dut/u_unified_p4_kernel/reserved_groups_q_reg","u_dut/rd_cmd_addr_q_reg[0][0][1]","FDCE","u_dut/rd_cmd_addr_q_reg","5","0.407000000","1.449000000","1.856000000","0.780711207","SLICE_X68Y30","SLICE_X70Y27","","","SIGNATURE_SKIPPED|FDCE|FDCE","SIGNATURE_SKIPPED|FDCE|FDCE","DUT_INTERNAL","u_dut/u_unified_p4_kernel/reserved_groups_q_reg","u_dut/rd_cmd_addr_q_reg","0.033000000"
"u_dut/rd_cmd_addr_q_reg[0][0][1]_replica_10/CE","u_dut/u_unified_p4_kernel/reserved_groups_q_reg[5]/C","-0.028000000","clk","clk","clk","u_dut/u_unified_p4_kernel/reserved_groups_q_reg[5]","FDCE","u_dut/u_unified_p4_kernel/reserved_groups_q_reg","u_dut/rd_cmd_addr_q_reg[0][0][1]_replica_10","FDCE","u_dut/rd_cmd_addr_q_reg_replica_10","5","0.407000000","1.431000000","1.838000000","0.778563656","SLICE_X68Y30","SLICE_X70Y29","","","SIGNATURE_SKIPPED|FDCE|FDCE","SIGNATURE_SKIPPED|FDCE|FDCE","DUT_INTERNAL","u_dut/u_unified_p4_kernel/reserved_groups_q_reg","u_dut/rd_cmd_addr_q_reg_replica_10","0.028000000"
"u_dut/rd_cmd_addr_q_reg[0][0][2]_replica/CE","u_dut/u_unified_p4_kernel/reserved_groups_q_reg[5]/C","-0.033000000","clk","clk","clk","u_dut/u_unified_p4_kernel/reserved_groups_q_reg[5]","FDCE","u_dut/u_unified_p4_kernel/reserved_groups_q_reg","u_dut/rd_cmd_addr_q_reg[0][0][2]_replica","FDCE","u_dut/rd_cmd_addr_q_reg_replica","5","0.407000000","1.449000000","1.856000000","0.780711207","SLICE_X68Y30","SLICE_X70Y27","","","SIGNATURE_SKIPPED|FDCE|FDCE","SIGNATURE_SKIPPED|FDCE|FDCE","DUT_INTERNAL","u_dut/u_unified_p4_kernel/reserved_groups_q_reg","u_dut/rd_cmd_addr_q_reg_replica","0.033000000"
"u_dut/rd_cmd_addr_q_reg[0][0][3]_replica/CE","u_dut/u_unified_p4_kernel/reserved_groups_q_reg[5]/C","-0.053000000","clk","clk","clk","u_dut/u_unified_p4_kernel/reserved_groups_q_reg[5]","FDCE","u_dut/u_unified_p4_kernel/reserved_groups_q_reg","u_dut/rd_cmd_addr_q_reg[0][0][3]_replica","FDCE","u_dut/rd_cmd_addr_q_reg_replica","5","0.407000000","1.454000000","1.861000000","0.781300376","SLICE_X68Y30","SLICE_X79Y17","","","SIGNATURE_SKIPPED|FDCE|FDCE","SIGNATURE_SKIPPED|FDCE|FDCE","DUT_INTERNAL","u_dut/u_unified_p4_kernel/reserved_groups_q_reg","u_dut/rd_cmd_addr_q_reg_replica","0.053000000"
"u_dut/rd_cmd_addr_q_reg[0][0][6]/CE","u_dut/u_unified_p4_kernel/reserved_groups_q_reg[5]/C","-0.033000000","clk","clk","clk","u_dut/u_unified_p4_kernel/reserved_groups_q_reg[5]","FDCE","u_dut/u_unified_p4_kernel/reserved_groups_q_reg","u_dut/rd_cmd_addr_q_reg[0][0][6]","FDCE","u_dut/rd_cmd_addr_q_reg","5","0.407000000","1.449000000","1.856000000","0.780711207","SLICE_X68Y30","SLICE_X70Y27","","","SIGNATURE_SKIPPED|FDCE|FDCE","SIGNATURE_SKIPPED|FDCE|FDCE","DUT_INTERNAL","u_dut/u_unified_p4_kernel/reserved_groups_q_reg","u_dut/rd_cmd_addr_q_reg","0.033000000"
"u_dut/rd_cmd_addr_q_reg[0][0][7]/CE","u_dut/u_unified_p4_kernel/reserved_groups_q_reg[5]/C","-0.028000000","clk","clk","clk","u_dut/u_unified_p4_kernel/reserved_groups_q_reg[5]","FDCE","u_dut/u_unified_p4_kernel/reserved_groups_q_reg","u_dut/rd_cmd_addr_q_reg[0][0][7]","FDCE","u_dut/rd_cmd_addr_q_reg","5","0.407000000","1.431000000","1.838000000","0.778563656","SLICE_X68Y30","SLICE_X70Y29","","","SIGNATURE_SKIPPED|FDCE|FDCE","SIGNATURE_SKIPPED|FDCE|FDCE","DUT_INTERNAL","u_dut/u_unified_p4_kernel/reserved_groups_q_reg","u_dut/rd_cmd_addr_q_reg","0.028000000"
"u_dut/rd_cmd_addr_q_reg[0][1][6]/CE","u_dut/u_unified_p4_kernel/reserved_groups_q_reg[5]/C","-0.033000000","clk","clk","clk","u_dut/u_unified_p4_kernel/reserved_groups_q_reg[5]","FDCE","u_dut/u_unified_p4_kernel/reserved_groups_q_reg","u_dut/rd_cmd_addr_q_reg[0][1][6]","FDCE","u_dut/rd_cmd_addr_q_reg","5","0.407000000","1.450000000","1.857000000","0.780829295","SLICE_X68Y30","SLICE_X70Y27","","","SIGNATURE_SKIPPED|FDCE|FDCE","SIGNATURE_SKIPPED|FDCE|FDCE","DUT_INTERNAL","u_dut/u_unified_p4_kernel/reserved_groups_q_reg","u_dut/rd_cmd_addr_q_reg","0.033000000"
"u_dut/rd_cmd_addr_q_reg[0][1][7]/CE","u_dut/u_unified_p4_kernel/reserved_groups_q_reg[5]/C","-0.028000000","clk","clk","clk","u_dut/u_unified_p4_kernel/reserved_groups_q_reg[5]","FDCE","u_dut/u_unified_p4_kernel/reserved_groups_q_reg","u_dut/rd_cmd_addr_q_reg[0][1][7]","FDCE","u_dut/rd_cmd_addr_q_reg","5","0.407000000","1.431000000","1.838000000","0.778563656","SLICE_X68Y30","SLICE_X70Y29","","","SIGNATURE_SKIPPED|FDCE|FDCE","SIGNATURE_SKIPPED|FDCE|FDCE","DUT_INTERNAL","u_dut/u_unified_p4_kernel/reserved_groups_q_reg","u_dut/rd_cmd_addr_q_reg","0.028000000"
"u_dut/rd_cmd_addr_q_reg[1][0][0]_replica_3/CE","u_dut/u_unified_p4_kernel/reserved_groups_q_reg[5]/C","-0.016000000","clk","clk","clk","u_dut/u_unified_p4_kernel/reserved_groups_q_reg[5]","FDCE","u_dut/u_unified_p4_kernel/reserved_groups_q_reg","u_dut/rd_cmd_addr_q_reg[1][0][0]_replica_3","FDCE","u_dut/rd_cmd_addr_q_reg_replica_3","5","0.407000000","1.440000000","1.847000000","0.779642664","SLICE_X68Y30","SLICE_X66Y23","","","SIGNATURE_SKIPPED|FDCE|FDCE","SIGNATURE_SKIPPED|FDCE|FDCE","DUT_INTERNAL","u_dut/u_unified_p4_kernel/reserved_groups_q_reg","u_dut/rd_cmd_addr_q_reg_replica_3","0.016000000"
"u_dut/rd_cmd_addr_q_reg[1][0][6]/CE","u_dut/u_unified_p4_kernel/reserved_groups_q_reg[5]/C","-0.025000000","clk","clk","clk","u_dut/u_unified_p4_kernel/reserved_groups_q_reg[5]","FDCE","u_dut/u_unified_p4_kernel/reserved_groups_q_reg","u_dut/rd_cmd_addr_q_reg[1][0][6]","FDCE","u_dut/rd_cmd_addr_q_reg","5","0.407000000","1.435000000","1.842000000","0.779044517","SLICE_X68Y30","SLICE_X70Y31","","","SIGNATURE_SKIPPED|FDCE|FDCE","SIGNATURE_SKIPPED|FDCE|FDCE","DUT_INTERNAL","u_dut/u_unified_p4_kernel/reserved_groups_q_reg","u_dut/rd_cmd_addr_q_reg","0.025000000"
"u_dut/rd_cmd_addr_q_reg[1][0][9]/CE","u_dut/u_unified_p4_kernel/reserved_groups_q_reg[5]/C","-0.028000000","clk","clk","clk","u_dut/u_unified_p4_kernel/reserved_groups_q_reg[5]","FDCE","u_dut/u_unified_p4_kernel/reserved_groups_q_reg","u_dut/rd_cmd_addr_q_reg[1][0][9]","FDCE","u_dut/rd_cmd_addr_q_reg","5","0.407000000","1.432000000","1.839000000","0.778684067","SLICE_X68Y30","SLICE_X70Y29","","","SIGNATURE_SKIPPED|FDCE|FDCE","SIGNATURE_SKIPPED|FDCE|FDCE","DUT_INTERNAL","u_dut/u_unified_p4_kernel/reserved_groups_q_reg","u_dut/rd_cmd_addr_q_reg","0.028000000"
"u_dut/rd_cmd_addr_q_reg[1][1][6]/CE","u_dut/u_unified_p4_kernel/reserved_groups_q_reg[5]/C","-0.025000000","clk","clk","clk","u_dut/u_unified_p4_kernel/reserved_groups_q_reg[5]","FDCE","u_dut/u_unified_p4_kernel/reserved_groups_q_reg","u_dut/rd_cmd_addr_q_reg[1][1][6]","FDCE","u_dut/rd_cmd_addr_q_reg","5","0.407000000","1.436000000","1.843000000","0.779164406","SLICE_X68Y30","SLICE_X70Y31","","","SIGNATURE_SKIPPED|FDCE|FDCE","SIGNATURE_SKIPPED|FDCE|FDCE","DUT_INTERNAL","u_dut/u_unified_p4_kernel/reserved_groups_q_reg","u_dut/rd_cmd_addr_q_reg","0.025000000"
"u_dut/rd_cmd_addr_q_reg[1][1][9]/CE","u_dut/u_unified_p4_kernel/reserved_groups_q_reg[5]/C","-0.028000000","clk","clk","clk","u_dut/u_unified_p4_kernel/reserved_groups_q_reg[5]","FDCE","u_dut/u_unified_p4_kernel/reserved_groups_q_reg","u_dut/rd_cmd_addr_q_reg[1][1][9]","FDCE","u_dut/rd_cmd_addr_q_reg","5","0.407000000","1.432000000","1.839000000","0.778684067","SLICE_X68Y30","SLICE_X70Y29","","","SIGNATURE_SKIPPED|FDCE|FDCE","SIGNATURE_SKIPPED|FDCE|FDCE","DUT_INTERNAL","u_dut/u_unified_p4_kernel/reserved_groups_q_reg","u_dut/rd_cmd_addr_q_reg","0.028000000"
"u_dut/rd_cmd_addr_q_reg[1][2][6]/CE","u_dut/u_unified_p4_kernel/reserved_groups_q_reg[5]/C","-0.025000000","clk","clk","clk","u_dut/u_unified_p4_kernel/reserved_groups_q_reg[5]","FDCE","u_dut/u_unified_p4_kernel/reserved_groups_q_reg","u_dut/rd_cmd_addr_q_reg[1][2][6]","FDCE","u_dut/rd_cmd_addr_q_reg","5","0.407000000","1.435000000","1.842000000","0.779044517","SLICE_X68Y30","SLICE_X70Y31","","","SIGNATURE_SKIPPED|FDCE|FDCE","SIGNATURE_SKIPPED|FDCE|FDCE","DUT_INTERNAL","u_dut/u_unified_p4_kernel/reserved_groups_q_reg","u_dut/rd_cmd_addr_q_reg","0.025000000"
"u_dut/rd_cmd_addr_q_reg[1][3][6]/CE","u_dut/u_unified_p4_kernel/reserved_groups_q_reg[5]/C","-0.025000000","clk","clk","clk","u_dut/u_unified_p4_kernel/reserved_groups_q_reg[5]","FDCE","u_dut/u_unified_p4_kernel/reserved_groups_q_reg","u_dut/rd_cmd_addr_q_reg[1][3][6]","FDCE","u_dut/rd_cmd_addr_q_reg","5","0.407000000","1.436000000","1.843000000","0.779164406","SLICE_X68Y30","SLICE_X70Y31","","","SIGNATURE_SKIPPED|FDCE|FDCE","SIGNATURE_SKIPPED|FDCE|FDCE","DUT_INTERNAL","u_dut/u_unified_p4_kernel/reserved_groups_q_reg","u_dut/rd_cmd_addr_q_reg","0.025000000"
"u_dut/rd_cmd_group_q_reg[3]/CE","u_dut/u_unified_p4_kernel/reserved_groups_q_reg[5]/C","-0.033000000","clk","clk","clk","u_dut/u_unified_p4_kernel/reserved_groups_q_reg[5]","FDCE","u_dut/u_unified_p4_kernel/reserved_groups_q_reg","u_dut/rd_cmd_group_q_reg[3]","FDCE","u_dut/rd_cmd_group_q_reg","5","0.407000000","1.449000000","1.856000000","0.780711207","SLICE_X68Y30","SLICE_X70Y27","","","SIGNATURE_SKIPPED|FDCE|FDCE","SIGNATURE_SKIPPED|FDCE|FDCE","DUT_INTERNAL","u_dut/u_unified_p4_kernel/reserved_groups_q_reg","u_dut/rd_cmd_group_q_reg","0.033000000"
"u_dut/rd_cmd_lfnst_index_q_reg[0]/CE","u_dut/u_unified_p4_kernel/reserved_groups_q_reg[5]/C","-0.028000000","clk","clk","clk","u_dut/u_unified_p4_kernel/reserved_groups_q_reg[5]","FDCE","u_dut/u_unified_p4_kernel/reserved_groups_q_reg","u_dut/rd_cmd_lfnst_index_q_reg[0]","FDCE","u_dut/rd_cmd_lfnst_index_q_reg","5","0.407000000","1.431000000","1.838000000","0.778563656","SLICE_X68Y30","SLICE_X70Y29","","","SIGNATURE_SKIPPED|FDCE|FDCE","SIGNATURE_SKIPPED|FDCE|FDCE","DUT_INTERNAL","u_dut/u_unified_p4_kernel/reserved_groups_q_reg","u_dut/rd_cmd_lfnst_index_q_reg","0.028000000"
"u_dut/rd_cmd_lfnst_index_q_reg[1]/CE","u_dut/u_unified_p4_kernel/reserved_groups_q_reg[5]/C","-0.028000000","clk","clk","clk","u_dut/u_unified_p4_kernel/reserved_groups_q_reg[5]","FDCE","u_dut/u_unified_p4_kernel/reserved_groups_q_reg","u_dut/rd_cmd_lfnst_index_q_reg[1]","FDCE","u_dut/rd_cmd_lfnst_index_q_reg","5","0.407000000","1.432000000","1.839000000","0.778684067","SLICE_X68Y30","SLICE_X70Y29","","","SIGNATURE_SKIPPED|FDCE|FDCE","SIGNATURE_SKIPPED|FDCE|FDCE","DUT_INTERNAL","u_dut/u_unified_p4_kernel/reserved_groups_q_reg","u_dut/rd_cmd_lfnst_index_q_reg","0.028000000"
"u_dut/rd_cmd_lfnst_last_q_reg/CE","u_dut/u_unified_p4_kernel/reserved_groups_q_reg[5]/C","-0.033000000","clk","clk","clk","u_dut/u_unified_p4_kernel/reserved_groups_q_reg[5]","FDCE","u_dut/u_unified_p4_kernel/reserved_groups_q_reg","u_dut/rd_cmd_lfnst_last_q_reg","FDCE","u_dut/rd_cmd_lfnst_last_q_reg","5","0.407000000","1.450000000","1.857000000","0.780829295","SLICE_X68Y30","SLICE_X70Y27","","","SIGNATURE_SKIPPED|FDCE|FDCE","SIGNATURE_SKIPPED|FDCE|FDCE","DUT_INTERNAL","u_dut/u_unified_p4_kernel/reserved_groups_q_reg","u_dut/rd_cmd_lfnst_last_q_reg","0.033000000"
"u_dut/rd_cmd_vector_q_reg[0]/CE","u_dut/u_unified_p4_kernel/reserved_groups_q_reg[5]/C","-0.025000000","clk","clk","clk","u_dut/u_unified_p4_kernel/reserved_groups_q_reg[5]","FDCE","u_dut/u_unified_p4_kernel/reserved_groups_q_reg","u_dut/rd_cmd_vector_q_reg[0]","FDCE","u_dut/rd_cmd_vector_q_reg","5","0.407000000","1.435000000","1.842000000","0.779044517","SLICE_X68Y30","SLICE_X70Y31","","","SIGNATURE_SKIPPED|FDCE|FDCE","SIGNATURE_SKIPPED|FDCE|FDCE","DUT_INTERNAL","u_dut/u_unified_p4_kernel/reserved_groups_q_reg","u_dut/rd_cmd_vector_q_reg","0.025000000"
"u_dut/result_cmd_data_q_reg[3][0]/D","u_dut/u_unified_p4_kernel/fifo_rd_ptr_q_reg[1]/C","-0.042000000","clk","clk","clk","u_dut/u_unified_p4_kernel/fifo_rd_ptr_q_reg[1]","FDCE","u_dut/u_unified_p4_kernel/fifo_rd_ptr_q_reg","u_dut/result_cmd_data_q_reg[3][0]","FDCE","u_dut/result_cmd_data_q_reg","5","0.628000000","1.358000000","1.986000000","0.683786506","SLICE_X62Y42","SLICE_X63Y37","","","SIGNATURE_SKIPPED|FDCE|FDCE","SIGNATURE_SKIPPED|FDCE|FDCE","DUT_INTERNAL","u_dut/u_unified_p4_kernel/fifo_rd_ptr_q_reg","u_dut/result_cmd_data_q_reg","0.042000000"
"u_dut/result_cmd_data_q_reg[3][2]/D","u_dut/u_unified_p4_kernel/fifo_count_q_reg[2]/C","-0.022000000","clk","clk","clk","u_dut/u_unified_p4_kernel/fifo_count_q_reg[2]","FDCE","u_dut/u_unified_p4_kernel/fifo_count_q_reg","u_dut/result_cmd_data_q_reg[3][2]","FDCE","u_dut/result_cmd_data_q_reg","5","0.668000000","1.241000000","1.909000000","0.650078575","SLICE_X69Y36","SLICE_X63Y33","","","SIGNATURE_SKIPPED|FDCE|FDCE","SIGNATURE_SKIPPED|FDCE|FDCE","DUT_INTERNAL","u_dut/u_unified_p4_kernel/fifo_count_q_reg","u_dut/result_cmd_data_q_reg","0.022000000"
"u_dut/result_cmd_data_q_reg[3][4]/D","u_dut/u_unified_p4_kernel/fifo_count_q_reg[2]/C","-0.049000000","clk","clk","clk","u_dut/u_unified_p4_kernel/fifo_count_q_reg[2]","FDCE","u_dut/u_unified_p4_kernel/fifo_count_q_reg","u_dut/result_cmd_data_q_reg[3][4]","FDCE","u_dut/result_cmd_data_q_reg","5","0.692000000","1.244000000","1.936000000","0.642561983","SLICE_X69Y36","SLICE_X63Y33","","","SIGNATURE_SKIPPED|FDCE|FDCE","SIGNATURE_SKIPPED|FDCE|FDCE","DUT_INTERNAL","u_dut/u_unified_p4_kernel/fifo_count_q_reg","u_dut/result_cmd_data_q_reg","0.049000000"
"u_dut/result_cmd_data_q_reg[3][5]/D","u_dut/u_unified_p4_kernel/fifo_count_q_reg[2]/C","-0.018000000","clk","clk","clk","u_dut/u_unified_p4_kernel/fifo_count_q_reg[2]","FDCE","u_dut/u_unified_p4_kernel/fifo_count_q_reg","u_dut/result_cmd_data_q_reg[3][5]","FDCE","u_dut/result_cmd_data_q_reg","5","0.668000000","1.251000000","1.919000000","0.651902032","SLICE_X69Y36","SLICE_X63Y37","","","SIGNATURE_SKIPPED|FDCE|FDCE","SIGNATURE_SKIPPED|FDCE|FDCE","DUT_INTERNAL","u_dut/u_unified_p4_kernel/fifo_count_q_reg","u_dut/result_cmd_data_q_reg","0.018000000"
"u_dut/result_cmd_data_q_reg[3][6]/D","u_dut/u_unified_p4_kernel/fifo_count_q_reg[2]/C","-0.001000000","clk","clk","clk","u_dut/u_unified_p4_kernel/fifo_count_q_reg[2]","FDCE","u_dut/u_unified_p4_kernel/fifo_count_q_reg","u_dut/result_cmd_data_q_reg[3][6]","FDCE","u_dut/result_cmd_data_q_reg","5","0.594000000","1.298000000","1.892000000","0.686046512","SLICE_X69Y36","SLICE_X63Y36","","","SIGNATURE_SKIPPED|FDCE|FDCE","SIGNATURE_SKIPPED|FDCE|FDCE","DUT_INTERNAL","u_dut/u_unified_p4_kernel/fifo_count_q_reg","u_dut/result_cmd_data_q_reg","0.001000000"
"u_dut/result_cmd_data_q_reg[3][8]/D","u_dut/u_unified_p4_kernel/fifo_rd_ptr_q_reg[1]/C","-0.009000000","clk","clk","clk","u_dut/u_unified_p4_kernel/fifo_rd_ptr_q_reg[1]","FDCE","u_dut/u_unified_p4_kernel/fifo_rd_ptr_q_reg","u_dut/result_cmd_data_q_reg[3][8]","FDCE","u_dut/result_cmd_data_q_reg","5","0.678000000","1.265000000","1.943000000","0.651055069","SLICE_X62Y42","SLICE_X63Y36","","","SIGNATURE_SKIPPED|FDCE|FDCE","SIGNATURE_SKIPPED|FDCE|FDCE","DUT_INTERNAL","u_dut/u_unified_p4_kernel/fifo_rd_ptr_q_reg","u_dut/result_cmd_data_q_reg","0.009000000"
"u_dut/slot_state_reg[0][0]/CE","src_it_data_end_q_reg/C","-0.059000000","clk","clk","clk","src_it_data_end_q_reg","FDCE","src_it_data_end_q_reg","u_dut/slot_state_reg[0][0]","FDCE","u_dut/slot_state_reg","3","0.302000000","1.506000000","1.808000000","0.832964602","SLICE_X90Y4","SLICE_X80Y21","","","SIGNATURE_SKIPPED|FDCE|FDCE","SIGNATURE_SKIPPED|FDCE|FDCE","SOURCE_BOUNDARY_TO_DUT","harness/source_boundary","u_dut/slot_state_reg","0.059000000"
"u_dut/slot_state_reg[0][0]_replica/CE","src_it_data_end_q_reg/C","-0.059000000","clk","clk","clk","src_it_data_end_q_reg","FDCE","src_it_data_end_q_reg","u_dut/slot_state_reg[0][0]_replica","FDCE","u_dut/slot_state_reg_replica","3","0.302000000","1.507000000","1.809000000","0.833056938","SLICE_X90Y4","SLICE_X80Y21","","","SIGNATURE_SKIPPED|FDCE|FDCE","SIGNATURE_SKIPPED|FDCE|FDCE","SOURCE_BOUNDARY_TO_DUT","harness/source_boundary","u_dut/slot_state_reg_replica","0.059000000"
"u_dut/slot_state_reg[0][1]/CE","src_it_data_end_q_reg/C","-0.059000000","clk","clk","clk","src_it_data_end_q_reg","FDCE","src_it_data_end_q_reg","u_dut/slot_state_reg[0][1]","FDCE","u_dut/slot_state_reg","3","0.302000000","1.506000000","1.808000000","0.832964602","SLICE_X90Y4","SLICE_X80Y21","","","SIGNATURE_SKIPPED|FDCE|FDCE","SIGNATURE_SKIPPED|FDCE|FDCE","SOURCE_BOUNDARY_TO_DUT","harness/source_boundary","u_dut/slot_state_reg","0.059000000"
"u_dut/slot_state_reg[0][2]/CE","src_it_data_end_q_reg/C","-0.030000000","clk","clk","clk","src_it_data_end_q_reg","FDCE","src_it_data_end_q_reg","u_dut/slot_state_reg[0][2]","FDCE","u_dut/slot_state_reg","3","0.302000000","1.483000000","1.785000000","0.830812325","SLICE_X90Y4","SLICE_X80Y18","","","SIGNATURE_SKIPPED|FDCE|FDCE","SIGNATURE_SKIPPED|FDCE|FDCE","SOURCE_BOUNDARY_TO_DUT","harness/source_boundary","u_dut/slot_state_reg","0.030000000"
"u_dut/slot_state_reg[0][2]_replica/CE","src_it_data_end_q_reg/C","-0.059000000","clk","clk","clk","src_it_data_end_q_reg","FDCE","src_it_data_end_q_reg","u_dut/slot_state_reg[0][2]_replica","FDCE","u_dut/slot_state_reg_replica","3","0.302000000","1.507000000","1.809000000","0.833056938","SLICE_X90Y4","SLICE_X80Y21","","","SIGNATURE_SKIPPED|FDCE|FDCE","SIGNATURE_SKIPPED|FDCE|FDCE","SOURCE_BOUNDARY_TO_DUT","harness/source_boundary","u_dut/slot_state_reg_replica","0.059000000"
"u_dut/u_bounded_lfnst_engine/coeff_bundle_q_reg[35]/D","u_dut/u_bounded_lfnst_engine/coeff_fetch_addr_q_reg_rep[5]_rep__1/C","-0.009000000","clk","clk","clk","u_dut/u_bounded_lfnst_engine/coeff_fetch_addr_q_reg_rep[5]_rep__1","FDCE","u_dut/u_bounded_lfnst_engine/coeff_fetch_addr_q_reg_rep_rep__1","u_dut/u_bounded_lfnst_engine/coeff_bundle_q_reg[35]","FDCE","u_dut/u_bounded_lfnst_engine/coeff_bundle_q_reg","1","0.155000000","1.803000000","1.958000000","0.920837589","SLICE_X54Y8","SLICE_X35Y9","","","SIGNATURE_SKIPPED|FDCE|FDCE","SIGNATURE_SKIPPED|FDCE|FDCE","DUT_INTERNAL","u_dut/u_bounded_lfnst_engine/coeff_fetch_addr_q_reg_rep_rep__1","u_dut/u_bounded_lfnst_engine/coeff_bundle_q_reg","0.009000000"
"u_dut/u_bounded_lfnst_engine/out_data_reg[16]/D","u_dut/u_bounded_lfnst_engine/reduce_l5_q_reg[1][6]/C","-0.004000000","clk","clk","clk","u_dut/u_bounded_lfnst_engine/reduce_l5_q_reg[1][6]","FDCE","u_dut/u_bounded_lfnst_engine/reduce_l5_q_reg","u_dut/u_bounded_lfnst_engine/out_data_reg[16]","FDCE","u_dut/u_bounded_lfnst_engine/out_data_reg","9","0.856000000","1.053000000","1.909000000","0.551597695","SLICE_X44Y13","SLICE_X42Y18","","","SIGNATURE_SKIPPED|FDCE|FDCE","SIGNATURE_SKIPPED|FDCE|FDCE","DUT_INTERNAL","u_dut/u_bounded_lfnst_engine/reduce_l5_q_reg","u_dut/u_bounded_lfnst_engine/out_data_reg","0.004000000"
"u_dut/u_bounded_lfnst_engine/out_data_reg[17]/D","u_dut/u_bounded_lfnst_engine/reduce_l5_q_reg[1][6]/C","-0.003000000","clk","clk","clk","u_dut/u_bounded_lfnst_engine/reduce_l5_q_reg[1][6]","FDCE","u_dut/u_bounded_lfnst_engine/reduce_l5_q_reg","u_dut/u_bounded_lfnst_engine/out_data_reg[17]","FDCE","u_dut/u_bounded_lfnst_engine/out_data_reg","9","0.856000000","1.052000000","1.908000000","0.551362683","SLICE_X44Y13","SLICE_X42Y18","","","SIGNATURE_SKIPPED|FDCE|FDCE","SIGNATURE_SKIPPED|FDCE|FDCE","DUT_INTERNAL","u_dut/u_bounded_lfnst_engine/reduce_l5_q_reg","u_dut/u_bounded_lfnst_engine/out_data_reg","0.003000000"
"u_dut/u_bounded_lfnst_engine/out_data_reg[21]/D","u_dut/u_bounded_lfnst_engine/reduce_l5_q_reg[1][6]/C","-0.055000000","clk","clk","clk","u_dut/u_bounded_lfnst_engine/reduce_l5_q_reg[1][6]","FDCE","u_dut/u_bounded_lfnst_engine/reduce_l5_q_reg","u_dut/u_bounded_lfnst_engine/out_data_reg[21]","FDCE","u_dut/u_bounded_lfnst_engine/out_data_reg","9","0.940000000","1.030000000","1.970000000","0.522842640","SLICE_X44Y13","SLICE_X42Y13","","","SIGNATURE_SKIPPED|FDCE|FDCE","SIGNATURE_SKIPPED|FDCE|FDCE","DUT_INTERNAL","u_dut/u_bounded_lfnst_engine/reduce_l5_q_reg","u_dut/u_bounded_lfnst_engine/out_data_reg","0.055000000"
"u_dut/u_bounded_lfnst_engine/out_data_reg[23]/D","u_dut/u_bounded_lfnst_engine/reduce_l5_q_reg[1][6]/C","-0.034000000","clk","clk","clk","u_dut/u_bounded_lfnst_engine/reduce_l5_q_reg[1][6]","FDCE","u_dut/u_bounded_lfnst_engine/reduce_l5_q_reg","u_dut/u_bounded_lfnst_engine/out_data_reg[23]","FDCE","u_dut/u_bounded_lfnst_engine/out_data_reg","9","0.916000000","1.026000000","1.942000000","0.528321318","SLICE_X44Y13","SLICE_X42Y14","","","SIGNATURE_SKIPPED|FDCE|FDCE","SIGNATURE_SKIPPED|FDCE|FDCE","DUT_INTERNAL","u_dut/u_bounded_lfnst_engine/reduce_l5_q_reg","u_dut/u_bounded_lfnst_engine/out_data_reg","0.034000000"
"u_dut/u_bounded_lfnst_engine/out_data_reg[55]/D","u_dut/u_bounded_lfnst_engine/reduce_l5_q_reg[3][5]/C","-0.001000000","clk","clk","clk","u_dut/u_bounded_lfnst_engine/reduce_l5_q_reg[3][5]","FDCE","u_dut/u_bounded_lfnst_engine/reduce_l5_q_reg","u_dut/u_bounded_lfnst_engine/out_data_reg[55]","FDCE","u_dut/u_bounded_lfnst_engine/out_data_reg","7","0.776000000","1.113000000","1.889000000","0.589200635","SLICE_X51Y6","SLICE_X53Y8","","","SIGNATURE_SKIPPED|FDCE|FDCE","SIGNATURE_SKIPPED|FDCE|FDCE","DUT_INTERNAL","u_dut/u_bounded_lfnst_engine/reduce_l5_q_reg","u_dut/u_bounded_lfnst_engine/out_data_reg","0.001000000"
"u_dut/u_bounded_lfnst_engine/out_data_reg[56]/D","u_dut/u_bounded_lfnst_engine/reduce_l5_q_reg[3][5]/C","-0.059000000","clk","clk","clk","u_dut/u_bounded_lfnst_engine/reduce_l5_q_reg[3][5]","FDCE","u_dut/u_bounded_lfnst_engine/reduce_l5_q_reg","u_dut/u_bounded_lfnst_engine/out_data_reg[56]","FDCE","u_dut/u_bounded_lfnst_engine/out_data_reg","7","0.827000000","1.119000000","1.946000000","0.575025694","SLICE_X51Y6","SLICE_X53Y8","","","SIGNATURE_SKIPPED|FDCE|FDCE","SIGNATURE_SKIPPED|FDCE|FDCE","DUT_INTERNAL","u_dut/u_bounded_lfnst_engine/reduce_l5_q_reg","u_dut/u_bounded_lfnst_engine/out_data_reg","0.059000000"
"u_dut/u_bounded_lfnst_engine/out_data_reg[57]/D","u_dut/u_bounded_lfnst_engine/reduce_l5_q_reg[3][5]/C","-0.047000000","clk","clk","clk","u_dut/u_bounded_lfnst_engine/reduce_l5_q_reg[3][5]","FDCE","u_dut/u_bounded_lfnst_engine/reduce_l5_q_reg","u_dut/u_bounded_lfnst_engine/out_data_reg[57]","FDCE","u_dut/u_bounded_lfnst_engine/out_data_reg","7","0.825000000","1.109000000","1.934000000","0.573422958","SLICE_X51Y6","SLICE_X53Y8","","","SIGNATURE_SKIPPED|FDCE|FDCE","SIGNATURE_SKIPPED|FDCE|FDCE","DUT_INTERNAL","u_dut/u_bounded_lfnst_engine/reduce_l5_q_reg","u_dut/u_bounded_lfnst_engine/out_data_reg","0.047000000"
"u_dut/u_bounded_lfnst_engine/reduce_l2_q_reg[11][16]/CLR","reset_sync_q_reg[1]/C","-0.001000000","**async_default**","clk","clk","reset_sync_q_reg[1]","FDCE","reset_sync_q_reg","u_dut/u_bounded_lfnst_engine/reduce_l2_q_reg[11][16]","FDCE","u_dut/u_bounded_lfnst_engine/reduce_l2_q_reg","0","0.081000000","1.718000000","1.799000000","0.954974986","SLICE_X73Y50","SLICE_X81Y3","","","SIGNATURE_SKIPPED|FDCE|FDCE","SIGNATURE_SKIPPED|FDCE|FDCE","RESET_RELATED_SETUP","harness/reset","u_dut/u_bounded_lfnst_engine/reduce_l2_q_reg","0.001000000"
"u_dut/u_bounded_lfnst_engine/reduce_l2_q_reg[11][17]/CLR","reset_sync_q_reg[1]/C","-0.001000000","**async_default**","clk","clk","reset_sync_q_reg[1]","FDCE","reset_sync_q_reg","u_dut/u_bounded_lfnst_engine/reduce_l2_q_reg[11][17]","FDCE","u_dut/u_bounded_lfnst_engine/reduce_l2_q_reg","0","0.081000000","1.718000000","1.799000000","0.954974986","SLICE_X73Y50","SLICE_X81Y3","","","SIGNATURE_SKIPPED|FDCE|FDCE","SIGNATURE_SKIPPED|FDCE|FDCE","RESET_RELATED_SETUP","harness/reset","u_dut/u_bounded_lfnst_engine/reduce_l2_q_reg","0.001000000"
"u_dut/u_bounded_lfnst_engine/reduce_l2_q_reg[11][18]/CLR","reset_sync_q_reg[1]/C","-0.001000000","**async_default**","clk","clk","reset_sync_q_reg[1]","FDCE","reset_sync_q_reg","u_dut/u_bounded_lfnst_engine/reduce_l2_q_reg[11][18]","FDCE","u_dut/u_bounded_lfnst_engine/reduce_l2_q_reg","0","0.081000000","1.718000000","1.799000000","0.954974986","SLICE_X73Y50","SLICE_X81Y3","","","SIGNATURE_SKIPPED|FDCE|FDCE","SIGNATURE_SKIPPED|FDCE|FDCE","RESET_RELATED_SETUP","harness/reset","u_dut/u_bounded_lfnst_engine/reduce_l2_q_reg","0.001000000"
"u_dut/u_bounded_lfnst_engine/reduce_l2_q_reg[11][19]/CLR","reset_sync_q_reg[1]/C","-0.001000000","**async_default**","clk","clk","reset_sync_q_reg[1]","FDCE","reset_sync_q_reg","u_dut/u_bounded_lfnst_engine/reduce_l2_q_reg[11][19]","FDCE","u_dut/u_bounded_lfnst_engine/reduce_l2_q_reg","0","0.081000000","1.718000000","1.799000000","0.954974986","SLICE_X73Y50","SLICE_X81Y3","","","SIGNATURE_SKIPPED|FDCE|FDCE","SIGNATURE_SKIPPED|FDCE|FDCE","RESET_RELATED_SETUP","harness/reset","u_dut/u_bounded_lfnst_engine/reduce_l2_q_reg","0.001000000"
"u_dut/u_unified_p4_kernel/ingress_data_q_reg[0]/D","u_dut/kernel_h_rd_raw_vector_q_reg[1]/C","-0.017000000","clk","clk","clk","u_dut/kernel_h_rd_raw_vector_q_reg[1]","FDCE","u_dut/kernel_h_rd_raw_vector_q_reg","u_dut/u_unified_p4_kernel/ingress_data_q_reg[0]","FDRE","u_dut/u_unified_p4_kernel/ingress_data_q_reg","4","0.632000000","1.279000000","1.911000000","0.669283098","SLICE_X78Y28","SLICE_X73Y25","","","SIGNATURE_SKIPPED|FDCE|FDRE","SIGNATURE_SKIPPED|FDCE|FDRE","DUT_INTERNAL","u_dut/kernel_h_rd_raw_vector_q_reg","u_dut/u_unified_p4_kernel/ingress_data_q_reg","0.017000000"
"u_dut/u_unified_p4_kernel/ingress_data_q_reg[10]/D","u_dut/kernel_h_rd_raw_vector_q_reg[1]/C","-0.050000000","clk","clk","clk","u_dut/kernel_h_rd_raw_vector_q_reg[1]","FDCE","u_dut/kernel_h_rd_raw_vector_q_reg","u_dut/u_unified_p4_kernel/ingress_data_q_reg[10]","FDRE","u_dut/u_unified_p4_kernel/ingress_data_q_reg","4","0.609000000","1.326000000","1.935000000","0.685271318","SLICE_X78Y28","SLICE_X73Y30","","","SIGNATURE_SKIPPED|FDCE|FDRE","SIGNATURE_SKIPPED|FDCE|FDRE","DUT_INTERNAL","u_dut/kernel_h_rd_raw_vector_q_reg","u_dut/u_unified_p4_kernel/ingress_data_q_reg","0.050000000"
"u_dut/u_unified_p4_kernel/ingress_data_q_reg[11]/D","u_dut/kernel_h_rd_raw_group_q_reg[0]/C","-0.112000000","clk","clk","clk","u_dut/kernel_h_rd_raw_group_q_reg[0]","FDCE","u_dut/kernel_h_rd_raw_group_q_reg","u_dut/u_unified_p4_kernel/ingress_data_q_reg[11]","FDRE","u_dut/u_unified_p4_kernel/ingress_data_q_reg","5","0.410000000","1.591000000","2.001000000","0.795102449","SLICE_X78Y28","SLICE_X73Y28","","","SIGNATURE_SKIPPED|FDCE|FDRE","SIGNATURE_SKIPPED|FDCE|FDRE","DUT_INTERNAL","u_dut/kernel_h_rd_raw_group_q_reg","u_dut/u_unified_p4_kernel/ingress_data_q_reg","0.112000000"
"u_dut/u_unified_p4_kernel/ingress_data_q_reg[12]/D","u_dut/kernel_h_rd_raw_vector_q_reg[1]/C","-0.039000000","clk","clk","clk","u_dut/kernel_h_rd_raw_vector_q_reg[1]","FDCE","u_dut/kernel_h_rd_raw_vector_q_reg","u_dut/u_unified_p4_kernel/ingress_data_q_reg[12]","FDRE","u_dut/u_unified_p4_kernel/ingress_data_q_reg","4","0.600000000","1.329000000","1.929000000","0.688958009","SLICE_X78Y28","SLICE_X73Y29","","","SIGNATURE_SKIPPED|FDCE|FDRE","SIGNATURE_SKIPPED|FDCE|FDRE","DUT_INTERNAL","u_dut/kernel_h_rd_raw_vector_q_reg","u_dut/u_unified_p4_kernel/ingress_data_q_reg","0.039000000"
"u_dut/u_unified_p4_kernel/ingress_data_q_reg[13]/D","u_dut/kernel_vector_q_reg[0]_rep__2/C","-0.004000000","clk","clk","clk","u_dut/kernel_vector_q_reg[0]_rep__2","FDCE","u_dut/kernel_vector_q_reg_rep__2","u_dut/u_unified_p4_kernel/ingress_data_q_reg[13]","FDRE","u_dut/u_unified_p4_kernel/ingress_data_q_reg","4","0.338000000","1.511000000","1.849000000","0.817198486","SLICE_X71Y25","SLICE_X73Y29","","","SIGNATURE_SKIPPED|FDCE|FDRE","SIGNATURE_SKIPPED|FDCE|FDRE","DUT_INTERNAL","u_dut/kernel_vector_q_reg_rep__2","u_dut/u_unified_p4_kernel/ingress_data_q_reg","0.004000000"
"u_dut/u_unified_p4_kernel/ingress_data_q_reg[14]/D","u_dut/kernel_h_rd_raw_vector_q_reg[1]/C","-0.083000000","clk","clk","clk","u_dut/kernel_h_rd_raw_vector_q_reg[1]","FDCE","u_dut/kernel_h_rd_raw_vector_q_reg","u_dut/u_unified_p4_kernel/ingress_data_q_reg[14]","FDRE","u_dut/u_unified_p4_kernel/ingress_data_q_reg","4","0.561000000","1.403000000","1.964000000","0.714358452","SLICE_X78Y28","SLICE_X74Y30","","","SIGNATURE_SKIPPED|FDCE|FDRE","SIGNATURE_SKIPPED|FDCE|FDRE","DUT_INTERNAL","u_dut/kernel_h_rd_raw_vector_q_reg","u_dut/u_unified_p4_kernel/ingress_data_q_reg","0.083000000"
"u_dut/u_unified_p4_kernel/ingress_data_q_reg[16]/D","u_dut/kernel_cut_h_q_reg[2]/C","-0.024000000","clk","clk","clk","u_dut/kernel_cut_h_q_reg[2]","FDCE","u_dut/kernel_cut_h_q_reg","u_dut/u_unified_p4_kernel/ingress_data_q_reg[16]","FDRE","u_dut/u_unified_p4_kernel/ingress_data_q_reg","4","0.453000000","1.492000000","1.945000000","0.767095116","SLICE_X84Y26","SLICE_X76Y25","","","SIGNATURE_SKIPPED|FDCE|FDRE","SIGNATURE_SKIPPED|FDCE|FDRE","DUT_INTERNAL","u_dut/kernel_cut_h_q_reg","u_dut/u_unified_p4_kernel/ingress_data_q_reg","0.024000000"
"u_dut/u_unified_p4_kernel/ingress_data_q_reg[17]/D","u_dut/kernel_cut_h_q_reg[2]/C","-0.033000000","clk","clk","clk","u_dut/kernel_cut_h_q_reg[2]","FDCE","u_dut/kernel_cut_h_q_reg","u_dut/u_unified_p4_kernel/ingress_data_q_reg[17]","FDRE","u_dut/u_unified_p4_kernel/ingress_data_q_reg","4","0.549000000","1.369000000","1.918000000","0.713764338","SLICE_X84Y26","SLICE_X80Y28","","","SIGNATURE_SKIPPED|FDCE|FDRE","SIGNATURE_SKIPPED|FDCE|FDRE","DUT_INTERNAL","u_dut/kernel_cut_h_q_reg","u_dut/u_unified_p4_kernel/ingress_data_q_reg","0.033000000"
"u_dut/u_unified_p4_kernel/ingress_data_q_reg[18]/D","u_dut/kernel_vector_q_reg[1]_rep__0/C","-0.030000000","clk","clk","clk","u_dut/kernel_vector_q_reg[1]_rep__0","FDCE","u_dut/kernel_vector_q_reg_rep__0","u_dut/u_unified_p4_kernel/ingress_data_q_reg[18]","FDRE","u_dut/u_unified_p4_kernel/ingress_data_q_reg","3","0.267000000","1.632000000","1.899000000","0.859399684","SLICE_X72Y26","SLICE_X76Y25","","","SIGNATURE_SKIPPED|FDCE|FDRE","SIGNATURE_SKIPPED|FDCE|FDRE","DUT_INTERNAL","u_dut/kernel_vector_q_reg_rep__0","u_dut/u_unified_p4_kernel/ingress_data_q_reg","0.030000000"
"u_dut/u_unified_p4_kernel/ingress_data_q_reg[19]/D","u_dut/kernel_cut_h_q_reg[2]/C","-0.069000000","clk","clk","clk","u_dut/kernel_cut_h_q_reg[2]","FDCE","u_dut/kernel_cut_h_q_reg","u_dut/u_unified_p4_kernel/ingress_data_q_reg[19]","FDRE","u_dut/u_unified_p4_kernel/ingress_data_q_reg","4","0.438000000","1.548000000","1.986000000","0.779456193","SLICE_X84Y26","SLICE_X76Y28","","","SIGNATURE_SKIPPED|FDCE|FDRE","SIGNATURE_SKIPPED|FDCE|FDRE","DUT_INTERNAL","u_dut/kernel_cut_h_q_reg","u_dut/u_unified_p4_kernel/ingress_data_q_reg","0.069000000"
"u_dut/u_unified_p4_kernel/ingress_data_q_reg[1]/D","u_dut/kernel_h_rd_raw_vector_q_reg[1]/C","-0.081000000","clk","clk","clk","u_dut/kernel_h_rd_raw_vector_q_reg[1]","FDCE","u_dut/kernel_h_rd_raw_vector_q_reg","u_dut/u_unified_p4_kernel/ingress_data_q_reg[1]","FDRE","u_dut/u_unified_p4_kernel/ingress_data_q_reg","4","0.610000000","1.369000000","1.979000000","0.691763517","SLICE_X78Y28","SLICE_X74Y25","","","SIGNATURE_SKIPPED|FDCE|FDRE","SIGNATURE_SKIPPED|FDCE|FDRE","DUT_INTERNAL","u_dut/kernel_h_rd_raw_vector_q_reg","u_dut/u_unified_p4_kernel/ingress_data_q_reg","0.081000000"
"u_dut/u_unified_p4_kernel/ingress_data_q_reg[20]/D","u_dut/kernel_cut_h_q_reg[2]/C","-0.063000000","clk","clk","clk","u_dut/kernel_cut_h_q_reg[2]","FDCE","u_dut/kernel_cut_h_q_reg","u_dut/u_unified_p4_kernel/ingress_data_q_reg[20]","FDRE","u_dut/u_unified_p4_kernel/ingress_data_q_reg","4","0.491000000","1.500000000","1.991000000","0.753390256","SLICE_X84Y26","SLICE_X74Y25","","","SIGNATURE_SKIPPED|FDCE|FDRE","SIGNATURE_SKIPPED|FDCE|FDRE","DUT_INTERNAL","u_dut/kernel_cut_h_q_reg","u_dut/u_unified_p4_kernel/ingress_data_q_reg","0.063000000"
"u_dut/u_unified_p4_kernel/ingress_data_q_reg[22]/D","u_dut/kernel_cut_h_q_reg[2]/C","-0.076000000","clk","clk","clk","u_dut/kernel_cut_h_q_reg[2]","FDCE","u_dut/kernel_cut_h_q_reg","u_dut/u_unified_p4_kernel/ingress_data_q_reg[22]","FDRE","u_dut/u_unified_p4_kernel/ingress_data_q_reg","4","0.453000000","1.547000000","2.000000000","0.773500000","SLICE_X84Y26","SLICE_X73Y25","","","SIGNATURE_SKIPPED|FDCE|FDRE","SIGNATURE_SKIPPED|FDCE|FDRE","DUT_INTERNAL","u_dut/kernel_cut_h_q_reg","u_dut/u_unified_p4_kernel/ingress_data_q_reg","0.076000000"
"u_dut/u_unified_p4_kernel/ingress_data_q_reg[23]/D","u_dut/kernel_h_rd_raw_group_q_reg[2]/C","-0.042000000","clk","clk","clk","u_dut/kernel_h_rd_raw_group_q_reg[2]","FDCE","u_dut/kernel_h_rd_raw_group_q_reg","u_dut/u_unified_p4_kernel/ingress_data_q_reg[23]","FDRE","u_dut/u_unified_p4_kernel/ingress_data_q_reg","5","0.604000000","1.312000000","1.916000000","0.684759916","SLICE_X77Y34","SLICE_X83Y22","","","SIGNATURE_SKIPPED|FDCE|FDRE","SIGNATURE_SKIPPED|FDCE|FDRE","DUT_INTERNAL","u_dut/kernel_h_rd_raw_group_q_reg","u_dut/u_unified_p4_kernel/ingress_data_q_reg","0.042000000"
"u_dut/u_unified_p4_kernel/ingress_data_q_reg[25]/D","u_dut/kernel_h_rd_raw_vector_q_reg[1]/C","-0.027000000","clk","clk","clk","u_dut/kernel_h_rd_raw_vector_q_reg[1]","FDCE","u_dut/kernel_h_rd_raw_vector_q_reg","u_dut/u_unified_p4_kernel/ingress_data_q_reg[25]","FDRE","u_dut/u_unified_p4_kernel/ingress_data_q_reg","4","0.457000000","1.428000000","1.885000000","0.757559682","SLICE_X78Y28","SLICE_X80Y27","","","SIGNATURE_SKIPPED|FDCE|FDRE","SIGNATURE_SKIPPED|FDCE|FDRE","DUT_INTERNAL","u_dut/kernel_h_rd_raw_vector_q_reg","u_dut/u_unified_p4_kernel/ingress_data_q_reg","0.027000000"
"u_dut/u_unified_p4_kernel/ingress_data_q_reg[26]/D","u_dut/kernel_cut_h_q_reg[2]/C","-0.080000000","clk","clk","clk","u_dut/kernel_cut_h_q_reg[2]","FDCE","u_dut/kernel_cut_h_q_reg","u_dut/u_unified_p4_kernel/ingress_data_q_reg[26]","FDRE","u_dut/u_unified_p4_kernel/ingress_data_q_reg","4","0.453000000","1.547000000","2.000000000","0.773500000","SLICE_X84Y26","SLICE_X78Y28","","","SIGNATURE_SKIPPED|FDCE|FDRE","SIGNATURE_SKIPPED|FDCE|FDRE","DUT_INTERNAL","u_dut/kernel_cut_h_q_reg","u_dut/u_unified_p4_kernel/ingress_data_q_reg","0.080000000"
"u_dut/u_unified_p4_kernel/ingress_data_q_reg[28]/D","u_dut/kernel_h_rd_raw_vector_q_reg[1]/C","-0.030000000","clk","clk","clk","u_dut/kernel_h_rd_raw_vector_q_reg[1]","FDCE","u_dut/kernel_h_rd_raw_vector_q_reg","u_dut/u_unified_p4_kernel/ingress_data_q_reg[28]","FDRE","u_dut/u_unified_p4_kernel/ingress_data_q_reg","4","0.458000000","1.430000000","1.888000000","0.757415254","SLICE_X78Y28","SLICE_X80Y27","","","SIGNATURE_SKIPPED|FDCE|FDRE","SIGNATURE_SKIPPED|FDCE|FDRE","DUT_INTERNAL","u_dut/kernel_h_rd_raw_vector_q_reg","u_dut/u_unified_p4_kernel/ingress_data_q_reg","0.030000000"
"u_dut/u_unified_p4_kernel/ingress_data_q_reg[29]/D","u_dut/kernel_cut_h_q_reg[2]/C","-0.092000000","clk","clk","clk","u_dut/kernel_cut_h_q_reg[2]","FDCE","u_dut/kernel_cut_h_q_reg","u_dut/u_unified_p4_kernel/ingress_data_q_reg[29]","FDRE","u_dut/u_unified_p4_kernel/ingress_data_q_reg","4","0.453000000","1.557000000","2.010000000","0.774626866","SLICE_X84Y26","SLICE_X77Y29","","","SIGNATURE_SKIPPED|FDCE|FDRE","SIGNATURE_SKIPPED|FDCE|FDRE","DUT_INTERNAL","u_dut/kernel_cut_h_q_reg","u_dut/u_unified_p4_kernel/ingress_data_q_reg","0.092000000"
"u_dut/u_unified_p4_kernel/ingress_data_q_reg[2]/D","u_dut/kernel_h_rd_raw_vector_q_reg[1]/C","-0.048000000","clk","clk","clk","u_dut/kernel_h_rd_raw_vector_q_reg[1]","FDCE","u_dut/kernel_h_rd_raw_vector_q_reg","u_dut/u_unified_p4_kernel/ingress_data_q_reg[2]","FDRE","u_dut/u_unified_p4_kernel/ingress_data_q_reg","4","0.659000000","1.287000000","1.946000000","0.661356629","SLICE_X78Y28","SLICE_X74Y28","","","SIGNATURE_SKIPPED|FDCE|FDRE","SIGNATURE_SKIPPED|FDCE|FDRE","DUT_INTERNAL","u_dut/kernel_h_rd_raw_vector_q_reg","u_dut/u_unified_p4_kernel/ingress_data_q_reg","0.048000000"
"u_dut/u_unified_p4_kernel/ingress_data_q_reg[30]/D","u_dut/kernel_cut_h_q_reg[2]/C","-0.066000000","clk","clk","clk","u_dut/kernel_cut_h_q_reg[2]","FDCE","u_dut/kernel_cut_h_q_reg","u_dut/u_unified_p4_kernel/ingress_data_q_reg[30]","FDRE","u_dut/u_unified_p4_kernel/ingress_data_q_reg","4","0.456000000","1.538000000","1.994000000","0.771313942","SLICE_X84Y26","SLICE_X74Y25","","","SIGNATURE_SKIPPED|FDCE|FDRE","SIGNATURE_SKIPPED|FDCE|FDRE","DUT_INTERNAL","u_dut/kernel_cut_h_q_reg","u_dut/u_unified_p4_kernel/ingress_data_q_reg","0.066000000"
"u_dut/u_unified_p4_kernel/ingress_data_q_reg[31]/D","u_dut/kernel_h_rd_raw_vector_q_reg[1]/C","-0.100000000","clk","clk","clk","u_dut/kernel_h_rd_raw_vector_q_reg[1]","FDCE","u_dut/kernel_h_rd_raw_vector_q_reg","u_dut/u_unified_p4_kernel/ingress_data_q_reg[31]","FDRE","u_dut/u_unified_p4_kernel/ingress_data_q_reg","4","0.512000000","1.437000000","1.949000000","0.737301180","SLICE_X78Y28","SLICE_X85Y30","","","SIGNATURE_SKIPPED|FDCE|FDRE","SIGNATURE_SKIPPED|FDCE|FDRE","DUT_INTERNAL","u_dut/kernel_h_rd_raw_vector_q_reg","u_dut/u_unified_p4_kernel/ingress_data_q_reg","0.100000000"
"u_dut/u_unified_p4_kernel/ingress_data_q_reg[33]/D","u_dut/kernel_phase_q_reg[1]_replica_3/C","-0.009000000","clk","clk","clk","u_dut/kernel_phase_q_reg[1]_replica_3","FDCE","u_dut/kernel_phase_q_reg_replica_3","u_dut/u_unified_p4_kernel/ingress_data_q_reg[33]","FDRE","u_dut/u_unified_p4_kernel/ingress_data_q_reg","4","0.292000000","1.601000000","1.893000000","0.845747491","SLICE_X72Y30","SLICE_X77Y28","","","SIGNATURE_SKIPPED|FDCE|FDRE","SIGNATURE_SKIPPED|FDCE|FDRE","DUT_INTERNAL","u_dut/kernel_phase_q_reg_replica_3","u_dut/u_unified_p4_kernel/ingress_data_q_reg","0.009000000"
"u_dut/u_unified_p4_kernel/ingress_data_q_reg[34]/D","u_dut/kernel_vector_q_reg[1]_rep__0/C","-0.029000000","clk","clk","clk","u_dut/kernel_vector_q_reg[1]_rep__0","FDCE","u_dut/kernel_vector_q_reg_rep__0","u_dut/u_unified_p4_kernel/ingress_data_q_reg[34]","FDRE","u_dut/u_unified_p4_kernel/ingress_data_q_reg","3","0.227000000","1.667000000","1.894000000","0.880147835","SLICE_X72Y26","SLICE_X76Y28","","","SIGNATURE_SKIPPED|FDCE|FDRE","SIGNATURE_SKIPPED|FDCE|FDRE","DUT_INTERNAL","u_dut/kernel_vector_q_reg_rep__0","u_dut/u_unified_p4_kernel/ingress_data_q_reg","0.029000000"
"u_dut/u_unified_p4_kernel/ingress_data_q_reg[36]/D","u_dut/kernel_feed_group_q_reg[0]/C","-0.005000000","clk","clk","clk","u_dut/kernel_feed_group_q_reg[0]","FDCE","u_dut/kernel_feed_group_q_reg","u_dut/u_unified_p4_kernel/ingress_data_q_reg[36]","FDRE","u_dut/u_unified_p4_kernel/ingress_data_q_reg","5","0.340000000","1.563000000","1.903000000","0.821334735","SLICE_X79Y22","SLICE_X78Y27","","","SIGNATURE_SKIPPED|FDCE|FDRE","SIGNATURE_SKIPPED|FDCE|FDRE","DUT_INTERNAL","u_dut/kernel_feed_group_q_reg","u_dut/u_unified_p4_kernel/ingress_data_q_reg","0.005000000"
"u_dut/u_unified_p4_kernel/ingress_data_q_reg[37]/D","u_dut/kernel_feed_group_q_reg[0]/C","-0.087000000","clk","clk","clk","u_dut/kernel_feed_group_q_reg[0]","FDCE","u_dut/kernel_feed_group_q_reg","u_dut/u_unified_p4_kernel/ingress_data_q_reg[37]","FDRE","u_dut/u_unified_p4_kernel/ingress_data_q_reg","5","0.673000000","1.314000000","1.987000000","0.661298440","SLICE_X79Y22","SLICE_X76Y27","","","SIGNATURE_SKIPPED|FDCE|FDRE","SIGNATURE_SKIPPED|FDCE|FDRE","DUT_INTERNAL","u_dut/kernel_feed_group_q_reg","u_dut/u_unified_p4_kernel/ingress_data_q_reg","0.087000000"
"u_dut/u_unified_p4_kernel/ingress_data_q_reg[38]/D","u_dut/kernel_phase_q_reg[1]_replica_3/C","-0.012000000","clk","clk","clk","u_dut/kernel_phase_q_reg[1]_replica_3","FDCE","u_dut/kernel_phase_q_reg_replica_3","u_dut/u_unified_p4_kernel/ingress_data_q_reg[38]","FDRE","u_dut/u_unified_p4_kernel/ingress_data_q_reg","4","0.292000000","1.604000000","1.896000000","0.845991561","SLICE_X72Y30","SLICE_X77Y28","","","SIGNATURE_SKIPPED|FDCE|FDRE","SIGNATURE_SKIPPED|FDCE|FDRE","DUT_INTERNAL","u_dut/kernel_phase_q_reg_replica_3","u_dut/u_unified_p4_kernel/ingress_data_q_reg","0.012000000"
"u_dut/u_unified_p4_kernel/ingress_data_q_reg[39]/D","u_dut/kernel_feed_group_q_reg[0]/C","-0.060000000","clk","clk","clk","u_dut/kernel_feed_group_q_reg[0]","FDCE","u_dut/kernel_feed_group_q_reg","u_dut/u_unified_p4_kernel/ingress_data_q_reg[39]","FDRE","u_dut/u_unified_p4_kernel/ingress_data_q_reg","5","0.647000000","1.315000000","1.962000000","0.670234455","SLICE_X79Y22","SLICE_X77Y28","","","SIGNATURE_SKIPPED|FDCE|FDRE","SIGNATURE_SKIPPED|FDCE|FDRE","DUT_INTERNAL","u_dut/kernel_feed_group_q_reg","u_dut/u_unified_p4_kernel/ingress_data_q_reg","0.060000000"
"u_dut/u_unified_p4_kernel/ingress_data_q_reg[3]/D","u_dut/kernel_h_rd_raw_vector_q_reg[1]/C","-0.016000000","clk","clk","clk","u_dut/kernel_h_rd_raw_vector_q_reg[1]","FDCE","u_dut/kernel_h_rd_raw_vector_q_reg","u_dut/u_unified_p4_kernel/ingress_data_q_reg[3]","FDRE","u_dut/u_unified_p4_kernel/ingress_data_q_reg","4","0.633000000","1.281000000","1.914000000","0.669278997","SLICE_X78Y28","SLICE_X74Y28","","","SIGNATURE_SKIPPED|FDCE|FDRE","SIGNATURE_SKIPPED|FDCE|FDRE","DUT_INTERNAL","u_dut/kernel_h_rd_raw_vector_q_reg","u_dut/u_unified_p4_kernel/ingress_data_q_reg","0.016000000"
"u_dut/u_unified_p4_kernel/ingress_data_q_reg[42]/D","u_dut/kernel_feed_group_q_reg[0]/C","-0.044000000","clk","clk","clk","u_dut/kernel_feed_group_q_reg[0]","FDCE","u_dut/kernel_feed_group_q_reg","u_dut/u_unified_p4_kernel/ingress_data_q_reg[42]","FDRE","u_dut/u_unified_p4_kernel/ingress_data_q_reg","5","0.671000000","1.271000000","1.942000000","0.654479918","SLICE_X79Y22","SLICE_X77Y27","","","SIGNATURE_SKIPPED|FDCE|FDRE","SIGNATURE_SKIPPED|FDCE|FDRE","DUT_INTERNAL","u_dut/kernel_feed_group_q_reg","u_dut/u_unified_p4_kernel/ingress_data_q_reg","0.044000000"
"u_dut/u_unified_p4_kernel/ingress_data_q_reg[44]/D","u_dut/kernel_vector_q_reg[1]_rep__0/C","-0.026000000","clk","clk","clk","u_dut/kernel_vector_q_reg[1]_rep__0","FDCE","u_dut/kernel_vector_q_reg_rep__0","u_dut/u_unified_p4_kernel/ingress_data_q_reg[44]","FDRE","u_dut/u_unified_p4_kernel/ingress_data_q_reg","3","0.204000000","1.690000000","1.894000000","0.892291447","SLICE_X72Y26","SLICE_X77Y28","","","SIGNATURE_SKIPPED|FDCE|FDRE","SIGNATURE_SKIPPED|FDCE|FDRE","DUT_INTERNAL","u_dut/kernel_vector_q_reg_rep__0","u_dut/u_unified_p4_kernel/ingress_data_q_reg","0.026000000"
"u_dut/u_unified_p4_kernel/ingress_data_q_reg[45]/D","u_dut/kernel_phase_q_reg[1]_replica_3/C","-0.034000000","clk","clk","clk","u_dut/kernel_phase_q_reg[1]_replica_3","FDCE","u_dut/kernel_phase_q_reg_replica_3","u_dut/u_unified_p4_kernel/ingress_data_q_reg[45]","FDRE","u_dut/u_unified_p4_kernel/ingress_data_q_reg","4","0.347000000","1.564000000","1.911000000","0.818419676","SLICE_X72Y30","SLICE_X77Y27","","","SIGNATURE_SKIPPED|FDCE|FDRE","SIGNATURE_SKIPPED|FDCE|FDRE","DUT_INTERNAL","u_dut/kernel_phase_q_reg_replica_3","u_dut/u_unified_p4_kernel/ingress_data_q_reg","0.034000000"
"u_dut/u_unified_p4_kernel/ingress_data_q_reg[47]/D","u_dut/kernel_phase_q_reg[1]_replica_3/C","-0.033000000","clk","clk","clk","u_dut/kernel_phase_q_reg[1]_replica_3","FDCE","u_dut/kernel_phase_q_reg_replica_3","u_dut/u_unified_p4_kernel/ingress_data_q_reg[47]","FDRE","u_dut/u_unified_p4_kernel/ingress_data_q_reg","4","0.347000000","1.563000000","1.910000000","0.818324607","SLICE_X72Y30","SLICE_X77Y27","","","SIGNATURE_SKIPPED|FDCE|FDRE","SIGNATURE_SKIPPED|FDCE|FDRE","DUT_INTERNAL","u_dut/kernel_phase_q_reg_replica_3","u_dut/u_unified_p4_kernel/ingress_data_q_reg","0.033000000"
"u_dut/u_unified_p4_kernel/ingress_data_q_reg[49]/D","u_dut/kernel_vector_q_reg[0]_rep__0/C","-0.008000000","clk","clk","clk","u_dut/kernel_vector_q_reg[0]_rep__0","FDCE","u_dut/kernel_vector_q_reg_rep__0","u_dut/u_unified_p4_kernel/ingress_data_q_reg[49]","FDRE","u_dut/u_unified_p4_kernel/ingress_data_q_reg","4","0.416000000","1.441000000","1.857000000","0.775982768","SLICE_X71Y25","SLICE_X76Y26","","","SIGNATURE_SKIPPED|FDCE|FDRE","SIGNATURE_SKIPPED|FDCE|FDRE","DUT_INTERNAL","u_dut/kernel_vector_q_reg_rep__0","u_dut/u_unified_p4_kernel/ingress_data_q_reg","0.008000000"
"u_dut/u_unified_p4_kernel/ingress_data_q_reg[50]/D","u_dut/kernel_h_rd_raw_group_q_reg[0]_replica_1/C","-0.025000000","clk","clk","clk","u_dut/kernel_h_rd_raw_group_q_reg[0]_replica_1","FDCE","u_dut/kernel_h_rd_raw_group_q_reg_replica_1","u_dut/u_unified_p4_kernel/ingress_data_q_reg[50]","FDRE","u_dut/u_unified_p4_kernel/ingress_data_q_reg","5","0.413000000","1.502000000","1.915000000","0.784334204","SLICE_X78Y31","SLICE_X77Y27","","","SIGNATURE_SKIPPED|FDCE|FDRE","SIGNATURE_SKIPPED|FDCE|FDRE","DUT_INTERNAL","u_dut/kernel_h_rd_raw_group_q_reg_replica_1","u_dut/u_unified_p4_kernel/ingress_data_q_reg","0.025000000"
"u_dut/u_unified_p4_kernel/ingress_data_q_reg[51]/D","u_dut/kernel_cut_h_q_reg[2]/C","-0.048000000","clk","clk","clk","u_dut/kernel_cut_h_q_reg[2]","FDCE","u_dut/kernel_cut_h_q_reg","u_dut/u_unified_p4_kernel/ingress_data_q_reg[51]","FDRE","u_dut/u_unified_p4_kernel/ingress_data_q_reg","4","0.454000000","1.512000000","1.966000000","0.769074262","SLICE_X84Y26","SLICE_X77Y27","","","SIGNATURE_SKIPPED|FDCE|FDRE","SIGNATURE_SKIPPED|FDCE|FDRE","DUT_INTERNAL","u_dut/kernel_cut_h_q_reg","u_dut/u_unified_p4_kernel/ingress_data_q_reg","0.048000000"
"u_dut/u_unified_p4_kernel/ingress_data_q_reg[52]/D","u_dut/kernel_h_rd_raw_group_q_reg[0]_replica_1/C","-0.061000000","clk","clk","clk","u_dut/kernel_h_rd_raw_group_q_reg[0]_replica_1","FDCE","u_dut/kernel_h_rd_raw_group_q_reg_replica_1","u_dut/u_unified_p4_kernel/ingress_data_q_reg[52]","FDRE","u_dut/u_unified_p4_kernel/ingress_data_q_reg","5","0.414000000","1.556000000","1.970000000","0.789847716","SLICE_X78Y31","SLICE_X76Y17","","","SIGNATURE_SKIPPED|FDCE|FDRE","SIGNATURE_SKIPPED|FDCE|FDRE","DUT_INTERNAL","u_dut/kernel_h_rd_raw_group_q_reg_replica_1","u_dut/u_unified_p4_kernel/ingress_data_q_reg","0.061000000"
"u_dut/u_unified_p4_kernel/ingress_data_q_reg[54]/D","u_dut/kernel_vector_q_reg[0]_rep__0/C","-0.050000000","clk","clk","clk","u_dut/kernel_vector_q_reg[0]_rep__0","FDCE","u_dut/kernel_vector_q_reg_rep__0","u_dut/u_unified_p4_kernel/ingress_data_q_reg[54]","FDRE","u_dut/u_unified_p4_kernel/ingress_data_q_reg","4","0.353000000","1.540000000","1.893000000","0.813523508","SLICE_X71Y25","SLICE_X77Y27","","","SIGNATURE_SKIPPED|FDCE|FDRE","SIGNATURE_SKIPPED|FDCE|FDRE","DUT_INTERNAL","u_dut/kernel_vector_q_reg_rep__0","u_dut/u_unified_p4_kernel/ingress_data_q_reg","0.050000000"
"u_dut/u_unified_p4_kernel/ingress_data_q_reg[55]/D","u_dut/kernel_cut_h_q_reg[2]/C","-0.052000000","clk","clk","clk","u_dut/kernel_cut_h_q_reg[2]","FDCE","u_dut/kernel_cut_h_q_reg","u_dut/u_unified_p4_kernel/ingress_data_q_reg[55]","FDRE","u_dut/u_unified_p4_kernel/ingress_data_q_reg","4","0.455000000","1.515000000","1.970000000","0.769035533","SLICE_X84Y26","SLICE_X77Y27","","","SIGNATURE_SKIPPED|FDCE|FDRE","SIGNATURE_SKIPPED|FDCE|FDRE","DUT_INTERNAL","u_dut/kernel_cut_h_q_reg","u_dut/u_unified_p4_kernel/ingress_data_q_reg","0.052000000"
"u_dut/u_unified_p4_kernel/ingress_data_q_reg[56]/D","u_dut/kernel_h_rd_raw_group_q_reg[0]_replica/C","-0.060000000","clk","clk","clk","u_dut/kernel_h_rd_raw_group_q_reg[0]_replica","FDCE","u_dut/kernel_h_rd_raw_group_q_reg_replica","u_dut/u_unified_p4_kernel/ingress_data_q_reg[56]","FDRE","u_dut/u_unified_p4_kernel/ingress_data_q_reg","5","0.497000000","1.458000000","1.955000000","0.745780051","SLICE_X76Y24","SLICE_X77Y29","","","SIGNATURE_SKIPPED|FDCE|FDRE","SIGNATURE_SKIPPED|FDCE|FDRE","DUT_INTERNAL","u_dut/kernel_h_rd_raw_group_q_reg_replica","u_dut/u_unified_p4_kernel/ingress_data_q_reg","0.060000000"
"u_dut/u_unified_p4_kernel/ingress_data_q_reg[59]/D","u_dut/kernel_h_rd_raw_vector_q_reg[1]/C","-0.094000000","clk","clk","clk","u_dut/kernel_h_rd_raw_vector_q_reg[1]","FDCE","u_dut/kernel_h_rd_raw_vector_q_reg","u_dut/u_unified_p4_kernel/ingress_data_q_reg[59]","FDRE","u_dut/u_unified_p4_kernel/ingress_data_q_reg","4","0.633000000","1.351000000","1.984000000","0.680947581","SLICE_X78Y28","SLICE_X73Y29","","","SIGNATURE_SKIPPED|FDCE|FDRE","SIGNATURE_SKIPPED|FDCE|FDRE","DUT_INTERNAL","u_dut/kernel_h_rd_raw_vector_q_reg","u_dut/u_unified_p4_kernel/ingress_data_q_reg","0.094000000"
"u_dut/u_unified_p4_kernel/ingress_data_q_reg[5]/D","u_dut/kernel_h_rd_raw_group_q_reg[0]_replica_1/C","-0.058000000","clk","clk","clk","u_dut/kernel_h_rd_raw_group_q_reg[0]_replica_1","FDCE","u_dut/kernel_h_rd_raw_group_q_reg_replica_1","u_dut/u_unified_p4_kernel/ingress_data_q_reg[5]","FDRE","u_dut/u_unified_p4_kernel/ingress_data_q_reg","5","0.443000000","1.504000000","1.947000000","0.772470467","SLICE_X78Y31","SLICE_X73Y30","","","SIGNATURE_SKIPPED|FDCE|FDRE","SIGNATURE_SKIPPED|FDCE|FDRE","DUT_INTERNAL","u_dut/kernel_h_rd_raw_group_q_reg_replica_1","u_dut/u_unified_p4_kernel/ingress_data_q_reg","0.058000000"
"u_dut/u_unified_p4_kernel/ingress_data_q_reg[60]/D","u_dut/kernel_h_rd_raw_vector_q_reg[1]/C","-0.022000000","clk","clk","clk","u_dut/kernel_h_rd_raw_vector_q_reg[1]","FDCE","u_dut/kernel_h_rd_raw_vector_q_reg","u_dut/u_unified_p4_kernel/ingress_data_q_reg[60]","FDRE","u_dut/u_unified_p4_kernel/ingress_data_q_reg","4","0.561000000","1.349000000","1.910000000","0.706282723","SLICE_X78Y28","SLICE_X73Y29","","","SIGNATURE_SKIPPED|FDCE|FDRE","SIGNATURE_SKIPPED|FDCE|FDRE","DUT_INTERNAL","u_dut/kernel_h_rd_raw_vector_q_reg","u_dut/u_unified_p4_kernel/ingress_data_q_reg","0.022000000"
"u_dut/u_unified_p4_kernel/ingress_data_q_reg[61]/D","u_dut/kernel_cut_h_q_reg[2]/C","-0.063000000","clk","clk","clk","u_dut/kernel_cut_h_q_reg[2]","FDCE","u_dut/kernel_cut_h_q_reg","u_dut/u_unified_p4_kernel/ingress_data_q_reg[61]","FDRE","u_dut/u_unified_p4_kernel/ingress_data_q_reg","4","0.455000000","1.538000000","1.993000000","0.771700953","SLICE_X84Y26","SLICE_X77Y21","","","SIGNATURE_SKIPPED|FDCE|FDRE","SIGNATURE_SKIPPED|FDCE|FDRE","DUT_INTERNAL","u_dut/kernel_cut_h_q_reg","u_dut/u_unified_p4_kernel/ingress_data_q_reg","0.063000000"
"u_dut/u_unified_p4_kernel/ingress_data_q_reg[62]/D","u_dut/kernel_h_rd_raw_group_q_reg[0]_replica/C","-0.030000000","clk","clk","clk","u_dut/kernel_h_rd_raw_group_q_reg[0]_replica","FDCE","u_dut/kernel_h_rd_raw_group_q_reg_replica","u_dut/u_unified_p4_kernel/ingress_data_q_reg[62]","FDRE","u_dut/u_unified_p4_kernel/ingress_data_q_reg","5","0.392000000","1.533000000","1.925000000","0.796363636","SLICE_X76Y24","SLICE_X77Y29","","","SIGNATURE_SKIPPED|FDCE|FDRE","SIGNATURE_SKIPPED|FDCE|FDRE","DUT_INTERNAL","u_dut/kernel_h_rd_raw_group_q_reg_replica","u_dut/u_unified_p4_kernel/ingress_data_q_reg","0.030000000"
"u_dut/u_unified_p4_kernel/ingress_data_q_reg[6]/D","u_dut/kernel_h_rd_raw_vector_q_reg[1]/C","-0.079000000","clk","clk","clk","u_dut/kernel_h_rd_raw_vector_q_reg[1]","FDCE","u_dut/kernel_h_rd_raw_vector_q_reg","u_dut/u_unified_p4_kernel/ingress_data_q_reg[6]","FDRE","u_dut/u_unified_p4_kernel/ingress_data_q_reg","4","0.561000000","1.399000000","1.960000000","0.713775510","SLICE_X78Y28","SLICE_X74Y30","","","SIGNATURE_SKIPPED|FDCE|FDRE","SIGNATURE_SKIPPED|FDCE|FDRE","DUT_INTERNAL","u_dut/kernel_h_rd_raw_vector_q_reg","u_dut/u_unified_p4_kernel/ingress_data_q_reg","0.079000000"
"u_dut/u_unified_p4_kernel/ingress_data_q_reg[7]/D","u_dut/kernel_h_rd_raw_vector_q_reg[1]/C","-0.045000000","clk","clk","clk","u_dut/kernel_h_rd_raw_vector_q_reg[1]","FDCE","u_dut/kernel_h_rd_raw_vector_q_reg","u_dut/u_unified_p4_kernel/ingress_data_q_reg[7]","FDRE","u_dut/u_unified_p4_kernel/ingress_data_q_reg","4","0.606000000","1.324000000","1.930000000","0.686010363","SLICE_X78Y28","SLICE_X73Y30","","","SIGNATURE_SKIPPED|FDCE|FDRE","SIGNATURE_SKIPPED|FDCE|FDRE","DUT_INTERNAL","u_dut/kernel_h_rd_raw_vector_q_reg","u_dut/u_unified_p4_kernel/ingress_data_q_reg","0.045000000"
"u_dut/u_unified_p4_kernel/ingress_data_q_reg[8]/D","u_dut/kernel_h_rd_raw_group_q_reg[0]_replica/C","-0.059000000","clk","clk","clk","u_dut/kernel_h_rd_raw_group_q_reg[0]_replica","FDCE","u_dut/kernel_h_rd_raw_group_q_reg_replica","u_dut/u_unified_p4_kernel/ingress_data_q_reg[8]","FDRE","u_dut/u_unified_p4_kernel/ingress_data_q_reg","5","0.483000000","1.473000000","1.956000000","0.753067485","SLICE_X76Y24","SLICE_X73Y29","","","SIGNATURE_SKIPPED|FDCE|FDRE","SIGNATURE_SKIPPED|FDCE|FDRE","DUT_INTERNAL","u_dut/kernel_h_rd_raw_group_q_reg_replica","u_dut/u_unified_p4_kernel/ingress_data_q_reg","0.059000000"
"u_dut/u_unified_p4_kernel/ingress_data_q_reg[9]/D","u_dut/kernel_h_rd_raw_vector_q_reg[1]/C","-0.005000000","clk","clk","clk","u_dut/kernel_h_rd_raw_vector_q_reg[1]","FDCE","u_dut/kernel_h_rd_raw_vector_q_reg","u_dut/u_unified_p4_kernel/ingress_data_q_reg[9]","FDRE","u_dut/u_unified_p4_kernel/ingress_data_q_reg","4","0.560000000","1.333000000","1.893000000","0.704173270","SLICE_X78Y28","SLICE_X73Y29","","","SIGNATURE_SKIPPED|FDCE|FDRE","SIGNATURE_SKIPPED|FDCE|FDRE","DUT_INTERNAL","u_dut/kernel_h_rd_raw_vector_q_reg","u_dut/u_unified_p4_kernel/ingress_data_q_reg","0.005000000"
"u_dut/u_unified_p4_kernel/input_mem_reg[0][12][0]/CE","u_dut/u_unified_p4_kernel/ingress_valid_q_reg/C","-0.006000000","clk","clk","clk","u_dut/u_unified_p4_kernel/ingress_valid_q_reg","FDCE","u_dut/u_unified_p4_kernel/ingress_valid_q_reg","u_dut/u_unified_p4_kernel/input_mem_reg[0][12][0]","FDRE","u_dut/u_unified_p4_kernel/input_mem_reg","2","0.281000000","1.550000000","1.831000000","0.846531950","SLICE_X70Y44","SLICE_X94Y36","","","SIGNATURE_SKIPPED|FDCE|FDRE","SIGNATURE_SKIPPED|FDCE|FDRE","DUT_INTERNAL","u_dut/u_unified_p4_kernel/ingress_valid_q_reg","u_dut/u_unified_p4_kernel/input_mem_reg","0.006000000"
"u_dut/u_unified_p4_kernel/input_mem_reg[0][12][5]/CE","u_dut/u_unified_p4_kernel/ingress_valid_q_reg/C","-0.006000000","clk","clk","clk","u_dut/u_unified_p4_kernel/ingress_valid_q_reg","FDCE","u_dut/u_unified_p4_kernel/ingress_valid_q_reg","u_dut/u_unified_p4_kernel/input_mem_reg[0][12][5]","FDRE","u_dut/u_unified_p4_kernel/input_mem_reg","2","0.281000000","1.550000000","1.831000000","0.846531950","SLICE_X70Y44","SLICE_X94Y36","","","SIGNATURE_SKIPPED|FDCE|FDRE","SIGNATURE_SKIPPED|FDCE|FDRE","DUT_INTERNAL","u_dut/u_unified_p4_kernel/ingress_valid_q_reg","u_dut/u_unified_p4_kernel/input_mem_reg","0.006000000"
"u_dut/u_unified_p4_kernel/input_mem_reg[0][17][6]/CE","u_dut/u_unified_p4_kernel/ingress_group_q_reg[4]/C","-0.010000000","clk","clk","clk","u_dut/u_unified_p4_kernel/ingress_group_q_reg[4]","FDCE","u_dut/u_unified_p4_kernel/ingress_group_q_reg","u_dut/u_unified_p4_kernel/input_mem_reg[0][17][6]","FDRE","u_dut/u_unified_p4_kernel/input_mem_reg","2","0.314000000","1.550000000","1.864000000","0.831545064","SLICE_X70Y45","SLICE_X100Y53","","","SIGNATURE_SKIPPED|FDCE|FDRE","SIGNATURE_SKIPPED|FDCE|FDRE","DUT_INTERNAL","u_dut/u_unified_p4_kernel/ingress_group_q_reg","u_dut/u_unified_p4_kernel/input_mem_reg","0.010000000"
"u_dut/u_unified_p4_kernel/input_mem_reg[0][39][5]/D","u_dut/u_unified_p4_kernel/ingress_data_q_reg[53]/C","-0.062000000","clk","clk","clk","u_dut/u_unified_p4_kernel/ingress_data_q_reg[53]","FDRE","u_dut/u_unified_p4_kernel/ingress_data_q_reg","u_dut/u_unified_p4_kernel/input_mem_reg[0][39][5]","FDRE","u_dut/u_unified_p4_kernel/input_mem_reg","0","0.079000000","1.868000000","1.947000000","0.959424756","SLICE_X76Y25","SLICE_X88Y77","","","SIGNATURE_SKIPPED|FDRE|FDRE","SIGNATURE_SKIPPED|FDRE|FDRE","DUT_INTERNAL","u_dut/u_unified_p4_kernel/ingress_data_q_reg","u_dut/u_unified_p4_kernel/input_mem_reg","0.062000000"
"u_dut/u_unified_p4_kernel/input_mem_reg[0][41][3]/D","u_dut/u_unified_p4_kernel/ingress_data_q_reg[19]/C","-0.061000000","clk","clk","clk","u_dut/u_unified_p4_kernel/ingress_data_q_reg[19]","FDRE","u_dut/u_unified_p4_kernel/ingress_data_q_reg","u_dut/u_unified_p4_kernel/input_mem_reg[0][41][3]","FDRE","u_dut/u_unified_p4_kernel/input_mem_reg","0","0.079000000","1.956000000","2.035000000","0.961179361","SLICE_X76Y28","SLICE_X96Y69","","","SIGNATURE_SKIPPED|FDRE|FDRE","SIGNATURE_SKIPPED|FDRE|FDRE","DUT_INTERNAL","u_dut/u_unified_p4_kernel/ingress_data_q_reg","u_dut/u_unified_p4_kernel/input_mem_reg","0.061000000"
"u_dut/u_unified_p4_kernel/input_mem_reg[0][45][10]/D","u_dut/u_unified_p4_kernel/ingress_data_q_reg[26]/C","-0.022000000","clk","clk","clk","u_dut/u_unified_p4_kernel/ingress_data_q_reg[26]","FDRE","u_dut/u_unified_p4_kernel/ingress_data_q_reg","u_dut/u_unified_p4_kernel/input_mem_reg[0][45][10]","FDRE","u_dut/u_unified_p4_kernel/input_mem_reg","0","0.079000000","1.908000000","1.987000000","0.960241570","SLICE_X78Y28","SLICE_X90Y65","","","SIGNATURE_SKIPPED|FDRE|FDRE","SIGNATURE_SKIPPED|FDRE|FDRE","DUT_INTERNAL","u_dut/u_unified_p4_kernel/ingress_data_q_reg","u_dut/u_unified_p4_kernel/input_mem_reg","0.022000000"
"u_dut/u_unified_p4_kernel/input_mem_reg[0][52][12]/CE","u_dut/u_unified_p4_kernel/ingress_valid_q_reg/C","-0.043000000","clk","clk","clk","u_dut/u_unified_p4_kernel/ingress_valid_q_reg","FDCE","u_dut/u_unified_p4_kernel/ingress_valid_q_reg","u_dut/u_unified_p4_kernel/input_mem_reg[0][52][12]","FDRE","u_dut/u_unified_p4_kernel/input_mem_reg","2","0.279000000","1.530000000","1.809000000","0.845771144","SLICE_X70Y44","SLICE_X86Y50","","","SIGNATURE_SKIPPED|FDCE|FDRE","SIGNATURE_SKIPPED|FDCE|FDRE","DUT_INTERNAL","u_dut/u_unified_p4_kernel/ingress_valid_q_reg","u_dut/u_unified_p4_kernel/input_mem_reg","0.043000000"
"u_dut/u_unified_p4_kernel/input_mem_reg[0][53][10]/D","u_dut/u_unified_p4_kernel/ingress_data_q_reg[26]/C","-0.058000000","clk","clk","clk","u_dut/u_unified_p4_kernel/ingress_data_q_reg[26]","FDRE","u_dut/u_unified_p4_kernel/ingress_data_q_reg","u_dut/u_unified_p4_kernel/input_mem_reg[0][53][10]","FDRE","u_dut/u_unified_p4_kernel/input_mem_reg","0","0.079000000","1.868000000","1.947000000","0.959424756","SLICE_X78Y28","SLICE_X85Y82","","","SIGNATURE_SKIPPED|FDRE|FDRE","SIGNATURE_SKIPPED|FDRE|FDRE","DUT_INTERNAL","u_dut/u_unified_p4_kernel/ingress_data_q_reg","u_dut/u_unified_p4_kernel/input_mem_reg","0.058000000"
"u_dut/u_unified_p4_kernel/input_mem_reg[0][54][5]/D","u_dut/u_unified_p4_kernel/ingress_data_q_reg[37]/C","-0.028000000","clk","clk","clk","u_dut/u_unified_p4_kernel/ingress_data_q_reg[37]","FDRE","u_dut/u_unified_p4_kernel/ingress_data_q_reg","u_dut/u_unified_p4_kernel/input_mem_reg[0][54][5]","FDRE","u_dut/u_unified_p4_kernel/input_mem_reg","0","0.079000000","1.834000000","1.913000000","0.958703607","SLICE_X76Y27","SLICE_X85Y80","","","SIGNATURE_SKIPPED|FDRE|FDRE","SIGNATURE_SKIPPED|FDRE|FDRE","DUT_INTERNAL","u_dut/u_unified_p4_kernel/ingress_data_q_reg","u_dut/u_unified_p4_kernel/input_mem_reg","0.028000000"
"u_dut/u_unified_p4_kernel/input_mem_reg[0][54][6]/D","u_dut/u_unified_p4_kernel/ingress_data_q_reg[38]/C","-0.034000000","clk","clk","clk","u_dut/u_unified_p4_kernel/ingress_data_q_reg[38]","FDRE","u_dut/u_unified_p4_kernel/ingress_data_q_reg","u_dut/u_unified_p4_kernel/input_mem_reg[0][54][6]","FDRE","u_dut/u_unified_p4_kernel/input_mem_reg","0","0.079000000","1.834000000","1.913000000","0.958703607","SLICE_X77Y28","SLICE_X85Y80","","","SIGNATURE_SKIPPED|FDRE|FDRE","SIGNATURE_SKIPPED|FDRE|FDRE","DUT_INTERNAL","u_dut/u_unified_p4_kernel/ingress_data_q_reg","u_dut/u_unified_p4_kernel/input_mem_reg","0.034000000"
"u_dut/u_unified_p4_kernel/input_mem_reg[1][17][3]/D","u_dut/u_unified_p4_kernel/ingress_data_q_reg[19]/C","-0.066000000","clk","clk","clk","u_dut/u_unified_p4_kernel/ingress_data_q_reg[19]","FDRE","u_dut/u_unified_p4_kernel/ingress_data_q_reg","u_dut/u_unified_p4_kernel/input_mem_reg[1][17][3]","FDRE","u_dut/u_unified_p4_kernel/input_mem_reg","0","0.079000000","1.889000000","1.968000000","0.959857724","SLICE_X76Y28","SLICE_X86Y59","","","SIGNATURE_SKIPPED|FDRE|FDRE","SIGNATURE_SKIPPED|FDRE|FDRE","DUT_INTERNAL","u_dut/u_unified_p4_kernel/ingress_data_q_reg","u_dut/u_unified_p4_kernel/input_mem_reg","0.066000000"
"u_dut/u_unified_p4_kernel/input_mem_reg[1][37][10]/D","u_dut/u_unified_p4_kernel/ingress_data_q_reg[26]/C","-0.015000000","clk","clk","clk","u_dut/u_unified_p4_kernel/ingress_data_q_reg[26]","FDRE","u_dut/u_unified_p4_kernel/ingress_data_q_reg","u_dut/u_unified_p4_kernel/input_mem_reg[1][37][10]","FDRE","u_dut/u_unified_p4_kernel/input_mem_reg","0","0.079000000","1.833000000","1.912000000","0.958682008","SLICE_X78Y28","SLICE_X87Y75","","","SIGNATURE_SKIPPED|FDRE|FDRE","SIGNATURE_SKIPPED|FDRE|FDRE","DUT_INTERNAL","u_dut/u_unified_p4_kernel/ingress_data_q_reg","u_dut/u_unified_p4_kernel/input_mem_reg","0.015000000"
"u_dut/u_unified_p4_kernel/input_mem_reg[1][38][14]/D","u_dut/u_unified_p4_kernel/ingress_data_q_reg[46]/C","-0.042000000","clk","clk","clk","u_dut/u_unified_p4_kernel/ingress_data_q_reg[46]","FDRE","u_dut/u_unified_p4_kernel/ingress_data_q_reg","u_dut/u_unified_p4_kernel/input_mem_reg[1][38][14]","FDRE","u_dut/u_unified_p4_kernel/input_mem_reg","0","0.079000000","1.866000000","1.945000000","0.959383033","SLICE_X76Y27","SLICE_X87Y75","","","SIGNATURE_SKIPPED|FDRE|FDRE","SIGNATURE_SKIPPED|FDRE|FDRE","DUT_INTERNAL","u_dut/u_unified_p4_kernel/ingress_data_q_reg","u_dut/u_unified_p4_kernel/input_mem_reg","0.042000000"
"u_dut/u_unified_p4_kernel/input_mem_reg[1][39][14]/D","u_dut/u_unified_p4_kernel/ingress_data_q_reg[62]/C","-0.015000000","clk","clk","clk","u_dut/u_unified_p4_kernel/ingress_data_q_reg[62]","FDRE","u_dut/u_unified_p4_kernel/ingress_data_q_reg","u_dut/u_unified_p4_kernel/input_mem_reg[1][39][14]","FDRE","u_dut/u_unified_p4_kernel/input_mem_reg","0","0.079000000","1.830000000","1.909000000","0.958617077","SLICE_X77Y29","SLICE_X88Y72","","","SIGNATURE_SKIPPED|FDRE|FDRE","SIGNATURE_SKIPPED|FDRE|FDRE","DUT_INTERNAL","u_dut/u_unified_p4_kernel/ingress_data_q_reg","u_dut/u_unified_p4_kernel/input_mem_reg","0.015000000"
"u_dut/u_unified_p4_kernel/input_mem_reg[1][55][5]/D","u_dut/u_unified_p4_kernel/ingress_data_q_reg[53]/C","-0.016000000","clk","clk","clk","u_dut/u_unified_p4_kernel/ingress_data_q_reg[53]","FDRE","u_dut/u_unified_p4_kernel/ingress_data_q_reg","u_dut/u_unified_p4_kernel/input_mem_reg[1][55][5]","FDRE","u_dut/u_unified_p4_kernel/input_mem_reg","0","0.079000000","1.845000000","1.924000000","0.958939709","SLICE_X76Y25","SLICE_X77Y83","","","SIGNATURE_SKIPPED|FDRE|FDRE","SIGNATURE_SKIPPED|FDRE|FDRE","DUT_INTERNAL","u_dut/u_unified_p4_kernel/ingress_data_q_reg","u_dut/u_unified_p4_kernel/input_mem_reg","0.016000000"
"u_dut/u_unified_p4_kernel/input_mem_reg[1][55][8]/D","u_dut/u_unified_p4_kernel/ingress_data_q_reg[56]/C","-0.015000000","clk","clk","clk","u_dut/u_unified_p4_kernel/ingress_data_q_reg[56]","FDRE","u_dut/u_unified_p4_kernel/ingress_data_q_reg","u_dut/u_unified_p4_kernel/input_mem_reg[1][55][8]","FDRE","u_dut/u_unified_p4_kernel/input_mem_reg","0","0.079000000","1.831000000","1.910000000","0.958638743","SLICE_X77Y29","SLICE_X85Y77","","","SIGNATURE_SKIPPED|FDRE|FDRE","SIGNATURE_SKIPPED|FDRE|FDRE","DUT_INTERNAL","u_dut/u_unified_p4_kernel/ingress_data_q_reg","u_dut/u_unified_p4_kernel/input_mem_reg","0.015000000"
"u_dut/u_unified_p4_kernel/input_mem_reg[2][32][15]/CE","u_dut/u_unified_p4_kernel/ingress_group_q_reg[4]/C","-0.048000000","clk","clk","clk","u_dut/u_unified_p4_kernel/ingress_group_q_reg[4]","FDCE","u_dut/u_unified_p4_kernel/ingress_group_q_reg","u_dut/u_unified_p4_kernel/input_mem_reg[2][32][15]","FDRE","u_dut/u_unified_p4_kernel/input_mem_reg","1","0.231000000","1.657000000","1.888000000","0.877648305","SLICE_X70Y45","SLICE_X94Y54","","","SIGNATURE_SKIPPED|FDCE|FDRE","SIGNATURE_SKIPPED|FDCE|FDRE","DUT_INTERNAL","u_dut/u_unified_p4_kernel/ingress_group_q_reg","u_dut/u_unified_p4_kernel/input_mem_reg","0.048000000"
"u_dut/u_unified_p4_kernel/input_mem_reg[2][32][6]/CE","u_dut/u_unified_p4_kernel/ingress_group_q_reg[4]/C","-0.048000000","clk","clk","clk","u_dut/u_unified_p4_kernel/ingress_group_q_reg[4]","FDCE","u_dut/u_unified_p4_kernel/ingress_group_q_reg","u_dut/u_unified_p4_kernel/input_mem_reg[2][32][6]","FDRE","u_dut/u_unified_p4_kernel/input_mem_reg","1","0.231000000","1.657000000","1.888000000","0.877648305","SLICE_X70Y45","SLICE_X94Y54","","","SIGNATURE_SKIPPED|FDCE|FDRE","SIGNATURE_SKIPPED|FDCE|FDRE","DUT_INTERNAL","u_dut/u_unified_p4_kernel/ingress_group_q_reg","u_dut/u_unified_p4_kernel/input_mem_reg","0.048000000"
"u_dut/u_unified_p4_kernel/input_mem_reg[2][39][15]/CE","u_dut/u_unified_p4_kernel/ingress_group_q_reg[4]/C","-0.026000000","clk","clk","clk","u_dut/u_unified_p4_kernel/ingress_group_q_reg[4]","FDCE","u_dut/u_unified_p4_kernel/ingress_group_q_reg","u_dut/u_unified_p4_kernel/input_mem_reg[2][39][15]","FDRE","u_dut/u_unified_p4_kernel/input_mem_reg","2","0.258000000","1.545000000","1.803000000","0.856905158","SLICE_X70Y45","SLICE_X87Y76","","","SIGNATURE_SKIPPED|FDCE|FDRE","SIGNATURE_SKIPPED|FDCE|FDRE","DUT_INTERNAL","u_dut/u_unified_p4_kernel/ingress_group_q_reg","u_dut/u_unified_p4_kernel/input_mem_reg","0.026000000"
"u_dut/u_unified_p4_kernel/input_mem_reg[2][39][2]/CE","u_dut/u_unified_p4_kernel/ingress_group_q_reg[4]/C","-0.028000000","clk","clk","clk","u_dut/u_unified_p4_kernel/ingress_group_q_reg[4]","FDCE","u_dut/u_unified_p4_kernel/ingress_group_q_reg","u_dut/u_unified_p4_kernel/input_mem_reg[2][39][2]","FDRE","u_dut/u_unified_p4_kernel/input_mem_reg","2","0.258000000","1.547000000","1.805000000","0.857063712","SLICE_X70Y45","SLICE_X87Y76","","","SIGNATURE_SKIPPED|FDCE|FDRE","SIGNATURE_SKIPPED|FDCE|FDRE","DUT_INTERNAL","u_dut/u_unified_p4_kernel/ingress_group_q_reg","u_dut/u_unified_p4_kernel/input_mem_reg","0.028000000"
"u_dut/u_unified_p4_kernel/input_mem_reg[2][44][2]/D","u_dut/u_unified_p4_kernel/ingress_data_q_reg[2]/C","-0.001000000","clk","clk","clk","u_dut/u_unified_p4_kernel/ingress_data_q_reg[2]","FDRE","u_dut/u_unified_p4_kernel/ingress_data_q_reg","u_dut/u_unified_p4_kernel/input_mem_reg[2][44][2]","FDRE","u_dut/u_unified_p4_kernel/input_mem_reg","0","0.078000000","1.874000000","1.952000000","0.960040984","SLICE_X74Y28","SLICE_X94Y54","","","SIGNATURE_SKIPPED|FDRE|FDRE","SIGNATURE_SKIPPED|FDRE|FDRE","DUT_INTERNAL","u_dut/u_unified_p4_kernel/ingress_data_q_reg","u_dut/u_unified_p4_kernel/input_mem_reg","0.001000000"
"u_dut/u_unified_p4_kernel/input_mem_reg[2][53][10]/D","u_dut/u_unified_p4_kernel/ingress_data_q_reg[26]/C","-0.008000000","clk","clk","clk","u_dut/u_unified_p4_kernel/ingress_data_q_reg[26]","FDRE","u_dut/u_unified_p4_kernel/ingress_data_q_reg","u_dut/u_unified_p4_kernel/input_mem_reg[2][53][10]","FDRE","u_dut/u_unified_p4_kernel/input_mem_reg","0","0.079000000","1.818000000","1.897000000","0.958355298","SLICE_X78Y28","SLICE_X85Y82","","","SIGNATURE_SKIPPED|FDRE|FDRE","SIGNATURE_SKIPPED|FDRE|FDRE","DUT_INTERNAL","u_dut/u_unified_p4_kernel/ingress_data_q_reg","u_dut/u_unified_p4_kernel/input_mem_reg","0.008000000"
"u_dut/u_unified_p4_kernel/input_mem_reg[2][62][14]/CE","u_dut/u_unified_p4_kernel/ingress_group_q_reg[4]/C","-0.009000000","clk","clk","clk","u_dut/u_unified_p4_kernel/ingress_group_q_reg[4]","FDCE","u_dut/u_unified_p4_kernel/ingress_group_q_reg","u_dut/u_unified_p4_kernel/input_mem_reg[2][62][14]","FDRE","u_dut/u_unified_p4_kernel/input_mem_reg","2","0.213000000","1.647000000","1.860000000","0.885483871","SLICE_X70Y45","SLICE_X100Y23","","","SIGNATURE_SKIPPED|FDCE|FDRE","SIGNATURE_SKIPPED|FDCE|FDRE","DUT_INTERNAL","u_dut/u_unified_p4_kernel/ingress_group_q_reg","u_dut/u_unified_p4_kernel/input_mem_reg","0.009000000"
"u_dut/u_unified_p4_kernel/input_mem_reg[3][14][7]/CE","u_dut/u_unified_p4_kernel/ingress_group_q_reg[4]/C","-0.004000000","clk","clk","clk","u_dut/u_unified_p4_kernel/ingress_group_q_reg[4]","FDCE","u_dut/u_unified_p4_kernel/ingress_group_q_reg","u_dut/u_unified_p4_kernel/input_mem_reg[3][14][7]","FDRE","u_dut/u_unified_p4_kernel/input_mem_reg","2","0.204000000","1.687000000","1.891000000","0.892120571","SLICE_X70Y45","SLICE_X102Y37","","","SIGNATURE_SKIPPED|FDCE|FDRE","SIGNATURE_SKIPPED|FDCE|FDRE","DUT_INTERNAL","u_dut/u_unified_p4_kernel/ingress_group_q_reg","u_dut/u_unified_p4_kernel/input_mem_reg","0.004000000"
"u_dut/u_unified_p4_kernel/input_mem_reg[3][17][11]/CE","u_dut/u_unified_p4_kernel/ingress_group_q_reg[1]/C","-0.004000000","clk","clk","clk","u_dut/u_unified_p4_kernel/ingress_group_q_reg[1]","FDCE","u_dut/u_unified_p4_kernel/ingress_group_q_reg","u_dut/u_unified_p4_kernel/input_mem_reg[3][17][11]","FDRE","u_dut/u_unified_p4_kernel/input_mem_reg","2","0.267000000","1.544000000","1.811000000","0.852567642","SLICE_X74Y36","SLICE_X84Y70","","","SIGNATURE_SKIPPED|FDCE|FDRE","SIGNATURE_SKIPPED|FDCE|FDRE","DUT_INTERNAL","u_dut/u_unified_p4_kernel/ingress_group_q_reg","u_dut/u_unified_p4_kernel/input_mem_reg","0.004000000"
"u_dut/u_unified_p4_kernel/input_mem_reg[3][17][14]/CE","u_dut/u_unified_p4_kernel/ingress_group_q_reg[1]/C","-0.004000000","clk","clk","clk","u_dut/u_unified_p4_kernel/ingress_group_q_reg[1]","FDCE","u_dut/u_unified_p4_kernel/ingress_group_q_reg","u_dut/u_unified_p4_kernel/input_mem_reg[3][17][14]","FDRE","u_dut/u_unified_p4_kernel/input_mem_reg","2","0.267000000","1.544000000","1.811000000","0.852567642","SLICE_X74Y36","SLICE_X84Y70","","","SIGNATURE_SKIPPED|FDCE|FDRE","SIGNATURE_SKIPPED|FDCE|FDRE","DUT_INTERNAL","u_dut/u_unified_p4_kernel/ingress_group_q_reg","u_dut/u_unified_p4_kernel/input_mem_reg","0.004000000"
"u_dut/u_unified_p4_kernel/input_mem_reg[3][36][10]/D","u_dut/u_unified_p4_kernel/ingress_data_q_reg[10]/C","-0.007000000","clk","clk","clk","u_dut/u_unified_p4_kernel/ingress_data_q_reg[10]","FDRE","u_dut/u_unified_p4_kernel/ingress_data_q_reg","u_dut/u_unified_p4_kernel/input_mem_reg[3][36][10]","FDRE","u_dut/u_unified_p4_kernel/input_mem_reg","0","0.079000000","1.909000000","1.988000000","0.960261569","SLICE_X73Y30","SLICE_X94Y73","","","SIGNATURE_SKIPPED|FDRE|FDRE","SIGNATURE_SKIPPED|FDRE|FDRE","DUT_INTERNAL","u_dut/u_unified_p4_kernel/ingress_data_q_reg","u_dut/u_unified_p4_kernel/input_mem_reg","0.007000000"
"u_dut/u_unified_p4_kernel/input_mem_reg[3][51][8]/D","u_dut/u_unified_p4_kernel/ingress_data_q_reg[56]/C","-0.055000000","clk","clk","clk","u_dut/u_unified_p4_kernel/ingress_data_q_reg[56]","FDRE","u_dut/u_unified_p4_kernel/ingress_data_q_reg","u_dut/u_unified_p4_kernel/input_mem_reg[3][51][8]","FDRE","u_dut/u_unified_p4_kernel/input_mem_reg","0","0.079000000","1.870000000","1.949000000","0.959466393","SLICE_X77Y29","SLICE_X85Y77","","","SIGNATURE_SKIPPED|FDRE|FDRE","SIGNATURE_SKIPPED|FDRE|FDRE","DUT_INTERNAL","u_dut/u_unified_p4_kernel/ingress_data_q_reg","u_dut/u_unified_p4_kernel/input_mem_reg","0.055000000"
"u_dut/u_unified_p4_kernel/input_mem_reg[3][55][5]/D","u_dut/u_unified_p4_kernel/ingress_data_q_reg[53]/C","-0.024000000","clk","clk","clk","u_dut/u_unified_p4_kernel/ingress_data_q_reg[53]","FDRE","u_dut/u_unified_p4_kernel/ingress_data_q_reg","u_dut/u_unified_p4_kernel/input_mem_reg[3][55][5]","FDRE","u_dut/u_unified_p4_kernel/input_mem_reg","0","0.079000000","1.852000000","1.931000000","0.959088555","SLICE_X76Y25","SLICE_X77Y82","","","SIGNATURE_SKIPPED|FDRE|FDRE","SIGNATURE_SKIPPED|FDRE|FDRE","DUT_INTERNAL","u_dut/u_unified_p4_kernel/ingress_data_q_reg","u_dut/u_unified_p4_kernel/input_mem_reg","0.024000000"
"u_dut/u_unified_p4_kernel/input_mem_reg[3][55][8]/D","u_dut/u_unified_p4_kernel/ingress_data_q_reg[56]/C","-0.036000000","clk","clk","clk","u_dut/u_unified_p4_kernel/ingress_data_q_reg[56]","FDRE","u_dut/u_unified_p4_kernel/ingress_data_q_reg","u_dut/u_unified_p4_kernel/input_mem_reg[3][55][8]","FDRE","u_dut/u_unified_p4_kernel/input_mem_reg","0","0.079000000","1.860000000","1.939000000","0.959257349","SLICE_X77Y29","SLICE_X86Y76","","","SIGNATURE_SKIPPED|FDRE|FDRE","SIGNATURE_SKIPPED|FDRE|FDRE","DUT_INTERNAL","u_dut/u_unified_p4_kernel/ingress_data_q_reg","u_dut/u_unified_p4_kernel/input_mem_reg","0.036000000"
"u_dut/u_unified_p4_kernel/input_mem_reg[3][55][9]/D","u_dut/u_unified_p4_kernel/ingress_data_q_reg[57]/C","-0.020000000","clk","clk","clk","u_dut/u_unified_p4_kernel/ingress_data_q_reg[57]","FDRE","u_dut/u_unified_p4_kernel/ingress_data_q_reg","u_dut/u_unified_p4_kernel/input_mem_reg[3][55][9]","FDRE","u_dut/u_unified_p4_kernel/input_mem_reg","0","0.079000000","1.830000000","1.909000000","0.958617077","SLICE_X76Y27","SLICE_X81Y77","","","SIGNATURE_SKIPPED|FDRE|FDRE","SIGNATURE_SKIPPED|FDRE|FDRE","DUT_INTERNAL","u_dut/u_unified_p4_kernel/ingress_data_q_reg","u_dut/u_unified_p4_kernel/input_mem_reg","0.020000000"
"u_dut/u_unified_p4_kernel/issue_desc_bundle_addr_q_reg[2]_rep__2/D","u_dut/u_unified_p4_kernel/ready_count_q_reg[2]/C","-0.009000000","clk","clk","clk","u_dut/u_unified_p4_kernel/ready_count_q_reg[2]","FDCE","u_dut/u_unified_p4_kernel/ready_count_q_reg","u_dut/u_unified_p4_kernel/issue_desc_bundle_addr_q_reg[2]_rep__2","FDCE","u_dut/u_unified_p4_kernel/issue_desc_bundle_addr_q_reg_rep__2","4","0.464000000","1.439000000","1.903000000","0.756174461","SLICE_X72Y51","SLICE_X79Y60","","","SIGNATURE_SKIPPED|FDCE|FDCE","SIGNATURE_SKIPPED|FDCE|FDCE","DUT_INTERNAL","u_dut/u_unified_p4_kernel/ready_count_q_reg","u_dut/u_unified_p4_kernel/issue_desc_bundle_addr_q_reg_rep__2","0.009000000"
"u_dut/u_unified_p4_kernel/issue_desc_bundle_addr_q_reg[2]_rep__5/D","u_dut/u_unified_p4_kernel/ready_count_q_reg[2]/C","-0.036000000","clk","clk","clk","u_dut/u_unified_p4_kernel/ready_count_q_reg[2]","FDCE","u_dut/u_unified_p4_kernel/ready_count_q_reg","u_dut/u_unified_p4_kernel/issue_desc_bundle_addr_q_reg[2]_rep__5","FDCE","u_dut/u_unified_p4_kernel/issue_desc_bundle_addr_q_reg_rep__5","4","0.470000000","1.466000000","1.936000000","0.757231405","SLICE_X72Y51","SLICE_X75Y75","","","SIGNATURE_SKIPPED|FDCE|FDCE","SIGNATURE_SKIPPED|FDCE|FDCE","DUT_INTERNAL","u_dut/u_unified_p4_kernel/ready_count_q_reg","u_dut/u_unified_p4_kernel/issue_desc_bundle_addr_q_reg_rep__5","0.036000000"
"u_dut/u_unified_p4_kernel/issue_desc_bundle_addr_q_reg[3]_rep__11/D","u_dut/u_unified_p4_kernel/ready_count_q_reg[2]/C","-0.004000000","clk","clk","clk","u_dut/u_unified_p4_kernel/ready_count_q_reg[2]","FDCE","u_dut/u_unified_p4_kernel/ready_count_q_reg","u_dut/u_unified_p4_kernel/issue_desc_bundle_addr_q_reg[3]_rep__11","FDCE","u_dut/u_unified_p4_kernel/issue_desc_bundle_addr_q_reg_rep__11","4","0.462000000","1.454000000","1.916000000","0.758872651","SLICE_X72Y51","SLICE_X74Y73","","","SIGNATURE_SKIPPED|FDCE|FDCE","SIGNATURE_SKIPPED|FDCE|FDCE","DUT_INTERNAL","u_dut/u_unified_p4_kernel/ready_count_q_reg","u_dut/u_unified_p4_kernel/issue_desc_bundle_addr_q_reg_rep__11","0.004000000"
"u_dut/u_unified_p4_kernel/issue_desc_bundle_addr_q_reg[5]_rep/D","u_dut/u_unified_p4_kernel/ready_count_q_reg[2]/C","-0.131000000","clk","clk","clk","u_dut/u_unified_p4_kernel/ready_count_q_reg[2]","FDCE","u_dut/u_unified_p4_kernel/ready_count_q_reg","u_dut/u_unified_p4_kernel/issue_desc_bundle_addr_q_reg[5]_rep","FDCE","u_dut/u_unified_p4_kernel/issue_desc_bundle_addr_q_reg_rep","3","0.375000000","1.634000000","2.009000000","0.813339970","SLICE_X72Y51","SLICE_X79Y57","","","SIGNATURE_SKIPPED|FDCE|FDCE","SIGNATURE_SKIPPED|FDCE|FDCE","DUT_INTERNAL","u_dut/u_unified_p4_kernel/ready_count_q_reg","u_dut/u_unified_p4_kernel/issue_desc_bundle_addr_q_reg_rep","0.131000000"
"u_dut/u_unified_p4_kernel/issue_desc_last_q_reg/D","u_dut/u_unified_p4_kernel/ready_count_q_reg[2]/C","-0.009000000","clk","clk","clk","u_dut/u_unified_p4_kernel/ready_count_q_reg[2]","FDCE","u_dut/u_unified_p4_kernel/ready_count_q_reg","u_dut/u_unified_p4_kernel/issue_desc_last_q_reg","FDCE","u_dut/u_unified_p4_kernel/issue_desc_last_q_reg","5","0.640000000","1.324000000","1.964000000","0.674134420","SLICE_X72Y51","SLICE_X72Y54","","","SIGNATURE_SKIPPED|FDCE|FDCE","SIGNATURE_SKIPPED|FDCE|FDCE","DUT_INTERNAL","u_dut/u_unified_p4_kernel/ready_count_q_reg","u_dut/u_unified_p4_kernel/issue_desc_last_q_reg","0.009000000"
"u_dut/u_unified_p4_kernel/product_q_reg[0][4]_i_3_psdsp/D","u_dut/u_unified_p4_kernel/issue_desc_bundle_addr_q_reg[4]_rep__8/C","-0.039000000","clk","clk","clk","u_dut/u_unified_p4_kernel/issue_desc_bundle_addr_q_reg[4]_rep__8","FDCE","u_dut/u_unified_p4_kernel/issue_desc_bundle_addr_q_reg_rep__8","u_dut/u_unified_p4_kernel/product_q_reg[0][4]_i_3_psdsp","FDRE","u_dut/u_unified_p4_kernel/product_q_reg_i_3_psdsp","3","0.272000000","1.628000000","1.900000000","0.856842105","SLICE_X75Y69","SLICE_X90Y59","","","SIGNATURE_SKIPPED|FDCE|FDRE","SIGNATURE_SKIPPED|FDCE|FDRE","DUT_INTERNAL","u_dut/u_unified_p4_kernel/issue_desc_bundle_addr_q_reg_rep__8","u_dut/u_unified_p4_kernel/product_q_reg_i_3_psdsp","0.039000000"
"u_dut/u_unified_p4_kernel/product_q_reg[0][7]_i_8_psdsp/D","u_dut/u_unified_p4_kernel/issue_desc_bundle_addr_q_reg[5]_rep__2/C","-0.005000000","clk","clk","clk","u_dut/u_unified_p4_kernel/issue_desc_bundle_addr_q_reg[5]_rep__2","FDCE","u_dut/u_unified_p4_kernel/issue_desc_bundle_addr_q_reg_rep__2","u_dut/u_unified_p4_kernel/product_q_reg[0][7]_i_8_psdsp","FDRE","u_dut/u_unified_p4_kernel/product_q_reg_i_8_psdsp","3","0.350000000","1.419000000","1.769000000","0.802148106","SLICE_X76Y67","SLICE_X87Y48","","","SIGNATURE_SKIPPED|FDCE|FDRE","SIGNATURE_SKIPPED|FDCE|FDRE","DUT_INTERNAL","u_dut/u_unified_p4_kernel/issue_desc_bundle_addr_q_reg_rep__2","u_dut/u_unified_p4_kernel/product_q_reg_i_8_psdsp","0.005000000"
"u_dut/u_unified_p4_kernel/product_q_reg[0][9]/DSP_A_B_DATA_INST/A[1]","u_dut/u_unified_p4_kernel/issue_desc_bundle_addr_q_reg[3]_rep__15/C","-0.030000000","clk","clk","clk","u_dut/u_unified_p4_kernel/issue_desc_bundle_addr_q_reg[3]_rep__15","FDCE","u_dut/u_unified_p4_kernel/issue_desc_bundle_addr_q_reg_rep__15","u_dut/u_unified_p4_kernel/product_q_reg[0][9]/DSP_A_B_DATA_INST","DSP_A_B_DATA","u_dut/u_unified_p4_kernel/product_q_reg/DSP_A_B_DATA_INST","2","0.255000000","1.400000000","1.655000000","0.845921450","SLICE_X73Y69","DSP48E2_X12Y26","","","SIGNATURE_SKIPPED|FDCE|DSP_A_B_DATA","SIGNATURE_SKIPPED|FDCE|DSP_A_B_DATA","DUT_INTERNAL","u_dut/u_unified_p4_kernel/issue_desc_bundle_addr_q_reg_rep__15","u_dut/u_unified_p4_kernel/product_q_reg","0.030000000"
"u_dut/u_unified_p4_kernel/product_q_reg[1][14]_i_3_psdsp/D","u_dut/u_unified_p4_kernel/issue_desc_bundle_addr_q_reg[3]_rep__12/C","-0.003000000","clk","clk","clk","u_dut/u_unified_p4_kernel/issue_desc_bundle_addr_q_reg[3]_rep__12","FDCE","u_dut/u_unified_p4_kernel/issue_desc_bundle_addr_q_reg_rep__12","u_dut/u_unified_p4_kernel/product_q_reg[1][14]_i_3_psdsp","FDRE","u_dut/u_unified_p4_kernel/product_q_reg_i_3_psdsp","3","0.435000000","1.463000000","1.898000000","0.770811380","SLICE_X75Y69","SLICE_X86Y62","","","SIGNATURE_SKIPPED|FDCE|FDRE","SIGNATURE_SKIPPED|FDCE|FDRE","DUT_INTERNAL","u_dut/u_unified_p4_kernel/issue_desc_bundle_addr_q_reg_rep__12","u_dut/u_unified_p4_kernel/product_q_reg_i_3_psdsp","0.003000000"
"u_dut/u_unified_p4_kernel/product_q_reg[1][19]/DSP_A_B_DATA_INST/CEA2","u_dut/u_unified_p4_kernel/s0_valid_q_reg/C","-0.059000000","clk","clk","clk","u_dut/u_unified_p4_kernel/s0_valid_q_reg","FDCE","u_dut/u_unified_p4_kernel/s0_valid_q_reg","u_dut/u_unified_p4_kernel/product_q_reg[1][19]/DSP_A_B_DATA_INST","DSP_A_B_DATA","u_dut/u_unified_p4_kernel/product_q_reg/DSP_A_B_DATA_INST","0","0.079000000","1.808000000","1.887000000","0.958134605","SLICE_X63Y56","DSP48E2_X7Y27","","","SIGNATURE_SKIPPED|FDCE|DSP_A_B_DATA","SIGNATURE_SKIPPED|FDCE|DSP_A_B_DATA","DUT_INTERNAL","u_dut/u_unified_p4_kernel/s0_valid_q_reg","u_dut/u_unified_p4_kernel/product_q_reg","0.059000000"
"u_dut/u_unified_p4_kernel/product_q_reg[1][19]/DSP_A_B_DATA_INST/CEB2","u_dut/u_unified_p4_kernel/s0_valid_q_reg/C","-0.039000000","clk","clk","clk","u_dut/u_unified_p4_kernel/s0_valid_q_reg","FDCE","u_dut/u_unified_p4_kernel/s0_valid_q_reg","u_dut/u_unified_p4_kernel/product_q_reg[1][19]/DSP_A_B_DATA_INST","DSP_A_B_DATA","u_dut/u_unified_p4_kernel/product_q_reg/DSP_A_B_DATA_INST","0","0.079000000","1.803000000","1.882000000","0.958023379","SLICE_X63Y56","DSP48E2_X7Y27","","","SIGNATURE_SKIPPED|FDCE|DSP_A_B_DATA","SIGNATURE_SKIPPED|FDCE|DSP_A_B_DATA","DUT_INTERNAL","u_dut/u_unified_p4_kernel/s0_valid_q_reg","u_dut/u_unified_p4_kernel/product_q_reg","0.039000000"
"u_dut/u_unified_p4_kernel/product_q_reg[1][49]_i_5_psdsp/CE","u_dut/u_unified_p4_kernel/issue_desc_valid_q_reg_rep__20/C","-0.007000000","clk","clk","clk","u_dut/u_unified_p4_kernel/issue_desc_valid_q_reg_rep__20","FDCE","u_dut/u_unified_p4_kernel/issue_desc_valid_q_reg_rep__20","u_dut/u_unified_p4_kernel/product_q_reg[1][49]_i_5_psdsp","FDRE","u_dut/u_unified_p4_kernel/product_q_reg_i_5_psdsp","0","0.076000000","1.903000000","1.979000000","0.961596766","SLICE_X82Y75","SLICE_X38Y75","","","SIGNATURE_SKIPPED|FDCE|FDRE","SIGNATURE_SKIPPED|FDCE|FDRE","DUT_INTERNAL","u_dut/u_unified_p4_kernel/issue_desc_valid_q_reg_rep__20","u_dut/u_unified_p4_kernel/product_q_reg_i_5_psdsp","0.007000000"
"u_dut/u_unified_p4_kernel/product_q_reg[1][49]_i_7_psdsp/CE","u_dut/u_unified_p4_kernel/issue_desc_valid_q_reg_rep__20/C","-0.007000000","clk","clk","clk","u_dut/u_unified_p4_kernel/issue_desc_valid_q_reg_rep__20","FDCE","u_dut/u_unified_p4_kernel/issue_desc_valid_q_reg_rep__20","u_dut/u_unified_p4_kernel/product_q_reg[1][49]_i_7_psdsp","FDRE","u_dut/u_unified_p4_kernel/product_q_reg_i_7_psdsp","0","0.076000000","1.903000000","1.979000000","0.961596766","SLICE_X82Y75","SLICE_X38Y75","","","SIGNATURE_SKIPPED|FDCE|FDRE","SIGNATURE_SKIPPED|FDCE|FDRE","DUT_INTERNAL","u_dut/u_unified_p4_kernel/issue_desc_valid_q_reg_rep__20","u_dut/u_unified_p4_kernel/product_q_reg_i_7_psdsp","0.007000000"
"u_dut/u_unified_p4_kernel/product_q_reg[1][51]/DSP_A_B_DATA_INST/CEA1","u_dut/u_unified_p4_kernel/issue_desc_valid_q_reg_rep__20/C","-0.055000000","clk","clk","clk","u_dut/u_unified_p4_kernel/issue_desc_valid_q_reg_rep__20","FDCE","u_dut/u_unified_p4_kernel/issue_desc_valid_q_reg_rep__20","u_dut/u_unified_p4_kernel/product_q_reg[1][51]/DSP_A_B_DATA_INST","DSP_A_B_DATA","u_dut/u_unified_p4_kernel/product_q_reg/DSP_A_B_DATA_INST","0","0.076000000","1.865000000","1.941000000","0.960844925","SLICE_X82Y75","DSP48E2_X6Y34","","","SIGNATURE_SKIPPED|FDCE|DSP_A_B_DATA","SIGNATURE_SKIPPED|FDCE|DSP_A_B_DATA","DUT_INTERNAL","u_dut/u_unified_p4_kernel/issue_desc_valid_q_reg_rep__20","u_dut/u_unified_p4_kernel/product_q_reg","0.055000000"
"u_dut/u_unified_p4_kernel/product_q_reg[1][51]_i_1_psdsp/CE","u_dut/u_unified_p4_kernel/issue_desc_valid_q_reg_rep__20/C","-0.012000000","clk","clk","clk","u_dut/u_unified_p4_kernel/issue_desc_valid_q_reg_rep__20","FDCE","u_dut/u_unified_p4_kernel/issue_desc_valid_q_reg_rep__20","u_dut/u_unified_p4_kernel/product_q_reg[1][51]_i_1_psdsp","FDRE","u_dut/u_unified_p4_kernel/product_q_reg_i_1_psdsp","0","0.076000000","1.914000000","1.990000000","0.961809045","SLICE_X82Y75","SLICE_X36Y81","","","SIGNATURE_SKIPPED|FDCE|FDRE","SIGNATURE_SKIPPED|FDCE|FDRE","DUT_INTERNAL","u_dut/u_unified_p4_kernel/issue_desc_valid_q_reg_rep__20","u_dut/u_unified_p4_kernel/product_q_reg_i_1_psdsp","0.012000000"
"u_dut/u_unified_p4_kernel/product_q_reg[1][51]_i_6_psdsp/CE","u_dut/u_unified_p4_kernel/issue_desc_valid_q_reg_rep__20/C","-0.041000000","clk","clk","clk","u_dut/u_unified_p4_kernel/issue_desc_valid_q_reg_rep__20","FDCE","u_dut/u_unified_p4_kernel/issue_desc_valid_q_reg_rep__20","u_dut/u_unified_p4_kernel/product_q_reg[1][51]_i_6_psdsp","FDRE","u_dut/u_unified_p4_kernel/product_q_reg_i_6_psdsp","0","0.076000000","1.938000000","2.014000000","0.962264151","SLICE_X82Y75","SLICE_X38Y80","","","SIGNATURE_SKIPPED|FDCE|FDRE","SIGNATURE_SKIPPED|FDCE|FDRE","DUT_INTERNAL","u_dut/u_unified_p4_kernel/issue_desc_valid_q_reg_rep__20","u_dut/u_unified_p4_kernel/product_q_reg_i_6_psdsp","0.041000000"
"u_dut/u_unified_p4_kernel/product_q_reg[2][51]_i_5_psdsp/D","u_dut/u_unified_p4_kernel/issue_desc_bundle_addr_q_reg[1]_rep__14/C","-0.042000000","clk","clk","clk","u_dut/u_unified_p4_kernel/issue_desc_bundle_addr_q_reg[1]_rep__14","FDCE","u_dut/u_unified_p4_kernel/issue_desc_bundle_addr_q_reg_rep__14","u_dut/u_unified_p4_kernel/product_q_reg[2][51]_i_5_psdsp","FDRE","u_dut/u_unified_p4_kernel/product_q_reg_i_5_psdsp","3","0.436000000","1.490000000","1.926000000","0.773624091","SLICE_X71Y67","SLICE_X67Y72","","","SIGNATURE_SKIPPED|FDCE|FDRE","SIGNATURE_SKIPPED|FDCE|FDRE","DUT_INTERNAL","u_dut/u_unified_p4_kernel/issue_desc_bundle_addr_q_reg_rep__14","u_dut/u_unified_p4_kernel/product_q_reg_i_5_psdsp","0.042000000"
"u_dut/u_unified_p4_kernel/product_q_reg[3][18]/DSP_A_B_DATA_INST/CEA1","u_dut/u_unified_p4_kernel/issue_desc_valid_q_reg_rep__7/C","-0.019000000","clk","clk","clk","u_dut/u_unified_p4_kernel/issue_desc_valid_q_reg_rep__7","FDCE","u_dut/u_unified_p4_kernel/issue_desc_valid_q_reg_rep__7","u_dut/u_unified_p4_kernel/product_q_reg[3][18]/DSP_A_B_DATA_INST","DSP_A_B_DATA","u_dut/u_unified_p4_kernel/product_q_reg/DSP_A_B_DATA_INST","0","0.080000000","1.715000000","1.795000000","0.955431755","SLICE_X85Y38","DSP48E2_X11Y18","","","SIGNATURE_SKIPPED|FDCE|DSP_A_B_DATA","SIGNATURE_SKIPPED|FDCE|DSP_A_B_DATA","DUT_INTERNAL","u_dut/u_unified_p4_kernel/issue_desc_valid_q_reg_rep__7","u_dut/u_unified_p4_kernel/product_q_reg","0.019000000"
"u_dut/u_unified_p4_kernel/product_q_reg[3][20]/DSP_A_B_DATA_INST/CEA1","u_dut/u_unified_p4_kernel/issue_desc_valid_q_reg_rep__7/C","-0.015000000","clk","clk","clk","u_dut/u_unified_p4_kernel/issue_desc_valid_q_reg_rep__7","FDCE","u_dut/u_unified_p4_kernel/issue_desc_valid_q_reg_rep__7","u_dut/u_unified_p4_kernel/product_q_reg[3][20]/DSP_A_B_DATA_INST","DSP_A_B_DATA","u_dut/u_unified_p4_kernel/product_q_reg/DSP_A_B_DATA_INST","0","0.080000000","1.795000000","1.875000000","0.957333333","SLICE_X85Y38","DSP48E2_X9Y24","","","SIGNATURE_SKIPPED|FDCE|DSP_A_B_DATA","SIGNATURE_SKIPPED|FDCE|DSP_A_B_DATA","DUT_INTERNAL","u_dut/u_unified_p4_kernel/issue_desc_valid_q_reg_rep__7","u_dut/u_unified_p4_kernel/product_q_reg","0.015000000"
"u_dut/u_unified_p4_kernel/product_q_reg[3][42]_i_6_psdsp/D","u_dut/u_unified_p4_kernel/issue_desc_bundle_addr_q_reg[1]_rep__14/C","-0.001000000","clk","clk","clk","u_dut/u_unified_p4_kernel/issue_desc_bundle_addr_q_reg[1]_rep__14","FDCE","u_dut/u_unified_p4_kernel/issue_desc_bundle_addr_q_reg_rep__14","u_dut/u_unified_p4_kernel/product_q_reg[3][42]_i_6_psdsp","FDRE","u_dut/u_unified_p4_kernel/product_q_reg_i_6_psdsp","3","0.436000000","1.435000000","1.871000000","0.766969535","SLICE_X71Y67","SLICE_X69Y71","","","SIGNATURE_SKIPPED|FDCE|FDRE","SIGNATURE_SKIPPED|FDCE|FDRE","DUT_INTERNAL","u_dut/u_unified_p4_kernel/issue_desc_bundle_addr_q_reg_rep__14","u_dut/u_unified_p4_kernel/product_q_reg_i_6_psdsp","0.001000000"
"u_dut/u_unified_p4_kernel/product_q_reg[3][6]_i_2_psdsp/D","u_dut/u_unified_p4_kernel/issue_desc_bundle_addr_q_reg[2]_rep__6/C","-0.003000000","clk","clk","clk","u_dut/u_unified_p4_kernel/issue_desc_bundle_addr_q_reg[2]_rep__6","FDCE","u_dut/u_unified_p4_kernel/issue_desc_bundle_addr_q_reg_rep__6","u_dut/u_unified_p4_kernel/product_q_reg[3][6]_i_2_psdsp","FDRE","u_dut/u_unified_p4_kernel/product_q_reg_i_2_psdsp","3","0.344000000","1.466000000","1.810000000","0.809944751","SLICE_X78Y67","SLICE_X82Y53","","","SIGNATURE_SKIPPED|FDCE|FDRE","SIGNATURE_SKIPPED|FDCE|FDRE","DUT_INTERNAL","u_dut/u_unified_p4_kernel/issue_desc_bundle_addr_q_reg_rep__6","u_dut/u_unified_p4_kernel/product_q_reg_i_2_psdsp","0.003000000"
"u_dut/u_unified_p4_kernel/product_q_reg[3][9]_i_2_psdsp/D","u_dut/u_unified_p4_kernel/issue_desc_bundle_addr_q_reg[1]_rep__1/C","-0.028000000","clk","clk","clk","u_dut/u_unified_p4_kernel/issue_desc_bundle_addr_q_reg[1]_rep__1","FDCE","u_dut/u_unified_p4_kernel/issue_desc_bundle_addr_q_reg_rep__1","u_dut/u_unified_p4_kernel/product_q_reg[3][9]_i_2_psdsp","FDRE","u_dut/u_unified_p4_kernel/product_q_reg_i_2_psdsp","3","0.376000000","1.406000000","1.782000000","0.789001122","SLICE_X72Y67","SLICE_X83Y39","","","SIGNATURE_SKIPPED|FDCE|FDRE","SIGNATURE_SKIPPED|FDCE|FDRE","DUT_INTERNAL","u_dut/u_unified_p4_kernel/issue_desc_bundle_addr_q_reg_rep__1","u_dut/u_unified_p4_kernel/product_q_reg_i_2_psdsp","0.028000000"
"u_dut/u_unified_p4_kernel/reduce_l5_q_reg[1][13]/D","u_dut/u_unified_p4_kernel/reduce_l4_q_reg[1][1][3]/C","-0.019000000","clk","clk","clk","u_dut/u_unified_p4_kernel/reduce_l4_q_reg[1][1][3]","FDRE","u_dut/u_unified_p4_kernel/reduce_l4_q_reg","u_dut/u_unified_p4_kernel/reduce_l5_q_reg[1][13]","FDRE","u_dut/u_unified_p4_kernel/reduce_l5_q_reg","5","0.579000000","1.278000000","1.857000000","0.688206785","SLICE_X57Y65","SLICE_X82Y66","","","SIGNATURE_SKIPPED|FDRE|FDRE","SIGNATURE_SKIPPED|FDRE|FDRE","DUT_INTERNAL","u_dut/u_unified_p4_kernel/reduce_l4_q_reg","u_dut/u_unified_p4_kernel/reduce_l5_q_reg","0.019000000"
"u_dut/u_unified_p4_kernel/reduce_l5_q_reg[1][14]/D","u_dut/u_unified_p4_kernel/reduce_l4_q_reg[1][1][3]/C","-0.007000000","clk","clk","clk","u_dut/u_unified_p4_kernel/reduce_l4_q_reg[1][1][3]","FDRE","u_dut/u_unified_p4_kernel/reduce_l4_q_reg","u_dut/u_unified_p4_kernel/reduce_l5_q_reg[1][14]","FDRE","u_dut/u_unified_p4_kernel/reduce_l5_q_reg","5","0.566000000","1.279000000","1.845000000","0.693224932","SLICE_X57Y65","SLICE_X82Y66","","","SIGNATURE_SKIPPED|FDRE|FDRE","SIGNATURE_SKIPPED|FDRE|FDRE","DUT_INTERNAL","u_dut/u_unified_p4_kernel/reduce_l4_q_reg","u_dut/u_unified_p4_kernel/reduce_l5_q_reg","0.007000000"
"u_dut/u_unified_p4_kernel/reduce_l5_q_reg[1][15]/D","u_dut/u_unified_p4_kernel/reduce_l4_q_reg[1][1][3]/C","-0.020000000","clk","clk","clk","u_dut/u_unified_p4_kernel/reduce_l4_q_reg[1][1][3]","FDRE","u_dut/u_unified_p4_kernel/reduce_l4_q_reg","u_dut/u_unified_p4_kernel/reduce_l5_q_reg[1][15]","FDRE","u_dut/u_unified_p4_kernel/reduce_l5_q_reg","5","0.579000000","1.279000000","1.858000000","0.688374596","SLICE_X57Y65","SLICE_X82Y66","","","SIGNATURE_SKIPPED|FDRE|FDRE","SIGNATURE_SKIPPED|FDRE|FDRE","DUT_INTERNAL","u_dut/u_unified_p4_kernel/reduce_l4_q_reg","u_dut/u_unified_p4_kernel/reduce_l5_q_reg","0.020000000"
"u_dut/u_unified_p4_kernel/reduce_l5_q_reg[1][17]/D","u_dut/u_unified_p4_kernel/reduce_l4_q_reg[1][1][3]/C","-0.019000000","clk","clk","clk","u_dut/u_unified_p4_kernel/reduce_l4_q_reg[1][1][3]","FDRE","u_dut/u_unified_p4_kernel/reduce_l4_q_reg","u_dut/u_unified_p4_kernel/reduce_l5_q_reg[1][17]","FDRE","u_dut/u_unified_p4_kernel/reduce_l5_q_reg","6","0.554000000","1.304000000","1.858000000","0.701829925","SLICE_X57Y65","SLICE_X82Y67","","","SIGNATURE_SKIPPED|FDRE|FDRE","SIGNATURE_SKIPPED|FDRE|FDRE","DUT_INTERNAL","u_dut/u_unified_p4_kernel/reduce_l4_q_reg","u_dut/u_unified_p4_kernel/reduce_l5_q_reg","0.019000000"
"u_dut/u_unified_p4_kernel/reduce_l5_q_reg[1][18]/D","u_dut/u_unified_p4_kernel/reduce_l4_q_reg[1][1][3]/C","-0.011000000","clk","clk","clk","u_dut/u_unified_p4_kernel/reduce_l4_q_reg[1][1][3]","FDRE","u_dut/u_unified_p4_kernel/reduce_l4_q_reg","u_dut/u_unified_p4_kernel/reduce_l5_q_reg[1][18]","FDRE","u_dut/u_unified_p4_kernel/reduce_l5_q_reg","6","0.545000000","1.305000000","1.850000000","0.705405405","SLICE_X57Y65","SLICE_X82Y67","","","SIGNATURE_SKIPPED|FDRE|FDRE","SIGNATURE_SKIPPED|FDRE|FDRE","DUT_INTERNAL","u_dut/u_unified_p4_kernel/reduce_l4_q_reg","u_dut/u_unified_p4_kernel/reduce_l5_q_reg","0.011000000"
"u_dut/u_unified_p4_kernel/reduce_l5_q_reg[1][19]/D","u_dut/u_unified_p4_kernel/reduce_l4_q_reg[1][1][3]/C","-0.026000000","clk","clk","clk","u_dut/u_unified_p4_kernel/reduce_l4_q_reg[1][1][3]","FDRE","u_dut/u_unified_p4_kernel/reduce_l4_q_reg","u_dut/u_unified_p4_kernel/reduce_l5_q_reg[1][19]","FDRE","u_dut/u_unified_p4_kernel/reduce_l5_q_reg","6","0.560000000","1.305000000","1.865000000","0.699731903","SLICE_X57Y65","SLICE_X82Y67","","","SIGNATURE_SKIPPED|FDRE|FDRE","SIGNATURE_SKIPPED|FDRE|FDRE","DUT_INTERNAL","u_dut/u_unified_p4_kernel/reduce_l4_q_reg","u_dut/u_unified_p4_kernel/reduce_l5_q_reg","0.026000000"
"u_dut/u_unified_p4_kernel/reduce_l5_q_reg[1][20]/D","u_dut/u_unified_p4_kernel/reduce_l4_q_reg[1][1][3]/C","-0.030000000","clk","clk","clk","u_dut/u_unified_p4_kernel/reduce_l4_q_reg[1][1][3]","FDRE","u_dut/u_unified_p4_kernel/reduce_l4_q_reg","u_dut/u_unified_p4_kernel/reduce_l5_q_reg[1][20]","FDRE","u_dut/u_unified_p4_kernel/reduce_l5_q_reg","6","0.564000000","1.304000000","1.868000000","0.698072805","SLICE_X57Y65","SLICE_X82Y67","","","SIGNATURE_SKIPPED|FDRE|FDRE","SIGNATURE_SKIPPED|FDRE|FDRE","DUT_INTERNAL","u_dut/u_unified_p4_kernel/reduce_l4_q_reg","u_dut/u_unified_p4_kernel/reduce_l5_q_reg","0.030000000"
"u_dut/u_unified_p4_kernel/reduce_l5_q_reg[1][21]/D","u_dut/u_unified_p4_kernel/reduce_l4_q_reg[1][1][3]/C","-0.060000000","clk","clk","clk","u_dut/u_unified_p4_kernel/reduce_l4_q_reg[1][1][3]","FDRE","u_dut/u_unified_p4_kernel/reduce_l4_q_reg","u_dut/u_unified_p4_kernel/reduce_l5_q_reg[1][21]","FDRE","u_dut/u_unified_p4_kernel/reduce_l5_q_reg","6","0.594000000","1.304000000","1.898000000","0.687038988","SLICE_X57Y65","SLICE_X82Y67","","","SIGNATURE_SKIPPED|FDRE|FDRE","SIGNATURE_SKIPPED|FDRE|FDRE","DUT_INTERNAL","u_dut/u_unified_p4_kernel/reduce_l4_q_reg","u_dut/u_unified_p4_kernel/reduce_l5_q_reg","0.060000000"
"u_dut/u_unified_p4_kernel/reduce_l5_q_reg[1][22]/D","u_dut/u_unified_p4_kernel/reduce_l4_q_reg[1][1][3]/C","-0.048000000","clk","clk","clk","u_dut/u_unified_p4_kernel/reduce_l4_q_reg[1][1][3]","FDRE","u_dut/u_unified_p4_kernel/reduce_l4_q_reg","u_dut/u_unified_p4_kernel/reduce_l5_q_reg[1][22]","FDRE","u_dut/u_unified_p4_kernel/reduce_l5_q_reg","6","0.581000000","1.305000000","1.886000000","0.691940615","SLICE_X57Y65","SLICE_X82Y67","","","SIGNATURE_SKIPPED|FDRE|FDRE","SIGNATURE_SKIPPED|FDRE|FDRE","DUT_INTERNAL","u_dut/u_unified_p4_kernel/reduce_l4_q_reg","u_dut/u_unified_p4_kernel/reduce_l5_q_reg","0.048000000"
"u_dut/u_unified_p4_kernel/reduce_l5_q_reg[1][23]/D","u_dut/u_unified_p4_kernel/reduce_l4_q_reg[1][1][3]/C","-0.061000000","clk","clk","clk","u_dut/u_unified_p4_kernel/reduce_l4_q_reg[1][1][3]","FDRE","u_dut/u_unified_p4_kernel/reduce_l4_q_reg","u_dut/u_unified_p4_kernel/reduce_l5_q_reg[1][23]","FDRE","u_dut/u_unified_p4_kernel/reduce_l5_q_reg","6","0.594000000","1.305000000","1.899000000","0.687203791","SLICE_X57Y65","SLICE_X82Y67","","","SIGNATURE_SKIPPED|FDRE|FDRE","SIGNATURE_SKIPPED|FDRE|FDRE","DUT_INTERNAL","u_dut/u_unified_p4_kernel/reduce_l4_q_reg","u_dut/u_unified_p4_kernel/reduce_l5_q_reg","0.061000000"
"u_dut/u_unified_p4_kernel/reduce_l5_q_reg[1][24]/D","u_dut/u_unified_p4_kernel/reduce_l4_q_reg[1][1][3]/C","-0.041000000","clk","clk","clk","u_dut/u_unified_p4_kernel/reduce_l4_q_reg[1][1][3]","FDRE","u_dut/u_unified_p4_kernel/reduce_l4_q_reg","u_dut/u_unified_p4_kernel/reduce_l5_q_reg[1][24]","FDRE","u_dut/u_unified_p4_kernel/reduce_l5_q_reg","7","0.549000000","1.330000000","1.879000000","0.707823310","SLICE_X57Y65","SLICE_X82Y68","","","SIGNATURE_SKIPPED|FDRE|FDRE","SIGNATURE_SKIPPED|FDRE|FDRE","DUT_INTERNAL","u_dut/u_unified_p4_kernel/reduce_l4_q_reg","u_dut/u_unified_p4_kernel/reduce_l5_q_reg","0.041000000"
"u_dut/u_unified_p4_kernel/reduce_l5_q_reg[1][25]/D","u_dut/u_unified_p4_kernel/reduce_l4_q_reg[1][1][3]/C","-0.061000000","clk","clk","clk","u_dut/u_unified_p4_kernel/reduce_l4_q_reg[1][1][3]","FDRE","u_dut/u_unified_p4_kernel/reduce_l4_q_reg","u_dut/u_unified_p4_kernel/reduce_l5_q_reg[1][25]","FDRE","u_dut/u_unified_p4_kernel/reduce_l5_q_reg","7","0.569000000","1.330000000","1.899000000","0.700368615","SLICE_X57Y65","SLICE_X82Y68","","","SIGNATURE_SKIPPED|FDRE|FDRE","SIGNATURE_SKIPPED|FDRE|FDRE","DUT_INTERNAL","u_dut/u_unified_p4_kernel/reduce_l4_q_reg","u_dut/u_unified_p4_kernel/reduce_l5_q_reg","0.061000000"
"u_dut/u_unified_p4_kernel/reduce_l5_q_reg[1][26]/D","u_dut/u_unified_p4_kernel/reduce_l4_q_reg[1][1][3]/C","-0.053000000","clk","clk","clk","u_dut/u_unified_p4_kernel/reduce_l4_q_reg[1][1][3]","FDRE","u_dut/u_unified_p4_kernel/reduce_l4_q_reg","u_dut/u_unified_p4_kernel/reduce_l5_q_reg[1][26]","FDRE","u_dut/u_unified_p4_kernel/reduce_l5_q_reg","7","0.560000000","1.331000000","1.891000000","0.703860391","SLICE_X57Y65","SLICE_X82Y68","","","SIGNATURE_SKIPPED|FDRE|FDRE","SIGNATURE_SKIPPED|FDRE|FDRE","DUT_INTERNAL","u_dut/u_unified_p4_kernel/reduce_l4_q_reg","u_dut/u_unified_p4_kernel/reduce_l5_q_reg","0.053000000"
"u_dut/u_unified_p4_kernel/reduce_l5_q_reg[1][27]/D","u_dut/u_unified_p4_kernel/reduce_l4_q_reg[1][1][3]/C","-0.068000000","clk","clk","clk","u_dut/u_unified_p4_kernel/reduce_l4_q_reg[1][1][3]","FDRE","u_dut/u_unified_p4_kernel/reduce_l4_q_reg","u_dut/u_unified_p4_kernel/reduce_l5_q_reg[1][27]","FDRE","u_dut/u_unified_p4_kernel/reduce_l5_q_reg","7","0.575000000","1.331000000","1.906000000","0.698321091","SLICE_X57Y65","SLICE_X82Y68","","","SIGNATURE_SKIPPED|FDRE|FDRE","SIGNATURE_SKIPPED|FDRE|FDRE","DUT_INTERNAL","u_dut/u_unified_p4_kernel/reduce_l4_q_reg","u_dut/u_unified_p4_kernel/reduce_l5_q_reg","0.068000000"
"u_dut/u_unified_p4_kernel/reduce_l5_q_reg[1][28]/D","u_dut/u_unified_p4_kernel/reduce_l4_q_reg[1][1][3]/C","-0.072000000","clk","clk","clk","u_dut/u_unified_p4_kernel/reduce_l4_q_reg[1][1][3]","FDRE","u_dut/u_unified_p4_kernel/reduce_l4_q_reg","u_dut/u_unified_p4_kernel/reduce_l5_q_reg[1][28]","FDRE","u_dut/u_unified_p4_kernel/reduce_l5_q_reg","7","0.579000000","1.330000000","1.909000000","0.696699843","SLICE_X57Y65","SLICE_X82Y68","","","SIGNATURE_SKIPPED|FDRE|FDRE","SIGNATURE_SKIPPED|FDRE|FDRE","DUT_INTERNAL","u_dut/u_unified_p4_kernel/reduce_l4_q_reg","u_dut/u_unified_p4_kernel/reduce_l5_q_reg","0.072000000"
"u_dut/u_unified_p4_kernel/reduce_l5_q_reg[1][29]/D","u_dut/u_unified_p4_kernel/reduce_l4_q_reg[1][1][3]/C","-0.102000000","clk","clk","clk","u_dut/u_unified_p4_kernel/reduce_l4_q_reg[1][1][3]","FDRE","u_dut/u_unified_p4_kernel/reduce_l4_q_reg","u_dut/u_unified_p4_kernel/reduce_l5_q_reg[1][29]","FDRE","u_dut/u_unified_p4_kernel/reduce_l5_q_reg","7","0.609000000","1.330000000","1.939000000","0.685920578","SLICE_X57Y65","SLICE_X82Y68","","","SIGNATURE_SKIPPED|FDRE|FDRE","SIGNATURE_SKIPPED|FDRE|FDRE","DUT_INTERNAL","u_dut/u_unified_p4_kernel/reduce_l4_q_reg","u_dut/u_unified_p4_kernel/reduce_l5_q_reg","0.102000000"
"u_dut/u_unified_p4_kernel/reduce_l5_q_reg[1][30]/D","u_dut/u_unified_p4_kernel/reduce_l4_q_reg[1][1][3]/C","-0.090000000","clk","clk","clk","u_dut/u_unified_p4_kernel/reduce_l4_q_reg[1][1][3]","FDRE","u_dut/u_unified_p4_kernel/reduce_l4_q_reg","u_dut/u_unified_p4_kernel/reduce_l5_q_reg[1][30]","FDRE","u_dut/u_unified_p4_kernel/reduce_l5_q_reg","7","0.596000000","1.331000000","1.927000000","0.690710950","SLICE_X57Y65","SLICE_X82Y68","","","SIGNATURE_SKIPPED|FDRE|FDRE","SIGNATURE_SKIPPED|FDRE|FDRE","DUT_INTERNAL","u_dut/u_unified_p4_kernel/reduce_l4_q_reg","u_dut/u_unified_p4_kernel/reduce_l5_q_reg","0.090000000"
"u_dut/u_unified_p4_kernel/reduce_l5_q_reg[1][31]/D","u_dut/u_unified_p4_kernel/reduce_l4_q_reg[1][1][3]/C","-0.103000000","clk","clk","clk","u_dut/u_unified_p4_kernel/reduce_l4_q_reg[1][1][3]","FDRE","u_dut/u_unified_p4_kernel/reduce_l4_q_reg","u_dut/u_unified_p4_kernel/reduce_l5_q_reg[1][31]","FDRE","u_dut/u_unified_p4_kernel/reduce_l5_q_reg","7","0.609000000","1.331000000","1.940000000","0.686082474","SLICE_X57Y65","SLICE_X82Y68","","","SIGNATURE_SKIPPED|FDRE|FDRE","SIGNATURE_SKIPPED|FDRE|FDRE","DUT_INTERNAL","u_dut/u_unified_p4_kernel/reduce_l4_q_reg","u_dut/u_unified_p4_kernel/reduce_l5_q_reg","0.103000000"
"u_dut/u_unified_p4_kernel/reduce_l5_q_reg[1][32]/D","u_dut/u_unified_p4_kernel/reduce_l4_q_reg[1][1][3]/C","-0.082000000","clk","clk","clk","u_dut/u_unified_p4_kernel/reduce_l4_q_reg[1][1][3]","FDRE","u_dut/u_unified_p4_kernel/reduce_l4_q_reg","u_dut/u_unified_p4_kernel/reduce_l5_q_reg[1][32]","FDRE","u_dut/u_unified_p4_kernel/reduce_l5_q_reg","8","0.564000000","1.356000000","1.920000000","0.706250000","SLICE_X57Y65","SLICE_X82Y69","","","SIGNATURE_SKIPPED|FDRE|FDRE","SIGNATURE_SKIPPED|FDRE|FDRE","DUT_INTERNAL","u_dut/u_unified_p4_kernel/reduce_l4_q_reg","u_dut/u_unified_p4_kernel/reduce_l5_q_reg","0.082000000"
"u_dut/u_unified_p4_kernel/reduce_l5_q_reg[1][33]/D","u_dut/u_unified_p4_kernel/reduce_l4_q_reg[1][1][3]/C","-0.102000000","clk","clk","clk","u_dut/u_unified_p4_kernel/reduce_l4_q_reg[1][1][3]","FDRE","u_dut/u_unified_p4_kernel/reduce_l4_q_reg","u_dut/u_unified_p4_kernel/reduce_l5_q_reg[1][33]","FDRE","u_dut/u_unified_p4_kernel/reduce_l5_q_reg","8","0.584000000","1.356000000","1.940000000","0.698969072","SLICE_X57Y65","SLICE_X82Y69","","","SIGNATURE_SKIPPED|FDRE|FDRE","SIGNATURE_SKIPPED|FDRE|FDRE","DUT_INTERNAL","u_dut/u_unified_p4_kernel/reduce_l4_q_reg","u_dut/u_unified_p4_kernel/reduce_l5_q_reg","0.102000000"
"u_dut/u_unified_p4_kernel/reduce_l5_q_reg[1][34]/D","u_dut/u_unified_p4_kernel/reduce_l4_q_reg[1][1][3]/C","-0.094000000","clk","clk","clk","u_dut/u_unified_p4_kernel/reduce_l4_q_reg[1][1][3]","FDRE","u_dut/u_unified_p4_kernel/reduce_l4_q_reg","u_dut/u_unified_p4_kernel/reduce_l5_q_reg[1][34]","FDRE","u_dut/u_unified_p4_kernel/reduce_l5_q_reg","8","0.575000000","1.357000000","1.932000000","0.702380952","SLICE_X57Y65","SLICE_X82Y69","","","SIGNATURE_SKIPPED|FDRE|FDRE","SIGNATURE_SKIPPED|FDRE|FDRE","DUT_INTERNAL","u_dut/u_unified_p4_kernel/reduce_l4_q_reg","u_dut/u_unified_p4_kernel/reduce_l5_q_reg","0.094000000"
"u_dut/u_unified_p4_kernel/reduce_l5_q_reg[1][35]/D","u_dut/u_unified_p4_kernel/reduce_l4_q_reg[1][1][3]/C","-0.109000000","clk","clk","clk","u_dut/u_unified_p4_kernel/reduce_l4_q_reg[1][1][3]","FDRE","u_dut/u_unified_p4_kernel/reduce_l4_q_reg","u_dut/u_unified_p4_kernel/reduce_l5_q_reg[1][35]","FDRE","u_dut/u_unified_p4_kernel/reduce_l5_q_reg","8","0.590000000","1.357000000","1.947000000","0.696969697","SLICE_X57Y65","SLICE_X82Y69","","","SIGNATURE_SKIPPED|FDRE|FDRE","SIGNATURE_SKIPPED|FDRE|FDRE","DUT_INTERNAL","u_dut/u_unified_p4_kernel/reduce_l4_q_reg","u_dut/u_unified_p4_kernel/reduce_l5_q_reg","0.109000000"
"u_dut/u_unified_p4_kernel/reduce_l5_q_reg[1][36]/D","u_dut/u_unified_p4_kernel/reduce_l4_q_reg[1][1][3]/C","-0.113000000","clk","clk","clk","u_dut/u_unified_p4_kernel/reduce_l4_q_reg[1][1][3]","FDRE","u_dut/u_unified_p4_kernel/reduce_l4_q_reg","u_dut/u_unified_p4_kernel/reduce_l5_q_reg[1][36]","FDRE","u_dut/u_unified_p4_kernel/reduce_l5_q_reg","8","0.594000000","1.356000000","1.950000000","0.695384615","SLICE_X57Y65","SLICE_X82Y69","","","SIGNATURE_SKIPPED|FDRE|FDRE","SIGNATURE_SKIPPED|FDRE|FDRE","DUT_INTERNAL","u_dut/u_unified_p4_kernel/reduce_l4_q_reg","u_dut/u_unified_p4_kernel/reduce_l5_q_reg","0.113000000"
"u_dut/u_unified_p4_kernel/reduce_l5_q_reg[1][37]/D","u_dut/u_unified_p4_kernel/reduce_l4_q_reg[1][1][3]/C","-0.143000000","clk","clk","clk","u_dut/u_unified_p4_kernel/reduce_l4_q_reg[1][1][3]","FDRE","u_dut/u_unified_p4_kernel/reduce_l4_q_reg","u_dut/u_unified_p4_kernel/reduce_l5_q_reg[1][37]","FDRE","u_dut/u_unified_p4_kernel/reduce_l5_q_reg","8","0.624000000","1.356000000","1.980000000","0.684848485","SLICE_X57Y65","SLICE_X82Y69","","","SIGNATURE_SKIPPED|FDRE|FDRE","SIGNATURE_SKIPPED|FDRE|FDRE","DUT_INTERNAL","u_dut/u_unified_p4_kernel/reduce_l4_q_reg","u_dut/u_unified_p4_kernel/reduce_l5_q_reg","0.143000000"
"u_dut/u_unified_p4_kernel/reduce_l5_q_reg[1][38]/D","u_dut/u_unified_p4_kernel/reduce_l4_q_reg[1][1][3]/C","-0.131000000","clk","clk","clk","u_dut/u_unified_p4_kernel/reduce_l4_q_reg[1][1][3]","FDRE","u_dut/u_unified_p4_kernel/reduce_l4_q_reg","u_dut/u_unified_p4_kernel/reduce_l5_q_reg[1][38]","FDRE","u_dut/u_unified_p4_kernel/reduce_l5_q_reg","8","0.611000000","1.357000000","1.968000000","0.689532520","SLICE_X57Y65","SLICE_X82Y69","","","SIGNATURE_SKIPPED|FDRE|FDRE","SIGNATURE_SKIPPED|FDRE|FDRE","DUT_INTERNAL","u_dut/u_unified_p4_kernel/reduce_l4_q_reg","u_dut/u_unified_p4_kernel/reduce_l5_q_reg","0.131000000"
"u_dut/u_unified_p4_kernel/reduce_l5_q_reg[1][39]/D","u_dut/u_unified_p4_kernel/reduce_l4_q_reg[1][1][3]/C","-0.144000000","clk","clk","clk","u_dut/u_unified_p4_kernel/reduce_l4_q_reg[1][1][3]","FDRE","u_dut/u_unified_p4_kernel/reduce_l4_q_reg","u_dut/u_unified_p4_kernel/reduce_l5_q_reg[1][39]","FDRE","u_dut/u_unified_p4_kernel/reduce_l5_q_reg","8","0.624000000","1.357000000","1.981000000","0.685007572","SLICE_X57Y65","SLICE_X82Y69","","","SIGNATURE_SKIPPED|FDRE|FDRE","SIGNATURE_SKIPPED|FDRE|FDRE","DUT_INTERNAL","u_dut/u_unified_p4_kernel/reduce_l4_q_reg","u_dut/u_unified_p4_kernel/reduce_l5_q_reg","0.144000000"
"u_dut/u_unified_p4_kernel/reduce_l5_q_reg[2][37]/D","u_dut/u_unified_p4_kernel/reduce_l4_q_reg[2][1][23]/C","-0.018000000","clk","clk","clk","u_dut/u_unified_p4_kernel/reduce_l4_q_reg[2][1][23]","FDRE","u_dut/u_unified_p4_kernel/reduce_l4_q_reg","u_dut/u_unified_p4_kernel/reduce_l5_q_reg[2][37]","FDRE","u_dut/u_unified_p4_kernel/reduce_l5_q_reg","5","0.763000000","1.150000000","1.913000000","0.601150026","SLICE_X69Y55","SLICE_X72Y78","","","SIGNATURE_SKIPPED|FDRE|FDRE","SIGNATURE_SKIPPED|FDRE|FDRE","DUT_INTERNAL","u_dut/u_unified_p4_kernel/reduce_l4_q_reg","u_dut/u_unified_p4_kernel/reduce_l5_q_reg","0.018000000"
"u_dut/u_unified_p4_kernel/reduce_l5_q_reg[2][38]/D","u_dut/u_unified_p4_kernel/reduce_l4_q_reg[2][1][23]/C","-0.006000000","clk","clk","clk","u_dut/u_unified_p4_kernel/reduce_l4_q_reg[2][1][23]","FDRE","u_dut/u_unified_p4_kernel/reduce_l4_q_reg","u_dut/u_unified_p4_kernel/reduce_l5_q_reg[2][38]","FDRE","u_dut/u_unified_p4_kernel/reduce_l5_q_reg","5","0.750000000","1.151000000","1.901000000","0.605470805","SLICE_X69Y55","SLICE_X72Y78","","","SIGNATURE_SKIPPED|FDRE|FDRE","SIGNATURE_SKIPPED|FDRE|FDRE","DUT_INTERNAL","u_dut/u_unified_p4_kernel/reduce_l4_q_reg","u_dut/u_unified_p4_kernel/reduce_l5_q_reg","0.006000000"
"u_dut/u_unified_p4_kernel/reduce_l5_q_reg[2][39]/D","u_dut/u_unified_p4_kernel/reduce_l4_q_reg[2][1][23]/C","-0.019000000","clk","clk","clk","u_dut/u_unified_p4_kernel/reduce_l4_q_reg[2][1][23]","FDRE","u_dut/u_unified_p4_kernel/reduce_l4_q_reg","u_dut/u_unified_p4_kernel/reduce_l5_q_reg[2][39]","FDRE","u_dut/u_unified_p4_kernel/reduce_l5_q_reg","5","0.763000000","1.151000000","1.914000000","0.601358412","SLICE_X69Y55","SLICE_X72Y78","","","SIGNATURE_SKIPPED|FDRE|FDRE","SIGNATURE_SKIPPED|FDRE|FDRE","DUT_INTERNAL","u_dut/u_unified_p4_kernel/reduce_l4_q_reg","u_dut/u_unified_p4_kernel/reduce_l5_q_reg","0.019000000"
"u_dut/u_unified_p4_kernel/reserved_groups_q_reg[1]_replica_1/D","u_dut/u_unified_p4_kernel/reserved_groups_q_reg[5]/C","-0.030000000","clk","clk","clk","u_dut/u_unified_p4_kernel/reserved_groups_q_reg[5]","FDCE","u_dut/u_unified_p4_kernel/reserved_groups_q_reg","u_dut/u_unified_p4_kernel/reserved_groups_q_reg[1]_replica_1","FDCE","u_dut/u_unified_p4_kernel/reserved_groups_q_reg_replica_1","5","0.496000000","1.437000000","1.933000000","0.743404035","SLICE_X68Y30","SLICE_X69Y31","","","SIGNATURE_SKIPPED|FDCE|FDCE","SIGNATURE_SKIPPED|FDCE|FDCE","DUT_INTERNAL","u_dut/u_unified_p4_kernel/reserved_groups_q_reg","u_dut/u_unified_p4_kernel/reserved_groups_q_reg_replica_1","0.030000000"
"u_dut/u_unified_p4_kernel/reserved_groups_q_reg[4]/D","u_dut/kernel_ctx_output_size_q_reg[4]/C","-0.116000000","clk","clk","clk","u_dut/kernel_ctx_output_size_q_reg[4]","FDCE","u_dut/kernel_ctx_output_size_q_reg","u_dut/u_unified_p4_kernel/reserved_groups_q_reg[4]","FDCE","u_dut/u_unified_p4_kernel/reserved_groups_q_reg","7","0.651000000","1.357000000","2.008000000","0.675796813","SLICE_X70Y31","SLICE_X67Y31","","","SIGNATURE_SKIPPED|FDCE|FDCE","SIGNATURE_SKIPPED|FDCE|FDCE","DUT_INTERNAL","u_dut/kernel_ctx_output_size_q_reg","u_dut/u_unified_p4_kernel/reserved_groups_q_reg","0.116000000"
"u_dut/u_unified_p4_kernel/reserved_groups_q_reg[5]/D","u_dut/kernel_ctx_output_size_q_reg[4]/C","-0.078000000","clk","clk","clk","u_dut/kernel_ctx_output_size_q_reg[4]","FDCE","u_dut/kernel_ctx_output_size_q_reg","u_dut/u_unified_p4_kernel/reserved_groups_q_reg[5]","FDCE","u_dut/u_unified_p4_kernel/reserved_groups_q_reg","7","0.685000000","1.276000000","1.961000000","0.650688424","SLICE_X70Y31","SLICE_X68Y30","","","SIGNATURE_SKIPPED|FDCE|FDCE","SIGNATURE_SKIPPED|FDCE|FDCE","DUT_INTERNAL","u_dut/kernel_ctx_output_size_q_reg","u_dut/u_unified_p4_kernel/reserved_groups_q_reg","0.078000000"
"u_dut/u_unified_p4_kernel/s0_input_q_reg[18][8]/D","u_dut/u_unified_p4_kernel/issue_desc_slot_q_reg[0]_rep__4/C","-0.062000000","clk","clk","clk","u_dut/u_unified_p4_kernel/issue_desc_slot_q_reg[0]_rep__4","FDCE","u_dut/u_unified_p4_kernel/issue_desc_slot_q_reg_rep__4","u_dut/u_unified_p4_kernel/s0_input_q_reg[18][8]","FDRE","u_dut/u_unified_p4_kernel/s0_input_q_reg","1","0.203000000","1.744000000","1.947000000","0.895737031","SLICE_X74Y53","SLICE_X86Y68","","","SIGNATURE_SKIPPED|FDCE|FDRE","SIGNATURE_SKIPPED|FDCE|FDRE","DUT_INTERNAL","u_dut/u_unified_p4_kernel/issue_desc_slot_q_reg_rep__4","u_dut/u_unified_p4_kernel/s0_input_q_reg","0.062000000"
"u_dut/u_unified_p4_kernel/s0_input_q_reg[19][1]/D","u_dut/u_unified_p4_kernel/issue_desc_slot_q_reg[0]_rep__2/C","-0.005000000","clk","clk","clk","u_dut/u_unified_p4_kernel/issue_desc_slot_q_reg[0]_rep__2","FDCE","u_dut/u_unified_p4_kernel/issue_desc_slot_q_reg_rep__2","u_dut/u_unified_p4_kernel/s0_input_q_reg[19][1]","FDRE","u_dut/u_unified_p4_kernel/s0_input_q_reg","1","0.130000000","1.786000000","1.916000000","0.932150313","SLICE_X91Y44","SLICE_X93Y52","","","SIGNATURE_SKIPPED|FDCE|FDRE","SIGNATURE_SKIPPED|FDCE|FDRE","DUT_INTERNAL","u_dut/u_unified_p4_kernel/issue_desc_slot_q_reg_rep__2","u_dut/u_unified_p4_kernel/s0_input_q_reg","0.005000000"
"u_dut/u_unified_p4_kernel/s0_input_q_reg[47][12]/D","u_dut/u_unified_p4_kernel/issue_desc_slot_q_reg[0]_rep__4/C","-0.058000000","clk","clk","clk","u_dut/u_unified_p4_kernel/issue_desc_slot_q_reg[0]_rep__4","FDCE","u_dut/u_unified_p4_kernel/issue_desc_slot_q_reg_rep__4","u_dut/u_unified_p4_kernel/s0_input_q_reg[47][12]","FDRE","u_dut/u_unified_p4_kernel/s0_input_q_reg","1","0.128000000","1.803000000","1.931000000","0.933713102","SLICE_X74Y53","SLICE_X88Y66","","","SIGNATURE_SKIPPED|FDCE|FDRE","SIGNATURE_SKIPPED|FDCE|FDRE","DUT_INTERNAL","u_dut/u_unified_p4_kernel/issue_desc_slot_q_reg_rep__4","u_dut/u_unified_p4_kernel/s0_input_q_reg","0.058000000"
"u_dut/u_unified_p4_kernel/s0_input_q_reg[54][2]/R","u_dut/u_unified_p4_kernel/issue_desc_active_size_q_reg[4]/C","-0.002000000","clk","clk","clk","u_dut/u_unified_p4_kernel/issue_desc_active_size_q_reg[4]","FDCE","u_dut/u_unified_p4_kernel/issue_desc_active_size_q_reg","u_dut/u_unified_p4_kernel/s0_input_q_reg[54][2]","FDRE","u_dut/u_unified_p4_kernel/s0_input_q_reg","2","0.377000000","1.459000000","1.836000000","0.794662309","SLICE_X84Y43","SLICE_X75Y78","","","SIGNATURE_SKIPPED|FDCE|FDRE","SIGNATURE_SKIPPED|FDCE|FDRE","DUT_INTERNAL","u_dut/u_unified_p4_kernel/issue_desc_active_size_q_reg","u_dut/u_unified_p4_kernel/s0_input_q_reg","0.002000000"
"u_dut/u_unified_p4_kernel/s0_input_q_reg[54][7]/R","u_dut/u_unified_p4_kernel/issue_desc_active_size_q_reg[4]/C","-0.004000000","clk","clk","clk","u_dut/u_unified_p4_kernel/issue_desc_active_size_q_reg[4]","FDCE","u_dut/u_unified_p4_kernel/issue_desc_active_size_q_reg","u_dut/u_unified_p4_kernel/s0_input_q_reg[54][7]","FDRE","u_dut/u_unified_p4_kernel/s0_input_q_reg","2","0.377000000","1.449000000","1.826000000","0.793537788","SLICE_X84Y43","SLICE_X78Y81","","","SIGNATURE_SKIPPED|FDCE|FDRE","SIGNATURE_SKIPPED|FDCE|FDRE","DUT_INTERNAL","u_dut/u_unified_p4_kernel/issue_desc_active_size_q_reg","u_dut/u_unified_p4_kernel/s0_input_q_reg","0.004000000"
"u_dut/u_unified_p4_kernel/slot_state_q_reg[0][1]/D","u_dut/u_unified_p4_kernel/issue_desc_slot_q_reg[1]_rep__3/C","-0.005000000","clk","clk","clk","u_dut/u_unified_p4_kernel/issue_desc_slot_q_reg[1]_rep__3","FDCE","u_dut/u_unified_p4_kernel/issue_desc_slot_q_reg_rep__3","u_dut/u_unified_p4_kernel/slot_state_q_reg[0][1]","FDCE","u_dut/u_unified_p4_kernel/slot_state_q_reg","3","0.352000000","1.592000000","1.944000000","0.818930041","SLICE_X88Y46","SLICE_X67Y32","","","SIGNATURE_SKIPPED|FDCE|FDCE","SIGNATURE_SKIPPED|FDCE|FDCE","DUT_INTERNAL","u_dut/u_unified_p4_kernel/issue_desc_slot_q_reg_rep__3","u_dut/u_unified_p4_kernel/slot_state_q_reg","0.005000000"
"u_dut/vwrite_cmd_data_q_reg[0][2]/D","u_dut/u_unified_p4_kernel/fifo_rd_ptr_q_reg[0]/C","-0.004000000","clk","clk","clk","u_dut/u_unified_p4_kernel/fifo_rd_ptr_q_reg[0]","FDCE","u_dut/u_unified_p4_kernel/fifo_rd_ptr_q_reg","u_dut/vwrite_cmd_data_q_reg[0][2]","FDCE","u_dut/vwrite_cmd_data_q_reg","4","0.418000000","1.481000000","1.899000000","0.779884150","SLICE_X61Y42","SLICE_X68Y34","","","SIGNATURE_SKIPPED|FDCE|FDCE","SIGNATURE_SKIPPED|FDCE|FDCE","DUT_INTERNAL","u_dut/u_unified_p4_kernel/fifo_rd_ptr_q_reg","u_dut/vwrite_cmd_data_q_reg","0.004000000"
"u_dut/vwrite_cmd_data_q_reg[0][6]/D","u_dut/u_unified_p4_kernel/fifo_rd_ptr_q_reg[1]/C","-0.024000000","clk","clk","clk","u_dut/u_unified_p4_kernel/fifo_rd_ptr_q_reg[1]","FDCE","u_dut/u_unified_p4_kernel/fifo_rd_ptr_q_reg","u_dut/vwrite_cmd_data_q_reg[0][6]","FDCE","u_dut/vwrite_cmd_data_q_reg","4","0.512000000","1.380000000","1.892000000","0.729386892","SLICE_X62Y42","SLICE_X71Y33","","","SIGNATURE_SKIPPED|FDCE|FDCE","SIGNATURE_SKIPPED|FDCE|FDCE","DUT_INTERNAL","u_dut/u_unified_p4_kernel/fifo_rd_ptr_q_reg","u_dut/vwrite_cmd_data_q_reg","0.024000000"
"u_dut/vwrite_cmd_data_q_reg[1][15]/D","u_dut/u_unified_p4_kernel/fifo_rd_ptr_q_reg[2]/C","-0.034000000","clk","clk","clk","u_dut/u_unified_p4_kernel/fifo_rd_ptr_q_reg[2]","FDCE","u_dut/u_unified_p4_kernel/fifo_rd_ptr_q_reg","u_dut/vwrite_cmd_data_q_reg[1][15]","FDCE","u_dut/vwrite_cmd_data_q_reg","4","0.468000000","1.439000000","1.907000000","0.754588359","SLICE_X62Y42","SLICE_X69Y40","","","SIGNATURE_SKIPPED|FDCE|FDCE","SIGNATURE_SKIPPED|FDCE|FDCE","DUT_INTERNAL","u_dut/u_unified_p4_kernel/fifo_rd_ptr_q_reg","u_dut/vwrite_cmd_data_q_reg","0.034000000"
"u_dut/vwrite_cmd_data_q_reg[2][2]/D","u_dut/u_unified_p4_kernel/fifo_rd_ptr_q_reg[2]/C","-0.047000000","clk","clk","clk","u_dut/u_unified_p4_kernel/fifo_rd_ptr_q_reg[2]","FDCE","u_dut/u_unified_p4_kernel/fifo_rd_ptr_q_reg","u_dut/vwrite_cmd_data_q_reg[2][2]","FDCE","u_dut/vwrite_cmd_data_q_reg","4","0.461000000","1.468000000","1.929000000","0.761016071","SLICE_X62Y42","SLICE_X68Y36","","","SIGNATURE_SKIPPED|FDCE|FDCE","SIGNATURE_SKIPPED|FDCE|FDCE","DUT_INTERNAL","u_dut/u_unified_p4_kernel/fifo_rd_ptr_q_reg","u_dut/vwrite_cmd_data_q_reg","0.047000000"
"u_dut/vwrite_cmd_data_q_reg[2][3]/D","u_dut/u_unified_p4_kernel/fifo_rd_ptr_q_reg[1]/C","-0.017000000","clk","clk","clk","u_dut/u_unified_p4_kernel/fifo_rd_ptr_q_reg[1]","FDCE","u_dut/u_unified_p4_kernel/fifo_rd_ptr_q_reg","u_dut/vwrite_cmd_data_q_reg[2][3]","FDCE","u_dut/vwrite_cmd_data_q_reg","4","0.400000000","1.492000000","1.892000000","0.788583510","SLICE_X62Y42","SLICE_X69Y32","","","SIGNATURE_SKIPPED|FDCE|FDCE","SIGNATURE_SKIPPED|FDCE|FDCE","DUT_INTERNAL","u_dut/u_unified_p4_kernel/fifo_rd_ptr_q_reg","u_dut/vwrite_cmd_data_q_reg","0.017000000"
"u_dut/vwrite_cmd_data_q_reg[3][8]/D","u_dut/u_unified_p4_kernel/fifo_rd_ptr_q_reg[3]/C","-0.003000000","clk","clk","clk","u_dut/u_unified_p4_kernel/fifo_rd_ptr_q_reg[3]","FDCE","u_dut/u_unified_p4_kernel/fifo_rd_ptr_q_reg","u_dut/vwrite_cmd_data_q_reg[3][8]","FDCE","u_dut/vwrite_cmd_data_q_reg","4","0.357000000","1.540000000","1.897000000","0.811808118","SLICE_X60Y41","SLICE_X67Y34","","","SIGNATURE_SKIPPED|FDCE|FDCE","SIGNATURE_SKIPPED|FDCE|FDCE","DUT_INTERNAL","u_dut/u_unified_p4_kernel/fifo_rd_ptr_q_reg","u_dut/vwrite_cmd_data_q_reg","0.003000000"
