#-----------------------------------------------------------
# Vivado v2025.2 (64-bit)
# SW Build 6299465 on Fri Nov 14 19:35:11 GMT 2025
# IP Build 6300035 on Fri Nov 14 10:48:45 MST 2025
# SharedData Build 6298862 on Thu Nov 13 04:50:51 MST 2025
# Start of session at: Sat Oct  3 23:16:38 2026
# Process ID         : 53652
# Current directory  : C:/Users/Fine/Documents/Codex/2026-07-23/ni/_feed_counter_verify
# Command line       : vivado.exe -mode batch -log C:\Users\Fine\Documents\Codex\2026-07-23\ni\_feed_counter_verify\05_audit\current\82_route_convergence_ab_20261003\prepare\vivado.log -journal C:\Users\Fine\Documents\Codex\2026-07-23\ni\_feed_counter_verify\05_audit\current\82_route_convergence_ab_20261003\prepare\vivado.jou -source C:/Users/Fine/Documents/Codex/2026-07-23/ni/_feed_counter_verify/05_audit/current/82_route_convergence_ab_20261003/prepare_common_postphysopt.tcl -tclargs C:/Users/Fine/Documents/Codex/2026-07-23/ni/outputs/sat10_lfnst_transpose_registered_neighbor_20260930_0025/step12f_registered_neighbor_postsynth.dcp C:/Users/Fine/Documents/Codex/2026-07-23/ni/_feed_counter_verify/05_audit/current/82_route_convergence_ab_20261003/prepare
# Log file           : C:/Users/Fine/Documents/Codex/2026-07-23/ni/_feed_counter_verify/05_audit/current/82_route_convergence_ab_20261003/prepare/vivado.log
# Journal file       : C:\Users\Fine\Documents\Codex\2026-07-23\ni\_feed_counter_verify\05_audit\current\82_route_convergence_ab_20261003\prepare\vivado.jou
# Running On         : Finesse
# Platform           : Windows Server 2016 or Windows 10
# Operating System   : 26200
# Processor Detail   : Intel(R) Core(TM) Ultra 5 225H
# CPU Frequency      : 3686 MHz
# CPU Physical cores : 14
# CPU Logical cores  : 14
# Host memory        : 16364 MB
# Swap memory        : 31015 MB
# Total Virtual      : 47380 MB
# Available Virtual  : 16118 MB
#-----------------------------------------------------------
source C:/Users/Fine/Documents/Codex/2026-07-23/ni/_feed_counter_verify/05_audit/current/82_route_convergence_ab_20261003/prepare_common_postphysopt.tcl
# set input_dcp [lindex $argv 0]
# set out_dir [lindex $argv 1]
# if {$input_dcp eq "" || $out_dir eq ""} {
#     error "usage: prepare_common_postphysopt.tcl <postsynth.dcp> <out_dir>"
# }
# file mkdir $out_dir
# set_param general.maxThreads 4
# puts "ROUTE_AB_PREPARE_START"
ROUTE_AB_PREPARE_START
# puts "VIVADO_VERSION=[version -short]"
VIVADO_VERSION=2025.2
# puts "MAX_THREADS=[get_param general.maxThreads]"
MAX_THREADS=4
# puts "INPUT_DCP=$input_dcp"
INPUT_DCP=C:/Users/Fine/Documents/Codex/2026-07-23/ni/outputs/sat10_lfnst_transpose_registered_neighbor_20260930_0025/step12f_registered_neighbor_postsynth.dcp
# open_checkpoint $input_dcp
Command: open_checkpoint C:/Users/Fine/Documents/Codex/2026-07-23/ni/outputs/sat10_lfnst_transpose_registered_neighbor_20260930_0025/step12f_registered_neighbor_postsynth.dcp

Starting open_checkpoint Task

Time (s): cpu = 00:00:00 ; elapsed = 00:00:00.034 . Memory (MB): peak = 350.184 ; gain = 4.809
INFO: [Device 21-403] Loading part xcku5p-ffvb676-2-e
Netlist sorting complete. Time (s): cpu = 00:00:00 ; elapsed = 00:00:00.162 . Memory (MB): peak = 1700.109 ; gain = 0.000
INFO: [Netlist 29-17] Analyzing 3947 Unisim elements for replacement
INFO: [Netlist 29-28] Unisim Transformation completed in 3 CPU seconds
INFO: [Project 1-479] Netlist was created with Vivado 2025.2
INFO: [Project 1-570] Preparing netlist for logic optimization
Read ShapeDB Complete: Time (s): cpu = 00:00:00 ; elapsed = 00:00:00.086 . Memory (MB): peak = 1734.664 ; gain = 9.320
INFO: [Timing 38-478] Restoring timing data from binary archive.
INFO: [Timing 38-479] Binary timing data restore complete.
INFO: [Project 1-856] Restoring constraints from binary archive.
INFO: [Project 1-853] Binary constraint restore complete.
Netlist sorting complete. Time (s): cpu = 00:00:00 ; elapsed = 00:00:00.014 . Memory (MB): peak = 2340.039 ; gain = 0.000
INFO: [Project 1-111] Unisim Transformation Summary:
  A total of 1196 instances were transformed.
  DSP48E2 => DSP48E2 (DSP_ALU, DSP_A_B_DATA, DSP_C_DATA, DSP_MULTIPLIER, DSP_M_DATA, DSP_OUTPUT, DSP_PREADD, DSP_PREADD_DATA): 320 instances
  IBUF => IBUF (IBUFCTRL, INBUF): 2 instances
  RAM256X1D => RAM256X1D (MUXF7(x4), MUXF8(x2), RAMD64E(x8)): 32 instances
  RAM64M => RAM64M (RAMD64E(x4)): 320 instances
  RAM64M8 => RAM64M8 (RAMD64E(x8)): 521 instances
  RAM64X1D => RAM64X1D (RAMD64E(x2)): 1 instance 

INFO: [Project 1-604] Checkpoint was created with Vivado v2025.2 (64-bit) build 6299465
open_checkpoint: Time (s): cpu = 00:00:30 ; elapsed = 00:00:30 . Memory (MB): peak = 2340.039 ; gain = 2004.863
# puts "DESIGN=[current_design]"
DESIGN=checkpoint_step12f_registered_neighbor_postsynth
# puts "PART=[get_property PART [current_design]]"
PART=xcku5p-ffvb676-2-e
# report_timing_summary -delay_type max -max_paths 100 \
#     -file [file join $out_dir timing_before_opt_setup.rpt]
INFO: [Timing 38-91] UpdateTimingParams: Speed grade: -2, Temperature grade: E, Delay Type: max.
INFO: [Timing 38-191] Multithreading enabled for timing update using a maximum of 4 CPUs
INFO: [Timing 38-35] Done setting XDC timing constraints.
report_timing_summary: Time (s): cpu = 00:00:36 ; elapsed = 00:00:19 . Memory (MB): peak = 3861.938 ; gain = 1521.898
# report_timing_summary -delay_type min -max_paths 100 \
#     -file [file join $out_dir timing_before_opt_hold.rpt]
INFO: [Timing 38-91] UpdateTimingParams: Speed grade: -2, Temperature grade: E, Delay Type: min.
INFO: [Timing 38-191] Multithreading enabled for timing update using a maximum of 4 CPUs
# opt_design -directive Default
Command: opt_design -directive Default
INFO: [Vivado_Tcl 4-136] Directive used for opt_design is: Default
Attempting to get a license for feature 'Implementation' and/or device 'xcku5p'
INFO: [Common 17-349] Got license for feature 'Implementation' and/or device 'xcku5p'
Running DRC as a precondition to command opt_design

Starting DRC Task
INFO: [DRC 23-27] Running DRC with 4 threads
INFO: [Project 1-461] DRC finished with 0 Errors
INFO: [Project 1-462] Please refer to the DRC report (report_drc) for more information.

Time (s): cpu = 00:00:01 ; elapsed = 00:00:00.563 . Memory (MB): peak = 3861.938 ; gain = 0.000

Starting Cache Timing Information Task
Ending Cache Timing Information Task | Checksum: 174fb1da1

Time (s): cpu = 00:00:00 ; elapsed = 00:00:00.023 . Memory (MB): peak = 3861.938 ; gain = 0.000

Starting Logic Optimization Task

Phase 1 Initialization

Phase 1.1 Core Generation And Design Setup
Phase 1.1 Core Generation And Design Setup | Checksum: 174fb1da1

Time (s): cpu = 00:00:00 ; elapsed = 00:00:00.075 . Memory (MB): peak = 3861.938 ; gain = 0.000

Phase 1.2 Setup Constraints And Sort Netlist
Phase 1.2 Setup Constraints And Sort Netlist | Checksum: 174fb1da1

Time (s): cpu = 00:00:00 ; elapsed = 00:00:00.101 . Memory (MB): peak = 3861.938 ; gain = 0.000
Phase 1 Initialization | Checksum: 174fb1da1

Time (s): cpu = 00:00:00 ; elapsed = 00:00:00.105 . Memory (MB): peak = 3861.938 ; gain = 0.000

Phase 2 Timer Update And Timing Data Collection

Phase 2.1 Detect if minReqCache needed
Phase 2.1 Detect if minReqCache needed | Checksum: 174fb1da1

Time (s): cpu = 00:00:00 ; elapsed = 00:00:00.177 . Memory (MB): peak = 3861.938 ; gain = 0.000

Phase 2.2 Timer Update
Phase 2.2 Timer Update | Checksum: 174fb1da1

Time (s): cpu = 00:00:04 ; elapsed = 00:00:02 . Memory (MB): peak = 3861.938 ; gain = 0.000

Phase 2.3 Timing Data Collection
Phase 2.3 Timing Data Collection | Checksum: 174fb1da1

Time (s): cpu = 00:00:04 ; elapsed = 00:00:02 . Memory (MB): peak = 3861.938 ; gain = 0.000
Phase 2 Timer Update And Timing Data Collection | Checksum: 174fb1da1

Time (s): cpu = 00:00:04 ; elapsed = 00:00:02 . Memory (MB): peak = 3861.938 ; gain = 0.000

Phase 3 Retarget
INFO: [Opt 31-1851] Number of loadless carry chains removed were: 0
INFO: [Opt 31-1834] Total Chains To Be Transformed Were: 0 AND Number of Transformed insts Created are: 0
INFO: [Opt 31-1566] Pulled 2 inverters resulting in an inversion of 184 pins
INFO: [Opt 31-138] Pushed 4 inverter(s) to 4897 load pin(s).
INFO: [Opt 31-49] Retargeted 0 cell(s).
Phase 3 Retarget | Checksum: 2833a8368

Time (s): cpu = 00:00:06 ; elapsed = 00:00:03 . Memory (MB): peak = 3861.938 ; gain = 0.000
Retarget | Checksum: 2833a8368
INFO: [Opt 31-389] Phase Retarget created 640 cells and removed 645 cells
INFO: [Opt 31-1021] In phase Retarget, 100 netlist objects are constrained preventing optimization. Please run opt_design with -debug_log to get more detail. 

Phase 4 Constant propagation
INFO: [Opt 31-138] Pushed 0 inverter(s) to 0 load pin(s).
Phase 4 Constant propagation | Checksum: 21658e8f9

Time (s): cpu = 00:00:06 ; elapsed = 00:00:04 . Memory (MB): peak = 3861.938 ; gain = 0.000
Constant propagation | Checksum: 21658e8f9
INFO: [Opt 31-389] Phase Constant propagation created 0 cells and removed 0 cells
INFO: [Opt 31-1021] In phase Constant propagation, 100 netlist objects are constrained preventing optimization. Please run opt_design with -debug_log to get more detail. 

Phase 5 Sweep
INFO: [Constraints 18-11670] Building netlist checker database with flags, 0x8
Done building netlist checker database: Time (s): cpu = 00:00:00 ; elapsed = 00:00:00.069 . Memory (MB): peak = 3861.938 ; gain = 0.000
INFO: [Constraints 18-11670] Building netlist checker database with flags, 0x8
Done building netlist checker database: Time (s): cpu = 00:00:00 ; elapsed = 00:00:00.063 . Memory (MB): peak = 3861.938 ; gain = 0.000
Phase 5 Sweep | Checksum: 1f73f42e5

Time (s): cpu = 00:00:07 ; elapsed = 00:00:05 . Memory (MB): peak = 3861.938 ; gain = 0.000
Sweep | Checksum: 1f73f42e5
INFO: [Opt 31-389] Phase Sweep created 0 cells and removed 0 cells
INFO: [Opt 31-1021] In phase Sweep, 200 netlist objects are constrained preventing optimization. Please run opt_design with -debug_log to get more detail. 

Phase 6 BUFG optimization
INFO: [Opt 31-1077] Phase BUFG optimization inserted 0 global clock buffer(s) for CLOCK_LOW_FANOUT.
Phase 6 BUFG optimization | Checksum: 1f73f42e5

Time (s): cpu = 00:00:10 ; elapsed = 00:00:06 . Memory (MB): peak = 3861.938 ; gain = 0.000
BUFG optimization | Checksum: 1f73f42e5
INFO: [Opt 31-662] Phase BUFG optimization created 0 cells of which 0 are BUFGs and removed 0 cells.

Phase 7 Shift Register Optimization
INFO: [Opt 31-1064] SRL Remap converted 0 SRLs to 0 registers and converted 0 registers of register chains to 0 SRLs
Phase 7 Shift Register Optimization | Checksum: 1f73f42e5

Time (s): cpu = 00:00:10 ; elapsed = 00:00:06 . Memory (MB): peak = 3861.938 ; gain = 0.000
Shift Register Optimization | Checksum: 1f73f42e5
INFO: [Opt 31-389] Phase Shift Register Optimization created 0 cells and removed 0 cells

Phase 8 Post Processing Netlist
Phase 8 Post Processing Netlist | Checksum: 1f73f42e5

Time (s): cpu = 00:00:10 ; elapsed = 00:00:06 . Memory (MB): peak = 3861.938 ; gain = 0.000
Post Processing Netlist | Checksum: 1f73f42e5
INFO: [Opt 31-389] Phase Post Processing Netlist created 0 cells and removed 0 cells
INFO: [Opt 31-1021] In phase Post Processing Netlist, 144 netlist objects are constrained preventing optimization. Please run opt_design with -debug_log to get more detail. 

Phase 9 Finalization

Phase 9.1 Finalizing Design Cores and Updating Shapes
Phase 9.1 Finalizing Design Cores and Updating Shapes | Checksum: 1a9c2a905

Time (s): cpu = 00:00:12 ; elapsed = 00:00:07 . Memory (MB): peak = 3861.938 ; gain = 0.000

Phase 9.2 Verifying Netlist Connectivity

Starting Connectivity Check Task

Time (s): cpu = 00:00:00 ; elapsed = 00:00:00.043 . Memory (MB): peak = 3861.938 ; gain = 0.000
Phase 9.2 Verifying Netlist Connectivity | Checksum: 1a9c2a905

Time (s): cpu = 00:00:12 ; elapsed = 00:00:07 . Memory (MB): peak = 3861.938 ; gain = 0.000
Phase 9 Finalization | Checksum: 1a9c2a905

Time (s): cpu = 00:00:12 ; elapsed = 00:00:07 . Memory (MB): peak = 3861.938 ; gain = 0.000
Opt_design Change Summary
=========================


-------------------------------------------------------------------------------------------------------------------------
|  Phase                        |  #Cells created  |  #Cells Removed  |  #Constrained objects preventing optimizations  |
-------------------------------------------------------------------------------------------------------------------------
|  Retarget                     |             640  |             645  |                                            100  |
|  Constant propagation         |               0  |               0  |                                            100  |
|  Sweep                        |               0  |               0  |                                            200  |
|  BUFG optimization            |               0  |               0  |                                              0  |
|  Shift Register Optimization  |               0  |               0  |                                              0  |
|  Post Processing Netlist      |               0  |               0  |                                            144  |
-------------------------------------------------------------------------------------------------------------------------


Ending Logic Optimization Task | Checksum: 1a9c2a905

Time (s): cpu = 00:00:12 ; elapsed = 00:00:07 . Memory (MB): peak = 3861.938 ; gain = 0.000

Starting Power Optimization Task
INFO: [Pwropt 34-132] Skipping clock gating for clocks with a period < 2.00 ns.
Ending Power Optimization Task | Checksum: 1a9c2a905

Time (s): cpu = 00:00:00 ; elapsed = 00:00:00.041 . Memory (MB): peak = 3861.938 ; gain = 0.000

Starting Final Cleanup Task
Ending Final Cleanup Task | Checksum: 1a9c2a905

Time (s): cpu = 00:00:00 ; elapsed = 00:00:00.004 . Memory (MB): peak = 3861.938 ; gain = 0.000
Netlist sorting complete. Time (s): cpu = 00:00:00 ; elapsed = 00:00:00.017 . Memory (MB): peak = 3861.938 ; gain = 0.000
INFO: [Common 17-83] Releasing license: Implementation
27 Infos, 0 Warnings, 0 Critical Warnings and 0 Errors encountered.
opt_design completed successfully
opt_design: Time (s): cpu = 00:00:15 ; elapsed = 00:00:11 . Memory (MB): peak = 3861.938 ; gain = 0.000
# place_design -directive ExtraNetDelay_high
Command: place_design -directive ExtraNetDelay_high
Attempting to get a license for feature 'Implementation' and/or device 'xcku5p'
INFO: [Common 17-349] Got license for feature 'Implementation' and/or device 'xcku5p'
INFO: [Common 17-83] Releasing license: Implementation
INFO: [DRC 23-27] Running DRC with 4 threads
INFO: [Vivado_Tcl 4-198] DRC finished with 0 Errors
INFO: [Vivado_Tcl 4-199] Please refer to the DRC report (report_drc) for more information.
INFO: [Timing 38-35] Done setting XDC timing constraints.
INFO: [Vivado_Tcl 4-2302] The placer was invoked with the 'ExtraNetDelay_high' directive.
Running DRC as a precondition to command place_design
INFO: [DRC 23-27] Running DRC with 4 threads
INFO: [Vivado_Tcl 4-198] DRC finished with 0 Errors
INFO: [Vivado_Tcl 4-199] Please refer to the DRC report (report_drc) for more information.
INFO: [Place 30-611] Multithreading enabled for place_design using a maximum of 4 CPUs

Starting Placer Task

Phase 1 Placer Initialization

Phase 1.1 Placer Initialization Netlist Sorting
Netlist sorting complete. Time (s): cpu = 00:00:00 ; elapsed = 00:00:00.016 . Memory (MB): peak = 3861.938 ; gain = 0.000
Phase 1.1 Placer Initialization Netlist Sorting | Checksum: d83f8765

Time (s): cpu = 00:00:00 ; elapsed = 00:00:00.027 . Memory (MB): peak = 3861.938 ; gain = 0.000
Netlist sorting complete. Time (s): cpu = 00:00:00 ; elapsed = 00:00:00.015 . Memory (MB): peak = 3861.938 ; gain = 0.000

Phase 1.2 IO Placement/ Clock Placement/ Build Placer Device
Phase 1.2 IO Placement/ Clock Placement/ Build Placer Device | Checksum: e1df0036

Time (s): cpu = 00:00:02 ; elapsed = 00:00:02 . Memory (MB): peak = 3861.938 ; gain = 0.000

Phase 1.3 Build Placer Netlist Model
Phase 1.3 Build Placer Netlist Model | Checksum: 15a74ffc1

Time (s): cpu = 00:00:31 ; elapsed = 00:00:18 . Memory (MB): peak = 3921.934 ; gain = 59.996

Phase 1.4 Constrain Clocks/Macros
Phase 1.4 Constrain Clocks/Macros | Checksum: 15a74ffc1

Time (s): cpu = 00:00:31 ; elapsed = 00:00:18 . Memory (MB): peak = 3921.934 ; gain = 59.996
Phase 1 Placer Initialization | Checksum: 15a74ffc1

Time (s): cpu = 00:00:31 ; elapsed = 00:00:18 . Memory (MB): peak = 3921.934 ; gain = 59.996

Phase 2 Global Placement

Phase 2.1 Floorplanning

Phase 2.1.1 Partition Driven Placement

Phase 2.1.1.1 PBP: Partition Driven Placement
Phase 2.1.1.1 PBP: Partition Driven Placement | Checksum: 17f25bc9d

Time (s): cpu = 00:00:45 ; elapsed = 00:00:24 . Memory (MB): peak = 3921.934 ; gain = 59.996

Phase 2.1.1.2 PBP: Clock Region Placement
INFO: [Place 30-3162] Check ILP status : ILP-based clock placer completed successfully.
Phase 2.1.1.2 PBP: Clock Region Placement | Checksum: 1b49dc90e

Time (s): cpu = 00:00:46 ; elapsed = 00:00:25 . Memory (MB): peak = 3921.934 ; gain = 59.996

Phase 2.1.1.3 PBP: Compute Congestion
Phase 2.1.1.3 PBP: Compute Congestion | Checksum: 1b49dc90e

Time (s): cpu = 00:01:00 ; elapsed = 00:00:30 . Memory (MB): peak = 4307.980 ; gain = 446.043

Phase 2.1.1.4 PBP: UpdateTiming
Phase 2.1.1.4 PBP: UpdateTiming | Checksum: 199a5dec5

Time (s): cpu = 00:01:04 ; elapsed = 00:00:32 . Memory (MB): peak = 4307.980 ; gain = 446.043

Phase 2.1.1.5 PBP: Add part constraints
Phase 2.1.1.5 PBP: Add part constraints | Checksum: 199a5dec5

Time (s): cpu = 00:01:04 ; elapsed = 00:00:32 . Memory (MB): peak = 4307.980 ; gain = 446.043
Phase 2.1.1 Partition Driven Placement | Checksum: 199a5dec5

Time (s): cpu = 00:01:04 ; elapsed = 00:00:32 . Memory (MB): peak = 4307.980 ; gain = 446.043
Phase 2.1 Floorplanning | Checksum: 199a5dec5

Time (s): cpu = 00:01:04 ; elapsed = 00:00:32 . Memory (MB): peak = 4307.980 ; gain = 446.043

Phase 2.2 Update Timing before SLR Path Opt
Phase 2.2 Update Timing before SLR Path Opt | Checksum: 199a5dec5

Time (s): cpu = 00:01:04 ; elapsed = 00:00:32 . Memory (MB): peak = 4307.980 ; gain = 446.043

Phase 2.3 Post-Processing in Floorplanning
Phase 2.3 Post-Processing in Floorplanning | Checksum: 19a0038cf

Time (s): cpu = 00:01:05 ; elapsed = 00:00:32 . Memory (MB): peak = 4307.980 ; gain = 446.043

Phase 2.4 Global Place Phase1
Phase 2.4 Global Place Phase1 | Checksum: 1b156a559

Time (s): cpu = 00:03:57 ; elapsed = 00:01:35 . Memory (MB): peak = 4589.469 ; gain = 727.531

Phase 2.5 Global Place Phase2

Phase 2.5.1 UpdateTiming Before Physical Synthesis
Phase 2.5.1 UpdateTiming Before Physical Synthesis | Checksum: 1a1a114d1

Time (s): cpu = 00:04:14 ; elapsed = 00:01:41 . Memory (MB): peak = 4589.469 ; gain = 727.531

Phase 2.5.2 Physical Synthesis In Placer
INFO: [Physopt 32-1035] Found 263 LUTNM shape to break, 783 LUT instances to create LUTNM shape
INFO: [Physopt 32-1044] Break lutnm for timing: one critical 118, two critical 145, total 263, new lutff created 0
INFO: [Physopt 32-1138] End 1 Pass. Optimized 593 nets or LUTs. Breaked 263 LUTs, combined 330 existing LUTs and moved 0 existing LUT
INFO: [Physopt 32-1030] Pass 1. Identified 56 candidate driver sets for equivalent driver rewiring.
INFO: [Physopt 32-661] Optimized 35 nets.  Re-placed 383 instances.
INFO: [Physopt 32-775] End 1 Pass. Optimized 35 nets or cells. Created 0 new cell, deleted 22 existing cells and moved 383 existing cells
Netlist sorting complete. Time (s): cpu = 00:00:00 ; elapsed = 00:00:00.207 . Memory (MB): peak = 4589.469 ; gain = 0.000
INFO: [Physopt 32-1132] Very high fanout net 'u_dut/vwrite_cmd_addr_q[0]' is not considered as a candidate in VHFN optimization. The fanout considered for this optimization is changed from 1472 to 193 due to a timing constraint or macro primitives that prevent optimization on all of the loads. To force replication, set the FORCE_MAX_FANOUT property on the net to a number less than 193.
INFO: [Physopt 32-1132] Very high fanout net 'u_dut/vwrite_cmd_addr_q[1]' is not considered as a candidate in VHFN optimization. The fanout considered for this optimization is changed from 1472 to 193 due to a timing constraint or macro primitives that prevent optimization on all of the loads. To force replication, set the FORCE_MAX_FANOUT property on the net to a number less than 193.
INFO: [Physopt 32-1132] Very high fanout net 'u_dut/vwrite_cmd_addr_q[2]' is not considered as a candidate in VHFN optimization. The fanout considered for this optimization is changed from 1472 to 193 due to a timing constraint or macro primitives that prevent optimization on all of the loads. To force replication, set the FORCE_MAX_FANOUT property on the net to a number less than 193.
INFO: [Physopt 32-1132] Very high fanout net 'u_dut/vwrite_cmd_addr_q[3]' is not considered as a candidate in VHFN optimization. The fanout considered for this optimization is changed from 1472 to 193 due to a timing constraint or macro primitives that prevent optimization on all of the loads. To force replication, set the FORCE_MAX_FANOUT property on the net to a number less than 193.
INFO: [Physopt 32-1132] Very high fanout net 'u_dut/vwrite_cmd_addr_q[4]' is not considered as a candidate in VHFN optimization. The fanout considered for this optimization is changed from 1472 to 193 due to a timing constraint or macro primitives that prevent optimization on all of the loads. To force replication, set the FORCE_MAX_FANOUT property on the net to a number less than 193.
INFO: [Physopt 32-1132] Very high fanout net 'u_dut/vwrite_cmd_addr_q[5]' is not considered as a candidate in VHFN optimization. The fanout considered for this optimization is changed from 1472 to 193 due to a timing constraint or macro primitives that prevent optimization on all of the loads. To force replication, set the FORCE_MAX_FANOUT property on the net to a number less than 193.
INFO: [Physopt 32-1408] Pass 1. Identified 17 candidate nets for high-fanout optimization.
INFO: [Physopt 32-81] Processed net u_dut/rd_cmd_addr_q_reg_n_0_[0][0][0]. Replicated 6 times.
INFO: [Physopt 32-81] Processed net u_dut/rd_cmd_addr_q_reg_n_0_[0][0][1]. Replicated 5 times.
INFO: [Physopt 32-81] Processed net u_dut/rd_cmd_addr_q_reg_n_0_[0][0][2]. Replicated 5 times.
INFO: [Physopt 32-81] Processed net u_dut/rd_cmd_addr_q_reg_n_0_[0][0][3]. Replicated 5 times.
INFO: [Physopt 32-81] Processed net u_dut/output_index_reg_n_0_[1]. Replicated 8 times.
INFO: [Physopt 32-81] Processed net u_dut/output_index_reg_n_0_[3]. Replicated 8 times.
INFO: [Physopt 32-81] Processed net u_dut/output_index_reg_n_0_[5]. Replicated 8 times.
INFO: [Physopt 32-81] Processed net u_dut/output_index_reg_n_0_[0]. Replicated 8 times.
INFO: [Physopt 32-81] Processed net u_dut/output_index_reg_n_0_[2]. Replicated 9 times.
INFO: [Physopt 32-81] Processed net u_dut/output_index_reg_n_0_[4]. Replicated 9 times.
INFO: [Physopt 32-81] Processed net u_dut/u_unified_p4_kernel/s1_valid_q. Replicated 26 times.
INFO: [Physopt 32-81] Processed net u_dut/u_unified_p4_kernel/s2_valid_q. Replicated 12 times.
INFO: [Physopt 32-81] Processed net u_dut/u_unified_p4_kernel/s3_valid_q. Replicated 5 times.
INFO: [Physopt 32-232] Optimized 13 nets. Created 114 new instances.
INFO: [Physopt 32-775] End 1 Pass. Optimized 13 nets or cells. Created 114 new cells, deleted 0 existing cell and moved 0 existing cell
Netlist sorting complete. Time (s): cpu = 00:00:00 ; elapsed = 00:00:00.174 . Memory (MB): peak = 4589.469 ; gain = 0.000
INFO: [Physopt 32-76] Pass 1. Identified 2 candidate nets for fanout optimization.
INFO: [Physopt 32-81] Processed net u_dut/u_bounded_lfnst_engine/product_valid_q_reg_n_0. Replicated 9 times.
INFO: [Physopt 32-81] Processed net u_dut/u_bounded_lfnst_engine/mul_valid_q. Replicated 7 times.
INFO: [Physopt 32-232] Optimized 2 nets. Created 16 new instances.
INFO: [Physopt 32-775] End 1 Pass. Optimized 2 nets or cells. Created 16 new cells, deleted 0 existing cell and moved 0 existing cell
Netlist sorting complete. Time (s): cpu = 00:00:00 ; elapsed = 00:00:00.037 . Memory (MB): peak = 4589.469 ; gain = 0.000
INFO: [Physopt 32-46] Identified 12 candidate nets for critical-cell optimization.
INFO: [Physopt 32-232] Optimized 0 net. Created 0 new instance.
INFO: [Physopt 32-775] End 1 Pass. Optimized 0 net or cell. Created 0 new cell, deleted 0 existing cell and moved 0 existing cell
INFO: [Physopt 32-457] Pass 1. Identified 50 candidate cells for DSP register optimization.
INFO: [Physopt 32-665] Processed cell u_dut/u_unified_p4_kernel/product_q_reg[1][17]. 8 registers were pushed out.
INFO: [Physopt 32-665] Processed cell u_dut/u_unified_p4_kernel/product_q_reg[2][36]. 8 registers were pushed out.
INFO: [Physopt 32-665] Processed cell u_dut/u_unified_p4_kernel/product_q_reg[3][15]. 8 registers were pushed out.
INFO: [Physopt 32-665] Processed cell u_dut/u_unified_p4_kernel/product_q_reg[3][27]. 8 registers were pushed out.
INFO: [Physopt 32-665] Processed cell u_dut/u_unified_p4_kernel/product_q_reg[0][13]. 8 registers were pushed out.
INFO: [Physopt 32-665] Processed cell u_dut/u_unified_p4_kernel/product_q_reg[2][3]. 8 registers were pushed out.
INFO: [Physopt 32-665] Processed cell u_dut/u_unified_p4_kernel/product_q_reg[2][25]. 8 registers were pushed out.
INFO: [Physopt 32-665] Processed cell u_dut/u_unified_p4_kernel/product_q_reg[2][13]. 8 registers were pushed out.
INFO: [Physopt 32-665] Processed cell u_dut/u_unified_p4_kernel/product_q_reg[3][5]. 8 registers were pushed out.
INFO: [Physopt 32-665] Processed cell u_dut/u_unified_p4_kernel/product_q_reg[3][9]. 8 registers were pushed out.
INFO: [Physopt 32-665] Processed cell u_dut/u_unified_p4_kernel/product_q_reg[0][31]. 8 registers were pushed out.
INFO: [Physopt 32-665] Processed cell u_dut/u_unified_p4_kernel/product_q_reg[1][2]. 8 registers were pushed out.
INFO: [Physopt 32-665] Processed cell u_dut/u_unified_p4_kernel/product_q_reg[1][1]. 8 registers were pushed out.
INFO: [Physopt 32-665] Processed cell u_dut/u_unified_p4_kernel/product_q_reg[0][19]. 8 registers were pushed out.
INFO: [Physopt 32-665] Processed cell u_dut/u_unified_p4_kernel/product_q_reg[0][1]. 8 registers were pushed out.
INFO: [Physopt 32-665] Processed cell u_dut/u_unified_p4_kernel/product_q_reg[3][45]. 8 registers were pushed out.
INFO: [Physopt 32-665] Processed cell u_dut/u_unified_p4_kernel/product_q_reg[2][51]. 8 registers were pushed out.
INFO: [Physopt 32-665] Processed cell u_dut/u_unified_p4_kernel/product_q_reg[2][30]. 8 registers were pushed out.
INFO: [Physopt 32-665] Processed cell u_dut/u_unified_p4_kernel/product_q_reg[1][31]. 8 registers were pushed out.
INFO: [Physopt 32-665] Processed cell u_dut/u_unified_p4_kernel/product_q_reg[3][6]. 8 registers were pushed out.
INFO: [Physopt 32-665] Processed cell u_dut/u_unified_p4_kernel/product_q_reg[3][7]. 8 registers were pushed out.
INFO: [Physopt 32-665] Processed cell u_dut/u_unified_p4_kernel/product_q_reg[2][22]. 8 registers were pushed out.
INFO: [Physopt 32-665] Processed cell u_dut/u_unified_p4_kernel/product_q_reg[3][52]. 8 registers were pushed out.
INFO: [Physopt 32-665] Processed cell u_dut/u_unified_p4_kernel/product_q_reg[0][54]. 8 registers were pushed out.
INFO: [Physopt 32-665] Processed cell u_dut/u_unified_p4_kernel/product_q_reg[2][11]. 8 registers were pushed out.
INFO: [Physopt 32-665] Processed cell u_dut/u_unified_p4_kernel/product_q_reg[2][21]. 8 registers were pushed out.
INFO: [Physopt 32-665] Processed cell u_dut/u_unified_p4_kernel/product_q_reg[1][30]. 8 registers were pushed out.
INFO: [Physopt 32-665] Processed cell u_dut/u_unified_p4_kernel/product_q_reg[1][14]. 8 registers were pushed out.
INFO: [Physopt 32-665] Processed cell u_dut/u_unified_p4_kernel/product_q_reg[0][30]. 8 registers were pushed out.
INFO: [Physopt 32-665] Processed cell u_dut/u_unified_p4_kernel/product_q_reg[1][51]. 8 registers were pushed out.
INFO: [Physopt 32-665] Processed cell u_dut/u_unified_p4_kernel/product_q_reg[0][27]. 8 registers were pushed out.
INFO: [Physopt 32-665] Processed cell u_dut/u_unified_p4_kernel/product_q_reg[0][58]. 8 registers were pushed out.
INFO: [Physopt 32-665] Processed cell u_dut/u_unified_p4_kernel/product_q_reg[2][20]. 8 registers were pushed out.
INFO: [Physopt 32-665] Processed cell u_dut/u_unified_p4_kernel/product_q_reg[0][60]. 8 registers were pushed out.
INFO: [Physopt 32-665] Processed cell u_dut/u_unified_p4_kernel/product_q_reg[3][25]. 8 registers were pushed out.
INFO: [Physopt 32-665] Processed cell u_dut/u_unified_p4_kernel/product_q_reg[0][61]. 8 registers were pushed out.
INFO: [Physopt 32-665] Processed cell u_dut/u_unified_p4_kernel/product_q_reg[2][8]. 8 registers were pushed out.
INFO: [Physopt 32-665] Processed cell u_dut/u_unified_p4_kernel/product_q_reg[1][4]. 8 registers were pushed out.
INFO: [Physopt 32-665] Processed cell u_dut/u_unified_p4_kernel/product_q_reg[2][1]. 8 registers were pushed out.
INFO: [Physopt 32-665] Processed cell u_dut/u_unified_p4_kernel/product_q_reg[2][44]. 8 registers were pushed out.
INFO: [Physopt 32-665] Processed cell u_dut/u_unified_p4_kernel/product_q_reg[2][49]. 8 registers were pushed out.
INFO: [Physopt 32-665] Processed cell u_dut/u_unified_p4_kernel/product_q_reg[3][58]. 8 registers were pushed out.
INFO: [Physopt 32-665] Processed cell u_dut/u_unified_p4_kernel/product_q_reg[0][24]. 8 registers were pushed out.
INFO: [Physopt 32-665] Processed cell u_dut/u_unified_p4_kernel/product_q_reg[2][26]. 8 registers were pushed out.
INFO: [Physopt 32-665] Processed cell u_dut/u_unified_p4_kernel/product_q_reg[2][9]. 8 registers were pushed out.
INFO: [Physopt 32-665] Processed cell u_dut/u_unified_p4_kernel/product_q_reg[0][22]. 8 registers were pushed out.
INFO: [Physopt 32-665] Processed cell u_dut/u_unified_p4_kernel/product_q_reg[1][44]. 8 registers were pushed out.
INFO: [Physopt 32-665] Processed cell u_dut/u_unified_p4_kernel/product_q_reg[3][24]. 8 registers were pushed out.
INFO: [Physopt 32-665] Processed cell u_dut/u_unified_p4_kernel/product_q_reg[2][33]. 8 registers were pushed out.
INFO: [Physopt 32-665] Processed cell u_dut/u_unified_p4_kernel/product_q_reg[3][17]. 8 registers were pushed out.
INFO: [Physopt 32-457] Pass 2. Identified 50 candidate cells for DSP register optimization.
INFO: [Physopt 32-665] Processed cell u_dut/u_unified_p4_kernel/product_q_reg[0][43]. 8 registers were pushed out.
INFO: [Physopt 32-665] Processed cell u_dut/u_unified_p4_kernel/product_q_reg[1][23]. 8 registers were pushed out.
INFO: [Physopt 32-665] Processed cell u_dut/u_unified_p4_kernel/product_q_reg[1][47]. 8 registers were pushed out.
INFO: [Physopt 32-665] Processed cell u_dut/u_unified_p4_kernel/product_q_reg[0][50]. 8 registers were pushed out.
INFO: [Physopt 32-665] Processed cell u_dut/u_unified_p4_kernel/product_q_reg[1][18]. 8 registers were pushed out.
INFO: [Physopt 32-665] Processed cell u_dut/u_unified_p4_kernel/product_q_reg[3][53]. 8 registers were pushed out.
INFO: [Physopt 32-665] Processed cell u_dut/u_unified_p4_kernel/product_q_reg[1][16]. 8 registers were pushed out.
INFO: [Physopt 32-665] Processed cell u_dut/u_unified_p4_kernel/product_q_reg[3][18]. 8 registers were pushed out.
INFO: [Physopt 32-665] Processed cell u_dut/u_unified_p4_kernel/product_q_reg[0][46]. 8 registers were pushed out.
INFO: [Physopt 32-665] Processed cell u_dut/u_unified_p4_kernel/product_q_reg[1][24]. 7 registers were pushed out.
INFO: [Physopt 32-665] Processed cell u_dut/u_unified_p4_kernel/product_q_reg[2][53]. 8 registers were pushed out.
INFO: [Physopt 32-665] Processed cell u_dut/u_unified_p4_kernel/product_q_reg[2][45]. 8 registers were pushed out.
INFO: [Physopt 32-665] Processed cell u_dut/u_unified_p4_kernel/product_q_reg[3][49]. 8 registers were pushed out.
INFO: [Physopt 32-665] Processed cell u_dut/u_unified_p4_kernel/product_q_reg[3][28]. 8 registers were pushed out.
INFO: [Physopt 32-665] Processed cell u_dut/u_unified_p4_kernel/product_q_reg[3][30]. 8 registers were pushed out.
INFO: [Physopt 32-665] Processed cell u_dut/u_unified_p4_kernel/product_q_reg[2][43]. 8 registers were pushed out.
INFO: [Physopt 32-665] Processed cell u_dut/u_unified_p4_kernel/product_q_reg[2][50]. 8 registers were pushed out.
INFO: [Physopt 32-665] Processed cell u_dut/u_unified_p4_kernel/product_q_reg[3][43]. 8 registers were pushed out.
INFO: [Physopt 32-665] Processed cell u_dut/u_unified_p4_kernel/product_q_reg[3][46]. 8 registers were pushed out.
INFO: [Physopt 32-665] Processed cell u_dut/u_unified_p4_kernel/product_q_reg[2][60]. 8 registers were pushed out.
INFO: [Physopt 32-665] Processed cell u_dut/u_unified_p4_kernel/product_q_reg[2][57]. 8 registers were pushed out.
INFO: [Physopt 32-665] Processed cell u_dut/u_unified_p4_kernel/product_q_reg[3][41]. 8 registers were pushed out.
INFO: [Physopt 32-665] Processed cell u_dut/u_unified_p4_kernel/product_q_reg[3][50]. 8 registers were pushed out.
INFO: [Physopt 32-665] Processed cell u_dut/u_unified_p4_kernel/product_q_reg[0][26]. 8 registers were pushed out.
INFO: [Physopt 32-665] Processed cell u_dut/u_unified_p4_kernel/product_q_reg[3][33]. 8 registers were pushed out.
INFO: [Physopt 32-665] Processed cell u_dut/u_unified_p4_kernel/product_q_reg[1][28]. 8 registers were pushed out.
INFO: [Physopt 32-665] Processed cell u_dut/u_unified_p4_kernel/product_q_reg[1][42]. 8 registers were pushed out.
INFO: [Physopt 32-665] Processed cell u_dut/u_unified_p4_kernel/product_q_reg[2][19]. 8 registers were pushed out.
INFO: [Physopt 32-665] Processed cell u_dut/u_unified_p4_kernel/product_q_reg[0][52]. 8 registers were pushed out.
INFO: [Physopt 32-665] Processed cell u_dut/u_unified_p4_kernel/product_q_reg[0][45]. 8 registers were pushed out.
INFO: [Physopt 32-665] Processed cell u_dut/u_unified_p4_kernel/product_q_reg[3][59]. 8 registers were pushed out.
INFO: [Physopt 32-665] Processed cell u_dut/u_unified_p4_kernel/product_q_reg[3][23]. 8 registers were pushed out.
INFO: [Physopt 32-665] Processed cell u_dut/u_unified_p4_kernel/product_q_reg[3][62]. 8 registers were pushed out.
INFO: [Physopt 32-665] Processed cell u_dut/u_unified_p4_kernel/product_q_reg[0][4]. 8 registers were pushed out.
INFO: [Physopt 32-665] Processed cell u_dut/u_unified_p4_kernel/product_q_reg[1][19]. 8 registers were pushed out.
INFO: [Physopt 32-665] Processed cell u_dut/u_unified_p4_kernel/product_q_reg[0][28]. 8 registers were pushed out.
INFO: [Physopt 32-665] Processed cell u_dut/u_unified_p4_kernel/product_q_reg[0][7]. 8 registers were pushed out.
INFO: [Physopt 32-665] Processed cell u_dut/u_unified_p4_kernel/product_q_reg[3][19]. 8 registers were pushed out.
INFO: [Physopt 32-665] Processed cell u_dut/u_unified_p4_kernel/product_q_reg[1][52]. 8 registers were pushed out.
INFO: [Physopt 32-665] Processed cell u_dut/u_unified_p4_kernel/product_q_reg[0][21]. 8 registers were pushed out.
INFO: [Physopt 32-665] Processed cell u_dut/u_unified_p4_kernel/product_q_reg[3][31]. 8 registers were pushed out.
INFO: [Physopt 32-665] Processed cell u_dut/u_unified_p4_kernel/product_q_reg[1][25]. 8 registers were pushed out.
INFO: [Physopt 32-665] Processed cell u_dut/u_unified_p4_kernel/product_q_reg[0][15]. 8 registers were pushed out.
INFO: [Physopt 32-665] Processed cell u_dut/u_unified_p4_kernel/product_q_reg[0][59]. 8 registers were pushed out.
INFO: [Physopt 32-665] Processed cell u_dut/u_unified_p4_kernel/product_q_reg[1][6]. 8 registers were pushed out.
INFO: [Physopt 32-665] Processed cell u_dut/u_unified_p4_kernel/product_q_reg[3][37]. 8 registers were pushed out.
INFO: [Physopt 32-665] Processed cell u_dut/u_unified_p4_kernel/product_q_reg[0][49]. 8 registers were pushed out.
INFO: [Physopt 32-665] Processed cell u_dut/u_unified_p4_kernel/product_q_reg[2][23]. 8 registers were pushed out.
INFO: [Physopt 32-665] Processed cell u_dut/u_unified_p4_kernel/product_q_reg[1][45]. 8 registers were pushed out.
INFO: [Physopt 32-665] Processed cell u_dut/u_unified_p4_kernel/product_q_reg[3][34]. 8 registers were pushed out.
INFO: [Common 17-14] Message 'Physopt 32-665' appears 100 times and further instances of the messages will be disabled. Use the Tcl command set_msg_config to change the current settings.
INFO: [Physopt 32-775] End 2 Pass. Optimized 100 nets or cells. Created 799 new cells, deleted 0 existing cell and moved 0 existing cell
Netlist sorting complete. Time (s): cpu = 00:00:00 ; elapsed = 00:00:00.222 . Memory (MB): peak = 4589.469 ; gain = 0.000
INFO: [Physopt 32-1123] No candidate cells found for Shift Register to Pipeline optimization
INFO: [Physopt 32-775] End 2 Pass. Optimized 0 net or cell. Created 0 new cell, deleted 0 existing cell and moved 0 existing cell
INFO: [Physopt 32-1401] No candidate cells found for Shift Register optimization.
INFO: [Physopt 32-677] No candidate cells for Shift Register optimization found in the design
INFO: [Physopt 32-775] End 1 Pass. Optimized 0 net or cell. Created 0 new cell, deleted 0 existing cell and moved 0 existing cell
INFO: [Physopt 32-526] No candidate cells for BRAM register optimization found in the design
INFO: [Physopt 32-775] End 1 Pass. Optimized 0 net or cell. Created 0 new cell, deleted 0 existing cell and moved 0 existing cell
INFO: [Physopt 32-846] No candidate cells for URAM register optimization found in the design
INFO: [Physopt 32-775] End 1 Pass. Optimized 0 net or cell. Created 0 new cell, deleted 0 existing cell and moved 0 existing cell
INFO: [Physopt 32-846] No candidate cells for URAM register optimization found in the design
INFO: [Physopt 32-775] End 1 Pass. Optimized 0 net or cell. Created 0 new cell, deleted 0 existing cell and moved 0 existing cell
INFO: [Physopt 32-949] No candidate nets found for dynamic/static region interface net replication
INFO: [Physopt 32-775] End 1 Pass. Optimized 0 net or cell. Created 0 new cell, deleted 0 existing cell and moved 0 existing cell
Netlist sorting complete. Time (s): cpu = 00:00:00 ; elapsed = 00:00:00.015 . Memory (MB): peak = 4589.469 ; gain = 0.000
INFO: [Physopt 32-68] No nets found for critical-cell optimization.
INFO: [Physopt 32-232] Optimized 0 net. Created 0 new instance.
INFO: [Physopt 32-775] End 1 Pass. Optimized 0 net or cell. Created 0 new cell, deleted 0 existing cell and moved 0 existing cell
Netlist sorting complete. Time (s): cpu = 00:00:00 ; elapsed = 00:00:00.018 . Memory (MB): peak = 4589.469 ; gain = 0.000

Summary of Physical Synthesis Optimizations
============================================


-----------------------------------------------------------------------------------------------------------------------------------------------------------
|  Optimization                                     |  Added Cells  |  Removed Cells  |  Optimized Cells/Nets  |  Dont Touch  |  Iterations  |  Elapsed   |
-----------------------------------------------------------------------------------------------------------------------------------------------------------
|  LUT Combining                                    |          263  |            330  |                   593  |           0  |           1  |  00:00:01  |
|  Retime                                           |            0  |              0  |                     0  |           0  |           1  |  00:00:00  |
|  Equivalent Driver Rewiring                       |            0  |             22  |                    35  |           0  |           1  |  00:00:10  |
|  Very High Fanout                                 |          114  |              0  |                    13  |           1  |           1  |  00:00:05  |
|  Fanout                                           |           16  |              0  |                     2  |           0  |           1  |  00:00:00  |
|  Critical Cell                                    |            0  |              0  |                     0  |           0  |           1  |  00:00:00  |
|  DSP Register                                     |          799  |              0  |                   100  |           0  |           1  |  00:00:09  |
|  Shift Register to Pipeline                       |            0  |              0  |                     0  |           0  |           1  |  00:00:00  |
|  Shift Register                                   |            0  |              0  |                     0  |           0  |           1  |  00:00:00  |
|  BRAM Register                                    |            0  |              0  |                     0  |           0  |           1  |  00:00:00  |
|  URAM Register                                    |            0  |              0  |                     0  |           0  |           1  |  00:00:00  |
|  Dynamic/Static Region Interface Net Replication  |            0  |              0  |                     0  |           0  |           1  |  00:00:00  |
|  Critical Cell                                    |            0  |              0  |                     0  |           0  |           1  |  00:00:00  |
|  Total                                            |         1192  |            352  |                   743  |           1  |          13  |  00:00:25  |
-----------------------------------------------------------------------------------------------------------------------------------------------------------


Phase 2.5.2 Physical Synthesis In Placer | Checksum: 31d749415

Time (s): cpu = 00:04:46 ; elapsed = 00:02:11 . Memory (MB): peak = 4589.469 ; gain = 727.531
Phase 2.5 Global Place Phase2 | Checksum: 2170ad210

Time (s): cpu = 00:05:04 ; elapsed = 00:02:17 . Memory (MB): peak = 4589.469 ; gain = 727.531
Phase 2 Global Placement | Checksum: 2170ad210

Time (s): cpu = 00:05:04 ; elapsed = 00:02:17 . Memory (MB): peak = 4589.469 ; gain = 727.531

Phase 3 Detail Placement

Phase 3.1 Commit Multi Column Macros
Phase 3.1 Commit Multi Column Macros | Checksum: 294caa35d

Time (s): cpu = 00:05:21 ; elapsed = 00:02:23 . Memory (MB): peak = 4589.469 ; gain = 727.531

Phase 3.2 Commit Most Macros & LUTRAMs
Phase 3.2 Commit Most Macros & LUTRAMs | Checksum: 2230b5076

Time (s): cpu = 00:05:32 ; elapsed = 00:02:30 . Memory (MB): peak = 4589.469 ; gain = 727.531

Phase 3.3 Small Shape DP

Phase 3.3.1 Small Shape Clustering
Phase 3.3.1 Small Shape Clustering | Checksum: 20ad009b7

Time (s): cpu = 00:06:20 ; elapsed = 00:02:48 . Memory (MB): peak = 4592.422 ; gain = 730.484

Phase 3.3.2 Slice Area Swap

Phase 3.3.2.1 Slice Area Swap Initial
Phase 3.3.2.1 Slice Area Swap Initial | Checksum: 298eb0e6d

Time (s): cpu = 00:06:38 ; elapsed = 00:02:57 . Memory (MB): peak = 4628.242 ; gain = 766.305
Phase 3.3.2 Slice Area Swap | Checksum: 298eb0e6d

Time (s): cpu = 00:06:38 ; elapsed = 00:02:57 . Memory (MB): peak = 4628.242 ; gain = 766.305
Phase 3.3 Small Shape DP | Checksum: 239fd1ea9

Time (s): cpu = 00:07:09 ; elapsed = 00:03:07 . Memory (MB): peak = 4654.543 ; gain = 792.605

Phase 3.4 Re-assign LUT pins
Phase 3.4 Re-assign LUT pins | Checksum: 2931ab3f7

Time (s): cpu = 00:07:11 ; elapsed = 00:03:09 . Memory (MB): peak = 4654.543 ; gain = 792.605

Phase 3.5 Pipeline Register Optimization
Phase 3.5 Pipeline Register Optimization | Checksum: 30db5c697

Time (s): cpu = 00:07:11 ; elapsed = 00:03:09 . Memory (MB): peak = 4654.543 ; gain = 792.605

Phase 3.6 Fast Optimization
Phase 3.6 Fast Optimization | Checksum: 33a8ffbbc

Time (s): cpu = 00:07:47 ; elapsed = 00:03:27 . Memory (MB): peak = 4654.543 ; gain = 792.605
Phase 3 Detail Placement | Checksum: 33a8ffbbc

Time (s): cpu = 00:07:47 ; elapsed = 00:03:27 . Memory (MB): peak = 4654.543 ; gain = 792.605

Phase 4 Post Placement Optimization and Clean-Up

Phase 4.1 Post Commit Optimization
INFO: [Place 46-20] Placer is running with the ExtraNetDelay_high directive. Post Placement Optimization may take longer to complete with ExtraNetDelay_high compared to other directives.
INFO: [Timing 38-35] Done setting XDC timing constraints.

Phase 4.1.1 Post Placement Optimization
Post Placement Optimization Initialization | Checksum: 375f8f709

Phase 4.1.1.1 BUFG Insertion

Starting Physical Synthesis Task

Phase 1 Physical Synthesis Initialization
INFO: [Physopt 32-721] Multithreading enabled for phys_opt_design using a maximum of 4 CPUs
INFO: [Physopt 32-619] Estimated Timing Summary | WNS=-0.522 | TNS=-168.771 |
Phase 1 Physical Synthesis Initialization | Checksum: 2bd5c2de8

Time (s): cpu = 00:00:02 ; elapsed = 00:00:00.899 . Memory (MB): peak = 4654.543 ; gain = 0.000
INFO: [Place 46-56] BUFG insertion identified 0 candidate nets. Inserted BUFG: 0, Replicated BUFG Driver: 0, Skipped due to Placement/Routing Conflicts: 0, Skipped due to Timing Degradation: 0, Skipped due to netlist editing failed: 0.
Ending Physical Synthesis Task | Checksum: 339bcf336

Time (s): cpu = 00:00:04 ; elapsed = 00:00:01 . Memory (MB): peak = 4654.543 ; gain = 0.000
Phase 4.1.1.1 BUFG Insertion | Checksum: 375f8f709

Time (s): cpu = 00:08:39 ; elapsed = 00:03:48 . Memory (MB): peak = 4654.543 ; gain = 792.605

Phase 4.1.1.2 Post Placement Timing Optimization
INFO: [Place 30-746] Post Placement Timing Summary WNS=-0.181. For the most accurate timing information please run report_timing.
Phase 4.1.1.2 Post Placement Timing Optimization | Checksum: 28bf3e7d5

Time (s): cpu = 00:43:07 ; elapsed = 00:39:06 . Memory (MB): peak = 4654.543 ; gain = 792.605

Time (s): cpu = 00:43:07 ; elapsed = 00:39:06 . Memory (MB): peak = 4654.543 ; gain = 792.605
Phase 4.1 Post Commit Optimization | Checksum: 28bf3e7d5

Time (s): cpu = 00:43:07 ; elapsed = 00:39:06 . Memory (MB): peak = 4654.543 ; gain = 792.605
Netlist sorting complete. Time (s): cpu = 00:00:00 ; elapsed = 00:00:00.068 . Memory (MB): peak = 4669.859 ; gain = 0.000

Phase 4.2 Post Placement Cleanup
Phase 4.2 Post Placement Cleanup | Checksum: 27649898b

Time (s): cpu = 00:43:34 ; elapsed = 00:39:22 . Memory (MB): peak = 4669.859 ; gain = 807.922

Phase 4.3 Placer Reporting

Phase 4.3.1 Print Estimated Congestion
INFO: [Place 30-612] Post-Placement Estimated Congestion 
 ________________________________________________________________________
|           | Global Congestion | Long Congestion   | Short Congestion  |
| Direction | Region Size       | Region Size       | Region Size       |
|___________|___________________|___________________|___________________|
|      North|                1x1|                1x1|                4x4|
|___________|___________________|___________________|___________________|
|      South|                1x1|                1x1|                2x2|
|___________|___________________|___________________|___________________|
|       East|                1x1|                1x1|              16x16|
|___________|___________________|___________________|___________________|
|       West|                1x1|                1x1|                8x8|
|___________|___________________|___________________|___________________|

Phase 4.3.1 Print Estimated Congestion | Checksum: 27649898b

Time (s): cpu = 00:43:34 ; elapsed = 00:39:22 . Memory (MB): peak = 4669.859 ; gain = 807.922
Phase 4.3 Placer Reporting | Checksum: 27649898b

Time (s): cpu = 00:43:34 ; elapsed = 00:39:22 . Memory (MB): peak = 4669.859 ; gain = 807.922

Phase 4.4 Final Placement Cleanup
Netlist sorting complete. Time (s): cpu = 00:00:00 ; elapsed = 00:00:00.016 . Memory (MB): peak = 4669.859 ; gain = 0.000

Time (s): cpu = 00:43:34 ; elapsed = 00:39:22 . Memory (MB): peak = 4669.859 ; gain = 807.922
Phase 4 Post Placement Optimization and Clean-Up | Checksum: 1a803c1f8

Time (s): cpu = 00:43:35 ; elapsed = 00:39:22 . Memory (MB): peak = 4669.859 ; gain = 807.922
Ending Placer Task | Checksum: 1838c5afd

Time (s): cpu = 00:43:35 ; elapsed = 00:39:23 . Memory (MB): peak = 4669.859 ; gain = 807.922
175 Infos, 0 Warnings, 0 Critical Warnings and 0 Errors encountered.
place_design completed successfully
place_design: Time (s): cpu = 00:43:54 ; elapsed = 00:39:30 . Memory (MB): peak = 4669.859 ; gain = 807.922
# phys_opt_design -directive AggressiveExplore
Command: phys_opt_design -directive AggressiveExplore
Attempting to get a license for feature 'Implementation' and/or device 'xcku5p'
INFO: [Common 17-349] Got license for feature 'Implementation' and/or device 'xcku5p'
INFO: [Vivado_Tcl 4-137] Directive used for phys_opt_design is: AggressiveExplore

Starting Initial Update Timing Task

Time (s): cpu = 00:00:18 ; elapsed = 00:00:07 . Memory (MB): peak = 4669.859 ; gain = 0.000
INFO: [Vivado_Tcl 4-1435] PhysOpt_Tcl_Interface Runtime Before Starting Physical Synthesis Task | CPU: 19.00s |  WALL: 8.41s
Netlist sorting complete. Time (s): cpu = 00:00:00 ; elapsed = 00:00:00.017 . Memory (MB): peak = 4669.859 ; gain = 0.000

Starting Physical Synthesis Task

Phase 1 Physical Synthesis Initialization
INFO: [Physopt 32-721] Multithreading enabled for phys_opt_design using a maximum of 4 CPUs
INFO: [Place 30-3162] Check ILP status : ILP-based clock placer completed successfully.
INFO: [Physopt 32-619] Estimated Timing Summary | WNS=-0.177 | TNS=-58.952 |
Phase 1 Physical Synthesis Initialization | Checksum: 165071592

Time (s): cpu = 00:00:09 ; elapsed = 00:00:07 . Memory (MB): peak = 4669.859 ; gain = 0.000

Phase 2 SLR Crossing Optimization
Phase 2 SLR Crossing Optimization | Checksum: 165071592

Time (s): cpu = 00:00:09 ; elapsed = 00:00:07 . Memory (MB): peak = 4669.859 ; gain = 0.000
INFO: [Physopt 32-619] Estimated Timing Summary | WNS=-0.177 | TNS=-58.952 |

Phase 3 Fanout Optimization
INFO: [Physopt 32-76] Pass 1. Identified 50 candidate nets for fanout optimization.
INFO: [Physopt 32-572] Net u_dut/rd_cmd_addr_q_reg_n_0_[1][0][0] was not replicated.
Resolution: phys_opt_design can be forced to replicate a net driver using the option -force_replication_on_nets <list of net objects>.
INFO: [Physopt 32-572] Net u_dut/rd_cmd_addr_q_reg_n_0_[1][0][1] was not replicated.
Resolution: phys_opt_design can be forced to replicate a net driver using the option -force_replication_on_nets <list of net objects>.
INFO: [Physopt 32-572] Net u_dut/rd_cmd_addr_q_reg_n_0_[1][0][2] was not replicated.
Resolution: phys_opt_design can be forced to replicate a net driver using the option -force_replication_on_nets <list of net objects>.
INFO: [Physopt 32-572] Net u_dut/rd_cmd_addr_q_reg_n_0_[1][0][3] was not replicated.
Resolution: phys_opt_design can be forced to replicate a net driver using the option -force_replication_on_nets <list of net objects>.
INFO: [Physopt 32-572] Net u_dut/rd_cmd_addr_q_reg_n_0_[0][0][0]_repN_3 was not replicated.
Resolution: phys_opt_design can be forced to replicate a net driver using the option -force_replication_on_nets <list of net objects>.
INFO: [Physopt 32-572] Net u_dut/rd_cmd_addr_q_reg_n_0_[0][0][1]_repN_3 was not replicated.
Resolution: phys_opt_design can be forced to replicate a net driver using the option -force_replication_on_nets <list of net objects>.
INFO: [Physopt 32-572] Net u_dut/u_unified_p4_kernel/input_group_fire was not replicated.
Resolution: phys_opt_design can be forced to replicate a net driver using the option -force_replication_on_nets <list of net objects>.
INFO: [Physopt 32-572] Net u_dut/rd_cmd_addr_q_reg_n_0_[0][0][0]_repN was not replicated.
Resolution: phys_opt_design can be forced to replicate a net driver using the option -force_replication_on_nets <list of net objects>.
INFO: [Physopt 32-572] Net u_dut/rd_cmd_accept was not replicated.
Resolution: phys_opt_design can be forced to replicate a net driver using the option -force_replication_on_nets <list of net objects>.
INFO: [Physopt 32-572] Net u_dut/rd_cmd_addr_q_reg_n_0_[0][0][0]_repN_2 was not replicated.
Resolution: phys_opt_design can be forced to replicate a net driver using the option -force_replication_on_nets <list of net objects>.
INFO: [Physopt 32-572] Net u_dut/kernel_rd_raw_data_q[0] was not replicated.
Resolution: phys_opt_design can be forced to replicate a net driver using the option -force_replication_on_nets <list of net objects>.
INFO: [Physopt 32-232] Optimized 0 net. Created 0 new instance.
INFO: [Physopt 32-775] End 1 Pass. Optimized 0 net or cell. Created 0 new cell, deleted 0 existing cell and moved 0 existing cell
Netlist sorting complete. Time (s): cpu = 00:00:00 ; elapsed = 00:00:00.114 . Memory (MB): peak = 4669.859 ; gain = 0.000
Phase 3 Fanout Optimization | Checksum: 165071592

Time (s): cpu = 00:01:40 ; elapsed = 00:00:56 . Memory (MB): peak = 4669.859 ; gain = 0.000

Phase 4 Single Cell Placement Optimization
INFO: [Physopt 32-660] Identified 250 candidate nets for placement-based optimization.
INFO: [Physopt 32-663] Processed net u_dut/rd_cmd_addr_q_reg_n_0_[1][0][0].  Re-placed instance u_dut/rd_cmd_addr_q_reg[1][0][0]
INFO: [Physopt 32-662] Processed net u_dut/gen_input_slots[1].gen_input_banks[2].u_input_cache_bank/rd_data[15]_INST_0_i_5_n_0.  Did not re-place instance u_dut/gen_input_slots[1].gen_input_banks[2].u_input_cache_bank/rd_data[15]_INST_0_i_5
INFO: [Physopt 32-662] Processed net u_dut/lfnst_mem_resp_data_q[15]_i_3_n_0.  Did not re-place instance u_dut/lfnst_mem_resp_data_q[15]_i_3
INFO: [Physopt 32-662] Processed net u_dut/lfnst_mem_resp_data_q[15].  Did not re-place instance u_dut/lfnst_mem_resp_data_q_reg[15]
INFO: [Physopt 32-662] Processed net u_dut/gen_input_slots[1].gen_input_banks[3].u_input_cache_bank/rd_valid.  Did not re-place instance u_dut/gen_input_slots[1].gen_input_banks[3].u_input_cache_bank/rd_valid_INST_0
INFO: [Physopt 32-662] Processed net u_dut/lfnst_mem_resp_valid_q0.  Did not re-place instance u_dut/lfnst_mem_resp_valid_q_i_2
INFO: [Physopt 32-662] Processed net u_dut/lfnst_mem_resp_valid_q_i_4_n_0.  Did not re-place instance u_dut/lfnst_mem_resp_valid_q_i_4
INFO: [Physopt 32-662] Processed net u_dut/lfnst_mem_resp_valid_q.  Did not re-place instance u_dut/lfnst_mem_resp_valid_q_reg
INFO: [Physopt 32-663] Processed net u_dut/rd_cmd_addr_q_reg_n_0_[1][0][1].  Re-placed instance u_dut/rd_cmd_addr_q_reg[1][0][1]
INFO: [Physopt 32-662] Processed net u_dut/gen_input_slots[1].gen_input_banks[3].u_input_cache_bank/rd_data[14]_INST_0_i_5_n_0.  Did not re-place instance u_dut/gen_input_slots[1].gen_input_banks[3].u_input_cache_bank/rd_data[14]_INST_0_i_5
INFO: [Physopt 32-662] Processed net u_dut/lfnst_mem_resp_data_q[14]_i_3_n_0.  Did not re-place instance u_dut/lfnst_mem_resp_data_q[14]_i_3
INFO: [Physopt 32-662] Processed net u_dut/lfnst_mem_resp_data_q[14].  Did not re-place instance u_dut/lfnst_mem_resp_data_q_reg[14]
INFO: [Physopt 32-662] Processed net u_dut/gen_input_slots[1].gen_input_banks[1].u_input_cache_bank/rd_data[15]_INST_0_i_6_n_0.  Did not re-place instance u_dut/gen_input_slots[1].gen_input_banks[1].u_input_cache_bank/rd_data[15]_INST_0_i_6
INFO: [Physopt 32-662] Processed net u_dut/lfnst_mem_resp_data_q[15]_i_2_n_0.  Did not re-place instance u_dut/lfnst_mem_resp_data_q[15]_i_2
INFO: [Physopt 32-663] Processed net u_dut/rd_cmd_addr_q_reg_n_0_[1][0][2].  Re-placed instance u_dut/rd_cmd_addr_q_reg[1][0][2]
INFO: [Physopt 32-662] Processed net u_dut/gen_input_slots[1].gen_input_banks[1].u_input_cache_bank/rd_data[14]_INST_0_i_6_n_0.  Did not re-place instance u_dut/gen_input_slots[1].gen_input_banks[1].u_input_cache_bank/rd_data[14]_INST_0_i_6
INFO: [Physopt 32-662] Processed net u_dut/lfnst_mem_resp_data_q[14]_i_2_n_0.  Did not re-place instance u_dut/lfnst_mem_resp_data_q[14]_i_2
INFO: [Physopt 32-662] Processed net u_dut/gen_input_slots[1].gen_input_banks[0].u_input_cache_bank/rd_data[10]_INST_0_i_3_n_0.  Did not re-place instance u_dut/gen_input_slots[1].gen_input_banks[0].u_input_cache_bank/rd_data[10]_INST_0_i_3
INFO: [Physopt 32-662] Processed net u_dut/lfnst_mem_resp_data_q[10]_i_2_n_0.  Did not re-place instance u_dut/lfnst_mem_resp_data_q[10]_i_2
INFO: [Physopt 32-662] Processed net u_dut/lfnst_mem_resp_data_q[10].  Did not re-place instance u_dut/lfnst_mem_resp_data_q_reg[10]
INFO: [Physopt 32-663] Processed net u_dut/rd_cmd_addr_q_reg_n_0_[1][0][3].  Re-placed instance u_dut/rd_cmd_addr_q_reg[1][0][3]
INFO: [Physopt 32-662] Processed net u_dut/gen_input_slots[1].gen_input_banks[2].u_input_cache_bank/rd_data[14]_INST_0_i_5_n_0.  Did not re-place instance u_dut/gen_input_slots[1].gen_input_banks[2].u_input_cache_bank/rd_data[14]_INST_0_i_5
INFO: [Physopt 32-662] Processed net u_dut/gen_input_slots[1].gen_input_banks[1].u_input_cache_bank/rd_data[15]_INST_0_i_4_n_0.  Did not re-place instance u_dut/gen_input_slots[1].gen_input_banks[1].u_input_cache_bank/rd_data[15]_INST_0_i_4
INFO: [Physopt 32-662] Processed net u_dut/rd_cmd_addr_q_reg_n_0_[0][0][0]_repN_3.  Did not re-place instance u_dut/rd_cmd_addr_q_reg[0][0][0]_replica_3
INFO: [Physopt 32-662] Processed net u_dut/gen_input_slots[0].gen_input_banks[0].u_input_cache_bank/rd_data[14]_INST_0_i_4_n_0.  Did not re-place instance u_dut/gen_input_slots[0].gen_input_banks[0].u_input_cache_bank/rd_data[14]_INST_0_i_4
INFO: [Physopt 32-662] Processed net u_dut/gen_input_slots[1].gen_input_banks[1].u_input_cache_bank/rd_data[14]_INST_0_i_3_n_0.  Did not re-place instance u_dut/gen_input_slots[1].gen_input_banks[1].u_input_cache_bank/rd_data[14]_INST_0_i_3
INFO: [Physopt 32-662] Processed net u_dut/gen_input_slots[1].gen_input_banks[1].u_input_cache_bank/rd_data[7]_INST_0_i_4_n_0.  Did not re-place instance u_dut/gen_input_slots[1].gen_input_banks[1].u_input_cache_bank/rd_data[7]_INST_0_i_4
INFO: [Physopt 32-662] Processed net u_dut/lfnst_mem_resp_data_q[7]_i_2_n_0.  Did not re-place instance u_dut/lfnst_mem_resp_data_q[7]_i_2
INFO: [Physopt 32-662] Processed net u_dut/lfnst_mem_resp_data_q[7].  Did not re-place instance u_dut/lfnst_mem_resp_data_q_reg[7]
INFO: [Physopt 32-663] Processed net u_dut/rd_cmd_addr_q_reg_n_0_[0][0][1]_repN_3.  Re-placed instance u_dut/rd_cmd_addr_q_reg[0][0][1]_replica_3
INFO: [Physopt 32-662] Processed net u_dut/gen_input_slots[0].gen_input_banks[3].u_input_cache_bank/rd_data[6]_INST_0_i_3_n_0.  Did not re-place instance u_dut/gen_input_slots[0].gen_input_banks[3].u_input_cache_bank/rd_data[6]_INST_0_i_3
INFO: [Physopt 32-662] Processed net u_dut/lfnst_mem_resp_data_q[6]_i_3_n_0.  Did not re-place instance u_dut/lfnst_mem_resp_data_q[6]_i_3
INFO: [Physopt 32-662] Processed net u_dut/lfnst_mem_resp_data_q[6].  Did not re-place instance u_dut/lfnst_mem_resp_data_q_reg[6]
INFO: [Physopt 32-662] Processed net u_dut/gen_input_slots[0].gen_input_banks[3].u_input_cache_bank/rd_data[1]_INST_0_i_4_n_0.  Did not re-place instance u_dut/gen_input_slots[0].gen_input_banks[3].u_input_cache_bank/rd_data[1]_INST_0_i_4
INFO: [Physopt 32-662] Processed net u_dut/gen_input_slots[0].gen_input_banks[3].u_input_cache_bank/rd_data[2]_INST_0_i_4_n_0.  Did not re-place instance u_dut/gen_input_slots[0].gen_input_banks[3].u_input_cache_bank/rd_data[2]_INST_0_i_4
INFO: [Physopt 32-662] Processed net u_dut/lfnst_mem_resp_data_q[1]_i_3_n_0.  Did not re-place instance u_dut/lfnst_mem_resp_data_q[1]_i_3
INFO: [Physopt 32-662] Processed net u_dut/lfnst_mem_resp_data_q[2]_i_3_n_0.  Did not re-place instance u_dut/lfnst_mem_resp_data_q[2]_i_3
INFO: [Physopt 32-662] Processed net u_dut/lfnst_mem_resp_data_q[1].  Did not re-place instance u_dut/lfnst_mem_resp_data_q_reg[1]
INFO: [Physopt 32-662] Processed net u_dut/lfnst_mem_resp_data_q[2].  Did not re-place instance u_dut/lfnst_mem_resp_data_q_reg[2]
INFO: [Physopt 32-662] Processed net u_dut/gen_input_slots[0].gen_input_banks[0].u_input_cache_bank/rd_data[14]_INST_0_i_3_n_0.  Did not re-place instance u_dut/gen_input_slots[0].gen_input_banks[0].u_input_cache_bank/rd_data[14]_INST_0_i_3
INFO: [Physopt 32-662] Processed net u_dut/gen_input_slots[0].gen_input_banks[3].u_input_cache_bank/rd_data[0]_INST_0_i_3_n_0.  Did not re-place instance u_dut/gen_input_slots[0].gen_input_banks[3].u_input_cache_bank/rd_data[0]_INST_0_i_3
INFO: [Physopt 32-662] Processed net u_dut/lfnst_mem_resp_data_q[0]_i_3_n_0.  Did not re-place instance u_dut/lfnst_mem_resp_data_q[0]_i_3
INFO: [Physopt 32-662] Processed net u_dut/lfnst_mem_resp_data_q[0].  Did not re-place instance u_dut/lfnst_mem_resp_data_q_reg[0]
INFO: [Physopt 32-662] Processed net u_dut/gen_input_slots[1].gen_input_banks[0].u_input_cache_bank/rd_data[7]_INST_0_i_3_n_0.  Did not re-place instance u_dut/gen_input_slots[1].gen_input_banks[0].u_input_cache_bank/rd_data[7]_INST_0_i_3
INFO: [Physopt 32-662] Processed net u_dut/gen_input_slots[1].gen_input_banks[0].u_input_cache_bank/rd_data[10]_INST_0_i_6_n_0.  Did not re-place instance u_dut/gen_input_slots[1].gen_input_banks[0].u_input_cache_bank/rd_data[10]_INST_0_i_6
INFO: [Physopt 32-662] Processed net u_dut/gen_input_slots[0].gen_input_banks[3].u_input_cache_bank/rd_data[1]_INST_0_i_3_n_0.  Did not re-place instance u_dut/gen_input_slots[0].gen_input_banks[3].u_input_cache_bank/rd_data[1]_INST_0_i_3
INFO: [Physopt 32-662] Processed net u_dut/u_unified_p4_kernel/input_group_fire.  Did not re-place instance u_dut/u_unified_p4_kernel/input_group_fire_INST_0
INFO: [Physopt 32-662] Processed net u_dut/rd_cmd_ready.  Did not re-place instance u_dut/rd_cmd_bank_mask_q[3]_i_1
INFO: [Physopt 32-662] Processed net u_dut/kernel_rd_req_group_q[4]_i_1_n_0.  Did not re-place instance u_dut/kernel_rd_req_group_q[4]_i_1
INFO: [Physopt 32-663] Processed net u_dut/kernel_ctx_output_size_q_reg_n_0_[3].  Re-placed instance u_dut/kernel_ctx_output_size_q_reg[3]
INFO: [Physopt 32-662] Processed net u_dut/u_unified_p4_kernel/ingress_valid_q42_in.  Did not re-place instance u_dut/u_unified_p4_kernel/input_group_fire_INST_0_i_1
INFO: [Physopt 32-663] Processed net u_dut/u_unified_p4_kernel/input_group_fire_INST_0_i_8_n_0.  Re-placed instance u_dut/u_unified_p4_kernel/input_group_fire_INST_0_i_8
INFO: [Physopt 32-662] Processed net u_dut/fill_write_command_generate.row_i[2].  Did not re-place instance u_dut/kernel_rd_req_group_q_reg[0]
INFO: [Physopt 32-662] Processed net u_dut/gen_input_slots[1].gen_input_banks[0].u_input_cache_bank/rd_data[14]_INST_0_i_5_n_0.  Did not re-place instance u_dut/gen_input_slots[1].gen_input_banks[0].u_input_cache_bank/rd_data[14]_INST_0_i_5
INFO: [Physopt 32-662] Processed net u_dut/kernel_rd_req_group_q[4]_i_6_n_0.  Did not re-place instance u_dut/kernel_rd_req_group_q[4]_i_6
INFO: [Physopt 32-662] Processed net u_dut/u_unified_p4_kernel/input_group_fire_INST_0_i_3_n_0.  Did not re-place instance u_dut/u_unified_p4_kernel/input_group_fire_INST_0_i_3
INFO: [Physopt 32-662] Processed net u_dut/u_unified_p4_kernel/input_group_fire_INST_0_i_7_n_0.  Did not re-place instance u_dut/u_unified_p4_kernel/input_group_fire_INST_0_i_7
INFO: [Physopt 32-662] Processed net u_dut/fill_write_command_generate.row_i[4].  Did not re-place instance u_dut/kernel_rd_req_group_q_reg[2]
INFO: [Physopt 32-662] Processed net u_dut/fill_write_command_generate.row_i[6].  Did not re-place instance u_dut/kernel_rd_req_group_q_reg[4]
INFO: [Physopt 32-662] Processed net u_dut/gen_input_slots[1].gen_input_banks[1].u_input_cache_bank/rd_data[1]_INST_0_i_3_n_0.  Did not re-place instance u_dut/gen_input_slots[1].gen_input_banks[1].u_input_cache_bank/rd_data[1]_INST_0_i_3
INFO: [Physopt 32-662] Processed net u_dut/lfnst_mem_resp_data_q[1]_i_2_n_0.  Did not re-place instance u_dut/lfnst_mem_resp_data_q[1]_i_2
INFO: [Physopt 32-662] Processed net u_dut/fill_write_command_generate.row_i[3].  Did not re-place instance u_dut/kernel_rd_req_group_q_reg[1]
INFO: [Physopt 32-662] Processed net u_dut/fill_write_command_generate.row_i[5].  Did not re-place instance u_dut/kernel_rd_req_group_q_reg[3]
INFO: [Physopt 32-662] Processed net u_dut/gen_input_slots[1].gen_input_banks[1].u_input_cache_bank/rd_data[5]_INST_0_i_6_n_0.  Did not re-place instance u_dut/gen_input_slots[1].gen_input_banks[1].u_input_cache_bank/rd_data[5]_INST_0_i_6
INFO: [Physopt 32-662] Processed net u_dut/gen_input_slots[1].gen_input_banks[3].u_input_cache_bank/rd_data[14]_INST_0_i_3_n_0.  Did not re-place instance u_dut/gen_input_slots[1].gen_input_banks[3].u_input_cache_bank/rd_data[14]_INST_0_i_3
INFO: [Physopt 32-662] Processed net u_dut/lfnst_mem_resp_data_q[5]_i_2_n_0.  Did not re-place instance u_dut/lfnst_mem_resp_data_q[5]_i_2
INFO: [Physopt 32-662] Processed net u_dut/lfnst_mem_resp_data_q[5].  Did not re-place instance u_dut/lfnst_mem_resp_data_q_reg[5]
INFO: [Physopt 32-662] Processed net u_dut/rd_cmd_addr_q_reg_n_0_[0][0][0]_repN.  Did not re-place instance u_dut/rd_cmd_addr_q_reg[0][0][0]_replica
INFO: [Physopt 32-662] Processed net u_dut/rd_cmd_accept.  Did not re-place instance u_dut/rd_cmd_group_q[4]_i_1
INFO: [Physopt 32-662] Processed net u_dut/gen_input_slots[1].gen_input_banks[0].u_input_cache_bank/rd_data[7]_INST_0_i_4_n_0.  Did not re-place instance u_dut/gen_input_slots[1].gen_input_banks[0].u_input_cache_bank/rd_data[7]_INST_0_i_4
INFO: [Physopt 32-662] Processed net u_dut/gen_input_slots[1].gen_input_banks[1].u_input_cache_bank/rd_data[2]_INST_0_i_5_n_0.  Did not re-place instance u_dut/gen_input_slots[1].gen_input_banks[1].u_input_cache_bank/rd_data[2]_INST_0_i_5
INFO: [Physopt 32-662] Processed net u_dut/lfnst_mem_resp_data_q[2]_i_2_n_0.  Did not re-place instance u_dut/lfnst_mem_resp_data_q[2]_i_2
INFO: [Physopt 32-663] Processed net u_dut/rd_cmd_addr_q_reg_n_0_[0][0][0]_repN_2.  Re-placed instance u_dut/rd_cmd_addr_q_reg[0][0][0]_replica_2
INFO: [Physopt 32-662] Processed net u_dut/gen_input_slots[1].gen_input_banks[2].u_input_cache_bank/rd_valid.  Did not re-place instance u_dut/gen_input_slots[1].gen_input_banks[2].u_input_cache_bank/rd_valid_INST_0
INFO: [Physopt 32-662] Processed net u_dut/gen_input_slots[1].gen_input_banks[1].u_input_cache_bank/rd_data[0]_INST_0_i_6_n_0.  Did not re-place instance u_dut/gen_input_slots[1].gen_input_banks[1].u_input_cache_bank/rd_data[0]_INST_0_i_6
INFO: [Physopt 32-662] Processed net u_dut/gen_input_slots[1].gen_input_banks[1].u_input_cache_bank/rd_data[2]_INST_0_i_4_n_0.  Did not re-place instance u_dut/gen_input_slots[1].gen_input_banks[1].u_input_cache_bank/rd_data[2]_INST_0_i_4
INFO: [Physopt 32-662] Processed net u_dut/lfnst_mem_resp_data_q[0]_i_2_n_0.  Did not re-place instance u_dut/lfnst_mem_resp_data_q[0]_i_2
INFO: [Physopt 32-662] Processed net u_dut/gen_input_slots[0].gen_input_banks[3].u_input_cache_bank/rd_data[3]_INST_0_i_3_n_0.  Did not re-place instance u_dut/gen_input_slots[0].gen_input_banks[3].u_input_cache_bank/rd_data[3]_INST_0_i_3
INFO: [Physopt 32-662] Processed net u_dut/lfnst_mem_resp_data_q[3]_i_3_n_0.  Did not re-place instance u_dut/lfnst_mem_resp_data_q[3]_i_3
INFO: [Physopt 32-662] Processed net u_dut/lfnst_mem_resp_data_q[3].  Did not re-place instance u_dut/lfnst_mem_resp_data_q_reg[3]
INFO: [Physopt 32-662] Processed net u_dut/gen_input_slots[1].gen_input_banks[1].u_input_cache_bank/rd_data[0]_INST_0_i_3_n_0.  Did not re-place instance u_dut/gen_input_slots[1].gen_input_banks[1].u_input_cache_bank/rd_data[0]_INST_0_i_3
INFO: [Physopt 32-662] Processed net u_dut/gen_input_slots[0].gen_input_banks[3].u_input_cache_bank/rd_data[6]_INST_0_i_5_n_0.  Did not re-place instance u_dut/gen_input_slots[0].gen_input_banks[3].u_input_cache_bank/rd_data[6]_INST_0_i_5
INFO: [Physopt 32-662] Processed net u_dut/gen_input_slots[1].gen_input_banks[1].u_input_cache_bank/rd_data[3]_INST_0_i_3_n_0.  Did not re-place instance u_dut/gen_input_slots[1].gen_input_banks[1].u_input_cache_bank/rd_data[3]_INST_0_i_3
INFO: [Physopt 32-662] Processed net u_dut/gen_input_slots[1].gen_input_banks[2].u_input_cache_bank/rd_data[15]_INST_0_i_6_n_0.  Did not re-place instance u_dut/gen_input_slots[1].gen_input_banks[2].u_input_cache_bank/rd_data[15]_INST_0_i_6
INFO: [Physopt 32-662] Processed net u_dut/lfnst_mem_resp_data_q[3]_i_2_n_0.  Did not re-place instance u_dut/lfnst_mem_resp_data_q[3]_i_2
INFO: [Physopt 32-662] Processed net u_dut/gen_input_slots[1].gen_input_banks[1].u_input_cache_bank/rd_data[5]_INST_0_i_3_n_0.  Did not re-place instance u_dut/gen_input_slots[1].gen_input_banks[1].u_input_cache_bank/rd_data[5]_INST_0_i_3
INFO: [Physopt 32-663] Processed net u_dut/u_unified_p4_kernel/slot_state_q_reg_n_0_[0][1].  Re-placed instance u_dut/u_unified_p4_kernel/slot_state_q_reg[0][1]
INFO: [Physopt 32-662] Processed net u_dut/gen_input_slots[1].gen_input_banks[1].u_input_cache_bank/rd_data[0]_INST_0_i_4_n_0.  Did not re-place instance u_dut/gen_input_slots[1].gen_input_banks[1].u_input_cache_bank/rd_data[0]_INST_0_i_4
INFO: [Physopt 32-662] Processed net u_dut/gen_input_slots[1].gen_input_banks[3].u_input_cache_bank/rd_data[15]_INST_0_i_5_n_0.  Did not re-place instance u_dut/gen_input_slots[1].gen_input_banks[3].u_input_cache_bank/rd_data[15]_INST_0_i_5
INFO: [Physopt 32-662] Processed net u_dut/u_unified_p4_kernel/input_group_fire_INST_0_i_2_n_0.  Did not re-place instance u_dut/u_unified_p4_kernel/input_group_fire_INST_0_i_2
INFO: [Physopt 32-662] Processed net u_dut/u_unified_p4_kernel/input_group_fire_INST_0_i_5_n_0.  Did not re-place instance u_dut/u_unified_p4_kernel/input_group_fire_INST_0_i_5
INFO: [Physopt 32-662] Processed net u_dut/kernel_rd_raw_data_q[0].  Did not re-place instance u_dut/kernel_rd_raw_group_q[4]_i_1
INFO: [Physopt 32-662] Processed net u_dut/kernel_rd_raw_data_q_reg_n_0_[24].  Did not re-place instance u_dut/kernel_rd_raw_data_q_reg[24]
INFO: [Physopt 32-662] Processed net u_dut/gen_input_slots[1].gen_input_banks[0].u_input_cache_bank/rd_data[10]_INST_0_i_4_n_0.  Did not re-place instance u_dut/gen_input_slots[1].gen_input_banks[0].u_input_cache_bank/rd_data[10]_INST_0_i_4
INFO: [Physopt 32-662] Processed net u_dut/gen_input_slots[1].gen_input_banks[0].u_input_cache_bank/rd_data[8]_INST_0_i_6_n_0.  Did not re-place instance u_dut/gen_input_slots[1].gen_input_banks[0].u_input_cache_bank/rd_data[8]_INST_0_i_6
INFO: [Physopt 32-662] Processed net u_dut/lfnst_mem_resp_data_q[8]_i_2_n_0.  Did not re-place instance u_dut/lfnst_mem_resp_data_q[8]_i_2
INFO: [Physopt 32-662] Processed net u_dut/lfnst_mem_resp_data_q[8].  Did not re-place instance u_dut/lfnst_mem_resp_data_q_reg[8]
INFO: [Physopt 32-662] Processed net u_dut/gen_input_slots[1].gen_input_banks[1].u_input_cache_bank/rd_data[2]_INST_0_i_6_n_0.  Did not re-place instance u_dut/gen_input_slots[1].gen_input_banks[1].u_input_cache_bank/rd_data[2]_INST_0_i_6
INFO: [Physopt 32-662] Processed net u_dut/gen_input_slots[1].gen_input_banks[3].u_input_cache_bank/rd_data[10]_INST_0_i_5_n_0.  Did not re-place instance u_dut/gen_input_slots[1].gen_input_banks[3].u_input_cache_bank/rd_data[10]_INST_0_i_5
INFO: [Physopt 32-662] Processed net u_dut/lfnst_mem_resp_data_q[10]_i_3_n_0.  Did not re-place instance u_dut/lfnst_mem_resp_data_q[10]_i_3
INFO: [Physopt 32-662] Processed net u_dut/gen_input_slots[0].gen_input_banks[3].u_input_cache_bank/rd_data[6]_INST_0_i_6_n_0.  Did not re-place instance u_dut/gen_input_slots[0].gen_input_banks[3].u_input_cache_bank/rd_data[6]_INST_0_i_6
INFO: [Physopt 32-662] Processed net u_dut/gen_input_slots[0].gen_input_banks[3].u_input_cache_bank/rd_data[2]_INST_0_i_6_n_0.  Did not re-place instance u_dut/gen_input_slots[0].gen_input_banks[3].u_input_cache_bank/rd_data[2]_INST_0_i_6
INFO: [Physopt 32-662] Processed net u_dut/gen_input_slots[1].gen_input_banks[0].u_input_cache_bank/rd_data[10]_INST_0_i_5_n_0.  Did not re-place instance u_dut/gen_input_slots[1].gen_input_banks[0].u_input_cache_bank/rd_data[10]_INST_0_i_5
INFO: [Physopt 32-662] Processed net u_dut/gen_input_slots[0].gen_input_banks[1].u_input_cache_bank/rd_data[8]_INST_0_i_5_n_0.  Did not re-place instance u_dut/gen_input_slots[0].gen_input_banks[1].u_input_cache_bank/rd_data[8]_INST_0_i_5
INFO: [Physopt 32-662] Processed net u_dut/kernel_rd_raw_data_q[24]_i_1_n_0.  Did not re-place instance u_dut/kernel_rd_raw_data_q[24]_i_1
INFO: [Physopt 32-662] Processed net u_dut/gen_input_slots[1].gen_input_banks[0].u_input_cache_bank/rd_data[11]_INST_0_i_3_n_0.  Did not re-place instance u_dut/gen_input_slots[1].gen_input_banks[0].u_input_cache_bank/rd_data[11]_INST_0_i_3
INFO: [Physopt 32-662] Processed net u_dut/gen_input_slots[1].gen_input_banks[3].u_input_cache_bank/rd_data[9]_INST_0_i_5_n_0.  Did not re-place instance u_dut/gen_input_slots[1].gen_input_banks[3].u_input_cache_bank/rd_data[9]_INST_0_i_5
INFO: [Physopt 32-662] Processed net u_dut/lfnst_mem_resp_data_q[11]_i_2_n_0.  Did not re-place instance u_dut/lfnst_mem_resp_data_q[11]_i_2
INFO: [Physopt 32-662] Processed net u_dut/lfnst_mem_resp_data_q[9]_i_3_n_0.  Did not re-place instance u_dut/lfnst_mem_resp_data_q[9]_i_3
INFO: [Physopt 32-662] Processed net u_dut/lfnst_mem_resp_data_q[11].  Did not re-place instance u_dut/lfnst_mem_resp_data_q_reg[11]
INFO: [Physopt 32-662] Processed net u_dut/lfnst_mem_resp_data_q[9].  Did not re-place instance u_dut/lfnst_mem_resp_data_q_reg[9]
INFO: [Physopt 32-662] Processed net u_dut/gen_input_slots[1].gen_input_banks[1].u_input_cache_bank/rd_data[1]_INST_0_i_6_n_0.  Did not re-place instance u_dut/gen_input_slots[1].gen_input_banks[1].u_input_cache_bank/rd_data[1]_INST_0_i_6
INFO: [Physopt 32-662] Processed net u_dut/gen_input_slots[1].gen_input_banks[1].u_input_cache_bank/rd_data[7]_INST_0_i_3_n_0.  Did not re-place instance u_dut/gen_input_slots[1].gen_input_banks[1].u_input_cache_bank/rd_data[7]_INST_0_i_3
INFO: [Physopt 32-663] Processed net u_dut/rd_cmd_addr_q_reg_n_0_[0][0][1]_repN_2.  Re-placed instance u_dut/rd_cmd_addr_q_reg[0][0][1]_replica_2
INFO: [Physopt 32-662] Processed net u_dut/gen_input_slots[0].gen_input_banks[3].u_input_cache_bank/rd_data[1]_INST_0_i_6_n_0.  Did not re-place instance u_dut/gen_input_slots[0].gen_input_banks[3].u_input_cache_bank/rd_data[1]_INST_0_i_6
INFO: [Physopt 32-662] Processed net u_dut/gen_input_slots[1].gen_input_banks[1].u_input_cache_bank/rd_data[4]_INST_0_i_4_n_0.  Did not re-place instance u_dut/gen_input_slots[1].gen_input_banks[1].u_input_cache_bank/rd_data[4]_INST_0_i_4
INFO: [Physopt 32-662] Processed net u_dut/gen_input_slots[1].gen_input_banks[3].u_input_cache_bank/rd_data[4]_INST_0_i_6_n_0.  Did not re-place instance u_dut/gen_input_slots[1].gen_input_banks[3].u_input_cache_bank/rd_data[4]_INST_0_i_6
INFO: [Physopt 32-662] Processed net u_dut/lfnst_mem_resp_data_q[4]_i_2_n_0.  Did not re-place instance u_dut/lfnst_mem_resp_data_q[4]_i_2
INFO: [Physopt 32-662] Processed net u_dut/lfnst_mem_resp_data_q[4]_i_3_n_0.  Did not re-place instance u_dut/lfnst_mem_resp_data_q[4]_i_3
INFO: [Physopt 32-662] Processed net u_dut/lfnst_mem_resp_data_q[4].  Did not re-place instance u_dut/lfnst_mem_resp_data_q_reg[4]
INFO: [Physopt 32-663] Processed net u_dut/rd_cmd_addr_q_reg_n_0_[0][0][2]_repN_2.  Re-placed instance u_dut/rd_cmd_addr_q_reg[0][0][2]_replica_2
INFO: [Physopt 32-662] Processed net u_dut/gen_input_slots[0].gen_input_banks[1].u_input_cache_bank/rd_data[8]_INST_0_i_3_n_0.  Did not re-place instance u_dut/gen_input_slots[0].gen_input_banks[1].u_input_cache_bank/rd_data[8]_INST_0_i_3
INFO: [Physopt 32-662] Processed net u_dut/gen_input_slots[0].gen_input_banks[3].u_input_cache_bank/rd_data[2]_INST_0_i_5_n_0.  Did not re-place instance u_dut/gen_input_slots[0].gen_input_banks[3].u_input_cache_bank/rd_data[2]_INST_0_i_5
INFO: [Physopt 32-662] Processed net u_dut/gen_input_slots[1].gen_input_banks[0].u_input_cache_bank/rd_data[11]_INST_0_i_5_n_0.  Did not re-place instance u_dut/gen_input_slots[1].gen_input_banks[0].u_input_cache_bank/rd_data[11]_INST_0_i_5
INFO: [Physopt 32-662] Processed net u_dut/gen_input_slots[1].gen_input_banks[1].u_input_cache_bank/rd_data[4]_INST_0_i_3_n_0.  Did not re-place instance u_dut/gen_input_slots[1].gen_input_banks[1].u_input_cache_bank/rd_data[4]_INST_0_i_3
INFO: [Physopt 32-662] Processed net u_dut/gen_input_slots[1].gen_input_banks[1].u_input_cache_bank/rd_data[4]_INST_0_i_6_n_0.  Did not re-place instance u_dut/gen_input_slots[1].gen_input_banks[1].u_input_cache_bank/rd_data[4]_INST_0_i_6
INFO: [Physopt 32-662] Processed net u_dut/gen_input_slots[1].gen_input_banks[1].u_input_cache_bank/rd_data[8]_INST_0_i_3_n_0.  Did not re-place instance u_dut/gen_input_slots[1].gen_input_banks[1].u_input_cache_bank/rd_data[8]_INST_0_i_3
INFO: [Physopt 32-662] Processed net u_dut/gen_input_slots[1].gen_input_banks[1].u_input_cache_bank/rd_data[0]_INST_0_i_5_n_0.  Did not re-place instance u_dut/gen_input_slots[1].gen_input_banks[1].u_input_cache_bank/rd_data[0]_INST_0_i_5
INFO: [Physopt 32-662] Processed net u_dut/gen_input_slots[1].gen_input_banks[1].u_input_cache_bank/rd_data[3]_INST_0_i_6_n_0.  Did not re-place instance u_dut/gen_input_slots[1].gen_input_banks[1].u_input_cache_bank/rd_data[3]_INST_0_i_6
INFO: [Physopt 32-662] Processed net u_dut/gen_input_slots[1].gen_input_banks[1].u_input_cache_bank/rd_data[7]_INST_0_i_6_n_0.  Did not re-place instance u_dut/gen_input_slots[1].gen_input_banks[1].u_input_cache_bank/rd_data[7]_INST_0_i_6
INFO: [Physopt 32-662] Processed net u_dut/gen_input_slots[0].gen_input_banks[1].u_input_cache_bank/rd_data[8]_INST_0_i_6_n_0.  Did not re-place instance u_dut/gen_input_slots[0].gen_input_banks[1].u_input_cache_bank/rd_data[8]_INST_0_i_6
INFO: [Physopt 32-662] Processed net u_dut/gen_input_slots[1].gen_input_banks[1].u_input_cache_bank/rd_data[1]_INST_0_i_4_n_0.  Did not re-place instance u_dut/gen_input_slots[1].gen_input_banks[1].u_input_cache_bank/rd_data[1]_INST_0_i_4
INFO: [Physopt 32-662] Processed net u_dut/gen_input_slots[1].gen_input_banks[1].u_input_cache_bank/rd_data[2]_INST_0_i_3_n_0.  Did not re-place instance u_dut/gen_input_slots[1].gen_input_banks[1].u_input_cache_bank/rd_data[2]_INST_0_i_3
INFO: [Physopt 32-662] Processed net u_dut/gen_input_slots[1].gen_input_banks[1].u_input_cache_bank/rd_data[6]_INST_0_i_6_n_0.  Did not re-place instance u_dut/gen_input_slots[1].gen_input_banks[1].u_input_cache_bank/rd_data[6]_INST_0_i_6
INFO: [Physopt 32-662] Processed net u_dut/gen_input_slots[1].gen_input_banks[2].u_input_cache_bank/rd_data[14]_INST_0_i_6_n_0.  Did not re-place instance u_dut/gen_input_slots[1].gen_input_banks[2].u_input_cache_bank/rd_data[14]_INST_0_i_6
INFO: [Physopt 32-662] Processed net u_dut/gen_input_slots[1].gen_input_banks[3].u_input_cache_bank/rd_data[8]_INST_0_i_6_n_0.  Did not re-place instance u_dut/gen_input_slots[1].gen_input_banks[3].u_input_cache_bank/rd_data[8]_INST_0_i_6
INFO: [Physopt 32-662] Processed net u_dut/lfnst_mem_resp_data_q[6]_i_2_n_0.  Did not re-place instance u_dut/lfnst_mem_resp_data_q[6]_i_2
INFO: [Physopt 32-662] Processed net u_dut/lfnst_mem_resp_data_q[8]_i_3_n_0.  Did not re-place instance u_dut/lfnst_mem_resp_data_q[8]_i_3
INFO: [Physopt 32-662] Processed net u_dut/gen_input_slots[1].gen_input_banks[1].u_input_cache_bank/rd_data[8]_INST_0_i_4_n_0.  Did not re-place instance u_dut/gen_input_slots[1].gen_input_banks[1].u_input_cache_bank/rd_data[8]_INST_0_i_4
INFO: [Physopt 32-662] Processed net u_dut/gen_input_slots[1].gen_input_banks[3].u_input_cache_bank/rd_data[10]_INST_0_i_6_n_0.  Did not re-place instance u_dut/gen_input_slots[1].gen_input_banks[3].u_input_cache_bank/rd_data[10]_INST_0_i_6
INFO: [Physopt 32-662] Processed net u_dut/gen_input_slots[1].gen_input_banks[3].u_input_cache_bank/rd_data[8]_INST_0_i_4_n_0.  Did not re-place instance u_dut/gen_input_slots[1].gen_input_banks[3].u_input_cache_bank/rd_data[8]_INST_0_i_4
INFO: [Physopt 32-662] Processed net u_dut/gen_input_slots[1].gen_input_banks[1].u_input_cache_bank/rd_data[10]_INST_0_i_6_n_0.  Did not re-place instance u_dut/gen_input_slots[1].gen_input_banks[1].u_input_cache_bank/rd_data[10]_INST_0_i_6
INFO: [Physopt 32-662] Processed net u_dut/gen_input_slots[1].gen_input_banks[1].u_input_cache_bank/rd_data[14]_INST_0_i_4_n_0.  Did not re-place instance u_dut/gen_input_slots[1].gen_input_banks[1].u_input_cache_bank/rd_data[14]_INST_0_i_4
INFO: [Physopt 32-662] Processed net u_dut/gen_input_slots[0].gen_input_banks[3].u_input_cache_bank/rd_data[2]_INST_0_i_3_n_0.  Did not re-place instance u_dut/gen_input_slots[0].gen_input_banks[3].u_input_cache_bank/rd_data[2]_INST_0_i_3
INFO: [Physopt 32-662] Processed net u_dut/kernel_ctx_output_size_q_reg_n_0_[2].  Did not re-place instance u_dut/kernel_ctx_output_size_q_reg[2]
INFO: [Physopt 32-662] Processed net u_dut/gen_input_slots[1].gen_input_banks[3].u_input_cache_bank/rd_data[8]_INST_0_i_5_n_0.  Did not re-place instance u_dut/gen_input_slots[1].gen_input_banks[3].u_input_cache_bank/rd_data[8]_INST_0_i_5
INFO: [Physopt 32-662] Processed net u_dut/gen_input_slots[0].gen_input_banks[0].u_input_cache_bank/rd_data[13]_INST_0_i_4_n_0.  Did not re-place instance u_dut/gen_input_slots[0].gen_input_banks[0].u_input_cache_bank/rd_data[13]_INST_0_i_4
INFO: [Physopt 32-662] Processed net u_dut/lfnst_mem_resp_data_q[13]_i_2_n_0.  Did not re-place instance u_dut/lfnst_mem_resp_data_q[13]_i_2
INFO: [Physopt 32-662] Processed net u_dut/lfnst_mem_resp_data_q[13].  Did not re-place instance u_dut/lfnst_mem_resp_data_q_reg[13]
INFO: [Physopt 32-662] Processed net u_dut/rd_cmd_addr_q_reg_n_0_[0][0][0]_repN_5.  Did not re-place instance u_dut/rd_cmd_addr_q_reg[0][0][0]_replica_5
INFO: [Physopt 32-662] Processed net u_dut/gen_input_slots[1].gen_input_banks[0].u_input_cache_bank/rd_data[8]_INST_0_i_3_n_0.  Did not re-place instance u_dut/gen_input_slots[1].gen_input_banks[0].u_input_cache_bank/rd_data[8]_INST_0_i_3
INFO: [Physopt 32-662] Processed net u_dut/gen_input_slots[1].gen_input_banks[3].u_input_cache_bank/rd_data[8]_INST_0_i_3_n_0.  Did not re-place instance u_dut/gen_input_slots[1].gen_input_banks[3].u_input_cache_bank/rd_data[8]_INST_0_i_3
INFO: [Physopt 32-662] Processed net u_dut/gen_input_slots[1].gen_input_banks[1].u_input_cache_bank/rd_data[10]_INST_0_i_5_n_0.  Did not re-place instance u_dut/gen_input_slots[1].gen_input_banks[1].u_input_cache_bank/rd_data[10]_INST_0_i_5
INFO: [Physopt 32-662] Processed net u_dut/gen_input_slots[1].gen_input_banks[1].u_input_cache_bank/rd_data[13]_INST_0_i_6_n_0.  Did not re-place instance u_dut/gen_input_slots[1].gen_input_banks[1].u_input_cache_bank/rd_data[13]_INST_0_i_6
INFO: [Physopt 32-662] Processed net u_dut/gen_input_slots[1].gen_input_banks[1].u_input_cache_bank/rd_data[5]_INST_0_i_5_n_0.  Did not re-place instance u_dut/gen_input_slots[1].gen_input_banks[1].u_input_cache_bank/rd_data[5]_INST_0_i_5
INFO: [Physopt 32-662] Processed net u_dut/gen_input_slots[1].gen_input_banks[1].u_input_cache_bank/rd_data[3]_INST_0_i_5_n_0.  Did not re-place instance u_dut/gen_input_slots[1].gen_input_banks[1].u_input_cache_bank/rd_data[3]_INST_0_i_5
INFO: [Physopt 32-663] Processed net u_dut/rd_cmd_addr_q_reg_n_0_[0][0][2]_repN_3.  Re-placed instance u_dut/rd_cmd_addr_q_reg[0][0][2]_replica_3
INFO: [Physopt 32-663] Processed net u_dut/rd_cmd_addr_q_reg_n_0_[0][0][0]_repN_4.  Re-placed instance u_dut/rd_cmd_addr_q_reg[0][0][0]_replica_4
INFO: [Physopt 32-662] Processed net u_dut/gen_input_slots[0].gen_input_banks[3].u_input_cache_bank/rd_data[3]_INST_0_i_5_n_0.  Did not re-place instance u_dut/gen_input_slots[0].gen_input_banks[3].u_input_cache_bank/rd_data[3]_INST_0_i_5
INFO: [Physopt 32-662] Processed net u_dut/gen_input_slots[0].gen_input_banks[3].u_input_cache_bank/rd_data[4]_INST_0_i_3_n_0.  Did not re-place instance u_dut/gen_input_slots[0].gen_input_banks[3].u_input_cache_bank/rd_data[4]_INST_0_i_3
INFO: [Physopt 32-662] Processed net u_dut/gen_input_slots[0].gen_input_banks[2].u_input_cache_bank/rd_data[15]_INST_0_i_6_n_0.  Did not re-place instance u_dut/gen_input_slots[0].gen_input_banks[2].u_input_cache_bank/rd_data[15]_INST_0_i_6
INFO: [Physopt 32-662] Processed net u_dut/gen_input_slots[1].gen_input_banks[2].u_input_cache_bank/rd_data[15]_INST_0_i_4_n_0.  Did not re-place instance u_dut/gen_input_slots[1].gen_input_banks[2].u_input_cache_bank/rd_data[15]_INST_0_i_4
INFO: [Physopt 32-662] Processed net u_dut/kernel_rd_raw_data_q[47]_i_1_n_0.  Did not re-place instance u_dut/kernel_rd_raw_data_q[47]_i_1
INFO: [Physopt 32-662] Processed net u_dut/kernel_rd_raw_data_q_reg_n_0_[47].  Did not re-place instance u_dut/kernel_rd_raw_data_q_reg[47]
INFO: [Physopt 32-662] Processed net u_dut/gen_input_slots[1].gen_input_banks[0].u_input_cache_bank/rd_data[7]_INST_0_i_6_n_0.  Did not re-place instance u_dut/gen_input_slots[1].gen_input_banks[0].u_input_cache_bank/rd_data[7]_INST_0_i_6
INFO: [Physopt 32-663] Processed net u_dut/rd_cmd_addr_q_reg_n_0_[0][2][4].  Re-placed instance u_dut/rd_cmd_addr_q_reg[0][2][4]
INFO: [Physopt 32-662] Processed net u_dut/rd_cmd_addr_q_reg_n_0_[0][0][1]_repN.  Did not re-place instance u_dut/rd_cmd_addr_q_reg[0][0][1]_replica
INFO: [Physopt 32-663] Processed net u_dut/rd_cmd_addr_q_reg_n_0_[0][0][3]_repN.  Re-placed instance u_dut/rd_cmd_addr_q_reg[0][0][3]_replica
INFO: [Physopt 32-662] Processed net u_dut/rd_cmd_addr_q_reg_n_0_[0][3][4].  Did not re-place instance u_dut/rd_cmd_addr_q_reg[0][3][4]
INFO: [Physopt 32-662] Processed net u_dut/rd_cmd_addr_q_reg_n_0_[0][0][3]_repN_3.  Did not re-place instance u_dut/rd_cmd_addr_q_reg[0][0][3]_replica_3
INFO: [Physopt 32-662] Processed net u_dut/rd_cmd_addr_q_reg_n_0_[0][0][2]_repN.  Did not re-place instance u_dut/rd_cmd_addr_q_reg[0][0][2]_replica
INFO: [Physopt 32-662] Processed net u_dut/gen_input_slots[1].gen_input_banks[0].u_input_cache_bank/rd_data[12]_INST_0_i_3_n_0.  Did not re-place instance u_dut/gen_input_slots[1].gen_input_banks[0].u_input_cache_bank/rd_data[12]_INST_0_i_3
INFO: [Physopt 32-662] Processed net u_dut/lfnst_mem_resp_data_q[12]_i_2_n_0.  Did not re-place instance u_dut/lfnst_mem_resp_data_q[12]_i_2
INFO: [Physopt 32-662] Processed net u_dut/lfnst_mem_resp_data_q[12].  Did not re-place instance u_dut/lfnst_mem_resp_data_q_reg[12]
INFO: [Physopt 32-663] Processed net u_dut/input_rd_data[0].  Re-placed instance u_dut/kernel_rd_raw_data_q[48]_i_1
INFO: [Physopt 32-662] Processed net u_dut/kernel_rd_raw_data_q_reg_n_0_[48].  Did not re-place instance u_dut/kernel_rd_raw_data_q_reg[48]
INFO: [Physopt 32-662] Processed net u_dut/u_unified_p4_kernel/reserved_groups_q[1].  Did not re-place instance u_dut/u_unified_p4_kernel/reserved_groups_q_reg[1]
INFO: [Physopt 32-662] Processed net u_dut/gen_input_slots[1].gen_input_banks[1].u_input_cache_bank/rd_data[6]_INST_0_i_3_n_0.  Did not re-place instance u_dut/gen_input_slots[1].gen_input_banks[1].u_input_cache_bank/rd_data[6]_INST_0_i_3
INFO: [Physopt 32-662] Processed net u_dut/rd_cmd_addr_q_reg_n_0_[0][3][5].  Did not re-place instance u_dut/rd_cmd_addr_q_reg[0][3][5]
INFO: [Physopt 32-662] Processed net u_dut/gen_input_slots[0].gen_input_banks[3].u_input_cache_bank/rd_data[1]_INST_0_i_5_n_0.  Did not re-place instance u_dut/gen_input_slots[0].gen_input_banks[3].u_input_cache_bank/rd_data[1]_INST_0_i_5
INFO: [Physopt 32-663] Processed net u_dut/u_unified_p4_kernel/slot_state_q_reg_n_0_[0][0].  Re-placed instance u_dut/u_unified_p4_kernel/slot_state_q_reg[0][0]
INFO: [Physopt 32-662] Processed net u_dut/gen_input_slots[1].gen_input_banks[0].u_input_cache_bank/rd_data[14]_INST_0_i_6_n_0.  Did not re-place instance u_dut/gen_input_slots[1].gen_input_banks[0].u_input_cache_bank/rd_data[14]_INST_0_i_6
INFO: [Physopt 32-662] Processed net u_dut/gen_input_slots[1].gen_input_banks[1].u_input_cache_bank/rd_data[5]_INST_0_i_4_n_0.  Did not re-place instance u_dut/gen_input_slots[1].gen_input_banks[1].u_input_cache_bank/rd_data[5]_INST_0_i_4
INFO: [Physopt 32-662] Processed net u_dut/gen_input_slots[0].gen_input_banks[0].u_input_cache_bank/rd_data[7]_INST_0_i_4_n_0.  Did not re-place instance u_dut/gen_input_slots[0].gen_input_banks[0].u_input_cache_bank/rd_data[7]_INST_0_i_4
INFO: [Physopt 32-662] Processed net u_dut/kernel_h_rd_raw_tail_group_q[0].  Did not re-place instance u_dut/kernel_h_rd_raw_tail_group_q[4]_i_1
INFO: [Physopt 32-662] Processed net u_dut/kernel_h_rd_raw_tail_group_q[4]_i_2_n_0.  Did not re-place instance u_dut/kernel_h_rd_raw_tail_group_q[4]_i_2
INFO: [Physopt 32-662] Processed net u_dut/gen_input_slots[1].gen_input_banks[0].u_input_cache_bank/rd_data[14]_INST_0_i_3_n_0.  Did not re-place instance u_dut/gen_input_slots[1].gen_input_banks[0].u_input_cache_bank/rd_data[14]_INST_0_i_3
INFO: [Physopt 32-662] Processed net u_dut/gen_input_slots[1].gen_input_banks[1].u_input_cache_bank/rd_data[14]_INST_0_i_5_n_0.  Did not re-place instance u_dut/gen_input_slots[1].gen_input_banks[1].u_input_cache_bank/rd_data[14]_INST_0_i_5
INFO: [Physopt 32-663] Processed net u_dut/kernel_h_rd_data_tail_q_reg_n_0_[30].  Re-placed instance u_dut/kernel_h_rd_data_tail_q_reg[30]
INFO: [Physopt 32-662] Processed net u_dut/gen_input_slots[1].gen_input_banks[0].u_input_cache_bank/rd_data[15]_INST_0_i_6_n_0.  Did not re-place instance u_dut/gen_input_slots[1].gen_input_banks[0].u_input_cache_bank/rd_data[15]_INST_0_i_6
INFO: [Physopt 32-662] Processed net u_dut/gen_input_slots[1].gen_input_banks[1].u_input_cache_bank/rd_data[10]_INST_0_i_3_n_0.  Did not re-place instance u_dut/gen_input_slots[1].gen_input_banks[1].u_input_cache_bank/rd_data[10]_INST_0_i_3
INFO: [Physopt 32-663] Processed net u_dut/rd_cmd_addr_q_reg_n_0_[0][0][3]_repN_4.  Re-placed instance u_dut/rd_cmd_addr_q_reg[0][0][3]_replica_4
INFO: [Physopt 32-662] Processed net u_dut/gen_input_slots[1].gen_input_banks[0].u_input_cache_bank/rd_data[14]_INST_0_i_4_n_0.  Did not re-place instance u_dut/gen_input_slots[1].gen_input_banks[0].u_input_cache_bank/rd_data[14]_INST_0_i_4
INFO: [Physopt 32-662] Processed net u_dut/gen_input_slots[1].gen_input_banks[0].u_input_cache_bank/rd_data[15]_INST_0_i_5_n_0.  Did not re-place instance u_dut/gen_input_slots[1].gen_input_banks[0].u_input_cache_bank/rd_data[15]_INST_0_i_5
INFO: [Physopt 32-662] Processed net u_dut/gen_input_slots[1].gen_input_banks[3].u_input_cache_bank/rd_data[4]_INST_0_i_3_n_0.  Did not re-place instance u_dut/gen_input_slots[1].gen_input_banks[3].u_input_cache_bank/rd_data[4]_INST_0_i_3
INFO: [Physopt 32-662] Processed net u_dut/gen_input_slots[0].gen_input_banks[0].u_input_cache_bank/rd_data[7]_INST_0_i_5_n_0.  Did not re-place instance u_dut/gen_input_slots[0].gen_input_banks[0].u_input_cache_bank/rd_data[7]_INST_0_i_5
INFO: [Physopt 32-662] Processed net u_dut/gen_input_slots[1].gen_input_banks[1].u_input_cache_bank/rd_data[9]_INST_0_i_6_n_0.  Did not re-place instance u_dut/gen_input_slots[1].gen_input_banks[1].u_input_cache_bank/rd_data[9]_INST_0_i_6
INFO: [Physopt 32-662] Processed net u_dut/lfnst_mem_resp_data_q[9]_i_2_n_0.  Did not re-place instance u_dut/lfnst_mem_resp_data_q[9]_i_2
INFO: [Physopt 32-662] Processed net u_dut/gen_input_slots[0].gen_input_banks[2].u_input_cache_bank/rd_data[3]_INST_0_i_4_n_0.  Did not re-place instance u_dut/gen_input_slots[0].gen_input_banks[2].u_input_cache_bank/rd_data[3]_INST_0_i_4
INFO: [Physopt 32-662] Processed net u_dut/gen_input_slots[1].gen_input_banks[2].u_input_cache_bank/rd_data[14]_INST_0_i_4_n_0.  Did not re-place instance u_dut/gen_input_slots[1].gen_input_banks[2].u_input_cache_bank/rd_data[14]_INST_0_i_4
INFO: [Physopt 32-662] Processed net u_dut/gen_input_slots[0].gen_input_banks[3].u_input_cache_bank/rd_data[5]_INST_0_i_3_n_0.  Did not re-place instance u_dut/gen_input_slots[0].gen_input_banks[3].u_input_cache_bank/rd_data[5]_INST_0_i_3
INFO: [Physopt 32-662] Processed net u_dut/lfnst_mem_resp_data_q[5]_i_3_n_0.  Did not re-place instance u_dut/lfnst_mem_resp_data_q[5]_i_3
INFO: [Physopt 32-663] Processed net u_dut/u_unified_p4_kernel/slot_state_q_reg_n_0_[1][0].  Re-placed instance u_dut/u_unified_p4_kernel/slot_state_q_reg[1][0]
INFO: [Physopt 32-662] Processed net u_dut/gen_input_slots[0].gen_input_banks[0].u_input_cache_bank/rd_data[15]_INST_0_i_4_n_0.  Did not re-place instance u_dut/gen_input_slots[0].gen_input_banks[0].u_input_cache_bank/rd_data[15]_INST_0_i_4
INFO: [Physopt 32-662] Processed net u_dut/kernel_rd_raw_data_q[31]_i_1_n_0.  Did not re-place instance u_dut/kernel_rd_raw_data_q[31]_i_1
INFO: [Physopt 32-662] Processed net u_dut/kernel_rd_raw_data_q_reg_n_0_[31].  Did not re-place instance u_dut/kernel_rd_raw_data_q_reg[31]
INFO: [Physopt 32-663] Processed net u_dut/rd_cmd_addr_q_reg_n_0_[0][0][0]_repN_1.  Re-placed instance u_dut/rd_cmd_addr_q_reg[0][0][0]_replica_1
INFO: [Physopt 32-662] Processed net u_dut/gen_input_slots[1].gen_input_banks[0].u_input_cache_bank/rd_data[7]_INST_0_i_5_n_0.  Did not re-place instance u_dut/gen_input_slots[1].gen_input_banks[0].u_input_cache_bank/rd_data[7]_INST_0_i_5
INFO: [Physopt 32-662] Processed net u_dut/gen_input_slots[1].gen_input_banks[3].u_input_cache_bank/rd_data[10]_INST_0_i_3_n_0.  Did not re-place instance u_dut/gen_input_slots[1].gen_input_banks[3].u_input_cache_bank/rd_data[10]_INST_0_i_3
INFO: [Physopt 32-662] Processed net u_dut/gen_input_slots[0].gen_input_banks[1].u_input_cache_bank/rd_data[8]_INST_0_i_4_n_0.  Did not re-place instance u_dut/gen_input_slots[0].gen_input_banks[1].u_input_cache_bank/rd_data[8]_INST_0_i_4
INFO: [Physopt 32-662] Processed net u_dut/gen_input_slots[0].gen_input_banks[2].u_input_cache_bank/rd_data[1]_INST_0_i_3_n_0.  Did not re-place instance u_dut/gen_input_slots[0].gen_input_banks[2].u_input_cache_bank/rd_data[1]_INST_0_i_3
INFO: [Physopt 32-662] Processed net u_dut/kernel_rd_raw_data_q[30]_i_1_n_0.  Did not re-place instance u_dut/kernel_rd_raw_data_q[30]_i_1
INFO: [Physopt 32-662] Processed net u_dut/kernel_rd_raw_data_q_reg_n_0_[30].  Did not re-place instance u_dut/kernel_rd_raw_data_q_reg[30]
INFO: [Physopt 32-662] Processed net u_dut/gen_input_slots[0].gen_input_banks[0].u_input_cache_bank/rd_data[12]_INST_0_i_4_n_0.  Did not re-place instance u_dut/gen_input_slots[0].gen_input_banks[0].u_input_cache_bank/rd_data[12]_INST_0_i_4
INFO: [Physopt 32-662] Processed net u_dut/gen_input_slots[1].gen_input_banks[0].u_input_cache_bank/rd_data[8]_INST_0_i_5_n_0.  Did not re-place instance u_dut/gen_input_slots[1].gen_input_banks[0].u_input_cache_bank/rd_data[8]_INST_0_i_5
INFO: [Physopt 32-662] Processed net u_dut/gen_input_slots[1].gen_input_banks[3].u_input_cache_bank/rd_data[11]_INST_0_i_6_n_0.  Did not re-place instance u_dut/gen_input_slots[1].gen_input_banks[3].u_input_cache_bank/rd_data[11]_INST_0_i_6
INFO: [Physopt 32-662] Processed net u_dut/lfnst_mem_resp_data_q[11]_i_3_n_0.  Did not re-place instance u_dut/lfnst_mem_resp_data_q[11]_i_3
INFO: [Physopt 32-662] Processed net u_dut/gen_input_slots[1].gen_input_banks[3].u_input_cache_bank/rd_data[9]_INST_0_i_4_n_0.  Did not re-place instance u_dut/gen_input_slots[1].gen_input_banks[3].u_input_cache_bank/rd_data[9]_INST_0_i_4
INFO: [Physopt 32-662] Processed net u_dut/u_unified_p4_kernel/product_q_reg[3][38]_i_15_n_0.  Did not re-place instance u_dut/u_unified_p4_kernel/product_q_reg[3][38]_i_15
INFO: [Physopt 32-663] Processed net u_dut/u_unified_p4_kernel/issue_desc_bundle_addr_q_reg[5]_rep__10_n_0.  Re-placed instance u_dut/u_unified_p4_kernel/issue_desc_bundle_addr_q_reg[5]_rep__10
INFO: [Physopt 32-663] Processed net u_dut/u_unified_p4_kernel/product_q_reg[2][15]_i_10_n_0.  Re-placed instance u_dut/u_unified_p4_kernel/product_q_reg[2][15]_i_10
INFO: [Physopt 32-662] Processed net u_dut/gen_input_slots[1].gen_input_banks[0].u_input_cache_bank/rd_data[15]_INST_0_i_3_n_0.  Did not re-place instance u_dut/gen_input_slots[1].gen_input_banks[0].u_input_cache_bank/rd_data[15]_INST_0_i_3
INFO: [Physopt 32-663] Processed net u_dut/u_unified_p4_kernel/product_q_reg[2][15]_i_6_n_0.  Re-placed instance u_dut/u_unified_p4_kernel/product_q_reg[2][15]_i_6
INFO: [Physopt 32-662] Processed net u_dut/gen_input_slots[1].gen_input_banks[1].u_input_cache_bank/rd_data[10]_INST_0_i_4_n_0.  Did not re-place instance u_dut/gen_input_slots[1].gen_input_banks[1].u_input_cache_bank/rd_data[10]_INST_0_i_4
INFO: [Physopt 32-662] Processed net u_dut/gen_input_slots[1].gen_input_banks[3].u_input_cache_bank/rd_data[13]_INST_0_i_5_n_0.  Did not re-place instance u_dut/gen_input_slots[1].gen_input_banks[3].u_input_cache_bank/rd_data[13]_INST_0_i_5
INFO: [Physopt 32-662] Processed net u_dut/lfnst_mem_resp_data_q[13]_i_3_n_0.  Did not re-place instance u_dut/lfnst_mem_resp_data_q[13]_i_3
INFO: [Physopt 32-662] Processed net u_dut/gen_input_slots[0].gen_input_banks[1].u_input_cache_bank/rd_data[6]_INST_0_i_3_n_0.  Did not re-place instance u_dut/gen_input_slots[0].gen_input_banks[1].u_input_cache_bank/rd_data[6]_INST_0_i_3
INFO: [Physopt 32-662] Processed net u_dut/kernel_rd_raw_data_q[15]_i_1_n_0.  Did not re-place instance u_dut/kernel_rd_raw_data_q[15]_i_1
INFO: [Physopt 32-662] Processed net u_dut/kernel_rd_raw_data_q_reg_n_0_[15].  Did not re-place instance u_dut/kernel_rd_raw_data_q_reg[15]
INFO: [Physopt 32-662] Processed net u_dut/gen_input_slots[1].gen_input_banks[1].u_input_cache_bank/rd_data[8]_INST_0_i_5_n_0.  Did not re-place instance u_dut/gen_input_slots[1].gen_input_banks[1].u_input_cache_bank/rd_data[8]_INST_0_i_5
INFO: [Physopt 32-662] Processed net u_dut/gen_input_slots[1].gen_input_banks[3].u_input_cache_bank/rd_data[10]_INST_0_i_4_n_0.  Did not re-place instance u_dut/gen_input_slots[1].gen_input_banks[3].u_input_cache_bank/rd_data[10]_INST_0_i_4
INFO: [Physopt 32-662] Processed net u_dut/kernel_rd_raw_data_q[13]_i_1_n_0.  Did not re-place instance u_dut/kernel_rd_raw_data_q[13]_i_1
INFO: [Physopt 32-662] Processed net u_dut/kernel_rd_raw_data_q_reg_n_0_[13].  Did not re-place instance u_dut/kernel_rd_raw_data_q_reg[13]
INFO: [Physopt 32-663] Processed net u_dut/u_unified_p4_kernel/issue_desc_bundle_addr_q_reg[0]_rep__15_n_0.  Re-placed instance u_dut/u_unified_p4_kernel/issue_desc_bundle_addr_q_reg[0]_rep__15
INFO: [Physopt 32-663] Processed net u_dut/u_unified_p4_kernel/product_q_reg[1][19]_i_17_n_0.  Re-placed instance u_dut/u_unified_p4_kernel/product_q_reg[1][19]_i_17
INFO: [Physopt 32-662] Processed net u_dut/gen_input_slots[0].gen_input_banks[0].u_input_cache_bank/rd_data[7]_INST_0_i_3_n_0.  Did not re-place instance u_dut/gen_input_slots[0].gen_input_banks[0].u_input_cache_bank/rd_data[7]_INST_0_i_3
INFO: [Physopt 32-662] Processed net u_dut/gen_input_slots[1].gen_input_banks[0].u_input_cache_bank/rd_data[11]_INST_0_i_6_n_0.  Did not re-place instance u_dut/gen_input_slots[1].gen_input_banks[0].u_input_cache_bank/rd_data[11]_INST_0_i_6
INFO: [Physopt 32-662] Processed net u_dut/gen_input_slots[1].gen_input_banks[1].u_input_cache_bank/rd_data[12]_INST_0_i_6_n_0.  Did not re-place instance u_dut/gen_input_slots[1].gen_input_banks[1].u_input_cache_bank/rd_data[12]_INST_0_i_6
INFO: [Physopt 32-662] Processed net u_dut/u_unified_p4_kernel/product_q_reg[0][29]_i_8_n_0.  Did not re-place instance u_dut/u_unified_p4_kernel/product_q_reg[0][29]_i_8
INFO: [Physopt 32-663] Processed net u_dut/rd_cmd_addr_q_reg_n_0_[0][0][3]_repN_2.  Re-placed instance u_dut/rd_cmd_addr_q_reg[0][0][3]_replica_2
INFO: [Physopt 32-662] Processed net u_dut/u_unified_p4_kernel/issue_desc_bundle_addr_q[5]_i_3_n_0.  Did not re-place instance u_dut/u_unified_p4_kernel/issue_desc_bundle_addr_q[5]_i_3
INFO: [Physopt 32-663] Processed net u_dut/u_unified_p4_kernel/issue_desc_bundle_addr_q_reg[5]_rep__4_n_0.  Re-placed instance u_dut/u_unified_p4_kernel/issue_desc_bundle_addr_q_reg[5]_rep__4
INFO: [Physopt 32-663] Processed net u_dut/u_unified_p4_kernel/issue_desc_bundle_addr_q[3]_i_2_n_0.  Re-placed instance u_dut/u_unified_p4_kernel/issue_desc_bundle_addr_q[3]_i_2
INFO: [Physopt 32-663] Processed net u_dut/u_unified_p4_kernel/issue_active_q_reg_n_0.  Re-placed instance u_dut/u_unified_p4_kernel/issue_active_q_reg
INFO: [Physopt 32-663] Processed net u_dut/u_unified_p4_kernel/issue_emit_group_c[0].  Re-placed instance u_dut/u_unified_p4_kernel/issue_desc_bundle_addr_q[3]_i_5
INFO: [Physopt 32-662] Processed net u_dut/u_unified_p4_kernel/issue_desc_bundle_addr_q[5]_rep__4_i_1_n_0.  Did not re-place instance u_dut/u_unified_p4_kernel/issue_desc_bundle_addr_q[5]_rep__4_i_1
INFO: [Physopt 32-663] Processed net u_dut/rd_cmd_addr_q_reg_n_0_[1][2][5].  Re-placed instance u_dut/rd_cmd_addr_q_reg[1][2][5]
INFO: [Physopt 32-662] Processed net u_dut/u_unified_p4_kernel/product_q_reg[3][37]_i_11_n_0.  Did not re-place instance u_dut/u_unified_p4_kernel/product_q_reg[3][37]_i_11
INFO: [Physopt 32-662] Processed net u_dut/u_unified_p4_kernel/issue_desc_bundle_addr_q[4].  Did not re-place instance u_dut/u_unified_p4_kernel/issue_desc_bundle_addr_q_reg[4]
INFO: [Physopt 32-663] Processed net u_dut/u_unified_p4_kernel/product_q_reg[2][24]_i_1_n_0.  Re-placed instance u_dut/u_unified_p4_kernel/product_q_reg[2][24]_i_1
INFO: [Physopt 32-661] Optimized 33 nets.  Re-placed 33 instances.
INFO: [Physopt 32-775] End 1 Pass. Optimized 33 nets or cells. Created 0 new cell, deleted 0 existing cell and moved 33 existing cells
INFO: [Physopt 32-619] Estimated Timing Summary | WNS=-0.157 | TNS=-57.515 |
Netlist sorting complete. Time (s): cpu = 00:00:00 ; elapsed = 00:00:00.021 . Memory (MB): peak = 4669.859 ; gain = 0.000
Phase 4 Single Cell Placement Optimization | Checksum: e5ebce80

Time (s): cpu = 00:02:18 ; elapsed = 00:01:14 . Memory (MB): peak = 4669.859 ; gain = 0.000

Phase 5 Multi Cell Placement Optimization
INFO: [Physopt 32-660] Identified 100 candidate nets for placement-based optimization.
INFO: [Physopt 32-662] Processed net u_dut/gen_input_slots[1].gen_input_banks[3].u_input_cache_bank/rd_valid.  Did not re-place instance u_dut/gen_input_slots[1].gen_input_banks[3].u_input_cache_bank/rd_valid_INST_0/O
INFO: [Physopt 32-662] Processed net u_dut/lfnst_mem_resp_valid_q0.  Did not re-place instance u_dut/lfnst_mem_resp_valid_q_i_2/O
INFO: [Physopt 32-662] Processed net u_dut/lfnst_mem_resp_valid_q_i_4_n_0.  Did not re-place instance u_dut/lfnst_mem_resp_valid_q_i_4/O
INFO: [Physopt 32-662] Processed net u_dut/gen_input_slots[1].gen_input_banks[2].u_input_cache_bank/rd_valid.  Did not re-place instance u_dut/gen_input_slots[1].gen_input_banks[2].u_input_cache_bank/rd_valid_INST_0/O
INFO: [Physopt 32-662] Processed net u_dut/kernel_rd_raw_data_q[7]_i_1_n_0.  Did not re-place instance u_dut/kernel_rd_raw_data_q[7]_i_1/O
INFO: [Physopt 32-662] Processed net u_dut/kernel_rd_raw_data_q[47]_i_1_n_0.  Did not re-place instance u_dut/kernel_rd_raw_data_q[47]_i_1/O
INFO: [Physopt 32-662] Processed net u_dut/kernel_rd_raw_data_q[26]_i_1_n_0.  Did not re-place instance u_dut/kernel_rd_raw_data_q[26]_i_1/O
INFO: [Physopt 32-662] Processed net u_dut/kernel_rd_raw_data_q[31]_i_1_n_0.  Did not re-place instance u_dut/kernel_rd_raw_data_q[31]_i_1/O
INFO: [Physopt 32-662] Processed net u_dut/kernel_rd_raw_data_q[24]_i_1_n_0.  Did not re-place instance u_dut/kernel_rd_raw_data_q[24]_i_1/O
INFO: [Physopt 32-662] Processed net u_dut/kernel_rd_raw_data_q[15]_i_1_n_0.  Did not re-place instance u_dut/kernel_rd_raw_data_q[15]_i_1/O
INFO: [Physopt 32-663] Processed net u_dut/kernel_rd_raw_data_q[13]_i_1_n_0.  Re-placed instance u_dut/kernel_rd_raw_data_q[13]_i_1/O
INFO: [Physopt 32-663] Processed net u_dut/u_unified_p4_kernel/issue_desc_bundle_addr_q_reg[0]_rep__7_n_0.  Re-placed instance u_dut/u_unified_p4_kernel/issue_desc_bundle_addr_q_reg[0]_rep__7/Q
INFO: [Physopt 32-663] Processed net u_dut/u_unified_p4_kernel/product_q_reg[3][42]_i_10_n_0.  Re-placed instance u_dut/u_unified_p4_kernel/product_q_reg[3][42]_i_10/O
INFO: [Physopt 32-662] Processed net u_dut/u_unified_p4_kernel_i_684_n_0.  Did not re-place instance u_dut/u_unified_p4_kernel_i_684/O
INFO: [Physopt 32-663] Processed net u_dut/u_unified_p4_kernel/issue_desc_bundle_addr_q[4].  Re-placed instance u_dut/u_unified_p4_kernel/issue_desc_bundle_addr_q_reg[4]/Q
INFO: [Physopt 32-662] Processed net u_dut/kernel_stage_q_reg_n_0.  Did not re-place instance u_dut/kernel_stage_q_reg/Q
INFO: [Physopt 32-662] Processed net u_dut/kernel_in_data22_out[3].  Did not re-place instance u_dut/u_unified_p4_kernel_i_63/O
INFO: [Physopt 32-662] Processed net u_dut/kernel_rd_raw_data_q[16]_i_1_n_0.  Did not re-place instance u_dut/kernel_rd_raw_data_q[16]_i_1/O
INFO: [Physopt 32-662] Processed net u_dut/p_3_in[3].  Did not re-place instance u_dut/u_unified_p4_kernel_i_350/O
INFO: [Physopt 32-662] Processed net u_dut/u_unified_p4_kernel_i_260_n_0.  Did not re-place instance u_dut/u_unified_p4_kernel_i_260/O
INFO: [Physopt 32-663] Processed net u_dut/u_unified_p4_kernel_i_666_n_0.  Re-placed instance u_dut/u_unified_p4_kernel_i_666/O
INFO: [Physopt 32-662] Processed net u_dut/u_unified_p4_kernel_i_683_n_0.  Did not re-place instance u_dut/u_unified_p4_kernel_i_683/O
INFO: [Physopt 32-662] Processed net u_dut/kernel_in_data22_out[16].  Did not re-place instance u_dut/u_unified_p4_kernel_i_50/O
INFO: [Physopt 32-662] Processed net u_dut/u_unified_p4_kernel_i_219_n_0.  Did not re-place instance u_dut/u_unified_p4_kernel_i_219/O
INFO: [Physopt 32-663] Processed net u_dut/u_unified_p4_kernel_i_334_n_0.  Re-placed instance u_dut/u_unified_p4_kernel_i_334/O
INFO: [Physopt 32-663] Processed net u_dut/lfnst_grid[42][15]_i_1_n_0.  Re-placed instance u_dut/lfnst_grid[42][15]_i_1/O
INFO: [Physopt 32-662] Processed net u_dut/kernel_rd_raw_data_q[20]_i_1_n_0.  Did not re-place instance u_dut/kernel_rd_raw_data_q[20]_i_1/O
INFO: [Physopt 32-662] Processed net u_dut/u_unified_p4_kernel/issue_desc_bundle_addr_q_reg[5]_rep_n_0.  Did not re-place instance u_dut/u_unified_p4_kernel/issue_desc_bundle_addr_q_reg[5]_rep/Q
INFO: [Physopt 32-663] Processed net u_dut/u_unified_p4_kernel/product_q_reg[0][17]_i_15_n_0.  Re-placed instance u_dut/u_unified_p4_kernel/product_q_reg[0][17]_i_15/O
INFO: [Physopt 32-662] Processed net u_dut/u_unified_p4_kernel_i_336_n_0.  Did not re-place instance u_dut/u_unified_p4_kernel_i_336/O
INFO: [Physopt 32-662] Processed net u_dut/kernel_in_data22_out[14].  Did not re-place instance u_dut/u_unified_p4_kernel_i_52/O
INFO: [Physopt 32-662] Processed net u_dut/kernel_in_data22_out[2].  Did not re-place instance u_dut/u_unified_p4_kernel_i_64/O
INFO: [Physopt 32-663] Processed net u_dut/p_3_in[14].  Re-placed instance u_dut/u_unified_p4_kernel_i_339/O
INFO: [Physopt 32-662] Processed net u_dut/u_unified_p4_kernel_i_227_n_0.  Did not re-place instance u_dut/u_unified_p4_kernel_i_227/O
INFO: [Physopt 32-662] Processed net u_dut/u_unified_p4_kernel_i_263_n_0.  Did not re-place instance u_dut/u_unified_p4_kernel_i_263/O
INFO: [Physopt 32-663] Processed net u_dut/u_unified_p4_kernel_i_608_n_0.  Re-placed instance u_dut/u_unified_p4_kernel_i_608/O
INFO: [Physopt 32-663] Processed net u_dut/u_unified_p4_kernel_i_620_n_0.  Re-placed instance u_dut/u_unified_p4_kernel_i_620/O
INFO: [Physopt 32-662] Processed net u_dut/u_unified_p4_kernel/input_group_fire.  Did not re-place instance u_dut/u_unified_p4_kernel/input_group_fire_INST_0/O
INFO: [Physopt 32-662] Processed net u_dut/rd_cmd_ready.  Did not re-place instance u_dut/rd_cmd_bank_mask_q[3]_i_1/O
INFO: [Physopt 32-662] Processed net u_dut/kernel_rd_req_group_q[4]_i_1_n_0.  Did not re-place instance u_dut/kernel_rd_req_group_q[4]_i_1/O
INFO: [Physopt 32-662] Processed net u_dut/kernel_ctx_output_size_q_reg_n_0_[3].  Did not re-place instance u_dut/kernel_ctx_output_size_q_reg[3]/Q
INFO: [Physopt 32-662] Processed net u_dut/u_unified_p4_kernel/ingress_valid_q42_in.  Did not re-place instance u_dut/u_unified_p4_kernel/input_group_fire_INST_0_i_1/O
INFO: [Physopt 32-662] Processed net u_dut/kernel_rd_req_group_q[4]_i_6_n_0.  Did not re-place instance u_dut/kernel_rd_req_group_q[4]_i_6/O
INFO: [Physopt 32-662] Processed net u_dut/u_unified_p4_kernel/input_group_fire_INST_0_i_3_n_0.  Did not re-place instance u_dut/u_unified_p4_kernel/input_group_fire_INST_0_i_3/O
INFO: [Physopt 32-661] Optimized 11 nets.  Re-placed 22 instances.
INFO: [Physopt 32-775] End 1 Pass. Optimized 11 nets or cells. Created 0 new cell, deleted 0 existing cell and moved 22 existing cells
INFO: [Physopt 32-619] Estimated Timing Summary | WNS=-0.157 | TNS=-57.230 |
Netlist sorting complete. Time (s): cpu = 00:00:00 ; elapsed = 00:00:00.017 . Memory (MB): peak = 4669.859 ; gain = 0.000
Phase 5 Multi Cell Placement Optimization | Checksum: 13ee47529

Time (s): cpu = 00:02:49 ; elapsed = 00:01:28 . Memory (MB): peak = 4669.859 ; gain = 0.000

Phase 6 Rewire
INFO: [Physopt 32-246] Starting Signal Push optimization...
INFO: [Physopt 32-77] Pass 1. Identified 15 candidate nets for rewire optimization.
INFO: [Physopt 32-134] Processed net u_dut/rd_cmd_ready. Rewiring did not optimize the net.
INFO: [Physopt 32-134] Processed net u_dut/u_unified_p4_kernel/product_q_reg[3][37]_i_11_n_0. Rewiring did not optimize the net.
INFO: [Physopt 32-242] Processed net u_dut/u_unified_p4_kernel/product_q_reg[3][42]_i_12_n_0. Rewired (signal push) u_dut/u_unified_p4_kernel/product_q_reg[3][39]_i_9_n_0 to 1 loads. Replicated 1 times.
INFO: [Physopt 32-134] Processed net u_dut/u_unified_p4_kernel/product_q_reg[3][38]_i_15_n_0. Rewiring did not optimize the net.
INFO: [Physopt 32-134] Processed net u_dut/lfnst_idx_q[1]_i_2_n_0. Rewiring did not optimize the net.
INFO: [Physopt 32-134] Processed net u_dut/p_360_in. Rewiring did not optimize the net.
INFO: [Physopt 32-134] Processed net u_dut/output_index[11]_i_3_n_0. Rewiring did not optimize the net.
INFO: [Physopt 32-242] Processed net u_dut/u_unified_p4_kernel/s0_input_q[15][15]_i_1_n_0. Rewired (signal push) u_dut/u_unified_p4_kernel/issue_desc_active_size_q[4] to 2 loads. Replicated 1 times.
INFO: [Physopt 32-242] Processed net u_dut/slot_height[0][6]_i_2_n_0. Rewired (signal push) u_dut/scrub_active_reg_n_0 to 3 loads. Replicated 1 times.
INFO: [Physopt 32-242] Processed net u_dut/slot_height[1][6]_i_3_n_0. Rewired (signal push) u_dut/slot_height[0][6]_i_2_n_0 to 1 loads. Replicated 0 times.
INFO: [Physopt 32-134] Processed net u_dut/u_unified_p4_kernel/product_q_reg[2][4]_i_4_n_0. Rewiring did not optimize the net.
INFO: [Physopt 32-134] Processed net u_dut/lfnst_slot_q_i_2_n_0. Rewiring did not optimize the net.
INFO: [Physopt 32-134] Processed net u_dut/u_unified_p4_kernel/product_q_reg[1][7]_i_10_n_0. Rewiring did not optimize the net.
INFO: [Physopt 32-242] Processed net u_dut/u_unified_p4_kernel/out_data[26]. Rewired (signal push) u_dut/u_unified_p4_kernel/out_data0[26] to 4 loads. Replicated 1 times.
INFO: [Physopt 32-242] Processed net u_dut/u_unified_p4_kernel/product_q_reg[2][43]_i_9_n_0. Rewired (signal push) u_dut/u_unified_p4_kernel/issue_desc_bundle_addr_q_reg[5]_rep__0_n_0 to 1 loads. Replicated 1 times.
INFO: [Physopt 32-232] Optimized 6 nets. Created 5 new instances.
INFO: [Physopt 32-775] End 1 Pass. Optimized 6 nets or cells. Created 5 new cells, deleted 0 existing cell and moved 0 existing cell
Netlist sorting complete. Time (s): cpu = 00:00:00 ; elapsed = 00:00:00.168 . Memory (MB): peak = 4669.859 ; gain = 0.000
INFO: [Physopt 32-619] Estimated Timing Summary | WNS=-0.157 | TNS=-57.207 |
Netlist sorting complete. Time (s): cpu = 00:00:00 ; elapsed = 00:00:00.017 . Memory (MB): peak = 4669.859 ; gain = 0.000
Phase 6 Rewire | Checksum: 1b6ed19dc

Time (s): cpu = 00:02:59 ; elapsed = 00:01:33 . Memory (MB): peak = 4669.859 ; gain = 0.000

Phase 7 Critical Cell Optimization
INFO: [Physopt 32-46] Identified 30 candidate nets for critical-cell optimization.
INFO: [Physopt 32-572] Net u_dut/gen_input_slots[1].gen_input_banks[3].u_input_cache_bank/rd_valid was not replicated.
Resolution: phys_opt_design can be forced to replicate a net driver using the option -force_replication_on_nets <list of net objects>.
INFO: [Physopt 32-572] Net u_dut/gen_input_slots[1].gen_input_banks[2].u_input_cache_bank/rd_valid was not replicated.
Resolution: phys_opt_design can be forced to replicate a net driver using the option -force_replication_on_nets <list of net objects>.
INFO: [Physopt 32-81] Processed net u_dut/u_unified_p4_kernel_i_318_n_0. Replicated 1 times.
INFO: [Physopt 32-81] Processed net u_dut/u_unified_p4_kernel/product_q_reg[3][36]_i_2_n_0. Replicated 1 times.
INFO: [Physopt 32-572] Net u_dut/rd_cmd_ready was not replicated.
Resolution: phys_opt_design can be forced to replicate a net driver using the option -force_replication_on_nets <list of net objects>.
INFO: [Physopt 32-572] Net u_dut/kernel_rd_req_group_q[4]_i_1_n_0 was not replicated.
Resolution: phys_opt_design can be forced to replicate a net driver using the option -force_replication_on_nets <list of net objects>.
INFO: [Physopt 32-81] Processed net u_dut/kernel_ctx_output_size_q_reg_n_0_[3]. Replicated 1 times.
INFO: [Physopt 32-572] Net u_dut/u_unified_p4_kernel/ingress_valid_q42_in was not replicated.
Resolution: phys_opt_design can be forced to replicate a net driver using the option -force_replication_on_nets <list of net objects>.
INFO: [Physopt 32-572] Net u_dut/kernel_feed_group_q_reg_n_0_[0] was not replicated.
Resolution: phys_opt_design can be forced to replicate a net driver using the option -force_replication_on_nets <list of net objects>.
INFO: [Physopt 32-81] Processed net u_dut/u_unified_p4_kernel/product_q_reg[2][38]_i_4_n_0. Replicated 1 times.
INFO: [Physopt 32-601] Processed net u_dut/u_unified_p4_kernel/product_q_reg[2][2]_i_1_n_0. Net driver u_dut/u_unified_p4_kernel/product_q_reg[2][2]_i_1 was replaced.
INFO: [Physopt 32-601] Processed net u_dut/u_unified_p4_kernel/product_q_reg[3][10]_i_1_n_0. Net driver u_dut/u_unified_p4_kernel/product_q_reg[3][10]_i_1 was replaced.
INFO: [Physopt 32-81] Processed net u_dut/u_unified_p4_kernel/product_q_reg[2][51]_i_11_n_0. Replicated 1 times.
INFO: [Physopt 32-81] Processed net u_dut/u_unified_p4_kernel_i_172_n_0. Replicated 1 times.
INFO: [Physopt 32-571] Net u_dut/u_unified_p4_kernel_i_383_n_0 was not replicated.
INFO: [Physopt 32-571] Net u_dut/u_unified_p4_kernel_i_364_n_0 was not replicated.
INFO: [Physopt 32-572] Net u_dut/u_unified_p4_kernel_i_275_n_0 was not replicated.
Resolution: phys_opt_design can be forced to replicate a net driver using the option -force_replication_on_nets <list of net objects>.
INFO: [Physopt 32-572] Net u_dut/kernel_h_rd_raw_group_q_reg_n_0_[0] was not replicated.
Resolution: phys_opt_design can be forced to replicate a net driver using the option -force_replication_on_nets <list of net objects>.
INFO: [Physopt 32-572] Net u_dut/u_unified_p4_kernel/product_q_reg[0][53]_i_1_n_0 was not replicated.
Resolution: phys_opt_design can be forced to replicate a net driver using the option -force_replication_on_nets <list of net objects>.
INFO: [Physopt 32-81] Processed net u_dut/u_unified_p4_kernel/issue_desc_bundle_addr_q[5]_i_3_n_0. Replicated 2 times.
INFO: [Physopt 32-571] Net u_dut/u_unified_p4_kernel/slot_bundle_base_q[1] was not replicated.
INFO: [Physopt 32-571] Net u_dut/u_unified_p4_kernel/issue_desc_bundle_addr_q[3]_i_2_n_0 was not replicated.
INFO: [Physopt 32-571] Net u_dut/u_unified_p4_kernel/ready_head_c[0] was not replicated.
INFO: [Physopt 32-571] Net u_dut/u_unified_p4_kernel/issue_emit_slot_c[0] was not replicated.
INFO: [Physopt 32-572] Net u_dut/u_unified_p4_kernel/product_q_reg[2][7]_i_1_n_0 was not replicated.
Resolution: phys_opt_design can be forced to replicate a net driver using the option -force_replication_on_nets <list of net objects>.
INFO: [Physopt 32-81] Processed net u_dut/output_index[11]_i_3_n_0. Replicated 2 times.
INFO: [Physopt 32-571] Net u_dut/output_index[5]_i_1_n_0 was not replicated.
INFO: [Physopt 32-601] Processed net u_dut/lfnst_grid[0][11]_i_3_n_0. Net driver u_dut/lfnst_grid[0][11]_i_3 was replaced.
INFO: [Physopt 32-572] Net u_dut/u_unified_p4_kernel/product_q_reg[2][43]_i_10_n_0 was not replicated.
Resolution: phys_opt_design can be forced to replicate a net driver using the option -force_replication_on_nets <list of net objects>.
INFO: [Physopt 32-232] Optimized 11 nets. Created 10 new instances.
INFO: [Physopt 32-775] End 1 Pass. Optimized 11 nets or cells. Created 10 new cells, deleted 0 existing cell and moved 0 existing cell
INFO: [Physopt 32-619] Estimated Timing Summary | WNS=-0.157 | TNS=-56.857 |
Netlist sorting complete. Time (s): cpu = 00:00:00 ; elapsed = 00:00:00.165 . Memory (MB): peak = 4669.859 ; gain = 0.000
Phase 7 Critical Cell Optimization | Checksum: 27e73fb0

Time (s): cpu = 00:03:19 ; elapsed = 00:01:43 . Memory (MB): peak = 4669.859 ; gain = 0.000

Phase 8 Fanout Optimization
INFO: [Physopt 32-76] Pass 1. Identified 2 candidate nets for fanout optimization.
INFO: [Physopt 32-572] Net u_dut/rd_cmd_addr_q_reg_n_0_[1][0][0] was not replicated.
Resolution: phys_opt_design can be forced to replicate a net driver using the option -force_replication_on_nets <list of net objects>.
INFO: [Physopt 32-572] Net u_dut/rd_cmd_addr_q_reg_n_0_[1][0][1] was not replicated.
Resolution: phys_opt_design can be forced to replicate a net driver using the option -force_replication_on_nets <list of net objects>.
INFO: [Physopt 32-232] Optimized 0 net. Created 0 new instance.
INFO: [Physopt 32-775] End 1 Pass. Optimized 0 net or cell. Created 0 new cell, deleted 0 existing cell and moved 0 existing cell
Netlist sorting complete. Time (s): cpu = 00:00:00 ; elapsed = 00:00:00.090 . Memory (MB): peak = 4669.859 ; gain = 0.000
Phase 8 Fanout Optimization | Checksum: 45dc994f

Time (s): cpu = 00:03:54 ; elapsed = 00:02:01 . Memory (MB): peak = 4669.859 ; gain = 0.000

Phase 9 Single Cell Placement Optimization
INFO: [Physopt 32-660] Identified 250 candidate nets for placement-based optimization.
INFO: [Physopt 32-663] Processed net u_dut/rd_cmd_addr_q_reg_n_0_[1][0][0].  Re-placed instance u_dut/rd_cmd_addr_q_reg[1][0][0]
INFO: [Physopt 32-662] Processed net u_dut/gen_input_slots[1].gen_input_banks[3].u_input_cache_bank/rd_valid.  Did not re-place instance u_dut/gen_input_slots[1].gen_input_banks[3].u_input_cache_bank/rd_valid_INST_0
INFO: [Physopt 32-662] Processed net u_dut/lfnst_mem_resp_valid_q0.  Did not re-place instance u_dut/lfnst_mem_resp_valid_q_i_2
INFO: [Physopt 32-662] Processed net u_dut/lfnst_mem_resp_valid_q_i_4_n_0.  Did not re-place instance u_dut/lfnst_mem_resp_valid_q_i_4
INFO: [Physopt 32-662] Processed net u_dut/lfnst_mem_resp_valid_q.  Did not re-place instance u_dut/lfnst_mem_resp_valid_q_reg
INFO: [Physopt 32-662] Processed net u_dut/gen_input_slots[1].gen_input_banks[1].u_input_cache_bank/rd_data[15]_INST_0_i_6_n_0.  Did not re-place instance u_dut/gen_input_slots[1].gen_input_banks[1].u_input_cache_bank/rd_data[15]_INST_0_i_6
INFO: [Physopt 32-662] Processed net u_dut/lfnst_mem_resp_data_q[15]_i_2_n_0.  Did not re-place instance u_dut/lfnst_mem_resp_data_q[15]_i_2
INFO: [Physopt 32-662] Processed net u_dut/lfnst_mem_resp_data_q[15].  Did not re-place instance u_dut/lfnst_mem_resp_data_q_reg[15]
INFO: [Physopt 32-662] Processed net u_dut/rd_cmd_addr_q_reg_n_0_[1][0][1].  Did not re-place instance u_dut/rd_cmd_addr_q_reg[1][0][1]
INFO: [Physopt 32-662] Processed net u_dut/gen_input_slots[1].gen_input_banks[0].u_input_cache_bank/rd_data[10]_INST_0_i_6_n_0.  Did not re-place instance u_dut/gen_input_slots[1].gen_input_banks[0].u_input_cache_bank/rd_data[10]_INST_0_i_6
INFO: [Physopt 32-662] Processed net u_dut/lfnst_mem_resp_data_q[10]_i_2_n_0.  Did not re-place instance u_dut/lfnst_mem_resp_data_q[10]_i_2
INFO: [Physopt 32-662] Processed net u_dut/lfnst_mem_resp_data_q[10].  Did not re-place instance u_dut/lfnst_mem_resp_data_q_reg[10]
INFO: [Physopt 32-662] Processed net u_dut/gen_input_slots[1].gen_input_banks[0].u_input_cache_bank/rd_data[7]_INST_0_i_3_n_0.  Did not re-place instance u_dut/gen_input_slots[1].gen_input_banks[0].u_input_cache_bank/rd_data[7]_INST_0_i_3
INFO: [Physopt 32-662] Processed net u_dut/lfnst_mem_resp_data_q[7]_i_2_n_0.  Did not re-place instance u_dut/lfnst_mem_resp_data_q[7]_i_2
INFO: [Physopt 32-662] Processed net u_dut/lfnst_mem_resp_data_q[7].  Did not re-place instance u_dut/lfnst_mem_resp_data_q_reg[7]
INFO: [Physopt 32-662] Processed net u_dut/gen_input_slots[1].gen_input_banks[0].u_input_cache_bank/rd_data[7]_INST_0_i_4_n_0.  Did not re-place instance u_dut/gen_input_slots[1].gen_input_banks[0].u_input_cache_bank/rd_data[7]_INST_0_i_4
INFO: [Physopt 32-662] Processed net u_dut/gen_input_slots[1].gen_input_banks[3].u_input_cache_bank/rd_data[14]_INST_0_i_5_n_0.  Did not re-place instance u_dut/gen_input_slots[1].gen_input_banks[3].u_input_cache_bank/rd_data[14]_INST_0_i_5
INFO: [Physopt 32-662] Processed net u_dut/lfnst_mem_resp_data_q[14]_i_3_n_0.  Did not re-place instance u_dut/lfnst_mem_resp_data_q[14]_i_3
INFO: [Physopt 32-662] Processed net u_dut/lfnst_mem_resp_data_q[14].  Did not re-place instance u_dut/lfnst_mem_resp_data_q_reg[14]
INFO: [Physopt 32-662] Processed net u_dut/gen_input_slots[1].gen_input_banks[0].u_input_cache_bank/rd_data[10]_INST_0_i_4_n_0.  Did not re-place instance u_dut/gen_input_slots[1].gen_input_banks[0].u_input_cache_bank/rd_data[10]_INST_0_i_4
INFO: [Physopt 32-662] Processed net u_dut/gen_input_slots[1].gen_input_banks[1].u_input_cache_bank/rd_data[0]_INST_0_i_6_n_0.  Did not re-place instance u_dut/gen_input_slots[1].gen_input_banks[1].u_input_cache_bank/rd_data[0]_INST_0_i_6
INFO: [Physopt 32-662] Processed net u_dut/lfnst_mem_resp_data_q[0]_i_2_n_0.  Did not re-place instance u_dut/lfnst_mem_resp_data_q[0]_i_2
INFO: [Physopt 32-662] Processed net u_dut/lfnst_mem_resp_data_q[0].  Did not re-place instance u_dut/lfnst_mem_resp_data_q_reg[0]
INFO: [Physopt 32-662] Processed net u_dut/gen_input_slots[1].gen_input_banks[0].u_input_cache_bank/rd_data[11]_INST_0_i_3_n_0.  Did not re-place instance u_dut/gen_input_slots[1].gen_input_banks[0].u_input_cache_bank/rd_data[11]_INST_0_i_3
INFO: [Physopt 32-662] Processed net u_dut/lfnst_mem_resp_data_q[11]_i_2_n_0.  Did not re-place instance u_dut/lfnst_mem_resp_data_q[11]_i_2
INFO: [Physopt 32-662] Processed net u_dut/lfnst_mem_resp_data_q[11].  Did not re-place instance u_dut/lfnst_mem_resp_data_q_reg[11]
INFO: [Physopt 32-662] Processed net u_dut/gen_input_slots[1].gen_input_banks[0].u_input_cache_bank/rd_data[11]_INST_0_i_5_n_0.  Did not re-place instance u_dut/gen_input_slots[1].gen_input_banks[0].u_input_cache_bank/rd_data[11]_INST_0_i_5
INFO: [Physopt 32-662] Processed net u_dut/gen_input_slots[1].gen_input_banks[0].u_input_cache_bank/rd_data[7]_INST_0_i_6_n_0.  Did not re-place instance u_dut/gen_input_slots[1].gen_input_banks[0].u_input_cache_bank/rd_data[7]_INST_0_i_6
INFO: [Physopt 32-662] Processed net u_dut/gen_input_slots[1].gen_input_banks[2].u_input_cache_bank/rd_data[15]_INST_0_i_5_n_0.  Did not re-place instance u_dut/gen_input_slots[1].gen_input_banks[2].u_input_cache_bank/rd_data[15]_INST_0_i_5
INFO: [Physopt 32-662] Processed net u_dut/lfnst_mem_resp_data_q[15]_i_3_n_0.  Did not re-place instance u_dut/lfnst_mem_resp_data_q[15]_i_3
INFO: [Physopt 32-662] Processed net u_dut/rd_cmd_addr_q_reg_n_0_[1][0][2].  Did not re-place instance u_dut/rd_cmd_addr_q_reg[1][0][2]
INFO: [Physopt 32-662] Processed net u_dut/gen_input_slots[1].gen_input_banks[1].u_input_cache_bank/rd_data[14]_INST_0_i_3_n_0.  Did not re-place instance u_dut/gen_input_slots[1].gen_input_banks[1].u_input_cache_bank/rd_data[14]_INST_0_i_3
INFO: [Physopt 32-662] Processed net u_dut/gen_input_slots[1].gen_input_banks[1].u_input_cache_bank/rd_data[14]_INST_0_i_6_n_0.  Did not re-place instance u_dut/gen_input_slots[1].gen_input_banks[1].u_input_cache_bank/rd_data[14]_INST_0_i_6
INFO: [Physopt 32-662] Processed net u_dut/lfnst_mem_resp_data_q[14]_i_2_n_0.  Did not re-place instance u_dut/lfnst_mem_resp_data_q[14]_i_2
INFO: [Physopt 32-662] Processed net u_dut/gen_input_slots[1].gen_input_banks[1].u_input_cache_bank/rd_data[7]_INST_0_i_4_n_0.  Did not re-place instance u_dut/gen_input_slots[1].gen_input_banks[1].u_input_cache_bank/rd_data[7]_INST_0_i_4
INFO: [Physopt 32-663] Processed net u_dut/rd_cmd_addr_q_reg_n_0_[0][0][0]_repN_3.  Re-placed instance u_dut/rd_cmd_addr_q_reg[0][0][0]_replica_3
INFO: [Physopt 32-662] Processed net u_dut/gen_input_slots[0].gen_input_banks[0].u_input_cache_bank/rd_data[14]_INST_0_i_4_n_0.  Did not re-place instance u_dut/gen_input_slots[0].gen_input_banks[0].u_input_cache_bank/rd_data[14]_INST_0_i_4
INFO: [Physopt 32-662] Processed net u_dut/gen_input_slots[1].gen_input_banks[0].u_input_cache_bank/rd_data[8]_INST_0_i_6_n_0.  Did not re-place instance u_dut/gen_input_slots[1].gen_input_banks[0].u_input_cache_bank/rd_data[8]_INST_0_i_6
INFO: [Physopt 32-662] Processed net u_dut/lfnst_mem_resp_data_q[8]_i_2_n_0.  Did not re-place instance u_dut/lfnst_mem_resp_data_q[8]_i_2
INFO: [Physopt 32-662] Processed net u_dut/lfnst_mem_resp_data_q[8].  Did not re-place instance u_dut/lfnst_mem_resp_data_q_reg[8]
INFO: [Physopt 32-662] Processed net u_dut/rd_cmd_addr_q_reg_n_0_[1][0][3].  Did not re-place instance u_dut/rd_cmd_addr_q_reg[1][0][3]
INFO: [Physopt 32-662] Processed net u_dut/gen_input_slots[1].gen_input_banks[3].u_input_cache_bank/rd_data[11]_INST_0_i_6_n_0.  Did not re-place instance u_dut/gen_input_slots[1].gen_input_banks[3].u_input_cache_bank/rd_data[11]_INST_0_i_6
INFO: [Physopt 32-662] Processed net u_dut/lfnst_mem_resp_data_q[11]_i_3_n_0.  Did not re-place instance u_dut/lfnst_mem_resp_data_q[11]_i_3
INFO: [Physopt 32-662] Processed net u_dut/gen_input_slots[1].gen_input_banks[0].u_input_cache_bank/rd_data[12]_INST_0_i_6_n_0.  Did not re-place instance u_dut/gen_input_slots[1].gen_input_banks[0].u_input_cache_bank/rd_data[12]_INST_0_i_6
INFO: [Physopt 32-662] Processed net u_dut/lfnst_mem_resp_data_q[12]_i_2_n_0.  Did not re-place instance u_dut/lfnst_mem_resp_data_q[12]_i_2
INFO: [Physopt 32-662] Processed net u_dut/lfnst_mem_resp_data_q[12].  Did not re-place instance u_dut/lfnst_mem_resp_data_q_reg[12]
INFO: [Physopt 32-662] Processed net u_dut/gen_input_slots[0].gen_input_banks[3].u_input_cache_bank/rd_data[6]_INST_0_i_3_n_0.  Did not re-place instance u_dut/gen_input_slots[0].gen_input_banks[3].u_input_cache_bank/rd_data[6]_INST_0_i_3
INFO: [Physopt 32-662] Processed net u_dut/lfnst_mem_resp_data_q[6]_i_3_n_0.  Did not re-place instance u_dut/lfnst_mem_resp_data_q[6]_i_3
INFO: [Physopt 32-662] Processed net u_dut/lfnst_mem_resp_data_q[6].  Did not re-place instance u_dut/lfnst_mem_resp_data_q_reg[6]
INFO: [Physopt 32-662] Processed net u_dut/gen_input_slots[0].gen_input_banks[3].u_input_cache_bank/rd_data[1]_INST_0_i_4_n_0.  Did not re-place instance u_dut/gen_input_slots[0].gen_input_banks[3].u_input_cache_bank/rd_data[1]_INST_0_i_4
INFO: [Physopt 32-662] Processed net u_dut/gen_input_slots[1].gen_input_banks[1].u_input_cache_bank/rd_data[8]_INST_0_i_4_n_0.  Did not re-place instance u_dut/gen_input_slots[1].gen_input_banks[1].u_input_cache_bank/rd_data[8]_INST_0_i_4
INFO: [Physopt 32-662] Processed net u_dut/lfnst_mem_resp_data_q[1]_i_3_n_0.  Did not re-place instance u_dut/lfnst_mem_resp_data_q[1]_i_3
INFO: [Physopt 32-662] Processed net u_dut/lfnst_mem_resp_data_q[1].  Did not re-place instance u_dut/lfnst_mem_resp_data_q_reg[1]
INFO: [Physopt 32-662] Processed net u_dut/gen_input_slots[1].gen_input_banks[0].u_input_cache_bank/rd_data[11]_INST_0_i_6_n_0.  Did not re-place instance u_dut/gen_input_slots[1].gen_input_banks[0].u_input_cache_bank/rd_data[11]_INST_0_i_6
INFO: [Physopt 32-662] Processed net u_dut/gen_input_slots[0].gen_input_banks[0].u_input_cache_bank/rd_data[14]_INST_0_i_3_n_0.  Did not re-place instance u_dut/gen_input_slots[0].gen_input_banks[0].u_input_cache_bank/rd_data[14]_INST_0_i_3
INFO: [Physopt 32-662] Processed net u_dut/gen_input_slots[1].gen_input_banks[1].u_input_cache_bank/rd_data[7]_INST_0_i_6_n_0.  Did not re-place instance u_dut/gen_input_slots[1].gen_input_banks[1].u_input_cache_bank/rd_data[7]_INST_0_i_6
INFO: [Physopt 32-662] Processed net u_dut/gen_input_slots[1].gen_input_banks[1].u_input_cache_bank/rd_data[1]_INST_0_i_3_n_0.  Did not re-place instance u_dut/gen_input_slots[1].gen_input_banks[1].u_input_cache_bank/rd_data[1]_INST_0_i_3
INFO: [Physopt 32-662] Processed net u_dut/gen_input_slots[1].gen_input_banks[1].u_input_cache_bank/rd_data[5]_INST_0_i_6_n_0.  Did not re-place instance u_dut/gen_input_slots[1].gen_input_banks[1].u_input_cache_bank/rd_data[5]_INST_0_i_6
INFO: [Physopt 32-662] Processed net u_dut/lfnst_mem_resp_data_q[1]_i_2_n_0.  Did not re-place instance u_dut/lfnst_mem_resp_data_q[1]_i_2
INFO: [Physopt 32-662] Processed net u_dut/lfnst_mem_resp_data_q[5]_i_2_n_0.  Did not re-place instance u_dut/lfnst_mem_resp_data_q[5]_i_2
INFO: [Physopt 32-662] Processed net u_dut/lfnst_mem_resp_data_q[5].  Did not re-place instance u_dut/lfnst_mem_resp_data_q_reg[5]
INFO: [Physopt 32-662] Processed net u_dut/gen_input_slots[1].gen_input_banks[0].u_input_cache_bank/rd_data[15]_INST_0_i_5_n_0.  Did not re-place instance u_dut/gen_input_slots[1].gen_input_banks[0].u_input_cache_bank/rd_data[15]_INST_0_i_5
INFO: [Physopt 32-662] Processed net u_dut/gen_input_slots[1].gen_input_banks[0].u_input_cache_bank/rd_data[7]_INST_0_i_5_n_0.  Did not re-place instance u_dut/gen_input_slots[1].gen_input_banks[0].u_input_cache_bank/rd_data[7]_INST_0_i_5
INFO: [Physopt 32-662] Processed net u_dut/gen_input_slots[1].gen_input_banks[1].u_input_cache_bank/rd_data[8]_INST_0_i_3_n_0.  Did not re-place instance u_dut/gen_input_slots[1].gen_input_banks[1].u_input_cache_bank/rd_data[8]_INST_0_i_3
INFO: [Physopt 32-662] Processed net u_dut/gen_input_slots[1].gen_input_banks[0].u_input_cache_bank/rd_data[10]_INST_0_i_3_n_0.  Did not re-place instance u_dut/gen_input_slots[1].gen_input_banks[0].u_input_cache_bank/rd_data[10]_INST_0_i_3
INFO: [Physopt 32-662] Processed net u_dut/gen_input_slots[1].gen_input_banks[1].u_input_cache_bank/rd_data[15]_INST_0_i_4_n_0.  Did not re-place instance u_dut/gen_input_slots[1].gen_input_banks[1].u_input_cache_bank/rd_data[15]_INST_0_i_4
INFO: [Physopt 32-662] Processed net u_dut/gen_input_slots[1].gen_input_banks[3].u_input_cache_bank/rd_data[12]_INST_0_i_6_n_0.  Did not re-place instance u_dut/gen_input_slots[1].gen_input_banks[3].u_input_cache_bank/rd_data[12]_INST_0_i_6
INFO: [Physopt 32-662] Processed net u_dut/lfnst_mem_resp_data_q[12]_i_3_n_0.  Did not re-place instance u_dut/lfnst_mem_resp_data_q[12]_i_3
INFO: [Physopt 32-662] Processed net u_dut/gen_input_slots[1].gen_input_banks[0].u_input_cache_bank/rd_data[10]_INST_0_i_5_n_0.  Did not re-place instance u_dut/gen_input_slots[1].gen_input_banks[0].u_input_cache_bank/rd_data[10]_INST_0_i_5
INFO: [Physopt 32-662] Processed net u_dut/gen_input_slots[1].gen_input_banks[0].u_input_cache_bank/rd_data[14]_INST_0_i_5_n_0.  Did not re-place instance u_dut/gen_input_slots[1].gen_input_banks[0].u_input_cache_bank/rd_data[14]_INST_0_i_5
INFO: [Physopt 32-662] Processed net u_dut/gen_input_slots[1].gen_input_banks[1].u_input_cache_bank/rd_data[0]_INST_0_i_3_n_0.  Did not re-place instance u_dut/gen_input_slots[1].gen_input_banks[1].u_input_cache_bank/rd_data[0]_INST_0_i_3
INFO: [Physopt 32-662] Processed net u_dut/gen_input_slots[1].gen_input_banks[1].u_input_cache_bank/rd_data[10]_INST_0_i_3_n_0.  Did not re-place instance u_dut/gen_input_slots[1].gen_input_banks[1].u_input_cache_bank/rd_data[10]_INST_0_i_3
INFO: [Physopt 32-662] Processed net u_dut/gen_input_slots[0].gen_input_banks[3].u_input_cache_bank/rd_data[1]_INST_0_i_3_n_0.  Did not re-place instance u_dut/gen_input_slots[0].gen_input_banks[3].u_input_cache_bank/rd_data[1]_INST_0_i_3
INFO: [Physopt 32-662] Processed net u_dut/gen_input_slots[1].gen_input_banks[1].u_input_cache_bank/rd_data[15]_INST_0_i_3_n_0.  Did not re-place instance u_dut/gen_input_slots[1].gen_input_banks[1].u_input_cache_bank/rd_data[15]_INST_0_i_3
INFO: [Physopt 32-662] Processed net u_dut/gen_input_slots[1].gen_input_banks[3].u_input_cache_bank/rd_data[14]_INST_0_i_3_n_0.  Did not re-place instance u_dut/gen_input_slots[1].gen_input_banks[3].u_input_cache_bank/rd_data[14]_INST_0_i_3
INFO: [Physopt 32-663] Processed net u_dut/rd_cmd_addr_q_reg_n_0_[0][0][1]_repN_3.  Re-placed instance u_dut/rd_cmd_addr_q_reg[0][0][1]_replica_3
INFO: [Physopt 32-662] Processed net u_dut/gen_input_slots[1].gen_input_banks[1].u_input_cache_bank/rd_data[5]_INST_0_i_3_n_0.  Did not re-place instance u_dut/gen_input_slots[1].gen_input_banks[1].u_input_cache_bank/rd_data[5]_INST_0_i_3
INFO: [Physopt 32-662] Processed net u_dut/gen_input_slots[1].gen_input_banks[3].u_input_cache_bank/rd_data[15]_INST_0_i_5_n_0.  Did not re-place instance u_dut/gen_input_slots[1].gen_input_banks[3].u_input_cache_bank/rd_data[15]_INST_0_i_5
INFO: [Physopt 32-662] Processed net u_dut/gen_input_slots[1].gen_input_banks[2].u_input_cache_bank/rd_data[14]_INST_0_i_5_n_0.  Did not re-place instance u_dut/gen_input_slots[1].gen_input_banks[2].u_input_cache_bank/rd_data[14]_INST_0_i_5
INFO: [Physopt 32-662] Processed net u_dut/gen_input_slots[1].gen_input_banks[1].u_input_cache_bank/rd_data[1]_INST_0_i_5_n_0.  Did not re-place instance u_dut/gen_input_slots[1].gen_input_banks[1].u_input_cache_bank/rd_data[1]_INST_0_i_5
INFO: [Physopt 32-662] Processed net u_dut/gen_input_slots[0].gen_input_banks[3].u_input_cache_bank/rd_data[6]_INST_0_i_5_n_0.  Did not re-place instance u_dut/gen_input_slots[0].gen_input_banks[3].u_input_cache_bank/rd_data[6]_INST_0_i_5
INFO: [Physopt 32-662] Processed net u_dut/gen_input_slots[1].gen_input_banks[2].u_input_cache_bank/rd_valid.  Did not re-place instance u_dut/gen_input_slots[1].gen_input_banks[2].u_input_cache_bank/rd_valid_INST_0
INFO: [Physopt 32-662] Processed net u_dut/gen_input_slots[1].gen_input_banks[1].u_input_cache_bank/rd_data[0]_INST_0_i_4_n_0.  Did not re-place instance u_dut/gen_input_slots[1].gen_input_banks[1].u_input_cache_bank/rd_data[0]_INST_0_i_4
INFO: [Physopt 32-662] Processed net u_dut/gen_input_slots[1].gen_input_banks[3].u_input_cache_bank/rd_data[8]_INST_0_i_4_n_0.  Did not re-place instance u_dut/gen_input_slots[1].gen_input_banks[3].u_input_cache_bank/rd_data[8]_INST_0_i_4
INFO: [Physopt 32-662] Processed net u_dut/lfnst_mem_resp_data_q[8]_i_3_n_0.  Did not re-place instance u_dut/lfnst_mem_resp_data_q[8]_i_3
INFO: [Physopt 32-662] Processed net u_dut/gen_input_slots[1].gen_input_banks[0].u_input_cache_bank/rd_data[15]_INST_0_i_6_n_0.  Did not re-place instance u_dut/gen_input_slots[1].gen_input_banks[0].u_input_cache_bank/rd_data[15]_INST_0_i_6
INFO: [Physopt 32-662] Processed net u_dut/gen_input_slots[1].gen_input_banks[0].u_input_cache_bank/rd_data[8]_INST_0_i_5_n_0.  Did not re-place instance u_dut/gen_input_slots[1].gen_input_banks[0].u_input_cache_bank/rd_data[8]_INST_0_i_5
INFO: [Physopt 32-662] Processed net u_dut/gen_input_slots[1].gen_input_banks[1].u_input_cache_bank/rd_data[3]_INST_0_i_3_n_0.  Did not re-place instance u_dut/gen_input_slots[1].gen_input_banks[1].u_input_cache_bank/rd_data[3]_INST_0_i_3
INFO: [Physopt 32-662] Processed net u_dut/lfnst_mem_resp_data_q[3]_i_2_n_0.  Did not re-place instance u_dut/lfnst_mem_resp_data_q[3]_i_2
INFO: [Physopt 32-662] Processed net u_dut/lfnst_mem_resp_data_q[3].  Did not re-place instance u_dut/lfnst_mem_resp_data_q_reg[3]
INFO: [Physopt 32-662] Processed net u_dut/gen_input_slots[0].gen_input_banks[3].u_input_cache_bank/rd_data[2]_INST_0_i_4_n_0.  Did not re-place instance u_dut/gen_input_slots[0].gen_input_banks[3].u_input_cache_bank/rd_data[2]_INST_0_i_4
INFO: [Physopt 32-662] Processed net u_dut/gen_input_slots[1].gen_input_banks[0].u_input_cache_bank/rd_data[8]_INST_0_i_3_n_0.  Did not re-place instance u_dut/gen_input_slots[1].gen_input_banks[0].u_input_cache_bank/rd_data[8]_INST_0_i_3
INFO: [Physopt 32-662] Processed net u_dut/lfnst_mem_resp_data_q[2]_i_3_n_0.  Did not re-place instance u_dut/lfnst_mem_resp_data_q[2]_i_3
INFO: [Physopt 32-662] Processed net u_dut/gen_input_slots[1].gen_input_banks[1].u_input_cache_bank/rd_data[2]_INST_0_i_6_n_0.  Did not re-place instance u_dut/gen_input_slots[1].gen_input_banks[1].u_input_cache_bank/rd_data[2]_INST_0_i_6
INFO: [Physopt 32-662] Processed net u_dut/gen_input_slots[1].gen_input_banks[1].u_input_cache_bank/rd_data[7]_INST_0_i_5_n_0.  Did not re-place instance u_dut/gen_input_slots[1].gen_input_banks[1].u_input_cache_bank/rd_data[7]_INST_0_i_5
INFO: [Physopt 32-662] Processed net u_dut/lfnst_mem_resp_data_q[2].  Did not re-place instance u_dut/lfnst_mem_resp_data_q_reg[2]
INFO: [Physopt 32-662] Processed net u_dut/lfnst_mem_resp_data_q[2]_i_2_n_0.  Did not re-place instance u_dut/lfnst_mem_resp_data_q[2]_i_2
INFO: [Physopt 32-662] Processed net u_dut/gen_input_slots[1].gen_input_banks[1].u_input_cache_bank/rd_data[10]_INST_0_i_5_n_0.  Did not re-place instance u_dut/gen_input_slots[1].gen_input_banks[1].u_input_cache_bank/rd_data[10]_INST_0_i_5
INFO: [Physopt 32-662] Processed net u_dut/gen_input_slots[1].gen_input_banks[1].u_input_cache_bank/rd_data[4]_INST_0_i_4_n_0.  Did not re-place instance u_dut/gen_input_slots[1].gen_input_banks[1].u_input_cache_bank/rd_data[4]_INST_0_i_4
INFO: [Physopt 32-662] Processed net u_dut/lfnst_mem_resp_data_q[4]_i_2_n_0.  Did not re-place instance u_dut/lfnst_mem_resp_data_q[4]_i_2
INFO: [Physopt 32-662] Processed net u_dut/lfnst_mem_resp_data_q[4].  Did not re-place instance u_dut/lfnst_mem_resp_data_q_reg[4]
INFO: [Physopt 32-662] Processed net u_dut/gen_input_slots[1].gen_input_banks[1].u_input_cache_bank/rd_data[4]_INST_0_i_3_n_0.  Did not re-place instance u_dut/gen_input_slots[1].gen_input_banks[1].u_input_cache_bank/rd_data[4]_INST_0_i_3
INFO: [Physopt 32-662] Processed net u_dut/gen_input_slots[0].gen_input_banks[3].u_input_cache_bank/rd_data[6]_INST_0_i_6_n_0.  Did not re-place instance u_dut/gen_input_slots[0].gen_input_banks[3].u_input_cache_bank/rd_data[6]_INST_0_i_6
INFO: [Physopt 32-662] Processed net u_dut/gen_input_slots[1].gen_input_banks[1].u_input_cache_bank/rd_data[4]_INST_0_i_6_n_0.  Did not re-place instance u_dut/gen_input_slots[1].gen_input_banks[1].u_input_cache_bank/rd_data[4]_INST_0_i_6
INFO: [Physopt 32-662] Processed net u_dut/gen_input_slots[1].gen_input_banks[3].u_input_cache_bank/rd_data[4]_INST_0_i_6_n_0.  Did not re-place instance u_dut/gen_input_slots[1].gen_input_banks[3].u_input_cache_bank/rd_data[4]_INST_0_i_6
INFO: [Physopt 32-662] Processed net u_dut/kernel_rd_raw_data_q[7]_i_1_n_0.  Did not re-place instance u_dut/kernel_rd_raw_data_q[7]_i_1
INFO: [Physopt 32-662] Processed net u_dut/lfnst_mem_resp_data_q[4]_i_3_n_0.  Did not re-place instance u_dut/lfnst_mem_resp_data_q[4]_i_3
INFO: [Physopt 32-662] Processed net u_dut/kernel_rd_raw_data_q_reg_n_0_[7].  Did not re-place instance u_dut/kernel_rd_raw_data_q_reg[7]
INFO: [Physopt 32-662] Processed net u_dut/gen_input_slots[1].gen_input_banks[0].u_input_cache_bank/rd_data[8]_INST_0_i_4_n_0.  Did not re-place instance u_dut/gen_input_slots[1].gen_input_banks[0].u_input_cache_bank/rd_data[8]_INST_0_i_4
INFO: [Physopt 32-662] Processed net u_dut/gen_input_slots[1].gen_input_banks[1].u_input_cache_bank/rd_data[1]_INST_0_i_6_n_0.  Did not re-place instance u_dut/gen_input_slots[1].gen_input_banks[1].u_input_cache_bank/rd_data[1]_INST_0_i_6
INFO: [Physopt 32-662] Processed net u_dut/gen_input_slots[1].gen_input_banks[1].u_input_cache_bank/rd_data[7]_INST_0_i_3_n_0.  Did not re-place instance u_dut/gen_input_slots[1].gen_input_banks[1].u_input_cache_bank/rd_data[7]_INST_0_i_3
INFO: [Physopt 32-662] Processed net u_dut/gen_input_slots[1].gen_input_banks[3].u_input_cache_bank/rd_data[8]_INST_0_i_5_n_0.  Did not re-place instance u_dut/gen_input_slots[1].gen_input_banks[3].u_input_cache_bank/rd_data[8]_INST_0_i_5
INFO: [Physopt 32-662] Processed net u_dut/gen_input_slots[0].gen_input_banks[3].u_input_cache_bank/rd_data[1]_INST_0_i_6_n_0.  Did not re-place instance u_dut/gen_input_slots[0].gen_input_banks[3].u_input_cache_bank/rd_data[1]_INST_0_i_6
INFO: [Physopt 32-662] Processed net u_dut/gen_input_slots[1].gen_input_banks[1].u_input_cache_bank/rd_data[14]_INST_0_i_4_n_0.  Did not re-place instance u_dut/gen_input_slots[1].gen_input_banks[1].u_input_cache_bank/rd_data[14]_INST_0_i_4
INFO: [Physopt 32-662] Processed net u_dut/gen_input_slots[1].gen_input_banks[0].u_input_cache_bank/rd_data[12]_INST_0_i_3_n_0.  Did not re-place instance u_dut/gen_input_slots[1].gen_input_banks[0].u_input_cache_bank/rd_data[12]_INST_0_i_3
INFO: [Physopt 32-662] Processed net u_dut/gen_input_slots[1].gen_input_banks[1].u_input_cache_bank/rd_data[1]_INST_0_i_4_n_0.  Did not re-place instance u_dut/gen_input_slots[1].gen_input_banks[1].u_input_cache_bank/rd_data[1]_INST_0_i_4
INFO: [Physopt 32-662] Processed net u_dut/gen_input_slots[1].gen_input_banks[1].u_input_cache_bank/rd_data[3]_INST_0_i_5_n_0.  Did not re-place instance u_dut/gen_input_slots[1].gen_input_banks[1].u_input_cache_bank/rd_data[3]_INST_0_i_5
INFO: [Physopt 32-662] Processed net u_dut/gen_input_slots[1].gen_input_banks[0].u_input_cache_bank/rd_data[12]_INST_0_i_4_n_0.  Did not re-place instance u_dut/gen_input_slots[1].gen_input_banks[0].u_input_cache_bank/rd_data[12]_INST_0_i_4
INFO: [Physopt 32-662] Processed net u_dut/gen_input_slots[0].gen_input_banks[3].u_input_cache_bank/rd_data[0]_INST_0_i_3_n_0.  Did not re-place instance u_dut/gen_input_slots[0].gen_input_banks[3].u_input_cache_bank/rd_data[0]_INST_0_i_3
INFO: [Physopt 32-662] Processed net u_dut/gen_input_slots[1].gen_input_banks[1].u_input_cache_bank/rd_data[13]_INST_0_i_6_n_0.  Did not re-place instance u_dut/gen_input_slots[1].gen_input_banks[1].u_input_cache_bank/rd_data[13]_INST_0_i_6
INFO: [Physopt 32-662] Processed net u_dut/lfnst_mem_resp_data_q[0]_i_3_n_0.  Did not re-place instance u_dut/lfnst_mem_resp_data_q[0]_i_3
INFO: [Physopt 32-662] Processed net u_dut/gen_input_slots[1].gen_input_banks[3].u_input_cache_bank/rd_data[8]_INST_0_i_3_n_0.  Did not re-place instance u_dut/gen_input_slots[1].gen_input_banks[3].u_input_cache_bank/rd_data[8]_INST_0_i_3
INFO: [Physopt 32-662] Processed net u_dut/gen_input_slots[1].gen_input_banks[3].u_input_cache_bank/rd_data[8]_INST_0_i_6_n_0.  Did not re-place instance u_dut/gen_input_slots[1].gen_input_banks[3].u_input_cache_bank/rd_data[8]_INST_0_i_6
INFO: [Physopt 32-662] Processed net u_dut/lfnst_mem_resp_data_q[13]_i_2_n_0.  Did not re-place instance u_dut/lfnst_mem_resp_data_q[13]_i_2
INFO: [Physopt 32-662] Processed net u_dut/lfnst_mem_resp_data_q[13].  Did not re-place instance u_dut/lfnst_mem_resp_data_q_reg[13]
INFO: [Physopt 32-662] Processed net u_dut/gen_input_slots[1].gen_input_banks[1].u_input_cache_bank/rd_data[6]_INST_0_i_6_n_0.  Did not re-place instance u_dut/gen_input_slots[1].gen_input_banks[1].u_input_cache_bank/rd_data[6]_INST_0_i_6
INFO: [Physopt 32-662] Processed net u_dut/lfnst_mem_resp_data_q[6]_i_2_n_0.  Did not re-place instance u_dut/lfnst_mem_resp_data_q[6]_i_2
INFO: [Physopt 32-662] Processed net u_dut/gen_input_slots[1].gen_input_banks[1].u_input_cache_bank/rd_data[10]_INST_0_i_4_n_0.  Did not re-place instance u_dut/gen_input_slots[1].gen_input_banks[1].u_input_cache_bank/rd_data[10]_INST_0_i_4
INFO: [Physopt 32-662] Processed net u_dut/gen_input_slots[1].gen_input_banks[1].u_input_cache_bank/rd_data[8]_INST_0_i_5_n_0.  Did not re-place instance u_dut/gen_input_slots[1].gen_input_banks[1].u_input_cache_bank/rd_data[8]_INST_0_i_5
INFO: [Physopt 32-662] Processed net u_dut/gen_input_slots[1].gen_input_banks[3].u_input_cache_bank/rd_data[10]_INST_0_i_6_n_0.  Did not re-place instance u_dut/gen_input_slots[1].gen_input_banks[3].u_input_cache_bank/rd_data[10]_INST_0_i_6
INFO: [Physopt 32-662] Processed net u_dut/lfnst_mem_resp_data_q[10]_i_3_n_0.  Did not re-place instance u_dut/lfnst_mem_resp_data_q[10]_i_3
INFO: [Physopt 32-662] Processed net u_dut/gen_input_slots[0].gen_input_banks[0].u_input_cache_bank/rd_data[13]_INST_0_i_4_n_0.  Did not re-place instance u_dut/gen_input_slots[0].gen_input_banks[0].u_input_cache_bank/rd_data[13]_INST_0_i_4
INFO: [Physopt 32-663] Processed net u_dut/rd_cmd_addr_q_reg_n_0_[0][0][0]_repN_5.  Re-placed instance u_dut/rd_cmd_addr_q_reg[0][0][0]_replica_5
INFO: [Physopt 32-662] Processed net u_dut/gen_input_slots[1].gen_input_banks[1].u_input_cache_bank/rd_data[5]_INST_0_i_5_n_0.  Did not re-place instance u_dut/gen_input_slots[1].gen_input_banks[1].u_input_cache_bank/rd_data[5]_INST_0_i_5
INFO: [Physopt 32-662] Processed net u_dut/gen_input_slots[1].gen_input_banks[1].u_input_cache_bank/rd_data[3]_INST_0_i_6_n_0.  Did not re-place instance u_dut/gen_input_slots[1].gen_input_banks[1].u_input_cache_bank/rd_data[3]_INST_0_i_6
INFO: [Physopt 32-662] Processed net u_dut/gen_input_slots[1].gen_input_banks[3].u_input_cache_bank/rd_data[5]_INST_0_i_4_n_0.  Did not re-place instance u_dut/gen_input_slots[1].gen_input_banks[3].u_input_cache_bank/rd_data[5]_INST_0_i_4
INFO: [Physopt 32-662] Processed net u_dut/lfnst_mem_resp_data_q[5]_i_3_n_0.  Did not re-place instance u_dut/lfnst_mem_resp_data_q[5]_i_3
INFO: [Physopt 32-663] Processed net u_dut/rd_cmd_addr_q_reg_n_0_[0][0][0]_repN.  Re-placed instance u_dut/rd_cmd_addr_q_reg[0][0][0]_replica
INFO: [Physopt 32-662] Processed net u_dut/gen_input_slots[0].gen_input_banks[2].u_input_cache_bank/rd_data[15]_INST_0_i_6_n_0.  Did not re-place instance u_dut/gen_input_slots[0].gen_input_banks[2].u_input_cache_bank/rd_data[15]_INST_0_i_6
INFO: [Physopt 32-662] Processed net u_dut/gen_input_slots[1].gen_input_banks[1].u_input_cache_bank/rd_data[6]_INST_0_i_3_n_0.  Did not re-place instance u_dut/gen_input_slots[1].gen_input_banks[1].u_input_cache_bank/rd_data[6]_INST_0_i_3
INFO: [Physopt 32-662] Processed net u_dut/kernel_rd_raw_data_q[47]_i_1_n_0.  Did not re-place instance u_dut/kernel_rd_raw_data_q[47]_i_1
INFO: [Physopt 32-662] Processed net u_dut/kernel_rd_raw_data_q_reg_n_0_[47].  Did not re-place instance u_dut/kernel_rd_raw_data_q_reg[47]
INFO: [Physopt 32-662] Processed net u_dut/gen_input_slots[1].gen_input_banks[0].u_input_cache_bank/rd_data[14]_INST_0_i_4_n_0.  Did not re-place instance u_dut/gen_input_slots[1].gen_input_banks[0].u_input_cache_bank/rd_data[14]_INST_0_i_4
INFO: [Physopt 32-662] Processed net u_dut/gen_input_slots[1].gen_input_banks[0].u_input_cache_bank/rd_data[14]_INST_0_i_3_n_0.  Did not re-place instance u_dut/gen_input_slots[1].gen_input_banks[0].u_input_cache_bank/rd_data[14]_INST_0_i_3
INFO: [Physopt 32-662] Processed net u_dut/gen_input_slots[1].gen_input_banks[3].u_input_cache_bank/rd_data[4]_INST_0_i_3_n_0.  Did not re-place instance u_dut/gen_input_slots[1].gen_input_banks[3].u_input_cache_bank/rd_data[4]_INST_0_i_3
INFO: [Physopt 32-662] Processed net u_dut/gen_input_slots[1].gen_input_banks[3].u_input_cache_bank/rd_data[10]_INST_0_i_5_n_0.  Did not re-place instance u_dut/gen_input_slots[1].gen_input_banks[3].u_input_cache_bank/rd_data[10]_INST_0_i_5
INFO: [Physopt 32-662] Processed net u_dut/gen_input_slots[1].gen_input_banks[3].u_input_cache_bank/rd_data[14]_INST_0_i_4_n_0.  Did not re-place instance u_dut/gen_input_slots[1].gen_input_banks[3].u_input_cache_bank/rd_data[14]_INST_0_i_4
INFO: [Physopt 32-662] Processed net u_dut/gen_input_slots[1].gen_input_banks[1].u_input_cache_bank/rd_data[2]_INST_0_i_3_n_0.  Did not re-place instance u_dut/gen_input_slots[1].gen_input_banks[1].u_input_cache_bank/rd_data[2]_INST_0_i_3
INFO: [Physopt 32-662] Processed net u_dut/gen_input_slots[1].gen_input_banks[2].u_input_cache_bank/rd_data[15]_INST_0_i_4_n_0.  Did not re-place instance u_dut/gen_input_slots[1].gen_input_banks[2].u_input_cache_bank/rd_data[15]_INST_0_i_4
INFO: [Physopt 32-663] Processed net u_dut/rd_cmd_addr_q_reg_n_0_[0][0][0]_repN_2.  Re-placed instance u_dut/rd_cmd_addr_q_reg[0][0][0]_replica_2
INFO: [Physopt 32-662] Processed net u_dut/gen_input_slots[0].gen_input_banks[3].u_input_cache_bank/rd_data[10]_INST_0_i_4_n_0.  Did not re-place instance u_dut/gen_input_slots[0].gen_input_banks[3].u_input_cache_bank/rd_data[10]_INST_0_i_4
INFO: [Physopt 32-662] Processed net u_dut/gen_input_slots[0].gen_input_banks[3].u_input_cache_bank/rd_data[1]_INST_0_i_5_n_0.  Did not re-place instance u_dut/gen_input_slots[0].gen_input_banks[3].u_input_cache_bank/rd_data[1]_INST_0_i_5
INFO: [Physopt 32-662] Processed net u_dut/gen_input_slots[1].gen_input_banks[1].u_input_cache_bank/rd_data[4]_INST_0_i_5_n_0.  Did not re-place instance u_dut/gen_input_slots[1].gen_input_banks[1].u_input_cache_bank/rd_data[4]_INST_0_i_5
INFO: [Physopt 32-662] Processed net u_dut/gen_input_slots[0].gen_input_banks[3].u_input_cache_bank/rd_data[2]_INST_0_i_3_n_0.  Did not re-place instance u_dut/gen_input_slots[0].gen_input_banks[3].u_input_cache_bank/rd_data[2]_INST_0_i_3
INFO: [Physopt 32-662] Processed net u_dut/gen_input_slots[0].gen_input_banks[3].u_input_cache_bank/rd_data[3]_INST_0_i_3_n_0.  Did not re-place instance u_dut/gen_input_slots[0].gen_input_banks[3].u_input_cache_bank/rd_data[3]_INST_0_i_3
INFO: [Physopt 32-662] Processed net u_dut/lfnst_mem_resp_data_q[3]_i_3_n_0.  Did not re-place instance u_dut/lfnst_mem_resp_data_q[3]_i_3
INFO: [Physopt 32-663] Processed net u_dut/rd_cmd_addr_q_reg_n_0_[0][0][2]_repN_3.  Re-placed instance u_dut/rd_cmd_addr_q_reg[0][0][2]_replica_3
INFO: [Physopt 32-662] Processed net u_dut/kernel_rd_raw_data_q[26]_i_1_n_0.  Did not re-place instance u_dut/kernel_rd_raw_data_q[26]_i_1
INFO: [Physopt 32-662] Processed net u_dut/kernel_rd_raw_data_q_reg_n_0_[26].  Did not re-place instance u_dut/kernel_rd_raw_data_q_reg[26]
INFO: [Physopt 32-662] Processed net u_dut/gen_input_slots[1].gen_input_banks[3].u_input_cache_bank/rd_data[13]_INST_0_i_5_n_0.  Did not re-place instance u_dut/gen_input_slots[1].gen_input_banks[3].u_input_cache_bank/rd_data[13]_INST_0_i_5
INFO: [Physopt 32-662] Processed net u_dut/lfnst_mem_resp_data_q[13]_i_3_n_0.  Did not re-place instance u_dut/lfnst_mem_resp_data_q[13]_i_3
INFO: [Physopt 32-662] Processed net u_dut/gen_input_slots[1].gen_input_banks[1].u_input_cache_bank/rd_data[8]_INST_0_i_6_n_0.  Did not re-place instance u_dut/gen_input_slots[1].gen_input_banks[1].u_input_cache_bank/rd_data[8]_INST_0_i_6
INFO: [Physopt 32-662] Processed net u_dut/kernel_rd_raw_data_q[31]_i_1_n_0.  Did not re-place instance u_dut/kernel_rd_raw_data_q[31]_i_1
INFO: [Physopt 32-662] Processed net u_dut/kernel_rd_raw_data_q_reg_n_0_[31].  Did not re-place instance u_dut/kernel_rd_raw_data_q_reg[31]
INFO: [Physopt 32-663] Processed net u_dut/rd_cmd_addr_q_reg_n_0_[0][0][1]_repN.  Re-placed instance u_dut/rd_cmd_addr_q_reg[0][0][1]_replica
INFO: [Physopt 32-662] Processed net u_dut/gen_input_slots[1].gen_input_banks[0].u_input_cache_bank/rd_data[15]_INST_0_i_3_n_0.  Did not re-place instance u_dut/gen_input_slots[1].gen_input_banks[0].u_input_cache_bank/rd_data[15]_INST_0_i_3
INFO: [Physopt 32-662] Processed net u_dut/gen_input_slots[0].gen_input_banks[2].u_input_cache_bank/rd_data[3]_INST_0_i_4_n_0.  Did not re-place instance u_dut/gen_input_slots[0].gen_input_banks[2].u_input_cache_bank/rd_data[3]_INST_0_i_4
INFO: [Physopt 32-662] Processed net u_dut/gen_input_slots[1].gen_input_banks[0].u_input_cache_bank/rd_data[11]_INST_0_i_4_n_0.  Did not re-place instance u_dut/gen_input_slots[1].gen_input_banks[0].u_input_cache_bank/rd_data[11]_INST_0_i_4
INFO: [Physopt 32-662] Processed net u_dut/gen_input_slots[1].gen_input_banks[1].u_input_cache_bank/rd_data[0]_INST_0_i_5_n_0.  Did not re-place instance u_dut/gen_input_slots[1].gen_input_banks[1].u_input_cache_bank/rd_data[0]_INST_0_i_5
INFO: [Physopt 32-662] Processed net u_dut/gen_input_slots[1].gen_input_banks[1].u_input_cache_bank/rd_data[11]_INST_0_i_6_n_0.  Did not re-place instance u_dut/gen_input_slots[1].gen_input_banks[1].u_input_cache_bank/rd_data[11]_INST_0_i_6
INFO: [Physopt 32-662] Processed net u_dut/gen_input_slots[1].gen_input_banks[3].u_input_cache_bank/rd_data[15]_INST_0_i_4_n_0.  Did not re-place instance u_dut/gen_input_slots[1].gen_input_banks[3].u_input_cache_bank/rd_data[15]_INST_0_i_4
INFO: [Physopt 32-662] Processed net u_dut/gen_input_slots[0].gen_input_banks[0].u_input_cache_bank/rd_data[15]_INST_0_i_4_n_0.  Did not re-place instance u_dut/gen_input_slots[0].gen_input_banks[0].u_input_cache_bank/rd_data[15]_INST_0_i_4
INFO: [Physopt 32-662] Processed net u_dut/gen_input_slots[1].gen_input_banks[1].u_input_cache_bank/rd_data[2]_INST_0_i_4_n_0.  Did not re-place instance u_dut/gen_input_slots[1].gen_input_banks[1].u_input_cache_bank/rd_data[2]_INST_0_i_4
INFO: [Physopt 32-662] Processed net u_dut/gen_input_slots[0].gen_input_banks[1].u_input_cache_bank/rd_data[8]_INST_0_i_5_n_0.  Did not re-place instance u_dut/gen_input_slots[0].gen_input_banks[1].u_input_cache_bank/rd_data[8]_INST_0_i_5
INFO: [Physopt 32-662] Processed net u_dut/gen_input_slots[0].gen_input_banks[2].u_input_cache_bank/rd_data[1]_INST_0_i_3_n_0.  Did not re-place instance u_dut/gen_input_slots[0].gen_input_banks[2].u_input_cache_bank/rd_data[1]_INST_0_i_3
INFO: [Physopt 32-662] Processed net u_dut/gen_input_slots[1].gen_input_banks[3].u_input_cache_bank/rd_data[10]_INST_0_i_3_n_0.  Did not re-place instance u_dut/gen_input_slots[1].gen_input_banks[3].u_input_cache_bank/rd_data[10]_INST_0_i_3
INFO: [Physopt 32-662] Processed net u_dut/kernel_rd_raw_data_q[24]_i_1_n_0.  Did not re-place instance u_dut/kernel_rd_raw_data_q[24]_i_1
INFO: [Physopt 32-662] Processed net u_dut/kernel_rd_raw_data_q_reg_n_0_[24].  Did not re-place instance u_dut/kernel_rd_raw_data_q_reg[24]
INFO: [Physopt 32-663] Processed net u_dut/rd_cmd_addr_q_reg_n_0_[0][0][3]_repN_3.  Re-placed instance u_dut/rd_cmd_addr_q_reg[0][0][3]_replica_3
INFO: [Physopt 32-662] Processed net u_dut/rd_cmd_addr_q_reg_n_0_[0][0][0]_repN_4.  Did not re-place instance u_dut/rd_cmd_addr_q_reg[0][0][0]_replica_4
INFO: [Physopt 32-662] Processed net u_dut/gen_input_slots[0].gen_input_banks[1].u_input_cache_bank/rd_data[15]_INST_0_i_4_n_0.  Did not re-place instance u_dut/gen_input_slots[0].gen_input_banks[1].u_input_cache_bank/rd_data[15]_INST_0_i_4
INFO: [Physopt 32-662] Processed net u_dut/gen_input_slots[0].gen_input_banks[3].u_input_cache_bank/rd_data[10]_INST_0_i_6_n_0.  Did not re-place instance u_dut/gen_input_slots[0].gen_input_banks[3].u_input_cache_bank/rd_data[10]_INST_0_i_6
INFO: [Physopt 32-662] Processed net u_dut/gen_input_slots[0].gen_input_banks[1].u_input_cache_bank/rd_data[8]_INST_0_i_4_n_0.  Did not re-place instance u_dut/gen_input_slots[0].gen_input_banks[1].u_input_cache_bank/rd_data[8]_INST_0_i_4
INFO: [Physopt 32-662] Processed net u_dut/gen_input_slots[0].gen_input_banks[1].u_input_cache_bank/rd_data[8]_INST_0_i_6_n_0.  Did not re-place instance u_dut/gen_input_slots[0].gen_input_banks[1].u_input_cache_bank/rd_data[8]_INST_0_i_6
INFO: [Physopt 32-662] Processed net u_dut/gen_input_slots[1].gen_input_banks[1].u_input_cache_bank/rd_data[12]_INST_0_i_6_n_0.  Did not re-place instance u_dut/gen_input_slots[1].gen_input_banks[1].u_input_cache_bank/rd_data[12]_INST_0_i_6
INFO: [Physopt 32-662] Processed net u_dut/gen_input_slots[1].gen_input_banks[3].u_input_cache_bank/rd_data[4]_INST_0_i_4_n_0.  Did not re-place instance u_dut/gen_input_slots[1].gen_input_banks[3].u_input_cache_bank/rd_data[4]_INST_0_i_4
INFO: [Physopt 32-663] Processed net u_dut/rd_cmd_addr_q_reg_n_0_[0][3][5].  Re-placed instance u_dut/rd_cmd_addr_q_reg[0][3][5]
INFO: [Physopt 32-662] Processed net u_dut/gen_input_slots[0].gen_input_banks[0].u_input_cache_bank/rd_data[14]_INST_0_i_6_n_0.  Did not re-place instance u_dut/gen_input_slots[0].gen_input_banks[0].u_input_cache_bank/rd_data[14]_INST_0_i_6
INFO: [Physopt 32-662] Processed net u_dut/kernel_rd_raw_data_q[15]_i_1_n_0.  Did not re-place instance u_dut/kernel_rd_raw_data_q[15]_i_1
INFO: [Physopt 32-662] Processed net u_dut/kernel_rd_raw_data_q_reg_n_0_[15].  Did not re-place instance u_dut/kernel_rd_raw_data_q_reg[15]
INFO: [Physopt 32-662] Processed net u_dut/gen_input_slots[0].gen_input_banks[1].u_input_cache_bank/rd_data[8]_INST_0_i_3_n_0.  Did not re-place instance u_dut/gen_input_slots[0].gen_input_banks[1].u_input_cache_bank/rd_data[8]_INST_0_i_3
INFO: [Physopt 32-662] Processed net u_dut/gen_input_slots[1].gen_input_banks[2].u_input_cache_bank/rd_data[15]_INST_0_i_3_n_0.  Did not re-place instance u_dut/gen_input_slots[1].gen_input_banks[2].u_input_cache_bank/rd_data[15]_INST_0_i_3
INFO: [Physopt 32-662] Processed net u_dut/gen_input_slots[0].gen_input_banks[2].u_input_cache_bank/rd_data[1]_INST_0_i_5_n_0.  Did not re-place instance u_dut/gen_input_slots[0].gen_input_banks[2].u_input_cache_bank/rd_data[1]_INST_0_i_5
INFO: [Physopt 32-662] Processed net u_dut/gen_input_slots[1].gen_input_banks[0].u_input_cache_bank/rd_data[12]_INST_0_i_5_n_0.  Did not re-place instance u_dut/gen_input_slots[1].gen_input_banks[0].u_input_cache_bank/rd_data[12]_INST_0_i_5
INFO: [Physopt 32-662] Processed net u_dut/gen_input_slots[1].gen_input_banks[1].u_input_cache_bank/rd_data[2]_INST_0_i_5_n_0.  Did not re-place instance u_dut/gen_input_slots[1].gen_input_banks[1].u_input_cache_bank/rd_data[2]_INST_0_i_5
INFO: [Physopt 32-662] Processed net u_dut/gen_input_slots[1].gen_input_banks[2].u_input_cache_bank/rd_data[15]_INST_0_i_6_n_0.  Did not re-place instance u_dut/gen_input_slots[1].gen_input_banks[2].u_input_cache_bank/rd_data[15]_INST_0_i_6
INFO: [Physopt 32-662] Processed net u_dut/gen_input_slots[0].gen_input_banks[1].u_input_cache_bank/rd_data[14]_INST_0_i_6_n_0.  Did not re-place instance u_dut/gen_input_slots[0].gen_input_banks[1].u_input_cache_bank/rd_data[14]_INST_0_i_6
INFO: [Physopt 32-662] Processed net u_dut/gen_input_slots[1].gen_input_banks[1].u_input_cache_bank/rd_data[15]_INST_0_i_5_n_0.  Did not re-place instance u_dut/gen_input_slots[1].gen_input_banks[1].u_input_cache_bank/rd_data[15]_INST_0_i_5
INFO: [Physopt 32-662] Processed net u_dut/gen_input_slots[1].gen_input_banks[2].u_input_cache_bank/rd_data[6]_INST_0_i_5_n_0.  Did not re-place instance u_dut/gen_input_slots[1].gen_input_banks[2].u_input_cache_bank/rd_data[6]_INST_0_i_5
INFO: [Physopt 32-662] Processed net u_dut/gen_input_slots[1].gen_input_banks[0].u_input_cache_bank/rd_data[14]_INST_0_i_6_n_0.  Did not re-place instance u_dut/gen_input_slots[1].gen_input_banks[0].u_input_cache_bank/rd_data[14]_INST_0_i_6
INFO: [Physopt 32-662] Processed net u_dut/gen_input_slots[0].gen_input_banks[3].u_input_cache_bank/rd_data[0]_INST_0_i_5_n_0.  Did not re-place instance u_dut/gen_input_slots[0].gen_input_banks[3].u_input_cache_bank/rd_data[0]_INST_0_i_5
INFO: [Physopt 32-662] Processed net u_dut/gen_input_slots[1].gen_input_banks[1].u_input_cache_bank/rd_data[5]_INST_0_i_4_n_0.  Did not re-place instance u_dut/gen_input_slots[1].gen_input_banks[1].u_input_cache_bank/rd_data[5]_INST_0_i_4
INFO: [Physopt 32-662] Processed net u_dut/kernel_rd_raw_data_q[16]_i_1_n_0.  Did not re-place instance u_dut/kernel_rd_raw_data_q[16]_i_1
INFO: [Physopt 32-662] Processed net u_dut/kernel_rd_raw_data_q_reg_n_0_[16].  Did not re-place instance u_dut/kernel_rd_raw_data_q_reg[16]
INFO: [Physopt 32-662] Processed net u_dut/gen_input_slots[1].gen_input_banks[3].u_input_cache_bank/rd_data[0]_INST_0_i_3_n_0.  Did not re-place instance u_dut/gen_input_slots[1].gen_input_banks[3].u_input_cache_bank/rd_data[0]_INST_0_i_3
INFO: [Physopt 32-662] Processed net u_dut/kernel_rd_raw_data_q[20]_i_1_n_0.  Did not re-place instance u_dut/kernel_rd_raw_data_q[20]_i_1
INFO: [Physopt 32-662] Processed net u_dut/kernel_rd_raw_data_q_reg_n_0_[20].  Did not re-place instance u_dut/kernel_rd_raw_data_q_reg[20]
INFO: [Physopt 32-662] Processed net u_dut/gen_input_slots[0].gen_input_banks[0].u_input_cache_bank/rd_data[7]_INST_0_i_4_n_0.  Did not re-place instance u_dut/gen_input_slots[0].gen_input_banks[0].u_input_cache_bank/rd_data[7]_INST_0_i_4
INFO: [Physopt 32-662] Processed net u_dut/gen_input_slots[0].gen_input_banks[3].u_input_cache_bank/rd_data[5]_INST_0_i_3_n_0.  Did not re-place instance u_dut/gen_input_slots[0].gen_input_banks[3].u_input_cache_bank/rd_data[5]_INST_0_i_3
INFO: [Physopt 32-662] Processed net u_dut/gen_input_slots[1].gen_input_banks[1].u_input_cache_bank/rd_data[14]_INST_0_i_5_n_0.  Did not re-place instance u_dut/gen_input_slots[1].gen_input_banks[1].u_input_cache_bank/rd_data[14]_INST_0_i_5
INFO: [Physopt 32-662] Processed net u_dut/gen_input_slots[0].gen_input_banks[2].u_input_cache_bank/rd_data[6]_INST_0_i_4_n_0.  Did not re-place instance u_dut/gen_input_slots[0].gen_input_banks[2].u_input_cache_bank/rd_data[6]_INST_0_i_4
INFO: [Physopt 32-662] Processed net u_dut/gen_input_slots[1].gen_input_banks[2].u_input_cache_bank/rd_data[6]_INST_0_i_6_n_0.  Did not re-place instance u_dut/gen_input_slots[1].gen_input_banks[2].u_input_cache_bank/rd_data[6]_INST_0_i_6
INFO: [Physopt 32-663] Processed net u_dut/rd_cmd_addr_q_reg_n_0_[0][1][4].  Re-placed instance u_dut/rd_cmd_addr_q_reg[0][1][4]
INFO: [Physopt 32-662] Processed net u_dut/gen_input_slots[0].gen_input_banks[1].u_input_cache_bank/rd_data[10]_INST_0_i_4_n_0.  Did not re-place instance u_dut/gen_input_slots[0].gen_input_banks[1].u_input_cache_bank/rd_data[10]_INST_0_i_4
INFO: [Physopt 32-663] Processed net u_dut/rd_cmd_addr_q_reg_n_0_[0][0][2]_repN_2.  Re-placed instance u_dut/rd_cmd_addr_q_reg[0][0][2]_replica_2
INFO: [Physopt 32-663] Processed net u_dut/u_unified_p4_kernel_i_684_n_0.  Re-placed instance u_dut/u_unified_p4_kernel_i_684
INFO: [Physopt 32-662] Processed net u_dut/kernel_stage_q_reg_n_0.  Did not re-place instance u_dut/kernel_stage_q_reg
INFO: [Physopt 32-662] Processed net u_dut/kernel_in_data22_out[6].  Did not re-place instance u_dut/u_unified_p4_kernel_i_60
INFO: [Physopt 32-663] Processed net u_dut/p_3_in[6].  Re-placed instance u_dut/u_unified_p4_kernel_i_347
INFO: [Physopt 32-662] Processed net u_dut/u_unified_p4_kernel_i_251_n_0.  Did not re-place instance u_dut/u_unified_p4_kernel_i_251
INFO: [Physopt 32-663] Processed net u_dut/u_unified_p4_kernel_i_652_n_0.  Re-placed instance u_dut/u_unified_p4_kernel_i_652
INFO: [Physopt 32-662] Processed net u_dut/u_unified_p4_kernel/ingress_data_q_reg_n_0_[6].  Did not re-place instance u_dut/u_unified_p4_kernel/ingress_data_q_reg[6]
INFO: [Physopt 32-663] Processed net u_dut/rd_cmd_addr_q_reg_n_0_[0][1][5].  Re-placed instance u_dut/rd_cmd_addr_q_reg[0][1][5]
INFO: [Physopt 32-662] Processed net u_dut/gen_input_slots[1].gen_input_banks[1].u_input_cache_bank/rd_data[6]_INST_0_i_5_n_0.  Did not re-place instance u_dut/gen_input_slots[1].gen_input_banks[1].u_input_cache_bank/rd_data[6]_INST_0_i_5
INFO: [Physopt 32-663] Processed net u_dut/rd_cmd_addr_q_reg_n_0_[0][0][2]_repN.  Re-placed instance u_dut/rd_cmd_addr_q_reg[0][0][2]_replica
INFO: [Physopt 32-663] Processed net u_dut/rd_cmd_addr_q_reg_n_0_[0][0][1].  Re-placed instance u_dut/rd_cmd_addr_q_reg[0][0][1]
INFO: [Physopt 32-662] Processed net u_dut/gen_input_slots[0].gen_input_banks[2].u_input_cache_bank/rd_valid.  Did not re-place instance u_dut/gen_input_slots[0].gen_input_banks[2].u_input_cache_bank/rd_valid_INST_0
INFO: [Physopt 32-662] Processed net u_dut/gen_input_slots[1].gen_input_banks[0].u_input_cache_bank/rd_data[13]_INST_0_i_3_n_0.  Did not re-place instance u_dut/gen_input_slots[1].gen_input_banks[0].u_input_cache_bank/rd_data[13]_INST_0_i_3
INFO: [Physopt 32-662] Processed net u_dut/gen_input_slots[1].gen_input_banks[0].u_input_cache_bank/rd_data[15]_INST_0_i_4_n_0.  Did not re-place instance u_dut/gen_input_slots[1].gen_input_banks[0].u_input_cache_bank/rd_data[15]_INST_0_i_4
INFO: [Physopt 32-662] Processed net u_dut/kernel_in_data22_out[5].  Did not re-place instance u_dut/u_unified_p4_kernel_i_61
INFO: [Physopt 32-662] Processed net u_dut/p_3_in[5].  Did not re-place instance u_dut/u_unified_p4_kernel_i_348
INFO: [Physopt 32-662] Processed net u_dut/u_unified_p4_kernel_i_254_n_0.  Did not re-place instance u_dut/u_unified_p4_kernel_i_254
INFO: [Physopt 32-663] Processed net u_dut/u_unified_p4_kernel_i_658_n_0.  Re-placed instance u_dut/u_unified_p4_kernel_i_658
INFO: [Physopt 32-662] Processed net u_dut/u_unified_p4_kernel/ingress_data_q_reg_n_0_[5].  Did not re-place instance u_dut/u_unified_p4_kernel/ingress_data_q_reg[5]
INFO: [Physopt 32-662] Processed net u_dut/gen_input_slots[0].gen_input_banks[0].u_input_cache_bank/rd_data[7]_INST_0_i_5_n_0.  Did not re-place instance u_dut/gen_input_slots[0].gen_input_banks[0].u_input_cache_bank/rd_data[7]_INST_0_i_5
INFO: [Physopt 32-662] Processed net u_dut/kernel_in_data22_out[3].  Did not re-place instance u_dut/u_unified_p4_kernel_i_63
INFO: [Physopt 32-662] Processed net u_dut/p_3_in[3].  Did not re-place instance u_dut/u_unified_p4_kernel_i_350
INFO: [Physopt 32-662] Processed net u_dut/u_unified_p4_kernel_i_260_n_0.  Did not re-place instance u_dut/u_unified_p4_kernel_i_260
INFO: [Physopt 32-663] Processed net u_dut/u_unified_p4_kernel_i_666_n_0.  Re-placed instance u_dut/u_unified_p4_kernel_i_666
INFO: [Physopt 32-662] Processed net u_dut/u_unified_p4_kernel/ingress_data_q_reg_n_0_[3].  Did not re-place instance u_dut/u_unified_p4_kernel/ingress_data_q_reg[3]
INFO: [Physopt 32-663] Processed net u_dut/kernel_h_rd_addr_q_reg_n_0_[2][0].  Re-placed instance u_dut/kernel_h_rd_addr_q_reg[2][0]
INFO: [Physopt 32-662] Processed net u_dut/gen_tmp_banks[2].u_kernel_tmp_bank/rd_data[14]_INST_0_i_5_n_0.  Did not re-place instance u_dut/gen_tmp_banks[2].u_kernel_tmp_bank/rd_data[14]_INST_0_i_5
INFO: [Physopt 32-662] Processed net u_dut/kernel_h_rd_data_q[46]_i_1_n_0.  Did not re-place instance u_dut/kernel_h_rd_data_q[46]_i_1
INFO: [Physopt 32-662] Processed net u_dut/kernel_h_rd_data_q_reg_n_0_[46].  Did not re-place instance u_dut/kernel_h_rd_data_q_reg[46]
INFO: [Physopt 32-662] Processed net u_dut/gen_input_slots[1].gen_input_banks[1].u_input_cache_bank/rd_data[10]_INST_0_i_6_n_0.  Did not re-place instance u_dut/gen_input_slots[1].gen_input_banks[1].u_input_cache_bank/rd_data[10]_INST_0_i_6
INFO: [Physopt 32-662] Processed net u_dut/kernel_rd_raw_data_q[30]_i_1_n_0.  Did not re-place instance u_dut/kernel_rd_raw_data_q[30]_i_1
INFO: [Physopt 32-662] Processed net u_dut/kernel_rd_raw_data_q_reg_n_0_[30].  Did not re-place instance u_dut/kernel_rd_raw_data_q_reg[30]
INFO: [Physopt 32-663] Processed net u_dut/rd_cmd_addr_q_reg_n_0_[0][0][1]_repN_1.  Re-placed instance u_dut/rd_cmd_addr_q_reg[0][0][1]_replica_1
INFO: [Physopt 32-663] Processed net u_dut/rd_cmd_addr_q_reg_n_0_[0][0][3].  Re-placed instance u_dut/rd_cmd_addr_q_reg[0][0][3]
INFO: [Physopt 32-662] Processed net u_dut/u_unified_p4_kernel_i_680_n_0.  Did not re-place instance u_dut/u_unified_p4_kernel_i_680
INFO: [Physopt 32-661] Optimized 23 nets.  Re-placed 23 instances.
INFO: [Physopt 32-775] End 1 Pass. Optimized 23 nets or cells. Created 0 new cell, deleted 0 existing cell and moved 23 existing cells
INFO: [Physopt 32-619] Estimated Timing Summary | WNS=-0.154 | TNS=-57.153 |
Netlist sorting complete. Time (s): cpu = 00:00:00 ; elapsed = 00:00:00.022 . Memory (MB): peak = 4669.859 ; gain = 0.000
Phase 9 Single Cell Placement Optimization | Checksum: c5d96905

Time (s): cpu = 00:04:25 ; elapsed = 00:02:17 . Memory (MB): peak = 4669.859 ; gain = 0.000

Phase 10 Multi Cell Placement Optimization
INFO: [Physopt 32-660] Identified 100 candidate nets for placement-based optimization.
INFO: [Physopt 32-662] Processed net u_dut/gen_input_slots[1].gen_input_banks[3].u_input_cache_bank/rd_valid.  Did not re-place instance u_dut/gen_input_slots[1].gen_input_banks[3].u_input_cache_bank/rd_valid_INST_0/O
INFO: [Physopt 32-662] Processed net u_dut/lfnst_mem_resp_valid_q0.  Did not re-place instance u_dut/lfnst_mem_resp_valid_q_i_2/O
INFO: [Physopt 32-662] Processed net u_dut/lfnst_mem_resp_valid_q_i_4_n_0.  Did not re-place instance u_dut/lfnst_mem_resp_valid_q_i_4/O
INFO: [Physopt 32-663] Processed net u_dut/kernel_rd_raw_data_q[20]_i_1_n_0.  Re-placed instance u_dut/kernel_rd_raw_data_q[20]_i_1/O
INFO: [Physopt 32-662] Processed net u_dut/kernel_rd_raw_data_q[21]_i_1_n_0.  Did not re-place instance u_dut/kernel_rd_raw_data_q[21]_i_1/O
INFO: [Physopt 32-662] Processed net u_dut/rd_cmd_accept.  Did not re-place instance u_dut/rd_cmd_group_q[4]_i_1/O
INFO: [Physopt 32-662] Processed net u_dut/u_unified_p4_kernel/input_group_fire.  Did not re-place instance u_dut/u_unified_p4_kernel/input_group_fire_INST_0/O
INFO: [Physopt 32-662] Processed net u_dut/rd_cmd_ready.  Did not re-place instance u_dut/rd_cmd_bank_mask_q[3]_i_1/O
INFO: [Physopt 32-662] Processed net u_dut/u_unified_p4_kernel/slot_state_q_reg_n_0_[3][1].  Did not re-place instance u_dut/u_unified_p4_kernel/slot_state_q_reg[3][1]/Q
INFO: [Physopt 32-662] Processed net u_dut/u_unified_p4_kernel/ingress_valid_q42_in.  Did not re-place instance u_dut/u_unified_p4_kernel/input_group_fire_INST_0_i_1/O
INFO: [Physopt 32-662] Processed net u_dut/u_unified_p4_kernel/input_group_fire_INST_0_i_2_n_0.  Did not re-place instance u_dut/u_unified_p4_kernel/input_group_fire_INST_0_i_2/O
INFO: [Physopt 32-662] Processed net u_dut/gen_input_slots[1].gen_input_banks[2].u_input_cache_bank/rd_valid.  Did not re-place instance u_dut/gen_input_slots[1].gen_input_banks[2].u_input_cache_bank/rd_valid_INST_0/O
INFO: [Physopt 32-662] Processed net u_dut/kernel_rd_raw_data_q[7]_i_1_n_0.  Did not re-place instance u_dut/kernel_rd_raw_data_q[7]_i_1/O
INFO: [Physopt 32-662] Processed net u_dut/kernel_ctx_output_size_q_reg_n_0_[2].  Did not re-place instance u_dut/kernel_ctx_output_size_q_reg[2]/Q
INFO: [Physopt 32-662] Processed net u_dut/u_unified_p4_kernel/input_group_fire_INST_0_i_8_n_0.  Did not re-place instance u_dut/u_unified_p4_kernel/input_group_fire_INST_0_i_8/O
INFO: [Physopt 32-662] Processed net u_dut/u_unified_p4_kernel/input_group_fire_INST_0_i_3_n_0.  Did not re-place instance u_dut/u_unified_p4_kernel/input_group_fire_INST_0_i_3/O
INFO: [Physopt 32-662] Processed net u_dut/u_unified_p4_kernel/input_group_fire_INST_0_i_7_n_0.  Did not re-place instance u_dut/u_unified_p4_kernel/input_group_fire_INST_0_i_7/O
INFO: [Physopt 32-662] Processed net u_dut/kernel_rd_raw_data_q[24]_i_1_n_0.  Did not re-place instance u_dut/kernel_rd_raw_data_q[24]_i_1/O
INFO: [Physopt 32-662] Processed net u_dut/u_unified_p4_kernel/reserved_groups_q[3].  Did not re-place instance u_dut/u_unified_p4_kernel/reserved_groups_q_reg[3]/Q
INFO: [Physopt 32-662] Processed net u_dut/u_unified_p4_kernel/input_group_fire_INST_0_i_6_n_0.  Did not re-place instance u_dut/u_unified_p4_kernel/input_group_fire_INST_0_i_6/O
INFO: [Physopt 32-662] Processed net u_dut/u_unified_p4_kernel/input_group_fire_INST_0_i_9_n_0.  Did not re-place instance u_dut/u_unified_p4_kernel/input_group_fire_INST_0_i_9/O
INFO: [Physopt 32-662] Processed net u_dut/u_unified_p4_kernel/reserved_groups_q[1].  Did not re-place instance u_dut/u_unified_p4_kernel/reserved_groups_q_reg[1]/Q
INFO: [Physopt 32-662] Processed net u_dut/kernel_rd_raw_data_q[26]_i_1_n_0.  Did not re-place instance u_dut/kernel_rd_raw_data_q[26]_i_1/O
INFO: [Physopt 32-662] Processed net u_dut/kernel_ctx_output_size_q_reg_n_0_[3].  Did not re-place instance u_dut/kernel_ctx_output_size_q_reg[3]/Q
INFO: [Physopt 32-663] Processed net u_dut/kernel_rd_raw_data_q[23]_i_1_n_0.  Re-placed instance u_dut/kernel_rd_raw_data_q[23]_i_1/O
INFO: [Physopt 32-662] Processed net u_dut/kernel_stage_q_reg_n_0.  Did not re-place instance u_dut/kernel_stage_q_reg/Q
INFO: [Physopt 32-663] Processed net u_dut/u_unified_p4_kernel/slot_state_q_reg_n_0_[0][0].  Re-placed instance u_dut/u_unified_p4_kernel/slot_state_q_reg[0][0]/Q
INFO: [Physopt 32-662] Processed net u_dut/u_unified_p4_kernel_i_70_n_0.  Did not re-place instance u_dut/u_unified_p4_kernel_i_70/O
INFO: [Physopt 32-662] Processed net u_dut/u_unified_p4_kernel_i_273_n_0.  Did not re-place instance u_dut/u_unified_p4_kernel_i_273/O
INFO: [Physopt 32-662] Processed net u_dut/kernel_in_valid.  Did not re-place instance u_dut/u_unified_p4_kernel_i_2/O
INFO: [Physopt 32-662] Processed net u_dut/u_unified_p4_kernel/input_group_fire_INST_0_i_5_n_0.  Did not re-place instance u_dut/u_unified_p4_kernel/input_group_fire_INST_0_i_5/O
INFO: [Physopt 32-662] Processed net u_dut/kernel_rd_raw_data_q[31]_i_1_n_0.  Did not re-place instance u_dut/kernel_rd_raw_data_q[31]_i_1/O
INFO: [Physopt 32-662] Processed net u_dut/kernel_phase_q_reg_n_0_[3].  Did not re-place instance u_dut/kernel_phase_q_reg[3]/Q
INFO: [Physopt 32-662] Processed net u_dut/u_unified_p4_kernel/input_group_fire_INST_0_i_4_n_0.  Did not re-place instance u_dut/u_unified_p4_kernel/input_group_fire_INST_0_i_4/O
INFO: [Physopt 32-662] Processed net u_dut/kernel_rd_raw_data_q[47]_i_1_n_0.  Did not re-place instance u_dut/kernel_rd_raw_data_q[47]_i_1/O
INFO: [Physopt 32-662] Processed net u_dut/kernel_rd_raw_data_q[46]_i_1_n_0.  Did not re-place instance u_dut/kernel_rd_raw_data_q[46]_i_1/O
INFO: [Physopt 32-662] Processed net u_dut/kernel_phase_q_reg_n_0_[1].  Did not re-place instance u_dut/kernel_phase_q_reg[1]/Q
INFO: [Physopt 32-662] Processed net u_dut/kernel_rd_raw_data_q[15]_i_1_n_0.  Did not re-place instance u_dut/kernel_rd_raw_data_q[15]_i_1/O
INFO: [Physopt 32-663] Processed net u_dut/kernel_phase_q_reg_n_0_[0].  Re-placed instance u_dut/kernel_phase_q_reg[0]/Q
INFO: [Physopt 32-662] Processed net u_dut/kernel_ctx_output_size_q_reg_n_0_[5].  Did not re-place instance u_dut/kernel_ctx_output_size_q_reg[5]/Q
INFO: [Physopt 32-663] Processed net u_dut/u_unified_p4_kernel_i_71_n_0.  Re-placed instance u_dut/u_unified_p4_kernel_i_71/O
INFO: [Physopt 32-662] Processed net u_dut/u_unified_p4_kernel_i_69_n_0.  Did not re-place instance u_dut/u_unified_p4_kernel_i_69/O
INFO: [Physopt 32-662] Processed net u_dut/u_unified_p4_kernel_i_272_n_0.  Did not re-place instance u_dut/u_unified_p4_kernel_i_272/O
INFO: [Physopt 32-663] Processed net u_dut/input_rd_data[0].  Re-placed instance u_dut/kernel_rd_raw_data_q[48]_i_1/O
INFO: [Physopt 32-662] Processed net u_dut/kernel_rd_raw_data_q[30]_i_1_n_0.  Did not re-place instance u_dut/kernel_rd_raw_data_q[30]_i_1/O
INFO: [Physopt 32-662] Processed net u_dut/u_unified_p4_kernel_i_680_n_0.  Did not re-place instance u_dut/u_unified_p4_kernel_i_680/O
INFO: [Physopt 32-662] Processed net u_dut/u_unified_p4_kernel_i_275_n_0.  Did not re-place instance u_dut/u_unified_p4_kernel_i_275/O
INFO: [Physopt 32-663] Processed net u_dut/kernel_h_rd_raw_group_q_reg_n_0_[0].  Re-placed instance u_dut/kernel_h_rd_raw_group_q_reg[0]/Q
INFO: [Physopt 32-663] Processed net u_dut/u_unified_p4_kernel/slot_state_q_reg_n_0_[1][0].  Re-placed instance u_dut/u_unified_p4_kernel/slot_state_q_reg[1][0]/Q
INFO: [Physopt 32-662] Processed net u_dut/kernel_in_data22_out[63].  Did not re-place instance u_dut/u_unified_p4_kernel_i_3/O
INFO: [Physopt 32-662] Processed net u_dut/u_unified_p4_kernel_i_72_n_0.  Did not re-place instance u_dut/u_unified_p4_kernel_i_72/O
INFO: [Physopt 32-662] Processed net u_dut/u_unified_p4_kernel/product_q_reg[3][37]_i_11_n_0.  Did not re-place instance u_dut/u_unified_p4_kernel/product_q_reg[3][37]_i_11/O
INFO: [Physopt 32-662] Processed net u_dut/u_unified_p4_kernel/issue_desc_bundle_addr_q[4].  Did not re-place instance u_dut/u_unified_p4_kernel/issue_desc_bundle_addr_q_reg[4]/Q
INFO: [Physopt 32-661] Optimized 8 nets.  Re-placed 16 instances.
INFO: [Physopt 32-775] End 1 Pass. Optimized 8 nets or cells. Created 0 new cell, deleted 0 existing cell and moved 16 existing cells
INFO: [Physopt 32-619] Estimated Timing Summary | WNS=-0.154 | TNS=-59.434 |
Netlist sorting complete. Time (s): cpu = 00:00:00 ; elapsed = 00:00:00.018 . Memory (MB): peak = 4669.859 ; gain = 0.000
Phase 10 Multi Cell Placement Optimization | Checksum: 5eb92c70

Time (s): cpu = 00:05:05 ; elapsed = 00:02:34 . Memory (MB): peak = 4669.859 ; gain = 0.000

Phase 11 Rewire
INFO: [Physopt 32-246] Starting Signal Push optimization...
INFO: [Physopt 32-77] Pass 1. Identified 7 candidate nets for rewire optimization.
INFO: [Physopt 32-242] Processed net u_dut/u_unified_p4_kernel_i_273_n_0. Rewired (signal push) u_dut/kernel_stage_q_reg_n_0 to 2 loads. Replicated 0 times.
INFO: [Physopt 32-242] Processed net u_dut/u_unified_p4_kernel_i_70_n_0. Rewired (signal push) u_dut/u_unified_p4_kernel_i_273_n_0 to 6 loads. Replicated 1 times.
INFO: [Physopt 32-134] Processed net u_dut/u_unified_p4_kernel/input_group_fire. Rewiring did not optimize the net.
INFO: [Physopt 32-134] Processed net u_dut/u_unified_p4_kernel/ingress_valid_q42_in. Rewiring did not optimize the net.
INFO: [Physopt 32-134] Processed net u_dut/kernel_h_rd_raw_tail_group_q[0]. Rewiring did not optimize the net.
INFO: [Physopt 32-134] Processed net u_dut/lfnst_idx_q[1]_i_2_n_0. Rewiring did not optimize the net.
INFO: [Physopt 32-134] Processed net u_dut/u_unified_p4_kernel/product_q_reg[0][58]_i_6_n_0. Rewiring did not optimize the net.
INFO: [Physopt 32-232] Optimized 2 nets. Created 1 new instance.
INFO: [Physopt 32-775] End 1 Pass. Optimized 2 nets or cells. Created 1 new cell, deleted 0 existing cell and moved 0 existing cell
Netlist sorting complete. Time (s): cpu = 00:00:00 ; elapsed = 00:00:00.107 . Memory (MB): peak = 4669.859 ; gain = 0.000
INFO: [Physopt 32-619] Estimated Timing Summary | WNS=-0.154 | TNS=-57.473 |
Netlist sorting complete. Time (s): cpu = 00:00:00 ; elapsed = 00:00:00.017 . Memory (MB): peak = 4669.859 ; gain = 0.000
Phase 11 Rewire | Checksum: 1b661f208

Time (s): cpu = 00:05:08 ; elapsed = 00:02:36 . Memory (MB): peak = 4669.859 ; gain = 0.000

Phase 12 Critical Cell Optimization
INFO: [Physopt 32-46] Identified 30 candidate nets for critical-cell optimization.
INFO: [Physopt 32-572] Net u_dut/gen_input_slots[1].gen_input_banks[3].u_input_cache_bank/rd_valid was not replicated.
Resolution: phys_opt_design can be forced to replicate a net driver using the option -force_replication_on_nets <list of net objects>.
INFO: [Physopt 32-572] Net u_dut/rd_cmd_ready was not replicated.
Resolution: phys_opt_design can be forced to replicate a net driver using the option -force_replication_on_nets <list of net objects>.
INFO: [Physopt 32-572] Net u_dut/u_unified_p4_kernel_i_69_n_0 was not replicated.
Resolution: phys_opt_design can be forced to replicate a net driver using the option -force_replication_on_nets <list of net objects>.
INFO: [Physopt 32-572] Net u_dut/u_unified_p4_kernel_i_273_n_0 was not replicated.
Resolution: phys_opt_design can be forced to replicate a net driver using the option -force_replication_on_nets <list of net objects>.
INFO: [Physopt 32-572] Net u_dut/u_unified_p4_kernel_i_272_n_0 was not replicated.
Resolution: phys_opt_design can be forced to replicate a net driver using the option -force_replication_on_nets <list of net objects>.
INFO: [Physopt 32-81] Processed net u_dut/u_unified_p4_kernel_i_70_n_0. Replicated 1 times.
INFO: [Physopt 32-81] Processed net u_dut/u_unified_p4_kernel/slot_state_q_reg_n_0_[3][1]. Replicated 1 times.
INFO: [Physopt 32-572] Net u_dut/u_unified_p4_kernel/ingress_valid_q42_in was not replicated.
Resolution: phys_opt_design can be forced to replicate a net driver using the option -force_replication_on_nets <list of net objects>.
INFO: [Physopt 32-572] Net u_dut/gen_input_slots[1].gen_input_banks[2].u_input_cache_bank/rd_valid was not replicated.
Resolution: phys_opt_design can be forced to replicate a net driver using the option -force_replication_on_nets <list of net objects>.
INFO: [Physopt 32-81] Processed net u_dut/kernel_ctx_output_size_q_reg_n_0_[2]. Replicated 1 times.
INFO: [Physopt 32-81] Processed net u_dut/u_unified_p4_kernel/input_group_fire_INST_0_i_8_n_0. Replicated 1 times.
INFO: [Physopt 32-81] Processed net u_dut/u_unified_p4_kernel/reserved_groups_q[3]. Replicated 1 times.
INFO: [Physopt 32-81] Processed net u_dut/u_unified_p4_kernel/reserved_groups_q[1]. Replicated 2 times.
INFO: [Physopt 32-81] Processed net u_dut/kernel_ctx_output_size_q_reg_n_0_[3]. Replicated 1 times.
INFO: [Physopt 32-572] Net u_dut/u_unified_p4_kernel/slot_state_q_reg_n_0_[0][0] was not replicated.
Resolution: phys_opt_design can be forced to replicate a net driver using the option -force_replication_on_nets <list of net objects>.
INFO: [Physopt 32-81] Processed net u_dut/u_unified_p4_kernel_i_275_n_0. Replicated 1 times.
INFO: [Physopt 32-571] Net u_dut/kernel_ctx_output_size_q_reg_n_0_[5] was not replicated.
INFO: [Physopt 32-572] Net u_dut/p_23_in was not replicated.
Resolution: phys_opt_design can be forced to replicate a net driver using the option -force_replication_on_nets <list of net objects>.
INFO: [Physopt 32-572] Net u_dut/u_unified_p4_kernel/issue_desc_bundle_addr_q_reg[4]_rep_n_0 was not replicated.
Resolution: phys_opt_design can be forced to replicate a net driver using the option -force_replication_on_nets <list of net objects>.
INFO: [Physopt 32-81] Processed net u_dut/u_unified_p4_kernel/reserved_groups_q[0]. Replicated 1 times.
INFO: [Physopt 32-572] Net u_dut/kernel_rd_req_group_q[4]_i_1_n_0 was not replicated.
Resolution: phys_opt_design can be forced to replicate a net driver using the option -force_replication_on_nets <list of net objects>.
INFO: [Physopt 32-81] Processed net u_dut/u_unified_p4_kernel/product_q_reg[3][49]_i_9_n_0. Replicated 1 times.
INFO: [Physopt 32-81] Processed net u_dut/lfnst_grid[0][15]_i_1_n_0. Replicated 1 times.
INFO: [Physopt 32-571] Net u_dut/lfnst_grid[0][15]_i_3_n_0 was not replicated.
INFO: [Physopt 32-571] Net u_dut/u_unified_p4_kernel/slot_state_q_reg_n_0_[1][1] was not replicated.
INFO: [Physopt 32-81] Processed net u_dut/kernel_ctx_output_size_q_reg_n_0_[4]. Replicated 1 times.
INFO: [Physopt 32-81] Processed net u_dut/kernel_rd_resp_data_q[15]_i_3_n_0. Replicated 1 times.
INFO: [Physopt 32-81] Processed net u_dut/u_unified_p4_kernel/product_q_reg[1][38]_i_9_n_0. Replicated 1 times.
INFO: [Physopt 32-571] Net u_dut/kernel_rd_raw_group_q[1] was not replicated.
INFO: [Physopt 32-571] Net u_dut/u_unified_p4_kernel/product_q_reg[3][15]_i_17_n_0 was not replicated.
INFO: [Physopt 32-232] Optimized 14 nets. Created 15 new instances.
INFO: [Physopt 32-775] End 1 Pass. Optimized 14 nets or cells. Created 15 new cells, deleted 0 existing cell and moved 0 existing cell
INFO: [Physopt 32-619] Estimated Timing Summary | WNS=-0.154 | TNS=-59.946 |
Netlist sorting complete. Time (s): cpu = 00:00:00 ; elapsed = 00:00:00.165 . Memory (MB): peak = 4669.859 ; gain = 0.000
Phase 12 Critical Cell Optimization | Checksum: 147a0fc37

Time (s): cpu = 00:05:33 ; elapsed = 00:02:48 . Memory (MB): peak = 4669.859 ; gain = 0.000

Phase 13 SLR Crossing Optimization
Phase 13 SLR Crossing Optimization | Checksum: 147a0fc37

Time (s): cpu = 00:05:33 ; elapsed = 00:02:48 . Memory (MB): peak = 4669.859 ; gain = 0.000

Phase 14 Fanout Optimization
INFO: [Physopt 32-76] Pass 1. Identified 1 candidate net for fanout optimization.
INFO: [Physopt 32-572] Net u_dut/rd_cmd_addr_q_reg_n_0_[1][0][0] was not replicated.
Resolution: phys_opt_design can be forced to replicate a net driver using the option -force_replication_on_nets <list of net objects>.
INFO: [Physopt 32-232] Optimized 0 net. Created 0 new instance.
INFO: [Physopt 32-775] End 1 Pass. Optimized 0 net or cell. Created 0 new cell, deleted 0 existing cell and moved 0 existing cell
Netlist sorting complete. Time (s): cpu = 00:00:01 ; elapsed = 00:00:00.025 . Memory (MB): peak = 4669.859 ; gain = 0.000
Phase 14 Fanout Optimization | Checksum: 153a93fc2

Time (s): cpu = 00:05:51 ; elapsed = 00:02:57 . Memory (MB): peak = 4669.859 ; gain = 0.000

Phase 15 Single Cell Placement Optimization
INFO: [Physopt 32-660] Identified 250 candidate nets for placement-based optimization.
INFO: [Physopt 32-662] Processed net u_dut/rd_cmd_addr_q_reg_n_0_[1][0][0].  Did not re-place instance u_dut/rd_cmd_addr_q_reg[1][0][0]
INFO: [Physopt 32-662] Processed net u_dut/gen_input_slots[1].gen_input_banks[1].u_input_cache_bank/rd_data[5]_INST_0_i_6_n_0.  Did not re-place instance u_dut/gen_input_slots[1].gen_input_banks[1].u_input_cache_bank/rd_data[5]_INST_0_i_6
INFO: [Physopt 32-662] Processed net u_dut/lfnst_mem_resp_data_q[5]_i_2_n_0.  Did not re-place instance u_dut/lfnst_mem_resp_data_q[5]_i_2
INFO: [Physopt 32-662] Processed net u_dut/lfnst_mem_resp_data_q[5].  Did not re-place instance u_dut/lfnst_mem_resp_data_q_reg[5]
INFO: [Physopt 32-662] Processed net u_dut/gen_input_slots[1].gen_input_banks[1].u_input_cache_bank/rd_data[15]_INST_0_i_6_n_0.  Did not re-place instance u_dut/gen_input_slots[1].gen_input_banks[1].u_input_cache_bank/rd_data[15]_INST_0_i_6
INFO: [Physopt 32-662] Processed net u_dut/lfnst_mem_resp_data_q[15]_i_2_n_0.  Did not re-place instance u_dut/lfnst_mem_resp_data_q[15]_i_2
INFO: [Physopt 32-662] Processed net u_dut/lfnst_mem_resp_data_q[15].  Did not re-place instance u_dut/lfnst_mem_resp_data_q_reg[15]
INFO: [Physopt 32-663] Processed net u_dut/rd_cmd_addr_q_reg_n_0_[0][0][0]_repN_3.  Re-placed instance u_dut/rd_cmd_addr_q_reg[0][0][0]_replica_3
INFO: [Physopt 32-662] Processed net u_dut/rd_cmd_accept.  Did not re-place instance u_dut/rd_cmd_group_q[4]_i_1
INFO: [Physopt 32-662] Processed net u_dut/u_unified_p4_kernel/input_group_fire.  Did not re-place instance u_dut/u_unified_p4_kernel/input_group_fire_INST_0
INFO: [Physopt 32-662] Processed net u_dut/rd_cmd_ready.  Did not re-place instance u_dut/rd_cmd_bank_mask_q[3]_i_1
INFO: [Physopt 32-663] Processed net u_dut/kernel_ctx_output_size_q_reg_n_0_[3]_repN_1.  Re-placed instance u_dut/kernel_ctx_output_size_q_reg[3]_replica_1
INFO: [Physopt 32-662] Processed net u_dut/u_unified_p4_kernel/ingress_valid_q42_in.  Did not re-place instance u_dut/u_unified_p4_kernel/input_group_fire_INST_0_i_1
INFO: [Physopt 32-662] Processed net u_dut/u_unified_p4_kernel/input_group_fire_INST_0_i_3_n_0.  Did not re-place instance u_dut/u_unified_p4_kernel/input_group_fire_INST_0_i_3
INFO: [Physopt 32-662] Processed net u_dut/u_unified_p4_kernel/input_group_fire_INST_0_i_7_n_0.  Did not re-place instance u_dut/u_unified_p4_kernel/input_group_fire_INST_0_i_7
INFO: [Physopt 32-662] Processed net u_dut/u_unified_p4_kernel/input_group_fire_INST_0_i_8_n_0_repN.  Did not re-place instance u_dut/u_unified_p4_kernel/input_group_fire_INST_0_i_8_replica
INFO: [Physopt 32-662] Processed net u_dut/gen_input_slots[1].gen_input_banks[3].u_input_cache_bank/rd_valid.  Did not re-place instance u_dut/gen_input_slots[1].gen_input_banks[3].u_input_cache_bank/rd_valid_INST_0
INFO: [Physopt 32-662] Processed net u_dut/lfnst_mem_resp_valid_q0.  Did not re-place instance u_dut/lfnst_mem_resp_valid_q_i_2
INFO: [Physopt 32-662] Processed net u_dut/lfnst_mem_resp_valid_q_i_4_n_0.  Did not re-place instance u_dut/lfnst_mem_resp_valid_q_i_4
INFO: [Physopt 32-662] Processed net u_dut/lfnst_mem_resp_valid_q.  Did not re-place instance u_dut/lfnst_mem_resp_valid_q_reg
INFO: [Physopt 32-662] Processed net u_dut/rd_cmd_addr_q_reg_n_0_[1][0][1].  Did not re-place instance u_dut/rd_cmd_addr_q_reg[1][0][1]
INFO: [Physopt 32-662] Processed net u_dut/gen_input_slots[1].gen_input_banks[0].u_input_cache_bank/rd_data[10]_INST_0_i_6_n_0.  Did not re-place instance u_dut/gen_input_slots[1].gen_input_banks[0].u_input_cache_bank/rd_data[10]_INST_0_i_6
INFO: [Physopt 32-662] Processed net u_dut/lfnst_mem_resp_data_q[10]_i_2_n_0.  Did not re-place instance u_dut/lfnst_mem_resp_data_q[10]_i_2
INFO: [Physopt 32-662] Processed net u_dut/lfnst_mem_resp_data_q[10].  Did not re-place instance u_dut/lfnst_mem_resp_data_q_reg[10]
INFO: [Physopt 32-662] Processed net u_dut/gen_input_slots[1].gen_input_banks[3].u_input_cache_bank/rd_data[14]_INST_0_i_5_n_0.  Did not re-place instance u_dut/gen_input_slots[1].gen_input_banks[3].u_input_cache_bank/rd_data[14]_INST_0_i_5
INFO: [Physopt 32-662] Processed net u_dut/lfnst_mem_resp_data_q[14]_i_3_n_0.  Did not re-place instance u_dut/lfnst_mem_resp_data_q[14]_i_3
INFO: [Physopt 32-662] Processed net u_dut/lfnst_mem_resp_data_q[14].  Did not re-place instance u_dut/lfnst_mem_resp_data_q_reg[14]
INFO: [Physopt 32-662] Processed net u_dut/gen_input_slots[1].gen_input_banks[1].u_input_cache_bank/rd_data[15]_INST_0_i_4_n_0.  Did not re-place instance u_dut/gen_input_slots[1].gen_input_banks[1].u_input_cache_bank/rd_data[15]_INST_0_i_4
INFO: [Physopt 32-662] Processed net u_dut/gen_input_slots[1].gen_input_banks[1].u_input_cache_bank/rd_data[4]_INST_0_i_6_n_0.  Did not re-place instance u_dut/gen_input_slots[1].gen_input_banks[1].u_input_cache_bank/rd_data[4]_INST_0_i_6
INFO: [Physopt 32-662] Processed net u_dut/lfnst_mem_resp_data_q[4]_i_2_n_0.  Did not re-place instance u_dut/lfnst_mem_resp_data_q[4]_i_2
INFO: [Physopt 32-662] Processed net u_dut/lfnst_mem_resp_data_q[4].  Did not re-place instance u_dut/lfnst_mem_resp_data_q_reg[4]
INFO: [Physopt 32-662] Processed net u_dut/gen_input_slots[1].gen_input_banks[1].u_input_cache_bank/rd_data[7]_INST_0_i_4_n_0.  Did not re-place instance u_dut/gen_input_slots[1].gen_input_banks[1].u_input_cache_bank/rd_data[7]_INST_0_i_4
INFO: [Physopt 32-662] Processed net u_dut/lfnst_mem_resp_data_q[7]_i_2_n_0.  Did not re-place instance u_dut/lfnst_mem_resp_data_q[7]_i_2
INFO: [Physopt 32-662] Processed net u_dut/lfnst_mem_resp_data_q[7].  Did not re-place instance u_dut/lfnst_mem_resp_data_q_reg[7]
INFO: [Physopt 32-662] Processed net u_dut/gen_input_slots[1].gen_input_banks[0].u_input_cache_bank/rd_data[10]_INST_0_i_4_n_0.  Did not re-place instance u_dut/gen_input_slots[1].gen_input_banks[0].u_input_cache_bank/rd_data[10]_INST_0_i_4
INFO: [Physopt 32-662] Processed net u_dut/gen_input_slots[1].gen_input_banks[0].u_input_cache_bank/rd_data[7]_INST_0_i_4_n_0.  Did not re-place instance u_dut/gen_input_slots[1].gen_input_banks[0].u_input_cache_bank/rd_data[7]_INST_0_i_4
INFO: [Physopt 32-662] Processed net u_dut/gen_input_slots[1].gen_input_banks[0].u_input_cache_bank/rd_data[14]_INST_0_i_5_n_0.  Did not re-place instance u_dut/gen_input_slots[1].gen_input_banks[0].u_input_cache_bank/rd_data[14]_INST_0_i_5
INFO: [Physopt 32-662] Processed net u_dut/lfnst_mem_resp_data_q[14]_i_2_n_0.  Did not re-place instance u_dut/lfnst_mem_resp_data_q[14]_i_2
INFO: [Physopt 32-662] Processed net u_dut/gen_input_slots[1].gen_input_banks[0].u_input_cache_bank/rd_data[11]_INST_0_i_3_n_0.  Did not re-place instance u_dut/gen_input_slots[1].gen_input_banks[0].u_input_cache_bank/rd_data[11]_INST_0_i_3
INFO: [Physopt 32-662] Processed net u_dut/lfnst_mem_resp_data_q[11]_i_2_n_0.  Did not re-place instance u_dut/lfnst_mem_resp_data_q[11]_i_2
INFO: [Physopt 32-662] Processed net u_dut/lfnst_mem_resp_data_q[11].  Did not re-place instance u_dut/lfnst_mem_resp_data_q_reg[11]
INFO: [Physopt 32-662] Processed net u_dut/gen_input_slots[1].gen_input_banks[0].u_input_cache_bank/rd_data[11]_INST_0_i_5_n_0.  Did not re-place instance u_dut/gen_input_slots[1].gen_input_banks[0].u_input_cache_bank/rd_data[11]_INST_0_i_5
INFO: [Physopt 32-662] Processed net u_dut/gen_input_slots[1].gen_input_banks[3].u_input_cache_bank/rd_data[14]_INST_0_i_3_n_0.  Did not re-place instance u_dut/gen_input_slots[1].gen_input_banks[3].u_input_cache_bank/rd_data[14]_INST_0_i_3
INFO: [Physopt 32-663] Processed net u_dut/rd_cmd_addr_q_reg_n_0_[0][0][0]_repN.  Re-placed instance u_dut/rd_cmd_addr_q_reg[0][0][0]_replica
INFO: [Physopt 32-662] Processed net u_dut/gen_input_slots[1].gen_input_banks[0].u_input_cache_bank/rd_data[7]_INST_0_i_6_n_0.  Did not re-place instance u_dut/gen_input_slots[1].gen_input_banks[0].u_input_cache_bank/rd_data[7]_INST_0_i_6
INFO: [Physopt 32-662] Processed net u_dut/rd_cmd_addr_q_reg_n_0_[0][0][2]_repN_3.  Did not re-place instance u_dut/rd_cmd_addr_q_reg[0][0][2]_replica_3
INFO: [Physopt 32-662] Processed net u_dut/gen_input_slots[1].gen_input_banks[1].u_input_cache_bank/rd_data[8]_INST_0_i_4_n_0.  Did not re-place instance u_dut/gen_input_slots[1].gen_input_banks[1].u_input_cache_bank/rd_data[8]_INST_0_i_4
INFO: [Physopt 32-662] Processed net u_dut/lfnst_mem_resp_data_q[8]_i_2_n_0.  Did not re-place instance u_dut/lfnst_mem_resp_data_q[8]_i_2
INFO: [Physopt 32-662] Processed net u_dut/lfnst_mem_resp_data_q[8].  Did not re-place instance u_dut/lfnst_mem_resp_data_q_reg[8]
INFO: [Physopt 32-662] Processed net u_dut/gen_input_slots[1].gen_input_banks[1].u_input_cache_bank/rd_data[4]_INST_0_i_4_n_0.  Did not re-place instance u_dut/gen_input_slots[1].gen_input_banks[1].u_input_cache_bank/rd_data[4]_INST_0_i_4
INFO: [Physopt 32-662] Processed net u_dut/gen_input_slots[1].gen_input_banks[2].u_input_cache_bank/rd_data[15]_INST_0_i_5_n_0.  Did not re-place instance u_dut/gen_input_slots[1].gen_input_banks[2].u_input_cache_bank/rd_data[15]_INST_0_i_5
INFO: [Physopt 32-662] Processed net u_dut/lfnst_mem_resp_data_q[15]_i_3_n_0.  Did not re-place instance u_dut/lfnst_mem_resp_data_q[15]_i_3
INFO: [Physopt 32-662] Processed net u_dut/rd_cmd_addr_q_reg_n_0_[0][0][0]_repN_5.  Did not re-place instance u_dut/rd_cmd_addr_q_reg[0][0][0]_replica_5
INFO: [Physopt 32-662] Processed net u_dut/rd_cmd_addr_q_reg_n_0_[1][0][2].  Did not re-place instance u_dut/rd_cmd_addr_q_reg[1][0][2]
INFO: [Physopt 32-662] Processed net u_dut/gen_input_slots[1].gen_input_banks[1].u_input_cache_bank/rd_data[14]_INST_0_i_3_n_0.  Did not re-place instance u_dut/gen_input_slots[1].gen_input_banks[1].u_input_cache_bank/rd_data[14]_INST_0_i_3
INFO: [Physopt 32-662] Processed net u_dut/rd_cmd_addr_q_reg_n_0_[0][0][1]_repN_3.  Did not re-place instance u_dut/rd_cmd_addr_q_reg[0][0][1]_replica_3
INFO: [Physopt 32-662] Processed net u_dut/gen_input_slots[1].gen_input_banks[1].u_input_cache_bank/rd_data[14]_INST_0_i_6_n_0.  Did not re-place instance u_dut/gen_input_slots[1].gen_input_banks[1].u_input_cache_bank/rd_data[14]_INST_0_i_6
INFO: [Physopt 32-662] Processed net u_dut/gen_input_slots[1].gen_input_banks[0].u_input_cache_bank/rd_data[8]_INST_0_i_6_n_0.  Did not re-place instance u_dut/gen_input_slots[1].gen_input_banks[0].u_input_cache_bank/rd_data[8]_INST_0_i_6
INFO: [Physopt 32-662] Processed net u_dut/rd_cmd_addr_q_reg_n_0_[1][0][3].  Did not re-place instance u_dut/rd_cmd_addr_q_reg[1][0][3]
INFO: [Physopt 32-662] Processed net u_dut/gen_input_slots[1].gen_input_banks[0].u_input_cache_bank/rd_data[14]_INST_0_i_3_n_0.  Did not re-place instance u_dut/gen_input_slots[1].gen_input_banks[0].u_input_cache_bank/rd_data[14]_INST_0_i_3
INFO: [Physopt 32-662] Processed net u_dut/gen_input_slots[1].gen_input_banks[0].u_input_cache_bank/rd_data[7]_INST_0_i_3_n_0.  Did not re-place instance u_dut/gen_input_slots[1].gen_input_banks[0].u_input_cache_bank/rd_data[7]_INST_0_i_3
INFO: [Physopt 32-662] Processed net u_dut/gen_input_slots[0].gen_input_banks[3].u_input_cache_bank/rd_data[1]_INST_0_i_3_n_0.  Did not re-place instance u_dut/gen_input_slots[0].gen_input_banks[3].u_input_cache_bank/rd_data[1]_INST_0_i_3
INFO: [Physopt 32-662] Processed net u_dut/lfnst_mem_resp_data_q[1]_i_3_n_0.  Did not re-place instance u_dut/lfnst_mem_resp_data_q[1]_i_3
INFO: [Physopt 32-662] Processed net u_dut/lfnst_mem_resp_data_q[1].  Did not re-place instance u_dut/lfnst_mem_resp_data_q_reg[1]
INFO: [Physopt 32-662] Processed net u_dut/gen_input_slots[1].gen_input_banks[0].u_input_cache_bank/rd_data[12]_INST_0_i_6_n_0.  Did not re-place instance u_dut/gen_input_slots[1].gen_input_banks[0].u_input_cache_bank/rd_data[12]_INST_0_i_6
INFO: [Physopt 32-662] Processed net u_dut/lfnst_mem_resp_data_q[12]_i_2_n_0.  Did not re-place instance u_dut/lfnst_mem_resp_data_q[12]_i_2
INFO: [Physopt 32-662] Processed net u_dut/lfnst_mem_resp_data_q[12].  Did not re-place instance u_dut/lfnst_mem_resp_data_q_reg[12]
INFO: [Physopt 32-662] Processed net u_dut/gen_input_slots[1].gen_input_banks[1].u_input_cache_bank/rd_data[4]_INST_0_i_3_n_0.  Did not re-place instance u_dut/gen_input_slots[1].gen_input_banks[1].u_input_cache_bank/rd_data[4]_INST_0_i_3
INFO: [Physopt 32-662] Processed net u_dut/kernel_rd_req_group_q[4]_i_1_n_0.  Did not re-place instance u_dut/kernel_rd_req_group_q[4]_i_1
INFO: [Physopt 32-662] Processed net u_dut/fill_write_command_generate.row_i[2].  Did not re-place instance u_dut/kernel_rd_req_group_q_reg[0]
INFO: [Physopt 32-662] Processed net u_dut/gen_input_slots[1].gen_input_banks[3].u_input_cache_bank/rd_data[11]_INST_0_i_6_n_0.  Did not re-place instance u_dut/gen_input_slots[1].gen_input_banks[3].u_input_cache_bank/rd_data[11]_INST_0_i_6
INFO: [Physopt 32-662] Processed net u_dut/kernel_rd_req_group_q[4]_i_6_n_0.  Did not re-place instance u_dut/kernel_rd_req_group_q[4]_i_6
INFO: [Physopt 32-662] Processed net u_dut/lfnst_mem_resp_data_q[11]_i_3_n_0.  Did not re-place instance u_dut/lfnst_mem_resp_data_q[11]_i_3
INFO: [Physopt 32-662] Processed net u_dut/fill_write_command_generate.row_i[4].  Did not re-place instance u_dut/kernel_rd_req_group_q_reg[2]
INFO: [Physopt 32-662] Processed net u_dut/fill_write_command_generate.row_i[6].  Did not re-place instance u_dut/kernel_rd_req_group_q_reg[4]
INFO: [Physopt 32-662] Processed net u_dut/gen_input_slots[1].gen_input_banks[0].u_input_cache_bank/rd_data[11]_INST_0_i_6_n_0.  Did not re-place instance u_dut/gen_input_slots[1].gen_input_banks[0].u_input_cache_bank/rd_data[11]_INST_0_i_6
INFO: [Physopt 32-662] Processed net u_dut/fill_write_command_generate.row_i[3].  Did not re-place instance u_dut/kernel_rd_req_group_q_reg[1]
INFO: [Physopt 32-662] Processed net u_dut/fill_write_command_generate.row_i[5].  Did not re-place instance u_dut/kernel_rd_req_group_q_reg[3]
INFO: [Physopt 32-662] Processed net u_dut/gen_input_slots[0].gen_input_banks[3].u_input_cache_bank/rd_data[0]_INST_0_i_3_n_0.  Did not re-place instance u_dut/gen_input_slots[0].gen_input_banks[3].u_input_cache_bank/rd_data[0]_INST_0_i_3
INFO: [Physopt 32-662] Processed net u_dut/lfnst_mem_resp_data_q[0]_i_3_n_0.  Did not re-place instance u_dut/lfnst_mem_resp_data_q[0]_i_3
INFO: [Physopt 32-662] Processed net u_dut/lfnst_mem_resp_data_q[0].  Did not re-place instance u_dut/lfnst_mem_resp_data_q_reg[0]
INFO: [Physopt 32-663] Processed net u_dut/rd_cmd_addr_q_reg_n_0_[0][0][2]_repN.  Re-placed instance u_dut/rd_cmd_addr_q_reg[0][0][2]_replica
INFO: [Physopt 32-662] Processed net u_dut/rd_cmd_addr_q_reg_n_0_[0][0][1].  Did not re-place instance u_dut/rd_cmd_addr_q_reg[0][0][1]
INFO: [Physopt 32-662] Processed net u_dut/rd_cmd_addr_q_reg_n_0_[0][0][0]_repN_4.  Did not re-place instance u_dut/rd_cmd_addr_q_reg[0][0][0]_replica_4
INFO: [Physopt 32-662] Processed net u_dut/rd_cmd_addr_q_reg_n_0_[0][0][1]_repN.  Did not re-place instance u_dut/rd_cmd_addr_q_reg[0][0][1]_replica
INFO: [Physopt 32-662] Processed net u_dut/gen_input_slots[1].gen_input_banks[0].u_input_cache_bank/rd_data[15]_INST_0_i_3_n_0.  Did not re-place instance u_dut/gen_input_slots[1].gen_input_banks[0].u_input_cache_bank/rd_data[15]_INST_0_i_3
INFO: [Physopt 32-662] Processed net u_dut/rd_cmd_addr_q_reg_n_0_[0][0][0]_repN_2.  Did not re-place instance u_dut/rd_cmd_addr_q_reg[0][0][0]_replica_2
INFO: [Physopt 32-662] Processed net u_dut/rd_cmd_addr_q_reg_n_0_[0][0][3]_repN_3.  Did not re-place instance u_dut/rd_cmd_addr_q_reg[0][0][3]_replica_3
INFO: [Physopt 32-662] Processed net u_dut/gen_input_slots[1].gen_input_banks[0].u_input_cache_bank/rd_data[7]_INST_0_i_5_n_0.  Did not re-place instance u_dut/gen_input_slots[1].gen_input_banks[0].u_input_cache_bank/rd_data[7]_INST_0_i_5
INFO: [Physopt 32-662] Processed net u_dut/gen_input_slots[1].gen_input_banks[1].u_input_cache_bank/rd_data[8]_INST_0_i_3_n_0.  Did not re-place instance u_dut/gen_input_slots[1].gen_input_banks[1].u_input_cache_bank/rd_data[8]_INST_0_i_3
INFO: [Physopt 32-662] Processed net u_dut/gen_input_slots[1].gen_input_banks[0].u_input_cache_bank/rd_data[15]_INST_0_i_5_n_0.  Did not re-place instance u_dut/gen_input_slots[1].gen_input_banks[0].u_input_cache_bank/rd_data[15]_INST_0_i_5
INFO: [Physopt 32-662] Processed net u_dut/rd_cmd_addr_q_reg_n_0_[0][1][5].  Did not re-place instance u_dut/rd_cmd_addr_q_reg[0][1][5]
INFO: [Physopt 32-662] Processed net u_dut/gen_input_slots[1].gen_input_banks[3].u_input_cache_bank/rd_data[12]_INST_0_i_6_n_0.  Did not re-place instance u_dut/gen_input_slots[1].gen_input_banks[3].u_input_cache_bank/rd_data[12]_INST_0_i_6
INFO: [Physopt 32-662] Processed net u_dut/lfnst_mem_resp_data_q[12]_i_3_n_0.  Did not re-place instance u_dut/lfnst_mem_resp_data_q[12]_i_3
INFO: [Physopt 32-662] Processed net u_dut/gen_input_slots[1].gen_input_banks[1].u_input_cache_bank/rd_data[1]_INST_0_i_3_n_0.  Did not re-place instance u_dut/gen_input_slots[1].gen_input_banks[1].u_input_cache_bank/rd_data[1]_INST_0_i_3
INFO: [Physopt 32-662] Processed net u_dut/lfnst_mem_resp_data_q[1]_i_2_n_0.  Did not re-place instance u_dut/lfnst_mem_resp_data_q[1]_i_2
INFO: [Physopt 32-662] Processed net u_dut/gen_input_slots[1].gen_input_banks[0].u_input_cache_bank/rd_data[10]_INST_0_i_5_n_0.  Did not re-place instance u_dut/gen_input_slots[1].gen_input_banks[0].u_input_cache_bank/rd_data[10]_INST_0_i_5
INFO: [Physopt 32-662] Processed net u_dut/gen_input_slots[1].gen_input_banks[0].u_input_cache_bank/rd_data[10]_INST_0_i_3_n_0.  Did not re-place instance u_dut/gen_input_slots[1].gen_input_banks[0].u_input_cache_bank/rd_data[10]_INST_0_i_3
INFO: [Physopt 32-662] Processed net u_dut/gen_input_slots[1].gen_input_banks[1].u_input_cache_bank/rd_data[10]_INST_0_i_3_n_0.  Did not re-place instance u_dut/gen_input_slots[1].gen_input_banks[1].u_input_cache_bank/rd_data[10]_INST_0_i_3
INFO: [Physopt 32-662] Processed net u_dut/gen_input_slots[1].gen_input_banks[1].u_input_cache_bank/rd_data[4]_INST_0_i_5_n_0.  Did not re-place instance u_dut/gen_input_slots[1].gen_input_banks[1].u_input_cache_bank/rd_data[4]_INST_0_i_5
INFO: [Physopt 32-662] Processed net u_dut/gen_input_slots[1].gen_input_banks[1].u_input_cache_bank/rd_data[7]_INST_0_i_6_n_0.  Did not re-place instance u_dut/gen_input_slots[1].gen_input_banks[1].u_input_cache_bank/rd_data[7]_INST_0_i_6
INFO: [Physopt 32-662] Processed net u_dut/kernel_rd_raw_data_q[0].  Did not re-place instance u_dut/kernel_rd_raw_group_q[4]_i_1
INFO: [Physopt 32-662] Processed net u_dut/kernel_rd_raw_data_q_reg_n_0_[24].  Did not re-place instance u_dut/kernel_rd_raw_data_q_reg[24]
INFO: [Physopt 32-662] Processed net u_dut/u_unified_p4_kernel/reserved_groups_q[1]_repN.  Did not re-place instance u_dut/u_unified_p4_kernel/reserved_groups_q_reg[1]_replica
INFO: [Physopt 32-662] Processed net u_dut/gen_input_slots[1].gen_input_banks[1].u_input_cache_bank/rd_data[15]_INST_0_i_3_n_0.  Did not re-place instance u_dut/gen_input_slots[1].gen_input_banks[1].u_input_cache_bank/rd_data[15]_INST_0_i_3
INFO: [Physopt 32-662] Processed net u_dut/gen_input_slots[1].gen_input_banks[1].u_input_cache_bank/rd_data[5]_INST_0_i_3_n_0.  Did not re-place instance u_dut/gen_input_slots[1].gen_input_banks[1].u_input_cache_bank/rd_data[5]_INST_0_i_3
INFO: [Physopt 32-662] Processed net u_dut/gen_input_slots[1].gen_input_banks[3].u_input_cache_bank/rd_data[15]_INST_0_i_5_n_0.  Did not re-place instance u_dut/gen_input_slots[1].gen_input_banks[3].u_input_cache_bank/rd_data[15]_INST_0_i_5
INFO: [Physopt 32-662] Processed net u_dut/gen_input_slots[1].gen_input_banks[3].u_input_cache_bank/rd_data[10]_INST_0_i_6_n_0.  Did not re-place instance u_dut/gen_input_slots[1].gen_input_banks[3].u_input_cache_bank/rd_data[10]_INST_0_i_6
INFO: [Physopt 32-662] Processed net u_dut/lfnst_mem_resp_data_q[10]_i_3_n_0.  Did not re-place instance u_dut/lfnst_mem_resp_data_q[10]_i_3
INFO: [Physopt 32-662] Processed net u_dut/gen_input_slots[0].gen_input_banks[3].u_input_cache_bank/rd_data[3]_INST_0_i_3_n_0.  Did not re-place instance u_dut/gen_input_slots[0].gen_input_banks[3].u_input_cache_bank/rd_data[3]_INST_0_i_3
INFO: [Physopt 32-662] Processed net u_dut/lfnst_mem_resp_data_q[3]_i_3_n_0.  Did not re-place instance u_dut/lfnst_mem_resp_data_q[3]_i_3
INFO: [Physopt 32-662] Processed net u_dut/lfnst_mem_resp_data_q[3].  Did not re-place instance u_dut/lfnst_mem_resp_data_q_reg[3]
INFO: [Physopt 32-662] Processed net u_dut/rd_cmd_addr_q_reg_n_0_[0][1][4].  Did not re-place instance u_dut/rd_cmd_addr_q_reg[0][1][4]
INFO: [Physopt 32-663] Processed net u_dut/kernel_ctx_output_size_q_reg_n_0_[4]_repN.  Re-placed instance u_dut/kernel_ctx_output_size_q_reg[4]_replica
INFO: [Physopt 32-662] Processed net u_dut/gen_input_slots[1].gen_input_banks[1].u_input_cache_bank/rd_data[3]_INST_0_i_3_n_0.  Did not re-place instance u_dut/gen_input_slots[1].gen_input_banks[1].u_input_cache_bank/rd_data[3]_INST_0_i_3
INFO: [Physopt 32-662] Processed net u_dut/lfnst_mem_resp_data_q[3]_i_2_n_0.  Did not re-place instance u_dut/lfnst_mem_resp_data_q[3]_i_2
INFO: [Physopt 32-662] Processed net u_dut/gen_input_slots[0].gen_input_banks[3].u_input_cache_bank/rd_data[1]_INST_0_i_4_n_0.  Did not re-place instance u_dut/gen_input_slots[0].gen_input_banks[3].u_input_cache_bank/rd_data[1]_INST_0_i_4
INFO: [Physopt 32-662] Processed net u_dut/gen_input_slots[1].gen_input_banks[0].u_input_cache_bank/rd_data[13]_INST_0_i_3_n_0.  Did not re-place instance u_dut/gen_input_slots[1].gen_input_banks[0].u_input_cache_bank/rd_data[13]_INST_0_i_3
INFO: [Physopt 32-662] Processed net u_dut/gen_input_slots[1].gen_input_banks[3].u_input_cache_bank/rd_data[4]_INST_0_i_6_n_0.  Did not re-place instance u_dut/gen_input_slots[1].gen_input_banks[3].u_input_cache_bank/rd_data[4]_INST_0_i_6
INFO: [Physopt 32-662] Processed net u_dut/lfnst_mem_resp_data_q[13]_i_2_n_0.  Did not re-place instance u_dut/lfnst_mem_resp_data_q[13]_i_2
INFO: [Physopt 32-662] Processed net u_dut/lfnst_mem_resp_data_q[4]_i_3_n_0.  Did not re-place instance u_dut/lfnst_mem_resp_data_q[4]_i_3
INFO: [Physopt 32-662] Processed net u_dut/lfnst_mem_resp_data_q[13].  Did not re-place instance u_dut/lfnst_mem_resp_data_q_reg[13]
INFO: [Physopt 32-662] Processed net u_dut/rd_cmd_addr_q_reg_n_0_[0][0][1]_repN_2.  Did not re-place instance u_dut/rd_cmd_addr_q_reg[0][0][1]_replica_2
INFO: [Physopt 32-662] Processed net u_dut/rd_cmd_addr_q_reg_n_0_[0][0][2]_repN_2.  Did not re-place instance u_dut/rd_cmd_addr_q_reg[0][0][2]_replica_2
INFO: [Physopt 32-663] Processed net u_dut/u_unified_p4_kernel_i_680_n_0.  Re-placed instance u_dut/u_unified_p4_kernel_i_680
INFO: [Physopt 32-662] Processed net u_dut/kernel_stage_q_reg_n_0.  Did not re-place instance u_dut/kernel_stage_q_reg
INFO: [Physopt 32-662] Processed net u_dut/gen_input_slots[1].gen_input_banks[0].u_input_cache_bank/rd_data[8]_INST_0_i_5_n_0.  Did not re-place instance u_dut/gen_input_slots[1].gen_input_banks[0].u_input_cache_bank/rd_data[8]_INST_0_i_5
INFO: [Physopt 32-662] Processed net u_dut/kernel_in_data22_out[50].  Did not re-place instance u_dut/u_unified_p4_kernel_i_16
INFO: [Physopt 32-663] Processed net u_dut/kernel_in_data22_out[61].  Re-placed instance u_dut/u_unified_p4_kernel_i_5
INFO: [Physopt 32-662] Processed net u_dut/lfnst_grid[13].  Did not re-place instance u_dut/u_unified_p4_kernel_i_283
INFO: [Physopt 32-663] Processed net u_dut/lfnst_grid[2].  Re-placed instance u_dut/u_unified_p4_kernel_i_294
INFO: [Physopt 32-662] Processed net u_dut/u_unified_p4_kernel_i_113_n_0.  Did not re-place instance u_dut/u_unified_p4_kernel_i_113
INFO: [Physopt 32-663] Processed net u_dut/u_unified_p4_kernel_i_392_n_0.  Re-placed instance u_dut/u_unified_p4_kernel_i_392
INFO: [Physopt 32-662] Processed net u_dut/u_unified_p4_kernel_i_436_n_0.  Did not re-place instance u_dut/u_unified_p4_kernel_i_436
INFO: [Physopt 32-662] Processed net u_dut/u_unified_p4_kernel_i_81_n_0.  Did not re-place instance u_dut/u_unified_p4_kernel_i_81
INFO: [Physopt 32-662] Processed net u_dut/u_unified_p4_kernel/p_268_out[13].  Did not re-place instance u_dut/u_unified_p4_kernel/ingress_data_q_reg[61]
INFO: [Physopt 32-662] Processed net u_dut/u_unified_p4_kernel/p_268_out[2].  Did not re-place instance u_dut/u_unified_p4_kernel/ingress_data_q_reg[50]
INFO: [Physopt 32-662] Processed net u_dut/gen_input_slots[1].gen_input_banks[0].u_input_cache_bank/rd_data[15]_INST_0_i_6_n_0.  Did not re-place instance u_dut/gen_input_slots[1].gen_input_banks[0].u_input_cache_bank/rd_data[15]_INST_0_i_6
INFO: [Physopt 32-662] Processed net u_dut/gen_input_slots[1].gen_input_banks[1].u_input_cache_bank/rd_data[0]_INST_0_i_4_n_0.  Did not re-place instance u_dut/gen_input_slots[1].gen_input_banks[1].u_input_cache_bank/rd_data[0]_INST_0_i_4
INFO: [Physopt 32-662] Processed net u_dut/gen_input_slots[1].gen_input_banks[2].u_input_cache_bank/rd_data[14]_INST_0_i_5_n_0.  Did not re-place instance u_dut/gen_input_slots[1].gen_input_banks[2].u_input_cache_bank/rd_data[14]_INST_0_i_5
INFO: [Physopt 32-662] Processed net u_dut/lfnst_mem_resp_data_q[0]_i_2_n_0.  Did not re-place instance u_dut/lfnst_mem_resp_data_q[0]_i_2
INFO: [Physopt 32-662] Processed net u_dut/gen_input_slots[1].gen_input_banks[1].u_input_cache_bank/rd_data[2]_INST_0_i_6_n_0.  Did not re-place instance u_dut/gen_input_slots[1].gen_input_banks[1].u_input_cache_bank/rd_data[2]_INST_0_i_6
INFO: [Physopt 32-662] Processed net u_dut/gen_input_slots[1].gen_input_banks[3].u_input_cache_bank/rd_data[8]_INST_0_i_6_n_0.  Did not re-place instance u_dut/gen_input_slots[1].gen_input_banks[3].u_input_cache_bank/rd_data[8]_INST_0_i_6
INFO: [Physopt 32-663] Processed net u_dut/kernel_rd_raw_data_q[20]_i_1_n_0.  Re-placed instance u_dut/kernel_rd_raw_data_q[20]_i_1
INFO: [Physopt 32-662] Processed net u_dut/lfnst_mem_resp_data_q[2]_i_2_n_0.  Did not re-place instance u_dut/lfnst_mem_resp_data_q[2]_i_2
INFO: [Physopt 32-662] Processed net u_dut/lfnst_mem_resp_data_q[8]_i_3_n_0.  Did not re-place instance u_dut/lfnst_mem_resp_data_q[8]_i_3
INFO: [Physopt 32-662] Processed net u_dut/kernel_rd_raw_data_q_reg_n_0_[20].  Did not re-place instance u_dut/kernel_rd_raw_data_q_reg[20]
INFO: [Physopt 32-662] Processed net u_dut/lfnst_mem_resp_data_q[2].  Did not re-place instance u_dut/lfnst_mem_resp_data_q_reg[2]
INFO: [Physopt 32-662] Processed net u_dut/kernel_phase_q_reg_n_0_[0].  Did not re-place instance u_dut/kernel_phase_q_reg[0]
INFO: [Physopt 32-663] Processed net u_dut/kernel_phase_q_reg_n_0_[3].  Re-placed instance u_dut/kernel_phase_q_reg[3]
INFO: [Physopt 32-662] Processed net u_dut/u_unified_p4_kernel_i_69_n_0.  Did not re-place instance u_dut/u_unified_p4_kernel_i_69
INFO: [Physopt 32-662] Processed net u_dut/u_unified_p4_kernel_i_273_n_0.  Did not re-place instance u_dut/u_unified_p4_kernel_i_273_rewire
INFO: [Physopt 32-662] Processed net u_dut/u_unified_p4_kernel_i_272_n_0.  Did not re-place instance u_dut/u_unified_p4_kernel_i_272
INFO: [Physopt 32-662] Processed net u_dut/kernel_in_valid.  Did not re-place instance u_dut/u_unified_p4_kernel_i_2_rewire
INFO: [Physopt 32-662] Processed net u_dut/gen_input_slots[1].gen_input_banks[1].u_input_cache_bank/rd_data[0]_INST_0_i_3_n_0.  Did not re-place instance u_dut/gen_input_slots[1].gen_input_banks[1].u_input_cache_bank/rd_data[0]_INST_0_i_3
INFO: [Physopt 32-662] Processed net u_dut/gen_input_slots[0].gen_input_banks[0].u_input_cache_bank/rd_data[14]_INST_0_i_3_n_0.  Did not re-place instance u_dut/gen_input_slots[0].gen_input_banks[0].u_input_cache_bank/rd_data[14]_INST_0_i_3
INFO: [Physopt 32-662] Processed net u_dut/gen_input_slots[1].gen_input_banks[1].u_input_cache_bank/rd_data[0]_INST_0_i_6_n_0.  Did not re-place instance u_dut/gen_input_slots[1].gen_input_banks[1].u_input_cache_bank/rd_data[0]_INST_0_i_6
INFO: [Physopt 32-662] Processed net u_dut/gen_input_slots[1].gen_input_banks[1].u_input_cache_bank/rd_data[6]_INST_0_i_6_n_0.  Did not re-place instance u_dut/gen_input_slots[1].gen_input_banks[1].u_input_cache_bank/rd_data[6]_INST_0_i_6
INFO: [Physopt 32-662] Processed net u_dut/gen_input_slots[1].gen_input_banks[3].u_input_cache_bank/rd_data[4]_INST_0_i_4_n_0.  Did not re-place instance u_dut/gen_input_slots[1].gen_input_banks[3].u_input_cache_bank/rd_data[4]_INST_0_i_4
INFO: [Physopt 32-662] Processed net u_dut/gen_input_slots[1].gen_input_banks[3].u_input_cache_bank/rd_data[8]_INST_0_i_5_n_0.  Did not re-place instance u_dut/gen_input_slots[1].gen_input_banks[3].u_input_cache_bank/rd_data[8]_INST_0_i_5
INFO: [Physopt 32-662] Processed net u_dut/lfnst_mem_resp_data_q[6]_i_2_n_0.  Did not re-place instance u_dut/lfnst_mem_resp_data_q[6]_i_2
INFO: [Physopt 32-662] Processed net u_dut/lfnst_mem_resp_data_q[6].  Did not re-place instance u_dut/lfnst_mem_resp_data_q_reg[6]
INFO: [Physopt 32-662] Processed net u_dut/rd_cmd_addr_q_reg_n_0_[0][3][5].  Did not re-place instance u_dut/rd_cmd_addr_q_reg[0][3][5]
INFO: [Physopt 32-662] Processed net u_dut/gen_input_slots[1].gen_input_banks[0].u_input_cache_bank/rd_data[8]_INST_0_i_4_n_0.  Did not re-place instance u_dut/gen_input_slots[1].gen_input_banks[0].u_input_cache_bank/rd_data[8]_INST_0_i_4
INFO: [Physopt 32-662] Processed net u_dut/kernel_in_data22_out[60].  Did not re-place instance u_dut/u_unified_p4_kernel_i_6
INFO: [Physopt 32-662] Processed net u_dut/lfnst_grid[12].  Did not re-place instance u_dut/u_unified_p4_kernel_i_284
INFO: [Physopt 32-663] Processed net u_dut/u_unified_p4_kernel_i_396_n_0.  Re-placed instance u_dut/u_unified_p4_kernel_i_396
INFO: [Physopt 32-662] Processed net u_dut/u_unified_p4_kernel_i_83_n_0.  Did not re-place instance u_dut/u_unified_p4_kernel_i_83
INFO: [Physopt 32-662] Processed net u_dut/u_unified_p4_kernel/p_268_out[12].  Did not re-place instance u_dut/u_unified_p4_kernel/ingress_data_q_reg[60]
INFO: [Physopt 32-662] Processed net u_dut/gen_input_slots[1].gen_input_banks[1].u_input_cache_bank/rd_data[14]_INST_0_i_5_n_0.  Did not re-place instance u_dut/gen_input_slots[1].gen_input_banks[1].u_input_cache_bank/rd_data[14]_INST_0_i_5
INFO: [Physopt 32-662] Processed net u_dut/gen_input_slots[1].gen_input_banks[1].u_input_cache_bank/rd_data[7]_INST_0_i_3_n_0.  Did not re-place instance u_dut/gen_input_slots[1].gen_input_banks[1].u_input_cache_bank/rd_data[7]_INST_0_i_3
INFO: [Physopt 32-662] Processed net u_dut/gen_input_slots[1].gen_input_banks[2].u_input_cache_bank/rd_data[6]_INST_0_i_6_n_0.  Did not re-place instance u_dut/gen_input_slots[1].gen_input_banks[2].u_input_cache_bank/rd_data[6]_INST_0_i_6
INFO: [Physopt 32-662] Processed net u_dut/lfnst_mem_resp_data_q[6]_i_3_n_0.  Did not re-place instance u_dut/lfnst_mem_resp_data_q[6]_i_3
INFO: [Physopt 32-662] Processed net u_dut/gen_input_slots[0].gen_input_banks[3].u_input_cache_bank/rd_data[6]_INST_0_i_3_n_0.  Did not re-place instance u_dut/gen_input_slots[0].gen_input_banks[3].u_input_cache_bank/rd_data[6]_INST_0_i_3
INFO: [Physopt 32-663] Processed net u_dut/kernel_phase_q_reg_n_0_[1].  Re-placed instance u_dut/kernel_phase_q_reg[1]
INFO: [Physopt 32-662] Processed net u_dut/gen_input_slots[1].gen_input_banks[1].u_input_cache_bank/rd_data[10]_INST_0_i_5_n_0.  Did not re-place instance u_dut/gen_input_slots[1].gen_input_banks[1].u_input_cache_bank/rd_data[10]_INST_0_i_5
INFO: [Physopt 32-662] Processed net u_dut/kernel_rd_raw_data_q[21]_i_1_n_0.  Did not re-place instance u_dut/kernel_rd_raw_data_q[21]_i_1
INFO: [Physopt 32-662] Processed net u_dut/kernel_rd_raw_data_q_reg_n_0_[21].  Did not re-place instance u_dut/kernel_rd_raw_data_q_reg[21]
INFO: [Physopt 32-662] Processed net u_dut/gen_input_slots[1].gen_input_banks[0].u_input_cache_bank/rd_data[8]_INST_0_i_3_n_0.  Did not re-place instance u_dut/gen_input_slots[1].gen_input_banks[0].u_input_cache_bank/rd_data[8]_INST_0_i_3
INFO: [Physopt 32-662] Processed net u_dut/gen_input_slots[0].gen_input_banks[0].u_input_cache_bank/rd_data[14]_INST_0_i_4_n_0.  Did not re-place instance u_dut/gen_input_slots[0].gen_input_banks[0].u_input_cache_bank/rd_data[14]_INST_0_i_4
INFO: [Physopt 32-662] Processed net u_dut/gen_input_slots[1].gen_input_banks[0].u_input_cache_bank/rd_data[12]_INST_0_i_3_n_0.  Did not re-place instance u_dut/gen_input_slots[1].gen_input_banks[0].u_input_cache_bank/rd_data[12]_INST_0_i_3
INFO: [Physopt 32-662] Processed net u_dut/rd_cmd_addr_q_reg_n_0_[0][0][3]_repN_2.  Did not re-place instance u_dut/rd_cmd_addr_q_reg[0][0][3]_replica_2
INFO: [Physopt 32-662] Processed net u_dut/gen_input_slots[1].gen_input_banks[2].u_input_cache_bank/rd_valid.  Did not re-place instance u_dut/gen_input_slots[1].gen_input_banks[2].u_input_cache_bank/rd_valid_INST_0
INFO: [Physopt 32-662] Processed net u_dut/gen_input_slots[1].gen_input_banks[3].u_input_cache_bank/rd_data[14]_INST_0_i_6_n_0.  Did not re-place instance u_dut/gen_input_slots[1].gen_input_banks[3].u_input_cache_bank/rd_data[14]_INST_0_i_6
INFO: [Physopt 32-662] Processed net u_dut/kernel_rd_raw_data_q[7]_i_1_n_0.  Did not re-place instance u_dut/kernel_rd_raw_data_q[7]_i_1
INFO: [Physopt 32-662] Processed net u_dut/kernel_rd_raw_data_q_reg_n_0_[7].  Did not re-place instance u_dut/kernel_rd_raw_data_q_reg[7]
INFO: [Physopt 32-662] Processed net u_dut/rd_cmd_addr_q_reg_n_0_[0][2][4].  Did not re-place instance u_dut/rd_cmd_addr_q_reg[0][2][4]
INFO: [Physopt 32-662] Processed net u_dut/rd_cmd_addr_q_reg_n_0_[0][0][3]_repN.  Did not re-place instance u_dut/rd_cmd_addr_q_reg[0][0][3]_replica
INFO: [Physopt 32-662] Processed net u_dut/gen_input_slots[1].gen_input_banks[0].u_input_cache_bank/rd_data[12]_INST_0_i_4_n_0.  Did not re-place instance u_dut/gen_input_slots[1].gen_input_banks[0].u_input_cache_bank/rd_data[12]_INST_0_i_4
INFO: [Physopt 32-662] Processed net u_dut/rd_cmd_addr_q_reg_n_0_[0][3][4].  Did not re-place instance u_dut/rd_cmd_addr_q_reg[0][3][4]
INFO: [Physopt 32-662] Processed net u_dut/gen_input_slots[1].gen_input_banks[1].u_input_cache_bank/rd_data[7]_INST_0_i_5_n_0.  Did not re-place instance u_dut/gen_input_slots[1].gen_input_banks[1].u_input_cache_bank/rd_data[7]_INST_0_i_5
INFO: [Physopt 32-662] Processed net u_dut/gen_input_slots[1].gen_input_banks[2].u_input_cache_bank/rd_data[6]_INST_0_i_5_n_0.  Did not re-place instance u_dut/gen_input_slots[1].gen_input_banks[2].u_input_cache_bank/rd_data[6]_INST_0_i_5
INFO: [Physopt 32-662] Processed net u_dut/gen_input_slots[1].gen_input_banks[1].u_input_cache_bank/rd_data[13]_INST_0_i_6_n_0.  Did not re-place instance u_dut/gen_input_slots[1].gen_input_banks[1].u_input_cache_bank/rd_data[13]_INST_0_i_6
INFO: [Physopt 32-663] Processed net u_dut/kernel_in_data22_out[55].  Re-placed instance u_dut/u_unified_p4_kernel_i_11
INFO: [Physopt 32-663] Processed net u_dut/lfnst_grid[7].  Re-placed instance u_dut/u_unified_p4_kernel_i_289
INFO: [Physopt 32-663] Processed net u_dut/u_unified_p4_kernel_i_416_n_0.  Re-placed instance u_dut/u_unified_p4_kernel_i_416
INFO: [Physopt 32-662] Processed net u_dut/u_unified_p4_kernel_i_99_n_0.  Did not re-place instance u_dut/u_unified_p4_kernel_i_99
INFO: [Physopt 32-662] Processed net u_dut/u_unified_p4_kernel/p_268_out[7].  Did not re-place instance u_dut/u_unified_p4_kernel/ingress_data_q_reg[55]
INFO: [Physopt 32-662] Processed net u_dut/gen_input_slots[1].gen_input_banks[1].u_input_cache_bank/rd_data[1]_INST_0_i_5_n_0.  Did not re-place instance u_dut/gen_input_slots[1].gen_input_banks[1].u_input_cache_bank/rd_data[1]_INST_0_i_5
INFO: [Physopt 32-662] Processed net u_dut/gen_input_slots[1].gen_input_banks[3].u_input_cache_bank/rd_data[13]_INST_0_i_5_n_0.  Did not re-place instance u_dut/gen_input_slots[1].gen_input_banks[3].u_input_cache_bank/rd_data[13]_INST_0_i_5
INFO: [Physopt 32-662] Processed net u_dut/lfnst_mem_resp_data_q[13]_i_3_n_0.  Did not re-place instance u_dut/lfnst_mem_resp_data_q[13]_i_3
INFO: [Physopt 32-662] Processed net u_dut/gen_input_slots[1].gen_input_banks[1].u_input_cache_bank/rd_data[8]_INST_0_i_5_n_0.  Did not re-place instance u_dut/gen_input_slots[1].gen_input_banks[1].u_input_cache_bank/rd_data[8]_INST_0_i_5
INFO: [Physopt 32-662] Processed net u_dut/gen_input_slots[1].gen_input_banks[1].u_input_cache_bank/rd_data[1]_INST_0_i_6_n_0.  Did not re-place instance u_dut/gen_input_slots[1].gen_input_banks[1].u_input_cache_bank/rd_data[1]_INST_0_i_6
INFO: [Physopt 32-662] Processed net u_dut/gen_input_slots[1].gen_input_banks[1].u_input_cache_bank/rd_data[5]_INST_0_i_4_n_0.  Did not re-place instance u_dut/gen_input_slots[1].gen_input_banks[1].u_input_cache_bank/rd_data[5]_INST_0_i_4
INFO: [Physopt 32-662] Processed net u_dut/kernel_rd_raw_data_q[24]_i_1_n_0.  Did not re-place instance u_dut/kernel_rd_raw_data_q[24]_i_1
INFO: [Physopt 32-662] Processed net u_dut/rd_cmd_addr_q_reg_n_0_[0][0][0]_repN_1.  Did not re-place instance u_dut/rd_cmd_addr_q_reg[0][0][0]_replica_1
INFO: [Physopt 32-662] Processed net u_dut/gen_input_slots[1].gen_input_banks[1].u_input_cache_bank/rd_data[14]_INST_0_i_4_n_0.  Did not re-place instance u_dut/gen_input_slots[1].gen_input_banks[1].u_input_cache_bank/rd_data[14]_INST_0_i_4
INFO: [Physopt 32-662] Processed net u_dut/gen_input_slots[1].gen_input_banks[1].u_input_cache_bank/rd_data[15]_INST_0_i_5_n_0.  Did not re-place instance u_dut/gen_input_slots[1].gen_input_banks[1].u_input_cache_bank/rd_data[15]_INST_0_i_5
INFO: [Physopt 32-662] Processed net u_dut/gen_input_slots[1].gen_input_banks[3].u_input_cache_bank/rd_data[5]_INST_0_i_4_n_0.  Did not re-place instance u_dut/gen_input_slots[1].gen_input_banks[3].u_input_cache_bank/rd_data[5]_INST_0_i_4
INFO: [Physopt 32-662] Processed net u_dut/gen_input_slots[1].gen_input_banks[3].u_input_cache_bank/rd_data[6]_INST_0_i_3_n_0.  Did not re-place instance u_dut/gen_input_slots[1].gen_input_banks[3].u_input_cache_bank/rd_data[6]_INST_0_i_3
INFO: [Physopt 32-662] Processed net u_dut/lfnst_mem_resp_data_q[5]_i_3_n_0.  Did not re-place instance u_dut/lfnst_mem_resp_data_q[5]_i_3
INFO: [Physopt 32-662] Processed net u_dut/gen_input_slots[1].gen_input_banks[1].u_input_cache_bank/rd_data[6]_INST_0_i_3_n_0.  Did not re-place instance u_dut/gen_input_slots[1].gen_input_banks[1].u_input_cache_bank/rd_data[6]_INST_0_i_3
INFO: [Physopt 32-662] Processed net u_dut/gen_input_slots[1].gen_input_banks[3].u_input_cache_bank/rd_data[12]_INST_0_i_5_n_0.  Did not re-place instance u_dut/gen_input_slots[1].gen_input_banks[3].u_input_cache_bank/rd_data[12]_INST_0_i_5
INFO: [Physopt 32-662] Processed net u_dut/gen_input_slots[1].gen_input_banks[3].u_input_cache_bank/rd_data[14]_INST_0_i_4_n_0.  Did not re-place instance u_dut/gen_input_slots[1].gen_input_banks[3].u_input_cache_bank/rd_data[14]_INST_0_i_4
INFO: [Physopt 32-662] Processed net u_dut/gen_input_slots[1].gen_input_banks[1].u_input_cache_bank/rd_data[5]_INST_0_i_5_n_0.  Did not re-place instance u_dut/gen_input_slots[1].gen_input_banks[1].u_input_cache_bank/rd_data[5]_INST_0_i_5
INFO: [Physopt 32-662] Processed net u_dut/gen_input_slots[1].gen_input_banks[1].u_input_cache_bank/rd_data[3]_INST_0_i_6_n_0.  Did not re-place instance u_dut/gen_input_slots[1].gen_input_banks[1].u_input_cache_bank/rd_data[3]_INST_0_i_6
INFO: [Physopt 32-662] Processed net u_dut/gen_input_slots[1].gen_input_banks[3].u_input_cache_bank/rd_data[4]_INST_0_i_3_n_0.  Did not re-place instance u_dut/gen_input_slots[1].gen_input_banks[3].u_input_cache_bank/rd_data[4]_INST_0_i_3
INFO: [Physopt 32-662] Processed net u_dut/rd_cmd_addr_q_reg_n_0_[0][0][3].  Did not re-place instance u_dut/rd_cmd_addr_q_reg[0][0][3]
INFO: [Physopt 32-662] Processed net u_dut/gen_input_slots[1].gen_input_banks[1].u_input_cache_bank/rd_data[2]_INST_0_i_3_n_0.  Did not re-place instance u_dut/gen_input_slots[1].gen_input_banks[1].u_input_cache_bank/rd_data[2]_INST_0_i_3
INFO: [Physopt 32-662] Processed net u_dut/gen_input_slots[1].gen_input_banks[2].u_input_cache_bank/rd_data[15]_INST_0_i_4_n_0.  Did not re-place instance u_dut/gen_input_slots[1].gen_input_banks[2].u_input_cache_bank/rd_data[15]_INST_0_i_4
INFO: [Physopt 32-662] Processed net u_dut/gen_input_slots[0].gen_input_banks[3].u_input_cache_bank/rd_data[5]_INST_0_i_3_n_0.  Did not re-place instance u_dut/gen_input_slots[0].gen_input_banks[3].u_input_cache_bank/rd_data[5]_INST_0_i_3
INFO: [Physopt 32-662] Processed net u_dut/gen_input_slots[1].gen_input_banks[1].u_input_cache_bank/rd_data[11]_INST_0_i_6_n_0.  Did not re-place instance u_dut/gen_input_slots[1].gen_input_banks[1].u_input_cache_bank/rd_data[11]_INST_0_i_6
INFO: [Physopt 32-662] Processed net u_dut/rd_cmd_addr_q_reg_n_0_[0][0][3]_repN_4.  Did not re-place instance u_dut/rd_cmd_addr_q_reg[0][0][3]_replica_4
INFO: [Physopt 32-662] Processed net u_dut/gen_input_slots[0].gen_input_banks[0].u_input_cache_bank/rd_data[14]_INST_0_i_6_n_0.  Did not re-place instance u_dut/gen_input_slots[0].gen_input_banks[0].u_input_cache_bank/rd_data[14]_INST_0_i_6
INFO: [Physopt 32-662] Processed net u_dut/u_unified_p4_kernel/input_group_fire_INST_0_i_4_n_0.  Did not re-place instance u_dut/u_unified_p4_kernel/input_group_fire_INST_0_i_4
INFO: [Physopt 32-662] Processed net u_dut/u_unified_p4_kernel/input_group_fire_INST_0_i_8_n_0.  Did not re-place instance u_dut/u_unified_p4_kernel/input_group_fire_INST_0_i_8
INFO: [Physopt 32-662] Processed net u_dut/u_unified_p4_kernel_i_70_n_0_repN_1.  Did not re-place instance u_dut/u_unified_p4_kernel_i_70_rewire_rewire_replica
INFO: [Physopt 32-662] Processed net u_dut/gen_input_slots[1].gen_input_banks[0].u_input_cache_bank/rd_data[11]_INST_0_i_4_n_0.  Did not re-place instance u_dut/gen_input_slots[1].gen_input_banks[0].u_input_cache_bank/rd_data[11]_INST_0_i_4
INFO: [Physopt 32-663] Processed net u_dut/kernel_rd_raw_data_q[26]_i_1_n_0.  Re-placed instance u_dut/kernel_rd_raw_data_q[26]_i_1
INFO: [Physopt 32-663] Processed net u_dut/kernel_rd_raw_data_q_reg_n_0_[26].  Re-placed instance u_dut/kernel_rd_raw_data_q_reg[26]
INFO: [Physopt 32-662] Processed net u_dut/gen_input_slots[1].gen_input_banks[3].u_input_cache_bank/rd_data[10]_INST_0_i_5_n_0.  Did not re-place instance u_dut/gen_input_slots[1].gen_input_banks[3].u_input_cache_bank/rd_data[10]_INST_0_i_5
INFO: [Physopt 32-662] Processed net u_dut/kernel_h_rd_raw_tail_group_q[0].  Did not re-place instance u_dut/kernel_h_rd_raw_tail_group_q[4]_i_1
INFO: [Physopt 32-662] Processed net u_dut/kernel_h_rd_raw_tail_group_q[4]_i_2_n_0.  Did not re-place instance u_dut/kernel_h_rd_raw_tail_group_q[4]_i_2_rewire
INFO: [Physopt 32-663] Processed net u_dut/kernel_h_rd_data_tail_q_reg_n_0_[63].  Re-placed instance u_dut/kernel_h_rd_data_tail_q_reg[63]
INFO: [Physopt 32-662] Processed net u_dut/gen_input_slots[1].gen_input_banks[3].u_input_cache_bank/rd_data[6]_INST_0_i_6_n_0.  Did not re-place instance u_dut/gen_input_slots[1].gen_input_banks[3].u_input_cache_bank/rd_data[6]_INST_0_i_6
INFO: [Physopt 32-662] Processed net u_dut/kernel_rd_raw_data_q[31]_i_1_n_0.  Did not re-place instance u_dut/kernel_rd_raw_data_q[31]_i_1
INFO: [Physopt 32-662] Processed net u_dut/kernel_rd_raw_data_q_reg_n_0_[31].  Did not re-place instance u_dut/kernel_rd_raw_data_q_reg[31]
INFO: [Physopt 32-662] Processed net u_dut/gen_input_slots[1].gen_input_banks[0].u_input_cache_bank/rd_data[13]_INST_0_i_6_n_0.  Did not re-place instance u_dut/gen_input_slots[1].gen_input_banks[0].u_input_cache_bank/rd_data[13]_INST_0_i_6
INFO: [Physopt 32-662] Processed net u_dut/gen_input_slots[1].gen_input_banks[1].u_input_cache_bank/rd_data[3]_INST_0_i_5_n_0.  Did not re-place instance u_dut/gen_input_slots[1].gen_input_banks[1].u_input_cache_bank/rd_data[3]_INST_0_i_5
INFO: [Physopt 32-662] Processed net u_dut/gen_input_slots[0].gen_input_banks[3].u_input_cache_bank/rd_data[2]_INST_0_i_4_n_0.  Did not re-place instance u_dut/gen_input_slots[0].gen_input_banks[3].u_input_cache_bank/rd_data[2]_INST_0_i_4
INFO: [Physopt 32-662] Processed net u_dut/gen_input_slots[1].gen_input_banks[1].u_input_cache_bank/rd_data[13]_INST_0_i_3_n_0.  Did not re-place instance u_dut/gen_input_slots[1].gen_input_banks[1].u_input_cache_bank/rd_data[13]_INST_0_i_3
INFO: [Physopt 32-662] Processed net u_dut/gen_input_slots[1].gen_input_banks[1].u_input_cache_bank/rd_data[2]_INST_0_i_4_n_0.  Did not re-place instance u_dut/gen_input_slots[1].gen_input_banks[1].u_input_cache_bank/rd_data[2]_INST_0_i_4
INFO: [Physopt 32-662] Processed net u_dut/lfnst_mem_resp_data_q[2]_i_3_n_0.  Did not re-place instance u_dut/lfnst_mem_resp_data_q[2]_i_3
INFO: [Physopt 32-662] Processed net u_dut/gen_input_slots[0].gen_input_banks[0].u_input_cache_bank/rd_data[15]_INST_0_i_6_n_0.  Did not re-place instance u_dut/gen_input_slots[0].gen_input_banks[0].u_input_cache_bank/rd_data[15]_INST_0_i_6
INFO: [Physopt 32-662] Processed net u_dut/gen_input_slots[0].gen_input_banks[1].u_input_cache_bank/rd_data[15]_INST_0_i_4_n_0.  Did not re-place instance u_dut/gen_input_slots[0].gen_input_banks[1].u_input_cache_bank/rd_data[15]_INST_0_i_4
INFO: [Physopt 32-662] Processed net u_dut/gen_input_slots[0].gen_input_banks[2].u_input_cache_bank/rd_data[15]_INST_0_i_6_n_0.  Did not re-place instance u_dut/gen_input_slots[0].gen_input_banks[2].u_input_cache_bank/rd_data[15]_INST_0_i_6
INFO: [Physopt 32-662] Processed net u_dut/kernel_rd_raw_data_q[47]_i_1_n_0.  Did not re-place instance u_dut/kernel_rd_raw_data_q[47]_i_1
INFO: [Physopt 32-662] Processed net u_dut/kernel_rd_raw_data_q_reg_n_0_[2].  Did not re-place instance u_dut/kernel_rd_raw_data_q_reg[2]
INFO: [Physopt 32-662] Processed net u_dut/kernel_rd_raw_data_q_reg_n_0_[47].  Did not re-place instance u_dut/kernel_rd_raw_data_q_reg[47]
INFO: [Physopt 32-662] Processed net u_dut/gen_input_slots[1].gen_input_banks[0].u_input_cache_bank/rd_data[14]_INST_0_i_6_n_0.  Did not re-place instance u_dut/gen_input_slots[1].gen_input_banks[0].u_input_cache_bank/rd_data[14]_INST_0_i_6
INFO: [Physopt 32-661] Optimized 19 nets.  Re-placed 19 instances.
INFO: [Physopt 32-775] End 1 Pass. Optimized 19 nets or cells. Created 0 new cell, deleted 0 existing cell and moved 19 existing cells
INFO: [Physopt 32-619] Estimated Timing Summary | WNS=-0.154 | TNS=-57.337 |
Netlist sorting complete. Time (s): cpu = 00:00:00 ; elapsed = 00:00:00.022 . Memory (MB): peak = 4669.859 ; gain = 0.000
Phase 15 Single Cell Placement Optimization | Checksum: 1ac098609

Time (s): cpu = 00:06:32 ; elapsed = 00:03:16 . Memory (MB): peak = 4669.859 ; gain = 0.000

Phase 16 Multi Cell Placement Optimization
INFO: [Physopt 32-660] Identified 100 candidate nets for placement-based optimization.
INFO: [Physopt 32-662] Processed net u_dut/gen_input_slots[1].gen_input_banks[3].u_input_cache_bank/rd_valid.  Did not re-place instance u_dut/gen_input_slots[1].gen_input_banks[3].u_input_cache_bank/rd_valid_INST_0/O
INFO: [Physopt 32-662] Processed net u_dut/lfnst_mem_resp_valid_q0.  Did not re-place instance u_dut/lfnst_mem_resp_valid_q_i_2/O
INFO: [Physopt 32-662] Processed net u_dut/lfnst_mem_resp_valid_q_i_4_n_0.  Did not re-place instance u_dut/lfnst_mem_resp_valid_q_i_4/O
INFO: [Physopt 32-662] Processed net u_dut/kernel_rd_raw_data_q[21]_i_1_n_0.  Did not re-place instance u_dut/kernel_rd_raw_data_q[21]_i_1/O
INFO: [Physopt 32-662] Processed net u_dut/gen_input_slots[1].gen_input_banks[2].u_input_cache_bank/rd_valid.  Did not re-place instance u_dut/gen_input_slots[1].gen_input_banks[2].u_input_cache_bank/rd_valid_INST_0/O
INFO: [Physopt 32-662] Processed net u_dut/kernel_rd_raw_data_q[7]_i_1_n_0.  Did not re-place instance u_dut/kernel_rd_raw_data_q[7]_i_1/O
INFO: [Physopt 32-662] Processed net u_dut/kernel_rd_raw_data_q[24]_i_1_n_0.  Did not re-place instance u_dut/kernel_rd_raw_data_q[24]_i_1/O
INFO: [Physopt 32-662] Processed net u_dut/u_unified_p4_kernel_i_680_n_0.  Did not re-place instance u_dut/u_unified_p4_kernel_i_680/O
INFO: [Physopt 32-663] Processed net u_dut/u_unified_p4_kernel_i_275_n_0_repN.  Re-placed instance u_dut/u_unified_p4_kernel_i_275_replica/O
INFO: [Physopt 32-663] Processed net u_dut/kernel_h_rd_raw_group_q_reg_n_0_[0].  Re-placed instance u_dut/kernel_h_rd_raw_group_q_reg[0]/Q
INFO: [Physopt 32-662] Processed net u_dut/u_unified_p4_kernel/input_group_fire.  Did not re-place instance u_dut/u_unified_p4_kernel/input_group_fire_INST_0/O
INFO: [Physopt 32-662] Processed net u_dut/rd_cmd_ready.  Did not re-place instance u_dut/rd_cmd_bank_mask_q[3]_i_1/O
INFO: [Physopt 32-662] Processed net u_dut/u_unified_p4_kernel/ingress_valid_q42_in.  Did not re-place instance u_dut/u_unified_p4_kernel/input_group_fire_INST_0_i_1/O
INFO: [Physopt 32-662] Processed net u_dut/u_unified_p4_kernel/reserved_groups_q[1]_repN.  Did not re-place instance u_dut/u_unified_p4_kernel/reserved_groups_q_reg[1]_replica/Q
INFO: [Physopt 32-662] Processed net u_dut/u_unified_p4_kernel/input_group_fire_INST_0_i_3_n_0.  Did not re-place instance u_dut/u_unified_p4_kernel/input_group_fire_INST_0_i_3/O
INFO: [Physopt 32-662] Processed net u_dut/u_unified_p4_kernel/input_group_fire_INST_0_i_7_n_0.  Did not re-place instance u_dut/u_unified_p4_kernel/input_group_fire_INST_0_i_7/O
INFO: [Physopt 32-662] Processed net u_dut/u_unified_p4_kernel/input_group_fire_INST_0_i_8_n_0_repN.  Did not re-place instance u_dut/u_unified_p4_kernel/input_group_fire_INST_0_i_8_replica/O
INFO: [Physopt 32-662] Processed net u_dut/gen_input_slots[0].gen_input_banks[2].u_input_cache_bank/rd_valid.  Did not re-place instance u_dut/gen_input_slots[0].gen_input_banks[2].u_input_cache_bank/rd_valid_INST_0/O
INFO: [Physopt 32-662] Processed net u_dut/kernel_rd_raw_data_q[31]_i_1_n_0.  Did not re-place instance u_dut/kernel_rd_raw_data_q[31]_i_1/O
INFO: [Physopt 32-662] Processed net u_dut/p_6_out[2].  Did not re-place instance u_dut/kernel_rd_raw_valid_q[2]_i_1/O
INFO: [Physopt 32-662] Processed net u_dut/kernel_phase_q_reg_n_0_[0].  Did not re-place instance u_dut/kernel_phase_q_reg[0]/Q
INFO: [Physopt 32-662] Processed net u_dut/u_unified_p4_kernel_i_69_n_0.  Did not re-place instance u_dut/u_unified_p4_kernel_i_69/O
INFO: [Physopt 32-662] Processed net u_dut/u_unified_p4_kernel_i_272_n_0.  Did not re-place instance u_dut/u_unified_p4_kernel_i_272/O
INFO: [Physopt 32-662] Processed net u_dut/kernel_in_valid.  Did not re-place instance u_dut/u_unified_p4_kernel_i_2_rewire/O
INFO: [Physopt 32-662] Processed net u_dut/kernel_phase_q_reg_n_0_[3].  Did not re-place instance u_dut/kernel_phase_q_reg[3]/Q
INFO: [Physopt 32-662] Processed net u_dut/u_unified_p4_kernel_i_273_n_0.  Did not re-place instance u_dut/u_unified_p4_kernel_i_273_rewire/O
INFO: [Physopt 32-662] Processed net u_dut/kernel_rd_raw_data_q[23]_i_1_n_0.  Did not re-place instance u_dut/kernel_rd_raw_data_q[23]_i_1/O
INFO: [Physopt 32-662] Processed net u_dut/kernel_rd_raw_data_q[15]_i_1_n_0.  Did not re-place instance u_dut/kernel_rd_raw_data_q[15]_i_1/O
INFO: [Physopt 32-662] Processed net u_dut/kernel_rd_raw_data_q[26]_i_1_n_0.  Did not re-place instance u_dut/kernel_rd_raw_data_q[26]_i_1/O
INFO: [Physopt 32-662] Processed net u_dut/kernel_rd_req_group_q[4]_i_1_n_0.  Did not re-place instance u_dut/kernel_rd_req_group_q[4]_i_1/O
INFO: [Physopt 32-662] Processed net u_dut/kernel_rd_req_group_q[4]_i_6_n_0.  Did not re-place instance u_dut/kernel_rd_req_group_q[4]_i_6/O
INFO: [Physopt 32-662] Processed net u_dut/kernel_stage_q_reg_n_0.  Did not re-place instance u_dut/kernel_stage_q_reg/Q
INFO: [Physopt 32-663] Processed net u_dut/kernel_ctx_output_size_q_reg_n_0_[3]_repN_1.  Re-placed instance u_dut/kernel_ctx_output_size_q_reg[3]_replica_1/Q
INFO: [Physopt 32-662] Processed net u_dut/kernel_rd_raw_data_q[30]_i_1_n_0.  Did not re-place instance u_dut/kernel_rd_raw_data_q[30]_i_1/O
INFO: [Physopt 32-662] Processed net u_dut/u_unified_p4_kernel/product_q_reg[3][37]_i_11_n_0.  Did not re-place instance u_dut/u_unified_p4_kernel/product_q_reg[3][37]_i_11/O
INFO: [Physopt 32-662] Processed net u_dut/u_unified_p4_kernel/issue_desc_bundle_addr_q[4].  Did not re-place instance u_dut/u_unified_p4_kernel/issue_desc_bundle_addr_q_reg[4]/Q
INFO: [Physopt 32-661] Optimized 3 nets.  Re-placed 6 instances.
INFO: [Physopt 32-775] End 1 Pass. Optimized 3 nets or cells. Created 0 new cell, deleted 0 existing cell and moved 6 existing cells
INFO: [Physopt 32-619] Estimated Timing Summary | WNS=-0.154 | TNS=-57.478 |
Netlist sorting complete. Time (s): cpu = 00:00:00 ; elapsed = 00:00:00.017 . Memory (MB): peak = 4669.859 ; gain = 0.000
Phase 16 Multi Cell Placement Optimization | Checksum: 165bdf3d9

Time (s): cpu = 00:06:58 ; elapsed = 00:03:28 . Memory (MB): peak = 4669.859 ; gain = 0.000

Phase 17 Rewire
INFO: [Physopt 32-246] Starting Signal Push optimization...
INFO: [Physopt 32-77] Pass 1. Identified 2 candidate nets for rewire optimization.
INFO: [Physopt 32-134] Processed net u_dut/kernel_in_valid. Rewiring did not optimize the net.
INFO: [Physopt 32-134] Processed net u_dut/lfnst_idx_q[1]_i_2_n_0. Rewiring did not optimize the net.
INFO: [Physopt 32-232] Optimized 0 net. Created 0 new instance.
INFO: [Physopt 32-775] End 1 Pass. Optimized 0 net or cell. Created 0 new cell, deleted 0 existing cell and moved 0 existing cell
Netlist sorting complete. Time (s): cpu = 00:00:00 ; elapsed = 00:00:00.088 . Memory (MB): peak = 4669.859 ; gain = 0.000
Netlist sorting complete. Time (s): cpu = 00:00:00 ; elapsed = 00:00:00.016 . Memory (MB): peak = 4669.859 ; gain = 0.000
Phase 17 Rewire | Checksum: 1a8f8e136

Time (s): cpu = 00:06:59 ; elapsed = 00:03:28 . Memory (MB): peak = 4669.859 ; gain = 0.000

Phase 18 Critical Cell Optimization
INFO: [Physopt 32-46] Identified 30 candidate nets for critical-cell optimization.
INFO: [Physopt 32-572] Net u_dut/rd_cmd_ready was not replicated.
Resolution: phys_opt_design can be forced to replicate a net driver using the option -force_replication_on_nets <list of net objects>.
INFO: [Physopt 32-572] Net u_dut/u_unified_p4_kernel/ingress_valid_q42_in was not replicated.
Resolution: phys_opt_design can be forced to replicate a net driver using the option -force_replication_on_nets <list of net objects>.
INFO: [Physopt 32-81] Processed net u_dut/u_unified_p4_kernel/reserved_groups_q[1]_repN. Replicated 1 times.
INFO: [Physopt 32-81] Processed net u_dut/kernel_ctx_output_size_q_reg_n_0_[2]_repN. Replicated 1 times.
INFO: [Physopt 32-81] Processed net u_dut/u_unified_p4_kernel/reserved_groups_q[0]. Replicated 1 times.
INFO: [Physopt 32-572] Net u_dut/kernel_rd_req_group_q[4]_i_1_n_0 was not replicated.
Resolution: phys_opt_design can be forced to replicate a net driver using the option -force_replication_on_nets <list of net objects>.
INFO: [Physopt 32-572] Net u_dut/u_unified_p4_kernel_i_69_n_0 was not replicated.
Resolution: phys_opt_design can be forced to replicate a net driver using the option -force_replication_on_nets <list of net objects>.
INFO: [Physopt 32-572] Net u_dut/u_unified_p4_kernel_i_272_n_0 was not replicated.
Resolution: phys_opt_design can be forced to replicate a net driver using the option -force_replication_on_nets <list of net objects>.
INFO: [Physopt 32-572] Net u_dut/u_unified_p4_kernel_i_273_n_0 was not replicated.
Resolution: phys_opt_design can be forced to replicate a net driver using the option -force_replication_on_nets <list of net objects>.
INFO: [Physopt 32-572] Net u_dut/p_23_in was not replicated.
Resolution: phys_opt_design can be forced to replicate a net driver using the option -force_replication_on_nets <list of net objects>.
INFO: [Physopt 32-572] Net u_dut/u_unified_p4_kernel_i_68_n_0 was not replicated.
Resolution: phys_opt_design can be forced to replicate a net driver using the option -force_replication_on_nets <list of net objects>.
INFO: [Physopt 32-571] Net u_dut/kernel_ctx_output_size_q_reg_n_0_[3]_repN_1 was not replicated.
INFO: [Physopt 32-81] Processed net u_dut/u_unified_p4_kernel/product_q_reg[3][36]_i_5_n_0. Replicated 1 times.
INFO: [Physopt 32-571] Net u_dut/u_unified_p4_kernel/product_q_reg[0][37]_i_1_n_0 was not replicated.
INFO: [Physopt 32-81] Processed net u_dut/lfnst_grid[13][15]_i_1_n_0. Replicated 1 times.
INFO: [Physopt 32-571] Net u_dut/lfnst_grid[0][15]_i_6_n_0 was not replicated.
INFO: [Physopt 32-81] Processed net u_dut/u_unified_p4_kernel/product_q_reg[3][42]_i_12_n_0_repN. Replicated 1 times.
INFO: [Physopt 32-81] Processed net u_dut/u_unified_p4_kernel/issue_desc_bundle_addr_q[2]_i_2_n_0. Replicated 1 times.
INFO: [Physopt 32-571] Net u_dut/u_unified_p4_kernel/ready_count_q[2] was not replicated.
INFO: [Physopt 32-572] Net u_dut/kernel_feed_group_q_reg_n_0_[0] was not replicated.
Resolution: phys_opt_design can be forced to replicate a net driver using the option -force_replication_on_nets <list of net objects>.
INFO: [Physopt 32-601] Processed net u_dut/u_unified_p4_kernel/product_q_reg[0][2]_i_1_n_0. Net driver u_dut/u_unified_p4_kernel/product_q_reg[0][2]_i_1 was replaced.
INFO: [Physopt 32-81] Processed net u_dut/u_unified_p4_kernel/product_q_reg[0][58]_i_6_n_0. Replicated 1 times.
INFO: [Physopt 32-571] Net u_dut/u_unified_p4_kernel/out_data[57] was not replicated.
INFO: [Physopt 32-571] Net u_dut/lfnst_idx_q[1]_i_3_n_0 was not replicated.
INFO: [Physopt 32-571] Net u_dut/slot_state_reg_n_0_[0][1] was not replicated.
INFO: [Physopt 32-571] Net u_dut/u_unified_p4_kernel/product_q_reg[1][39]_i_9_n_0 was not replicated.
INFO: [Physopt 32-571] Net u_dut/u_unified_p4_kernel_i_172_n_0 was not replicated.
INFO: [Physopt 32-81] Processed net u_dut/kernel_cut_h_q[4]_i_3_n_0. Replicated 1 times.
INFO: [Physopt 32-571] Net u_dut/u_unified_p4_kernel_i_383_n_0 was not replicated.
INFO: [Physopt 32-232] Optimized 10 nets. Created 9 new instances.
INFO: [Physopt 32-775] End 1 Pass. Optimized 10 nets or cells. Created 9 new cells, deleted 0 existing cell and moved 0 existing cell
INFO: [Physopt 32-619] Estimated Timing Summary | WNS=-0.154 | TNS=-56.997 |
Netlist sorting complete. Time (s): cpu = 00:00:00 ; elapsed = 00:00:00.176 . Memory (MB): peak = 4669.859 ; gain = 0.000
Phase 18 Critical Cell Optimization | Checksum: ea959cb5

Time (s): cpu = 00:07:15 ; elapsed = 00:03:35 . Memory (MB): peak = 4669.859 ; gain = 0.000

Phase 19 DSP Register Optimization
INFO: [Physopt 32-457] Pass 1. Identified 100 candidate cells for DSP register optimization.
INFO: [Physopt 32-665] Processed cell u_dut/u_unified_p4_kernel/product_q_reg[0][53]. 8 registers were pushed out.
INFO: [Physopt 32-665] Processed cell u_dut/u_unified_p4_kernel/product_q_reg[2][7]. 8 registers were pushed out.
INFO: [Physopt 32-665] Processed cell u_dut/u_unified_p4_kernel/product_q_reg[3][16]. 8 registers were pushed out.
INFO: [Physopt 32-665] Processed cell u_dut/u_unified_p4_kernel/product_q_reg[2][4]. 8 registers were pushed out.
INFO: [Physopt 32-665] Processed cell u_dut/u_unified_p4_kernel/product_q_reg[1][7]. 8 registers were pushed out.
INFO: [Physopt 32-665] Processed cell u_dut/u_unified_p4_kernel/product_q_reg[1][39]. 8 registers were pushed out.
INFO: [Physopt 32-665] Processed cell u_dut/u_unified_p4_kernel/product_q_reg[2][48]. 3 registers were pushed out.
INFO: [Physopt 32-665] Processed cell u_dut/u_unified_p4_kernel/product_q_reg[2][61]. 8 registers were pushed out.
INFO: [Physopt 32-665] Processed cell u_dut/u_unified_p4_kernel/product_q_reg[2][38]. 8 registers were pushed out.
INFO: [Physopt 32-665] Processed cell u_dut/u_unified_p4_kernel/product_q_reg[2][15]. 8 registers were pushed out.
INFO: [Physopt 32-665] Processed cell u_dut/u_unified_p4_kernel/product_q_reg[0][14]. 8 registers were pushed out.
INFO: [Physopt 32-665] Processed cell u_dut/u_unified_p4_kernel/product_q_reg[3][60]. 8 registers were pushed out.
INFO: [Physopt 32-665] Processed cell u_dut/u_unified_p4_kernel/product_q_reg[2][12]. 8 registers were pushed out.
INFO: [Physopt 32-665] Processed cell u_dut/u_unified_p4_kernel/product_q_reg[1][15]. 8 registers were pushed out.
INFO: [Physopt 32-665] Processed cell u_dut/u_unified_p4_kernel/product_q_reg[1][27]. 8 registers were pushed out.
INFO: [Physopt 32-665] Processed cell u_dut/u_unified_p4_kernel/product_q_reg[2][59]. 8 registers were pushed out.
INFO: [Physopt 32-665] Processed cell u_dut/u_unified_p4_kernel/product_q_reg[3][3]. 8 registers were pushed out.
INFO: [Physopt 32-665] Processed cell u_dut/u_unified_p4_kernel/product_q_reg[2][24]. 7 registers were pushed out.
INFO: [Physopt 32-665] Processed cell u_dut/u_unified_p4_kernel/product_q_reg[2][6]. 8 registers were pushed out.
INFO: [Physopt 32-665] Processed cell u_dut/u_unified_p4_kernel/product_q_reg[1][9]. 8 registers were pushed out.
INFO: [Physopt 32-665] Processed cell u_dut/u_unified_p4_kernel/product_q_reg[3][29]. 8 registers were pushed out.
INFO: [Physopt 32-665] Processed cell u_dut/u_unified_p4_kernel/product_q_reg[1][12]. 8 registers were pushed out.
INFO: [Physopt 32-665] Processed cell u_dut/u_unified_p4_kernel/product_q_reg[0][51]. 8 registers were pushed out.
INFO: [Physopt 32-665] Processed cell u_dut/u_unified_p4_kernel/product_q_reg[0][2]. 8 registers were pushed out.
INFO: [Physopt 32-665] Processed cell u_dut/u_unified_p4_kernel/product_q_reg[1][54]. 8 registers were pushed out.
INFO: [Physopt 32-665] Processed cell u_dut/u_unified_p4_kernel/product_q_reg[0][40]. 5 registers were pushed out.
INFO: [Physopt 32-665] Processed cell u_dut/u_unified_p4_kernel/product_q_reg[0][55]. 8 registers were pushed out.
INFO: [Physopt 32-665] Processed cell u_dut/u_unified_p4_kernel/product_q_reg[2][46]. 8 registers were pushed out.
INFO: [Physopt 32-665] Processed cell u_dut/u_unified_p4_kernel/product_q_reg[0][48]. 3 registers were pushed out.
INFO: [Physopt 32-665] Processed cell u_dut/u_unified_p4_kernel/product_q_reg[2][10]. 8 registers were pushed out.
INFO: [Physopt 32-665] Processed cell u_dut/u_unified_p4_kernel/product_q_reg[2][56]. 5 registers were pushed out.
INFO: [Physopt 32-665] Processed cell u_dut/u_unified_p4_kernel/product_q_reg[3][40]. 5 registers were pushed out.
INFO: [Physopt 32-665] Processed cell u_dut/u_unified_p4_kernel/product_q_reg[1][38]. 8 registers were pushed out.
INFO: [Physopt 32-665] Processed cell u_dut/u_unified_p4_kernel/product_q_reg[0][34]. 8 registers were pushed out.
INFO: [Physopt 32-665] Processed cell u_dut/u_unified_p4_kernel/product_q_reg[0][44]. 8 registers were pushed out.
INFO: [Physopt 32-665] Processed cell u_dut/u_unified_p4_kernel/product_q_reg[0][38]. 8 registers were pushed out.
INFO: [Physopt 32-665] Processed cell u_dut/u_unified_p4_kernel/product_q_reg[3][42]. 8 registers were pushed out.
INFO: [Physopt 32-665] Processed cell u_dut/u_unified_p4_kernel/product_q_reg[1][10]. 8 registers were pushed out.
INFO: [Physopt 32-665] Processed cell u_dut/u_unified_p4_kernel/product_q_reg[2][55]. 8 registers were pushed out.
INFO: [Physopt 32-665] Processed cell u_dut/u_unified_p4_kernel/product_q_reg[1][33]. 8 registers were pushed out.
INFO: [Physopt 32-665] Processed cell u_dut/u_unified_p4_kernel/product_q_reg[2][18]. 8 registers were pushed out.
INFO: [Physopt 32-665] Processed cell u_dut/u_unified_p4_kernel/product_q_reg[3][10]. 8 registers were pushed out.
INFO: [Physopt 32-665] Processed cell u_dut/u_unified_p4_kernel/product_q_reg[3][35]. 8 registers were pushed out.
INFO: [Physopt 32-665] Processed cell u_dut/u_unified_p4_kernel/product_q_reg[2][54]. 8 registers were pushed out.
INFO: [Physopt 32-665] Processed cell u_dut/u_unified_p4_kernel/product_q_reg[0][12]. 8 registers were pushed out.
INFO: [Physopt 32-665] Processed cell u_dut/u_unified_p4_kernel/product_q_reg[0][29]. 8 registers were pushed out.
INFO: [Physopt 32-665] Processed cell u_dut/u_unified_p4_kernel/product_q_reg[1][26]. 8 registers were pushed out.
INFO: [Physopt 32-665] Processed cell u_dut/u_unified_p4_kernel/product_q_reg[0][20]. 8 registers were pushed out.
INFO: [Physopt 32-665] Processed cell u_dut/u_unified_p4_kernel/product_q_reg[3][1]. 8 registers were pushed out.
INFO: [Physopt 32-665] Processed cell u_dut/u_unified_p4_kernel/product_q_reg[2][17]. 8 registers were pushed out.
INFO: [Physopt 32-665] Processed cell u_dut/u_unified_p4_kernel/product_q_reg[1][22]. 8 registers were pushed out.
INFO: [Physopt 32-665] Processed cell u_dut/u_unified_p4_kernel/product_q_reg[0][8]. 8 registers were pushed out.
INFO: [Physopt 32-665] Processed cell u_dut/u_unified_p4_kernel/product_q_reg[1][11]. 8 registers were pushed out.
INFO: [Physopt 32-665] Processed cell u_dut/u_unified_p4_kernel/product_q_reg[1][21]. 8 registers were pushed out.
INFO: [Physopt 32-665] Processed cell u_dut/u_unified_p4_kernel/product_q_reg[3][12]. 8 registers were pushed out.
INFO: [Physopt 32-665] Processed cell u_dut/u_unified_p4_kernel/product_q_reg[3][2]. 8 registers were pushed out.
INFO: [Physopt 32-665] Processed cell u_dut/u_unified_p4_kernel/product_q_reg[1][13]. 8 registers were pushed out.
INFO: [Physopt 32-665] Processed cell u_dut/u_unified_p4_kernel/product_q_reg[1][49]. 8 registers were pushed out.
INFO: [Physopt 32-665] Processed cell u_dut/u_unified_p4_kernel/product_q_reg[2][29]. 8 registers were pushed out.
INFO: [Physopt 32-665] Processed cell u_dut/u_unified_p4_kernel/product_q_reg[3][14]. 8 registers were pushed out.
INFO: [Physopt 32-665] Processed cell u_dut/u_unified_p4_kernel/product_q_reg[0][56]. 5 registers were pushed out.
INFO: [Physopt 32-665] Processed cell u_dut/u_unified_p4_kernel/product_q_reg[2][58]. 8 registers were pushed out.
INFO: [Physopt 32-665] Processed cell u_dut/u_unified_p4_kernel/product_q_reg[0][57]. 8 registers were pushed out.
INFO: [Physopt 32-665] Processed cell u_dut/u_unified_p4_kernel/product_q_reg[1][40]. 5 registers were pushed out.
INFO: [Physopt 32-665] Processed cell u_dut/u_unified_p4_kernel/product_q_reg[1][50]. 8 registers were pushed out.
INFO: [Physopt 32-665] Processed cell u_dut/u_unified_p4_kernel/product_q_reg[2][2]. 8 registers were pushed out.
INFO: [Physopt 32-665] Processed cell u_dut/u_unified_p4_kernel/product_q_reg[0][36]. 8 registers were pushed out.
INFO: [Physopt 32-665] Processed cell u_dut/u_unified_p4_kernel/product_q_reg[2][14]. 8 registers were pushed out.
INFO: [Physopt 32-665] Processed cell u_dut/u_unified_p4_kernel/product_q_reg[1][48]. 3 registers were pushed out.
INFO: [Physopt 32-665] Processed cell u_dut/u_unified_p4_kernel/product_q_reg[0][42]. 8 registers were pushed out.
INFO: [Physopt 32-665] Processed cell u_dut/u_unified_p4_kernel/product_q_reg[1][37]. 8 registers were pushed out.
INFO: [Physopt 32-665] Processed cell u_dut/u_unified_p4_kernel/product_q_reg[3][26]. 8 registers were pushed out.
INFO: [Physopt 32-665] Processed cell u_dut/u_unified_p4_kernel/product_q_reg[0][10]. 8 registers were pushed out.
INFO: [Physopt 32-665] Processed cell u_dut/u_unified_p4_kernel/product_q_reg[1][5]. 8 registers were pushed out.
INFO: [Physopt 32-665] Processed cell u_dut/u_unified_p4_kernel/product_q_reg[2][41]. 8 registers were pushed out.
INFO: [Physopt 32-665] Processed cell u_dut/u_unified_p4_kernel/product_q_reg[0][18]. 8 registers were pushed out.
INFO: [Physopt 32-665] Processed cell u_dut/u_unified_p4_kernel/product_q_reg[2][42]. 8 registers were pushed out.
INFO: [Physopt 32-665] Processed cell u_dut/u_unified_p4_kernel/product_q_reg[3][13]. 8 registers were pushed out.
INFO: [Physopt 32-665] Processed cell u_dut/u_unified_p4_kernel/product_q_reg[1][3]. 8 registers were pushed out.
INFO: [Physopt 32-665] Processed cell u_dut/u_unified_p4_kernel/product_q_reg[1][8]. 8 registers were pushed out.
INFO: [Physopt 32-665] Processed cell u_dut/u_unified_p4_kernel/product_q_reg[1][34]. 8 registers were pushed out.
INFO: [Physopt 32-665] Processed cell u_dut/u_unified_p4_kernel/product_q_reg[3][21]. 8 registers were pushed out.
INFO: [Physopt 32-665] Processed cell u_dut/u_unified_p4_kernel/product_q_reg[3][38]. 8 registers were pushed out.
INFO: [Physopt 32-665] Processed cell u_dut/u_unified_p4_kernel/product_q_reg[0][41]. 8 registers were pushed out.
INFO: [Physopt 32-665] Processed cell u_dut/u_unified_p4_kernel/product_q_reg[0][25]. 8 registers were pushed out.
INFO: [Physopt 32-665] Processed cell u_dut/u_unified_p4_kernel/product_q_reg[3][8]. 8 registers were pushed out.
INFO: [Physopt 32-665] Processed cell u_dut/u_unified_p4_kernel/product_q_reg[1][46]. 8 registers were pushed out.
INFO: [Physopt 32-665] Processed cell u_dut/u_unified_p4_kernel/product_q_reg[1][53]. 8 registers were pushed out.
INFO: [Physopt 32-665] Processed cell u_dut/u_unified_p4_kernel/product_q_reg[0][9]. 8 registers were pushed out.
INFO: [Physopt 32-665] Processed cell u_dut/u_unified_p4_kernel/product_q_reg[3][56]. 5 registers were pushed out.
INFO: [Physopt 32-665] Processed cell u_dut/u_unified_p4_kernel/product_q_reg[2][40]. 5 registers were pushed out.
INFO: [Physopt 32-665] Processed cell u_dut/u_unified_p4_kernel/product_q_reg[0][37]. 8 registers were pushed out.
INFO: [Physopt 32-665] Processed cell u_dut/u_unified_p4_kernel/product_q_reg[2][5]. 8 registers were pushed out.
INFO: [Physopt 32-665] Processed cell u_dut/u_unified_p4_kernel/product_q_reg[3][48]. 3 registers were pushed out.
INFO: [Physopt 32-665] Processed cell u_dut/u_unified_p4_kernel/product_q_reg[1][62]. 8 registers were pushed out.
INFO: [Physopt 32-665] Processed cell u_dut/u_unified_p4_kernel/product_q_reg[1][20]. 8 registers were pushed out.
INFO: [Physopt 32-665] Processed cell u_dut/u_unified_p4_kernel/product_q_reg[0][35]. 8 registers were pushed out.
INFO: [Physopt 32-665] Processed cell u_dut/u_unified_p4_kernel/product_q_reg[0][47]. 8 registers were pushed out.
INFO: [Physopt 32-665] Processed cell u_dut/u_unified_p4_kernel/product_q_reg[0][17]. 8 registers were pushed out.
INFO: [Physopt 32-665] Processed cell u_dut/u_unified_p4_kernel/product_q_reg[2][31]. 8 registers were pushed out.
INFO: [Common 17-14] Message 'Physopt 32-665' appears 100 times and further instances of the messages will be disabled. Use the Tcl command set_msg_config to change the current settings.
INFO: [Physopt 32-893] Processed u_dut/u_bounded_lfnst_engine/products_q_reg[24]. Moved MReg to PReg
INFO: [Physopt 32-893] Processed u_dut/u_bounded_lfnst_engine/products_q_reg[28]. Moved MReg to PReg
INFO: [Physopt 32-893] Processed u_dut/u_bounded_lfnst_engine/products_q_reg[60]. Moved MReg to PReg
INFO: [Physopt 32-893] Processed u_dut/u_bounded_lfnst_engine/products_q_reg[56]. Moved MReg to PReg
INFO: [Physopt 32-893] Processed u_dut/u_bounded_lfnst_engine/products_q_reg[2]. Moved MReg to PReg
INFO: [Physopt 32-893] Processed u_dut/u_bounded_lfnst_engine/products_q_reg[6]. Moved MReg to PReg
INFO: [Physopt 32-893] Processed u_dut/u_bounded_lfnst_engine/products_q_reg[18]. Moved MReg to PReg
INFO: [Physopt 32-893] Processed u_dut/u_bounded_lfnst_engine/products_q_reg[16]. Moved MReg to PReg
INFO: [Physopt 32-893] Processed u_dut/u_bounded_lfnst_engine/products_q_reg[20]. Moved MReg to PReg
INFO: [Physopt 32-893] Processed u_dut/u_bounded_lfnst_engine/products_q_reg[22]. Moved MReg to PReg
INFO: [Physopt 32-893] Processed u_dut/u_bounded_lfnst_engine/products_q_reg[50]. Moved MReg to PReg
INFO: [Physopt 32-893] Processed u_dut/u_bounded_lfnst_engine/products_q_reg[4]. Moved MReg to PReg
INFO: [Physopt 32-893] Processed u_dut/u_bounded_lfnst_engine/products_q_reg[0]. Moved MReg to PReg
INFO: [Physopt 32-893] Processed u_dut/u_bounded_lfnst_engine/products_q_reg[38]. Moved MReg to PReg
INFO: [Physopt 32-893] Processed u_dut/u_bounded_lfnst_engine/products_q_reg[48]. Moved MReg to PReg
INFO: [Physopt 32-893] Processed u_dut/u_bounded_lfnst_engine/products_q_reg[32]. Moved MReg to PReg
INFO: [Physopt 32-893] Processed u_dut/u_bounded_lfnst_engine/products_q_reg[54]. Moved MReg to PReg
INFO: [Physopt 32-893] Processed u_dut/u_bounded_lfnst_engine/products_q_reg[34]. Moved MReg to PReg
INFO: [Physopt 32-893] Processed u_dut/u_bounded_lfnst_engine/products_q_reg[36]. Moved MReg to PReg
INFO: [Physopt 32-893] Processed u_dut/u_bounded_lfnst_engine/products_q_reg[14]. Moved MReg to PReg
INFO: [Physopt 32-893] Processed u_dut/u_bounded_lfnst_engine/products_q_reg[8]. Moved MReg to PReg
INFO: [Physopt 32-893] Processed u_dut/u_bounded_lfnst_engine/products_q_reg[10]. Moved MReg to PReg
INFO: [Physopt 32-893] Processed u_dut/u_bounded_lfnst_engine/products_q_reg[12]. Moved MReg to PReg
INFO: [Physopt 32-893] Processed u_dut/u_bounded_lfnst_engine/products_q_reg[42]. Moved MReg to PReg
INFO: [Physopt 32-893] Processed u_dut/u_bounded_lfnst_engine/products_q_reg[44]. Moved MReg to PReg
INFO: [Physopt 32-893] Processed u_dut/u_bounded_lfnst_engine/products_q_reg[40]. Moved MReg to PReg
INFO: [Physopt 32-893] Processed u_dut/u_bounded_lfnst_engine/products_q_reg[46]. Moved MReg to PReg
INFO: [Physopt 32-893] Processed u_dut/u_bounded_lfnst_engine/products_q_reg[52]. Moved MReg to PReg
INFO: [Physopt 32-893] Processed u_dut/u_bounded_lfnst_engine/products_q_reg[26]. Moved MReg to PReg
INFO: [Physopt 32-893] Processed u_dut/u_bounded_lfnst_engine/products_q_reg[30]. Moved MReg to PReg
INFO: [Physopt 32-893] Processed u_dut/u_bounded_lfnst_engine/products_q_reg[62]. Moved MReg to PReg
INFO: [Physopt 32-893] Processed u_dut/u_bounded_lfnst_engine/products_q_reg[58]. Moved MReg to PReg
INFO: [Physopt 32-775] End 1 Pass. Optimized 132 nets or cells. Created 758 new cells, deleted 0 existing cell and moved 0 existing cell
INFO: [Physopt 32-619] Estimated Timing Summary | WNS=-0.154 | TNS=-2.353 |
Netlist sorting complete. Time (s): cpu = 00:00:00 ; elapsed = 00:00:00.249 . Memory (MB): peak = 4669.859 ; gain = 0.000
Phase 19 DSP Register Optimization | Checksum: 1d1336ac8

Time (s): cpu = 00:09:53 ; elapsed = 00:05:21 . Memory (MB): peak = 4669.859 ; gain = 0.000

Phase 20 BRAM Register Optimization
INFO: [Physopt 32-526] No candidate cells for BRAM register optimization found in the design
INFO: [Physopt 32-775] End 1 Pass. Optimized 0 net or cell. Created 0 new cell, deleted 0 existing cell and moved 0 existing cell
Phase 20 BRAM Register Optimization | Checksum: 1d1336ac8

Time (s): cpu = 00:09:53 ; elapsed = 00:05:21 . Memory (MB): peak = 4669.859 ; gain = 0.000

Phase 21 URAM Register Optimization
INFO: [Physopt 32-846] No candidate cells for URAM register optimization found in the design
INFO: [Physopt 32-775] End 1 Pass. Optimized 0 net or cell. Created 0 new cell, deleted 0 existing cell and moved 0 existing cell
INFO: [Physopt 32-846] No candidate cells for URAM register optimization found in the design
INFO: [Physopt 32-775] End 1 Pass. Optimized 0 net or cell. Created 0 new cell, deleted 0 existing cell and moved 0 existing cell
Phase 21 URAM Register Optimization | Checksum: 1d1336ac8

Time (s): cpu = 00:09:53 ; elapsed = 00:05:21 . Memory (MB): peak = 4669.859 ; gain = 0.000

Phase 22 Shift Register Optimization
INFO: [Physopt 32-1401] No candidate cells found for Shift Register optimization.
INFO: [Physopt 32-677] No candidate cells for Shift Register optimization found in the design
INFO: [Physopt 32-775] End 1 Pass. Optimized 0 net or cell. Created 0 new cell, deleted 0 existing cell and moved 0 existing cell
Phase 22 Shift Register Optimization | Checksum: 1d1336ac8

Time (s): cpu = 00:09:53 ; elapsed = 00:05:21 . Memory (MB): peak = 4669.859 ; gain = 0.000

Phase 23 DSP Register Optimization
INFO: [Physopt 32-457] Pass 1. Identified 38 candidate cells for DSP register optimization.
INFO: [Physopt 32-775] End 1 Pass. Optimized 38 nets or cells. Created 299 new cells, deleted 0 existing cell and moved 0 existing cell
INFO: [Physopt 32-619] Estimated Timing Summary | WNS=-0.154 | TNS=-2.353 |
Netlist sorting complete. Time (s): cpu = 00:00:00 ; elapsed = 00:00:00.224 . Memory (MB): peak = 4669.859 ; gain = 0.000
Phase 23 DSP Register Optimization | Checksum: f3d0dca4

Time (s): cpu = 00:10:30 ; elapsed = 00:05:38 . Memory (MB): peak = 4669.859 ; gain = 0.000

Phase 24 BRAM Register Optimization
INFO: [Physopt 32-526] No candidate cells for BRAM register optimization found in the design
INFO: [Physopt 32-775] End 1 Pass. Optimized 0 net or cell. Created 0 new cell, deleted 0 existing cell and moved 0 existing cell
Phase 24 BRAM Register Optimization | Checksum: f3d0dca4

Time (s): cpu = 00:10:30 ; elapsed = 00:05:38 . Memory (MB): peak = 4669.859 ; gain = 0.000

Phase 25 URAM Register Optimization
INFO: [Physopt 32-846] No candidate cells for URAM register optimization found in the design
INFO: [Physopt 32-775] End 1 Pass. Optimized 0 net or cell. Created 0 new cell, deleted 0 existing cell and moved 0 existing cell
INFO: [Physopt 32-846] No candidate cells for URAM register optimization found in the design
INFO: [Physopt 32-775] End 1 Pass. Optimized 0 net or cell. Created 0 new cell, deleted 0 existing cell and moved 0 existing cell
Phase 25 URAM Register Optimization | Checksum: f3d0dca4

Time (s): cpu = 00:10:30 ; elapsed = 00:05:38 . Memory (MB): peak = 4669.859 ; gain = 0.000

Phase 26 Shift Register Optimization
INFO: [Physopt 32-1401] No candidate cells found for Shift Register optimization.
INFO: [Physopt 32-677] No candidate cells for Shift Register optimization found in the design
INFO: [Physopt 32-775] End 1 Pass. Optimized 0 net or cell. Created 0 new cell, deleted 0 existing cell and moved 0 existing cell
Phase 26 Shift Register Optimization | Checksum: f3d0dca4

Time (s): cpu = 00:10:30 ; elapsed = 00:05:38 . Memory (MB): peak = 4669.859 ; gain = 0.000

Phase 27 Critical Pin Optimization
INFO: [Physopt 32-606] Identified 45 candidate nets for critical-pin optimization.
INFO: [Physopt 32-608] Optimized 36 nets.  Swapped 1489 pins.
INFO: [Physopt 32-775] End 1 Pass. Optimized 36 nets or cells. Created 0 new cell, deleted 0 existing cell and moved 1489 existing cells
INFO: [Physopt 32-619] Estimated Timing Summary | WNS=-0.127 | TNS=-1.616 |
Netlist sorting complete. Time (s): cpu = 00:00:00 ; elapsed = 00:00:00.017 . Memory (MB): peak = 4669.859 ; gain = 0.000
Phase 27 Critical Pin Optimization | Checksum: f3d0dca4

Time (s): cpu = 00:10:34 ; elapsed = 00:05:43 . Memory (MB): peak = 4669.859 ; gain = 0.000

Phase 28 Very High Fanout Optimization
INFO: [Physopt 32-1132] Very high fanout net 'u_dut/fill_wr_bank_addr_q[0][0][0]' is not considered as a candidate in VHFN optimization. The fanout considered for this optimization is changed from 369 to 50 due to a timing constraint or macro primitives that prevent optimization on all of the loads. To force replication, set the FORCE_MAX_FANOUT property on the net to a number less than 50.
INFO: [Physopt 32-1132] Very high fanout net 'u_dut/fill_wr_bank_addr_q[0][0][1]' is not considered as a candidate in VHFN optimization. The fanout considered for this optimization is changed from 371 to 52 due to a timing constraint or macro primitives that prevent optimization on all of the loads. To force replication, set the FORCE_MAX_FANOUT property on the net to a number less than 52.
INFO: [Physopt 32-1132] Very high fanout net 'u_dut/fill_wr_bank_addr_q[0][0][2]' is not considered as a candidate in VHFN optimization. The fanout considered for this optimization is changed from 369 to 50 due to a timing constraint or macro primitives that prevent optimization on all of the loads. To force replication, set the FORCE_MAX_FANOUT property on the net to a number less than 50.
INFO: [Physopt 32-1132] Very high fanout net 'u_dut/fill_wr_bank_addr_q[0][0][3]' is not considered as a candidate in VHFN optimization. The fanout considered for this optimization is changed from 368 to 49 due to a timing constraint or macro primitives that prevent optimization on all of the loads. To force replication, set the FORCE_MAX_FANOUT property on the net to a number less than 49.
INFO: [Physopt 32-1132] Very high fanout net 'u_dut/fill_wr_bank_addr_q[0][0][4]' is not considered as a candidate in VHFN optimization. The fanout considered for this optimization is changed from 371 to 52 due to a timing constraint or macro primitives that prevent optimization on all of the loads. To force replication, set the FORCE_MAX_FANOUT property on the net to a number less than 52.
INFO: [Physopt 32-1132] Very high fanout net 'u_dut/fill_wr_bank_addr_q[0][0][5]' is not considered as a candidate in VHFN optimization. The fanout considered for this optimization is changed from 369 to 50 due to a timing constraint or macro primitives that prevent optimization on all of the loads. To force replication, set the FORCE_MAX_FANOUT property on the net to a number less than 50.
INFO: [Physopt 32-1132] Very high fanout net 'u_dut/fill_wr_bank_addr_q[0][1][0]' is not considered as a candidate in VHFN optimization. The fanout considered for this optimization is changed from 370 to 51 due to a timing constraint or macro primitives that prevent optimization on all of the loads. To force replication, set the FORCE_MAX_FANOUT property on the net to a number less than 51.
INFO: [Physopt 32-1132] Very high fanout net 'u_dut/fill_wr_bank_addr_q[0][1][1]' is not considered as a candidate in VHFN optimization. The fanout considered for this optimization is changed from 370 to 51 due to a timing constraint or macro primitives that prevent optimization on all of the loads. To force replication, set the FORCE_MAX_FANOUT property on the net to a number less than 51.
INFO: [Physopt 32-1132] Very high fanout net 'u_dut/fill_wr_bank_addr_q[0][1][2]' is not considered as a candidate in VHFN optimization. The fanout considered for this optimization is changed from 369 to 50 due to a timing constraint or macro primitives that prevent optimization on all of the loads. To force replication, set the FORCE_MAX_FANOUT property on the net to a number less than 50.
INFO: [Physopt 32-1132] Very high fanout net 'u_dut/fill_wr_bank_addr_q[0][1][3]' is not considered as a candidate in VHFN optimization. The fanout considered for this optimization is changed from 370 to 51 due to a timing constraint or macro primitives that prevent optimization on all of the loads. To force replication, set the FORCE_MAX_FANOUT property on the net to a number less than 51.
INFO: [Physopt 32-1132] Very high fanout net 'u_dut/fill_wr_bank_addr_q[0][1][4]' is not considered as a candidate in VHFN optimization. The fanout considered for this optimization is changed from 368 to 49 due to a timing constraint or macro primitives that prevent optimization on all of the loads. To force replication, set the FORCE_MAX_FANOUT property on the net to a number less than 49.
INFO: [Physopt 32-1132] Very high fanout net 'u_dut/fill_wr_bank_addr_q[0][1][5]' is not considered as a candidate in VHFN optimization. The fanout considered for this optimization is changed from 369 to 50 due to a timing constraint or macro primitives that prevent optimization on all of the loads. To force replication, set the FORCE_MAX_FANOUT property on the net to a number less than 50.
INFO: [Physopt 32-1132] Very high fanout net 'u_dut/fill_wr_bank_addr_q[0][2][0]' is not considered as a candidate in VHFN optimization. The fanout considered for this optimization is changed from 369 to 50 due to a timing constraint or macro primitives that prevent optimization on all of the loads. To force replication, set the FORCE_MAX_FANOUT property on the net to a number less than 50.
INFO: [Physopt 32-1132] Very high fanout net 'u_dut/fill_wr_bank_addr_q[0][2][1]' is not considered as a candidate in VHFN optimization. The fanout considered for this optimization is changed from 368 to 49 due to a timing constraint or macro primitives that prevent optimization on all of the loads. To force replication, set the FORCE_MAX_FANOUT property on the net to a number less than 49.
INFO: [Physopt 32-1132] Very high fanout net 'u_dut/fill_wr_bank_addr_q[0][2][2]' is not considered as a candidate in VHFN optimization. The fanout considered for this optimization is changed from 369 to 50 due to a timing constraint or macro primitives that prevent optimization on all of the loads. To force replication, set the FORCE_MAX_FANOUT property on the net to a number less than 50.
INFO: [Physopt 32-1132] Very high fanout net 'u_dut/fill_wr_bank_addr_q[0][2][3]' is not considered as a candidate in VHFN optimization. The fanout considered for this optimization is changed from 371 to 52 due to a timing constraint or macro primitives that prevent optimization on all of the loads. To force replication, set the FORCE_MAX_FANOUT property on the net to a number less than 52.
INFO: [Physopt 32-1132] Very high fanout net 'u_dut/fill_wr_bank_addr_q[0][2][4]' is not considered as a candidate in VHFN optimization. The fanout considered for this optimization is changed from 370 to 51 due to a timing constraint or macro primitives that prevent optimization on all of the loads. To force replication, set the FORCE_MAX_FANOUT property on the net to a number less than 51.
INFO: [Physopt 32-1132] Very high fanout net 'u_dut/fill_wr_bank_addr_q[0][2][5]' is not considered as a candidate in VHFN optimization. The fanout considered for this optimization is changed from 369 to 50 due to a timing constraint or macro primitives that prevent optimization on all of the loads. To force replication, set the FORCE_MAX_FANOUT property on the net to a number less than 50.
INFO: [Physopt 32-1132] Very high fanout net 'u_dut/fill_wr_bank_addr_q[0][3][0]' is not considered as a candidate in VHFN optimization. The fanout considered for this optimization is changed from 368 to 49 due to a timing constraint or macro primitives that prevent optimization on all of the loads. To force replication, set the FORCE_MAX_FANOUT property on the net to a number less than 49.
INFO: [Physopt 32-1132] Very high fanout net 'u_dut/fill_wr_bank_addr_q[0][3][1]' is not considered as a candidate in VHFN optimization. The fanout considered for this optimization is changed from 368 to 49 due to a timing constraint or macro primitives that prevent optimization on all of the loads. To force replication, set the FORCE_MAX_FANOUT property on the net to a number less than 49.
INFO: [Physopt 32-1132] Very high fanout net 'u_dut/fill_wr_bank_addr_q[0][3][2]' is not considered as a candidate in VHFN optimization. The fanout considered for this optimization is changed from 369 to 50 due to a timing constraint or macro primitives that prevent optimization on all of the loads. To force replication, set the FORCE_MAX_FANOUT property on the net to a number less than 50.
INFO: [Physopt 32-1132] Very high fanout net 'u_dut/fill_wr_bank_addr_q[0][3][3]' is not considered as a candidate in VHFN optimization. The fanout considered for this optimization is changed from 368 to 49 due to a timing constraint or macro primitives that prevent optimization on all of the loads. To force replication, set the FORCE_MAX_FANOUT property on the net to a number less than 49.
INFO: [Physopt 32-1132] Very high fanout net 'u_dut/fill_wr_bank_addr_q[0][3][4]' is not considered as a candidate in VHFN optimization. The fanout considered for this optimization is changed from 368 to 49 due to a timing constraint or macro primitives that prevent optimization on all of the loads. To force replication, set the FORCE_MAX_FANOUT property on the net to a number less than 49.
INFO: [Physopt 32-1132] Very high fanout net 'u_dut/fill_wr_bank_addr_q[0][3][5]' is not considered as a candidate in VHFN optimization. The fanout considered for this optimization is changed from 369 to 50 due to a timing constraint or macro primitives that prevent optimization on all of the loads. To force replication, set the FORCE_MAX_FANOUT property on the net to a number less than 50.
INFO: [Physopt 32-1132] Very high fanout net 'u_dut/fill_wr_bank_addr_q[1][0][0]' is not considered as a candidate in VHFN optimization. The fanout considered for this optimization is changed from 369 to 50 due to a timing constraint or macro primitives that prevent optimization on all of the loads. To force replication, set the FORCE_MAX_FANOUT property on the net to a number less than 50.
INFO: [Physopt 32-1132] Very high fanout net 'u_dut/fill_wr_bank_addr_q[1][0][1]' is not considered as a candidate in VHFN optimization. The fanout considered for this optimization is changed from 368 to 49 due to a timing constraint or macro primitives that prevent optimization on all of the loads. To force replication, set the FORCE_MAX_FANOUT property on the net to a number less than 49.
INFO: [Physopt 32-1132] Very high fanout net 'u_dut/fill_wr_bank_addr_q[1][0][2]' is not considered as a candidate in VHFN optimization. The fanout considered for this optimization is changed from 369 to 50 due to a timing constraint or macro primitives that prevent optimization on all of the loads. To force replication, set the FORCE_MAX_FANOUT property on the net to a number less than 50.
INFO: [Physopt 32-1132] Very high fanout net 'u_dut/fill_wr_bank_addr_q[1][0][3]' is not considered as a candidate in VHFN optimization. The fanout considered for this optimization is changed from 368 to 49 due to a timing constraint or macro primitives that prevent optimization on all of the loads. To force replication, set the FORCE_MAX_FANOUT property on the net to a number less than 49.
INFO: [Physopt 32-1132] Very high fanout net 'u_dut/fill_wr_bank_addr_q[1][0][4]' is not considered as a candidate in VHFN optimization. The fanout considered for this optimization is changed from 368 to 49 due to a timing constraint or macro primitives that prevent optimization on all of the loads. To force replication, set the FORCE_MAX_FANOUT property on the net to a number less than 49.
INFO: [Physopt 32-1132] Very high fanout net 'u_dut/fill_wr_bank_addr_q[1][0][5]' is not considered as a candidate in VHFN optimization. The fanout considered for this optimization is changed from 369 to 50 due to a timing constraint or macro primitives that prevent optimization on all of the loads. To force replication, set the FORCE_MAX_FANOUT property on the net to a number less than 50.
INFO: [Physopt 32-1132] Very high fanout net 'u_dut/fill_wr_bank_addr_q[1][1][0]' is not considered as a candidate in VHFN optimization. The fanout considered for this optimization is changed from 369 to 50 due to a timing constraint or macro primitives that prevent optimization on all of the loads. To force replication, set the FORCE_MAX_FANOUT property on the net to a number less than 50.
INFO: [Physopt 32-1132] Very high fanout net 'u_dut/fill_wr_bank_addr_q[1][1][1]' is not considered as a candidate in VHFN optimization. The fanout considered for this optimization is changed from 369 to 50 due to a timing constraint or macro primitives that prevent optimization on all of the loads. To force replication, set the FORCE_MAX_FANOUT property on the net to a number less than 50.
INFO: [Physopt 32-1132] Very high fanout net 'u_dut/fill_wr_bank_addr_q[1][1][2]' is not considered as a candidate in VHFN optimization. The fanout considered for this optimization is changed from 369 to 50 due to a timing constraint or macro primitives that prevent optimization on all of the loads. To force replication, set the FORCE_MAX_FANOUT property on the net to a number less than 50.
INFO: [Physopt 32-1132] Very high fanout net 'u_dut/fill_wr_bank_addr_q[1][1][3]' is not considered as a candidate in VHFN optimization. The fanout considered for this optimization is changed from 369 to 50 due to a timing constraint or macro primitives that prevent optimization on all of the loads. To force replication, set the FORCE_MAX_FANOUT property on the net to a number less than 50.
INFO: [Physopt 32-1132] Very high fanout net 'u_dut/fill_wr_bank_addr_q[1][1][4]' is not considered as a candidate in VHFN optimization. The fanout considered for this optimization is changed from 369 to 50 due to a timing constraint or macro primitives that prevent optimization on all of the loads. To force replication, set the FORCE_MAX_FANOUT property on the net to a number less than 50.
INFO: [Physopt 32-1132] Very high fanout net 'u_dut/fill_wr_bank_addr_q[1][1][5]' is not considered as a candidate in VHFN optimization. The fanout considered for this optimization is changed from 369 to 50 due to a timing constraint or macro primitives that prevent optimization on all of the loads. To force replication, set the FORCE_MAX_FANOUT property on the net to a number less than 50.
INFO: [Physopt 32-1132] Very high fanout net 'u_dut/fill_wr_bank_addr_q[1][2][0]' is not considered as a candidate in VHFN optimization. The fanout considered for this optimization is changed from 369 to 50 due to a timing constraint or macro primitives that prevent optimization on all of the loads. To force replication, set the FORCE_MAX_FANOUT property on the net to a number less than 50.
INFO: [Physopt 32-1132] Very high fanout net 'u_dut/fill_wr_bank_addr_q[1][2][1]' is not considered as a candidate in VHFN optimization. The fanout considered for this optimization is changed from 369 to 50 due to a timing constraint or macro primitives that prevent optimization on all of the loads. To force replication, set the FORCE_MAX_FANOUT property on the net to a number less than 50.
INFO: [Physopt 32-1132] Very high fanout net 'u_dut/fill_wr_bank_addr_q[1][2][2]' is not considered as a candidate in VHFN optimization. The fanout considered for this optimization is changed from 369 to 50 due to a timing constraint or macro primitives that prevent optimization on all of the loads. To force replication, set the FORCE_MAX_FANOUT property on the net to a number less than 50.
INFO: [Physopt 32-1132] Very high fanout net 'u_dut/fill_wr_bank_addr_q[1][2][3]' is not considered as a candidate in VHFN optimization. The fanout considered for this optimization is changed from 369 to 50 due to a timing constraint or macro primitives that prevent optimization on all of the loads. To force replication, set the FORCE_MAX_FANOUT property on the net to a number less than 50.
INFO: [Physopt 32-1132] Very high fanout net 'u_dut/fill_wr_bank_addr_q[1][2][4]' is not considered as a candidate in VHFN optimization. The fanout considered for this optimization is changed from 369 to 50 due to a timing constraint or macro primitives that prevent optimization on all of the loads. To force replication, set the FORCE_MAX_FANOUT property on the net to a number less than 50.
INFO: [Physopt 32-1132] Very high fanout net 'u_dut/fill_wr_bank_addr_q[1][2][5]' is not considered as a candidate in VHFN optimization. The fanout considered for this optimization is changed from 369 to 50 due to a timing constraint or macro primitives that prevent optimization on all of the loads. To force replication, set the FORCE_MAX_FANOUT property on the net to a number less than 50.
INFO: [Physopt 32-1132] Very high fanout net 'u_dut/fill_wr_bank_addr_q[1][3][0]' is not considered as a candidate in VHFN optimization. The fanout considered for this optimization is changed from 369 to 50 due to a timing constraint or macro primitives that prevent optimization on all of the loads. To force replication, set the FORCE_MAX_FANOUT property on the net to a number less than 50.
INFO: [Physopt 32-1132] Very high fanout net 'u_dut/fill_wr_bank_addr_q[1][3][1]' is not considered as a candidate in VHFN optimization. The fanout considered for this optimization is changed from 369 to 50 due to a timing constraint or macro primitives that prevent optimization on all of the loads. To force replication, set the FORCE_MAX_FANOUT property on the net to a number less than 50.
INFO: [Physopt 32-1132] Very high fanout net 'u_dut/fill_wr_bank_addr_q[1][3][2]' is not considered as a candidate in VHFN optimization. The fanout considered for this optimization is changed from 369 to 50 due to a timing constraint or macro primitives that prevent optimization on all of the loads. To force replication, set the FORCE_MAX_FANOUT property on the net to a number less than 50.
INFO: [Physopt 32-1132] Very high fanout net 'u_dut/fill_wr_bank_addr_q[1][3][3]' is not considered as a candidate in VHFN optimization. The fanout considered for this optimization is changed from 369 to 50 due to a timing constraint or macro primitives that prevent optimization on all of the loads. To force replication, set the FORCE_MAX_FANOUT property on the net to a number less than 50.
INFO: [Physopt 32-1132] Very high fanout net 'u_dut/fill_wr_bank_addr_q[1][3][4]' is not considered as a candidate in VHFN optimization. The fanout considered for this optimization is changed from 369 to 50 due to a timing constraint or macro primitives that prevent optimization on all of the loads. To force replication, set the FORCE_MAX_FANOUT property on the net to a number less than 50.
INFO: [Physopt 32-1132] Very high fanout net 'u_dut/fill_wr_bank_addr_q[1][3][5]' is not considered as a candidate in VHFN optimization. The fanout considered for this optimization is changed from 369 to 50 due to a timing constraint or macro primitives that prevent optimization on all of the loads. To force replication, set the FORCE_MAX_FANOUT property on the net to a number less than 50.
INFO: [Physopt 32-1132] Very high fanout net 'u_dut/result_wr_addr[1]' is not considered as a candidate in VHFN optimization. The fanout considered for this optimization is changed from 896 to 129 due to a timing constraint or macro primitives that prevent optimization on all of the loads. To force replication, set the FORCE_MAX_FANOUT property on the net to a number less than 129.
INFO: [Physopt 32-1132] Very high fanout net 'u_dut/result_wr_addr[0]' is not considered as a candidate in VHFN optimization. The fanout considered for this optimization is changed from 896 to 129 due to a timing constraint or macro primitives that prevent optimization on all of the loads. To force replication, set the FORCE_MAX_FANOUT property on the net to a number less than 129.
INFO: [Physopt 32-1132] Very high fanout net 'u_dut/result_wr_addr[5]' is not considered as a candidate in VHFN optimization. The fanout considered for this optimization is changed from 896 to 129 due to a timing constraint or macro primitives that prevent optimization on all of the loads. To force replication, set the FORCE_MAX_FANOUT property on the net to a number less than 129.
INFO: [Physopt 32-1132] Very high fanout net 'u_dut/result_wr_addr[4]' is not considered as a candidate in VHFN optimization. The fanout considered for this optimization is changed from 896 to 129 due to a timing constraint or macro primitives that prevent optimization on all of the loads. To force replication, set the FORCE_MAX_FANOUT property on the net to a number less than 129.
INFO: [Physopt 32-1132] Very high fanout net 'u_dut/result_wr_addr[3]' is not considered as a candidate in VHFN optimization. The fanout considered for this optimization is changed from 896 to 129 due to a timing constraint or macro primitives that prevent optimization on all of the loads. To force replication, set the FORCE_MAX_FANOUT property on the net to a number less than 129.
INFO: [Physopt 32-1132] Very high fanout net 'u_dut/result_wr_addr[2]' is not considered as a candidate in VHFN optimization. The fanout considered for this optimization is changed from 896 to 129 due to a timing constraint or macro primitives that prevent optimization on all of the loads. To force replication, set the FORCE_MAX_FANOUT property on the net to a number less than 129.
INFO: [Physopt 32-1132] Very high fanout net 'u_dut/gen_result_slots[1].gen_result_banks[3].u_result_bank_i_10_n_0' is not considered as a candidate in VHFN optimization. The fanout considered for this optimization is changed from 896 to 129 due to a timing constraint or macro primitives that prevent optimization on all of the loads. To force replication, set the FORCE_MAX_FANOUT property on the net to a number less than 129.
INFO: [Physopt 32-1132] Very high fanout net 'u_dut/gen_result_slots[1].gen_result_banks[3].u_result_bank_i_11_n_0' is not considered as a candidate in VHFN optimization. The fanout considered for this optimization is changed from 896 to 129 due to a timing constraint or macro primitives that prevent optimization on all of the loads. To force replication, set the FORCE_MAX_FANOUT property on the net to a number less than 129.
INFO: [Physopt 32-1132] Very high fanout net 'u_dut/gen_result_slots[1].gen_result_banks[3].u_result_bank_i_6_n_0' is not considered as a candidate in VHFN optimization. The fanout considered for this optimization is changed from 896 to 129 due to a timing constraint or macro primitives that prevent optimization on all of the loads. To force replication, set the FORCE_MAX_FANOUT property on the net to a number less than 129.
INFO: [Physopt 32-1132] Very high fanout net 'u_dut/gen_result_slots[1].gen_result_banks[3].u_result_bank_i_7_n_0' is not considered as a candidate in VHFN optimization. The fanout considered for this optimization is changed from 896 to 129 due to a timing constraint or macro primitives that prevent optimization on all of the loads. To force replication, set the FORCE_MAX_FANOUT property on the net to a number less than 129.
INFO: [Physopt 32-1132] Very high fanout net 'u_dut/gen_result_slots[1].gen_result_banks[3].u_result_bank_i_8_n_0' is not considered as a candidate in VHFN optimization. The fanout considered for this optimization is changed from 896 to 129 due to a timing constraint or macro primitives that prevent optimization on all of the loads. To force replication, set the FORCE_MAX_FANOUT property on the net to a number less than 129.
INFO: [Physopt 32-1132] Very high fanout net 'u_dut/gen_result_slots[1].gen_result_banks[3].u_result_bank_i_9_n_0' is not considered as a candidate in VHFN optimization. The fanout considered for this optimization is changed from 896 to 129 due to a timing constraint or macro primitives that prevent optimization on all of the loads. To force replication, set the FORCE_MAX_FANOUT property on the net to a number less than 129.
INFO: [Physopt 32-1132] Very high fanout net 'u_dut/vwrite_cmd_addr_q[0]' is not considered as a candidate in VHFN optimization. The fanout considered for this optimization is changed from 1472 to 193 due to a timing constraint or macro primitives that prevent optimization on all of the loads. To force replication, set the FORCE_MAX_FANOUT property on the net to a number less than 193.
INFO: [Physopt 32-1132] Very high fanout net 'u_dut/vwrite_cmd_addr_q[1]' is not considered as a candidate in VHFN optimization. The fanout considered for this optimization is changed from 1472 to 193 due to a timing constraint or macro primitives that prevent optimization on all of the loads. To force replication, set the FORCE_MAX_FANOUT property on the net to a number less than 193.
INFO: [Physopt 32-1132] Very high fanout net 'u_dut/vwrite_cmd_addr_q[2]' is not considered as a candidate in VHFN optimization. The fanout considered for this optimization is changed from 1472 to 193 due to a timing constraint or macro primitives that prevent optimization on all of the loads. To force replication, set the FORCE_MAX_FANOUT property on the net to a number less than 193.
INFO: [Physopt 32-1132] Very high fanout net 'u_dut/vwrite_cmd_addr_q[3]' is not considered as a candidate in VHFN optimization. The fanout considered for this optimization is changed from 1472 to 193 due to a timing constraint or macro primitives that prevent optimization on all of the loads. To force replication, set the FORCE_MAX_FANOUT property on the net to a number less than 193.
INFO: [Physopt 32-1132] Very high fanout net 'u_dut/vwrite_cmd_addr_q[4]' is not considered as a candidate in VHFN optimization. The fanout considered for this optimization is changed from 1472 to 193 due to a timing constraint or macro primitives that prevent optimization on all of the loads. To force replication, set the FORCE_MAX_FANOUT property on the net to a number less than 193.
INFO: [Physopt 32-1132] Very high fanout net 'u_dut/vwrite_cmd_addr_q[5]' is not considered as a candidate in VHFN optimization. The fanout considered for this optimization is changed from 1472 to 193 due to a timing constraint or macro primitives that prevent optimization on all of the loads. To force replication, set the FORCE_MAX_FANOUT property on the net to a number less than 193.
INFO: [Physopt 32-1408] Pass 1. Identified 71 candidate nets for high-fanout optimization.
INFO: [Physopt 32-81] Processed net u_dut/rd_cmd_addr_q_reg_n_0_[1][0][0]. Replicated 3 times.
INFO: [Physopt 32-572] Net u_dut/rd_cmd_addr_q_reg_n_0_[1][0][1] was not replicated.
Resolution: phys_opt_design can be forced to replicate a net driver using the option -force_replication_on_nets <list of net objects>.
INFO: [Physopt 32-81] Processed net u_dut/rd_cmd_addr_q_reg_n_0_[1][0][3]. Replicated 3 times.
INFO: [Physopt 32-81] Processed net u_dut/rd_cmd_addr_q_reg_n_0_[1][0][2]. Replicated 3 times.
INFO: [Physopt 32-572] Net u_dut/u_bounded_lfnst_engine/coeff_bundle_q[0] was not replicated.
Resolution: phys_opt_design can be forced to replicate a net driver using the option -force_replication_on_nets <list of net objects>.
INFO: [Physopt 32-81] Processed net u_dut/u_bounded_lfnst_engine/red1_valid_q. Replicated 2 times.
INFO: [Physopt 32-81] Processed net u_dut/u_unified_p4_kernel/s4_valid_q. Replicated 1 times.
INFO: [Physopt 32-232] Optimized 5 nets. Created 12 new instances.
INFO: [Physopt 32-775] End 1 Pass. Optimized 5 nets or cells. Created 12 new cells, deleted 0 existing cell and moved 0 existing cell
INFO: [Physopt 32-619] Estimated Timing Summary | WNS=-0.127 | TNS=-1.365 |
Netlist sorting complete. Time (s): cpu = 00:00:00 ; elapsed = 00:00:00.198 . Memory (MB): peak = 4669.859 ; gain = 0.000
Phase 28 Very High Fanout Optimization | Checksum: 18709046e

Time (s): cpu = 00:10:54 ; elapsed = 00:05:54 . Memory (MB): peak = 4669.859 ; gain = 0.000

Phase 29 Single Cell Placement Optimization
INFO: [Physopt 32-660] Identified 250 candidate nets for placement-based optimization.
INFO: [Physopt 32-663] Processed net u_dut/rd_cmd_addr_q_reg_n_0_[0][0][1]_repN_3.  Re-placed instance u_dut/rd_cmd_addr_q_reg[0][0][1]_replica_3
INFO: [Physopt 32-662] Processed net u_dut/gen_input_slots[0].gen_input_banks[0].u_input_cache_bank/rd_data[15]_INST_0_i_6_n_0.  Did not re-place instance u_dut/gen_input_slots[0].gen_input_banks[0].u_input_cache_bank/rd_data[15]_INST_0_i_6
INFO: [Physopt 32-662] Processed net u_dut/lfnst_mem_resp_data_q[15]_i_2_n_0.  Did not re-place instance u_dut/lfnst_mem_resp_data_q[15]_i_2
INFO: [Physopt 32-662] Processed net u_dut/lfnst_mem_resp_data_q[15].  Did not re-place instance u_dut/lfnst_mem_resp_data_q_reg[15]
INFO: [Physopt 32-663] Processed net u_dut/rd_cmd_addr_q_reg_n_0_[0][0][0]_repN_3.  Re-placed instance u_dut/rd_cmd_addr_q_reg[0][0][0]_replica_3
INFO: [Physopt 32-663] Processed net u_dut/rd_cmd_addr_q_reg_n_0_[0][0][0]_repN_4.  Re-placed instance u_dut/rd_cmd_addr_q_reg[0][0][0]_replica_4
INFO: [Common 17-14] Message 'Physopt 32-663' appears 100 times and further instances of the messages will be disabled. Use the Tcl command set_msg_config to change the current settings.
INFO: [Physopt 32-662] Processed net u_dut/gen_input_slots[0].gen_input_banks[0].u_input_cache_bank/rd_data[15]_INST_0_i_3_n_0.  Did not re-place instance u_dut/gen_input_slots[0].gen_input_banks[0].u_input_cache_bank/rd_data[15]_INST_0_i_3
INFO: [Physopt 32-662] Processed net u_dut/gen_input_slots[1].gen_input_banks[1].u_input_cache_bank/rd_data[10]_INST_0_i_3_n_0.  Did not re-place instance u_dut/gen_input_slots[1].gen_input_banks[1].u_input_cache_bank/rd_data[10]_INST_0_i_3
INFO: [Physopt 32-662] Processed net u_dut/lfnst_mem_resp_data_q[10]_i_2_n_0.  Did not re-place instance u_dut/lfnst_mem_resp_data_q[10]_i_2
INFO: [Physopt 32-662] Processed net u_dut/lfnst_mem_resp_data_q[10].  Did not re-place instance u_dut/lfnst_mem_resp_data_q_reg[10]
INFO: [Physopt 32-662] Processed net u_dut/gen_input_slots[0].gen_input_banks[0].u_input_cache_bank/rd_data[14]_INST_0_i_6_n_0.  Did not re-place instance u_dut/gen_input_slots[0].gen_input_banks[0].u_input_cache_bank/rd_data[14]_INST_0_i_6
INFO: [Physopt 32-662] Processed net u_dut/lfnst_mem_resp_data_q[14]_i_2_n_0.  Did not re-place instance u_dut/lfnst_mem_resp_data_q[14]_i_2
INFO: [Physopt 32-662] Processed net u_dut/lfnst_mem_resp_data_q[14].  Did not re-place instance u_dut/lfnst_mem_resp_data_q_reg[14]
INFO: [Physopt 32-662] Processed net u_dut/gen_input_slots[0].gen_input_banks[3].u_input_cache_bank/rd_data[1]_INST_0_i_4_n_0.  Did not re-place instance u_dut/gen_input_slots[0].gen_input_banks[3].u_input_cache_bank/rd_data[1]_INST_0_i_4
INFO: [Physopt 32-662] Processed net u_dut/lfnst_mem_resp_data_q[1]_i_3_n_0.  Did not re-place instance u_dut/lfnst_mem_resp_data_q[1]_i_3
INFO: [Physopt 32-662] Processed net u_dut/lfnst_mem_resp_data_q[1].  Did not re-place instance u_dut/lfnst_mem_resp_data_q_reg[1]
INFO: [Physopt 32-662] Processed net u_dut/rd_cmd_addr_q_reg_n_0_[0][0][0]_repN.  Did not re-place instance u_dut/rd_cmd_addr_q_reg[0][0][0]_replica
INFO: [Physopt 32-662] Processed net u_dut/gen_input_slots[0].gen_input_banks[2].u_input_cache_bank/rd_data[14]_INST_0_i_4_n_0.  Did not re-place instance u_dut/gen_input_slots[0].gen_input_banks[2].u_input_cache_bank/rd_data[14]_INST_0_i_4
INFO: [Physopt 32-662] Processed net u_dut/lfnst_mem_resp_data_q[14]_i_3_n_0.  Did not re-place instance u_dut/lfnst_mem_resp_data_q[14]_i_3
INFO: [Physopt 32-662] Processed net u_dut/gen_input_slots[0].gen_input_banks[0].u_input_cache_bank/rd_data[14]_INST_0_i_3_n_0.  Did not re-place instance u_dut/gen_input_slots[0].gen_input_banks[0].u_input_cache_bank/rd_data[14]_INST_0_i_3
INFO: [Physopt 32-662] Processed net u_dut/gen_input_slots[1].gen_input_banks[0].u_input_cache_bank/rd_data[7]_INST_0_i_5_n_0.  Did not re-place instance u_dut/gen_input_slots[1].gen_input_banks[0].u_input_cache_bank/rd_data[7]_INST_0_i_5
INFO: [Physopt 32-662] Processed net u_dut/lfnst_mem_resp_data_q[7]_i_2_n_0.  Did not re-place instance u_dut/lfnst_mem_resp_data_q[7]_i_2
INFO: [Physopt 32-662] Processed net u_dut/lfnst_mem_resp_data_q[7].  Did not re-place instance u_dut/lfnst_mem_resp_data_q_reg[7]
INFO: [Physopt 32-662] Processed net u_dut/gen_input_slots[0].gen_input_banks[0].u_input_cache_bank/rd_data[14]_INST_0_i_4_n_0.  Did not re-place instance u_dut/gen_input_slots[0].gen_input_banks[0].u_input_cache_bank/rd_data[14]_INST_0_i_4
INFO: [Physopt 32-662] Processed net u_dut/gen_input_slots[1].gen_input_banks[1].u_input_cache_bank/rd_data[10]_INST_0_i_5_n_0.  Did not re-place instance u_dut/gen_input_slots[1].gen_input_banks[1].u_input_cache_bank/rd_data[10]_INST_0_i_5
INFO: [Physopt 32-662] Processed net u_dut/gen_input_slots[0].gen_input_banks[3].u_input_cache_bank/rd_data[3]_INST_0_i_3_n_0.  Did not re-place instance u_dut/gen_input_slots[0].gen_input_banks[3].u_input_cache_bank/rd_data[3]_INST_0_i_3
INFO: [Physopt 32-662] Processed net u_dut/lfnst_mem_resp_data_q[3]_i_3_n_0.  Did not re-place instance u_dut/lfnst_mem_resp_data_q[3]_i_3
INFO: [Physopt 32-662] Processed net u_dut/lfnst_mem_resp_data_q[3].  Did not re-place instance u_dut/lfnst_mem_resp_data_q_reg[3]
INFO: [Physopt 32-662] Processed net u_dut/gen_input_slots[1].gen_input_banks[0].u_input_cache_bank/rd_data[7]_INST_0_i_4_n_0.  Did not re-place instance u_dut/gen_input_slots[1].gen_input_banks[0].u_input_cache_bank/rd_data[7]_INST_0_i_4
INFO: [Physopt 32-662] Processed net u_dut/gen_input_slots[1].gen_input_banks[0].u_input_cache_bank/rd_data[10]_INST_0_i_5_n_0.  Did not re-place instance u_dut/gen_input_slots[1].gen_input_banks[0].u_input_cache_bank/rd_data[10]_INST_0_i_5
INFO: [Physopt 32-662] Processed net u_dut/gen_input_slots[0].gen_input_banks[0].u_input_cache_bank/rd_data[15]_INST_0_i_5_n_0.  Did not re-place instance u_dut/gen_input_slots[0].gen_input_banks[0].u_input_cache_bank/rd_data[15]_INST_0_i_5
INFO: [Physopt 32-662] Processed net u_dut/gen_input_slots[0].gen_input_banks[3].u_input_cache_bank/rd_data[1]_INST_0_i_3_n_0.  Did not re-place instance u_dut/gen_input_slots[0].gen_input_banks[3].u_input_cache_bank/rd_data[1]_INST_0_i_3
INFO: [Physopt 32-662] Processed net u_dut/gen_input_slots[1].gen_input_banks[0].u_input_cache_bank/rd_data[10]_INST_0_i_3_n_0.  Did not re-place instance u_dut/gen_input_slots[1].gen_input_banks[0].u_input_cache_bank/rd_data[10]_INST_0_i_3
INFO: [Physopt 32-662] Processed net u_dut/gen_input_slots[1].gen_input_banks[0].u_input_cache_bank/rd_data[8]_INST_0_i_5_n_0.  Did not re-place instance u_dut/gen_input_slots[1].gen_input_banks[0].u_input_cache_bank/rd_data[8]_INST_0_i_5
INFO: [Physopt 32-662] Processed net u_dut/lfnst_mem_resp_data_q[8]_i_2_n_0.  Did not re-place instance u_dut/lfnst_mem_resp_data_q[8]_i_2
INFO: [Physopt 32-662] Processed net u_dut/lfnst_mem_resp_data_q[8].  Did not re-place instance u_dut/lfnst_mem_resp_data_q_reg[8]
INFO: [Physopt 32-662] Processed net u_dut/gen_input_slots[0].gen_input_banks[3].u_input_cache_bank/rd_data[6]_INST_0_i_3_n_0.  Did not re-place instance u_dut/gen_input_slots[0].gen_input_banks[3].u_input_cache_bank/rd_data[6]_INST_0_i_3
INFO: [Physopt 32-662] Processed net u_dut/lfnst_mem_resp_data_q[6]_i_3_n_0.  Did not re-place instance u_dut/lfnst_mem_resp_data_q[6]_i_3
INFO: [Physopt 32-662] Processed net u_dut/lfnst_mem_resp_data_q[6].  Did not re-place instance u_dut/lfnst_mem_resp_data_q_reg[6]
INFO: [Physopt 32-662] Processed net u_dut/gen_input_slots[1].gen_input_banks[0].u_input_cache_bank/rd_data[8]_INST_0_i_4_n_0.  Did not re-place instance u_dut/gen_input_slots[1].gen_input_banks[0].u_input_cache_bank/rd_data[8]_INST_0_i_4
INFO: [Physopt 32-662] Processed net u_dut/gen_input_slots[0].gen_input_banks[0].u_input_cache_bank/rd_data[15]_INST_0_i_4_n_0.  Did not re-place instance u_dut/gen_input_slots[0].gen_input_banks[0].u_input_cache_bank/rd_data[15]_INST_0_i_4
INFO: [Physopt 32-662] Processed net u_dut/gen_input_slots[1].gen_input_banks[1].u_input_cache_bank/rd_data[7]_INST_0_i_3_n_0.  Did not re-place instance u_dut/gen_input_slots[1].gen_input_banks[1].u_input_cache_bank/rd_data[7]_INST_0_i_3
INFO: [Physopt 32-662] Processed net u_dut/gen_input_slots[0].gen_input_banks[2].u_input_cache_bank/rd_data[14]_INST_0_i_6_n_0.  Did not re-place instance u_dut/gen_input_slots[0].gen_input_banks[2].u_input_cache_bank/rd_data[14]_INST_0_i_6
INFO: [Physopt 32-662] Processed net u_dut/gen_input_slots[1].gen_input_banks[1].u_input_cache_bank/rd_data[8]_INST_0_i_3_n_0.  Did not re-place instance u_dut/gen_input_slots[1].gen_input_banks[1].u_input_cache_bank/rd_data[8]_INST_0_i_3
INFO: [Physopt 32-662] Processed net u_dut/gen_input_slots[0].gen_input_banks[3].u_input_cache_bank/rd_data[14]_INST_0_i_3_n_0.  Did not re-place instance u_dut/gen_input_slots[0].gen_input_banks[3].u_input_cache_bank/rd_data[14]_INST_0_i_3
INFO: [Physopt 32-662] Processed net u_dut/gen_input_slots[1].gen_input_banks[0].u_input_cache_bank/rd_data[12]_INST_0_i_3_n_0.  Did not re-place instance u_dut/gen_input_slots[1].gen_input_banks[0].u_input_cache_bank/rd_data[12]_INST_0_i_3
INFO: [Physopt 32-662] Processed net u_dut/gen_input_slots[1].gen_input_banks[0].u_input_cache_bank/rd_data[7]_INST_0_i_3_n_0.  Did not re-place instance u_dut/gen_input_slots[1].gen_input_banks[0].u_input_cache_bank/rd_data[7]_INST_0_i_3
INFO: [Physopt 32-662] Processed net u_dut/lfnst_mem_resp_data_q[12]_i_2_n_0.  Did not re-place instance u_dut/lfnst_mem_resp_data_q[12]_i_2
INFO: [Physopt 32-662] Processed net u_dut/lfnst_mem_resp_data_q[12].  Did not re-place instance u_dut/lfnst_mem_resp_data_q_reg[12]
INFO: [Physopt 32-662] Processed net u_dut/rd_cmd_addr_q_reg_n_0_[0][0][1]_repN.  Did not re-place instance u_dut/rd_cmd_addr_q_reg[0][0][1]_replica
INFO: [Physopt 32-662] Processed net u_dut/gen_input_slots[1].gen_input_banks[0].u_input_cache_bank/rd_data[12]_INST_0_i_4_n_0.  Did not re-place instance u_dut/gen_input_slots[1].gen_input_banks[0].u_input_cache_bank/rd_data[12]_INST_0_i_4
INFO: [Physopt 32-662] Processed net u_dut/gen_input_slots[0].gen_input_banks[3].u_input_cache_bank/rd_data[15]_INST_0_i_4_n_0.  Did not re-place instance u_dut/gen_input_slots[0].gen_input_banks[3].u_input_cache_bank/rd_data[15]_INST_0_i_4
INFO: [Physopt 32-662] Processed net u_dut/gen_input_slots[0].gen_input_banks[3].u_input_cache_bank/rd_data[2]_INST_0_i_3_n_0.  Did not re-place instance u_dut/gen_input_slots[0].gen_input_banks[3].u_input_cache_bank/rd_data[2]_INST_0_i_3
INFO: [Physopt 32-662] Processed net u_dut/lfnst_mem_resp_data_q[15]_i_3_n_0.  Did not re-place instance u_dut/lfnst_mem_resp_data_q[15]_i_3
INFO: [Physopt 32-662] Processed net u_dut/lfnst_mem_resp_data_q[2]_i_3_n_0.  Did not re-place instance u_dut/lfnst_mem_resp_data_q[2]_i_3
INFO: [Physopt 32-662] Processed net u_dut/lfnst_mem_resp_data_q[2].  Did not re-place instance u_dut/lfnst_mem_resp_data_q_reg[2]
INFO: [Physopt 32-662] Processed net u_dut/gen_input_slots[1].gen_input_banks[0].u_input_cache_bank/rd_data[7]_INST_0_i_6_n_0.  Did not re-place instance u_dut/gen_input_slots[1].gen_input_banks[0].u_input_cache_bank/rd_data[7]_INST_0_i_6
INFO: [Physopt 32-662] Processed net u_dut/gen_input_slots[1].gen_input_banks[1].u_input_cache_bank/rd_data[2]_INST_0_i_6_n_0.  Did not re-place instance u_dut/gen_input_slots[1].gen_input_banks[1].u_input_cache_bank/rd_data[2]_INST_0_i_6
INFO: [Physopt 32-662] Processed net u_dut/lfnst_mem_resp_data_q[2]_i_2_n_0.  Did not re-place instance u_dut/lfnst_mem_resp_data_q[2]_i_2
INFO: [Physopt 32-662] Processed net u_dut/gen_input_slots[1].gen_input_banks[1].u_input_cache_bank/rd_data[8]_INST_0_i_5_n_0.  Did not re-place instance u_dut/gen_input_slots[1].gen_input_banks[1].u_input_cache_bank/rd_data[8]_INST_0_i_5
INFO: [Physopt 32-662] Processed net u_dut/rd_cmd_addr_q_reg_n_0_[0][0][2]_repN_3.  Did not re-place instance u_dut/rd_cmd_addr_q_reg[0][0][2]_replica_3
INFO: [Physopt 32-662] Processed net u_dut/gen_input_slots[1].gen_input_banks[1].u_input_cache_bank/rd_data[0]_INST_0_i_6_n_0.  Did not re-place instance u_dut/gen_input_slots[1].gen_input_banks[1].u_input_cache_bank/rd_data[0]_INST_0_i_6
INFO: [Physopt 32-662] Processed net u_dut/lfnst_mem_resp_data_q[0]_i_2_n_0.  Did not re-place instance u_dut/lfnst_mem_resp_data_q[0]_i_2
INFO: [Physopt 32-662] Processed net u_dut/lfnst_mem_resp_data_q[0].  Did not re-place instance u_dut/lfnst_mem_resp_data_q_reg[0]
INFO: [Physopt 32-662] Processed net u_dut/gen_input_slots[0].gen_input_banks[3].u_input_cache_bank/rd_data[14]_INST_0_i_5_n_0.  Did not re-place instance u_dut/gen_input_slots[0].gen_input_banks[3].u_input_cache_bank/rd_data[14]_INST_0_i_5
INFO: [Physopt 32-662] Processed net u_dut/gen_input_slots[1].gen_input_banks[0].u_input_cache_bank/rd_data[11]_INST_0_i_3_n_0.  Did not re-place instance u_dut/gen_input_slots[1].gen_input_banks[0].u_input_cache_bank/rd_data[11]_INST_0_i_3
INFO: [Physopt 32-662] Processed net u_dut/gen_input_slots[1].gen_input_banks[0].u_input_cache_bank/rd_data[11]_INST_0_i_6_n_0.  Did not re-place instance u_dut/gen_input_slots[1].gen_input_banks[0].u_input_cache_bank/rd_data[11]_INST_0_i_6
INFO: [Physopt 32-662] Processed net u_dut/lfnst_mem_resp_data_q[11]_i_2_n_0.  Did not re-place instance u_dut/lfnst_mem_resp_data_q[11]_i_2
INFO: [Physopt 32-662] Processed net u_dut/lfnst_mem_resp_data_q[11].  Did not re-place instance u_dut/lfnst_mem_resp_data_q_reg[11]
INFO: [Physopt 32-662] Processed net u_dut/gen_input_slots[1].gen_input_banks[0].u_input_cache_bank/rd_data[13]_INST_0_i_3_n_0.  Did not re-place instance u_dut/gen_input_slots[1].gen_input_banks[0].u_input_cache_bank/rd_data[13]_INST_0_i_3
INFO: [Physopt 32-662] Processed net u_dut/lfnst_mem_resp_data_q[13]_i_2_n_0.  Did not re-place instance u_dut/lfnst_mem_resp_data_q[13]_i_2
INFO: [Physopt 32-662] Processed net u_dut/lfnst_mem_resp_data_q[13].  Did not re-place instance u_dut/lfnst_mem_resp_data_q_reg[13]
INFO: [Physopt 32-662] Processed net u_dut/gen_input_slots[0].gen_input_banks[2].u_input_cache_bank/rd_valid.  Did not re-place instance u_dut/gen_input_slots[0].gen_input_banks[2].u_input_cache_bank/rd_valid_INST_0
INFO: [Physopt 32-662] Processed net u_dut/lfnst_mem_resp_valid_q0.  Did not re-place instance u_dut/lfnst_mem_resp_valid_q_i_2
INFO: [Physopt 32-662] Processed net u_dut/lfnst_mem_resp_valid_q_i_4_n_0.  Did not re-place instance u_dut/lfnst_mem_resp_valid_q_i_4
INFO: [Physopt 32-662] Processed net u_dut/lfnst_mem_resp_valid_q.  Did not re-place instance u_dut/lfnst_mem_resp_valid_q_reg
INFO: [Physopt 32-662] Processed net u_dut/gen_input_slots[0].gen_input_banks[3].u_input_cache_bank/rd_data[2]_INST_0_i_5_n_0.  Did not re-place instance u_dut/gen_input_slots[0].gen_input_banks[3].u_input_cache_bank/rd_data[2]_INST_0_i_5
INFO: [Physopt 32-662] Processed net u_dut/gen_input_slots[0].gen_input_banks[3].u_input_cache_bank/rd_data[5]_INST_0_i_3_n_0.  Did not re-place instance u_dut/gen_input_slots[0].gen_input_banks[3].u_input_cache_bank/rd_data[5]_INST_0_i_3
INFO: [Physopt 32-662] Processed net u_dut/gen_input_slots[1].gen_input_banks[0].u_input_cache_bank/rd_data[12]_INST_0_i_6_n_0.  Did not re-place instance u_dut/gen_input_slots[1].gen_input_banks[0].u_input_cache_bank/rd_data[12]_INST_0_i_6
INFO: [Physopt 32-662] Processed net u_dut/lfnst_mem_resp_data_q[5]_i_3_n_0.  Did not re-place instance u_dut/lfnst_mem_resp_data_q[5]_i_3
INFO: [Physopt 32-662] Processed net u_dut/lfnst_mem_resp_data_q[5].  Did not re-place instance u_dut/lfnst_mem_resp_data_q_reg[5]
INFO: [Physopt 32-662] Processed net u_dut/gen_input_slots[1].gen_input_banks[0].u_input_cache_bank/rd_data[8]_INST_0_i_3_n_0.  Did not re-place instance u_dut/gen_input_slots[1].gen_input_banks[0].u_input_cache_bank/rd_data[8]_INST_0_i_3
INFO: [Physopt 32-662] Processed net u_dut/gen_input_slots[0].gen_input_banks[0].u_input_cache_bank/rd_data[14]_INST_0_i_5_n_0.  Did not re-place instance u_dut/gen_input_slots[0].gen_input_banks[0].u_input_cache_bank/rd_data[14]_INST_0_i_5
INFO: [Physopt 32-662] Processed net u_dut/gen_input_slots[0].gen_input_banks[3].u_input_cache_bank/rd_data[14]_INST_0_i_4_n_0.  Did not re-place instance u_dut/gen_input_slots[0].gen_input_banks[3].u_input_cache_bank/rd_data[14]_INST_0_i_4
INFO: [Physopt 32-662] Processed net u_dut/gen_input_slots[0].gen_input_banks[2].u_input_cache_bank/rd_data[15]_INST_0_i_6_n_0.  Did not re-place instance u_dut/gen_input_slots[0].gen_input_banks[2].u_input_cache_bank/rd_data[15]_INST_0_i_6
INFO: [Physopt 32-662] Processed net u_dut/p_6_out[2].  Did not re-place instance u_dut/kernel_rd_raw_valid_q[2]_i_1
INFO: [Physopt 32-662] Processed net u_dut/kernel_rd_raw_valid_q[2].  Did not re-place instance u_dut/kernel_rd_raw_valid_q_reg[2]
INFO: [Physopt 32-662] Processed net u_dut/rd_cmd_accept.  Did not re-place instance u_dut/rd_cmd_group_q[4]_i_1
INFO: [Physopt 32-662] Processed net u_dut/u_unified_p4_kernel/input_group_fire.  Did not re-place instance u_dut/u_unified_p4_kernel/input_group_fire_INST_0
INFO: [Physopt 32-662] Processed net u_dut/rd_cmd_ready.  Did not re-place instance u_dut/rd_cmd_bank_mask_q[3]_i_1
INFO: [Physopt 32-662] Processed net u_dut/u_unified_p4_kernel_i_69_n_0.  Did not re-place instance u_dut/u_unified_p4_kernel_i_69
INFO: [Physopt 32-662] Processed net u_dut/u_unified_p4_kernel_i_272_n_0.  Did not re-place instance u_dut/u_unified_p4_kernel_i_272
INFO: [Physopt 32-662] Processed net u_dut/kernel_in_valid.  Did not re-place instance u_dut/u_unified_p4_kernel_i_2_rewire
INFO: [Physopt 32-662] Processed net u_dut/gen_input_slots[1].gen_input_banks[0].u_input_cache_bank/rd_data[11]_INST_0_i_4_n_0.  Did not re-place instance u_dut/gen_input_slots[1].gen_input_banks[0].u_input_cache_bank/rd_data[11]_INST_0_i_4
INFO: [Physopt 32-662] Processed net u_dut/kernel_phase_q_reg_n_0_[3].  Did not re-place instance u_dut/kernel_phase_q_reg[3]
INFO: [Physopt 32-662] Processed net u_dut/u_unified_p4_kernel_i_273_n_0.  Did not re-place instance u_dut/u_unified_p4_kernel_i_273_rewire
INFO: [Physopt 32-662] Processed net u_dut/gen_input_slots[1].gen_input_banks[0].u_input_cache_bank/rd_data[15]_INST_0_i_5_n_0.  Did not re-place instance u_dut/gen_input_slots[1].gen_input_banks[0].u_input_cache_bank/rd_data[15]_INST_0_i_5
INFO: [Physopt 32-662] Processed net u_dut/gen_input_slots[0].gen_input_banks[2].u_input_cache_bank/rd_data[3]_INST_0_i_5_n_0.  Did not re-place instance u_dut/gen_input_slots[0].gen_input_banks[2].u_input_cache_bank/rd_data[3]_INST_0_i_5
INFO: [Physopt 32-662] Processed net u_dut/gen_input_slots[1].gen_input_banks[1].u_input_cache_bank/rd_data[7]_INST_0_i_5_n_0.  Did not re-place instance u_dut/gen_input_slots[1].gen_input_banks[1].u_input_cache_bank/rd_data[7]_INST_0_i_5
INFO: [Physopt 32-662] Processed net u_dut/gen_input_slots[1].gen_input_banks[0].u_input_cache_bank/rd_data[11]_INST_0_i_5_n_0.  Did not re-place instance u_dut/gen_input_slots[1].gen_input_banks[0].u_input_cache_bank/rd_data[11]_INST_0_i_5
INFO: [Physopt 32-662] Processed net u_dut/gen_input_slots[0].gen_input_banks[0].u_input_cache_bank/rd_data[13]_INST_0_i_4_n_0.  Did not re-place instance u_dut/gen_input_slots[0].gen_input_banks[0].u_input_cache_bank/rd_data[13]_INST_0_i_4
INFO: [Physopt 32-662] Processed net u_dut/gen_input_slots[0].gen_input_banks[1].u_input_cache_bank/rd_data[14]_INST_0_i_6_n_0.  Did not re-place instance u_dut/gen_input_slots[0].gen_input_banks[1].u_input_cache_bank/rd_data[14]_INST_0_i_6
INFO: [Physopt 32-662] Processed net u_dut/gen_input_slots[0].gen_input_banks[3].u_input_cache_bank/rd_data[1]_INST_0_i_6_n_0.  Did not re-place instance u_dut/gen_input_slots[0].gen_input_banks[3].u_input_cache_bank/rd_data[1]_INST_0_i_6
INFO: [Physopt 32-662] Processed net u_dut/kernel_rd_raw_data_q[15]_i_1_n_0.  Did not re-place instance u_dut/kernel_rd_raw_data_q[15]_i_1
INFO: [Physopt 32-662] Processed net u_dut/kernel_rd_raw_data_q_reg_n_0_[15].  Did not re-place instance u_dut/kernel_rd_raw_data_q_reg[15]
INFO: [Physopt 32-662] Processed net u_dut/gen_input_slots[0].gen_input_banks[1].u_input_cache_bank/rd_data[10]_INST_0_i_4_n_0.  Did not re-place instance u_dut/gen_input_slots[0].gen_input_banks[1].u_input_cache_bank/rd_data[10]_INST_0_i_4
INFO: [Physopt 32-662] Processed net u_dut/gen_input_slots[1].gen_input_banks[0].u_input_cache_bank/rd_data[10]_INST_0_i_6_n_0.  Did not re-place instance u_dut/gen_input_slots[1].gen_input_banks[0].u_input_cache_bank/rd_data[10]_INST_0_i_6
INFO: [Physopt 32-662] Processed net u_dut/gen_input_slots[1].gen_input_banks[0].u_input_cache_bank/rd_data[12]_INST_0_i_5_n_0.  Did not re-place instance u_dut/gen_input_slots[1].gen_input_banks[0].u_input_cache_bank/rd_data[12]_INST_0_i_5
INFO: [Physopt 32-662] Processed net u_dut/kernel_rd_raw_data_q[26]_i_1_n_0.  Did not re-place instance u_dut/kernel_rd_raw_data_q[26]_i_1
INFO: [Physopt 32-662] Processed net u_dut/kernel_rd_raw_data_q_reg_n_0_[26].  Did not re-place instance u_dut/kernel_rd_raw_data_q_reg[26]
INFO: [Physopt 32-662] Processed net u_dut/gen_input_slots[0].gen_input_banks[3].u_input_cache_bank/rd_data[14]_INST_0_i_6_n_0.  Did not re-place instance u_dut/gen_input_slots[0].gen_input_banks[3].u_input_cache_bank/rd_data[14]_INST_0_i_6
INFO: [Physopt 32-662] Processed net u_dut/gen_input_slots[0].gen_input_banks[3].u_input_cache_bank/rd_data[4]_INST_0_i_3_n_0.  Did not re-place instance u_dut/gen_input_slots[0].gen_input_banks[3].u_input_cache_bank/rd_data[4]_INST_0_i_3
INFO: [Physopt 32-662] Processed net u_dut/lfnst_mem_resp_data_q[4]_i_3_n_0.  Did not re-place instance u_dut/lfnst_mem_resp_data_q[4]_i_3
INFO: [Physopt 32-662] Processed net u_dut/lfnst_mem_resp_data_q[4].  Did not re-place instance u_dut/lfnst_mem_resp_data_q_reg[4]
INFO: [Physopt 32-662] Processed net u_dut/gen_input_slots[0].gen_input_banks[0].u_input_cache_bank/rd_data[7]_INST_0_i_4_n_0.  Did not re-place instance u_dut/gen_input_slots[0].gen_input_banks[0].u_input_cache_bank/rd_data[7]_INST_0_i_4
INFO: [Physopt 32-662] Processed net u_dut/gen_input_slots[0].gen_input_banks[0].u_input_cache_bank/rd_data[10]_INST_0_i_4_n_0.  Did not re-place instance u_dut/gen_input_slots[0].gen_input_banks[0].u_input_cache_bank/rd_data[10]_INST_0_i_4
INFO: [Physopt 32-662] Processed net u_dut/gen_input_slots[0].gen_input_banks[3].u_input_cache_bank/rd_data[10]_INST_0_i_4_n_0.  Did not re-place instance u_dut/gen_input_slots[0].gen_input_banks[3].u_input_cache_bank/rd_data[10]_INST_0_i_4
INFO: [Physopt 32-662] Processed net u_dut/lfnst_mem_resp_data_q[10]_i_3_n_0.  Did not re-place instance u_dut/lfnst_mem_resp_data_q[10]_i_3
INFO: [Physopt 32-662] Processed net u_dut/gen_input_slots[1].gen_input_banks[3].u_input_cache_bank/rd_valid.  Did not re-place instance u_dut/gen_input_slots[1].gen_input_banks[3].u_input_cache_bank/rd_valid_INST_0
INFO: [Physopt 32-662] Processed net u_dut/gen_input_slots[0].gen_input_banks[2].u_input_cache_bank/rd_data[3]_INST_0_i_4_n_0.  Did not re-place instance u_dut/gen_input_slots[0].gen_input_banks[2].u_input_cache_bank/rd_data[3]_INST_0_i_4
INFO: [Physopt 32-662] Processed net u_dut/gen_input_slots[0].gen_input_banks[2].u_input_cache_bank/rd_data[6]_INST_0_i_4_n_0.  Did not re-place instance u_dut/gen_input_slots[0].gen_input_banks[2].u_input_cache_bank/rd_data[6]_INST_0_i_4
INFO: [Physopt 32-662] Processed net u_dut/gen_input_slots[1].gen_input_banks[1].u_input_cache_bank/rd_data[2]_INST_0_i_5_n_0.  Did not re-place instance u_dut/gen_input_slots[1].gen_input_banks[1].u_input_cache_bank/rd_data[2]_INST_0_i_5
INFO: [Physopt 32-662] Processed net u_dut/kernel_rd_raw_data_q[7]_i_1_n_0.  Did not re-place instance u_dut/kernel_rd_raw_data_q[7]_i_1
INFO: [Physopt 32-662] Processed net u_dut/kernel_rd_raw_data_q_reg_n_0_[7].  Did not re-place instance u_dut/kernel_rd_raw_data_q_reg[7]
INFO: [Physopt 32-662] Processed net u_dut/p_23_in.  Did not re-place instance u_dut/u_unified_p4_kernel_i_1
INFO: [Physopt 32-662] Processed net u_dut/u_unified_p4_kernel_i_68_n_0.  Did not re-place instance u_dut/u_unified_p4_kernel_i_68
INFO: [Physopt 32-662] Processed net u_dut/gen_input_slots[0].gen_input_banks[2].u_input_cache_bank/rd_data[10]_INST_0_i_3_n_0.  Did not re-place instance u_dut/gen_input_slots[0].gen_input_banks[2].u_input_cache_bank/rd_data[10]_INST_0_i_3
INFO: [Physopt 32-662] Processed net u_dut/gen_input_slots[0].gen_input_banks[1].u_input_cache_bank/rd_data[14]_INST_0_i_4_n_0.  Did not re-place instance u_dut/gen_input_slots[0].gen_input_banks[1].u_input_cache_bank/rd_data[14]_INST_0_i_4
INFO: [Physopt 32-662] Processed net u_dut/gen_input_slots[0].gen_input_banks[3].u_input_cache_bank/rd_data[1]_INST_0_i_5_n_0.  Did not re-place instance u_dut/gen_input_slots[0].gen_input_banks[3].u_input_cache_bank/rd_data[1]_INST_0_i_5
INFO: [Physopt 32-662] Processed net u_dut/rd_cmd_addr_q_reg_n_0_[0][3][4].  Did not re-place instance u_dut/rd_cmd_addr_q_reg[0][3][4]
INFO: [Physopt 32-662] Processed net u_dut/kernel_in_data22_out[30].  Did not re-place instance u_dut/u_unified_p4_kernel_i_36
INFO: [Physopt 32-662] Processed net u_dut/u_unified_p4_kernel_i_177_n_0.  Did not re-place instance u_dut/u_unified_p4_kernel_i_177
INFO: [Physopt 32-662] Processed net u_dut/u_unified_p4_kernel/ingress_data_q_reg_n_0_[30].  Did not re-place instance u_dut/u_unified_p4_kernel/ingress_data_q_reg[30]
INFO: [Physopt 32-662] Processed net u_dut/kernel_rd_raw_data_q[47]_i_1_n_0.  Did not re-place instance u_dut/kernel_rd_raw_data_q[47]_i_1
INFO: [Physopt 32-662] Processed net u_dut/kernel_rd_raw_data_q_reg_n_0_[47].  Did not re-place instance u_dut/kernel_rd_raw_data_q_reg[47]
INFO: [Physopt 32-662] Processed net u_dut/gen_input_slots[0].gen_input_banks[3].u_input_cache_bank/rd_data[11]_INST_0_i_5_n_0.  Did not re-place instance u_dut/gen_input_slots[0].gen_input_banks[3].u_input_cache_bank/rd_data[11]_INST_0_i_5
INFO: [Physopt 32-662] Processed net u_dut/lfnst_mem_resp_data_q[11]_i_3_n_0.  Did not re-place instance u_dut/lfnst_mem_resp_data_q[11]_i_3
INFO: [Physopt 32-662] Processed net u_dut/kernel_rd_req_group_q[4]_i_1_n_0.  Did not re-place instance u_dut/kernel_rd_req_group_q[4]_i_1
INFO: [Physopt 32-662] Processed net u_dut/fill_write_command_generate.row_i[2].  Did not re-place instance u_dut/kernel_rd_req_group_q_reg[0]
INFO: [Physopt 32-662] Processed net u_dut/kernel_rd_req_group_q[4]_i_6_n_0.  Did not re-place instance u_dut/kernel_rd_req_group_q[4]_i_6
INFO: [Physopt 32-662] Processed net u_dut/fill_write_command_generate.row_i[4].  Did not re-place instance u_dut/kernel_rd_req_group_q_reg[2]
INFO: [Physopt 32-662] Processed net u_dut/fill_write_command_generate.row_i[6].  Did not re-place instance u_dut/kernel_rd_req_group_q_reg[4]
INFO: [Physopt 32-662] Processed net u_dut/gen_input_slots[1].gen_input_banks[2].u_input_cache_bank/rd_data[6]_INST_0_i_6_n_0.  Did not re-place instance u_dut/gen_input_slots[1].gen_input_banks[2].u_input_cache_bank/rd_data[6]_INST_0_i_6
INFO: [Physopt 32-662] Processed net u_dut/rd_cmd_addr_q_reg_n_0_[0][0][1].  Did not re-place instance u_dut/rd_cmd_addr_q_reg[0][0][1]
INFO: [Physopt 32-662] Processed net u_dut/kernel_ctx_output_size_q_reg_n_0_[3]_repN_1.  Did not re-place instance u_dut/kernel_ctx_output_size_q_reg[3]_replica_1
INFO: [Physopt 32-662] Processed net u_dut/u_unified_p4_kernel/ingress_valid_q42_in.  Did not re-place instance u_dut/u_unified_p4_kernel/input_group_fire_INST_0_i_1
INFO: [Physopt 32-662] Processed net u_dut/gen_input_slots[0].gen_input_banks[3].u_input_cache_bank/rd_data[8]_INST_0_i_5_n_0.  Did not re-place instance u_dut/gen_input_slots[0].gen_input_banks[3].u_input_cache_bank/rd_data[8]_INST_0_i_5
INFO: [Physopt 32-662] Processed net u_dut/gen_input_slots[1].gen_input_banks[1].u_input_cache_bank/rd_data[15]_INST_0_i_5_n_0.  Did not re-place instance u_dut/gen_input_slots[1].gen_input_banks[1].u_input_cache_bank/rd_data[15]_INST_0_i_5
INFO: [Physopt 32-662] Processed net u_dut/lfnst_mem_resp_data_q[8]_i_3_n_0.  Did not re-place instance u_dut/lfnst_mem_resp_data_q[8]_i_3
INFO: [Physopt 32-662] Processed net u_dut/u_unified_p4_kernel/input_group_fire_INST_0_i_4_n_0.  Did not re-place instance u_dut/u_unified_p4_kernel/input_group_fire_INST_0_i_4
INFO: [Physopt 32-662] Processed net u_dut/fill_write_command_generate.row_i[3].  Did not re-place instance u_dut/kernel_rd_req_group_q_reg[1]
INFO: [Physopt 32-662] Processed net u_dut/fill_write_command_generate.row_i[5].  Did not re-place instance u_dut/kernel_rd_req_group_q_reg[3]
INFO: [Physopt 32-662] Processed net u_dut/gen_input_slots[0].gen_input_banks[0].u_input_cache_bank/rd_data[12]_INST_0_i_4_n_0.  Did not re-place instance u_dut/gen_input_slots[0].gen_input_banks[0].u_input_cache_bank/rd_data[12]_INST_0_i_4
INFO: [Physopt 32-662] Processed net u_dut/gen_input_slots[0].gen_input_banks[0].u_input_cache_bank/rd_data[7]_INST_0_i_5_n_0.  Did not re-place instance u_dut/gen_input_slots[0].gen_input_banks[0].u_input_cache_bank/rd_data[7]_INST_0_i_5
INFO: [Physopt 32-662] Processed net u_dut/gen_input_slots[0].gen_input_banks[3].u_input_cache_bank/rd_data[10]_INST_0_i_6_n_0.  Did not re-place instance u_dut/gen_input_slots[0].gen_input_banks[3].u_input_cache_bank/rd_data[10]_INST_0_i_6
INFO: [Physopt 32-662] Processed net u_dut/gen_input_slots[0].gen_input_banks[3].u_input_cache_bank/rd_data[4]_INST_0_i_4_n_0.  Did not re-place instance u_dut/gen_input_slots[0].gen_input_banks[3].u_input_cache_bank/rd_data[4]_INST_0_i_4
INFO: [Physopt 32-662] Processed net u_dut/gen_input_slots[0].gen_input_banks[1].u_input_cache_bank/rd_data[8]_INST_0_i_3_n_0.  Did not re-place instance u_dut/gen_input_slots[0].gen_input_banks[1].u_input_cache_bank/rd_data[8]_INST_0_i_3
INFO: [Physopt 32-662] Processed net u_dut/gen_input_slots[0].gen_input_banks[2].u_input_cache_bank/rd_data[1]_INST_0_i_5_n_0.  Did not re-place instance u_dut/gen_input_slots[0].gen_input_banks[2].u_input_cache_bank/rd_data[1]_INST_0_i_5
INFO: [Physopt 32-662] Processed net u_dut/kernel_rd_raw_data_q[24]_i_1_n_0.  Did not re-place instance u_dut/kernel_rd_raw_data_q[24]_i_1
INFO: [Physopt 32-662] Processed net u_dut/kernel_rd_raw_data_q_reg_n_0_[24].  Did not re-place instance u_dut/kernel_rd_raw_data_q_reg[24]
INFO: [Physopt 32-662] Processed net u_dut/gen_input_slots[1].gen_input_banks[0].u_input_cache_bank/rd_data[13]_INST_0_i_6_n_0.  Did not re-place instance u_dut/gen_input_slots[1].gen_input_banks[0].u_input_cache_bank/rd_data[13]_INST_0_i_6
INFO: [Physopt 32-662] Processed net u_dut/gen_input_slots[0].gen_input_banks[3].u_input_cache_bank/rd_data[2]_INST_0_i_4_n_0.  Did not re-place instance u_dut/gen_input_slots[0].gen_input_banks[3].u_input_cache_bank/rd_data[2]_INST_0_i_4
INFO: [Physopt 32-662] Processed net u_dut/gen_input_slots[1].gen_input_banks[0].u_input_cache_bank/rd_data[8]_INST_0_i_6_n_0.  Did not re-place instance u_dut/gen_input_slots[1].gen_input_banks[0].u_input_cache_bank/rd_data[8]_INST_0_i_6
INFO: [Physopt 32-662] Processed net u_dut/gen_input_slots[0].gen_input_banks[3].u_input_cache_bank/rd_data[2]_INST_0_i_6_n_0.  Did not re-place instance u_dut/gen_input_slots[0].gen_input_banks[3].u_input_cache_bank/rd_data[2]_INST_0_i_6
INFO: [Physopt 32-662] Processed net u_dut/rd_cmd_addr_q_reg_n_0_[0][0][1]_repN_2.  Did not re-place instance u_dut/rd_cmd_addr_q_reg[0][0][1]_replica_2
INFO: [Physopt 32-662] Processed net u_dut/gen_input_slots[0].gen_input_banks[1].u_input_cache_bank/rd_data[10]_INST_0_i_5_n_0.  Did not re-place instance u_dut/gen_input_slots[0].gen_input_banks[1].u_input_cache_bank/rd_data[10]_INST_0_i_5
INFO: [Physopt 32-662] Processed net u_dut/gen_input_slots[1].gen_input_banks[3].u_input_cache_bank/rd_data[4]_INST_0_i_4_n_0.  Did not re-place instance u_dut/gen_input_slots[1].gen_input_banks[3].u_input_cache_bank/rd_data[4]_INST_0_i_4
INFO: [Physopt 32-662] Processed net u_dut/kernel_rd_raw_data_q[38]_i_1_n_0.  Did not re-place instance u_dut/kernel_rd_raw_data_q[38]_i_1
INFO: [Physopt 32-662] Processed net u_dut/kernel_rd_raw_data_q_reg_n_0_[38].  Did not re-place instance u_dut/kernel_rd_raw_data_q_reg[38]
INFO: [Physopt 32-662] Processed net u_dut/rd_cmd_addr_q_reg_n_0_[0][1][5].  Did not re-place instance u_dut/rd_cmd_addr_q_reg[0][1][5]
INFO: [Physopt 32-662] Processed net u_dut/kernel_feed_group_q_reg_n_0_[0].  Did not re-place instance u_dut/kernel_feed_group_q_reg[0]
INFO: [Physopt 32-662] Processed net u_dut/kernel_rd_raw_data_q_reg_n_0_[35].  Did not re-place instance u_dut/kernel_rd_raw_data_q_reg[35]
INFO: [Physopt 32-662] Processed net u_dut/gen_input_slots[0].gen_input_banks[2].u_input_cache_bank/rd_data[14]_INST_0_i_3_n_0.  Did not re-place instance u_dut/gen_input_slots[0].gen_input_banks[2].u_input_cache_bank/rd_data[14]_INST_0_i_3
INFO: [Physopt 32-662] Processed net u_dut/gen_input_slots[0].gen_input_banks[2].u_input_cache_bank/rd_data[6]_INST_0_i_5_n_0.  Did not re-place instance u_dut/gen_input_slots[0].gen_input_banks[2].u_input_cache_bank/rd_data[6]_INST_0_i_5
INFO: [Physopt 32-662] Processed net u_dut/gen_input_slots[1].gen_input_banks[2].u_input_cache_bank/rd_data[5]_INST_0_i_6_n_0.  Did not re-place instance u_dut/gen_input_slots[1].gen_input_banks[2].u_input_cache_bank/rd_data[5]_INST_0_i_6
INFO: [Physopt 32-662] Processed net u_dut/kernel_in_data22_out[19].  Did not re-place instance u_dut/u_unified_p4_kernel_i_47
INFO: [Physopt 32-662] Processed net u_dut/u_unified_p4_kernel_i_210_n_0.  Did not re-place instance u_dut/u_unified_p4_kernel_i_210
INFO: [Physopt 32-662] Processed net u_dut/u_unified_p4_kernel/ingress_data_q_reg_n_0_[19].  Did not re-place instance u_dut/u_unified_p4_kernel/ingress_data_q_reg[19]
INFO: [Physopt 32-662] Processed net u_dut/gen_input_slots[0].gen_input_banks[0].u_input_cache_bank/rd_data[8]_INST_0_i_5_n_0.  Did not re-place instance u_dut/gen_input_slots[0].gen_input_banks[0].u_input_cache_bank/rd_data[8]_INST_0_i_5
INFO: [Physopt 32-662] Processed net u_dut/rd_cmd_addr_q_reg_n_0_[0][1][4].  Did not re-place instance u_dut/rd_cmd_addr_q_reg[0][1][4]
INFO: [Physopt 32-662] Processed net u_dut/result_cmd_data_q[3][6]_i_1_n_0.  Did not re-place instance u_dut/result_cmd_data_q[3][6]_i_1
INFO: [Physopt 32-662] Processed net u_dut/result_cmd_data_q[3][9]_i_11_n_0.  Did not re-place instance u_dut/result_cmd_data_q[3][9]_i_11
INFO: [Physopt 32-662] Processed net u_dut/result_cmd_data_q_reg[3][6].  Did not re-place instance u_dut/result_cmd_data_q_reg[3][6]
INFO: [Physopt 32-662] Processed net u_dut/gen_input_slots[0].gen_input_banks[0].u_input_cache_bank/rd_data[8]_INST_0_i_4_n_0.  Did not re-place instance u_dut/gen_input_slots[0].gen_input_banks[0].u_input_cache_bank/rd_data[8]_INST_0_i_4
INFO: [Physopt 32-662] Processed net u_dut/gen_input_slots[1].gen_input_banks[2].u_input_cache_bank/rd_data[2]_INST_0_i_6_n_0.  Did not re-place instance u_dut/gen_input_slots[1].gen_input_banks[2].u_input_cache_bank/rd_data[2]_INST_0_i_6
INFO: [Physopt 32-662] Processed net u_dut/rd_cmd_addr_q_reg_n_0_[1][0][2]_repN_1.  Did not re-place instance u_dut/rd_cmd_addr_q_reg[1][0][2]_replica_1
INFO: [Physopt 32-662] Processed net u_dut/u_unified_p4_kernel_i_383_n_0.  Did not re-place instance u_dut/u_unified_p4_kernel_i_383
INFO: [Physopt 32-662] Processed net u_dut/gen_input_slots[1].gen_input_banks[2].u_input_cache_bank/rd_data[1]_INST_0_i_6_n_0.  Did not re-place instance u_dut/gen_input_slots[1].gen_input_banks[2].u_input_cache_bank/rd_data[1]_INST_0_i_6
INFO: [Physopt 32-662] Processed net u_dut/kernel_in_data22_out[23].  Did not re-place instance u_dut/u_unified_p4_kernel_i_43
INFO: [Physopt 32-662] Processed net u_dut/u_unified_p4_kernel/ingress_data_q_reg_n_0_[23].  Did not re-place instance u_dut/u_unified_p4_kernel/ingress_data_q_reg[23]
INFO: [Physopt 32-662] Processed net u_dut/u_unified_p4_kernel/out_data[9].  Did not re-place instance u_dut/u_unified_p4_kernel/out_data[9]_INST_0
INFO: [Physopt 32-662] Processed net u_dut/result_cmd_data_c[0]__0[5].  Did not re-place instance u_dut/result_cmd_data_q[0][5]_i_1
INFO: [Physopt 32-662] Processed net u_dut/result_cmd_data_q[0][9]_i_11_n_0.  Did not re-place instance u_dut/result_cmd_data_q[0][9]_i_11
INFO: [Physopt 32-662] Processed net u_dut/result_cmd_data_q_reg[0][5].  Did not re-place instance u_dut/result_cmd_data_q_reg[0][5]
INFO: [Physopt 32-662] Processed net u_dut/rd_cmd_addr_q_reg_n_0_[0][0][3]_repN_4.  Did not re-place instance u_dut/rd_cmd_addr_q_reg[0][0][3]_replica_4
INFO: [Physopt 32-662] Processed net u_dut/gen_input_slots[0].gen_input_banks[2].u_input_cache_bank/rd_data[3]_INST_0_i_6_n_0.  Did not re-place instance u_dut/gen_input_slots[0].gen_input_banks[2].u_input_cache_bank/rd_data[3]_INST_0_i_6
INFO: [Physopt 32-662] Processed net u_dut/kernel_in_data22_out[18].  Did not re-place instance u_dut/u_unified_p4_kernel_i_48
INFO: [Physopt 32-662] Processed net u_dut/kernel_in_data22_out[38].  Did not re-place instance u_dut/u_unified_p4_kernel_i_28
INFO: [Physopt 32-662] Processed net u_dut/u_unified_p4_kernel/input_group_fire_INST_0_i_3_n_0.  Did not re-place instance u_dut/u_unified_p4_kernel/input_group_fire_INST_0_i_3
INFO: [Physopt 32-662] Processed net u_dut/u_unified_p4_kernel/input_group_fire_INST_0_i_7_n_0.  Did not re-place instance u_dut/u_unified_p4_kernel/input_group_fire_INST_0_i_7
INFO: [Physopt 32-662] Processed net u_dut/u_unified_p4_kernel/input_group_fire_INST_0_i_8_n_0_repN.  Did not re-place instance u_dut/u_unified_p4_kernel/input_group_fire_INST_0_i_8_replica
INFO: [Physopt 32-662] Processed net u_dut/u_unified_p4_kernel_i_151_n_0.  Did not re-place instance u_dut/u_unified_p4_kernel_i_151
INFO: [Physopt 32-662] Processed net u_dut/u_unified_p4_kernel_i_213_n_0.  Did not re-place instance u_dut/u_unified_p4_kernel_i_213
INFO: [Physopt 32-662] Processed net u_dut/u_unified_p4_kernel_i_309_n_0.  Did not re-place instance u_dut/u_unified_p4_kernel_i_309
INFO: [Physopt 32-662] Processed net u_dut/u_unified_p4_kernel_i_332_n_0.  Did not re-place instance u_dut/u_unified_p4_kernel_i_332
INFO: [Physopt 32-662] Processed net u_dut/u_unified_p4_kernel_i_591_n_0.  Did not re-place instance u_dut/u_unified_p4_kernel_i_591
INFO: [Physopt 32-662] Processed net u_dut/u_unified_p4_kernel/ingress_data_q_reg_n_0_[18].  Did not re-place instance u_dut/u_unified_p4_kernel/ingress_data_q_reg[18]
INFO: [Physopt 32-662] Processed net u_dut/u_unified_p4_kernel/ingress_data_q_reg_n_0_[38].  Did not re-place instance u_dut/u_unified_p4_kernel/ingress_data_q_reg[38]
INFO: [Physopt 32-662] Processed net u_dut/gen_input_slots[0].gen_input_banks[0].u_input_cache_bank/rd_data[12]_INST_0_i_5_n_0.  Did not re-place instance u_dut/gen_input_slots[0].gen_input_banks[0].u_input_cache_bank/rd_data[12]_INST_0_i_5
INFO: [Physopt 32-662] Processed net u_dut/gen_input_slots[0].gen_input_banks[0].u_input_cache_bank/rd_data[7]_INST_0_i_3_n_0.  Did not re-place instance u_dut/gen_input_slots[0].gen_input_banks[0].u_input_cache_bank/rd_data[7]_INST_0_i_3
INFO: [Physopt 32-662] Processed net u_dut/kernel_in_data22_out[21].  Did not re-place instance u_dut/u_unified_p4_kernel_i_45
INFO: [Physopt 32-662] Processed net u_dut/u_unified_p4_kernel_i_204_n_0.  Did not re-place instance u_dut/u_unified_p4_kernel_i_204
INFO: [Physopt 32-662] Processed net u_dut/u_unified_p4_kernel_i_329_n_0.  Did not re-place instance u_dut/u_unified_p4_kernel_i_329
INFO: [Physopt 32-661] Optimized 40 nets.  Re-placed 40 instances.
INFO: [Physopt 32-775] End 1 Pass. Optimized 40 nets or cells. Created 0 new cell, deleted 0 existing cell and moved 40 existing cells
INFO: [Physopt 32-619] Estimated Timing Summary | WNS=-0.098 | TNS=-1.477 |
Netlist sorting complete. Time (s): cpu = 00:00:00 ; elapsed = 00:00:00.017 . Memory (MB): peak = 4669.859 ; gain = 0.000
Phase 29 Single Cell Placement Optimization | Checksum: 13936290c

Time (s): cpu = 00:11:35 ; elapsed = 00:06:13 . Memory (MB): peak = 4669.859 ; gain = 0.000

Phase 30 Multi Cell Placement Optimization
INFO: [Physopt 32-660] Identified 100 candidate nets for placement-based optimization.
INFO: [Physopt 32-662] Processed net u_dut/u_unified_p4_kernel/input_group_fire.  Did not re-place instance u_dut/u_unified_p4_kernel/input_group_fire_INST_0/O
INFO: [Physopt 32-662] Processed net u_dut/kernel_phase_q_reg_n_0_[3].  Did not re-place instance u_dut/kernel_phase_q_reg[3]/Q
INFO: [Physopt 32-662] Processed net u_dut/rd_cmd_ready.  Did not re-place instance u_dut/rd_cmd_bank_mask_q[3]_i_1/O
INFO: [Physopt 32-662] Processed net u_dut/u_unified_p4_kernel_i_273_n_0.  Did not re-place instance u_dut/u_unified_p4_kernel_i_273_rewire/O
INFO: [Physopt 32-662] Processed net u_dut/kernel_in_valid.  Did not re-place instance u_dut/u_unified_p4_kernel_i_2_rewire/O
INFO: [Physopt 32-662] Processed net u_dut/p_23_in.  Did not re-place instance u_dut/u_unified_p4_kernel_i_1/O
INFO: [Physopt 32-662] Processed net u_dut/u_unified_p4_kernel_i_68_n_0.  Did not re-place instance u_dut/u_unified_p4_kernel_i_68/O
INFO: [Physopt 32-662] Processed net u_dut/u_unified_p4_kernel/slot_state_q_reg_n_0_[0][0].  Did not re-place instance u_dut/u_unified_p4_kernel/slot_state_q_reg[0][0]/Q
INFO: [Physopt 32-662] Processed net u_dut/u_unified_p4_kernel/ingress_valid_q42_in.  Did not re-place instance u_dut/u_unified_p4_kernel/input_group_fire_INST_0_i_1/O
INFO: [Physopt 32-662] Processed net u_dut/u_unified_p4_kernel/input_group_fire_INST_0_i_2_n_0.  Did not re-place instance u_dut/u_unified_p4_kernel/input_group_fire_INST_0_i_2/O
INFO: [Physopt 32-662] Processed net u_dut/u_unified_p4_kernel/input_group_fire_INST_0_i_5_n_0.  Did not re-place instance u_dut/u_unified_p4_kernel/input_group_fire_INST_0_i_5/O
INFO: [Physopt 32-662] Processed net u_dut/u_unified_p4_kernel_i_69_n_0.  Did not re-place instance u_dut/u_unified_p4_kernel_i_69/O
INFO: [Physopt 32-662] Processed net u_dut/u_unified_p4_kernel_i_272_n_0.  Did not re-place instance u_dut/u_unified_p4_kernel_i_272/O
INFO: [Physopt 32-662] Processed net u_dut/kernel_phase_q_reg_n_0_[1].  Did not re-place instance u_dut/kernel_phase_q_reg[1]/Q
INFO: [Physopt 32-662] Processed net u_dut/kernel_phase_q_reg_n_0_[0].  Did not re-place instance u_dut/kernel_phase_q_reg[0]/Q
INFO: [Physopt 32-662] Processed net u_dut/kernel_ctx_output_size_q_reg_n_0_[5].  Did not re-place instance u_dut/kernel_ctx_output_size_q_reg[5]/Q
INFO: [Physopt 32-662] Processed net u_dut/u_unified_p4_kernel/input_group_fire_INST_0_i_3_n_0.  Did not re-place instance u_dut/u_unified_p4_kernel/input_group_fire_INST_0_i_3/O
INFO: [Physopt 32-662] Processed net u_dut/u_unified_p4_kernel/input_group_fire_INST_0_i_6_n_0.  Did not re-place instance u_dut/u_unified_p4_kernel/input_group_fire_INST_0_i_6/O
INFO: [Physopt 32-662] Processed net u_dut/u_unified_p4_kernel/input_group_fire_INST_0_i_9_n_0.  Did not re-place instance u_dut/u_unified_p4_kernel/input_group_fire_INST_0_i_9/O
INFO: [Physopt 32-662] Processed net u_dut/kernel_phase_q_reg_n_0_[2].  Did not re-place instance u_dut/kernel_phase_q_reg[2]/Q
INFO: [Physopt 32-662] Processed net u_dut/gen_input_slots[0].gen_input_banks[2].u_input_cache_bank/rd_valid.  Did not re-place instance u_dut/gen_input_slots[0].gen_input_banks[2].u_input_cache_bank/rd_valid_INST_0/O
INFO: [Physopt 32-662] Processed net u_dut/lfnst_mem_resp_valid_q0.  Did not re-place instance u_dut/lfnst_mem_resp_valid_q_i_2/O
INFO: [Physopt 32-662] Processed net u_dut/lfnst_mem_resp_valid_q_i_4_n_0.  Did not re-place instance u_dut/lfnst_mem_resp_valid_q_i_4/O
INFO: [Physopt 32-662] Processed net u_dut/kernel_ctx_output_size_q_reg_n_0_[3]_repN_1.  Did not re-place instance u_dut/kernel_ctx_output_size_q_reg[3]_replica_1/Q
INFO: [Physopt 32-662] Processed net u_dut/u_unified_p4_kernel/reserved_groups_q[3]_repN.  Did not re-place instance u_dut/u_unified_p4_kernel/reserved_groups_q_reg[3]_replica/Q
INFO: [Physopt 32-662] Processed net u_dut/u_unified_p4_kernel/input_group_fire_INST_0_i_7_n_0.  Did not re-place instance u_dut/u_unified_p4_kernel/input_group_fire_INST_0_i_7/O
INFO: [Physopt 32-662] Processed net u_dut/u_unified_p4_kernel/input_group_fire_INST_0_i_8_n_0_repN.  Did not re-place instance u_dut/u_unified_p4_kernel/input_group_fire_INST_0_i_8_replica/O
INFO: [Physopt 32-662] Processed net u_dut/kernel_stage_q_reg_n_0.  Did not re-place instance u_dut/kernel_stage_q_reg/Q
INFO: [Physopt 32-662] Processed net u_dut/u_unified_p4_kernel_i_684_n_0.  Did not re-place instance u_dut/u_unified_p4_kernel_i_684/O
INFO: [Physopt 32-662] Processed net u_dut/kernel_in_data22_out[9].  Did not re-place instance u_dut/u_unified_p4_kernel_i_57/O
INFO: [Physopt 32-662] Processed net u_dut/p_3_in[9].  Did not re-place instance u_dut/u_unified_p4_kernel_i_344/O
INFO: [Physopt 32-662] Processed net u_dut/u_unified_p4_kernel_i_242_n_0.  Did not re-place instance u_dut/u_unified_p4_kernel_i_242/O
INFO: [Physopt 32-662] Processed net u_dut/p_6_out[2].  Did not re-place instance u_dut/kernel_rd_raw_valid_q[2]_i_1/O
INFO: [Physopt 32-662] Processed net u_dut/u_unified_p4_kernel/slot_state_q_reg_n_0_[1][1].  Did not re-place instance u_dut/u_unified_p4_kernel/slot_state_q_reg[1][1]/Q
INFO: [Physopt 32-662] Processed net u_dut/u_unified_p4_kernel/reserved_groups_q[1]_repN_2.  Did not re-place instance u_dut/u_unified_p4_kernel/reserved_groups_q_reg[1]_replica_2/Q
INFO: [Physopt 32-662] Processed net u_dut/kernel_rd_raw_data_q[24]_i_1_n_0.  Did not re-place instance u_dut/kernel_rd_raw_data_q[24]_i_1/O
INFO: [Physopt 32-662] Processed net u_dut/kernel_rd_raw_data_q[26]_i_1_n_0.  Did not re-place instance u_dut/kernel_rd_raw_data_q[26]_i_1/O
INFO: [Physopt 32-662] Processed net u_dut/u_unified_p4_kernel/slot_state_q_reg_n_0_[0][1].  Did not re-place instance u_dut/u_unified_p4_kernel/slot_state_q_reg[0][1]/Q
INFO: [Physopt 32-662] Processed net u_dut/kernel_in_data22_out[3].  Did not re-place instance u_dut/u_unified_p4_kernel_i_63/O
INFO: [Physopt 32-662] Processed net u_dut/p_3_in[3].  Did not re-place instance u_dut/u_unified_p4_kernel_i_350/O
INFO: [Physopt 32-662] Processed net u_dut/u_unified_p4_kernel_i_260_n_0.  Did not re-place instance u_dut/u_unified_p4_kernel_i_260/O
INFO: [Physopt 32-662] Processed net u_dut/u_unified_p4_kernel_i_665_n_0.  Did not re-place instance u_dut/u_unified_p4_kernel_i_665/O
INFO: [Physopt 32-662] Processed net u_dut/gen_input_slots[1].gen_input_banks[3].u_input_cache_bank/rd_valid.  Did not re-place instance u_dut/gen_input_slots[1].gen_input_banks[3].u_input_cache_bank/rd_valid_INST_0/O
INFO: [Physopt 32-662] Processed net u_dut/u_unified_p4_kernel/input_group_fire_INST_0_i_4_n_0.  Did not re-place instance u_dut/u_unified_p4_kernel/input_group_fire_INST_0_i_4/O
INFO: [Physopt 32-662] Processed net u_dut/u_unified_p4_kernel/input_group_fire_INST_0_i_8_n_0.  Did not re-place instance u_dut/u_unified_p4_kernel/input_group_fire_INST_0_i_8/O
INFO: [Physopt 32-662] Processed net u_dut/kernel_rd_raw_data_q[7]_i_1_n_0.  Did not re-place instance u_dut/kernel_rd_raw_data_q[7]_i_1/O
INFO: [Physopt 32-662] Processed net u_dut/kernel_in_data22_out[15].  Did not re-place instance u_dut/u_unified_p4_kernel_i_51/O
INFO: [Physopt 32-662] Processed net u_dut/p_3_in[15].  Did not re-place instance u_dut/u_unified_p4_kernel_i_335/O
INFO: [Physopt 32-662] Processed net u_dut/u_unified_p4_kernel_i_222_n_0.  Did not re-place instance u_dut/u_unified_p4_kernel_i_222/O
INFO: [Physopt 32-662] Processed net u_dut/u_unified_p4_kernel/reserved_groups_q[2].  Did not re-place instance u_dut/u_unified_p4_kernel/reserved_groups_q_reg[2]/Q
INFO: [Physopt 32-662] Processed net u_dut/kernel_rd_req_group_q[4]_i_1_n_0.  Did not re-place instance u_dut/kernel_rd_req_group_q[4]_i_1/O
INFO: [Physopt 32-662] Processed net u_dut/kernel_rd_req_group_q[4]_i_6_n_0.  Did not re-place instance u_dut/kernel_rd_req_group_q[4]_i_6/O
INFO: [Physopt 32-661] Optimized 4 nets.  Re-placed 8 instances.
INFO: [Physopt 32-775] End 1 Pass. Optimized 4 nets or cells. Created 0 new cell, deleted 0 existing cell and moved 8 existing cells
INFO: [Physopt 32-619] Estimated Timing Summary | WNS=-0.098 | TNS=-1.422 |
Netlist sorting complete. Time (s): cpu = 00:00:00 ; elapsed = 00:00:00.018 . Memory (MB): peak = 4669.859 ; gain = 0.000
Phase 30 Multi Cell Placement Optimization | Checksum: 1b379d50d

Time (s): cpu = 00:12:08 ; elapsed = 00:06:27 . Memory (MB): peak = 4669.859 ; gain = 0.000

Phase 31 SLR Crossing Optimization
Phase 31 SLR Crossing Optimization | Checksum: 1b379d50d

Time (s): cpu = 00:12:08 ; elapsed = 00:06:27 . Memory (MB): peak = 4669.859 ; gain = 0.000

Phase 32 Critical Path Optimization
INFO: [Physopt 32-619] Estimated Timing Summary | WNS=-0.098 | TNS=-1.422 |
INFO: [Physopt 32-702] Processed net u_dut/lfnst_mem_resp_data_q[15]. Optimizations did not improve timing on the net.
INFO: [Physopt 32-735] Processed net u_dut/rd_cmd_addr_q_reg_n_0_[0][0][0]_repN_3. Optimization improves timing on the net.
INFO: [Physopt 32-619] Estimated Timing Summary | WNS=-0.093 | TNS=-1.382 |
INFO: [Physopt 32-702] Processed net u_dut/lfnst_mem_resp_data_q[11]. Optimizations did not improve timing on the net.
INFO: [Physopt 32-735] Processed net u_dut/rd_cmd_addr_q_reg_n_0_[1][0][1]. Optimization improves timing on the net.
INFO: [Physopt 32-619] Estimated Timing Summary | WNS=-0.089 | TNS=-1.390 |
INFO: [Physopt 32-735] Processed net u_dut/rd_cmd_addr_q_reg_n_0_[0][0][0]_repN_3. Optimization improves timing on the net.
INFO: [Physopt 32-619] Estimated Timing Summary | WNS=-0.088 | TNS=-1.393 |
INFO: [Physopt 32-702] Processed net u_dut/lfnst_mem_resp_data_q[14]. Optimizations did not improve timing on the net.
INFO: [Physopt 32-702] Processed net u_dut/rd_cmd_addr_q_reg_n_0_[0][0][0]_repN. Optimizations did not improve timing on the net.
INFO: [Physopt 32-608] Optimized 1 net.  Swapped 52 pins.
INFO: [Physopt 32-735] Processed net u_dut/lfnst_mem_resp_data_q[14]_i_3_n_0. Optimization improves timing on the net.
INFO: [Physopt 32-619] Estimated Timing Summary | WNS=-0.086 | TNS=-1.360 |
INFO: [Physopt 32-702] Processed net u_dut/lfnst_mem_resp_valid_q. Optimizations did not improve timing on the net.
INFO: [Physopt 32-702] Processed net u_dut/rd_cmd_addr_q_reg_n_0_[1][0][1]. Optimizations did not improve timing on the net.
INFO: [Physopt 32-710] Processed net u_dut/lfnst_mem_resp_valid_q0. Critical path length was reduced through logic transformation on cell u_dut/lfnst_mem_resp_valid_q_i_2_comp.
INFO: [Physopt 32-735] Processed net u_dut/lfnst_mem_resp_valid_q_i_4_n_0. Optimization improves timing on the net.
INFO: [Physopt 32-619] Estimated Timing Summary | WNS=-0.086 | TNS=-1.318 |
INFO: [Physopt 32-702] Processed net u_dut/rd_cmd_addr_q_reg_n_0_[0][0][0]_repN_3. Optimizations did not improve timing on the net.
INFO: [Physopt 32-608] Optimized 1 net.  Swapped 38 pins.
INFO: [Physopt 32-735] Processed net u_dut/lfnst_mem_resp_data_q[15]_i_2_n_0. Optimization improves timing on the net.
INFO: [Physopt 32-619] Estimated Timing Summary | WNS=-0.079 | TNS=-1.285 |
INFO: [Physopt 32-702] Processed net u_dut/lfnst_mem_resp_data_q[1]. Optimizations did not improve timing on the net.
INFO: [Physopt 32-735] Processed net u_dut/rd_cmd_addr_q_reg_n_0_[0][0][1]_repN_3. Optimization improves timing on the net.
INFO: [Physopt 32-619] Estimated Timing Summary | WNS=-0.072 | TNS=-1.231 |
INFO: [Physopt 32-702] Processed net u_dut/lfnst_mem_resp_data_q[8]. Optimizations did not improve timing on the net.
INFO: [Physopt 32-702] Processed net u_dut/lfnst_mem_resp_data_q[8]_i_2_n_0. Optimizations did not improve timing on the net.
INFO: [Physopt 32-702] Processed net u_dut/gen_input_slots[1].gen_input_banks[0].u_input_cache_bank/rd_data[8]. Optimizations did not improve timing on the net.
INFO: [Physopt 32-702] Processed net u_dut/gen_input_slots[1].gen_input_banks[0].u_input_cache_bank/rd_data[8]_INST_0_i_1_n_0. Optimizations did not improve timing on the net.
INFO: [Physopt 32-608] Optimized 1 net.  Swapped 48 pins.
INFO: [Physopt 32-735] Processed net u_dut/gen_input_slots[1].gen_input_banks[0].u_input_cache_bank/rd_data[8]_INST_0_i_3_n_0. Optimization improves timing on the net.
INFO: [Physopt 32-619] Estimated Timing Summary | WNS=-0.069 | TNS=-1.222 |
INFO: [Physopt 32-81] Processed net u_dut/kernel_phase_q_reg_n_0_[3]. Replicated 2 times.
INFO: [Physopt 32-735] Processed net u_dut/kernel_phase_q_reg_n_0_[3]. Optimization improves timing on the net.
INFO: [Physopt 32-619] Estimated Timing Summary | WNS=-0.064 | TNS=-0.899 |
INFO: [Physopt 32-702] Processed net u_dut/lfnst_mem_resp_data_q[7]. Optimizations did not improve timing on the net.
INFO: [Physopt 32-702] Processed net u_dut/lfnst_mem_resp_data_q[7]_i_2_n_0. Optimizations did not improve timing on the net.
INFO: [Physopt 32-702] Processed net u_dut/gen_input_slots[1].gen_input_banks[0].u_input_cache_bank/rd_data[7]. Optimizations did not improve timing on the net.
INFO: [Physopt 32-702] Processed net u_dut/gen_input_slots[1].gen_input_banks[0].u_input_cache_bank/rd_data[7]_INST_0_i_2_n_0. Optimizations did not improve timing on the net.
INFO: [Physopt 32-702] Processed net u_dut/gen_input_slots[1].gen_input_banks[0].u_input_cache_bank/rd_data[7]_INST_0_i_6_n_0. Optimizations did not improve timing on the net.
INFO: [Physopt 32-702] Processed net u_dut/input_rd_data3_out[7]. Optimizations did not improve timing on the net.
INFO: [Physopt 32-702] Processed net u_dut/gen_input_slots[1].gen_input_banks[0].u_input_cache_bank/data_mem_reg_768_831_7_13/DOA. Optimizations did not improve timing on the net.
INFO: [Physopt 32-702] Processed net u_dut/lfnst_mem_resp_data_q[7]. Optimizations did not improve timing on the net.
INFO: [Physopt 32-702] Processed net u_dut/rd_cmd_addr_q_reg_n_0_[1][0][1]. Optimizations did not improve timing on the net.
INFO: [Physopt 32-702] Processed net u_dut/lfnst_mem_resp_data_q[7]_i_2_n_0. Optimizations did not improve timing on the net.
INFO: [Physopt 32-702] Processed net u_dut/gen_input_slots[1].gen_input_banks[0].u_input_cache_bank/rd_data[7]. Optimizations did not improve timing on the net.
INFO: [Physopt 32-702] Processed net u_dut/gen_input_slots[1].gen_input_banks[0].u_input_cache_bank/rd_data[7]_INST_0_i_2_n_0. Optimizations did not improve timing on the net.
INFO: [Physopt 32-702] Processed net u_dut/gen_input_slots[1].gen_input_banks[0].u_input_cache_bank/rd_data[7]_INST_0_i_6_n_0. Optimizations did not improve timing on the net.
INFO: [Physopt 32-702] Processed net u_dut/input_rd_data3_out[7]. Optimizations did not improve timing on the net.
INFO: [Physopt 32-702] Processed net u_dut/gen_input_slots[1].gen_input_banks[0].u_input_cache_bank/data_mem_reg_768_831_7_13/DOA. Optimizations did not improve timing on the net.
INFO: [Physopt 32-619] Estimated Timing Summary | WNS=-0.064 | TNS=-0.899 |
Netlist sorting complete. Time (s): cpu = 00:00:00 ; elapsed = 00:00:00.039 . Memory (MB): peak = 4669.859 ; gain = 0.000
Phase 32 Critical Path Optimization | Checksum: 1b379d50d

Time (s): cpu = 00:13:42 ; elapsed = 00:07:18 . Memory (MB): peak = 4669.859 ; gain = 0.000

Phase 33 Critical Path Optimization
INFO: [Physopt 32-619] Estimated Timing Summary | WNS=-0.064 | TNS=-0.899 |
INFO: [Physopt 32-702] Processed net u_dut/lfnst_mem_resp_data_q[7]. Optimizations did not improve timing on the net.
INFO: [Physopt 32-81] Processed net u_dut/rd_cmd_addr_q_reg_n_0_[1][0][1]. Replicated 3 times.
INFO: [Physopt 32-735] Processed net u_dut/rd_cmd_addr_q_reg_n_0_[1][0][1]. Optimization improves timing on the net.
INFO: [Physopt 32-619] Estimated Timing Summary | WNS=-0.055 | TNS=-0.670 |
INFO: [Physopt 32-702] Processed net u_dut/lfnst_mem_resp_data_q[14]. Optimizations did not improve timing on the net.
INFO: [Physopt 32-702] Processed net u_dut/rd_cmd_addr_q_reg_n_0_[0][0][0]_repN_3. Optimizations did not improve timing on the net.
INFO: [Physopt 32-608] Optimized 1 net.  Swapped 52 pins.
INFO: [Physopt 32-735] Processed net u_dut/lfnst_mem_resp_data_q[14]_i_2_n_0. Optimization improves timing on the net.
INFO: [Physopt 32-619] Estimated Timing Summary | WNS=-0.051 | TNS=-0.637 |
INFO: [Physopt 32-702] Processed net u_dut/lfnst_mem_resp_data_q[2]. Optimizations did not improve timing on the net.
INFO: [Physopt 32-702] Processed net u_dut/lfnst_mem_resp_data_q[2]_i_3_n_0. Optimizations did not improve timing on the net.
INFO: [Physopt 32-702] Processed net u_dut/gen_input_slots[0].gen_input_banks[3].u_input_cache_bank/rd_data[2]. Optimizations did not improve timing on the net.
INFO: [Physopt 32-702] Processed net u_dut/gen_input_slots[0].gen_input_banks[3].u_input_cache_bank/rd_data[2]_INST_0_i_2_n_0. Optimizations did not improve timing on the net.
INFO: [Physopt 32-608] Optimized 1 net.  Swapped 58 pins.
INFO: [Physopt 32-735] Processed net u_dut/gen_input_slots[0].gen_input_banks[3].u_input_cache_bank/rd_data[2]_INST_0_i_5_n_0. Optimization improves timing on the net.
INFO: [Physopt 32-619] Estimated Timing Summary | WNS=-0.043 | TNS=-0.610 |
INFO: [Physopt 32-702] Processed net u_dut/lfnst_mem_resp_data_q[11]. Optimizations did not improve timing on the net.
INFO: [Physopt 32-702] Processed net u_dut/rd_cmd_addr_q_reg_n_0_[1][0][0]. Optimizations did not improve timing on the net.
INFO: [Physopt 32-702] Processed net u_dut/lfnst_mem_resp_data_q[11]_i_2_n_0. Optimizations did not improve timing on the net.
INFO: [Physopt 32-702] Processed net u_dut/gen_input_slots[1].gen_input_banks[0].u_input_cache_bank/rd_data[11]. Optimizations did not improve timing on the net.
INFO: [Physopt 32-702] Processed net u_dut/gen_input_slots[1].gen_input_banks[0].u_input_cache_bank/rd_data[11]_INST_0_i_2_n_0. Optimizations did not improve timing on the net.
INFO: [Physopt 32-608] Optimized 1 net.  Swapped 52 pins.
INFO: [Physopt 32-735] Processed net u_dut/gen_input_slots[1].gen_input_banks[0].u_input_cache_bank/rd_data[11]_INST_0_i_5_n_0. Optimization improves timing on the net.
INFO: [Physopt 32-619] Estimated Timing Summary | WNS=-0.041 | TNS=-0.573 |
INFO: [Physopt 32-702] Processed net u_dut/lfnst_mem_resp_valid_q. Optimizations did not improve timing on the net.
INFO: [Physopt 32-702] Processed net u_dut/rd_cmd_addr_q_reg_n_0_[0][0][0]_repN. Optimizations did not improve timing on the net.
INFO: [Physopt 32-702] Processed net u_dut/lfnst_mem_resp_valid_q_i_4_n_0. Optimizations did not improve timing on the net.
INFO: [Physopt 32-608] Optimized 1 net.  Swapped 46 pins.
INFO: [Physopt 32-735] Processed net u_dut/gen_input_slots[0].gen_input_banks[2].u_input_cache_bank/rd_valid. Optimization improves timing on the net.
INFO: [Physopt 32-619] Estimated Timing Summary | WNS=-0.041 | TNS=-0.499 |
INFO: [Physopt 32-81] Processed net u_dut/kernel_phase_q_reg_n_0_[3]_repN. Replicated 1 times.
INFO: [Physopt 32-735] Processed net u_dut/kernel_phase_q_reg_n_0_[3]_repN. Optimization improves timing on the net.
INFO: [Physopt 32-619] Estimated Timing Summary | WNS=-0.035 | TNS=-0.468 |
INFO: [Physopt 32-702] Processed net u_dut/lfnst_mem_resp_data_q[8]. Optimizations did not improve timing on the net.
INFO: [Physopt 32-702] Processed net u_dut/lfnst_mem_resp_data_q[8]_i_2_n_0. Optimizations did not improve timing on the net.
INFO: [Physopt 32-702] Processed net u_dut/gen_input_slots[1].gen_input_banks[0].u_input_cache_bank/rd_data[8]. Optimizations did not improve timing on the net.
INFO: [Physopt 32-702] Processed net u_dut/gen_input_slots[1].gen_input_banks[0].u_input_cache_bank/rd_data[8]_INST_0_i_2_n_0. Optimizations did not improve timing on the net.
INFO: [Physopt 32-608] Optimized 1 net.  Swapped 48 pins.
INFO: [Physopt 32-735] Processed net u_dut/gen_input_slots[1].gen_input_banks[0].u_input_cache_bank/rd_data[8]_INST_0_i_5_n_0. Optimization improves timing on the net.
INFO: [Physopt 32-619] Estimated Timing Summary | WNS=-0.035 | TNS=-0.455 |
INFO: [Physopt 32-702] Processed net u_dut/lfnst_mem_resp_data_q[15]. Optimizations did not improve timing on the net.
INFO: [Physopt 32-735] Processed net u_dut/rd_cmd_addr_q_reg_n_0_[0][0][1]_repN. Optimization improves timing on the net.
INFO: [Physopt 32-619] Estimated Timing Summary | WNS=-0.034 | TNS=-0.433 |
INFO: [Physopt 32-702] Processed net u_dut/u_unified_p4_kernel/slot_state_q_reg_n_0_[0][0]. Optimizations did not improve timing on the net.
INFO: [Physopt 32-710] Processed net u_dut/rd_cmd_accept. Critical path length was reduced through logic transformation on cell u_dut/rd_cmd_group_q[4]_i_1_comp.
INFO: [Physopt 32-735] Processed net u_dut/rd_cmd_ready. Optimization improves timing on the net.
INFO: [Physopt 32-619] Estimated Timing Summary | WNS=-0.030 | TNS=-0.367 |
INFO: [Physopt 32-702] Processed net u_dut/lfnst_mem_resp_data_q[10]. Optimizations did not improve timing on the net.
INFO: [Physopt 32-702] Processed net u_dut/lfnst_mem_resp_data_q[10]_i_2_n_0. Optimizations did not improve timing on the net.
INFO: [Physopt 32-702] Processed net u_dut/gen_input_slots[1].gen_input_banks[0].u_input_cache_bank/rd_data[10]. Optimizations did not improve timing on the net.
INFO: [Physopt 32-702] Processed net u_dut/gen_input_slots[1].gen_input_banks[0].u_input_cache_bank/rd_data[10]_INST_0_i_2_n_0. Optimizations did not improve timing on the net.
INFO: [Physopt 32-608] Optimized 1 net.  Swapped 42 pins.
INFO: [Physopt 32-735] Processed net u_dut/gen_input_slots[1].gen_input_banks[0].u_input_cache_bank/rd_data[10]_INST_0_i_5_n_0. Optimization improves timing on the net.
INFO: [Physopt 32-619] Estimated Timing Summary | WNS=-0.029 | TNS=-0.362 |
INFO: [Physopt 32-702] Processed net u_dut/lfnst_mem_resp_data_q[6]. Optimizations did not improve timing on the net.
INFO: [Physopt 32-81] Processed net u_dut/rd_cmd_addr_q_reg_n_0_[0][0][3]_repN_3. Replicated 2 times.
INFO: [Physopt 32-735] Processed net u_dut/rd_cmd_addr_q_reg_n_0_[0][0][3]_repN_3. Optimization improves timing on the net.
INFO: [Physopt 32-619] Estimated Timing Summary | WNS=-0.027 | TNS=-0.348 |
INFO: [Physopt 32-702] Processed net u_dut/lfnst_mem_resp_data_q[3]. Optimizations did not improve timing on the net.
INFO: [Physopt 32-702] Processed net u_dut/lfnst_mem_resp_data_q[3]_i_3_n_0. Optimizations did not improve timing on the net.
INFO: [Physopt 32-702] Processed net u_dut/gen_input_slots[0].gen_input_banks[2].u_input_cache_bank/rd_data[3]. Optimizations did not improve timing on the net.
INFO: [Physopt 32-702] Processed net u_dut/gen_input_slots[0].gen_input_banks[2].u_input_cache_bank/rd_data[3]_INST_0_i_2_n_0. Optimizations did not improve timing on the net.
INFO: [Physopt 32-702] Processed net u_dut/gen_input_slots[0].gen_input_banks[2].u_input_cache_bank/rd_data[3]_INST_0_i_5_n_0. Optimizations did not improve timing on the net.
INFO: [Physopt 32-702] Processed net u_dut/input_rd_data3_out[3]. Optimizations did not improve timing on the net.
INFO: [Physopt 32-702] Processed net u_dut/gen_input_slots[0].gen_input_banks[2].u_input_cache_bank/data_mem_reg_512_575_0_6/DOD. Optimizations did not improve timing on the net.
INFO: [Physopt 32-702] Processed net u_dut/lfnst_mem_resp_data_q[3]. Optimizations did not improve timing on the net.
INFO: [Physopt 32-702] Processed net u_dut/rd_cmd_addr_q_reg_n_0_[0][0][0]_repN. Optimizations did not improve timing on the net.
INFO: [Physopt 32-702] Processed net u_dut/lfnst_mem_resp_data_q[3]_i_3_n_0. Optimizations did not improve timing on the net.
INFO: [Physopt 32-702] Processed net u_dut/gen_input_slots[0].gen_input_banks[2].u_input_cache_bank/rd_data[3]. Optimizations did not improve timing on the net.
INFO: [Physopt 32-702] Processed net u_dut/gen_input_slots[0].gen_input_banks[2].u_input_cache_bank/rd_data[3]_INST_0_i_2_n_0. Optimizations did not improve timing on the net.
INFO: [Physopt 32-702] Processed net u_dut/gen_input_slots[0].gen_input_banks[2].u_input_cache_bank/rd_data[3]_INST_0_i_5_n_0. Optimizations did not improve timing on the net.
INFO: [Physopt 32-702] Processed net u_dut/input_rd_data3_out[3]. Optimizations did not improve timing on the net.
INFO: [Physopt 32-702] Processed net u_dut/gen_input_slots[0].gen_input_banks[2].u_input_cache_bank/data_mem_reg_512_575_0_6/DOD. Optimizations did not improve timing on the net.
INFO: [Physopt 32-619] Estimated Timing Summary | WNS=-0.027 | TNS=-0.348 |
Netlist sorting complete. Time (s): cpu = 00:00:00 ; elapsed = 00:00:00.118 . Memory (MB): peak = 4669.859 ; gain = 0.000
Phase 33 Critical Path Optimization | Checksum: 1b379d50d

Time (s): cpu = 00:14:57 ; elapsed = 00:07:59 . Memory (MB): peak = 4669.859 ; gain = 0.000

Phase 34 BRAM Enable Optimization
Phase 34 BRAM Enable Optimization | Checksum: 1b379d50d

Time (s): cpu = 00:14:57 ; elapsed = 00:07:59 . Memory (MB): peak = 4669.859 ; gain = 0.000
INFO: [Physopt 32-960] Skip hold-fix as initial WHS does not violate hold threshold 250 ps
Netlist sorting complete. Time (s): cpu = 00:00:00 ; elapsed = 00:00:00.019 . Memory (MB): peak = 4669.859 ; gain = 0.000
Netlist sorting complete. Time (s): cpu = 00:00:00 ; elapsed = 00:00:00.019 . Memory (MB): peak = 4669.859 ; gain = 0.000
INFO: [Physopt 32-603] Post Physical Optimization Timing Summary | WNS=-0.027 | TNS=-0.348 |

Summary of Physical Synthesis Optimizations
============================================


----------------------------------------------------------------------------------------------------------------------------------------------------------------------
|  Optimization            |  WNS Gain (ns)  |  TNS Gain (ns)  |  Added Cells  |  Removed Cells  |  Optimized Cells/Nets  |  Dont Touch  |  Iterations  |  Elapsed   |
----------------------------------------------------------------------------------------------------------------------------------------------------------------------
|  Fanout                  |          0.000  |          0.000  |            0  |              0  |                     0  |           3  |           3  |  00:01:16  |
|  Single Cell Placement   |          0.053  |          3.637  |            0  |              0  |                   115  |           0  |           4  |  00:01:13  |
|  Multi Cell Placement    |          0.000  |         -2.081  |            0  |              0  |                    26  |           0  |           4  |  00:00:58  |
|  Rewire                  |          0.000  |          3.944  |            6  |              0  |                     8  |           0  |           3  |  00:00:07  |
|  Critical Cell           |          0.000  |         -1.642  |           34  |              0  |                    35  |           3  |           3  |  00:00:27  |
|  SLR Crossing            |          0.000  |          0.000  |            0  |              0  |                     0  |           0  |           3  |  00:00:00  |
|  DSP Register            |          0.000  |         54.643  |         1057  |              0  |                   170  |           0  |           2  |  00:02:02  |
|  BRAM Register           |          0.000  |          0.000  |            0  |              0  |                     0  |           0  |           2  |  00:00:00  |
|  URAM Register           |          0.000  |          0.000  |            0  |              0  |                     0  |           0  |           2  |  00:00:00  |
|  Shift Register          |          0.000  |          0.000  |            0  |              0  |                     0  |           0  |           2  |  00:00:00  |
|  Critical Pin            |          0.027  |          0.737  |            0  |              0  |                    36  |           0  |           1  |  00:00:05  |
|  Very High Fanout        |          0.000  |          0.251  |           12  |              0  |                     5  |           1  |           1  |  00:00:11  |
|  BRAM Enable             |          0.000  |          0.000  |            0  |              0  |                     0  |           0  |           1  |  00:00:00  |
|  Critical Path           |          0.070  |          1.075  |            8  |              0  |                    20  |           0  |           2  |  00:01:32  |
|  Total                   |          0.150  |         60.565  |         1117  |              0  |                   415  |           7  |          33  |  00:07:50  |
----------------------------------------------------------------------------------------------------------------------------------------------------------------------


Netlist sorting complete. Time (s): cpu = 00:00:00 ; elapsed = 00:00:00.017 . Memory (MB): peak = 4669.859 ; gain = 0.000
Ending Physical Synthesis Task | Checksum: ff347dcc

Time (s): cpu = 00:15:00 ; elapsed = 00:08:02 . Memory (MB): peak = 4669.859 ; gain = 0.000
INFO: [Common 17-83] Releasing license: Implementation
1717 Infos, 0 Warnings, 0 Critical Warnings and 0 Errors encountered.
phys_opt_design completed successfully
phys_opt_design: Time (s): cpu = 00:15:18 ; elapsed = 00:08:11 . Memory (MB): peak = 4669.859 ; gain = 0.000
# report_timing_summary -delay_type max -max_paths 100 \
#     -file [file join $out_dir timing_common_postphys_setup.rpt]
INFO: [Timing 38-91] UpdateTimingParams: Speed grade: -2, Temperature grade: E, Delay Type: max.
INFO: [Timing 38-191] Multithreading enabled for timing update using a maximum of 4 CPUs
report_timing_summary: Time (s): cpu = 00:00:11 ; elapsed = 00:00:05 . Memory (MB): peak = 4669.859 ; gain = 0.000
# report_timing_summary -delay_type min -max_paths 100 \
#     -file [file join $out_dir timing_common_postphys_hold.rpt]
INFO: [Timing 38-91] UpdateTimingParams: Speed grade: -2, Temperature grade: E, Delay Type: min.
INFO: [Timing 38-191] Multithreading enabled for timing update using a maximum of 4 CPUs
# report_utilization -file [file join $out_dir utilization_common_postphys.rpt]
# report_clocks -file [file join $out_dir clocks_common_postphys.rpt]
# write_checkpoint -force [file join $out_dir common_postphysopt.dcp]
INFO: [Timing 38-480] Writing timing data to binary archive.
Write ShapeDB Complete: Time (s): cpu = 00:00:00 ; elapsed = 00:00:00.050 . Memory (MB): peak = 4669.859 ; gain = 0.000
Wrote PlaceDB: Time (s): cpu = 00:00:04 ; elapsed = 00:00:02 . Memory (MB): peak = 4669.859 ; gain = 0.000
Wrote PulsedLatchDB: Time (s): cpu = 00:00:00 ; elapsed = 00:00:00 . Memory (MB): peak = 4669.859 ; gain = 0.000
Writing XDEF routing.
Writing XDEF routing logical nets.
Writing XDEF routing special nets.
Wrote RouteStorage: Time (s): cpu = 00:00:00 ; elapsed = 00:00:00.142 . Memory (MB): peak = 4669.859 ; gain = 0.000
Wrote Netlist Cache: Time (s): cpu = 00:00:00 ; elapsed = 00:00:00.091 . Memory (MB): peak = 4669.859 ; gain = 0.000
Wrote Device Cache: Time (s): cpu = 00:00:00 ; elapsed = 00:00:00.016 . Memory (MB): peak = 4669.859 ; gain = 0.000
Write Physdb Complete: Time (s): cpu = 00:00:04 ; elapsed = 00:00:03 . Memory (MB): peak = 4669.859 ; gain = 0.000
INFO: [Common 17-1381] The checkpoint 'C:/Users/Fine/Documents/Codex/2026-07-23/ni/_feed_counter_verify/05_audit/current/82_route_convergence_ab_20261003/prepare/common_postphysopt.dcp' has been generated.
# puts "ROUTE_AB_COMMON_POSTPHYSOPT_DONE"
ROUTE_AB_COMMON_POSTPHYSOPT_DONE
# close_design
INFO: [Common 17-206] Exiting Vivado at Sun Oct  4 00:05:39 2026...
