Reading pref.tcl

# 2020.4

# do run.do
# ** Warning: (vlib-34) Library already exists at "work".
# Errors: 0, Warnings: 1
# Model Technology ModelSim SE-64 vlog 2020.4 Compiler 2020.10 Oct 13 2020
# Start time: 00:08:33 on Sep 04,2026
# vlog -sv ../../02_rtl/rtl/its_mac.v 
# -- Compiling module its_mac
# 
# Top level modules:
# 	its_mac
# End time: 00:08:33 on Sep 04,2026, Elapsed time: 0:00:00
# Errors: 0, Warnings: 0
# Model Technology ModelSim SE-64 vlog 2020.4 Compiler 2020.10 Oct 13 2020
# Start time: 00:08:33 on Sep 04,2026
# vlog -sv ../../02_rtl/rtl/its_rom.v 
# -- Compiling module its_rom
# 
# Top level modules:
# 	its_rom
# End time: 00:08:33 on Sep 04,2026, Elapsed time: 0:00:00
# Errors: 0, Warnings: 0
# Model Technology ModelSim SE-64 vlog 2020.4 Compiler 2020.10 Oct 13 2020
# Start time: 00:08:33 on Sep 04,2026
# vlog -sv ../../02_rtl/rtl/its_lfnst_rom.v 
# -- Compiling module its_lfnst_rom
# 
# Top level modules:
# 	its_lfnst_rom
# End time: 00:08:33 on Sep 04,2026, Elapsed time: 0:00:00
# Errors: 0, Warnings: 0
# Model Technology ModelSim SE-64 vlog 2020.4 Compiler 2020.10 Oct 13 2020
# Start time: 00:08:33 on Sep 04,2026
# vlog -sv ../../02_rtl/rtl/its_transform_engine.v 
# -- Compiling module its_transform_engine
# 
# Top level modules:
# 	its_transform_engine
# End time: 00:08:33 on Sep 04,2026, Elapsed time: 0:00:00
# Errors: 0, Warnings: 0
# Model Technology ModelSim SE-64 vlog 2020.4 Compiler 2020.10 Oct 13 2020
# Start time: 00:08:33 on Sep 04,2026
# vlog -sv ../../02_rtl/rtl/its_lfnst.v 
# -- Compiling module its_lfnst
# 
# Top level modules:
# 	its_lfnst
# End time: 00:08:33 on Sep 04,2026, Elapsed time: 0:00:00
# Errors: 0, Warnings: 0
# Model Technology ModelSim SE-64 vlog 2020.4 Compiler 2020.10 Oct 13 2020
# Start time: 00:08:34 on Sep 04,2026
# vlog -sv ../../02_rtl/rtl/its_core_500.v 
# -- Compiling package its_pkg
# -- Compiling module its_core_500
# -- Importing package its_pkg
# 
# Top level modules:
# 	its_core_500
# End time: 00:08:34 on Sep 04,2026, Elapsed time: 0:00:00
# Errors: 0, Warnings: 0
# Model Technology ModelSim SE-64 vlog 2020.4 Compiler 2020.10 Oct 13 2020
# Start time: 00:08:34 on Sep 04,2026
# vlog -sv ../../02_rtl/rtl/rst_sync.v 
# -- Compiling module rst_sync
# 
# Top level modules:
# 	rst_sync
# End time: 00:08:34 on Sep 04,2026, Elapsed time: 0:00:00
# Errors: 0, Warnings: 0
# Model Technology ModelSim SE-64 vlog 2020.4 Compiler 2020.10 Oct 13 2020
# Start time: 00:08:34 on Sep 04,2026
# vlog -sv ../../02_rtl/rtl/async_fifo.v 
# -- Compiling module async_fifo
# 
# Top level modules:
# 	async_fifo
# End time: 00:08:34 on Sep 04,2026, Elapsed time: 0:00:00
# Errors: 0, Warnings: 0
# Model Technology ModelSim SE-64 vlog 2020.4 Compiler 2020.10 Oct 13 2020
# Start time: 00:08:34 on Sep 04,2026
# vlog -sv ../../02_rtl/rtl/fifo_fwft_reg_slice.v 
# -- Compiling module fifo_fwft_reg_slice
# 
# Top level modules:
# 	fifo_fwft_reg_slice
# End time: 00:08:34 on Sep 04,2026, Elapsed time: 0:00:00
# Errors: 0, Warnings: 0
# Model Technology ModelSim SE-64 vlog 2020.4 Compiler 2020.10 Oct 13 2020
# Start time: 00:08:34 on Sep 04,2026
# vlog -sv ../../02_rtl/rtl/its_top_500_wrapper.v 
# -- Compiling module its_top_500_wrapper
# 
# Top level modules:
# 	its_top_500_wrapper
# End time: 00:08:34 on Sep 04,2026, Elapsed time: 0:00:00
# Errors: 0, Warnings: 0
# Model Technology ModelSim SE-64 vlog 2020.4 Compiler 2020.10 Oct 13 2020
# Start time: 00:08:34 on Sep 04,2026
# vlog -sv ../../02_rtl/rtl/its_top_500_singleclk.v 
# -- Compiling module its_top_500_singleclk
# 
# Top level modules:
# 	its_top_500_singleclk
# End time: 00:08:34 on Sep 04,2026, Elapsed time: 0:00:00
# Errors: 0, Warnings: 0
# Model Technology ModelSim SE-64 vlog 2020.4 Compiler 2020.10 Oct 13 2020
# Start time: 00:08:34 on Sep 04,2026
# vlog -sv ../../02_rtl/rtl/its_top.v 
# -- Compiling module its_top
# 
# Top level modules:
# 	its_top
# End time: 00:08:34 on Sep 04,2026, Elapsed time: 0:00:00
# Errors: 0, Warnings: 0
# Model Technology ModelSim SE-64 vlog 2020.4 Compiler 2020.10 Oct 13 2020
# Start time: 00:08:34 on Sep 04,2026
# vlog -sv "+define+CONTEST_TOP_SUBMISSION" ../tb/its_tb_500.v 
# -- Compiling module its_tb_500
# 
# Top level modules:
# 	its_tb_500
# End time: 00:08:34 on Sep 04,2026, Elapsed time: 0:00:00
# Errors: 0, Warnings: 0
# vsim -t 1ps work.its_tb_500 
# Start time: 00:08:34 on Sep 04,2026
# ** Note: (vsim-3813) Design is being optimized due to module recompilation...
# //  ModelSim SE-64 2020.4 Oct 13 2020
# //
# //  Copyright 1991-2020 Mentor Graphics Corporation
# //  All Rights Reserved.
# //
# //  ModelSim SE-64 and its associated documentation contain trade
# //  secrets and commercial or financial information that are the property of
# //  Mentor Graphics Corporation and are privileged, confidential,
# //  and exempt from disclosure under the Freedom of Information Act,
# //  5 U.S.C. Section 552. Furthermore, this information
# //  is prohibited from disclosure under the Trade Secrets Act,
# //  18 U.S.C. Section 1905.
# //
# Loading sv_std.std
# Loading work.its_pkg(fast)
# Loading work.its_tb_500(fast)
# === ITS 500MHz Wrapper CDC Testbench ===
# clk_if = 100MHz, clk_core = 200MHz (sim-safe)
# Full 1444-test regression + hand-written wrapper tests
# 
# === [WRAPPER] dct2_4x4 (w=4 h=4 tr_h=0 tr_v=0 sidx=0 lfnst=0) ===
#   [RST t=0] rst_n=0
#   [RST t=195000] rst_n=1
#   PASS (16 outputs)
# 
# === [WRAPPER] dct2_4x8 (w=4 h=8 tr_h=0 tr_v=0 sidx=0 lfnst=0) ===
#   [RST t=3765000] rst_n=0
#   [RST t=3965000] rst_n=1
#   PASS (32 outputs)
# 
# === [WRAPPER] dct2_4x16 (w=4 h=16 tr_h=0 tr_v=0 sidx=0 lfnst=0) ===
#   [RST t=11955000] rst_n=0
#   [RST t=12155000] rst_n=1
#   PASS (64 outputs)
# 
# === [WRAPPER] dct2_4x32 (w=4 h=32 tr_h=0 tr_v=0 sidx=0 lfnst=0) ===
#   [RST t=33725000] rst_n=0
#   [RST t=33925000] rst_n=1
#   PASS (128 outputs)
# 
# === [WRAPPER] dct2_4x64 (w=4 h=64 tr_h=0 tr_v=0 sidx=0 lfnst=0) ===
#   [RST t=101915000] rst_n=0
#   [RST t=102115000] rst_n=1
#   PASS (256 outputs)
# 
# === [WRAPPER] dct2_8x4 (w=8 h=4 tr_h=0 tr_v=0 sidx=0 lfnst=0) ===
#   [RST t=339705000] rst_n=0
#   [RST t=339905000] rst_n=1
#   PASS (32 outputs)
# 
# === [WRAPPER] dct2_16x4 (w=16 h=4 tr_h=0 tr_v=0 sidx=0 lfnst=0) ===
#   [RST t=347875000] rst_n=0
#   [RST t=348075000] rst_n=1
#   PASS (64 outputs)
# 
# === [WRAPPER] dct2_32x4 (w=32 h=4 tr_h=0 tr_v=0 sidx=0 lfnst=0) ===
#   [RST t=369665000] rst_n=0
#   [RST t=369865000] rst_n=1
#   PASS (128 outputs)
# 
# === [WRAPPER] dct2_64x4 (w=64 h=4 tr_h=0 tr_v=0 sidx=0 lfnst=0) ===
#   [RST t=437855000] rst_n=0
#   [RST t=438055000] rst_n=1
#   PASS (256 outputs)
# 
# === [WRAPPER] dct2_8x8 (w=8 h=8 tr_h=0 tr_v=0 sidx=0 lfnst=0) ===
#   [RST t=675645000] rst_n=0
#   [RST t=675845000] rst_n=1
#   PASS (64 outputs)
# 
# === [WRAPPER] dct2_8x16 (w=8 h=16 tr_h=0 tr_v=0 sidx=0 lfnst=0) ===
#   [RST t=694105000] rst_n=0
#   [RST t=694305000] rst_n=1
#   PASS (128 outputs)
# 
# === [WRAPPER] dct2_8x32 (w=8 h=32 tr_h=0 tr_v=0 sidx=0 lfnst=0) ===
#   [RST t=742725000] rst_n=0
#   [RST t=742925000] rst_n=1
#   PASS (256 outputs)
# 
# === [WRAPPER] dct2_8x64 (w=8 h=64 tr_h=0 tr_v=0 sidx=0 lfnst=0) ===
#   [RST t=890075000] rst_n=0
#   [RST t=890275000] rst_n=1
#   PASS (512 outputs)
# 
# === [WRAPPER] dct2_16x8 (w=16 h=8 tr_h=0 tr_v=0 sidx=0 lfnst=0) ===
#   [RST t=1388465000] rst_n=0
#   [RST t=1388665000] rst_n=1
#   PASS (128 outputs)
# 
# === [WRAPPER] dct2_32x8 (w=32 h=8 tr_h=0 tr_v=0 sidx=0 lfnst=0) ===
#   [RST t=1437095000] rst_n=0
#   [RST t=1437295000] rst_n=1
#   PASS (256 outputs)
# 
# === [WRAPPER] dct2_64x8 (w=64 h=8 tr_h=0 tr_v=0 sidx=0 lfnst=0) ===
#   [RST t=1584445000] rst_n=0
#   [RST t=1584645000] rst_n=1
#   PASS (512 outputs)
# 
# === [WRAPPER] dct2_16x16 (w=16 h=16 tr_h=0 tr_v=0 sidx=0 lfnst=0) ===
#   [RST t=2082835000] rst_n=0
#   [RST t=2083035000] rst_n=1
#   PASS (256 outputs)
# 
# === [WRAPPER] dct2_16x32 (w=16 h=32 tr_h=0 tr_v=0 sidx=0 lfnst=0) ===
#   [RST t=2204335000] rst_n=0
#   [RST t=2204535000] rst_n=1
#   PASS (512 outputs)
# 
# === [WRAPPER] dct2_16x64 (w=16 h=64 tr_h=0 tr_v=0 sidx=0 lfnst=0) ===
#   [RST t=2548405000] rst_n=0
#   [RST t=2548605000] rst_n=1
#   PASS (1024 outputs)
# 
# === [WRAPPER] dct2_32x16 (w=32 h=16 tr_h=0 tr_v=0 sidx=0 lfnst=0) ===
#   [RST t=3644795000] rst_n=0
#   [RST t=3644995000] rst_n=1
#   PASS (512 outputs)
# 
# === [WRAPPER] dct2_32x32 (w=32 h=32 tr_h=0 tr_v=0 sidx=0 lfnst=0) ===
#   [RST t=3988855000] rst_n=0
#   [RST t=3989055000] rst_n=1
#   PASS (1024 outputs)
# 
# === [WRAPPER] dct2_32x64 (w=32 h=64 tr_h=0 tr_v=0 sidx=0 lfnst=0) ===
#   [RST t=4879965000] rst_n=0
#   [RST t=4880165000] rst_n=1
#   PASS (2048 outputs)
# 
# === [WRAPPER] dct2_64x16 (w=64 h=16 tr_h=0 tr_v=0 sidx=0 lfnst=0) ===
#   [RST t=7479555000] rst_n=0
#   [RST t=7479755000] rst_n=1
#   PASS (1024 outputs)
# 
# === [WRAPPER] dct2_64x32 (w=64 h=32 tr_h=0 tr_v=0 sidx=0 lfnst=0) ===
#   [RST t=8575945000] rst_n=0
#   [RST t=8576145000] rst_n=1
#   PASS (2048 outputs)
# 
# === [WRAPPER] dct2_64x64 (w=64 h=64 tr_h=0 tr_v=0 sidx=0 lfnst=0) ===
#   [RST t=11175535000] rst_n=0
#   [RST t=11175735000] rst_n=1
#   PASS (4096 outputs)
# 
# === [WRAPPER] dct8_4x4 (w=4 h=4 tr_h=2 tr_v=2 sidx=0 lfnst=0) ===
#   [RST t=18010315000] rst_n=0
#   [RST t=18010515000] rst_n=1
#   PASS (16 outputs)
# 
# === [WRAPPER] dct8_4x8 (w=4 h=8 tr_h=2 tr_v=2 sidx=0 lfnst=0) ===
#   [RST t=18014095000] rst_n=0
#   [RST t=18014295000] rst_n=1
#   PASS (32 outputs)
# 
# === [WRAPPER] dct8_4x16 (w=4 h=16 tr_h=2 tr_v=2 sidx=0 lfnst=0) ===
#   [RST t=18022275000] rst_n=0
#   [RST t=18022475000] rst_n=1
#   PASS (64 outputs)
# 
# === [WRAPPER] dct8_4x32 (w=4 h=32 tr_h=2 tr_v=2 sidx=0 lfnst=0) ===
#   [RST t=18044065000] rst_n=0
#   [RST t=18044265000] rst_n=1
#   PASS (128 outputs)
# 
# === [WRAPPER] dct8_8x4 (w=8 h=4 tr_h=2 tr_v=2 sidx=0 lfnst=0) ===
#   [RST t=18112255000] rst_n=0
#   [RST t=18112455000] rst_n=1
#   PASS (32 outputs)
# 
# === [WRAPPER] dct8_16x4 (w=16 h=4 tr_h=2 tr_v=2 sidx=0 lfnst=0) ===
#   [RST t=18120445000] rst_n=0
#   [RST t=18120645000] rst_n=1
#   PASS (64 outputs)
# 
# === [WRAPPER] dct8_32x4 (w=32 h=4 tr_h=2 tr_v=2 sidx=0 lfnst=0) ===
#   [RST t=18142235000] rst_n=0
#   [RST t=18142435000] rst_n=1
#   PASS (128 outputs)
# 
# === [WRAPPER] dct8_8x8 (w=8 h=8 tr_h=2 tr_v=2 sidx=0 lfnst=0) ===
#   [RST t=18210425000] rst_n=0
#   [RST t=18210625000] rst_n=1
#   PASS (64 outputs)
# 
# === [WRAPPER] dct8_8x16 (w=8 h=16 tr_h=2 tr_v=2 sidx=0 lfnst=0) ===
#   [RST t=18228875000] rst_n=0
#   [RST t=18229075000] rst_n=1
#   PASS (128 outputs)
# 
# === [WRAPPER] dct8_8x32 (w=8 h=32 tr_h=2 tr_v=2 sidx=0 lfnst=0) ===
#   [RST t=18277495000] rst_n=0
#   [RST t=18277695000] rst_n=1
#   PASS (256 outputs)
# 
# === [WRAPPER] dct8_16x8 (w=16 h=8 tr_h=2 tr_v=2 sidx=0 lfnst=0) ===
#   [RST t=18424845000] rst_n=0
#   [RST t=18425045000] rst_n=1
#   PASS (128 outputs)
# 
# === [WRAPPER] dct8_32x8 (w=32 h=8 tr_h=2 tr_v=2 sidx=0 lfnst=0) ===
#   [RST t=18473475000] rst_n=0
#   [RST t=18473675000] rst_n=1
#   PASS (256 outputs)
# 
# === [WRAPPER] dct8_16x16 (w=16 h=16 tr_h=2 tr_v=2 sidx=0 lfnst=0) ===
#   [RST t=18620825000] rst_n=0
#   [RST t=18621025000] rst_n=1
#   PASS (256 outputs)
# 
# === [WRAPPER] dct8_16x32 (w=16 h=32 tr_h=2 tr_v=2 sidx=0 lfnst=0) ===
#   [RST t=18742335000] rst_n=0
#   [RST t=18742535000] rst_n=1
#   PASS (512 outputs)
# 
# === [WRAPPER] dct8_32x16 (w=32 h=16 tr_h=2 tr_v=2 sidx=0 lfnst=0) ===
#   [RST t=19086405000] rst_n=0
#   [RST t=19086605000] rst_n=1
#   PASS (512 outputs)
# 
# === [WRAPPER] dct8_32x32 (w=32 h=32 tr_h=2 tr_v=2 sidx=0 lfnst=0) ===
#   [RST t=19430475000] rst_n=0
#   [RST t=19430675000] rst_n=1
#   PASS (1024 outputs)
# 
# === [WRAPPER] dst7_4x4 (w=4 h=4 tr_h=1 tr_v=1 sidx=0 lfnst=0) ===
#   [RST t=20321585000] rst_n=0
#   [RST t=20321785000] rst_n=1
#   PASS (16 outputs)
# 
# === [WRAPPER] dst7_4x8 (w=4 h=8 tr_h=1 tr_v=1 sidx=0 lfnst=0) ===
#   [RST t=20325355000] rst_n=0
#   [RST t=20325555000] rst_n=1
#   PASS (32 outputs)
# 
# === [WRAPPER] dst7_4x16 (w=4 h=16 tr_h=1 tr_v=1 sidx=0 lfnst=0) ===
#   [RST t=20333535000] rst_n=0
#   [RST t=20333735000] rst_n=1
#   PASS (64 outputs)
# 
# === [WRAPPER] dst7_4x32 (w=4 h=32 tr_h=1 tr_v=1 sidx=0 lfnst=0) ===
#   [RST t=20355325000] rst_n=0
#   [RST t=20355525000] rst_n=1
#   PASS (128 outputs)
# 
# === [WRAPPER] dst7_8x4 (w=8 h=4 tr_h=1 tr_v=1 sidx=0 lfnst=0) ===
#   [RST t=20423515000] rst_n=0
#   [RST t=20423715000] rst_n=1
#   PASS (32 outputs)
# 
# === [WRAPPER] dst7_16x4 (w=16 h=4 tr_h=1 tr_v=1 sidx=0 lfnst=0) ===
#   [RST t=20431695000] rst_n=0
#   [RST t=20431895000] rst_n=1
#   PASS (64 outputs)
# 
# === [WRAPPER] dst7_32x4 (w=32 h=4 tr_h=1 tr_v=1 sidx=0 lfnst=0) ===
#   [RST t=20453485000] rst_n=0
#   [RST t=20453685000] rst_n=1
#   PASS (128 outputs)
# 
# === [WRAPPER] dst7_8x8 (w=8 h=8 tr_h=1 tr_v=1 sidx=0 lfnst=0) ===
#   [RST t=20521675000] rst_n=0
#   [RST t=20521875000] rst_n=1
#   PASS (64 outputs)
# 
# === [WRAPPER] dst7_8x16 (w=8 h=16 tr_h=1 tr_v=1 sidx=0 lfnst=0) ===
#   [RST t=20540145000] rst_n=0
#   [RST t=20540345000] rst_n=1
#   PASS (128 outputs)
# 
# === [WRAPPER] dst7_8x32 (w=8 h=32 tr_h=1 tr_v=1 sidx=0 lfnst=0) ===
#   [RST t=20588775000] rst_n=0
#   [RST t=20588975000] rst_n=1
#   PASS (256 outputs)
# 
# === [WRAPPER] dst7_16x8 (w=16 h=8 tr_h=1 tr_v=1 sidx=0 lfnst=0) ===
#   [RST t=20736125000] rst_n=0
#   [RST t=20736325000] rst_n=1
#   PASS (128 outputs)
# 
# === [WRAPPER] dst7_32x8 (w=32 h=8 tr_h=1 tr_v=1 sidx=0 lfnst=0) ===
#   [RST t=20784745000] rst_n=0
#   [RST t=20784945000] rst_n=1
#   PASS (256 outputs)
# 
# === [WRAPPER] dst7_16x16 (w=16 h=16 tr_h=1 tr_v=1 sidx=0 lfnst=0) ===
#   [RST t=20932095000] rst_n=0
#   [RST t=20932295000] rst_n=1
#   PASS (256 outputs)
# 
# === [WRAPPER] dst7_16x32 (w=16 h=32 tr_h=1 tr_v=1 sidx=0 lfnst=0) ===
#   [RST t=21053605000] rst_n=0
#   [RST t=21053805000] rst_n=1
#   PASS (512 outputs)
# 
# === [WRAPPER] dst7_32x16 (w=32 h=16 tr_h=1 tr_v=1 sidx=0 lfnst=0) ===
#   [RST t=21397675000] rst_n=0
#   [RST t=21397875000] rst_n=1
#   PASS (512 outputs)
# 
# === [WRAPPER] dst7_32x32 (w=32 h=32 tr_h=1 tr_v=1 sidx=0 lfnst=0) ===
#   [RST t=21741735000] rst_n=0
#   [RST t=21741935000] rst_n=1
#   PASS (1024 outputs)
# 
# === [WRAPPER] lfnst16_s0_i1 (w=4 h=4 tr_h=0 tr_v=0 sidx=0 lfnst=1) ===
#   [RST t=22632845000] rst_n=0
#   [RST t=22633045000] rst_n=1
#   PASS (16 outputs)
# 
# === [WRAPPER] lfnst16_s0_i2 (w=4 h=4 tr_h=0 tr_v=0 sidx=0 lfnst=2) ===
#   [RST t=22641795000] rst_n=0
#   [RST t=22641995000] rst_n=1
#   PASS (16 outputs)
# 
# === [WRAPPER] lfnst16_s1_i1 (w=4 h=4 tr_h=0 tr_v=0 sidx=1 lfnst=1) ===
#   [RST t=22650755000] rst_n=0
#   [RST t=22650955000] rst_n=1
#   PASS (16 outputs)
# 
# === [WRAPPER] lfnst16_s1_i2 (w=4 h=4 tr_h=0 tr_v=0 sidx=1 lfnst=2) ===
#   [RST t=22659705000] rst_n=0
#   [RST t=22659905000] rst_n=1
#   PASS (16 outputs)
# 
# === [WRAPPER] lfnst16_s2_i1 (w=4 h=4 tr_h=0 tr_v=0 sidx=2 lfnst=1) ===
#   [RST t=22668665000] rst_n=0
#   [RST t=22668865000] rst_n=1
#   PASS (16 outputs)
# 
# === [WRAPPER] lfnst16_s2_i2 (w=4 h=4 tr_h=0 tr_v=0 sidx=2 lfnst=2) ===
#   [RST t=22677615000] rst_n=0
#   [RST t=22677815000] rst_n=1
#   PASS (16 outputs)
# 
# === [WRAPPER] lfnst16_s3_i1 (w=4 h=4 tr_h=0 tr_v=0 sidx=3 lfnst=1) ===
#   [RST t=22686565000] rst_n=0
#   [RST t=22686765000] rst_n=1
#   PASS (16 outputs)
# 
# === [WRAPPER] lfnst16_s3_i2 (w=4 h=4 tr_h=0 tr_v=0 sidx=3 lfnst=2) ===
#   [RST t=22695525000] rst_n=0
#   [RST t=22695725000] rst_n=1
#   PASS (16 outputs)
# 
# === [WRAPPER] lfnst48_s0_i1 (w=8 h=8 tr_h=0 tr_v=0 sidx=0 lfnst=1) ===
#   [RST t=22704485000] rst_n=0
#   [RST t=22704685000] rst_n=1
#   PASS (64 outputs)
# 
# === [WRAPPER] lfnst48_s0_i2 (w=8 h=8 tr_h=0 tr_v=0 sidx=0 lfnst=2) ===
#   [RST t=22738055000] rst_n=0
#   [RST t=22738255000] rst_n=1
#   PASS (64 outputs)
# 
# === [WRAPPER] lfnst48_s1_i1 (w=8 h=8 tr_h=0 tr_v=0 sidx=1 lfnst=1) ===
#   [RST t=22771625000] rst_n=0
#   [RST t=22771825000] rst_n=1
#   PASS (64 outputs)
# 
# === [WRAPPER] lfnst48_s1_i2 (w=8 h=8 tr_h=0 tr_v=0 sidx=1 lfnst=2) ===
#   [RST t=22805195000] rst_n=0
#   [RST t=22805395000] rst_n=1
#   PASS (64 outputs)
# 
# === [WRAPPER] lfnst48_s2_i1 (w=8 h=8 tr_h=0 tr_v=0 sidx=2 lfnst=1) ===
#   [RST t=22838765000] rst_n=0
#   [RST t=22838965000] rst_n=1
#   PASS (64 outputs)
# 
# === [WRAPPER] lfnst48_s2_i2 (w=8 h=8 tr_h=0 tr_v=0 sidx=2 lfnst=2) ===
#   [RST t=22872325000] rst_n=0
#   [RST t=22872525000] rst_n=1
#   PASS (64 outputs)
# 
# === [WRAPPER] lfnst48_s3_i1 (w=8 h=8 tr_h=0 tr_v=0 sidx=3 lfnst=1) ===
#   [RST t=22905895000] rst_n=0
#   [RST t=22906095000] rst_n=1
#   PASS (64 outputs)
# 
# === [WRAPPER] lfnst48_s3_i2 (w=8 h=8 tr_h=0 tr_v=0 sidx=3 lfnst=2) ===
#   [RST t=22939465000] rst_n=0
#   [RST t=22939665000] rst_n=1
#   PASS (64 outputs)
# 
# === [WRAPPER] lfnst16_dct8_force (w=4 h=4 tr_h=2 tr_v=2 sidx=0 lfnst=1) ===
#   [RST t=22973035000] rst_n=0
#   [RST t=22973235000] rst_n=1
#   PASS (16 outputs)
# 
# === [WRAPPER] dct2_8x16_lfnst1 (w=8 h=16 tr_h=0 tr_v=0 sidx=0 lfnst=1) ===
#   [RST t=22981985000] rst_n=0
#   [RST t=22982185000] rst_n=1
#   PASS (128 outputs)
# 
# === [WRAPPER] dct2_16x8_lfnst1 (w=16 h=8 tr_h=0 tr_v=0 sidx=0 lfnst=1) ===
#   [RST t=23049555000] rst_n=0
#   [RST t=23049755000] rst_n=1
#   PASS (128 outputs)
# 
# === [WRAPPER] dct2_16x16_lfnst1 (w=16 h=16 tr_h=0 tr_v=0 sidx=0 lfnst=1) ===
#   [RST t=23117125000] rst_n=0
#   [RST t=23117325000] rst_n=1
#   PASS (256 outputs)
# 
# === [WRAPPER] dct2_16x32_lfnst1 (w=16 h=32 tr_h=0 tr_v=0 sidx=0 lfnst=1) ===
#   [RST t=23257575000] rst_n=0
#   [RST t=23257775000] rst_n=1
#   PASS (512 outputs)
# 
# === [WRAPPER] dct2_32x16_lfnst1 (w=32 h=16 tr_h=0 tr_v=0 sidx=0 lfnst=1) ===
#   [RST t=23620585000] rst_n=0
#   [RST t=23620785000] rst_n=1
#   PASS (512 outputs)
# 
# === [WRAPPER] dct2_32x32_lfnst1 (w=32 h=32 tr_h=0 tr_v=0 sidx=0 lfnst=1) ===
#   [RST t=23983595000] rst_n=0
#   [RST t=23983795000] rst_n=1
#   PASS (1024 outputs)
# 
# === [WRAPPER] dct2_4x64_lfnst1 (w=4 h=64 tr_h=0 tr_v=0 sidx=0 lfnst=1) ===
#   [RST t=24893645000] rst_n=0
#   [RST t=24893845000] rst_n=1
#   PASS (256 outputs)
# 
# === [WRAPPER] dct2_64x4_lfnst1 (w=64 h=4 tr_h=0 tr_v=0 sidx=0 lfnst=1) ===
#   [RST t=25137895000] rst_n=0
#   [RST t=25138095000] rst_n=1
#   PASS (256 outputs)
# 
# === [WRAPPER] dct2_8x64_lfnst1 (w=8 h=64 tr_h=0 tr_v=0 sidx=0 lfnst=1) ===
#   [RST t=25382145000] rst_n=0
#   [RST t=25382345000] rst_n=1
#   PASS (512 outputs)
# 
# === [WRAPPER] dct2_64x8_lfnst1 (w=64 h=8 tr_h=0 tr_v=0 sidx=0 lfnst=1) ===
#   [RST t=25899475000] rst_n=0
#   [RST t=25899675000] rst_n=1
#   PASS (512 outputs)
# 
# === [WRAPPER] boundary_zero_4x4 (w=4 h=4 tr_h=0 tr_v=0 sidx=0 lfnst=0) ===
#   [RST t=26416805000] rst_n=0
#   [RST t=26417005000] rst_n=1
#   PASS (16 outputs)
# 
# === [WRAPPER] boundary_dc_4x4 (w=4 h=4 tr_h=0 tr_v=0 sidx=0 lfnst=0) ===
#   [RST t=26420515000] rst_n=0
#   [RST t=26420715000] rst_n=1
#   PASS (16 outputs)
# 
# === [WRAPPER] boundary_maxval_4x4 (w=4 h=4 tr_h=0 tr_v=0 sidx=0 lfnst=0) ===
#   [RST t=26424415000] rst_n=0
#   [RST t=26424615000] rst_n=1
#   PASS (16 outputs)
# 
# === [WRAPPER] boundary_minval_4x4 (w=4 h=4 tr_h=0 tr_v=0 sidx=0 lfnst=0) ===
#   [RST t=26428315000] rst_n=0
#   [RST t=26428515000] rst_n=1
#   PASS (16 outputs)
# 
# === [WRAPPER] boundary_sparse_8x8 (w=8 h=8 tr_h=0 tr_v=0 sidx=0 lfnst=0) ===
#   [RST t=26432215000] rst_n=0
#   [RST t=26432415000] rst_n=1
#   PASS (64 outputs)
# 
# === [WRAPPER-BP] bp_dct2_8x8 (w=8 h=8 tr_h=0 tr_v=0 sidx=0 lfnst=0) ===
#   [RST t=26450625000] rst_n=0
#   [RST t=26451125000] rst_n=1
#   PASS (64 outputs, backpressure)
# 
# === [WRAPPER-BP] bp_dct2_16x16 (w=16 h=16 tr_h=0 tr_v=0 sidx=0 lfnst=0) ===
#   [RST t=26469555000] rst_n=0
#   [RST t=26470055000] rst_n=1
#   PASS (256 outputs, backpressure)
# 
# === [WRAPPER-BP] bp_lfnst48_s0_i1 (w=8 h=8 tr_h=0 tr_v=0 sidx=0 lfnst=1) ===
#   [RST t=26591845000] rst_n=0
#   [RST t=26592345000] rst_n=1
#   PASS (64 outputs, backpressure)
# 
# === [WRAPPER-2TU] two_tu_dct2_4x4 ===
#   [RST t=26625885000] rst_n=0
#   [RST t=26626085000] rst_n=1
#   --- TU 0 ---
#   TU0 done OK
#   --- TU 1 ---
#   TU1 done OK
#   PASS (2-TU, 16 outputs each)
# 
# === [OVERLAP] overlap_4x4 ===
#   [RST t=26632825000] rst_n=0
#   [RST t=26633025000] rst_n=1
#   --- Send TU 0 ---
#   --- Send TU 1 ---
#   --- Read TU 0 ---
#   --- Read TU 1 ---
#   PASS
# 
# === [OVERLAP] overlap_8x8 ===
#   [RST t=26639675000] rst_n=0
#   [RST t=26639875000] rst_n=1
#   --- Send TU 0 ---
#   --- Send TU 1 ---
#   --- Read TU 0 ---
#   --- Read TU 1 ---
#   PASS
# 
# === [WRAPPER] 0000:4x4_DCT2xDCT2_lfnst0_s0 (w=4 h=4 tr_h=0 tr_v=0 sidx=0 lfnst=0) ===
#   [RST t=26675905000] rst_n=0
#   [RST t=26676105000] rst_n=1
#   PASS (16 outputs)
# 
# === [WRAPPER] 0001:4x4_DCT2xDCT2_lfnst1_s0 (w=4 h=4 tr_h=0 tr_v=0 sidx=0 lfnst=1) ===
#   [RST t=26679645000] rst_n=0
#   [RST t=26679845000] rst_n=1
#   PASS (16 outputs)
# 
# === [WRAPPER] 0002:4x4_DCT2xDCT2_lfnst1_s1 (w=4 h=4 tr_h=0 tr_v=0 sidx=1 lfnst=1) ===
#   [RST t=26688725000] rst_n=0
#   [RST t=26688925000] rst_n=1
#   PASS (16 outputs)
# 
# === [WRAPPER] 0003:4x4_DCT2xDCT2_lfnst1_s2 (w=4 h=4 tr_h=0 tr_v=0 sidx=2 lfnst=1) ===
#   [RST t=26697805000] rst_n=0
#   [RST t=26698005000] rst_n=1
#   PASS (16 outputs)
# 
# === [WRAPPER] 0004:4x4_DCT2xDCT2_lfnst1_s3 (w=4 h=4 tr_h=0 tr_v=0 sidx=3 lfnst=1) ===
#   [RST t=26706885000] rst_n=0
#   [RST t=26707085000] rst_n=1
#   PASS (16 outputs)
# 
# === [WRAPPER] 0005:4x4_DCT2xDCT2_lfnst2_s0 (w=4 h=4 tr_h=0 tr_v=0 sidx=0 lfnst=2) ===
#   [RST t=26715965000] rst_n=0
#   [RST t=26716165000] rst_n=1
#   PASS (16 outputs)
# 
# === [WRAPPER] 0006:4x4_DCT2xDCT2_lfnst2_s1 (w=4 h=4 tr_h=0 tr_v=0 sidx=1 lfnst=2) ===
#   [RST t=26725045000] rst_n=0
#   [RST t=26725245000] rst_n=1
#   PASS (16 outputs)
# 
# === [WRAPPER] 0007:4x4_DCT2xDCT2_lfnst2_s2 (w=4 h=4 tr_h=0 tr_v=0 sidx=2 lfnst=2) ===
#   [RST t=26734125000] rst_n=0
#   [RST t=26734325000] rst_n=1
#   PASS (16 outputs)
# 
# === [WRAPPER] 0008:4x4_DCT2xDCT2_lfnst2_s3 (w=4 h=4 tr_h=0 tr_v=0 sidx=3 lfnst=2) ===
#   [RST t=26743205000] rst_n=0
#   [RST t=26743405000] rst_n=1
#   PASS (16 outputs)
# 
# === [WRAPPER] 0009:4x8_DCT2xDCT2_lfnst0_s0 (w=4 h=8 tr_h=0 tr_v=0 sidx=0 lfnst=0) ===
#   [RST t=26752285000] rst_n=0
#   [RST t=26752485000] rst_n=1
#   PASS (32 outputs)
# 
# === [WRAPPER] 0010:4x8_DCT2xDCT2_lfnst1_s0 (w=4 h=8 tr_h=0 tr_v=0 sidx=0 lfnst=1) ===
#   [RST t=26760425000] rst_n=0
#   [RST t=26760625000] rst_n=1
#   PASS (32 outputs)
# 
# === [WRAPPER] 0011:4x8_DCT2xDCT2_lfnst1_s1 (w=4 h=8 tr_h=0 tr_v=0 sidx=1 lfnst=1) ===
#   [RST t=26775155000] rst_n=0
#   [RST t=26775355000] rst_n=1
#   PASS (32 outputs)
# 
# === [WRAPPER] 0012:4x8_DCT2xDCT2_lfnst1_s2 (w=4 h=8 tr_h=0 tr_v=0 sidx=2 lfnst=1) ===
#   [RST t=26789885000] rst_n=0
#   [RST t=26790085000] rst_n=1
#   PASS (32 outputs)
# 
# === [WRAPPER] 0013:4x8_DCT2xDCT2_lfnst1_s3 (w=4 h=8 tr_h=0 tr_v=0 sidx=3 lfnst=1) ===
#   [RST t=26804615000] rst_n=0
#   [RST t=26804815000] rst_n=1
#   PASS (32 outputs)
# 
# === [WRAPPER] 0014:4x8_DCT2xDCT2_lfnst2_s0 (w=4 h=8 tr_h=0 tr_v=0 sidx=0 lfnst=2) ===
#   [RST t=26819345000] rst_n=0
#   [RST t=26819545000] rst_n=1
#   PASS (32 outputs)
# 
# === [WRAPPER] 0015:4x8_DCT2xDCT2_lfnst2_s1 (w=4 h=8 tr_h=0 tr_v=0 sidx=1 lfnst=2) ===
#   [RST t=26834075000] rst_n=0
#   [RST t=26834275000] rst_n=1
#   PASS (32 outputs)
# 
# === [WRAPPER] 0016:4x8_DCT2xDCT2_lfnst2_s2 (w=4 h=8 tr_h=0 tr_v=0 sidx=2 lfnst=2) ===
#   [RST t=26848805000] rst_n=0
#   [RST t=26849005000] rst_n=1
#   PASS (32 outputs)
# 
# === [WRAPPER] 0017:4x8_DCT2xDCT2_lfnst2_s3 (w=4 h=8 tr_h=0 tr_v=0 sidx=3 lfnst=2) ===
#   [RST t=26863535000] rst_n=0
#   [RST t=26863735000] rst_n=1
#   PASS (32 outputs)
# 
# === [WRAPPER] 0018:4x16_DCT2xDCT2_lfnst0_s0 (w=4 h=16 tr_h=0 tr_v=0 sidx=0 lfnst=0) ===
#   [RST t=26878265000] rst_n=0
#   [RST t=26878465000] rst_n=1
#   PASS (64 outputs)
# 
# === [WRAPPER] 0019:4x16_DCT2xDCT2_lfnst1_s0 (w=4 h=16 tr_h=0 tr_v=0 sidx=0 lfnst=1) ===
#   [RST t=26900025000] rst_n=0
#   [RST t=26900225000] rst_n=1
#   PASS (64 outputs)
# 
# === [WRAPPER] 0020:4x16_DCT2xDCT2_lfnst1_s1 (w=4 h=16 tr_h=0 tr_v=0 sidx=1 lfnst=1) ===
#   [RST t=26928355000] rst_n=0
#   [RST t=26928555000] rst_n=1
#   PASS (64 outputs)
# 
# === [WRAPPER] 0021:4x16_DCT2xDCT2_lfnst1_s2 (w=4 h=16 tr_h=0 tr_v=0 sidx=2 lfnst=1) ===
#   [RST t=26956685000] rst_n=0
#   [RST t=26956885000] rst_n=1
#   PASS (64 outputs)
# 
# === [WRAPPER] 0022:4x16_DCT2xDCT2_lfnst1_s3 (w=4 h=16 tr_h=0 tr_v=0 sidx=3 lfnst=1) ===
#   [RST t=26985015000] rst_n=0
#   [RST t=26985215000] rst_n=1
#   PASS (64 outputs)
# 
# === [WRAPPER] 0023:4x16_DCT2xDCT2_lfnst2_s0 (w=4 h=16 tr_h=0 tr_v=0 sidx=0 lfnst=2) ===
#   [RST t=27013345000] rst_n=0
#   [RST t=27013545000] rst_n=1
#   PASS (64 outputs)
# 
# === [WRAPPER] 0024:4x16_DCT2xDCT2_lfnst2_s1 (w=4 h=16 tr_h=0 tr_v=0 sidx=1 lfnst=2) ===
#   [RST t=27041675000] rst_n=0
#   [RST t=27041875000] rst_n=1
#   PASS (64 outputs)
# 
# === [WRAPPER] 0025:4x16_DCT2xDCT2_lfnst2_s2 (w=4 h=16 tr_h=0 tr_v=0 sidx=2 lfnst=2) ===
#   [RST t=27070005000] rst_n=0
#   [RST t=27070205000] rst_n=1
#   PASS (64 outputs)
# 
# === [WRAPPER] 0026:4x16_DCT2xDCT2_lfnst2_s3 (w=4 h=16 tr_h=0 tr_v=0 sidx=3 lfnst=2) ===
#   [RST t=27098335000] rst_n=0
#   [RST t=27098535000] rst_n=1
#   PASS (64 outputs)
# 
# === [WRAPPER] 0027:4x32_DCT2xDCT2_lfnst0_s0 (w=4 h=32 tr_h=0 tr_v=0 sidx=0 lfnst=0) ===
#   [RST t=27126665000] rst_n=0
#   [RST t=27126865000] rst_n=1
#   PASS (128 outputs)
# 
# === [WRAPPER] 0028:4x32_DCT2xDCT2_lfnst1_s0 (w=4 h=32 tr_h=0 tr_v=0 sidx=0 lfnst=1) ===
#   [RST t=27194855000] rst_n=0
#   [RST t=27195055000] rst_n=1
#   PASS (128 outputs)
# 
# === [WRAPPER] 0029:4x32_DCT2xDCT2_lfnst1_s1 (w=4 h=32 tr_h=0 tr_v=0 sidx=1 lfnst=1) ===
#   [RST t=27269585000] rst_n=0
#   [RST t=27269785000] rst_n=1
#   PASS (128 outputs)
# 
# === [WRAPPER] 0030:4x32_DCT2xDCT2_lfnst1_s2 (w=4 h=32 tr_h=0 tr_v=0 sidx=2 lfnst=1) ===
#   [RST t=27344315000] rst_n=0
#   [RST t=27344515000] rst_n=1
#   PASS (128 outputs)
# 
# === [WRAPPER] 0031:4x32_DCT2xDCT2_lfnst1_s3 (w=4 h=32 tr_h=0 tr_v=0 sidx=3 lfnst=1) ===
#   [RST t=27419045000] rst_n=0
#   [RST t=27419245000] rst_n=1
#   PASS (128 outputs)
# 
# === [WRAPPER] 0032:4x32_DCT2xDCT2_lfnst2_s0 (w=4 h=32 tr_h=0 tr_v=0 sidx=0 lfnst=2) ===
#   [RST t=27493775000] rst_n=0
#   [RST t=27493975000] rst_n=1
#   PASS (128 outputs)
# 
# === [WRAPPER] 0033:4x32_DCT2xDCT2_lfnst2_s1 (w=4 h=32 tr_h=0 tr_v=0 sidx=1 lfnst=2) ===
#   [RST t=27568505000] rst_n=0
#   [RST t=27568705000] rst_n=1
#   PASS (128 outputs)
# 
# === [WRAPPER] 0034:4x32_DCT2xDCT2_lfnst2_s2 (w=4 h=32 tr_h=0 tr_v=0 sidx=2 lfnst=2) ===
#   [RST t=27643235000] rst_n=0
#   [RST t=27643435000] rst_n=1
#   PASS (128 outputs)
# 
# === [WRAPPER] 0035:4x32_DCT2xDCT2_lfnst2_s3 (w=4 h=32 tr_h=0 tr_v=0 sidx=3 lfnst=2) ===
#   [RST t=27717965000] rst_n=0
#   [RST t=27718165000] rst_n=1
#   PASS (128 outputs)
# 
# === [WRAPPER] 0036:4x64_DCT2xDCT2_lfnst0_s0 (w=4 h=64 tr_h=0 tr_v=0 sidx=0 lfnst=0) ===
#   [RST t=27792695000] rst_n=0
#   [RST t=27792895000] rst_n=1
#   PASS (256 outputs)
# 
# === [WRAPPER] 0037:4x64_DCT2xDCT2_lfnst1_s0 (w=4 h=64 tr_h=0 tr_v=0 sidx=0 lfnst=1) ===
#   [RST t=28030525000] rst_n=0
#   [RST t=28030725000] rst_n=1
#   PASS (256 outputs)
# 
# === [WRAPPER] 0038:4x64_DCT2xDCT2_lfnst1_s1 (w=4 h=64 tr_h=0 tr_v=0 sidx=1 lfnst=1) ===
#   [RST t=28274855000] rst_n=0
#   [RST t=28275055000] rst_n=1
#   PASS (256 outputs)
# 
# === [WRAPPER] 0039:4x64_DCT2xDCT2_lfnst1_s2 (w=4 h=64 tr_h=0 tr_v=0 sidx=2 lfnst=1) ===
#   [RST t=28519185000] rst_n=0
#   [RST t=28519385000] rst_n=1
#   PASS (256 outputs)
# 
# === [WRAPPER] 0040:4x64_DCT2xDCT2_lfnst1_s3 (w=4 h=64 tr_h=0 tr_v=0 sidx=3 lfnst=1) ===
#   [RST t=28763515000] rst_n=0
#   [RST t=28763715000] rst_n=1
#   PASS (256 outputs)
# 
# === [WRAPPER] 0041:4x64_DCT2xDCT2_lfnst2_s0 (w=4 h=64 tr_h=0 tr_v=0 sidx=0 lfnst=2) ===
#   [RST t=29007845000] rst_n=0
#   [RST t=29008045000] rst_n=1
#   PASS (256 outputs)
# 
# === [WRAPPER] 0042:4x64_DCT2xDCT2_lfnst2_s1 (w=4 h=64 tr_h=0 tr_v=0 sidx=1 lfnst=2) ===
#   [RST t=29252175000] rst_n=0
#   [RST t=29252375000] rst_n=1
#   PASS (256 outputs)
# 
# === [WRAPPER] 0043:4x64_DCT2xDCT2_lfnst2_s2 (w=4 h=64 tr_h=0 tr_v=0 sidx=2 lfnst=2) ===
#   [RST t=29496505000] rst_n=0
#   [RST t=29496705000] rst_n=1
#   PASS (256 outputs)
# 
# === [WRAPPER] 0044:4x64_DCT2xDCT2_lfnst2_s3 (w=4 h=64 tr_h=0 tr_v=0 sidx=3 lfnst=2) ===
#   [RST t=29740835000] rst_n=0
#   [RST t=29741035000] rst_n=1
#   PASS (256 outputs)
# 
# === [WRAPPER] 0045:8x4_DCT2xDCT2_lfnst0_s0 (w=8 h=4 tr_h=0 tr_v=0 sidx=0 lfnst=0) ===
#   [RST t=29985165000] rst_n=0
#   [RST t=29985365000] rst_n=1
#   PASS (32 outputs)
# 
# === [WRAPPER] 0046:8x4_DCT2xDCT2_lfnst1_s0 (w=8 h=4 tr_h=0 tr_v=0 sidx=0 lfnst=1) ===
#   [RST t=29993385000] rst_n=0
#   [RST t=29993585000] rst_n=1
#   PASS (32 outputs)
# 
# === [WRAPPER] 0047:8x4_DCT2xDCT2_lfnst1_s1 (w=8 h=4 tr_h=0 tr_v=0 sidx=1 lfnst=1) ===
#   [RST t=30008115000] rst_n=0
#   [RST t=30008315000] rst_n=1
#   PASS (32 outputs)
# 
# === [WRAPPER] 0048:8x4_DCT2xDCT2_lfnst1_s2 (w=8 h=4 tr_h=0 tr_v=0 sidx=2 lfnst=1) ===
#   [RST t=30022845000] rst_n=0
#   [RST t=30023045000] rst_n=1
#   PASS (32 outputs)
# 
# === [WRAPPER] 0049:8x4_DCT2xDCT2_lfnst1_s3 (w=8 h=4 tr_h=0 tr_v=0 sidx=3 lfnst=1) ===
#   [RST t=30037575000] rst_n=0
#   [RST t=30037775000] rst_n=1
#   PASS (32 outputs)
# 
# === [WRAPPER] 0050:8x4_DCT2xDCT2_lfnst2_s0 (w=8 h=4 tr_h=0 tr_v=0 sidx=0 lfnst=2) ===
#   [RST t=30052305000] rst_n=0
#   [RST t=30052505000] rst_n=1
#   PASS (32 outputs)
# 
# === [WRAPPER] 0051:8x4_DCT2xDCT2_lfnst2_s1 (w=8 h=4 tr_h=0 tr_v=0 sidx=1 lfnst=2) ===
#   [RST t=30067035000] rst_n=0
#   [RST t=30067235000] rst_n=1
#   PASS (32 outputs)
# 
# === [WRAPPER] 0052:8x4_DCT2xDCT2_lfnst2_s2 (w=8 h=4 tr_h=0 tr_v=0 sidx=2 lfnst=2) ===
#   [RST t=30081765000] rst_n=0
#   [RST t=30081965000] rst_n=1
#   PASS (32 outputs)
# 
# === [WRAPPER] 0053:8x4_DCT2xDCT2_lfnst2_s3 (w=8 h=4 tr_h=0 tr_v=0 sidx=3 lfnst=2) ===
#   [RST t=30096495000] rst_n=0
#   [RST t=30096695000] rst_n=1
#   PASS (32 outputs)
# 
# === [WRAPPER] 0054:16x4_DCT2xDCT2_lfnst0_s0 (w=16 h=4 tr_h=0 tr_v=0 sidx=0 lfnst=0) ===
#   [RST t=30111225000] rst_n=0
#   [RST t=30111425000] rst_n=1
#   PASS (64 outputs)
# 
# === [WRAPPER] 0055:16x4_DCT2xDCT2_lfnst1_s0 (w=16 h=4 tr_h=0 tr_v=0 sidx=0 lfnst=1) ===
#   [RST t=30132985000] rst_n=0
#   [RST t=30133185000] rst_n=1
#   PASS (64 outputs)
# 
# === [WRAPPER] 0056:16x4_DCT2xDCT2_lfnst1_s1 (w=16 h=4 tr_h=0 tr_v=0 sidx=1 lfnst=1) ===
#   [RST t=30161315000] rst_n=0
#   [RST t=30161515000] rst_n=1
#   PASS (64 outputs)
# 
# === [WRAPPER] 0057:16x4_DCT2xDCT2_lfnst1_s2 (w=16 h=4 tr_h=0 tr_v=0 sidx=2 lfnst=1) ===
#   [RST t=30189645000] rst_n=0
#   [RST t=30189845000] rst_n=1
#   PASS (64 outputs)
# 
# === [WRAPPER] 0058:16x4_DCT2xDCT2_lfnst1_s3 (w=16 h=4 tr_h=0 tr_v=0 sidx=3 lfnst=1) ===
#   [RST t=30217975000] rst_n=0
#   [RST t=30218175000] rst_n=1
#   PASS (64 outputs)
# 
# === [WRAPPER] 0059:16x4_DCT2xDCT2_lfnst2_s0 (w=16 h=4 tr_h=0 tr_v=0 sidx=0 lfnst=2) ===
#   [RST t=30246305000] rst_n=0
#   [RST t=30246505000] rst_n=1
#   PASS (64 outputs)
# 
# === [WRAPPER] 0060:16x4_DCT2xDCT2_lfnst2_s1 (w=16 h=4 tr_h=0 tr_v=0 sidx=1 lfnst=2) ===
#   [RST t=30274635000] rst_n=0
#   [RST t=30274835000] rst_n=1
#   PASS (64 outputs)
# 
# === [WRAPPER] 0061:16x4_DCT2xDCT2_lfnst2_s2 (w=16 h=4 tr_h=0 tr_v=0 sidx=2 lfnst=2) ===
#   [RST t=30302965000] rst_n=0
#   [RST t=30303165000] rst_n=1
#   PASS (64 outputs)
# 
# === [WRAPPER] 0062:16x4_DCT2xDCT2_lfnst2_s3 (w=16 h=4 tr_h=0 tr_v=0 sidx=3 lfnst=2) ===
#   [RST t=30331295000] rst_n=0
#   [RST t=30331495000] rst_n=1
#   PASS (64 outputs)
# 
# === [WRAPPER] 0063:32x4_DCT2xDCT2_lfnst0_s0 (w=32 h=4 tr_h=0 tr_v=0 sidx=0 lfnst=0) ===
#   [RST t=30359625000] rst_n=0
#   [RST t=30359825000] rst_n=1
#   PASS (128 outputs)
# 
# === [WRAPPER] 0064:32x4_DCT2xDCT2_lfnst1_s0 (w=32 h=4 tr_h=0 tr_v=0 sidx=0 lfnst=1) ===
#   [RST t=30427855000] rst_n=0
#   [RST t=30428055000] rst_n=1
#   PASS (128 outputs)
# 
# === [WRAPPER] 0065:32x4_DCT2xDCT2_lfnst1_s1 (w=32 h=4 tr_h=0 tr_v=0 sidx=1 lfnst=1) ===
#   [RST t=30502585000] rst_n=0
#   [RST t=30502785000] rst_n=1
#   PASS (128 outputs)
# 
# === [WRAPPER] 0066:32x4_DCT2xDCT2_lfnst1_s2 (w=32 h=4 tr_h=0 tr_v=0 sidx=2 lfnst=1) ===
#   [RST t=30577315000] rst_n=0
#   [RST t=30577515000] rst_n=1
#   PASS (128 outputs)
# 
# === [WRAPPER] 0067:32x4_DCT2xDCT2_lfnst1_s3 (w=32 h=4 tr_h=0 tr_v=0 sidx=3 lfnst=1) ===
#   [RST t=30652045000] rst_n=0
#   [RST t=30652245000] rst_n=1
#   PASS (128 outputs)
# 
# === [WRAPPER] 0068:32x4_DCT2xDCT2_lfnst2_s0 (w=32 h=4 tr_h=0 tr_v=0 sidx=0 lfnst=2) ===
#   [RST t=30726775000] rst_n=0
#   [RST t=30726975000] rst_n=1
#   PASS (128 outputs)
# 
# === [WRAPPER] 0069:32x4_DCT2xDCT2_lfnst2_s1 (w=32 h=4 tr_h=0 tr_v=0 sidx=1 lfnst=2) ===
#   [RST t=30801505000] rst_n=0
#   [RST t=30801705000] rst_n=1
#   PASS (128 outputs)
# 
# === [WRAPPER] 0070:32x4_DCT2xDCT2_lfnst2_s2 (w=32 h=4 tr_h=0 tr_v=0 sidx=2 lfnst=2) ===
#   [RST t=30876235000] rst_n=0
#   [RST t=30876435000] rst_n=1
#   PASS (128 outputs)
# 
# === [WRAPPER] 0071:32x4_DCT2xDCT2_lfnst2_s3 (w=32 h=4 tr_h=0 tr_v=0 sidx=3 lfnst=2) ===
#   [RST t=30950965000] rst_n=0
#   [RST t=30951165000] rst_n=1
#   PASS (128 outputs)
# 
# === [WRAPPER] 0072:64x4_DCT2xDCT2_lfnst0_s0 (w=64 h=4 tr_h=0 tr_v=0 sidx=0 lfnst=0) ===
#   [RST t=31025695000] rst_n=0
#   [RST t=31025895000] rst_n=1
#   PASS (256 outputs)
# 
# === [WRAPPER] 0073:64x4_DCT2xDCT2_lfnst1_s0 (w=64 h=4 tr_h=0 tr_v=0 sidx=0 lfnst=1) ===
#   [RST t=31263495000] rst_n=0
#   [RST t=31263695000] rst_n=1
#   PASS (256 outputs)
# 
# === [WRAPPER] 0074:64x4_DCT2xDCT2_lfnst1_s1 (w=64 h=4 tr_h=0 tr_v=0 sidx=1 lfnst=1) ===
#   [RST t=31507825000] rst_n=0
#   [RST t=31508025000] rst_n=1
#   PASS (256 outputs)
# 
# === [WRAPPER] 0075:64x4_DCT2xDCT2_lfnst1_s2 (w=64 h=4 tr_h=0 tr_v=0 sidx=2 lfnst=1) ===
#   [RST t=31752155000] rst_n=0
#   [RST t=31752355000] rst_n=1
#   PASS (256 outputs)
# 
# === [WRAPPER] 0076:64x4_DCT2xDCT2_lfnst1_s3 (w=64 h=4 tr_h=0 tr_v=0 sidx=3 lfnst=1) ===
#   [RST t=31996485000] rst_n=0
#   [RST t=31996685000] rst_n=1
#   PASS (256 outputs)
# 
# === [WRAPPER] 0077:64x4_DCT2xDCT2_lfnst2_s0 (w=64 h=4 tr_h=0 tr_v=0 sidx=0 lfnst=2) ===
#   [RST t=32240815000] rst_n=0
#   [RST t=32241015000] rst_n=1
#   PASS (256 outputs)
# 
# === [WRAPPER] 0078:64x4_DCT2xDCT2_lfnst2_s1 (w=64 h=4 tr_h=0 tr_v=0 sidx=1 lfnst=2) ===
#   [RST t=32485145000] rst_n=0
#   [RST t=32485345000] rst_n=1
#   PASS (256 outputs)
# 
# === [WRAPPER] 0079:64x4_DCT2xDCT2_lfnst2_s2 (w=64 h=4 tr_h=0 tr_v=0 sidx=2 lfnst=2) ===
#   [RST t=32729475000] rst_n=0
#   [RST t=32729675000] rst_n=1
#   PASS (256 outputs)
# 
# === [WRAPPER] 0080:64x4_DCT2xDCT2_lfnst2_s3 (w=64 h=4 tr_h=0 tr_v=0 sidx=3 lfnst=2) ===
#   [RST t=32973805000] rst_n=0
#   [RST t=32974005000] rst_n=1
#   PASS (256 outputs)
# 
# === [WRAPPER] 0081:8x8_DCT2xDCT2_lfnst0_s0 (w=8 h=8 tr_h=0 tr_v=0 sidx=0 lfnst=0) ===
#   [RST t=33218135000] rst_n=0
#   [RST t=33218335000] rst_n=1
#   PASS (64 outputs)
# 
# === [WRAPPER] 0082:8x8_DCT2xDCT2_lfnst1_s0 (w=8 h=8 tr_h=0 tr_v=0 sidx=0 lfnst=1) ===
#   [RST t=33236655000] rst_n=0
#   [RST t=33236855000] rst_n=1
#   PASS (64 outputs)
# 
# === [WRAPPER] 0083:8x8_DCT2xDCT2_lfnst1_s1 (w=8 h=8 tr_h=0 tr_v=0 sidx=1 lfnst=1) ===
#   [RST t=33270305000] rst_n=0
#   [RST t=33270505000] rst_n=1
#   PASS (64 outputs)
# 
# === [WRAPPER] 0084:8x8_DCT2xDCT2_lfnst1_s2 (w=8 h=8 tr_h=0 tr_v=0 sidx=2 lfnst=1) ===
#   [RST t=33303955000] rst_n=0
#   [RST t=33304155000] rst_n=1
#   PASS (64 outputs)
# 
# === [WRAPPER] 0085:8x8_DCT2xDCT2_lfnst1_s3 (w=8 h=8 tr_h=0 tr_v=0 sidx=3 lfnst=1) ===
#   [RST t=33337605000] rst_n=0
#   [RST t=33337805000] rst_n=1
#   PASS (64 outputs)
# 
# === [WRAPPER] 0086:8x8_DCT2xDCT2_lfnst2_s0 (w=8 h=8 tr_h=0 tr_v=0 sidx=0 lfnst=2) ===
#   [RST t=33371255000] rst_n=0
#   [RST t=33371455000] rst_n=1
#   PASS (64 outputs)
# 
# === [WRAPPER] 0087:8x8_DCT2xDCT2_lfnst2_s1 (w=8 h=8 tr_h=0 tr_v=0 sidx=1 lfnst=2) ===
#   [RST t=33404905000] rst_n=0
#   [RST t=33405105000] rst_n=1
#   PASS (64 outputs)
# 
# === [WRAPPER] 0088:8x8_DCT2xDCT2_lfnst2_s2 (w=8 h=8 tr_h=0 tr_v=0 sidx=2 lfnst=2) ===
#   [RST t=33438555000] rst_n=0
#   [RST t=33438755000] rst_n=1
#   PASS (64 outputs)
# 
# === [WRAPPER] 0089:8x8_DCT2xDCT2_lfnst2_s3 (w=8 h=8 tr_h=0 tr_v=0 sidx=3 lfnst=2) ===
#   [RST t=33472205000] rst_n=0
#   [RST t=33472405000] rst_n=1
#   PASS (64 outputs)
# 
# === [WRAPPER] 0090:8x16_DCT2xDCT2_lfnst0_s0 (w=8 h=16 tr_h=0 tr_v=0 sidx=0 lfnst=0) ===
#   [RST t=33505855000] rst_n=0
#   [RST t=33506055000] rst_n=1
#   PASS (128 outputs)
# 
# === [WRAPPER] 0091:8x16_DCT2xDCT2_lfnst1_s0 (w=8 h=16 tr_h=0 tr_v=0 sidx=0 lfnst=1) ===
#   [RST t=33554545000] rst_n=0
#   [RST t=33554745000] rst_n=1
#   PASS (128 outputs)
# 
# === [WRAPPER] 0092:8x16_DCT2xDCT2_lfnst1_s1 (w=8 h=16 tr_h=0 tr_v=0 sidx=1 lfnst=1) ===
#   [RST t=33622195000] rst_n=0
#   [RST t=33622395000] rst_n=1
#   PASS (128 outputs)
# 
# === [WRAPPER] 0093:8x16_DCT2xDCT2_lfnst1_s2 (w=8 h=16 tr_h=0 tr_v=0 sidx=2 lfnst=1) ===
#   [RST t=33689845000] rst_n=0
#   [RST t=33690045000] rst_n=1
#   PASS (128 outputs)
# 
# === [WRAPPER] 0094:8x16_DCT2xDCT2_lfnst1_s3 (w=8 h=16 tr_h=0 tr_v=0 sidx=3 lfnst=1) ===
#   [RST t=33757495000] rst_n=0
#   [RST t=33757695000] rst_n=1
#   PASS (128 outputs)
# 
# === [WRAPPER] 0095:8x16_DCT2xDCT2_lfnst2_s0 (w=8 h=16 tr_h=0 tr_v=0 sidx=0 lfnst=2) ===
#   [RST t=33825145000] rst_n=0
#   [RST t=33825345000] rst_n=1
#   PASS (128 outputs)
# 
# === [WRAPPER] 0096:8x16_DCT2xDCT2_lfnst2_s1 (w=8 h=16 tr_h=0 tr_v=0 sidx=1 lfnst=2) ===
#   [RST t=33892795000] rst_n=0
#   [RST t=33892995000] rst_n=1
#   PASS (128 outputs)
# 
# === [WRAPPER] 0097:8x16_DCT2xDCT2_lfnst2_s2 (w=8 h=16 tr_h=0 tr_v=0 sidx=2 lfnst=2) ===
#   [RST t=33960445000] rst_n=0
#   [RST t=33960645000] rst_n=1
#   PASS (128 outputs)
# 
# === [WRAPPER] 0098:8x16_DCT2xDCT2_lfnst2_s3 (w=8 h=16 tr_h=0 tr_v=0 sidx=3 lfnst=2) ===
#   [RST t=34028095000] rst_n=0
#   [RST t=34028295000] rst_n=1
#   PASS (128 outputs)
# 
# === [WRAPPER] 0099:8x32_DCT2xDCT2_lfnst0_s0 (w=8 h=32 tr_h=0 tr_v=0 sidx=0 lfnst=0) ===
#   [RST t=34095745000] rst_n=0
#   [RST t=34095945000] rst_n=1
#   PASS (256 outputs)
# 
# === [WRAPPER] 0100:8x32_DCT2xDCT2_lfnst1_s0 (w=8 h=32 tr_h=0 tr_v=0 sidx=0 lfnst=1) ===
#   [RST t=34243115000] rst_n=0
#   [RST t=34243315000] rst_n=1
#   PASS (256 outputs)
# 
# === [WRAPPER] 0101:8x32_DCT2xDCT2_lfnst1_s1 (w=8 h=32 tr_h=0 tr_v=0 sidx=1 lfnst=1) ===
#   [RST t=34409485000] rst_n=0
#   [RST t=34409685000] rst_n=1
#   PASS (256 outputs)
# 
# === [WRAPPER] 0102:8x32_DCT2xDCT2_lfnst1_s2 (w=8 h=32 tr_h=0 tr_v=0 sidx=2 lfnst=1) ===
#   [RST t=34575855000] rst_n=0
#   [RST t=34576055000] rst_n=1
#   PASS (256 outputs)
# 
# === [WRAPPER] 0103:8x32_DCT2xDCT2_lfnst1_s3 (w=8 h=32 tr_h=0 tr_v=0 sidx=3 lfnst=1) ===
#   [RST t=34742225000] rst_n=0
#   [RST t=34742425000] rst_n=1
#   PASS (256 outputs)
# 
# === [WRAPPER] 0104:8x32_DCT2xDCT2_lfnst2_s0 (w=8 h=32 tr_h=0 tr_v=0 sidx=0 lfnst=2) ===
#   [RST t=34908595000] rst_n=0
#   [RST t=34908795000] rst_n=1
#   PASS (256 outputs)
# 
# === [WRAPPER] 0105:8x32_DCT2xDCT2_lfnst2_s1 (w=8 h=32 tr_h=0 tr_v=0 sidx=1 lfnst=2) ===
#   [RST t=35074965000] rst_n=0
#   [RST t=35075165000] rst_n=1
#   PASS (256 outputs)
# 
# === [WRAPPER] 0106:8x32_DCT2xDCT2_lfnst2_s2 (w=8 h=32 tr_h=0 tr_v=0 sidx=2 lfnst=2) ===
#   [RST t=35241335000] rst_n=0
#   [RST t=35241535000] rst_n=1
#   PASS (256 outputs)
# 
# === [WRAPPER] 0107:8x32_DCT2xDCT2_lfnst2_s3 (w=8 h=32 tr_h=0 tr_v=0 sidx=3 lfnst=2) ===
#   [RST t=35407705000] rst_n=0
#   [RST t=35407905000] rst_n=1
#   PASS (256 outputs)
# 
# === [WRAPPER] 0108:8x64_DCT2xDCT2_lfnst0_s0 (w=8 h=64 tr_h=0 tr_v=0 sidx=0 lfnst=0) ===
#   [RST t=35574075000] rst_n=0
#   [RST t=35574275000] rst_n=1
#   PASS (512 outputs)
# 
# === [WRAPPER] 0109:8x64_DCT2xDCT2_lfnst1_s0 (w=8 h=64 tr_h=0 tr_v=0 sidx=0 lfnst=1) ===
#   [RST t=36072435000] rst_n=0
#   [RST t=36072635000] rst_n=1
#   PASS (512 outputs)
# 
# === [WRAPPER] 0110:8x64_DCT2xDCT2_lfnst1_s1 (w=8 h=64 tr_h=0 tr_v=0 sidx=1 lfnst=1) ===
#   [RST t=36589845000] rst_n=0
#   [RST t=36590045000] rst_n=1
#   PASS (512 outputs)
# 
# === [WRAPPER] 0111:8x64_DCT2xDCT2_lfnst1_s2 (w=8 h=64 tr_h=0 tr_v=0 sidx=2 lfnst=1) ===
#   [RST t=37107255000] rst_n=0
#   [RST t=37107455000] rst_n=1
#   PASS (512 outputs)
# 
# === [WRAPPER] 0112:8x64_DCT2xDCT2_lfnst1_s3 (w=8 h=64 tr_h=0 tr_v=0 sidx=3 lfnst=1) ===
#   [RST t=37624665000] rst_n=0
#   [RST t=37624865000] rst_n=1
#   PASS (512 outputs)
# 
# === [WRAPPER] 0113:8x64_DCT2xDCT2_lfnst2_s0 (w=8 h=64 tr_h=0 tr_v=0 sidx=0 lfnst=2) ===
#   [RST t=38142075000] rst_n=0
#   [RST t=38142275000] rst_n=1
#   PASS (512 outputs)
# 
# === [WRAPPER] 0114:8x64_DCT2xDCT2_lfnst2_s1 (w=8 h=64 tr_h=0 tr_v=0 sidx=1 lfnst=2) ===
#   [RST t=38659485000] rst_n=0
#   [RST t=38659685000] rst_n=1
#   PASS (512 outputs)
# 
# === [WRAPPER] 0115:8x64_DCT2xDCT2_lfnst2_s2 (w=8 h=64 tr_h=0 tr_v=0 sidx=2 lfnst=2) ===
#   [RST t=39176895000] rst_n=0
#   [RST t=39177095000] rst_n=1
#   PASS (512 outputs)
# 
# === [WRAPPER] 0116:8x64_DCT2xDCT2_lfnst2_s3 (w=8 h=64 tr_h=0 tr_v=0 sidx=3 lfnst=2) ===
#   [RST t=39694305000] rst_n=0
#   [RST t=39694505000] rst_n=1
#   PASS (512 outputs)
# 
# === [WRAPPER] 0117:16x8_DCT2xDCT2_lfnst0_s0 (w=16 h=8 tr_h=0 tr_v=0 sidx=0 lfnst=0) ===
#   [RST t=40211715000] rst_n=0
#   [RST t=40211915000] rst_n=1
#   PASS (128 outputs)
# 
# === [WRAPPER] 0118:16x8_DCT2xDCT2_lfnst1_s0 (w=16 h=8 tr_h=0 tr_v=0 sidx=0 lfnst=1) ===
#   [RST t=40260365000] rst_n=0
#   [RST t=40260565000] rst_n=1
#   PASS (128 outputs)
# 
# === [WRAPPER] 0119:16x8_DCT2xDCT2_lfnst1_s1 (w=16 h=8 tr_h=0 tr_v=0 sidx=1 lfnst=1) ===
#   [RST t=40328015000] rst_n=0
#   [RST t=40328215000] rst_n=1
#   PASS (128 outputs)
# 
# === [WRAPPER] 0120:16x8_DCT2xDCT2_lfnst1_s2 (w=16 h=8 tr_h=0 tr_v=0 sidx=2 lfnst=1) ===
#   [RST t=40395665000] rst_n=0
#   [RST t=40395865000] rst_n=1
#   PASS (128 outputs)
# 
# === [WRAPPER] 0121:16x8_DCT2xDCT2_lfnst1_s3 (w=16 h=8 tr_h=0 tr_v=0 sidx=3 lfnst=1) ===
#   [RST t=40463315000] rst_n=0
#   [RST t=40463515000] rst_n=1
#   PASS (128 outputs)
# 
# === [WRAPPER] 0122:16x8_DCT2xDCT2_lfnst2_s0 (w=16 h=8 tr_h=0 tr_v=0 sidx=0 lfnst=2) ===
#   [RST t=40530965000] rst_n=0
#   [RST t=40531165000] rst_n=1
#   PASS (128 outputs)
# 
# === [WRAPPER] 0123:16x8_DCT2xDCT2_lfnst2_s1 (w=16 h=8 tr_h=0 tr_v=0 sidx=1 lfnst=2) ===
#   [RST t=40598615000] rst_n=0
#   [RST t=40598815000] rst_n=1
#   PASS (128 outputs)
# 
# === [WRAPPER] 0124:16x8_DCT2xDCT2_lfnst2_s2 (w=16 h=8 tr_h=0 tr_v=0 sidx=2 lfnst=2) ===
#   [RST t=40666265000] rst_n=0
#   [RST t=40666465000] rst_n=1
#   PASS (128 outputs)
# 
# === [WRAPPER] 0125:16x8_DCT2xDCT2_lfnst2_s3 (w=16 h=8 tr_h=0 tr_v=0 sidx=3 lfnst=2) ===
#   [RST t=40733915000] rst_n=0
#   [RST t=40734115000] rst_n=1
#   PASS (128 outputs)
# 
# === [WRAPPER] 0126:32x8_DCT2xDCT2_lfnst0_s0 (w=32 h=8 tr_h=0 tr_v=0 sidx=0 lfnst=0) ===
#   [RST t=40801565000] rst_n=0
#   [RST t=40801765000] rst_n=1
#   PASS (256 outputs)
# 
# === [WRAPPER] 0127:32x8_DCT2xDCT2_lfnst1_s0 (w=32 h=8 tr_h=0 tr_v=0 sidx=0 lfnst=1) ===
#   [RST t=40948935000] rst_n=0
#   [RST t=40949135000] rst_n=1
#   PASS (256 outputs)
# 
# === [WRAPPER] 0128:32x8_DCT2xDCT2_lfnst1_s1 (w=32 h=8 tr_h=0 tr_v=0 sidx=1 lfnst=1) ===
#   [RST t=41115305000] rst_n=0
#   [RST t=41115505000] rst_n=1
#   PASS (256 outputs)
# 
# === [WRAPPER] 0129:32x8_DCT2xDCT2_lfnst1_s2 (w=32 h=8 tr_h=0 tr_v=0 sidx=2 lfnst=1) ===
#   [RST t=41281675000] rst_n=0
#   [RST t=41281875000] rst_n=1
#   PASS (256 outputs)
# 
# === [WRAPPER] 0130:32x8_DCT2xDCT2_lfnst1_s3 (w=32 h=8 tr_h=0 tr_v=0 sidx=3 lfnst=1) ===
#   [RST t=41448045000] rst_n=0
#   [RST t=41448245000] rst_n=1
#   PASS (256 outputs)
# 
# === [WRAPPER] 0131:32x8_DCT2xDCT2_lfnst2_s0 (w=32 h=8 tr_h=0 tr_v=0 sidx=0 lfnst=2) ===
#   [RST t=41614415000] rst_n=0
#   [RST t=41614615000] rst_n=1
#   PASS (256 outputs)
# 
# === [WRAPPER] 0132:32x8_DCT2xDCT2_lfnst2_s1 (w=32 h=8 tr_h=0 tr_v=0 sidx=1 lfnst=2) ===
#   [RST t=41780785000] rst_n=0
#   [RST t=41780985000] rst_n=1
#   PASS (256 outputs)
# 
# === [WRAPPER] 0133:32x8_DCT2xDCT2_lfnst2_s2 (w=32 h=8 tr_h=0 tr_v=0 sidx=2 lfnst=2) ===
#   [RST t=41947155000] rst_n=0
#   [RST t=41947355000] rst_n=1
#   PASS (256 outputs)
# 
# === [WRAPPER] 0134:32x8_DCT2xDCT2_lfnst2_s3 (w=32 h=8 tr_h=0 tr_v=0 sidx=3 lfnst=2) ===
#   [RST t=42113525000] rst_n=0
#   [RST t=42113725000] rst_n=1
#   PASS (256 outputs)
# 
# === [WRAPPER] 0135:64x8_DCT2xDCT2_lfnst0_s0 (w=64 h=8 tr_h=0 tr_v=0 sidx=0 lfnst=0) ===
#   [RST t=42279895000] rst_n=0
#   [RST t=42280095000] rst_n=1
#   PASS (512 outputs)
# 
# === [WRAPPER] 0136:64x8_DCT2xDCT2_lfnst1_s0 (w=64 h=8 tr_h=0 tr_v=0 sidx=0 lfnst=1) ===
#   [RST t=42778255000] rst_n=0
#   [RST t=42778455000] rst_n=1
#   PASS (512 outputs)
# 
# === [WRAPPER] 0137:64x8_DCT2xDCT2_lfnst1_s1 (w=64 h=8 tr_h=0 tr_v=0 sidx=1 lfnst=1) ===
#   [RST t=43295665000] rst_n=0
#   [RST t=43295865000] rst_n=1
#   PASS (512 outputs)
# 
# === [WRAPPER] 0138:64x8_DCT2xDCT2_lfnst1_s2 (w=64 h=8 tr_h=0 tr_v=0 sidx=2 lfnst=1) ===
#   [RST t=43813075000] rst_n=0
#   [RST t=43813275000] rst_n=1
#   PASS (512 outputs)
# 
# === [WRAPPER] 0139:64x8_DCT2xDCT2_lfnst1_s3 (w=64 h=8 tr_h=0 tr_v=0 sidx=3 lfnst=1) ===
#   [RST t=44330485000] rst_n=0
#   [RST t=44330685000] rst_n=1
#   PASS (512 outputs)
# 
# === [WRAPPER] 0140:64x8_DCT2xDCT2_lfnst2_s0 (w=64 h=8 tr_h=0 tr_v=0 sidx=0 lfnst=2) ===
#   [RST t=44847895000] rst_n=0
#   [RST t=44848095000] rst_n=1
#   PASS (512 outputs)
# 
# === [WRAPPER] 0141:64x8_DCT2xDCT2_lfnst2_s1 (w=64 h=8 tr_h=0 tr_v=0 sidx=1 lfnst=2) ===
#   [RST t=45365305000] rst_n=0
#   [RST t=45365505000] rst_n=1
#   PASS (512 outputs)
# 
# === [WRAPPER] 0142:64x8_DCT2xDCT2_lfnst2_s2 (w=64 h=8 tr_h=0 tr_v=0 sidx=2 lfnst=2) ===
#   [RST t=45882715000] rst_n=0
#   [RST t=45882915000] rst_n=1
#   PASS (512 outputs)
# 
# === [WRAPPER] 0143:64x8_DCT2xDCT2_lfnst2_s3 (w=64 h=8 tr_h=0 tr_v=0 sidx=3 lfnst=2) ===
#   [RST t=46400125000] rst_n=0
#   [RST t=46400325000] rst_n=1
#   PASS (512 outputs)
# 
# === [WRAPPER] 0144:16x16_DCT2xDCT2_lfnst0_s0 (w=16 h=16 tr_h=0 tr_v=0 sidx=0 lfnst=0) ===
#   [RST t=46917535000] rst_n=0
#   [RST t=46917735000] rst_n=1
#   PASS (256 outputs)
# 
# === [WRAPPER] 0145:16x16_DCT2xDCT2_lfnst1_s0 (w=16 h=16 tr_h=0 tr_v=0 sidx=0 lfnst=1) ===
#   [RST t=47039005000] rst_n=0
#   [RST t=47039205000] rst_n=1
#   PASS (256 outputs)
# 
# === [WRAPPER] 0146:16x16_DCT2xDCT2_lfnst1_s1 (w=16 h=16 tr_h=0 tr_v=0 sidx=1 lfnst=1) ===
#   [RST t=47179535000] rst_n=0
#   [RST t=47179735000] rst_n=1
#   PASS (256 outputs)
# 
# === [WRAPPER] 0147:16x16_DCT2xDCT2_lfnst1_s2 (w=16 h=16 tr_h=0 tr_v=0 sidx=2 lfnst=1) ===
#   [RST t=47320065000] rst_n=0
#   [RST t=47320265000] rst_n=1
#   PASS (256 outputs)
# 
# === [WRAPPER] 0148:16x16_DCT2xDCT2_lfnst1_s3 (w=16 h=16 tr_h=0 tr_v=0 sidx=3 lfnst=1) ===
#   [RST t=47460595000] rst_n=0
#   [RST t=47460795000] rst_n=1
#   PASS (256 outputs)
# 
# === [WRAPPER] 0149:16x16_DCT2xDCT2_lfnst2_s0 (w=16 h=16 tr_h=0 tr_v=0 sidx=0 lfnst=2) ===
#   [RST t=47601125000] rst_n=0
#   [RST t=47601325000] rst_n=1
#   PASS (256 outputs)
# 
# === [WRAPPER] 0150:16x16_DCT2xDCT2_lfnst2_s1 (w=16 h=16 tr_h=0 tr_v=0 sidx=1 lfnst=2) ===
#   [RST t=47741655000] rst_n=0
#   [RST t=47741855000] rst_n=1
#   PASS (256 outputs)
# 
# === [WRAPPER] 0151:16x16_DCT2xDCT2_lfnst2_s2 (w=16 h=16 tr_h=0 tr_v=0 sidx=2 lfnst=2) ===
#   [RST t=47882185000] rst_n=0
#   [RST t=47882385000] rst_n=1
#   PASS (256 outputs)
# 
# === [WRAPPER] 0152:16x16_DCT2xDCT2_lfnst2_s3 (w=16 h=16 tr_h=0 tr_v=0 sidx=3 lfnst=2) ===
#   [RST t=48022715000] rst_n=0
#   [RST t=48022915000] rst_n=1
#   PASS (256 outputs)
# 
# === [WRAPPER] 0153:16x32_DCT2xDCT2_lfnst0_s0 (w=16 h=32 tr_h=0 tr_v=0 sidx=0 lfnst=0) ===
#   [RST t=48163245000] rst_n=0
#   [RST t=48163445000] rst_n=1
#   PASS (512 outputs)
# 
# === [WRAPPER] 0154:16x32_DCT2xDCT2_lfnst1_s0 (w=16 h=32 tr_h=0 tr_v=0 sidx=0 lfnst=1) ===
#   [RST t=48507245000] rst_n=0
#   [RST t=48507445000] rst_n=1
#   PASS (512 outputs)
# 
# === [WRAPPER] 0155:16x32_DCT2xDCT2_lfnst1_s1 (w=16 h=32 tr_h=0 tr_v=0 sidx=1 lfnst=1) ===
#   [RST t=48870335000] rst_n=0
#   [RST t=48870535000] rst_n=1
#   PASS (512 outputs)
# 
# === [WRAPPER] 0156:16x32_DCT2xDCT2_lfnst1_s2 (w=16 h=32 tr_h=0 tr_v=0 sidx=2 lfnst=1) ===
#   [RST t=49233425000] rst_n=0
#   [RST t=49233625000] rst_n=1
#   PASS (512 outputs)
# 
# === [WRAPPER] 0157:16x32_DCT2xDCT2_lfnst1_s3 (w=16 h=32 tr_h=0 tr_v=0 sidx=3 lfnst=1) ===
#   [RST t=49596515000] rst_n=0
#   [RST t=49596715000] rst_n=1
#   PASS (512 outputs)
# 
# === [WRAPPER] 0158:16x32_DCT2xDCT2_lfnst2_s0 (w=16 h=32 tr_h=0 tr_v=0 sidx=0 lfnst=2) ===
#   [RST t=49959605000] rst_n=0
#   [RST t=49959805000] rst_n=1
#   PASS (512 outputs)
# 
# === [WRAPPER] 0159:16x32_DCT2xDCT2_lfnst2_s1 (w=16 h=32 tr_h=0 tr_v=0 sidx=1 lfnst=2) ===
#   [RST t=50322695000] rst_n=0
#   [RST t=50322895000] rst_n=1
#   PASS (512 outputs)
# 
# === [WRAPPER] 0160:16x32_DCT2xDCT2_lfnst2_s2 (w=16 h=32 tr_h=0 tr_v=0 sidx=2 lfnst=2) ===
#   [RST t=50685785000] rst_n=0
#   [RST t=50685985000] rst_n=1
#   PASS (512 outputs)
# 
# === [WRAPPER] 0161:16x32_DCT2xDCT2_lfnst2_s3 (w=16 h=32 tr_h=0 tr_v=0 sidx=3 lfnst=2) ===
#   [RST t=51048875000] rst_n=0
#   [RST t=51049075000] rst_n=1
#   PASS (512 outputs)
# 
# === [WRAPPER] 0162:16x64_DCT2xDCT2_lfnst0_s0 (w=16 h=64 tr_h=0 tr_v=0 sidx=0 lfnst=0) ===
#   [RST t=51411965000] rst_n=0
#   [RST t=51412165000] rst_n=1
#   PASS (1024 outputs)
# 
# === [WRAPPER] 0163:16x64_DCT2xDCT2_lfnst1_s0 (w=16 h=64 tr_h=0 tr_v=0 sidx=0 lfnst=1) ===
#   [RST t=52508305000] rst_n=0
#   [RST t=52508505000] rst_n=1
#   PASS (1024 outputs)
# 
# === [WRAPPER] 0164:16x64_DCT2xDCT2_lfnst1_s1 (w=16 h=64 tr_h=0 tr_v=0 sidx=1 lfnst=1) ===
#   [RST t=53623715000] rst_n=0
#   [RST t=53623915000] rst_n=1
#   PASS (1024 outputs)
# 
# === [WRAPPER] 0165:16x64_DCT2xDCT2_lfnst1_s2 (w=16 h=64 tr_h=0 tr_v=0 sidx=2 lfnst=1) ===
#   [RST t=54739125000] rst_n=0
#   [RST t=54739325000] rst_n=1
#   PASS (1024 outputs)
# 
# === [WRAPPER] 0166:16x64_DCT2xDCT2_lfnst1_s3 (w=16 h=64 tr_h=0 tr_v=0 sidx=3 lfnst=1) ===
#   [RST t=55854535000] rst_n=0
#   [RST t=55854735000] rst_n=1
#   PASS (1024 outputs)
# 
# === [WRAPPER] 0167:16x64_DCT2xDCT2_lfnst2_s0 (w=16 h=64 tr_h=0 tr_v=0 sidx=0 lfnst=2) ===
#   [RST t=56969945000] rst_n=0
#   [RST t=56970145000] rst_n=1
#   PASS (1024 outputs)
# 
# === [WRAPPER] 0168:16x64_DCT2xDCT2_lfnst2_s1 (w=16 h=64 tr_h=0 tr_v=0 sidx=1 lfnst=2) ===
#   [RST t=58085355000] rst_n=0
#   [RST t=58085555000] rst_n=1
#   PASS (1024 outputs)
# 
# === [WRAPPER] 0169:16x64_DCT2xDCT2_lfnst2_s2 (w=16 h=64 tr_h=0 tr_v=0 sidx=2 lfnst=2) ===
#   [RST t=59200765000] rst_n=0
#   [RST t=59200965000] rst_n=1
#   PASS (1024 outputs)
# 
# === [WRAPPER] 0170:16x64_DCT2xDCT2_lfnst2_s3 (w=16 h=64 tr_h=0 tr_v=0 sidx=3 lfnst=2) ===
#   [RST t=60316175000] rst_n=0
#   [RST t=60316375000] rst_n=1
#   PASS (1024 outputs)
# 
# === [WRAPPER] 0171:32x16_DCT2xDCT2_lfnst0_s0 (w=32 h=16 tr_h=0 tr_v=0 sidx=0 lfnst=0) ===
#   [RST t=61431585000] rst_n=0
#   [RST t=61431785000] rst_n=1
#   PASS (512 outputs)
# 
# === [WRAPPER] 0172:32x16_DCT2xDCT2_lfnst1_s0 (w=32 h=16 tr_h=0 tr_v=0 sidx=0 lfnst=1) ===
#   [RST t=61775585000] rst_n=0
#   [RST t=61775785000] rst_n=1
#   PASS (512 outputs)
# 
# === [WRAPPER] 0173:32x16_DCT2xDCT2_lfnst1_s1 (w=32 h=16 tr_h=0 tr_v=0 sidx=1 lfnst=1) ===
#   [RST t=62138675000] rst_n=0
#   [RST t=62138875000] rst_n=1
#   PASS (512 outputs)
# 
# === [WRAPPER] 0174:32x16_DCT2xDCT2_lfnst1_s2 (w=32 h=16 tr_h=0 tr_v=0 sidx=2 lfnst=1) ===
#   [RST t=62501765000] rst_n=0
#   [RST t=62501965000] rst_n=1
#   PASS (512 outputs)
# 
# === [WRAPPER] 0175:32x16_DCT2xDCT2_lfnst1_s3 (w=32 h=16 tr_h=0 tr_v=0 sidx=3 lfnst=1) ===
#   [RST t=62864855000] rst_n=0
#   [RST t=62865055000] rst_n=1
#   PASS (512 outputs)
# 
# === [WRAPPER] 0176:32x16_DCT2xDCT2_lfnst2_s0 (w=32 h=16 tr_h=0 tr_v=0 sidx=0 lfnst=2) ===
#   [RST t=63227945000] rst_n=0
#   [RST t=63228145000] rst_n=1
#   PASS (512 outputs)
# 
# === [WRAPPER] 0177:32x16_DCT2xDCT2_lfnst2_s1 (w=32 h=16 tr_h=0 tr_v=0 sidx=1 lfnst=2) ===
#   [RST t=63591035000] rst_n=0
#   [RST t=63591235000] rst_n=1
#   PASS (512 outputs)
# 
# === [WRAPPER] 0178:32x16_DCT2xDCT2_lfnst2_s2 (w=32 h=16 tr_h=0 tr_v=0 sidx=2 lfnst=2) ===
#   [RST t=63954125000] rst_n=0
#   [RST t=63954325000] rst_n=1
#   PASS (512 outputs)
# 
# === [WRAPPER] 0179:32x16_DCT2xDCT2_lfnst2_s3 (w=32 h=16 tr_h=0 tr_v=0 sidx=3 lfnst=2) ===
#   [RST t=64317215000] rst_n=0
#   [RST t=64317415000] rst_n=1
#   PASS (512 outputs)
# 
# === [WRAPPER] 0180:32x32_DCT2xDCT2_lfnst0_s0 (w=32 h=32 tr_h=0 tr_v=0 sidx=0 lfnst=0) ===
#   [RST t=64680305000] rst_n=0
#   [RST t=64680505000] rst_n=1
#   PASS (1024 outputs)
# 
# === [WRAPPER] 0181:32x32_DCT2xDCT2_lfnst1_s0 (w=32 h=32 tr_h=0 tr_v=0 sidx=0 lfnst=1) ===
#   [RST t=65571405000] rst_n=0
#   [RST t=65571605000] rst_n=1
#   PASS (1024 outputs)
# 
# === [WRAPPER] 0182:32x32_DCT2xDCT2_lfnst1_s1 (w=32 h=32 tr_h=0 tr_v=0 sidx=1 lfnst=1) ===
#   [RST t=66481535000] rst_n=0
#   [RST t=66481735000] rst_n=1
#   PASS (1024 outputs)
# 
# === [WRAPPER] 0183:32x32_DCT2xDCT2_lfnst1_s2 (w=32 h=32 tr_h=0 tr_v=0 sidx=2 lfnst=1) ===
#   [RST t=67391665000] rst_n=0
#   [RST t=67391865000] rst_n=1
#   PASS (1024 outputs)
# 
# === [WRAPPER] 0184:32x32_DCT2xDCT2_lfnst1_s3 (w=32 h=32 tr_h=0 tr_v=0 sidx=3 lfnst=1) ===
#   [RST t=68301795000] rst_n=0
#   [RST t=68301995000] rst_n=1
#   PASS (1024 outputs)
# 
# === [WRAPPER] 0185:32x32_DCT2xDCT2_lfnst2_s0 (w=32 h=32 tr_h=0 tr_v=0 sidx=0 lfnst=2) ===
#   [RST t=69211925000] rst_n=0
#   [RST t=69212125000] rst_n=1
#   PASS (1024 outputs)
# 
# === [WRAPPER] 0186:32x32_DCT2xDCT2_lfnst2_s1 (w=32 h=32 tr_h=0 tr_v=0 sidx=1 lfnst=2) ===
#   [RST t=70122055000] rst_n=0
#   [RST t=70122255000] rst_n=1
#   PASS (1024 outputs)
# 
# === [WRAPPER] 0187:32x32_DCT2xDCT2_lfnst2_s2 (w=32 h=32 tr_h=0 tr_v=0 sidx=2 lfnst=2) ===
#   [RST t=71032185000] rst_n=0
#   [RST t=71032385000] rst_n=1
#   PASS (1024 outputs)
# 
# === [WRAPPER] 0188:32x32_DCT2xDCT2_lfnst2_s3 (w=32 h=32 tr_h=0 tr_v=0 sidx=3 lfnst=2) ===
#   [RST t=71942315000] rst_n=0
#   [RST t=71942515000] rst_n=1
#   PASS (1024 outputs)
# 
# === [WRAPPER] 0189:32x64_DCT2xDCT2_lfnst0_s0 (w=32 h=64 tr_h=0 tr_v=0 sidx=0 lfnst=0) ===
#   [RST t=72852445000] rst_n=0
#   [RST t=72852645000] rst_n=1
#   PASS (2048 outputs)
# 
# === [WRAPPER] 0190:32x64_DCT2xDCT2_lfnst1_s0 (w=32 h=64 tr_h=0 tr_v=0 sidx=0 lfnst=1) ===
#   [RST t=75452015000] rst_n=0
#   [RST t=75452215000] rst_n=1
#   PASS (2048 outputs)
# 
# === [WRAPPER] 0191:32x64_DCT2xDCT2_lfnst1_s1 (w=32 h=64 tr_h=0 tr_v=0 sidx=1 lfnst=1) ===
#   [RST t=78070625000] rst_n=0
#   [RST t=78070825000] rst_n=1
#   PASS (2048 outputs)
# 
# === [WRAPPER] 0192:32x64_DCT2xDCT2_lfnst1_s2 (w=32 h=64 tr_h=0 tr_v=0 sidx=2 lfnst=1) ===
#   [RST t=80689235000] rst_n=0
#   [RST t=80689435000] rst_n=1
#   PASS (2048 outputs)
# 
# === [WRAPPER] 0193:32x64_DCT2xDCT2_lfnst1_s3 (w=32 h=64 tr_h=0 tr_v=0 sidx=3 lfnst=1) ===
#   [RST t=83307845000] rst_n=0
#   [RST t=83308045000] rst_n=1
#   PASS (2048 outputs)
# 
# === [WRAPPER] 0194:32x64_DCT2xDCT2_lfnst2_s0 (w=32 h=64 tr_h=0 tr_v=0 sidx=0 lfnst=2) ===
#   [RST t=85926455000] rst_n=0
#   [RST t=85926655000] rst_n=1
#   PASS (2048 outputs)
# 
# === [WRAPPER] 0195:32x64_DCT2xDCT2_lfnst2_s1 (w=32 h=64 tr_h=0 tr_v=0 sidx=1 lfnst=2) ===
#   [RST t=88545065000] rst_n=0
#   [RST t=88545265000] rst_n=1
#   PASS (2048 outputs)
# 
# === [WRAPPER] 0196:32x64_DCT2xDCT2_lfnst2_s2 (w=32 h=64 tr_h=0 tr_v=0 sidx=2 lfnst=2) ===
#   [RST t=91163675000] rst_n=0
#   [RST t=91163875000] rst_n=1
#   PASS (2048 outputs)
# 
# === [WRAPPER] 0197:32x64_DCT2xDCT2_lfnst2_s3 (w=32 h=64 tr_h=0 tr_v=0 sidx=3 lfnst=2) ===
#   [RST t=93782285000] rst_n=0
#   [RST t=93782485000] rst_n=1
#   PASS (2048 outputs)
# 
# === [WRAPPER] 0198:64x16_DCT2xDCT2_lfnst0_s0 (w=64 h=16 tr_h=0 tr_v=0 sidx=0 lfnst=0) ===
#   [RST t=96400895000] rst_n=0
#   [RST t=96401095000] rst_n=1
#   PASS (1024 outputs)
# 
# === [WRAPPER] 0199:64x16_DCT2xDCT2_lfnst1_s0 (w=64 h=16 tr_h=0 tr_v=0 sidx=0 lfnst=1) ===
#   [RST t=97497225000] rst_n=0
#   [RST t=97497425000] rst_n=1
#   PASS (1024 outputs)
# 
# === [WRAPPER] 0200:64x16_DCT2xDCT2_lfnst1_s1 (w=64 h=16 tr_h=0 tr_v=0 sidx=1 lfnst=1) ===
#   [RST t=98612635000] rst_n=0
#   [RST t=98612835000] rst_n=1
#   PASS (1024 outputs)
# 
# === [WRAPPER] 0201:64x16_DCT2xDCT2_lfnst1_s2 (w=64 h=16 tr_h=0 tr_v=0 sidx=2 lfnst=1) ===
#   [RST t=99728045000] rst_n=0
#   [RST t=99728245000] rst_n=1
#   PASS (1024 outputs)
# 
# === [WRAPPER] 0202:64x16_DCT2xDCT2_lfnst1_s3 (w=64 h=16 tr_h=0 tr_v=0 sidx=3 lfnst=1) ===
#   [RST t=100843455000] rst_n=0
#   [RST t=100843655000] rst_n=1
#   PASS (1024 outputs)
# 
# === [WRAPPER] 0203:64x16_DCT2xDCT2_lfnst2_s0 (w=64 h=16 tr_h=0 tr_v=0 sidx=0 lfnst=2) ===
#   [RST t=101958865000] rst_n=0
#   [RST t=101959065000] rst_n=1
#   PASS (1024 outputs)
# 
# === [WRAPPER] 0204:64x16_DCT2xDCT2_lfnst2_s1 (w=64 h=16 tr_h=0 tr_v=0 sidx=1 lfnst=2) ===
#   [RST t=103074275000] rst_n=0
#   [RST t=103074475000] rst_n=1
#   PASS (1024 outputs)
# 
# === [WRAPPER] 0205:64x16_DCT2xDCT2_lfnst2_s2 (w=64 h=16 tr_h=0 tr_v=0 sidx=2 lfnst=2) ===
#   [RST t=104189685000] rst_n=0
#   [RST t=104189885000] rst_n=1
#   PASS (1024 outputs)
# 
# === [WRAPPER] 0206:64x16_DCT2xDCT2_lfnst2_s3 (w=64 h=16 tr_h=0 tr_v=0 sidx=3 lfnst=2) ===
#   [RST t=105305095000] rst_n=0
#   [RST t=105305295000] rst_n=1
#   PASS (1024 outputs)
# 
# === [WRAPPER] 0207:64x32_DCT2xDCT2_lfnst0_s0 (w=64 h=32 tr_h=0 tr_v=0 sidx=0 lfnst=0) ===
#   [RST t=106420505000] rst_n=0
#   [RST t=106420705000] rst_n=1
#   PASS (2048 outputs)
# 
# === [WRAPPER] 0208:64x32_DCT2xDCT2_lfnst1_s0 (w=64 h=32 tr_h=0 tr_v=0 sidx=0 lfnst=1) ===
#   [RST t=109020095000] rst_n=0
#   [RST t=109020295000] rst_n=1
#   PASS (2048 outputs)
# 
# === [WRAPPER] 0209:64x32_DCT2xDCT2_lfnst1_s1 (w=64 h=32 tr_h=0 tr_v=0 sidx=1 lfnst=1) ===
#   [RST t=111638705000] rst_n=0
#   [RST t=111638905000] rst_n=1
#   PASS (2048 outputs)
# 
# === [WRAPPER] 0210:64x32_DCT2xDCT2_lfnst1_s2 (w=64 h=32 tr_h=0 tr_v=0 sidx=2 lfnst=1) ===
#   [RST t=114257315000] rst_n=0
#   [RST t=114257515000] rst_n=1
#   PASS (2048 outputs)
# 
# === [WRAPPER] 0211:64x32_DCT2xDCT2_lfnst1_s3 (w=64 h=32 tr_h=0 tr_v=0 sidx=3 lfnst=1) ===
#   [RST t=116875925000] rst_n=0
#   [RST t=116876125000] rst_n=1
#   PASS (2048 outputs)
# 
# === [WRAPPER] 0212:64x32_DCT2xDCT2_lfnst2_s0 (w=64 h=32 tr_h=0 tr_v=0 sidx=0 lfnst=2) ===
#   [RST t=119494535000] rst_n=0
#   [RST t=119494735000] rst_n=1
#   PASS (2048 outputs)
# 
# === [WRAPPER] 0213:64x32_DCT2xDCT2_lfnst2_s1 (w=64 h=32 tr_h=0 tr_v=0 sidx=1 lfnst=2) ===
#   [RST t=122113145000] rst_n=0
#   [RST t=122113345000] rst_n=1
#   PASS (2048 outputs)
# 
# === [WRAPPER] 0214:64x32_DCT2xDCT2_lfnst2_s2 (w=64 h=32 tr_h=0 tr_v=0 sidx=2 lfnst=2) ===
#   [RST t=124731755000] rst_n=0
#   [RST t=124731955000] rst_n=1
#   PASS (2048 outputs)
# 
# === [WRAPPER] 0215:64x32_DCT2xDCT2_lfnst2_s3 (w=64 h=32 tr_h=0 tr_v=0 sidx=3 lfnst=2) ===
#   [RST t=127350365000] rst_n=0
#   [RST t=127350565000] rst_n=1
#   PASS (2048 outputs)
# 
# === [WRAPPER] 0216:64x64_DCT2xDCT2_lfnst0_s0 (w=64 h=64 tr_h=0 tr_v=0 sidx=0 lfnst=0) ===
#   [RST t=129968975000] rst_n=0
#   [RST t=129969175000] rst_n=1
#   PASS (4096 outputs)
# 
# === [WRAPPER] 0217:64x64_DCT2xDCT2_lfnst1_s0 (w=64 h=64 tr_h=0 tr_v=0 sidx=0 lfnst=1) ===
#   [RST t=136803715000] rst_n=0
#   [RST t=136803915000] rst_n=1
#   PASS (4096 outputs)
# 
# === [WRAPPER] 0218:64x64_DCT2xDCT2_lfnst1_s1 (w=64 h=64 tr_h=0 tr_v=0 sidx=1 lfnst=1) ===
#   [RST t=143657525000] rst_n=0
#   [RST t=143657725000] rst_n=1
#   PASS (4096 outputs)
# 
# === [WRAPPER] 0219:64x64_DCT2xDCT2_lfnst1_s2 (w=64 h=64 tr_h=0 tr_v=0 sidx=2 lfnst=1) ===
#   [RST t=150511335000] rst_n=0
#   [RST t=150511535000] rst_n=1
#   PASS (4096 outputs)
# 
# === [WRAPPER] 0220:64x64_DCT2xDCT2_lfnst1_s3 (w=64 h=64 tr_h=0 tr_v=0 sidx=3 lfnst=1) ===
#   [RST t=157365145000] rst_n=0
#   [RST t=157365345000] rst_n=1
#   PASS (4096 outputs)
# 
# === [WRAPPER] 0221:64x64_DCT2xDCT2_lfnst2_s0 (w=64 h=64 tr_h=0 tr_v=0 sidx=0 lfnst=2) ===
#   [RST t=164218955000] rst_n=0
#   [RST t=164219155000] rst_n=1
#   PASS (4096 outputs)
# 
# === [WRAPPER] 0222:64x64_DCT2xDCT2_lfnst2_s1 (w=64 h=64 tr_h=0 tr_v=0 sidx=1 lfnst=2) ===
#   [RST t=171072765000] rst_n=0
#   [RST t=171072965000] rst_n=1
#   PASS (4096 outputs)
# 
# === [WRAPPER] 0223:64x64_DCT2xDCT2_lfnst2_s2 (w=64 h=64 tr_h=0 tr_v=0 sidx=2 lfnst=2) ===
#   [RST t=177926575000] rst_n=0
#   [RST t=177926775000] rst_n=1
#   PASS (4096 outputs)
# 
# === [WRAPPER] 0224:64x64_DCT2xDCT2_lfnst2_s3 (w=64 h=64 tr_h=0 tr_v=0 sidx=3 lfnst=2) ===
#   [RST t=184780385000] rst_n=0
#   [RST t=184780585000] rst_n=1
#   PASS (4096 outputs)
# 
# === [WRAPPER] 0225:4x4_DST7xDCT8_lfnst0_s0 (w=4 h=4 tr_h=1 tr_v=2 sidx=0 lfnst=0) ===
#   [RST t=191634195000] rst_n=0
#   [RST t=191634395000] rst_n=1
#   PASS (16 outputs)
# 
# === [WRAPPER] 0226:4x4_DST7xDCT8_lfnst1_s0 (w=4 h=4 tr_h=1 tr_v=2 sidx=0 lfnst=1) ===
#   [RST t=191637955000] rst_n=0
#   [RST t=191638155000] rst_n=1
#   PASS (16 outputs)
# 
# === [WRAPPER] 0227:4x4_DST7xDCT8_lfnst1_s1 (w=4 h=4 tr_h=1 tr_v=2 sidx=1 lfnst=1) ===
#   [RST t=191647035000] rst_n=0
#   [RST t=191647235000] rst_n=1
#   PASS (16 outputs)
# 
# === [WRAPPER] 0228:4x4_DST7xDCT8_lfnst1_s2 (w=4 h=4 tr_h=1 tr_v=2 sidx=2 lfnst=1) ===
#   [RST t=191656115000] rst_n=0
#   [RST t=191656315000] rst_n=1
#   PASS (16 outputs)
# 
# === [WRAPPER] 0229:4x4_DST7xDCT8_lfnst1_s3 (w=4 h=4 tr_h=1 tr_v=2 sidx=3 lfnst=1) ===
#   [RST t=191665195000] rst_n=0
#   [RST t=191665395000] rst_n=1
#   PASS (16 outputs)
# 
# === [WRAPPER] 0230:4x4_DST7xDCT8_lfnst2_s0 (w=4 h=4 tr_h=1 tr_v=2 sidx=0 lfnst=2) ===
#   [RST t=191674275000] rst_n=0
#   [RST t=191674475000] rst_n=1
#   PASS (16 outputs)
# 
# === [WRAPPER] 0231:4x4_DST7xDCT8_lfnst2_s1 (w=4 h=4 tr_h=1 tr_v=2 sidx=1 lfnst=2) ===
#   [RST t=191683355000] rst_n=0
#   [RST t=191683555000] rst_n=1
#   PASS (16 outputs)
# 
# === [WRAPPER] 0232:4x4_DST7xDCT8_lfnst2_s2 (w=4 h=4 tr_h=1 tr_v=2 sidx=2 lfnst=2) ===
#   [RST t=191692435000] rst_n=0
#   [RST t=191692635000] rst_n=1
#   PASS (16 outputs)
# 
# === [WRAPPER] 0233:4x4_DST7xDCT8_lfnst2_s3 (w=4 h=4 tr_h=1 tr_v=2 sidx=3 lfnst=2) ===
#   [RST t=191701515000] rst_n=0
#   [RST t=191701715000] rst_n=1
#   PASS (16 outputs)
# 
# === [WRAPPER] 0234:4x4_DCT8xDST7_lfnst0_s0 (w=4 h=4 tr_h=2 tr_v=1 sidx=0 lfnst=0) ===
#   [RST t=191710595000] rst_n=0
#   [RST t=191710795000] rst_n=1
#   PASS (16 outputs)
# 
# === [WRAPPER] 0235:4x4_DCT8xDST7_lfnst1_s0 (w=4 h=4 tr_h=2 tr_v=1 sidx=0 lfnst=1) ===
#   [RST t=191714325000] rst_n=0
#   [RST t=191714525000] rst_n=1
#   PASS (16 outputs)
# 
# === [WRAPPER] 0236:4x4_DCT8xDST7_lfnst1_s1 (w=4 h=4 tr_h=2 tr_v=1 sidx=1 lfnst=1) ===
#   [RST t=191723405000] rst_n=0
#   [RST t=191723605000] rst_n=1
#   PASS (16 outputs)
# 
# === [WRAPPER] 0237:4x4_DCT8xDST7_lfnst1_s2 (w=4 h=4 tr_h=2 tr_v=1 sidx=2 lfnst=1) ===
#   [RST t=191732485000] rst_n=0
#   [RST t=191732685000] rst_n=1
#   PASS (16 outputs)
# 
# === [WRAPPER] 0238:4x4_DCT8xDST7_lfnst1_s3 (w=4 h=4 tr_h=2 tr_v=1 sidx=3 lfnst=1) ===
#   [RST t=191741565000] rst_n=0
#   [RST t=191741765000] rst_n=1
#   PASS (16 outputs)
# 
# === [WRAPPER] 0239:4x4_DCT8xDST7_lfnst2_s0 (w=4 h=4 tr_h=2 tr_v=1 sidx=0 lfnst=2) ===
#   [RST t=191750645000] rst_n=0
#   [RST t=191750845000] rst_n=1
#   PASS (16 outputs)
# 
# === [WRAPPER] 0240:4x4_DCT8xDST7_lfnst2_s1 (w=4 h=4 tr_h=2 tr_v=1 sidx=1 lfnst=2) ===
#   [RST t=191759725000] rst_n=0
#   [RST t=191759925000] rst_n=1
#   PASS (16 outputs)
# 
# === [WRAPPER] 0241:4x4_DCT8xDST7_lfnst2_s2 (w=4 h=4 tr_h=2 tr_v=1 sidx=2 lfnst=2) ===
#   [RST t=191768805000] rst_n=0
#   [RST t=191769005000] rst_n=1
#   PASS (16 outputs)
# 
# === [WRAPPER] 0242:4x4_DCT8xDST7_lfnst2_s3 (w=4 h=4 tr_h=2 tr_v=1 sidx=3 lfnst=2) ===
#   [RST t=191777885000] rst_n=0
#   [RST t=191778085000] rst_n=1
#   PASS (16 outputs)
# 
# === [WRAPPER] 0243:4x4_DCT8xDCT8_lfnst0_s0 (w=4 h=4 tr_h=2 tr_v=2 sidx=0 lfnst=0) ===
#   [RST t=191786965000] rst_n=0
#   [RST t=191787165000] rst_n=1
#   PASS (16 outputs)
# 
# === [WRAPPER] 0244:4x4_DCT8xDCT8_lfnst1_s0 (w=4 h=4 tr_h=2 tr_v=2 sidx=0 lfnst=1) ===
#   [RST t=191790715000] rst_n=0
#   [RST t=191790915000] rst_n=1
#   PASS (16 outputs)
# 
# === [WRAPPER] 0245:4x4_DCT8xDCT8_lfnst1_s1 (w=4 h=4 tr_h=2 tr_v=2 sidx=1 lfnst=1) ===
#   [RST t=191799795000] rst_n=0
#   [RST t=191799995000] rst_n=1
#   PASS (16 outputs)
# 
# === [WRAPPER] 0246:4x4_DCT8xDCT8_lfnst1_s2 (w=4 h=4 tr_h=2 tr_v=2 sidx=2 lfnst=1) ===
#   [RST t=191808875000] rst_n=0
#   [RST t=191809075000] rst_n=1
#   PASS (16 outputs)
# 
# === [WRAPPER] 0247:4x4_DCT8xDCT8_lfnst1_s3 (w=4 h=4 tr_h=2 tr_v=2 sidx=3 lfnst=1) ===
#   [RST t=191817955000] rst_n=0
#   [RST t=191818155000] rst_n=1
#   PASS (16 outputs)
# 
# === [WRAPPER] 0248:4x4_DCT8xDCT8_lfnst2_s0 (w=4 h=4 tr_h=2 tr_v=2 sidx=0 lfnst=2) ===
#   [RST t=191827035000] rst_n=0
#   [RST t=191827235000] rst_n=1
#   PASS (16 outputs)
# 
# === [WRAPPER] 0249:4x4_DCT8xDCT8_lfnst2_s1 (w=4 h=4 tr_h=2 tr_v=2 sidx=1 lfnst=2) ===
#   [RST t=191836115000] rst_n=0
#   [RST t=191836315000] rst_n=1
#   PASS (16 outputs)
# 
# === [WRAPPER] 0250:4x4_DCT8xDCT8_lfnst2_s2 (w=4 h=4 tr_h=2 tr_v=2 sidx=2 lfnst=2) ===
#   [RST t=191845195000] rst_n=0
#   [RST t=191845395000] rst_n=1
#   PASS (16 outputs)
# 
# === [WRAPPER] 0251:4x4_DCT8xDCT8_lfnst2_s3 (w=4 h=4 tr_h=2 tr_v=2 sidx=3 lfnst=2) ===
#   [RST t=191854275000] rst_n=0
#   [RST t=191854475000] rst_n=1
#   PASS (16 outputs)
# 
# === [WRAPPER] 0252:4x4_DST7xDST7_lfnst0_s0 (w=4 h=4 tr_h=1 tr_v=1 sidx=0 lfnst=0) ===
#   [RST t=191863355000] rst_n=0
#   [RST t=191863555000] rst_n=1
#   PASS (16 outputs)
# 
# === [WRAPPER] 0253:4x4_DST7xDST7_lfnst1_s0 (w=4 h=4 tr_h=1 tr_v=1 sidx=0 lfnst=1) ===
#   [RST t=191867135000] rst_n=0
#   [RST t=191867335000] rst_n=1
#   PASS (16 outputs)
# 
# === [WRAPPER] 0254:4x4_DST7xDST7_lfnst1_s1 (w=4 h=4 tr_h=1 tr_v=1 sidx=1 lfnst=1) ===
#   [RST t=191876215000] rst_n=0
#   [RST t=191876415000] rst_n=1
#   PASS (16 outputs)
# 
# === [WRAPPER] 0255:4x4_DST7xDST7_lfnst1_s2 (w=4 h=4 tr_h=1 tr_v=1 sidx=2 lfnst=1) ===
#   [RST t=191885295000] rst_n=0
#   [RST t=191885495000] rst_n=1
#   PASS (16 outputs)
# 
# === [WRAPPER] 0256:4x4_DST7xDST7_lfnst1_s3 (w=4 h=4 tr_h=1 tr_v=1 sidx=3 lfnst=1) ===
#   [RST t=191894375000] rst_n=0
#   [RST t=191894575000] rst_n=1
#   PASS (16 outputs)
# 
# === [WRAPPER] 0257:4x4_DST7xDST7_lfnst2_s0 (w=4 h=4 tr_h=1 tr_v=1 sidx=0 lfnst=2) ===
#   [RST t=191903455000] rst_n=0
#   [RST t=191903655000] rst_n=1
#   PASS (16 outputs)
# 
# === [WRAPPER] 0258:4x4_DST7xDST7_lfnst2_s1 (w=4 h=4 tr_h=1 tr_v=1 sidx=1 lfnst=2) ===
#   [RST t=191912535000] rst_n=0
#   [RST t=191912735000] rst_n=1
#   PASS (16 outputs)
# 
# === [WRAPPER] 0259:4x4_DST7xDST7_lfnst2_s2 (w=4 h=4 tr_h=1 tr_v=1 sidx=2 lfnst=2) ===
#   [RST t=191921615000] rst_n=0
#   [RST t=191921815000] rst_n=1
#   PASS (16 outputs)
# 
# === [WRAPPER] 0260:4x4_DST7xDST7_lfnst2_s3 (w=4 h=4 tr_h=1 tr_v=1 sidx=3 lfnst=2) ===
#   [RST t=191930695000] rst_n=0
#   [RST t=191930895000] rst_n=1
#   PASS (16 outputs)
# 
# === [WRAPPER] 0261:4x4_DCT2xDCT8_lfnst0_s0 (w=4 h=4 tr_h=0 tr_v=2 sidx=0 lfnst=0) ===
#   [RST t=191939775000] rst_n=0
#   [RST t=191939975000] rst_n=1
#   PASS (16 outputs)
# 
# === [WRAPPER] 0262:4x4_DCT2xDCT8_lfnst1_s0 (w=4 h=4 tr_h=0 tr_v=2 sidx=0 lfnst=1) ===
#   [RST t=191943615000] rst_n=0
#   [RST t=191943815000] rst_n=1
#   PASS (16 outputs)
# 
# === [WRAPPER] 0263:4x4_DCT2xDCT8_lfnst1_s1 (w=4 h=4 tr_h=0 tr_v=2 sidx=1 lfnst=1) ===
#   [RST t=191952695000] rst_n=0
#   [RST t=191952895000] rst_n=1
#   PASS (16 outputs)
# 
# === [WRAPPER] 0264:4x4_DCT2xDCT8_lfnst1_s2 (w=4 h=4 tr_h=0 tr_v=2 sidx=2 lfnst=1) ===
#   [RST t=191961775000] rst_n=0
#   [RST t=191961975000] rst_n=1
#   PASS (16 outputs)
# 
# === [WRAPPER] 0265:4x4_DCT2xDCT8_lfnst1_s3 (w=4 h=4 tr_h=0 tr_v=2 sidx=3 lfnst=1) ===
#   [RST t=191970855000] rst_n=0
#   [RST t=191971055000] rst_n=1
#   PASS (16 outputs)
# 
# === [WRAPPER] 0266:4x4_DCT2xDCT8_lfnst2_s0 (w=4 h=4 tr_h=0 tr_v=2 sidx=0 lfnst=2) ===
#   [RST t=191979935000] rst_n=0
#   [RST t=191980135000] rst_n=1
#   PASS (16 outputs)
# 
# === [WRAPPER] 0267:4x4_DCT2xDCT8_lfnst2_s1 (w=4 h=4 tr_h=0 tr_v=2 sidx=1 lfnst=2) ===
#   [RST t=191989015000] rst_n=0
#   [RST t=191989215000] rst_n=1
#   PASS (16 outputs)
# 
# === [WRAPPER] 0268:4x4_DCT2xDCT8_lfnst2_s2 (w=4 h=4 tr_h=0 tr_v=2 sidx=2 lfnst=2) ===
#   [RST t=191998095000] rst_n=0
#   [RST t=191998295000] rst_n=1
#   PASS (16 outputs)
# 
# === [WRAPPER] 0269:4x4_DCT2xDCT8_lfnst2_s3 (w=4 h=4 tr_h=0 tr_v=2 sidx=3 lfnst=2) ===
#   [RST t=192007175000] rst_n=0
#   [RST t=192007375000] rst_n=1
#   PASS (16 outputs)
# 
# === [WRAPPER] 0270:4x4_DCT8xDCT2_lfnst0_s0 (w=4 h=4 tr_h=2 tr_v=0 sidx=0 lfnst=0) ===
#   [RST t=192016255000] rst_n=0
#   [RST t=192016455000] rst_n=1
#   PASS (16 outputs)
# 
# === [WRAPPER] 0271:4x4_DCT8xDCT2_lfnst1_s0 (w=4 h=4 tr_h=2 tr_v=0 sidx=0 lfnst=1) ===
#   [RST t=192020025000] rst_n=0
#   [RST t=192020225000] rst_n=1
#   PASS (16 outputs)
# 
# === [WRAPPER] 0272:4x4_DCT8xDCT2_lfnst1_s1 (w=4 h=4 tr_h=2 tr_v=0 sidx=1 lfnst=1) ===
#   [RST t=192029105000] rst_n=0
#   [RST t=192029305000] rst_n=1
#   PASS (16 outputs)
# 
# === [WRAPPER] 0273:4x4_DCT8xDCT2_lfnst1_s2 (w=4 h=4 tr_h=2 tr_v=0 sidx=2 lfnst=1) ===
#   [RST t=192038185000] rst_n=0
#   [RST t=192038385000] rst_n=1
#   PASS (16 outputs)
# 
# === [WRAPPER] 0274:4x4_DCT8xDCT2_lfnst1_s3 (w=4 h=4 tr_h=2 tr_v=0 sidx=3 lfnst=1) ===
#   [RST t=192047265000] rst_n=0
#   [RST t=192047465000] rst_n=1
#   PASS (16 outputs)
# 
# === [WRAPPER] 0275:4x4_DCT8xDCT2_lfnst2_s0 (w=4 h=4 tr_h=2 tr_v=0 sidx=0 lfnst=2) ===
#   [RST t=192056345000] rst_n=0
#   [RST t=192056545000] rst_n=1
#   PASS (16 outputs)
# 
# === [WRAPPER] 0276:4x4_DCT8xDCT2_lfnst2_s1 (w=4 h=4 tr_h=2 tr_v=0 sidx=1 lfnst=2) ===
#   [RST t=192065425000] rst_n=0
#   [RST t=192065625000] rst_n=1
#   PASS (16 outputs)
# 
# === [WRAPPER] 0277:4x4_DCT8xDCT2_lfnst2_s2 (w=4 h=4 tr_h=2 tr_v=0 sidx=2 lfnst=2) ===
#   [RST t=192074505000] rst_n=0
#   [RST t=192074705000] rst_n=1
#   PASS (16 outputs)
# 
# === [WRAPPER] 0278:4x4_DCT8xDCT2_lfnst2_s3 (w=4 h=4 tr_h=2 tr_v=0 sidx=3 lfnst=2) ===
#   [RST t=192083585000] rst_n=0
#   [RST t=192083785000] rst_n=1
#   PASS (16 outputs)
# 
# === [WRAPPER] 0279:4x4_DCT2xDST7_lfnst0_s0 (w=4 h=4 tr_h=0 tr_v=1 sidx=0 lfnst=0) ===
#   [RST t=192092665000] rst_n=0
#   [RST t=192092865000] rst_n=1
#   PASS (16 outputs)
# 
# === [WRAPPER] 0280:4x4_DCT2xDST7_lfnst1_s0 (w=4 h=4 tr_h=0 tr_v=1 sidx=0 lfnst=1) ===
#   [RST t=192096485000] rst_n=0
#   [RST t=192096685000] rst_n=1
#   PASS (16 outputs)
# 
# === [WRAPPER] 0281:4x4_DCT2xDST7_lfnst1_s1 (w=4 h=4 tr_h=0 tr_v=1 sidx=1 lfnst=1) ===
#   [RST t=192105565000] rst_n=0
#   [RST t=192105765000] rst_n=1
#   PASS (16 outputs)
# 
# === [WRAPPER] 0282:4x4_DCT2xDST7_lfnst1_s2 (w=4 h=4 tr_h=0 tr_v=1 sidx=2 lfnst=1) ===
#   [RST t=192114645000] rst_n=0
#   [RST t=192114845000] rst_n=1
#   PASS (16 outputs)
# 
# === [WRAPPER] 0283:4x4_DCT2xDST7_lfnst1_s3 (w=4 h=4 tr_h=0 tr_v=1 sidx=3 lfnst=1) ===
#   [RST t=192123725000] rst_n=0
#   [RST t=192123925000] rst_n=1
#   PASS (16 outputs)
# 
# === [WRAPPER] 0284:4x4_DCT2xDST7_lfnst2_s0 (w=4 h=4 tr_h=0 tr_v=1 sidx=0 lfnst=2) ===
#   [RST t=192132805000] rst_n=0
#   [RST t=192133005000] rst_n=1
#   PASS (16 outputs)
# 
# === [WRAPPER] 0285:4x4_DCT2xDST7_lfnst2_s1 (w=4 h=4 tr_h=0 tr_v=1 sidx=1 lfnst=2) ===
#   [RST t=192141885000] rst_n=0
#   [RST t=192142085000] rst_n=1
#   PASS (16 outputs)
# 
# === [WRAPPER] 0286:4x4_DCT2xDST7_lfnst2_s2 (w=4 h=4 tr_h=0 tr_v=1 sidx=2 lfnst=2) ===
#   [RST t=192150965000] rst_n=0
#   [RST t=192151165000] rst_n=1
#   PASS (16 outputs)
# 
# === [WRAPPER] 0287:4x4_DCT2xDST7_lfnst2_s3 (w=4 h=4 tr_h=0 tr_v=1 sidx=3 lfnst=2) ===
#   [RST t=192160045000] rst_n=0
#   [RST t=192160245000] rst_n=1
#   PASS (16 outputs)
# 
# === [WRAPPER] 0288:4x4_DST7xDCT2_lfnst0_s0 (w=4 h=4 tr_h=1 tr_v=0 sidx=0 lfnst=0) ===
#   [RST t=192169125000] rst_n=0
#   [RST t=192169325000] rst_n=1
#   PASS (16 outputs)
# 
# === [WRAPPER] 0289:4x4_DST7xDCT2_lfnst1_s0 (w=4 h=4 tr_h=1 tr_v=0 sidx=0 lfnst=1) ===
#   [RST t=192172905000] rst_n=0
#   [RST t=192173105000] rst_n=1
#   PASS (16 outputs)
# 
# === [WRAPPER] 0290:4x4_DST7xDCT2_lfnst1_s1 (w=4 h=4 tr_h=1 tr_v=0 sidx=1 lfnst=1) ===
#   [RST t=192181985000] rst_n=0
#   [RST t=192182185000] rst_n=1
#   PASS (16 outputs)
# 
# === [WRAPPER] 0291:4x4_DST7xDCT2_lfnst1_s2 (w=4 h=4 tr_h=1 tr_v=0 sidx=2 lfnst=1) ===
#   [RST t=192191065000] rst_n=0
#   [RST t=192191265000] rst_n=1
#   PASS (16 outputs)
# 
# === [WRAPPER] 0292:4x4_DST7xDCT2_lfnst1_s3 (w=4 h=4 tr_h=1 tr_v=0 sidx=3 lfnst=1) ===
#   [RST t=192200145000] rst_n=0
#   [RST t=192200345000] rst_n=1
#   PASS (16 outputs)
# 
# === [WRAPPER] 0293:4x4_DST7xDCT2_lfnst2_s0 (w=4 h=4 tr_h=1 tr_v=0 sidx=0 lfnst=2) ===
#   [RST t=192209225000] rst_n=0
#   [RST t=192209425000] rst_n=1
#   PASS (16 outputs)
# 
# === [WRAPPER] 0294:4x4_DST7xDCT2_lfnst2_s1 (w=4 h=4 tr_h=1 tr_v=0 sidx=1 lfnst=2) ===
#   [RST t=192218305000] rst_n=0
#   [RST t=192218505000] rst_n=1
#   PASS (16 outputs)
# 
# === [WRAPPER] 0295:4x4_DST7xDCT2_lfnst2_s2 (w=4 h=4 tr_h=1 tr_v=0 sidx=2 lfnst=2) ===
#   [RST t=192227385000] rst_n=0
#   [RST t=192227585000] rst_n=1
#   PASS (16 outputs)
# 
# === [WRAPPER] 0296:4x4_DST7xDCT2_lfnst2_s3 (w=4 h=4 tr_h=1 tr_v=0 sidx=3 lfnst=2) ===
#   [RST t=192236465000] rst_n=0
#   [RST t=192236665000] rst_n=1
#   PASS (16 outputs)
# 
# === [WRAPPER] 0297:4x8_DST7xDCT8_lfnst0_s0 (w=4 h=8 tr_h=1 tr_v=2 sidx=0 lfnst=0) ===
#   [RST t=192245545000] rst_n=0
#   [RST t=192245745000] rst_n=1
#   PASS (32 outputs)
# 
# === [WRAPPER] 0298:4x8_DST7xDCT8_lfnst1_s0 (w=4 h=8 tr_h=1 tr_v=2 sidx=0 lfnst=1) ===
#   [RST t=192253775000] rst_n=0
#   [RST t=192253975000] rst_n=1
#   PASS (32 outputs)
# 
# === [WRAPPER] 0299:4x8_DST7xDCT8_lfnst1_s1 (w=4 h=8 tr_h=1 tr_v=2 sidx=1 lfnst=1) ===
#   [RST t=192268505000] rst_n=0
#   [RST t=192268705000] rst_n=1
#   PASS (32 outputs)
# 
# === [WRAPPER] 0300:4x8_DST7xDCT8_lfnst1_s2 (w=4 h=8 tr_h=1 tr_v=2 sidx=2 lfnst=1) ===
#   [RST t=192283235000] rst_n=0
#   [RST t=192283435000] rst_n=1
#   PASS (32 outputs)
# 
# === [WRAPPER] 0301:4x8_DST7xDCT8_lfnst1_s3 (w=4 h=8 tr_h=1 tr_v=2 sidx=3 lfnst=1) ===
#   [RST t=192297965000] rst_n=0
#   [RST t=192298165000] rst_n=1
#   PASS (32 outputs)
# 
# === [WRAPPER] 0302:4x8_DST7xDCT8_lfnst2_s0 (w=4 h=8 tr_h=1 tr_v=2 sidx=0 lfnst=2) ===
#   [RST t=192312695000] rst_n=0
#   [RST t=192312895000] rst_n=1
#   PASS (32 outputs)
# 
# === [WRAPPER] 0303:4x8_DST7xDCT8_lfnst2_s1 (w=4 h=8 tr_h=1 tr_v=2 sidx=1 lfnst=2) ===
#   [RST t=192327425000] rst_n=0
#   [RST t=192327625000] rst_n=1
#   PASS (32 outputs)
# 
# === [WRAPPER] 0304:4x8_DST7xDCT8_lfnst2_s2 (w=4 h=8 tr_h=1 tr_v=2 sidx=2 lfnst=2) ===
#   [RST t=192342155000] rst_n=0
#   [RST t=192342355000] rst_n=1
#   PASS (32 outputs)
# 
# === [WRAPPER] 0305:4x8_DST7xDCT8_lfnst2_s3 (w=4 h=8 tr_h=1 tr_v=2 sidx=3 lfnst=2) ===
#   [RST t=192356885000] rst_n=0
#   [RST t=192357085000] rst_n=1
#   PASS (32 outputs)
# 
# === [WRAPPER] 0306:4x8_DCT8xDST7_lfnst0_s0 (w=4 h=8 tr_h=2 tr_v=1 sidx=0 lfnst=0) ===
#   [RST t=192371615000] rst_n=0
#   [RST t=192371815000] rst_n=1
#   PASS (32 outputs)
# 
# === [WRAPPER] 0307:4x8_DCT8xDST7_lfnst1_s0 (w=4 h=8 tr_h=2 tr_v=1 sidx=0 lfnst=1) ===
#   [RST t=192379825000] rst_n=0
#   [RST t=192380025000] rst_n=1
#   PASS (32 outputs)
# 
# === [WRAPPER] 0308:4x8_DCT8xDST7_lfnst1_s1 (w=4 h=8 tr_h=2 tr_v=1 sidx=1 lfnst=1) ===
#   [RST t=192394555000] rst_n=0
#   [RST t=192394755000] rst_n=1
#   PASS (32 outputs)
# 
# === [WRAPPER] 0309:4x8_DCT8xDST7_lfnst1_s2 (w=4 h=8 tr_h=2 tr_v=1 sidx=2 lfnst=1) ===
#   [RST t=192409285000] rst_n=0
#   [RST t=192409485000] rst_n=1
#   PASS (32 outputs)
# 
# === [WRAPPER] 0310:4x8_DCT8xDST7_lfnst1_s3 (w=4 h=8 tr_h=2 tr_v=1 sidx=3 lfnst=1) ===
#   [RST t=192424015000] rst_n=0
#   [RST t=192424215000] rst_n=1
#   PASS (32 outputs)
# 
# === [WRAPPER] 0311:4x8_DCT8xDST7_lfnst2_s0 (w=4 h=8 tr_h=2 tr_v=1 sidx=0 lfnst=2) ===
#   [RST t=192438745000] rst_n=0
#   [RST t=192438945000] rst_n=1
#   PASS (32 outputs)
# 
# === [WRAPPER] 0312:4x8_DCT8xDST7_lfnst2_s1 (w=4 h=8 tr_h=2 tr_v=1 sidx=1 lfnst=2) ===
#   [RST t=192453475000] rst_n=0
#   [RST t=192453675000] rst_n=1
#   PASS (32 outputs)
# 
# === [WRAPPER] 0313:4x8_DCT8xDST7_lfnst2_s2 (w=4 h=8 tr_h=2 tr_v=1 sidx=2 lfnst=2) ===
#   [RST t=192468205000] rst_n=0
#   [RST t=192468405000] rst_n=1
#   PASS (32 outputs)
# 
# === [WRAPPER] 0314:4x8_DCT8xDST7_lfnst2_s3 (w=4 h=8 tr_h=2 tr_v=1 sidx=3 lfnst=2) ===
#   [RST t=192482935000] rst_n=0
#   [RST t=192483135000] rst_n=1
#   PASS (32 outputs)
# 
# === [WRAPPER] 0315:4x8_DCT8xDCT8_lfnst0_s0 (w=4 h=8 tr_h=2 tr_v=2 sidx=0 lfnst=0) ===
#   [RST t=192497665000] rst_n=0
#   [RST t=192497865000] rst_n=1
#   PASS (32 outputs)
# 
# === [WRAPPER] 0316:4x8_DCT8xDCT8_lfnst1_s0 (w=4 h=8 tr_h=2 tr_v=2 sidx=0 lfnst=1) ===
#   [RST t=192505865000] rst_n=0
#   [RST t=192506065000] rst_n=1
#   PASS (32 outputs)
# 
# === [WRAPPER] 0317:4x8_DCT8xDCT8_lfnst1_s1 (w=4 h=8 tr_h=2 tr_v=2 sidx=1 lfnst=1) ===
#   [RST t=192520595000] rst_n=0
#   [RST t=192520795000] rst_n=1
#   PASS (32 outputs)
# 
# === [WRAPPER] 0318:4x8_DCT8xDCT8_lfnst1_s2 (w=4 h=8 tr_h=2 tr_v=2 sidx=2 lfnst=1) ===
#   [RST t=192535325000] rst_n=0
#   [RST t=192535525000] rst_n=1
#   PASS (32 outputs)
# 
# === [WRAPPER] 0319:4x8_DCT8xDCT8_lfnst1_s3 (w=4 h=8 tr_h=2 tr_v=2 sidx=3 lfnst=1) ===
#   [RST t=192550055000] rst_n=0
#   [RST t=192550255000] rst_n=1
#   PASS (32 outputs)
# 
# === [WRAPPER] 0320:4x8_DCT8xDCT8_lfnst2_s0 (w=4 h=8 tr_h=2 tr_v=2 sidx=0 lfnst=2) ===
#   [RST t=192564785000] rst_n=0
#   [RST t=192564985000] rst_n=1
#   PASS (32 outputs)
# 
# === [WRAPPER] 0321:4x8_DCT8xDCT8_lfnst2_s1 (w=4 h=8 tr_h=2 tr_v=2 sidx=1 lfnst=2) ===
#   [RST t=192579515000] rst_n=0
#   [RST t=192579715000] rst_n=1
#   PASS (32 outputs)
# 
# === [WRAPPER] 0322:4x8_DCT8xDCT8_lfnst2_s2 (w=4 h=8 tr_h=2 tr_v=2 sidx=2 lfnst=2) ===
#   [RST t=192594245000] rst_n=0
#   [RST t=192594445000] rst_n=1
#   PASS (32 outputs)
# 
# === [WRAPPER] 0323:4x8_DCT8xDCT8_lfnst2_s3 (w=4 h=8 tr_h=2 tr_v=2 sidx=3 lfnst=2) ===
#   [RST t=192608975000] rst_n=0
#   [RST t=192609175000] rst_n=1
#   PASS (32 outputs)
# 
# === [WRAPPER] 0324:4x8_DST7xDST7_lfnst0_s0 (w=4 h=8 tr_h=1 tr_v=1 sidx=0 lfnst=0) ===
#   [RST t=192623705000] rst_n=0
#   [RST t=192623905000] rst_n=1
#   PASS (32 outputs)
# 
# === [WRAPPER] 0325:4x8_DST7xDST7_lfnst1_s0 (w=4 h=8 tr_h=1 tr_v=1 sidx=0 lfnst=1) ===
#   [RST t=192631935000] rst_n=0
#   [RST t=192632135000] rst_n=1
#   PASS (32 outputs)
# 
# === [WRAPPER] 0326:4x8_DST7xDST7_lfnst1_s1 (w=4 h=8 tr_h=1 tr_v=1 sidx=1 lfnst=1) ===
#   [RST t=192646665000] rst_n=0
#   [RST t=192646865000] rst_n=1
#   PASS (32 outputs)
# 
# === [WRAPPER] 0327:4x8_DST7xDST7_lfnst1_s2 (w=4 h=8 tr_h=1 tr_v=1 sidx=2 lfnst=1) ===
#   [RST t=192661395000] rst_n=0
#   [RST t=192661595000] rst_n=1
#   PASS (32 outputs)
# 
# === [WRAPPER] 0328:4x8_DST7xDST7_lfnst1_s3 (w=4 h=8 tr_h=1 tr_v=1 sidx=3 lfnst=1) ===
#   [RST t=192676125000] rst_n=0
#   [RST t=192676325000] rst_n=1
#   PASS (32 outputs)
# 
# === [WRAPPER] 0329:4x8_DST7xDST7_lfnst2_s0 (w=4 h=8 tr_h=1 tr_v=1 sidx=0 lfnst=2) ===
#   [RST t=192690855000] rst_n=0
#   [RST t=192691055000] rst_n=1
#   PASS (32 outputs)
# 
# === [WRAPPER] 0330:4x8_DST7xDST7_lfnst2_s1 (w=4 h=8 tr_h=1 tr_v=1 sidx=1 lfnst=2) ===
#   [RST t=192705585000] rst_n=0
#   [RST t=192705785000] rst_n=1
#   PASS (32 outputs)
# 
# === [WRAPPER] 0331:4x8_DST7xDST7_lfnst2_s2 (w=4 h=8 tr_h=1 tr_v=1 sidx=2 lfnst=2) ===
#   [RST t=192720315000] rst_n=0
#   [RST t=192720515000] rst_n=1
#   PASS (32 outputs)
# 
# === [WRAPPER] 0332:4x8_DST7xDST7_lfnst2_s3 (w=4 h=8 tr_h=1 tr_v=1 sidx=3 lfnst=2) ===
#   [RST t=192735045000] rst_n=0
#   [RST t=192735245000] rst_n=1
#   PASS (32 outputs)
# 
# === [WRAPPER] 0333:4x8_DCT2xDCT8_lfnst0_s0 (w=4 h=8 tr_h=0 tr_v=2 sidx=0 lfnst=0) ===
#   [RST t=192749775000] rst_n=0
#   [RST t=192749975000] rst_n=1
#   PASS (32 outputs)
# 
# === [WRAPPER] 0334:4x8_DCT2xDCT8_lfnst1_s0 (w=4 h=8 tr_h=0 tr_v=2 sidx=0 lfnst=1) ===
#   [RST t=192758025000] rst_n=0
#   [RST t=192758225000] rst_n=1
#   PASS (32 outputs)
# 
# === [WRAPPER] 0335:4x8_DCT2xDCT8_lfnst1_s1 (w=4 h=8 tr_h=0 tr_v=2 sidx=1 lfnst=1) ===
#   [RST t=192772755000] rst_n=0
#   [RST t=192772955000] rst_n=1
#   PASS (32 outputs)
# 
# === [WRAPPER] 0336:4x8_DCT2xDCT8_lfnst1_s2 (w=4 h=8 tr_h=0 tr_v=2 sidx=2 lfnst=1) ===
#   [RST t=192787485000] rst_n=0
#   [RST t=192787685000] rst_n=1
#   PASS (32 outputs)
# 
# === [WRAPPER] 0337:4x8_DCT2xDCT8_lfnst1_s3 (w=4 h=8 tr_h=0 tr_v=2 sidx=3 lfnst=1) ===
#   [RST t=192802215000] rst_n=0
#   [RST t=192802415000] rst_n=1
#   PASS (32 outputs)
# 
# === [WRAPPER] 0338:4x8_DCT2xDCT8_lfnst2_s0 (w=4 h=8 tr_h=0 tr_v=2 sidx=0 lfnst=2) ===
#   [RST t=192816945000] rst_n=0
#   [RST t=192817145000] rst_n=1
#   PASS (32 outputs)
# 
# === [WRAPPER] 0339:4x8_DCT2xDCT8_lfnst2_s1 (w=4 h=8 tr_h=0 tr_v=2 sidx=1 lfnst=2) ===
#   [RST t=192831675000] rst_n=0
#   [RST t=192831875000] rst_n=1
#   PASS (32 outputs)
# 
# === [WRAPPER] 0340:4x8_DCT2xDCT8_lfnst2_s2 (w=4 h=8 tr_h=0 tr_v=2 sidx=2 lfnst=2) ===
#   [RST t=192846405000] rst_n=0
#   [RST t=192846605000] rst_n=1
#   PASS (32 outputs)
# 
# === [WRAPPER] 0341:4x8_DCT2xDCT8_lfnst2_s3 (w=4 h=8 tr_h=0 tr_v=2 sidx=3 lfnst=2) ===
#   [RST t=192861135000] rst_n=0
#   [RST t=192861335000] rst_n=1
#   PASS (32 outputs)
# 
# === [WRAPPER] 0342:4x8_DCT8xDCT2_lfnst0_s0 (w=4 h=8 tr_h=2 tr_v=0 sidx=0 lfnst=0) ===
#   [RST t=192875865000] rst_n=0
#   [RST t=192876065000] rst_n=1
#   PASS (32 outputs)
# 
# === [WRAPPER] 0343:4x8_DCT8xDCT2_lfnst1_s0 (w=4 h=8 tr_h=2 tr_v=0 sidx=0 lfnst=1) ===
#   [RST t=192884075000] rst_n=0
#   [RST t=192884275000] rst_n=1
#   PASS (32 outputs)
# 
# === [WRAPPER] 0344:4x8_DCT8xDCT2_lfnst1_s1 (w=4 h=8 tr_h=2 tr_v=0 sidx=1 lfnst=1) ===
#   [RST t=192898805000] rst_n=0
#   [RST t=192899005000] rst_n=1
#   PASS (32 outputs)
# 
# === [WRAPPER] 0345:4x8_DCT8xDCT2_lfnst1_s2 (w=4 h=8 tr_h=2 tr_v=0 sidx=2 lfnst=1) ===
#   [RST t=192913535000] rst_n=0
#   [RST t=192913735000] rst_n=1
#   PASS (32 outputs)
# 
# === [WRAPPER] 0346:4x8_DCT8xDCT2_lfnst1_s3 (w=4 h=8 tr_h=2 tr_v=0 sidx=3 lfnst=1) ===
#   [RST t=192928265000] rst_n=0
#   [RST t=192928465000] rst_n=1
#   PASS (32 outputs)
# 
# === [WRAPPER] 0347:4x8_DCT8xDCT2_lfnst2_s0 (w=4 h=8 tr_h=2 tr_v=0 sidx=0 lfnst=2) ===
#   [RST t=192942995000] rst_n=0
#   [RST t=192943195000] rst_n=1
#   PASS (32 outputs)
# 
# === [WRAPPER] 0348:4x8_DCT8xDCT2_lfnst2_s1 (w=4 h=8 tr_h=2 tr_v=0 sidx=1 lfnst=2) ===
#   [RST t=192957725000] rst_n=0
#   [RST t=192957925000] rst_n=1
#   PASS (32 outputs)
# 
# === [WRAPPER] 0349:4x8_DCT8xDCT2_lfnst2_s2 (w=4 h=8 tr_h=2 tr_v=0 sidx=2 lfnst=2) ===
#   [RST t=192972455000] rst_n=0
#   [RST t=192972655000] rst_n=1
#   PASS (32 outputs)
# 
# === [WRAPPER] 0350:4x8_DCT8xDCT2_lfnst2_s3 (w=4 h=8 tr_h=2 tr_v=0 sidx=3 lfnst=2) ===
#   [RST t=192987185000] rst_n=0
#   [RST t=192987385000] rst_n=1
#   PASS (32 outputs)
# 
# === [WRAPPER] 0351:4x8_DCT2xDST7_lfnst0_s0 (w=4 h=8 tr_h=0 tr_v=1 sidx=0 lfnst=0) ===
#   [RST t=193001915000] rst_n=0
#   [RST t=193002115000] rst_n=1
#   PASS (32 outputs)
# 
# === [WRAPPER] 0352:4x8_DCT2xDST7_lfnst1_s0 (w=4 h=8 tr_h=0 tr_v=1 sidx=0 lfnst=1) ===
#   [RST t=193010135000] rst_n=0
#   [RST t=193010335000] rst_n=1
#   PASS (32 outputs)
# 
# === [WRAPPER] 0353:4x8_DCT2xDST7_lfnst1_s1 (w=4 h=8 tr_h=0 tr_v=1 sidx=1 lfnst=1) ===
#   [RST t=193024865000] rst_n=0
#   [RST t=193025065000] rst_n=1
#   PASS (32 outputs)
# 
# === [WRAPPER] 0354:4x8_DCT2xDST7_lfnst1_s2 (w=4 h=8 tr_h=0 tr_v=1 sidx=2 lfnst=1) ===
#   [RST t=193039595000] rst_n=0
#   [RST t=193039795000] rst_n=1
#   PASS (32 outputs)
# 
# === [WRAPPER] 0355:4x8_DCT2xDST7_lfnst1_s3 (w=4 h=8 tr_h=0 tr_v=1 sidx=3 lfnst=1) ===
#   [RST t=193054325000] rst_n=0
#   [RST t=193054525000] rst_n=1
#   PASS (32 outputs)
# 
# === [WRAPPER] 0356:4x8_DCT2xDST7_lfnst2_s0 (w=4 h=8 tr_h=0 tr_v=1 sidx=0 lfnst=2) ===
#   [RST t=193069055000] rst_n=0
#   [RST t=193069255000] rst_n=1
#   PASS (32 outputs)
# 
# === [WRAPPER] 0357:4x8_DCT2xDST7_lfnst2_s1 (w=4 h=8 tr_h=0 tr_v=1 sidx=1 lfnst=2) ===
#   [RST t=193083785000] rst_n=0
#   [RST t=193083985000] rst_n=1
#   PASS (32 outputs)
# 
# === [WRAPPER] 0358:4x8_DCT2xDST7_lfnst2_s2 (w=4 h=8 tr_h=0 tr_v=1 sidx=2 lfnst=2) ===
#   [RST t=193098515000] rst_n=0
#   [RST t=193098715000] rst_n=1
#   PASS (32 outputs)
# 
# === [WRAPPER] 0359:4x8_DCT2xDST7_lfnst2_s3 (w=4 h=8 tr_h=0 tr_v=1 sidx=3 lfnst=2) ===
#   [RST t=193113245000] rst_n=0
#   [RST t=193113445000] rst_n=1
#   PASS (32 outputs)
# 
# === [WRAPPER] 0360:4x8_DST7xDCT2_lfnst0_s0 (w=4 h=8 tr_h=1 tr_v=0 sidx=0 lfnst=0) ===
#   [RST t=193127975000] rst_n=0
#   [RST t=193128175000] rst_n=1
#   PASS (32 outputs)
# 
# === [WRAPPER] 0361:4x8_DST7xDCT2_lfnst1_s0 (w=4 h=8 tr_h=1 tr_v=0 sidx=0 lfnst=1) ===
#   [RST t=193136105000] rst_n=0
#   [RST t=193136305000] rst_n=1
#   PASS (32 outputs)
# 
# === [WRAPPER] 0362:4x8_DST7xDCT2_lfnst1_s1 (w=4 h=8 tr_h=1 tr_v=0 sidx=1 lfnst=1) ===
#   [RST t=193150835000] rst_n=0
#   [RST t=193151035000] rst_n=1
#   PASS (32 outputs)
# 
# === [WRAPPER] 0363:4x8_DST7xDCT2_lfnst1_s2 (w=4 h=8 tr_h=1 tr_v=0 sidx=2 lfnst=1) ===
#   [RST t=193165565000] rst_n=0
#   [RST t=193165765000] rst_n=1
#   PASS (32 outputs)
# 
# === [WRAPPER] 0364:4x8_DST7xDCT2_lfnst1_s3 (w=4 h=8 tr_h=1 tr_v=0 sidx=3 lfnst=1) ===
#   [RST t=193180295000] rst_n=0
#   [RST t=193180495000] rst_n=1
#   PASS (32 outputs)
# 
# === [WRAPPER] 0365:4x8_DST7xDCT2_lfnst2_s0 (w=4 h=8 tr_h=1 tr_v=0 sidx=0 lfnst=2) ===
#   [RST t=193195025000] rst_n=0
#   [RST t=193195225000] rst_n=1
#   PASS (32 outputs)
# 
# === [WRAPPER] 0366:4x8_DST7xDCT2_lfnst2_s1 (w=4 h=8 tr_h=1 tr_v=0 sidx=1 lfnst=2) ===
#   [RST t=193209755000] rst_n=0
#   [RST t=193209955000] rst_n=1
#   PASS (32 outputs)
# 
# === [WRAPPER] 0367:4x8_DST7xDCT2_lfnst2_s2 (w=4 h=8 tr_h=1 tr_v=0 sidx=2 lfnst=2) ===
#   [RST t=193224485000] rst_n=0
#   [RST t=193224685000] rst_n=1
#   PASS (32 outputs)
# 
# === [WRAPPER] 0368:4x8_DST7xDCT2_lfnst2_s3 (w=4 h=8 tr_h=1 tr_v=0 sidx=3 lfnst=2) ===
#   [RST t=193239215000] rst_n=0
#   [RST t=193239415000] rst_n=1
#   PASS (32 outputs)
# 
# === [WRAPPER] 0369:4x16_DST7xDCT8_lfnst0_s0 (w=4 h=16 tr_h=1 tr_v=2 sidx=0 lfnst=0) ===
#   [RST t=193253945000] rst_n=0
#   [RST t=193254145000] rst_n=1
#   PASS (64 outputs)
# 
# === [WRAPPER] 0370:4x16_DST7xDCT8_lfnst1_s0 (w=4 h=16 tr_h=1 tr_v=2 sidx=0 lfnst=1) ===
#   [RST t=193275745000] rst_n=0
#   [RST t=193275945000] rst_n=1
#   PASS (64 outputs)
# 
# === [WRAPPER] 0371:4x16_DST7xDCT8_lfnst1_s1 (w=4 h=16 tr_h=1 tr_v=2 sidx=1 lfnst=1) ===
#   [RST t=193304075000] rst_n=0
#   [RST t=193304275000] rst_n=1
#   PASS (64 outputs)
# 
# === [WRAPPER] 0372:4x16_DST7xDCT8_lfnst1_s2 (w=4 h=16 tr_h=1 tr_v=2 sidx=2 lfnst=1) ===
#   [RST t=193332405000] rst_n=0
#   [RST t=193332605000] rst_n=1
#   PASS (64 outputs)
# 
# === [WRAPPER] 0373:4x16_DST7xDCT8_lfnst1_s3 (w=4 h=16 tr_h=1 tr_v=2 sidx=3 lfnst=1) ===
#   [RST t=193360735000] rst_n=0
#   [RST t=193360935000] rst_n=1
#   PASS (64 outputs)
# 
# === [WRAPPER] 0374:4x16_DST7xDCT8_lfnst2_s0 (w=4 h=16 tr_h=1 tr_v=2 sidx=0 lfnst=2) ===
#   [RST t=193389065000] rst_n=0
#   [RST t=193389265000] rst_n=1
#   PASS (64 outputs)
# 
# === [WRAPPER] 0375:4x16_DST7xDCT8_lfnst2_s1 (w=4 h=16 tr_h=1 tr_v=2 sidx=1 lfnst=2) ===
#   [RST t=193417395000] rst_n=0
#   [RST t=193417595000] rst_n=1
#   PASS (64 outputs)
# 
# === [WRAPPER] 0376:4x16_DST7xDCT8_lfnst2_s2 (w=4 h=16 tr_h=1 tr_v=2 sidx=2 lfnst=2) ===
#   [RST t=193445725000] rst_n=0
#   [RST t=193445925000] rst_n=1
#   PASS (64 outputs)
# 
# === [WRAPPER] 0377:4x16_DST7xDCT8_lfnst2_s3 (w=4 h=16 tr_h=1 tr_v=2 sidx=3 lfnst=2) ===
#   [RST t=193474055000] rst_n=0
#   [RST t=193474255000] rst_n=1
#   PASS (64 outputs)
# 
# === [WRAPPER] 0378:4x16_DCT8xDST7_lfnst0_s0 (w=4 h=16 tr_h=2 tr_v=1 sidx=0 lfnst=0) ===
#   [RST t=193502385000] rst_n=0
#   [RST t=193502585000] rst_n=1
#   PASS (64 outputs)
# 
# === [WRAPPER] 0379:4x16_DCT8xDST7_lfnst1_s0 (w=4 h=16 tr_h=2 tr_v=1 sidx=0 lfnst=1) ===
#   [RST t=193524105000] rst_n=0
#   [RST t=193524305000] rst_n=1
#   PASS (64 outputs)
# 
# === [WRAPPER] 0380:4x16_DCT8xDST7_lfnst1_s1 (w=4 h=16 tr_h=2 tr_v=1 sidx=1 lfnst=1) ===
#   [RST t=193552435000] rst_n=0
#   [RST t=193552635000] rst_n=1
#   PASS (64 outputs)
# 
# === [WRAPPER] 0381:4x16_DCT8xDST7_lfnst1_s2 (w=4 h=16 tr_h=2 tr_v=1 sidx=2 lfnst=1) ===
#   [RST t=193580765000] rst_n=0
#   [RST t=193580965000] rst_n=1
#   PASS (64 outputs)
# 
# === [WRAPPER] 0382:4x16_DCT8xDST7_lfnst1_s3 (w=4 h=16 tr_h=2 tr_v=1 sidx=3 lfnst=1) ===
#   [RST t=193609095000] rst_n=0
#   [RST t=193609295000] rst_n=1
#   PASS (64 outputs)
# 
# === [WRAPPER] 0383:4x16_DCT8xDST7_lfnst2_s0 (w=4 h=16 tr_h=2 tr_v=1 sidx=0 lfnst=2) ===
#   [RST t=193637425000] rst_n=0
#   [RST t=193637625000] rst_n=1
#   PASS (64 outputs)
# 
# === [WRAPPER] 0384:4x16_DCT8xDST7_lfnst2_s1 (w=4 h=16 tr_h=2 tr_v=1 sidx=1 lfnst=2) ===
#   [RST t=193665755000] rst_n=0
#   [RST t=193665955000] rst_n=1
#   PASS (64 outputs)
# 
# === [WRAPPER] 0385:4x16_DCT8xDST7_lfnst2_s2 (w=4 h=16 tr_h=2 tr_v=1 sidx=2 lfnst=2) ===
#   [RST t=193694085000] rst_n=0
#   [RST t=193694285000] rst_n=1
#   PASS (64 outputs)
# 
# === [WRAPPER] 0386:4x16_DCT8xDST7_lfnst2_s3 (w=4 h=16 tr_h=2 tr_v=1 sidx=3 lfnst=2) ===
#   [RST t=193722415000] rst_n=0
#   [RST t=193722615000] rst_n=1
#   PASS (64 outputs)
# 
# === [WRAPPER] 0387:4x16_DCT8xDCT8_lfnst0_s0 (w=4 h=16 tr_h=2 tr_v=2 sidx=0 lfnst=0) ===
#   [RST t=193750745000] rst_n=0
#   [RST t=193750945000] rst_n=1
#   PASS (64 outputs)
# 
# === [WRAPPER] 0388:4x16_DCT8xDCT8_lfnst1_s0 (w=4 h=16 tr_h=2 tr_v=2 sidx=0 lfnst=1) ===
#   [RST t=193772515000] rst_n=0
#   [RST t=193772715000] rst_n=1
#   PASS (64 outputs)
# 
# === [WRAPPER] 0389:4x16_DCT8xDCT8_lfnst1_s1 (w=4 h=16 tr_h=2 tr_v=2 sidx=1 lfnst=1) ===
#   [RST t=193800845000] rst_n=0
#   [RST t=193801045000] rst_n=1
#   PASS (64 outputs)
# 
# === [WRAPPER] 0390:4x16_DCT8xDCT8_lfnst1_s2 (w=4 h=16 tr_h=2 tr_v=2 sidx=2 lfnst=1) ===
#   [RST t=193829175000] rst_n=0
#   [RST t=193829375000] rst_n=1
#   PASS (64 outputs)
# 
# === [WRAPPER] 0391:4x16_DCT8xDCT8_lfnst1_s3 (w=4 h=16 tr_h=2 tr_v=2 sidx=3 lfnst=1) ===
#   [RST t=193857505000] rst_n=0
#   [RST t=193857705000] rst_n=1
#   PASS (64 outputs)
# 
# === [WRAPPER] 0392:4x16_DCT8xDCT8_lfnst2_s0 (w=4 h=16 tr_h=2 tr_v=2 sidx=0 lfnst=2) ===
#   [RST t=193885835000] rst_n=0
#   [RST t=193886035000] rst_n=1
#   PASS (64 outputs)
# 
# === [WRAPPER] 0393:4x16_DCT8xDCT8_lfnst2_s1 (w=4 h=16 tr_h=2 tr_v=2 sidx=1 lfnst=2) ===
#   [RST t=193914165000] rst_n=0
#   [RST t=193914365000] rst_n=1
#   PASS (64 outputs)
# 
# === [WRAPPER] 0394:4x16_DCT8xDCT8_lfnst2_s2 (w=4 h=16 tr_h=2 tr_v=2 sidx=2 lfnst=2) ===
#   [RST t=193942495000] rst_n=0
#   [RST t=193942695000] rst_n=1
#   PASS (64 outputs)
# 
# === [WRAPPER] 0395:4x16_DCT8xDCT8_lfnst2_s3 (w=4 h=16 tr_h=2 tr_v=2 sidx=3 lfnst=2) ===
#   [RST t=193970825000] rst_n=0
#   [RST t=193971025000] rst_n=1
#   PASS (64 outputs)
# 
# === [WRAPPER] 0396:4x16_DST7xDST7_lfnst0_s0 (w=4 h=16 tr_h=1 tr_v=1 sidx=0 lfnst=0) ===
#   [RST t=193999155000] rst_n=0
#   [RST t=193999355000] rst_n=1
#   PASS (64 outputs)
# 
# === [WRAPPER] 0397:4x16_DST7xDST7_lfnst1_s0 (w=4 h=16 tr_h=1 tr_v=1 sidx=0 lfnst=1) ===
#   [RST t=194020975000] rst_n=0
#   [RST t=194021175000] rst_n=1
#   PASS (64 outputs)
# 
# === [WRAPPER] 0398:4x16_DST7xDST7_lfnst1_s1 (w=4 h=16 tr_h=1 tr_v=1 sidx=1 lfnst=1) ===
#   [RST t=194049305000] rst_n=0
#   [RST t=194049505000] rst_n=1
#   PASS (64 outputs)
# 
# === [WRAPPER] 0399:4x16_DST7xDST7_lfnst1_s2 (w=4 h=16 tr_h=1 tr_v=1 sidx=2 lfnst=1) ===
#   [RST t=194077635000] rst_n=0
#   [RST t=194077835000] rst_n=1
#   PASS (64 outputs)
# 
# === [WRAPPER] 0400:4x16_DST7xDST7_lfnst1_s3 (w=4 h=16 tr_h=1 tr_v=1 sidx=3 lfnst=1) ===
#   [RST t=194105965000] rst_n=0
#   [RST t=194106165000] rst_n=1
#   PASS (64 outputs)
# 
# === [WRAPPER] 0401:4x16_DST7xDST7_lfnst2_s0 (w=4 h=16 tr_h=1 tr_v=1 sidx=0 lfnst=2) ===
#   [RST t=194134295000] rst_n=0
#   [RST t=194134495000] rst_n=1
#   PASS (64 outputs)
# 
# === [WRAPPER] 0402:4x16_DST7xDST7_lfnst2_s1 (w=4 h=16 tr_h=1 tr_v=1 sidx=1 lfnst=2) ===
#   [RST t=194162625000] rst_n=0
#   [RST t=194162825000] rst_n=1
#   PASS (64 outputs)
# 
# === [WRAPPER] 0403:4x16_DST7xDST7_lfnst2_s2 (w=4 h=16 tr_h=1 tr_v=1 sidx=2 lfnst=2) ===
#   [RST t=194190955000] rst_n=0
#   [RST t=194191155000] rst_n=1
#   PASS (64 outputs)
# 
# === [WRAPPER] 0404:4x16_DST7xDST7_lfnst2_s3 (w=4 h=16 tr_h=1 tr_v=1 sidx=3 lfnst=2) ===
#   [RST t=194219285000] rst_n=0
#   [RST t=194219485000] rst_n=1
#   PASS (64 outputs)
# 
# === [WRAPPER] 0405:4x16_DCT2xDCT8_lfnst0_s0 (w=4 h=16 tr_h=0 tr_v=2 sidx=0 lfnst=0) ===
#   [RST t=194247615000] rst_n=0
#   [RST t=194247815000] rst_n=1
#   PASS (64 outputs)
# 
# === [WRAPPER] 0406:4x16_DCT2xDCT8_lfnst1_s0 (w=4 h=16 tr_h=0 tr_v=2 sidx=0 lfnst=1) ===
#   [RST t=194269415000] rst_n=0
#   [RST t=194269615000] rst_n=1
#   PASS (64 outputs)
# 
# === [WRAPPER] 0407:4x16_DCT2xDCT8_lfnst1_s1 (w=4 h=16 tr_h=0 tr_v=2 sidx=1 lfnst=1) ===
#   [RST t=194297745000] rst_n=0
#   [RST t=194297945000] rst_n=1
#   PASS (64 outputs)
# 
# === [WRAPPER] 0408:4x16_DCT2xDCT8_lfnst1_s2 (w=4 h=16 tr_h=0 tr_v=2 sidx=2 lfnst=1) ===
#   [RST t=194326075000] rst_n=0
#   [RST t=194326275000] rst_n=1
#   PASS (64 outputs)
# 
# === [WRAPPER] 0409:4x16_DCT2xDCT8_lfnst1_s3 (w=4 h=16 tr_h=0 tr_v=2 sidx=3 lfnst=1) ===
#   [RST t=194354405000] rst_n=0
#   [RST t=194354605000] rst_n=1
#   PASS (64 outputs)
# 
# === [WRAPPER] 0410:4x16_DCT2xDCT8_lfnst2_s0 (w=4 h=16 tr_h=0 tr_v=2 sidx=0 lfnst=2) ===
#   [RST t=194382735000] rst_n=0
#   [RST t=194382935000] rst_n=1
#   PASS (64 outputs)
# 
# === [WRAPPER] 0411:4x16_DCT2xDCT8_lfnst2_s1 (w=4 h=16 tr_h=0 tr_v=2 sidx=1 lfnst=2) ===
#   [RST t=194411065000] rst_n=0
#   [RST t=194411265000] rst_n=1
#   PASS (64 outputs)
# 
# === [WRAPPER] 0412:4x16_DCT2xDCT8_lfnst2_s2 (w=4 h=16 tr_h=0 tr_v=2 sidx=2 lfnst=2) ===
#   [RST t=194439395000] rst_n=0
#   [RST t=194439595000] rst_n=1
#   PASS (64 outputs)
# 
# === [WRAPPER] 0413:4x16_DCT2xDCT8_lfnst2_s3 (w=4 h=16 tr_h=0 tr_v=2 sidx=3 lfnst=2) ===
#   [RST t=194467725000] rst_n=0
#   [RST t=194467925000] rst_n=1
#   PASS (64 outputs)
# 
# === [WRAPPER] 0414:4x16_DCT8xDCT2_lfnst0_s0 (w=4 h=16 tr_h=2 tr_v=0 sidx=0 lfnst=0) ===
#   [RST t=194496055000] rst_n=0
#   [RST t=194496255000] rst_n=1
#   PASS (64 outputs)
# 
# === [WRAPPER] 0415:4x16_DCT8xDCT2_lfnst1_s0 (w=4 h=16 tr_h=2 tr_v=0 sidx=0 lfnst=1) ===
#   [RST t=194517855000] rst_n=0
#   [RST t=194518055000] rst_n=1
#   PASS (64 outputs)
# 
# === [WRAPPER] 0416:4x16_DCT8xDCT2_lfnst1_s1 (w=4 h=16 tr_h=2 tr_v=0 sidx=1 lfnst=1) ===
#   [RST t=194546185000] rst_n=0
#   [RST t=194546385000] rst_n=1
#   PASS (64 outputs)
# 
# === [WRAPPER] 0417:4x16_DCT8xDCT2_lfnst1_s2 (w=4 h=16 tr_h=2 tr_v=0 sidx=2 lfnst=1) ===
#   [RST t=194574515000] rst_n=0
#   [RST t=194574715000] rst_n=1
#   PASS (64 outputs)
# 
# === [WRAPPER] 0418:4x16_DCT8xDCT2_lfnst1_s3 (w=4 h=16 tr_h=2 tr_v=0 sidx=3 lfnst=1) ===
#   [RST t=194602845000] rst_n=0
#   [RST t=194603045000] rst_n=1
#   PASS (64 outputs)
# 
# === [WRAPPER] 0419:4x16_DCT8xDCT2_lfnst2_s0 (w=4 h=16 tr_h=2 tr_v=0 sidx=0 lfnst=2) ===
#   [RST t=194631175000] rst_n=0
#   [RST t=194631375000] rst_n=1
#   PASS (64 outputs)
# 
# === [WRAPPER] 0420:4x16_DCT8xDCT2_lfnst2_s1 (w=4 h=16 tr_h=2 tr_v=0 sidx=1 lfnst=2) ===
#   [RST t=194659505000] rst_n=0
#   [RST t=194659705000] rst_n=1
#   PASS (64 outputs)
# 
# === [WRAPPER] 0421:4x16_DCT8xDCT2_lfnst2_s2 (w=4 h=16 tr_h=2 tr_v=0 sidx=2 lfnst=2) ===
#   [RST t=194687835000] rst_n=0
#   [RST t=194688035000] rst_n=1
#   PASS (64 outputs)
# 
# === [WRAPPER] 0422:4x16_DCT8xDCT2_lfnst2_s3 (w=4 h=16 tr_h=2 tr_v=0 sidx=3 lfnst=2) ===
#   [RST t=194716165000] rst_n=0
#   [RST t=194716365000] rst_n=1
#   PASS (64 outputs)
# 
# === [WRAPPER] 0423:4x16_DCT2xDST7_lfnst0_s0 (w=4 h=16 tr_h=0 tr_v=1 sidx=0 lfnst=0) ===
#   [RST t=194744495000] rst_n=0
#   [RST t=194744695000] rst_n=1
#   PASS (64 outputs)
# 
# === [WRAPPER] 0424:4x16_DCT2xDST7_lfnst1_s0 (w=4 h=16 tr_h=0 tr_v=1 sidx=0 lfnst=1) ===
#   [RST t=194766235000] rst_n=0
#   [RST t=194766435000] rst_n=1
#   PASS (64 outputs)
# 
# === [WRAPPER] 0425:4x16_DCT2xDST7_lfnst1_s1 (w=4 h=16 tr_h=0 tr_v=1 sidx=1 lfnst=1) ===
#   [RST t=194794565000] rst_n=0
#   [RST t=194794765000] rst_n=1
#   PASS (64 outputs)
# 
# === [WRAPPER] 0426:4x16_DCT2xDST7_lfnst1_s2 (w=4 h=16 tr_h=0 tr_v=1 sidx=2 lfnst=1) ===
#   [RST t=194822895000] rst_n=0
#   [RST t=194823095000] rst_n=1
#   PASS (64 outputs)
# 
# === [WRAPPER] 0427:4x16_DCT2xDST7_lfnst1_s3 (w=4 h=16 tr_h=0 tr_v=1 sidx=3 lfnst=1) ===
#   [RST t=194851225000] rst_n=0
#   [RST t=194851425000] rst_n=1
#   PASS (64 outputs)
# 
# === [WRAPPER] 0428:4x16_DCT2xDST7_lfnst2_s0 (w=4 h=16 tr_h=0 tr_v=1 sidx=0 lfnst=2) ===
#   [RST t=194879555000] rst_n=0
#   [RST t=194879755000] rst_n=1
#   PASS (64 outputs)
# 
# === [WRAPPER] 0429:4x16_DCT2xDST7_lfnst2_s1 (w=4 h=16 tr_h=0 tr_v=1 sidx=1 lfnst=2) ===
#   [RST t=194907885000] rst_n=0
#   [RST t=194908085000] rst_n=1
#   PASS (64 outputs)
# 
# === [WRAPPER] 0430:4x16_DCT2xDST7_lfnst2_s2 (w=4 h=16 tr_h=0 tr_v=1 sidx=2 lfnst=2) ===
#   [RST t=194936215000] rst_n=0
#   [RST t=194936415000] rst_n=1
#   PASS (64 outputs)
# 
# === [WRAPPER] 0431:4x16_DCT2xDST7_lfnst2_s3 (w=4 h=16 tr_h=0 tr_v=1 sidx=3 lfnst=2) ===
#   [RST t=194964545000] rst_n=0
#   [RST t=194964745000] rst_n=1
#   PASS (64 outputs)
# 
# === [WRAPPER] 0432:4x16_DST7xDCT2_lfnst0_s0 (w=4 h=16 tr_h=1 tr_v=0 sidx=0 lfnst=0) ===
#   [RST t=194992875000] rst_n=0
#   [RST t=194993075000] rst_n=1
#   PASS (64 outputs)
# 
# === [WRAPPER] 0433:4x16_DST7xDCT2_lfnst1_s0 (w=4 h=16 tr_h=1 tr_v=0 sidx=0 lfnst=1) ===
#   [RST t=195014635000] rst_n=0
#   [RST t=195014835000] rst_n=1
#   PASS (64 outputs)
# 
# === [WRAPPER] 0434:4x16_DST7xDCT2_lfnst1_s1 (w=4 h=16 tr_h=1 tr_v=0 sidx=1 lfnst=1) ===
#   [RST t=195042965000] rst_n=0
#   [RST t=195043165000] rst_n=1
#   PASS (64 outputs)
# 
# === [WRAPPER] 0435:4x16_DST7xDCT2_lfnst1_s2 (w=4 h=16 tr_h=1 tr_v=0 sidx=2 lfnst=1) ===
#   [RST t=195071295000] rst_n=0
#   [RST t=195071495000] rst_n=1
#   PASS (64 outputs)
# 
# === [WRAPPER] 0436:4x16_DST7xDCT2_lfnst1_s3 (w=4 h=16 tr_h=1 tr_v=0 sidx=3 lfnst=1) ===
#   [RST t=195099625000] rst_n=0
#   [RST t=195099825000] rst_n=1
#   PASS (64 outputs)
# 
# === [WRAPPER] 0437:4x16_DST7xDCT2_lfnst2_s0 (w=4 h=16 tr_h=1 tr_v=0 sidx=0 lfnst=2) ===
#   [RST t=195127955000] rst_n=0
#   [RST t=195128155000] rst_n=1
#   PASS (64 outputs)
# 
# === [WRAPPER] 0438:4x16_DST7xDCT2_lfnst2_s1 (w=4 h=16 tr_h=1 tr_v=0 sidx=1 lfnst=2) ===
#   [RST t=195156285000] rst_n=0
#   [RST t=195156485000] rst_n=1
#   PASS (64 outputs)
# 
# === [WRAPPER] 0439:4x16_DST7xDCT2_lfnst2_s2 (w=4 h=16 tr_h=1 tr_v=0 sidx=2 lfnst=2) ===
#   [RST t=195184615000] rst_n=0
#   [RST t=195184815000] rst_n=1
#   PASS (64 outputs)
# 
# === [WRAPPER] 0440:4x16_DST7xDCT2_lfnst2_s3 (w=4 h=16 tr_h=1 tr_v=0 sidx=3 lfnst=2) ===
#   [RST t=195212945000] rst_n=0
#   [RST t=195213145000] rst_n=1
#   PASS (64 outputs)
# 
# === [WRAPPER] 0441:4x32_DST7xDCT8_lfnst0_s0 (w=4 h=32 tr_h=1 tr_v=2 sidx=0 lfnst=0) ===
#   [RST t=195241275000] rst_n=0
#   [RST t=195241475000] rst_n=1
#   PASS (128 outputs)
# 
# === [WRAPPER] 0442:4x32_DST7xDCT8_lfnst1_s0 (w=4 h=32 tr_h=1 tr_v=2 sidx=0 lfnst=1) ===
#   [RST t=195309395000] rst_n=0
#   [RST t=195309595000] rst_n=1
#   PASS (128 outputs)
# 
# === [WRAPPER] 0443:4x32_DST7xDCT8_lfnst1_s1 (w=4 h=32 tr_h=1 tr_v=2 sidx=1 lfnst=1) ===
#   [RST t=195384125000] rst_n=0
#   [RST t=195384325000] rst_n=1
#   PASS (128 outputs)
# 
# === [WRAPPER] 0444:4x32_DST7xDCT8_lfnst1_s2 (w=4 h=32 tr_h=1 tr_v=2 sidx=2 lfnst=1) ===
#   [RST t=195458855000] rst_n=0
#   [RST t=195459055000] rst_n=1
#   PASS (128 outputs)
# 
# === [WRAPPER] 0445:4x32_DST7xDCT8_lfnst1_s3 (w=4 h=32 tr_h=1 tr_v=2 sidx=3 lfnst=1) ===
#   [RST t=195533585000] rst_n=0
#   [RST t=195533785000] rst_n=1
#   PASS (128 outputs)
# 
# === [WRAPPER] 0446:4x32_DST7xDCT8_lfnst2_s0 (w=4 h=32 tr_h=1 tr_v=2 sidx=0 lfnst=2) ===
#   [RST t=195608315000] rst_n=0
#   [RST t=195608515000] rst_n=1
#   PASS (128 outputs)
# 
# === [WRAPPER] 0447:4x32_DST7xDCT8_lfnst2_s1 (w=4 h=32 tr_h=1 tr_v=2 sidx=1 lfnst=2) ===
#   [RST t=195683045000] rst_n=0
#   [RST t=195683245000] rst_n=1
#   PASS (128 outputs)
# 
# === [WRAPPER] 0448:4x32_DST7xDCT8_lfnst2_s2 (w=4 h=32 tr_h=1 tr_v=2 sidx=2 lfnst=2) ===
#   [RST t=195757775000] rst_n=0
#   [RST t=195757975000] rst_n=1
#   PASS (128 outputs)
# 
# === [WRAPPER] 0449:4x32_DST7xDCT8_lfnst2_s3 (w=4 h=32 tr_h=1 tr_v=2 sidx=3 lfnst=2) ===
#   [RST t=195832505000] rst_n=0
#   [RST t=195832705000] rst_n=1
#   PASS (128 outputs)
# 
# === [WRAPPER] 0450:4x32_DCT8xDST7_lfnst0_s0 (w=4 h=32 tr_h=2 tr_v=1 sidx=0 lfnst=0) ===
#   [RST t=195907235000] rst_n=0
#   [RST t=195907435000] rst_n=1
#   PASS (128 outputs)
# 
# === [WRAPPER] 0451:4x32_DCT8xDST7_lfnst1_s0 (w=4 h=32 tr_h=2 tr_v=1 sidx=0 lfnst=1) ===
#   [RST t=195975405000] rst_n=0
#   [RST t=195975605000] rst_n=1
#   PASS (128 outputs)
# 
# === [WRAPPER] 0452:4x32_DCT8xDST7_lfnst1_s1 (w=4 h=32 tr_h=2 tr_v=1 sidx=1 lfnst=1) ===
#   [RST t=196050135000] rst_n=0
#   [RST t=196050335000] rst_n=1
#   PASS (128 outputs)
# 
# === [WRAPPER] 0453:4x32_DCT8xDST7_lfnst1_s2 (w=4 h=32 tr_h=2 tr_v=1 sidx=2 lfnst=1) ===
#   [RST t=196124865000] rst_n=0
#   [RST t=196125065000] rst_n=1
#   PASS (128 outputs)
# 
# === [WRAPPER] 0454:4x32_DCT8xDST7_lfnst1_s3 (w=4 h=32 tr_h=2 tr_v=1 sidx=3 lfnst=1) ===
#   [RST t=196199595000] rst_n=0
#   [RST t=196199795000] rst_n=1
#   PASS (128 outputs)
# 
# === [WRAPPER] 0455:4x32_DCT8xDST7_lfnst2_s0 (w=4 h=32 tr_h=2 tr_v=1 sidx=0 lfnst=2) ===
#   [RST t=196274325000] rst_n=0
#   [RST t=196274525000] rst_n=1
#   PASS (128 outputs)
# 
# === [WRAPPER] 0456:4x32_DCT8xDST7_lfnst2_s1 (w=4 h=32 tr_h=2 tr_v=1 sidx=1 lfnst=2) ===
#   [RST t=196349055000] rst_n=0
#   [RST t=196349255000] rst_n=1
#   PASS (128 outputs)
# 
# === [WRAPPER] 0457:4x32_DCT8xDST7_lfnst2_s2 (w=4 h=32 tr_h=2 tr_v=1 sidx=2 lfnst=2) ===
#   [RST t=196423785000] rst_n=0
#   [RST t=196423985000] rst_n=1
#   PASS (128 outputs)
# 
# === [WRAPPER] 0458:4x32_DCT8xDST7_lfnst2_s3 (w=4 h=32 tr_h=2 tr_v=1 sidx=3 lfnst=2) ===
#   [RST t=196498515000] rst_n=0
#   [RST t=196498715000] rst_n=1
#   PASS (128 outputs)
# 
# === [WRAPPER] 0459:4x32_DCT8xDCT8_lfnst0_s0 (w=4 h=32 tr_h=2 tr_v=2 sidx=0 lfnst=0) ===
#   [RST t=196573245000] rst_n=0
#   [RST t=196573445000] rst_n=1
#   PASS (128 outputs)
# 
# === [WRAPPER] 0460:4x32_DCT8xDCT8_lfnst1_s0 (w=4 h=32 tr_h=2 tr_v=2 sidx=0 lfnst=1) ===
#   [RST t=196641465000] rst_n=0
#   [RST t=196641665000] rst_n=1
#   PASS (128 outputs)
# 
# === [WRAPPER] 0461:4x32_DCT8xDCT8_lfnst1_s1 (w=4 h=32 tr_h=2 tr_v=2 sidx=1 lfnst=1) ===
#   [RST t=196716195000] rst_n=0
#   [RST t=196716395000] rst_n=1
#   PASS (128 outputs)
# 
# === [WRAPPER] 0462:4x32_DCT8xDCT8_lfnst1_s2 (w=4 h=32 tr_h=2 tr_v=2 sidx=2 lfnst=1) ===
#   [RST t=196790925000] rst_n=0
#   [RST t=196791125000] rst_n=1
#   PASS (128 outputs)
# 
# === [WRAPPER] 0463:4x32_DCT8xDCT8_lfnst1_s3 (w=4 h=32 tr_h=2 tr_v=2 sidx=3 lfnst=1) ===
#   [RST t=196865655000] rst_n=0
#   [RST t=196865855000] rst_n=1
#   PASS (128 outputs)
# 
# === [WRAPPER] 0464:4x32_DCT8xDCT8_lfnst2_s0 (w=4 h=32 tr_h=2 tr_v=2 sidx=0 lfnst=2) ===
#   [RST t=196940385000] rst_n=0
#   [RST t=196940585000] rst_n=1
#   PASS (128 outputs)
# 
# === [WRAPPER] 0465:4x32_DCT8xDCT8_lfnst2_s1 (w=4 h=32 tr_h=2 tr_v=2 sidx=1 lfnst=2) ===
#   [RST t=197015115000] rst_n=0
#   [RST t=197015315000] rst_n=1
#   PASS (128 outputs)
# 
# === [WRAPPER] 0466:4x32_DCT8xDCT8_lfnst2_s2 (w=4 h=32 tr_h=2 tr_v=2 sidx=2 lfnst=2) ===
#   [RST t=197089845000] rst_n=0
#   [RST t=197090045000] rst_n=1
#   PASS (128 outputs)
# 
# === [WRAPPER] 0467:4x32_DCT8xDCT8_lfnst2_s3 (w=4 h=32 tr_h=2 tr_v=2 sidx=3 lfnst=2) ===
#   [RST t=197164575000] rst_n=0
#   [RST t=197164775000] rst_n=1
#   PASS (128 outputs)
# 
# === [WRAPPER] 0468:4x32_DST7xDST7_lfnst0_s0 (w=4 h=32 tr_h=1 tr_v=1 sidx=0 lfnst=0) ===
#   [RST t=197239305000] rst_n=0
#   [RST t=197239505000] rst_n=1
#   PASS (128 outputs)
# 
# === [WRAPPER] 0469:4x32_DST7xDST7_lfnst1_s0 (w=4 h=32 tr_h=1 tr_v=1 sidx=0 lfnst=1) ===
#   [RST t=197307425000] rst_n=0
#   [RST t=197307625000] rst_n=1
#   PASS (128 outputs)
# 
# === [WRAPPER] 0470:4x32_DST7xDST7_lfnst1_s1 (w=4 h=32 tr_h=1 tr_v=1 sidx=1 lfnst=1) ===
#   [RST t=197382155000] rst_n=0
#   [RST t=197382355000] rst_n=1
#   PASS (128 outputs)
# 
# === [WRAPPER] 0471:4x32_DST7xDST7_lfnst1_s2 (w=4 h=32 tr_h=1 tr_v=1 sidx=2 lfnst=1) ===
#   [RST t=197456885000] rst_n=0
#   [RST t=197457085000] rst_n=1
#   PASS (128 outputs)
# 
# === [WRAPPER] 0472:4x32_DST7xDST7_lfnst1_s3 (w=4 h=32 tr_h=1 tr_v=1 sidx=3 lfnst=1) ===
#   [RST t=197531615000] rst_n=0
#   [RST t=197531815000] rst_n=1
#   PASS (128 outputs)
# 
# === [WRAPPER] 0473:4x32_DST7xDST7_lfnst2_s0 (w=4 h=32 tr_h=1 tr_v=1 sidx=0 lfnst=2) ===
#   [RST t=197606345000] rst_n=0
#   [RST t=197606545000] rst_n=1
#   PASS (128 outputs)
# 
# === [WRAPPER] 0474:4x32_DST7xDST7_lfnst2_s1 (w=4 h=32 tr_h=1 tr_v=1 sidx=1 lfnst=2) ===
#   [RST t=197681075000] rst_n=0
#   [RST t=197681275000] rst_n=1
#   PASS (128 outputs)
# 
# === [WRAPPER] 0475:4x32_DST7xDST7_lfnst2_s2 (w=4 h=32 tr_h=1 tr_v=1 sidx=2 lfnst=2) ===
#   [RST t=197755805000] rst_n=0
#   [RST t=197756005000] rst_n=1
#   PASS (128 outputs)
# 
# === [WRAPPER] 0476:4x32_DST7xDST7_lfnst2_s3 (w=4 h=32 tr_h=1 tr_v=1 sidx=3 lfnst=2) ===
#   [RST t=197830535000] rst_n=0
#   [RST t=197830735000] rst_n=1
#   PASS (128 outputs)
# 
# === [WRAPPER] 0477:4x32_DCT2xDCT8_lfnst0_s0 (w=4 h=32 tr_h=0 tr_v=2 sidx=0 lfnst=0) ===
#   [RST t=197905265000] rst_n=0
#   [RST t=197905465000] rst_n=1
#   PASS (128 outputs)
# 
# === [WRAPPER] 0478:4x32_DCT2xDCT8_lfnst1_s0 (w=4 h=32 tr_h=0 tr_v=2 sidx=0 lfnst=1) ===
#   [RST t=197973395000] rst_n=0
#   [RST t=197973595000] rst_n=1
#   PASS (128 outputs)
# 
# === [WRAPPER] 0479:4x32_DCT2xDCT8_lfnst1_s1 (w=4 h=32 tr_h=0 tr_v=2 sidx=1 lfnst=1) ===
#   [RST t=198048125000] rst_n=0
#   [RST t=198048325000] rst_n=1
#   PASS (128 outputs)
# 
# === [WRAPPER] 0480:4x32_DCT2xDCT8_lfnst1_s2 (w=4 h=32 tr_h=0 tr_v=2 sidx=2 lfnst=1) ===
#   [RST t=198122855000] rst_n=0
#   [RST t=198123055000] rst_n=1
#   PASS (128 outputs)
# 
# === [WRAPPER] 0481:4x32_DCT2xDCT8_lfnst1_s3 (w=4 h=32 tr_h=0 tr_v=2 sidx=3 lfnst=1) ===
#   [RST t=198197585000] rst_n=0
#   [RST t=198197785000] rst_n=1
#   PASS (128 outputs)
# 
# === [WRAPPER] 0482:4x32_DCT2xDCT8_lfnst2_s0 (w=4 h=32 tr_h=0 tr_v=2 sidx=0 lfnst=2) ===
#   [RST t=198272315000] rst_n=0
#   [RST t=198272515000] rst_n=1
#   PASS (128 outputs)
# 
# === [WRAPPER] 0483:4x32_DCT2xDCT8_lfnst2_s1 (w=4 h=32 tr_h=0 tr_v=2 sidx=1 lfnst=2) ===
#   [RST t=198347045000] rst_n=0
#   [RST t=198347245000] rst_n=1
#   PASS (128 outputs)
# 
# === [WRAPPER] 0484:4x32_DCT2xDCT8_lfnst2_s2 (w=4 h=32 tr_h=0 tr_v=2 sidx=2 lfnst=2) ===
#   [RST t=198421775000] rst_n=0
#   [RST t=198421975000] rst_n=1
#   PASS (128 outputs)
# 
# === [WRAPPER] 0485:4x32_DCT2xDCT8_lfnst2_s3 (w=4 h=32 tr_h=0 tr_v=2 sidx=3 lfnst=2) ===
#   [RST t=198496505000] rst_n=0
#   [RST t=198496705000] rst_n=1
#   PASS (128 outputs)
# 
# === [WRAPPER] 0486:4x32_DCT8xDCT2_lfnst0_s0 (w=4 h=32 tr_h=2 tr_v=0 sidx=0 lfnst=0) ===
#   [RST t=198571235000] rst_n=0
#   [RST t=198571435000] rst_n=1
#   PASS (128 outputs)
# 
# === [WRAPPER] 0487:4x32_DCT8xDCT2_lfnst1_s0 (w=4 h=32 tr_h=2 tr_v=0 sidx=0 lfnst=1) ===
#   [RST t=198639375000] rst_n=0
#   [RST t=198639575000] rst_n=1
#   PASS (128 outputs)
# 
# === [WRAPPER] 0488:4x32_DCT8xDCT2_lfnst1_s1 (w=4 h=32 tr_h=2 tr_v=0 sidx=1 lfnst=1) ===
#   [RST t=198714105000] rst_n=0
#   [RST t=198714305000] rst_n=1
#   PASS (128 outputs)
# 
# === [WRAPPER] 0489:4x32_DCT8xDCT2_lfnst1_s2 (w=4 h=32 tr_h=2 tr_v=0 sidx=2 lfnst=1) ===
#   [RST t=198788835000] rst_n=0
#   [RST t=198789035000] rst_n=1
#   PASS (128 outputs)
# 
# === [WRAPPER] 0490:4x32_DCT8xDCT2_lfnst1_s3 (w=4 h=32 tr_h=2 tr_v=0 sidx=3 lfnst=1) ===
#   [RST t=198863565000] rst_n=0
#   [RST t=198863765000] rst_n=1
#   PASS (128 outputs)
# 
# === [WRAPPER] 0491:4x32_DCT8xDCT2_lfnst2_s0 (w=4 h=32 tr_h=2 tr_v=0 sidx=0 lfnst=2) ===
#   [RST t=198938295000] rst_n=0
#   [RST t=198938495000] rst_n=1
#   PASS (128 outputs)
# 
# === [WRAPPER] 0492:4x32_DCT8xDCT2_lfnst2_s1 (w=4 h=32 tr_h=2 tr_v=0 sidx=1 lfnst=2) ===
#   [RST t=199013025000] rst_n=0
#   [RST t=199013225000] rst_n=1
#   PASS (128 outputs)
# 
# === [WRAPPER] 0493:4x32_DCT8xDCT2_lfnst2_s2 (w=4 h=32 tr_h=2 tr_v=0 sidx=2 lfnst=2) ===
#   [RST t=199087755000] rst_n=0
#   [RST t=199087955000] rst_n=1
#   PASS (128 outputs)
# 
# === [WRAPPER] 0494:4x32_DCT8xDCT2_lfnst2_s3 (w=4 h=32 tr_h=2 tr_v=0 sidx=3 lfnst=2) ===
#   [RST t=199162485000] rst_n=0
#   [RST t=199162685000] rst_n=1
#   PASS (128 outputs)
# 
# === [WRAPPER] 0495:4x32_DCT2xDST7_lfnst0_s0 (w=4 h=32 tr_h=0 tr_v=1 sidx=0 lfnst=0) ===
#   [RST t=199237215000] rst_n=0
#   [RST t=199237415000] rst_n=1
#   PASS (128 outputs)
# 
# === [WRAPPER] 0496:4x32_DCT2xDST7_lfnst1_s0 (w=4 h=32 tr_h=0 tr_v=1 sidx=0 lfnst=1) ===
#   [RST t=199305395000] rst_n=0
#   [RST t=199305595000] rst_n=1
#   PASS (128 outputs)
# 
# === [WRAPPER] 0497:4x32_DCT2xDST7_lfnst1_s1 (w=4 h=32 tr_h=0 tr_v=1 sidx=1 lfnst=1) ===
#   [RST t=199380125000] rst_n=0
#   [RST t=199380325000] rst_n=1
#   PASS (128 outputs)
# 
# === [WRAPPER] 0498:4x32_DCT2xDST7_lfnst1_s2 (w=4 h=32 tr_h=0 tr_v=1 sidx=2 lfnst=1) ===
#   [RST t=199454855000] rst_n=0
#   [RST t=199455055000] rst_n=1
#   PASS (128 outputs)
# 
# === [WRAPPER] 0499:4x32_DCT2xDST7_lfnst1_s3 (w=4 h=32 tr_h=0 tr_v=1 sidx=3 lfnst=1) ===
#   [RST t=199529585000] rst_n=0
#   [RST t=199529785000] rst_n=1
#   PASS (128 outputs)
# 
# === [WRAPPER] 0500:4x32_DCT2xDST7_lfnst2_s0 (w=4 h=32 tr_h=0 tr_v=1 sidx=0 lfnst=2) ===
#   [RST t=199604315000] rst_n=0
#   [RST t=199604515000] rst_n=1
#   PASS (128 outputs)
# 
# === [WRAPPER] 0501:4x32_DCT2xDST7_lfnst2_s1 (w=4 h=32 tr_h=0 tr_v=1 sidx=1 lfnst=2) ===
#   [RST t=199679045000] rst_n=0
#   [RST t=199679245000] rst_n=1
#   PASS (128 outputs)
# 
# === [WRAPPER] 0502:4x32_DCT2xDST7_lfnst2_s2 (w=4 h=32 tr_h=0 tr_v=1 sidx=2 lfnst=2) ===
#   [RST t=199753775000] rst_n=0
#   [RST t=199753975000] rst_n=1
#   PASS (128 outputs)
# 
# === [WRAPPER] 0503:4x32_DCT2xDST7_lfnst2_s3 (w=4 h=32 tr_h=0 tr_v=1 sidx=3 lfnst=2) ===
#   [RST t=199828505000] rst_n=0
#   [RST t=199828705000] rst_n=1
#   PASS (128 outputs)
# 
# === [WRAPPER] 0504:4x32_DST7xDCT2_lfnst0_s0 (w=4 h=32 tr_h=1 tr_v=0 sidx=0 lfnst=0) ===
#   [RST t=199903235000] rst_n=0
#   [RST t=199903435000] rst_n=1
#   PASS (128 outputs)
# 
# === [WRAPPER] 0505:4x32_DST7xDCT2_lfnst1_s0 (w=4 h=32 tr_h=1 tr_v=0 sidx=0 lfnst=1) ===
#   [RST t=199971405000] rst_n=0
#   [RST t=199971605000] rst_n=1
#   PASS (128 outputs)
# 
# === [WRAPPER] 0506:4x32_DST7xDCT2_lfnst1_s1 (w=4 h=32 tr_h=1 tr_v=0 sidx=1 lfnst=1) ===
#   [RST t=200046135000] rst_n=0
#   [RST t=200046335000] rst_n=1
#   PASS (128 outputs)
# 
# === [WRAPPER] 0507:4x32_DST7xDCT2_lfnst1_s2 (w=4 h=32 tr_h=1 tr_v=0 sidx=2 lfnst=1) ===
#   [RST t=200120865000] rst_n=0
#   [RST t=200121065000] rst_n=1
#   PASS (128 outputs)
# 
# === [WRAPPER] 0508:4x32_DST7xDCT2_lfnst1_s3 (w=4 h=32 tr_h=1 tr_v=0 sidx=3 lfnst=1) ===
#   [RST t=200195595000] rst_n=0
#   [RST t=200195795000] rst_n=1
#   PASS (128 outputs)
# 
# === [WRAPPER] 0509:4x32_DST7xDCT2_lfnst2_s0 (w=4 h=32 tr_h=1 tr_v=0 sidx=0 lfnst=2) ===
#   [RST t=200270325000] rst_n=0
#   [RST t=200270525000] rst_n=1
#   PASS (128 outputs)
# 
# === [WRAPPER] 0510:4x32_DST7xDCT2_lfnst2_s1 (w=4 h=32 tr_h=1 tr_v=0 sidx=1 lfnst=2) ===
#   [RST t=200345055000] rst_n=0
#   [RST t=200345255000] rst_n=1
#   PASS (128 outputs)
# 
# === [WRAPPER] 0511:4x32_DST7xDCT2_lfnst2_s2 (w=4 h=32 tr_h=1 tr_v=0 sidx=2 lfnst=2) ===
#   [RST t=200419785000] rst_n=0
#   [RST t=200419985000] rst_n=1
#   PASS (128 outputs)
# 
# === [WRAPPER] 0512:4x32_DST7xDCT2_lfnst2_s3 (w=4 h=32 tr_h=1 tr_v=0 sidx=3 lfnst=2) ===
#   [RST t=200494515000] rst_n=0
#   [RST t=200494715000] rst_n=1
#   PASS (128 outputs)
# 
# === [WRAPPER] 0513:8x4_DST7xDCT8_lfnst0_s0 (w=8 h=4 tr_h=1 tr_v=2 sidx=0 lfnst=0) ===
#   [RST t=200569245000] rst_n=0
#   [RST t=200569445000] rst_n=1
#   PASS (32 outputs)
# 
# === [WRAPPER] 0514:8x4_DST7xDCT8_lfnst1_s0 (w=8 h=4 tr_h=1 tr_v=2 sidx=0 lfnst=1) ===
#   [RST t=200577405000] rst_n=0
#   [RST t=200577605000] rst_n=1
#   PASS (32 outputs)
# 
# === [WRAPPER] 0515:8x4_DST7xDCT8_lfnst1_s1 (w=8 h=4 tr_h=1 tr_v=2 sidx=1 lfnst=1) ===
#   [RST t=200592135000] rst_n=0
#   [RST t=200592335000] rst_n=1
#   PASS (32 outputs)
# 
# === [WRAPPER] 0516:8x4_DST7xDCT8_lfnst1_s2 (w=8 h=4 tr_h=1 tr_v=2 sidx=2 lfnst=1) ===
#   [RST t=200606865000] rst_n=0
#   [RST t=200607065000] rst_n=1
#   PASS (32 outputs)
# 
# === [WRAPPER] 0517:8x4_DST7xDCT8_lfnst1_s3 (w=8 h=4 tr_h=1 tr_v=2 sidx=3 lfnst=1) ===
#   [RST t=200621595000] rst_n=0
#   [RST t=200621795000] rst_n=1
#   PASS (32 outputs)
# 
# === [WRAPPER] 0518:8x4_DST7xDCT8_lfnst2_s0 (w=8 h=4 tr_h=1 tr_v=2 sidx=0 lfnst=2) ===
#   [RST t=200636325000] rst_n=0
#   [RST t=200636525000] rst_n=1
#   PASS (32 outputs)
# 
# === [WRAPPER] 0519:8x4_DST7xDCT8_lfnst2_s1 (w=8 h=4 tr_h=1 tr_v=2 sidx=1 lfnst=2) ===
#   [RST t=200651055000] rst_n=0
#   [RST t=200651255000] rst_n=1
#   PASS (32 outputs)
# 
# === [WRAPPER] 0520:8x4_DST7xDCT8_lfnst2_s2 (w=8 h=4 tr_h=1 tr_v=2 sidx=2 lfnst=2) ===
#   [RST t=200665785000] rst_n=0
#   [RST t=200665985000] rst_n=1
#   PASS (32 outputs)
# 
# === [WRAPPER] 0521:8x4_DST7xDCT8_lfnst2_s3 (w=8 h=4 tr_h=1 tr_v=2 sidx=3 lfnst=2) ===
#   [RST t=200680515000] rst_n=0
#   [RST t=200680715000] rst_n=1
#   PASS (32 outputs)
# 
# === [WRAPPER] 0522:8x4_DCT8xDST7_lfnst0_s0 (w=8 h=4 tr_h=2 tr_v=1 sidx=0 lfnst=0) ===
#   [RST t=200695245000] rst_n=0
#   [RST t=200695445000] rst_n=1
#   PASS (32 outputs)
# 
# === [WRAPPER] 0523:8x4_DCT8xDST7_lfnst1_s0 (w=8 h=4 tr_h=2 tr_v=1 sidx=0 lfnst=1) ===
#   [RST t=200703445000] rst_n=0
#   [RST t=200703645000] rst_n=1
#   PASS (32 outputs)
# 
# === [WRAPPER] 0524:8x4_DCT8xDST7_lfnst1_s1 (w=8 h=4 tr_h=2 tr_v=1 sidx=1 lfnst=1) ===
#   [RST t=200718175000] rst_n=0
#   [RST t=200718375000] rst_n=1
#   PASS (32 outputs)
# 
# === [WRAPPER] 0525:8x4_DCT8xDST7_lfnst1_s2 (w=8 h=4 tr_h=2 tr_v=1 sidx=2 lfnst=1) ===
#   [RST t=200732905000] rst_n=0
#   [RST t=200733105000] rst_n=1
#   PASS (32 outputs)
# 
# === [WRAPPER] 0526:8x4_DCT8xDST7_lfnst1_s3 (w=8 h=4 tr_h=2 tr_v=1 sidx=3 lfnst=1) ===
#   [RST t=200747635000] rst_n=0
#   [RST t=200747835000] rst_n=1
#   PASS (32 outputs)
# 
# === [WRAPPER] 0527:8x4_DCT8xDST7_lfnst2_s0 (w=8 h=4 tr_h=2 tr_v=1 sidx=0 lfnst=2) ===
#   [RST t=200762365000] rst_n=0
#   [RST t=200762565000] rst_n=1
#   PASS (32 outputs)
# 
# === [WRAPPER] 0528:8x4_DCT8xDST7_lfnst2_s1 (w=8 h=4 tr_h=2 tr_v=1 sidx=1 lfnst=2) ===
#   [RST t=200777095000] rst_n=0
#   [RST t=200777295000] rst_n=1
#   PASS (32 outputs)
# 
# === [WRAPPER] 0529:8x4_DCT8xDST7_lfnst2_s2 (w=8 h=4 tr_h=2 tr_v=1 sidx=2 lfnst=2) ===
#   [RST t=200791825000] rst_n=0
#   [RST t=200792025000] rst_n=1
#   PASS (32 outputs)
# 
# === [WRAPPER] 0530:8x4_DCT8xDST7_lfnst2_s3 (w=8 h=4 tr_h=2 tr_v=1 sidx=3 lfnst=2) ===
#   [RST t=200806555000] rst_n=0
#   [RST t=200806755000] rst_n=1
#   PASS (32 outputs)
# 
# === [WRAPPER] 0531:8x4_DCT8xDCT8_lfnst0_s0 (w=8 h=4 tr_h=2 tr_v=2 sidx=0 lfnst=0) ===
#   [RST t=200821285000] rst_n=0
#   [RST t=200821485000] rst_n=1
#   PASS (32 outputs)
# 
# === [WRAPPER] 0532:8x4_DCT8xDCT8_lfnst1_s0 (w=8 h=4 tr_h=2 tr_v=2 sidx=0 lfnst=1) ===
#   [RST t=200829435000] rst_n=0
#   [RST t=200829635000] rst_n=1
#   PASS (32 outputs)
# 
# === [WRAPPER] 0533:8x4_DCT8xDCT8_lfnst1_s1 (w=8 h=4 tr_h=2 tr_v=2 sidx=1 lfnst=1) ===
#   [RST t=200844165000] rst_n=0
#   [RST t=200844365000] rst_n=1
#   PASS (32 outputs)
# 
# === [WRAPPER] 0534:8x4_DCT8xDCT8_lfnst1_s2 (w=8 h=4 tr_h=2 tr_v=2 sidx=2 lfnst=1) ===
#   [RST t=200858895000] rst_n=0
#   [RST t=200859095000] rst_n=1
#   PASS (32 outputs)
# 
# === [WRAPPER] 0535:8x4_DCT8xDCT8_lfnst1_s3 (w=8 h=4 tr_h=2 tr_v=2 sidx=3 lfnst=1) ===
#   [RST t=200873625000] rst_n=0
#   [RST t=200873825000] rst_n=1
#   PASS (32 outputs)
# 
# === [WRAPPER] 0536:8x4_DCT8xDCT8_lfnst2_s0 (w=8 h=4 tr_h=2 tr_v=2 sidx=0 lfnst=2) ===
#   [RST t=200888355000] rst_n=0
#   [RST t=200888555000] rst_n=1
#   PASS (32 outputs)
# 
# === [WRAPPER] 0537:8x4_DCT8xDCT8_lfnst2_s1 (w=8 h=4 tr_h=2 tr_v=2 sidx=1 lfnst=2) ===
#   [RST t=200903085000] rst_n=0
#   [RST t=200903285000] rst_n=1
#   PASS (32 outputs)
# 
# === [WRAPPER] 0538:8x4_DCT8xDCT8_lfnst2_s2 (w=8 h=4 tr_h=2 tr_v=2 sidx=2 lfnst=2) ===
#   [RST t=200917815000] rst_n=0
#   [RST t=200918015000] rst_n=1
#   PASS (32 outputs)
# 
# === [WRAPPER] 0539:8x4_DCT8xDCT8_lfnst2_s3 (w=8 h=4 tr_h=2 tr_v=2 sidx=3 lfnst=2) ===
#   [RST t=200932545000] rst_n=0
#   [RST t=200932745000] rst_n=1
#   PASS (32 outputs)
# 
# === [WRAPPER] 0540:8x4_DST7xDST7_lfnst0_s0 (w=8 h=4 tr_h=1 tr_v=1 sidx=0 lfnst=0) ===
#   [RST t=200947275000] rst_n=0
#   [RST t=200947475000] rst_n=1
#   PASS (32 outputs)
# 
# === [WRAPPER] 0541:8x4_DST7xDST7_lfnst1_s0 (w=8 h=4 tr_h=1 tr_v=1 sidx=0 lfnst=1) ===
#   [RST t=200955435000] rst_n=0
#   [RST t=200955635000] rst_n=1
#   PASS (32 outputs)
# 
# === [WRAPPER] 0542:8x4_DST7xDST7_lfnst1_s1 (w=8 h=4 tr_h=1 tr_v=1 sidx=1 lfnst=1) ===
#   [RST t=200970165000] rst_n=0
#   [RST t=200970365000] rst_n=1
#   PASS (32 outputs)
# 
# === [WRAPPER] 0543:8x4_DST7xDST7_lfnst1_s2 (w=8 h=4 tr_h=1 tr_v=1 sidx=2 lfnst=1) ===
#   [RST t=200984895000] rst_n=0
#   [RST t=200985095000] rst_n=1
#   PASS (32 outputs)
# 
# === [WRAPPER] 0544:8x4_DST7xDST7_lfnst1_s3 (w=8 h=4 tr_h=1 tr_v=1 sidx=3 lfnst=1) ===
#   [RST t=200999625000] rst_n=0
#   [RST t=200999825000] rst_n=1
#   PASS (32 outputs)
# 
# === [WRAPPER] 0545:8x4_DST7xDST7_lfnst2_s0 (w=8 h=4 tr_h=1 tr_v=1 sidx=0 lfnst=2) ===
#   [RST t=201014355000] rst_n=0
#   [RST t=201014555000] rst_n=1
#   PASS (32 outputs)
# 
# === [WRAPPER] 0546:8x4_DST7xDST7_lfnst2_s1 (w=8 h=4 tr_h=1 tr_v=1 sidx=1 lfnst=2) ===
#   [RST t=201029085000] rst_n=0
#   [RST t=201029285000] rst_n=1
#   PASS (32 outputs)
# 
# === [WRAPPER] 0547:8x4_DST7xDST7_lfnst2_s2 (w=8 h=4 tr_h=1 tr_v=1 sidx=2 lfnst=2) ===
#   [RST t=201043815000] rst_n=0
#   [RST t=201044015000] rst_n=1
#   PASS (32 outputs)
# 
# === [WRAPPER] 0548:8x4_DST7xDST7_lfnst2_s3 (w=8 h=4 tr_h=1 tr_v=1 sidx=3 lfnst=2) ===
#   [RST t=201058545000] rst_n=0
#   [RST t=201058745000] rst_n=1
#   PASS (32 outputs)
# 
# === [WRAPPER] 0549:8x4_DCT2xDCT8_lfnst0_s0 (w=8 h=4 tr_h=0 tr_v=2 sidx=0 lfnst=0) ===
#   [RST t=201073275000] rst_n=0
#   [RST t=201073475000] rst_n=1
#   PASS (32 outputs)
# 
# === [WRAPPER] 0550:8x4_DCT2xDCT8_lfnst1_s0 (w=8 h=4 tr_h=0 tr_v=2 sidx=0 lfnst=1) ===
#   [RST t=201081395000] rst_n=0
#   [RST t=201081595000] rst_n=1
#   PASS (32 outputs)
# 
# === [WRAPPER] 0551:8x4_DCT2xDCT8_lfnst1_s1 (w=8 h=4 tr_h=0 tr_v=2 sidx=1 lfnst=1) ===
#   [RST t=201096125000] rst_n=0
#   [RST t=201096325000] rst_n=1
#   PASS (32 outputs)
# 
# === [WRAPPER] 0552:8x4_DCT2xDCT8_lfnst1_s2 (w=8 h=4 tr_h=0 tr_v=2 sidx=2 lfnst=1) ===
#   [RST t=201110855000] rst_n=0
#   [RST t=201111055000] rst_n=1
#   PASS (32 outputs)
# 
# === [WRAPPER] 0553:8x4_DCT2xDCT8_lfnst1_s3 (w=8 h=4 tr_h=0 tr_v=2 sidx=3 lfnst=1) ===
#   [RST t=201125585000] rst_n=0
#   [RST t=201125785000] rst_n=1
#   PASS (32 outputs)
# 
# === [WRAPPER] 0554:8x4_DCT2xDCT8_lfnst2_s0 (w=8 h=4 tr_h=0 tr_v=2 sidx=0 lfnst=2) ===
#   [RST t=201140315000] rst_n=0
#   [RST t=201140515000] rst_n=1
#   PASS (32 outputs)
# 
# === [WRAPPER] 0555:8x4_DCT2xDCT8_lfnst2_s1 (w=8 h=4 tr_h=0 tr_v=2 sidx=1 lfnst=2) ===
#   [RST t=201155045000] rst_n=0
#   [RST t=201155245000] rst_n=1
#   PASS (32 outputs)
# 
# === [WRAPPER] 0556:8x4_DCT2xDCT8_lfnst2_s2 (w=8 h=4 tr_h=0 tr_v=2 sidx=2 lfnst=2) ===
#   [RST t=201169775000] rst_n=0
#   [RST t=201169975000] rst_n=1
#   PASS (32 outputs)
# 
# === [WRAPPER] 0557:8x4_DCT2xDCT8_lfnst2_s3 (w=8 h=4 tr_h=0 tr_v=2 sidx=3 lfnst=2) ===
#   [RST t=201184505000] rst_n=0
#   [RST t=201184705000] rst_n=1
#   PASS (32 outputs)
# 
# === [WRAPPER] 0558:8x4_DCT8xDCT2_lfnst0_s0 (w=8 h=4 tr_h=2 tr_v=0 sidx=0 lfnst=0) ===
#   [RST t=201199235000] rst_n=0
#   [RST t=201199435000] rst_n=1
#   PASS (32 outputs)
# 
# === [WRAPPER] 0559:8x4_DCT8xDCT2_lfnst1_s0 (w=8 h=4 tr_h=2 tr_v=0 sidx=0 lfnst=1) ===
#   [RST t=201207385000] rst_n=0
#   [RST t=201207585000] rst_n=1
#   PASS (32 outputs)
# 
# === [WRAPPER] 0560:8x4_DCT8xDCT2_lfnst1_s1 (w=8 h=4 tr_h=2 tr_v=0 sidx=1 lfnst=1) ===
#   [RST t=201222115000] rst_n=0
#   [RST t=201222315000] rst_n=1
#   PASS (32 outputs)
# 
# === [WRAPPER] 0561:8x4_DCT8xDCT2_lfnst1_s2 (w=8 h=4 tr_h=2 tr_v=0 sidx=2 lfnst=1) ===
#   [RST t=201236845000] rst_n=0
#   [RST t=201237045000] rst_n=1
#   PASS (32 outputs)
# 
# === [WRAPPER] 0562:8x4_DCT8xDCT2_lfnst1_s3 (w=8 h=4 tr_h=2 tr_v=0 sidx=3 lfnst=1) ===
#   [RST t=201251575000] rst_n=0
#   [RST t=201251775000] rst_n=1
#   PASS (32 outputs)
# 
# === [WRAPPER] 0563:8x4_DCT8xDCT2_lfnst2_s0 (w=8 h=4 tr_h=2 tr_v=0 sidx=0 lfnst=2) ===
#   [RST t=201266305000] rst_n=0
#   [RST t=201266505000] rst_n=1
#   PASS (32 outputs)
# 
# === [WRAPPER] 0564:8x4_DCT8xDCT2_lfnst2_s1 (w=8 h=4 tr_h=2 tr_v=0 sidx=1 lfnst=2) ===
#   [RST t=201281035000] rst_n=0
#   [RST t=201281235000] rst_n=1
#   PASS (32 outputs)
# 
# === [WRAPPER] 0565:8x4_DCT8xDCT2_lfnst2_s2 (w=8 h=4 tr_h=2 tr_v=0 sidx=2 lfnst=2) ===
#   [RST t=201295765000] rst_n=0
#   [RST t=201295965000] rst_n=1
#   PASS (32 outputs)
# 
# === [WRAPPER] 0566:8x4_DCT8xDCT2_lfnst2_s3 (w=8 h=4 tr_h=2 tr_v=0 sidx=3 lfnst=2) ===
#   [RST t=201310495000] rst_n=0
#   [RST t=201310695000] rst_n=1
#   PASS (32 outputs)
# 
# === [WRAPPER] 0567:8x4_DCT2xDST7_lfnst0_s0 (w=8 h=4 tr_h=0 tr_v=1 sidx=0 lfnst=0) ===
#   [RST t=201325225000] rst_n=0
#   [RST t=201325425000] rst_n=1
#   PASS (32 outputs)
# 
# === [WRAPPER] 0568:8x4_DCT2xDST7_lfnst1_s0 (w=8 h=4 tr_h=0 tr_v=1 sidx=0 lfnst=1) ===
#   [RST t=201333425000] rst_n=0
#   [RST t=201333625000] rst_n=1
#   PASS (32 outputs)
# 
# === [WRAPPER] 0569:8x4_DCT2xDST7_lfnst1_s1 (w=8 h=4 tr_h=0 tr_v=1 sidx=1 lfnst=1) ===
#   [RST t=201348155000] rst_n=0
#   [RST t=201348355000] rst_n=1
#   PASS (32 outputs)
# 
# === [WRAPPER] 0570:8x4_DCT2xDST7_lfnst1_s2 (w=8 h=4 tr_h=0 tr_v=1 sidx=2 lfnst=1) ===
#   [RST t=201362885000] rst_n=0
#   [RST t=201363085000] rst_n=1
#   PASS (32 outputs)
# 
# === [WRAPPER] 0571:8x4_DCT2xDST7_lfnst1_s3 (w=8 h=4 tr_h=0 tr_v=1 sidx=3 lfnst=1) ===
#   [RST t=201377615000] rst_n=0
#   [RST t=201377815000] rst_n=1
#   PASS (32 outputs)
# 
# === [WRAPPER] 0572:8x4_DCT2xDST7_lfnst2_s0 (w=8 h=4 tr_h=0 tr_v=1 sidx=0 lfnst=2) ===
#   [RST t=201392345000] rst_n=0
#   [RST t=201392545000] rst_n=1
#   PASS (32 outputs)
# 
# === [WRAPPER] 0573:8x4_DCT2xDST7_lfnst2_s1 (w=8 h=4 tr_h=0 tr_v=1 sidx=1 lfnst=2) ===
#   [RST t=201407075000] rst_n=0
#   [RST t=201407275000] rst_n=1
#   PASS (32 outputs)
# 
# === [WRAPPER] 0574:8x4_DCT2xDST7_lfnst2_s2 (w=8 h=4 tr_h=0 tr_v=1 sidx=2 lfnst=2) ===
#   [RST t=201421805000] rst_n=0
#   [RST t=201422005000] rst_n=1
#   PASS (32 outputs)
# 
# === [WRAPPER] 0575:8x4_DCT2xDST7_lfnst2_s3 (w=8 h=4 tr_h=0 tr_v=1 sidx=3 lfnst=2) ===
#   [RST t=201436535000] rst_n=0
#   [RST t=201436735000] rst_n=1
#   PASS (32 outputs)
# 
# === [WRAPPER] 0576:8x4_DST7xDCT2_lfnst0_s0 (w=8 h=4 tr_h=1 tr_v=0 sidx=0 lfnst=0) ===
#   [RST t=201451265000] rst_n=0
#   [RST t=201451465000] rst_n=1
#   PASS (32 outputs)
# 
# === [WRAPPER] 0577:8x4_DST7xDCT2_lfnst1_s0 (w=8 h=4 tr_h=1 tr_v=0 sidx=0 lfnst=1) ===
#   [RST t=201459435000] rst_n=0
#   [RST t=201459635000] rst_n=1
#   PASS (32 outputs)
# 
# === [WRAPPER] 0578:8x4_DST7xDCT2_lfnst1_s1 (w=8 h=4 tr_h=1 tr_v=0 sidx=1 lfnst=1) ===
#   [RST t=201474165000] rst_n=0
#   [RST t=201474365000] rst_n=1
#   PASS (32 outputs)
# 
# === [WRAPPER] 0579:8x4_DST7xDCT2_lfnst1_s2 (w=8 h=4 tr_h=1 tr_v=0 sidx=2 lfnst=1) ===
#   [RST t=201488895000] rst_n=0
#   [RST t=201489095000] rst_n=1
#   PASS (32 outputs)
# 
# === [WRAPPER] 0580:8x4_DST7xDCT2_lfnst1_s3 (w=8 h=4 tr_h=1 tr_v=0 sidx=3 lfnst=1) ===
#   [RST t=201503625000] rst_n=0
#   [RST t=201503825000] rst_n=1
#   PASS (32 outputs)
# 
# === [WRAPPER] 0581:8x4_DST7xDCT2_lfnst2_s0 (w=8 h=4 tr_h=1 tr_v=0 sidx=0 lfnst=2) ===
#   [RST t=201518355000] rst_n=0
#   [RST t=201518555000] rst_n=1
#   PASS (32 outputs)
# 
# === [WRAPPER] 0582:8x4_DST7xDCT2_lfnst2_s1 (w=8 h=4 tr_h=1 tr_v=0 sidx=1 lfnst=2) ===
#   [RST t=201533085000] rst_n=0
#   [RST t=201533285000] rst_n=1
#   PASS (32 outputs)
# 
# === [WRAPPER] 0583:8x4_DST7xDCT2_lfnst2_s2 (w=8 h=4 tr_h=1 tr_v=0 sidx=2 lfnst=2) ===
#   [RST t=201547815000] rst_n=0
#   [RST t=201548015000] rst_n=1
#   PASS (32 outputs)
# 
# === [WRAPPER] 0584:8x4_DST7xDCT2_lfnst2_s3 (w=8 h=4 tr_h=1 tr_v=0 sidx=3 lfnst=2) ===
#   [RST t=201562545000] rst_n=0
#   [RST t=201562745000] rst_n=1
#   PASS (32 outputs)
# 
# === [WRAPPER] 0585:16x4_DST7xDCT8_lfnst0_s0 (w=16 h=4 tr_h=1 tr_v=2 sidx=0 lfnst=0) ===
#   [RST t=201577275000] rst_n=0
#   [RST t=201577475000] rst_n=1
#   PASS (64 outputs)
# 
# === [WRAPPER] 0586:16x4_DST7xDCT8_lfnst1_s0 (w=16 h=4 tr_h=1 tr_v=2 sidx=0 lfnst=1) ===
#   [RST t=201599045000] rst_n=0
#   [RST t=201599245000] rst_n=1
#   PASS (64 outputs)
# 
# === [WRAPPER] 0587:16x4_DST7xDCT8_lfnst1_s1 (w=16 h=4 tr_h=1 tr_v=2 sidx=1 lfnst=1) ===
#   [RST t=201627375000] rst_n=0
#   [RST t=201627575000] rst_n=1
#   PASS (64 outputs)
# 
# === [WRAPPER] 0588:16x4_DST7xDCT8_lfnst1_s2 (w=16 h=4 tr_h=1 tr_v=2 sidx=2 lfnst=1) ===
#   [RST t=201655705000] rst_n=0
#   [RST t=201655905000] rst_n=1
#   PASS (64 outputs)
# 
# === [WRAPPER] 0589:16x4_DST7xDCT8_lfnst1_s3 (w=16 h=4 tr_h=1 tr_v=2 sidx=3 lfnst=1) ===
#   [RST t=201684035000] rst_n=0
#   [RST t=201684235000] rst_n=1
#   PASS (64 outputs)
# 
# === [WRAPPER] 0590:16x4_DST7xDCT8_lfnst2_s0 (w=16 h=4 tr_h=1 tr_v=2 sidx=0 lfnst=2) ===
#   [RST t=201712365000] rst_n=0
#   [RST t=201712565000] rst_n=1
#   PASS (64 outputs)
# 
# === [WRAPPER] 0591:16x4_DST7xDCT8_lfnst2_s1 (w=16 h=4 tr_h=1 tr_v=2 sidx=1 lfnst=2) ===
#   [RST t=201740695000] rst_n=0
#   [RST t=201740895000] rst_n=1
#   PASS (64 outputs)
# 
# === [WRAPPER] 0592:16x4_DST7xDCT8_lfnst2_s2 (w=16 h=4 tr_h=1 tr_v=2 sidx=2 lfnst=2) ===
#   [RST t=201769025000] rst_n=0
#   [RST t=201769225000] rst_n=1
#   PASS (64 outputs)
# 
# === [WRAPPER] 0593:16x4_DST7xDCT8_lfnst2_s3 (w=16 h=4 tr_h=1 tr_v=2 sidx=3 lfnst=2) ===
#   [RST t=201797355000] rst_n=0
#   [RST t=201797555000] rst_n=1
#   PASS (64 outputs)
# 
# === [WRAPPER] 0594:16x4_DCT8xDST7_lfnst0_s0 (w=16 h=4 tr_h=2 tr_v=1 sidx=0 lfnst=0) ===
#   [RST t=201825685000] rst_n=0
#   [RST t=201825885000] rst_n=1
#   PASS (64 outputs)
# 
# === [WRAPPER] 0595:16x4_DCT8xDST7_lfnst1_s0 (w=16 h=4 tr_h=2 tr_v=1 sidx=0 lfnst=1) ===
#   [RST t=201847535000] rst_n=0
#   [RST t=201847735000] rst_n=1
#   PASS (64 outputs)
# 
# === [WRAPPER] 0596:16x4_DCT8xDST7_lfnst1_s1 (w=16 h=4 tr_h=2 tr_v=1 sidx=1 lfnst=1) ===
#   [RST t=201875865000] rst_n=0
#   [RST t=201876065000] rst_n=1
#   PASS (64 outputs)
# 
# === [WRAPPER] 0597:16x4_DCT8xDST7_lfnst1_s2 (w=16 h=4 tr_h=2 tr_v=1 sidx=2 lfnst=1) ===
#   [RST t=201904195000] rst_n=0
#   [RST t=201904395000] rst_n=1
#   PASS (64 outputs)
# 
# === [WRAPPER] 0598:16x4_DCT8xDST7_lfnst1_s3 (w=16 h=4 tr_h=2 tr_v=1 sidx=3 lfnst=1) ===
#   [RST t=201932525000] rst_n=0
#   [RST t=201932725000] rst_n=1
#   PASS (64 outputs)
# 
# === [WRAPPER] 0599:16x4_DCT8xDST7_lfnst2_s0 (w=16 h=4 tr_h=2 tr_v=1 sidx=0 lfnst=2) ===
#   [RST t=201960855000] rst_n=0
#   [RST t=201961055000] rst_n=1
#   PASS (64 outputs)
# 
# === [WRAPPER] 0600:16x4_DCT8xDST7_lfnst2_s1 (w=16 h=4 tr_h=2 tr_v=1 sidx=1 lfnst=2) ===
#   [RST t=201989185000] rst_n=0
#   [RST t=201989385000] rst_n=1
#   PASS (64 outputs)
# 
# === [WRAPPER] 0601:16x4_DCT8xDST7_lfnst2_s2 (w=16 h=4 tr_h=2 tr_v=1 sidx=2 lfnst=2) ===
#   [RST t=202017515000] rst_n=0
#   [RST t=202017715000] rst_n=1
#   PASS (64 outputs)
# 
# === [WRAPPER] 0602:16x4_DCT8xDST7_lfnst2_s3 (w=16 h=4 tr_h=2 tr_v=1 sidx=3 lfnst=2) ===
#   [RST t=202045845000] rst_n=0
#   [RST t=202046045000] rst_n=1
#   PASS (64 outputs)
# 
# === [WRAPPER] 0603:16x4_DCT8xDCT8_lfnst0_s0 (w=16 h=4 tr_h=2 tr_v=2 sidx=0 lfnst=0) ===
#   [RST t=202074175000] rst_n=0
#   [RST t=202074375000] rst_n=1
#   PASS (64 outputs)
# 
# === [WRAPPER] 0604:16x4_DCT8xDCT8_lfnst1_s0 (w=16 h=4 tr_h=2 tr_v=2 sidx=0 lfnst=1) ===
#   [RST t=202095915000] rst_n=0
#   [RST t=202096115000] rst_n=1
#   PASS (64 outputs)
# 
# === [WRAPPER] 0605:16x4_DCT8xDCT8_lfnst1_s1 (w=16 h=4 tr_h=2 tr_v=2 sidx=1 lfnst=1) ===
#   [RST t=202124245000] rst_n=0
#   [RST t=202124445000] rst_n=1
#   PASS (64 outputs)
# 
# === [WRAPPER] 0606:16x4_DCT8xDCT8_lfnst1_s2 (w=16 h=4 tr_h=2 tr_v=2 sidx=2 lfnst=1) ===
#   [RST t=202152575000] rst_n=0
#   [RST t=202152775000] rst_n=1
#   PASS (64 outputs)
# 
# === [WRAPPER] 0607:16x4_DCT8xDCT8_lfnst1_s3 (w=16 h=4 tr_h=2 tr_v=2 sidx=3 lfnst=1) ===
#   [RST t=202180905000] rst_n=0
#   [RST t=202181105000] rst_n=1
#   PASS (64 outputs)
# 
# === [WRAPPER] 0608:16x4_DCT8xDCT8_lfnst2_s0 (w=16 h=4 tr_h=2 tr_v=2 sidx=0 lfnst=2) ===
#   [RST t=202209235000] rst_n=0
#   [RST t=202209435000] rst_n=1
#   PASS (64 outputs)
# 
# === [WRAPPER] 0609:16x4_DCT8xDCT8_lfnst2_s1 (w=16 h=4 tr_h=2 tr_v=2 sidx=1 lfnst=2) ===
#   [RST t=202237565000] rst_n=0
#   [RST t=202237765000] rst_n=1
#   PASS (64 outputs)
# 
# === [WRAPPER] 0610:16x4_DCT8xDCT8_lfnst2_s2 (w=16 h=4 tr_h=2 tr_v=2 sidx=2 lfnst=2) ===
#   [RST t=202265895000] rst_n=0
#   [RST t=202266095000] rst_n=1
#   PASS (64 outputs)
# 
# === [WRAPPER] 0611:16x4_DCT8xDCT8_lfnst2_s3 (w=16 h=4 tr_h=2 tr_v=2 sidx=3 lfnst=2) ===
#   [RST t=202294225000] rst_n=0
#   [RST t=202294425000] rst_n=1
#   PASS (64 outputs)
# 
# === [WRAPPER] 0612:16x4_DST7xDST7_lfnst0_s0 (w=16 h=4 tr_h=1 tr_v=1 sidx=0 lfnst=0) ===
#   [RST t=202322555000] rst_n=0
#   [RST t=202322755000] rst_n=1
#   PASS (64 outputs)
# 
# === [WRAPPER] 0613:16x4_DST7xDST7_lfnst1_s0 (w=16 h=4 tr_h=1 tr_v=1 sidx=0 lfnst=1) ===
#   [RST t=202344345000] rst_n=0
#   [RST t=202344545000] rst_n=1
#   PASS (64 outputs)
# 
# === [WRAPPER] 0614:16x4_DST7xDST7_lfnst1_s1 (w=16 h=4 tr_h=1 tr_v=1 sidx=1 lfnst=1) ===
#   [RST t=202372675000] rst_n=0
#   [RST t=202372875000] rst_n=1
#   PASS (64 outputs)
# 
# === [WRAPPER] 0615:16x4_DST7xDST7_lfnst1_s2 (w=16 h=4 tr_h=1 tr_v=1 sidx=2 lfnst=1) ===
#   [RST t=202401005000] rst_n=0
#   [RST t=202401205000] rst_n=1
#   PASS (64 outputs)
# 
# === [WRAPPER] 0616:16x4_DST7xDST7_lfnst1_s3 (w=16 h=4 tr_h=1 tr_v=1 sidx=3 lfnst=1) ===
#   [RST t=202429335000] rst_n=0
#   [RST t=202429535000] rst_n=1
#   PASS (64 outputs)
# 
# === [WRAPPER] 0617:16x4_DST7xDST7_lfnst2_s0 (w=16 h=4 tr_h=1 tr_v=1 sidx=0 lfnst=2) ===
#   [RST t=202457665000] rst_n=0
#   [RST t=202457865000] rst_n=1
#   PASS (64 outputs)
# 
# === [WRAPPER] 0618:16x4_DST7xDST7_lfnst2_s1 (w=16 h=4 tr_h=1 tr_v=1 sidx=1 lfnst=2) ===
#   [RST t=202485995000] rst_n=0
#   [RST t=202486195000] rst_n=1
#   PASS (64 outputs)
# 
# === [WRAPPER] 0619:16x4_DST7xDST7_lfnst2_s2 (w=16 h=4 tr_h=1 tr_v=1 sidx=2 lfnst=2) ===
#   [RST t=202514325000] rst_n=0
#   [RST t=202514525000] rst_n=1
#   PASS (64 outputs)
# 
# === [WRAPPER] 0620:16x4_DST7xDST7_lfnst2_s3 (w=16 h=4 tr_h=1 tr_v=1 sidx=3 lfnst=2) ===
#   [RST t=202542655000] rst_n=0
#   [RST t=202542855000] rst_n=1
#   PASS (64 outputs)
# 
# === [WRAPPER] 0621:16x4_DCT2xDCT8_lfnst0_s0 (w=16 h=4 tr_h=0 tr_v=2 sidx=0 lfnst=0) ===
#   [RST t=202570985000] rst_n=0
#   [RST t=202571185000] rst_n=1
#   PASS (64 outputs)
# 
# === [WRAPPER] 0622:16x4_DCT2xDCT8_lfnst1_s0 (w=16 h=4 tr_h=0 tr_v=2 sidx=0 lfnst=1) ===
#   [RST t=202592815000] rst_n=0
#   [RST t=202593015000] rst_n=1
#   PASS (64 outputs)
# 
# === [WRAPPER] 0623:16x4_DCT2xDCT8_lfnst1_s1 (w=16 h=4 tr_h=0 tr_v=2 sidx=1 lfnst=1) ===
#   [RST t=202621145000] rst_n=0
#   [RST t=202621345000] rst_n=1
#   PASS (64 outputs)
# 
# === [WRAPPER] 0624:16x4_DCT2xDCT8_lfnst1_s2 (w=16 h=4 tr_h=0 tr_v=2 sidx=2 lfnst=1) ===
#   [RST t=202649475000] rst_n=0
#   [RST t=202649675000] rst_n=1
#   PASS (64 outputs)
# 
# === [WRAPPER] 0625:16x4_DCT2xDCT8_lfnst1_s3 (w=16 h=4 tr_h=0 tr_v=2 sidx=3 lfnst=1) ===
#   [RST t=202677805000] rst_n=0
#   [RST t=202678005000] rst_n=1
#   PASS (64 outputs)
# 
# === [WRAPPER] 0626:16x4_DCT2xDCT8_lfnst2_s0 (w=16 h=4 tr_h=0 tr_v=2 sidx=0 lfnst=2) ===
#   [RST t=202706135000] rst_n=0
#   [RST t=202706335000] rst_n=1
#   PASS (64 outputs)
# 
# === [WRAPPER] 0627:16x4_DCT2xDCT8_lfnst2_s1 (w=16 h=4 tr_h=0 tr_v=2 sidx=1 lfnst=2) ===
#   [RST t=202734465000] rst_n=0
#   [RST t=202734665000] rst_n=1
#   PASS (64 outputs)
# 
# === [WRAPPER] 0628:16x4_DCT2xDCT8_lfnst2_s2 (w=16 h=4 tr_h=0 tr_v=2 sidx=2 lfnst=2) ===
#   [RST t=202762795000] rst_n=0
#   [RST t=202762995000] rst_n=1
#   PASS (64 outputs)
# 
# === [WRAPPER] 0629:16x4_DCT2xDCT8_lfnst2_s3 (w=16 h=4 tr_h=0 tr_v=2 sidx=3 lfnst=2) ===
#   [RST t=202791125000] rst_n=0
#   [RST t=202791325000] rst_n=1
#   PASS (64 outputs)
# 
# === [WRAPPER] 0630:16x4_DCT8xDCT2_lfnst0_s0 (w=16 h=4 tr_h=2 tr_v=0 sidx=0 lfnst=0) ===
#   [RST t=202819455000] rst_n=0
#   [RST t=202819655000] rst_n=1
#   PASS (64 outputs)
# 
# === [WRAPPER] 0631:16x4_DCT8xDCT2_lfnst1_s0 (w=16 h=4 tr_h=2 tr_v=0 sidx=0 lfnst=1) ===
#   [RST t=202841255000] rst_n=0
#   [RST t=202841455000] rst_n=1
#   PASS (64 outputs)
# 
# === [WRAPPER] 0632:16x4_DCT8xDCT2_lfnst1_s1 (w=16 h=4 tr_h=2 tr_v=0 sidx=1 lfnst=1) ===
#   [RST t=202869585000] rst_n=0
#   [RST t=202869785000] rst_n=1
#   PASS (64 outputs)
# 
# === [WRAPPER] 0633:16x4_DCT8xDCT2_lfnst1_s2 (w=16 h=4 tr_h=2 tr_v=0 sidx=2 lfnst=1) ===
#   [RST t=202897915000] rst_n=0
#   [RST t=202898115000] rst_n=1
#   PASS (64 outputs)
# 
# === [WRAPPER] 0634:16x4_DCT8xDCT2_lfnst1_s3 (w=16 h=4 tr_h=2 tr_v=0 sidx=3 lfnst=1) ===
#   [RST t=202926245000] rst_n=0
#   [RST t=202926445000] rst_n=1
#   PASS (64 outputs)
# 
# === [WRAPPER] 0635:16x4_DCT8xDCT2_lfnst2_s0 (w=16 h=4 tr_h=2 tr_v=0 sidx=0 lfnst=2) ===
#   [RST t=202954575000] rst_n=0
#   [RST t=202954775000] rst_n=1
#   PASS (64 outputs)
# 
# === [WRAPPER] 0636:16x4_DCT8xDCT2_lfnst2_s1 (w=16 h=4 tr_h=2 tr_v=0 sidx=1 lfnst=2) ===
#   [RST t=202982905000] rst_n=0
#   [RST t=202983105000] rst_n=1
#   PASS (64 outputs)
# 
# === [WRAPPER] 0637:16x4_DCT8xDCT2_lfnst2_s2 (w=16 h=4 tr_h=2 tr_v=0 sidx=2 lfnst=2) ===
#   [RST t=203011235000] rst_n=0
#   [RST t=203011435000] rst_n=1
#   PASS (64 outputs)
# 
# === [WRAPPER] 0638:16x4_DCT8xDCT2_lfnst2_s3 (w=16 h=4 tr_h=2 tr_v=0 sidx=3 lfnst=2) ===
#   [RST t=203039565000] rst_n=0
#   [RST t=203039765000] rst_n=1
#   PASS (64 outputs)
# 
# === [WRAPPER] 0639:16x4_DCT2xDST7_lfnst0_s0 (w=16 h=4 tr_h=0 tr_v=1 sidx=0 lfnst=0) ===
#   [RST t=203067895000] rst_n=0
#   [RST t=203068095000] rst_n=1
#   PASS (64 outputs)
# 
# === [WRAPPER] 0640:16x4_DCT2xDST7_lfnst1_s0 (w=16 h=4 tr_h=0 tr_v=1 sidx=0 lfnst=1) ===
#   [RST t=203089725000] rst_n=0
#   [RST t=203089925000] rst_n=1
#   PASS (64 outputs)
# 
# === [WRAPPER] 0641:16x4_DCT2xDST7_lfnst1_s1 (w=16 h=4 tr_h=0 tr_v=1 sidx=1 lfnst=1) ===
#   [RST t=203118055000] rst_n=0
#   [RST t=203118255000] rst_n=1
#   PASS (64 outputs)
# 
# === [WRAPPER] 0642:16x4_DCT2xDST7_lfnst1_s2 (w=16 h=4 tr_h=0 tr_v=1 sidx=2 lfnst=1) ===
#   [RST t=203146385000] rst_n=0
#   [RST t=203146585000] rst_n=1
#   PASS (64 outputs)
# 
# === [WRAPPER] 0643:16x4_DCT2xDST7_lfnst1_s3 (w=16 h=4 tr_h=0 tr_v=1 sidx=3 lfnst=1) ===
#   [RST t=203174715000] rst_n=0
#   [RST t=203174915000] rst_n=1
#   PASS (64 outputs)
# 
# === [WRAPPER] 0644:16x4_DCT2xDST7_lfnst2_s0 (w=16 h=4 tr_h=0 tr_v=1 sidx=0 lfnst=2) ===
#   [RST t=203203045000] rst_n=0
#   [RST t=203203245000] rst_n=1
#   PASS (64 outputs)
# 
# === [WRAPPER] 0645:16x4_DCT2xDST7_lfnst2_s1 (w=16 h=4 tr_h=0 tr_v=1 sidx=1 lfnst=2) ===
#   [RST t=203231375000] rst_n=0
#   [RST t=203231575000] rst_n=1
#   PASS (64 outputs)
# 
# === [WRAPPER] 0646:16x4_DCT2xDST7_lfnst2_s2 (w=16 h=4 tr_h=0 tr_v=1 sidx=2 lfnst=2) ===
#   [RST t=203259705000] rst_n=0
#   [RST t=203259905000] rst_n=1
#   PASS (64 outputs)
# 
# === [WRAPPER] 0647:16x4_DCT2xDST7_lfnst2_s3 (w=16 h=4 tr_h=0 tr_v=1 sidx=3 lfnst=2) ===
#   [RST t=203288035000] rst_n=0
#   [RST t=203288235000] rst_n=1
#   PASS (64 outputs)
# 
# === [WRAPPER] 0648:16x4_DST7xDCT2_lfnst0_s0 (w=16 h=4 tr_h=1 tr_v=0 sidx=0 lfnst=0) ===
#   [RST t=203316365000] rst_n=0
#   [RST t=203316565000] rst_n=1
#   PASS (64 outputs)
# 
# === [WRAPPER] 0649:16x4_DST7xDCT2_lfnst1_s0 (w=16 h=4 tr_h=1 tr_v=0 sidx=0 lfnst=1) ===
#   [RST t=203338085000] rst_n=0
#   [RST t=203338285000] rst_n=1
#   PASS (64 outputs)
# 
# === [WRAPPER] 0650:16x4_DST7xDCT2_lfnst1_s1 (w=16 h=4 tr_h=1 tr_v=0 sidx=1 lfnst=1) ===
#   [RST t=203366415000] rst_n=0
#   [RST t=203366615000] rst_n=1
#   PASS (64 outputs)
# 
# === [WRAPPER] 0651:16x4_DST7xDCT2_lfnst1_s2 (w=16 h=4 tr_h=1 tr_v=0 sidx=2 lfnst=1) ===
#   [RST t=203394745000] rst_n=0
#   [RST t=203394945000] rst_n=1
#   PASS (64 outputs)
# 
# === [WRAPPER] 0652:16x4_DST7xDCT2_lfnst1_s3 (w=16 h=4 tr_h=1 tr_v=0 sidx=3 lfnst=1) ===
#   [RST t=203423075000] rst_n=0
#   [RST t=203423275000] rst_n=1
#   PASS (64 outputs)
# 
# === [WRAPPER] 0653:16x4_DST7xDCT2_lfnst2_s0 (w=16 h=4 tr_h=1 tr_v=0 sidx=0 lfnst=2) ===
#   [RST t=203451405000] rst_n=0
#   [RST t=203451605000] rst_n=1
#   PASS (64 outputs)
# 
# === [WRAPPER] 0654:16x4_DST7xDCT2_lfnst2_s1 (w=16 h=4 tr_h=1 tr_v=0 sidx=1 lfnst=2) ===
#   [RST t=203479735000] rst_n=0
#   [RST t=203479935000] rst_n=1
#   PASS (64 outputs)
# 
# === [WRAPPER] 0655:16x4_DST7xDCT2_lfnst2_s2 (w=16 h=4 tr_h=1 tr_v=0 sidx=2 lfnst=2) ===
#   [RST t=203508065000] rst_n=0
#   [RST t=203508265000] rst_n=1
#   PASS (64 outputs)
# 
# === [WRAPPER] 0656:16x4_DST7xDCT2_lfnst2_s3 (w=16 h=4 tr_h=1 tr_v=0 sidx=3 lfnst=2) ===
#   [RST t=203536395000] rst_n=0
#   [RST t=203536595000] rst_n=1
#   PASS (64 outputs)
# 
# === [WRAPPER] 0657:32x4_DST7xDCT8_lfnst0_s0 (w=32 h=4 tr_h=1 tr_v=2 sidx=0 lfnst=0) ===
#   [RST t=203564725000] rst_n=0
#   [RST t=203564925000] rst_n=1
#   PASS (128 outputs)
# 
# === [WRAPPER] 0658:32x4_DST7xDCT8_lfnst1_s0 (w=32 h=4 tr_h=1 tr_v=2 sidx=0 lfnst=1) ===
#   [RST t=203632915000] rst_n=0
#   [RST t=203633115000] rst_n=1
#   PASS (128 outputs)
# 
# === [WRAPPER] 0659:32x4_DST7xDCT8_lfnst1_s1 (w=32 h=4 tr_h=1 tr_v=2 sidx=1 lfnst=1) ===
#   [RST t=203707645000] rst_n=0
#   [RST t=203707845000] rst_n=1
#   PASS (128 outputs)
# 
# === [WRAPPER] 0660:32x4_DST7xDCT8_lfnst1_s2 (w=32 h=4 tr_h=1 tr_v=2 sidx=2 lfnst=1) ===
#   [RST t=203782375000] rst_n=0
#   [RST t=203782575000] rst_n=1
#   PASS (128 outputs)
# 
# === [WRAPPER] 0661:32x4_DST7xDCT8_lfnst1_s3 (w=32 h=4 tr_h=1 tr_v=2 sidx=3 lfnst=1) ===
#   [RST t=203857105000] rst_n=0
#   [RST t=203857305000] rst_n=1
#   PASS (128 outputs)
# 
# === [WRAPPER] 0662:32x4_DST7xDCT8_lfnst2_s0 (w=32 h=4 tr_h=1 tr_v=2 sidx=0 lfnst=2) ===
#   [RST t=203931835000] rst_n=0
#   [RST t=203932035000] rst_n=1
#   PASS (128 outputs)
# 
# === [WRAPPER] 0663:32x4_DST7xDCT8_lfnst2_s1 (w=32 h=4 tr_h=1 tr_v=2 sidx=1 lfnst=2) ===
#   [RST t=204006565000] rst_n=0
#   [RST t=204006765000] rst_n=1
#   PASS (128 outputs)
# 
# === [WRAPPER] 0664:32x4_DST7xDCT8_lfnst2_s2 (w=32 h=4 tr_h=1 tr_v=2 sidx=2 lfnst=2) ===
#   [RST t=204081295000] rst_n=0
#   [RST t=204081495000] rst_n=1
#   PASS (128 outputs)
# 
# === [WRAPPER] 0665:32x4_DST7xDCT8_lfnst2_s3 (w=32 h=4 tr_h=1 tr_v=2 sidx=3 lfnst=2) ===
#   [RST t=204156025000] rst_n=0
#   [RST t=204156225000] rst_n=1
#   PASS (128 outputs)
# 
# === [WRAPPER] 0666:32x4_DCT8xDST7_lfnst0_s0 (w=32 h=4 tr_h=2 tr_v=1 sidx=0 lfnst=0) ===
#   [RST t=204230755000] rst_n=0
#   [RST t=204230955000] rst_n=1
#   PASS (128 outputs)
# 
# === [WRAPPER] 0667:32x4_DCT8xDST7_lfnst1_s0 (w=32 h=4 tr_h=2 tr_v=1 sidx=0 lfnst=1) ===
#   [RST t=204298885000] rst_n=0
#   [RST t=204299085000] rst_n=1
#   PASS (128 outputs)
# 
# === [WRAPPER] 0668:32x4_DCT8xDST7_lfnst1_s1 (w=32 h=4 tr_h=2 tr_v=1 sidx=1 lfnst=1) ===
#   [RST t=204373615000] rst_n=0
#   [RST t=204373815000] rst_n=1
#   PASS (128 outputs)
# 
# === [WRAPPER] 0669:32x4_DCT8xDST7_lfnst1_s2 (w=32 h=4 tr_h=2 tr_v=1 sidx=2 lfnst=1) ===
#   [RST t=204448345000] rst_n=0
#   [RST t=204448545000] rst_n=1
#   PASS (128 outputs)
# 
# === [WRAPPER] 0670:32x4_DCT8xDST7_lfnst1_s3 (w=32 h=4 tr_h=2 tr_v=1 sidx=3 lfnst=1) ===
#   [RST t=204523075000] rst_n=0
#   [RST t=204523275000] rst_n=1
#   PASS (128 outputs)
# 
# === [WRAPPER] 0671:32x4_DCT8xDST7_lfnst2_s0 (w=32 h=4 tr_h=2 tr_v=1 sidx=0 lfnst=2) ===
#   [RST t=204597805000] rst_n=0
#   [RST t=204598005000] rst_n=1
#   PASS (128 outputs)
# 
# === [WRAPPER] 0672:32x4_DCT8xDST7_lfnst2_s1 (w=32 h=4 tr_h=2 tr_v=1 sidx=1 lfnst=2) ===
#   [RST t=204672535000] rst_n=0
#   [RST t=204672735000] rst_n=1
#   PASS (128 outputs)
# 
# === [WRAPPER] 0673:32x4_DCT8xDST7_lfnst2_s2 (w=32 h=4 tr_h=2 tr_v=1 sidx=2 lfnst=2) ===
#   [RST t=204747265000] rst_n=0
#   [RST t=204747465000] rst_n=1
#   PASS (128 outputs)
# 
# === [WRAPPER] 0674:32x4_DCT8xDST7_lfnst2_s3 (w=32 h=4 tr_h=2 tr_v=1 sidx=3 lfnst=2) ===
#   [RST t=204821995000] rst_n=0
#   [RST t=204822195000] rst_n=1
#   PASS (128 outputs)
# 
# === [WRAPPER] 0675:32x4_DCT8xDCT8_lfnst0_s0 (w=32 h=4 tr_h=2 tr_v=2 sidx=0 lfnst=0) ===
#   [RST t=204896725000] rst_n=0
#   [RST t=204896925000] rst_n=1
#   PASS (128 outputs)
# 
# === [WRAPPER] 0676:32x4_DCT8xDCT8_lfnst1_s0 (w=32 h=4 tr_h=2 tr_v=2 sidx=0 lfnst=1) ===
#   [RST t=204964955000] rst_n=0
#   [RST t=204965155000] rst_n=1
#   PASS (128 outputs)
# 
# === [WRAPPER] 0677:32x4_DCT8xDCT8_lfnst1_s1 (w=32 h=4 tr_h=2 tr_v=2 sidx=1 lfnst=1) ===
#   [RST t=205039685000] rst_n=0
#   [RST t=205039885000] rst_n=1
#   PASS (128 outputs)
# 
# === [WRAPPER] 0678:32x4_DCT8xDCT8_lfnst1_s2 (w=32 h=4 tr_h=2 tr_v=2 sidx=2 lfnst=1) ===
#   [RST t=205114415000] rst_n=0
#   [RST t=205114615000] rst_n=1
#   PASS (128 outputs)
# 
# === [WRAPPER] 0679:32x4_DCT8xDCT8_lfnst1_s3 (w=32 h=4 tr_h=2 tr_v=2 sidx=3 lfnst=1) ===
#   [RST t=205189145000] rst_n=0
#   [RST t=205189345000] rst_n=1
#   PASS (128 outputs)
# 
# === [WRAPPER] 0680:32x4_DCT8xDCT8_lfnst2_s0 (w=32 h=4 tr_h=2 tr_v=2 sidx=0 lfnst=2) ===
#   [RST t=205263875000] rst_n=0
#   [RST t=205264075000] rst_n=1
#   PASS (128 outputs)
# 
# === [WRAPPER] 0681:32x4_DCT8xDCT8_lfnst2_s1 (w=32 h=4 tr_h=2 tr_v=2 sidx=1 lfnst=2) ===
#   [RST t=205338605000] rst_n=0
#   [RST t=205338805000] rst_n=1
#   PASS (128 outputs)
# 
# === [WRAPPER] 0682:32x4_DCT8xDCT8_lfnst2_s2 (w=32 h=4 tr_h=2 tr_v=2 sidx=2 lfnst=2) ===
#   [RST t=205413335000] rst_n=0
#   [RST t=205413535000] rst_n=1
#   PASS (128 outputs)
# 
# === [WRAPPER] 0683:32x4_DCT8xDCT8_lfnst2_s3 (w=32 h=4 tr_h=2 tr_v=2 sidx=3 lfnst=2) ===
#   [RST t=205488065000] rst_n=0
#   [RST t=205488265000] rst_n=1
#   PASS (128 outputs)
# 
# === [WRAPPER] 0684:32x4_DST7xDST7_lfnst0_s0 (w=32 h=4 tr_h=1 tr_v=1 sidx=0 lfnst=0) ===
#   [RST t=205562795000] rst_n=0
#   [RST t=205562995000] rst_n=1
#   PASS (128 outputs)
# 
# === [WRAPPER] 0685:32x4_DST7xDST7_lfnst1_s0 (w=32 h=4 tr_h=1 tr_v=1 sidx=0 lfnst=1) ===
#   [RST t=205630955000] rst_n=0
#   [RST t=205631155000] rst_n=1
#   PASS (128 outputs)
# 
# === [WRAPPER] 0686:32x4_DST7xDST7_lfnst1_s1 (w=32 h=4 tr_h=1 tr_v=1 sidx=1 lfnst=1) ===
#   [RST t=205705685000] rst_n=0
#   [RST t=205705885000] rst_n=1
#   PASS (128 outputs)
# 
# === [WRAPPER] 0687:32x4_DST7xDST7_lfnst1_s2 (w=32 h=4 tr_h=1 tr_v=1 sidx=2 lfnst=1) ===
#   [RST t=205780415000] rst_n=0
#   [RST t=205780615000] rst_n=1
#   PASS (128 outputs)
# 
# === [WRAPPER] 0688:32x4_DST7xDST7_lfnst1_s3 (w=32 h=4 tr_h=1 tr_v=1 sidx=3 lfnst=1) ===
#   [RST t=205855145000] rst_n=0
#   [RST t=205855345000] rst_n=1
#   PASS (128 outputs)
# 
# === [WRAPPER] 0689:32x4_DST7xDST7_lfnst2_s0 (w=32 h=4 tr_h=1 tr_v=1 sidx=0 lfnst=2) ===
#   [RST t=205929875000] rst_n=0
#   [RST t=205930075000] rst_n=1
#   PASS (128 outputs)
# 
# === [WRAPPER] 0690:32x4_DST7xDST7_lfnst2_s1 (w=32 h=4 tr_h=1 tr_v=1 sidx=1 lfnst=2) ===
#   [RST t=206004605000] rst_n=0
#   [RST t=206004805000] rst_n=1
#   PASS (128 outputs)
# 
# === [WRAPPER] 0691:32x4_DST7xDST7_lfnst2_s2 (w=32 h=4 tr_h=1 tr_v=1 sidx=2 lfnst=2) ===
#   [RST t=206079335000] rst_n=0
#   [RST t=206079535000] rst_n=1
#   PASS (128 outputs)
# 
# === [WRAPPER] 0692:32x4_DST7xDST7_lfnst2_s3 (w=32 h=4 tr_h=1 tr_v=1 sidx=3 lfnst=2) ===
#   [RST t=206154065000] rst_n=0
#   [RST t=206154265000] rst_n=1
#   PASS (128 outputs)
# 
# === [WRAPPER] 0693:32x4_DCT2xDCT8_lfnst0_s0 (w=32 h=4 tr_h=0 tr_v=2 sidx=0 lfnst=0) ===
#   [RST t=206228795000] rst_n=0
#   [RST t=206228995000] rst_n=1
#   PASS (128 outputs)
# 
# === [WRAPPER] 0694:32x4_DCT2xDCT8_lfnst1_s0 (w=32 h=4 tr_h=0 tr_v=2 sidx=0 lfnst=1) ===
#   [RST t=206296925000] rst_n=0
#   [RST t=206297125000] rst_n=1
#   PASS (128 outputs)
# 
# === [WRAPPER] 0695:32x4_DCT2xDCT8_lfnst1_s1 (w=32 h=4 tr_h=0 tr_v=2 sidx=1 lfnst=1) ===
#   [RST t=206371655000] rst_n=0
#   [RST t=206371855000] rst_n=1
#   PASS (128 outputs)
# 
# === [WRAPPER] 0696:32x4_DCT2xDCT8_lfnst1_s2 (w=32 h=4 tr_h=0 tr_v=2 sidx=2 lfnst=1) ===
#   [RST t=206446385000] rst_n=0
#   [RST t=206446585000] rst_n=1
#   PASS (128 outputs)
# 
# === [WRAPPER] 0697:32x4_DCT2xDCT8_lfnst1_s3 (w=32 h=4 tr_h=0 tr_v=2 sidx=3 lfnst=1) ===
#   [RST t=206521115000] rst_n=0
#   [RST t=206521315000] rst_n=1
#   PASS (128 outputs)
# 
# === [WRAPPER] 0698:32x4_DCT2xDCT8_lfnst2_s0 (w=32 h=4 tr_h=0 tr_v=2 sidx=0 lfnst=2) ===
#   [RST t=206595845000] rst_n=0
#   [RST t=206596045000] rst_n=1
#   PASS (128 outputs)
# 
# === [WRAPPER] 0699:32x4_DCT2xDCT8_lfnst2_s1 (w=32 h=4 tr_h=0 tr_v=2 sidx=1 lfnst=2) ===
#   [RST t=206670575000] rst_n=0
#   [RST t=206670775000] rst_n=1
#   PASS (128 outputs)
# 
# === [WRAPPER] 0700:32x4_DCT2xDCT8_lfnst2_s2 (w=32 h=4 tr_h=0 tr_v=2 sidx=2 lfnst=2) ===
#   [RST t=206745305000] rst_n=0
#   [RST t=206745505000] rst_n=1
#   PASS (128 outputs)
# 
# === [WRAPPER] 0701:32x4_DCT2xDCT8_lfnst2_s3 (w=32 h=4 tr_h=0 tr_v=2 sidx=3 lfnst=2) ===
#   [RST t=206820035000] rst_n=0
#   [RST t=206820235000] rst_n=1
#   PASS (128 outputs)
# 
# === [WRAPPER] 0702:32x4_DCT8xDCT2_lfnst0_s0 (w=32 h=4 tr_h=2 tr_v=0 sidx=0 lfnst=0) ===
#   [RST t=206894765000] rst_n=0
#   [RST t=206894965000] rst_n=1
#   PASS (128 outputs)
# 
# === [WRAPPER] 0703:32x4_DCT8xDCT2_lfnst1_s0 (w=32 h=4 tr_h=2 tr_v=0 sidx=0 lfnst=1) ===
#   [RST t=206963015000] rst_n=0
#   [RST t=206963215000] rst_n=1
#   PASS (128 outputs)
# 
# === [WRAPPER] 0704:32x4_DCT8xDCT2_lfnst1_s1 (w=32 h=4 tr_h=2 tr_v=0 sidx=1 lfnst=1) ===
#   [RST t=207037745000] rst_n=0
#   [RST t=207037945000] rst_n=1
#   PASS (128 outputs)
# 
# === [WRAPPER] 0705:32x4_DCT8xDCT2_lfnst1_s2 (w=32 h=4 tr_h=2 tr_v=0 sidx=2 lfnst=1) ===
#   [RST t=207112475000] rst_n=0
#   [RST t=207112675000] rst_n=1
#   PASS (128 outputs)
# 
# === [WRAPPER] 0706:32x4_DCT8xDCT2_lfnst1_s3 (w=32 h=4 tr_h=2 tr_v=0 sidx=3 lfnst=1) ===
#   [RST t=207187205000] rst_n=0
#   [RST t=207187405000] rst_n=1
#   PASS (128 outputs)
# 
# === [WRAPPER] 0707:32x4_DCT8xDCT2_lfnst2_s0 (w=32 h=4 tr_h=2 tr_v=0 sidx=0 lfnst=2) ===
#   [RST t=207261935000] rst_n=0
#   [RST t=207262135000] rst_n=1
#   PASS (128 outputs)
# 
# === [WRAPPER] 0708:32x4_DCT8xDCT2_lfnst2_s1 (w=32 h=4 tr_h=2 tr_v=0 sidx=1 lfnst=2) ===
#   [RST t=207336665000] rst_n=0
#   [RST t=207336865000] rst_n=1
#   PASS (128 outputs)
# 
# === [WRAPPER] 0709:32x4_DCT8xDCT2_lfnst2_s2 (w=32 h=4 tr_h=2 tr_v=0 sidx=2 lfnst=2) ===
#   [RST t=207411395000] rst_n=0
#   [RST t=207411595000] rst_n=1
#   PASS (128 outputs)
# 
# === [WRAPPER] 0710:32x4_DCT8xDCT2_lfnst2_s3 (w=32 h=4 tr_h=2 tr_v=0 sidx=3 lfnst=2) ===
#   [RST t=207486125000] rst_n=0
#   [RST t=207486325000] rst_n=1
#   PASS (128 outputs)
# 
# === [WRAPPER] 0711:32x4_DCT2xDST7_lfnst0_s0 (w=32 h=4 tr_h=0 tr_v=1 sidx=0 lfnst=0) ===
#   [RST t=207560855000] rst_n=0
#   [RST t=207561055000] rst_n=1
#   PASS (128 outputs)
# 
# === [WRAPPER] 0712:32x4_DCT2xDST7_lfnst1_s0 (w=32 h=4 tr_h=0 tr_v=1 sidx=0 lfnst=1) ===
#   [RST t=207628985000] rst_n=0
#   [RST t=207629185000] rst_n=1
#   PASS (128 outputs)
# 
# === [WRAPPER] 0713:32x4_DCT2xDST7_lfnst1_s1 (w=32 h=4 tr_h=0 tr_v=1 sidx=1 lfnst=1) ===
#   [RST t=207703715000] rst_n=0
#   [RST t=207703915000] rst_n=1
#   PASS (128 outputs)
# 
# === [WRAPPER] 0714:32x4_DCT2xDST7_lfnst1_s2 (w=32 h=4 tr_h=0 tr_v=1 sidx=2 lfnst=1) ===
#   [RST t=207778445000] rst_n=0
#   [RST t=207778645000] rst_n=1
#   PASS (128 outputs)
# 
# === [WRAPPER] 0715:32x4_DCT2xDST7_lfnst1_s3 (w=32 h=4 tr_h=0 tr_v=1 sidx=3 lfnst=1) ===
#   [RST t=207853175000] rst_n=0
#   [RST t=207853375000] rst_n=1
#   PASS (128 outputs)
# 
# === [WRAPPER] 0716:32x4_DCT2xDST7_lfnst2_s0 (w=32 h=4 tr_h=0 tr_v=1 sidx=0 lfnst=2) ===
#   [RST t=207927905000] rst_n=0
#   [RST t=207928105000] rst_n=1
#   PASS (128 outputs)
# 
# === [WRAPPER] 0717:32x4_DCT2xDST7_lfnst2_s1 (w=32 h=4 tr_h=0 tr_v=1 sidx=1 lfnst=2) ===
#   [RST t=208002635000] rst_n=0
#   [RST t=208002835000] rst_n=1
#   PASS (128 outputs)
# 
# === [WRAPPER] 0718:32x4_DCT2xDST7_lfnst2_s2 (w=32 h=4 tr_h=0 tr_v=1 sidx=2 lfnst=2) ===
#   [RST t=208077365000] rst_n=0
#   [RST t=208077565000] rst_n=1
#   PASS (128 outputs)
# 
# === [WRAPPER] 0719:32x4_DCT2xDST7_lfnst2_s3 (w=32 h=4 tr_h=0 tr_v=1 sidx=3 lfnst=2) ===
#   [RST t=208152095000] rst_n=0
#   [RST t=208152295000] rst_n=1
#   PASS (128 outputs)
# 
# === [WRAPPER] 0720:32x4_DST7xDCT2_lfnst0_s0 (w=32 h=4 tr_h=1 tr_v=0 sidx=0 lfnst=0) ===
#   [RST t=208226825000] rst_n=0
#   [RST t=208227025000] rst_n=1
#   PASS (128 outputs)
# 
# === [WRAPPER] 0721:32x4_DST7xDCT2_lfnst1_s0 (w=32 h=4 tr_h=1 tr_v=0 sidx=0 lfnst=1) ===
#   [RST t=208294995000] rst_n=0
#   [RST t=208295195000] rst_n=1
#   PASS (128 outputs)
# 
# === [WRAPPER] 0722:32x4_DST7xDCT2_lfnst1_s1 (w=32 h=4 tr_h=1 tr_v=0 sidx=1 lfnst=1) ===
#   [RST t=208369725000] rst_n=0
#   [RST t=208369925000] rst_n=1
#   PASS (128 outputs)
# 
# === [WRAPPER] 0723:32x4_DST7xDCT2_lfnst1_s2 (w=32 h=4 tr_h=1 tr_v=0 sidx=2 lfnst=1) ===
#   [RST t=208444455000] rst_n=0
#   [RST t=208444655000] rst_n=1
#   PASS (128 outputs)
# 
# === [WRAPPER] 0724:32x4_DST7xDCT2_lfnst1_s3 (w=32 h=4 tr_h=1 tr_v=0 sidx=3 lfnst=1) ===
#   [RST t=208519185000] rst_n=0
#   [RST t=208519385000] rst_n=1
#   PASS (128 outputs)
# 
# === [WRAPPER] 0725:32x4_DST7xDCT2_lfnst2_s0 (w=32 h=4 tr_h=1 tr_v=0 sidx=0 lfnst=2) ===
#   [RST t=208593915000] rst_n=0
#   [RST t=208594115000] rst_n=1
#   PASS (128 outputs)
# 
# === [WRAPPER] 0726:32x4_DST7xDCT2_lfnst2_s1 (w=32 h=4 tr_h=1 tr_v=0 sidx=1 lfnst=2) ===
#   [RST t=208668645000] rst_n=0
#   [RST t=208668845000] rst_n=1
#   PASS (128 outputs)
# 
# === [WRAPPER] 0727:32x4_DST7xDCT2_lfnst2_s2 (w=32 h=4 tr_h=1 tr_v=0 sidx=2 lfnst=2) ===
#   [RST t=208743375000] rst_n=0
#   [RST t=208743575000] rst_n=1
#   PASS (128 outputs)
# 
# === [WRAPPER] 0728:32x4_DST7xDCT2_lfnst2_s3 (w=32 h=4 tr_h=1 tr_v=0 sidx=3 lfnst=2) ===
#   [RST t=208818105000] rst_n=0
#   [RST t=208818305000] rst_n=1
#   PASS (128 outputs)
# 
# === [WRAPPER] 0729:8x8_DST7xDCT8_lfnst0_s0 (w=8 h=8 tr_h=1 tr_v=2 sidx=0 lfnst=0) ===
#   [RST t=208892835000] rst_n=0
#   [RST t=208893035000] rst_n=1
#   PASS (64 outputs)
# 
# === [WRAPPER] 0730:8x8_DST7xDCT8_lfnst1_s0 (w=8 h=8 tr_h=1 tr_v=2 sidx=0 lfnst=1) ===
#   [RST t=208911315000] rst_n=0
#   [RST t=208911515000] rst_n=1
#   PASS (64 outputs)
# 
# === [WRAPPER] 0731:8x8_DST7xDCT8_lfnst1_s1 (w=8 h=8 tr_h=1 tr_v=2 sidx=1 lfnst=1) ===
#   [RST t=208944965000] rst_n=0
#   [RST t=208945165000] rst_n=1
#   PASS (64 outputs)
# 
# === [WRAPPER] 0732:8x8_DST7xDCT8_lfnst1_s2 (w=8 h=8 tr_h=1 tr_v=2 sidx=2 lfnst=1) ===
#   [RST t=208978615000] rst_n=0
#   [RST t=208978815000] rst_n=1
#   PASS (64 outputs)
# 
# === [WRAPPER] 0733:8x8_DST7xDCT8_lfnst1_s3 (w=8 h=8 tr_h=1 tr_v=2 sidx=3 lfnst=1) ===
#   [RST t=209012265000] rst_n=0
#   [RST t=209012465000] rst_n=1
#   PASS (64 outputs)
# 
# === [WRAPPER] 0734:8x8_DST7xDCT8_lfnst2_s0 (w=8 h=8 tr_h=1 tr_v=2 sidx=0 lfnst=2) ===
#   [RST t=209045915000] rst_n=0
#   [RST t=209046115000] rst_n=1
#   PASS (64 outputs)
# 
# === [WRAPPER] 0735:8x8_DST7xDCT8_lfnst2_s1 (w=8 h=8 tr_h=1 tr_v=2 sidx=1 lfnst=2) ===
#   [RST t=209079565000] rst_n=0
#   [RST t=209079765000] rst_n=1
#   PASS (64 outputs)
# 
# === [WRAPPER] 0736:8x8_DST7xDCT8_lfnst2_s2 (w=8 h=8 tr_h=1 tr_v=2 sidx=2 lfnst=2) ===
#   [RST t=209113215000] rst_n=0
#   [RST t=209113415000] rst_n=1
#   PASS (64 outputs)
# 
# === [WRAPPER] 0737:8x8_DST7xDCT8_lfnst2_s3 (w=8 h=8 tr_h=1 tr_v=2 sidx=3 lfnst=2) ===
#   [RST t=209146865000] rst_n=0
#   [RST t=209147065000] rst_n=1
#   PASS (64 outputs)
# 
# === [WRAPPER] 0738:8x8_DCT8xDST7_lfnst0_s0 (w=8 h=8 tr_h=2 tr_v=1 sidx=0 lfnst=0) ===
#   [RST t=209180515000] rst_n=0
#   [RST t=209180715000] rst_n=1
#   PASS (64 outputs)
# 
# === [WRAPPER] 0739:8x8_DCT8xDST7_lfnst1_s0 (w=8 h=8 tr_h=2 tr_v=1 sidx=0 lfnst=1) ===
#   [RST t=209199045000] rst_n=0
#   [RST t=209199245000] rst_n=1
#   PASS (64 outputs)
# 
# === [WRAPPER] 0740:8x8_DCT8xDST7_lfnst1_s1 (w=8 h=8 tr_h=2 tr_v=1 sidx=1 lfnst=1) ===
#   [RST t=209232695000] rst_n=0
#   [RST t=209232895000] rst_n=1
#   PASS (64 outputs)
# 
# === [WRAPPER] 0741:8x8_DCT8xDST7_lfnst1_s2 (w=8 h=8 tr_h=2 tr_v=1 sidx=2 lfnst=1) ===
#   [RST t=209266345000] rst_n=0
#   [RST t=209266545000] rst_n=1
#   PASS (64 outputs)
# 
# === [WRAPPER] 0742:8x8_DCT8xDST7_lfnst1_s3 (w=8 h=8 tr_h=2 tr_v=1 sidx=3 lfnst=1) ===
#   [RST t=209299995000] rst_n=0
#   [RST t=209300195000] rst_n=1
#   PASS (64 outputs)
# 
# === [WRAPPER] 0743:8x8_DCT8xDST7_lfnst2_s0 (w=8 h=8 tr_h=2 tr_v=1 sidx=0 lfnst=2) ===
#   [RST t=209333645000] rst_n=0
#   [RST t=209333845000] rst_n=1
#   PASS (64 outputs)
# 
# === [WRAPPER] 0744:8x8_DCT8xDST7_lfnst2_s1 (w=8 h=8 tr_h=2 tr_v=1 sidx=1 lfnst=2) ===
#   [RST t=209367295000] rst_n=0
#   [RST t=209367495000] rst_n=1
#   PASS (64 outputs)
# 
# === [WRAPPER] 0745:8x8_DCT8xDST7_lfnst2_s2 (w=8 h=8 tr_h=2 tr_v=1 sidx=2 lfnst=2) ===
#   [RST t=209400945000] rst_n=0
#   [RST t=209401145000] rst_n=1
#   PASS (64 outputs)
# 
# === [WRAPPER] 0746:8x8_DCT8xDST7_lfnst2_s3 (w=8 h=8 tr_h=2 tr_v=1 sidx=3 lfnst=2) ===
#   [RST t=209434595000] rst_n=0
#   [RST t=209434795000] rst_n=1
#   PASS (64 outputs)
# 
# === [WRAPPER] 0747:8x8_DCT8xDCT8_lfnst0_s0 (w=8 h=8 tr_h=2 tr_v=2 sidx=0 lfnst=0) ===
#   [RST t=209468245000] rst_n=0
#   [RST t=209468445000] rst_n=1
#   PASS (64 outputs)
# 
# === [WRAPPER] 0748:8x8_DCT8xDCT8_lfnst1_s0 (w=8 h=8 tr_h=2 tr_v=2 sidx=0 lfnst=1) ===
#   [RST t=209486695000] rst_n=0
#   [RST t=209486895000] rst_n=1
#   PASS (64 outputs)
# 
# === [WRAPPER] 0749:8x8_DCT8xDCT8_lfnst1_s1 (w=8 h=8 tr_h=2 tr_v=2 sidx=1 lfnst=1) ===
#   [RST t=209520345000] rst_n=0
#   [RST t=209520545000] rst_n=1
#   PASS (64 outputs)
# 
# === [WRAPPER] 0750:8x8_DCT8xDCT8_lfnst1_s2 (w=8 h=8 tr_h=2 tr_v=2 sidx=2 lfnst=1) ===
#   [RST t=209553995000] rst_n=0
#   [RST t=209554195000] rst_n=1
#   PASS (64 outputs)
# 
# === [WRAPPER] 0751:8x8_DCT8xDCT8_lfnst1_s3 (w=8 h=8 tr_h=2 tr_v=2 sidx=3 lfnst=1) ===
#   [RST t=209587645000] rst_n=0
#   [RST t=209587845000] rst_n=1
#   PASS (64 outputs)
# 
# === [WRAPPER] 0752:8x8_DCT8xDCT8_lfnst2_s0 (w=8 h=8 tr_h=2 tr_v=2 sidx=0 lfnst=2) ===
#   [RST t=209621295000] rst_n=0
#   [RST t=209621495000] rst_n=1
#   PASS (64 outputs)
# 
# === [WRAPPER] 0753:8x8_DCT8xDCT8_lfnst2_s1 (w=8 h=8 tr_h=2 tr_v=2 sidx=1 lfnst=2) ===
#   [RST t=209654945000] rst_n=0
#   [RST t=209655145000] rst_n=1
#   PASS (64 outputs)
# 
# === [WRAPPER] 0754:8x8_DCT8xDCT8_lfnst2_s2 (w=8 h=8 tr_h=2 tr_v=2 sidx=2 lfnst=2) ===
#   [RST t=209688595000] rst_n=0
#   [RST t=209688795000] rst_n=1
#   PASS (64 outputs)
# 
# === [WRAPPER] 0755:8x8_DCT8xDCT8_lfnst2_s3 (w=8 h=8 tr_h=2 tr_v=2 sidx=3 lfnst=2) ===
#   [RST t=209722245000] rst_n=0
#   [RST t=209722445000] rst_n=1
#   PASS (64 outputs)
# 
# === [WRAPPER] 0756:8x8_DST7xDST7_lfnst0_s0 (w=8 h=8 tr_h=1 tr_v=1 sidx=0 lfnst=0) ===
#   [RST t=209755895000] rst_n=0
#   [RST t=209756095000] rst_n=1
#   PASS (64 outputs)
# 
# === [WRAPPER] 0757:8x8_DST7xDST7_lfnst1_s0 (w=8 h=8 tr_h=1 tr_v=1 sidx=0 lfnst=1) ===
#   [RST t=209774365000] rst_n=0
#   [RST t=209774565000] rst_n=1
#   PASS (64 outputs)
# 
# === [WRAPPER] 0758:8x8_DST7xDST7_lfnst1_s1 (w=8 h=8 tr_h=1 tr_v=1 sidx=1 lfnst=1) ===
#   [RST t=209808015000] rst_n=0
#   [RST t=209808215000] rst_n=1
#   PASS (64 outputs)
# 
# === [WRAPPER] 0759:8x8_DST7xDST7_lfnst1_s2 (w=8 h=8 tr_h=1 tr_v=1 sidx=2 lfnst=1) ===
#   [RST t=209841665000] rst_n=0
#   [RST t=209841865000] rst_n=1
#   PASS (64 outputs)
# 
# === [WRAPPER] 0760:8x8_DST7xDST7_lfnst1_s3 (w=8 h=8 tr_h=1 tr_v=1 sidx=3 lfnst=1) ===
#   [RST t=209875315000] rst_n=0
#   [RST t=209875515000] rst_n=1
#   PASS (64 outputs)
# 
# === [WRAPPER] 0761:8x8_DST7xDST7_lfnst2_s0 (w=8 h=8 tr_h=1 tr_v=1 sidx=0 lfnst=2) ===
#   [RST t=209908965000] rst_n=0
#   [RST t=209909165000] rst_n=1
#   PASS (64 outputs)
# 
# === [WRAPPER] 0762:8x8_DST7xDST7_lfnst2_s1 (w=8 h=8 tr_h=1 tr_v=1 sidx=1 lfnst=2) ===
#   [RST t=209942615000] rst_n=0
#   [RST t=209942815000] rst_n=1
#   PASS (64 outputs)
# 
# === [WRAPPER] 0763:8x8_DST7xDST7_lfnst2_s2 (w=8 h=8 tr_h=1 tr_v=1 sidx=2 lfnst=2) ===
#   [RST t=209976265000] rst_n=0
#   [RST t=209976465000] rst_n=1
#   PASS (64 outputs)
# 
# === [WRAPPER] 0764:8x8_DST7xDST7_lfnst2_s3 (w=8 h=8 tr_h=1 tr_v=1 sidx=3 lfnst=2) ===
#   [RST t=210009915000] rst_n=0
#   [RST t=210010115000] rst_n=1
#   PASS (64 outputs)
# 
# === [WRAPPER] 0765:8x8_DCT2xDCT8_lfnst0_s0 (w=8 h=8 tr_h=0 tr_v=2 sidx=0 lfnst=0) ===
#   [RST t=210043565000] rst_n=0
#   [RST t=210043765000] rst_n=1
#   PASS (64 outputs)
# 
# === [WRAPPER] 0766:8x8_DCT2xDCT8_lfnst1_s0 (w=8 h=8 tr_h=0 tr_v=2 sidx=0 lfnst=1) ===
#   [RST t=210062075000] rst_n=0
#   [RST t=210062275000] rst_n=1
#   PASS (64 outputs)
# 
# === [WRAPPER] 0767:8x8_DCT2xDCT8_lfnst1_s1 (w=8 h=8 tr_h=0 tr_v=2 sidx=1 lfnst=1) ===
#   [RST t=210095725000] rst_n=0
#   [RST t=210095925000] rst_n=1
#   PASS (64 outputs)
# 
# === [WRAPPER] 0768:8x8_DCT2xDCT8_lfnst1_s2 (w=8 h=8 tr_h=0 tr_v=2 sidx=2 lfnst=1) ===
#   [RST t=210129375000] rst_n=0
#   [RST t=210129575000] rst_n=1
#   PASS (64 outputs)
# 
# === [WRAPPER] 0769:8x8_DCT2xDCT8_lfnst1_s3 (w=8 h=8 tr_h=0 tr_v=2 sidx=3 lfnst=1) ===
#   [RST t=210163025000] rst_n=0
#   [RST t=210163225000] rst_n=1
#   PASS (64 outputs)
# 
# === [WRAPPER] 0770:8x8_DCT2xDCT8_lfnst2_s0 (w=8 h=8 tr_h=0 tr_v=2 sidx=0 lfnst=2) ===
#   [RST t=210196675000] rst_n=0
#   [RST t=210196875000] rst_n=1
#   PASS (64 outputs)
# 
# === [WRAPPER] 0771:8x8_DCT2xDCT8_lfnst2_s1 (w=8 h=8 tr_h=0 tr_v=2 sidx=1 lfnst=2) ===
#   [RST t=210230325000] rst_n=0
#   [RST t=210230525000] rst_n=1
#   PASS (64 outputs)
# 
# === [WRAPPER] 0772:8x8_DCT2xDCT8_lfnst2_s2 (w=8 h=8 tr_h=0 tr_v=2 sidx=2 lfnst=2) ===
#   [RST t=210263975000] rst_n=0
#   [RST t=210264175000] rst_n=1
#   PASS (64 outputs)
# 
# === [WRAPPER] 0773:8x8_DCT2xDCT8_lfnst2_s3 (w=8 h=8 tr_h=0 tr_v=2 sidx=3 lfnst=2) ===
#   [RST t=210297625000] rst_n=0
#   [RST t=210297825000] rst_n=1
#   PASS (64 outputs)
# 
# === [WRAPPER] 0774:8x8_DCT8xDCT2_lfnst0_s0 (w=8 h=8 tr_h=2 tr_v=0 sidx=0 lfnst=0) ===
#   [RST t=210331275000] rst_n=0
#   [RST t=210331475000] rst_n=1
#   PASS (64 outputs)
# 
# === [WRAPPER] 0775:8x8_DCT8xDCT2_lfnst1_s0 (w=8 h=8 tr_h=2 tr_v=0 sidx=0 lfnst=1) ===
#   [RST t=210349685000] rst_n=0
#   [RST t=210349885000] rst_n=1
#   PASS (64 outputs)
# 
# === [WRAPPER] 0776:8x8_DCT8xDCT2_lfnst1_s1 (w=8 h=8 tr_h=2 tr_v=0 sidx=1 lfnst=1) ===
#   [RST t=210383335000] rst_n=0
#   [RST t=210383535000] rst_n=1
#   PASS (64 outputs)
# 
# === [WRAPPER] 0777:8x8_DCT8xDCT2_lfnst1_s2 (w=8 h=8 tr_h=2 tr_v=0 sidx=2 lfnst=1) ===
#   [RST t=210416985000] rst_n=0
#   [RST t=210417185000] rst_n=1
#   PASS (64 outputs)
# 
# === [WRAPPER] 0778:8x8_DCT8xDCT2_lfnst1_s3 (w=8 h=8 tr_h=2 tr_v=0 sidx=3 lfnst=1) ===
#   [RST t=210450635000] rst_n=0
#   [RST t=210450835000] rst_n=1
#   PASS (64 outputs)
# 
# === [WRAPPER] 0779:8x8_DCT8xDCT2_lfnst2_s0 (w=8 h=8 tr_h=2 tr_v=0 sidx=0 lfnst=2) ===
#   [RST t=210484285000] rst_n=0
#   [RST t=210484485000] rst_n=1
#   PASS (64 outputs)
# 
# === [WRAPPER] 0780:8x8_DCT8xDCT2_lfnst2_s1 (w=8 h=8 tr_h=2 tr_v=0 sidx=1 lfnst=2) ===
#   [RST t=210517935000] rst_n=0
#   [RST t=210518135000] rst_n=1
#   PASS (64 outputs)
# 
# === [WRAPPER] 0781:8x8_DCT8xDCT2_lfnst2_s2 (w=8 h=8 tr_h=2 tr_v=0 sidx=2 lfnst=2) ===
#   [RST t=210551585000] rst_n=0
#   [RST t=210551785000] rst_n=1
#   PASS (64 outputs)
# 
# === [WRAPPER] 0782:8x8_DCT8xDCT2_lfnst2_s3 (w=8 h=8 tr_h=2 tr_v=0 sidx=3 lfnst=2) ===
#   [RST t=210585235000] rst_n=0
#   [RST t=210585435000] rst_n=1
#   PASS (64 outputs)
# 
# === [WRAPPER] 0783:8x8_DCT2xDST7_lfnst0_s0 (w=8 h=8 tr_h=0 tr_v=1 sidx=0 lfnst=0) ===
#   [RST t=210618885000] rst_n=0
#   [RST t=210619085000] rst_n=1
#   PASS (64 outputs)
# 
# === [WRAPPER] 0784:8x8_DCT2xDST7_lfnst1_s0 (w=8 h=8 tr_h=0 tr_v=1 sidx=0 lfnst=1) ===
#   [RST t=210637425000] rst_n=0
#   [RST t=210637625000] rst_n=1
#   PASS (64 outputs)
# 
# === [WRAPPER] 0785:8x8_DCT2xDST7_lfnst1_s1 (w=8 h=8 tr_h=0 tr_v=1 sidx=1 lfnst=1) ===
#   [RST t=210671075000] rst_n=0
#   [RST t=210671275000] rst_n=1
#   PASS (64 outputs)
# 
# === [WRAPPER] 0786:8x8_DCT2xDST7_lfnst1_s2 (w=8 h=8 tr_h=0 tr_v=1 sidx=2 lfnst=1) ===
#   [RST t=210704725000] rst_n=0
#   [RST t=210704925000] rst_n=1
#   PASS (64 outputs)
# 
# === [WRAPPER] 0787:8x8_DCT2xDST7_lfnst1_s3 (w=8 h=8 tr_h=0 tr_v=1 sidx=3 lfnst=1) ===
#   [RST t=210738375000] rst_n=0
#   [RST t=210738575000] rst_n=1
#   PASS (64 outputs)
# 
# === [WRAPPER] 0788:8x8_DCT2xDST7_lfnst2_s0 (w=8 h=8 tr_h=0 tr_v=1 sidx=0 lfnst=2) ===
#   [RST t=210772025000] rst_n=0
#   [RST t=210772225000] rst_n=1
#   PASS (64 outputs)
# 
# === [WRAPPER] 0789:8x8_DCT2xDST7_lfnst2_s1 (w=8 h=8 tr_h=0 tr_v=1 sidx=1 lfnst=2) ===
#   [RST t=210805675000] rst_n=0
#   [RST t=210805875000] rst_n=1
#   PASS (64 outputs)
# 
# === [WRAPPER] 0790:8x8_DCT2xDST7_lfnst2_s2 (w=8 h=8 tr_h=0 tr_v=1 sidx=2 lfnst=2) ===
#   [RST t=210839325000] rst_n=0
#   [RST t=210839525000] rst_n=1
#   PASS (64 outputs)
# 
# === [WRAPPER] 0791:8x8_DCT2xDST7_lfnst2_s3 (w=8 h=8 tr_h=0 tr_v=1 sidx=3 lfnst=2) ===
#   [RST t=210872975000] rst_n=0
#   [RST t=210873175000] rst_n=1
#   PASS (64 outputs)
# 
# === [WRAPPER] 0792:8x8_DST7xDCT2_lfnst0_s0 (w=8 h=8 tr_h=1 tr_v=0 sidx=0 lfnst=0) ===
#   [RST t=210906625000] rst_n=0
#   [RST t=210906825000] rst_n=1
#   PASS (64 outputs)
# 
# === [WRAPPER] 0793:8x8_DST7xDCT2_lfnst1_s0 (w=8 h=8 tr_h=1 tr_v=0 sidx=0 lfnst=1) ===
#   [RST t=210925125000] rst_n=0
#   [RST t=210925325000] rst_n=1
#   PASS (64 outputs)
# 
# === [WRAPPER] 0794:8x8_DST7xDCT2_lfnst1_s1 (w=8 h=8 tr_h=1 tr_v=0 sidx=1 lfnst=1) ===
#   [RST t=210958775000] rst_n=0
#   [RST t=210958975000] rst_n=1
#   PASS (64 outputs)
# 
# === [WRAPPER] 0795:8x8_DST7xDCT2_lfnst1_s2 (w=8 h=8 tr_h=1 tr_v=0 sidx=2 lfnst=1) ===
#   [RST t=210992425000] rst_n=0
#   [RST t=210992625000] rst_n=1
#   PASS (64 outputs)
# 
# === [WRAPPER] 0796:8x8_DST7xDCT2_lfnst1_s3 (w=8 h=8 tr_h=1 tr_v=0 sidx=3 lfnst=1) ===
#   [RST t=211026075000] rst_n=0
#   [RST t=211026275000] rst_n=1
#   PASS (64 outputs)
# 
# === [WRAPPER] 0797:8x8_DST7xDCT2_lfnst2_s0 (w=8 h=8 tr_h=1 tr_v=0 sidx=0 lfnst=2) ===
#   [RST t=211059725000] rst_n=0
#   [RST t=211059925000] rst_n=1
#   PASS (64 outputs)
# 
# === [WRAPPER] 0798:8x8_DST7xDCT2_lfnst2_s1 (w=8 h=8 tr_h=1 tr_v=0 sidx=1 lfnst=2) ===
#   [RST t=211093375000] rst_n=0
#   [RST t=211093575000] rst_n=1
#   PASS (64 outputs)
# 
# === [WRAPPER] 0799:8x8_DST7xDCT2_lfnst2_s2 (w=8 h=8 tr_h=1 tr_v=0 sidx=2 lfnst=2) ===
#   [RST t=211127025000] rst_n=0
#   [RST t=211127225000] rst_n=1
#   PASS (64 outputs)
# 
# === [WRAPPER] 0800:8x8_DST7xDCT2_lfnst2_s3 (w=8 h=8 tr_h=1 tr_v=0 sidx=3 lfnst=2) ===
#   [RST t=211160675000] rst_n=0
#   [RST t=211160875000] rst_n=1
#   PASS (64 outputs)
# 
# === [WRAPPER] 0801:8x16_DST7xDCT8_lfnst0_s0 (w=8 h=16 tr_h=1 tr_v=2 sidx=0 lfnst=0) ===
#   [RST t=211194325000] rst_n=0
#   [RST t=211194525000] rst_n=1
#   PASS (128 outputs)
# 
# === [WRAPPER] 0802:8x16_DST7xDCT8_lfnst1_s0 (w=8 h=16 tr_h=1 tr_v=2 sidx=0 lfnst=1) ===
#   [RST t=211242915000] rst_n=0
#   [RST t=211243115000] rst_n=1
#   PASS (128 outputs)
# 
# === [WRAPPER] 0803:8x16_DST7xDCT8_lfnst1_s1 (w=8 h=16 tr_h=1 tr_v=2 sidx=1 lfnst=1) ===
#   [RST t=211310565000] rst_n=0
#   [RST t=211310765000] rst_n=1
#   PASS (128 outputs)
# 
# === [WRAPPER] 0804:8x16_DST7xDCT8_lfnst1_s2 (w=8 h=16 tr_h=1 tr_v=2 sidx=2 lfnst=1) ===
#   [RST t=211378215000] rst_n=0
#   [RST t=211378415000] rst_n=1
#   PASS (128 outputs)
# 
# === [WRAPPER] 0805:8x16_DST7xDCT8_lfnst1_s3 (w=8 h=16 tr_h=1 tr_v=2 sidx=3 lfnst=1) ===
#   [RST t=211445865000] rst_n=0
#   [RST t=211446065000] rst_n=1
#   PASS (128 outputs)
# 
# === [WRAPPER] 0806:8x16_DST7xDCT8_lfnst2_s0 (w=8 h=16 tr_h=1 tr_v=2 sidx=0 lfnst=2) ===
#   [RST t=211513515000] rst_n=0
#   [RST t=211513715000] rst_n=1
#   PASS (128 outputs)
# 
# === [WRAPPER] 0807:8x16_DST7xDCT8_lfnst2_s1 (w=8 h=16 tr_h=1 tr_v=2 sidx=1 lfnst=2) ===
#   [RST t=211581165000] rst_n=0
#   [RST t=211581365000] rst_n=1
#   PASS (128 outputs)
# 
# === [WRAPPER] 0808:8x16_DST7xDCT8_lfnst2_s2 (w=8 h=16 tr_h=1 tr_v=2 sidx=2 lfnst=2) ===
#   [RST t=211648815000] rst_n=0
#   [RST t=211649015000] rst_n=1
#   PASS (128 outputs)
# 
# === [WRAPPER] 0809:8x16_DST7xDCT8_lfnst2_s3 (w=8 h=16 tr_h=1 tr_v=2 sidx=3 lfnst=2) ===
#   [RST t=211716465000] rst_n=0
#   [RST t=211716665000] rst_n=1
#   PASS (128 outputs)
# 
# === [WRAPPER] 0810:8x16_DCT8xDST7_lfnst0_s0 (w=8 h=16 tr_h=2 tr_v=1 sidx=0 lfnst=0) ===
#   [RST t=211784115000] rst_n=0
#   [RST t=211784315000] rst_n=1
#   PASS (128 outputs)
# 
# === [WRAPPER] 0811:8x16_DCT8xDST7_lfnst1_s0 (w=8 h=16 tr_h=2 tr_v=1 sidx=0 lfnst=1) ===
#   [RST t=211832785000] rst_n=0
#   [RST t=211832985000] rst_n=1
#   PASS (128 outputs)
# 
# === [WRAPPER] 0812:8x16_DCT8xDST7_lfnst1_s1 (w=8 h=16 tr_h=2 tr_v=1 sidx=1 lfnst=1) ===
#   [RST t=211900435000] rst_n=0
#   [RST t=211900635000] rst_n=1
#   PASS (128 outputs)
# 
# === [WRAPPER] 0813:8x16_DCT8xDST7_lfnst1_s2 (w=8 h=16 tr_h=2 tr_v=1 sidx=2 lfnst=1) ===
#   [RST t=211968085000] rst_n=0
#   [RST t=211968285000] rst_n=1
#   PASS (128 outputs)
# 
# === [WRAPPER] 0814:8x16_DCT8xDST7_lfnst1_s3 (w=8 h=16 tr_h=2 tr_v=1 sidx=3 lfnst=1) ===
#   [RST t=212035735000] rst_n=0
#   [RST t=212035935000] rst_n=1
#   PASS (128 outputs)
# 
# === [WRAPPER] 0815:8x16_DCT8xDST7_lfnst2_s0 (w=8 h=16 tr_h=2 tr_v=1 sidx=0 lfnst=2) ===
#   [RST t=212103385000] rst_n=0
#   [RST t=212103585000] rst_n=1
#   PASS (128 outputs)
# 
# === [WRAPPER] 0816:8x16_DCT8xDST7_lfnst2_s1 (w=8 h=16 tr_h=2 tr_v=1 sidx=1 lfnst=2) ===
#   [RST t=212171035000] rst_n=0
#   [RST t=212171235000] rst_n=1
#   PASS (128 outputs)
# 
# === [WRAPPER] 0817:8x16_DCT8xDST7_lfnst2_s2 (w=8 h=16 tr_h=2 tr_v=1 sidx=2 lfnst=2) ===
#   [RST t=212238685000] rst_n=0
#   [RST t=212238885000] rst_n=1
#   PASS (128 outputs)
# 
# === [WRAPPER] 0818:8x16_DCT8xDST7_lfnst2_s3 (w=8 h=16 tr_h=2 tr_v=1 sidx=3 lfnst=2) ===
#   [RST t=212306335000] rst_n=0
#   [RST t=212306535000] rst_n=1
#   PASS (128 outputs)
# 
# === [WRAPPER] 0819:8x16_DCT8xDCT8_lfnst0_s0 (w=8 h=16 tr_h=2 tr_v=2 sidx=0 lfnst=0) ===
#   [RST t=212373985000] rst_n=0
#   [RST t=212374185000] rst_n=1
#   PASS (128 outputs)
# 
# === [WRAPPER] 0820:8x16_DCT8xDCT8_lfnst1_s0 (w=8 h=16 tr_h=2 tr_v=2 sidx=0 lfnst=1) ===
#   [RST t=212422645000] rst_n=0
#   [RST t=212422845000] rst_n=1
#   PASS (128 outputs)
# 
# === [WRAPPER] 0821:8x16_DCT8xDCT8_lfnst1_s1 (w=8 h=16 tr_h=2 tr_v=2 sidx=1 lfnst=1) ===
#   [RST t=212490295000] rst_n=0
#   [RST t=212490495000] rst_n=1
#   PASS (128 outputs)
# 
# === [WRAPPER] 0822:8x16_DCT8xDCT8_lfnst1_s2 (w=8 h=16 tr_h=2 tr_v=2 sidx=2 lfnst=1) ===
#   [RST t=212557945000] rst_n=0
#   [RST t=212558145000] rst_n=1
#   PASS (128 outputs)
# 
# === [WRAPPER] 0823:8x16_DCT8xDCT8_lfnst1_s3 (w=8 h=16 tr_h=2 tr_v=2 sidx=3 lfnst=1) ===
#   [RST t=212625595000] rst_n=0
#   [RST t=212625795000] rst_n=1
#   PASS (128 outputs)
# 
# === [WRAPPER] 0824:8x16_DCT8xDCT8_lfnst2_s0 (w=8 h=16 tr_h=2 tr_v=2 sidx=0 lfnst=2) ===
#   [RST t=212693245000] rst_n=0
#   [RST t=212693445000] rst_n=1
#   PASS (128 outputs)
# 
# === [WRAPPER] 0825:8x16_DCT8xDCT8_lfnst2_s1 (w=8 h=16 tr_h=2 tr_v=2 sidx=1 lfnst=2) ===
#   [RST t=212760895000] rst_n=0
#   [RST t=212761095000] rst_n=1
#   PASS (128 outputs)
# 
# === [WRAPPER] 0826:8x16_DCT8xDCT8_lfnst2_s2 (w=8 h=16 tr_h=2 tr_v=2 sidx=2 lfnst=2) ===
#   [RST t=212828545000] rst_n=0
#   [RST t=212828745000] rst_n=1
#   PASS (128 outputs)
# 
# === [WRAPPER] 0827:8x16_DCT8xDCT8_lfnst2_s3 (w=8 h=16 tr_h=2 tr_v=2 sidx=3 lfnst=2) ===
#   [RST t=212896195000] rst_n=0
#   [RST t=212896395000] rst_n=1
#   PASS (128 outputs)
# 
# === [WRAPPER] 0828:8x16_DST7xDST7_lfnst0_s0 (w=8 h=16 tr_h=1 tr_v=1 sidx=0 lfnst=0) ===
#   [RST t=212963845000] rst_n=0
#   [RST t=212964045000] rst_n=1
#   PASS (128 outputs)
# 
# === [WRAPPER] 0829:8x16_DST7xDST7_lfnst1_s0 (w=8 h=16 tr_h=1 tr_v=1 sidx=0 lfnst=1) ===
#   [RST t=213012555000] rst_n=0
#   [RST t=213012755000] rst_n=1
#   PASS (128 outputs)
# 
# === [WRAPPER] 0830:8x16_DST7xDST7_lfnst1_s1 (w=8 h=16 tr_h=1 tr_v=1 sidx=1 lfnst=1) ===
#   [RST t=213080205000] rst_n=0
#   [RST t=213080405000] rst_n=1
#   PASS (128 outputs)
# 
# === [WRAPPER] 0831:8x16_DST7xDST7_lfnst1_s2 (w=8 h=16 tr_h=1 tr_v=1 sidx=2 lfnst=1) ===
#   [RST t=213147855000] rst_n=0
#   [RST t=213148055000] rst_n=1
#   PASS (128 outputs)
# 
# === [WRAPPER] 0832:8x16_DST7xDST7_lfnst1_s3 (w=8 h=16 tr_h=1 tr_v=1 sidx=3 lfnst=1) ===
#   [RST t=213215505000] rst_n=0
#   [RST t=213215705000] rst_n=1
#   PASS (128 outputs)
# 
# === [WRAPPER] 0833:8x16_DST7xDST7_lfnst2_s0 (w=8 h=16 tr_h=1 tr_v=1 sidx=0 lfnst=2) ===
#   [RST t=213283155000] rst_n=0
#   [RST t=213283355000] rst_n=1
#   PASS (128 outputs)
# 
# === [WRAPPER] 0834:8x16_DST7xDST7_lfnst2_s1 (w=8 h=16 tr_h=1 tr_v=1 sidx=1 lfnst=2) ===
#   [RST t=213350805000] rst_n=0
#   [RST t=213351005000] rst_n=1
#   PASS (128 outputs)
# 
# === [WRAPPER] 0835:8x16_DST7xDST7_lfnst2_s2 (w=8 h=16 tr_h=1 tr_v=1 sidx=2 lfnst=2) ===
#   [RST t=213418455000] rst_n=0
#   [RST t=213418655000] rst_n=1
#   PASS (128 outputs)
# 
# === [WRAPPER] 0836:8x16_DST7xDST7_lfnst2_s3 (w=8 h=16 tr_h=1 tr_v=1 sidx=3 lfnst=2) ===
#   [RST t=213486105000] rst_n=0
#   [RST t=213486305000] rst_n=1
#   PASS (128 outputs)
# 
# === [WRAPPER] 0837:8x16_DCT2xDCT8_lfnst0_s0 (w=8 h=16 tr_h=0 tr_v=2 sidx=0 lfnst=0) ===
#   [RST t=213553755000] rst_n=0
#   [RST t=213553955000] rst_n=1
#   PASS (128 outputs)
# 
# === [WRAPPER] 0838:8x16_DCT2xDCT8_lfnst1_s0 (w=8 h=16 tr_h=0 tr_v=2 sidx=0 lfnst=1) ===
#   [RST t=213602425000] rst_n=0
#   [RST t=213602625000] rst_n=1
#   PASS (128 outputs)
# 
# === [WRAPPER] 0839:8x16_DCT2xDCT8_lfnst1_s1 (w=8 h=16 tr_h=0 tr_v=2 sidx=1 lfnst=1) ===
#   [RST t=213670075000] rst_n=0
#   [RST t=213670275000] rst_n=1
#   PASS (128 outputs)
# 
# === [WRAPPER] 0840:8x16_DCT2xDCT8_lfnst1_s2 (w=8 h=16 tr_h=0 tr_v=2 sidx=2 lfnst=1) ===
#   [RST t=213737725000] rst_n=0
#   [RST t=213737925000] rst_n=1
#   PASS (128 outputs)
# 
# === [WRAPPER] 0841:8x16_DCT2xDCT8_lfnst1_s3 (w=8 h=16 tr_h=0 tr_v=2 sidx=3 lfnst=1) ===
#   [RST t=213805375000] rst_n=0
#   [RST t=213805575000] rst_n=1
#   PASS (128 outputs)
# 
# === [WRAPPER] 0842:8x16_DCT2xDCT8_lfnst2_s0 (w=8 h=16 tr_h=0 tr_v=2 sidx=0 lfnst=2) ===
#   [RST t=213873025000] rst_n=0
#   [RST t=213873225000] rst_n=1
#   PASS (128 outputs)
# 
# === [WRAPPER] 0843:8x16_DCT2xDCT8_lfnst2_s1 (w=8 h=16 tr_h=0 tr_v=2 sidx=1 lfnst=2) ===
#   [RST t=213940675000] rst_n=0
#   [RST t=213940875000] rst_n=1
#   PASS (128 outputs)
# 
# === [WRAPPER] 0844:8x16_DCT2xDCT8_lfnst2_s2 (w=8 h=16 tr_h=0 tr_v=2 sidx=2 lfnst=2) ===
#   [RST t=214008325000] rst_n=0
#   [RST t=214008525000] rst_n=1
#   PASS (128 outputs)
# 
# === [WRAPPER] 0845:8x16_DCT2xDCT8_lfnst2_s3 (w=8 h=16 tr_h=0 tr_v=2 sidx=3 lfnst=2) ===
#   [RST t=214075975000] rst_n=0
#   [RST t=214076175000] rst_n=1
#   PASS (128 outputs)
# 
# === [WRAPPER] 0846:8x16_DCT8xDCT2_lfnst0_s0 (w=8 h=16 tr_h=2 tr_v=0 sidx=0 lfnst=0) ===
#   [RST t=214143625000] rst_n=0
#   [RST t=214143825000] rst_n=1
#   PASS (128 outputs)
# 
# === [WRAPPER] 0847:8x16_DCT8xDCT2_lfnst1_s0 (w=8 h=16 tr_h=2 tr_v=0 sidx=0 lfnst=1) ===
#   [RST t=214192185000] rst_n=0
#   [RST t=214192385000] rst_n=1
#   PASS (128 outputs)
# 
# === [WRAPPER] 0848:8x16_DCT8xDCT2_lfnst1_s1 (w=8 h=16 tr_h=2 tr_v=0 sidx=1 lfnst=1) ===
#   [RST t=214259835000] rst_n=0
#   [RST t=214260035000] rst_n=1
#   PASS (128 outputs)
# 
# === [WRAPPER] 0849:8x16_DCT8xDCT2_lfnst1_s2 (w=8 h=16 tr_h=2 tr_v=0 sidx=2 lfnst=1) ===
#   [RST t=214327485000] rst_n=0
#   [RST t=214327685000] rst_n=1
#   PASS (128 outputs)
# 
# === [WRAPPER] 0850:8x16_DCT8xDCT2_lfnst1_s3 (w=8 h=16 tr_h=2 tr_v=0 sidx=3 lfnst=1) ===
#   [RST t=214395135000] rst_n=0
#   [RST t=214395335000] rst_n=1
#   PASS (128 outputs)
# 
# === [WRAPPER] 0851:8x16_DCT8xDCT2_lfnst2_s0 (w=8 h=16 tr_h=2 tr_v=0 sidx=0 lfnst=2) ===
#   [RST t=214462785000] rst_n=0
#   [RST t=214462985000] rst_n=1
#   PASS (128 outputs)
# 
# === [WRAPPER] 0852:8x16_DCT8xDCT2_lfnst2_s1 (w=8 h=16 tr_h=2 tr_v=0 sidx=1 lfnst=2) ===
#   [RST t=214530435000] rst_n=0
#   [RST t=214530635000] rst_n=1
#   PASS (128 outputs)
# 
# === [WRAPPER] 0853:8x16_DCT8xDCT2_lfnst2_s2 (w=8 h=16 tr_h=2 tr_v=0 sidx=2 lfnst=2) ===
#   [RST t=214598085000] rst_n=0
#   [RST t=214598285000] rst_n=1
#   PASS (128 outputs)
# 
# === [WRAPPER] 0854:8x16_DCT8xDCT2_lfnst2_s3 (w=8 h=16 tr_h=2 tr_v=0 sidx=3 lfnst=2) ===
#   [RST t=214665735000] rst_n=0
#   [RST t=214665935000] rst_n=1
#   PASS (128 outputs)
# 
# === [WRAPPER] 0855:8x16_DCT2xDST7_lfnst0_s0 (w=8 h=16 tr_h=0 tr_v=1 sidx=0 lfnst=0) ===
#   [RST t=214733385000] rst_n=0
#   [RST t=214733585000] rst_n=1
#   PASS (128 outputs)
# 
# === [WRAPPER] 0856:8x16_DCT2xDST7_lfnst1_s0 (w=8 h=16 tr_h=0 tr_v=1 sidx=0 lfnst=1) ===
#   [RST t=214782005000] rst_n=0
#   [RST t=214782205000] rst_n=1
#   PASS (128 outputs)
# 
# === [WRAPPER] 0857:8x16_DCT2xDST7_lfnst1_s1 (w=8 h=16 tr_h=0 tr_v=1 sidx=1 lfnst=1) ===
#   [RST t=214849655000] rst_n=0
#   [RST t=214849855000] rst_n=1
#   PASS (128 outputs)
# 
# === [WRAPPER] 0858:8x16_DCT2xDST7_lfnst1_s2 (w=8 h=16 tr_h=0 tr_v=1 sidx=2 lfnst=1) ===
#   [RST t=214917305000] rst_n=0
#   [RST t=214917505000] rst_n=1
#   PASS (128 outputs)
# 
# === [WRAPPER] 0859:8x16_DCT2xDST7_lfnst1_s3 (w=8 h=16 tr_h=0 tr_v=1 sidx=3 lfnst=1) ===
#   [RST t=214984955000] rst_n=0
#   [RST t=214985155000] rst_n=1
#   PASS (128 outputs)
# 
# === [WRAPPER] 0860:8x16_DCT2xDST7_lfnst2_s0 (w=8 h=16 tr_h=0 tr_v=1 sidx=0 lfnst=2) ===
#   [RST t=215052605000] rst_n=0
#   [RST t=215052805000] rst_n=1
#   PASS (128 outputs)
# 
# === [WRAPPER] 0861:8x16_DCT2xDST7_lfnst2_s1 (w=8 h=16 tr_h=0 tr_v=1 sidx=1 lfnst=2) ===
#   [RST t=215120255000] rst_n=0
#   [RST t=215120455000] rst_n=1
#   PASS (128 outputs)
# 
# === [WRAPPER] 0862:8x16_DCT2xDST7_lfnst2_s2 (w=8 h=16 tr_h=0 tr_v=1 sidx=2 lfnst=2) ===
#   [RST t=215187905000] rst_n=0
#   [RST t=215188105000] rst_n=1
#   PASS (128 outputs)
# 
# === [WRAPPER] 0863:8x16_DCT2xDST7_lfnst2_s3 (w=8 h=16 tr_h=0 tr_v=1 sidx=3 lfnst=2) ===
#   [RST t=215255555000] rst_n=0
#   [RST t=215255755000] rst_n=1
#   PASS (128 outputs)
# 
# === [WRAPPER] 0864:8x16_DST7xDCT2_lfnst0_s0 (w=8 h=16 tr_h=1 tr_v=0 sidx=0 lfnst=0) ===
#   [RST t=215323205000] rst_n=0
#   [RST t=215323405000] rst_n=1
#   PASS (128 outputs)
# 
# === [WRAPPER] 0865:8x16_DST7xDCT2_lfnst1_s0 (w=8 h=16 tr_h=1 tr_v=0 sidx=0 lfnst=1) ===
#   [RST t=215371875000] rst_n=0
#   [RST t=215372075000] rst_n=1
#   PASS (128 outputs)
# 
# === [WRAPPER] 0866:8x16_DST7xDCT2_lfnst1_s1 (w=8 h=16 tr_h=1 tr_v=0 sidx=1 lfnst=1) ===
#   [RST t=215439525000] rst_n=0
#   [RST t=215439725000] rst_n=1
#   PASS (128 outputs)
# 
# === [WRAPPER] 0867:8x16_DST7xDCT2_lfnst1_s2 (w=8 h=16 tr_h=1 tr_v=0 sidx=2 lfnst=1) ===
#   [RST t=215507175000] rst_n=0
#   [RST t=215507375000] rst_n=1
#   PASS (128 outputs)
# 
# === [WRAPPER] 0868:8x16_DST7xDCT2_lfnst1_s3 (w=8 h=16 tr_h=1 tr_v=0 sidx=3 lfnst=1) ===
#   [RST t=215574825000] rst_n=0
#   [RST t=215575025000] rst_n=1
#   PASS (128 outputs)
# 
# === [WRAPPER] 0869:8x16_DST7xDCT2_lfnst2_s0 (w=8 h=16 tr_h=1 tr_v=0 sidx=0 lfnst=2) ===
#   [RST t=215642475000] rst_n=0
#   [RST t=215642675000] rst_n=1
#   PASS (128 outputs)
# 
# === [WRAPPER] 0870:8x16_DST7xDCT2_lfnst2_s1 (w=8 h=16 tr_h=1 tr_v=0 sidx=1 lfnst=2) ===
#   [RST t=215710125000] rst_n=0
#   [RST t=215710325000] rst_n=1
#   PASS (128 outputs)
# 
# === [WRAPPER] 0871:8x16_DST7xDCT2_lfnst2_s2 (w=8 h=16 tr_h=1 tr_v=0 sidx=2 lfnst=2) ===
#   [RST t=215777775000] rst_n=0
#   [RST t=215777975000] rst_n=1
#   PASS (128 outputs)
# 
# === [WRAPPER] 0872:8x16_DST7xDCT2_lfnst2_s3 (w=8 h=16 tr_h=1 tr_v=0 sidx=3 lfnst=2) ===
#   [RST t=215845425000] rst_n=0
#   [RST t=215845625000] rst_n=1
#   PASS (128 outputs)
# 
# === [WRAPPER] 0873:8x32_DST7xDCT8_lfnst0_s0 (w=8 h=32 tr_h=1 tr_v=2 sidx=0 lfnst=0) ===
#   [RST t=215913075000] rst_n=0
#   [RST t=215913275000] rst_n=1
#   PASS (256 outputs)
# 
# === [WRAPPER] 0874:8x32_DST7xDCT8_lfnst1_s0 (w=8 h=32 tr_h=1 tr_v=2 sidx=0 lfnst=1) ===
#   [RST t=216060435000] rst_n=0
#   [RST t=216060635000] rst_n=1
#   PASS (256 outputs)
# 
# === [WRAPPER] 0875:8x32_DST7xDCT8_lfnst1_s1 (w=8 h=32 tr_h=1 tr_v=2 sidx=1 lfnst=1) ===
#   [RST t=216226805000] rst_n=0
#   [RST t=216227005000] rst_n=1
#   PASS (256 outputs)
# 
# === [WRAPPER] 0876:8x32_DST7xDCT8_lfnst1_s2 (w=8 h=32 tr_h=1 tr_v=2 sidx=2 lfnst=1) ===
#   [RST t=216393175000] rst_n=0
#   [RST t=216393375000] rst_n=1
#   PASS (256 outputs)
# 
# === [WRAPPER] 0877:8x32_DST7xDCT8_lfnst1_s3 (w=8 h=32 tr_h=1 tr_v=2 sidx=3 lfnst=1) ===
#   [RST t=216559545000] rst_n=0
#   [RST t=216559745000] rst_n=1
#   PASS (256 outputs)
# 
# === [WRAPPER] 0878:8x32_DST7xDCT8_lfnst2_s0 (w=8 h=32 tr_h=1 tr_v=2 sidx=0 lfnst=2) ===
#   [RST t=216725915000] rst_n=0
#   [RST t=216726115000] rst_n=1
#   PASS (256 outputs)
# 
# === [WRAPPER] 0879:8x32_DST7xDCT8_lfnst2_s1 (w=8 h=32 tr_h=1 tr_v=2 sidx=1 lfnst=2) ===
#   [RST t=216892285000] rst_n=0
#   [RST t=216892485000] rst_n=1
#   PASS (256 outputs)
# 
# === [WRAPPER] 0880:8x32_DST7xDCT8_lfnst2_s2 (w=8 h=32 tr_h=1 tr_v=2 sidx=2 lfnst=2) ===
#   [RST t=217058655000] rst_n=0
#   [RST t=217058855000] rst_n=1
#   PASS (256 outputs)
# 
# === [WRAPPER] 0881:8x32_DST7xDCT8_lfnst2_s3 (w=8 h=32 tr_h=1 tr_v=2 sidx=3 lfnst=2) ===
#   [RST t=217225025000] rst_n=0
#   [RST t=217225225000] rst_n=1
#   PASS (256 outputs)
# 
# === [WRAPPER] 0882:8x32_DCT8xDST7_lfnst0_s0 (w=8 h=32 tr_h=2 tr_v=1 sidx=0 lfnst=0) ===
#   [RST t=217391395000] rst_n=0
#   [RST t=217391595000] rst_n=1
#   PASS (256 outputs)
# 
# === [WRAPPER] 0883:8x32_DCT8xDST7_lfnst1_s0 (w=8 h=32 tr_h=2 tr_v=1 sidx=0 lfnst=1) ===
#   [RST t=217538705000] rst_n=0
#   [RST t=217538905000] rst_n=1
#   PASS (256 outputs)
# 
# === [WRAPPER] 0884:8x32_DCT8xDST7_lfnst1_s1 (w=8 h=32 tr_h=2 tr_v=1 sidx=1 lfnst=1) ===
#   [RST t=217705075000] rst_n=0
#   [RST t=217705275000] rst_n=1
#   PASS (256 outputs)
# 
# === [WRAPPER] 0885:8x32_DCT8xDST7_lfnst1_s2 (w=8 h=32 tr_h=2 tr_v=1 sidx=2 lfnst=1) ===
#   [RST t=217871445000] rst_n=0
#   [RST t=217871645000] rst_n=1
#   PASS (256 outputs)
# 
# === [WRAPPER] 0886:8x32_DCT8xDST7_lfnst1_s3 (w=8 h=32 tr_h=2 tr_v=1 sidx=3 lfnst=1) ===
#   [RST t=218037815000] rst_n=0
#   [RST t=218038015000] rst_n=1
#   PASS (256 outputs)
# 
# === [WRAPPER] 0887:8x32_DCT8xDST7_lfnst2_s0 (w=8 h=32 tr_h=2 tr_v=1 sidx=0 lfnst=2) ===
#   [RST t=218204185000] rst_n=0
#   [RST t=218204385000] rst_n=1
#   PASS (256 outputs)
# 
# === [WRAPPER] 0888:8x32_DCT8xDST7_lfnst2_s1 (w=8 h=32 tr_h=2 tr_v=1 sidx=1 lfnst=2) ===
#   [RST t=218370555000] rst_n=0
#   [RST t=218370755000] rst_n=1
#   PASS (256 outputs)
# 
# === [WRAPPER] 0889:8x32_DCT8xDST7_lfnst2_s2 (w=8 h=32 tr_h=2 tr_v=1 sidx=2 lfnst=2) ===
#   [RST t=218536925000] rst_n=0
#   [RST t=218537125000] rst_n=1
#   PASS (256 outputs)
# 
# === [WRAPPER] 0890:8x32_DCT8xDST7_lfnst2_s3 (w=8 h=32 tr_h=2 tr_v=1 sidx=3 lfnst=2) ===
#   [RST t=218703295000] rst_n=0
#   [RST t=218703495000] rst_n=1
#   PASS (256 outputs)
# 
# === [WRAPPER] 0891:8x32_DCT8xDCT8_lfnst0_s0 (w=8 h=32 tr_h=2 tr_v=2 sidx=0 lfnst=0) ===
#   [RST t=218869665000] rst_n=0
#   [RST t=218869865000] rst_n=1
#   PASS (256 outputs)
# 
# === [WRAPPER] 0892:8x32_DCT8xDCT8_lfnst1_s0 (w=8 h=32 tr_h=2 tr_v=2 sidx=0 lfnst=1) ===
#   [RST t=219016975000] rst_n=0
#   [RST t=219017175000] rst_n=1
#   PASS (256 outputs)
# 
# === [WRAPPER] 0893:8x32_DCT8xDCT8_lfnst1_s1 (w=8 h=32 tr_h=2 tr_v=2 sidx=1 lfnst=1) ===
#   [RST t=219183345000] rst_n=0
#   [RST t=219183545000] rst_n=1
#   PASS (256 outputs)
# 
# === [WRAPPER] 0894:8x32_DCT8xDCT8_lfnst1_s2 (w=8 h=32 tr_h=2 tr_v=2 sidx=2 lfnst=1) ===
#   [RST t=219349715000] rst_n=0
#   [RST t=219349915000] rst_n=1
#   PASS (256 outputs)
# 
# === [WRAPPER] 0895:8x32_DCT8xDCT8_lfnst1_s3 (w=8 h=32 tr_h=2 tr_v=2 sidx=3 lfnst=1) ===
#   [RST t=219516085000] rst_n=0
#   [RST t=219516285000] rst_n=1
#   PASS (256 outputs)
# 
# === [WRAPPER] 0896:8x32_DCT8xDCT8_lfnst2_s0 (w=8 h=32 tr_h=2 tr_v=2 sidx=0 lfnst=2) ===
#   [RST t=219682455000] rst_n=0
#   [RST t=219682655000] rst_n=1
#   PASS (256 outputs)
# 
# === [WRAPPER] 0897:8x32_DCT8xDCT8_lfnst2_s1 (w=8 h=32 tr_h=2 tr_v=2 sidx=1 lfnst=2) ===
#   [RST t=219848825000] rst_n=0
#   [RST t=219849025000] rst_n=1
#   PASS (256 outputs)
# 
# === [WRAPPER] 0898:8x32_DCT8xDCT8_lfnst2_s2 (w=8 h=32 tr_h=2 tr_v=2 sidx=2 lfnst=2) ===
#   [RST t=220015195000] rst_n=0
#   [RST t=220015395000] rst_n=1
#   PASS (256 outputs)
# 
# === [WRAPPER] 0899:8x32_DCT8xDCT8_lfnst2_s3 (w=8 h=32 tr_h=2 tr_v=2 sidx=3 lfnst=2) ===
#   [RST t=220181565000] rst_n=0
#   [RST t=220181765000] rst_n=1
#   PASS (256 outputs)
# 
# === [WRAPPER] 0900:8x32_DST7xDST7_lfnst0_s0 (w=8 h=32 tr_h=1 tr_v=1 sidx=0 lfnst=0) ===
#   [RST t=220347935000] rst_n=0
#   [RST t=220348135000] rst_n=1
#   PASS (256 outputs)
# 
# === [WRAPPER] 0901:8x32_DST7xDST7_lfnst1_s0 (w=8 h=32 tr_h=1 tr_v=1 sidx=0 lfnst=1) ===
#   [RST t=220495215000] rst_n=0
#   [RST t=220495415000] rst_n=1
#   PASS (256 outputs)
# 
# === [WRAPPER] 0902:8x32_DST7xDST7_lfnst1_s1 (w=8 h=32 tr_h=1 tr_v=1 sidx=1 lfnst=1) ===
#   [RST t=220661585000] rst_n=0
#   [RST t=220661785000] rst_n=1
#   PASS (256 outputs)
# 
# === [WRAPPER] 0903:8x32_DST7xDST7_lfnst1_s2 (w=8 h=32 tr_h=1 tr_v=1 sidx=2 lfnst=1) ===
#   [RST t=220827955000] rst_n=0
#   [RST t=220828155000] rst_n=1
#   PASS (256 outputs)
# 
# === [WRAPPER] 0904:8x32_DST7xDST7_lfnst1_s3 (w=8 h=32 tr_h=1 tr_v=1 sidx=3 lfnst=1) ===
#   [RST t=220994325000] rst_n=0
#   [RST t=220994525000] rst_n=1
#   PASS (256 outputs)
# 
# === [WRAPPER] 0905:8x32_DST7xDST7_lfnst2_s0 (w=8 h=32 tr_h=1 tr_v=1 sidx=0 lfnst=2) ===
#   [RST t=221160695000] rst_n=0
#   [RST t=221160895000] rst_n=1
#   PASS (256 outputs)
# 
# === [WRAPPER] 0906:8x32_DST7xDST7_lfnst2_s1 (w=8 h=32 tr_h=1 tr_v=1 sidx=1 lfnst=2) ===
#   [RST t=221327065000] rst_n=0
#   [RST t=221327265000] rst_n=1
#   PASS (256 outputs)
# 
# === [WRAPPER] 0907:8x32_DST7xDST7_lfnst2_s2 (w=8 h=32 tr_h=1 tr_v=1 sidx=2 lfnst=2) ===
#   [RST t=221493435000] rst_n=0
#   [RST t=221493635000] rst_n=1
#   PASS (256 outputs)
# 
# === [WRAPPER] 0908:8x32_DST7xDST7_lfnst2_s3 (w=8 h=32 tr_h=1 tr_v=1 sidx=3 lfnst=2) ===
#   [RST t=221659805000] rst_n=0
#   [RST t=221660005000] rst_n=1
#   PASS (256 outputs)
# 
# === [WRAPPER] 0909:8x32_DCT2xDCT8_lfnst0_s0 (w=8 h=32 tr_h=0 tr_v=2 sidx=0 lfnst=0) ===
#   [RST t=221826175000] rst_n=0
#   [RST t=221826375000] rst_n=1
#   PASS (256 outputs)
# 
# === [WRAPPER] 0910:8x32_DCT2xDCT8_lfnst1_s0 (w=8 h=32 tr_h=0 tr_v=2 sidx=0 lfnst=1) ===
#   [RST t=221973515000] rst_n=0
#   [RST t=221973715000] rst_n=1
#   PASS (256 outputs)
# 
# === [WRAPPER] 0911:8x32_DCT2xDCT8_lfnst1_s1 (w=8 h=32 tr_h=0 tr_v=2 sidx=1 lfnst=1) ===
#   [RST t=222139885000] rst_n=0
#   [RST t=222140085000] rst_n=1
#   PASS (256 outputs)
# 
# === [WRAPPER] 0912:8x32_DCT2xDCT8_lfnst1_s2 (w=8 h=32 tr_h=0 tr_v=2 sidx=2 lfnst=1) ===
#   [RST t=222306255000] rst_n=0
#   [RST t=222306455000] rst_n=1
#   PASS (256 outputs)
# 
# === [WRAPPER] 0913:8x32_DCT2xDCT8_lfnst1_s3 (w=8 h=32 tr_h=0 tr_v=2 sidx=3 lfnst=1) ===
#   [RST t=222472625000] rst_n=0
#   [RST t=222472825000] rst_n=1
#   PASS (256 outputs)
# 
# === [WRAPPER] 0914:8x32_DCT2xDCT8_lfnst2_s0 (w=8 h=32 tr_h=0 tr_v=2 sidx=0 lfnst=2) ===
#   [RST t=222638995000] rst_n=0
#   [RST t=222639195000] rst_n=1
#   PASS (256 outputs)
# 
# === [WRAPPER] 0915:8x32_DCT2xDCT8_lfnst2_s1 (w=8 h=32 tr_h=0 tr_v=2 sidx=1 lfnst=2) ===
#   [RST t=222805365000] rst_n=0
#   [RST t=222805565000] rst_n=1
#   PASS (256 outputs)
# 
# === [WRAPPER] 0916:8x32_DCT2xDCT8_lfnst2_s2 (w=8 h=32 tr_h=0 tr_v=2 sidx=2 lfnst=2) ===
#   [RST t=222971735000] rst_n=0
#   [RST t=222971935000] rst_n=1
#   PASS (256 outputs)
# 
# === [WRAPPER] 0917:8x32_DCT2xDCT8_lfnst2_s3 (w=8 h=32 tr_h=0 tr_v=2 sidx=3 lfnst=2) ===
#   [RST t=223138105000] rst_n=0
#   [RST t=223138305000] rst_n=1
#   PASS (256 outputs)
# 
# === [WRAPPER] 0918:8x32_DCT8xDCT2_lfnst0_s0 (w=8 h=32 tr_h=2 tr_v=0 sidx=0 lfnst=0) ===
#   [RST t=223304475000] rst_n=0
#   [RST t=223304675000] rst_n=1
#   PASS (256 outputs)
# 
# === [WRAPPER] 0919:8x32_DCT8xDCT2_lfnst1_s0 (w=8 h=32 tr_h=2 tr_v=0 sidx=0 lfnst=1) ===
#   [RST t=223451785000] rst_n=0
#   [RST t=223451985000] rst_n=1
#   PASS (256 outputs)
# 
# === [WRAPPER] 0920:8x32_DCT8xDCT2_lfnst1_s1 (w=8 h=32 tr_h=2 tr_v=0 sidx=1 lfnst=1) ===
#   [RST t=223618155000] rst_n=0
#   [RST t=223618355000] rst_n=1
#   PASS (256 outputs)
# 
# === [WRAPPER] 0921:8x32_DCT8xDCT2_lfnst1_s2 (w=8 h=32 tr_h=2 tr_v=0 sidx=2 lfnst=1) ===
#   [RST t=223784525000] rst_n=0
#   [RST t=223784725000] rst_n=1
#   PASS (256 outputs)
# 
# === [WRAPPER] 0922:8x32_DCT8xDCT2_lfnst1_s3 (w=8 h=32 tr_h=2 tr_v=0 sidx=3 lfnst=1) ===
#   [RST t=223950895000] rst_n=0
#   [RST t=223951095000] rst_n=1
#   PASS (256 outputs)
# 
# === [WRAPPER] 0923:8x32_DCT8xDCT2_lfnst2_s0 (w=8 h=32 tr_h=2 tr_v=0 sidx=0 lfnst=2) ===
#   [RST t=224117265000] rst_n=0
#   [RST t=224117465000] rst_n=1
#   PASS (256 outputs)
# 
# === [WRAPPER] 0924:8x32_DCT8xDCT2_lfnst2_s1 (w=8 h=32 tr_h=2 tr_v=0 sidx=1 lfnst=2) ===
#   [RST t=224283635000] rst_n=0
#   [RST t=224283835000] rst_n=1
#   PASS (256 outputs)
# 
# === [WRAPPER] 0925:8x32_DCT8xDCT2_lfnst2_s2 (w=8 h=32 tr_h=2 tr_v=0 sidx=2 lfnst=2) ===
#   [RST t=224450005000] rst_n=0
#   [RST t=224450205000] rst_n=1
#   PASS (256 outputs)
# 
# === [WRAPPER] 0926:8x32_DCT8xDCT2_lfnst2_s3 (w=8 h=32 tr_h=2 tr_v=0 sidx=3 lfnst=2) ===
#   [RST t=224616375000] rst_n=0
#   [RST t=224616575000] rst_n=1
#   PASS (256 outputs)
# 
# === [WRAPPER] 0927:8x32_DCT2xDST7_lfnst0_s0 (w=8 h=32 tr_h=0 tr_v=1 sidx=0 lfnst=0) ===
#   [RST t=224782745000] rst_n=0
#   [RST t=224782945000] rst_n=1
#   PASS (256 outputs)
# 
# === [WRAPPER] 0928:8x32_DCT2xDST7_lfnst1_s0 (w=8 h=32 tr_h=0 tr_v=1 sidx=0 lfnst=1) ===
#   [RST t=224930065000] rst_n=0
#   [RST t=224930265000] rst_n=1
#   PASS (256 outputs)
# 
# === [WRAPPER] 0929:8x32_DCT2xDST7_lfnst1_s1 (w=8 h=32 tr_h=0 tr_v=1 sidx=1 lfnst=1) ===
#   [RST t=225096435000] rst_n=0
#   [RST t=225096635000] rst_n=1
#   PASS (256 outputs)
# 
# === [WRAPPER] 0930:8x32_DCT2xDST7_lfnst1_s2 (w=8 h=32 tr_h=0 tr_v=1 sidx=2 lfnst=1) ===
#   [RST t=225262805000] rst_n=0
#   [RST t=225263005000] rst_n=1
#   PASS (256 outputs)
# 
# === [WRAPPER] 0931:8x32_DCT2xDST7_lfnst1_s3 (w=8 h=32 tr_h=0 tr_v=1 sidx=3 lfnst=1) ===
#   [RST t=225429175000] rst_n=0
#   [RST t=225429375000] rst_n=1
#   PASS (256 outputs)
# 
# === [WRAPPER] 0932:8x32_DCT2xDST7_lfnst2_s0 (w=8 h=32 tr_h=0 tr_v=1 sidx=0 lfnst=2) ===
#   [RST t=225595545000] rst_n=0
#   [RST t=225595745000] rst_n=1
#   PASS (256 outputs)
# 
# === [WRAPPER] 0933:8x32_DCT2xDST7_lfnst2_s1 (w=8 h=32 tr_h=0 tr_v=1 sidx=1 lfnst=2) ===
#   [RST t=225761915000] rst_n=0
#   [RST t=225762115000] rst_n=1
#   PASS (256 outputs)
# 
# === [WRAPPER] 0934:8x32_DCT2xDST7_lfnst2_s2 (w=8 h=32 tr_h=0 tr_v=1 sidx=2 lfnst=2) ===
#   [RST t=225928285000] rst_n=0
#   [RST t=225928485000] rst_n=1
#   PASS (256 outputs)
# 
# === [WRAPPER] 0935:8x32_DCT2xDST7_lfnst2_s3 (w=8 h=32 tr_h=0 tr_v=1 sidx=3 lfnst=2) ===
#   [RST t=226094655000] rst_n=0
#   [RST t=226094855000] rst_n=1
#   PASS (256 outputs)
# 
# === [WRAPPER] 0936:8x32_DST7xDCT2_lfnst0_s0 (w=8 h=32 tr_h=1 tr_v=0 sidx=0 lfnst=0) ===
#   [RST t=226261025000] rst_n=0
#   [RST t=226261225000] rst_n=1
#   PASS (256 outputs)
# 
# === [WRAPPER] 0937:8x32_DST7xDCT2_lfnst1_s0 (w=8 h=32 tr_h=1 tr_v=0 sidx=0 lfnst=1) ===
#   [RST t=226408425000] rst_n=0
#   [RST t=226408625000] rst_n=1
#   PASS (256 outputs)
# 
# === [WRAPPER] 0938:8x32_DST7xDCT2_lfnst1_s1 (w=8 h=32 tr_h=1 tr_v=0 sidx=1 lfnst=1) ===
#   [RST t=226574795000] rst_n=0
#   [RST t=226574995000] rst_n=1
#   PASS (256 outputs)
# 
# === [WRAPPER] 0939:8x32_DST7xDCT2_lfnst1_s2 (w=8 h=32 tr_h=1 tr_v=0 sidx=2 lfnst=1) ===
#   [RST t=226741165000] rst_n=0
#   [RST t=226741365000] rst_n=1
#   PASS (256 outputs)
# 
# === [WRAPPER] 0940:8x32_DST7xDCT2_lfnst1_s3 (w=8 h=32 tr_h=1 tr_v=0 sidx=3 lfnst=1) ===
#   [RST t=226907535000] rst_n=0
#   [RST t=226907735000] rst_n=1
#   PASS (256 outputs)
# 
# === [WRAPPER] 0941:8x32_DST7xDCT2_lfnst2_s0 (w=8 h=32 tr_h=1 tr_v=0 sidx=0 lfnst=2) ===
#   [RST t=227073905000] rst_n=0
#   [RST t=227074105000] rst_n=1
#   PASS (256 outputs)
# 
# === [WRAPPER] 0942:8x32_DST7xDCT2_lfnst2_s1 (w=8 h=32 tr_h=1 tr_v=0 sidx=1 lfnst=2) ===
#   [RST t=227240275000] rst_n=0
#   [RST t=227240475000] rst_n=1
#   PASS (256 outputs)
# 
# === [WRAPPER] 0943:8x32_DST7xDCT2_lfnst2_s2 (w=8 h=32 tr_h=1 tr_v=0 sidx=2 lfnst=2) ===
#   [RST t=227406645000] rst_n=0
#   [RST t=227406845000] rst_n=1
#   PASS (256 outputs)
# 
# === [WRAPPER] 0944:8x32_DST7xDCT2_lfnst2_s3 (w=8 h=32 tr_h=1 tr_v=0 sidx=3 lfnst=2) ===
#   [RST t=227573015000] rst_n=0
#   [RST t=227573215000] rst_n=1
#   PASS (256 outputs)
# 
# === [WRAPPER] 0945:16x8_DST7xDCT8_lfnst0_s0 (w=16 h=8 tr_h=1 tr_v=2 sidx=0 lfnst=0) ===
#   [RST t=227739385000] rst_n=0
#   [RST t=227739585000] rst_n=1
#   PASS (128 outputs)
# 
# === [WRAPPER] 0946:16x8_DST7xDCT8_lfnst1_s0 (w=16 h=8 tr_h=1 tr_v=2 sidx=0 lfnst=1) ===
#   [RST t=227788045000] rst_n=0
#   [RST t=227788245000] rst_n=1
#   PASS (128 outputs)
# 
# === [WRAPPER] 0947:16x8_DST7xDCT8_lfnst1_s1 (w=16 h=8 tr_h=1 tr_v=2 sidx=1 lfnst=1) ===
#   [RST t=227855695000] rst_n=0
#   [RST t=227855895000] rst_n=1
#   PASS (128 outputs)
# 
# === [WRAPPER] 0948:16x8_DST7xDCT8_lfnst1_s2 (w=16 h=8 tr_h=1 tr_v=2 sidx=2 lfnst=1) ===
#   [RST t=227923345000] rst_n=0
#   [RST t=227923545000] rst_n=1
#   PASS (128 outputs)
# 
# === [WRAPPER] 0949:16x8_DST7xDCT8_lfnst1_s3 (w=16 h=8 tr_h=1 tr_v=2 sidx=3 lfnst=1) ===
#   [RST t=227990995000] rst_n=0
#   [RST t=227991195000] rst_n=1
#   PASS (128 outputs)
# 
# === [WRAPPER] 0950:16x8_DST7xDCT8_lfnst2_s0 (w=16 h=8 tr_h=1 tr_v=2 sidx=0 lfnst=2) ===
#   [RST t=228058645000] rst_n=0
#   [RST t=228058845000] rst_n=1
#   PASS (128 outputs)
# 
# === [WRAPPER] 0951:16x8_DST7xDCT8_lfnst2_s1 (w=16 h=8 tr_h=1 tr_v=2 sidx=1 lfnst=2) ===
#   [RST t=228126295000] rst_n=0
#   [RST t=228126495000] rst_n=1
#   PASS (128 outputs)
# 
# === [WRAPPER] 0952:16x8_DST7xDCT8_lfnst2_s2 (w=16 h=8 tr_h=1 tr_v=2 sidx=2 lfnst=2) ===
#   [RST t=228193945000] rst_n=0
#   [RST t=228194145000] rst_n=1
#   PASS (128 outputs)
# 
# === [WRAPPER] 0953:16x8_DST7xDCT8_lfnst2_s3 (w=16 h=8 tr_h=1 tr_v=2 sidx=3 lfnst=2) ===
#   [RST t=228261595000] rst_n=0
#   [RST t=228261795000] rst_n=1
#   PASS (128 outputs)
# 
# === [WRAPPER] 0954:16x8_DCT8xDST7_lfnst0_s0 (w=16 h=8 tr_h=2 tr_v=1 sidx=0 lfnst=0) ===
#   [RST t=228329245000] rst_n=0
#   [RST t=228329445000] rst_n=1
#   PASS (128 outputs)
# 
# === [WRAPPER] 0955:16x8_DCT8xDST7_lfnst1_s0 (w=16 h=8 tr_h=2 tr_v=1 sidx=0 lfnst=1) ===
#   [RST t=228377825000] rst_n=0
#   [RST t=228378025000] rst_n=1
#   PASS (128 outputs)
# 
# === [WRAPPER] 0956:16x8_DCT8xDST7_lfnst1_s1 (w=16 h=8 tr_h=2 tr_v=1 sidx=1 lfnst=1) ===
#   [RST t=228445475000] rst_n=0
#   [RST t=228445675000] rst_n=1
#   PASS (128 outputs)
# 
# === [WRAPPER] 0957:16x8_DCT8xDST7_lfnst1_s2 (w=16 h=8 tr_h=2 tr_v=1 sidx=2 lfnst=1) ===
#   [RST t=228513125000] rst_n=0
#   [RST t=228513325000] rst_n=1
#   PASS (128 outputs)
# 
# === [WRAPPER] 0958:16x8_DCT8xDST7_lfnst1_s3 (w=16 h=8 tr_h=2 tr_v=1 sidx=3 lfnst=1) ===
#   [RST t=228580775000] rst_n=0
#   [RST t=228580975000] rst_n=1
#   PASS (128 outputs)
# 
# === [WRAPPER] 0959:16x8_DCT8xDST7_lfnst2_s0 (w=16 h=8 tr_h=2 tr_v=1 sidx=0 lfnst=2) ===
#   [RST t=228648425000] rst_n=0
#   [RST t=228648625000] rst_n=1
#   PASS (128 outputs)
# 
# === [WRAPPER] 0960:16x8_DCT8xDST7_lfnst2_s1 (w=16 h=8 tr_h=2 tr_v=1 sidx=1 lfnst=2) ===
#   [RST t=228716075000] rst_n=0
#   [RST t=228716275000] rst_n=1
#   PASS (128 outputs)
# 
# === [WRAPPER] 0961:16x8_DCT8xDST7_lfnst2_s2 (w=16 h=8 tr_h=2 tr_v=1 sidx=2 lfnst=2) ===
#   [RST t=228783725000] rst_n=0
#   [RST t=228783925000] rst_n=1
#   PASS (128 outputs)
# 
# === [WRAPPER] 0962:16x8_DCT8xDST7_lfnst2_s3 (w=16 h=8 tr_h=2 tr_v=1 sidx=3 lfnst=2) ===
#   [RST t=228851375000] rst_n=0
#   [RST t=228851575000] rst_n=1
#   PASS (128 outputs)
# 
# === [WRAPPER] 0963:16x8_DCT8xDCT8_lfnst0_s0 (w=16 h=8 tr_h=2 tr_v=2 sidx=0 lfnst=0) ===
#   [RST t=228919025000] rst_n=0
#   [RST t=228919225000] rst_n=1
#   PASS (128 outputs)
# 
# === [WRAPPER] 0964:16x8_DCT8xDCT8_lfnst1_s0 (w=16 h=8 tr_h=2 tr_v=2 sidx=0 lfnst=1) ===
#   [RST t=228967665000] rst_n=0
#   [RST t=228967865000] rst_n=1
#   PASS (128 outputs)
# 
# === [WRAPPER] 0965:16x8_DCT8xDCT8_lfnst1_s1 (w=16 h=8 tr_h=2 tr_v=2 sidx=1 lfnst=1) ===
#   [RST t=229035315000] rst_n=0
#   [RST t=229035515000] rst_n=1
#   PASS (128 outputs)
# 
# === [WRAPPER] 0966:16x8_DCT8xDCT8_lfnst1_s2 (w=16 h=8 tr_h=2 tr_v=2 sidx=2 lfnst=1) ===
#   [RST t=229102965000] rst_n=0
#   [RST t=229103165000] rst_n=1
#   PASS (128 outputs)
# 
# === [WRAPPER] 0967:16x8_DCT8xDCT8_lfnst1_s3 (w=16 h=8 tr_h=2 tr_v=2 sidx=3 lfnst=1) ===
#   [RST t=229170615000] rst_n=0
#   [RST t=229170815000] rst_n=1
#   PASS (128 outputs)
# 
# === [WRAPPER] 0968:16x8_DCT8xDCT8_lfnst2_s0 (w=16 h=8 tr_h=2 tr_v=2 sidx=0 lfnst=2) ===
#   [RST t=229238265000] rst_n=0
#   [RST t=229238465000] rst_n=1
#   PASS (128 outputs)
# 
# === [WRAPPER] 0969:16x8_DCT8xDCT8_lfnst2_s1 (w=16 h=8 tr_h=2 tr_v=2 sidx=1 lfnst=2) ===
#   [RST t=229305915000] rst_n=0
#   [RST t=229306115000] rst_n=1
#   PASS (128 outputs)
# 
# === [WRAPPER] 0970:16x8_DCT8xDCT8_lfnst2_s2 (w=16 h=8 tr_h=2 tr_v=2 sidx=2 lfnst=2) ===
#   [RST t=229373565000] rst_n=0
#   [RST t=229373765000] rst_n=1
#   PASS (128 outputs)
# 
# === [WRAPPER] 0971:16x8_DCT8xDCT8_lfnst2_s3 (w=16 h=8 tr_h=2 tr_v=2 sidx=3 lfnst=2) ===
#   [RST t=229441215000] rst_n=0
#   [RST t=229441415000] rst_n=1
#   PASS (128 outputs)
# 
# === [WRAPPER] 0972:16x8_DST7xDST7_lfnst0_s0 (w=16 h=8 tr_h=1 tr_v=1 sidx=0 lfnst=0) ===
#   [RST t=229508865000] rst_n=0
#   [RST t=229509065000] rst_n=1
#   PASS (128 outputs)
# 
# === [WRAPPER] 0973:16x8_DST7xDST7_lfnst1_s0 (w=16 h=8 tr_h=1 tr_v=1 sidx=0 lfnst=1) ===
#   [RST t=229557515000] rst_n=0
#   [RST t=229557715000] rst_n=1
#   PASS (128 outputs)
# 
# === [WRAPPER] 0974:16x8_DST7xDST7_lfnst1_s1 (w=16 h=8 tr_h=1 tr_v=1 sidx=1 lfnst=1) ===
#   [RST t=229625165000] rst_n=0
#   [RST t=229625365000] rst_n=1
#   PASS (128 outputs)
# 
# === [WRAPPER] 0975:16x8_DST7xDST7_lfnst1_s2 (w=16 h=8 tr_h=1 tr_v=1 sidx=2 lfnst=1) ===
#   [RST t=229692815000] rst_n=0
#   [RST t=229693015000] rst_n=1
#   PASS (128 outputs)
# 
# === [WRAPPER] 0976:16x8_DST7xDST7_lfnst1_s3 (w=16 h=8 tr_h=1 tr_v=1 sidx=3 lfnst=1) ===
#   [RST t=229760465000] rst_n=0
#   [RST t=229760665000] rst_n=1
#   PASS (128 outputs)
# 
# === [WRAPPER] 0977:16x8_DST7xDST7_lfnst2_s0 (w=16 h=8 tr_h=1 tr_v=1 sidx=0 lfnst=2) ===
#   [RST t=229828115000] rst_n=0
#   [RST t=229828315000] rst_n=1
#   PASS (128 outputs)
# 
# === [WRAPPER] 0978:16x8_DST7xDST7_lfnst2_s1 (w=16 h=8 tr_h=1 tr_v=1 sidx=1 lfnst=2) ===
#   [RST t=229895765000] rst_n=0
#   [RST t=229895965000] rst_n=1
#   PASS (128 outputs)
# 
# === [WRAPPER] 0979:16x8_DST7xDST7_lfnst2_s2 (w=16 h=8 tr_h=1 tr_v=1 sidx=2 lfnst=2) ===
#   [RST t=229963415000] rst_n=0
#   [RST t=229963615000] rst_n=1
#   PASS (128 outputs)
# 
# === [WRAPPER] 0980:16x8_DST7xDST7_lfnst2_s3 (w=16 h=8 tr_h=1 tr_v=1 sidx=3 lfnst=2) ===
#   [RST t=230031065000] rst_n=0
#   [RST t=230031265000] rst_n=1
#   PASS (128 outputs)
# 
# === [WRAPPER] 0981:16x8_DCT2xDCT8_lfnst0_s0 (w=16 h=8 tr_h=0 tr_v=2 sidx=0 lfnst=0) ===
#   [RST t=230098715000] rst_n=0
#   [RST t=230098915000] rst_n=1
#   PASS (128 outputs)
# 
# === [WRAPPER] 0982:16x8_DCT2xDCT8_lfnst1_s0 (w=16 h=8 tr_h=0 tr_v=2 sidx=0 lfnst=1) ===
#   [RST t=230147425000] rst_n=0
#   [RST t=230147625000] rst_n=1
#   PASS (128 outputs)
# 
# === [WRAPPER] 0983:16x8_DCT2xDCT8_lfnst1_s1 (w=16 h=8 tr_h=0 tr_v=2 sidx=1 lfnst=1) ===
#   [RST t=230215075000] rst_n=0
#   [RST t=230215275000] rst_n=1
#   PASS (128 outputs)
# 
# === [WRAPPER] 0984:16x8_DCT2xDCT8_lfnst1_s2 (w=16 h=8 tr_h=0 tr_v=2 sidx=2 lfnst=1) ===
#   [RST t=230282725000] rst_n=0
#   [RST t=230282925000] rst_n=1
#   PASS (128 outputs)
# 
# === [WRAPPER] 0985:16x8_DCT2xDCT8_lfnst1_s3 (w=16 h=8 tr_h=0 tr_v=2 sidx=3 lfnst=1) ===
#   [RST t=230350375000] rst_n=0
#   [RST t=230350575000] rst_n=1
#   PASS (128 outputs)
# 
# === [WRAPPER] 0986:16x8_DCT2xDCT8_lfnst2_s0 (w=16 h=8 tr_h=0 tr_v=2 sidx=0 lfnst=2) ===
#   [RST t=230418025000] rst_n=0
#   [RST t=230418225000] rst_n=1
#   PASS (128 outputs)
# 
# === [WRAPPER] 0987:16x8_DCT2xDCT8_lfnst2_s1 (w=16 h=8 tr_h=0 tr_v=2 sidx=1 lfnst=2) ===
#   [RST t=230485675000] rst_n=0
#   [RST t=230485875000] rst_n=1
#   PASS (128 outputs)
# 
# === [WRAPPER] 0988:16x8_DCT2xDCT8_lfnst2_s2 (w=16 h=8 tr_h=0 tr_v=2 sidx=2 lfnst=2) ===
#   [RST t=230553325000] rst_n=0
#   [RST t=230553525000] rst_n=1
#   PASS (128 outputs)
# 
# === [WRAPPER] 0989:16x8_DCT2xDCT8_lfnst2_s3 (w=16 h=8 tr_h=0 tr_v=2 sidx=3 lfnst=2) ===
#   [RST t=230620975000] rst_n=0
#   [RST t=230621175000] rst_n=1
#   PASS (128 outputs)
# 
# === [WRAPPER] 0990:16x8_DCT8xDCT2_lfnst0_s0 (w=16 h=8 tr_h=2 tr_v=0 sidx=0 lfnst=0) ===
#   [RST t=230688625000] rst_n=0
#   [RST t=230688825000] rst_n=1
#   PASS (128 outputs)
# 
# === [WRAPPER] 0991:16x8_DCT8xDCT2_lfnst1_s0 (w=16 h=8 tr_h=2 tr_v=0 sidx=0 lfnst=1) ===
#   [RST t=230737265000] rst_n=0
#   [RST t=230737465000] rst_n=1
#   PASS (128 outputs)
# 
# === [WRAPPER] 0992:16x8_DCT8xDCT2_lfnst1_s1 (w=16 h=8 tr_h=2 tr_v=0 sidx=1 lfnst=1) ===
#   [RST t=230804915000] rst_n=0
#   [RST t=230805115000] rst_n=1
#   PASS (128 outputs)
# 
# === [WRAPPER] 0993:16x8_DCT8xDCT2_lfnst1_s2 (w=16 h=8 tr_h=2 tr_v=0 sidx=2 lfnst=1) ===
#   [RST t=230872565000] rst_n=0
#   [RST t=230872765000] rst_n=1
#   PASS (128 outputs)
# 
# === [WRAPPER] 0994:16x8_DCT8xDCT2_lfnst1_s3 (w=16 h=8 tr_h=2 tr_v=0 sidx=3 lfnst=1) ===
#   [RST t=230940215000] rst_n=0
#   [RST t=230940415000] rst_n=1
#   PASS (128 outputs)
# 
# === [WRAPPER] 0995:16x8_DCT8xDCT2_lfnst2_s0 (w=16 h=8 tr_h=2 tr_v=0 sidx=0 lfnst=2) ===
#   [RST t=231007865000] rst_n=0
#   [RST t=231008065000] rst_n=1
#   PASS (128 outputs)
# 
# === [WRAPPER] 0996:16x8_DCT8xDCT2_lfnst2_s1 (w=16 h=8 tr_h=2 tr_v=0 sidx=1 lfnst=2) ===
#   [RST t=231075515000] rst_n=0
#   [RST t=231075715000] rst_n=1
#   PASS (128 outputs)
# 
# === [WRAPPER] 0997:16x8_DCT8xDCT2_lfnst2_s2 (w=16 h=8 tr_h=2 tr_v=0 sidx=2 lfnst=2) ===
#   [RST t=231143165000] rst_n=0
#   [RST t=231143365000] rst_n=1
#   PASS (128 outputs)
# 
# === [WRAPPER] 0998:16x8_DCT8xDCT2_lfnst2_s3 (w=16 h=8 tr_h=2 tr_v=0 sidx=3 lfnst=2) ===
#   [RST t=231210815000] rst_n=0
#   [RST t=231211015000] rst_n=1
#   PASS (128 outputs)
# 
# === [WRAPPER] 0999:16x8_DCT2xDST7_lfnst0_s0 (w=16 h=8 tr_h=0 tr_v=1 sidx=0 lfnst=0) ===
#   [RST t=231278465000] rst_n=0
#   [RST t=231278665000] rst_n=1
#   PASS (128 outputs)
# 
# === [WRAPPER] 1000:16x8_DCT2xDST7_lfnst1_s0 (w=16 h=8 tr_h=0 tr_v=1 sidx=0 lfnst=1) ===
#   [RST t=231327035000] rst_n=0
#   [RST t=231327235000] rst_n=1
#   PASS (128 outputs)
# 
# === [WRAPPER] 1001:16x8_DCT2xDST7_lfnst1_s1 (w=16 h=8 tr_h=0 tr_v=1 sidx=1 lfnst=1) ===
#   [RST t=231394685000] rst_n=0
#   [RST t=231394885000] rst_n=1
#   PASS (128 outputs)
# 
# === [WRAPPER] 1002:16x8_DCT2xDST7_lfnst1_s2 (w=16 h=8 tr_h=0 tr_v=1 sidx=2 lfnst=1) ===
#   [RST t=231462335000] rst_n=0
#   [RST t=231462535000] rst_n=1
#   PASS (128 outputs)
# 
# === [WRAPPER] 1003:16x8_DCT2xDST7_lfnst1_s3 (w=16 h=8 tr_h=0 tr_v=1 sidx=3 lfnst=1) ===
#   [RST t=231529985000] rst_n=0
#   [RST t=231530185000] rst_n=1
#   PASS (128 outputs)
# 
# === [WRAPPER] 1004:16x8_DCT2xDST7_lfnst2_s0 (w=16 h=8 tr_h=0 tr_v=1 sidx=0 lfnst=2) ===
#   [RST t=231597635000] rst_n=0
#   [RST t=231597835000] rst_n=1
#   PASS (128 outputs)
# 
# === [WRAPPER] 1005:16x8_DCT2xDST7_lfnst2_s1 (w=16 h=8 tr_h=0 tr_v=1 sidx=1 lfnst=2) ===
#   [RST t=231665285000] rst_n=0
#   [RST t=231665485000] rst_n=1
#   PASS (128 outputs)
# 
# === [WRAPPER] 1006:16x8_DCT2xDST7_lfnst2_s2 (w=16 h=8 tr_h=0 tr_v=1 sidx=2 lfnst=2) ===
#   [RST t=231732935000] rst_n=0
#   [RST t=231733135000] rst_n=1
#   PASS (128 outputs)
# 
# === [WRAPPER] 1007:16x8_DCT2xDST7_lfnst2_s3 (w=16 h=8 tr_h=0 tr_v=1 sidx=3 lfnst=2) ===
#   [RST t=231800585000] rst_n=0
#   [RST t=231800785000] rst_n=1
#   PASS (128 outputs)
# 
# === [WRAPPER] 1008:16x8_DST7xDCT2_lfnst0_s0 (w=16 h=8 tr_h=1 tr_v=0 sidx=0 lfnst=0) ===
#   [RST t=231868235000] rst_n=0
#   [RST t=231868435000] rst_n=1
#   PASS (128 outputs)
# 
# === [WRAPPER] 1009:16x8_DST7xDCT2_lfnst1_s0 (w=16 h=8 tr_h=1 tr_v=0 sidx=0 lfnst=1) ===
#   [RST t=231916895000] rst_n=0
#   [RST t=231917095000] rst_n=1
#   PASS (128 outputs)
# 
# === [WRAPPER] 1010:16x8_DST7xDCT2_lfnst1_s1 (w=16 h=8 tr_h=1 tr_v=0 sidx=1 lfnst=1) ===
#   [RST t=231984545000] rst_n=0
#   [RST t=231984745000] rst_n=1
#   PASS (128 outputs)
# 
# === [WRAPPER] 1011:16x8_DST7xDCT2_lfnst1_s2 (w=16 h=8 tr_h=1 tr_v=0 sidx=2 lfnst=1) ===
#   [RST t=232052195000] rst_n=0
#   [RST t=232052395000] rst_n=1
#   PASS (128 outputs)
# 
# === [WRAPPER] 1012:16x8_DST7xDCT2_lfnst1_s3 (w=16 h=8 tr_h=1 tr_v=0 sidx=3 lfnst=1) ===
#   [RST t=232119845000] rst_n=0
#   [RST t=232120045000] rst_n=1
#   PASS (128 outputs)
# 
# === [WRAPPER] 1013:16x8_DST7xDCT2_lfnst2_s0 (w=16 h=8 tr_h=1 tr_v=0 sidx=0 lfnst=2) ===
#   [RST t=232187495000] rst_n=0
#   [RST t=232187695000] rst_n=1
#   PASS (128 outputs)
# 
# === [WRAPPER] 1014:16x8_DST7xDCT2_lfnst2_s1 (w=16 h=8 tr_h=1 tr_v=0 sidx=1 lfnst=2) ===
#   [RST t=232255145000] rst_n=0
#   [RST t=232255345000] rst_n=1
#   PASS (128 outputs)
# 
# === [WRAPPER] 1015:16x8_DST7xDCT2_lfnst2_s2 (w=16 h=8 tr_h=1 tr_v=0 sidx=2 lfnst=2) ===
#   [RST t=232322795000] rst_n=0
#   [RST t=232322995000] rst_n=1
#   PASS (128 outputs)
# 
# === [WRAPPER] 1016:16x8_DST7xDCT2_lfnst2_s3 (w=16 h=8 tr_h=1 tr_v=0 sidx=3 lfnst=2) ===
#   [RST t=232390445000] rst_n=0
#   [RST t=232390645000] rst_n=1
#   PASS (128 outputs)
# 
# === [WRAPPER] 1017:32x8_DST7xDCT8_lfnst0_s0 (w=32 h=8 tr_h=1 tr_v=2 sidx=0 lfnst=0) ===
#   [RST t=232458095000] rst_n=0
#   [RST t=232458295000] rst_n=1
#   PASS (256 outputs)
# 
# === [WRAPPER] 1018:32x8_DST7xDCT8_lfnst1_s0 (w=32 h=8 tr_h=1 tr_v=2 sidx=0 lfnst=1) ===
#   [RST t=232605475000] rst_n=0
#   [RST t=232605675000] rst_n=1
#   PASS (256 outputs)
# 
# === [WRAPPER] 1019:32x8_DST7xDCT8_lfnst1_s1 (w=32 h=8 tr_h=1 tr_v=2 sidx=1 lfnst=1) ===
#   [RST t=232771845000] rst_n=0
#   [RST t=232772045000] rst_n=1
#   PASS (256 outputs)
# 
# === [WRAPPER] 1020:32x8_DST7xDCT8_lfnst1_s2 (w=32 h=8 tr_h=1 tr_v=2 sidx=2 lfnst=1) ===
#   [RST t=232938215000] rst_n=0
#   [RST t=232938415000] rst_n=1
#   PASS (256 outputs)
# 
# === [WRAPPER] 1021:32x8_DST7xDCT8_lfnst1_s3 (w=32 h=8 tr_h=1 tr_v=2 sidx=3 lfnst=1) ===
#   [RST t=233104585000] rst_n=0
#   [RST t=233104785000] rst_n=1
#   PASS (256 outputs)
# 
# === [WRAPPER] 1022:32x8_DST7xDCT8_lfnst2_s0 (w=32 h=8 tr_h=1 tr_v=2 sidx=0 lfnst=2) ===
#   [RST t=233270955000] rst_n=0
#   [RST t=233271155000] rst_n=1
#   PASS (256 outputs)
# 
# === [WRAPPER] 1023:32x8_DST7xDCT8_lfnst2_s1 (w=32 h=8 tr_h=1 tr_v=2 sidx=1 lfnst=2) ===
#   [RST t=233437325000] rst_n=0
#   [RST t=233437525000] rst_n=1
#   PASS (256 outputs)
# 
# === [WRAPPER] 1024:32x8_DST7xDCT8_lfnst2_s2 (w=32 h=8 tr_h=1 tr_v=2 sidx=2 lfnst=2) ===
#   [RST t=233603695000] rst_n=0
#   [RST t=233603895000] rst_n=1
#   PASS (256 outputs)
# 
# === [WRAPPER] 1025:32x8_DST7xDCT8_lfnst2_s3 (w=32 h=8 tr_h=1 tr_v=2 sidx=3 lfnst=2) ===
#   [RST t=233770065000] rst_n=0
#   [RST t=233770265000] rst_n=1
#   PASS (256 outputs)
# 
# === [WRAPPER] 1026:32x8_DCT8xDST7_lfnst0_s0 (w=32 h=8 tr_h=2 tr_v=1 sidx=0 lfnst=0) ===
#   [RST t=233936435000] rst_n=0
#   [RST t=233936635000] rst_n=1
#   PASS (256 outputs)
# 
# === [WRAPPER] 1027:32x8_DCT8xDST7_lfnst1_s0 (w=32 h=8 tr_h=2 tr_v=1 sidx=0 lfnst=1) ===
#   [RST t=234083855000] rst_n=0
#   [RST t=234084055000] rst_n=1
#   PASS (256 outputs)
# 
# === [WRAPPER] 1028:32x8_DCT8xDST7_lfnst1_s1 (w=32 h=8 tr_h=2 tr_v=1 sidx=1 lfnst=1) ===
#   [RST t=234250225000] rst_n=0
#   [RST t=234250425000] rst_n=1
#   PASS (256 outputs)
# 
# === [WRAPPER] 1029:32x8_DCT8xDST7_lfnst1_s2 (w=32 h=8 tr_h=2 tr_v=1 sidx=2 lfnst=1) ===
#   [RST t=234416595000] rst_n=0
#   [RST t=234416795000] rst_n=1
#   PASS (256 outputs)
# 
# === [WRAPPER] 1030:32x8_DCT8xDST7_lfnst1_s3 (w=32 h=8 tr_h=2 tr_v=1 sidx=3 lfnst=1) ===
#   [RST t=234582965000] rst_n=0
#   [RST t=234583165000] rst_n=1
#   PASS (256 outputs)
# 
# === [WRAPPER] 1031:32x8_DCT8xDST7_lfnst2_s0 (w=32 h=8 tr_h=2 tr_v=1 sidx=0 lfnst=2) ===
#   [RST t=234749335000] rst_n=0
#   [RST t=234749535000] rst_n=1
#   PASS (256 outputs)
# 
# === [WRAPPER] 1032:32x8_DCT8xDST7_lfnst2_s1 (w=32 h=8 tr_h=2 tr_v=1 sidx=1 lfnst=2) ===
#   [RST t=234915705000] rst_n=0
#   [RST t=234915905000] rst_n=1
#   PASS (256 outputs)
# 
# === [WRAPPER] 1033:32x8_DCT8xDST7_lfnst2_s2 (w=32 h=8 tr_h=2 tr_v=1 sidx=2 lfnst=2) ===
#   [RST t=235082075000] rst_n=0
#   [RST t=235082275000] rst_n=1
#   PASS (256 outputs)
# 
# === [WRAPPER] 1034:32x8_DCT8xDST7_lfnst2_s3 (w=32 h=8 tr_h=2 tr_v=1 sidx=3 lfnst=2) ===
#   [RST t=235248445000] rst_n=0
#   [RST t=235248645000] rst_n=1
#   PASS (256 outputs)
# 
# === [WRAPPER] 1035:32x8_DCT8xDCT8_lfnst0_s0 (w=32 h=8 tr_h=2 tr_v=2 sidx=0 lfnst=0) ===
#   [RST t=235414815000] rst_n=0
#   [RST t=235415015000] rst_n=1
#   PASS (256 outputs)
# 
# === [WRAPPER] 1036:32x8_DCT8xDCT8_lfnst1_s0 (w=32 h=8 tr_h=2 tr_v=2 sidx=0 lfnst=1) ===
#   [RST t=235562135000] rst_n=0
#   [RST t=235562335000] rst_n=1
#   PASS (256 outputs)
# 
# === [WRAPPER] 1037:32x8_DCT8xDCT8_lfnst1_s1 (w=32 h=8 tr_h=2 tr_v=2 sidx=1 lfnst=1) ===
#   [RST t=235728505000] rst_n=0
#   [RST t=235728705000] rst_n=1
#   PASS (256 outputs)
# 
# === [WRAPPER] 1038:32x8_DCT8xDCT8_lfnst1_s2 (w=32 h=8 tr_h=2 tr_v=2 sidx=2 lfnst=1) ===
#   [RST t=235894875000] rst_n=0
#   [RST t=235895075000] rst_n=1
#   PASS (256 outputs)
# 
# === [WRAPPER] 1039:32x8_DCT8xDCT8_lfnst1_s3 (w=32 h=8 tr_h=2 tr_v=2 sidx=3 lfnst=1) ===
#   [RST t=236061245000] rst_n=0
#   [RST t=236061445000] rst_n=1
#   PASS (256 outputs)
# 
# === [WRAPPER] 1040:32x8_DCT8xDCT8_lfnst2_s0 (w=32 h=8 tr_h=2 tr_v=2 sidx=0 lfnst=2) ===
#   [RST t=236227615000] rst_n=0
#   [RST t=236227815000] rst_n=1
#   PASS (256 outputs)
# 
# === [WRAPPER] 1041:32x8_DCT8xDCT8_lfnst2_s1 (w=32 h=8 tr_h=2 tr_v=2 sidx=1 lfnst=2) ===
#   [RST t=236393985000] rst_n=0
#   [RST t=236394185000] rst_n=1
#   PASS (256 outputs)
# 
# === [WRAPPER] 1042:32x8_DCT8xDCT8_lfnst2_s2 (w=32 h=8 tr_h=2 tr_v=2 sidx=2 lfnst=2) ===
#   [RST t=236560355000] rst_n=0
#   [RST t=236560555000] rst_n=1
#   PASS (256 outputs)
# 
# === [WRAPPER] 1043:32x8_DCT8xDCT8_lfnst2_s3 (w=32 h=8 tr_h=2 tr_v=2 sidx=3 lfnst=2) ===
#   [RST t=236726725000] rst_n=0
#   [RST t=236726925000] rst_n=1
#   PASS (256 outputs)
# 
# === [WRAPPER] 1044:32x8_DST7xDST7_lfnst0_s0 (w=32 h=8 tr_h=1 tr_v=1 sidx=0 lfnst=0) ===
#   [RST t=236893095000] rst_n=0
#   [RST t=236893295000] rst_n=1
#   PASS (256 outputs)
# 
# === [WRAPPER] 1045:32x8_DST7xDST7_lfnst1_s0 (w=32 h=8 tr_h=1 tr_v=1 sidx=0 lfnst=1) ===
#   [RST t=237040525000] rst_n=0
#   [RST t=237040725000] rst_n=1
#   PASS (256 outputs)
# 
# === [WRAPPER] 1046:32x8_DST7xDST7_lfnst1_s1 (w=32 h=8 tr_h=1 tr_v=1 sidx=1 lfnst=1) ===
#   [RST t=237206895000] rst_n=0
#   [RST t=237207095000] rst_n=1
#   PASS (256 outputs)
# 
# === [WRAPPER] 1047:32x8_DST7xDST7_lfnst1_s2 (w=32 h=8 tr_h=1 tr_v=1 sidx=2 lfnst=1) ===
#   [RST t=237373265000] rst_n=0
#   [RST t=237373465000] rst_n=1
#   PASS (256 outputs)
# 
# === [WRAPPER] 1048:32x8_DST7xDST7_lfnst1_s3 (w=32 h=8 tr_h=1 tr_v=1 sidx=3 lfnst=1) ===
#   [RST t=237539635000] rst_n=0
#   [RST t=237539835000] rst_n=1
#   PASS (256 outputs)
# 
# === [WRAPPER] 1049:32x8_DST7xDST7_lfnst2_s0 (w=32 h=8 tr_h=1 tr_v=1 sidx=0 lfnst=2) ===
#   [RST t=237706005000] rst_n=0
#   [RST t=237706205000] rst_n=1
#   PASS (256 outputs)
# 
# === [WRAPPER] 1050:32x8_DST7xDST7_lfnst2_s1 (w=32 h=8 tr_h=1 tr_v=1 sidx=1 lfnst=2) ===
#   [RST t=237872375000] rst_n=0
#   [RST t=237872575000] rst_n=1
#   PASS (256 outputs)
# 
# === [WRAPPER] 1051:32x8_DST7xDST7_lfnst2_s2 (w=32 h=8 tr_h=1 tr_v=1 sidx=2 lfnst=2) ===
#   [RST t=238038745000] rst_n=0
#   [RST t=238038945000] rst_n=1
#   PASS (256 outputs)
# 
# === [WRAPPER] 1052:32x8_DST7xDST7_lfnst2_s3 (w=32 h=8 tr_h=1 tr_v=1 sidx=3 lfnst=2) ===
#   [RST t=238205115000] rst_n=0
#   [RST t=238205315000] rst_n=1
#   PASS (256 outputs)
# 
# === [WRAPPER] 1053:32x8_DCT2xDCT8_lfnst0_s0 (w=32 h=8 tr_h=0 tr_v=2 sidx=0 lfnst=0) ===
#   [RST t=238371485000] rst_n=0
#   [RST t=238371685000] rst_n=1
#   PASS (256 outputs)
# 
# === [WRAPPER] 1054:32x8_DCT2xDCT8_lfnst1_s0 (w=32 h=8 tr_h=0 tr_v=2 sidx=0 lfnst=1) ===
#   [RST t=238518825000] rst_n=0
#   [RST t=238519025000] rst_n=1
#   PASS (256 outputs)
# 
# === [WRAPPER] 1055:32x8_DCT2xDCT8_lfnst1_s1 (w=32 h=8 tr_h=0 tr_v=2 sidx=1 lfnst=1) ===
#   [RST t=238685195000] rst_n=0
#   [RST t=238685395000] rst_n=1
#   PASS (256 outputs)
# 
# === [WRAPPER] 1056:32x8_DCT2xDCT8_lfnst1_s2 (w=32 h=8 tr_h=0 tr_v=2 sidx=2 lfnst=1) ===
#   [RST t=238851565000] rst_n=0
#   [RST t=238851765000] rst_n=1
#   PASS (256 outputs)
# 
# === [WRAPPER] 1057:32x8_DCT2xDCT8_lfnst1_s3 (w=32 h=8 tr_h=0 tr_v=2 sidx=3 lfnst=1) ===
#   [RST t=239017935000] rst_n=0
#   [RST t=239018135000] rst_n=1
#   PASS (256 outputs)
# 
# === [WRAPPER] 1058:32x8_DCT2xDCT8_lfnst2_s0 (w=32 h=8 tr_h=0 tr_v=2 sidx=0 lfnst=2) ===
#   [RST t=239184305000] rst_n=0
#   [RST t=239184505000] rst_n=1
#   PASS (256 outputs)
# 
# === [WRAPPER] 1059:32x8_DCT2xDCT8_lfnst2_s1 (w=32 h=8 tr_h=0 tr_v=2 sidx=1 lfnst=2) ===
#   [RST t=239350675000] rst_n=0
#   [RST t=239350875000] rst_n=1
#   PASS (256 outputs)
# 
# === [WRAPPER] 1060:32x8_DCT2xDCT8_lfnst2_s2 (w=32 h=8 tr_h=0 tr_v=2 sidx=2 lfnst=2) ===
#   [RST t=239517045000] rst_n=0
#   [RST t=239517245000] rst_n=1
#   PASS (256 outputs)
# 
# === [WRAPPER] 1061:32x8_DCT2xDCT8_lfnst2_s3 (w=32 h=8 tr_h=0 tr_v=2 sidx=3 lfnst=2) ===
#   [RST t=239683415000] rst_n=0
#   [RST t=239683615000] rst_n=1
#   PASS (256 outputs)
# 
# === [WRAPPER] 1062:32x8_DCT8xDCT2_lfnst0_s0 (w=32 h=8 tr_h=2 tr_v=0 sidx=0 lfnst=0) ===
#   [RST t=239849785000] rst_n=0
#   [RST t=239849985000] rst_n=1
#   PASS (256 outputs)
# 
# === [WRAPPER] 1063:32x8_DCT8xDCT2_lfnst1_s0 (w=32 h=8 tr_h=2 tr_v=0 sidx=0 lfnst=1) ===
#   [RST t=239997165000] rst_n=0
#   [RST t=239997365000] rst_n=1
#   PASS (256 outputs)
# 
# === [WRAPPER] 1064:32x8_DCT8xDCT2_lfnst1_s1 (w=32 h=8 tr_h=2 tr_v=0 sidx=1 lfnst=1) ===
#   [RST t=240163535000] rst_n=0
#   [RST t=240163735000] rst_n=1
#   PASS (256 outputs)
# 
# === [WRAPPER] 1065:32x8_DCT8xDCT2_lfnst1_s2 (w=32 h=8 tr_h=2 tr_v=0 sidx=2 lfnst=1) ===
#   [RST t=240329905000] rst_n=0
#   [RST t=240330105000] rst_n=1
#   PASS (256 outputs)
# 
# === [WRAPPER] 1066:32x8_DCT8xDCT2_lfnst1_s3 (w=32 h=8 tr_h=2 tr_v=0 sidx=3 lfnst=1) ===
#   [RST t=240496275000] rst_n=0
#   [RST t=240496475000] rst_n=1
#   PASS (256 outputs)
# 
# === [WRAPPER] 1067:32x8_DCT8xDCT2_lfnst2_s0 (w=32 h=8 tr_h=2 tr_v=0 sidx=0 lfnst=2) ===
#   [RST t=240662645000] rst_n=0
#   [RST t=240662845000] rst_n=1
#   PASS (256 outputs)
# 
# === [WRAPPER] 1068:32x8_DCT8xDCT2_lfnst2_s1 (w=32 h=8 tr_h=2 tr_v=0 sidx=1 lfnst=2) ===
#   [RST t=240829015000] rst_n=0
#   [RST t=240829215000] rst_n=1
#   PASS (256 outputs)
# 
# === [WRAPPER] 1069:32x8_DCT8xDCT2_lfnst2_s2 (w=32 h=8 tr_h=2 tr_v=0 sidx=2 lfnst=2) ===
#   [RST t=240995385000] rst_n=0
#   [RST t=240995585000] rst_n=1
#   PASS (256 outputs)
# 
# === [WRAPPER] 1070:32x8_DCT8xDCT2_lfnst2_s3 (w=32 h=8 tr_h=2 tr_v=0 sidx=3 lfnst=2) ===
#   [RST t=241161755000] rst_n=0
#   [RST t=241161955000] rst_n=1
#   PASS (256 outputs)
# 
# === [WRAPPER] 1071:32x8_DCT2xDST7_lfnst0_s0 (w=32 h=8 tr_h=0 tr_v=1 sidx=0 lfnst=0) ===
#   [RST t=241328125000] rst_n=0
#   [RST t=241328325000] rst_n=1
#   PASS (256 outputs)
# 
# === [WRAPPER] 1072:32x8_DCT2xDST7_lfnst1_s0 (w=32 h=8 tr_h=0 tr_v=1 sidx=0 lfnst=1) ===
#   [RST t=241475435000] rst_n=0
#   [RST t=241475635000] rst_n=1
#   PASS (256 outputs)
# 
# === [WRAPPER] 1073:32x8_DCT2xDST7_lfnst1_s1 (w=32 h=8 tr_h=0 tr_v=1 sidx=1 lfnst=1) ===
#   [RST t=241641805000] rst_n=0
#   [RST t=241642005000] rst_n=1
#   PASS (256 outputs)
# 
# === [WRAPPER] 1074:32x8_DCT2xDST7_lfnst1_s2 (w=32 h=8 tr_h=0 tr_v=1 sidx=2 lfnst=1) ===
#   [RST t=241808175000] rst_n=0
#   [RST t=241808375000] rst_n=1
#   PASS (256 outputs)
# 
# === [WRAPPER] 1075:32x8_DCT2xDST7_lfnst1_s3 (w=32 h=8 tr_h=0 tr_v=1 sidx=3 lfnst=1) ===
#   [RST t=241974545000] rst_n=0
#   [RST t=241974745000] rst_n=1
#   PASS (256 outputs)
# 
# === [WRAPPER] 1076:32x8_DCT2xDST7_lfnst2_s0 (w=32 h=8 tr_h=0 tr_v=1 sidx=0 lfnst=2) ===
#   [RST t=242140915000] rst_n=0
#   [RST t=242141115000] rst_n=1
#   PASS (256 outputs)
# 
# === [WRAPPER] 1077:32x8_DCT2xDST7_lfnst2_s1 (w=32 h=8 tr_h=0 tr_v=1 sidx=1 lfnst=2) ===
#   [RST t=242307285000] rst_n=0
#   [RST t=242307485000] rst_n=1
#   PASS (256 outputs)
# 
# === [WRAPPER] 1078:32x8_DCT2xDST7_lfnst2_s2 (w=32 h=8 tr_h=0 tr_v=1 sidx=2 lfnst=2) ===
#   [RST t=242473655000] rst_n=0
#   [RST t=242473855000] rst_n=1
#   PASS (256 outputs)
# 
# === [WRAPPER] 1079:32x8_DCT2xDST7_lfnst2_s3 (w=32 h=8 tr_h=0 tr_v=1 sidx=3 lfnst=2) ===
#   [RST t=242640025000] rst_n=0
#   [RST t=242640225000] rst_n=1
#   PASS (256 outputs)
# 
# === [WRAPPER] 1080:32x8_DST7xDCT2_lfnst0_s0 (w=32 h=8 tr_h=1 tr_v=0 sidx=0 lfnst=0) ===
#   [RST t=242806395000] rst_n=0
#   [RST t=242806595000] rst_n=1
#   PASS (256 outputs)
# 
# === [WRAPPER] 1081:32x8_DST7xDCT2_lfnst1_s0 (w=32 h=8 tr_h=1 tr_v=0 sidx=0 lfnst=1) ===
#   [RST t=242953725000] rst_n=0
#   [RST t=242953925000] rst_n=1
#   PASS (256 outputs)
# 
# === [WRAPPER] 1082:32x8_DST7xDCT2_lfnst1_s1 (w=32 h=8 tr_h=1 tr_v=0 sidx=1 lfnst=1) ===
#   [RST t=243120095000] rst_n=0
#   [RST t=243120295000] rst_n=1
#   PASS (256 outputs)
# 
# === [WRAPPER] 1083:32x8_DST7xDCT2_lfnst1_s2 (w=32 h=8 tr_h=1 tr_v=0 sidx=2 lfnst=1) ===
#   [RST t=243286465000] rst_n=0
#   [RST t=243286665000] rst_n=1
#   PASS (256 outputs)
# 
# === [WRAPPER] 1084:32x8_DST7xDCT2_lfnst1_s3 (w=32 h=8 tr_h=1 tr_v=0 sidx=3 lfnst=1) ===
#   [RST t=243452835000] rst_n=0
#   [RST t=243453035000] rst_n=1
#   PASS (256 outputs)
# 
# === [WRAPPER] 1085:32x8_DST7xDCT2_lfnst2_s0 (w=32 h=8 tr_h=1 tr_v=0 sidx=0 lfnst=2) ===
#   [RST t=243619205000] rst_n=0
#   [RST t=243619405000] rst_n=1
#   PASS (256 outputs)
# 
# === [WRAPPER] 1086:32x8_DST7xDCT2_lfnst2_s1 (w=32 h=8 tr_h=1 tr_v=0 sidx=1 lfnst=2) ===
#   [RST t=243785575000] rst_n=0
#   [RST t=243785775000] rst_n=1
#   PASS (256 outputs)
# 
# === [WRAPPER] 1087:32x8_DST7xDCT2_lfnst2_s2 (w=32 h=8 tr_h=1 tr_v=0 sidx=2 lfnst=2) ===
#   [RST t=243951945000] rst_n=0
#   [RST t=243952145000] rst_n=1
#   PASS (256 outputs)
# 
# === [WRAPPER] 1088:32x8_DST7xDCT2_lfnst2_s3 (w=32 h=8 tr_h=1 tr_v=0 sidx=3 lfnst=2) ===
#   [RST t=244118315000] rst_n=0
#   [RST t=244118515000] rst_n=1
#   PASS (256 outputs)
# 
# === [WRAPPER] 1089:16x16_DST7xDCT8_lfnst0_s0 (w=16 h=16 tr_h=1 tr_v=2 sidx=0 lfnst=0) ===
#   [RST t=244284685000] rst_n=0
#   [RST t=244284885000] rst_n=1
#   PASS (256 outputs)
# 
# === [WRAPPER] 1090:16x16_DST7xDCT8_lfnst1_s0 (w=16 h=16 tr_h=1 tr_v=2 sidx=0 lfnst=1) ===
#   [RST t=244406175000] rst_n=0
#   [RST t=244406375000] rst_n=1
#   PASS (256 outputs)
# 
# === [WRAPPER] 1091:16x16_DST7xDCT8_lfnst1_s1 (w=16 h=16 tr_h=1 tr_v=2 sidx=1 lfnst=1) ===
#   [RST t=244546705000] rst_n=0
#   [RST t=244546905000] rst_n=1
#   PASS (256 outputs)
# 
# === [WRAPPER] 1092:16x16_DST7xDCT8_lfnst1_s2 (w=16 h=16 tr_h=1 tr_v=2 sidx=2 lfnst=1) ===
#   [RST t=244687235000] rst_n=0
#   [RST t=244687435000] rst_n=1
#   PASS (256 outputs)
# 
# === [WRAPPER] 1093:16x16_DST7xDCT8_lfnst1_s3 (w=16 h=16 tr_h=1 tr_v=2 sidx=3 lfnst=1) ===
#   [RST t=244827765000] rst_n=0
#   [RST t=244827965000] rst_n=1
#   PASS (256 outputs)
# 
# === [WRAPPER] 1094:16x16_DST7xDCT8_lfnst2_s0 (w=16 h=16 tr_h=1 tr_v=2 sidx=0 lfnst=2) ===
#   [RST t=244968295000] rst_n=0
#   [RST t=244968495000] rst_n=1
#   PASS (256 outputs)
# 
# === [WRAPPER] 1095:16x16_DST7xDCT8_lfnst2_s1 (w=16 h=16 tr_h=1 tr_v=2 sidx=1 lfnst=2) ===
#   [RST t=245108825000] rst_n=0
#   [RST t=245109025000] rst_n=1
#   PASS (256 outputs)
# 
# === [WRAPPER] 1096:16x16_DST7xDCT8_lfnst2_s2 (w=16 h=16 tr_h=1 tr_v=2 sidx=2 lfnst=2) ===
#   [RST t=245249355000] rst_n=0
#   [RST t=245249555000] rst_n=1
#   PASS (256 outputs)
# 
# === [WRAPPER] 1097:16x16_DST7xDCT8_lfnst2_s3 (w=16 h=16 tr_h=1 tr_v=2 sidx=3 lfnst=2) ===
#   [RST t=245389885000] rst_n=0
#   [RST t=245390085000] rst_n=1
#   PASS (256 outputs)
# 
# === [WRAPPER] 1098:16x16_DCT8xDST7_lfnst0_s0 (w=16 h=16 tr_h=2 tr_v=1 sidx=0 lfnst=0) ===
#   [RST t=245530415000] rst_n=0
#   [RST t=245530615000] rst_n=1
#   PASS (256 outputs)
# 
# === [WRAPPER] 1099:16x16_DCT8xDST7_lfnst1_s0 (w=16 h=16 tr_h=2 tr_v=1 sidx=0 lfnst=1) ===
#   [RST t=245651985000] rst_n=0
#   [RST t=245652185000] rst_n=1
#   PASS (256 outputs)
# 
# === [WRAPPER] 1100:16x16_DCT8xDST7_lfnst1_s1 (w=16 h=16 tr_h=2 tr_v=1 sidx=1 lfnst=1) ===
#   [RST t=245792515000] rst_n=0
#   [RST t=245792715000] rst_n=1
#   PASS (256 outputs)
# 
# === [WRAPPER] 1101:16x16_DCT8xDST7_lfnst1_s2 (w=16 h=16 tr_h=2 tr_v=1 sidx=2 lfnst=1) ===
#   [RST t=245933045000] rst_n=0
#   [RST t=245933245000] rst_n=1
#   PASS (256 outputs)
# 
# === [WRAPPER] 1102:16x16_DCT8xDST7_lfnst1_s3 (w=16 h=16 tr_h=2 tr_v=1 sidx=3 lfnst=1) ===
#   [RST t=246073575000] rst_n=0
#   [RST t=246073775000] rst_n=1
#   PASS (256 outputs)
# 
# === [WRAPPER] 1103:16x16_DCT8xDST7_lfnst2_s0 (w=16 h=16 tr_h=2 tr_v=1 sidx=0 lfnst=2) ===
#   [RST t=246214105000] rst_n=0
#   [RST t=246214305000] rst_n=1
#   PASS (256 outputs)
# 
# === [WRAPPER] 1104:16x16_DCT8xDST7_lfnst2_s1 (w=16 h=16 tr_h=2 tr_v=1 sidx=1 lfnst=2) ===
#   [RST t=246354635000] rst_n=0
#   [RST t=246354835000] rst_n=1
#   PASS (256 outputs)
# 
# === [WRAPPER] 1105:16x16_DCT8xDST7_lfnst2_s2 (w=16 h=16 tr_h=2 tr_v=1 sidx=2 lfnst=2) ===
#   [RST t=246495165000] rst_n=0
#   [RST t=246495365000] rst_n=1
#   PASS (256 outputs)
# 
# === [WRAPPER] 1106:16x16_DCT8xDST7_lfnst2_s3 (w=16 h=16 tr_h=2 tr_v=1 sidx=3 lfnst=2) ===
#   [RST t=246635695000] rst_n=0
#   [RST t=246635895000] rst_n=1
#   PASS (256 outputs)
# 
# === [WRAPPER] 1107:16x16_DCT8xDCT8_lfnst0_s0 (w=16 h=16 tr_h=2 tr_v=2 sidx=0 lfnst=0) ===
#   [RST t=246776225000] rst_n=0
#   [RST t=246776425000] rst_n=1
#   PASS (256 outputs)
# 
# === [WRAPPER] 1108:16x16_DCT8xDCT8_lfnst1_s0 (w=16 h=16 tr_h=2 tr_v=2 sidx=0 lfnst=1) ===
#   [RST t=246897715000] rst_n=0
#   [RST t=246897915000] rst_n=1
#   PASS (256 outputs)
# 
# === [WRAPPER] 1109:16x16_DCT8xDCT8_lfnst1_s1 (w=16 h=16 tr_h=2 tr_v=2 sidx=1 lfnst=1) ===
#   [RST t=247038245000] rst_n=0
#   [RST t=247038445000] rst_n=1
#   PASS (256 outputs)
# 
# === [WRAPPER] 1110:16x16_DCT8xDCT8_lfnst1_s2 (w=16 h=16 tr_h=2 tr_v=2 sidx=2 lfnst=1) ===
#   [RST t=247178775000] rst_n=0
#   [RST t=247178975000] rst_n=1
#   PASS (256 outputs)
# 
# === [WRAPPER] 1111:16x16_DCT8xDCT8_lfnst1_s3 (w=16 h=16 tr_h=2 tr_v=2 sidx=3 lfnst=1) ===
#   [RST t=247319305000] rst_n=0
#   [RST t=247319505000] rst_n=1
#   PASS (256 outputs)
# 
# === [WRAPPER] 1112:16x16_DCT8xDCT8_lfnst2_s0 (w=16 h=16 tr_h=2 tr_v=2 sidx=0 lfnst=2) ===
#   [RST t=247459835000] rst_n=0
#   [RST t=247460035000] rst_n=1
#   PASS (256 outputs)
# 
# === [WRAPPER] 1113:16x16_DCT8xDCT8_lfnst2_s1 (w=16 h=16 tr_h=2 tr_v=2 sidx=1 lfnst=2) ===
#   [RST t=247600365000] rst_n=0
#   [RST t=247600565000] rst_n=1
#   PASS (256 outputs)
# 
# === [WRAPPER] 1114:16x16_DCT8xDCT8_lfnst2_s2 (w=16 h=16 tr_h=2 tr_v=2 sidx=2 lfnst=2) ===
#   [RST t=247740895000] rst_n=0
#   [RST t=247741095000] rst_n=1
#   PASS (256 outputs)
# 
# === [WRAPPER] 1115:16x16_DCT8xDCT8_lfnst2_s3 (w=16 h=16 tr_h=2 tr_v=2 sidx=3 lfnst=2) ===
#   [RST t=247881425000] rst_n=0
#   [RST t=247881625000] rst_n=1
#   PASS (256 outputs)
# 
# === [WRAPPER] 1116:16x16_DST7xDST7_lfnst0_s0 (w=16 h=16 tr_h=1 tr_v=1 sidx=0 lfnst=0) ===
#   [RST t=248021955000] rst_n=0
#   [RST t=248022155000] rst_n=1
#   PASS (256 outputs)
# 
# === [WRAPPER] 1117:16x16_DST7xDST7_lfnst1_s0 (w=16 h=16 tr_h=1 tr_v=1 sidx=0 lfnst=1) ===
#   [RST t=248143435000] rst_n=0
#   [RST t=248143635000] rst_n=1
#   PASS (256 outputs)
# 
# === [WRAPPER] 1118:16x16_DST7xDST7_lfnst1_s1 (w=16 h=16 tr_h=1 tr_v=1 sidx=1 lfnst=1) ===
#   [RST t=248283965000] rst_n=0
#   [RST t=248284165000] rst_n=1
#   PASS (256 outputs)
# 
# === [WRAPPER] 1119:16x16_DST7xDST7_lfnst1_s2 (w=16 h=16 tr_h=1 tr_v=1 sidx=2 lfnst=1) ===
#   [RST t=248424495000] rst_n=0
#   [RST t=248424695000] rst_n=1
#   PASS (256 outputs)
# 
# === [WRAPPER] 1120:16x16_DST7xDST7_lfnst1_s3 (w=16 h=16 tr_h=1 tr_v=1 sidx=3 lfnst=1) ===
#   [RST t=248565025000] rst_n=0
#   [RST t=248565225000] rst_n=1
#   PASS (256 outputs)
# 
# === [WRAPPER] 1121:16x16_DST7xDST7_lfnst2_s0 (w=16 h=16 tr_h=1 tr_v=1 sidx=0 lfnst=2) ===
#   [RST t=248705555000] rst_n=0
#   [RST t=248705755000] rst_n=1
#   PASS (256 outputs)
# 
# === [WRAPPER] 1122:16x16_DST7xDST7_lfnst2_s1 (w=16 h=16 tr_h=1 tr_v=1 sidx=1 lfnst=2) ===
#   [RST t=248846085000] rst_n=0
#   [RST t=248846285000] rst_n=1
#   PASS (256 outputs)
# 
# === [WRAPPER] 1123:16x16_DST7xDST7_lfnst2_s2 (w=16 h=16 tr_h=1 tr_v=1 sidx=2 lfnst=2) ===
#   [RST t=248986615000] rst_n=0
#   [RST t=248986815000] rst_n=1
#   PASS (256 outputs)
# 
# === [WRAPPER] 1124:16x16_DST7xDST7_lfnst2_s3 (w=16 h=16 tr_h=1 tr_v=1 sidx=3 lfnst=2) ===
#   [RST t=249127145000] rst_n=0
#   [RST t=249127345000] rst_n=1
#   PASS (256 outputs)
# 
# === [WRAPPER] 1125:16x16_DCT2xDCT8_lfnst0_s0 (w=16 h=16 tr_h=0 tr_v=2 sidx=0 lfnst=0) ===
#   [RST t=249267675000] rst_n=0
#   [RST t=249267875000] rst_n=1
#   PASS (256 outputs)
# 
# === [WRAPPER] 1126:16x16_DCT2xDCT8_lfnst1_s0 (w=16 h=16 tr_h=0 tr_v=2 sidx=0 lfnst=1) ===
#   [RST t=249389175000] rst_n=0
#   [RST t=249389375000] rst_n=1
#   PASS (256 outputs)
# 
# === [WRAPPER] 1127:16x16_DCT2xDCT8_lfnst1_s1 (w=16 h=16 tr_h=0 tr_v=2 sidx=1 lfnst=1) ===
#   [RST t=249529705000] rst_n=0
#   [RST t=249529905000] rst_n=1
#   PASS (256 outputs)
# 
# === [WRAPPER] 1128:16x16_DCT2xDCT8_lfnst1_s2 (w=16 h=16 tr_h=0 tr_v=2 sidx=2 lfnst=1) ===
#   [RST t=249670235000] rst_n=0
#   [RST t=249670435000] rst_n=1
#   PASS (256 outputs)
# 
# === [WRAPPER] 1129:16x16_DCT2xDCT8_lfnst1_s3 (w=16 h=16 tr_h=0 tr_v=2 sidx=3 lfnst=1) ===
#   [RST t=249810765000] rst_n=0
#   [RST t=249810965000] rst_n=1
#   PASS (256 outputs)
# 
# === [WRAPPER] 1130:16x16_DCT2xDCT8_lfnst2_s0 (w=16 h=16 tr_h=0 tr_v=2 sidx=0 lfnst=2) ===
#   [RST t=249951295000] rst_n=0
#   [RST t=249951495000] rst_n=1
#   PASS (256 outputs)
# 
# === [WRAPPER] 1131:16x16_DCT2xDCT8_lfnst2_s1 (w=16 h=16 tr_h=0 tr_v=2 sidx=1 lfnst=2) ===
#   [RST t=250091825000] rst_n=0
#   [RST t=250092025000] rst_n=1
#   PASS (256 outputs)
# 
# === [WRAPPER] 1132:16x16_DCT2xDCT8_lfnst2_s2 (w=16 h=16 tr_h=0 tr_v=2 sidx=2 lfnst=2) ===
#   [RST t=250232355000] rst_n=0
#   [RST t=250232555000] rst_n=1
#   PASS (256 outputs)
# 
# === [WRAPPER] 1133:16x16_DCT2xDCT8_lfnst2_s3 (w=16 h=16 tr_h=0 tr_v=2 sidx=3 lfnst=2) ===
#   [RST t=250372885000] rst_n=0
#   [RST t=250373085000] rst_n=1
#   PASS (256 outputs)
# 
# === [WRAPPER] 1134:16x16_DCT8xDCT2_lfnst0_s0 (w=16 h=16 tr_h=2 tr_v=0 sidx=0 lfnst=0) ===
#   [RST t=250513415000] rst_n=0
#   [RST t=250513615000] rst_n=1
#   PASS (256 outputs)
# 
# === [WRAPPER] 1135:16x16_DCT8xDCT2_lfnst1_s0 (w=16 h=16 tr_h=2 tr_v=0 sidx=0 lfnst=1) ===
#   [RST t=250634915000] rst_n=0
#   [RST t=250635115000] rst_n=1
#   PASS (256 outputs)
# 
# === [WRAPPER] 1136:16x16_DCT8xDCT2_lfnst1_s1 (w=16 h=16 tr_h=2 tr_v=0 sidx=1 lfnst=1) ===
#   [RST t=250775445000] rst_n=0
#   [RST t=250775645000] rst_n=1
#   PASS (256 outputs)
# 
# === [WRAPPER] 1137:16x16_DCT8xDCT2_lfnst1_s2 (w=16 h=16 tr_h=2 tr_v=0 sidx=2 lfnst=1) ===
#   [RST t=250915975000] rst_n=0
#   [RST t=250916175000] rst_n=1
#   PASS (256 outputs)
# 
# === [WRAPPER] 1138:16x16_DCT8xDCT2_lfnst1_s3 (w=16 h=16 tr_h=2 tr_v=0 sidx=3 lfnst=1) ===
#   [RST t=251056505000] rst_n=0
#   [RST t=251056705000] rst_n=1
#   PASS (256 outputs)
# 
# === [WRAPPER] 1139:16x16_DCT8xDCT2_lfnst2_s0 (w=16 h=16 tr_h=2 tr_v=0 sidx=0 lfnst=2) ===
#   [RST t=251197035000] rst_n=0
#   [RST t=251197235000] rst_n=1
#   PASS (256 outputs)
# 
# === [WRAPPER] 1140:16x16_DCT8xDCT2_lfnst2_s1 (w=16 h=16 tr_h=2 tr_v=0 sidx=1 lfnst=2) ===
#   [RST t=251337565000] rst_n=0
#   [RST t=251337765000] rst_n=1
#   PASS (256 outputs)
# 
# === [WRAPPER] 1141:16x16_DCT8xDCT2_lfnst2_s2 (w=16 h=16 tr_h=2 tr_v=0 sidx=2 lfnst=2) ===
#   [RST t=251478095000] rst_n=0
#   [RST t=251478295000] rst_n=1
#   PASS (256 outputs)
# 
# === [WRAPPER] 1142:16x16_DCT8xDCT2_lfnst2_s3 (w=16 h=16 tr_h=2 tr_v=0 sidx=3 lfnst=2) ===
#   [RST t=251618625000] rst_n=0
#   [RST t=251618825000] rst_n=1
#   PASS (256 outputs)
# 
# === [WRAPPER] 1143:16x16_DCT2xDST7_lfnst0_s0 (w=16 h=16 tr_h=0 tr_v=1 sidx=0 lfnst=0) ===
#   [RST t=251759155000] rst_n=0
#   [RST t=251759355000] rst_n=1
#   PASS (256 outputs)
# 
# === [WRAPPER] 1144:16x16_DCT2xDST7_lfnst1_s0 (w=16 h=16 tr_h=0 tr_v=1 sidx=0 lfnst=1) ===
#   [RST t=251880725000] rst_n=0
#   [RST t=251880925000] rst_n=1
#   PASS (256 outputs)
# 
# === [WRAPPER] 1145:16x16_DCT2xDST7_lfnst1_s1 (w=16 h=16 tr_h=0 tr_v=1 sidx=1 lfnst=1) ===
#   [RST t=252021255000] rst_n=0
#   [RST t=252021455000] rst_n=1
#   PASS (256 outputs)
# 
# === [WRAPPER] 1146:16x16_DCT2xDST7_lfnst1_s2 (w=16 h=16 tr_h=0 tr_v=1 sidx=2 lfnst=1) ===
#   [RST t=252161785000] rst_n=0
#   [RST t=252161985000] rst_n=1
#   PASS (256 outputs)
# 
# === [WRAPPER] 1147:16x16_DCT2xDST7_lfnst1_s3 (w=16 h=16 tr_h=0 tr_v=1 sidx=3 lfnst=1) ===
#   [RST t=252302315000] rst_n=0
#   [RST t=252302515000] rst_n=1
#   PASS (256 outputs)
# 
# === [WRAPPER] 1148:16x16_DCT2xDST7_lfnst2_s0 (w=16 h=16 tr_h=0 tr_v=1 sidx=0 lfnst=2) ===
#   [RST t=252442845000] rst_n=0
#   [RST t=252443045000] rst_n=1
#   PASS (256 outputs)
# 
# === [WRAPPER] 1149:16x16_DCT2xDST7_lfnst2_s1 (w=16 h=16 tr_h=0 tr_v=1 sidx=1 lfnst=2) ===
#   [RST t=252583375000] rst_n=0
#   [RST t=252583575000] rst_n=1
#   PASS (256 outputs)
# 
# === [WRAPPER] 1150:16x16_DCT2xDST7_lfnst2_s2 (w=16 h=16 tr_h=0 tr_v=1 sidx=2 lfnst=2) ===
#   [RST t=252723905000] rst_n=0
#   [RST t=252724105000] rst_n=1
#   PASS (256 outputs)
# 
# === [WRAPPER] 1151:16x16_DCT2xDST7_lfnst2_s3 (w=16 h=16 tr_h=0 tr_v=1 sidx=3 lfnst=2) ===
#   [RST t=252864435000] rst_n=0
#   [RST t=252864635000] rst_n=1
#   PASS (256 outputs)
# 
# === [WRAPPER] 1152:16x16_DST7xDCT2_lfnst0_s0 (w=16 h=16 tr_h=1 tr_v=0 sidx=0 lfnst=0) ===
#   [RST t=253004965000] rst_n=0
#   [RST t=253005165000] rst_n=1
#   PASS (256 outputs)
# 
# === [WRAPPER] 1153:16x16_DST7xDCT2_lfnst1_s0 (w=16 h=16 tr_h=1 tr_v=0 sidx=0 lfnst=1) ===
#   [RST t=253126405000] rst_n=0
#   [RST t=253126605000] rst_n=1
#   PASS (256 outputs)
# 
# === [WRAPPER] 1154:16x16_DST7xDCT2_lfnst1_s1 (w=16 h=16 tr_h=1 tr_v=0 sidx=1 lfnst=1) ===
#   [RST t=253266935000] rst_n=0
#   [RST t=253267135000] rst_n=1
#   PASS (256 outputs)
# 
# === [WRAPPER] 1155:16x16_DST7xDCT2_lfnst1_s2 (w=16 h=16 tr_h=1 tr_v=0 sidx=2 lfnst=1) ===
#   [RST t=253407465000] rst_n=0
#   [RST t=253407665000] rst_n=1
#   PASS (256 outputs)
# 
# === [WRAPPER] 1156:16x16_DST7xDCT2_lfnst1_s3 (w=16 h=16 tr_h=1 tr_v=0 sidx=3 lfnst=1) ===
#   [RST t=253547995000] rst_n=0
#   [RST t=253548195000] rst_n=1
#   PASS (256 outputs)
# 
# === [WRAPPER] 1157:16x16_DST7xDCT2_lfnst2_s0 (w=16 h=16 tr_h=1 tr_v=0 sidx=0 lfnst=2) ===
#   [RST t=253688525000] rst_n=0
#   [RST t=253688725000] rst_n=1
#   PASS (256 outputs)
# 
# === [WRAPPER] 1158:16x16_DST7xDCT2_lfnst2_s1 (w=16 h=16 tr_h=1 tr_v=0 sidx=1 lfnst=2) ===
#   [RST t=253829055000] rst_n=0
#   [RST t=253829255000] rst_n=1
#   PASS (256 outputs)
# 
# === [WRAPPER] 1159:16x16_DST7xDCT2_lfnst2_s2 (w=16 h=16 tr_h=1 tr_v=0 sidx=2 lfnst=2) ===
#   [RST t=253969585000] rst_n=0
#   [RST t=253969785000] rst_n=1
#   PASS (256 outputs)
# 
# === [WRAPPER] 1160:16x16_DST7xDCT2_lfnst2_s3 (w=16 h=16 tr_h=1 tr_v=0 sidx=3 lfnst=2) ===
#   [RST t=254110115000] rst_n=0
#   [RST t=254110315000] rst_n=1
#   PASS (256 outputs)
# 
# === [WRAPPER] 1161:16x32_DST7xDCT8_lfnst0_s0 (w=16 h=32 tr_h=1 tr_v=2 sidx=0 lfnst=0) ===
#   [RST t=254250645000] rst_n=0
#   [RST t=254250845000] rst_n=1
#   PASS (512 outputs)
# 
# === [WRAPPER] 1162:16x32_DST7xDCT8_lfnst1_s0 (w=16 h=32 tr_h=1 tr_v=2 sidx=0 lfnst=1) ===
#   [RST t=254594695000] rst_n=0
#   [RST t=254594895000] rst_n=1
#   PASS (512 outputs)
# 
# === [WRAPPER] 1163:16x32_DST7xDCT8_lfnst1_s1 (w=16 h=32 tr_h=1 tr_v=2 sidx=1 lfnst=1) ===
#   [RST t=254957785000] rst_n=0
#   [RST t=254957985000] rst_n=1
#   PASS (512 outputs)
# 
# === [WRAPPER] 1164:16x32_DST7xDCT8_lfnst1_s2 (w=16 h=32 tr_h=1 tr_v=2 sidx=2 lfnst=1) ===
#   [RST t=255320875000] rst_n=0
#   [RST t=255321075000] rst_n=1
#   PASS (512 outputs)
# 
# === [WRAPPER] 1165:16x32_DST7xDCT8_lfnst1_s3 (w=16 h=32 tr_h=1 tr_v=2 sidx=3 lfnst=1) ===
#   [RST t=255683965000] rst_n=0
#   [RST t=255684165000] rst_n=1
#   PASS (512 outputs)
# 
# === [WRAPPER] 1166:16x32_DST7xDCT8_lfnst2_s0 (w=16 h=32 tr_h=1 tr_v=2 sidx=0 lfnst=2) ===
#   [RST t=256047055000] rst_n=0
#   [RST t=256047255000] rst_n=1
#   PASS (512 outputs)
# 
# === [WRAPPER] 1167:16x32_DST7xDCT8_lfnst2_s1 (w=16 h=32 tr_h=1 tr_v=2 sidx=1 lfnst=2) ===
#   [RST t=256410145000] rst_n=0
#   [RST t=256410345000] rst_n=1
#   PASS (512 outputs)
# 
# === [WRAPPER] 1168:16x32_DST7xDCT8_lfnst2_s2 (w=16 h=32 tr_h=1 tr_v=2 sidx=2 lfnst=2) ===
#   [RST t=256773235000] rst_n=0
#   [RST t=256773435000] rst_n=1
#   PASS (512 outputs)
# 
# === [WRAPPER] 1169:16x32_DST7xDCT8_lfnst2_s3 (w=16 h=32 tr_h=1 tr_v=2 sidx=3 lfnst=2) ===
#   [RST t=257136325000] rst_n=0
#   [RST t=257136525000] rst_n=1
#   PASS (512 outputs)
# 
# === [WRAPPER] 1170:16x32_DCT8xDST7_lfnst0_s0 (w=16 h=32 tr_h=2 tr_v=1 sidx=0 lfnst=0) ===
#   [RST t=257499415000] rst_n=0
#   [RST t=257499615000] rst_n=1
#   PASS (512 outputs)
# 
# === [WRAPPER] 1171:16x32_DCT8xDST7_lfnst1_s0 (w=16 h=32 tr_h=2 tr_v=1 sidx=0 lfnst=1) ===
#   [RST t=257843485000] rst_n=0
#   [RST t=257843685000] rst_n=1
#   PASS (512 outputs)
# 
# === [WRAPPER] 1172:16x32_DCT8xDST7_lfnst1_s1 (w=16 h=32 tr_h=2 tr_v=1 sidx=1 lfnst=1) ===
#   [RST t=258206575000] rst_n=0
#   [RST t=258206775000] rst_n=1
#   PASS (512 outputs)
# 
# === [WRAPPER] 1173:16x32_DCT8xDST7_lfnst1_s2 (w=16 h=32 tr_h=2 tr_v=1 sidx=2 lfnst=1) ===
#   [RST t=258569665000] rst_n=0
#   [RST t=258569865000] rst_n=1
#   PASS (512 outputs)
# 
# === [WRAPPER] 1174:16x32_DCT8xDST7_lfnst1_s3 (w=16 h=32 tr_h=2 tr_v=1 sidx=3 lfnst=1) ===
#   [RST t=258932755000] rst_n=0
#   [RST t=258932955000] rst_n=1
#   PASS (512 outputs)
# 
# === [WRAPPER] 1175:16x32_DCT8xDST7_lfnst2_s0 (w=16 h=32 tr_h=2 tr_v=1 sidx=0 lfnst=2) ===
#   [RST t=259295845000] rst_n=0
#   [RST t=259296045000] rst_n=1
#   PASS (512 outputs)
# 
# === [WRAPPER] 1176:16x32_DCT8xDST7_lfnst2_s1 (w=16 h=32 tr_h=2 tr_v=1 sidx=1 lfnst=2) ===
#   [RST t=259658935000] rst_n=0
#   [RST t=259659135000] rst_n=1
#   PASS (512 outputs)
# 
# === [WRAPPER] 1177:16x32_DCT8xDST7_lfnst2_s2 (w=16 h=32 tr_h=2 tr_v=1 sidx=2 lfnst=2) ===
#   [RST t=260022025000] rst_n=0
#   [RST t=260022225000] rst_n=1
#   PASS (512 outputs)
# 
# === [WRAPPER] 1178:16x32_DCT8xDST7_lfnst2_s3 (w=16 h=32 tr_h=2 tr_v=1 sidx=3 lfnst=2) ===
#   [RST t=260385115000] rst_n=0
#   [RST t=260385315000] rst_n=1
#   PASS (512 outputs)
# 
# === [WRAPPER] 1179:16x32_DCT8xDCT8_lfnst0_s0 (w=16 h=32 tr_h=2 tr_v=2 sidx=0 lfnst=0) ===
#   [RST t=260748205000] rst_n=0
#   [RST t=260748405000] rst_n=1
#   PASS (512 outputs)
# 
# === [WRAPPER] 1180:16x32_DCT8xDCT8_lfnst1_s0 (w=16 h=32 tr_h=2 tr_v=2 sidx=0 lfnst=1) ===
#   [RST t=261092255000] rst_n=0
#   [RST t=261092455000] rst_n=1
#   PASS (512 outputs)
# 
# === [WRAPPER] 1181:16x32_DCT8xDCT8_lfnst1_s1 (w=16 h=32 tr_h=2 tr_v=2 sidx=1 lfnst=1) ===
#   [RST t=261455345000] rst_n=0
#   [RST t=261455545000] rst_n=1
#   PASS (512 outputs)
# 
# === [WRAPPER] 1182:16x32_DCT8xDCT8_lfnst1_s2 (w=16 h=32 tr_h=2 tr_v=2 sidx=2 lfnst=1) ===
#   [RST t=261818435000] rst_n=0
#   [RST t=261818635000] rst_n=1
#   PASS (512 outputs)
# 
# === [WRAPPER] 1183:16x32_DCT8xDCT8_lfnst1_s3 (w=16 h=32 tr_h=2 tr_v=2 sidx=3 lfnst=1) ===
#   [RST t=262181525000] rst_n=0
#   [RST t=262181725000] rst_n=1
#   PASS (512 outputs)
# 
# === [WRAPPER] 1184:16x32_DCT8xDCT8_lfnst2_s0 (w=16 h=32 tr_h=2 tr_v=2 sidx=0 lfnst=2) ===
#   [RST t=262544615000] rst_n=0
#   [RST t=262544815000] rst_n=1
#   PASS (512 outputs)
# 
# === [WRAPPER] 1185:16x32_DCT8xDCT8_lfnst2_s1 (w=16 h=32 tr_h=2 tr_v=2 sidx=1 lfnst=2) ===
#   [RST t=262907705000] rst_n=0
#   [RST t=262907905000] rst_n=1
#   PASS (512 outputs)
# 
# === [WRAPPER] 1186:16x32_DCT8xDCT8_lfnst2_s2 (w=16 h=32 tr_h=2 tr_v=2 sidx=2 lfnst=2) ===
#   [RST t=263270795000] rst_n=0
#   [RST t=263270995000] rst_n=1
#   PASS (512 outputs)
# 
# === [WRAPPER] 1187:16x32_DCT8xDCT8_lfnst2_s3 (w=16 h=32 tr_h=2 tr_v=2 sidx=3 lfnst=2) ===
#   [RST t=263633885000] rst_n=0
#   [RST t=263634085000] rst_n=1
#   PASS (512 outputs)
# 
# === [WRAPPER] 1188:16x32_DST7xDST7_lfnst0_s0 (w=16 h=32 tr_h=1 tr_v=1 sidx=0 lfnst=0) ===
#   [RST t=263996975000] rst_n=0
#   [RST t=263997175000] rst_n=1
#   PASS (512 outputs)
# 
# === [WRAPPER] 1189:16x32_DST7xDST7_lfnst1_s0 (w=16 h=32 tr_h=1 tr_v=1 sidx=0 lfnst=1) ===
#   [RST t=264341035000] rst_n=0
#   [RST t=264341235000] rst_n=1
#   PASS (512 outputs)
# 
# === [WRAPPER] 1190:16x32_DST7xDST7_lfnst1_s1 (w=16 h=32 tr_h=1 tr_v=1 sidx=1 lfnst=1) ===
#   [RST t=264704125000] rst_n=0
#   [RST t=264704325000] rst_n=1
#   PASS (512 outputs)
# 
# === [WRAPPER] 1191:16x32_DST7xDST7_lfnst1_s2 (w=16 h=32 tr_h=1 tr_v=1 sidx=2 lfnst=1) ===
#   [RST t=265067215000] rst_n=0
#   [RST t=265067415000] rst_n=1
#   PASS (512 outputs)
# 
# === [WRAPPER] 1192:16x32_DST7xDST7_lfnst1_s3 (w=16 h=32 tr_h=1 tr_v=1 sidx=3 lfnst=1) ===
#   [RST t=265430305000] rst_n=0
#   [RST t=265430505000] rst_n=1
#   PASS (512 outputs)
# 
# === [WRAPPER] 1193:16x32_DST7xDST7_lfnst2_s0 (w=16 h=32 tr_h=1 tr_v=1 sidx=0 lfnst=2) ===
#   [RST t=265793395000] rst_n=0
#   [RST t=265793595000] rst_n=1
#   PASS (512 outputs)
# 
# === [WRAPPER] 1194:16x32_DST7xDST7_lfnst2_s1 (w=16 h=32 tr_h=1 tr_v=1 sidx=1 lfnst=2) ===
#   [RST t=266156485000] rst_n=0
#   [RST t=266156685000] rst_n=1
#   PASS (512 outputs)
# 
# === [WRAPPER] 1195:16x32_DST7xDST7_lfnst2_s2 (w=16 h=32 tr_h=1 tr_v=1 sidx=2 lfnst=2) ===
#   [RST t=266519575000] rst_n=0
#   [RST t=266519775000] rst_n=1
#   PASS (512 outputs)
# 
# === [WRAPPER] 1196:16x32_DST7xDST7_lfnst2_s3 (w=16 h=32 tr_h=1 tr_v=1 sidx=3 lfnst=2) ===
#   [RST t=266882665000] rst_n=0
#   [RST t=266882865000] rst_n=1
#   PASS (512 outputs)
# 
# === [WRAPPER] 1197:16x32_DCT2xDCT8_lfnst0_s0 (w=16 h=32 tr_h=0 tr_v=2 sidx=0 lfnst=0) ===
#   [RST t=267245755000] rst_n=0
#   [RST t=267245955000] rst_n=1
#   PASS (512 outputs)
# 
# === [WRAPPER] 1198:16x32_DCT2xDCT8_lfnst1_s0 (w=16 h=32 tr_h=0 tr_v=2 sidx=0 lfnst=1) ===
#   [RST t=267589805000] rst_n=0
#   [RST t=267590005000] rst_n=1
#   PASS (512 outputs)
# 
# === [WRAPPER] 1199:16x32_DCT2xDCT8_lfnst1_s1 (w=16 h=32 tr_h=0 tr_v=2 sidx=1 lfnst=1) ===
#   [RST t=267952895000] rst_n=0
#   [RST t=267953095000] rst_n=1
#   PASS (512 outputs)
# 
# === [WRAPPER] 1200:16x32_DCT2xDCT8_lfnst1_s2 (w=16 h=32 tr_h=0 tr_v=2 sidx=2 lfnst=1) ===
#   [RST t=268315985000] rst_n=0
#   [RST t=268316185000] rst_n=1
#   PASS (512 outputs)
# 
# === [WRAPPER] 1201:16x32_DCT2xDCT8_lfnst1_s3 (w=16 h=32 tr_h=0 tr_v=2 sidx=3 lfnst=1) ===
#   [RST t=268679075000] rst_n=0
#   [RST t=268679275000] rst_n=1
#   PASS (512 outputs)
# 
# === [WRAPPER] 1202:16x32_DCT2xDCT8_lfnst2_s0 (w=16 h=32 tr_h=0 tr_v=2 sidx=0 lfnst=2) ===
#   [RST t=269042165000] rst_n=0
#   [RST t=269042365000] rst_n=1
#   PASS (512 outputs)
# 
# === [WRAPPER] 1203:16x32_DCT2xDCT8_lfnst2_s1 (w=16 h=32 tr_h=0 tr_v=2 sidx=1 lfnst=2) ===
#   [RST t=269405255000] rst_n=0
#   [RST t=269405455000] rst_n=1
#   PASS (512 outputs)
# 
# === [WRAPPER] 1204:16x32_DCT2xDCT8_lfnst2_s2 (w=16 h=32 tr_h=0 tr_v=2 sidx=2 lfnst=2) ===
#   [RST t=269768345000] rst_n=0
#   [RST t=269768545000] rst_n=1
#   PASS (512 outputs)
# 
# === [WRAPPER] 1205:16x32_DCT2xDCT8_lfnst2_s3 (w=16 h=32 tr_h=0 tr_v=2 sidx=3 lfnst=2) ===
#   [RST t=270131435000] rst_n=0
#   [RST t=270131635000] rst_n=1
#   PASS (512 outputs)
# 
# === [WRAPPER] 1206:16x32_DCT8xDCT2_lfnst0_s0 (w=16 h=32 tr_h=2 tr_v=0 sidx=0 lfnst=0) ===
#   [RST t=270494525000] rst_n=0
#   [RST t=270494725000] rst_n=1
#   PASS (512 outputs)
# 
# === [WRAPPER] 1207:16x32_DCT8xDCT2_lfnst1_s0 (w=16 h=32 tr_h=2 tr_v=0 sidx=0 lfnst=1) ===
#   [RST t=270838535000] rst_n=0
#   [RST t=270838735000] rst_n=1
#   PASS (512 outputs)
# 
# === [WRAPPER] 1208:16x32_DCT8xDCT2_lfnst1_s1 (w=16 h=32 tr_h=2 tr_v=0 sidx=1 lfnst=1) ===
#   [RST t=271201625000] rst_n=0
#   [RST t=271201825000] rst_n=1
#   PASS (512 outputs)
# 
# === [WRAPPER] 1209:16x32_DCT8xDCT2_lfnst1_s2 (w=16 h=32 tr_h=2 tr_v=0 sidx=2 lfnst=1) ===
#   [RST t=271564715000] rst_n=0
#   [RST t=271564915000] rst_n=1
#   PASS (512 outputs)
# 
# === [WRAPPER] 1210:16x32_DCT8xDCT2_lfnst1_s3 (w=16 h=32 tr_h=2 tr_v=0 sidx=3 lfnst=1) ===
#   [RST t=271927805000] rst_n=0
#   [RST t=271928005000] rst_n=1
#   PASS (512 outputs)
# 
# === [WRAPPER] 1211:16x32_DCT8xDCT2_lfnst2_s0 (w=16 h=32 tr_h=2 tr_v=0 sidx=0 lfnst=2) ===
#   [RST t=272290895000] rst_n=0
#   [RST t=272291095000] rst_n=1
#   PASS (512 outputs)
# 
# === [WRAPPER] 1212:16x32_DCT8xDCT2_lfnst2_s1 (w=16 h=32 tr_h=2 tr_v=0 sidx=1 lfnst=2) ===
#   [RST t=272653985000] rst_n=0
#   [RST t=272654185000] rst_n=1
#   PASS (512 outputs)
# 
# === [WRAPPER] 1213:16x32_DCT8xDCT2_lfnst2_s2 (w=16 h=32 tr_h=2 tr_v=0 sidx=2 lfnst=2) ===
#   [RST t=273017075000] rst_n=0
#   [RST t=273017275000] rst_n=1
#   PASS (512 outputs)
# 
# === [WRAPPER] 1214:16x32_DCT8xDCT2_lfnst2_s3 (w=16 h=32 tr_h=2 tr_v=0 sidx=3 lfnst=2) ===
#   [RST t=273380165000] rst_n=0
#   [RST t=273380365000] rst_n=1
#   PASS (512 outputs)
# 
# === [WRAPPER] 1215:16x32_DCT2xDST7_lfnst0_s0 (w=16 h=32 tr_h=0 tr_v=1 sidx=0 lfnst=0) ===
#   [RST t=273743255000] rst_n=0
#   [RST t=273743455000] rst_n=1
#   PASS (512 outputs)
# 
# === [WRAPPER] 1216:16x32_DCT2xDST7_lfnst1_s0 (w=16 h=32 tr_h=0 tr_v=1 sidx=0 lfnst=1) ===
#   [RST t=274087255000] rst_n=0
#   [RST t=274087455000] rst_n=1
#   PASS (512 outputs)
# 
# === [WRAPPER] 1217:16x32_DCT2xDST7_lfnst1_s1 (w=16 h=32 tr_h=0 tr_v=1 sidx=1 lfnst=1) ===
#   [RST t=274450345000] rst_n=0
#   [RST t=274450545000] rst_n=1
#   PASS (512 outputs)
# 
# === [WRAPPER] 1218:16x32_DCT2xDST7_lfnst1_s2 (w=16 h=32 tr_h=0 tr_v=1 sidx=2 lfnst=1) ===
#   [RST t=274813435000] rst_n=0
#   [RST t=274813635000] rst_n=1
#   PASS (512 outputs)
# 
# === [WRAPPER] 1219:16x32_DCT2xDST7_lfnst1_s3 (w=16 h=32 tr_h=0 tr_v=1 sidx=3 lfnst=1) ===
#   [RST t=275176525000] rst_n=0
#   [RST t=275176725000] rst_n=1
#   PASS (512 outputs)
# 
# === [WRAPPER] 1220:16x32_DCT2xDST7_lfnst2_s0 (w=16 h=32 tr_h=0 tr_v=1 sidx=0 lfnst=2) ===
#   [RST t=275539615000] rst_n=0
#   [RST t=275539815000] rst_n=1
#   PASS (512 outputs)
# 
# === [WRAPPER] 1221:16x32_DCT2xDST7_lfnst2_s1 (w=16 h=32 tr_h=0 tr_v=1 sidx=1 lfnst=2) ===
#   [RST t=275902705000] rst_n=0
#   [RST t=275902905000] rst_n=1
#   PASS (512 outputs)
# 
# === [WRAPPER] 1222:16x32_DCT2xDST7_lfnst2_s2 (w=16 h=32 tr_h=0 tr_v=1 sidx=2 lfnst=2) ===
#   [RST t=276265795000] rst_n=0
#   [RST t=276265995000] rst_n=1
#   PASS (512 outputs)
# 
# === [WRAPPER] 1223:16x32_DCT2xDST7_lfnst2_s3 (w=16 h=32 tr_h=0 tr_v=1 sidx=3 lfnst=2) ===
#   [RST t=276628885000] rst_n=0
#   [RST t=276629085000] rst_n=1
#   PASS (512 outputs)
# 
# === [WRAPPER] 1224:16x32_DST7xDCT2_lfnst0_s0 (w=16 h=32 tr_h=1 tr_v=0 sidx=0 lfnst=0) ===
#   [RST t=276991975000] rst_n=0
#   [RST t=276992175000] rst_n=1
#   PASS (512 outputs)
# 
# === [WRAPPER] 1225:16x32_DST7xDCT2_lfnst1_s0 (w=16 h=32 tr_h=1 tr_v=0 sidx=0 lfnst=1) ===
#   [RST t=277336005000] rst_n=0
#   [RST t=277336205000] rst_n=1
#   PASS (512 outputs)
# 
# === [WRAPPER] 1226:16x32_DST7xDCT2_lfnst1_s1 (w=16 h=32 tr_h=1 tr_v=0 sidx=1 lfnst=1) ===
#   [RST t=277699095000] rst_n=0
#   [RST t=277699295000] rst_n=1
#   PASS (512 outputs)
# 
# === [WRAPPER] 1227:16x32_DST7xDCT2_lfnst1_s2 (w=16 h=32 tr_h=1 tr_v=0 sidx=2 lfnst=1) ===
#   [RST t=278062185000] rst_n=0
#   [RST t=278062385000] rst_n=1
#   PASS (512 outputs)
# 
# === [WRAPPER] 1228:16x32_DST7xDCT2_lfnst1_s3 (w=16 h=32 tr_h=1 tr_v=0 sidx=3 lfnst=1) ===
#   [RST t=278425275000] rst_n=0
#   [RST t=278425475000] rst_n=1
#   PASS (512 outputs)
# 
# === [WRAPPER] 1229:16x32_DST7xDCT2_lfnst2_s0 (w=16 h=32 tr_h=1 tr_v=0 sidx=0 lfnst=2) ===
#   [RST t=278788365000] rst_n=0
#   [RST t=278788565000] rst_n=1
#   PASS (512 outputs)
# 
# === [WRAPPER] 1230:16x32_DST7xDCT2_lfnst2_s1 (w=16 h=32 tr_h=1 tr_v=0 sidx=1 lfnst=2) ===
#   [RST t=279151455000] rst_n=0
#   [RST t=279151655000] rst_n=1
#   PASS (512 outputs)
# 
# === [WRAPPER] 1231:16x32_DST7xDCT2_lfnst2_s2 (w=16 h=32 tr_h=1 tr_v=0 sidx=2 lfnst=2) ===
#   [RST t=279514545000] rst_n=0
#   [RST t=279514745000] rst_n=1
#   PASS (512 outputs)
# 
# === [WRAPPER] 1232:16x32_DST7xDCT2_lfnst2_s3 (w=16 h=32 tr_h=1 tr_v=0 sidx=3 lfnst=2) ===
#   [RST t=279877635000] rst_n=0
#   [RST t=279877835000] rst_n=1
#   PASS (512 outputs)
# 
# === [WRAPPER] 1233:32x16_DST7xDCT8_lfnst0_s0 (w=32 h=16 tr_h=1 tr_v=2 sidx=0 lfnst=0) ===
#   [RST t=280240725000] rst_n=0
#   [RST t=280240925000] rst_n=1
#   PASS (512 outputs)
# 
# === [WRAPPER] 1234:32x16_DST7xDCT8_lfnst1_s0 (w=32 h=16 tr_h=1 tr_v=2 sidx=0 lfnst=1) ===
#   [RST t=280584785000] rst_n=0
#   [RST t=280584985000] rst_n=1
#   PASS (512 outputs)
# 
# === [WRAPPER] 1235:32x16_DST7xDCT8_lfnst1_s1 (w=32 h=16 tr_h=1 tr_v=2 sidx=1 lfnst=1) ===
#   [RST t=280947875000] rst_n=0
#   [RST t=280948075000] rst_n=1
#   PASS (512 outputs)
# 
# === [WRAPPER] 1236:32x16_DST7xDCT8_lfnst1_s2 (w=32 h=16 tr_h=1 tr_v=2 sidx=2 lfnst=1) ===
#   [RST t=281310965000] rst_n=0
#   [RST t=281311165000] rst_n=1
#   PASS (512 outputs)
# 
# === [WRAPPER] 1237:32x16_DST7xDCT8_lfnst1_s3 (w=32 h=16 tr_h=1 tr_v=2 sidx=3 lfnst=1) ===
#   [RST t=281674055000] rst_n=0
#   [RST t=281674255000] rst_n=1
#   PASS (512 outputs)
# 
# === [WRAPPER] 1238:32x16_DST7xDCT8_lfnst2_s0 (w=32 h=16 tr_h=1 tr_v=2 sidx=0 lfnst=2) ===
#   [RST t=282037145000] rst_n=0
#   [RST t=282037345000] rst_n=1
#   PASS (512 outputs)
# 
# === [WRAPPER] 1239:32x16_DST7xDCT8_lfnst2_s1 (w=32 h=16 tr_h=1 tr_v=2 sidx=1 lfnst=2) ===
#   [RST t=282400235000] rst_n=0
#   [RST t=282400435000] rst_n=1
#   PASS (512 outputs)
# 
# === [WRAPPER] 1240:32x16_DST7xDCT8_lfnst2_s2 (w=32 h=16 tr_h=1 tr_v=2 sidx=2 lfnst=2) ===
#   [RST t=282763325000] rst_n=0
#   [RST t=282763525000] rst_n=1
#   PASS (512 outputs)
# 
# === [WRAPPER] 1241:32x16_DST7xDCT8_lfnst2_s3 (w=32 h=16 tr_h=1 tr_v=2 sidx=3 lfnst=2) ===
#   [RST t=283126415000] rst_n=0
#   [RST t=283126615000] rst_n=1
#   PASS (512 outputs)
# 
# === [WRAPPER] 1242:32x16_DCT8xDST7_lfnst0_s0 (w=32 h=16 tr_h=2 tr_v=1 sidx=0 lfnst=0) ===
#   [RST t=283489505000] rst_n=0
#   [RST t=283489705000] rst_n=1
#   PASS (512 outputs)
# 
# === [WRAPPER] 1243:32x16_DCT8xDST7_lfnst1_s0 (w=32 h=16 tr_h=2 tr_v=1 sidx=0 lfnst=1) ===
#   [RST t=283833545000] rst_n=0
#   [RST t=283833745000] rst_n=1
#   PASS (512 outputs)
# 
# === [WRAPPER] 1244:32x16_DCT8xDST7_lfnst1_s1 (w=32 h=16 tr_h=2 tr_v=1 sidx=1 lfnst=1) ===
#   [RST t=284196635000] rst_n=0
#   [RST t=284196835000] rst_n=1
#   PASS (512 outputs)
# 
# === [WRAPPER] 1245:32x16_DCT8xDST7_lfnst1_s2 (w=32 h=16 tr_h=2 tr_v=1 sidx=2 lfnst=1) ===
#   [RST t=284559725000] rst_n=0
#   [RST t=284559925000] rst_n=1
#   PASS (512 outputs)
# 
# === [WRAPPER] 1246:32x16_DCT8xDST7_lfnst1_s3 (w=32 h=16 tr_h=2 tr_v=1 sidx=3 lfnst=1) ===
#   [RST t=284922815000] rst_n=0
#   [RST t=284923015000] rst_n=1
#   PASS (512 outputs)
# 
# === [WRAPPER] 1247:32x16_DCT8xDST7_lfnst2_s0 (w=32 h=16 tr_h=2 tr_v=1 sidx=0 lfnst=2) ===
#   [RST t=285285905000] rst_n=0
#   [RST t=285286105000] rst_n=1
#   PASS (512 outputs)
# 
# === [WRAPPER] 1248:32x16_DCT8xDST7_lfnst2_s1 (w=32 h=16 tr_h=2 tr_v=1 sidx=1 lfnst=2) ===
#   [RST t=285648995000] rst_n=0
#   [RST t=285649195000] rst_n=1
#   PASS (512 outputs)
# 
# === [WRAPPER] 1249:32x16_DCT8xDST7_lfnst2_s2 (w=32 h=16 tr_h=2 tr_v=1 sidx=2 lfnst=2) ===
#   [RST t=286012085000] rst_n=0
#   [RST t=286012285000] rst_n=1
#   PASS (512 outputs)
# 
# === [WRAPPER] 1250:32x16_DCT8xDST7_lfnst2_s3 (w=32 h=16 tr_h=2 tr_v=1 sidx=3 lfnst=2) ===
#   [RST t=286375175000] rst_n=0
#   [RST t=286375375000] rst_n=1
#   PASS (512 outputs)
# 
# === [WRAPPER] 1251:32x16_DCT8xDCT8_lfnst0_s0 (w=32 h=16 tr_h=2 tr_v=2 sidx=0 lfnst=0) ===
#   [RST t=286738265000] rst_n=0
#   [RST t=286738465000] rst_n=1
#   PASS (512 outputs)
# 
# === [WRAPPER] 1252:32x16_DCT8xDCT8_lfnst1_s0 (w=32 h=16 tr_h=2 tr_v=2 sidx=0 lfnst=1) ===
#   [RST t=287082305000] rst_n=0
#   [RST t=287082505000] rst_n=1
#   PASS (512 outputs)
# 
# === [WRAPPER] 1253:32x16_DCT8xDCT8_lfnst1_s1 (w=32 h=16 tr_h=2 tr_v=2 sidx=1 lfnst=1) ===
#   [RST t=287445395000] rst_n=0
#   [RST t=287445595000] rst_n=1
#   PASS (512 outputs)
# 
# === [WRAPPER] 1254:32x16_DCT8xDCT8_lfnst1_s2 (w=32 h=16 tr_h=2 tr_v=2 sidx=2 lfnst=1) ===
#   [RST t=287808485000] rst_n=0
#   [RST t=287808685000] rst_n=1
#   PASS (512 outputs)
# 
# === [WRAPPER] 1255:32x16_DCT8xDCT8_lfnst1_s3 (w=32 h=16 tr_h=2 tr_v=2 sidx=3 lfnst=1) ===
#   [RST t=288171575000] rst_n=0
#   [RST t=288171775000] rst_n=1
#   PASS (512 outputs)
# 
# === [WRAPPER] 1256:32x16_DCT8xDCT8_lfnst2_s0 (w=32 h=16 tr_h=2 tr_v=2 sidx=0 lfnst=2) ===
#   [RST t=288534665000] rst_n=0
#   [RST t=288534865000] rst_n=1
#   PASS (512 outputs)
# 
# === [WRAPPER] 1257:32x16_DCT8xDCT8_lfnst2_s1 (w=32 h=16 tr_h=2 tr_v=2 sidx=1 lfnst=2) ===
#   [RST t=288897755000] rst_n=0
#   [RST t=288897955000] rst_n=1
#   PASS (512 outputs)
# 
# === [WRAPPER] 1258:32x16_DCT8xDCT8_lfnst2_s2 (w=32 h=16 tr_h=2 tr_v=2 sidx=2 lfnst=2) ===
#   [RST t=289260845000] rst_n=0
#   [RST t=289261045000] rst_n=1
#   PASS (512 outputs)
# 
# === [WRAPPER] 1259:32x16_DCT8xDCT8_lfnst2_s3 (w=32 h=16 tr_h=2 tr_v=2 sidx=3 lfnst=2) ===
#   [RST t=289623935000] rst_n=0
#   [RST t=289624135000] rst_n=1
#   PASS (512 outputs)
# 
# === [WRAPPER] 1260:32x16_DST7xDST7_lfnst0_s0 (w=32 h=16 tr_h=1 tr_v=1 sidx=0 lfnst=0) ===
#   [RST t=289987025000] rst_n=0
#   [RST t=289987225000] rst_n=1
#   PASS (512 outputs)
# 
# === [WRAPPER] 1261:32x16_DST7xDST7_lfnst1_s0 (w=32 h=16 tr_h=1 tr_v=1 sidx=0 lfnst=1) ===
#   [RST t=290331055000] rst_n=0
#   [RST t=290331255000] rst_n=1
#   PASS (512 outputs)
# 
# === [WRAPPER] 1262:32x16_DST7xDST7_lfnst1_s1 (w=32 h=16 tr_h=1 tr_v=1 sidx=1 lfnst=1) ===
#   [RST t=290694145000] rst_n=0
#   [RST t=290694345000] rst_n=1
#   PASS (512 outputs)
# 
# === [WRAPPER] 1263:32x16_DST7xDST7_lfnst1_s2 (w=32 h=16 tr_h=1 tr_v=1 sidx=2 lfnst=1) ===
#   [RST t=291057235000] rst_n=0
#   [RST t=291057435000] rst_n=1
#   PASS (512 outputs)
# 
# === [WRAPPER] 1264:32x16_DST7xDST7_lfnst1_s3 (w=32 h=16 tr_h=1 tr_v=1 sidx=3 lfnst=1) ===
#   [RST t=291420325000] rst_n=0
#   [RST t=291420525000] rst_n=1
#   PASS (512 outputs)
# 
# === [WRAPPER] 1265:32x16_DST7xDST7_lfnst2_s0 (w=32 h=16 tr_h=1 tr_v=1 sidx=0 lfnst=2) ===
#   [RST t=291783415000] rst_n=0
#   [RST t=291783615000] rst_n=1
#   PASS (512 outputs)
# 
# === [WRAPPER] 1266:32x16_DST7xDST7_lfnst2_s1 (w=32 h=16 tr_h=1 tr_v=1 sidx=1 lfnst=2) ===
#   [RST t=292146505000] rst_n=0
#   [RST t=292146705000] rst_n=1
#   PASS (512 outputs)
# 
# === [WRAPPER] 1267:32x16_DST7xDST7_lfnst2_s2 (w=32 h=16 tr_h=1 tr_v=1 sidx=2 lfnst=2) ===
#   [RST t=292509595000] rst_n=0
#   [RST t=292509795000] rst_n=1
#   PASS (512 outputs)
# 
# === [WRAPPER] 1268:32x16_DST7xDST7_lfnst2_s3 (w=32 h=16 tr_h=1 tr_v=1 sidx=3 lfnst=2) ===
#   [RST t=292872685000] rst_n=0
#   [RST t=292872885000] rst_n=1
#   PASS (512 outputs)
# 
# === [WRAPPER] 1269:32x16_DCT2xDCT8_lfnst0_s0 (w=32 h=16 tr_h=0 tr_v=2 sidx=0 lfnst=0) ===
#   [RST t=293235775000] rst_n=0
#   [RST t=293235975000] rst_n=1
#   PASS (512 outputs)
# 
# === [WRAPPER] 1270:32x16_DCT2xDCT8_lfnst1_s0 (w=32 h=16 tr_h=0 tr_v=2 sidx=0 lfnst=1) ===
#   [RST t=293579775000] rst_n=0
#   [RST t=293579975000] rst_n=1
#   PASS (512 outputs)
# 
# === [WRAPPER] 1271:32x16_DCT2xDCT8_lfnst1_s1 (w=32 h=16 tr_h=0 tr_v=2 sidx=1 lfnst=1) ===
#   [RST t=293942865000] rst_n=0
#   [RST t=293943065000] rst_n=1
#   PASS (512 outputs)
# 
# === [WRAPPER] 1272:32x16_DCT2xDCT8_lfnst1_s2 (w=32 h=16 tr_h=0 tr_v=2 sidx=2 lfnst=1) ===
#   [RST t=294305955000] rst_n=0
#   [RST t=294306155000] rst_n=1
#   PASS (512 outputs)
# 
# === [WRAPPER] 1273:32x16_DCT2xDCT8_lfnst1_s3 (w=32 h=16 tr_h=0 tr_v=2 sidx=3 lfnst=1) ===
#   [RST t=294669045000] rst_n=0
#   [RST t=294669245000] rst_n=1
#   PASS (512 outputs)
# 
# === [WRAPPER] 1274:32x16_DCT2xDCT8_lfnst2_s0 (w=32 h=16 tr_h=0 tr_v=2 sidx=0 lfnst=2) ===
#   [RST t=295032135000] rst_n=0
#   [RST t=295032335000] rst_n=1
#   PASS (512 outputs)
# 
# === [WRAPPER] 1275:32x16_DCT2xDCT8_lfnst2_s1 (w=32 h=16 tr_h=0 tr_v=2 sidx=1 lfnst=2) ===
#   [RST t=295395225000] rst_n=0
#   [RST t=295395425000] rst_n=1
#   PASS (512 outputs)
# 
# === [WRAPPER] 1276:32x16_DCT2xDCT8_lfnst2_s2 (w=32 h=16 tr_h=0 tr_v=2 sidx=2 lfnst=2) ===
#   [RST t=295758315000] rst_n=0
#   [RST t=295758515000] rst_n=1
#   PASS (512 outputs)
# 
# === [WRAPPER] 1277:32x16_DCT2xDCT8_lfnst2_s3 (w=32 h=16 tr_h=0 tr_v=2 sidx=3 lfnst=2) ===
#   [RST t=296121405000] rst_n=0
#   [RST t=296121605000] rst_n=1
#   PASS (512 outputs)
# 
# === [WRAPPER] 1278:32x16_DCT8xDCT2_lfnst0_s0 (w=32 h=16 tr_h=2 tr_v=0 sidx=0 lfnst=0) ===
#   [RST t=296484495000] rst_n=0
#   [RST t=296484695000] rst_n=1
#   PASS (512 outputs)
# 
# === [WRAPPER] 1279:32x16_DCT8xDCT2_lfnst1_s0 (w=32 h=16 tr_h=2 tr_v=0 sidx=0 lfnst=1) ===
#   [RST t=296828565000] rst_n=0
#   [RST t=296828765000] rst_n=1
#   PASS (512 outputs)
# 
# === [WRAPPER] 1280:32x16_DCT8xDCT2_lfnst1_s1 (w=32 h=16 tr_h=2 tr_v=0 sidx=1 lfnst=1) ===
#   [RST t=297191655000] rst_n=0
#   [RST t=297191855000] rst_n=1
#   PASS (512 outputs)
# 
# === [WRAPPER] 1281:32x16_DCT8xDCT2_lfnst1_s2 (w=32 h=16 tr_h=2 tr_v=0 sidx=2 lfnst=1) ===
#   [RST t=297554745000] rst_n=0
#   [RST t=297554945000] rst_n=1
#   PASS (512 outputs)
# 
# === [WRAPPER] 1282:32x16_DCT8xDCT2_lfnst1_s3 (w=32 h=16 tr_h=2 tr_v=0 sidx=3 lfnst=1) ===
#   [RST t=297917835000] rst_n=0
#   [RST t=297918035000] rst_n=1
#   PASS (512 outputs)
# 
# === [WRAPPER] 1283:32x16_DCT8xDCT2_lfnst2_s0 (w=32 h=16 tr_h=2 tr_v=0 sidx=0 lfnst=2) ===
#   [RST t=298280925000] rst_n=0
#   [RST t=298281125000] rst_n=1
#   PASS (512 outputs)
# 
# === [WRAPPER] 1284:32x16_DCT8xDCT2_lfnst2_s1 (w=32 h=16 tr_h=2 tr_v=0 sidx=1 lfnst=2) ===
#   [RST t=298644015000] rst_n=0
#   [RST t=298644215000] rst_n=1
#   PASS (512 outputs)
# 
# === [WRAPPER] 1285:32x16_DCT8xDCT2_lfnst2_s2 (w=32 h=16 tr_h=2 tr_v=0 sidx=2 lfnst=2) ===
#   [RST t=299007105000] rst_n=0
#   [RST t=299007305000] rst_n=1
#   PASS (512 outputs)
# 
# === [WRAPPER] 1286:32x16_DCT8xDCT2_lfnst2_s3 (w=32 h=16 tr_h=2 tr_v=0 sidx=3 lfnst=2) ===
#   [RST t=299370195000] rst_n=0
#   [RST t=299370395000] rst_n=1
#   PASS (512 outputs)
# 
# === [WRAPPER] 1287:32x16_DCT2xDST7_lfnst0_s0 (w=32 h=16 tr_h=0 tr_v=1 sidx=0 lfnst=0) ===
#   [RST t=299733285000] rst_n=0
#   [RST t=299733485000] rst_n=1
#   PASS (512 outputs)
# 
# === [WRAPPER] 1288:32x16_DCT2xDST7_lfnst1_s0 (w=32 h=16 tr_h=0 tr_v=1 sidx=0 lfnst=1) ===
#   [RST t=300077295000] rst_n=0
#   [RST t=300077495000] rst_n=1
#   PASS (512 outputs)
# 
# === [WRAPPER] 1289:32x16_DCT2xDST7_lfnst1_s1 (w=32 h=16 tr_h=0 tr_v=1 sidx=1 lfnst=1) ===
#   [RST t=300440385000] rst_n=0
#   [RST t=300440585000] rst_n=1
#   PASS (512 outputs)
# 
# === [WRAPPER] 1290:32x16_DCT2xDST7_lfnst1_s2 (w=32 h=16 tr_h=0 tr_v=1 sidx=2 lfnst=1) ===
#   [RST t=300803475000] rst_n=0
#   [RST t=300803675000] rst_n=1
#   PASS (512 outputs)
# 
# === [WRAPPER] 1291:32x16_DCT2xDST7_lfnst1_s3 (w=32 h=16 tr_h=0 tr_v=1 sidx=3 lfnst=1) ===
#   [RST t=301166565000] rst_n=0
#   [RST t=301166765000] rst_n=1
#   PASS (512 outputs)
# 
# === [WRAPPER] 1292:32x16_DCT2xDST7_lfnst2_s0 (w=32 h=16 tr_h=0 tr_v=1 sidx=0 lfnst=2) ===
#   [RST t=301529655000] rst_n=0
#   [RST t=301529855000] rst_n=1
#   PASS (512 outputs)
# 
# === [WRAPPER] 1293:32x16_DCT2xDST7_lfnst2_s1 (w=32 h=16 tr_h=0 tr_v=1 sidx=1 lfnst=2) ===
#   [RST t=301892745000] rst_n=0
#   [RST t=301892945000] rst_n=1
#   PASS (512 outputs)
# 
# === [WRAPPER] 1294:32x16_DCT2xDST7_lfnst2_s2 (w=32 h=16 tr_h=0 tr_v=1 sidx=2 lfnst=2) ===
#   [RST t=302255835000] rst_n=0
#   [RST t=302256035000] rst_n=1
#   PASS (512 outputs)
# 
# === [WRAPPER] 1295:32x16_DCT2xDST7_lfnst2_s3 (w=32 h=16 tr_h=0 tr_v=1 sidx=3 lfnst=2) ===
#   [RST t=302618925000] rst_n=0
#   [RST t=302619125000] rst_n=1
#   PASS (512 outputs)
# 
# === [WRAPPER] 1296:32x16_DST7xDCT2_lfnst0_s0 (w=32 h=16 tr_h=1 tr_v=0 sidx=0 lfnst=0) ===
#   [RST t=302982015000] rst_n=0
#   [RST t=302982215000] rst_n=1
#   PASS (512 outputs)
# 
# === [WRAPPER] 1297:32x16_DST7xDCT2_lfnst1_s0 (w=32 h=16 tr_h=1 tr_v=0 sidx=0 lfnst=1) ===
#   [RST t=303326055000] rst_n=0
#   [RST t=303326255000] rst_n=1
#   PASS (512 outputs)
# 
# === [WRAPPER] 1298:32x16_DST7xDCT2_lfnst1_s1 (w=32 h=16 tr_h=1 tr_v=0 sidx=1 lfnst=1) ===
#   [RST t=303689145000] rst_n=0
#   [RST t=303689345000] rst_n=1
#   PASS (512 outputs)
# 
# === [WRAPPER] 1299:32x16_DST7xDCT2_lfnst1_s2 (w=32 h=16 tr_h=1 tr_v=0 sidx=2 lfnst=1) ===
#   [RST t=304052235000] rst_n=0
#   [RST t=304052435000] rst_n=1
#   PASS (512 outputs)
# 
# === [WRAPPER] 1300:32x16_DST7xDCT2_lfnst1_s3 (w=32 h=16 tr_h=1 tr_v=0 sidx=3 lfnst=1) ===
#   [RST t=304415325000] rst_n=0
#   [RST t=304415525000] rst_n=1
#   PASS (512 outputs)
# 
# === [WRAPPER] 1301:32x16_DST7xDCT2_lfnst2_s0 (w=32 h=16 tr_h=1 tr_v=0 sidx=0 lfnst=2) ===
#   [RST t=304778415000] rst_n=0
#   [RST t=304778615000] rst_n=1
#   PASS (512 outputs)
# 
# === [WRAPPER] 1302:32x16_DST7xDCT2_lfnst2_s1 (w=32 h=16 tr_h=1 tr_v=0 sidx=1 lfnst=2) ===
#   [RST t=305141505000] rst_n=0
#   [RST t=305141705000] rst_n=1
#   PASS (512 outputs)
# 
# === [WRAPPER] 1303:32x16_DST7xDCT2_lfnst2_s2 (w=32 h=16 tr_h=1 tr_v=0 sidx=2 lfnst=2) ===
#   [RST t=305504595000] rst_n=0
#   [RST t=305504795000] rst_n=1
#   PASS (512 outputs)
# 
# === [WRAPPER] 1304:32x16_DST7xDCT2_lfnst2_s3 (w=32 h=16 tr_h=1 tr_v=0 sidx=3 lfnst=2) ===
#   [RST t=305867685000] rst_n=0
#   [RST t=305867885000] rst_n=1
#   PASS (512 outputs)
# 
# === [WRAPPER] 1305:32x32_DST7xDCT8_lfnst0_s0 (w=32 h=32 tr_h=1 tr_v=2 sidx=0 lfnst=0) ===
#   [RST t=306230775000] rst_n=0
#   [RST t=306230975000] rst_n=1
#   PASS (1024 outputs)
# 
# === [WRAPPER] 1306:32x32_DST7xDCT8_lfnst1_s0 (w=32 h=32 tr_h=1 tr_v=2 sidx=0 lfnst=1) ===
#   [RST t=307121865000] rst_n=0
#   [RST t=307122065000] rst_n=1
#   PASS (1024 outputs)
# 
# === [WRAPPER] 1307:32x32_DST7xDCT8_lfnst1_s1 (w=32 h=32 tr_h=1 tr_v=2 sidx=1 lfnst=1) ===
#   [RST t=308031995000] rst_n=0
#   [RST t=308032195000] rst_n=1
#   PASS (1024 outputs)
# 
# === [WRAPPER] 1308:32x32_DST7xDCT8_lfnst1_s2 (w=32 h=32 tr_h=1 tr_v=2 sidx=2 lfnst=1) ===
#   [RST t=308942125000] rst_n=0
#   [RST t=308942325000] rst_n=1
#   PASS (1024 outputs)
# 
# === [WRAPPER] 1309:32x32_DST7xDCT8_lfnst1_s3 (w=32 h=32 tr_h=1 tr_v=2 sidx=3 lfnst=1) ===
#   [RST t=309852255000] rst_n=0
#   [RST t=309852455000] rst_n=1
#   PASS (1024 outputs)
# 
# === [WRAPPER] 1310:32x32_DST7xDCT8_lfnst2_s0 (w=32 h=32 tr_h=1 tr_v=2 sidx=0 lfnst=2) ===
#   [RST t=310762385000] rst_n=0
#   [RST t=310762585000] rst_n=1
#   PASS (1024 outputs)
# 
# === [WRAPPER] 1311:32x32_DST7xDCT8_lfnst2_s1 (w=32 h=32 tr_h=1 tr_v=2 sidx=1 lfnst=2) ===
#   [RST t=311672515000] rst_n=0
#   [RST t=311672715000] rst_n=1
#   PASS (1024 outputs)
# 
# === [WRAPPER] 1312:32x32_DST7xDCT8_lfnst2_s2 (w=32 h=32 tr_h=1 tr_v=2 sidx=2 lfnst=2) ===
#   [RST t=312582645000] rst_n=0
#   [RST t=312582845000] rst_n=1
#   PASS (1024 outputs)
# 
# === [WRAPPER] 1313:32x32_DST7xDCT8_lfnst2_s3 (w=32 h=32 tr_h=1 tr_v=2 sidx=3 lfnst=2) ===
#   [RST t=313492775000] rst_n=0
#   [RST t=313492975000] rst_n=1
#   PASS (1024 outputs)
# 
# === [WRAPPER] 1314:32x32_DCT8xDST7_lfnst0_s0 (w=32 h=32 tr_h=2 tr_v=1 sidx=0 lfnst=0) ===
#   [RST t=314402905000] rst_n=0
#   [RST t=314403105000] rst_n=1
#   PASS (1024 outputs)
# 
# === [WRAPPER] 1315:32x32_DCT8xDST7_lfnst1_s0 (w=32 h=32 tr_h=2 tr_v=1 sidx=0 lfnst=1) ===
#   [RST t=315293945000] rst_n=0
#   [RST t=315294145000] rst_n=1
#   PASS (1024 outputs)
# 
# === [WRAPPER] 1316:32x32_DCT8xDST7_lfnst1_s1 (w=32 h=32 tr_h=2 tr_v=1 sidx=1 lfnst=1) ===
#   [RST t=316204075000] rst_n=0
#   [RST t=316204275000] rst_n=1
#   PASS (1024 outputs)
# 
# === [WRAPPER] 1317:32x32_DCT8xDST7_lfnst1_s2 (w=32 h=32 tr_h=2 tr_v=1 sidx=2 lfnst=1) ===
#   [RST t=317114205000] rst_n=0
#   [RST t=317114405000] rst_n=1
#   PASS (1024 outputs)
# 
# === [WRAPPER] 1318:32x32_DCT8xDST7_lfnst1_s3 (w=32 h=32 tr_h=2 tr_v=1 sidx=3 lfnst=1) ===
#   [RST t=318024335000] rst_n=0
#   [RST t=318024535000] rst_n=1
#   PASS (1024 outputs)
# 
# === [WRAPPER] 1319:32x32_DCT8xDST7_lfnst2_s0 (w=32 h=32 tr_h=2 tr_v=1 sidx=0 lfnst=2) ===
#   [RST t=318934465000] rst_n=0
#   [RST t=318934665000] rst_n=1
#   PASS (1024 outputs)
# 
# === [WRAPPER] 1320:32x32_DCT8xDST7_lfnst2_s1 (w=32 h=32 tr_h=2 tr_v=1 sidx=1 lfnst=2) ===
#   [RST t=319844595000] rst_n=0
#   [RST t=319844795000] rst_n=1
#   PASS (1024 outputs)
# 
# === [WRAPPER] 1321:32x32_DCT8xDST7_lfnst2_s2 (w=32 h=32 tr_h=2 tr_v=1 sidx=2 lfnst=2) ===
#   [RST t=320754725000] rst_n=0
#   [RST t=320754925000] rst_n=1
#   PASS (1024 outputs)
# 
# === [WRAPPER] 1322:32x32_DCT8xDST7_lfnst2_s3 (w=32 h=32 tr_h=2 tr_v=1 sidx=3 lfnst=2) ===
#   [RST t=321664855000] rst_n=0
#   [RST t=321665055000] rst_n=1
#   PASS (1024 outputs)
# 
# === [WRAPPER] 1323:32x32_DCT8xDCT8_lfnst0_s0 (w=32 h=32 tr_h=2 tr_v=2 sidx=0 lfnst=0) ===
#   [RST t=322574985000] rst_n=0
#   [RST t=322575185000] rst_n=1
#   PASS (1024 outputs)
# 
# === [WRAPPER] 1324:32x32_DCT8xDCT8_lfnst1_s0 (w=32 h=32 tr_h=2 tr_v=2 sidx=0 lfnst=1) ===
#   [RST t=323466075000] rst_n=0
#   [RST t=323466275000] rst_n=1
#   PASS (1024 outputs)
# 
# === [WRAPPER] 1325:32x32_DCT8xDCT8_lfnst1_s1 (w=32 h=32 tr_h=2 tr_v=2 sidx=1 lfnst=1) ===
#   [RST t=324376205000] rst_n=0
#   [RST t=324376405000] rst_n=1
#   PASS (1024 outputs)
# 
# === [WRAPPER] 1326:32x32_DCT8xDCT8_lfnst1_s2 (w=32 h=32 tr_h=2 tr_v=2 sidx=2 lfnst=1) ===
#   [RST t=325286335000] rst_n=0
#   [RST t=325286535000] rst_n=1
#   PASS (1024 outputs)
# 
# === [WRAPPER] 1327:32x32_DCT8xDCT8_lfnst1_s3 (w=32 h=32 tr_h=2 tr_v=2 sidx=3 lfnst=1) ===
#   [RST t=326196465000] rst_n=0
#   [RST t=326196665000] rst_n=1
#   PASS (1024 outputs)
# 
# === [WRAPPER] 1328:32x32_DCT8xDCT8_lfnst2_s0 (w=32 h=32 tr_h=2 tr_v=2 sidx=0 lfnst=2) ===
#   [RST t=327106595000] rst_n=0
#   [RST t=327106795000] rst_n=1
#   PASS (1024 outputs)
# 
# === [WRAPPER] 1329:32x32_DCT8xDCT8_lfnst2_s1 (w=32 h=32 tr_h=2 tr_v=2 sidx=1 lfnst=2) ===
#   [RST t=328016725000] rst_n=0
#   [RST t=328016925000] rst_n=1
#   PASS (1024 outputs)
# 
# === [WRAPPER] 1330:32x32_DCT8xDCT8_lfnst2_s2 (w=32 h=32 tr_h=2 tr_v=2 sidx=2 lfnst=2) ===
#   [RST t=328926855000] rst_n=0
#   [RST t=328927055000] rst_n=1
#   PASS (1024 outputs)
# 
# === [WRAPPER] 1331:32x32_DCT8xDCT8_lfnst2_s3 (w=32 h=32 tr_h=2 tr_v=2 sidx=3 lfnst=2) ===
#   [RST t=329836985000] rst_n=0
#   [RST t=329837185000] rst_n=1
#   PASS (1024 outputs)
# 
# === [WRAPPER] 1332:32x32_DST7xDST7_lfnst0_s0 (w=32 h=32 tr_h=1 tr_v=1 sidx=0 lfnst=0) ===
#   [RST t=330747115000] rst_n=0
#   [RST t=330747315000] rst_n=1
#   PASS (1024 outputs)
# 
# === [WRAPPER] 1333:32x32_DST7xDST7_lfnst1_s0 (w=32 h=32 tr_h=1 tr_v=1 sidx=0 lfnst=1) ===
#   [RST t=331638205000] rst_n=0
#   [RST t=331638405000] rst_n=1
#   PASS (1024 outputs)
# 
# === [WRAPPER] 1334:32x32_DST7xDST7_lfnst1_s1 (w=32 h=32 tr_h=1 tr_v=1 sidx=1 lfnst=1) ===
#   [RST t=332548335000] rst_n=0
#   [RST t=332548535000] rst_n=1
#   PASS (1024 outputs)
# 
# === [WRAPPER] 1335:32x32_DST7xDST7_lfnst1_s2 (w=32 h=32 tr_h=1 tr_v=1 sidx=2 lfnst=1) ===
#   [RST t=333458465000] rst_n=0
#   [RST t=333458665000] rst_n=1
#   PASS (1024 outputs)
# 
# === [WRAPPER] 1336:32x32_DST7xDST7_lfnst1_s3 (w=32 h=32 tr_h=1 tr_v=1 sidx=3 lfnst=1) ===
#   [RST t=334368595000] rst_n=0
#   [RST t=334368795000] rst_n=1
#   PASS (1024 outputs)
# 
# === [WRAPPER] 1337:32x32_DST7xDST7_lfnst2_s0 (w=32 h=32 tr_h=1 tr_v=1 sidx=0 lfnst=2) ===
#   [RST t=335278725000] rst_n=0
#   [RST t=335278925000] rst_n=1
#   PASS (1024 outputs)
# 
# === [WRAPPER] 1338:32x32_DST7xDST7_lfnst2_s1 (w=32 h=32 tr_h=1 tr_v=1 sidx=1 lfnst=2) ===
#   [RST t=336188855000] rst_n=0
#   [RST t=336189055000] rst_n=1
#   PASS (1024 outputs)
# 
# === [WRAPPER] 1339:32x32_DST7xDST7_lfnst2_s2 (w=32 h=32 tr_h=1 tr_v=1 sidx=2 lfnst=2) ===
#   [RST t=337098985000] rst_n=0
#   [RST t=337099185000] rst_n=1
#   PASS (1024 outputs)
# 
# === [WRAPPER] 1340:32x32_DST7xDST7_lfnst2_s3 (w=32 h=32 tr_h=1 tr_v=1 sidx=3 lfnst=2) ===
#   [RST t=338009115000] rst_n=0
#   [RST t=338009315000] rst_n=1
#   PASS (1024 outputs)
# 
# === [WRAPPER] 1341:32x32_DCT2xDCT8_lfnst0_s0 (w=32 h=32 tr_h=0 tr_v=2 sidx=0 lfnst=0) ===
#   [RST t=338919245000] rst_n=0
#   [RST t=338919445000] rst_n=1
#   PASS (1024 outputs)
# 
# === [WRAPPER] 1342:32x32_DCT2xDCT8_lfnst1_s0 (w=32 h=32 tr_h=0 tr_v=2 sidx=0 lfnst=1) ===
#   [RST t=339810355000] rst_n=0
#   [RST t=339810555000] rst_n=1
#   PASS (1024 outputs)
# 
# === [WRAPPER] 1343:32x32_DCT2xDCT8_lfnst1_s1 (w=32 h=32 tr_h=0 tr_v=2 sidx=1 lfnst=1) ===
#   [RST t=340720485000] rst_n=0
#   [RST t=340720685000] rst_n=1
#   PASS (1024 outputs)
# 
# === [WRAPPER] 1344:32x32_DCT2xDCT8_lfnst1_s2 (w=32 h=32 tr_h=0 tr_v=2 sidx=2 lfnst=1) ===
#   [RST t=341630615000] rst_n=0
#   [RST t=341630815000] rst_n=1
#   PASS (1024 outputs)
# 
# === [WRAPPER] 1345:32x32_DCT2xDCT8_lfnst1_s3 (w=32 h=32 tr_h=0 tr_v=2 sidx=3 lfnst=1) ===
#   [RST t=342540745000] rst_n=0
#   [RST t=342540945000] rst_n=1
#   PASS (1024 outputs)
# 
# === [WRAPPER] 1346:32x32_DCT2xDCT8_lfnst2_s0 (w=32 h=32 tr_h=0 tr_v=2 sidx=0 lfnst=2) ===
#   [RST t=343450875000] rst_n=0
#   [RST t=343451075000] rst_n=1
#   PASS (1024 outputs)
# 
# === [WRAPPER] 1347:32x32_DCT2xDCT8_lfnst2_s1 (w=32 h=32 tr_h=0 tr_v=2 sidx=1 lfnst=2) ===
#   [RST t=344361005000] rst_n=0
#   [RST t=344361205000] rst_n=1
#   PASS (1024 outputs)
# 
# === [WRAPPER] 1348:32x32_DCT2xDCT8_lfnst2_s2 (w=32 h=32 tr_h=0 tr_v=2 sidx=2 lfnst=2) ===
#   [RST t=345271135000] rst_n=0
#   [RST t=345271335000] rst_n=1
#   PASS (1024 outputs)
# 
# === [WRAPPER] 1349:32x32_DCT2xDCT8_lfnst2_s3 (w=32 h=32 tr_h=0 tr_v=2 sidx=3 lfnst=2) ===
#   [RST t=346181265000] rst_n=0
#   [RST t=346181465000] rst_n=1
#   PASS (1024 outputs)
# 
# === [WRAPPER] 1350:32x32_DCT8xDCT2_lfnst0_s0 (w=32 h=32 tr_h=2 tr_v=0 sidx=0 lfnst=0) ===
#   [RST t=347091395000] rst_n=0
#   [RST t=347091595000] rst_n=1
#   PASS (1024 outputs)
# 
# === [WRAPPER] 1351:32x32_DCT8xDCT2_lfnst1_s0 (w=32 h=32 tr_h=2 tr_v=0 sidx=0 lfnst=1) ===
#   [RST t=347982495000] rst_n=0
#   [RST t=347982695000] rst_n=1
#   PASS (1024 outputs)
# 
# === [WRAPPER] 1352:32x32_DCT8xDCT2_lfnst1_s1 (w=32 h=32 tr_h=2 tr_v=0 sidx=1 lfnst=1) ===
#   [RST t=348892625000] rst_n=0
#   [RST t=348892825000] rst_n=1
#   PASS (1024 outputs)
# 
# === [WRAPPER] 1353:32x32_DCT8xDCT2_lfnst1_s2 (w=32 h=32 tr_h=2 tr_v=0 sidx=2 lfnst=1) ===
#   [RST t=349802755000] rst_n=0
#   [RST t=349802955000] rst_n=1
#   PASS (1024 outputs)
# 
# === [WRAPPER] 1354:32x32_DCT8xDCT2_lfnst1_s3 (w=32 h=32 tr_h=2 tr_v=0 sidx=3 lfnst=1) ===
#   [RST t=350712885000] rst_n=0
#   [RST t=350713085000] rst_n=1
#   PASS (1024 outputs)
# 
# === [WRAPPER] 1355:32x32_DCT8xDCT2_lfnst2_s0 (w=32 h=32 tr_h=2 tr_v=0 sidx=0 lfnst=2) ===
#   [RST t=351623015000] rst_n=0
#   [RST t=351623215000] rst_n=1
#   PASS (1024 outputs)
# 
# === [WRAPPER] 1356:32x32_DCT8xDCT2_lfnst2_s1 (w=32 h=32 tr_h=2 tr_v=0 sidx=1 lfnst=2) ===
#   [RST t=352533145000] rst_n=0
#   [RST t=352533345000] rst_n=1
#   PASS (1024 outputs)
# 
# === [WRAPPER] 1357:32x32_DCT8xDCT2_lfnst2_s2 (w=32 h=32 tr_h=2 tr_v=0 sidx=2 lfnst=2) ===
#   [RST t=353443275000] rst_n=0
#   [RST t=353443475000] rst_n=1
#   PASS (1024 outputs)
# 
# === [WRAPPER] 1358:32x32_DCT8xDCT2_lfnst2_s3 (w=32 h=32 tr_h=2 tr_v=0 sidx=3 lfnst=2) ===
#   [RST t=354353405000] rst_n=0
#   [RST t=354353605000] rst_n=1
#   PASS (1024 outputs)
# 
# === [WRAPPER] 1359:32x32_DCT2xDST7_lfnst0_s0 (w=32 h=32 tr_h=0 tr_v=1 sidx=0 lfnst=0) ===
#   [RST t=355263535000] rst_n=0
#   [RST t=355263735000] rst_n=1
#   PASS (1024 outputs)
# 
# === [WRAPPER] 1360:32x32_DCT2xDST7_lfnst1_s0 (w=32 h=32 tr_h=0 tr_v=1 sidx=0 lfnst=1) ===
#   [RST t=356154595000] rst_n=0
#   [RST t=356154795000] rst_n=1
#   PASS (1024 outputs)
# 
# === [WRAPPER] 1361:32x32_DCT2xDST7_lfnst1_s1 (w=32 h=32 tr_h=0 tr_v=1 sidx=1 lfnst=1) ===
#   [RST t=357064725000] rst_n=0
#   [RST t=357064925000] rst_n=1
#   PASS (1024 outputs)
# 
# === [WRAPPER] 1362:32x32_DCT2xDST7_lfnst1_s2 (w=32 h=32 tr_h=0 tr_v=1 sidx=2 lfnst=1) ===
#   [RST t=357974855000] rst_n=0
#   [RST t=357975055000] rst_n=1
#   PASS (1024 outputs)
# 
# === [WRAPPER] 1363:32x32_DCT2xDST7_lfnst1_s3 (w=32 h=32 tr_h=0 tr_v=1 sidx=3 lfnst=1) ===
#   [RST t=358884985000] rst_n=0
#   [RST t=358885185000] rst_n=1
#   PASS (1024 outputs)
# 
# === [WRAPPER] 1364:32x32_DCT2xDST7_lfnst2_s0 (w=32 h=32 tr_h=0 tr_v=1 sidx=0 lfnst=2) ===
#   [RST t=359795115000] rst_n=0
#   [RST t=359795315000] rst_n=1
#   PASS (1024 outputs)
# 
# === [WRAPPER] 1365:32x32_DCT2xDST7_lfnst2_s1 (w=32 h=32 tr_h=0 tr_v=1 sidx=1 lfnst=2) ===
#   [RST t=360705245000] rst_n=0
#   [RST t=360705445000] rst_n=1
#   PASS (1024 outputs)
# 
# === [WRAPPER] 1366:32x32_DCT2xDST7_lfnst2_s2 (w=32 h=32 tr_h=0 tr_v=1 sidx=2 lfnst=2) ===
#   [RST t=361615375000] rst_n=0
#   [RST t=361615575000] rst_n=1
#   PASS (1024 outputs)
# 
# === [WRAPPER] 1367:32x32_DCT2xDST7_lfnst2_s3 (w=32 h=32 tr_h=0 tr_v=1 sidx=3 lfnst=2) ===
#   [RST t=362525505000] rst_n=0
#   [RST t=362525705000] rst_n=1
#   PASS (1024 outputs)
# 
# === [WRAPPER] 1368:32x32_DST7xDCT2_lfnst0_s0 (w=32 h=32 tr_h=1 tr_v=0 sidx=0 lfnst=0) ===
#   [RST t=363435635000] rst_n=0
#   [RST t=363435835000] rst_n=1
#   PASS (1024 outputs)
# 
# === [WRAPPER] 1369:32x32_DST7xDCT2_lfnst1_s0 (w=32 h=32 tr_h=1 tr_v=0 sidx=0 lfnst=1) ===
#   [RST t=364326695000] rst_n=0
#   [RST t=364326895000] rst_n=1
#   PASS (1024 outputs)
# 
# === [WRAPPER] 1370:32x32_DST7xDCT2_lfnst1_s1 (w=32 h=32 tr_h=1 tr_v=0 sidx=1 lfnst=1) ===
#   [RST t=365236825000] rst_n=0
#   [RST t=365237025000] rst_n=1
#   PASS (1024 outputs)
# 
# === [WRAPPER] 1371:32x32_DST7xDCT2_lfnst1_s2 (w=32 h=32 tr_h=1 tr_v=0 sidx=2 lfnst=1) ===
#   [RST t=366146955000] rst_n=0
#   [RST t=366147155000] rst_n=1
#   PASS (1024 outputs)
# 
# === [WRAPPER] 1372:32x32_DST7xDCT2_lfnst1_s3 (w=32 h=32 tr_h=1 tr_v=0 sidx=3 lfnst=1) ===
#   [RST t=367057085000] rst_n=0
#   [RST t=367057285000] rst_n=1
#   PASS (1024 outputs)
# 
# === [WRAPPER] 1373:32x32_DST7xDCT2_lfnst2_s0 (w=32 h=32 tr_h=1 tr_v=0 sidx=0 lfnst=2) ===
#   [RST t=367967215000] rst_n=0
#   [RST t=367967415000] rst_n=1
#   PASS (1024 outputs)
# 
# === [WRAPPER] 1374:32x32_DST7xDCT2_lfnst2_s1 (w=32 h=32 tr_h=1 tr_v=0 sidx=1 lfnst=2) ===
#   [RST t=368877345000] rst_n=0
#   [RST t=368877545000] rst_n=1
#   PASS (1024 outputs)
# 
# === [WRAPPER] 1375:32x32_DST7xDCT2_lfnst2_s2 (w=32 h=32 tr_h=1 tr_v=0 sidx=2 lfnst=2) ===
#   [RST t=369787475000] rst_n=0
#   [RST t=369787675000] rst_n=1
#   PASS (1024 outputs)
# 
# === [WRAPPER] 1376:32x32_DST7xDCT2_lfnst2_s3 (w=32 h=32 tr_h=1 tr_v=0 sidx=3 lfnst=2) ===
#   [RST t=370697605000] rst_n=0
#   [RST t=370697805000] rst_n=1
#   PASS (1024 outputs)
# 
# === [WRAPPER-END-SAME-CYCLE] 0000:4x4_DCT2xDCT2_lfnst0_s0 (w=4 h=4 tr_h=0 tr_v=0 sidx=0 lfnst=0) ===
#   [RST t=371607735000] rst_n=0
#   [RST t=371607935000] rst_n=1
#   PASS (16 outputs, end-same-cycle)
# 
# === [WRAPPER-END-SAME-CYCLE] 0050:8x4_DCT2xDCT2_lfnst2_s0 (w=8 h=4 tr_h=0 tr_v=0 sidx=0 lfnst=2) ===
#   [RST t=371611475000] rst_n=0
#   [RST t=371611675000] rst_n=1
#   PASS (32 outputs, end-same-cycle)
# 
# === [WRAPPER-END-SAME-CYCLE] 0100:8x32_DCT2xDCT2_lfnst1_s0 (w=8 h=32 tr_h=0 tr_v=0 sidx=0 lfnst=1) ===
#   [RST t=371626205000] rst_n=0
#   [RST t=371626405000] rst_n=1
#   PASS (256 outputs, end-same-cycle)
# 
# === [WRAPPER-END-SAME-CYCLE] 0225:4x4_DST7xDCT8_lfnst0_s0 (w=4 h=4 tr_h=1 tr_v=2 sidx=0 lfnst=0) ===
#   [RST t=371792575000] rst_n=0
#   [RST t=371792775000] rst_n=1
#   PASS (16 outputs, end-same-cycle)
# 
# === [WRAPPER-END-SAME-CYCLE] 0400:4x16_DST7xDST7_lfnst1_s3 (w=4 h=16 tr_h=1 tr_v=1 sidx=3 lfnst=1) ===
#   [RST t=371796335000] rst_n=0
#   [RST t=371796535000] rst_n=1
#   PASS (64 outputs, end-same-cycle)
# 
# === [WRAPPER-END-SAME-CYCLE] 0600:16x4_DCT8xDST7_lfnst2_s1 (w=16 h=4 tr_h=2 tr_v=1 sidx=1 lfnst=2) ===
#   [RST t=371824665000] rst_n=0
#   [RST t=371824865000] rst_n=1
#   PASS (64 outputs, end-same-cycle)
# 
# === [WRAPPER-END-SAME-CYCLE] 0800:8x8_DST7xDCT2_lfnst2_s3 (w=8 h=8 tr_h=1 tr_v=0 sidx=3 lfnst=2) ===
#   [RST t=371852995000] rst_n=0
#   [RST t=371853195000] rst_n=1
#   PASS (64 outputs, end-same-cycle)
# 
# === [WRAPPER-END-SAME-CYCLE] 1000:16x8_DCT2xDST7_lfnst1_s0 (w=16 h=8 tr_h=0 tr_v=1 sidx=0 lfnst=1) ===
#   [RST t=371886645000] rst_n=0
#   [RST t=371886845000] rst_n=1
#   PASS (128 outputs, end-same-cycle)
# 
# === [WRAPPER-END-SAME-CYCLE] 1200:16x32_DCT2xDCT8_lfnst1_s2 (w=16 h=32 tr_h=0 tr_v=2 sidx=2 lfnst=1) ===
#   [RST t=371954295000] rst_n=0
#   [RST t=371954495000] rst_n=1
#   PASS (512 outputs, end-same-cycle)
# 
# === [WRAPPER-END-SAME-CYCLE] 1376:32x32_DST7xDCT2_lfnst2_s3 (w=32 h=32 tr_h=1 tr_v=0 sidx=3 lfnst=2) ===
#   [RST t=372317385000] rst_n=0
#   [RST t=372317585000] rst_n=1
#   PASS (1024 outputs, end-same-cycle)
# 
# --- Continuous TU Tests (no reset, wrapper CDC) ---
# 
# === [WRAPPER-CONTINUOUS] 0000:4x4_DCT2xDCT2_lfnst0_s0 (w=4 h=4 tr_h=0 tr_v=0 sidx=0 lfnst=0) ===
#   PASS (16 outputs, continuous)
# 
# === [WRAPPER-CONTINUOUS] 0001:4x4_DCT2xDCT2_lfnst1_s0 (w=4 h=4 tr_h=0 tr_v=0 sidx=0 lfnst=1) ===
#   PASS (16 outputs, continuous)
# 
# === [WRAPPER-CONTINUOUS] 0100:8x32_DCT2xDCT2_lfnst1_s0 (w=8 h=32 tr_h=0 tr_v=0 sidx=0 lfnst=1) ===
#   PASS (256 outputs, continuous)
# 
# === [WRAPPER-CONTINUOUS] 0101:8x32_DCT2xDCT2_lfnst1_s1 (w=8 h=32 tr_h=0 tr_v=0 sidx=1 lfnst=1) ===
#   PASS (256 outputs, continuous)
# 
# === [WRAPPER-CONTINUOUS] 0225:4x4_DST7xDCT8_lfnst0_s0 (w=4 h=4 tr_h=1 tr_v=2 sidx=0 lfnst=0) ===
#   PASS (16 outputs, continuous)
# 
# === [WRAPPER-CONTINUOUS] 0226:4x4_DST7xDCT8_lfnst1_s0 (w=4 h=4 tr_h=1 tr_v=2 sidx=0 lfnst=1) ===
#   PASS (16 outputs, continuous)
# 
# === [WRAPPER-CONTINUOUS] 0500:4x32_DCT2xDST7_lfnst2_s0 (w=4 h=32 tr_h=0 tr_v=1 sidx=0 lfnst=2) ===
#   PASS (128 outputs, continuous)
# 
# === [WRAPPER-CONTINUOUS] 0501:4x32_DCT2xDST7_lfnst2_s1 (w=4 h=32 tr_h=0 tr_v=1 sidx=1 lfnst=2) ===
#   PASS (128 outputs, continuous)
# 
# === [WRAPPER-CONTINUOUS] 0700:32x4_DCT2xDCT8_lfnst2_s2 (w=32 h=4 tr_h=0 tr_v=2 sidx=2 lfnst=2) ===
#   PASS (128 outputs, continuous)
# 
# === [WRAPPER-CONTINUOUS] 0701:32x4_DCT2xDCT8_lfnst2_s3 (w=32 h=4 tr_h=0 tr_v=2 sidx=3 lfnst=2) ===
#   PASS (128 outputs, continuous)
# 
# === [WRAPPER-CONTINUOUS] 0900:8x32_DST7xDST7_lfnst0_s0 (w=8 h=32 tr_h=1 tr_v=1 sidx=0 lfnst=0) ===
#   PASS (256 outputs, continuous)
# 
# === [WRAPPER-CONTINUOUS] 0901:8x32_DST7xDST7_lfnst1_s0 (w=8 h=32 tr_h=1 tr_v=1 sidx=0 lfnst=1) ===
#   PASS (256 outputs, continuous)
# 
# === [WRAPPER-CONTINUOUS] 1000:16x8_DCT2xDST7_lfnst1_s0 (w=16 h=8 tr_h=0 tr_v=1 sidx=0 lfnst=1) ===
#   PASS (128 outputs, continuous)
# 
# === [WRAPPER-CONTINUOUS] 1001:16x8_DCT2xDST7_lfnst1_s1 (w=16 h=8 tr_h=0 tr_v=1 sidx=1 lfnst=1) ===
#   PASS (128 outputs, continuous)
# 
# === [WRAPPER-CONTINUOUS] 1100:16x16_DCT8xDST7_lfnst1_s1 (w=16 h=16 tr_h=2 tr_v=1 sidx=1 lfnst=1) ===
#   PASS (256 outputs, continuous)
# 
# === [WRAPPER-CONTINUOUS] 1101:16x16_DCT8xDST7_lfnst1_s2 (w=16 h=16 tr_h=2 tr_v=1 sidx=2 lfnst=1) ===
#   PASS (256 outputs, continuous)
# 
# === [WRAPPER-CONTINUOUS] 1300:32x16_DST7xDCT2_lfnst1_s3 (w=32 h=16 tr_h=1 tr_v=0 sidx=3 lfnst=1) ===
#   PASS (512 outputs, continuous)
# 
# === [WRAPPER-CONTINUOUS] 1301:32x16_DST7xDCT2_lfnst2_s0 (w=32 h=16 tr_h=1 tr_v=0 sidx=0 lfnst=2) ===
#   PASS (512 outputs, continuous)
# 
# === [WRAPPER-CONTINUOUS] 1375:32x32_DST7xDCT2_lfnst2_s2 (w=32 h=32 tr_h=1 tr_v=0 sidx=2 lfnst=2) ===
#   PASS (1024 outputs, continuous)
# 
# === [WRAPPER-CONTINUOUS] 1376:32x32_DST7xDCT2_lfnst2_s3 (w=32 h=32 tr_h=1 tr_v=0 sidx=3 lfnst=2) ===
#   PASS (1024 outputs, continuous)
# 
# === [WRAPPER-BP] 0000:4x4_DCT2xDCT2_lfnst0_s0 (w=4 h=4 tr_h=0 tr_v=0 sidx=0 lfnst=0) ===
#   [RST t=377155285000] rst_n=0
#   [RST t=377155785000] rst_n=1
#   PASS (16 outputs, backpressure)
# 
# === [WRAPPER-BP] 0001:4x4_DCT2xDCT2_lfnst1_s0 (w=4 h=4 tr_h=0 tr_v=0 sidx=0 lfnst=1) ===
#   [RST t=377159425000] rst_n=0
#   [RST t=377159925000] rst_n=1
#   PASS (16 outputs, backpressure)
# 
# === [WRAPPER-BP] 0002:4x4_DCT2xDCT2_lfnst1_s1 (w=4 h=4 tr_h=0 tr_v=0 sidx=1 lfnst=1) ===
#   [RST t=377168905000] rst_n=0
#   [RST t=377169405000] rst_n=1
#   PASS (16 outputs, backpressure)
# 
# === [WRAPPER-BP] 0003:4x4_DCT2xDCT2_lfnst1_s2 (w=4 h=4 tr_h=0 tr_v=0 sidx=2 lfnst=1) ===
#   [RST t=377178385000] rst_n=0
#   [RST t=377178885000] rst_n=1
#   PASS (16 outputs, backpressure)
# 
# === [WRAPPER-BP] 0004:4x4_DCT2xDCT2_lfnst1_s3 (w=4 h=4 tr_h=0 tr_v=0 sidx=3 lfnst=1) ===
#   [RST t=377187865000] rst_n=0
#   [RST t=377188365000] rst_n=1
#   PASS (16 outputs, backpressure)
# 
# === [WRAPPER-BP] 0050:8x4_DCT2xDCT2_lfnst2_s0 (w=8 h=4 tr_h=0 tr_v=0 sidx=0 lfnst=2) ===
#   [RST t=377197345000] rst_n=0
#   [RST t=377197845000] rst_n=1
#   PASS (32 outputs, backpressure)
# 
# === [WRAPPER-BP] 0100:8x32_DCT2xDCT2_lfnst1_s0 (w=8 h=32 tr_h=0 tr_v=0 sidx=0 lfnst=1) ===
#   [RST t=377212485000] rst_n=0
#   [RST t=377212985000] rst_n=1
#   PASS (256 outputs, backpressure)
# 
# === [WRAPPER-BP] 0150:16x16_DCT2xDCT2_lfnst2_s1 (w=16 h=16 tr_h=0 tr_v=0 sidx=1 lfnst=2) ===
#   [RST t=377379645000] rst_n=0
#   [RST t=377380145000] rst_n=1
#   PASS (256 outputs, backpressure)
# 
# === [WRAPPER-BP] 0200:64x16_DCT2xDCT2_lfnst1_s1 (w=64 h=16 tr_h=0 tr_v=0 sidx=1 lfnst=1) ===
#   [RST t=377520965000] rst_n=0
#   [RST t=377521465000] rst_n=1
#   PASS (1024 outputs, backpressure)
# 
# === [WRAPPER-BP] 0250:4x4_DCT8xDCT8_lfnst2_s2 (w=4 h=4 tr_h=2 tr_v=2 sidx=2 lfnst=2) ===
#   [RST t=378638445000] rst_n=0
#   [RST t=378638945000] rst_n=1
#   PASS (16 outputs, backpressure)
# 
# === [WRAPPER-BP] 0300:4x8_DST7xDCT8_lfnst1_s2 (w=4 h=8 tr_h=1 tr_v=2 sidx=2 lfnst=1) ===
#   [RST t=378647925000] rst_n=0
#   [RST t=378648425000] rst_n=1
#   PASS (32 outputs, backpressure)
# 
# === [WRAPPER-BP] 0350:4x8_DCT8xDCT2_lfnst2_s3 (w=4 h=8 tr_h=2 tr_v=0 sidx=3 lfnst=2) ===
#   [RST t=378663065000] rst_n=0
#   [RST t=378663565000] rst_n=1
#   PASS (32 outputs, backpressure)
# 
# === [WRAPPER-BP] 0400:4x16_DST7xDST7_lfnst1_s3 (w=4 h=16 tr_h=1 tr_v=1 sidx=3 lfnst=1) ===
#   [RST t=378678205000] rst_n=0
#   [RST t=378678705000] rst_n=1
#   PASS (64 outputs, backpressure)
# 
# === [WRAPPER-BP] 0450:4x32_DCT8xDST7_lfnst0_s0 (w=4 h=32 tr_h=2 tr_v=1 sidx=0 lfnst=0) ===
#   [RST t=378707005000] rst_n=0
#   [RST t=378707505000] rst_n=1
#   PASS (128 outputs, backpressure)
# 
# === [WRAPPER-BP] 0500:4x32_DCT2xDST7_lfnst2_s0 (w=4 h=32 tr_h=0 tr_v=1 sidx=0 lfnst=2) ===
#   [RST t=378775745000] rst_n=0
#   [RST t=378776245000] rst_n=1
#   PASS (128 outputs, backpressure)
# 
# === [WRAPPER-BP] 0550:8x4_DCT2xDCT8_lfnst1_s0 (w=8 h=4 tr_h=0 tr_v=2 sidx=0 lfnst=1) ===
#   [RST t=378851045000] rst_n=0
#   [RST t=378851545000] rst_n=1
#   PASS (32 outputs, backpressure)
# 
# === [WRAPPER-BP] 0600:16x4_DCT8xDST7_lfnst2_s1 (w=16 h=4 tr_h=2 tr_v=1 sidx=1 lfnst=2) ===
#   [RST t=378866185000] rst_n=0
#   [RST t=378866685000] rst_n=1
#   PASS (64 outputs, backpressure)
# 
# === [WRAPPER-BP] 0650:16x4_DST7xDCT2_lfnst1_s1 (w=16 h=4 tr_h=1 tr_v=0 sidx=1 lfnst=1) ===
#   [RST t=378894985000] rst_n=0
#   [RST t=378895485000] rst_n=1
#   PASS (64 outputs, backpressure)
# 
# === [WRAPPER-BP] 0700:32x4_DCT2xDCT8_lfnst2_s2 (w=32 h=4 tr_h=0 tr_v=2 sidx=2 lfnst=2) ===
#   [RST t=378923785000] rst_n=0
#   [RST t=378924285000] rst_n=1
#   PASS (128 outputs, backpressure)
# 
# === [WRAPPER-BP] 0750:8x8_DCT8xDCT8_lfnst1_s2 (w=8 h=8 tr_h=2 tr_v=2 sidx=2 lfnst=1) ===
#   [RST t=378999085000] rst_n=0
#   [RST t=378999585000] rst_n=1
#   PASS (64 outputs, backpressure)
# 
# === [WRAPPER-BP] 0800:8x8_DST7xDCT2_lfnst2_s3 (w=8 h=8 tr_h=1 tr_v=0 sidx=3 lfnst=2) ===
#   [RST t=379033205000] rst_n=0
#   [RST t=379033705000] rst_n=1
#   PASS (64 outputs, backpressure)
# 
# === [WRAPPER-BP] 0850:8x16_DCT8xDCT2_lfnst1_s3 (w=8 h=16 tr_h=2 tr_v=0 sidx=3 lfnst=1) ===
#   [RST t=379067325000] rst_n=0
#   [RST t=379067825000] rst_n=1
#   PASS (128 outputs, backpressure)
# 
# === [WRAPPER-BP] 0900:8x32_DST7xDST7_lfnst0_s0 (w=8 h=32 tr_h=1 tr_v=1 sidx=0 lfnst=0) ===
#   [RST t=379135545000] rst_n=0
#   [RST t=379136045000] rst_n=1
#   PASS (256 outputs, backpressure)
# 
# === [WRAPPER-BP] 0950:16x8_DST7xDCT8_lfnst2_s0 (w=16 h=8 tr_h=1 tr_v=2 sidx=0 lfnst=2) ===
#   [RST t=379283615000] rst_n=0
#   [RST t=379284115000] rst_n=1
#   PASS (128 outputs, backpressure)
# 
# === [WRAPPER-BP] 1000:16x8_DCT2xDST7_lfnst1_s0 (w=16 h=8 tr_h=0 tr_v=1 sidx=0 lfnst=1) ===
#   [RST t=379351835000] rst_n=0
#   [RST t=379352335000] rst_n=1
#   PASS (128 outputs, backpressure)
# 
# === [WRAPPER-BP] 1050:32x8_DST7xDST7_lfnst2_s1 (w=32 h=8 tr_h=1 tr_v=1 sidx=1 lfnst=2) ===
#   [RST t=379420055000] rst_n=0
#   [RST t=379420555000] rst_n=1
#   PASS (256 outputs, backpressure)
# 
# === [WRAPPER-BP] 1100:16x16_DCT8xDST7_lfnst1_s1 (w=16 h=16 tr_h=2 tr_v=1 sidx=1 lfnst=1) ===
#   [RST t=379587215000] rst_n=0
#   [RST t=379587715000] rst_n=1
#   PASS (256 outputs, backpressure)
# 
# === [WRAPPER-BP] 1150:16x16_DCT2xDST7_lfnst2_s2 (w=16 h=16 tr_h=0 tr_v=1 sidx=2 lfnst=2) ===
#   [RST t=379728535000] rst_n=0
#   [RST t=379729035000] rst_n=1
#   PASS (256 outputs, backpressure)
# 
# === [WRAPPER-BP] 1200:16x32_DCT2xDCT8_lfnst1_s2 (w=16 h=32 tr_h=0 tr_v=2 sidx=2 lfnst=1) ===
#   [RST t=379869855000] rst_n=0
#   [RST t=379870355000] rst_n=1
#   PASS (512 outputs, backpressure)
# 
# === [WRAPPER-BP] 1250:32x16_DCT8xDST7_lfnst2_s3 (w=32 h=16 tr_h=2 tr_v=1 sidx=3 lfnst=2) ===
#   [RST t=380234155000] rst_n=0
#   [RST t=380234655000] rst_n=1
#   PASS (512 outputs, backpressure)
# 
# === [WRAPPER-BP] 1300:32x16_DST7xDCT2_lfnst1_s3 (w=32 h=16 tr_h=1 tr_v=0 sidx=3 lfnst=1) ===
#   [RST t=380598455000] rst_n=0
#   [RST t=380598955000] rst_n=1
#   PASS (512 outputs, backpressure)
# 
# === [WRAPPER-BP] 1350:32x32_DCT8xDCT2_lfnst0_s0 (w=32 h=32 tr_h=2 tr_v=0 sidx=0 lfnst=0) ===
#   [RST t=380962755000] rst_n=0
#   [RST t=380963255000] rst_n=1
#   PASS (1024 outputs, backpressure)
# 
# === [WRAPPER-BP] 1372:32x32_DST7xDCT2_lfnst1_s3 (w=32 h=32 tr_h=1 tr_v=0 sidx=3 lfnst=1) ===
#   [RST t=381855925000] rst_n=0
#   [RST t=381856425000] rst_n=1
#   PASS (1024 outputs, backpressure)
# 
# === [WRAPPER-BP] 1373:32x32_DST7xDCT2_lfnst2_s0 (w=32 h=32 tr_h=1 tr_v=0 sidx=0 lfnst=2) ===
#   [RST t=382768125000] rst_n=0
#   [RST t=382768625000] rst_n=1
#   PASS (1024 outputs, backpressure)
# 
# === [WRAPPER-BP] 1374:32x32_DST7xDCT2_lfnst2_s1 (w=32 h=32 tr_h=1 tr_v=0 sidx=1 lfnst=2) ===
#   [RST t=383680325000] rst_n=0
#   [RST t=383680825000] rst_n=1
#   PASS (1024 outputs, backpressure)
# 
# === [WRAPPER-BP] 1375:32x32_DST7xDCT2_lfnst2_s2 (w=32 h=32 tr_h=1 tr_v=0 sidx=2 lfnst=2) ===
#   [RST t=384592525000] rst_n=0
#   [RST t=384593025000] rst_n=1
#   PASS (1024 outputs, backpressure)
# 
# === [WRAPPER-BP] 1376:32x32_DST7xDCT2_lfnst2_s3 (w=32 h=32 tr_h=1 tr_v=0 sidx=3 lfnst=2) ===
#   [RST t=385504725000] rst_n=0
#   [RST t=385505225000] rst_n=1
#   PASS (1024 outputs, backpressure)
# 
# ========================================
# Wrapper Test Summary: 1539 passed, 0 failed (total 1539)
# ========================================
# ALL WRAPPER TESTS PASSED!
# ** Note: $finish    : ../tb/its_tb_500.v(1720)
#    Time: 386417025 ns  Iteration: 0  Instance: /its_tb_500
# End time: 00:08:53 on Sep 04,2026, Elapsed time: 0:00:19
# Errors: 0, Warnings: 0
