Copyright 1986-2022 Xilinx, Inc. All Rights Reserved. Copyright 2022-2025 Advanced Micro Devices, Inc. All Rights Reserved.
------------------------------------------------------------------------------------------------------------------------------------------------------------------------------------------------------------------------------
| Tool Version      : Vivado v.2025.2 (win64) Build 6299465 Fri Nov 14 19:35:11 GMT 2025
| Date              : Sun Sep 13 19:46:39 2026
| Host              : Finesse running 64-bit major release  (build 9200)
| Command           : report_timing -delay_type min -max_paths 100 -file C:/Users/Fine/Documents/Codex/2026-07-23/ni/_its_new_remote_audit_20260910/05_audit/current/22/boundary_pre_core2/report_hold_worst100_postroute.rpt
| Design            : step12c_registered_neighbor_harness
| Device            : xcku5p-ffvb676
| Speed File        : -2  PRODUCTION 1.29 05-01-2022
| Design State      : Routed
| Temperature Grade : E
------------------------------------------------------------------------------------------------------------------------------------------------------------------------------------------------------------------------------

Timing Report

Slack (MET) :             0.011ns  (arrival time - required time)
  Source:                 u_dut/frozen_r4c/dot_value_bank_reg[1][5][21]/C
                            (rising edge-triggered cell FDCE clocked by clk  {rise@0.000ns fall@1.000ns period=2.000ns})
  Destination:            u_dut/frozen_r4c/signal_reg_reg[28][21]/D
                            (rising edge-triggered cell FDCE clocked by clk  {rise@0.000ns fall@1.000ns period=2.000ns})
  Path Group:             clk
  Path Type:              Hold (Min at Slow Process Corner)
  Requirement:            0.000ns  (clk rise@0.000ns - clk rise@0.000ns)
  Data Path Delay:        0.280ns  (logic 0.108ns (38.570%)  route 0.172ns (61.430%))
  Logic Levels:           2  (CARRY8=1 LUT4=1)
  Clock Path Skew:        0.209ns (DCD - SCD - CPR)
    Destination Clock Delay (DCD):    3.600ns
    Source Clock Delay      (SCD):    2.735ns
    Clock Pessimism Removal (CPR):    0.656ns
  Clock Net Delay (Source):      2.047ns (routing 1.083ns, distribution 0.964ns)
  Clock Net Delay (Destination): 2.366ns (routing 1.193ns, distribution 1.173ns)

    Location             Delay type                Incr(ns)  Path(ns)    Netlist Resource(s)
  -------------------------------------------------------------------    -------------------
                         (clock clk rise edge)        0.000     0.000 r  
    D14                                               0.000     0.000 r  clk (IN)
                         net (fo=0)                   0.000     0.000    u_boundary_ibuf/I
    D14                  INBUF (Prop_INBUF_HDIOB_M_PAD_O)
                                                      0.495     0.495 r  u_boundary_ibuf/INBUF_INST/O
                         net (fo=1, routed)           0.000     0.495    u_boundary_ibuf/OUT
    D14                  IBUFCTRL (Prop_IBUFCTRL_HDIOB_M_I_O)
                                                      0.000     0.495 r  u_boundary_ibuf/IBUFCTRL_INST/O
                         net (fo=1, routed)           0.169     0.664    clk_ibuf
    BUFGCE_HDIO_X0Y7     BUFGCE (Prop_BUFCE_BUFGCE_HDIO_I_O)
                                                      0.024     0.688 r  u_boundary_bufg/O
    X2Y1 (CLOCK_ROOT)    net (fo=28281, routed)       2.047     2.735    u_dut/frozen_r4c/clk
    SLICE_X97Y119        FDCE                                         r  u_dut/frozen_r4c/dot_value_bank_reg[1][5][21]/C
  -------------------------------------------------------------------    -------------------
    SLICE_X97Y119        FDCE (Prop_GFF2_SLICEL_C_Q)
                                                      0.060     2.795 r  u_dut/frozen_r4c/dot_value_bank_reg[1][5][21]/Q
                         net (fo=2, routed)           0.151     2.946    u_dut/frozen_r4c/dot_value_bank_reg[1][5][21]
    SLICE_X99Y124        LUT4 (Prop_F6LUT_SLICEL_I3_O)
                                                      0.022     2.968 r  u_dut/frozen_r4c/signal_reg[28][23]_i_4/O
                         net (fo=1, routed)           0.011     2.979    u_dut/frozen_r4c/signal_reg[28][23]_i_4_n_0
    SLICE_X99Y124        CARRY8 (Prop_CARRY8_SLICEL_S[5]_O[5])
                                                      0.026     3.005 r  u_dut/frozen_r4c/signal_reg_reg[28][23]_i_1/O[5]
                         net (fo=1, routed)           0.010     3.015    u_dut/frozen_r4c/signal_reg_reg[28][23]_i_1_n_10
    SLICE_X99Y124        FDCE                                         r  u_dut/frozen_r4c/signal_reg_reg[28][21]/D
  -------------------------------------------------------------------    -------------------

                         (clock clk rise edge)        0.000     0.000 r  
    D14                                               0.000     0.000 r  clk (IN)
                         net (fo=0)                   0.000     0.000    u_boundary_ibuf/I
    D14                  INBUF (Prop_INBUF_HDIOB_M_PAD_O)
                                                      1.002     1.002 r  u_boundary_ibuf/INBUF_INST/O
                         net (fo=1, routed)           0.000     1.002    u_boundary_ibuf/OUT
    D14                  IBUFCTRL (Prop_IBUFCTRL_HDIOB_M_I_O)
                                                      0.000     1.002 r  u_boundary_ibuf/IBUFCTRL_INST/O
                         net (fo=1, routed)           0.204     1.206    clk_ibuf
    BUFGCE_HDIO_X0Y7     BUFGCE (Prop_BUFCE_BUFGCE_HDIO_I_O)
                                                      0.028     1.234 r  u_boundary_bufg/O
    X2Y1 (CLOCK_ROOT)    net (fo=28281, routed)       2.366     3.600    u_dut/frozen_r4c/clk
    SLICE_X99Y124        FDCE                                         r  u_dut/frozen_r4c/signal_reg_reg[28][21]/C
                         clock pessimism             -0.656     2.944    
    SLICE_X99Y124        FDCE (Hold_FFF_SLICEL_C_D)
                                                      0.060     3.004    u_dut/frozen_r4c/signal_reg_reg[28][21]
  -------------------------------------------------------------------
                         required time                         -3.004    
                         arrival time                           3.015    
  -------------------------------------------------------------------
                         slack                                  0.011    

Slack (MET) :             0.015ns  (arrival time - required time)
  Source:                 u_dut/frozen_r4c/sched_coeff_reg_reg[6][4]/C
                            (rising edge-triggered cell FDCE clocked by clk  {rise@0.000ns fall@1.000ns period=2.000ns})
  Destination:            u_dut/frozen_r4c/operand_coeff_reg_reg[6][4]/D
                            (rising edge-triggered cell FDCE clocked by clk  {rise@0.000ns fall@1.000ns period=2.000ns})
  Path Group:             clk
  Path Type:              Hold (Min at Slow Process Corner)
  Requirement:            0.000ns  (clk rise@0.000ns - clk rise@0.000ns)
  Data Path Delay:        0.252ns  (logic 0.061ns (24.206%)  route 0.191ns (75.794%))
  Logic Levels:           0  
  Clock Path Skew:        0.177ns (DCD - SCD - CPR)
    Destination Clock Delay (DCD):    3.571ns
    Source Clock Delay      (SCD):    2.738ns
    Clock Pessimism Removal (CPR):    0.656ns
  Clock Net Delay (Source):      2.050ns (routing 1.083ns, distribution 0.967ns)
  Clock Net Delay (Destination): 2.337ns (routing 1.193ns, distribution 1.144ns)

    Location             Delay type                Incr(ns)  Path(ns)    Netlist Resource(s)
  -------------------------------------------------------------------    -------------------
                         (clock clk rise edge)        0.000     0.000 r  
    D14                                               0.000     0.000 r  clk (IN)
                         net (fo=0)                   0.000     0.000    u_boundary_ibuf/I
    D14                  INBUF (Prop_INBUF_HDIOB_M_PAD_O)
                                                      0.495     0.495 r  u_boundary_ibuf/INBUF_INST/O
                         net (fo=1, routed)           0.000     0.495    u_boundary_ibuf/OUT
    D14                  IBUFCTRL (Prop_IBUFCTRL_HDIOB_M_I_O)
                                                      0.000     0.495 r  u_boundary_ibuf/IBUFCTRL_INST/O
                         net (fo=1, routed)           0.169     0.664    clk_ibuf
    BUFGCE_HDIO_X0Y7     BUFGCE (Prop_BUFCE_BUFGCE_HDIO_I_O)
                                                      0.024     0.688 r  u_boundary_bufg/O
    X2Y1 (CLOCK_ROOT)    net (fo=28281, routed)       2.050     2.738    u_dut/frozen_r4c/clk
    SLICE_X99Y116        FDCE                                         r  u_dut/frozen_r4c/sched_coeff_reg_reg[6][4]/C
  -------------------------------------------------------------------    -------------------
    SLICE_X99Y116        FDCE (Prop_DFF2_SLICEL_C_Q)
                                                      0.061     2.799 r  u_dut/frozen_r4c/sched_coeff_reg_reg[6][4]/Q
                         net (fo=1, routed)           0.191     2.990    u_dut/frozen_r4c/sched_coeff_reg_reg[6][4]
    SLICE_X95Y120        FDCE                                         r  u_dut/frozen_r4c/operand_coeff_reg_reg[6][4]/D
  -------------------------------------------------------------------    -------------------

                         (clock clk rise edge)        0.000     0.000 r  
    D14                                               0.000     0.000 r  clk (IN)
                         net (fo=0)                   0.000     0.000    u_boundary_ibuf/I
    D14                  INBUF (Prop_INBUF_HDIOB_M_PAD_O)
                                                      1.002     1.002 r  u_boundary_ibuf/INBUF_INST/O
                         net (fo=1, routed)           0.000     1.002    u_boundary_ibuf/OUT
    D14                  IBUFCTRL (Prop_IBUFCTRL_HDIOB_M_I_O)
                                                      0.000     1.002 r  u_boundary_ibuf/IBUFCTRL_INST/O
                         net (fo=1, routed)           0.204     1.206    clk_ibuf
    BUFGCE_HDIO_X0Y7     BUFGCE (Prop_BUFCE_BUFGCE_HDIO_I_O)
                                                      0.028     1.234 r  u_boundary_bufg/O
    X2Y1 (CLOCK_ROOT)    net (fo=28281, routed)       2.337     3.571    u_dut/frozen_r4c/clk
    SLICE_X95Y120        FDCE                                         r  u_dut/frozen_r4c/operand_coeff_reg_reg[6][4]/C
                         clock pessimism             -0.656     2.915    
    SLICE_X95Y120        FDCE (Hold_EFF_SLICEM_C_D)
                                                      0.060     2.975    u_dut/frozen_r4c/operand_coeff_reg_reg[6][4]
  -------------------------------------------------------------------
                         required time                         -2.975    
                         arrival time                           2.990    
  -------------------------------------------------------------------
                         slack                                  0.015    

Slack (MET) :             0.015ns  (arrival time - required time)
  Source:                 u_dut/frozen_r4c/dot_value_bank_reg[0][15][14]/C
                            (rising edge-triggered cell FDCE clocked by clk  {rise@0.000ns fall@1.000ns period=2.000ns})
  Destination:            u_dut/frozen_r4c/signal_reg_reg[33][14]/D
                            (rising edge-triggered cell FDCE clocked by clk  {rise@0.000ns fall@1.000ns period=2.000ns})
  Path Group:             clk
  Path Type:              Hold (Min at Slow Process Corner)
  Requirement:            0.000ns  (clk rise@0.000ns - clk rise@0.000ns)
  Data Path Delay:        0.346ns  (logic 0.122ns (35.245%)  route 0.224ns (64.755%))
  Logic Levels:           2  (CARRY8=1 LUT4=1)
  Clock Path Skew:        0.271ns (DCD - SCD - CPR)
    Destination Clock Delay (DCD):    3.582ns
    Source Clock Delay      (SCD):    2.654ns
    Clock Pessimism Removal (CPR):    0.656ns
  Clock Net Delay (Source):      1.967ns (routing 1.083ns, distribution 0.884ns)
  Clock Net Delay (Destination): 2.348ns (routing 1.193ns, distribution 1.155ns)

    Location             Delay type                Incr(ns)  Path(ns)    Netlist Resource(s)
  -------------------------------------------------------------------    -------------------
                         (clock clk rise edge)        0.000     0.000 r  
    D14                                               0.000     0.000 r  clk (IN)
                         net (fo=0)                   0.000     0.000    u_boundary_ibuf/I
    D14                  INBUF (Prop_INBUF_HDIOB_M_PAD_O)
                                                      0.495     0.495 r  u_boundary_ibuf/INBUF_INST/O
                         net (fo=1, routed)           0.000     0.495    u_boundary_ibuf/OUT
    D14                  IBUFCTRL (Prop_IBUFCTRL_HDIOB_M_I_O)
                                                      0.000     0.495 r  u_boundary_ibuf/IBUFCTRL_INST/O
                         net (fo=1, routed)           0.169     0.664    clk_ibuf
    BUFGCE_HDIO_X0Y7     BUFGCE (Prop_BUFCE_BUFGCE_HDIO_I_O)
                                                      0.024     0.688 r  u_boundary_bufg/O
    X2Y1 (CLOCK_ROOT)    net (fo=28281, routed)       1.967     2.654    u_dut/frozen_r4c/clk
    SLICE_X89Y119        FDCE                                         r  u_dut/frozen_r4c/dot_value_bank_reg[0][15][14]/C
  -------------------------------------------------------------------    -------------------
    SLICE_X89Y119        FDCE (Prop_CFF2_SLICEM_C_Q)
                                                      0.059     2.713 r  u_dut/frozen_r4c/dot_value_bank_reg[0][15][14]/Q
                         net (fo=2, routed)           0.199     2.913    u_dut/frozen_r4c/dot_value_bank_reg[0][15][14]
    SLICE_X90Y122        LUT4 (Prop_G6LUT_SLICEM_I2_O)
                                                      0.035     2.948 r  u_dut/frozen_r4c/signal_reg[33][15]_i_3/O
                         net (fo=1, routed)           0.015     2.963    u_dut/frozen_r4c/signal_reg[33][15]_i_3_n_0
    SLICE_X90Y122        CARRY8 (Prop_CARRY8_SLICEM_S[6]_O[6])
                                                      0.028     2.991 r  u_dut/frozen_r4c/signal_reg_reg[33][15]_i_1/O[6]
                         net (fo=1, routed)           0.010     3.001    u_dut/frozen_r4c/signal_reg_reg[33][15]_i_1_n_9
    SLICE_X90Y122        FDCE                                         r  u_dut/frozen_r4c/signal_reg_reg[33][14]/D
  -------------------------------------------------------------------    -------------------

                         (clock clk rise edge)        0.000     0.000 r  
    D14                                               0.000     0.000 r  clk (IN)
                         net (fo=0)                   0.000     0.000    u_boundary_ibuf/I
    D14                  INBUF (Prop_INBUF_HDIOB_M_PAD_O)
                                                      1.002     1.002 r  u_boundary_ibuf/INBUF_INST/O
                         net (fo=1, routed)           0.000     1.002    u_boundary_ibuf/OUT
    D14                  IBUFCTRL (Prop_IBUFCTRL_HDIOB_M_I_O)
                                                      0.000     1.002 r  u_boundary_ibuf/IBUFCTRL_INST/O
                         net (fo=1, routed)           0.204     1.206    clk_ibuf
    BUFGCE_HDIO_X0Y7     BUFGCE (Prop_BUFCE_BUFGCE_HDIO_I_O)
                                                      0.028     1.234 r  u_boundary_bufg/O
    X2Y1 (CLOCK_ROOT)    net (fo=28281, routed)       2.348     3.582    u_dut/frozen_r4c/clk
    SLICE_X90Y122        FDCE                                         r  u_dut/frozen_r4c/signal_reg_reg[33][14]/C
                         clock pessimism             -0.656     2.926    
    SLICE_X90Y122        FDCE (Hold_GFF_SLICEM_C_D)
                                                      0.060     2.986    u_dut/frozen_r4c/signal_reg_reg[33][14]
  -------------------------------------------------------------------
                         required time                         -2.986    
                         arrival time                           3.001    
  -------------------------------------------------------------------
                         slack                                  0.015    

Slack (MET) :             0.015ns  (arrival time - required time)
  Source:                 u_dut/frozen_r4c/dot_value_bank_reg[0][15][0]/C
                            (rising edge-triggered cell FDCE clocked by clk  {rise@0.000ns fall@1.000ns period=2.000ns})
  Destination:            u_dut/frozen_r4c/signal_reg_reg[33][0]/D
                            (rising edge-triggered cell FDCE clocked by clk  {rise@0.000ns fall@1.000ns period=2.000ns})
  Path Group:             clk
  Path Type:              Hold (Min at Slow Process Corner)
  Requirement:            0.000ns  (clk rise@0.000ns - clk rise@0.000ns)
  Data Path Delay:        0.350ns  (logic 0.124ns (35.446%)  route 0.226ns (64.554%))
  Logic Levels:           2  (CARRY8=1 LUT4=1)
  Clock Path Skew:        0.274ns (DCD - SCD - CPR)
    Destination Clock Delay (DCD):    3.583ns
    Source Clock Delay      (SCD):    2.652ns
    Clock Pessimism Removal (CPR):    0.656ns
  Clock Net Delay (Source):      1.965ns (routing 1.083ns, distribution 0.882ns)
  Clock Net Delay (Destination): 2.349ns (routing 1.193ns, distribution 1.156ns)

    Location             Delay type                Incr(ns)  Path(ns)    Netlist Resource(s)
  -------------------------------------------------------------------    -------------------
                         (clock clk rise edge)        0.000     0.000 r  
    D14                                               0.000     0.000 r  clk (IN)
                         net (fo=0)                   0.000     0.000    u_boundary_ibuf/I
    D14                  INBUF (Prop_INBUF_HDIOB_M_PAD_O)
                                                      0.495     0.495 r  u_boundary_ibuf/INBUF_INST/O
                         net (fo=1, routed)           0.000     0.495    u_boundary_ibuf/OUT
    D14                  IBUFCTRL (Prop_IBUFCTRL_HDIOB_M_I_O)
                                                      0.000     0.495 r  u_boundary_ibuf/IBUFCTRL_INST/O
                         net (fo=1, routed)           0.169     0.664    clk_ibuf
    BUFGCE_HDIO_X0Y7     BUFGCE (Prop_BUFCE_BUFGCE_HDIO_I_O)
                                                      0.024     0.688 r  u_boundary_bufg/O
    X2Y1 (CLOCK_ROOT)    net (fo=28281, routed)       1.965     2.652    u_dut/frozen_r4c/clk
    SLICE_X88Y119        FDCE                                         r  u_dut/frozen_r4c/dot_value_bank_reg[0][15][0]/C
  -------------------------------------------------------------------    -------------------
    SLICE_X88Y119        FDCE (Prop_HFF2_SLICEL_C_Q)
                                                      0.059     2.711 r  u_dut/frozen_r4c/dot_value_bank_reg[0][15][0]/Q
                         net (fo=2, routed)           0.205     2.916    u_dut/frozen_r4c/dot_value_bank_reg[0][15][0]
    SLICE_X90Y121        LUT4 (Prop_A6LUT_SLICEM_I2_O)
                                                      0.036     2.952 r  u_dut/frozen_r4c/signal_reg[33][7]_i_9/O
                         net (fo=1, routed)           0.012     2.964    u_dut/frozen_r4c/signal_reg[33][7]_i_9_n_0
    SLICE_X90Y121        CARRY8 (Prop_CARRY8_SLICEM_S[0]_O[0])
                                                      0.029     2.993 r  u_dut/frozen_r4c/signal_reg_reg[33][7]_i_1/O[0]
                         net (fo=1, routed)           0.009     3.002    u_dut/frozen_r4c/signal_reg_reg[33][7]_i_1_n_15
    SLICE_X90Y121        FDCE                                         r  u_dut/frozen_r4c/signal_reg_reg[33][0]/D
  -------------------------------------------------------------------    -------------------

                         (clock clk rise edge)        0.000     0.000 r  
    D14                                               0.000     0.000 r  clk (IN)
                         net (fo=0)                   0.000     0.000    u_boundary_ibuf/I
    D14                  INBUF (Prop_INBUF_HDIOB_M_PAD_O)
                                                      1.002     1.002 r  u_boundary_ibuf/INBUF_INST/O
                         net (fo=1, routed)           0.000     1.002    u_boundary_ibuf/OUT
    D14                  IBUFCTRL (Prop_IBUFCTRL_HDIOB_M_I_O)
                                                      0.000     1.002 r  u_boundary_ibuf/IBUFCTRL_INST/O
                         net (fo=1, routed)           0.204     1.206    clk_ibuf
    BUFGCE_HDIO_X0Y7     BUFGCE (Prop_BUFCE_BUFGCE_HDIO_I_O)
                                                      0.028     1.234 r  u_boundary_bufg/O
    X2Y1 (CLOCK_ROOT)    net (fo=28281, routed)       2.349     3.583    u_dut/frozen_r4c/clk
    SLICE_X90Y121        FDCE                                         r  u_dut/frozen_r4c/signal_reg_reg[33][0]/C
                         clock pessimism             -0.656     2.927    
    SLICE_X90Y121        FDCE (Hold_AFF_SLICEM_C_D)
                                                      0.060     2.987    u_dut/frozen_r4c/signal_reg_reg[33][0]
  -------------------------------------------------------------------
                         required time                         -2.987    
                         arrival time                           3.002    
  -------------------------------------------------------------------
                         slack                                  0.015    

Slack (MET) :             0.017ns  (arrival time - required time)
  Source:                 u_dut/frozen_r4c/dot_value_bank_reg[0][15][16]/C
                            (rising edge-triggered cell FDCE clocked by clk  {rise@0.000ns fall@1.000ns period=2.000ns})
  Destination:            u_dut/frozen_r4c/signal_reg_reg[33][16]/D
                            (rising edge-triggered cell FDCE clocked by clk  {rise@0.000ns fall@1.000ns period=2.000ns})
  Path Group:             clk
  Path Type:              Hold (Min at Slow Process Corner)
  Requirement:            0.000ns  (clk rise@0.000ns - clk rise@0.000ns)
  Data Path Delay:        0.252ns  (logic 0.111ns (43.977%)  route 0.141ns (56.023%))
  Logic Levels:           2  (CARRY8=1 LUT4=1)
  Clock Path Skew:        0.175ns (DCD - SCD - CPR)
    Destination Clock Delay (DCD):    3.583ns
    Source Clock Delay      (SCD):    2.696ns
    Clock Pessimism Removal (CPR):    0.712ns
  Clock Net Delay (Source):      2.008ns (routing 1.083ns, distribution 0.925ns)
  Clock Net Delay (Destination): 2.349ns (routing 1.193ns, distribution 1.156ns)

    Location             Delay type                Incr(ns)  Path(ns)    Netlist Resource(s)
  -------------------------------------------------------------------    -------------------
                         (clock clk rise edge)        0.000     0.000 r  
    D14                                               0.000     0.000 r  clk (IN)
                         net (fo=0)                   0.000     0.000    u_boundary_ibuf/I
    D14                  INBUF (Prop_INBUF_HDIOB_M_PAD_O)
                                                      0.495     0.495 r  u_boundary_ibuf/INBUF_INST/O
                         net (fo=1, routed)           0.000     0.495    u_boundary_ibuf/OUT
    D14                  IBUFCTRL (Prop_IBUFCTRL_HDIOB_M_I_O)
                                                      0.000     0.495 r  u_boundary_ibuf/IBUFCTRL_INST/O
                         net (fo=1, routed)           0.169     0.664    clk_ibuf
    BUFGCE_HDIO_X0Y7     BUFGCE (Prop_BUFCE_BUFGCE_HDIO_I_O)
                                                      0.024     0.688 r  u_boundary_bufg/O
    X2Y1 (CLOCK_ROOT)    net (fo=28281, routed)       2.008     2.696    u_dut/frozen_r4c/clk
    SLICE_X88Y123        FDCE                                         r  u_dut/frozen_r4c/dot_value_bank_reg[0][15][16]/C
  -------------------------------------------------------------------    -------------------
    SLICE_X88Y123        FDCE (Prop_DFF_SLICEL_C_Q)
                                                      0.059     2.755 r  u_dut/frozen_r4c/dot_value_bank_reg[0][15][16]/Q
                         net (fo=2, routed)           0.120     2.875    u_dut/frozen_r4c/dot_value_bank_reg[0][15][16]
    SLICE_X90Y123        LUT4 (Prop_A6LUT_SLICEM_I2_O)
                                                      0.023     2.898 r  u_dut/frozen_r4c/signal_reg[33][21]_i_7/O
                         net (fo=1, routed)           0.012     2.910    u_dut/frozen_r4c/signal_reg[33][21]_i_7_n_0
    SLICE_X90Y123        CARRY8 (Prop_CARRY8_SLICEM_S[0]_O[0])
                                                      0.029     2.939 r  u_dut/frozen_r4c/signal_reg_reg[33][21]_i_1/O[0]
                         net (fo=1, routed)           0.009     2.948    u_dut/frozen_r4c/signal_reg_reg[33][21]_i_1_n_15
    SLICE_X90Y123        FDCE                                         r  u_dut/frozen_r4c/signal_reg_reg[33][16]/D
  -------------------------------------------------------------------    -------------------

                         (clock clk rise edge)        0.000     0.000 r  
    D14                                               0.000     0.000 r  clk (IN)
                         net (fo=0)                   0.000     0.000    u_boundary_ibuf/I
    D14                  INBUF (Prop_INBUF_HDIOB_M_PAD_O)
                                                      1.002     1.002 r  u_boundary_ibuf/INBUF_INST/O
                         net (fo=1, routed)           0.000     1.002    u_boundary_ibuf/OUT
    D14                  IBUFCTRL (Prop_IBUFCTRL_HDIOB_M_I_O)
                                                      0.000     1.002 r  u_boundary_ibuf/IBUFCTRL_INST/O
                         net (fo=1, routed)           0.204     1.206    clk_ibuf
    BUFGCE_HDIO_X0Y7     BUFGCE (Prop_BUFCE_BUFGCE_HDIO_I_O)
                                                      0.028     1.234 r  u_boundary_bufg/O
    X2Y1 (CLOCK_ROOT)    net (fo=28281, routed)       2.349     3.583    u_dut/frozen_r4c/clk
    SLICE_X90Y123        FDCE                                         r  u_dut/frozen_r4c/signal_reg_reg[33][16]/C
                         clock pessimism             -0.712     2.871    
    SLICE_X90Y123        FDCE (Hold_AFF_SLICEM_C_D)
                                                      0.060     2.931    u_dut/frozen_r4c/signal_reg_reg[33][16]
  -------------------------------------------------------------------
                         required time                         -2.931    
                         arrival time                           2.948    
  -------------------------------------------------------------------
                         slack                                  0.017    

Slack (MET) :             0.019ns  (arrival time - required time)
  Source:                 u_dut/frozen_r4c/dot_value_bank_reg[1][15][6]/C
                            (rising edge-triggered cell FDCE clocked by clk  {rise@0.000ns fall@1.000ns period=2.000ns})
  Destination:            u_dut/frozen_r4c/signal_reg_reg[33][6]/D
                            (rising edge-triggered cell FDCE clocked by clk  {rise@0.000ns fall@1.000ns period=2.000ns})
  Path Group:             clk
  Path Type:              Hold (Min at Slow Process Corner)
  Requirement:            0.000ns  (clk rise@0.000ns - clk rise@0.000ns)
  Data Path Delay:        0.246ns  (logic 0.108ns (43.830%)  route 0.138ns (56.170%))
  Logic Levels:           2  (CARRY8=1 LUT4=1)
  Clock Path Skew:        0.167ns (DCD - SCD - CPR)
    Destination Clock Delay (DCD):    3.582ns
    Source Clock Delay      (SCD):    2.703ns
    Clock Pessimism Removal (CPR):    0.712ns
  Clock Net Delay (Source):      2.015ns (routing 1.083ns, distribution 0.932ns)
  Clock Net Delay (Destination): 2.348ns (routing 1.193ns, distribution 1.155ns)

    Location             Delay type                Incr(ns)  Path(ns)    Netlist Resource(s)
  -------------------------------------------------------------------    -------------------
                         (clock clk rise edge)        0.000     0.000 r  
    D14                                               0.000     0.000 r  clk (IN)
                         net (fo=0)                   0.000     0.000    u_boundary_ibuf/I
    D14                  INBUF (Prop_INBUF_HDIOB_M_PAD_O)
                                                      0.495     0.495 r  u_boundary_ibuf/INBUF_INST/O
                         net (fo=1, routed)           0.000     0.495    u_boundary_ibuf/OUT
    D14                  IBUFCTRL (Prop_IBUFCTRL_HDIOB_M_I_O)
                                                      0.000     0.495 r  u_boundary_ibuf/IBUFCTRL_INST/O
                         net (fo=1, routed)           0.169     0.664    clk_ibuf
    BUFGCE_HDIO_X0Y7     BUFGCE (Prop_BUFCE_BUFGCE_HDIO_I_O)
                                                      0.024     0.688 r  u_boundary_bufg/O
    X2Y1 (CLOCK_ROOT)    net (fo=28281, routed)       2.015     2.703    u_dut/frozen_r4c/clk
    SLICE_X89Y120        FDCE                                         r  u_dut/frozen_r4c/dot_value_bank_reg[1][15][6]/C
  -------------------------------------------------------------------    -------------------
    SLICE_X89Y120        FDCE (Prop_BFF_SLICEM_C_Q)
                                                      0.058     2.761 r  u_dut/frozen_r4c/dot_value_bank_reg[1][15][6]/Q
                         net (fo=2, routed)           0.113     2.874    u_dut/frozen_r4c/dot_value_bank_reg[1][15][6]
    SLICE_X90Y121        LUT4 (Prop_G6LUT_SLICEM_I3_O)
                                                      0.022     2.896 r  u_dut/frozen_r4c/signal_reg[33][7]_i_3/O
                         net (fo=1, routed)           0.015     2.911    u_dut/frozen_r4c/signal_reg[33][7]_i_3_n_0
    SLICE_X90Y121        CARRY8 (Prop_CARRY8_SLICEM_S[6]_O[6])
                                                      0.028     2.939 r  u_dut/frozen_r4c/signal_reg_reg[33][7]_i_1/O[6]
                         net (fo=1, routed)           0.010     2.949    u_dut/frozen_r4c/signal_reg_reg[33][7]_i_1_n_9
    SLICE_X90Y121        FDCE                                         r  u_dut/frozen_r4c/signal_reg_reg[33][6]/D
  -------------------------------------------------------------------    -------------------

                         (clock clk rise edge)        0.000     0.000 r  
    D14                                               0.000     0.000 r  clk (IN)
                         net (fo=0)                   0.000     0.000    u_boundary_ibuf/I
    D14                  INBUF (Prop_INBUF_HDIOB_M_PAD_O)
                                                      1.002     1.002 r  u_boundary_ibuf/INBUF_INST/O
                         net (fo=1, routed)           0.000     1.002    u_boundary_ibuf/OUT
    D14                  IBUFCTRL (Prop_IBUFCTRL_HDIOB_M_I_O)
                                                      0.000     1.002 r  u_boundary_ibuf/IBUFCTRL_INST/O
                         net (fo=1, routed)           0.204     1.206    clk_ibuf
    BUFGCE_HDIO_X0Y7     BUFGCE (Prop_BUFCE_BUFGCE_HDIO_I_O)
                                                      0.028     1.234 r  u_boundary_bufg/O
    X2Y1 (CLOCK_ROOT)    net (fo=28281, routed)       2.348     3.582    u_dut/frozen_r4c/clk
    SLICE_X90Y121        FDCE                                         r  u_dut/frozen_r4c/signal_reg_reg[33][6]/C
                         clock pessimism             -0.712     2.870    
    SLICE_X90Y121        FDCE (Hold_GFF_SLICEM_C_D)
                                                      0.060     2.930    u_dut/frozen_r4c/signal_reg_reg[33][6]
  -------------------------------------------------------------------
                         required time                         -2.930    
                         arrival time                           2.949    
  -------------------------------------------------------------------
                         slack                                  0.019    

Slack (MET) :             0.021ns  (arrival time - required time)
  Source:                 u_dut/result_hold_data_reg[25]/C
                            (rising edge-triggered cell FDRE clocked by clk  {rise@0.000ns fall@1.000ns period=2.000ns})
  Destination:            sink_it_data_out_q_reg[25]/D
                            (rising edge-triggered cell FDRE clocked by clk  {rise@0.000ns fall@1.000ns period=2.000ns})
  Path Group:             clk
  Path Type:              Hold (Min at Slow Process Corner)
  Requirement:            0.000ns  (clk rise@0.000ns - clk rise@0.000ns)
  Data Path Delay:        0.130ns  (logic 0.059ns (45.385%)  route 0.071ns (54.615%))
  Logic Levels:           0  
  Clock Path Skew:        0.047ns (DCD - SCD - CPR)
    Destination Clock Delay (DCD):    3.516ns
    Source Clock Delay      (SCD):    2.707ns
    Clock Pessimism Removal (CPR):    0.761ns
  Clock Net Delay (Source):      2.019ns (routing 1.083ns, distribution 0.936ns)
  Clock Net Delay (Destination): 2.282ns (routing 1.193ns, distribution 1.089ns)

    Location             Delay type                Incr(ns)  Path(ns)    Netlist Resource(s)
  -------------------------------------------------------------------    -------------------
                         (clock clk rise edge)        0.000     0.000 r  
    D14                                               0.000     0.000 r  clk (IN)
                         net (fo=0)                   0.000     0.000    u_boundary_ibuf/I
    D14                  INBUF (Prop_INBUF_HDIOB_M_PAD_O)
                                                      0.495     0.495 r  u_boundary_ibuf/INBUF_INST/O
                         net (fo=1, routed)           0.000     0.495    u_boundary_ibuf/OUT
    D14                  IBUFCTRL (Prop_IBUFCTRL_HDIOB_M_I_O)
                                                      0.000     0.495 r  u_boundary_ibuf/IBUFCTRL_INST/O
                         net (fo=1, routed)           0.169     0.664    clk_ibuf
    BUFGCE_HDIO_X0Y7     BUFGCE (Prop_BUFCE_BUFGCE_HDIO_I_O)
                                                      0.024     0.688 r  u_boundary_bufg/O
    X2Y1 (CLOCK_ROOT)    net (fo=28281, routed)       2.019     2.707    u_dut/clk
    SLICE_X77Y144        FDRE                                         r  u_dut/result_hold_data_reg[25]/C
  -------------------------------------------------------------------    -------------------
    SLICE_X77Y144        FDRE (Prop_DFF_SLICEL_C_Q)
                                                      0.059     2.766 r  u_dut/result_hold_data_reg[25]/Q
                         net (fo=1, routed)           0.071     2.837    dut_it_data_out[25]
    SLICE_X77Y142        FDRE                                         r  sink_it_data_out_q_reg[25]/D
  -------------------------------------------------------------------    -------------------

                         (clock clk rise edge)        0.000     0.000 r  
    D14                                               0.000     0.000 r  clk (IN)
                         net (fo=0)                   0.000     0.000    u_boundary_ibuf/I
    D14                  INBUF (Prop_INBUF_HDIOB_M_PAD_O)
                                                      1.002     1.002 r  u_boundary_ibuf/INBUF_INST/O
                         net (fo=1, routed)           0.000     1.002    u_boundary_ibuf/OUT
    D14                  IBUFCTRL (Prop_IBUFCTRL_HDIOB_M_I_O)
                                                      0.000     1.002 r  u_boundary_ibuf/IBUFCTRL_INST/O
                         net (fo=1, routed)           0.204     1.206    clk_ibuf
    BUFGCE_HDIO_X0Y7     BUFGCE (Prop_BUFCE_BUFGCE_HDIO_I_O)
                                                      0.028     1.234 r  u_boundary_bufg/O
    X2Y1 (CLOCK_ROOT)    net (fo=28281, routed)       2.282     3.516    clk_g
    SLICE_X77Y142        FDRE                                         r  sink_it_data_out_q_reg[25]/C
                         clock pessimism             -0.761     2.754    
    SLICE_X77Y142        FDRE (Hold_DFF2_SLICEL_C_D)
                                                      0.062     2.816    sink_it_data_out_q_reg[25]
  -------------------------------------------------------------------
                         required time                         -2.816    
                         arrival time                           2.837    
  -------------------------------------------------------------------
                         slack                                  0.021    

Slack (MET) :             0.021ns  (arrival time - required time)
  Source:                 u_dut/frozen_r4c/red_s1_data_reg[21][11]/C
                            (rising edge-triggered cell FDCE clocked by clk  {rise@0.000ns fall@1.000ns period=2.000ns})
  Destination:            u_dut/frozen_r4c/red_s2_data_reg[10][11]/D
                            (rising edge-triggered cell FDCE clocked by clk  {rise@0.000ns fall@1.000ns period=2.000ns})
  Path Group:             clk
  Path Type:              Hold (Min at Slow Process Corner)
  Requirement:            0.000ns  (clk rise@0.000ns - clk rise@0.000ns)
  Data Path Delay:        0.184ns  (logic 0.107ns (58.152%)  route 0.077ns (41.848%))
  Logic Levels:           2  (CARRY8=1 LUT2=1)
  Clock Path Skew:        0.103ns (DCD - SCD - CPR)
    Destination Clock Delay (DCD):    3.447ns
    Source Clock Delay      (SCD):    2.638ns
    Clock Pessimism Removal (CPR):    0.705ns
  Clock Net Delay (Source):      1.951ns (routing 1.083ns, distribution 0.868ns)
  Clock Net Delay (Destination): 2.213ns (routing 1.193ns, distribution 1.020ns)

    Location             Delay type                Incr(ns)  Path(ns)    Netlist Resource(s)
  -------------------------------------------------------------------    -------------------
                         (clock clk rise edge)        0.000     0.000 r  
    D14                                               0.000     0.000 r  clk (IN)
                         net (fo=0)                   0.000     0.000    u_boundary_ibuf/I
    D14                  INBUF (Prop_INBUF_HDIOB_M_PAD_O)
                                                      0.495     0.495 r  u_boundary_ibuf/INBUF_INST/O
                         net (fo=1, routed)           0.000     0.495    u_boundary_ibuf/OUT
    D14                  IBUFCTRL (Prop_IBUFCTRL_HDIOB_M_I_O)
                                                      0.000     0.495 r  u_boundary_ibuf/IBUFCTRL_INST/O
                         net (fo=1, routed)           0.169     0.664    clk_ibuf
    BUFGCE_HDIO_X0Y7     BUFGCE (Prop_BUFCE_BUFGCE_HDIO_I_O)
                                                      0.024     0.688 r  u_boundary_bufg/O
    X2Y1 (CLOCK_ROOT)    net (fo=28281, routed)       1.951     2.638    u_dut/frozen_r4c/clk
    SLICE_X87Y100        FDCE                                         r  u_dut/frozen_r4c/red_s1_data_reg[21][11]/C
  -------------------------------------------------------------------    -------------------
    SLICE_X87Y100        FDCE (Prop_DFF_SLICEL_C_Q)
                                                      0.059     2.697 r  u_dut/frozen_r4c/red_s1_data_reg[21][11]/Q
                         net (fo=1, routed)           0.058     2.755    u_dut/frozen_r4c/red_s1_data_reg[21][11]
    SLICE_X85Y100        LUT2 (Prop_D6LUT_SLICEL_I1_O)
                                                      0.022     2.777 r  u_dut/frozen_r4c/red_s2_data[10][15]_i_6/O
                         net (fo=1, routed)           0.009     2.786    u_dut/frozen_r4c/red_s2_data[10][15]_i_6_n_0
    SLICE_X85Y100        CARRY8 (Prop_CARRY8_SLICEL_S[3]_O[3])
                                                      0.026     2.812 r  u_dut/frozen_r4c/red_s2_data_reg[10][15]_i_1/O[3]
                         net (fo=1, routed)           0.010     2.822    u_dut/frozen_r4c/r3r_s2_sum_now[10]__0[11]
    SLICE_X85Y100        FDCE                                         r  u_dut/frozen_r4c/red_s2_data_reg[10][11]/D
  -------------------------------------------------------------------    -------------------

                         (clock clk rise edge)        0.000     0.000 r  
    D14                                               0.000     0.000 r  clk (IN)
                         net (fo=0)                   0.000     0.000    u_boundary_ibuf/I
    D14                  INBUF (Prop_INBUF_HDIOB_M_PAD_O)
                                                      1.002     1.002 r  u_boundary_ibuf/INBUF_INST/O
                         net (fo=1, routed)           0.000     1.002    u_boundary_ibuf/OUT
    D14                  IBUFCTRL (Prop_IBUFCTRL_HDIOB_M_I_O)
                                                      0.000     1.002 r  u_boundary_ibuf/IBUFCTRL_INST/O
                         net (fo=1, routed)           0.204     1.206    clk_ibuf
    BUFGCE_HDIO_X0Y7     BUFGCE (Prop_BUFCE_BUFGCE_HDIO_I_O)
                                                      0.028     1.234 r  u_boundary_bufg/O
    X2Y1 (CLOCK_ROOT)    net (fo=28281, routed)       2.213     3.447    u_dut/frozen_r4c/clk
    SLICE_X85Y100        FDCE                                         r  u_dut/frozen_r4c/red_s2_data_reg[10][11]/C
                         clock pessimism             -0.705     2.741    
    SLICE_X85Y100        FDCE (Hold_DFF_SLICEL_C_D)
                                                      0.060     2.801    u_dut/frozen_r4c/red_s2_data_reg[10][11]
  -------------------------------------------------------------------
                         required time                         -2.801    
                         arrival time                           2.822    
  -------------------------------------------------------------------
                         slack                                  0.021    

Slack (MET) :             0.023ns  (arrival time - required time)
  Source:                 u_dut/frozen_r4c/r4a_vector_buf_b_reg[0][1][3]/C
                            (rising edge-triggered cell FDCE clocked by clk  {rise@0.000ns fall@1.000ns period=2.000ns})
  Destination:            u_dut/frozen_r4c/operand_x_reg_reg[96][3]/D
                            (rising edge-triggered cell FDCE clocked by clk  {rise@0.000ns fall@1.000ns period=2.000ns})
  Path Group:             clk
  Path Type:              Hold (Min at Slow Process Corner)
  Requirement:            0.000ns  (clk rise@0.000ns - clk rise@0.000ns)
  Data Path Delay:        0.187ns  (logic 0.094ns (50.313%)  route 0.093ns (49.687%))
  Logic Levels:           1  (LUT6=1)
  Clock Path Skew:        0.104ns (DCD - SCD - CPR)
    Destination Clock Delay (DCD):    3.570ns
    Source Clock Delay      (SCD):    2.749ns
    Clock Pessimism Removal (CPR):    0.717ns
  Clock Net Delay (Source):      2.061ns (routing 1.083ns, distribution 0.978ns)
  Clock Net Delay (Destination): 2.336ns (routing 1.193ns, distribution 1.143ns)

    Location             Delay type                Incr(ns)  Path(ns)    Netlist Resource(s)
  -------------------------------------------------------------------    -------------------
                         (clock clk rise edge)        0.000     0.000 r  
    D14                                               0.000     0.000 r  clk (IN)
                         net (fo=0)                   0.000     0.000    u_boundary_ibuf/I
    D14                  INBUF (Prop_INBUF_HDIOB_M_PAD_O)
                                                      0.495     0.495 r  u_boundary_ibuf/INBUF_INST/O
                         net (fo=1, routed)           0.000     0.495    u_boundary_ibuf/OUT
    D14                  IBUFCTRL (Prop_IBUFCTRL_HDIOB_M_I_O)
                                                      0.000     0.495 r  u_boundary_ibuf/IBUFCTRL_INST/O
                         net (fo=1, routed)           0.169     0.664    clk_ibuf
    BUFGCE_HDIO_X0Y7     BUFGCE (Prop_BUFCE_BUFGCE_HDIO_I_O)
                                                      0.024     0.688 r  u_boundary_bufg/O
    X2Y1 (CLOCK_ROOT)    net (fo=28281, routed)       2.061     2.749    u_dut/frozen_r4c/clk
    SLICE_X97Y52         FDCE                                         r  u_dut/frozen_r4c/r4a_vector_buf_b_reg[0][1][3]/C
  -------------------------------------------------------------------    -------------------
    SLICE_X97Y52         FDCE (Prop_HFF2_SLICEL_C_Q)
                                                      0.059     2.808 r  u_dut/frozen_r4c/r4a_vector_buf_b_reg[0][1][3]/Q
                         net (fo=3, routed)           0.064     2.871    u_dut/frozen_r4c/r4a_vector_buf_b_reg[0][1][3]
    SLICE_X98Y52         LUT6 (Prop_B6LUT_SLICEM_I0_O)
                                                      0.035     2.906 r  u_dut/frozen_r4c/operand_x_reg[96][3]_i_1/O
                         net (fo=1, routed)           0.029     2.935    u_dut/frozen_r4c/operand_x_reg[96][3]_i_1_n_0
    SLICE_X98Y52         FDCE                                         r  u_dut/frozen_r4c/operand_x_reg_reg[96][3]/D
  -------------------------------------------------------------------    -------------------

                         (clock clk rise edge)        0.000     0.000 r  
    D14                                               0.000     0.000 r  clk (IN)
                         net (fo=0)                   0.000     0.000    u_boundary_ibuf/I
    D14                  INBUF (Prop_INBUF_HDIOB_M_PAD_O)
                                                      1.002     1.002 r  u_boundary_ibuf/INBUF_INST/O
                         net (fo=1, routed)           0.000     1.002    u_boundary_ibuf/OUT
    D14                  IBUFCTRL (Prop_IBUFCTRL_HDIOB_M_I_O)
                                                      0.000     1.002 r  u_boundary_ibuf/IBUFCTRL_INST/O
                         net (fo=1, routed)           0.204     1.206    clk_ibuf
    BUFGCE_HDIO_X0Y7     BUFGCE (Prop_BUFCE_BUFGCE_HDIO_I_O)
                                                      0.028     1.234 r  u_boundary_bufg/O
    X2Y1 (CLOCK_ROOT)    net (fo=28281, routed)       2.336     3.570    u_dut/frozen_r4c/clk
    SLICE_X98Y52         FDCE                                         r  u_dut/frozen_r4c/operand_x_reg_reg[96][3]/C
                         clock pessimism             -0.717     2.853    
    SLICE_X98Y52         FDCE (Hold_BFF_SLICEM_C_D)
                                                      0.060     2.913    u_dut/frozen_r4c/operand_x_reg_reg[96][3]
  -------------------------------------------------------------------
                         required time                         -2.913    
                         arrival time                           2.935    
  -------------------------------------------------------------------
                         slack                                  0.023    

Slack (MET) :             0.023ns  (arrival time - required time)
  Source:                 u_dut/frozen_r4c/sched_coeff_reg_reg[56][3]/C
                            (rising edge-triggered cell FDCE clocked by clk  {rise@0.000ns fall@1.000ns period=2.000ns})
  Destination:            u_dut/frozen_r4c/operand_coeff_reg_reg[56][3]/D
                            (rising edge-triggered cell FDCE clocked by clk  {rise@0.000ns fall@1.000ns period=2.000ns})
  Path Group:             clk
  Path Type:              Hold (Min at Slow Process Corner)
  Requirement:            0.000ns  (clk rise@0.000ns - clk rise@0.000ns)
  Data Path Delay:        0.162ns  (logic 0.059ns (36.420%)  route 0.103ns (63.580%))
  Logic Levels:           0  
  Clock Path Skew:        0.079ns (DCD - SCD - CPR)
    Destination Clock Delay (DCD):    3.560ns
    Source Clock Delay      (SCD):    2.769ns
    Clock Pessimism Removal (CPR):    0.712ns
  Clock Net Delay (Source):      2.081ns (routing 1.083ns, distribution 0.998ns)
  Clock Net Delay (Destination): 2.326ns (routing 1.193ns, distribution 1.133ns)

    Location             Delay type                Incr(ns)  Path(ns)    Netlist Resource(s)
  -------------------------------------------------------------------    -------------------
                         (clock clk rise edge)        0.000     0.000 r  
    D14                                               0.000     0.000 r  clk (IN)
                         net (fo=0)                   0.000     0.000    u_boundary_ibuf/I
    D14                  INBUF (Prop_INBUF_HDIOB_M_PAD_O)
                                                      0.495     0.495 r  u_boundary_ibuf/INBUF_INST/O
                         net (fo=1, routed)           0.000     0.495    u_boundary_ibuf/OUT
    D14                  IBUFCTRL (Prop_IBUFCTRL_HDIOB_M_I_O)
                                                      0.000     0.495 r  u_boundary_ibuf/IBUFCTRL_INST/O
                         net (fo=1, routed)           0.169     0.664    clk_ibuf
    BUFGCE_HDIO_X0Y7     BUFGCE (Prop_BUFCE_BUFGCE_HDIO_I_O)
                                                      0.024     0.688 r  u_boundary_bufg/O
    X2Y1 (CLOCK_ROOT)    net (fo=28281, routed)       2.081     2.769    u_dut/frozen_r4c/clk
    SLICE_X105Y89        FDCE                                         r  u_dut/frozen_r4c/sched_coeff_reg_reg[56][3]/C
  -------------------------------------------------------------------    -------------------
    SLICE_X105Y89        FDCE (Prop_CFF2_SLICEL_C_Q)
                                                      0.059     2.828 r  u_dut/frozen_r4c/sched_coeff_reg_reg[56][3]/Q
                         net (fo=1, routed)           0.103     2.931    u_dut/frozen_r4c/sched_coeff_reg_reg[56][3]
    SLICE_X105Y92        FDCE                                         r  u_dut/frozen_r4c/operand_coeff_reg_reg[56][3]/D
  -------------------------------------------------------------------    -------------------

                         (clock clk rise edge)        0.000     0.000 r  
    D14                                               0.000     0.000 r  clk (IN)
                         net (fo=0)                   0.000     0.000    u_boundary_ibuf/I
    D14                  INBUF (Prop_INBUF_HDIOB_M_PAD_O)
                                                      1.002     1.002 r  u_boundary_ibuf/INBUF_INST/O
                         net (fo=1, routed)           0.000     1.002    u_boundary_ibuf/OUT
    D14                  IBUFCTRL (Prop_IBUFCTRL_HDIOB_M_I_O)
                                                      0.000     1.002 r  u_boundary_ibuf/IBUFCTRL_INST/O
                         net (fo=1, routed)           0.204     1.206    clk_ibuf
    BUFGCE_HDIO_X0Y7     BUFGCE (Prop_BUFCE_BUFGCE_HDIO_I_O)
                                                      0.028     1.234 r  u_boundary_bufg/O
    X2Y1 (CLOCK_ROOT)    net (fo=28281, routed)       2.326     3.560    u_dut/frozen_r4c/clk
    SLICE_X105Y92        FDCE                                         r  u_dut/frozen_r4c/operand_coeff_reg_reg[56][3]/C
                         clock pessimism             -0.712     2.848    
    SLICE_X105Y92        FDCE (Hold_BFF_SLICEL_C_D)
                                                      0.060     2.908    u_dut/frozen_r4c/operand_coeff_reg_reg[56][3]
  -------------------------------------------------------------------
                         required time                         -2.908    
                         arrival time                           2.931    
  -------------------------------------------------------------------
                         slack                                  0.023    

Slack (MET) :             0.023ns  (arrival time - required time)
  Source:                 u_dut/frozen_r4c/bf_vector_id_reg[5]/C
                            (rising edge-triggered cell FDCE clocked by clk  {rise@0.000ns fall@1.000ns period=2.000ns})
  Destination:            u_dut/frozen_r4c/capture_vector_id_reg[5]/D
                            (rising edge-triggered cell FDRE clocked by clk  {rise@0.000ns fall@1.000ns period=2.000ns})
  Path Group:             clk
  Path Type:              Hold (Min at Slow Process Corner)
  Requirement:            0.000ns  (clk rise@0.000ns - clk rise@0.000ns)
  Data Path Delay:        0.123ns  (logic 0.058ns (47.154%)  route 0.065ns (52.846%))
  Logic Levels:           0  
  Clock Path Skew:        0.038ns (DCD - SCD - CPR)
    Destination Clock Delay (DCD):    3.540ns
    Source Clock Delay      (SCD):    2.740ns
    Clock Pessimism Removal (CPR):    0.762ns
  Clock Net Delay (Source):      2.052ns (routing 1.083ns, distribution 0.969ns)
  Clock Net Delay (Destination): 2.306ns (routing 1.193ns, distribution 1.113ns)

    Location             Delay type                Incr(ns)  Path(ns)    Netlist Resource(s)
  -------------------------------------------------------------------    -------------------
                         (clock clk rise edge)        0.000     0.000 r  
    D14                                               0.000     0.000 r  clk (IN)
                         net (fo=0)                   0.000     0.000    u_boundary_ibuf/I
    D14                  INBUF (Prop_INBUF_HDIOB_M_PAD_O)
                                                      0.495     0.495 r  u_boundary_ibuf/INBUF_INST/O
                         net (fo=1, routed)           0.000     0.495    u_boundary_ibuf/OUT
    D14                  IBUFCTRL (Prop_IBUFCTRL_HDIOB_M_I_O)
                                                      0.000     0.495 r  u_boundary_ibuf/IBUFCTRL_INST/O
                         net (fo=1, routed)           0.169     0.664    clk_ibuf
    BUFGCE_HDIO_X0Y7     BUFGCE (Prop_BUFCE_BUFGCE_HDIO_I_O)
                                                      0.024     0.688 r  u_boundary_bufg/O
    X2Y1 (CLOCK_ROOT)    net (fo=28281, routed)       2.052     2.740    u_dut/frozen_r4c/clk
    SLICE_X70Y174        FDCE                                         r  u_dut/frozen_r4c/bf_vector_id_reg[5]/C
  -------------------------------------------------------------------    -------------------
    SLICE_X70Y174        FDCE (Prop_FFF_SLICEL_C_Q)
                                                      0.058     2.798 r  u_dut/frozen_r4c/bf_vector_id_reg[5]/Q
                         net (fo=1, routed)           0.065     2.863    u_dut/frozen_r4c/bf_vector_id_reg_n_0_[5]
    SLICE_X70Y173        FDRE                                         r  u_dut/frozen_r4c/capture_vector_id_reg[5]/D
  -------------------------------------------------------------------    -------------------

                         (clock clk rise edge)        0.000     0.000 r  
    D14                                               0.000     0.000 r  clk (IN)
                         net (fo=0)                   0.000     0.000    u_boundary_ibuf/I
    D14                  INBUF (Prop_INBUF_HDIOB_M_PAD_O)
                                                      1.002     1.002 r  u_boundary_ibuf/INBUF_INST/O
                         net (fo=1, routed)           0.000     1.002    u_boundary_ibuf/OUT
    D14                  IBUFCTRL (Prop_IBUFCTRL_HDIOB_M_I_O)
                                                      0.000     1.002 r  u_boundary_ibuf/IBUFCTRL_INST/O
                         net (fo=1, routed)           0.204     1.206    clk_ibuf
    BUFGCE_HDIO_X0Y7     BUFGCE (Prop_BUFCE_BUFGCE_HDIO_I_O)
                                                      0.028     1.234 r  u_boundary_bufg/O
    X2Y1 (CLOCK_ROOT)    net (fo=28281, routed)       2.306     3.540    u_dut/frozen_r4c/clk
    SLICE_X70Y173        FDRE                                         r  u_dut/frozen_r4c/capture_vector_id_reg[5]/C
                         clock pessimism             -0.762     2.778    
    SLICE_X70Y173        FDRE (Hold_GFF2_SLICEL_C_D)
                                                      0.062     2.840    u_dut/frozen_r4c/capture_vector_id_reg[5]
  -------------------------------------------------------------------
                         required time                         -2.840    
                         arrival time                           2.863    
  -------------------------------------------------------------------
                         slack                                  0.023    

Slack (MET) :             0.024ns  (arrival time - required time)
  Source:                 u_dut/frozen_r4c/dot_value_bank_reg[1][6][3]/C
                            (rising edge-triggered cell FDCE clocked by clk  {rise@0.000ns fall@1.000ns period=2.000ns})
  Destination:            u_dut/frozen_r4c/signal_reg_reg[11][3]/D
                            (rising edge-triggered cell FDCE clocked by clk  {rise@0.000ns fall@1.000ns period=2.000ns})
  Path Group:             clk
  Path Type:              Hold (Min at Slow Process Corner)
  Requirement:            0.000ns  (clk rise@0.000ns - clk rise@0.000ns)
  Data Path Delay:        0.279ns  (logic 0.113ns (40.521%)  route 0.166ns (59.479%))
  Logic Levels:           2  (CARRY8=1 LUT4=1)
  Clock Path Skew:        0.195ns (DCD - SCD - CPR)
    Destination Clock Delay (DCD):    3.563ns
    Source Clock Delay      (SCD):    2.712ns
    Clock Pessimism Removal (CPR):    0.656ns
  Clock Net Delay (Source):      2.025ns (routing 1.083ns, distribution 0.942ns)
  Clock Net Delay (Destination): 2.329ns (routing 1.193ns, distribution 1.136ns)

    Location             Delay type                Incr(ns)  Path(ns)    Netlist Resource(s)
  -------------------------------------------------------------------    -------------------
                         (clock clk rise edge)        0.000     0.000 r  
    D14                                               0.000     0.000 r  clk (IN)
                         net (fo=0)                   0.000     0.000    u_boundary_ibuf/I
    D14                  INBUF (Prop_INBUF_HDIOB_M_PAD_O)
                                                      0.495     0.495 r  u_boundary_ibuf/INBUF_INST/O
                         net (fo=1, routed)           0.000     0.495    u_boundary_ibuf/OUT
    D14                  IBUFCTRL (Prop_IBUFCTRL_HDIOB_M_I_O)
                                                      0.000     0.495 r  u_boundary_ibuf/IBUFCTRL_INST/O
                         net (fo=1, routed)           0.169     0.664    clk_ibuf
    BUFGCE_HDIO_X0Y7     BUFGCE (Prop_BUFCE_BUFGCE_HDIO_I_O)
                                                      0.024     0.688 r  u_boundary_bufg/O
    X2Y1 (CLOCK_ROOT)    net (fo=28281, routed)       2.025     2.712    u_dut/frozen_r4c/clk
    SLICE_X92Y119        FDCE                                         r  u_dut/frozen_r4c/dot_value_bank_reg[1][6][3]/C
  -------------------------------------------------------------------    -------------------
    SLICE_X92Y119        FDCE (Prop_FFF2_SLICEM_C_Q)
                                                      0.060     2.772 r  u_dut/frozen_r4c/dot_value_bank_reg[1][6][3]/Q
                         net (fo=2, routed)           0.136     2.908    u_dut/frozen_r4c/dot_value_bank_reg[1][6][3]
    SLICE_X92Y124        LUT4 (Prop_D6LUT_SLICEM_I3_O)
                                                      0.022     2.930 r  u_dut/frozen_r4c/signal_reg[11][7]_i_6/O
                         net (fo=1, routed)           0.020     2.950    u_dut/frozen_r4c/signal_reg[11][7]_i_6_n_0
    SLICE_X92Y124        CARRY8 (Prop_CARRY8_SLICEM_S[3]_O[3])
                                                      0.031     2.981 r  u_dut/frozen_r4c/signal_reg_reg[11][7]_i_1/O[3]
                         net (fo=1, routed)           0.010     2.991    u_dut/frozen_r4c/signal_reg_reg[11][7]_i_1_n_12
    SLICE_X92Y124        FDCE                                         r  u_dut/frozen_r4c/signal_reg_reg[11][3]/D
  -------------------------------------------------------------------    -------------------

                         (clock clk rise edge)        0.000     0.000 r  
    D14                                               0.000     0.000 r  clk (IN)
                         net (fo=0)                   0.000     0.000    u_boundary_ibuf/I
    D14                  INBUF (Prop_INBUF_HDIOB_M_PAD_O)
                                                      1.002     1.002 r  u_boundary_ibuf/INBUF_INST/O
                         net (fo=1, routed)           0.000     1.002    u_boundary_ibuf/OUT
    D14                  IBUFCTRL (Prop_IBUFCTRL_HDIOB_M_I_O)
                                                      0.000     1.002 r  u_boundary_ibuf/IBUFCTRL_INST/O
                         net (fo=1, routed)           0.204     1.206    clk_ibuf
    BUFGCE_HDIO_X0Y7     BUFGCE (Prop_BUFCE_BUFGCE_HDIO_I_O)
                                                      0.028     1.234 r  u_boundary_bufg/O
    X2Y1 (CLOCK_ROOT)    net (fo=28281, routed)       2.329     3.563    u_dut/frozen_r4c/clk
    SLICE_X92Y124        FDCE                                         r  u_dut/frozen_r4c/signal_reg_reg[11][3]/C
                         clock pessimism             -0.656     2.907    
    SLICE_X92Y124        FDCE (Hold_DFF_SLICEM_C_D)
                                                      0.060     2.967    u_dut/frozen_r4c/signal_reg_reg[11][3]
  -------------------------------------------------------------------
                         required time                         -2.967    
                         arrival time                           2.991    
  -------------------------------------------------------------------
                         slack                                  0.024    

Slack (MET) :             0.025ns  (arrival time - required time)
  Source:                 u_dut/frozen_r4c/signal_reg_reg[106][18]/C
                            (rising edge-triggered cell FDCE clocked by clk  {rise@0.000ns fall@1.000ns period=2.000ns})
  Destination:            u_dut/frozen_r4c/stage16_mem_reg[1][46][12]/D
                            (rising edge-triggered cell FDCE clocked by clk  {rise@0.000ns fall@1.000ns period=2.000ns})
  Path Group:             clk
  Path Type:              Hold (Min at Slow Process Corner)
  Requirement:            0.000ns  (clk rise@0.000ns - clk rise@0.000ns)
  Data Path Delay:        0.196ns  (logic 0.086ns (43.878%)  route 0.110ns (56.122%))
  Logic Levels:           1  (CARRY8=1)
  Clock Path Skew:        0.109ns (DCD - SCD - CPR)
    Destination Clock Delay (DCD):    3.541ns
    Source Clock Delay      (SCD):    2.723ns
    Clock Pessimism Removal (CPR):    0.709ns
  Clock Net Delay (Source):      2.035ns (routing 1.083ns, distribution 0.952ns)
  Clock Net Delay (Destination): 2.307ns (routing 1.193ns, distribution 1.114ns)

    Location             Delay type                Incr(ns)  Path(ns)    Netlist Resource(s)
  -------------------------------------------------------------------    -------------------
                         (clock clk rise edge)        0.000     0.000 r  
    D14                                               0.000     0.000 r  clk (IN)
                         net (fo=0)                   0.000     0.000    u_boundary_ibuf/I
    D14                  INBUF (Prop_INBUF_HDIOB_M_PAD_O)
                                                      0.495     0.495 r  u_boundary_ibuf/INBUF_INST/O
                         net (fo=1, routed)           0.000     0.495    u_boundary_ibuf/OUT
    D14                  IBUFCTRL (Prop_IBUFCTRL_HDIOB_M_I_O)
                                                      0.000     0.495 r  u_boundary_ibuf/IBUFCTRL_INST/O
                         net (fo=1, routed)           0.169     0.664    clk_ibuf
    BUFGCE_HDIO_X0Y7     BUFGCE (Prop_BUFCE_BUFGCE_HDIO_I_O)
                                                      0.024     0.688 r  u_boundary_bufg/O
    X2Y1 (CLOCK_ROOT)    net (fo=28281, routed)       2.035     2.723    u_dut/frozen_r4c/clk
    SLICE_X69Y159        FDCE                                         r  u_dut/frozen_r4c/signal_reg_reg[106][18]/C
  -------------------------------------------------------------------    -------------------
    SLICE_X69Y159        FDCE (Prop_CFF_SLICEL_C_Q)
                                                      0.058     2.781 r  u_dut/frozen_r4c/signal_reg_reg[106][18]/Q
                         net (fo=1, routed)           0.101     2.882    u_dut/frozen_r4c/signal_reg_reg[106][18]
    SLICE_X67Y158        CARRY8 (Prop_CARRY8_SLICEM_S[6]_O[6])
                                                      0.028     2.910 r  u_dut/frozen_r4c/stage16_mem_reg[0][46][6]_i_1/O[6]
                         net (fo=4, routed)           0.009     2.919    u_dut/frozen_r4c/stage16_mem_reg[0][46][6]_i_1_n_9
    SLICE_X67Y158        FDCE                                         r  u_dut/frozen_r4c/stage16_mem_reg[1][46][12]/D
  -------------------------------------------------------------------    -------------------

                         (clock clk rise edge)        0.000     0.000 r  
    D14                                               0.000     0.000 r  clk (IN)
                         net (fo=0)                   0.000     0.000    u_boundary_ibuf/I
    D14                  INBUF (Prop_INBUF_HDIOB_M_PAD_O)
                                                      1.002     1.002 r  u_boundary_ibuf/INBUF_INST/O
                         net (fo=1, routed)           0.000     1.002    u_boundary_ibuf/OUT
    D14                  IBUFCTRL (Prop_IBUFCTRL_HDIOB_M_I_O)
                                                      0.000     1.002 r  u_boundary_ibuf/IBUFCTRL_INST/O
                         net (fo=1, routed)           0.204     1.206    clk_ibuf
    BUFGCE_HDIO_X0Y7     BUFGCE (Prop_BUFCE_BUFGCE_HDIO_I_O)
                                                      0.028     1.234 r  u_boundary_bufg/O
    X2Y1 (CLOCK_ROOT)    net (fo=28281, routed)       2.307     3.541    u_dut/frozen_r4c/clk
    SLICE_X67Y158        FDCE                                         r  u_dut/frozen_r4c/stage16_mem_reg[1][46][12]/C
                         clock pessimism             -0.709     2.832    
    SLICE_X67Y158        FDCE (Hold_GFF2_SLICEM_C_D)
                                                      0.062     2.894    u_dut/frozen_r4c/stage16_mem_reg[1][46][12]
  -------------------------------------------------------------------
                         required time                         -2.894    
                         arrival time                           2.919    
  -------------------------------------------------------------------
                         slack                                  0.025    

Slack (MET) :             0.025ns  (arrival time - required time)
  Source:                 u_dut/frozen_r4c/dot_value_bank_reg[1][4][20]/C
                            (rising edge-triggered cell FDCE clocked by clk  {rise@0.000ns fall@1.000ns period=2.000ns})
  Destination:            u_dut/frozen_r4c/signal_reg_reg[1][20]/D
                            (rising edge-triggered cell FDCE clocked by clk  {rise@0.000ns fall@1.000ns period=2.000ns})
  Path Group:             clk
  Path Type:              Hold (Min at Slow Process Corner)
  Requirement:            0.000ns  (clk rise@0.000ns - clk rise@0.000ns)
  Data Path Delay:        0.274ns  (logic 0.109ns (39.837%)  route 0.165ns (60.163%))
  Logic Levels:           2  (CARRY8=1 LUT4=1)
  Clock Path Skew:        0.188ns (DCD - SCD - CPR)
    Destination Clock Delay (DCD):    3.562ns
    Source Clock Delay      (SCD):    2.718ns
    Clock Pessimism Removal (CPR):    0.656ns
  Clock Net Delay (Source):      2.030ns (routing 1.083ns, distribution 0.947ns)
  Clock Net Delay (Destination): 2.328ns (routing 1.193ns, distribution 1.135ns)

    Location             Delay type                Incr(ns)  Path(ns)    Netlist Resource(s)
  -------------------------------------------------------------------    -------------------
                         (clock clk rise edge)        0.000     0.000 r  
    D14                                               0.000     0.000 r  clk (IN)
                         net (fo=0)                   0.000     0.000    u_boundary_ibuf/I
    D14                  INBUF (Prop_INBUF_HDIOB_M_PAD_O)
                                                      0.495     0.495 r  u_boundary_ibuf/INBUF_INST/O
                         net (fo=1, routed)           0.000     0.495    u_boundary_ibuf/OUT
    D14                  IBUFCTRL (Prop_IBUFCTRL_HDIOB_M_I_O)
                                                      0.000     0.495 r  u_boundary_ibuf/IBUFCTRL_INST/O
                         net (fo=1, routed)           0.169     0.664    clk_ibuf
    BUFGCE_HDIO_X0Y7     BUFGCE (Prop_BUFCE_BUFGCE_HDIO_I_O)
                                                      0.024     0.688 r  u_boundary_bufg/O
    X2Y1 (CLOCK_ROOT)    net (fo=28281, routed)       2.030     2.718    u_dut/frozen_r4c/clk
    SLICE_X91Y118        FDCE                                         r  u_dut/frozen_r4c/dot_value_bank_reg[1][4][20]/C
  -------------------------------------------------------------------    -------------------
    SLICE_X91Y118        FDCE (Prop_HFF2_SLICEL_C_Q)
                                                      0.059     2.777 r  u_dut/frozen_r4c/dot_value_bank_reg[1][4][20]/Q
                         net (fo=2, routed)           0.143     2.919    u_dut/frozen_r4c/dot_value_bank_reg[1][4][20]
    SLICE_X92Y123        LUT4 (Prop_E6LUT_SLICEM_I3_O)
                                                      0.022     2.941 r  u_dut/frozen_r4c/signal_reg[1][21]_i_5/O
                         net (fo=1, routed)           0.013     2.954    u_dut/frozen_r4c/signal_reg[1][21]_i_5_n_0
    SLICE_X92Y123        CARRY8 (Prop_CARRY8_SLICEM_S[4]_O[4])
                                                      0.028     2.982 r  u_dut/frozen_r4c/signal_reg_reg[1][21]_i_1/O[4]
                         net (fo=1, routed)           0.009     2.991    u_dut/frozen_r4c/signal_reg_reg[1][21]_i_1_n_11
    SLICE_X92Y123        FDCE                                         r  u_dut/frozen_r4c/signal_reg_reg[1][20]/D
  -------------------------------------------------------------------    -------------------

                         (clock clk rise edge)        0.000     0.000 r  
    D14                                               0.000     0.000 r  clk (IN)
                         net (fo=0)                   0.000     0.000    u_boundary_ibuf/I
    D14                  INBUF (Prop_INBUF_HDIOB_M_PAD_O)
                                                      1.002     1.002 r  u_boundary_ibuf/INBUF_INST/O
                         net (fo=1, routed)           0.000     1.002    u_boundary_ibuf/OUT
    D14                  IBUFCTRL (Prop_IBUFCTRL_HDIOB_M_I_O)
                                                      0.000     1.002 r  u_boundary_ibuf/IBUFCTRL_INST/O
                         net (fo=1, routed)           0.204     1.206    clk_ibuf
    BUFGCE_HDIO_X0Y7     BUFGCE (Prop_BUFCE_BUFGCE_HDIO_I_O)
                                                      0.028     1.234 r  u_boundary_bufg/O
    X2Y1 (CLOCK_ROOT)    net (fo=28281, routed)       2.328     3.562    u_dut/frozen_r4c/clk
    SLICE_X92Y123        FDCE                                         r  u_dut/frozen_r4c/signal_reg_reg[1][20]/C
                         clock pessimism             -0.656     2.906    
    SLICE_X92Y123        FDCE (Hold_EFF_SLICEM_C_D)
                                                      0.060     2.966    u_dut/frozen_r4c/signal_reg_reg[1][20]
  -------------------------------------------------------------------
                         required time                         -2.966    
                         arrival time                           2.991    
  -------------------------------------------------------------------
                         slack                                  0.025    

Slack (MET) :             0.025ns  (arrival time - required time)
  Source:                 u_dut/frozen_r4c/dot_value_bank_reg[1][42][12]/C
                            (rising edge-triggered cell FDCE clocked by clk  {rise@0.000ns fall@1.000ns period=2.000ns})
  Destination:            u_dut/frozen_r4c/signal_reg_reg[44][12]/D
                            (rising edge-triggered cell FDCE clocked by clk  {rise@0.000ns fall@1.000ns period=2.000ns})
  Path Group:             clk
  Path Type:              Hold (Min at Slow Process Corner)
  Requirement:            0.000ns  (clk rise@0.000ns - clk rise@0.000ns)
  Data Path Delay:        0.195ns  (logic 0.106ns (54.247%)  route 0.089ns (45.753%))
  Logic Levels:           2  (CARRY8=1 LUT4=1)
  Clock Path Skew:        0.110ns (DCD - SCD - CPR)
    Destination Clock Delay (DCD):    3.530ns
    Source Clock Delay      (SCD):    2.711ns
    Clock Pessimism Removal (CPR):    0.709ns
  Clock Net Delay (Source):      2.023ns (routing 1.083ns, distribution 0.940ns)
  Clock Net Delay (Destination): 2.296ns (routing 1.193ns, distribution 1.103ns)

    Location             Delay type                Incr(ns)  Path(ns)    Netlist Resource(s)
  -------------------------------------------------------------------    -------------------
                         (clock clk rise edge)        0.000     0.000 r  
    D14                                               0.000     0.000 r  clk (IN)
                         net (fo=0)                   0.000     0.000    u_boundary_ibuf/I
    D14                  INBUF (Prop_INBUF_HDIOB_M_PAD_O)
                                                      0.495     0.495 r  u_boundary_ibuf/INBUF_INST/O
                         net (fo=1, routed)           0.000     0.495    u_boundary_ibuf/OUT
    D14                  IBUFCTRL (Prop_IBUFCTRL_HDIOB_M_I_O)
                                                      0.000     0.495 r  u_boundary_ibuf/IBUFCTRL_INST/O
                         net (fo=1, routed)           0.169     0.664    clk_ibuf
    BUFGCE_HDIO_X0Y7     BUFGCE (Prop_BUFCE_BUFGCE_HDIO_I_O)
                                                      0.024     0.688 r  u_boundary_bufg/O
    X2Y1 (CLOCK_ROOT)    net (fo=28281, routed)       2.023     2.711    u_dut/frozen_r4c/clk
    SLICE_X79Y133        FDCE                                         r  u_dut/frozen_r4c/dot_value_bank_reg[1][42][12]/C
  -------------------------------------------------------------------    -------------------
    SLICE_X79Y133        FDCE (Prop_GFF_SLICEM_C_Q)
                                                      0.058     2.769 r  u_dut/frozen_r4c/dot_value_bank_reg[1][42][12]/Q
                         net (fo=2, routed)           0.072     2.841    u_dut/frozen_r4c/dot_value_bank_reg[1][42][12]
    SLICE_X77Y133        LUT4 (Prop_E6LUT_SLICEL_I3_O)
                                                      0.022     2.863 r  u_dut/frozen_r4c/signal_reg[44][15]_i_5/O
                         net (fo=1, routed)           0.008     2.871    u_dut/frozen_r4c/signal_reg[44][15]_i_5_n_0
    SLICE_X77Y133        CARRY8 (Prop_CARRY8_SLICEL_S[4]_O[4])
                                                      0.026     2.897 r  u_dut/frozen_r4c/signal_reg_reg[44][15]_i_1/O[4]
                         net (fo=1, routed)           0.009     2.906    u_dut/frozen_r4c/signal_reg_reg[44][15]_i_1_n_11
    SLICE_X77Y133        FDCE                                         r  u_dut/frozen_r4c/signal_reg_reg[44][12]/D
  -------------------------------------------------------------------    -------------------

                         (clock clk rise edge)        0.000     0.000 r  
    D14                                               0.000     0.000 r  clk (IN)
                         net (fo=0)                   0.000     0.000    u_boundary_ibuf/I
    D14                  INBUF (Prop_INBUF_HDIOB_M_PAD_O)
                                                      1.002     1.002 r  u_boundary_ibuf/INBUF_INST/O
                         net (fo=1, routed)           0.000     1.002    u_boundary_ibuf/OUT
    D14                  IBUFCTRL (Prop_IBUFCTRL_HDIOB_M_I_O)
                                                      0.000     1.002 r  u_boundary_ibuf/IBUFCTRL_INST/O
                         net (fo=1, routed)           0.204     1.206    clk_ibuf
    BUFGCE_HDIO_X0Y7     BUFGCE (Prop_BUFCE_BUFGCE_HDIO_I_O)
                                                      0.028     1.234 r  u_boundary_bufg/O
    X2Y1 (CLOCK_ROOT)    net (fo=28281, routed)       2.296     3.530    u_dut/frozen_r4c/clk
    SLICE_X77Y133        FDCE                                         r  u_dut/frozen_r4c/signal_reg_reg[44][12]/C
                         clock pessimism             -0.709     2.821    
    SLICE_X77Y133        FDCE (Hold_EFF_SLICEL_C_D)
                                                      0.060     2.881    u_dut/frozen_r4c/signal_reg_reg[44][12]
  -------------------------------------------------------------------
                         required time                         -2.881    
                         arrival time                           2.906    
  -------------------------------------------------------------------
                         slack                                  0.025    

Slack (MET) :             0.026ns  (arrival time - required time)
  Source:                 u_dut/frozen_r4c/red_s0_data_reg[63][20]/C
                            (rising edge-triggered cell FDCE clocked by clk  {rise@0.000ns fall@1.000ns period=2.000ns})
  Destination:            u_dut/frozen_r4c/red_s1_data_reg[31][20]/D
                            (rising edge-triggered cell FDCE clocked by clk  {rise@0.000ns fall@1.000ns period=2.000ns})
  Path Group:             clk
  Path Type:              Hold (Min at Slow Process Corner)
  Requirement:            0.000ns  (clk rise@0.000ns - clk rise@0.000ns)
  Data Path Delay:        0.255ns  (logic 0.142ns (55.686%)  route 0.113ns (44.314%))
  Logic Levels:           2  (CARRY8=1 LUT2=1)
  Clock Path Skew:        0.169ns (DCD - SCD - CPR)
    Destination Clock Delay (DCD):    3.547ns
    Source Clock Delay      (SCD):    2.717ns
    Clock Pessimism Removal (CPR):    0.660ns
  Clock Net Delay (Source):      2.030ns (routing 1.083ns, distribution 0.947ns)
  Clock Net Delay (Destination): 2.313ns (routing 1.193ns, distribution 1.120ns)

    Location             Delay type                Incr(ns)  Path(ns)    Netlist Resource(s)
  -------------------------------------------------------------------    -------------------
                         (clock clk rise edge)        0.000     0.000 r  
    D14                                               0.000     0.000 r  clk (IN)
                         net (fo=0)                   0.000     0.000    u_boundary_ibuf/I
    D14                  INBUF (Prop_INBUF_HDIOB_M_PAD_O)
                                                      0.495     0.495 r  u_boundary_ibuf/INBUF_INST/O
                         net (fo=1, routed)           0.000     0.495    u_boundary_ibuf/OUT
    D14                  IBUFCTRL (Prop_IBUFCTRL_HDIOB_M_I_O)
                                                      0.000     0.495 r  u_boundary_ibuf/IBUFCTRL_INST/O
                         net (fo=1, routed)           0.169     0.664    clk_ibuf
    BUFGCE_HDIO_X0Y7     BUFGCE (Prop_BUFCE_BUFGCE_HDIO_I_O)
                                                      0.024     0.688 r  u_boundary_bufg/O
    X2Y1 (CLOCK_ROOT)    net (fo=28281, routed)       2.030     2.717    u_dut/frozen_r4c/clk
    SLICE_X91Y60         FDCE                                         r  u_dut/frozen_r4c/red_s0_data_reg[63][20]/C
  -------------------------------------------------------------------    -------------------
    SLICE_X91Y60         FDCE (Prop_EFF_SLICEL_C_Q)
                                                      0.059     2.776 r  u_dut/frozen_r4c/red_s0_data_reg[63][20]/Q
                         net (fo=1, routed)           0.096     2.872    u_dut/frozen_r4c/red_s0_data_reg[63][20]
    SLICE_X91Y57         LUT2 (Prop_E6LUT_SLICEL_I1_O)
                                                      0.057     2.929 r  u_dut/frozen_r4c/red_s1_data[31][23]_i_5/O
                         net (fo=1, routed)           0.008     2.937    u_dut/frozen_r4c/red_s1_data[31][23]_i_5_n_0
    SLICE_X91Y57         CARRY8 (Prop_CARRY8_SLICEL_S[4]_O[4])
                                                      0.026     2.963 r  u_dut/frozen_r4c/red_s1_data_reg[31][23]_i_1/O[4]
                         net (fo=1, routed)           0.009     2.972    u_dut/frozen_r4c/r3r_s1_sum_now[31][20]
    SLICE_X91Y57         FDCE                                         r  u_dut/frozen_r4c/red_s1_data_reg[31][20]/D
  -------------------------------------------------------------------    -------------------

                         (clock clk rise edge)        0.000     0.000 r  
    D14                                               0.000     0.000 r  clk (IN)
                         net (fo=0)                   0.000     0.000    u_boundary_ibuf/I
    D14                  INBUF (Prop_INBUF_HDIOB_M_PAD_O)
                                                      1.002     1.002 r  u_boundary_ibuf/INBUF_INST/O
                         net (fo=1, routed)           0.000     1.002    u_boundary_ibuf/OUT
    D14                  IBUFCTRL (Prop_IBUFCTRL_HDIOB_M_I_O)
                                                      0.000     1.002 r  u_boundary_ibuf/IBUFCTRL_INST/O
                         net (fo=1, routed)           0.204     1.206    clk_ibuf
    BUFGCE_HDIO_X0Y7     BUFGCE (Prop_BUFCE_BUFGCE_HDIO_I_O)
                                                      0.028     1.234 r  u_boundary_bufg/O
    X2Y1 (CLOCK_ROOT)    net (fo=28281, routed)       2.313     3.547    u_dut/frozen_r4c/clk
    SLICE_X91Y57         FDCE                                         r  u_dut/frozen_r4c/red_s1_data_reg[31][20]/C
                         clock pessimism             -0.660     2.887    
    SLICE_X91Y57         FDCE (Hold_EFF_SLICEL_C_D)
                                                      0.060     2.947    u_dut/frozen_r4c/red_s1_data_reg[31][20]
  -------------------------------------------------------------------
                         required time                         -2.947    
                         arrival time                           2.972    
  -------------------------------------------------------------------
                         slack                                  0.026    

Slack (MET) :             0.026ns  (arrival time - required time)
  Source:                 u_dut/frozen_r4c/signal_reg_reg[0][6]/C
                            (rising edge-triggered cell FDCE clocked by clk  {rise@0.000ns fall@1.000ns period=2.000ns})
  Destination:            u_dut/frozen_r4c/signal_reg_reg[32][7]/D
                            (rising edge-triggered cell FDCE clocked by clk  {rise@0.000ns fall@1.000ns period=2.000ns})
  Path Group:             clk
  Path Type:              Hold (Min at Slow Process Corner)
  Requirement:            0.000ns  (clk rise@0.000ns - clk rise@0.000ns)
  Data Path Delay:        0.289ns  (logic 0.112ns (38.765%)  route 0.177ns (61.235%))
  Logic Levels:           1  (CARRY8=1)
  Clock Path Skew:        0.203ns (DCD - SCD - CPR)
    Destination Clock Delay (DCD):    3.577ns
    Source Clock Delay      (SCD):    2.718ns
    Clock Pessimism Removal (CPR):    0.656ns
  Clock Net Delay (Source):      2.030ns (routing 1.083ns, distribution 0.947ns)
  Clock Net Delay (Destination): 2.343ns (routing 1.193ns, distribution 1.150ns)

    Location             Delay type                Incr(ns)  Path(ns)    Netlist Resource(s)
  -------------------------------------------------------------------    -------------------
                         (clock clk rise edge)        0.000     0.000 r  
    D14                                               0.000     0.000 r  clk (IN)
                         net (fo=0)                   0.000     0.000    u_boundary_ibuf/I
    D14                  INBUF (Prop_INBUF_HDIOB_M_PAD_O)
                                                      0.495     0.495 r  u_boundary_ibuf/INBUF_INST/O
                         net (fo=1, routed)           0.000     0.495    u_boundary_ibuf/OUT
    D14                  IBUFCTRL (Prop_IBUFCTRL_HDIOB_M_I_O)
                                                      0.000     0.495 r  u_boundary_ibuf/IBUFCTRL_INST/O
                         net (fo=1, routed)           0.169     0.664    clk_ibuf
    BUFGCE_HDIO_X0Y7     BUFGCE (Prop_BUFCE_BUFGCE_HDIO_I_O)
                                                      0.024     0.688 r  u_boundary_bufg/O
    X2Y1 (CLOCK_ROOT)    net (fo=28281, routed)       2.030     2.718    u_dut/frozen_r4c/clk
    SLICE_X91Y115        FDCE                                         r  u_dut/frozen_r4c/signal_reg_reg[0][6]/C
  -------------------------------------------------------------------    -------------------
    SLICE_X91Y115        FDCE (Prop_GFF_SLICEL_C_Q)
                                                      0.059     2.777 r  u_dut/frozen_r4c/signal_reg_reg[0][6]/Q
                         net (fo=4, routed)           0.167     2.944    u_dut/frozen_r4c/signal_reg_reg[0][6]
    SLICE_X91Y121        CARRY8 (Prop_CARRY8_SLICEL_DI[6]_O[7])
                                                      0.053     2.997 r  u_dut/frozen_r4c/signal_reg_reg[32][7]_i_1/O[7]
                         net (fo=1, routed)           0.010     3.007    u_dut/frozen_r4c/signal_reg_reg[32][7]_i_1_n_8
    SLICE_X91Y121        FDCE                                         r  u_dut/frozen_r4c/signal_reg_reg[32][7]/D
  -------------------------------------------------------------------    -------------------

                         (clock clk rise edge)        0.000     0.000 r  
    D14                                               0.000     0.000 r  clk (IN)
                         net (fo=0)                   0.000     0.000    u_boundary_ibuf/I
    D14                  INBUF (Prop_INBUF_HDIOB_M_PAD_O)
                                                      1.002     1.002 r  u_boundary_ibuf/INBUF_INST/O
                         net (fo=1, routed)           0.000     1.002    u_boundary_ibuf/OUT
    D14                  IBUFCTRL (Prop_IBUFCTRL_HDIOB_M_I_O)
                                                      0.000     1.002 r  u_boundary_ibuf/IBUFCTRL_INST/O
                         net (fo=1, routed)           0.204     1.206    clk_ibuf
    BUFGCE_HDIO_X0Y7     BUFGCE (Prop_BUFCE_BUFGCE_HDIO_I_O)
                                                      0.028     1.234 r  u_boundary_bufg/O
    X2Y1 (CLOCK_ROOT)    net (fo=28281, routed)       2.343     3.577    u_dut/frozen_r4c/clk
    SLICE_X91Y121        FDCE                                         r  u_dut/frozen_r4c/signal_reg_reg[32][7]/C
                         clock pessimism             -0.656     2.921    
    SLICE_X91Y121        FDCE (Hold_HFF_SLICEL_C_D)
                                                      0.060     2.981    u_dut/frozen_r4c/signal_reg_reg[32][7]
  -------------------------------------------------------------------
                         required time                         -2.981    
                         arrival time                           3.007    
  -------------------------------------------------------------------
                         slack                                  0.026    

Slack (MET) :             0.026ns  (arrival time - required time)
  Source:                 u_dut/frozen_r4c/sched_coeff_reg_reg[127][0]/C
                            (rising edge-triggered cell FDCE clocked by clk  {rise@0.000ns fall@1.000ns period=2.000ns})
  Destination:            u_dut/frozen_r4c/operand_coeff_reg_reg[127][0]/D
                            (rising edge-triggered cell FDCE clocked by clk  {rise@0.000ns fall@1.000ns period=2.000ns})
  Path Group:             clk
  Path Type:              Hold (Min at Slow Process Corner)
  Requirement:            0.000ns  (clk rise@0.000ns - clk rise@0.000ns)
  Data Path Delay:        0.192ns  (logic 0.060ns (31.250%)  route 0.132ns (68.750%))
  Logic Levels:           0  
  Clock Path Skew:        0.106ns (DCD - SCD - CPR)
    Destination Clock Delay (DCD):    3.550ns
    Source Clock Delay      (SCD):    2.727ns
    Clock Pessimism Removal (CPR):    0.717ns
  Clock Net Delay (Source):      2.039ns (routing 1.083ns, distribution 0.956ns)
  Clock Net Delay (Destination): 2.316ns (routing 1.193ns, distribution 1.123ns)

    Location             Delay type                Incr(ns)  Path(ns)    Netlist Resource(s)
  -------------------------------------------------------------------    -------------------
                         (clock clk rise edge)        0.000     0.000 r  
    D14                                               0.000     0.000 r  clk (IN)
                         net (fo=0)                   0.000     0.000    u_boundary_ibuf/I
    D14                  INBUF (Prop_INBUF_HDIOB_M_PAD_O)
                                                      0.495     0.495 r  u_boundary_ibuf/INBUF_INST/O
                         net (fo=1, routed)           0.000     0.495    u_boundary_ibuf/OUT
    D14                  IBUFCTRL (Prop_IBUFCTRL_HDIOB_M_I_O)
                                                      0.000     0.495 r  u_boundary_ibuf/IBUFCTRL_INST/O
                         net (fo=1, routed)           0.169     0.664    clk_ibuf
    BUFGCE_HDIO_X0Y7     BUFGCE (Prop_BUFCE_BUFGCE_HDIO_I_O)
                                                      0.024     0.688 r  u_boundary_bufg/O
    X2Y1 (CLOCK_ROOT)    net (fo=28281, routed)       2.039     2.727    u_dut/frozen_r4c/clk
    SLICE_X91Y47         FDCE                                         r  u_dut/frozen_r4c/sched_coeff_reg_reg[127][0]/C
  -------------------------------------------------------------------    -------------------
    SLICE_X91Y47         FDCE (Prop_BFF2_SLICEL_C_Q)
                                                      0.060     2.787 r  u_dut/frozen_r4c/sched_coeff_reg_reg[127][0]/Q
                         net (fo=1, routed)           0.132     2.919    u_dut/frozen_r4c/sched_coeff_reg_reg[127][0]
    SLICE_X93Y47         FDCE                                         r  u_dut/frozen_r4c/operand_coeff_reg_reg[127][0]/D
  -------------------------------------------------------------------    -------------------

                         (clock clk rise edge)        0.000     0.000 r  
    D14                                               0.000     0.000 r  clk (IN)
                         net (fo=0)                   0.000     0.000    u_boundary_ibuf/I
    D14                  INBUF (Prop_INBUF_HDIOB_M_PAD_O)
                                                      1.002     1.002 r  u_boundary_ibuf/INBUF_INST/O
                         net (fo=1, routed)           0.000     1.002    u_boundary_ibuf/OUT
    D14                  IBUFCTRL (Prop_IBUFCTRL_HDIOB_M_I_O)
                                                      0.000     1.002 r  u_boundary_ibuf/IBUFCTRL_INST/O
                         net (fo=1, routed)           0.204     1.206    clk_ibuf
    BUFGCE_HDIO_X0Y7     BUFGCE (Prop_BUFCE_BUFGCE_HDIO_I_O)
                                                      0.028     1.234 r  u_boundary_bufg/O
    X2Y1 (CLOCK_ROOT)    net (fo=28281, routed)       2.316     3.550    u_dut/frozen_r4c/clk
    SLICE_X93Y47         FDCE                                         r  u_dut/frozen_r4c/operand_coeff_reg_reg[127][0]/C
                         clock pessimism             -0.717     2.832    
    SLICE_X93Y47         FDCE (Hold_GFF_SLICEM_C_D)
                                                      0.060     2.892    u_dut/frozen_r4c/operand_coeff_reg_reg[127][0]
  -------------------------------------------------------------------
                         required time                         -2.892    
                         arrival time                           2.919    
  -------------------------------------------------------------------
                         slack                                  0.026    

Slack (MET) :             0.026ns  (arrival time - required time)
  Source:                 u_dut/frozen_r4c/dot_value_bank_reg[1][6][6]/C
                            (rising edge-triggered cell FDCE clocked by clk  {rise@0.000ns fall@1.000ns period=2.000ns})
  Destination:            u_dut/frozen_r4c/signal_reg_reg[24][6]/D
                            (rising edge-triggered cell FDCE clocked by clk  {rise@0.000ns fall@1.000ns period=2.000ns})
  Path Group:             clk
  Path Type:              Hold (Min at Slow Process Corner)
  Requirement:            0.000ns  (clk rise@0.000ns - clk rise@0.000ns)
  Data Path Delay:        0.298ns  (logic 0.108ns (36.193%)  route 0.190ns (63.807%))
  Logic Levels:           2  (CARRY8=1 LUT4=1)
  Clock Path Skew:        0.212ns (DCD - SCD - CPR)
    Destination Clock Delay (DCD):    3.584ns
    Source Clock Delay      (SCD):    2.716ns
    Clock Pessimism Removal (CPR):    0.656ns
  Clock Net Delay (Source):      2.028ns (routing 1.083ns, distribution 0.945ns)
  Clock Net Delay (Destination): 2.350ns (routing 1.193ns, distribution 1.157ns)

    Location             Delay type                Incr(ns)  Path(ns)    Netlist Resource(s)
  -------------------------------------------------------------------    -------------------
                         (clock clk rise edge)        0.000     0.000 r  
    D14                                               0.000     0.000 r  clk (IN)
                         net (fo=0)                   0.000     0.000    u_boundary_ibuf/I
    D14                  INBUF (Prop_INBUF_HDIOB_M_PAD_O)
                                                      0.495     0.495 r  u_boundary_ibuf/INBUF_INST/O
                         net (fo=1, routed)           0.000     0.495    u_boundary_ibuf/OUT
    D14                  IBUFCTRL (Prop_IBUFCTRL_HDIOB_M_I_O)
                                                      0.000     0.495 r  u_boundary_ibuf/IBUFCTRL_INST/O
                         net (fo=1, routed)           0.169     0.664    clk_ibuf
    BUFGCE_HDIO_X0Y7     BUFGCE (Prop_BUFCE_BUFGCE_HDIO_I_O)
                                                      0.024     0.688 r  u_boundary_bufg/O
    X2Y1 (CLOCK_ROOT)    net (fo=28281, routed)       2.028     2.716    u_dut/frozen_r4c/clk
    SLICE_X91Y118        FDCE                                         r  u_dut/frozen_r4c/dot_value_bank_reg[1][6][6]/C
  -------------------------------------------------------------------    -------------------
    SLICE_X91Y118        FDCE (Prop_AFF2_SLICEL_C_Q)
                                                      0.060     2.776 r  u_dut/frozen_r4c/dot_value_bank_reg[1][6][6]/Q
                         net (fo=2, routed)           0.171     2.947    u_dut/frozen_r4c/dot_value_bank_reg[1][6][6]
    SLICE_X94Y124        LUT4 (Prop_G6LUT_SLICEL_I3_O)
                                                      0.022     2.969 r  u_dut/frozen_r4c/signal_reg[24][7]_i_3/O
                         net (fo=1, routed)           0.009     2.978    u_dut/frozen_r4c/signal_reg[24][7]_i_3_n_0
    SLICE_X94Y124        CARRY8 (Prop_CARRY8_SLICEL_S[6]_O[6])
                                                      0.026     3.004 r  u_dut/frozen_r4c/signal_reg_reg[24][7]_i_1/O[6]
                         net (fo=1, routed)           0.010     3.014    u_dut/frozen_r4c/signal_reg_reg[24][7]_i_1_n_9
    SLICE_X94Y124        FDCE                                         r  u_dut/frozen_r4c/signal_reg_reg[24][6]/D
  -------------------------------------------------------------------    -------------------

                         (clock clk rise edge)        0.000     0.000 r  
    D14                                               0.000     0.000 r  clk (IN)
                         net (fo=0)                   0.000     0.000    u_boundary_ibuf/I
    D14                  INBUF (Prop_INBUF_HDIOB_M_PAD_O)
                                                      1.002     1.002 r  u_boundary_ibuf/INBUF_INST/O
                         net (fo=1, routed)           0.000     1.002    u_boundary_ibuf/OUT
    D14                  IBUFCTRL (Prop_IBUFCTRL_HDIOB_M_I_O)
                                                      0.000     1.002 r  u_boundary_ibuf/IBUFCTRL_INST/O
                         net (fo=1, routed)           0.204     1.206    clk_ibuf
    BUFGCE_HDIO_X0Y7     BUFGCE (Prop_BUFCE_BUFGCE_HDIO_I_O)
                                                      0.028     1.234 r  u_boundary_bufg/O
    X2Y1 (CLOCK_ROOT)    net (fo=28281, routed)       2.350     3.584    u_dut/frozen_r4c/clk
    SLICE_X94Y124        FDCE                                         r  u_dut/frozen_r4c/signal_reg_reg[24][6]/C
                         clock pessimism             -0.656     2.928    
    SLICE_X94Y124        FDCE (Hold_GFF_SLICEL_C_D)
                                                      0.060     2.988    u_dut/frozen_r4c/signal_reg_reg[24][6]
  -------------------------------------------------------------------
                         required time                         -2.988    
                         arrival time                           3.014    
  -------------------------------------------------------------------
                         slack                                  0.026    

Slack (MET) :             0.027ns  (arrival time - required time)
  Source:                 u_dut/result_hold_data_reg[16]/C
                            (rising edge-triggered cell FDRE clocked by clk  {rise@0.000ns fall@1.000ns period=2.000ns})
  Destination:            sink_it_data_out_q_reg[16]/D
                            (rising edge-triggered cell FDRE clocked by clk  {rise@0.000ns fall@1.000ns period=2.000ns})
  Path Group:             clk
  Path Type:              Hold (Min at Slow Process Corner)
  Requirement:            0.000ns  (clk rise@0.000ns - clk rise@0.000ns)
  Data Path Delay:        0.209ns  (logic 0.059ns (28.230%)  route 0.150ns (71.770%))
  Logic Levels:           0  
  Clock Path Skew:        0.120ns (DCD - SCD - CPR)
    Destination Clock Delay (DCD):    3.527ns
    Source Clock Delay      (SCD):    2.697ns
    Clock Pessimism Removal (CPR):    0.709ns
  Clock Net Delay (Source):      2.010ns (routing 1.083ns, distribution 0.927ns)
  Clock Net Delay (Destination): 2.293ns (routing 1.193ns, distribution 1.100ns)

    Location             Delay type                Incr(ns)  Path(ns)    Netlist Resource(s)
  -------------------------------------------------------------------    -------------------
                         (clock clk rise edge)        0.000     0.000 r  
    D14                                               0.000     0.000 r  clk (IN)
                         net (fo=0)                   0.000     0.000    u_boundary_ibuf/I
    D14                  INBUF (Prop_INBUF_HDIOB_M_PAD_O)
                                                      0.495     0.495 r  u_boundary_ibuf/INBUF_INST/O
                         net (fo=1, routed)           0.000     0.495    u_boundary_ibuf/OUT
    D14                  IBUFCTRL (Prop_IBUFCTRL_HDIOB_M_I_O)
                                                      0.000     0.495 r  u_boundary_ibuf/IBUFCTRL_INST/O
                         net (fo=1, routed)           0.169     0.664    clk_ibuf
    BUFGCE_HDIO_X0Y7     BUFGCE (Prop_BUFCE_BUFGCE_HDIO_I_O)
                                                      0.024     0.688 r  u_boundary_bufg/O
    X2Y1 (CLOCK_ROOT)    net (fo=28281, routed)       2.010     2.697    u_dut/clk
    SLICE_X73Y150        FDRE                                         r  u_dut/result_hold_data_reg[16]/C
  -------------------------------------------------------------------    -------------------
    SLICE_X73Y150        FDRE (Prop_DFF_SLICEL_C_Q)
                                                      0.059     2.756 r  u_dut/result_hold_data_reg[16]/Q
                         net (fo=1, routed)           0.150     2.906    dut_it_data_out[16]
    SLICE_X72Y148        FDRE                                         r  sink_it_data_out_q_reg[16]/D
  -------------------------------------------------------------------    -------------------

                         (clock clk rise edge)        0.000     0.000 r  
    D14                                               0.000     0.000 r  clk (IN)
                         net (fo=0)                   0.000     0.000    u_boundary_ibuf/I
    D14                  INBUF (Prop_INBUF_HDIOB_M_PAD_O)
                                                      1.002     1.002 r  u_boundary_ibuf/INBUF_INST/O
                         net (fo=1, routed)           0.000     1.002    u_boundary_ibuf/OUT
    D14                  IBUFCTRL (Prop_IBUFCTRL_HDIOB_M_I_O)
                                                      0.000     1.002 r  u_boundary_ibuf/IBUFCTRL_INST/O
                         net (fo=1, routed)           0.204     1.206    clk_ibuf
    BUFGCE_HDIO_X0Y7     BUFGCE (Prop_BUFCE_BUFGCE_HDIO_I_O)
                                                      0.028     1.234 r  u_boundary_bufg/O
    X2Y1 (CLOCK_ROOT)    net (fo=28281, routed)       2.293     3.527    clk_g
    SLICE_X72Y148        FDRE                                         r  sink_it_data_out_q_reg[16]/C
                         clock pessimism             -0.709     2.818    
    SLICE_X72Y148        FDRE (Hold_AFF2_SLICEL_C_D)
                                                      0.062     2.880    sink_it_data_out_q_reg[16]
  -------------------------------------------------------------------
                         required time                         -2.880    
                         arrival time                           2.906    
  -------------------------------------------------------------------
                         slack                                  0.027    

Slack (MET) :             0.027ns  (arrival time - required time)
  Source:                 u_dut/frozen_r4c/signal_reg_reg[0][11]/C
                            (rising edge-triggered cell FDCE clocked by clk  {rise@0.000ns fall@1.000ns period=2.000ns})
  Destination:            u_dut/frozen_r4c/signal_reg_reg[32][12]/D
                            (rising edge-triggered cell FDCE clocked by clk  {rise@0.000ns fall@1.000ns period=2.000ns})
  Path Group:             clk
  Path Type:              Hold (Min at Slow Process Corner)
  Requirement:            0.000ns  (clk rise@0.000ns - clk rise@0.000ns)
  Data Path Delay:        0.292ns  (logic 0.139ns (47.622%)  route 0.153ns (52.378%))
  Logic Levels:           1  (CARRY8=1)
  Clock Path Skew:        0.205ns (DCD - SCD - CPR)
    Destination Clock Delay (DCD):    3.577ns
    Source Clock Delay      (SCD):    2.716ns
    Clock Pessimism Removal (CPR):    0.656ns
  Clock Net Delay (Source):      2.028ns (routing 1.083ns, distribution 0.945ns)
  Clock Net Delay (Destination): 2.343ns (routing 1.193ns, distribution 1.150ns)

    Location             Delay type                Incr(ns)  Path(ns)    Netlist Resource(s)
  -------------------------------------------------------------------    -------------------
                         (clock clk rise edge)        0.000     0.000 r  
    D14                                               0.000     0.000 r  clk (IN)
                         net (fo=0)                   0.000     0.000    u_boundary_ibuf/I
    D14                  INBUF (Prop_INBUF_HDIOB_M_PAD_O)
                                                      0.495     0.495 r  u_boundary_ibuf/INBUF_INST/O
                         net (fo=1, routed)           0.000     0.495    u_boundary_ibuf/OUT
    D14                  IBUFCTRL (Prop_IBUFCTRL_HDIOB_M_I_O)
                                                      0.000     0.495 r  u_boundary_ibuf/IBUFCTRL_INST/O
                         net (fo=1, routed)           0.169     0.664    clk_ibuf
    BUFGCE_HDIO_X0Y7     BUFGCE (Prop_BUFCE_BUFGCE_HDIO_I_O)
                                                      0.024     0.688 r  u_boundary_bufg/O
    X2Y1 (CLOCK_ROOT)    net (fo=28281, routed)       2.028     2.716    u_dut/frozen_r4c/clk
    SLICE_X91Y116        FDCE                                         r  u_dut/frozen_r4c/signal_reg_reg[0][11]/C
  -------------------------------------------------------------------    -------------------
    SLICE_X91Y116        FDCE (Prop_DFF_SLICEL_C_Q)
                                                      0.059     2.775 r  u_dut/frozen_r4c/signal_reg_reg[0][11]/Q
                         net (fo=4, routed)           0.144     2.919    u_dut/frozen_r4c/signal_reg_reg[0][11]
    SLICE_X91Y122        CARRY8 (Prop_CARRY8_SLICEL_DI[3]_O[4])
                                                      0.080     2.999 r  u_dut/frozen_r4c/signal_reg_reg[32][15]_i_1/O[4]
                         net (fo=1, routed)           0.009     3.008    u_dut/frozen_r4c/signal_reg_reg[32][15]_i_1_n_11
    SLICE_X91Y122        FDCE                                         r  u_dut/frozen_r4c/signal_reg_reg[32][12]/D
  -------------------------------------------------------------------    -------------------

                         (clock clk rise edge)        0.000     0.000 r  
    D14                                               0.000     0.000 r  clk (IN)
                         net (fo=0)                   0.000     0.000    u_boundary_ibuf/I
    D14                  INBUF (Prop_INBUF_HDIOB_M_PAD_O)
                                                      1.002     1.002 r  u_boundary_ibuf/INBUF_INST/O
                         net (fo=1, routed)           0.000     1.002    u_boundary_ibuf/OUT
    D14                  IBUFCTRL (Prop_IBUFCTRL_HDIOB_M_I_O)
                                                      0.000     1.002 r  u_boundary_ibuf/IBUFCTRL_INST/O
                         net (fo=1, routed)           0.204     1.206    clk_ibuf
    BUFGCE_HDIO_X0Y7     BUFGCE (Prop_BUFCE_BUFGCE_HDIO_I_O)
                                                      0.028     1.234 r  u_boundary_bufg/O
    X2Y1 (CLOCK_ROOT)    net (fo=28281, routed)       2.343     3.577    u_dut/frozen_r4c/clk
    SLICE_X91Y122        FDCE                                         r  u_dut/frozen_r4c/signal_reg_reg[32][12]/C
                         clock pessimism             -0.656     2.921    
    SLICE_X91Y122        FDCE (Hold_EFF_SLICEL_C_D)
                                                      0.060     2.981    u_dut/frozen_r4c/signal_reg_reg[32][12]
  -------------------------------------------------------------------
                         required time                         -2.981    
                         arrival time                           3.008    
  -------------------------------------------------------------------
                         slack                                  0.027    

Slack (MET) :             0.027ns  (arrival time - required time)
  Source:                 u_dut/frozen_r4c/dot_value_bank_reg[0][15][9]/C
                            (rising edge-triggered cell FDCE clocked by clk  {rise@0.000ns fall@1.000ns period=2.000ns})
  Destination:            u_dut/frozen_r4c/signal_reg_reg[36][9]/D
                            (rising edge-triggered cell FDCE clocked by clk  {rise@0.000ns fall@1.000ns period=2.000ns})
  Path Group:             clk
  Path Type:              Hold (Min at Slow Process Corner)
  Requirement:            0.000ns  (clk rise@0.000ns - clk rise@0.000ns)
  Data Path Delay:        0.278ns  (logic 0.123ns (44.321%)  route 0.155ns (55.679%))
  Logic Levels:           2  (CARRY8=1 LUT4=1)
  Clock Path Skew:        0.191ns (DCD - SCD - CPR)
    Destination Clock Delay (DCD):    3.499ns
    Source Clock Delay      (SCD):    2.652ns
    Clock Pessimism Removal (CPR):    0.656ns
  Clock Net Delay (Source):      1.965ns (routing 1.083ns, distribution 0.882ns)
  Clock Net Delay (Destination): 2.265ns (routing 1.193ns, distribution 1.072ns)

    Location             Delay type                Incr(ns)  Path(ns)    Netlist Resource(s)
  -------------------------------------------------------------------    -------------------
                         (clock clk rise edge)        0.000     0.000 r  
    D14                                               0.000     0.000 r  clk (IN)
                         net (fo=0)                   0.000     0.000    u_boundary_ibuf/I
    D14                  INBUF (Prop_INBUF_HDIOB_M_PAD_O)
                                                      0.495     0.495 r  u_boundary_ibuf/INBUF_INST/O
                         net (fo=1, routed)           0.000     0.495    u_boundary_ibuf/OUT
    D14                  IBUFCTRL (Prop_IBUFCTRL_HDIOB_M_I_O)
                                                      0.000     0.495 r  u_boundary_ibuf/IBUFCTRL_INST/O
                         net (fo=1, routed)           0.169     0.664    clk_ibuf
    BUFGCE_HDIO_X0Y7     BUFGCE (Prop_BUFCE_BUFGCE_HDIO_I_O)
                                                      0.024     0.688 r  u_boundary_bufg/O
    X2Y1 (CLOCK_ROOT)    net (fo=28281, routed)       1.965     2.652    u_dut/frozen_r4c/clk
    SLICE_X88Y119        FDCE                                         r  u_dut/frozen_r4c/dot_value_bank_reg[0][15][9]/C
  -------------------------------------------------------------------    -------------------
    SLICE_X88Y119        FDCE (Prop_GFF2_SLICEL_C_Q)
                                                      0.060     2.712 r  u_dut/frozen_r4c/dot_value_bank_reg[0][15][9]/Q
                         net (fo=2, routed)           0.130     2.842    u_dut/frozen_r4c/dot_value_bank_reg[0][15][9]
    SLICE_X89Y122        LUT4 (Prop_B6LUT_SLICEM_I2_O)
                                                      0.035     2.877 r  u_dut/frozen_r4c/signal_reg[36][15]_i_8/O
                         net (fo=1, routed)           0.015     2.892    u_dut/frozen_r4c/signal_reg[36][15]_i_8_n_0
    SLICE_X89Y122        CARRY8 (Prop_CARRY8_SLICEM_S[1]_O[1])
                                                      0.028     2.920 r  u_dut/frozen_r4c/signal_reg_reg[36][15]_i_1/O[1]
                         net (fo=1, routed)           0.010     2.930    u_dut/frozen_r4c/signal_reg_reg[36][15]_i_1_n_14
    SLICE_X89Y122        FDCE                                         r  u_dut/frozen_r4c/signal_reg_reg[36][9]/D
  -------------------------------------------------------------------    -------------------

                         (clock clk rise edge)        0.000     0.000 r  
    D14                                               0.000     0.000 r  clk (IN)
                         net (fo=0)                   0.000     0.000    u_boundary_ibuf/I
    D14                  INBUF (Prop_INBUF_HDIOB_M_PAD_O)
                                                      1.002     1.002 r  u_boundary_ibuf/INBUF_INST/O
                         net (fo=1, routed)           0.000     1.002    u_boundary_ibuf/OUT
    D14                  IBUFCTRL (Prop_IBUFCTRL_HDIOB_M_I_O)
                                                      0.000     1.002 r  u_boundary_ibuf/IBUFCTRL_INST/O
                         net (fo=1, routed)           0.204     1.206    clk_ibuf
    BUFGCE_HDIO_X0Y7     BUFGCE (Prop_BUFCE_BUFGCE_HDIO_I_O)
                                                      0.028     1.234 r  u_boundary_bufg/O
    X2Y1 (CLOCK_ROOT)    net (fo=28281, routed)       2.265     3.499    u_dut/frozen_r4c/clk
    SLICE_X89Y122        FDCE                                         r  u_dut/frozen_r4c/signal_reg_reg[36][9]/C
                         clock pessimism             -0.656     2.843    
    SLICE_X89Y122        FDCE (Hold_BFF_SLICEM_C_D)
                                                      0.060     2.903    u_dut/frozen_r4c/signal_reg_reg[36][9]
  -------------------------------------------------------------------
                         required time                         -2.903    
                         arrival time                           2.930    
  -------------------------------------------------------------------
                         slack                                  0.027    

Slack (MET) :             0.027ns  (arrival time - required time)
  Source:                 u_dut/frozen_r4c/bf_vector_id_reg[8]/C
                            (rising edge-triggered cell FDCE clocked by clk  {rise@0.000ns fall@1.000ns period=2.000ns})
  Destination:            u_dut/frozen_r4c/capture_vector_id_reg[8]/D
                            (rising edge-triggered cell FDRE clocked by clk  {rise@0.000ns fall@1.000ns period=2.000ns})
  Path Group:             clk
  Path Type:              Hold (Min at Slow Process Corner)
  Requirement:            0.000ns  (clk rise@0.000ns - clk rise@0.000ns)
  Data Path Delay:        0.127ns  (logic 0.059ns (46.457%)  route 0.068ns (53.543%))
  Logic Levels:           0  
  Clock Path Skew:        0.038ns (DCD - SCD - CPR)
    Destination Clock Delay (DCD):    3.540ns
    Source Clock Delay      (SCD):    2.740ns
    Clock Pessimism Removal (CPR):    0.762ns
  Clock Net Delay (Source):      2.052ns (routing 1.083ns, distribution 0.969ns)
  Clock Net Delay (Destination): 2.306ns (routing 1.193ns, distribution 1.113ns)

    Location             Delay type                Incr(ns)  Path(ns)    Netlist Resource(s)
  -------------------------------------------------------------------    -------------------
                         (clock clk rise edge)        0.000     0.000 r  
    D14                                               0.000     0.000 r  clk (IN)
                         net (fo=0)                   0.000     0.000    u_boundary_ibuf/I
    D14                  INBUF (Prop_INBUF_HDIOB_M_PAD_O)
                                                      0.495     0.495 r  u_boundary_ibuf/INBUF_INST/O
                         net (fo=1, routed)           0.000     0.495    u_boundary_ibuf/OUT
    D14                  IBUFCTRL (Prop_IBUFCTRL_HDIOB_M_I_O)
                                                      0.000     0.495 r  u_boundary_ibuf/IBUFCTRL_INST/O
                         net (fo=1, routed)           0.169     0.664    clk_ibuf
    BUFGCE_HDIO_X0Y7     BUFGCE (Prop_BUFCE_BUFGCE_HDIO_I_O)
                                                      0.024     0.688 r  u_boundary_bufg/O
    X2Y1 (CLOCK_ROOT)    net (fo=28281, routed)       2.052     2.740    u_dut/frozen_r4c/clk
    SLICE_X70Y174        FDCE                                         r  u_dut/frozen_r4c/bf_vector_id_reg[8]/C
  -------------------------------------------------------------------    -------------------
    SLICE_X70Y174        FDCE (Prop_EFF_SLICEL_C_Q)
                                                      0.059     2.799 r  u_dut/frozen_r4c/bf_vector_id_reg[8]/Q
                         net (fo=1, routed)           0.068     2.867    u_dut/frozen_r4c/bf_vector_id_reg_n_0_[8]
    SLICE_X70Y173        FDRE                                         r  u_dut/frozen_r4c/capture_vector_id_reg[8]/D
  -------------------------------------------------------------------    -------------------

                         (clock clk rise edge)        0.000     0.000 r  
    D14                                               0.000     0.000 r  clk (IN)
                         net (fo=0)                   0.000     0.000    u_boundary_ibuf/I
    D14                  INBUF (Prop_INBUF_HDIOB_M_PAD_O)
                                                      1.002     1.002 r  u_boundary_ibuf/INBUF_INST/O
                         net (fo=1, routed)           0.000     1.002    u_boundary_ibuf/OUT
    D14                  IBUFCTRL (Prop_IBUFCTRL_HDIOB_M_I_O)
                                                      0.000     1.002 r  u_boundary_ibuf/IBUFCTRL_INST/O
                         net (fo=1, routed)           0.204     1.206    clk_ibuf
    BUFGCE_HDIO_X0Y7     BUFGCE (Prop_BUFCE_BUFGCE_HDIO_I_O)
                                                      0.028     1.234 r  u_boundary_bufg/O
    X2Y1 (CLOCK_ROOT)    net (fo=28281, routed)       2.306     3.540    u_dut/frozen_r4c/clk
    SLICE_X70Y173        FDRE                                         r  u_dut/frozen_r4c/capture_vector_id_reg[8]/C
                         clock pessimism             -0.762     2.778    
    SLICE_X70Y173        FDRE (Hold_HFF2_SLICEL_C_D)
                                                      0.062     2.840    u_dut/frozen_r4c/capture_vector_id_reg[8]
  -------------------------------------------------------------------
                         required time                         -2.840    
                         arrival time                           2.867    
  -------------------------------------------------------------------
                         slack                                  0.027    

Slack (MET) :             0.027ns  (arrival time - required time)
  Source:                 source_lfsr_q_reg[29]/C
                            (rising edge-triggered cell FDRE clocked by clk  {rise@0.000ns fall@1.000ns period=2.000ns})
  Destination:            source_lfsr_q_reg[30]/D
                            (rising edge-triggered cell FDRE clocked by clk  {rise@0.000ns fall@1.000ns period=2.000ns})
  Path Group:             clk
  Path Type:              Hold (Min at Slow Process Corner)
  Requirement:            0.000ns  (clk rise@0.000ns - clk rise@0.000ns)
  Data Path Delay:        0.127ns  (logic 0.061ns (48.031%)  route 0.066ns (51.968%))
  Logic Levels:           0  
  Clock Path Skew:        0.038ns (DCD - SCD - CPR)
    Destination Clock Delay (DCD):    3.440ns
    Source Clock Delay      (SCD):    2.647ns
    Clock Pessimism Removal (CPR):    0.754ns
  Clock Net Delay (Source):      1.960ns (routing 1.083ns, distribution 0.877ns)
  Clock Net Delay (Destination): 2.206ns (routing 1.193ns, distribution 1.013ns)

    Location             Delay type                Incr(ns)  Path(ns)    Netlist Resource(s)
  -------------------------------------------------------------------    -------------------
                         (clock clk rise edge)        0.000     0.000 r  
    D14                                               0.000     0.000 r  clk (IN)
                         net (fo=0)                   0.000     0.000    u_boundary_ibuf/I
    D14                  INBUF (Prop_INBUF_HDIOB_M_PAD_O)
                                                      0.495     0.495 r  u_boundary_ibuf/INBUF_INST/O
                         net (fo=1, routed)           0.000     0.495    u_boundary_ibuf/OUT
    D14                  IBUFCTRL (Prop_IBUFCTRL_HDIOB_M_I_O)
                                                      0.000     0.495 r  u_boundary_ibuf/IBUFCTRL_INST/O
                         net (fo=1, routed)           0.169     0.664    clk_ibuf
    BUFGCE_HDIO_X0Y7     BUFGCE (Prop_BUFCE_BUFGCE_HDIO_I_O)
                                                      0.024     0.688 r  u_boundary_bufg/O
    X2Y1 (CLOCK_ROOT)    net (fo=28281, routed)       1.960     2.647    clk_g
    SLICE_X80Y115        FDRE                                         r  source_lfsr_q_reg[29]/C
  -------------------------------------------------------------------    -------------------
    SLICE_X80Y115        FDRE (Prop_DFF2_SLICEL_C_Q)
                                                      0.061     2.708 r  source_lfsr_q_reg[29]/Q
                         net (fo=1, routed)           0.066     2.774    source_lfsr_q[29]
    SLICE_X80Y114        FDRE                                         r  source_lfsr_q_reg[30]/D
  -------------------------------------------------------------------    -------------------

                         (clock clk rise edge)        0.000     0.000 r  
    D14                                               0.000     0.000 r  clk (IN)
                         net (fo=0)                   0.000     0.000    u_boundary_ibuf/I
    D14                  INBUF (Prop_INBUF_HDIOB_M_PAD_O)
                                                      1.002     1.002 r  u_boundary_ibuf/INBUF_INST/O
                         net (fo=1, routed)           0.000     1.002    u_boundary_ibuf/OUT
    D14                  IBUFCTRL (Prop_IBUFCTRL_HDIOB_M_I_O)
                                                      0.000     1.002 r  u_boundary_ibuf/IBUFCTRL_INST/O
                         net (fo=1, routed)           0.204     1.206    clk_ibuf
    BUFGCE_HDIO_X0Y7     BUFGCE (Prop_BUFCE_BUFGCE_HDIO_I_O)
                                                      0.028     1.234 r  u_boundary_bufg/O
    X2Y1 (CLOCK_ROOT)    net (fo=28281, routed)       2.206     3.440    clk_g
    SLICE_X80Y114        FDRE                                         r  source_lfsr_q_reg[30]/C
                         clock pessimism             -0.754     2.685    
    SLICE_X80Y114        FDRE (Hold_EFF2_SLICEL_C_D)
                                                      0.062     2.747    source_lfsr_q_reg[30]
  -------------------------------------------------------------------
                         required time                         -2.747    
                         arrival time                           2.774    
  -------------------------------------------------------------------
                         slack                                  0.027    

Slack (MET) :             0.027ns  (arrival time - required time)
  Source:                 src_it_data_in_q_reg[1]/C
                            (rising edge-triggered cell FDRE clocked by clk  {rise@0.000ns fall@1.000ns period=2.000ns})
  Destination:            u_dut/input_wr_data_a3_q_reg[1]/D
                            (rising edge-triggered cell FDRE clocked by clk  {rise@0.000ns fall@1.000ns period=2.000ns})
  Path Group:             clk
  Path Type:              Hold (Min at Slow Process Corner)
  Requirement:            0.000ns  (clk rise@0.000ns - clk rise@0.000ns)
  Data Path Delay:        0.174ns  (logic 0.060ns (34.403%)  route 0.114ns (65.597%))
  Logic Levels:           0  
  Clock Path Skew:        0.085ns (DCD - SCD - CPR)
    Destination Clock Delay (DCD):    3.438ns
    Source Clock Delay      (SCD):    2.647ns
    Clock Pessimism Removal (CPR):    0.705ns
  Clock Net Delay (Source):      1.960ns (routing 1.083ns, distribution 0.877ns)
  Clock Net Delay (Destination): 2.204ns (routing 1.193ns, distribution 1.011ns)

    Location             Delay type                Incr(ns)  Path(ns)    Netlist Resource(s)
  -------------------------------------------------------------------    -------------------
                         (clock clk rise edge)        0.000     0.000 r  
    D14                                               0.000     0.000 r  clk (IN)
                         net (fo=0)                   0.000     0.000    u_boundary_ibuf/I
    D14                  INBUF (Prop_INBUF_HDIOB_M_PAD_O)
                                                      0.495     0.495 r  u_boundary_ibuf/INBUF_INST/O
                         net (fo=1, routed)           0.000     0.495    u_boundary_ibuf/OUT
    D14                  IBUFCTRL (Prop_IBUFCTRL_HDIOB_M_I_O)
                                                      0.000     0.495 r  u_boundary_ibuf/IBUFCTRL_INST/O
                         net (fo=1, routed)           0.169     0.664    clk_ibuf
    BUFGCE_HDIO_X0Y7     BUFGCE (Prop_BUFCE_BUFGCE_HDIO_I_O)
                                                      0.024     0.688 r  u_boundary_bufg/O
    X2Y1 (CLOCK_ROOT)    net (fo=28281, routed)       1.960     2.647    clk_g
    SLICE_X80Y109        FDRE                                         r  src_it_data_in_q_reg[1]/C
  -------------------------------------------------------------------    -------------------
    SLICE_X80Y109        FDRE (Prop_FFF2_SLICEL_C_Q)
                                                      0.060     2.707 r  src_it_data_in_q_reg[1]/Q
                         net (fo=8, routed)           0.114     2.822    u_dut/it_data_in[1]
    SLICE_X81Y110        FDRE                                         r  u_dut/input_wr_data_a3_q_reg[1]/D
  -------------------------------------------------------------------    -------------------

                         (clock clk rise edge)        0.000     0.000 r  
    D14                                               0.000     0.000 r  clk (IN)
                         net (fo=0)                   0.000     0.000    u_boundary_ibuf/I
    D14                  INBUF (Prop_INBUF_HDIOB_M_PAD_O)
                                                      1.002     1.002 r  u_boundary_ibuf/INBUF_INST/O
                         net (fo=1, routed)           0.000     1.002    u_boundary_ibuf/OUT
    D14                  IBUFCTRL (Prop_IBUFCTRL_HDIOB_M_I_O)
                                                      0.000     1.002 r  u_boundary_ibuf/IBUFCTRL_INST/O
                         net (fo=1, routed)           0.204     1.206    clk_ibuf
    BUFGCE_HDIO_X0Y7     BUFGCE (Prop_BUFCE_BUFGCE_HDIO_I_O)
                                                      0.028     1.234 r  u_boundary_bufg/O
    X2Y1 (CLOCK_ROOT)    net (fo=28281, routed)       2.204     3.438    u_dut/clk
    SLICE_X81Y110        FDRE                                         r  u_dut/input_wr_data_a3_q_reg[1]/C
                         clock pessimism             -0.705     2.732    
    SLICE_X81Y110        FDRE (Hold_AFF2_SLICEM_C_D)
                                                      0.062     2.794    u_dut/input_wr_data_a3_q_reg[1]
  -------------------------------------------------------------------
                         required time                         -2.794    
                         arrival time                           2.822    
  -------------------------------------------------------------------
                         slack                                  0.027    

Slack (MET) :             0.027ns  (arrival time - required time)
  Source:                 u_dut/frozen_r4c/red_s0_data_reg[62][21]/C
                            (rising edge-triggered cell FDCE clocked by clk  {rise@0.000ns fall@1.000ns period=2.000ns})
  Destination:            u_dut/frozen_r4c/red_s1_data_reg[31][21]/D
                            (rising edge-triggered cell FDCE clocked by clk  {rise@0.000ns fall@1.000ns period=2.000ns})
  Path Group:             clk
  Path Type:              Hold (Min at Slow Process Corner)
  Requirement:            0.000ns  (clk rise@0.000ns - clk rise@0.000ns)
  Data Path Delay:        0.189ns  (logic 0.105ns (55.414%)  route 0.084ns (44.586%))
  Logic Levels:           2  (CARRY8=1 LUT2=1)
  Clock Path Skew:        0.102ns (DCD - SCD - CPR)
    Destination Clock Delay (DCD):    3.547ns
    Source Clock Delay      (SCD):    2.727ns
    Clock Pessimism Removal (CPR):    0.717ns
  Clock Net Delay (Source):      2.040ns (routing 1.083ns, distribution 0.957ns)
  Clock Net Delay (Destination): 2.313ns (routing 1.193ns, distribution 1.120ns)

    Location             Delay type                Incr(ns)  Path(ns)    Netlist Resource(s)
  -------------------------------------------------------------------    -------------------
                         (clock clk rise edge)        0.000     0.000 r  
    D14                                               0.000     0.000 r  clk (IN)
                         net (fo=0)                   0.000     0.000    u_boundary_ibuf/I
    D14                  INBUF (Prop_INBUF_HDIOB_M_PAD_O)
                                                      0.495     0.495 r  u_boundary_ibuf/INBUF_INST/O
                         net (fo=1, routed)           0.000     0.495    u_boundary_ibuf/OUT
    D14                  IBUFCTRL (Prop_IBUFCTRL_HDIOB_M_I_O)
                                                      0.000     0.495 r  u_boundary_ibuf/IBUFCTRL_INST/O
                         net (fo=1, routed)           0.169     0.664    clk_ibuf
    BUFGCE_HDIO_X0Y7     BUFGCE (Prop_BUFCE_BUFGCE_HDIO_I_O)
                                                      0.024     0.688 r  u_boundary_bufg/O
    X2Y1 (CLOCK_ROOT)    net (fo=28281, routed)       2.040     2.727    u_dut/frozen_r4c/clk
    SLICE_X92Y57         FDCE                                         r  u_dut/frozen_r4c/red_s0_data_reg[62][21]/C
  -------------------------------------------------------------------    -------------------
    SLICE_X92Y57         FDCE (Prop_FFF_SLICEM_C_Q)
                                                      0.057     2.784 r  u_dut/frozen_r4c/red_s0_data_reg[62][21]/Q
                         net (fo=2, routed)           0.063     2.848    u_dut/frozen_r4c/red_s0_data_reg[62][21]
    SLICE_X91Y57         LUT2 (Prop_F6LUT_SLICEL_I0_O)
                                                      0.022     2.870 r  u_dut/frozen_r4c/red_s1_data[31][23]_i_4/O
                         net (fo=1, routed)           0.011     2.881    u_dut/frozen_r4c/red_s1_data[31][23]_i_4_n_0
    SLICE_X91Y57         CARRY8 (Prop_CARRY8_SLICEL_S[5]_O[5])
                                                      0.026     2.907 r  u_dut/frozen_r4c/red_s1_data_reg[31][23]_i_1/O[5]
                         net (fo=1, routed)           0.010     2.917    u_dut/frozen_r4c/r3r_s1_sum_now[31][21]
    SLICE_X91Y57         FDCE                                         r  u_dut/frozen_r4c/red_s1_data_reg[31][21]/D
  -------------------------------------------------------------------    -------------------

                         (clock clk rise edge)        0.000     0.000 r  
    D14                                               0.000     0.000 r  clk (IN)
                         net (fo=0)                   0.000     0.000    u_boundary_ibuf/I
    D14                  INBUF (Prop_INBUF_HDIOB_M_PAD_O)
                                                      1.002     1.002 r  u_boundary_ibuf/INBUF_INST/O
                         net (fo=1, routed)           0.000     1.002    u_boundary_ibuf/OUT
    D14                  IBUFCTRL (Prop_IBUFCTRL_HDIOB_M_I_O)
                                                      0.000     1.002 r  u_boundary_ibuf/IBUFCTRL_INST/O
                         net (fo=1, routed)           0.204     1.206    clk_ibuf
    BUFGCE_HDIO_X0Y7     BUFGCE (Prop_BUFCE_BUFGCE_HDIO_I_O)
                                                      0.028     1.234 r  u_boundary_bufg/O
    X2Y1 (CLOCK_ROOT)    net (fo=28281, routed)       2.313     3.547    u_dut/frozen_r4c/clk
    SLICE_X91Y57         FDCE                                         r  u_dut/frozen_r4c/red_s1_data_reg[31][21]/C
                         clock pessimism             -0.717     2.829    
    SLICE_X91Y57         FDCE (Hold_FFF_SLICEL_C_D)
                                                      0.060     2.889    u_dut/frozen_r4c/red_s1_data_reg[31][21]
  -------------------------------------------------------------------
                         required time                         -2.889    
                         arrival time                           2.917    
  -------------------------------------------------------------------
                         slack                                  0.027    

Slack (MET) :             0.028ns  (arrival time - required time)
  Source:                 u_dut/frozen_r4c/sched_coeff_reg_reg[48][4]/C
                            (rising edge-triggered cell FDCE clocked by clk  {rise@0.000ns fall@1.000ns period=2.000ns})
  Destination:            u_dut/frozen_r4c/operand_coeff_reg_reg[48][4]/D
                            (rising edge-triggered cell FDCE clocked by clk  {rise@0.000ns fall@1.000ns period=2.000ns})
  Path Group:             clk
  Path Type:              Hold (Min at Slow Process Corner)
  Requirement:            0.000ns  (clk rise@0.000ns - clk rise@0.000ns)
  Data Path Delay:        0.131ns  (logic 0.061ns (46.565%)  route 0.070ns (53.435%))
  Logic Levels:           0  
  Clock Path Skew:        0.041ns (DCD - SCD - CPR)
    Destination Clock Delay (DCD):    3.428ns
    Source Clock Delay      (SCD):    2.630ns
    Clock Pessimism Removal (CPR):    0.757ns
  Clock Net Delay (Source):      1.942ns (routing 1.083ns, distribution 0.859ns)
  Clock Net Delay (Destination): 2.194ns (routing 1.193ns, distribution 1.001ns)

    Location             Delay type                Incr(ns)  Path(ns)    Netlist Resource(s)
  -------------------------------------------------------------------    -------------------
                         (clock clk rise edge)        0.000     0.000 r  
    D14                                               0.000     0.000 r  clk (IN)
                         net (fo=0)                   0.000     0.000    u_boundary_ibuf/I
    D14                  INBUF (Prop_INBUF_HDIOB_M_PAD_O)
                                                      0.495     0.495 r  u_boundary_ibuf/INBUF_INST/O
                         net (fo=1, routed)           0.000     0.495    u_boundary_ibuf/OUT
    D14                  IBUFCTRL (Prop_IBUFCTRL_HDIOB_M_I_O)
                                                      0.000     0.495 r  u_boundary_ibuf/IBUFCTRL_INST/O
                         net (fo=1, routed)           0.169     0.664    clk_ibuf
    BUFGCE_HDIO_X0Y7     BUFGCE (Prop_BUFCE_BUFGCE_HDIO_I_O)
                                                      0.024     0.688 r  u_boundary_bufg/O
    X2Y1 (CLOCK_ROOT)    net (fo=28281, routed)       1.942     2.630    u_dut/frozen_r4c/clk
    SLICE_X80Y86         FDCE                                         r  u_dut/frozen_r4c/sched_coeff_reg_reg[48][4]/C
  -------------------------------------------------------------------    -------------------
    SLICE_X80Y86         FDCE (Prop_DFF2_SLICEL_C_Q)
                                                      0.061     2.691 r  u_dut/frozen_r4c/sched_coeff_reg_reg[48][4]/Q
                         net (fo=1, routed)           0.070     2.761    u_dut/frozen_r4c/sched_coeff_reg_reg[48][4]
    SLICE_X80Y85         FDCE                                         r  u_dut/frozen_r4c/operand_coeff_reg_reg[48][4]/D
  -------------------------------------------------------------------    -------------------

                         (clock clk rise edge)        0.000     0.000 r  
    D14                                               0.000     0.000 r  clk (IN)
                         net (fo=0)                   0.000     0.000    u_boundary_ibuf/I
    D14                  INBUF (Prop_INBUF_HDIOB_M_PAD_O)
                                                      1.002     1.002 r  u_boundary_ibuf/INBUF_INST/O
                         net (fo=1, routed)           0.000     1.002    u_boundary_ibuf/OUT
    D14                  IBUFCTRL (Prop_IBUFCTRL_HDIOB_M_I_O)
                                                      0.000     1.002 r  u_boundary_ibuf/IBUFCTRL_INST/O
                         net (fo=1, routed)           0.204     1.206    clk_ibuf
    BUFGCE_HDIO_X0Y7     BUFGCE (Prop_BUFCE_BUFGCE_HDIO_I_O)
                                                      0.028     1.234 r  u_boundary_bufg/O
    X2Y1 (CLOCK_ROOT)    net (fo=28281, routed)       2.194     3.428    u_dut/frozen_r4c/clk
    SLICE_X80Y85         FDCE                                         r  u_dut/frozen_r4c/operand_coeff_reg_reg[48][4]/C
                         clock pessimism             -0.757     2.671    
    SLICE_X80Y85         FDCE (Hold_FFF2_SLICEL_C_D)
                                                      0.062     2.733    u_dut/frozen_r4c/operand_coeff_reg_reg[48][4]
  -------------------------------------------------------------------
                         required time                         -2.733    
                         arrival time                           2.761    
  -------------------------------------------------------------------
                         slack                                  0.028    

Slack (MET) :             0.028ns  (arrival time - required time)
  Source:                 u_dut/frozen_r4c/signal_reg_reg[106][18]/C
                            (rising edge-triggered cell FDCE clocked by clk  {rise@0.000ns fall@1.000ns period=2.000ns})
  Destination:            u_dut/frozen_r4c/stage16_mem_reg[0][46][12]/D
                            (rising edge-triggered cell FDCE clocked by clk  {rise@0.000ns fall@1.000ns period=2.000ns})
  Path Group:             clk
  Path Type:              Hold (Min at Slow Process Corner)
  Requirement:            0.000ns  (clk rise@0.000ns - clk rise@0.000ns)
  Data Path Delay:        0.197ns  (logic 0.086ns (43.655%)  route 0.111ns (56.345%))
  Logic Levels:           1  (CARRY8=1)
  Clock Path Skew:        0.109ns (DCD - SCD - CPR)
    Destination Clock Delay (DCD):    3.541ns
    Source Clock Delay      (SCD):    2.723ns
    Clock Pessimism Removal (CPR):    0.709ns
  Clock Net Delay (Source):      2.035ns (routing 1.083ns, distribution 0.952ns)
  Clock Net Delay (Destination): 2.307ns (routing 1.193ns, distribution 1.114ns)

    Location             Delay type                Incr(ns)  Path(ns)    Netlist Resource(s)
  -------------------------------------------------------------------    -------------------
                         (clock clk rise edge)        0.000     0.000 r  
    D14                                               0.000     0.000 r  clk (IN)
                         net (fo=0)                   0.000     0.000    u_boundary_ibuf/I
    D14                  INBUF (Prop_INBUF_HDIOB_M_PAD_O)
                                                      0.495     0.495 r  u_boundary_ibuf/INBUF_INST/O
                         net (fo=1, routed)           0.000     0.495    u_boundary_ibuf/OUT
    D14                  IBUFCTRL (Prop_IBUFCTRL_HDIOB_M_I_O)
                                                      0.000     0.495 r  u_boundary_ibuf/IBUFCTRL_INST/O
                         net (fo=1, routed)           0.169     0.664    clk_ibuf
    BUFGCE_HDIO_X0Y7     BUFGCE (Prop_BUFCE_BUFGCE_HDIO_I_O)
                                                      0.024     0.688 r  u_boundary_bufg/O
    X2Y1 (CLOCK_ROOT)    net (fo=28281, routed)       2.035     2.723    u_dut/frozen_r4c/clk
    SLICE_X69Y159        FDCE                                         r  u_dut/frozen_r4c/signal_reg_reg[106][18]/C
  -------------------------------------------------------------------    -------------------
    SLICE_X69Y159        FDCE (Prop_CFF_SLICEL_C_Q)
                                                      0.058     2.781 r  u_dut/frozen_r4c/signal_reg_reg[106][18]/Q
                         net (fo=1, routed)           0.101     2.882    u_dut/frozen_r4c/signal_reg_reg[106][18]
    SLICE_X67Y158        CARRY8 (Prop_CARRY8_SLICEM_S[6]_O[6])
                                                      0.028     2.910 r  u_dut/frozen_r4c/stage16_mem_reg[0][46][6]_i_1/O[6]
                         net (fo=4, routed)           0.010     2.920    u_dut/frozen_r4c/stage16_mem_reg[0][46][6]_i_1_n_9
    SLICE_X67Y158        FDCE                                         r  u_dut/frozen_r4c/stage16_mem_reg[0][46][12]/D
  -------------------------------------------------------------------    -------------------

                         (clock clk rise edge)        0.000     0.000 r  
    D14                                               0.000     0.000 r  clk (IN)
                         net (fo=0)                   0.000     0.000    u_boundary_ibuf/I
    D14                  INBUF (Prop_INBUF_HDIOB_M_PAD_O)
                                                      1.002     1.002 r  u_boundary_ibuf/INBUF_INST/O
                         net (fo=1, routed)           0.000     1.002    u_boundary_ibuf/OUT
    D14                  IBUFCTRL (Prop_IBUFCTRL_HDIOB_M_I_O)
                                                      0.000     1.002 r  u_boundary_ibuf/IBUFCTRL_INST/O
                         net (fo=1, routed)           0.204     1.206    clk_ibuf
    BUFGCE_HDIO_X0Y7     BUFGCE (Prop_BUFCE_BUFGCE_HDIO_I_O)
                                                      0.028     1.234 r  u_boundary_bufg/O
    X2Y1 (CLOCK_ROOT)    net (fo=28281, routed)       2.307     3.541    u_dut/frozen_r4c/clk
    SLICE_X67Y158        FDCE                                         r  u_dut/frozen_r4c/stage16_mem_reg[0][46][12]/C
                         clock pessimism             -0.709     2.832    
    SLICE_X67Y158        FDCE (Hold_GFF_SLICEM_C_D)
                                                      0.060     2.892    u_dut/frozen_r4c/stage16_mem_reg[0][46][12]
  -------------------------------------------------------------------
                         required time                         -2.892    
                         arrival time                           2.920    
  -------------------------------------------------------------------
                         slack                                  0.028    

Slack (MET) :             0.028ns  (arrival time - required time)
  Source:                 u_dut/frozen_r4c/sched_coeff_reg_reg[88][7]/C
                            (rising edge-triggered cell FDCE clocked by clk  {rise@0.000ns fall@1.000ns period=2.000ns})
  Destination:            u_dut/frozen_r4c/operand_coeff_reg_reg[88][7]/D
                            (rising edge-triggered cell FDCE clocked by clk  {rise@0.000ns fall@1.000ns period=2.000ns})
  Path Group:             clk
  Path Type:              Hold (Min at Slow Process Corner)
  Requirement:            0.000ns  (clk rise@0.000ns - clk rise@0.000ns)
  Data Path Delay:        0.138ns  (logic 0.060ns (43.478%)  route 0.078ns (56.522%))
  Logic Levels:           0  
  Clock Path Skew:        0.048ns (DCD - SCD - CPR)
    Destination Clock Delay (DCD):    3.621ns
    Source Clock Delay      (SCD):    2.804ns
    Clock Pessimism Removal (CPR):    0.770ns
  Clock Net Delay (Source):      2.116ns (routing 1.083ns, distribution 1.033ns)
  Clock Net Delay (Destination): 2.388ns (routing 1.193ns, distribution 1.195ns)

    Location             Delay type                Incr(ns)  Path(ns)    Netlist Resource(s)
  -------------------------------------------------------------------    -------------------
                         (clock clk rise edge)        0.000     0.000 r  
    D14                                               0.000     0.000 r  clk (IN)
                         net (fo=0)                   0.000     0.000    u_boundary_ibuf/I
    D14                  INBUF (Prop_INBUF_HDIOB_M_PAD_O)
                                                      0.495     0.495 r  u_boundary_ibuf/INBUF_INST/O
                         net (fo=1, routed)           0.000     0.495    u_boundary_ibuf/OUT
    D14                  IBUFCTRL (Prop_IBUFCTRL_HDIOB_M_I_O)
                                                      0.000     0.495 r  u_boundary_ibuf/IBUFCTRL_INST/O
                         net (fo=1, routed)           0.169     0.664    clk_ibuf
    BUFGCE_HDIO_X0Y7     BUFGCE (Prop_BUFCE_BUFGCE_HDIO_I_O)
                                                      0.024     0.688 r  u_boundary_bufg/O
    X2Y1 (CLOCK_ROOT)    net (fo=28281, routed)       2.116     2.804    u_dut/frozen_r4c/clk
    SLICE_X106Y62        FDCE                                         r  u_dut/frozen_r4c/sched_coeff_reg_reg[88][7]/C
  -------------------------------------------------------------------    -------------------
    SLICE_X106Y62        FDCE (Prop_BFF2_SLICEM_C_Q)
                                                      0.060     2.864 r  u_dut/frozen_r4c/sched_coeff_reg_reg[88][7]/Q
                         net (fo=1, routed)           0.078     2.942    u_dut/frozen_r4c/sched_coeff_reg_reg[88][7]
    SLICE_X106Y63        FDCE                                         r  u_dut/frozen_r4c/operand_coeff_reg_reg[88][7]/D
  -------------------------------------------------------------------    -------------------

                         (clock clk rise edge)        0.000     0.000 r  
    D14                                               0.000     0.000 r  clk (IN)
                         net (fo=0)                   0.000     0.000    u_boundary_ibuf/I
    D14                  INBUF (Prop_INBUF_HDIOB_M_PAD_O)
                                                      1.002     1.002 r  u_boundary_ibuf/INBUF_INST/O
                         net (fo=1, routed)           0.000     1.002    u_boundary_ibuf/OUT
    D14                  IBUFCTRL (Prop_IBUFCTRL_HDIOB_M_I_O)
                                                      0.000     1.002 r  u_boundary_ibuf/IBUFCTRL_INST/O
                         net (fo=1, routed)           0.204     1.206    clk_ibuf
    BUFGCE_HDIO_X0Y7     BUFGCE (Prop_BUFCE_BUFGCE_HDIO_I_O)
                                                      0.028     1.234 r  u_boundary_bufg/O
    X2Y1 (CLOCK_ROOT)    net (fo=28281, routed)       2.388     3.621    u_dut/frozen_r4c/clk
    SLICE_X106Y63        FDCE                                         r  u_dut/frozen_r4c/operand_coeff_reg_reg[88][7]/C
                         clock pessimism             -0.770     2.851    
    SLICE_X106Y63        FDCE (Hold_BFF2_SLICEM_C_D)
                                                      0.062     2.913    u_dut/frozen_r4c/operand_coeff_reg_reg[88][7]
  -------------------------------------------------------------------
                         required time                         -2.913    
                         arrival time                           2.942    
  -------------------------------------------------------------------
                         slack                                  0.028    

Slack (MET) :             0.028ns  (arrival time - required time)
  Source:                 u_dut/frozen_r4c/dot_value_bank_reg[1][3][4]/C
                            (rising edge-triggered cell FDCE clocked by clk  {rise@0.000ns fall@1.000ns period=2.000ns})
  Destination:            u_dut/frozen_r4c/signal_reg_reg[5][4]/D
                            (rising edge-triggered cell FDCE clocked by clk  {rise@0.000ns fall@1.000ns period=2.000ns})
  Path Group:             clk
  Path Type:              Hold (Min at Slow Process Corner)
  Requirement:            0.000ns  (clk rise@0.000ns - clk rise@0.000ns)
  Data Path Delay:        0.291ns  (logic 0.121ns (41.523%)  route 0.170ns (58.477%))
  Logic Levels:           2  (CARRY8=1 LUT5=1)
  Clock Path Skew:        0.203ns (DCD - SCD - CPR)
    Destination Clock Delay (DCD):    3.595ns
    Source Clock Delay      (SCD):    2.736ns
    Clock Pessimism Removal (CPR):    0.656ns
  Clock Net Delay (Source):      2.048ns (routing 1.083ns, distribution 0.965ns)
  Clock Net Delay (Destination): 2.361ns (routing 1.193ns, distribution 1.168ns)

    Location             Delay type                Incr(ns)  Path(ns)    Netlist Resource(s)
  -------------------------------------------------------------------    -------------------
                         (clock clk rise edge)        0.000     0.000 r  
    D14                                               0.000     0.000 r  clk (IN)
                         net (fo=0)                   0.000     0.000    u_boundary_ibuf/I
    D14                  INBUF (Prop_INBUF_HDIOB_M_PAD_O)
                                                      0.495     0.495 r  u_boundary_ibuf/INBUF_INST/O
                         net (fo=1, routed)           0.000     0.495    u_boundary_ibuf/OUT
    D14                  IBUFCTRL (Prop_IBUFCTRL_HDIOB_M_I_O)
                                                      0.000     0.495 r  u_boundary_ibuf/IBUFCTRL_INST/O
                         net (fo=1, routed)           0.169     0.664    clk_ibuf
    BUFGCE_HDIO_X0Y7     BUFGCE (Prop_BUFCE_BUFGCE_HDIO_I_O)
                                                      0.024     0.688 r  u_boundary_bufg/O
    X2Y1 (CLOCK_ROOT)    net (fo=28281, routed)       2.048     2.736    u_dut/frozen_r4c/clk
    SLICE_X96Y119        FDCE                                         r  u_dut/frozen_r4c/dot_value_bank_reg[1][3][4]/C
  -------------------------------------------------------------------    -------------------
    SLICE_X96Y119        FDCE (Prop_EFF2_SLICEM_C_Q)
                                                      0.060     2.796 r  u_dut/frozen_r4c/dot_value_bank_reg[1][3][4]/Q
                         net (fo=2, routed)           0.153     2.949    u_dut/frozen_r4c/dot_value_bank_reg[1][3][4]
    SLICE_X97Y121        LUT5 (Prop_E6LUT_SLICEL_I4_O)
                                                      0.035     2.984 r  u_dut/frozen_r4c/signal_reg[5][7]_i_13/O
                         net (fo=1, routed)           0.008     2.992    u_dut/frozen_r4c/signal_reg[5][7]_i_13_n_0
    SLICE_X97Y121        CARRY8 (Prop_CARRY8_SLICEL_S[4]_O[4])
                                                      0.026     3.018 r  u_dut/frozen_r4c/signal_reg_reg[5][7]_i_1/O[4]
                         net (fo=1, routed)           0.009     3.027    u_dut/frozen_r4c/signal_reg_reg[5][7]_i_1_n_11
    SLICE_X97Y121        FDCE                                         r  u_dut/frozen_r4c/signal_reg_reg[5][4]/D
  -------------------------------------------------------------------    -------------------

                         (clock clk rise edge)        0.000     0.000 r  
    D14                                               0.000     0.000 r  clk (IN)
                         net (fo=0)                   0.000     0.000    u_boundary_ibuf/I
    D14                  INBUF (Prop_INBUF_HDIOB_M_PAD_O)
                                                      1.002     1.002 r  u_boundary_ibuf/INBUF_INST/O
                         net (fo=1, routed)           0.000     1.002    u_boundary_ibuf/OUT
    D14                  IBUFCTRL (Prop_IBUFCTRL_HDIOB_M_I_O)
                                                      0.000     1.002 r  u_boundary_ibuf/IBUFCTRL_INST/O
                         net (fo=1, routed)           0.204     1.206    clk_ibuf
    BUFGCE_HDIO_X0Y7     BUFGCE (Prop_BUFCE_BUFGCE_HDIO_I_O)
                                                      0.028     1.234 r  u_boundary_bufg/O
    X2Y1 (CLOCK_ROOT)    net (fo=28281, routed)       2.361     3.595    u_dut/frozen_r4c/clk
    SLICE_X97Y121        FDCE                                         r  u_dut/frozen_r4c/signal_reg_reg[5][4]/C
                         clock pessimism             -0.656     2.939    
    SLICE_X97Y121        FDCE (Hold_EFF_SLICEL_C_D)
                                                      0.060     2.999    u_dut/frozen_r4c/signal_reg_reg[5][4]
  -------------------------------------------------------------------
                         required time                         -2.999    
                         arrival time                           3.027    
  -------------------------------------------------------------------
                         slack                                  0.028    

Slack (MET) :             0.029ns  (arrival time - required time)
  Source:                 u_dut/frozen_r4c/dot_value_bank_reg[1][4][20]/C
                            (rising edge-triggered cell FDCE clocked by clk  {rise@0.000ns fall@1.000ns period=2.000ns})
  Destination:            u_dut/frozen_r4c/signal_reg_reg[32][20]/D
                            (rising edge-triggered cell FDCE clocked by clk  {rise@0.000ns fall@1.000ns period=2.000ns})
  Path Group:             clk
  Path Type:              Hold (Min at Slow Process Corner)
  Requirement:            0.000ns  (clk rise@0.000ns - clk rise@0.000ns)
  Data Path Delay:        0.292ns  (logic 0.107ns (36.692%)  route 0.185ns (63.308%))
  Logic Levels:           2  (CARRY8=1 LUT4=1)
  Clock Path Skew:        0.203ns (DCD - SCD - CPR)
    Destination Clock Delay (DCD):    3.577ns
    Source Clock Delay      (SCD):    2.718ns
    Clock Pessimism Removal (CPR):    0.656ns
  Clock Net Delay (Source):      2.030ns (routing 1.083ns, distribution 0.947ns)
  Clock Net Delay (Destination): 2.343ns (routing 1.193ns, distribution 1.150ns)

    Location             Delay type                Incr(ns)  Path(ns)    Netlist Resource(s)
  -------------------------------------------------------------------    -------------------
                         (clock clk rise edge)        0.000     0.000 r  
    D14                                               0.000     0.000 r  clk (IN)
                         net (fo=0)                   0.000     0.000    u_boundary_ibuf/I
    D14                  INBUF (Prop_INBUF_HDIOB_M_PAD_O)
                                                      0.495     0.495 r  u_boundary_ibuf/INBUF_INST/O
                         net (fo=1, routed)           0.000     0.495    u_boundary_ibuf/OUT
    D14                  IBUFCTRL (Prop_IBUFCTRL_HDIOB_M_I_O)
                                                      0.000     0.495 r  u_boundary_ibuf/IBUFCTRL_INST/O
                         net (fo=1, routed)           0.169     0.664    clk_ibuf
    BUFGCE_HDIO_X0Y7     BUFGCE (Prop_BUFCE_BUFGCE_HDIO_I_O)
                                                      0.024     0.688 r  u_boundary_bufg/O
    X2Y1 (CLOCK_ROOT)    net (fo=28281, routed)       2.030     2.718    u_dut/frozen_r4c/clk
    SLICE_X91Y118        FDCE                                         r  u_dut/frozen_r4c/dot_value_bank_reg[1][4][20]/C
  -------------------------------------------------------------------    -------------------
    SLICE_X91Y118        FDCE (Prop_HFF2_SLICEL_C_Q)
                                                      0.059     2.777 r  u_dut/frozen_r4c/dot_value_bank_reg[1][4][20]/Q
                         net (fo=2, routed)           0.168     2.944    u_dut/frozen_r4c/dot_value_bank_reg[1][4][20]
    SLICE_X91Y123        LUT4 (Prop_E6LUT_SLICEL_I3_O)
                                                      0.022     2.966 r  u_dut/frozen_r4c/signal_reg[32][21]_i_5/O
                         net (fo=1, routed)           0.008     2.974    u_dut/frozen_r4c/signal_reg[32][21]_i_5_n_0
    SLICE_X91Y123        CARRY8 (Prop_CARRY8_SLICEL_S[4]_O[4])
                                                      0.026     3.000 r  u_dut/frozen_r4c/signal_reg_reg[32][21]_i_1/O[4]
                         net (fo=1, routed)           0.009     3.009    u_dut/frozen_r4c/signal_reg_reg[32][21]_i_1_n_11
    SLICE_X91Y123        FDCE                                         r  u_dut/frozen_r4c/signal_reg_reg[32][20]/D
  -------------------------------------------------------------------    -------------------

                         (clock clk rise edge)        0.000     0.000 r  
    D14                                               0.000     0.000 r  clk (IN)
                         net (fo=0)                   0.000     0.000    u_boundary_ibuf/I
    D14                  INBUF (Prop_INBUF_HDIOB_M_PAD_O)
                                                      1.002     1.002 r  u_boundary_ibuf/INBUF_INST/O
                         net (fo=1, routed)           0.000     1.002    u_boundary_ibuf/OUT
    D14                  IBUFCTRL (Prop_IBUFCTRL_HDIOB_M_I_O)
                                                      0.000     1.002 r  u_boundary_ibuf/IBUFCTRL_INST/O
                         net (fo=1, routed)           0.204     1.206    clk_ibuf
    BUFGCE_HDIO_X0Y7     BUFGCE (Prop_BUFCE_BUFGCE_HDIO_I_O)
                                                      0.028     1.234 r  u_boundary_bufg/O
    X2Y1 (CLOCK_ROOT)    net (fo=28281, routed)       2.343     3.577    u_dut/frozen_r4c/clk
    SLICE_X91Y123        FDCE                                         r  u_dut/frozen_r4c/signal_reg_reg[32][20]/C
                         clock pessimism             -0.656     2.921    
    SLICE_X91Y123        FDCE (Hold_EFF_SLICEL_C_D)
                                                      0.060     2.981    u_dut/frozen_r4c/signal_reg_reg[32][20]
  -------------------------------------------------------------------
                         required time                         -2.981    
                         arrival time                           3.009    
  -------------------------------------------------------------------
                         slack                                  0.029    

Slack (MET) :             0.029ns  (arrival time - required time)
  Source:                 u_dut/frozen_r4c/r4a_vector_buf_b_reg[0][1][3]/C
                            (rising edge-triggered cell FDCE clocked by clk  {rise@0.000ns fall@1.000ns period=2.000ns})
  Destination:            u_dut/frozen_r4c/operand_x_reg_reg[0][3]/D
                            (rising edge-triggered cell FDCE clocked by clk  {rise@0.000ns fall@1.000ns period=2.000ns})
  Path Group:             clk
  Path Type:              Hold (Min at Slow Process Corner)
  Requirement:            0.000ns  (clk rise@0.000ns - clk rise@0.000ns)
  Data Path Delay:        0.193ns  (logic 0.094ns (48.748%)  route 0.099ns (51.252%))
  Logic Levels:           1  (LUT6=1)
  Clock Path Skew:        0.104ns (DCD - SCD - CPR)
    Destination Clock Delay (DCD):    3.570ns
    Source Clock Delay      (SCD):    2.749ns
    Clock Pessimism Removal (CPR):    0.717ns
  Clock Net Delay (Source):      2.061ns (routing 1.083ns, distribution 0.978ns)
  Clock Net Delay (Destination): 2.336ns (routing 1.193ns, distribution 1.143ns)

    Location             Delay type                Incr(ns)  Path(ns)    Netlist Resource(s)
  -------------------------------------------------------------------    -------------------
                         (clock clk rise edge)        0.000     0.000 r  
    D14                                               0.000     0.000 r  clk (IN)
                         net (fo=0)                   0.000     0.000    u_boundary_ibuf/I
    D14                  INBUF (Prop_INBUF_HDIOB_M_PAD_O)
                                                      0.495     0.495 r  u_boundary_ibuf/INBUF_INST/O
                         net (fo=1, routed)           0.000     0.495    u_boundary_ibuf/OUT
    D14                  IBUFCTRL (Prop_IBUFCTRL_HDIOB_M_I_O)
                                                      0.000     0.495 r  u_boundary_ibuf/IBUFCTRL_INST/O
                         net (fo=1, routed)           0.169     0.664    clk_ibuf
    BUFGCE_HDIO_X0Y7     BUFGCE (Prop_BUFCE_BUFGCE_HDIO_I_O)
                                                      0.024     0.688 r  u_boundary_bufg/O
    X2Y1 (CLOCK_ROOT)    net (fo=28281, routed)       2.061     2.749    u_dut/frozen_r4c/clk
    SLICE_X97Y52         FDCE                                         r  u_dut/frozen_r4c/r4a_vector_buf_b_reg[0][1][3]/C
  -------------------------------------------------------------------    -------------------
    SLICE_X97Y52         FDCE (Prop_HFF2_SLICEL_C_Q)
                                                      0.059     2.808 r  u_dut/frozen_r4c/r4a_vector_buf_b_reg[0][1][3]/Q
                         net (fo=3, routed)           0.063     2.870    u_dut/frozen_r4c/r4a_vector_buf_b_reg[0][1][3]
    SLICE_X98Y52         LUT6 (Prop_D6LUT_SLICEM_I5_O)
                                                      0.035     2.905 r  u_dut/frozen_r4c/operand_x_reg[0][3]_i_1/O
                         net (fo=1, routed)           0.036     2.941    u_dut/frozen_r4c/operand_x_reg3_out[3]
    SLICE_X98Y52         FDCE                                         r  u_dut/frozen_r4c/operand_x_reg_reg[0][3]/D
  -------------------------------------------------------------------    -------------------

                         (clock clk rise edge)        0.000     0.000 r  
    D14                                               0.000     0.000 r  clk (IN)
                         net (fo=0)                   0.000     0.000    u_boundary_ibuf/I
    D14                  INBUF (Prop_INBUF_HDIOB_M_PAD_O)
                                                      1.002     1.002 r  u_boundary_ibuf/INBUF_INST/O
                         net (fo=1, routed)           0.000     1.002    u_boundary_ibuf/OUT
    D14                  IBUFCTRL (Prop_IBUFCTRL_HDIOB_M_I_O)
                                                      0.000     1.002 r  u_boundary_ibuf/IBUFCTRL_INST/O
                         net (fo=1, routed)           0.204     1.206    clk_ibuf
    BUFGCE_HDIO_X0Y7     BUFGCE (Prop_BUFCE_BUFGCE_HDIO_I_O)
                                                      0.028     1.234 r  u_boundary_bufg/O
    X2Y1 (CLOCK_ROOT)    net (fo=28281, routed)       2.336     3.570    u_dut/frozen_r4c/clk
    SLICE_X98Y52         FDCE                                         r  u_dut/frozen_r4c/operand_x_reg_reg[0][3]/C
                         clock pessimism             -0.717     2.853    
    SLICE_X98Y52         FDCE (Hold_DFF_SLICEM_C_D)
                                                      0.060     2.913    u_dut/frozen_r4c/operand_x_reg_reg[0][3]
  -------------------------------------------------------------------
                         required time                         -2.913    
                         arrival time                           2.941    
  -------------------------------------------------------------------
                         slack                                  0.029    

Slack (MET) :             0.029ns  (arrival time - required time)
  Source:                 u_dut/frozen_r4c/sched_coeff_reg_reg[40][6]/C
                            (rising edge-triggered cell FDCE clocked by clk  {rise@0.000ns fall@1.000ns period=2.000ns})
  Destination:            u_dut/frozen_r4c/operand_coeff_reg_reg[40][6]/D
                            (rising edge-triggered cell FDCE clocked by clk  {rise@0.000ns fall@1.000ns period=2.000ns})
  Path Group:             clk
  Path Type:              Hold (Min at Slow Process Corner)
  Requirement:            0.000ns  (clk rise@0.000ns - clk rise@0.000ns)
  Data Path Delay:        0.187ns  (logic 0.059ns (31.551%)  route 0.128ns (68.449%))
  Logic Levels:           0  
  Clock Path Skew:        0.096ns (DCD - SCD - CPR)
    Destination Clock Delay (DCD):    3.515ns
    Source Clock Delay      (SCD):    2.707ns
    Clock Pessimism Removal (CPR):    0.712ns
  Clock Net Delay (Source):      2.019ns (routing 1.083ns, distribution 0.936ns)
  Clock Net Delay (Destination): 2.282ns (routing 1.193ns, distribution 1.089ns)

    Location             Delay type                Incr(ns)  Path(ns)    Netlist Resource(s)
  -------------------------------------------------------------------    -------------------
                         (clock clk rise edge)        0.000     0.000 r  
    D14                                               0.000     0.000 r  clk (IN)
                         net (fo=0)                   0.000     0.000    u_boundary_ibuf/I
    D14                  INBUF (Prop_INBUF_HDIOB_M_PAD_O)
                                                      0.495     0.495 r  u_boundary_ibuf/INBUF_INST/O
                         net (fo=1, routed)           0.000     0.495    u_boundary_ibuf/OUT
    D14                  IBUFCTRL (Prop_IBUFCTRL_HDIOB_M_I_O)
                                                      0.000     0.495 r  u_boundary_ibuf/IBUFCTRL_INST/O
                         net (fo=1, routed)           0.169     0.664    clk_ibuf
    BUFGCE_HDIO_X0Y7     BUFGCE (Prop_BUFCE_BUFGCE_HDIO_I_O)
                                                      0.024     0.688 r  u_boundary_bufg/O
    X2Y1 (CLOCK_ROOT)    net (fo=28281, routed)       2.019     2.707    u_dut/frozen_r4c/clk
    SLICE_X94Y87         FDCE                                         r  u_dut/frozen_r4c/sched_coeff_reg_reg[40][6]/C
  -------------------------------------------------------------------    -------------------
    SLICE_X94Y87         FDCE (Prop_CFF2_SLICEL_C_Q)
                                                      0.059     2.766 r  u_dut/frozen_r4c/sched_coeff_reg_reg[40][6]/Q
                         net (fo=1, routed)           0.128     2.894    u_dut/frozen_r4c/sched_coeff_reg_reg[40][6]
    SLICE_X95Y88         FDCE                                         r  u_dut/frozen_r4c/operand_coeff_reg_reg[40][6]/D
  -------------------------------------------------------------------    -------------------

                         (clock clk rise edge)        0.000     0.000 r  
    D14                                               0.000     0.000 r  clk (IN)
                         net (fo=0)                   0.000     0.000    u_boundary_ibuf/I
    D14                  INBUF (Prop_INBUF_HDIOB_M_PAD_O)
                                                      1.002     1.002 r  u_boundary_ibuf/INBUF_INST/O
                         net (fo=1, routed)           0.000     1.002    u_boundary_ibuf/OUT
    D14                  IBUFCTRL (Prop_IBUFCTRL_HDIOB_M_I_O)
                                                      0.000     1.002 r  u_boundary_ibuf/IBUFCTRL_INST/O
                         net (fo=1, routed)           0.204     1.206    clk_ibuf
    BUFGCE_HDIO_X0Y7     BUFGCE (Prop_BUFCE_BUFGCE_HDIO_I_O)
                                                      0.028     1.234 r  u_boundary_bufg/O
    X2Y1 (CLOCK_ROOT)    net (fo=28281, routed)       2.282     3.515    u_dut/frozen_r4c/clk
    SLICE_X95Y88         FDCE                                         r  u_dut/frozen_r4c/operand_coeff_reg_reg[40][6]/C
                         clock pessimism             -0.712     2.803    
    SLICE_X95Y88         FDCE (Hold_GFF2_SLICEM_C_D)
                                                      0.062     2.865    u_dut/frozen_r4c/operand_coeff_reg_reg[40][6]
  -------------------------------------------------------------------
                         required time                         -2.865    
                         arrival time                           2.894    
  -------------------------------------------------------------------
                         slack                                  0.029    

Slack (MET) :             0.029ns  (arrival time - required time)
  Source:                 u_dut/frozen_r4c/r4a_vector_buf_a_reg[0][62][7]/C
                            (rising edge-triggered cell FDCE clocked by clk  {rise@0.000ns fall@1.000ns period=2.000ns})
  Destination:            u_dut/frozen_r4c/operand_x_reg_reg[111][7]/D
                            (rising edge-triggered cell FDCE clocked by clk  {rise@0.000ns fall@1.000ns period=2.000ns})
  Path Group:             clk
  Path Type:              Hold (Min at Slow Process Corner)
  Requirement:            0.000ns  (clk rise@0.000ns - clk rise@0.000ns)
  Data Path Delay:        0.201ns  (logic 0.082ns (40.819%)  route 0.119ns (59.181%))
  Logic Levels:           1  (LUT6=1)
  Clock Path Skew:        0.112ns (DCD - SCD - CPR)
    Destination Clock Delay (DCD):    3.609ns
    Source Clock Delay      (SCD):    2.786ns
    Clock Pessimism Removal (CPR):    0.711ns
  Clock Net Delay (Source):      2.098ns (routing 1.083ns, distribution 1.015ns)
  Clock Net Delay (Destination): 2.375ns (routing 1.193ns, distribution 1.182ns)

    Location             Delay type                Incr(ns)  Path(ns)    Netlist Resource(s)
  -------------------------------------------------------------------    -------------------
                         (clock clk rise edge)        0.000     0.000 r  
    D14                                               0.000     0.000 r  clk (IN)
                         net (fo=0)                   0.000     0.000    u_boundary_ibuf/I
    D14                  INBUF (Prop_INBUF_HDIOB_M_PAD_O)
                                                      0.495     0.495 r  u_boundary_ibuf/INBUF_INST/O
                         net (fo=1, routed)           0.000     0.495    u_boundary_ibuf/OUT
    D14                  IBUFCTRL (Prop_IBUFCTRL_HDIOB_M_I_O)
                                                      0.000     0.495 r  u_boundary_ibuf/IBUFCTRL_INST/O
                         net (fo=1, routed)           0.169     0.664    clk_ibuf
    BUFGCE_HDIO_X0Y7     BUFGCE (Prop_BUFCE_BUFGCE_HDIO_I_O)
                                                      0.024     0.688 r  u_boundary_bufg/O
    X2Y1 (CLOCK_ROOT)    net (fo=28281, routed)       2.098     2.786    u_dut/frozen_r4c/clk
    SLICE_X102Y70        FDCE                                         r  u_dut/frozen_r4c/r4a_vector_buf_a_reg[0][62][7]/C
  -------------------------------------------------------------------    -------------------
    SLICE_X102Y70        FDCE (Prop_EFF2_SLICEL_C_Q)
                                                      0.060     2.846 r  u_dut/frozen_r4c/r4a_vector_buf_a_reg[0][62][7]/Q
                         net (fo=3, routed)           0.097     2.942    u_dut/frozen_r4c/r4a_vector_buf_a_reg[0][62][7]
    SLICE_X104Y70        LUT6 (Prop_D6LUT_SLICEL_I0_O)
                                                      0.022     2.964 r  u_dut/frozen_r4c/operand_x_reg[111][7]_i_1/O
                         net (fo=1, routed)           0.022     2.986    u_dut/frozen_r4c/operand_x_reg[111][7]_i_1_n_0
    SLICE_X104Y70        FDCE                                         r  u_dut/frozen_r4c/operand_x_reg_reg[111][7]/D
  -------------------------------------------------------------------    -------------------

                         (clock clk rise edge)        0.000     0.000 r  
    D14                                               0.000     0.000 r  clk (IN)
                         net (fo=0)                   0.000     0.000    u_boundary_ibuf/I
    D14                  INBUF (Prop_INBUF_HDIOB_M_PAD_O)
                                                      1.002     1.002 r  u_boundary_ibuf/INBUF_INST/O
                         net (fo=1, routed)           0.000     1.002    u_boundary_ibuf/OUT
    D14                  IBUFCTRL (Prop_IBUFCTRL_HDIOB_M_I_O)
                                                      0.000     1.002 r  u_boundary_ibuf/IBUFCTRL_INST/O
                         net (fo=1, routed)           0.204     1.206    clk_ibuf
    BUFGCE_HDIO_X0Y7     BUFGCE (Prop_BUFCE_BUFGCE_HDIO_I_O)
                                                      0.028     1.234 r  u_boundary_bufg/O
    X2Y1 (CLOCK_ROOT)    net (fo=28281, routed)       2.375     3.609    u_dut/frozen_r4c/clk
    SLICE_X104Y70        FDCE                                         r  u_dut/frozen_r4c/operand_x_reg_reg[111][7]/C
                         clock pessimism             -0.711     2.897    
    SLICE_X104Y70        FDCE (Hold_DFF_SLICEL_C_D)
                                                      0.060     2.957    u_dut/frozen_r4c/operand_x_reg_reg[111][7]
  -------------------------------------------------------------------
                         required time                         -2.957    
                         arrival time                           2.986    
  -------------------------------------------------------------------
                         slack                                  0.029    

Slack (MET) :             0.030ns  (arrival time - required time)
  Source:                 u_dut/result_hold_data_reg[12]/C
                            (rising edge-triggered cell FDRE clocked by clk  {rise@0.000ns fall@1.000ns period=2.000ns})
  Destination:            sink_it_data_out_q_reg[12]/D
                            (rising edge-triggered cell FDRE clocked by clk  {rise@0.000ns fall@1.000ns period=2.000ns})
  Path Group:             clk
  Path Type:              Hold (Min at Slow Process Corner)
  Requirement:            0.000ns  (clk rise@0.000ns - clk rise@0.000ns)
  Data Path Delay:        0.133ns  (logic 0.059ns (44.361%)  route 0.074ns (55.639%))
  Logic Levels:           0  
  Clock Path Skew:        0.041ns (DCD - SCD - CPR)
    Destination Clock Delay (DCD):    3.503ns
    Source Clock Delay      (SCD):    2.702ns
    Clock Pessimism Removal (CPR):    0.760ns
  Clock Net Delay (Source):      2.014ns (routing 1.083ns, distribution 0.931ns)
  Clock Net Delay (Destination): 2.269ns (routing 1.193ns, distribution 1.076ns)

    Location             Delay type                Incr(ns)  Path(ns)    Netlist Resource(s)
  -------------------------------------------------------------------    -------------------
                         (clock clk rise edge)        0.000     0.000 r  
    D14                                               0.000     0.000 r  clk (IN)
                         net (fo=0)                   0.000     0.000    u_boundary_ibuf/I
    D14                  INBUF (Prop_INBUF_HDIOB_M_PAD_O)
                                                      0.495     0.495 r  u_boundary_ibuf/INBUF_INST/O
                         net (fo=1, routed)           0.000     0.495    u_boundary_ibuf/OUT
    D14                  IBUFCTRL (Prop_IBUFCTRL_HDIOB_M_I_O)
                                                      0.000     0.495 r  u_boundary_ibuf/IBUFCTRL_INST/O
                         net (fo=1, routed)           0.169     0.664    clk_ibuf
    BUFGCE_HDIO_X0Y7     BUFGCE (Prop_BUFCE_BUFGCE_HDIO_I_O)
                                                      0.024     0.688 r  u_boundary_bufg/O
    X2Y1 (CLOCK_ROOT)    net (fo=28281, routed)       2.014     2.702    u_dut/clk
    SLICE_X77Y154        FDRE                                         r  u_dut/result_hold_data_reg[12]/C
  -------------------------------------------------------------------    -------------------
    SLICE_X77Y154        FDRE (Prop_DFF_SLICEL_C_Q)
                                                      0.059     2.761 r  u_dut/result_hold_data_reg[12]/Q
                         net (fo=1, routed)           0.074     2.835    dut_it_data_out[12]
    SLICE_X77Y152        FDRE                                         r  sink_it_data_out_q_reg[12]/D
  -------------------------------------------------------------------    -------------------

                         (clock clk rise edge)        0.000     0.000 r  
    D14                                               0.000     0.000 r  clk (IN)
                         net (fo=0)                   0.000     0.000    u_boundary_ibuf/I
    D14                  INBUF (Prop_INBUF_HDIOB_M_PAD_O)
                                                      1.002     1.002 r  u_boundary_ibuf/INBUF_INST/O
                         net (fo=1, routed)           0.000     1.002    u_boundary_ibuf/OUT
    D14                  IBUFCTRL (Prop_IBUFCTRL_HDIOB_M_I_O)
                                                      0.000     1.002 r  u_boundary_ibuf/IBUFCTRL_INST/O
                         net (fo=1, routed)           0.204     1.206    clk_ibuf
    BUFGCE_HDIO_X0Y7     BUFGCE (Prop_BUFCE_BUFGCE_HDIO_I_O)
                                                      0.028     1.234 r  u_boundary_bufg/O
    X2Y1 (CLOCK_ROOT)    net (fo=28281, routed)       2.269     3.503    clk_g
    SLICE_X77Y152        FDRE                                         r  sink_it_data_out_q_reg[12]/C
                         clock pessimism             -0.760     2.743    
    SLICE_X77Y152        FDRE (Hold_AFF2_SLICEL_C_D)
                                                      0.062     2.805    sink_it_data_out_q_reg[12]
  -------------------------------------------------------------------
                         required time                         -2.805    
                         arrival time                           2.835    
  -------------------------------------------------------------------
                         slack                                  0.030    

Slack (MET) :             0.030ns  (arrival time - required time)
  Source:                 u_dut/frozen_r4c/dot_value_bank_reg[1][39][10]/C
                            (rising edge-triggered cell FDCE clocked by clk  {rise@0.000ns fall@1.000ns period=2.000ns})
  Destination:            u_dut/frozen_r4c/signal_reg_reg[116][10]/D
                            (rising edge-triggered cell FDCE clocked by clk  {rise@0.000ns fall@1.000ns period=2.000ns})
  Path Group:             clk
  Path Type:              Hold (Min at Slow Process Corner)
  Requirement:            0.000ns  (clk rise@0.000ns - clk rise@0.000ns)
  Data Path Delay:        0.247ns  (logic 0.121ns (48.977%)  route 0.126ns (51.023%))
  Logic Levels:           2  (CARRY8=1 LUT4=1)
  Clock Path Skew:        0.157ns (DCD - SCD - CPR)
    Destination Clock Delay (DCD):    3.543ns
    Source Clock Delay      (SCD):    2.673ns
    Clock Pessimism Removal (CPR):    0.712ns
  Clock Net Delay (Source):      1.986ns (routing 1.083ns, distribution 0.903ns)
  Clock Net Delay (Destination): 2.309ns (routing 1.193ns, distribution 1.116ns)

    Location             Delay type                Incr(ns)  Path(ns)    Netlist Resource(s)
  -------------------------------------------------------------------    -------------------
                         (clock clk rise edge)        0.000     0.000 r  
    D14                                               0.000     0.000 r  clk (IN)
                         net (fo=0)                   0.000     0.000    u_boundary_ibuf/I
    D14                  INBUF (Prop_INBUF_HDIOB_M_PAD_O)
                                                      0.495     0.495 r  u_boundary_ibuf/INBUF_INST/O
                         net (fo=1, routed)           0.000     0.495    u_boundary_ibuf/OUT
    D14                  IBUFCTRL (Prop_IBUFCTRL_HDIOB_M_I_O)
                                                      0.000     0.495 r  u_boundary_ibuf/IBUFCTRL_INST/O
                         net (fo=1, routed)           0.169     0.664    clk_ibuf
    BUFGCE_HDIO_X0Y7     BUFGCE (Prop_BUFCE_BUFGCE_HDIO_I_O)
                                                      0.024     0.688 r  u_boundary_bufg/O
    X2Y1 (CLOCK_ROOT)    net (fo=28281, routed)       1.986     2.673    u_dut/frozen_r4c/clk
    SLICE_X89Y150        FDCE                                         r  u_dut/frozen_r4c/dot_value_bank_reg[1][39][10]/C
  -------------------------------------------------------------------    -------------------
    SLICE_X89Y150        FDCE (Prop_EFF2_SLICEM_C_Q)
                                                      0.060     2.733 r  u_dut/frozen_r4c/dot_value_bank_reg[1][39][10]/Q
                         net (fo=2, routed)           0.106     2.839    u_dut/frozen_r4c/dot_value_bank_reg[1][39][10]
    SLICE_X91Y150        LUT4 (Prop_C6LUT_SLICEL_I3_O)
                                                      0.035     2.874 r  u_dut/frozen_r4c/signal_reg[116][15]_i_7/O
                         net (fo=1, routed)           0.010     2.884    u_dut/frozen_r4c/signal_reg[116][15]_i_7_n_0
    SLICE_X91Y150        CARRY8 (Prop_CARRY8_SLICEL_S[2]_O[2])
                                                      0.026     2.910 r  u_dut/frozen_r4c/signal_reg_reg[116][15]_i_1/O[2]
                         net (fo=1, routed)           0.010     2.920    u_dut/frozen_r4c/p_1_out[10]
    SLICE_X91Y150        FDCE                                         r  u_dut/frozen_r4c/signal_reg_reg[116][10]/D
  -------------------------------------------------------------------    -------------------

                         (clock clk rise edge)        0.000     0.000 r  
    D14                                               0.000     0.000 r  clk (IN)
                         net (fo=0)                   0.000     0.000    u_boundary_ibuf/I
    D14                  INBUF (Prop_INBUF_HDIOB_M_PAD_O)
                                                      1.002     1.002 r  u_boundary_ibuf/INBUF_INST/O
                         net (fo=1, routed)           0.000     1.002    u_boundary_ibuf/OUT
    D14                  IBUFCTRL (Prop_IBUFCTRL_HDIOB_M_I_O)
                                                      0.000     1.002 r  u_boundary_ibuf/IBUFCTRL_INST/O
                         net (fo=1, routed)           0.204     1.206    clk_ibuf
    BUFGCE_HDIO_X0Y7     BUFGCE (Prop_BUFCE_BUFGCE_HDIO_I_O)
                                                      0.028     1.234 r  u_boundary_bufg/O
    X2Y1 (CLOCK_ROOT)    net (fo=28281, routed)       2.309     3.543    u_dut/frozen_r4c/clk
    SLICE_X91Y150        FDCE                                         r  u_dut/frozen_r4c/signal_reg_reg[116][10]/C
                         clock pessimism             -0.712     2.831    
    SLICE_X91Y150        FDCE (Hold_CFF_SLICEL_C_D)
                                                      0.060     2.891    u_dut/frozen_r4c/signal_reg_reg[116][10]
  -------------------------------------------------------------------
                         required time                         -2.891    
                         arrival time                           2.920    
  -------------------------------------------------------------------
                         slack                                  0.030    

Slack (MET) :             0.030ns  (arrival time - required time)
  Source:                 u_dut/frozen_r4c/r4a_vector_buf_a_reg[0][51][3]/C
                            (rising edge-triggered cell FDCE clocked by clk  {rise@0.000ns fall@1.000ns period=2.000ns})
  Destination:            u_dut/frozen_r4c/operand_x_reg_reg[89][3]/D
                            (rising edge-triggered cell FDCE clocked by clk  {rise@0.000ns fall@1.000ns period=2.000ns})
  Path Group:             clk
  Path Type:              Hold (Min at Slow Process Corner)
  Requirement:            0.000ns  (clk rise@0.000ns - clk rise@0.000ns)
  Data Path Delay:        0.194ns  (logic 0.095ns (48.978%)  route 0.099ns (51.022%))
  Logic Levels:           1  (LUT6=1)
  Clock Path Skew:        0.104ns (DCD - SCD - CPR)
    Destination Clock Delay (DCD):    3.569ns
    Source Clock Delay      (SCD):    2.748ns
    Clock Pessimism Removal (CPR):    0.717ns
  Clock Net Delay (Source):      2.060ns (routing 1.083ns, distribution 0.977ns)
  Clock Net Delay (Destination): 2.335ns (routing 1.193ns, distribution 1.142ns)

    Location             Delay type                Incr(ns)  Path(ns)    Netlist Resource(s)
  -------------------------------------------------------------------    -------------------
                         (clock clk rise edge)        0.000     0.000 r  
    D14                                               0.000     0.000 r  clk (IN)
                         net (fo=0)                   0.000     0.000    u_boundary_ibuf/I
    D14                  INBUF (Prop_INBUF_HDIOB_M_PAD_O)
                                                      0.495     0.495 r  u_boundary_ibuf/INBUF_INST/O
                         net (fo=1, routed)           0.000     0.495    u_boundary_ibuf/OUT
    D14                  IBUFCTRL (Prop_IBUFCTRL_HDIOB_M_I_O)
                                                      0.000     0.495 r  u_boundary_ibuf/IBUFCTRL_INST/O
                         net (fo=1, routed)           0.169     0.664    clk_ibuf
    BUFGCE_HDIO_X0Y7     BUFGCE (Prop_BUFCE_BUFGCE_HDIO_I_O)
                                                      0.024     0.688 r  u_boundary_bufg/O
    X2Y1 (CLOCK_ROOT)    net (fo=28281, routed)       2.060     2.748    u_dut/frozen_r4c/clk
    SLICE_X96Y48         FDCE                                         r  u_dut/frozen_r4c/r4a_vector_buf_a_reg[0][51][3]/C
  -------------------------------------------------------------------    -------------------
    SLICE_X96Y48         FDCE (Prop_GFF2_SLICEM_C_Q)
                                                      0.060     2.808 r  u_dut/frozen_r4c/r4a_vector_buf_a_reg[0][51][3]/Q
                         net (fo=2, routed)           0.070     2.878    u_dut/frozen_r4c/r4a_vector_buf_a_reg[0][51][3]
    SLICE_X98Y48         LUT6 (Prop_B6LUT_SLICEM_I4_O)
                                                      0.035     2.913 r  u_dut/frozen_r4c/operand_x_reg[89][3]_i_1/O
                         net (fo=1, routed)           0.029     2.942    u_dut/frozen_r4c/operand_x_reg[89][3]_i_1_n_0
    SLICE_X98Y48         FDCE                                         r  u_dut/frozen_r4c/operand_x_reg_reg[89][3]/D
  -------------------------------------------------------------------    -------------------

                         (clock clk rise edge)        0.000     0.000 r  
    D14                                               0.000     0.000 r  clk (IN)
                         net (fo=0)                   0.000     0.000    u_boundary_ibuf/I
    D14                  INBUF (Prop_INBUF_HDIOB_M_PAD_O)
                                                      1.002     1.002 r  u_boundary_ibuf/INBUF_INST/O
                         net (fo=1, routed)           0.000     1.002    u_boundary_ibuf/OUT
    D14                  IBUFCTRL (Prop_IBUFCTRL_HDIOB_M_I_O)
                                                      0.000     1.002 r  u_boundary_ibuf/IBUFCTRL_INST/O
                         net (fo=1, routed)           0.204     1.206    clk_ibuf
    BUFGCE_HDIO_X0Y7     BUFGCE (Prop_BUFCE_BUFGCE_HDIO_I_O)
                                                      0.028     1.234 r  u_boundary_bufg/O
    X2Y1 (CLOCK_ROOT)    net (fo=28281, routed)       2.335     3.569    u_dut/frozen_r4c/clk
    SLICE_X98Y48         FDCE                                         r  u_dut/frozen_r4c/operand_x_reg_reg[89][3]/C
                         clock pessimism             -0.717     2.852    
    SLICE_X98Y48         FDCE (Hold_BFF_SLICEM_C_D)
                                                      0.060     2.912    u_dut/frozen_r4c/operand_x_reg_reg[89][3]
  -------------------------------------------------------------------
                         required time                         -2.912    
                         arrival time                           2.942    
  -------------------------------------------------------------------
                         slack                                  0.030    

Slack (MET) :             0.030ns  (arrival time - required time)
  Source:                 u_dut/cache_tu_id_reg[1][10]/C
                            (rising edge-triggered cell FDRE clocked by clk  {rise@0.000ns fall@1.000ns period=2.000ns})
  Destination:            u_dut/active_tu_reg[10]/D
                            (rising edge-triggered cell FDRE clocked by clk  {rise@0.000ns fall@1.000ns period=2.000ns})
  Path Group:             clk
  Path Type:              Hold (Min at Slow Process Corner)
  Requirement:            0.000ns  (clk rise@0.000ns - clk rise@0.000ns)
  Data Path Delay:        0.167ns  (logic 0.081ns (48.503%)  route 0.086ns (51.497%))
  Logic Levels:           1  (LUT5=1)
  Clock Path Skew:        0.077ns (DCD - SCD - CPR)
    Destination Clock Delay (DCD):    3.439ns
    Source Clock Delay      (SCD):    2.657ns
    Clock Pessimism Removal (CPR):    0.705ns
  Clock Net Delay (Source):      1.969ns (routing 1.083ns, distribution 0.886ns)
  Clock Net Delay (Destination): 2.205ns (routing 1.193ns, distribution 1.012ns)

    Location             Delay type                Incr(ns)  Path(ns)    Netlist Resource(s)
  -------------------------------------------------------------------    -------------------
                         (clock clk rise edge)        0.000     0.000 r  
    D14                                               0.000     0.000 r  clk (IN)
                         net (fo=0)                   0.000     0.000    u_boundary_ibuf/I
    D14                  INBUF (Prop_INBUF_HDIOB_M_PAD_O)
                                                      0.495     0.495 r  u_boundary_ibuf/INBUF_INST/O
                         net (fo=1, routed)           0.000     0.495    u_boundary_ibuf/OUT
    D14                  IBUFCTRL (Prop_IBUFCTRL_HDIOB_M_I_O)
                                                      0.000     0.495 r  u_boundary_ibuf/IBUFCTRL_INST/O
                         net (fo=1, routed)           0.169     0.664    clk_ibuf
    BUFGCE_HDIO_X0Y7     BUFGCE (Prop_BUFCE_BUFGCE_HDIO_I_O)
                                                      0.024     0.688 r  u_boundary_bufg/O
    X2Y1 (CLOCK_ROOT)    net (fo=28281, routed)       1.969     2.657    u_dut/clk
    SLICE_X83Y115        FDRE                                         r  u_dut/cache_tu_id_reg[1][10]/C
  -------------------------------------------------------------------    -------------------
    SLICE_X83Y115        FDRE (Prop_HFF_SLICEL_C_Q)
                                                      0.058     2.715 r  u_dut/cache_tu_id_reg[1][10]/Q
                         net (fo=1, routed)           0.062     2.777    u_dut/cache_tu_id_reg[1][10]
    SLICE_X84Y115        LUT5 (Prop_H6LUT_SLICEL_I0_O)
                                                      0.023     2.800 r  u_dut/active_tu[10]_i_1/O
                         net (fo=1, routed)           0.024     2.824    u_dut/A[10]
    SLICE_X84Y115        FDRE                                         r  u_dut/active_tu_reg[10]/D
  -------------------------------------------------------------------    -------------------

                         (clock clk rise edge)        0.000     0.000 r  
    D14                                               0.000     0.000 r  clk (IN)
                         net (fo=0)                   0.000     0.000    u_boundary_ibuf/I
    D14                  INBUF (Prop_INBUF_HDIOB_M_PAD_O)
                                                      1.002     1.002 r  u_boundary_ibuf/INBUF_INST/O
                         net (fo=1, routed)           0.000     1.002    u_boundary_ibuf/OUT
    D14                  IBUFCTRL (Prop_IBUFCTRL_HDIOB_M_I_O)
                                                      0.000     1.002 r  u_boundary_ibuf/IBUFCTRL_INST/O
                         net (fo=1, routed)           0.204     1.206    clk_ibuf
    BUFGCE_HDIO_X0Y7     BUFGCE (Prop_BUFCE_BUFGCE_HDIO_I_O)
                                                      0.028     1.234 r  u_boundary_bufg/O
    X2Y1 (CLOCK_ROOT)    net (fo=28281, routed)       2.205     3.439    u_dut/clk
    SLICE_X84Y115        FDRE                                         r  u_dut/active_tu_reg[10]/C
                         clock pessimism             -0.705     2.733    
    SLICE_X84Y115        FDRE (Hold_HFF_SLICEL_C_D)
                                                      0.060     2.793    u_dut/active_tu_reg[10]
  -------------------------------------------------------------------
                         required time                         -2.793    
                         arrival time                           2.824    
  -------------------------------------------------------------------
                         slack                                  0.030    

Slack (MET) :             0.030ns  (arrival time - required time)
  Source:                 u_dut/frozen_r4c/sched_coeff_reg_reg[35][3]/C
                            (rising edge-triggered cell FDCE clocked by clk  {rise@0.000ns fall@1.000ns period=2.000ns})
  Destination:            u_dut/frozen_r4c/operand_coeff_reg_reg[35][3]/D
                            (rising edge-triggered cell FDCE clocked by clk  {rise@0.000ns fall@1.000ns period=2.000ns})
  Path Group:             clk
  Path Type:              Hold (Min at Slow Process Corner)
  Requirement:            0.000ns  (clk rise@0.000ns - clk rise@0.000ns)
  Data Path Delay:        0.171ns  (logic 0.058ns (33.918%)  route 0.113ns (66.082%))
  Logic Levels:           0  
  Clock Path Skew:        0.079ns (DCD - SCD - CPR)
    Destination Clock Delay (DCD):    3.511ns
    Source Clock Delay      (SCD):    2.720ns
    Clock Pessimism Removal (CPR):    0.712ns
  Clock Net Delay (Source):      2.032ns (routing 1.083ns, distribution 0.949ns)
  Clock Net Delay (Destination): 2.277ns (routing 1.193ns, distribution 1.084ns)

    Location             Delay type                Incr(ns)  Path(ns)    Netlist Resource(s)
  -------------------------------------------------------------------    -------------------
                         (clock clk rise edge)        0.000     0.000 r  
    D14                                               0.000     0.000 r  clk (IN)
                         net (fo=0)                   0.000     0.000    u_boundary_ibuf/I
    D14                  INBUF (Prop_INBUF_HDIOB_M_PAD_O)
                                                      0.495     0.495 r  u_boundary_ibuf/INBUF_INST/O
                         net (fo=1, routed)           0.000     0.495    u_boundary_ibuf/OUT
    D14                  IBUFCTRL (Prop_IBUFCTRL_HDIOB_M_I_O)
                                                      0.000     0.495 r  u_boundary_ibuf/IBUFCTRL_INST/O
                         net (fo=1, routed)           0.169     0.664    clk_ibuf
    BUFGCE_HDIO_X0Y7     BUFGCE (Prop_BUFCE_BUFGCE_HDIO_I_O)
                                                      0.024     0.688 r  u_boundary_bufg/O
    X2Y1 (CLOCK_ROOT)    net (fo=28281, routed)       2.032     2.720    u_dut/frozen_r4c/clk
    SLICE_X91Y75         FDCE                                         r  u_dut/frozen_r4c/sched_coeff_reg_reg[35][3]/C
  -------------------------------------------------------------------    -------------------
    SLICE_X91Y75         FDCE (Prop_CFF_SLICEL_C_Q)
                                                      0.058     2.778 r  u_dut/frozen_r4c/sched_coeff_reg_reg[35][3]/Q
                         net (fo=1, routed)           0.113     2.891    u_dut/frozen_r4c/sched_coeff_reg_reg[35][3]
    SLICE_X92Y75         FDCE                                         r  u_dut/frozen_r4c/operand_coeff_reg_reg[35][3]/D
  -------------------------------------------------------------------    -------------------

                         (clock clk rise edge)        0.000     0.000 r  
    D14                                               0.000     0.000 r  clk (IN)
                         net (fo=0)                   0.000     0.000    u_boundary_ibuf/I
    D14                  INBUF (Prop_INBUF_HDIOB_M_PAD_O)
                                                      1.002     1.002 r  u_boundary_ibuf/INBUF_INST/O
                         net (fo=1, routed)           0.000     1.002    u_boundary_ibuf/OUT
    D14                  IBUFCTRL (Prop_IBUFCTRL_HDIOB_M_I_O)
                                                      0.000     1.002 r  u_boundary_ibuf/IBUFCTRL_INST/O
                         net (fo=1, routed)           0.204     1.206    clk_ibuf
    BUFGCE_HDIO_X0Y7     BUFGCE (Prop_BUFCE_BUFGCE_HDIO_I_O)
                                                      0.028     1.234 r  u_boundary_bufg/O
    X2Y1 (CLOCK_ROOT)    net (fo=28281, routed)       2.277     3.511    u_dut/frozen_r4c/clk
    SLICE_X92Y75         FDCE                                         r  u_dut/frozen_r4c/operand_coeff_reg_reg[35][3]/C
                         clock pessimism             -0.712     2.799    
    SLICE_X92Y75         FDCE (Hold_FFF2_SLICEM_C_D)
                                                      0.062     2.861    u_dut/frozen_r4c/operand_coeff_reg_reg[35][3]
  -------------------------------------------------------------------
                         required time                         -2.861    
                         arrival time                           2.891    
  -------------------------------------------------------------------
                         slack                                  0.030    

Slack (MET) :             0.030ns  (arrival time - required time)
  Source:                 u_dut/frozen_r4c/r4a_vector_buf_a_reg[0][61][1]/C
                            (rising edge-triggered cell FDCE clocked by clk  {rise@0.000ns fall@1.000ns period=2.000ns})
  Destination:            u_dut/frozen_r4c/operand_x_reg_reg[94][1]/D
                            (rising edge-triggered cell FDCE clocked by clk  {rise@0.000ns fall@1.000ns period=2.000ns})
  Path Group:             clk
  Path Type:              Hold (Min at Slow Process Corner)
  Requirement:            0.000ns  (clk rise@0.000ns - clk rise@0.000ns)
  Data Path Delay:        0.185ns  (logic 0.096ns (51.779%)  route 0.089ns (48.221%))
  Logic Levels:           1  (LUT6=1)
  Clock Path Skew:        0.095ns (DCD - SCD - CPR)
    Destination Clock Delay (DCD):    3.548ns
    Source Clock Delay      (SCD):    2.735ns
    Clock Pessimism Removal (CPR):    0.717ns
  Clock Net Delay (Source):      2.048ns (routing 1.083ns, distribution 0.965ns)
  Clock Net Delay (Destination): 2.314ns (routing 1.193ns, distribution 1.121ns)

    Location             Delay type                Incr(ns)  Path(ns)    Netlist Resource(s)
  -------------------------------------------------------------------    -------------------
                         (clock clk rise edge)        0.000     0.000 r  
    D14                                               0.000     0.000 r  clk (IN)
                         net (fo=0)                   0.000     0.000    u_boundary_ibuf/I
    D14                  INBUF (Prop_INBUF_HDIOB_M_PAD_O)
                                                      0.495     0.495 r  u_boundary_ibuf/INBUF_INST/O
                         net (fo=1, routed)           0.000     0.495    u_boundary_ibuf/OUT
    D14                  IBUFCTRL (Prop_IBUFCTRL_HDIOB_M_I_O)
                                                      0.000     0.495 r  u_boundary_ibuf/IBUFCTRL_INST/O
                         net (fo=1, routed)           0.169     0.664    clk_ibuf
    BUFGCE_HDIO_X0Y7     BUFGCE (Prop_BUFCE_BUFGCE_HDIO_I_O)
                                                      0.024     0.688 r  u_boundary_bufg/O
    X2Y1 (CLOCK_ROOT)    net (fo=28281, routed)       2.048     2.735    u_dut/frozen_r4c/clk
    SLICE_X95Y54         FDCE                                         r  u_dut/frozen_r4c/r4a_vector_buf_a_reg[0][61][1]/C
  -------------------------------------------------------------------    -------------------
    SLICE_X95Y54         FDCE (Prop_GFF2_SLICEM_C_Q)
                                                      0.060     2.795 r  u_dut/frozen_r4c/r4a_vector_buf_a_reg[0][61][1]/Q
                         net (fo=2, routed)           0.067     2.863    u_dut/frozen_r4c/r4a_vector_buf_a_reg[0][61][1]
    SLICE_X94Y54         LUT6 (Prop_B6LUT_SLICEL_I4_O)
                                                      0.036     2.899 r  u_dut/frozen_r4c/operand_x_reg[94][1]_i_1/O
                         net (fo=1, routed)           0.022     2.921    u_dut/frozen_r4c/operand_x_reg[94][1]_i_1_n_0
    SLICE_X94Y54         FDCE                                         r  u_dut/frozen_r4c/operand_x_reg_reg[94][1]/D
  -------------------------------------------------------------------    -------------------

                         (clock clk rise edge)        0.000     0.000 r  
    D14                                               0.000     0.000 r  clk (IN)
                         net (fo=0)                   0.000     0.000    u_boundary_ibuf/I
    D14                  INBUF (Prop_INBUF_HDIOB_M_PAD_O)
                                                      1.002     1.002 r  u_boundary_ibuf/INBUF_INST/O
                         net (fo=1, routed)           0.000     1.002    u_boundary_ibuf/OUT
    D14                  IBUFCTRL (Prop_IBUFCTRL_HDIOB_M_I_O)
                                                      0.000     1.002 r  u_boundary_ibuf/IBUFCTRL_INST/O
                         net (fo=1, routed)           0.204     1.206    clk_ibuf
    BUFGCE_HDIO_X0Y7     BUFGCE (Prop_BUFCE_BUFGCE_HDIO_I_O)
                                                      0.028     1.234 r  u_boundary_bufg/O
    X2Y1 (CLOCK_ROOT)    net (fo=28281, routed)       2.314     3.548    u_dut/frozen_r4c/clk
    SLICE_X94Y54         FDCE                                         r  u_dut/frozen_r4c/operand_x_reg_reg[94][1]/C
                         clock pessimism             -0.717     2.831    
    SLICE_X94Y54         FDCE (Hold_BFF_SLICEL_C_D)
                                                      0.060     2.891    u_dut/frozen_r4c/operand_x_reg_reg[94][1]
  -------------------------------------------------------------------
                         required time                         -2.891    
                         arrival time                           2.921    
  -------------------------------------------------------------------
                         slack                                  0.030    

Slack (MET) :             0.030ns  (arrival time - required time)
  Source:                 u_dut/frozen_r4c/dot_value_bank_reg[1][47][13]/C
                            (rising edge-triggered cell FDCE clocked by clk  {rise@0.000ns fall@1.000ns period=2.000ns})
  Destination:            u_dut/frozen_r4c/signal_reg_reg[59][13]/D
                            (rising edge-triggered cell FDCE clocked by clk  {rise@0.000ns fall@1.000ns period=2.000ns})
  Path Group:             clk
  Path Type:              Hold (Min at Slow Process Corner)
  Requirement:            0.000ns  (clk rise@0.000ns - clk rise@0.000ns)
  Data Path Delay:        0.191ns  (logic 0.105ns (54.858%)  route 0.086ns (45.142%))
  Logic Levels:           2  (CARRY8=1 LUT4=1)
  Clock Path Skew:        0.101ns (DCD - SCD - CPR)
    Destination Clock Delay (DCD):    3.557ns
    Source Clock Delay      (SCD):    2.739ns
    Clock Pessimism Removal (CPR):    0.716ns
  Clock Net Delay (Source):      2.052ns (routing 1.083ns, distribution 0.969ns)
  Clock Net Delay (Destination): 2.323ns (routing 1.193ns, distribution 1.130ns)

    Location             Delay type                Incr(ns)  Path(ns)    Netlist Resource(s)
  -------------------------------------------------------------------    -------------------
                         (clock clk rise edge)        0.000     0.000 r  
    D14                                               0.000     0.000 r  clk (IN)
                         net (fo=0)                   0.000     0.000    u_boundary_ibuf/I
    D14                  INBUF (Prop_INBUF_HDIOB_M_PAD_O)
                                                      0.495     0.495 r  u_boundary_ibuf/INBUF_INST/O
                         net (fo=1, routed)           0.000     0.495    u_boundary_ibuf/OUT
    D14                  IBUFCTRL (Prop_IBUFCTRL_HDIOB_M_I_O)
                                                      0.000     0.495 r  u_boundary_ibuf/IBUFCTRL_INST/O
                         net (fo=1, routed)           0.169     0.664    clk_ibuf
    BUFGCE_HDIO_X0Y7     BUFGCE (Prop_BUFCE_BUFGCE_HDIO_I_O)
                                                      0.024     0.688 r  u_boundary_bufg/O
    X2Y1 (CLOCK_ROOT)    net (fo=28281, routed)       2.052     2.739    u_dut/frozen_r4c/clk
    SLICE_X92Y156        FDCE                                         r  u_dut/frozen_r4c/dot_value_bank_reg[1][47][13]/C
  -------------------------------------------------------------------    -------------------
    SLICE_X92Y156        FDCE (Prop_FFF_SLICEM_C_Q)
                                                      0.057     2.796 r  u_dut/frozen_r4c/dot_value_bank_reg[1][47][13]/Q
                         net (fo=2, routed)           0.065     2.862    u_dut/frozen_r4c/dot_value_bank_reg[1][47][13]
    SLICE_X91Y156        LUT4 (Prop_F6LUT_SLICEL_I3_O)
                                                      0.022     2.884 r  u_dut/frozen_r4c/signal_reg[59][15]_i_4/O
                         net (fo=1, routed)           0.011     2.895    u_dut/frozen_r4c/signal_reg[59][15]_i_4_n_0
    SLICE_X91Y156        CARRY8 (Prop_CARRY8_SLICEL_S[5]_O[5])
                                                      0.026     2.921 r  u_dut/frozen_r4c/signal_reg_reg[59][15]_i_1/O[5]
                         net (fo=1, routed)           0.010     2.931    u_dut/frozen_r4c/signal_reg_reg[59][15]_i_1_n_10
    SLICE_X91Y156        FDCE                                         r  u_dut/frozen_r4c/signal_reg_reg[59][13]/D
  -------------------------------------------------------------------    -------------------

                         (clock clk rise edge)        0.000     0.000 r  
    D14                                               0.000     0.000 r  clk (IN)
                         net (fo=0)                   0.000     0.000    u_boundary_ibuf/I
    D14                  INBUF (Prop_INBUF_HDIOB_M_PAD_O)
                                                      1.002     1.002 r  u_boundary_ibuf/INBUF_INST/O
                         net (fo=1, routed)           0.000     1.002    u_boundary_ibuf/OUT
    D14                  IBUFCTRL (Prop_IBUFCTRL_HDIOB_M_I_O)
                                                      0.000     1.002 r  u_boundary_ibuf/IBUFCTRL_INST/O
                         net (fo=1, routed)           0.204     1.206    clk_ibuf
    BUFGCE_HDIO_X0Y7     BUFGCE (Prop_BUFCE_BUFGCE_HDIO_I_O)
                                                      0.028     1.234 r  u_boundary_bufg/O
    X2Y1 (CLOCK_ROOT)    net (fo=28281, routed)       2.323     3.557    u_dut/frozen_r4c/clk
    SLICE_X91Y156        FDCE                                         r  u_dut/frozen_r4c/signal_reg_reg[59][13]/C
                         clock pessimism             -0.716     2.840    
    SLICE_X91Y156        FDCE (Hold_FFF_SLICEL_C_D)
                                                      0.060     2.900    u_dut/frozen_r4c/signal_reg_reg[59][13]
  -------------------------------------------------------------------
                         required time                         -2.900    
                         arrival time                           2.931    
  -------------------------------------------------------------------
                         slack                                  0.030    

Slack (MET) :             0.030ns  (arrival time - required time)
  Source:                 u_dut/frozen_r4c/sched_coeff_reg_reg[40][3]/C
                            (rising edge-triggered cell FDCE clocked by clk  {rise@0.000ns fall@1.000ns period=2.000ns})
  Destination:            u_dut/frozen_r4c/operand_coeff_reg_reg[40][3]/D
                            (rising edge-triggered cell FDCE clocked by clk  {rise@0.000ns fall@1.000ns period=2.000ns})
  Path Group:             clk
  Path Type:              Hold (Min at Slow Process Corner)
  Requirement:            0.000ns  (clk rise@0.000ns - clk rise@0.000ns)
  Data Path Delay:        0.178ns  (logic 0.061ns (34.270%)  route 0.117ns (65.730%))
  Logic Levels:           0  
  Clock Path Skew:        0.088ns (DCD - SCD - CPR)
    Destination Clock Delay (DCD):    3.507ns
    Source Clock Delay      (SCD):    2.707ns
    Clock Pessimism Removal (CPR):    0.712ns
  Clock Net Delay (Source):      2.019ns (routing 1.083ns, distribution 0.936ns)
  Clock Net Delay (Destination): 2.273ns (routing 1.193ns, distribution 1.080ns)

    Location             Delay type                Incr(ns)  Path(ns)    Netlist Resource(s)
  -------------------------------------------------------------------    -------------------
                         (clock clk rise edge)        0.000     0.000 r  
    D14                                               0.000     0.000 r  clk (IN)
                         net (fo=0)                   0.000     0.000    u_boundary_ibuf/I
    D14                  INBUF (Prop_INBUF_HDIOB_M_PAD_O)
                                                      0.495     0.495 r  u_boundary_ibuf/INBUF_INST/O
                         net (fo=1, routed)           0.000     0.495    u_boundary_ibuf/OUT
    D14                  IBUFCTRL (Prop_IBUFCTRL_HDIOB_M_I_O)
                                                      0.000     0.495 r  u_boundary_ibuf/IBUFCTRL_INST/O
                         net (fo=1, routed)           0.169     0.664    clk_ibuf
    BUFGCE_HDIO_X0Y7     BUFGCE (Prop_BUFCE_BUFGCE_HDIO_I_O)
                                                      0.024     0.688 r  u_boundary_bufg/O
    X2Y1 (CLOCK_ROOT)    net (fo=28281, routed)       2.019     2.707    u_dut/frozen_r4c/clk
    SLICE_X94Y87         FDCE                                         r  u_dut/frozen_r4c/sched_coeff_reg_reg[40][3]/C
  -------------------------------------------------------------------    -------------------
    SLICE_X94Y87         FDCE (Prop_DFF2_SLICEL_C_Q)
                                                      0.061     2.768 r  u_dut/frozen_r4c/sched_coeff_reg_reg[40][3]/Q
                         net (fo=1, routed)           0.117     2.885    u_dut/frozen_r4c/sched_coeff_reg_reg[40][3]
    SLICE_X95Y87         FDCE                                         r  u_dut/frozen_r4c/operand_coeff_reg_reg[40][3]/D
  -------------------------------------------------------------------    -------------------

                         (clock clk rise edge)        0.000     0.000 r  
    D14                                               0.000     0.000 r  clk (IN)
                         net (fo=0)                   0.000     0.000    u_boundary_ibuf/I
    D14                  INBUF (Prop_INBUF_HDIOB_M_PAD_O)
                                                      1.002     1.002 r  u_boundary_ibuf/INBUF_INST/O
                         net (fo=1, routed)           0.000     1.002    u_boundary_ibuf/OUT
    D14                  IBUFCTRL (Prop_IBUFCTRL_HDIOB_M_I_O)
                                                      0.000     1.002 r  u_boundary_ibuf/IBUFCTRL_INST/O
                         net (fo=1, routed)           0.204     1.206    clk_ibuf
    BUFGCE_HDIO_X0Y7     BUFGCE (Prop_BUFCE_BUFGCE_HDIO_I_O)
                                                      0.028     1.234 r  u_boundary_bufg/O
    X2Y1 (CLOCK_ROOT)    net (fo=28281, routed)       2.273     3.507    u_dut/frozen_r4c/clk
    SLICE_X95Y87         FDCE                                         r  u_dut/frozen_r4c/operand_coeff_reg_reg[40][3]/C
                         clock pessimism             -0.712     2.795    
    SLICE_X95Y87         FDCE (Hold_BFF_SLICEM_C_D)
                                                      0.060     2.855    u_dut/frozen_r4c/operand_coeff_reg_reg[40][3]
  -------------------------------------------------------------------
                         required time                         -2.855    
                         arrival time                           2.885    
  -------------------------------------------------------------------
                         slack                                  0.030    

Slack (MET) :             0.031ns  (arrival time - required time)
  Source:                 u_dut/frozen_r4c/red_s0_data_reg[62][22]/C
                            (rising edge-triggered cell FDCE clocked by clk  {rise@0.000ns fall@1.000ns period=2.000ns})
  Destination:            u_dut/frozen_r4c/red_s1_data_reg[31][23]/D
                            (rising edge-triggered cell FDCE clocked by clk  {rise@0.000ns fall@1.000ns period=2.000ns})
  Path Group:             clk
  Path Type:              Hold (Min at Slow Process Corner)
  Requirement:            0.000ns  (clk rise@0.000ns - clk rise@0.000ns)
  Data Path Delay:        0.193ns  (logic 0.111ns (57.617%)  route 0.082ns (42.383%))
  Logic Levels:           1  (CARRY8=1)
  Clock Path Skew:        0.102ns (DCD - SCD - CPR)
    Destination Clock Delay (DCD):    3.547ns
    Source Clock Delay      (SCD):    2.727ns
    Clock Pessimism Removal (CPR):    0.717ns
  Clock Net Delay (Source):      2.040ns (routing 1.083ns, distribution 0.957ns)
  Clock Net Delay (Destination): 2.313ns (routing 1.193ns, distribution 1.120ns)

    Location             Delay type                Incr(ns)  Path(ns)    Netlist Resource(s)
  -------------------------------------------------------------------    -------------------
                         (clock clk rise edge)        0.000     0.000 r  
    D14                                               0.000     0.000 r  clk (IN)
                         net (fo=0)                   0.000     0.000    u_boundary_ibuf/I
    D14                  INBUF (Prop_INBUF_HDIOB_M_PAD_O)
                                                      0.495     0.495 r  u_boundary_ibuf/INBUF_INST/O
                         net (fo=1, routed)           0.000     0.495    u_boundary_ibuf/OUT
    D14                  IBUFCTRL (Prop_IBUFCTRL_HDIOB_M_I_O)
                                                      0.000     0.495 r  u_boundary_ibuf/IBUFCTRL_INST/O
                         net (fo=1, routed)           0.169     0.664    clk_ibuf
    BUFGCE_HDIO_X0Y7     BUFGCE (Prop_BUFCE_BUFGCE_HDIO_I_O)
                                                      0.024     0.688 r  u_boundary_bufg/O
    X2Y1 (CLOCK_ROOT)    net (fo=28281, routed)       2.040     2.727    u_dut/frozen_r4c/clk
    SLICE_X92Y57         FDCE                                         r  u_dut/frozen_r4c/red_s0_data_reg[62][22]/C
  -------------------------------------------------------------------    -------------------
    SLICE_X92Y57         FDCE (Prop_GFF_SLICEM_C_Q)
                                                      0.058     2.785 r  u_dut/frozen_r4c/red_s0_data_reg[62][22]/Q
                         net (fo=2, routed)           0.072     2.857    u_dut/frozen_r4c/red_s0_data_reg[62][22]
    SLICE_X91Y57         CARRY8 (Prop_CARRY8_SLICEL_DI[6]_O[7])
                                                      0.053     2.910 r  u_dut/frozen_r4c/red_s1_data_reg[31][23]_i_1/O[7]
                         net (fo=1, routed)           0.010     2.920    u_dut/frozen_r4c/r3r_s1_sum_now[31][23]
    SLICE_X91Y57         FDCE                                         r  u_dut/frozen_r4c/red_s1_data_reg[31][23]/D
  -------------------------------------------------------------------    -------------------

                         (clock clk rise edge)        0.000     0.000 r  
    D14                                               0.000     0.000 r  clk (IN)
                         net (fo=0)                   0.000     0.000    u_boundary_ibuf/I
    D14                  INBUF (Prop_INBUF_HDIOB_M_PAD_O)
                                                      1.002     1.002 r  u_boundary_ibuf/INBUF_INST/O
                         net (fo=1, routed)           0.000     1.002    u_boundary_ibuf/OUT
    D14                  IBUFCTRL (Prop_IBUFCTRL_HDIOB_M_I_O)
                                                      0.000     1.002 r  u_boundary_ibuf/IBUFCTRL_INST/O
                         net (fo=1, routed)           0.204     1.206    clk_ibuf
    BUFGCE_HDIO_X0Y7     BUFGCE (Prop_BUFCE_BUFGCE_HDIO_I_O)
                                                      0.028     1.234 r  u_boundary_bufg/O
    X2Y1 (CLOCK_ROOT)    net (fo=28281, routed)       2.313     3.547    u_dut/frozen_r4c/clk
    SLICE_X91Y57         FDCE                                         r  u_dut/frozen_r4c/red_s1_data_reg[31][23]/C
                         clock pessimism             -0.717     2.829    
    SLICE_X91Y57         FDCE (Hold_HFF_SLICEL_C_D)
                                                      0.060     2.889    u_dut/frozen_r4c/red_s1_data_reg[31][23]
  -------------------------------------------------------------------
                         required time                         -2.889    
                         arrival time                           2.920    
  -------------------------------------------------------------------
                         slack                                  0.031    

Slack (MET) :             0.031ns  (arrival time - required time)
  Source:                 u_dut/frozen_r4c/dot_value_bank_reg[0][4][13]/C
                            (rising edge-triggered cell FDCE clocked by clk  {rise@0.000ns fall@1.000ns period=2.000ns})
  Destination:            u_dut/frozen_r4c/signal_reg_reg[32][13]/D
                            (rising edge-triggered cell FDCE clocked by clk  {rise@0.000ns fall@1.000ns period=2.000ns})
  Path Group:             clk
  Path Type:              Hold (Min at Slow Process Corner)
  Requirement:            0.000ns  (clk rise@0.000ns - clk rise@0.000ns)
  Data Path Delay:        0.296ns  (logic 0.107ns (36.135%)  route 0.189ns (63.865%))
  Logic Levels:           2  (CARRY8=1 LUT4=1)
  Clock Path Skew:        0.205ns (DCD - SCD - CPR)
    Destination Clock Delay (DCD):    3.577ns
    Source Clock Delay      (SCD):    2.716ns
    Clock Pessimism Removal (CPR):    0.656ns
  Clock Net Delay (Source):      2.028ns (routing 1.083ns, distribution 0.945ns)
  Clock Net Delay (Destination): 2.343ns (routing 1.193ns, distribution 1.150ns)

    Location             Delay type                Incr(ns)  Path(ns)    Netlist Resource(s)
  -------------------------------------------------------------------    -------------------
                         (clock clk rise edge)        0.000     0.000 r  
    D14                                               0.000     0.000 r  clk (IN)
                         net (fo=0)                   0.000     0.000    u_boundary_ibuf/I
    D14                  INBUF (Prop_INBUF_HDIOB_M_PAD_O)
                                                      0.495     0.495 r  u_boundary_ibuf/INBUF_INST/O
                         net (fo=1, routed)           0.000     0.495    u_boundary_ibuf/OUT
    D14                  IBUFCTRL (Prop_IBUFCTRL_HDIOB_M_I_O)
                                                      0.000     0.495 r  u_boundary_ibuf/IBUFCTRL_INST/O
                         net (fo=1, routed)           0.169     0.664    clk_ibuf
    BUFGCE_HDIO_X0Y7     BUFGCE (Prop_BUFCE_BUFGCE_HDIO_I_O)
                                                      0.024     0.688 r  u_boundary_bufg/O
    X2Y1 (CLOCK_ROOT)    net (fo=28281, routed)       2.028     2.716    u_dut/frozen_r4c/clk
    SLICE_X91Y119        FDCE                                         r  u_dut/frozen_r4c/dot_value_bank_reg[0][4][13]/C
  -------------------------------------------------------------------    -------------------
    SLICE_X91Y119        FDCE (Prop_DFF_SLICEL_C_Q)
                                                      0.059     2.775 r  u_dut/frozen_r4c/dot_value_bank_reg[0][4][13]/Q
                         net (fo=2, routed)           0.168     2.943    u_dut/frozen_r4c/dot_value_bank_reg[0][4][13]
    SLICE_X91Y122        LUT4 (Prop_F6LUT_SLICEL_I2_O)
                                                      0.022     2.965 r  u_dut/frozen_r4c/signal_reg[32][15]_i_4/O
                         net (fo=1, routed)           0.011     2.976    u_dut/frozen_r4c/signal_reg[32][15]_i_4_n_0
    SLICE_X91Y122        CARRY8 (Prop_CARRY8_SLICEL_S[5]_O[5])
                                                      0.026     3.002 r  u_dut/frozen_r4c/signal_reg_reg[32][15]_i_1/O[5]
                         net (fo=1, routed)           0.010     3.012    u_dut/frozen_r4c/signal_reg_reg[32][15]_i_1_n_10
    SLICE_X91Y122        FDCE                                         r  u_dut/frozen_r4c/signal_reg_reg[32][13]/D
  -------------------------------------------------------------------    -------------------

                         (clock clk rise edge)        0.000     0.000 r  
    D14                                               0.000     0.000 r  clk (IN)
                         net (fo=0)                   0.000     0.000    u_boundary_ibuf/I
    D14                  INBUF (Prop_INBUF_HDIOB_M_PAD_O)
                                                      1.002     1.002 r  u_boundary_ibuf/INBUF_INST/O
                         net (fo=1, routed)           0.000     1.002    u_boundary_ibuf/OUT
    D14                  IBUFCTRL (Prop_IBUFCTRL_HDIOB_M_I_O)
                                                      0.000     1.002 r  u_boundary_ibuf/IBUFCTRL_INST/O
                         net (fo=1, routed)           0.204     1.206    clk_ibuf
    BUFGCE_HDIO_X0Y7     BUFGCE (Prop_BUFCE_BUFGCE_HDIO_I_O)
                                                      0.028     1.234 r  u_boundary_bufg/O
    X2Y1 (CLOCK_ROOT)    net (fo=28281, routed)       2.343     3.577    u_dut/frozen_r4c/clk
    SLICE_X91Y122        FDCE                                         r  u_dut/frozen_r4c/signal_reg_reg[32][13]/C
                         clock pessimism             -0.656     2.921    
    SLICE_X91Y122        FDCE (Hold_FFF_SLICEL_C_D)
                                                      0.060     2.981    u_dut/frozen_r4c/signal_reg_reg[32][13]
  -------------------------------------------------------------------
                         required time                         -2.981    
                         arrival time                           3.012    
  -------------------------------------------------------------------
                         slack                                  0.031    

Slack (MET) :             0.031ns  (arrival time - required time)
  Source:                 src_it_data_in_q_reg[9]/C
                            (rising edge-triggered cell FDRE clocked by clk  {rise@0.000ns fall@1.000ns period=2.000ns})
  Destination:            u_dut/input_wr_data_a1_q_reg[9]/D
                            (rising edge-triggered cell FDRE clocked by clk  {rise@0.000ns fall@1.000ns period=2.000ns})
  Path Group:             clk
  Path Type:              Hold (Min at Slow Process Corner)
  Requirement:            0.000ns  (clk rise@0.000ns - clk rise@0.000ns)
  Data Path Delay:        0.133ns  (logic 0.061ns (45.931%)  route 0.072ns (54.069%))
  Logic Levels:           0  
  Clock Path Skew:        0.040ns (DCD - SCD - CPR)
    Destination Clock Delay (DCD):    3.438ns
    Source Clock Delay      (SCD):    2.643ns
    Clock Pessimism Removal (CPR):    0.755ns
  Clock Net Delay (Source):      1.956ns (routing 1.083ns, distribution 0.873ns)
  Clock Net Delay (Destination): 2.204ns (routing 1.193ns, distribution 1.011ns)

    Location             Delay type                Incr(ns)  Path(ns)    Netlist Resource(s)
  -------------------------------------------------------------------    -------------------
                         (clock clk rise edge)        0.000     0.000 r  
    D14                                               0.000     0.000 r  clk (IN)
                         net (fo=0)                   0.000     0.000    u_boundary_ibuf/I
    D14                  INBUF (Prop_INBUF_HDIOB_M_PAD_O)
                                                      0.495     0.495 r  u_boundary_ibuf/INBUF_INST/O
                         net (fo=1, routed)           0.000     0.495    u_boundary_ibuf/OUT
    D14                  IBUFCTRL (Prop_IBUFCTRL_HDIOB_M_I_O)
                                                      0.000     0.495 r  u_boundary_ibuf/IBUFCTRL_INST/O
                         net (fo=1, routed)           0.169     0.664    clk_ibuf
    BUFGCE_HDIO_X0Y7     BUFGCE (Prop_BUFCE_BUFGCE_HDIO_I_O)
                                                      0.024     0.688 r  u_boundary_bufg/O
    X2Y1 (CLOCK_ROOT)    net (fo=28281, routed)       1.956     2.643    clk_g
    SLICE_X80Y107        FDRE                                         r  src_it_data_in_q_reg[9]/C
  -------------------------------------------------------------------    -------------------
    SLICE_X80Y107        FDRE (Prop_DFF2_SLICEL_C_Q)
                                                      0.061     2.704 r  src_it_data_in_q_reg[9]/Q
                         net (fo=8, routed)           0.072     2.776    u_dut/it_data_in[9]
    SLICE_X80Y108        FDRE                                         r  u_dut/input_wr_data_a1_q_reg[9]/D
  -------------------------------------------------------------------    -------------------

                         (clock clk rise edge)        0.000     0.000 r  
    D14                                               0.000     0.000 r  clk (IN)
                         net (fo=0)                   0.000     0.000    u_boundary_ibuf/I
    D14                  INBUF (Prop_INBUF_HDIOB_M_PAD_O)
                                                      1.002     1.002 r  u_boundary_ibuf/INBUF_INST/O
                         net (fo=1, routed)           0.000     1.002    u_boundary_ibuf/OUT
    D14                  IBUFCTRL (Prop_IBUFCTRL_HDIOB_M_I_O)
                                                      0.000     1.002 r  u_boundary_ibuf/IBUFCTRL_INST/O
                         net (fo=1, routed)           0.204     1.206    clk_ibuf
    BUFGCE_HDIO_X0Y7     BUFGCE (Prop_BUFCE_BUFGCE_HDIO_I_O)
                                                      0.028     1.234 r  u_boundary_bufg/O
    X2Y1 (CLOCK_ROOT)    net (fo=28281, routed)       2.204     3.438    u_dut/clk
    SLICE_X80Y108        FDRE                                         r  u_dut/input_wr_data_a1_q_reg[9]/C
                         clock pessimism             -0.755     2.683    
    SLICE_X80Y108        FDRE (Hold_GFF2_SLICEL_C_D)
                                                      0.062     2.745    u_dut/input_wr_data_a1_q_reg[9]
  -------------------------------------------------------------------
                         required time                         -2.745    
                         arrival time                           2.776    
  -------------------------------------------------------------------
                         slack                                  0.031    

Slack (MET) :             0.031ns  (arrival time - required time)
  Source:                 u_dut/frozen_r4c/dot_value_bank_reg[0][15][0]/C
                            (rising edge-triggered cell FDCE clocked by clk  {rise@0.000ns fall@1.000ns period=2.000ns})
  Destination:            u_dut/frozen_r4c/signal_reg_reg[33][1]/D
                            (rising edge-triggered cell FDCE clocked by clk  {rise@0.000ns fall@1.000ns period=2.000ns})
  Path Group:             clk
  Path Type:              Hold (Min at Slow Process Corner)
  Requirement:            0.000ns  (clk rise@0.000ns - clk rise@0.000ns)
  Data Path Delay:        0.366ns  (logic 0.139ns (37.996%)  route 0.227ns (62.004%))
  Logic Levels:           2  (CARRY8=1 LUT4=1)
  Clock Path Skew:        0.274ns (DCD - SCD - CPR)
    Destination Clock Delay (DCD):    3.583ns
    Source Clock Delay      (SCD):    2.652ns
    Clock Pessimism Removal (CPR):    0.656ns
  Clock Net Delay (Source):      1.965ns (routing 1.083ns, distribution 0.882ns)
  Clock Net Delay (Destination): 2.349ns (routing 1.193ns, distribution 1.156ns)

    Location             Delay type                Incr(ns)  Path(ns)    Netlist Resource(s)
  -------------------------------------------------------------------    -------------------
                         (clock clk rise edge)        0.000     0.000 r  
    D14                                               0.000     0.000 r  clk (IN)
                         net (fo=0)                   0.000     0.000    u_boundary_ibuf/I
    D14                  INBUF (Prop_INBUF_HDIOB_M_PAD_O)
                                                      0.495     0.495 r  u_boundary_ibuf/INBUF_INST/O
                         net (fo=1, routed)           0.000     0.495    u_boundary_ibuf/OUT
    D14                  IBUFCTRL (Prop_IBUFCTRL_HDIOB_M_I_O)
                                                      0.000     0.495 r  u_boundary_ibuf/IBUFCTRL_INST/O
                         net (fo=1, routed)           0.169     0.664    clk_ibuf
    BUFGCE_HDIO_X0Y7     BUFGCE (Prop_BUFCE_BUFGCE_HDIO_I_O)
                                                      0.024     0.688 r  u_boundary_bufg/O
    X2Y1 (CLOCK_ROOT)    net (fo=28281, routed)       1.965     2.652    u_dut/frozen_r4c/clk
    SLICE_X88Y119        FDCE                                         r  u_dut/frozen_r4c/dot_value_bank_reg[0][15][0]/C
  -------------------------------------------------------------------    -------------------
    SLICE_X88Y119        FDCE (Prop_HFF2_SLICEL_C_Q)
                                                      0.059     2.711 r  u_dut/frozen_r4c/dot_value_bank_reg[0][15][0]/Q
                         net (fo=2, routed)           0.205     2.916    u_dut/frozen_r4c/dot_value_bank_reg[0][15][0]
    SLICE_X90Y121        LUT4 (Prop_A6LUT_SLICEM_I2_O)
                                                      0.036     2.952 r  u_dut/frozen_r4c/signal_reg[33][7]_i_9/O
                         net (fo=1, routed)           0.012     2.964    u_dut/frozen_r4c/signal_reg[33][7]_i_9_n_0
    SLICE_X90Y121        CARRY8 (Prop_CARRY8_SLICEM_S[0]_O[1])
                                                      0.044     3.008 r  u_dut/frozen_r4c/signal_reg_reg[33][7]_i_1/O[1]
                         net (fo=1, routed)           0.010     3.018    u_dut/frozen_r4c/signal_reg_reg[33][7]_i_1_n_14
    SLICE_X90Y121        FDCE                                         r  u_dut/frozen_r4c/signal_reg_reg[33][1]/D
  -------------------------------------------------------------------    -------------------

                         (clock clk rise edge)        0.000     0.000 r  
    D14                                               0.000     0.000 r  clk (IN)
                         net (fo=0)                   0.000     0.000    u_boundary_ibuf/I
    D14                  INBUF (Prop_INBUF_HDIOB_M_PAD_O)
                                                      1.002     1.002 r  u_boundary_ibuf/INBUF_INST/O
                         net (fo=1, routed)           0.000     1.002    u_boundary_ibuf/OUT
    D14                  IBUFCTRL (Prop_IBUFCTRL_HDIOB_M_I_O)
                                                      0.000     1.002 r  u_boundary_ibuf/IBUFCTRL_INST/O
                         net (fo=1, routed)           0.204     1.206    clk_ibuf
    BUFGCE_HDIO_X0Y7     BUFGCE (Prop_BUFCE_BUFGCE_HDIO_I_O)
                                                      0.028     1.234 r  u_boundary_bufg/O
    X2Y1 (CLOCK_ROOT)    net (fo=28281, routed)       2.349     3.583    u_dut/frozen_r4c/clk
    SLICE_X90Y121        FDCE                                         r  u_dut/frozen_r4c/signal_reg_reg[33][1]/C
                         clock pessimism             -0.656     2.927    
    SLICE_X90Y121        FDCE (Hold_BFF_SLICEM_C_D)
                                                      0.060     2.987    u_dut/frozen_r4c/signal_reg_reg[33][1]
  -------------------------------------------------------------------
                         required time                         -2.987    
                         arrival time                           3.018    
  -------------------------------------------------------------------
                         slack                                  0.031    

Slack (MET) :             0.031ns  (arrival time - required time)
  Source:                 u_dut/frozen_r4c/red_s0_data_reg[62][17]/C
                            (rising edge-triggered cell FDCE clocked by clk  {rise@0.000ns fall@1.000ns period=2.000ns})
  Destination:            u_dut/frozen_r4c/red_s1_data_reg[31][18]/D
                            (rising edge-triggered cell FDCE clocked by clk  {rise@0.000ns fall@1.000ns period=2.000ns})
  Path Group:             clk
  Path Type:              Hold (Min at Slow Process Corner)
  Requirement:            0.000ns  (clk rise@0.000ns - clk rise@0.000ns)
  Data Path Delay:        0.188ns  (logic 0.105ns (55.988%)  route 0.083ns (44.012%))
  Logic Levels:           1  (CARRY8=1)
  Clock Path Skew:        0.096ns (DCD - SCD - CPR)
    Destination Clock Delay (DCD):    3.542ns
    Source Clock Delay      (SCD):    2.728ns
    Clock Pessimism Removal (CPR):    0.717ns
  Clock Net Delay (Source):      2.041ns (routing 1.083ns, distribution 0.958ns)
  Clock Net Delay (Destination): 2.308ns (routing 1.193ns, distribution 1.115ns)

    Location             Delay type                Incr(ns)  Path(ns)    Netlist Resource(s)
  -------------------------------------------------------------------    -------------------
                         (clock clk rise edge)        0.000     0.000 r  
    D14                                               0.000     0.000 r  clk (IN)
                         net (fo=0)                   0.000     0.000    u_boundary_ibuf/I
    D14                  INBUF (Prop_INBUF_HDIOB_M_PAD_O)
                                                      0.495     0.495 r  u_boundary_ibuf/INBUF_INST/O
                         net (fo=1, routed)           0.000     0.495    u_boundary_ibuf/OUT
    D14                  IBUFCTRL (Prop_IBUFCTRL_HDIOB_M_I_O)
                                                      0.000     0.495 r  u_boundary_ibuf/IBUFCTRL_INST/O
                         net (fo=1, routed)           0.169     0.664    clk_ibuf
    BUFGCE_HDIO_X0Y7     BUFGCE (Prop_BUFCE_BUFGCE_HDIO_I_O)
                                                      0.024     0.688 r  u_boundary_bufg/O
    X2Y1 (CLOCK_ROOT)    net (fo=28281, routed)       2.041     2.728    u_dut/frozen_r4c/clk
    SLICE_X92Y57         FDCE                                         r  u_dut/frozen_r4c/red_s0_data_reg[62][17]/C
  -------------------------------------------------------------------    -------------------
    SLICE_X92Y57         FDCE (Prop_BFF_SLICEM_C_Q)
                                                      0.058     2.786 r  u_dut/frozen_r4c/red_s0_data_reg[62][17]/Q
                         net (fo=2, routed)           0.073     2.859    u_dut/frozen_r4c/red_s0_data_reg[62][17]
    SLICE_X91Y57         CARRY8 (Prop_CARRY8_SLICEL_DI[1]_O[2])
                                                      0.047     2.906 r  u_dut/frozen_r4c/red_s1_data_reg[31][23]_i_1/O[2]
                         net (fo=1, routed)           0.010     2.916    u_dut/frozen_r4c/r3r_s1_sum_now[31][18]
    SLICE_X91Y57         FDCE                                         r  u_dut/frozen_r4c/red_s1_data_reg[31][18]/D
  -------------------------------------------------------------------    -------------------

                         (clock clk rise edge)        0.000     0.000 r  
    D14                                               0.000     0.000 r  clk (IN)
                         net (fo=0)                   0.000     0.000    u_boundary_ibuf/I
    D14                  INBUF (Prop_INBUF_HDIOB_M_PAD_O)
                                                      1.002     1.002 r  u_boundary_ibuf/INBUF_INST/O
                         net (fo=1, routed)           0.000     1.002    u_boundary_ibuf/OUT
    D14                  IBUFCTRL (Prop_IBUFCTRL_HDIOB_M_I_O)
                                                      0.000     1.002 r  u_boundary_ibuf/IBUFCTRL_INST/O
                         net (fo=1, routed)           0.204     1.206    clk_ibuf
    BUFGCE_HDIO_X0Y7     BUFGCE (Prop_BUFCE_BUFGCE_HDIO_I_O)
                                                      0.028     1.234 r  u_boundary_bufg/O
    X2Y1 (CLOCK_ROOT)    net (fo=28281, routed)       2.308     3.542    u_dut/frozen_r4c/clk
    SLICE_X91Y57         FDCE                                         r  u_dut/frozen_r4c/red_s1_data_reg[31][18]/C
                         clock pessimism             -0.717     2.824    
    SLICE_X91Y57         FDCE (Hold_CFF_SLICEL_C_D)
                                                      0.060     2.884    u_dut/frozen_r4c/red_s1_data_reg[31][18]
  -------------------------------------------------------------------
                         required time                         -2.884    
                         arrival time                           2.916    
  -------------------------------------------------------------------
                         slack                                  0.031    

Slack (MET) :             0.032ns  (arrival time - required time)
  Source:                 u_dut/cache_tu_id_reg[1][13]/C
                            (rising edge-triggered cell FDRE clocked by clk  {rise@0.000ns fall@1.000ns period=2.000ns})
  Destination:            u_dut/active_tu_reg[13]/D
                            (rising edge-triggered cell FDRE clocked by clk  {rise@0.000ns fall@1.000ns period=2.000ns})
  Path Group:             clk
  Path Type:              Hold (Min at Slow Process Corner)
  Requirement:            0.000ns  (clk rise@0.000ns - clk rise@0.000ns)
  Data Path Delay:        0.280ns  (logic 0.094ns (33.571%)  route 0.186ns (66.429%))
  Logic Levels:           1  (LUT5=1)
  Clock Path Skew:        0.188ns (DCD - SCD - CPR)
    Destination Clock Delay (DCD):    3.494ns
    Source Clock Delay      (SCD):    2.650ns
    Clock Pessimism Removal (CPR):    0.656ns
  Clock Net Delay (Source):      1.962ns (routing 1.083ns, distribution 0.879ns)
  Clock Net Delay (Destination): 2.261ns (routing 1.193ns, distribution 1.068ns)

    Location             Delay type                Incr(ns)  Path(ns)    Netlist Resource(s)
  -------------------------------------------------------------------    -------------------
                         (clock clk rise edge)        0.000     0.000 r  
    D14                                               0.000     0.000 r  clk (IN)
                         net (fo=0)                   0.000     0.000    u_boundary_ibuf/I
    D14                  INBUF (Prop_INBUF_HDIOB_M_PAD_O)
                                                      0.495     0.495 r  u_boundary_ibuf/INBUF_INST/O
                         net (fo=1, routed)           0.000     0.495    u_boundary_ibuf/OUT
    D14                  IBUFCTRL (Prop_IBUFCTRL_HDIOB_M_I_O)
                                                      0.000     0.495 r  u_boundary_ibuf/IBUFCTRL_INST/O
                         net (fo=1, routed)           0.169     0.664    clk_ibuf
    BUFGCE_HDIO_X0Y7     BUFGCE (Prop_BUFCE_BUFGCE_HDIO_I_O)
                                                      0.024     0.688 r  u_boundary_bufg/O
    X2Y1 (CLOCK_ROOT)    net (fo=28281, routed)       1.962     2.650    u_dut/clk
    SLICE_X83Y116        FDRE                                         r  u_dut/cache_tu_id_reg[1][13]/C
  -------------------------------------------------------------------    -------------------
    SLICE_X83Y116        FDRE (Prop_DFF_SLICEL_C_Q)
                                                      0.059     2.709 r  u_dut/cache_tu_id_reg[1][13]/Q
                         net (fo=1, routed)           0.164     2.873    u_dut/cache_tu_id_reg[1][13]
    SLICE_X83Y123        LUT5 (Prop_D6LUT_SLICEL_I0_O)
                                                      0.035     2.908 r  u_dut/active_tu[13]_i_1/O
                         net (fo=1, routed)           0.022     2.930    u_dut/A[13]
    SLICE_X83Y123        FDRE                                         r  u_dut/active_tu_reg[13]/D
  -------------------------------------------------------------------    -------------------

                         (clock clk rise edge)        0.000     0.000 r  
    D14                                               0.000     0.000 r  clk (IN)
                         net (fo=0)                   0.000     0.000    u_boundary_ibuf/I
    D14                  INBUF (Prop_INBUF_HDIOB_M_PAD_O)
                                                      1.002     1.002 r  u_boundary_ibuf/INBUF_INST/O
                         net (fo=1, routed)           0.000     1.002    u_boundary_ibuf/OUT
    D14                  IBUFCTRL (Prop_IBUFCTRL_HDIOB_M_I_O)
                                                      0.000     1.002 r  u_boundary_ibuf/IBUFCTRL_INST/O
                         net (fo=1, routed)           0.204     1.206    clk_ibuf
    BUFGCE_HDIO_X0Y7     BUFGCE (Prop_BUFCE_BUFGCE_HDIO_I_O)
                                                      0.028     1.234 r  u_boundary_bufg/O
    X2Y1 (CLOCK_ROOT)    net (fo=28281, routed)       2.261     3.494    u_dut/clk
    SLICE_X83Y123        FDRE                                         r  u_dut/active_tu_reg[13]/C
                         clock pessimism             -0.656     2.838    
    SLICE_X83Y123        FDRE (Hold_DFF_SLICEL_C_D)
                                                      0.060     2.898    u_dut/active_tu_reg[13]
  -------------------------------------------------------------------
                         required time                         -2.898    
                         arrival time                           2.930    
  -------------------------------------------------------------------
                         slack                                  0.032    

Slack (MET) :             0.032ns  (arrival time - required time)
  Source:                 u_dut/frozen_r4c/signal_reg_reg[106][10]/C
                            (rising edge-triggered cell FDCE clocked by clk  {rise@0.000ns fall@1.000ns period=2.000ns})
  Destination:            u_dut/frozen_r4c/stage16_mem_reg[1][46][4]/D
                            (rising edge-triggered cell FDCE clocked by clk  {rise@0.000ns fall@1.000ns period=2.000ns})
  Path Group:             clk
  Path Type:              Hold (Min at Slow Process Corner)
  Requirement:            0.000ns  (clk rise@0.000ns - clk rise@0.000ns)
  Data Path Delay:        0.196ns  (logic 0.086ns (43.878%)  route 0.110ns (56.122%))
  Logic Levels:           1  (CARRY8=1)
  Clock Path Skew:        0.102ns (DCD - SCD - CPR)
    Destination Clock Delay (DCD):    3.529ns
    Source Clock Delay      (SCD):    2.717ns
    Clock Pessimism Removal (CPR):    0.709ns
  Clock Net Delay (Source):      2.030ns (routing 1.083ns, distribution 0.947ns)
  Clock Net Delay (Destination): 2.295ns (routing 1.193ns, distribution 1.102ns)

    Location             Delay type                Incr(ns)  Path(ns)    Netlist Resource(s)
  -------------------------------------------------------------------    -------------------
                         (clock clk rise edge)        0.000     0.000 r  
    D14                                               0.000     0.000 r  clk (IN)
                         net (fo=0)                   0.000     0.000    u_boundary_ibuf/I
    D14                  INBUF (Prop_INBUF_HDIOB_M_PAD_O)
                                                      0.495     0.495 r  u_boundary_ibuf/INBUF_INST/O
                         net (fo=1, routed)           0.000     0.495    u_boundary_ibuf/OUT
    D14                  IBUFCTRL (Prop_IBUFCTRL_HDIOB_M_I_O)
                                                      0.000     0.495 r  u_boundary_ibuf/IBUFCTRL_INST/O
                         net (fo=1, routed)           0.169     0.664    clk_ibuf
    BUFGCE_HDIO_X0Y7     BUFGCE (Prop_BUFCE_BUFGCE_HDIO_I_O)
                                                      0.024     0.688 r  u_boundary_bufg/O
    X2Y1 (CLOCK_ROOT)    net (fo=28281, routed)       2.030     2.717    u_dut/frozen_r4c/clk
    SLICE_X69Y158        FDCE                                         r  u_dut/frozen_r4c/signal_reg_reg[106][10]/C
  -------------------------------------------------------------------    -------------------
    SLICE_X69Y158        FDCE (Prop_CFF_SLICEL_C_Q)
                                                      0.058     2.775 r  u_dut/frozen_r4c/signal_reg_reg[106][10]/Q
                         net (fo=1, routed)           0.101     2.876    u_dut/frozen_r4c/signal_reg_reg[106][10]
    SLICE_X67Y157        CARRY8 (Prop_CARRY8_SLICEM_S[6]_O[6])
                                                      0.028     2.904 r  u_dut/frozen_r4c/stage16_mem_reg[0][46][0]_i_1/O[6]
                         net (fo=4, routed)           0.009     2.913    u_dut/frozen_r4c/stage16_mem_reg[0][46][0]_i_1_n_9
    SLICE_X67Y157        FDCE                                         r  u_dut/frozen_r4c/stage16_mem_reg[1][46][4]/D
  -------------------------------------------------------------------    -------------------

                         (clock clk rise edge)        0.000     0.000 r  
    D14                                               0.000     0.000 r  clk (IN)
                         net (fo=0)                   0.000     0.000    u_boundary_ibuf/I
    D14                  INBUF (Prop_INBUF_HDIOB_M_PAD_O)
                                                      1.002     1.002 r  u_boundary_ibuf/INBUF_INST/O
                         net (fo=1, routed)           0.000     1.002    u_boundary_ibuf/OUT
    D14                  IBUFCTRL (Prop_IBUFCTRL_HDIOB_M_I_O)
                                                      0.000     1.002 r  u_boundary_ibuf/IBUFCTRL_INST/O
                         net (fo=1, routed)           0.204     1.206    clk_ibuf
    BUFGCE_HDIO_X0Y7     BUFGCE (Prop_BUFCE_BUFGCE_HDIO_I_O)
                                                      0.028     1.234 r  u_boundary_bufg/O
    X2Y1 (CLOCK_ROOT)    net (fo=28281, routed)       2.295     3.529    u_dut/frozen_r4c/clk
    SLICE_X67Y157        FDCE                                         r  u_dut/frozen_r4c/stage16_mem_reg[1][46][4]/C
                         clock pessimism             -0.709     2.820    
    SLICE_X67Y157        FDCE (Hold_GFF2_SLICEM_C_D)
                                                      0.062     2.882    u_dut/frozen_r4c/stage16_mem_reg[1][46][4]
  -------------------------------------------------------------------
                         required time                         -2.882    
                         arrival time                           2.913    
  -------------------------------------------------------------------
                         slack                                  0.032    

Slack (MET) :             0.032ns  (arrival time - required time)
  Source:                 u_dut/cache_tu_id_reg[0][3]/C
                            (rising edge-triggered cell FDRE clocked by clk  {rise@0.000ns fall@1.000ns period=2.000ns})
  Destination:            u_dut/active_tu_reg[3]/D
                            (rising edge-triggered cell FDRE clocked by clk  {rise@0.000ns fall@1.000ns period=2.000ns})
  Path Group:             clk
  Path Type:              Hold (Min at Slow Process Corner)
  Requirement:            0.000ns  (clk rise@0.000ns - clk rise@0.000ns)
  Data Path Delay:        0.286ns  (logic 0.093ns (32.472%)  route 0.193ns (67.528%))
  Logic Levels:           1  (LUT5=1)
  Clock Path Skew:        0.195ns (DCD - SCD - CPR)
    Destination Clock Delay (DCD):    3.503ns
    Source Clock Delay      (SCD):    2.652ns
    Clock Pessimism Removal (CPR):    0.656ns
  Clock Net Delay (Source):      1.964ns (routing 1.083ns, distribution 0.881ns)
  Clock Net Delay (Destination): 2.269ns (routing 1.193ns, distribution 1.076ns)

    Location             Delay type                Incr(ns)  Path(ns)    Netlist Resource(s)
  -------------------------------------------------------------------    -------------------
                         (clock clk rise edge)        0.000     0.000 r  
    D14                                               0.000     0.000 r  clk (IN)
                         net (fo=0)                   0.000     0.000    u_boundary_ibuf/I
    D14                  INBUF (Prop_INBUF_HDIOB_M_PAD_O)
                                                      0.495     0.495 r  u_boundary_ibuf/INBUF_INST/O
                         net (fo=1, routed)           0.000     0.495    u_boundary_ibuf/OUT
    D14                  IBUFCTRL (Prop_IBUFCTRL_HDIOB_M_I_O)
                                                      0.000     0.495 r  u_boundary_ibuf/IBUFCTRL_INST/O
                         net (fo=1, routed)           0.169     0.664    clk_ibuf
    BUFGCE_HDIO_X0Y7     BUFGCE (Prop_BUFCE_BUFGCE_HDIO_I_O)
                                                      0.024     0.688 r  u_boundary_bufg/O
    X2Y1 (CLOCK_ROOT)    net (fo=28281, routed)       1.964     2.652    u_dut/clk
    SLICE_X83Y116        FDRE                                         r  u_dut/cache_tu_id_reg[0][3]/C
  -------------------------------------------------------------------    -------------------
    SLICE_X83Y116        FDRE (Prop_FFF_SLICEL_C_Q)
                                                      0.058     2.710 r  u_dut/cache_tu_id_reg[0][3]/Q
                         net (fo=2, routed)           0.171     2.881    u_dut/cache_tu_id_reg[0][3]
    SLICE_X83Y131        LUT5 (Prop_D6LUT_SLICEL_I4_O)
                                                      0.035     2.916 r  u_dut/active_tu[3]_i_1/O
                         net (fo=1, routed)           0.022     2.938    u_dut/A[3]
    SLICE_X83Y131        FDRE                                         r  u_dut/active_tu_reg[3]/D
  -------------------------------------------------------------------    -------------------

                         (clock clk rise edge)        0.000     0.000 r  
    D14                                               0.000     0.000 r  clk (IN)
                         net (fo=0)                   0.000     0.000    u_boundary_ibuf/I
    D14                  INBUF (Prop_INBUF_HDIOB_M_PAD_O)
                                                      1.002     1.002 r  u_boundary_ibuf/INBUF_INST/O
                         net (fo=1, routed)           0.000     1.002    u_boundary_ibuf/OUT
    D14                  IBUFCTRL (Prop_IBUFCTRL_HDIOB_M_I_O)
                                                      0.000     1.002 r  u_boundary_ibuf/IBUFCTRL_INST/O
                         net (fo=1, routed)           0.204     1.206    clk_ibuf
    BUFGCE_HDIO_X0Y7     BUFGCE (Prop_BUFCE_BUFGCE_HDIO_I_O)
                                                      0.028     1.234 r  u_boundary_bufg/O
    X2Y1 (CLOCK_ROOT)    net (fo=28281, routed)       2.269     3.503    u_dut/clk
    SLICE_X83Y131        FDRE                                         r  u_dut/active_tu_reg[3]/C
                         clock pessimism             -0.656     2.847    
    SLICE_X83Y131        FDRE (Hold_DFF_SLICEL_C_D)
                                                      0.060     2.907    u_dut/active_tu_reg[3]
  -------------------------------------------------------------------
                         required time                         -2.907    
                         arrival time                           2.938    
  -------------------------------------------------------------------
                         slack                                  0.032    

Slack (MET) :             0.032ns  (arrival time - required time)
  Source:                 u_dut/frozen_r4c/dot_value_bank_reg[0][15][14]/C
                            (rising edge-triggered cell FDCE clocked by clk  {rise@0.000ns fall@1.000ns period=2.000ns})
  Destination:            u_dut/frozen_r4c/signal_reg_reg[33][15]/D
                            (rising edge-triggered cell FDCE clocked by clk  {rise@0.000ns fall@1.000ns period=2.000ns})
  Path Group:             clk
  Path Type:              Hold (Min at Slow Process Corner)
  Requirement:            0.000ns  (clk rise@0.000ns - clk rise@0.000ns)
  Data Path Delay:        0.363ns  (logic 0.139ns (38.276%)  route 0.224ns (61.724%))
  Logic Levels:           2  (CARRY8=1 LUT4=1)
  Clock Path Skew:        0.271ns (DCD - SCD - CPR)
    Destination Clock Delay (DCD):    3.582ns
    Source Clock Delay      (SCD):    2.654ns
    Clock Pessimism Removal (CPR):    0.656ns
  Clock Net Delay (Source):      1.967ns (routing 1.083ns, distribution 0.884ns)
  Clock Net Delay (Destination): 2.348ns (routing 1.193ns, distribution 1.155ns)

    Location             Delay type                Incr(ns)  Path(ns)    Netlist Resource(s)
  -------------------------------------------------------------------    -------------------
                         (clock clk rise edge)        0.000     0.000 r  
    D14                                               0.000     0.000 r  clk (IN)
                         net (fo=0)                   0.000     0.000    u_boundary_ibuf/I
    D14                  INBUF (Prop_INBUF_HDIOB_M_PAD_O)
                                                      0.495     0.495 r  u_boundary_ibuf/INBUF_INST/O
                         net (fo=1, routed)           0.000     0.495    u_boundary_ibuf/OUT
    D14                  IBUFCTRL (Prop_IBUFCTRL_HDIOB_M_I_O)
                                                      0.000     0.495 r  u_boundary_ibuf/IBUFCTRL_INST/O
                         net (fo=1, routed)           0.169     0.664    clk_ibuf
    BUFGCE_HDIO_X0Y7     BUFGCE (Prop_BUFCE_BUFGCE_HDIO_I_O)
                                                      0.024     0.688 r  u_boundary_bufg/O
    X2Y1 (CLOCK_ROOT)    net (fo=28281, routed)       1.967     2.654    u_dut/frozen_r4c/clk
    SLICE_X89Y119        FDCE                                         r  u_dut/frozen_r4c/dot_value_bank_reg[0][15][14]/C
  -------------------------------------------------------------------    -------------------
    SLICE_X89Y119        FDCE (Prop_CFF2_SLICEM_C_Q)
                                                      0.059     2.713 r  u_dut/frozen_r4c/dot_value_bank_reg[0][15][14]/Q
                         net (fo=2, routed)           0.199     2.913    u_dut/frozen_r4c/dot_value_bank_reg[0][15][14]
    SLICE_X90Y122        LUT4 (Prop_G6LUT_SLICEM_I2_O)
                                                      0.035     2.948 r  u_dut/frozen_r4c/signal_reg[33][15]_i_3/O
                         net (fo=1, routed)           0.015     2.963    u_dut/frozen_r4c/signal_reg[33][15]_i_3_n_0
    SLICE_X90Y122        CARRY8 (Prop_CARRY8_SLICEM_S[6]_O[7])
                                                      0.045     3.008 r  u_dut/frozen_r4c/signal_reg_reg[33][15]_i_1/O[7]
                         net (fo=1, routed)           0.010     3.018    u_dut/frozen_r4c/signal_reg_reg[33][15]_i_1_n_8
    SLICE_X90Y122        FDCE                                         r  u_dut/frozen_r4c/signal_reg_reg[33][15]/D
  -------------------------------------------------------------------    -------------------

                         (clock clk rise edge)        0.000     0.000 r  
    D14                                               0.000     0.000 r  clk (IN)
                         net (fo=0)                   0.000     0.000    u_boundary_ibuf/I
    D14                  INBUF (Prop_INBUF_HDIOB_M_PAD_O)
                                                      1.002     1.002 r  u_boundary_ibuf/INBUF_INST/O
                         net (fo=1, routed)           0.000     1.002    u_boundary_ibuf/OUT
    D14                  IBUFCTRL (Prop_IBUFCTRL_HDIOB_M_I_O)
                                                      0.000     1.002 r  u_boundary_ibuf/IBUFCTRL_INST/O
                         net (fo=1, routed)           0.204     1.206    clk_ibuf
    BUFGCE_HDIO_X0Y7     BUFGCE (Prop_BUFCE_BUFGCE_HDIO_I_O)
                                                      0.028     1.234 r  u_boundary_bufg/O
    X2Y1 (CLOCK_ROOT)    net (fo=28281, routed)       2.348     3.582    u_dut/frozen_r4c/clk
    SLICE_X90Y122        FDCE                                         r  u_dut/frozen_r4c/signal_reg_reg[33][15]/C
                         clock pessimism             -0.656     2.926    
    SLICE_X90Y122        FDCE (Hold_HFF_SLICEM_C_D)
                                                      0.060     2.986    u_dut/frozen_r4c/signal_reg_reg[33][15]
  -------------------------------------------------------------------
                         required time                         -2.986    
                         arrival time                           3.018    
  -------------------------------------------------------------------
                         slack                                  0.032    

Slack (MET) :             0.032ns  (arrival time - required time)
  Source:                 u_dut/frozen_r4c/r4a_vector_buf_b_reg[0][7][13]/C
                            (rising edge-triggered cell FDCE clocked by clk  {rise@0.000ns fall@1.000ns period=2.000ns})
  Destination:            u_dut/frozen_r4c/operand_x_reg_reg[99][13]/D
                            (rising edge-triggered cell FDCE clocked by clk  {rise@0.000ns fall@1.000ns period=2.000ns})
  Path Group:             clk
  Path Type:              Hold (Min at Fast Process Corner)
  Requirement:            0.000ns  (clk rise@0.000ns - clk rise@0.000ns)
  Data Path Delay:        0.101ns  (logic 0.052ns (51.647%)  route 0.049ns (48.353%))
  Logic Levels:           1  (LUT6=1)
  Clock Path Skew:        0.023ns (DCD - SCD - CPR)
    Destination Clock Delay (DCD):    2.198ns
    Source Clock Delay      (SCD):    1.721ns
    Clock Pessimism Removal (CPR):    0.454ns
  Clock Net Delay (Source):      1.278ns (routing 0.651ns, distribution 0.627ns)
  Clock Net Delay (Destination): 1.443ns (routing 0.728ns, distribution 0.715ns)

    Location             Delay type                Incr(ns)  Path(ns)    Netlist Resource(s)
  -------------------------------------------------------------------    -------------------
                         (clock clk rise edge)        0.000     0.000 r  
    D14                                               0.000     0.000 r  clk (IN)
                         net (fo=0)                   0.000     0.000    u_boundary_ibuf/I
    D14                  INBUF (Prop_INBUF_HDIOB_M_PAD_O)
                                                      0.336     0.336 r  u_boundary_ibuf/INBUF_INST/O
                         net (fo=1, routed)           0.000     0.336    u_boundary_ibuf/OUT
    D14                  IBUFCTRL (Prop_IBUFCTRL_HDIOB_M_I_O)
                                                      0.000     0.336 r  u_boundary_ibuf/IBUFCTRL_INST/O
                         net (fo=1, routed)           0.091     0.427    clk_ibuf
    BUFGCE_HDIO_X0Y7     BUFGCE (Prop_BUFCE_BUFGCE_HDIO_I_O)
                                                      0.017     0.444 r  u_boundary_bufg/O
    X2Y1 (CLOCK_ROOT)    net (fo=28281, routed)       1.278     1.721    u_dut/frozen_r4c/clk
    SLICE_X96Y49         FDCE                                         r  u_dut/frozen_r4c/r4a_vector_buf_b_reg[0][7][13]/C
  -------------------------------------------------------------------    -------------------
    SLICE_X96Y49         FDCE (Prop_EFF_SLICEM_C_Q)
                                                      0.038     1.759 r  u_dut/frozen_r4c/r4a_vector_buf_b_reg[0][7][13]/Q
                         net (fo=3, routed)           0.031     1.790    u_dut/frozen_r4c/r4a_vector_buf_b_reg[0][7][13]
    SLICE_X96Y50         LUT6 (Prop_A6LUT_SLICEM_I2_O)
                                                      0.014     1.804 r  u_dut/frozen_r4c/operand_x_reg[99][13]_i_1/O
                         net (fo=1, routed)           0.018     1.822    u_dut/frozen_r4c/operand_x_reg[99][13]_i_1_n_0
    SLICE_X96Y50         FDCE                                         r  u_dut/frozen_r4c/operand_x_reg_reg[99][13]/D
  -------------------------------------------------------------------    -------------------

                         (clock clk rise edge)        0.000     0.000 r  
    D14                                               0.000     0.000 r  clk (IN)
                         net (fo=0)                   0.000     0.000    u_boundary_ibuf/I
    D14                  INBUF (Prop_INBUF_HDIOB_M_PAD_O)
                                                      0.624     0.624 r  u_boundary_ibuf/INBUF_INST/O
                         net (fo=1, routed)           0.000     0.624    u_boundary_ibuf/OUT
    D14                  IBUFCTRL (Prop_IBUFCTRL_HDIOB_M_I_O)
                                                      0.000     0.624 r  u_boundary_ibuf/IBUFCTRL_INST/O
                         net (fo=1, routed)           0.113     0.737    clk_ibuf
    BUFGCE_HDIO_X0Y7     BUFGCE (Prop_BUFCE_BUFGCE_HDIO_I_O)
                                                      0.019     0.756 r  u_boundary_bufg/O
    X2Y1 (CLOCK_ROOT)    net (fo=28281, routed)       1.443     2.198    u_dut/frozen_r4c/clk
    SLICE_X96Y50         FDCE                                         r  u_dut/frozen_r4c/operand_x_reg_reg[99][13]/C
                         clock pessimism             -0.454     1.744    
    SLICE_X96Y50         FDCE (Hold_AFF_SLICEM_C_D)
                                                      0.046     1.790    u_dut/frozen_r4c/operand_x_reg_reg[99][13]
  -------------------------------------------------------------------
                         required time                         -1.790    
                         arrival time                           1.822    
  -------------------------------------------------------------------
                         slack                                  0.032    

Slack (MET) :             0.033ns  (arrival time - required time)
  Source:                 u_dut/frozen_r4c/sched_coeff_reg_reg[75][6]/C
                            (rising edge-triggered cell FDCE clocked by clk  {rise@0.000ns fall@1.000ns period=2.000ns})
  Destination:            u_dut/frozen_r4c/operand_coeff_reg_reg[75][6]/D
                            (rising edge-triggered cell FDCE clocked by clk  {rise@0.000ns fall@1.000ns period=2.000ns})
  Path Group:             clk
  Path Type:              Hold (Min at Fast Process Corner)
  Requirement:            0.000ns  (clk rise@0.000ns - clk rise@0.000ns)
  Data Path Delay:        0.096ns  (logic 0.041ns (42.708%)  route 0.055ns (57.292%))
  Logic Levels:           0  
  Clock Path Skew:        0.016ns (DCD - SCD - CPR)
    Destination Clock Delay (DCD):    2.139ns
    Source Clock Delay      (SCD):    1.666ns
    Clock Pessimism Removal (CPR):    0.457ns
  Clock Net Delay (Source):      1.222ns (routing 0.651ns, distribution 0.571ns)
  Clock Net Delay (Destination): 1.383ns (routing 0.728ns, distribution 0.655ns)

    Location             Delay type                Incr(ns)  Path(ns)    Netlist Resource(s)
  -------------------------------------------------------------------    -------------------
                         (clock clk rise edge)        0.000     0.000 r  
    D14                                               0.000     0.000 r  clk (IN)
                         net (fo=0)                   0.000     0.000    u_boundary_ibuf/I
    D14                  INBUF (Prop_INBUF_HDIOB_M_PAD_O)
                                                      0.336     0.336 r  u_boundary_ibuf/INBUF_INST/O
                         net (fo=1, routed)           0.000     0.336    u_boundary_ibuf/OUT
    D14                  IBUFCTRL (Prop_IBUFCTRL_HDIOB_M_I_O)
                                                      0.000     0.336 r  u_boundary_ibuf/IBUFCTRL_INST/O
                         net (fo=1, routed)           0.091     0.427    clk_ibuf
    BUFGCE_HDIO_X0Y7     BUFGCE (Prop_BUFCE_BUFGCE_HDIO_I_O)
                                                      0.017     0.444 r  u_boundary_bufg/O
    X2Y1 (CLOCK_ROOT)    net (fo=28281, routed)       1.222     1.666    u_dut/frozen_r4c/clk
    SLICE_X78Y62         FDCE                                         r  u_dut/frozen_r4c/sched_coeff_reg_reg[75][6]/C
  -------------------------------------------------------------------    -------------------
    SLICE_X78Y62         FDCE (Prop_DFF2_SLICEL_C_Q)
                                                      0.041     1.707 r  u_dut/frozen_r4c/sched_coeff_reg_reg[75][6]/Q
                         net (fo=1, routed)           0.055     1.762    u_dut/frozen_r4c/sched_coeff_reg_reg[75][6]
    SLICE_X77Y62         FDCE                                         r  u_dut/frozen_r4c/operand_coeff_reg_reg[75][6]/D
  -------------------------------------------------------------------    -------------------

                         (clock clk rise edge)        0.000     0.000 r  
    D14                                               0.000     0.000 r  clk (IN)
                         net (fo=0)                   0.000     0.000    u_boundary_ibuf/I
    D14                  INBUF (Prop_INBUF_HDIOB_M_PAD_O)
                                                      0.624     0.624 r  u_boundary_ibuf/INBUF_INST/O
                         net (fo=1, routed)           0.000     0.624    u_boundary_ibuf/OUT
    D14                  IBUFCTRL (Prop_IBUFCTRL_HDIOB_M_I_O)
                                                      0.000     0.624 r  u_boundary_ibuf/IBUFCTRL_INST/O
                         net (fo=1, routed)           0.113     0.737    clk_ibuf
    BUFGCE_HDIO_X0Y7     BUFGCE (Prop_BUFCE_BUFGCE_HDIO_I_O)
                                                      0.019     0.756 r  u_boundary_bufg/O
    X2Y1 (CLOCK_ROOT)    net (fo=28281, routed)       1.383     2.139    u_dut/frozen_r4c/clk
    SLICE_X77Y62         FDCE                                         r  u_dut/frozen_r4c/operand_coeff_reg_reg[75][6]/C
                         clock pessimism             -0.457     1.682    
    SLICE_X77Y62         FDCE (Hold_EFF2_SLICEL_C_D)
                                                      0.047     1.729    u_dut/frozen_r4c/operand_coeff_reg_reg[75][6]
  -------------------------------------------------------------------
                         required time                         -1.729    
                         arrival time                           1.762    
  -------------------------------------------------------------------
                         slack                                  0.033    

Slack (MET) :             0.033ns  (arrival time - required time)
  Source:                 u_dut/frozen_r4c/sched_coeff_reg_reg[46][1]/C
                            (rising edge-triggered cell FDCE clocked by clk  {rise@0.000ns fall@1.000ns period=2.000ns})
  Destination:            u_dut/frozen_r4c/operand_coeff_reg_reg[46][1]/D
                            (rising edge-triggered cell FDCE clocked by clk  {rise@0.000ns fall@1.000ns period=2.000ns})
  Path Group:             clk
  Path Type:              Hold (Min at Slow Process Corner)
  Requirement:            0.000ns  (clk rise@0.000ns - clk rise@0.000ns)
  Data Path Delay:        0.133ns  (logic 0.058ns (43.609%)  route 0.075ns (56.391%))
  Logic Levels:           0  
  Clock Path Skew:        0.038ns (DCD - SCD - CPR)
    Destination Clock Delay (DCD):    3.542ns
    Source Clock Delay      (SCD):    2.733ns
    Clock Pessimism Removal (CPR):    0.771ns
  Clock Net Delay (Source):      2.045ns (routing 1.083ns, distribution 0.962ns)
  Clock Net Delay (Destination): 2.308ns (routing 1.193ns, distribution 1.115ns)

    Location             Delay type                Incr(ns)  Path(ns)    Netlist Resource(s)
  -------------------------------------------------------------------    -------------------
                         (clock clk rise edge)        0.000     0.000 r  
    D14                                               0.000     0.000 r  clk (IN)
                         net (fo=0)                   0.000     0.000    u_boundary_ibuf/I
    D14                  INBUF (Prop_INBUF_HDIOB_M_PAD_O)
                                                      0.495     0.495 r  u_boundary_ibuf/INBUF_INST/O
                         net (fo=1, routed)           0.000     0.495    u_boundary_ibuf/OUT
    D14                  IBUFCTRL (Prop_IBUFCTRL_HDIOB_M_I_O)
                                                      0.000     0.495 r  u_boundary_ibuf/IBUFCTRL_INST/O
                         net (fo=1, routed)           0.169     0.664    clk_ibuf
    BUFGCE_HDIO_X0Y7     BUFGCE (Prop_BUFCE_BUFGCE_HDIO_I_O)
                                                      0.024     0.688 r  u_boundary_bufg/O
    X2Y1 (CLOCK_ROOT)    net (fo=28281, routed)       2.045     2.733    u_dut/frozen_r4c/clk
    SLICE_X97Y109        FDCE                                         r  u_dut/frozen_r4c/sched_coeff_reg_reg[46][1]/C
  -------------------------------------------------------------------    -------------------
    SLICE_X97Y109        FDCE (Prop_HFF_SLICEL_C_Q)
                                                      0.058     2.791 r  u_dut/frozen_r4c/sched_coeff_reg_reg[46][1]/Q
                         net (fo=1, routed)           0.075     2.866    u_dut/frozen_r4c/sched_coeff_reg_reg[46][1]
    SLICE_X96Y109        FDCE                                         r  u_dut/frozen_r4c/operand_coeff_reg_reg[46][1]/D
  -------------------------------------------------------------------    -------------------

                         (clock clk rise edge)        0.000     0.000 r  
    D14                                               0.000     0.000 r  clk (IN)
                         net (fo=0)                   0.000     0.000    u_boundary_ibuf/I
    D14                  INBUF (Prop_INBUF_HDIOB_M_PAD_O)
                                                      1.002     1.002 r  u_boundary_ibuf/INBUF_INST/O
                         net (fo=1, routed)           0.000     1.002    u_boundary_ibuf/OUT
    D14                  IBUFCTRL (Prop_IBUFCTRL_HDIOB_M_I_O)
                                                      0.000     1.002 r  u_boundary_ibuf/IBUFCTRL_INST/O
                         net (fo=1, routed)           0.204     1.206    clk_ibuf
    BUFGCE_HDIO_X0Y7     BUFGCE (Prop_BUFCE_BUFGCE_HDIO_I_O)
                                                      0.028     1.234 r  u_boundary_bufg/O
    X2Y1 (CLOCK_ROOT)    net (fo=28281, routed)       2.308     3.542    u_dut/frozen_r4c/clk
    SLICE_X96Y109        FDCE                                         r  u_dut/frozen_r4c/operand_coeff_reg_reg[46][1]/C
                         clock pessimism             -0.771     2.771    
    SLICE_X96Y109        FDCE (Hold_HFF2_SLICEM_C_D)
                                                      0.062     2.833    u_dut/frozen_r4c/operand_coeff_reg_reg[46][1]
  -------------------------------------------------------------------
                         required time                         -2.833    
                         arrival time                           2.866    
  -------------------------------------------------------------------
                         slack                                  0.033    

Slack (MET) :             0.033ns  (arrival time - required time)
  Source:                 u_dut/frozen_r4c/dot_value_bank_reg[0][15][16]/C
                            (rising edge-triggered cell FDCE clocked by clk  {rise@0.000ns fall@1.000ns period=2.000ns})
  Destination:            u_dut/frozen_r4c/signal_reg_reg[33][17]/D
                            (rising edge-triggered cell FDCE clocked by clk  {rise@0.000ns fall@1.000ns period=2.000ns})
  Path Group:             clk
  Path Type:              Hold (Min at Slow Process Corner)
  Requirement:            0.000ns  (clk rise@0.000ns - clk rise@0.000ns)
  Data Path Delay:        0.268ns  (logic 0.126ns (46.944%)  route 0.142ns (53.056%))
  Logic Levels:           2  (CARRY8=1 LUT4=1)
  Clock Path Skew:        0.175ns (DCD - SCD - CPR)
    Destination Clock Delay (DCD):    3.583ns
    Source Clock Delay      (SCD):    2.696ns
    Clock Pessimism Removal (CPR):    0.712ns
  Clock Net Delay (Source):      2.008ns (routing 1.083ns, distribution 0.925ns)
  Clock Net Delay (Destination): 2.349ns (routing 1.193ns, distribution 1.156ns)

    Location             Delay type                Incr(ns)  Path(ns)    Netlist Resource(s)
  -------------------------------------------------------------------    -------------------
                         (clock clk rise edge)        0.000     0.000 r  
    D14                                               0.000     0.000 r  clk (IN)
                         net (fo=0)                   0.000     0.000    u_boundary_ibuf/I
    D14                  INBUF (Prop_INBUF_HDIOB_M_PAD_O)
                                                      0.495     0.495 r  u_boundary_ibuf/INBUF_INST/O
                         net (fo=1, routed)           0.000     0.495    u_boundary_ibuf/OUT
    D14                  IBUFCTRL (Prop_IBUFCTRL_HDIOB_M_I_O)
                                                      0.000     0.495 r  u_boundary_ibuf/IBUFCTRL_INST/O
                         net (fo=1, routed)           0.169     0.664    clk_ibuf
    BUFGCE_HDIO_X0Y7     BUFGCE (Prop_BUFCE_BUFGCE_HDIO_I_O)
                                                      0.024     0.688 r  u_boundary_bufg/O
    X2Y1 (CLOCK_ROOT)    net (fo=28281, routed)       2.008     2.696    u_dut/frozen_r4c/clk
    SLICE_X88Y123        FDCE                                         r  u_dut/frozen_r4c/dot_value_bank_reg[0][15][16]/C
  -------------------------------------------------------------------    -------------------
    SLICE_X88Y123        FDCE (Prop_DFF_SLICEL_C_Q)
                                                      0.059     2.755 r  u_dut/frozen_r4c/dot_value_bank_reg[0][15][16]/Q
                         net (fo=2, routed)           0.120     2.875    u_dut/frozen_r4c/dot_value_bank_reg[0][15][16]
    SLICE_X90Y123        LUT4 (Prop_A6LUT_SLICEM_I2_O)
                                                      0.023     2.898 r  u_dut/frozen_r4c/signal_reg[33][21]_i_7/O
                         net (fo=1, routed)           0.012     2.910    u_dut/frozen_r4c/signal_reg[33][21]_i_7_n_0
    SLICE_X90Y123        CARRY8 (Prop_CARRY8_SLICEM_S[0]_O[1])
                                                      0.044     2.954 r  u_dut/frozen_r4c/signal_reg_reg[33][21]_i_1/O[1]
                         net (fo=1, routed)           0.010     2.964    u_dut/frozen_r4c/signal_reg_reg[33][21]_i_1_n_14
    SLICE_X90Y123        FDCE                                         r  u_dut/frozen_r4c/signal_reg_reg[33][17]/D
  -------------------------------------------------------------------    -------------------

                         (clock clk rise edge)        0.000     0.000 r  
    D14                                               0.000     0.000 r  clk (IN)
                         net (fo=0)                   0.000     0.000    u_boundary_ibuf/I
    D14                  INBUF (Prop_INBUF_HDIOB_M_PAD_O)
                                                      1.002     1.002 r  u_boundary_ibuf/INBUF_INST/O
                         net (fo=1, routed)           0.000     1.002    u_boundary_ibuf/OUT
    D14                  IBUFCTRL (Prop_IBUFCTRL_HDIOB_M_I_O)
                                                      0.000     1.002 r  u_boundary_ibuf/IBUFCTRL_INST/O
                         net (fo=1, routed)           0.204     1.206    clk_ibuf
    BUFGCE_HDIO_X0Y7     BUFGCE (Prop_BUFCE_BUFGCE_HDIO_I_O)
                                                      0.028     1.234 r  u_boundary_bufg/O
    X2Y1 (CLOCK_ROOT)    net (fo=28281, routed)       2.349     3.583    u_dut/frozen_r4c/clk
    SLICE_X90Y123        FDCE                                         r  u_dut/frozen_r4c/signal_reg_reg[33][17]/C
                         clock pessimism             -0.712     2.871    
    SLICE_X90Y123        FDCE (Hold_BFF_SLICEM_C_D)
                                                      0.060     2.931    u_dut/frozen_r4c/signal_reg_reg[33][17]
  -------------------------------------------------------------------
                         required time                         -2.931    
                         arrival time                           2.964    
  -------------------------------------------------------------------
                         slack                                  0.033    

Slack (MET) :             0.033ns  (arrival time - required time)
  Source:                 u_dut/frozen_r4c/r4a_vector_buf_a_reg[0][61][1]/C
                            (rising edge-triggered cell FDCE clocked by clk  {rise@0.000ns fall@1.000ns period=2.000ns})
  Destination:            u_dut/frozen_r4c/operand_x_reg_reg[30][1]/D
                            (rising edge-triggered cell FDCE clocked by clk  {rise@0.000ns fall@1.000ns period=2.000ns})
  Path Group:             clk
  Path Type:              Hold (Min at Slow Process Corner)
  Requirement:            0.000ns  (clk rise@0.000ns - clk rise@0.000ns)
  Data Path Delay:        0.195ns  (logic 0.095ns (48.617%)  route 0.100ns (51.383%))
  Logic Levels:           1  (LUT6=1)
  Clock Path Skew:        0.102ns (DCD - SCD - CPR)
    Destination Clock Delay (DCD):    3.555ns
    Source Clock Delay      (SCD):    2.735ns
    Clock Pessimism Removal (CPR):    0.717ns
  Clock Net Delay (Source):      2.048ns (routing 1.083ns, distribution 0.965ns)
  Clock Net Delay (Destination): 2.321ns (routing 1.193ns, distribution 1.128ns)

    Location             Delay type                Incr(ns)  Path(ns)    Netlist Resource(s)
  -------------------------------------------------------------------    -------------------
                         (clock clk rise edge)        0.000     0.000 r  
    D14                                               0.000     0.000 r  clk (IN)
                         net (fo=0)                   0.000     0.000    u_boundary_ibuf/I
    D14                  INBUF (Prop_INBUF_HDIOB_M_PAD_O)
                                                      0.495     0.495 r  u_boundary_ibuf/INBUF_INST/O
                         net (fo=1, routed)           0.000     0.495    u_boundary_ibuf/OUT
    D14                  IBUFCTRL (Prop_IBUFCTRL_HDIOB_M_I_O)
                                                      0.000     0.495 r  u_boundary_ibuf/IBUFCTRL_INST/O
                         net (fo=1, routed)           0.169     0.664    clk_ibuf
    BUFGCE_HDIO_X0Y7     BUFGCE (Prop_BUFCE_BUFGCE_HDIO_I_O)
                                                      0.024     0.688 r  u_boundary_bufg/O
    X2Y1 (CLOCK_ROOT)    net (fo=28281, routed)       2.048     2.735    u_dut/frozen_r4c/clk
    SLICE_X95Y54         FDCE                                         r  u_dut/frozen_r4c/r4a_vector_buf_a_reg[0][61][1]/C
  -------------------------------------------------------------------    -------------------
    SLICE_X95Y54         FDCE (Prop_GFF2_SLICEM_C_Q)
                                                      0.060     2.795 r  u_dut/frozen_r4c/r4a_vector_buf_a_reg[0][61][1]/Q
                         net (fo=2, routed)           0.071     2.867    u_dut/frozen_r4c/r4a_vector_buf_a_reg[0][61][1]
    SLICE_X93Y54         LUT6 (Prop_B6LUT_SLICEM_I2_O)
                                                      0.035     2.902 r  u_dut/frozen_r4c/operand_x_reg[30][1]_i_1/O
                         net (fo=1, routed)           0.029     2.931    u_dut/frozen_r4c/operand_x_reg[30][1]_i_1_n_0
    SLICE_X93Y54         FDCE                                         r  u_dut/frozen_r4c/operand_x_reg_reg[30][1]/D
  -------------------------------------------------------------------    -------------------

                         (clock clk rise edge)        0.000     0.000 r  
    D14                                               0.000     0.000 r  clk (IN)
                         net (fo=0)                   0.000     0.000    u_boundary_ibuf/I
    D14                  INBUF (Prop_INBUF_HDIOB_M_PAD_O)
                                                      1.002     1.002 r  u_boundary_ibuf/INBUF_INST/O
                         net (fo=1, routed)           0.000     1.002    u_boundary_ibuf/OUT
    D14                  IBUFCTRL (Prop_IBUFCTRL_HDIOB_M_I_O)
                                                      0.000     1.002 r  u_boundary_ibuf/IBUFCTRL_INST/O
                         net (fo=1, routed)           0.204     1.206    clk_ibuf
    BUFGCE_HDIO_X0Y7     BUFGCE (Prop_BUFCE_BUFGCE_HDIO_I_O)
                                                      0.028     1.234 r  u_boundary_bufg/O
    X2Y1 (CLOCK_ROOT)    net (fo=28281, routed)       2.321     3.555    u_dut/frozen_r4c/clk
    SLICE_X93Y54         FDCE                                         r  u_dut/frozen_r4c/operand_x_reg_reg[30][1]/C
                         clock pessimism             -0.717     2.838    
    SLICE_X93Y54         FDCE (Hold_BFF_SLICEM_C_D)
                                                      0.060     2.898    u_dut/frozen_r4c/operand_x_reg_reg[30][1]
  -------------------------------------------------------------------
                         required time                         -2.898    
                         arrival time                           2.931    
  -------------------------------------------------------------------
                         slack                                  0.033    

Slack (MET) :             0.033ns  (arrival time - required time)
  Source:                 u_dut/frozen_r4c/dot_value_bank_reg[0][5][12]/C
                            (rising edge-triggered cell FDCE clocked by clk  {rise@0.000ns fall@1.000ns period=2.000ns})
  Destination:            u_dut/frozen_r4c/signal_reg_reg[6][12]/D
                            (rising edge-triggered cell FDCE clocked by clk  {rise@0.000ns fall@1.000ns period=2.000ns})
  Path Group:             clk
  Path Type:              Hold (Min at Slow Process Corner)
  Requirement:            0.000ns  (clk rise@0.000ns - clk rise@0.000ns)
  Data Path Delay:        0.306ns  (logic 0.121ns (39.576%)  route 0.185ns (60.424%))
  Logic Levels:           2  (CARRY8=1 LUT4=1)
  Clock Path Skew:        0.212ns (DCD - SCD - CPR)
    Destination Clock Delay (DCD):    3.600ns
    Source Clock Delay      (SCD):    2.731ns
    Clock Pessimism Removal (CPR):    0.656ns
  Clock Net Delay (Source):      2.044ns (routing 1.083ns, distribution 0.961ns)
  Clock Net Delay (Destination): 2.366ns (routing 1.193ns, distribution 1.173ns)

    Location             Delay type                Incr(ns)  Path(ns)    Netlist Resource(s)
  -------------------------------------------------------------------    -------------------
                         (clock clk rise edge)        0.000     0.000 r  
    D14                                               0.000     0.000 r  clk (IN)
                         net (fo=0)                   0.000     0.000    u_boundary_ibuf/I
    D14                  INBUF (Prop_INBUF_HDIOB_M_PAD_O)
                                                      0.495     0.495 r  u_boundary_ibuf/INBUF_INST/O
                         net (fo=1, routed)           0.000     0.495    u_boundary_ibuf/OUT
    D14                  IBUFCTRL (Prop_IBUFCTRL_HDIOB_M_I_O)
                                                      0.000     0.495 r  u_boundary_ibuf/IBUFCTRL_INST/O
                         net (fo=1, routed)           0.169     0.664    clk_ibuf
    BUFGCE_HDIO_X0Y7     BUFGCE (Prop_BUFCE_BUFGCE_HDIO_I_O)
                                                      0.024     0.688 r  u_boundary_bufg/O
    X2Y1 (CLOCK_ROOT)    net (fo=28281, routed)       2.044     2.731    u_dut/frozen_r4c/clk
    SLICE_X98Y115        FDCE                                         r  u_dut/frozen_r4c/dot_value_bank_reg[0][5][12]/C
  -------------------------------------------------------------------    -------------------
    SLICE_X98Y115        FDCE (Prop_HFF_SLICEM_C_Q)
                                                      0.058     2.789 r  u_dut/frozen_r4c/dot_value_bank_reg[0][5][12]/Q
                         net (fo=2, routed)           0.163     2.952    u_dut/frozen_r4c/dot_value_bank_reg[0][5][12]
    SLICE_X96Y123        LUT4 (Prop_E6LUT_SLICEM_I2_O)
                                                      0.035     2.987 r  u_dut/frozen_r4c/signal_reg[6][15]_i_5/O
                         net (fo=1, routed)           0.013     3.000    u_dut/frozen_r4c/signal_reg[6][15]_i_5_n_0
    SLICE_X96Y123        CARRY8 (Prop_CARRY8_SLICEM_S[4]_O[4])
                                                      0.028     3.028 r  u_dut/frozen_r4c/signal_reg_reg[6][15]_i_1/O[4]
                         net (fo=1, routed)           0.009     3.037    u_dut/frozen_r4c/signal_reg_reg[6][15]_i_1_n_11
    SLICE_X96Y123        FDCE                                         r  u_dut/frozen_r4c/signal_reg_reg[6][12]/D
  -------------------------------------------------------------------    -------------------

                         (clock clk rise edge)        0.000     0.000 r  
    D14                                               0.000     0.000 r  clk (IN)
                         net (fo=0)                   0.000     0.000    u_boundary_ibuf/I
    D14                  INBUF (Prop_INBUF_HDIOB_M_PAD_O)
                                                      1.002     1.002 r  u_boundary_ibuf/INBUF_INST/O
                         net (fo=1, routed)           0.000     1.002    u_boundary_ibuf/OUT
    D14                  IBUFCTRL (Prop_IBUFCTRL_HDIOB_M_I_O)
                                                      0.000     1.002 r  u_boundary_ibuf/IBUFCTRL_INST/O
                         net (fo=1, routed)           0.204     1.206    clk_ibuf
    BUFGCE_HDIO_X0Y7     BUFGCE (Prop_BUFCE_BUFGCE_HDIO_I_O)
                                                      0.028     1.234 r  u_boundary_bufg/O
    X2Y1 (CLOCK_ROOT)    net (fo=28281, routed)       2.366     3.600    u_dut/frozen_r4c/clk
    SLICE_X96Y123        FDCE                                         r  u_dut/frozen_r4c/signal_reg_reg[6][12]/C
                         clock pessimism             -0.656     2.944    
    SLICE_X96Y123        FDCE (Hold_EFF_SLICEM_C_D)
                                                      0.060     3.004    u_dut/frozen_r4c/signal_reg_reg[6][12]
  -------------------------------------------------------------------
                         required time                         -3.004    
                         arrival time                           3.037    
  -------------------------------------------------------------------
                         slack                                  0.033    

Slack (MET) :             0.034ns  (arrival time - required time)
  Source:                 u_dut/frozen_r4c/r4a_vector_buf_a_reg[0][39][13]/C
                            (rising edge-triggered cell FDCE clocked by clk  {rise@0.000ns fall@1.000ns period=2.000ns})
  Destination:            u_dut/frozen_r4c/operand_x_reg_reg[51][13]/D
                            (rising edge-triggered cell FDCE clocked by clk  {rise@0.000ns fall@1.000ns period=2.000ns})
  Path Group:             clk
  Path Type:              Hold (Min at Slow Process Corner)
  Requirement:            0.000ns  (clk rise@0.000ns - clk rise@0.000ns)
  Data Path Delay:        0.204ns  (logic 0.095ns (46.477%)  route 0.109ns (53.523%))
  Logic Levels:           1  (LUT6=1)
  Clock Path Skew:        0.111ns (DCD - SCD - CPR)
    Destination Clock Delay (DCD):    3.538ns
    Source Clock Delay      (SCD):    2.715ns
    Clock Pessimism Removal (CPR):    0.712ns
  Clock Net Delay (Source):      2.027ns (routing 1.083ns, distribution 0.944ns)
  Clock Net Delay (Destination): 2.304ns (routing 1.193ns, distribution 1.111ns)

    Location             Delay type                Incr(ns)  Path(ns)    Netlist Resource(s)
  -------------------------------------------------------------------    -------------------
                         (clock clk rise edge)        0.000     0.000 r  
    D14                                               0.000     0.000 r  clk (IN)
                         net (fo=0)                   0.000     0.000    u_boundary_ibuf/I
    D14                  INBUF (Prop_INBUF_HDIOB_M_PAD_O)
                                                      0.495     0.495 r  u_boundary_ibuf/INBUF_INST/O
                         net (fo=1, routed)           0.000     0.495    u_boundary_ibuf/OUT
    D14                  IBUFCTRL (Prop_IBUFCTRL_HDIOB_M_I_O)
                                                      0.000     0.495 r  u_boundary_ibuf/IBUFCTRL_INST/O
                         net (fo=1, routed)           0.169     0.664    clk_ibuf
    BUFGCE_HDIO_X0Y7     BUFGCE (Prop_BUFCE_BUFGCE_HDIO_I_O)
                                                      0.024     0.688 r  u_boundary_bufg/O
    X2Y1 (CLOCK_ROOT)    net (fo=28281, routed)       2.027     2.715    u_dut/frozen_r4c/clk
    SLICE_X92Y75         FDCE                                         r  u_dut/frozen_r4c/r4a_vector_buf_a_reg[0][39][13]/C
  -------------------------------------------------------------------    -------------------
    SLICE_X92Y75         FDCE (Prop_GFF_SLICEM_C_Q)
                                                      0.058     2.773 r  u_dut/frozen_r4c/r4a_vector_buf_a_reg[0][39][13]/Q
                         net (fo=3, routed)           0.079     2.852    u_dut/frozen_r4c/r4a_vector_buf_a_reg[0][39][13]
    SLICE_X93Y75         LUT6 (Prop_H6LUT_SLICEM_I2_O)
                                                      0.037     2.889 r  u_dut/frozen_r4c/operand_x_reg[51][13]_i_1/O
                         net (fo=1, routed)           0.030     2.919    u_dut/frozen_r4c/operand_x_reg[51][13]_i_1_n_0
    SLICE_X93Y75         FDCE                                         r  u_dut/frozen_r4c/operand_x_reg_reg[51][13]/D
  -------------------------------------------------------------------    -------------------

                         (clock clk rise edge)        0.000     0.000 r  
    D14                                               0.000     0.000 r  clk (IN)
                         net (fo=0)                   0.000     0.000    u_boundary_ibuf/I
    D14                  INBUF (Prop_INBUF_HDIOB_M_PAD_O)
                                                      1.002     1.002 r  u_boundary_ibuf/INBUF_INST/O
                         net (fo=1, routed)           0.000     1.002    u_boundary_ibuf/OUT
    D14                  IBUFCTRL (Prop_IBUFCTRL_HDIOB_M_I_O)
                                                      0.000     1.002 r  u_boundary_ibuf/IBUFCTRL_INST/O
                         net (fo=1, routed)           0.204     1.206    clk_ibuf
    BUFGCE_HDIO_X0Y7     BUFGCE (Prop_BUFCE_BUFGCE_HDIO_I_O)
                                                      0.028     1.234 r  u_boundary_bufg/O
    X2Y1 (CLOCK_ROOT)    net (fo=28281, routed)       2.304     3.538    u_dut/frozen_r4c/clk
    SLICE_X93Y75         FDCE                                         r  u_dut/frozen_r4c/operand_x_reg_reg[51][13]/C
                         clock pessimism             -0.712     2.825    
    SLICE_X93Y75         FDCE (Hold_HFF_SLICEM_C_D)
                                                      0.060     2.885    u_dut/frozen_r4c/operand_x_reg_reg[51][13]
  -------------------------------------------------------------------
                         required time                         -2.885    
                         arrival time                           2.919    
  -------------------------------------------------------------------
                         slack                                  0.034    

Slack (MET) :             0.034ns  (arrival time - required time)
  Source:                 u_dut/frozen_r4c/vector_id_d1_reg[3]/C
                            (rising edge-triggered cell FDCE clocked by clk  {rise@0.000ns fall@1.000ns period=2.000ns})
  Destination:            u_dut/frozen_r4c/vector_id_d2_reg[3]/D
                            (rising edge-triggered cell FDCE clocked by clk  {rise@0.000ns fall@1.000ns period=2.000ns})
  Path Group:             clk
  Path Type:              Hold (Min at Slow Process Corner)
  Requirement:            0.000ns  (clk rise@0.000ns - clk rise@0.000ns)
  Data Path Delay:        0.298ns  (logic 0.060ns (20.134%)  route 0.238ns (79.866%))
  Logic Levels:           0  
  Clock Path Skew:        0.204ns (DCD - SCD - CPR)
    Destination Clock Delay (DCD):    3.505ns
    Source Clock Delay      (SCD):    2.645ns
    Clock Pessimism Removal (CPR):    0.656ns
  Clock Net Delay (Source):      1.957ns (routing 1.083ns, distribution 0.874ns)
  Clock Net Delay (Destination): 2.271ns (routing 1.193ns, distribution 1.078ns)

    Location             Delay type                Incr(ns)  Path(ns)    Netlist Resource(s)
  -------------------------------------------------------------------    -------------------
                         (clock clk rise edge)        0.000     0.000 r  
    D14                                               0.000     0.000 r  clk (IN)
                         net (fo=0)                   0.000     0.000    u_boundary_ibuf/I
    D14                  INBUF (Prop_INBUF_HDIOB_M_PAD_O)
                                                      0.495     0.495 r  u_boundary_ibuf/INBUF_INST/O
                         net (fo=1, routed)           0.000     0.495    u_boundary_ibuf/OUT
    D14                  IBUFCTRL (Prop_IBUFCTRL_HDIOB_M_I_O)
                                                      0.000     0.495 r  u_boundary_ibuf/IBUFCTRL_INST/O
                         net (fo=1, routed)           0.169     0.664    clk_ibuf
    BUFGCE_HDIO_X0Y7     BUFGCE (Prop_BUFCE_BUFGCE_HDIO_I_O)
                                                      0.024     0.688 r  u_boundary_bufg/O
    X2Y1 (CLOCK_ROOT)    net (fo=28281, routed)       1.957     2.645    u_dut/frozen_r4c/clk
    SLICE_X87Y114        FDCE                                         r  u_dut/frozen_r4c/vector_id_d1_reg[3]/C
  -------------------------------------------------------------------    -------------------
    SLICE_X87Y114        FDCE (Prop_EFF2_SLICEL_C_Q)
                                                      0.060     2.705 r  u_dut/frozen_r4c/vector_id_d1_reg[3]/Q
                         net (fo=1, routed)           0.238     2.943    u_dut/frozen_r4c/vector_id_d1[3]
    SLICE_X87Y130        FDCE                                         r  u_dut/frozen_r4c/vector_id_d2_reg[3]/D
  -------------------------------------------------------------------    -------------------

                         (clock clk rise edge)        0.000     0.000 r  
    D14                                               0.000     0.000 r  clk (IN)
                         net (fo=0)                   0.000     0.000    u_boundary_ibuf/I
    D14                  INBUF (Prop_INBUF_HDIOB_M_PAD_O)
                                                      1.002     1.002 r  u_boundary_ibuf/INBUF_INST/O
                         net (fo=1, routed)           0.000     1.002    u_boundary_ibuf/OUT
    D14                  IBUFCTRL (Prop_IBUFCTRL_HDIOB_M_I_O)
                                                      0.000     1.002 r  u_boundary_ibuf/IBUFCTRL_INST/O
                         net (fo=1, routed)           0.204     1.206    clk_ibuf
    BUFGCE_HDIO_X0Y7     BUFGCE (Prop_BUFCE_BUFGCE_HDIO_I_O)
                                                      0.028     1.234 r  u_boundary_bufg/O
    X2Y1 (CLOCK_ROOT)    net (fo=28281, routed)       2.271     3.505    u_dut/frozen_r4c/clk
    SLICE_X87Y130        FDCE                                         r  u_dut/frozen_r4c/vector_id_d2_reg[3]/C
                         clock pessimism             -0.656     2.849    
    SLICE_X87Y130        FDCE (Hold_AFF_SLICEL_C_D)
                                                      0.060     2.909    u_dut/frozen_r4c/vector_id_d2_reg[3]
  -------------------------------------------------------------------
                         required time                         -2.909    
                         arrival time                           2.943    
  -------------------------------------------------------------------
                         slack                                  0.034    

Slack (MET) :             0.034ns  (arrival time - required time)
  Source:                 source_lfsr_q_reg[15]/C
                            (rising edge-triggered cell FDRE clocked by clk  {rise@0.000ns fall@1.000ns period=2.000ns})
  Destination:            src_it_data_in_q_reg[15]/D
                            (rising edge-triggered cell FDRE clocked by clk  {rise@0.000ns fall@1.000ns period=2.000ns})
  Path Group:             clk
  Path Type:              Hold (Min at Slow Process Corner)
  Requirement:            0.000ns  (clk rise@0.000ns - clk rise@0.000ns)
  Data Path Delay:        0.134ns  (logic 0.059ns (43.898%)  route 0.075ns (56.103%))
  Logic Levels:           0  
  Clock Path Skew:        0.040ns (DCD - SCD - CPR)
    Destination Clock Delay (DCD):    3.439ns
    Source Clock Delay      (SCD):    2.644ns
    Clock Pessimism Removal (CPR):    0.755ns
  Clock Net Delay (Source):      1.956ns (routing 1.083ns, distribution 0.873ns)
  Clock Net Delay (Destination): 2.205ns (routing 1.193ns, distribution 1.012ns)

    Location             Delay type                Incr(ns)  Path(ns)    Netlist Resource(s)
  -------------------------------------------------------------------    -------------------
                         (clock clk rise edge)        0.000     0.000 r  
    D14                                               0.000     0.000 r  clk (IN)
                         net (fo=0)                   0.000     0.000    u_boundary_ibuf/I
    D14                  INBUF (Prop_INBUF_HDIOB_M_PAD_O)
                                                      0.495     0.495 r  u_boundary_ibuf/INBUF_INST/O
                         net (fo=1, routed)           0.000     0.495    u_boundary_ibuf/OUT
    D14                  IBUFCTRL (Prop_IBUFCTRL_HDIOB_M_I_O)
                                                      0.000     0.495 r  u_boundary_ibuf/IBUFCTRL_INST/O
                         net (fo=1, routed)           0.169     0.664    clk_ibuf
    BUFGCE_HDIO_X0Y7     BUFGCE (Prop_BUFCE_BUFGCE_HDIO_I_O)
                                                      0.024     0.688 r  u_boundary_bufg/O
    X2Y1 (CLOCK_ROOT)    net (fo=28281, routed)       1.956     2.644    clk_g
    SLICE_X80Y111        FDRE                                         r  source_lfsr_q_reg[15]/C
  -------------------------------------------------------------------    -------------------
    SLICE_X80Y111        FDRE (Prop_GFF_SLICEL_C_Q)
                                                      0.059     2.703 r  source_lfsr_q_reg[15]/Q
                         net (fo=3, routed)           0.075     2.778    source_lfsr_q[15]
    SLICE_X80Y110        FDRE                                         r  src_it_data_in_q_reg[15]/D
  -------------------------------------------------------------------    -------------------

                         (clock clk rise edge)        0.000     0.000 r  
    D14                                               0.000     0.000 r  clk (IN)
                         net (fo=0)                   0.000     0.000    u_boundary_ibuf/I
    D14                  INBUF (Prop_INBUF_HDIOB_M_PAD_O)
                                                      1.002     1.002 r  u_boundary_ibuf/INBUF_INST/O
                         net (fo=1, routed)           0.000     1.002    u_boundary_ibuf/OUT
    D14                  IBUFCTRL (Prop_IBUFCTRL_HDIOB_M_I_O)
                                                      0.000     1.002 r  u_boundary_ibuf/IBUFCTRL_INST/O
                         net (fo=1, routed)           0.204     1.206    clk_ibuf
    BUFGCE_HDIO_X0Y7     BUFGCE (Prop_BUFCE_BUFGCE_HDIO_I_O)
                                                      0.028     1.234 r  u_boundary_bufg/O
    X2Y1 (CLOCK_ROOT)    net (fo=28281, routed)       2.205     3.439    clk_g
    SLICE_X80Y110        FDRE                                         r  src_it_data_in_q_reg[15]/C
                         clock pessimism             -0.755     2.684    
    SLICE_X80Y110        FDRE (Hold_HFF_SLICEL_C_D)
                                                      0.060     2.744    src_it_data_in_q_reg[15]
  -------------------------------------------------------------------
                         required time                         -2.744    
                         arrival time                           2.778    
  -------------------------------------------------------------------
                         slack                                  0.034    

Slack (MET) :             0.034ns  (arrival time - required time)
  Source:                 u_dut/frozen_r4c/dot_value_bank_reg[1][5][18]/C
                            (rising edge-triggered cell FDCE clocked by clk  {rise@0.000ns fall@1.000ns period=2.000ns})
  Destination:            u_dut/frozen_r4c/signal_reg_reg[6][18]/D
                            (rising edge-triggered cell FDCE clocked by clk  {rise@0.000ns fall@1.000ns period=2.000ns})
  Path Group:             clk
  Path Type:              Hold (Min at Slow Process Corner)
  Requirement:            0.000ns  (clk rise@0.000ns - clk rise@0.000ns)
  Data Path Delay:        0.302ns  (logic 0.122ns (40.365%)  route 0.180ns (59.635%))
  Logic Levels:           2  (CARRY8=1 LUT4=1)
  Clock Path Skew:        0.208ns (DCD - SCD - CPR)
    Destination Clock Delay (DCD):    3.601ns
    Source Clock Delay      (SCD):    2.737ns
    Clock Pessimism Removal (CPR):    0.656ns
  Clock Net Delay (Source):      2.049ns (routing 1.083ns, distribution 0.966ns)
  Clock Net Delay (Destination): 2.367ns (routing 1.193ns, distribution 1.174ns)

    Location             Delay type                Incr(ns)  Path(ns)    Netlist Resource(s)
  -------------------------------------------------------------------    -------------------
                         (clock clk rise edge)        0.000     0.000 r  
    D14                                               0.000     0.000 r  clk (IN)
                         net (fo=0)                   0.000     0.000    u_boundary_ibuf/I
    D14                  INBUF (Prop_INBUF_HDIOB_M_PAD_O)
                                                      0.495     0.495 r  u_boundary_ibuf/INBUF_INST/O
                         net (fo=1, routed)           0.000     0.495    u_boundary_ibuf/OUT
    D14                  IBUFCTRL (Prop_IBUFCTRL_HDIOB_M_I_O)
                                                      0.000     0.495 r  u_boundary_ibuf/IBUFCTRL_INST/O
                         net (fo=1, routed)           0.169     0.664    clk_ibuf
    BUFGCE_HDIO_X0Y7     BUFGCE (Prop_BUFCE_BUFGCE_HDIO_I_O)
                                                      0.024     0.688 r  u_boundary_bufg/O
    X2Y1 (CLOCK_ROOT)    net (fo=28281, routed)       2.049     2.737    u_dut/frozen_r4c/clk
    SLICE_X96Y116        FDCE                                         r  u_dut/frozen_r4c/dot_value_bank_reg[1][5][18]/C
  -------------------------------------------------------------------    -------------------
    SLICE_X96Y116        FDCE (Prop_DFF_SLICEM_C_Q)
                                                      0.058     2.795 r  u_dut/frozen_r4c/dot_value_bank_reg[1][5][18]/Q
                         net (fo=2, routed)           0.151     2.946    u_dut/frozen_r4c/dot_value_bank_reg[1][5][18]
    SLICE_X96Y124        LUT4 (Prop_C6LUT_SLICEM_I3_O)
                                                      0.035     2.981 r  u_dut/frozen_r4c/signal_reg[6][21]_i_7/O
                         net (fo=1, routed)           0.019     3.000    u_dut/frozen_r4c/signal_reg[6][21]_i_7_n_0
    SLICE_X96Y124        CARRY8 (Prop_CARRY8_SLICEM_S[2]_O[2])
                                                      0.029     3.029 r  u_dut/frozen_r4c/signal_reg_reg[6][21]_i_1/O[2]
                         net (fo=1, routed)           0.010     3.039    u_dut/frozen_r4c/signal_reg_reg[6][21]_i_1_n_13
    SLICE_X96Y124        FDCE                                         r  u_dut/frozen_r4c/signal_reg_reg[6][18]/D
  -------------------------------------------------------------------    -------------------

                         (clock clk rise edge)        0.000     0.000 r  
    D14                                               0.000     0.000 r  clk (IN)
                         net (fo=0)                   0.000     0.000    u_boundary_ibuf/I
    D14                  INBUF (Prop_INBUF_HDIOB_M_PAD_O)
                                                      1.002     1.002 r  u_boundary_ibuf/INBUF_INST/O
                         net (fo=1, routed)           0.000     1.002    u_boundary_ibuf/OUT
    D14                  IBUFCTRL (Prop_IBUFCTRL_HDIOB_M_I_O)
                                                      0.000     1.002 r  u_boundary_ibuf/IBUFCTRL_INST/O
                         net (fo=1, routed)           0.204     1.206    clk_ibuf
    BUFGCE_HDIO_X0Y7     BUFGCE (Prop_BUFCE_BUFGCE_HDIO_I_O)
                                                      0.028     1.234 r  u_boundary_bufg/O
    X2Y1 (CLOCK_ROOT)    net (fo=28281, routed)       2.367     3.601    u_dut/frozen_r4c/clk
    SLICE_X96Y124        FDCE                                         r  u_dut/frozen_r4c/signal_reg_reg[6][18]/C
                         clock pessimism             -0.656     2.945    
    SLICE_X96Y124        FDCE (Hold_CFF_SLICEM_C_D)
                                                      0.060     3.005    u_dut/frozen_r4c/signal_reg_reg[6][18]
  -------------------------------------------------------------------
                         required time                         -3.005    
                         arrival time                           3.039    
  -------------------------------------------------------------------
                         slack                                  0.034    

Slack (MET) :             0.034ns  (arrival time - required time)
  Source:                 u_dut/frozen_r4c/sched_coeff_reg_reg[102][1]/C
                            (rising edge-triggered cell FDCE clocked by clk  {rise@0.000ns fall@1.000ns period=2.000ns})
  Destination:            u_dut/frozen_r4c/operand_coeff_reg_reg[102][1]/D
                            (rising edge-triggered cell FDCE clocked by clk  {rise@0.000ns fall@1.000ns period=2.000ns})
  Path Group:             clk
  Path Type:              Hold (Min at Fast Process Corner)
  Requirement:            0.000ns  (clk rise@0.000ns - clk rise@0.000ns)
  Data Path Delay:        0.101ns  (logic 0.039ns (38.614%)  route 0.062ns (61.386%))
  Logic Levels:           0  
  Clock Path Skew:        0.020ns (DCD - SCD - CPR)
    Destination Clock Delay (DCD):    2.214ns
    Source Clock Delay      (SCD):    1.739ns
    Clock Pessimism Removal (CPR):    0.455ns
  Clock Net Delay (Source):      1.296ns (routing 0.651ns, distribution 0.645ns)
  Clock Net Delay (Destination): 1.458ns (routing 0.728ns, distribution 0.730ns)

    Location             Delay type                Incr(ns)  Path(ns)    Netlist Resource(s)
  -------------------------------------------------------------------    -------------------
                         (clock clk rise edge)        0.000     0.000 r  
    D14                                               0.000     0.000 r  clk (IN)
                         net (fo=0)                   0.000     0.000    u_boundary_ibuf/I
    D14                  INBUF (Prop_INBUF_HDIOB_M_PAD_O)
                                                      0.336     0.336 r  u_boundary_ibuf/INBUF_INST/O
                         net (fo=1, routed)           0.000     0.336    u_boundary_ibuf/OUT
    D14                  IBUFCTRL (Prop_IBUFCTRL_HDIOB_M_I_O)
                                                      0.000     0.336 r  u_boundary_ibuf/IBUFCTRL_INST/O
                         net (fo=1, routed)           0.091     0.427    clk_ibuf
    BUFGCE_HDIO_X0Y7     BUFGCE (Prop_BUFCE_BUFGCE_HDIO_I_O)
                                                      0.017     0.444 r  u_boundary_bufg/O
    X2Y1 (CLOCK_ROOT)    net (fo=28281, routed)       1.296     1.739    u_dut/frozen_r4c/clk
    SLICE_X106Y81        FDCE                                         r  u_dut/frozen_r4c/sched_coeff_reg_reg[102][1]/C
  -------------------------------------------------------------------    -------------------
    SLICE_X106Y81        FDCE (Prop_DFF_SLICEM_C_Q)
                                                      0.039     1.778 r  u_dut/frozen_r4c/sched_coeff_reg_reg[102][1]/Q
                         net (fo=1, routed)           0.062     1.840    u_dut/frozen_r4c/sched_coeff_reg_reg[102][1]
    SLICE_X106Y80        FDCE                                         r  u_dut/frozen_r4c/operand_coeff_reg_reg[102][1]/D
  -------------------------------------------------------------------    -------------------

                         (clock clk rise edge)        0.000     0.000 r  
    D14                                               0.000     0.000 r  clk (IN)
                         net (fo=0)                   0.000     0.000    u_boundary_ibuf/I
    D14                  INBUF (Prop_INBUF_HDIOB_M_PAD_O)
                                                      0.624     0.624 r  u_boundary_ibuf/INBUF_INST/O
                         net (fo=1, routed)           0.000     0.624    u_boundary_ibuf/OUT
    D14                  IBUFCTRL (Prop_IBUFCTRL_HDIOB_M_I_O)
                                                      0.000     0.624 r  u_boundary_ibuf/IBUFCTRL_INST/O
                         net (fo=1, routed)           0.113     0.737    clk_ibuf
    BUFGCE_HDIO_X0Y7     BUFGCE (Prop_BUFCE_BUFGCE_HDIO_I_O)
                                                      0.019     0.756 r  u_boundary_bufg/O
    X2Y1 (CLOCK_ROOT)    net (fo=28281, routed)       1.458     2.214    u_dut/frozen_r4c/clk
    SLICE_X106Y80        FDCE                                         r  u_dut/frozen_r4c/operand_coeff_reg_reg[102][1]/C
                         clock pessimism             -0.455     1.759    
    SLICE_X106Y80        FDCE (Hold_EFF2_SLICEM_C_D)
                                                      0.047     1.806    u_dut/frozen_r4c/operand_coeff_reg_reg[102][1]
  -------------------------------------------------------------------
                         required time                         -1.806    
                         arrival time                           1.840    
  -------------------------------------------------------------------
                         slack                                  0.034    

Slack (MET) :             0.035ns  (arrival time - required time)
  Source:                 u_dut/frozen_r4c/sched_coeff_reg_reg[55][7]/C
                            (rising edge-triggered cell FDCE clocked by clk  {rise@0.000ns fall@1.000ns period=2.000ns})
  Destination:            u_dut/frozen_r4c/operand_coeff_reg_reg[55][7]/D
                            (rising edge-triggered cell FDCE clocked by clk  {rise@0.000ns fall@1.000ns period=2.000ns})
  Path Group:             clk
  Path Type:              Hold (Min at Slow Process Corner)
  Requirement:            0.000ns  (clk rise@0.000ns - clk rise@0.000ns)
  Data Path Delay:        0.199ns  (logic 0.058ns (29.146%)  route 0.141ns (70.854%))
  Logic Levels:           0  
  Clock Path Skew:        0.102ns (DCD - SCD - CPR)
    Destination Clock Delay (DCD):    3.508ns
    Source Clock Delay      (SCD):    2.693ns
    Clock Pessimism Removal (CPR):    0.712ns
  Clock Net Delay (Source):      2.005ns (routing 1.083ns, distribution 0.922ns)
  Clock Net Delay (Destination): 2.274ns (routing 1.193ns, distribution 1.081ns)

    Location             Delay type                Incr(ns)  Path(ns)    Netlist Resource(s)
  -------------------------------------------------------------------    -------------------
                         (clock clk rise edge)        0.000     0.000 r  
    D14                                               0.000     0.000 r  clk (IN)
                         net (fo=0)                   0.000     0.000    u_boundary_ibuf/I
    D14                  INBUF (Prop_INBUF_HDIOB_M_PAD_O)
                                                      0.495     0.495 r  u_boundary_ibuf/INBUF_INST/O
                         net (fo=1, routed)           0.000     0.495    u_boundary_ibuf/OUT
    D14                  IBUFCTRL (Prop_IBUFCTRL_HDIOB_M_I_O)
                                                      0.000     0.495 r  u_boundary_ibuf/IBUFCTRL_INST/O
                         net (fo=1, routed)           0.169     0.664    clk_ibuf
    BUFGCE_HDIO_X0Y7     BUFGCE (Prop_BUFCE_BUFGCE_HDIO_I_O)
                                                      0.024     0.688 r  u_boundary_bufg/O
    X2Y1 (CLOCK_ROOT)    net (fo=28281, routed)       2.005     2.693    u_dut/frozen_r4c/clk
    SLICE_X91Y100        FDCE                                         r  u_dut/frozen_r4c/sched_coeff_reg_reg[55][7]/C
  -------------------------------------------------------------------    -------------------
    SLICE_X91Y100        FDCE (Prop_AFF_SLICEL_C_Q)
                                                      0.058     2.751 r  u_dut/frozen_r4c/sched_coeff_reg_reg[55][7]/Q
                         net (fo=1, routed)           0.141     2.892    u_dut/frozen_r4c/sched_coeff_reg_reg[55][7]
    SLICE_X92Y98         FDCE                                         r  u_dut/frozen_r4c/operand_coeff_reg_reg[55][7]/D
  -------------------------------------------------------------------    -------------------

                         (clock clk rise edge)        0.000     0.000 r  
    D14                                               0.000     0.000 r  clk (IN)
                         net (fo=0)                   0.000     0.000    u_boundary_ibuf/I
    D14                  INBUF (Prop_INBUF_HDIOB_M_PAD_O)
                                                      1.002     1.002 r  u_boundary_ibuf/INBUF_INST/O
                         net (fo=1, routed)           0.000     1.002    u_boundary_ibuf/OUT
    D14                  IBUFCTRL (Prop_IBUFCTRL_HDIOB_M_I_O)
                                                      0.000     1.002 r  u_boundary_ibuf/IBUFCTRL_INST/O
                         net (fo=1, routed)           0.204     1.206    clk_ibuf
    BUFGCE_HDIO_X0Y7     BUFGCE (Prop_BUFCE_BUFGCE_HDIO_I_O)
                                                      0.028     1.234 r  u_boundary_bufg/O
    X2Y1 (CLOCK_ROOT)    net (fo=28281, routed)       2.274     3.508    u_dut/frozen_r4c/clk
    SLICE_X92Y98         FDCE                                         r  u_dut/frozen_r4c/operand_coeff_reg_reg[55][7]/C
                         clock pessimism             -0.712     2.795    
    SLICE_X92Y98         FDCE (Hold_AFF2_SLICEM_C_D)
                                                      0.062     2.857    u_dut/frozen_r4c/operand_coeff_reg_reg[55][7]
  -------------------------------------------------------------------
                         required time                         -2.857    
                         arrival time                           2.892    
  -------------------------------------------------------------------
                         slack                                  0.035    

Slack (MET) :             0.035ns  (arrival time - required time)
  Source:                 u_dut/frozen_r4c/signal_reg_reg[106][10]/C
                            (rising edge-triggered cell FDCE clocked by clk  {rise@0.000ns fall@1.000ns period=2.000ns})
  Destination:            u_dut/frozen_r4c/stage16_mem_reg[0][46][4]/D
                            (rising edge-triggered cell FDCE clocked by clk  {rise@0.000ns fall@1.000ns period=2.000ns})
  Path Group:             clk
  Path Type:              Hold (Min at Slow Process Corner)
  Requirement:            0.000ns  (clk rise@0.000ns - clk rise@0.000ns)
  Data Path Delay:        0.197ns  (logic 0.086ns (43.655%)  route 0.111ns (56.345%))
  Logic Levels:           1  (CARRY8=1)
  Clock Path Skew:        0.102ns (DCD - SCD - CPR)
    Destination Clock Delay (DCD):    3.529ns
    Source Clock Delay      (SCD):    2.717ns
    Clock Pessimism Removal (CPR):    0.709ns
  Clock Net Delay (Source):      2.030ns (routing 1.083ns, distribution 0.947ns)
  Clock Net Delay (Destination): 2.295ns (routing 1.193ns, distribution 1.102ns)

    Location             Delay type                Incr(ns)  Path(ns)    Netlist Resource(s)
  -------------------------------------------------------------------    -------------------
                         (clock clk rise edge)        0.000     0.000 r  
    D14                                               0.000     0.000 r  clk (IN)
                         net (fo=0)                   0.000     0.000    u_boundary_ibuf/I
    D14                  INBUF (Prop_INBUF_HDIOB_M_PAD_O)
                                                      0.495     0.495 r  u_boundary_ibuf/INBUF_INST/O
                         net (fo=1, routed)           0.000     0.495    u_boundary_ibuf/OUT
    D14                  IBUFCTRL (Prop_IBUFCTRL_HDIOB_M_I_O)
                                                      0.000     0.495 r  u_boundary_ibuf/IBUFCTRL_INST/O
                         net (fo=1, routed)           0.169     0.664    clk_ibuf
    BUFGCE_HDIO_X0Y7     BUFGCE (Prop_BUFCE_BUFGCE_HDIO_I_O)
                                                      0.024     0.688 r  u_boundary_bufg/O
    X2Y1 (CLOCK_ROOT)    net (fo=28281, routed)       2.030     2.717    u_dut/frozen_r4c/clk
    SLICE_X69Y158        FDCE                                         r  u_dut/frozen_r4c/signal_reg_reg[106][10]/C
  -------------------------------------------------------------------    -------------------
    SLICE_X69Y158        FDCE (Prop_CFF_SLICEL_C_Q)
                                                      0.058     2.775 r  u_dut/frozen_r4c/signal_reg_reg[106][10]/Q
                         net (fo=1, routed)           0.101     2.876    u_dut/frozen_r4c/signal_reg_reg[106][10]
    SLICE_X67Y157        CARRY8 (Prop_CARRY8_SLICEM_S[6]_O[6])
                                                      0.028     2.904 r  u_dut/frozen_r4c/stage16_mem_reg[0][46][0]_i_1/O[6]
                         net (fo=4, routed)           0.010     2.914    u_dut/frozen_r4c/stage16_mem_reg[0][46][0]_i_1_n_9
    SLICE_X67Y157        FDCE                                         r  u_dut/frozen_r4c/stage16_mem_reg[0][46][4]/D
  -------------------------------------------------------------------    -------------------

                         (clock clk rise edge)        0.000     0.000 r  
    D14                                               0.000     0.000 r  clk (IN)
                         net (fo=0)                   0.000     0.000    u_boundary_ibuf/I
    D14                  INBUF (Prop_INBUF_HDIOB_M_PAD_O)
                                                      1.002     1.002 r  u_boundary_ibuf/INBUF_INST/O
                         net (fo=1, routed)           0.000     1.002    u_boundary_ibuf/OUT
    D14                  IBUFCTRL (Prop_IBUFCTRL_HDIOB_M_I_O)
                                                      0.000     1.002 r  u_boundary_ibuf/IBUFCTRL_INST/O
                         net (fo=1, routed)           0.204     1.206    clk_ibuf
    BUFGCE_HDIO_X0Y7     BUFGCE (Prop_BUFCE_BUFGCE_HDIO_I_O)
                                                      0.028     1.234 r  u_boundary_bufg/O
    X2Y1 (CLOCK_ROOT)    net (fo=28281, routed)       2.295     3.529    u_dut/frozen_r4c/clk
    SLICE_X67Y157        FDCE                                         r  u_dut/frozen_r4c/stage16_mem_reg[0][46][4]/C
                         clock pessimism             -0.709     2.820    
    SLICE_X67Y157        FDCE (Hold_GFF_SLICEM_C_D)
                                                      0.060     2.880    u_dut/frozen_r4c/stage16_mem_reg[0][46][4]
  -------------------------------------------------------------------
                         required time                         -2.880    
                         arrival time                           2.914    
  -------------------------------------------------------------------
                         slack                                  0.035    

Slack (MET) :             0.035ns  (arrival time - required time)
  Source:                 u_dut/cache_tu_id_reg[0][15]/C
                            (rising edge-triggered cell FDRE clocked by clk  {rise@0.000ns fall@1.000ns period=2.000ns})
  Destination:            u_dut/active_tu_reg[15]/D
                            (rising edge-triggered cell FDRE clocked by clk  {rise@0.000ns fall@1.000ns period=2.000ns})
  Path Group:             clk
  Path Type:              Hold (Min at Fast Process Corner)
  Requirement:            0.000ns  (clk rise@0.000ns - clk rise@0.000ns)
  Data Path Delay:        0.125ns  (logic 0.061ns (48.800%)  route 0.064ns (51.200%))
  Logic Levels:           1  (LUT5=1)
  Clock Path Skew:        0.044ns (DCD - SCD - CPR)
    Destination Clock Delay (DCD):    2.119ns
    Source Clock Delay      (SCD):    1.656ns
    Clock Pessimism Removal (CPR):    0.419ns
  Clock Net Delay (Source):      1.212ns (routing 0.651ns, distribution 0.561ns)
  Clock Net Delay (Destination): 1.363ns (routing 0.728ns, distribution 0.635ns)

    Location             Delay type                Incr(ns)  Path(ns)    Netlist Resource(s)
  -------------------------------------------------------------------    -------------------
                         (clock clk rise edge)        0.000     0.000 r  
    D14                                               0.000     0.000 r  clk (IN)
                         net (fo=0)                   0.000     0.000    u_boundary_ibuf/I
    D14                  INBUF (Prop_INBUF_HDIOB_M_PAD_O)
                                                      0.336     0.336 r  u_boundary_ibuf/INBUF_INST/O
                         net (fo=1, routed)           0.000     0.336    u_boundary_ibuf/OUT
    D14                  IBUFCTRL (Prop_IBUFCTRL_HDIOB_M_I_O)
                                                      0.000     0.336 r  u_boundary_ibuf/IBUFCTRL_INST/O
                         net (fo=1, routed)           0.091     0.427    clk_ibuf
    BUFGCE_HDIO_X0Y7     BUFGCE (Prop_BUFCE_BUFGCE_HDIO_I_O)
                                                      0.017     0.444 r  u_boundary_bufg/O
    X2Y1 (CLOCK_ROOT)    net (fo=28281, routed)       1.212     1.656    u_dut/clk
    SLICE_X83Y116        FDRE                                         r  u_dut/cache_tu_id_reg[0][15]/C
  -------------------------------------------------------------------    -------------------
    SLICE_X83Y116        FDRE (Prop_GFF_SLICEL_C_Q)
                                                      0.039     1.695 r  u_dut/cache_tu_id_reg[0][15]/Q
                         net (fo=1, routed)           0.048     1.743    u_dut/cache_tu_id_reg[0][15]
    SLICE_X84Y116        LUT5 (Prop_G6LUT_SLICEL_I4_O)
                                                      0.022     1.765 r  u_dut/active_tu[15]_i_2/O
                         net (fo=1, routed)           0.016     1.781    u_dut/A[15]
    SLICE_X84Y116        FDRE                                         r  u_dut/active_tu_reg[15]/D
  -------------------------------------------------------------------    -------------------

                         (clock clk rise edge)        0.000     0.000 r  
    D14                                               0.000     0.000 r  clk (IN)
                         net (fo=0)                   0.000     0.000    u_boundary_ibuf/I
    D14                  INBUF (Prop_INBUF_HDIOB_M_PAD_O)
                                                      0.624     0.624 r  u_boundary_ibuf/INBUF_INST/O
                         net (fo=1, routed)           0.000     0.624    u_boundary_ibuf/OUT
    D14                  IBUFCTRL (Prop_IBUFCTRL_HDIOB_M_I_O)
                                                      0.000     0.624 r  u_boundary_ibuf/IBUFCTRL_INST/O
                         net (fo=1, routed)           0.113     0.737    clk_ibuf
    BUFGCE_HDIO_X0Y7     BUFGCE (Prop_BUFCE_BUFGCE_HDIO_I_O)
                                                      0.019     0.756 r  u_boundary_bufg/O
    X2Y1 (CLOCK_ROOT)    net (fo=28281, routed)       1.363     2.119    u_dut/clk
    SLICE_X84Y116        FDRE                                         r  u_dut/active_tu_reg[15]/C
                         clock pessimism             -0.419     1.700    
    SLICE_X84Y116        FDRE (Hold_GFF_SLICEL_C_D)
                                                      0.046     1.746    u_dut/active_tu_reg[15]
  -------------------------------------------------------------------
                         required time                         -1.746    
                         arrival time                           1.781    
  -------------------------------------------------------------------
                         slack                                  0.035    

Slack (MET) :             0.035ns  (arrival time - required time)
  Source:                 u_dut/frozen_r4c/sched_coeff_reg_reg[112][0]/C
                            (rising edge-triggered cell FDCE clocked by clk  {rise@0.000ns fall@1.000ns period=2.000ns})
  Destination:            u_dut/frozen_r4c/operand_coeff_reg_reg[112][0]/D
                            (rising edge-triggered cell FDCE clocked by clk  {rise@0.000ns fall@1.000ns period=2.000ns})
  Path Group:             clk
  Path Type:              Hold (Min at Slow Process Corner)
  Requirement:            0.000ns  (clk rise@0.000ns - clk rise@0.000ns)
  Data Path Delay:        0.165ns  (logic 0.058ns (35.152%)  route 0.107ns (64.848%))
  Logic Levels:           0  
  Clock Path Skew:        0.070ns (DCD - SCD - CPR)
    Destination Clock Delay (DCD):    3.528ns
    Source Clock Delay      (SCD):    2.741ns
    Clock Pessimism Removal (CPR):    0.717ns
  Clock Net Delay (Source):      2.053ns (routing 1.083ns, distribution 0.970ns)
  Clock Net Delay (Destination): 2.294ns (routing 1.193ns, distribution 1.101ns)

    Location             Delay type                Incr(ns)  Path(ns)    Netlist Resource(s)
  -------------------------------------------------------------------    -------------------
                         (clock clk rise edge)        0.000     0.000 r  
    D14                                               0.000     0.000 r  clk (IN)
                         net (fo=0)                   0.000     0.000    u_boundary_ibuf/I
    D14                  INBUF (Prop_INBUF_HDIOB_M_PAD_O)
                                                      0.495     0.495 r  u_boundary_ibuf/INBUF_INST/O
                         net (fo=1, routed)           0.000     0.495    u_boundary_ibuf/OUT
    D14                  IBUFCTRL (Prop_IBUFCTRL_HDIOB_M_I_O)
                                                      0.000     0.495 r  u_boundary_ibuf/IBUFCTRL_INST/O
                         net (fo=1, routed)           0.169     0.664    clk_ibuf
    BUFGCE_HDIO_X0Y7     BUFGCE (Prop_BUFCE_BUFGCE_HDIO_I_O)
                                                      0.024     0.688 r  u_boundary_bufg/O
    X2Y1 (CLOCK_ROOT)    net (fo=28281, routed)       2.053     2.741    u_dut/frozen_r4c/clk
    SLICE_X93Y59         FDCE                                         r  u_dut/frozen_r4c/sched_coeff_reg_reg[112][0]/C
  -------------------------------------------------------------------    -------------------
    SLICE_X93Y59         FDCE (Prop_AFF_SLICEM_C_Q)
                                                      0.058     2.799 r  u_dut/frozen_r4c/sched_coeff_reg_reg[112][0]/Q
                         net (fo=1, routed)           0.107     2.906    u_dut/frozen_r4c/sched_coeff_reg_reg[112][0]
    SLICE_X92Y59         FDCE                                         r  u_dut/frozen_r4c/operand_coeff_reg_reg[112][0]/D
  -------------------------------------------------------------------    -------------------

                         (clock clk rise edge)        0.000     0.000 r  
    D14                                               0.000     0.000 r  clk (IN)
                         net (fo=0)                   0.000     0.000    u_boundary_ibuf/I
    D14                  INBUF (Prop_INBUF_HDIOB_M_PAD_O)
                                                      1.002     1.002 r  u_boundary_ibuf/INBUF_INST/O
                         net (fo=1, routed)           0.000     1.002    u_boundary_ibuf/OUT
    D14                  IBUFCTRL (Prop_IBUFCTRL_HDIOB_M_I_O)
                                                      0.000     1.002 r  u_boundary_ibuf/IBUFCTRL_INST/O
                         net (fo=1, routed)           0.204     1.206    clk_ibuf
    BUFGCE_HDIO_X0Y7     BUFGCE (Prop_BUFCE_BUFGCE_HDIO_I_O)
                                                      0.028     1.234 r  u_boundary_bufg/O
    X2Y1 (CLOCK_ROOT)    net (fo=28281, routed)       2.294     3.528    u_dut/frozen_r4c/clk
    SLICE_X92Y59         FDCE                                         r  u_dut/frozen_r4c/operand_coeff_reg_reg[112][0]/C
                         clock pessimism             -0.717     2.810    
    SLICE_X92Y59         FDCE (Hold_EFF_SLICEM_C_D)
                                                      0.060     2.870    u_dut/frozen_r4c/operand_coeff_reg_reg[112][0]
  -------------------------------------------------------------------
                         required time                         -2.870    
                         arrival time                           2.906    
  -------------------------------------------------------------------
                         slack                                  0.035    

Slack (MET) :             0.035ns  (arrival time - required time)
  Source:                 u_dut/result_issued_reg[9]/C
                            (rising edge-triggered cell FDRE clocked by clk  {rise@0.000ns fall@1.000ns period=2.000ns})
  Destination:            u_dut/result_pending_index_reg[9]/D
                            (rising edge-triggered cell FDRE clocked by clk  {rise@0.000ns fall@1.000ns period=2.000ns})
  Path Group:             clk
  Path Type:              Hold (Min at Slow Process Corner)
  Requirement:            0.000ns  (clk rise@0.000ns - clk rise@0.000ns)
  Data Path Delay:        0.209ns  (logic 0.058ns (27.742%)  route 0.151ns (72.257%))
  Logic Levels:           0  
  Clock Path Skew:        0.114ns (DCD - SCD - CPR)
    Destination Clock Delay (DCD):    3.515ns
    Source Clock Delay      (SCD):    2.692ns
    Clock Pessimism Removal (CPR):    0.709ns
  Clock Net Delay (Source):      2.004ns (routing 1.083ns, distribution 0.921ns)
  Clock Net Delay (Destination): 2.281ns (routing 1.193ns, distribution 1.088ns)

    Location             Delay type                Incr(ns)  Path(ns)    Netlist Resource(s)
  -------------------------------------------------------------------    -------------------
                         (clock clk rise edge)        0.000     0.000 r  
    D14                                               0.000     0.000 r  clk (IN)
                         net (fo=0)                   0.000     0.000    u_boundary_ibuf/I
    D14                  INBUF (Prop_INBUF_HDIOB_M_PAD_O)
                                                      0.495     0.495 r  u_boundary_ibuf/INBUF_INST/O
                         net (fo=1, routed)           0.000     0.495    u_boundary_ibuf/OUT
    D14                  IBUFCTRL (Prop_IBUFCTRL_HDIOB_M_I_O)
                                                      0.000     0.495 r  u_boundary_ibuf/IBUFCTRL_INST/O
                         net (fo=1, routed)           0.169     0.664    clk_ibuf
    BUFGCE_HDIO_X0Y7     BUFGCE (Prop_BUFCE_BUFGCE_HDIO_I_O)
                                                      0.024     0.688 r  u_boundary_bufg/O
    X2Y1 (CLOCK_ROOT)    net (fo=28281, routed)       2.004     2.692    u_dut/clk
    SLICE_X81Y124        FDRE                                         r  u_dut/result_issued_reg[9]/C
  -------------------------------------------------------------------    -------------------
    SLICE_X81Y124        FDRE (Prop_AFF_SLICEM_C_Q)
                                                      0.058     2.750 r  u_dut/result_issued_reg[9]/Q
                         net (fo=6, routed)           0.151     2.901    u_dut/result_issued_reg[9]
    SLICE_X82Y126        FDRE                                         r  u_dut/result_pending_index_reg[9]/D
  -------------------------------------------------------------------    -------------------

                         (clock clk rise edge)        0.000     0.000 r  
    D14                                               0.000     0.000 r  clk (IN)
                         net (fo=0)                   0.000     0.000    u_boundary_ibuf/I
    D14                  INBUF (Prop_INBUF_HDIOB_M_PAD_O)
                                                      1.002     1.002 r  u_boundary_ibuf/INBUF_INST/O
                         net (fo=1, routed)           0.000     1.002    u_boundary_ibuf/OUT
    D14                  IBUFCTRL (Prop_IBUFCTRL_HDIOB_M_I_O)
                                                      0.000     1.002 r  u_boundary_ibuf/IBUFCTRL_INST/O
                         net (fo=1, routed)           0.204     1.206    clk_ibuf
    BUFGCE_HDIO_X0Y7     BUFGCE (Prop_BUFCE_BUFGCE_HDIO_I_O)
                                                      0.028     1.234 r  u_boundary_bufg/O
    X2Y1 (CLOCK_ROOT)    net (fo=28281, routed)       2.281     3.515    u_dut/clk
    SLICE_X82Y126        FDRE                                         r  u_dut/result_pending_index_reg[9]/C
                         clock pessimism             -0.709     2.806    
    SLICE_X82Y126        FDRE (Hold_EFF_SLICEM_C_D)
                                                      0.060     2.866    u_dut/result_pending_index_reg[9]
  -------------------------------------------------------------------
                         required time                         -2.866    
                         arrival time                           2.901    
  -------------------------------------------------------------------
                         slack                                  0.035    

Slack (MET) :             0.035ns  (arrival time - required time)
  Source:                 u_dut/frozen_r4c/sched_coeff_reg_reg[66][7]/C
                            (rising edge-triggered cell FDCE clocked by clk  {rise@0.000ns fall@1.000ns period=2.000ns})
  Destination:            u_dut/frozen_r4c/operand_coeff_reg_reg[66][7]/D
                            (rising edge-triggered cell FDCE clocked by clk  {rise@0.000ns fall@1.000ns period=2.000ns})
  Path Group:             clk
  Path Type:              Hold (Min at Slow Process Corner)
  Requirement:            0.000ns  (clk rise@0.000ns - clk rise@0.000ns)
  Data Path Delay:        0.146ns  (logic 0.061ns (41.781%)  route 0.085ns (58.219%))
  Logic Levels:           0  
  Clock Path Skew:        0.051ns (DCD - SCD - CPR)
    Destination Clock Delay (DCD):    3.539ns
    Source Clock Delay      (SCD):    2.728ns
    Clock Pessimism Removal (CPR):    0.760ns
  Clock Net Delay (Source):      2.040ns (routing 1.083ns, distribution 0.957ns)
  Clock Net Delay (Destination): 2.305ns (routing 1.193ns, distribution 1.112ns)

    Location             Delay type                Incr(ns)  Path(ns)    Netlist Resource(s)
  -------------------------------------------------------------------    -------------------
                         (clock clk rise edge)        0.000     0.000 r  
    D14                                               0.000     0.000 r  clk (IN)
                         net (fo=0)                   0.000     0.000    u_boundary_ibuf/I
    D14                  INBUF (Prop_INBUF_HDIOB_M_PAD_O)
                                                      0.495     0.495 r  u_boundary_ibuf/INBUF_INST/O
                         net (fo=1, routed)           0.000     0.495    u_boundary_ibuf/OUT
    D14                  IBUFCTRL (Prop_IBUFCTRL_HDIOB_M_I_O)
                                                      0.000     0.495 r  u_boundary_ibuf/IBUFCTRL_INST/O
                         net (fo=1, routed)           0.169     0.664    clk_ibuf
    BUFGCE_HDIO_X0Y7     BUFGCE (Prop_BUFCE_BUFGCE_HDIO_I_O)
                                                      0.024     0.688 r  u_boundary_bufg/O
    X2Y1 (CLOCK_ROOT)    net (fo=28281, routed)       2.040     2.728    u_dut/frozen_r4c/clk
    SLICE_X96Y107        FDCE                                         r  u_dut/frozen_r4c/sched_coeff_reg_reg[66][7]/C
  -------------------------------------------------------------------    -------------------
    SLICE_X96Y107        FDCE (Prop_DFF2_SLICEM_C_Q)
                                                      0.061     2.789 r  u_dut/frozen_r4c/sched_coeff_reg_reg[66][7]/Q
                         net (fo=1, routed)           0.085     2.874    u_dut/frozen_r4c/sched_coeff_reg_reg[66][7]
    SLICE_X96Y105        FDCE                                         r  u_dut/frozen_r4c/operand_coeff_reg_reg[66][7]/D
  -------------------------------------------------------------------    -------------------

                         (clock clk rise edge)        0.000     0.000 r  
    D14                                               0.000     0.000 r  clk (IN)
                         net (fo=0)                   0.000     0.000    u_boundary_ibuf/I
    D14                  INBUF (Prop_INBUF_HDIOB_M_PAD_O)
                                                      1.002     1.002 r  u_boundary_ibuf/INBUF_INST/O
                         net (fo=1, routed)           0.000     1.002    u_boundary_ibuf/OUT
    D14                  IBUFCTRL (Prop_IBUFCTRL_HDIOB_M_I_O)
                                                      0.000     1.002 r  u_boundary_ibuf/IBUFCTRL_INST/O
                         net (fo=1, routed)           0.204     1.206    clk_ibuf
    BUFGCE_HDIO_X0Y7     BUFGCE (Prop_BUFCE_BUFGCE_HDIO_I_O)
                                                      0.028     1.234 r  u_boundary_bufg/O
    X2Y1 (CLOCK_ROOT)    net (fo=28281, routed)       2.305     3.539    u_dut/frozen_r4c/clk
    SLICE_X96Y105        FDCE                                         r  u_dut/frozen_r4c/operand_coeff_reg_reg[66][7]/C
                         clock pessimism             -0.760     2.779    
    SLICE_X96Y105        FDCE (Hold_HFF_SLICEM_C_D)
                                                      0.060     2.839    u_dut/frozen_r4c/operand_coeff_reg_reg[66][7]
  -------------------------------------------------------------------
                         required time                         -2.839    
                         arrival time                           2.874    
  -------------------------------------------------------------------
                         slack                                  0.035    

Slack (MET) :             0.035ns  (arrival time - required time)
  Source:                 u_dut/next_tu_serial_reg[6]/C
                            (rising edge-triggered cell FDRE clocked by clk  {rise@0.000ns fall@1.000ns period=2.000ns})
  Destination:            u_dut/cache_tu_id_reg[1][6]/D
                            (rising edge-triggered cell FDRE clocked by clk  {rise@0.000ns fall@1.000ns period=2.000ns})
  Path Group:             clk
  Path Type:              Hold (Min at Slow Process Corner)
  Requirement:            0.000ns  (clk rise@0.000ns - clk rise@0.000ns)
  Data Path Delay:        0.202ns  (logic 0.080ns (39.698%)  route 0.122ns (60.302%))
  Logic Levels:           1  (LUT3=1)
  Clock Path Skew:        0.106ns (DCD - SCD - CPR)
    Destination Clock Delay (DCD):    3.460ns
    Source Clock Delay      (SCD):    2.648ns
    Clock Pessimism Removal (CPR):    0.705ns
  Clock Net Delay (Source):      1.961ns (routing 1.083ns, distribution 0.878ns)
  Clock Net Delay (Destination): 2.226ns (routing 1.193ns, distribution 1.033ns)

    Location             Delay type                Incr(ns)  Path(ns)    Netlist Resource(s)
  -------------------------------------------------------------------    -------------------
                         (clock clk rise edge)        0.000     0.000 r  
    D14                                               0.000     0.000 r  clk (IN)
                         net (fo=0)                   0.000     0.000    u_boundary_ibuf/I
    D14                  INBUF (Prop_INBUF_HDIOB_M_PAD_O)
                                                      0.495     0.495 r  u_boundary_ibuf/INBUF_INST/O
                         net (fo=1, routed)           0.000     0.495    u_boundary_ibuf/OUT
    D14                  IBUFCTRL (Prop_IBUFCTRL_HDIOB_M_I_O)
                                                      0.000     0.495 r  u_boundary_ibuf/IBUFCTRL_INST/O
                         net (fo=1, routed)           0.169     0.664    clk_ibuf
    BUFGCE_HDIO_X0Y7     BUFGCE (Prop_BUFCE_BUFGCE_HDIO_I_O)
                                                      0.024     0.688 r  u_boundary_bufg/O
    X2Y1 (CLOCK_ROOT)    net (fo=28281, routed)       1.961     2.648    u_dut/clk
    SLICE_X84Y117        FDRE                                         r  u_dut/next_tu_serial_reg[6]/C
  -------------------------------------------------------------------    -------------------
    SLICE_X84Y117        FDRE (Prop_FFF_SLICEL_C_Q)
                                                      0.058     2.706 r  u_dut/next_tu_serial_reg[6]/Q
                         net (fo=5, routed)           0.102     2.808    u_dut/next_tu_serial_reg[6]
    SLICE_X83Y115        LUT3 (Prop_E6LUT_SLICEL_I0_O)
                                                      0.022     2.830 r  u_dut/cache_tu_id[1][6]_i_1/O
                         net (fo=1, routed)           0.020     2.850    u_dut/cache_tu_id[1][6]_i_1_n_0
    SLICE_X83Y115        FDRE                                         r  u_dut/cache_tu_id_reg[1][6]/D
  -------------------------------------------------------------------    -------------------

                         (clock clk rise edge)        0.000     0.000 r  
    D14                                               0.000     0.000 r  clk (IN)
                         net (fo=0)                   0.000     0.000    u_boundary_ibuf/I
    D14                  INBUF (Prop_INBUF_HDIOB_M_PAD_O)
                                                      1.002     1.002 r  u_boundary_ibuf/INBUF_INST/O
                         net (fo=1, routed)           0.000     1.002    u_boundary_ibuf/OUT
    D14                  IBUFCTRL (Prop_IBUFCTRL_HDIOB_M_I_O)
                                                      0.000     1.002 r  u_boundary_ibuf/IBUFCTRL_INST/O
                         net (fo=1, routed)           0.204     1.206    clk_ibuf
    BUFGCE_HDIO_X0Y7     BUFGCE (Prop_BUFCE_BUFGCE_HDIO_I_O)
                                                      0.028     1.234 r  u_boundary_bufg/O
    X2Y1 (CLOCK_ROOT)    net (fo=28281, routed)       2.226     3.460    u_dut/clk
    SLICE_X83Y115        FDRE                                         r  u_dut/cache_tu_id_reg[1][6]/C
                         clock pessimism             -0.705     2.755    
    SLICE_X83Y115        FDRE (Hold_EFF_SLICEL_C_D)
                                                      0.060     2.815    u_dut/cache_tu_id_reg[1][6]
  -------------------------------------------------------------------
                         required time                         -2.815    
                         arrival time                           2.850    
  -------------------------------------------------------------------
                         slack                                  0.035    

Slack (MET) :             0.035ns  (arrival time - required time)
  Source:                 u_dut/frozen_r4c/dot_value_bank_reg[0][15][10]/C
                            (rising edge-triggered cell FDCE clocked by clk  {rise@0.000ns fall@1.000ns period=2.000ns})
  Destination:            u_dut/frozen_r4c/signal_reg_reg[36][10]/D
                            (rising edge-triggered cell FDCE clocked by clk  {rise@0.000ns fall@1.000ns period=2.000ns})
  Path Group:             clk
  Path Type:              Hold (Min at Slow Process Corner)
  Requirement:            0.000ns  (clk rise@0.000ns - clk rise@0.000ns)
  Data Path Delay:        0.284ns  (logic 0.155ns (54.556%)  route 0.129ns (45.444%))
  Logic Levels:           2  (CARRY8=1 LUT4=1)
  Clock Path Skew:        0.189ns (DCD - SCD - CPR)
    Destination Clock Delay (DCD):    3.499ns
    Source Clock Delay      (SCD):    2.654ns
    Clock Pessimism Removal (CPR):    0.656ns
  Clock Net Delay (Source):      1.967ns (routing 1.083ns, distribution 0.884ns)
  Clock Net Delay (Destination): 2.265ns (routing 1.193ns, distribution 1.072ns)

    Location             Delay type                Incr(ns)  Path(ns)    Netlist Resource(s)
  -------------------------------------------------------------------    -------------------
                         (clock clk rise edge)        0.000     0.000 r  
    D14                                               0.000     0.000 r  clk (IN)
                         net (fo=0)                   0.000     0.000    u_boundary_ibuf/I
    D14                  INBUF (Prop_INBUF_HDIOB_M_PAD_O)
                                                      0.495     0.495 r  u_boundary_ibuf/INBUF_INST/O
                         net (fo=1, routed)           0.000     0.495    u_boundary_ibuf/OUT
    D14                  IBUFCTRL (Prop_IBUFCTRL_HDIOB_M_I_O)
                                                      0.000     0.495 r  u_boundary_ibuf/IBUFCTRL_INST/O
                         net (fo=1, routed)           0.169     0.664    clk_ibuf
    BUFGCE_HDIO_X0Y7     BUFGCE (Prop_BUFCE_BUFGCE_HDIO_I_O)
                                                      0.024     0.688 r  u_boundary_bufg/O
    X2Y1 (CLOCK_ROOT)    net (fo=28281, routed)       1.967     2.654    u_dut/frozen_r4c/clk
    SLICE_X89Y118        FDCE                                         r  u_dut/frozen_r4c/dot_value_bank_reg[0][15][10]/C
  -------------------------------------------------------------------    -------------------
    SLICE_X89Y118        FDCE (Prop_DFF2_SLICEM_C_Q)
                                                      0.061     2.715 r  u_dut/frozen_r4c/dot_value_bank_reg[0][15][10]/Q
                         net (fo=2, routed)           0.100     2.816    u_dut/frozen_r4c/dot_value_bank_reg[0][15][10]
    SLICE_X89Y122        LUT4 (Prop_C6LUT_SLICEM_I2_O)
                                                      0.065     2.881 r  u_dut/frozen_r4c/signal_reg[36][15]_i_7/O
                         net (fo=1, routed)           0.019     2.900    u_dut/frozen_r4c/signal_reg[36][15]_i_7_n_0
    SLICE_X89Y122        CARRY8 (Prop_CARRY8_SLICEM_S[2]_O[2])
                                                      0.029     2.929 r  u_dut/frozen_r4c/signal_reg_reg[36][15]_i_1/O[2]
                         net (fo=1, routed)           0.010     2.939    u_dut/frozen_r4c/signal_reg_reg[36][15]_i_1_n_13
    SLICE_X89Y122        FDCE                                         r  u_dut/frozen_r4c/signal_reg_reg[36][10]/D
  -------------------------------------------------------------------    -------------------

                         (clock clk rise edge)        0.000     0.000 r  
    D14                                               0.000     0.000 r  clk (IN)
                         net (fo=0)                   0.000     0.000    u_boundary_ibuf/I
    D14                  INBUF (Prop_INBUF_HDIOB_M_PAD_O)
                                                      1.002     1.002 r  u_boundary_ibuf/INBUF_INST/O
                         net (fo=1, routed)           0.000     1.002    u_boundary_ibuf/OUT
    D14                  IBUFCTRL (Prop_IBUFCTRL_HDIOB_M_I_O)
                                                      0.000     1.002 r  u_boundary_ibuf/IBUFCTRL_INST/O
                         net (fo=1, routed)           0.204     1.206    clk_ibuf
    BUFGCE_HDIO_X0Y7     BUFGCE (Prop_BUFCE_BUFGCE_HDIO_I_O)
                                                      0.028     1.234 r  u_boundary_bufg/O
    X2Y1 (CLOCK_ROOT)    net (fo=28281, routed)       2.265     3.499    u_dut/frozen_r4c/clk
    SLICE_X89Y122        FDCE                                         r  u_dut/frozen_r4c/signal_reg_reg[36][10]/C
                         clock pessimism             -0.656     2.843    
    SLICE_X89Y122        FDCE (Hold_CFF_SLICEM_C_D)
                                                      0.060     2.903    u_dut/frozen_r4c/signal_reg_reg[36][10]
  -------------------------------------------------------------------
                         required time                         -2.903    
                         arrival time                           2.939    
  -------------------------------------------------------------------
                         slack                                  0.035    

Slack (MET) :             0.036ns  (arrival time - required time)
  Source:                 u_dut/frozen_r4c/red_s3_data_reg[3][12]/C
                            (rising edge-triggered cell FDCE clocked by clk  {rise@0.000ns fall@1.000ns period=2.000ns})
  Destination:            u_dut/frozen_r4c/dot_value_bank_reg[0][37][12]/D
                            (rising edge-triggered cell FDCE clocked by clk  {rise@0.000ns fall@1.000ns period=2.000ns})
  Path Group:             clk
  Path Type:              Hold (Min at Slow Process Corner)
  Requirement:            0.000ns  (clk rise@0.000ns - clk rise@0.000ns)
  Data Path Delay:        0.191ns  (logic 0.107ns (56.021%)  route 0.084ns (43.979%))
  Logic Levels:           2  (CARRY8=1 LUT2=1)
  Clock Path Skew:        0.093ns (DCD - SCD - CPR)
    Destination Clock Delay (DCD):    3.502ns
    Source Clock Delay      (SCD):    2.699ns
    Clock Pessimism Removal (CPR):    0.709ns
  Clock Net Delay (Source):      2.011ns (routing 1.083ns, distribution 0.928ns)
  Clock Net Delay (Destination): 2.268ns (routing 1.193ns, distribution 1.075ns)

    Location             Delay type                Incr(ns)  Path(ns)    Netlist Resource(s)
  -------------------------------------------------------------------    -------------------
                         (clock clk rise edge)        0.000     0.000 r  
    D14                                               0.000     0.000 r  clk (IN)
                         net (fo=0)                   0.000     0.000    u_boundary_ibuf/I
    D14                  INBUF (Prop_INBUF_HDIOB_M_PAD_O)
                                                      0.495     0.495 r  u_boundary_ibuf/INBUF_INST/O
                         net (fo=1, routed)           0.000     0.495    u_boundary_ibuf/OUT
    D14                  IBUFCTRL (Prop_IBUFCTRL_HDIOB_M_I_O)
                                                      0.000     0.495 r  u_boundary_ibuf/IBUFCTRL_INST/O
                         net (fo=1, routed)           0.169     0.664    clk_ibuf
    BUFGCE_HDIO_X0Y7     BUFGCE (Prop_BUFCE_BUFGCE_HDIO_I_O)
                                                      0.024     0.688 r  u_boundary_bufg/O
    X2Y1 (CLOCK_ROOT)    net (fo=28281, routed)       2.011     2.699    u_dut/frozen_r4c/clk
    SLICE_X86Y139        FDCE                                         r  u_dut/frozen_r4c/red_s3_data_reg[3][12]/C
  -------------------------------------------------------------------    -------------------
    SLICE_X86Y139        FDCE (Prop_HFF2_SLICEM_C_Q)
                                                      0.059     2.758 r  u_dut/frozen_r4c/red_s3_data_reg[3][12]/Q
                         net (fo=1, routed)           0.067     2.825    u_dut/frozen_r4c/red_s3_data_reg[3][12]
    SLICE_X84Y139        LUT2 (Prop_E6LUT_SLICEL_I1_O)
                                                      0.022     2.847 r  u_dut/frozen_r4c/dot_value_bank[1][37][15]_i_5/O
                         net (fo=1, routed)           0.008     2.855    u_dut/frozen_r4c/dot_value_bank[1][37][15]_i_5_n_0
    SLICE_X84Y139        CARRY8 (Prop_CARRY8_SLICEL_S[4]_O[4])
                                                      0.026     2.881 r  u_dut/frozen_r4c/dot_value_bank_reg[1][37][15]_i_1/O[4]
                         net (fo=16, routed)          0.009     2.890    u_dut/frozen_r4c/r3r_s4_sum_now[1][12]
    SLICE_X84Y139        FDCE                                         r  u_dut/frozen_r4c/dot_value_bank_reg[0][37][12]/D
  -------------------------------------------------------------------    -------------------

                         (clock clk rise edge)        0.000     0.000 r  
    D14                                               0.000     0.000 r  clk (IN)
                         net (fo=0)                   0.000     0.000    u_boundary_ibuf/I
    D14                  INBUF (Prop_INBUF_HDIOB_M_PAD_O)
                                                      1.002     1.002 r  u_boundary_ibuf/INBUF_INST/O
                         net (fo=1, routed)           0.000     1.002    u_boundary_ibuf/OUT
    D14                  IBUFCTRL (Prop_IBUFCTRL_HDIOB_M_I_O)
                                                      0.000     1.002 r  u_boundary_ibuf/IBUFCTRL_INST/O
                         net (fo=1, routed)           0.204     1.206    clk_ibuf
    BUFGCE_HDIO_X0Y7     BUFGCE (Prop_BUFCE_BUFGCE_HDIO_I_O)
                                                      0.028     1.234 r  u_boundary_bufg/O
    X2Y1 (CLOCK_ROOT)    net (fo=28281, routed)       2.268     3.502    u_dut/frozen_r4c/clk
    SLICE_X84Y139        FDCE                                         r  u_dut/frozen_r4c/dot_value_bank_reg[0][37][12]/C
                         clock pessimism             -0.709     2.793    
    SLICE_X84Y139        FDCE (Hold_EFF2_SLICEL_C_D)
                                                      0.062     2.855    u_dut/frozen_r4c/dot_value_bank_reg[0][37][12]
  -------------------------------------------------------------------
                         required time                         -2.855    
                         arrival time                           2.890    
  -------------------------------------------------------------------
                         slack                                  0.036    

Slack (MET) :             0.036ns  (arrival time - required time)
  Source:                 u_dut/frozen_r4c/red_s1_data_reg[21][14]/C
                            (rising edge-triggered cell FDCE clocked by clk  {rise@0.000ns fall@1.000ns period=2.000ns})
  Destination:            u_dut/frozen_r4c/red_s2_data_reg[10][14]/D
                            (rising edge-triggered cell FDCE clocked by clk  {rise@0.000ns fall@1.000ns period=2.000ns})
  Path Group:             clk
  Path Type:              Hold (Min at Slow Process Corner)
  Requirement:            0.000ns  (clk rise@0.000ns - clk rise@0.000ns)
  Data Path Delay:        0.202ns  (logic 0.120ns (59.406%)  route 0.082ns (40.594%))
  Logic Levels:           2  (CARRY8=1 LUT2=1)
  Clock Path Skew:        0.106ns (DCD - SCD - CPR)
    Destination Clock Delay (DCD):    3.452ns
    Source Clock Delay      (SCD):    2.640ns
    Clock Pessimism Removal (CPR):    0.705ns
  Clock Net Delay (Source):      1.953ns (routing 1.083ns, distribution 0.870ns)
  Clock Net Delay (Destination): 2.218ns (routing 1.193ns, distribution 1.025ns)

    Location             Delay type                Incr(ns)  Path(ns)    Netlist Resource(s)
  -------------------------------------------------------------------    -------------------
                         (clock clk rise edge)        0.000     0.000 r  
    D14                                               0.000     0.000 r  clk (IN)
                         net (fo=0)                   0.000     0.000    u_boundary_ibuf/I
    D14                  INBUF (Prop_INBUF_HDIOB_M_PAD_O)
                                                      0.495     0.495 r  u_boundary_ibuf/INBUF_INST/O
                         net (fo=1, routed)           0.000     0.495    u_boundary_ibuf/OUT
    D14                  IBUFCTRL (Prop_IBUFCTRL_HDIOB_M_I_O)
                                                      0.000     0.495 r  u_boundary_ibuf/IBUFCTRL_INST/O
                         net (fo=1, routed)           0.169     0.664    clk_ibuf
    BUFGCE_HDIO_X0Y7     BUFGCE (Prop_BUFCE_BUFGCE_HDIO_I_O)
                                                      0.024     0.688 r  u_boundary_bufg/O
    X2Y1 (CLOCK_ROOT)    net (fo=28281, routed)       1.953     2.640    u_dut/frozen_r4c/clk
    SLICE_X87Y100        FDCE                                         r  u_dut/frozen_r4c/red_s1_data_reg[21][14]/C
  -------------------------------------------------------------------    -------------------
    SLICE_X87Y100        FDCE (Prop_GFF_SLICEL_C_Q)
                                                      0.059     2.699 r  u_dut/frozen_r4c/red_s1_data_reg[21][14]/Q
                         net (fo=1, routed)           0.063     2.762    u_dut/frozen_r4c/red_s1_data_reg[21][14]
    SLICE_X85Y100        LUT2 (Prop_G6LUT_SLICEL_I1_O)
                                                      0.035     2.797 r  u_dut/frozen_r4c/red_s2_data[10][15]_i_3/O
                         net (fo=1, routed)           0.009     2.806    u_dut/frozen_r4c/red_s2_data[10][15]_i_3_n_0
    SLICE_X85Y100        CARRY8 (Prop_CARRY8_SLICEL_S[6]_O[6])
                                                      0.026     2.832 r  u_dut/frozen_r4c/red_s2_data_reg[10][15]_i_1/O[6]
                         net (fo=1, routed)           0.010     2.842    u_dut/frozen_r4c/r3r_s2_sum_now[10]__0[14]
    SLICE_X85Y100        FDCE                                         r  u_dut/frozen_r4c/red_s2_data_reg[10][14]/D
  -------------------------------------------------------------------    -------------------

                         (clock clk rise edge)        0.000     0.000 r  
    D14                                               0.000     0.000 r  clk (IN)
                         net (fo=0)                   0.000     0.000    u_boundary_ibuf/I
    D14                  INBUF (Prop_INBUF_HDIOB_M_PAD_O)
                                                      1.002     1.002 r  u_boundary_ibuf/INBUF_INST/O
                         net (fo=1, routed)           0.000     1.002    u_boundary_ibuf/OUT
    D14                  IBUFCTRL (Prop_IBUFCTRL_HDIOB_M_I_O)
                                                      0.000     1.002 r  u_boundary_ibuf/IBUFCTRL_INST/O
                         net (fo=1, routed)           0.204     1.206    clk_ibuf
    BUFGCE_HDIO_X0Y7     BUFGCE (Prop_BUFCE_BUFGCE_HDIO_I_O)
                                                      0.028     1.234 r  u_boundary_bufg/O
    X2Y1 (CLOCK_ROOT)    net (fo=28281, routed)       2.218     3.452    u_dut/frozen_r4c/clk
    SLICE_X85Y100        FDCE                                         r  u_dut/frozen_r4c/red_s2_data_reg[10][14]/C
                         clock pessimism             -0.705     2.746    
    SLICE_X85Y100        FDCE (Hold_GFF_SLICEL_C_D)
                                                      0.060     2.806    u_dut/frozen_r4c/red_s2_data_reg[10][14]
  -------------------------------------------------------------------
                         required time                         -2.806    
                         arrival time                           2.842    
  -------------------------------------------------------------------
                         slack                                  0.036    

Slack (MET) :             0.036ns  (arrival time - required time)
  Source:                 u_dut/frozen_r4c/dot_value_bank_reg[1][25][4]/C
                            (rising edge-triggered cell FDCE clocked by clk  {rise@0.000ns fall@1.000ns period=2.000ns})
  Destination:            u_dut/frozen_r4c/signal_reg_reg[72][4]/D
                            (rising edge-triggered cell FDCE clocked by clk  {rise@0.000ns fall@1.000ns period=2.000ns})
  Path Group:             clk
  Path Type:              Hold (Min at Slow Process Corner)
  Requirement:            0.000ns  (clk rise@0.000ns - clk rise@0.000ns)
  Data Path Delay:        0.194ns  (logic 0.107ns (55.040%)  route 0.087ns (44.960%))
  Logic Levels:           2  (CARRY8=1 LUT4=1)
  Clock Path Skew:        0.098ns (DCD - SCD - CPR)
    Destination Clock Delay (DCD):    3.508ns
    Source Clock Delay      (SCD):    2.700ns
    Clock Pessimism Removal (CPR):    0.709ns
  Clock Net Delay (Source):      2.012ns (routing 1.083ns, distribution 0.929ns)
  Clock Net Delay (Destination): 2.274ns (routing 1.193ns, distribution 1.081ns)

    Location             Delay type                Incr(ns)  Path(ns)    Netlist Resource(s)
  -------------------------------------------------------------------    -------------------
                         (clock clk rise edge)        0.000     0.000 r  
    D14                                               0.000     0.000 r  clk (IN)
                         net (fo=0)                   0.000     0.000    u_boundary_ibuf/I
    D14                  INBUF (Prop_INBUF_HDIOB_M_PAD_O)
                                                      0.495     0.495 r  u_boundary_ibuf/INBUF_INST/O
                         net (fo=1, routed)           0.000     0.495    u_boundary_ibuf/OUT
    D14                  IBUFCTRL (Prop_IBUFCTRL_HDIOB_M_I_O)
                                                      0.000     0.495 r  u_boundary_ibuf/IBUFCTRL_INST/O
                         net (fo=1, routed)           0.169     0.664    clk_ibuf
    BUFGCE_HDIO_X0Y7     BUFGCE (Prop_BUFCE_BUFGCE_HDIO_I_O)
                                                      0.024     0.688 r  u_boundary_bufg/O
    X2Y1 (CLOCK_ROOT)    net (fo=28281, routed)       2.012     2.700    u_dut/frozen_r4c/clk
    SLICE_X87Y133        FDCE                                         r  u_dut/frozen_r4c/dot_value_bank_reg[1][25][4]/C
  -------------------------------------------------------------------    -------------------
    SLICE_X87Y133        FDCE (Prop_HFF2_SLICEL_C_Q)
                                                      0.059     2.759 r  u_dut/frozen_r4c/dot_value_bank_reg[1][25][4]/Q
                         net (fo=2, routed)           0.070     2.830    u_dut/frozen_r4c/dot_value_bank_reg[1][25][4]
    SLICE_X85Y133        LUT4 (Prop_E6LUT_SLICEL_I3_O)
                                                      0.022     2.852 r  u_dut/frozen_r4c/signal_reg[72][7]_i_5/O
                         net (fo=1, routed)           0.008     2.860    u_dut/frozen_r4c/signal_reg[72][7]_i_5_n_0
    SLICE_X85Y133        CARRY8 (Prop_CARRY8_SLICEL_S[4]_O[4])
                                                      0.026     2.886 r  u_dut/frozen_r4c/signal_reg_reg[72][7]_i_1/O[4]
                         net (fo=1, routed)           0.009     2.895    u_dut/frozen_r4c/signal_reg_reg[72][7]_i_1_n_11
    SLICE_X85Y133        FDCE                                         r  u_dut/frozen_r4c/signal_reg_reg[72][4]/D
  -------------------------------------------------------------------    -------------------

                         (clock clk rise edge)        0.000     0.000 r  
    D14                                               0.000     0.000 r  clk (IN)
                         net (fo=0)                   0.000     0.000    u_boundary_ibuf/I
    D14                  INBUF (Prop_INBUF_HDIOB_M_PAD_O)
                                                      1.002     1.002 r  u_boundary_ibuf/INBUF_INST/O
                         net (fo=1, routed)           0.000     1.002    u_boundary_ibuf/OUT
    D14                  IBUFCTRL (Prop_IBUFCTRL_HDIOB_M_I_O)
                                                      0.000     1.002 r  u_boundary_ibuf/IBUFCTRL_INST/O
                         net (fo=1, routed)           0.204     1.206    clk_ibuf
    BUFGCE_HDIO_X0Y7     BUFGCE (Prop_BUFCE_BUFGCE_HDIO_I_O)
                                                      0.028     1.234 r  u_boundary_bufg/O
    X2Y1 (CLOCK_ROOT)    net (fo=28281, routed)       2.274     3.508    u_dut/frozen_r4c/clk
    SLICE_X85Y133        FDCE                                         r  u_dut/frozen_r4c/signal_reg_reg[72][4]/C
                         clock pessimism             -0.709     2.799    
    SLICE_X85Y133        FDCE (Hold_EFF_SLICEL_C_D)
                                                      0.060     2.859    u_dut/frozen_r4c/signal_reg_reg[72][4]
  -------------------------------------------------------------------
                         required time                         -2.859    
                         arrival time                           2.895    
  -------------------------------------------------------------------
                         slack                                  0.036    

Slack (MET) :             0.036ns  (arrival time - required time)
  Source:                 u_dut/frozen_r4c/dot_value_bank_reg[1][15][6]/C
                            (rising edge-triggered cell FDCE clocked by clk  {rise@0.000ns fall@1.000ns period=2.000ns})
  Destination:            u_dut/frozen_r4c/signal_reg_reg[33][7]/D
                            (rising edge-triggered cell FDCE clocked by clk  {rise@0.000ns fall@1.000ns period=2.000ns})
  Path Group:             clk
  Path Type:              Hold (Min at Slow Process Corner)
  Requirement:            0.000ns  (clk rise@0.000ns - clk rise@0.000ns)
  Data Path Delay:        0.263ns  (logic 0.125ns (47.456%)  route 0.138ns (52.544%))
  Logic Levels:           2  (CARRY8=1 LUT4=1)
  Clock Path Skew:        0.167ns (DCD - SCD - CPR)
    Destination Clock Delay (DCD):    3.582ns
    Source Clock Delay      (SCD):    2.703ns
    Clock Pessimism Removal (CPR):    0.712ns
  Clock Net Delay (Source):      2.015ns (routing 1.083ns, distribution 0.932ns)
  Clock Net Delay (Destination): 2.348ns (routing 1.193ns, distribution 1.155ns)

    Location             Delay type                Incr(ns)  Path(ns)    Netlist Resource(s)
  -------------------------------------------------------------------    -------------------
                         (clock clk rise edge)        0.000     0.000 r  
    D14                                               0.000     0.000 r  clk (IN)
                         net (fo=0)                   0.000     0.000    u_boundary_ibuf/I
    D14                  INBUF (Prop_INBUF_HDIOB_M_PAD_O)
                                                      0.495     0.495 r  u_boundary_ibuf/INBUF_INST/O
                         net (fo=1, routed)           0.000     0.495    u_boundary_ibuf/OUT
    D14                  IBUFCTRL (Prop_IBUFCTRL_HDIOB_M_I_O)
                                                      0.000     0.495 r  u_boundary_ibuf/IBUFCTRL_INST/O
                         net (fo=1, routed)           0.169     0.664    clk_ibuf
    BUFGCE_HDIO_X0Y7     BUFGCE (Prop_BUFCE_BUFGCE_HDIO_I_O)
                                                      0.024     0.688 r  u_boundary_bufg/O
    X2Y1 (CLOCK_ROOT)    net (fo=28281, routed)       2.015     2.703    u_dut/frozen_r4c/clk
    SLICE_X89Y120        FDCE                                         r  u_dut/frozen_r4c/dot_value_bank_reg[1][15][6]/C
  -------------------------------------------------------------------    -------------------
    SLICE_X89Y120        FDCE (Prop_BFF_SLICEM_C_Q)
                                                      0.058     2.761 r  u_dut/frozen_r4c/dot_value_bank_reg[1][15][6]/Q
                         net (fo=2, routed)           0.113     2.874    u_dut/frozen_r4c/dot_value_bank_reg[1][15][6]
    SLICE_X90Y121        LUT4 (Prop_G6LUT_SLICEM_I3_O)
                                                      0.022     2.896 r  u_dut/frozen_r4c/signal_reg[33][7]_i_3/O
                         net (fo=1, routed)           0.015     2.911    u_dut/frozen_r4c/signal_reg[33][7]_i_3_n_0
    SLICE_X90Y121        CARRY8 (Prop_CARRY8_SLICEM_S[6]_O[7])
                                                      0.045     2.956 r  u_dut/frozen_r4c/signal_reg_reg[33][7]_i_1/O[7]
                         net (fo=1, routed)           0.010     2.966    u_dut/frozen_r4c/signal_reg_reg[33][7]_i_1_n_8
    SLICE_X90Y121        FDCE                                         r  u_dut/frozen_r4c/signal_reg_reg[33][7]/D
  -------------------------------------------------------------------    -------------------

                         (clock clk rise edge)        0.000     0.000 r  
    D14                                               0.000     0.000 r  clk (IN)
                         net (fo=0)                   0.000     0.000    u_boundary_ibuf/I
    D14                  INBUF (Prop_INBUF_HDIOB_M_PAD_O)
                                                      1.002     1.002 r  u_boundary_ibuf/INBUF_INST/O
                         net (fo=1, routed)           0.000     1.002    u_boundary_ibuf/OUT
    D14                  IBUFCTRL (Prop_IBUFCTRL_HDIOB_M_I_O)
                                                      0.000     1.002 r  u_boundary_ibuf/IBUFCTRL_INST/O
                         net (fo=1, routed)           0.204     1.206    clk_ibuf
    BUFGCE_HDIO_X0Y7     BUFGCE (Prop_BUFCE_BUFGCE_HDIO_I_O)
                                                      0.028     1.234 r  u_boundary_bufg/O
    X2Y1 (CLOCK_ROOT)    net (fo=28281, routed)       2.348     3.582    u_dut/frozen_r4c/clk
    SLICE_X90Y121        FDCE                                         r  u_dut/frozen_r4c/signal_reg_reg[33][7]/C
                         clock pessimism             -0.712     2.870    
    SLICE_X90Y121        FDCE (Hold_HFF_SLICEM_C_D)
                                                      0.060     2.930    u_dut/frozen_r4c/signal_reg_reg[33][7]
  -------------------------------------------------------------------
                         required time                         -2.930    
                         arrival time                           2.966    
  -------------------------------------------------------------------
                         slack                                  0.036    

Slack (MET) :             0.036ns  (arrival time - required time)
  Source:                 u_dut/frozen_r4c/dot_value_bank_reg[1][33][12]/C
                            (rising edge-triggered cell FDCE clocked by clk  {rise@0.000ns fall@1.000ns period=2.000ns})
  Destination:            u_dut/frozen_r4c/signal_reg_reg[122][12]/D
                            (rising edge-triggered cell FDCE clocked by clk  {rise@0.000ns fall@1.000ns period=2.000ns})
  Path Group:             clk
  Path Type:              Hold (Min at Slow Process Corner)
  Requirement:            0.000ns  (clk rise@0.000ns - clk rise@0.000ns)
  Data Path Delay:        0.194ns  (logic 0.108ns (55.760%)  route 0.086ns (44.239%))
  Logic Levels:           2  (CARRY8=1 LUT4=1)
  Clock Path Skew:        0.097ns (DCD - SCD - CPR)
    Destination Clock Delay (DCD):    3.499ns
    Source Clock Delay      (SCD):    2.692ns
    Clock Pessimism Removal (CPR):    0.709ns
  Clock Net Delay (Source):      2.004ns (routing 1.083ns, distribution 0.921ns)
  Clock Net Delay (Destination): 2.265ns (routing 1.193ns, distribution 1.072ns)

    Location             Delay type                Incr(ns)  Path(ns)    Netlist Resource(s)
  -------------------------------------------------------------------    -------------------
                         (clock clk rise edge)        0.000     0.000 r  
    D14                                               0.000     0.000 r  clk (IN)
                         net (fo=0)                   0.000     0.000    u_boundary_ibuf/I
    D14                  INBUF (Prop_INBUF_HDIOB_M_PAD_O)
                                                      0.495     0.495 r  u_boundary_ibuf/INBUF_INST/O
                         net (fo=1, routed)           0.000     0.495    u_boundary_ibuf/OUT
    D14                  IBUFCTRL (Prop_IBUFCTRL_HDIOB_M_I_O)
                                                      0.000     0.495 r  u_boundary_ibuf/IBUFCTRL_INST/O
                         net (fo=1, routed)           0.169     0.664    clk_ibuf
    BUFGCE_HDIO_X0Y7     BUFGCE (Prop_BUFCE_BUFGCE_HDIO_I_O)
                                                      0.024     0.688 r  u_boundary_bufg/O
    X2Y1 (CLOCK_ROOT)    net (fo=28281, routed)       2.004     2.692    u_dut/frozen_r4c/clk
    SLICE_X85Y141        FDCE                                         r  u_dut/frozen_r4c/dot_value_bank_reg[1][33][12]/C
  -------------------------------------------------------------------    -------------------
    SLICE_X85Y141        FDCE (Prop_GFF2_SLICEL_C_Q)
                                                      0.060     2.752 r  u_dut/frozen_r4c/dot_value_bank_reg[1][33][12]/Q
                         net (fo=2, routed)           0.069     2.821    u_dut/frozen_r4c/dot_value_bank_reg[1][33][12]
    SLICE_X83Y141        LUT4 (Prop_E6LUT_SLICEL_I3_O)
                                                      0.022     2.843 r  u_dut/frozen_r4c/signal_reg[122][15]_i_5/O
                         net (fo=1, routed)           0.008     2.851    u_dut/frozen_r4c/signal_reg[122][15]_i_5_n_0
    SLICE_X83Y141        CARRY8 (Prop_CARRY8_SLICEL_S[4]_O[4])
                                                      0.026     2.877 r  u_dut/frozen_r4c/signal_reg_reg[122][15]_i_1/O[4]
                         net (fo=1, routed)           0.009     2.886    u_dut/frozen_r4c/signal_reg_reg[122][15]_i_1_n_11
    SLICE_X83Y141        FDCE                                         r  u_dut/frozen_r4c/signal_reg_reg[122][12]/D
  -------------------------------------------------------------------    -------------------

                         (clock clk rise edge)        0.000     0.000 r  
    D14                                               0.000     0.000 r  clk (IN)
                         net (fo=0)                   0.000     0.000    u_boundary_ibuf/I
    D14                  INBUF (Prop_INBUF_HDIOB_M_PAD_O)
                                                      1.002     1.002 r  u_boundary_ibuf/INBUF_INST/O
                         net (fo=1, routed)           0.000     1.002    u_boundary_ibuf/OUT
    D14                  IBUFCTRL (Prop_IBUFCTRL_HDIOB_M_I_O)
                                                      0.000     1.002 r  u_boundary_ibuf/IBUFCTRL_INST/O
                         net (fo=1, routed)           0.204     1.206    clk_ibuf
    BUFGCE_HDIO_X0Y7     BUFGCE (Prop_BUFCE_BUFGCE_HDIO_I_O)
                                                      0.028     1.234 r  u_boundary_bufg/O
    X2Y1 (CLOCK_ROOT)    net (fo=28281, routed)       2.265     3.499    u_dut/frozen_r4c/clk
    SLICE_X83Y141        FDCE                                         r  u_dut/frozen_r4c/signal_reg_reg[122][12]/C
                         clock pessimism             -0.709     2.789    
    SLICE_X83Y141        FDCE (Hold_EFF_SLICEL_C_D)
                                                      0.060     2.849    u_dut/frozen_r4c/signal_reg_reg[122][12]
  -------------------------------------------------------------------
                         required time                         -2.849    
                         arrival time                           2.886    
  -------------------------------------------------------------------
                         slack                                  0.036    

Slack (MET) :             0.037ns  (arrival time - required time)
  Source:                 u_dut/frozen_r4c/red_s0_data_reg[46][13]/C
                            (rising edge-triggered cell FDCE clocked by clk  {rise@0.000ns fall@1.000ns period=2.000ns})
  Destination:            u_dut/frozen_r4c/red_s1_data_reg[23][14]/D
                            (rising edge-triggered cell FDCE clocked by clk  {rise@0.000ns fall@1.000ns period=2.000ns})
  Path Group:             clk
  Path Type:              Hold (Min at Slow Process Corner)
  Requirement:            0.000ns  (clk rise@0.000ns - clk rise@0.000ns)
  Data Path Delay:        0.237ns  (logic 0.107ns (45.189%)  route 0.130ns (54.811%))
  Logic Levels:           1  (CARRY8=1)
  Clock Path Skew:        0.140ns (DCD - SCD - CPR)
    Destination Clock Delay (DCD):    3.539ns
    Source Clock Delay      (SCD):    2.739ns
    Clock Pessimism Removal (CPR):    0.660ns
  Clock Net Delay (Source):      2.051ns (routing 1.083ns, distribution 0.968ns)
  Clock Net Delay (Destination): 2.305ns (routing 1.193ns, distribution 1.112ns)

    Location             Delay type                Incr(ns)  Path(ns)    Netlist Resource(s)
  -------------------------------------------------------------------    -------------------
                         (clock clk rise edge)        0.000     0.000 r  
    D14                                               0.000     0.000 r  clk (IN)
                         net (fo=0)                   0.000     0.000    u_boundary_ibuf/I
    D14                  INBUF (Prop_INBUF_HDIOB_M_PAD_O)
                                                      0.495     0.495 r  u_boundary_ibuf/INBUF_INST/O
                         net (fo=1, routed)           0.000     0.495    u_boundary_ibuf/OUT
    D14                  IBUFCTRL (Prop_IBUFCTRL_HDIOB_M_I_O)
                                                      0.000     0.495 r  u_boundary_ibuf/IBUFCTRL_INST/O
                         net (fo=1, routed)           0.169     0.664    clk_ibuf
    BUFGCE_HDIO_X0Y7     BUFGCE (Prop_BUFCE_BUFGCE_HDIO_I_O)
                                                      0.024     0.688 r  u_boundary_bufg/O
    X2Y1 (CLOCK_ROOT)    net (fo=28281, routed)       2.051     2.739    u_dut/frozen_r4c/clk
    SLICE_X94Y56         FDCE                                         r  u_dut/frozen_r4c/red_s0_data_reg[46][13]/C
  -------------------------------------------------------------------    -------------------
    SLICE_X94Y56         FDCE (Prop_FFF_SLICEL_C_Q)
                                                      0.058     2.797 r  u_dut/frozen_r4c/red_s0_data_reg[46][13]/Q
                         net (fo=2, routed)           0.120     2.916    u_dut/frozen_r4c/red_s0_data_reg[46][13]
    SLICE_X94Y62         CARRY8 (Prop_CARRY8_SLICEL_DI[5]_O[6])
                                                      0.049     2.965 r  u_dut/frozen_r4c/red_s1_data_reg[23][15]_i_1/O[6]
                         net (fo=1, routed)           0.010     2.975    u_dut/frozen_r4c/r3r_s1_sum_now[23]__0[14]
    SLICE_X94Y62         FDCE                                         r  u_dut/frozen_r4c/red_s1_data_reg[23][14]/D
  -------------------------------------------------------------------    -------------------

                         (clock clk rise edge)        0.000     0.000 r  
    D14                                               0.000     0.000 r  clk (IN)
                         net (fo=0)                   0.000     0.000    u_boundary_ibuf/I
    D14                  INBUF (Prop_INBUF_HDIOB_M_PAD_O)
                                                      1.002     1.002 r  u_boundary_ibuf/INBUF_INST/O
                         net (fo=1, routed)           0.000     1.002    u_boundary_ibuf/OUT
    D14                  IBUFCTRL (Prop_IBUFCTRL_HDIOB_M_I_O)
                                                      0.000     1.002 r  u_boundary_ibuf/IBUFCTRL_INST/O
                         net (fo=1, routed)           0.204     1.206    clk_ibuf
    BUFGCE_HDIO_X0Y7     BUFGCE (Prop_BUFCE_BUFGCE_HDIO_I_O)
                                                      0.028     1.234 r  u_boundary_bufg/O
    X2Y1 (CLOCK_ROOT)    net (fo=28281, routed)       2.305     3.539    u_dut/frozen_r4c/clk
    SLICE_X94Y62         FDCE                                         r  u_dut/frozen_r4c/red_s1_data_reg[23][14]/C
                         clock pessimism             -0.660     2.879    
    SLICE_X94Y62         FDCE (Hold_GFF_SLICEL_C_D)
                                                      0.060     2.939    u_dut/frozen_r4c/red_s1_data_reg[23][14]
  -------------------------------------------------------------------
                         required time                         -2.939    
                         arrival time                           2.975    
  -------------------------------------------------------------------
                         slack                                  0.037    

Slack (MET) :             0.037ns  (arrival time - required time)
  Source:                 u_dut/frozen_r4c/red_s0_data_reg[46][21]/C
                            (rising edge-triggered cell FDCE clocked by clk  {rise@0.000ns fall@1.000ns period=2.000ns})
  Destination:            u_dut/frozen_r4c/red_s1_data_reg[23][22]/D
                            (rising edge-triggered cell FDCE clocked by clk  {rise@0.000ns fall@1.000ns period=2.000ns})
  Path Group:             clk
  Path Type:              Hold (Min at Slow Process Corner)
  Requirement:            0.000ns  (clk rise@0.000ns - clk rise@0.000ns)
  Data Path Delay:        0.237ns  (logic 0.107ns (45.189%)  route 0.130ns (54.811%))
  Logic Levels:           1  (CARRY8=1)
  Clock Path Skew:        0.140ns (DCD - SCD - CPR)
    Destination Clock Delay (DCD):    3.539ns
    Source Clock Delay      (SCD):    2.739ns
    Clock Pessimism Removal (CPR):    0.660ns
  Clock Net Delay (Source):      2.051ns (routing 1.083ns, distribution 0.968ns)
  Clock Net Delay (Destination): 2.305ns (routing 1.193ns, distribution 1.112ns)

    Location             Delay type                Incr(ns)  Path(ns)    Netlist Resource(s)
  -------------------------------------------------------------------    -------------------
                         (clock clk rise edge)        0.000     0.000 r  
    D14                                               0.000     0.000 r  clk (IN)
                         net (fo=0)                   0.000     0.000    u_boundary_ibuf/I
    D14                  INBUF (Prop_INBUF_HDIOB_M_PAD_O)
                                                      0.495     0.495 r  u_boundary_ibuf/INBUF_INST/O
                         net (fo=1, routed)           0.000     0.495    u_boundary_ibuf/OUT
    D14                  IBUFCTRL (Prop_IBUFCTRL_HDIOB_M_I_O)
                                                      0.000     0.495 r  u_boundary_ibuf/IBUFCTRL_INST/O
                         net (fo=1, routed)           0.169     0.664    clk_ibuf
    BUFGCE_HDIO_X0Y7     BUFGCE (Prop_BUFCE_BUFGCE_HDIO_I_O)
                                                      0.024     0.688 r  u_boundary_bufg/O
    X2Y1 (CLOCK_ROOT)    net (fo=28281, routed)       2.051     2.739    u_dut/frozen_r4c/clk
    SLICE_X94Y57         FDCE                                         r  u_dut/frozen_r4c/red_s0_data_reg[46][21]/C
  -------------------------------------------------------------------    -------------------
    SLICE_X94Y57         FDCE (Prop_FFF_SLICEL_C_Q)
                                                      0.058     2.797 r  u_dut/frozen_r4c/red_s0_data_reg[46][21]/Q
                         net (fo=2, routed)           0.120     2.916    u_dut/frozen_r4c/red_s0_data_reg[46][21]
    SLICE_X94Y63         CARRY8 (Prop_CARRY8_SLICEL_DI[5]_O[6])
                                                      0.049     2.965 r  u_dut/frozen_r4c/red_s1_data_reg[23][23]_i_1/O[6]
                         net (fo=1, routed)           0.010     2.975    u_dut/frozen_r4c/r3r_s1_sum_now[23]__0[22]
    SLICE_X94Y63         FDCE                                         r  u_dut/frozen_r4c/red_s1_data_reg[23][22]/D
  -------------------------------------------------------------------    -------------------

                         (clock clk rise edge)        0.000     0.000 r  
    D14                                               0.000     0.000 r  clk (IN)
                         net (fo=0)                   0.000     0.000    u_boundary_ibuf/I
    D14                  INBUF (Prop_INBUF_HDIOB_M_PAD_O)
                                                      1.002     1.002 r  u_boundary_ibuf/INBUF_INST/O
                         net (fo=1, routed)           0.000     1.002    u_boundary_ibuf/OUT
    D14                  IBUFCTRL (Prop_IBUFCTRL_HDIOB_M_I_O)
                                                      0.000     1.002 r  u_boundary_ibuf/IBUFCTRL_INST/O
                         net (fo=1, routed)           0.204     1.206    clk_ibuf
    BUFGCE_HDIO_X0Y7     BUFGCE (Prop_BUFCE_BUFGCE_HDIO_I_O)
                                                      0.028     1.234 r  u_boundary_bufg/O
    X2Y1 (CLOCK_ROOT)    net (fo=28281, routed)       2.305     3.539    u_dut/frozen_r4c/clk
    SLICE_X94Y63         FDCE                                         r  u_dut/frozen_r4c/red_s1_data_reg[23][22]/C
                         clock pessimism             -0.660     2.879    
    SLICE_X94Y63         FDCE (Hold_GFF_SLICEL_C_D)
                                                      0.060     2.939    u_dut/frozen_r4c/red_s1_data_reg[23][22]
  -------------------------------------------------------------------
                         required time                         -2.939    
                         arrival time                           2.975    
  -------------------------------------------------------------------
                         slack                                  0.037    

Slack (MET) :             0.037ns  (arrival time - required time)
  Source:                 u_dut/frozen_r4c/red_s0_data_reg[46][5]/C
                            (rising edge-triggered cell FDCE clocked by clk  {rise@0.000ns fall@1.000ns period=2.000ns})
  Destination:            u_dut/frozen_r4c/red_s1_data_reg[23][6]/D
                            (rising edge-triggered cell FDCE clocked by clk  {rise@0.000ns fall@1.000ns period=2.000ns})
  Path Group:             clk
  Path Type:              Hold (Min at Slow Process Corner)
  Requirement:            0.000ns  (clk rise@0.000ns - clk rise@0.000ns)
  Data Path Delay:        0.237ns  (logic 0.107ns (45.180%)  route 0.130ns (54.820%))
  Logic Levels:           1  (CARRY8=1)
  Clock Path Skew:        0.140ns (DCD - SCD - CPR)
    Destination Clock Delay (DCD):    3.539ns
    Source Clock Delay      (SCD):    2.739ns
    Clock Pessimism Removal (CPR):    0.660ns
  Clock Net Delay (Source):      2.051ns (routing 1.083ns, distribution 0.968ns)
  Clock Net Delay (Destination): 2.305ns (routing 1.193ns, distribution 1.112ns)

    Location             Delay type                Incr(ns)  Path(ns)    Netlist Resource(s)
  -------------------------------------------------------------------    -------------------
                         (clock clk rise edge)        0.000     0.000 r  
    D14                                               0.000     0.000 r  clk (IN)
                         net (fo=0)                   0.000     0.000    u_boundary_ibuf/I
    D14                  INBUF (Prop_INBUF_HDIOB_M_PAD_O)
                                                      0.495     0.495 r  u_boundary_ibuf/INBUF_INST/O
                         net (fo=1, routed)           0.000     0.495    u_boundary_ibuf/OUT
    D14                  IBUFCTRL (Prop_IBUFCTRL_HDIOB_M_I_O)
                                                      0.000     0.495 r  u_boundary_ibuf/IBUFCTRL_INST/O
                         net (fo=1, routed)           0.169     0.664    clk_ibuf
    BUFGCE_HDIO_X0Y7     BUFGCE (Prop_BUFCE_BUFGCE_HDIO_I_O)
                                                      0.024     0.688 r  u_boundary_bufg/O
    X2Y1 (CLOCK_ROOT)    net (fo=28281, routed)       2.051     2.739    u_dut/frozen_r4c/clk
    SLICE_X94Y55         FDCE                                         r  u_dut/frozen_r4c/red_s0_data_reg[46][5]/C
  -------------------------------------------------------------------    -------------------
    SLICE_X94Y55         FDCE (Prop_FFF_SLICEL_C_Q)
                                                      0.058     2.797 r  u_dut/frozen_r4c/red_s0_data_reg[46][5]/Q
                         net (fo=2, routed)           0.120     2.916    u_dut/frozen_r4c/red_s0_data_reg[46][5]
    SLICE_X94Y61         CARRY8 (Prop_CARRY8_SLICEL_DI[5]_O[6])
                                                      0.049     2.965 r  u_dut/frozen_r4c/red_s1_data_reg[23][7]_i_1/O[6]
                         net (fo=1, routed)           0.010     2.975    u_dut/frozen_r4c/r3r_s1_sum_now[23]__0[6]
    SLICE_X94Y61         FDCE                                         r  u_dut/frozen_r4c/red_s1_data_reg[23][6]/D
  -------------------------------------------------------------------    -------------------

                         (clock clk rise edge)        0.000     0.000 r  
    D14                                               0.000     0.000 r  clk (IN)
                         net (fo=0)                   0.000     0.000    u_boundary_ibuf/I
    D14                  INBUF (Prop_INBUF_HDIOB_M_PAD_O)
                                                      1.002     1.002 r  u_boundary_ibuf/INBUF_INST/O
                         net (fo=1, routed)           0.000     1.002    u_boundary_ibuf/OUT
    D14                  IBUFCTRL (Prop_IBUFCTRL_HDIOB_M_I_O)
                                                      0.000     1.002 r  u_boundary_ibuf/IBUFCTRL_INST/O
                         net (fo=1, routed)           0.204     1.206    clk_ibuf
    BUFGCE_HDIO_X0Y7     BUFGCE (Prop_BUFCE_BUFGCE_HDIO_I_O)
                                                      0.028     1.234 r  u_boundary_bufg/O
    X2Y1 (CLOCK_ROOT)    net (fo=28281, routed)       2.305     3.539    u_dut/frozen_r4c/clk
    SLICE_X94Y61         FDCE                                         r  u_dut/frozen_r4c/red_s1_data_reg[23][6]/C
                         clock pessimism             -0.660     2.879    
    SLICE_X94Y61         FDCE (Hold_GFF_SLICEL_C_D)
                                                      0.060     2.939    u_dut/frozen_r4c/red_s1_data_reg[23][6]
  -------------------------------------------------------------------
                         required time                         -2.939    
                         arrival time                           2.975    
  -------------------------------------------------------------------
                         slack                                  0.037    

Slack (MET) :             0.037ns  (arrival time - required time)
  Source:                 u_dut/frozen_r4c/r4a_vector_buf_a_reg[0][5][7]/C
                            (rising edge-triggered cell FDCE clocked by clk  {rise@0.000ns fall@1.000ns period=2.000ns})
  Destination:            u_dut/frozen_r4c/operand_x_reg_reg[98][7]/D
                            (rising edge-triggered cell FDCE clocked by clk  {rise@0.000ns fall@1.000ns period=2.000ns})
  Path Group:             clk
  Path Type:              Hold (Min at Slow Process Corner)
  Requirement:            0.000ns  (clk rise@0.000ns - clk rise@0.000ns)
  Data Path Delay:        0.262ns  (logic 0.082ns (31.240%)  route 0.180ns (68.760%))
  Logic Levels:           1  (LUT6=1)
  Clock Path Skew:        0.166ns (DCD - SCD - CPR)
    Destination Clock Delay (DCD):    3.552ns
    Source Clock Delay      (SCD):    2.726ns
    Clock Pessimism Removal (CPR):    0.660ns
  Clock Net Delay (Source):      2.038ns (routing 1.083ns, distribution 0.955ns)
  Clock Net Delay (Destination): 2.318ns (routing 1.193ns, distribution 1.125ns)

    Location             Delay type                Incr(ns)  Path(ns)    Netlist Resource(s)
  -------------------------------------------------------------------    -------------------
                         (clock clk rise edge)        0.000     0.000 r  
    D14                                               0.000     0.000 r  clk (IN)
                         net (fo=0)                   0.000     0.000    u_boundary_ibuf/I
    D14                  INBUF (Prop_INBUF_HDIOB_M_PAD_O)
                                                      0.495     0.495 r  u_boundary_ibuf/INBUF_INST/O
                         net (fo=1, routed)           0.000     0.495    u_boundary_ibuf/OUT
    D14                  IBUFCTRL (Prop_IBUFCTRL_HDIOB_M_I_O)
                                                      0.000     0.495 r  u_boundary_ibuf/IBUFCTRL_INST/O
                         net (fo=1, routed)           0.169     0.664    clk_ibuf
    BUFGCE_HDIO_X0Y7     BUFGCE (Prop_BUFCE_BUFGCE_HDIO_I_O)
                                                      0.024     0.688 r  u_boundary_bufg/O
    X2Y1 (CLOCK_ROOT)    net (fo=28281, routed)       2.038     2.726    u_dut/frozen_r4c/clk
    SLICE_X94Y60         FDCE                                         r  u_dut/frozen_r4c/r4a_vector_buf_a_reg[0][5][7]/C
  -------------------------------------------------------------------    -------------------
    SLICE_X94Y60         FDCE (Prop_BFF2_SLICEL_C_Q)
                                                      0.060     2.786 r  u_dut/frozen_r4c/r4a_vector_buf_a_reg[0][5][7]/Q
                         net (fo=3, routed)           0.158     2.945    u_dut/frozen_r4c/r4a_vector_buf_a_reg[0][5][7]
    SLICE_X94Y50         LUT6 (Prop_G6LUT_SLICEL_I4_O)
                                                      0.022     2.967 r  u_dut/frozen_r4c/operand_x_reg[98][7]_i_1/O
                         net (fo=1, routed)           0.022     2.989    u_dut/frozen_r4c/operand_x_reg[98][7]_i_1_n_0
    SLICE_X94Y50         FDCE                                         r  u_dut/frozen_r4c/operand_x_reg_reg[98][7]/D
  -------------------------------------------------------------------    -------------------

                         (clock clk rise edge)        0.000     0.000 r  
    D14                                               0.000     0.000 r  clk (IN)
                         net (fo=0)                   0.000     0.000    u_boundary_ibuf/I
    D14                  INBUF (Prop_INBUF_HDIOB_M_PAD_O)
                                                      1.002     1.002 r  u_boundary_ibuf/INBUF_INST/O
                         net (fo=1, routed)           0.000     1.002    u_boundary_ibuf/OUT
    D14                  IBUFCTRL (Prop_IBUFCTRL_HDIOB_M_I_O)
                                                      0.000     1.002 r  u_boundary_ibuf/IBUFCTRL_INST/O
                         net (fo=1, routed)           0.204     1.206    clk_ibuf
    BUFGCE_HDIO_X0Y7     BUFGCE (Prop_BUFCE_BUFGCE_HDIO_I_O)
                                                      0.028     1.234 r  u_boundary_bufg/O
    X2Y1 (CLOCK_ROOT)    net (fo=28281, routed)       2.318     3.552    u_dut/frozen_r4c/clk
    SLICE_X94Y50         FDCE                                         r  u_dut/frozen_r4c/operand_x_reg_reg[98][7]/C
                         clock pessimism             -0.660     2.892    
    SLICE_X94Y50         FDCE (Hold_GFF_SLICEL_C_D)
                                                      0.060     2.952    u_dut/frozen_r4c/operand_x_reg_reg[98][7]
  -------------------------------------------------------------------
                         required time                         -2.952    
                         arrival time                           2.989    
  -------------------------------------------------------------------
                         slack                                  0.037    

Slack (MET) :             0.037ns  (arrival time - required time)
  Source:                 u_dut/frozen_r4c/dot_value_bank_reg[1][47][20]/C
                            (rising edge-triggered cell FDCE clocked by clk  {rise@0.000ns fall@1.000ns period=2.000ns})
  Destination:            u_dut/frozen_r4c/signal_reg_reg[108][20]/D
                            (rising edge-triggered cell FDCE clocked by clk  {rise@0.000ns fall@1.000ns period=2.000ns})
  Path Group:             clk
  Path Type:              Hold (Min at Slow Process Corner)
  Requirement:            0.000ns  (clk rise@0.000ns - clk rise@0.000ns)
  Data Path Delay:        0.202ns  (logic 0.108ns (53.359%)  route 0.094ns (46.641%))
  Logic Levels:           2  (CARRY8=1 LUT4=1)
  Clock Path Skew:        0.106ns (DCD - SCD - CPR)
    Destination Clock Delay (DCD):    3.558ns
    Source Clock Delay      (SCD):    2.736ns
    Clock Pessimism Removal (CPR):    0.716ns
  Clock Net Delay (Source):      2.048ns (routing 1.083ns, distribution 0.965ns)
  Clock Net Delay (Destination): 2.324ns (routing 1.193ns, distribution 1.131ns)

    Location             Delay type                Incr(ns)  Path(ns)    Netlist Resource(s)
  -------------------------------------------------------------------    -------------------
                         (clock clk rise edge)        0.000     0.000 r  
    D14                                               0.000     0.000 r  clk (IN)
                         net (fo=0)                   0.000     0.000    u_boundary_ibuf/I
    D14                  INBUF (Prop_INBUF_HDIOB_M_PAD_O)
                                                      0.495     0.495 r  u_boundary_ibuf/INBUF_INST/O
                         net (fo=1, routed)           0.000     0.495    u_boundary_ibuf/OUT
    D14                  IBUFCTRL (Prop_IBUFCTRL_HDIOB_M_I_O)
                                                      0.000     0.495 r  u_boundary_ibuf/IBUFCTRL_INST/O
                         net (fo=1, routed)           0.169     0.664    clk_ibuf
    BUFGCE_HDIO_X0Y7     BUFGCE (Prop_BUFCE_BUFGCE_HDIO_I_O)
                                                      0.024     0.688 r  u_boundary_bufg/O
    X2Y1 (CLOCK_ROOT)    net (fo=28281, routed)       2.048     2.736    u_dut/frozen_r4c/clk
    SLICE_X92Y157        FDCE                                         r  u_dut/frozen_r4c/dot_value_bank_reg[1][47][20]/C
  -------------------------------------------------------------------    -------------------
    SLICE_X92Y157        FDCE (Prop_GFF_SLICEM_C_Q)
                                                      0.058     2.794 r  u_dut/frozen_r4c/dot_value_bank_reg[1][47][20]/Q
                         net (fo=2, routed)           0.072     2.866    u_dut/frozen_r4c/dot_value_bank_reg[1][47][20]
    SLICE_X90Y157        LUT4 (Prop_E6LUT_SLICEM_I3_O)
                                                      0.022     2.888 r  u_dut/frozen_r4c/signal_reg[108][21]_i_5/O
                         net (fo=1, routed)           0.013     2.901    u_dut/frozen_r4c/signal_reg[108][21]_i_5_n_0
    SLICE_X90Y157        CARRY8 (Prop_CARRY8_SLICEM_S[4]_O[4])
                                                      0.028     2.929 r  u_dut/frozen_r4c/signal_reg_reg[108][21]_i_2/O[4]
                         net (fo=1, routed)           0.009     2.938    u_dut/frozen_r4c/signal_reg_reg[108][21]_i_2_n_11
    SLICE_X90Y157        FDCE                                         r  u_dut/frozen_r4c/signal_reg_reg[108][20]/D
  -------------------------------------------------------------------    -------------------

                         (clock clk rise edge)        0.000     0.000 r  
    D14                                               0.000     0.000 r  clk (IN)
                         net (fo=0)                   0.000     0.000    u_boundary_ibuf/I
    D14                  INBUF (Prop_INBUF_HDIOB_M_PAD_O)
                                                      1.002     1.002 r  u_boundary_ibuf/INBUF_INST/O
                         net (fo=1, routed)           0.000     1.002    u_boundary_ibuf/OUT
    D14                  IBUFCTRL (Prop_IBUFCTRL_HDIOB_M_I_O)
                                                      0.000     1.002 r  u_boundary_ibuf/IBUFCTRL_INST/O
                         net (fo=1, routed)           0.204     1.206    clk_ibuf
    BUFGCE_HDIO_X0Y7     BUFGCE (Prop_BUFCE_BUFGCE_HDIO_I_O)
                                                      0.028     1.234 r  u_boundary_bufg/O
    X2Y1 (CLOCK_ROOT)    net (fo=28281, routed)       2.324     3.558    u_dut/frozen_r4c/clk
    SLICE_X90Y157        FDCE                                         r  u_dut/frozen_r4c/signal_reg_reg[108][20]/C
                         clock pessimism             -0.716     2.841    
    SLICE_X90Y157        FDCE (Hold_EFF_SLICEM_C_D)
                                                      0.060     2.901    u_dut/frozen_r4c/signal_reg_reg[108][20]
  -------------------------------------------------------------------
                         required time                         -2.901    
                         arrival time                           2.938    
  -------------------------------------------------------------------
                         slack                                  0.037    

Slack (MET) :             0.037ns  (arrival time - required time)
  Source:                 u_dut/frozen_r4c/dot_value_bank_reg[1][5][21]/C
                            (rising edge-triggered cell FDCE clocked by clk  {rise@0.000ns fall@1.000ns period=2.000ns})
  Destination:            u_dut/frozen_r4c/signal_reg_reg[28][22]/D
                            (rising edge-triggered cell FDCE clocked by clk  {rise@0.000ns fall@1.000ns period=2.000ns})
  Path Group:             clk
  Path Type:              Hold (Min at Slow Process Corner)
  Requirement:            0.000ns  (clk rise@0.000ns - clk rise@0.000ns)
  Data Path Delay:        0.306ns  (logic 0.134ns (43.789%)  route 0.172ns (56.211%))
  Logic Levels:           2  (CARRY8=1 LUT4=1)
  Clock Path Skew:        0.209ns (DCD - SCD - CPR)
    Destination Clock Delay (DCD):    3.600ns
    Source Clock Delay      (SCD):    2.735ns
    Clock Pessimism Removal (CPR):    0.656ns
  Clock Net Delay (Source):      2.047ns (routing 1.083ns, distribution 0.964ns)
  Clock Net Delay (Destination): 2.366ns (routing 1.193ns, distribution 1.173ns)

    Location             Delay type                Incr(ns)  Path(ns)    Netlist Resource(s)
  -------------------------------------------------------------------    -------------------
                         (clock clk rise edge)        0.000     0.000 r  
    D14                                               0.000     0.000 r  clk (IN)
                         net (fo=0)                   0.000     0.000    u_boundary_ibuf/I
    D14                  INBUF (Prop_INBUF_HDIOB_M_PAD_O)
                                                      0.495     0.495 r  u_boundary_ibuf/INBUF_INST/O
                         net (fo=1, routed)           0.000     0.495    u_boundary_ibuf/OUT
    D14                  IBUFCTRL (Prop_IBUFCTRL_HDIOB_M_I_O)
                                                      0.000     0.495 r  u_boundary_ibuf/IBUFCTRL_INST/O
                         net (fo=1, routed)           0.169     0.664    clk_ibuf
    BUFGCE_HDIO_X0Y7     BUFGCE (Prop_BUFCE_BUFGCE_HDIO_I_O)
                                                      0.024     0.688 r  u_boundary_bufg/O
    X2Y1 (CLOCK_ROOT)    net (fo=28281, routed)       2.047     2.735    u_dut/frozen_r4c/clk
    SLICE_X97Y119        FDCE                                         r  u_dut/frozen_r4c/dot_value_bank_reg[1][5][21]/C
  -------------------------------------------------------------------    -------------------
    SLICE_X97Y119        FDCE (Prop_GFF2_SLICEL_C_Q)
                                                      0.060     2.795 r  u_dut/frozen_r4c/dot_value_bank_reg[1][5][21]/Q
                         net (fo=2, routed)           0.151     2.946    u_dut/frozen_r4c/dot_value_bank_reg[1][5][21]
    SLICE_X99Y124        LUT4 (Prop_F6LUT_SLICEL_I3_O)
                                                      0.022     2.968 r  u_dut/frozen_r4c/signal_reg[28][23]_i_4/O
                         net (fo=1, routed)           0.011     2.979    u_dut/frozen_r4c/signal_reg[28][23]_i_4_n_0
    SLICE_X99Y124        CARRY8 (Prop_CARRY8_SLICEL_S[5]_O[6])
                                                      0.052     3.031 r  u_dut/frozen_r4c/signal_reg_reg[28][23]_i_1/O[6]
                         net (fo=1, routed)           0.010     3.041    u_dut/frozen_r4c/signal_reg_reg[28][23]_i_1_n_9
    SLICE_X99Y124        FDCE                                         r  u_dut/frozen_r4c/signal_reg_reg[28][22]/D
  -------------------------------------------------------------------    -------------------

                         (clock clk rise edge)        0.000     0.000 r  
    D14                                               0.000     0.000 r  clk (IN)
                         net (fo=0)                   0.000     0.000    u_boundary_ibuf/I
    D14                  INBUF (Prop_INBUF_HDIOB_M_PAD_O)
                                                      1.002     1.002 r  u_boundary_ibuf/INBUF_INST/O
                         net (fo=1, routed)           0.000     1.002    u_boundary_ibuf/OUT
    D14                  IBUFCTRL (Prop_IBUFCTRL_HDIOB_M_I_O)
                                                      0.000     1.002 r  u_boundary_ibuf/IBUFCTRL_INST/O
                         net (fo=1, routed)           0.204     1.206    clk_ibuf
    BUFGCE_HDIO_X0Y7     BUFGCE (Prop_BUFCE_BUFGCE_HDIO_I_O)
                                                      0.028     1.234 r  u_boundary_bufg/O
    X2Y1 (CLOCK_ROOT)    net (fo=28281, routed)       2.366     3.600    u_dut/frozen_r4c/clk
    SLICE_X99Y124        FDCE                                         r  u_dut/frozen_r4c/signal_reg_reg[28][22]/C
                         clock pessimism             -0.656     2.944    
    SLICE_X99Y124        FDCE (Hold_GFF_SLICEL_C_D)
                                                      0.060     3.004    u_dut/frozen_r4c/signal_reg_reg[28][22]
  -------------------------------------------------------------------
                         required time                         -3.004    
                         arrival time                           3.041    
  -------------------------------------------------------------------
                         slack                                  0.037    

Slack (MET) :             0.037ns  (arrival time - required time)
  Source:                 u_dut/frozen_r4c/sched_coeff_reg_reg[39][1]/C
                            (rising edge-triggered cell FDCE clocked by clk  {rise@0.000ns fall@1.000ns period=2.000ns})
  Destination:            u_dut/frozen_r4c/operand_coeff_reg_reg[39][1]/D
                            (rising edge-triggered cell FDCE clocked by clk  {rise@0.000ns fall@1.000ns period=2.000ns})
  Path Group:             clk
  Path Type:              Hold (Min at Slow Process Corner)
  Requirement:            0.000ns  (clk rise@0.000ns - clk rise@0.000ns)
  Data Path Delay:        0.248ns  (logic 0.058ns (23.387%)  route 0.190ns (76.613%))
  Logic Levels:           0  
  Clock Path Skew:        0.149ns (DCD - SCD - CPR)
    Destination Clock Delay (DCD):    3.494ns
    Source Clock Delay      (SCD):    2.637ns
    Clock Pessimism Removal (CPR):    0.708ns
  Clock Net Delay (Source):      1.949ns (routing 1.083ns, distribution 0.866ns)
  Clock Net Delay (Destination): 2.260ns (routing 1.193ns, distribution 1.067ns)

    Location             Delay type                Incr(ns)  Path(ns)    Netlist Resource(s)
  -------------------------------------------------------------------    -------------------
                         (clock clk rise edge)        0.000     0.000 r  
    D14                                               0.000     0.000 r  clk (IN)
                         net (fo=0)                   0.000     0.000    u_boundary_ibuf/I
    D14                  INBUF (Prop_INBUF_HDIOB_M_PAD_O)
                                                      0.495     0.495 r  u_boundary_ibuf/INBUF_INST/O
                         net (fo=1, routed)           0.000     0.495    u_boundary_ibuf/OUT
    D14                  IBUFCTRL (Prop_IBUFCTRL_HDIOB_M_I_O)
                                                      0.000     0.495 r  u_boundary_ibuf/IBUFCTRL_INST/O
                         net (fo=1, routed)           0.169     0.664    clk_ibuf
    BUFGCE_HDIO_X0Y7     BUFGCE (Prop_BUFCE_BUFGCE_HDIO_I_O)
                                                      0.024     0.688 r  u_boundary_bufg/O
    X2Y1 (CLOCK_ROOT)    net (fo=28281, routed)       1.949     2.637    u_dut/frozen_r4c/clk
    SLICE_X88Y98         FDCE                                         r  u_dut/frozen_r4c/sched_coeff_reg_reg[39][1]/C
  -------------------------------------------------------------------    -------------------
    SLICE_X88Y98         FDCE (Prop_HFF_SLICEL_C_Q)
                                                      0.058     2.695 r  u_dut/frozen_r4c/sched_coeff_reg_reg[39][1]/Q
                         net (fo=1, routed)           0.190     2.885    u_dut/frozen_r4c/sched_coeff_reg_reg[39][1]
    SLICE_X92Y97         FDCE                                         r  u_dut/frozen_r4c/operand_coeff_reg_reg[39][1]/D
  -------------------------------------------------------------------    -------------------

                         (clock clk rise edge)        0.000     0.000 r  
    D14                                               0.000     0.000 r  clk (IN)
                         net (fo=0)                   0.000     0.000    u_boundary_ibuf/I
    D14                  INBUF (Prop_INBUF_HDIOB_M_PAD_O)
                                                      1.002     1.002 r  u_boundary_ibuf/INBUF_INST/O
                         net (fo=1, routed)           0.000     1.002    u_boundary_ibuf/OUT
    D14                  IBUFCTRL (Prop_IBUFCTRL_HDIOB_M_I_O)
                                                      0.000     1.002 r  u_boundary_ibuf/IBUFCTRL_INST/O
                         net (fo=1, routed)           0.204     1.206    clk_ibuf
    BUFGCE_HDIO_X0Y7     BUFGCE (Prop_BUFCE_BUFGCE_HDIO_I_O)
                                                      0.028     1.234 r  u_boundary_bufg/O
    X2Y1 (CLOCK_ROOT)    net (fo=28281, routed)       2.260     3.494    u_dut/frozen_r4c/clk
    SLICE_X92Y97         FDCE                                         r  u_dut/frozen_r4c/operand_coeff_reg_reg[39][1]/C
                         clock pessimism             -0.708     2.786    
    SLICE_X92Y97         FDCE (Hold_HFF2_SLICEM_C_D)
                                                      0.062     2.848    u_dut/frozen_r4c/operand_coeff_reg_reg[39][1]
  -------------------------------------------------------------------
                         required time                         -2.848    
                         arrival time                           2.885    
  -------------------------------------------------------------------
                         slack                                  0.037    

Slack (MET) :             0.037ns  (arrival time - required time)
  Source:                 u_dut/frozen_r4c/sched_coeff_reg_reg[102][2]/C
                            (rising edge-triggered cell FDCE clocked by clk  {rise@0.000ns fall@1.000ns period=2.000ns})
  Destination:            u_dut/frozen_r4c/operand_coeff_reg_reg[102][2]/D
                            (rising edge-triggered cell FDCE clocked by clk  {rise@0.000ns fall@1.000ns period=2.000ns})
  Path Group:             clk
  Path Type:              Hold (Min at Fast Process Corner)
  Requirement:            0.000ns  (clk rise@0.000ns - clk rise@0.000ns)
  Data Path Delay:        0.104ns  (logic 0.038ns (36.538%)  route 0.066ns (63.462%))
  Logic Levels:           0  
  Clock Path Skew:        0.020ns (DCD - SCD - CPR)
    Destination Clock Delay (DCD):    2.214ns
    Source Clock Delay      (SCD):    1.739ns
    Clock Pessimism Removal (CPR):    0.455ns
  Clock Net Delay (Source):      1.296ns (routing 0.651ns, distribution 0.645ns)
  Clock Net Delay (Destination): 1.458ns (routing 0.728ns, distribution 0.730ns)

    Location             Delay type                Incr(ns)  Path(ns)    Netlist Resource(s)
  -------------------------------------------------------------------    -------------------
                         (clock clk rise edge)        0.000     0.000 r  
    D14                                               0.000     0.000 r  clk (IN)
                         net (fo=0)                   0.000     0.000    u_boundary_ibuf/I
    D14                  INBUF (Prop_INBUF_HDIOB_M_PAD_O)
                                                      0.336     0.336 r  u_boundary_ibuf/INBUF_INST/O
                         net (fo=1, routed)           0.000     0.336    u_boundary_ibuf/OUT
    D14                  IBUFCTRL (Prop_IBUFCTRL_HDIOB_M_I_O)
                                                      0.000     0.336 r  u_boundary_ibuf/IBUFCTRL_INST/O
                         net (fo=1, routed)           0.091     0.427    clk_ibuf
    BUFGCE_HDIO_X0Y7     BUFGCE (Prop_BUFCE_BUFGCE_HDIO_I_O)
                                                      0.017     0.444 r  u_boundary_bufg/O
    X2Y1 (CLOCK_ROOT)    net (fo=28281, routed)       1.296     1.739    u_dut/frozen_r4c/clk
    SLICE_X106Y81        FDCE                                         r  u_dut/frozen_r4c/sched_coeff_reg_reg[102][2]/C
  -------------------------------------------------------------------    -------------------
    SLICE_X106Y81        FDCE (Prop_CFF_SLICEM_C_Q)
                                                      0.038     1.777 r  u_dut/frozen_r4c/sched_coeff_reg_reg[102][2]/Q
                         net (fo=1, routed)           0.066     1.843    u_dut/frozen_r4c/sched_coeff_reg_reg[102][2]
    SLICE_X106Y80        FDCE                                         r  u_dut/frozen_r4c/operand_coeff_reg_reg[102][2]/D
  -------------------------------------------------------------------    -------------------

                         (clock clk rise edge)        0.000     0.000 r  
    D14                                               0.000     0.000 r  clk (IN)
                         net (fo=0)                   0.000     0.000    u_boundary_ibuf/I
    D14                  INBUF (Prop_INBUF_HDIOB_M_PAD_O)
                                                      0.624     0.624 r  u_boundary_ibuf/INBUF_INST/O
                         net (fo=1, routed)           0.000     0.624    u_boundary_ibuf/OUT
    D14                  IBUFCTRL (Prop_IBUFCTRL_HDIOB_M_I_O)
                                                      0.000     0.624 r  u_boundary_ibuf/IBUFCTRL_INST/O
                         net (fo=1, routed)           0.113     0.737    clk_ibuf
    BUFGCE_HDIO_X0Y7     BUFGCE (Prop_BUFCE_BUFGCE_HDIO_I_O)
                                                      0.019     0.756 r  u_boundary_bufg/O
    X2Y1 (CLOCK_ROOT)    net (fo=28281, routed)       1.458     2.214    u_dut/frozen_r4c/clk
    SLICE_X106Y80        FDCE                                         r  u_dut/frozen_r4c/operand_coeff_reg_reg[102][2]/C
                         clock pessimism             -0.455     1.759    
    SLICE_X106Y80        FDCE (Hold_FFF2_SLICEM_C_D)
                                                      0.047     1.806    u_dut/frozen_r4c/operand_coeff_reg_reg[102][2]
  -------------------------------------------------------------------
                         required time                         -1.806    
                         arrival time                           1.843    
  -------------------------------------------------------------------
                         slack                                  0.037    

Slack (MET) :             0.037ns  (arrival time - required time)
  Source:                 u_dut/frozen_r4c/signal_reg_reg[0][3]/C
                            (rising edge-triggered cell FDCE clocked by clk  {rise@0.000ns fall@1.000ns period=2.000ns})
  Destination:            u_dut/frozen_r4c/signal_reg_reg[32][3]/D
                            (rising edge-triggered cell FDCE clocked by clk  {rise@0.000ns fall@1.000ns period=2.000ns})
  Path Group:             clk
  Path Type:              Hold (Min at Slow Process Corner)
  Requirement:            0.000ns  (clk rise@0.000ns - clk rise@0.000ns)
  Data Path Delay:        0.297ns  (logic 0.120ns (40.349%)  route 0.177ns (59.651%))
  Logic Levels:           2  (CARRY8=1 LUT4=1)
  Clock Path Skew:        0.200ns (DCD - SCD - CPR)
    Destination Clock Delay (DCD):    3.572ns
    Source Clock Delay      (SCD):    2.716ns
    Clock Pessimism Removal (CPR):    0.656ns
  Clock Net Delay (Source):      2.028ns (routing 1.083ns, distribution 0.945ns)
  Clock Net Delay (Destination): 2.338ns (routing 1.193ns, distribution 1.145ns)

    Location             Delay type                Incr(ns)  Path(ns)    Netlist Resource(s)
  -------------------------------------------------------------------    -------------------
                         (clock clk rise edge)        0.000     0.000 r  
    D14                                               0.000     0.000 r  clk (IN)
                         net (fo=0)                   0.000     0.000    u_boundary_ibuf/I
    D14                  INBUF (Prop_INBUF_HDIOB_M_PAD_O)
                                                      0.495     0.495 r  u_boundary_ibuf/INBUF_INST/O
                         net (fo=1, routed)           0.000     0.495    u_boundary_ibuf/OUT
    D14                  IBUFCTRL (Prop_IBUFCTRL_HDIOB_M_I_O)
                                                      0.000     0.495 r  u_boundary_ibuf/IBUFCTRL_INST/O
                         net (fo=1, routed)           0.169     0.664    clk_ibuf
    BUFGCE_HDIO_X0Y7     BUFGCE (Prop_BUFCE_BUFGCE_HDIO_I_O)
                                                      0.024     0.688 r  u_boundary_bufg/O
    X2Y1 (CLOCK_ROOT)    net (fo=28281, routed)       2.028     2.716    u_dut/frozen_r4c/clk
    SLICE_X91Y115        FDCE                                         r  u_dut/frozen_r4c/signal_reg_reg[0][3]/C
  -------------------------------------------------------------------    -------------------
    SLICE_X91Y115        FDCE (Prop_DFF_SLICEL_C_Q)
                                                      0.059     2.775 r  u_dut/frozen_r4c/signal_reg_reg[0][3]/Q
                         net (fo=4, routed)           0.158     2.933    u_dut/frozen_r4c/signal_reg_reg[0][3]
    SLICE_X91Y121        LUT4 (Prop_D6LUT_SLICEL_I0_O)
                                                      0.035     2.968 r  u_dut/frozen_r4c/signal_reg[32][7]_i_6/O
                         net (fo=1, routed)           0.009     2.977    u_dut/frozen_r4c/signal_reg[32][7]_i_6_n_0
    SLICE_X91Y121        CARRY8 (Prop_CARRY8_SLICEL_S[3]_O[3])
                                                      0.026     3.003 r  u_dut/frozen_r4c/signal_reg_reg[32][7]_i_1/O[3]
                         net (fo=1, routed)           0.010     3.013    u_dut/frozen_r4c/signal_reg_reg[32][7]_i_1_n_12
    SLICE_X91Y121        FDCE                                         r  u_dut/frozen_r4c/signal_reg_reg[32][3]/D
  -------------------------------------------------------------------    -------------------

                         (clock clk rise edge)        0.000     0.000 r  
    D14                                               0.000     0.000 r  clk (IN)
                         net (fo=0)                   0.000     0.000    u_boundary_ibuf/I
    D14                  INBUF (Prop_INBUF_HDIOB_M_PAD_O)
                                                      1.002     1.002 r  u_boundary_ibuf/INBUF_INST/O
                         net (fo=1, routed)           0.000     1.002    u_boundary_ibuf/OUT
    D14                  IBUFCTRL (Prop_IBUFCTRL_HDIOB_M_I_O)
                                                      0.000     1.002 r  u_boundary_ibuf/IBUFCTRL_INST/O
                         net (fo=1, routed)           0.204     1.206    clk_ibuf
    BUFGCE_HDIO_X0Y7     BUFGCE (Prop_BUFCE_BUFGCE_HDIO_I_O)
                                                      0.028     1.234 r  u_boundary_bufg/O
    X2Y1 (CLOCK_ROOT)    net (fo=28281, routed)       2.338     3.572    u_dut/frozen_r4c/clk
    SLICE_X91Y121        FDCE                                         r  u_dut/frozen_r4c/signal_reg_reg[32][3]/C
                         clock pessimism             -0.656     2.916    
    SLICE_X91Y121        FDCE (Hold_DFF_SLICEL_C_D)
                                                      0.060     2.976    u_dut/frozen_r4c/signal_reg_reg[32][3]
  -------------------------------------------------------------------
                         required time                         -2.976    
                         arrival time                           3.013    
  -------------------------------------------------------------------
                         slack                                  0.037    

Slack (MET) :             0.037ns  (arrival time - required time)
  Source:                 u_dut/frozen_r4c/dot_value_bank_reg[1][47][17]/C
                            (rising edge-triggered cell FDCE clocked by clk  {rise@0.000ns fall@1.000ns period=2.000ns})
  Destination:            u_dut/frozen_r4c/signal_reg_reg[108][17]/D
                            (rising edge-triggered cell FDCE clocked by clk  {rise@0.000ns fall@1.000ns period=2.000ns})
  Path Group:             clk
  Path Type:              Hold (Min at Slow Process Corner)
  Requirement:            0.000ns  (clk rise@0.000ns - clk rise@0.000ns)
  Data Path Delay:        0.205ns  (logic 0.110ns (53.668%)  route 0.095ns (46.332%))
  Logic Levels:           2  (CARRY8=1 LUT4=1)
  Clock Path Skew:        0.108ns (DCD - SCD - CPR)
    Destination Clock Delay (DCD):    3.560ns
    Source Clock Delay      (SCD):    2.736ns
    Clock Pessimism Removal (CPR):    0.716ns
  Clock Net Delay (Source):      2.048ns (routing 1.083ns, distribution 0.965ns)
  Clock Net Delay (Destination): 2.326ns (routing 1.193ns, distribution 1.133ns)

    Location             Delay type                Incr(ns)  Path(ns)    Netlist Resource(s)
  -------------------------------------------------------------------    -------------------
                         (clock clk rise edge)        0.000     0.000 r  
    D14                                               0.000     0.000 r  clk (IN)
                         net (fo=0)                   0.000     0.000    u_boundary_ibuf/I
    D14                  INBUF (Prop_INBUF_HDIOB_M_PAD_O)
                                                      0.495     0.495 r  u_boundary_ibuf/INBUF_INST/O
                         net (fo=1, routed)           0.000     0.495    u_boundary_ibuf/OUT
    D14                  IBUFCTRL (Prop_IBUFCTRL_HDIOB_M_I_O)
                                                      0.000     0.495 r  u_boundary_ibuf/IBUFCTRL_INST/O
                         net (fo=1, routed)           0.169     0.664    clk_ibuf
    BUFGCE_HDIO_X0Y7     BUFGCE (Prop_BUFCE_BUFGCE_HDIO_I_O)
                                                      0.024     0.688 r  u_boundary_bufg/O
    X2Y1 (CLOCK_ROOT)    net (fo=28281, routed)       2.048     2.736    u_dut/frozen_r4c/clk
    SLICE_X92Y157        FDCE                                         r  u_dut/frozen_r4c/dot_value_bank_reg[1][47][17]/C
  -------------------------------------------------------------------    -------------------
    SLICE_X92Y157        FDCE (Prop_EFF2_SLICEM_C_Q)
                                                      0.060     2.796 r  u_dut/frozen_r4c/dot_value_bank_reg[1][47][17]/Q
                         net (fo=2, routed)           0.070     2.866    u_dut/frozen_r4c/dot_value_bank_reg[1][47][17]
    SLICE_X90Y157        LUT4 (Prop_B6LUT_SLICEM_I3_O)
                                                      0.022     2.888 r  u_dut/frozen_r4c/signal_reg[108][21]_i_8/O
                         net (fo=1, routed)           0.015     2.903    u_dut/frozen_r4c/signal_reg[108][21]_i_8_n_0
    SLICE_X90Y157        CARRY8 (Prop_CARRY8_SLICEM_S[1]_O[1])
                                                      0.028     2.931 r  u_dut/frozen_r4c/signal_reg_reg[108][21]_i_2/O[1]
                         net (fo=1, routed)           0.010     2.941    u_dut/frozen_r4c/signal_reg_reg[108][21]_i_2_n_14
    SLICE_X90Y157        FDCE                                         r  u_dut/frozen_r4c/signal_reg_reg[108][17]/D
  -------------------------------------------------------------------    -------------------

                         (clock clk rise edge)        0.000     0.000 r  
    D14                                               0.000     0.000 r  clk (IN)
                         net (fo=0)                   0.000     0.000    u_boundary_ibuf/I
    D14                  INBUF (Prop_INBUF_HDIOB_M_PAD_O)
                                                      1.002     1.002 r  u_boundary_ibuf/INBUF_INST/O
                         net (fo=1, routed)           0.000     1.002    u_boundary_ibuf/OUT
    D14                  IBUFCTRL (Prop_IBUFCTRL_HDIOB_M_I_O)
                                                      0.000     1.002 r  u_boundary_ibuf/IBUFCTRL_INST/O
                         net (fo=1, routed)           0.204     1.206    clk_ibuf
    BUFGCE_HDIO_X0Y7     BUFGCE (Prop_BUFCE_BUFGCE_HDIO_I_O)
                                                      0.028     1.234 r  u_boundary_bufg/O
    X2Y1 (CLOCK_ROOT)    net (fo=28281, routed)       2.326     3.560    u_dut/frozen_r4c/clk
    SLICE_X90Y157        FDCE                                         r  u_dut/frozen_r4c/signal_reg_reg[108][17]/C
                         clock pessimism             -0.716     2.843    
    SLICE_X90Y157        FDCE (Hold_BFF_SLICEM_C_D)
                                                      0.060     2.903    u_dut/frozen_r4c/signal_reg_reg[108][17]
  -------------------------------------------------------------------
                         required time                         -2.903    
                         arrival time                           2.941    
  -------------------------------------------------------------------
                         slack                                  0.037    

Slack (MET) :             0.037ns  (arrival time - required time)
  Source:                 u_dut/frozen_r4c/sched_coeff_reg_reg[9][7]/C
                            (rising edge-triggered cell FDCE clocked by clk  {rise@0.000ns fall@1.000ns period=2.000ns})
  Destination:            u_dut/frozen_r4c/operand_coeff_reg_reg[9][7]/D
                            (rising edge-triggered cell FDCE clocked by clk  {rise@0.000ns fall@1.000ns period=2.000ns})
  Path Group:             clk
  Path Type:              Hold (Min at Fast Process Corner)
  Requirement:            0.000ns  (clk rise@0.000ns - clk rise@0.000ns)
  Data Path Delay:        0.106ns  (logic 0.040ns (37.736%)  route 0.066ns (62.264%))
  Logic Levels:           0  
  Clock Path Skew:        0.022ns (DCD - SCD - CPR)
    Destination Clock Delay (DCD):    2.113ns
    Source Clock Delay      (SCD):    1.643ns
    Clock Pessimism Removal (CPR):    0.448ns
  Clock Net Delay (Source):      1.200ns (routing 0.651ns, distribution 0.549ns)
  Clock Net Delay (Destination): 1.357ns (routing 0.728ns, distribution 0.629ns)

    Location             Delay type                Incr(ns)  Path(ns)    Netlist Resource(s)
  -------------------------------------------------------------------    -------------------
                         (clock clk rise edge)        0.000     0.000 r  
    D14                                               0.000     0.000 r  clk (IN)
                         net (fo=0)                   0.000     0.000    u_boundary_ibuf/I
    D14                  INBUF (Prop_INBUF_HDIOB_M_PAD_O)
                                                      0.336     0.336 r  u_boundary_ibuf/INBUF_INST/O
                         net (fo=1, routed)           0.000     0.336    u_boundary_ibuf/OUT
    D14                  IBUFCTRL (Prop_IBUFCTRL_HDIOB_M_I_O)
                                                      0.000     0.336 r  u_boundary_ibuf/IBUFCTRL_INST/O
                         net (fo=1, routed)           0.091     0.427    clk_ibuf
    BUFGCE_HDIO_X0Y7     BUFGCE (Prop_BUFCE_BUFGCE_HDIO_I_O)
                                                      0.017     0.444 r  u_boundary_bufg/O
    X2Y1 (CLOCK_ROOT)    net (fo=28281, routed)       1.200     1.643    u_dut/frozen_r4c/clk
    SLICE_X88Y86         FDCE                                         r  u_dut/frozen_r4c/sched_coeff_reg_reg[9][7]/C
  -------------------------------------------------------------------    -------------------
    SLICE_X88Y86         FDCE (Prop_CFF2_SLICEL_C_Q)
                                                      0.040     1.683 r  u_dut/frozen_r4c/sched_coeff_reg_reg[9][7]/Q
                         net (fo=1, routed)           0.066     1.749    u_dut/frozen_r4c/sched_coeff_reg_reg[9][7]
    SLICE_X88Y85         FDCE                                         r  u_dut/frozen_r4c/operand_coeff_reg_reg[9][7]/D
  -------------------------------------------------------------------    -------------------

                         (clock clk rise edge)        0.000     0.000 r  
    D14                                               0.000     0.000 r  clk (IN)
                         net (fo=0)                   0.000     0.000    u_boundary_ibuf/I
    D14                  INBUF (Prop_INBUF_HDIOB_M_PAD_O)
                                                      0.624     0.624 r  u_boundary_ibuf/INBUF_INST/O
                         net (fo=1, routed)           0.000     0.624    u_boundary_ibuf/OUT
    D14                  IBUFCTRL (Prop_IBUFCTRL_HDIOB_M_I_O)
                                                      0.000     0.624 r  u_boundary_ibuf/IBUFCTRL_INST/O
                         net (fo=1, routed)           0.113     0.737    clk_ibuf
    BUFGCE_HDIO_X0Y7     BUFGCE (Prop_BUFCE_BUFGCE_HDIO_I_O)
                                                      0.019     0.756 r  u_boundary_bufg/O
    X2Y1 (CLOCK_ROOT)    net (fo=28281, routed)       1.357     2.113    u_dut/frozen_r4c/clk
    SLICE_X88Y85         FDCE                                         r  u_dut/frozen_r4c/operand_coeff_reg_reg[9][7]/C
                         clock pessimism             -0.448     1.665    
    SLICE_X88Y85         FDCE (Hold_FFF2_SLICEL_C_D)
                                                      0.047     1.712    u_dut/frozen_r4c/operand_coeff_reg_reg[9][7]
  -------------------------------------------------------------------
                         required time                         -1.712    
                         arrival time                           1.749    
  -------------------------------------------------------------------
                         slack                                  0.037    

Slack (MET) :             0.038ns  (arrival time - required time)
  Source:                 u_dut/frozen_r4c/red_s3_data_reg[3][12]/C
                            (rising edge-triggered cell FDCE clocked by clk  {rise@0.000ns fall@1.000ns period=2.000ns})
  Destination:            u_dut/frozen_r4c/dot_value_bank_reg[0][33][12]/D
                            (rising edge-triggered cell FDCE clocked by clk  {rise@0.000ns fall@1.000ns period=2.000ns})
  Path Group:             clk
  Path Type:              Hold (Min at Slow Process Corner)
  Requirement:            0.000ns  (clk rise@0.000ns - clk rise@0.000ns)
  Data Path Delay:        0.191ns  (logic 0.107ns (56.021%)  route 0.084ns (43.979%))
  Logic Levels:           2  (CARRY8=1 LUT2=1)
  Clock Path Skew:        0.093ns (DCD - SCD - CPR)
    Destination Clock Delay (DCD):    3.502ns
    Source Clock Delay      (SCD):    2.699ns
    Clock Pessimism Removal (CPR):    0.709ns
  Clock Net Delay (Source):      2.011ns (routing 1.083ns, distribution 0.928ns)
  Clock Net Delay (Destination): 2.268ns (routing 1.193ns, distribution 1.075ns)

    Location             Delay type                Incr(ns)  Path(ns)    Netlist Resource(s)
  -------------------------------------------------------------------    -------------------
                         (clock clk rise edge)        0.000     0.000 r  
    D14                                               0.000     0.000 r  clk (IN)
                         net (fo=0)                   0.000     0.000    u_boundary_ibuf/I
    D14                  INBUF (Prop_INBUF_HDIOB_M_PAD_O)
                                                      0.495     0.495 r  u_boundary_ibuf/INBUF_INST/O
                         net (fo=1, routed)           0.000     0.495    u_boundary_ibuf/OUT
    D14                  IBUFCTRL (Prop_IBUFCTRL_HDIOB_M_I_O)
                                                      0.000     0.495 r  u_boundary_ibuf/IBUFCTRL_INST/O
                         net (fo=1, routed)           0.169     0.664    clk_ibuf
    BUFGCE_HDIO_X0Y7     BUFGCE (Prop_BUFCE_BUFGCE_HDIO_I_O)
                                                      0.024     0.688 r  u_boundary_bufg/O
    X2Y1 (CLOCK_ROOT)    net (fo=28281, routed)       2.011     2.699    u_dut/frozen_r4c/clk
    SLICE_X86Y139        FDCE                                         r  u_dut/frozen_r4c/red_s3_data_reg[3][12]/C
  -------------------------------------------------------------------    -------------------
    SLICE_X86Y139        FDCE (Prop_HFF2_SLICEM_C_Q)
                                                      0.059     2.758 r  u_dut/frozen_r4c/red_s3_data_reg[3][12]/Q
                         net (fo=1, routed)           0.067     2.825    u_dut/frozen_r4c/red_s3_data_reg[3][12]
    SLICE_X84Y139        LUT2 (Prop_E6LUT_SLICEL_I1_O)
                                                      0.022     2.847 r  u_dut/frozen_r4c/dot_value_bank[1][37][15]_i_5/O
                         net (fo=1, routed)           0.008     2.855    u_dut/frozen_r4c/dot_value_bank[1][37][15]_i_5_n_0
    SLICE_X84Y139        CARRY8 (Prop_CARRY8_SLICEL_S[4]_O[4])
                                                      0.026     2.881 r  u_dut/frozen_r4c/dot_value_bank_reg[1][37][15]_i_1/O[4]
                         net (fo=16, routed)          0.009     2.890    u_dut/frozen_r4c/r3r_s4_sum_now[1][12]
    SLICE_X84Y139        FDCE                                         r  u_dut/frozen_r4c/dot_value_bank_reg[0][33][12]/D
  -------------------------------------------------------------------    -------------------

                         (clock clk rise edge)        0.000     0.000 r  
    D14                                               0.000     0.000 r  clk (IN)
                         net (fo=0)                   0.000     0.000    u_boundary_ibuf/I
    D14                  INBUF (Prop_INBUF_HDIOB_M_PAD_O)
                                                      1.002     1.002 r  u_boundary_ibuf/INBUF_INST/O
                         net (fo=1, routed)           0.000     1.002    u_boundary_ibuf/OUT
    D14                  IBUFCTRL (Prop_IBUFCTRL_HDIOB_M_I_O)
                                                      0.000     1.002 r  u_boundary_ibuf/IBUFCTRL_INST/O
                         net (fo=1, routed)           0.204     1.206    clk_ibuf
    BUFGCE_HDIO_X0Y7     BUFGCE (Prop_BUFCE_BUFGCE_HDIO_I_O)
                                                      0.028     1.234 r  u_boundary_bufg/O
    X2Y1 (CLOCK_ROOT)    net (fo=28281, routed)       2.268     3.502    u_dut/frozen_r4c/clk
    SLICE_X84Y139        FDCE                                         r  u_dut/frozen_r4c/dot_value_bank_reg[0][33][12]/C
                         clock pessimism             -0.709     2.793    
    SLICE_X84Y139        FDCE (Hold_EFF_SLICEL_C_D)
                                                      0.060     2.853    u_dut/frozen_r4c/dot_value_bank_reg[0][33][12]
  -------------------------------------------------------------------
                         required time                         -2.853    
                         arrival time                           2.890    
  -------------------------------------------------------------------
                         slack                                  0.038    

Slack (MET) :             0.038ns  (arrival time - required time)
  Source:                 u_dut/frozen_r4c/dot_value_bank_reg[0][6][10]/C
                            (rising edge-triggered cell FDCE clocked by clk  {rise@0.000ns fall@1.000ns period=2.000ns})
  Destination:            u_dut/frozen_r4c/signal_reg_reg[24][10]/D
                            (rising edge-triggered cell FDCE clocked by clk  {rise@0.000ns fall@1.000ns period=2.000ns})
  Path Group:             clk
  Path Type:              Hold (Min at Slow Process Corner)
  Requirement:            0.000ns  (clk rise@0.000ns - clk rise@0.000ns)
  Data Path Delay:        0.306ns  (logic 0.109ns (35.615%)  route 0.197ns (64.385%))
  Logic Levels:           2  (CARRY8=1 LUT4=1)
  Clock Path Skew:        0.208ns (DCD - SCD - CPR)
    Destination Clock Delay (DCD):    3.578ns
    Source Clock Delay      (SCD):    2.713ns
    Clock Pessimism Removal (CPR):    0.656ns
  Clock Net Delay (Source):      2.026ns (routing 1.083ns, distribution 0.943ns)
  Clock Net Delay (Destination): 2.344ns (routing 1.193ns, distribution 1.151ns)

    Location             Delay type                Incr(ns)  Path(ns)    Netlist Resource(s)
  -------------------------------------------------------------------    -------------------
                         (clock clk rise edge)        0.000     0.000 r  
    D14                                               0.000     0.000 r  clk (IN)
                         net (fo=0)                   0.000     0.000    u_boundary_ibuf/I
    D14                  INBUF (Prop_INBUF_HDIOB_M_PAD_O)
                                                      0.495     0.495 r  u_boundary_ibuf/INBUF_INST/O
                         net (fo=1, routed)           0.000     0.495    u_boundary_ibuf/OUT
    D14                  IBUFCTRL (Prop_IBUFCTRL_HDIOB_M_I_O)
                                                      0.000     0.495 r  u_boundary_ibuf/IBUFCTRL_INST/O
                         net (fo=1, routed)           0.169     0.664    clk_ibuf
    BUFGCE_HDIO_X0Y7     BUFGCE (Prop_BUFCE_BUFGCE_HDIO_I_O)
                                                      0.024     0.688 r  u_boundary_bufg/O
    X2Y1 (CLOCK_ROOT)    net (fo=28281, routed)       2.026     2.713    u_dut/frozen_r4c/clk
    SLICE_X92Y119        FDCE                                         r  u_dut/frozen_r4c/dot_value_bank_reg[0][6][10]/C
  -------------------------------------------------------------------    -------------------
    SLICE_X92Y119        FDCE (Prop_DFF2_SLICEM_C_Q)
                                                      0.061     2.774 r  u_dut/frozen_r4c/dot_value_bank_reg[0][6][10]/Q
                         net (fo=2, routed)           0.177     2.951    u_dut/frozen_r4c/dot_value_bank_reg[0][6][10]
    SLICE_X94Y125        LUT4 (Prop_C6LUT_SLICEL_I2_O)
                                                      0.022     2.973 r  u_dut/frozen_r4c/signal_reg[24][15]_i_7/O
                         net (fo=1, routed)           0.010     2.983    u_dut/frozen_r4c/signal_reg[24][15]_i_7_n_0
    SLICE_X94Y125        CARRY8 (Prop_CARRY8_SLICEL_S[2]_O[2])
                                                      0.026     3.009 r  u_dut/frozen_r4c/signal_reg_reg[24][15]_i_1/O[2]
                         net (fo=1, routed)           0.010     3.019    u_dut/frozen_r4c/signal_reg_reg[24][15]_i_1_n_13
    SLICE_X94Y125        FDCE                                         r  u_dut/frozen_r4c/signal_reg_reg[24][10]/D
  -------------------------------------------------------------------    -------------------

                         (clock clk rise edge)        0.000     0.000 r  
    D14                                               0.000     0.000 r  clk (IN)
                         net (fo=0)                   0.000     0.000    u_boundary_ibuf/I
    D14                  INBUF (Prop_INBUF_HDIOB_M_PAD_O)
                                                      1.002     1.002 r  u_boundary_ibuf/INBUF_INST/O
                         net (fo=1, routed)           0.000     1.002    u_boundary_ibuf/OUT
    D14                  IBUFCTRL (Prop_IBUFCTRL_HDIOB_M_I_O)
                                                      0.000     1.002 r  u_boundary_ibuf/IBUFCTRL_INST/O
                         net (fo=1, routed)           0.204     1.206    clk_ibuf
    BUFGCE_HDIO_X0Y7     BUFGCE (Prop_BUFCE_BUFGCE_HDIO_I_O)
                                                      0.028     1.234 r  u_boundary_bufg/O
    X2Y1 (CLOCK_ROOT)    net (fo=28281, routed)       2.344     3.578    u_dut/frozen_r4c/clk
    SLICE_X94Y125        FDCE                                         r  u_dut/frozen_r4c/signal_reg_reg[24][10]/C
                         clock pessimism             -0.656     2.922    
    SLICE_X94Y125        FDCE (Hold_CFF_SLICEL_C_D)
                                                      0.060     2.982    u_dut/frozen_r4c/signal_reg_reg[24][10]
  -------------------------------------------------------------------
                         required time                         -2.982    
                         arrival time                           3.019    
  -------------------------------------------------------------------
                         slack                                  0.038    

Slack (MET) :             0.038ns  (arrival time - required time)
  Source:                 u_dut/frozen_r4c/sched_coeff_reg_reg[116][6]/C
                            (rising edge-triggered cell FDCE clocked by clk  {rise@0.000ns fall@1.000ns period=2.000ns})
  Destination:            u_dut/frozen_r4c/operand_coeff_reg_reg[116][6]/D
                            (rising edge-triggered cell FDCE clocked by clk  {rise@0.000ns fall@1.000ns period=2.000ns})
  Path Group:             clk
  Path Type:              Hold (Min at Fast Process Corner)
  Requirement:            0.000ns  (clk rise@0.000ns - clk rise@0.000ns)
  Data Path Delay:        0.104ns  (logic 0.039ns (37.500%)  route 0.065ns (62.500%))
  Logic Levels:           0  
  Clock Path Skew:        0.020ns (DCD - SCD - CPR)
    Destination Clock Delay (DCD):    2.219ns
    Source Clock Delay      (SCD):    1.744ns
    Clock Pessimism Removal (CPR):    0.455ns
  Clock Net Delay (Source):      1.301ns (routing 0.651ns, distribution 0.650ns)
  Clock Net Delay (Destination): 1.463ns (routing 0.728ns, distribution 0.735ns)

    Location             Delay type                Incr(ns)  Path(ns)    Netlist Resource(s)
  -------------------------------------------------------------------    -------------------
                         (clock clk rise edge)        0.000     0.000 r  
    D14                                               0.000     0.000 r  clk (IN)
                         net (fo=0)                   0.000     0.000    u_boundary_ibuf/I
    D14                  INBUF (Prop_INBUF_HDIOB_M_PAD_O)
                                                      0.336     0.336 r  u_boundary_ibuf/INBUF_INST/O
                         net (fo=1, routed)           0.000     0.336    u_boundary_ibuf/OUT
    D14                  IBUFCTRL (Prop_IBUFCTRL_HDIOB_M_I_O)
                                                      0.000     0.336 r  u_boundary_ibuf/IBUFCTRL_INST/O
                         net (fo=1, routed)           0.091     0.427    clk_ibuf
    BUFGCE_HDIO_X0Y7     BUFGCE (Prop_BUFCE_BUFGCE_HDIO_I_O)
                                                      0.017     0.444 r  u_boundary_bufg/O
    X2Y1 (CLOCK_ROOT)    net (fo=28281, routed)       1.301     1.744    u_dut/frozen_r4c/clk
    SLICE_X109Y76        FDCE                                         r  u_dut/frozen_r4c/sched_coeff_reg_reg[116][6]/C
  -------------------------------------------------------------------    -------------------
    SLICE_X109Y76        FDCE (Prop_DFF_SLICEM_C_Q)
                                                      0.039     1.783 r  u_dut/frozen_r4c/sched_coeff_reg_reg[116][6]/Q
                         net (fo=1, routed)           0.065     1.848    u_dut/frozen_r4c/sched_coeff_reg_reg[116][6]
    SLICE_X109Y75        FDCE                                         r  u_dut/frozen_r4c/operand_coeff_reg_reg[116][6]/D
  -------------------------------------------------------------------    -------------------

                         (clock clk rise edge)        0.000     0.000 r  
    D14                                               0.000     0.000 r  clk (IN)
                         net (fo=0)                   0.000     0.000    u_boundary_ibuf/I
    D14                  INBUF (Prop_INBUF_HDIOB_M_PAD_O)
                                                      0.624     0.624 r  u_boundary_ibuf/INBUF_INST/O
                         net (fo=1, routed)           0.000     0.624    u_boundary_ibuf/OUT
    D14                  IBUFCTRL (Prop_IBUFCTRL_HDIOB_M_I_O)
                                                      0.000     0.624 r  u_boundary_ibuf/IBUFCTRL_INST/O
                         net (fo=1, routed)           0.113     0.737    clk_ibuf
    BUFGCE_HDIO_X0Y7     BUFGCE (Prop_BUFCE_BUFGCE_HDIO_I_O)
                                                      0.019     0.756 r  u_boundary_bufg/O
    X2Y1 (CLOCK_ROOT)    net (fo=28281, routed)       1.463     2.219    u_dut/frozen_r4c/clk
    SLICE_X109Y75        FDCE                                         r  u_dut/frozen_r4c/operand_coeff_reg_reg[116][6]/C
                         clock pessimism             -0.455     1.764    
    SLICE_X109Y75        FDCE (Hold_HFF_SLICEM_C_D)
                                                      0.046     1.810    u_dut/frozen_r4c/operand_coeff_reg_reg[116][6]
  -------------------------------------------------------------------
                         required time                         -1.810    
                         arrival time                           1.848    
  -------------------------------------------------------------------
                         slack                                  0.038    

Slack (MET) :             0.038ns  (arrival time - required time)
  Source:                 u_dut/frozen_r4c/sched_coeff_reg_reg[102][0]/C
                            (rising edge-triggered cell FDCE clocked by clk  {rise@0.000ns fall@1.000ns period=2.000ns})
  Destination:            u_dut/frozen_r4c/operand_coeff_reg_reg[102][0]/D
                            (rising edge-triggered cell FDCE clocked by clk  {rise@0.000ns fall@1.000ns period=2.000ns})
  Path Group:             clk
  Path Type:              Hold (Min at Slow Process Corner)
  Requirement:            0.000ns  (clk rise@0.000ns - clk rise@0.000ns)
  Data Path Delay:        0.199ns  (logic 0.058ns (29.146%)  route 0.141ns (70.854%))
  Logic Levels:           0  
  Clock Path Skew:        0.101ns (DCD - SCD - CPR)
    Destination Clock Delay (DCD):    3.598ns
    Source Clock Delay      (SCD):    2.786ns
    Clock Pessimism Removal (CPR):    0.711ns
  Clock Net Delay (Source):      2.098ns (routing 1.083ns, distribution 1.015ns)
  Clock Net Delay (Destination): 2.364ns (routing 1.193ns, distribution 1.171ns)

    Location             Delay type                Incr(ns)  Path(ns)    Netlist Resource(s)
  -------------------------------------------------------------------    -------------------
                         (clock clk rise edge)        0.000     0.000 r  
    D14                                               0.000     0.000 r  clk (IN)
                         net (fo=0)                   0.000     0.000    u_boundary_ibuf/I
    D14                  INBUF (Prop_INBUF_HDIOB_M_PAD_O)
                                                      0.495     0.495 r  u_boundary_ibuf/INBUF_INST/O
                         net (fo=1, routed)           0.000     0.495    u_boundary_ibuf/OUT
    D14                  IBUFCTRL (Prop_IBUFCTRL_HDIOB_M_I_O)
                                                      0.000     0.495 r  u_boundary_ibuf/IBUFCTRL_INST/O
                         net (fo=1, routed)           0.169     0.664    clk_ibuf
    BUFGCE_HDIO_X0Y7     BUFGCE (Prop_BUFCE_BUFGCE_HDIO_I_O)
                                                      0.024     0.688 r  u_boundary_bufg/O
    X2Y1 (CLOCK_ROOT)    net (fo=28281, routed)       2.098     2.786    u_dut/frozen_r4c/clk
    SLICE_X105Y80        FDCE                                         r  u_dut/frozen_r4c/sched_coeff_reg_reg[102][0]/C
  -------------------------------------------------------------------    -------------------
    SLICE_X105Y80        FDCE (Prop_AFF_SLICEL_C_Q)
                                                      0.058     2.844 r  u_dut/frozen_r4c/sched_coeff_reg_reg[102][0]/Q
                         net (fo=1, routed)           0.141     2.985    u_dut/frozen_r4c/sched_coeff_reg_reg[102][0]
    SLICE_X106Y80        FDCE                                         r  u_dut/frozen_r4c/operand_coeff_reg_reg[102][0]/D
  -------------------------------------------------------------------    -------------------

                         (clock clk rise edge)        0.000     0.000 r  
    D14                                               0.000     0.000 r  clk (IN)
                         net (fo=0)                   0.000     0.000    u_boundary_ibuf/I
    D14                  INBUF (Prop_INBUF_HDIOB_M_PAD_O)
                                                      1.002     1.002 r  u_boundary_ibuf/INBUF_INST/O
                         net (fo=1, routed)           0.000     1.002    u_boundary_ibuf/OUT
    D14                  IBUFCTRL (Prop_IBUFCTRL_HDIOB_M_I_O)
                                                      0.000     1.002 r  u_boundary_ibuf/IBUFCTRL_INST/O
                         net (fo=1, routed)           0.204     1.206    clk_ibuf
    BUFGCE_HDIO_X0Y7     BUFGCE (Prop_BUFCE_BUFGCE_HDIO_I_O)
                                                      0.028     1.234 r  u_boundary_bufg/O
    X2Y1 (CLOCK_ROOT)    net (fo=28281, routed)       2.364     3.598    u_dut/frozen_r4c/clk
    SLICE_X106Y80        FDCE                                         r  u_dut/frozen_r4c/operand_coeff_reg_reg[102][0]/C
                         clock pessimism             -0.711     2.887    
    SLICE_X106Y80        FDCE (Hold_EFF_SLICEM_C_D)
                                                      0.060     2.947    u_dut/frozen_r4c/operand_coeff_reg_reg[102][0]
  -------------------------------------------------------------------
                         required time                         -2.947    
                         arrival time                           2.985    
  -------------------------------------------------------------------
                         slack                                  0.038    

Slack (MET) :             0.038ns  (arrival time - required time)
  Source:                 src_it_data_in_q_reg[15]/C
                            (rising edge-triggered cell FDRE clocked by clk  {rise@0.000ns fall@1.000ns period=2.000ns})
  Destination:            u_dut/input_wr_data_a1_q_reg[15]/D
                            (rising edge-triggered cell FDRE clocked by clk  {rise@0.000ns fall@1.000ns period=2.000ns})
  Path Group:             clk
  Path Type:              Hold (Min at Fast Process Corner)
  Requirement:            0.000ns  (clk rise@0.000ns - clk rise@0.000ns)
  Data Path Delay:        0.103ns  (logic 0.039ns (37.749%)  route 0.064ns (62.251%))
  Logic Levels:           0  
  Clock Path Skew:        0.019ns (DCD - SCD - CPR)
    Destination Clock Delay (DCD):    2.119ns
    Source Clock Delay      (SCD):    1.652ns
    Clock Pessimism Removal (CPR):    0.448ns
  Clock Net Delay (Source):      1.209ns (routing 0.651ns, distribution 0.558ns)
  Clock Net Delay (Destination): 1.363ns (routing 0.728ns, distribution 0.635ns)

    Location             Delay type                Incr(ns)  Path(ns)    Netlist Resource(s)
  -------------------------------------------------------------------    -------------------
                         (clock clk rise edge)        0.000     0.000 r  
    D14                                               0.000     0.000 r  clk (IN)
                         net (fo=0)                   0.000     0.000    u_boundary_ibuf/I
    D14                  INBUF (Prop_INBUF_HDIOB_M_PAD_O)
                                                      0.336     0.336 r  u_boundary_ibuf/INBUF_INST/O
                         net (fo=1, routed)           0.000     0.336    u_boundary_ibuf/OUT
    D14                  IBUFCTRL (Prop_IBUFCTRL_HDIOB_M_I_O)
                                                      0.000     0.336 r  u_boundary_ibuf/IBUFCTRL_INST/O
                         net (fo=1, routed)           0.091     0.427    clk_ibuf
    BUFGCE_HDIO_X0Y7     BUFGCE (Prop_BUFCE_BUFGCE_HDIO_I_O)
                                                      0.017     0.444 r  u_boundary_bufg/O
    X2Y1 (CLOCK_ROOT)    net (fo=28281, routed)       1.209     1.652    clk_g
    SLICE_X80Y110        FDRE                                         r  src_it_data_in_q_reg[15]/C
  -------------------------------------------------------------------    -------------------
    SLICE_X80Y110        FDRE (Prop_HFF_SLICEL_C_Q)
                                                      0.039     1.691 r  src_it_data_in_q_reg[15]/Q
                         net (fo=8, routed)           0.064     1.756    u_dut/it_data_in[15]
    SLICE_X80Y109        FDRE                                         r  u_dut/input_wr_data_a1_q_reg[15]/D
  -------------------------------------------------------------------    -------------------

                         (clock clk rise edge)        0.000     0.000 r  
    D14                                               0.000     0.000 r  clk (IN)
                         net (fo=0)                   0.000     0.000    u_boundary_ibuf/I
    D14                  INBUF (Prop_INBUF_HDIOB_M_PAD_O)
                                                      0.624     0.624 r  u_boundary_ibuf/INBUF_INST/O
                         net (fo=1, routed)           0.000     0.624    u_boundary_ibuf/OUT
    D14                  IBUFCTRL (Prop_IBUFCTRL_HDIOB_M_I_O)
                                                      0.000     0.624 r  u_boundary_ibuf/IBUFCTRL_INST/O
                         net (fo=1, routed)           0.113     0.737    clk_ibuf
    BUFGCE_HDIO_X0Y7     BUFGCE (Prop_BUFCE_BUFGCE_HDIO_I_O)
                                                      0.019     0.756 r  u_boundary_bufg/O
    X2Y1 (CLOCK_ROOT)    net (fo=28281, routed)       1.363     2.119    u_dut/clk
    SLICE_X80Y109        FDRE                                         r  u_dut/input_wr_data_a1_q_reg[15]/C
                         clock pessimism             -0.448     1.671    
    SLICE_X80Y109        FDRE (Hold_HFF_SLICEL_C_D)
                                                      0.046     1.717    u_dut/input_wr_data_a1_q_reg[15]
  -------------------------------------------------------------------
                         required time                         -1.717    
                         arrival time                           1.756    
  -------------------------------------------------------------------
                         slack                                  0.038    

Slack (MET) :             0.039ns  (arrival time - required time)
  Source:                 u_dut/frozen_r4c/sched_coeff_reg_reg[117][1]/C
                            (rising edge-triggered cell FDCE clocked by clk  {rise@0.000ns fall@1.000ns period=2.000ns})
  Destination:            u_dut/frozen_r4c/operand_coeff_reg_reg[117][1]/D
                            (rising edge-triggered cell FDCE clocked by clk  {rise@0.000ns fall@1.000ns period=2.000ns})
  Path Group:             clk
  Path Type:              Hold (Min at Fast Process Corner)
  Requirement:            0.000ns  (clk rise@0.000ns - clk rise@0.000ns)
  Data Path Delay:        0.102ns  (logic 0.038ns (37.255%)  route 0.064ns (62.745%))
  Logic Levels:           0  
  Clock Path Skew:        0.016ns (DCD - SCD - CPR)
    Destination Clock Delay (DCD):    2.218ns
    Source Clock Delay      (SCD):    1.747ns
    Clock Pessimism Removal (CPR):    0.455ns
  Clock Net Delay (Source):      1.303ns (routing 0.651ns, distribution 0.652ns)
  Clock Net Delay (Destination): 1.462ns (routing 0.728ns, distribution 0.734ns)

    Location             Delay type                Incr(ns)  Path(ns)    Netlist Resource(s)
  -------------------------------------------------------------------    -------------------
                         (clock clk rise edge)        0.000     0.000 r  
    D14                                               0.000     0.000 r  clk (IN)
                         net (fo=0)                   0.000     0.000    u_boundary_ibuf/I
    D14                  INBUF (Prop_INBUF_HDIOB_M_PAD_O)
                                                      0.336     0.336 r  u_boundary_ibuf/INBUF_INST/O
                         net (fo=1, routed)           0.000     0.336    u_boundary_ibuf/OUT
    D14                  IBUFCTRL (Prop_IBUFCTRL_HDIOB_M_I_O)
                                                      0.000     0.336 r  u_boundary_ibuf/IBUFCTRL_INST/O
                         net (fo=1, routed)           0.091     0.427    clk_ibuf
    BUFGCE_HDIO_X0Y7     BUFGCE (Prop_BUFCE_BUFGCE_HDIO_I_O)
                                                      0.017     0.444 r  u_boundary_bufg/O
    X2Y1 (CLOCK_ROOT)    net (fo=28281, routed)       1.303     1.747    u_dut/frozen_r4c/clk
    SLICE_X109Y78        FDCE                                         r  u_dut/frozen_r4c/sched_coeff_reg_reg[117][1]/C
  -------------------------------------------------------------------    -------------------
    SLICE_X109Y78        FDCE (Prop_CFF_SLICEM_C_Q)
                                                      0.038     1.785 r  u_dut/frozen_r4c/sched_coeff_reg_reg[117][1]/Q
                         net (fo=1, routed)           0.064     1.849    u_dut/frozen_r4c/sched_coeff_reg_reg[117][1]
    SLICE_X109Y77        FDCE                                         r  u_dut/frozen_r4c/operand_coeff_reg_reg[117][1]/D
  -------------------------------------------------------------------    -------------------

                         (clock clk rise edge)        0.000     0.000 r  
    D14                                               0.000     0.000 r  clk (IN)
                         net (fo=0)                   0.000     0.000    u_boundary_ibuf/I
    D14                  INBUF (Prop_INBUF_HDIOB_M_PAD_O)
                                                      0.624     0.624 r  u_boundary_ibuf/INBUF_INST/O
                         net (fo=1, routed)           0.000     0.624    u_boundary_ibuf/OUT
    D14                  IBUFCTRL (Prop_IBUFCTRL_HDIOB_M_I_O)
                                                      0.000     0.624 r  u_boundary_ibuf/IBUFCTRL_INST/O
                         net (fo=1, routed)           0.113     0.737    clk_ibuf
    BUFGCE_HDIO_X0Y7     BUFGCE (Prop_BUFCE_BUFGCE_HDIO_I_O)
                                                      0.019     0.756 r  u_boundary_bufg/O
    X2Y1 (CLOCK_ROOT)    net (fo=28281, routed)       1.462     2.218    u_dut/frozen_r4c/clk
    SLICE_X109Y77        FDCE                                         r  u_dut/frozen_r4c/operand_coeff_reg_reg[117][1]/C
                         clock pessimism             -0.455     1.763    
    SLICE_X109Y77        FDCE (Hold_EFF2_SLICEM_C_D)
                                                      0.047     1.810    u_dut/frozen_r4c/operand_coeff_reg_reg[117][1]
  -------------------------------------------------------------------
                         required time                         -1.810    
                         arrival time                           1.849    
  -------------------------------------------------------------------
                         slack                                  0.039    

Slack (MET) :             0.039ns  (arrival time - required time)
  Source:                 u_dut/frozen_r4c/red_s0_data_reg[46][1]/C
                            (rising edge-triggered cell FDCE clocked by clk  {rise@0.000ns fall@1.000ns period=2.000ns})
  Destination:            u_dut/frozen_r4c/red_s1_data_reg[23][2]/D
                            (rising edge-triggered cell FDCE clocked by clk  {rise@0.000ns fall@1.000ns period=2.000ns})
  Path Group:             clk
  Path Type:              Hold (Min at Slow Process Corner)
  Requirement:            0.000ns  (clk rise@0.000ns - clk rise@0.000ns)
  Data Path Delay:        0.236ns  (logic 0.106ns (44.947%)  route 0.130ns (55.053%))
  Logic Levels:           1  (CARRY8=1)
  Clock Path Skew:        0.137ns (DCD - SCD - CPR)
    Destination Clock Delay (DCD):    3.534ns
    Source Clock Delay      (SCD):    2.737ns
    Clock Pessimism Removal (CPR):    0.660ns
  Clock Net Delay (Source):      2.049ns (routing 1.083ns, distribution 0.966ns)
  Clock Net Delay (Destination): 2.300ns (routing 1.193ns, distribution 1.107ns)

    Location             Delay type                Incr(ns)  Path(ns)    Netlist Resource(s)
  -------------------------------------------------------------------    -------------------
                         (clock clk rise edge)        0.000     0.000 r  
    D14                                               0.000     0.000 r  clk (IN)
                         net (fo=0)                   0.000     0.000    u_boundary_ibuf/I
    D14                  INBUF (Prop_INBUF_HDIOB_M_PAD_O)
                                                      0.495     0.495 r  u_boundary_ibuf/INBUF_INST/O
                         net (fo=1, routed)           0.000     0.495    u_boundary_ibuf/OUT
    D14                  IBUFCTRL (Prop_IBUFCTRL_HDIOB_M_I_O)
                                                      0.000     0.495 r  u_boundary_ibuf/IBUFCTRL_INST/O
                         net (fo=1, routed)           0.169     0.664    clk_ibuf
    BUFGCE_HDIO_X0Y7     BUFGCE (Prop_BUFCE_BUFGCE_HDIO_I_O)
                                                      0.024     0.688 r  u_boundary_bufg/O
    X2Y1 (CLOCK_ROOT)    net (fo=28281, routed)       2.049     2.737    u_dut/frozen_r4c/clk
    SLICE_X94Y55         FDCE                                         r  u_dut/frozen_r4c/red_s0_data_reg[46][1]/C
  -------------------------------------------------------------------    -------------------
    SLICE_X94Y55         FDCE (Prop_BFF_SLICEL_C_Q)
                                                      0.059     2.796 r  u_dut/frozen_r4c/red_s0_data_reg[46][1]/Q
                         net (fo=2, routed)           0.120     2.915    u_dut/frozen_r4c/red_s0_data_reg[46][1]
    SLICE_X94Y61         CARRY8 (Prop_CARRY8_SLICEL_DI[1]_O[2])
                                                      0.047     2.962 r  u_dut/frozen_r4c/red_s1_data_reg[23][7]_i_1/O[2]
                         net (fo=1, routed)           0.010     2.972    u_dut/frozen_r4c/r3r_s1_sum_now[23]__0[2]
    SLICE_X94Y61         FDCE                                         r  u_dut/frozen_r4c/red_s1_data_reg[23][2]/D
  -------------------------------------------------------------------    -------------------

                         (clock clk rise edge)        0.000     0.000 r  
    D14                                               0.000     0.000 r  clk (IN)
                         net (fo=0)                   0.000     0.000    u_boundary_ibuf/I
    D14                  INBUF (Prop_INBUF_HDIOB_M_PAD_O)
                                                      1.002     1.002 r  u_boundary_ibuf/INBUF_INST/O
                         net (fo=1, routed)           0.000     1.002    u_boundary_ibuf/OUT
    D14                  IBUFCTRL (Prop_IBUFCTRL_HDIOB_M_I_O)
                                                      0.000     1.002 r  u_boundary_ibuf/IBUFCTRL_INST/O
                         net (fo=1, routed)           0.204     1.206    clk_ibuf
    BUFGCE_HDIO_X0Y7     BUFGCE (Prop_BUFCE_BUFGCE_HDIO_I_O)
                                                      0.028     1.234 r  u_boundary_bufg/O
    X2Y1 (CLOCK_ROOT)    net (fo=28281, routed)       2.300     3.534    u_dut/frozen_r4c/clk
    SLICE_X94Y61         FDCE                                         r  u_dut/frozen_r4c/red_s1_data_reg[23][2]/C
                         clock pessimism             -0.660     2.874    
    SLICE_X94Y61         FDCE (Hold_CFF_SLICEL_C_D)
                                                      0.060     2.934    u_dut/frozen_r4c/red_s1_data_reg[23][2]
  -------------------------------------------------------------------
                         required time                         -2.934    
                         arrival time                           2.972    
  -------------------------------------------------------------------
                         slack                                  0.039    

Slack (MET) :             0.039ns  (arrival time - required time)
  Source:                 u_dut/frozen_r4c/red_s0_data_reg[56][23]/C
                            (rising edge-triggered cell FDCE clocked by clk  {rise@0.000ns fall@1.000ns period=2.000ns})
  Destination:            u_dut/frozen_r4c/red_s1_data_reg[28][23]/D
                            (rising edge-triggered cell FDCE clocked by clk  {rise@0.000ns fall@1.000ns period=2.000ns})
  Path Group:             clk
  Path Type:              Hold (Min at Slow Process Corner)
  Requirement:            0.000ns  (clk rise@0.000ns - clk rise@0.000ns)
  Data Path Delay:        0.211ns  (logic 0.110ns (52.199%)  route 0.101ns (47.801%))
  Logic Levels:           2  (CARRY8=1 LUT2=1)
  Clock Path Skew:        0.112ns (DCD - SCD - CPR)
    Destination Clock Delay (DCD):    3.544ns
    Source Clock Delay      (SCD):    2.720ns
    Clock Pessimism Removal (CPR):    0.712ns
  Clock Net Delay (Source):      2.032ns (routing 1.083ns, distribution 0.949ns)
  Clock Net Delay (Destination): 2.310ns (routing 1.193ns, distribution 1.117ns)

    Location             Delay type                Incr(ns)  Path(ns)    Netlist Resource(s)
  -------------------------------------------------------------------    -------------------
                         (clock clk rise edge)        0.000     0.000 r  
    D14                                               0.000     0.000 r  clk (IN)
                         net (fo=0)                   0.000     0.000    u_boundary_ibuf/I
    D14                  INBUF (Prop_INBUF_HDIOB_M_PAD_O)
                                                      0.495     0.495 r  u_boundary_ibuf/INBUF_INST/O
                         net (fo=1, routed)           0.000     0.495    u_boundary_ibuf/OUT
    D14                  IBUFCTRL (Prop_IBUFCTRL_HDIOB_M_I_O)
                                                      0.000     0.495 r  u_boundary_ibuf/IBUFCTRL_INST/O
                         net (fo=1, routed)           0.169     0.664    clk_ibuf
    BUFGCE_HDIO_X0Y7     BUFGCE (Prop_BUFCE_BUFGCE_HDIO_I_O)
                                                      0.024     0.688 r  u_boundary_bufg/O
    X2Y1 (CLOCK_ROOT)    net (fo=28281, routed)       2.032     2.720    u_dut/frozen_r4c/clk
    SLICE_X92Y62         FDCE                                         r  u_dut/frozen_r4c/red_s0_data_reg[56][23]/C
  -------------------------------------------------------------------    -------------------
    SLICE_X92Y62         FDCE (Prop_HFF_SLICEM_C_Q)
                                                      0.058     2.778 r  u_dut/frozen_r4c/red_s0_data_reg[56][23]/Q
                         net (fo=2, routed)           0.076     2.853    u_dut/frozen_r4c/red_s0_data_reg[56][23]
    SLICE_X93Y62         LUT2 (Prop_H6LUT_SLICEM_I0_O)
                                                      0.023     2.876 r  u_dut/frozen_r4c/red_s1_data[28][23]_i_2/O
                         net (fo=1, routed)           0.015     2.891    u_dut/frozen_r4c/red_s1_data[28][23]_i_2_n_0
    SLICE_X93Y62         CARRY8 (Prop_CARRY8_SLICEM_S[7]_O[7])
                                                      0.029     2.920 r  u_dut/frozen_r4c/red_s1_data_reg[28][23]_i_1/O[7]
                         net (fo=1, routed)           0.010     2.930    u_dut/frozen_r4c/r3r_s1_sum_now[28][23]
    SLICE_X93Y62         FDCE                                         r  u_dut/frozen_r4c/red_s1_data_reg[28][23]/D
  -------------------------------------------------------------------    -------------------

                         (clock clk rise edge)        0.000     0.000 r  
    D14                                               0.000     0.000 r  clk (IN)
                         net (fo=0)                   0.000     0.000    u_boundary_ibuf/I
    D14                  INBUF (Prop_INBUF_HDIOB_M_PAD_O)
                                                      1.002     1.002 r  u_boundary_ibuf/INBUF_INST/O
                         net (fo=1, routed)           0.000     1.002    u_boundary_ibuf/OUT
    D14                  IBUFCTRL (Prop_IBUFCTRL_HDIOB_M_I_O)
                                                      0.000     1.002 r  u_boundary_ibuf/IBUFCTRL_INST/O
                         net (fo=1, routed)           0.204     1.206    clk_ibuf
    BUFGCE_HDIO_X0Y7     BUFGCE (Prop_BUFCE_BUFGCE_HDIO_I_O)
                                                      0.028     1.234 r  u_boundary_bufg/O
    X2Y1 (CLOCK_ROOT)    net (fo=28281, routed)       2.310     3.544    u_dut/frozen_r4c/clk
    SLICE_X93Y62         FDCE                                         r  u_dut/frozen_r4c/red_s1_data_reg[28][23]/C
                         clock pessimism             -0.712     2.832    
    SLICE_X93Y62         FDCE (Hold_HFF_SLICEM_C_D)
                                                      0.060     2.892    u_dut/frozen_r4c/red_s1_data_reg[28][23]
  -------------------------------------------------------------------
                         required time                         -2.892    
                         arrival time                           2.930    
  -------------------------------------------------------------------
                         slack                                  0.039    

Slack (MET) :             0.039ns  (arrival time - required time)
  Source:                 u_dut/frozen_r4c/signal_reg_reg[0][11]/C
                            (rising edge-triggered cell FDCE clocked by clk  {rise@0.000ns fall@1.000ns period=2.000ns})
  Destination:            u_dut/frozen_r4c/signal_reg_reg[32][14]/D
                            (rising edge-triggered cell FDCE clocked by clk  {rise@0.000ns fall@1.000ns period=2.000ns})
  Path Group:             clk
  Path Type:              Hold (Min at Slow Process Corner)
  Requirement:            0.000ns  (clk rise@0.000ns - clk rise@0.000ns)
  Data Path Delay:        0.304ns  (logic 0.150ns (49.362%)  route 0.154ns (50.638%))
  Logic Levels:           1  (CARRY8=1)
  Clock Path Skew:        0.205ns (DCD - SCD - CPR)
    Destination Clock Delay (DCD):    3.577ns
    Source Clock Delay      (SCD):    2.716ns
    Clock Pessimism Removal (CPR):    0.656ns
  Clock Net Delay (Source):      2.028ns (routing 1.083ns, distribution 0.945ns)
  Clock Net Delay (Destination): 2.343ns (routing 1.193ns, distribution 1.150ns)

    Location             Delay type                Incr(ns)  Path(ns)    Netlist Resource(s)
  -------------------------------------------------------------------    -------------------
                         (clock clk rise edge)        0.000     0.000 r  
    D14                                               0.000     0.000 r  clk (IN)
                         net (fo=0)                   0.000     0.000    u_boundary_ibuf/I
    D14                  INBUF (Prop_INBUF_HDIOB_M_PAD_O)
                                                      0.495     0.495 r  u_boundary_ibuf/INBUF_INST/O
                         net (fo=1, routed)           0.000     0.495    u_boundary_ibuf/OUT
    D14                  IBUFCTRL (Prop_IBUFCTRL_HDIOB_M_I_O)
                                                      0.000     0.495 r  u_boundary_ibuf/IBUFCTRL_INST/O
                         net (fo=1, routed)           0.169     0.664    clk_ibuf
    BUFGCE_HDIO_X0Y7     BUFGCE (Prop_BUFCE_BUFGCE_HDIO_I_O)
                                                      0.024     0.688 r  u_boundary_bufg/O
    X2Y1 (CLOCK_ROOT)    net (fo=28281, routed)       2.028     2.716    u_dut/frozen_r4c/clk
    SLICE_X91Y116        FDCE                                         r  u_dut/frozen_r4c/signal_reg_reg[0][11]/C
  -------------------------------------------------------------------    -------------------
    SLICE_X91Y116        FDCE (Prop_DFF_SLICEL_C_Q)
                                                      0.059     2.775 r  u_dut/frozen_r4c/signal_reg_reg[0][11]/Q
                         net (fo=4, routed)           0.144     2.919    u_dut/frozen_r4c/signal_reg_reg[0][11]
    SLICE_X91Y122        CARRY8 (Prop_CARRY8_SLICEL_DI[3]_O[6])
                                                      0.091     3.010 r  u_dut/frozen_r4c/signal_reg_reg[32][15]_i_1/O[6]
                         net (fo=1, routed)           0.010     3.020    u_dut/frozen_r4c/signal_reg_reg[32][15]_i_1_n_9
    SLICE_X91Y122        FDCE                                         r  u_dut/frozen_r4c/signal_reg_reg[32][14]/D
  -------------------------------------------------------------------    -------------------

                         (clock clk rise edge)        0.000     0.000 r  
    D14                                               0.000     0.000 r  clk (IN)
                         net (fo=0)                   0.000     0.000    u_boundary_ibuf/I
    D14                  INBUF (Prop_INBUF_HDIOB_M_PAD_O)
                                                      1.002     1.002 r  u_boundary_ibuf/INBUF_INST/O
                         net (fo=1, routed)           0.000     1.002    u_boundary_ibuf/OUT
    D14                  IBUFCTRL (Prop_IBUFCTRL_HDIOB_M_I_O)
                                                      0.000     1.002 r  u_boundary_ibuf/IBUFCTRL_INST/O
                         net (fo=1, routed)           0.204     1.206    clk_ibuf
    BUFGCE_HDIO_X0Y7     BUFGCE (Prop_BUFCE_BUFGCE_HDIO_I_O)
                                                      0.028     1.234 r  u_boundary_bufg/O
    X2Y1 (CLOCK_ROOT)    net (fo=28281, routed)       2.343     3.577    u_dut/frozen_r4c/clk
    SLICE_X91Y122        FDCE                                         r  u_dut/frozen_r4c/signal_reg_reg[32][14]/C
                         clock pessimism             -0.656     2.921    
    SLICE_X91Y122        FDCE (Hold_GFF_SLICEL_C_D)
                                                      0.060     2.981    u_dut/frozen_r4c/signal_reg_reg[32][14]
  -------------------------------------------------------------------
                         required time                         -2.981    
                         arrival time                           3.020    
  -------------------------------------------------------------------
                         slack                                  0.039    

Slack (MET) :             0.039ns  (arrival time - required time)
  Source:                 u_dut/frozen_r4c/sched_coeff_reg_reg[77][6]/C
                            (rising edge-triggered cell FDCE clocked by clk  {rise@0.000ns fall@1.000ns period=2.000ns})
  Destination:            u_dut/frozen_r4c/operand_coeff_reg_reg[77][6]/D
                            (rising edge-triggered cell FDCE clocked by clk  {rise@0.000ns fall@1.000ns period=2.000ns})
  Path Group:             clk
  Path Type:              Hold (Min at Fast Process Corner)
  Requirement:            0.000ns  (clk rise@0.000ns - clk rise@0.000ns)
  Data Path Delay:        0.108ns  (logic 0.041ns (37.963%)  route 0.067ns (62.037%))
  Logic Levels:           0  
  Clock Path Skew:        0.022ns (DCD - SCD - CPR)
    Destination Clock Delay (DCD):    2.216ns
    Source Clock Delay      (SCD):    1.739ns
    Clock Pessimism Removal (CPR):    0.455ns
  Clock Net Delay (Source):      1.296ns (routing 0.651ns, distribution 0.645ns)
  Clock Net Delay (Destination): 1.460ns (routing 0.728ns, distribution 0.732ns)

    Location             Delay type                Incr(ns)  Path(ns)    Netlist Resource(s)
  -------------------------------------------------------------------    -------------------
                         (clock clk rise edge)        0.000     0.000 r  
    D14                                               0.000     0.000 r  clk (IN)
                         net (fo=0)                   0.000     0.000    u_boundary_ibuf/I
    D14                  INBUF (Prop_INBUF_HDIOB_M_PAD_O)
                                                      0.336     0.336 r  u_boundary_ibuf/INBUF_INST/O
                         net (fo=1, routed)           0.000     0.336    u_boundary_ibuf/OUT
    D14                  IBUFCTRL (Prop_IBUFCTRL_HDIOB_M_I_O)
                                                      0.000     0.336 r  u_boundary_ibuf/IBUFCTRL_INST/O
                         net (fo=1, routed)           0.091     0.427    clk_ibuf
    BUFGCE_HDIO_X0Y7     BUFGCE (Prop_BUFCE_BUFGCE_HDIO_I_O)
                                                      0.017     0.444 r  u_boundary_bufg/O
    X2Y1 (CLOCK_ROOT)    net (fo=28281, routed)       1.296     1.739    u_dut/frozen_r4c/clk
    SLICE_X106Y107       FDCE                                         r  u_dut/frozen_r4c/sched_coeff_reg_reg[77][6]/C
  -------------------------------------------------------------------    -------------------
    SLICE_X106Y107       FDCE (Prop_DFF2_SLICEM_C_Q)
                                                      0.041     1.780 r  u_dut/frozen_r4c/sched_coeff_reg_reg[77][6]/Q
                         net (fo=1, routed)           0.067     1.847    u_dut/frozen_r4c/sched_coeff_reg_reg[77][6]
    SLICE_X106Y106       FDCE                                         r  u_dut/frozen_r4c/operand_coeff_reg_reg[77][6]/D
  -------------------------------------------------------------------    -------------------

                         (clock clk rise edge)        0.000     0.000 r  
    D14                                               0.000     0.000 r  clk (IN)
                         net (fo=0)                   0.000     0.000    u_boundary_ibuf/I
    D14                  INBUF (Prop_INBUF_HDIOB_M_PAD_O)
                                                      0.624     0.624 r  u_boundary_ibuf/INBUF_INST/O
                         net (fo=1, routed)           0.000     0.624    u_boundary_ibuf/OUT
    D14                  IBUFCTRL (Prop_IBUFCTRL_HDIOB_M_I_O)
                                                      0.000     0.624 r  u_boundary_ibuf/IBUFCTRL_INST/O
                         net (fo=1, routed)           0.113     0.737    clk_ibuf
    BUFGCE_HDIO_X0Y7     BUFGCE (Prop_BUFCE_BUFGCE_HDIO_I_O)
                                                      0.019     0.756 r  u_boundary_bufg/O
    X2Y1 (CLOCK_ROOT)    net (fo=28281, routed)       1.460     2.216    u_dut/frozen_r4c/clk
    SLICE_X106Y106       FDCE                                         r  u_dut/frozen_r4c/operand_coeff_reg_reg[77][6]/C
                         clock pessimism             -0.455     1.762    
    SLICE_X106Y106       FDCE (Hold_FFF2_SLICEM_C_D)
                                                      0.047     1.809    u_dut/frozen_r4c/operand_coeff_reg_reg[77][6]
  -------------------------------------------------------------------
                         required time                         -1.809    
                         arrival time                           1.847    
  -------------------------------------------------------------------
                         slack                                  0.039    

Slack (MET) :             0.039ns  (arrival time - required time)
  Source:                 u_dut/frozen_r4c/r4a_vector_buf_b_reg[0][53][9]/C
                            (rising edge-triggered cell FDCE clocked by clk  {rise@0.000ns fall@1.000ns period=2.000ns})
  Destination:            u_dut/frozen_r4c/operand_x_reg_reg[26][9]/D
                            (rising edge-triggered cell FDCE clocked by clk  {rise@0.000ns fall@1.000ns period=2.000ns})
  Path Group:             clk
  Path Type:              Hold (Min at Slow Process Corner)
  Requirement:            0.000ns  (clk rise@0.000ns - clk rise@0.000ns)
  Data Path Delay:        0.162ns  (logic 0.083ns (51.194%)  route 0.079ns (48.806%))
  Logic Levels:           1  (LUT6=1)
  Clock Path Skew:        0.063ns (DCD - SCD - CPR)
    Destination Clock Delay (DCD):    3.561ns
    Source Clock Delay      (SCD):    2.736ns
    Clock Pessimism Removal (CPR):    0.762ns
  Clock Net Delay (Source):      2.048ns (routing 1.083ns, distribution 0.965ns)
  Clock Net Delay (Destination): 2.327ns (routing 1.193ns, distribution 1.134ns)

    Location             Delay type                Incr(ns)  Path(ns)    Netlist Resource(s)
  -------------------------------------------------------------------    -------------------
                         (clock clk rise edge)        0.000     0.000 r  
    D14                                               0.000     0.000 r  clk (IN)
                         net (fo=0)                   0.000     0.000    u_boundary_ibuf/I
    D14                  INBUF (Prop_INBUF_HDIOB_M_PAD_O)
                                                      0.495     0.495 r  u_boundary_ibuf/INBUF_INST/O
                         net (fo=1, routed)           0.000     0.495    u_boundary_ibuf/OUT
    D14                  IBUFCTRL (Prop_IBUFCTRL_HDIOB_M_I_O)
                                                      0.000     0.495 r  u_boundary_ibuf/IBUFCTRL_INST/O
                         net (fo=1, routed)           0.169     0.664    clk_ibuf
    BUFGCE_HDIO_X0Y7     BUFGCE (Prop_BUFCE_BUFGCE_HDIO_I_O)
                                                      0.024     0.688 r  u_boundary_bufg/O
    X2Y1 (CLOCK_ROOT)    net (fo=28281, routed)       2.048     2.736    u_dut/frozen_r4c/clk
    SLICE_X97Y65         FDCE                                         r  u_dut/frozen_r4c/r4a_vector_buf_b_reg[0][53][9]/C
  -------------------------------------------------------------------    -------------------
    SLICE_X97Y65         FDCE (Prop_DFF2_SLICEL_C_Q)
                                                      0.061     2.797 r  u_dut/frozen_r4c/r4a_vector_buf_b_reg[0][53][9]/Q
                         net (fo=2, routed)           0.057     2.854    u_dut/frozen_r4c/r4a_vector_buf_b_reg[0][53][9]
    SLICE_X97Y63         LUT6 (Prop_G6LUT_SLICEL_I4_O)
                                                      0.022     2.876 r  u_dut/frozen_r4c/operand_x_reg[26][9]_i_1/O
                         net (fo=1, routed)           0.022     2.898    u_dut/frozen_r4c/operand_x_reg[26][9]_i_1_n_0
    SLICE_X97Y63         FDCE                                         r  u_dut/frozen_r4c/operand_x_reg_reg[26][9]/D
  -------------------------------------------------------------------    -------------------

                         (clock clk rise edge)        0.000     0.000 r  
    D14                                               0.000     0.000 r  clk (IN)
                         net (fo=0)                   0.000     0.000    u_boundary_ibuf/I
    D14                  INBUF (Prop_INBUF_HDIOB_M_PAD_O)
                                                      1.002     1.002 r  u_boundary_ibuf/INBUF_INST/O
                         net (fo=1, routed)           0.000     1.002    u_boundary_ibuf/OUT
    D14                  IBUFCTRL (Prop_IBUFCTRL_HDIOB_M_I_O)
                                                      0.000     1.002 r  u_boundary_ibuf/IBUFCTRL_INST/O
                         net (fo=1, routed)           0.204     1.206    clk_ibuf
    BUFGCE_HDIO_X0Y7     BUFGCE (Prop_BUFCE_BUFGCE_HDIO_I_O)
                                                      0.028     1.234 r  u_boundary_bufg/O
    X2Y1 (CLOCK_ROOT)    net (fo=28281, routed)       2.327     3.561    u_dut/frozen_r4c/clk
    SLICE_X97Y63         FDCE                                         r  u_dut/frozen_r4c/operand_x_reg_reg[26][9]/C
                         clock pessimism             -0.762     2.799    
    SLICE_X97Y63         FDCE (Hold_GFF_SLICEL_C_D)
                                                      0.060     2.859    u_dut/frozen_r4c/operand_x_reg_reg[26][9]
  -------------------------------------------------------------------
                         required time                         -2.859    
                         arrival time                           2.898    
  -------------------------------------------------------------------
                         slack                                  0.039    

Slack (MET) :             0.039ns  (arrival time - required time)
  Source:                 u_dut/frozen_r4c/red_s0_data_reg[46][9]/C
                            (rising edge-triggered cell FDCE clocked by clk  {rise@0.000ns fall@1.000ns period=2.000ns})
  Destination:            u_dut/frozen_r4c/red_s1_data_reg[23][10]/D
                            (rising edge-triggered cell FDCE clocked by clk  {rise@0.000ns fall@1.000ns period=2.000ns})
  Path Group:             clk
  Path Type:              Hold (Min at Slow Process Corner)
  Requirement:            0.000ns  (clk rise@0.000ns - clk rise@0.000ns)
  Data Path Delay:        0.236ns  (logic 0.106ns (44.919%)  route 0.130ns (55.081%))
  Logic Levels:           1  (CARRY8=1)
  Clock Path Skew:        0.137ns (DCD - SCD - CPR)
    Destination Clock Delay (DCD):    3.534ns
    Source Clock Delay      (SCD):    2.737ns
    Clock Pessimism Removal (CPR):    0.660ns
  Clock Net Delay (Source):      2.049ns (routing 1.083ns, distribution 0.966ns)
  Clock Net Delay (Destination): 2.300ns (routing 1.193ns, distribution 1.107ns)

    Location             Delay type                Incr(ns)  Path(ns)    Netlist Resource(s)
  -------------------------------------------------------------------    -------------------
                         (clock clk rise edge)        0.000     0.000 r  
    D14                                               0.000     0.000 r  clk (IN)
                         net (fo=0)                   0.000     0.000    u_boundary_ibuf/I
    D14                  INBUF (Prop_INBUF_HDIOB_M_PAD_O)
                                                      0.495     0.495 r  u_boundary_ibuf/INBUF_INST/O
                         net (fo=1, routed)           0.000     0.495    u_boundary_ibuf/OUT
    D14                  IBUFCTRL (Prop_IBUFCTRL_HDIOB_M_I_O)
                                                      0.000     0.495 r  u_boundary_ibuf/IBUFCTRL_INST/O
                         net (fo=1, routed)           0.169     0.664    clk_ibuf
    BUFGCE_HDIO_X0Y7     BUFGCE (Prop_BUFCE_BUFGCE_HDIO_I_O)
                                                      0.024     0.688 r  u_boundary_bufg/O
    X2Y1 (CLOCK_ROOT)    net (fo=28281, routed)       2.049     2.737    u_dut/frozen_r4c/clk
    SLICE_X94Y56         FDCE                                         r  u_dut/frozen_r4c/red_s0_data_reg[46][9]/C
  -------------------------------------------------------------------    -------------------
    SLICE_X94Y56         FDCE (Prop_BFF_SLICEL_C_Q)
                                                      0.059     2.796 r  u_dut/frozen_r4c/red_s0_data_reg[46][9]/Q
                         net (fo=2, routed)           0.120     2.916    u_dut/frozen_r4c/red_s0_data_reg[46][9]
    SLICE_X94Y62         CARRY8 (Prop_CARRY8_SLICEL_DI[1]_O[2])
                                                      0.047     2.963 r  u_dut/frozen_r4c/red_s1_data_reg[23][15]_i_1/O[2]
                         net (fo=1, routed)           0.010     2.973    u_dut/frozen_r4c/r3r_s1_sum_now[23]__0[10]
    SLICE_X94Y62         FDCE                                         r  u_dut/frozen_r4c/red_s1_data_reg[23][10]/D
  -------------------------------------------------------------------    -------------------

                         (clock clk rise edge)        0.000     0.000 r  
    D14                                               0.000     0.000 r  clk (IN)
                         net (fo=0)                   0.000     0.000    u_boundary_ibuf/I
    D14                  INBUF (Prop_INBUF_HDIOB_M_PAD_O)
                                                      1.002     1.002 r  u_boundary_ibuf/INBUF_INST/O
                         net (fo=1, routed)           0.000     1.002    u_boundary_ibuf/OUT
    D14                  IBUFCTRL (Prop_IBUFCTRL_HDIOB_M_I_O)
                                                      0.000     1.002 r  u_boundary_ibuf/IBUFCTRL_INST/O
                         net (fo=1, routed)           0.204     1.206    clk_ibuf
    BUFGCE_HDIO_X0Y7     BUFGCE (Prop_BUFCE_BUFGCE_HDIO_I_O)
                                                      0.028     1.234 r  u_boundary_bufg/O
    X2Y1 (CLOCK_ROOT)    net (fo=28281, routed)       2.300     3.534    u_dut/frozen_r4c/clk
    SLICE_X94Y62         FDCE                                         r  u_dut/frozen_r4c/red_s1_data_reg[23][10]/C
                         clock pessimism             -0.660     2.874    
    SLICE_X94Y62         FDCE (Hold_CFF_SLICEL_C_D)
                                                      0.060     2.934    u_dut/frozen_r4c/red_s1_data_reg[23][10]
  -------------------------------------------------------------------
                         required time                         -2.934    
                         arrival time                           2.973    
  -------------------------------------------------------------------
                         slack                                  0.039    

Slack (MET) :             0.039ns  (arrival time - required time)
  Source:                 u_dut/frozen_r4c/red_s0_data_reg[46][17]/C
                            (rising edge-triggered cell FDCE clocked by clk  {rise@0.000ns fall@1.000ns period=2.000ns})
  Destination:            u_dut/frozen_r4c/red_s1_data_reg[23][18]/D
                            (rising edge-triggered cell FDCE clocked by clk  {rise@0.000ns fall@1.000ns period=2.000ns})
  Path Group:             clk
  Path Type:              Hold (Min at Slow Process Corner)
  Requirement:            0.000ns  (clk rise@0.000ns - clk rise@0.000ns)
  Data Path Delay:        0.236ns  (logic 0.106ns (44.919%)  route 0.130ns (55.081%))
  Logic Levels:           1  (CARRY8=1)
  Clock Path Skew:        0.137ns (DCD - SCD - CPR)
    Destination Clock Delay (DCD):    3.534ns
    Source Clock Delay      (SCD):    2.737ns
    Clock Pessimism Removal (CPR):    0.660ns
  Clock Net Delay (Source):      2.049ns (routing 1.083ns, distribution 0.966ns)
  Clock Net Delay (Destination): 2.300ns (routing 1.193ns, distribution 1.107ns)

    Location             Delay type                Incr(ns)  Path(ns)    Netlist Resource(s)
  -------------------------------------------------------------------    -------------------
                         (clock clk rise edge)        0.000     0.000 r  
    D14                                               0.000     0.000 r  clk (IN)
                         net (fo=0)                   0.000     0.000    u_boundary_ibuf/I
    D14                  INBUF (Prop_INBUF_HDIOB_M_PAD_O)
                                                      0.495     0.495 r  u_boundary_ibuf/INBUF_INST/O
                         net (fo=1, routed)           0.000     0.495    u_boundary_ibuf/OUT
    D14                  IBUFCTRL (Prop_IBUFCTRL_HDIOB_M_I_O)
                                                      0.000     0.495 r  u_boundary_ibuf/IBUFCTRL_INST/O
                         net (fo=1, routed)           0.169     0.664    clk_ibuf
    BUFGCE_HDIO_X0Y7     BUFGCE (Prop_BUFCE_BUFGCE_HDIO_I_O)
                                                      0.024     0.688 r  u_boundary_bufg/O
    X2Y1 (CLOCK_ROOT)    net (fo=28281, routed)       2.049     2.737    u_dut/frozen_r4c/clk
    SLICE_X94Y57         FDCE                                         r  u_dut/frozen_r4c/red_s0_data_reg[46][17]/C
  -------------------------------------------------------------------    -------------------
    SLICE_X94Y57         FDCE (Prop_BFF_SLICEL_C_Q)
                                                      0.059     2.796 r  u_dut/frozen_r4c/red_s0_data_reg[46][17]/Q
                         net (fo=2, routed)           0.120     2.916    u_dut/frozen_r4c/red_s0_data_reg[46][17]
    SLICE_X94Y63         CARRY8 (Prop_CARRY8_SLICEL_DI[1]_O[2])
                                                      0.047     2.963 r  u_dut/frozen_r4c/red_s1_data_reg[23][23]_i_1/O[2]
                         net (fo=1, routed)           0.010     2.973    u_dut/frozen_r4c/r3r_s1_sum_now[23]__0[18]
    SLICE_X94Y63         FDCE                                         r  u_dut/frozen_r4c/red_s1_data_reg[23][18]/D
  -------------------------------------------------------------------    -------------------

                         (clock clk rise edge)        0.000     0.000 r  
    D14                                               0.000     0.000 r  clk (IN)
                         net (fo=0)                   0.000     0.000    u_boundary_ibuf/I
    D14                  INBUF (Prop_INBUF_HDIOB_M_PAD_O)
                                                      1.002     1.002 r  u_boundary_ibuf/INBUF_INST/O
                         net (fo=1, routed)           0.000     1.002    u_boundary_ibuf/OUT
    D14                  IBUFCTRL (Prop_IBUFCTRL_HDIOB_M_I_O)
                                                      0.000     1.002 r  u_boundary_ibuf/IBUFCTRL_INST/O
                         net (fo=1, routed)           0.204     1.206    clk_ibuf
    BUFGCE_HDIO_X0Y7     BUFGCE (Prop_BUFCE_BUFGCE_HDIO_I_O)
                                                      0.028     1.234 r  u_boundary_bufg/O
    X2Y1 (CLOCK_ROOT)    net (fo=28281, routed)       2.300     3.534    u_dut/frozen_r4c/clk
    SLICE_X94Y63         FDCE                                         r  u_dut/frozen_r4c/red_s1_data_reg[23][18]/C
                         clock pessimism             -0.660     2.874    
    SLICE_X94Y63         FDCE (Hold_CFF_SLICEL_C_D)
                                                      0.060     2.934    u_dut/frozen_r4c/red_s1_data_reg[23][18]
  -------------------------------------------------------------------
                         required time                         -2.934    
                         arrival time                           2.973    
  -------------------------------------------------------------------
                         slack                                  0.039    

Slack (MET) :             0.039ns  (arrival time - required time)
  Source:                 u_dut/frozen_r4c/red_s1_data_reg[21][15]/C
                            (rising edge-triggered cell FDCE clocked by clk  {rise@0.000ns fall@1.000ns period=2.000ns})
  Destination:            u_dut/frozen_r4c/red_s2_data_reg[10][15]/D
                            (rising edge-triggered cell FDCE clocked by clk  {rise@0.000ns fall@1.000ns period=2.000ns})
  Path Group:             clk
  Path Type:              Hold (Min at Slow Process Corner)
  Requirement:            0.000ns  (clk rise@0.000ns - clk rise@0.000ns)
  Data Path Delay:        0.205ns  (logic 0.121ns (59.024%)  route 0.084ns (40.976%))
  Logic Levels:           2  (CARRY8=1 LUT2=1)
  Clock Path Skew:        0.106ns (DCD - SCD - CPR)
    Destination Clock Delay (DCD):    3.452ns
    Source Clock Delay      (SCD):    2.640ns
    Clock Pessimism Removal (CPR):    0.705ns
  Clock Net Delay (Source):      1.953ns (routing 1.083ns, distribution 0.870ns)
  Clock Net Delay (Destination): 2.218ns (routing 1.193ns, distribution 1.025ns)

    Location             Delay type                Incr(ns)  Path(ns)    Netlist Resource(s)
  -------------------------------------------------------------------    -------------------
                         (clock clk rise edge)        0.000     0.000 r  
    D14                                               0.000     0.000 r  clk (IN)
                         net (fo=0)                   0.000     0.000    u_boundary_ibuf/I
    D14                  INBUF (Prop_INBUF_HDIOB_M_PAD_O)
                                                      0.495     0.495 r  u_boundary_ibuf/INBUF_INST/O
                         net (fo=1, routed)           0.000     0.495    u_boundary_ibuf/OUT
    D14                  IBUFCTRL (Prop_IBUFCTRL_HDIOB_M_I_O)
                                                      0.000     0.495 r  u_boundary_ibuf/IBUFCTRL_INST/O
                         net (fo=1, routed)           0.169     0.664    clk_ibuf
    BUFGCE_HDIO_X0Y7     BUFGCE (Prop_BUFCE_BUFGCE_HDIO_I_O)
                                                      0.024     0.688 r  u_boundary_bufg/O
    X2Y1 (CLOCK_ROOT)    net (fo=28281, routed)       1.953     2.640    u_dut/frozen_r4c/clk
    SLICE_X87Y100        FDCE                                         r  u_dut/frozen_r4c/red_s1_data_reg[21][15]/C
  -------------------------------------------------------------------    -------------------
    SLICE_X87Y100        FDCE (Prop_HFF_SLICEL_C_Q)
                                                      0.058     2.698 r  u_dut/frozen_r4c/red_s1_data_reg[21][15]/Q
                         net (fo=1, routed)           0.064     2.762    u_dut/frozen_r4c/red_s1_data_reg[21][15]
    SLICE_X85Y100        LUT2 (Prop_H6LUT_SLICEL_I1_O)
                                                      0.036     2.798 r  u_dut/frozen_r4c/red_s2_data[10][15]_i_2/O
                         net (fo=1, routed)           0.010     2.808    u_dut/frozen_r4c/red_s2_data[10][15]_i_2_n_0
    SLICE_X85Y100        CARRY8 (Prop_CARRY8_SLICEL_S[7]_O[7])
                                                      0.027     2.835 r  u_dut/frozen_r4c/red_s2_data_reg[10][15]_i_1/O[7]
                         net (fo=1, routed)           0.010     2.845    u_dut/frozen_r4c/r3r_s2_sum_now[10]__0[15]
    SLICE_X85Y100        FDCE                                         r  u_dut/frozen_r4c/red_s2_data_reg[10][15]/D
  -------------------------------------------------------------------    -------------------

                         (clock clk rise edge)        0.000     0.000 r  
    D14                                               0.000     0.000 r  clk (IN)
                         net (fo=0)                   0.000     0.000    u_boundary_ibuf/I
    D14                  INBUF (Prop_INBUF_HDIOB_M_PAD_O)
                                                      1.002     1.002 r  u_boundary_ibuf/INBUF_INST/O
                         net (fo=1, routed)           0.000     1.002    u_boundary_ibuf/OUT
    D14                  IBUFCTRL (Prop_IBUFCTRL_HDIOB_M_I_O)
                                                      0.000     1.002 r  u_boundary_ibuf/IBUFCTRL_INST/O
                         net (fo=1, routed)           0.204     1.206    clk_ibuf
    BUFGCE_HDIO_X0Y7     BUFGCE (Prop_BUFCE_BUFGCE_HDIO_I_O)
                                                      0.028     1.234 r  u_boundary_bufg/O
    X2Y1 (CLOCK_ROOT)    net (fo=28281, routed)       2.218     3.452    u_dut/frozen_r4c/clk
    SLICE_X85Y100        FDCE                                         r  u_dut/frozen_r4c/red_s2_data_reg[10][15]/C
                         clock pessimism             -0.705     2.746    
    SLICE_X85Y100        FDCE (Hold_HFF_SLICEL_C_D)
                                                      0.060     2.806    u_dut/frozen_r4c/red_s2_data_reg[10][15]
  -------------------------------------------------------------------
                         required time                         -2.806    
                         arrival time                           2.845    
  -------------------------------------------------------------------
                         slack                                  0.039    




