index,slack,delay,logic_levels,startpoint,endpoint
1,-0.462,2.445,7,operand_coeff_reg_reg[31][2]/C,lane_product_reg_reg[86][7]/D
2,-0.461,2.444,7,operand_coeff_reg_reg[31][2]/C,lane_product_reg_reg[86][11]/D
3,-0.458,2.441,7,operand_coeff_reg_reg[31][2]/C,lane_product_reg_reg[86][15]/D
4,-0.453,2.435,7,operand_x_reg_reg[28][8]/C,lane_product_reg_reg[60][14]/D
5,-0.445,2.426,7,operand_coeff_reg_reg[72][0]/C,lane_product_reg_reg[72][37]/D
6,-0.442,2.422,7,operand_coeff_reg_reg[72][0]/C,lane_product_reg_reg[72][16]/D
7,-0.439,2.420,7,operand_coeff_reg_reg[75][3]/C,lane_product_reg_reg[75][15]/D
8,-0.434,2.417,7,operand_coeff_reg_reg[31][2]/C,lane_product_reg_reg[86][36]/D
9,-0.434,2.414,7,operand_coeff_reg_reg[87][3]/C,lane_product_reg_reg[87][19]/D
10,-0.433,2.414,7,operand_x_reg_reg[53][2]/C,lane_product_reg_reg[53][14]/D
11,-0.430,2.413,7,operand_coeff_reg_reg[31][2]/C,lane_product_reg_reg[86][3]/D
12,-0.428,2.409,7,operand_coeff_reg_reg[65][7]/C,lane_product_reg_reg[65][13]/D
13,-0.428,2.410,7,operand_coeff_reg_reg[56][3]/C,lane_product_reg_reg[71][18]/D
14,-0.427,2.408,7,operand_coeff_reg_reg[126][7]/C,lane_product_reg_reg[126][22]/D
15,-0.426,2.405,7,operand_x_reg_reg[47][2]/C,lane_product_reg_reg[47][20]/D
16,-0.424,2.407,7,operand_coeff_reg_reg[79][3]/C,lane_product_reg_reg[118][10]/D
17,-0.423,2.405,7,operand_x_reg_reg[28][8]/C,lane_product_reg_reg[60][10]/D
18,-0.421,2.402,7,operand_coeff_reg_reg[72][0]/C,lane_product_reg_reg[72][1]/D
19,-0.420,2.401,7,operand_x_reg_reg[38][2]/C,lane_product_reg_reg[38][14]/D
20,-0.420,2.402,7,operand_x_reg_reg[28][8]/C,lane_product_reg_reg[60][12]/D
21,-0.420,2.401,7,operand_coeff_reg_reg[115][4]/C,lane_product_reg_reg[115][6]/D
22,-0.420,2.401,7,operand_coeff_reg_reg[33][0]/C,lane_product_reg_reg[33][17]/D
23,-0.420,2.402,7,operand_x_reg_reg[92][15]/C,lane_product_reg_reg[92][35]/D
24,-0.419,2.402,7,operand_coeff_reg_reg[31][2]/C,lane_product_reg_reg[86][14]/D
25,-0.419,2.400,7,operand_x_reg_reg[44][7]/C,lane_product_reg_reg[76][11]/D
26,-0.418,2.398,7,operand_x_reg_reg[7][14]/C,lane_product_reg_reg[7][21]/D
27,-0.417,2.398,7,operand_coeff_reg_reg[112][6]/C,lane_product_reg_reg[112][10]/D
28,-0.417,2.398,7,operand_coeff_reg_reg[83][3]/C,lane_product_reg_reg[83][6]/D
29,-0.416,2.399,7,operand_x_reg_reg[92][15]/C,lane_product_reg_reg[124][35]/D
30,-0.416,2.399,7,operand_coeff_reg_reg[31][2]/C,lane_product_reg_reg[86][20]/D
31,-0.416,2.397,7,operand_coeff_reg_reg[72][0]/C,lane_product_reg_reg[72][14]/D
32,-0.416,2.395,7,operand_coeff_reg_reg[107][7]/C,lane_product_reg_reg[107][10]/D
33,-0.415,2.398,7,operand_coeff_reg_reg[19][5]/C,lane_product_reg_reg[19][21]/D
34,-0.415,2.395,7,operand_coeff_reg_reg[18][1]/C,lane_product_reg_reg[18][17]/D
35,-0.413,2.393,7,operand_coeff_reg_reg[18][1]/C,lane_product_reg_reg[18][18]/D
36,-0.413,2.396,7,operand_coeff_reg_reg[19][5]/C,lane_product_reg_reg[19][13]/D
37,-0.412,2.394,7,operand_x_reg_reg[92][7]/C,lane_product_reg_reg[124][11]/D
38,-0.411,2.392,7,operand_x_reg_reg[32][0]/C,lane_product_reg_reg[64][15]/D
39,-0.410,2.391,7,operand_coeff_reg_reg[72][0]/C,lane_product_reg_reg[72][21]/D
40,-0.410,2.391,7,operand_coeff_reg_reg[72][0]/C,lane_product_reg_reg[72][3]/D
41,-0.410,2.391,7,operand_coeff_reg_reg[76][2]/C,lane_product_reg_reg[109][22]/D
42,-0.409,2.391,7,operand_x_reg_reg[28][8]/C,lane_product_reg_reg[60][15]/D
43,-0.409,2.390,7,operand_coeff_reg_reg[72][0]/C,lane_product_reg_reg[72][22]/D
44,-0.409,2.390,7,operand_x_reg_reg[91][15]/C,lane_product_reg_reg[91][22]/D
45,-0.408,2.391,7,operand_x_reg_reg[28][5]/C,lane_product_reg_reg[28][16]/D
46,-0.408,2.391,7,operand_coeff_reg_reg[80][5]/C,lane_product_reg_reg[80][36]/D
47,-0.408,2.390,7,operand_x_reg_reg[116][9]/C,lane_product_reg_reg[116][15]/D
48,-0.407,2.390,7,operand_coeff_reg_reg[80][5]/C,lane_product_reg_reg[80][12]/D
49,-0.407,2.387,7,operand_coeff_reg_reg[18][1]/C,lane_product_reg_reg[18][14]/D
50,-0.407,2.388,7,operand_coeff_reg_reg[6][3]/C,lane_product_reg_reg[6][20]/D
51,-0.407,2.389,7,operand_x_reg_reg[94][15]/C,lane_product_reg_reg[94][35]/D
52,-0.406,2.386,7,operand_x_reg_reg[38][2]/C,lane_product_reg_reg[38][3]/D
53,-0.406,2.387,7,operand_coeff_reg_reg[97][2]/C,lane_product_reg_reg[97][13]/D
54,-0.405,2.386,7,operand_coeff_reg_reg[75][3]/C,lane_product_reg_reg[108][4]/D
55,-0.405,2.387,7,operand_x_reg_reg[28][8]/C,lane_product_reg_reg[60][8]/D
56,-0.405,2.388,7,operand_x_reg_reg[41][9]/C,lane_product_reg_reg[73][15]/D
57,-0.405,2.386,7,operand_coeff_reg_reg[57][3]/C,lane_product_reg_reg[57][13]/D
58,-0.404,2.385,7,operand_x_reg_reg[32][0]/C,lane_product_reg_reg[64][7]/D
59,-0.404,2.385,7,operand_coeff_reg_reg[33][0]/C,lane_product_reg_reg[33][2]/D
60,-0.404,2.384,7,operand_x_reg_reg[38][15]/C,lane_product_reg_reg[70][20]/D
61,-0.403,2.385,7,operand_x_reg_reg[41][4]/C,lane_product_reg_reg[41][5]/D
62,-0.403,2.385,7,operand_x_reg_reg[28][8]/C,lane_product_reg_reg[60][13]/D
63,-0.403,2.383,7,operand_x_reg_reg[37][7]/C,lane_product_reg_reg[69][19]/D
64,-0.402,2.383,7,operand_coeff_reg_reg[75][3]/C,lane_product_reg_reg[75][21]/D
65,-0.401,2.382,7,operand_coeff_reg_reg[57][3]/C,lane_product_reg_reg[3][22]/D
66,-0.401,2.382,7,operand_coeff_reg_reg[23][3]/C,lane_product_reg_reg[23][21]/D
67,-0.401,2.382,7,operand_coeff_reg_reg[97][2]/C,lane_product_reg_reg[97][7]/D
68,-0.401,2.383,7,operand_x_reg_reg[88][15]/C,lane_product_reg_reg[88][21]/D
69,-0.400,2.381,7,operand_coeff_reg_reg[61][6]/C,lane_product_reg_reg[84][5]/D
70,-0.400,2.382,7,operand_coeff_reg_reg[8][2]/C,lane_product_reg_reg[67][16]/D
71,-0.399,2.382,7,operand_coeff_reg_reg[30][5]/C,lane_product_reg_reg[29][12]/D
72,-0.399,2.380,7,operand_x_reg_reg[32][0]/C,lane_product_reg_reg[64][1]/D
73,-0.398,2.379,7,operand_coeff_reg_reg[18][1]/C,lane_product_reg_reg[18][21]/D
74,-0.398,2.380,7,operand_x_reg_reg[42][7]/C,lane_product_reg_reg[42][10]/D
75,-0.398,2.379,7,operand_coeff_reg_reg[57][3]/C,lane_product_reg_reg[57][6]/D
76,-0.397,2.380,7,operand_coeff_reg_reg[31][2]/C,lane_product_reg_reg[86][6]/D
77,-0.397,2.378,7,operand_coeff_reg_reg[97][2]/C,lane_product_reg_reg[97][11]/D
78,-0.396,2.377,7,operand_x_reg_reg[93][11]/C,lane_product_reg_reg[93][20]/D
79,-0.396,2.377,7,operand_coeff_reg_reg[31][3]/C,lane_product_reg_reg[31][5]/D
80,-0.396,2.377,7,operand_coeff_reg_reg[32][3]/C,lane_product_reg_reg[32][18]/D
81,-0.396,2.377,7,operand_coeff_reg_reg[96][3]/C,lane_product_reg_reg[96][13]/D
82,-0.395,2.376,7,operand_coeff_reg_reg[63][7]/C,lane_product_reg_reg[63][20]/D
83,-0.395,2.378,7,operand_coeff_reg_reg[19][5]/C,lane_product_reg_reg[19][22]/D
84,-0.395,2.375,7,operand_coeff_reg_reg[18][1]/C,lane_product_reg_reg[18][13]/D
85,-0.395,2.376,7,operand_coeff_reg_reg[18][1]/C,lane_product_reg_reg[18][1]/D
86,-0.394,2.376,7,operand_x_reg_reg[28][8]/C,lane_product_reg_reg[60][11]/D
87,-0.394,2.377,7,operand_x_reg_reg[41][9]/C,lane_product_reg_reg[73][11]/D
88,-0.394,2.375,7,operand_coeff_reg_reg[111][2]/C,lane_product_reg_reg[111][13]/D
89,-0.394,2.375,7,operand_coeff_reg_reg[23][3]/C,lane_product_reg_reg[23][17]/D
90,-0.393,2.376,7,operand_x_reg_reg[39][4]/C,lane_product_reg_reg[39][7]/D
91,-0.393,2.374,7,operand_coeff_reg_reg[33][0]/C,lane_product_reg_reg[33][11]/D
92,-0.392,2.373,7,operand_coeff_reg_reg[56][4]/C,lane_product_reg_reg[56][10]/D
93,-0.392,2.375,7,operand_coeff_reg_reg[79][3]/C,lane_product_reg_reg[118][2]/D
94,-0.392,2.373,7,operand_coeff_reg_reg[33][0]/C,lane_product_reg_reg[33][20]/D
95,-0.391,2.372,7,operand_x_reg_reg[36][3]/C,lane_product_reg_reg[68][21]/D
96,-0.391,2.372,7,operand_x_reg_reg[93][11]/C,lane_product_reg_reg[93][12]/D
97,-0.391,2.372,7,operand_x_reg_reg[93][4]/C,lane_product_reg_reg[93][5]/D
98,-0.391,2.372,7,operand_coeff_reg_reg[18][1]/C,lane_product_reg_reg[18][12]/D
99,-0.391,2.372,7,operand_coeff_reg_reg[75][3]/C,lane_product_reg_reg[75][19]/D
100,-0.391,2.372,7,operand_coeff_reg_reg[61][3]/C,lane_product_reg_reg[85][9]/D
101,-0.391,2.372,7,operand_coeff_reg_reg[6][3]/C,lane_product_reg_reg[6][22]/D
102,-0.390,2.372,7,operand_x_reg_reg[41][15]/C,lane_product_reg_reg[41][22]/D
103,-0.390,2.371,7,operand_x_reg_reg[42][7]/C,lane_product_reg_reg[42][13]/D
104,-0.390,2.373,7,operand_coeff_reg_reg[31][2]/C,lane_product_reg_reg[86][9]/D
105,-0.390,2.371,7,operand_coeff_reg_reg[34][3]/C,lane_product_reg_reg[34][15]/D
106,-0.390,2.371,7,operand_coeff_reg_reg[56][4]/C,lane_product_reg_reg[56][7]/D
107,-0.390,2.371,7,operand_coeff_reg_reg[43][3]/C,lane_product_reg_reg[43][3]/D
108,-0.389,2.369,7,operand_coeff_reg_reg[112][6]/C,lane_product_reg_reg[112][9]/D
109,-0.389,2.369,7,operand_coeff_reg_reg[57][3]/C,lane_product_reg_reg[57][14]/D
110,-0.389,2.372,7,operand_coeff_reg_reg[31][2]/C,lane_product_reg_reg[86][13]/D
111,-0.389,2.370,7,operand_coeff_reg_reg[29][3]/C,lane_product_reg_reg[45][4]/D
112,-0.389,2.370,7,operand_coeff_reg_reg[18][1]/C,lane_product_reg_reg[18][4]/D
113,-0.389,2.370,7,operand_coeff_reg_reg[57][3]/C,lane_product_reg_reg[3][7]/D
114,-0.389,2.372,7,operand_coeff_reg_reg[19][5]/C,lane_product_reg_reg[70][5]/D
115,-0.388,2.369,7,operand_coeff_reg_reg[106][7]/C,lane_product_reg_reg[106][19]/D
116,-0.388,2.369,7,operand_x_reg_reg[32][0]/C,lane_product_reg_reg[64][36]/D
117,-0.388,2.370,7,operand_x_reg_reg[92][7]/C,lane_product_reg_reg[124][15]/D
118,-0.388,2.371,7,operand_coeff_reg_reg[31][2]/C,lane_product_reg_reg[86][5]/D
119,-0.388,2.368,7,operand_coeff_reg_reg[96][3]/C,lane_product_reg_reg[96][7]/D
120,-0.388,2.369,7,operand_x_reg_reg[51][15]/C,lane_product_reg_reg[83][21]/D
121,-0.388,2.370,7,operand_x_reg_reg[88][15]/C,lane_product_reg_reg[120][22]/D
122,-0.387,2.368,7,operand_coeff_reg_reg[34][3]/C,lane_product_reg_reg[34][20]/D
123,-0.387,2.368,7,operand_coeff_reg_reg[57][3]/C,lane_product_reg_reg[57][5]/D
124,-0.387,2.368,7,operand_x_reg_reg[93][6]/C,lane_product_reg_reg[125][7]/D
125,-0.387,2.368,7,operand_coeff_reg_reg[43][3]/C,lane_product_reg_reg[43][12]/D
126,-0.386,2.367,7,operand_coeff_reg_reg[57][3]/C,lane_product_reg_reg[3][17]/D
127,-0.386,2.367,7,operand_x_reg_reg[32][0]/C,lane_product_reg_reg[64][6]/D
128,-0.386,2.368,7,operand_x_reg_reg[90][12]/C,lane_product_reg_reg[90][15]/D
129,-0.385,2.367,7,operand_x_reg_reg[41][15]/C,lane_product_reg_reg[41][16]/D
130,-0.385,2.366,7,operand_x_reg_reg[36][15]/C,lane_product_reg_reg[36][22]/D
131,-0.385,2.366,7,operand_coeff_reg_reg[72][0]/C,lane_product_reg_reg[72][4]/D
132,-0.385,2.367,7,operand_x_reg_reg[116][9]/C,lane_product_reg_reg[116][17]/D
133,-0.385,2.366,7,operand_coeff_reg_reg[111][0]/C,lane_product_reg_reg[100][15]/D
134,-0.385,2.366,7,operand_coeff_reg_reg[56][3]/C,lane_product_reg_reg[71][17]/D
135,-0.384,2.366,7,operand_coeff_reg_reg[68][6]/C,lane_product_reg_reg[114][13]/D
136,-0.384,2.364,7,operand_coeff_reg_reg[91][1]/C,lane_product_reg_reg[103][15]/D
137,-0.384,2.365,7,operand_x_reg_reg[42][7]/C,lane_product_reg_reg[42][22]/D
138,-0.384,2.365,7,operand_coeff_reg_reg[72][0]/C,lane_product_reg_reg[72][15]/D
139,-0.384,2.367,7,operand_coeff_reg_reg[119][6]/C,lane_product_reg_reg[89][15]/D
140,-0.384,2.367,7,operand_x_reg_reg[28][5]/C,lane_product_reg_reg[60][7]/D
141,-0.384,2.367,7,operand_coeff_reg_reg[31][2]/C,lane_product_reg_reg[86][12]/D
142,-0.384,2.364,7,operand_x_reg_reg[21][9]/C,lane_product_reg_reg[21][13]/D
143,-0.384,2.365,7,operand_coeff_reg_reg[21][3]/C,lane_product_reg_reg[21][6]/D
144,-0.384,2.364,7,operand_coeff_reg_reg[107][7]/C,lane_product_reg_reg[107][21]/D
145,-0.383,2.364,7,operand_coeff_reg_reg[57][3]/C,lane_product_reg_reg[57][22]/D
146,-0.383,2.365,7,operand_coeff_reg_reg[119][6]/C,lane_product_reg_reg[89][6]/D
147,-0.383,2.364,7,operand_coeff_reg_reg[93][6]/C,lane_product_reg_reg[88][12]/D
148,-0.383,2.363,7,operand_coeff_reg_reg[110][7]/C,lane_product_reg_reg[110][21]/D
149,-0.383,2.363,7,operand_coeff_reg_reg[1][1]/C,lane_product_reg_reg[1][17]/D
150,-0.382,2.361,7,operand_x_reg_reg[37][15]/C,lane_product_reg_reg[37][22]/D
151,-0.381,2.361,7,operand_coeff_reg_reg[63][7]/C,lane_product_reg_reg[63][15]/D
152,-0.381,2.363,7,operand_x_reg_reg[39][4]/C,lane_product_reg_reg[39][9]/D
153,-0.381,2.362,7,operand_coeff_reg_reg[112][6]/C,lane_product_reg_reg[112][21]/D
154,-0.381,2.364,7,operand_x_reg_reg[28][5]/C,lane_product_reg_reg[28][11]/D
155,-0.381,2.361,7,operand_x_reg_reg[37][7]/C,lane_product_reg_reg[69][20]/D
156,-0.381,2.362,7,operand_coeff_reg_reg[72][0]/C,lane_product_reg_reg[72][2]/D
157,-0.381,2.362,7,operand_coeff_reg_reg[31][3]/C,lane_product_reg_reg[31][15]/D
158,-0.381,2.362,7,operand_coeff_reg_reg[96][3]/C,lane_product_reg_reg[96][35]/D
159,-0.381,2.362,7,operand_x_reg_reg[98][11]/C,lane_product_reg_reg[98][18]/D
160,-0.381,2.362,7,operand_coeff_reg_reg[5][7]/C,lane_product_reg_reg[5][7]/D
161,-0.380,2.361,7,operand_x_reg_reg[36][3]/C,lane_product_reg_reg[68][6]/D
162,-0.380,2.360,7,operand_x_reg_reg[38][2]/C,lane_product_reg_reg[38][36]/D
163,-0.380,2.360,7,operand_coeff_reg_reg[75][3]/C,lane_product_reg_reg[75][14]/D
164,-0.380,2.361,7,operand_coeff_reg_reg[61][6]/C,lane_product_reg_reg[84][20]/D
165,-0.380,2.360,7,operand_coeff_reg_reg[79][7]/C,lane_product_reg_reg[79][15]/D
166,-0.379,2.360,7,operand_x_reg_reg[93][12]/C,lane_product_reg_reg[125][13]/D
167,-0.379,2.362,7,operand_x_reg_reg[28][5]/C,lane_product_reg_reg[28][13]/D
168,-0.379,2.362,7,operand_x_reg_reg[41][13]/C,lane_product_reg_reg[41][15]/D
169,-0.379,2.360,7,operand_coeff_reg_reg[72][0]/C,lane_product_reg_reg[49][6]/D
170,-0.379,2.362,7,operand_coeff_reg_reg[31][2]/C,lane_product_reg_reg[86][21]/D
171,-0.379,2.360,7,operand_coeff_reg_reg[112][6]/C,lane_product_reg_reg[112][22]/D
172,-0.379,2.362,7,operand_coeff_reg_reg[31][2]/C,lane_product_reg_reg[86][16]/D
173,-0.379,2.360,7,operand_coeff_reg_reg[72][6]/C,lane_product_reg_reg[119][15]/D
174,-0.378,2.360,7,operand_x_reg_reg[41][15]/C,lane_product_reg_reg[41][20]/D
175,-0.378,2.359,7,operand_coeff_reg_reg[83][3]/C,lane_product_reg_reg[83][12]/D
176,-0.378,2.359,7,operand_x_reg_reg[99][4]/C,lane_product_reg_reg[99][14]/D
177,-0.378,2.359,7,operand_coeff_reg_reg[32][3]/C,lane_product_reg_reg[32][5]/D
178,-0.378,2.359,7,operand_coeff_reg_reg[35][0]/C,lane_product_reg_reg[35][9]/D
179,-0.378,2.359,7,operand_coeff_reg_reg[8][4]/C,lane_product_reg_reg[8][15]/D
180,-0.378,2.359,7,operand_coeff_reg_reg[74][7]/C,lane_product_reg_reg[74][20]/D
181,-0.377,2.358,7,operand_coeff_reg_reg[106][7]/C,lane_product_reg_reg[106][16]/D
182,-0.377,2.360,7,operand_x_reg_reg[28][5]/C,lane_product_reg_reg[28][22]/D
183,-0.377,2.358,7,operand_coeff_reg_reg[4][3]/C,lane_product_reg_reg[4][10]/D
184,-0.377,2.358,7,operand_coeff_reg_reg[57][3]/C,lane_product_reg_reg[57][21]/D
185,-0.377,2.358,7,operand_coeff_reg_reg[23][3]/C,lane_product_reg_reg[23][13]/D
186,-0.377,2.358,7,operand_x_reg_reg[11][15]/C,lane_product_reg_reg[11][22]/D
187,-0.376,2.359,7,operand_coeff_reg_reg[14][3]/C,lane_product_reg_reg[14][7]/D
188,-0.376,2.357,7,operand_coeff_reg_reg[18][1]/C,lane_product_reg_reg[18][2]/D
189,-0.376,2.359,7,operand_x_reg_reg[28][5]/C,lane_product_reg_reg[28][37]/D
190,-0.376,2.359,7,operand_x_reg_reg[90][0]/C,lane_product_reg_reg[90][3]/D
191,-0.375,2.358,7,operand_coeff_reg_reg[119][6]/C,lane_product_reg_reg[89][18]/D
192,-0.375,2.357,7,operand_coeff_reg_reg[36][2]/C,lane_product_reg_reg[105][15]/D
193,-0.375,2.356,7,operand_coeff_reg_reg[112][6]/C,lane_product_reg_reg[112][17]/D
194,-0.375,2.356,7,operand_coeff_reg_reg[83][3]/C,lane_product_reg_reg[83][7]/D
195,-0.375,2.356,7,operand_coeff_reg_reg[77][7]/C,lane_product_reg_reg[77][14]/D
196,-0.374,2.356,7,operand_coeff_reg_reg[30][5]/C,lane_product_reg_reg[29][5]/D
197,-0.374,2.357,7,operand_coeff_reg_reg[10][6]/C,lane_product_reg_reg[10][10]/D
198,-0.374,2.355,7,operand_coeff_reg_reg[34][3]/C,lane_product_reg_reg[34][22]/D
199,-0.374,2.355,7,operand_coeff_reg_reg[56][4]/C,lane_product_reg_reg[56][16]/D
200,-0.374,2.357,7,operand_x_reg_reg[28][5]/C,lane_product_reg_reg[28][19]/D
201,-0.374,2.357,7,operand_x_reg_reg[28][5]/C,lane_product_reg_reg[28][7]/D
202,-0.374,2.355,7,operand_coeff_reg_reg[117][5]/C,lane_product_reg_reg[117][8]/D
203,-0.374,2.355,7,operand_coeff_reg_reg[66][3]/C,lane_product_reg_reg[66][6]/D
204,-0.374,2.355,7,operand_coeff_reg_reg[76][2]/C,lane_product_reg_reg[109][14]/D
205,-0.374,2.357,7,operand_x_reg_reg[90][0]/C,lane_product_reg_reg[90][5]/D
206,-0.374,2.355,7,operand_coeff_reg_reg[126][7]/C,lane_product_reg_reg[126][14]/D
207,-0.374,2.355,7,operand_coeff_reg_reg[5][7]/C,lane_product_reg_reg[5][13]/D
208,-0.373,2.354,7,operand_coeff_reg_reg[106][7]/C,lane_product_reg_reg[106][15]/D
209,-0.373,2.355,7,operand_coeff_reg_reg[30][5]/C,lane_product_reg_reg[29][8]/D
210,-0.373,2.353,7,operand_x_reg_reg[53][2]/C,lane_product_reg_reg[53][8]/D
211,-0.373,2.353,7,operand_coeff_reg_reg[109][0]/C,lane_product_reg_reg[94][8]/D
212,-0.372,2.355,7,operand_x_reg_reg[28][5]/C,lane_product_reg_reg[28][8]/D
213,-0.372,2.353,7,operand_x_reg_reg[15][7]/C,lane_product_reg_reg[15][16]/D
214,-0.372,2.352,7,operand_x_reg_reg[21][9]/C,lane_product_reg_reg[21][15]/D
215,-0.372,2.353,7,operand_coeff_reg_reg[113][7]/C,lane_product_reg_reg[102][14]/D
216,-0.372,2.353,7,operand_x_reg_reg[51][15]/C,lane_product_reg_reg[83][19]/D
217,-0.372,2.351,7,operand_x_reg_reg[47][2]/C,lane_product_reg_reg[47][15]/D
218,-0.372,2.352,7,operand_coeff_reg_reg[79][7]/C,lane_product_reg_reg[79][16]/D
219,-0.372,2.352,7,operand_coeff_reg_reg[16][7]/C,lane_product_reg_reg[16][15]/D
220,-0.371,2.353,7,operand_x_reg_reg[41][15]/C,lane_product_reg_reg[41][19]/D
221,-0.371,2.352,7,operand_coeff_reg_reg[75][3]/C,lane_product_reg_reg[108][5]/D
222,-0.371,2.354,7,operand_x_reg_reg[49][11]/C,lane_product_reg_reg[49][21]/D
223,-0.371,2.352,7,operand_coeff_reg_reg[75][3]/C,lane_product_reg_reg[75][22]/D
224,-0.371,2.352,7,operand_x_reg_reg[99][4]/C,lane_product_reg_reg[99][7]/D
225,-0.371,2.352,7,operand_coeff_reg_reg[113][7]/C,lane_product_reg_reg[102][13]/D
226,-0.371,2.352,7,operand_x_reg_reg[51][15]/C,lane_product_reg_reg[83][36]/D
227,-0.371,2.352,7,operand_coeff_reg_reg[74][7]/C,lane_product_reg_reg[74][14]/D
228,-0.371,2.353,7,operand_x_reg_reg[90][12]/C,lane_product_reg_reg[90][16]/D
229,-0.371,2.351,7,operand_coeff_reg_reg[108][7]/C,lane_product_reg_reg[108][6]/D
230,-0.370,2.351,7,operand_coeff_reg_reg[112][6]/C,lane_product_reg_reg[112][18]/D
231,-0.370,2.350,7,operand_coeff_reg_reg[18][1]/C,lane_product_reg_reg[18][19]/D
232,-0.370,2.351,7,operand_coeff_reg_reg[34][3]/C,lane_product_reg_reg[34][12]/D
233,-0.370,2.351,7,operand_x_reg_reg[32][0]/C,lane_product_reg_reg[64][18]/D
234,-0.370,2.351,7,operand_coeff_reg_reg[72][0]/C,lane_product_reg_reg[72][12]/D
235,-0.370,2.351,7,operand_coeff_reg_reg[50][3]/C,lane_product_reg_reg[50][15]/D
236,-0.369,2.351,7,operand_coeff_reg_reg[121][6]/C,lane_product_reg_reg[121][13]/D
237,-0.369,2.350,7,operand_coeff_reg_reg[57][3]/C,lane_product_reg_reg[3][19]/D
238,-0.369,2.352,7,operand_x_reg_reg[49][11]/C,lane_product_reg_reg[49][13]/D
239,-0.369,2.350,7,operand_coeff_reg_reg[72][0]/C,lane_product_reg_reg[72][0]/D
240,-0.369,2.350,7,operand_x_reg_reg[51][6]/C,lane_product_reg_reg[51][12]/D
241,-0.369,2.350,7,operand_coeff_reg_reg[101][3]/C,lane_product_reg_reg[101][13]/D
242,-0.369,2.351,7,operand_coeff_reg_reg[68][6]/C,lane_product_reg_reg[114][37]/D
243,-0.369,2.350,7,operand_coeff_reg_reg[5][7]/C,lane_product_reg_reg[5][12]/D
244,-0.369,2.351,7,operand_coeff_reg_reg[56][3]/C,lane_product_reg_reg[71][22]/D
245,-0.368,2.349,7,operand_x_reg_reg[39][11]/C,lane_product_reg_reg[39][15]/D
246,-0.368,2.349,7,operand_coeff_reg_reg[74][7]/C,lane_product_reg_reg[74][21]/D
247,-0.368,2.348,7,operand_x_reg_reg[38][15]/C,lane_product_reg_reg[70][36]/D
248,-0.367,2.349,7,operand_x_reg_reg[41][15]/C,lane_product_reg_reg[41][21]/D
249,-0.367,2.350,7,operand_x_reg_reg[88][8]/C,lane_product_reg_reg[120][20]/D
250,-0.367,2.348,7,operand_coeff_reg_reg[72][0]/C,lane_product_reg_reg[72][20]/D
251,-0.367,2.348,7,operand_x_reg_reg[41][8]/C,lane_product_reg_reg[73][8]/D
252,-0.367,2.348,7,operand_coeff_reg_reg[101][3]/C,lane_product_reg_reg[101][7]/D
253,-0.367,2.348,7,operand_coeff_reg_reg[66][3]/C,lane_product_reg_reg[66][7]/D
254,-0.367,2.347,7,operand_coeff_reg_reg[108][7]/C,lane_product_reg_reg[108][14]/D
255,-0.366,2.347,7,operand_coeff_reg_reg[112][6]/C,lane_product_reg_reg[112][6]/D
256,-0.366,2.348,7,operand_x_reg_reg[35][1]/C,lane_product_reg_reg[67][2]/D
257,-0.366,2.348,7,operand_x_reg_reg[95][1]/C,lane_product_reg_reg[95][10]/D
258,-0.366,2.347,7,operand_x_reg_reg[13][2]/C,lane_product_reg_reg[13][13]/D
259,-0.366,2.347,7,operand_coeff_reg_reg[31][3]/C,lane_product_reg_reg[31][2]/D
260,-0.366,2.347,7,operand_coeff_reg_reg[61][7]/C,lane_product_reg_reg[61][20]/D
261,-0.366,2.347,7,operand_x_reg_reg[16][15]/C,lane_product_reg_reg[16][22]/D
262,-0.365,2.346,7,operand_x_reg_reg[41][15]/C,lane_product_reg_reg[41][17]/D
263,-0.365,2.347,7,operand_x_reg_reg[41][15]/C,lane_product_reg_reg[41][18]/D
264,-0.365,2.347,7,operand_coeff_reg_reg[30][5]/C,lane_product_reg_reg[29][9]/D
265,-0.365,2.348,7,operand_coeff_reg_reg[10][6]/C,lane_product_reg_reg[10][21]/D
266,-0.365,2.346,7,operand_x_reg_reg[38][2]/C,lane_product_reg_reg[38][5]/D
267,-0.365,2.345,7,operand_x_reg_reg[53][2]/C,lane_product_reg_reg[53][11]/D
268,-0.365,2.348,7,operand_x_reg_reg[88][8]/C,lane_product_reg_reg[120][15]/D
269,-0.365,2.346,7,operand_coeff_reg_reg[18][1]/C,lane_product_reg_reg[18][10]/D
270,-0.365,2.347,7,operand_x_reg_reg[37][11]/C,lane_product_reg_reg[37][20]/D
271,-0.365,2.346,7,operand_coeff_reg_reg[61][3]/C,lane_product_reg_reg[85][6]/D
272,-0.365,2.347,7,operand_x_reg_reg[95][1]/C,lane_product_reg_reg[95][7]/D
273,-0.365,2.346,7,operand_coeff_reg_reg[32][3]/C,lane_product_reg_reg[32][7]/D
274,-0.365,2.346,7,operand_x_reg_reg[51][15]/C,lane_product_reg_reg[83][16]/D
275,-0.365,2.347,7,operand_coeff_reg_reg[56][3]/C,lane_product_reg_reg[71][16]/D
276,-0.364,2.346,7,operand_coeff_reg_reg[75][0]/C,lane_product_reg_reg[88][6]/D
277,-0.364,2.347,7,operand_coeff_reg_reg[48][0]/C,lane_product_reg_reg[48][3]/D
278,-0.364,2.345,7,operand_coeff_reg_reg[58][5]/C,lane_product_reg_reg[22][37]/D
279,-0.364,2.345,7,operand_x_reg_reg[53][2]/C,lane_product_reg_reg[53][22]/D
280,-0.364,2.345,7,operand_x_reg_reg[93][11]/C,lane_product_reg_reg[93][14]/D
281,-0.364,2.347,7,operand_coeff_reg_reg[79][3]/C,lane_product_reg_reg[118][9]/D
282,-0.364,2.345,7,operand_coeff_reg_reg[72][0]/C,lane_product_reg_reg[72][13]/D
283,-0.364,2.344,7,operand_coeff_reg_reg[96][3]/C,lane_product_reg_reg[96][5]/D
284,-0.364,2.345,7,operand_coeff_reg_reg[97][2]/C,lane_product_reg_reg[97][9]/D
285,-0.364,2.345,7,operand_coeff_reg_reg[44][2]/C,lane_product_reg_reg[44][2]/D
286,-0.364,2.345,7,operand_coeff_reg_reg[126][7]/C,lane_product_reg_reg[126][15]/D
287,-0.364,2.345,7,operand_coeff_reg_reg[126][7]/C,lane_product_reg_reg[126][21]/D
288,-0.364,2.345,7,operand_x_reg_reg[95][14]/C,lane_product_reg_reg[127][35]/D
289,-0.364,2.344,7,operand_coeff_reg_reg[107][7]/C,lane_product_reg_reg[107][11]/D
290,-0.363,2.345,7,operand_coeff_reg_reg[121][6]/C,lane_product_reg_reg[121][35]/D
291,-0.363,2.344,7,operand_coeff_reg_reg[75][3]/C,lane_product_reg_reg[75][12]/D
292,-0.363,2.344,7,operand_x_reg_reg[32][0]/C,lane_product_reg_reg[64][11]/D
293,-0.363,2.344,7,operand_x_reg_reg[46][7]/C,lane_product_reg_reg[78][10]/D
294,-0.363,2.345,7,operand_x_reg_reg[90][12]/C,lane_product_reg_reg[122][22]/D
295,-0.362,2.345,7,operand_coeff_reg_reg[30][5]/C,lane_product_reg_reg[29][22]/D
296,-0.362,2.343,7,operand_x_reg_reg[38][2]/C,lane_product_reg_reg[38][4]/D
297,-0.362,2.343,7,operand_x_reg_reg[39][11]/C,lane_product_reg_reg[39][11]/D
298,-0.362,2.343,7,operand_x_reg_reg[53][2]/C,lane_product_reg_reg[53][13]/D
299,-0.362,2.343,7,operand_x_reg_reg[53][2]/C,lane_product_reg_reg[53][15]/D
300,-0.362,2.343,7,operand_x_reg_reg[32][0]/C,lane_product_reg_reg[64][4]/D
301,-0.362,2.343,7,operand_coeff_reg_reg[75][3]/C,lane_product_reg_reg[75][5]/D
302,-0.362,2.343,7,operand_coeff_reg_reg[75][3]/C,lane_product_reg_reg[75][8]/D
303,-0.362,2.343,7,operand_coeff_reg_reg[9][2]/C,lane_product_reg_reg[9][37]/D
304,-0.362,2.343,7,operand_coeff_reg_reg[21][3]/C,lane_product_reg_reg[21][4]/D
305,-0.362,2.343,7,operand_coeff_reg_reg[8][4]/C,lane_product_reg_reg[8][9]/D
306,-0.362,2.343,7,operand_coeff_reg_reg[76][2]/C,lane_product_reg_reg[109][12]/D
307,-0.361,2.342,7,operand_coeff_reg_reg[57][3]/C,lane_product_reg_reg[57][10]/D
308,-0.361,2.341,7,operand_coeff_reg_reg[18][1]/C,lane_product_reg_reg[18][22]/D
309,-0.361,2.342,7,operand_coeff_reg_reg[41][2]/C,lane_product_reg_reg[24][11]/D
310,-0.361,2.343,7,operand_x_reg_reg[42][7]/C,lane_product_reg_reg[42][8]/D
311,-0.361,2.344,7,operand_x_reg_reg[49][11]/C,lane_product_reg_reg[49][22]/D
312,-0.361,2.342,7,operand_coeff_reg_reg[58][5]/C,lane_product_reg_reg[58][13]/D
313,-0.361,2.342,7,operand_coeff_reg_reg[104][1]/C,lane_product_reg_reg[104][13]/D
314,-0.361,2.342,7,operand_coeff_reg_reg[18][1]/C,lane_product_reg_reg[18][5]/D
315,-0.361,2.342,7,operand_coeff_reg_reg[115][4]/C,lane_product_reg_reg[115][7]/D
316,-0.361,2.342,7,operand_x_reg_reg[15][7]/C,lane_product_reg_reg[15][7]/D
317,-0.361,2.342,7,operand_coeff_reg_reg[51][2]/C,lane_product_reg_reg[51][5]/D
318,-0.361,2.342,7,operand_coeff_reg_reg[6][3]/C,lane_product_reg_reg[6][13]/D
319,-0.361,2.342,7,operand_coeff_reg_reg[6][3]/C,lane_product_reg_reg[6][9]/D
320,-0.361,2.342,7,operand_coeff_reg_reg[97][2]/C,lane_product_reg_reg[97][14]/D
321,-0.361,2.344,7,operand_x_reg_reg[90][0]/C,lane_product_reg_reg[90][1]/D
322,-0.361,2.342,7,operand_coeff_reg_reg[111][0]/C,lane_product_reg_reg[100][17]/D
323,-0.361,2.341,7,operand_x_reg_reg[38][15]/C,lane_product_reg_reg[70][19]/D
324,-0.361,2.341,7,operand_coeff_reg_reg[79][7]/C,lane_product_reg_reg[79][17]/D
325,-0.361,2.341,7,operand_coeff_reg_reg[107][7]/C,lane_product_reg_reg[107][19]/D
326,-0.360,2.342,7,operand_coeff_reg_reg[121][6]/C,lane_product_reg_reg[121][15]/D
327,-0.360,2.340,7,operand_coeff_reg_reg[104][1]/C,lane_product_reg_reg[99][4]/D
328,-0.360,2.342,7,operand_coeff_reg_reg[36][2]/C,lane_product_reg_reg[105][4]/D
329,-0.360,2.341,7,operand_x_reg_reg[95][11]/C,lane_product_reg_reg[127][14]/D
330,-0.360,2.343,7,operand_x_reg_reg[30][11]/C,lane_product_reg_reg[30][15]/D
331,-0.360,2.341,7,operand_coeff_reg_reg[34][3]/C,lane_product_reg_reg[34][36]/D
332,-0.360,2.343,7,operand_coeff_reg_reg[79][3]/C,lane_product_reg_reg[118][5]/D
333,-0.360,2.343,7,operand_x_reg_reg[41][1]/C,lane_product_reg_reg[41][2]/D
334,-0.360,2.341,7,operand_x_reg_reg[53][2]/C,lane_product_reg_reg[53][12]/D
335,-0.360,2.341,7,operand_x_reg_reg[37][7]/C,lane_product_reg_reg[69][11]/D
336,-0.360,2.341,7,operand_x_reg_reg[48][12]/C,lane_product_reg_reg[48][13]/D
337,-0.360,2.341,7,operand_coeff_reg_reg[111][2]/C,lane_product_reg_reg[111][15]/D
338,-0.360,2.340,7,operand_coeff_reg_reg[32][3]/C,lane_product_reg_reg[32][16]/D
339,-0.360,2.342,7,operand_x_reg_reg[92][15]/C,lane_product_reg_reg[92][22]/D
340,-0.360,2.341,7,operand_coeff_reg_reg[4][0]/C,lane_product_reg_reg[115][20]/D
341,-0.359,2.339,7,operand_coeff_reg_reg[41][2]/C,lane_product_reg_reg[24][6]/D
342,-0.359,2.341,7,operand_x_reg_reg[41][4]/C,lane_product_reg_reg[41][6]/D
343,-0.359,2.340,7,operand_coeff_reg_reg[91][1]/C,lane_product_reg_reg[103][13]/D
344,-0.359,2.340,7,operand_x_reg_reg[53][2]/C,lane_product_reg_reg[53][5]/D
345,-0.359,2.340,7,operand_x_reg_reg[53][2]/C,lane_product_reg_reg[53][7]/D
346,-0.359,2.340,7,operand_coeff_reg_reg[72][0]/C,lane_product_reg_reg[72][5]/D
347,-0.359,2.342,7,operand_x_reg_reg[28][5]/C,lane_product_reg_reg[28][9]/D
348,-0.359,2.340,7,operand_x_reg_reg[38][2]/C,lane_product_reg_reg[38][7]/D
349,-0.359,2.339,7,operand_coeff_reg_reg[32][3]/C,lane_product_reg_reg[32][9]/D
350,-0.359,2.341,7,operand_x_reg_reg[116][9]/C,lane_product_reg_reg[116][20]/D
351,-0.359,2.340,7,operand_coeff_reg_reg[6][3]/C,lane_product_reg_reg[6][21]/D
352,-0.359,2.340,7,operand_x_reg_reg[7][14]/C,lane_product_reg_reg[7][14]/D
353,-0.359,2.340,7,operand_coeff_reg_reg[82][2]/C,lane_product_reg_reg[82][36]/D
354,-0.359,2.340,7,operand_coeff_reg_reg[113][7]/C,lane_product_reg_reg[113][12]/D
355,-0.359,2.341,7,operand_x_reg_reg[90][12]/C,lane_product_reg_reg[90][19]/D
356,-0.359,2.338,7,operand_coeff_reg_reg[61][7]/C,lane_product_reg_reg[61][9]/D
357,-0.358,2.339,7,operand_x_reg_reg[36][15]/C,lane_product_reg_reg[36][21]/D
358,-0.358,2.339,7,operand_coeff_reg_reg[104][1]/C,lane_product_reg_reg[104][22]/D
359,-0.358,2.339,7,operand_x_reg_reg[93][12]/C,lane_product_reg_reg[125][21]/D
360,-0.358,2.339,7,operand_x_reg_reg[39][11]/C,lane_product_reg_reg[71][12]/D
361,-0.358,2.340,7,operand_x_reg_reg[95][1]/C,lane_product_reg_reg[95][9]/D
362,-0.358,2.339,7,operand_x_reg_reg[93][12]/C,lane_product_reg_reg[125][19]/D
363,-0.358,2.338,7,operand_x_reg_reg[37][7]/C,lane_product_reg_reg[69][21]/D
364,-0.358,2.341,7,operand_coeff_reg_reg[31][2]/C,lane_product_reg_reg[86][22]/D
365,-0.358,2.339,7,operand_x_reg_reg[93][11]/C,lane_product_reg_reg[93][22]/D
366,-0.358,2.339,7,operand_coeff_reg_reg[18][1]/C,lane_product_reg_reg[18][7]/D
367,-0.358,2.339,7,operand_x_reg_reg[49][2]/C,lane_product_reg_reg[81][2]/D
368,-0.358,2.338,7,operand_coeff_reg_reg[6][0]/C,lane_product_reg_reg[6][0]/D
369,-0.358,2.339,7,operand_coeff_reg_reg[35][0]/C,lane_product_reg_reg[35][22]/D
370,-0.358,2.339,7,operand_coeff_reg_reg[6][3]/C,lane_product_reg_reg[6][37]/D
371,-0.357,2.338,7,operand_coeff_reg_reg[91][1]/C,lane_product_reg_reg[103][18]/D
372,-0.357,2.339,7,operand_coeff_reg_reg[36][2]/C,lane_product_reg_reg[105][20]/D
373,-0.357,2.340,7,operand_coeff_reg_reg[10][6]/C,lane_product_reg_reg[10][18]/D
374,-0.357,2.338,7,operand_coeff_reg_reg[112][6]/C,lane_product_reg_reg[112][8]/D
375,-0.357,2.340,7,operand_coeff_reg_reg[79][3]/C,lane_product_reg_reg[118][8]/D
376,-0.357,2.340,7,operand_coeff_reg_reg[62][6]/C,lane_product_reg_reg[119][5]/D
377,-0.357,2.338,7,operand_x_reg_reg[39][11]/C,lane_product_reg_reg[71][14]/D
378,-0.357,2.338,7,operand_coeff_reg_reg[57][3]/C,lane_product_reg_reg[3][9]/D
379,-0.357,2.338,7,operand_coeff_reg_reg[23][3]/C,lane_product_reg_reg[23][5]/D
380,-0.357,2.338,7,operand_coeff_reg_reg[117][5]/C,lane_product_reg_reg[117][15]/D
381,-0.357,2.337,7,operand_x_reg_reg[7][14]/C,lane_product_reg_reg[7][17]/D
382,-0.357,2.340,7,operand_x_reg_reg[44][15]/C,lane_product_reg_reg[44][21]/D
383,-0.357,2.338,7,operand_x_reg_reg[35][15]/C,lane_product_reg_reg[67][36]/D
384,-0.357,2.339,7,operand_x_reg_reg[90][12]/C,lane_product_reg_reg[122][15]/D
385,-0.357,2.337,7,operand_coeff_reg_reg[79][7]/C,lane_product_reg_reg[79][13]/D
386,-0.357,2.337,7,operand_coeff_reg_reg[1][1]/C,lane_product_reg_reg[1][6]/D
387,-0.356,2.339,7,operand_x_reg_reg[49][13]/C,lane_product_reg_reg[81][13]/D
388,-0.356,2.339,7,operand_x_reg_reg[49][13]/C,lane_product_reg_reg[81][14]/D
389,-0.356,2.339,7,operand_coeff_reg_reg[79][3]/C,lane_product_reg_reg[118][19]/D
390,-0.356,2.339,7,operand_x_reg_reg[94][5]/C,lane_product_reg_reg[126][5]/D
391,-0.356,2.337,7,operand_coeff_reg_reg[34][3]/C,lane_product_reg_reg[34][5]/D
392,-0.356,2.337,7,operand_x_reg_reg[32][0]/C,lane_product_reg_reg[64][17]/D
393,-0.356,2.337,7,operand_coeff_reg_reg[32][3]/C,lane_product_reg_reg[32][15]/D
394,-0.356,2.337,7,operand_coeff_reg_reg[83][0]/C,lane_product_reg_reg[83][3]/D
395,-0.356,2.337,7,operand_coeff_reg_reg[33][0]/C,lane_product_reg_reg[33][15]/D
396,-0.356,2.337,7,operand_coeff_reg_reg[59][3]/C,lane_product_reg_reg[59][21]/D
397,-0.356,2.336,7,operand_coeff_reg_reg[61][7]/C,lane_product_reg_reg[61][22]/D
398,-0.356,2.337,7,operand_x_reg_reg[16][15]/C,lane_product_reg_reg[16][21]/D
399,-0.356,2.337,7,operand_x_reg_reg[95][14]/C,lane_product_reg_reg[127][21]/D
400,-0.356,2.338,7,operand_x_reg_reg[90][12]/C,lane_product_reg_reg[90][21]/D
401,-0.356,2.335,7,operand_coeff_reg_reg[108][7]/C,lane_product_reg_reg[108][12]/D
402,-0.356,2.337,7,operand_x_reg_reg[42][15]/C,lane_product_reg_reg[42][37]/D
403,-0.355,2.337,7,operand_x_reg_reg[92][7]/C,lane_product_reg_reg[124][9]/D
404,-0.355,2.335,7,operand_coeff_reg_reg[57][3]/C,lane_product_reg_reg[3][5]/D
405,-0.355,2.337,7,operand_x_reg_reg[92][5]/C,lane_product_reg_reg[92][13]/D
406,-0.355,2.336,7,operand_coeff_reg_reg[109][0]/C,lane_product_reg_reg[94][20]/D
407,-0.355,2.338,7,operand_x_reg_reg[28][5]/C,lane_product_reg_reg[28][18]/D
408,-0.355,2.336,7,operand_coeff_reg_reg[34][3]/C,lane_product_reg_reg[34][13]/D
409,-0.355,2.336,7,operand_x_reg_reg[52][3]/C,lane_product_reg_reg[52][17]/D
410,-0.355,2.338,7,operand_x_reg_reg[34][11]/C,lane_product_reg_reg[66][16]/D
411,-0.355,2.336,7,operand_x_reg_reg[93][0]/C,lane_product_reg_reg[93][2]/D
412,-0.355,2.336,7,operand_coeff_reg_reg[35][0]/C,lane_product_reg_reg[35][16]/D
413,-0.355,2.336,7,operand_coeff_reg_reg[20][4]/C,lane_product_reg_reg[20][22]/D
414,-0.355,2.336,7,operand_x_reg_reg[99][4]/C,lane_product_reg_reg[99][15]/D
415,-0.355,2.336,7,operand_x_reg_reg[21][9]/C,lane_product_reg_reg[21][37]/D
416,-0.355,2.337,7,operand_coeff_reg_reg[68][6]/C,lane_product_reg_reg[114][19]/D
417,-0.355,2.337,7,operand_coeff_reg_reg[68][6]/C,lane_product_reg_reg[114][20]/D
418,-0.355,2.336,7,operand_coeff_reg_reg[4][0]/C,lane_product_reg_reg[115][8]/D
419,-0.355,2.337,7,operand_coeff_reg_reg[72][6]/C,lane_product_reg_reg[119][35]/D
420,-0.354,2.336,7,operand_x_reg_reg[41][15]/C,lane_product_reg_reg[41][37]/D
421,-0.354,2.334,7,operand_coeff_reg_reg[28][6]/C,lane_product_reg_reg[121][1]/D
422,-0.354,2.337,7,operand_coeff_reg_reg[31][2]/C,lane_product_reg_reg[86][19]/D
423,-0.354,2.335,7,operand_coeff_reg_reg[2][2]/C,lane_product_reg_reg[2][22]/D
424,-0.354,2.334,7,operand_x_reg_reg[46][4]/C,lane_product_reg_reg[46][5]/D
425,-0.354,2.334,7,operand_x_reg_reg[53][2]/C,lane_product_reg_reg[53][9]/D
426,-0.354,2.335,7,operand_x_reg_reg[32][0]/C,lane_product_reg_reg[64][9]/D
427,-0.354,2.335,7,operand_x_reg_reg[37][7]/C,lane_product_reg_reg[69][17]/D
428,-0.354,2.337,7,operand_coeff_reg_reg[119][6]/C,lane_product_reg_reg[89][13]/D
429,-0.354,2.335,7,operand_coeff_reg_reg[58][5]/C,lane_product_reg_reg[22][13]/D
430,-0.354,2.335,7,operand_coeff_reg_reg[75][3]/C,lane_product_reg_reg[75][2]/D
431,-0.354,2.335,7,operand_coeff_reg_reg[31][3]/C,lane_product_reg_reg[31][13]/D
432,-0.354,2.335,7,operand_coeff_reg_reg[31][3]/C,lane_product_reg_reg[31][19]/D
433,-0.354,2.335,7,operand_coeff_reg_reg[83][0]/C,lane_product_reg_reg[83][2]/D
434,-0.354,2.335,7,operand_coeff_reg_reg[97][2]/C,lane_product_reg_reg[97][21]/D
435,-0.354,2.335,7,operand_coeff_reg_reg[113][7]/C,lane_product_reg_reg[113][18]/D
436,-0.354,2.335,7,operand_coeff_reg_reg[113][7]/C,lane_product_reg_reg[113][22]/D
437,-0.354,2.336,7,operand_coeff_reg_reg[72][6]/C,lane_product_reg_reg[119][17]/D
438,-0.354,2.335,7,operand_x_reg_reg[38][15]/C,lane_product_reg_reg[70][21]/D
439,-0.354,2.334,7,operand_coeff_reg_reg[107][7]/C,lane_product_reg_reg[107][7]/D
440,-0.353,2.335,7,operand_x_reg_reg[42][7]/C,lane_product_reg_reg[42][18]/D
441,-0.353,2.334,7,operand_x_reg_reg[33][4]/C,lane_product_reg_reg[65][4]/D
442,-0.353,2.336,7,operand_x_reg_reg[34][11]/C,lane_product_reg_reg[66][17]/D
443,-0.353,2.334,7,operand_x_reg_reg[36][3]/C,lane_product_reg_reg[68][5]/D
444,-0.353,2.336,7,operand_coeff_reg_reg[19][5]/C,lane_product_reg_reg[70][15]/D
445,-0.353,2.334,7,operand_coeff_reg_reg[91][1]/C,lane_product_reg_reg[103][19]/D
446,-0.353,2.333,7,operand_coeff_reg_reg[29][3]/C,lane_product_reg_reg[45][13]/D
447,-0.353,2.334,7,operand_x_reg_reg[37][7]/C,lane_product_reg_reg[69][12]/D
448,-0.353,2.334,7,operand_coeff_reg_reg[109][0]/C,lane_product_reg_reg[94][14]/D
449,-0.353,2.333,7,operand_coeff_reg_reg[32][3]/C,lane_product_reg_reg[32][11]/D
450,-0.353,2.333,7,operand_coeff_reg_reg[32][3]/C,lane_product_reg_reg[32][8]/D
451,-0.353,2.333,7,operand_coeff_reg_reg[76][0]/C,lane_product_reg_reg[76][1]/D
452,-0.353,2.334,7,operand_x_reg_reg[21][9]/C,lane_product_reg_reg[21][20]/D
453,-0.353,2.334,7,operand_coeff_reg_reg[32][3]/C,lane_product_reg_reg[32][4]/D
454,-0.353,2.334,7,operand_coeff_reg_reg[33][0]/C,lane_product_reg_reg[33][5]/D
455,-0.352,2.333,7,operand_x_reg_reg[32][0]/C,lane_product_reg_reg[64][3]/D
456,-0.352,2.335,7,operand_x_reg_reg[30][11]/C,lane_product_reg_reg[30][13]/D
457,-0.352,2.335,7,operand_x_reg_reg[30][11]/C,lane_product_reg_reg[30][37]/D
458,-0.352,2.333,7,operand_x_reg_reg[46][7]/C,lane_product_reg_reg[78][8]/D
459,-0.352,2.333,7,operand_x_reg_reg[36][3]/C,lane_product_reg_reg[68][13]/D
460,-0.352,2.333,7,operand_x_reg_reg[93][11]/C,lane_product_reg_reg[93][13]/D
461,-0.352,2.333,7,operand_coeff_reg_reg[32][3]/C,lane_product_reg_reg[32][21]/D
462,-0.352,2.333,7,operand_x_reg_reg[40][14]/C,lane_product_reg_reg[40][15]/D
463,-0.352,2.334,7,operand_x_reg_reg[40][2]/C,lane_product_reg_reg[40][10]/D
464,-0.352,2.332,7,operand_coeff_reg_reg[113][7]/C,lane_product_reg_reg[102][10]/D
465,-0.352,2.332,7,operand_coeff_reg_reg[5][7]/C,lane_product_reg_reg[5][14]/D
466,-0.351,2.333,7,operand_coeff_reg_reg[68][6]/C,lane_product_reg_reg[114][14]/D
467,-0.351,2.334,7,operand_coeff_reg_reg[19][5]/C,lane_product_reg_reg[19][5]/D
468,-0.351,2.331,7,operand_x_reg_reg[39][11]/C,lane_product_reg_reg[39][14]/D
469,-0.351,2.332,7,operand_x_reg_reg[46][5]/C,lane_product_reg_reg[46][10]/D
470,-0.351,2.334,7,operand_coeff_reg_reg[48][0]/C,lane_product_reg_reg[48][0]/D
471,-0.351,2.333,7,operand_coeff_reg_reg[19][5]/C,lane_product_reg_reg[70][16]/D
472,-0.351,2.331,7,operand_x_reg_reg[44][7]/C,lane_product_reg_reg[76][12]/D
473,-0.351,2.334,7,operand_coeff_reg_reg[31][2]/C,lane_product_reg_reg[86][17]/D
474,-0.351,2.333,7,operand_x_reg_reg[42][7]/C,lane_product_reg_reg[42][11]/D
475,-0.351,2.331,7,operand_x_reg_reg[53][2]/C,lane_product_reg_reg[53][6]/D
476,-0.351,2.332,7,operand_x_reg_reg[21][9]/C,lane_product_reg_reg[21][18]/D
477,-0.351,2.332,7,operand_coeff_reg_reg[35][0]/C,lane_product_reg_reg[35][5]/D
478,-0.351,2.332,7,operand_coeff_reg_reg[6][3]/C,lane_product_reg_reg[6][15]/D
479,-0.351,2.331,7,operand_coeff_reg_reg[36][7]/C,lane_product_reg_reg[36][19]/D
480,-0.351,2.331,7,operand_coeff_reg_reg[16][7]/C,lane_product_reg_reg[16][13]/D
481,-0.350,2.332,7,operand_coeff_reg_reg[19][5]/C,lane_product_reg_reg[70][9]/D
482,-0.350,2.332,7,operand_x_reg_reg[92][7]/C,lane_product_reg_reg[124][18]/D
483,-0.350,2.330,7,operand_coeff_reg_reg[41][2]/C,lane_product_reg_reg[24][5]/D
484,-0.350,2.331,7,operand_coeff_reg_reg[29][3]/C,lane_product_reg_reg[45][21]/D
485,-0.350,2.331,7,operand_x_reg_reg[48][12]/C,lane_product_reg_reg[48][14]/D
486,-0.350,2.331,7,operand_x_reg_reg[37][7]/C,lane_product_reg_reg[69][22]/D
487,-0.350,2.333,7,operand_coeff_reg_reg[80][5]/C,lane_product_reg_reg[80][15]/D
488,-0.350,2.331,7,operand_coeff_reg_reg[58][5]/C,lane_product_reg_reg[58][19]/D
489,-0.350,2.331,7,operand_x_reg_reg[32][0]/C,lane_product_reg_reg[64][10]/D
490,-0.350,2.331,7,operand_x_reg_reg[32][0]/C,lane_product_reg_reg[64][13]/D
491,-0.350,2.332,7,operand_x_reg_reg[95][1]/C,lane_product_reg_reg[95][5]/D
492,-0.350,2.330,7,operand_coeff_reg_reg[6][3]/C,lane_product_reg_reg[6][6]/D
493,-0.350,2.331,7,operand_coeff_reg_reg[87][3]/C,lane_product_reg_reg[87][17]/D
494,-0.350,2.331,7,operand_x_reg_reg[11][7]/C,lane_product_reg_reg[11][10]/D
495,-0.350,2.331,7,operand_coeff_reg_reg[5][7]/C,lane_product_reg_reg[5][6]/D
496,-0.350,2.330,7,operand_coeff_reg_reg[5][7]/C,lane_product_reg_reg[5][19]/D
497,-0.350,2.330,7,operand_coeff_reg_reg[5][7]/C,lane_product_reg_reg[5][21]/D
498,-0.349,2.332,7,operand_coeff_reg_reg[80][5]/C,lane_product_reg_reg[80][22]/D
499,-0.349,2.330,7,operand_coeff_reg_reg[112][6]/C,lane_product_reg_reg[112][19]/D
500,-0.349,2.331,7,operand_x_reg_reg[92][7]/C,lane_product_reg_reg[124][10]/D
501,-0.349,2.331,7,operand_x_reg_reg[28][5]/C,lane_product_reg_reg[60][5]/D
502,-0.349,2.332,7,operand_coeff_reg_reg[78][4]/C,lane_product_reg_reg[78][5]/D
503,-0.349,2.330,7,operand_x_reg_reg[32][0]/C,lane_product_reg_reg[64][21]/D
504,-0.349,2.332,7,operand_x_reg_reg[95][15]/C,lane_product_reg_reg[95][21]/D
505,-0.349,2.330,7,operand_coeff_reg_reg[117][5]/C,lane_product_reg_reg[117][12]/D
506,-0.349,2.330,7,operand_coeff_reg_reg[23][3]/C,lane_product_reg_reg[23][7]/D
507,-0.349,2.329,7,operand_x_reg_reg[0][3]/C,lane_product_reg_reg[0][5]/D
508,-0.349,2.330,7,operand_coeff_reg_reg[117][5]/C,lane_product_reg_reg[117][14]/D
509,-0.349,2.329,7,operand_coeff_reg_reg[20][4]/C,lane_product_reg_reg[20][8]/D
510,-0.349,2.330,7,operand_coeff_reg_reg[23][3]/C,lane_product_reg_reg[23][3]/D
511,-0.349,2.330,7,operand_coeff_reg_reg[32][3]/C,lane_product_reg_reg[32][14]/D
512,-0.349,2.330,7,operand_coeff_reg_reg[26][3]/C,lane_product_reg_reg[26][18]/D
513,-0.349,2.330,7,operand_coeff_reg_reg[33][0]/C,lane_product_reg_reg[33][36]/D
514,-0.349,2.330,7,operand_coeff_reg_reg[35][0]/C,lane_product_reg_reg[35][13]/D
515,-0.349,2.330,7,operand_coeff_reg_reg[68][6]/C,lane_product_reg_reg[114][16]/D
516,-0.349,2.330,7,operand_coeff_reg_reg[126][7]/C,lane_product_reg_reg[126][35]/D
517,-0.349,2.330,7,operand_coeff_reg_reg[61][6]/C,lane_product_reg_reg[84][15]/D
518,-0.349,2.330,7,operand_coeff_reg_reg[79][7]/C,lane_product_reg_reg[48][20]/D
519,-0.349,2.329,7,operand_coeff_reg_reg[108][7]/C,lane_product_reg_reg[108][38]/D
520,-0.349,2.329,7,operand_x_reg_reg[5][15]/C,lane_product_reg_reg[5][37]/D
521,-0.348,2.331,7,operand_coeff_reg_reg[19][5]/C,lane_product_reg_reg[19][20]/D
522,-0.348,2.329,7,operand_x_reg_reg[47][0]/C,lane_product_reg_reg[47][0]/D
523,-0.348,2.329,7,operand_x_reg_reg[32][0]/C,lane_product_reg_reg[64][19]/D
524,-0.348,2.331,7,operand_coeff_reg_reg[119][6]/C,lane_product_reg_reg[89][12]/D
525,-0.348,2.329,7,operand_coeff_reg_reg[104][1]/C,lane_product_reg_reg[104][35]/D
526,-0.348,2.331,7,operand_coeff_reg_reg[10][6]/C,lane_product_reg_reg[10][6]/D
527,-0.348,2.331,7,operand_x_reg_reg[49][11]/C,lane_product_reg_reg[49][19]/D
528,-0.348,2.329,7,operand_coeff_reg_reg[109][0]/C,lane_product_reg_reg[94][4]/D
529,-0.348,2.329,7,operand_coeff_reg_reg[50][3]/C,lane_product_reg_reg[50][22]/D
530,-0.348,2.329,7,operand_coeff_reg_reg[50][3]/C,lane_product_reg_reg[50][37]/D
531,-0.348,2.330,7,operand_coeff_reg_reg[68][6]/C,lane_product_reg_reg[114][17]/D
532,-0.348,2.329,7,operand_x_reg_reg[95][14]/C,lane_product_reg_reg[127][15]/D
533,-0.348,2.328,7,operand_x_reg_reg[11][15]/C,lane_product_reg_reg[11][37]/D
534,-0.347,2.329,7,operand_x_reg_reg[94][15]/C,lane_product_reg_reg[94][22]/D
535,-0.347,2.328,7,operand_coeff_reg_reg[121][6]/C,lane_product_reg_reg[121][17]/D
536,-0.347,2.330,7,operand_coeff_reg_reg[80][5]/C,lane_product_reg_reg[80][20]/D
537,-0.347,2.330,7,operand_coeff_reg_reg[10][6]/C,lane_product_reg_reg[10][9]/D
538,-0.347,2.328,7,operand_coeff_reg_reg[113][1]/C,lane_product_reg_reg[113][3]/D
539,-0.347,2.327,7,operand_x_reg_reg[36][3]/C,lane_product_reg_reg[68][15]/D
540,-0.347,2.329,7,operand_coeff_reg_reg[19][5]/C,lane_product_reg_reg[70][13]/D
541,-0.347,2.328,7,operand_coeff_reg_reg[110][4]/C,lane_product_reg_reg[98][11]/D
542,-0.347,2.328,7,operand_coeff_reg_reg[18][1]/C,lane_product_reg_reg[18][20]/D
543,-0.347,2.328,7,operand_x_reg_reg[38][2]/C,lane_product_reg_reg[38][15]/D
544,-0.347,2.330,7,operand_x_reg_reg[34][11]/C,lane_product_reg_reg[66][11]/D
545,-0.347,2.328,7,operand_x_reg_reg[36][3]/C,lane_product_reg_reg[68][36]/D
546,-0.347,2.330,7,operand_coeff_reg_reg[119][6]/C,lane_product_reg_reg[89][22]/D
547,-0.347,2.328,7,operand_coeff_reg_reg[32][3]/C,lane_product_reg_reg[32][6]/D
548,-0.347,2.328,7,operand_x_reg_reg[98][11]/C,lane_product_reg_reg[98][35]/D
549,-0.347,2.329,7,operand_x_reg_reg[46][15]/C,lane_product_reg_reg[78][37]/D
550,-0.347,2.327,7,operand_coeff_reg_reg[79][7]/C,lane_product_reg_reg[79][11]/D
551,-0.346,2.329,7,operand_x_reg_reg[41][9]/C,lane_product_reg_reg[73][10]/D
552,-0.346,2.328,7,operand_coeff_reg_reg[80][5]/C,lane_product_reg_reg[80][6]/D
553,-0.346,2.327,7,operand_coeff_reg_reg[29][3]/C,lane_product_reg_reg[45][37]/D
554,-0.346,2.329,7,operand_coeff_reg_reg[19][5]/C,lane_product_reg_reg[70][8]/D
555,-0.346,2.327,7,operand_coeff_reg_reg[34][3]/C,lane_product_reg_reg[34][21]/D
556,-0.346,2.327,7,operand_coeff_reg_reg[109][0]/C,lane_product_reg_reg[94][15]/D
557,-0.346,2.329,7,operand_x_reg_reg[95][15]/C,lane_product_reg_reg[95][17]/D
558,-0.346,2.326,7,operand_x_reg_reg[13][2]/C,lane_product_reg_reg[13][11]/D
559,-0.346,2.327,7,operand_coeff_reg_reg[59][3]/C,lane_product_reg_reg[59][5]/D
560,-0.346,2.327,7,operand_coeff_reg_reg[23][3]/C,lane_product_reg_reg[23][6]/D
561,-0.346,2.327,7,operand_coeff_reg_reg[23][3]/C,lane_product_reg_reg[23][9]/D
562,-0.346,2.327,7,operand_coeff_reg_reg[35][0]/C,lane_product_reg_reg[35][4]/D
563,-0.346,2.327,7,operand_coeff_reg_reg[66][3]/C,lane_product_reg_reg[66][5]/D
564,-0.346,2.327,7,operand_x_reg_reg[51][15]/C,lane_product_reg_reg[83][22]/D
565,-0.346,2.328,7,operand_coeff_reg_reg[72][6]/C,lane_product_reg_reg[119][20]/D
566,-0.346,2.328,7,operand_coeff_reg_reg[8][2]/C,lane_product_reg_reg[67][15]/D
567,-0.345,2.326,7,operand_coeff_reg_reg[95][7]/C,lane_product_reg_reg[95][14]/D
568,-0.345,2.326,7,operand_coeff_reg_reg[41][2]/C,lane_product_reg_reg[24][8]/D
569,-0.345,2.326,7,operand_coeff_reg_reg[34][3]/C,lane_product_reg_reg[34][7]/D
570,-0.345,2.328,7,operand_coeff_reg_reg[62][6]/C,lane_product_reg_reg[62][7]/D
571,-0.345,2.326,7,operand_x_reg_reg[32][0]/C,lane_product_reg_reg[64][14]/D
572,-0.345,2.326,7,operand_x_reg_reg[32][0]/C,lane_product_reg_reg[64][16]/D
573,-0.345,2.325,7,operand_coeff_reg_reg[75][3]/C,lane_product_reg_reg[75][9]/D
574,-0.345,2.328,7,operand_coeff_reg_reg[80][5]/C,lane_product_reg_reg[80][19]/D
575,-0.345,2.327,7,operand_x_reg_reg[92][7]/C,lane_product_reg_reg[124][12]/D
576,-0.345,2.326,7,operand_coeff_reg_reg[57][3]/C,lane_product_reg_reg[57][4]/D
577,-0.345,2.328,7,operand_coeff_reg_reg[19][5]/C,lane_product_reg_reg[70][6]/D
578,-0.345,2.326,7,operand_x_reg_reg[0][3]/C,lane_product_reg_reg[0][13]/D
579,-0.345,2.326,7,operand_coeff_reg_reg[35][0]/C,lane_product_reg_reg[35][8]/D
580,-0.345,2.326,7,operand_x_reg_reg[7][14]/C,lane_product_reg_reg[7][22]/D
581,-0.345,2.326,7,operand_x_reg_reg[95][14]/C,lane_product_reg_reg[127][22]/D
582,-0.345,2.327,7,operand_x_reg_reg[54][15]/C,lane_product_reg_reg[54][22]/D
583,-0.344,2.325,7,operand_coeff_reg_reg[28][6]/C,lane_product_reg_reg[121][4]/D
584,-0.344,2.326,7,operand_coeff_reg_reg[14][3]/C,lane_product_reg_reg[14][13]/D
585,-0.344,2.325,7,operand_x_reg_reg[46][5]/C,lane_product_reg_reg[46][14]/D
586,-0.344,2.325,7,operand_x_reg_reg[28][8]/C,lane_product_reg_reg[60][20]/D
587,-0.344,2.325,7,operand_coeff_reg_reg[9][2]/C,lane_product_reg_reg[9][17]/D
588,-0.344,2.327,7,operand_coeff_reg_reg[79][3]/C,lane_product_reg_reg[118][7]/D
589,-0.344,2.325,7,operand_coeff_reg_reg[56][4]/C,lane_product_reg_reg[56][19]/D
590,-0.344,2.325,7,operand_x_reg_reg[55][7]/C,lane_product_reg_reg[55][13]/D
591,-0.344,2.325,7,operand_x_reg_reg[46][7]/C,lane_product_reg_reg[78][12]/D
592,-0.344,2.325,7,operand_x_reg_reg[46][7]/C,lane_product_reg_reg[78][13]/D
593,-0.344,2.326,7,operand_x_reg_reg[116][9]/C,lane_product_reg_reg[116][13]/D
594,-0.344,2.324,7,operand_x_reg_reg[21][9]/C,lane_product_reg_reg[21][16]/D
595,-0.344,2.325,7,operand_coeff_reg_reg[59][3]/C,lane_product_reg_reg[59][11]/D
596,-0.344,2.325,7,operand_coeff_reg_reg[97][2]/C,lane_product_reg_reg[97][20]/D
597,-0.344,2.327,7,operand_coeff_reg_reg[56][3]/C,lane_product_reg_reg[71][10]/D
598,-0.344,2.325,7,operand_coeff_reg_reg[126][7]/C,lane_product_reg_reg[126][20]/D
599,-0.344,2.325,7,operand_coeff_reg_reg[65][7]/C,lane_product_reg_reg[65][7]/D
600,-0.344,2.323,7,operand_coeff_reg_reg[16][7]/C,lane_product_reg_reg[16][16]/D
601,-0.343,2.326,7,operand_x_reg_reg[41][1]/C,lane_product_reg_reg[41][3]/D
602,-0.343,2.324,7,operand_x_reg_reg[55][14]/C,lane_product_reg_reg[55][16]/D
603,-0.343,2.326,7,operand_coeff_reg_reg[80][5]/C,lane_product_reg_reg[80][21]/D
604,-0.343,2.326,7,operand_coeff_reg_reg[79][3]/C,lane_product_reg_reg[118][11]/D
605,-0.343,2.324,7,operand_x_reg_reg[55][7]/C,lane_product_reg_reg[55][11]/D
606,-0.343,2.324,7,operand_x_reg_reg[46][7]/C,lane_product_reg_reg[78][21]/D
607,-0.343,2.324,7,operand_coeff_reg_reg[26][3]/C,lane_product_reg_reg[26][5]/D
608,-0.343,2.324,7,operand_coeff_reg_reg[87][3]/C,lane_product_reg_reg[87][12]/D
609,-0.343,2.324,7,operand_coeff_reg_reg[101][3]/C,lane_product_reg_reg[101][20]/D
610,-0.343,2.324,7,operand_x_reg_reg[15][7]/C,lane_product_reg_reg[15][14]/D
611,-0.343,2.324,7,operand_coeff_reg_reg[74][6]/C,lane_product_reg_reg[74][7]/D
612,-0.343,2.325,7,operand_coeff_reg_reg[68][6]/C,lane_product_reg_reg[114][18]/D
613,-0.343,2.323,7,operand_coeff_reg_reg[77][7]/C,lane_product_reg_reg[77][21]/D
614,-0.343,2.324,7,operand_coeff_reg_reg[65][7]/C,lane_product_reg_reg[65][15]/D
615,-0.343,2.323,7,operand_x_reg_reg[28][15]/C,lane_product_reg_reg[60][37]/D
616,-0.343,2.323,7,operand_x_reg_reg[47][2]/C,lane_product_reg_reg[47][18]/D
617,-0.343,2.325,7,operand_x_reg_reg[47][15]/C,lane_product_reg_reg[47][21]/D
618,-0.342,2.325,7,operand_coeff_reg_reg[30][5]/C,lane_product_reg_reg[29][20]/D
619,-0.342,2.325,7,operand_coeff_reg_reg[19][5]/C,lane_product_reg_reg[19][6]/D
620,-0.342,2.325,7,operand_x_reg_reg[39][4]/C,lane_product_reg_reg[39][5]/D
621,-0.342,2.322,7,operand_x_reg_reg[52][3]/C,lane_product_reg_reg[52][7]/D
622,-0.342,2.323,7,operand_coeff_reg_reg[57][3]/C,lane_product_reg_reg[57][18]/D
623,-0.342,2.323,7,operand_x_reg_reg[38][2]/C,lane_product_reg_reg[38][20]/D
624,-0.342,2.324,7,operand_x_reg_reg[41][4]/C,lane_product_reg_reg[41][7]/D
625,-0.342,2.323,7,operand_coeff_reg_reg[75][3]/C,lane_product_reg_reg[75][10]/D
626,-0.342,2.323,7,operand_coeff_reg_reg[32][3]/C,lane_product_reg_reg[32][17]/D
627,-0.342,2.323,7,operand_coeff_reg_reg[59][3]/C,lane_product_reg_reg[59][19]/D
628,-0.342,2.323,7,operand_coeff_reg_reg[112][1]/C,lane_product_reg_reg[112][4]/D
629,-0.342,2.323,7,operand_coeff_reg_reg[23][3]/C,lane_product_reg_reg[23][16]/D
630,-0.342,2.323,7,operand_coeff_reg_reg[31][3]/C,lane_product_reg_reg[31][7]/D
631,-0.342,2.323,7,operand_coeff_reg_reg[87][3]/C,lane_product_reg_reg[87][9]/D
632,-0.342,2.323,7,operand_coeff_reg_reg[87][3]/C,lane_product_reg_reg[87][10]/D
633,-0.342,2.322,7,operand_coeff_reg_reg[5][7]/C,lane_product_reg_reg[5][9]/D
634,-0.342,2.324,7,operand_x_reg_reg[54][15]/C,lane_product_reg_reg[54][21]/D
635,-0.342,2.322,7,operand_coeff_reg_reg[36][7]/C,lane_product_reg_reg[36][16]/D
636,-0.342,2.322,7,operand_coeff_reg_reg[36][7]/C,lane_product_reg_reg[36][14]/D
637,-0.342,2.324,7,operand_x_reg_reg[54][15]/C,lane_product_reg_reg[54][18]/D
638,-0.341,2.324,7,operand_coeff_reg_reg[30][5]/C,lane_product_reg_reg[29][17]/D
639,-0.341,2.324,7,operand_coeff_reg_reg[30][5]/C,lane_product_reg_reg[29][19]/D
640,-0.341,2.322,7,operand_x_reg_reg[44][7]/C,lane_product_reg_reg[76][19]/D
641,-0.341,2.323,7,operand_x_reg_reg[95][1]/C,lane_product_reg_reg[95][8]/D
642,-0.341,2.322,7,operand_coeff_reg_reg[18][1]/C,lane_product_reg_reg[18][8]/D
643,-0.341,2.322,7,operand_x_reg_reg[53][2]/C,lane_product_reg_reg[53][18]/D
644,-0.341,2.322,7,operand_x_reg_reg[13][2]/C,lane_product_reg_reg[13][7]/D
645,-0.341,2.322,7,operand_coeff_reg_reg[63][4]/C,lane_product_reg_reg[63][7]/D
646,-0.341,2.321,7,operand_coeff_reg_reg[96][3]/C,lane_product_reg_reg[96][16]/D
647,-0.341,2.323,7,operand_x_reg_reg[116][9]/C,lane_product_reg_reg[116][18]/D
648,-0.341,2.322,7,operand_coeff_reg_reg[35][0]/C,lane_product_reg_reg[35][17]/D
649,-0.341,2.322,7,operand_coeff_reg_reg[76][2]/C,lane_product_reg_reg[109][9]/D
650,-0.341,2.322,7,operand_coeff_reg_reg[16][0]/C,lane_product_reg_reg[100][6]/D
651,-0.341,2.321,7,operand_x_reg_reg[39][15]/C,lane_product_reg_reg[39][22]/D
652,-0.341,2.322,7,operand_coeff_reg_reg[72][6]/C,lane_product_reg_reg[119][22]/D
653,-0.340,2.321,7,operand_coeff_reg_reg[106][7]/C,lane_product_reg_reg[106][12]/D
654,-0.340,2.323,7,operand_coeff_reg_reg[31][2]/C,lane_product_reg_reg[86][4]/D
655,-0.340,2.321,7,operand_coeff_reg_reg[57][3]/C,lane_product_reg_reg[57][9]/D
656,-0.340,2.322,7,operand_coeff_reg_reg[19][5]/C,lane_product_reg_reg[70][12]/D
657,-0.340,2.321,7,operand_coeff_reg_reg[9][2]/C,lane_product_reg_reg[9][14]/D
658,-0.340,2.321,7,operand_coeff_reg_reg[87][3]/C,lane_product_reg_reg[87][15]/D
659,-0.340,2.321,7,operand_coeff_reg_reg[97][2]/C,lane_product_reg_reg[97][5]/D
660,-0.340,2.321,7,operand_coeff_reg_reg[50][3]/C,lane_product_reg_reg[50][9]/D
661,-0.340,2.321,7,operand_coeff_reg_reg[6][3]/C,lane_product_reg_reg[6][10]/D
662,-0.340,2.321,7,operand_x_reg_reg[98][11]/C,lane_product_reg_reg[98][12]/D
663,-0.340,2.322,7,operand_x_reg_reg[41][15]/C,lane_product_reg_reg[73][18]/D
664,-0.340,2.320,7,operand_coeff_reg_reg[1][1]/C,lane_product_reg_reg[1][5]/D
665,-0.340,2.320,7,operand_coeff_reg_reg[16][7]/C,lane_product_reg_reg[16][19]/D
666,-0.340,2.320,7,operand_coeff_reg_reg[107][7]/C,lane_product_reg_reg[107][22]/D
667,-0.339,2.321,7,operand_coeff_reg_reg[36][2]/C,lane_product_reg_reg[105][13]/D
668,-0.339,2.322,7,operand_coeff_reg_reg[10][6]/C,lane_product_reg_reg[10][7]/D
669,-0.339,2.319,7,operand_x_reg_reg[52][3]/C,lane_product_reg_reg[52][15]/D
670,-0.339,2.319,7,operand_x_reg_reg[52][3]/C,lane_product_reg_reg[52][37]/D
671,-0.339,2.320,7,operand_coeff_reg_reg[57][3]/C,lane_product_reg_reg[57][17]/D
672,-0.339,2.320,7,operand_coeff_reg_reg[61][3]/C,lane_product_reg_reg[85][4]/D
673,-0.339,2.320,7,operand_coeff_reg_reg[43][3]/C,lane_product_reg_reg[43][37]/D
674,-0.339,2.320,7,operand_coeff_reg_reg[61][7]/C,lane_product_reg_reg[61][16]/D
675,-0.339,2.321,7,operand_x_reg_reg[40][2]/C,lane_product_reg_reg[40][7]/D
676,-0.339,2.320,7,operand_coeff_reg_reg[4][0]/C,lane_product_reg_reg[115][17]/D
677,-0.339,2.320,7,operand_coeff_reg_reg[111][0]/C,lane_product_reg_reg[100][22]/D
678,-0.339,2.320,7,operand_coeff_reg_reg[61][6]/C,lane_product_reg_reg[84][13]/D
679,-0.339,2.319,7,operand_coeff_reg_reg[1][1]/C,lane_product_reg_reg[1][12]/D
680,-0.338,2.320,7,operand_coeff_reg_reg[121][6]/C,lane_product_reg_reg[121][7]/D
681,-0.338,2.320,7,operand_coeff_reg_reg[121][6]/C,lane_product_reg_reg[127][9]/D
682,-0.338,2.320,7,operand_coeff_reg_reg[30][5]/C,lane_product_reg_reg[29][10]/D
683,-0.338,2.321,7,operand_coeff_reg_reg[30][5]/C,lane_product_reg_reg[29][21]/D
684,-0.338,2.319,7,operand_coeff_reg_reg[104][1]/C,lane_product_reg_reg[104][1]/D
685,-0.338,2.321,7,operand_coeff_reg_reg[19][5]/C,lane_product_reg_reg[19][10]/D
686,-0.338,2.319,7,operand_x_reg_reg[55][14]/C,lane_product_reg_reg[55][20]/D
687,-0.338,2.321,7,operand_coeff_reg_reg[79][3]/C,lane_product_reg_reg[118][17]/D
688,-0.338,2.321,7,operand_x_reg_reg[30][11]/C,lane_product_reg_reg[30][12]/D
689,-0.338,2.321,7,operand_x_reg_reg[44][3]/C,lane_product_reg_reg[44][5]/D
690,-0.338,2.319,7,operand_coeff_reg_reg[75][3]/C,lane_product_reg_reg[75][4]/D
691,-0.338,2.319,7,operand_x_reg_reg[93][11]/C,lane_product_reg_reg[93][21]/D
692,-0.338,2.318,7,operand_coeff_reg_reg[109][0]/C,lane_product_reg_reg[94][17]/D
693,-0.338,2.319,7,operand_coeff_reg_reg[117][5]/C,lane_product_reg_reg[117][9]/D
694,-0.338,2.319,7,operand_x_reg_reg[17][6]/C,lane_product_reg_reg[17][22]/D
695,-0.338,2.319,7,operand_coeff_reg_reg[23][3]/C,lane_product_reg_reg[23][22]/D
696,-0.338,2.319,7,operand_coeff_reg_reg[32][3]/C,lane_product_reg_reg[32][36]/D
697,-0.338,2.319,7,operand_coeff_reg_reg[59][3]/C,lane_product_reg_reg[59][16]/D
698,-0.338,2.319,7,operand_coeff_reg_reg[5][3]/C,lane_product_reg_reg[5][4]/D
699,-0.338,2.318,7,operand_coeff_reg_reg[6][3]/C,lane_product_reg_reg[6][8]/D
700,-0.338,2.319,7,operand_coeff_reg_reg[96][3]/C,lane_product_reg_reg[96][21]/D
701,-0.338,2.319,7,operand_x_reg_reg[17][6]/C,lane_product_reg_reg[17][12]/D
702,-0.338,2.319,7,operand_x_reg_reg[21][9]/C,lane_product_reg_reg[21][22]/D
703,-0.338,2.319,7,operand_coeff_reg_reg[4][0]/C,lane_product_reg_reg[115][15]/D
704,-0.338,2.319,7,operand_coeff_reg_reg[61][6]/C,lane_product_reg_reg[84][36]/D
705,-0.338,2.319,7,operand_coeff_reg_reg[79][7]/C,lane_product_reg_reg[48][21]/D
706,-0.338,2.318,7,operand_x_reg_reg[30][15]/C,lane_product_reg_reg[62][20]/D
707,-0.338,2.317,7,operand_coeff_reg_reg[36][7]/C,lane_product_reg_reg[36][18]/D
708,-0.337,2.318,7,operand_coeff_reg_reg[95][7]/C,lane_product_reg_reg[95][15]/D
709,-0.337,2.319,7,operand_coeff_reg_reg[121][6]/C,lane_product_reg_reg[121][6]/D
710,-0.337,2.319,7,operand_coeff_reg_reg[68][6]/C,lane_product_reg_reg[114][11]/D
711,-0.337,2.318,7,operand_x_reg_reg[93][0]/C,lane_product_reg_reg[125][5]/D
712,-0.337,2.318,7,operand_x_reg_reg[92][7]/C,lane_product_reg_reg[124][8]/D
713,-0.337,2.320,7,operand_x_reg_reg[24][14]/C,lane_product_reg_reg[24][21]/D
714,-0.337,2.318,7,operand_coeff_reg_reg[112][6]/C,lane_product_reg_reg[112][20]/D
715,-0.337,2.318,7,operand_coeff_reg_reg[18][1]/C,lane_product_reg_reg[18][0]/D
716,-0.337,2.318,7,operand_coeff_reg_reg[101][3]/C,lane_product_reg_reg[101][14]/D
717,-0.337,2.318,7,operand_x_reg_reg[113][6]/C,lane_product_reg_reg[113][7]/D
718,-0.337,2.318,7,operand_coeff_reg_reg[87][3]/C,lane_product_reg_reg[87][6]/D
719,-0.337,2.317,7,operand_coeff_reg_reg[96][3]/C,lane_product_reg_reg[96][9]/D
720,-0.337,2.318,7,operand_coeff_reg_reg[76][2]/C,lane_product_reg_reg[109][6]/D
721,-0.337,2.320,7,operand_x_reg_reg[90][0]/C,lane_product_reg_reg[90][2]/D
722,-0.337,2.318,7,operand_x_reg_reg[91][15]/C,lane_product_reg_reg[91][20]/D
723,-0.337,2.318,7,operand_coeff_reg_reg[126][7]/C,lane_product_reg_reg[126][13]/D
724,-0.337,2.317,7,operand_x_reg_reg[95][14]/C,lane_product_reg_reg[127][17]/D
725,-0.337,2.318,7,operand_x_reg_reg[95][14]/C,lane_product_reg_reg[127][18]/D
726,-0.337,2.317,7,operand_coeff_reg_reg[79][7]/C,lane_product_reg_reg[79][9]/D
727,-0.336,2.317,7,operand_coeff_reg_reg[106][7]/C,lane_product_reg_reg[106][10]/D
728,-0.336,2.318,7,operand_coeff_reg_reg[80][5]/C,lane_product_reg_reg[80][5]/D
729,-0.336,2.317,7,operand_coeff_reg_reg[104][1]/C,lane_product_reg_reg[104][20]/D
730,-0.336,2.317,7,operand_coeff_reg_reg[57][3]/C,lane_product_reg_reg[57][12]/D
731,-0.336,2.317,7,operand_coeff_reg_reg[2][2]/C,lane_product_reg_reg[2][5]/D
732,-0.336,2.317,7,operand_coeff_reg_reg[29][3]/C,lane_product_reg_reg[45][7]/D
733,-0.336,2.319,7,operand_x_reg_reg[49][11]/C,lane_product_reg_reg[49][37]/D
734,-0.336,2.317,7,operand_coeff_reg_reg[57][3]/C,lane_product_reg_reg[57][8]/D
735,-0.336,2.319,7,operand_coeff_reg_reg[19][5]/C,lane_product_reg_reg[70][3]/D
736,-0.336,2.317,7,operand_x_reg_reg[55][0]/C,lane_product_reg_reg[87][3]/D
737,-0.336,2.318,7,operand_coeff_reg_reg[36][2]/C,lane_product_reg_reg[105][14]/D
738,-0.336,2.317,7,operand_coeff_reg_reg[117][5]/C,lane_product_reg_reg[117][16]/D
739,-0.336,2.317,7,operand_coeff_reg_reg[59][3]/C,lane_product_reg_reg[59][37]/D
740,-0.336,2.317,7,operand_coeff_reg_reg[20][4]/C,lane_product_reg_reg[20][17]/D
741,-0.336,2.317,7,operand_coeff_reg_reg[32][3]/C,lane_product_reg_reg[32][19]/D
742,-0.336,2.317,7,operand_coeff_reg_reg[59][3]/C,lane_product_reg_reg[59][8]/D
743,-0.336,2.317,7,operand_coeff_reg_reg[8][4]/C,lane_product_reg_reg[8][8]/D
744,-0.336,2.317,7,operand_coeff_reg_reg[35][0]/C,lane_product_reg_reg[35][7]/D
745,-0.336,2.317,7,operand_coeff_reg_reg[6][3]/C,lane_product_reg_reg[6][17]/D
746,-0.336,2.317,7,operand_coeff_reg_reg[8][4]/C,lane_product_reg_reg[8][5]/D
747,-0.336,2.319,7,operand_x_reg_reg[44][15]/C,lane_product_reg_reg[44][22]/D
748,-0.336,2.317,7,operand_coeff_reg_reg[61][6]/C,lane_product_reg_reg[84][7]/D
749,-0.335,2.316,7,operand_coeff_reg_reg[106][7]/C,lane_product_reg_reg[106][14]/D
750,-0.335,2.316,7,operand_coeff_reg_reg[25][7]/C,lane_product_reg_reg[25][21]/D
751,-0.335,2.315,7,operand_x_reg_reg[46][5]/C,lane_product_reg_reg[46][6]/D
752,-0.335,2.315,7,operand_x_reg_reg[52][3]/C,lane_product_reg_reg[52][9]/D
753,-0.335,2.315,7,operand_coeff_reg_reg[34][3]/C,lane_product_reg_reg[34][9]/D
754,-0.335,2.318,7,operand_x_reg_reg[44][10]/C,lane_product_reg_reg[44][13]/D
755,-0.335,2.316,7,operand_coeff_reg_reg[112][6]/C,lane_product_reg_reg[112][14]/D
756,-0.335,2.316,7,operand_x_reg_reg[93][12]/C,lane_product_reg_reg[125][22]/D
757,-0.335,2.316,7,operand_x_reg_reg[30][9]/C,lane_product_reg_reg[62][19]/D
758,-0.335,2.316,7,operand_coeff_reg_reg[12][7]/C,lane_product_reg_reg[12][21]/D
759,-0.335,2.316,7,operand_x_reg_reg[0][0]/C,lane_product_reg_reg[0][1]/D
760,-0.335,2.316,7,operand_coeff_reg_reg[43][3]/C,lane_product_reg_reg[43][15]/D
761,-0.335,2.316,7,operand_x_reg_reg[35][5]/C,lane_product_reg_reg[67][7]/D
762,-0.335,2.316,7,operand_x_reg_reg[91][15]/C,lane_product_reg_reg[91][21]/D
763,-0.335,2.315,7,operand_x_reg_reg[49][15]/C,lane_product_reg_reg[81][20]/D
764,-0.335,2.315,7,operand_coeff_reg_reg[79][7]/C,lane_product_reg_reg[79][21]/D
765,-0.335,2.317,7,operand_x_reg_reg[93][15]/C,lane_product_reg_reg[93][35]/D
766,-0.334,2.315,7,operand_coeff_reg_reg[106][7]/C,lane_product_reg_reg[106][13]/D
767,-0.334,2.317,7,operand_coeff_reg_reg[51][4]_replica/C,lane_product_reg_reg[80][1]/D
768,-0.334,2.315,7,operand_coeff_reg_reg[0][0]/C,lane_product_reg_reg[115][2]/D
769,-0.334,2.317,7,operand_coeff_reg_reg[19][5]/C,lane_product_reg_reg[19][9]/D
770,-0.334,2.315,7,operand_x_reg_reg[93][0]/C,lane_product_reg_reg[125][3]/D
771,-0.334,2.315,7,operand_coeff_reg_reg[18][1]/C,lane_product_reg_reg[18][9]/D
772,-0.334,2.316,7,operand_x_reg_reg[42][7]/C,lane_product_reg_reg[42][12]/D
773,-0.334,2.315,7,operand_coeff_reg_reg[56][4]/C,lane_product_reg_reg[56][20]/D
774,-0.334,2.315,7,operand_coeff_reg_reg[58][5]/C,lane_product_reg_reg[58][8]/D
775,-0.334,2.316,7,operand_x_reg_reg[28][8]/C,lane_product_reg_reg[60][9]/D
776,-0.334,2.315,7,operand_x_reg_reg[32][0]/C,lane_product_reg_reg[64][12]/D
777,-0.334,2.315,7,operand_coeff_reg_reg[72][0]/C,lane_product_reg_reg[72][10]/D
778,-0.334,2.314,7,operand_x_reg_reg[0][3]/C,lane_product_reg_reg[0][16]/D
779,-0.334,2.315,7,operand_coeff_reg_reg[117][5]/C,lane_product_reg_reg[117][11]/D
780,-0.334,2.315,7,operand_coeff_reg_reg[66][3]/C,lane_product_reg_reg[66][9]/D
781,-0.334,2.315,7,operand_coeff_reg_reg[113][7]/C,lane_product_reg_reg[102][5]/D
782,-0.334,2.314,7,operand_coeff_reg_reg[1][1]/C,lane_product_reg_reg[1][7]/D
783,-0.333,2.314,7,operand_coeff_reg_reg[56][5]/C,lane_product_reg_reg[67][5]/D
784,-0.333,2.316,7,operand_coeff_reg_reg[30][5]/C,lane_product_reg_reg[29][37]/D
785,-0.333,2.313,7,operand_x_reg_reg[1][15]/C,lane_product_reg_reg[1][37]/D
786,-0.333,2.313,7,operand_x_reg_reg[30][2]/C,lane_product_reg_reg[62][2]/D
787,-0.333,2.315,7,operand_coeff_reg_reg[10][6]/C,lane_product_reg_reg[10][15]/D
788,-0.333,2.316,7,operand_coeff_reg_reg[79][3]/C,lane_product_reg_reg[118][13]/D
789,-0.333,2.316,7,operand_x_reg_reg[30][11]/C,lane_product_reg_reg[30][20]/D
790,-0.333,2.314,7,operand_coeff_reg_reg[101][3]/C,lane_product_reg_reg[101][18]/D
791,-0.333,2.314,7,operand_x_reg_reg[21][9]/C,lane_product_reg_reg[21][19]/D
792,-0.333,2.314,7,operand_coeff_reg_reg[26][3]/C,lane_product_reg_reg[26][19]/D
793,-0.333,2.313,7,operand_coeff_reg_reg[6][3]/C,lane_product_reg_reg[6][7]/D
794,-0.333,2.314,7,operand_coeff_reg_reg[8][4]/C,lane_product_reg_reg[8][7]/D
795,-0.333,2.314,7,operand_coeff_reg_reg[93][6]/C,lane_product_reg_reg[88][14]/D
796,-0.333,2.314,7,operand_coeff_reg_reg[76][2]/C,lane_product_reg_reg[109][13]/D
797,-0.333,2.314,7,operand_coeff_reg_reg[5][7]/C,lane_product_reg_reg[5][8]/D
798,-0.333,2.314,7,operand_coeff_reg_reg[4][0]/C,lane_product_reg_reg[115][12]/D
799,-0.333,2.314,7,operand_coeff_reg_reg[61][6]/C,lane_product_reg_reg[84][10]/D
800,-0.333,2.314,7,operand_coeff_reg_reg[74][7]/C,lane_product_reg_reg[74][18]/D
801,-0.332,2.313,7,operand_x_reg_reg[93][12]/C,lane_product_reg_reg[125][20]/D
802,-0.332,2.313,7,operand_coeff_reg_reg[34][3]/C,lane_product_reg_reg[34][2]/D
803,-0.332,2.312,7,operand_coeff_reg_reg[110][4]/C,lane_product_reg_reg[98][4]/D
804,-0.332,2.313,7,operand_coeff_reg_reg[72][0]/C,lane_product_reg_reg[49][4]/D
805,-0.332,2.315,7,operand_coeff_reg_reg[19][5]/C,lane_product_reg_reg[70][2]/D
806,-0.332,2.312,7,operand_x_reg_reg[44][7]/C,lane_product_reg_reg[76][14]/D
807,-0.332,2.315,7,operand_coeff_reg_reg[79][3]/C,lane_product_reg_reg[79][5]/D
808,-0.332,2.312,7,operand_coeff_reg_reg[91][1]/C,lane_product_reg_reg[91][6]/D
809,-0.332,2.313,7,operand_coeff_reg_reg[112][6]/C,lane_product_reg_reg[112][15]/D
810,-0.332,2.314,7,operand_x_reg_reg[92][7]/C,lane_product_reg_reg[124][20]/D
811,-0.332,2.315,7,operand_x_reg_reg[30][11]/C,lane_product_reg_reg[30][22]/D
812,-0.332,2.314,7,operand_x_reg_reg[42][0]/C,lane_product_reg_reg[42][3]/D
813,-0.332,2.312,7,operand_coeff_reg_reg[20][4]/C,lane_product_reg_reg[20][9]/D
814,-0.332,2.313,7,operand_coeff_reg_reg[21][3]/C,lane_product_reg_reg[21][2]/D
815,-0.332,2.313,7,operand_coeff_reg_reg[26][3]/C,lane_product_reg_reg[26][17]/D
816,-0.332,2.313,7,operand_coeff_reg_reg[50][3]/C,lane_product_reg_reg[50][17]/D
817,-0.332,2.313,7,operand_coeff_reg_reg[66][3]/C,lane_product_reg_reg[66][2]/D
818,-0.332,2.313,7,operand_coeff_reg_reg[96][3]/C,lane_product_reg_reg[96][14]/D
819,-0.332,2.313,7,operand_x_reg_reg[17][6]/C,lane_product_reg_reg[17][13]/D
820,-0.332,2.313,7,operand_coeff_reg_reg[8][4]/C,lane_product_reg_reg[8][6]/D
821,-0.331,2.312,7,operand_coeff_reg_reg[106][7]/C,lane_product_reg_reg[106][21]/D
822,-0.331,2.313,7,operand_coeff_reg_reg[119][6]/C,lane_product_reg_reg[89][2]/D
823,-0.331,2.311,7,operand_coeff_reg_reg[109][0]/C,lane_product_reg_reg[94][9]/D
824,-0.331,2.312,7,operand_coeff_reg_reg[41][2]/C,lane_product_reg_reg[24][12]/D
825,-0.331,2.314,7,operand_x_reg_reg[28][5]/C,lane_product_reg_reg[28][6]/D
826,-0.331,2.312,7,operand_coeff_reg_reg[58][5]/C,lane_product_reg_reg[58][16]/D
827,-0.331,2.313,7,operand_coeff_reg_reg[58][0]/C,lane_product_reg_reg[58][2]/D
828,-0.331,2.312,7,operand_coeff_reg_reg[75][3]/C,lane_product_reg_reg[75][7]/D
829,-0.331,2.312,7,operand_coeff_reg_reg[109][0]/C,lane_product_reg_reg[94][1]/D
830,-0.331,2.312,7,operand_coeff_reg_reg[23][3]/C,lane_product_reg_reg[23][15]/D
831,-0.331,2.312,7,operand_coeff_reg_reg[33][0]/C,lane_product_reg_reg[33][7]/D
832,-0.331,2.312,7,operand_coeff_reg_reg[43][3]/C,lane_product_reg_reg[43][13]/D
833,-0.331,2.312,7,operand_coeff_reg_reg[87][3]/C,lane_product_reg_reg[87][14]/D
834,-0.331,2.312,7,operand_coeff_reg_reg[117][5]/C,lane_product_reg_reg[117][21]/D
835,-0.331,2.312,7,operand_coeff_reg_reg[119][0]/C,lane_product_reg_reg[119][2]/D
836,-0.331,2.311,7,operand_x_reg_reg[13][2]/C,lane_product_reg_reg[13][21]/D
837,-0.331,2.312,7,operand_coeff_reg_reg[26][3]/C,lane_product_reg_reg[26][6]/D
838,-0.331,2.312,7,operand_coeff_reg_reg[92][1]/C,lane_product_reg_reg[92][2]/D
839,-0.331,2.312,7,operand_coeff_reg_reg[96][3]/C,lane_product_reg_reg[96][6]/D
840,-0.331,2.312,7,operand_coeff_reg_reg[93][6]/C,lane_product_reg_reg[88][10]/D
841,-0.331,2.312,7,operand_coeff_reg_reg[61][7]/C,lane_product_reg_reg[61][13]/D
842,-0.331,2.312,7,operand_x_reg_reg[35][5]/C,lane_product_reg_reg[67][12]/D
843,-0.331,2.312,7,operand_coeff_reg_reg[74][7]/C,lane_product_reg_reg[74][16]/D
844,-0.331,2.312,7,operand_coeff_reg_reg[74][7]/C,lane_product_reg_reg[74][17]/D
845,-0.331,2.313,7,operand_x_reg_reg[90][12]/C,lane_product_reg_reg[90][20]/D
846,-0.331,2.310,7,operand_coeff_reg_reg[108][7]/C,lane_product_reg_reg[108][17]/D
847,-0.331,2.311,7,operand_coeff_reg_reg[14][7]/C,lane_product_reg_reg[14][22]/D
848,-0.331,2.313,7,operand_x_reg_reg[54][15]/C,lane_product_reg_reg[54][17]/D
849,-0.330,2.313,7,operand_coeff_reg_reg[31][2]/C,lane_product_reg_reg[86][2]/D
850,-0.330,2.310,7,operand_x_reg_reg[93][4]/C,lane_product_reg_reg[93][8]/D
851,-0.330,2.310,7,operand_coeff_reg_reg[18][1]/C,lane_product_reg_reg[18][6]/D
852,-0.330,2.310,7,operand_coeff_reg_reg[57][3]/C,lane_product_reg_reg[3][18]/D
853,-0.330,2.311,7,operand_x_reg_reg[44][7]/C,lane_product_reg_reg[76][37]/D
854,-0.330,2.310,7,operand_coeff_reg_reg[91][1]/C,lane_product_reg_reg[91][3]/D
855,-0.330,2.311,7,operand_coeff_reg_reg[104][1]/C,lane_product_reg_reg[104][18]/D
856,-0.330,2.313,7,operand_coeff_reg_reg[79][3]/C,lane_product_reg_reg[118][16]/D
857,-0.330,2.312,7,operand_x_reg_reg[92][7]/C,lane_product_reg_reg[124][19]/D
858,-0.330,2.311,7,operand_x_reg_reg[93][4]/C,lane_product_reg_reg[93][6]/D
859,-0.330,2.311,7,operand_coeff_reg_reg[43][3]/C,lane_product_reg_reg[43][7]/D
860,-0.330,2.310,7,operand_coeff_reg_reg[31][3]/C,lane_product_reg_reg[31][17]/D
861,-0.330,2.311,7,operand_coeff_reg_reg[59][3]/C,lane_product_reg_reg[59][3]/D
862,-0.330,2.311,7,operand_coeff_reg_reg[83][3]/C,lane_product_reg_reg[83][14]/D
863,-0.330,2.311,7,operand_coeff_reg_reg[83][3]/C,lane_product_reg_reg[83][15]/D
864,-0.330,2.311,7,operand_x_reg_reg[11][7]/C,lane_product_reg_reg[11][15]/D
865,-0.330,2.313,7,operand_x_reg_reg[44][15]/C,lane_product_reg_reg[44][19]/D
866,-0.330,2.312,7,operand_x_reg_reg[41][15]/C,lane_product_reg_reg[73][21]/D
867,-0.330,2.311,7,operand_x_reg_reg[40][15]/C,lane_product_reg_reg[40][20]/D
868,-0.330,2.312,7,operand_coeff_reg_reg[8][2]/C,lane_product_reg_reg[67][17]/D
869,-0.329,2.309,7,operand_coeff_reg_reg[91][1]/C,lane_product_reg_reg[103][22]/D
870,-0.329,2.310,7,operand_x_reg_reg[36][3]/C,lane_product_reg_reg[68][16]/D
871,-0.329,2.309,7,operand_x_reg_reg[37][7]/C,lane_product_reg_reg[69][13]/D
872,-0.329,2.312,7,operand_x_reg_reg[88][8]/C,lane_product_reg_reg[120][17]/D
873,-0.329,2.312,7,operand_x_reg_reg[39][4]/C,lane_product_reg_reg[39][6]/D
874,-0.329,2.310,7,operand_x_reg_reg[46][5]/C,lane_product_reg_reg[46][17]/D
875,-0.329,2.312,7,operand_x_reg_reg[34][11]/C,lane_product_reg_reg[66][19]/D
876,-0.329,2.309,7,operand_x_reg_reg[37][7]/C,lane_product_reg_reg[69][8]/D
877,-0.329,2.310,7,operand_x_reg_reg[46][7]/C,lane_product_reg_reg[78][18]/D
878,-0.329,2.310,7,operand_x_reg_reg[93][11]/C,lane_product_reg_reg[93][18]/D
879,-0.329,2.310,7,operand_coeff_reg_reg[29][3]/C,lane_product_reg_reg[45][6]/D
880,-0.329,2.310,7,operand_coeff_reg_reg[31][3]/C,lane_product_reg_reg[31][20]/D
881,-0.329,2.310,7,operand_coeff_reg_reg[33][0]/C,lane_product_reg_reg[33][6]/D
882,-0.329,2.310,7,operand_coeff_reg_reg[82][2]/C,lane_product_reg_reg[82][19]/D
883,-0.329,2.309,7,operand_coeff_reg_reg[77][7]/C,lane_product_reg_reg[77][15]/D
884,-0.329,2.312,7,operand_x_reg_reg[88][15]/C,lane_product_reg_reg[88][22]/D
885,-0.329,2.310,7,operand_coeff_reg_reg[113][7]/C,lane_product_reg_reg[113][14]/D
886,-0.329,2.310,7,operand_coeff_reg_reg[111][0]/C,lane_product_reg_reg[100][13]/D
887,-0.329,2.310,7,operand_coeff_reg_reg[61][6]/C,lane_product_reg_reg[84][14]/D
888,-0.329,2.308,7,operand_coeff_reg_reg[108][7]/C,lane_product_reg_reg[108][22]/D
889,-0.329,2.310,7,operand_coeff_reg_reg[56][3]/C,lane_product_reg_reg[71][20]/D
890,-0.329,2.311,7,operand_x_reg_reg[88][15]/C,lane_product_reg_reg[120][35]/D
891,-0.328,2.309,7,operand_coeff_reg_reg[104][1]/C,lane_product_reg_reg[104][14]/D
892,-0.328,2.311,7,operand_x_reg_reg[88][8]/C,lane_product_reg_reg[120][12]/D
893,-0.328,2.309,7,operand_coeff_reg_reg[2][2]/C,lane_product_reg_reg[2][6]/D
894,-0.328,2.309,7,operand_coeff_reg_reg[4][3]/C,lane_product_reg_reg[4][15]/D
895,-0.328,2.310,7,operand_coeff_reg_reg[80][5]/C,lane_product_reg_reg[80][9]/D
896,-0.328,2.311,7,operand_x_reg_reg[28][5]/C,lane_product_reg_reg[28][17]/D
897,-0.328,2.311,7,operand_x_reg_reg[49][11]/C,lane_product_reg_reg[49][15]/D
898,-0.328,2.311,7,operand_x_reg_reg[34][11]/C,lane_product_reg_reg[66][13]/D
899,-0.328,2.309,7,operand_coeff_reg_reg[4][3]/C,lane_product_reg_reg[4][5]/D
900,-0.328,2.311,7,operand_x_reg_reg[49][13]/C,lane_product_reg_reg[81][15]/D
901,-0.328,2.310,7,operand_coeff_reg_reg[72][6]/C,lane_product_reg_reg[119][16]/D
902,-0.327,2.310,7,operand_coeff_reg_reg[51][4]_replica/C,lane_product_reg_reg[80][3]/D
903,-0.327,2.308,7,operand_x_reg_reg[36][3]/C,lane_product_reg_reg[68][22]/D
904,-0.327,2.309,7,operand_coeff_reg_reg[86][0]/C,lane_product_reg_reg[86][1]/D
905,-0.327,2.310,7,operand_x_reg_reg[24][14]/C,lane_product_reg_reg[24][19]/D
906,-0.327,2.308,7,operand_x_reg_reg[38][2]/C,lane_product_reg_reg[38][17]/D
907,-0.327,2.308,7,operand_coeff_reg_reg[57][3]/C,lane_product_reg_reg[57][16]/D
908,-0.327,2.308,7,operand_coeff_reg_reg[57][3]/C,lane_product_reg_reg[57][7]/D
909,-0.327,2.308,7,operand_coeff_reg_reg[112][6]/C,lane_product_reg_reg[112][37]/D
910,-0.327,2.308,7,operand_coeff_reg_reg[18][1]/C,lane_product_reg_reg[18][37]/D
911,-0.327,2.308,7,operand_x_reg_reg[46][7]/C,lane_product_reg_reg[78][20]/D
912,-0.327,2.307,7,operand_coeff_reg_reg[21][3]/C,lane_product_reg_reg[21][8]/D
913,-0.327,2.308,7,operand_coeff_reg_reg[33][0]/C,lane_product_reg_reg[33][22]/D
914,-0.327,2.307,7,operand_coeff_reg_reg[7][5]/C,lane_product_reg_reg[7][8]/D
915,-0.327,2.308,7,operand_coeff_reg_reg[117][5]/C,lane_product_reg_reg[117][22]/D
916,-0.327,2.308,7,operand_coeff_reg_reg[8][4]/C,lane_product_reg_reg[8][13]/D
917,-0.327,2.308,7,operand_coeff_reg_reg[77][7]/C,lane_product_reg_reg[77][17]/D
918,-0.327,2.308,7,operand_coeff_reg_reg[111][0]/C,lane_product_reg_reg[100][11]/D
919,-0.327,2.308,7,operand_coeff_reg_reg[61][6]/C,lane_product_reg_reg[84][21]/D
920,-0.327,2.306,7,operand_coeff_reg_reg[108][7]/C,lane_product_reg_reg[108][15]/D
921,-0.326,2.309,7,operand_coeff_reg_reg[79][3]/C,lane_product_reg_reg[118][22]/D
922,-0.326,2.306,7,operand_x_reg_reg[44][7]/C,lane_product_reg_reg[76][9]/D
923,-0.326,2.308,7,operand_coeff_reg_reg[119][6]/C,lane_product_reg_reg[89][17]/D
924,-0.326,2.307,7,operand_coeff_reg_reg[28][6]/C,lane_product_reg_reg[121][0]/D
925,-0.326,2.307,7,operand_coeff_reg_reg[57][3]/C,lane_product_reg_reg[3][10]/D
926,-0.326,2.307,7,operand_coeff_reg_reg[57][3]/C,lane_product_reg_reg[3][11]/D
927,-0.326,2.309,7,operand_coeff_reg_reg[31][2]/C,lane_product_reg_reg[86][10]/D
928,-0.326,2.307,7,operand_coeff_reg_reg[61][3]/C,lane_product_reg_reg[85][19]/D
929,-0.326,2.307,7,operand_coeff_reg_reg[111][2]/C,lane_product_reg_reg[111][20]/D
930,-0.326,2.306,7,operand_x_reg_reg[17][6]/C,lane_product_reg_reg[17][15]/D
931,-0.326,2.306,7,operand_coeff_reg_reg[20][4]/C,lane_product_reg_reg[20][37]/D
932,-0.326,2.307,7,operand_coeff_reg_reg[25][1]/C,lane_product_reg_reg[25][10]/D
933,-0.326,2.306,7,operand_coeff_reg_reg[26][3]/C,lane_product_reg_reg[26][8]/D
934,-0.326,2.307,7,operand_x_reg_reg[15][7]/C,lane_product_reg_reg[15][9]/D
935,-0.326,2.307,7,operand_coeff_reg_reg[23][0]/C,lane_product_reg_reg[23][0]/D
936,-0.326,2.306,7,operand_coeff_reg_reg[6][0]/C,lane_product_reg_reg[6][1]/D
937,-0.326,2.307,7,operand_coeff_reg_reg[101][3]/C,lane_product_reg_reg[101][22]/D
938,-0.326,2.307,7,operand_coeff_reg_reg[66][3]/C,lane_product_reg_reg[66][3]/D
939,-0.326,2.307,7,operand_x_reg_reg[98][11]/C,lane_product_reg_reg[98][22]/D
940,-0.326,2.306,7,operand_coeff_reg_reg[65][7]/C,lane_product_reg_reg[65][11]/D
941,-0.326,2.307,7,operand_coeff_reg_reg[113][7]/C,lane_product_reg_reg[113][17]/D
942,-0.326,2.307,7,operand_coeff_reg_reg[106][1]/C,lane_product_reg_reg[106][5]/D
943,-0.326,2.306,7,operand_coeff_reg_reg[14][7]/C,lane_product_reg_reg[14][37]/D
944,-0.325,2.307,7,operand_coeff_reg_reg[121][6]/C,lane_product_reg_reg[127][5]/D
945,-0.325,2.305,7,operand_coeff_reg_reg[91][1]/C,lane_product_reg_reg[103][17]/D
946,-0.325,2.305,7,operand_coeff_reg_reg[104][1]/C,lane_product_reg_reg[104][10]/D
947,-0.325,2.308,7,operand_coeff_reg_reg[62][6]/C,lane_product_reg_reg[119][11]/D
948,-0.325,2.308,7,operand_x_reg_reg[88][8]/C,lane_product_reg_reg[120][14]/D
949,-0.325,2.308,7,operand_x_reg_reg[88][8]/C,lane_product_reg_reg[120][19]/D
950,-0.325,2.306,7,operand_coeff_reg_reg[57][3]/C,lane_product_reg_reg[3][20]/D
951,-0.325,2.306,7,operand_x_reg_reg[41][11]/C,lane_product_reg_reg[41][12]/D
952,-0.325,2.306,7,operand_coeff_reg_reg[42][3]/C,lane_product_reg_reg[73][5]/D
953,-0.325,2.307,7,operand_coeff_reg_reg[36][2]/C,lane_product_reg_reg[36][5]/D
954,-0.325,2.306,7,operand_coeff_reg_reg[72][0]/C,lane_product_reg_reg[49][5]/D
955,-0.325,2.306,7,operand_x_reg_reg[36][3]/C,lane_product_reg_reg[68][9]/D
956,-0.325,2.305,7,operand_x_reg_reg[110][2]/C,lane_product_reg_reg[110][11]/D
957,-0.325,2.306,7,operand_coeff_reg_reg[43][3]/C,lane_product_reg_reg[43][4]/D
958,-0.325,2.306,7,operand_coeff_reg_reg[117][5]/C,lane_product_reg_reg[117][6]/D
959,-0.325,2.306,7,operand_coeff_reg_reg[63][4]/C,lane_product_reg_reg[63][12]/D
960,-0.325,2.306,7,operand_coeff_reg_reg[101][3]/C,lane_product_reg_reg[101][9]/D
961,-0.325,2.306,7,operand_x_reg_reg[102][1]/C,lane_product_reg_reg[102][3]/D
962,-0.325,2.308,7,operand_x_reg_reg[10][3]/C,lane_product_reg_reg[10][3]/D
963,-0.325,2.305,7,operand_x_reg_reg[13][2]/C,lane_product_reg_reg[13][15]/D
964,-0.325,2.306,7,operand_coeff_reg_reg[8][4]/C,lane_product_reg_reg[8][14]/D
965,-0.325,2.306,7,operand_x_reg_reg[98][11]/C,lane_product_reg_reg[98][16]/D
966,-0.325,2.306,7,operand_coeff_reg_reg[111][0]/C,lane_product_reg_reg[100][9]/D
967,-0.325,2.306,7,operand_coeff_reg_reg[74][7]/C,lane_product_reg_reg[74][15]/D
968,-0.325,2.306,7,operand_coeff_reg_reg[74][7]/C,lane_product_reg_reg[74][37]/D
969,-0.325,2.305,7,operand_x_reg_reg[47][2]/C,lane_product_reg_reg[47][5]/D
970,-0.325,2.306,7,operand_coeff_reg_reg[29][1]/C,lane_product_reg_reg[54][16]/D
971,-0.325,2.305,7,operand_coeff_reg_reg[14][7]/C,lane_product_reg_reg[14][18]/D
972,-0.324,2.305,7,operand_coeff_reg_reg[9][2]/C,lane_product_reg_reg[9][7]/D
973,-0.324,2.307,7,operand_x_reg_reg[94][5]/C,lane_product_reg_reg[126][6]/D
974,-0.324,2.305,7,operand_coeff_reg_reg[57][3]/C,lane_product_reg_reg[3][4]/D
975,-0.324,2.305,7,operand_x_reg_reg[41][11]/C,lane_product_reg_reg[41][13]/D
976,-0.324,2.305,7,operand_x_reg_reg[54][5]/C,lane_product_reg_reg[54][6]/D
977,-0.324,2.305,7,operand_coeff_reg_reg[56][4]/C,lane_product_reg_reg[56][11]/D
978,-0.324,2.305,7,operand_coeff_reg_reg[57][3]/C,lane_product_reg_reg[57][37]/D
979,-0.324,2.304,7,operand_x_reg_reg[37][7]/C,lane_product_reg_reg[69][9]/D
980,-0.324,2.307,7,operand_coeff_reg_reg[31][2]/C,lane_product_reg_reg[86][8]/D
981,-0.324,2.305,7,operand_coeff_reg_reg[18][1]/C,lane_product_reg_reg[18][15]/D
982,-0.324,2.305,7,operand_x_reg_reg[46][1]/C,lane_product_reg_reg[46][3]/D
983,-0.324,2.307,7,operand_x_reg_reg[49][11]/C,lane_product_reg_reg[49][20]/D
984,-0.324,2.304,7,operand_x_reg_reg[7][14]/C,lane_product_reg_reg[7][16]/D
985,-0.324,2.304,7,operand_coeff_reg_reg[82][2]/C,lane_product_reg_reg[82][15]/D
986,-0.324,2.304,7,operand_coeff_reg_reg[20][4]/C,lane_product_reg_reg[20][10]/D
987,-0.324,2.305,7,operand_coeff_reg_reg[27][6]/C,lane_product_reg_reg[27][17]/D
988,-0.324,2.305,7,operand_coeff_reg_reg[50][3]/C,lane_product_reg_reg[50][20]/D
989,-0.324,2.305,7,operand_coeff_reg_reg[77][7]/C,lane_product_reg_reg[77][13]/D
990,-0.324,2.305,7,operand_coeff_reg_reg[113][7]/C,lane_product_reg_reg[102][17]/D
991,-0.324,2.304,7,operand_coeff_reg_reg[16][7]/C,lane_product_reg_reg[16][18]/D
992,-0.323,2.305,7,operand_coeff_reg_reg[30][5]/C,lane_product_reg_reg[29][14]/D
993,-0.323,2.306,7,operand_coeff_reg_reg[19][5]/C,lane_product_reg_reg[19][12]/D
994,-0.323,2.304,7,operand_x_reg_reg[46][5]/C,lane_product_reg_reg[46][37]/D
995,-0.323,2.306,7,operand_coeff_reg_reg[31][2]/C,lane_product_reg_reg[86][18]/D
996,-0.323,2.306,7,operand_coeff_reg_reg[10][6]/C,lane_product_reg_reg[10][11]/D
997,-0.323,2.306,7,operand_x_reg_reg[24][14]/C,lane_product_reg_reg[24][22]/D
998,-0.323,2.304,7,operand_coeff_reg_reg[58][5]/C,lane_product_reg_reg[58][6]/D
999,-0.323,2.304,7,operand_coeff_reg_reg[72][0]/C,lane_product_reg_reg[72][6]/D
1000,-0.323,2.304,7,operand_coeff_reg_reg[109][0]/C,lane_product_reg_reg[94][16]/D
1001,-0.323,2.304,7,operand_coeff_reg_reg[111][2]/C,lane_product_reg_reg[111][5]/D
1002,-0.323,2.304,7,operand_x_reg_reg[15][7]/C,lane_product_reg_reg[15][20]/D
1003,-0.323,2.304,7,operand_coeff_reg_reg[27][6]/C,lane_product_reg_reg[27][15]/D
1004,-0.323,2.304,7,operand_x_reg_reg[99][4]/C,lane_product_reg_reg[99][5]/D
1005,-0.323,2.304,7,operand_coeff_reg_reg[117][5]/C,lane_product_reg_reg[117][5]/D
1006,-0.323,2.304,7,operand_x_reg_reg[12][10]/C,lane_product_reg_reg[12][11]/D
1007,-0.323,2.304,7,operand_coeff_reg_reg[43][3]/C,lane_product_reg_reg[43][5]/D
1008,-0.323,2.303,7,operand_coeff_reg_reg[8][4]/C,lane_product_reg_reg[8][4]/D
1009,-0.323,2.303,7,operand_coeff_reg_reg[61][7]/C,lane_product_reg_reg[61][15]/D
1010,-0.323,2.304,7,operand_coeff_reg_reg[113][7]/C,lane_product_reg_reg[102][15]/D
1011,-0.323,2.304,7,operand_coeff_reg_reg[65][7]/C,lane_product_reg_reg[65][10]/D
1012,-0.323,2.304,7,operand_x_reg_reg[44][5]/C,lane_product_reg_reg[44][9]/D
1013,-0.323,2.302,7,operand_coeff_reg_reg[108][7]/C,lane_product_reg_reg[108][19]/D
1014,-0.323,2.302,7,operand_coeff_reg_reg[108][7]/C,lane_product_reg_reg[108][20]/D
1015,-0.323,2.302,7,operand_coeff_reg_reg[108][7]/C,lane_product_reg_reg[108][9]/D
1016,-0.322,2.305,7,operand_coeff_reg_reg[30][5]/C,lane_product_reg_reg[29][15]/D
1017,-0.322,2.304,7,operand_coeff_reg_reg[68][6]/C,lane_product_reg_reg[114][9]/D
1018,-0.322,2.305,7,operand_coeff_reg_reg[10][6]/C,lane_product_reg_reg[10][14]/D
1019,-0.322,2.303,7,operand_coeff_reg_reg[58][5]/C,lane_product_reg_reg[22][4]/D
1020,-0.322,2.303,7,operand_coeff_reg_reg[56][4]/C,lane_product_reg_reg[56][13]/D
1021,-0.322,2.304,7,operand_x_reg_reg[88][5]/C,lane_product_reg_reg[120][6]/D
1022,-0.322,2.303,7,operand_x_reg_reg[93][12]/C,lane_product_reg_reg[125][35]/D
1023,-0.322,2.302,7,operand_x_reg_reg[38][2]/C,lane_product_reg_reg[38][2]/D
1024,-0.322,2.305,7,operand_coeff_reg_reg[80][5]/C,lane_product_reg_reg[80][16]/D
1025,-0.322,2.304,7,operand_coeff_reg_reg[119][6]/C,lane_product_reg_reg[89][10]/D
1026,-0.322,2.303,7,operand_coeff_reg_reg[112][6]/C,lane_product_reg_reg[112][7]/D
1027,-0.322,2.303,7,operand_x_reg_reg[91][14]/C,lane_product_reg_reg[123][14]/D
1028,-0.322,2.303,7,operand_coeff_reg_reg[56][7]/C,lane_product_reg_reg[71][7]/D
1029,-0.322,2.303,7,operand_coeff_reg_reg[72][0]/C,lane_product_reg_reg[72][18]/D
1030,-0.322,2.303,7,operand_coeff_reg_reg[72][0]/C,lane_product_reg_reg[72][19]/D
1031,-0.322,2.302,7,operand_coeff_reg_reg[82][2]/C,lane_product_reg_reg[82][20]/D
1032,-0.322,2.302,7,operand_coeff_reg_reg[28][3]/C,lane_product_reg_reg[28][4]/D
1033,-0.322,2.302,7,operand_coeff_reg_reg[83][3]/C,lane_product_reg_reg[83][13]/D
1034,-0.322,2.303,7,operand_coeff_reg_reg[87][3]/C,lane_product_reg_reg[87][18]/D
1035,-0.322,2.303,7,operand_x_reg_reg[99][4]/C,lane_product_reg_reg[99][22]/D
1036,-0.322,2.305,7,operand_x_reg_reg[44][15]/C,lane_product_reg_reg[44][20]/D
1037,-0.322,2.303,7,operand_x_reg_reg[35][5]/C,lane_product_reg_reg[67][6]/D
1038,-0.322,2.302,7,operand_coeff_reg_reg[113][7]/C,lane_product_reg_reg[102][9]/D
1039,-0.322,2.303,7,operand_coeff_reg_reg[113][7]/C,lane_product_reg_reg[102][11]/D
1040,-0.322,2.303,7,operand_coeff_reg_reg[74][7]/C,lane_product_reg_reg[74][19]/D
1041,-0.322,2.303,7,operand_coeff_reg_reg[74][7]/C,lane_product_reg_reg[74][22]/D
1042,-0.322,2.303,7,operand_x_reg_reg[13][15]/C,lane_product_reg_reg[13][37]/D
1043,-0.322,2.304,7,operand_x_reg_reg[90][12]/C,lane_product_reg_reg[90][14]/D
1044,-0.322,2.301,7,operand_coeff_reg_reg[108][7]/C,lane_product_reg_reg[108][18]/D
1045,-0.322,2.303,7,operand_coeff_reg_reg[56][3]/C,lane_product_reg_reg[71][19]/D
1046,-0.321,2.303,7,operand_x_reg_reg[88][8]/C,lane_product_reg_reg[120][9]/D
1047,-0.321,2.304,7,operand_coeff_reg_reg[79][3]/C,lane_product_reg_reg[118][14]/D
1048,-0.321,2.301,7,operand_coeff_reg_reg[58][5]/C,lane_product_reg_reg[22][9]/D
1049,-0.321,2.302,7,operand_coeff_reg_reg[57][3]/C,lane_product_reg_reg[3][15]/D
1050,-0.321,2.302,7,operand_coeff_reg_reg[58][5]/C,lane_product_reg_reg[58][5]/D
1051,-0.321,2.302,7,operand_coeff_reg_reg[72][0]/C,lane_product_reg_reg[72][8]/D
1052,-0.321,2.304,7,operand_coeff_reg_reg[79][3]/C,lane_product_reg_reg[79][6]/D
1053,-0.321,2.303,7,operand_x_reg_reg[95][1]/C,lane_product_reg_reg[95][3]/D
1054,-0.321,2.302,7,operand_coeff_reg_reg[9][2]/C,lane_product_reg_reg[9][5]/D
1055,-0.321,2.302,7,operand_coeff_reg_reg[18][1]/C,lane_product_reg_reg[18][11]/D
1056,-0.321,2.302,7,operand_x_reg_reg[15][7]/C,lane_product_reg_reg[15][17]/D
1057,-0.321,2.302,7,operand_coeff_reg_reg[93][6]/C,lane_product_reg_reg[88][20]/D
1058,-0.321,2.301,7,operand_coeff_reg_reg[61][7]/C,lane_product_reg_reg[61][17]/D
1059,-0.321,2.304,7,operand_x_reg_reg[44][15]/C,lane_product_reg_reg[44][37]/D
1060,-0.321,2.301,7,operand_x_reg_reg[35][5]/C,lane_product_reg_reg[67][10]/D
1061,-0.321,2.302,7,operand_coeff_reg_reg[126][7]/C,lane_product_reg_reg[126][12]/D
1062,-0.321,2.301,7,operand_coeff_reg_reg[113][7]/C,lane_product_reg_reg[102][21]/D
1063,-0.321,2.302,7,operand_coeff_reg_reg[113][7]/C,lane_product_reg_reg[113][6]/D
1064,-0.321,2.302,7,operand_coeff_reg_reg[16][0]/C,lane_product_reg_reg[100][7]/D
1065,-0.321,2.302,7,operand_coeff_reg_reg[56][3]/C,lane_product_reg_reg[71][21]/D
1066,-0.321,2.300,7,operand_coeff_reg_reg[107][7]/C,lane_product_reg_reg[107][13]/D
1067,-0.320,2.302,7,operand_x_reg_reg[90][15]/C,lane_product_reg_reg[90][38]/D
1068,-0.320,2.300,7,operand_coeff_reg_reg[61][6]/C,lane_product_reg_reg[108][0]/D
1069,-0.320,2.300,7,operand_x_reg_reg[38][2]/C,lane_product_reg_reg[38][6]/D
1070,-0.320,2.303,7,operand_coeff_reg_reg[119][6]/C,lane_product_reg_reg[89][19]/D
1071,-0.320,2.301,7,operand_x_reg_reg[93][4]/C,lane_product_reg_reg[93][10]/D
1072,-0.320,2.303,7,operand_coeff_reg_reg[10][6]/C,lane_product_reg_reg[10][17]/D
1073,-0.320,2.301,7,operand_coeff_reg_reg[18][1]/C,lane_product_reg_reg[18][3]/D
1074,-0.320,2.301,7,operand_coeff_reg_reg[57][3]/C,lane_product_reg_reg[3][1]/D
1075,-0.320,2.301,7,operand_coeff_reg_reg[57][3]/C,lane_product_reg_reg[3][8]/D
1076,-0.320,2.301,7,operand_x_reg_reg[53][2]/C,lane_product_reg_reg[53][10]/D
1077,-0.320,2.300,7,operand_x_reg_reg[0][3]/C,lane_product_reg_reg[0][9]/D
1078,-0.320,2.300,7,operand_coeff_reg_reg[101][3]/C,lane_product_reg_reg[101][12]/D
1079,-0.320,2.301,7,operand_x_reg_reg[17][6]/C,lane_product_reg_reg[17][21]/D
1080,-0.320,2.301,7,operand_coeff_reg_reg[23][3]/C,lane_product_reg_reg[23][12]/D
1081,-0.320,2.301,7,operand_coeff_reg_reg[31][3]/C,lane_product_reg_reg[31][21]/D
1082,-0.320,2.301,7,operand_coeff_reg_reg[35][0]/C,lane_product_reg_reg[35][10]/D
1083,-0.320,2.301,7,operand_coeff_reg_reg[49][0]/C,lane_product_reg_reg[49][1]/D
1084,-0.320,2.301,7,operand_coeff_reg_reg[52][1]/C,lane_product_reg_reg[52][1]/D
1085,-0.320,2.301,7,operand_x_reg_reg[91][15]/C,lane_product_reg_reg[91][38]/D
1086,-0.320,2.300,7,operand_x_reg_reg[95][14]/C,lane_product_reg_reg[127][16]/D
1087,-0.320,2.301,7,operand_coeff_reg_reg[61][6]/C,lane_product_reg_reg[84][8]/D
1088,-0.320,2.300,7,operand_coeff_reg_reg[5][7]/C,lane_product_reg_reg[5][22]/D
1089,-0.320,2.302,7,operand_x_reg_reg[90][12]/C,lane_product_reg_reg[90][22]/D
1090,-0.320,2.300,7,operand_coeff_reg_reg[79][7]/C,lane_product_reg_reg[79][14]/D
1091,-0.320,2.302,7,operand_coeff_reg_reg[8][2]/C,lane_product_reg_reg[67][14]/D
1092,-0.319,2.299,7,operand_coeff_reg_reg[16][7]/C,lane_product_reg_reg[16][8]/D
1093,-0.319,2.302,7,operand_x_reg_reg[88][8]/C,lane_product_reg_reg[120][10]/D
1094,-0.319,2.300,7,operand_x_reg_reg[38][2]/C,lane_product_reg_reg[38][12]/D
1095,-0.319,2.299,7,operand_x_reg_reg[38][2]/C,lane_product_reg_reg[38][13]/D
1096,-0.319,2.300,7,operand_x_reg_reg[48][12]/C,lane_product_reg_reg[48][12]/D
1097,-0.319,2.299,7,operand_coeff_reg_reg[4][3]/C,lane_product_reg_reg[4][6]/D
1098,-0.319,2.300,7,operand_coeff_reg_reg[56][4]/C,lane_product_reg_reg[56][14]/D
1099,-0.319,2.302,7,operand_coeff_reg_reg[119][6]/C,lane_product_reg_reg[89][14]/D
1100,-0.319,2.301,7,operand_coeff_reg_reg[36][2]/C,lane_product_reg_reg[105][9]/D
1101,-0.319,2.302,7,operand_coeff_reg_reg[79][3]/C,lane_product_reg_reg[118][21]/D
1102,-0.319,2.300,7,operand_coeff_reg_reg[27][6]/C,lane_product_reg_reg[27][8]/D
1103,-0.319,2.300,7,operand_x_reg_reg[21][9]/C,lane_product_reg_reg[21][11]/D
1104,-0.319,2.300,7,operand_coeff_reg_reg[63][4]/C,lane_product_reg_reg[63][5]/D
1105,-0.319,2.300,7,operand_coeff_reg_reg[97][2]/C,lane_product_reg_reg[97][15]/D
1106,-0.319,2.299,7,operand_x_reg_reg[28][15]/C,lane_product_reg_reg[60][22]/D
1107,-0.319,2.299,7,operand_coeff_reg_reg[1][1]/C,lane_product_reg_reg[1][8]/D
1108,-0.319,2.298,7,operand_coeff_reg_reg[36][7]/C,lane_product_reg_reg[36][11]/D
1109,-0.318,2.301,7,operand_coeff_reg_reg[19][5]/C,lane_product_reg_reg[19][15]/D
1110,-0.318,2.298,7,operand_coeff_reg_reg[34][3]/C,lane_product_reg_reg[34][8]/D
1111,-0.318,2.298,7,operand_x_reg_reg[39][11]/C,lane_product_reg_reg[39][18]/D
1112,-0.318,2.298,7,operand_coeff_reg_reg[72][0]/C,lane_product_reg_reg[72][11]/D
1113,-0.318,2.298,7,operand_coeff_reg_reg[72][0]/C,lane_product_reg_reg[72][17]/D
1114,-0.318,2.299,7,operand_x_reg_reg[93][11]/C,lane_product_reg_reg[93][19]/D
1115,-0.318,2.298,7,operand_coeff_reg_reg[23][3]/C,lane_product_reg_reg[23][18]/D
1116,-0.318,2.299,7,operand_coeff_reg_reg[23][3]/C,lane_product_reg_reg[23][4]/D
1117,-0.318,2.299,7,operand_coeff_reg_reg[20][4]/C,lane_product_reg_reg[20][15]/D
1118,-0.318,2.299,7,operand_coeff_reg_reg[23][3]/C,lane_product_reg_reg[23][8]/D
1119,-0.318,2.299,7,operand_coeff_reg_reg[8][4]/C,lane_product_reg_reg[8][18]/D
1120,-0.318,2.297,7,operand_coeff_reg_reg[107][7]/C,lane_product_reg_reg[107][17]/D
1121,-0.317,2.299,7,operand_coeff_reg_reg[30][5]/C,lane_product_reg_reg[29][13]/D
1122,-0.317,2.297,7,operand_x_reg_reg[36][3]/C,lane_product_reg_reg[68][8]/D
1123,-0.317,2.297,7,operand_x_reg_reg[47][0]/C,lane_product_reg_reg[47][1]/D
1124,-0.317,2.297,7,operand_x_reg_reg[36][3]/C,lane_product_reg_reg[68][11]/D
1125,-0.317,2.298,7,operand_coeff_reg_reg[72][0]/C,lane_product_reg_reg[72][7]/D
1126,-0.317,2.300,7,operand_x_reg_reg[92][5]/C,lane_product_reg_reg[92][12]/D
1127,-0.317,2.298,7,operand_x_reg_reg[91][14]/C,lane_product_reg_reg[123][20]/D
1128,-0.317,2.299,7,operand_x_reg_reg[92][7]/C,lane_product_reg_reg[124][16]/D
1129,-0.317,2.300,7,operand_coeff_reg_reg[19][5]/C,lane_product_reg_reg[70][11]/D
1130,-0.317,2.300,7,operand_x_reg_reg[10][1]/C,lane_product_reg_reg[10][1]/D
1131,-0.317,2.298,7,operand_x_reg_reg[13][2]/C,lane_product_reg_reg[13][6]/D
1132,-0.317,2.298,7,operand_coeff_reg_reg[76][2]/C,lane_product_reg_reg[109][16]/D
1133,-0.317,2.299,7,operand_coeff_reg_reg[72][6]/C,lane_product_reg_reg[119][19]/D
1134,-0.317,2.299,7,operand_coeff_reg_reg[8][2]/C,lane_product_reg_reg[67][20]/D
1135,-0.316,2.299,7,operand_x_reg_reg[92][15]/C,lane_product_reg_reg[124][22]/D
1136,-0.316,2.299,7,operand_coeff_reg_reg[62][6]/C,lane_product_reg_reg[119][6]/D
1137,-0.316,2.296,7,operand_coeff_reg_reg[61][3]/C,lane_product_reg_reg[85][13]/D
1138,-0.316,2.298,7,operand_x_reg_reg[92][7]/C,lane_product_reg_reg[124][14]/D
1139,-0.316,2.299,7,operand_x_reg_reg[30][11]/C,lane_product_reg_reg[30][14]/D
1140,-0.316,2.297,7,operand_x_reg_reg[38][2]/C,lane_product_reg_reg[38][10]/D
1141,-0.316,2.297,7,operand_x_reg_reg[39][11]/C,lane_product_reg_reg[39][21]/D
1142,-0.316,2.297,7,operand_coeff_reg_reg[57][3]/C,lane_product_reg_reg[3][3]/D
1143,-0.316,2.297,7,operand_coeff_reg_reg[101][3]/C,lane_product_reg_reg[101][10]/D
1144,-0.316,2.297,7,operand_x_reg_reg[17][6]/C,lane_product_reg_reg[17][6]/D
1145,-0.316,2.297,7,operand_coeff_reg_reg[23][3]/C,lane_product_reg_reg[23][11]/D
1146,-0.316,2.297,7,operand_coeff_reg_reg[26][3]/C,lane_product_reg_reg[26][20]/D
1147,-0.316,2.298,7,operand_x_reg_reg[116][9]/C,lane_product_reg_reg[116][21]/D
1148,-0.316,2.296,7,operand_coeff_reg_reg[61][7]/C,lane_product_reg_reg[61][37]/D
1149,-0.316,2.297,7,operand_coeff_reg_reg[61][7]/C,lane_product_reg_reg[61][12]/D
1150,-0.315,2.297,7,operand_coeff_reg_reg[75][0]/C,lane_product_reg_reg[88][7]/D
1151,-0.315,2.297,7,operand_coeff_reg_reg[121][6]/C,lane_product_reg_reg[121][20]/D
1152,-0.315,2.295,7,operand_coeff_reg_reg[91][1]/C,lane_product_reg_reg[103][12]/D
1153,-0.315,2.296,7,operand_x_reg_reg[93][0]/C,lane_product_reg_reg[125][4]/D
1154,-0.315,2.296,7,operand_coeff_reg_reg[58][5]/C,lane_product_reg_reg[58][37]/D
1155,-0.315,2.296,7,operand_coeff_reg_reg[9][2]/C,lane_product_reg_reg[9][20]/D
1156,-0.315,2.296,7,operand_coeff_reg_reg[104][1]/C,lane_product_reg_reg[104][5]/D
1157,-0.315,2.297,7,operand_coeff_reg_reg[36][2]/C,lane_product_reg_reg[105][5]/D
1158,-0.315,2.298,7,operand_coeff_reg_reg[79][3]/C,lane_product_reg_reg[118][35]/D
1159,-0.315,2.296,7,operand_x_reg_reg[53][2]/C,lane_product_reg_reg[53][37]/D
1160,-0.315,2.298,7,operand_coeff_reg_reg[119][6]/C,lane_product_reg_reg[89][11]/D
1161,-0.315,2.296,7,operand_x_reg_reg[0][3]/C,lane_product_reg_reg[0][7]/D
1162,-0.315,2.295,7,operand_coeff_reg_reg[111][2]/C,lane_product_reg_reg[111][6]/D
1163,-0.315,2.296,7,operand_coeff_reg_reg[82][2]/C,lane_product_reg_reg[82][18]/D
1164,-0.315,2.296,7,operand_x_reg_reg[21][9]/C,lane_product_reg_reg[21][17]/D
1165,-0.315,2.296,7,operand_coeff_reg_reg[31][3]/C,lane_product_reg_reg[31][14]/D
1166,-0.315,2.295,7,operand_coeff_reg_reg[83][3]/C,lane_product_reg_reg[83][11]/D
1167,-0.315,2.296,7,operand_coeff_reg_reg[8][4]/C,lane_product_reg_reg[8][22]/D
1168,-0.315,2.295,7,operand_coeff_reg_reg[61][7]/C,lane_product_reg_reg[61][11]/D
1169,-0.315,2.296,7,operand_coeff_reg_reg[4][0]/C,lane_product_reg_reg[115][13]/D
1170,-0.315,2.296,7,operand_coeff_reg_reg[113][7]/C,lane_product_reg_reg[113][13]/D
1171,-0.315,2.296,7,operand_coeff_reg_reg[16][0]/C,lane_product_reg_reg[100][5]/D
1172,-0.315,2.296,7,operand_coeff_reg_reg[4][0]/C,lane_product_reg_reg[115][9]/D
1173,-0.315,2.295,7,operand_coeff_reg_reg[5][7]/C,lane_product_reg_reg[5][16]/D
1174,-0.314,2.297,7,operand_x_reg_reg[88][8]/C,lane_product_reg_reg[120][13]/D
1175,-0.314,2.294,7,operand_x_reg_reg[46][0]/C,lane_product_reg_reg[78][1]/D
1176,-0.314,2.295,7,operand_x_reg_reg[93][6]/C,lane_product_reg_reg[125][12]/D
1177,-0.314,2.294,7,operand_x_reg_reg[38][2]/C,lane_product_reg_reg[38][22]/D
1178,-0.314,2.297,7,operand_coeff_reg_reg[48][0]/C,lane_product_reg_reg[48][1]/D
1179,-0.314,2.295,7,operand_coeff_reg_reg[72][0]/C,lane_product_reg_reg[72][9]/D
1180,-0.314,2.297,7,operand_coeff_reg_reg[119][6]/C,lane_product_reg_reg[89][21]/D
1181,-0.314,2.294,7,operand_x_reg_reg[53][2]/C,lane_product_reg_reg[53][17]/D
1182,-0.314,2.295,7,operand_x_reg_reg[53][2]/C,lane_product_reg_reg[53][21]/D
1183,-0.314,2.295,7,operand_x_reg_reg[53][2]/C,lane_product_reg_reg[53][3]/D
1184,-0.314,2.295,7,operand_x_reg_reg[37][7]/C,lane_product_reg_reg[69][16]/D
1185,-0.314,2.295,7,operand_coeff_reg_reg[6][3]/C,lane_product_reg_reg[6][5]/D
1186,-0.314,2.295,7,operand_x_reg_reg[11][7]/C,lane_product_reg_reg[11][13]/D
1187,-0.314,2.294,7,operand_x_reg_reg[17][6]/C,lane_product_reg_reg[17][10]/D
1188,-0.314,2.295,7,operand_coeff_reg_reg[20][4]/C,lane_product_reg_reg[20][12]/D
1189,-0.314,2.295,7,operand_coeff_reg_reg[35][0]/C,lane_product_reg_reg[35][6]/D
1190,-0.314,2.295,7,operand_coeff_reg_reg[126][7]/C,lane_product_reg_reg[126][18]/D
1191,-0.313,2.294,7,operand_coeff_reg_reg[91][1]/C,lane_product_reg_reg[103][10]/D
1192,-0.313,2.294,7,operand_coeff_reg_reg[58][5]/C,lane_product_reg_reg[58][12]/D
1193,-0.313,2.294,7,operand_x_reg_reg[28][8]/C,lane_product_reg_reg[60][21]/D
1194,-0.313,2.296,7,operand_coeff_reg_reg[119][6]/C,lane_product_reg_reg[89][8]/D
1195,-0.313,2.296,7,operand_x_reg_reg[92][5]/C,lane_product_reg_reg[92][14]/D
1196,-0.313,2.294,7,operand_coeff_reg_reg[109][0]/C,lane_product_reg_reg[94][12]/D
1197,-0.313,2.294,7,operand_x_reg_reg[55][14]/C,lane_product_reg_reg[55][22]/D
1198,-0.313,2.294,7,operand_x_reg_reg[36][3]/C,lane_product_reg_reg[68][18]/D
1199,-0.313,2.293,7,operand_x_reg_reg[0][3]/C,lane_product_reg_reg[0][19]/D
1200,-0.313,2.294,7,operand_coeff_reg_reg[59][3]/C,lane_product_reg_reg[59][15]/D
1201,-0.313,2.294,7,operand_coeff_reg_reg[32][3]/C,lane_product_reg_reg[32][12]/D
1202,-0.313,2.294,7,operand_coeff_reg_reg[8][4]/C,lane_product_reg_reg[8][16]/D
1203,-0.313,2.294,7,operand_coeff_reg_reg[106][1]/C,lane_product_reg_reg[106][4]/D
1204,-0.313,2.293,7,operand_x_reg_reg[49][15]/C,lane_product_reg_reg[81][21]/D
1205,-0.313,2.292,7,operand_coeff_reg_reg[36][7]/C,lane_product_reg_reg[36][17]/D
1206,-0.313,2.292,7,operand_coeff_reg_reg[107][7]/C,lane_product_reg_reg[107][35]/D
1207,-0.312,2.295,7,operand_coeff_reg_reg[30][5]/C,lane_product_reg_reg[29][7]/D
1208,-0.312,2.292,7,operand_x_reg_reg[52][3]/C,lane_product_reg_reg[52][5]/D
1209,-0.312,2.293,7,operand_x_reg_reg[93][12]/C,lane_product_reg_reg[125][14]/D
1210,-0.312,2.293,7,operand_coeff_reg_reg[41][2]/C,lane_product_reg_reg[24][10]/D
1211,-0.312,2.293,7,operand_x_reg_reg[39][11]/C,lane_product_reg_reg[39][17]/D
1212,-0.312,2.295,7,operand_x_reg_reg[34][11]/C,lane_product_reg_reg[66][14]/D
1213,-0.312,2.294,7,operand_x_reg_reg[92][7]/C,lane_product_reg_reg[124][17]/D
1214,-0.312,2.293,7,operand_coeff_reg_reg[2][2]/C,lane_product_reg_reg[2][12]/D
1215,-0.312,2.292,7,operand_x_reg_reg[15][7]/C,lane_product_reg_reg[15][11]/D
1216,-0.312,2.293,7,operand_x_reg_reg[21][9]/C,lane_product_reg_reg[21][21]/D
1217,-0.312,2.293,7,operand_coeff_reg_reg[32][3]/C,lane_product_reg_reg[32][20]/D
1218,-0.312,2.293,7,operand_x_reg_reg[7][14]/C,lane_product_reg_reg[7][37]/D
1219,-0.312,2.293,7,operand_x_reg_reg[116][9]/C,lane_product_reg_reg[116][12]/D
1220,-0.312,2.293,7,operand_coeff_reg_reg[27][6]/C,lane_product_reg_reg[27][7]/D
1221,-0.312,2.293,7,operand_coeff_reg_reg[8][4]/C,lane_product_reg_reg[8][19]/D
1222,-0.312,2.292,7,operand_coeff_reg_reg[5][7]/C,lane_product_reg_reg[5][11]/D
1223,-0.312,2.293,7,operand_coeff_reg_reg[111][0]/C,lane_product_reg_reg[100][14]/D
1224,-0.312,2.292,7,operand_x_reg_reg[51][15]/C,lane_product_reg_reg[51][18]/D
1225,-0.312,2.294,7,operand_x_reg_reg[54][15]/C,lane_product_reg_reg[54][20]/D
1226,-0.312,2.294,7,operand_x_reg_reg[54][15]/C,lane_product_reg_reg[54][37]/D
1227,-0.312,2.291,7,operand_coeff_reg_reg[108][7]/C,lane_product_reg_reg[108][13]/D
1228,-0.312,2.291,7,operand_coeff_reg_reg[108][7]/C,lane_product_reg_reg[108][7]/D
1229,-0.312,2.294,7,operand_x_reg_reg[46][15]/C,lane_product_reg_reg[78][22]/D
1230,-0.312,2.294,7,operand_coeff_reg_reg[8][2]/C,lane_product_reg_reg[67][22]/D
1231,-0.311,2.293,7,operand_coeff_reg_reg[19][5]/C,lane_product_reg_reg[19][18]/D
1232,-0.311,2.293,7,operand_x_reg_reg[37][11]/C,lane_product_reg_reg[37][14]/D
1233,-0.311,2.292,7,operand_x_reg_reg[36][3]/C,lane_product_reg_reg[68][14]/D
1234,-0.311,2.294,7,operand_coeff_reg_reg[10][6]/C,lane_product_reg_reg[10][8]/D
1235,-0.311,2.292,7,operand_coeff_reg_reg[57][3]/C,lane_product_reg_reg[3][16]/D
1236,-0.311,2.292,7,operand_coeff_reg_reg[57][3]/C,lane_product_reg_reg[3][37]/D
1237,-0.311,2.292,7,operand_coeff_reg_reg[4][3]/C,lane_product_reg_reg[4][20]/D
1238,-0.311,2.294,7,operand_coeff_reg_reg[80][5]/C,lane_product_reg_reg[80][17]/D
1239,-0.311,2.292,7,operand_coeff_reg_reg[117][5]/C,lane_product_reg_reg[117][7]/D
1240,-0.311,2.292,7,operand_coeff_reg_reg[23][3]/C,lane_product_reg_reg[23][2]/D
1241,-0.311,2.292,7,operand_coeff_reg_reg[35][0]/C,lane_product_reg_reg[35][11]/D
1242,-0.311,2.291,7,operand_x_reg_reg[99][4]/C,lane_product_reg_reg[99][17]/D
1243,-0.311,2.292,7,operand_coeff_reg_reg[101][3]/C,lane_product_reg_reg[101][6]/D
1244,-0.311,2.292,7,operand_coeff_reg_reg[111][2]/C,lane_product_reg_reg[111][35]/D
1245,-0.311,2.292,7,operand_coeff_reg_reg[27][6]/C,lane_product_reg_reg[27][13]/D
1246,-0.311,2.292,7,operand_coeff_reg_reg[35][0]/C,lane_product_reg_reg[35][1]/D
1247,-0.311,2.292,7,operand_coeff_reg_reg[66][3]/C,lane_product_reg_reg[66][4]/D
1248,-0.311,2.292,7,operand_coeff_reg_reg[97][2]/C,lane_product_reg_reg[97][19]/D
1249,-0.311,2.292,7,operand_x_reg_reg[51][15]/C,lane_product_reg_reg[83][17]/D
1250,-0.311,2.292,7,operand_coeff_reg_reg[76][2]/C,lane_product_reg_reg[109][18]/D
1251,-0.311,2.293,7,operand_x_reg_reg[41][15]/C,lane_product_reg_reg[73][19]/D
1252,-0.311,2.290,7,operand_coeff_reg_reg[36][7]/C,lane_product_reg_reg[36][8]/D
1253,-0.310,2.290,7,operand_coeff_reg_reg[110][4]/C,lane_product_reg_reg[98][5]/D
1254,-0.310,2.291,7,operand_coeff_reg_reg[91][1]/C,lane_product_reg_reg[103][8]/D
1255,-0.310,2.291,7,operand_coeff_reg_reg[57][3]/C,lane_product_reg_reg[57][2]/D
1256,-0.310,2.291,7,operand_x_reg_reg[32][0]/C,lane_product_reg_reg[64][8]/D
1257,-0.310,2.290,7,operand_x_reg_reg[39][11]/C,lane_product_reg_reg[71][15]/D
1258,-0.310,2.293,7,operand_coeff_reg_reg[80][5]/C,lane_product_reg_reg[80][11]/D
1259,-0.310,2.292,7,operand_x_reg_reg[41][4]/C,lane_product_reg_reg[41][8]/D
1260,-0.310,2.290,7,operand_x_reg_reg[110][2]/C,lane_product_reg_reg[110][9]/D
1261,-0.310,2.291,7,operand_coeff_reg_reg[39][1]/C,lane_product_reg_reg[39][0]/D
1262,-0.310,2.291,7,operand_coeff_reg_reg[63][4]/C,lane_product_reg_reg[63][4]/D
1263,-0.310,2.291,7,operand_coeff_reg_reg[76][0]/C,lane_product_reg_reg[76][6]/D
1264,-0.310,2.290,7,operand_x_reg_reg[21][9]/C,lane_product_reg_reg[21][10]/D
1265,-0.310,2.291,7,operand_coeff_reg_reg[33][0]/C,lane_product_reg_reg[33][3]/D
1266,-0.310,2.291,7,operand_coeff_reg_reg[113][7]/C,lane_product_reg_reg[113][37]/D
1267,-0.310,2.289,7,operand_coeff_reg_reg[108][7]/C,lane_product_reg_reg[108][21]/D
1268,-0.310,2.289,7,operand_coeff_reg_reg[107][7]/C,lane_product_reg_reg[107][16]/D
1269,-0.309,2.290,7,operand_coeff_reg_reg[106][7]/C,lane_product_reg_reg[106][35]/D
1270,-0.309,2.291,7,operand_coeff_reg_reg[75][0]/C,lane_product_reg_reg[109][4]/D
1271,-0.309,2.291,7,operand_coeff_reg_reg[62][6]/C,lane_product_reg_reg[62][6]/D
1272,-0.309,2.289,7,operand_x_reg_reg[41][0]/C,lane_product_reg_reg[73][0]/D
1273,-0.309,2.289,7,operand_coeff_reg_reg[91][1]/C,lane_product_reg_reg[103][2]/D
1274,-0.309,2.290,7,operand_coeff_reg_reg[91][1]/C,lane_product_reg_reg[103][35]/D
1275,-0.309,2.290,7,operand_x_reg_reg[93][6]/C,lane_product_reg_reg[125][9]/D
1276,-0.309,2.289,7,operand_x_reg_reg[38][2]/C,lane_product_reg_reg[38][11]/D
1277,-0.309,2.290,7,operand_coeff_reg_reg[57][3]/C,lane_product_reg_reg[3][13]/D
1278,-0.309,2.290,7,operand_coeff_reg_reg[57][3]/C,lane_product_reg_reg[3][2]/D
1279,-0.309,2.291,7,operand_x_reg_reg[42][0]/C,lane_product_reg_reg[42][2]/D
1280,-0.309,2.290,7,operand_coeff_reg_reg[56][4]/C,lane_product_reg_reg[56][22]/D
1281,-0.309,2.290,7,operand_coeff_reg_reg[91][1]/C,lane_product_reg_reg[91][13]/D
1282,-0.309,2.290,7,operand_coeff_reg_reg[91][1]/C,lane_product_reg_reg[91][5]/D
1283,-0.309,2.291,7,operand_x_reg_reg[95][1]/C,lane_product_reg_reg[95][4]/D
1284,-0.309,2.290,7,operand_coeff_reg_reg[57][3]/C,lane_product_reg_reg[3][21]/D
1285,-0.309,2.290,7,operand_coeff_reg_reg[4][3]/C,lane_product_reg_reg[4][14]/D
1286,-0.309,2.289,7,operand_coeff_reg_reg[53][1]/C,lane_product_reg_reg[53][1]/D
1287,-0.309,2.290,7,operand_coeff_reg_reg[101][3]/C,lane_product_reg_reg[101][11]/D
1288,-0.309,2.290,7,operand_coeff_reg_reg[32][3]/C,lane_product_reg_reg[32][13]/D
1289,-0.309,2.290,7,operand_coeff_reg_reg[56][1]/C,lane_product_reg_reg[56][2]/D
1290,-0.309,2.290,7,operand_coeff_reg_reg[4][0]/C,lane_product_reg_reg[115][18]/D
1291,-0.309,2.290,7,operand_coeff_reg_reg[113][7]/C,lane_product_reg_reg[113][21]/D
1292,-0.309,2.289,7,operand_x_reg_reg[38][15]/C,lane_product_reg_reg[70][22]/D
1293,-0.309,2.288,7,operand_coeff_reg_reg[110][7]/C,lane_product_reg_reg[110][35]/D
1294,-0.308,2.290,7,operand_coeff_reg_reg[75][0]/C,lane_product_reg_reg[75][1]/D
1295,-0.308,2.289,7,operand_coeff_reg_reg[58][5]/C,lane_product_reg_reg[58][21]/D
1296,-0.308,2.291,7,operand_coeff_reg_reg[119][6]/C,lane_product_reg_reg[89][35]/D
1297,-0.308,2.290,7,operand_x_reg_reg[92][5]/C,lane_product_reg_reg[92][17]/D
1298,-0.308,2.290,7,operand_coeff_reg_reg[36][2]/C,lane_product_reg_reg[105][17]/D
1299,-0.308,2.289,7,operand_x_reg_reg[51][6]/C,lane_product_reg_reg[51][7]/D
1300,-0.308,2.289,7,operand_coeff_reg_reg[57][3]/C,lane_product_reg_reg[57][19]/D
1301,-0.308,2.290,7,operand_x_reg_reg[35][1]/C,lane_product_reg_reg[67][1]/D
1302,-0.308,2.291,7,operand_x_reg_reg[95][15]/C,lane_product_reg_reg[95][22]/D
1303,-0.308,2.289,7,operand_coeff_reg_reg[31][3]/C,lane_product_reg_reg[31][3]/D
1304,-0.308,2.289,7,operand_coeff_reg_reg[43][3]/C,lane_product_reg_reg[43][21]/D
1305,-0.308,2.288,7,operand_coeff_reg_reg[83][3]/C,lane_product_reg_reg[83][10]/D
1306,-0.308,2.289,7,operand_x_reg_reg[98][11]/C,lane_product_reg_reg[98][13]/D
1307,-0.308,2.288,7,operand_coeff_reg_reg[93][6]/C,lane_product_reg_reg[88][19]/D
1308,-0.308,2.289,7,operand_coeff_reg_reg[113][7]/C,lane_product_reg_reg[113][15]/D
1309,-0.308,2.289,7,operand_coeff_reg_reg[113][7]/C,lane_product_reg_reg[113][9]/D
1310,-0.307,2.289,7,operand_x_reg_reg[39][0]/C,lane_product_reg_reg[71][0]/D
1311,-0.307,2.290,7,operand_coeff_reg_reg[79][3]/C,lane_product_reg_reg[118][12]/D
1312,-0.307,2.290,7,operand_x_reg_reg[94][5]/C,lane_product_reg_reg[126][10]/D
1313,-0.307,2.287,7,operand_coeff_reg_reg[18][1]/C,lane_product_reg_reg[18][16]/D
1314,-0.307,2.288,7,operand_coeff_reg_reg[2][2]/C,lane_product_reg_reg[2][3]/D
1315,-0.307,2.288,7,operand_coeff_reg_reg[29][3]/C,lane_product_reg_reg[45][20]/D
1316,-0.307,2.288,7,operand_coeff_reg_reg[56][4]/C,lane_product_reg_reg[56][15]/D
1317,-0.307,2.289,7,operand_x_reg_reg[28][0]/C,lane_product_reg_reg[60][0]/D
1318,-0.307,2.287,7,operand_coeff_reg_reg[109][0]/C,lane_product_reg_reg[94][10]/D
1319,-0.307,2.290,7,operand_x_reg_reg[24][14]/C,lane_product_reg_reg[24][18]/D
1320,-0.307,2.288,7,operand_x_reg_reg[53][2]/C,lane_product_reg_reg[53][2]/D
1321,-0.307,2.288,7,operand_coeff_reg_reg[59][3]/C,lane_product_reg_reg[59][10]/D
1322,-0.307,2.288,7,operand_coeff_reg_reg[33][0]/C,lane_product_reg_reg[33][13]/D
1323,-0.307,2.288,7,operand_coeff_reg_reg[35][0]/C,lane_product_reg_reg[35][20]/D
1324,-0.307,2.288,7,operand_coeff_reg_reg[59][3]/C,lane_product_reg_reg[59][14]/D
1325,-0.307,2.288,7,operand_x_reg_reg[0][3]/C,lane_product_reg_reg[0][3]/D
1326,-0.307,2.288,7,operand_x_reg_reg[99][4]/C,lane_product_reg_reg[99][21]/D
1327,-0.307,2.289,7,operand_coeff_reg_reg[64][6]/C,lane_product_reg_reg[89][1]/D
1328,-0.307,2.288,7,operand_coeff_reg_reg[76][2]/C,lane_product_reg_reg[109][20]/D
1329,-0.307,2.288,7,operand_x_reg_reg[91][15]/C,lane_product_reg_reg[91][19]/D
1330,-0.307,2.287,7,operand_coeff_reg_reg[16][0]/C,lane_product_reg_reg[100][4]/D
1331,-0.307,2.287,7,operand_coeff_reg_reg[79][7]/C,lane_product_reg_reg[79][20]/D
1332,-0.306,2.287,7,operand_coeff_reg_reg[11][7]/C,lane_product_reg_reg[11][6]/D
1333,-0.306,2.287,7,operand_coeff_reg_reg[63][7]/C,lane_product_reg_reg[63][19]/D
1334,-0.306,2.288,7,operand_coeff_reg_reg[121][6]/C,lane_product_reg_reg[127][10]/D
1335,-0.306,2.286,7,operand_x_reg_reg[37][6]/C,lane_product_reg_reg[37][8]/D
1336,-0.306,2.288,7,operand_coeff_reg_reg[36][2]/C,lane_product_reg_reg[105][8]/D
1337,-0.306,2.287,7,operand_x_reg_reg[93][6]/C,lane_product_reg_reg[125][11]/D
1338,-0.306,2.289,7,operand_coeff_reg_reg[119][6]/C,lane_product_reg_reg[89][20]/D
1339,-0.306,2.286,7,operand_x_reg_reg[13][2]/C,lane_product_reg_reg[13][10]/D
1340,-0.306,2.286,7,operand_x_reg_reg[21][9]/C,lane_product_reg_reg[21][12]/D
1341,-0.306,2.286,7,operand_coeff_reg_reg[23][3]/C,lane_product_reg_reg[23][37]/D
1342,-0.306,2.287,7,operand_coeff_reg_reg[50][3]/C,lane_product_reg_reg[50][5]/D
1343,-0.306,2.287,7,operand_coeff_reg_reg[59][3]/C,lane_product_reg_reg[59][6]/D
1344,-0.306,2.287,7,operand_coeff_reg_reg[77][3]/C,lane_product_reg_reg[77][4]/D
1345,-0.306,2.287,7,operand_coeff_reg_reg[76][0]/C,lane_product_reg_reg[76][5]/D
1346,-0.306,2.287,7,operand_coeff_reg_reg[83][3]/C,lane_product_reg_reg[83][8]/D
1347,-0.306,2.286,7,operand_coeff_reg_reg[126][7]/C,lane_product_reg_reg[126][19]/D
1348,-0.306,2.287,7,operand_coeff_reg_reg[113][7]/C,lane_product_reg_reg[102][12]/D
1349,-0.306,2.288,7,operand_x_reg_reg[41][15]/C,lane_product_reg_reg[73][20]/D
1350,-0.306,2.286,7,operand_x_reg_reg[38][15]/C,lane_product_reg_reg[70][18]/D
1351,-0.305,2.285,7,operand_coeff_reg_reg[4][3]/C,lane_product_reg_reg[4][9]/D
1352,-0.305,2.288,7,operand_x_reg_reg[94][5]/C,lane_product_reg_reg[126][11]/D
1353,-0.305,2.286,7,operand_coeff_reg_reg[29][3]/C,lane_product_reg_reg[45][2]/D
1354,-0.305,2.285,7,operand_coeff_reg_reg[4][3]/C,lane_product_reg_reg[4][16]/D
1355,-0.305,2.286,7,operand_coeff_reg_reg[57][3]/C,lane_product_reg_reg[57][11]/D
1356,-0.305,2.287,7,operand_coeff_reg_reg[119][6]/C,lane_product_reg_reg[89][16]/D
1357,-0.305,2.286,7,operand_coeff_reg_reg[109][0]/C,lane_product_reg_reg[94][7]/D
1358,-0.305,2.287,7,operand_x_reg_reg[95][1]/C,lane_product_reg_reg[95][6]/D
1359,-0.305,2.286,7,operand_x_reg_reg[91][14]/C,lane_product_reg_reg[123][22]/D
1360,-0.305,2.286,7,operand_x_reg_reg[95][11]/C,lane_product_reg_reg[127][12]/D
1361,-0.305,2.286,7,operand_x_reg_reg[38][2]/C,lane_product_reg_reg[38][18]/D
1362,-0.305,2.287,7,operand_x_reg_reg[42][7]/C,lane_product_reg_reg[42][16]/D
1363,-0.305,2.287,7,operand_coeff_reg_reg[19][5]/C,lane_product_reg_reg[70][17]/D
1364,-0.305,2.286,7,operand_coeff_reg_reg[109][0]/C,lane_product_reg_reg[94][13]/D
1365,-0.305,2.288,7,operand_x_reg_reg[30][3]/C,lane_product_reg_reg[30][3]/D
1366,-0.305,2.285,7,operand_coeff_reg_reg[37][1]/C,lane_product_reg_reg[37][1]/D
1367,-0.305,2.286,7,operand_coeff_reg_reg[101][3]/C,lane_product_reg_reg[101][21]/D
1368,-0.305,2.285,7,operand_coeff_reg_reg[111][2]/C,lane_product_reg_reg[111][3]/D
1369,-0.305,2.286,7,operand_coeff_reg_reg[74][6]/C,lane_product_reg_reg[74][9]/D
1370,-0.305,2.286,7,operand_coeff_reg_reg[35][0]/C,lane_product_reg_reg[35][12]/D
1371,-0.305,2.286,7,operand_coeff_reg_reg[76][2]/C,lane_product_reg_reg[109][38]/D
1372,-0.305,2.286,7,operand_x_reg_reg[51][15]/C,lane_product_reg_reg[51][21]/D
1373,-0.305,2.287,7,operand_x_reg_reg[90][12]/C,lane_product_reg_reg[90][17]/D
1374,-0.304,2.286,7,operand_coeff_reg_reg[121][6]/C,lane_product_reg_reg[121][22]/D
1375,-0.304,2.286,7,operand_coeff_reg_reg[68][6]/C,lane_product_reg_reg[114][10]/D
1376,-0.304,2.286,7,operand_coeff_reg_reg[68][6]/C,lane_product_reg_reg[114][15]/D
1377,-0.304,2.285,7,operand_coeff_reg_reg[91][1]/C,lane_product_reg_reg[103][14]/D
1378,-0.304,2.287,7,operand_coeff_reg_reg[19][5]/C,lane_product_reg_reg[19][37]/D
1379,-0.304,2.285,7,operand_x_reg_reg[51][6]/C,lane_product_reg_reg[51][6]/D
1380,-0.304,2.286,7,operand_coeff_reg_reg[79][3]/C,lane_product_reg_reg[118][6]/D
1381,-0.304,2.285,7,operand_coeff_reg_reg[29][3]/C,lane_product_reg_reg[45][8]/D
1382,-0.304,2.285,7,operand_x_reg_reg[91][14]/C,lane_product_reg_reg[123][19]/D
1383,-0.304,2.284,7,operand_x_reg_reg[17][6]/C,lane_product_reg_reg[17][11]/D
1384,-0.304,2.285,7,operand_coeff_reg_reg[44][0]/C,lane_product_reg_reg[44][0]/D
1385,-0.304,2.285,7,operand_x_reg_reg[17][6]/C,lane_product_reg_reg[17][18]/D
1386,-0.304,2.285,7,operand_coeff_reg_reg[27][6]/C,lane_product_reg_reg[27][36]/D
1387,-0.304,2.285,7,operand_coeff_reg_reg[5][3]/C,lane_product_reg_reg[5][5]/D
1388,-0.304,2.286,7,operand_x_reg_reg[41][15]/C,lane_product_reg_reg[73][17]/D
1389,-0.304,2.284,7,operand_coeff_reg_reg[79][7]/C,lane_product_reg_reg[79][19]/D
1390,-0.303,2.283,7,operand_coeff_reg_reg[104][1]/C,lane_product_reg_reg[99][3]/D
1391,-0.303,2.284,7,operand_coeff_reg_reg[4][3]/C,lane_product_reg_reg[4][18]/D
1392,-0.303,2.284,7,operand_coeff_reg_reg[57][3]/C,lane_product_reg_reg[57][15]/D
1393,-0.303,2.284,7,operand_x_reg_reg[28][8]/C,lane_product_reg_reg[60][18]/D
1394,-0.303,2.286,7,operand_coeff_reg_reg[19][5]/C,lane_product_reg_reg[19][4]/D
1395,-0.303,2.284,7,operand_x_reg_reg[17][6]/C,lane_product_reg_reg[17][16]/D
1396,-0.303,2.284,7,operand_coeff_reg_reg[21][3]/C,lane_product_reg_reg[21][3]/D
1397,-0.303,2.284,7,operand_coeff_reg_reg[82][2]/C,lane_product_reg_reg[82][11]/D
1398,-0.303,2.284,7,operand_x_reg_reg[99][4]/C,lane_product_reg_reg[99][6]/D
1399,-0.303,2.284,7,operand_coeff_reg_reg[8][4]/C,lane_product_reg_reg[8][20]/D
1400,-0.303,2.284,7,operand_coeff_reg_reg[126][7]/C,lane_product_reg_reg[126][16]/D
1401,-0.303,2.284,7,operand_coeff_reg_reg[65][7]/C,lane_product_reg_reg[65][20]/D
1402,-0.303,2.284,7,operand_coeff_reg_reg[8][1]/C,lane_product_reg_reg[8][2]/D
1403,-0.303,2.284,7,operand_coeff_reg_reg[61][6]/C,lane_product_reg_reg[84][6]/D
1404,-0.303,2.283,7,operand_coeff_reg_reg[110][7]/C,lane_product_reg_reg[110][16]/D
1405,-0.302,2.284,7,operand_coeff_reg_reg[75][0]/C,lane_product_reg_reg[88][2]/D
1406,-0.302,2.283,7,operand_coeff_reg_reg[25][7]/C,lane_product_reg_reg[25][18]/D
1407,-0.302,2.283,7,operand_x_reg_reg[93][0]/C,lane_product_reg_reg[125][1]/D
1408,-0.302,2.284,7,operand_x_reg_reg[37][11]/C,lane_product_reg_reg[37][19]/D
1409,-0.302,2.284,7,operand_x_reg_reg[28][5]/C,lane_product_reg_reg[60][6]/D
1410,-0.302,2.283,7,operand_coeff_reg_reg[91][1]/C,lane_product_reg_reg[103][16]/D
1411,-0.302,2.283,7,operand_coeff_reg_reg[104][1]/C,lane_product_reg_reg[104][12]/D
1412,-0.302,2.283,7,operand_x_reg_reg[91][14]/C,lane_product_reg_reg[123][21]/D
1413,-0.302,2.283,7,operand_x_reg_reg[93][6]/C,lane_product_reg_reg[125][10]/D
1414,-0.302,2.283,7,operand_coeff_reg_reg[34][3]/C,lane_product_reg_reg[34][6]/D
1415,-0.302,2.285,7,operand_x_reg_reg[35][0]/C,lane_product_reg_reg[67][0]/D
1416,-0.302,2.282,7,operand_coeff_reg_reg[109][0]/C,lane_product_reg_reg[94][11]/D
1417,-0.302,2.282,7,operand_coeff_reg_reg[12][7]/C,lane_product_reg_reg[12][19]/D
1418,-0.302,2.283,7,operand_coeff_reg_reg[117][5]/C,lane_product_reg_reg[117][4]/D
1419,-0.302,2.283,7,operand_x_reg_reg[13][0]/C,lane_product_reg_reg[13][1]/D
1420,-0.302,2.282,7,operand_coeff_reg_reg[26][3]/C,lane_product_reg_reg[26][14]/D
1421,-0.302,2.283,7,operand_coeff_reg_reg[26][3]/C,lane_product_reg_reg[26][4]/D
1422,-0.302,2.283,7,operand_coeff_reg_reg[101][3]/C,lane_product_reg_reg[101][16]/D
1423,-0.302,2.283,7,operand_coeff_reg_reg[76][2]/C,lane_product_reg_reg[109][15]/D
1424,-0.302,2.281,7,operand_coeff_reg_reg[108][7]/C,lane_product_reg_reg[108][11]/D
1425,-0.302,2.282,7,operand_coeff_reg_reg[14][7]/C,lane_product_reg_reg[14][16]/D
1426,-0.301,2.284,7,operand_coeff_reg_reg[51][4]_replica/C,lane_product_reg_reg[124][4]/D
1427,-0.301,2.283,7,operand_coeff_reg_reg[75][0]/C,lane_product_reg_reg[109][3]/D
1428,-0.301,2.282,7,operand_coeff_reg_reg[63][7]/C,lane_product_reg_reg[63][21]/D
1429,-0.301,2.282,7,operand_coeff_reg_reg[56][4]/C,lane_product_reg_reg[56][12]/D
1430,-0.301,2.284,7,operand_x_reg_reg[88][8]/C,lane_product_reg_reg[120][18]/D
1431,-0.301,2.281,7,operand_x_reg_reg[39][11]/C,lane_product_reg_reg[39][16]/D
1432,-0.301,2.281,7,operand_coeff_reg_reg[29][3]/C,lane_product_reg_reg[45][11]/D
1433,-0.301,2.282,7,operand_x_reg_reg[46][5]/C,lane_product_reg_reg[46][12]/D
1434,-0.301,2.283,7,operand_x_reg_reg[54][8]/C,lane_product_reg_reg[54][10]/D
1435,-0.301,2.282,7,operand_x_reg_reg[53][2]/C,lane_product_reg_reg[53][20]/D
1436,-0.301,2.282,7,operand_coeff_reg_reg[117][5]/C,lane_product_reg_reg[117][35]/D
1437,-0.301,2.282,7,operand_coeff_reg_reg[43][3]/C,lane_product_reg_reg[43][14]/D
1438,-0.301,2.282,7,operand_coeff_reg_reg[50][3]/C,lane_product_reg_reg[50][11]/D
1439,-0.301,2.282,7,operand_coeff_reg_reg[117][5]/C,lane_product_reg_reg[117][13]/D
1440,-0.301,2.282,7,operand_x_reg_reg[11][7]/C,lane_product_reg_reg[11][11]/D
1441,-0.301,2.281,7,operand_coeff_reg_reg[111][0]/C,lane_product_reg_reg[100][8]/D
1442,-0.301,2.281,7,operand_coeff_reg_reg[79][7]/C,lane_product_reg_reg[48][37]/D
1443,-0.301,2.281,7,operand_coeff_reg_reg[1][1]/C,lane_product_reg_reg[1][18]/D
1444,-0.300,2.281,7,operand_coeff_reg_reg[28][6]/C,lane_product_reg_reg[121][5]/D
1445,-0.300,2.280,7,operand_x_reg_reg[39][11]/C,lane_product_reg_reg[71][13]/D
1446,-0.300,2.280,7,operand_x_reg_reg[44][7]/C,lane_product_reg_reg[76][16]/D
1447,-0.300,2.282,7,operand_x_reg_reg[42][7]/C,lane_product_reg_reg[42][21]/D
1448,-0.300,2.280,7,operand_x_reg_reg[44][7]/C,lane_product_reg_reg[76][13]/D
1449,-0.300,2.283,7,operand_coeff_reg_reg[10][6]/C,lane_product_reg_reg[10][20]/D
1450,-0.300,2.283,7,operand_x_reg_reg[30][11]/C,lane_product_reg_reg[30][17]/D
1451,-0.300,2.281,7,operand_coeff_reg_reg[34][3]/C,lane_product_reg_reg[34][4]/D
1452,-0.300,2.281,7,operand_x_reg_reg[46][5]/C,lane_product_reg_reg[46][21]/D
1453,-0.300,2.281,7,operand_coeff_reg_reg[75][3]/C,lane_product_reg_reg[75][20]/D
1454,-0.300,2.281,7,operand_coeff_reg_reg[75][3]/C,lane_product_reg_reg[75][37]/D
1455,-0.300,2.280,7,operand_coeff_reg_reg[87][3]/C,lane_product_reg_reg[87][36]/D
1456,-0.300,2.281,7,operand_coeff_reg_reg[66][3]/C,lane_product_reg_reg[66][10]/D
1457,-0.300,2.281,7,operand_coeff_reg_reg[96][3]/C,lane_product_reg_reg[96][19]/D
1458,-0.300,2.281,7,operand_coeff_reg_reg[122][4]/C,lane_product_reg_reg[122][6]/D
1459,-0.300,2.281,7,operand_coeff_reg_reg[29][0]/C,lane_product_reg_reg[29][1]/D
1460,-0.300,2.281,7,operand_coeff_reg_reg[96][3]/C,lane_product_reg_reg[96][8]/D
1461,-0.300,2.280,7,operand_coeff_reg_reg[61][7]/C,lane_product_reg_reg[61][21]/D
1462,-0.300,2.283,7,operand_coeff_reg_reg[64][6]/C,lane_product_reg_reg[81][5]/D
1463,-0.300,2.283,7,operand_x_reg_reg[90][0]/C,lane_product_reg_reg[90][0]/D
1464,-0.300,2.283,7,operand_x_reg_reg[90][0]/C,lane_product_reg_reg[90][6]/D
1465,-0.300,2.281,7,operand_coeff_reg_reg[113][7]/C,lane_product_reg_reg[113][19]/D
1466,-0.300,2.279,7,operand_coeff_reg_reg[108][7]/C,lane_product_reg_reg[108][16]/D
1467,-0.299,2.280,7,operand_coeff_reg_reg[121][6]/C,lane_product_reg_reg[127][8]/D
1468,-0.299,2.280,7,operand_x_reg_reg[93][0]/C,lane_product_reg_reg[125][2]/D
1469,-0.299,2.280,7,operand_x_reg_reg[46][5]/C,lane_product_reg_reg[46][16]/D
1470,-0.299,2.279,7,operand_x_reg_reg[36][3]/C,lane_product_reg_reg[68][3]/D
1471,-0.299,2.280,7,operand_coeff_reg_reg[61][3]/C,lane_product_reg_reg[85][18]/D
1472,-0.299,2.280,7,operand_x_reg_reg[93][0]/C,lane_product_reg_reg[125][6]/D
1473,-0.299,2.281,7,operand_x_reg_reg[42][7]/C,lane_product_reg_reg[42][9]/D
1474,-0.299,2.282,7,operand_x_reg_reg[34][11]/C,lane_product_reg_reg[66][18]/D
1475,-0.299,2.280,7,operand_x_reg_reg[36][3]/C,lane_product_reg_reg[68][17]/D
1476,-0.299,2.279,7,operand_x_reg_reg[39][11]/C,lane_product_reg_reg[71][11]/D
1477,-0.299,2.279,7,operand_coeff_reg_reg[75][3]/C,lane_product_reg_reg[75][11]/D
1478,-0.299,2.282,7,operand_x_reg_reg[88][1]/C,lane_product_reg_reg[120][3]/D
1479,-0.299,2.280,7,operand_x_reg_reg[93][6]/C,lane_product_reg_reg[125][8]/D
1480,-0.299,2.280,7,operand_coeff_reg_reg[21][3]/C,lane_product_reg_reg[21][7]/D
1481,-0.299,2.280,7,operand_coeff_reg_reg[115][4]/C,lane_product_reg_reg[115][4]/D
1482,-0.299,2.280,7,operand_x_reg_reg[51][15]/C,lane_product_reg_reg[51][37]/D
1483,-0.299,2.280,7,operand_x_reg_reg[31][1]/C,lane_product_reg_reg[63][3]/D
1484,-0.299,2.279,7,operand_coeff_reg_reg[1][1]/C,lane_product_reg_reg[1][4]/D
1485,-0.299,2.281,7,operand_coeff_reg_reg[56][3]/C,lane_product_reg_reg[71][36]/D
1486,-0.298,2.280,7,operand_coeff_reg_reg[19][5]/C,lane_product_reg_reg[19][19]/D
1487,-0.298,2.279,7,operand_coeff_reg_reg[4][3]/C,lane_product_reg_reg[17][3]/D
1488,-0.298,2.278,7,operand_coeff_reg_reg[4][3]/C,lane_product_reg_reg[17][4]/D
1489,-0.298,2.278,7,operand_x_reg_reg[38][2]/C,lane_product_reg_reg[38][16]/D
1490,-0.298,2.279,7,operand_x_reg_reg[51][6]/C,lane_product_reg_reg[51][9]/D
1491,-0.298,2.279,7,operand_coeff_reg_reg[61][3]/C,lane_product_reg_reg[85][5]/D
1492,-0.298,2.279,7,operand_coeff_reg_reg[110][4]/C,lane_product_reg_reg[98][6]/D
1493,-0.298,2.281,7,operand_coeff_reg_reg[62][6]/C,lane_product_reg_reg[119][9]/D
1494,-0.298,2.281,7,operand_x_reg_reg[24][14]/C,lane_product_reg_reg[24][17]/D
1495,-0.298,2.279,7,operand_x_reg_reg[32][0]/C,lane_product_reg_reg[64][5]/D
1496,-0.298,2.279,7,operand_coeff_reg_reg[75][3]/C,lane_product_reg_reg[75][13]/D
1497,-0.298,2.281,7,operand_coeff_reg_reg[80][5]/C,lane_product_reg_reg[80][18]/D
1498,-0.298,2.279,7,operand_coeff_reg_reg[20][4]/C,lane_product_reg_reg[20][19]/D
1499,-0.298,2.279,7,operand_coeff_reg_reg[31][3]/C,lane_product_reg_reg[31][11]/D
1500,-0.298,2.279,7,operand_coeff_reg_reg[50][3]/C,lane_product_reg_reg[50][12]/D
1501,-0.298,2.279,7,operand_coeff_reg_reg[50][3]/C,lane_product_reg_reg[50][7]/D
1502,-0.298,2.279,7,operand_coeff_reg_reg[77][1]/C,lane_product_reg_reg[77][1]/D
1503,-0.298,2.279,7,operand_coeff_reg_reg[83][0]/C,lane_product_reg_reg[83][0]/D
1504,-0.298,2.278,7,operand_coeff_reg_reg[65][7]/C,lane_product_reg_reg[65][8]/D
1505,-0.297,2.279,7,operand_coeff_reg_reg[121][6]/C,lane_product_reg_reg[121][11]/D
1506,-0.297,2.279,7,operand_coeff_reg_reg[121][6]/C,lane_product_reg_reg[121][14]/D
1507,-0.297,2.278,7,operand_coeff_reg_reg[121][6]/C,lane_product_reg_reg[121][9]/D
1508,-0.297,2.278,7,operand_x_reg_reg[36][15]/C,lane_product_reg_reg[36][20]/D
1509,-0.297,2.278,7,operand_coeff_reg_reg[58][5]/C,lane_product_reg_reg[22][11]/D
1510,-0.297,2.278,7,operand_coeff_reg_reg[9][2]/C,lane_product_reg_reg[9][13]/D
1511,-0.297,2.279,7,operand_coeff_reg_reg[79][3]/C,lane_product_reg_reg[118][4]/D
1512,-0.297,2.278,7,operand_coeff_reg_reg[58][5]/C,lane_product_reg_reg[22][7]/D
1513,-0.297,2.278,7,operand_x_reg_reg[46][5]/C,lane_product_reg_reg[46][13]/D
1514,-0.297,2.278,7,operand_coeff_reg_reg[4][3]/C,lane_product_reg_reg[4][21]/D
1515,-0.297,2.277,7,operand_x_reg_reg[44][7]/C,lane_product_reg_reg[76][10]/D
1516,-0.297,2.279,7,operand_x_reg_reg[92][7]/C,lane_product_reg_reg[124][13]/D
1517,-0.297,2.280,7,operand_x_reg_reg[28][5]/C,lane_product_reg_reg[28][21]/D
1518,-0.297,2.278,7,operand_coeff_reg_reg[58][5]/C,lane_product_reg_reg[58][14]/D
1519,-0.297,2.278,7,operand_coeff_reg_reg[109][0]/C,lane_product_reg_reg[94][21]/D
1520,-0.297,2.278,7,operand_coeff_reg_reg[109][0]/C,lane_product_reg_reg[94][3]/D
1521,-0.297,2.278,7,operand_coeff_reg_reg[26][3]/C,lane_product_reg_reg[26][11]/D
1522,-0.297,2.278,7,operand_coeff_reg_reg[31][3]/C,lane_product_reg_reg[31][10]/D
1523,-0.297,2.278,7,operand_coeff_reg_reg[59][3]/C,lane_product_reg_reg[59][22]/D
1524,-0.297,2.278,7,operand_coeff_reg_reg[101][3]/C,lane_product_reg_reg[101][8]/D
1525,-0.297,2.277,7,operand_x_reg_reg[35][5]/C,lane_product_reg_reg[67][13]/D
1526,-0.297,2.278,7,operand_x_reg_reg[26][15]/C,lane_product_reg_reg[26][36]/D
1527,-0.297,2.277,7,operand_coeff_reg_reg[126][7]/C,lane_product_reg_reg[126][17]/D
1528,-0.297,2.278,7,operand_coeff_reg_reg[65][7]/C,lane_product_reg_reg[65][6]/D
1529,-0.297,2.277,7,operand_x_reg_reg[47][2]/C,lane_product_reg_reg[47][9]/D
1530,-0.296,2.279,7,operand_coeff_reg_reg[30][5]/C,lane_product_reg_reg[29][18]/D
1531,-0.296,2.276,7,operand_coeff_reg_reg[104][1]/C,lane_product_reg_reg[104][8]/D
1532,-0.296,2.278,7,operand_x_reg_reg[42][7]/C,lane_product_reg_reg[42][19]/D
1533,-0.296,2.277,7,operand_coeff_reg_reg[29][3]/C,lane_product_reg_reg[45][18]/D
1534,-0.296,2.279,7,operand_coeff_reg_reg[80][5]/C,lane_product_reg_reg[80][10]/D
1535,-0.296,2.278,7,operand_coeff_reg_reg[36][2]/C,lane_product_reg_reg[105][21]/D
1536,-0.296,2.278,7,operand_coeff_reg_reg[19][5]/C,lane_product_reg_reg[19][17]/D
1537,-0.296,2.277,7,operand_coeff_reg_reg[34][3]/C,lane_product_reg_reg[34][17]/D
1538,-0.296,2.276,7,operand_x_reg_reg[41][8]/C,lane_product_reg_reg[73][9]/D
1539,-0.296,2.277,7,operand_coeff_reg_reg[75][3]/C,lane_product_reg_reg[75][17]/D
1540,-0.296,2.277,7,operand_x_reg_reg[17][6]/C,lane_product_reg_reg[17][14]/D
1541,-0.296,2.277,7,operand_coeff_reg_reg[31][3]/C,lane_product_reg_reg[31][18]/D
1542,-0.296,2.276,7,operand_coeff_reg_reg[61][0]/C,lane_product_reg_reg[61][0]/D
1543,-0.296,2.277,7,operand_x_reg_reg[15][2]/C,lane_product_reg_reg[15][3]/D
1544,-0.296,2.276,7,operand_coeff_reg_reg[20][4]/C,lane_product_reg_reg[20][6]/D
1545,-0.296,2.278,7,operand_x_reg_reg[116][9]/C,lane_product_reg_reg[116][22]/D
1546,-0.296,2.277,7,operand_coeff_reg_reg[93][6]/C,lane_product_reg_reg[88][13]/D
1547,-0.296,2.278,7,operand_coeff_reg_reg[68][6]/C,lane_product_reg_reg[114][21]/D
1548,-0.296,2.277,7,operand_coeff_reg_reg[113][7]/C,lane_product_reg_reg[102][7]/D
1549,-0.296,2.277,7,operand_coeff_reg_reg[111][0]/C,lane_product_reg_reg[100][12]/D
1550,-0.296,2.277,7,operand_coeff_reg_reg[61][6]/C,lane_product_reg_reg[84][12]/D
1551,-0.296,2.277,7,operand_x_reg_reg[44][5]/C,lane_product_reg_reg[44][6]/D
1552,-0.296,2.278,7,operand_coeff_reg_reg[8][2]/C,lane_product_reg_reg[67][21]/D
1553,-0.295,2.275,7,operand_coeff_reg_reg[41][2]/C,lane_product_reg_reg[24][14]/D
1554,-0.295,2.276,7,operand_coeff_reg_reg[58][5]/C,lane_product_reg_reg[22][12]/D
1555,-0.295,2.277,7,operand_x_reg_reg[30][11]/C,lane_product_reg_reg[30][11]/D
1556,-0.295,2.276,7,operand_coeff_reg_reg[34][3]/C,lane_product_reg_reg[34][18]/D
1557,-0.295,2.276,7,operand_x_reg_reg[46][5]/C,lane_product_reg_reg[46][15]/D
1558,-0.295,2.276,7,operand_x_reg_reg[28][8]/C,lane_product_reg_reg[60][17]/D
1559,-0.295,2.276,7,operand_x_reg_reg[36][3]/C,lane_product_reg_reg[68][4]/D
1560,-0.295,2.277,7,operand_coeff_reg_reg[36][2]/C,lane_product_reg_reg[105][18]/D
1561,-0.295,2.278,7,operand_x_reg_reg[41][1]/C,lane_product_reg_reg[41][1]/D
1562,-0.295,2.277,7,operand_x_reg_reg[42][7]/C,lane_product_reg_reg[42][20]/D
1563,-0.295,2.278,7,operand_x_reg_reg[95][15]/C,lane_product_reg_reg[95][18]/D
1564,-0.295,2.275,7,operand_coeff_reg_reg[115][4]/C,lane_product_reg_reg[115][5]/D
1565,-0.295,2.276,7,operand_coeff_reg_reg[117][5]/C,lane_product_reg_reg[117][10]/D
1566,-0.295,2.276,7,operand_coeff_reg_reg[117][5]/C,lane_product_reg_reg[117][18]/D
1567,-0.295,2.276,7,operand_coeff_reg_reg[30][1]/C,lane_product_reg_reg[30][1]/D
1568,-0.295,2.276,7,operand_coeff_reg_reg[59][3]/C,lane_product_reg_reg[59][7]/D
1569,-0.295,2.277,7,operand_x_reg_reg[116][9]/C,lane_product_reg_reg[116][35]/D
1570,-0.295,2.276,7,operand_coeff_reg_reg[6][3]/C,lane_product_reg_reg[6][4]/D
1571,-0.295,2.276,7,operand_coeff_reg_reg[97][2]/C,lane_product_reg_reg[97][35]/D
1572,-0.295,2.276,7,operand_x_reg_reg[16][15]/C,lane_product_reg_reg[16][37]/D
1573,-0.295,2.275,7,operand_x_reg_reg[51][15]/C,lane_product_reg_reg[51][19]/D
1574,-0.295,2.276,7,operand_coeff_reg_reg[111][0]/C,lane_product_reg_reg[100][18]/D
1575,-0.295,2.276,7,operand_coeff_reg_reg[61][6]/C,lane_product_reg_reg[84][19]/D
1576,-0.295,2.275,7,operand_coeff_reg_reg[16][7]/C,lane_product_reg_reg[16][6]/D
1577,-0.294,2.274,7,operand_coeff_reg_reg[16][7]/C,lane_product_reg_reg[16][10]/D
1578,-0.294,2.277,7,operand_coeff_reg_reg[51][4]_replica/C,lane_product_reg_reg[124][5]/D
1579,-0.294,2.275,7,operand_coeff_reg_reg[112][6]/C,lane_product_reg_reg[112][12]/D
1580,-0.294,2.274,7,operand_x_reg_reg[44][7]/C,lane_product_reg_reg[76][22]/D
1581,-0.294,2.276,7,operand_x_reg_reg[92][5]/C,lane_product_reg_reg[92][9]/D
1582,-0.294,2.276,7,operand_coeff_reg_reg[36][2]/C,lane_product_reg_reg[105][22]/D
1583,-0.294,2.275,7,operand_coeff_reg_reg[34][3]/C,lane_product_reg_reg[34][10]/D
1584,-0.294,2.276,7,operand_x_reg_reg[37][11]/C,lane_product_reg_reg[37][15]/D
1585,-0.294,2.275,7,operand_x_reg_reg[46][5]/C,lane_product_reg_reg[46][22]/D
1586,-0.294,2.275,7,operand_coeff_reg_reg[58][5]/C,lane_product_reg_reg[58][10]/D
1587,-0.294,2.275,7,operand_coeff_reg_reg[61][3]/C,lane_product_reg_reg[85][16]/D
1588,-0.294,2.274,7,operand_coeff_reg_reg[109][0]/C,lane_product_reg_reg[94][18]/D
1589,-0.294,2.275,7,operand_coeff_reg_reg[33][0]/C,lane_product_reg_reg[33][14]/D
1590,-0.294,2.274,7,operand_coeff_reg_reg[59][3]/C,lane_product_reg_reg[59][13]/D
1591,-0.294,2.275,7,operand_coeff_reg_reg[59][3]/C,lane_product_reg_reg[59][17]/D
1592,-0.294,2.274,7,operand_x_reg_reg[99][4]/C,lane_product_reg_reg[99][16]/D
1593,-0.294,2.276,7,operand_x_reg_reg[116][9]/C,lane_product_reg_reg[116][16]/D
1594,-0.294,2.274,7,operand_coeff_reg_reg[6][3]/C,lane_product_reg_reg[6][16]/D
1595,-0.294,2.275,7,operand_coeff_reg_reg[26][3]/C,lane_product_reg_reg[26][9]/D
1596,-0.294,2.275,7,operand_coeff_reg_reg[35][0]/C,lane_product_reg_reg[35][0]/D
1597,-0.294,2.275,7,operand_coeff_reg_reg[76][2]/C,lane_product_reg_reg[109][10]/D
1598,-0.294,2.274,7,operand_coeff_reg_reg[65][7]/C,lane_product_reg_reg[65][9]/D
1599,-0.294,2.275,7,operand_coeff_reg_reg[79][7]/C,lane_product_reg_reg[48][19]/D
1600,-0.294,2.274,7,operand_coeff_reg_reg[5][7]/C,lane_product_reg_reg[5][20]/D
1601,-0.294,2.274,7,operand_coeff_reg_reg[16][7]/C,lane_product_reg_reg[16][12]/D
1602,-0.293,2.276,7,operand_coeff_reg_reg[30][5]/C,lane_product_reg_reg[29][6]/D
1603,-0.293,2.274,7,operand_coeff_reg_reg[112][6]/C,lane_product_reg_reg[112][13]/D
1604,-0.293,2.273,7,operand_x_reg_reg[30][9]/C,lane_product_reg_reg[62][11]/D
1605,-0.293,2.274,7,operand_coeff_reg_reg[113][1]/C,lane_product_reg_reg[113][1]/D
1606,-0.293,2.274,7,operand_coeff_reg_reg[26][3]/C,lane_product_reg_reg[26][15]/D
1607,-0.293,2.274,7,operand_coeff_reg_reg[7][5]/C,lane_product_reg_reg[7][7]/D
1608,-0.293,2.274,7,operand_x_reg_reg[35][5]/C,lane_product_reg_reg[67][9]/D
1609,-0.292,2.273,7,operand_coeff_reg_reg[36][2]/C,lane_product_reg_reg[105][12]/D
1610,-0.292,2.273,7,operand_coeff_reg_reg[58][5]/C,lane_product_reg_reg[58][22]/D
1611,-0.292,2.275,7,operand_coeff_reg_reg[10][6]/C,lane_product_reg_reg[10][22]/D
1612,-0.292,2.275,7,operand_coeff_reg_reg[62][6]/C,lane_product_reg_reg[119][10]/D
1613,-0.292,2.275,7,operand_coeff_reg_reg[62][6]/C,lane_product_reg_reg[119][4]/D
1614,-0.292,2.272,7,operand_x_reg_reg[95][11]/C,lane_product_reg_reg[127][13]/D
1615,-0.292,2.275,7,operand_coeff_reg_reg[19][5]/C,lane_product_reg_reg[19][11]/D
1616,-0.292,2.275,7,operand_x_reg_reg[44][10]/C,lane_product_reg_reg[44][10]/D
1617,-0.292,2.273,7,operand_x_reg_reg[46][1]/C,lane_product_reg_reg[46][2]/D
1618,-0.292,2.273,7,operand_coeff_reg_reg[56][4]/C,lane_product_reg_reg[56][17]/D
1619,-0.292,2.272,7,operand_x_reg_reg[32][0]/C,lane_product_reg_reg[64][2]/D
1620,-0.292,2.273,7,operand_coeff_reg_reg[75][3]/C,lane_product_reg_reg[75][6]/D
1621,-0.292,2.272,7,operand_coeff_reg_reg[61][3]/C,lane_product_reg_reg[85][15]/D
1622,-0.292,2.273,7,operand_x_reg_reg[93][11]/C,lane_product_reg_reg[93][17]/D
1623,-0.292,2.275,7,operand_coeff_reg_reg[10][6]/C,lane_product_reg_reg[10][16]/D
1624,-0.292,2.275,7,operand_coeff_reg_reg[79][3]/C,lane_product_reg_reg[118][20]/D
1625,-0.292,2.275,7,operand_x_reg_reg[30][11]/C,lane_product_reg_reg[30][18]/D
1626,-0.292,2.273,7,operand_coeff_reg_reg[29][3]/C,lane_product_reg_reg[45][5]/D
1627,-0.292,2.273,7,operand_x_reg_reg[55][14]/C,lane_product_reg_reg[55][19]/D
1628,-0.292,2.273,7,operand_x_reg_reg[37][7]/C,lane_product_reg_reg[69][18]/D
1629,-0.292,2.273,7,operand_coeff_reg_reg[31][3]/C,lane_product_reg_reg[31][6]/D
1630,-0.292,2.273,7,operand_coeff_reg_reg[35][0]/C,lane_product_reg_reg[35][19]/D
1631,-0.292,2.273,7,operand_coeff_reg_reg[87][3]/C,lane_product_reg_reg[87][5]/D
1632,-0.292,2.273,7,operand_x_reg_reg[98][11]/C,lane_product_reg_reg[98][14]/D
1633,-0.292,2.273,7,operand_coeff_reg_reg[101][3]/C,lane_product_reg_reg[101][17]/D
1634,-0.292,2.272,7,operand_x_reg_reg[102][1]/C,lane_product_reg_reg[102][2]/D
1635,-0.292,2.273,7,operand_coeff_reg_reg[33][0]/C,lane_product_reg_reg[33][12]/D
1636,-0.292,2.272,7,operand_coeff_reg_reg[16][7]/C,lane_product_reg_reg[16][20]/D
1637,-0.291,2.273,7,operand_coeff_reg_reg[79][3]/C,lane_product_reg_reg[118][3]/D
1638,-0.291,2.271,7,operand_x_reg_reg[37][7]/C,lane_product_reg_reg[69][36]/D
1639,-0.291,2.274,7,operand_x_reg_reg[88][8]/C,lane_product_reg_reg[120][16]/D
1640,-0.291,2.272,7,operand_coeff_reg_reg[2][2]/C,lane_product_reg_reg[2][2]/D
1641,-0.291,2.273,7,operand_x_reg_reg[41][4]/C,lane_product_reg_reg[41][10]/D
1642,-0.291,2.272,7,operand_coeff_reg_reg[61][3]/C,lane_product_reg_reg[85][7]/D
1643,-0.291,2.272,7,operand_x_reg_reg[10][4]/C,lane_product_reg_reg[10][4]/D
1644,-0.291,2.272,7,operand_coeff_reg_reg[59][3]/C,lane_product_reg_reg[59][18]/D
1645,-0.291,2.272,7,operand_x_reg_reg[99][4]/C,lane_product_reg_reg[99][18]/D
1646,-0.291,2.272,7,operand_x_reg_reg[17][6]/C,lane_product_reg_reg[17][37]/D
1647,-0.291,2.272,7,operand_coeff_reg_reg[33][0]/C,lane_product_reg_reg[33][0]/D
1648,-0.291,2.272,7,operand_coeff_reg_reg[63][4]/C,lane_product_reg_reg[63][11]/D
1649,-0.291,2.272,7,operand_x_reg_reg[98][11]/C,lane_product_reg_reg[98][20]/D
1650,-0.291,2.273,7,operand_coeff_reg_reg[56][3]/C,lane_product_reg_reg[71][8]/D
1651,-0.291,2.272,7,operand_x_reg_reg[95][14]/C,lane_product_reg_reg[127][20]/D
1652,-0.291,2.273,7,operand_coeff_reg_reg[72][6]/C,lane_product_reg_reg[119][18]/D
1653,-0.291,2.271,7,operand_coeff_reg_reg[36][7]/C,lane_product_reg_reg[36][7]/D
1654,-0.290,2.272,7,operand_coeff_reg_reg[121][6]/C,lane_product_reg_reg[127][11]/D
1655,-0.290,2.272,7,operand_coeff_reg_reg[121][6]/C,lane_product_reg_reg[127][4]/D
1656,-0.290,2.270,7,operand_coeff_reg_reg[91][1]/C,lane_product_reg_reg[103][11]/D
1657,-0.290,2.271,7,operand_coeff_reg_reg[104][1]/C,lane_product_reg_reg[104][4]/D
1658,-0.290,2.271,7,operand_coeff_reg_reg[28][6]/C,lane_product_reg_reg[121][3]/D
1659,-0.290,2.273,7,operand_coeff_reg_reg[79][3]/C,lane_product_reg_reg[79][7]/D
1660,-0.290,2.272,7,operand_x_reg_reg[92][7]/C,lane_product_reg_reg[124][7]/D
1661,-0.290,2.273,7,operand_coeff_reg_reg[19][5]/C,lane_product_reg_reg[19][16]/D
1662,-0.290,2.273,7,operand_x_reg_reg[28][5]/C,lane_product_reg_reg[28][10]/D
1663,-0.290,2.270,7,operand_coeff_reg_reg[72][0]/C,lane_product_reg_reg[49][8]/D
1664,-0.290,2.271,7,operand_coeff_reg_reg[61][3]/C,lane_product_reg_reg[85][17]/D
1665,-0.290,2.271,7,operand_coeff_reg_reg[61][3]/C,lane_product_reg_reg[85][36]/D
1666,-0.290,2.271,7,operand_coeff_reg_reg[8][4]/C,lane_product_reg_reg[8][37]/D
1667,-0.290,2.270,7,operand_x_reg_reg[35][5]/C,lane_product_reg_reg[67][8]/D
1668,-0.290,2.270,7,operand_coeff_reg_reg[16][0]/C,lane_product_reg_reg[100][0]/D
1669,-0.289,2.269,7,operand_coeff_reg_reg[106][7]/C,lane_product_reg_reg[106][11]/D
1670,-0.289,2.269,7,operand_coeff_reg_reg[95][7]/C,lane_product_reg_reg[95][16]/D
1671,-0.289,2.269,7,operand_x_reg_reg[46][5]/C,lane_product_reg_reg[46][7]/D
1672,-0.289,2.271,7,operand_coeff_reg_reg[36][2]/C,lane_product_reg_reg[105][7]/D
1673,-0.289,2.272,7,operand_coeff_reg_reg[79][3]/C,lane_product_reg_reg[118][18]/D
1674,-0.289,2.271,7,operand_coeff_reg_reg[79][3]/C,lane_product_reg_reg[118][1]/D
1675,-0.289,2.270,7,operand_coeff_reg_reg[58][5]/C,lane_product_reg_reg[22][18]/D
1676,-0.289,2.272,7,operand_x_reg_reg[41][13]/C,lane_product_reg_reg[41][14]/D
1677,-0.289,2.270,7,operand_x_reg_reg[46][1]/C,lane_product_reg_reg[46][4]/D
1678,-0.289,2.272,7,operand_coeff_reg_reg[80][5]/C,lane_product_reg_reg[80][4]/D
1679,-0.289,2.272,7,operand_x_reg_reg[30][11]/C,lane_product_reg_reg[30][16]/D
1680,-0.289,2.269,7,operand_x_reg_reg[0][3]/C,lane_product_reg_reg[0][6]/D
1681,-0.289,2.269,7,operand_coeff_reg_reg[6][3]/C,lane_product_reg_reg[6][12]/D
1682,-0.289,2.270,7,operand_coeff_reg_reg[82][2]/C,lane_product_reg_reg[82][3]/D
1683,-0.289,2.270,7,operand_coeff_reg_reg[31][3]/C,lane_product_reg_reg[31][9]/D
1684,-0.289,2.270,7,operand_coeff_reg_reg[20][4]/C,lane_product_reg_reg[20][18]/D
1685,-0.289,2.271,7,operand_x_reg_reg[41][15]/C,lane_product_reg_reg[73][16]/D
1686,-0.289,2.269,7,operand_coeff_reg_reg[111][0]/C,lane_product_reg_reg[100][16]/D
1687,-0.289,2.269,7,operand_coeff_reg_reg[110][7]/C,lane_product_reg_reg[110][20]/D
1688,-0.289,2.269,7,operand_coeff_reg_reg[79][7]/C,lane_product_reg_reg[79][10]/D
1689,-0.288,2.270,7,operand_coeff_reg_reg[121][6]/C,lane_product_reg_reg[121][21]/D
1690,-0.288,2.269,7,operand_coeff_reg_reg[63][7]/C,lane_product_reg_reg[63][18]/D
1691,-0.288,2.269,7,operand_coeff_reg_reg[21][0]/C,lane_product_reg_reg[21][0]/D
1692,-0.288,2.269,7,operand_x_reg_reg[44][7]/C,lane_product_reg_reg[76][20]/D
1693,-0.288,2.269,7,operand_coeff_reg_reg[110][4]/C,lane_product_reg_reg[98][7]/D
1694,-0.288,2.268,7,operand_coeff_reg_reg[70][5]/C,lane_product_reg_reg[37][5]/D
1695,-0.288,2.271,7,operand_coeff_reg_reg[62][6]/C,lane_product_reg_reg[62][9]/D
1696,-0.288,2.271,7,operand_x_reg_reg[34][11]/C,lane_product_reg_reg[66][36]/D
1697,-0.288,2.269,7,operand_coeff_reg_reg[61][3]/C,lane_product_reg_reg[85][10]/D
1698,-0.288,2.268,7,operand_x_reg_reg[0][0]/C,lane_product_reg_reg[0][2]/D
1699,-0.288,2.269,7,operand_coeff_reg_reg[101][3]/C,lane_product_reg_reg[101][35]/D
1700,-0.288,2.269,7,operand_coeff_reg_reg[50][3]/C,lane_product_reg_reg[50][2]/D
1701,-0.288,2.269,7,operand_coeff_reg_reg[32][3]/C,lane_product_reg_reg[32][10]/D
1702,-0.288,2.268,7,operand_coeff_reg_reg[63][4]/C,lane_product_reg_reg[63][8]/D
1703,-0.288,2.269,7,operand_coeff_reg_reg[6][3]/C,lane_product_reg_reg[6][18]/D
1704,-0.288,2.269,7,operand_coeff_reg_reg[113][7]/C,lane_product_reg_reg[113][10]/D
1705,-0.288,2.269,7,operand_x_reg_reg[51][15]/C,lane_product_reg_reg[51][20]/D
1706,-0.288,2.268,7,operand_x_reg_reg[30][15]/C,lane_product_reg_reg[62][21]/D
1707,-0.287,2.270,7,operand_coeff_reg_reg[51][4]_replica/C,lane_product_reg_reg[80][0]/D
1708,-0.287,2.270,7,operand_coeff_reg_reg[30][5]/C,lane_product_reg_reg[29][4]/D
1709,-0.287,2.268,7,operand_x_reg_reg[92][7]/C,lane_product_reg_reg[124][21]/D
1710,-0.287,2.267,7,operand_coeff_reg_reg[58][5]/C,lane_product_reg_reg[22][20]/D
1711,-0.287,2.267,7,operand_x_reg_reg[37][6]/C,lane_product_reg_reg[37][6]/D
1712,-0.287,2.269,7,operand_x_reg_reg[92][5]/C,lane_product_reg_reg[92][8]/D
1713,-0.287,2.270,7,operand_coeff_reg_reg[10][6]/C,lane_product_reg_reg[10][37]/D
1714,-0.287,2.268,7,operand_coeff_reg_reg[113][1]/C,lane_product_reg_reg[113][2]/D
1715,-0.287,2.269,7,operand_x_reg_reg[95][0]/C,lane_product_reg_reg[127][1]/D
1716,-0.287,2.268,7,operand_coeff_reg_reg[56][4]/C,lane_product_reg_reg[56][18]/D
1717,-0.287,2.270,7,operand_coeff_reg_reg[80][5]/C,lane_product_reg_reg[80][14]/D
1718,-0.287,2.269,7,operand_x_reg_reg[95][1]/C,lane_product_reg_reg[95][1]/D
1719,-0.287,2.269,7,operand_coeff_reg_reg[36][2]/C,lane_product_reg_reg[105][19]/D
1720,-0.287,2.268,7,operand_coeff_reg_reg[29][3]/C,lane_product_reg_reg[45][22]/D
1721,-0.287,2.268,7,operand_coeff_reg_reg[56][7]/C,lane_product_reg_reg[71][6]/D
1722,-0.287,2.270,7,operand_x_reg_reg[95][15]/C,lane_product_reg_reg[95][35]/D
1723,-0.287,2.268,7,operand_coeff_reg_reg[50][3]/C,lane_product_reg_reg[50][4]/D
1724,-0.287,2.268,7,operand_coeff_reg_reg[50][3]/C,lane_product_reg_reg[50][21]/D
1725,-0.287,2.268,7,operand_coeff_reg_reg[7][5]/C,lane_product_reg_reg[7][6]/D
1726,-0.287,2.268,7,operand_coeff_reg_reg[92][4]/C,lane_product_reg_reg[92][4]/D
1727,-0.287,2.267,7,operand_x_reg_reg[91][15]/C,lane_product_reg_reg[91][17]/D
1728,-0.287,2.266,7,operand_coeff_reg_reg[107][7]/C,lane_product_reg_reg[107][12]/D
1729,-0.286,2.269,7,operand_coeff_reg_reg[51][4]_replica/C,lane_product_reg_reg[80][2]/D
1730,-0.286,2.268,7,operand_coeff_reg_reg[80][5]/C,lane_product_reg_reg[80][7]/D
1731,-0.286,2.269,7,operand_coeff_reg_reg[10][6]/C,lane_product_reg_reg[10][19]/D
1732,-0.286,2.267,7,operand_x_reg_reg[32][0]/C,lane_product_reg_reg[64][22]/D
1733,-0.286,2.267,7,operand_x_reg_reg[93][11]/C,lane_product_reg_reg[93][15]/D
1734,-0.286,2.267,7,operand_coeff_reg_reg[9][2]/C,lane_product_reg_reg[9][8]/D
1735,-0.286,2.267,7,operand_coeff_reg_reg[20][1]/C,lane_product_reg_reg[20][0]/D
1736,-0.286,2.266,7,operand_x_reg_reg[21][9]/C,lane_product_reg_reg[21][9]/D
1737,-0.286,2.266,7,operand_coeff_reg_reg[31][3]/C,lane_product_reg_reg[31][22]/D
1738,-0.286,2.267,7,operand_coeff_reg_reg[101][3]/C,lane_product_reg_reg[101][4]/D
1739,-0.286,2.267,7,operand_coeff_reg_reg[111][2]/C,lane_product_reg_reg[111][11]/D
1740,-0.286,2.267,7,operand_x_reg_reg[12][2]/C,lane_product_reg_reg[12][3]/D
1741,-0.286,2.266,7,operand_coeff_reg_reg[20][4]/C,lane_product_reg_reg[20][11]/D
1742,-0.286,2.267,7,operand_coeff_reg_reg[66][3]/C,lane_product_reg_reg[66][8]/D
1743,-0.286,2.267,7,operand_coeff_reg_reg[83][3]/C,lane_product_reg_reg[83][5]/D
1744,-0.286,2.268,7,operand_coeff_reg_reg[68][6]/C,lane_product_reg_reg[114][22]/D
1745,-0.286,2.266,7,operand_x_reg_reg[49][15]/C,lane_product_reg_reg[81][19]/D
1746,-0.286,2.267,7,operand_coeff_reg_reg[72][6]/C,lane_product_reg_reg[119][13]/D
1747,-0.286,2.267,7,operand_x_reg_reg[11][15]/C,lane_product_reg_reg[11][18]/D
1748,-0.286,2.265,7,operand_coeff_reg_reg[110][7]/C,lane_product_reg_reg[110][17]/D
1749,-0.286,2.266,7,operand_coeff_reg_reg[110][7]/C,lane_product_reg_reg[110][18]/D
1750,-0.285,2.267,7,operand_coeff_reg_reg[121][6]/C,lane_product_reg_reg[121][19]/D
1751,-0.285,2.265,7,operand_x_reg_reg[39][11]/C,lane_product_reg_reg[39][20]/D
1752,-0.285,2.266,7,operand_x_reg_reg[28][8]/C,lane_product_reg_reg[60][16]/D
1753,-0.285,2.265,7,operand_coeff_reg_reg[110][4]/C,lane_product_reg_reg[98][9]/D
1754,-0.285,2.266,7,operand_coeff_reg_reg[104][1]/C,lane_product_reg_reg[104][15]/D
1755,-0.285,2.266,7,operand_coeff_reg_reg[75][3]/C,lane_product_reg_reg[75][18]/D
1756,-0.285,2.266,7,operand_coeff_reg_reg[9][2]/C,lane_product_reg_reg[9][21]/D
1757,-0.285,2.267,7,operand_coeff_reg_reg[36][2]/C,lane_product_reg_reg[105][16]/D
1758,-0.285,2.268,7,operand_coeff_reg_reg[62][6]/C,lane_product_reg_reg[119][8]/D
1759,-0.285,2.266,7,operand_coeff_reg_reg[61][3]/C,lane_product_reg_reg[85][22]/D
1760,-0.285,2.267,7,operand_x_reg_reg[107][3]/C,lane_product_reg_reg[107][4]/D
1761,-0.285,2.266,7,operand_x_reg_reg[7][14]/C,lane_product_reg_reg[7][19]/D
1762,-0.285,2.266,7,operand_coeff_reg_reg[83][3]/C,lane_product_reg_reg[83][9]/D
1763,-0.285,2.266,7,operand_coeff_reg_reg[97][2]/C,lane_product_reg_reg[97][12]/D
1764,-0.285,2.266,7,operand_coeff_reg_reg[93][6]/C,lane_product_reg_reg[88][8]/D
1765,-0.285,2.266,7,operand_coeff_reg_reg[61][6]/C,lane_product_reg_reg[84][4]/D
1766,-0.285,2.266,7,operand_x_reg_reg[40][15]/C,lane_product_reg_reg[40][21]/D
1767,-0.285,2.264,7,operand_coeff_reg_reg[14][7]/C,lane_product_reg_reg[14][21]/D
1768,-0.284,2.267,7,operand_coeff_reg_reg[123][3]/C,lane_product_reg_reg[123][9]/D
1769,-0.284,2.265,7,operand_coeff_reg_reg[58][5]/C,lane_product_reg_reg[22][0]/D
1770,-0.284,2.266,7,operand_x_reg_reg[42][7]/C,lane_product_reg_reg[42][15]/D
1771,-0.284,2.265,7,operand_coeff_reg_reg[58][5]/C,lane_product_reg_reg[58][18]/D
1772,-0.284,2.264,7,operand_coeff_reg_reg[56][7]/C,lane_product_reg_reg[71][5]/D
1773,-0.284,2.265,7,operand_coeff_reg_reg[112][6]/C,lane_product_reg_reg[112][11]/D
1774,-0.284,2.265,7,operand_x_reg_reg[46][7]/C,lane_product_reg_reg[78][9]/D
1775,-0.284,2.265,7,operand_coeff_reg_reg[61][3]/C,lane_product_reg_reg[85][12]/D
1776,-0.284,2.265,7,operand_x_reg_reg[119][3]/C,lane_product_reg_reg[119][3]/D
1777,-0.284,2.265,7,operand_x_reg_reg[12][6]/C,lane_product_reg_reg[12][7]/D
1778,-0.284,2.265,7,operand_coeff_reg_reg[19][1]/C,lane_product_reg_reg[19][1]/D
1779,-0.284,2.265,7,operand_coeff_reg_reg[87][3]/C,lane_product_reg_reg[87][8]/D
1780,-0.284,2.265,7,operand_coeff_reg_reg[97][2]/C,lane_product_reg_reg[97][6]/D
1781,-0.284,2.265,7,operand_coeff_reg_reg[6][0]/C,lane_product_reg_reg[6][2]/D
1782,-0.284,2.264,7,operand_x_reg_reg[51][15]/C,lane_product_reg_reg[51][17]/D
1783,-0.284,2.265,7,operand_coeff_reg_reg[61][6]/C,lane_product_reg_reg[84][18]/D
1784,-0.284,2.266,7,operand_x_reg_reg[90][12]/C,lane_product_reg_reg[90][12]/D
1785,-0.284,2.264,7,operand_coeff_reg_reg[79][7]/C,lane_product_reg_reg[79][18]/D
1786,-0.283,2.264,7,operand_coeff_reg_reg[25][7]/C,lane_product_reg_reg[25][36]/D
1787,-0.283,2.264,7,operand_coeff_reg_reg[56][4]/C,lane_product_reg_reg[56][6]/D
1788,-0.283,2.265,7,operand_coeff_reg_reg[119][6]/C,lane_product_reg_reg[89][3]/D
1789,-0.283,2.266,7,operand_coeff_reg_reg[14][3]/C,lane_product_reg_reg[14][12]/D
1790,-0.283,2.263,7,operand_coeff_reg_reg[29][3]/C,lane_product_reg_reg[45][9]/D
1791,-0.283,2.263,7,operand_x_reg_reg[53][2]/C,lane_product_reg_reg[53][16]/D
1792,-0.283,2.263,7,operand_x_reg_reg[44][7]/C,lane_product_reg_reg[76][17]/D
1793,-0.283,2.264,7,operand_coeff_reg_reg[110][4]/C,lane_product_reg_reg[98][10]/D
1794,-0.283,2.264,7,operand_coeff_reg_reg[34][3]/C,lane_product_reg_reg[34][16]/D
1795,-0.283,2.264,7,operand_coeff_reg_reg[72][0]/C,lane_product_reg_reg[49][2]/D
1796,-0.283,2.264,7,operand_x_reg_reg[53][2]/C,lane_product_reg_reg[53][4]/D
1797,-0.283,2.266,7,operand_coeff_reg_reg[80][5]/C,lane_product_reg_reg[80][13]/D
1798,-0.283,2.265,7,operand_x_reg_reg[95][1]/C,lane_product_reg_reg[95][2]/D
1799,-0.283,2.266,7,operand_x_reg_reg[28][5]/C,lane_product_reg_reg[28][15]/D
1800,-0.283,2.264,7,operand_coeff_reg_reg[122][4]/C,lane_product_reg_reg[122][7]/D
1801,-0.283,2.262,7,operand_coeff_reg_reg[110][7]/C,lane_product_reg_reg[110][14]/D
1802,-0.282,2.263,7,operand_coeff_reg_reg[41][2]/C,lane_product_reg_reg[24][4]/D
1803,-0.282,2.262,7,operand_coeff_reg_reg[9][2]/C,lane_product_reg_reg[9][19]/D
1804,-0.282,2.262,7,operand_coeff_reg_reg[104][1]/C,lane_product_reg_reg[104][6]/D
1805,-0.282,2.263,7,operand_coeff_reg_reg[104][1]/C,lane_product_reg_reg[104][7]/D
1806,-0.282,2.263,7,operand_x_reg_reg[93][12]/C,lane_product_reg_reg[125][18]/D
1807,-0.282,2.263,7,operand_coeff_reg_reg[58][5]/C,lane_product_reg_reg[22][1]/D
1808,-0.282,2.265,7,operand_coeff_reg_reg[48][0]/C,lane_product_reg_reg[48][7]/D
1809,-0.282,2.263,7,operand_x_reg_reg[51][6]/C,lane_product_reg_reg[51][10]/D
1810,-0.282,2.263,7,operand_x_reg_reg[52][3]/C,lane_product_reg_reg[52][6]/D
1811,-0.282,2.263,7,operand_x_reg_reg[28][8]/C,lane_product_reg_reg[60][19]/D
1812,-0.282,2.265,7,operand_coeff_reg_reg[80][5]/C,lane_product_reg_reg[80][8]/D
1813,-0.282,2.263,7,operand_coeff_reg_reg[104][1]/C,lane_product_reg_reg[99][1]/D
1814,-0.282,2.265,7,operand_x_reg_reg[94][5]/C,lane_product_reg_reg[126][7]/D
1815,-0.282,2.265,7,operand_x_reg_reg[28][5]/C,lane_product_reg_reg[28][12]/D
1816,-0.282,2.263,7,operand_coeff_reg_reg[4][3]/C,lane_product_reg_reg[4][13]/D
1817,-0.282,2.263,7,operand_coeff_reg_reg[56][7]/C,lane_product_reg_reg[71][2]/D
1818,-0.282,2.263,7,operand_coeff_reg_reg[12][7]/C,lane_product_reg_reg[12][17]/D
1819,-0.282,2.262,7,operand_coeff_reg_reg[111][2]/C,lane_product_reg_reg[111][7]/D
1820,-0.282,2.263,7,operand_coeff_reg_reg[27][6]/C,lane_product_reg_reg[27][6]/D
1821,-0.282,2.263,7,operand_coeff_reg_reg[32][3]/C,lane_product_reg_reg[32][3]/D
1822,-0.282,2.262,7,operand_coeff_reg_reg[116][6]/C,lane_product_reg_reg[116][6]/D
1823,-0.282,2.263,7,operand_coeff_reg_reg[122][4]/C,lane_product_reg_reg[122][4]/D
1824,-0.282,2.263,7,operand_x_reg_reg[17][6]/C,lane_product_reg_reg[17][8]/D
1825,-0.282,2.263,7,operand_coeff_reg_reg[33][0]/C,lane_product_reg_reg[33][9]/D
1826,-0.282,2.263,7,operand_coeff_reg_reg[43][3]/C,lane_product_reg_reg[43][11]/D
1827,-0.282,2.263,7,operand_coeff_reg_reg[101][3]/C,lane_product_reg_reg[101][3]/D
1828,-0.282,2.263,7,operand_x_reg_reg[49][15]/C,lane_product_reg_reg[81][36]/D
1829,-0.282,2.263,7,operand_coeff_reg_reg[4][0]/C,lane_product_reg_reg[115][10]/D
1830,-0.282,2.263,7,operand_x_reg_reg[44][5]/C,lane_product_reg_reg[44][7]/D
1831,-0.282,2.262,7,operand_coeff_reg_reg[61][7]/C,lane_product_reg_reg[61][7]/D
1832,-0.281,2.262,7,operand_coeff_reg_reg[106][7]/C,lane_product_reg_reg[106][7]/D
1833,-0.281,2.261,7,operand_coeff_reg_reg[85][1]/C,lane_product_reg_reg[85][1]/D
1834,-0.281,2.263,7,operand_coeff_reg_reg[121][6]/C,lane_product_reg_reg[117][3]/D
1835,-0.281,2.263,7,operand_x_reg_reg[39][2]/C,lane_product_reg_reg[39][3]/D
1836,-0.281,2.261,7,operand_x_reg_reg[30][2]/C,lane_product_reg_reg[62][5]/D
1837,-0.281,2.264,7,operand_x_reg_reg[94][2]/C,lane_product_reg_reg[126][4]/D
1838,-0.281,2.264,7,operand_x_reg_reg[24][14]/C,lane_product_reg_reg[24][15]/D
1839,-0.281,2.261,7,operand_x_reg_reg[37][5]/C,lane_product_reg_reg[69][6]/D
1840,-0.281,2.263,7,operand_x_reg_reg[42][0]/C,lane_product_reg_reg[74][3]/D
1841,-0.281,2.262,7,operand_x_reg_reg[46][7]/C,lane_product_reg_reg[78][19]/D
1842,-0.281,2.262,7,operand_coeff_reg_reg[91][1]/C,lane_product_reg_reg[91][12]/D
1843,-0.281,2.262,7,operand_coeff_reg_reg[77][3]/C,lane_product_reg_reg[77][7]/D
1844,-0.281,2.261,7,operand_coeff_reg_reg[35][0]/C,lane_product_reg_reg[35][21]/D
1845,-0.281,2.262,7,operand_x_reg_reg[98][11]/C,lane_product_reg_reg[98][15]/D
1846,-0.281,2.262,7,operand_coeff_reg_reg[20][4]/C,lane_product_reg_reg[20][16]/D
1847,-0.281,2.262,7,operand_coeff_reg_reg[83][3]/C,lane_product_reg_reg[83][4]/D
1848,-0.281,2.262,7,operand_coeff_reg_reg[65][7]/C,lane_product_reg_reg[65][21]/D
1849,-0.281,2.262,7,operand_coeff_reg_reg[79][7]/C,lane_product_reg_reg[48][16]/D
1850,-0.281,2.260,7,operand_x_reg_reg[47][2]/C,lane_product_reg_reg[47][14]/D
1851,-0.281,2.260,7,operand_x_reg_reg[47][2]/C,lane_product_reg_reg[47][3]/D
1852,-0.280,2.262,7,operand_coeff_reg_reg[75][0]/C,lane_product_reg_reg[42][4]/D
1853,-0.280,2.261,7,operand_coeff_reg_reg[91][1]/C,lane_product_reg_reg[103][21]/D
1854,-0.280,2.263,7,operand_coeff_reg_reg[10][6]/C,lane_product_reg_reg[10][12]/D
1855,-0.280,2.261,7,operand_coeff_reg_reg[2][2]/C,lane_product_reg_reg[2][14]/D
1856,-0.280,2.261,7,operand_x_reg_reg[41][4]/C,lane_product_reg_reg[41][11]/D
1857,-0.280,2.262,7,operand_coeff_reg_reg[74][2]/C,lane_product_reg_reg[54][5]/D
1858,-0.280,2.261,7,operand_x_reg_reg[36][3]/C,lane_product_reg_reg[68][7]/D
1859,-0.280,2.261,7,operand_coeff_reg_reg[42][3]/C,lane_product_reg_reg[73][4]/D
1860,-0.280,2.261,7,operand_coeff_reg_reg[9][2]/C,lane_product_reg_reg[9][15]/D
1861,-0.280,2.263,7,operand_x_reg_reg[37][11]/C,lane_product_reg_reg[37][16]/D
1862,-0.280,2.263,7,operand_coeff_reg_reg[19][5]/C,lane_product_reg_reg[70][0]/D
1863,-0.280,2.261,7,operand_coeff_reg_reg[117][5]/C,lane_product_reg_reg[117][17]/D
1864,-0.280,2.261,7,operand_coeff_reg_reg[25][1]/C,lane_product_reg_reg[25][7]/D
1865,-0.280,2.261,7,operand_coeff_reg_reg[32][3]/C,lane_product_reg_reg[32][2]/D
1866,-0.280,2.261,7,operand_coeff_reg_reg[35][0]/C,lane_product_reg_reg[35][18]/D
1867,-0.280,2.260,7,operand_coeff_reg_reg[96][3]/C,lane_product_reg_reg[96][12]/D
1868,-0.280,2.261,7,operand_coeff_reg_reg[87][3]/C,lane_product_reg_reg[87][16]/D
1869,-0.280,2.260,7,operand_x_reg_reg[95][14]/C,lane_product_reg_reg[127][19]/D
1870,-0.280,2.259,7,operand_x_reg_reg[47][2]/C,lane_product_reg_reg[47][13]/D
1871,-0.279,2.261,7,operand_coeff_reg_reg[68][6]/C,lane_product_reg_reg[114][7]/D
1872,-0.279,2.259,7,operand_coeff_reg_reg[61][3]/C,lane_product_reg_reg[85][21]/D
1873,-0.279,2.261,7,operand_coeff_reg_reg[119][6]/C,lane_product_reg_reg[89][7]/D
1874,-0.279,2.260,7,operand_x_reg_reg[91][14]/C,lane_product_reg_reg[123][15]/D
1875,-0.279,2.260,7,operand_coeff_reg_reg[57][3]/C,lane_product_reg_reg[3][14]/D
1876,-0.279,2.260,7,operand_x_reg_reg[44][7]/C,lane_product_reg_reg[76][21]/D
1877,-0.279,2.259,7,operand_coeff_reg_reg[61][3]/C,lane_product_reg_reg[85][11]/D
1878,-0.279,2.259,7,operand_coeff_reg_reg[91][1]/C,lane_product_reg_reg[91][4]/D
1879,-0.279,2.260,7,operand_coeff_reg_reg[104][1]/C,lane_product_reg_reg[104][0]/D
1880,-0.279,2.259,7,operand_coeff_reg_reg[31][3]/C,lane_product_reg_reg[31][8]/D
1881,-0.279,2.260,7,operand_coeff_reg_reg[111][2]/C,lane_product_reg_reg[111][18]/D
1882,-0.279,2.259,7,operand_coeff_reg_reg[111][2]/C,lane_product_reg_reg[111][8]/D
1883,-0.279,2.260,7,operand_x_reg_reg[17][6]/C,lane_product_reg_reg[17][20]/D
1884,-0.279,2.260,7,operand_coeff_reg_reg[27][6]/C,lane_product_reg_reg[27][9]/D
1885,-0.279,2.260,7,operand_coeff_reg_reg[74][6]/C,lane_product_reg_reg[74][11]/D
1886,-0.279,2.260,7,operand_coeff_reg_reg[8][4]/C,lane_product_reg_reg[8][17]/D
1887,-0.279,2.260,7,operand_coeff_reg_reg[77][7]/C,lane_product_reg_reg[77][12]/D
1888,-0.279,2.260,7,operand_coeff_reg_reg[4][0]/C,lane_product_reg_reg[115][22]/D
1889,-0.279,2.258,7,operand_x_reg_reg[30][15]/C,lane_product_reg_reg[62][22]/D
1890,-0.279,2.258,7,operand_x_reg_reg[36][0]/C,lane_product_reg_reg[36][0]/D
1891,-0.278,2.259,7,operand_coeff_reg_reg[77][7]/C,lane_product_reg_reg[77][8]/D
1892,-0.278,2.260,7,operand_x_reg_reg[41][15]/C,lane_product_reg_reg[73][37]/D
1893,-0.278,2.261,7,operand_x_reg_reg[24][14]/C,lane_product_reg_reg[24][36]/D
1894,-0.278,2.258,7,operand_x_reg_reg[52][3]/C,lane_product_reg_reg[52][18]/D
1895,-0.278,2.259,7,operand_coeff_reg_reg[56][4]/C,lane_product_reg_reg[56][9]/D
1896,-0.278,2.259,7,operand_coeff_reg_reg[58][5]/C,lane_product_reg_reg[22][21]/D
1897,-0.278,2.259,7,operand_coeff_reg_reg[9][2]/C,lane_product_reg_reg[9][4]/D
1898,-0.278,2.258,7,operand_coeff_reg_reg[7][5]/C,lane_product_reg_reg[7][10]/D
1899,-0.278,2.259,7,operand_x_reg_reg[13][2]/C,lane_product_reg_reg[13][5]/D
1900,-0.278,2.258,7,operand_x_reg_reg[51][15]/C,lane_product_reg_reg[51][16]/D
1901,-0.278,2.259,7,operand_coeff_reg_reg[65][7]/C,lane_product_reg_reg[65][36]/D
1902,-0.278,2.258,7,operand_coeff_reg_reg[4][0]/C,lane_product_reg_reg[115][21]/D
1903,-0.278,2.258,7,operand_coeff_reg_reg[5][7]/C,lane_product_reg_reg[5][15]/D
1904,-0.278,2.260,7,operand_x_reg_reg[90][12]/C,lane_product_reg_reg[90][18]/D
1905,-0.277,2.258,7,operand_x_reg_reg[93][0]/C,lane_product_reg_reg[125][0]/D
1906,-0.277,2.260,7,operand_coeff_reg_reg[48][0]/C,lane_product_reg_reg[48][10]/D
1907,-0.277,2.258,7,operand_coeff_reg_reg[57][3]/C,lane_product_reg_reg[57][20]/D
1908,-0.277,2.260,7,operand_coeff_reg_reg[74][2]/C,lane_product_reg_reg[74][5]/D
1909,-0.277,2.257,7,operand_coeff_reg_reg[91][1]/C,lane_product_reg_reg[91][0]/D
1910,-0.277,2.258,7,operand_x_reg_reg[32][0]/C,lane_product_reg_reg[64][0]/D
1911,-0.277,2.258,7,operand_coeff_reg_reg[61][3]/C,lane_product_reg_reg[85][14]/D
1912,-0.277,2.258,7,operand_coeff_reg_reg[109][0]/C,lane_product_reg_reg[94][19]/D
1913,-0.277,2.258,7,operand_coeff_reg_reg[117][5]/C,lane_product_reg_reg[117][20]/D
1914,-0.277,2.257,7,operand_coeff_reg_reg[26][3]/C,lane_product_reg_reg[26][12]/D
1915,-0.277,2.258,7,operand_coeff_reg_reg[26][3]/C,lane_product_reg_reg[26][3]/D
1916,-0.277,2.258,7,operand_x_reg_reg[99][4]/C,lane_product_reg_reg[99][10]/D
1917,-0.277,2.258,7,operand_coeff_reg_reg[81][0]/C,lane_product_reg_reg[81][0]/D
1918,-0.277,2.257,7,operand_x_reg_reg[91][15]/C,lane_product_reg_reg[91][18]/D
1919,-0.277,2.258,7,operand_x_reg_reg[41][15]/C,lane_product_reg_reg[73][22]/D
1920,-0.277,2.257,7,operand_x_reg_reg[45][8]/C,lane_product_reg_reg[77][9]/D
1921,-0.277,2.257,7,operand_coeff_reg_reg[1][1]/C,lane_product_reg_reg[1][19]/D
1922,-0.277,2.257,7,operand_coeff_reg_reg[1][1]/C,lane_product_reg_reg[1][20]/D
1923,-0.276,2.258,7,operand_coeff_reg_reg[68][6]/C,lane_product_reg_reg[114][12]/D
1924,-0.276,2.256,7,operand_coeff_reg_reg[91][1]/C,lane_product_reg_reg[103][4]/D
1925,-0.276,2.256,7,operand_coeff_reg_reg[91][1]/C,lane_product_reg_reg[103][7]/D
1926,-0.276,2.257,7,operand_x_reg_reg[91][14]/C,lane_product_reg_reg[123][18]/D
1927,-0.276,2.257,7,operand_x_reg_reg[41][4]/C,lane_product_reg_reg[41][9]/D
1928,-0.276,2.259,7,operand_coeff_reg_reg[48][0]/C,lane_product_reg_reg[48][4]/D
1929,-0.276,2.257,7,operand_x_reg_reg[93][4]/C,lane_product_reg_reg[93][9]/D
1930,-0.276,2.258,7,operand_coeff_reg_reg[36][2]/C,lane_product_reg_reg[105][11]/D
1931,-0.276,2.259,7,operand_x_reg_reg[28][5]/C,lane_product_reg_reg[28][14]/D
1932,-0.276,2.259,7,operand_x_reg_reg[28][5]/C,lane_product_reg_reg[28][5]/D
1933,-0.276,2.257,7,operand_coeff_reg_reg[34][3]/C,lane_product_reg_reg[34][3]/D
1934,-0.276,2.257,7,operand_x_reg_reg[32][0]/C,lane_product_reg_reg[64][20]/D
1935,-0.276,2.259,7,operand_x_reg_reg[34][11]/C,lane_product_reg_reg[66][12]/D
1936,-0.276,2.259,7,operand_x_reg_reg[88][1]/C,lane_product_reg_reg[120][4]/D
1937,-0.276,2.258,7,operand_x_reg_reg[41][4]/C,lane_product_reg_reg[41][4]/D
1938,-0.276,2.256,7,operand_coeff_reg_reg[12][7]/C,lane_product_reg_reg[12][12]/D
1939,-0.276,2.257,7,operand_coeff_reg_reg[31][3]/C,lane_product_reg_reg[31][12]/D
1940,-0.276,2.256,7,operand_coeff_reg_reg[111][2]/C,lane_product_reg_reg[111][10]/D
1941,-0.276,2.256,7,operand_x_reg_reg[15][7]/C,lane_product_reg_reg[15][22]/D
1942,-0.276,2.256,7,operand_coeff_reg_reg[61][0]/C,lane_product_reg_reg[61][1]/D
1943,-0.276,2.256,7,operand_coeff_reg_reg[5][7]/C,lane_product_reg_reg[5][18]/D
1944,-0.276,2.257,7,operand_x_reg_reg[47][15]/C,lane_product_reg_reg[47][37]/D
1945,-0.275,2.255,7,operand_coeff_reg_reg[91][1]/C,lane_product_reg_reg[103][20]/D
1946,-0.275,2.255,7,operand_coeff_reg_reg[91][1]/C,lane_product_reg_reg[103][9]/D
1947,-0.275,2.256,7,operand_x_reg_reg[93][12]/C,lane_product_reg_reg[125][17]/D
1948,-0.275,2.257,7,operand_x_reg_reg[37][11]/C,lane_product_reg_reg[37][18]/D
1949,-0.275,2.256,7,operand_x_reg_reg[46][5]/C,lane_product_reg_reg[46][20]/D
1950,-0.275,2.256,7,operand_coeff_reg_reg[61][3]/C,lane_product_reg_reg[85][8]/D
1951,-0.275,2.255,7,operand_coeff_reg_reg[2][2]/C,lane_product_reg_reg[2][17]/D
1952,-0.275,2.258,7,operand_x_reg_reg[30][11]/C,lane_product_reg_reg[30][21]/D
1953,-0.275,2.257,7,operand_x_reg_reg[95][15]/C,lane_product_reg_reg[95][19]/D
1954,-0.275,2.255,7,operand_coeff_reg_reg[111][2]/C,lane_product_reg_reg[111][16]/D
1955,-0.275,2.256,7,operand_coeff_reg_reg[23][3]/C,lane_product_reg_reg[23][20]/D
1956,-0.275,2.256,7,operand_coeff_reg_reg[113][4]/C,lane_product_reg_reg[113][5]/D
1957,-0.275,2.256,7,operand_x_reg_reg[13][2]/C,lane_product_reg_reg[13][4]/D
1958,-0.275,2.255,7,operand_x_reg_reg[17][6]/C,lane_product_reg_reg[17][9]/D
1959,-0.275,2.256,7,operand_coeff_reg_reg[26][3]/C,lane_product_reg_reg[26][2]/D
1960,-0.275,2.257,7,operand_x_reg_reg[116][9]/C,lane_product_reg_reg[116][19]/D
1961,-0.275,2.256,7,operand_x_reg_reg[12][6]/C,lane_product_reg_reg[12][8]/D
1962,-0.275,2.256,7,operand_coeff_reg_reg[97][2]/C,lane_product_reg_reg[97][18]/D
1963,-0.275,2.256,7,operand_x_reg_reg[51][15]/C,lane_product_reg_reg[83][20]/D
1964,-0.275,2.256,7,operand_coeff_reg_reg[65][7]/C,lane_product_reg_reg[65][16]/D
1965,-0.274,2.255,7,operand_x_reg_reg[42][7]/C,lane_product_reg_reg[42][17]/D
1966,-0.274,2.254,7,operand_coeff_reg_reg[75][3]/C,lane_product_reg_reg[75][16]/D
1967,-0.274,2.254,7,operand_coeff_reg_reg[61][3]/C,lane_product_reg_reg[85][20]/D
1968,-0.274,2.256,7,operand_x_reg_reg[42][7]/C,lane_product_reg_reg[42][14]/D
1969,-0.274,2.257,7,operand_coeff_reg_reg[48][0]/C,lane_product_reg_reg[48][11]/D
1970,-0.274,2.257,7,operand_coeff_reg_reg[48][0]/C,lane_product_reg_reg[48][8]/D
1971,-0.274,2.254,7,operand_coeff_reg_reg[4][3]/C,lane_product_reg_reg[4][7]/D
1972,-0.274,2.255,7,operand_coeff_reg_reg[57][3]/C,lane_product_reg_reg[3][12]/D
1973,-0.274,2.254,7,operand_x_reg_reg[30][9]/C,lane_product_reg_reg[62][10]/D
1974,-0.274,2.257,7,operand_x_reg_reg[49][13]/C,lane_product_reg_reg[81][17]/D
1975,-0.274,2.254,7,operand_coeff_reg_reg[111][2]/C,lane_product_reg_reg[111][9]/D
1976,-0.274,2.254,7,operand_coeff_reg_reg[31][3]/C,lane_product_reg_reg[31][16]/D
1977,-0.274,2.255,7,operand_coeff_reg_reg[50][3]/C,lane_product_reg_reg[50][18]/D
1978,-0.274,2.255,7,operand_coeff_reg_reg[63][4]/C,lane_product_reg_reg[63][13]/D
1979,-0.274,2.255,7,operand_coeff_reg_reg[97][2]/C,lane_product_reg_reg[97][17]/D
1980,-0.274,2.255,7,operand_coeff_reg_reg[8][4]/C,lane_product_reg_reg[8][12]/D
1981,-0.274,2.254,7,operand_coeff_reg_reg[93][6]/C,lane_product_reg_reg[88][18]/D
1982,-0.274,2.255,7,operand_coeff_reg_reg[93][6]/C,lane_product_reg_reg[88][9]/D
1983,-0.274,2.255,7,operand_coeff_reg_reg[61][7]/C,lane_product_reg_reg[61][14]/D
1984,-0.274,2.255,7,operand_coeff_reg_reg[113][7]/C,lane_product_reg_reg[113][11]/D
1985,-0.274,2.254,7,operand_x_reg_reg[39][15]/C,lane_product_reg_reg[39][36]/D
1986,-0.273,2.254,7,operand_coeff_reg_reg[121][6]/C,lane_product_reg_reg[127][2]/D
1987,-0.273,2.253,7,operand_coeff_reg_reg[12][7]/C,lane_product_reg_reg[12][10]/D
1988,-0.273,2.255,7,operand_x_reg_reg[39][4]/C,lane_product_reg_reg[39][8]/D
1989,-0.273,2.253,7,operand_coeff_reg_reg[29][3]/C,lane_product_reg_reg[45][16]/D
1990,-0.273,2.255,7,operand_x_reg_reg[95][1]/C,lane_product_reg_reg[95][13]/D
1991,-0.273,2.253,7,operand_coeff_reg_reg[104][1]/C,lane_product_reg_reg[99][2]/D
1992,-0.273,2.254,7,operand_x_reg_reg[93][12]/C,lane_product_reg_reg[125][16]/D
1993,-0.273,2.254,7,operand_coeff_reg_reg[2][2]/C,lane_product_reg_reg[2][20]/D
1994,-0.273,2.254,7,operand_coeff_reg_reg[72][0]/C,lane_product_reg_reg[49][7]/D
1995,-0.273,2.255,7,operand_x_reg_reg[28][0]/C,lane_product_reg_reg[60][3]/D
1996,-0.273,2.256,7,operand_x_reg_reg[41][9]/C,lane_product_reg_reg[73][12]/D
1997,-0.273,2.254,7,operand_x_reg_reg[46][7]/C,lane_product_reg_reg[78][11]/D
1998,-0.273,2.254,7,operand_coeff_reg_reg[109][0]/C,lane_product_reg_reg[94][5]/D
1999,-0.273,2.253,7,operand_coeff_reg_reg[111][2]/C,lane_product_reg_reg[111][19]/D
2000,-0.273,2.254,7,operand_coeff_reg_reg[23][3]/C,lane_product_reg_reg[23][10]/D
2001,-0.273,2.253,7,operand_coeff_reg_reg[26][3]/C,lane_product_reg_reg[26][13]/D
2002,-0.273,2.254,7,operand_coeff_reg_reg[32][3]/C,lane_product_reg_reg[32][22]/D
2003,-0.273,2.254,7,operand_coeff_reg_reg[50][3]/C,lane_product_reg_reg[50][8]/D
2004,-0.273,2.254,7,operand_coeff_reg_reg[6][3]/C,lane_product_reg_reg[6][11]/D
2005,-0.273,2.255,7,operand_x_reg_reg[90][0]/C,lane_product_reg_reg[90][9]/D
2006,-0.273,2.253,7,operand_x_reg_reg[49][15]/C,lane_product_reg_reg[81][22]/D
2007,-0.273,2.254,7,operand_x_reg_reg[11][15]/C,lane_product_reg_reg[11][17]/D
2008,-0.272,2.252,7,operand_x_reg_reg[39][11]/C,lane_product_reg_reg[39][13]/D
2009,-0.272,2.255,7,operand_coeff_reg_reg[48][0]/C,lane_product_reg_reg[48][2]/D
2010,-0.272,2.252,7,operand_coeff_reg_reg[75][3]/C,lane_product_reg_reg[108][2]/D
2011,-0.272,2.255,7,operand_x_reg_reg[49][11]/C,lane_product_reg_reg[49][12]/D
2012,-0.272,2.252,7,operand_x_reg_reg[30][9]/C,lane_product_reg_reg[62][13]/D
2013,-0.272,2.253,7,operand_coeff_reg_reg[104][1]/C,lane_product_reg_reg[104][9]/D
2014,-0.272,2.253,7,operand_coeff_reg_reg[105][3]/C,lane_product_reg_reg[105][2]/D
2015,-0.272,2.253,7,operand_coeff_reg_reg[87][3]/C,lane_product_reg_reg[87][22]/D
2016,-0.272,2.253,7,operand_coeff_reg_reg[96][3]/C,lane_product_reg_reg[96][2]/D
2017,-0.272,2.253,7,operand_x_reg_reg[15][7]/C,lane_product_reg_reg[15][21]/D
2018,-0.272,2.253,7,operand_coeff_reg_reg[23][3]/C,lane_product_reg_reg[23][14]/D
2019,-0.272,2.253,7,operand_coeff_reg_reg[93][6]/C,lane_product_reg_reg[88][15]/D
2020,-0.272,2.253,7,operand_coeff_reg_reg[76][2]/C,lane_product_reg_reg[109][21]/D
2021,-0.272,2.252,7,operand_coeff_reg_reg[113][7]/C,lane_product_reg_reg[102][22]/D
2022,-0.272,2.254,7,operand_coeff_reg_reg[72][6]/C,lane_product_reg_reg[119][12]/D
2023,-0.272,2.252,7,operand_coeff_reg_reg[5][7]/C,lane_product_reg_reg[5][17]/D
2024,-0.272,2.251,7,operand_coeff_reg_reg[108][7]/C,lane_product_reg_reg[108][10]/D
2025,-0.272,2.254,7,operand_coeff_reg_reg[8][2]/C,lane_product_reg_reg[67][18]/D
2026,-0.271,2.251,7,operand_coeff_reg_reg[106][7]/C,lane_product_reg_reg[106][22]/D
2027,-0.271,2.253,7,operand_coeff_reg_reg[30][5]/C,lane_product_reg_reg[29][11]/D
2028,-0.271,2.253,7,operand_coeff_reg_reg[121][6]/C,lane_product_reg_reg[127][3]/D
2029,-0.271,2.252,7,operand_x_reg_reg[47][1]/C,lane_product_reg_reg[79][1]/D
2030,-0.271,2.253,7,operand_x_reg_reg[92][5]/C,lane_product_reg_reg[92][18]/D
2031,-0.271,2.254,7,operand_x_reg_reg[88][8]/C,lane_product_reg_reg[120][11]/D
2032,-0.271,2.252,7,operand_x_reg_reg[46][5]/C,lane_product_reg_reg[46][18]/D
2033,-0.271,2.254,7,operand_coeff_reg_reg[19][5]/C,lane_product_reg_reg[70][4]/D
2034,-0.271,2.252,7,operand_coeff_reg_reg[104][1]/C,lane_product_reg_reg[104][21]/D
2035,-0.271,2.253,7,operand_x_reg_reg[28][0]/C,lane_product_reg_reg[60][1]/D
2036,-0.271,2.252,7,operand_x_reg_reg[46][0]/C,lane_product_reg_reg[78][2]/D
2037,-0.271,2.254,7,operand_coeff_reg_reg[79][3]/C,lane_product_reg_reg[79][4]/D
2038,-0.271,2.252,7,operand_coeff_reg_reg[20][4]/C,lane_product_reg_reg[20][21]/D
2039,-0.271,2.251,7,operand_coeff_reg_reg[82][2]/C,lane_product_reg_reg[82][16]/D
2040,-0.271,2.252,7,operand_coeff_reg_reg[61][6]/C,lane_product_reg_reg[84][11]/D
2041,-0.270,2.250,7,operand_coeff_reg_reg[41][2]/C,lane_product_reg_reg[24][7]/D
2042,-0.270,2.252,7,operand_coeff_reg_reg[119][6]/C,lane_product_reg_reg[89][5]/D
2043,-0.270,2.252,7,operand_x_reg_reg[37][11]/C,lane_product_reg_reg[37][21]/D
2044,-0.270,2.253,7,operand_x_reg_reg[49][11]/C,lane_product_reg_reg[49][17]/D
2045,-0.270,2.251,7,operand_x_reg_reg[52][3]/C,lane_product_reg_reg[52][4]/D
2046,-0.270,2.251,7,operand_x_reg_reg[91][14]/C,lane_product_reg_reg[91][15]/D
2047,-0.270,2.253,7,operand_x_reg_reg[49][11]/C,lane_product_reg_reg[49][16]/D
2048,-0.270,2.251,7,operand_x_reg_reg[46][7]/C,lane_product_reg_reg[78][14]/D
2049,-0.270,2.251,7,operand_x_reg_reg[0][3]/C,lane_product_reg_reg[0][10]/D
2050,-0.270,2.251,7,operand_coeff_reg_reg[23][0]/C,lane_product_reg_reg[23][1]/D
2051,-0.270,2.251,7,operand_coeff_reg_reg[8][4]/C,lane_product_reg_reg[8][10]/D
2052,-0.270,2.250,7,operand_coeff_reg_reg[77][7]/C,lane_product_reg_reg[77][22]/D
2053,-0.270,2.251,7,operand_coeff_reg_reg[76][2]/C,lane_product_reg_reg[109][17]/D
2054,-0.270,2.251,7,operand_coeff_reg_reg[76][2]/C,lane_product_reg_reg[109][8]/D
2055,-0.270,2.251,7,operand_x_reg_reg[51][15]/C,lane_product_reg_reg[83][18]/D
2056,-0.270,2.251,7,operand_x_reg_reg[30][6]/C,lane_product_reg_reg[30][10]/D
2057,-0.270,2.250,7,operand_coeff_reg_reg[16][0]/C,lane_product_reg_reg[16][1]/D
2058,-0.270,2.251,7,operand_coeff_reg_reg[16][0]/C,lane_product_reg_reg[100][1]/D
2059,-0.270,2.251,7,operand_x_reg_reg[90][12]/C,lane_product_reg_reg[122][38]/D
2060,-0.270,2.250,7,operand_coeff_reg_reg[36][7]/C,lane_product_reg_reg[36][15]/D
2061,-0.269,2.252,7,operand_coeff_reg_reg[14][3]/C,lane_product_reg_reg[14][15]/D
2062,-0.269,2.250,7,operand_coeff_reg_reg[4][3]/C,lane_product_reg_reg[17][5]/D
2063,-0.269,2.249,7,operand_x_reg_reg[51][6]/C,lane_product_reg_reg[51][8]/D
2064,-0.269,2.249,7,operand_coeff_reg_reg[104][1]/C,lane_product_reg_reg[104][16]/D
2065,-0.269,2.251,7,operand_x_reg_reg[54][8]/C,lane_product_reg_reg[54][11]/D
2066,-0.269,2.250,7,operand_x_reg_reg[46][7]/C,lane_product_reg_reg[78][17]/D
2067,-0.269,2.250,7,operand_coeff_reg_reg[63][4]/C,lane_product_reg_reg[63][10]/D
2068,-0.269,2.249,7,operand_coeff_reg_reg[97][2]/C,lane_product_reg_reg[97][4]/D
2069,-0.269,2.250,7,operand_x_reg_reg[11][7]/C,lane_product_reg_reg[11][8]/D
2070,-0.269,2.250,7,operand_x_reg_reg[98][11]/C,lane_product_reg_reg[98][21]/D
2071,-0.269,2.250,7,operand_coeff_reg_reg[113][7]/C,lane_product_reg_reg[102][8]/D
2072,-0.269,2.250,7,operand_coeff_reg_reg[106][1]/C,lane_product_reg_reg[106][0]/D
2073,-0.269,2.250,7,operand_x_reg_reg[90][12]/C,lane_product_reg_reg[122][12]/D
2074,-0.268,2.249,7,operand_coeff_reg_reg[106][7]/C,lane_product_reg_reg[106][18]/D
2075,-0.268,2.248,7,operand_coeff_reg_reg[112][6]/C,lane_product_reg_reg[112][16]/D
2076,-0.268,2.249,7,operand_coeff_reg_reg[2][2]/C,lane_product_reg_reg[2][18]/D
2077,-0.268,2.249,7,operand_coeff_reg_reg[2][2]/C,lane_product_reg_reg[2][4]/D
2078,-0.268,2.251,7,operand_x_reg_reg[30][11]/C,lane_product_reg_reg[30][19]/D
2079,-0.268,2.248,7,operand_x_reg_reg[39][11]/C,lane_product_reg_reg[39][12]/D
2080,-0.268,2.248,7,operand_coeff_reg_reg[4][3]/C,lane_product_reg_reg[4][4]/D
2081,-0.268,2.250,7,operand_x_reg_reg[35][1]/C,lane_product_reg_reg[67][3]/D
2082,-0.268,2.250,7,operand_coeff_reg_reg[86][0]/C,lane_product_reg_reg[86][0]/D
2083,-0.268,2.251,7,operand_coeff_reg_reg[79][3]/C,lane_product_reg_reg[118][15]/D
2084,-0.268,2.249,7,operand_x_reg_reg[93][11]/C,lane_product_reg_reg[93][16]/D
2085,-0.268,2.249,7,operand_coeff_reg_reg[109][0]/C,lane_product_reg_reg[94][2]/D
2086,-0.268,2.249,7,operand_x_reg_reg[107][3]/C,lane_product_reg_reg[107][3]/D
2087,-0.268,2.249,7,operand_x_reg_reg[11][7]/C,lane_product_reg_reg[11][14]/D
2088,-0.268,2.248,7,operand_x_reg_reg[13][2]/C,lane_product_reg_reg[13][17]/D
2089,-0.268,2.249,7,operand_coeff_reg_reg[20][4]/C,lane_product_reg_reg[20][5]/D
2090,-0.268,2.249,7,operand_coeff_reg_reg[113][4]/C,lane_product_reg_reg[113][4]/D
2091,-0.268,2.249,7,operand_coeff_reg_reg[16][0]/C,lane_product_reg_reg[100][3]/D
2092,-0.268,2.247,7,operand_x_reg_reg[30][15]/C,lane_product_reg_reg[62][37]/D
2093,-0.267,2.249,7,operand_coeff_reg_reg[75][0]/C,lane_product_reg_reg[109][2]/D
2094,-0.267,2.249,7,operand_coeff_reg_reg[121][6]/C,lane_product_reg_reg[117][2]/D
2095,-0.267,2.250,7,operand_coeff_reg_reg[123][3]/C,lane_product_reg_reg[123][8]/D
2096,-0.267,2.247,7,operand_x_reg_reg[52][3]/C,lane_product_reg_reg[52][8]/D
2097,-0.267,2.247,7,operand_coeff_reg_reg[91][1]/C,lane_product_reg_reg[103][3]/D
2098,-0.267,2.250,7,operand_coeff_reg_reg[10][6]/C,lane_product_reg_reg[10][13]/D
2099,-0.267,2.250,7,operand_x_reg_reg[88][7]/C,lane_product_reg_reg[120][7]/D
2100,-0.267,2.250,7,operand_coeff_reg_reg[66][5]/C,lane_product_reg_reg[32][1]/D
2101,-0.267,2.250,7,operand_x_reg_reg[37][11]/C,lane_product_reg_reg[37][13]/D
2102,-0.267,2.247,7,operand_coeff_reg_reg[21][0]/C,lane_product_reg_reg[38][0]/D
2103,-0.267,2.248,7,operand_coeff_reg_reg[62][5]/C,lane_product_reg_reg[51][0]/D
2104,-0.267,2.250,7,operand_x_reg_reg[34][11]/C,lane_product_reg_reg[66][15]/D
2105,-0.267,2.248,7,operand_x_reg_reg[36][3]/C,lane_product_reg_reg[68][20]/D
2106,-0.267,2.247,7,operand_x_reg_reg[46][7]/C,lane_product_reg_reg[78][15]/D
2107,-0.267,2.249,7,operand_x_reg_reg[92][5]/C,lane_product_reg_reg[92][20]/D
2108,-0.267,2.250,7,operand_x_reg_reg[49][11]/C,lane_product_reg_reg[49][18]/D
2109,-0.267,2.248,7,operand_coeff_reg_reg[4][3]/C,lane_product_reg_reg[4][22]/D
2110,-0.267,2.247,7,operand_x_reg_reg[13][2]/C,lane_product_reg_reg[13][9]/D
2111,-0.267,2.248,7,operand_x_reg_reg[0][3]/C,lane_product_reg_reg[0][12]/D
2112,-0.267,2.247,7,operand_x_reg_reg[15][7]/C,lane_product_reg_reg[15][15]/D
2113,-0.267,2.248,7,operand_coeff_reg_reg[97][2]/C,lane_product_reg_reg[97][3]/D
2114,-0.267,2.247,7,operand_coeff_reg_reg[61][7]/C,lane_product_reg_reg[61][10]/D
2115,-0.267,2.248,7,operand_coeff_reg_reg[76][2]/C,lane_product_reg_reg[109][19]/D
2116,-0.267,2.247,7,operand_coeff_reg_reg[113][7]/C,lane_product_reg_reg[102][18]/D
2117,-0.267,2.247,7,operand_coeff_reg_reg[113][7]/C,lane_product_reg_reg[102][35]/D
2118,-0.267,2.248,7,operand_x_reg_reg[30][6]/C,lane_product_reg_reg[30][9]/D
2119,-0.267,2.249,7,operand_x_reg_reg[90][12]/C,lane_product_reg_reg[122][18]/D
2120,-0.267,2.247,7,operand_coeff_reg_reg[16][7]/C,lane_product_reg_reg[16][14]/D
2121,-0.266,2.246,7,operand_coeff_reg_reg[16][7]/C,lane_product_reg_reg[16][9]/D
2122,-0.266,2.247,7,operand_coeff_reg_reg[25][7]/C,lane_product_reg_reg[25][19]/D
2123,-0.266,2.248,7,operand_coeff_reg_reg[62][6]/C,lane_product_reg_reg[62][8]/D
2124,-0.266,2.246,7,operand_x_reg_reg[93][4]/C,lane_product_reg_reg[93][11]/D
2125,-0.266,2.247,7,operand_coeff_reg_reg[104][1]/C,lane_product_reg_reg[104][17]/D
2126,-0.266,2.249,7,operand_coeff_reg_reg[14][3]/C,lane_product_reg_reg[14][4]/D
2127,-0.266,2.247,7,operand_coeff_reg_reg[2][2]/C,lane_product_reg_reg[2][16]/D
2128,-0.266,2.249,7,operand_x_reg_reg[49][11]/C,lane_product_reg_reg[49][14]/D
2129,-0.266,2.247,7,operand_coeff_reg_reg[56][4]/C,lane_product_reg_reg[56][8]/D
2130,-0.266,2.249,7,operand_x_reg_reg[34][11]/C,lane_product_reg_reg[66][22]/D
2131,-0.266,2.249,7,operand_coeff_reg_reg[19][5]/C,lane_product_reg_reg[70][7]/D
2132,-0.266,2.246,7,operand_coeff_reg_reg[43][3]/C,lane_product_reg_reg[43][18]/D
2133,-0.266,2.247,7,operand_coeff_reg_reg[101][3]/C,lane_product_reg_reg[101][2]/D
2134,-0.266,2.247,7,operand_coeff_reg_reg[26][3]/C,lane_product_reg_reg[26][21]/D
2135,-0.266,2.247,7,operand_coeff_reg_reg[74][6]/C,lane_product_reg_reg[74][10]/D
2136,-0.266,2.246,7,operand_coeff_reg_reg[93][6]/C,lane_product_reg_reg[88][17]/D
2137,-0.266,2.247,7,operand_coeff_reg_reg[65][7]/C,lane_product_reg_reg[65][19]/D
2138,-0.266,2.245,7,operand_coeff_reg_reg[107][7]/C,lane_product_reg_reg[107][18]/D
2139,-0.265,2.246,7,operand_coeff_reg_reg[106][7]/C,lane_product_reg_reg[106][6]/D
2140,-0.265,2.245,7,operand_coeff_reg_reg[16][7]/C,lane_product_reg_reg[16][11]/D
2141,-0.265,2.245,7,operand_coeff_reg_reg[41][2]/C,lane_product_reg_reg[24][0]/D
2142,-0.265,2.246,7,operand_x_reg_reg[55][14]/C,lane_product_reg_reg[55][18]/D
2143,-0.265,2.247,7,operand_coeff_reg_reg[14][3]/C,lane_product_reg_reg[14][10]/D
2144,-0.265,2.247,7,operand_x_reg_reg[54][1]/C,lane_product_reg_reg[54][1]/D
2145,-0.265,2.246,7,operand_coeff_reg_reg[57][3]/C,lane_product_reg_reg[57][3]/D
2146,-0.265,2.247,7,operand_x_reg_reg[41][9]/C,lane_product_reg_reg[73][14]/D
2147,-0.265,2.246,7,operand_x_reg_reg[41][0]/C,lane_product_reg_reg[41][0]/D
2148,-0.265,2.246,7,operand_x_reg_reg[55][7]/C,lane_product_reg_reg[55][8]/D
2149,-0.265,2.248,7,operand_x_reg_reg[41][9]/C,lane_product_reg_reg[73][13]/D
2150,-0.265,2.247,7,operand_x_reg_reg[46][6]/C,lane_product_reg_reg[78][7]/D
2151,-0.265,2.246,7,operand_x_reg_reg[0][3]/C,lane_product_reg_reg[0][15]/D
2152,-0.265,2.246,7,operand_x_reg_reg[116][9]/C,lane_product_reg_reg[116][11]/D
2153,-0.265,2.246,7,operand_x_reg_reg[12][2]/C,lane_product_reg_reg[12][4]/D
2154,-0.265,2.246,7,operand_coeff_reg_reg[43][3]/C,lane_product_reg_reg[43][10]/D
2155,-0.265,2.245,7,operand_coeff_reg_reg[97][2]/C,lane_product_reg_reg[97][16]/D
2156,-0.265,2.245,7,operand_coeff_reg_reg[77][7]/C,lane_product_reg_reg[77][16]/D
2157,-0.265,2.245,7,operand_coeff_reg_reg[113][7]/C,lane_product_reg_reg[102][20]/D
2158,-0.265,2.245,7,operand_coeff_reg_reg[4][0]/C,lane_product_reg_reg[115][11]/D
2159,-0.265,2.246,7,operand_coeff_reg_reg[113][7]/C,lane_product_reg_reg[113][8]/D
2160,-0.265,2.246,7,operand_coeff_reg_reg[111][0]/C,lane_product_reg_reg[100][10]/D
2161,-0.265,2.245,7,operand_coeff_reg_reg[61][7]/C,lane_product_reg_reg[61][8]/D
2162,-0.265,2.245,7,operand_x_reg_reg[37][15]/C,lane_product_reg_reg[37][36]/D
2163,-0.265,2.245,7,operand_coeff_reg_reg[79][7]/C,lane_product_reg_reg[79][37]/D
2164,-0.265,2.245,7,operand_coeff_reg_reg[79][7]/C,lane_product_reg_reg[79][22]/D
2165,-0.264,2.246,7,operand_coeff_reg_reg[30][5]/C,lane_product_reg_reg[29][16]/D
2166,-0.264,2.246,7,operand_x_reg_reg[37][11]/C,lane_product_reg_reg[37][17]/D
2167,-0.264,2.245,7,operand_x_reg_reg[42][7]/C,lane_product_reg_reg[42][7]/D
2168,-0.264,2.244,7,operand_x_reg_reg[52][3]/C,lane_product_reg_reg[52][12]/D
2169,-0.264,2.244,7,operand_x_reg_reg[30][2]/C,lane_product_reg_reg[62][4]/D
2170,-0.264,2.246,7,operand_coeff_reg_reg[8][5]/C,lane_product_reg_reg[7][1]/D
2171,-0.264,2.246,7,operand_x_reg_reg[92][1]/C,lane_product_reg_reg[124][3]/D
2172,-0.264,2.245,7,operand_x_reg_reg[55][14]/C,lane_product_reg_reg[55][21]/D
2173,-0.264,2.247,7,operand_coeff_reg_reg[79][3]/C,lane_product_reg_reg[79][3]/D
2174,-0.264,2.245,7,operand_x_reg_reg[93][4]/C,lane_product_reg_reg[93][7]/D
2175,-0.264,2.247,7,operand_x_reg_reg[39][2]/C,lane_product_reg_reg[39][2]/D
2176,-0.264,2.245,7,operand_coeff_reg_reg[112][1]/C,lane_product_reg_reg[112][5]/D
2177,-0.264,2.245,7,operand_coeff_reg_reg[96][3]/C,lane_product_reg_reg[96][4]/D
2178,-0.264,2.246,7,operand_coeff_reg_reg[64][6]/C,lane_product_reg_reg[89][0]/D
2179,-0.264,2.247,7,operand_x_reg_reg[90][0]/C,lane_product_reg_reg[90][4]/D
2180,-0.264,2.245,7,operand_coeff_reg_reg[79][7]/C,lane_product_reg_reg[48][18]/D
2181,-0.264,2.243,7,operand_coeff_reg_reg[108][7]/C,lane_product_reg_reg[108][8]/D
2182,-0.264,2.244,7,operand_x_reg_reg[40][15]/C,lane_product_reg_reg[40][37]/D
2183,-0.264,2.243,7,operand_coeff_reg_reg[107][7]/C,lane_product_reg_reg[107][14]/D
2184,-0.264,2.243,7,operand_coeff_reg_reg[107][7]/C,lane_product_reg_reg[107][15]/D
2185,-0.263,2.244,7,operand_x_reg_reg[40][15]/C,lane_product_reg_reg[40][17]/D
2186,-0.263,2.246,7,operand_coeff_reg_reg[123][3]/C,lane_product_reg_reg[123][5]/D
2187,-0.263,2.244,7,operand_x_reg_reg[91][14]/C,lane_product_reg_reg[123][38]/D
2188,-0.263,2.245,7,operand_coeff_reg_reg[36][2]/C,lane_product_reg_reg[36][4]/D
2189,-0.263,2.244,7,operand_coeff_reg_reg[29][3]/C,lane_product_reg_reg[45][10]/D
2190,-0.263,2.244,7,operand_x_reg_reg[54][8]/C,lane_product_reg_reg[54][12]/D
2191,-0.263,2.243,7,operand_coeff_reg_reg[111][2]/C,lane_product_reg_reg[111][4]/D
2192,-0.263,2.244,7,operand_coeff_reg_reg[20][4]/C,lane_product_reg_reg[20][4]/D
2193,-0.263,2.244,7,operand_coeff_reg_reg[31][3]/C,lane_product_reg_reg[31][4]/D
2194,-0.263,2.244,7,operand_coeff_reg_reg[82][2]/C,lane_product_reg_reg[82][8]/D
2195,-0.263,2.244,7,operand_coeff_reg_reg[114][3]/C,lane_product_reg_reg[114][2]/D
2196,-0.263,2.245,7,operand_x_reg_reg[40][2]/C,lane_product_reg_reg[40][11]/D
2197,-0.263,2.244,7,operand_coeff_reg_reg[5][7]/C,lane_product_reg_reg[5][10]/D
2198,-0.263,2.245,7,operand_x_reg_reg[90][12]/C,lane_product_reg_reg[122][21]/D
2199,-0.263,2.243,7,operand_coeff_reg_reg[79][7]/C,lane_product_reg_reg[79][12]/D
2200,-0.262,2.242,7,operand_x_reg_reg[52][3]/C,lane_product_reg_reg[52][11]/D
2201,-0.262,2.245,7,operand_coeff_reg_reg[123][3]/C,lane_product_reg_reg[123][11]/D
2202,-0.262,2.243,7,operand_coeff_reg_reg[57][3]/C,lane_product_reg_reg[3][0]/D
2203,-0.262,2.243,7,operand_x_reg_reg[46][5]/C,lane_product_reg_reg[46][11]/D
2204,-0.262,2.243,7,operand_x_reg_reg[55][14]/C,lane_product_reg_reg[55][15]/D
2205,-0.262,2.242,7,operand_x_reg_reg[30][9]/C,lane_product_reg_reg[62][17]/D
2206,-0.262,2.242,7,operand_x_reg_reg[46][0]/C,lane_product_reg_reg[78][3]/D
2207,-0.262,2.245,7,operand_coeff_reg_reg[119][6]/C,lane_product_reg_reg[89][4]/D
2208,-0.262,2.245,7,operand_coeff_reg_reg[19][5]/C,lane_product_reg_reg[70][1]/D
2209,-0.262,2.243,7,operand_coeff_reg_reg[111][2]/C,lane_product_reg_reg[111][17]/D
2210,-0.262,2.243,7,operand_x_reg_reg[116][9]/C,lane_product_reg_reg[116][14]/D
2211,-0.262,2.242,7,operand_x_reg_reg[15][7]/C,lane_product_reg_reg[15][8]/D
2212,-0.262,2.243,7,operand_coeff_reg_reg[122][4]/C,lane_product_reg_reg[122][9]/D
2213,-0.262,2.242,7,operand_x_reg_reg[47][2]/C,lane_product_reg_reg[47][11]/D
2214,-0.262,2.244,7,operand_coeff_reg_reg[8][2]/C,lane_product_reg_reg[67][19]/D
2215,-0.262,2.241,7,operand_coeff_reg_reg[107][7]/C,lane_product_reg_reg[107][20]/D
2216,-0.261,2.242,7,operand_coeff_reg_reg[106][7]/C,lane_product_reg_reg[106][20]/D
2217,-0.261,2.243,7,operand_coeff_reg_reg[121][6]/C,lane_product_reg_reg[121][10]/D
2218,-0.261,2.243,7,operand_coeff_reg_reg[19][5]/C,lane_product_reg_reg[19][14]/D
2219,-0.261,2.244,7,operand_x_reg_reg[88][1]/C,lane_product_reg_reg[120][1]/D
2220,-0.261,2.242,7,operand_coeff_reg_reg[42][3]/C,lane_product_reg_reg[73][6]/D
2221,-0.261,2.243,7,operand_x_reg_reg[42][0]/C,lane_product_reg_reg[74][2]/D
2222,-0.261,2.244,7,operand_x_reg_reg[28][5]/C,lane_product_reg_reg[28][20]/D
2223,-0.261,2.242,7,operand_x_reg_reg[15][7]/C,lane_product_reg_reg[15][19]/D
2224,-0.261,2.242,7,operand_coeff_reg_reg[87][3]/C,lane_product_reg_reg[87][11]/D
2225,-0.261,2.242,7,operand_coeff_reg_reg[113][7]/C,lane_product_reg_reg[102][16]/D
2226,-0.261,2.241,7,operand_coeff_reg_reg[110][7]/C,lane_product_reg_reg[110][22]/D
2227,-0.260,2.242,7,operand_coeff_reg_reg[75][0]/C,lane_product_reg_reg[88][3]/D
2228,-0.260,2.241,7,operand_coeff_reg_reg[63][7]/C,lane_product_reg_reg[63][37]/D
2229,-0.260,2.243,7,operand_coeff_reg_reg[123][3]/C,lane_product_reg_reg[123][6]/D
2230,-0.260,2.240,7,operand_coeff_reg_reg[2][2]/C,lane_product_reg_reg[2][13]/D
2231,-0.260,2.241,7,operand_coeff_reg_reg[29][3]/C,lane_product_reg_reg[45][12]/D
2232,-0.260,2.241,7,operand_x_reg_reg[36][3]/C,lane_product_reg_reg[68][19]/D
2233,-0.260,2.240,7,operand_x_reg_reg[55][0]/C,lane_product_reg_reg[87][1]/D
2234,-0.260,2.241,7,operand_coeff_reg_reg[29][3]/C,lane_product_reg_reg[45][17]/D
2235,-0.260,2.241,7,operand_coeff_reg_reg[29][3]/C,lane_product_reg_reg[45][3]/D
2236,-0.260,2.243,7,operand_x_reg_reg[49][11]/C,lane_product_reg_reg[49][11]/D
2237,-0.260,2.242,7,operand_x_reg_reg[28][0]/C,lane_product_reg_reg[60][2]/D
2238,-0.260,2.241,7,operand_coeff_reg_reg[91][1]/C,lane_product_reg_reg[91][1]/D
2239,-0.260,2.240,7,operand_coeff_reg_reg[116][1]/C,lane_product_reg_reg[116][5]/D
2240,-0.260,2.241,7,operand_coeff_reg_reg[101][3]/C,lane_product_reg_reg[101][19]/D
2241,-0.260,2.241,7,operand_coeff_reg_reg[122][4]/C,lane_product_reg_reg[122][5]/D
2242,-0.260,2.240,7,operand_x_reg_reg[21][9]/C,lane_product_reg_reg[21][14]/D
2243,-0.260,2.240,7,operand_coeff_reg_reg[28][3]/C,lane_product_reg_reg[28][2]/D
2244,-0.260,2.241,7,operand_coeff_reg_reg[50][3]/C,lane_product_reg_reg[50][3]/D
2245,-0.260,2.241,7,operand_x_reg_reg[107][3]/C,lane_product_reg_reg[107][5]/D
2246,-0.260,2.241,7,operand_coeff_reg_reg[109][1]/C,lane_product_reg_reg[109][1]/D
2247,-0.260,2.241,7,operand_x_reg_reg[13][2]/C,lane_product_reg_reg[13][12]/D
2248,-0.260,2.241,7,operand_coeff_reg_reg[23][3]/C,lane_product_reg_reg[23][19]/D
2249,-0.260,2.241,7,operand_coeff_reg_reg[33][0]/C,lane_product_reg_reg[33][8]/D
2250,-0.260,2.241,7,operand_coeff_reg_reg[96][3]/C,lane_product_reg_reg[96][17]/D
2251,-0.260,2.241,7,operand_x_reg_reg[102][1]/C,lane_product_reg_reg[102][1]/D
2252,-0.260,2.242,7,operand_x_reg_reg[88][15]/C,lane_product_reg_reg[88][35]/D
2253,-0.260,2.242,7,operand_x_reg_reg[40][2]/C,lane_product_reg_reg[40][3]/D
2254,-0.260,2.241,7,operand_x_reg_reg[30][6]/C,lane_product_reg_reg[30][7]/D
2255,-0.260,2.239,7,operand_coeff_reg_reg[1][1]/C,lane_product_reg_reg[1][22]/D
2256,-0.259,2.241,7,operand_coeff_reg_reg[36][2]/C,lane_product_reg_reg[105][10]/D
2257,-0.259,2.242,7,operand_x_reg_reg[88][8]/C,lane_product_reg_reg[120][21]/D
2258,-0.259,2.239,7,operand_x_reg_reg[38][2]/C,lane_product_reg_reg[38][8]/D
2259,-0.259,2.239,7,operand_coeff_reg_reg[4][3]/C,lane_product_reg_reg[4][8]/D
2260,-0.259,2.239,7,operand_x_reg_reg[52][3]/C,lane_product_reg_reg[52][20]/D
2261,-0.259,2.240,7,operand_x_reg_reg[93][4]/C,lane_product_reg_reg[93][4]/D
2262,-0.259,2.240,7,operand_coeff_reg_reg[9][2]/C,lane_product_reg_reg[9][2]/D
2263,-0.259,2.241,7,operand_x_reg_reg[90][2]/C,lane_product_reg_reg[122][3]/D
2264,-0.259,2.240,7,operand_coeff_reg_reg[57][3]/C,lane_product_reg_reg[3][6]/D
2265,-0.259,2.240,7,operand_x_reg_reg[93][0]/C,lane_product_reg_reg[93][3]/D
2266,-0.259,2.239,7,operand_coeff_reg_reg[12][7]/C,lane_product_reg_reg[12][22]/D
2267,-0.259,2.240,7,operand_x_reg_reg[116][9]/C,lane_product_reg_reg[116][9]/D
2268,-0.259,2.240,7,operand_coeff_reg_reg[59][3]/C,lane_product_reg_reg[59][12]/D
2269,-0.259,2.240,7,operand_coeff_reg_reg[122][4]/C,lane_product_reg_reg[122][8]/D
2270,-0.259,2.240,7,operand_x_reg_reg[13][2]/C,lane_product_reg_reg[13][14]/D
2271,-0.259,2.239,7,operand_x_reg_reg[15][7]/C,lane_product_reg_reg[15][12]/D
2272,-0.259,2.239,7,operand_coeff_reg_reg[37][1]/C,lane_product_reg_reg[37][0]/D
2273,-0.259,2.240,7,operand_x_reg_reg[98][11]/C,lane_product_reg_reg[98][17]/D
2274,-0.259,2.239,7,operand_coeff_reg_reg[106][1]/C,lane_product_reg_reg[106][1]/D
2275,-0.259,2.241,7,operand_coeff_reg_reg[72][6]/C,lane_product_reg_reg[119][14]/D
2276,-0.258,2.239,7,operand_coeff_reg_reg[106][7]/C,lane_product_reg_reg[106][17]/D
2277,-0.258,2.240,7,operand_coeff_reg_reg[121][6]/C,lane_product_reg_reg[121][12]/D
2278,-0.258,2.238,7,operand_coeff_reg_reg[91][1]/C,lane_product_reg_reg[103][5]/D
2279,-0.258,2.240,7,operand_coeff_reg_reg[19][5]/C,lane_product_reg_reg[19][7]/D
2280,-0.258,2.241,7,operand_x_reg_reg[44][10]/C,lane_product_reg_reg[44][14]/D
2281,-0.258,2.239,7,operand_x_reg_reg[54][5]/C,lane_product_reg_reg[54][7]/D
2282,-0.258,2.238,7,operand_coeff_reg_reg[75][3]/C,lane_product_reg_reg[75][3]/D
2283,-0.258,2.240,7,operand_coeff_reg_reg[119][6]/C,lane_product_reg_reg[89][9]/D
2284,-0.258,2.239,7,operand_x_reg_reg[43][0]/C,lane_product_reg_reg[43][1]/D
2285,-0.258,2.238,7,operand_coeff_reg_reg[4][3]/C,lane_product_reg_reg[4][12]/D
2286,-0.258,2.239,7,operand_x_reg_reg[37][7]/C,lane_product_reg_reg[69][15]/D
2287,-0.258,2.239,7,operand_coeff_reg_reg[109][0]/C,lane_product_reg_reg[94][0]/D
2288,-0.258,2.239,7,operand_coeff_reg_reg[87][3]/C,lane_product_reg_reg[87][4]/D
2289,-0.258,2.238,7,operand_x_reg_reg[110][2]/C,lane_product_reg_reg[110][2]/D
2290,-0.258,2.239,7,operand_x_reg_reg[17][6]/C,lane_product_reg_reg[17][17]/D
2291,-0.258,2.239,7,operand_coeff_reg_reg[6][0]/C,lane_product_reg_reg[6][3]/D
2292,-0.258,2.238,7,operand_coeff_reg_reg[4][0]/C,lane_product_reg_reg[115][16]/D
2293,-0.258,2.240,7,operand_coeff_reg_reg[72][6]/C,lane_product_reg_reg[119][21]/D
2294,-0.257,2.240,7,operand_coeff_reg_reg[59][0]/C,lane_product_reg_reg[59][0]/D
2295,-0.257,2.240,7,operand_x_reg_reg[44][10]/C,lane_product_reg_reg[44][11]/D
2296,-0.257,2.237,7,operand_coeff_reg_reg[4][3]/C,lane_product_reg_reg[4][37]/D
2297,-0.257,2.237,7,operand_x_reg_reg[91][14]/C,lane_product_reg_reg[123][16]/D
2298,-0.257,2.240,7,operand_x_reg_reg[34][11]/C,lane_product_reg_reg[66][21]/D
2299,-0.257,2.238,7,operand_coeff_reg_reg[43][3]/C,lane_product_reg_reg[43][9]/D
2300,-0.257,2.237,7,operand_coeff_reg_reg[76][0]/C,lane_product_reg_reg[76][4]/D
2301,-0.257,2.237,7,operand_coeff_reg_reg[83][0]/C,lane_product_reg_reg[83][1]/D
2302,-0.257,2.238,7,operand_x_reg_reg[99][4]/C,lane_product_reg_reg[99][35]/D
2303,-0.257,2.238,7,operand_x_reg_reg[0][3]/C,lane_product_reg_reg[0][14]/D
2304,-0.257,2.239,7,operand_x_reg_reg[40][2]/C,lane_product_reg_reg[40][14]/D
2305,-0.257,2.238,7,operand_coeff_reg_reg[113][7]/C,lane_product_reg_reg[113][20]/D
2306,-0.257,2.238,7,operand_coeff_reg_reg[61][6]/C,lane_product_reg_reg[84][17]/D
2307,-0.257,2.238,7,operand_x_reg_reg[90][12]/C,lane_product_reg_reg[122][13]/D
2308,-0.256,2.236,7,operand_coeff_reg_reg[63][7]/C,lane_product_reg_reg[63][22]/D
2309,-0.256,2.238,7,operand_coeff_reg_reg[14][3]/C,lane_product_reg_reg[14][14]/D
2310,-0.256,2.237,7,operand_x_reg_reg[54][8]/C,lane_product_reg_reg[54][14]/D
2311,-0.256,2.238,7,operand_x_reg_reg[41][1]/C,lane_product_reg_reg[73][3]/D
2312,-0.256,2.237,7,operand_x_reg_reg[55][14]/C,lane_product_reg_reg[55][17]/D
2313,-0.256,2.236,7,operand_x_reg_reg[37][7]/C,lane_product_reg_reg[69][10]/D
2314,-0.256,2.237,7,operand_coeff_reg_reg[42][3]/C,lane_product_reg_reg[73][7]/D
2315,-0.256,2.237,7,operand_x_reg_reg[91][14]/C,lane_product_reg_reg[91][14]/D
2316,-0.256,2.239,7,operand_x_reg_reg[95][15]/C,lane_product_reg_reg[95][20]/D
2317,-0.256,2.237,7,operand_coeff_reg_reg[82][2]/C,lane_product_reg_reg[82][21]/D
2318,-0.256,2.237,7,operand_coeff_reg_reg[82][2]/C,lane_product_reg_reg[82][7]/D
2319,-0.256,2.238,7,operand_x_reg_reg[40][2]/C,lane_product_reg_reg[40][12]/D
2320,-0.256,2.236,7,operand_coeff_reg_reg[79][7]/C,lane_product_reg_reg[79][8]/D
2321,-0.255,2.236,7,operand_x_reg_reg[36][15]/C,lane_product_reg_reg[36][36]/D
2322,-0.255,2.238,7,operand_coeff_reg_reg[19][5]/C,lane_product_reg_reg[19][8]/D
2323,-0.255,2.236,7,operand_coeff_reg_reg[34][3]/C,lane_product_reg_reg[34][11]/D
2324,-0.255,2.236,7,operand_coeff_reg_reg[58][5]/C,lane_product_reg_reg[58][11]/D
2325,-0.255,2.236,7,operand_x_reg_reg[46][7]/C,lane_product_reg_reg[78][16]/D
2326,-0.255,2.236,7,operand_x_reg_reg[91][14]/C,lane_product_reg_reg[91][16]/D
2327,-0.255,2.236,7,operand_coeff_reg_reg[9][2]/C,lane_product_reg_reg[9][10]/D
2328,-0.255,2.237,7,operand_coeff_reg_reg[19][5]/C,lane_product_reg_reg[70][10]/D
2329,-0.255,2.236,7,operand_x_reg_reg[116][9]/C,lane_product_reg_reg[116][10]/D
2330,-0.255,2.236,7,operand_coeff_reg_reg[12][0]/C,lane_product_reg_reg[12][0]/D
2331,-0.255,2.236,7,operand_coeff_reg_reg[25][1]/C,lane_product_reg_reg[25][11]/D
2332,-0.255,2.236,7,operand_coeff_reg_reg[43][3]/C,lane_product_reg_reg[43][22]/D
2333,-0.255,2.236,7,operand_x_reg_reg[15][2]/C,lane_product_reg_reg[15][6]/D
2334,-0.255,2.236,7,operand_coeff_reg_reg[93][6]/C,lane_product_reg_reg[88][11]/D
2335,-0.255,2.238,7,operand_x_reg_reg[90][0]/C,lane_product_reg_reg[90][7]/D
2336,-0.255,2.235,7,operand_coeff_reg_reg[111][0]/C,lane_product_reg_reg[100][20]/D
2337,-0.255,2.236,7,operand_coeff_reg_reg[61][6]/C,lane_product_reg_reg[84][9]/D
2338,-0.255,2.235,7,operand_x_reg_reg[36][0]/C,lane_product_reg_reg[36][3]/D
2339,-0.254,2.234,7,operand_x_reg_reg[36][1]/C,lane_product_reg_reg[68][1]/D
2340,-0.254,2.234,7,operand_coeff_reg_reg[63][7]/C,lane_product_reg_reg[63][14]/D
2341,-0.254,2.234,7,operand_coeff_reg_reg[0][0]/C,lane_product_reg_reg[115][1]/D
2342,-0.254,2.236,7,operand_coeff_reg_reg[14][3]/C,lane_product_reg_reg[14][11]/D
2343,-0.254,2.235,7,operand_x_reg_reg[54][8]/C,lane_product_reg_reg[54][8]/D
2344,-0.254,2.237,7,operand_coeff_reg_reg[62][6]/C,lane_product_reg_reg[119][7]/D
2345,-0.254,2.235,7,operand_x_reg_reg[93][12]/C,lane_product_reg_reg[125][15]/D
2346,-0.254,2.234,7,operand_x_reg_reg[38][2]/C,lane_product_reg_reg[38][9]/D
2347,-0.254,2.235,7,operand_x_reg_reg[46][5]/C,lane_product_reg_reg[46][9]/D
2348,-0.254,2.234,7,operand_x_reg_reg[30][9]/C,lane_product_reg_reg[62][16]/D
2349,-0.254,2.237,7,operand_x_reg_reg[92][5]/C,lane_product_reg_reg[92][10]/D
2350,-0.254,2.235,7,operand_coeff_reg_reg[59][3]/C,lane_product_reg_reg[59][2]/D
2351,-0.254,2.235,7,operand_x_reg_reg[0][3]/C,lane_product_reg_reg[0][4]/D
2352,-0.254,2.235,7,operand_coeff_reg_reg[76][0]/C,lane_product_reg_reg[76][2]/D
2353,-0.254,2.235,7,operand_x_reg_reg[13][2]/C,lane_product_reg_reg[13][3]/D
2354,-0.254,2.234,7,operand_coeff_reg_reg[93][6]/C,lane_product_reg_reg[88][16]/D
2355,-0.254,2.234,7,operand_coeff_reg_reg[106][1]/C,lane_product_reg_reg[106][3]/D
2356,-0.254,2.234,7,operand_coeff_reg_reg[16][0]/C,lane_product_reg_reg[100][2]/D
2357,-0.254,2.233,7,operand_x_reg_reg[47][2]/C,lane_product_reg_reg[47][17]/D
2358,-0.254,2.235,7,operand_x_reg_reg[47][15]/C,lane_product_reg_reg[47][22]/D
2359,-0.253,2.234,7,operand_coeff_reg_reg[25][7]/C,lane_product_reg_reg[25][20]/D
2360,-0.253,2.234,7,operand_coeff_reg_reg[91][1]/C,lane_product_reg_reg[103][6]/D
2361,-0.253,2.235,7,operand_x_reg_reg[28][0]/C,lane_product_reg_reg[60][4]/D
2362,-0.253,2.234,7,operand_coeff_reg_reg[59][3]/C,lane_product_reg_reg[59][20]/D
2363,-0.253,2.233,7,operand_coeff_reg_reg[61][7]/C,lane_product_reg_reg[61][18]/D
2364,-0.253,2.235,7,operand_coeff_reg_reg[56][3]/C,lane_product_reg_reg[71][9]/D
2365,-0.253,2.234,7,operand_coeff_reg_reg[65][7]/C,lane_product_reg_reg[65][12]/D
2366,-0.253,2.234,7,operand_coeff_reg_reg[111][0]/C,lane_product_reg_reg[100][21]/D
2367,-0.253,2.233,7,operand_coeff_reg_reg[1][1]/C,lane_product_reg_reg[1][9]/D
2368,-0.253,2.233,7,operand_coeff_reg_reg[16][7]/C,lane_product_reg_reg[16][17]/D
2369,-0.252,2.233,7,operand_coeff_reg_reg[75][0]/C,lane_product_reg_reg[42][6]/D
2370,-0.252,2.233,7,operand_coeff_reg_reg[58][5]/C,lane_product_reg_reg[58][4]/D
2371,-0.252,2.235,7,operand_x_reg_reg[44][10]/C,lane_product_reg_reg[44][18]/D
2372,-0.252,2.232,7,operand_coeff_reg_reg[4][3]/C,lane_product_reg_reg[4][2]/D
2373,-0.252,2.233,7,operand_coeff_reg_reg[91][1]/C,lane_product_reg_reg[91][9]/D
2374,-0.252,2.235,7,operand_x_reg_reg[37][0]/C,lane_product_reg_reg[69][2]/D
2375,-0.252,2.233,7,operand_x_reg_reg[45][10]/C,lane_product_reg_reg[77][11]/D
2376,-0.252,2.235,7,operand_coeff_reg_reg[79][3]/C,lane_product_reg_reg[79][2]/D
2377,-0.252,2.233,7,operand_coeff_reg_reg[82][2]/C,lane_product_reg_reg[82][14]/D
2378,-0.252,2.233,7,operand_x_reg_reg[110][2]/C,lane_product_reg_reg[110][13]/D
2379,-0.252,2.233,7,operand_coeff_reg_reg[25][1]/C,lane_product_reg_reg[25][1]/D
2380,-0.252,2.233,7,operand_coeff_reg_reg[7][5]/C,lane_product_reg_reg[7][11]/D
2381,-0.252,2.235,7,operand_coeff_reg_reg[64][6]/C,lane_product_reg_reg[81][9]/D
2382,-0.252,2.233,7,operand_coeff_reg_reg[76][2]/C,lane_product_reg_reg[109][11]/D
2383,-0.252,2.232,7,operand_coeff_reg_reg[16][0]/C,lane_product_reg_reg[16][2]/D
2384,-0.251,2.232,7,operand_x_reg_reg[51][13]/C,lane_product_reg_reg[51][14]/D
2385,-0.251,2.232,7,operand_coeff_reg_reg[28][6]/C,lane_product_reg_reg[121][2]/D
2386,-0.251,2.231,7,operand_x_reg_reg[44][7]/C,lane_product_reg_reg[76][15]/D
2387,-0.251,2.231,7,operand_x_reg_reg[55][0]/C,lane_product_reg_reg[87][0]/D
2388,-0.251,2.232,7,operand_x_reg_reg[55][0]/C,lane_product_reg_reg[87][2]/D
2389,-0.251,2.234,7,operand_x_reg_reg[92][5]/C,lane_product_reg_reg[92][11]/D
2390,-0.251,2.232,7,operand_coeff_reg_reg[117][5]/C,lane_product_reg_reg[117][19]/D
2391,-0.251,2.232,7,operand_coeff_reg_reg[25][1]/C,lane_product_reg_reg[25][9]/D
2392,-0.250,2.231,7,operand_coeff_reg_reg[121][6]/C,lane_product_reg_reg[121][18]/D
2393,-0.250,2.233,7,operand_coeff_reg_reg[59][0]/C,lane_product_reg_reg[59][1]/D
2394,-0.250,2.231,7,operand_coeff_reg_reg[9][2]/C,lane_product_reg_reg[9][18]/D
2395,-0.250,2.232,7,operand_x_reg_reg[39][4]/C,lane_product_reg_reg[39][10]/D
2396,-0.250,2.231,7,operand_coeff_reg_reg[58][5]/C,lane_product_reg_reg[58][15]/D
2397,-0.250,2.230,7,operand_coeff_reg_reg[9][2]/C,lane_product_reg_reg[9][11]/D
2398,-0.250,2.231,7,operand_coeff_reg_reg[58][5]/C,lane_product_reg_reg[58][7]/D
2399,-0.250,2.230,7,operand_x_reg_reg[110][2]/C,lane_product_reg_reg[110][7]/D
2400,-0.250,2.230,7,operand_x_reg_reg[0][3]/C,lane_product_reg_reg[0][18]/D
2401,-0.250,2.231,7,operand_coeff_reg_reg[101][3]/C,lane_product_reg_reg[101][5]/D
2402,-0.250,2.231,7,operand_x_reg_reg[40][15]/C,lane_product_reg_reg[40][19]/D
2403,-0.249,2.232,7,operand_x_reg_reg[88][8]/C,lane_product_reg_reg[120][8]/D
2404,-0.249,2.232,7,operand_x_reg_reg[44][10]/C,lane_product_reg_reg[44][12]/D
2405,-0.249,2.230,7,operand_coeff_reg_reg[110][4]/C,lane_product_reg_reg[98][3]/D
2406,-0.249,2.230,7,operand_x_reg_reg[37][7]/C,lane_product_reg_reg[69][14]/D
2407,-0.249,2.230,7,operand_coeff_reg_reg[12][7]/C,lane_product_reg_reg[12][13]/D
2408,-0.249,2.230,7,operand_coeff_reg_reg[25][1]/C,lane_product_reg_reg[25][6]/D
2409,-0.249,2.230,7,operand_coeff_reg_reg[87][3]/C,lane_product_reg_reg[87][21]/D
2410,-0.249,2.230,7,operand_coeff_reg_reg[87][3]/C,lane_product_reg_reg[87][7]/D
2411,-0.249,2.230,7,operand_coeff_reg_reg[77][7]/C,lane_product_reg_reg[77][18]/D
2412,-0.249,2.231,7,operand_coeff_reg_reg[64][6]/C,lane_product_reg_reg[81][7]/D
2413,-0.249,2.230,7,operand_coeff_reg_reg[76][2]/C,lane_product_reg_reg[109][7]/D
2414,-0.249,2.230,7,operand_x_reg_reg[51][15]/C,lane_product_reg_reg[51][22]/D
2415,-0.248,2.231,7,operand_coeff_reg_reg[51][4]_replica/C,lane_product_reg_reg[124][6]/D
2416,-0.248,2.230,7,operand_coeff_reg_reg[75][0]/C,lane_product_reg_reg[88][5]/D
2417,-0.248,2.229,7,operand_coeff_reg_reg[121][6]/C,lane_product_reg_reg[127][7]/D
2418,-0.248,2.230,7,operand_coeff_reg_reg[121][6]/C,lane_product_reg_reg[121][8]/D
2419,-0.248,2.228,7,operand_coeff_reg_reg[58][5]/C,lane_product_reg_reg[22][5]/D
2420,-0.248,2.228,7,operand_x_reg_reg[38][2]/C,lane_product_reg_reg[38][21]/D
2421,-0.248,2.231,7,operand_x_reg_reg[44][10]/C,lane_product_reg_reg[44][17]/D
2422,-0.248,2.228,7,operand_x_reg_reg[30][2]/C,lane_product_reg_reg[62][3]/D
2423,-0.248,2.230,7,operand_coeff_reg_reg[19][5]/C,lane_product_reg_reg[70][14]/D
2424,-0.248,2.228,7,operand_coeff_reg_reg[91][1]/C,lane_product_reg_reg[91][7]/D
2425,-0.248,2.229,7,operand_x_reg_reg[46][5]/C,lane_product_reg_reg[46][19]/D
2426,-0.248,2.229,7,operand_x_reg_reg[53][2]/C,lane_product_reg_reg[53][19]/D
2427,-0.248,2.229,7,operand_x_reg_reg[36][2]/C,lane_product_reg_reg[68][2]/D
2428,-0.248,2.228,7,operand_coeff_reg_reg[103][1]/C,lane_product_reg_reg[103][0]/D
2429,-0.248,2.228,7,operand_coeff_reg_reg[113][7]/C,lane_product_reg_reg[102][6]/D
2430,-0.248,2.231,7,operand_x_reg_reg[54][15]/C,lane_product_reg_reg[54][19]/D
2431,-0.247,2.230,7,operand_coeff_reg_reg[14][3]/C,lane_product_reg_reg[14][2]/D
2432,-0.247,2.228,7,operand_coeff_reg_reg[58][5]/C,lane_product_reg_reg[22][3]/D
2433,-0.247,2.228,7,operand_coeff_reg_reg[34][3]/C,lane_product_reg_reg[34][19]/D
2434,-0.247,2.227,7,operand_x_reg_reg[39][11]/C,lane_product_reg_reg[39][19]/D
2435,-0.247,2.228,7,operand_coeff_reg_reg[110][4]/C,lane_product_reg_reg[98][0]/D
2436,-0.247,2.228,7,operand_coeff_reg_reg[50][3]/C,lane_product_reg_reg[50][10]/D
2437,-0.247,2.227,7,operand_x_reg_reg[110][2]/C,lane_product_reg_reg[110][8]/D
2438,-0.247,2.228,7,operand_coeff_reg_reg[43][3]/C,lane_product_reg_reg[43][6]/D
2439,-0.247,2.227,7,operand_coeff_reg_reg[77][3]/C,lane_product_reg_reg[77][5]/D
2440,-0.247,2.228,7,operand_coeff_reg_reg[27][6]/C,lane_product_reg_reg[27][20]/D
2441,-0.247,2.228,7,operand_coeff_reg_reg[113][7]/C,lane_product_reg_reg[102][4]/D
2442,-0.247,2.227,7,operand_coeff_reg_reg[113][7]/C,lane_product_reg_reg[113][16]/D
2443,-0.247,2.228,7,operand_coeff_reg_reg[111][0]/C,lane_product_reg_reg[100][35]/D
2444,-0.247,2.229,7,operand_x_reg_reg[94][0]/C,lane_product_reg_reg[126][1]/D
2445,-0.247,2.226,7,operand_x_reg_reg[47][2]/C,lane_product_reg_reg[47][8]/D
2446,-0.247,2.227,7,operand_coeff_reg_reg[1][1]/C,lane_product_reg_reg[1][14]/D
2447,-0.246,2.226,7,operand_coeff_reg_reg[58][5]/C,lane_product_reg_reg[22][15]/D
2448,-0.246,2.228,7,operand_x_reg_reg[92][5]/C,lane_product_reg_reg[92][21]/D
2449,-0.246,2.227,7,operand_coeff_reg_reg[110][4]/C,lane_product_reg_reg[98][1]/D
2450,-0.246,2.226,7,operand_coeff_reg_reg[104][1]/C,lane_product_reg_reg[104][19]/D
2451,-0.246,2.226,7,operand_x_reg_reg[38][2]/C,lane_product_reg_reg[38][19]/D
2452,-0.246,2.227,7,operand_coeff_reg_reg[72][0]/C,lane_product_reg_reg[49][3]/D
2453,-0.246,2.227,7,operand_coeff_reg_reg[58][5]/C,lane_product_reg_reg[58][17]/D
2454,-0.246,2.226,7,operand_coeff_reg_reg[91][1]/C,lane_product_reg_reg[91][2]/D
2455,-0.246,2.227,7,operand_x_reg_reg[12][6]/C,lane_product_reg_reg[12][9]/D
2456,-0.246,2.226,7,operand_coeff_reg_reg[20][4]/C,lane_product_reg_reg[20][20]/D
2457,-0.246,2.226,7,operand_coeff_reg_reg[33][0]/C,lane_product_reg_reg[33][1]/D
2458,-0.246,2.227,7,operand_coeff_reg_reg[82][2]/C,lane_product_reg_reg[82][5]/D
2459,-0.246,2.227,7,operand_coeff_reg_reg[87][3]/C,lane_product_reg_reg[87][20]/D
2460,-0.246,2.227,7,operand_coeff_reg_reg[96][3]/C,lane_product_reg_reg[96][10]/D
2461,-0.246,2.226,7,operand_coeff_reg_reg[96][3]/C,lane_product_reg_reg[96][11]/D
2462,-0.246,2.226,7,operand_coeff_reg_reg[14][7]/C,lane_product_reg_reg[14][17]/D
2463,-0.245,2.225,7,operand_coeff_reg_reg[4][3]/C,lane_product_reg_reg[4][19]/D
2464,-0.245,2.225,7,operand_coeff_reg_reg[29][3]/C,lane_product_reg_reg[29][3]/D
2465,-0.245,2.225,7,operand_coeff_reg_reg[29][3]/C,lane_product_reg_reg[45][15]/D
2466,-0.245,2.226,7,operand_x_reg_reg[51][13]/C,lane_product_reg_reg[51][15]/D
2467,-0.245,2.227,7,operand_x_reg_reg[92][5]/C,lane_product_reg_reg[92][19]/D
2468,-0.245,2.226,7,operand_coeff_reg_reg[4][3]/C,lane_product_reg_reg[17][2]/D
2469,-0.245,2.228,7,operand_x_reg_reg[41][1]/C,lane_product_reg_reg[73][1]/D
2470,-0.245,2.226,7,operand_x_reg_reg[0][3]/C,lane_product_reg_reg[0][22]/D
2471,-0.245,2.225,7,operand_coeff_reg_reg[7][5]/C,lane_product_reg_reg[7][4]/D
2472,-0.245,2.225,7,operand_x_reg_reg[13][2]/C,lane_product_reg_reg[13][20]/D
2473,-0.245,2.226,7,operand_coeff_reg_reg[33][0]/C,lane_product_reg_reg[33][4]/D
2474,-0.245,2.225,7,operand_coeff_reg_reg[61][7]/C,lane_product_reg_reg[61][19]/D
2475,-0.245,2.225,7,operand_coeff_reg_reg[113][7]/C,lane_product_reg_reg[102][19]/D
2476,-0.245,2.226,7,operand_coeff_reg_reg[61][6]/C,lane_product_reg_reg[84][22]/D
2477,-0.245,2.224,7,operand_x_reg_reg[47][2]/C,lane_product_reg_reg[47][10]/D
2478,-0.245,2.224,7,operand_x_reg_reg[36][0]/C,lane_product_reg_reg[36][1]/D
2479,-0.244,2.226,7,operand_coeff_reg_reg[36][2]/C,lane_product_reg_reg[105][35]/D
2480,-0.244,2.227,7,operand_x_reg_reg[44][10]/C,lane_product_reg_reg[44][16]/D
2481,-0.244,2.227,7,operand_x_reg_reg[34][11]/C,lane_product_reg_reg[66][20]/D
2482,-0.244,2.225,7,operand_x_reg_reg[15][7]/C,lane_product_reg_reg[15][10]/D
2483,-0.244,2.225,7,operand_coeff_reg_reg[35][0]/C,lane_product_reg_reg[35][3]/D
2484,-0.244,2.225,7,operand_x_reg_reg[5][2]/C,lane_product_reg_reg[5][2]/D
2485,-0.244,2.225,7,operand_coeff_reg_reg[87][3]/C,lane_product_reg_reg[87][13]/D
2486,-0.244,2.225,7,operand_coeff_reg_reg[35][0]/C,lane_product_reg_reg[35][14]/D
2487,-0.244,2.224,7,operand_coeff_reg_reg[36][7]/C,lane_product_reg_reg[36][10]/D
2488,-0.244,2.223,7,operand_coeff_reg_reg[107][7]/C,lane_product_reg_reg[107][6]/D
2489,-0.243,2.224,7,operand_coeff_reg_reg[4][0]/C,lane_product_reg_reg[4][0]/D
2490,-0.243,2.223,7,operand_x_reg_reg[37][7]/C,lane_product_reg_reg[69][7]/D
2491,-0.243,2.224,7,operand_coeff_reg_reg[56][7]/C,lane_product_reg_reg[71][4]/D
2492,-0.243,2.225,7,operand_coeff_reg_reg[36][2]/C,lane_product_reg_reg[105][6]/D
2493,-0.243,2.224,7,operand_x_reg_reg[28][0]/C,lane_product_reg_reg[28][1]/D
2494,-0.243,2.224,7,operand_coeff_reg_reg[4][3]/C,lane_product_reg_reg[4][11]/D
2495,-0.243,2.224,7,operand_x_reg_reg[93][0]/C,lane_product_reg_reg[93][0]/D
2496,-0.243,2.224,7,operand_coeff_reg_reg[27][6]/C,lane_product_reg_reg[27][18]/D
2497,-0.243,2.224,7,operand_coeff_reg_reg[63][4]/C,lane_product_reg_reg[63][9]/D
2498,-0.243,2.223,7,operand_coeff_reg_reg[111][2]/C,lane_product_reg_reg[111][21]/D
2499,-0.243,2.224,7,operand_x_reg_reg[17][6]/C,lane_product_reg_reg[17][7]/D
2500,-0.243,2.224,7,operand_coeff_reg_reg[79][7]/C,lane_product_reg_reg[48][17]/D
2501,-0.243,2.224,7,operand_x_reg_reg[90][12]/C,lane_product_reg_reg[122][14]/D
2502,-0.243,2.223,7,operand_coeff_reg_reg[14][7]/C,lane_product_reg_reg[14][19]/D
2503,-0.242,2.223,7,operand_coeff_reg_reg[56][4]/C,lane_product_reg_reg[56][4]/D
2504,-0.242,2.224,7,operand_coeff_reg_reg[79][3]/C,lane_product_reg_reg[118][0]/D
2505,-0.242,2.223,7,operand_coeff_reg_reg[21][0]/C,lane_product_reg_reg[21][1]/D
2506,-0.242,2.222,7,operand_x_reg_reg[44][7]/C,lane_product_reg_reg[76][7]/D
2507,-0.242,2.224,7,operand_x_reg_reg[46][6]/C,lane_product_reg_reg[78][6]/D
2508,-0.242,2.223,7,operand_coeff_reg_reg[58][5]/C,lane_product_reg_reg[22][2]/D
2509,-0.242,2.223,7,operand_coeff_reg_reg[105][3]/C,lane_product_reg_reg[105][3]/D
2510,-0.242,2.222,7,operand_x_reg_reg[13][2]/C,lane_product_reg_reg[13][8]/D
2511,-0.242,2.222,7,operand_coeff_reg_reg[33][0]/C,lane_product_reg_reg[33][18]/D
2512,-0.242,2.223,7,operand_coeff_reg_reg[7][5]/C,lane_product_reg_reg[7][9]/D
2513,-0.242,2.222,7,operand_coeff_reg_reg[96][3]/C,lane_product_reg_reg[96][18]/D
2514,-0.242,2.223,7,operand_coeff_reg_reg[27][6]/C,lane_product_reg_reg[27][22]/D
2515,-0.242,2.223,7,operand_coeff_reg_reg[8][4]/C,lane_product_reg_reg[8][21]/D
2516,-0.242,2.223,7,operand_coeff_reg_reg[77][7]/C,lane_product_reg_reg[77][19]/D
2517,-0.242,2.223,7,operand_x_reg_reg[90][12]/C,lane_product_reg_reg[122][20]/D
2518,-0.242,2.222,7,operand_coeff_reg_reg[1][1]/C,lane_product_reg_reg[1][13]/D
2519,-0.242,2.222,7,operand_coeff_reg_reg[14][7]/C,lane_product_reg_reg[14][20]/D
2520,-0.241,2.223,7,operand_coeff_reg_reg[48][0]/C,lane_product_reg_reg[48][9]/D
2521,-0.241,2.224,7,operand_coeff_reg_reg[14][3]/C,lane_product_reg_reg[14][3]/D
2522,-0.241,2.221,7,operand_x_reg_reg[93][0]/C,lane_product_reg_reg[93][1]/D
2523,-0.241,2.222,7,operand_coeff_reg_reg[12][7]/C,lane_product_reg_reg[12][15]/D
2524,-0.241,2.221,7,operand_coeff_reg_reg[26][3]/C,lane_product_reg_reg[26][7]/D
2525,-0.241,2.222,7,operand_coeff_reg_reg[51][2]/C,lane_product_reg_reg[51][4]/D
2526,-0.241,2.222,7,operand_coeff_reg_reg[56][1]/C,lane_product_reg_reg[56][0]/D
2527,-0.241,2.221,7,operand_coeff_reg_reg[1][1]/C,lane_product_reg_reg[1][15]/D
2528,-0.240,2.222,7,operand_coeff_reg_reg[75][0]/C,lane_product_reg_reg[109][5]/D
2529,-0.240,2.223,7,operand_coeff_reg_reg[78][4]/C,lane_product_reg_reg[78][4]/D
2530,-0.240,2.221,7,operand_x_reg_reg[28][0]/C,lane_product_reg_reg[28][0]/D
2531,-0.240,2.220,7,operand_coeff_reg_reg[29][3]/C,lane_product_reg_reg[45][19]/D
2532,-0.240,2.223,7,operand_coeff_reg_reg[48][0]/C,lane_product_reg_reg[48][5]/D
2533,-0.240,2.221,7,operand_coeff_reg_reg[56][4]/C,lane_product_reg_reg[56][37]/D
2534,-0.240,2.221,7,operand_coeff_reg_reg[104][1]/C,lane_product_reg_reg[104][11]/D
2535,-0.240,2.221,7,operand_x_reg_reg[91][14]/C,lane_product_reg_reg[123][17]/D
2536,-0.240,2.221,7,operand_x_reg_reg[48][12]/C,lane_product_reg_reg[48][15]/D
2537,-0.240,2.221,7,operand_coeff_reg_reg[72][0]/C,lane_product_reg_reg[49][10]/D
2538,-0.240,2.221,7,operand_coeff_reg_reg[9][2]/C,lane_product_reg_reg[9][16]/D
2539,-0.240,2.220,7,operand_x_reg_reg[0][3]/C,lane_product_reg_reg[0][37]/D
2540,-0.240,2.220,7,operand_x_reg_reg[110][2]/C,lane_product_reg_reg[110][12]/D
2541,-0.240,2.220,7,operand_x_reg_reg[7][14]/C,lane_product_reg_reg[7][20]/D
2542,-0.240,2.221,7,operand_x_reg_reg[31][1]/C,lane_product_reg_reg[31][1]/D
2543,-0.240,2.221,7,operand_x_reg_reg[13][15]/C,lane_product_reg_reg[13][22]/D
2544,-0.239,2.219,7,operand_x_reg_reg[52][3]/C,lane_product_reg_reg[52][13]/D
2545,-0.239,2.219,7,operand_x_reg_reg[44][7]/C,lane_product_reg_reg[76][8]/D
2546,-0.239,2.222,7,operand_x_reg_reg[94][5]/C,lane_product_reg_reg[126][8]/D
2547,-0.239,2.221,7,operand_x_reg_reg[94][5]/C,lane_product_reg_reg[126][9]/D
2548,-0.239,2.220,7,operand_coeff_reg_reg[56][7]/C,lane_product_reg_reg[71][3]/D
2549,-0.239,2.219,7,operand_x_reg_reg[110][2]/C,lane_product_reg_reg[110][3]/D
2550,-0.239,2.219,7,operand_coeff_reg_reg[116][1]/C,lane_product_reg_reg[116][0]/D
2551,-0.239,2.219,7,operand_x_reg_reg[110][2]/C,lane_product_reg_reg[110][4]/D
2552,-0.239,2.219,7,operand_coeff_reg_reg[96][1]/C,lane_product_reg_reg[96][0]/D
2553,-0.239,2.219,7,operand_coeff_reg_reg[97][2]/C,lane_product_reg_reg[97][8]/D
2554,-0.239,2.220,7,operand_coeff_reg_reg[56][1]/C,lane_product_reg_reg[56][1]/D
2555,-0.239,2.220,7,operand_x_reg_reg[98][11]/C,lane_product_reg_reg[98][19]/D
2556,-0.239,2.219,7,operand_coeff_reg_reg[61][7]/C,lane_product_reg_reg[61][6]/D
2557,-0.238,2.219,7,operand_x_reg_reg[55][7]/C,lane_product_reg_reg[55][12]/D
2558,-0.238,2.220,7,operand_x_reg_reg[41][1]/C,lane_product_reg_reg[73][2]/D
2559,-0.238,2.219,7,operand_coeff_reg_reg[53][1]/C,lane_product_reg_reg[53][0]/D
2560,-0.238,2.219,7,operand_x_reg_reg[55][14]/C,lane_product_reg_reg[55][37]/D
2561,-0.238,2.218,7,operand_coeff_reg_reg[31][3]/C,lane_product_reg_reg[31][37]/D
2562,-0.238,2.219,7,operand_coeff_reg_reg[114][3]/C,lane_product_reg_reg[114][4]/D
2563,-0.238,2.219,7,operand_coeff_reg_reg[26][3]/C,lane_product_reg_reg[26][16]/D
2564,-0.238,2.219,7,operand_coeff_reg_reg[33][0]/C,lane_product_reg_reg[33][21]/D
2565,-0.238,2.219,7,operand_coeff_reg_reg[59][3]/C,lane_product_reg_reg[59][9]/D
2566,-0.238,2.218,7,operand_x_reg_reg[7][14]/C,lane_product_reg_reg[7][18]/D
2567,-0.238,2.220,1,r4a_issue_cycle_reg[0][2]_rep__2/C,sched_coeff_reg_reg[92][5]/D
2568,-0.238,2.219,7,operand_x_reg_reg[44][5]/C,lane_product_reg_reg[44][8]/D
2569,-0.238,2.217,7,operand_x_reg_reg[47][2]/C,lane_product_reg_reg[47][12]/D
2570,-0.237,2.219,7,operand_coeff_reg_reg[75][0]/C,lane_product_reg_reg[75][0]/D
2571,-0.237,2.218,7,operand_x_reg_reg[36][3]/C,lane_product_reg_reg[68][10]/D
2572,-0.237,2.218,7,operand_coeff_reg_reg[58][5]/C,lane_product_reg_reg[22][14]/D
2573,-0.237,2.219,7,operand_x_reg_reg[39][4]/C,lane_product_reg_reg[39][4]/D
2574,-0.237,2.220,7,operand_x_reg_reg[44][10]/C,lane_product_reg_reg[44][15]/D
2575,-0.237,2.218,7,operand_x_reg_reg[46][1]/C,lane_product_reg_reg[46][1]/D
2576,-0.237,2.220,7,operand_coeff_reg_reg[50][0]/C,lane_product_reg_reg[50][0]/D
2577,-0.237,2.219,7,operand_coeff_reg_reg[58][0]/C,lane_product_reg_reg[58][1]/D
2578,-0.237,2.218,7,operand_coeff_reg_reg[58][5]/C,lane_product_reg_reg[58][20]/D
2579,-0.237,2.217,7,operand_x_reg_reg[7][14]/C,lane_product_reg_reg[7][15]/D
2580,-0.237,2.218,7,operand_coeff_reg_reg[111][2]/C,lane_product_reg_reg[111][22]/D
2581,-0.237,2.217,7,operand_coeff_reg_reg[33][0]/C,lane_product_reg_reg[33][19]/D
2582,-0.237,2.218,7,operand_coeff_reg_reg[51][2]/C,lane_product_reg_reg[51][2]/D
2583,-0.237,2.218,7,operand_coeff_reg_reg[7][5]/C,lane_product_reg_reg[7][13]/D
2584,-0.237,2.218,7,operand_x_reg_reg[11][7]/C,lane_product_reg_reg[11][16]/D
2585,-0.237,2.218,7,operand_coeff_reg_reg[96][3]/C,lane_product_reg_reg[96][3]/D
2586,-0.237,2.218,7,operand_x_reg_reg[99][4]/C,lane_product_reg_reg[99][19]/D
2587,-0.236,2.216,7,operand_coeff_reg_reg[85][1]/C,lane_product_reg_reg[85][0]/D
2588,-0.236,2.218,7,operand_coeff_reg_reg[68][6]/C,lane_product_reg_reg[114][8]/D
2589,-0.236,2.218,7,operand_x_reg_reg[42][0]/C,lane_product_reg_reg[74][0]/D
2590,-0.236,2.216,7,operand_x_reg_reg[0][3]/C,lane_product_reg_reg[0][17]/D
2591,-0.236,2.216,7,operand_coeff_reg_reg[26][3]/C,lane_product_reg_reg[26][10]/D
2592,-0.236,2.216,7,operand_coeff_reg_reg[82][2]/C,lane_product_reg_reg[82][12]/D
2593,-0.236,2.216,7,operand_coeff_reg_reg[82][2]/C,lane_product_reg_reg[82][22]/D
2594,-0.236,2.217,7,operand_coeff_reg_reg[50][3]/C,lane_product_reg_reg[50][16]/D
2595,-0.236,2.217,7,operand_coeff_reg_reg[96][3]/C,lane_product_reg_reg[96][15]/D
2596,-0.236,2.219,7,operand_x_reg_reg[90][0]/C,lane_product_reg_reg[90][10]/D
2597,-0.236,2.215,7,operand_coeff_reg_reg[107][7]/C,lane_product_reg_reg[107][8]/D
2598,-0.235,2.215,7,operand_coeff_reg_reg[41][2]/C,lane_product_reg_reg[24][1]/D
2599,-0.235,2.217,7,operand_coeff_reg_reg[58][0]/C,lane_product_reg_reg[58][3]/D
2600,-0.235,2.216,7,operand_coeff_reg_reg[4][3]/C,lane_product_reg_reg[4][17]/D
2601,-0.235,2.217,7,operand_x_reg_reg[95][1]/C,lane_product_reg_reg[95][11]/D
2602,-0.235,2.216,7,operand_coeff_reg_reg[25][1]/C,lane_product_reg_reg[25][5]/D
2603,-0.235,2.216,7,operand_coeff_reg_reg[50][3]/C,lane_product_reg_reg[50][14]/D
2604,-0.235,2.216,7,operand_coeff_reg_reg[101][3]/C,lane_product_reg_reg[101][15]/D
2605,-0.235,2.216,7,operand_coeff_reg_reg[33][0]/C,lane_product_reg_reg[33][10]/D
2606,-0.235,2.216,7,operand_coeff_reg_reg[33][0]/C,lane_product_reg_reg[33][16]/D
2607,-0.235,2.218,7,operand_coeff_reg_reg[64][6]/C,lane_product_reg_reg[81][10]/D
2608,-0.235,2.216,7,operand_x_reg_reg[27][3]/C,lane_product_reg_reg[27][5]/D
2609,-0.235,2.215,7,operand_coeff_reg_reg[111][0]/C,lane_product_reg_reg[100][19]/D
2610,-0.235,2.217,7,operand_x_reg_reg[90][12]/C,lane_product_reg_reg[90][13]/D
2611,-0.234,2.214,7,operand_coeff_reg_reg[63][7]/C,lane_product_reg_reg[63][17]/D
2612,-0.234,2.215,7,operand_x_reg_reg[92][1]/C,lane_product_reg_reg[124][2]/D
2613,-0.234,2.214,7,operand_coeff_reg_reg[58][5]/C,lane_product_reg_reg[22][17]/D
2614,-0.234,2.214,7,operand_x_reg_reg[30][9]/C,lane_product_reg_reg[62][15]/D
2615,-0.234,2.214,7,operand_x_reg_reg[36][3]/C,lane_product_reg_reg[68][12]/D
2616,-0.234,2.214,7,operand_x_reg_reg[44][7]/C,lane_product_reg_reg[76][18]/D
2617,-0.234,2.217,7,operand_coeff_reg_reg[8][5]/C,lane_product_reg_reg[7][3]/D
2618,-0.234,2.214,7,operand_coeff_reg_reg[9][2]/C,lane_product_reg_reg[9][9]/D
2619,-0.234,2.215,7,operand_coeff_reg_reg[35][0]/C,lane_product_reg_reg[35][15]/D
2620,-0.234,2.215,7,operand_coeff_reg_reg[50][3]/C,lane_product_reg_reg[50][6]/D
2621,-0.234,2.215,7,operand_x_reg_reg[99][4]/C,lane_product_reg_reg[99][20]/D
2622,-0.234,2.216,7,operand_x_reg_reg[40][2]/C,lane_product_reg_reg[40][9]/D
2623,-0.234,2.215,7,operand_coeff_reg_reg[4][0]/C,lane_product_reg_reg[115][19]/D
2624,-0.233,2.215,7,operand_coeff_reg_reg[68][6]/C,lane_product_reg_reg[114][6]/D
2625,-0.233,2.214,7,operand_coeff_reg_reg[121][6]/C,lane_product_reg_reg[121][16]/D
2626,-0.233,2.216,7,operand_x_reg_reg[24][14]/C,lane_product_reg_reg[24][16]/D
2627,-0.233,2.214,7,operand_coeff_reg_reg[56][4]/C,lane_product_reg_reg[56][5]/D
2628,-0.233,2.213,7,operand_x_reg_reg[30][1]/C,lane_product_reg_reg[62][1]/D
2629,-0.233,2.214,7,operand_coeff_reg_reg[104][1]/C,lane_product_reg_reg[104][2]/D
2630,-0.233,2.214,7,operand_coeff_reg_reg[34][3]/C,lane_product_reg_reg[34][14]/D
2631,-0.233,2.214,7,operand_coeff_reg_reg[72][0]/C,lane_product_reg_reg[49][9]/D
2632,-0.233,2.216,7,operand_x_reg_reg[37][0]/C,lane_product_reg_reg[69][1]/D
2633,-0.233,2.214,7,operand_coeff_reg_reg[110][4]/C,lane_product_reg_reg[98][2]/D
2634,-0.233,2.214,7,operand_coeff_reg_reg[9][2]/C,lane_product_reg_reg[9][6]/D
2635,-0.233,2.213,7,operand_coeff_reg_reg[123][1]/C,lane_product_reg_reg[123][0]/D
2636,-0.233,2.213,7,operand_x_reg_reg[0][3]/C,lane_product_reg_reg[0][20]/D
2637,-0.233,2.213,7,operand_x_reg_reg[110][2]/C,lane_product_reg_reg[110][5]/D
2638,-0.233,2.213,7,operand_coeff_reg_reg[20][4]/C,lane_product_reg_reg[20][7]/D
2639,-0.233,2.213,7,operand_coeff_reg_reg[6][3]/C,lane_product_reg_reg[6][14]/D
2640,-0.233,2.213,7,operand_x_reg_reg[99][4]/C,lane_product_reg_reg[99][8]/D
2641,-0.233,2.214,7,operand_coeff_reg_reg[6][3]/C,lane_product_reg_reg[6][19]/D
2642,-0.233,2.214,7,operand_coeff_reg_reg[97][2]/C,lane_product_reg_reg[97][10]/D
2643,-0.233,2.212,7,operand_coeff_reg_reg[107][7]/C,lane_product_reg_reg[107][9]/D
2644,-0.232,2.213,7,operand_coeff_reg_reg[58][5]/C,lane_product_reg_reg[22][10]/D
2645,-0.232,2.214,7,operand_coeff_reg_reg[74][2]/C,lane_product_reg_reg[54][2]/D
2646,-0.232,2.213,7,operand_x_reg_reg[55][7]/C,lane_product_reg_reg[55][9]/D
2647,-0.232,2.212,7,operand_x_reg_reg[30][9]/C,lane_product_reg_reg[62][12]/D
2648,-0.232,2.212,7,operand_coeff_reg_reg[91][1]/C,lane_product_reg_reg[91][11]/D
2649,-0.232,2.213,7,operand_coeff_reg_reg[44][0]/C,lane_product_reg_reg[44][1]/D
2650,-0.232,2.212,7,operand_coeff_reg_reg[97][0]/C,lane_product_reg_reg[97][0]/D
2651,-0.232,2.213,7,operand_coeff_reg_reg[55][3]_replica/C,lane_product_reg_reg[55][5]/D
2652,-0.232,2.213,7,operand_x_reg_reg[17][6]/C,lane_product_reg_reg[17][19]/D
2653,-0.232,2.213,7,operand_coeff_reg_reg[35][0]/C,lane_product_reg_reg[35][2]/D
2654,-0.232,2.213,7,operand_coeff_reg_reg[82][2]/C,lane_product_reg_reg[82][13]/D
2655,-0.232,2.213,7,operand_coeff_reg_reg[8][1]/C,lane_product_reg_reg[8][0]/D
2656,-0.232,2.212,7,operand_coeff_reg_reg[110][7]/C,lane_product_reg_reg[110][19]/D
2657,-0.232,2.212,7,operand_coeff_reg_reg[1][1]/C,lane_product_reg_reg[1][2]/D
2658,-0.231,2.212,7,operand_coeff_reg_reg[106][7]/C,lane_product_reg_reg[106][8]/D
2659,-0.231,2.213,7,operand_coeff_reg_reg[75][0]/C,lane_product_reg_reg[88][4]/D
2660,-0.231,2.213,1,r4a_issue_cycle_reg[0][1]/C,sched_coeff_reg_reg[117][3]/D
2661,-0.231,2.211,7,operand_coeff_reg_reg[41][2]/C,lane_product_reg_reg[24][13]/D
2662,-0.231,2.212,7,operand_coeff_reg_reg[58][5]/C,lane_product_reg_reg[22][8]/D
2663,-0.231,2.212,7,operand_x_reg_reg[37][6]/C,lane_product_reg_reg[37][9]/D
2664,-0.231,2.212,7,operand_x_reg_reg[55][2]/C,lane_product_reg_reg[55][3]/D
2665,-0.231,2.214,7,operand_x_reg_reg[92][5]/C,lane_product_reg_reg[92][5]/D
2666,-0.231,2.212,7,operand_coeff_reg_reg[109][0]/C,lane_product_reg_reg[94][6]/D
2667,-0.231,2.211,7,operand_coeff_reg_reg[21][3]/C,lane_product_reg_reg[21][5]/D
2668,-0.231,2.211,7,operand_coeff_reg_reg[69][1]/C,lane_product_reg_reg[69][0]/D
2669,-0.231,2.212,7,operand_coeff_reg_reg[77][3]/C,lane_product_reg_reg[77][6]/D
2670,-0.231,2.212,7,operand_coeff_reg_reg[50][3]/C,lane_product_reg_reg[50][13]/D
2671,-0.231,2.211,7,operand_x_reg_reg[35][5]/C,lane_product_reg_reg[67][11]/D
2672,-0.231,2.212,7,operand_x_reg_reg[11][15]/C,lane_product_reg_reg[11][19]/D
2673,-0.231,2.211,7,operand_coeff_reg_reg[1][1]/C,lane_product_reg_reg[1][3]/D
2674,-0.230,2.210,7,operand_coeff_reg_reg[63][7]/C,lane_product_reg_reg[63][16]/D
2675,-0.230,2.211,7,operand_coeff_reg_reg[56][5]/C,lane_product_reg_reg[67][4]/D
2676,-0.230,2.211,7,operand_coeff_reg_reg[91][1]/C,lane_product_reg_reg[91][8]/D
2677,-0.230,2.211,7,operand_x_reg_reg[55][14]/C,lane_product_reg_reg[55][14]/D
2678,-0.230,2.210,7,operand_coeff_reg_reg[82][2]/C,lane_product_reg_reg[82][9]/D
2679,-0.230,2.211,7,operand_coeff_reg_reg[116][1]/C,lane_product_reg_reg[116][3]/D
2680,-0.230,2.210,7,operand_x_reg_reg[15][2]/C,lane_product_reg_reg[15][5]/D
2681,-0.230,2.211,7,operand_coeff_reg_reg[27][6]/C,lane_product_reg_reg[27][21]/D
2682,-0.230,2.210,7,operand_coeff_reg_reg[4][0]/C,lane_product_reg_reg[115][37]/D
2683,-0.230,2.210,7,operand_x_reg_reg[11][15]/C,lane_product_reg_reg[11][21]/D
2684,-0.230,2.209,7,operand_x_reg_reg[47][2]/C,lane_product_reg_reg[47][16]/D
2685,-0.229,2.209,7,operand_coeff_reg_reg[41][2]/C,lane_product_reg_reg[24][2]/D
2686,-0.229,2.211,7,operand_x_reg_reg[90][2]/C,lane_product_reg_reg[122][2]/D
2687,-0.229,2.210,7,operand_coeff_reg_reg[56][4]/C,lane_product_reg_reg[56][21]/D
2688,-0.229,2.210,7,operand_coeff_reg_reg[58][5]/C,lane_product_reg_reg[58][9]/D
2689,-0.229,2.212,7,operand_x_reg_reg[24][14]/C,lane_product_reg_reg[24][20]/D
2690,-0.229,2.209,7,operand_coeff_reg_reg[20][4]/C,lane_product_reg_reg[20][14]/D
2691,-0.229,2.210,7,operand_coeff_reg_reg[20][4]/C,lane_product_reg_reg[20][13]/D
2692,-0.229,2.210,7,operand_coeff_reg_reg[81][0]/C,lane_product_reg_reg[81][1]/D
2693,-0.229,2.210,7,operand_coeff_reg_reg[82][2]/C,lane_product_reg_reg[82][17]/D
2694,-0.229,2.209,7,operand_x_reg_reg[99][4]/C,lane_product_reg_reg[99][11]/D
2695,-0.229,2.209,7,operand_x_reg_reg[99][4]/C,lane_product_reg_reg[99][12]/D
2696,-0.229,2.210,7,operand_coeff_reg_reg[74][6]/C,lane_product_reg_reg[74][13]/D
2697,-0.229,2.210,7,operand_x_reg_reg[40][15]/C,lane_product_reg_reg[40][22]/D
2698,-0.228,2.209,7,operand_coeff_reg_reg[121][6]/C,lane_product_reg_reg[127][6]/D
2699,-0.228,2.208,7,operand_coeff_reg_reg[29][3]/C,lane_product_reg_reg[45][14]/D
2700,-0.228,2.208,7,operand_coeff_reg_reg[116][6]/C,lane_product_reg_reg[116][7]/D
2701,-0.228,2.209,7,operand_coeff_reg_reg[7][5]/C,lane_product_reg_reg[7][12]/D
2702,-0.228,2.208,7,operand_x_reg_reg[99][4]/C,lane_product_reg_reg[99][9]/D
2703,-0.228,2.210,7,operand_x_reg_reg[40][2]/C,lane_product_reg_reg[40][2]/D
2704,-0.228,2.209,7,operand_x_reg_reg[11][15]/C,lane_product_reg_reg[11][20]/D
2705,-0.227,2.207,7,operand_coeff_reg_reg[85][1]/C,lane_product_reg_reg[85][3]/D
2706,-0.227,2.210,7,operand_coeff_reg_reg[30][5]/C,lane_product_reg_reg[30][6]/D
2707,-0.227,2.207,7,operand_coeff_reg_reg[58][5]/C,lane_product_reg_reg[22][6]/D
2708,-0.227,2.207,7,operand_x_reg_reg[46][5]/C,lane_product_reg_reg[46][8]/D
2709,-0.227,2.208,7,operand_coeff_reg_reg[2][2]/C,lane_product_reg_reg[2][21]/D
2710,-0.227,2.208,7,operand_x_reg_reg[55][7]/C,lane_product_reg_reg[55][10]/D
2711,-0.227,2.208,7,operand_coeff_reg_reg[55][3]_replica/C,lane_product_reg_reg[55][4]/D
2712,-0.227,2.208,7,operand_coeff_reg_reg[74][6]/C,lane_product_reg_reg[74][12]/D
2713,-0.227,2.207,7,operand_x_reg_reg[99][4]/C,lane_product_reg_reg[99][13]/D
2714,-0.227,2.208,7,operand_coeff_reg_reg[50][3]/C,lane_product_reg_reg[50][19]/D
2715,-0.227,2.208,7,operand_coeff_reg_reg[114][3]/C,lane_product_reg_reg[114][5]/D
2716,-0.227,2.208,7,operand_coeff_reg_reg[119][0]/C,lane_product_reg_reg[119][1]/D
2717,-0.227,2.209,7,operand_x_reg_reg[94][0]/C,lane_product_reg_reg[126][0]/D
2718,-0.227,2.208,7,operand_x_reg_reg[90][12]/C,lane_product_reg_reg[122][17]/D
2719,-0.227,2.207,7,operand_x_reg_reg[47][2]/C,lane_product_reg_reg[47][19]/D
2720,-0.227,2.206,7,operand_coeff_reg_reg[110][7]/C,lane_product_reg_reg[110][15]/D
2721,-0.226,2.207,7,operand_coeff_reg_reg[114][1]/C,lane_product_reg_reg[114][0]/D
2722,-0.226,2.208,7,operand_x_reg_reg[51][13]/C,lane_product_reg_reg[51][13]/D
2723,-0.226,2.207,7,operand_x_reg_reg[54][8]/C,lane_product_reg_reg[54][9]/D
2724,-0.226,2.209,7,operand_x_reg_reg[39][1]/C,lane_product_reg_reg[71][1]/D
2725,-0.226,2.206,7,operand_x_reg_reg[0][3]/C,lane_product_reg_reg[0][21]/D
2726,-0.226,2.206,7,operand_coeff_reg_reg[82][2]/C,lane_product_reg_reg[82][2]/D
2727,-0.226,2.207,7,operand_coeff_reg_reg[52][1]/C,lane_product_reg_reg[52][0]/D
2728,-0.226,2.207,7,operand_coeff_reg_reg[65][7]/C,lane_product_reg_reg[65][22]/D
2729,-0.226,2.206,7,operand_coeff_reg_reg[4][0]/C,lane_product_reg_reg[115][14]/D
2730,-0.225,2.206,7,operand_coeff_reg_reg[104][1]/C,lane_product_reg_reg[104][3]/D
2731,-0.225,2.207,7,operand_x_reg_reg[37][11]/C,lane_product_reg_reg[37][12]/D
2732,-0.225,2.206,7,operand_x_reg_reg[54][8]/C,lane_product_reg_reg[54][15]/D
2733,-0.225,2.205,7,operand_coeff_reg_reg[96][3]/C,lane_product_reg_reg[96][20]/D
2734,-0.225,2.206,7,operand_x_reg_reg[15][7]/C,lane_product_reg_reg[15][13]/D
2735,-0.225,2.208,7,operand_coeff_reg_reg[64][6]/C,lane_product_reg_reg[81][6]/D
2736,-0.225,2.204,7,operand_coeff_reg_reg[36][7]/C,lane_product_reg_reg[36][9]/D
2737,-0.224,2.204,7,operand_coeff_reg_reg[111][0]/C,lane_product_reg_reg[111][0]/D
2738,-0.224,2.205,7,operand_coeff_reg_reg[55][7]/C,lane_product_reg_reg[55][6]/D
2739,-0.224,2.204,7,operand_coeff_reg_reg[58][5]/C,lane_product_reg_reg[22][22]/D
2740,-0.224,2.204,7,operand_coeff_reg_reg[91][1]/C,lane_product_reg_reg[91][10]/D
2741,-0.224,2.205,7,operand_coeff_reg_reg[9][2]/C,lane_product_reg_reg[9][3]/D
2742,-0.224,2.205,7,operand_coeff_reg_reg[35][0]/C,lane_product_reg_reg[35][36]/D
2743,-0.224,2.204,7,operand_coeff_reg_reg[61][6]/C,lane_product_reg_reg[84][16]/D
2744,-0.223,2.203,7,operand_coeff_reg_reg[58][5]/C,lane_product_reg_reg[22][16]/D
2745,-0.223,2.203,7,operand_x_reg_reg[52][3]/C,lane_product_reg_reg[52][10]/D
2746,-0.223,2.206,7,operand_x_reg_reg[29][3]/C,lane_product_reg_reg[61][3]/D
2747,-0.223,2.205,7,operand_x_reg_reg[95][1]/C,lane_product_reg_reg[95][12]/D
2748,-0.223,2.204,7,operand_x_reg_reg[11][7]/C,lane_product_reg_reg[11][12]/D
2749,-0.223,2.204,7,operand_x_reg_reg[15][7]/C,lane_product_reg_reg[15][37]/D
2750,-0.223,2.205,1,r4a_issue_cycle_reg[0][2]_rep__2/C,sched_coeff_reg_reg[93][6]/D
2751,-0.222,2.205,7,operand_coeff_reg_reg[30][5]/C,lane_product_reg_reg[30][5]/D
2752,-0.222,2.203,7,operand_x_reg_reg[92][1]/C,lane_product_reg_reg[124][1]/D
2753,-0.222,2.202,7,operand_coeff_reg_reg[58][5]/C,lane_product_reg_reg[22][19]/D
2754,-0.222,2.203,7,operand_coeff_reg_reg[110][4]/C,lane_product_reg_reg[98][8]/D
2755,-0.222,2.205,7,operand_x_reg_reg[94][2]/C,lane_product_reg_reg[126][2]/D
2756,-0.222,2.204,7,operand_x_reg_reg[39][1]/C,lane_product_reg_reg[39][1]/D
2757,-0.222,2.205,7,operand_coeff_reg_reg[48][0]/C,lane_product_reg_reg[48][6]/D
2758,-0.222,2.204,7,operand_x_reg_reg[42][0]/C,lane_product_reg_reg[42][1]/D
2759,-0.222,2.203,7,operand_coeff_reg_reg[112][1]/C,lane_product_reg_reg[112][3]/D
2760,-0.222,2.202,7,operand_x_reg_reg[15][7]/C,lane_product_reg_reg[15][18]/D
2761,-0.222,2.203,7,operand_coeff_reg_reg[59][3]/C,lane_product_reg_reg[59][4]/D
2762,-0.222,2.203,7,operand_x_reg_reg[116][7]/C,lane_product_reg_reg[116][8]/D
2763,-0.222,2.203,7,operand_coeff_reg_reg[8][4]/C,lane_product_reg_reg[8][11]/D
2764,-0.222,2.205,7,operand_x_reg_reg[90][0]/C,lane_product_reg_reg[90][11]/D
2765,-0.222,2.202,7,operand_coeff_reg_reg[106][1]/C,lane_product_reg_reg[106][2]/D
2766,-0.222,2.203,7,operand_x_reg_reg[90][12]/C,lane_product_reg_reg[122][16]/D
2767,-0.221,2.201,7,operand_x_reg_reg[37][6]/C,lane_product_reg_reg[37][7]/D
2768,-0.221,2.204,7,operand_x_reg_reg[37][0]/C,lane_product_reg_reg[69][3]/D
2769,-0.221,2.204,7,operand_x_reg_reg[88][0]/C,lane_product_reg_reg[88][0]/D
2770,-0.221,2.201,7,operand_coeff_reg_reg[12][7]/C,lane_product_reg_reg[12][20]/D
2771,-0.221,2.201,7,operand_coeff_reg_reg[28][3]/C,lane_product_reg_reg[28][3]/D
2772,-0.221,2.202,7,operand_coeff_reg_reg[27][6]/C,lane_product_reg_reg[27][16]/D
2773,-0.221,2.202,7,operand_x_reg_reg[90][12]/C,lane_product_reg_reg[122][19]/D
2774,-0.220,2.201,7,operand_coeff_reg_reg[106][7]/C,lane_product_reg_reg[106][9]/D
2775,-0.220,2.202,7,operand_x_reg_reg[92][5]/C,lane_product_reg_reg[92][7]/D
2776,-0.220,2.200,7,operand_coeff_reg_reg[25][5]_replica/C,lane_product_reg_reg[101][0]/D
2777,-0.220,2.201,7,operand_coeff_reg_reg[43][3]/C,lane_product_reg_reg[43][8]/D
2778,-0.220,2.200,7,operand_coeff_reg_reg[82][2]/C,lane_product_reg_reg[82][10]/D
2779,-0.220,2.201,7,operand_x_reg_reg[11][7]/C,lane_product_reg_reg[11][7]/D
2780,-0.220,2.115,1,capture_pending_reg/C,final10_mem_reg[3][12][7]/CE
2781,-0.219,2.201,1,r4a_issue_cycle_reg[0][1]/C,sched_src_sel_reg_reg[0][0]_rep__4/D
2782,-0.219,2.199,7,operand_coeff_reg_reg[9][2]/C,lane_product_reg_reg[9][12]/D
2783,-0.219,2.200,7,operand_x_reg_reg[37][3]/C,lane_product_reg_reg[37][3]/D
2784,-0.219,2.200,7,operand_x_reg_reg[55][7]/C,lane_product_reg_reg[55][7]/D
2785,-0.219,2.201,7,operand_coeff_reg_reg[58][0]/C,lane_product_reg_reg[58][0]/D
2786,-0.219,2.199,7,operand_x_reg_reg[30][9]/C,lane_product_reg_reg[62][14]/D
2787,-0.219,2.199,7,operand_x_reg_reg[0][0]/C,lane_product_reg_reg[0][0]/D
2788,-0.219,2.200,7,operand_coeff_reg_reg[65][7]/C,lane_product_reg_reg[65][17]/D
2789,-0.219,2.200,7,operand_x_reg_reg[40][15]/C,lane_product_reg_reg[40][18]/D
2790,-0.218,2.198,7,operand_coeff_reg_reg[2][2]/C,lane_product_reg_reg[2][15]/D
2791,-0.218,2.200,7,operand_x_reg_reg[37][0]/C,lane_product_reg_reg[69][4]/D
2792,-0.218,2.199,7,operand_coeff_reg_reg[9][2]/C,lane_product_reg_reg[9][22]/D
2793,-0.218,2.198,7,operand_coeff_reg_reg[120][0]/C,lane_product_reg_reg[120][0]/D
2794,-0.218,2.198,7,operand_coeff_reg_reg[122][4]/C,lane_product_reg_reg[122][10]/D
2795,-0.218,2.199,7,operand_coeff_reg_reg[111][2]/C,lane_product_reg_reg[111][2]/D
2796,-0.218,2.199,7,operand_x_reg_reg[5][2]/C,lane_product_reg_reg[5][3]/D
2797,-0.218,2.199,7,operand_coeff_reg_reg[96][3]/C,lane_product_reg_reg[96][22]/D
2798,-0.218,2.201,7,operand_coeff_reg_reg[64][6]/C,lane_product_reg_reg[81][12]/D
2799,-0.218,2.199,7,operand_coeff_reg_reg[79][7]/C,lane_product_reg_reg[48][22]/D
2800,-0.217,2.199,7,operand_coeff_reg_reg[14][3]/C,lane_product_reg_reg[14][6]/D
2801,-0.217,2.197,7,operand_coeff_reg_reg[41][2]/C,lane_product_reg_reg[24][9]/D
2802,-0.217,2.197,7,operand_coeff_reg_reg[21][0]/C,lane_product_reg_reg[38][1]/D
2803,-0.217,2.197,7,operand_x_reg_reg[30][9]/C,lane_product_reg_reg[62][18]/D
2804,-0.217,2.198,7,operand_x_reg_reg[46][0]/C,lane_product_reg_reg[46][0]/D
2805,-0.217,2.198,7,operand_x_reg_reg[0][3]/C,lane_product_reg_reg[0][11]/D
2806,-0.217,2.198,7,operand_x_reg_reg[19][2]/C,lane_product_reg_reg[19][2]/D
2807,-0.217,2.198,7,operand_coeff_reg_reg[84][1]/C,lane_product_reg_reg[84][0]/D
2808,-0.217,2.197,7,operand_coeff_reg_reg[1][1]/C,lane_product_reg_reg[1][11]/D
2809,-0.216,2.199,7,operand_x_reg_reg[44][3]/C,lane_product_reg_reg[44][3]/D
2810,-0.216,2.197,7,operand_x_reg_reg[30][2]/C,lane_product_reg_reg[30][2]/D
2811,-0.216,2.199,7,operand_coeff_reg_reg[66][5]/C,lane_product_reg_reg[32][0]/D
2812,-0.216,2.197,7,operand_x_reg_reg[13][2]/C,lane_product_reg_reg[13][16]/D
2813,-0.216,2.196,7,operand_coeff_reg_reg[8][1]/C,lane_product_reg_reg[8][1]/D
2814,-0.216,2.197,7,operand_coeff_reg_reg[8][1]/C,lane_product_reg_reg[8][3]/D
2815,-0.215,2.196,7,operand_x_reg_reg[40][15]/C,lane_product_reg_reg[40][16]/D
2816,-0.215,2.198,7,operand_coeff_reg_reg[30][5]/C,lane_product_reg_reg[30][4]/D
2817,-0.215,2.198,7,operand_coeff_reg_reg[74][2]/C,lane_product_reg_reg[74][4]/D
2818,-0.215,2.195,7,operand_x_reg_reg[51][6]/C,lane_product_reg_reg[51][11]/D
2819,-0.215,2.195,7,operand_coeff_reg_reg[97][2]/C,lane_product_reg_reg[97][22]/D
2820,-0.215,2.196,7,operand_coeff_reg_reg[27][6]/C,lane_product_reg_reg[27][10]/D
2821,-0.215,2.196,7,operand_coeff_reg_reg[43][3]/C,lane_product_reg_reg[43][20]/D
2822,-0.214,2.195,7,operand_x_reg_reg[54][8]/C,lane_product_reg_reg[54][13]/D
2823,-0.214,2.195,7,operand_coeff_reg_reg[2][2]/C,lane_product_reg_reg[2][10]/D
2824,-0.214,2.195,7,operand_x_reg_reg[34][0]/C,lane_product_reg_reg[34][1]/D
2825,-0.214,2.194,7,operand_x_reg_reg[37][6]/C,lane_product_reg_reg[37][10]/D
2826,-0.214,2.194,7,operand_coeff_reg_reg[26][3]/C,lane_product_reg_reg[26][22]/D
2827,-0.214,2.195,7,operand_coeff_reg_reg[2][0]/C,lane_product_reg_reg[2][0]/D
2828,-0.214,2.195,7,operand_coeff_reg_reg[97][2]/C,lane_product_reg_reg[97][2]/D
2829,-0.214,2.194,7,operand_coeff_reg_reg[36][7]/C,lane_product_reg_reg[36][6]/D
2830,-0.213,2.193,7,operand_x_reg_reg[52][3]/C,lane_product_reg_reg[52][21]/D
2831,-0.213,2.194,7,operand_coeff_reg_reg[25][1]/C,lane_product_reg_reg[25][12]/D
2832,-0.212,2.192,7,operand_x_reg_reg[52][3]/C,lane_product_reg_reg[52][22]/D
2833,-0.212,2.193,7,operand_x_reg_reg[27][3]/C,lane_product_reg_reg[27][4]/D
2834,-0.211,2.191,7,operand_coeff_reg_reg[41][2]/C,lane_product_reg_reg[24][3]/D
2835,-0.211,2.191,7,operand_x_reg_reg[43][0]/C,lane_product_reg_reg[43][0]/D
2836,-0.211,2.191,7,operand_x_reg_reg[13][2]/C,lane_product_reg_reg[13][2]/D
2837,-0.211,2.192,7,operand_coeff_reg_reg[43][3]/C,lane_product_reg_reg[43][16]/D
2838,-0.211,2.191,7,operand_coeff_reg_reg[36][7]/C,lane_product_reg_reg[36][13]/D
2839,-0.210,2.190,7,operand_x_reg_reg[52][3]/C,lane_product_reg_reg[52][14]/D
2840,-0.210,2.193,7,operand_x_reg_reg[44][3]/C,lane_product_reg_reg[44][4]/D
2841,-0.210,2.190,7,operand_coeff_reg_reg[25][5]_replica/C,lane_product_reg_reg[101][1]/D
2842,-0.210,2.191,7,operand_coeff_reg_reg[25][1]/C,lane_product_reg_reg[25][2]/D
2843,-0.210,2.191,7,operand_coeff_reg_reg[92][1]/C,lane_product_reg_reg[92][0]/D
2844,-0.210,2.190,7,operand_x_reg_reg[36][0]/C,lane_product_reg_reg[68][0]/D
2845,-0.209,2.192,7,operand_coeff_reg_reg[14][3]/C,lane_product_reg_reg[14][8]/D
2846,-0.209,2.190,7,operand_coeff_reg_reg[2][2]/C,lane_product_reg_reg[2][11]/D
2847,-0.209,2.189,7,operand_x_reg_reg[13][2]/C,lane_product_reg_reg[13][18]/D
2848,-0.209,2.191,7,operand_coeff_reg_reg[20][1]/C,lane_product_reg_reg[20][3]/D
2849,-0.209,2.190,7,operand_coeff_reg_reg[74][6]/C,lane_product_reg_reg[74][8]/D
2850,-0.209,2.191,7,operand_x_reg_reg[40][2]/C,lane_product_reg_reg[40][6]/D
2851,-0.208,2.188,7,operand_coeff_reg_reg[1][1]/C,lane_product_reg_reg[1][1]/D
2852,-0.208,2.188,7,operand_coeff_reg_reg[36][7]/C,lane_product_reg_reg[36][12]/D
2853,-0.207,2.189,7,operand_coeff_reg_reg[14][3]/C,lane_product_reg_reg[14][5]/D
2854,-0.207,2.187,7,operand_x_reg_reg[49][2]/C,lane_product_reg_reg[81][3]/D
2855,-0.207,2.188,7,operand_coeff_reg_reg[104][1]/C,lane_product_reg_reg[99][0]/D
2856,-0.207,2.188,7,operand_x_reg_reg[19][2]/C,lane_product_reg_reg[19][3]/D
2857,-0.207,2.187,7,operand_x_reg_reg[30][6]/C,lane_product_reg_reg[30][8]/D
2858,-0.207,2.188,7,operand_x_reg_reg[31][1]/C,lane_product_reg_reg[63][1]/D
2859,-0.206,2.188,7,operand_coeff_reg_reg[75][0]/C,lane_product_reg_reg[42][5]/D
2860,-0.206,2.189,7,operand_coeff_reg_reg[123][3]/C,lane_product_reg_reg[123][10]/D
2861,-0.206,2.188,7,operand_coeff_reg_reg[14][3]/C,lane_product_reg_reg[14][9]/D
2862,-0.206,2.186,7,operand_coeff_reg_reg[2][2]/C,lane_product_reg_reg[2][7]/D
2863,-0.206,2.186,7,operand_coeff_reg_reg[75][3]/C,lane_product_reg_reg[108][3]/D
2864,-0.206,2.187,7,operand_x_reg_reg[51][1]/C,lane_product_reg_reg[51][1]/D
2865,-0.206,2.189,7,operand_x_reg_reg[49][13]/C,lane_product_reg_reg[81][16]/D
2866,-0.206,2.186,7,operand_coeff_reg_reg[107][0]/C,lane_product_reg_reg[107][1]/D
2867,-0.206,2.189,7,operand_x_reg_reg[11][5]/C,lane_product_reg_reg[11][5]/D
2868,-0.206,2.188,7,operand_x_reg_reg[40][2]/C,lane_product_reg_reg[40][13]/D
2869,-0.206,2.188,7,operand_x_reg_reg[40][2]/C,lane_product_reg_reg[40][5]/D
2870,-0.206,2.186,7,operand_coeff_reg_reg[65][7]/C,lane_product_reg_reg[65][14]/D
2871,-0.206,2.187,7,operand_coeff_reg_reg[65][7]/C,lane_product_reg_reg[65][18]/D
2872,-0.205,2.185,7,operand_coeff_reg_reg[0][0]/C,lane_product_reg_reg[115][0]/D
2873,-0.205,2.185,7,operand_x_reg_reg[52][3]/C,lane_product_reg_reg[52][3]/D
2874,-0.205,2.185,7,operand_coeff_reg_reg[92][1]/C,lane_product_reg_reg[92][1]/D
2875,-0.204,2.185,7,operand_coeff_reg_reg[77][7]/C,lane_product_reg_reg[77][10]/D
2876,-0.204,2.184,7,operand_coeff_reg_reg[29][3]/C,lane_product_reg_reg[29][2]/D
2877,-0.204,2.184,7,operand_x_reg_reg[52][3]/C,lane_product_reg_reg[52][16]/D
2878,-0.204,2.186,7,operand_x_reg_reg[92][5]/C,lane_product_reg_reg[92][6]/D
2879,-0.204,2.185,7,operand_coeff_reg_reg[113][1]/C,lane_product_reg_reg[113][0]/D
2880,-0.204,2.184,7,operand_coeff_reg_reg[43][3]/C,lane_product_reg_reg[43][17]/D
2881,-0.204,2.185,7,operand_coeff_reg_reg[27][6]/C,lane_product_reg_reg[27][11]/D
2882,-0.204,2.185,7,operand_coeff_reg_reg[74][6]/C,lane_product_reg_reg[74][6]/D
2883,-0.204,2.184,7,operand_coeff_reg_reg[76][0]/C,lane_product_reg_reg[76][3]/D
2884,-0.204,2.186,7,operand_x_reg_reg[90][0]/C,lane_product_reg_reg[90][8]/D
2885,-0.204,2.186,7,operand_x_reg_reg[40][2]/C,lane_product_reg_reg[40][4]/D
2886,-0.204,2.185,7,operand_x_reg_reg[2][15]/C,lane_product_reg_reg[2][37]/D
2887,-0.203,2.185,1,r4a_issue_cycle_reg[0][1]/C,sched_coeff_reg_reg[117][5]/D
2888,-0.203,2.184,7,operand_coeff_reg_reg[2][2]/C,lane_product_reg_reg[2][19]/D
2889,-0.203,2.183,7,operand_coeff_reg_reg[2][2]/C,lane_product_reg_reg[2][9]/D
2890,-0.203,2.183,7,operand_x_reg_reg[110][2]/C,lane_product_reg_reg[110][10]/D
2891,-0.203,2.183,7,operand_coeff_reg_reg[76][0]/C,lane_product_reg_reg[76][0]/D
2892,-0.203,2.183,7,operand_coeff_reg_reg[49][0]/C,lane_product_reg_reg[49][0]/D
2893,-0.203,2.183,7,operand_x_reg_reg[31][1]/C,lane_product_reg_reg[63][2]/D
2894,-0.202,2.182,7,operand_x_reg_reg[37][6]/C,lane_product_reg_reg[37][11]/D
2895,-0.202,2.185,7,operand_x_reg_reg[49][13]/C,lane_product_reg_reg[81][18]/D
2896,-0.202,2.183,7,operand_coeff_reg_reg[12][7]/C,lane_product_reg_reg[12][14]/D
2897,-0.202,2.183,7,operand_x_reg_reg[0][3]/C,lane_product_reg_reg[0][8]/D
2898,-0.202,2.183,7,operand_coeff_reg_reg[102][1]/C,lane_product_reg_reg[102][0]/D
2899,-0.202,2.182,7,operand_x_reg_reg[111][1]/C,lane_product_reg_reg[111][1]/D
2900,-0.202,2.182,7,operand_coeff_reg_reg[122][4]/C,lane_product_reg_reg[122][11]/D
2901,-0.202,2.183,7,operand_coeff_reg_reg[43][3]/C,lane_product_reg_reg[43][19]/D
2902,-0.201,2.182,7,operand_coeff_reg_reg[2][2]/C,lane_product_reg_reg[2][8]/D
2903,-0.201,2.181,7,operand_x_reg_reg[52][3]/C,lane_product_reg_reg[52][19]/D
2904,-0.201,2.183,7,operand_x_reg_reg[92][5]/C,lane_product_reg_reg[92][15]/D
2905,-0.201,2.181,7,operand_coeff_reg_reg[15][1]/C,lane_product_reg_reg[15][0]/D
2906,-0.201,2.182,7,operand_coeff_reg_reg[43][3]/C,lane_product_reg_reg[43][2]/D
2907,-0.200,2.180,7,operand_x_reg_reg[46][0]/C,lane_product_reg_reg[78][0]/D
2908,-0.200,2.181,7,operand_coeff_reg_reg[27][6]/C,lane_product_reg_reg[27][12]/D
2909,-0.200,2.180,7,operand_coeff_reg_reg[9][1]/C,lane_product_reg_reg[9][0]/D
2910,-0.200,2.179,7,operand_x_reg_reg[47][2]/C,lane_product_reg_reg[47][7]/D
2911,-0.200,2.179,7,operand_x_reg_reg[47][2]/C,lane_product_reg_reg[47][4]/D
2912,-0.199,2.181,7,operand_x_reg_reg[92][5]/C,lane_product_reg_reg[92][16]/D
2913,-0.199,2.182,7,operand_x_reg_reg[88][1]/C,lane_product_reg_reg[120][5]/D
2914,-0.199,2.178,7,operand_x_reg_reg[47][2]/C,lane_product_reg_reg[47][6]/D
2915,-0.198,2.181,7,operand_coeff_reg_reg[50][0]/C,lane_product_reg_reg[50][1]/D
2916,-0.198,2.178,7,operand_coeff_reg_reg[111][2]/C,lane_product_reg_reg[111][12]/D
2917,-0.198,2.178,7,operand_coeff_reg_reg[116][1]/C,lane_product_reg_reg[116][4]/D
2918,-0.198,2.177,7,operand_x_reg_reg[47][2]/C,lane_product_reg_reg[47][2]/D
2919,-0.198,2.092,1,capture_pending_reg/C,stage16_mem_reg[2][30][12]/CE
2920,-0.197,2.179,7,operand_coeff_reg_reg[74][2]/C,lane_product_reg_reg[54][4]/D
2921,-0.197,2.178,7,operand_coeff_reg_reg[51][2]/C,lane_product_reg_reg[51][3]/D
2922,-0.197,2.178,7,operand_coeff_reg_reg[117][1]/C,lane_product_reg_reg[117][0]/D
2923,-0.197,2.178,7,operand_coeff_reg_reg[27][6]/C,lane_product_reg_reg[27][14]/D
2924,-0.197,2.178,7,operand_coeff_reg_reg[109][1]/C,lane_product_reg_reg[109][0]/D
2925,-0.197,2.179,7,operand_coeff_reg_reg[64][6]/C,lane_product_reg_reg[81][4]/D
2926,-0.196,2.176,7,operand_coeff_reg_reg[70][5]/C,lane_product_reg_reg[37][4]/D
2927,-0.196,2.177,7,operand_x_reg_reg[11][7]/C,lane_product_reg_reg[11][9]/D
2928,-0.195,2.178,7,operand_x_reg_reg[40][1]/C,lane_product_reg_reg[40][1]/D
2929,-0.195,2.175,7,operand_coeff_reg_reg[7][5]/C,lane_product_reg_reg[7][5]/D
2930,-0.195,2.176,7,operand_coeff_reg_reg[79][1]/C,lane_product_reg_reg[79][0]/D
2931,-0.195,2.177,1,r4a_issue_cycle_reg[0][2]_rep__2/C,sched_coeff_reg_reg[61][3]/D
2932,-0.194,2.175,7,operand_x_reg_reg[55][2]/C,lane_product_reg_reg[55][2]/D
2933,-0.194,2.174,7,operand_coeff_reg_reg[61][3]/C,lane_product_reg_reg[61][4]/D
2934,-0.194,2.175,7,operand_x_reg_reg[34][0]/C,lane_product_reg_reg[34][0]/D
2935,-0.194,2.175,7,operand_coeff_reg_reg[25][1]/C,lane_product_reg_reg[25][15]/D
2936,-0.194,2.175,7,operand_coeff_reg_reg[25][1]/C,lane_product_reg_reg[25][14]/D
2937,-0.194,2.175,7,operand_coeff_reg_reg[56][1]/C,lane_product_reg_reg[56][3]/D
2938,-0.194,2.175,7,operand_coeff_reg_reg[57][1]/C,lane_product_reg_reg[57][1]/D
2939,-0.194,2.175,7,operand_coeff_reg_reg[77][7]/C,lane_product_reg_reg[77][20]/D
2940,-0.194,2.176,7,operand_x_reg_reg[91][12]/C,lane_product_reg_reg[123][12]/D
2941,-0.193,2.173,7,operand_coeff_reg_reg[29][0]/C,lane_product_reg_reg[29][0]/D
2942,-0.193,2.173,7,operand_coeff_reg_reg[63][4]/C,lane_product_reg_reg[63][6]/D
2943,-0.193,2.173,7,operand_coeff_reg_reg[92][1]/C,lane_product_reg_reg[92][3]/D
2944,-0.193,2.174,7,operand_coeff_reg_reg[27][0]/C,lane_product_reg_reg[27][2]/D
2945,-0.192,2.173,7,operand_x_reg_reg[33][4]/C,lane_product_reg_reg[65][5]/D
2946,-0.192,2.175,7,operand_x_reg_reg[88][1]/C,lane_product_reg_reg[120][2]/D
2947,-0.192,2.173,7,operand_coeff_reg_reg[12][7]/C,lane_product_reg_reg[12][16]/D
2948,-0.192,2.172,7,operand_coeff_reg_reg[82][2]/C,lane_product_reg_reg[82][4]/D
2949,-0.192,2.173,1,sched_valid_reg_reg[88]_rep__0/C,operand_x_reg_reg[117][6]/D
2950,-0.191,2.171,7,operand_coeff_reg_reg[116][1]/C,lane_product_reg_reg[116][1]/D
2951,-0.191,2.172,7,operand_x_reg_reg[27][3]/C,lane_product_reg_reg[27][3]/D
2952,-0.191,2.171,7,operand_x_reg_reg[36][0]/C,lane_product_reg_reg[36][2]/D
2953,-0.190,2.171,7,operand_coeff_reg_reg[4][3]/C,lane_product_reg_reg[4][3]/D
2954,-0.190,2.087,2,bf_cycle_reg[2]/C,bf_vector_id_reg[0]_rep__11/CE
2955,-0.190,2.087,2,bf_cycle_reg[2]/C,bf_vector_id_reg[0]_rep__12/CE
2956,-0.190,2.087,2,bf_cycle_reg[2]/C,bf_vector_id_reg[0]_rep__13/CE
2957,-0.190,2.087,2,bf_cycle_reg[2]/C,bf_vector_id_reg[0]_rep__18/CE
2958,-0.190,2.170,7,operand_coeff_reg_reg[1][1]/C,lane_product_reg_reg[1][10]/D
2959,-0.189,2.169,7,operand_coeff_reg_reg[12][7]/C,lane_product_reg_reg[12][18]/D
2960,-0.189,2.169,7,operand_coeff_reg_reg[45][1]/C,lane_product_reg_reg[45][0]/D
2961,-0.189,2.170,7,operand_coeff_reg_reg[82][2]/C,lane_product_reg_reg[82][6]/D
2962,-0.189,2.171,7,operand_x_reg_reg[40][2]/C,lane_product_reg_reg[40][8]/D
2963,-0.188,2.168,7,operand_coeff_reg_reg[61][6]/C,lane_product_reg_reg[108][1]/D
2964,-0.188,2.168,7,operand_x_reg_reg[10][4]/C,lane_product_reg_reg[10][5]/D
2965,-0.188,2.171,7,operand_x_reg_reg[10][1]/C,lane_product_reg_reg[10][2]/D
2966,-0.188,2.168,7,operand_x_reg_reg[13][0]/C,lane_product_reg_reg[13][0]/D
2967,-0.188,2.168,7,operand_coeff_reg_reg[1][1]/C,lane_product_reg_reg[1][16]/D
2968,-0.187,2.167,7,operand_x_reg_reg[13][2]/C,lane_product_reg_reg[13][19]/D
2969,-0.186,2.168,7,operand_x_reg_reg[42][0]/C,lane_product_reg_reg[42][0]/D
2970,-0.186,2.169,7,operand_x_reg_reg[55][1]/C,lane_product_reg_reg[55][1]/D
2971,-0.186,2.166,7,operand_x_reg_reg[37][5]/C,lane_product_reg_reg[69][5]/D
2972,-0.186,2.166,7,operand_x_reg_reg[110][2]/C,lane_product_reg_reg[110][6]/D
2973,-0.186,2.167,7,operand_coeff_reg_reg[117][1]/C,lane_product_reg_reg[117][1]/D
2974,-0.186,2.083,2,bf_cycle_reg[2]/C,bf_vector_id_reg[0]_rep__19/CE
2975,-0.186,2.166,7,operand_x_reg_reg[52][2]/C,lane_product_reg_reg[52][2]/D
2976,-0.185,2.167,7,operand_x_reg_reg[94][2]/C,lane_product_reg_reg[126][3]/D
2977,-0.185,2.165,7,operand_coeff_reg_reg[12][7]/C,lane_product_reg_reg[12][37]/D
2978,-0.185,2.166,7,operand_x_reg_reg[12][2]/C,lane_product_reg_reg[12][5]/D
2979,-0.185,2.167,7,operand_coeff_reg_reg[20][1]/C,lane_product_reg_reg[20][1]/D
2980,-0.185,2.165,7,operand_coeff_reg_reg[37][3]/C,lane_product_reg_reg[37][2]/D
2981,-0.185,2.167,7,operand_coeff_reg_reg[64][6]/C,lane_product_reg_reg[81][8]/D
2982,-0.184,2.164,7,operand_coeff_reg_reg[0][0]/C,lane_product_reg_reg[115][3]/D
2983,-0.184,2.167,7,operand_x_reg_reg[29][5]/C,lane_product_reg_reg[61][5]/D
2984,-0.184,2.164,7,operand_coeff_reg_reg[1][1]/C,lane_product_reg_reg[1][21]/D
2985,-0.183,2.163,7,operand_coeff_reg_reg[77][7]/C,lane_product_reg_reg[77][37]/D
2986,-0.182,2.162,7,operand_coeff_reg_reg[19][1]/C,lane_product_reg_reg[19][0]/D
2987,-0.181,2.162,7,operand_coeff_reg_reg[25][7]/C,lane_product_reg_reg[25][17]/D
2988,-0.181,2.164,7,operand_coeff_reg_reg[123][3]/C,lane_product_reg_reg[123][2]/D
2989,-0.181,2.162,7,operand_coeff_reg_reg[112][1]/C,lane_product_reg_reg[112][0]/D
2990,-0.181,2.163,7,operand_coeff_reg_reg[64][6]/C,lane_product_reg_reg[81][11]/D
2991,-0.181,2.162,7,operand_x_reg_reg[31][0]/C,lane_product_reg_reg[31][0]/D
2992,-0.180,2.162,1,r4a_issue_cycle_reg[0][2]_rep__2/C,sched_coeff_reg_reg[29][3]/D
2993,-0.180,2.161,7,operand_x_reg_reg[92][0]/C,lane_product_reg_reg[124][0]/D
2994,-0.180,2.163,7,operand_x_reg_reg[88][0]/C,lane_product_reg_reg[88][1]/D
2995,-0.180,2.161,7,operand_coeff_reg_reg[65][0]/C,lane_product_reg_reg[65][0]/D
2996,-0.180,2.161,7,operand_coeff_reg_reg[119][0]/C,lane_product_reg_reg[119][0]/D
2997,-0.180,2.159,7,operand_coeff_reg_reg[1][1]/C,lane_product_reg_reg[1][0]/D
2998,-0.179,2.159,7,operand_coeff_reg_reg[85][1]/C,lane_product_reg_reg[85][2]/D
2999,-0.179,2.160,7,operand_coeff_reg_reg[25][7]/C,lane_product_reg_reg[25][16]/D
3000,-0.179,2.162,7,operand_coeff_reg_reg[123][3]/C,lane_product_reg_reg[123][3]/D
3001,-0.179,2.160,7,operand_coeff_reg_reg[66][0]/C,lane_product_reg_reg[66][0]/D
3002,-0.178,2.159,7,operand_coeff_reg_reg[25][7]/C,lane_product_reg_reg[25][22]/D
3003,-0.178,2.161,7,operand_coeff_reg_reg[123][3]/C,lane_product_reg_reg[123][4]/D
3004,-0.178,2.159,7,operand_coeff_reg_reg[25][1]/C,lane_product_reg_reg[25][0]/D
3005,-0.178,2.159,7,operand_coeff_reg_reg[27][6]/C,lane_product_reg_reg[27][19]/D
3006,-0.177,2.157,7,operand_coeff_reg_reg[111][2]/C,lane_product_reg_reg[111][14]/D
3007,-0.177,2.158,7,operand_coeff_reg_reg[112][1]/C,lane_product_reg_reg[112][2]/D
3008,-0.177,2.158,7,operand_coeff_reg_reg[5][0]/C,lane_product_reg_reg[5][0]/D
3009,-0.177,2.158,7,operand_x_reg_reg[12][2]/C,lane_product_reg_reg[12][2]/D
3010,-0.177,2.159,7,operand_x_reg_reg[91][12]/C,lane_product_reg_reg[123][13]/D
3011,-0.176,2.158,7,operand_x_reg_reg[42][0]/C,lane_product_reg_reg[74][1]/D
3012,-0.176,2.157,7,operand_coeff_reg_reg[26][0]/C,lane_product_reg_reg[26][1]/D
3013,-0.175,2.156,7,operand_coeff_reg_reg[107][0]/C,lane_product_reg_reg[107][0]/D
3014,-0.175,2.157,4,red_s0_data_reg[11][3]/C,red_s1_data_reg[3][14]/D
3015,-0.174,2.154,7,operand_x_reg_reg[12][5]/C,lane_product_reg_reg[12][6]/D
3016,-0.174,2.155,7,operand_coeff_reg_reg[63][0]/C,lane_product_reg_reg[63][0]/D
3017,-0.173,2.154,7,operand_x_reg_reg[12][1]/C,lane_product_reg_reg[12][1]/D
3018,-0.171,2.152,7,operand_coeff_reg_reg[20][1]/C,lane_product_reg_reg[20][2]/D
3019,-0.171,2.067,2,bf_cycle_reg[2]/C,bf_vector_id_reg[0]_rep__20/CE
3020,-0.169,2.150,7,operand_coeff_reg_reg[26][0]/C,lane_product_reg_reg[26][0]/D
3021,-0.169,2.150,7,operand_coeff_reg_reg[61][0]/C,lane_product_reg_reg[61][2]/D
3022,-0.168,2.148,7,operand_coeff_reg_reg[107][0]/C,lane_product_reg_reg[107][2]/D
3023,-0.167,2.148,7,operand_coeff_reg_reg[112][1]/C,lane_product_reg_reg[112][1]/D
3024,-0.167,2.147,7,operand_x_reg_reg[33][1]/C,lane_product_reg_reg[65][1]/D
3025,-0.166,2.147,7,operand_x_reg_reg[95][0]/C,lane_product_reg_reg[127][0]/D
3026,-0.166,2.062,2,bf_cycle_reg[2]/C,bf_vector_id_reg[0]_rep__21/CE
3027,-0.165,2.146,7,operand_coeff_reg_reg[4][0]/C,lane_product_reg_reg[4][1]/D
3028,-0.165,2.148,7,operand_coeff_reg_reg[8][5]/C,lane_product_reg_reg[7][2]/D
3029,-0.165,2.146,7,operand_coeff_reg_reg[57][1]/C,lane_product_reg_reg[57][0]/D
3030,-0.165,2.060,1,capture_pending_reg/C,final10_mem_reg[3][59][1]/CE
3031,-0.165,2.060,1,capture_pending_reg/C,final10_mem_reg[3][63][2]/CE
3032,-0.164,2.146,1,r4a_issue_cycle_reg[0][2]_rep__2/C,sched_coeff_reg_reg[42][4]/D
3033,-0.164,2.147,7,operand_x_reg_reg[16][7]/C,lane_product_reg_reg[16][7]/D
3034,-0.164,2.143,7,operand_x_reg_reg[33][1]/C,lane_product_reg_reg[65][2]/D
3035,-0.163,2.145,7,operand_coeff_reg_reg[74][2]/C,lane_product_reg_reg[54][3]/D
3036,-0.163,2.057,1,capture_pending_reg/C,final10_mem_reg[3][8][5]/CE
3037,-0.162,2.142,3,red_s0_data_reg[4][0]/C,dot_value_bank_reg[1][6][6]/D
3038,-0.161,2.141,7,operand_x_reg_reg[30][0]/C,lane_product_reg_reg[62][0]/D
3039,-0.161,2.144,7,operand_coeff_reg_reg[48][6]/C,lane_product_reg_reg[82][0]/D
3040,-0.161,2.142,7,operand_coeff_reg_reg[25][1]/C,lane_product_reg_reg[25][8]/D
3041,-0.161,2.143,1,r4a_issue_cycle_reg[0][2]_rep__2/C,sched_coeff_reg_reg[62][0]/D
3042,-0.161,2.055,1,capture_pending_reg/C,final10_mem_reg[3][12][2]/CE
3043,-0.161,2.055,1,capture_pending_reg/C,final10_mem_reg[3][8][2]/CE
3044,-0.160,2.141,7,operand_coeff_reg_reg[97][0]/C,lane_product_reg_reg[97][1]/D
3045,-0.159,2.140,7,operand_coeff_reg_reg[25][1]/C,lane_product_reg_reg[25][13]/D
3046,-0.159,2.140,7,operand_coeff_reg_reg[84][1]/C,lane_product_reg_reg[84][1]/D
3047,-0.159,2.140,7,operand_coeff_reg_reg[16][0]/C,lane_product_reg_reg[16][0]/D
3048,-0.158,2.138,7,operand_coeff_reg_reg[116][1]/C,lane_product_reg_reg[116][2]/D
3049,-0.158,2.139,7,operand_coeff_reg_reg[110][0]/C,lane_product_reg_reg[110][0]/D
3050,-0.158,2.139,7,operand_coeff_reg_reg[16][0]/C,lane_product_reg_reg[16][3]/D
3051,-0.157,2.138,7,operand_coeff_reg_reg[25][1]/C,lane_product_reg_reg[25][3]/D
3052,-0.156,2.136,7,operand_coeff_reg_reg[84][1]/C,lane_product_reg_reg[84][2]/D
3053,-0.156,2.136,7,operand_x_reg_reg[15][2]/C,lane_product_reg_reg[15][2]/D
3054,-0.155,2.137,7,operand_coeff_reg_reg[8][5]/C,lane_product_reg_reg[7][0]/D
3055,-0.155,2.136,7,operand_coeff_reg_reg[17][1]/C,lane_product_reg_reg[17][1]/D
3056,-0.154,2.135,7,operand_coeff_reg_reg[123][1]/C,lane_product_reg_reg[123][1]/D
3057,-0.154,2.134,7,operand_coeff_reg_reg[114][3]/C,lane_product_reg_reg[114][3]/D
3058,-0.154,2.135,7,operand_coeff_reg_reg[14][0]/C,lane_product_reg_reg[14][1]/D
3059,-0.152,2.132,7,operand_x_reg_reg[15][2]/C,lane_product_reg_reg[15][4]/D
3060,-0.152,2.133,5,red_s0_data_reg[4][0]/C,dot_value_bank_reg[1][6][23]/D
3061,-0.152,2.134,7,operand_x_reg_reg[90][0]/C,lane_product_reg_reg[122][0]/D
3062,-0.152,2.133,1,sched_valid_reg_reg[0]_rep__1/C,operand_x_reg_reg[23][11]/D
3063,-0.151,2.133,1,r4a_issue_cycle_reg[0][2]_rep__2/C,sched_coeff_reg_reg[28][5]/D
3064,-0.150,2.133,7,operand_coeff_reg_reg[123][3]/C,lane_product_reg_reg[123][7]/D
3065,-0.150,2.130,7,operand_coeff_reg_reg[110][0]/C,lane_product_reg_reg[110][1]/D
3066,-0.150,2.131,7,operand_coeff_reg_reg[25][1]/C,lane_product_reg_reg[25][4]/D
3067,-0.149,2.131,7,operand_x_reg_reg[54][0]/C,lane_product_reg_reg[54][0]/D
3068,-0.149,2.130,7,operand_coeff_reg_reg[66][0]/C,lane_product_reg_reg[66][1]/D
3069,-0.149,2.044,1,capture_pending_reg/C,final10_mem_reg[3][55][0]/CE
3070,-0.147,2.128,7,operand_x_reg_reg[16][4]/C,lane_product_reg_reg[16][5]/D
3071,-0.146,2.126,7,operand_coeff_reg_reg[105][0]/C,lane_product_reg_reg[105][0]/D
3072,-0.145,2.040,2,bf_cycle_reg[0]/C,signal_reg_reg[2][12]/CE
3073,-0.145,2.040,2,bf_cycle_reg[0]/C,signal_reg_reg[2][13]/CE
3074,-0.145,2.040,2,bf_cycle_reg[0]/C,signal_reg_reg[2][14]/CE
3075,-0.145,2.040,2,bf_cycle_reg[0]/C,signal_reg_reg[2][15]/CE
3076,-0.145,2.040,2,bf_cycle_reg[0]/C,signal_reg_reg[57][12]/CE
3077,-0.145,2.040,2,bf_cycle_reg[0]/C,signal_reg_reg[57][13]/CE
3078,-0.145,2.040,2,bf_cycle_reg[0]/C,signal_reg_reg[57][14]/CE
3079,-0.145,2.040,2,bf_cycle_reg[0]/C,signal_reg_reg[57][15]/CE
3080,-0.145,2.041,2,bf_cycle_reg[2]/C,bf_vector_id_reg[0]_rep__15/CE
3081,-0.145,2.040,1,capture_pending_reg/C,final10_mem_reg[3][55][8]/CE
3082,-0.144,2.124,7,operand_coeff_reg_reg[45][1]/C,lane_product_reg_reg[45][1]/D
3083,-0.144,2.125,1,sched_valid_reg_reg[0]_rep__1/C,operand_x_reg_reg[23][13]/D
3084,-0.143,2.037,1,capture_pending_reg/C,final10_mem_reg[2][26][5]/CE
3085,-0.143,2.037,2,bf_cycle_reg[0]/C,signal_reg_reg[2][10]/CE
3086,-0.143,2.037,2,bf_cycle_reg[0]/C,signal_reg_reg[2][11]/CE
3087,-0.143,2.037,2,bf_cycle_reg[0]/C,signal_reg_reg[2][8]/CE
3088,-0.143,2.037,2,bf_cycle_reg[0]/C,signal_reg_reg[2][9]/CE
3089,-0.142,2.123,7,operand_coeff_reg_reg[11][1]/C,lane_product_reg_reg[11][2]/D
3090,-0.142,2.123,7,operand_coeff_reg_reg[27][0]/C,lane_product_reg_reg[27][0]/D
3091,-0.141,2.121,7,operand_coeff_reg_reg[14][0]/C,lane_product_reg_reg[14][0]/D
3092,-0.141,2.123,7,operand_x_reg_reg[11][3]/C,lane_product_reg_reg[11][3]/D
3093,-0.140,2.121,7,operand_coeff_reg_reg[17][1]/C,lane_product_reg_reg[17][0]/D
3094,-0.139,2.121,1,r4a_issue_cycle_reg[0][2]_rep__2/C,sched_coeff_reg_reg[78][0]/D
3095,-0.139,2.120,7,operand_coeff_reg_reg[27][0]/C,lane_product_reg_reg[27][1]/D
3096,-0.138,2.032,2,bf_cycle_reg[0]/C,signal_reg_reg[57][10]/CE
3097,-0.138,2.032,2,bf_cycle_reg[0]/C,signal_reg_reg[57][11]/CE
3098,-0.138,2.032,2,bf_cycle_reg[0]/C,signal_reg_reg[57][8]/CE
3099,-0.138,2.032,2,bf_cycle_reg[0]/C,signal_reg_reg[57][9]/CE
3100,-0.133,2.113,7,operand_coeff_reg_reg[30][1]/C,lane_product_reg_reg[30][0]/D
3101,-0.133,2.112,7,operand_x_reg_reg[33][1]/C,lane_product_reg_reg[65][3]/D
3102,-0.133,2.027,2,bf_cycle_reg[0]/C,signal_reg_reg[2][0]/CE
3103,-0.133,2.027,2,bf_cycle_reg[0]/C,signal_reg_reg[2][1]/CE
3104,-0.133,2.027,2,bf_cycle_reg[0]/C,signal_reg_reg[2][2]/CE
3105,-0.133,2.027,2,bf_cycle_reg[0]/C,signal_reg_reg[2][3]/CE
3106,-0.132,2.113,7,operand_coeff_reg_reg[114][1]/C,lane_product_reg_reg[114][1]/D
3107,-0.131,2.111,7,operand_coeff_reg_reg[15][1]/C,lane_product_reg_reg[15][1]/D
3108,-0.130,2.111,1,r4a_issue_cycle_reg[0][1]/C,sched_coeff_reg_reg[14][1]/D
3109,-0.130,2.025,1,capture_pending_reg/C,final10_mem_reg[2][33][1]/CE
3110,-0.130,2.025,1,capture_pending_reg/C,final10_mem_reg[2][33][2]/CE
3111,-0.130,2.025,1,capture_pending_reg/C,final10_mem_reg[3][55][2]/CE
3112,-0.130,2.025,1,capture_pending_reg/C,final10_mem_reg[3][59][8]/CE
3113,-0.130,2.025,1,capture_pending_reg/C,final10_mem_reg[3][63][8]/CE
3114,-0.128,2.109,7,operand_coeff_reg_reg[84][1]/C,lane_product_reg_reg[84][3]/D
3115,-0.128,2.022,2,bf_cycle_reg[0]/C,signal_reg_reg[57][0]/CE
3116,-0.128,2.022,2,bf_cycle_reg[0]/C,signal_reg_reg[57][1]/CE
3117,-0.128,2.022,2,bf_cycle_reg[0]/C,signal_reg_reg[57][2]/CE
3118,-0.128,2.022,2,bf_cycle_reg[0]/C,signal_reg_reg[57][3]/CE
3119,-0.125,2.105,7,operand_coeff_reg_reg[77][1]/C,lane_product_reg_reg[77][2]/D
3120,-0.125,2.105,7,operand_coeff_reg_reg[77][1]/C,lane_product_reg_reg[77][3]/D
3121,-0.125,2.021,1,capture_pending_reg/C,final10_mem_reg[2][26][2]/CE
3122,-0.125,2.021,1,capture_pending_reg/C,final10_mem_reg[2][30][2]/CE
3123,-0.124,2.105,7,operand_x_reg_reg[16][4]/C,lane_product_reg_reg[16][4]/D
3124,-0.123,2.104,7,operand_coeff_reg_reg[5][0]/C,lane_product_reg_reg[5][1]/D
3125,-0.118,2.099,7,operand_coeff_reg_reg[2][0]/C,lane_product_reg_reg[2][1]/D
3126,-0.118,2.013,1,capture_pending_reg/C,final10_mem_reg[2][18][7]/CE
3127,-0.118,2.013,1,capture_pending_reg/C,stage16_mem_reg[2][18][10]/CE
3128,-0.117,2.097,7,operand_coeff_reg_reg[105][0]/C,lane_product_reg_reg[105][1]/D
3129,-0.117,2.097,7,operand_coeff_reg_reg[96][1]/C,lane_product_reg_reg[96][1]/D
3130,-0.117,2.098,1,r4a_issue_cycle_reg[0][1]/C,sched_coeff_reg_reg[14][5]/D
3131,-0.116,2.096,7,operand_coeff_reg_reg[103][1]/C,lane_product_reg_reg[103][1]/D
3132,-0.114,2.095,7,operand_x_reg_reg[50][1]/C,lane_product_reg_reg[82][1]/D
3133,-0.113,2.095,7,operand_x_reg_reg[90][0]/C,lane_product_reg_reg[122][1]/D
3134,-0.112,2.092,7,operand_coeff_reg_reg[77][1]/C,lane_product_reg_reg[77][0]/D
3135,-0.112,2.093,3,red_s1_data_reg[10][1]/C,dot_value_bank_reg[1][13][7]/D
3136,-0.111,2.092,7,operand_coeff_reg_reg[10][0]/C,lane_product_reg_reg[10][0]/D
3137,-0.111,2.093,7,operand_x_reg_reg[11][3]/C,lane_product_reg_reg[11][4]/D
3138,-0.110,2.005,1,capture_pending_reg/C,final10_mem_reg[2][55][0]/CE
3139,-0.110,2.089,5,red_s0_data_reg[4][0]/C,dot_value_bank_reg[0][6][20]/D
3140,-0.109,2.090,4,red_s0_data_reg[4][0]/C,dot_value_bank_reg[0][6][13]/D
3141,-0.109,2.090,1,sched_src_sel_reg_reg[88][0]_rep__2/C,operand_x_reg_reg[0][5]/D
3142,-0.108,2.090,1,r4a_issue_cycle_reg[0][1]/C,sched_coeff_reg_reg[80][0]/D
3143,-0.106,2.001,1,capture_pending_reg/C,final10_mem_reg[2][55][8]/CE
3144,-0.106,2.087,4,red_s0_data_reg[11][3]/C,dot_value_bank_reg[1][7][14]/D
3145,-0.103,2.083,7,operand_coeff_reg_reg[9][1]/C,lane_product_reg_reg[9][1]/D
3146,-0.103,2.084,1,sched_valid_reg_reg[88]_rep__0/C,operand_x_reg_reg[117][5]/D
3147,-0.102,1.997,1,capture_pending_reg/C,final10_mem_reg[2][2][1]/CE
3148,-0.102,1.997,1,capture_pending_reg/C,stage16_mem_reg[2][14][13]/CE
3149,-0.102,2.082,2,red_cycle_reg[1]/C,red_s1_data_reg[10][5]/D
3150,-0.100,2.080,2,red_cycle_reg[1]/C,red_s1_data_reg[10][7]/D
3151,-0.099,2.080,1,r4a_issue_cycle_reg[0][2]_rep__2/C,sched_coeff_reg_reg[109][0]/D
3152,-0.098,2.080,1,r4a_issue_active_reg[0]_rep/C,sched_coeff_reg_reg[65][3]/D
3153,-0.096,1.991,1,capture_pending_reg/C,final10_mem_reg[3][12][0]/CE
3154,-0.096,1.991,1,capture_pending_reg/C,final10_mem_reg[3][8][0]/CE
3155,-0.095,1.989,1,capture_pending_reg/C,final10_mem_reg[3][12][1]/CE
3156,-0.095,1.989,1,capture_pending_reg/C,final10_mem_reg[3][12][4]/CE
3157,-0.093,1.987,1,capture_pending_reg/C,final10_mem_reg[3][8][4]/CE
3158,-0.092,2.074,1,sched_src_sel_reg_reg[88][0]_rep__2/C,operand_x_reg_reg[22][3]/D
3159,-0.092,1.986,2,bf_cycle_reg[0]/C,signal_reg_reg[2][20]/CE
3160,-0.092,1.986,2,bf_cycle_reg[0]/C,signal_reg_reg[2][21]/CE
3161,-0.092,1.986,2,bf_cycle_reg[0]/C,signal_reg_reg[2][22]/CE
3162,-0.092,1.986,2,bf_cycle_reg[0]/C,signal_reg_reg[2][23]/CE
3163,-0.092,1.986,2,bf_cycle_reg[0]/C,signal_reg_reg[57][20]/CE
3164,-0.092,1.986,2,bf_cycle_reg[0]/C,signal_reg_reg[57][21]/CE
3165,-0.092,1.986,2,bf_cycle_reg[0]/C,signal_reg_reg[57][22]/CE
3166,-0.092,1.986,2,bf_cycle_reg[0]/C,signal_reg_reg[57][23]/CE
3167,-0.091,2.073,1,r4a_issue_cycle_reg[0][1]/C,sched_coeff_reg_reg[80][5]/D
3168,-0.091,2.072,7,operand_coeff_reg_reg[11][1]/C,lane_product_reg_reg[11][0]/D
3169,-0.090,1.984,1,capture_pending_reg/C,final10_mem_reg[2][33][7]/CE
3170,-0.090,1.984,1,capture_pending_reg/C,final10_mem_reg[2][33][8]/CE
3171,-0.089,1.984,2,bf_cycle_reg[0]/C,signal_reg_reg[2][16]/CE
3172,-0.089,1.984,2,bf_cycle_reg[0]/C,signal_reg_reg[2][17]/CE
3173,-0.089,1.984,2,bf_cycle_reg[0]/C,signal_reg_reg[2][18]/CE
3174,-0.089,1.984,2,bf_cycle_reg[0]/C,signal_reg_reg[2][19]/CE
3175,-0.088,2.068,7,operand_coeff_reg_reg[95][0]/C,lane_product_reg_reg[95][0]/D
3176,-0.088,2.069,7,operand_coeff_reg_reg[11][1]/C,lane_product_reg_reg[11][1]/D
3177,-0.088,1.982,1,capture_pending_reg/C,stage16_mem_reg[2][33][10]/CE
3178,-0.088,1.982,1,capture_pending_reg/C,stage16_mem_reg[2][33][12]/CE
3179,-0.088,1.982,1,capture_pending_reg/C,stage16_mem_reg[2][33][14]/CE
3180,-0.088,1.982,1,capture_pending_reg/C,stage16_mem_reg[2][33][15]/CE
3181,-0.086,2.068,4,red_s0_data_reg[11][3]/C,dot_value_bank_reg[0][7][14]/D
3182,-0.085,1.981,1,capture_pending_reg/C,final10_mem_reg[2][2][4]/CE
3183,-0.085,1.980,2,bf_cycle_reg[0]/C,signal_reg_reg[17][20]/CE
3184,-0.085,1.980,2,bf_cycle_reg[0]/C,signal_reg_reg[17][21]/CE
3185,-0.085,1.980,2,bf_cycle_reg[0]/C,signal_reg_reg[17][22]/CE
3186,-0.085,1.980,2,bf_cycle_reg[0]/C,signal_reg_reg[17][23]/CE
3187,-0.085,1.980,2,bf_cycle_reg[0]/C,signal_reg_reg[48][20]/CE
3188,-0.085,1.980,2,bf_cycle_reg[0]/C,signal_reg_reg[48][21]/CE
3189,-0.085,1.980,2,bf_cycle_reg[0]/C,signal_reg_reg[48][22]/CE
3190,-0.085,1.980,2,bf_cycle_reg[0]/C,signal_reg_reg[48][23]/CE
3191,-0.085,2.067,1,r4a_issue_active_reg[0]_rep/C,sched_coeff_reg_reg[39][1]/D
3192,-0.084,2.065,7,operand_coeff_reg_reg[55][0]/C,lane_product_reg_reg[55][0]/D
3193,-0.084,1.979,2,bf_cycle_reg[0]/C,signal_reg_reg[57][16]/CE
3194,-0.084,1.979,2,bf_cycle_reg[0]/C,signal_reg_reg[57][17]/CE
3195,-0.084,1.979,2,bf_cycle_reg[0]/C,signal_reg_reg[57][18]/CE
3196,-0.084,1.979,2,bf_cycle_reg[0]/C,signal_reg_reg[57][19]/CE
3197,-0.083,2.065,1,r4a_issue_active_reg[0]_rep/C,sched_coeff_reg_reg[39][5]/D
3198,-0.083,1.977,1,capture_pending_reg/C,final10_mem_reg[2][26][3]/CE
3199,-0.083,2.065,4,bf_vector_id_reg[0]_rep__19/C,signal_reg_reg[0][23]/D
3200,-0.082,1.977,2,bf_cycle_reg[0]/C,signal_reg_reg[48][16]/CE
3201,-0.082,1.977,2,bf_cycle_reg[0]/C,signal_reg_reg[48][17]/CE
3202,-0.082,1.977,2,bf_cycle_reg[0]/C,signal_reg_reg[48][18]/CE
3203,-0.082,1.977,2,bf_cycle_reg[0]/C,signal_reg_reg[48][19]/CE
3204,-0.082,1.977,1,capture_pending_reg/C,stage16_mem_reg[2][26][14]/CE
3205,-0.082,2.064,4,bf_vector_id_reg[0]_rep__19/C,signal_reg_reg[0][21]/D
3206,-0.081,1.978,2,bf_cycle_reg[2]/C,bf_vector_id_reg[0]/CE
3207,-0.081,1.978,2,bf_cycle_reg[2]/C,bf_vector_id_reg[0]_rep__0/CE
3208,-0.081,1.978,2,bf_cycle_reg[2]/C,bf_vector_id_reg[0]_rep__1/CE
3209,-0.081,1.978,2,bf_cycle_reg[2]/C,bf_vector_id_reg[0]_rep__9/CE
3210,-0.081,2.063,1,r4a_issue_active_reg[0]_rep/C,sched_coeff_reg_reg[65][5]/D
3211,-0.080,1.975,1,capture_pending_reg/C,final10_mem_reg[2][7][4]/CE
3212,-0.079,1.976,2,bf_cycle_reg[2]/C,bf_vector_id_reg[0]_rep__6/CE
3213,-0.079,2.060,4,red_s0_data_reg[4][0]/C,dot_value_bank_reg[1][6][13]/D
3214,-0.079,1.974,1,capture_pending_reg/C,final10_mem_reg[2][45][8]/CE
3215,-0.079,1.974,1,capture_pending_reg/C,stage16_mem_reg[2][14][10]/CE
3216,-0.078,1.976,2,bf_cycle_reg[2]/C,bf_vector_id_reg[0]_rep__5/CE
3217,-0.077,1.972,2,bf_cycle_reg[0]/C,signal_reg_reg[17][16]/CE
3218,-0.077,1.972,2,bf_cycle_reg[0]/C,signal_reg_reg[17][17]/CE
3219,-0.077,1.972,2,bf_cycle_reg[0]/C,signal_reg_reg[17][18]/CE
3220,-0.077,1.972,2,bf_cycle_reg[0]/C,signal_reg_reg[17][19]/CE
3221,-0.076,2.057,1,r4a_issue_cycle_reg[0][2]_rep__2/C,sched_coeff_reg_reg[92][6]/D
3222,-0.076,2.056,1,r4a_issue_cycle_reg[0][2]_rep__2/C,sched_coeff_reg_reg[28][4]/D
3223,-0.074,2.055,5,red_s0_data_reg[4][0]/C,dot_value_bank_reg[0][6][23]/D
3224,-0.074,2.055,3,red_s1_data_reg[10][1]/C,dot_value_bank_reg[0][13][7]/D
3225,-0.073,2.054,7,operand_x_reg_reg[40][0]/C,lane_product_reg_reg[40][0]/D
3226,-0.072,1.967,1,capture_pending_reg/C,stage16_mem_reg[2][22][13]/CE
3227,-0.072,1.967,1,capture_pending_reg/C,stage16_mem_reg[2][22][14]/CE
3228,-0.072,1.967,1,capture_pending_reg/C,stage16_mem_reg[2][22][15]/CE
3229,-0.070,2.052,4,bf_vector_id_reg[0]_rep__19/C,signal_reg_reg[0][22]/D
3230,-0.069,1.965,1,capture_pending_reg/C,final10_mem_reg[2][18][8]/CE
3231,-0.069,2.050,1,sched_valid_reg_reg[0]_rep__1/C,operand_x_reg_reg[41][6]/D
3232,-0.069,1.963,1,capture_pending_reg/C,final10_mem_reg[2][50][7]/CE
3233,-0.069,1.963,1,capture_pending_reg/C,final10_mem_reg[2][50][8]/CE
3234,-0.069,1.963,1,capture_pending_reg/C,stage16_mem_reg[2][50][11]/CE
3235,-0.069,1.963,1,capture_pending_reg/C,stage16_mem_reg[2][50][14]/CE
3236,-0.069,2.050,1,sched_valid_reg_reg[0]_rep__1/C,operand_x_reg_reg[41][11]/D
3237,-0.069,1.965,2,bf_cycle_reg[2]/C,bf_vector_id_reg[0]_rep__23/CE
3238,-0.066,2.047,1,r4a_issue_cycle_reg[0][1]_rep__3/C,sched_coeff_reg_reg[61][2]/D
3239,-0.065,1.960,1,capture_pending_reg/C,final10_mem_reg[2][55][2]/CE
3240,-0.065,1.960,1,capture_pending_reg/C,final10_mem_reg[2][59][8]/CE
3241,-0.065,1.960,1,capture_pending_reg/C,final10_mem_reg[2][63][8]/CE
3242,-0.064,1.958,1,capture_pending_reg/C,final10_mem_reg[3][12][8]/CE
3243,-0.064,1.958,1,capture_pending_reg/C,final10_mem_reg[3][8][7]/CE
3244,-0.064,1.958,1,capture_pending_reg/C,stage16_mem_reg[3][0][3]/CE
3245,-0.064,1.958,1,capture_pending_reg/C,stage16_mem_reg[3][8][10]/CE
3246,-0.064,2.044,5,red_s0_data_reg[6][0]/C,red_s1_data_reg[3][19]/D
3247,-0.062,2.044,5,red_s0_data_reg[11][3]/C,dot_value_bank_reg[0][7][22]/D
3248,-0.061,2.043,1,sched_src_sel_reg_reg[88][0]_rep__2/C,operand_x_reg_reg[18][5]/D
3249,-0.060,2.040,1,sched_valid_reg_reg[88]_rep__0/C,operand_x_reg_reg[118][10]/D
3250,-0.060,2.040,5,red_s1_data_reg[10][1]/C,dot_value_bank_reg[0][13][22]/D
3251,-0.060,2.040,1,sched_valid_reg_reg[88]_rep__0/C,operand_x_reg_reg[117][14]/D
3252,-0.060,1.954,1,capture_pending_reg/C,stage16_mem_reg[1][30][10]/CE
3253,-0.060,1.954,1,capture_pending_reg/C,stage16_mem_reg[1][30][11]/CE
3254,-0.060,1.954,1,capture_pending_reg/C,stage16_mem_reg[1][30][12]/CE
3255,-0.060,1.954,1,capture_pending_reg/C,stage16_mem_reg[1][30][13]/CE
3256,-0.059,1.954,1,capture_pending_reg/C,final10_mem_reg[2][63][5]/CE
3257,-0.059,1.954,1,capture_pending_reg/C,final10_mem_reg[2][62][2]/CE
3258,-0.059,1.954,1,capture_pending_reg/C,final10_mem_reg[2][62][3]/CE
3259,-0.058,1.954,1,capture_pending_reg/C,stage16_mem_reg[3][0][13]/CE
3260,-0.058,1.954,1,capture_pending_reg/C,stage16_mem_reg[3][4][13]/CE
3261,-0.058,1.952,1,capture_pending_reg/C,stage16_mem_reg[2][22][8]/CE
3262,-0.058,2.040,1,r4a_issue_active_reg[0]_rep/C,sched_coeff_reg_reg[65][0]/D
3263,-0.057,1.952,1,capture_pending_reg/C,final10_mem_reg[3][8][6]/CE
3264,-0.057,2.038,5,red_s0_data_reg[4][0]/C,dot_value_bank_reg[1][6][20]/D
3265,-0.057,2.039,5,red_s0_data_reg[11][3]/C,dot_value_bank_reg[1][7][22]/D
3266,-0.057,1.952,1,capture_pending_reg/C,stage16_mem_reg[2][62][15]/CE
3267,-0.056,1.951,1,capture_pending_reg/C,final10_mem_reg[2][59][6]/CE
3268,-0.056,1.951,1,capture_pending_reg/C,final10_mem_reg[2][59][9]/CE
3269,-0.056,1.952,1,capture_pending_reg/C,final10_mem_reg[2][59][2]/CE
3270,-0.056,2.036,1,sched_valid_reg_reg[88]_rep__0/C,operand_x_reg_reg[117][8]/D
3271,-0.056,2.038,1,r4a_issue_active_reg[0]_rep/C,sched_coeff_reg_reg[65][2]/D
3272,-0.054,2.036,5,red_s1_data_reg[4][1]/C,dot_value_bank_reg[1][8][21]/D
3273,-0.054,1.949,2,bf_cycle_reg[0]/C,signal_reg_reg[48][4]/CE
3274,-0.054,1.949,2,bf_cycle_reg[0]/C,signal_reg_reg[48][5]/CE
3275,-0.054,1.949,2,bf_cycle_reg[0]/C,signal_reg_reg[48][6]/CE
3276,-0.054,1.949,2,bf_cycle_reg[0]/C,signal_reg_reg[48][7]/CE
3277,-0.054,2.036,5,red_s0_data_reg[9][1]/C,dot_value_bank_reg[1][6][21]/D
3278,-0.053,1.948,1,capture_pending_reg/C,final10_mem_reg[2][30][1]/CE
3279,-0.053,1.948,1,capture_pending_reg/C,stage16_mem_reg[2][26][10]/CE
3280,-0.053,1.948,1,capture_pending_reg/C,stage16_mem_reg[2][26][12]/CE
3281,-0.053,1.948,1,capture_pending_reg/C,stage16_mem_reg[2][26][13]/CE
3282,-0.053,2.035,1,sched_src_sel_reg_reg[88][0]_rep__2/C,operand_x_reg_reg[22][5]/D
3283,-0.052,2.034,4,bf_vector_id_reg[0]_rep__19/C,signal_reg_reg[0][20]/D
3284,-0.051,2.032,1,r4a_issue_cycle_reg[0][1]_rep__3/C,sched_coeff_reg_reg[79][5]/D
3285,-0.051,1.946,1,capture_pending_reg/C,final10_mem_reg[3][26][5]/CE
3286,-0.050,2.032,5,red_s0_data_reg[11][3]/C,dot_value_bank_reg[1][7][18]/D
3287,-0.049,1.944,2,bf_cycle_reg[0]/C,signal_reg_reg[17][4]/CE
3288,-0.049,1.944,2,bf_cycle_reg[0]/C,signal_reg_reg[17][5]/CE
3289,-0.049,1.944,2,bf_cycle_reg[0]/C,signal_reg_reg[17][6]/CE
3290,-0.049,1.944,2,bf_cycle_reg[0]/C,signal_reg_reg[17][7]/CE
3291,-0.049,1.943,1,capture_pending_reg/C,stage16_mem_reg[2][6][12]/CE
3292,-0.049,2.031,4,bf_vector_id_reg[0]_rep__19/C,signal_reg_reg[0][19]/D
3293,-0.048,1.942,1,capture_pending_reg/C,stage16_mem_reg[2][45][15]/CE
3294,-0.047,2.028,1,r4a_issue_cycle_reg[0][1]/C,sched_coeff_reg_reg[14][2]/D
3295,-0.047,1.942,1,capture_pending_reg/C,final10_mem_reg[3][8][1]/CE
3296,-0.047,2.028,1,sched_src_sel_reg_reg[88][0]_rep__2/C,operand_x_reg_reg[0][9]/D
3297,-0.046,2.026,1,r4a_issue_cycle_reg[0][2]_rep__2/C,sched_coeff_reg_reg[28][6]/D
3298,-0.046,2.025,1,sched_valid_reg_reg[88]_rep__0/C,operand_x_reg_reg[118][3]/D
3299,-0.046,2.027,1,sched_src_sel_reg_reg[88][0]_rep__2/C,operand_x_reg_reg[22][15]/D
3300,-0.045,2.027,1,sched_src_sel_reg_reg[88][0]_rep__2/C,operand_x_reg_reg[22][1]/D
3301,-0.045,2.027,1,sched_valid_reg_reg[88]_rep__1/C,operand_x_reg_reg[119][3]/D
3302,-0.045,1.939,1,capture_pending_reg/C,final10_mem_reg[2][10][4]/CE
3303,-0.045,1.939,1,capture_pending_reg/C,final10_mem_reg[2][14][0]/CE
3304,-0.045,1.939,1,capture_pending_reg/C,final10_mem_reg[2][14][5]/CE
3305,-0.045,1.939,1,capture_pending_reg/C,stage16_mem_reg[2][45][12]/CE
3306,-0.044,1.939,2,bf_cycle_reg[0]/C,signal_reg_reg[54][10]/CE
3307,-0.044,1.939,2,bf_cycle_reg[0]/C,signal_reg_reg[54][11]/CE
3308,-0.044,1.939,2,bf_cycle_reg[0]/C,signal_reg_reg[54][8]/CE
3309,-0.044,1.939,2,bf_cycle_reg[0]/C,signal_reg_reg[54][9]/CE
3310,-0.044,2.025,1,sched_valid_reg_reg[0]_rep__1/C,operand_x_reg_reg[23][2]/D
3311,-0.043,1.937,1,capture_pending_reg/C,final10_mem_reg[2][18][0]/CE
3312,-0.043,1.937,1,capture_pending_reg/C,final10_mem_reg[3][55][4]/CE
3313,-0.043,1.937,1,capture_pending_reg/C,stage16_mem_reg[3][51][11]/CE
3314,-0.043,1.937,1,capture_pending_reg/C,stage16_mem_reg[3][51][4]/CE
3315,-0.042,1.937,1,capture_pending_reg/C,stage16_mem_reg[2][41][14]/CE
3316,-0.042,1.937,1,capture_pending_reg/C,stage16_mem_reg[2][41][15]/CE
3317,-0.042,2.024,3,bf_vector_id_reg[0]_rep__19/C,signal_reg_reg[0][15]/D
3318,-0.042,2.024,4,bf_vector_id_reg[0]_rep__19/C,signal_reg_reg[0][17]/D
3319,-0.041,2.023,3,bf_vector_id_reg[0]_rep__19/C,signal_reg_reg[0][13]/D
3320,-0.040,1.934,1,capture_pending_reg/C,stage16_mem_reg[2][33][13]/CE
3321,-0.040,1.934,1,capture_pending_reg/C,final10_mem_reg[2][10][3]/CE
3322,-0.040,1.934,1,capture_pending_reg/C,final10_mem_reg[2][10][9]/CE
3323,-0.040,1.934,1,capture_pending_reg/C,final10_mem_reg[2][6][0]/CE
3324,-0.040,1.935,1,capture_pending_reg/C,stage16_mem_reg[3][63][11]/CE
3325,-0.040,1.935,1,capture_pending_reg/C,stage16_mem_reg[2][41][10]/CE
3326,-0.039,2.020,1,sched_valid_reg_reg[0]_rep__1/C,operand_x_reg_reg[23][3]/D
3327,-0.038,1.933,1,capture_pending_reg/C,final10_mem_reg[3][2][2]/CE
3328,-0.038,1.933,1,capture_pending_reg/C,final10_mem_reg[2][33][6]/CE
3329,-0.038,1.933,1,capture_pending_reg/C,stage16_mem_reg[2][45][14]/CE
3330,-0.037,1.931,1,capture_pending_reg/C,stage16_mem_reg[2][22][11]/CE
3331,-0.036,1.931,2,red_cycle_reg[4]/C,red_s0_data_reg[17][20]/CE
3332,-0.036,1.931,2,red_cycle_reg[4]/C,red_s0_data_reg[17][21]/CE
3333,-0.036,1.931,2,red_cycle_reg[4]/C,red_s0_data_reg[17][22]/CE
3334,-0.036,1.931,2,red_cycle_reg[4]/C,red_s0_data_reg[17][23]/CE
3335,-0.036,1.931,2,red_cycle_reg[4]/C,red_s0_data_reg[17][16]/CE
3336,-0.036,1.931,2,red_cycle_reg[4]/C,red_s0_data_reg[17][17]/CE
3337,-0.036,1.931,2,red_cycle_reg[4]/C,red_s0_data_reg[17][18]/CE
3338,-0.036,1.931,2,red_cycle_reg[4]/C,red_s0_data_reg[17][19]/CE
3339,-0.036,1.931,1,capture_pending_reg/C,final10_mem_reg[2][2][8]/CE
3340,-0.036,1.931,1,capture_pending_reg/C,stage16_mem_reg[2][2][12]/CE
3341,-0.035,1.930,1,capture_pending_reg/C,final10_mem_reg[2][27][1]/CE
3342,-0.035,1.930,1,capture_pending_reg/C,final10_mem_reg[2][27][4]/CE
3343,-0.035,2.017,4,red_s0_data_reg[9][1]/C,dot_value_bank_reg[0][6][8]/D
3344,-0.035,2.017,5,red_s1_data_reg[18][1]/C,dot_value_bank_reg[1][15][19]/D
3345,-0.035,2.016,1,sched_valid_reg_reg[0]_rep__1/C,operand_x_reg_reg[23][8]/D
3346,-0.035,2.015,1,sched_valid_reg_reg[88]_rep__0/C,operand_x_reg_reg[117][15]/D
3347,-0.034,2.015,4,red_s0_data_reg[11][3]/C,dot_value_bank_reg[1][7][11]/D
3348,-0.034,2.016,4,bf_vector_id_reg[0]_rep__19/C,signal_reg_reg[0][18]/D
3349,-0.033,1.928,1,capture_pending_reg/C,final10_mem_reg[2][46][8]/CE
3350,-0.033,2.014,1,sched_valid_reg_reg[0]_rep__1/C,operand_x_reg_reg[23][1]/D
3351,-0.032,1.926,1,capture_pending_reg/C,final10_mem_reg[2][45][7]/CE
3352,-0.032,1.926,1,capture_pending_reg/C,stage16_mem_reg[2][41][12]/CE
3353,-0.032,1.926,1,capture_pending_reg/C,stage16_mem_reg[2][45][10]/CE
3354,-0.032,2.013,4,red_s1_data_reg[18][1]/C,dot_value_bank_reg[1][15][12]/D
3355,-0.031,2.013,4,red_s1_data_reg[8][5]/C,dot_value_bank_reg[1][10][10]/D
3356,-0.031,2.013,5,red_s0_data_reg[9][1]/C,dot_value_bank_reg[0][6][22]/D
3357,-0.030,1.925,1,capture_pending_reg/C,stage16_mem_reg[2][18][12]/CE
3358,-0.029,2.009,2,red_cycle_reg[1]/C,dot_value_bank_reg[1][10][3]/D
3359,-0.029,2.011,5,red_s1_data_reg[18][1]/C,dot_value_bank_reg[0][15][19]/D
3360,-0.029,2.009,1,sched_valid_reg_reg[88]_rep__0/C,operand_x_reg_reg[117][3]/D
3361,-0.029,2.011,3,bf_vector_id_reg[0]_rep__19/C,signal_reg_reg[0][14]/D
3362,-0.029,2.009,1,r4a_issue_cycle_reg[0][1]/C,sched_coeff_reg_reg[116][4]/D
3363,-0.026,2.007,5,red_s1_data_reg[10][1]/C,dot_value_bank_reg[1][13][22]/D
3364,-0.025,1.920,2,bf_cycle_reg[0]/C,signal_reg_reg[21][10]/CE
3365,-0.025,1.920,2,bf_cycle_reg[0]/C,signal_reg_reg[21][11]/CE
3366,-0.025,1.920,2,bf_cycle_reg[0]/C,signal_reg_reg[21][8]/CE
3367,-0.025,1.920,2,bf_cycle_reg[0]/C,signal_reg_reg[21][9]/CE
3368,-0.025,2.006,5,red_s0_data_reg[6][0]/C,dot_value_bank_reg[0][5][22]/D
3369,-0.025,2.006,1,r4a_issue_cycle_reg[0][1]/C,sched_coeff_reg_reg[50][3]/D
3370,-0.024,1.921,2,bf_cycle_reg[2]/C,bf_vector_id_reg[0]_rep__3/CE
3371,-0.024,1.921,2,bf_cycle_reg[2]/C,bf_vector_id_reg[0]_rep__7/CE
3372,-0.024,1.921,2,bf_cycle_reg[2]/C,bf_vector_id_reg[0]_rep__8/CE
3373,-0.024,2.004,1,r4a_issue_cycle_reg[0][1]/C,sched_coeff_reg_reg[127][4]/D
3374,-0.023,1.917,1,capture_pending_reg/C,final10_mem_reg[3][12][9]/CE
3375,-0.023,2.004,1,r4a_issue_active_reg[0]_rep/C,sched_coeff_reg_reg[15][4]/D
3376,-0.022,2.003,5,red_s0_data_reg[6][0]/C,dot_value_bank_reg[1][5][19]/D
3377,-0.022,1.919,2,bf_cycle_reg[2]/C,bf_vector_id_reg[0]_rep__2/CE
3378,-0.022,1.919,2,bf_cycle_reg[2]/C,bf_vector_id_reg[0]_rep__4/CE
3379,-0.022,1.918,2,bf_cycle_reg[2]/C,bf_vector_id_reg[0]_rep__14/CE
3380,-0.022,2.001,2,red_cycle_reg[1]/C,red_s1_data_reg[13][0]/D
3381,-0.022,2.004,4,bf_vector_id_reg[0]_rep__19/C,signal_reg_reg[0][16]/D
3382,-0.020,1.917,2,bf_cycle_reg[2]/C,bf_vector_id_reg[0]_rep__16/CE
3383,-0.020,1.917,2,bf_cycle_reg[2]/C,bf_vector_id_reg[0]_rep__17/CE
3384,-0.019,2.001,1,sched_valid_reg_reg[88]_rep__1/C,operand_x_reg_reg[119][5]/D
3385,-0.019,2.000,1,sched_valid_reg_reg[0]_rep__1/C,operand_x_reg_reg[23][0]/D
3386,-0.019,1.999,5,red_s0_data_reg[4][0]/C,dot_value_bank_reg[1][6][19]/D
3387,-0.017,1.912,1,capture_pending_reg/C,final10_mem_reg[2][55][4]/CE
3388,-0.017,1.912,1,capture_pending_reg/C,stage16_mem_reg[2][51][11]/CE
3389,-0.017,1.912,1,capture_pending_reg/C,stage16_mem_reg[2][51][4]/CE
3390,-0.017,1.911,2,bf_cycle_reg[0]/C,signal_reg_reg[54][12]/CE
3391,-0.017,1.911,2,bf_cycle_reg[0]/C,signal_reg_reg[54][13]/CE
3392,-0.017,1.911,2,bf_cycle_reg[0]/C,signal_reg_reg[54][14]/CE
3393,-0.017,1.911,2,bf_cycle_reg[0]/C,signal_reg_reg[54][15]/CE
3394,-0.016,1.911,2,bf_cycle_reg[0]/C,signal_reg_reg[54][4]/CE
3395,-0.016,1.911,2,bf_cycle_reg[0]/C,signal_reg_reg[54][5]/CE
3396,-0.016,1.911,2,bf_cycle_reg[0]/C,signal_reg_reg[54][6]/CE
3397,-0.016,1.911,2,bf_cycle_reg[0]/C,signal_reg_reg[54][7]/CE
3398,-0.016,1.996,3,red_s1_data_reg[10][1]/C,dot_value_bank_reg[0][13][5]/D
3399,-0.015,1.910,1,capture_pending_reg/C,stage16_mem_reg[3][6][12]/CE
3400,-0.015,1.995,1,r4a_issue_cycle_reg[0][2]_rep__2/C,sched_coeff_reg_reg[63][1]/D
3401,-0.015,1.909,1,capture_pending_reg/C,final10_mem_reg[3][12][5]/CE
3402,-0.015,1.909,1,capture_pending_reg/C,final10_mem_reg[2][46][4]/CE
3403,-0.015,1.997,4,red_s1_data_reg[8][5]/C,red_s2_data_reg[2][10]/D
3404,-0.015,1.997,5,red_s0_data_reg[9][1]/C,dot_value_bank_reg[1][6][22]/D
3405,-0.014,1.994,4,red_s0_data_reg[4][0]/C,dot_value_bank_reg[0][4][12]/D
3406,-0.014,1.994,1,r4a_issue_cycle_reg[0][2]_rep__2/C,sched_coeff_reg_reg[63][6]/D
3407,-0.013,1.908,1,capture_pending_reg/C,final10_mem_reg[0][6][2]/CE
3408,-0.013,1.908,1,capture_pending_reg/C,final10_mem_reg[0][6][3]/CE
3409,-0.013,1.908,1,capture_pending_reg/C,final10_mem_reg[0][6][4]/CE
3410,-0.013,1.908,1,capture_pending_reg/C,final10_mem_reg[0][6][5]/CE
3411,-0.013,1.994,1,sched_valid_reg_reg[0]_rep__1/C,operand_x_reg_reg[23][6]/D
3412,-0.012,1.907,2,bf_cycle_reg[0]/C,signal_reg_reg[36][0]/CE
3413,-0.012,1.907,2,bf_cycle_reg[0]/C,signal_reg_reg[36][1]/CE
3414,-0.012,1.907,2,bf_cycle_reg[0]/C,signal_reg_reg[36][2]/CE
3415,-0.012,1.907,2,bf_cycle_reg[0]/C,signal_reg_reg[36][3]/CE
3416,-0.012,1.993,4,red_s0_data_reg[9][1]/C,dot_value_bank_reg[1][6][11]/D
3417,-0.011,1.907,1,capture_pending_reg/C,stage16_mem_reg[1][30][14]/CE
3418,-0.011,1.907,1,capture_pending_reg/C,stage16_mem_reg[1][30][15]/CE
3419,-0.011,1.906,1,capture_pending_reg/C,final10_mem_reg[0][6][0]/CE
3420,-0.011,1.906,1,capture_pending_reg/C,final10_mem_reg[0][6][1]/CE
3421,-0.011,1.905,1,capture_pending_reg/C,stage16_mem_reg[2][12][13]/CE
3422,-0.011,1.905,2,red_cycle_reg[4]/C,red_s0_data_reg[17][12]/CE
3423,-0.011,1.905,2,red_cycle_reg[4]/C,red_s0_data_reg[17][13]/CE
3424,-0.011,1.905,2,red_cycle_reg[4]/C,red_s0_data_reg[17][14]/CE
3425,-0.011,1.905,2,red_cycle_reg[4]/C,red_s0_data_reg[17][15]/CE
3426,-0.011,1.905,1,capture_pending_reg/C,final10_mem_reg[2][62][6]/CE
3427,-0.011,1.905,1,capture_pending_reg/C,final10_mem_reg[2][62][8]/CE
3428,-0.011,1.905,1,capture_pending_reg/C,final10_mem_reg[2][62][9]/CE
3429,-0.011,1.905,1,capture_pending_reg/C,stage16_mem_reg[2][22][1]/CE
3430,-0.011,1.905,1,capture_pending_reg/C,stage16_mem_reg[2][22][3]/CE
3431,-0.011,1.993,3,bf_vector_id_reg[0]_rep__19/C,signal_reg_reg[0][12]/D
3432,-0.010,1.993,5,red_s1_data_reg[16][1]/C,dot_value_bank_reg[1][14][22]/D
3433,-0.010,1.904,2,red_cycle_reg[4]/C,red_s0_data_reg[17][10]/CE
3434,-0.010,1.904,2,red_cycle_reg[4]/C,red_s0_data_reg[17][11]/CE
3435,-0.010,1.904,2,red_cycle_reg[4]/C,red_s0_data_reg[17][8]/CE
3436,-0.010,1.904,2,red_cycle_reg[4]/C,red_s0_data_reg[17][9]/CE
3437,-0.009,1.904,1,capture_pending_reg/C,final10_mem_reg[0][59][6]/CE
3438,-0.009,1.904,1,capture_pending_reg/C,final10_mem_reg[0][59][7]/CE
3439,-0.009,1.904,1,capture_pending_reg/C,final10_mem_reg[0][59][8]/CE
3440,-0.009,1.904,1,capture_pending_reg/C,final10_mem_reg[0][59][9]/CE
3441,-0.009,1.989,1,sched_valid_reg_reg[0]_rep__4/C,operand_x_reg_reg[13][9]/D
3442,-0.009,1.990,1,r4a_issue_active_reg[0]_rep/C,sched_coeff_reg_reg[65][7]/D
3443,-0.008,1.904,2,bf_cycle_reg[2]/C,bf_vector_id_reg[0]_rep__22/CE
3444,-0.008,1.902,1,capture_pending_reg/C,final10_mem_reg[2][33][0]/CE
3445,-0.008,1.902,1,capture_pending_reg/C,final10_mem_reg[2][33][4]/CE
3446,-0.008,1.902,1,capture_pending_reg/C,final10_mem_reg[2][33][5]/CE
3447,-0.008,1.990,3,bf_vector_id_reg[0]_rep__19/C,signal_reg_reg[0][11]/D
3448,-0.007,1.988,2,sched_bank_reg_reg[0]_rep__4/C,operand_x_reg_reg[119][4]/D
3449,-0.007,1.902,2,bf_cycle_reg[0]/C,signal_reg_reg[48][0]/CE
3450,-0.007,1.902,2,bf_cycle_reg[0]/C,signal_reg_reg[48][1]/CE
3451,-0.007,1.902,2,bf_cycle_reg[0]/C,signal_reg_reg[48][2]/CE
3452,-0.007,1.902,2,bf_cycle_reg[0]/C,signal_reg_reg[48][3]/CE
3453,-0.006,1.901,1,capture_pending_reg/C,final10_mem_reg[2][18][1]/CE
3454,-0.006,1.901,1,capture_pending_reg/C,final10_mem_reg[2][18][6]/CE
3455,-0.006,1.901,1,capture_pending_reg/C,final10_mem_reg[2][26][4]/CE
3456,-0.006,1.989,5,red_s1_data_reg[16][1]/C,dot_value_bank_reg[0][14][20]/D
3457,-0.006,1.986,1,r4a_issue_cycle_reg[0][1]/C,sched_coeff_reg_reg[15][3]/D
3458,-0.005,1.986,1,r4a_issue_cycle_reg[0][1]/C,sched_coeff_reg_reg[50][4]/D
3459,-0.005,1.986,1,r4a_issue_cycle_reg[0][1]/C,sched_coeff_reg_reg[50][1]/D
3460,-0.005,1.899,1,capture_pending_reg/C,stage16_mem_reg[0][2][10]/CE
3461,-0.005,1.899,1,capture_pending_reg/C,stage16_mem_reg[0][2][11]/CE
3462,-0.005,1.899,1,capture_pending_reg/C,stage16_mem_reg[0][2][12]/CE
3463,-0.005,1.899,1,capture_pending_reg/C,stage16_mem_reg[0][2][13]/CE
3464,-0.005,1.986,1,sched_src_sel_reg_reg[88][0]_rep__2/C,operand_x_reg_reg[0][1]/D
3465,-0.004,1.899,1,capture_pending_reg/C,final10_mem_reg[2][10][5]/CE
3466,-0.004,1.899,1,capture_pending_reg/C,final10_mem_reg[2][50][4]/CE
3467,-0.004,1.984,1,r4a_issue_cycle_reg[0][1]/C,sched_coeff_reg_reg[92][1]/D
3468,-0.003,1.897,2,red_cycle_reg[4]/C,red_s0_data_reg[33][4]/CE
3469,-0.003,1.897,2,red_cycle_reg[4]/C,red_s0_data_reg[33][5]/CE
3470,-0.003,1.897,2,red_cycle_reg[4]/C,red_s0_data_reg[33][6]/CE
3471,-0.003,1.897,2,red_cycle_reg[4]/C,red_s0_data_reg[33][7]/CE
3472,-0.002,1.897,2,bf_cycle_reg[0]/C,signal_reg_reg[17][0]/CE
3473,-0.002,1.897,2,bf_cycle_reg[0]/C,signal_reg_reg[17][1]/CE
3474,-0.002,1.897,2,bf_cycle_reg[0]/C,signal_reg_reg[17][2]/CE
3475,-0.002,1.897,2,bf_cycle_reg[0]/C,signal_reg_reg[17][3]/CE
3476,-0.002,1.984,1,sched_valid_reg_reg[0]_rep__1/C,operand_x_reg_reg[45][7]/D
3477,-0.002,1.896,2,red_cycle_reg[4]/C,red_s0_data_reg[33][0]/CE
3478,-0.002,1.896,2,red_cycle_reg[4]/C,red_s0_data_reg[33][1]/CE
3479,-0.002,1.896,2,red_cycle_reg[4]/C,red_s0_data_reg[33][2]/CE
3480,-0.002,1.896,2,red_cycle_reg[4]/C,red_s0_data_reg[33][3]/CE
3481,-0.001,1.896,1,capture_pending_reg/C,stage16_mem_reg[0][14][14]/CE
3482,-0.001,1.896,1,capture_pending_reg/C,stage16_mem_reg[0][14][15]/CE
3483,-0.001,1.895,1,capture_pending_reg/C,stage16_mem_reg[3][4][10]/CE
3484,-0.001,1.895,1,capture_pending_reg/C,stage16_mem_reg[3][4][7]/CE
3485,-0.001,1.981,1,r4a_issue_cycle_reg[0][2]_rep__2/C,sched_coeff_reg_reg[78][4]/D
3486,-0.001,1.983,3,bf_vector_id_reg[0]_rep__19/C,signal_reg_reg[0][9]/D
