Copyright 1986-2022 Xilinx, Inc. All Rights Reserved. Copyright 2022-2025 Advanced Micro Devices, Inc. All Rights Reserved.
---------------------------------------------------------------------------------------------------------------------------------------------------------------------------------------------------------------------------------------------
| Tool Version      : Vivado v.2025.2 (win64) Build 6299465 Fri Nov 14 19:35:11 GMT 2025
| Date              : Wed Sep 16 00:03:34 2026
| Host              : Finesse running 64-bit major release  (build 9200)
| Command           : report_timing -delay_type max -max_paths 100 -file C:/Users/Fine/Documents/Codex/2026-07-23/ni/_its_new_remote_audit_20260910/05_audit/current/39/step12f_p8_1_impl_20260915_2335/report_timing_worst100_postroute.rpt
| Design            : unified_its_wrapper
| Device            : xcku5p-ffvb676
| Speed File        : -2  PRODUCTION 1.29 05-01-2022
| Design State      : Routed
| Temperature Grade : E
---------------------------------------------------------------------------------------------------------------------------------------------------------------------------------------------------------------------------------------------

Timing Report

Slack (VIOLATED) :        -1.034ns  (required time - arrival time)
  Source:                 kernel_rd_req_pending_q_reg_replica/C
                            (rising edge-triggered cell FDCE clocked by clk  {rise@0.000ns fall@1.000ns period=2.000ns})
  Destination:            lfnst_mem_resp_data_q_reg[4]/D
                            (rising edge-triggered cell FDCE clocked by clk  {rise@0.000ns fall@1.000ns period=2.000ns})
  Path Group:             clk
  Path Type:              Setup (Max at Slow Process Corner)
  Requirement:            2.000ns  (clk rise@2.000ns - clk rise@0.000ns)
  Data Path Delay:        3.016ns  (logic 0.792ns (26.264%)  route 2.224ns (73.736%))
  Logic Levels:           8  (LUT2=1 LUT5=1 LUT6=3 MUXF7=1 MUXF8=1 RAMD64E=1)
  Clock Path Skew:        -0.008ns (DCD - SCD + CPR)
    Destination Clock Delay (DCD):    0.020ns = ( 2.020 - 2.000 ) 
    Source Clock Delay      (SCD):    0.028ns
    Clock Pessimism Removal (CPR):    0.000ns
  Clock Uncertainty:      0.035ns  ((TSJ^2 + TIJ^2)^1/2 + DJ) / 2 + PE
    Total System Jitter     (TSJ):    0.071ns
    Total Input Jitter      (TIJ):    0.000ns
    Discrete Jitter          (DJ):    0.000ns
    Phase Error              (PE):    0.000ns

    Location             Delay type                Incr(ns)  Path(ns)    Netlist Resource(s)
  -------------------------------------------------------------------    -------------------
                         (clock clk rise edge)        0.000     0.000 r  
                                                      0.000     0.000 r  clk (IN)
                         net (fo=33320, unset)        0.028     0.028    clk
    SLICE_X78Y136        FDCE                                         r  kernel_rd_req_pending_q_reg_replica/C
  -------------------------------------------------------------------    -------------------
    SLICE_X78Y136        FDCE (Prop_BFF2_SLICEL_C_Q)
                                                      0.080     0.108 r  kernel_rd_req_pending_q_reg_replica/Q
                         net (fo=4, routed)           0.163     0.271    kernel_rd_req_pending_q_reg_n_0_repN
    SLICE_X78Y136        LUT6 (Prop_B6LUT_SLICEL_I1_O)
                                                      0.124     0.395 r  gen_input_slots[0].gen_input_banks[3].u_input_cache_bank_i_56_replica/O
                         net (fo=17, routed)          0.497     0.892    gen_input_slots[0].gen_input_banks[3].u_input_cache_bank_i_56_n_0_repN
    SLICE_X76Y178        LUT2 (Prop_C6LUT_SLICEL_I1_O)
                                                      0.035     0.927 r  gen_input_slots[0].gen_input_banks[3].u_input_cache_bank_i_46_replica_15/O
                         net (fo=56, routed)          0.632     1.558    gen_input_slots[0].gen_input_banks[2].u_input_cache_bank/data_mem_reg_256_319_0_6/ADDRE2
    SLICE_X74Y211        RAMD64E (Prop_E6LUT_SLICEM_RADR2_O)
                                                      0.100     1.658 r  gen_input_slots[0].gen_input_banks[2].u_input_cache_bank/data_mem_reg_256_319_0_6/RAME/O
                         net (fo=1, routed)           0.393     2.051    gen_input_slots[0].gen_input_banks[2].u_input_cache_bank/data_mem_reg_256_319_0_6_n_4
    SLICE_X73Y200        LUT6 (Prop_C6LUT_SLICEL_I5_O)
                                                      0.146     2.197 r  gen_input_slots[0].gen_input_banks[2].u_input_cache_bank/rd_data[4]_INST_0_i_4/O
                         net (fo=1, routed)           0.010     2.207    gen_input_slots[0].gen_input_banks[2].u_input_cache_bank/rd_data[4]_INST_0_i_4_n_0
    SLICE_X73Y200        MUXF7 (Prop_F7MUX_CD_SLICEL_I1_O)
                                                      0.057     2.264 r  gen_input_slots[0].gen_input_banks[2].u_input_cache_bank/rd_data[4]_INST_0_i_1/O
                         net (fo=1, routed)           0.000     2.264    gen_input_slots[0].gen_input_banks[2].u_input_cache_bank/rd_data[4]_INST_0_i_1_n_0
    SLICE_X73Y200        MUXF8 (Prop_F8MUX_BOT_SLICEL_I0_O)
                                                      0.026     2.290 r  gen_input_slots[0].gen_input_banks[2].u_input_cache_bank/rd_data[4]_INST_0/O
                         net (fo=2, routed)           0.387     2.678    input_rd_data[0][2][4]
    SLICE_X75Y175        LUT5 (Prop_H6LUT_SLICEM_I2_O)
                                                      0.125     2.803 f  lfnst_mem_resp_data_q[4]_i_4/O
                         net (fo=1, routed)           0.096     2.899    lfnst_mem_resp_data_q[4]_i_4_n_0
    SLICE_X77Y175        LUT6 (Prop_E6LUT_SLICEL_I0_O)
                                                      0.099     2.998 r  lfnst_mem_resp_data_q[4]_i_1_comp/O
                         net (fo=1, routed)           0.046     3.044    lfnst_gather_rd_data[4]
    SLICE_X77Y175        FDCE                                         r  lfnst_mem_resp_data_q_reg[4]/D
  -------------------------------------------------------------------    -------------------

                         (clock clk rise edge)        2.000     2.000 r  
                                                      0.000     2.000 r  clk (IN)
                         net (fo=33320, unset)        0.020     2.020    clk
    SLICE_X77Y175        FDCE                                         r  lfnst_mem_resp_data_q_reg[4]/C
                         clock pessimism              0.000     2.020    
                         clock uncertainty           -0.035     1.985    
    SLICE_X77Y175        FDCE (Setup_EFF_SLICEL_C_D)
                                                      0.025     2.010    lfnst_mem_resp_data_q_reg[4]
  -------------------------------------------------------------------
                         required time                          2.010    
                         arrival time                          -3.044    
  -------------------------------------------------------------------
                         slack                                 -1.034    

Slack (VIOLATED) :        -1.016ns  (required time - arrival time)
  Source:                 kernel_stage_q_reg_replica_11/C
                            (rising edge-triggered cell FDCE clocked by clk  {rise@0.000ns fall@1.000ns period=2.000ns})
  Destination:            lfnst_mem_resp_data_q_reg[3]/D
                            (rising edge-triggered cell FDCE clocked by clk  {rise@0.000ns fall@1.000ns period=2.000ns})
  Path Group:             clk
  Path Type:              Setup (Max at Slow Process Corner)
  Requirement:            2.000ns  (clk rise@2.000ns - clk rise@0.000ns)
  Data Path Delay:        2.997ns  (logic 0.831ns (27.728%)  route 2.166ns (72.272%))
  Logic Levels:           8  (LUT5=2 LUT6=3 MUXF7=1 MUXF8=1 RAMD64E=1)
  Clock Path Skew:        -0.009ns (DCD - SCD + CPR)
    Destination Clock Delay (DCD):    0.020ns = ( 2.020 - 2.000 ) 
    Source Clock Delay      (SCD):    0.029ns
    Clock Pessimism Removal (CPR):    0.000ns
  Clock Uncertainty:      0.035ns  ((TSJ^2 + TIJ^2)^1/2 + DJ) / 2 + PE
    Total System Jitter     (TSJ):    0.071ns
    Total Input Jitter      (TIJ):    0.000ns
    Discrete Jitter          (DJ):    0.000ns
    Phase Error              (PE):    0.000ns

    Location             Delay type                Incr(ns)  Path(ns)    Netlist Resource(s)
  -------------------------------------------------------------------    -------------------
                         (clock clk rise edge)        0.000     0.000 r  
                                                      0.000     0.000 r  clk (IN)
                         net (fo=33320, unset)        0.029     0.029    clk
    SLICE_X78Y139        FDCE                                         r  kernel_stage_q_reg_replica_11/C
  -------------------------------------------------------------------    -------------------
    SLICE_X78Y139        FDCE (Prop_GFF_SLICEL_C_Q)
                                                      0.079     0.108 f  kernel_stage_q_reg_replica_11/Q
                         net (fo=3, routed)           0.108     0.216    kernel_stage_q_reg_n_0_repN_11
    SLICE_X78Y138        LUT6 (Prop_C6LUT_SLICEL_I3_O)
                                                      0.123     0.339 r  gen_input_slots[1].gen_input_banks[3].u_input_cache_bank_i_67/O
                         net (fo=70, routed)          0.393     0.732    gen_input_slots[1].gen_input_banks[3].u_input_cache_bank_i_67_n_0
    SLICE_X76Y154        LUT6 (Prop_F6LUT_SLICEL_I0_O)
                                                      0.089     0.821 r  gen_input_slots[1].gen_input_banks[2].u_input_cache_bank_i_45/O
                         net (fo=220, routed)         0.787     1.608    gen_input_slots[1].gen_input_banks[2].u_input_cache_bank/data_mem_reg_768_831_0_6/ADDRD0
    SLICE_X66Y203        RAMD64E (Prop_D6LUT_SLICEM_RADR0_O)
                                                      0.145     1.753 r  gen_input_slots[1].gen_input_banks[2].u_input_cache_bank/data_mem_reg_768_831_0_6/RAMD/O
                         net (fo=1, routed)           0.276     2.029    gen_input_slots[1].gen_input_banks[2].u_input_cache_bank/data_mem_reg_768_831_0_6_n_3
    SLICE_X72Y201        LUT6 (Prop_A6LUT_SLICEL_I5_O)
                                                      0.149     2.178 r  gen_input_slots[1].gen_input_banks[2].u_input_cache_bank/rd_data[3]_INST_0_i_6/O
                         net (fo=1, routed)           0.009     2.187    gen_input_slots[1].gen_input_banks[2].u_input_cache_bank/rd_data[3]_INST_0_i_6_n_0
    SLICE_X72Y201        MUXF7 (Prop_F7MUX_AB_SLICEL_I1_O)
                                                      0.057     2.244 r  gen_input_slots[1].gen_input_banks[2].u_input_cache_bank/rd_data[3]_INST_0_i_2/O
                         net (fo=1, routed)           0.000     2.244    gen_input_slots[1].gen_input_banks[2].u_input_cache_bank/rd_data[3]_INST_0_i_2_n_0
    SLICE_X72Y201        MUXF8 (Prop_F8MUX_BOT_SLICEL_I1_O)
                                                      0.026     2.270 r  gen_input_slots[1].gen_input_banks[2].u_input_cache_bank/rd_data[3]_INST_0/O
                         net (fo=2, routed)           0.342     2.612    input_rd_data[1][2][3]
    SLICE_X76Y199        LUT5 (Prop_F6LUT_SLICEL_I4_O)
                                                      0.089     2.701 f  lfnst_mem_resp_data_q[3]_i_4/O
                         net (fo=1, routed)           0.232     2.933    lfnst_mem_resp_data_q[3]_i_4_n_0
    SLICE_X77Y183        LUT5 (Prop_F5LUT_SLICEL_I3_O)
                                                      0.074     3.007 r  lfnst_mem_resp_data_q[3]_i_1/O
                         net (fo=1, routed)           0.019     3.026    lfnst_gather_rd_data[3]
    SLICE_X77Y183        FDCE                                         r  lfnst_mem_resp_data_q_reg[3]/D
  -------------------------------------------------------------------    -------------------

                         (clock clk rise edge)        2.000     2.000 r  
                                                      0.000     2.000 r  clk (IN)
                         net (fo=33320, unset)        0.020     2.020    clk
    SLICE_X77Y183        FDCE                                         r  lfnst_mem_resp_data_q_reg[3]/C
                         clock pessimism              0.000     2.020    
                         clock uncertainty           -0.035     1.985    
    SLICE_X77Y183        FDCE (Setup_FFF2_SLICEL_C_D)
                                                      0.025     2.010    lfnst_mem_resp_data_q_reg[3]
  -------------------------------------------------------------------
                         required time                          2.010    
                         arrival time                          -3.026    
  -------------------------------------------------------------------
                         slack                                 -1.016    

Slack (VIOLATED) :        -1.015ns  (required time - arrival time)
  Source:                 kernel_stage_q_reg_replica_11/C
                            (rising edge-triggered cell FDCE clocked by clk  {rise@0.000ns fall@1.000ns period=2.000ns})
  Destination:            lfnst_mem_resp_data_q_reg[14]/D
                            (rising edge-triggered cell FDCE clocked by clk  {rise@0.000ns fall@1.000ns period=2.000ns})
  Path Group:             clk
  Path Type:              Setup (Max at Slow Process Corner)
  Requirement:            2.000ns  (clk rise@2.000ns - clk rise@0.000ns)
  Data Path Delay:        2.995ns  (logic 0.711ns (23.738%)  route 2.284ns (76.262%))
  Logic Levels:           8  (LUT5=1 LUT6=4 MUXF7=1 MUXF8=1 RAMD64E=1)
  Clock Path Skew:        -0.009ns (DCD - SCD + CPR)
    Destination Clock Delay (DCD):    0.020ns = ( 2.020 - 2.000 ) 
    Source Clock Delay      (SCD):    0.029ns
    Clock Pessimism Removal (CPR):    0.000ns
  Clock Uncertainty:      0.035ns  ((TSJ^2 + TIJ^2)^1/2 + DJ) / 2 + PE
    Total System Jitter     (TSJ):    0.071ns
    Total Input Jitter      (TIJ):    0.000ns
    Discrete Jitter          (DJ):    0.000ns
    Phase Error              (PE):    0.000ns

    Location             Delay type                Incr(ns)  Path(ns)    Netlist Resource(s)
  -------------------------------------------------------------------    -------------------
                         (clock clk rise edge)        0.000     0.000 r  
                                                      0.000     0.000 r  clk (IN)
                         net (fo=33320, unset)        0.029     0.029    clk
    SLICE_X78Y139        FDCE                                         r  kernel_stage_q_reg_replica_11/C
  -------------------------------------------------------------------    -------------------
    SLICE_X78Y139        FDCE (Prop_GFF_SLICEL_C_Q)
                                                      0.079     0.108 f  kernel_stage_q_reg_replica_11/Q
                         net (fo=3, routed)           0.108     0.216    kernel_stage_q_reg_n_0_repN_11
    SLICE_X78Y138        LUT6 (Prop_C6LUT_SLICEL_I3_O)
                                                      0.123     0.339 r  gen_input_slots[1].gen_input_banks[3].u_input_cache_bank_i_67/O
                         net (fo=70, routed)          0.393     0.732    gen_input_slots[1].gen_input_banks[3].u_input_cache_bank_i_67_n_0
    SLICE_X76Y154        LUT6 (Prop_F6LUT_SLICEL_I0_O)
                                                      0.089     0.821 r  gen_input_slots[1].gen_input_banks[2].u_input_cache_bank_i_45/O
                         net (fo=220, routed)         0.864     1.685    gen_input_slots[1].gen_input_banks[2].u_input_cache_bank/data_mem_reg_0_63_14_15/ADDRA0
    SLICE_X71Y218        RAMD64E (Prop_E6LUT_SLICEM_RADR0_O)
                                                      0.148     1.833 r  gen_input_slots[1].gen_input_banks[2].u_input_cache_bank/data_mem_reg_0_63_14_15/RAMA/O
                         net (fo=1, routed)           0.345     2.178    gen_input_slots[1].gen_input_banks[2].u_input_cache_bank/data_mem_reg_0_63_14_15_n_0
    SLICE_X70Y199        LUT6 (Prop_D6LUT_SLICEL_I5_O)
                                                      0.089     2.267 r  gen_input_slots[1].gen_input_banks[2].u_input_cache_bank/rd_data[14]_INST_0_i_3/O
                         net (fo=1, routed)           0.009     2.276    gen_input_slots[1].gen_input_banks[2].u_input_cache_bank/rd_data[14]_INST_0_i_3_n_0
    SLICE_X70Y199        MUXF7 (Prop_F7MUX_CD_SLICEL_I0_O)
                                                      0.056     2.332 r  gen_input_slots[1].gen_input_banks[2].u_input_cache_bank/rd_data[14]_INST_0_i_1/O
                         net (fo=1, routed)           0.000     2.332    gen_input_slots[1].gen_input_banks[2].u_input_cache_bank/rd_data[14]_INST_0_i_1_n_0
    SLICE_X70Y199        MUXF8 (Prop_F8MUX_BOT_SLICEL_I0_O)
                                                      0.026     2.358 r  gen_input_slots[1].gen_input_banks[2].u_input_cache_bank/rd_data[14]_INST_0/O
                         net (fo=2, routed)           0.479     2.837    input_rd_data[1][2][14]
    SLICE_X78Y190        LUT5 (Prop_D6LUT_SLICEL_I4_O)
                                                      0.050     2.887 f  lfnst_mem_resp_data_q[14]_i_4/O
                         net (fo=1, routed)           0.037     2.924    lfnst_mem_resp_data_q[14]_i_4_n_0
    SLICE_X78Y190        LUT6 (Prop_B6LUT_SLICEL_I2_O)
                                                      0.051     2.975 r  lfnst_mem_resp_data_q[14]_i_1_comp/O
                         net (fo=1, routed)           0.049     3.024    lfnst_gather_rd_data[14]
    SLICE_X78Y190        FDCE                                         r  lfnst_mem_resp_data_q_reg[14]/D
  -------------------------------------------------------------------    -------------------

                         (clock clk rise edge)        2.000     2.000 r  
                                                      0.000     2.000 r  clk (IN)
                         net (fo=33320, unset)        0.020     2.020    clk
    SLICE_X78Y190        FDCE                                         r  lfnst_mem_resp_data_q_reg[14]/C
                         clock pessimism              0.000     2.020    
                         clock uncertainty           -0.035     1.985    
    SLICE_X78Y190        FDCE (Setup_BFF_SLICEL_C_D)
                                                      0.025     2.010    lfnst_mem_resp_data_q_reg[14]
  -------------------------------------------------------------------
                         required time                          2.010    
                         arrival time                          -3.024    
  -------------------------------------------------------------------
                         slack                                 -1.015    

Slack (VIOLATED) :        -1.013ns  (required time - arrival time)
  Source:                 kernel_stage_q_reg_replica_11/C
                            (rising edge-triggered cell FDCE clocked by clk  {rise@0.000ns fall@1.000ns period=2.000ns})
  Destination:            lfnst_mem_resp_data_q_reg[8]/D
                            (rising edge-triggered cell FDCE clocked by clk  {rise@0.000ns fall@1.000ns period=2.000ns})
  Path Group:             clk
  Path Type:              Setup (Max at Slow Process Corner)
  Requirement:            2.000ns  (clk rise@2.000ns - clk rise@0.000ns)
  Data Path Delay:        2.994ns  (logic 0.720ns (24.050%)  route 2.274ns (75.950%))
  Logic Levels:           8  (LUT5=1 LUT6=4 MUXF7=1 MUXF8=1 RAMD64E=1)
  Clock Path Skew:        -0.009ns (DCD - SCD + CPR)
    Destination Clock Delay (DCD):    0.020ns = ( 2.020 - 2.000 ) 
    Source Clock Delay      (SCD):    0.029ns
    Clock Pessimism Removal (CPR):    0.000ns
  Clock Uncertainty:      0.035ns  ((TSJ^2 + TIJ^2)^1/2 + DJ) / 2 + PE
    Total System Jitter     (TSJ):    0.071ns
    Total Input Jitter      (TIJ):    0.000ns
    Discrete Jitter          (DJ):    0.000ns
    Phase Error              (PE):    0.000ns

    Location             Delay type                Incr(ns)  Path(ns)    Netlist Resource(s)
  -------------------------------------------------------------------    -------------------
                         (clock clk rise edge)        0.000     0.000 r  
                                                      0.000     0.000 r  clk (IN)
                         net (fo=33320, unset)        0.029     0.029    clk
    SLICE_X78Y139        FDCE                                         r  kernel_stage_q_reg_replica_11/C
  -------------------------------------------------------------------    -------------------
    SLICE_X78Y139        FDCE (Prop_GFF_SLICEL_C_Q)
                                                      0.079     0.108 f  kernel_stage_q_reg_replica_11/Q
                         net (fo=3, routed)           0.108     0.216    kernel_stage_q_reg_n_0_repN_11
    SLICE_X78Y138        LUT6 (Prop_C6LUT_SLICEL_I3_O)
                                                      0.123     0.339 r  gen_input_slots[1].gen_input_banks[3].u_input_cache_bank_i_67/O
                         net (fo=70, routed)          0.393     0.732    gen_input_slots[1].gen_input_banks[3].u_input_cache_bank_i_67_n_0
    SLICE_X76Y154        LUT6 (Prop_F6LUT_SLICEL_I0_O)
                                                      0.089     0.821 r  gen_input_slots[1].gen_input_banks[2].u_input_cache_bank_i_45/O
                         net (fo=220, routed)         0.884     1.704    gen_input_slots[1].gen_input_banks[2].u_input_cache_bank/data_mem_reg_256_319_7_13/ADDRB0
    SLICE_X67Y205        RAMD64E (Prop_B6LUT_SLICEM_RADR0_O)
                                                      0.149     1.853 r  gen_input_slots[1].gen_input_banks[2].u_input_cache_bank/data_mem_reg_256_319_7_13/RAMB/O
                         net (fo=1, routed)           0.260     2.113    gen_input_slots[1].gen_input_banks[2].u_input_cache_bank/data_mem_reg_256_319_7_13_n_1
    SLICE_X69Y204        LUT6 (Prop_C6LUT_SLICEL_I5_O)
                                                      0.050     2.163 r  gen_input_slots[1].gen_input_banks[2].u_input_cache_bank/rd_data[8]_INST_0_i_4/O
                         net (fo=1, routed)           0.010     2.173    gen_input_slots[1].gen_input_banks[2].u_input_cache_bank/rd_data[8]_INST_0_i_4_n_0
    SLICE_X69Y204        MUXF7 (Prop_F7MUX_CD_SLICEL_I1_O)
                                                      0.057     2.230 r  gen_input_slots[1].gen_input_banks[2].u_input_cache_bank/rd_data[8]_INST_0_i_1/O
                         net (fo=1, routed)           0.000     2.230    gen_input_slots[1].gen_input_banks[2].u_input_cache_bank/rd_data[8]_INST_0_i_1_n_0
    SLICE_X69Y204        MUXF8 (Prop_F8MUX_BOT_SLICEL_I0_O)
                                                      0.026     2.256 r  gen_input_slots[1].gen_input_banks[2].u_input_cache_bank/rd_data[8]_INST_0/O
                         net (fo=2, routed)           0.476     2.733    input_rd_data[1][2][8]
    SLICE_X77Y192        LUT5 (Prop_A6LUT_SLICEL_I4_O)
                                                      0.098     2.831 f  lfnst_mem_resp_data_q[8]_i_4/O
                         net (fo=1, routed)           0.092     2.923    lfnst_mem_resp_data_q[8]_i_4_n_0
    SLICE_X77Y189        LUT6 (Prop_F6LUT_SLICEL_I1_O)
                                                      0.049     2.972 r  lfnst_mem_resp_data_q[8]_i_1_comp/O
                         net (fo=1, routed)           0.051     3.023    lfnst_gather_rd_data[8]
    SLICE_X77Y189        FDCE                                         r  lfnst_mem_resp_data_q_reg[8]/D
  -------------------------------------------------------------------    -------------------

                         (clock clk rise edge)        2.000     2.000 r  
                                                      0.000     2.000 r  clk (IN)
                         net (fo=33320, unset)        0.020     2.020    clk
    SLICE_X77Y189        FDCE                                         r  lfnst_mem_resp_data_q_reg[8]/C
                         clock pessimism              0.000     2.020    
                         clock uncertainty           -0.035     1.985    
    SLICE_X77Y189        FDCE (Setup_FFF_SLICEL_C_D)
                                                      0.025     2.010    lfnst_mem_resp_data_q_reg[8]
  -------------------------------------------------------------------
                         required time                          2.010    
                         arrival time                          -3.023    
  -------------------------------------------------------------------
                         slack                                 -1.013    

Slack (VIOLATED) :        -1.012ns  (required time - arrival time)
  Source:                 kernel_stage_q_reg_replica_11/C
                            (rising edge-triggered cell FDCE clocked by clk  {rise@0.000ns fall@1.000ns period=2.000ns})
  Destination:            lfnst_mem_resp_data_q_reg[6]/D
                            (rising edge-triggered cell FDCE clocked by clk  {rise@0.000ns fall@1.000ns period=2.000ns})
  Path Group:             clk
  Path Type:              Setup (Max at Slow Process Corner)
  Requirement:            2.000ns  (clk rise@2.000ns - clk rise@0.000ns)
  Data Path Delay:        2.992ns  (logic 0.806ns (26.936%)  route 2.186ns (73.064%))
  Logic Levels:           8  (LUT5=2 LUT6=3 MUXF7=1 MUXF8=1 RAMD64E=1)
  Clock Path Skew:        -0.009ns (DCD - SCD + CPR)
    Destination Clock Delay (DCD):    0.020ns = ( 2.020 - 2.000 ) 
    Source Clock Delay      (SCD):    0.029ns
    Clock Pessimism Removal (CPR):    0.000ns
  Clock Uncertainty:      0.035ns  ((TSJ^2 + TIJ^2)^1/2 + DJ) / 2 + PE
    Total System Jitter     (TSJ):    0.071ns
    Total Input Jitter      (TIJ):    0.000ns
    Discrete Jitter          (DJ):    0.000ns
    Phase Error              (PE):    0.000ns

    Location             Delay type                Incr(ns)  Path(ns)    Netlist Resource(s)
  -------------------------------------------------------------------    -------------------
                         (clock clk rise edge)        0.000     0.000 r  
                                                      0.000     0.000 r  clk (IN)
                         net (fo=33320, unset)        0.029     0.029    clk
    SLICE_X78Y139        FDCE                                         r  kernel_stage_q_reg_replica_11/C
  -------------------------------------------------------------------    -------------------
    SLICE_X78Y139        FDCE (Prop_GFF_SLICEL_C_Q)
                                                      0.079     0.108 f  kernel_stage_q_reg_replica_11/Q
                         net (fo=3, routed)           0.108     0.216    kernel_stage_q_reg_n_0_repN_11
    SLICE_X78Y138        LUT6 (Prop_C6LUT_SLICEL_I3_O)
                                                      0.123     0.339 r  gen_input_slots[1].gen_input_banks[3].u_input_cache_bank_i_67/O
                         net (fo=70, routed)          0.393     0.732    gen_input_slots[1].gen_input_banks[3].u_input_cache_bank_i_67_n_0
    SLICE_X76Y154        LUT6 (Prop_F6LUT_SLICEL_I0_O)
                                                      0.089     0.821 r  gen_input_slots[1].gen_input_banks[2].u_input_cache_bank_i_45/O
                         net (fo=220, routed)         0.824     1.645    gen_input_slots[1].gen_input_banks[2].u_input_cache_bank/data_mem_reg_768_831_0_6/ADDRG0
    SLICE_X66Y203        RAMD64E (Prop_G6LUT_SLICEM_RADR0_O)
                                                      0.150     1.795 r  gen_input_slots[1].gen_input_banks[2].u_input_cache_bank/data_mem_reg_768_831_0_6/RAMG/O
                         net (fo=1, routed)           0.182     1.977    gen_input_slots[1].gen_input_banks[2].u_input_cache_bank/data_mem_reg_768_831_0_6_n_6
    SLICE_X69Y202        LUT6 (Prop_A6LUT_SLICEL_I5_O)
                                                      0.149     2.126 r  gen_input_slots[1].gen_input_banks[2].u_input_cache_bank/rd_data[6]_INST_0_i_6/O
                         net (fo=1, routed)           0.009     2.135    gen_input_slots[1].gen_input_banks[2].u_input_cache_bank/rd_data[6]_INST_0_i_6_n_0
    SLICE_X69Y202        MUXF7 (Prop_F7MUX_AB_SLICEL_I1_O)
                                                      0.057     2.192 r  gen_input_slots[1].gen_input_banks[2].u_input_cache_bank/rd_data[6]_INST_0_i_2/O
                         net (fo=1, routed)           0.000     2.192    gen_input_slots[1].gen_input_banks[2].u_input_cache_bank/rd_data[6]_INST_0_i_2_n_0
    SLICE_X69Y202        MUXF8 (Prop_F8MUX_BOT_SLICEL_I1_O)
                                                      0.026     2.218 r  gen_input_slots[1].gen_input_banks[2].u_input_cache_bank/rd_data[6]_INST_0/O
                         net (fo=2, routed)           0.526     2.744    input_rd_data[1][2][6]
    SLICE_X77Y184        LUT5 (Prop_C6LUT_SLICEL_I4_O)
                                                      0.035     2.779 f  lfnst_mem_resp_data_q[6]_i_4/O
                         net (fo=1, routed)           0.096     2.875    lfnst_mem_resp_data_q[6]_i_4_n_0
    SLICE_X77Y182        LUT5 (Prop_A6LUT_SLICEL_I3_O)
                                                      0.098     2.973 r  lfnst_mem_resp_data_q[6]_i_1/O
                         net (fo=1, routed)           0.048     3.021    lfnst_gather_rd_data[6]
    SLICE_X77Y182        FDCE                                         r  lfnst_mem_resp_data_q_reg[6]/D
  -------------------------------------------------------------------    -------------------

                         (clock clk rise edge)        2.000     2.000 r  
                                                      0.000     2.000 r  clk (IN)
                         net (fo=33320, unset)        0.020     2.020    clk
    SLICE_X77Y182        FDCE                                         r  lfnst_mem_resp_data_q_reg[6]/C
                         clock pessimism              0.000     2.020    
                         clock uncertainty           -0.035     1.985    
    SLICE_X77Y182        FDCE (Setup_AFF_SLICEL_C_D)
                                                      0.025     2.010    lfnst_mem_resp_data_q_reg[6]
  -------------------------------------------------------------------
                         required time                          2.010    
                         arrival time                          -3.021    
  -------------------------------------------------------------------
                         slack                                 -1.012    

Slack (VIOLATED) :        -1.010ns  (required time - arrival time)
  Source:                 lfnst_case_q_reg_replica/C
                            (rising edge-triggered cell FDCE clocked by clk  {rise@0.000ns fall@1.000ns period=2.000ns})
  Destination:            lfnst_mem_resp_data_q_reg[12]/D
                            (rising edge-triggered cell FDCE clocked by clk  {rise@0.000ns fall@1.000ns period=2.000ns})
  Path Group:             clk
  Path Type:              Setup (Max at Slow Process Corner)
  Requirement:            2.000ns  (clk rise@2.000ns - clk rise@0.000ns)
  Data Path Delay:        2.991ns  (logic 0.628ns (20.999%)  route 2.363ns (79.001%))
  Logic Levels:           8  (LUT3=1 LUT5=2 LUT6=2 MUXF7=1 MUXF8=1 RAMD64E=1)
  Clock Path Skew:        -0.009ns (DCD - SCD + CPR)
    Destination Clock Delay (DCD):    0.020ns = ( 2.020 - 2.000 ) 
    Source Clock Delay      (SCD):    0.029ns
    Clock Pessimism Removal (CPR):    0.000ns
  Clock Uncertainty:      0.035ns  ((TSJ^2 + TIJ^2)^1/2 + DJ) / 2 + PE
    Total System Jitter     (TSJ):    0.071ns
    Total Input Jitter      (TIJ):    0.000ns
    Discrete Jitter          (DJ):    0.000ns
    Phase Error              (PE):    0.000ns

    Location             Delay type                Incr(ns)  Path(ns)    Netlist Resource(s)
  -------------------------------------------------------------------    -------------------
                         (clock clk rise edge)        0.000     0.000 r  
                                                      0.000     0.000 r  clk (IN)
                         net (fo=33320, unset)        0.029     0.029    clk
    SLICE_X78Y137        FDCE                                         r  lfnst_case_q_reg_replica/C
  -------------------------------------------------------------------    -------------------
    SLICE_X78Y137        FDCE (Prop_HFF2_SLICEL_C_Q)
                                                      0.080     0.109 f  lfnst_case_q_reg_replica/Q
                         net (fo=7, routed)           0.281     0.390    lfnst_case_q_repN
    SLICE_X78Y148        LUT3 (Prop_C6LUT_SLICEL_I2_O)
                                                      0.050     0.440 r  gen_input_slots[0].gen_input_banks[3].u_input_cache_bank_i_56_replica_1_rewire_rewire_rewire/O
                         net (fo=3, routed)           0.366     0.806    gen_input_slots[0].gen_input_banks[3].u_input_cache_bank_i_56_n_0_repN_1
    SLICE_X77Y174        LUT5 (Prop_G6LUT_SLICEL_I4_O)
                                                      0.035     0.841 r  gen_input_slots[0].gen_input_banks[3].u_input_cache_bank_i_45_rewire_rewire_rewire_replica/O
                         net (fo=495, routed)         0.735     1.576    gen_input_slots[0].gen_input_banks[3].u_input_cache_bank/data_mem_reg_0_63_7_13/ADDRF3
    SLICE_X79Y211        RAMD64E (Prop_F6LUT_SLICEM_RADR3_O)
                                                      0.088     1.664 r  gen_input_slots[0].gen_input_banks[3].u_input_cache_bank/data_mem_reg_0_63_7_13/RAMF/O
                         net (fo=1, routed)           0.437     2.101    gen_input_slots[0].gen_input_banks[3].u_input_cache_bank/data_mem_reg_0_63_7_13_n_5
    SLICE_X80Y202        LUT6 (Prop_D6LUT_SLICEL_I5_O)
                                                      0.122     2.223 r  gen_input_slots[0].gen_input_banks[3].u_input_cache_bank/rd_data[12]_INST_0_i_3/O
                         net (fo=1, routed)           0.009     2.232    gen_input_slots[0].gen_input_banks[3].u_input_cache_bank/rd_data[12]_INST_0_i_3_n_0
    SLICE_X80Y202        MUXF7 (Prop_F7MUX_CD_SLICEL_I0_O)
                                                      0.056     2.288 r  gen_input_slots[0].gen_input_banks[3].u_input_cache_bank/rd_data[12]_INST_0_i_1/O
                         net (fo=1, routed)           0.000     2.288    gen_input_slots[0].gen_input_banks[3].u_input_cache_bank/rd_data[12]_INST_0_i_1_n_0
    SLICE_X80Y202        MUXF8 (Prop_F8MUX_BOT_SLICEL_I0_O)
                                                      0.026     2.314 r  gen_input_slots[0].gen_input_banks[3].u_input_cache_bank/rd_data[12]_INST_0/O
                         net (fo=2, routed)           0.397     2.711    input_rd_data[0][3][12]
    SLICE_X77Y191        LUT5 (Prop_F6LUT_SLICEL_I0_O)
                                                      0.049     2.760 r  lfnst_mem_resp_data_q[12]_i_3/O
                         net (fo=1, routed)           0.089     2.849    lfnst_mem_resp_data_q[12]_i_3_n_0
    SLICE_X76Y191        LUT6 (Prop_D6LUT_SLICEL_I2_O)
                                                      0.122     2.971 r  lfnst_mem_resp_data_q[12]_i_1_comp/O
                         net (fo=1, routed)           0.049     3.020    lfnst_gather_rd_data[12]
    SLICE_X76Y191        FDCE                                         r  lfnst_mem_resp_data_q_reg[12]/D
  -------------------------------------------------------------------    -------------------

                         (clock clk rise edge)        2.000     2.000 r  
                                                      0.000     2.000 r  clk (IN)
                         net (fo=33320, unset)        0.020     2.020    clk
    SLICE_X76Y191        FDCE                                         r  lfnst_mem_resp_data_q_reg[12]/C
                         clock pessimism              0.000     2.020    
                         clock uncertainty           -0.035     1.985    
    SLICE_X76Y191        FDCE (Setup_DFF_SLICEL_C_D)
                                                      0.025     2.010    lfnst_mem_resp_data_q_reg[12]
  -------------------------------------------------------------------
                         required time                          2.010    
                         arrival time                          -3.020    
  -------------------------------------------------------------------
                         slack                                 -1.010    

Slack (VIOLATED) :        -1.006ns  (required time - arrival time)
  Source:                 kernel_stage_q_reg_replica_11/C
                            (rising edge-triggered cell FDCE clocked by clk  {rise@0.000ns fall@1.000ns period=2.000ns})
  Destination:            lfnst_mem_resp_data_q_reg[9]/D
                            (rising edge-triggered cell FDCE clocked by clk  {rise@0.000ns fall@1.000ns period=2.000ns})
  Path Group:             clk
  Path Type:              Setup (Max at Slow Process Corner)
  Requirement:            2.000ns  (clk rise@2.000ns - clk rise@0.000ns)
  Data Path Delay:        2.986ns  (logic 0.710ns (23.774%)  route 2.276ns (76.226%))
  Logic Levels:           8  (LUT5=1 LUT6=4 MUXF7=1 MUXF8=1 RAMD64E=1)
  Clock Path Skew:        -0.009ns (DCD - SCD + CPR)
    Destination Clock Delay (DCD):    0.020ns = ( 2.020 - 2.000 ) 
    Source Clock Delay      (SCD):    0.029ns
    Clock Pessimism Removal (CPR):    0.000ns
  Clock Uncertainty:      0.035ns  ((TSJ^2 + TIJ^2)^1/2 + DJ) / 2 + PE
    Total System Jitter     (TSJ):    0.071ns
    Total Input Jitter      (TIJ):    0.000ns
    Discrete Jitter          (DJ):    0.000ns
    Phase Error              (PE):    0.000ns

    Location             Delay type                Incr(ns)  Path(ns)    Netlist Resource(s)
  -------------------------------------------------------------------    -------------------
                         (clock clk rise edge)        0.000     0.000 r  
                                                      0.000     0.000 r  clk (IN)
                         net (fo=33320, unset)        0.029     0.029    clk
    SLICE_X78Y139        FDCE                                         r  kernel_stage_q_reg_replica_11/C
  -------------------------------------------------------------------    -------------------
    SLICE_X78Y139        FDCE (Prop_GFF_SLICEL_C_Q)
                                                      0.079     0.108 f  kernel_stage_q_reg_replica_11/Q
                         net (fo=3, routed)           0.108     0.216    kernel_stage_q_reg_n_0_repN_11
    SLICE_X78Y138        LUT6 (Prop_C6LUT_SLICEL_I3_O)
                                                      0.123     0.339 r  gen_input_slots[1].gen_input_banks[3].u_input_cache_bank_i_67/O
                         net (fo=70, routed)          0.700     1.039    gen_input_slots[1].gen_input_banks[3].u_input_cache_bank_i_67_n_0
    SLICE_X70Y190        LUT6 (Prop_F6LUT_SLICEL_I0_O)
                                                      0.049     1.088 r  gen_input_slots[1].gen_input_banks[2].u_input_cache_bank_i_45_replica_2/O
                         net (fo=52, routed)          0.470     1.558    gen_input_slots[1].gen_input_banks[2].u_input_cache_bank/data_mem_reg_192_255_7_13/ADDRC0
    SLICE_X66Y206        RAMD64E (Prop_C6LUT_SLICEM_RADR0_O)
                                                      0.145     1.703 r  gen_input_slots[1].gen_input_banks[2].u_input_cache_bank/data_mem_reg_192_255_7_13/RAMC/O
                         net (fo=1, routed)           0.316     2.019    gen_input_slots[1].gen_input_banks[2].u_input_cache_bank/data_mem_reg_192_255_7_13_n_2
    SLICE_X69Y206        LUT6 (Prop_D6LUT_SLICEL_I0_O)
                                                      0.146     2.165 r  gen_input_slots[1].gen_input_banks[2].u_input_cache_bank/rd_data[9]_INST_0_i_3/O
                         net (fo=1, routed)           0.009     2.174    gen_input_slots[1].gen_input_banks[2].u_input_cache_bank/rd_data[9]_INST_0_i_3_n_0
    SLICE_X69Y206        MUXF7 (Prop_F7MUX_CD_SLICEL_I0_O)
                                                      0.056     2.230 r  gen_input_slots[1].gen_input_banks[2].u_input_cache_bank/rd_data[9]_INST_0_i_1/O
                         net (fo=1, routed)           0.000     2.230    gen_input_slots[1].gen_input_banks[2].u_input_cache_bank/rd_data[9]_INST_0_i_1_n_0
    SLICE_X69Y206        MUXF8 (Prop_F8MUX_BOT_SLICEL_I0_O)
                                                      0.026     2.256 r  gen_input_slots[1].gen_input_banks[2].u_input_cache_bank/rd_data[9]_INST_0/O
                         net (fo=2, routed)           0.489     2.745    input_rd_data[1][2][9]
    SLICE_X78Y196        LUT5 (Prop_B6LUT_SLICEL_I4_O)
                                                      0.036     2.781 f  lfnst_mem_resp_data_q[9]_i_4/O
                         net (fo=1, routed)           0.135     2.916    lfnst_mem_resp_data_q[9]_i_4_n_0
    SLICE_X77Y194        LUT6 (Prop_C6LUT_SLICEL_I2_O)
                                                      0.050     2.966 r  lfnst_mem_resp_data_q[9]_i_1_comp/O
                         net (fo=1, routed)           0.049     3.015    lfnst_gather_rd_data[9]
    SLICE_X77Y194        FDCE                                         r  lfnst_mem_resp_data_q_reg[9]/D
  -------------------------------------------------------------------    -------------------

                         (clock clk rise edge)        2.000     2.000 r  
                                                      0.000     2.000 r  clk (IN)
                         net (fo=33320, unset)        0.020     2.020    clk
    SLICE_X77Y194        FDCE                                         r  lfnst_mem_resp_data_q_reg[9]/C
                         clock pessimism              0.000     2.020    
                         clock uncertainty           -0.035     1.985    
    SLICE_X77Y194        FDCE (Setup_CFF2_SLICEL_C_D)
                                                      0.025     2.010    lfnst_mem_resp_data_q_reg[9]
  -------------------------------------------------------------------
                         required time                          2.010    
                         arrival time                          -3.015    
  -------------------------------------------------------------------
                         slack                                 -1.006    

Slack (VIOLATED) :        -1.002ns  (required time - arrival time)
  Source:                 kernel_vector_q_reg[0]_rep__0/C
                            (rising edge-triggered cell FDCE clocked by clk  {rise@0.000ns fall@1.000ns period=2.000ns})
  Destination:            u_unified_p4_kernel/input_mem_reg[3][58][12]/D
                            (rising edge-triggered cell FDRE clocked by clk  {rise@0.000ns fall@1.000ns period=2.000ns})
  Path Group:             clk
  Path Type:              Setup (Max at Slow Process Corner)
  Requirement:            2.000ns  (clk rise@2.000ns - clk rise@0.000ns)
  Data Path Delay:        2.983ns  (logic 0.461ns (15.455%)  route 2.522ns (84.545%))
  Logic Levels:           6  (LUT2=1 LUT3=1 LUT6=3 MUXF7=1)
  Clock Path Skew:        -0.009ns (DCD - SCD + CPR)
    Destination Clock Delay (DCD):    0.021ns = ( 2.021 - 2.000 ) 
    Source Clock Delay      (SCD):    0.030ns
    Clock Pessimism Removal (CPR):    0.000ns
  Clock Uncertainty:      0.035ns  ((TSJ^2 + TIJ^2)^1/2 + DJ) / 2 + PE
    Total System Jitter     (TSJ):    0.071ns
    Total Input Jitter      (TIJ):    0.000ns
    Discrete Jitter          (DJ):    0.000ns
    Phase Error              (PE):    0.000ns

    Location             Delay type                Incr(ns)  Path(ns)    Netlist Resource(s)
  -------------------------------------------------------------------    -------------------
                         (clock clk rise edge)        0.000     0.000 r  
                                                      0.000     0.000 r  clk (IN)
                         net (fo=33320, unset)        0.030     0.030    clk
    SLICE_X101Y76        FDCE                                         r  kernel_vector_q_reg[0]_rep__0/C
  -------------------------------------------------------------------    -------------------
    SLICE_X101Y76        FDCE (Prop_AFF2_SLICEM_C_Q)
                                                      0.080     0.110 r  kernel_vector_q_reg[0]_rep__0/Q
                         net (fo=96, routed)          0.564     0.674    kernel_vector_q_reg[0]_rep__0_n_0
    SLICE_X103Y80        LUT6 (Prop_F6LUT_SLICEM_I4_O)
                                                      0.037     0.711 r  u_unified_p4_kernel_i_827/O
                         net (fo=1, routed)           0.023     0.734    u_unified_p4_kernel_i_827_n_0
    SLICE_X103Y80        MUXF7 (Prop_F7MUX_EF_SLICEM_I0_O)
                                                      0.068     0.802 r  u_unified_p4_kernel_i_655/O
                         net (fo=2, routed)           0.726     1.528    u_unified_p4_kernel_i_655_n_0
    SLICE_X95Y40         LUT3 (Prop_F6LUT_SLICEM_I0_O)
                                                      0.051     1.579 r  u_unified_p4_kernel_i_534/O
                         net (fo=2, routed)           0.213     1.792    u_unified_p4_kernel_i_534_n_0
    SLICE_X94Y36         LUT6 (Prop_F6LUT_SLICEL_I5_O)
                                                      0.123     1.915 r  u_unified_p4_kernel_i_329/O
                         net (fo=1, routed)           0.092     2.007    u_unified_p4_kernel_i_329_n_0
    SLICE_X95Y36         LUT2 (Prop_E6LUT_SLICEM_I1_O)
                                                      0.052     2.059 f  u_unified_p4_kernel_i_135/O
                         net (fo=2, routed)           0.293     2.352    u_unified_p4_kernel_i_135_n_0
    SLICE_X91Y30         LUT6 (Prop_C6LUT_SLICEL_I1_O)
                                                      0.050     2.402 r  u_unified_p4_kernel_i_22/O
                         net (fo=45, routed)          0.611     3.013    u_unified_p4_kernel/in_data[44]
    SLICE_X82Y15         FDRE                                         r  u_unified_p4_kernel/input_mem_reg[3][58][12]/D
  -------------------------------------------------------------------    -------------------

                         (clock clk rise edge)        2.000     2.000 r  
                                                      0.000     2.000 r  clk (IN)
                         net (fo=33320, unset)        0.021     2.021    u_unified_p4_kernel/clk
    SLICE_X82Y15         FDRE                                         r  u_unified_p4_kernel/input_mem_reg[3][58][12]/C
                         clock pessimism              0.000     2.021    
                         clock uncertainty           -0.035     1.986    
    SLICE_X82Y15         FDRE (Setup_GFF2_SLICEM_C_D)
                                                      0.025     2.011    u_unified_p4_kernel/input_mem_reg[3][58][12]
  -------------------------------------------------------------------
                         required time                          2.011    
                         arrival time                          -3.013    
  -------------------------------------------------------------------
                         slack                                 -1.002    

Slack (VIOLATED) :        -1.000ns  (required time - arrival time)
  Source:                 u_unified_p4_kernel/fifo_rd_ptr_q_reg[1]_rep__2/C
                            (rising edge-triggered cell FDCE clocked by clk  {rise@0.000ns fall@1.000ns period=2.000ns})
  Destination:            vwrite_cmd_data_q_reg[1][15]/D
                            (rising edge-triggered cell FDCE clocked by clk  {rise@0.000ns fall@1.000ns period=2.000ns})
  Path Group:             clk
  Path Type:              Setup (Max at Slow Process Corner)
  Requirement:            2.000ns  (clk rise@2.000ns - clk rise@0.000ns)
  Data Path Delay:        2.982ns  (logic 0.559ns (18.748%)  route 2.423ns (81.252%))
  Logic Levels:           6  (LUT2=1 LUT6=4 MUXF7=1)
  Clock Path Skew:        -0.008ns (DCD - SCD + CPR)
    Destination Clock Delay (DCD):    0.020ns = ( 2.020 - 2.000 ) 
    Source Clock Delay      (SCD):    0.028ns
    Clock Pessimism Removal (CPR):    0.000ns
  Clock Uncertainty:      0.035ns  ((TSJ^2 + TIJ^2)^1/2 + DJ) / 2 + PE
    Total System Jitter     (TSJ):    0.071ns
    Total Input Jitter      (TIJ):    0.000ns
    Discrete Jitter          (DJ):    0.000ns
    Phase Error              (PE):    0.000ns

    Location             Delay type                Incr(ns)  Path(ns)    Netlist Resource(s)
  -------------------------------------------------------------------    -------------------
                         (clock clk rise edge)        0.000     0.000 r  
                                                      0.000     0.000 r  clk (IN)
                         net (fo=33320, unset)        0.028     0.028    u_unified_p4_kernel/clk
    SLICE_X91Y71         FDCE                                         r  u_unified_p4_kernel/fifo_rd_ptr_q_reg[1]_rep__2/C
  -------------------------------------------------------------------    -------------------
    SLICE_X91Y71         FDCE (Prop_DFF_SLICEL_C_Q)
                                                      0.079     0.107 r  u_unified_p4_kernel/fifo_rd_ptr_q_reg[1]_rep__2/Q
                         net (fo=117, routed)         0.825     0.932    u_unified_p4_kernel/fifo_rd_ptr_q_reg[1]_rep__2_n_0
    SLICE_X60Y78         LUT6 (Prop_H6LUT_SLICEL_I2_O)
                                                      0.090     1.022 r  u_unified_p4_kernel/out_data[47]_INST_0_i_12/O
                         net (fo=1, routed)           0.010     1.032    u_unified_p4_kernel/out_data[47]_INST_0_i_12_n_0
    SLICE_X60Y78         MUXF7 (Prop_F7MUX_GH_SLICEL_I0_O)
                                                      0.064     1.096 r  u_unified_p4_kernel/out_data[47]_INST_0_i_4/O
                         net (fo=1, routed)           0.450     1.546    u_unified_p4_kernel/out_data[47]_INST_0_i_4_n_0
    SLICE_X52Y78         LUT6 (Prop_F6LUT_SLICEM_I0_O)
                                                      0.098     1.644 r  u_unified_p4_kernel/out_data[47]_INST_0_i_1/O
                         net (fo=1, routed)           0.464     2.108    u_unified_p4_kernel/out_data[47]_INST_0_i_1_n_0
    SLICE_X73Y77         LUT6 (Prop_H6LUT_SLICEL_I1_O)
                                                      0.090     2.198 r  u_unified_p4_kernel/out_data[47]_INST_0/O
                         net (fo=4, routed)           0.298     2.496    kernel_out_data[47]
    SLICE_X72Y75         LUT6 (Prop_C6LUT_SLICEL_I3_O)
                                                      0.050     2.546 r  vwrite_cmd_data_q[1][15]_i_2/O
                         net (fo=1, routed)           0.326     2.872    vwrite_cmd_data_q[1][15]_i_2_n_0
    SLICE_X72Y58         LUT2 (Prop_C6LUT_SLICEL_I0_O)
                                                      0.088     2.960 r  vwrite_cmd_data_q[1][15]_i_1/O
                         net (fo=1, routed)           0.050     3.010    vwrite_cmd_data_c[1][15]
    SLICE_X72Y58         FDCE                                         r  vwrite_cmd_data_q_reg[1][15]/D
  -------------------------------------------------------------------    -------------------

                         (clock clk rise edge)        2.000     2.000 r  
                                                      0.000     2.000 r  clk (IN)
                         net (fo=33320, unset)        0.020     2.020    clk
    SLICE_X72Y58         FDCE                                         r  vwrite_cmd_data_q_reg[1][15]/C
                         clock pessimism              0.000     2.020    
                         clock uncertainty           -0.035     1.985    
    SLICE_X72Y58         FDCE (Setup_CFF_SLICEL_C_D)
                                                      0.025     2.010    vwrite_cmd_data_q_reg[1][15]
  -------------------------------------------------------------------
                         required time                          2.010    
                         arrival time                          -3.010    
  -------------------------------------------------------------------
                         slack                                 -1.000    

Slack (VIOLATED) :        -1.000ns  (required time - arrival time)
  Source:                 kernel_stage_q_reg_replica_11/C
                            (rising edge-triggered cell FDCE clocked by clk  {rise@0.000ns fall@1.000ns period=2.000ns})
  Destination:            lfnst_mem_resp_data_q_reg[11]/D
                            (rising edge-triggered cell FDCE clocked by clk  {rise@0.000ns fall@1.000ns period=2.000ns})
  Path Group:             clk
  Path Type:              Setup (Max at Slow Process Corner)
  Requirement:            2.000ns  (clk rise@2.000ns - clk rise@0.000ns)
  Data Path Delay:        2.980ns  (logic 0.731ns (24.527%)  route 2.249ns (75.473%))
  Logic Levels:           8  (LUT5=2 LUT6=3 MUXF7=1 MUXF8=1 RAMD64E=1)
  Clock Path Skew:        -0.009ns (DCD - SCD + CPR)
    Destination Clock Delay (DCD):    0.020ns = ( 2.020 - 2.000 ) 
    Source Clock Delay      (SCD):    0.029ns
    Clock Pessimism Removal (CPR):    0.000ns
  Clock Uncertainty:      0.035ns  ((TSJ^2 + TIJ^2)^1/2 + DJ) / 2 + PE
    Total System Jitter     (TSJ):    0.071ns
    Total Input Jitter      (TIJ):    0.000ns
    Discrete Jitter          (DJ):    0.000ns
    Phase Error              (PE):    0.000ns

    Location             Delay type                Incr(ns)  Path(ns)    Netlist Resource(s)
  -------------------------------------------------------------------    -------------------
                         (clock clk rise edge)        0.000     0.000 r  
                                                      0.000     0.000 r  clk (IN)
                         net (fo=33320, unset)        0.029     0.029    clk
    SLICE_X78Y139        FDCE                                         r  kernel_stage_q_reg_replica_11/C
  -------------------------------------------------------------------    -------------------
    SLICE_X78Y139        FDCE (Prop_GFF_SLICEL_C_Q)
                                                      0.079     0.108 f  kernel_stage_q_reg_replica_11/Q
                         net (fo=3, routed)           0.108     0.216    kernel_stage_q_reg_n_0_repN_11
    SLICE_X78Y138        LUT6 (Prop_C6LUT_SLICEL_I3_O)
                                                      0.123     0.339 r  gen_input_slots[1].gen_input_banks[3].u_input_cache_bank_i_67/O
                         net (fo=70, routed)          0.393     0.732    gen_input_slots[1].gen_input_banks[3].u_input_cache_bank_i_67_n_0
    SLICE_X76Y154        LUT6 (Prop_F6LUT_SLICEL_I0_O)
                                                      0.089     0.821 r  gen_input_slots[1].gen_input_banks[2].u_input_cache_bank_i_45/O
                         net (fo=220, routed)         0.825     1.646    gen_input_slots[1].gen_input_banks[2].u_input_cache_bank/data_mem_reg_320_383_7_13/ADDRE0
    SLICE_X71Y207        RAMD64E (Prop_E6LUT_SLICEM_RADR0_O)
                                                      0.148     1.794 r  gen_input_slots[1].gen_input_banks[2].u_input_cache_bank/data_mem_reg_320_383_7_13/RAME/O
                         net (fo=1, routed)           0.207     2.001    gen_input_slots[1].gen_input_banks[2].u_input_cache_bank/data_mem_reg_320_383_7_13_n_4
    SLICE_X69Y205        LUT6 (Prop_C6LUT_SLICEL_I3_O)
                                                      0.123     2.124 r  gen_input_slots[1].gen_input_banks[2].u_input_cache_bank/rd_data[11]_INST_0_i_4/O
                         net (fo=1, routed)           0.010     2.134    gen_input_slots[1].gen_input_banks[2].u_input_cache_bank/rd_data[11]_INST_0_i_4_n_0
    SLICE_X69Y205        MUXF7 (Prop_F7MUX_CD_SLICEL_I1_O)
                                                      0.057     2.191 r  gen_input_slots[1].gen_input_banks[2].u_input_cache_bank/rd_data[11]_INST_0_i_1/O
                         net (fo=1, routed)           0.000     2.191    gen_input_slots[1].gen_input_banks[2].u_input_cache_bank/rd_data[11]_INST_0_i_1_n_0
    SLICE_X69Y205        MUXF8 (Prop_F8MUX_BOT_SLICEL_I0_O)
                                                      0.026     2.217 r  gen_input_slots[1].gen_input_banks[2].u_input_cache_bank/rd_data[11]_INST_0/O
                         net (fo=2, routed)           0.305     2.522    input_rd_data[1][2][11]
    SLICE_X73Y204        LUT5 (Prop_E6LUT_SLICEL_I4_O)
                                                      0.051     2.573 f  lfnst_mem_resp_data_q[11]_i_4/O
                         net (fo=1, routed)           0.353     2.926    lfnst_mem_resp_data_q[11]_i_4_n_0
    SLICE_X76Y188        LUT5 (Prop_A6LUT_SLICEL_I3_O)
                                                      0.035     2.961 r  lfnst_mem_resp_data_q[11]_i_1/O
                         net (fo=1, routed)           0.048     3.009    lfnst_gather_rd_data[11]
    SLICE_X76Y188        FDCE                                         r  lfnst_mem_resp_data_q_reg[11]/D
  -------------------------------------------------------------------    -------------------

                         (clock clk rise edge)        2.000     2.000 r  
                                                      0.000     2.000 r  clk (IN)
                         net (fo=33320, unset)        0.020     2.020    clk
    SLICE_X76Y188        FDCE                                         r  lfnst_mem_resp_data_q_reg[11]/C
                         clock pessimism              0.000     2.020    
                         clock uncertainty           -0.035     1.985    
    SLICE_X76Y188        FDCE (Setup_AFF_SLICEL_C_D)
                                                      0.025     2.010    lfnst_mem_resp_data_q_reg[11]
  -------------------------------------------------------------------
                         required time                          2.010    
                         arrival time                          -3.009    
  -------------------------------------------------------------------
                         slack                                 -1.000    

Slack (VIOLATED) :        -0.996ns  (required time - arrival time)
  Source:                 kernel_vector_q_reg[0]_rep__0/C
                            (rising edge-triggered cell FDCE clocked by clk  {rise@0.000ns fall@1.000ns period=2.000ns})
  Destination:            u_unified_p4_kernel/input_mem_reg[2][58][12]/D
                            (rising edge-triggered cell FDRE clocked by clk  {rise@0.000ns fall@1.000ns period=2.000ns})
  Path Group:             clk
  Path Type:              Setup (Max at Slow Process Corner)
  Requirement:            2.000ns  (clk rise@2.000ns - clk rise@0.000ns)
  Data Path Delay:        2.977ns  (logic 0.461ns (15.487%)  route 2.516ns (84.513%))
  Logic Levels:           6  (LUT2=1 LUT3=1 LUT6=3 MUXF7=1)
  Clock Path Skew:        -0.009ns (DCD - SCD + CPR)
    Destination Clock Delay (DCD):    0.021ns = ( 2.021 - 2.000 ) 
    Source Clock Delay      (SCD):    0.030ns
    Clock Pessimism Removal (CPR):    0.000ns
  Clock Uncertainty:      0.035ns  ((TSJ^2 + TIJ^2)^1/2 + DJ) / 2 + PE
    Total System Jitter     (TSJ):    0.071ns
    Total Input Jitter      (TIJ):    0.000ns
    Discrete Jitter          (DJ):    0.000ns
    Phase Error              (PE):    0.000ns

    Location             Delay type                Incr(ns)  Path(ns)    Netlist Resource(s)
  -------------------------------------------------------------------    -------------------
                         (clock clk rise edge)        0.000     0.000 r  
                                                      0.000     0.000 r  clk (IN)
                         net (fo=33320, unset)        0.030     0.030    clk
    SLICE_X101Y76        FDCE                                         r  kernel_vector_q_reg[0]_rep__0/C
  -------------------------------------------------------------------    -------------------
    SLICE_X101Y76        FDCE (Prop_AFF2_SLICEM_C_Q)
                                                      0.080     0.110 r  kernel_vector_q_reg[0]_rep__0/Q
                         net (fo=96, routed)          0.564     0.674    kernel_vector_q_reg[0]_rep__0_n_0
    SLICE_X103Y80        LUT6 (Prop_F6LUT_SLICEM_I4_O)
                                                      0.037     0.711 r  u_unified_p4_kernel_i_827/O
                         net (fo=1, routed)           0.023     0.734    u_unified_p4_kernel_i_827_n_0
    SLICE_X103Y80        MUXF7 (Prop_F7MUX_EF_SLICEM_I0_O)
                                                      0.068     0.802 r  u_unified_p4_kernel_i_655/O
                         net (fo=2, routed)           0.726     1.528    u_unified_p4_kernel_i_655_n_0
    SLICE_X95Y40         LUT3 (Prop_F6LUT_SLICEM_I0_O)
                                                      0.051     1.579 r  u_unified_p4_kernel_i_534/O
                         net (fo=2, routed)           0.213     1.792    u_unified_p4_kernel_i_534_n_0
    SLICE_X94Y36         LUT6 (Prop_F6LUT_SLICEL_I5_O)
                                                      0.123     1.915 r  u_unified_p4_kernel_i_329/O
                         net (fo=1, routed)           0.092     2.007    u_unified_p4_kernel_i_329_n_0
    SLICE_X95Y36         LUT2 (Prop_E6LUT_SLICEM_I1_O)
                                                      0.052     2.059 f  u_unified_p4_kernel_i_135/O
                         net (fo=2, routed)           0.293     2.352    u_unified_p4_kernel_i_135_n_0
    SLICE_X91Y30         LUT6 (Prop_C6LUT_SLICEL_I1_O)
                                                      0.050     2.402 r  u_unified_p4_kernel_i_22/O
                         net (fo=45, routed)          0.605     3.007    u_unified_p4_kernel/in_data[44]
    SLICE_X82Y14         FDRE                                         r  u_unified_p4_kernel/input_mem_reg[2][58][12]/D
  -------------------------------------------------------------------    -------------------

                         (clock clk rise edge)        2.000     2.000 r  
                                                      0.000     2.000 r  clk (IN)
                         net (fo=33320, unset)        0.021     2.021    u_unified_p4_kernel/clk
    SLICE_X82Y14         FDRE                                         r  u_unified_p4_kernel/input_mem_reg[2][58][12]/C
                         clock pessimism              0.000     2.021    
                         clock uncertainty           -0.035     1.986    
    SLICE_X82Y14         FDRE (Setup_HFF_SLICEM_C_D)
                                                      0.025     2.011    u_unified_p4_kernel/input_mem_reg[2][58][12]
  -------------------------------------------------------------------
                         required time                          2.011    
                         arrival time                          -3.007    
  -------------------------------------------------------------------
                         slack                                 -0.996    

Slack (VIOLATED) :        -0.993ns  (required time - arrival time)
  Source:                 u_unified_p4_kernel/fifo_rd_ptr_q_reg[1]_rep__2/C
                            (rising edge-triggered cell FDCE clocked by clk  {rise@0.000ns fall@1.000ns period=2.000ns})
  Destination:            vwrite_cmd_data_q_reg[2][15]/D
                            (rising edge-triggered cell FDCE clocked by clk  {rise@0.000ns fall@1.000ns period=2.000ns})
  Path Group:             clk
  Path Type:              Setup (Max at Slow Process Corner)
  Requirement:            2.000ns  (clk rise@2.000ns - clk rise@0.000ns)
  Data Path Delay:        2.975ns  (logic 0.595ns (20.002%)  route 2.380ns (79.998%))
  Logic Levels:           6  (LUT2=1 LUT6=4 MUXF7=1)
  Clock Path Skew:        -0.008ns (DCD - SCD + CPR)
    Destination Clock Delay (DCD):    0.020ns = ( 2.020 - 2.000 ) 
    Source Clock Delay      (SCD):    0.028ns
    Clock Pessimism Removal (CPR):    0.000ns
  Clock Uncertainty:      0.035ns  ((TSJ^2 + TIJ^2)^1/2 + DJ) / 2 + PE
    Total System Jitter     (TSJ):    0.071ns
    Total Input Jitter      (TIJ):    0.000ns
    Discrete Jitter          (DJ):    0.000ns
    Phase Error              (PE):    0.000ns

    Location             Delay type                Incr(ns)  Path(ns)    Netlist Resource(s)
  -------------------------------------------------------------------    -------------------
                         (clock clk rise edge)        0.000     0.000 r  
                                                      0.000     0.000 r  clk (IN)
                         net (fo=33320, unset)        0.028     0.028    u_unified_p4_kernel/clk
    SLICE_X91Y71         FDCE                                         r  u_unified_p4_kernel/fifo_rd_ptr_q_reg[1]_rep__2/C
  -------------------------------------------------------------------    -------------------
    SLICE_X91Y71         FDCE (Prop_DFF_SLICEL_C_Q)
                                                      0.079     0.107 r  u_unified_p4_kernel/fifo_rd_ptr_q_reg[1]_rep__2/Q
                         net (fo=117, routed)         0.825     0.932    u_unified_p4_kernel/fifo_rd_ptr_q_reg[1]_rep__2_n_0
    SLICE_X60Y78         LUT6 (Prop_H6LUT_SLICEL_I2_O)
                                                      0.090     1.022 r  u_unified_p4_kernel/out_data[47]_INST_0_i_12/O
                         net (fo=1, routed)           0.010     1.032    u_unified_p4_kernel/out_data[47]_INST_0_i_12_n_0
    SLICE_X60Y78         MUXF7 (Prop_F7MUX_GH_SLICEL_I0_O)
                                                      0.064     1.096 r  u_unified_p4_kernel/out_data[47]_INST_0_i_4/O
                         net (fo=1, routed)           0.450     1.546    u_unified_p4_kernel/out_data[47]_INST_0_i_4_n_0
    SLICE_X52Y78         LUT6 (Prop_F6LUT_SLICEM_I0_O)
                                                      0.098     1.644 r  u_unified_p4_kernel/out_data[47]_INST_0_i_1/O
                         net (fo=1, routed)           0.464     2.108    u_unified_p4_kernel/out_data[47]_INST_0_i_1_n_0
    SLICE_X73Y77         LUT6 (Prop_H6LUT_SLICEL_I1_O)
                                                      0.090     2.198 r  u_unified_p4_kernel/out_data[47]_INST_0/O
                         net (fo=4, routed)           0.255     2.453    kernel_out_data[47]
    SLICE_X72Y75         LUT6 (Prop_B6LUT_SLICEL_I5_O)
                                                      0.124     2.577 r  vwrite_cmd_data_q[2][15]_i_2/O
                         net (fo=1, routed)           0.328     2.905    vwrite_cmd_data_q[2][15]_i_2_n_0
    SLICE_X76Y70         LUT2 (Prop_D6LUT_SLICEL_I0_O)
                                                      0.050     2.955 r  vwrite_cmd_data_q[2][15]_i_1/O
                         net (fo=1, routed)           0.048     3.003    vwrite_cmd_data_c[2][15]
    SLICE_X76Y70         FDCE                                         r  vwrite_cmd_data_q_reg[2][15]/D
  -------------------------------------------------------------------    -------------------

                         (clock clk rise edge)        2.000     2.000 r  
                                                      0.000     2.000 r  clk (IN)
                         net (fo=33320, unset)        0.020     2.020    clk
    SLICE_X76Y70         FDCE                                         r  vwrite_cmd_data_q_reg[2][15]/C
                         clock pessimism              0.000     2.020    
                         clock uncertainty           -0.035     1.985    
    SLICE_X76Y70         FDCE (Setup_DFF2_SLICEL_C_D)
                                                      0.025     2.010    vwrite_cmd_data_q_reg[2][15]
  -------------------------------------------------------------------
                         required time                          2.010    
                         arrival time                          -3.003    
  -------------------------------------------------------------------
                         slack                                 -0.993    

Slack (VIOLATED) :        -0.992ns  (required time - arrival time)
  Source:                 kernel_vector_q_reg[1]_rep__2/C
                            (rising edge-triggered cell FDCE clocked by clk  {rise@0.000ns fall@1.000ns period=2.000ns})
  Destination:            u_unified_p4_kernel/input_mem_reg[3][12][4]/D
                            (rising edge-triggered cell FDRE clocked by clk  {rise@0.000ns fall@1.000ns period=2.000ns})
  Path Group:             clk
  Path Type:              Setup (Max at Slow Process Corner)
  Requirement:            2.000ns  (clk rise@2.000ns - clk rise@0.000ns)
  Data Path Delay:        2.974ns  (logic 0.549ns (18.462%)  route 2.425ns (81.538%))
  Logic Levels:           6  (LUT2=1 LUT3=1 LUT6=3 MUXF7=1)
  Clock Path Skew:        -0.008ns (DCD - SCD + CPR)
    Destination Clock Delay (DCD):    0.020ns = ( 2.020 - 2.000 ) 
    Source Clock Delay      (SCD):    0.028ns
    Clock Pessimism Removal (CPR):    0.000ns
  Clock Uncertainty:      0.035ns  ((TSJ^2 + TIJ^2)^1/2 + DJ) / 2 + PE
    Total System Jitter     (TSJ):    0.071ns
    Total Input Jitter      (TIJ):    0.000ns
    Discrete Jitter          (DJ):    0.000ns
    Phase Error              (PE):    0.000ns

    Location             Delay type                Incr(ns)  Path(ns)    Netlist Resource(s)
  -------------------------------------------------------------------    -------------------
                         (clock clk rise edge)        0.000     0.000 r  
                                                      0.000     0.000 r  clk (IN)
                         net (fo=33320, unset)        0.028     0.028    clk
    SLICE_X100Y81        FDCE                                         r  kernel_vector_q_reg[1]_rep__2/C
  -------------------------------------------------------------------    -------------------
    SLICE_X100Y81        FDCE (Prop_DFF2_SLICEL_C_Q)
                                                      0.081     0.109 r  kernel_vector_q_reg[1]_rep__2/Q
                         net (fo=88, routed)          0.508     0.617    kernel_vector_q_reg[1]_rep__2_n_0
    SLICE_X102Y80        LUT6 (Prop_C6LUT_SLICEL_I2_O)
                                                      0.096     0.713 r  u_unified_p4_kernel_i_952/O
                         net (fo=1, routed)           0.010     0.723    u_unified_p4_kernel_i_952_n_0
    SLICE_X102Y80        MUXF7 (Prop_F7MUX_CD_SLICEL_I1_O)
                                                      0.064     0.787 r  u_unified_p4_kernel_i_717/O
                         net (fo=2, routed)           0.526     1.313    u_unified_p4_kernel_i_717_n_0
    SLICE_X94Y62         LUT3 (Prop_D5LUT_SLICEL_I0_O)
                                                      0.096     1.409 r  u_unified_p4_kernel_i_565/O
                         net (fo=2, routed)           0.545     1.954    u_unified_p4_kernel_i_565_n_0
    SLICE_X85Y33         LUT6 (Prop_F6LUT_SLICEL_I3_O)
                                                      0.089     2.043 r  u_unified_p4_kernel_i_414/O
                         net (fo=1, routed)           0.039     2.082    u_unified_p4_kernel_i_414_n_0
    SLICE_X85Y33         LUT2 (Prop_G6LUT_SLICEL_I1_O)
                                                      0.035     2.117 f  u_unified_p4_kernel_i_261/O
                         net (fo=1, routed)           0.093     2.210    u_unified_p4_kernel_i_261_n_0
    SLICE_X86Y33         LUT6 (Prop_C6LUT_SLICEM_I1_O)
                                                      0.088     2.298 r  u_unified_p4_kernel_i_62/O
                         net (fo=64, routed)          0.704     3.002    u_unified_p4_kernel/in_data[4]
    SLICE_X76Y23         FDRE                                         r  u_unified_p4_kernel/input_mem_reg[3][12][4]/D
  -------------------------------------------------------------------    -------------------

                         (clock clk rise edge)        2.000     2.000 r  
                                                      0.000     2.000 r  clk (IN)
                         net (fo=33320, unset)        0.020     2.020    u_unified_p4_kernel/clk
    SLICE_X76Y23         FDRE                                         r  u_unified_p4_kernel/input_mem_reg[3][12][4]/C
                         clock pessimism              0.000     2.020    
                         clock uncertainty           -0.035     1.985    
    SLICE_X76Y23         FDRE (Setup_HFF_SLICEL_C_D)
                                                      0.025     2.010    u_unified_p4_kernel/input_mem_reg[3][12][4]
  -------------------------------------------------------------------
                         required time                          2.010    
                         arrival time                          -3.002    
  -------------------------------------------------------------------
                         slack                                 -0.992    

Slack (VIOLATED) :        -0.990ns  (required time - arrival time)
  Source:                 kernel_vector_q_reg[0]_rep__0/C
                            (rising edge-triggered cell FDCE clocked by clk  {rise@0.000ns fall@1.000ns period=2.000ns})
  Destination:            u_unified_p4_kernel/input_mem_reg[1][58][12]/D
                            (rising edge-triggered cell FDRE clocked by clk  {rise@0.000ns fall@1.000ns period=2.000ns})
  Path Group:             clk
  Path Type:              Setup (Max at Slow Process Corner)
  Requirement:            2.000ns  (clk rise@2.000ns - clk rise@0.000ns)
  Data Path Delay:        2.971ns  (logic 0.461ns (15.518%)  route 2.510ns (84.482%))
  Logic Levels:           6  (LUT2=1 LUT3=1 LUT6=3 MUXF7=1)
  Clock Path Skew:        -0.009ns (DCD - SCD + CPR)
    Destination Clock Delay (DCD):    0.021ns = ( 2.021 - 2.000 ) 
    Source Clock Delay      (SCD):    0.030ns
    Clock Pessimism Removal (CPR):    0.000ns
  Clock Uncertainty:      0.035ns  ((TSJ^2 + TIJ^2)^1/2 + DJ) / 2 + PE
    Total System Jitter     (TSJ):    0.071ns
    Total Input Jitter      (TIJ):    0.000ns
    Discrete Jitter          (DJ):    0.000ns
    Phase Error              (PE):    0.000ns

    Location             Delay type                Incr(ns)  Path(ns)    Netlist Resource(s)
  -------------------------------------------------------------------    -------------------
                         (clock clk rise edge)        0.000     0.000 r  
                                                      0.000     0.000 r  clk (IN)
                         net (fo=33320, unset)        0.030     0.030    clk
    SLICE_X101Y76        FDCE                                         r  kernel_vector_q_reg[0]_rep__0/C
  -------------------------------------------------------------------    -------------------
    SLICE_X101Y76        FDCE (Prop_AFF2_SLICEM_C_Q)
                                                      0.080     0.110 r  kernel_vector_q_reg[0]_rep__0/Q
                         net (fo=96, routed)          0.564     0.674    kernel_vector_q_reg[0]_rep__0_n_0
    SLICE_X103Y80        LUT6 (Prop_F6LUT_SLICEM_I4_O)
                                                      0.037     0.711 r  u_unified_p4_kernel_i_827/O
                         net (fo=1, routed)           0.023     0.734    u_unified_p4_kernel_i_827_n_0
    SLICE_X103Y80        MUXF7 (Prop_F7MUX_EF_SLICEM_I0_O)
                                                      0.068     0.802 r  u_unified_p4_kernel_i_655/O
                         net (fo=2, routed)           0.726     1.528    u_unified_p4_kernel_i_655_n_0
    SLICE_X95Y40         LUT3 (Prop_F6LUT_SLICEM_I0_O)
                                                      0.051     1.579 r  u_unified_p4_kernel_i_534/O
                         net (fo=2, routed)           0.213     1.792    u_unified_p4_kernel_i_534_n_0
    SLICE_X94Y36         LUT6 (Prop_F6LUT_SLICEL_I5_O)
                                                      0.123     1.915 r  u_unified_p4_kernel_i_329/O
                         net (fo=1, routed)           0.092     2.007    u_unified_p4_kernel_i_329_n_0
    SLICE_X95Y36         LUT2 (Prop_E6LUT_SLICEM_I1_O)
                                                      0.052     2.059 f  u_unified_p4_kernel_i_135/O
                         net (fo=2, routed)           0.293     2.352    u_unified_p4_kernel_i_135_n_0
    SLICE_X91Y30         LUT6 (Prop_C6LUT_SLICEL_I1_O)
                                                      0.050     2.402 r  u_unified_p4_kernel_i_22/O
                         net (fo=45, routed)          0.599     3.001    u_unified_p4_kernel/in_data[44]
    SLICE_X82Y13         FDRE                                         r  u_unified_p4_kernel/input_mem_reg[1][58][12]/D
  -------------------------------------------------------------------    -------------------

                         (clock clk rise edge)        2.000     2.000 r  
                                                      0.000     2.000 r  clk (IN)
                         net (fo=33320, unset)        0.021     2.021    u_unified_p4_kernel/clk
    SLICE_X82Y13         FDRE                                         r  u_unified_p4_kernel/input_mem_reg[1][58][12]/C
                         clock pessimism              0.000     2.021    
                         clock uncertainty           -0.035     1.986    
    SLICE_X82Y13         FDRE (Setup_GFF2_SLICEM_C_D)
                                                      0.025     2.011    u_unified_p4_kernel/input_mem_reg[1][58][12]
  -------------------------------------------------------------------
                         required time                          2.011    
                         arrival time                          -3.001    
  -------------------------------------------------------------------
                         slack                                 -0.990    

Slack (VIOLATED) :        -0.989ns  (required time - arrival time)
  Source:                 kernel_vector_q_reg[0]_rep__0/C
                            (rising edge-triggered cell FDCE clocked by clk  {rise@0.000ns fall@1.000ns period=2.000ns})
  Destination:            u_unified_p4_kernel/input_mem_reg[3][38][12]/D
                            (rising edge-triggered cell FDRE clocked by clk  {rise@0.000ns fall@1.000ns period=2.000ns})
  Path Group:             clk
  Path Type:              Setup (Max at Slow Process Corner)
  Requirement:            2.000ns  (clk rise@2.000ns - clk rise@0.000ns)
  Data Path Delay:        2.969ns  (logic 0.461ns (15.526%)  route 2.508ns (84.474%))
  Logic Levels:           6  (LUT2=1 LUT3=1 LUT6=3 MUXF7=1)
  Clock Path Skew:        -0.010ns (DCD - SCD + CPR)
    Destination Clock Delay (DCD):    0.020ns = ( 2.020 - 2.000 ) 
    Source Clock Delay      (SCD):    0.030ns
    Clock Pessimism Removal (CPR):    0.000ns
  Clock Uncertainty:      0.035ns  ((TSJ^2 + TIJ^2)^1/2 + DJ) / 2 + PE
    Total System Jitter     (TSJ):    0.071ns
    Total Input Jitter      (TIJ):    0.000ns
    Discrete Jitter          (DJ):    0.000ns
    Phase Error              (PE):    0.000ns

    Location             Delay type                Incr(ns)  Path(ns)    Netlist Resource(s)
  -------------------------------------------------------------------    -------------------
                         (clock clk rise edge)        0.000     0.000 r  
                                                      0.000     0.000 r  clk (IN)
                         net (fo=33320, unset)        0.030     0.030    clk
    SLICE_X101Y76        FDCE                                         r  kernel_vector_q_reg[0]_rep__0/C
  -------------------------------------------------------------------    -------------------
    SLICE_X101Y76        FDCE (Prop_AFF2_SLICEM_C_Q)
                                                      0.080     0.110 r  kernel_vector_q_reg[0]_rep__0/Q
                         net (fo=96, routed)          0.564     0.674    kernel_vector_q_reg[0]_rep__0_n_0
    SLICE_X103Y80        LUT6 (Prop_F6LUT_SLICEM_I4_O)
                                                      0.037     0.711 r  u_unified_p4_kernel_i_827/O
                         net (fo=1, routed)           0.023     0.734    u_unified_p4_kernel_i_827_n_0
    SLICE_X103Y80        MUXF7 (Prop_F7MUX_EF_SLICEM_I0_O)
                                                      0.068     0.802 r  u_unified_p4_kernel_i_655/O
                         net (fo=2, routed)           0.726     1.528    u_unified_p4_kernel_i_655_n_0
    SLICE_X95Y40         LUT3 (Prop_F6LUT_SLICEM_I0_O)
                                                      0.051     1.579 r  u_unified_p4_kernel_i_534/O
                         net (fo=2, routed)           0.213     1.792    u_unified_p4_kernel_i_534_n_0
    SLICE_X94Y36         LUT6 (Prop_F6LUT_SLICEL_I5_O)
                                                      0.123     1.915 r  u_unified_p4_kernel_i_329/O
                         net (fo=1, routed)           0.092     2.007    u_unified_p4_kernel_i_329_n_0
    SLICE_X95Y36         LUT2 (Prop_E6LUT_SLICEM_I1_O)
                                                      0.052     2.059 f  u_unified_p4_kernel_i_135/O
                         net (fo=2, routed)           0.293     2.352    u_unified_p4_kernel_i_135_n_0
    SLICE_X91Y30         LUT6 (Prop_C6LUT_SLICEL_I1_O)
                                                      0.050     2.402 r  u_unified_p4_kernel_i_22/O
                         net (fo=45, routed)          0.597     2.999    u_unified_p4_kernel/in_data[44]
    SLICE_X85Y16         FDRE                                         r  u_unified_p4_kernel/input_mem_reg[3][38][12]/D
  -------------------------------------------------------------------    -------------------

                         (clock clk rise edge)        2.000     2.000 r  
                                                      0.000     2.000 r  clk (IN)
                         net (fo=33320, unset)        0.020     2.020    u_unified_p4_kernel/clk
    SLICE_X85Y16         FDRE                                         r  u_unified_p4_kernel/input_mem_reg[3][38][12]/C
                         clock pessimism              0.000     2.020    
                         clock uncertainty           -0.035     1.985    
    SLICE_X85Y16         FDRE (Setup_HFF_SLICEL_C_D)
                                                      0.025     2.010    u_unified_p4_kernel/input_mem_reg[3][38][12]
  -------------------------------------------------------------------
                         required time                          2.010    
                         arrival time                          -2.999    
  -------------------------------------------------------------------
                         slack                                 -0.989    

Slack (VIOLATED) :        -0.989ns  (required time - arrival time)
  Source:                 kernel_vector_q_reg[0]_rep__0/C
                            (rising edge-triggered cell FDCE clocked by clk  {rise@0.000ns fall@1.000ns period=2.000ns})
  Destination:            u_unified_p4_kernel/input_mem_reg[2][54][12]/D
                            (rising edge-triggered cell FDRE clocked by clk  {rise@0.000ns fall@1.000ns period=2.000ns})
  Path Group:             clk
  Path Type:              Setup (Max at Slow Process Corner)
  Requirement:            2.000ns  (clk rise@2.000ns - clk rise@0.000ns)
  Data Path Delay:        2.969ns  (logic 0.461ns (15.529%)  route 2.508ns (84.471%))
  Logic Levels:           6  (LUT2=1 LUT3=1 LUT6=3 MUXF7=1)
  Clock Path Skew:        -0.010ns (DCD - SCD + CPR)
    Destination Clock Delay (DCD):    0.020ns = ( 2.020 - 2.000 ) 
    Source Clock Delay      (SCD):    0.030ns
    Clock Pessimism Removal (CPR):    0.000ns
  Clock Uncertainty:      0.035ns  ((TSJ^2 + TIJ^2)^1/2 + DJ) / 2 + PE
    Total System Jitter     (TSJ):    0.071ns
    Total Input Jitter      (TIJ):    0.000ns
    Discrete Jitter          (DJ):    0.000ns
    Phase Error              (PE):    0.000ns

    Location             Delay type                Incr(ns)  Path(ns)    Netlist Resource(s)
  -------------------------------------------------------------------    -------------------
                         (clock clk rise edge)        0.000     0.000 r  
                                                      0.000     0.000 r  clk (IN)
                         net (fo=33320, unset)        0.030     0.030    clk
    SLICE_X101Y76        FDCE                                         r  kernel_vector_q_reg[0]_rep__0/C
  -------------------------------------------------------------------    -------------------
    SLICE_X101Y76        FDCE (Prop_AFF2_SLICEM_C_Q)
                                                      0.080     0.110 r  kernel_vector_q_reg[0]_rep__0/Q
                         net (fo=96, routed)          0.564     0.674    kernel_vector_q_reg[0]_rep__0_n_0
    SLICE_X103Y80        LUT6 (Prop_F6LUT_SLICEM_I4_O)
                                                      0.037     0.711 r  u_unified_p4_kernel_i_827/O
                         net (fo=1, routed)           0.023     0.734    u_unified_p4_kernel_i_827_n_0
    SLICE_X103Y80        MUXF7 (Prop_F7MUX_EF_SLICEM_I0_O)
                                                      0.068     0.802 r  u_unified_p4_kernel_i_655/O
                         net (fo=2, routed)           0.726     1.528    u_unified_p4_kernel_i_655_n_0
    SLICE_X95Y40         LUT3 (Prop_F6LUT_SLICEM_I0_O)
                                                      0.051     1.579 r  u_unified_p4_kernel_i_534/O
                         net (fo=2, routed)           0.213     1.792    u_unified_p4_kernel_i_534_n_0
    SLICE_X94Y36         LUT6 (Prop_F6LUT_SLICEL_I5_O)
                                                      0.123     1.915 r  u_unified_p4_kernel_i_329/O
                         net (fo=1, routed)           0.092     2.007    u_unified_p4_kernel_i_329_n_0
    SLICE_X95Y36         LUT2 (Prop_E6LUT_SLICEM_I1_O)
                                                      0.052     2.059 f  u_unified_p4_kernel_i_135/O
                         net (fo=2, routed)           0.293     2.352    u_unified_p4_kernel_i_135_n_0
    SLICE_X91Y30         LUT6 (Prop_C6LUT_SLICEL_I1_O)
                                                      0.050     2.402 r  u_unified_p4_kernel_i_22/O
                         net (fo=45, routed)          0.597     2.999    u_unified_p4_kernel/in_data[44]
    SLICE_X88Y9          FDRE                                         r  u_unified_p4_kernel/input_mem_reg[2][54][12]/D
  -------------------------------------------------------------------    -------------------

                         (clock clk rise edge)        2.000     2.000 r  
                                                      0.000     2.000 r  clk (IN)
                         net (fo=33320, unset)        0.020     2.020    u_unified_p4_kernel/clk
    SLICE_X88Y9          FDRE                                         r  u_unified_p4_kernel/input_mem_reg[2][54][12]/C
                         clock pessimism              0.000     2.020    
                         clock uncertainty           -0.035     1.985    
    SLICE_X88Y9          FDRE (Setup_DFF2_SLICEL_C_D)
                                                      0.025     2.010    u_unified_p4_kernel/input_mem_reg[2][54][12]
  -------------------------------------------------------------------
                         required time                          2.010    
                         arrival time                          -2.999    
  -------------------------------------------------------------------
                         slack                                 -0.989    

Slack (VIOLATED) :        -0.988ns  (required time - arrival time)
  Source:                 kernel_vector_q_reg[0]_rep__0/C
                            (rising edge-triggered cell FDCE clocked by clk  {rise@0.000ns fall@1.000ns period=2.000ns})
  Destination:            u_unified_p4_kernel/input_mem_reg[0][58][12]/D
                            (rising edge-triggered cell FDRE clocked by clk  {rise@0.000ns fall@1.000ns period=2.000ns})
  Path Group:             clk
  Path Type:              Setup (Max at Slow Process Corner)
  Requirement:            2.000ns  (clk rise@2.000ns - clk rise@0.000ns)
  Data Path Delay:        2.969ns  (logic 0.461ns (15.528%)  route 2.508ns (84.472%))
  Logic Levels:           6  (LUT2=1 LUT3=1 LUT6=3 MUXF7=1)
  Clock Path Skew:        -0.009ns (DCD - SCD + CPR)
    Destination Clock Delay (DCD):    0.021ns = ( 2.021 - 2.000 ) 
    Source Clock Delay      (SCD):    0.030ns
    Clock Pessimism Removal (CPR):    0.000ns
  Clock Uncertainty:      0.035ns  ((TSJ^2 + TIJ^2)^1/2 + DJ) / 2 + PE
    Total System Jitter     (TSJ):    0.071ns
    Total Input Jitter      (TIJ):    0.000ns
    Discrete Jitter          (DJ):    0.000ns
    Phase Error              (PE):    0.000ns

    Location             Delay type                Incr(ns)  Path(ns)    Netlist Resource(s)
  -------------------------------------------------------------------    -------------------
                         (clock clk rise edge)        0.000     0.000 r  
                                                      0.000     0.000 r  clk (IN)
                         net (fo=33320, unset)        0.030     0.030    clk
    SLICE_X101Y76        FDCE                                         r  kernel_vector_q_reg[0]_rep__0/C
  -------------------------------------------------------------------    -------------------
    SLICE_X101Y76        FDCE (Prop_AFF2_SLICEM_C_Q)
                                                      0.080     0.110 r  kernel_vector_q_reg[0]_rep__0/Q
                         net (fo=96, routed)          0.564     0.674    kernel_vector_q_reg[0]_rep__0_n_0
    SLICE_X103Y80        LUT6 (Prop_F6LUT_SLICEM_I4_O)
                                                      0.037     0.711 r  u_unified_p4_kernel_i_827/O
                         net (fo=1, routed)           0.023     0.734    u_unified_p4_kernel_i_827_n_0
    SLICE_X103Y80        MUXF7 (Prop_F7MUX_EF_SLICEM_I0_O)
                                                      0.068     0.802 r  u_unified_p4_kernel_i_655/O
                         net (fo=2, routed)           0.726     1.528    u_unified_p4_kernel_i_655_n_0
    SLICE_X95Y40         LUT3 (Prop_F6LUT_SLICEM_I0_O)
                                                      0.051     1.579 r  u_unified_p4_kernel_i_534/O
                         net (fo=2, routed)           0.213     1.792    u_unified_p4_kernel_i_534_n_0
    SLICE_X94Y36         LUT6 (Prop_F6LUT_SLICEL_I5_O)
                                                      0.123     1.915 r  u_unified_p4_kernel_i_329/O
                         net (fo=1, routed)           0.092     2.007    u_unified_p4_kernel_i_329_n_0
    SLICE_X95Y36         LUT2 (Prop_E6LUT_SLICEM_I1_O)
                                                      0.052     2.059 f  u_unified_p4_kernel_i_135/O
                         net (fo=2, routed)           0.293     2.352    u_unified_p4_kernel_i_135_n_0
    SLICE_X91Y30         LUT6 (Prop_C6LUT_SLICEL_I1_O)
                                                      0.050     2.402 r  u_unified_p4_kernel_i_22/O
                         net (fo=45, routed)          0.597     2.999    u_unified_p4_kernel/in_data[44]
    SLICE_X82Y14         FDRE                                         r  u_unified_p4_kernel/input_mem_reg[0][58][12]/D
  -------------------------------------------------------------------    -------------------

                         (clock clk rise edge)        2.000     2.000 r  
                                                      0.000     2.000 r  clk (IN)
                         net (fo=33320, unset)        0.021     2.021    u_unified_p4_kernel/clk
    SLICE_X82Y14         FDRE                                         r  u_unified_p4_kernel/input_mem_reg[0][58][12]/C
                         clock pessimism              0.000     2.021    
                         clock uncertainty           -0.035     1.986    
    SLICE_X82Y14         FDRE (Setup_GFF2_SLICEM_C_D)
                                                      0.025     2.011    u_unified_p4_kernel/input_mem_reg[0][58][12]
  -------------------------------------------------------------------
                         required time                          2.011    
                         arrival time                          -2.999    
  -------------------------------------------------------------------
                         slack                                 -0.988    

Slack (VIOLATED) :        -0.986ns  (required time - arrival time)
  Source:                 kernel_vector_q_reg[0]_rep__0/C
                            (rising edge-triggered cell FDCE clocked by clk  {rise@0.000ns fall@1.000ns period=2.000ns})
  Destination:            u_unified_p4_kernel/input_mem_reg[1][54][12]/D
                            (rising edge-triggered cell FDRE clocked by clk  {rise@0.000ns fall@1.000ns period=2.000ns})
  Path Group:             clk
  Path Type:              Setup (Max at Slow Process Corner)
  Requirement:            2.000ns  (clk rise@2.000ns - clk rise@0.000ns)
  Data Path Delay:        2.967ns  (logic 0.461ns (15.540%)  route 2.506ns (84.460%))
  Logic Levels:           6  (LUT2=1 LUT3=1 LUT6=3 MUXF7=1)
  Clock Path Skew:        -0.009ns (DCD - SCD + CPR)
    Destination Clock Delay (DCD):    0.021ns = ( 2.021 - 2.000 ) 
    Source Clock Delay      (SCD):    0.030ns
    Clock Pessimism Removal (CPR):    0.000ns
  Clock Uncertainty:      0.035ns  ((TSJ^2 + TIJ^2)^1/2 + DJ) / 2 + PE
    Total System Jitter     (TSJ):    0.071ns
    Total Input Jitter      (TIJ):    0.000ns
    Discrete Jitter          (DJ):    0.000ns
    Phase Error              (PE):    0.000ns

    Location             Delay type                Incr(ns)  Path(ns)    Netlist Resource(s)
  -------------------------------------------------------------------    -------------------
                         (clock clk rise edge)        0.000     0.000 r  
                                                      0.000     0.000 r  clk (IN)
                         net (fo=33320, unset)        0.030     0.030    clk
    SLICE_X101Y76        FDCE                                         r  kernel_vector_q_reg[0]_rep__0/C
  -------------------------------------------------------------------    -------------------
    SLICE_X101Y76        FDCE (Prop_AFF2_SLICEM_C_Q)
                                                      0.080     0.110 r  kernel_vector_q_reg[0]_rep__0/Q
                         net (fo=96, routed)          0.564     0.674    kernel_vector_q_reg[0]_rep__0_n_0
    SLICE_X103Y80        LUT6 (Prop_F6LUT_SLICEM_I4_O)
                                                      0.037     0.711 r  u_unified_p4_kernel_i_827/O
                         net (fo=1, routed)           0.023     0.734    u_unified_p4_kernel_i_827_n_0
    SLICE_X103Y80        MUXF7 (Prop_F7MUX_EF_SLICEM_I0_O)
                                                      0.068     0.802 r  u_unified_p4_kernel_i_655/O
                         net (fo=2, routed)           0.726     1.528    u_unified_p4_kernel_i_655_n_0
    SLICE_X95Y40         LUT3 (Prop_F6LUT_SLICEM_I0_O)
                                                      0.051     1.579 r  u_unified_p4_kernel_i_534/O
                         net (fo=2, routed)           0.213     1.792    u_unified_p4_kernel_i_534_n_0
    SLICE_X94Y36         LUT6 (Prop_F6LUT_SLICEL_I5_O)
                                                      0.123     1.915 r  u_unified_p4_kernel_i_329/O
                         net (fo=1, routed)           0.092     2.007    u_unified_p4_kernel_i_329_n_0
    SLICE_X95Y36         LUT2 (Prop_E6LUT_SLICEM_I1_O)
                                                      0.052     2.059 f  u_unified_p4_kernel_i_135/O
                         net (fo=2, routed)           0.293     2.352    u_unified_p4_kernel_i_135_n_0
    SLICE_X91Y30         LUT6 (Prop_C6LUT_SLICEL_I1_O)
                                                      0.050     2.402 r  u_unified_p4_kernel_i_22/O
                         net (fo=45, routed)          0.595     2.997    u_unified_p4_kernel/in_data[44]
    SLICE_X89Y10         FDRE                                         r  u_unified_p4_kernel/input_mem_reg[1][54][12]/D
  -------------------------------------------------------------------    -------------------

                         (clock clk rise edge)        2.000     2.000 r  
                                                      0.000     2.000 r  clk (IN)
                         net (fo=33320, unset)        0.021     2.021    u_unified_p4_kernel/clk
    SLICE_X89Y10         FDRE                                         r  u_unified_p4_kernel/input_mem_reg[1][54][12]/C
                         clock pessimism              0.000     2.021    
                         clock uncertainty           -0.035     1.986    
    SLICE_X89Y10         FDRE (Setup_DFF2_SLICEM_C_D)
                                                      0.025     2.011    u_unified_p4_kernel/input_mem_reg[1][54][12]
  -------------------------------------------------------------------
                         required time                          2.011    
                         arrival time                          -2.997    
  -------------------------------------------------------------------
                         slack                                 -0.986    

Slack (VIOLATED) :        -0.983ns  (required time - arrival time)
  Source:                 kernel_stage_q_reg_replica_11/C
                            (rising edge-triggered cell FDCE clocked by clk  {rise@0.000ns fall@1.000ns period=2.000ns})
  Destination:            lfnst_mem_resp_data_q_reg[1]/D
                            (rising edge-triggered cell FDCE clocked by clk  {rise@0.000ns fall@1.000ns period=2.000ns})
  Path Group:             clk
  Path Type:              Setup (Max at Slow Process Corner)
  Requirement:            2.000ns  (clk rise@2.000ns - clk rise@0.000ns)
  Data Path Delay:        2.964ns  (logic 0.918ns (30.977%)  route 2.046ns (69.023%))
  Logic Levels:           8  (LUT5=2 LUT6=3 MUXF7=1 MUXF8=1 RAMD64E=1)
  Clock Path Skew:        -0.009ns (DCD - SCD + CPR)
    Destination Clock Delay (DCD):    0.020ns = ( 2.020 - 2.000 ) 
    Source Clock Delay      (SCD):    0.029ns
    Clock Pessimism Removal (CPR):    0.000ns
  Clock Uncertainty:      0.035ns  ((TSJ^2 + TIJ^2)^1/2 + DJ) / 2 + PE
    Total System Jitter     (TSJ):    0.071ns
    Total Input Jitter      (TIJ):    0.000ns
    Discrete Jitter          (DJ):    0.000ns
    Phase Error              (PE):    0.000ns

    Location             Delay type                Incr(ns)  Path(ns)    Netlist Resource(s)
  -------------------------------------------------------------------    -------------------
                         (clock clk rise edge)        0.000     0.000 r  
                                                      0.000     0.000 r  clk (IN)
                         net (fo=33320, unset)        0.029     0.029    clk
    SLICE_X78Y139        FDCE                                         r  kernel_stage_q_reg_replica_11/C
  -------------------------------------------------------------------    -------------------
    SLICE_X78Y139        FDCE (Prop_GFF_SLICEL_C_Q)
                                                      0.079     0.108 f  kernel_stage_q_reg_replica_11/Q
                         net (fo=3, routed)           0.108     0.216    kernel_stage_q_reg_n_0_repN_11
    SLICE_X78Y138        LUT6 (Prop_C6LUT_SLICEL_I3_O)
                                                      0.123     0.339 r  gen_input_slots[1].gen_input_banks[3].u_input_cache_bank_i_67/O
                         net (fo=70, routed)          0.364     0.703    gen_input_slots[1].gen_input_banks[3].u_input_cache_bank_i_67_n_0
    SLICE_X79Y154        LUT6 (Prop_F6LUT_SLICEM_I0_O)
                                                      0.123     0.826 r  gen_input_slots[1].gen_input_banks[0].u_input_cache_bank_i_45/O
                         net (fo=240, routed)         0.751     1.576    gen_input_slots[1].gen_input_banks[0].u_input_cache_bank/data_mem_reg_960_1023_0_6/ADDRB0
    SLICE_X82Y188        RAMD64E (Prop_B6LUT_SLICEM_RADR0_O)
                                                      0.149     1.725 r  gen_input_slots[1].gen_input_banks[0].u_input_cache_bank/data_mem_reg_960_1023_0_6/RAMB/O
                         net (fo=1, routed)           0.242     1.967    gen_input_slots[1].gen_input_banks[0].u_input_cache_bank/data_mem_reg_960_1023_0_6_n_1
    SLICE_X83Y186        LUT6 (Prop_A6LUT_SLICEL_I0_O)
                                                      0.124     2.091 r  gen_input_slots[1].gen_input_banks[0].u_input_cache_bank/rd_data[1]_INST_0_i_6/O
                         net (fo=1, routed)           0.009     2.100    gen_input_slots[1].gen_input_banks[0].u_input_cache_bank/rd_data[1]_INST_0_i_6_n_0
    SLICE_X83Y186        MUXF7 (Prop_F7MUX_AB_SLICEL_I1_O)
                                                      0.057     2.157 r  gen_input_slots[1].gen_input_banks[0].u_input_cache_bank/rd_data[1]_INST_0_i_2/O
                         net (fo=1, routed)           0.000     2.157    gen_input_slots[1].gen_input_banks[0].u_input_cache_bank/rd_data[1]_INST_0_i_2_n_0
    SLICE_X83Y186        MUXF8 (Prop_F8MUX_BOT_SLICEL_I1_O)
                                                      0.026     2.183 r  gen_input_slots[1].gen_input_banks[0].u_input_cache_bank/rd_data[1]_INST_0/O
                         net (fo=2, routed)           0.465     2.649    input_rd_data[1][0][1]
    SLICE_X78Y187        LUT5 (Prop_F6LUT_SLICEL_I2_O)
                                                      0.089     2.738 r  lfnst_mem_resp_data_q[1]_i_5/O
                         net (fo=1, routed)           0.058     2.796    lfnst_mem_resp_data_q[1]_i_5_n_0
    SLICE_X78Y187        LUT5 (Prop_B6LUT_SLICEL_I4_O)
                                                      0.148     2.944 r  lfnst_mem_resp_data_q[1]_i_1/O
                         net (fo=1, routed)           0.049     2.993    lfnst_gather_rd_data[1]
    SLICE_X78Y187        FDCE                                         r  lfnst_mem_resp_data_q_reg[1]/D
  -------------------------------------------------------------------    -------------------

                         (clock clk rise edge)        2.000     2.000 r  
                                                      0.000     2.000 r  clk (IN)
                         net (fo=33320, unset)        0.020     2.020    clk
    SLICE_X78Y187        FDCE                                         r  lfnst_mem_resp_data_q_reg[1]/C
                         clock pessimism              0.000     2.020    
                         clock uncertainty           -0.035     1.985    
    SLICE_X78Y187        FDCE (Setup_BFF_SLICEL_C_D)
                                                      0.025     2.010    lfnst_mem_resp_data_q_reg[1]
  -------------------------------------------------------------------
                         required time                          2.010    
                         arrival time                          -2.993    
  -------------------------------------------------------------------
                         slack                                 -0.983    

Slack (VIOLATED) :        -0.982ns  (required time - arrival time)
  Source:                 lfnst_grid_reg[30][1]/C
                            (rising edge-triggered cell FDCE clocked by clk  {rise@0.000ns fall@1.000ns period=2.000ns})
  Destination:            u_unified_p4_kernel/input_mem_reg[3][14][1]/D
                            (rising edge-triggered cell FDRE clocked by clk  {rise@0.000ns fall@1.000ns period=2.000ns})
  Path Group:             clk
  Path Type:              Setup (Max at Slow Process Corner)
  Requirement:            2.000ns  (clk rise@2.000ns - clk rise@0.000ns)
  Data Path Delay:        2.964ns  (logic 0.667ns (22.503%)  route 2.297ns (77.497%))
  Logic Levels:           6  (LUT2=1 LUT3=1 LUT6=3 MUXF7=1)
  Clock Path Skew:        -0.008ns (DCD - SCD + CPR)
    Destination Clock Delay (DCD):    0.020ns = ( 2.020 - 2.000 ) 
    Source Clock Delay      (SCD):    0.028ns
    Clock Pessimism Removal (CPR):    0.000ns
  Clock Uncertainty:      0.035ns  ((TSJ^2 + TIJ^2)^1/2 + DJ) / 2 + PE
    Total System Jitter     (TSJ):    0.071ns
    Total Input Jitter      (TIJ):    0.000ns
    Discrete Jitter          (DJ):    0.000ns
    Phase Error              (PE):    0.000ns

    Location             Delay type                Incr(ns)  Path(ns)    Netlist Resource(s)
  -------------------------------------------------------------------    -------------------
                         (clock clk rise edge)        0.000     0.000 r  
                                                      0.000     0.000 r  clk (IN)
                         net (fo=33320, unset)        0.028     0.028    clk
    SLICE_X102Y81        FDCE                                         r  lfnst_grid_reg[30][1]/C
  -------------------------------------------------------------------    -------------------
    SLICE_X102Y81        FDCE (Prop_CFF_SLICEL_C_Q)
                                                      0.079     0.107 r  lfnst_grid_reg[30][1]/Q
                         net (fo=1, routed)           0.474     0.581    lfnst_grid_reg_n_0_[30][1]
    SLICE_X100Y77        LUT6 (Prop_G6LUT_SLICEL_I1_O)
                                                      0.123     0.704 r  u_unified_p4_kernel_i_1000/O
                         net (fo=1, routed)           0.008     0.712    u_unified_p4_kernel_i_1000_n_0
    SLICE_X100Y77        MUXF7 (Prop_F7MUX_GH_SLICEL_I1_O)
                                                      0.063     0.775 r  u_unified_p4_kernel_i_741/O
                         net (fo=2, routed)           0.435     1.210    u_unified_p4_kernel_i_741_n_0
    SLICE_X96Y63         LUT3 (Prop_A6LUT_SLICEM_I0_O)
                                                      0.053     1.263 r  u_unified_p4_kernel_i_577/O
                         net (fo=2, routed)           0.110     1.373    u_unified_p4_kernel_i_577_n_0
    SLICE_X96Y63         LUT6 (Prop_H6LUT_SLICEM_I4_O)
                                                      0.125     1.498 r  u_unified_p4_kernel_i_351/O
                         net (fo=1, routed)           0.526     2.024    u_unified_p4_kernel_i_351_n_0
    SLICE_X90Y29         LUT2 (Prop_G6LUT_SLICEM_I1_O)
                                                      0.123     2.147 f  u_unified_p4_kernel_i_168/O
                         net (fo=1, routed)           0.047     2.194    u_unified_p4_kernel_i_168_n_0
    SLICE_X90Y29         LUT6 (Prop_H6LUT_SLICEM_I1_O)
                                                      0.101     2.295 r  u_unified_p4_kernel_i_33/O
                         net (fo=64, routed)          0.697     2.992    u_unified_p4_kernel/in_data[33]
    SLICE_X97Y13         FDRE                                         r  u_unified_p4_kernel/input_mem_reg[3][14][1]/D
  -------------------------------------------------------------------    -------------------

                         (clock clk rise edge)        2.000     2.000 r  
                                                      0.000     2.000 r  clk (IN)
                         net (fo=33320, unset)        0.020     2.020    u_unified_p4_kernel/clk
    SLICE_X97Y13         FDRE                                         r  u_unified_p4_kernel/input_mem_reg[3][14][1]/C
                         clock pessimism              0.000     2.020    
                         clock uncertainty           -0.035     1.985    
    SLICE_X97Y13         FDRE (Setup_FFF_SLICEL_C_D)
                                                      0.025     2.010    u_unified_p4_kernel/input_mem_reg[3][14][1]
  -------------------------------------------------------------------
                         required time                          2.010    
                         arrival time                          -2.992    
  -------------------------------------------------------------------
                         slack                                 -0.982    

Slack (VIOLATED) :        -0.981ns  (required time - arrival time)
  Source:                 kernel_stage_q_reg_replica_11/C
                            (rising edge-triggered cell FDCE clocked by clk  {rise@0.000ns fall@1.000ns period=2.000ns})
  Destination:            lfnst_mem_resp_data_q_reg[0]/D
                            (rising edge-triggered cell FDCE clocked by clk  {rise@0.000ns fall@1.000ns period=2.000ns})
  Path Group:             clk
  Path Type:              Setup (Max at Slow Process Corner)
  Requirement:            2.000ns  (clk rise@2.000ns - clk rise@0.000ns)
  Data Path Delay:        2.962ns  (logic 0.833ns (28.126%)  route 2.129ns (71.874%))
  Logic Levels:           8  (LUT5=1 LUT6=4 MUXF7=1 MUXF8=1 RAMD64E=1)
  Clock Path Skew:        -0.009ns (DCD - SCD + CPR)
    Destination Clock Delay (DCD):    0.020ns = ( 2.020 - 2.000 ) 
    Source Clock Delay      (SCD):    0.029ns
    Clock Pessimism Removal (CPR):    0.000ns
  Clock Uncertainty:      0.035ns  ((TSJ^2 + TIJ^2)^1/2 + DJ) / 2 + PE
    Total System Jitter     (TSJ):    0.071ns
    Total Input Jitter      (TIJ):    0.000ns
    Discrete Jitter          (DJ):    0.000ns
    Phase Error              (PE):    0.000ns

    Location             Delay type                Incr(ns)  Path(ns)    Netlist Resource(s)
  -------------------------------------------------------------------    -------------------
                         (clock clk rise edge)        0.000     0.000 r  
                                                      0.000     0.000 r  clk (IN)
                         net (fo=33320, unset)        0.029     0.029    clk
    SLICE_X78Y139        FDCE                                         r  kernel_stage_q_reg_replica_11/C
  -------------------------------------------------------------------    -------------------
    SLICE_X78Y139        FDCE (Prop_GFF_SLICEL_C_Q)
                                                      0.079     0.108 f  kernel_stage_q_reg_replica_11/Q
                         net (fo=3, routed)           0.108     0.216    kernel_stage_q_reg_n_0_repN_11
    SLICE_X78Y138        LUT6 (Prop_C6LUT_SLICEL_I3_O)
                                                      0.123     0.339 r  gen_input_slots[1].gen_input_banks[3].u_input_cache_bank_i_67/O
                         net (fo=70, routed)          0.638     0.977    gen_input_slots[1].gen_input_banks[3].u_input_cache_bank_i_67_n_0
    SLICE_X80Y177        LUT6 (Prop_A6LUT_SLICEL_I0_O)
                                                      0.050     1.027 r  gen_input_slots[1].gen_input_banks[1].u_input_cache_bank_i_45/O
                         net (fo=217, routed)         0.550     1.578    gen_input_slots[1].gen_input_banks[1].u_input_cache_bank/data_mem_reg_768_831_0_6/ADDRA0
    SLICE_X82Y197        RAMD64E (Prop_A6LUT_SLICEM_RADR0_O)
                                                      0.150     1.728 r  gen_input_slots[1].gen_input_banks[1].u_input_cache_bank/data_mem_reg_768_831_0_6/RAMA/O
                         net (fo=1, routed)           0.263     1.991    gen_input_slots[1].gen_input_banks[1].u_input_cache_bank/data_mem_reg_768_831_0_6_n_0
    SLICE_X85Y195        LUT6 (Prop_A6LUT_SLICEL_I5_O)
                                                      0.149     2.140 r  gen_input_slots[1].gen_input_banks[1].u_input_cache_bank/rd_data[0]_INST_0_i_6/O
                         net (fo=1, routed)           0.009     2.149    gen_input_slots[1].gen_input_banks[1].u_input_cache_bank/rd_data[0]_INST_0_i_6_n_0
    SLICE_X85Y195        MUXF7 (Prop_F7MUX_AB_SLICEL_I1_O)
                                                      0.057     2.206 r  gen_input_slots[1].gen_input_banks[1].u_input_cache_bank/rd_data[0]_INST_0_i_2/O
                         net (fo=1, routed)           0.000     2.206    gen_input_slots[1].gen_input_banks[1].u_input_cache_bank/rd_data[0]_INST_0_i_2_n_0
    SLICE_X85Y195        MUXF8 (Prop_F8MUX_BOT_SLICEL_I1_O)
                                                      0.026     2.232 r  gen_input_slots[1].gen_input_banks[1].u_input_cache_bank/rd_data[0]_INST_0/O
                         net (fo=2, routed)           0.406     2.638    input_rd_data[1][1][0]
    SLICE_X76Y187        LUT5 (Prop_G6LUT_SLICEL_I2_O)
                                                      0.050     2.688 r  lfnst_mem_resp_data_q[0]_i_2/O
                         net (fo=1, routed)           0.106     2.794    lfnst_mem_resp_data_q[0]_i_2_n_0
    SLICE_X78Y187        LUT6 (Prop_A6LUT_SLICEL_I1_O)
                                                      0.149     2.943 r  lfnst_mem_resp_data_q[0]_i_1_comp/O
                         net (fo=1, routed)           0.048     2.991    lfnst_gather_rd_data[0]
    SLICE_X78Y187        FDCE                                         r  lfnst_mem_resp_data_q_reg[0]/D
  -------------------------------------------------------------------    -------------------

                         (clock clk rise edge)        2.000     2.000 r  
                                                      0.000     2.000 r  clk (IN)
                         net (fo=33320, unset)        0.020     2.020    clk
    SLICE_X78Y187        FDCE                                         r  lfnst_mem_resp_data_q_reg[0]/C
                         clock pessimism              0.000     2.020    
                         clock uncertainty           -0.035     1.985    
    SLICE_X78Y187        FDCE (Setup_AFF_SLICEL_C_D)
                                                      0.025     2.010    lfnst_mem_resp_data_q_reg[0]
  -------------------------------------------------------------------
                         required time                          2.010    
                         arrival time                          -2.991    
  -------------------------------------------------------------------
                         slack                                 -0.981    

Slack (VIOLATED) :        -0.981ns  (required time - arrival time)
  Source:                 lfnst_grid_reg[30][1]/C
                            (rising edge-triggered cell FDCE clocked by clk  {rise@0.000ns fall@1.000ns period=2.000ns})
  Destination:            u_unified_p4_kernel/input_mem_reg[0][22][1]/D
                            (rising edge-triggered cell FDRE clocked by clk  {rise@0.000ns fall@1.000ns period=2.000ns})
  Path Group:             clk
  Path Type:              Setup (Max at Slow Process Corner)
  Requirement:            2.000ns  (clk rise@2.000ns - clk rise@0.000ns)
  Data Path Delay:        2.962ns  (logic 0.667ns (22.517%)  route 2.295ns (77.483%))
  Logic Levels:           6  (LUT2=1 LUT3=1 LUT6=3 MUXF7=1)
  Clock Path Skew:        -0.008ns (DCD - SCD + CPR)
    Destination Clock Delay (DCD):    0.020ns = ( 2.020 - 2.000 ) 
    Source Clock Delay      (SCD):    0.028ns
    Clock Pessimism Removal (CPR):    0.000ns
  Clock Uncertainty:      0.035ns  ((TSJ^2 + TIJ^2)^1/2 + DJ) / 2 + PE
    Total System Jitter     (TSJ):    0.071ns
    Total Input Jitter      (TIJ):    0.000ns
    Discrete Jitter          (DJ):    0.000ns
    Phase Error              (PE):    0.000ns

    Location             Delay type                Incr(ns)  Path(ns)    Netlist Resource(s)
  -------------------------------------------------------------------    -------------------
                         (clock clk rise edge)        0.000     0.000 r  
                                                      0.000     0.000 r  clk (IN)
                         net (fo=33320, unset)        0.028     0.028    clk
    SLICE_X102Y81        FDCE                                         r  lfnst_grid_reg[30][1]/C
  -------------------------------------------------------------------    -------------------
    SLICE_X102Y81        FDCE (Prop_CFF_SLICEL_C_Q)
                                                      0.079     0.107 r  lfnst_grid_reg[30][1]/Q
                         net (fo=1, routed)           0.474     0.581    lfnst_grid_reg_n_0_[30][1]
    SLICE_X100Y77        LUT6 (Prop_G6LUT_SLICEL_I1_O)
                                                      0.123     0.704 r  u_unified_p4_kernel_i_1000/O
                         net (fo=1, routed)           0.008     0.712    u_unified_p4_kernel_i_1000_n_0
    SLICE_X100Y77        MUXF7 (Prop_F7MUX_GH_SLICEL_I1_O)
                                                      0.063     0.775 r  u_unified_p4_kernel_i_741/O
                         net (fo=2, routed)           0.435     1.210    u_unified_p4_kernel_i_741_n_0
    SLICE_X96Y63         LUT3 (Prop_A6LUT_SLICEM_I0_O)
                                                      0.053     1.263 r  u_unified_p4_kernel_i_577/O
                         net (fo=2, routed)           0.110     1.373    u_unified_p4_kernel_i_577_n_0
    SLICE_X96Y63         LUT6 (Prop_H6LUT_SLICEM_I4_O)
                                                      0.125     1.498 r  u_unified_p4_kernel_i_351/O
                         net (fo=1, routed)           0.526     2.024    u_unified_p4_kernel_i_351_n_0
    SLICE_X90Y29         LUT2 (Prop_G6LUT_SLICEM_I1_O)
                                                      0.123     2.147 f  u_unified_p4_kernel_i_168/O
                         net (fo=1, routed)           0.047     2.194    u_unified_p4_kernel_i_168_n_0
    SLICE_X90Y29         LUT6 (Prop_H6LUT_SLICEM_I1_O)
                                                      0.101     2.295 r  u_unified_p4_kernel_i_33/O
                         net (fo=64, routed)          0.695     2.990    u_unified_p4_kernel/in_data[33]
    SLICE_X99Y13         FDRE                                         r  u_unified_p4_kernel/input_mem_reg[0][22][1]/D
  -------------------------------------------------------------------    -------------------

                         (clock clk rise edge)        2.000     2.000 r  
                                                      0.000     2.000 r  clk (IN)
                         net (fo=33320, unset)        0.020     2.020    u_unified_p4_kernel/clk
    SLICE_X99Y13         FDRE                                         r  u_unified_p4_kernel/input_mem_reg[0][22][1]/C
                         clock pessimism              0.000     2.020    
                         clock uncertainty           -0.035     1.985    
    SLICE_X99Y13         FDRE (Setup_EFF_SLICEL_C_D)
                                                      0.025     2.010    u_unified_p4_kernel/input_mem_reg[0][22][1]
  -------------------------------------------------------------------
                         required time                          2.010    
                         arrival time                          -2.990    
  -------------------------------------------------------------------
                         slack                                 -0.981    

Slack (VIOLATED) :        -0.978ns  (required time - arrival time)
  Source:                 kernel_vector_q_reg[0]_rep__0/C
                            (rising edge-triggered cell FDCE clocked by clk  {rise@0.000ns fall@1.000ns period=2.000ns})
  Destination:            u_unified_p4_kernel/input_mem_reg[0][34][12]/D
                            (rising edge-triggered cell FDRE clocked by clk  {rise@0.000ns fall@1.000ns period=2.000ns})
  Path Group:             clk
  Path Type:              Setup (Max at Slow Process Corner)
  Requirement:            2.000ns  (clk rise@2.000ns - clk rise@0.000ns)
  Data Path Delay:        2.957ns  (logic 0.461ns (15.589%)  route 2.496ns (84.411%))
  Logic Levels:           6  (LUT2=1 LUT3=1 LUT6=3 MUXF7=1)
  Clock Path Skew:        -0.010ns (DCD - SCD + CPR)
    Destination Clock Delay (DCD):    0.020ns = ( 2.020 - 2.000 ) 
    Source Clock Delay      (SCD):    0.030ns
    Clock Pessimism Removal (CPR):    0.000ns
  Clock Uncertainty:      0.035ns  ((TSJ^2 + TIJ^2)^1/2 + DJ) / 2 + PE
    Total System Jitter     (TSJ):    0.071ns
    Total Input Jitter      (TIJ):    0.000ns
    Discrete Jitter          (DJ):    0.000ns
    Phase Error              (PE):    0.000ns

    Location             Delay type                Incr(ns)  Path(ns)    Netlist Resource(s)
  -------------------------------------------------------------------    -------------------
                         (clock clk rise edge)        0.000     0.000 r  
                                                      0.000     0.000 r  clk (IN)
                         net (fo=33320, unset)        0.030     0.030    clk
    SLICE_X101Y76        FDCE                                         r  kernel_vector_q_reg[0]_rep__0/C
  -------------------------------------------------------------------    -------------------
    SLICE_X101Y76        FDCE (Prop_AFF2_SLICEM_C_Q)
                                                      0.080     0.110 r  kernel_vector_q_reg[0]_rep__0/Q
                         net (fo=96, routed)          0.564     0.674    kernel_vector_q_reg[0]_rep__0_n_0
    SLICE_X103Y80        LUT6 (Prop_F6LUT_SLICEM_I4_O)
                                                      0.037     0.711 r  u_unified_p4_kernel_i_827/O
                         net (fo=1, routed)           0.023     0.734    u_unified_p4_kernel_i_827_n_0
    SLICE_X103Y80        MUXF7 (Prop_F7MUX_EF_SLICEM_I0_O)
                                                      0.068     0.802 r  u_unified_p4_kernel_i_655/O
                         net (fo=2, routed)           0.726     1.528    u_unified_p4_kernel_i_655_n_0
    SLICE_X95Y40         LUT3 (Prop_F6LUT_SLICEM_I0_O)
                                                      0.051     1.579 r  u_unified_p4_kernel_i_534/O
                         net (fo=2, routed)           0.213     1.792    u_unified_p4_kernel_i_534_n_0
    SLICE_X94Y36         LUT6 (Prop_F6LUT_SLICEL_I5_O)
                                                      0.123     1.915 r  u_unified_p4_kernel_i_329/O
                         net (fo=1, routed)           0.092     2.007    u_unified_p4_kernel_i_329_n_0
    SLICE_X95Y36         LUT2 (Prop_E6LUT_SLICEM_I1_O)
                                                      0.052     2.059 f  u_unified_p4_kernel_i_135/O
                         net (fo=2, routed)           0.293     2.352    u_unified_p4_kernel_i_135_n_0
    SLICE_X91Y30         LUT6 (Prop_C6LUT_SLICEL_I1_O)
                                                      0.050     2.402 r  u_unified_p4_kernel_i_22/O
                         net (fo=45, routed)          0.585     2.987    u_unified_p4_kernel/in_data[44]
    SLICE_X83Y15         FDRE                                         r  u_unified_p4_kernel/input_mem_reg[0][34][12]/D
  -------------------------------------------------------------------    -------------------

                         (clock clk rise edge)        2.000     2.000 r  
                                                      0.000     2.000 r  clk (IN)
                         net (fo=33320, unset)        0.020     2.020    u_unified_p4_kernel/clk
    SLICE_X83Y15         FDRE                                         r  u_unified_p4_kernel/input_mem_reg[0][34][12]/C
                         clock pessimism              0.000     2.020    
                         clock uncertainty           -0.035     1.985    
    SLICE_X83Y15         FDRE (Setup_GFF2_SLICEL_C_D)
                                                      0.025     2.010    u_unified_p4_kernel/input_mem_reg[0][34][12]
  -------------------------------------------------------------------
                         required time                          2.010    
                         arrival time                          -2.987    
  -------------------------------------------------------------------
                         slack                                 -0.978    

Slack (VIOLATED) :        -0.976ns  (required time - arrival time)
  Source:                 kernel_stage_q_reg_replica_11/C
                            (rising edge-triggered cell FDCE clocked by clk  {rise@0.000ns fall@1.000ns period=2.000ns})
  Destination:            lfnst_mem_resp_data_q_reg[2]/D
                            (rising edge-triggered cell FDCE clocked by clk  {rise@0.000ns fall@1.000ns period=2.000ns})
  Path Group:             clk
  Path Type:              Setup (Max at Slow Process Corner)
  Requirement:            2.000ns  (clk rise@2.000ns - clk rise@0.000ns)
  Data Path Delay:        2.957ns  (logic 0.867ns (29.321%)  route 2.090ns (70.679%))
  Logic Levels:           8  (LUT5=2 LUT6=3 MUXF7=1 MUXF8=1 RAMD64E=1)
  Clock Path Skew:        -0.009ns (DCD - SCD + CPR)
    Destination Clock Delay (DCD):    0.020ns = ( 2.020 - 2.000 ) 
    Source Clock Delay      (SCD):    0.029ns
    Clock Pessimism Removal (CPR):    0.000ns
  Clock Uncertainty:      0.035ns  ((TSJ^2 + TIJ^2)^1/2 + DJ) / 2 + PE
    Total System Jitter     (TSJ):    0.071ns
    Total Input Jitter      (TIJ):    0.000ns
    Discrete Jitter          (DJ):    0.000ns
    Phase Error              (PE):    0.000ns

    Location             Delay type                Incr(ns)  Path(ns)    Netlist Resource(s)
  -------------------------------------------------------------------    -------------------
                         (clock clk rise edge)        0.000     0.000 r  
                                                      0.000     0.000 r  clk (IN)
                         net (fo=33320, unset)        0.029     0.029    clk
    SLICE_X78Y139        FDCE                                         r  kernel_stage_q_reg_replica_11/C
  -------------------------------------------------------------------    -------------------
    SLICE_X78Y139        FDCE (Prop_GFF_SLICEL_C_Q)
                                                      0.079     0.108 f  kernel_stage_q_reg_replica_11/Q
                         net (fo=3, routed)           0.108     0.216    kernel_stage_q_reg_n_0_repN_11
    SLICE_X78Y138        LUT6 (Prop_C6LUT_SLICEL_I3_O)
                                                      0.123     0.339 r  gen_input_slots[1].gen_input_banks[3].u_input_cache_bank_i_67/O
                         net (fo=70, routed)          0.364     0.703    gen_input_slots[1].gen_input_banks[3].u_input_cache_bank_i_67_n_0
    SLICE_X79Y154        LUT6 (Prop_F6LUT_SLICEM_I0_O)
                                                      0.123     0.826 r  gen_input_slots[1].gen_input_banks[0].u_input_cache_bank_i_45/O
                         net (fo=240, routed)         0.675     1.501    gen_input_slots[1].gen_input_banks[0].u_input_cache_bank/data_mem_reg_640_703_0_6/ADDRC0
    SLICE_X82Y184        RAMD64E (Prop_C6LUT_SLICEM_RADR0_O)
                                                      0.145     1.646 r  gen_input_slots[1].gen_input_banks[0].u_input_cache_bank/data_mem_reg_640_703_0_6/RAMC/O
                         net (fo=1, routed)           0.222     1.868    gen_input_slots[1].gen_input_banks[0].u_input_cache_bank/data_mem_reg_640_703_0_6_n_2
    SLICE_X84Y185        LUT6 (Prop_B6LUT_SLICEL_I1_O)
                                                      0.148     2.016 r  gen_input_slots[1].gen_input_banks[0].u_input_cache_bank/rd_data[2]_INST_0_i_5/O
                         net (fo=1, routed)           0.009     2.025    gen_input_slots[1].gen_input_banks[0].u_input_cache_bank/rd_data[2]_INST_0_i_5_n_0
    SLICE_X84Y185        MUXF7 (Prop_F7MUX_AB_SLICEL_I0_O)
                                                      0.056     2.081 r  gen_input_slots[1].gen_input_banks[0].u_input_cache_bank/rd_data[2]_INST_0_i_2/O
                         net (fo=1, routed)           0.000     2.081    gen_input_slots[1].gen_input_banks[0].u_input_cache_bank/rd_data[2]_INST_0_i_2_n_0
    SLICE_X84Y185        MUXF8 (Prop_F8MUX_BOT_SLICEL_I1_O)
                                                      0.026     2.107 r  gen_input_slots[1].gen_input_banks[0].u_input_cache_bank/rd_data[2]_INST_0/O
                         net (fo=2, routed)           0.478     2.585    input_rd_data[1][0][2]
    SLICE_X77Y191        LUT5 (Prop_E5LUT_SLICEL_I2_O)
                                                      0.070     2.655 r  lfnst_mem_resp_data_q[2]_i_5/O
                         net (fo=1, routed)           0.186     2.841    lfnst_mem_resp_data_q[2]_i_5_n_0
    SLICE_X77Y185        LUT5 (Prop_G6LUT_SLICEL_I4_O)
                                                      0.097     2.938 r  lfnst_mem_resp_data_q[2]_i_1/O
                         net (fo=1, routed)           0.048     2.986    lfnst_gather_rd_data[2]
    SLICE_X77Y185        FDCE                                         r  lfnst_mem_resp_data_q_reg[2]/D
  -------------------------------------------------------------------    -------------------

                         (clock clk rise edge)        2.000     2.000 r  
                                                      0.000     2.000 r  clk (IN)
                         net (fo=33320, unset)        0.020     2.020    clk
    SLICE_X77Y185        FDCE                                         r  lfnst_mem_resp_data_q_reg[2]/C
                         clock pessimism              0.000     2.020    
                         clock uncertainty           -0.035     1.985    
    SLICE_X77Y185        FDCE (Setup_GFF_SLICEL_C_D)
                                                      0.025     2.010    lfnst_mem_resp_data_q_reg[2]
  -------------------------------------------------------------------
                         required time                          2.010    
                         arrival time                          -2.986    
  -------------------------------------------------------------------
                         slack                                 -0.976    

Slack (VIOLATED) :        -0.975ns  (required time - arrival time)
  Source:                 kernel_vector_q_reg[0]_rep__1/C
                            (rising edge-triggered cell FDCE clocked by clk  {rise@0.000ns fall@1.000ns period=2.000ns})
  Destination:            u_unified_p4_kernel/input_mem_reg[2][39][10]/D
                            (rising edge-triggered cell FDRE clocked by clk  {rise@0.000ns fall@1.000ns period=2.000ns})
  Path Group:             clk
  Path Type:              Setup (Max at Slow Process Corner)
  Requirement:            2.000ns  (clk rise@2.000ns - clk rise@0.000ns)
  Data Path Delay:        2.956ns  (logic 0.471ns (15.936%)  route 2.485ns (84.064%))
  Logic Levels:           6  (LUT2=1 LUT3=1 LUT6=3 MUXF7=1)
  Clock Path Skew:        -0.009ns (DCD - SCD + CPR)
    Destination Clock Delay (DCD):    0.021ns = ( 2.021 - 2.000 ) 
    Source Clock Delay      (SCD):    0.030ns
    Clock Pessimism Removal (CPR):    0.000ns
  Clock Uncertainty:      0.035ns  ((TSJ^2 + TIJ^2)^1/2 + DJ) / 2 + PE
    Total System Jitter     (TSJ):    0.071ns
    Total Input Jitter      (TIJ):    0.000ns
    Discrete Jitter          (DJ):    0.000ns
    Phase Error              (PE):    0.000ns

    Location             Delay type                Incr(ns)  Path(ns)    Netlist Resource(s)
  -------------------------------------------------------------------    -------------------
                         (clock clk rise edge)        0.000     0.000 r  
                                                      0.000     0.000 r  clk (IN)
                         net (fo=33320, unset)        0.030     0.030    clk
    SLICE_X95Y72         FDCE                                         r  kernel_vector_q_reg[0]_rep__1/C
  -------------------------------------------------------------------    -------------------
    SLICE_X95Y72         FDCE (Prop_HFF2_SLICEM_C_Q)
                                                      0.078     0.108 r  kernel_vector_q_reg[0]_rep__1/Q
                         net (fo=111, routed)         0.518     0.626    kernel_vector_q_reg[0]_rep__1_n_0
    SLICE_X102Y75        LUT6 (Prop_C6LUT_SLICEL_I4_O)
                                                      0.088     0.714 r  u_unified_p4_kernel_i_858/O
                         net (fo=1, routed)           0.010     0.724    u_unified_p4_kernel_i_858_n_0
    SLICE_X102Y75        MUXF7 (Prop_F7MUX_CD_SLICEL_I1_O)
                                                      0.064     0.788 r  u_unified_p4_kernel_i_670/O
                         net (fo=3, routed)           0.608     1.396    u_unified_p4_kernel_i_670_n_0
    SLICE_X101Y66        LUT3 (Prop_G6LUT_SLICEM_I2_O)
                                                      0.052     1.448 r  u_unified_p4_kernel_i_470/O
                         net (fo=2, routed)           0.094     1.543    u_unified_p4_kernel_i_470_n_0
    SLICE_X100Y66        LUT6 (Prop_C6LUT_SLICEL_I3_O)
                                                      0.088     1.631 r  u_unified_p4_kernel_i_294/O
                         net (fo=3, routed)           0.683     2.314    lfnst_grid[10]
    SLICE_X102Y29        LUT2 (Prop_B6LUT_SLICEL_I1_O)
                                                      0.051     2.365 f  u_unified_p4_kernel_i_90_replica/O
                         net (fo=1, routed)           0.084     2.449    u_unified_p4_kernel_i_90_n_0_repN
    SLICE_X102Y28        LUT6 (Prop_C6LUT_SLICEL_I1_O)
                                                      0.050     2.499 r  u_unified_p4_kernel_i_8/O
                         net (fo=43, routed)          0.487     2.986    u_unified_p4_kernel/in_data[58]
    SLICE_X107Y27        FDRE                                         r  u_unified_p4_kernel/input_mem_reg[2][39][10]/D
  -------------------------------------------------------------------    -------------------

                         (clock clk rise edge)        2.000     2.000 r  
                                                      0.000     2.000 r  clk (IN)
                         net (fo=33320, unset)        0.021     2.021    u_unified_p4_kernel/clk
    SLICE_X107Y27        FDRE                                         r  u_unified_p4_kernel/input_mem_reg[2][39][10]/C
                         clock pessimism              0.000     2.021    
                         clock uncertainty           -0.035     1.986    
    SLICE_X107Y27        FDRE (Setup_HFF_SLICEM_C_D)
                                                      0.025     2.011    u_unified_p4_kernel/input_mem_reg[2][39][10]
  -------------------------------------------------------------------
                         required time                          2.011    
                         arrival time                          -2.986    
  -------------------------------------------------------------------
                         slack                                 -0.975    

Slack (VIOLATED) :        -0.974ns  (required time - arrival time)
  Source:                 kernel_phase_q_reg[3]/C
                            (rising edge-triggered cell FDCE clocked by clk  {rise@0.000ns fall@1.000ns period=2.000ns})
  Destination:            u_unified_p4_kernel/input_mem_reg[1][33][10]/D
                            (rising edge-triggered cell FDRE clocked by clk  {rise@0.000ns fall@1.000ns period=2.000ns})
  Path Group:             clk
  Path Type:              Setup (Max at Slow Process Corner)
  Requirement:            2.000ns  (clk rise@2.000ns - clk rise@0.000ns)
  Data Path Delay:        2.957ns  (logic 0.524ns (17.721%)  route 2.433ns (82.279%))
  Logic Levels:           5  (LUT3=1 LUT6=4)
  Clock Path Skew:        -0.007ns (DCD - SCD + CPR)
    Destination Clock Delay (DCD):    0.021ns = ( 2.021 - 2.000 ) 
    Source Clock Delay      (SCD):    0.028ns
    Clock Pessimism Removal (CPR):    0.000ns
  Clock Uncertainty:      0.035ns  ((TSJ^2 + TIJ^2)^1/2 + DJ) / 2 + PE
    Total System Jitter     (TSJ):    0.071ns
    Total Input Jitter      (TIJ):    0.000ns
    Discrete Jitter          (DJ):    0.000ns
    Phase Error              (PE):    0.000ns

    Location             Delay type                Incr(ns)  Path(ns)    Netlist Resource(s)
  -------------------------------------------------------------------    -------------------
                         (clock clk rise edge)        0.000     0.000 r  
                                                      0.000     0.000 r  clk (IN)
                         net (fo=33320, unset)        0.028     0.028    clk
    SLICE_X87Y62         FDCE                                         r  kernel_phase_q_reg[3]/C
  -------------------------------------------------------------------    -------------------
    SLICE_X87Y62         FDCE (Prop_DFF_SLICEL_C_Q)
                                                      0.079     0.107 f  kernel_phase_q_reg[3]/Q
                         net (fo=29, routed)          0.212     0.319    kernel_phase_q_reg_n_0_[3]
    SLICE_X87Y62         LUT6 (Prop_F6LUT_SLICEL_I0_O)
                                                      0.097     0.416 r  u_unified_p4_kernel_i_1/O
                         net (fo=11, routed)          0.343     0.760    p_24_in
    SLICE_X88Y76         LUT6 (Prop_F6LUT_SLICEL_I5_O)
                                                      0.049     0.809 f  u_unified_p4_kernel_i_69/O
                         net (fo=9, routed)           0.264     1.073    u_unified_p4_kernel_i_69_n_0
    SLICE_X88Y66         LUT6 (Prop_B6LUT_SLICEL_I3_O)
                                                      0.124     1.197 r  u_unified_p4_kernel_i_2/O
                         net (fo=6, routed)           0.568     1.765    kernel_in_valid
    SLICE_X98Y35         LUT3 (Prop_B6LUT_SLICEM_I1_O)
                                                      0.052     1.817 r  u_unified_p4_kernel_i_177/O
                         net (fo=16, routed)          0.317     2.134    u_unified_p4_kernel_i_177_n_0
    SLICE_X100Y32        LUT6 (Prop_G6LUT_SLICEL_I4_O)
                                                      0.123     2.257 r  u_unified_p4_kernel_i_40/O
                         net (fo=64, routed)          0.728     2.985    u_unified_p4_kernel/in_data[26]
    SLICE_X106Y34        FDRE                                         r  u_unified_p4_kernel/input_mem_reg[1][33][10]/D
  -------------------------------------------------------------------    -------------------

                         (clock clk rise edge)        2.000     2.000 r  
                                                      0.000     2.000 r  clk (IN)
                         net (fo=33320, unset)        0.021     2.021    u_unified_p4_kernel/clk
    SLICE_X106Y34        FDRE                                         r  u_unified_p4_kernel/input_mem_reg[1][33][10]/C
                         clock pessimism              0.000     2.021    
                         clock uncertainty           -0.035     1.986    
    SLICE_X106Y34        FDRE (Setup_HFF_SLICEM_C_D)
                                                      0.025     2.011    u_unified_p4_kernel/input_mem_reg[1][33][10]
  -------------------------------------------------------------------
                         required time                          2.011    
                         arrival time                          -2.985    
  -------------------------------------------------------------------
                         slack                                 -0.974    

Slack (VIOLATED) :        -0.974ns  (required time - arrival time)
  Source:                 lfnst_grid_reg[30][1]/C
                            (rising edge-triggered cell FDCE clocked by clk  {rise@0.000ns fall@1.000ns period=2.000ns})
  Destination:            u_unified_p4_kernel/input_mem_reg[3][38][1]/D
                            (rising edge-triggered cell FDRE clocked by clk  {rise@0.000ns fall@1.000ns period=2.000ns})
  Path Group:             clk
  Path Type:              Setup (Max at Slow Process Corner)
  Requirement:            2.000ns  (clk rise@2.000ns - clk rise@0.000ns)
  Data Path Delay:        2.956ns  (logic 0.667ns (22.567%)  route 2.289ns (77.433%))
  Logic Levels:           6  (LUT2=1 LUT3=1 LUT6=3 MUXF7=1)
  Clock Path Skew:        -0.008ns (DCD - SCD + CPR)
    Destination Clock Delay (DCD):    0.020ns = ( 2.020 - 2.000 ) 
    Source Clock Delay      (SCD):    0.028ns
    Clock Pessimism Removal (CPR):    0.000ns
  Clock Uncertainty:      0.035ns  ((TSJ^2 + TIJ^2)^1/2 + DJ) / 2 + PE
    Total System Jitter     (TSJ):    0.071ns
    Total Input Jitter      (TIJ):    0.000ns
    Discrete Jitter          (DJ):    0.000ns
    Phase Error              (PE):    0.000ns

    Location             Delay type                Incr(ns)  Path(ns)    Netlist Resource(s)
  -------------------------------------------------------------------    -------------------
                         (clock clk rise edge)        0.000     0.000 r  
                                                      0.000     0.000 r  clk (IN)
                         net (fo=33320, unset)        0.028     0.028    clk
    SLICE_X102Y81        FDCE                                         r  lfnst_grid_reg[30][1]/C
  -------------------------------------------------------------------    -------------------
    SLICE_X102Y81        FDCE (Prop_CFF_SLICEL_C_Q)
                                                      0.079     0.107 r  lfnst_grid_reg[30][1]/Q
                         net (fo=1, routed)           0.474     0.581    lfnst_grid_reg_n_0_[30][1]
    SLICE_X100Y77        LUT6 (Prop_G6LUT_SLICEL_I1_O)
                                                      0.123     0.704 r  u_unified_p4_kernel_i_1000/O
                         net (fo=1, routed)           0.008     0.712    u_unified_p4_kernel_i_1000_n_0
    SLICE_X100Y77        MUXF7 (Prop_F7MUX_GH_SLICEL_I1_O)
                                                      0.063     0.775 r  u_unified_p4_kernel_i_741/O
                         net (fo=2, routed)           0.435     1.210    u_unified_p4_kernel_i_741_n_0
    SLICE_X96Y63         LUT3 (Prop_A6LUT_SLICEM_I0_O)
                                                      0.053     1.263 r  u_unified_p4_kernel_i_577/O
                         net (fo=2, routed)           0.110     1.373    u_unified_p4_kernel_i_577_n_0
    SLICE_X96Y63         LUT6 (Prop_H6LUT_SLICEM_I4_O)
                                                      0.125     1.498 r  u_unified_p4_kernel_i_351/O
                         net (fo=1, routed)           0.526     2.024    u_unified_p4_kernel_i_351_n_0
    SLICE_X90Y29         LUT2 (Prop_G6LUT_SLICEM_I1_O)
                                                      0.123     2.147 f  u_unified_p4_kernel_i_168/O
                         net (fo=1, routed)           0.047     2.194    u_unified_p4_kernel_i_168_n_0
    SLICE_X90Y29         LUT6 (Prop_H6LUT_SLICEM_I1_O)
                                                      0.101     2.295 r  u_unified_p4_kernel_i_33/O
                         net (fo=64, routed)          0.688     2.984    u_unified_p4_kernel/in_data[33]
    SLICE_X85Y16         FDRE                                         r  u_unified_p4_kernel/input_mem_reg[3][38][1]/D
  -------------------------------------------------------------------    -------------------

                         (clock clk rise edge)        2.000     2.000 r  
                                                      0.000     2.000 r  clk (IN)
                         net (fo=33320, unset)        0.020     2.020    u_unified_p4_kernel/clk
    SLICE_X85Y16         FDRE                                         r  u_unified_p4_kernel/input_mem_reg[3][38][1]/C
                         clock pessimism              0.000     2.020    
                         clock uncertainty           -0.035     1.985    
    SLICE_X85Y16         FDRE (Setup_FFF_SLICEL_C_D)
                                                      0.025     2.010    u_unified_p4_kernel/input_mem_reg[3][38][1]
  -------------------------------------------------------------------
                         required time                          2.010    
                         arrival time                          -2.984    
  -------------------------------------------------------------------
                         slack                                 -0.974    

Slack (VIOLATED) :        -0.973ns  (required time - arrival time)
  Source:                 kernel_vector_q_reg[0]_rep__0/C
                            (rising edge-triggered cell FDCE clocked by clk  {rise@0.000ns fall@1.000ns period=2.000ns})
  Destination:            u_unified_p4_kernel/input_mem_reg[2][50][12]/D
                            (rising edge-triggered cell FDRE clocked by clk  {rise@0.000ns fall@1.000ns period=2.000ns})
  Path Group:             clk
  Path Type:              Setup (Max at Slow Process Corner)
  Requirement:            2.000ns  (clk rise@2.000ns - clk rise@0.000ns)
  Data Path Delay:        2.953ns  (logic 0.461ns (15.611%)  route 2.492ns (84.389%))
  Logic Levels:           6  (LUT2=1 LUT3=1 LUT6=3 MUXF7=1)
  Clock Path Skew:        -0.010ns (DCD - SCD + CPR)
    Destination Clock Delay (DCD):    0.020ns = ( 2.020 - 2.000 ) 
    Source Clock Delay      (SCD):    0.030ns
    Clock Pessimism Removal (CPR):    0.000ns
  Clock Uncertainty:      0.035ns  ((TSJ^2 + TIJ^2)^1/2 + DJ) / 2 + PE
    Total System Jitter     (TSJ):    0.071ns
    Total Input Jitter      (TIJ):    0.000ns
    Discrete Jitter          (DJ):    0.000ns
    Phase Error              (PE):    0.000ns

    Location             Delay type                Incr(ns)  Path(ns)    Netlist Resource(s)
  -------------------------------------------------------------------    -------------------
                         (clock clk rise edge)        0.000     0.000 r  
                                                      0.000     0.000 r  clk (IN)
                         net (fo=33320, unset)        0.030     0.030    clk
    SLICE_X101Y76        FDCE                                         r  kernel_vector_q_reg[0]_rep__0/C
  -------------------------------------------------------------------    -------------------
    SLICE_X101Y76        FDCE (Prop_AFF2_SLICEM_C_Q)
                                                      0.080     0.110 r  kernel_vector_q_reg[0]_rep__0/Q
                         net (fo=96, routed)          0.564     0.674    kernel_vector_q_reg[0]_rep__0_n_0
    SLICE_X103Y80        LUT6 (Prop_F6LUT_SLICEM_I4_O)
                                                      0.037     0.711 r  u_unified_p4_kernel_i_827/O
                         net (fo=1, routed)           0.023     0.734    u_unified_p4_kernel_i_827_n_0
    SLICE_X103Y80        MUXF7 (Prop_F7MUX_EF_SLICEM_I0_O)
                                                      0.068     0.802 r  u_unified_p4_kernel_i_655/O
                         net (fo=2, routed)           0.726     1.528    u_unified_p4_kernel_i_655_n_0
    SLICE_X95Y40         LUT3 (Prop_F6LUT_SLICEM_I0_O)
                                                      0.051     1.579 r  u_unified_p4_kernel_i_534/O
                         net (fo=2, routed)           0.213     1.792    u_unified_p4_kernel_i_534_n_0
    SLICE_X94Y36         LUT6 (Prop_F6LUT_SLICEL_I5_O)
                                                      0.123     1.915 r  u_unified_p4_kernel_i_329/O
                         net (fo=1, routed)           0.092     2.007    u_unified_p4_kernel_i_329_n_0
    SLICE_X95Y36         LUT2 (Prop_E6LUT_SLICEM_I1_O)
                                                      0.052     2.059 f  u_unified_p4_kernel_i_135/O
                         net (fo=2, routed)           0.293     2.352    u_unified_p4_kernel_i_135_n_0
    SLICE_X91Y30         LUT6 (Prop_C6LUT_SLICEL_I1_O)
                                                      0.050     2.402 r  u_unified_p4_kernel_i_22/O
                         net (fo=45, routed)          0.581     2.983    u_unified_p4_kernel/in_data[44]
    SLICE_X85Y17         FDRE                                         r  u_unified_p4_kernel/input_mem_reg[2][50][12]/D
  -------------------------------------------------------------------    -------------------

                         (clock clk rise edge)        2.000     2.000 r  
                                                      0.000     2.000 r  clk (IN)
                         net (fo=33320, unset)        0.020     2.020    u_unified_p4_kernel/clk
    SLICE_X85Y17         FDRE                                         r  u_unified_p4_kernel/input_mem_reg[2][50][12]/C
                         clock pessimism              0.000     2.020    
                         clock uncertainty           -0.035     1.985    
    SLICE_X85Y17         FDRE (Setup_HFF_SLICEL_C_D)
                                                      0.025     2.010    u_unified_p4_kernel/input_mem_reg[2][50][12]
  -------------------------------------------------------------------
                         required time                          2.010    
                         arrival time                          -2.983    
  -------------------------------------------------------------------
                         slack                                 -0.973    

Slack (VIOLATED) :        -0.971ns  (required time - arrival time)
  Source:                 lfnst_grid_reg[20][14]/C
                            (rising edge-triggered cell FDCE clocked by clk  {rise@0.000ns fall@1.000ns period=2.000ns})
  Destination:            u_unified_p4_kernel/input_mem_reg[2][14][14]/D
                            (rising edge-triggered cell FDRE clocked by clk  {rise@0.000ns fall@1.000ns period=2.000ns})
  Path Group:             clk
  Path Type:              Setup (Max at Slow Process Corner)
  Requirement:            2.000ns  (clk rise@2.000ns - clk rise@0.000ns)
  Data Path Delay:        2.952ns  (logic 0.546ns (18.496%)  route 2.406ns (81.504%))
  Logic Levels:           6  (LUT2=1 LUT3=1 LUT6=3 MUXF7=1)
  Clock Path Skew:        -0.009ns (DCD - SCD + CPR)
    Destination Clock Delay (DCD):    0.021ns = ( 2.021 - 2.000 ) 
    Source Clock Delay      (SCD):    0.030ns
    Clock Pessimism Removal (CPR):    0.000ns
  Clock Uncertainty:      0.035ns  ((TSJ^2 + TIJ^2)^1/2 + DJ) / 2 + PE
    Total System Jitter     (TSJ):    0.071ns
    Total Input Jitter      (TIJ):    0.000ns
    Discrete Jitter          (DJ):    0.000ns
    Phase Error              (PE):    0.000ns

    Location             Delay type                Incr(ns)  Path(ns)    Netlist Resource(s)
  -------------------------------------------------------------------    -------------------
                         (clock clk rise edge)        0.000     0.000 r  
                                                      0.000     0.000 r  clk (IN)
                         net (fo=33320, unset)        0.030     0.030    clk
    SLICE_X103Y71        FDCE                                         r  lfnst_grid_reg[20][14]/C
  -------------------------------------------------------------------    -------------------
    SLICE_X103Y71        FDCE (Prop_FFF_SLICEM_C_Q)
                                                      0.076     0.106 r  lfnst_grid_reg[20][14]/Q
                         net (fo=1, routed)           0.549     0.655    lfnst_grid_reg_n_0_[20][14]
    SLICE_X99Y70         LUT6 (Prop_C6LUT_SLICEL_I5_O)
                                                      0.123     0.778 r  u_unified_p4_kernel_i_794/O
                         net (fo=1, routed)           0.010     0.788    u_unified_p4_kernel_i_794_n_0
    SLICE_X99Y70         MUXF7 (Prop_F7MUX_CD_SLICEL_I1_O)
                                                      0.064     0.852 r  u_unified_p4_kernel_i_638/O
                         net (fo=3, routed)           0.346     1.198    u_unified_p4_kernel_i_638_n_0
    SLICE_X101Y75        LUT3 (Prop_A6LUT_SLICEM_I2_O)
                                                      0.090     1.288 r  u_unified_p4_kernel_i_525/O
                         net (fo=1, routed)           0.437     1.725    u_unified_p4_kernel_i_525_n_0
    SLICE_X92Y54         LUT6 (Prop_F6LUT_SLICEM_I4_O)
                                                      0.051     1.776 r  u_unified_p4_kernel_i_325/O
                         net (fo=1, routed)           0.335     2.111    u_unified_p4_kernel_i_325_n_0
    SLICE_X92Y27         LUT2 (Prop_E6LUT_SLICEM_I1_O)
                                                      0.052     2.163 f  u_unified_p4_kernel_i_129/O
                         net (fo=1, routed)           0.091     2.254    u_unified_p4_kernel_i_129_n_0
    SLICE_X92Y27         LUT6 (Prop_H6LUT_SLICEM_I1_O)
                                                      0.090     2.344 r  u_unified_p4_kernel_i_20/O
                         net (fo=64, routed)          0.638     2.982    u_unified_p4_kernel/in_data[46]
    SLICE_X98Y10         FDRE                                         r  u_unified_p4_kernel/input_mem_reg[2][14][14]/D
  -------------------------------------------------------------------    -------------------

                         (clock clk rise edge)        2.000     2.000 r  
                                                      0.000     2.000 r  clk (IN)
                         net (fo=33320, unset)        0.021     2.021    u_unified_p4_kernel/clk
    SLICE_X98Y10         FDRE                                         r  u_unified_p4_kernel/input_mem_reg[2][14][14]/C
                         clock pessimism              0.000     2.021    
                         clock uncertainty           -0.035     1.986    
    SLICE_X98Y10         FDRE (Setup_GFF_SLICEM_C_D)
                                                      0.025     2.011    u_unified_p4_kernel/input_mem_reg[2][14][14]
  -------------------------------------------------------------------
                         required time                          2.011    
                         arrival time                          -2.982    
  -------------------------------------------------------------------
                         slack                                 -0.971    

Slack (VIOLATED) :        -0.970ns  (required time - arrival time)
  Source:                 kernel_vector_q_reg[0]_rep__0/C
                            (rising edge-triggered cell FDCE clocked by clk  {rise@0.000ns fall@1.000ns period=2.000ns})
  Destination:            u_unified_p4_kernel/input_mem_reg[2][23][11]/D
                            (rising edge-triggered cell FDRE clocked by clk  {rise@0.000ns fall@1.000ns period=2.000ns})
  Path Group:             clk
  Path Type:              Setup (Max at Slow Process Corner)
  Requirement:            2.000ns  (clk rise@2.000ns - clk rise@0.000ns)
  Data Path Delay:        2.949ns  (logic 0.425ns (14.410%)  route 2.524ns (85.590%))
  Logic Levels:           6  (LUT2=1 LUT3=1 LUT6=3 MUXF7=1)
  Clock Path Skew:        -0.010ns (DCD - SCD + CPR)
    Destination Clock Delay (DCD):    0.020ns = ( 2.020 - 2.000 ) 
    Source Clock Delay      (SCD):    0.030ns
    Clock Pessimism Removal (CPR):    0.000ns
  Clock Uncertainty:      0.035ns  ((TSJ^2 + TIJ^2)^1/2 + DJ) / 2 + PE
    Total System Jitter     (TSJ):    0.071ns
    Total Input Jitter      (TIJ):    0.000ns
    Discrete Jitter          (DJ):    0.000ns
    Phase Error              (PE):    0.000ns

    Location             Delay type                Incr(ns)  Path(ns)    Netlist Resource(s)
  -------------------------------------------------------------------    -------------------
                         (clock clk rise edge)        0.000     0.000 r  
                                                      0.000     0.000 r  clk (IN)
                         net (fo=33320, unset)        0.030     0.030    clk
    SLICE_X101Y76        FDCE                                         r  kernel_vector_q_reg[0]_rep__0/C
  -------------------------------------------------------------------    -------------------
    SLICE_X101Y76        FDCE (Prop_AFF2_SLICEM_C_Q)
                                                      0.080     0.110 r  kernel_vector_q_reg[0]_rep__0/Q
                         net (fo=96, routed)          0.565     0.675    kernel_vector_q_reg[0]_rep__0_n_0
    SLICE_X102Y70        LUT6 (Prop_H6LUT_SLICEL_I4_O)
                                                      0.051     0.726 r  u_unified_p4_kernel_i_841/O
                         net (fo=1, routed)           0.010     0.736    u_unified_p4_kernel_i_841_n_0
    SLICE_X102Y70        MUXF7 (Prop_F7MUX_GH_SLICEL_I0_O)
                                                      0.064     0.800 r  u_unified_p4_kernel_i_662/O
                         net (fo=3, routed)           0.628     1.429    u_unified_p4_kernel_i_662_n_0
    SLICE_X100Y60        LUT3 (Prop_F6LUT_SLICEL_I2_O)
                                                      0.035     1.464 r  u_unified_p4_kernel_i_466/O
                         net (fo=2, routed)           0.093     1.557    u_unified_p4_kernel_i_466_n_0
    SLICE_X100Y59        LUT6 (Prop_H6LUT_SLICEL_I3_O)
                                                      0.124     1.681 r  u_unified_p4_kernel_i_292/O
                         net (fo=1, routed)           0.234     1.915    lfnst_grid[11]
    SLICE_X100Y44        LUT2 (Prop_A6LUT_SLICEL_I1_O)
                                                      0.035     1.950 f  u_unified_p4_kernel_i_87/O
                         net (fo=3, routed)           0.374     2.324    u_unified_p4_kernel_i_87_n_0
    SLICE_X99Y31         LUT6 (Prop_H6LUT_SLICEL_I1_O)
                                                      0.036     2.360 r  u_unified_p4_kernel_i_7/O
                         net (fo=20, routed)          0.619     2.979    u_unified_p4_kernel/in_data[59]
    SLICE_X97Y18         FDRE                                         r  u_unified_p4_kernel/input_mem_reg[2][23][11]/D
  -------------------------------------------------------------------    -------------------

                         (clock clk rise edge)        2.000     2.000 r  
                                                      0.000     2.000 r  clk (IN)
                         net (fo=33320, unset)        0.020     2.020    u_unified_p4_kernel/clk
    SLICE_X97Y18         FDRE                                         r  u_unified_p4_kernel/input_mem_reg[2][23][11]/C
                         clock pessimism              0.000     2.020    
                         clock uncertainty           -0.035     1.985    
    SLICE_X97Y18         FDRE (Setup_EFF_SLICEL_C_D)
                                                      0.025     2.010    u_unified_p4_kernel/input_mem_reg[2][23][11]
  -------------------------------------------------------------------
                         required time                          2.010    
                         arrival time                          -2.979    
  -------------------------------------------------------------------
                         slack                                 -0.970    

Slack (VIOLATED) :        -0.970ns  (required time - arrival time)
  Source:                 kernel_stage_q_reg_replica_11/C
                            (rising edge-triggered cell FDCE clocked by clk  {rise@0.000ns fall@1.000ns period=2.000ns})
  Destination:            lfnst_mem_resp_data_q_reg[7]/D
                            (rising edge-triggered cell FDCE clocked by clk  {rise@0.000ns fall@1.000ns period=2.000ns})
  Path Group:             clk
  Path Type:              Setup (Max at Slow Process Corner)
  Requirement:            2.000ns  (clk rise@2.000ns - clk rise@0.000ns)
  Data Path Delay:        2.950ns  (logic 0.675ns (22.880%)  route 2.275ns (77.120%))
  Logic Levels:           8  (LUT5=1 LUT6=4 MUXF7=1 MUXF8=1 RAMD64E=1)
  Clock Path Skew:        -0.009ns (DCD - SCD + CPR)
    Destination Clock Delay (DCD):    0.020ns = ( 2.020 - 2.000 ) 
    Source Clock Delay      (SCD):    0.029ns
    Clock Pessimism Removal (CPR):    0.000ns
  Clock Uncertainty:      0.035ns  ((TSJ^2 + TIJ^2)^1/2 + DJ) / 2 + PE
    Total System Jitter     (TSJ):    0.071ns
    Total Input Jitter      (TIJ):    0.000ns
    Discrete Jitter          (DJ):    0.000ns
    Phase Error              (PE):    0.000ns

    Location             Delay type                Incr(ns)  Path(ns)    Netlist Resource(s)
  -------------------------------------------------------------------    -------------------
                         (clock clk rise edge)        0.000     0.000 r  
                                                      0.000     0.000 r  clk (IN)
                         net (fo=33320, unset)        0.029     0.029    clk
    SLICE_X78Y139        FDCE                                         r  kernel_stage_q_reg_replica_11/C
  -------------------------------------------------------------------    -------------------
    SLICE_X78Y139        FDCE (Prop_GFF_SLICEL_C_Q)
                                                      0.079     0.108 f  kernel_stage_q_reg_replica_11/Q
                         net (fo=3, routed)           0.108     0.216    kernel_stage_q_reg_n_0_repN_11
    SLICE_X78Y138        LUT6 (Prop_C6LUT_SLICEL_I3_O)
                                                      0.123     0.339 r  gen_input_slots[1].gen_input_banks[3].u_input_cache_bank_i_67/O
                         net (fo=70, routed)          0.638     0.977    gen_input_slots[1].gen_input_banks[3].u_input_cache_bank_i_67_n_0
    SLICE_X80Y177        LUT6 (Prop_A6LUT_SLICEL_I0_O)
                                                      0.050     1.027 r  gen_input_slots[1].gen_input_banks[1].u_input_cache_bank_i_45/O
                         net (fo=217, routed)         0.545     1.573    gen_input_slots[1].gen_input_banks[1].u_input_cache_bank/data_mem_reg_704_767_7_13/ADDRA0
    SLICE_X86Y191        RAMD64E (Prop_A6LUT_SLICEM_RADR0_O)
                                                      0.150     1.723 r  gen_input_slots[1].gen_input_banks[1].u_input_cache_bank/data_mem_reg_704_767_7_13/RAMA/O
                         net (fo=1, routed)           0.317     2.040    gen_input_slots[1].gen_input_banks[1].u_input_cache_bank/data_mem_reg_704_767_7_13_n_0
    SLICE_X83Y193        LUT6 (Prop_F6LUT_SLICEL_I0_O)
                                                      0.089     2.129 r  gen_input_slots[1].gen_input_banks[1].u_input_cache_bank/rd_data[7]_INST_0_i_5/O
                         net (fo=1, routed)           0.011     2.140    gen_input_slots[1].gen_input_banks[1].u_input_cache_bank/rd_data[7]_INST_0_i_5_n_0
    SLICE_X83Y193        MUXF7 (Prop_F7MUX_EF_SLICEL_I0_O)
                                                      0.057     2.197 r  gen_input_slots[1].gen_input_banks[1].u_input_cache_bank/rd_data[7]_INST_0_i_2/O
                         net (fo=1, routed)           0.000     2.197    gen_input_slots[1].gen_input_banks[1].u_input_cache_bank/rd_data[7]_INST_0_i_2_n_0
    SLICE_X83Y193        MUXF8 (Prop_F8MUX_TOP_SLICEL_I1_O)
                                                      0.026     2.223 r  gen_input_slots[1].gen_input_banks[1].u_input_cache_bank/rd_data[7]_INST_0/O
                         net (fo=2, routed)           0.473     2.695    input_rd_data[1][1][7]
    SLICE_X77Y191        LUT5 (Prop_D6LUT_SLICEL_I2_O)
                                                      0.050     2.745 r  lfnst_mem_resp_data_q[7]_i_2/O
                         net (fo=1, routed)           0.137     2.882    lfnst_mem_resp_data_q[7]_i_2_n_0
    SLICE_X76Y191        LUT6 (Prop_E6LUT_SLICEL_I0_O)
                                                      0.051     2.933 r  lfnst_mem_resp_data_q[7]_i_1_comp/O
                         net (fo=1, routed)           0.046     2.979    lfnst_gather_rd_data[7]
    SLICE_X76Y191        FDCE                                         r  lfnst_mem_resp_data_q_reg[7]/D
  -------------------------------------------------------------------    -------------------

                         (clock clk rise edge)        2.000     2.000 r  
                                                      0.000     2.000 r  clk (IN)
                         net (fo=33320, unset)        0.020     2.020    clk
    SLICE_X76Y191        FDCE                                         r  lfnst_mem_resp_data_q_reg[7]/C
                         clock pessimism              0.000     2.020    
                         clock uncertainty           -0.035     1.985    
    SLICE_X76Y191        FDCE (Setup_EFF_SLICEL_C_D)
                                                      0.025     2.010    lfnst_mem_resp_data_q_reg[7]
  -------------------------------------------------------------------
                         required time                          2.010    
                         arrival time                          -2.979    
  -------------------------------------------------------------------
                         slack                                 -0.970    

Slack (VIOLATED) :        -0.968ns  (required time - arrival time)
  Source:                 kernel_vector_q_reg[0]_rep__0/C
                            (rising edge-triggered cell FDCE clocked by clk  {rise@0.000ns fall@1.000ns period=2.000ns})
  Destination:            u_unified_p4_kernel/input_mem_reg[0][18][12]/D
                            (rising edge-triggered cell FDRE clocked by clk  {rise@0.000ns fall@1.000ns period=2.000ns})
  Path Group:             clk
  Path Type:              Setup (Max at Slow Process Corner)
  Requirement:            2.000ns  (clk rise@2.000ns - clk rise@0.000ns)
  Data Path Delay:        2.948ns  (logic 0.461ns (15.639%)  route 2.487ns (84.361%))
  Logic Levels:           6  (LUT2=1 LUT3=1 LUT6=3 MUXF7=1)
  Clock Path Skew:        -0.010ns (DCD - SCD + CPR)
    Destination Clock Delay (DCD):    0.020ns = ( 2.020 - 2.000 ) 
    Source Clock Delay      (SCD):    0.030ns
    Clock Pessimism Removal (CPR):    0.000ns
  Clock Uncertainty:      0.035ns  ((TSJ^2 + TIJ^2)^1/2 + DJ) / 2 + PE
    Total System Jitter     (TSJ):    0.071ns
    Total Input Jitter      (TIJ):    0.000ns
    Discrete Jitter          (DJ):    0.000ns
    Phase Error              (PE):    0.000ns

    Location             Delay type                Incr(ns)  Path(ns)    Netlist Resource(s)
  -------------------------------------------------------------------    -------------------
                         (clock clk rise edge)        0.000     0.000 r  
                                                      0.000     0.000 r  clk (IN)
                         net (fo=33320, unset)        0.030     0.030    clk
    SLICE_X101Y76        FDCE                                         r  kernel_vector_q_reg[0]_rep__0/C
  -------------------------------------------------------------------    -------------------
    SLICE_X101Y76        FDCE (Prop_AFF2_SLICEM_C_Q)
                                                      0.080     0.110 r  kernel_vector_q_reg[0]_rep__0/Q
                         net (fo=96, routed)          0.564     0.674    kernel_vector_q_reg[0]_rep__0_n_0
    SLICE_X103Y80        LUT6 (Prop_F6LUT_SLICEM_I4_O)
                                                      0.037     0.711 r  u_unified_p4_kernel_i_827/O
                         net (fo=1, routed)           0.023     0.734    u_unified_p4_kernel_i_827_n_0
    SLICE_X103Y80        MUXF7 (Prop_F7MUX_EF_SLICEM_I0_O)
                                                      0.068     0.802 r  u_unified_p4_kernel_i_655/O
                         net (fo=2, routed)           0.726     1.528    u_unified_p4_kernel_i_655_n_0
    SLICE_X95Y40         LUT3 (Prop_F6LUT_SLICEM_I0_O)
                                                      0.051     1.579 r  u_unified_p4_kernel_i_534/O
                         net (fo=2, routed)           0.213     1.792    u_unified_p4_kernel_i_534_n_0
    SLICE_X94Y36         LUT6 (Prop_F6LUT_SLICEL_I5_O)
                                                      0.123     1.915 r  u_unified_p4_kernel_i_329/O
                         net (fo=1, routed)           0.092     2.007    u_unified_p4_kernel_i_329_n_0
    SLICE_X95Y36         LUT2 (Prop_E6LUT_SLICEM_I1_O)
                                                      0.052     2.059 f  u_unified_p4_kernel_i_135/O
                         net (fo=2, routed)           0.293     2.352    u_unified_p4_kernel_i_135_n_0
    SLICE_X91Y30         LUT6 (Prop_C6LUT_SLICEL_I1_O)
                                                      0.050     2.402 r  u_unified_p4_kernel_i_22/O
                         net (fo=45, routed)          0.576     2.978    u_unified_p4_kernel/in_data[44]
    SLICE_X85Y12         FDRE                                         r  u_unified_p4_kernel/input_mem_reg[0][18][12]/D
  -------------------------------------------------------------------    -------------------

                         (clock clk rise edge)        2.000     2.000 r  
                                                      0.000     2.000 r  clk (IN)
                         net (fo=33320, unset)        0.020     2.020    u_unified_p4_kernel/clk
    SLICE_X85Y12         FDRE                                         r  u_unified_p4_kernel/input_mem_reg[0][18][12]/C
                         clock pessimism              0.000     2.020    
                         clock uncertainty           -0.035     1.985    
    SLICE_X85Y12         FDRE (Setup_HFF2_SLICEL_C_D)
                                                      0.025     2.010    u_unified_p4_kernel/input_mem_reg[0][18][12]
  -------------------------------------------------------------------
                         required time                          2.010    
                         arrival time                          -2.978    
  -------------------------------------------------------------------
                         slack                                 -0.968    

Slack (VIOLATED) :        -0.968ns  (required time - arrival time)
  Source:                 kernel_vector_q_reg[0]_rep__0/C
                            (rising edge-triggered cell FDCE clocked by clk  {rise@0.000ns fall@1.000ns period=2.000ns})
  Destination:            u_unified_p4_kernel/input_mem_reg[3][62][12]/D
                            (rising edge-triggered cell FDRE clocked by clk  {rise@0.000ns fall@1.000ns period=2.000ns})
  Path Group:             clk
  Path Type:              Setup (Max at Slow Process Corner)
  Requirement:            2.000ns  (clk rise@2.000ns - clk rise@0.000ns)
  Data Path Delay:        2.948ns  (logic 0.461ns (15.640%)  route 2.487ns (84.360%))
  Logic Levels:           6  (LUT2=1 LUT3=1 LUT6=3 MUXF7=1)
  Clock Path Skew:        -0.010ns (DCD - SCD + CPR)
    Destination Clock Delay (DCD):    0.020ns = ( 2.020 - 2.000 ) 
    Source Clock Delay      (SCD):    0.030ns
    Clock Pessimism Removal (CPR):    0.000ns
  Clock Uncertainty:      0.035ns  ((TSJ^2 + TIJ^2)^1/2 + DJ) / 2 + PE
    Total System Jitter     (TSJ):    0.071ns
    Total Input Jitter      (TIJ):    0.000ns
    Discrete Jitter          (DJ):    0.000ns
    Phase Error              (PE):    0.000ns

    Location             Delay type                Incr(ns)  Path(ns)    Netlist Resource(s)
  -------------------------------------------------------------------    -------------------
                         (clock clk rise edge)        0.000     0.000 r  
                                                      0.000     0.000 r  clk (IN)
                         net (fo=33320, unset)        0.030     0.030    clk
    SLICE_X101Y76        FDCE                                         r  kernel_vector_q_reg[0]_rep__0/C
  -------------------------------------------------------------------    -------------------
    SLICE_X101Y76        FDCE (Prop_AFF2_SLICEM_C_Q)
                                                      0.080     0.110 r  kernel_vector_q_reg[0]_rep__0/Q
                         net (fo=96, routed)          0.564     0.674    kernel_vector_q_reg[0]_rep__0_n_0
    SLICE_X103Y80        LUT6 (Prop_F6LUT_SLICEM_I4_O)
                                                      0.037     0.711 r  u_unified_p4_kernel_i_827/O
                         net (fo=1, routed)           0.023     0.734    u_unified_p4_kernel_i_827_n_0
    SLICE_X103Y80        MUXF7 (Prop_F7MUX_EF_SLICEM_I0_O)
                                                      0.068     0.802 r  u_unified_p4_kernel_i_655/O
                         net (fo=2, routed)           0.726     1.528    u_unified_p4_kernel_i_655_n_0
    SLICE_X95Y40         LUT3 (Prop_F6LUT_SLICEM_I0_O)
                                                      0.051     1.579 r  u_unified_p4_kernel_i_534/O
                         net (fo=2, routed)           0.213     1.792    u_unified_p4_kernel_i_534_n_0
    SLICE_X94Y36         LUT6 (Prop_F6LUT_SLICEL_I5_O)
                                                      0.123     1.915 r  u_unified_p4_kernel_i_329/O
                         net (fo=1, routed)           0.092     2.007    u_unified_p4_kernel_i_329_n_0
    SLICE_X95Y36         LUT2 (Prop_E6LUT_SLICEM_I1_O)
                                                      0.052     2.059 f  u_unified_p4_kernel_i_135/O
                         net (fo=2, routed)           0.293     2.352    u_unified_p4_kernel_i_135_n_0
    SLICE_X91Y30         LUT6 (Prop_C6LUT_SLICEL_I1_O)
                                                      0.050     2.402 r  u_unified_p4_kernel_i_22/O
                         net (fo=45, routed)          0.576     2.978    u_unified_p4_kernel/in_data[44]
    SLICE_X87Y13         FDRE                                         r  u_unified_p4_kernel/input_mem_reg[3][62][12]/D
  -------------------------------------------------------------------    -------------------

                         (clock clk rise edge)        2.000     2.000 r  
                                                      0.000     2.000 r  clk (IN)
                         net (fo=33320, unset)        0.020     2.020    u_unified_p4_kernel/clk
    SLICE_X87Y13         FDRE                                         r  u_unified_p4_kernel/input_mem_reg[3][62][12]/C
                         clock pessimism              0.000     2.020    
                         clock uncertainty           -0.035     1.985    
    SLICE_X87Y13         FDRE (Setup_HFF_SLICEL_C_D)
                                                      0.025     2.010    u_unified_p4_kernel/input_mem_reg[3][62][12]
  -------------------------------------------------------------------
                         required time                          2.010    
                         arrival time                          -2.978    
  -------------------------------------------------------------------
                         slack                                 -0.968    

Slack (VIOLATED) :        -0.966ns  (required time - arrival time)
  Source:                 lfnst_grid_reg[30][1]/C
                            (rising edge-triggered cell FDCE clocked by clk  {rise@0.000ns fall@1.000ns period=2.000ns})
  Destination:            u_unified_p4_kernel/input_mem_reg[2][30][1]/D
                            (rising edge-triggered cell FDRE clocked by clk  {rise@0.000ns fall@1.000ns period=2.000ns})
  Path Group:             clk
  Path Type:              Setup (Max at Slow Process Corner)
  Requirement:            2.000ns  (clk rise@2.000ns - clk rise@0.000ns)
  Data Path Delay:        2.948ns  (logic 0.667ns (22.622%)  route 2.281ns (77.378%))
  Logic Levels:           6  (LUT2=1 LUT3=1 LUT6=3 MUXF7=1)
  Clock Path Skew:        -0.007ns (DCD - SCD + CPR)
    Destination Clock Delay (DCD):    0.021ns = ( 2.021 - 2.000 ) 
    Source Clock Delay      (SCD):    0.028ns
    Clock Pessimism Removal (CPR):    0.000ns
  Clock Uncertainty:      0.035ns  ((TSJ^2 + TIJ^2)^1/2 + DJ) / 2 + PE
    Total System Jitter     (TSJ):    0.071ns
    Total Input Jitter      (TIJ):    0.000ns
    Discrete Jitter          (DJ):    0.000ns
    Phase Error              (PE):    0.000ns

    Location             Delay type                Incr(ns)  Path(ns)    Netlist Resource(s)
  -------------------------------------------------------------------    -------------------
                         (clock clk rise edge)        0.000     0.000 r  
                                                      0.000     0.000 r  clk (IN)
                         net (fo=33320, unset)        0.028     0.028    clk
    SLICE_X102Y81        FDCE                                         r  lfnst_grid_reg[30][1]/C
  -------------------------------------------------------------------    -------------------
    SLICE_X102Y81        FDCE (Prop_CFF_SLICEL_C_Q)
                                                      0.079     0.107 r  lfnst_grid_reg[30][1]/Q
                         net (fo=1, routed)           0.474     0.581    lfnst_grid_reg_n_0_[30][1]
    SLICE_X100Y77        LUT6 (Prop_G6LUT_SLICEL_I1_O)
                                                      0.123     0.704 r  u_unified_p4_kernel_i_1000/O
                         net (fo=1, routed)           0.008     0.712    u_unified_p4_kernel_i_1000_n_0
    SLICE_X100Y77        MUXF7 (Prop_F7MUX_GH_SLICEL_I1_O)
                                                      0.063     0.775 r  u_unified_p4_kernel_i_741/O
                         net (fo=2, routed)           0.435     1.210    u_unified_p4_kernel_i_741_n_0
    SLICE_X96Y63         LUT3 (Prop_A6LUT_SLICEM_I0_O)
                                                      0.053     1.263 r  u_unified_p4_kernel_i_577/O
                         net (fo=2, routed)           0.110     1.373    u_unified_p4_kernel_i_577_n_0
    SLICE_X96Y63         LUT6 (Prop_H6LUT_SLICEM_I4_O)
                                                      0.125     1.498 r  u_unified_p4_kernel_i_351/O
                         net (fo=1, routed)           0.526     2.024    u_unified_p4_kernel_i_351_n_0
    SLICE_X90Y29         LUT2 (Prop_G6LUT_SLICEM_I1_O)
                                                      0.123     2.147 f  u_unified_p4_kernel_i_168/O
                         net (fo=1, routed)           0.047     2.194    u_unified_p4_kernel_i_168_n_0
    SLICE_X90Y29         LUT6 (Prop_H6LUT_SLICEM_I1_O)
                                                      0.101     2.295 r  u_unified_p4_kernel_i_33/O
                         net (fo=64, routed)          0.681     2.976    u_unified_p4_kernel/in_data[33]
    SLICE_X98Y14         FDRE                                         r  u_unified_p4_kernel/input_mem_reg[2][30][1]/D
  -------------------------------------------------------------------    -------------------

                         (clock clk rise edge)        2.000     2.000 r  
                                                      0.000     2.000 r  clk (IN)
                         net (fo=33320, unset)        0.021     2.021    u_unified_p4_kernel/clk
    SLICE_X98Y14         FDRE                                         r  u_unified_p4_kernel/input_mem_reg[2][30][1]/C
                         clock pessimism              0.000     2.021    
                         clock uncertainty           -0.035     1.986    
    SLICE_X98Y14         FDRE (Setup_FFF_SLICEM_C_D)
                                                      0.025     2.011    u_unified_p4_kernel/input_mem_reg[2][30][1]
  -------------------------------------------------------------------
                         required time                          2.011    
                         arrival time                          -2.976    
  -------------------------------------------------------------------
                         slack                                 -0.966    

Slack (VIOLATED) :        -0.966ns  (required time - arrival time)
  Source:                 kernel_stage_q_reg_replica_11/C
                            (rising edge-triggered cell FDCE clocked by clk  {rise@0.000ns fall@1.000ns period=2.000ns})
  Destination:            lfnst_mem_resp_data_q_reg[15]/D
                            (rising edge-triggered cell FDCE clocked by clk  {rise@0.000ns fall@1.000ns period=2.000ns})
  Path Group:             clk
  Path Type:              Setup (Max at Slow Process Corner)
  Requirement:            2.000ns  (clk rise@2.000ns - clk rise@0.000ns)
  Data Path Delay:        2.946ns  (logic 0.784ns (26.610%)  route 2.162ns (73.390%))
  Logic Levels:           8  (LUT5=2 LUT6=3 MUXF7=1 MUXF8=1 RAMD64E=1)
  Clock Path Skew:        -0.009ns (DCD - SCD + CPR)
    Destination Clock Delay (DCD):    0.020ns = ( 2.020 - 2.000 ) 
    Source Clock Delay      (SCD):    0.029ns
    Clock Pessimism Removal (CPR):    0.000ns
  Clock Uncertainty:      0.035ns  ((TSJ^2 + TIJ^2)^1/2 + DJ) / 2 + PE
    Total System Jitter     (TSJ):    0.071ns
    Total Input Jitter      (TIJ):    0.000ns
    Discrete Jitter          (DJ):    0.000ns
    Phase Error              (PE):    0.000ns

    Location             Delay type                Incr(ns)  Path(ns)    Netlist Resource(s)
  -------------------------------------------------------------------    -------------------
                         (clock clk rise edge)        0.000     0.000 r  
                                                      0.000     0.000 r  clk (IN)
                         net (fo=33320, unset)        0.029     0.029    clk
    SLICE_X78Y139        FDCE                                         r  kernel_stage_q_reg_replica_11/C
  -------------------------------------------------------------------    -------------------
    SLICE_X78Y139        FDCE (Prop_GFF_SLICEL_C_Q)
                                                      0.079     0.108 f  kernel_stage_q_reg_replica_11/Q
                         net (fo=3, routed)           0.108     0.216    kernel_stage_q_reg_n_0_repN_11
    SLICE_X78Y138        LUT6 (Prop_C6LUT_SLICEL_I3_O)
                                                      0.123     0.339 r  gen_input_slots[1].gen_input_banks[3].u_input_cache_bank_i_67/O
                         net (fo=70, routed)          0.393     0.732    gen_input_slots[1].gen_input_banks[3].u_input_cache_bank_i_67_n_0
    SLICE_X76Y154        LUT6 (Prop_F6LUT_SLICEL_I0_O)
                                                      0.089     0.821 r  gen_input_slots[1].gen_input_banks[2].u_input_cache_bank_i_45/O
                         net (fo=220, routed)         0.865     1.686    gen_input_slots[1].gen_input_banks[2].u_input_cache_bank/data_mem_reg_0_63_14_15/ADDRB0
    SLICE_X71Y218        RAMD64E (Prop_F6LUT_SLICEM_RADR0_O)
                                                      0.148     1.834 r  gen_input_slots[1].gen_input_banks[2].u_input_cache_bank/data_mem_reg_0_63_14_15/RAMB/O
                         net (fo=1, routed)           0.311     2.145    gen_input_slots[1].gen_input_banks[2].u_input_cache_bank/data_mem_reg_0_63_14_15_n_1
    SLICE_X72Y198        LUT6 (Prop_D6LUT_SLICEL_I5_O)
                                                      0.122     2.267 r  gen_input_slots[1].gen_input_banks[2].u_input_cache_bank/rd_data[15]_INST_0_i_3/O
                         net (fo=1, routed)           0.009     2.276    gen_input_slots[1].gen_input_banks[2].u_input_cache_bank/rd_data[15]_INST_0_i_3_n_0
    SLICE_X72Y198        MUXF7 (Prop_F7MUX_CD_SLICEL_I0_O)
                                                      0.056     2.332 r  gen_input_slots[1].gen_input_banks[2].u_input_cache_bank/rd_data[15]_INST_0_i_1/O
                         net (fo=1, routed)           0.000     2.332    gen_input_slots[1].gen_input_banks[2].u_input_cache_bank/rd_data[15]_INST_0_i_1_n_0
    SLICE_X72Y198        MUXF8 (Prop_F8MUX_BOT_SLICEL_I0_O)
                                                      0.026     2.358 r  gen_input_slots[1].gen_input_banks[2].u_input_cache_bank/rd_data[15]_INST_0/O
                         net (fo=2, routed)           0.386     2.744    input_rd_data[1][2][15]
    SLICE_X78Y194        LUT5 (Prop_E6LUT_SLICEL_I4_O)
                                                      0.090     2.834 f  lfnst_mem_resp_data_q[15]_i_4/O
                         net (fo=1, routed)           0.041     2.875    lfnst_mem_resp_data_q[15]_i_4_n_0
    SLICE_X78Y194        LUT5 (Prop_B6LUT_SLICEL_I3_O)
                                                      0.051     2.926 r  lfnst_mem_resp_data_q[15]_i_1/O
                         net (fo=1, routed)           0.049     2.975    lfnst_gather_rd_data[15]
    SLICE_X78Y194        FDCE                                         r  lfnst_mem_resp_data_q_reg[15]/D
  -------------------------------------------------------------------    -------------------

                         (clock clk rise edge)        2.000     2.000 r  
                                                      0.000     2.000 r  clk (IN)
                         net (fo=33320, unset)        0.020     2.020    clk
    SLICE_X78Y194        FDCE                                         r  lfnst_mem_resp_data_q_reg[15]/C
                         clock pessimism              0.000     2.020    
                         clock uncertainty           -0.035     1.985    
    SLICE_X78Y194        FDCE (Setup_BFF_SLICEL_C_D)
                                                      0.025     2.010    lfnst_mem_resp_data_q_reg[15]
  -------------------------------------------------------------------
                         required time                          2.010    
                         arrival time                          -2.975    
  -------------------------------------------------------------------
                         slack                                 -0.966    

Slack (VIOLATED) :        -0.965ns  (required time - arrival time)
  Source:                 kernel_vector_q_reg[0]_rep__0/C
                            (rising edge-triggered cell FDCE clocked by clk  {rise@0.000ns fall@1.000ns period=2.000ns})
  Destination:            u_unified_p4_kernel/input_mem_reg[0][62][12]/D
                            (rising edge-triggered cell FDRE clocked by clk  {rise@0.000ns fall@1.000ns period=2.000ns})
  Path Group:             clk
  Path Type:              Setup (Max at Slow Process Corner)
  Requirement:            2.000ns  (clk rise@2.000ns - clk rise@0.000ns)
  Data Path Delay:        2.945ns  (logic 0.461ns (15.655%)  route 2.484ns (84.345%))
  Logic Levels:           6  (LUT2=1 LUT3=1 LUT6=3 MUXF7=1)
  Clock Path Skew:        -0.010ns (DCD - SCD + CPR)
    Destination Clock Delay (DCD):    0.020ns = ( 2.020 - 2.000 ) 
    Source Clock Delay      (SCD):    0.030ns
    Clock Pessimism Removal (CPR):    0.000ns
  Clock Uncertainty:      0.035ns  ((TSJ^2 + TIJ^2)^1/2 + DJ) / 2 + PE
    Total System Jitter     (TSJ):    0.071ns
    Total Input Jitter      (TIJ):    0.000ns
    Discrete Jitter          (DJ):    0.000ns
    Phase Error              (PE):    0.000ns

    Location             Delay type                Incr(ns)  Path(ns)    Netlist Resource(s)
  -------------------------------------------------------------------    -------------------
                         (clock clk rise edge)        0.000     0.000 r  
                                                      0.000     0.000 r  clk (IN)
                         net (fo=33320, unset)        0.030     0.030    clk
    SLICE_X101Y76        FDCE                                         r  kernel_vector_q_reg[0]_rep__0/C
  -------------------------------------------------------------------    -------------------
    SLICE_X101Y76        FDCE (Prop_AFF2_SLICEM_C_Q)
                                                      0.080     0.110 r  kernel_vector_q_reg[0]_rep__0/Q
                         net (fo=96, routed)          0.564     0.674    kernel_vector_q_reg[0]_rep__0_n_0
    SLICE_X103Y80        LUT6 (Prop_F6LUT_SLICEM_I4_O)
                                                      0.037     0.711 r  u_unified_p4_kernel_i_827/O
                         net (fo=1, routed)           0.023     0.734    u_unified_p4_kernel_i_827_n_0
    SLICE_X103Y80        MUXF7 (Prop_F7MUX_EF_SLICEM_I0_O)
                                                      0.068     0.802 r  u_unified_p4_kernel_i_655/O
                         net (fo=2, routed)           0.726     1.528    u_unified_p4_kernel_i_655_n_0
    SLICE_X95Y40         LUT3 (Prop_F6LUT_SLICEM_I0_O)
                                                      0.051     1.579 r  u_unified_p4_kernel_i_534/O
                         net (fo=2, routed)           0.213     1.792    u_unified_p4_kernel_i_534_n_0
    SLICE_X94Y36         LUT6 (Prop_F6LUT_SLICEL_I5_O)
                                                      0.123     1.915 r  u_unified_p4_kernel_i_329/O
                         net (fo=1, routed)           0.092     2.007    u_unified_p4_kernel_i_329_n_0
    SLICE_X95Y36         LUT2 (Prop_E6LUT_SLICEM_I1_O)
                                                      0.052     2.059 f  u_unified_p4_kernel_i_135/O
                         net (fo=2, routed)           0.293     2.352    u_unified_p4_kernel_i_135_n_0
    SLICE_X91Y30         LUT6 (Prop_C6LUT_SLICEL_I1_O)
                                                      0.050     2.402 r  u_unified_p4_kernel_i_22/O
                         net (fo=45, routed)          0.573     2.975    u_unified_p4_kernel/in_data[44]
    SLICE_X87Y14         FDRE                                         r  u_unified_p4_kernel/input_mem_reg[0][62][12]/D
  -------------------------------------------------------------------    -------------------

                         (clock clk rise edge)        2.000     2.000 r  
                                                      0.000     2.000 r  clk (IN)
                         net (fo=33320, unset)        0.020     2.020    u_unified_p4_kernel/clk
    SLICE_X87Y14         FDRE                                         r  u_unified_p4_kernel/input_mem_reg[0][62][12]/C
                         clock pessimism              0.000     2.020    
                         clock uncertainty           -0.035     1.985    
    SLICE_X87Y14         FDRE (Setup_DFF_SLICEL_C_D)
                                                      0.025     2.010    u_unified_p4_kernel/input_mem_reg[0][62][12]
  -------------------------------------------------------------------
                         required time                          2.010    
                         arrival time                          -2.975    
  -------------------------------------------------------------------
                         slack                                 -0.965    

Slack (VIOLATED) :        -0.964ns  (required time - arrival time)
  Source:                 kernel_vector_q_reg[1]_rep__2/C
                            (rising edge-triggered cell FDCE clocked by clk  {rise@0.000ns fall@1.000ns period=2.000ns})
  Destination:            u_unified_p4_kernel/input_mem_reg[1][8][4]/D
                            (rising edge-triggered cell FDRE clocked by clk  {rise@0.000ns fall@1.000ns period=2.000ns})
  Path Group:             clk
  Path Type:              Setup (Max at Slow Process Corner)
  Requirement:            2.000ns  (clk rise@2.000ns - clk rise@0.000ns)
  Data Path Delay:        2.947ns  (logic 0.549ns (18.629%)  route 2.398ns (81.371%))
  Logic Levels:           6  (LUT2=1 LUT3=1 LUT6=3 MUXF7=1)
  Clock Path Skew:        -0.007ns (DCD - SCD + CPR)
    Destination Clock Delay (DCD):    0.021ns = ( 2.021 - 2.000 ) 
    Source Clock Delay      (SCD):    0.028ns
    Clock Pessimism Removal (CPR):    0.000ns
  Clock Uncertainty:      0.035ns  ((TSJ^2 + TIJ^2)^1/2 + DJ) / 2 + PE
    Total System Jitter     (TSJ):    0.071ns
    Total Input Jitter      (TIJ):    0.000ns
    Discrete Jitter          (DJ):    0.000ns
    Phase Error              (PE):    0.000ns

    Location             Delay type                Incr(ns)  Path(ns)    Netlist Resource(s)
  -------------------------------------------------------------------    -------------------
                         (clock clk rise edge)        0.000     0.000 r  
                                                      0.000     0.000 r  clk (IN)
                         net (fo=33320, unset)        0.028     0.028    clk
    SLICE_X100Y81        FDCE                                         r  kernel_vector_q_reg[1]_rep__2/C
  -------------------------------------------------------------------    -------------------
    SLICE_X100Y81        FDCE (Prop_DFF2_SLICEL_C_Q)
                                                      0.081     0.109 r  kernel_vector_q_reg[1]_rep__2/Q
                         net (fo=88, routed)          0.508     0.617    kernel_vector_q_reg[1]_rep__2_n_0
    SLICE_X102Y80        LUT6 (Prop_C6LUT_SLICEL_I2_O)
                                                      0.096     0.713 r  u_unified_p4_kernel_i_952/O
                         net (fo=1, routed)           0.010     0.723    u_unified_p4_kernel_i_952_n_0
    SLICE_X102Y80        MUXF7 (Prop_F7MUX_CD_SLICEL_I1_O)
                                                      0.064     0.787 r  u_unified_p4_kernel_i_717/O
                         net (fo=2, routed)           0.526     1.313    u_unified_p4_kernel_i_717_n_0
    SLICE_X94Y62         LUT3 (Prop_D5LUT_SLICEL_I0_O)
                                                      0.096     1.409 r  u_unified_p4_kernel_i_565/O
                         net (fo=2, routed)           0.545     1.954    u_unified_p4_kernel_i_565_n_0
    SLICE_X85Y33         LUT6 (Prop_F6LUT_SLICEL_I3_O)
                                                      0.089     2.043 r  u_unified_p4_kernel_i_414/O
                         net (fo=1, routed)           0.039     2.082    u_unified_p4_kernel_i_414_n_0
    SLICE_X85Y33         LUT2 (Prop_G6LUT_SLICEL_I1_O)
                                                      0.035     2.117 f  u_unified_p4_kernel_i_261/O
                         net (fo=1, routed)           0.093     2.210    u_unified_p4_kernel_i_261_n_0
    SLICE_X86Y33         LUT6 (Prop_C6LUT_SLICEM_I1_O)
                                                      0.088     2.298 r  u_unified_p4_kernel_i_62/O
                         net (fo=64, routed)          0.677     2.975    u_unified_p4_kernel/in_data[4]
    SLICE_X79Y20         FDRE                                         r  u_unified_p4_kernel/input_mem_reg[1][8][4]/D
  -------------------------------------------------------------------    -------------------

                         (clock clk rise edge)        2.000     2.000 r  
                                                      0.000     2.000 r  clk (IN)
                         net (fo=33320, unset)        0.021     2.021    u_unified_p4_kernel/clk
    SLICE_X79Y20         FDRE                                         r  u_unified_p4_kernel/input_mem_reg[1][8][4]/C
                         clock pessimism              0.000     2.021    
                         clock uncertainty           -0.035     1.986    
    SLICE_X79Y20         FDRE (Setup_HFF_SLICEM_C_D)
                                                      0.025     2.011    u_unified_p4_kernel/input_mem_reg[1][8][4]
  -------------------------------------------------------------------
                         required time                          2.011    
                         arrival time                          -2.975    
  -------------------------------------------------------------------
                         slack                                 -0.964    

Slack (VIOLATED) :        -0.963ns  (required time - arrival time)
  Source:                 kernel_stage_q_reg_replica_11/C
                            (rising edge-triggered cell FDCE clocked by clk  {rise@0.000ns fall@1.000ns period=2.000ns})
  Destination:            lfnst_mem_resp_data_q_reg[5]/D
                            (rising edge-triggered cell FDCE clocked by clk  {rise@0.000ns fall@1.000ns period=2.000ns})
  Path Group:             clk
  Path Type:              Setup (Max at Slow Process Corner)
  Requirement:            2.000ns  (clk rise@2.000ns - clk rise@0.000ns)
  Data Path Delay:        2.944ns  (logic 0.650ns (22.082%)  route 2.294ns (77.918%))
  Logic Levels:           8  (LUT5=2 LUT6=3 MUXF7=1 MUXF8=1 RAMD64E=1)
  Clock Path Skew:        -0.009ns (DCD - SCD + CPR)
    Destination Clock Delay (DCD):    0.020ns = ( 2.020 - 2.000 ) 
    Source Clock Delay      (SCD):    0.029ns
    Clock Pessimism Removal (CPR):    0.000ns
  Clock Uncertainty:      0.035ns  ((TSJ^2 + TIJ^2)^1/2 + DJ) / 2 + PE
    Total System Jitter     (TSJ):    0.071ns
    Total Input Jitter      (TIJ):    0.000ns
    Discrete Jitter          (DJ):    0.000ns
    Phase Error              (PE):    0.000ns

    Location             Delay type                Incr(ns)  Path(ns)    Netlist Resource(s)
  -------------------------------------------------------------------    -------------------
                         (clock clk rise edge)        0.000     0.000 r  
                                                      0.000     0.000 r  clk (IN)
                         net (fo=33320, unset)        0.029     0.029    clk
    SLICE_X78Y139        FDCE                                         r  kernel_stage_q_reg_replica_11/C
  -------------------------------------------------------------------    -------------------
    SLICE_X78Y139        FDCE (Prop_GFF_SLICEL_C_Q)
                                                      0.079     0.108 f  kernel_stage_q_reg_replica_11/Q
                         net (fo=3, routed)           0.108     0.216    kernel_stage_q_reg_n_0_repN_11
    SLICE_X78Y138        LUT6 (Prop_C6LUT_SLICEL_I3_O)
                                                      0.123     0.339 r  gen_input_slots[1].gen_input_banks[3].u_input_cache_bank_i_67/O
                         net (fo=70, routed)          0.458     0.797    gen_input_slots[1].gen_input_banks[3].u_input_cache_bank_i_67_n_0
    SLICE_X79Y168        LUT6 (Prop_C6LUT_SLICEM_I5_O)
                                                      0.037     0.834 r  gen_input_slots[1].gen_input_banks[1].u_input_cache_bank_i_43/O
                         net (fo=288, routed)         0.809     1.644    gen_input_slots[1].gen_input_banks[1].u_input_cache_bank/data_mem_reg_512_575_0_6/ADDRF5
    SLICE_X89Y194        RAMD64E (Prop_F6LUT_SLICEM_RADR5_O)
                                                      0.037     1.681 r  gen_input_slots[1].gen_input_banks[1].u_input_cache_bank/data_mem_reg_512_575_0_6/RAMF/O
                         net (fo=1, routed)           0.303     1.984    gen_input_slots[1].gen_input_banks[1].u_input_cache_bank/data_mem_reg_512_575_0_6_n_5
    SLICE_X85Y196        LUT6 (Prop_B6LUT_SLICEL_I5_O)
                                                      0.124     2.108 r  gen_input_slots[1].gen_input_banks[1].u_input_cache_bank/rd_data[5]_INST_0_i_5/O
                         net (fo=1, routed)           0.009     2.117    gen_input_slots[1].gen_input_banks[1].u_input_cache_bank/rd_data[5]_INST_0_i_5_n_0
    SLICE_X85Y196        MUXF7 (Prop_F7MUX_AB_SLICEL_I0_O)
                                                      0.056     2.173 r  gen_input_slots[1].gen_input_banks[1].u_input_cache_bank/rd_data[5]_INST_0_i_2/O
                         net (fo=1, routed)           0.000     2.173    gen_input_slots[1].gen_input_banks[1].u_input_cache_bank/rd_data[5]_INST_0_i_2_n_0
    SLICE_X85Y196        MUXF8 (Prop_F8MUX_BOT_SLICEL_I1_O)
                                                      0.026     2.199 r  gen_input_slots[1].gen_input_banks[1].u_input_cache_bank/rd_data[5]_INST_0/O
                         net (fo=2, routed)           0.398     2.597    input_rd_data[1][1][5]
    SLICE_X77Y193        LUT5 (Prop_E5LUT_SLICEL_I2_O)
                                                      0.070     2.667 r  lfnst_mem_resp_data_q[5]_i_2/O
                         net (fo=1, routed)           0.159     2.826    lfnst_mem_resp_data_q[5]_i_2_n_0
    SLICE_X77Y193        LUT5 (Prop_B6LUT_SLICEL_I1_O)
                                                      0.098     2.924 r  lfnst_mem_resp_data_q[5]_i_1/O
                         net (fo=1, routed)           0.049     2.973    lfnst_gather_rd_data[5]
    SLICE_X77Y193        FDCE                                         r  lfnst_mem_resp_data_q_reg[5]/D
  -------------------------------------------------------------------    -------------------

                         (clock clk rise edge)        2.000     2.000 r  
                                                      0.000     2.000 r  clk (IN)
                         net (fo=33320, unset)        0.020     2.020    clk
    SLICE_X77Y193        FDCE                                         r  lfnst_mem_resp_data_q_reg[5]/C
                         clock pessimism              0.000     2.020    
                         clock uncertainty           -0.035     1.985    
    SLICE_X77Y193        FDCE (Setup_BFF_SLICEL_C_D)
                                                      0.025     2.010    lfnst_mem_resp_data_q_reg[5]
  -------------------------------------------------------------------
                         required time                          2.010    
                         arrival time                          -2.973    
  -------------------------------------------------------------------
                         slack                                 -0.963    

Slack (VIOLATED) :        -0.962ns  (required time - arrival time)
  Source:                 kernel_vector_q_reg[0]_rep__0/C
                            (rising edge-triggered cell FDCE clocked by clk  {rise@0.000ns fall@1.000ns period=2.000ns})
  Destination:            u_unified_p4_kernel/input_mem_reg[1][34][12]/D
                            (rising edge-triggered cell FDRE clocked by clk  {rise@0.000ns fall@1.000ns period=2.000ns})
  Path Group:             clk
  Path Type:              Setup (Max at Slow Process Corner)
  Requirement:            2.000ns  (clk rise@2.000ns - clk rise@0.000ns)
  Data Path Delay:        2.941ns  (logic 0.461ns (15.673%)  route 2.480ns (84.327%))
  Logic Levels:           6  (LUT2=1 LUT3=1 LUT6=3 MUXF7=1)
  Clock Path Skew:        -0.010ns (DCD - SCD + CPR)
    Destination Clock Delay (DCD):    0.020ns = ( 2.020 - 2.000 ) 
    Source Clock Delay      (SCD):    0.030ns
    Clock Pessimism Removal (CPR):    0.000ns
  Clock Uncertainty:      0.035ns  ((TSJ^2 + TIJ^2)^1/2 + DJ) / 2 + PE
    Total System Jitter     (TSJ):    0.071ns
    Total Input Jitter      (TIJ):    0.000ns
    Discrete Jitter          (DJ):    0.000ns
    Phase Error              (PE):    0.000ns

    Location             Delay type                Incr(ns)  Path(ns)    Netlist Resource(s)
  -------------------------------------------------------------------    -------------------
                         (clock clk rise edge)        0.000     0.000 r  
                                                      0.000     0.000 r  clk (IN)
                         net (fo=33320, unset)        0.030     0.030    clk
    SLICE_X101Y76        FDCE                                         r  kernel_vector_q_reg[0]_rep__0/C
  -------------------------------------------------------------------    -------------------
    SLICE_X101Y76        FDCE (Prop_AFF2_SLICEM_C_Q)
                                                      0.080     0.110 r  kernel_vector_q_reg[0]_rep__0/Q
                         net (fo=96, routed)          0.564     0.674    kernel_vector_q_reg[0]_rep__0_n_0
    SLICE_X103Y80        LUT6 (Prop_F6LUT_SLICEM_I4_O)
                                                      0.037     0.711 r  u_unified_p4_kernel_i_827/O
                         net (fo=1, routed)           0.023     0.734    u_unified_p4_kernel_i_827_n_0
    SLICE_X103Y80        MUXF7 (Prop_F7MUX_EF_SLICEM_I0_O)
                                                      0.068     0.802 r  u_unified_p4_kernel_i_655/O
                         net (fo=2, routed)           0.726     1.528    u_unified_p4_kernel_i_655_n_0
    SLICE_X95Y40         LUT3 (Prop_F6LUT_SLICEM_I0_O)
                                                      0.051     1.579 r  u_unified_p4_kernel_i_534/O
                         net (fo=2, routed)           0.213     1.792    u_unified_p4_kernel_i_534_n_0
    SLICE_X94Y36         LUT6 (Prop_F6LUT_SLICEL_I5_O)
                                                      0.123     1.915 r  u_unified_p4_kernel_i_329/O
                         net (fo=1, routed)           0.092     2.007    u_unified_p4_kernel_i_329_n_0
    SLICE_X95Y36         LUT2 (Prop_E6LUT_SLICEM_I1_O)
                                                      0.052     2.059 f  u_unified_p4_kernel_i_135/O
                         net (fo=2, routed)           0.293     2.352    u_unified_p4_kernel_i_135_n_0
    SLICE_X91Y30         LUT6 (Prop_C6LUT_SLICEL_I1_O)
                                                      0.050     2.402 r  u_unified_p4_kernel_i_22/O
                         net (fo=45, routed)          0.570     2.971    u_unified_p4_kernel/in_data[44]
    SLICE_X84Y15         FDRE                                         r  u_unified_p4_kernel/input_mem_reg[1][34][12]/D
  -------------------------------------------------------------------    -------------------

                         (clock clk rise edge)        2.000     2.000 r  
                                                      0.000     2.000 r  clk (IN)
                         net (fo=33320, unset)        0.020     2.020    u_unified_p4_kernel/clk
    SLICE_X84Y15         FDRE                                         r  u_unified_p4_kernel/input_mem_reg[1][34][12]/C
                         clock pessimism              0.000     2.020    
                         clock uncertainty           -0.035     1.985    
    SLICE_X84Y15         FDRE (Setup_HFF2_SLICEL_C_D)
                                                      0.025     2.010    u_unified_p4_kernel/input_mem_reg[1][34][12]
  -------------------------------------------------------------------
                         required time                          2.010    
                         arrival time                          -2.971    
  -------------------------------------------------------------------
                         slack                                 -0.962    

Slack (VIOLATED) :        -0.961ns  (required time - arrival time)
  Source:                 kernel_phase_q_reg[3]/C
                            (rising edge-triggered cell FDCE clocked by clk  {rise@0.000ns fall@1.000ns period=2.000ns})
  Destination:            u_unified_p4_kernel/input_mem_reg[0][45][12]/D
                            (rising edge-triggered cell FDRE clocked by clk  {rise@0.000ns fall@1.000ns period=2.000ns})
  Path Group:             clk
  Path Type:              Setup (Max at Slow Process Corner)
  Requirement:            2.000ns  (clk rise@2.000ns - clk rise@0.000ns)
  Data Path Delay:        2.942ns  (logic 0.546ns (18.557%)  route 2.396ns (81.443%))
  Logic Levels:           5  (LUT3=1 LUT6=4)
  Clock Path Skew:        -0.008ns (DCD - SCD + CPR)
    Destination Clock Delay (DCD):    0.020ns = ( 2.020 - 2.000 ) 
    Source Clock Delay      (SCD):    0.028ns
    Clock Pessimism Removal (CPR):    0.000ns
  Clock Uncertainty:      0.035ns  ((TSJ^2 + TIJ^2)^1/2 + DJ) / 2 + PE
    Total System Jitter     (TSJ):    0.071ns
    Total Input Jitter      (TIJ):    0.000ns
    Discrete Jitter          (DJ):    0.000ns
    Phase Error              (PE):    0.000ns

    Location             Delay type                Incr(ns)  Path(ns)    Netlist Resource(s)
  -------------------------------------------------------------------    -------------------
                         (clock clk rise edge)        0.000     0.000 r  
                                                      0.000     0.000 r  clk (IN)
                         net (fo=33320, unset)        0.028     0.028    clk
    SLICE_X87Y62         FDCE                                         r  kernel_phase_q_reg[3]/C
  -------------------------------------------------------------------    -------------------
    SLICE_X87Y62         FDCE (Prop_DFF_SLICEL_C_Q)
                                                      0.079     0.107 f  kernel_phase_q_reg[3]/Q
                         net (fo=29, routed)          0.212     0.319    kernel_phase_q_reg_n_0_[3]
    SLICE_X87Y62         LUT6 (Prop_F6LUT_SLICEL_I0_O)
                                                      0.097     0.416 r  u_unified_p4_kernel_i_1/O
                         net (fo=11, routed)          0.343     0.760    p_24_in
    SLICE_X88Y76         LUT6 (Prop_F6LUT_SLICEL_I5_O)
                                                      0.049     0.809 f  u_unified_p4_kernel_i_69/O
                         net (fo=9, routed)           0.264     1.073    u_unified_p4_kernel_i_69_n_0
    SLICE_X88Y66         LUT6 (Prop_B6LUT_SLICEL_I3_O)
                                                      0.124     1.197 r  u_unified_p4_kernel_i_2/O
                         net (fo=6, routed)           0.568     1.765    kernel_in_valid
    SLICE_X98Y35         LUT3 (Prop_B6LUT_SLICEM_I1_O)
                                                      0.052     1.817 r  u_unified_p4_kernel_i_177/O
                         net (fo=16, routed)          0.244     2.061    u_unified_p4_kernel_i_177_n_0
    SLICE_X98Y41         LUT6 (Prop_D6LUT_SLICEM_I4_O)
                                                      0.145     2.206 r  u_unified_p4_kernel_i_38/O
                         net (fo=64, routed)          0.765     2.970    u_unified_p4_kernel/in_data[28]
    SLICE_X102Y33        FDRE                                         r  u_unified_p4_kernel/input_mem_reg[0][45][12]/D
  -------------------------------------------------------------------    -------------------

                         (clock clk rise edge)        2.000     2.000 r  
                                                      0.000     2.000 r  clk (IN)
                         net (fo=33320, unset)        0.020     2.020    u_unified_p4_kernel/clk
    SLICE_X102Y33        FDRE                                         r  u_unified_p4_kernel/input_mem_reg[0][45][12]/C
                         clock pessimism              0.000     2.020    
                         clock uncertainty           -0.035     1.985    
    SLICE_X102Y33        FDRE (Setup_GFF_SLICEL_C_D)
                                                      0.025     2.010    u_unified_p4_kernel/input_mem_reg[0][45][12]
  -------------------------------------------------------------------
                         required time                          2.010    
                         arrival time                          -2.970    
  -------------------------------------------------------------------
                         slack                                 -0.961    

Slack (VIOLATED) :        -0.959ns  (required time - arrival time)
  Source:                 lfnst_grid_reg[20][14]/C
                            (rising edge-triggered cell FDCE clocked by clk  {rise@0.000ns fall@1.000ns period=2.000ns})
  Destination:            u_unified_p4_kernel/input_mem_reg[1][54][14]/D
                            (rising edge-triggered cell FDRE clocked by clk  {rise@0.000ns fall@1.000ns period=2.000ns})
  Path Group:             clk
  Path Type:              Setup (Max at Slow Process Corner)
  Requirement:            2.000ns  (clk rise@2.000ns - clk rise@0.000ns)
  Data Path Delay:        2.940ns  (logic 0.546ns (18.573%)  route 2.394ns (81.427%))
  Logic Levels:           6  (LUT2=1 LUT3=1 LUT6=3 MUXF7=1)
  Clock Path Skew:        -0.009ns (DCD - SCD + CPR)
    Destination Clock Delay (DCD):    0.021ns = ( 2.021 - 2.000 ) 
    Source Clock Delay      (SCD):    0.030ns
    Clock Pessimism Removal (CPR):    0.000ns
  Clock Uncertainty:      0.035ns  ((TSJ^2 + TIJ^2)^1/2 + DJ) / 2 + PE
    Total System Jitter     (TSJ):    0.071ns
    Total Input Jitter      (TIJ):    0.000ns
    Discrete Jitter          (DJ):    0.000ns
    Phase Error              (PE):    0.000ns

    Location             Delay type                Incr(ns)  Path(ns)    Netlist Resource(s)
  -------------------------------------------------------------------    -------------------
                         (clock clk rise edge)        0.000     0.000 r  
                                                      0.000     0.000 r  clk (IN)
                         net (fo=33320, unset)        0.030     0.030    clk
    SLICE_X103Y71        FDCE                                         r  lfnst_grid_reg[20][14]/C
  -------------------------------------------------------------------    -------------------
    SLICE_X103Y71        FDCE (Prop_FFF_SLICEM_C_Q)
                                                      0.076     0.106 r  lfnst_grid_reg[20][14]/Q
                         net (fo=1, routed)           0.549     0.655    lfnst_grid_reg_n_0_[20][14]
    SLICE_X99Y70         LUT6 (Prop_C6LUT_SLICEL_I5_O)
                                                      0.123     0.778 r  u_unified_p4_kernel_i_794/O
                         net (fo=1, routed)           0.010     0.788    u_unified_p4_kernel_i_794_n_0
    SLICE_X99Y70         MUXF7 (Prop_F7MUX_CD_SLICEL_I1_O)
                                                      0.064     0.852 r  u_unified_p4_kernel_i_638/O
                         net (fo=3, routed)           0.346     1.198    u_unified_p4_kernel_i_638_n_0
    SLICE_X101Y75        LUT3 (Prop_A6LUT_SLICEM_I2_O)
                                                      0.090     1.288 r  u_unified_p4_kernel_i_525/O
                         net (fo=1, routed)           0.437     1.725    u_unified_p4_kernel_i_525_n_0
    SLICE_X92Y54         LUT6 (Prop_F6LUT_SLICEM_I4_O)
                                                      0.051     1.776 r  u_unified_p4_kernel_i_325/O
                         net (fo=1, routed)           0.335     2.111    u_unified_p4_kernel_i_325_n_0
    SLICE_X92Y27         LUT2 (Prop_E6LUT_SLICEM_I1_O)
                                                      0.052     2.163 f  u_unified_p4_kernel_i_129/O
                         net (fo=1, routed)           0.091     2.254    u_unified_p4_kernel_i_129_n_0
    SLICE_X92Y27         LUT6 (Prop_H6LUT_SLICEM_I1_O)
                                                      0.090     2.344 r  u_unified_p4_kernel_i_20/O
                         net (fo=64, routed)          0.626     2.970    u_unified_p4_kernel/in_data[46]
    SLICE_X82Y17         FDRE                                         r  u_unified_p4_kernel/input_mem_reg[1][54][14]/D
  -------------------------------------------------------------------    -------------------

                         (clock clk rise edge)        2.000     2.000 r  
                                                      0.000     2.000 r  clk (IN)
                         net (fo=33320, unset)        0.021     2.021    u_unified_p4_kernel/clk
    SLICE_X82Y17         FDRE                                         r  u_unified_p4_kernel/input_mem_reg[1][54][14]/C
                         clock pessimism              0.000     2.021    
                         clock uncertainty           -0.035     1.986    
    SLICE_X82Y17         FDRE (Setup_GFF_SLICEM_C_D)
                                                      0.025     2.011    u_unified_p4_kernel/input_mem_reg[1][54][14]
  -------------------------------------------------------------------
                         required time                          2.011    
                         arrival time                          -2.970    
  -------------------------------------------------------------------
                         slack                                 -0.959    

Slack (VIOLATED) :        -0.958ns  (required time - arrival time)
  Source:                 kernel_vector_q_reg[1]_rep__2/C
                            (rising edge-triggered cell FDCE clocked by clk  {rise@0.000ns fall@1.000ns period=2.000ns})
  Destination:            u_unified_p4_kernel/input_mem_reg[1][20][4]/D
                            (rising edge-triggered cell FDRE clocked by clk  {rise@0.000ns fall@1.000ns period=2.000ns})
  Path Group:             clk
  Path Type:              Setup (Max at Slow Process Corner)
  Requirement:            2.000ns  (clk rise@2.000ns - clk rise@0.000ns)
  Data Path Delay:        2.940ns  (logic 0.549ns (18.675%)  route 2.391ns (81.325%))
  Logic Levels:           6  (LUT2=1 LUT3=1 LUT6=3 MUXF7=1)
  Clock Path Skew:        -0.008ns (DCD - SCD + CPR)
    Destination Clock Delay (DCD):    0.020ns = ( 2.020 - 2.000 ) 
    Source Clock Delay      (SCD):    0.028ns
    Clock Pessimism Removal (CPR):    0.000ns
  Clock Uncertainty:      0.035ns  ((TSJ^2 + TIJ^2)^1/2 + DJ) / 2 + PE
    Total System Jitter     (TSJ):    0.071ns
    Total Input Jitter      (TIJ):    0.000ns
    Discrete Jitter          (DJ):    0.000ns
    Phase Error              (PE):    0.000ns

    Location             Delay type                Incr(ns)  Path(ns)    Netlist Resource(s)
  -------------------------------------------------------------------    -------------------
                         (clock clk rise edge)        0.000     0.000 r  
                                                      0.000     0.000 r  clk (IN)
                         net (fo=33320, unset)        0.028     0.028    clk
    SLICE_X100Y81        FDCE                                         r  kernel_vector_q_reg[1]_rep__2/C
  -------------------------------------------------------------------    -------------------
    SLICE_X100Y81        FDCE (Prop_DFF2_SLICEL_C_Q)
                                                      0.081     0.109 r  kernel_vector_q_reg[1]_rep__2/Q
                         net (fo=88, routed)          0.508     0.617    kernel_vector_q_reg[1]_rep__2_n_0
    SLICE_X102Y80        LUT6 (Prop_C6LUT_SLICEL_I2_O)
                                                      0.096     0.713 r  u_unified_p4_kernel_i_952/O
                         net (fo=1, routed)           0.010     0.723    u_unified_p4_kernel_i_952_n_0
    SLICE_X102Y80        MUXF7 (Prop_F7MUX_CD_SLICEL_I1_O)
                                                      0.064     0.787 r  u_unified_p4_kernel_i_717/O
                         net (fo=2, routed)           0.526     1.313    u_unified_p4_kernel_i_717_n_0
    SLICE_X94Y62         LUT3 (Prop_D5LUT_SLICEL_I0_O)
                                                      0.096     1.409 r  u_unified_p4_kernel_i_565/O
                         net (fo=2, routed)           0.545     1.954    u_unified_p4_kernel_i_565_n_0
    SLICE_X85Y33         LUT6 (Prop_F6LUT_SLICEL_I3_O)
                                                      0.089     2.043 r  u_unified_p4_kernel_i_414/O
                         net (fo=1, routed)           0.039     2.082    u_unified_p4_kernel_i_414_n_0
    SLICE_X85Y33         LUT2 (Prop_G6LUT_SLICEL_I1_O)
                                                      0.035     2.117 f  u_unified_p4_kernel_i_261/O
                         net (fo=1, routed)           0.093     2.210    u_unified_p4_kernel_i_261_n_0
    SLICE_X86Y33         LUT6 (Prop_C6LUT_SLICEM_I1_O)
                                                      0.088     2.298 r  u_unified_p4_kernel_i_62/O
                         net (fo=64, routed)          0.670     2.968    u_unified_p4_kernel/in_data[4]
    SLICE_X78Y22         FDRE                                         r  u_unified_p4_kernel/input_mem_reg[1][20][4]/D
  -------------------------------------------------------------------    -------------------

                         (clock clk rise edge)        2.000     2.000 r  
                                                      0.000     2.000 r  clk (IN)
                         net (fo=33320, unset)        0.020     2.020    u_unified_p4_kernel/clk
    SLICE_X78Y22         FDRE                                         r  u_unified_p4_kernel/input_mem_reg[1][20][4]/C
                         clock pessimism              0.000     2.020    
                         clock uncertainty           -0.035     1.985    
    SLICE_X78Y22         FDRE (Setup_DFF_SLICEL_C_D)
                                                      0.025     2.010    u_unified_p4_kernel/input_mem_reg[1][20][4]
  -------------------------------------------------------------------
                         required time                          2.010    
                         arrival time                          -2.968    
  -------------------------------------------------------------------
                         slack                                 -0.958    

Slack (VIOLATED) :        -0.958ns  (required time - arrival time)
  Source:                 lfnst_grid_reg[20][14]/C
                            (rising edge-triggered cell FDCE clocked by clk  {rise@0.000ns fall@1.000ns period=2.000ns})
  Destination:            u_unified_p4_kernel/input_mem_reg[2][26][14]/D
                            (rising edge-triggered cell FDRE clocked by clk  {rise@0.000ns fall@1.000ns period=2.000ns})
  Path Group:             clk
  Path Type:              Setup (Max at Slow Process Corner)
  Requirement:            2.000ns  (clk rise@2.000ns - clk rise@0.000ns)
  Data Path Delay:        2.938ns  (logic 0.546ns (18.587%)  route 2.392ns (81.413%))
  Logic Levels:           6  (LUT2=1 LUT3=1 LUT6=3 MUXF7=1)
  Clock Path Skew:        -0.010ns (DCD - SCD + CPR)
    Destination Clock Delay (DCD):    0.020ns = ( 2.020 - 2.000 ) 
    Source Clock Delay      (SCD):    0.030ns
    Clock Pessimism Removal (CPR):    0.000ns
  Clock Uncertainty:      0.035ns  ((TSJ^2 + TIJ^2)^1/2 + DJ) / 2 + PE
    Total System Jitter     (TSJ):    0.071ns
    Total Input Jitter      (TIJ):    0.000ns
    Discrete Jitter          (DJ):    0.000ns
    Phase Error              (PE):    0.000ns

    Location             Delay type                Incr(ns)  Path(ns)    Netlist Resource(s)
  -------------------------------------------------------------------    -------------------
                         (clock clk rise edge)        0.000     0.000 r  
                                                      0.000     0.000 r  clk (IN)
                         net (fo=33320, unset)        0.030     0.030    clk
    SLICE_X103Y71        FDCE                                         r  lfnst_grid_reg[20][14]/C
  -------------------------------------------------------------------    -------------------
    SLICE_X103Y71        FDCE (Prop_FFF_SLICEM_C_Q)
                                                      0.076     0.106 r  lfnst_grid_reg[20][14]/Q
                         net (fo=1, routed)           0.549     0.655    lfnst_grid_reg_n_0_[20][14]
    SLICE_X99Y70         LUT6 (Prop_C6LUT_SLICEL_I5_O)
                                                      0.123     0.778 r  u_unified_p4_kernel_i_794/O
                         net (fo=1, routed)           0.010     0.788    u_unified_p4_kernel_i_794_n_0
    SLICE_X99Y70         MUXF7 (Prop_F7MUX_CD_SLICEL_I1_O)
                                                      0.064     0.852 r  u_unified_p4_kernel_i_638/O
                         net (fo=3, routed)           0.346     1.198    u_unified_p4_kernel_i_638_n_0
    SLICE_X101Y75        LUT3 (Prop_A6LUT_SLICEM_I2_O)
                                                      0.090     1.288 r  u_unified_p4_kernel_i_525/O
                         net (fo=1, routed)           0.437     1.725    u_unified_p4_kernel_i_525_n_0
    SLICE_X92Y54         LUT6 (Prop_F6LUT_SLICEM_I4_O)
                                                      0.051     1.776 r  u_unified_p4_kernel_i_325/O
                         net (fo=1, routed)           0.335     2.111    u_unified_p4_kernel_i_325_n_0
    SLICE_X92Y27         LUT2 (Prop_E6LUT_SLICEM_I1_O)
                                                      0.052     2.163 f  u_unified_p4_kernel_i_129/O
                         net (fo=1, routed)           0.091     2.254    u_unified_p4_kernel_i_129_n_0
    SLICE_X92Y27         LUT6 (Prop_H6LUT_SLICEM_I1_O)
                                                      0.090     2.344 r  u_unified_p4_kernel_i_20/O
                         net (fo=64, routed)          0.623     2.968    u_unified_p4_kernel/in_data[46]
    SLICE_X85Y13         FDRE                                         r  u_unified_p4_kernel/input_mem_reg[2][26][14]/D
  -------------------------------------------------------------------    -------------------

                         (clock clk rise edge)        2.000     2.000 r  
                                                      0.000     2.000 r  clk (IN)
                         net (fo=33320, unset)        0.020     2.020    u_unified_p4_kernel/clk
    SLICE_X85Y13         FDRE                                         r  u_unified_p4_kernel/input_mem_reg[2][26][14]/C
                         clock pessimism              0.000     2.020    
                         clock uncertainty           -0.035     1.985    
    SLICE_X85Y13         FDRE (Setup_GFF_SLICEL_C_D)
                                                      0.025     2.010    u_unified_p4_kernel/input_mem_reg[2][26][14]
  -------------------------------------------------------------------
                         required time                          2.010    
                         arrival time                          -2.968    
  -------------------------------------------------------------------
                         slack                                 -0.958    

Slack (VIOLATED) :        -0.958ns  (required time - arrival time)
  Source:                 lfnst_grid_reg[20][14]/C
                            (rising edge-triggered cell FDCE clocked by clk  {rise@0.000ns fall@1.000ns period=2.000ns})
  Destination:            u_unified_p4_kernel/input_mem_reg[1][18][14]/D
                            (rising edge-triggered cell FDRE clocked by clk  {rise@0.000ns fall@1.000ns period=2.000ns})
  Path Group:             clk
  Path Type:              Setup (Max at Slow Process Corner)
  Requirement:            2.000ns  (clk rise@2.000ns - clk rise@0.000ns)
  Data Path Delay:        2.937ns  (logic 0.546ns (18.589%)  route 2.391ns (81.412%))
  Logic Levels:           6  (LUT2=1 LUT3=1 LUT6=3 MUXF7=1)
  Clock Path Skew:        -0.010ns (DCD - SCD + CPR)
    Destination Clock Delay (DCD):    0.020ns = ( 2.020 - 2.000 ) 
    Source Clock Delay      (SCD):    0.030ns
    Clock Pessimism Removal (CPR):    0.000ns
  Clock Uncertainty:      0.035ns  ((TSJ^2 + TIJ^2)^1/2 + DJ) / 2 + PE
    Total System Jitter     (TSJ):    0.071ns
    Total Input Jitter      (TIJ):    0.000ns
    Discrete Jitter          (DJ):    0.000ns
    Phase Error              (PE):    0.000ns

    Location             Delay type                Incr(ns)  Path(ns)    Netlist Resource(s)
  -------------------------------------------------------------------    -------------------
                         (clock clk rise edge)        0.000     0.000 r  
                                                      0.000     0.000 r  clk (IN)
                         net (fo=33320, unset)        0.030     0.030    clk
    SLICE_X103Y71        FDCE                                         r  lfnst_grid_reg[20][14]/C
  -------------------------------------------------------------------    -------------------
    SLICE_X103Y71        FDCE (Prop_FFF_SLICEM_C_Q)
                                                      0.076     0.106 r  lfnst_grid_reg[20][14]/Q
                         net (fo=1, routed)           0.549     0.655    lfnst_grid_reg_n_0_[20][14]
    SLICE_X99Y70         LUT6 (Prop_C6LUT_SLICEL_I5_O)
                                                      0.123     0.778 r  u_unified_p4_kernel_i_794/O
                         net (fo=1, routed)           0.010     0.788    u_unified_p4_kernel_i_794_n_0
    SLICE_X99Y70         MUXF7 (Prop_F7MUX_CD_SLICEL_I1_O)
                                                      0.064     0.852 r  u_unified_p4_kernel_i_638/O
                         net (fo=3, routed)           0.346     1.198    u_unified_p4_kernel_i_638_n_0
    SLICE_X101Y75        LUT3 (Prop_A6LUT_SLICEM_I2_O)
                                                      0.090     1.288 r  u_unified_p4_kernel_i_525/O
                         net (fo=1, routed)           0.437     1.725    u_unified_p4_kernel_i_525_n_0
    SLICE_X92Y54         LUT6 (Prop_F6LUT_SLICEM_I4_O)
                                                      0.051     1.776 r  u_unified_p4_kernel_i_325/O
                         net (fo=1, routed)           0.335     2.111    u_unified_p4_kernel_i_325_n_0
    SLICE_X92Y27         LUT2 (Prop_E6LUT_SLICEM_I1_O)
                                                      0.052     2.163 f  u_unified_p4_kernel_i_129/O
                         net (fo=1, routed)           0.091     2.254    u_unified_p4_kernel_i_129_n_0
    SLICE_X92Y27         LUT6 (Prop_H6LUT_SLICEM_I1_O)
                                                      0.090     2.344 r  u_unified_p4_kernel_i_20/O
                         net (fo=64, routed)          0.623     2.967    u_unified_p4_kernel/in_data[46]
    SLICE_X84Y13         FDRE                                         r  u_unified_p4_kernel/input_mem_reg[1][18][14]/D
  -------------------------------------------------------------------    -------------------

                         (clock clk rise edge)        2.000     2.000 r  
                                                      0.000     2.000 r  clk (IN)
                         net (fo=33320, unset)        0.020     2.020    u_unified_p4_kernel/clk
    SLICE_X84Y13         FDRE                                         r  u_unified_p4_kernel/input_mem_reg[1][18][14]/C
                         clock pessimism              0.000     2.020    
                         clock uncertainty           -0.035     1.985    
    SLICE_X84Y13         FDRE (Setup_EFF_SLICEL_C_D)
                                                      0.025     2.010    u_unified_p4_kernel/input_mem_reg[1][18][14]
  -------------------------------------------------------------------
                         required time                          2.010    
                         arrival time                          -2.967    
  -------------------------------------------------------------------
                         slack                                 -0.958    

Slack (VIOLATED) :        -0.957ns  (required time - arrival time)
  Source:                 lfnst_grid_reg[53][6]/C
                            (rising edge-triggered cell FDCE clocked by clk  {rise@0.000ns fall@1.000ns period=2.000ns})
  Destination:            u_unified_p4_kernel/input_mem_reg[2][55][6]/D
                            (rising edge-triggered cell FDRE clocked by clk  {rise@0.000ns fall@1.000ns period=2.000ns})
  Path Group:             clk
  Path Type:              Setup (Max at Slow Process Corner)
  Requirement:            2.000ns  (clk rise@2.000ns - clk rise@0.000ns)
  Data Path Delay:        2.937ns  (logic 0.582ns (19.813%)  route 2.355ns (80.187%))
  Logic Levels:           6  (LUT2=1 LUT3=1 LUT6=3 MUXF7=1)
  Clock Path Skew:        -0.009ns (DCD - SCD + CPR)
    Destination Clock Delay (DCD):    0.021ns = ( 2.021 - 2.000 ) 
    Source Clock Delay      (SCD):    0.030ns
    Clock Pessimism Removal (CPR):    0.000ns
  Clock Uncertainty:      0.035ns  ((TSJ^2 + TIJ^2)^1/2 + DJ) / 2 + PE
    Total System Jitter     (TSJ):    0.071ns
    Total Input Jitter      (TIJ):    0.000ns
    Discrete Jitter          (DJ):    0.000ns
    Phase Error              (PE):    0.000ns

    Location             Delay type                Incr(ns)  Path(ns)    Netlist Resource(s)
  -------------------------------------------------------------------    -------------------
                         (clock clk rise edge)        0.000     0.000 r  
                                                      0.000     0.000 r  clk (IN)
                         net (fo=33320, unset)        0.030     0.030    clk
    SLICE_X103Y82        FDCE                                         r  lfnst_grid_reg[53][6]/C
  -------------------------------------------------------------------    -------------------
    SLICE_X103Y82        FDCE (Prop_GFF_SLICEM_C_Q)
                                                      0.078     0.108 r  lfnst_grid_reg[53][6]/Q
                         net (fo=1, routed)           0.511     0.619    lfnst_grid_reg_n_0_[53][6]
    SLICE_X93Y81         LUT6 (Prop_C6LUT_SLICEM_I3_O)
                                                      0.051     0.670 r  u_unified_p4_kernel_i_914/O
                         net (fo=1, routed)           0.021     0.691    u_unified_p4_kernel_i_914_n_0
    SLICE_X93Y81         MUXF7 (Prop_F7MUX_CD_SLICEM_I1_O)
                                                      0.068     0.759 r  u_unified_p4_kernel_i_698/O
                         net (fo=2, routed)           0.393     1.152    u_unified_p4_kernel_i_698_n_0
    SLICE_X96Y70         LUT3 (Prop_C6LUT_SLICEM_I2_O)
                                                      0.037     1.189 r  u_unified_p4_kernel_i_484/O
                         net (fo=2, routed)           0.243     1.433    u_unified_p4_kernel_i_484_n_0
    SLICE_X96Y64         LUT6 (Prop_D6LUT_SLICEM_I0_O)
                                                      0.122     1.555 r  u_unified_p4_kernel_i_302/O
                         net (fo=1, routed)           0.049     1.604    lfnst_grid[6]
    SLICE_X96Y64         LUT2 (Prop_B6LUT_SLICEM_I1_O)
                                                      0.125     1.729 f  u_unified_p4_kernel_i_102/O
                         net (fo=1, routed)           0.398     2.127    u_unified_p4_kernel_i_102_n_0
    SLICE_X96Y31         LUT6 (Prop_H6LUT_SLICEM_I1_O)
                                                      0.101     2.228 r  u_unified_p4_kernel_i_12/O
                         net (fo=60, routed)          0.740     2.967    u_unified_p4_kernel/in_data[54]
    SLICE_X93Y4          FDRE                                         r  u_unified_p4_kernel/input_mem_reg[2][55][6]/D
  -------------------------------------------------------------------    -------------------

                         (clock clk rise edge)        2.000     2.000 r  
                                                      0.000     2.000 r  clk (IN)
                         net (fo=33320, unset)        0.021     2.021    u_unified_p4_kernel/clk
    SLICE_X93Y4          FDRE                                         r  u_unified_p4_kernel/input_mem_reg[2][55][6]/C
                         clock pessimism              0.000     2.021    
                         clock uncertainty           -0.035     1.986    
    SLICE_X93Y4          FDRE (Setup_HFF2_SLICEM_C_D)
                                                      0.025     2.011    u_unified_p4_kernel/input_mem_reg[2][55][6]
  -------------------------------------------------------------------
                         required time                          2.011    
                         arrival time                          -2.967    
  -------------------------------------------------------------------
                         slack                                 -0.957    

Slack (VIOLATED) :        -0.956ns  (required time - arrival time)
  Source:                 lfnst_grid_reg[30][1]/C
                            (rising edge-triggered cell FDCE clocked by clk  {rise@0.000ns fall@1.000ns period=2.000ns})
  Destination:            u_unified_p4_kernel/input_mem_reg[2][34][1]/D
                            (rising edge-triggered cell FDRE clocked by clk  {rise@0.000ns fall@1.000ns period=2.000ns})
  Path Group:             clk
  Path Type:              Setup (Max at Slow Process Corner)
  Requirement:            2.000ns  (clk rise@2.000ns - clk rise@0.000ns)
  Data Path Delay:        2.938ns  (logic 0.667ns (22.706%)  route 2.271ns (77.294%))
  Logic Levels:           6  (LUT2=1 LUT3=1 LUT6=3 MUXF7=1)
  Clock Path Skew:        -0.008ns (DCD - SCD + CPR)
    Destination Clock Delay (DCD):    0.020ns = ( 2.020 - 2.000 ) 
    Source Clock Delay      (SCD):    0.028ns
    Clock Pessimism Removal (CPR):    0.000ns
  Clock Uncertainty:      0.035ns  ((TSJ^2 + TIJ^2)^1/2 + DJ) / 2 + PE
    Total System Jitter     (TSJ):    0.071ns
    Total Input Jitter      (TIJ):    0.000ns
    Discrete Jitter          (DJ):    0.000ns
    Phase Error              (PE):    0.000ns

    Location             Delay type                Incr(ns)  Path(ns)    Netlist Resource(s)
  -------------------------------------------------------------------    -------------------
                         (clock clk rise edge)        0.000     0.000 r  
                                                      0.000     0.000 r  clk (IN)
                         net (fo=33320, unset)        0.028     0.028    clk
    SLICE_X102Y81        FDCE                                         r  lfnst_grid_reg[30][1]/C
  -------------------------------------------------------------------    -------------------
    SLICE_X102Y81        FDCE (Prop_CFF_SLICEL_C_Q)
                                                      0.079     0.107 r  lfnst_grid_reg[30][1]/Q
                         net (fo=1, routed)           0.474     0.581    lfnst_grid_reg_n_0_[30][1]
    SLICE_X100Y77        LUT6 (Prop_G6LUT_SLICEL_I1_O)
                                                      0.123     0.704 r  u_unified_p4_kernel_i_1000/O
                         net (fo=1, routed)           0.008     0.712    u_unified_p4_kernel_i_1000_n_0
    SLICE_X100Y77        MUXF7 (Prop_F7MUX_GH_SLICEL_I1_O)
                                                      0.063     0.775 r  u_unified_p4_kernel_i_741/O
                         net (fo=2, routed)           0.435     1.210    u_unified_p4_kernel_i_741_n_0
    SLICE_X96Y63         LUT3 (Prop_A6LUT_SLICEM_I0_O)
                                                      0.053     1.263 r  u_unified_p4_kernel_i_577/O
                         net (fo=2, routed)           0.110     1.373    u_unified_p4_kernel_i_577_n_0
    SLICE_X96Y63         LUT6 (Prop_H6LUT_SLICEM_I4_O)
                                                      0.125     1.498 r  u_unified_p4_kernel_i_351/O
                         net (fo=1, routed)           0.526     2.024    u_unified_p4_kernel_i_351_n_0
    SLICE_X90Y29         LUT2 (Prop_G6LUT_SLICEM_I1_O)
                                                      0.123     2.147 f  u_unified_p4_kernel_i_168/O
                         net (fo=1, routed)           0.047     2.194    u_unified_p4_kernel_i_168_n_0
    SLICE_X90Y29         LUT6 (Prop_H6LUT_SLICEM_I1_O)
                                                      0.101     2.295 r  u_unified_p4_kernel_i_33/O
                         net (fo=64, routed)          0.670     2.966    u_unified_p4_kernel/in_data[33]
    SLICE_X83Y15         FDRE                                         r  u_unified_p4_kernel/input_mem_reg[2][34][1]/D
  -------------------------------------------------------------------    -------------------

                         (clock clk rise edge)        2.000     2.000 r  
                                                      0.000     2.000 r  clk (IN)
                         net (fo=33320, unset)        0.020     2.020    u_unified_p4_kernel/clk
    SLICE_X83Y15         FDRE                                         r  u_unified_p4_kernel/input_mem_reg[2][34][1]/C
                         clock pessimism              0.000     2.020    
                         clock uncertainty           -0.035     1.985    
    SLICE_X83Y15         FDRE (Setup_FFF_SLICEL_C_D)
                                                      0.025     2.010    u_unified_p4_kernel/input_mem_reg[2][34][1]
  -------------------------------------------------------------------
                         required time                          2.010    
                         arrival time                          -2.966    
  -------------------------------------------------------------------
                         slack                                 -0.956    

Slack (VIOLATED) :        -0.955ns  (required time - arrival time)
  Source:                 lfnst_grid_reg[30][1]/C
                            (rising edge-triggered cell FDCE clocked by clk  {rise@0.000ns fall@1.000ns period=2.000ns})
  Destination:            u_unified_p4_kernel/input_mem_reg[3][6][1]/D
                            (rising edge-triggered cell FDRE clocked by clk  {rise@0.000ns fall@1.000ns period=2.000ns})
  Path Group:             clk
  Path Type:              Setup (Max at Slow Process Corner)
  Requirement:            2.000ns  (clk rise@2.000ns - clk rise@0.000ns)
  Data Path Delay:        2.936ns  (logic 0.667ns (22.715%)  route 2.269ns (77.285%))
  Logic Levels:           6  (LUT2=1 LUT3=1 LUT6=3 MUXF7=1)
  Clock Path Skew:        -0.008ns (DCD - SCD + CPR)
    Destination Clock Delay (DCD):    0.020ns = ( 2.020 - 2.000 ) 
    Source Clock Delay      (SCD):    0.028ns
    Clock Pessimism Removal (CPR):    0.000ns
  Clock Uncertainty:      0.035ns  ((TSJ^2 + TIJ^2)^1/2 + DJ) / 2 + PE
    Total System Jitter     (TSJ):    0.071ns
    Total Input Jitter      (TIJ):    0.000ns
    Discrete Jitter          (DJ):    0.000ns
    Phase Error              (PE):    0.000ns

    Location             Delay type                Incr(ns)  Path(ns)    Netlist Resource(s)
  -------------------------------------------------------------------    -------------------
                         (clock clk rise edge)        0.000     0.000 r  
                                                      0.000     0.000 r  clk (IN)
                         net (fo=33320, unset)        0.028     0.028    clk
    SLICE_X102Y81        FDCE                                         r  lfnst_grid_reg[30][1]/C
  -------------------------------------------------------------------    -------------------
    SLICE_X102Y81        FDCE (Prop_CFF_SLICEL_C_Q)
                                                      0.079     0.107 r  lfnst_grid_reg[30][1]/Q
                         net (fo=1, routed)           0.474     0.581    lfnst_grid_reg_n_0_[30][1]
    SLICE_X100Y77        LUT6 (Prop_G6LUT_SLICEL_I1_O)
                                                      0.123     0.704 r  u_unified_p4_kernel_i_1000/O
                         net (fo=1, routed)           0.008     0.712    u_unified_p4_kernel_i_1000_n_0
    SLICE_X100Y77        MUXF7 (Prop_F7MUX_GH_SLICEL_I1_O)
                                                      0.063     0.775 r  u_unified_p4_kernel_i_741/O
                         net (fo=2, routed)           0.435     1.210    u_unified_p4_kernel_i_741_n_0
    SLICE_X96Y63         LUT3 (Prop_A6LUT_SLICEM_I0_O)
                                                      0.053     1.263 r  u_unified_p4_kernel_i_577/O
                         net (fo=2, routed)           0.110     1.373    u_unified_p4_kernel_i_577_n_0
    SLICE_X96Y63         LUT6 (Prop_H6LUT_SLICEM_I4_O)
                                                      0.125     1.498 r  u_unified_p4_kernel_i_351/O
                         net (fo=1, routed)           0.526     2.024    u_unified_p4_kernel_i_351_n_0
    SLICE_X90Y29         LUT2 (Prop_G6LUT_SLICEM_I1_O)
                                                      0.123     2.147 f  u_unified_p4_kernel_i_168/O
                         net (fo=1, routed)           0.047     2.194    u_unified_p4_kernel_i_168_n_0
    SLICE_X90Y29         LUT6 (Prop_H6LUT_SLICEM_I1_O)
                                                      0.101     2.295 r  u_unified_p4_kernel_i_33/O
                         net (fo=64, routed)          0.669     2.964    u_unified_p4_kernel/in_data[33]
    SLICE_X83Y8          FDRE                                         r  u_unified_p4_kernel/input_mem_reg[3][6][1]/D
  -------------------------------------------------------------------    -------------------

                         (clock clk rise edge)        2.000     2.000 r  
                                                      0.000     2.000 r  clk (IN)
                         net (fo=33320, unset)        0.020     2.020    u_unified_p4_kernel/clk
    SLICE_X83Y8          FDRE                                         r  u_unified_p4_kernel/input_mem_reg[3][6][1]/C
                         clock pessimism              0.000     2.020    
                         clock uncertainty           -0.035     1.985    
    SLICE_X83Y8          FDRE (Setup_GFF_SLICEL_C_D)
                                                      0.025     2.010    u_unified_p4_kernel/input_mem_reg[3][6][1]
  -------------------------------------------------------------------
                         required time                          2.010    
                         arrival time                          -2.964    
  -------------------------------------------------------------------
                         slack                                 -0.955    

Slack (VIOLATED) :        -0.954ns  (required time - arrival time)
  Source:                 kernel_vector_q_reg[0]_rep__0/C
                            (rising edge-triggered cell FDCE clocked by clk  {rise@0.000ns fall@1.000ns period=2.000ns})
  Destination:            u_unified_p4_kernel/input_mem_reg[2][6][12]/D
                            (rising edge-triggered cell FDRE clocked by clk  {rise@0.000ns fall@1.000ns period=2.000ns})
  Path Group:             clk
  Path Type:              Setup (Max at Slow Process Corner)
  Requirement:            2.000ns  (clk rise@2.000ns - clk rise@0.000ns)
  Data Path Delay:        2.934ns  (logic 0.461ns (15.712%)  route 2.473ns (84.288%))
  Logic Levels:           6  (LUT2=1 LUT3=1 LUT6=3 MUXF7=1)
  Clock Path Skew:        -0.010ns (DCD - SCD + CPR)
    Destination Clock Delay (DCD):    0.020ns = ( 2.020 - 2.000 ) 
    Source Clock Delay      (SCD):    0.030ns
    Clock Pessimism Removal (CPR):    0.000ns
  Clock Uncertainty:      0.035ns  ((TSJ^2 + TIJ^2)^1/2 + DJ) / 2 + PE
    Total System Jitter     (TSJ):    0.071ns
    Total Input Jitter      (TIJ):    0.000ns
    Discrete Jitter          (DJ):    0.000ns
    Phase Error              (PE):    0.000ns

    Location             Delay type                Incr(ns)  Path(ns)    Netlist Resource(s)
  -------------------------------------------------------------------    -------------------
                         (clock clk rise edge)        0.000     0.000 r  
                                                      0.000     0.000 r  clk (IN)
                         net (fo=33320, unset)        0.030     0.030    clk
    SLICE_X101Y76        FDCE                                         r  kernel_vector_q_reg[0]_rep__0/C
  -------------------------------------------------------------------    -------------------
    SLICE_X101Y76        FDCE (Prop_AFF2_SLICEM_C_Q)
                                                      0.080     0.110 r  kernel_vector_q_reg[0]_rep__0/Q
                         net (fo=96, routed)          0.564     0.674    kernel_vector_q_reg[0]_rep__0_n_0
    SLICE_X103Y80        LUT6 (Prop_F6LUT_SLICEM_I4_O)
                                                      0.037     0.711 r  u_unified_p4_kernel_i_827/O
                         net (fo=1, routed)           0.023     0.734    u_unified_p4_kernel_i_827_n_0
    SLICE_X103Y80        MUXF7 (Prop_F7MUX_EF_SLICEM_I0_O)
                                                      0.068     0.802 r  u_unified_p4_kernel_i_655/O
                         net (fo=2, routed)           0.726     1.528    u_unified_p4_kernel_i_655_n_0
    SLICE_X95Y40         LUT3 (Prop_F6LUT_SLICEM_I0_O)
                                                      0.051     1.579 r  u_unified_p4_kernel_i_534/O
                         net (fo=2, routed)           0.213     1.792    u_unified_p4_kernel_i_534_n_0
    SLICE_X94Y36         LUT6 (Prop_F6LUT_SLICEL_I5_O)
                                                      0.123     1.915 r  u_unified_p4_kernel_i_329/O
                         net (fo=1, routed)           0.092     2.007    u_unified_p4_kernel_i_329_n_0
    SLICE_X95Y36         LUT2 (Prop_E6LUT_SLICEM_I1_O)
                                                      0.052     2.059 f  u_unified_p4_kernel_i_135/O
                         net (fo=2, routed)           0.293     2.352    u_unified_p4_kernel_i_135_n_0
    SLICE_X91Y30         LUT6 (Prop_C6LUT_SLICEL_I1_O)
                                                      0.050     2.402 r  u_unified_p4_kernel_i_22/O
                         net (fo=45, routed)          0.562     2.964    u_unified_p4_kernel/in_data[44]
    SLICE_X88Y11         FDRE                                         r  u_unified_p4_kernel/input_mem_reg[2][6][12]/D
  -------------------------------------------------------------------    -------------------

                         (clock clk rise edge)        2.000     2.000 r  
                                                      0.000     2.000 r  clk (IN)
                         net (fo=33320, unset)        0.020     2.020    u_unified_p4_kernel/clk
    SLICE_X88Y11         FDRE                                         r  u_unified_p4_kernel/input_mem_reg[2][6][12]/C
                         clock pessimism              0.000     2.020    
                         clock uncertainty           -0.035     1.985    
    SLICE_X88Y11         FDRE (Setup_HFF_SLICEL_C_D)
                                                      0.025     2.010    u_unified_p4_kernel/input_mem_reg[2][6][12]
  -------------------------------------------------------------------
                         required time                          2.010    
                         arrival time                          -2.964    
  -------------------------------------------------------------------
                         slack                                 -0.954    

Slack (VIOLATED) :        -0.954ns  (required time - arrival time)
  Source:                 kernel_stage_q_reg_replica_11/C
                            (rising edge-triggered cell FDCE clocked by clk  {rise@0.000ns fall@1.000ns period=2.000ns})
  Destination:            lfnst_mem_resp_data_q_reg[13]/D
                            (rising edge-triggered cell FDCE clocked by clk  {rise@0.000ns fall@1.000ns period=2.000ns})
  Path Group:             clk
  Path Type:              Setup (Max at Slow Process Corner)
  Requirement:            2.000ns  (clk rise@2.000ns - clk rise@0.000ns)
  Data Path Delay:        2.935ns  (logic 0.697ns (23.750%)  route 2.238ns (76.250%))
  Logic Levels:           8  (LUT5=2 LUT6=3 MUXF7=1 MUXF8=1 RAMD64E=1)
  Clock Path Skew:        -0.009ns (DCD - SCD + CPR)
    Destination Clock Delay (DCD):    0.020ns = ( 2.020 - 2.000 ) 
    Source Clock Delay      (SCD):    0.029ns
    Clock Pessimism Removal (CPR):    0.000ns
  Clock Uncertainty:      0.035ns  ((TSJ^2 + TIJ^2)^1/2 + DJ) / 2 + PE
    Total System Jitter     (TSJ):    0.071ns
    Total Input Jitter      (TIJ):    0.000ns
    Discrete Jitter          (DJ):    0.000ns
    Phase Error              (PE):    0.000ns

    Location             Delay type                Incr(ns)  Path(ns)    Netlist Resource(s)
  -------------------------------------------------------------------    -------------------
                         (clock clk rise edge)        0.000     0.000 r  
                                                      0.000     0.000 r  clk (IN)
                         net (fo=33320, unset)        0.029     0.029    clk
    SLICE_X78Y139        FDCE                                         r  kernel_stage_q_reg_replica_11/C
  -------------------------------------------------------------------    -------------------
    SLICE_X78Y139        FDCE (Prop_GFF_SLICEL_C_Q)
                                                      0.079     0.108 f  kernel_stage_q_reg_replica_11/Q
                         net (fo=3, routed)           0.108     0.216    kernel_stage_q_reg_n_0_repN_11
    SLICE_X78Y138        LUT6 (Prop_C6LUT_SLICEL_I3_O)
                                                      0.123     0.339 r  gen_input_slots[1].gen_input_banks[3].u_input_cache_bank_i_67/O
                         net (fo=70, routed)          0.393     0.732    gen_input_slots[1].gen_input_banks[3].u_input_cache_bank_i_67_n_0
    SLICE_X76Y154        LUT6 (Prop_F6LUT_SLICEL_I0_O)
                                                      0.089     0.821 r  gen_input_slots[1].gen_input_banks[2].u_input_cache_bank_i_45/O
                         net (fo=220, routed)         0.894     1.715    gen_input_slots[1].gen_input_banks[2].u_input_cache_bank/data_mem_reg_448_511_7_13/ADDRG0
    SLICE_X67Y206        RAMD64E (Prop_G6LUT_SLICEM_RADR0_O)
                                                      0.150     1.865 r  gen_input_slots[1].gen_input_banks[2].u_input_cache_bank/data_mem_reg_448_511_7_13/RAMG/O
                         net (fo=1, routed)           0.189     2.054    gen_input_slots[1].gen_input_banks[2].u_input_cache_bank/data_mem_reg_448_511_7_13_n_6
    SLICE_X68Y206        LUT6 (Prop_C6LUT_SLICEL_I0_O)
                                                      0.088     2.142 r  gen_input_slots[1].gen_input_banks[2].u_input_cache_bank/rd_data[13]_INST_0_i_4/O
                         net (fo=1, routed)           0.010     2.152    gen_input_slots[1].gen_input_banks[2].u_input_cache_bank/rd_data[13]_INST_0_i_4_n_0
    SLICE_X68Y206        MUXF7 (Prop_F7MUX_CD_SLICEL_I1_O)
                                                      0.057     2.209 r  gen_input_slots[1].gen_input_banks[2].u_input_cache_bank/rd_data[13]_INST_0_i_1/O
                         net (fo=1, routed)           0.000     2.209    gen_input_slots[1].gen_input_banks[2].u_input_cache_bank/rd_data[13]_INST_0_i_1_n_0
    SLICE_X68Y206        MUXF8 (Prop_F8MUX_BOT_SLICEL_I0_O)
                                                      0.026     2.235 r  gen_input_slots[1].gen_input_banks[2].u_input_cache_bank/rd_data[13]_INST_0/O
                         net (fo=2, routed)           0.510     2.745    input_rd_data[1][2][13]
    SLICE_X77Y190        LUT5 (Prop_E6LUT_SLICEL_I4_O)
                                                      0.035     2.780 f  lfnst_mem_resp_data_q[13]_i_4/O
                         net (fo=1, routed)           0.085     2.865    lfnst_mem_resp_data_q[13]_i_4_n_0
    SLICE_X76Y190        LUT5 (Prop_D6LUT_SLICEL_I3_O)
                                                      0.050     2.915 r  lfnst_mem_resp_data_q[13]_i_1/O
                         net (fo=1, routed)           0.049     2.964    lfnst_gather_rd_data[13]
    SLICE_X76Y190        FDCE                                         r  lfnst_mem_resp_data_q_reg[13]/D
  -------------------------------------------------------------------    -------------------

                         (clock clk rise edge)        2.000     2.000 r  
                                                      0.000     2.000 r  clk (IN)
                         net (fo=33320, unset)        0.020     2.020    clk
    SLICE_X76Y190        FDCE                                         r  lfnst_mem_resp_data_q_reg[13]/C
                         clock pessimism              0.000     2.020    
                         clock uncertainty           -0.035     1.985    
    SLICE_X76Y190        FDCE (Setup_DFF_SLICEL_C_D)
                                                      0.025     2.010    lfnst_mem_resp_data_q_reg[13]
  -------------------------------------------------------------------
                         required time                          2.010    
                         arrival time                          -2.964    
  -------------------------------------------------------------------
                         slack                                 -0.954    

Slack (VIOLATED) :        -0.954ns  (required time - arrival time)
  Source:                 kernel_phase_q_reg[3]/C
                            (rising edge-triggered cell FDCE clocked by clk  {rise@0.000ns fall@1.000ns period=2.000ns})
  Destination:            u_unified_p4_kernel/input_mem_reg[3][45][12]/D
                            (rising edge-triggered cell FDRE clocked by clk  {rise@0.000ns fall@1.000ns period=2.000ns})
  Path Group:             clk
  Path Type:              Setup (Max at Slow Process Corner)
  Requirement:            2.000ns  (clk rise@2.000ns - clk rise@0.000ns)
  Data Path Delay:        2.936ns  (logic 0.546ns (18.599%)  route 2.390ns (81.401%))
  Logic Levels:           5  (LUT3=1 LUT6=4)
  Clock Path Skew:        -0.008ns (DCD - SCD + CPR)
    Destination Clock Delay (DCD):    0.020ns = ( 2.020 - 2.000 ) 
    Source Clock Delay      (SCD):    0.028ns
    Clock Pessimism Removal (CPR):    0.000ns
  Clock Uncertainty:      0.035ns  ((TSJ^2 + TIJ^2)^1/2 + DJ) / 2 + PE
    Total System Jitter     (TSJ):    0.071ns
    Total Input Jitter      (TIJ):    0.000ns
    Discrete Jitter          (DJ):    0.000ns
    Phase Error              (PE):    0.000ns

    Location             Delay type                Incr(ns)  Path(ns)    Netlist Resource(s)
  -------------------------------------------------------------------    -------------------
                         (clock clk rise edge)        0.000     0.000 r  
                                                      0.000     0.000 r  clk (IN)
                         net (fo=33320, unset)        0.028     0.028    clk
    SLICE_X87Y62         FDCE                                         r  kernel_phase_q_reg[3]/C
  -------------------------------------------------------------------    -------------------
    SLICE_X87Y62         FDCE (Prop_DFF_SLICEL_C_Q)
                                                      0.079     0.107 f  kernel_phase_q_reg[3]/Q
                         net (fo=29, routed)          0.212     0.319    kernel_phase_q_reg_n_0_[3]
    SLICE_X87Y62         LUT6 (Prop_F6LUT_SLICEL_I0_O)
                                                      0.097     0.416 r  u_unified_p4_kernel_i_1/O
                         net (fo=11, routed)          0.343     0.760    p_24_in
    SLICE_X88Y76         LUT6 (Prop_F6LUT_SLICEL_I5_O)
                                                      0.049     0.809 f  u_unified_p4_kernel_i_69/O
                         net (fo=9, routed)           0.264     1.073    u_unified_p4_kernel_i_69_n_0
    SLICE_X88Y66         LUT6 (Prop_B6LUT_SLICEL_I3_O)
                                                      0.124     1.197 r  u_unified_p4_kernel_i_2/O
                         net (fo=6, routed)           0.568     1.765    kernel_in_valid
    SLICE_X98Y35         LUT3 (Prop_B6LUT_SLICEM_I1_O)
                                                      0.052     1.817 r  u_unified_p4_kernel_i_177/O
                         net (fo=16, routed)          0.244     2.061    u_unified_p4_kernel_i_177_n_0
    SLICE_X98Y41         LUT6 (Prop_D6LUT_SLICEM_I4_O)
                                                      0.145     2.206 r  u_unified_p4_kernel_i_38/O
                         net (fo=64, routed)          0.758     2.964    u_unified_p4_kernel/in_data[28]
    SLICE_X102Y32        FDRE                                         r  u_unified_p4_kernel/input_mem_reg[3][45][12]/D
  -------------------------------------------------------------------    -------------------

                         (clock clk rise edge)        2.000     2.000 r  
                                                      0.000     2.000 r  clk (IN)
                         net (fo=33320, unset)        0.020     2.020    u_unified_p4_kernel/clk
    SLICE_X102Y32        FDRE                                         r  u_unified_p4_kernel/input_mem_reg[3][45][12]/C
                         clock pessimism              0.000     2.020    
                         clock uncertainty           -0.035     1.985    
    SLICE_X102Y32        FDRE (Setup_GFF_SLICEL_C_D)
                                                      0.025     2.010    u_unified_p4_kernel/input_mem_reg[3][45][12]
  -------------------------------------------------------------------
                         required time                          2.010    
                         arrival time                          -2.964    
  -------------------------------------------------------------------
                         slack                                 -0.954    

Slack (VIOLATED) :        -0.954ns  (required time - arrival time)
  Source:                 lfnst_grid_reg[53][6]/C
                            (rising edge-triggered cell FDCE clocked by clk  {rise@0.000ns fall@1.000ns period=2.000ns})
  Destination:            u_unified_p4_kernel/input_mem_reg[0][19][6]/D
                            (rising edge-triggered cell FDRE clocked by clk  {rise@0.000ns fall@1.000ns period=2.000ns})
  Path Group:             clk
  Path Type:              Setup (Max at Slow Process Corner)
  Requirement:            2.000ns  (clk rise@2.000ns - clk rise@0.000ns)
  Data Path Delay:        2.934ns  (logic 0.582ns (19.835%)  route 2.352ns (80.165%))
  Logic Levels:           6  (LUT2=1 LUT3=1 LUT6=3 MUXF7=1)
  Clock Path Skew:        -0.009ns (DCD - SCD + CPR)
    Destination Clock Delay (DCD):    0.021ns = ( 2.021 - 2.000 ) 
    Source Clock Delay      (SCD):    0.030ns
    Clock Pessimism Removal (CPR):    0.000ns
  Clock Uncertainty:      0.035ns  ((TSJ^2 + TIJ^2)^1/2 + DJ) / 2 + PE
    Total System Jitter     (TSJ):    0.071ns
    Total Input Jitter      (TIJ):    0.000ns
    Discrete Jitter          (DJ):    0.000ns
    Phase Error              (PE):    0.000ns

    Location             Delay type                Incr(ns)  Path(ns)    Netlist Resource(s)
  -------------------------------------------------------------------    -------------------
                         (clock clk rise edge)        0.000     0.000 r  
                                                      0.000     0.000 r  clk (IN)
                         net (fo=33320, unset)        0.030     0.030    clk
    SLICE_X103Y82        FDCE                                         r  lfnst_grid_reg[53][6]/C
  -------------------------------------------------------------------    -------------------
    SLICE_X103Y82        FDCE (Prop_GFF_SLICEM_C_Q)
                                                      0.078     0.108 r  lfnst_grid_reg[53][6]/Q
                         net (fo=1, routed)           0.511     0.619    lfnst_grid_reg_n_0_[53][6]
    SLICE_X93Y81         LUT6 (Prop_C6LUT_SLICEM_I3_O)
                                                      0.051     0.670 r  u_unified_p4_kernel_i_914/O
                         net (fo=1, routed)           0.021     0.691    u_unified_p4_kernel_i_914_n_0
    SLICE_X93Y81         MUXF7 (Prop_F7MUX_CD_SLICEM_I1_O)
                                                      0.068     0.759 r  u_unified_p4_kernel_i_698/O
                         net (fo=2, routed)           0.393     1.152    u_unified_p4_kernel_i_698_n_0
    SLICE_X96Y70         LUT3 (Prop_C6LUT_SLICEM_I2_O)
                                                      0.037     1.189 r  u_unified_p4_kernel_i_484/O
                         net (fo=2, routed)           0.243     1.433    u_unified_p4_kernel_i_484_n_0
    SLICE_X96Y64         LUT6 (Prop_D6LUT_SLICEM_I0_O)
                                                      0.122     1.555 r  u_unified_p4_kernel_i_302/O
                         net (fo=1, routed)           0.049     1.604    lfnst_grid[6]
    SLICE_X96Y64         LUT2 (Prop_B6LUT_SLICEM_I1_O)
                                                      0.125     1.729 f  u_unified_p4_kernel_i_102/O
                         net (fo=1, routed)           0.398     2.127    u_unified_p4_kernel_i_102_n_0
    SLICE_X96Y31         LUT6 (Prop_H6LUT_SLICEM_I1_O)
                                                      0.101     2.228 r  u_unified_p4_kernel_i_12/O
                         net (fo=60, routed)          0.737     2.964    u_unified_p4_kernel/in_data[54]
    SLICE_X92Y4          FDRE                                         r  u_unified_p4_kernel/input_mem_reg[0][19][6]/D
  -------------------------------------------------------------------    -------------------

                         (clock clk rise edge)        2.000     2.000 r  
                                                      0.000     2.000 r  clk (IN)
                         net (fo=33320, unset)        0.021     2.021    u_unified_p4_kernel/clk
    SLICE_X92Y4          FDRE                                         r  u_unified_p4_kernel/input_mem_reg[0][19][6]/C
                         clock pessimism              0.000     2.021    
                         clock uncertainty           -0.035     1.986    
    SLICE_X92Y4          FDRE (Setup_HFF_SLICEM_C_D)
                                                      0.025     2.011    u_unified_p4_kernel/input_mem_reg[0][19][6]
  -------------------------------------------------------------------
                         required time                          2.011    
                         arrival time                          -2.964    
  -------------------------------------------------------------------
                         slack                                 -0.954    

Slack (VIOLATED) :        -0.953ns  (required time - arrival time)
  Source:                 kernel_vector_q_reg[0]_rep__0/C
                            (rising edge-triggered cell FDCE clocked by clk  {rise@0.000ns fall@1.000ns period=2.000ns})
  Destination:            u_unified_p4_kernel/input_mem_reg[3][50][12]/D
                            (rising edge-triggered cell FDRE clocked by clk  {rise@0.000ns fall@1.000ns period=2.000ns})
  Path Group:             clk
  Path Type:              Setup (Max at Slow Process Corner)
  Requirement:            2.000ns  (clk rise@2.000ns - clk rise@0.000ns)
  Data Path Delay:        2.933ns  (logic 0.461ns (15.720%)  route 2.472ns (84.280%))
  Logic Levels:           6  (LUT2=1 LUT3=1 LUT6=3 MUXF7=1)
  Clock Path Skew:        -0.010ns (DCD - SCD + CPR)
    Destination Clock Delay (DCD):    0.020ns = ( 2.020 - 2.000 ) 
    Source Clock Delay      (SCD):    0.030ns
    Clock Pessimism Removal (CPR):    0.000ns
  Clock Uncertainty:      0.035ns  ((TSJ^2 + TIJ^2)^1/2 + DJ) / 2 + PE
    Total System Jitter     (TSJ):    0.071ns
    Total Input Jitter      (TIJ):    0.000ns
    Discrete Jitter          (DJ):    0.000ns
    Phase Error              (PE):    0.000ns

    Location             Delay type                Incr(ns)  Path(ns)    Netlist Resource(s)
  -------------------------------------------------------------------    -------------------
                         (clock clk rise edge)        0.000     0.000 r  
                                                      0.000     0.000 r  clk (IN)
                         net (fo=33320, unset)        0.030     0.030    clk
    SLICE_X101Y76        FDCE                                         r  kernel_vector_q_reg[0]_rep__0/C
  -------------------------------------------------------------------    -------------------
    SLICE_X101Y76        FDCE (Prop_AFF2_SLICEM_C_Q)
                                                      0.080     0.110 r  kernel_vector_q_reg[0]_rep__0/Q
                         net (fo=96, routed)          0.564     0.674    kernel_vector_q_reg[0]_rep__0_n_0
    SLICE_X103Y80        LUT6 (Prop_F6LUT_SLICEM_I4_O)
                                                      0.037     0.711 r  u_unified_p4_kernel_i_827/O
                         net (fo=1, routed)           0.023     0.734    u_unified_p4_kernel_i_827_n_0
    SLICE_X103Y80        MUXF7 (Prop_F7MUX_EF_SLICEM_I0_O)
                                                      0.068     0.802 r  u_unified_p4_kernel_i_655/O
                         net (fo=2, routed)           0.726     1.528    u_unified_p4_kernel_i_655_n_0
    SLICE_X95Y40         LUT3 (Prop_F6LUT_SLICEM_I0_O)
                                                      0.051     1.579 r  u_unified_p4_kernel_i_534/O
                         net (fo=2, routed)           0.213     1.792    u_unified_p4_kernel_i_534_n_0
    SLICE_X94Y36         LUT6 (Prop_F6LUT_SLICEL_I5_O)
                                                      0.123     1.915 r  u_unified_p4_kernel_i_329/O
                         net (fo=1, routed)           0.092     2.007    u_unified_p4_kernel_i_329_n_0
    SLICE_X95Y36         LUT2 (Prop_E6LUT_SLICEM_I1_O)
                                                      0.052     2.059 f  u_unified_p4_kernel_i_135/O
                         net (fo=2, routed)           0.293     2.352    u_unified_p4_kernel_i_135_n_0
    SLICE_X91Y30         LUT6 (Prop_C6LUT_SLICEL_I1_O)
                                                      0.050     2.402 r  u_unified_p4_kernel_i_22/O
                         net (fo=45, routed)          0.561     2.963    u_unified_p4_kernel/in_data[44]
    SLICE_X85Y18         FDRE                                         r  u_unified_p4_kernel/input_mem_reg[3][50][12]/D
  -------------------------------------------------------------------    -------------------

                         (clock clk rise edge)        2.000     2.000 r  
                                                      0.000     2.000 r  clk (IN)
                         net (fo=33320, unset)        0.020     2.020    u_unified_p4_kernel/clk
    SLICE_X85Y18         FDRE                                         r  u_unified_p4_kernel/input_mem_reg[3][50][12]/C
                         clock pessimism              0.000     2.020    
                         clock uncertainty           -0.035     1.985    
    SLICE_X85Y18         FDRE (Setup_HFF_SLICEL_C_D)
                                                      0.025     2.010    u_unified_p4_kernel/input_mem_reg[3][50][12]
  -------------------------------------------------------------------
                         required time                          2.010    
                         arrival time                          -2.963    
  -------------------------------------------------------------------
                         slack                                 -0.953    

Slack (VIOLATED) :        -0.952ns  (required time - arrival time)
  Source:                 kernel_vector_q_reg[1]_rep__2/C
                            (rising edge-triggered cell FDCE clocked by clk  {rise@0.000ns fall@1.000ns period=2.000ns})
  Destination:            u_unified_p4_kernel/input_mem_reg[3][8][4]/D
                            (rising edge-triggered cell FDRE clocked by clk  {rise@0.000ns fall@1.000ns period=2.000ns})
  Path Group:             clk
  Path Type:              Setup (Max at Slow Process Corner)
  Requirement:            2.000ns  (clk rise@2.000ns - clk rise@0.000ns)
  Data Path Delay:        2.934ns  (logic 0.549ns (18.713%)  route 2.385ns (81.287%))
  Logic Levels:           6  (LUT2=1 LUT3=1 LUT6=3 MUXF7=1)
  Clock Path Skew:        -0.008ns (DCD - SCD + CPR)
    Destination Clock Delay (DCD):    0.020ns = ( 2.020 - 2.000 ) 
    Source Clock Delay      (SCD):    0.028ns
    Clock Pessimism Removal (CPR):    0.000ns
  Clock Uncertainty:      0.035ns  ((TSJ^2 + TIJ^2)^1/2 + DJ) / 2 + PE
    Total System Jitter     (TSJ):    0.071ns
    Total Input Jitter      (TIJ):    0.000ns
    Discrete Jitter          (DJ):    0.000ns
    Phase Error              (PE):    0.000ns

    Location             Delay type                Incr(ns)  Path(ns)    Netlist Resource(s)
  -------------------------------------------------------------------    -------------------
                         (clock clk rise edge)        0.000     0.000 r  
                                                      0.000     0.000 r  clk (IN)
                         net (fo=33320, unset)        0.028     0.028    clk
    SLICE_X100Y81        FDCE                                         r  kernel_vector_q_reg[1]_rep__2/C
  -------------------------------------------------------------------    -------------------
    SLICE_X100Y81        FDCE (Prop_DFF2_SLICEL_C_Q)
                                                      0.081     0.109 r  kernel_vector_q_reg[1]_rep__2/Q
                         net (fo=88, routed)          0.508     0.617    kernel_vector_q_reg[1]_rep__2_n_0
    SLICE_X102Y80        LUT6 (Prop_C6LUT_SLICEL_I2_O)
                                                      0.096     0.713 r  u_unified_p4_kernel_i_952/O
                         net (fo=1, routed)           0.010     0.723    u_unified_p4_kernel_i_952_n_0
    SLICE_X102Y80        MUXF7 (Prop_F7MUX_CD_SLICEL_I1_O)
                                                      0.064     0.787 r  u_unified_p4_kernel_i_717/O
                         net (fo=2, routed)           0.526     1.313    u_unified_p4_kernel_i_717_n_0
    SLICE_X94Y62         LUT3 (Prop_D5LUT_SLICEL_I0_O)
                                                      0.096     1.409 r  u_unified_p4_kernel_i_565/O
                         net (fo=2, routed)           0.545     1.954    u_unified_p4_kernel_i_565_n_0
    SLICE_X85Y33         LUT6 (Prop_F6LUT_SLICEL_I3_O)
                                                      0.089     2.043 r  u_unified_p4_kernel_i_414/O
                         net (fo=1, routed)           0.039     2.082    u_unified_p4_kernel_i_414_n_0
    SLICE_X85Y33         LUT2 (Prop_G6LUT_SLICEL_I1_O)
                                                      0.035     2.117 f  u_unified_p4_kernel_i_261/O
                         net (fo=1, routed)           0.093     2.210    u_unified_p4_kernel_i_261_n_0
    SLICE_X86Y33         LUT6 (Prop_C6LUT_SLICEM_I1_O)
                                                      0.088     2.298 r  u_unified_p4_kernel_i_62/O
                         net (fo=64, routed)          0.664     2.962    u_unified_p4_kernel/in_data[4]
    SLICE_X78Y20         FDRE                                         r  u_unified_p4_kernel/input_mem_reg[3][8][4]/D
  -------------------------------------------------------------------    -------------------

                         (clock clk rise edge)        2.000     2.000 r  
                                                      0.000     2.000 r  clk (IN)
                         net (fo=33320, unset)        0.020     2.020    u_unified_p4_kernel/clk
    SLICE_X78Y20         FDRE                                         r  u_unified_p4_kernel/input_mem_reg[3][8][4]/C
                         clock pessimism              0.000     2.020    
                         clock uncertainty           -0.035     1.985    
    SLICE_X78Y20         FDRE (Setup_GFF_SLICEL_C_D)
                                                      0.025     2.010    u_unified_p4_kernel/input_mem_reg[3][8][4]
  -------------------------------------------------------------------
                         required time                          2.010    
                         arrival time                          -2.962    
  -------------------------------------------------------------------
                         slack                                 -0.952    

Slack (VIOLATED) :        -0.952ns  (required time - arrival time)
  Source:                 kernel_vector_q_reg[0]_rep__0/C
                            (rising edge-triggered cell FDCE clocked by clk  {rise@0.000ns fall@1.000ns period=2.000ns})
  Destination:            u_unified_p4_kernel/input_mem_reg[3][27][11]/D
                            (rising edge-triggered cell FDRE clocked by clk  {rise@0.000ns fall@1.000ns period=2.000ns})
  Path Group:             clk
  Path Type:              Setup (Max at Slow Process Corner)
  Requirement:            2.000ns  (clk rise@2.000ns - clk rise@0.000ns)
  Data Path Delay:        2.932ns  (logic 0.513ns (17.499%)  route 2.419ns (82.501%))
  Logic Levels:           6  (LUT2=1 LUT3=1 LUT6=3 MUXF7=1)
  Clock Path Skew:        -0.010ns (DCD - SCD + CPR)
    Destination Clock Delay (DCD):    0.020ns = ( 2.020 - 2.000 ) 
    Source Clock Delay      (SCD):    0.030ns
    Clock Pessimism Removal (CPR):    0.000ns
  Clock Uncertainty:      0.035ns  ((TSJ^2 + TIJ^2)^1/2 + DJ) / 2 + PE
    Total System Jitter     (TSJ):    0.071ns
    Total Input Jitter      (TIJ):    0.000ns
    Discrete Jitter          (DJ):    0.000ns
    Phase Error              (PE):    0.000ns

    Location             Delay type                Incr(ns)  Path(ns)    Netlist Resource(s)
  -------------------------------------------------------------------    -------------------
                         (clock clk rise edge)        0.000     0.000 r  
                                                      0.000     0.000 r  clk (IN)
                         net (fo=33320, unset)        0.030     0.030    clk
    SLICE_X101Y76        FDCE                                         r  kernel_vector_q_reg[0]_rep__0/C
  -------------------------------------------------------------------    -------------------
    SLICE_X101Y76        FDCE (Prop_AFF2_SLICEM_C_Q)
                                                      0.080     0.110 r  kernel_vector_q_reg[0]_rep__0/Q
                         net (fo=96, routed)          0.565     0.675    kernel_vector_q_reg[0]_rep__0_n_0
    SLICE_X102Y70        LUT6 (Prop_H6LUT_SLICEL_I4_O)
                                                      0.051     0.726 r  u_unified_p4_kernel_i_841/O
                         net (fo=1, routed)           0.010     0.736    u_unified_p4_kernel_i_841_n_0
    SLICE_X102Y70        MUXF7 (Prop_F7MUX_GH_SLICEL_I0_O)
                                                      0.064     0.800 r  u_unified_p4_kernel_i_662/O
                         net (fo=3, routed)           0.628     1.429    u_unified_p4_kernel_i_662_n_0
    SLICE_X100Y60        LUT3 (Prop_F6LUT_SLICEL_I2_O)
                                                      0.035     1.464 r  u_unified_p4_kernel_i_466/O
                         net (fo=2, routed)           0.093     1.557    u_unified_p4_kernel_i_466_n_0
    SLICE_X100Y59        LUT6 (Prop_H6LUT_SLICEL_I3_O)
                                                      0.124     1.681 r  u_unified_p4_kernel_i_292/O
                         net (fo=1, routed)           0.234     1.915    lfnst_grid[11]
    SLICE_X100Y44        LUT2 (Prop_A6LUT_SLICEL_I1_O)
                                                      0.035     1.950 f  u_unified_p4_kernel_i_87/O
                         net (fo=3, routed)           0.064     2.014    u_unified_p4_kernel_i_87_n_0
    SLICE_X100Y43        LUT6 (Prop_H6LUT_SLICEL_I1_O)
                                                      0.124     2.138 r  u_unified_p4_kernel_i_7_replica/O
                         net (fo=24, routed)          0.824     2.962    u_unified_p4_kernel/kernel_in_data18_out[59]_repN_alias
    SLICE_X105Y23        FDRE                                         r  u_unified_p4_kernel/input_mem_reg[3][27][11]/D
  -------------------------------------------------------------------    -------------------

                         (clock clk rise edge)        2.000     2.000 r  
                                                      0.000     2.000 r  clk (IN)
                         net (fo=33320, unset)        0.020     2.020    u_unified_p4_kernel/clk
    SLICE_X105Y23        FDRE                                         r  u_unified_p4_kernel/input_mem_reg[3][27][11]/C
                         clock pessimism              0.000     2.020    
                         clock uncertainty           -0.035     1.985    
    SLICE_X105Y23        FDRE (Setup_HFF_SLICEL_C_D)
                                                      0.025     2.010    u_unified_p4_kernel/input_mem_reg[3][27][11]
  -------------------------------------------------------------------
                         required time                          2.010    
                         arrival time                          -2.962    
  -------------------------------------------------------------------
                         slack                                 -0.952    

Slack (VIOLATED) :        -0.951ns  (required time - arrival time)
  Source:                 lfnst_grid_reg[53][6]/C
                            (rising edge-triggered cell FDCE clocked by clk  {rise@0.000ns fall@1.000ns period=2.000ns})
  Destination:            u_unified_p4_kernel/input_mem_reg[3][59][6]/D
                            (rising edge-triggered cell FDRE clocked by clk  {rise@0.000ns fall@1.000ns period=2.000ns})
  Path Group:             clk
  Path Type:              Setup (Max at Slow Process Corner)
  Requirement:            2.000ns  (clk rise@2.000ns - clk rise@0.000ns)
  Data Path Delay:        2.931ns  (logic 0.582ns (19.854%)  route 2.349ns (80.146%))
  Logic Levels:           6  (LUT2=1 LUT3=1 LUT6=3 MUXF7=1)
  Clock Path Skew:        -0.009ns (DCD - SCD + CPR)
    Destination Clock Delay (DCD):    0.021ns = ( 2.021 - 2.000 ) 
    Source Clock Delay      (SCD):    0.030ns
    Clock Pessimism Removal (CPR):    0.000ns
  Clock Uncertainty:      0.035ns  ((TSJ^2 + TIJ^2)^1/2 + DJ) / 2 + PE
    Total System Jitter     (TSJ):    0.071ns
    Total Input Jitter      (TIJ):    0.000ns
    Discrete Jitter          (DJ):    0.000ns
    Phase Error              (PE):    0.000ns

    Location             Delay type                Incr(ns)  Path(ns)    Netlist Resource(s)
  -------------------------------------------------------------------    -------------------
                         (clock clk rise edge)        0.000     0.000 r  
                                                      0.000     0.000 r  clk (IN)
                         net (fo=33320, unset)        0.030     0.030    clk
    SLICE_X103Y82        FDCE                                         r  lfnst_grid_reg[53][6]/C
  -------------------------------------------------------------------    -------------------
    SLICE_X103Y82        FDCE (Prop_GFF_SLICEM_C_Q)
                                                      0.078     0.108 r  lfnst_grid_reg[53][6]/Q
                         net (fo=1, routed)           0.511     0.619    lfnst_grid_reg_n_0_[53][6]
    SLICE_X93Y81         LUT6 (Prop_C6LUT_SLICEM_I3_O)
                                                      0.051     0.670 r  u_unified_p4_kernel_i_914/O
                         net (fo=1, routed)           0.021     0.691    u_unified_p4_kernel_i_914_n_0
    SLICE_X93Y81         MUXF7 (Prop_F7MUX_CD_SLICEM_I1_O)
                                                      0.068     0.759 r  u_unified_p4_kernel_i_698/O
                         net (fo=2, routed)           0.393     1.152    u_unified_p4_kernel_i_698_n_0
    SLICE_X96Y70         LUT3 (Prop_C6LUT_SLICEM_I2_O)
                                                      0.037     1.189 r  u_unified_p4_kernel_i_484/O
                         net (fo=2, routed)           0.243     1.433    u_unified_p4_kernel_i_484_n_0
    SLICE_X96Y64         LUT6 (Prop_D6LUT_SLICEM_I0_O)
                                                      0.122     1.555 r  u_unified_p4_kernel_i_302/O
                         net (fo=1, routed)           0.049     1.604    lfnst_grid[6]
    SLICE_X96Y64         LUT2 (Prop_B6LUT_SLICEM_I1_O)
                                                      0.125     1.729 f  u_unified_p4_kernel_i_102/O
                         net (fo=1, routed)           0.398     2.127    u_unified_p4_kernel_i_102_n_0
    SLICE_X96Y31         LUT6 (Prop_H6LUT_SLICEM_I1_O)
                                                      0.101     2.228 r  u_unified_p4_kernel_i_12/O
                         net (fo=60, routed)          0.734     2.961    u_unified_p4_kernel/in_data[54]
    SLICE_X95Y9          FDRE                                         r  u_unified_p4_kernel/input_mem_reg[3][59][6]/D
  -------------------------------------------------------------------    -------------------

                         (clock clk rise edge)        2.000     2.000 r  
                                                      0.000     2.000 r  clk (IN)
                         net (fo=33320, unset)        0.021     2.021    u_unified_p4_kernel/clk
    SLICE_X95Y9          FDRE                                         r  u_unified_p4_kernel/input_mem_reg[3][59][6]/C
                         clock pessimism              0.000     2.021    
                         clock uncertainty           -0.035     1.986    
    SLICE_X95Y9          FDRE (Setup_HFF_SLICEM_C_D)
                                                      0.025     2.011    u_unified_p4_kernel/input_mem_reg[3][59][6]
  -------------------------------------------------------------------
                         required time                          2.011    
                         arrival time                          -2.961    
  -------------------------------------------------------------------
                         slack                                 -0.951    

Slack (VIOLATED) :        -0.951ns  (required time - arrival time)
  Source:                 lfnst_grid_reg[10][8]/C
                            (rising edge-triggered cell FDCE clocked by clk  {rise@0.000ns fall@1.000ns period=2.000ns})
  Destination:            u_unified_p4_kernel/input_mem_reg[2][58][8]/D
                            (rising edge-triggered cell FDRE clocked by clk  {rise@0.000ns fall@1.000ns period=2.000ns})
  Path Group:             clk
  Path Type:              Setup (Max at Slow Process Corner)
  Requirement:            2.000ns  (clk rise@2.000ns - clk rise@0.000ns)
  Data Path Delay:        2.931ns  (logic 0.474ns (16.170%)  route 2.457ns (83.830%))
  Logic Levels:           6  (LUT2=1 LUT3=1 LUT6=3 MUXF7=1)
  Clock Path Skew:        -0.009ns (DCD - SCD + CPR)
    Destination Clock Delay (DCD):    0.021ns = ( 2.021 - 2.000 ) 
    Source Clock Delay      (SCD):    0.030ns
    Clock Pessimism Removal (CPR):    0.000ns
  Clock Uncertainty:      0.035ns  ((TSJ^2 + TIJ^2)^1/2 + DJ) / 2 + PE
    Total System Jitter     (TSJ):    0.071ns
    Total Input Jitter      (TIJ):    0.000ns
    Discrete Jitter          (DJ):    0.000ns
    Phase Error              (PE):    0.000ns

    Location             Delay type                Incr(ns)  Path(ns)    Netlist Resource(s)
  -------------------------------------------------------------------    -------------------
                         (clock clk rise edge)        0.000     0.000 r  
                                                      0.000     0.000 r  clk (IN)
                         net (fo=33320, unset)        0.030     0.030    clk
    SLICE_X103Y77        FDCE                                         r  lfnst_grid_reg[10][8]/C
  -------------------------------------------------------------------    -------------------
    SLICE_X103Y77        FDCE (Prop_BFF_SLICEM_C_Q)
                                                      0.078     0.108 r  lfnst_grid_reg[10][8]/Q
                         net (fo=1, routed)           0.583     0.691    lfnst_grid_reg[10][8]
    SLICE_X98Y77         LUT6 (Prop_H6LUT_SLICEM_I1_O)
                                                      0.152     0.843 r  u_unified_p4_kernel_i_891/O
                         net (fo=1, routed)           0.014     0.857    u_unified_p4_kernel_i_891_n_0
    SLICE_X98Y77         MUXF7 (Prop_F7MUX_GH_SLICEM_I0_O)
                                                      0.066     0.923 r  u_unified_p4_kernel_i_687/O
                         net (fo=2, routed)           0.474     1.397    u_unified_p4_kernel_i_687_n_0
    SLICE_X93Y60         LUT3 (Prop_A6LUT_SLICEM_I0_O)
                                                      0.053     1.450 r  u_unified_p4_kernel_i_550/O
                         net (fo=2, routed)           0.048     1.498    u_unified_p4_kernel_i_550_n_0
    SLICE_X93Y60         LUT6 (Prop_D6LUT_SLICEM_I5_O)
                                                      0.037     1.535 r  u_unified_p4_kernel_i_337/O
                         net (fo=1, routed)           0.351     1.886    u_unified_p4_kernel_i_337_n_0
    SLICE_X93Y36         LUT2 (Prop_F6LUT_SLICEM_I1_O)
                                                      0.037     1.923 f  u_unified_p4_kernel_i_147/O
                         net (fo=1, routed)           0.322     2.245    u_unified_p4_kernel_i_147_n_0
    SLICE_X92Y27         LUT6 (Prop_C6LUT_SLICEM_I1_O)
                                                      0.051     2.296 r  u_unified_p4_kernel_i_26/O
                         net (fo=64, routed)          0.665     2.961    u_unified_p4_kernel/in_data[40]
    SLICE_X81Y14         FDRE                                         r  u_unified_p4_kernel/input_mem_reg[2][58][8]/D
  -------------------------------------------------------------------    -------------------

                         (clock clk rise edge)        2.000     2.000 r  
                                                      0.000     2.000 r  clk (IN)
                         net (fo=33320, unset)        0.021     2.021    u_unified_p4_kernel/clk
    SLICE_X81Y14         FDRE                                         r  u_unified_p4_kernel/input_mem_reg[2][58][8]/C
                         clock pessimism              0.000     2.021    
                         clock uncertainty           -0.035     1.986    
    SLICE_X81Y14         FDRE (Setup_HFF_SLICEM_C_D)
                                                      0.025     2.011    u_unified_p4_kernel/input_mem_reg[2][58][8]
  -------------------------------------------------------------------
                         required time                          2.011    
                         arrival time                          -2.961    
  -------------------------------------------------------------------
                         slack                                 -0.951    

Slack (VIOLATED) :        -0.950ns  (required time - arrival time)
  Source:                 kernel_vector_q_reg[0]_rep__0/C
                            (rising edge-triggered cell FDCE clocked by clk  {rise@0.000ns fall@1.000ns period=2.000ns})
  Destination:            u_unified_p4_kernel/input_mem_reg[2][62][12]/D
                            (rising edge-triggered cell FDRE clocked by clk  {rise@0.000ns fall@1.000ns period=2.000ns})
  Path Group:             clk
  Path Type:              Setup (Max at Slow Process Corner)
  Requirement:            2.000ns  (clk rise@2.000ns - clk rise@0.000ns)
  Data Path Delay:        2.930ns  (logic 0.461ns (15.735%)  route 2.469ns (84.265%))
  Logic Levels:           6  (LUT2=1 LUT3=1 LUT6=3 MUXF7=1)
  Clock Path Skew:        -0.010ns (DCD - SCD + CPR)
    Destination Clock Delay (DCD):    0.020ns = ( 2.020 - 2.000 ) 
    Source Clock Delay      (SCD):    0.030ns
    Clock Pessimism Removal (CPR):    0.000ns
  Clock Uncertainty:      0.035ns  ((TSJ^2 + TIJ^2)^1/2 + DJ) / 2 + PE
    Total System Jitter     (TSJ):    0.071ns
    Total Input Jitter      (TIJ):    0.000ns
    Discrete Jitter          (DJ):    0.000ns
    Phase Error              (PE):    0.000ns

    Location             Delay type                Incr(ns)  Path(ns)    Netlist Resource(s)
  -------------------------------------------------------------------    -------------------
                         (clock clk rise edge)        0.000     0.000 r  
                                                      0.000     0.000 r  clk (IN)
                         net (fo=33320, unset)        0.030     0.030    clk
    SLICE_X101Y76        FDCE                                         r  kernel_vector_q_reg[0]_rep__0/C
  -------------------------------------------------------------------    -------------------
    SLICE_X101Y76        FDCE (Prop_AFF2_SLICEM_C_Q)
                                                      0.080     0.110 r  kernel_vector_q_reg[0]_rep__0/Q
                         net (fo=96, routed)          0.564     0.674    kernel_vector_q_reg[0]_rep__0_n_0
    SLICE_X103Y80        LUT6 (Prop_F6LUT_SLICEM_I4_O)
                                                      0.037     0.711 r  u_unified_p4_kernel_i_827/O
                         net (fo=1, routed)           0.023     0.734    u_unified_p4_kernel_i_827_n_0
    SLICE_X103Y80        MUXF7 (Prop_F7MUX_EF_SLICEM_I0_O)
                                                      0.068     0.802 r  u_unified_p4_kernel_i_655/O
                         net (fo=2, routed)           0.726     1.528    u_unified_p4_kernel_i_655_n_0
    SLICE_X95Y40         LUT3 (Prop_F6LUT_SLICEM_I0_O)
                                                      0.051     1.579 r  u_unified_p4_kernel_i_534/O
                         net (fo=2, routed)           0.213     1.792    u_unified_p4_kernel_i_534_n_0
    SLICE_X94Y36         LUT6 (Prop_F6LUT_SLICEL_I5_O)
                                                      0.123     1.915 r  u_unified_p4_kernel_i_329/O
                         net (fo=1, routed)           0.092     2.007    u_unified_p4_kernel_i_329_n_0
    SLICE_X95Y36         LUT2 (Prop_E6LUT_SLICEM_I1_O)
                                                      0.052     2.059 f  u_unified_p4_kernel_i_135/O
                         net (fo=2, routed)           0.293     2.352    u_unified_p4_kernel_i_135_n_0
    SLICE_X91Y30         LUT6 (Prop_C6LUT_SLICEL_I1_O)
                                                      0.050     2.402 r  u_unified_p4_kernel_i_22/O
                         net (fo=45, routed)          0.558     2.960    u_unified_p4_kernel/in_data[44]
    SLICE_X87Y13         FDRE                                         r  u_unified_p4_kernel/input_mem_reg[2][62][12]/D
  -------------------------------------------------------------------    -------------------

                         (clock clk rise edge)        2.000     2.000 r  
                                                      0.000     2.000 r  clk (IN)
                         net (fo=33320, unset)        0.020     2.020    u_unified_p4_kernel/clk
    SLICE_X87Y13         FDRE                                         r  u_unified_p4_kernel/input_mem_reg[2][62][12]/C
                         clock pessimism              0.000     2.020    
                         clock uncertainty           -0.035     1.985    
    SLICE_X87Y13         FDRE (Setup_HFF2_SLICEL_C_D)
                                                      0.025     2.010    u_unified_p4_kernel/input_mem_reg[2][62][12]
  -------------------------------------------------------------------
                         required time                          2.010    
                         arrival time                          -2.960    
  -------------------------------------------------------------------
                         slack                                 -0.950    

Slack (VIOLATED) :        -0.950ns  (required time - arrival time)
  Source:                 kernel_stage_q_reg_replica_11/C
                            (rising edge-triggered cell FDCE clocked by clk  {rise@0.000ns fall@1.000ns period=2.000ns})
  Destination:            lfnst_mem_resp_data_q_reg[10]/D
                            (rising edge-triggered cell FDCE clocked by clk  {rise@0.000ns fall@1.000ns period=2.000ns})
  Path Group:             clk
  Path Type:              Setup (Max at Slow Process Corner)
  Requirement:            2.000ns  (clk rise@2.000ns - clk rise@0.000ns)
  Data Path Delay:        2.931ns  (logic 0.722ns (24.636%)  route 2.209ns (75.364%))
  Logic Levels:           8  (LUT5=1 LUT6=4 MUXF7=1 MUXF8=1 RAMD64E=1)
  Clock Path Skew:        -0.009ns (DCD - SCD + CPR)
    Destination Clock Delay (DCD):    0.020ns = ( 2.020 - 2.000 ) 
    Source Clock Delay      (SCD):    0.029ns
    Clock Pessimism Removal (CPR):    0.000ns
  Clock Uncertainty:      0.035ns  ((TSJ^2 + TIJ^2)^1/2 + DJ) / 2 + PE
    Total System Jitter     (TSJ):    0.071ns
    Total Input Jitter      (TIJ):    0.000ns
    Discrete Jitter          (DJ):    0.000ns
    Phase Error              (PE):    0.000ns

    Location             Delay type                Incr(ns)  Path(ns)    Netlist Resource(s)
  -------------------------------------------------------------------    -------------------
                         (clock clk rise edge)        0.000     0.000 r  
                                                      0.000     0.000 r  clk (IN)
                         net (fo=33320, unset)        0.029     0.029    clk
    SLICE_X78Y139        FDCE                                         r  kernel_stage_q_reg_replica_11/C
  -------------------------------------------------------------------    -------------------
    SLICE_X78Y139        FDCE (Prop_GFF_SLICEL_C_Q)
                                                      0.079     0.108 f  kernel_stage_q_reg_replica_11/Q
                         net (fo=3, routed)           0.108     0.216    kernel_stage_q_reg_n_0_repN_11
    SLICE_X78Y138        LUT6 (Prop_C6LUT_SLICEL_I3_O)
                                                      0.123     0.339 r  gen_input_slots[1].gen_input_banks[3].u_input_cache_bank_i_67/O
                         net (fo=70, routed)          0.364     0.703    gen_input_slots[1].gen_input_banks[3].u_input_cache_bank_i_67_n_0
    SLICE_X79Y154        LUT6 (Prop_F6LUT_SLICEM_I0_O)
                                                      0.123     0.826 r  gen_input_slots[1].gen_input_banks[0].u_input_cache_bank_i_45/O
                         net (fo=240, routed)         0.715     1.541    gen_input_slots[1].gen_input_banks[0].u_input_cache_bank/data_mem_reg_0_63_7_13/ADDRD0
    SLICE_X81Y187        RAMD64E (Prop_D6LUT_SLICEM_RADR0_O)
                                                      0.145     1.686 r  gen_input_slots[1].gen_input_banks[0].u_input_cache_bank/data_mem_reg_0_63_7_13/RAMD/O
                         net (fo=1, routed)           0.257     1.943    gen_input_slots[1].gen_input_banks[0].u_input_cache_bank/data_mem_reg_0_63_7_13_n_3
    SLICE_X80Y182        LUT6 (Prop_D6LUT_SLICEL_I5_O)
                                                      0.099     2.042 r  gen_input_slots[1].gen_input_banks[0].u_input_cache_bank/rd_data[10]_INST_0_i_3/O
                         net (fo=1, routed)           0.009     2.051    gen_input_slots[1].gen_input_banks[0].u_input_cache_bank/rd_data[10]_INST_0_i_3_n_0
    SLICE_X80Y182        MUXF7 (Prop_F7MUX_CD_SLICEL_I0_O)
                                                      0.056     2.107 r  gen_input_slots[1].gen_input_banks[0].u_input_cache_bank/rd_data[10]_INST_0_i_1/O
                         net (fo=1, routed)           0.000     2.107    gen_input_slots[1].gen_input_banks[0].u_input_cache_bank/rd_data[10]_INST_0_i_1_n_0
    SLICE_X80Y182        MUXF8 (Prop_F8MUX_BOT_SLICEL_I0_O)
                                                      0.026     2.133 r  gen_input_slots[1].gen_input_banks[0].u_input_cache_bank/rd_data[10]_INST_0/O
                         net (fo=2, routed)           0.509     2.642    input_rd_data[1][0][10]
    SLICE_X68Y188        LUT5 (Prop_A6LUT_SLICEL_I2_O)
                                                      0.035     2.677 r  lfnst_mem_resp_data_q[10]_i_5/O
                         net (fo=1, routed)           0.198     2.875    lfnst_mem_resp_data_q[10]_i_5_n_0
    SLICE_X73Y188        LUT6 (Prop_D6LUT_SLICEL_I2_O)
                                                      0.036     2.911 r  lfnst_mem_resp_data_q[10]_i_1_comp/O
                         net (fo=1, routed)           0.049     2.960    lfnst_gather_rd_data[10]
    SLICE_X73Y188        FDCE                                         r  lfnst_mem_resp_data_q_reg[10]/D
  -------------------------------------------------------------------    -------------------

                         (clock clk rise edge)        2.000     2.000 r  
                                                      0.000     2.000 r  clk (IN)
                         net (fo=33320, unset)        0.020     2.020    clk
    SLICE_X73Y188        FDCE                                         r  lfnst_mem_resp_data_q_reg[10]/C
                         clock pessimism              0.000     2.020    
                         clock uncertainty           -0.035     1.985    
    SLICE_X73Y188        FDCE (Setup_DFF_SLICEL_C_D)
                                                      0.025     2.010    lfnst_mem_resp_data_q_reg[10]
  -------------------------------------------------------------------
                         required time                          2.010    
                         arrival time                          -2.960    
  -------------------------------------------------------------------
                         slack                                 -0.950    

Slack (VIOLATED) :        -0.949ns  (required time - arrival time)
  Source:                 lfnst_grid_reg[53][6]/C
                            (rising edge-triggered cell FDCE clocked by clk  {rise@0.000ns fall@1.000ns period=2.000ns})
  Destination:            u_unified_p4_kernel/input_mem_reg[0][35][6]/D
                            (rising edge-triggered cell FDRE clocked by clk  {rise@0.000ns fall@1.000ns period=2.000ns})
  Path Group:             clk
  Path Type:              Setup (Max at Slow Process Corner)
  Requirement:            2.000ns  (clk rise@2.000ns - clk rise@0.000ns)
  Data Path Delay:        2.930ns  (logic 0.582ns (19.864%)  route 2.348ns (80.136%))
  Logic Levels:           6  (LUT2=1 LUT3=1 LUT6=3 MUXF7=1)
  Clock Path Skew:        -0.009ns (DCD - SCD + CPR)
    Destination Clock Delay (DCD):    0.021ns = ( 2.021 - 2.000 ) 
    Source Clock Delay      (SCD):    0.030ns
    Clock Pessimism Removal (CPR):    0.000ns
  Clock Uncertainty:      0.035ns  ((TSJ^2 + TIJ^2)^1/2 + DJ) / 2 + PE
    Total System Jitter     (TSJ):    0.071ns
    Total Input Jitter      (TIJ):    0.000ns
    Discrete Jitter          (DJ):    0.000ns
    Phase Error              (PE):    0.000ns

    Location             Delay type                Incr(ns)  Path(ns)    Netlist Resource(s)
  -------------------------------------------------------------------    -------------------
                         (clock clk rise edge)        0.000     0.000 r  
                                                      0.000     0.000 r  clk (IN)
                         net (fo=33320, unset)        0.030     0.030    clk
    SLICE_X103Y82        FDCE                                         r  lfnst_grid_reg[53][6]/C
  -------------------------------------------------------------------    -------------------
    SLICE_X103Y82        FDCE (Prop_GFF_SLICEM_C_Q)
                                                      0.078     0.108 r  lfnst_grid_reg[53][6]/Q
                         net (fo=1, routed)           0.511     0.619    lfnst_grid_reg_n_0_[53][6]
    SLICE_X93Y81         LUT6 (Prop_C6LUT_SLICEM_I3_O)
                                                      0.051     0.670 r  u_unified_p4_kernel_i_914/O
                         net (fo=1, routed)           0.021     0.691    u_unified_p4_kernel_i_914_n_0
    SLICE_X93Y81         MUXF7 (Prop_F7MUX_CD_SLICEM_I1_O)
                                                      0.068     0.759 r  u_unified_p4_kernel_i_698/O
                         net (fo=2, routed)           0.393     1.152    u_unified_p4_kernel_i_698_n_0
    SLICE_X96Y70         LUT3 (Prop_C6LUT_SLICEM_I2_O)
                                                      0.037     1.189 r  u_unified_p4_kernel_i_484/O
                         net (fo=2, routed)           0.243     1.433    u_unified_p4_kernel_i_484_n_0
    SLICE_X96Y64         LUT6 (Prop_D6LUT_SLICEM_I0_O)
                                                      0.122     1.555 r  u_unified_p4_kernel_i_302/O
                         net (fo=1, routed)           0.049     1.604    lfnst_grid[6]
    SLICE_X96Y64         LUT2 (Prop_B6LUT_SLICEM_I1_O)
                                                      0.125     1.729 f  u_unified_p4_kernel_i_102/O
                         net (fo=1, routed)           0.398     2.127    u_unified_p4_kernel_i_102_n_0
    SLICE_X96Y31         LUT6 (Prop_H6LUT_SLICEM_I1_O)
                                                      0.101     2.228 r  u_unified_p4_kernel_i_12/O
                         net (fo=60, routed)          0.732     2.960    u_unified_p4_kernel/in_data[54]
    SLICE_X103Y15        FDRE                                         r  u_unified_p4_kernel/input_mem_reg[0][35][6]/D
  -------------------------------------------------------------------    -------------------

                         (clock clk rise edge)        2.000     2.000 r  
                                                      0.000     2.000 r  clk (IN)
                         net (fo=33320, unset)        0.021     2.021    u_unified_p4_kernel/clk
    SLICE_X103Y15        FDRE                                         r  u_unified_p4_kernel/input_mem_reg[0][35][6]/C
                         clock pessimism              0.000     2.021    
                         clock uncertainty           -0.035     1.986    
    SLICE_X103Y15        FDRE (Setup_EFF_SLICEM_C_D)
                                                      0.025     2.011    u_unified_p4_kernel/input_mem_reg[0][35][6]
  -------------------------------------------------------------------
                         required time                          2.011    
                         arrival time                          -2.960    
  -------------------------------------------------------------------
                         slack                                 -0.949    

Slack (VIOLATED) :        -0.949ns  (required time - arrival time)
  Source:                 lfnst_grid_reg[33][15]/C
                            (rising edge-triggered cell FDCE clocked by clk  {rise@0.000ns fall@1.000ns period=2.000ns})
  Destination:            u_unified_p4_kernel/input_mem_reg[2][60][15]/D
                            (rising edge-triggered cell FDRE clocked by clk  {rise@0.000ns fall@1.000ns period=2.000ns})
  Path Group:             clk
  Path Type:              Setup (Max at Slow Process Corner)
  Requirement:            2.000ns  (clk rise@2.000ns - clk rise@0.000ns)
  Data Path Delay:        2.930ns  (logic 0.726ns (24.779%)  route 2.204ns (75.221%))
  Logic Levels:           6  (LUT2=1 LUT3=1 LUT6=3 MUXF7=1)
  Clock Path Skew:        -0.009ns (DCD - SCD + CPR)
    Destination Clock Delay (DCD):    0.020ns = ( 2.020 - 2.000 ) 
    Source Clock Delay      (SCD):    0.029ns
    Clock Pessimism Removal (CPR):    0.000ns
  Clock Uncertainty:      0.035ns  ((TSJ^2 + TIJ^2)^1/2 + DJ) / 2 + PE
    Total System Jitter     (TSJ):    0.071ns
    Total Input Jitter      (TIJ):    0.000ns
    Discrete Jitter          (DJ):    0.000ns
    Phase Error              (PE):    0.000ns

    Location             Delay type                Incr(ns)  Path(ns)    Netlist Resource(s)
  -------------------------------------------------------------------    -------------------
                         (clock clk rise edge)        0.000     0.000 r  
                                                      0.000     0.000 r  clk (IN)
                         net (fo=33320, unset)        0.029     0.029    clk
    SLICE_X102Y78        FDCE                                         r  lfnst_grid_reg[33][15]/C
  -------------------------------------------------------------------    -------------------
    SLICE_X102Y78        FDCE (Prop_FFF_SLICEL_C_Q)
                                                      0.079     0.108 r  lfnst_grid_reg[33][15]/Q
                         net (fo=1, routed)           0.580     0.688    lfnst_grid_reg_n_0_[33][15]
    SLICE_X99Y79         LUT6 (Prop_H6LUT_SLICEL_I3_O)
                                                      0.150     0.838 r  u_unified_p4_kernel_i_773/O
                         net (fo=1, routed)           0.010     0.848    u_unified_p4_kernel_i_773_n_0
    SLICE_X99Y79         MUXF7 (Prop_F7MUX_GH_SLICEL_I0_O)
                                                      0.064     0.912 r  u_unified_p4_kernel_i_598/O
                         net (fo=2, routed)           0.296     1.208    u_unified_p4_kernel_i_598_n_0
    SLICE_X97Y63         LUT3 (Prop_B6LUT_SLICEL_I2_O)
                                                      0.124     1.332 r  u_unified_p4_kernel_i_513/O
                         net (fo=2, routed)           0.503     1.835    u_unified_p4_kernel_i_513_n_0
    SLICE_X88Y39         LUT6 (Prop_B6LUT_SLICEL_I1_O)
                                                      0.124     1.959 r  u_unified_p4_kernel_i_390/O
                         net (fo=1, routed)           0.042     2.001    u_unified_p4_kernel_i_390_n_0
    SLICE_X88Y39         LUT2 (Prop_E6LUT_SLICEL_I1_O)
                                                      0.035     2.036 f  u_unified_p4_kernel_i_225/O
                         net (fo=1, routed)           0.109     2.145    u_unified_p4_kernel_i_225_n_0
    SLICE_X88Y39         LUT6 (Prop_H6LUT_SLICEL_I1_O)
                                                      0.150     2.295 r  u_unified_p4_kernel_i_51/O
                         net (fo=64, routed)          0.664     2.959    u_unified_p4_kernel/in_data[15]
    SLICE_X80Y47         FDRE                                         r  u_unified_p4_kernel/input_mem_reg[2][60][15]/D
  -------------------------------------------------------------------    -------------------

                         (clock clk rise edge)        2.000     2.000 r  
                                                      0.000     2.000 r  clk (IN)
                         net (fo=33320, unset)        0.020     2.020    u_unified_p4_kernel/clk
    SLICE_X80Y47         FDRE                                         r  u_unified_p4_kernel/input_mem_reg[2][60][15]/C
                         clock pessimism              0.000     2.020    
                         clock uncertainty           -0.035     1.985    
    SLICE_X80Y47         FDRE (Setup_CFF2_SLICEL_C_D)
                                                      0.025     2.010    u_unified_p4_kernel/input_mem_reg[2][60][15]
  -------------------------------------------------------------------
                         required time                          2.010    
                         arrival time                          -2.959    
  -------------------------------------------------------------------
                         slack                                 -0.949    

Slack (VIOLATED) :        -0.947ns  (required time - arrival time)
  Source:                 lfnst_grid_reg[10][8]/C
                            (rising edge-triggered cell FDCE clocked by clk  {rise@0.000ns fall@1.000ns period=2.000ns})
  Destination:            u_unified_p4_kernel/input_mem_reg[2][60][8]/D
                            (rising edge-triggered cell FDRE clocked by clk  {rise@0.000ns fall@1.000ns period=2.000ns})
  Path Group:             clk
  Path Type:              Setup (Max at Slow Process Corner)
  Requirement:            2.000ns  (clk rise@2.000ns - clk rise@0.000ns)
  Data Path Delay:        2.928ns  (logic 0.574ns (19.604%)  route 2.354ns (80.396%))
  Logic Levels:           6  (LUT2=1 LUT3=1 LUT6=3 MUXF7=1)
  Clock Path Skew:        -0.009ns (DCD - SCD + CPR)
    Destination Clock Delay (DCD):    0.021ns = ( 2.021 - 2.000 ) 
    Source Clock Delay      (SCD):    0.030ns
    Clock Pessimism Removal (CPR):    0.000ns
  Clock Uncertainty:      0.035ns  ((TSJ^2 + TIJ^2)^1/2 + DJ) / 2 + PE
    Total System Jitter     (TSJ):    0.071ns
    Total Input Jitter      (TIJ):    0.000ns
    Discrete Jitter          (DJ):    0.000ns
    Phase Error              (PE):    0.000ns

    Location             Delay type                Incr(ns)  Path(ns)    Netlist Resource(s)
  -------------------------------------------------------------------    -------------------
                         (clock clk rise edge)        0.000     0.000 r  
                                                      0.000     0.000 r  clk (IN)
                         net (fo=33320, unset)        0.030     0.030    clk
    SLICE_X103Y77        FDCE                                         r  lfnst_grid_reg[10][8]/C
  -------------------------------------------------------------------    -------------------
    SLICE_X103Y77        FDCE (Prop_BFF_SLICEM_C_Q)
                                                      0.078     0.108 r  lfnst_grid_reg[10][8]/Q
                         net (fo=1, routed)           0.583     0.691    lfnst_grid_reg[10][8]
    SLICE_X98Y77         LUT6 (Prop_H6LUT_SLICEM_I1_O)
                                                      0.152     0.843 r  u_unified_p4_kernel_i_891/O
                         net (fo=1, routed)           0.014     0.857    u_unified_p4_kernel_i_891_n_0
    SLICE_X98Y77         MUXF7 (Prop_F7MUX_GH_SLICEM_I0_O)
                                                      0.066     0.923 r  u_unified_p4_kernel_i_687/O
                         net (fo=2, routed)           0.474     1.397    u_unified_p4_kernel_i_687_n_0
    SLICE_X93Y60         LUT3 (Prop_A6LUT_SLICEM_I0_O)
                                                      0.053     1.450 r  u_unified_p4_kernel_i_550/O
                         net (fo=2, routed)           0.049     1.499    u_unified_p4_kernel_i_550_n_0
    SLICE_X93Y60         LUT6 (Prop_C6LUT_SLICEM_I5_O)
                                                      0.037     1.536 r  u_unified_p4_kernel_i_406/O
                         net (fo=1, routed)           0.501     2.037    u_unified_p4_kernel_i_406_n_0
    SLICE_X86Y31         LUT2 (Prop_D6LUT_SLICEM_I1_O)
                                                      0.088     2.125 f  u_unified_p4_kernel_i_249/O
                         net (fo=1, routed)           0.042     2.167    u_unified_p4_kernel_i_249_n_0
    SLICE_X86Y31         LUT6 (Prop_G6LUT_SLICEM_I1_O)
                                                      0.100     2.267 r  u_unified_p4_kernel_i_58/O
                         net (fo=64, routed)          0.691     2.958    u_unified_p4_kernel/in_data[8]
    SLICE_X75Y20         FDRE                                         r  u_unified_p4_kernel/input_mem_reg[2][60][8]/D
  -------------------------------------------------------------------    -------------------

                         (clock clk rise edge)        2.000     2.000 r  
                                                      0.000     2.000 r  clk (IN)
                         net (fo=33320, unset)        0.021     2.021    u_unified_p4_kernel/clk
    SLICE_X75Y20         FDRE                                         r  u_unified_p4_kernel/input_mem_reg[2][60][8]/C
                         clock pessimism              0.000     2.021    
                         clock uncertainty           -0.035     1.986    
    SLICE_X75Y20         FDRE (Setup_HFF_SLICEM_C_D)
                                                      0.025     2.011    u_unified_p4_kernel/input_mem_reg[2][60][8]
  -------------------------------------------------------------------
                         required time                          2.011    
                         arrival time                          -2.958    
  -------------------------------------------------------------------
                         slack                                 -0.947    

Slack (VIOLATED) :        -0.947ns  (required time - arrival time)
  Source:                 fill_slot_reg/C
                            (rising edge-triggered cell FDCE clocked by clk  {rise@0.000ns fall@1.000ns period=2.000ns})
  Destination:            gen_input_slots[0].gen_input_banks[2].u_input_cache_bank/data_mem_reg_512_575_7_13/RAMA/WE
                            (rising edge-triggered cell RAMD64E clocked by clk  {rise@0.000ns fall@1.000ns period=2.000ns})
  Path Group:             clk
  Path Type:              Setup (Max at Slow Process Corner)
  Requirement:            2.000ns  (clk rise@2.000ns - clk rise@0.000ns)
  Data Path Delay:        2.745ns  (logic 0.587ns (21.381%)  route 2.158ns (78.619%))
  Logic Levels:           5  (LUT3=1 LUT5=2 LUT6=2)
  Clock Path Skew:        0.014ns (DCD - SCD + CPR)
    Destination Clock Delay (DCD):    0.043ns = ( 2.043 - 2.000 ) 
    Source Clock Delay      (SCD):    0.029ns
    Clock Pessimism Removal (CPR):    0.000ns
  Clock Uncertainty:      0.035ns  ((TSJ^2 + TIJ^2)^1/2 + DJ) / 2 + PE
    Total System Jitter     (TSJ):    0.071ns
    Total Input Jitter      (TIJ):    0.000ns
    Discrete Jitter          (DJ):    0.000ns
    Phase Error              (PE):    0.000ns

    Location             Delay type                Incr(ns)  Path(ns)    Netlist Resource(s)
  -------------------------------------------------------------------    -------------------
                         (clock clk rise edge)        0.000     0.000 r  
                                                      0.000     0.000 r  clk (IN)
                         net (fo=33320, unset)        0.029     0.029    clk
    SLICE_X77Y156        FDCE                                         r  fill_slot_reg/C
  -------------------------------------------------------------------    -------------------
    SLICE_X77Y156        FDCE (Prop_FFF_SLICEL_C_Q)
                                                      0.079     0.108 r  fill_slot_reg/Q
                         net (fo=299, routed)         0.291     0.399    fill_slot
    SLICE_X77Y170        LUT3 (Prop_E6LUT_SLICEL_I1_O)
                                                      0.051     0.450 r  gen_input_slots[1].gen_input_banks[3].u_input_cache_bank_i_90_replica/O
                         net (fo=4, routed)           0.279     0.729    gen_input_slots[1].gen_input_banks[3].u_input_cache_bank_i_90_n_0_repN
    SLICE_X77Y174        LUT6 (Prop_A6LUT_SLICEL_I1_O)
                                                      0.124     0.853 r  gen_input_slots[1].gen_input_banks[3].u_input_cache_bank_i_79/O
                         net (fo=5, routed)           0.123     0.976    gen_input_slots[1].gen_input_banks[3].u_input_cache_bank_i_79_n_0
    SLICE_X77Y174        LUT6 (Prop_C6LUT_SLICEL_I5_O)
                                                      0.146     1.122 r  gen_input_slots[1].gen_input_banks[2].u_input_cache_bank_i_47/O
                         net (fo=76, routed)          0.414     1.536    gen_input_slots[1].gen_input_banks[2].u_input_cache_bank_i_47_n_0
    SLICE_X76Y187        LUT5 (Prop_B6LUT_SLICEL_I3_O)
                                                      0.090     1.626 r  gen_input_slots[0].gen_input_banks[2].u_input_cache_bank_i_38/O
                         net (fo=48, routed)          0.508     2.134    gen_input_slots[0].gen_input_banks[2].u_input_cache_bank/valid_wr_data
    SLICE_X76Y197        LUT5 (Prop_F6LUT_SLICEL_I0_O)
                                                      0.097     2.231 r  gen_input_slots[0].gen_input_banks[2].u_input_cache_bank/data_mem_reg_512_575_0_6_i_1/O
                         net (fo=20, routed)          0.544     2.774    gen_input_slots[0].gen_input_banks[2].u_input_cache_bank/data_mem_reg_512_575_7_13/WE
    SLICE_X74Y209        RAMD64E                                      r  gen_input_slots[0].gen_input_banks[2].u_input_cache_bank/data_mem_reg_512_575_7_13/RAMA/WE
  -------------------------------------------------------------------    -------------------

                         (clock clk rise edge)        2.000     2.000 r  
                                                      0.000     2.000 r  clk (IN)
                         net (fo=33320, unset)        0.043     2.043    gen_input_slots[0].gen_input_banks[2].u_input_cache_bank/data_mem_reg_512_575_7_13/WCLK
    SLICE_X74Y209        RAMD64E                                      r  gen_input_slots[0].gen_input_banks[2].u_input_cache_bank/data_mem_reg_512_575_7_13/RAMA/CLK
                         clock pessimism              0.000     2.043    
                         clock uncertainty           -0.035     2.008    
    SLICE_X74Y209        RAMD64E (Setup_A6LUT_SLICEM_CLK_WE)
                                                     -0.180     1.828    gen_input_slots[0].gen_input_banks[2].u_input_cache_bank/data_mem_reg_512_575_7_13/RAMA
  -------------------------------------------------------------------
                         required time                          1.828    
                         arrival time                          -2.774    
  -------------------------------------------------------------------
                         slack                                 -0.947    

Slack (VIOLATED) :        -0.947ns  (required time - arrival time)
  Source:                 fill_slot_reg/C
                            (rising edge-triggered cell FDCE clocked by clk  {rise@0.000ns fall@1.000ns period=2.000ns})
  Destination:            gen_input_slots[0].gen_input_banks[2].u_input_cache_bank/data_mem_reg_512_575_7_13/RAMB/WE
                            (rising edge-triggered cell RAMD64E clocked by clk  {rise@0.000ns fall@1.000ns period=2.000ns})
  Path Group:             clk
  Path Type:              Setup (Max at Slow Process Corner)
  Requirement:            2.000ns  (clk rise@2.000ns - clk rise@0.000ns)
  Data Path Delay:        2.745ns  (logic 0.587ns (21.381%)  route 2.158ns (78.619%))
  Logic Levels:           5  (LUT3=1 LUT5=2 LUT6=2)
  Clock Path Skew:        0.014ns (DCD - SCD + CPR)
    Destination Clock Delay (DCD):    0.043ns = ( 2.043 - 2.000 ) 
    Source Clock Delay      (SCD):    0.029ns
    Clock Pessimism Removal (CPR):    0.000ns
  Clock Uncertainty:      0.035ns  ((TSJ^2 + TIJ^2)^1/2 + DJ) / 2 + PE
    Total System Jitter     (TSJ):    0.071ns
    Total Input Jitter      (TIJ):    0.000ns
    Discrete Jitter          (DJ):    0.000ns
    Phase Error              (PE):    0.000ns

    Location             Delay type                Incr(ns)  Path(ns)    Netlist Resource(s)
  -------------------------------------------------------------------    -------------------
                         (clock clk rise edge)        0.000     0.000 r  
                                                      0.000     0.000 r  clk (IN)
                         net (fo=33320, unset)        0.029     0.029    clk
    SLICE_X77Y156        FDCE                                         r  fill_slot_reg/C
  -------------------------------------------------------------------    -------------------
    SLICE_X77Y156        FDCE (Prop_FFF_SLICEL_C_Q)
                                                      0.079     0.108 r  fill_slot_reg/Q
                         net (fo=299, routed)         0.291     0.399    fill_slot
    SLICE_X77Y170        LUT3 (Prop_E6LUT_SLICEL_I1_O)
                                                      0.051     0.450 r  gen_input_slots[1].gen_input_banks[3].u_input_cache_bank_i_90_replica/O
                         net (fo=4, routed)           0.279     0.729    gen_input_slots[1].gen_input_banks[3].u_input_cache_bank_i_90_n_0_repN
    SLICE_X77Y174        LUT6 (Prop_A6LUT_SLICEL_I1_O)
                                                      0.124     0.853 r  gen_input_slots[1].gen_input_banks[3].u_input_cache_bank_i_79/O
                         net (fo=5, routed)           0.123     0.976    gen_input_slots[1].gen_input_banks[3].u_input_cache_bank_i_79_n_0
    SLICE_X77Y174        LUT6 (Prop_C6LUT_SLICEL_I5_O)
                                                      0.146     1.122 r  gen_input_slots[1].gen_input_banks[2].u_input_cache_bank_i_47/O
                         net (fo=76, routed)          0.414     1.536    gen_input_slots[1].gen_input_banks[2].u_input_cache_bank_i_47_n_0
    SLICE_X76Y187        LUT5 (Prop_B6LUT_SLICEL_I3_O)
                                                      0.090     1.626 r  gen_input_slots[0].gen_input_banks[2].u_input_cache_bank_i_38/O
                         net (fo=48, routed)          0.508     2.134    gen_input_slots[0].gen_input_banks[2].u_input_cache_bank/valid_wr_data
    SLICE_X76Y197        LUT5 (Prop_F6LUT_SLICEL_I0_O)
                                                      0.097     2.231 r  gen_input_slots[0].gen_input_banks[2].u_input_cache_bank/data_mem_reg_512_575_0_6_i_1/O
                         net (fo=20, routed)          0.544     2.774    gen_input_slots[0].gen_input_banks[2].u_input_cache_bank/data_mem_reg_512_575_7_13/WE
    SLICE_X74Y209        RAMD64E                                      r  gen_input_slots[0].gen_input_banks[2].u_input_cache_bank/data_mem_reg_512_575_7_13/RAMB/WE
  -------------------------------------------------------------------    -------------------

                         (clock clk rise edge)        2.000     2.000 r  
                                                      0.000     2.000 r  clk (IN)
                         net (fo=33320, unset)        0.043     2.043    gen_input_slots[0].gen_input_banks[2].u_input_cache_bank/data_mem_reg_512_575_7_13/WCLK
    SLICE_X74Y209        RAMD64E                                      r  gen_input_slots[0].gen_input_banks[2].u_input_cache_bank/data_mem_reg_512_575_7_13/RAMB/CLK
                         clock pessimism              0.000     2.043    
                         clock uncertainty           -0.035     2.008    
    SLICE_X74Y209        RAMD64E (Setup_B6LUT_SLICEM_CLK_WE)
                                                     -0.180     1.828    gen_input_slots[0].gen_input_banks[2].u_input_cache_bank/data_mem_reg_512_575_7_13/RAMB
  -------------------------------------------------------------------
                         required time                          1.828    
                         arrival time                          -2.774    
  -------------------------------------------------------------------
                         slack                                 -0.947    

Slack (VIOLATED) :        -0.947ns  (required time - arrival time)
  Source:                 fill_slot_reg/C
                            (rising edge-triggered cell FDCE clocked by clk  {rise@0.000ns fall@1.000ns period=2.000ns})
  Destination:            gen_input_slots[0].gen_input_banks[2].u_input_cache_bank/data_mem_reg_512_575_7_13/RAMC/WE
                            (rising edge-triggered cell RAMD64E clocked by clk  {rise@0.000ns fall@1.000ns period=2.000ns})
  Path Group:             clk
  Path Type:              Setup (Max at Slow Process Corner)
  Requirement:            2.000ns  (clk rise@2.000ns - clk rise@0.000ns)
  Data Path Delay:        2.745ns  (logic 0.587ns (21.381%)  route 2.158ns (78.619%))
  Logic Levels:           5  (LUT3=1 LUT5=2 LUT6=2)
  Clock Path Skew:        0.014ns (DCD - SCD + CPR)
    Destination Clock Delay (DCD):    0.043ns = ( 2.043 - 2.000 ) 
    Source Clock Delay      (SCD):    0.029ns
    Clock Pessimism Removal (CPR):    0.000ns
  Clock Uncertainty:      0.035ns  ((TSJ^2 + TIJ^2)^1/2 + DJ) / 2 + PE
    Total System Jitter     (TSJ):    0.071ns
    Total Input Jitter      (TIJ):    0.000ns
    Discrete Jitter          (DJ):    0.000ns
    Phase Error              (PE):    0.000ns

    Location             Delay type                Incr(ns)  Path(ns)    Netlist Resource(s)
  -------------------------------------------------------------------    -------------------
                         (clock clk rise edge)        0.000     0.000 r  
                                                      0.000     0.000 r  clk (IN)
                         net (fo=33320, unset)        0.029     0.029    clk
    SLICE_X77Y156        FDCE                                         r  fill_slot_reg/C
  -------------------------------------------------------------------    -------------------
    SLICE_X77Y156        FDCE (Prop_FFF_SLICEL_C_Q)
                                                      0.079     0.108 r  fill_slot_reg/Q
                         net (fo=299, routed)         0.291     0.399    fill_slot
    SLICE_X77Y170        LUT3 (Prop_E6LUT_SLICEL_I1_O)
                                                      0.051     0.450 r  gen_input_slots[1].gen_input_banks[3].u_input_cache_bank_i_90_replica/O
                         net (fo=4, routed)           0.279     0.729    gen_input_slots[1].gen_input_banks[3].u_input_cache_bank_i_90_n_0_repN
    SLICE_X77Y174        LUT6 (Prop_A6LUT_SLICEL_I1_O)
                                                      0.124     0.853 r  gen_input_slots[1].gen_input_banks[3].u_input_cache_bank_i_79/O
                         net (fo=5, routed)           0.123     0.976    gen_input_slots[1].gen_input_banks[3].u_input_cache_bank_i_79_n_0
    SLICE_X77Y174        LUT6 (Prop_C6LUT_SLICEL_I5_O)
                                                      0.146     1.122 r  gen_input_slots[1].gen_input_banks[2].u_input_cache_bank_i_47/O
                         net (fo=76, routed)          0.414     1.536    gen_input_slots[1].gen_input_banks[2].u_input_cache_bank_i_47_n_0
    SLICE_X76Y187        LUT5 (Prop_B6LUT_SLICEL_I3_O)
                                                      0.090     1.626 r  gen_input_slots[0].gen_input_banks[2].u_input_cache_bank_i_38/O
                         net (fo=48, routed)          0.508     2.134    gen_input_slots[0].gen_input_banks[2].u_input_cache_bank/valid_wr_data
    SLICE_X76Y197        LUT5 (Prop_F6LUT_SLICEL_I0_O)
                                                      0.097     2.231 r  gen_input_slots[0].gen_input_banks[2].u_input_cache_bank/data_mem_reg_512_575_0_6_i_1/O
                         net (fo=20, routed)          0.544     2.774    gen_input_slots[0].gen_input_banks[2].u_input_cache_bank/data_mem_reg_512_575_7_13/WE
    SLICE_X74Y209        RAMD64E                                      r  gen_input_slots[0].gen_input_banks[2].u_input_cache_bank/data_mem_reg_512_575_7_13/RAMC/WE
  -------------------------------------------------------------------    -------------------

                         (clock clk rise edge)        2.000     2.000 r  
                                                      0.000     2.000 r  clk (IN)
                         net (fo=33320, unset)        0.043     2.043    gen_input_slots[0].gen_input_banks[2].u_input_cache_bank/data_mem_reg_512_575_7_13/WCLK
    SLICE_X74Y209        RAMD64E                                      r  gen_input_slots[0].gen_input_banks[2].u_input_cache_bank/data_mem_reg_512_575_7_13/RAMC/CLK
                         clock pessimism              0.000     2.043    
                         clock uncertainty           -0.035     2.008    
    SLICE_X74Y209        RAMD64E (Setup_C6LUT_SLICEM_CLK_WE)
                                                     -0.180     1.828    gen_input_slots[0].gen_input_banks[2].u_input_cache_bank/data_mem_reg_512_575_7_13/RAMC
  -------------------------------------------------------------------
                         required time                          1.828    
                         arrival time                          -2.774    
  -------------------------------------------------------------------
                         slack                                 -0.947    

Slack (VIOLATED) :        -0.947ns  (required time - arrival time)
  Source:                 fill_slot_reg/C
                            (rising edge-triggered cell FDCE clocked by clk  {rise@0.000ns fall@1.000ns period=2.000ns})
  Destination:            gen_input_slots[0].gen_input_banks[2].u_input_cache_bank/data_mem_reg_512_575_7_13/RAMD/WE
                            (rising edge-triggered cell RAMD64E clocked by clk  {rise@0.000ns fall@1.000ns period=2.000ns})
  Path Group:             clk
  Path Type:              Setup (Max at Slow Process Corner)
  Requirement:            2.000ns  (clk rise@2.000ns - clk rise@0.000ns)
  Data Path Delay:        2.745ns  (logic 0.587ns (21.381%)  route 2.158ns (78.619%))
  Logic Levels:           5  (LUT3=1 LUT5=2 LUT6=2)
  Clock Path Skew:        0.014ns (DCD - SCD + CPR)
    Destination Clock Delay (DCD):    0.043ns = ( 2.043 - 2.000 ) 
    Source Clock Delay      (SCD):    0.029ns
    Clock Pessimism Removal (CPR):    0.000ns
  Clock Uncertainty:      0.035ns  ((TSJ^2 + TIJ^2)^1/2 + DJ) / 2 + PE
    Total System Jitter     (TSJ):    0.071ns
    Total Input Jitter      (TIJ):    0.000ns
    Discrete Jitter          (DJ):    0.000ns
    Phase Error              (PE):    0.000ns

    Location             Delay type                Incr(ns)  Path(ns)    Netlist Resource(s)
  -------------------------------------------------------------------    -------------------
                         (clock clk rise edge)        0.000     0.000 r  
                                                      0.000     0.000 r  clk (IN)
                         net (fo=33320, unset)        0.029     0.029    clk
    SLICE_X77Y156        FDCE                                         r  fill_slot_reg/C
  -------------------------------------------------------------------    -------------------
    SLICE_X77Y156        FDCE (Prop_FFF_SLICEL_C_Q)
                                                      0.079     0.108 r  fill_slot_reg/Q
                         net (fo=299, routed)         0.291     0.399    fill_slot
    SLICE_X77Y170        LUT3 (Prop_E6LUT_SLICEL_I1_O)
                                                      0.051     0.450 r  gen_input_slots[1].gen_input_banks[3].u_input_cache_bank_i_90_replica/O
                         net (fo=4, routed)           0.279     0.729    gen_input_slots[1].gen_input_banks[3].u_input_cache_bank_i_90_n_0_repN
    SLICE_X77Y174        LUT6 (Prop_A6LUT_SLICEL_I1_O)
                                                      0.124     0.853 r  gen_input_slots[1].gen_input_banks[3].u_input_cache_bank_i_79/O
                         net (fo=5, routed)           0.123     0.976    gen_input_slots[1].gen_input_banks[3].u_input_cache_bank_i_79_n_0
    SLICE_X77Y174        LUT6 (Prop_C6LUT_SLICEL_I5_O)
                                                      0.146     1.122 r  gen_input_slots[1].gen_input_banks[2].u_input_cache_bank_i_47/O
                         net (fo=76, routed)          0.414     1.536    gen_input_slots[1].gen_input_banks[2].u_input_cache_bank_i_47_n_0
    SLICE_X76Y187        LUT5 (Prop_B6LUT_SLICEL_I3_O)
                                                      0.090     1.626 r  gen_input_slots[0].gen_input_banks[2].u_input_cache_bank_i_38/O
                         net (fo=48, routed)          0.508     2.134    gen_input_slots[0].gen_input_banks[2].u_input_cache_bank/valid_wr_data
    SLICE_X76Y197        LUT5 (Prop_F6LUT_SLICEL_I0_O)
                                                      0.097     2.231 r  gen_input_slots[0].gen_input_banks[2].u_input_cache_bank/data_mem_reg_512_575_0_6_i_1/O
                         net (fo=20, routed)          0.544     2.774    gen_input_slots[0].gen_input_banks[2].u_input_cache_bank/data_mem_reg_512_575_7_13/WE
    SLICE_X74Y209        RAMD64E                                      r  gen_input_slots[0].gen_input_banks[2].u_input_cache_bank/data_mem_reg_512_575_7_13/RAMD/WE
  -------------------------------------------------------------------    -------------------

                         (clock clk rise edge)        2.000     2.000 r  
                                                      0.000     2.000 r  clk (IN)
                         net (fo=33320, unset)        0.043     2.043    gen_input_slots[0].gen_input_banks[2].u_input_cache_bank/data_mem_reg_512_575_7_13/WCLK
    SLICE_X74Y209        RAMD64E                                      r  gen_input_slots[0].gen_input_banks[2].u_input_cache_bank/data_mem_reg_512_575_7_13/RAMD/CLK
                         clock pessimism              0.000     2.043    
                         clock uncertainty           -0.035     2.008    
    SLICE_X74Y209        RAMD64E (Setup_D6LUT_SLICEM_CLK_WE)
                                                     -0.180     1.828    gen_input_slots[0].gen_input_banks[2].u_input_cache_bank/data_mem_reg_512_575_7_13/RAMD
  -------------------------------------------------------------------
                         required time                          1.828    
                         arrival time                          -2.774    
  -------------------------------------------------------------------
                         slack                                 -0.947    

Slack (VIOLATED) :        -0.947ns  (required time - arrival time)
  Source:                 fill_slot_reg/C
                            (rising edge-triggered cell FDCE clocked by clk  {rise@0.000ns fall@1.000ns period=2.000ns})
  Destination:            gen_input_slots[0].gen_input_banks[2].u_input_cache_bank/data_mem_reg_512_575_7_13/RAME/WE
                            (rising edge-triggered cell RAMD64E clocked by clk  {rise@0.000ns fall@1.000ns period=2.000ns})
  Path Group:             clk
  Path Type:              Setup (Max at Slow Process Corner)
  Requirement:            2.000ns  (clk rise@2.000ns - clk rise@0.000ns)
  Data Path Delay:        2.745ns  (logic 0.587ns (21.381%)  route 2.158ns (78.619%))
  Logic Levels:           5  (LUT3=1 LUT5=2 LUT6=2)
  Clock Path Skew:        0.014ns (DCD - SCD + CPR)
    Destination Clock Delay (DCD):    0.043ns = ( 2.043 - 2.000 ) 
    Source Clock Delay      (SCD):    0.029ns
    Clock Pessimism Removal (CPR):    0.000ns
  Clock Uncertainty:      0.035ns  ((TSJ^2 + TIJ^2)^1/2 + DJ) / 2 + PE
    Total System Jitter     (TSJ):    0.071ns
    Total Input Jitter      (TIJ):    0.000ns
    Discrete Jitter          (DJ):    0.000ns
    Phase Error              (PE):    0.000ns

    Location             Delay type                Incr(ns)  Path(ns)    Netlist Resource(s)
  -------------------------------------------------------------------    -------------------
                         (clock clk rise edge)        0.000     0.000 r  
                                                      0.000     0.000 r  clk (IN)
                         net (fo=33320, unset)        0.029     0.029    clk
    SLICE_X77Y156        FDCE                                         r  fill_slot_reg/C
  -------------------------------------------------------------------    -------------------
    SLICE_X77Y156        FDCE (Prop_FFF_SLICEL_C_Q)
                                                      0.079     0.108 r  fill_slot_reg/Q
                         net (fo=299, routed)         0.291     0.399    fill_slot
    SLICE_X77Y170        LUT3 (Prop_E6LUT_SLICEL_I1_O)
                                                      0.051     0.450 r  gen_input_slots[1].gen_input_banks[3].u_input_cache_bank_i_90_replica/O
                         net (fo=4, routed)           0.279     0.729    gen_input_slots[1].gen_input_banks[3].u_input_cache_bank_i_90_n_0_repN
    SLICE_X77Y174        LUT6 (Prop_A6LUT_SLICEL_I1_O)
                                                      0.124     0.853 r  gen_input_slots[1].gen_input_banks[3].u_input_cache_bank_i_79/O
                         net (fo=5, routed)           0.123     0.976    gen_input_slots[1].gen_input_banks[3].u_input_cache_bank_i_79_n_0
    SLICE_X77Y174        LUT6 (Prop_C6LUT_SLICEL_I5_O)
                                                      0.146     1.122 r  gen_input_slots[1].gen_input_banks[2].u_input_cache_bank_i_47/O
                         net (fo=76, routed)          0.414     1.536    gen_input_slots[1].gen_input_banks[2].u_input_cache_bank_i_47_n_0
    SLICE_X76Y187        LUT5 (Prop_B6LUT_SLICEL_I3_O)
                                                      0.090     1.626 r  gen_input_slots[0].gen_input_banks[2].u_input_cache_bank_i_38/O
                         net (fo=48, routed)          0.508     2.134    gen_input_slots[0].gen_input_banks[2].u_input_cache_bank/valid_wr_data
    SLICE_X76Y197        LUT5 (Prop_F6LUT_SLICEL_I0_O)
                                                      0.097     2.231 r  gen_input_slots[0].gen_input_banks[2].u_input_cache_bank/data_mem_reg_512_575_0_6_i_1/O
                         net (fo=20, routed)          0.544     2.774    gen_input_slots[0].gen_input_banks[2].u_input_cache_bank/data_mem_reg_512_575_7_13/WE
    SLICE_X74Y209        RAMD64E                                      r  gen_input_slots[0].gen_input_banks[2].u_input_cache_bank/data_mem_reg_512_575_7_13/RAME/WE
  -------------------------------------------------------------------    -------------------

                         (clock clk rise edge)        2.000     2.000 r  
                                                      0.000     2.000 r  clk (IN)
                         net (fo=33320, unset)        0.043     2.043    gen_input_slots[0].gen_input_banks[2].u_input_cache_bank/data_mem_reg_512_575_7_13/WCLK
    SLICE_X74Y209        RAMD64E                                      r  gen_input_slots[0].gen_input_banks[2].u_input_cache_bank/data_mem_reg_512_575_7_13/RAME/CLK
                         clock pessimism              0.000     2.043    
                         clock uncertainty           -0.035     2.008    
    SLICE_X74Y209        RAMD64E (Setup_E6LUT_SLICEM_CLK_WE)
                                                     -0.180     1.828    gen_input_slots[0].gen_input_banks[2].u_input_cache_bank/data_mem_reg_512_575_7_13/RAME
  -------------------------------------------------------------------
                         required time                          1.828    
                         arrival time                          -2.774    
  -------------------------------------------------------------------
                         slack                                 -0.947    

Slack (VIOLATED) :        -0.947ns  (required time - arrival time)
  Source:                 fill_slot_reg/C
                            (rising edge-triggered cell FDCE clocked by clk  {rise@0.000ns fall@1.000ns period=2.000ns})
  Destination:            gen_input_slots[0].gen_input_banks[2].u_input_cache_bank/data_mem_reg_512_575_7_13/RAMF/WE
                            (rising edge-triggered cell RAMD64E clocked by clk  {rise@0.000ns fall@1.000ns period=2.000ns})
  Path Group:             clk
  Path Type:              Setup (Max at Slow Process Corner)
  Requirement:            2.000ns  (clk rise@2.000ns - clk rise@0.000ns)
  Data Path Delay:        2.745ns  (logic 0.587ns (21.381%)  route 2.158ns (78.619%))
  Logic Levels:           5  (LUT3=1 LUT5=2 LUT6=2)
  Clock Path Skew:        0.014ns (DCD - SCD + CPR)
    Destination Clock Delay (DCD):    0.043ns = ( 2.043 - 2.000 ) 
    Source Clock Delay      (SCD):    0.029ns
    Clock Pessimism Removal (CPR):    0.000ns
  Clock Uncertainty:      0.035ns  ((TSJ^2 + TIJ^2)^1/2 + DJ) / 2 + PE
    Total System Jitter     (TSJ):    0.071ns
    Total Input Jitter      (TIJ):    0.000ns
    Discrete Jitter          (DJ):    0.000ns
    Phase Error              (PE):    0.000ns

    Location             Delay type                Incr(ns)  Path(ns)    Netlist Resource(s)
  -------------------------------------------------------------------    -------------------
                         (clock clk rise edge)        0.000     0.000 r  
                                                      0.000     0.000 r  clk (IN)
                         net (fo=33320, unset)        0.029     0.029    clk
    SLICE_X77Y156        FDCE                                         r  fill_slot_reg/C
  -------------------------------------------------------------------    -------------------
    SLICE_X77Y156        FDCE (Prop_FFF_SLICEL_C_Q)
                                                      0.079     0.108 r  fill_slot_reg/Q
                         net (fo=299, routed)         0.291     0.399    fill_slot
    SLICE_X77Y170        LUT3 (Prop_E6LUT_SLICEL_I1_O)
                                                      0.051     0.450 r  gen_input_slots[1].gen_input_banks[3].u_input_cache_bank_i_90_replica/O
                         net (fo=4, routed)           0.279     0.729    gen_input_slots[1].gen_input_banks[3].u_input_cache_bank_i_90_n_0_repN
    SLICE_X77Y174        LUT6 (Prop_A6LUT_SLICEL_I1_O)
                                                      0.124     0.853 r  gen_input_slots[1].gen_input_banks[3].u_input_cache_bank_i_79/O
                         net (fo=5, routed)           0.123     0.976    gen_input_slots[1].gen_input_banks[3].u_input_cache_bank_i_79_n_0
    SLICE_X77Y174        LUT6 (Prop_C6LUT_SLICEL_I5_O)
                                                      0.146     1.122 r  gen_input_slots[1].gen_input_banks[2].u_input_cache_bank_i_47/O
                         net (fo=76, routed)          0.414     1.536    gen_input_slots[1].gen_input_banks[2].u_input_cache_bank_i_47_n_0
    SLICE_X76Y187        LUT5 (Prop_B6LUT_SLICEL_I3_O)
                                                      0.090     1.626 r  gen_input_slots[0].gen_input_banks[2].u_input_cache_bank_i_38/O
                         net (fo=48, routed)          0.508     2.134    gen_input_slots[0].gen_input_banks[2].u_input_cache_bank/valid_wr_data
    SLICE_X76Y197        LUT5 (Prop_F6LUT_SLICEL_I0_O)
                                                      0.097     2.231 r  gen_input_slots[0].gen_input_banks[2].u_input_cache_bank/data_mem_reg_512_575_0_6_i_1/O
                         net (fo=20, routed)          0.544     2.774    gen_input_slots[0].gen_input_banks[2].u_input_cache_bank/data_mem_reg_512_575_7_13/WE
    SLICE_X74Y209        RAMD64E                                      r  gen_input_slots[0].gen_input_banks[2].u_input_cache_bank/data_mem_reg_512_575_7_13/RAMF/WE
  -------------------------------------------------------------------    -------------------

                         (clock clk rise edge)        2.000     2.000 r  
                                                      0.000     2.000 r  clk (IN)
                         net (fo=33320, unset)        0.043     2.043    gen_input_slots[0].gen_input_banks[2].u_input_cache_bank/data_mem_reg_512_575_7_13/WCLK
    SLICE_X74Y209        RAMD64E                                      r  gen_input_slots[0].gen_input_banks[2].u_input_cache_bank/data_mem_reg_512_575_7_13/RAMF/CLK
                         clock pessimism              0.000     2.043    
                         clock uncertainty           -0.035     2.008    
    SLICE_X74Y209        RAMD64E (Setup_F6LUT_SLICEM_CLK_WE)
                                                     -0.180     1.828    gen_input_slots[0].gen_input_banks[2].u_input_cache_bank/data_mem_reg_512_575_7_13/RAMF
  -------------------------------------------------------------------
                         required time                          1.828    
                         arrival time                          -2.774    
  -------------------------------------------------------------------
                         slack                                 -0.947    

Slack (VIOLATED) :        -0.947ns  (required time - arrival time)
  Source:                 fill_slot_reg/C
                            (rising edge-triggered cell FDCE clocked by clk  {rise@0.000ns fall@1.000ns period=2.000ns})
  Destination:            gen_input_slots[0].gen_input_banks[2].u_input_cache_bank/data_mem_reg_512_575_7_13/RAMG/WE
                            (rising edge-triggered cell RAMD64E clocked by clk  {rise@0.000ns fall@1.000ns period=2.000ns})
  Path Group:             clk
  Path Type:              Setup (Max at Slow Process Corner)
  Requirement:            2.000ns  (clk rise@2.000ns - clk rise@0.000ns)
  Data Path Delay:        2.745ns  (logic 0.587ns (21.381%)  route 2.158ns (78.619%))
  Logic Levels:           5  (LUT3=1 LUT5=2 LUT6=2)
  Clock Path Skew:        0.014ns (DCD - SCD + CPR)
    Destination Clock Delay (DCD):    0.043ns = ( 2.043 - 2.000 ) 
    Source Clock Delay      (SCD):    0.029ns
    Clock Pessimism Removal (CPR):    0.000ns
  Clock Uncertainty:      0.035ns  ((TSJ^2 + TIJ^2)^1/2 + DJ) / 2 + PE
    Total System Jitter     (TSJ):    0.071ns
    Total Input Jitter      (TIJ):    0.000ns
    Discrete Jitter          (DJ):    0.000ns
    Phase Error              (PE):    0.000ns

    Location             Delay type                Incr(ns)  Path(ns)    Netlist Resource(s)
  -------------------------------------------------------------------    -------------------
                         (clock clk rise edge)        0.000     0.000 r  
                                                      0.000     0.000 r  clk (IN)
                         net (fo=33320, unset)        0.029     0.029    clk
    SLICE_X77Y156        FDCE                                         r  fill_slot_reg/C
  -------------------------------------------------------------------    -------------------
    SLICE_X77Y156        FDCE (Prop_FFF_SLICEL_C_Q)
                                                      0.079     0.108 r  fill_slot_reg/Q
                         net (fo=299, routed)         0.291     0.399    fill_slot
    SLICE_X77Y170        LUT3 (Prop_E6LUT_SLICEL_I1_O)
                                                      0.051     0.450 r  gen_input_slots[1].gen_input_banks[3].u_input_cache_bank_i_90_replica/O
                         net (fo=4, routed)           0.279     0.729    gen_input_slots[1].gen_input_banks[3].u_input_cache_bank_i_90_n_0_repN
    SLICE_X77Y174        LUT6 (Prop_A6LUT_SLICEL_I1_O)
                                                      0.124     0.853 r  gen_input_slots[1].gen_input_banks[3].u_input_cache_bank_i_79/O
                         net (fo=5, routed)           0.123     0.976    gen_input_slots[1].gen_input_banks[3].u_input_cache_bank_i_79_n_0
    SLICE_X77Y174        LUT6 (Prop_C6LUT_SLICEL_I5_O)
                                                      0.146     1.122 r  gen_input_slots[1].gen_input_banks[2].u_input_cache_bank_i_47/O
                         net (fo=76, routed)          0.414     1.536    gen_input_slots[1].gen_input_banks[2].u_input_cache_bank_i_47_n_0
    SLICE_X76Y187        LUT5 (Prop_B6LUT_SLICEL_I3_O)
                                                      0.090     1.626 r  gen_input_slots[0].gen_input_banks[2].u_input_cache_bank_i_38/O
                         net (fo=48, routed)          0.508     2.134    gen_input_slots[0].gen_input_banks[2].u_input_cache_bank/valid_wr_data
    SLICE_X76Y197        LUT5 (Prop_F6LUT_SLICEL_I0_O)
                                                      0.097     2.231 r  gen_input_slots[0].gen_input_banks[2].u_input_cache_bank/data_mem_reg_512_575_0_6_i_1/O
                         net (fo=20, routed)          0.544     2.774    gen_input_slots[0].gen_input_banks[2].u_input_cache_bank/data_mem_reg_512_575_7_13/WE
    SLICE_X74Y209        RAMD64E                                      r  gen_input_slots[0].gen_input_banks[2].u_input_cache_bank/data_mem_reg_512_575_7_13/RAMG/WE
  -------------------------------------------------------------------    -------------------

                         (clock clk rise edge)        2.000     2.000 r  
                                                      0.000     2.000 r  clk (IN)
                         net (fo=33320, unset)        0.043     2.043    gen_input_slots[0].gen_input_banks[2].u_input_cache_bank/data_mem_reg_512_575_7_13/WCLK
    SLICE_X74Y209        RAMD64E                                      r  gen_input_slots[0].gen_input_banks[2].u_input_cache_bank/data_mem_reg_512_575_7_13/RAMG/CLK
                         clock pessimism              0.000     2.043    
                         clock uncertainty           -0.035     2.008    
    SLICE_X74Y209        RAMD64E (Setup_G6LUT_SLICEM_CLK_WE)
                                                     -0.180     1.828    gen_input_slots[0].gen_input_banks[2].u_input_cache_bank/data_mem_reg_512_575_7_13/RAMG
  -------------------------------------------------------------------
                         required time                          1.828    
                         arrival time                          -2.774    
  -------------------------------------------------------------------
                         slack                                 -0.947    

Slack (VIOLATED) :        -0.947ns  (required time - arrival time)
  Source:                 fill_slot_reg/C
                            (rising edge-triggered cell FDCE clocked by clk  {rise@0.000ns fall@1.000ns period=2.000ns})
  Destination:            gen_input_slots[0].gen_input_banks[2].u_input_cache_bank/data_mem_reg_512_575_7_13/RAMH/WE
                            (rising edge-triggered cell RAMD64E clocked by clk  {rise@0.000ns fall@1.000ns period=2.000ns})
  Path Group:             clk
  Path Type:              Setup (Max at Slow Process Corner)
  Requirement:            2.000ns  (clk rise@2.000ns - clk rise@0.000ns)
  Data Path Delay:        2.745ns  (logic 0.587ns (21.381%)  route 2.158ns (78.619%))
  Logic Levels:           5  (LUT3=1 LUT5=2 LUT6=2)
  Clock Path Skew:        0.014ns (DCD - SCD + CPR)
    Destination Clock Delay (DCD):    0.043ns = ( 2.043 - 2.000 ) 
    Source Clock Delay      (SCD):    0.029ns
    Clock Pessimism Removal (CPR):    0.000ns
  Clock Uncertainty:      0.035ns  ((TSJ^2 + TIJ^2)^1/2 + DJ) / 2 + PE
    Total System Jitter     (TSJ):    0.071ns
    Total Input Jitter      (TIJ):    0.000ns
    Discrete Jitter          (DJ):    0.000ns
    Phase Error              (PE):    0.000ns

    Location             Delay type                Incr(ns)  Path(ns)    Netlist Resource(s)
  -------------------------------------------------------------------    -------------------
                         (clock clk rise edge)        0.000     0.000 r  
                                                      0.000     0.000 r  clk (IN)
                         net (fo=33320, unset)        0.029     0.029    clk
    SLICE_X77Y156        FDCE                                         r  fill_slot_reg/C
  -------------------------------------------------------------------    -------------------
    SLICE_X77Y156        FDCE (Prop_FFF_SLICEL_C_Q)
                                                      0.079     0.108 r  fill_slot_reg/Q
                         net (fo=299, routed)         0.291     0.399    fill_slot
    SLICE_X77Y170        LUT3 (Prop_E6LUT_SLICEL_I1_O)
                                                      0.051     0.450 r  gen_input_slots[1].gen_input_banks[3].u_input_cache_bank_i_90_replica/O
                         net (fo=4, routed)           0.279     0.729    gen_input_slots[1].gen_input_banks[3].u_input_cache_bank_i_90_n_0_repN
    SLICE_X77Y174        LUT6 (Prop_A6LUT_SLICEL_I1_O)
                                                      0.124     0.853 r  gen_input_slots[1].gen_input_banks[3].u_input_cache_bank_i_79/O
                         net (fo=5, routed)           0.123     0.976    gen_input_slots[1].gen_input_banks[3].u_input_cache_bank_i_79_n_0
    SLICE_X77Y174        LUT6 (Prop_C6LUT_SLICEL_I5_O)
                                                      0.146     1.122 r  gen_input_slots[1].gen_input_banks[2].u_input_cache_bank_i_47/O
                         net (fo=76, routed)          0.414     1.536    gen_input_slots[1].gen_input_banks[2].u_input_cache_bank_i_47_n_0
    SLICE_X76Y187        LUT5 (Prop_B6LUT_SLICEL_I3_O)
                                                      0.090     1.626 r  gen_input_slots[0].gen_input_banks[2].u_input_cache_bank_i_38/O
                         net (fo=48, routed)          0.508     2.134    gen_input_slots[0].gen_input_banks[2].u_input_cache_bank/valid_wr_data
    SLICE_X76Y197        LUT5 (Prop_F6LUT_SLICEL_I0_O)
                                                      0.097     2.231 r  gen_input_slots[0].gen_input_banks[2].u_input_cache_bank/data_mem_reg_512_575_0_6_i_1/O
                         net (fo=20, routed)          0.544     2.774    gen_input_slots[0].gen_input_banks[2].u_input_cache_bank/data_mem_reg_512_575_7_13/WE
    SLICE_X74Y209        RAMD64E                                      r  gen_input_slots[0].gen_input_banks[2].u_input_cache_bank/data_mem_reg_512_575_7_13/RAMH/WE
  -------------------------------------------------------------------    -------------------

                         (clock clk rise edge)        2.000     2.000 r  
                                                      0.000     2.000 r  clk (IN)
                         net (fo=33320, unset)        0.043     2.043    gen_input_slots[0].gen_input_banks[2].u_input_cache_bank/data_mem_reg_512_575_7_13/WCLK
    SLICE_X74Y209        RAMD64E                                      r  gen_input_slots[0].gen_input_banks[2].u_input_cache_bank/data_mem_reg_512_575_7_13/RAMH/CLK
                         clock pessimism              0.000     2.043    
                         clock uncertainty           -0.035     2.008    
    SLICE_X74Y209        RAMD64E (Setup_H6LUT_SLICEM_CLK_WE)
                                                     -0.180     1.828    gen_input_slots[0].gen_input_banks[2].u_input_cache_bank/data_mem_reg_512_575_7_13/RAMH
  -------------------------------------------------------------------
                         required time                          1.828    
                         arrival time                          -2.774    
  -------------------------------------------------------------------
                         slack                                 -0.947    

Slack (VIOLATED) :        -0.946ns  (required time - arrival time)
  Source:                 lfnst_grid_reg[20][14]/C
                            (rising edge-triggered cell FDCE clocked by clk  {rise@0.000ns fall@1.000ns period=2.000ns})
  Destination:            u_unified_p4_kernel/input_mem_reg[0][14][14]/D
                            (rising edge-triggered cell FDRE clocked by clk  {rise@0.000ns fall@1.000ns period=2.000ns})
  Path Group:             clk
  Path Type:              Setup (Max at Slow Process Corner)
  Requirement:            2.000ns  (clk rise@2.000ns - clk rise@0.000ns)
  Data Path Delay:        2.927ns  (logic 0.546ns (18.654%)  route 2.381ns (81.346%))
  Logic Levels:           6  (LUT2=1 LUT3=1 LUT6=3 MUXF7=1)
  Clock Path Skew:        -0.009ns (DCD - SCD + CPR)
    Destination Clock Delay (DCD):    0.021ns = ( 2.021 - 2.000 ) 
    Source Clock Delay      (SCD):    0.030ns
    Clock Pessimism Removal (CPR):    0.000ns
  Clock Uncertainty:      0.035ns  ((TSJ^2 + TIJ^2)^1/2 + DJ) / 2 + PE
    Total System Jitter     (TSJ):    0.071ns
    Total Input Jitter      (TIJ):    0.000ns
    Discrete Jitter          (DJ):    0.000ns
    Phase Error              (PE):    0.000ns

    Location             Delay type                Incr(ns)  Path(ns)    Netlist Resource(s)
  -------------------------------------------------------------------    -------------------
                         (clock clk rise edge)        0.000     0.000 r  
                                                      0.000     0.000 r  clk (IN)
                         net (fo=33320, unset)        0.030     0.030    clk
    SLICE_X103Y71        FDCE                                         r  lfnst_grid_reg[20][14]/C
  -------------------------------------------------------------------    -------------------
    SLICE_X103Y71        FDCE (Prop_FFF_SLICEM_C_Q)
                                                      0.076     0.106 r  lfnst_grid_reg[20][14]/Q
                         net (fo=1, routed)           0.549     0.655    lfnst_grid_reg_n_0_[20][14]
    SLICE_X99Y70         LUT6 (Prop_C6LUT_SLICEL_I5_O)
                                                      0.123     0.778 r  u_unified_p4_kernel_i_794/O
                         net (fo=1, routed)           0.010     0.788    u_unified_p4_kernel_i_794_n_0
    SLICE_X99Y70         MUXF7 (Prop_F7MUX_CD_SLICEL_I1_O)
                                                      0.064     0.852 r  u_unified_p4_kernel_i_638/O
                         net (fo=3, routed)           0.346     1.198    u_unified_p4_kernel_i_638_n_0
    SLICE_X101Y75        LUT3 (Prop_A6LUT_SLICEM_I2_O)
                                                      0.090     1.288 r  u_unified_p4_kernel_i_525/O
                         net (fo=1, routed)           0.437     1.725    u_unified_p4_kernel_i_525_n_0
    SLICE_X92Y54         LUT6 (Prop_F6LUT_SLICEM_I4_O)
                                                      0.051     1.776 r  u_unified_p4_kernel_i_325/O
                         net (fo=1, routed)           0.335     2.111    u_unified_p4_kernel_i_325_n_0
    SLICE_X92Y27         LUT2 (Prop_E6LUT_SLICEM_I1_O)
                                                      0.052     2.163 f  u_unified_p4_kernel_i_129/O
                         net (fo=1, routed)           0.091     2.254    u_unified_p4_kernel_i_129_n_0
    SLICE_X92Y27         LUT6 (Prop_H6LUT_SLICEM_I1_O)
                                                      0.090     2.344 r  u_unified_p4_kernel_i_20/O
                         net (fo=64, routed)          0.613     2.957    u_unified_p4_kernel/in_data[46]
    SLICE_X98Y10         FDRE                                         r  u_unified_p4_kernel/input_mem_reg[0][14][14]/D
  -------------------------------------------------------------------    -------------------

                         (clock clk rise edge)        2.000     2.000 r  
                                                      0.000     2.000 r  clk (IN)
                         net (fo=33320, unset)        0.021     2.021    u_unified_p4_kernel/clk
    SLICE_X98Y10         FDRE                                         r  u_unified_p4_kernel/input_mem_reg[0][14][14]/C
                         clock pessimism              0.000     2.021    
                         clock uncertainty           -0.035     1.986    
    SLICE_X98Y10         FDRE (Setup_GFF2_SLICEM_C_D)
                                                      0.025     2.011    u_unified_p4_kernel/input_mem_reg[0][14][14]
  -------------------------------------------------------------------
                         required time                          2.011    
                         arrival time                          -2.957    
  -------------------------------------------------------------------
                         slack                                 -0.946    

Slack (VIOLATED) :        -0.946ns  (required time - arrival time)
  Source:                 fill_slot_reg/C
                            (rising edge-triggered cell FDCE clocked by clk  {rise@0.000ns fall@1.000ns period=2.000ns})
  Destination:            gen_input_slots[1].gen_input_banks[0].u_input_cache_bank/data_mem_reg_0_63_14_15/RAMA/WE
                            (rising edge-triggered cell RAMD64E clocked by clk  {rise@0.000ns fall@1.000ns period=2.000ns})
  Path Group:             clk
  Path Type:              Setup (Max at Slow Process Corner)
  Requirement:            2.000ns  (clk rise@2.000ns - clk rise@0.000ns)
  Data Path Delay:        2.744ns  (logic 0.817ns (29.770%)  route 1.927ns (70.230%))
  Logic Levels:           6  (LUT3=1 LUT5=1 LUT6=4)
  Clock Path Skew:        0.014ns (DCD - SCD + CPR)
    Destination Clock Delay (DCD):    0.043ns = ( 2.043 - 2.000 ) 
    Source Clock Delay      (SCD):    0.029ns
    Clock Pessimism Removal (CPR):    0.000ns
  Clock Uncertainty:      0.035ns  ((TSJ^2 + TIJ^2)^1/2 + DJ) / 2 + PE
    Total System Jitter     (TSJ):    0.071ns
    Total Input Jitter      (TIJ):    0.000ns
    Discrete Jitter          (DJ):    0.000ns
    Phase Error              (PE):    0.000ns

    Location             Delay type                Incr(ns)  Path(ns)    Netlist Resource(s)
  -------------------------------------------------------------------    -------------------
                         (clock clk rise edge)        0.000     0.000 r  
                                                      0.000     0.000 r  clk (IN)
                         net (fo=33320, unset)        0.029     0.029    clk
    SLICE_X77Y156        FDCE                                         r  fill_slot_reg/C
  -------------------------------------------------------------------    -------------------
    SLICE_X77Y156        FDCE (Prop_FFF_SLICEL_C_Q)
                                                      0.079     0.108 r  fill_slot_reg/Q
                         net (fo=299, routed)         0.177     0.285    fill_slot
    SLICE_X77Y154        LUT3 (Prop_D6LUT_SLICEL_I1_O)
                                                      0.050     0.335 r  gen_input_slots[1].gen_input_banks[3].u_input_cache_bank_i_90/O
                         net (fo=9, routed)           0.100     0.435    gen_input_slots[1].gen_input_banks[3].u_input_cache_bank_i_90_n_0
    SLICE_X78Y154        LUT6 (Prop_C6LUT_SLICEL_I0_O)
                                                      0.146     0.581 r  gen_input_slots[1].gen_input_banks[3].u_input_cache_bank_i_97/O
                         net (fo=3, routed)           0.068     0.649    gen_input_slots[1].gen_input_banks[3].u_input_cache_bank_i_97_n_0
    SLICE_X78Y154        LUT6 (Prop_F6LUT_SLICEL_I2_O)
                                                      0.148     0.797 f  gen_input_slots[1].gen_input_banks[3].u_input_cache_bank_i_80/O
                         net (fo=12, routed)          0.566     1.363    gen_input_slots[1].gen_input_banks[3].u_input_cache_bank_i_80_n_0
    SLICE_X85Y183        LUT6 (Prop_F6LUT_SLICEL_I0_O)
                                                      0.148     1.511 r  gen_input_slots[1].gen_input_banks[3].u_input_cache_bank_i_53_replica/O
                         net (fo=1, routed)           0.205     1.716    gen_input_slots[1].gen_input_banks[3].u_input_cache_bank_i_53_n_0_repN
    SLICE_X83Y180        LUT6 (Prop_A6LUT_SLICEL_I5_O)
                                                      0.098     1.814 f  gen_input_slots[1].gen_input_banks[0].u_input_cache_bank_i_3/O
                         net (fo=17, routed)          0.195     2.009    gen_input_slots[1].gen_input_banks[0].u_input_cache_bank/data_wr_addr[7]
    SLICE_X80Y179        LUT5 (Prop_F6LUT_SLICEL_I1_O)
                                                      0.148     2.157 r  gen_input_slots[1].gen_input_banks[0].u_input_cache_bank/data_mem_reg_0_63_0_6_i_1_replica/O
                         net (fo=4, routed)           0.616     2.773    gen_input_slots[1].gen_input_banks[0].u_input_cache_bank/data_mem_reg_0_63_14_15/WE
    SLICE_X79Y139        RAMD64E                                      r  gen_input_slots[1].gen_input_banks[0].u_input_cache_bank/data_mem_reg_0_63_14_15/RAMA/WE
  -------------------------------------------------------------------    -------------------

                         (clock clk rise edge)        2.000     2.000 r  
                                                      0.000     2.000 r  clk (IN)
                         net (fo=33320, unset)        0.043     2.043    gen_input_slots[1].gen_input_banks[0].u_input_cache_bank/data_mem_reg_0_63_14_15/WCLK
    SLICE_X79Y139        RAMD64E                                      r  gen_input_slots[1].gen_input_banks[0].u_input_cache_bank/data_mem_reg_0_63_14_15/RAMA/CLK
                         clock pessimism              0.000     2.043    
                         clock uncertainty           -0.035     2.008    
    SLICE_X79Y139        RAMD64E (Setup_E6LUT_SLICEM_CLK_WE)
                                                     -0.180     1.828    gen_input_slots[1].gen_input_banks[0].u_input_cache_bank/data_mem_reg_0_63_14_15/RAMA
  -------------------------------------------------------------------
                         required time                          1.828    
                         arrival time                          -2.773    
  -------------------------------------------------------------------
                         slack                                 -0.946    

Slack (VIOLATED) :        -0.946ns  (required time - arrival time)
  Source:                 fill_slot_reg/C
                            (rising edge-triggered cell FDCE clocked by clk  {rise@0.000ns fall@1.000ns period=2.000ns})
  Destination:            gen_input_slots[1].gen_input_banks[0].u_input_cache_bank/data_mem_reg_0_63_14_15/RAMB/WE
                            (rising edge-triggered cell RAMD64E clocked by clk  {rise@0.000ns fall@1.000ns period=2.000ns})
  Path Group:             clk
  Path Type:              Setup (Max at Slow Process Corner)
  Requirement:            2.000ns  (clk rise@2.000ns - clk rise@0.000ns)
  Data Path Delay:        2.744ns  (logic 0.817ns (29.770%)  route 1.927ns (70.230%))
  Logic Levels:           6  (LUT3=1 LUT5=1 LUT6=4)
  Clock Path Skew:        0.014ns (DCD - SCD + CPR)
    Destination Clock Delay (DCD):    0.043ns = ( 2.043 - 2.000 ) 
    Source Clock Delay      (SCD):    0.029ns
    Clock Pessimism Removal (CPR):    0.000ns
  Clock Uncertainty:      0.035ns  ((TSJ^2 + TIJ^2)^1/2 + DJ) / 2 + PE
    Total System Jitter     (TSJ):    0.071ns
    Total Input Jitter      (TIJ):    0.000ns
    Discrete Jitter          (DJ):    0.000ns
    Phase Error              (PE):    0.000ns

    Location             Delay type                Incr(ns)  Path(ns)    Netlist Resource(s)
  -------------------------------------------------------------------    -------------------
                         (clock clk rise edge)        0.000     0.000 r  
                                                      0.000     0.000 r  clk (IN)
                         net (fo=33320, unset)        0.029     0.029    clk
    SLICE_X77Y156        FDCE                                         r  fill_slot_reg/C
  -------------------------------------------------------------------    -------------------
    SLICE_X77Y156        FDCE (Prop_FFF_SLICEL_C_Q)
                                                      0.079     0.108 r  fill_slot_reg/Q
                         net (fo=299, routed)         0.177     0.285    fill_slot
    SLICE_X77Y154        LUT3 (Prop_D6LUT_SLICEL_I1_O)
                                                      0.050     0.335 r  gen_input_slots[1].gen_input_banks[3].u_input_cache_bank_i_90/O
                         net (fo=9, routed)           0.100     0.435    gen_input_slots[1].gen_input_banks[3].u_input_cache_bank_i_90_n_0
    SLICE_X78Y154        LUT6 (Prop_C6LUT_SLICEL_I0_O)
                                                      0.146     0.581 r  gen_input_slots[1].gen_input_banks[3].u_input_cache_bank_i_97/O
                         net (fo=3, routed)           0.068     0.649    gen_input_slots[1].gen_input_banks[3].u_input_cache_bank_i_97_n_0
    SLICE_X78Y154        LUT6 (Prop_F6LUT_SLICEL_I2_O)
                                                      0.148     0.797 f  gen_input_slots[1].gen_input_banks[3].u_input_cache_bank_i_80/O
                         net (fo=12, routed)          0.566     1.363    gen_input_slots[1].gen_input_banks[3].u_input_cache_bank_i_80_n_0
    SLICE_X85Y183        LUT6 (Prop_F6LUT_SLICEL_I0_O)
                                                      0.148     1.511 r  gen_input_slots[1].gen_input_banks[3].u_input_cache_bank_i_53_replica/O
                         net (fo=1, routed)           0.205     1.716    gen_input_slots[1].gen_input_banks[3].u_input_cache_bank_i_53_n_0_repN
    SLICE_X83Y180        LUT6 (Prop_A6LUT_SLICEL_I5_O)
                                                      0.098     1.814 f  gen_input_slots[1].gen_input_banks[0].u_input_cache_bank_i_3/O
                         net (fo=17, routed)          0.195     2.009    gen_input_slots[1].gen_input_banks[0].u_input_cache_bank/data_wr_addr[7]
    SLICE_X80Y179        LUT5 (Prop_F6LUT_SLICEL_I1_O)
                                                      0.148     2.157 r  gen_input_slots[1].gen_input_banks[0].u_input_cache_bank/data_mem_reg_0_63_0_6_i_1_replica/O
                         net (fo=4, routed)           0.616     2.773    gen_input_slots[1].gen_input_banks[0].u_input_cache_bank/data_mem_reg_0_63_14_15/WE
    SLICE_X79Y139        RAMD64E                                      r  gen_input_slots[1].gen_input_banks[0].u_input_cache_bank/data_mem_reg_0_63_14_15/RAMB/WE
  -------------------------------------------------------------------    -------------------

                         (clock clk rise edge)        2.000     2.000 r  
                                                      0.000     2.000 r  clk (IN)
                         net (fo=33320, unset)        0.043     2.043    gen_input_slots[1].gen_input_banks[0].u_input_cache_bank/data_mem_reg_0_63_14_15/WCLK
    SLICE_X79Y139        RAMD64E                                      r  gen_input_slots[1].gen_input_banks[0].u_input_cache_bank/data_mem_reg_0_63_14_15/RAMB/CLK
                         clock pessimism              0.000     2.043    
                         clock uncertainty           -0.035     2.008    
    SLICE_X79Y139        RAMD64E (Setup_F6LUT_SLICEM_CLK_WE)
                                                     -0.180     1.828    gen_input_slots[1].gen_input_banks[0].u_input_cache_bank/data_mem_reg_0_63_14_15/RAMB
  -------------------------------------------------------------------
                         required time                          1.828    
                         arrival time                          -2.773    
  -------------------------------------------------------------------
                         slack                                 -0.946    

Slack (VIOLATED) :        -0.946ns  (required time - arrival time)
  Source:                 fill_slot_reg/C
                            (rising edge-triggered cell FDCE clocked by clk  {rise@0.000ns fall@1.000ns period=2.000ns})
  Destination:            gen_input_slots[1].gen_input_banks[0].u_input_cache_bank/data_mem_reg_0_63_14_15/RAMC/WE
                            (rising edge-triggered cell RAMD64E clocked by clk  {rise@0.000ns fall@1.000ns period=2.000ns})
  Path Group:             clk
  Path Type:              Setup (Max at Slow Process Corner)
  Requirement:            2.000ns  (clk rise@2.000ns - clk rise@0.000ns)
  Data Path Delay:        2.744ns  (logic 0.817ns (29.770%)  route 1.927ns (70.230%))
  Logic Levels:           6  (LUT3=1 LUT5=1 LUT6=4)
  Clock Path Skew:        0.014ns (DCD - SCD + CPR)
    Destination Clock Delay (DCD):    0.043ns = ( 2.043 - 2.000 ) 
    Source Clock Delay      (SCD):    0.029ns
    Clock Pessimism Removal (CPR):    0.000ns
  Clock Uncertainty:      0.035ns  ((TSJ^2 + TIJ^2)^1/2 + DJ) / 2 + PE
    Total System Jitter     (TSJ):    0.071ns
    Total Input Jitter      (TIJ):    0.000ns
    Discrete Jitter          (DJ):    0.000ns
    Phase Error              (PE):    0.000ns

    Location             Delay type                Incr(ns)  Path(ns)    Netlist Resource(s)
  -------------------------------------------------------------------    -------------------
                         (clock clk rise edge)        0.000     0.000 r  
                                                      0.000     0.000 r  clk (IN)
                         net (fo=33320, unset)        0.029     0.029    clk
    SLICE_X77Y156        FDCE                                         r  fill_slot_reg/C
  -------------------------------------------------------------------    -------------------
    SLICE_X77Y156        FDCE (Prop_FFF_SLICEL_C_Q)
                                                      0.079     0.108 r  fill_slot_reg/Q
                         net (fo=299, routed)         0.177     0.285    fill_slot
    SLICE_X77Y154        LUT3 (Prop_D6LUT_SLICEL_I1_O)
                                                      0.050     0.335 r  gen_input_slots[1].gen_input_banks[3].u_input_cache_bank_i_90/O
                         net (fo=9, routed)           0.100     0.435    gen_input_slots[1].gen_input_banks[3].u_input_cache_bank_i_90_n_0
    SLICE_X78Y154        LUT6 (Prop_C6LUT_SLICEL_I0_O)
                                                      0.146     0.581 r  gen_input_slots[1].gen_input_banks[3].u_input_cache_bank_i_97/O
                         net (fo=3, routed)           0.068     0.649    gen_input_slots[1].gen_input_banks[3].u_input_cache_bank_i_97_n_0
    SLICE_X78Y154        LUT6 (Prop_F6LUT_SLICEL_I2_O)
                                                      0.148     0.797 f  gen_input_slots[1].gen_input_banks[3].u_input_cache_bank_i_80/O
                         net (fo=12, routed)          0.566     1.363    gen_input_slots[1].gen_input_banks[3].u_input_cache_bank_i_80_n_0
    SLICE_X85Y183        LUT6 (Prop_F6LUT_SLICEL_I0_O)
                                                      0.148     1.511 r  gen_input_slots[1].gen_input_banks[3].u_input_cache_bank_i_53_replica/O
                         net (fo=1, routed)           0.205     1.716    gen_input_slots[1].gen_input_banks[3].u_input_cache_bank_i_53_n_0_repN
    SLICE_X83Y180        LUT6 (Prop_A6LUT_SLICEL_I5_O)
                                                      0.098     1.814 f  gen_input_slots[1].gen_input_banks[0].u_input_cache_bank_i_3/O
                         net (fo=17, routed)          0.195     2.009    gen_input_slots[1].gen_input_banks[0].u_input_cache_bank/data_wr_addr[7]
    SLICE_X80Y179        LUT5 (Prop_F6LUT_SLICEL_I1_O)
                                                      0.148     2.157 r  gen_input_slots[1].gen_input_banks[0].u_input_cache_bank/data_mem_reg_0_63_0_6_i_1_replica/O
                         net (fo=4, routed)           0.616     2.773    gen_input_slots[1].gen_input_banks[0].u_input_cache_bank/data_mem_reg_0_63_14_15/WE
    SLICE_X79Y139        RAMD64E                                      r  gen_input_slots[1].gen_input_banks[0].u_input_cache_bank/data_mem_reg_0_63_14_15/RAMC/WE
  -------------------------------------------------------------------    -------------------

                         (clock clk rise edge)        2.000     2.000 r  
                                                      0.000     2.000 r  clk (IN)
                         net (fo=33320, unset)        0.043     2.043    gen_input_slots[1].gen_input_banks[0].u_input_cache_bank/data_mem_reg_0_63_14_15/WCLK
    SLICE_X79Y139        RAMD64E                                      r  gen_input_slots[1].gen_input_banks[0].u_input_cache_bank/data_mem_reg_0_63_14_15/RAMC/CLK
                         clock pessimism              0.000     2.043    
                         clock uncertainty           -0.035     2.008    
    SLICE_X79Y139        RAMD64E (Setup_G6LUT_SLICEM_CLK_WE)
                                                     -0.180     1.828    gen_input_slots[1].gen_input_banks[0].u_input_cache_bank/data_mem_reg_0_63_14_15/RAMC
  -------------------------------------------------------------------
                         required time                          1.828    
                         arrival time                          -2.773    
  -------------------------------------------------------------------
                         slack                                 -0.946    

Slack (VIOLATED) :        -0.946ns  (required time - arrival time)
  Source:                 fill_slot_reg/C
                            (rising edge-triggered cell FDCE clocked by clk  {rise@0.000ns fall@1.000ns period=2.000ns})
  Destination:            gen_input_slots[1].gen_input_banks[0].u_input_cache_bank/data_mem_reg_0_63_14_15/RAMD/WE
                            (rising edge-triggered cell RAMD64E clocked by clk  {rise@0.000ns fall@1.000ns period=2.000ns})
  Path Group:             clk
  Path Type:              Setup (Max at Slow Process Corner)
  Requirement:            2.000ns  (clk rise@2.000ns - clk rise@0.000ns)
  Data Path Delay:        2.744ns  (logic 0.817ns (29.770%)  route 1.927ns (70.230%))
  Logic Levels:           6  (LUT3=1 LUT5=1 LUT6=4)
  Clock Path Skew:        0.014ns (DCD - SCD + CPR)
    Destination Clock Delay (DCD):    0.043ns = ( 2.043 - 2.000 ) 
    Source Clock Delay      (SCD):    0.029ns
    Clock Pessimism Removal (CPR):    0.000ns
  Clock Uncertainty:      0.035ns  ((TSJ^2 + TIJ^2)^1/2 + DJ) / 2 + PE
    Total System Jitter     (TSJ):    0.071ns
    Total Input Jitter      (TIJ):    0.000ns
    Discrete Jitter          (DJ):    0.000ns
    Phase Error              (PE):    0.000ns

    Location             Delay type                Incr(ns)  Path(ns)    Netlist Resource(s)
  -------------------------------------------------------------------    -------------------
                         (clock clk rise edge)        0.000     0.000 r  
                                                      0.000     0.000 r  clk (IN)
                         net (fo=33320, unset)        0.029     0.029    clk
    SLICE_X77Y156        FDCE                                         r  fill_slot_reg/C
  -------------------------------------------------------------------    -------------------
    SLICE_X77Y156        FDCE (Prop_FFF_SLICEL_C_Q)
                                                      0.079     0.108 r  fill_slot_reg/Q
                         net (fo=299, routed)         0.177     0.285    fill_slot
    SLICE_X77Y154        LUT3 (Prop_D6LUT_SLICEL_I1_O)
                                                      0.050     0.335 r  gen_input_slots[1].gen_input_banks[3].u_input_cache_bank_i_90/O
                         net (fo=9, routed)           0.100     0.435    gen_input_slots[1].gen_input_banks[3].u_input_cache_bank_i_90_n_0
    SLICE_X78Y154        LUT6 (Prop_C6LUT_SLICEL_I0_O)
                                                      0.146     0.581 r  gen_input_slots[1].gen_input_banks[3].u_input_cache_bank_i_97/O
                         net (fo=3, routed)           0.068     0.649    gen_input_slots[1].gen_input_banks[3].u_input_cache_bank_i_97_n_0
    SLICE_X78Y154        LUT6 (Prop_F6LUT_SLICEL_I2_O)
                                                      0.148     0.797 f  gen_input_slots[1].gen_input_banks[3].u_input_cache_bank_i_80/O
                         net (fo=12, routed)          0.566     1.363    gen_input_slots[1].gen_input_banks[3].u_input_cache_bank_i_80_n_0
    SLICE_X85Y183        LUT6 (Prop_F6LUT_SLICEL_I0_O)
                                                      0.148     1.511 r  gen_input_slots[1].gen_input_banks[3].u_input_cache_bank_i_53_replica/O
                         net (fo=1, routed)           0.205     1.716    gen_input_slots[1].gen_input_banks[3].u_input_cache_bank_i_53_n_0_repN
    SLICE_X83Y180        LUT6 (Prop_A6LUT_SLICEL_I5_O)
                                                      0.098     1.814 f  gen_input_slots[1].gen_input_banks[0].u_input_cache_bank_i_3/O
                         net (fo=17, routed)          0.195     2.009    gen_input_slots[1].gen_input_banks[0].u_input_cache_bank/data_wr_addr[7]
    SLICE_X80Y179        LUT5 (Prop_F6LUT_SLICEL_I1_O)
                                                      0.148     2.157 r  gen_input_slots[1].gen_input_banks[0].u_input_cache_bank/data_mem_reg_0_63_0_6_i_1_replica/O
                         net (fo=4, routed)           0.616     2.773    gen_input_slots[1].gen_input_banks[0].u_input_cache_bank/data_mem_reg_0_63_14_15/WE
    SLICE_X79Y139        RAMD64E                                      r  gen_input_slots[1].gen_input_banks[0].u_input_cache_bank/data_mem_reg_0_63_14_15/RAMD/WE
  -------------------------------------------------------------------    -------------------

                         (clock clk rise edge)        2.000     2.000 r  
                                                      0.000     2.000 r  clk (IN)
                         net (fo=33320, unset)        0.043     2.043    gen_input_slots[1].gen_input_banks[0].u_input_cache_bank/data_mem_reg_0_63_14_15/WCLK
    SLICE_X79Y139        RAMD64E                                      r  gen_input_slots[1].gen_input_banks[0].u_input_cache_bank/data_mem_reg_0_63_14_15/RAMD/CLK
                         clock pessimism              0.000     2.043    
                         clock uncertainty           -0.035     2.008    
    SLICE_X79Y139        RAMD64E (Setup_H6LUT_SLICEM_CLK_WE)
                                                     -0.180     1.828    gen_input_slots[1].gen_input_banks[0].u_input_cache_bank/data_mem_reg_0_63_14_15/RAMD
  -------------------------------------------------------------------
                         required time                          1.828    
                         arrival time                          -2.773    
  -------------------------------------------------------------------
                         slack                                 -0.946    

Slack (VIOLATED) :        -0.946ns  (required time - arrival time)
  Source:                 kernel_phase_q_reg[3]/C
                            (rising edge-triggered cell FDCE clocked by clk  {rise@0.000ns fall@1.000ns period=2.000ns})
  Destination:            u_unified_p4_kernel/input_mem_reg[1][25][10]/D
                            (rising edge-triggered cell FDRE clocked by clk  {rise@0.000ns fall@1.000ns period=2.000ns})
  Path Group:             clk
  Path Type:              Setup (Max at Slow Process Corner)
  Requirement:            2.000ns  (clk rise@2.000ns - clk rise@0.000ns)
  Data Path Delay:        2.928ns  (logic 0.524ns (17.895%)  route 2.404ns (82.105%))
  Logic Levels:           5  (LUT3=1 LUT6=4)
  Clock Path Skew:        -0.007ns (DCD - SCD + CPR)
    Destination Clock Delay (DCD):    0.021ns = ( 2.021 - 2.000 ) 
    Source Clock Delay      (SCD):    0.028ns
    Clock Pessimism Removal (CPR):    0.000ns
  Clock Uncertainty:      0.035ns  ((TSJ^2 + TIJ^2)^1/2 + DJ) / 2 + PE
    Total System Jitter     (TSJ):    0.071ns
    Total Input Jitter      (TIJ):    0.000ns
    Discrete Jitter          (DJ):    0.000ns
    Phase Error              (PE):    0.000ns

    Location             Delay type                Incr(ns)  Path(ns)    Netlist Resource(s)
  -------------------------------------------------------------------    -------------------
                         (clock clk rise edge)        0.000     0.000 r  
                                                      0.000     0.000 r  clk (IN)
                         net (fo=33320, unset)        0.028     0.028    clk
    SLICE_X87Y62         FDCE                                         r  kernel_phase_q_reg[3]/C
  -------------------------------------------------------------------    -------------------
    SLICE_X87Y62         FDCE (Prop_DFF_SLICEL_C_Q)
                                                      0.079     0.107 f  kernel_phase_q_reg[3]/Q
                         net (fo=29, routed)          0.212     0.319    kernel_phase_q_reg_n_0_[3]
    SLICE_X87Y62         LUT6 (Prop_F6LUT_SLICEL_I0_O)
                                                      0.097     0.416 r  u_unified_p4_kernel_i_1/O
                         net (fo=11, routed)          0.343     0.760    p_24_in
    SLICE_X88Y76         LUT6 (Prop_F6LUT_SLICEL_I5_O)
                                                      0.049     0.809 f  u_unified_p4_kernel_i_69/O
                         net (fo=9, routed)           0.264     1.073    u_unified_p4_kernel_i_69_n_0
    SLICE_X88Y66         LUT6 (Prop_B6LUT_SLICEL_I3_O)
                                                      0.124     1.197 r  u_unified_p4_kernel_i_2/O
                         net (fo=6, routed)           0.568     1.765    kernel_in_valid
    SLICE_X98Y35         LUT3 (Prop_B6LUT_SLICEM_I1_O)
                                                      0.052     1.817 r  u_unified_p4_kernel_i_177/O
                         net (fo=16, routed)          0.317     2.134    u_unified_p4_kernel_i_177_n_0
    SLICE_X100Y32        LUT6 (Prop_G6LUT_SLICEL_I4_O)
                                                      0.123     2.257 r  u_unified_p4_kernel_i_40/O
                         net (fo=64, routed)          0.700     2.956    u_unified_p4_kernel/in_data[26]
    SLICE_X106Y32        FDRE                                         r  u_unified_p4_kernel/input_mem_reg[1][25][10]/D
  -------------------------------------------------------------------    -------------------

                         (clock clk rise edge)        2.000     2.000 r  
                                                      0.000     2.000 r  clk (IN)
                         net (fo=33320, unset)        0.021     2.021    u_unified_p4_kernel/clk
    SLICE_X106Y32        FDRE                                         r  u_unified_p4_kernel/input_mem_reg[1][25][10]/C
                         clock pessimism              0.000     2.021    
                         clock uncertainty           -0.035     1.986    
    SLICE_X106Y32        FDRE (Setup_HFF_SLICEM_C_D)
                                                      0.025     2.011    u_unified_p4_kernel/input_mem_reg[1][25][10]
  -------------------------------------------------------------------
                         required time                          2.011    
                         arrival time                          -2.956    
  -------------------------------------------------------------------
                         slack                                 -0.946    

Slack (VIOLATED) :        -0.945ns  (required time - arrival time)
  Source:                 lfnst_grid_reg[43][1]/C
                            (rising edge-triggered cell FDCE clocked by clk  {rise@0.000ns fall@1.000ns period=2.000ns})
  Destination:            u_unified_p4_kernel/input_mem_reg[3][17][1]/D
                            (rising edge-triggered cell FDRE clocked by clk  {rise@0.000ns fall@1.000ns period=2.000ns})
  Path Group:             clk
  Path Type:              Setup (Max at Slow Process Corner)
  Requirement:            2.000ns  (clk rise@2.000ns - clk rise@0.000ns)
  Data Path Delay:        2.925ns  (logic 0.656ns (22.425%)  route 2.269ns (77.575%))
  Logic Levels:           6  (LUT2=1 LUT3=1 LUT6=3 MUXF7=1)
  Clock Path Skew:        -0.009ns (DCD - SCD + CPR)
    Destination Clock Delay (DCD):    0.021ns = ( 2.021 - 2.000 ) 
    Source Clock Delay      (SCD):    0.030ns
    Clock Pessimism Removal (CPR):    0.000ns
  Clock Uncertainty:      0.035ns  ((TSJ^2 + TIJ^2)^1/2 + DJ) / 2 + PE
    Total System Jitter     (TSJ):    0.071ns
    Total Input Jitter      (TIJ):    0.000ns
    Discrete Jitter          (DJ):    0.000ns
    Phase Error              (PE):    0.000ns

    Location             Delay type                Incr(ns)  Path(ns)    Netlist Resource(s)
  -------------------------------------------------------------------    -------------------
                         (clock clk rise edge)        0.000     0.000 r  
                                                      0.000     0.000 r  clk (IN)
                         net (fo=33320, unset)        0.030     0.030    clk
    SLICE_X103Y85        FDCE                                         r  lfnst_grid_reg[43][1]/C
  -------------------------------------------------------------------    -------------------
    SLICE_X103Y85        FDCE (Prop_BFF_SLICEM_C_Q)
                                                      0.078     0.108 r  lfnst_grid_reg[43][1]/Q
                         net (fo=1, routed)           0.508     0.616    lfnst_grid_reg_n_0_[43][1]
    SLICE_X99Y85         LUT6 (Prop_H6LUT_SLICEL_I0_O)
                                                      0.150     0.766 r  u_unified_p4_kernel_i_995/O
                         net (fo=1, routed)           0.010     0.776    u_unified_p4_kernel_i_995_n_0
    SLICE_X99Y85         MUXF7 (Prop_F7MUX_GH_SLICEL_I0_O)
                                                      0.064     0.840 r  u_unified_p4_kernel_i_739/O
                         net (fo=2, routed)           0.386     1.226    u_unified_p4_kernel_i_739_n_0
    SLICE_X98Y65         LUT3 (Prop_B6LUT_SLICEM_I1_O)
                                                      0.037     1.263 r  u_unified_p4_kernel_i_505/O
                         net (fo=2, routed)           0.420     1.683    u_unified_p4_kernel_i_505_n_0
    SLICE_X98Y41         LUT6 (Prop_A6LUT_SLICEM_I1_O)
                                                      0.150     1.833 r  u_unified_p4_kernel_i_386/O
                         net (fo=1, routed)           0.091     1.924    u_unified_p4_kernel_i_386_n_0
    SLICE_X98Y41         LUT2 (Prop_F6LUT_SLICEM_I1_O)
                                                      0.088     2.012 f  u_unified_p4_kernel_i_219/O
                         net (fo=1, routed)           0.087     2.099    u_unified_p4_kernel_i_219_n_0
    SLICE_X97Y41         LUT6 (Prop_G6LUT_SLICEL_I1_O)
                                                      0.089     2.188 r  u_unified_p4_kernel_i_49/O
                         net (fo=64, routed)          0.767     2.955    u_unified_p4_kernel/in_data[17]
    SLICE_X103Y39        FDRE                                         r  u_unified_p4_kernel/input_mem_reg[3][17][1]/D
  -------------------------------------------------------------------    -------------------

                         (clock clk rise edge)        2.000     2.000 r  
                                                      0.000     2.000 r  clk (IN)
                         net (fo=33320, unset)        0.021     2.021    u_unified_p4_kernel/clk
    SLICE_X103Y39        FDRE                                         r  u_unified_p4_kernel/input_mem_reg[3][17][1]/C
                         clock pessimism              0.000     2.021    
                         clock uncertainty           -0.035     1.986    
    SLICE_X103Y39        FDRE (Setup_HFF_SLICEM_C_D)
                                                      0.025     2.011    u_unified_p4_kernel/input_mem_reg[3][17][1]
  -------------------------------------------------------------------
                         required time                          2.011    
                         arrival time                          -2.955    
  -------------------------------------------------------------------
                         slack                                 -0.945    

Slack (VIOLATED) :        -0.945ns  (required time - arrival time)
  Source:                 kernel_phase_q_reg[3]/C
                            (rising edge-triggered cell FDCE clocked by clk  {rise@0.000ns fall@1.000ns period=2.000ns})
  Destination:            u_unified_p4_kernel/input_mem_reg[2][45][12]/D
                            (rising edge-triggered cell FDRE clocked by clk  {rise@0.000ns fall@1.000ns period=2.000ns})
  Path Group:             clk
  Path Type:              Setup (Max at Slow Process Corner)
  Requirement:            2.000ns  (clk rise@2.000ns - clk rise@0.000ns)
  Data Path Delay:        2.926ns  (logic 0.546ns (18.659%)  route 2.380ns (81.341%))
  Logic Levels:           5  (LUT3=1 LUT6=4)
  Clock Path Skew:        -0.008ns (DCD - SCD + CPR)
    Destination Clock Delay (DCD):    0.020ns = ( 2.020 - 2.000 ) 
    Source Clock Delay      (SCD):    0.028ns
    Clock Pessimism Removal (CPR):    0.000ns
  Clock Uncertainty:      0.035ns  ((TSJ^2 + TIJ^2)^1/2 + DJ) / 2 + PE
    Total System Jitter     (TSJ):    0.071ns
    Total Input Jitter      (TIJ):    0.000ns
    Discrete Jitter          (DJ):    0.000ns
    Phase Error              (PE):    0.000ns

    Location             Delay type                Incr(ns)  Path(ns)    Netlist Resource(s)
  -------------------------------------------------------------------    -------------------
                         (clock clk rise edge)        0.000     0.000 r  
                                                      0.000     0.000 r  clk (IN)
                         net (fo=33320, unset)        0.028     0.028    clk
    SLICE_X87Y62         FDCE                                         r  kernel_phase_q_reg[3]/C
  -------------------------------------------------------------------    -------------------
    SLICE_X87Y62         FDCE (Prop_DFF_SLICEL_C_Q)
                                                      0.079     0.107 f  kernel_phase_q_reg[3]/Q
                         net (fo=29, routed)          0.212     0.319    kernel_phase_q_reg_n_0_[3]
    SLICE_X87Y62         LUT6 (Prop_F6LUT_SLICEL_I0_O)
                                                      0.097     0.416 r  u_unified_p4_kernel_i_1/O
                         net (fo=11, routed)          0.343     0.760    p_24_in
    SLICE_X88Y76         LUT6 (Prop_F6LUT_SLICEL_I5_O)
                                                      0.049     0.809 f  u_unified_p4_kernel_i_69/O
                         net (fo=9, routed)           0.264     1.073    u_unified_p4_kernel_i_69_n_0
    SLICE_X88Y66         LUT6 (Prop_B6LUT_SLICEL_I3_O)
                                                      0.124     1.197 r  u_unified_p4_kernel_i_2/O
                         net (fo=6, routed)           0.568     1.765    kernel_in_valid
    SLICE_X98Y35         LUT3 (Prop_B6LUT_SLICEM_I1_O)
                                                      0.052     1.817 r  u_unified_p4_kernel_i_177/O
                         net (fo=16, routed)          0.244     2.061    u_unified_p4_kernel_i_177_n_0
    SLICE_X98Y41         LUT6 (Prop_D6LUT_SLICEM_I4_O)
                                                      0.145     2.206 r  u_unified_p4_kernel_i_38/O
                         net (fo=64, routed)          0.749     2.954    u_unified_p4_kernel/in_data[28]
    SLICE_X102Y33        FDRE                                         r  u_unified_p4_kernel/input_mem_reg[2][45][12]/D
  -------------------------------------------------------------------    -------------------

                         (clock clk rise edge)        2.000     2.000 r  
                                                      0.000     2.000 r  clk (IN)
                         net (fo=33320, unset)        0.020     2.020    u_unified_p4_kernel/clk
    SLICE_X102Y33        FDRE                                         r  u_unified_p4_kernel/input_mem_reg[2][45][12]/C
                         clock pessimism              0.000     2.020    
                         clock uncertainty           -0.035     1.985    
    SLICE_X102Y33        FDRE (Setup_GFF2_SLICEL_C_D)
                                                      0.025     2.010    u_unified_p4_kernel/input_mem_reg[2][45][12]
  -------------------------------------------------------------------
                         required time                          2.010    
                         arrival time                          -2.954    
  -------------------------------------------------------------------
                         slack                                 -0.945    

Slack (VIOLATED) :        -0.943ns  (required time - arrival time)
  Source:                 lfnst_mem_req_q_reg/C
                            (rising edge-triggered cell FDCE clocked by clk  {rise@0.000ns fall@1.000ns period=2.000ns})
  Destination:            kernel_rd_raw_data_q_reg[34]/D
                            (rising edge-triggered cell FDCE clocked by clk  {rise@0.000ns fall@1.000ns period=2.000ns})
  Path Group:             clk
  Path Type:              Setup (Max at Slow Process Corner)
  Requirement:            2.000ns  (clk rise@2.000ns - clk rise@0.000ns)
  Data Path Delay:        2.925ns  (logic 0.504ns (17.233%)  route 2.421ns (82.767%))
  Logic Levels:           7  (LUT2=1 LUT3=1 LUT6=2 MUXF7=1 MUXF8=1 RAMD64E=1)
  Clock Path Skew:        -0.008ns (DCD - SCD + CPR)
    Destination Clock Delay (DCD):    0.020ns = ( 2.020 - 2.000 ) 
    Source Clock Delay      (SCD):    0.028ns
    Clock Pessimism Removal (CPR):    0.000ns
  Clock Uncertainty:      0.035ns  ((TSJ^2 + TIJ^2)^1/2 + DJ) / 2 + PE
    Total System Jitter     (TSJ):    0.071ns
    Total Input Jitter      (TIJ):    0.000ns
    Discrete Jitter          (DJ):    0.000ns
    Phase Error              (PE):    0.000ns

    Location             Delay type                Incr(ns)  Path(ns)    Netlist Resource(s)
  -------------------------------------------------------------------    -------------------
                         (clock clk rise edge)        0.000     0.000 r  
                                                      0.000     0.000 r  clk (IN)
                         net (fo=33320, unset)        0.028     0.028    clk
    SLICE_X78Y136        FDCE                                         r  lfnst_mem_req_q_reg/C
  -------------------------------------------------------------------    -------------------
    SLICE_X78Y136        FDCE (Prop_BFF_SLICEL_C_Q)
                                                      0.079     0.107 r  lfnst_mem_req_q_reg/Q
                         net (fo=101, routed)         0.542     0.649    lfnst_mem_req_q
    SLICE_X78Y173        LUT2 (Prop_F6LUT_SLICEL_I0_O)
                                                      0.049     0.698 r  gen_input_slots[0].gen_input_banks[3].u_input_cache_bank_i_57/O
                         net (fo=9, routed)           0.276     0.974    gen_input_slots[0].gen_input_banks[3].u_input_cache_bank_i_57_n_0
    SLICE_X76Y181        LUT6 (Prop_H6LUT_SLICEL_I2_O)
                                                      0.036     1.010 r  gen_input_slots[0].gen_input_banks[2].u_input_cache_bank_i_44/O
                         net (fo=288, routed)         0.644     1.654    gen_input_slots[0].gen_input_banks[2].u_input_cache_bank/data_mem_reg_64_127_0_6/ADDRC4
    SLICE_X74Y219        RAMD64E (Prop_C6LUT_SLICEM_RADR4_O)
                                                      0.051     1.705 r  gen_input_slots[0].gen_input_banks[2].u_input_cache_bank/data_mem_reg_64_127_0_6/RAMC/O
                         net (fo=1, routed)           0.398     2.103    gen_input_slots[0].gen_input_banks[2].u_input_cache_bank/data_mem_reg_64_127_0_6_n_2
    SLICE_X74Y197        LUT6 (Prop_D6LUT_SLICEM_I3_O)
                                                      0.099     2.202 r  gen_input_slots[0].gen_input_banks[2].u_input_cache_bank/rd_data[2]_INST_0_i_3/O
                         net (fo=1, routed)           0.025     2.227    gen_input_slots[0].gen_input_banks[2].u_input_cache_bank/rd_data[2]_INST_0_i_3_n_0
    SLICE_X74Y197        MUXF7 (Prop_F7MUX_CD_SLICEM_I0_O)
                                                      0.062     2.289 r  gen_input_slots[0].gen_input_banks[2].u_input_cache_bank/rd_data[2]_INST_0_i_1/O
                         net (fo=1, routed)           0.000     2.289    gen_input_slots[0].gen_input_banks[2].u_input_cache_bank/rd_data[2]_INST_0_i_1_n_0
    SLICE_X74Y197        MUXF8 (Prop_F8MUX_BOT_SLICEM_I0_O)
                                                      0.030     2.319 r  gen_input_slots[0].gen_input_banks[2].u_input_cache_bank/rd_data[2]_INST_0/O
                         net (fo=2, routed)           0.344     2.663    input_rd_data[0][2][2]
    SLICE_X76Y202        LUT3 (Prop_A6LUT_SLICEL_I2_O)
                                                      0.098     2.761 r  kernel_rd_raw_data_q[34]_i_1/O
                         net (fo=1, routed)           0.192     2.953    kernel_rd_raw_data_q[34]_i_1_n_0
    SLICE_X77Y199        FDCE                                         r  kernel_rd_raw_data_q_reg[34]/D
  -------------------------------------------------------------------    -------------------

                         (clock clk rise edge)        2.000     2.000 r  
                                                      0.000     2.000 r  clk (IN)
                         net (fo=33320, unset)        0.020     2.020    clk
    SLICE_X77Y199        FDCE                                         r  kernel_rd_raw_data_q_reg[34]/C
                         clock pessimism              0.000     2.020    
                         clock uncertainty           -0.035     1.985    
    SLICE_X77Y199        FDCE (Setup_HFF2_SLICEL_C_D)
                                                      0.025     2.010    kernel_rd_raw_data_q_reg[34]
  -------------------------------------------------------------------
                         required time                          2.010    
                         arrival time                          -2.953    
  -------------------------------------------------------------------
                         slack                                 -0.943    

Slack (VIOLATED) :        -0.942ns  (required time - arrival time)
  Source:                 kernel_vector_q_reg[1]_rep__2/C
                            (rising edge-triggered cell FDCE clocked by clk  {rise@0.000ns fall@1.000ns period=2.000ns})
  Destination:            u_unified_p4_kernel/input_mem_reg[0][20][4]/D
                            (rising edge-triggered cell FDRE clocked by clk  {rise@0.000ns fall@1.000ns period=2.000ns})
  Path Group:             clk
  Path Type:              Setup (Max at Slow Process Corner)
  Requirement:            2.000ns  (clk rise@2.000ns - clk rise@0.000ns)
  Data Path Delay:        2.925ns  (logic 0.549ns (18.769%)  route 2.376ns (81.231%))
  Logic Levels:           6  (LUT2=1 LUT3=1 LUT6=3 MUXF7=1)
  Clock Path Skew:        -0.007ns (DCD - SCD + CPR)
    Destination Clock Delay (DCD):    0.021ns = ( 2.021 - 2.000 ) 
    Source Clock Delay      (SCD):    0.028ns
    Clock Pessimism Removal (CPR):    0.000ns
  Clock Uncertainty:      0.035ns  ((TSJ^2 + TIJ^2)^1/2 + DJ) / 2 + PE
    Total System Jitter     (TSJ):    0.071ns
    Total Input Jitter      (TIJ):    0.000ns
    Discrete Jitter          (DJ):    0.000ns
    Phase Error              (PE):    0.000ns

    Location             Delay type                Incr(ns)  Path(ns)    Netlist Resource(s)
  -------------------------------------------------------------------    -------------------
                         (clock clk rise edge)        0.000     0.000 r  
                                                      0.000     0.000 r  clk (IN)
                         net (fo=33320, unset)        0.028     0.028    clk
    SLICE_X100Y81        FDCE                                         r  kernel_vector_q_reg[1]_rep__2/C
  -------------------------------------------------------------------    -------------------
    SLICE_X100Y81        FDCE (Prop_DFF2_SLICEL_C_Q)
                                                      0.081     0.109 r  kernel_vector_q_reg[1]_rep__2/Q
                         net (fo=88, routed)          0.508     0.617    kernel_vector_q_reg[1]_rep__2_n_0
    SLICE_X102Y80        LUT6 (Prop_C6LUT_SLICEL_I2_O)
                                                      0.096     0.713 r  u_unified_p4_kernel_i_952/O
                         net (fo=1, routed)           0.010     0.723    u_unified_p4_kernel_i_952_n_0
    SLICE_X102Y80        MUXF7 (Prop_F7MUX_CD_SLICEL_I1_O)
                                                      0.064     0.787 r  u_unified_p4_kernel_i_717/O
                         net (fo=2, routed)           0.526     1.313    u_unified_p4_kernel_i_717_n_0
    SLICE_X94Y62         LUT3 (Prop_D5LUT_SLICEL_I0_O)
                                                      0.096     1.409 r  u_unified_p4_kernel_i_565/O
                         net (fo=2, routed)           0.545     1.954    u_unified_p4_kernel_i_565_n_0
    SLICE_X85Y33         LUT6 (Prop_F6LUT_SLICEL_I3_O)
                                                      0.089     2.043 r  u_unified_p4_kernel_i_414/O
                         net (fo=1, routed)           0.039     2.082    u_unified_p4_kernel_i_414_n_0
    SLICE_X85Y33         LUT2 (Prop_G6LUT_SLICEL_I1_O)
                                                      0.035     2.117 f  u_unified_p4_kernel_i_261/O
                         net (fo=1, routed)           0.093     2.210    u_unified_p4_kernel_i_261_n_0
    SLICE_X86Y33         LUT6 (Prop_C6LUT_SLICEM_I1_O)
                                                      0.088     2.298 r  u_unified_p4_kernel_i_62/O
                         net (fo=64, routed)          0.655     2.953    u_unified_p4_kernel/in_data[4]
    SLICE_X79Y23         FDRE                                         r  u_unified_p4_kernel/input_mem_reg[0][20][4]/D
  -------------------------------------------------------------------    -------------------

                         (clock clk rise edge)        2.000     2.000 r  
                                                      0.000     2.000 r  clk (IN)
                         net (fo=33320, unset)        0.021     2.021    u_unified_p4_kernel/clk
    SLICE_X79Y23         FDRE                                         r  u_unified_p4_kernel/input_mem_reg[0][20][4]/C
                         clock pessimism              0.000     2.021    
                         clock uncertainty           -0.035     1.986    
    SLICE_X79Y23         FDRE (Setup_DFF_SLICEM_C_D)
                                                      0.025     2.011    u_unified_p4_kernel/input_mem_reg[0][20][4]
  -------------------------------------------------------------------
                         required time                          2.011    
                         arrival time                          -2.953    
  -------------------------------------------------------------------
                         slack                                 -0.942    

Slack (VIOLATED) :        -0.942ns  (required time - arrival time)
  Source:                 fill_slot_reg/C
                            (rising edge-triggered cell FDCE clocked by clk  {rise@0.000ns fall@1.000ns period=2.000ns})
  Destination:            gen_input_slots[0].gen_input_banks[2].u_input_cache_bank/data_mem_reg_128_191_14_15/RAMA/WE
                            (rising edge-triggered cell RAMD64E clocked by clk  {rise@0.000ns fall@1.000ns period=2.000ns})
  Path Group:             clk
  Path Type:              Setup (Max at Slow Process Corner)
  Requirement:            2.000ns  (clk rise@2.000ns - clk rise@0.000ns)
  Data Path Delay:        2.741ns  (logic 0.540ns (19.704%)  route 2.201ns (80.296%))
  Logic Levels:           5  (LUT3=1 LUT5=2 LUT6=2)
  Clock Path Skew:        0.014ns (DCD - SCD + CPR)
    Destination Clock Delay (DCD):    0.043ns = ( 2.043 - 2.000 ) 
    Source Clock Delay      (SCD):    0.029ns
    Clock Pessimism Removal (CPR):    0.000ns
  Clock Uncertainty:      0.035ns  ((TSJ^2 + TIJ^2)^1/2 + DJ) / 2 + PE
    Total System Jitter     (TSJ):    0.071ns
    Total Input Jitter      (TIJ):    0.000ns
    Discrete Jitter          (DJ):    0.000ns
    Phase Error              (PE):    0.000ns

    Location             Delay type                Incr(ns)  Path(ns)    Netlist Resource(s)
  -------------------------------------------------------------------    -------------------
                         (clock clk rise edge)        0.000     0.000 r  
                                                      0.000     0.000 r  clk (IN)
                         net (fo=33320, unset)        0.029     0.029    clk
    SLICE_X77Y156        FDCE                                         r  fill_slot_reg/C
  -------------------------------------------------------------------    -------------------
    SLICE_X77Y156        FDCE (Prop_FFF_SLICEL_C_Q)
                                                      0.079     0.108 r  fill_slot_reg/Q
                         net (fo=299, routed)         0.291     0.399    fill_slot
    SLICE_X77Y170        LUT3 (Prop_E6LUT_SLICEL_I1_O)
                                                      0.051     0.450 r  gen_input_slots[1].gen_input_banks[3].u_input_cache_bank_i_90_replica/O
                         net (fo=4, routed)           0.279     0.729    gen_input_slots[1].gen_input_banks[3].u_input_cache_bank_i_90_n_0_repN
    SLICE_X77Y174        LUT6 (Prop_A6LUT_SLICEL_I1_O)
                                                      0.124     0.853 r  gen_input_slots[1].gen_input_banks[3].u_input_cache_bank_i_79/O
                         net (fo=5, routed)           0.123     0.976    gen_input_slots[1].gen_input_banks[3].u_input_cache_bank_i_79_n_0
    SLICE_X77Y174        LUT6 (Prop_C6LUT_SLICEL_I5_O)
                                                      0.146     1.122 r  gen_input_slots[1].gen_input_banks[2].u_input_cache_bank_i_47/O
                         net (fo=76, routed)          0.414     1.536    gen_input_slots[1].gen_input_banks[2].u_input_cache_bank_i_47_n_0
    SLICE_X76Y187        LUT5 (Prop_B6LUT_SLICEL_I3_O)
                                                      0.090     1.626 r  gen_input_slots[0].gen_input_banks[2].u_input_cache_bank_i_38/O
                         net (fo=48, routed)          0.522     2.148    gen_input_slots[0].gen_input_banks[2].u_input_cache_bank/valid_wr_data
    SLICE_X76Y200        LUT5 (Prop_G6LUT_SLICEL_I0_O)
                                                      0.050     2.198 r  gen_input_slots[0].gen_input_banks[2].u_input_cache_bank/data_mem_reg_128_191_0_6_i_1/O
                         net (fo=20, routed)          0.572     2.770    gen_input_slots[0].gen_input_banks[2].u_input_cache_bank/data_mem_reg_128_191_14_15/WE
    SLICE_X71Y215        RAMD64E                                      r  gen_input_slots[0].gen_input_banks[2].u_input_cache_bank/data_mem_reg_128_191_14_15/RAMA/WE
  -------------------------------------------------------------------    -------------------

                         (clock clk rise edge)        2.000     2.000 r  
                                                      0.000     2.000 r  clk (IN)
                         net (fo=33320, unset)        0.043     2.043    gen_input_slots[0].gen_input_banks[2].u_input_cache_bank/data_mem_reg_128_191_14_15/WCLK
    SLICE_X71Y215        RAMD64E                                      r  gen_input_slots[0].gen_input_banks[2].u_input_cache_bank/data_mem_reg_128_191_14_15/RAMA/CLK
                         clock pessimism              0.000     2.043    
                         clock uncertainty           -0.035     2.008    
    SLICE_X71Y215        RAMD64E (Setup_E6LUT_SLICEM_CLK_WE)
                                                     -0.180     1.828    gen_input_slots[0].gen_input_banks[2].u_input_cache_bank/data_mem_reg_128_191_14_15/RAMA
  -------------------------------------------------------------------
                         required time                          1.828    
                         arrival time                          -2.770    
  -------------------------------------------------------------------
                         slack                                 -0.942    

Slack (VIOLATED) :        -0.942ns  (required time - arrival time)
  Source:                 fill_slot_reg/C
                            (rising edge-triggered cell FDCE clocked by clk  {rise@0.000ns fall@1.000ns period=2.000ns})
  Destination:            gen_input_slots[0].gen_input_banks[2].u_input_cache_bank/data_mem_reg_128_191_14_15/RAMB/WE
                            (rising edge-triggered cell RAMD64E clocked by clk  {rise@0.000ns fall@1.000ns period=2.000ns})
  Path Group:             clk
  Path Type:              Setup (Max at Slow Process Corner)
  Requirement:            2.000ns  (clk rise@2.000ns - clk rise@0.000ns)
  Data Path Delay:        2.741ns  (logic 0.540ns (19.704%)  route 2.201ns (80.296%))
  Logic Levels:           5  (LUT3=1 LUT5=2 LUT6=2)
  Clock Path Skew:        0.014ns (DCD - SCD + CPR)
    Destination Clock Delay (DCD):    0.043ns = ( 2.043 - 2.000 ) 
    Source Clock Delay      (SCD):    0.029ns
    Clock Pessimism Removal (CPR):    0.000ns
  Clock Uncertainty:      0.035ns  ((TSJ^2 + TIJ^2)^1/2 + DJ) / 2 + PE
    Total System Jitter     (TSJ):    0.071ns
    Total Input Jitter      (TIJ):    0.000ns
    Discrete Jitter          (DJ):    0.000ns
    Phase Error              (PE):    0.000ns

    Location             Delay type                Incr(ns)  Path(ns)    Netlist Resource(s)
  -------------------------------------------------------------------    -------------------
                         (clock clk rise edge)        0.000     0.000 r  
                                                      0.000     0.000 r  clk (IN)
                         net (fo=33320, unset)        0.029     0.029    clk
    SLICE_X77Y156        FDCE                                         r  fill_slot_reg/C
  -------------------------------------------------------------------    -------------------
    SLICE_X77Y156        FDCE (Prop_FFF_SLICEL_C_Q)
                                                      0.079     0.108 r  fill_slot_reg/Q
                         net (fo=299, routed)         0.291     0.399    fill_slot
    SLICE_X77Y170        LUT3 (Prop_E6LUT_SLICEL_I1_O)
                                                      0.051     0.450 r  gen_input_slots[1].gen_input_banks[3].u_input_cache_bank_i_90_replica/O
                         net (fo=4, routed)           0.279     0.729    gen_input_slots[1].gen_input_banks[3].u_input_cache_bank_i_90_n_0_repN
    SLICE_X77Y174        LUT6 (Prop_A6LUT_SLICEL_I1_O)
                                                      0.124     0.853 r  gen_input_slots[1].gen_input_banks[3].u_input_cache_bank_i_79/O
                         net (fo=5, routed)           0.123     0.976    gen_input_slots[1].gen_input_banks[3].u_input_cache_bank_i_79_n_0
    SLICE_X77Y174        LUT6 (Prop_C6LUT_SLICEL_I5_O)
                                                      0.146     1.122 r  gen_input_slots[1].gen_input_banks[2].u_input_cache_bank_i_47/O
                         net (fo=76, routed)          0.414     1.536    gen_input_slots[1].gen_input_banks[2].u_input_cache_bank_i_47_n_0
    SLICE_X76Y187        LUT5 (Prop_B6LUT_SLICEL_I3_O)
                                                      0.090     1.626 r  gen_input_slots[0].gen_input_banks[2].u_input_cache_bank_i_38/O
                         net (fo=48, routed)          0.522     2.148    gen_input_slots[0].gen_input_banks[2].u_input_cache_bank/valid_wr_data
    SLICE_X76Y200        LUT5 (Prop_G6LUT_SLICEL_I0_O)
                                                      0.050     2.198 r  gen_input_slots[0].gen_input_banks[2].u_input_cache_bank/data_mem_reg_128_191_0_6_i_1/O
                         net (fo=20, routed)          0.572     2.770    gen_input_slots[0].gen_input_banks[2].u_input_cache_bank/data_mem_reg_128_191_14_15/WE
    SLICE_X71Y215        RAMD64E                                      r  gen_input_slots[0].gen_input_banks[2].u_input_cache_bank/data_mem_reg_128_191_14_15/RAMB/WE
  -------------------------------------------------------------------    -------------------

                         (clock clk rise edge)        2.000     2.000 r  
                                                      0.000     2.000 r  clk (IN)
                         net (fo=33320, unset)        0.043     2.043    gen_input_slots[0].gen_input_banks[2].u_input_cache_bank/data_mem_reg_128_191_14_15/WCLK
    SLICE_X71Y215        RAMD64E                                      r  gen_input_slots[0].gen_input_banks[2].u_input_cache_bank/data_mem_reg_128_191_14_15/RAMB/CLK
                         clock pessimism              0.000     2.043    
                         clock uncertainty           -0.035     2.008    
    SLICE_X71Y215        RAMD64E (Setup_F6LUT_SLICEM_CLK_WE)
                                                     -0.180     1.828    gen_input_slots[0].gen_input_banks[2].u_input_cache_bank/data_mem_reg_128_191_14_15/RAMB
  -------------------------------------------------------------------
                         required time                          1.828    
                         arrival time                          -2.770    
  -------------------------------------------------------------------
                         slack                                 -0.942    

Slack (VIOLATED) :        -0.942ns  (required time - arrival time)
  Source:                 fill_slot_reg/C
                            (rising edge-triggered cell FDCE clocked by clk  {rise@0.000ns fall@1.000ns period=2.000ns})
  Destination:            gen_input_slots[0].gen_input_banks[2].u_input_cache_bank/data_mem_reg_128_191_14_15/RAMC/WE
                            (rising edge-triggered cell RAMD64E clocked by clk  {rise@0.000ns fall@1.000ns period=2.000ns})
  Path Group:             clk
  Path Type:              Setup (Max at Slow Process Corner)
  Requirement:            2.000ns  (clk rise@2.000ns - clk rise@0.000ns)
  Data Path Delay:        2.741ns  (logic 0.540ns (19.704%)  route 2.201ns (80.296%))
  Logic Levels:           5  (LUT3=1 LUT5=2 LUT6=2)
  Clock Path Skew:        0.014ns (DCD - SCD + CPR)
    Destination Clock Delay (DCD):    0.043ns = ( 2.043 - 2.000 ) 
    Source Clock Delay      (SCD):    0.029ns
    Clock Pessimism Removal (CPR):    0.000ns
  Clock Uncertainty:      0.035ns  ((TSJ^2 + TIJ^2)^1/2 + DJ) / 2 + PE
    Total System Jitter     (TSJ):    0.071ns
    Total Input Jitter      (TIJ):    0.000ns
    Discrete Jitter          (DJ):    0.000ns
    Phase Error              (PE):    0.000ns

    Location             Delay type                Incr(ns)  Path(ns)    Netlist Resource(s)
  -------------------------------------------------------------------    -------------------
                         (clock clk rise edge)        0.000     0.000 r  
                                                      0.000     0.000 r  clk (IN)
                         net (fo=33320, unset)        0.029     0.029    clk
    SLICE_X77Y156        FDCE                                         r  fill_slot_reg/C
  -------------------------------------------------------------------    -------------------
    SLICE_X77Y156        FDCE (Prop_FFF_SLICEL_C_Q)
                                                      0.079     0.108 r  fill_slot_reg/Q
                         net (fo=299, routed)         0.291     0.399    fill_slot
    SLICE_X77Y170        LUT3 (Prop_E6LUT_SLICEL_I1_O)
                                                      0.051     0.450 r  gen_input_slots[1].gen_input_banks[3].u_input_cache_bank_i_90_replica/O
                         net (fo=4, routed)           0.279     0.729    gen_input_slots[1].gen_input_banks[3].u_input_cache_bank_i_90_n_0_repN
    SLICE_X77Y174        LUT6 (Prop_A6LUT_SLICEL_I1_O)
                                                      0.124     0.853 r  gen_input_slots[1].gen_input_banks[3].u_input_cache_bank_i_79/O
                         net (fo=5, routed)           0.123     0.976    gen_input_slots[1].gen_input_banks[3].u_input_cache_bank_i_79_n_0
    SLICE_X77Y174        LUT6 (Prop_C6LUT_SLICEL_I5_O)
                                                      0.146     1.122 r  gen_input_slots[1].gen_input_banks[2].u_input_cache_bank_i_47/O
                         net (fo=76, routed)          0.414     1.536    gen_input_slots[1].gen_input_banks[2].u_input_cache_bank_i_47_n_0
    SLICE_X76Y187        LUT5 (Prop_B6LUT_SLICEL_I3_O)
                                                      0.090     1.626 r  gen_input_slots[0].gen_input_banks[2].u_input_cache_bank_i_38/O
                         net (fo=48, routed)          0.522     2.148    gen_input_slots[0].gen_input_banks[2].u_input_cache_bank/valid_wr_data
    SLICE_X76Y200        LUT5 (Prop_G6LUT_SLICEL_I0_O)
                                                      0.050     2.198 r  gen_input_slots[0].gen_input_banks[2].u_input_cache_bank/data_mem_reg_128_191_0_6_i_1/O
                         net (fo=20, routed)          0.572     2.770    gen_input_slots[0].gen_input_banks[2].u_input_cache_bank/data_mem_reg_128_191_14_15/WE
    SLICE_X71Y215        RAMD64E                                      r  gen_input_slots[0].gen_input_banks[2].u_input_cache_bank/data_mem_reg_128_191_14_15/RAMC/WE
  -------------------------------------------------------------------    -------------------

                         (clock clk rise edge)        2.000     2.000 r  
                                                      0.000     2.000 r  clk (IN)
                         net (fo=33320, unset)        0.043     2.043    gen_input_slots[0].gen_input_banks[2].u_input_cache_bank/data_mem_reg_128_191_14_15/WCLK
    SLICE_X71Y215        RAMD64E                                      r  gen_input_slots[0].gen_input_banks[2].u_input_cache_bank/data_mem_reg_128_191_14_15/RAMC/CLK
                         clock pessimism              0.000     2.043    
                         clock uncertainty           -0.035     2.008    
    SLICE_X71Y215        RAMD64E (Setup_G6LUT_SLICEM_CLK_WE)
                                                     -0.180     1.828    gen_input_slots[0].gen_input_banks[2].u_input_cache_bank/data_mem_reg_128_191_14_15/RAMC
  -------------------------------------------------------------------
                         required time                          1.828    
                         arrival time                          -2.770    
  -------------------------------------------------------------------
                         slack                                 -0.942    

Slack (VIOLATED) :        -0.942ns  (required time - arrival time)
  Source:                 fill_slot_reg/C
                            (rising edge-triggered cell FDCE clocked by clk  {rise@0.000ns fall@1.000ns period=2.000ns})
  Destination:            gen_input_slots[0].gen_input_banks[2].u_input_cache_bank/data_mem_reg_128_191_14_15/RAMD/WE
                            (rising edge-triggered cell RAMD64E clocked by clk  {rise@0.000ns fall@1.000ns period=2.000ns})
  Path Group:             clk
  Path Type:              Setup (Max at Slow Process Corner)
  Requirement:            2.000ns  (clk rise@2.000ns - clk rise@0.000ns)
  Data Path Delay:        2.741ns  (logic 0.540ns (19.704%)  route 2.201ns (80.296%))
  Logic Levels:           5  (LUT3=1 LUT5=2 LUT6=2)
  Clock Path Skew:        0.014ns (DCD - SCD + CPR)
    Destination Clock Delay (DCD):    0.043ns = ( 2.043 - 2.000 ) 
    Source Clock Delay      (SCD):    0.029ns
    Clock Pessimism Removal (CPR):    0.000ns
  Clock Uncertainty:      0.035ns  ((TSJ^2 + TIJ^2)^1/2 + DJ) / 2 + PE
    Total System Jitter     (TSJ):    0.071ns
    Total Input Jitter      (TIJ):    0.000ns
    Discrete Jitter          (DJ):    0.000ns
    Phase Error              (PE):    0.000ns

    Location             Delay type                Incr(ns)  Path(ns)    Netlist Resource(s)
  -------------------------------------------------------------------    -------------------
                         (clock clk rise edge)        0.000     0.000 r  
                                                      0.000     0.000 r  clk (IN)
                         net (fo=33320, unset)        0.029     0.029    clk
    SLICE_X77Y156        FDCE                                         r  fill_slot_reg/C
  -------------------------------------------------------------------    -------------------
    SLICE_X77Y156        FDCE (Prop_FFF_SLICEL_C_Q)
                                                      0.079     0.108 r  fill_slot_reg/Q
                         net (fo=299, routed)         0.291     0.399    fill_slot
    SLICE_X77Y170        LUT3 (Prop_E6LUT_SLICEL_I1_O)
                                                      0.051     0.450 r  gen_input_slots[1].gen_input_banks[3].u_input_cache_bank_i_90_replica/O
                         net (fo=4, routed)           0.279     0.729    gen_input_slots[1].gen_input_banks[3].u_input_cache_bank_i_90_n_0_repN
    SLICE_X77Y174        LUT6 (Prop_A6LUT_SLICEL_I1_O)
                                                      0.124     0.853 r  gen_input_slots[1].gen_input_banks[3].u_input_cache_bank_i_79/O
                         net (fo=5, routed)           0.123     0.976    gen_input_slots[1].gen_input_banks[3].u_input_cache_bank_i_79_n_0
    SLICE_X77Y174        LUT6 (Prop_C6LUT_SLICEL_I5_O)
                                                      0.146     1.122 r  gen_input_slots[1].gen_input_banks[2].u_input_cache_bank_i_47/O
                         net (fo=76, routed)          0.414     1.536    gen_input_slots[1].gen_input_banks[2].u_input_cache_bank_i_47_n_0
    SLICE_X76Y187        LUT5 (Prop_B6LUT_SLICEL_I3_O)
                                                      0.090     1.626 r  gen_input_slots[0].gen_input_banks[2].u_input_cache_bank_i_38/O
                         net (fo=48, routed)          0.522     2.148    gen_input_slots[0].gen_input_banks[2].u_input_cache_bank/valid_wr_data
    SLICE_X76Y200        LUT5 (Prop_G6LUT_SLICEL_I0_O)
                                                      0.050     2.198 r  gen_input_slots[0].gen_input_banks[2].u_input_cache_bank/data_mem_reg_128_191_0_6_i_1/O
                         net (fo=20, routed)          0.572     2.770    gen_input_slots[0].gen_input_banks[2].u_input_cache_bank/data_mem_reg_128_191_14_15/WE
    SLICE_X71Y215        RAMD64E                                      r  gen_input_slots[0].gen_input_banks[2].u_input_cache_bank/data_mem_reg_128_191_14_15/RAMD/WE
  -------------------------------------------------------------------    -------------------

                         (clock clk rise edge)        2.000     2.000 r  
                                                      0.000     2.000 r  clk (IN)
                         net (fo=33320, unset)        0.043     2.043    gen_input_slots[0].gen_input_banks[2].u_input_cache_bank/data_mem_reg_128_191_14_15/WCLK
    SLICE_X71Y215        RAMD64E                                      r  gen_input_slots[0].gen_input_banks[2].u_input_cache_bank/data_mem_reg_128_191_14_15/RAMD/CLK
                         clock pessimism              0.000     2.043    
                         clock uncertainty           -0.035     2.008    
    SLICE_X71Y215        RAMD64E (Setup_H6LUT_SLICEM_CLK_WE)
                                                     -0.180     1.828    gen_input_slots[0].gen_input_banks[2].u_input_cache_bank/data_mem_reg_128_191_14_15/RAMD
  -------------------------------------------------------------------
                         required time                          1.828    
                         arrival time                          -2.770    
  -------------------------------------------------------------------
                         slack                                 -0.942    

Slack (VIOLATED) :        -0.941ns  (required time - arrival time)
  Source:                 kernel_rd_req_pending_q_reg_replica/C
                            (rising edge-triggered cell FDCE clocked by clk  {rise@0.000ns fall@1.000ns period=2.000ns})
  Destination:            kernel_rd_raw_data_q_reg[36]/D
                            (rising edge-triggered cell FDCE clocked by clk  {rise@0.000ns fall@1.000ns period=2.000ns})
  Path Group:             clk
  Path Type:              Setup (Max at Slow Process Corner)
  Requirement:            2.000ns  (clk rise@2.000ns - clk rise@0.000ns)
  Data Path Delay:        2.923ns  (logic 0.603ns (20.633%)  route 2.320ns (79.367%))
  Logic Levels:           7  (LUT2=1 LUT3=1 LUT6=2 MUXF7=1 MUXF8=1 RAMD64E=1)
  Clock Path Skew:        -0.008ns (DCD - SCD + CPR)
    Destination Clock Delay (DCD):    0.020ns = ( 2.020 - 2.000 ) 
    Source Clock Delay      (SCD):    0.028ns
    Clock Pessimism Removal (CPR):    0.000ns
  Clock Uncertainty:      0.035ns  ((TSJ^2 + TIJ^2)^1/2 + DJ) / 2 + PE
    Total System Jitter     (TSJ):    0.071ns
    Total Input Jitter      (TIJ):    0.000ns
    Discrete Jitter          (DJ):    0.000ns
    Phase Error              (PE):    0.000ns

    Location             Delay type                Incr(ns)  Path(ns)    Netlist Resource(s)
  -------------------------------------------------------------------    -------------------
                         (clock clk rise edge)        0.000     0.000 r  
                                                      0.000     0.000 r  clk (IN)
                         net (fo=33320, unset)        0.028     0.028    clk
    SLICE_X78Y136        FDCE                                         r  kernel_rd_req_pending_q_reg_replica/C
  -------------------------------------------------------------------    -------------------
    SLICE_X78Y136        FDCE (Prop_BFF2_SLICEL_C_Q)
                                                      0.080     0.108 r  kernel_rd_req_pending_q_reg_replica/Q
                         net (fo=4, routed)           0.163     0.271    kernel_rd_req_pending_q_reg_n_0_repN
    SLICE_X78Y136        LUT6 (Prop_B6LUT_SLICEL_I1_O)
                                                      0.124     0.395 r  gen_input_slots[0].gen_input_banks[3].u_input_cache_bank_i_56_replica/O
                         net (fo=17, routed)          0.497     0.892    gen_input_slots[0].gen_input_banks[3].u_input_cache_bank_i_56_n_0_repN
    SLICE_X76Y178        LUT2 (Prop_C6LUT_SLICEL_I1_O)
                                                      0.035     0.927 r  gen_input_slots[0].gen_input_banks[3].u_input_cache_bank_i_46_replica_15/O
                         net (fo=56, routed)          0.632     1.558    gen_input_slots[0].gen_input_banks[2].u_input_cache_bank/data_mem_reg_256_319_0_6/ADDRE2
    SLICE_X74Y211        RAMD64E (Prop_E6LUT_SLICEM_RADR2_O)
                                                      0.100     1.658 r  gen_input_slots[0].gen_input_banks[2].u_input_cache_bank/data_mem_reg_256_319_0_6/RAME/O
                         net (fo=1, routed)           0.393     2.051    gen_input_slots[0].gen_input_banks[2].u_input_cache_bank/data_mem_reg_256_319_0_6_n_4
    SLICE_X73Y200        LUT6 (Prop_C6LUT_SLICEL_I5_O)
                                                      0.146     2.197 r  gen_input_slots[0].gen_input_banks[2].u_input_cache_bank/rd_data[4]_INST_0_i_4/O
                         net (fo=1, routed)           0.010     2.207    gen_input_slots[0].gen_input_banks[2].u_input_cache_bank/rd_data[4]_INST_0_i_4_n_0
    SLICE_X73Y200        MUXF7 (Prop_F7MUX_CD_SLICEL_I1_O)
                                                      0.057     2.264 r  gen_input_slots[0].gen_input_banks[2].u_input_cache_bank/rd_data[4]_INST_0_i_1/O
                         net (fo=1, routed)           0.000     2.264    gen_input_slots[0].gen_input_banks[2].u_input_cache_bank/rd_data[4]_INST_0_i_1_n_0
    SLICE_X73Y200        MUXF8 (Prop_F8MUX_BOT_SLICEL_I0_O)
                                                      0.026     2.290 r  gen_input_slots[0].gen_input_banks[2].u_input_cache_bank/rd_data[4]_INST_0/O
                         net (fo=2, routed)           0.347     2.638    input_rd_data[0][2][4]
    SLICE_X68Y202        LUT3 (Prop_A6LUT_SLICEL_I2_O)
                                                      0.035     2.673 r  kernel_rd_raw_data_q[36]_i_1/O
                         net (fo=1, routed)           0.278     2.951    kernel_rd_raw_data_q[36]_i_1_n_0
    SLICE_X70Y195        FDCE                                         r  kernel_rd_raw_data_q_reg[36]/D
  -------------------------------------------------------------------    -------------------

                         (clock clk rise edge)        2.000     2.000 r  
                                                      0.000     2.000 r  clk (IN)
                         net (fo=33320, unset)        0.020     2.020    clk
    SLICE_X70Y195        FDCE                                         r  kernel_rd_raw_data_q_reg[36]/C
                         clock pessimism              0.000     2.020    
                         clock uncertainty           -0.035     1.985    
    SLICE_X70Y195        FDCE (Setup_GFF2_SLICEL_C_D)
                                                      0.025     2.010    kernel_rd_raw_data_q_reg[36]
  -------------------------------------------------------------------
                         required time                          2.010    
                         arrival time                          -2.951    
  -------------------------------------------------------------------
                         slack                                 -0.941    

Slack (VIOLATED) :        -0.941ns  (required time - arrival time)
  Source:                 lfnst_grid_reg[10][8]/C
                            (rising edge-triggered cell FDCE clocked by clk  {rise@0.000ns fall@1.000ns period=2.000ns})
  Destination:            u_unified_p4_kernel/input_mem_reg[0][60][8]/D
                            (rising edge-triggered cell FDRE clocked by clk  {rise@0.000ns fall@1.000ns period=2.000ns})
  Path Group:             clk
  Path Type:              Setup (Max at Slow Process Corner)
  Requirement:            2.000ns  (clk rise@2.000ns - clk rise@0.000ns)
  Data Path Delay:        2.920ns  (logic 0.574ns (19.655%)  route 2.346ns (80.345%))
  Logic Levels:           6  (LUT2=1 LUT3=1 LUT6=3 MUXF7=1)
  Clock Path Skew:        -0.010ns (DCD - SCD + CPR)
    Destination Clock Delay (DCD):    0.020ns = ( 2.020 - 2.000 ) 
    Source Clock Delay      (SCD):    0.030ns
    Clock Pessimism Removal (CPR):    0.000ns
  Clock Uncertainty:      0.035ns  ((TSJ^2 + TIJ^2)^1/2 + DJ) / 2 + PE
    Total System Jitter     (TSJ):    0.071ns
    Total Input Jitter      (TIJ):    0.000ns
    Discrete Jitter          (DJ):    0.000ns
    Phase Error              (PE):    0.000ns

    Location             Delay type                Incr(ns)  Path(ns)    Netlist Resource(s)
  -------------------------------------------------------------------    -------------------
                         (clock clk rise edge)        0.000     0.000 r  
                                                      0.000     0.000 r  clk (IN)
                         net (fo=33320, unset)        0.030     0.030    clk
    SLICE_X103Y77        FDCE                                         r  lfnst_grid_reg[10][8]/C
  -------------------------------------------------------------------    -------------------
    SLICE_X103Y77        FDCE (Prop_BFF_SLICEM_C_Q)
                                                      0.078     0.108 r  lfnst_grid_reg[10][8]/Q
                         net (fo=1, routed)           0.583     0.691    lfnst_grid_reg[10][8]
    SLICE_X98Y77         LUT6 (Prop_H6LUT_SLICEM_I1_O)
                                                      0.152     0.843 r  u_unified_p4_kernel_i_891/O
                         net (fo=1, routed)           0.014     0.857    u_unified_p4_kernel_i_891_n_0
    SLICE_X98Y77         MUXF7 (Prop_F7MUX_GH_SLICEM_I0_O)
                                                      0.066     0.923 r  u_unified_p4_kernel_i_687/O
                         net (fo=2, routed)           0.474     1.397    u_unified_p4_kernel_i_687_n_0
    SLICE_X93Y60         LUT3 (Prop_A6LUT_SLICEM_I0_O)
                                                      0.053     1.450 r  u_unified_p4_kernel_i_550/O
                         net (fo=2, routed)           0.049     1.499    u_unified_p4_kernel_i_550_n_0
    SLICE_X93Y60         LUT6 (Prop_C6LUT_SLICEM_I5_O)
                                                      0.037     1.536 r  u_unified_p4_kernel_i_406/O
                         net (fo=1, routed)           0.501     2.037    u_unified_p4_kernel_i_406_n_0
    SLICE_X86Y31         LUT2 (Prop_D6LUT_SLICEM_I1_O)
                                                      0.088     2.125 f  u_unified_p4_kernel_i_249/O
                         net (fo=1, routed)           0.042     2.167    u_unified_p4_kernel_i_249_n_0
    SLICE_X86Y31         LUT6 (Prop_G6LUT_SLICEM_I1_O)
                                                      0.100     2.267 r  u_unified_p4_kernel_i_58/O
                         net (fo=64, routed)          0.683     2.950    u_unified_p4_kernel/in_data[8]
    SLICE_X76Y20         FDRE                                         r  u_unified_p4_kernel/input_mem_reg[0][60][8]/D
  -------------------------------------------------------------------    -------------------

                         (clock clk rise edge)        2.000     2.000 r  
                                                      0.000     2.000 r  clk (IN)
                         net (fo=33320, unset)        0.020     2.020    u_unified_p4_kernel/clk
    SLICE_X76Y20         FDRE                                         r  u_unified_p4_kernel/input_mem_reg[0][60][8]/C
                         clock pessimism              0.000     2.020    
                         clock uncertainty           -0.035     1.985    
    SLICE_X76Y20         FDRE (Setup_DFF_SLICEL_C_D)
                                                      0.025     2.010    u_unified_p4_kernel/input_mem_reg[0][60][8]
  -------------------------------------------------------------------
                         required time                          2.010    
                         arrival time                          -2.950    
  -------------------------------------------------------------------
                         slack                                 -0.941    

Slack (VIOLATED) :        -0.940ns  (required time - arrival time)
  Source:                 u_unified_p4_kernel/slot_state_q_reg[0][1]/C
                            (rising edge-triggered cell FDCE clocked by clk  {rise@0.000ns fall@1.000ns period=2.000ns})
  Destination:            kernel_rd_raw_data_q_reg[45]/CE
                            (rising edge-triggered cell FDCE clocked by clk  {rise@0.000ns fall@1.000ns period=2.000ns})
  Path Group:             clk
  Path Type:              Setup (Max at Slow Process Corner)
  Requirement:            2.000ns  (clk rise@2.000ns - clk rise@0.000ns)
  Data Path Delay:        2.835ns  (logic 0.427ns (15.063%)  route 2.408ns (84.937%))
  Logic Levels:           5  (LUT4=1 LUT5=2 LUT6=2)
  Clock Path Skew:        -0.010ns (DCD - SCD + CPR)
    Destination Clock Delay (DCD):    0.020ns = ( 2.020 - 2.000 ) 
    Source Clock Delay      (SCD):    0.030ns
    Clock Pessimism Removal (CPR):    0.000ns
  Clock Uncertainty:      0.035ns  ((TSJ^2 + TIJ^2)^1/2 + DJ) / 2 + PE
    Total System Jitter     (TSJ):    0.071ns
    Total Input Jitter      (TIJ):    0.000ns
    Discrete Jitter          (DJ):    0.000ns
    Phase Error              (PE):    0.000ns

    Location             Delay type                Incr(ns)  Path(ns)    Netlist Resource(s)
  -------------------------------------------------------------------    -------------------
                         (clock clk rise edge)        0.000     0.000 r  
                                                      0.000     0.000 r  clk (IN)
                         net (fo=33320, unset)        0.030     0.030    u_unified_p4_kernel/clk
    SLICE_X92Y57         FDCE                                         r  u_unified_p4_kernel/slot_state_q_reg[0][1]/C
  -------------------------------------------------------------------    -------------------
    SLICE_X92Y57         FDCE (Prop_AFF_SLICEM_C_Q)
                                                      0.077     0.107 f  u_unified_p4_kernel/slot_state_q_reg[0][1]/Q
                         net (fo=3, routed)           0.147     0.254    u_unified_p4_kernel/slot_state_q_reg_n_0_[0][1]
    SLICE_X91Y56         LUT4 (Prop_A6LUT_SLICEL_I2_O)
                                                      0.098     0.352 r  u_unified_p4_kernel/input_group_fire_INST_0_i_10/O
                         net (fo=2, routed)           0.135     0.487    u_unified_p4_kernel/input_group_fire_INST_0_i_10_n_0
    SLICE_X91Y59         LUT5 (Prop_A6LUT_SLICEL_I2_O)
                                                      0.035     0.522 r  u_unified_p4_kernel/input_group_fire_INST_0_i_7/O
                         net (fo=1, routed)           0.215     0.737    u_unified_p4_kernel/free_found_c
    SLICE_X89Y62         LUT6 (Prop_H6LUT_SLICEM_I3_O)
                                                      0.039     0.776 r  u_unified_p4_kernel/input_group_fire_INST_0_i_3/O
                         net (fo=13, routed)          0.364     1.141    u_unified_p4_kernel/input_group_fire_INST_0_i_3_n_0
    SLICE_X88Y83         LUT6 (Prop_F6LUT_SLICEL_I3_O)
                                                      0.089     1.230 r  u_unified_p4_kernel/input_group_fire_INST_0_replica/O
                         net (fo=1, routed)           0.127     1.357    input_group_fire_repN_alias
    SLICE_X87Y83         LUT5 (Prop_F6LUT_SLICEL_I3_O)
                                                      0.089     1.446 r  kernel_rd_raw_valid_q[3]_i_1/O
                         net (fo=77, routed)          1.419     2.865    kernel_rd_raw_data_q[0]
    SLICE_X73Y202        FDCE                                         r  kernel_rd_raw_data_q_reg[45]/CE
  -------------------------------------------------------------------    -------------------

                         (clock clk rise edge)        2.000     2.000 r  
                                                      0.000     2.000 r  clk (IN)
                         net (fo=33320, unset)        0.020     2.020    clk
    SLICE_X73Y202        FDCE                                         r  kernel_rd_raw_data_q_reg[45]/C
                         clock pessimism              0.000     2.020    
                         clock uncertainty           -0.035     1.985    
    SLICE_X73Y202        FDCE (Setup_EFF2_SLICEL_C_CE)
                                                     -0.060     1.925    kernel_rd_raw_data_q_reg[45]
  -------------------------------------------------------------------
                         required time                          1.925    
                         arrival time                          -2.865    
  -------------------------------------------------------------------
                         slack                                 -0.940    

Slack (VIOLATED) :        -0.940ns  (required time - arrival time)
  Source:                 kernel_phase_q_reg[3]/C
                            (rising edge-triggered cell FDCE clocked by clk  {rise@0.000ns fall@1.000ns period=2.000ns})
  Destination:            u_unified_p4_kernel/input_mem_reg[1][53][10]/D
                            (rising edge-triggered cell FDRE clocked by clk  {rise@0.000ns fall@1.000ns period=2.000ns})
  Path Group:             clk
  Path Type:              Setup (Max at Slow Process Corner)
  Requirement:            2.000ns  (clk rise@2.000ns - clk rise@0.000ns)
  Data Path Delay:        2.922ns  (logic 0.524ns (17.936%)  route 2.398ns (82.064%))
  Logic Levels:           5  (LUT3=1 LUT6=4)
  Clock Path Skew:        -0.008ns (DCD - SCD + CPR)
    Destination Clock Delay (DCD):    0.020ns = ( 2.020 - 2.000 ) 
    Source Clock Delay      (SCD):    0.028ns
    Clock Pessimism Removal (CPR):    0.000ns
  Clock Uncertainty:      0.035ns  ((TSJ^2 + TIJ^2)^1/2 + DJ) / 2 + PE
    Total System Jitter     (TSJ):    0.071ns
    Total Input Jitter      (TIJ):    0.000ns
    Discrete Jitter          (DJ):    0.000ns
    Phase Error              (PE):    0.000ns

    Location             Delay type                Incr(ns)  Path(ns)    Netlist Resource(s)
  -------------------------------------------------------------------    -------------------
                         (clock clk rise edge)        0.000     0.000 r  
                                                      0.000     0.000 r  clk (IN)
                         net (fo=33320, unset)        0.028     0.028    clk
    SLICE_X87Y62         FDCE                                         r  kernel_phase_q_reg[3]/C
  -------------------------------------------------------------------    -------------------
    SLICE_X87Y62         FDCE (Prop_DFF_SLICEL_C_Q)
                                                      0.079     0.107 f  kernel_phase_q_reg[3]/Q
                         net (fo=29, routed)          0.212     0.319    kernel_phase_q_reg_n_0_[3]
    SLICE_X87Y62         LUT6 (Prop_F6LUT_SLICEL_I0_O)
                                                      0.097     0.416 r  u_unified_p4_kernel_i_1/O
                         net (fo=11, routed)          0.343     0.760    p_24_in
    SLICE_X88Y76         LUT6 (Prop_F6LUT_SLICEL_I5_O)
                                                      0.049     0.809 f  u_unified_p4_kernel_i_69/O
                         net (fo=9, routed)           0.264     1.073    u_unified_p4_kernel_i_69_n_0
    SLICE_X88Y66         LUT6 (Prop_B6LUT_SLICEL_I3_O)
                                                      0.124     1.197 r  u_unified_p4_kernel_i_2/O
                         net (fo=6, routed)           0.568     1.765    kernel_in_valid
    SLICE_X98Y35         LUT3 (Prop_B6LUT_SLICEM_I1_O)
                                                      0.052     1.817 r  u_unified_p4_kernel_i_177/O
                         net (fo=16, routed)          0.317     2.134    u_unified_p4_kernel_i_177_n_0
    SLICE_X100Y32        LUT6 (Prop_G6LUT_SLICEL_I4_O)
                                                      0.123     2.257 r  u_unified_p4_kernel_i_40/O
                         net (fo=64, routed)          0.693     2.950    u_unified_p4_kernel/in_data[26]
    SLICE_X108Y34        FDRE                                         r  u_unified_p4_kernel/input_mem_reg[1][53][10]/D
  -------------------------------------------------------------------    -------------------

                         (clock clk rise edge)        2.000     2.000 r  
                                                      0.000     2.000 r  clk (IN)
                         net (fo=33320, unset)        0.020     2.020    u_unified_p4_kernel/clk
    SLICE_X108Y34        FDRE                                         r  u_unified_p4_kernel/input_mem_reg[1][53][10]/C
                         clock pessimism              0.000     2.020    
                         clock uncertainty           -0.035     1.985    
    SLICE_X108Y34        FDRE (Setup_HFF_SLICEL_C_D)
                                                      0.025     2.010    u_unified_p4_kernel/input_mem_reg[1][53][10]
  -------------------------------------------------------------------
                         required time                          2.010    
                         arrival time                          -2.950    
  -------------------------------------------------------------------
                         slack                                 -0.940    

Slack (VIOLATED) :        -0.940ns  (required time - arrival time)
  Source:                 kernel_phase_q_reg[3]/C
                            (rising edge-triggered cell FDCE clocked by clk  {rise@0.000ns fall@1.000ns period=2.000ns})
  Destination:            u_unified_p4_kernel/input_mem_reg[2][25][14]/D
                            (rising edge-triggered cell FDRE clocked by clk  {rise@0.000ns fall@1.000ns period=2.000ns})
  Path Group:             clk
  Path Type:              Setup (Max at Slow Process Corner)
  Requirement:            2.000ns  (clk rise@2.000ns - clk rise@0.000ns)
  Data Path Delay:        2.922ns  (logic 0.491ns (16.802%)  route 2.431ns (83.198%))
  Logic Levels:           5  (LUT3=1 LUT6=4)
  Clock Path Skew:        -0.007ns (DCD - SCD + CPR)
    Destination Clock Delay (DCD):    0.021ns = ( 2.021 - 2.000 ) 
    Source Clock Delay      (SCD):    0.028ns
    Clock Pessimism Removal (CPR):    0.000ns
  Clock Uncertainty:      0.035ns  ((TSJ^2 + TIJ^2)^1/2 + DJ) / 2 + PE
    Total System Jitter     (TSJ):    0.071ns
    Total Input Jitter      (TIJ):    0.000ns
    Discrete Jitter          (DJ):    0.000ns
    Phase Error              (PE):    0.000ns

    Location             Delay type                Incr(ns)  Path(ns)    Netlist Resource(s)
  -------------------------------------------------------------------    -------------------
                         (clock clk rise edge)        0.000     0.000 r  
                                                      0.000     0.000 r  clk (IN)
                         net (fo=33320, unset)        0.028     0.028    clk
    SLICE_X87Y62         FDCE                                         r  kernel_phase_q_reg[3]/C
  -------------------------------------------------------------------    -------------------
    SLICE_X87Y62         FDCE (Prop_DFF_SLICEL_C_Q)
                                                      0.079     0.107 f  kernel_phase_q_reg[3]/Q
                         net (fo=29, routed)          0.212     0.319    kernel_phase_q_reg_n_0_[3]
    SLICE_X87Y62         LUT6 (Prop_F6LUT_SLICEL_I0_O)
                                                      0.097     0.416 r  u_unified_p4_kernel_i_1/O
                         net (fo=11, routed)          0.343     0.760    p_24_in
    SLICE_X88Y76         LUT6 (Prop_F6LUT_SLICEL_I5_O)
                                                      0.049     0.809 f  u_unified_p4_kernel_i_69/O
                         net (fo=9, routed)           0.264     1.073    u_unified_p4_kernel_i_69_n_0
    SLICE_X88Y66         LUT6 (Prop_B6LUT_SLICEL_I3_O)
                                                      0.124     1.197 r  u_unified_p4_kernel_i_2/O
                         net (fo=6, routed)           0.568     1.765    kernel_in_valid
    SLICE_X98Y35         LUT3 (Prop_B6LUT_SLICEM_I1_O)
                                                      0.052     1.817 r  u_unified_p4_kernel_i_177/O
                         net (fo=16, routed)          0.274     2.091    u_unified_p4_kernel_i_177_n_0
    SLICE_X100Y37        LUT6 (Prop_H6LUT_SLICEL_I4_O)
                                                      0.090     2.181 r  u_unified_p4_kernel_i_36/O
                         net (fo=64, routed)          0.769     2.950    u_unified_p4_kernel/in_data[30]
    SLICE_X106Y35        FDRE                                         r  u_unified_p4_kernel/input_mem_reg[2][25][14]/D
  -------------------------------------------------------------------    -------------------

                         (clock clk rise edge)        2.000     2.000 r  
                                                      0.000     2.000 r  clk (IN)
                         net (fo=33320, unset)        0.021     2.021    u_unified_p4_kernel/clk
    SLICE_X106Y35        FDRE                                         r  u_unified_p4_kernel/input_mem_reg[2][25][14]/C
                         clock pessimism              0.000     2.021    
                         clock uncertainty           -0.035     1.986    
    SLICE_X106Y35        FDRE (Setup_HFF2_SLICEM_C_D)
                                                      0.025     2.011    u_unified_p4_kernel/input_mem_reg[2][25][14]
  -------------------------------------------------------------------
                         required time                          2.011    
                         arrival time                          -2.950    
  -------------------------------------------------------------------
                         slack                                 -0.940    

Slack (VIOLATED) :        -0.939ns  (required time - arrival time)
  Source:                 lfnst_grid_reg[30][1]/C
                            (rising edge-triggered cell FDCE clocked by clk  {rise@0.000ns fall@1.000ns period=2.000ns})
  Destination:            u_unified_p4_kernel/input_mem_reg[0][26][1]/D
                            (rising edge-triggered cell FDRE clocked by clk  {rise@0.000ns fall@1.000ns period=2.000ns})
  Path Group:             clk
  Path Type:              Setup (Max at Slow Process Corner)
  Requirement:            2.000ns  (clk rise@2.000ns - clk rise@0.000ns)
  Data Path Delay:        2.922ns  (logic 0.667ns (22.827%)  route 2.255ns (77.173%))
  Logic Levels:           6  (LUT2=1 LUT3=1 LUT6=3 MUXF7=1)
  Clock Path Skew:        -0.007ns (DCD - SCD + CPR)
    Destination Clock Delay (DCD):    0.021ns = ( 2.021 - 2.000 ) 
    Source Clock Delay      (SCD):    0.028ns
    Clock Pessimism Removal (CPR):    0.000ns
  Clock Uncertainty:      0.035ns  ((TSJ^2 + TIJ^2)^1/2 + DJ) / 2 + PE
    Total System Jitter     (TSJ):    0.071ns
    Total Input Jitter      (TIJ):    0.000ns
    Discrete Jitter          (DJ):    0.000ns
    Phase Error              (PE):    0.000ns

    Location             Delay type                Incr(ns)  Path(ns)    Netlist Resource(s)
  -------------------------------------------------------------------    -------------------
                         (clock clk rise edge)        0.000     0.000 r  
                                                      0.000     0.000 r  clk (IN)
                         net (fo=33320, unset)        0.028     0.028    clk
    SLICE_X102Y81        FDCE                                         r  lfnst_grid_reg[30][1]/C
  -------------------------------------------------------------------    -------------------
    SLICE_X102Y81        FDCE (Prop_CFF_SLICEL_C_Q)
                                                      0.079     0.107 r  lfnst_grid_reg[30][1]/Q
                         net (fo=1, routed)           0.474     0.581    lfnst_grid_reg_n_0_[30][1]
    SLICE_X100Y77        LUT6 (Prop_G6LUT_SLICEL_I1_O)
                                                      0.123     0.704 r  u_unified_p4_kernel_i_1000/O
                         net (fo=1, routed)           0.008     0.712    u_unified_p4_kernel_i_1000_n_0
    SLICE_X100Y77        MUXF7 (Prop_F7MUX_GH_SLICEL_I1_O)
                                                      0.063     0.775 r  u_unified_p4_kernel_i_741/O
                         net (fo=2, routed)           0.435     1.210    u_unified_p4_kernel_i_741_n_0
    SLICE_X96Y63         LUT3 (Prop_A6LUT_SLICEM_I0_O)
                                                      0.053     1.263 r  u_unified_p4_kernel_i_577/O
                         net (fo=2, routed)           0.110     1.373    u_unified_p4_kernel_i_577_n_0
    SLICE_X96Y63         LUT6 (Prop_H6LUT_SLICEM_I4_O)
                                                      0.125     1.498 r  u_unified_p4_kernel_i_351/O
                         net (fo=1, routed)           0.526     2.024    u_unified_p4_kernel_i_351_n_0
    SLICE_X90Y29         LUT2 (Prop_G6LUT_SLICEM_I1_O)
                                                      0.123     2.147 f  u_unified_p4_kernel_i_168/O
                         net (fo=1, routed)           0.047     2.194    u_unified_p4_kernel_i_168_n_0
    SLICE_X90Y29         LUT6 (Prop_H6LUT_SLICEM_I1_O)
                                                      0.101     2.295 r  u_unified_p4_kernel_i_33/O
                         net (fo=64, routed)          0.655     2.950    u_unified_p4_kernel/in_data[33]
    SLICE_X82Y15         FDRE                                         r  u_unified_p4_kernel/input_mem_reg[0][26][1]/D
  -------------------------------------------------------------------    -------------------

                         (clock clk rise edge)        2.000     2.000 r  
                                                      0.000     2.000 r  clk (IN)
                         net (fo=33320, unset)        0.021     2.021    u_unified_p4_kernel/clk
    SLICE_X82Y15         FDRE                                         r  u_unified_p4_kernel/input_mem_reg[0][26][1]/C
                         clock pessimism              0.000     2.021    
                         clock uncertainty           -0.035     1.986    
    SLICE_X82Y15         FDRE (Setup_GFF_SLICEM_C_D)
                                                      0.025     2.011    u_unified_p4_kernel/input_mem_reg[0][26][1]
  -------------------------------------------------------------------
                         required time                          2.011    
                         arrival time                          -2.950    
  -------------------------------------------------------------------
                         slack                                 -0.939    

Slack (VIOLATED) :        -0.939ns  (required time - arrival time)
  Source:                 lfnst_grid_reg[10][8]/C
                            (rising edge-triggered cell FDCE clocked by clk  {rise@0.000ns fall@1.000ns period=2.000ns})
  Destination:            u_unified_p4_kernel/input_mem_reg[0][62][8]/D
                            (rising edge-triggered cell FDRE clocked by clk  {rise@0.000ns fall@1.000ns period=2.000ns})
  Path Group:             clk
  Path Type:              Setup (Max at Slow Process Corner)
  Requirement:            2.000ns  (clk rise@2.000ns - clk rise@0.000ns)
  Data Path Delay:        2.920ns  (logic 0.474ns (16.234%)  route 2.446ns (83.766%))
  Logic Levels:           6  (LUT2=1 LUT3=1 LUT6=3 MUXF7=1)
  Clock Path Skew:        -0.009ns (DCD - SCD + CPR)
    Destination Clock Delay (DCD):    0.021ns = ( 2.021 - 2.000 ) 
    Source Clock Delay      (SCD):    0.030ns
    Clock Pessimism Removal (CPR):    0.000ns
  Clock Uncertainty:      0.035ns  ((TSJ^2 + TIJ^2)^1/2 + DJ) / 2 + PE
    Total System Jitter     (TSJ):    0.071ns
    Total Input Jitter      (TIJ):    0.000ns
    Discrete Jitter          (DJ):    0.000ns
    Phase Error              (PE):    0.000ns

    Location             Delay type                Incr(ns)  Path(ns)    Netlist Resource(s)
  -------------------------------------------------------------------    -------------------
                         (clock clk rise edge)        0.000     0.000 r  
                                                      0.000     0.000 r  clk (IN)
                         net (fo=33320, unset)        0.030     0.030    clk
    SLICE_X103Y77        FDCE                                         r  lfnst_grid_reg[10][8]/C
  -------------------------------------------------------------------    -------------------
    SLICE_X103Y77        FDCE (Prop_BFF_SLICEM_C_Q)
                                                      0.078     0.108 r  lfnst_grid_reg[10][8]/Q
                         net (fo=1, routed)           0.583     0.691    lfnst_grid_reg[10][8]
    SLICE_X98Y77         LUT6 (Prop_H6LUT_SLICEM_I1_O)
                                                      0.152     0.843 r  u_unified_p4_kernel_i_891/O
                         net (fo=1, routed)           0.014     0.857    u_unified_p4_kernel_i_891_n_0
    SLICE_X98Y77         MUXF7 (Prop_F7MUX_GH_SLICEM_I0_O)
                                                      0.066     0.923 r  u_unified_p4_kernel_i_687/O
                         net (fo=2, routed)           0.474     1.397    u_unified_p4_kernel_i_687_n_0
    SLICE_X93Y60         LUT3 (Prop_A6LUT_SLICEM_I0_O)
                                                      0.053     1.450 r  u_unified_p4_kernel_i_550/O
                         net (fo=2, routed)           0.048     1.498    u_unified_p4_kernel_i_550_n_0
    SLICE_X93Y60         LUT6 (Prop_D6LUT_SLICEM_I5_O)
                                                      0.037     1.535 r  u_unified_p4_kernel_i_337/O
                         net (fo=1, routed)           0.351     1.886    u_unified_p4_kernel_i_337_n_0
    SLICE_X93Y36         LUT2 (Prop_F6LUT_SLICEM_I1_O)
                                                      0.037     1.923 f  u_unified_p4_kernel_i_147/O
                         net (fo=1, routed)           0.322     2.245    u_unified_p4_kernel_i_147_n_0
    SLICE_X92Y27         LUT6 (Prop_C6LUT_SLICEM_I1_O)
                                                      0.051     2.296 r  u_unified_p4_kernel_i_26/O
                         net (fo=64, routed)          0.654     2.950    u_unified_p4_kernel/in_data[40]
    SLICE_X81Y12         FDRE                                         r  u_unified_p4_kernel/input_mem_reg[0][62][8]/D
  -------------------------------------------------------------------    -------------------

                         (clock clk rise edge)        2.000     2.000 r  
                                                      0.000     2.000 r  clk (IN)
                         net (fo=33320, unset)        0.021     2.021    u_unified_p4_kernel/clk
    SLICE_X81Y12         FDRE                                         r  u_unified_p4_kernel/input_mem_reg[0][62][8]/C
                         clock pessimism              0.000     2.021    
                         clock uncertainty           -0.035     1.986    
    SLICE_X81Y12         FDRE (Setup_FFF2_SLICEM_C_D)
                                                      0.025     2.011    u_unified_p4_kernel/input_mem_reg[0][62][8]
  -------------------------------------------------------------------
                         required time                          2.011    
                         arrival time                          -2.950    
  -------------------------------------------------------------------
                         slack                                 -0.939    

Slack (VIOLATED) :        -0.939ns  (required time - arrival time)
  Source:                 lfnst_grid_reg[20][14]/C
                            (rising edge-triggered cell FDCE clocked by clk  {rise@0.000ns fall@1.000ns period=2.000ns})
  Destination:            u_unified_p4_kernel/input_mem_reg[2][18][14]/D
                            (rising edge-triggered cell FDRE clocked by clk  {rise@0.000ns fall@1.000ns period=2.000ns})
  Path Group:             clk
  Path Type:              Setup (Max at Slow Process Corner)
  Requirement:            2.000ns  (clk rise@2.000ns - clk rise@0.000ns)
  Data Path Delay:        2.918ns  (logic 0.546ns (18.710%)  route 2.372ns (81.290%))
  Logic Levels:           6  (LUT2=1 LUT3=1 LUT6=3 MUXF7=1)
  Clock Path Skew:        -0.010ns (DCD - SCD + CPR)
    Destination Clock Delay (DCD):    0.020ns = ( 2.020 - 2.000 ) 
    Source Clock Delay      (SCD):    0.030ns
    Clock Pessimism Removal (CPR):    0.000ns
  Clock Uncertainty:      0.035ns  ((TSJ^2 + TIJ^2)^1/2 + DJ) / 2 + PE
    Total System Jitter     (TSJ):    0.071ns
    Total Input Jitter      (TIJ):    0.000ns
    Discrete Jitter          (DJ):    0.000ns
    Phase Error              (PE):    0.000ns

    Location             Delay type                Incr(ns)  Path(ns)    Netlist Resource(s)
  -------------------------------------------------------------------    -------------------
                         (clock clk rise edge)        0.000     0.000 r  
                                                      0.000     0.000 r  clk (IN)
                         net (fo=33320, unset)        0.030     0.030    clk
    SLICE_X103Y71        FDCE                                         r  lfnst_grid_reg[20][14]/C
  -------------------------------------------------------------------    -------------------
    SLICE_X103Y71        FDCE (Prop_FFF_SLICEM_C_Q)
                                                      0.076     0.106 r  lfnst_grid_reg[20][14]/Q
                         net (fo=1, routed)           0.549     0.655    lfnst_grid_reg_n_0_[20][14]
    SLICE_X99Y70         LUT6 (Prop_C6LUT_SLICEL_I5_O)
                                                      0.123     0.778 r  u_unified_p4_kernel_i_794/O
                         net (fo=1, routed)           0.010     0.788    u_unified_p4_kernel_i_794_n_0
    SLICE_X99Y70         MUXF7 (Prop_F7MUX_CD_SLICEL_I1_O)
                                                      0.064     0.852 r  u_unified_p4_kernel_i_638/O
                         net (fo=3, routed)           0.346     1.198    u_unified_p4_kernel_i_638_n_0
    SLICE_X101Y75        LUT3 (Prop_A6LUT_SLICEM_I2_O)
                                                      0.090     1.288 r  u_unified_p4_kernel_i_525/O
                         net (fo=1, routed)           0.437     1.725    u_unified_p4_kernel_i_525_n_0
    SLICE_X92Y54         LUT6 (Prop_F6LUT_SLICEM_I4_O)
                                                      0.051     1.776 r  u_unified_p4_kernel_i_325/O
                         net (fo=1, routed)           0.335     2.111    u_unified_p4_kernel_i_325_n_0
    SLICE_X92Y27         LUT2 (Prop_E6LUT_SLICEM_I1_O)
                                                      0.052     2.163 f  u_unified_p4_kernel_i_129/O
                         net (fo=1, routed)           0.091     2.254    u_unified_p4_kernel_i_129_n_0
    SLICE_X92Y27         LUT6 (Prop_H6LUT_SLICEM_I1_O)
                                                      0.090     2.344 r  u_unified_p4_kernel_i_20/O
                         net (fo=64, routed)          0.604     2.948    u_unified_p4_kernel/in_data[46]
    SLICE_X84Y14         FDRE                                         r  u_unified_p4_kernel/input_mem_reg[2][18][14]/D
  -------------------------------------------------------------------    -------------------

                         (clock clk rise edge)        2.000     2.000 r  
                                                      0.000     2.000 r  clk (IN)
                         net (fo=33320, unset)        0.020     2.020    u_unified_p4_kernel/clk
    SLICE_X84Y14         FDRE                                         r  u_unified_p4_kernel/input_mem_reg[2][18][14]/C
                         clock pessimism              0.000     2.020    
                         clock uncertainty           -0.035     1.985    
    SLICE_X84Y14         FDRE (Setup_GFF2_SLICEL_C_D)
                                                      0.025     2.010    u_unified_p4_kernel/input_mem_reg[2][18][14]
  -------------------------------------------------------------------
                         required time                          2.010    
                         arrival time                          -2.948    
  -------------------------------------------------------------------
                         slack                                 -0.939    

Slack (VIOLATED) :        -0.938ns  (required time - arrival time)
  Source:                 lfnst_grid_reg[20][14]/C
                            (rising edge-triggered cell FDCE clocked by clk  {rise@0.000ns fall@1.000ns period=2.000ns})
  Destination:            u_unified_p4_kernel/input_mem_reg[2][46][14]/D
                            (rising edge-triggered cell FDRE clocked by clk  {rise@0.000ns fall@1.000ns period=2.000ns})
  Path Group:             clk
  Path Type:              Setup (Max at Slow Process Corner)
  Requirement:            2.000ns  (clk rise@2.000ns - clk rise@0.000ns)
  Data Path Delay:        2.919ns  (logic 0.546ns (18.704%)  route 2.373ns (81.296%))
  Logic Levels:           6  (LUT2=1 LUT3=1 LUT6=3 MUXF7=1)
  Clock Path Skew:        -0.009ns (DCD - SCD + CPR)
    Destination Clock Delay (DCD):    0.021ns = ( 2.021 - 2.000 ) 
    Source Clock Delay      (SCD):    0.030ns
    Clock Pessimism Removal (CPR):    0.000ns
  Clock Uncertainty:      0.035ns  ((TSJ^2 + TIJ^2)^1/2 + DJ) / 2 + PE
    Total System Jitter     (TSJ):    0.071ns
    Total Input Jitter      (TIJ):    0.000ns
    Discrete Jitter          (DJ):    0.000ns
    Phase Error              (PE):    0.000ns

    Location             Delay type                Incr(ns)  Path(ns)    Netlist Resource(s)
  -------------------------------------------------------------------    -------------------
                         (clock clk rise edge)        0.000     0.000 r  
                                                      0.000     0.000 r  clk (IN)
                         net (fo=33320, unset)        0.030     0.030    clk
    SLICE_X103Y71        FDCE                                         r  lfnst_grid_reg[20][14]/C
  -------------------------------------------------------------------    -------------------
    SLICE_X103Y71        FDCE (Prop_FFF_SLICEM_C_Q)
                                                      0.076     0.106 r  lfnst_grid_reg[20][14]/Q
                         net (fo=1, routed)           0.549     0.655    lfnst_grid_reg_n_0_[20][14]
    SLICE_X99Y70         LUT6 (Prop_C6LUT_SLICEL_I5_O)
                                                      0.123     0.778 r  u_unified_p4_kernel_i_794/O
                         net (fo=1, routed)           0.010     0.788    u_unified_p4_kernel_i_794_n_0
    SLICE_X99Y70         MUXF7 (Prop_F7MUX_CD_SLICEL_I1_O)
                                                      0.064     0.852 r  u_unified_p4_kernel_i_638/O
                         net (fo=3, routed)           0.346     1.198    u_unified_p4_kernel_i_638_n_0
    SLICE_X101Y75        LUT3 (Prop_A6LUT_SLICEM_I2_O)
                                                      0.090     1.288 r  u_unified_p4_kernel_i_525/O
                         net (fo=1, routed)           0.437     1.725    u_unified_p4_kernel_i_525_n_0
    SLICE_X92Y54         LUT6 (Prop_F6LUT_SLICEM_I4_O)
                                                      0.051     1.776 r  u_unified_p4_kernel_i_325/O
                         net (fo=1, routed)           0.335     2.111    u_unified_p4_kernel_i_325_n_0
    SLICE_X92Y27         LUT2 (Prop_E6LUT_SLICEM_I1_O)
                                                      0.052     2.163 f  u_unified_p4_kernel_i_129/O
                         net (fo=1, routed)           0.091     2.254    u_unified_p4_kernel_i_129_n_0
    SLICE_X92Y27         LUT6 (Prop_H6LUT_SLICEM_I1_O)
                                                      0.090     2.344 r  u_unified_p4_kernel_i_20/O
                         net (fo=64, routed)          0.605     2.949    u_unified_p4_kernel/in_data[46]
    SLICE_X86Y22         FDRE                                         r  u_unified_p4_kernel/input_mem_reg[2][46][14]/D
  -------------------------------------------------------------------    -------------------

                         (clock clk rise edge)        2.000     2.000 r  
                                                      0.000     2.000 r  clk (IN)
                         net (fo=33320, unset)        0.021     2.021    u_unified_p4_kernel/clk
    SLICE_X86Y22         FDRE                                         r  u_unified_p4_kernel/input_mem_reg[2][46][14]/C
                         clock pessimism              0.000     2.021    
                         clock uncertainty           -0.035     1.986    
    SLICE_X86Y22         FDRE (Setup_FFF_SLICEM_C_D)
                                                      0.025     2.011    u_unified_p4_kernel/input_mem_reg[2][46][14]
  -------------------------------------------------------------------
                         required time                          2.011    
                         arrival time                          -2.949    
  -------------------------------------------------------------------
                         slack                                 -0.938    

Slack (VIOLATED) :        -0.938ns  (required time - arrival time)
  Source:                 u_bounded_lfnst_engine/coeff_bundle_q_reg[182]/C
                            (rising edge-triggered cell FDCE clocked by clk  {rise@0.000ns fall@1.000ns period=2.000ns})
  Destination:            u_bounded_lfnst_engine/products_q_reg[11][8]/D
                            (rising edge-triggered cell FDCE clocked by clk  {rise@0.000ns fall@1.000ns period=2.000ns})
  Path Group:             clk
  Path Type:              Setup (Max at Slow Process Corner)
  Requirement:            2.000ns  (clk rise@2.000ns - clk rise@0.000ns)
  Data Path Delay:        2.919ns  (logic 1.629ns (55.807%)  route 1.290ns (44.193%))
  Logic Levels:           7  (DSP_A_B_DATA=1 DSP_ALU=1 DSP_M_DATA=1 DSP_MULTIPLIER=1 DSP_OUTPUT=1 DSP_PREADD_DATA=1 LUT3=1)
  Clock Path Skew:        -0.009ns (DCD - SCD + CPR)
    Destination Clock Delay (DCD):    0.021ns = ( 2.021 - 2.000 ) 
    Source Clock Delay      (SCD):    0.030ns
    Clock Pessimism Removal (CPR):    0.000ns
  Clock Uncertainty:      0.035ns  ((TSJ^2 + TIJ^2)^1/2 + DJ) / 2 + PE
    Total System Jitter     (TSJ):    0.071ns
    Total Input Jitter      (TIJ):    0.000ns
    Discrete Jitter          (DJ):    0.000ns
    Phase Error              (PE):    0.000ns

    Location             Delay type                Incr(ns)  Path(ns)    Netlist Resource(s)
  -------------------------------------------------------------------    -------------------
                         (clock clk rise edge)        0.000     0.000 r  
                                                      0.000     0.000 r  clk (IN)
                         net (fo=33320, unset)        0.030     0.030    u_bounded_lfnst_engine/clk
    SLICE_X101Y109       FDCE                                         r  u_bounded_lfnst_engine/coeff_bundle_q_reg[182]/C
  -------------------------------------------------------------------    -------------------
    SLICE_X101Y109       FDCE (Prop_DFF_SLICEM_C_Q)
                                                      0.078     0.108 f  u_bounded_lfnst_engine/coeff_bundle_q_reg[182]/Q
                         net (fo=1, routed)           0.641     0.749    u_bounded_lfnst_engine/p_0_out__3/A[6]
    DSP48E2_X17Y44       DSP_A_B_DATA (Prop_DSP_A_B_DATA_DSP48E2_A[6]_A2_DATA[6])
                                                      0.192     0.941 r  u_bounded_lfnst_engine/p_0_out__3/DSP_A_B_DATA_INST/A2_DATA[6]
                         net (fo=1, routed)           0.000     0.941    u_bounded_lfnst_engine/p_0_out__3/DSP_A_B_DATA.A2_DATA<6>
    DSP48E2_X17Y44       DSP_PREADD_DATA (Prop_DSP_PREADD_DATA_DSP48E2_A2_DATA[6]_A2A1[6])
                                                      0.076     1.017 r  u_bounded_lfnst_engine/p_0_out__3/DSP_PREADD_DATA_INST/A2A1[6]
                         net (fo=1, routed)           0.000     1.017    u_bounded_lfnst_engine/p_0_out__3/DSP_PREADD_DATA.A2A1<6>
    DSP48E2_X17Y44       DSP_MULTIPLIER (Prop_DSP_MULTIPLIER_DSP48E2_A2A1[6]_U[8])
                                                      0.505     1.522 f  u_bounded_lfnst_engine/p_0_out__3/DSP_MULTIPLIER_INST/U[8]
                         net (fo=1, routed)           0.000     1.522    u_bounded_lfnst_engine/p_0_out__3/DSP_MULTIPLIER.U<8>
    DSP48E2_X17Y44       DSP_M_DATA (Prop_DSP_M_DATA_DSP48E2_U[8]_U_DATA[8])
                                                      0.047     1.569 r  u_bounded_lfnst_engine/p_0_out__3/DSP_M_DATA_INST/U_DATA[8]
                         net (fo=1, routed)           0.000     1.569    u_bounded_lfnst_engine/p_0_out__3/DSP_M_DATA.U_DATA<8>
    DSP48E2_X17Y44       DSP_ALU (Prop_DSP_ALU_DSP48E2_U_DATA[8]_ALU_OUT[8])
                                                      0.585     2.154 f  u_bounded_lfnst_engine/p_0_out__3/DSP_ALU_INST/ALU_OUT[8]
                         net (fo=1, routed)           0.000     2.154    u_bounded_lfnst_engine/p_0_out__3/DSP_ALU.ALU_OUT<8>
    DSP48E2_X17Y44       DSP_OUTPUT (Prop_DSP_OUTPUT_DSP48E2_ALU_OUT[8]_P[8])
                                                      0.109     2.263 r  u_bounded_lfnst_engine/p_0_out__3/DSP_OUTPUT_INST/P[8]
                         net (fo=1, routed)           0.583     2.846    u_bounded_lfnst_engine/p_0_out__3_n_97
    SLICE_X101Y111       LUT3 (Prop_C6LUT_SLICEM_I2_O)
                                                      0.037     2.883 r  u_bounded_lfnst_engine/products_q[11][8]_i_1/O
                         net (fo=1, routed)           0.066     2.949    u_bounded_lfnst_engine/products_c[11][8]
    SLICE_X101Y111       FDCE                                         r  u_bounded_lfnst_engine/products_q_reg[11][8]/D
  -------------------------------------------------------------------    -------------------

                         (clock clk rise edge)        2.000     2.000 r  
                                                      0.000     2.000 r  clk (IN)
                         net (fo=33320, unset)        0.021     2.021    u_bounded_lfnst_engine/clk
    SLICE_X101Y111       FDCE                                         r  u_bounded_lfnst_engine/products_q_reg[11][8]/C
                         clock pessimism              0.000     2.021    
                         clock uncertainty           -0.035     1.986    
    SLICE_X101Y111       FDCE (Setup_CFF_SLICEM_C_D)
                                                      0.025     2.011    u_bounded_lfnst_engine/products_q_reg[11][8]
  -------------------------------------------------------------------
                         required time                          2.011    
                         arrival time                          -2.949    
  -------------------------------------------------------------------
                         slack                                 -0.938    

Slack (VIOLATED) :        -0.938ns  (required time - arrival time)
  Source:                 kernel_vector_q_reg[0]_rep__0/C
                            (rising edge-triggered cell FDCE clocked by clk  {rise@0.000ns fall@1.000ns period=2.000ns})
  Destination:            u_unified_p4_kernel/input_mem_reg[2][31][12]/D
                            (rising edge-triggered cell FDRE clocked by clk  {rise@0.000ns fall@1.000ns period=2.000ns})
  Path Group:             clk
  Path Type:              Setup (Max at Slow Process Corner)
  Requirement:            2.000ns  (clk rise@2.000ns - clk rise@0.000ns)
  Data Path Delay:        2.919ns  (logic 0.500ns (17.130%)  route 2.419ns (82.870%))
  Logic Levels:           6  (LUT2=1 LUT3=1 LUT6=3 MUXF7=1)
  Clock Path Skew:        -0.009ns (DCD - SCD + CPR)
    Destination Clock Delay (DCD):    0.021ns = ( 2.021 - 2.000 ) 
    Source Clock Delay      (SCD):    0.030ns
    Clock Pessimism Removal (CPR):    0.000ns
  Clock Uncertainty:      0.035ns  ((TSJ^2 + TIJ^2)^1/2 + DJ) / 2 + PE
    Total System Jitter     (TSJ):    0.071ns
    Total Input Jitter      (TIJ):    0.000ns
    Discrete Jitter          (DJ):    0.000ns
    Phase Error              (PE):    0.000ns

    Location             Delay type                Incr(ns)  Path(ns)    Netlist Resource(s)
  -------------------------------------------------------------------    -------------------
                         (clock clk rise edge)        0.000     0.000 r  
                                                      0.000     0.000 r  clk (IN)
                         net (fo=33320, unset)        0.030     0.030    clk
    SLICE_X101Y76        FDCE                                         r  kernel_vector_q_reg[0]_rep__0/C
  -------------------------------------------------------------------    -------------------
    SLICE_X101Y76        FDCE (Prop_AFF2_SLICEM_C_Q)
                                                      0.080     0.110 r  kernel_vector_q_reg[0]_rep__0/Q
                         net (fo=96, routed)          0.493     0.603    kernel_vector_q_reg[0]_rep__0_n_0
    SLICE_X103Y74        LUT6 (Prop_D6LUT_SLICEM_I4_O)
                                                      0.122     0.725 r  u_unified_p4_kernel_i_829/O
                         net (fo=1, routed)           0.025     0.750    u_unified_p4_kernel_i_829_n_0
    SLICE_X103Y74        MUXF7 (Prop_F7MUX_CD_SLICEM_I0_O)
                                                      0.069     0.819 r  u_unified_p4_kernel_i_656/O
                         net (fo=2, routed)           0.526     1.345    u_unified_p4_kernel_i_656_n_0
    SLICE_X100Y62        LUT3 (Prop_E6LUT_SLICEL_I2_O)
                                                      0.123     1.468 r  u_unified_p4_kernel_i_463/O
                         net (fo=2, routed)           0.190     1.658    u_unified_p4_kernel_i_463_n_0
    SLICE_X99Y60         LUT6 (Prop_D6LUT_SLICEL_I5_O)
                                                      0.036     1.694 r  u_unified_p4_kernel_i_290/O
                         net (fo=1, routed)           0.038     1.732    lfnst_grid[12]
    SLICE_X99Y60         LUT2 (Prop_F6LUT_SLICEL_I1_O)
                                                      0.035     1.767 f  u_unified_p4_kernel_i_84/O
                         net (fo=1, routed)           0.310     2.077    u_unified_p4_kernel_i_84_n_0
    SLICE_X99Y32         LUT6 (Prop_F6LUT_SLICEL_I1_O)
                                                      0.035     2.112 r  u_unified_p4_kernel_i_6/O
                         net (fo=60, routed)          0.837     2.949    u_unified_p4_kernel/in_data[60]
    SLICE_X103Y21        FDRE                                         r  u_unified_p4_kernel/input_mem_reg[2][31][12]/D
  -------------------------------------------------------------------    -------------------

                         (clock clk rise edge)        2.000     2.000 r  
                                                      0.000     2.000 r  clk (IN)
                         net (fo=33320, unset)        0.021     2.021    u_unified_p4_kernel/clk
    SLICE_X103Y21        FDRE                                         r  u_unified_p4_kernel/input_mem_reg[2][31][12]/C
                         clock pessimism              0.000     2.021    
                         clock uncertainty           -0.035     1.986    
    SLICE_X103Y21        FDRE (Setup_CFF2_SLICEM_C_D)
                                                      0.025     2.011    u_unified_p4_kernel/input_mem_reg[2][31][12]
  -------------------------------------------------------------------
                         required time                          2.011    
                         arrival time                          -2.949    
  -------------------------------------------------------------------
                         slack                                 -0.938    

Slack (VIOLATED) :        -0.938ns  (required time - arrival time)
  Source:                 kernel_vector_q_reg[0]_rep__0/C
                            (rising edge-triggered cell FDCE clocked by clk  {rise@0.000ns fall@1.000ns period=2.000ns})
  Destination:            u_unified_p4_kernel/input_mem_reg[1][50][12]/D
                            (rising edge-triggered cell FDRE clocked by clk  {rise@0.000ns fall@1.000ns period=2.000ns})
  Path Group:             clk
  Path Type:              Setup (Max at Slow Process Corner)
  Requirement:            2.000ns  (clk rise@2.000ns - clk rise@0.000ns)
  Data Path Delay:        2.918ns  (logic 0.461ns (15.801%)  route 2.457ns (84.199%))
  Logic Levels:           6  (LUT2=1 LUT3=1 LUT6=3 MUXF7=1)
  Clock Path Skew:        -0.010ns (DCD - SCD + CPR)
    Destination Clock Delay (DCD):    0.020ns = ( 2.020 - 2.000 ) 
    Source Clock Delay      (SCD):    0.030ns
    Clock Pessimism Removal (CPR):    0.000ns
  Clock Uncertainty:      0.035ns  ((TSJ^2 + TIJ^2)^1/2 + DJ) / 2 + PE
    Total System Jitter     (TSJ):    0.071ns
    Total Input Jitter      (TIJ):    0.000ns
    Discrete Jitter          (DJ):    0.000ns
    Phase Error              (PE):    0.000ns

    Location             Delay type                Incr(ns)  Path(ns)    Netlist Resource(s)
  -------------------------------------------------------------------    -------------------
                         (clock clk rise edge)        0.000     0.000 r  
                                                      0.000     0.000 r  clk (IN)
                         net (fo=33320, unset)        0.030     0.030    clk
    SLICE_X101Y76        FDCE                                         r  kernel_vector_q_reg[0]_rep__0/C
  -------------------------------------------------------------------    -------------------
    SLICE_X101Y76        FDCE (Prop_AFF2_SLICEM_C_Q)
                                                      0.080     0.110 r  kernel_vector_q_reg[0]_rep__0/Q
                         net (fo=96, routed)          0.564     0.674    kernel_vector_q_reg[0]_rep__0_n_0
    SLICE_X103Y80        LUT6 (Prop_F6LUT_SLICEM_I4_O)
                                                      0.037     0.711 r  u_unified_p4_kernel_i_827/O
                         net (fo=1, routed)           0.023     0.734    u_unified_p4_kernel_i_827_n_0
    SLICE_X103Y80        MUXF7 (Prop_F7MUX_EF_SLICEM_I0_O)
                                                      0.068     0.802 r  u_unified_p4_kernel_i_655/O
                         net (fo=2, routed)           0.726     1.528    u_unified_p4_kernel_i_655_n_0
    SLICE_X95Y40         LUT3 (Prop_F6LUT_SLICEM_I0_O)
                                                      0.051     1.579 r  u_unified_p4_kernel_i_534/O
                         net (fo=2, routed)           0.213     1.792    u_unified_p4_kernel_i_534_n_0
    SLICE_X94Y36         LUT6 (Prop_F6LUT_SLICEL_I5_O)
                                                      0.123     1.915 r  u_unified_p4_kernel_i_329/O
                         net (fo=1, routed)           0.092     2.007    u_unified_p4_kernel_i_329_n_0
    SLICE_X95Y36         LUT2 (Prop_E6LUT_SLICEM_I1_O)
                                                      0.052     2.059 f  u_unified_p4_kernel_i_135/O
                         net (fo=2, routed)           0.293     2.352    u_unified_p4_kernel_i_135_n_0
    SLICE_X91Y30         LUT6 (Prop_C6LUT_SLICEL_I1_O)
                                                      0.050     2.402 r  u_unified_p4_kernel_i_22/O
                         net (fo=45, routed)          0.546     2.948    u_unified_p4_kernel/in_data[44]
    SLICE_X85Y17         FDRE                                         r  u_unified_p4_kernel/input_mem_reg[1][50][12]/D
  -------------------------------------------------------------------    -------------------

                         (clock clk rise edge)        2.000     2.000 r  
                                                      0.000     2.000 r  clk (IN)
                         net (fo=33320, unset)        0.020     2.020    u_unified_p4_kernel/clk
    SLICE_X85Y17         FDRE                                         r  u_unified_p4_kernel/input_mem_reg[1][50][12]/C
                         clock pessimism              0.000     2.020    
                         clock uncertainty           -0.035     1.985    
    SLICE_X85Y17         FDRE (Setup_HFF2_SLICEL_C_D)
                                                      0.025     2.010    u_unified_p4_kernel/input_mem_reg[1][50][12]
  -------------------------------------------------------------------
                         required time                          2.010    
                         arrival time                          -2.948    
  -------------------------------------------------------------------
                         slack                                 -0.938    

Slack (VIOLATED) :        -0.938ns  (required time - arrival time)
  Source:                 lfnst_grid_reg[20][14]/C
                            (rising edge-triggered cell FDCE clocked by clk  {rise@0.000ns fall@1.000ns period=2.000ns})
  Destination:            u_unified_p4_kernel/input_mem_reg[2][58][14]/D
                            (rising edge-triggered cell FDRE clocked by clk  {rise@0.000ns fall@1.000ns period=2.000ns})
  Path Group:             clk
  Path Type:              Setup (Max at Slow Process Corner)
  Requirement:            2.000ns  (clk rise@2.000ns - clk rise@0.000ns)
  Data Path Delay:        2.918ns  (logic 0.546ns (18.714%)  route 2.372ns (81.286%))
  Logic Levels:           6  (LUT2=1 LUT3=1 LUT6=3 MUXF7=1)
  Clock Path Skew:        -0.010ns (DCD - SCD + CPR)
    Destination Clock Delay (DCD):    0.020ns = ( 2.020 - 2.000 ) 
    Source Clock Delay      (SCD):    0.030ns
    Clock Pessimism Removal (CPR):    0.000ns
  Clock Uncertainty:      0.035ns  ((TSJ^2 + TIJ^2)^1/2 + DJ) / 2 + PE
    Total System Jitter     (TSJ):    0.071ns
    Total Input Jitter      (TIJ):    0.000ns
    Discrete Jitter          (DJ):    0.000ns
    Phase Error              (PE):    0.000ns

    Location             Delay type                Incr(ns)  Path(ns)    Netlist Resource(s)
  -------------------------------------------------------------------    -------------------
                         (clock clk rise edge)        0.000     0.000 r  
                                                      0.000     0.000 r  clk (IN)
                         net (fo=33320, unset)        0.030     0.030    clk
    SLICE_X103Y71        FDCE                                         r  lfnst_grid_reg[20][14]/C
  -------------------------------------------------------------------    -------------------
    SLICE_X103Y71        FDCE (Prop_FFF_SLICEM_C_Q)
                                                      0.076     0.106 r  lfnst_grid_reg[20][14]/Q
                         net (fo=1, routed)           0.549     0.655    lfnst_grid_reg_n_0_[20][14]
    SLICE_X99Y70         LUT6 (Prop_C6LUT_SLICEL_I5_O)
                                                      0.123     0.778 r  u_unified_p4_kernel_i_794/O
                         net (fo=1, routed)           0.010     0.788    u_unified_p4_kernel_i_794_n_0
    SLICE_X99Y70         MUXF7 (Prop_F7MUX_CD_SLICEL_I1_O)
                                                      0.064     0.852 r  u_unified_p4_kernel_i_638/O
                         net (fo=3, routed)           0.346     1.198    u_unified_p4_kernel_i_638_n_0
    SLICE_X101Y75        LUT3 (Prop_A6LUT_SLICEM_I2_O)
                                                      0.090     1.288 r  u_unified_p4_kernel_i_525/O
                         net (fo=1, routed)           0.437     1.725    u_unified_p4_kernel_i_525_n_0
    SLICE_X92Y54         LUT6 (Prop_F6LUT_SLICEM_I4_O)
                                                      0.051     1.776 r  u_unified_p4_kernel_i_325/O
                         net (fo=1, routed)           0.335     2.111    u_unified_p4_kernel_i_325_n_0
    SLICE_X92Y27         LUT2 (Prop_E6LUT_SLICEM_I1_O)
                                                      0.052     2.163 f  u_unified_p4_kernel_i_129/O
                         net (fo=1, routed)           0.091     2.254    u_unified_p4_kernel_i_129_n_0
    SLICE_X92Y27         LUT6 (Prop_H6LUT_SLICEM_I1_O)
                                                      0.090     2.344 r  u_unified_p4_kernel_i_20/O
                         net (fo=64, routed)          0.604     2.948    u_unified_p4_kernel/in_data[46]
    SLICE_X84Y22         FDRE                                         r  u_unified_p4_kernel/input_mem_reg[2][58][14]/D
  -------------------------------------------------------------------    -------------------

                         (clock clk rise edge)        2.000     2.000 r  
                                                      0.000     2.000 r  clk (IN)
                         net (fo=33320, unset)        0.020     2.020    u_unified_p4_kernel/clk
    SLICE_X84Y22         FDRE                                         r  u_unified_p4_kernel/input_mem_reg[2][58][14]/C
                         clock pessimism              0.000     2.020    
                         clock uncertainty           -0.035     1.985    
    SLICE_X84Y22         FDRE (Setup_GFF_SLICEL_C_D)
                                                      0.025     2.010    u_unified_p4_kernel/input_mem_reg[2][58][14]
  -------------------------------------------------------------------
                         required time                          2.010    
                         arrival time                          -2.948    
  -------------------------------------------------------------------
                         slack                                 -0.938    

Slack (VIOLATED) :        -0.937ns  (required time - arrival time)
  Source:                 fill_slot_reg/C
                            (rising edge-triggered cell FDCE clocked by clk  {rise@0.000ns fall@1.000ns period=2.000ns})
  Destination:            gen_input_slots[0].gen_input_banks[0].u_input_cache_bank/data_mem_reg_960_1023_14_15/RAMA/WE
                            (rising edge-triggered cell RAMD64E clocked by clk  {rise@0.000ns fall@1.000ns period=2.000ns})
  Path Group:             clk
  Path Type:              Setup (Max at Slow Process Corner)
  Requirement:            2.000ns  (clk rise@2.000ns - clk rise@0.000ns)
  Data Path Delay:        2.736ns  (logic 0.566ns (20.687%)  route 2.170ns (79.313%))
  Logic Levels:           5  (LUT3=1 LUT5=2 LUT6=2)
  Clock Path Skew:        0.014ns (DCD - SCD + CPR)
    Destination Clock Delay (DCD):    0.043ns = ( 2.043 - 2.000 ) 
    Source Clock Delay      (SCD):    0.029ns
    Clock Pessimism Removal (CPR):    0.000ns
  Clock Uncertainty:      0.035ns  ((TSJ^2 + TIJ^2)^1/2 + DJ) / 2 + PE
    Total System Jitter     (TSJ):    0.071ns
    Total Input Jitter      (TIJ):    0.000ns
    Discrete Jitter          (DJ):    0.000ns
    Phase Error              (PE):    0.000ns

    Location             Delay type                Incr(ns)  Path(ns)    Netlist Resource(s)
  -------------------------------------------------------------------    -------------------
                         (clock clk rise edge)        0.000     0.000 r  
                                                      0.000     0.000 r  clk (IN)
                         net (fo=33320, unset)        0.029     0.029    clk
    SLICE_X77Y156        FDCE                                         r  fill_slot_reg/C
  -------------------------------------------------------------------    -------------------
    SLICE_X77Y156        FDCE (Prop_FFF_SLICEL_C_Q)
                                                      0.079     0.108 r  fill_slot_reg/Q
                         net (fo=299, routed)         0.177     0.285    fill_slot
    SLICE_X77Y154        LUT3 (Prop_D6LUT_SLICEL_I1_O)
                                                      0.050     0.335 r  gen_input_slots[1].gen_input_banks[3].u_input_cache_bank_i_90/O
                         net (fo=9, routed)           0.399     0.735    gen_input_slots[1].gen_input_banks[3].u_input_cache_bank_i_90_n_0
    SLICE_X78Y170        LUT6 (Prop_E6LUT_SLICEL_I3_O)
                                                      0.099     0.834 r  gen_input_slots[1].gen_input_banks[3].u_input_cache_bank_i_74/O
                         net (fo=5, routed)           0.157     0.991    gen_input_slots[1].gen_input_banks[3].u_input_cache_bank_i_74_n_0
    SLICE_X78Y169        LUT6 (Prop_H6LUT_SLICEL_I2_O)
                                                      0.090     1.081 f  gen_input_slots[1].gen_input_banks[0].u_input_cache_bank_i_46_rewire/O
                         net (fo=72, routed)          0.559     1.640    gen_input_slots[1].gen_input_banks[0].u_input_cache_bank_i_46_n_0
    SLICE_X72Y186        LUT5 (Prop_H6LUT_SLICEL_I4_O)
                                                      0.124     1.764 r  gen_input_slots[0].gen_input_banks[0].u_input_cache_bank_i_38/O
                         net (fo=48, routed)          0.394     2.157    gen_input_slots[0].gen_input_banks[0].u_input_cache_bank/valid_wr_data
    SLICE_X69Y191        LUT5 (Prop_B6LUT_SLICEL_I0_O)
                                                      0.124     2.281 r  gen_input_slots[0].gen_input_banks[0].u_input_cache_bank/data_mem_reg_960_1023_0_6_i_1/O
                         net (fo=20, routed)          0.484     2.765    gen_input_slots[0].gen_input_banks[0].u_input_cache_bank/data_mem_reg_960_1023_14_15/WE
    SLICE_X66Y198        RAMD64E                                      r  gen_input_slots[0].gen_input_banks[0].u_input_cache_bank/data_mem_reg_960_1023_14_15/RAMA/WE
  -------------------------------------------------------------------    -------------------

                         (clock clk rise edge)        2.000     2.000 r  
                                                      0.000     2.000 r  clk (IN)
                         net (fo=33320, unset)        0.043     2.043    gen_input_slots[0].gen_input_banks[0].u_input_cache_bank/data_mem_reg_960_1023_14_15/WCLK
    SLICE_X66Y198        RAMD64E                                      r  gen_input_slots[0].gen_input_banks[0].u_input_cache_bank/data_mem_reg_960_1023_14_15/RAMA/CLK
                         clock pessimism              0.000     2.043    
                         clock uncertainty           -0.035     2.008    
    SLICE_X66Y198        RAMD64E (Setup_E6LUT_SLICEM_CLK_WE)
                                                     -0.180     1.828    gen_input_slots[0].gen_input_banks[0].u_input_cache_bank/data_mem_reg_960_1023_14_15/RAMA
  -------------------------------------------------------------------
                         required time                          1.828    
                         arrival time                          -2.765    
  -------------------------------------------------------------------
                         slack                                 -0.937    

Slack (VIOLATED) :        -0.937ns  (required time - arrival time)
  Source:                 fill_slot_reg/C
                            (rising edge-triggered cell FDCE clocked by clk  {rise@0.000ns fall@1.000ns period=2.000ns})
  Destination:            gen_input_slots[0].gen_input_banks[0].u_input_cache_bank/data_mem_reg_960_1023_14_15/RAMB/WE
                            (rising edge-triggered cell RAMD64E clocked by clk  {rise@0.000ns fall@1.000ns period=2.000ns})
  Path Group:             clk
  Path Type:              Setup (Max at Slow Process Corner)
  Requirement:            2.000ns  (clk rise@2.000ns - clk rise@0.000ns)
  Data Path Delay:        2.736ns  (logic 0.566ns (20.687%)  route 2.170ns (79.313%))
  Logic Levels:           5  (LUT3=1 LUT5=2 LUT6=2)
  Clock Path Skew:        0.014ns (DCD - SCD + CPR)
    Destination Clock Delay (DCD):    0.043ns = ( 2.043 - 2.000 ) 
    Source Clock Delay      (SCD):    0.029ns
    Clock Pessimism Removal (CPR):    0.000ns
  Clock Uncertainty:      0.035ns  ((TSJ^2 + TIJ^2)^1/2 + DJ) / 2 + PE
    Total System Jitter     (TSJ):    0.071ns
    Total Input Jitter      (TIJ):    0.000ns
    Discrete Jitter          (DJ):    0.000ns
    Phase Error              (PE):    0.000ns

    Location             Delay type                Incr(ns)  Path(ns)    Netlist Resource(s)
  -------------------------------------------------------------------    -------------------
                         (clock clk rise edge)        0.000     0.000 r  
                                                      0.000     0.000 r  clk (IN)
                         net (fo=33320, unset)        0.029     0.029    clk
    SLICE_X77Y156        FDCE                                         r  fill_slot_reg/C
  -------------------------------------------------------------------    -------------------
    SLICE_X77Y156        FDCE (Prop_FFF_SLICEL_C_Q)
                                                      0.079     0.108 r  fill_slot_reg/Q
                         net (fo=299, routed)         0.177     0.285    fill_slot
    SLICE_X77Y154        LUT3 (Prop_D6LUT_SLICEL_I1_O)
                                                      0.050     0.335 r  gen_input_slots[1].gen_input_banks[3].u_input_cache_bank_i_90/O
                         net (fo=9, routed)           0.399     0.735    gen_input_slots[1].gen_input_banks[3].u_input_cache_bank_i_90_n_0
    SLICE_X78Y170        LUT6 (Prop_E6LUT_SLICEL_I3_O)
                                                      0.099     0.834 r  gen_input_slots[1].gen_input_banks[3].u_input_cache_bank_i_74/O
                         net (fo=5, routed)           0.157     0.991    gen_input_slots[1].gen_input_banks[3].u_input_cache_bank_i_74_n_0
    SLICE_X78Y169        LUT6 (Prop_H6LUT_SLICEL_I2_O)
                                                      0.090     1.081 f  gen_input_slots[1].gen_input_banks[0].u_input_cache_bank_i_46_rewire/O
                         net (fo=72, routed)          0.559     1.640    gen_input_slots[1].gen_input_banks[0].u_input_cache_bank_i_46_n_0
    SLICE_X72Y186        LUT5 (Prop_H6LUT_SLICEL_I4_O)
                                                      0.124     1.764 r  gen_input_slots[0].gen_input_banks[0].u_input_cache_bank_i_38/O
                         net (fo=48, routed)          0.394     2.157    gen_input_slots[0].gen_input_banks[0].u_input_cache_bank/valid_wr_data
    SLICE_X69Y191        LUT5 (Prop_B6LUT_SLICEL_I0_O)
                                                      0.124     2.281 r  gen_input_slots[0].gen_input_banks[0].u_input_cache_bank/data_mem_reg_960_1023_0_6_i_1/O
                         net (fo=20, routed)          0.484     2.765    gen_input_slots[0].gen_input_banks[0].u_input_cache_bank/data_mem_reg_960_1023_14_15/WE
    SLICE_X66Y198        RAMD64E                                      r  gen_input_slots[0].gen_input_banks[0].u_input_cache_bank/data_mem_reg_960_1023_14_15/RAMB/WE
  -------------------------------------------------------------------    -------------------

                         (clock clk rise edge)        2.000     2.000 r  
                                                      0.000     2.000 r  clk (IN)
                         net (fo=33320, unset)        0.043     2.043    gen_input_slots[0].gen_input_banks[0].u_input_cache_bank/data_mem_reg_960_1023_14_15/WCLK
    SLICE_X66Y198        RAMD64E                                      r  gen_input_slots[0].gen_input_banks[0].u_input_cache_bank/data_mem_reg_960_1023_14_15/RAMB/CLK
                         clock pessimism              0.000     2.043    
                         clock uncertainty           -0.035     2.008    
    SLICE_X66Y198        RAMD64E (Setup_F6LUT_SLICEM_CLK_WE)
                                                     -0.180     1.828    gen_input_slots[0].gen_input_banks[0].u_input_cache_bank/data_mem_reg_960_1023_14_15/RAMB
  -------------------------------------------------------------------
                         required time                          1.828    
                         arrival time                          -2.765    
  -------------------------------------------------------------------
                         slack                                 -0.937    

Slack (VIOLATED) :        -0.937ns  (required time - arrival time)
  Source:                 fill_slot_reg/C
                            (rising edge-triggered cell FDCE clocked by clk  {rise@0.000ns fall@1.000ns period=2.000ns})
  Destination:            gen_input_slots[0].gen_input_banks[0].u_input_cache_bank/data_mem_reg_960_1023_14_15/RAMC/WE
                            (rising edge-triggered cell RAMD64E clocked by clk  {rise@0.000ns fall@1.000ns period=2.000ns})
  Path Group:             clk
  Path Type:              Setup (Max at Slow Process Corner)
  Requirement:            2.000ns  (clk rise@2.000ns - clk rise@0.000ns)
  Data Path Delay:        2.736ns  (logic 0.566ns (20.687%)  route 2.170ns (79.313%))
  Logic Levels:           5  (LUT3=1 LUT5=2 LUT6=2)
  Clock Path Skew:        0.014ns (DCD - SCD + CPR)
    Destination Clock Delay (DCD):    0.043ns = ( 2.043 - 2.000 ) 
    Source Clock Delay      (SCD):    0.029ns
    Clock Pessimism Removal (CPR):    0.000ns
  Clock Uncertainty:      0.035ns  ((TSJ^2 + TIJ^2)^1/2 + DJ) / 2 + PE
    Total System Jitter     (TSJ):    0.071ns
    Total Input Jitter      (TIJ):    0.000ns
    Discrete Jitter          (DJ):    0.000ns
    Phase Error              (PE):    0.000ns

    Location             Delay type                Incr(ns)  Path(ns)    Netlist Resource(s)
  -------------------------------------------------------------------    -------------------
                         (clock clk rise edge)        0.000     0.000 r  
                                                      0.000     0.000 r  clk (IN)
                         net (fo=33320, unset)        0.029     0.029    clk
    SLICE_X77Y156        FDCE                                         r  fill_slot_reg/C
  -------------------------------------------------------------------    -------------------
    SLICE_X77Y156        FDCE (Prop_FFF_SLICEL_C_Q)
                                                      0.079     0.108 r  fill_slot_reg/Q
                         net (fo=299, routed)         0.177     0.285    fill_slot
    SLICE_X77Y154        LUT3 (Prop_D6LUT_SLICEL_I1_O)
                                                      0.050     0.335 r  gen_input_slots[1].gen_input_banks[3].u_input_cache_bank_i_90/O
                         net (fo=9, routed)           0.399     0.735    gen_input_slots[1].gen_input_banks[3].u_input_cache_bank_i_90_n_0
    SLICE_X78Y170        LUT6 (Prop_E6LUT_SLICEL_I3_O)
                                                      0.099     0.834 r  gen_input_slots[1].gen_input_banks[3].u_input_cache_bank_i_74/O
                         net (fo=5, routed)           0.157     0.991    gen_input_slots[1].gen_input_banks[3].u_input_cache_bank_i_74_n_0
    SLICE_X78Y169        LUT6 (Prop_H6LUT_SLICEL_I2_O)
                                                      0.090     1.081 f  gen_input_slots[1].gen_input_banks[0].u_input_cache_bank_i_46_rewire/O
                         net (fo=72, routed)          0.559     1.640    gen_input_slots[1].gen_input_banks[0].u_input_cache_bank_i_46_n_0
    SLICE_X72Y186        LUT5 (Prop_H6LUT_SLICEL_I4_O)
                                                      0.124     1.764 r  gen_input_slots[0].gen_input_banks[0].u_input_cache_bank_i_38/O
                         net (fo=48, routed)          0.394     2.157    gen_input_slots[0].gen_input_banks[0].u_input_cache_bank/valid_wr_data
    SLICE_X69Y191        LUT5 (Prop_B6LUT_SLICEL_I0_O)
                                                      0.124     2.281 r  gen_input_slots[0].gen_input_banks[0].u_input_cache_bank/data_mem_reg_960_1023_0_6_i_1/O
                         net (fo=20, routed)          0.484     2.765    gen_input_slots[0].gen_input_banks[0].u_input_cache_bank/data_mem_reg_960_1023_14_15/WE
    SLICE_X66Y198        RAMD64E                                      r  gen_input_slots[0].gen_input_banks[0].u_input_cache_bank/data_mem_reg_960_1023_14_15/RAMC/WE
  -------------------------------------------------------------------    -------------------

                         (clock clk rise edge)        2.000     2.000 r  
                                                      0.000     2.000 r  clk (IN)
                         net (fo=33320, unset)        0.043     2.043    gen_input_slots[0].gen_input_banks[0].u_input_cache_bank/data_mem_reg_960_1023_14_15/WCLK
    SLICE_X66Y198        RAMD64E                                      r  gen_input_slots[0].gen_input_banks[0].u_input_cache_bank/data_mem_reg_960_1023_14_15/RAMC/CLK
                         clock pessimism              0.000     2.043    
                         clock uncertainty           -0.035     2.008    
    SLICE_X66Y198        RAMD64E (Setup_G6LUT_SLICEM_CLK_WE)
                                                     -0.180     1.828    gen_input_slots[0].gen_input_banks[0].u_input_cache_bank/data_mem_reg_960_1023_14_15/RAMC
  -------------------------------------------------------------------
                         required time                          1.828    
                         arrival time                          -2.765    
  -------------------------------------------------------------------
                         slack                                 -0.937    

Slack (VIOLATED) :        -0.937ns  (required time - arrival time)
  Source:                 fill_slot_reg/C
                            (rising edge-triggered cell FDCE clocked by clk  {rise@0.000ns fall@1.000ns period=2.000ns})
  Destination:            gen_input_slots[0].gen_input_banks[0].u_input_cache_bank/data_mem_reg_960_1023_14_15/RAMD/WE
                            (rising edge-triggered cell RAMD64E clocked by clk  {rise@0.000ns fall@1.000ns period=2.000ns})
  Path Group:             clk
  Path Type:              Setup (Max at Slow Process Corner)
  Requirement:            2.000ns  (clk rise@2.000ns - clk rise@0.000ns)
  Data Path Delay:        2.736ns  (logic 0.566ns (20.687%)  route 2.170ns (79.313%))
  Logic Levels:           5  (LUT3=1 LUT5=2 LUT6=2)
  Clock Path Skew:        0.014ns (DCD - SCD + CPR)
    Destination Clock Delay (DCD):    0.043ns = ( 2.043 - 2.000 ) 
    Source Clock Delay      (SCD):    0.029ns
    Clock Pessimism Removal (CPR):    0.000ns
  Clock Uncertainty:      0.035ns  ((TSJ^2 + TIJ^2)^1/2 + DJ) / 2 + PE
    Total System Jitter     (TSJ):    0.071ns
    Total Input Jitter      (TIJ):    0.000ns
    Discrete Jitter          (DJ):    0.000ns
    Phase Error              (PE):    0.000ns

    Location             Delay type                Incr(ns)  Path(ns)    Netlist Resource(s)
  -------------------------------------------------------------------    -------------------
                         (clock clk rise edge)        0.000     0.000 r  
                                                      0.000     0.000 r  clk (IN)
                         net (fo=33320, unset)        0.029     0.029    clk
    SLICE_X77Y156        FDCE                                         r  fill_slot_reg/C
  -------------------------------------------------------------------    -------------------
    SLICE_X77Y156        FDCE (Prop_FFF_SLICEL_C_Q)
                                                      0.079     0.108 r  fill_slot_reg/Q
                         net (fo=299, routed)         0.177     0.285    fill_slot
    SLICE_X77Y154        LUT3 (Prop_D6LUT_SLICEL_I1_O)
                                                      0.050     0.335 r  gen_input_slots[1].gen_input_banks[3].u_input_cache_bank_i_90/O
                         net (fo=9, routed)           0.399     0.735    gen_input_slots[1].gen_input_banks[3].u_input_cache_bank_i_90_n_0
    SLICE_X78Y170        LUT6 (Prop_E6LUT_SLICEL_I3_O)
                                                      0.099     0.834 r  gen_input_slots[1].gen_input_banks[3].u_input_cache_bank_i_74/O
                         net (fo=5, routed)           0.157     0.991    gen_input_slots[1].gen_input_banks[3].u_input_cache_bank_i_74_n_0
    SLICE_X78Y169        LUT6 (Prop_H6LUT_SLICEL_I2_O)
                                                      0.090     1.081 f  gen_input_slots[1].gen_input_banks[0].u_input_cache_bank_i_46_rewire/O
                         net (fo=72, routed)          0.559     1.640    gen_input_slots[1].gen_input_banks[0].u_input_cache_bank_i_46_n_0
    SLICE_X72Y186        LUT5 (Prop_H6LUT_SLICEL_I4_O)
                                                      0.124     1.764 r  gen_input_slots[0].gen_input_banks[0].u_input_cache_bank_i_38/O
                         net (fo=48, routed)          0.394     2.157    gen_input_slots[0].gen_input_banks[0].u_input_cache_bank/valid_wr_data
    SLICE_X69Y191        LUT5 (Prop_B6LUT_SLICEL_I0_O)
                                                      0.124     2.281 r  gen_input_slots[0].gen_input_banks[0].u_input_cache_bank/data_mem_reg_960_1023_0_6_i_1/O
                         net (fo=20, routed)          0.484     2.765    gen_input_slots[0].gen_input_banks[0].u_input_cache_bank/data_mem_reg_960_1023_14_15/WE
    SLICE_X66Y198        RAMD64E                                      r  gen_input_slots[0].gen_input_banks[0].u_input_cache_bank/data_mem_reg_960_1023_14_15/RAMD/WE
  -------------------------------------------------------------------    -------------------

                         (clock clk rise edge)        2.000     2.000 r  
                                                      0.000     2.000 r  clk (IN)
                         net (fo=33320, unset)        0.043     2.043    gen_input_slots[0].gen_input_banks[0].u_input_cache_bank/data_mem_reg_960_1023_14_15/WCLK
    SLICE_X66Y198        RAMD64E                                      r  gen_input_slots[0].gen_input_banks[0].u_input_cache_bank/data_mem_reg_960_1023_14_15/RAMD/CLK
                         clock pessimism              0.000     2.043    
                         clock uncertainty           -0.035     2.008    
    SLICE_X66Y198        RAMD64E (Setup_H6LUT_SLICEM_CLK_WE)
                                                     -0.180     1.828    gen_input_slots[0].gen_input_banks[0].u_input_cache_bank/data_mem_reg_960_1023_14_15/RAMD
  -------------------------------------------------------------------
                         required time                          1.828    
                         arrival time                          -2.765    
  -------------------------------------------------------------------
                         slack                                 -0.937    




