"cell_name","family","ref_name","loc","bel","site","site_type","tile","tile_x","tile_y","slr","clock_region","fanout"
"u_dut/u_unified_p4_kernel/ingress_group_q_reg[0]","ingress_group_q_reg","FDCE","SLICE_X72Y118","SLICEL.HFF","SLICE_X72Y118","SLICEL","CLEL_R_X46Y118","251","126","","X2Y1","28"
"u_dut/u_unified_p4_kernel/ingress_group_q_reg[1]","ingress_group_q_reg","FDCE","SLICE_X72Y112","SLICEL.DFF","SLICE_X72Y112","SLICEL","CLEL_R_X46Y112","251","132","","X2Y1","28"
"u_dut/u_unified_p4_kernel/ingress_group_q_reg[2]","ingress_group_q_reg","FDCE","SLICE_X72Y120","SLICEL.HFF","SLICE_X72Y120","SLICEL","CLEL_R_X46Y120","251","123","","X2Y2","13"
"u_dut/u_unified_p4_kernel/ingress_group_q_reg[3]","ingress_group_q_reg","FDCE","SLICE_X72Y110","SLICEL.DFF","SLICE_X72Y110","SLICEL","CLEL_R_X46Y110","251","134","","X2Y1","13"
"u_dut/u_unified_p4_kernel/ingress_group_q_reg[4]","ingress_group_q_reg","FDCE","SLICE_X73Y120","SLICEL.HFF","SLICE_X73Y120","SLICEL","CLEL_R_X47Y120","255","123","","X2Y2","24"
"u_dut/u_unified_p4_kernel/ingress_data_q_reg[0]","ingress_data_q_reg","FDRE","SLICE_X69Y131","SLICEL.DFF","SLICE_X69Y131","SLICEL","CLEL_L_X45Y131","244","112","","X2Y2","64"
"u_dut/u_unified_p4_kernel/ingress_data_q_reg[10]","ingress_data_q_reg","FDRE","SLICE_X72Y136","SLICEL.CFF","SLICE_X72Y136","SLICEL","CLEL_R_X46Y136","251","107","","X2Y2","64"
"u_dut/u_unified_p4_kernel/ingress_data_q_reg[11]","ingress_data_q_reg","FDRE","SLICE_X72Y139","SLICEL.CFF","SLICE_X72Y139","SLICEL","CLEL_R_X46Y139","251","104","","X2Y2","64"
"u_dut/u_unified_p4_kernel/ingress_data_q_reg[12]","ingress_data_q_reg","FDRE","SLICE_X69Y138","SLICEL.CFF","SLICE_X69Y138","SLICEL","CLEL_L_X45Y138","244","105","","X2Y2","64"
"u_dut/u_unified_p4_kernel/ingress_data_q_reg[13]","ingress_data_q_reg","FDRE","SLICE_X70Y140","SLICEL.AFF","SLICE_X70Y140","SLICEL","CLEL_R_X45Y140","246","103","","X2Y2","64"
"u_dut/u_unified_p4_kernel/ingress_data_q_reg[14]","ingress_data_q_reg","FDRE","SLICE_X69Y136","SLICEL.CFF","SLICE_X69Y136","SLICEL","CLEL_L_X45Y136","244","107","","X2Y2","64"
"u_dut/u_unified_p4_kernel/ingress_data_q_reg[15]","ingress_data_q_reg","FDRE","SLICE_X72Y140","SLICEL.BFF","SLICE_X72Y140","SLICEL","CLEL_R_X46Y140","251","103","","X2Y2","64"
"u_dut/u_unified_p4_kernel/ingress_data_q_reg[16]","ingress_data_q_reg","FDRE","SLICE_X70Y137","SLICEL.DFF","SLICE_X70Y137","SLICEL","CLEL_R_X45Y137","246","106","","X2Y2","64"
"u_dut/u_unified_p4_kernel/ingress_data_q_reg[17]","ingress_data_q_reg","FDRE","SLICE_X72Y140","SLICEL.CFF","SLICE_X72Y140","SLICEL","CLEL_R_X46Y140","251","103","","X2Y2","64"
"u_dut/u_unified_p4_kernel/ingress_data_q_reg[18]","ingress_data_q_reg","FDRE","SLICE_X68Y134","SLICEL.DFF","SLICE_X68Y134","SLICEL","CLEL_R_X44Y134","243","109","","X2Y2","64"
"u_dut/u_unified_p4_kernel/ingress_data_q_reg[19]","ingress_data_q_reg","FDRE","SLICE_X73Y137","SLICEL.DFF","SLICE_X73Y137","SLICEL","CLEL_R_X47Y137","255","106","","X2Y2","64"
"u_dut/u_unified_p4_kernel/ingress_data_q_reg[1]","ingress_data_q_reg","FDRE","SLICE_X70Y136","SLICEL.BFF","SLICE_X70Y136","SLICEL","CLEL_R_X45Y136","246","107","","X2Y2","64"
"u_dut/u_unified_p4_kernel/ingress_data_q_reg[20]","ingress_data_q_reg","FDRE","SLICE_X65Y143","SLICEL.CFF","SLICE_X65Y143","SLICEL","CLEL_R_X42Y143","234","100","","X2Y2","64"
"u_dut/u_unified_p4_kernel/ingress_data_q_reg[21]","ingress_data_q_reg","FDRE","SLICE_X69Y131","SLICEL.CFF","SLICE_X69Y131","SLICEL","CLEL_L_X45Y131","244","112","","X2Y2","64"
"u_dut/u_unified_p4_kernel/ingress_data_q_reg[22]","ingress_data_q_reg","FDRE","SLICE_X69Y134","SLICEL.CFF","SLICE_X69Y134","SLICEL","CLEL_L_X45Y134","244","109","","X2Y2","64"
"u_dut/u_unified_p4_kernel/ingress_data_q_reg[23]","ingress_data_q_reg","FDRE","SLICE_X72Y132","SLICEL.DFF","SLICE_X72Y132","SLICEL","CLEL_R_X46Y132","251","111","","X2Y2","64"
"u_dut/u_unified_p4_kernel/ingress_data_q_reg[24]","ingress_data_q_reg","FDRE","SLICE_X73Y134","SLICEL.CFF","SLICE_X73Y134","SLICEL","CLEL_R_X47Y134","255","109","","X2Y2","64"
"u_dut/u_unified_p4_kernel/ingress_data_q_reg[25]","ingress_data_q_reg","FDRE","SLICE_X72Y137","SLICEL.BFF","SLICE_X72Y137","SLICEL","CLEL_R_X46Y137","251","106","","X2Y2","64"
"u_dut/u_unified_p4_kernel/ingress_data_q_reg[26]","ingress_data_q_reg","FDRE","SLICE_X72Y140","SLICEL.HFF","SLICE_X72Y140","SLICEL","CLEL_R_X46Y140","251","103","","X2Y2","64"
"u_dut/u_unified_p4_kernel/ingress_data_q_reg[27]","ingress_data_q_reg","FDRE","SLICE_X72Y139","SLICEL.DFF","SLICE_X72Y139","SLICEL","CLEL_R_X46Y139","251","104","","X2Y2","64"
"u_dut/u_unified_p4_kernel/ingress_data_q_reg[28]","ingress_data_q_reg","FDRE","SLICE_X70Y138","SLICEL.BFF","SLICE_X70Y138","SLICEL","CLEL_R_X45Y138","246","105","","X2Y2","64"
"u_dut/u_unified_p4_kernel/ingress_data_q_reg[29]","ingress_data_q_reg","FDRE","SLICE_X73Y139","SLICEL.GFF","SLICE_X73Y139","SLICEL","CLEL_R_X47Y139","255","104","","X2Y2","64"
"u_dut/u_unified_p4_kernel/ingress_data_q_reg[2]","ingress_data_q_reg","FDRE","SLICE_X69Y133","SLICEL.CFF","SLICE_X69Y133","SLICEL","CLEL_L_X45Y133","244","110","","X2Y2","64"
"u_dut/u_unified_p4_kernel/ingress_data_q_reg[30]","ingress_data_q_reg","FDRE","SLICE_X70Y148","SLICEL.EFF","SLICE_X70Y148","SLICEL","CLEL_R_X45Y148","246","95","","X2Y2","64"
"u_dut/u_unified_p4_kernel/ingress_data_q_reg[31]","ingress_data_q_reg","FDRE","SLICE_X69Y135","SLICEL.DFF","SLICE_X69Y135","SLICEL","CLEL_L_X45Y135","244","108","","X2Y2","64"
"u_dut/u_unified_p4_kernel/ingress_data_q_reg[32]","ingress_data_q_reg","FDRE","SLICE_X68Y136","SLICEL.DFF","SLICE_X68Y136","SLICEL","CLEL_R_X44Y136","243","107","","X2Y2","64"
"u_dut/u_unified_p4_kernel/ingress_data_q_reg[33]","ingress_data_q_reg","FDRE","SLICE_X70Y138","SLICEL.DFF","SLICE_X70Y138","SLICEL","CLEL_R_X45Y138","246","105","","X2Y2","64"
"u_dut/u_unified_p4_kernel/ingress_data_q_reg[34]","ingress_data_q_reg","FDRE","SLICE_X69Y133","SLICEL.DFF","SLICE_X69Y133","SLICEL","CLEL_L_X45Y133","244","110","","X2Y2","64"
"u_dut/u_unified_p4_kernel/ingress_data_q_reg[35]","ingress_data_q_reg","FDRE","SLICE_X72Y138","SLICEL.BFF","SLICE_X72Y138","SLICEL","CLEL_R_X46Y138","251","105","","X2Y2","64"
"u_dut/u_unified_p4_kernel/ingress_data_q_reg[36]","ingress_data_q_reg","FDRE","SLICE_X69Y140","SLICEL.EFF","SLICE_X69Y140","SLICEL","CLEL_L_X45Y140","244","103","","X2Y2","64"
"u_dut/u_unified_p4_kernel/ingress_data_q_reg[37]","ingress_data_q_reg","FDRE","SLICE_X72Y141","SLICEL.CFF","SLICE_X72Y141","SLICEL","CLEL_R_X46Y141","251","102","","X2Y2","64"
"u_dut/u_unified_p4_kernel/ingress_data_q_reg[38]","ingress_data_q_reg","FDRE","SLICE_X69Y132","SLICEL.DFF","SLICE_X69Y132","SLICEL","CLEL_L_X45Y132","244","111","","X2Y2","64"
"u_dut/u_unified_p4_kernel/ingress_data_q_reg[39]","ingress_data_q_reg","FDRE","SLICE_X72Y135","SLICEL.CFF","SLICE_X72Y135","SLICEL","CLEL_R_X46Y135","251","108","","X2Y2","64"
"u_dut/u_unified_p4_kernel/ingress_data_q_reg[3]","ingress_data_q_reg","FDRE","SLICE_X70Y135","SLICEL.CFF","SLICE_X70Y135","SLICEL","CLEL_R_X45Y135","246","108","","X2Y2","64"
"u_dut/u_unified_p4_kernel/ingress_data_q_reg[40]","ingress_data_q_reg","FDRE","SLICE_X70Y133","SLICEL.DFF","SLICE_X70Y133","SLICEL","CLEL_R_X45Y133","246","110","","X2Y2","64"
"u_dut/u_unified_p4_kernel/ingress_data_q_reg[41]","ingress_data_q_reg","FDRE","SLICE_X72Y138","SLICEL.CFF","SLICE_X72Y138","SLICEL","CLEL_R_X46Y138","251","105","","X2Y2","64"
"u_dut/u_unified_p4_kernel/ingress_data_q_reg[42]","ingress_data_q_reg","FDRE","SLICE_X73Y139","SLICEL.EFF","SLICE_X73Y139","SLICEL","CLEL_R_X47Y139","255","104","","X2Y2","64"
"u_dut/u_unified_p4_kernel/ingress_data_q_reg[43]","ingress_data_q_reg","FDRE","SLICE_X70Y136","SLICEL.CFF","SLICE_X70Y136","SLICEL","CLEL_R_X45Y136","246","107","","X2Y2","64"
"u_dut/u_unified_p4_kernel/ingress_data_q_reg[44]","ingress_data_q_reg","FDRE","SLICE_X69Y136","SLICEL.AFF","SLICE_X69Y136","SLICEL","CLEL_L_X45Y136","244","107","","X2Y2","64"
"u_dut/u_unified_p4_kernel/ingress_data_q_reg[45]","ingress_data_q_reg","FDRE","SLICE_X72Y141","SLICEL.DFF","SLICE_X72Y141","SLICEL","CLEL_R_X46Y141","251","102","","X2Y2","64"
"u_dut/u_unified_p4_kernel/ingress_data_q_reg[46]","ingress_data_q_reg","FDRE","SLICE_X68Y137","SLICEL.CFF","SLICE_X68Y137","SLICEL","CLEL_R_X44Y137","243","106","","X2Y2","64"
"u_dut/u_unified_p4_kernel/ingress_data_q_reg[47]","ingress_data_q_reg","FDRE","SLICE_X72Y140","SLICEL.DFF","SLICE_X72Y140","SLICEL","CLEL_R_X46Y140","251","103","","X2Y2","64"
"u_dut/u_unified_p4_kernel/ingress_data_q_reg[48]","ingress_data_q_reg","FDRE","SLICE_X70Y136","SLICEL.DFF","SLICE_X70Y136","SLICEL","CLEL_R_X45Y136","246","107","","X2Y2","60"
"u_dut/u_unified_p4_kernel/ingress_data_q_reg[49]","ingress_data_q_reg","FDRE","SLICE_X68Y137","SLICEL.DFF","SLICE_X68Y137","SLICEL","CLEL_R_X44Y137","243","106","","X2Y2","60"
"u_dut/u_unified_p4_kernel/ingress_data_q_reg[4]","ingress_data_q_reg","FDRE","SLICE_X72Y134","SLICEL.BFF","SLICE_X72Y134","SLICEL","CLEL_R_X46Y134","251","109","","X2Y2","64"
"u_dut/u_unified_p4_kernel/ingress_data_q_reg[50]","ingress_data_q_reg","FDRE","SLICE_X68Y131","SLICEL.DFF","SLICE_X68Y131","SLICEL","CLEL_R_X44Y131","243","112","","X2Y2","60"
"u_dut/u_unified_p4_kernel/ingress_data_q_reg[51]","ingress_data_q_reg","FDRE","SLICE_X72Y137","SLICEL.CFF","SLICE_X72Y137","SLICEL","CLEL_R_X46Y137","251","106","","X2Y2","60"
"u_dut/u_unified_p4_kernel/ingress_data_q_reg[52]","ingress_data_q_reg","FDRE","SLICE_X72Y133","SLICEL.DFF","SLICE_X72Y133","SLICEL","CLEL_R_X46Y133","251","110","","X2Y2","60"
"u_dut/u_unified_p4_kernel/ingress_data_q_reg[53]","ingress_data_q_reg","FDRE","SLICE_X70Y148","SLICEL.FFF","SLICE_X70Y148","SLICEL","CLEL_R_X45Y148","246","95","","X2Y2","60"
"u_dut/u_unified_p4_kernel/ingress_data_q_reg[54]","ingress_data_q_reg","FDRE","SLICE_X69Y138","SLICEL.DFF","SLICE_X69Y138","SLICEL","CLEL_L_X45Y138","244","105","","X2Y2","60"
"u_dut/u_unified_p4_kernel/ingress_data_q_reg[55]","ingress_data_q_reg","FDRE","SLICE_X72Y134","SLICEL.DFF","SLICE_X72Y134","SLICEL","CLEL_R_X46Y134","251","109","","X2Y2","60"
"u_dut/u_unified_p4_kernel/ingress_data_q_reg[56]","ingress_data_q_reg","FDRE","SLICE_X73Y134","SLICEL.DFF","SLICE_X73Y134","SLICEL","CLEL_R_X47Y134","255","109","","X2Y2","60"
"u_dut/u_unified_p4_kernel/ingress_data_q_reg[57]","ingress_data_q_reg","FDRE","SLICE_X72Y132","SLICEL.BFF","SLICE_X72Y132","SLICEL","CLEL_R_X46Y132","251","111","","X2Y2","60"
"u_dut/u_unified_p4_kernel/ingress_data_q_reg[58]","ingress_data_q_reg","FDRE","SLICE_X72Y135","SLICEL.BFF","SLICE_X72Y135","SLICEL","CLEL_R_X46Y135","251","108","","X2Y2","60"
"u_dut/u_unified_p4_kernel/ingress_data_q_reg[59]","ingress_data_q_reg","FDRE","SLICE_X72Y133","SLICEL.AFF","SLICE_X72Y133","SLICEL","CLEL_R_X46Y133","251","110","","X2Y2","60"
"u_dut/u_unified_p4_kernel/ingress_data_q_reg[5]","ingress_data_q_reg","FDRE","SLICE_X69Y134","SLICEL.BFF","SLICE_X69Y134","SLICEL","CLEL_L_X45Y134","244","109","","X2Y2","64"
"u_dut/u_unified_p4_kernel/ingress_data_q_reg[60]","ingress_data_q_reg","FDRE","SLICE_X72Y132","SLICEL.CFF","SLICE_X72Y132","SLICEL","CLEL_R_X46Y132","251","111","","X2Y2","60"
"u_dut/u_unified_p4_kernel/ingress_data_q_reg[61]","ingress_data_q_reg","FDRE","SLICE_X69Y131","SLICEL.BFF","SLICE_X69Y131","SLICEL","CLEL_L_X45Y131","244","112","","X2Y2","60"
"u_dut/u_unified_p4_kernel/ingress_data_q_reg[62]","ingress_data_q_reg","FDRE","SLICE_X72Y135","SLICEL.DFF","SLICE_X72Y135","SLICEL","CLEL_R_X46Y135","251","108","","X2Y2","60"
"u_dut/u_unified_p4_kernel/ingress_data_q_reg[63]","ingress_data_q_reg","FDRE","SLICE_X70Y133","SLICEL.CFF","SLICE_X70Y133","SLICEL","CLEL_R_X45Y133","246","110","","X2Y2","60"
"u_dut/u_unified_p4_kernel/ingress_data_q_reg[6]","ingress_data_q_reg","FDRE","SLICE_X72Y129","SLICEL.DFF","SLICE_X72Y129","SLICEL","CLEL_R_X46Y129","251","114","","X2Y2","64"
"u_dut/u_unified_p4_kernel/ingress_data_q_reg[7]","ingress_data_q_reg","FDRE","SLICE_X72Y133","SLICEL.BFF","SLICE_X72Y133","SLICEL","CLEL_R_X46Y133","251","110","","X2Y2","64"
"u_dut/u_unified_p4_kernel/ingress_data_q_reg[8]","ingress_data_q_reg","FDRE","SLICE_X70Y135","SLICEL.DFF","SLICE_X70Y135","SLICEL","CLEL_R_X45Y135","246","108","","X2Y2","64"
"u_dut/u_unified_p4_kernel/ingress_data_q_reg[9]","ingress_data_q_reg","FDRE","SLICE_X69Y130","SLICEL.HFF","SLICE_X69Y130","SLICEL","CLEL_L_X45Y130","244","113","","X2Y2","64"
"u_dut/u_unified_p4_kernel/input_mem_reg[0][0][0]","input_mem_reg","FDRE","SLICE_X90Y80","SLICEM.HFF2","SLICE_X90Y80","SLICEM","CLEM_X59Y80","304","165","","X3Y1",""
"u_dut/u_unified_p4_kernel/input_mem_reg[0][0][10]","input_mem_reg","FDRE","SLICE_X86Y83","SLICEM.EFF","SLICE_X86Y83","SLICEM","CLEM_X56Y83","291","162","","X2Y1",""
"u_dut/u_unified_p4_kernel/input_mem_reg[0][0][11]","input_mem_reg","FDRE","SLICE_X90Y79","SLICEM.HFF2","SLICE_X90Y79","SLICEM","CLEM_X59Y79","304","166","","X3Y1",""
"u_dut/u_unified_p4_kernel/input_mem_reg[0][0][12]","input_mem_reg","FDRE","SLICE_X86Y83","SLICEM.EFF2","SLICE_X86Y83","SLICEM","CLEM_X56Y83","291","162","","X2Y1",""
"u_dut/u_unified_p4_kernel/input_mem_reg[0][0][13]","input_mem_reg","FDRE","SLICE_X84Y94","SLICEL.DFF","SLICE_X84Y94","SLICEL","CLEL_L_X55Y94","286","150","","X2Y1",""
"u_dut/u_unified_p4_kernel/input_mem_reg[0][0][14]","input_mem_reg","FDRE","SLICE_X88Y81","SLICEL.HFF2","SLICE_X88Y81","SLICEL","CLEL_R_X57Y81","297","164","","X2Y1",""
"u_dut/u_unified_p4_kernel/input_mem_reg[0][0][15]","input_mem_reg","FDRE","SLICE_X90Y79","SLICEM.GFF2","SLICE_X90Y79","SLICEM","CLEM_X59Y79","304","166","","X3Y1",""
"u_dut/u_unified_p4_kernel/input_mem_reg[0][0][1]","input_mem_reg","FDRE","SLICE_X87Y77","SLICEL.DFF","SLICE_X87Y77","SLICEL","CLEL_R_X56Y77","293","168","","X2Y1",""
"u_dut/u_unified_p4_kernel/input_mem_reg[0][0][2]","input_mem_reg","FDRE","SLICE_X90Y77","SLICEM.HFF","SLICE_X90Y77","SLICEM","CLEM_X59Y77","304","168","","X3Y1",""
"u_dut/u_unified_p4_kernel/input_mem_reg[0][0][3]","input_mem_reg","FDRE","SLICE_X84Y94","SLICEL.CFF","SLICE_X84Y94","SLICEL","CLEL_L_X55Y94","286","150","","X2Y1",""
"u_dut/u_unified_p4_kernel/input_mem_reg[0][0][4]","input_mem_reg","FDRE","SLICE_X84Y94","SLICEL.BFF","SLICE_X84Y94","SLICEL","CLEL_L_X55Y94","286","150","","X2Y1",""
"u_dut/u_unified_p4_kernel/input_mem_reg[0][0][5]","input_mem_reg","FDRE","SLICE_X87Y77","SLICEL.CFF","SLICE_X87Y77","SLICEL","CLEL_R_X56Y77","293","168","","X2Y1",""
"u_dut/u_unified_p4_kernel/input_mem_reg[0][0][6]","input_mem_reg","FDRE","SLICE_X84Y94","SLICEL.AFF","SLICE_X84Y94","SLICEL","CLEL_L_X55Y94","286","150","","X2Y1",""
"u_dut/u_unified_p4_kernel/input_mem_reg[0][0][7]","input_mem_reg","FDRE","SLICE_X84Y93","SLICEL.AFF","SLICE_X84Y93","SLICEL","CLEL_L_X55Y93","286","151","","X2Y1",""
"u_dut/u_unified_p4_kernel/input_mem_reg[0][0][8]","input_mem_reg","FDRE","SLICE_X90Y77","SLICEM.GFF","SLICE_X90Y77","SLICEM","CLEM_X59Y77","304","168","","X3Y1",""
"u_dut/u_unified_p4_kernel/input_mem_reg[0][0][9]","input_mem_reg","FDRE","SLICE_X87Y77","SLICEL.BFF","SLICE_X87Y77","SLICEL","CLEL_R_X56Y77","293","168","","X2Y1",""
"u_dut/u_unified_p4_kernel/input_mem_reg[0][10][0]","input_mem_reg","FDRE","SLICE_X94Y84","SLICEL.HFF2","SLICE_X94Y84","SLICEL","CLEL_R_X61Y84","315","161","","X3Y1",""
"u_dut/u_unified_p4_kernel/input_mem_reg[0][10][10]","input_mem_reg","FDRE","SLICE_X91Y81","SLICEL.HFF","SLICE_X91Y81","SLICEL","CLEL_R_X59Y81","306","164","","X3Y1",""
"u_dut/u_unified_p4_kernel/input_mem_reg[0][10][11]","input_mem_reg","FDRE","SLICE_X94Y84","SLICEL.GFF2","SLICE_X94Y84","SLICEL","CLEL_R_X61Y84","315","161","","X3Y1",""
"u_dut/u_unified_p4_kernel/input_mem_reg[0][10][12]","input_mem_reg","FDRE","SLICE_X94Y84","SLICEL.FFF2","SLICE_X94Y84","SLICEL","CLEL_R_X61Y84","315","161","","X3Y1",""
"u_dut/u_unified_p4_kernel/input_mem_reg[0][10][13]","input_mem_reg","FDRE","SLICE_X85Y86","SLICEL.HFF","SLICE_X85Y86","SLICEL","CLEL_R_X55Y86","288","159","","X2Y1",""
"u_dut/u_unified_p4_kernel/input_mem_reg[0][10][14]","input_mem_reg","FDRE","SLICE_X87Y86","SLICEL.HFF2","SLICE_X87Y86","SLICEL","CLEL_R_X56Y86","293","159","","X2Y1",""
"u_dut/u_unified_p4_kernel/input_mem_reg[0][10][15]","input_mem_reg","FDRE","SLICE_X88Y85","SLICEL.DFF","SLICE_X88Y85","SLICEL","CLEL_R_X57Y85","297","160","","X2Y1",""
"u_dut/u_unified_p4_kernel/input_mem_reg[0][10][1]","input_mem_reg","FDRE","SLICE_X88Y85","SLICEL.CFF","SLICE_X88Y85","SLICEL","CLEL_R_X57Y85","297","160","","X2Y1",""
"u_dut/u_unified_p4_kernel/input_mem_reg[0][10][2]","input_mem_reg","FDRE","SLICE_X95Y84","SLICEM.DFF2","SLICE_X95Y84","SLICEM","CLEM_X62Y84","318","161","","X3Y1",""
"u_dut/u_unified_p4_kernel/input_mem_reg[0][10][3]","input_mem_reg","FDRE","SLICE_X85Y94","SLICEL.HFF2","SLICE_X85Y94","SLICEL","CLEL_R_X55Y94","288","150","","X2Y1",""
"u_dut/u_unified_p4_kernel/input_mem_reg[0][10][4]","input_mem_reg","FDRE","SLICE_X89Y82","SLICEM.HFF2","SLICE_X89Y82","SLICEM","CLEM_X58Y82","300","163","","X2Y1",""
"u_dut/u_unified_p4_kernel/input_mem_reg[0][10][5]","input_mem_reg","FDRE","SLICE_X85Y95","SLICEL.EFF","SLICE_X85Y95","SLICEL","CLEL_R_X55Y95","288","149","","X2Y1",""
"u_dut/u_unified_p4_kernel/input_mem_reg[0][10][6]","input_mem_reg","FDRE","SLICE_X89Y82","SLICEM.GFF2","SLICE_X89Y82","SLICEM","CLEM_X58Y82","300","163","","X2Y1",""
"u_dut/u_unified_p4_kernel/input_mem_reg[0][10][7]","input_mem_reg","FDRE","SLICE_X93Y80","SLICEM.HFF2","SLICE_X93Y80","SLICEM","CLEM_X61Y80","313","165","","X3Y1",""
"u_dut/u_unified_p4_kernel/input_mem_reg[0][10][8]","input_mem_reg","FDRE","SLICE_X94Y84","SLICEL.EFF2","SLICE_X94Y84","SLICEL","CLEL_R_X61Y84","315","161","","X3Y1",""
"u_dut/u_unified_p4_kernel/input_mem_reg[0][10][9]","input_mem_reg","FDRE","SLICE_X93Y80","SLICEM.GFF2","SLICE_X93Y80","SLICEM","CLEM_X61Y80","313","165","","X3Y1",""
"u_dut/u_unified_p4_kernel/input_mem_reg[0][11][0]","input_mem_reg","FDRE","SLICE_X89Y91","SLICEM.HFF","SLICE_X89Y91","SLICEM","CLEM_X58Y91","300","153","","X2Y1",""
"u_dut/u_unified_p4_kernel/input_mem_reg[0][11][10]","input_mem_reg","FDRE","SLICE_X95Y91","SLICEM.HFF2","SLICE_X95Y91","SLICEM","CLEM_X62Y91","318","153","","X3Y1",""
"u_dut/u_unified_p4_kernel/input_mem_reg[0][11][11]","input_mem_reg","FDRE","SLICE_X95Y91","SLICEM.GFF2","SLICE_X95Y91","SLICEM","CLEM_X62Y91","318","153","","X3Y1",""
"u_dut/u_unified_p4_kernel/input_mem_reg[0][11][12]","input_mem_reg","FDRE","SLICE_X89Y91","SLICEM.GFF","SLICE_X89Y91","SLICEM","CLEM_X58Y91","300","153","","X2Y1",""
"u_dut/u_unified_p4_kernel/input_mem_reg[0][11][13]","input_mem_reg","FDRE","SLICE_X85Y94","SLICEL.GFF2","SLICE_X85Y94","SLICEL","CLEL_R_X55Y94","288","150","","X2Y1",""
"u_dut/u_unified_p4_kernel/input_mem_reg[0][11][14]","input_mem_reg","FDRE","SLICE_X86Y90","SLICEM.HFF2","SLICE_X86Y90","SLICEM","CLEM_X56Y90","291","154","","X2Y1",""
"u_dut/u_unified_p4_kernel/input_mem_reg[0][11][15]","input_mem_reg","FDRE","SLICE_X89Y91","SLICEM.FFF","SLICE_X89Y91","SLICEM","CLEM_X58Y91","300","153","","X2Y1",""
"u_dut/u_unified_p4_kernel/input_mem_reg[0][11][1]","input_mem_reg","FDRE","SLICE_X86Y90","SLICEM.GFF2","SLICE_X86Y90","SLICEM","CLEM_X56Y90","291","154","","X2Y1",""
"u_dut/u_unified_p4_kernel/input_mem_reg[0][11][2]","input_mem_reg","FDRE","SLICE_X86Y90","SLICEM.FFF2","SLICE_X86Y90","SLICEM","CLEM_X56Y90","291","154","","X2Y1",""
"u_dut/u_unified_p4_kernel/input_mem_reg[0][11][3]","input_mem_reg","FDRE","SLICE_X86Y88","SLICEM.DFF","SLICE_X86Y88","SLICEM","CLEM_X56Y88","291","157","","X2Y1",""
"u_dut/u_unified_p4_kernel/input_mem_reg[0][11][4]","input_mem_reg","FDRE","SLICE_X87Y92","SLICEL.HFF2","SLICE_X87Y92","SLICEL","CLEL_R_X56Y92","293","152","","X2Y1",""
"u_dut/u_unified_p4_kernel/input_mem_reg[0][11][5]","input_mem_reg","FDRE","SLICE_X85Y92","SLICEL.HFF2","SLICE_X85Y92","SLICEL","CLEL_R_X55Y92","288","152","","X2Y1",""
"u_dut/u_unified_p4_kernel/input_mem_reg[0][11][6]","input_mem_reg","FDRE","SLICE_X86Y88","SLICEM.CFF","SLICE_X86Y88","SLICEM","CLEM_X56Y88","291","157","","X2Y1",""
"u_dut/u_unified_p4_kernel/input_mem_reg[0][11][7]","input_mem_reg","FDRE","SLICE_X91Y81","SLICEL.GFF","SLICE_X91Y81","SLICEL","CLEL_R_X59Y81","306","164","","X3Y1",""
"u_dut/u_unified_p4_kernel/input_mem_reg[0][11][8]","input_mem_reg","FDRE","SLICE_X87Y92","SLICEL.GFF2","SLICE_X87Y92","SLICEL","CLEL_R_X56Y92","293","152","","X2Y1",""
"u_dut/u_unified_p4_kernel/input_mem_reg[0][11][9]","input_mem_reg","FDRE","SLICE_X87Y92","SLICEL.FFF2","SLICE_X87Y92","SLICEL","CLEL_R_X56Y92","293","152","","X2Y1",""
"u_dut/u_unified_p4_kernel/input_mem_reg[0][12][0]","input_mem_reg","FDRE","SLICE_X91Y79","SLICEL.HFF","SLICE_X91Y79","SLICEL","CLEL_R_X59Y79","306","166","","X3Y1",""
"u_dut/u_unified_p4_kernel/input_mem_reg[0][12][10]","input_mem_reg","FDRE","SLICE_X91Y80","SLICEL.EFF","SLICE_X91Y80","SLICEL","CLEL_R_X59Y80","306","165","","X3Y1",""
"u_dut/u_unified_p4_kernel/input_mem_reg[0][12][11]","input_mem_reg","FDRE","SLICE_X91Y79","SLICEL.GFF","SLICE_X91Y79","SLICEL","CLEL_R_X59Y79","306","166","","X3Y1",""
"u_dut/u_unified_p4_kernel/input_mem_reg[0][12][12]","input_mem_reg","FDRE","SLICE_X90Y81","SLICEM.DFF","SLICE_X90Y81","SLICEM","CLEM_X59Y81","304","164","","X3Y1",""
"u_dut/u_unified_p4_kernel/input_mem_reg[0][12][13]","input_mem_reg","FDRE","SLICE_X91Y76","SLICEL.HFF2","SLICE_X91Y76","SLICEL","CLEL_R_X59Y76","306","169","","X3Y1",""
"u_dut/u_unified_p4_kernel/input_mem_reg[0][12][14]","input_mem_reg","FDRE","SLICE_X91Y80","SLICEL.EFF2","SLICE_X91Y80","SLICEL","CLEL_R_X59Y80","306","165","","X3Y1",""
"u_dut/u_unified_p4_kernel/input_mem_reg[0][12][15]","input_mem_reg","FDRE","SLICE_X93Y77","SLICEM.HFF2","SLICE_X93Y77","SLICEM","CLEM_X61Y77","313","168","","X3Y1",""
"u_dut/u_unified_p4_kernel/input_mem_reg[0][12][1]","input_mem_reg","FDRE","SLICE_X90Y81","SLICEM.CFF","SLICE_X90Y81","SLICEM","CLEM_X59Y81","304","164","","X3Y1",""
"u_dut/u_unified_p4_kernel/input_mem_reg[0][12][2]","input_mem_reg","FDRE","SLICE_X93Y78","SLICEM.HFF","SLICE_X93Y78","SLICEM","CLEM_X61Y78","313","167","","X3Y1",""
"u_dut/u_unified_p4_kernel/input_mem_reg[0][12][3]","input_mem_reg","FDRE","SLICE_X93Y78","SLICEM.GFF","SLICE_X93Y78","SLICEM","CLEM_X61Y78","313","167","","X3Y1",""
"u_dut/u_unified_p4_kernel/input_mem_reg[0][12][4]","input_mem_reg","FDRE","SLICE_X91Y76","SLICEL.GFF2","SLICE_X91Y76","SLICEL","CLEL_R_X59Y76","306","169","","X3Y1",""
"u_dut/u_unified_p4_kernel/input_mem_reg[0][12][5]","input_mem_reg","FDRE","SLICE_X90Y81","SLICEM.BFF","SLICE_X90Y81","SLICEM","CLEM_X59Y81","304","164","","X3Y1",""
"u_dut/u_unified_p4_kernel/input_mem_reg[0][12][6]","input_mem_reg","FDRE","SLICE_X91Y74","SLICEL.HFF","SLICE_X91Y74","SLICEL","CLEL_R_X59Y74","306","171","","X3Y1",""
"u_dut/u_unified_p4_kernel/input_mem_reg[0][12][7]","input_mem_reg","FDRE","SLICE_X90Y81","SLICEM.AFF","SLICE_X90Y81","SLICEM","CLEM_X59Y81","304","164","","X3Y1",""
"u_dut/u_unified_p4_kernel/input_mem_reg[0][12][8]","input_mem_reg","FDRE","SLICE_X91Y76","SLICEL.FFF2","SLICE_X91Y76","SLICEL","CLEL_R_X59Y76","306","169","","X3Y1",""
"u_dut/u_unified_p4_kernel/input_mem_reg[0][12][9]","input_mem_reg","FDRE","SLICE_X91Y74","SLICEL.GFF","SLICE_X91Y74","SLICEL","CLEL_R_X59Y74","306","171","","X3Y1",""
"u_dut/u_unified_p4_kernel/input_mem_reg[0][13][0]","input_mem_reg","FDRE","SLICE_X94Y83","SLICEL.HFF","SLICE_X94Y83","SLICEL","CLEL_R_X61Y83","315","162","","X3Y1",""
"u_dut/u_unified_p4_kernel/input_mem_reg[0][13][10]","input_mem_reg","FDRE","SLICE_X94Y85","SLICEL.HFF2","SLICE_X94Y85","SLICEL","CLEL_R_X61Y85","315","160","","X3Y1",""
"u_dut/u_unified_p4_kernel/input_mem_reg[0][13][11]","input_mem_reg","FDRE","SLICE_X94Y82","SLICEL.AFF","SLICE_X94Y82","SLICEL","CLEL_R_X61Y82","315","163","","X3Y1",""
"u_dut/u_unified_p4_kernel/input_mem_reg[0][13][12]","input_mem_reg","FDRE","SLICE_X96Y80","SLICEM.HFF2","SLICE_X96Y80","SLICEM","CLEM_X63Y80","322","165","","X3Y1",""
"u_dut/u_unified_p4_kernel/input_mem_reg[0][13][13]","input_mem_reg","FDRE","SLICE_X93Y76","SLICEM.HFF2","SLICE_X93Y76","SLICEM","CLEM_X61Y76","313","169","","X3Y1",""
"u_dut/u_unified_p4_kernel/input_mem_reg[0][13][14]","input_mem_reg","FDRE","SLICE_X92Y79","SLICEM.HFF2","SLICE_X92Y79","SLICEM","CLEM_X60Y79","309","166","","X3Y1",""
"u_dut/u_unified_p4_kernel/input_mem_reg[0][13][15]","input_mem_reg","FDRE","SLICE_X91Y80","SLICEL.FFF","SLICE_X91Y80","SLICEL","CLEL_R_X59Y80","306","165","","X3Y1",""
"u_dut/u_unified_p4_kernel/input_mem_reg[0][13][1]","input_mem_reg","FDRE","SLICE_X97Y85","SLICEL.HFF","SLICE_X97Y85","SLICEL","CLEL_R_X63Y85","324","160","","X3Y1",""
"u_dut/u_unified_p4_kernel/input_mem_reg[0][13][2]","input_mem_reg","FDRE","SLICE_X93Y76","SLICEM.GFF2","SLICE_X93Y76","SLICEM","CLEM_X61Y76","313","169","","X3Y1",""
"u_dut/u_unified_p4_kernel/input_mem_reg[0][13][3]","input_mem_reg","FDRE","SLICE_X93Y87","SLICEM.EFF","SLICE_X93Y87","SLICEM","CLEM_X61Y87","313","158","","X3Y1",""
"u_dut/u_unified_p4_kernel/input_mem_reg[0][13][4]","input_mem_reg","FDRE","SLICE_X92Y79","SLICEM.GFF2","SLICE_X92Y79","SLICEM","CLEM_X60Y79","309","166","","X3Y1",""
"u_dut/u_unified_p4_kernel/input_mem_reg[0][13][5]","input_mem_reg","FDRE","SLICE_X90Y75","SLICEM.HFF","SLICE_X90Y75","SLICEM","CLEM_X59Y75","304","170","","X3Y1",""
"u_dut/u_unified_p4_kernel/input_mem_reg[0][13][6]","input_mem_reg","FDRE","SLICE_X91Y80","SLICEL.FFF2","SLICE_X91Y80","SLICEL","CLEL_R_X59Y80","306","165","","X3Y1",""
"u_dut/u_unified_p4_kernel/input_mem_reg[0][13][7]","input_mem_reg","FDRE","SLICE_X96Y86","SLICEM.HFF","SLICE_X96Y86","SLICEM","CLEM_X63Y86","322","159","","X3Y1",""
"u_dut/u_unified_p4_kernel/input_mem_reg[0][13][8]","input_mem_reg","FDRE","SLICE_X92Y79","SLICEM.FFF2","SLICE_X92Y79","SLICEM","CLEM_X60Y79","309","166","","X3Y1",""
"u_dut/u_unified_p4_kernel/input_mem_reg[0][13][9]","input_mem_reg","FDRE","SLICE_X92Y79","SLICEM.EFF2","SLICE_X92Y79","SLICEM","CLEM_X60Y79","309","166","","X3Y1",""
"u_dut/u_unified_p4_kernel/input_mem_reg[0][14][0]","input_mem_reg","FDRE","SLICE_X91Y80","SLICEL.GFF","SLICE_X91Y80","SLICEL","CLEL_R_X59Y80","306","165","","X3Y1",""
"u_dut/u_unified_p4_kernel/input_mem_reg[0][14][10]","input_mem_reg","FDRE","SLICE_X94Y76","SLICEL.DFF2","SLICE_X94Y76","SLICEL","CLEL_R_X61Y76","315","169","","X3Y1",""
"u_dut/u_unified_p4_kernel/input_mem_reg[0][14][11]","input_mem_reg","FDRE","SLICE_X91Y79","SLICEL.FFF","SLICE_X91Y79","SLICEL","CLEL_R_X59Y79","306","166","","X3Y1",""
"u_dut/u_unified_p4_kernel/input_mem_reg[0][14][12]","input_mem_reg","FDRE","SLICE_X91Y80","SLICEL.GFF2","SLICE_X91Y80","SLICEL","CLEL_R_X59Y80","306","165","","X3Y1",""
"u_dut/u_unified_p4_kernel/input_mem_reg[0][14][13]","input_mem_reg","FDRE","SLICE_X90Y78","SLICEM.HFF2","SLICE_X90Y78","SLICEM","CLEM_X59Y78","304","167","","X3Y1",""
"u_dut/u_unified_p4_kernel/input_mem_reg[0][14][14]","input_mem_reg","FDRE","SLICE_X90Y78","SLICEM.GFF2","SLICE_X90Y78","SLICEM","CLEM_X59Y78","304","167","","X3Y1",""
"u_dut/u_unified_p4_kernel/input_mem_reg[0][14][15]","input_mem_reg","FDRE","SLICE_X91Y85","SLICEL.HFF","SLICE_X91Y85","SLICEL","CLEL_R_X59Y85","306","160","","X3Y1",""
"u_dut/u_unified_p4_kernel/input_mem_reg[0][14][1]","input_mem_reg","FDRE","SLICE_X91Y79","SLICEL.EFF","SLICE_X91Y79","SLICEL","CLEL_R_X59Y79","306","166","","X3Y1",""
"u_dut/u_unified_p4_kernel/input_mem_reg[0][14][2]","input_mem_reg","FDRE","SLICE_X91Y85","SLICEL.GFF","SLICE_X91Y85","SLICEL","CLEL_R_X59Y85","306","160","","X3Y1",""
"u_dut/u_unified_p4_kernel/input_mem_reg[0][14][3]","input_mem_reg","FDRE","SLICE_X92Y86","SLICEM.HFF2","SLICE_X92Y86","SLICEM","CLEM_X60Y86","309","159","","X3Y1",""
"u_dut/u_unified_p4_kernel/input_mem_reg[0][14][4]","input_mem_reg","FDRE","SLICE_X90Y78","SLICEM.FFF2","SLICE_X90Y78","SLICEM","CLEM_X59Y78","304","167","","X3Y1",""
"u_dut/u_unified_p4_kernel/input_mem_reg[0][14][5]","input_mem_reg","FDRE","SLICE_X91Y80","SLICEL.HFF","SLICE_X91Y80","SLICEL","CLEL_R_X59Y80","306","165","","X3Y1",""
"u_dut/u_unified_p4_kernel/input_mem_reg[0][14][6]","input_mem_reg","FDRE","SLICE_X95Y80","SLICEM.EFF","SLICE_X95Y80","SLICEM","CLEM_X62Y80","318","165","","X3Y1",""
"u_dut/u_unified_p4_kernel/input_mem_reg[0][14][7]","input_mem_reg","FDRE","SLICE_X96Y84","SLICEM.HFF2","SLICE_X96Y84","SLICEM","CLEM_X63Y84","322","161","","X3Y1",""
"u_dut/u_unified_p4_kernel/input_mem_reg[0][14][8]","input_mem_reg","FDRE","SLICE_X91Y80","SLICEL.HFF2","SLICE_X91Y80","SLICEL","CLEL_R_X59Y80","306","165","","X3Y1",""
"u_dut/u_unified_p4_kernel/input_mem_reg[0][14][9]","input_mem_reg","FDRE","SLICE_X91Y85","SLICEL.FFF","SLICE_X91Y85","SLICEL","CLEL_R_X59Y85","306","160","","X3Y1",""
"u_dut/u_unified_p4_kernel/input_mem_reg[0][15][0]","input_mem_reg","FDRE","SLICE_X92Y73","SLICEM.HFF2","SLICE_X92Y73","SLICEM","CLEM_X60Y73","309","172","","X3Y1",""
"u_dut/u_unified_p4_kernel/input_mem_reg[0][15][10]","input_mem_reg","FDRE","SLICE_X97Y87","SLICEL.HFF","SLICE_X97Y87","SLICEL","CLEL_R_X63Y87","324","158","","X3Y1",""
"u_dut/u_unified_p4_kernel/input_mem_reg[0][15][11]","input_mem_reg","FDRE","SLICE_X90Y73","SLICEM.HFF2","SLICE_X90Y73","SLICEM","CLEM_X59Y73","304","172","","X3Y1",""
"u_dut/u_unified_p4_kernel/input_mem_reg[0][15][12]","input_mem_reg","FDRE","SLICE_X91Y77","SLICEL.HFF2","SLICE_X91Y77","SLICEL","CLEL_R_X59Y77","306","168","","X3Y1",""
"u_dut/u_unified_p4_kernel/input_mem_reg[0][15][13]","input_mem_reg","FDRE","SLICE_X92Y73","SLICEM.GFF2","SLICE_X92Y73","SLICEM","CLEM_X60Y73","309","172","","X3Y1",""
"u_dut/u_unified_p4_kernel/input_mem_reg[0][15][14]","input_mem_reg","FDRE","SLICE_X97Y85","SLICEL.GFF","SLICE_X97Y85","SLICEL","CLEL_R_X63Y85","324","160","","X3Y1",""
"u_dut/u_unified_p4_kernel/input_mem_reg[0][15][15]","input_mem_reg","FDRE","SLICE_X92Y73","SLICEM.FFF2","SLICE_X92Y73","SLICEM","CLEM_X60Y73","309","172","","X3Y1",""
"u_dut/u_unified_p4_kernel/input_mem_reg[0][15][1]","input_mem_reg","FDRE","SLICE_X96Y86","SLICEM.GFF","SLICE_X96Y86","SLICEM","CLEM_X63Y86","322","159","","X3Y1",""
"u_dut/u_unified_p4_kernel/input_mem_reg[0][15][2]","input_mem_reg","FDRE","SLICE_X91Y72","SLICEL.EFF","SLICE_X91Y72","SLICEL","CLEL_R_X59Y72","306","173","","X3Y1",""
"u_dut/u_unified_p4_kernel/input_mem_reg[0][15][3]","input_mem_reg","FDRE","SLICE_X91Y85","SLICEL.EFF","SLICE_X91Y85","SLICEL","CLEL_R_X59Y85","306","160","","X3Y1",""
"u_dut/u_unified_p4_kernel/input_mem_reg[0][15][4]","input_mem_reg","FDRE","SLICE_X91Y76","SLICEL.EFF2","SLICE_X91Y76","SLICEL","CLEL_R_X59Y76","306","169","","X3Y1",""
"u_dut/u_unified_p4_kernel/input_mem_reg[0][15][5]","input_mem_reg","FDRE","SLICE_X97Y85","SLICEL.FFF","SLICE_X97Y85","SLICEL","CLEL_R_X63Y85","324","160","","X3Y1",""
"u_dut/u_unified_p4_kernel/input_mem_reg[0][15][6]","input_mem_reg","FDRE","SLICE_X96Y86","SLICEM.FFF","SLICE_X96Y86","SLICEM","CLEM_X63Y86","322","159","","X3Y1",""
"u_dut/u_unified_p4_kernel/input_mem_reg[0][15][7]","input_mem_reg","FDRE","SLICE_X91Y74","SLICEL.FFF","SLICE_X91Y74","SLICEL","CLEL_R_X59Y74","306","171","","X3Y1",""
"u_dut/u_unified_p4_kernel/input_mem_reg[0][15][8]","input_mem_reg","FDRE","SLICE_X96Y86","SLICEM.EFF","SLICE_X96Y86","SLICEM","CLEM_X63Y86","322","159","","X3Y1",""
"u_dut/u_unified_p4_kernel/input_mem_reg[0][15][9]","input_mem_reg","FDRE","SLICE_X92Y77","SLICEM.HFF","SLICE_X92Y77","SLICEM","CLEM_X60Y77","309","168","","X3Y1",""
"u_dut/u_unified_p4_kernel/input_mem_reg[0][16][0]","input_mem_reg","FDRE","SLICE_X88Y97","SLICEL.AFF","SLICE_X88Y97","SLICEL","CLEL_R_X57Y97","297","147","","X2Y1",""
"u_dut/u_unified_p4_kernel/input_mem_reg[0][16][10]","input_mem_reg","FDRE","SLICE_X95Y96","SLICEM.HFF","SLICE_X95Y96","SLICEM","CLEM_X62Y96","318","148","","X3Y1",""
"u_dut/u_unified_p4_kernel/input_mem_reg[0][16][11]","input_mem_reg","FDRE","SLICE_X90Y96","SLICEM.HFF","SLICE_X90Y96","SLICEM","CLEM_X59Y96","304","148","","X3Y1",""
"u_dut/u_unified_p4_kernel/input_mem_reg[0][16][12]","input_mem_reg","FDRE","SLICE_X90Y103","SLICEM.HFF","SLICE_X90Y103","SLICEM","CLEM_X59Y103","304","141","","X3Y1",""
"u_dut/u_unified_p4_kernel/input_mem_reg[0][16][13]","input_mem_reg","FDRE","SLICE_X96Y97","SLICEM.HFF2","SLICE_X96Y97","SLICEM","CLEM_X63Y97","322","147","","X3Y1",""
"u_dut/u_unified_p4_kernel/input_mem_reg[0][16][14]","input_mem_reg","FDRE","SLICE_X88Y97","SLICEL.AFF2","SLICE_X88Y97","SLICEL","CLEL_R_X57Y97","297","147","","X2Y1",""
"u_dut/u_unified_p4_kernel/input_mem_reg[0][16][15]","input_mem_reg","FDRE","SLICE_X90Y103","SLICEM.GFF","SLICE_X90Y103","SLICEM","CLEM_X59Y103","304","141","","X3Y1",""
"u_dut/u_unified_p4_kernel/input_mem_reg[0][16][1]","input_mem_reg","FDRE","SLICE_X88Y97","SLICEL.BFF","SLICE_X88Y97","SLICEL","CLEL_R_X57Y97","297","147","","X2Y1",""
"u_dut/u_unified_p4_kernel/input_mem_reg[0][16][2]","input_mem_reg","FDRE","SLICE_X91Y84","SLICEL.HFF2","SLICE_X91Y84","SLICEL","CLEL_R_X59Y84","306","161","","X3Y1",""
"u_dut/u_unified_p4_kernel/input_mem_reg[0][16][3]","input_mem_reg","FDRE","SLICE_X90Y97","SLICEM.HFF","SLICE_X90Y97","SLICEM","CLEM_X59Y97","304","147","","X3Y1",""
"u_dut/u_unified_p4_kernel/input_mem_reg[0][16][4]","input_mem_reg","FDRE","SLICE_X92Y87","SLICEM.HFF2","SLICE_X92Y87","SLICEM","CLEM_X60Y87","309","158","","X3Y1",""
"u_dut/u_unified_p4_kernel/input_mem_reg[0][16][5]","input_mem_reg","FDRE","SLICE_X91Y84","SLICEL.GFF2","SLICE_X91Y84","SLICEL","CLEL_R_X59Y84","306","161","","X3Y1",""
"u_dut/u_unified_p4_kernel/input_mem_reg[0][16][6]","input_mem_reg","FDRE","SLICE_X92Y87","SLICEM.GFF2","SLICE_X92Y87","SLICEM","CLEM_X60Y87","309","158","","X3Y1",""
"u_dut/u_unified_p4_kernel/input_mem_reg[0][16][7]","input_mem_reg","FDRE","SLICE_X91Y84","SLICEL.FFF2","SLICE_X91Y84","SLICEL","CLEL_R_X59Y84","306","161","","X3Y1",""
"u_dut/u_unified_p4_kernel/input_mem_reg[0][16][8]","input_mem_reg","FDRE","SLICE_X90Y97","SLICEM.GFF","SLICE_X90Y97","SLICEM","CLEM_X59Y97","304","147","","X3Y1",""
"u_dut/u_unified_p4_kernel/input_mem_reg[0][16][9]","input_mem_reg","FDRE","SLICE_X90Y96","SLICEM.GFF","SLICE_X90Y96","SLICEM","CLEM_X59Y96","304","148","","X3Y1",""
"u_dut/u_unified_p4_kernel/input_mem_reg[0][17][0]","input_mem_reg","FDRE","SLICE_X88Y98","SLICEL.HFF2","SLICE_X88Y98","SLICEL","CLEL_R_X57Y98","297","146","","X2Y1",""
"u_dut/u_unified_p4_kernel/input_mem_reg[0][17][10]","input_mem_reg","FDRE","SLICE_X88Y98","SLICEL.GFF2","SLICE_X88Y98","SLICEL","CLEL_R_X57Y98","297","146","","X2Y1",""
"u_dut/u_unified_p4_kernel/input_mem_reg[0][17][11]","input_mem_reg","FDRE","SLICE_X95Y94","SLICEM.HFF2","SLICE_X95Y94","SLICEM","CLEM_X62Y94","318","150","","X3Y1",""
"u_dut/u_unified_p4_kernel/input_mem_reg[0][17][12]","input_mem_reg","FDRE","SLICE_X90Y90","SLICEM.HFF2","SLICE_X90Y90","SLICEM","CLEM_X59Y90","304","154","","X3Y1",""
"u_dut/u_unified_p4_kernel/input_mem_reg[0][17][13]","input_mem_reg","FDRE","SLICE_X89Y91","SLICEM.HFF2","SLICE_X89Y91","SLICEM","CLEM_X58Y91","300","153","","X2Y1",""
"u_dut/u_unified_p4_kernel/input_mem_reg[0][17][14]","input_mem_reg","FDRE","SLICE_X91Y98","SLICEL.HFF2","SLICE_X91Y98","SLICEL","CLEL_R_X59Y98","306","146","","X3Y1",""
"u_dut/u_unified_p4_kernel/input_mem_reg[0][17][15]","input_mem_reg","FDRE","SLICE_X95Y94","SLICEM.GFF2","SLICE_X95Y94","SLICEM","CLEM_X62Y94","318","150","","X3Y1",""
"u_dut/u_unified_p4_kernel/input_mem_reg[0][17][1]","input_mem_reg","FDRE","SLICE_X92Y94","SLICEM.DFF2","SLICE_X92Y94","SLICEM","CLEM_X60Y94","309","150","","X3Y1",""
"u_dut/u_unified_p4_kernel/input_mem_reg[0][17][2]","input_mem_reg","FDRE","SLICE_X90Y97","SLICEM.FFF","SLICE_X90Y97","SLICEM","CLEM_X59Y97","304","147","","X3Y1",""
"u_dut/u_unified_p4_kernel/input_mem_reg[0][17][3]","input_mem_reg","FDRE","SLICE_X91Y92","SLICEL.HFF2","SLICE_X91Y92","SLICEL","CLEL_R_X59Y92","306","152","","X3Y1",""
"u_dut/u_unified_p4_kernel/input_mem_reg[0][17][4]","input_mem_reg","FDRE","SLICE_X90Y97","SLICEM.EFF","SLICE_X90Y97","SLICEM","CLEM_X59Y97","304","147","","X3Y1",""
"u_dut/u_unified_p4_kernel/input_mem_reg[0][17][5]","input_mem_reg","FDRE","SLICE_X88Y97","SLICEL.BFF2","SLICE_X88Y97","SLICEL","CLEL_R_X57Y97","297","147","","X2Y1",""
"u_dut/u_unified_p4_kernel/input_mem_reg[0][17][6]","input_mem_reg","FDRE","SLICE_X92Y94","SLICEM.CFF2","SLICE_X92Y94","SLICEM","CLEM_X60Y94","309","150","","X3Y1",""
"u_dut/u_unified_p4_kernel/input_mem_reg[0][17][7]","input_mem_reg","FDRE","SLICE_X91Y84","SLICEL.EFF2","SLICE_X91Y84","SLICEL","CLEL_R_X59Y84","306","161","","X3Y1",""
"u_dut/u_unified_p4_kernel/input_mem_reg[0][17][8]","input_mem_reg","FDRE","SLICE_X91Y98","SLICEL.GFF2","SLICE_X91Y98","SLICEL","CLEL_R_X59Y98","306","146","","X3Y1",""
"u_dut/u_unified_p4_kernel/input_mem_reg[0][17][9]","input_mem_reg","FDRE","SLICE_X95Y94","SLICEM.FFF2","SLICE_X95Y94","SLICEM","CLEM_X62Y94","318","150","","X3Y1",""
"u_dut/u_unified_p4_kernel/input_mem_reg[0][18][0]","input_mem_reg","FDRE","SLICE_X89Y94","SLICEM.DFF2","SLICE_X89Y94","SLICEM","CLEM_X58Y94","300","150","","X2Y1",""
"u_dut/u_unified_p4_kernel/input_mem_reg[0][18][10]","input_mem_reg","FDRE","SLICE_X90Y93","SLICEM.HFF2","SLICE_X90Y93","SLICEM","CLEM_X59Y93","304","151","","X3Y1",""
"u_dut/u_unified_p4_kernel/input_mem_reg[0][18][11]","input_mem_reg","FDRE","SLICE_X96Y100","SLICEM.HFF2","SLICE_X96Y100","SLICEM","CLEM_X63Y100","322","144","","X3Y1",""
"u_dut/u_unified_p4_kernel/input_mem_reg[0][18][12]","input_mem_reg","FDRE","SLICE_X93Y97","SLICEM.HFF2","SLICE_X93Y97","SLICEM","CLEM_X61Y97","313","147","","X3Y1",""
"u_dut/u_unified_p4_kernel/input_mem_reg[0][18][13]","input_mem_reg","FDRE","SLICE_X96Y100","SLICEM.GFF2","SLICE_X96Y100","SLICEM","CLEM_X63Y100","322","144","","X3Y1",""
"u_dut/u_unified_p4_kernel/input_mem_reg[0][18][14]","input_mem_reg","FDRE","SLICE_X96Y100","SLICEM.FFF2","SLICE_X96Y100","SLICEM","CLEM_X63Y100","322","144","","X3Y1",""
"u_dut/u_unified_p4_kernel/input_mem_reg[0][18][15]","input_mem_reg","FDRE","SLICE_X94Y99","SLICEL.HFF2","SLICE_X94Y99","SLICEL","CLEL_R_X61Y99","315","145","","X3Y1",""
"u_dut/u_unified_p4_kernel/input_mem_reg[0][18][1]","input_mem_reg","FDRE","SLICE_X92Y94","SLICEM.BFF2","SLICE_X92Y94","SLICEM","CLEM_X60Y94","309","150","","X3Y1",""
"u_dut/u_unified_p4_kernel/input_mem_reg[0][18][2]","input_mem_reg","FDRE","SLICE_X90Y93","SLICEM.GFF2","SLICE_X90Y93","SLICEM","CLEM_X59Y93","304","151","","X3Y1",""
"u_dut/u_unified_p4_kernel/input_mem_reg[0][18][3]","input_mem_reg","FDRE","SLICE_X90Y96","SLICEM.FFF","SLICE_X90Y96","SLICEM","CLEM_X59Y96","304","148","","X3Y1",""
"u_dut/u_unified_p4_kernel/input_mem_reg[0][18][4]","input_mem_reg","FDRE","SLICE_X90Y96","SLICEM.EFF","SLICE_X90Y96","SLICEM","CLEM_X59Y96","304","148","","X3Y1",""
"u_dut/u_unified_p4_kernel/input_mem_reg[0][18][5]","input_mem_reg","FDRE","SLICE_X88Y97","SLICEL.CFF","SLICE_X88Y97","SLICEL","CLEL_R_X57Y97","297","147","","X2Y1",""
"u_dut/u_unified_p4_kernel/input_mem_reg[0][18][6]","input_mem_reg","FDRE","SLICE_X96Y100","SLICEM.EFF2","SLICE_X96Y100","SLICEM","CLEM_X63Y100","322","144","","X3Y1",""
"u_dut/u_unified_p4_kernel/input_mem_reg[0][18][7]","input_mem_reg","FDRE","SLICE_X90Y93","SLICEM.FFF2","SLICE_X90Y93","SLICEM","CLEM_X59Y93","304","151","","X3Y1",""
"u_dut/u_unified_p4_kernel/input_mem_reg[0][18][8]","input_mem_reg","FDRE","SLICE_X93Y97","SLICEM.GFF2","SLICE_X93Y97","SLICEM","CLEM_X61Y97","313","147","","X3Y1",""
"u_dut/u_unified_p4_kernel/input_mem_reg[0][18][9]","input_mem_reg","FDRE","SLICE_X96Y97","SLICEM.GFF2","SLICE_X96Y97","SLICEM","CLEM_X63Y97","322","147","","X3Y1",""
"u_dut/u_unified_p4_kernel/input_mem_reg[0][19][0]","input_mem_reg","FDRE","SLICE_X98Y93","SLICEM.HFF2","SLICE_X98Y93","SLICEM","CLEM_X64Y93","327","151","","X3Y1",""
"u_dut/u_unified_p4_kernel/input_mem_reg[0][19][10]","input_mem_reg","FDRE","SLICE_X95Y94","SLICEM.EFF2","SLICE_X95Y94","SLICEM","CLEM_X62Y94","318","150","","X3Y1",""
"u_dut/u_unified_p4_kernel/input_mem_reg[0][19][11]","input_mem_reg","FDRE","SLICE_X89Y101","SLICEM.HFF2","SLICE_X89Y101","SLICEM","CLEM_X58Y101","300","143","","X2Y1",""
"u_dut/u_unified_p4_kernel/input_mem_reg[0][19][12]","input_mem_reg","FDRE","SLICE_X93Y96","SLICEM.HFF","SLICE_X93Y96","SLICEM","CLEM_X61Y96","313","148","","X3Y1",""
"u_dut/u_unified_p4_kernel/input_mem_reg[0][19][13]","input_mem_reg","FDRE","SLICE_X97Y97","SLICEL.HFF","SLICE_X97Y97","SLICEL","CLEL_R_X63Y97","324","147","","X3Y1",""
"u_dut/u_unified_p4_kernel/input_mem_reg[0][19][14]","input_mem_reg","FDRE","SLICE_X88Y97","SLICEL.CFF2","SLICE_X88Y97","SLICEL","CLEL_R_X57Y97","297","147","","X2Y1",""
"u_dut/u_unified_p4_kernel/input_mem_reg[0][19][15]","input_mem_reg","FDRE","SLICE_X98Y93","SLICEM.GFF2","SLICE_X98Y93","SLICEM","CLEM_X64Y93","327","151","","X3Y1",""
"u_dut/u_unified_p4_kernel/input_mem_reg[0][19][1]","input_mem_reg","FDRE","SLICE_X98Y93","SLICEM.FFF2","SLICE_X98Y93","SLICEM","CLEM_X64Y93","327","151","","X3Y1",""
"u_dut/u_unified_p4_kernel/input_mem_reg[0][19][2]","input_mem_reg","FDRE","SLICE_X98Y95","SLICEM.HFF2","SLICE_X98Y95","SLICEM","CLEM_X64Y95","327","149","","X3Y1",""
"u_dut/u_unified_p4_kernel/input_mem_reg[0][19][3]","input_mem_reg","FDRE","SLICE_X89Y101","SLICEM.GFF2","SLICE_X89Y101","SLICEM","CLEM_X58Y101","300","143","","X2Y1",""
"u_dut/u_unified_p4_kernel/input_mem_reg[0][19][4]","input_mem_reg","FDRE","SLICE_X93Y99","SLICEM.AFF","SLICE_X93Y99","SLICEM","CLEM_X61Y99","313","145","","X3Y1",""
"u_dut/u_unified_p4_kernel/input_mem_reg[0][19][5]","input_mem_reg","FDRE","SLICE_X93Y96","SLICEM.GFF","SLICE_X93Y96","SLICEM","CLEM_X61Y96","313","148","","X3Y1",""
"u_dut/u_unified_p4_kernel/input_mem_reg[0][19][6]","input_mem_reg","FDRE","SLICE_X88Y97","SLICEL.DFF","SLICE_X88Y97","SLICEL","CLEL_R_X57Y97","297","147","","X2Y1",""
"u_dut/u_unified_p4_kernel/input_mem_reg[0][19][7]","input_mem_reg","FDRE","SLICE_X88Y98","SLICEL.FFF2","SLICE_X88Y98","SLICEL","CLEL_R_X57Y98","297","146","","X2Y1",""
"u_dut/u_unified_p4_kernel/input_mem_reg[0][19][8]","input_mem_reg","FDRE","SLICE_X98Y95","SLICEM.GFF2","SLICE_X98Y95","SLICEM","CLEM_X64Y95","327","149","","X3Y1",""
"u_dut/u_unified_p4_kernel/input_mem_reg[0][19][9]","input_mem_reg","FDRE","SLICE_X98Y93","SLICEM.EFF2","SLICE_X98Y93","SLICEM","CLEM_X64Y93","327","151","","X3Y1",""
"u_dut/u_unified_p4_kernel/input_mem_reg[0][1][0]","input_mem_reg","FDRE","SLICE_X86Y78","SLICEM.HFF","SLICE_X86Y78","SLICEM","CLEM_X56Y78","291","167","","X2Y1",""
"u_dut/u_unified_p4_kernel/input_mem_reg[0][1][10]","input_mem_reg","FDRE","SLICE_X92Y91","SLICEM.DFF2","SLICE_X92Y91","SLICEM","CLEM_X60Y91","309","153","","X3Y1",""
"u_dut/u_unified_p4_kernel/input_mem_reg[0][1][11]","input_mem_reg","FDRE","SLICE_X85Y76","SLICEL.HFF2","SLICE_X85Y76","SLICEL","CLEL_R_X55Y76","288","169","","X2Y1",""
"u_dut/u_unified_p4_kernel/input_mem_reg[0][1][12]","input_mem_reg","FDRE","SLICE_X95Y90","SLICEM.HFF2","SLICE_X95Y90","SLICEM","CLEM_X62Y90","318","154","","X3Y1",""
"u_dut/u_unified_p4_kernel/input_mem_reg[0][1][13]","input_mem_reg","FDRE","SLICE_X89Y94","SLICEM.DFF","SLICE_X89Y94","SLICEM","CLEM_X58Y94","300","150","","X2Y1",""
"u_dut/u_unified_p4_kernel/input_mem_reg[0][1][14]","input_mem_reg","FDRE","SLICE_X87Y80","SLICEL.AFF","SLICE_X87Y80","SLICEL","CLEL_R_X56Y80","293","165","","X2Y1",""
"u_dut/u_unified_p4_kernel/input_mem_reg[0][1][15]","input_mem_reg","FDRE","SLICE_X86Y86","SLICEM.HFF2","SLICE_X86Y86","SLICEM","CLEM_X56Y86","291","159","","X2Y1",""
"u_dut/u_unified_p4_kernel/input_mem_reg[0][1][1]","input_mem_reg","FDRE","SLICE_X86Y86","SLICEM.GFF2","SLICE_X86Y86","SLICEM","CLEM_X56Y86","291","159","","X2Y1",""
"u_dut/u_unified_p4_kernel/input_mem_reg[0][1][2]","input_mem_reg","FDRE","SLICE_X85Y76","SLICEL.GFF2","SLICE_X85Y76","SLICEL","CLEL_R_X55Y76","288","169","","X2Y1",""
"u_dut/u_unified_p4_kernel/input_mem_reg[0][1][3]","input_mem_reg","FDRE","SLICE_X85Y76","SLICEL.FFF2","SLICE_X85Y76","SLICEL","CLEL_R_X55Y76","288","169","","X2Y1",""
"u_dut/u_unified_p4_kernel/input_mem_reg[0][1][4]","input_mem_reg","FDRE","SLICE_X95Y90","SLICEM.GFF2","SLICE_X95Y90","SLICEM","CLEM_X62Y90","318","154","","X3Y1",""
"u_dut/u_unified_p4_kernel/input_mem_reg[0][1][5]","input_mem_reg","FDRE","SLICE_X87Y78","SLICEL.HFF2","SLICE_X87Y78","SLICEL","CLEL_R_X56Y78","293","167","","X2Y1",""
"u_dut/u_unified_p4_kernel/input_mem_reg[0][1][6]","input_mem_reg","FDRE","SLICE_X87Y78","SLICEL.GFF2","SLICE_X87Y78","SLICEL","CLEL_R_X56Y78","293","167","","X2Y1",""
"u_dut/u_unified_p4_kernel/input_mem_reg[0][1][7]","input_mem_reg","FDRE","SLICE_X86Y78","SLICEM.GFF","SLICE_X86Y78","SLICEM","CLEM_X56Y78","291","167","","X2Y1",""
"u_dut/u_unified_p4_kernel/input_mem_reg[0][1][8]","input_mem_reg","FDRE","SLICE_X86Y78","SLICEM.FFF","SLICE_X86Y78","SLICEM","CLEM_X56Y78","291","167","","X2Y1",""
"u_dut/u_unified_p4_kernel/input_mem_reg[0][1][9]","input_mem_reg","FDRE","SLICE_X86Y79","SLICEM.HFF2","SLICE_X86Y79","SLICEM","CLEM_X56Y79","291","166","","X2Y1",""
"u_dut/u_unified_p4_kernel/input_mem_reg[0][20][0]","input_mem_reg","FDRE","SLICE_X94Y98","SLICEL.AFF","SLICE_X94Y98","SLICEL","CLEL_R_X61Y98","315","146","","X3Y1",""
"u_dut/u_unified_p4_kernel/input_mem_reg[0][20][10]","input_mem_reg","FDRE","SLICE_X94Y96","SLICEL.HFF2","SLICE_X94Y96","SLICEL","CLEL_R_X61Y96","315","148","","X3Y1",""
"u_dut/u_unified_p4_kernel/input_mem_reg[0][20][11]","input_mem_reg","FDRE","SLICE_X89Y84","SLICEM.HFF2","SLICE_X89Y84","SLICEM","CLEM_X58Y84","300","161","","X2Y1",""
"u_dut/u_unified_p4_kernel/input_mem_reg[0][20][12]","input_mem_reg","FDRE","SLICE_X94Y81","SLICEL.HFF2","SLICE_X94Y81","SLICEL","CLEL_R_X61Y81","315","164","","X3Y1",""
"u_dut/u_unified_p4_kernel/input_mem_reg[0][20][13]","input_mem_reg","FDRE","SLICE_X96Y91","SLICEM.HFF2","SLICE_X96Y91","SLICEM","CLEM_X63Y91","322","153","","X3Y1",""
"u_dut/u_unified_p4_kernel/input_mem_reg[0][20][14]","input_mem_reg","FDRE","SLICE_X93Y89","SLICEM.DFF","SLICE_X93Y89","SLICEM","CLEM_X61Y89","313","156","","X3Y1",""
"u_dut/u_unified_p4_kernel/input_mem_reg[0][20][15]","input_mem_reg","FDRE","SLICE_X90Y86","SLICEM.HFF2","SLICE_X90Y86","SLICEM","CLEM_X59Y86","304","159","","X3Y1",""
"u_dut/u_unified_p4_kernel/input_mem_reg[0][20][1]","input_mem_reg","FDRE","SLICE_X96Y91","SLICEM.GFF2","SLICE_X96Y91","SLICEM","CLEM_X63Y91","322","153","","X3Y1",""
"u_dut/u_unified_p4_kernel/input_mem_reg[0][20][2]","input_mem_reg","FDRE","SLICE_X96Y91","SLICEM.FFF2","SLICE_X96Y91","SLICEM","CLEM_X63Y91","322","153","","X3Y1",""
"u_dut/u_unified_p4_kernel/input_mem_reg[0][20][3]","input_mem_reg","FDRE","SLICE_X94Y81","SLICEL.GFF2","SLICE_X94Y81","SLICEL","CLEL_R_X61Y81","315","164","","X3Y1",""
"u_dut/u_unified_p4_kernel/input_mem_reg[0][20][4]","input_mem_reg","FDRE","SLICE_X94Y98","SLICEL.AFF2","SLICE_X94Y98","SLICEL","CLEL_R_X61Y98","315","146","","X3Y1",""
"u_dut/u_unified_p4_kernel/input_mem_reg[0][20][5]","input_mem_reg","FDRE","SLICE_X90Y85","SLICEM.HFF2","SLICE_X90Y85","SLICEM","CLEM_X59Y85","304","160","","X3Y1",""
"u_dut/u_unified_p4_kernel/input_mem_reg[0][20][6]","input_mem_reg","FDRE","SLICE_X94Y96","SLICEL.GFF2","SLICE_X94Y96","SLICEL","CLEL_R_X61Y96","315","148","","X3Y1",""
"u_dut/u_unified_p4_kernel/input_mem_reg[0][20][7]","input_mem_reg","FDRE","SLICE_X89Y86","SLICEM.HFF","SLICE_X89Y86","SLICEM","CLEM_X58Y86","300","159","","X2Y1",""
"u_dut/u_unified_p4_kernel/input_mem_reg[0][20][8]","input_mem_reg","FDRE","SLICE_X88Y96","SLICEL.HFF2","SLICE_X88Y96","SLICEL","CLEL_R_X57Y96","297","148","","X2Y1",""
"u_dut/u_unified_p4_kernel/input_mem_reg[0][20][9]","input_mem_reg","FDRE","SLICE_X88Y96","SLICEL.GFF2","SLICE_X88Y96","SLICEL","CLEL_R_X57Y96","297","148","","X2Y1",""
"u_dut/u_unified_p4_kernel/input_mem_reg[0][21][0]","input_mem_reg","FDRE","SLICE_X97Y83","SLICEL.EFF","SLICE_X97Y83","SLICEL","CLEL_R_X63Y83","324","162","","X3Y1",""
"u_dut/u_unified_p4_kernel/input_mem_reg[0][21][10]","input_mem_reg","FDRE","SLICE_X89Y86","SLICEM.GFF","SLICE_X89Y86","SLICEM","CLEM_X58Y86","300","159","","X2Y1",""
"u_dut/u_unified_p4_kernel/input_mem_reg[0][21][11]","input_mem_reg","FDRE","SLICE_X89Y84","SLICEM.GFF2","SLICE_X89Y84","SLICEM","CLEM_X58Y84","300","161","","X2Y1",""
"u_dut/u_unified_p4_kernel/input_mem_reg[0][21][12]","input_mem_reg","FDRE","SLICE_X95Y83","SLICEM.HFF","SLICE_X95Y83","SLICEM","CLEM_X62Y83","318","162","","X3Y1",""
"u_dut/u_unified_p4_kernel/input_mem_reg[0][21][13]","input_mem_reg","FDRE","SLICE_X95Y97","SLICEM.HFF2","SLICE_X95Y97","SLICEM","CLEM_X62Y97","318","147","","X3Y1",""
"u_dut/u_unified_p4_kernel/input_mem_reg[0][21][14]","input_mem_reg","FDRE","SLICE_X88Y95","SLICEL.DFF2","SLICE_X88Y95","SLICEL","CLEL_R_X57Y95","297","149","","X2Y1",""
"u_dut/u_unified_p4_kernel/input_mem_reg[0][21][15]","input_mem_reg","FDRE","SLICE_X94Y98","SLICEL.BFF","SLICE_X94Y98","SLICEL","CLEL_R_X61Y98","315","146","","X3Y1",""
"u_dut/u_unified_p4_kernel/input_mem_reg[0][21][1]","input_mem_reg","FDRE","SLICE_X96Y82","SLICEM.HFF2","SLICE_X96Y82","SLICEM","CLEM_X63Y82","322","163","","X3Y1",""
"u_dut/u_unified_p4_kernel/input_mem_reg[0][21][2]","input_mem_reg","FDRE","SLICE_X90Y92","SLICEM.DFF","SLICE_X90Y92","SLICEM","CLEM_X59Y92","304","152","","X3Y1",""
"u_dut/u_unified_p4_kernel/input_mem_reg[0][21][3]","input_mem_reg","FDRE","SLICE_X96Y82","SLICEM.GFF2","SLICE_X96Y82","SLICEM","CLEM_X63Y82","322","163","","X3Y1",""
"u_dut/u_unified_p4_kernel/input_mem_reg[0][21][4]","input_mem_reg","FDRE","SLICE_X94Y81","SLICEL.FFF2","SLICE_X94Y81","SLICEL","CLEL_R_X61Y81","315","164","","X3Y1",""
"u_dut/u_unified_p4_kernel/input_mem_reg[0][21][5]","input_mem_reg","FDRE","SLICE_X88Y95","SLICEL.CFF2","SLICE_X88Y95","SLICEL","CLEL_R_X57Y95","297","149","","X2Y1",""
"u_dut/u_unified_p4_kernel/input_mem_reg[0][21][6]","input_mem_reg","FDRE","SLICE_X93Y82","SLICEM.DFF2","SLICE_X93Y82","SLICEM","CLEM_X61Y82","313","163","","X3Y1",""
"u_dut/u_unified_p4_kernel/input_mem_reg[0][21][7]","input_mem_reg","FDRE","SLICE_X90Y92","SLICEM.CFF","SLICE_X90Y92","SLICEM","CLEM_X59Y92","304","152","","X3Y1",""
"u_dut/u_unified_p4_kernel/input_mem_reg[0][21][8]","input_mem_reg","FDRE","SLICE_X90Y92","SLICEM.BFF","SLICE_X90Y92","SLICEM","CLEM_X59Y92","304","152","","X3Y1",""
"u_dut/u_unified_p4_kernel/input_mem_reg[0][21][9]","input_mem_reg","FDRE","SLICE_X90Y86","SLICEM.GFF2","SLICE_X90Y86","SLICEM","CLEM_X59Y86","304","159","","X3Y1",""
"u_dut/u_unified_p4_kernel/input_mem_reg[0][22][0]","input_mem_reg","FDRE","SLICE_X90Y82","SLICEM.HFF2","SLICE_X90Y82","SLICEM","CLEM_X59Y82","304","163","","X3Y1",""
"u_dut/u_unified_p4_kernel/input_mem_reg[0][22][10]","input_mem_reg","FDRE","SLICE_X90Y82","SLICEM.GFF2","SLICE_X90Y82","SLICEM","CLEM_X59Y82","304","163","","X3Y1",""
"u_dut/u_unified_p4_kernel/input_mem_reg[0][22][11]","input_mem_reg","FDRE","SLICE_X97Y94","SLICEL.HFF2","SLICE_X97Y94","SLICEL","CLEL_R_X63Y94","324","150","","X3Y1",""
"u_dut/u_unified_p4_kernel/input_mem_reg[0][22][12]","input_mem_reg","FDRE","SLICE_X89Y93","SLICEM.DFF","SLICE_X89Y93","SLICEM","CLEM_X58Y93","300","151","","X2Y1",""
"u_dut/u_unified_p4_kernel/input_mem_reg[0][22][13]","input_mem_reg","FDRE","SLICE_X90Y82","SLICEM.FFF2","SLICE_X90Y82","SLICEM","CLEM_X59Y82","304","163","","X3Y1",""
"u_dut/u_unified_p4_kernel/input_mem_reg[0][22][14]","input_mem_reg","FDRE","SLICE_X96Y95","SLICEM.HFF","SLICE_X96Y95","SLICEM","CLEM_X63Y95","322","149","","X3Y1",""
"u_dut/u_unified_p4_kernel/input_mem_reg[0][22][15]","input_mem_reg","FDRE","SLICE_X88Y96","SLICEL.FFF2","SLICE_X88Y96","SLICEL","CLEL_R_X57Y96","297","148","","X2Y1",""
"u_dut/u_unified_p4_kernel/input_mem_reg[0][22][1]","input_mem_reg","FDRE","SLICE_X96Y86","SLICEM.HFF2","SLICE_X96Y86","SLICEM","CLEM_X63Y86","322","159","","X3Y1",""
"u_dut/u_unified_p4_kernel/input_mem_reg[0][22][2]","input_mem_reg","FDRE","SLICE_X96Y86","SLICEM.GFF2","SLICE_X96Y86","SLICEM","CLEM_X63Y86","322","159","","X3Y1",""
"u_dut/u_unified_p4_kernel/input_mem_reg[0][22][3]","input_mem_reg","FDRE","SLICE_X95Y85","SLICEM.HFF","SLICE_X95Y85","SLICEM","CLEM_X62Y85","318","160","","X3Y1",""
"u_dut/u_unified_p4_kernel/input_mem_reg[0][22][4]","input_mem_reg","FDRE","SLICE_X97Y91","SLICEL.HFF","SLICE_X97Y91","SLICEL","CLEL_R_X63Y91","324","153","","X3Y1",""
"u_dut/u_unified_p4_kernel/input_mem_reg[0][22][5]","input_mem_reg","FDRE","SLICE_X88Y83","SLICEL.HFF2","SLICE_X88Y83","SLICEL","CLEL_R_X57Y83","297","162","","X2Y1",""
"u_dut/u_unified_p4_kernel/input_mem_reg[0][22][6]","input_mem_reg","FDRE","SLICE_X90Y82","SLICEM.EFF2","SLICE_X90Y82","SLICEM","CLEM_X59Y82","304","163","","X3Y1",""
"u_dut/u_unified_p4_kernel/input_mem_reg[0][22][7]","input_mem_reg","FDRE","SLICE_X97Y94","SLICEL.GFF2","SLICE_X97Y94","SLICEL","CLEL_R_X63Y94","324","150","","X3Y1",""
"u_dut/u_unified_p4_kernel/input_mem_reg[0][22][8]","input_mem_reg","FDRE","SLICE_X87Y93","SLICEL.HFF2","SLICE_X87Y93","SLICEL","CLEL_R_X56Y93","293","151","","X2Y1",""
"u_dut/u_unified_p4_kernel/input_mem_reg[0][22][9]","input_mem_reg","FDRE","SLICE_X87Y88","SLICEL.HFF","SLICE_X87Y88","SLICEL","CLEL_R_X56Y88","293","157","","X2Y1",""
"u_dut/u_unified_p4_kernel/input_mem_reg[0][23][0]","input_mem_reg","FDRE","SLICE_X96Y90","SLICEM.HFF2","SLICE_X96Y90","SLICEM","CLEM_X63Y90","322","154","","X3Y1",""
"u_dut/u_unified_p4_kernel/input_mem_reg[0][23][10]","input_mem_reg","FDRE","SLICE_X97Y90","SLICEL.HFF2","SLICE_X97Y90","SLICEL","CLEL_R_X63Y90","324","154","","X3Y1",""
"u_dut/u_unified_p4_kernel/input_mem_reg[0][23][11]","input_mem_reg","FDRE","SLICE_X86Y98","SLICEM.AFF","SLICE_X86Y98","SLICEM","CLEM_X56Y98","291","146","","X2Y1",""
"u_dut/u_unified_p4_kernel/input_mem_reg[0][23][12]","input_mem_reg","FDRE","SLICE_X96Y95","SLICEM.GFF","SLICE_X96Y95","SLICEM","CLEM_X63Y95","322","149","","X3Y1",""
"u_dut/u_unified_p4_kernel/input_mem_reg[0][23][13]","input_mem_reg","FDRE","SLICE_X97Y90","SLICEL.GFF2","SLICE_X97Y90","SLICEL","CLEL_R_X63Y90","324","154","","X3Y1",""
"u_dut/u_unified_p4_kernel/input_mem_reg[0][23][14]","input_mem_reg","FDRE","SLICE_X94Y96","SLICEL.FFF2","SLICE_X94Y96","SLICEL","CLEL_R_X61Y96","315","148","","X3Y1",""
"u_dut/u_unified_p4_kernel/input_mem_reg[0][23][15]","input_mem_reg","FDRE","SLICE_X95Y97","SLICEM.GFF2","SLICE_X95Y97","SLICEM","CLEM_X62Y97","318","147","","X3Y1",""
"u_dut/u_unified_p4_kernel/input_mem_reg[0][23][1]","input_mem_reg","FDRE","SLICE_X95Y89","SLICEM.HFF","SLICE_X95Y89","SLICEM","CLEM_X62Y89","318","156","","X3Y1",""
"u_dut/u_unified_p4_kernel/input_mem_reg[0][23][2]","input_mem_reg","FDRE","SLICE_X96Y90","SLICEM.GFF2","SLICE_X96Y90","SLICEM","CLEM_X63Y90","322","154","","X3Y1",""
"u_dut/u_unified_p4_kernel/input_mem_reg[0][23][3]","input_mem_reg","FDRE","SLICE_X94Y96","SLICEL.EFF2","SLICE_X94Y96","SLICEL","CLEL_R_X61Y96","315","148","","X3Y1",""
"u_dut/u_unified_p4_kernel/input_mem_reg[0][23][4]","input_mem_reg","FDRE","SLICE_X96Y90","SLICEM.FFF2","SLICE_X96Y90","SLICEM","CLEM_X63Y90","322","154","","X3Y1",""
"u_dut/u_unified_p4_kernel/input_mem_reg[0][23][5]","input_mem_reg","FDRE","SLICE_X86Y98","SLICEM.AFF2","SLICE_X86Y98","SLICEM","CLEM_X56Y98","291","146","","X2Y1",""
"u_dut/u_unified_p4_kernel/input_mem_reg[0][23][6]","input_mem_reg","FDRE","SLICE_X97Y94","SLICEL.FFF2","SLICE_X97Y94","SLICEL","CLEL_R_X63Y94","324","150","","X3Y1",""
"u_dut/u_unified_p4_kernel/input_mem_reg[0][23][7]","input_mem_reg","FDRE","SLICE_X96Y95","SLICEM.FFF","SLICE_X96Y95","SLICEM","CLEM_X63Y95","322","149","","X3Y1",""
"u_dut/u_unified_p4_kernel/input_mem_reg[0][23][8]","input_mem_reg","FDRE","SLICE_X96Y95","SLICEM.EFF","SLICE_X96Y95","SLICEM","CLEM_X63Y95","322","149","","X3Y1",""
"u_dut/u_unified_p4_kernel/input_mem_reg[0][23][9]","input_mem_reg","FDRE","SLICE_X95Y97","SLICEM.FFF2","SLICE_X95Y97","SLICEM","CLEM_X62Y97","318","147","","X3Y1",""
"u_dut/u_unified_p4_kernel/input_mem_reg[0][24][0]","input_mem_reg","FDRE","SLICE_X88Y108","SLICEL.HFF","SLICE_X88Y108","SLICEL","CLEL_R_X57Y108","297","136","","X2Y1",""
"u_dut/u_unified_p4_kernel/input_mem_reg[0][24][10]","input_mem_reg","FDRE","SLICE_X88Y105","SLICEL.HFF2","SLICE_X88Y105","SLICEL","CLEL_R_X57Y105","297","139","","X2Y1",""
"u_dut/u_unified_p4_kernel/input_mem_reg[0][24][11]","input_mem_reg","FDRE","SLICE_X88Y108","SLICEL.GFF","SLICE_X88Y108","SLICEL","CLEL_R_X57Y108","297","136","","X2Y1",""
"u_dut/u_unified_p4_kernel/input_mem_reg[0][24][12]","input_mem_reg","FDRE","SLICE_X90Y105","SLICEM.AFF","SLICE_X90Y105","SLICEM","CLEM_X59Y105","304","139","","X3Y1",""
"u_dut/u_unified_p4_kernel/input_mem_reg[0][24][13]","input_mem_reg","FDRE","SLICE_X91Y110","SLICEL.HFF","SLICE_X91Y110","SLICEL","CLEL_R_X59Y110","306","134","","X3Y1",""
"u_dut/u_unified_p4_kernel/input_mem_reg[0][24][14]","input_mem_reg","FDRE","SLICE_X90Y105","SLICEM.AFF2","SLICE_X90Y105","SLICEM","CLEM_X59Y105","304","139","","X3Y1",""
"u_dut/u_unified_p4_kernel/input_mem_reg[0][24][15]","input_mem_reg","FDRE","SLICE_X89Y107","SLICEM.HFF2","SLICE_X89Y107","SLICEM","CLEM_X58Y107","300","137","","X2Y1",""
"u_dut/u_unified_p4_kernel/input_mem_reg[0][24][1]","input_mem_reg","FDRE","SLICE_X90Y109","SLICEM.HFF","SLICE_X90Y109","SLICEM","CLEM_X59Y109","304","135","","X3Y1",""
"u_dut/u_unified_p4_kernel/input_mem_reg[0][24][2]","input_mem_reg","FDRE","SLICE_X91Y110","SLICEL.GFF","SLICE_X91Y110","SLICEL","CLEL_R_X59Y110","306","134","","X3Y1",""
"u_dut/u_unified_p4_kernel/input_mem_reg[0][24][3]","input_mem_reg","FDRE","SLICE_X90Y107","SLICEM.HFF2","SLICE_X90Y107","SLICEM","CLEM_X59Y107","304","137","","X3Y1",""
"u_dut/u_unified_p4_kernel/input_mem_reg[0][24][4]","input_mem_reg","FDRE","SLICE_X89Y107","SLICEM.GFF2","SLICE_X89Y107","SLICEM","CLEM_X58Y107","300","137","","X2Y1",""
"u_dut/u_unified_p4_kernel/input_mem_reg[0][24][5]","input_mem_reg","FDRE","SLICE_X90Y105","SLICEM.BFF","SLICE_X90Y105","SLICEM","CLEM_X59Y105","304","139","","X3Y1",""
"u_dut/u_unified_p4_kernel/input_mem_reg[0][24][6]","input_mem_reg","FDRE","SLICE_X88Y110","SLICEL.HFF2","SLICE_X88Y110","SLICEL","CLEL_R_X57Y110","297","134","","X2Y1",""
"u_dut/u_unified_p4_kernel/input_mem_reg[0][24][7]","input_mem_reg","FDRE","SLICE_X88Y110","SLICEL.GFF2","SLICE_X88Y110","SLICEL","CLEL_R_X57Y110","297","134","","X2Y1",""
"u_dut/u_unified_p4_kernel/input_mem_reg[0][24][8]","input_mem_reg","FDRE","SLICE_X88Y110","SLICEL.FFF2","SLICE_X88Y110","SLICEL","CLEL_R_X57Y110","297","134","","X2Y1",""
"u_dut/u_unified_p4_kernel/input_mem_reg[0][24][9]","input_mem_reg","FDRE","SLICE_X88Y110","SLICEL.EFF2","SLICE_X88Y110","SLICEL","CLEL_R_X57Y110","297","134","","X2Y1",""
"u_dut/u_unified_p4_kernel/input_mem_reg[0][25][0]","input_mem_reg","FDRE","SLICE_X97Y106","SLICEL.HFF2","SLICE_X97Y106","SLICEL","CLEL_R_X63Y106","324","138","","X3Y1",""
"u_dut/u_unified_p4_kernel/input_mem_reg[0][25][10]","input_mem_reg","FDRE","SLICE_X97Y103","SLICEL.HFF2","SLICE_X97Y103","SLICEL","CLEL_R_X63Y103","324","141","","X3Y1",""
"u_dut/u_unified_p4_kernel/input_mem_reg[0][25][11]","input_mem_reg","FDRE","SLICE_X97Y106","SLICEL.GFF2","SLICE_X97Y106","SLICEL","CLEL_R_X63Y106","324","138","","X3Y1",""
"u_dut/u_unified_p4_kernel/input_mem_reg[0][25][12]","input_mem_reg","FDRE","SLICE_X98Y104","SLICEM.HFF2","SLICE_X98Y104","SLICEM","CLEM_X64Y104","327","140","","X3Y1",""
"u_dut/u_unified_p4_kernel/input_mem_reg[0][25][13]","input_mem_reg","FDRE","SLICE_X99Y105","SLICEL.HFF","SLICE_X99Y105","SLICEL","CLEL_R_X64Y105","329","139","","X3Y1",""
"u_dut/u_unified_p4_kernel/input_mem_reg[0][25][14]","input_mem_reg","FDRE","SLICE_X97Y107","SLICEL.HFF2","SLICE_X97Y107","SLICEL","CLEL_R_X63Y107","324","137","","X3Y1",""
"u_dut/u_unified_p4_kernel/input_mem_reg[0][25][15]","input_mem_reg","FDRE","SLICE_X97Y106","SLICEL.FFF2","SLICE_X97Y106","SLICEL","CLEL_R_X63Y106","324","138","","X3Y1",""
"u_dut/u_unified_p4_kernel/input_mem_reg[0][25][1]","input_mem_reg","FDRE","SLICE_X99Y105","SLICEL.GFF","SLICE_X99Y105","SLICEL","CLEL_R_X64Y105","329","139","","X3Y1",""
"u_dut/u_unified_p4_kernel/input_mem_reg[0][25][2]","input_mem_reg","FDRE","SLICE_X98Y104","SLICEM.GFF2","SLICE_X98Y104","SLICEM","CLEM_X64Y104","327","140","","X3Y1",""
"u_dut/u_unified_p4_kernel/input_mem_reg[0][25][3]","input_mem_reg","FDRE","SLICE_X96Y103","SLICEM.HFF2","SLICE_X96Y103","SLICEM","CLEM_X63Y103","322","141","","X3Y1",""
"u_dut/u_unified_p4_kernel/input_mem_reg[0][25][4]","input_mem_reg","FDRE","SLICE_X98Y104","SLICEM.FFF2","SLICE_X98Y104","SLICEM","CLEM_X64Y104","327","140","","X3Y1",""
"u_dut/u_unified_p4_kernel/input_mem_reg[0][25][5]","input_mem_reg","FDRE","SLICE_X97Y102","SLICEL.HFF","SLICE_X97Y102","SLICEL","CLEL_R_X63Y102","324","142","","X3Y1",""
"u_dut/u_unified_p4_kernel/input_mem_reg[0][25][6]","input_mem_reg","FDRE","SLICE_X97Y102","SLICEL.GFF","SLICE_X97Y102","SLICEL","CLEL_R_X63Y102","324","142","","X3Y1",""
"u_dut/u_unified_p4_kernel/input_mem_reg[0][25][7]","input_mem_reg","FDRE","SLICE_X97Y105","SLICEL.HFF2","SLICE_X97Y105","SLICEL","CLEL_R_X63Y105","324","139","","X3Y1",""
"u_dut/u_unified_p4_kernel/input_mem_reg[0][25][8]","input_mem_reg","FDRE","SLICE_X96Y107","SLICEM.HFF2","SLICE_X96Y107","SLICEM","CLEM_X63Y107","322","137","","X3Y1",""
"u_dut/u_unified_p4_kernel/input_mem_reg[0][25][9]","input_mem_reg","FDRE","SLICE_X97Y107","SLICEL.GFF2","SLICE_X97Y107","SLICEL","CLEL_R_X63Y107","324","137","","X3Y1",""
"u_dut/u_unified_p4_kernel/input_mem_reg[0][26][0]","input_mem_reg","FDRE","SLICE_X96Y105","SLICEM.HFF","SLICE_X96Y105","SLICEM","CLEM_X63Y105","322","139","","X3Y1",""
"u_dut/u_unified_p4_kernel/input_mem_reg[0][26][10]","input_mem_reg","FDRE","SLICE_X93Y106","SLICEM.HFF","SLICE_X93Y106","SLICEM","CLEM_X61Y106","313","138","","X3Y1",""
"u_dut/u_unified_p4_kernel/input_mem_reg[0][26][11]","input_mem_reg","FDRE","SLICE_X93Y106","SLICEM.GFF","SLICE_X93Y106","SLICEM","CLEM_X61Y106","313","138","","X3Y1",""
"u_dut/u_unified_p4_kernel/input_mem_reg[0][26][12]","input_mem_reg","FDRE","SLICE_X93Y108","SLICEM.HFF2","SLICE_X93Y108","SLICEM","CLEM_X61Y108","313","136","","X3Y1",""
"u_dut/u_unified_p4_kernel/input_mem_reg[0][26][13]","input_mem_reg","FDRE","SLICE_X96Y105","SLICEM.GFF","SLICE_X96Y105","SLICEM","CLEM_X63Y105","322","139","","X3Y1",""
"u_dut/u_unified_p4_kernel/input_mem_reg[0][26][14]","input_mem_reg","FDRE","SLICE_X93Y106","SLICEM.FFF","SLICE_X93Y106","SLICEM","CLEM_X61Y106","313","138","","X3Y1",""
"u_dut/u_unified_p4_kernel/input_mem_reg[0][26][15]","input_mem_reg","FDRE","SLICE_X93Y108","SLICEM.GFF2","SLICE_X93Y108","SLICEM","CLEM_X61Y108","313","136","","X3Y1",""
"u_dut/u_unified_p4_kernel/input_mem_reg[0][26][1]","input_mem_reg","FDRE","SLICE_X93Y104","SLICEM.HFF","SLICE_X93Y104","SLICEM","CLEM_X61Y104","313","140","","X3Y1",""
"u_dut/u_unified_p4_kernel/input_mem_reg[0][26][2]","input_mem_reg","FDRE","SLICE_X95Y104","SLICEM.HFF","SLICE_X95Y104","SLICEM","CLEM_X62Y104","318","140","","X3Y1",""
"u_dut/u_unified_p4_kernel/input_mem_reg[0][26][3]","input_mem_reg","FDRE","SLICE_X95Y106","SLICEM.HFF2","SLICE_X95Y106","SLICEM","CLEM_X62Y106","318","138","","X3Y1",""
"u_dut/u_unified_p4_kernel/input_mem_reg[0][26][4]","input_mem_reg","FDRE","SLICE_X94Y103","SLICEL.HFF2","SLICE_X94Y103","SLICEL","CLEL_R_X61Y103","315","141","","X3Y1",""
"u_dut/u_unified_p4_kernel/input_mem_reg[0][26][5]","input_mem_reg","FDRE","SLICE_X95Y103","SLICEM.HFF2","SLICE_X95Y103","SLICEM","CLEM_X62Y103","318","141","","X3Y1",""
"u_dut/u_unified_p4_kernel/input_mem_reg[0][26][6]","input_mem_reg","FDRE","SLICE_X94Y103","SLICEL.GFF2","SLICE_X94Y103","SLICEL","CLEL_R_X61Y103","315","141","","X3Y1",""
"u_dut/u_unified_p4_kernel/input_mem_reg[0][26][7]","input_mem_reg","FDRE","SLICE_X94Y103","SLICEL.FFF2","SLICE_X94Y103","SLICEL","CLEL_R_X61Y103","315","141","","X3Y1",""
"u_dut/u_unified_p4_kernel/input_mem_reg[0][26][8]","input_mem_reg","FDRE","SLICE_X93Y108","SLICEM.FFF2","SLICE_X93Y108","SLICEM","CLEM_X61Y108","313","136","","X3Y1",""
"u_dut/u_unified_p4_kernel/input_mem_reg[0][26][9]","input_mem_reg","FDRE","SLICE_X93Y106","SLICEM.EFF","SLICE_X93Y106","SLICEM","CLEM_X61Y106","313","138","","X3Y1",""
"u_dut/u_unified_p4_kernel/input_mem_reg[0][27][0]","input_mem_reg","FDRE","SLICE_X95Y102","SLICEM.HFF2","SLICE_X95Y102","SLICEM","CLEM_X62Y102","318","142","","X3Y1",""
"u_dut/u_unified_p4_kernel/input_mem_reg[0][27][10]","input_mem_reg","FDRE","SLICE_X94Y105","SLICEL.HFF2","SLICE_X94Y105","SLICEL","CLEL_R_X61Y105","315","139","","X3Y1",""
"u_dut/u_unified_p4_kernel/input_mem_reg[0][27][11]","input_mem_reg","FDRE","SLICE_X99Y107","SLICEL.EFF","SLICE_X99Y107","SLICEL","CLEL_R_X64Y107","329","137","","X3Y1",""
"u_dut/u_unified_p4_kernel/input_mem_reg[0][27][12]","input_mem_reg","FDRE","SLICE_X97Y106","SLICEL.EFF2","SLICE_X97Y106","SLICEL","CLEL_R_X63Y106","324","138","","X3Y1",""
"u_dut/u_unified_p4_kernel/input_mem_reg[0][27][13]","input_mem_reg","FDRE","SLICE_X94Y108","SLICEL.DFF2","SLICE_X94Y108","SLICEL","CLEL_R_X61Y108","315","136","","X3Y1",""
"u_dut/u_unified_p4_kernel/input_mem_reg[0][27][14]","input_mem_reg","FDRE","SLICE_X96Y107","SLICEM.GFF2","SLICE_X96Y107","SLICEM","CLEM_X63Y107","322","137","","X3Y1",""
"u_dut/u_unified_p4_kernel/input_mem_reg[0][27][15]","input_mem_reg","FDRE","SLICE_X94Y105","SLICEL.GFF2","SLICE_X94Y105","SLICEL","CLEL_R_X61Y105","315","139","","X3Y1",""
"u_dut/u_unified_p4_kernel/input_mem_reg[0][27][1]","input_mem_reg","FDRE","SLICE_X97Y107","SLICEL.FFF2","SLICE_X97Y107","SLICEL","CLEL_R_X63Y107","324","137","","X3Y1",""
"u_dut/u_unified_p4_kernel/input_mem_reg[0][27][2]","input_mem_reg","FDRE","SLICE_X95Y102","SLICEM.GFF2","SLICE_X95Y102","SLICEM","CLEM_X62Y102","318","142","","X3Y1",""
"u_dut/u_unified_p4_kernel/input_mem_reg[0][27][3]","input_mem_reg","FDRE","SLICE_X99Y107","SLICEL.EFF2","SLICE_X99Y107","SLICEL","CLEL_R_X64Y107","329","137","","X3Y1",""
"u_dut/u_unified_p4_kernel/input_mem_reg[0][27][4]","input_mem_reg","FDRE","SLICE_X97Y107","SLICEL.EFF2","SLICE_X97Y107","SLICEL","CLEL_R_X63Y107","324","137","","X3Y1",""
"u_dut/u_unified_p4_kernel/input_mem_reg[0][27][5]","input_mem_reg","FDRE","SLICE_X99Y108","SLICEL.HFF2","SLICE_X99Y108","SLICEL","CLEL_R_X64Y108","329","136","","X3Y1",""
"u_dut/u_unified_p4_kernel/input_mem_reg[0][27][6]","input_mem_reg","FDRE","SLICE_X94Y105","SLICEL.FFF2","SLICE_X94Y105","SLICEL","CLEL_R_X61Y105","315","139","","X3Y1",""
"u_dut/u_unified_p4_kernel/input_mem_reg[0][27][7]","input_mem_reg","FDRE","SLICE_X94Y105","SLICEL.EFF2","SLICE_X94Y105","SLICEL","CLEL_R_X61Y105","315","139","","X3Y1",""
"u_dut/u_unified_p4_kernel/input_mem_reg[0][27][8]","input_mem_reg","FDRE","SLICE_X98Y105","SLICEM.HFF2","SLICE_X98Y105","SLICEM","CLEM_X64Y105","327","139","","X3Y1",""
"u_dut/u_unified_p4_kernel/input_mem_reg[0][27][9]","input_mem_reg","FDRE","SLICE_X95Y108","SLICEM.HFF","SLICE_X95Y108","SLICEM","CLEM_X62Y108","318","136","","X3Y1",""
"u_dut/u_unified_p4_kernel/input_mem_reg[0][28][0]","input_mem_reg","FDRE","SLICE_X93Y111","SLICEM.HFF2","SLICE_X93Y111","SLICEM","CLEM_X61Y111","313","133","","X3Y1",""
"u_dut/u_unified_p4_kernel/input_mem_reg[0][28][10]","input_mem_reg","FDRE","SLICE_X93Y111","SLICEM.GFF2","SLICE_X93Y111","SLICEM","CLEM_X61Y111","313","133","","X3Y1",""
"u_dut/u_unified_p4_kernel/input_mem_reg[0][28][11]","input_mem_reg","FDRE","SLICE_X94Y112","SLICEL.DFF2","SLICE_X94Y112","SLICEL","CLEL_R_X61Y112","315","132","","X3Y1",""
"u_dut/u_unified_p4_kernel/input_mem_reg[0][28][12]","input_mem_reg","FDRE","SLICE_X93Y111","SLICEM.FFF2","SLICE_X93Y111","SLICEM","CLEM_X61Y111","313","133","","X3Y1",""
"u_dut/u_unified_p4_kernel/input_mem_reg[0][28][13]","input_mem_reg","FDRE","SLICE_X94Y112","SLICEL.CFF2","SLICE_X94Y112","SLICEL","CLEL_R_X61Y112","315","132","","X3Y1",""
"u_dut/u_unified_p4_kernel/input_mem_reg[0][28][14]","input_mem_reg","FDRE","SLICE_X95Y113","SLICEM.HFF2","SLICE_X95Y113","SLICEM","CLEM_X62Y113","318","131","","X3Y1",""
"u_dut/u_unified_p4_kernel/input_mem_reg[0][28][15]","input_mem_reg","FDRE","SLICE_X92Y113","SLICEM.DFF2","SLICE_X92Y113","SLICEM","CLEM_X60Y113","309","131","","X3Y1",""
"u_dut/u_unified_p4_kernel/input_mem_reg[0][28][1]","input_mem_reg","FDRE","SLICE_X93Y109","SLICEM.HFF2","SLICE_X93Y109","SLICEM","CLEM_X61Y109","313","135","","X3Y1",""
"u_dut/u_unified_p4_kernel/input_mem_reg[0][28][2]","input_mem_reg","FDRE","SLICE_X93Y109","SLICEM.GFF2","SLICE_X93Y109","SLICEM","CLEM_X61Y109","313","135","","X3Y1",""
"u_dut/u_unified_p4_kernel/input_mem_reg[0][28][3]","input_mem_reg","FDRE","SLICE_X92Y111","SLICEM.HFF2","SLICE_X92Y111","SLICEM","CLEM_X60Y111","309","133","","X3Y1",""
"u_dut/u_unified_p4_kernel/input_mem_reg[0][28][4]","input_mem_reg","FDRE","SLICE_X92Y111","SLICEM.GFF2","SLICE_X92Y111","SLICEM","CLEM_X60Y111","309","133","","X3Y1",""
"u_dut/u_unified_p4_kernel/input_mem_reg[0][28][5]","input_mem_reg","FDRE","SLICE_X93Y109","SLICEM.FFF2","SLICE_X93Y109","SLICEM","CLEM_X61Y109","313","135","","X3Y1",""
"u_dut/u_unified_p4_kernel/input_mem_reg[0][28][6]","input_mem_reg","FDRE","SLICE_X91Y107","SLICEL.HFF","SLICE_X91Y107","SLICEL","CLEL_R_X59Y107","306","137","","X3Y1",""
"u_dut/u_unified_p4_kernel/input_mem_reg[0][28][7]","input_mem_reg","FDRE","SLICE_X93Y111","SLICEM.EFF2","SLICE_X93Y111","SLICEM","CLEM_X61Y111","313","133","","X3Y1",""
"u_dut/u_unified_p4_kernel/input_mem_reg[0][28][8]","input_mem_reg","FDRE","SLICE_X91Y111","SLICEL.DFF2","SLICE_X91Y111","SLICEL","CLEL_R_X59Y111","306","133","","X3Y1",""
"u_dut/u_unified_p4_kernel/input_mem_reg[0][28][9]","input_mem_reg","FDRE","SLICE_X91Y111","SLICEL.CFF2","SLICE_X91Y111","SLICEL","CLEL_R_X59Y111","306","133","","X3Y1",""
"u_dut/u_unified_p4_kernel/input_mem_reg[0][29][0]","input_mem_reg","FDRE","SLICE_X93Y110","SLICEM.HFF2","SLICE_X93Y110","SLICEM","CLEM_X61Y110","313","134","","X3Y1",""
"u_dut/u_unified_p4_kernel/input_mem_reg[0][29][10]","input_mem_reg","FDRE","SLICE_X92Y114","SLICEM.EFF","SLICE_X92Y114","SLICEM","CLEM_X60Y114","309","130","","X3Y1",""
"u_dut/u_unified_p4_kernel/input_mem_reg[0][29][11]","input_mem_reg","FDRE","SLICE_X92Y114","SLICEM.FFF","SLICE_X92Y114","SLICEM","CLEM_X60Y114","309","130","","X3Y1",""
"u_dut/u_unified_p4_kernel/input_mem_reg[0][29][12]","input_mem_reg","FDRE","SLICE_X97Y112","SLICEL.HFF2","SLICE_X97Y112","SLICEL","CLEL_R_X63Y112","324","132","","X3Y1",""
"u_dut/u_unified_p4_kernel/input_mem_reg[0][29][13]","input_mem_reg","FDRE","SLICE_X97Y112","SLICEL.GFF2","SLICE_X97Y112","SLICEL","CLEL_R_X63Y112","324","132","","X3Y1",""
"u_dut/u_unified_p4_kernel/input_mem_reg[0][29][14]","input_mem_reg","FDRE","SLICE_X93Y112","SLICEM.HFF","SLICE_X93Y112","SLICEM","CLEM_X61Y112","313","132","","X3Y1",""
"u_dut/u_unified_p4_kernel/input_mem_reg[0][29][15]","input_mem_reg","FDRE","SLICE_X97Y112","SLICEL.FFF2","SLICE_X97Y112","SLICEL","CLEL_R_X63Y112","324","132","","X3Y1",""
"u_dut/u_unified_p4_kernel/input_mem_reg[0][29][1]","input_mem_reg","FDRE","SLICE_X93Y110","SLICEM.GFF2","SLICE_X93Y110","SLICEM","CLEM_X61Y110","313","134","","X3Y1",""
"u_dut/u_unified_p4_kernel/input_mem_reg[0][29][2]","input_mem_reg","FDRE","SLICE_X95Y110","SLICEM.HFF2","SLICE_X95Y110","SLICEM","CLEM_X62Y110","318","134","","X3Y1",""
"u_dut/u_unified_p4_kernel/input_mem_reg[0][29][3]","input_mem_reg","FDRE","SLICE_X97Y112","SLICEL.EFF2","SLICE_X97Y112","SLICEL","CLEL_R_X63Y112","324","132","","X3Y1",""
"u_dut/u_unified_p4_kernel/input_mem_reg[0][29][4]","input_mem_reg","FDRE","SLICE_X94Y111","SLICEL.DFF2","SLICE_X94Y111","SLICEL","CLEL_R_X61Y111","315","133","","X3Y1",""
"u_dut/u_unified_p4_kernel/input_mem_reg[0][29][5]","input_mem_reg","FDRE","SLICE_X93Y112","SLICEM.GFF","SLICE_X93Y112","SLICEM","CLEM_X61Y112","313","132","","X3Y1",""
"u_dut/u_unified_p4_kernel/input_mem_reg[0][29][6]","input_mem_reg","FDRE","SLICE_X93Y112","SLICEM.FFF","SLICE_X93Y112","SLICEM","CLEM_X61Y112","313","132","","X3Y1",""
"u_dut/u_unified_p4_kernel/input_mem_reg[0][29][7]","input_mem_reg","FDRE","SLICE_X93Y112","SLICEM.EFF","SLICE_X93Y112","SLICEM","CLEM_X61Y112","313","132","","X3Y1",""
"u_dut/u_unified_p4_kernel/input_mem_reg[0][29][8]","input_mem_reg","FDRE","SLICE_X90Y114","SLICEM.EFF","SLICE_X90Y114","SLICEM","CLEM_X59Y114","304","130","","X3Y1",""
"u_dut/u_unified_p4_kernel/input_mem_reg[0][29][9]","input_mem_reg","FDRE","SLICE_X90Y114","SLICEM.FFF","SLICE_X90Y114","SLICEM","CLEM_X59Y114","304","130","","X3Y1",""
"u_dut/u_unified_p4_kernel/input_mem_reg[0][2][0]","input_mem_reg","FDRE","SLICE_X84Y93","SLICEL.AFF2","SLICE_X84Y93","SLICEL","CLEL_L_X55Y93","286","151","","X2Y1",""
"u_dut/u_unified_p4_kernel/input_mem_reg[0][2][10]","input_mem_reg","FDRE","SLICE_X83Y72","SLICEL.HFF2","SLICE_X83Y72","SLICEL","CLEL_R_X54Y72","285","173","","X2Y1",""
"u_dut/u_unified_p4_kernel/input_mem_reg[0][2][11]","input_mem_reg","FDRE","SLICE_X84Y93","SLICEL.BFF","SLICE_X84Y93","SLICEL","CLEL_L_X55Y93","286","151","","X2Y1",""
"u_dut/u_unified_p4_kernel/input_mem_reg[0][2][12]","input_mem_reg","FDRE","SLICE_X83Y73","SLICEL.HFF2","SLICE_X83Y73","SLICEL","CLEL_R_X54Y73","285","172","","X2Y1",""
"u_dut/u_unified_p4_kernel/input_mem_reg[0][2][13]","input_mem_reg","FDRE","SLICE_X84Y74","SLICEL.HFF2","SLICE_X84Y74","SLICEL","CLEL_L_X55Y74","286","171","","X2Y1",""
"u_dut/u_unified_p4_kernel/input_mem_reg[0][2][14]","input_mem_reg","FDRE","SLICE_X83Y72","SLICEL.GFF2","SLICE_X83Y72","SLICEL","CLEL_R_X54Y72","285","173","","X2Y1",""
"u_dut/u_unified_p4_kernel/input_mem_reg[0][2][15]","input_mem_reg","FDRE","SLICE_X82Y72","SLICEM.HFF2","SLICE_X82Y72","SLICEM","CLEM_X54Y72","283","173","","X2Y1",""
"u_dut/u_unified_p4_kernel/input_mem_reg[0][2][1]","input_mem_reg","FDRE","SLICE_X84Y93","SLICEL.BFF2","SLICE_X84Y93","SLICEL","CLEL_L_X55Y93","286","151","","X2Y1",""
"u_dut/u_unified_p4_kernel/input_mem_reg[0][2][2]","input_mem_reg","FDRE","SLICE_X84Y72","SLICEL.EFF","SLICE_X84Y72","SLICEL","CLEL_L_X55Y72","286","173","","X2Y1",""
"u_dut/u_unified_p4_kernel/input_mem_reg[0][2][3]","input_mem_reg","FDRE","SLICE_X82Y72","SLICEM.GFF2","SLICE_X82Y72","SLICEM","CLEM_X54Y72","283","173","","X2Y1",""
"u_dut/u_unified_p4_kernel/input_mem_reg[0][2][4]","input_mem_reg","FDRE","SLICE_X84Y79","SLICEL.HFF2","SLICE_X84Y79","SLICEL","CLEL_L_X55Y79","286","166","","X2Y1",""
"u_dut/u_unified_p4_kernel/input_mem_reg[0][2][5]","input_mem_reg","FDRE","SLICE_X82Y72","SLICEM.FFF2","SLICE_X82Y72","SLICEM","CLEM_X54Y72","283","173","","X2Y1",""
"u_dut/u_unified_p4_kernel/input_mem_reg[0][2][6]","input_mem_reg","FDRE","SLICE_X84Y72","SLICEL.EFF2","SLICE_X84Y72","SLICEL","CLEL_L_X55Y72","286","173","","X2Y1",""
"u_dut/u_unified_p4_kernel/input_mem_reg[0][2][7]","input_mem_reg","FDRE","SLICE_X84Y79","SLICEL.GFF2","SLICE_X84Y79","SLICEL","CLEL_L_X55Y79","286","166","","X2Y1",""
"u_dut/u_unified_p4_kernel/input_mem_reg[0][2][8]","input_mem_reg","FDRE","SLICE_X82Y72","SLICEM.EFF2","SLICE_X82Y72","SLICEM","CLEM_X54Y72","283","173","","X2Y1",""
"u_dut/u_unified_p4_kernel/input_mem_reg[0][2][9]","input_mem_reg","FDRE","SLICE_X84Y74","SLICEL.GFF2","SLICE_X84Y74","SLICEL","CLEL_L_X55Y74","286","171","","X2Y1",""
"u_dut/u_unified_p4_kernel/input_mem_reg[0][30][0]","input_mem_reg","FDRE","SLICE_X90Y112","SLICEM.EFF","SLICE_X90Y112","SLICEM","CLEM_X59Y112","304","132","","X3Y1",""
"u_dut/u_unified_p4_kernel/input_mem_reg[0][30][10]","input_mem_reg","FDRE","SLICE_X90Y112","SLICEM.FFF","SLICE_X90Y112","SLICEM","CLEM_X59Y112","304","132","","X3Y1",""
"u_dut/u_unified_p4_kernel/input_mem_reg[0][30][11]","input_mem_reg","FDRE","SLICE_X90Y110","SLICEM.DFF2","SLICE_X90Y110","SLICEM","CLEM_X59Y110","304","134","","X3Y1",""
"u_dut/u_unified_p4_kernel/input_mem_reg[0][30][12]","input_mem_reg","FDRE","SLICE_X90Y112","SLICEM.GFF","SLICE_X90Y112","SLICEM","CLEM_X59Y112","304","132","","X3Y1",""
"u_dut/u_unified_p4_kernel/input_mem_reg[0][30][13]","input_mem_reg","FDRE","SLICE_X90Y112","SLICEM.HFF","SLICE_X90Y112","SLICEM","CLEM_X59Y112","304","132","","X3Y1",""
"u_dut/u_unified_p4_kernel/input_mem_reg[0][30][14]","input_mem_reg","FDRE","SLICE_X94Y108","SLICEL.DFF","SLICE_X94Y108","SLICEL","CLEL_R_X61Y108","315","136","","X3Y1",""
"u_dut/u_unified_p4_kernel/input_mem_reg[0][30][15]","input_mem_reg","FDRE","SLICE_X97Y110","SLICEL.HFF2","SLICE_X97Y110","SLICEL","CLEL_R_X63Y110","324","134","","X3Y1",""
"u_dut/u_unified_p4_kernel/input_mem_reg[0][30][1]","input_mem_reg","FDRE","SLICE_X90Y113","SLICEM.AFF","SLICE_X90Y113","SLICEM","CLEM_X59Y113","304","131","","X3Y1",""
"u_dut/u_unified_p4_kernel/input_mem_reg[0][30][2]","input_mem_reg","FDRE","SLICE_X95Y108","SLICEM.DFF2","SLICE_X95Y108","SLICEM","CLEM_X62Y108","318","136","","X3Y1",""
"u_dut/u_unified_p4_kernel/input_mem_reg[0][30][3]","input_mem_reg","FDRE","SLICE_X93Y105","SLICEM.DFF2","SLICE_X93Y105","SLICEM","CLEM_X61Y105","313","139","","X3Y1",""
"u_dut/u_unified_p4_kernel/input_mem_reg[0][30][4]","input_mem_reg","FDRE","SLICE_X93Y107","SLICEM.DFF","SLICE_X93Y107","SLICEM","CLEM_X61Y107","313","137","","X3Y1",""
"u_dut/u_unified_p4_kernel/input_mem_reg[0][30][5]","input_mem_reg","FDRE","SLICE_X94Y108","SLICEL.CFF","SLICE_X94Y108","SLICEL","CLEL_R_X61Y108","315","136","","X3Y1",""
"u_dut/u_unified_p4_kernel/input_mem_reg[0][30][6]","input_mem_reg","FDRE","SLICE_X93Y107","SLICEM.CFF","SLICE_X93Y107","SLICEM","CLEM_X61Y107","313","137","","X3Y1",""
"u_dut/u_unified_p4_kernel/input_mem_reg[0][30][7]","input_mem_reg","FDRE","SLICE_X93Y105","SLICEM.CFF2","SLICE_X93Y105","SLICEM","CLEM_X61Y105","313","139","","X3Y1",""
"u_dut/u_unified_p4_kernel/input_mem_reg[0][30][8]","input_mem_reg","FDRE","SLICE_X97Y110","SLICEL.GFF2","SLICE_X97Y110","SLICEL","CLEL_R_X63Y110","324","134","","X3Y1",""
"u_dut/u_unified_p4_kernel/input_mem_reg[0][30][9]","input_mem_reg","FDRE","SLICE_X97Y109","SLICEL.HFF2","SLICE_X97Y109","SLICEL","CLEL_R_X63Y109","324","135","","X3Y1",""
"u_dut/u_unified_p4_kernel/input_mem_reg[0][31][0]","input_mem_reg","FDRE","SLICE_X95Y113","SLICEM.GFF2","SLICE_X95Y113","SLICEM","CLEM_X62Y113","318","131","","X3Y1",""
"u_dut/u_unified_p4_kernel/input_mem_reg[0][31][10]","input_mem_reg","FDRE","SLICE_X96Y111","SLICEM.HFF2","SLICE_X96Y111","SLICEM","CLEM_X63Y111","322","133","","X3Y1",""
"u_dut/u_unified_p4_kernel/input_mem_reg[0][31][11]","input_mem_reg","FDRE","SLICE_X97Y110","SLICEL.FFF2","SLICE_X97Y110","SLICEL","CLEL_R_X63Y110","324","134","","X3Y1",""
"u_dut/u_unified_p4_kernel/input_mem_reg[0][31][12]","input_mem_reg","FDRE","SLICE_X95Y113","SLICEM.FFF2","SLICE_X95Y113","SLICEM","CLEM_X62Y113","318","131","","X3Y1",""
"u_dut/u_unified_p4_kernel/input_mem_reg[0][31][13]","input_mem_reg","FDRE","SLICE_X95Y113","SLICEM.EFF2","SLICE_X95Y113","SLICEM","CLEM_X62Y113","318","131","","X3Y1",""
"u_dut/u_unified_p4_kernel/input_mem_reg[0][31][14]","input_mem_reg","FDRE","SLICE_X97Y109","SLICEL.GFF2","SLICE_X97Y109","SLICEL","CLEL_R_X63Y109","324","135","","X3Y1",""
"u_dut/u_unified_p4_kernel/input_mem_reg[0][31][15]","input_mem_reg","FDRE","SLICE_X95Y110","SLICEM.GFF2","SLICE_X95Y110","SLICEM","CLEM_X62Y110","318","134","","X3Y1",""
"u_dut/u_unified_p4_kernel/input_mem_reg[0][31][1]","input_mem_reg","FDRE","SLICE_X95Y107","SLICEM.HFF2","SLICE_X95Y107","SLICEM","CLEM_X62Y107","318","137","","X3Y1",""
"u_dut/u_unified_p4_kernel/input_mem_reg[0][31][2]","input_mem_reg","FDRE","SLICE_X97Y109","SLICEL.FFF2","SLICE_X97Y109","SLICEL","CLEL_R_X63Y109","324","135","","X3Y1",""
"u_dut/u_unified_p4_kernel/input_mem_reg[0][31][3]","input_mem_reg","FDRE","SLICE_X97Y109","SLICEL.EFF2","SLICE_X97Y109","SLICEL","CLEL_R_X63Y109","324","135","","X3Y1",""
"u_dut/u_unified_p4_kernel/input_mem_reg[0][31][4]","input_mem_reg","FDRE","SLICE_X96Y111","SLICEM.GFF2","SLICE_X96Y111","SLICEM","CLEM_X63Y111","322","133","","X3Y1",""
"u_dut/u_unified_p4_kernel/input_mem_reg[0][31][5]","input_mem_reg","FDRE","SLICE_X97Y110","SLICEL.EFF2","SLICE_X97Y110","SLICEL","CLEL_R_X63Y110","324","134","","X3Y1",""
"u_dut/u_unified_p4_kernel/input_mem_reg[0][31][6]","input_mem_reg","FDRE","SLICE_X95Y109","SLICEM.HFF2","SLICE_X95Y109","SLICEM","CLEM_X62Y109","318","135","","X3Y1",""
"u_dut/u_unified_p4_kernel/input_mem_reg[0][31][7]","input_mem_reg","FDRE","SLICE_X96Y111","SLICEM.FFF2","SLICE_X96Y111","SLICEM","CLEM_X63Y111","322","133","","X3Y1",""
"u_dut/u_unified_p4_kernel/input_mem_reg[0][31][8]","input_mem_reg","FDRE","SLICE_X95Y109","SLICEM.GFF2","SLICE_X95Y109","SLICEM","CLEM_X62Y109","318","135","","X3Y1",""
"u_dut/u_unified_p4_kernel/input_mem_reg[0][31][9]","input_mem_reg","FDRE","SLICE_X95Y107","SLICEM.GFF2","SLICE_X95Y107","SLICEM","CLEM_X62Y107","318","137","","X3Y1",""
"u_dut/u_unified_p4_kernel/input_mem_reg[0][32][0]","input_mem_reg","FDRE","SLICE_X56Y120","SLICEM.HFF2","SLICE_X56Y120","SLICEM","CLEM_X37Y120","211","123","","X2Y2",""
"u_dut/u_unified_p4_kernel/input_mem_reg[0][32][10]","input_mem_reg","FDRE","SLICE_X53Y106","SLICEM.HFF","SLICE_X53Y106","SLICEM","CLEM_X35Y106","202","138","","X1Y1",""
"u_dut/u_unified_p4_kernel/input_mem_reg[0][32][11]","input_mem_reg","FDRE","SLICE_X56Y120","SLICEM.GFF2","SLICE_X56Y120","SLICEM","CLEM_X37Y120","211","123","","X2Y2",""
"u_dut/u_unified_p4_kernel/input_mem_reg[0][32][12]","input_mem_reg","FDRE","SLICE_X68Y112","SLICEL.HFF2","SLICE_X68Y112","SLICEL","CLEL_R_X44Y112","243","132","","X2Y1",""
"u_dut/u_unified_p4_kernel/input_mem_reg[0][32][13]","input_mem_reg","FDRE","SLICE_X53Y106","SLICEM.GFF","SLICE_X53Y106","SLICEM","CLEM_X35Y106","202","138","","X1Y1",""
"u_dut/u_unified_p4_kernel/input_mem_reg[0][32][14]","input_mem_reg","FDRE","SLICE_X70Y113","SLICEL.HFF2","SLICE_X70Y113","SLICEL","CLEL_R_X45Y113","246","131","","X2Y1",""
"u_dut/u_unified_p4_kernel/input_mem_reg[0][32][15]","input_mem_reg","FDRE","SLICE_X58Y121","SLICEM.DFF","SLICE_X58Y121","SLICEM","CLEM_X38Y121","216","122","","X2Y2",""
"u_dut/u_unified_p4_kernel/input_mem_reg[0][32][1]","input_mem_reg","FDRE","SLICE_X56Y120","SLICEM.FFF2","SLICE_X56Y120","SLICEM","CLEM_X37Y120","211","123","","X2Y2",""
"u_dut/u_unified_p4_kernel/input_mem_reg[0][32][2]","input_mem_reg","FDRE","SLICE_X62Y96","SLICEM.EFF","SLICE_X62Y96","SLICEM","CLEM_X41Y96","229","148","","X2Y1",""
"u_dut/u_unified_p4_kernel/input_mem_reg[0][32][3]","input_mem_reg","FDRE","SLICE_X65Y106","SLICEL.HFF2","SLICE_X65Y106","SLICEL","CLEL_R_X42Y106","234","138","","X2Y1",""
"u_dut/u_unified_p4_kernel/input_mem_reg[0][32][4]","input_mem_reg","FDRE","SLICE_X63Y96","SLICEL.HFF2","SLICE_X63Y96","SLICEL","CLEL_R_X41Y96","231","148","","X2Y1",""
"u_dut/u_unified_p4_kernel/input_mem_reg[0][32][5]","input_mem_reg","FDRE","SLICE_X54Y123","SLICEL.HFF","SLICE_X54Y123","SLICEL","CLEL_R_X35Y123","204","120","","X1Y2",""
"u_dut/u_unified_p4_kernel/input_mem_reg[0][32][6]","input_mem_reg","FDRE","SLICE_X54Y121","SLICEL.HFF","SLICE_X54Y121","SLICEL","CLEL_R_X35Y121","204","122","","X1Y2",""
"u_dut/u_unified_p4_kernel/input_mem_reg[0][32][7]","input_mem_reg","FDRE","SLICE_X53Y122","SLICEM.EFF","SLICE_X53Y122","SLICEM","CLEM_X35Y122","202","121","","X1Y2",""
"u_dut/u_unified_p4_kernel/input_mem_reg[0][32][8]","input_mem_reg","FDRE","SLICE_X53Y122","SLICEM.FFF","SLICE_X53Y122","SLICEM","CLEM_X35Y122","202","121","","X1Y2",""
"u_dut/u_unified_p4_kernel/input_mem_reg[0][32][9]","input_mem_reg","FDRE","SLICE_X65Y106","SLICEL.GFF2","SLICE_X65Y106","SLICEL","CLEL_R_X42Y106","234","138","","X2Y1",""
"u_dut/u_unified_p4_kernel/input_mem_reg[0][33][0]","input_mem_reg","FDRE","SLICE_X55Y119","SLICEM.HFF2","SLICE_X55Y119","SLICEM","CLEM_X36Y119","207","125","","X1Y1",""
"u_dut/u_unified_p4_kernel/input_mem_reg[0][33][10]","input_mem_reg","FDRE","SLICE_X55Y119","SLICEM.GFF2","SLICE_X55Y119","SLICEM","CLEM_X36Y119","207","125","","X1Y1",""
"u_dut/u_unified_p4_kernel/input_mem_reg[0][33][11]","input_mem_reg","FDRE","SLICE_X81Y108","SLICEM.DFF2","SLICE_X81Y108","SLICEM","CLEM_X53Y108","279","136","","X2Y1",""
"u_dut/u_unified_p4_kernel/input_mem_reg[0][33][12]","input_mem_reg","FDRE","SLICE_X64Y95","SLICEL.DFF","SLICE_X64Y95","SLICEL","CLEL_L_X42Y95","232","149","","X2Y1",""
"u_dut/u_unified_p4_kernel/input_mem_reg[0][33][13]","input_mem_reg","FDRE","SLICE_X81Y108","SLICEM.CFF2","SLICE_X81Y108","SLICEM","CLEM_X53Y108","279","136","","X2Y1",""
"u_dut/u_unified_p4_kernel/input_mem_reg[0][33][14]","input_mem_reg","FDRE","SLICE_X71Y111","SLICEM.AFF","SLICE_X71Y111","SLICEM","CLEM_X46Y111","249","133","","X2Y1",""
"u_dut/u_unified_p4_kernel/input_mem_reg[0][33][15]","input_mem_reg","FDRE","SLICE_X71Y110","SLICEM.EFF","SLICE_X71Y110","SLICEM","CLEM_X46Y110","249","134","","X2Y1",""
"u_dut/u_unified_p4_kernel/input_mem_reg[0][33][1]","input_mem_reg","FDRE","SLICE_X55Y119","SLICEM.FFF2","SLICE_X55Y119","SLICEM","CLEM_X36Y119","207","125","","X1Y1",""
"u_dut/u_unified_p4_kernel/input_mem_reg[0][33][2]","input_mem_reg","FDRE","SLICE_X84Y108","SLICEL.DFF2","SLICE_X84Y108","SLICEL","CLEL_L_X55Y108","286","136","","X2Y1",""
"u_dut/u_unified_p4_kernel/input_mem_reg[0][33][3]","input_mem_reg","FDRE","SLICE_X78Y113","SLICEL.HFF","SLICE_X78Y113","SLICEL","CLEL_R_X50Y113","267","131","","X2Y1",""
"u_dut/u_unified_p4_kernel/input_mem_reg[0][33][4]","input_mem_reg","FDRE","SLICE_X62Y90","SLICEM.DFF","SLICE_X62Y90","SLICEM","CLEM_X41Y90","229","154","","X2Y1",""
"u_dut/u_unified_p4_kernel/input_mem_reg[0][33][5]","input_mem_reg","FDRE","SLICE_X54Y120","SLICEL.HFF2","SLICE_X54Y120","SLICEL","CLEL_R_X35Y120","204","123","","X1Y2",""
"u_dut/u_unified_p4_kernel/input_mem_reg[0][33][6]","input_mem_reg","FDRE","SLICE_X84Y108","SLICEL.CFF2","SLICE_X84Y108","SLICEL","CLEL_L_X55Y108","286","136","","X2Y1",""
"u_dut/u_unified_p4_kernel/input_mem_reg[0][33][7]","input_mem_reg","FDRE","SLICE_X84Y108","SLICEL.BFF2","SLICE_X84Y108","SLICEL","CLEL_L_X55Y108","286","136","","X2Y1",""
"u_dut/u_unified_p4_kernel/input_mem_reg[0][33][8]","input_mem_reg","FDRE","SLICE_X85Y111","SLICEL.EFF","SLICE_X85Y111","SLICEL","CLEL_R_X55Y111","288","133","","X2Y1",""
"u_dut/u_unified_p4_kernel/input_mem_reg[0][33][9]","input_mem_reg","FDRE","SLICE_X84Y108","SLICEL.AFF2","SLICE_X84Y108","SLICEL","CLEL_L_X55Y108","286","136","","X2Y1",""
"u_dut/u_unified_p4_kernel/input_mem_reg[0][34][0]","input_mem_reg","FDRE","SLICE_X52Y108","SLICEM.HFF2","SLICE_X52Y108","SLICEM","CLEM_X34Y108","198","136","","X1Y1",""
"u_dut/u_unified_p4_kernel/input_mem_reg[0][34][10]","input_mem_reg","FDRE","SLICE_X74Y98","SLICEM.HFF","SLICE_X74Y98","SLICEM","CLEM_X48Y98","258","146","","X2Y1",""
"u_dut/u_unified_p4_kernel/input_mem_reg[0][34][11]","input_mem_reg","FDRE","SLICE_X52Y108","SLICEM.GFF2","SLICE_X52Y108","SLICEM","CLEM_X34Y108","198","136","","X1Y1",""
"u_dut/u_unified_p4_kernel/input_mem_reg[0][34][12]","input_mem_reg","FDRE","SLICE_X53Y119","SLICEM.HFF2","SLICE_X53Y119","SLICEM","CLEM_X35Y119","202","125","","X1Y1",""
"u_dut/u_unified_p4_kernel/input_mem_reg[0][34][13]","input_mem_reg","FDRE","SLICE_X55Y117","SLICEM.DFF","SLICE_X55Y117","SLICEM","CLEM_X36Y117","207","127","","X1Y1",""
"u_dut/u_unified_p4_kernel/input_mem_reg[0][34][14]","input_mem_reg","FDRE","SLICE_X71Y98","SLICEM.DFF2","SLICE_X71Y98","SLICEM","CLEM_X46Y98","249","146","","X2Y1",""
"u_dut/u_unified_p4_kernel/input_mem_reg[0][34][15]","input_mem_reg","FDRE","SLICE_X53Y115","SLICEM.HFF2","SLICE_X53Y115","SLICEM","CLEM_X35Y115","202","129","","X1Y1",""
"u_dut/u_unified_p4_kernel/input_mem_reg[0][34][1]","input_mem_reg","FDRE","SLICE_X53Y115","SLICEM.GFF2","SLICE_X53Y115","SLICEM","CLEM_X35Y115","202","129","","X1Y1",""
"u_dut/u_unified_p4_kernel/input_mem_reg[0][34][2]","input_mem_reg","FDRE","SLICE_X84Y110","SLICEL.HFF2","SLICE_X84Y110","SLICEL","CLEL_L_X55Y110","286","134","","X2Y1",""
"u_dut/u_unified_p4_kernel/input_mem_reg[0][34][3]","input_mem_reg","FDRE","SLICE_X83Y105","SLICEL.HFF","SLICE_X83Y105","SLICEL","CLEL_R_X54Y105","285","139","","X2Y1",""
"u_dut/u_unified_p4_kernel/input_mem_reg[0][34][4]","input_mem_reg","FDRE","SLICE_X77Y98","SLICEL.HFF2","SLICE_X77Y98","SLICEL","CLEL_L_X50Y98","265","146","","X2Y1",""
"u_dut/u_unified_p4_kernel/input_mem_reg[0][34][5]","input_mem_reg","FDRE","SLICE_X77Y98","SLICEL.GFF2","SLICE_X77Y98","SLICEL","CLEL_L_X50Y98","265","146","","X2Y1",""
"u_dut/u_unified_p4_kernel/input_mem_reg[0][34][6]","input_mem_reg","FDRE","SLICE_X77Y112","SLICEL.AFF","SLICE_X77Y112","SLICEL","CLEL_L_X50Y112","265","132","","X2Y1",""
"u_dut/u_unified_p4_kernel/input_mem_reg[0][34][7]","input_mem_reg","FDRE","SLICE_X65Y103","SLICEL.HFF2","SLICE_X65Y103","SLICEL","CLEL_R_X42Y103","234","141","","X2Y1",""
"u_dut/u_unified_p4_kernel/input_mem_reg[0][34][8]","input_mem_reg","FDRE","SLICE_X64Y100","SLICEL.HFF","SLICE_X64Y100","SLICEL","CLEL_L_X42Y100","232","144","","X2Y1",""
"u_dut/u_unified_p4_kernel/input_mem_reg[0][34][9]","input_mem_reg","FDRE","SLICE_X78Y110","SLICEL.DFF","SLICE_X78Y110","SLICEL","CLEL_R_X50Y110","267","134","","X2Y1",""
"u_dut/u_unified_p4_kernel/input_mem_reg[0][35][0]","input_mem_reg","FDRE","SLICE_X54Y120","SLICEL.GFF2","SLICE_X54Y120","SLICEL","CLEL_R_X35Y120","204","123","","X1Y2",""
"u_dut/u_unified_p4_kernel/input_mem_reg[0][35][10]","input_mem_reg","FDRE","SLICE_X55Y119","SLICEM.EFF2","SLICE_X55Y119","SLICEM","CLEM_X36Y119","207","125","","X1Y1",""
"u_dut/u_unified_p4_kernel/input_mem_reg[0][35][11]","input_mem_reg","FDRE","SLICE_X55Y121","SLICEM.HFF2","SLICE_X55Y121","SLICEM","CLEM_X36Y121","207","122","","X1Y2",""
"u_dut/u_unified_p4_kernel/input_mem_reg[0][35][12]","input_mem_reg","FDRE","SLICE_X54Y120","SLICEL.FFF2","SLICE_X54Y120","SLICEL","CLEL_R_X35Y120","204","123","","X1Y2",""
"u_dut/u_unified_p4_kernel/input_mem_reg[0][35][13]","input_mem_reg","FDRE","SLICE_X54Y121","SLICEL.GFF","SLICE_X54Y121","SLICEL","CLEL_R_X35Y121","204","122","","X1Y2",""
"u_dut/u_unified_p4_kernel/input_mem_reg[0][35][14]","input_mem_reg","FDRE","SLICE_X53Y119","SLICEM.GFF2","SLICE_X53Y119","SLICEM","CLEM_X35Y119","202","125","","X1Y1",""
"u_dut/u_unified_p4_kernel/input_mem_reg[0][35][15]","input_mem_reg","FDRE","SLICE_X66Y94","SLICEM.DFF2","SLICE_X66Y94","SLICEM","CLEM_X43Y94","237","150","","X2Y1",""
"u_dut/u_unified_p4_kernel/input_mem_reg[0][35][1]","input_mem_reg","FDRE","SLICE_X53Y122","SLICEM.GFF","SLICE_X53Y122","SLICEM","CLEM_X35Y122","202","121","","X1Y2",""
"u_dut/u_unified_p4_kernel/input_mem_reg[0][35][2]","input_mem_reg","FDRE","SLICE_X63Y101","SLICEL.HFF","SLICE_X63Y101","SLICEL","CLEL_R_X41Y101","231","143","","X2Y1",""
"u_dut/u_unified_p4_kernel/input_mem_reg[0][35][3]","input_mem_reg","FDRE","SLICE_X52Y119","SLICEM.HFF","SLICE_X52Y119","SLICEM","CLEM_X34Y119","198","125","","X1Y1",""
"u_dut/u_unified_p4_kernel/input_mem_reg[0][35][4]","input_mem_reg","FDRE","SLICE_X53Y117","SLICEM.DFF","SLICE_X53Y117","SLICEM","CLEM_X35Y117","202","127","","X1Y1",""
"u_dut/u_unified_p4_kernel/input_mem_reg[0][35][5]","input_mem_reg","FDRE","SLICE_X54Y121","SLICEL.FFF","SLICE_X54Y121","SLICEL","CLEL_R_X35Y121","204","122","","X1Y2",""
"u_dut/u_unified_p4_kernel/input_mem_reg[0][35][6]","input_mem_reg","FDRE","SLICE_X68Y89","SLICEL.DFF","SLICE_X68Y89","SLICEL","CLEL_R_X44Y89","243","156","","X2Y1",""
"u_dut/u_unified_p4_kernel/input_mem_reg[0][35][7]","input_mem_reg","FDRE","SLICE_X54Y121","SLICEL.EFF","SLICE_X54Y121","SLICEL","CLEL_R_X35Y121","204","122","","X1Y2",""
"u_dut/u_unified_p4_kernel/input_mem_reg[0][35][8]","input_mem_reg","FDRE","SLICE_X68Y90","SLICEL.DFF","SLICE_X68Y90","SLICEL","CLEL_R_X44Y90","243","154","","X2Y1",""
"u_dut/u_unified_p4_kernel/input_mem_reg[0][35][9]","input_mem_reg","FDRE","SLICE_X55Y121","SLICEM.GFF2","SLICE_X55Y121","SLICEM","CLEM_X36Y121","207","122","","X1Y2",""
"u_dut/u_unified_p4_kernel/input_mem_reg[0][36][0]","input_mem_reg","FDRE","SLICE_X69Y104","SLICEL.HFF2","SLICE_X69Y104","SLICEL","CLEL_L_X45Y104","244","140","","X2Y1",""
"u_dut/u_unified_p4_kernel/input_mem_reg[0][36][10]","input_mem_reg","FDRE","SLICE_X76Y99","SLICEL.HFF2","SLICE_X76Y99","SLICEL","CLEL_R_X49Y99","264","145","","X2Y1",""
"u_dut/u_unified_p4_kernel/input_mem_reg[0][36][11]","input_mem_reg","FDRE","SLICE_X68Y104","SLICEL.HFF2","SLICE_X68Y104","SLICEL","CLEL_R_X44Y104","243","140","","X2Y1",""
"u_dut/u_unified_p4_kernel/input_mem_reg[0][36][12]","input_mem_reg","FDRE","SLICE_X73Y100","SLICEL.HFF2","SLICE_X73Y100","SLICEL","CLEL_R_X47Y100","255","144","","X2Y1",""
"u_dut/u_unified_p4_kernel/input_mem_reg[0][36][13]","input_mem_reg","FDRE","SLICE_X76Y98","SLICEL.HFF","SLICE_X76Y98","SLICEL","CLEL_R_X49Y98","264","146","","X2Y1",""
"u_dut/u_unified_p4_kernel/input_mem_reg[0][36][14]","input_mem_reg","FDRE","SLICE_X76Y99","SLICEL.GFF2","SLICE_X76Y99","SLICEL","CLEL_R_X49Y99","264","145","","X2Y1",""
"u_dut/u_unified_p4_kernel/input_mem_reg[0][36][15]","input_mem_reg","FDRE","SLICE_X68Y104","SLICEL.GFF2","SLICE_X68Y104","SLICEL","CLEL_R_X44Y104","243","140","","X2Y1",""
"u_dut/u_unified_p4_kernel/input_mem_reg[0][36][1]","input_mem_reg","FDRE","SLICE_X73Y100","SLICEL.GFF2","SLICE_X73Y100","SLICEL","CLEL_R_X47Y100","255","144","","X2Y1",""
"u_dut/u_unified_p4_kernel/input_mem_reg[0][36][2]","input_mem_reg","FDRE","SLICE_X71Y101","SLICEM.EFF","SLICE_X71Y101","SLICEM","CLEM_X46Y101","249","143","","X2Y1",""
"u_dut/u_unified_p4_kernel/input_mem_reg[0][36][3]","input_mem_reg","FDRE","SLICE_X80Y97","SLICEL.HFF","SLICE_X80Y97","SLICEL","CLEL_R_X52Y97","276","147","","X2Y1",""
"u_dut/u_unified_p4_kernel/input_mem_reg[0][36][4]","input_mem_reg","FDRE","SLICE_X68Y104","SLICEL.FFF2","SLICE_X68Y104","SLICEL","CLEL_R_X44Y104","243","140","","X2Y1",""
"u_dut/u_unified_p4_kernel/input_mem_reg[0][36][5]","input_mem_reg","FDRE","SLICE_X77Y95","SLICEL.HFF","SLICE_X77Y95","SLICEL","CLEL_L_X50Y95","265","149","","X2Y1",""
"u_dut/u_unified_p4_kernel/input_mem_reg[0][36][6]","input_mem_reg","FDRE","SLICE_X76Y99","SLICEL.FFF2","SLICE_X76Y99","SLICEL","CLEL_R_X49Y99","264","145","","X2Y1",""
"u_dut/u_unified_p4_kernel/input_mem_reg[0][36][7]","input_mem_reg","FDRE","SLICE_X79Y95","SLICEM.EFF","SLICE_X79Y95","SLICEM","CLEM_X51Y95","270","149","","X2Y1",""
"u_dut/u_unified_p4_kernel/input_mem_reg[0][36][8]","input_mem_reg","FDRE","SLICE_X76Y98","SLICEL.GFF","SLICE_X76Y98","SLICEL","CLEL_R_X49Y98","264","146","","X2Y1",""
"u_dut/u_unified_p4_kernel/input_mem_reg[0][36][9]","input_mem_reg","FDRE","SLICE_X76Y99","SLICEL.EFF2","SLICE_X76Y99","SLICEL","CLEL_R_X49Y99","264","145","","X2Y1",""
"u_dut/u_unified_p4_kernel/input_mem_reg[0][37][0]","input_mem_reg","FDRE","SLICE_X70Y102","SLICEL.DFF2","SLICE_X70Y102","SLICEL","CLEL_R_X45Y102","246","142","","X2Y1",""
"u_dut/u_unified_p4_kernel/input_mem_reg[0][37][10]","input_mem_reg","FDRE","SLICE_X68Y101","SLICEL.HFF2","SLICE_X68Y101","SLICEL","CLEL_R_X44Y101","243","143","","X2Y1",""
"u_dut/u_unified_p4_kernel/input_mem_reg[0][37][11]","input_mem_reg","FDRE","SLICE_X53Y102","SLICEM.DFF","SLICE_X53Y102","SLICEM","CLEM_X35Y102","202","142","","X1Y1",""
"u_dut/u_unified_p4_kernel/input_mem_reg[0][37][12]","input_mem_reg","FDRE","SLICE_X53Y102","SLICEM.CFF","SLICE_X53Y102","SLICEM","CLEM_X35Y102","202","142","","X1Y1",""
"u_dut/u_unified_p4_kernel/input_mem_reg[0][37][13]","input_mem_reg","FDRE","SLICE_X68Y101","SLICEL.GFF2","SLICE_X68Y101","SLICEL","CLEL_R_X44Y101","243","143","","X2Y1",""
"u_dut/u_unified_p4_kernel/input_mem_reg[0][37][14]","input_mem_reg","FDRE","SLICE_X69Y102","SLICEL.HFF","SLICE_X69Y102","SLICEL","CLEL_L_X45Y102","244","142","","X2Y1",""
"u_dut/u_unified_p4_kernel/input_mem_reg[0][37][15]","input_mem_reg","FDRE","SLICE_X84Y98","SLICEL.HFF","SLICE_X84Y98","SLICEL","CLEL_L_X55Y98","286","146","","X2Y1",""
"u_dut/u_unified_p4_kernel/input_mem_reg[0][37][1]","input_mem_reg","FDRE","SLICE_X68Y104","SLICEL.EFF2","SLICE_X68Y104","SLICEL","CLEL_R_X44Y104","243","140","","X2Y1",""
"u_dut/u_unified_p4_kernel/input_mem_reg[0][37][2]","input_mem_reg","FDRE","SLICE_X86Y106","SLICEM.EFF","SLICE_X86Y106","SLICEM","CLEM_X56Y106","291","138","","X2Y1",""
"u_dut/u_unified_p4_kernel/input_mem_reg[0][37][3]","input_mem_reg","FDRE","SLICE_X86Y106","SLICEM.FFF","SLICE_X86Y106","SLICEM","CLEM_X56Y106","291","138","","X2Y1",""
"u_dut/u_unified_p4_kernel/input_mem_reg[0][37][4]","input_mem_reg","FDRE","SLICE_X70Y106","SLICEL.AFF","SLICE_X70Y106","SLICEL","CLEL_R_X45Y106","246","138","","X2Y1",""
"u_dut/u_unified_p4_kernel/input_mem_reg[0][37][5]","input_mem_reg","FDRE","SLICE_X69Y105","SLICEL.HFF2","SLICE_X69Y105","SLICEL","CLEL_L_X45Y105","244","139","","X2Y1",""
"u_dut/u_unified_p4_kernel/input_mem_reg[0][37][6]","input_mem_reg","FDRE","SLICE_X84Y98","SLICEL.GFF","SLICE_X84Y98","SLICEL","CLEL_L_X55Y98","286","146","","X2Y1",""
"u_dut/u_unified_p4_kernel/input_mem_reg[0][37][7]","input_mem_reg","FDRE","SLICE_X77Y100","SLICEL.HFF2","SLICE_X77Y100","SLICEL","CLEL_L_X50Y100","265","144","","X2Y1",""
"u_dut/u_unified_p4_kernel/input_mem_reg[0][37][8]","input_mem_reg","FDRE","SLICE_X65Y107","SLICEL.HFF2","SLICE_X65Y107","SLICEL","CLEL_R_X42Y107","234","137","","X2Y1",""
"u_dut/u_unified_p4_kernel/input_mem_reg[0][37][9]","input_mem_reg","FDRE","SLICE_X65Y107","SLICEL.GFF2","SLICE_X65Y107","SLICEL","CLEL_R_X42Y107","234","137","","X2Y1",""
"u_dut/u_unified_p4_kernel/input_mem_reg[0][38][0]","input_mem_reg","FDRE","SLICE_X68Y101","SLICEL.FFF2","SLICE_X68Y101","SLICEL","CLEL_R_X44Y101","243","143","","X2Y1",""
"u_dut/u_unified_p4_kernel/input_mem_reg[0][38][10]","input_mem_reg","FDRE","SLICE_X69Y95","SLICEL.HFF","SLICE_X69Y95","SLICEL","CLEL_L_X45Y95","244","149","","X2Y1",""
"u_dut/u_unified_p4_kernel/input_mem_reg[0][38][11]","input_mem_reg","FDRE","SLICE_X53Y108","SLICEM.HFF2","SLICE_X53Y108","SLICEM","CLEM_X35Y108","202","136","","X1Y1",""
"u_dut/u_unified_p4_kernel/input_mem_reg[0][38][12]","input_mem_reg","FDRE","SLICE_X69Y96","SLICEL.HFF2","SLICE_X69Y96","SLICEL","CLEL_L_X45Y96","244","148","","X2Y1",""
"u_dut/u_unified_p4_kernel/input_mem_reg[0][38][13]","input_mem_reg","FDRE","SLICE_X53Y108","SLICEM.GFF2","SLICE_X53Y108","SLICEM","CLEM_X35Y108","202","136","","X1Y1",""
"u_dut/u_unified_p4_kernel/input_mem_reg[0][38][14]","input_mem_reg","FDRE","SLICE_X68Y96","SLICEL.AFF2","SLICE_X68Y96","SLICEL","CLEL_R_X44Y96","243","148","","X2Y1",""
"u_dut/u_unified_p4_kernel/input_mem_reg[0][38][15]","input_mem_reg","FDRE","SLICE_X59Y111","SLICEL.HFF2","SLICE_X59Y111","SLICEL","CLEL_R_X38Y111","218","133","","X2Y1",""
"u_dut/u_unified_p4_kernel/input_mem_reg[0][38][1]","input_mem_reg","FDRE","SLICE_X59Y111","SLICEL.GFF2","SLICE_X59Y111","SLICEL","CLEL_R_X38Y111","218","133","","X2Y1",""
"u_dut/u_unified_p4_kernel/input_mem_reg[0][38][2]","input_mem_reg","FDRE","SLICE_X77Y96","SLICEL.HFF","SLICE_X77Y96","SLICEL","CLEL_L_X50Y96","265","148","","X2Y1",""
"u_dut/u_unified_p4_kernel/input_mem_reg[0][38][3]","input_mem_reg","FDRE","SLICE_X63Y108","SLICEL.DFF2","SLICE_X63Y108","SLICEL","CLEL_R_X41Y108","231","136","","X2Y1",""
"u_dut/u_unified_p4_kernel/input_mem_reg[0][38][4]","input_mem_reg","FDRE","SLICE_X74Y102","SLICEM.HFF2","SLICE_X74Y102","SLICEM","CLEM_X48Y102","258","142","","X2Y1",""
"u_dut/u_unified_p4_kernel/input_mem_reg[0][38][5]","input_mem_reg","FDRE","SLICE_X72Y105","SLICEL.HFF","SLICE_X72Y105","SLICEL","CLEL_R_X46Y105","251","139","","X2Y1",""
"u_dut/u_unified_p4_kernel/input_mem_reg[0][38][6]","input_mem_reg","FDRE","SLICE_X63Y108","SLICEL.CFF2","SLICE_X63Y108","SLICEL","CLEL_R_X41Y108","231","136","","X2Y1",""
"u_dut/u_unified_p4_kernel/input_mem_reg[0][38][7]","input_mem_reg","FDRE","SLICE_X71Y105","SLICEM.EFF","SLICE_X71Y105","SLICEM","CLEM_X46Y105","249","139","","X2Y1",""
"u_dut/u_unified_p4_kernel/input_mem_reg[0][38][8]","input_mem_reg","FDRE","SLICE_X74Y102","SLICEM.GFF2","SLICE_X74Y102","SLICEM","CLEM_X48Y102","258","142","","X2Y1",""
"u_dut/u_unified_p4_kernel/input_mem_reg[0][38][9]","input_mem_reg","FDRE","SLICE_X77Y96","SLICEL.GFF","SLICE_X77Y96","SLICEL","CLEL_L_X50Y96","265","148","","X2Y1",""
"u_dut/u_unified_p4_kernel/input_mem_reg[0][39][0]","input_mem_reg","FDRE","SLICE_X85Y104","SLICEL.DFF2","SLICE_X85Y104","SLICEL","CLEL_R_X55Y104","288","140","","X2Y1",""
"u_dut/u_unified_p4_kernel/input_mem_reg[0][39][10]","input_mem_reg","FDRE","SLICE_X53Y102","SLICEM.BFF","SLICE_X53Y102","SLICEM","CLEM_X35Y102","202","142","","X1Y1",""
"u_dut/u_unified_p4_kernel/input_mem_reg[0][39][11]","input_mem_reg","FDRE","SLICE_X53Y102","SLICEM.AFF","SLICE_X53Y102","SLICEM","CLEM_X35Y102","202","142","","X1Y1",""
"u_dut/u_unified_p4_kernel/input_mem_reg[0][39][12]","input_mem_reg","FDRE","SLICE_X85Y104","SLICEL.CFF2","SLICE_X85Y104","SLICEL","CLEL_R_X55Y104","288","140","","X2Y1",""
"u_dut/u_unified_p4_kernel/input_mem_reg[0][39][13]","input_mem_reg","FDRE","SLICE_X59Y111","SLICEL.FFF2","SLICE_X59Y111","SLICEL","CLEL_R_X38Y111","218","133","","X2Y1",""
"u_dut/u_unified_p4_kernel/input_mem_reg[0][39][14]","input_mem_reg","FDRE","SLICE_X59Y111","SLICEL.EFF2","SLICE_X59Y111","SLICEL","CLEL_R_X38Y111","218","133","","X2Y1",""
"u_dut/u_unified_p4_kernel/input_mem_reg[0][39][15]","input_mem_reg","FDRE","SLICE_X81Y95","SLICEM.HFF2","SLICE_X81Y95","SLICEM","CLEM_X53Y95","279","149","","X2Y1",""
"u_dut/u_unified_p4_kernel/input_mem_reg[0][39][1]","input_mem_reg","FDRE","SLICE_X83Y97","SLICEL.AFF","SLICE_X83Y97","SLICEL","CLEL_R_X54Y97","285","147","","X2Y1",""
"u_dut/u_unified_p4_kernel/input_mem_reg[0][39][2]","input_mem_reg","FDRE","SLICE_X87Y106","SLICEL.HFF","SLICE_X87Y106","SLICEL","CLEL_R_X56Y106","293","138","","X2Y1",""
"u_dut/u_unified_p4_kernel/input_mem_reg[0][39][3]","input_mem_reg","FDRE","SLICE_X69Y96","SLICEL.GFF2","SLICE_X69Y96","SLICEL","CLEL_L_X45Y96","244","148","","X2Y1",""
"u_dut/u_unified_p4_kernel/input_mem_reg[0][39][4]","input_mem_reg","FDRE","SLICE_X70Y106","SLICEL.AFF2","SLICE_X70Y106","SLICEL","CLEL_R_X45Y106","246","138","","X2Y1",""
"u_dut/u_unified_p4_kernel/input_mem_reg[0][39][5]","input_mem_reg","FDRE","SLICE_X84Y110","SLICEL.DFF2","SLICE_X84Y110","SLICEL","CLEL_L_X55Y110","286","134","","X2Y1",""
"u_dut/u_unified_p4_kernel/input_mem_reg[0][39][6]","input_mem_reg","FDRE","SLICE_X69Y96","SLICEL.FFF2","SLICE_X69Y96","SLICEL","CLEL_L_X45Y96","244","148","","X2Y1",""
"u_dut/u_unified_p4_kernel/input_mem_reg[0][39][7]","input_mem_reg","FDRE","SLICE_X85Y97","SLICEL.EFF","SLICE_X85Y97","SLICEL","CLEL_R_X55Y97","288","147","","X2Y1",""
"u_dut/u_unified_p4_kernel/input_mem_reg[0][39][8]","input_mem_reg","FDRE","SLICE_X87Y105","SLICEL.AFF","SLICE_X87Y105","SLICEL","CLEL_R_X56Y105","293","139","","X2Y1",""
"u_dut/u_unified_p4_kernel/input_mem_reg[0][39][9]","input_mem_reg","FDRE","SLICE_X83Y99","SLICEL.HFF2","SLICE_X83Y99","SLICEL","CLEL_R_X54Y99","285","145","","X2Y1",""
"u_dut/u_unified_p4_kernel/input_mem_reg[0][3][0]","input_mem_reg","FDRE","SLICE_X80Y73","SLICEL.HFF","SLICE_X80Y73","SLICEL","CLEL_R_X52Y73","276","172","","X2Y1",""
"u_dut/u_unified_p4_kernel/input_mem_reg[0][3][10]","input_mem_reg","FDRE","SLICE_X95Y93","SLICEM.HFF2","SLICE_X95Y93","SLICEM","CLEM_X62Y93","318","151","","X3Y1",""
"u_dut/u_unified_p4_kernel/input_mem_reg[0][3][11]","input_mem_reg","FDRE","SLICE_X86Y93","SLICEM.HFF","SLICE_X86Y93","SLICEM","CLEM_X56Y93","291","151","","X2Y1",""
"u_dut/u_unified_p4_kernel/input_mem_reg[0][3][12]","input_mem_reg","FDRE","SLICE_X86Y93","SLICEM.GFF","SLICE_X86Y93","SLICEM","CLEM_X56Y93","291","151","","X2Y1",""
"u_dut/u_unified_p4_kernel/input_mem_reg[0][3][13]","input_mem_reg","FDRE","SLICE_X82Y71","SLICEM.HFF2","SLICE_X82Y71","SLICEM","CLEM_X54Y71","283","174","","X2Y1",""
"u_dut/u_unified_p4_kernel/input_mem_reg[0][3][14]","input_mem_reg","FDRE","SLICE_X84Y77","SLICEL.HFF","SLICE_X84Y77","SLICEL","CLEL_L_X55Y77","286","168","","X2Y1",""
"u_dut/u_unified_p4_kernel/input_mem_reg[0][3][15]","input_mem_reg","FDRE","SLICE_X95Y93","SLICEM.GFF2","SLICE_X95Y93","SLICEM","CLEM_X62Y93","318","151","","X3Y1",""
"u_dut/u_unified_p4_kernel/input_mem_reg[0][3][1]","input_mem_reg","FDRE","SLICE_X82Y71","SLICEM.GFF2","SLICE_X82Y71","SLICEM","CLEM_X54Y71","283","174","","X2Y1",""
"u_dut/u_unified_p4_kernel/input_mem_reg[0][3][2]","input_mem_reg","FDRE","SLICE_X82Y71","SLICEM.FFF2","SLICE_X82Y71","SLICEM","CLEM_X54Y71","283","174","","X2Y1",""
"u_dut/u_unified_p4_kernel/input_mem_reg[0][3][3]","input_mem_reg","FDRE","SLICE_X82Y71","SLICEM.EFF2","SLICE_X82Y71","SLICEM","CLEM_X54Y71","283","174","","X2Y1",""
"u_dut/u_unified_p4_kernel/input_mem_reg[0][3][4]","input_mem_reg","FDRE","SLICE_X84Y77","SLICEL.GFF","SLICE_X84Y77","SLICEL","CLEL_L_X55Y77","286","168","","X2Y1",""
"u_dut/u_unified_p4_kernel/input_mem_reg[0][3][5]","input_mem_reg","FDRE","SLICE_X88Y78","SLICEL.DFF2","SLICE_X88Y78","SLICEL","CLEL_R_X57Y78","297","167","","X2Y1",""
"u_dut/u_unified_p4_kernel/input_mem_reg[0][3][6]","input_mem_reg","FDRE","SLICE_X85Y80","SLICEL.HFF","SLICE_X85Y80","SLICEL","CLEL_R_X55Y80","288","165","","X2Y1",""
"u_dut/u_unified_p4_kernel/input_mem_reg[0][3][7]","input_mem_reg","FDRE","SLICE_X84Y77","SLICEL.FFF","SLICE_X84Y77","SLICEL","CLEL_L_X55Y77","286","168","","X2Y1",""
"u_dut/u_unified_p4_kernel/input_mem_reg[0][3][8]","input_mem_reg","FDRE","SLICE_X85Y80","SLICEL.GFF","SLICE_X85Y80","SLICEL","CLEL_R_X55Y80","288","165","","X2Y1",""
"u_dut/u_unified_p4_kernel/input_mem_reg[0][3][9]","input_mem_reg","FDRE","SLICE_X88Y78","SLICEL.CFF2","SLICE_X88Y78","SLICEL","CLEL_R_X57Y78","297","167","","X2Y1",""
"u_dut/u_unified_p4_kernel/input_mem_reg[0][40][0]","input_mem_reg","FDRE","SLICE_X83Y97","SLICEL.HFF","SLICE_X83Y97","SLICEL","CLEL_R_X54Y97","285","147","","X2Y1",""
"u_dut/u_unified_p4_kernel/input_mem_reg[0][40][10]","input_mem_reg","FDRE","SLICE_X84Y104","SLICEL.HFF","SLICE_X84Y104","SLICEL","CLEL_L_X55Y104","286","140","","X2Y1",""
"u_dut/u_unified_p4_kernel/input_mem_reg[0][40][11]","input_mem_reg","FDRE","SLICE_X51Y108","SLICEL.HFF2","SLICE_X51Y108","SLICEL","CLEL_R_X33Y108","195","136","","X1Y1",""
"u_dut/u_unified_p4_kernel/input_mem_reg[0][40][12]","input_mem_reg","FDRE","SLICE_X51Y108","SLICEL.GFF2","SLICE_X51Y108","SLICEL","CLEL_R_X33Y108","195","136","","X1Y1",""
"u_dut/u_unified_p4_kernel/input_mem_reg[0][40][13]","input_mem_reg","FDRE","SLICE_X50Y101","SLICEM.EFF","SLICE_X50Y101","SLICEM","CLEM_X33Y101","193","143","","X1Y1",""
"u_dut/u_unified_p4_kernel/input_mem_reg[0][40][14]","input_mem_reg","FDRE","SLICE_X52Y102","SLICEM.HFF2","SLICE_X52Y102","SLICEM","CLEM_X34Y102","198","142","","X1Y1",""
"u_dut/u_unified_p4_kernel/input_mem_reg[0][40][15]","input_mem_reg","FDRE","SLICE_X78Y95","SLICEL.DFF2","SLICE_X78Y95","SLICEL","CLEL_R_X50Y95","267","149","","X2Y1",""
"u_dut/u_unified_p4_kernel/input_mem_reg[0][40][1]","input_mem_reg","FDRE","SLICE_X69Y112","SLICEL.DFF2","SLICE_X69Y112","SLICEL","CLEL_L_X45Y112","244","132","","X2Y1",""
"u_dut/u_unified_p4_kernel/input_mem_reg[0][40][2]","input_mem_reg","FDRE","SLICE_X53Y105","SLICEM.HFF","SLICE_X53Y105","SLICEM","CLEM_X35Y105","202","139","","X1Y1",""
"u_dut/u_unified_p4_kernel/input_mem_reg[0][40][3]","input_mem_reg","FDRE","SLICE_X56Y92","SLICEM.DFF2","SLICE_X56Y92","SLICEM","CLEM_X37Y92","211","152","","X2Y1",""
"u_dut/u_unified_p4_kernel/input_mem_reg[0][40][4]","input_mem_reg","FDRE","SLICE_X70Y104","SLICEL.HFF","SLICE_X70Y104","SLICEL","CLEL_R_X45Y104","246","140","","X2Y1",""
"u_dut/u_unified_p4_kernel/input_mem_reg[0][40][5]","input_mem_reg","FDRE","SLICE_X84Y105","SLICEL.DFF2","SLICE_X84Y105","SLICEL","CLEL_L_X55Y105","286","139","","X2Y1",""
"u_dut/u_unified_p4_kernel/input_mem_reg[0][40][6]","input_mem_reg","FDRE","SLICE_X56Y99","SLICEM.EFF","SLICE_X56Y99","SLICEM","CLEM_X37Y99","211","145","","X2Y1",""
"u_dut/u_unified_p4_kernel/input_mem_reg[0][40][7]","input_mem_reg","FDRE","SLICE_X55Y106","SLICEM.DFF2","SLICE_X55Y106","SLICEM","CLEM_X36Y106","207","138","","X1Y1",""
"u_dut/u_unified_p4_kernel/input_mem_reg[0][40][8]","input_mem_reg","FDRE","SLICE_X56Y110","SLICEM.HFF","SLICE_X56Y110","SLICEM","CLEM_X37Y110","211","134","","X2Y1",""
"u_dut/u_unified_p4_kernel/input_mem_reg[0][40][9]","input_mem_reg","FDRE","SLICE_X53Y105","SLICEM.GFF","SLICE_X53Y105","SLICEM","CLEM_X35Y105","202","139","","X1Y1",""
"u_dut/u_unified_p4_kernel/input_mem_reg[0][41][0]","input_mem_reg","FDRE","SLICE_X83Y101","SLICEL.HFF","SLICE_X83Y101","SLICEL","CLEL_R_X54Y101","285","143","","X2Y1",""
"u_dut/u_unified_p4_kernel/input_mem_reg[0][41][10]","input_mem_reg","FDRE","SLICE_X83Y101","SLICEL.GFF","SLICE_X83Y101","SLICEL","CLEL_R_X54Y101","285","143","","X2Y1",""
"u_dut/u_unified_p4_kernel/input_mem_reg[0][41][11]","input_mem_reg","FDRE","SLICE_X68Y111","SLICEL.HFF2","SLICE_X68Y111","SLICEL","CLEL_R_X44Y111","243","133","","X2Y1",""
"u_dut/u_unified_p4_kernel/input_mem_reg[0][41][12]","input_mem_reg","FDRE","SLICE_X70Y110","SLICEL.HFF2","SLICE_X70Y110","SLICEL","CLEL_R_X45Y110","246","134","","X2Y1",""
"u_dut/u_unified_p4_kernel/input_mem_reg[0][41][13]","input_mem_reg","FDRE","SLICE_X54Y109","SLICEL.HFF","SLICE_X54Y109","SLICEL","CLEL_R_X35Y109","204","135","","X1Y1",""
"u_dut/u_unified_p4_kernel/input_mem_reg[0][41][14]","input_mem_reg","FDRE","SLICE_X53Y110","SLICEM.HFF2","SLICE_X53Y110","SLICEM","CLEM_X35Y110","202","134","","X1Y1",""
"u_dut/u_unified_p4_kernel/input_mem_reg[0][41][15]","input_mem_reg","FDRE","SLICE_X53Y110","SLICEM.GFF2","SLICE_X53Y110","SLICEM","CLEM_X35Y110","202","134","","X1Y1",""
"u_dut/u_unified_p4_kernel/input_mem_reg[0][41][1]","input_mem_reg","FDRE","SLICE_X53Y110","SLICEM.FFF2","SLICE_X53Y110","SLICEM","CLEM_X35Y110","202","134","","X1Y1",""
"u_dut/u_unified_p4_kernel/input_mem_reg[0][41][2]","input_mem_reg","FDRE","SLICE_X70Y99","SLICEL.HFF2","SLICE_X70Y99","SLICEL","CLEL_R_X45Y99","246","145","","X2Y1",""
"u_dut/u_unified_p4_kernel/input_mem_reg[0][41][3]","input_mem_reg","FDRE","SLICE_X54Y111","SLICEL.HFF","SLICE_X54Y111","SLICEL","CLEL_R_X35Y111","204","133","","X1Y1",""
"u_dut/u_unified_p4_kernel/input_mem_reg[0][41][4]","input_mem_reg","FDRE","SLICE_X84Y105","SLICEL.CFF2","SLICE_X84Y105","SLICEL","CLEL_L_X55Y105","286","139","","X2Y1",""
"u_dut/u_unified_p4_kernel/input_mem_reg[0][41][5]","input_mem_reg","FDRE","SLICE_X69Y112","SLICEL.CFF2","SLICE_X69Y112","SLICEL","CLEL_L_X45Y112","244","132","","X2Y1",""
"u_dut/u_unified_p4_kernel/input_mem_reg[0][41][6]","input_mem_reg","FDRE","SLICE_X70Y104","SLICEL.GFF","SLICE_X70Y104","SLICEL","CLEL_R_X45Y104","246","140","","X2Y1",""
"u_dut/u_unified_p4_kernel/input_mem_reg[0][41][7]","input_mem_reg","FDRE","SLICE_X53Y110","SLICEM.EFF2","SLICE_X53Y110","SLICEM","CLEM_X35Y110","202","134","","X1Y1",""
"u_dut/u_unified_p4_kernel/input_mem_reg[0][41][8]","input_mem_reg","FDRE","SLICE_X70Y111","SLICEL.HFF2","SLICE_X70Y111","SLICEL","CLEL_R_X45Y111","246","133","","X2Y1",""
"u_dut/u_unified_p4_kernel/input_mem_reg[0][41][9]","input_mem_reg","FDRE","SLICE_X70Y99","SLICEL.GFF2","SLICE_X70Y99","SLICEL","CLEL_R_X45Y99","246","145","","X2Y1",""
"u_dut/u_unified_p4_kernel/input_mem_reg[0][42][0]","input_mem_reg","FDRE","SLICE_X54Y111","SLICEL.GFF","SLICE_X54Y111","SLICEL","CLEL_R_X35Y111","204","133","","X1Y1",""
"u_dut/u_unified_p4_kernel/input_mem_reg[0][42][10]","input_mem_reg","FDRE","SLICE_X51Y108","SLICEL.FFF2","SLICE_X51Y108","SLICEL","CLEL_R_X33Y108","195","136","","X1Y1",""
"u_dut/u_unified_p4_kernel/input_mem_reg[0][42][11]","input_mem_reg","FDRE","SLICE_X55Y112","SLICEM.DFF2","SLICE_X55Y112","SLICEM","CLEM_X36Y112","207","132","","X1Y1",""
"u_dut/u_unified_p4_kernel/input_mem_reg[0][42][12]","input_mem_reg","FDRE","SLICE_X51Y108","SLICEL.EFF2","SLICE_X51Y108","SLICEL","CLEL_R_X33Y108","195","136","","X1Y1",""
"u_dut/u_unified_p4_kernel/input_mem_reg[0][42][13]","input_mem_reg","FDRE","SLICE_X69Y105","SLICEL.HFF","SLICE_X69Y105","SLICEL","CLEL_L_X45Y105","244","139","","X2Y1",""
"u_dut/u_unified_p4_kernel/input_mem_reg[0][42][14]","input_mem_reg","FDRE","SLICE_X49Y97","SLICEM.HFF","SLICE_X49Y97","SLICEM","CLEM_X32Y97","189","147","","X1Y1",""
"u_dut/u_unified_p4_kernel/input_mem_reg[0][42][15]","input_mem_reg","FDRE","SLICE_X59Y98","SLICEL.HFF","SLICE_X59Y98","SLICEL","CLEL_R_X38Y98","218","146","","X2Y1",""
"u_dut/u_unified_p4_kernel/input_mem_reg[0][42][1]","input_mem_reg","FDRE","SLICE_X54Y111","SLICEL.FFF","SLICE_X54Y111","SLICEL","CLEL_R_X35Y111","204","133","","X1Y1",""
"u_dut/u_unified_p4_kernel/input_mem_reg[0][42][2]","input_mem_reg","FDRE","SLICE_X70Y108","SLICEL.HFF2","SLICE_X70Y108","SLICEL","CLEL_R_X45Y108","246","136","","X2Y1",""
"u_dut/u_unified_p4_kernel/input_mem_reg[0][42][3]","input_mem_reg","FDRE","SLICE_X51Y109","SLICEL.HFF2","SLICE_X51Y109","SLICEL","CLEL_R_X33Y109","195","135","","X1Y1",""
"u_dut/u_unified_p4_kernel/input_mem_reg[0][42][4]","input_mem_reg","FDRE","SLICE_X69Y105","SLICEL.GFF","SLICE_X69Y105","SLICEL","CLEL_L_X45Y105","244","139","","X2Y1",""
"u_dut/u_unified_p4_kernel/input_mem_reg[0][42][5]","input_mem_reg","FDRE","SLICE_X54Y111","SLICEL.EFF","SLICE_X54Y111","SLICEL","CLEL_R_X35Y111","204","133","","X1Y1",""
"u_dut/u_unified_p4_kernel/input_mem_reg[0][42][6]","input_mem_reg","FDRE","SLICE_X70Y108","SLICEL.GFF2","SLICE_X70Y108","SLICEL","CLEL_R_X45Y108","246","136","","X2Y1",""
"u_dut/u_unified_p4_kernel/input_mem_reg[0][42][7]","input_mem_reg","FDRE","SLICE_X51Y109","SLICEL.GFF2","SLICE_X51Y109","SLICEL","CLEL_R_X33Y109","195","135","","X1Y1",""
"u_dut/u_unified_p4_kernel/input_mem_reg[0][42][8]","input_mem_reg","FDRE","SLICE_X51Y109","SLICEL.FFF2","SLICE_X51Y109","SLICEL","CLEL_R_X33Y109","195","135","","X1Y1",""
"u_dut/u_unified_p4_kernel/input_mem_reg[0][42][9]","input_mem_reg","FDRE","SLICE_X51Y109","SLICEL.EFF2","SLICE_X51Y109","SLICEL","CLEL_R_X33Y109","195","135","","X1Y1",""
"u_dut/u_unified_p4_kernel/input_mem_reg[0][43][0]","input_mem_reg","FDRE","SLICE_X50Y113","SLICEM.HFF2","SLICE_X50Y113","SLICEM","CLEM_X33Y113","193","131","","X1Y1",""
"u_dut/u_unified_p4_kernel/input_mem_reg[0][43][10]","input_mem_reg","FDRE","SLICE_X50Y113","SLICEM.GFF2","SLICE_X50Y113","SLICEM","CLEM_X33Y113","193","131","","X1Y1",""
"u_dut/u_unified_p4_kernel/input_mem_reg[0][43][11]","input_mem_reg","FDRE","SLICE_X53Y104","SLICEM.DFF2","SLICE_X53Y104","SLICEM","CLEM_X35Y104","202","140","","X1Y1",""
"u_dut/u_unified_p4_kernel/input_mem_reg[0][43][12]","input_mem_reg","FDRE","SLICE_X53Y104","SLICEM.CFF2","SLICE_X53Y104","SLICEM","CLEM_X35Y104","202","140","","X1Y1",""
"u_dut/u_unified_p4_kernel/input_mem_reg[0][43][13]","input_mem_reg","FDRE","SLICE_X67Y92","SLICEM.AFF","SLICE_X67Y92","SLICEM","CLEM_X44Y92","241","152","","X2Y1",""
"u_dut/u_unified_p4_kernel/input_mem_reg[0][43][14]","input_mem_reg","FDRE","SLICE_X63Y106","SLICEL.HFF2","SLICE_X63Y106","SLICEL","CLEL_R_X41Y106","231","138","","X2Y1",""
"u_dut/u_unified_p4_kernel/input_mem_reg[0][43][15]","input_mem_reg","FDRE","SLICE_X69Y106","SLICEL.HFF","SLICE_X69Y106","SLICEL","CLEL_L_X45Y106","244","138","","X2Y1",""
"u_dut/u_unified_p4_kernel/input_mem_reg[0][43][1]","input_mem_reg","FDRE","SLICE_X69Y106","SLICEL.GFF","SLICE_X69Y106","SLICEL","CLEL_L_X45Y106","244","138","","X2Y1",""
"u_dut/u_unified_p4_kernel/input_mem_reg[0][43][2]","input_mem_reg","FDRE","SLICE_X62Y92","SLICEM.HFF","SLICE_X62Y92","SLICEM","CLEM_X41Y92","229","152","","X2Y1",""
"u_dut/u_unified_p4_kernel/input_mem_reg[0][43][3]","input_mem_reg","FDRE","SLICE_X64Y109","SLICEL.HFF2","SLICE_X64Y109","SLICEL","CLEL_L_X42Y109","232","135","","X2Y1",""
"u_dut/u_unified_p4_kernel/input_mem_reg[0][43][4]","input_mem_reg","FDRE","SLICE_X53Y104","SLICEM.BFF2","SLICE_X53Y104","SLICEM","CLEM_X35Y104","202","140","","X1Y1",""
"u_dut/u_unified_p4_kernel/input_mem_reg[0][43][5]","input_mem_reg","FDRE","SLICE_X62Y92","SLICEM.GFF","SLICE_X62Y92","SLICEM","CLEM_X41Y92","229","152","","X2Y1",""
"u_dut/u_unified_p4_kernel/input_mem_reg[0][43][6]","input_mem_reg","FDRE","SLICE_X52Y96","SLICEM.HFF","SLICE_X52Y96","SLICEM","CLEM_X34Y96","198","148","","X1Y1",""
"u_dut/u_unified_p4_kernel/input_mem_reg[0][43][7]","input_mem_reg","FDRE","SLICE_X68Y93","SLICEL.HFF2","SLICE_X68Y93","SLICEL","CLEL_R_X44Y93","243","151","","X2Y1",""
"u_dut/u_unified_p4_kernel/input_mem_reg[0][43][8]","input_mem_reg","FDRE","SLICE_X52Y96","SLICEM.GFF","SLICE_X52Y96","SLICEM","CLEM_X34Y96","198","148","","X1Y1",""
"u_dut/u_unified_p4_kernel/input_mem_reg[0][43][9]","input_mem_reg","FDRE","SLICE_X52Y96","SLICEM.FFF","SLICE_X52Y96","SLICEM","CLEM_X34Y96","198","148","","X1Y1",""
"u_dut/u_unified_p4_kernel/input_mem_reg[0][44][0]","input_mem_reg","FDRE","SLICE_X60Y98","SLICEL.DFF2","SLICE_X60Y98","SLICEL","CLEL_R_X39Y98","222","146","","X2Y1",""
"u_dut/u_unified_p4_kernel/input_mem_reg[0][44][10]","input_mem_reg","FDRE","SLICE_X61Y103","SLICEM.EFF","SLICE_X61Y103","SLICEM","CLEM_X40Y103","225","141","","X2Y1",""
"u_dut/u_unified_p4_kernel/input_mem_reg[0][44][11]","input_mem_reg","FDRE","SLICE_X59Y108","SLICEL.DFF2","SLICE_X59Y108","SLICEL","CLEL_R_X38Y108","218","136","","X2Y1",""
"u_dut/u_unified_p4_kernel/input_mem_reg[0][44][12]","input_mem_reg","FDRE","SLICE_X51Y110","SLICEL.HFF2","SLICE_X51Y110","SLICEL","CLEL_R_X33Y110","195","134","","X1Y1",""
"u_dut/u_unified_p4_kernel/input_mem_reg[0][44][13]","input_mem_reg","FDRE","SLICE_X59Y108","SLICEL.CFF2","SLICE_X59Y108","SLICEL","CLEL_R_X38Y108","218","136","","X2Y1",""
"u_dut/u_unified_p4_kernel/input_mem_reg[0][44][14]","input_mem_reg","FDRE","SLICE_X49Y111","SLICEM.HFF","SLICE_X49Y111","SLICEM","CLEM_X32Y111","189","133","","X1Y1",""
"u_dut/u_unified_p4_kernel/input_mem_reg[0][44][15]","input_mem_reg","FDRE","SLICE_X52Y101","SLICEM.DFF2","SLICE_X52Y101","SLICEM","CLEM_X34Y101","198","143","","X1Y1",""
"u_dut/u_unified_p4_kernel/input_mem_reg[0][44][1]","input_mem_reg","FDRE","SLICE_X48Y106","SLICEL.HFF2","SLICE_X48Y106","SLICEL","CLEL_R_X31Y106","186","138","","X1Y1",""
"u_dut/u_unified_p4_kernel/input_mem_reg[0][44][2]","input_mem_reg","FDRE","SLICE_X48Y106","SLICEL.GFF2","SLICE_X48Y106","SLICEL","CLEL_R_X31Y106","186","138","","X1Y1",""
"u_dut/u_unified_p4_kernel/input_mem_reg[0][44][3]","input_mem_reg","FDRE","SLICE_X48Y109","SLICEL.HFF","SLICE_X48Y109","SLICEL","CLEL_R_X31Y109","186","135","","X1Y1",""
"u_dut/u_unified_p4_kernel/input_mem_reg[0][44][4]","input_mem_reg","FDRE","SLICE_X48Y108","SLICEL.HFF2","SLICE_X48Y108","SLICEL","CLEL_R_X31Y108","186","136","","X1Y1",""
"u_dut/u_unified_p4_kernel/input_mem_reg[0][44][5]","input_mem_reg","FDRE","SLICE_X48Y106","SLICEL.FFF2","SLICE_X48Y106","SLICEL","CLEL_R_X31Y106","186","138","","X1Y1",""
"u_dut/u_unified_p4_kernel/input_mem_reg[0][44][6]","input_mem_reg","FDRE","SLICE_X48Y106","SLICEL.EFF2","SLICE_X48Y106","SLICEL","CLEL_R_X31Y106","186","138","","X1Y1",""
"u_dut/u_unified_p4_kernel/input_mem_reg[0][44][7]","input_mem_reg","FDRE","SLICE_X51Y110","SLICEL.GFF2","SLICE_X51Y110","SLICEL","CLEL_R_X33Y110","195","134","","X1Y1",""
"u_dut/u_unified_p4_kernel/input_mem_reg[0][44][8]","input_mem_reg","FDRE","SLICE_X48Y108","SLICEL.GFF2","SLICE_X48Y108","SLICEL","CLEL_R_X31Y108","186","136","","X1Y1",""
"u_dut/u_unified_p4_kernel/input_mem_reg[0][44][9]","input_mem_reg","FDRE","SLICE_X50Y109","SLICEM.HFF2","SLICE_X50Y109","SLICEM","CLEM_X33Y109","193","135","","X1Y1",""
"u_dut/u_unified_p4_kernel/input_mem_reg[0][45][0]","input_mem_reg","FDRE","SLICE_X55Y109","SLICEM.HFF","SLICE_X55Y109","SLICEM","CLEM_X36Y109","207","135","","X1Y1",""
"u_dut/u_unified_p4_kernel/input_mem_reg[0][45][10]","input_mem_reg","FDRE","SLICE_X55Y107","SLICEM.HFF2","SLICE_X55Y107","SLICEM","CLEM_X36Y107","207","137","","X1Y1",""
"u_dut/u_unified_p4_kernel/input_mem_reg[0][45][11]","input_mem_reg","FDRE","SLICE_X55Y109","SLICEM.GFF","SLICE_X55Y109","SLICEM","CLEM_X36Y109","207","135","","X1Y1",""
"u_dut/u_unified_p4_kernel/input_mem_reg[0][45][12]","input_mem_reg","FDRE","SLICE_X55Y109","SLICEM.FFF","SLICE_X55Y109","SLICEM","CLEM_X36Y109","207","135","","X1Y1",""
"u_dut/u_unified_p4_kernel/input_mem_reg[0][45][13]","input_mem_reg","FDRE","SLICE_X53Y109","SLICEM.HFF2","SLICE_X53Y109","SLICEM","CLEM_X35Y109","202","135","","X1Y1",""
"u_dut/u_unified_p4_kernel/input_mem_reg[0][45][14]","input_mem_reg","FDRE","SLICE_X55Y109","SLICEM.EFF","SLICE_X55Y109","SLICEM","CLEM_X36Y109","207","135","","X1Y1",""
"u_dut/u_unified_p4_kernel/input_mem_reg[0][45][15]","input_mem_reg","FDRE","SLICE_X69Y106","SLICEL.HFF2","SLICE_X69Y106","SLICEL","CLEL_L_X45Y106","244","138","","X2Y1",""
"u_dut/u_unified_p4_kernel/input_mem_reg[0][45][1]","input_mem_reg","FDRE","SLICE_X74Y96","SLICEM.HFF2","SLICE_X74Y96","SLICEM","CLEM_X48Y96","258","148","","X2Y1",""
"u_dut/u_unified_p4_kernel/input_mem_reg[0][45][2]","input_mem_reg","FDRE","SLICE_X50Y109","SLICEM.GFF2","SLICE_X50Y109","SLICEM","CLEM_X33Y109","193","135","","X1Y1",""
"u_dut/u_unified_p4_kernel/input_mem_reg[0][45][3]","input_mem_reg","FDRE","SLICE_X69Y106","SLICEL.GFF2","SLICE_X69Y106","SLICEL","CLEL_L_X45Y106","244","138","","X2Y1",""
"u_dut/u_unified_p4_kernel/input_mem_reg[0][45][4]","input_mem_reg","FDRE","SLICE_X50Y109","SLICEM.FFF2","SLICE_X50Y109","SLICEM","CLEM_X33Y109","193","135","","X1Y1",""
"u_dut/u_unified_p4_kernel/input_mem_reg[0][45][5]","input_mem_reg","FDRE","SLICE_X74Y96","SLICEM.GFF2","SLICE_X74Y96","SLICEM","CLEM_X48Y96","258","148","","X2Y1",""
"u_dut/u_unified_p4_kernel/input_mem_reg[0][45][6]","input_mem_reg","FDRE","SLICE_X53Y109","SLICEM.GFF2","SLICE_X53Y109","SLICEM","CLEM_X35Y109","202","135","","X1Y1",""
"u_dut/u_unified_p4_kernel/input_mem_reg[0][45][7]","input_mem_reg","FDRE","SLICE_X50Y109","SLICEM.EFF2","SLICE_X50Y109","SLICEM","CLEM_X33Y109","193","135","","X1Y1",""
"u_dut/u_unified_p4_kernel/input_mem_reg[0][45][8]","input_mem_reg","FDRE","SLICE_X51Y110","SLICEL.FFF2","SLICE_X51Y110","SLICEL","CLEL_R_X33Y110","195","134","","X1Y1",""
"u_dut/u_unified_p4_kernel/input_mem_reg[0][45][9]","input_mem_reg","FDRE","SLICE_X53Y109","SLICEM.FFF2","SLICE_X53Y109","SLICEM","CLEM_X35Y109","202","135","","X1Y1",""
"u_dut/u_unified_p4_kernel/input_mem_reg[0][46][0]","input_mem_reg","FDRE","SLICE_X69Y109","SLICEL.HFF","SLICE_X69Y109","SLICEL","CLEL_L_X45Y109","244","135","","X2Y1",""
"u_dut/u_unified_p4_kernel/input_mem_reg[0][46][10]","input_mem_reg","FDRE","SLICE_X70Y112","SLICEL.HFF","SLICE_X70Y112","SLICEL","CLEL_R_X45Y112","246","132","","X2Y1",""
"u_dut/u_unified_p4_kernel/input_mem_reg[0][46][11]","input_mem_reg","FDRE","SLICE_X52Y117","SLICEM.HFF","SLICE_X52Y117","SLICEM","CLEM_X34Y117","198","127","","X1Y1",""
"u_dut/u_unified_p4_kernel/input_mem_reg[0][46][12]","input_mem_reg","FDRE","SLICE_X70Y112","SLICEL.GFF","SLICE_X70Y112","SLICEL","CLEL_R_X45Y112","246","132","","X2Y1",""
"u_dut/u_unified_p4_kernel/input_mem_reg[0][46][13]","input_mem_reg","FDRE","SLICE_X56Y114","SLICEM.HFF2","SLICE_X56Y114","SLICEM","CLEM_X37Y114","211","130","","X2Y1",""
"u_dut/u_unified_p4_kernel/input_mem_reg[0][46][14]","input_mem_reg","FDRE","SLICE_X57Y114","SLICEL.DFF2","SLICE_X57Y114","SLICEL","CLEL_R_X37Y114","213","130","","X2Y1",""
"u_dut/u_unified_p4_kernel/input_mem_reg[0][46][15]","input_mem_reg","FDRE","SLICE_X52Y117","SLICEM.GFF","SLICE_X52Y117","SLICEM","CLEM_X34Y117","198","127","","X1Y1",""
"u_dut/u_unified_p4_kernel/input_mem_reg[0][46][1]","input_mem_reg","FDRE","SLICE_X70Y112","SLICEL.FFF","SLICE_X70Y112","SLICEL","CLEL_R_X45Y112","246","132","","X2Y1",""
"u_dut/u_unified_p4_kernel/input_mem_reg[0][46][2]","input_mem_reg","FDRE","SLICE_X73Y97","SLICEL.HFF2","SLICE_X73Y97","SLICEL","CLEL_R_X47Y97","255","147","","X2Y1",""
"u_dut/u_unified_p4_kernel/input_mem_reg[0][46][3]","input_mem_reg","FDRE","SLICE_X53Y112","SLICEM.DFF2","SLICE_X53Y112","SLICEM","CLEM_X35Y112","202","132","","X1Y1",""
"u_dut/u_unified_p4_kernel/input_mem_reg[0][46][4]","input_mem_reg","FDRE","SLICE_X51Y110","SLICEL.EFF2","SLICE_X51Y110","SLICEL","CLEL_R_X33Y110","195","134","","X1Y1",""
"u_dut/u_unified_p4_kernel/input_mem_reg[0][46][5]","input_mem_reg","FDRE","SLICE_X73Y97","SLICEL.GFF2","SLICE_X73Y97","SLICEL","CLEL_R_X47Y97","255","147","","X2Y1",""
"u_dut/u_unified_p4_kernel/input_mem_reg[0][46][6]","input_mem_reg","FDRE","SLICE_X49Y111","SLICEM.GFF","SLICE_X49Y111","SLICEM","CLEM_X32Y111","189","133","","X1Y1",""
"u_dut/u_unified_p4_kernel/input_mem_reg[0][46][7]","input_mem_reg","FDRE","SLICE_X49Y111","SLICEM.FFF","SLICE_X49Y111","SLICEM","CLEM_X32Y111","189","133","","X1Y1",""
"u_dut/u_unified_p4_kernel/input_mem_reg[0][46][8]","input_mem_reg","FDRE","SLICE_X56Y114","SLICEM.GFF2","SLICE_X56Y114","SLICEM","CLEM_X37Y114","211","130","","X2Y1",""
"u_dut/u_unified_p4_kernel/input_mem_reg[0][46][9]","input_mem_reg","FDRE","SLICE_X56Y114","SLICEM.FFF2","SLICE_X56Y114","SLICEM","CLEM_X37Y114","211","130","","X2Y1",""
"u_dut/u_unified_p4_kernel/input_mem_reg[0][47][0]","input_mem_reg","FDRE","SLICE_X51Y113","SLICEL.DFF2","SLICE_X51Y113","SLICEL","CLEL_R_X33Y113","195","131","","X1Y1",""
"u_dut/u_unified_p4_kernel/input_mem_reg[0][47][10]","input_mem_reg","FDRE","SLICE_X51Y113","SLICEL.CFF2","SLICE_X51Y113","SLICEL","CLEL_R_X33Y113","195","131","","X1Y1",""
"u_dut/u_unified_p4_kernel/input_mem_reg[0][47][11]","input_mem_reg","FDRE","SLICE_X57Y111","SLICEL.DFF2","SLICE_X57Y111","SLICEL","CLEL_R_X37Y111","213","133","","X2Y1",""
"u_dut/u_unified_p4_kernel/input_mem_reg[0][47][12]","input_mem_reg","FDRE","SLICE_X56Y116","SLICEM.DFF2","SLICE_X56Y116","SLICEM","CLEM_X37Y116","211","128","","X2Y1",""
"u_dut/u_unified_p4_kernel/input_mem_reg[0][47][13]","input_mem_reg","FDRE","SLICE_X56Y114","SLICEM.EFF2","SLICE_X56Y114","SLICEM","CLEM_X37Y114","211","130","","X2Y1",""
"u_dut/u_unified_p4_kernel/input_mem_reg[0][47][14]","input_mem_reg","FDRE","SLICE_X52Y117","SLICEM.DFF2","SLICE_X52Y117","SLICEM","CLEM_X34Y117","198","127","","X1Y1",""
"u_dut/u_unified_p4_kernel/input_mem_reg[0][47][15]","input_mem_reg","FDRE","SLICE_X54Y114","SLICEL.HFF","SLICE_X54Y114","SLICEL","CLEL_R_X35Y114","204","130","","X1Y1",""
"u_dut/u_unified_p4_kernel/input_mem_reg[0][47][1]","input_mem_reg","FDRE","SLICE_X59Y109","SLICEL.HFF","SLICE_X59Y109","SLICEL","CLEL_R_X38Y109","218","135","","X2Y1",""
"u_dut/u_unified_p4_kernel/input_mem_reg[0][47][2]","input_mem_reg","FDRE","SLICE_X54Y114","SLICEL.GFF","SLICE_X54Y114","SLICEL","CLEL_R_X35Y114","204","130","","X1Y1",""
"u_dut/u_unified_p4_kernel/input_mem_reg[0][47][3]","input_mem_reg","FDRE","SLICE_X62Y111","SLICEM.EFF","SLICE_X62Y111","SLICEM","CLEM_X41Y111","229","133","","X2Y1",""
"u_dut/u_unified_p4_kernel/input_mem_reg[0][47][4]","input_mem_reg","FDRE","SLICE_X69Y111","SLICEL.DFF","SLICE_X69Y111","SLICEL","CLEL_L_X45Y111","244","133","","X2Y1",""
"u_dut/u_unified_p4_kernel/input_mem_reg[0][47][5]","input_mem_reg","FDRE","SLICE_X52Y117","SLICEM.FFF","SLICE_X52Y117","SLICEM","CLEM_X34Y117","198","127","","X1Y1",""
"u_dut/u_unified_p4_kernel/input_mem_reg[0][47][6]","input_mem_reg","FDRE","SLICE_X52Y117","SLICEM.CFF2","SLICE_X52Y117","SLICEM","CLEM_X34Y117","198","127","","X1Y1",""
"u_dut/u_unified_p4_kernel/input_mem_reg[0][47][7]","input_mem_reg","FDRE","SLICE_X52Y117","SLICEM.BFF2","SLICE_X52Y117","SLICEM","CLEM_X34Y117","198","127","","X1Y1",""
"u_dut/u_unified_p4_kernel/input_mem_reg[0][47][8]","input_mem_reg","FDRE","SLICE_X54Y114","SLICEL.FFF","SLICE_X54Y114","SLICEL","CLEL_R_X35Y114","204","130","","X1Y1",""
"u_dut/u_unified_p4_kernel/input_mem_reg[0][47][9]","input_mem_reg","FDRE","SLICE_X54Y114","SLICEL.EFF","SLICE_X54Y114","SLICEL","CLEL_R_X35Y114","204","130","","X1Y1",""
"u_dut/u_unified_p4_kernel/input_mem_reg[0][48][0]","input_mem_reg","FDRE","SLICE_X51Y90","SLICEL.HFF2","SLICE_X51Y90","SLICEL","CLEL_R_X33Y90","195","154","","X1Y1",""
"u_dut/u_unified_p4_kernel/input_mem_reg[0][48][10]","input_mem_reg","FDRE","SLICE_X59Y96","SLICEL.AFF","SLICE_X59Y96","SLICEL","CLEL_R_X38Y96","218","148","","X2Y1",""
"u_dut/u_unified_p4_kernel/input_mem_reg[0][48][11]","input_mem_reg","FDRE","SLICE_X58Y94","SLICEM.EFF","SLICE_X58Y94","SLICEM","CLEM_X38Y94","216","150","","X2Y1",""
"u_dut/u_unified_p4_kernel/input_mem_reg[0][48][12]","input_mem_reg","FDRE","SLICE_X57Y95","SLICEL.HFF","SLICE_X57Y95","SLICEL","CLEL_R_X37Y95","213","149","","X2Y1",""
"u_dut/u_unified_p4_kernel/input_mem_reg[0][48][13]","input_mem_reg","FDRE","SLICE_X50Y92","SLICEM.EFF","SLICE_X50Y92","SLICEM","CLEM_X33Y92","193","152","","X1Y1",""
"u_dut/u_unified_p4_kernel/input_mem_reg[0][48][14]","input_mem_reg","FDRE","SLICE_X50Y92","SLICEM.EFF2","SLICE_X50Y92","SLICEM","CLEM_X33Y92","193","152","","X1Y1",""
"u_dut/u_unified_p4_kernel/input_mem_reg[0][48][15]","input_mem_reg","FDRE","SLICE_X56Y94","SLICEM.HFF2","SLICE_X56Y94","SLICEM","CLEM_X37Y94","211","150","","X2Y1",""
"u_dut/u_unified_p4_kernel/input_mem_reg[0][48][1]","input_mem_reg","FDRE","SLICE_X59Y96","SLICEL.AFF2","SLICE_X59Y96","SLICEL","CLEL_R_X38Y96","218","148","","X2Y1",""
"u_dut/u_unified_p4_kernel/input_mem_reg[0][48][2]","input_mem_reg","FDRE","SLICE_X56Y94","SLICEM.GFF2","SLICE_X56Y94","SLICEM","CLEM_X37Y94","211","150","","X2Y1",""
"u_dut/u_unified_p4_kernel/input_mem_reg[0][48][3]","input_mem_reg","FDRE","SLICE_X59Y96","SLICEL.BFF","SLICE_X59Y96","SLICEL","CLEL_R_X38Y96","218","148","","X2Y1",""
"u_dut/u_unified_p4_kernel/input_mem_reg[0][48][4]","input_mem_reg","FDRE","SLICE_X58Y92","SLICEM.AFF","SLICE_X58Y92","SLICEM","CLEM_X38Y92","216","152","","X2Y1",""
"u_dut/u_unified_p4_kernel/input_mem_reg[0][48][5]","input_mem_reg","FDRE","SLICE_X57Y90","SLICEL.DFF2","SLICE_X57Y90","SLICEL","CLEL_R_X37Y90","213","154","","X2Y1",""
"u_dut/u_unified_p4_kernel/input_mem_reg[0][48][6]","input_mem_reg","FDRE","SLICE_X57Y94","SLICEL.HFF2","SLICE_X57Y94","SLICEL","CLEL_R_X37Y94","213","150","","X2Y1",""
"u_dut/u_unified_p4_kernel/input_mem_reg[0][48][7]","input_mem_reg","FDRE","SLICE_X51Y93","SLICEL.HFF","SLICE_X51Y93","SLICEL","CLEL_R_X33Y93","195","151","","X1Y1",""
"u_dut/u_unified_p4_kernel/input_mem_reg[0][48][8]","input_mem_reg","FDRE","SLICE_X53Y94","SLICEM.HFF","SLICE_X53Y94","SLICEM","CLEM_X35Y94","202","150","","X1Y1",""
"u_dut/u_unified_p4_kernel/input_mem_reg[0][48][9]","input_mem_reg","FDRE","SLICE_X57Y95","SLICEL.GFF","SLICE_X57Y95","SLICEL","CLEL_R_X37Y95","213","149","","X2Y1",""
"u_dut/u_unified_p4_kernel/input_mem_reg[0][49][0]","input_mem_reg","FDRE","SLICE_X56Y94","SLICEM.FFF2","SLICE_X56Y94","SLICEM","CLEM_X37Y94","211","150","","X2Y1",""
"u_dut/u_unified_p4_kernel/input_mem_reg[0][49][10]","input_mem_reg","FDRE","SLICE_X51Y93","SLICEL.GFF","SLICE_X51Y93","SLICEL","CLEL_R_X33Y93","195","151","","X1Y1",""
"u_dut/u_unified_p4_kernel/input_mem_reg[0][49][11]","input_mem_reg","FDRE","SLICE_X58Y94","SLICEM.FFF","SLICE_X58Y94","SLICEM","CLEM_X38Y94","216","150","","X2Y1",""
"u_dut/u_unified_p4_kernel/input_mem_reg[0][49][12]","input_mem_reg","FDRE","SLICE_X55Y95","SLICEM.DFF2","SLICE_X55Y95","SLICEM","CLEM_X36Y95","207","149","","X1Y1",""
"u_dut/u_unified_p4_kernel/input_mem_reg[0][49][13]","input_mem_reg","FDRE","SLICE_X57Y89","SLICEL.DFF2","SLICE_X57Y89","SLICEL","CLEL_R_X37Y89","213","156","","X2Y1",""
"u_dut/u_unified_p4_kernel/input_mem_reg[0][49][14]","input_mem_reg","FDRE","SLICE_X51Y90","SLICEL.GFF2","SLICE_X51Y90","SLICEL","CLEL_R_X33Y90","195","154","","X1Y1",""
"u_dut/u_unified_p4_kernel/input_mem_reg[0][49][15]","input_mem_reg","FDRE","SLICE_X55Y95","SLICEM.CFF2","SLICE_X55Y95","SLICEM","CLEM_X36Y95","207","149","","X1Y1",""
"u_dut/u_unified_p4_kernel/input_mem_reg[0][49][1]","input_mem_reg","FDRE","SLICE_X57Y94","SLICEL.GFF2","SLICE_X57Y94","SLICEL","CLEL_R_X37Y94","213","150","","X2Y1",""
"u_dut/u_unified_p4_kernel/input_mem_reg[0][49][2]","input_mem_reg","FDRE","SLICE_X58Y94","SLICEM.GFF","SLICE_X58Y94","SLICEM","CLEM_X38Y94","216","150","","X2Y1",""
"u_dut/u_unified_p4_kernel/input_mem_reg[0][49][3]","input_mem_reg","FDRE","SLICE_X51Y90","SLICEL.FFF2","SLICE_X51Y90","SLICEL","CLEL_R_X33Y90","195","154","","X1Y1",""
"u_dut/u_unified_p4_kernel/input_mem_reg[0][49][4]","input_mem_reg","FDRE","SLICE_X53Y89","SLICEM.EFF","SLICE_X53Y89","SLICEM","CLEM_X35Y89","202","156","","X1Y1",""
"u_dut/u_unified_p4_kernel/input_mem_reg[0][49][5]","input_mem_reg","FDRE","SLICE_X58Y92","SLICEM.AFF2","SLICE_X58Y92","SLICEM","CLEM_X38Y92","216","152","","X2Y1",""
"u_dut/u_unified_p4_kernel/input_mem_reg[0][49][6]","input_mem_reg","FDRE","SLICE_X57Y91","SLICEL.DFF","SLICE_X57Y91","SLICEL","CLEL_R_X37Y91","213","153","","X2Y1",""
"u_dut/u_unified_p4_kernel/input_mem_reg[0][49][7]","input_mem_reg","FDRE","SLICE_X59Y96","SLICEL.BFF2","SLICE_X59Y96","SLICEL","CLEL_R_X38Y96","218","148","","X2Y1",""
"u_dut/u_unified_p4_kernel/input_mem_reg[0][49][8]","input_mem_reg","FDRE","SLICE_X57Y89","SLICEL.CFF2","SLICE_X57Y89","SLICEL","CLEL_R_X37Y89","213","156","","X2Y1",""
"u_dut/u_unified_p4_kernel/input_mem_reg[0][49][9]","input_mem_reg","FDRE","SLICE_X55Y95","SLICEM.BFF2","SLICE_X55Y95","SLICEM","CLEM_X36Y95","207","149","","X1Y1",""
"u_dut/u_unified_p4_kernel/input_mem_reg[0][4][0]","input_mem_reg","FDRE","SLICE_X79Y78","SLICEM.HFF","SLICE_X79Y78","SLICEM","CLEM_X51Y78","270","167","","X2Y1",""
"u_dut/u_unified_p4_kernel/input_mem_reg[0][4][10]","input_mem_reg","FDRE","SLICE_X72Y80","SLICEL.EFF","SLICE_X72Y80","SLICEL","CLEL_R_X46Y80","251","165","","X2Y1",""
"u_dut/u_unified_p4_kernel/input_mem_reg[0][4][11]","input_mem_reg","FDRE","SLICE_X75Y74","SLICEM.HFF","SLICE_X75Y74","SLICEM","CLEM_X49Y74","262","171","","X2Y1",""
"u_dut/u_unified_p4_kernel/input_mem_reg[0][4][12]","input_mem_reg","FDRE","SLICE_X77Y76","SLICEL.DFF2","SLICE_X77Y76","SLICEL","CLEL_L_X50Y76","265","169","","X2Y1",""
"u_dut/u_unified_p4_kernel/input_mem_reg[0][4][13]","input_mem_reg","FDRE","SLICE_X77Y76","SLICEL.CFF2","SLICE_X77Y76","SLICEL","CLEL_L_X50Y76","265","169","","X2Y1",""
"u_dut/u_unified_p4_kernel/input_mem_reg[0][4][14]","input_mem_reg","FDRE","SLICE_X72Y78","SLICEL.EFF","SLICE_X72Y78","SLICEL","CLEL_R_X46Y78","251","167","","X2Y1",""
"u_dut/u_unified_p4_kernel/input_mem_reg[0][4][15]","input_mem_reg","FDRE","SLICE_X77Y78","SLICEL.DFF2","SLICE_X77Y78","SLICEL","CLEL_L_X50Y78","265","167","","X2Y1",""
"u_dut/u_unified_p4_kernel/input_mem_reg[0][4][1]","input_mem_reg","FDRE","SLICE_X77Y76","SLICEL.BFF2","SLICE_X77Y76","SLICEL","CLEL_L_X50Y76","265","169","","X2Y1",""
"u_dut/u_unified_p4_kernel/input_mem_reg[0][4][2]","input_mem_reg","FDRE","SLICE_X77Y76","SLICEL.AFF2","SLICE_X77Y76","SLICEL","CLEL_L_X50Y76","265","169","","X2Y1",""
"u_dut/u_unified_p4_kernel/input_mem_reg[0][4][3]","input_mem_reg","FDRE","SLICE_X76Y78","SLICEL.HFF2","SLICE_X76Y78","SLICEL","CLEL_R_X49Y78","264","167","","X2Y1",""
"u_dut/u_unified_p4_kernel/input_mem_reg[0][4][4]","input_mem_reg","FDRE","SLICE_X77Y77","SLICEL.HFF","SLICE_X77Y77","SLICEL","CLEL_L_X50Y77","265","168","","X2Y1",""
"u_dut/u_unified_p4_kernel/input_mem_reg[0][4][5]","input_mem_reg","FDRE","SLICE_X76Y78","SLICEL.GFF2","SLICE_X76Y78","SLICEL","CLEL_R_X49Y78","264","167","","X2Y1",""
"u_dut/u_unified_p4_kernel/input_mem_reg[0][4][6]","input_mem_reg","FDRE","SLICE_X78Y74","SLICEL.HFF2","SLICE_X78Y74","SLICEL","CLEL_R_X50Y74","267","171","","X2Y1",""
"u_dut/u_unified_p4_kernel/input_mem_reg[0][4][7]","input_mem_reg","FDRE","SLICE_X73Y78","SLICEL.HFF2","SLICE_X73Y78","SLICEL","CLEL_R_X47Y78","255","167","","X2Y1",""
"u_dut/u_unified_p4_kernel/input_mem_reg[0][4][8]","input_mem_reg","FDRE","SLICE_X74Y79","SLICEM.HFF2","SLICE_X74Y79","SLICEM","CLEM_X48Y79","258","166","","X2Y1",""
"u_dut/u_unified_p4_kernel/input_mem_reg[0][4][9]","input_mem_reg","FDRE","SLICE_X73Y80","SLICEL.DFF2","SLICE_X73Y80","SLICEL","CLEL_R_X47Y80","255","165","","X2Y1",""
"u_dut/u_unified_p4_kernel/input_mem_reg[0][50][0]","input_mem_reg","FDRE","SLICE_X56Y94","SLICEM.EFF2","SLICE_X56Y94","SLICEM","CLEM_X37Y94","211","150","","X2Y1",""
"u_dut/u_unified_p4_kernel/input_mem_reg[0][50][10]","input_mem_reg","FDRE","SLICE_X57Y94","SLICEL.FFF2","SLICE_X57Y94","SLICEL","CLEL_R_X37Y94","213","150","","X2Y1",""
"u_dut/u_unified_p4_kernel/input_mem_reg[0][50][11]","input_mem_reg","FDRE","SLICE_X59Y94","SLICEL.HFF","SLICE_X59Y94","SLICEL","CLEL_R_X38Y94","218","150","","X2Y1",""
"u_dut/u_unified_p4_kernel/input_mem_reg[0][50][12]","input_mem_reg","FDRE","SLICE_X57Y94","SLICEL.EFF2","SLICE_X57Y94","SLICEL","CLEL_R_X37Y94","213","150","","X2Y1",""
"u_dut/u_unified_p4_kernel/input_mem_reg[0][50][13]","input_mem_reg","FDRE","SLICE_X59Y96","SLICEL.CFF","SLICE_X59Y96","SLICEL","CLEL_R_X38Y96","218","148","","X2Y1",""
"u_dut/u_unified_p4_kernel/input_mem_reg[0][50][14]","input_mem_reg","FDRE","SLICE_X53Y95","SLICEM.HFF2","SLICE_X53Y95","SLICEM","CLEM_X35Y95","202","149","","X1Y1",""
"u_dut/u_unified_p4_kernel/input_mem_reg[0][50][15]","input_mem_reg","FDRE","SLICE_X58Y92","SLICEM.BFF","SLICE_X58Y92","SLICEM","CLEM_X38Y92","216","152","","X2Y1",""
"u_dut/u_unified_p4_kernel/input_mem_reg[0][50][1]","input_mem_reg","FDRE","SLICE_X59Y91","SLICEL.DFF","SLICE_X59Y91","SLICEL","CLEL_R_X38Y91","218","153","","X2Y1",""
"u_dut/u_unified_p4_kernel/input_mem_reg[0][50][2]","input_mem_reg","FDRE","SLICE_X57Y95","SLICEL.FFF","SLICE_X57Y95","SLICEL","CLEL_R_X37Y95","213","149","","X2Y1",""
"u_dut/u_unified_p4_kernel/input_mem_reg[0][50][3]","input_mem_reg","FDRE","SLICE_X57Y97","SLICEL.HFF2","SLICE_X57Y97","SLICEL","CLEL_R_X37Y97","213","147","","X2Y1",""
"u_dut/u_unified_p4_kernel/input_mem_reg[0][50][4]","input_mem_reg","FDRE","SLICE_X50Y90","SLICEM.HFF","SLICE_X50Y90","SLICEM","CLEM_X33Y90","193","154","","X1Y1",""
"u_dut/u_unified_p4_kernel/input_mem_reg[0][50][5]","input_mem_reg","FDRE","SLICE_X59Y94","SLICEL.GFF","SLICE_X59Y94","SLICEL","CLEL_R_X38Y94","218","150","","X2Y1",""
"u_dut/u_unified_p4_kernel/input_mem_reg[0][50][6]","input_mem_reg","FDRE","SLICE_X57Y95","SLICEL.EFF","SLICE_X57Y95","SLICEL","CLEL_R_X37Y95","213","149","","X2Y1",""
"u_dut/u_unified_p4_kernel/input_mem_reg[0][50][7]","input_mem_reg","FDRE","SLICE_X53Y95","SLICEM.GFF2","SLICE_X53Y95","SLICEM","CLEM_X35Y95","202","149","","X1Y1",""
"u_dut/u_unified_p4_kernel/input_mem_reg[0][50][8]","input_mem_reg","FDRE","SLICE_X59Y94","SLICEL.FFF","SLICE_X59Y94","SLICEL","CLEL_R_X38Y94","218","150","","X2Y1",""
"u_dut/u_unified_p4_kernel/input_mem_reg[0][50][9]","input_mem_reg","FDRE","SLICE_X60Y96","SLICEL.EFF2","SLICE_X60Y96","SLICEL","CLEL_R_X39Y96","222","148","","X2Y1",""
"u_dut/u_unified_p4_kernel/input_mem_reg[0][51][0]","input_mem_reg","FDRE","SLICE_X57Y90","SLICEL.CFF2","SLICE_X57Y90","SLICEL","CLEL_R_X37Y90","213","154","","X2Y1",""
"u_dut/u_unified_p4_kernel/input_mem_reg[0][51][10]","input_mem_reg","FDRE","SLICE_X57Y90","SLICEL.BFF2","SLICE_X57Y90","SLICEL","CLEL_R_X37Y90","213","154","","X2Y1",""
"u_dut/u_unified_p4_kernel/input_mem_reg[0][51][11]","input_mem_reg","FDRE","SLICE_X58Y92","SLICEM.BFF2","SLICE_X58Y92","SLICEM","CLEM_X38Y92","216","152","","X2Y1",""
"u_dut/u_unified_p4_kernel/input_mem_reg[0][51][12]","input_mem_reg","FDRE","SLICE_X58Y92","SLICEM.CFF","SLICE_X58Y92","SLICEM","CLEM_X38Y92","216","152","","X2Y1",""
"u_dut/u_unified_p4_kernel/input_mem_reg[0][51][13]","input_mem_reg","FDRE","SLICE_X59Y91","SLICEL.CFF","SLICE_X59Y91","SLICEL","CLEL_R_X38Y91","218","153","","X2Y1",""
"u_dut/u_unified_p4_kernel/input_mem_reg[0][51][14]","input_mem_reg","FDRE","SLICE_X59Y96","SLICEL.CFF2","SLICE_X59Y96","SLICEL","CLEL_R_X38Y96","218","148","","X2Y1",""
"u_dut/u_unified_p4_kernel/input_mem_reg[0][51][15]","input_mem_reg","FDRE","SLICE_X58Y92","SLICEM.CFF2","SLICE_X58Y92","SLICEM","CLEM_X38Y92","216","152","","X2Y1",""
"u_dut/u_unified_p4_kernel/input_mem_reg[0][51][1]","input_mem_reg","FDRE","SLICE_X58Y94","SLICEM.HFF","SLICE_X58Y94","SLICEM","CLEM_X38Y94","216","150","","X2Y1",""
"u_dut/u_unified_p4_kernel/input_mem_reg[0][51][2]","input_mem_reg","FDRE","SLICE_X58Y92","SLICEM.DFF","SLICE_X58Y92","SLICEM","CLEM_X38Y92","216","152","","X2Y1",""
"u_dut/u_unified_p4_kernel/input_mem_reg[0][51][3]","input_mem_reg","FDRE","SLICE_X59Y94","SLICEL.EFF","SLICE_X59Y94","SLICEL","CLEL_R_X38Y94","218","150","","X2Y1",""
"u_dut/u_unified_p4_kernel/input_mem_reg[0][51][4]","input_mem_reg","FDRE","SLICE_X59Y96","SLICEL.DFF","SLICE_X59Y96","SLICEL","CLEL_R_X38Y96","218","148","","X2Y1",""
"u_dut/u_unified_p4_kernel/input_mem_reg[0][51][5]","input_mem_reg","FDRE","SLICE_X57Y97","SLICEL.GFF2","SLICE_X57Y97","SLICEL","CLEL_R_X37Y97","213","147","","X2Y1",""
"u_dut/u_unified_p4_kernel/input_mem_reg[0][51][6]","input_mem_reg","FDRE","SLICE_X58Y89","SLICEM.AFF2","SLICE_X58Y89","SLICEM","CLEM_X38Y89","216","156","","X2Y1",""
"u_dut/u_unified_p4_kernel/input_mem_reg[0][51][7]","input_mem_reg","FDRE","SLICE_X57Y97","SLICEL.FFF2","SLICE_X57Y97","SLICEL","CLEL_R_X37Y97","213","147","","X2Y1",""
"u_dut/u_unified_p4_kernel/input_mem_reg[0][51][8]","input_mem_reg","FDRE","SLICE_X57Y97","SLICEL.EFF2","SLICE_X57Y97","SLICEL","CLEL_R_X37Y97","213","147","","X2Y1",""
"u_dut/u_unified_p4_kernel/input_mem_reg[0][51][9]","input_mem_reg","FDRE","SLICE_X59Y96","SLICEL.DFF2","SLICE_X59Y96","SLICEL","CLEL_R_X38Y96","218","148","","X2Y1",""
"u_dut/u_unified_p4_kernel/input_mem_reg[0][52][0]","input_mem_reg","FDRE","SLICE_X61Y99","SLICEM.EFF","SLICE_X61Y99","SLICEM","CLEM_X40Y99","225","145","","X2Y1",""
"u_dut/u_unified_p4_kernel/input_mem_reg[0][52][10]","input_mem_reg","FDRE","SLICE_X61Y97","SLICEM.EFF","SLICE_X61Y97","SLICEM","CLEM_X40Y97","225","147","","X2Y1",""
"u_dut/u_unified_p4_kernel/input_mem_reg[0][52][11]","input_mem_reg","FDRE","SLICE_X70Y94","SLICEL.AFF","SLICE_X70Y94","SLICEL","CLEL_R_X45Y94","246","150","","X2Y1",""
"u_dut/u_unified_p4_kernel/input_mem_reg[0][52][12]","input_mem_reg","FDRE","SLICE_X70Y98","SLICEL.HFF","SLICE_X70Y98","SLICEL","CLEL_R_X45Y98","246","146","","X2Y1",""
"u_dut/u_unified_p4_kernel/input_mem_reg[0][52][13]","input_mem_reg","FDRE","SLICE_X72Y102","SLICEL.EFF","SLICE_X72Y102","SLICEL","CLEL_R_X46Y102","251","142","","X2Y1",""
"u_dut/u_unified_p4_kernel/input_mem_reg[0][52][14]","input_mem_reg","FDRE","SLICE_X61Y97","SLICEM.FFF","SLICE_X61Y97","SLICEM","CLEM_X40Y97","225","147","","X2Y1",""
"u_dut/u_unified_p4_kernel/input_mem_reg[0][52][15]","input_mem_reg","FDRE","SLICE_X65Y101","SLICEL.EFF","SLICE_X65Y101","SLICEL","CLEL_R_X42Y101","234","143","","X2Y1",""
"u_dut/u_unified_p4_kernel/input_mem_reg[0][52][1]","input_mem_reg","FDRE","SLICE_X61Y99","SLICEM.FFF","SLICE_X61Y99","SLICEM","CLEM_X40Y99","225","145","","X2Y1",""
"u_dut/u_unified_p4_kernel/input_mem_reg[0][52][2]","input_mem_reg","FDRE","SLICE_X72Y99","SLICEL.HFF","SLICE_X72Y99","SLICEL","CLEL_R_X46Y99","251","145","","X2Y1",""
"u_dut/u_unified_p4_kernel/input_mem_reg[0][52][3]","input_mem_reg","FDRE","SLICE_X61Y98","SLICEM.AFF","SLICE_X61Y98","SLICEM","CLEM_X40Y98","225","146","","X2Y1",""
"u_dut/u_unified_p4_kernel/input_mem_reg[0][52][4]","input_mem_reg","FDRE","SLICE_X61Y94","SLICEM.HFF2","SLICE_X61Y94","SLICEM","CLEM_X40Y94","225","150","","X2Y1",""
"u_dut/u_unified_p4_kernel/input_mem_reg[0][52][5]","input_mem_reg","FDRE","SLICE_X74Y100","SLICEM.HFF","SLICE_X74Y100","SLICEM","CLEM_X48Y100","258","144","","X2Y1",""
"u_dut/u_unified_p4_kernel/input_mem_reg[0][52][6]","input_mem_reg","FDRE","SLICE_X70Y101","SLICEL.HFF2","SLICE_X70Y101","SLICEL","CLEL_R_X45Y101","246","143","","X2Y1",""
"u_dut/u_unified_p4_kernel/input_mem_reg[0][52][7]","input_mem_reg","FDRE","SLICE_X78Y97","SLICEL.HFF2","SLICE_X78Y97","SLICEL","CLEL_R_X50Y97","267","147","","X2Y1",""
"u_dut/u_unified_p4_kernel/input_mem_reg[0][52][8]","input_mem_reg","FDRE","SLICE_X52Y94","SLICEM.DFF2","SLICE_X52Y94","SLICEM","CLEM_X34Y94","198","150","","X1Y1",""
"u_dut/u_unified_p4_kernel/input_mem_reg[0][52][9]","input_mem_reg","FDRE","SLICE_X62Y95","SLICEM.DFF","SLICE_X62Y95","SLICEM","CLEM_X41Y95","229","149","","X2Y1",""
"u_dut/u_unified_p4_kernel/input_mem_reg[0][53][0]","input_mem_reg","FDRE","SLICE_X78Y98","SLICEL.HFF2","SLICE_X78Y98","SLICEL","CLEL_R_X50Y98","267","146","","X2Y1",""
"u_dut/u_unified_p4_kernel/input_mem_reg[0][53][10]","input_mem_reg","FDRE","SLICE_X51Y101","SLICEL.HFF2","SLICE_X51Y101","SLICEL","CLEL_R_X33Y101","195","143","","X1Y1",""
"u_dut/u_unified_p4_kernel/input_mem_reg[0][53][11]","input_mem_reg","FDRE","SLICE_X65Y101","SLICEL.EFF2","SLICE_X65Y101","SLICEL","CLEL_R_X42Y101","234","143","","X2Y1",""
"u_dut/u_unified_p4_kernel/input_mem_reg[0][53][12]","input_mem_reg","FDRE","SLICE_X62Y98","SLICEM.DFF2","SLICE_X62Y98","SLICEM","CLEM_X41Y98","229","146","","X2Y1",""
"u_dut/u_unified_p4_kernel/input_mem_reg[0][53][13]","input_mem_reg","FDRE","SLICE_X63Y102","SLICEL.HFF","SLICE_X63Y102","SLICEL","CLEL_R_X41Y102","231","142","","X2Y1",""
"u_dut/u_unified_p4_kernel/input_mem_reg[0][53][14]","input_mem_reg","FDRE","SLICE_X59Y96","SLICEL.HFF","SLICE_X59Y96","SLICEL","CLEL_R_X38Y96","218","148","","X2Y1",""
"u_dut/u_unified_p4_kernel/input_mem_reg[0][53][15]","input_mem_reg","FDRE","SLICE_X70Y97","SLICEL.EFF","SLICE_X70Y97","SLICEL","CLEL_R_X45Y97","246","147","","X2Y1",""
"u_dut/u_unified_p4_kernel/input_mem_reg[0][53][1]","input_mem_reg","FDRE","SLICE_X50Y99","SLICEM.EFF","SLICE_X50Y99","SLICEM","CLEM_X33Y99","193","145","","X1Y1",""
"u_dut/u_unified_p4_kernel/input_mem_reg[0][53][2]","input_mem_reg","FDRE","SLICE_X66Y102","SLICEM.EFF","SLICE_X66Y102","SLICEM","CLEM_X43Y102","237","142","","X2Y1",""
"u_dut/u_unified_p4_kernel/input_mem_reg[0][53][3]","input_mem_reg","FDRE","SLICE_X72Y99","SLICEL.GFF","SLICE_X72Y99","SLICEL","CLEL_R_X46Y99","251","145","","X2Y1",""
"u_dut/u_unified_p4_kernel/input_mem_reg[0][53][4]","input_mem_reg","FDRE","SLICE_X70Y98","SLICEL.GFF","SLICE_X70Y98","SLICEL","CLEL_R_X45Y98","246","146","","X2Y1",""
"u_dut/u_unified_p4_kernel/input_mem_reg[0][53][5]","input_mem_reg","FDRE","SLICE_X69Y92","SLICEL.HFF2","SLICE_X69Y92","SLICEL","CLEL_L_X45Y92","244","152","","X2Y1",""
"u_dut/u_unified_p4_kernel/input_mem_reg[0][53][6]","input_mem_reg","FDRE","SLICE_X51Y101","SLICEL.GFF2","SLICE_X51Y101","SLICEL","CLEL_R_X33Y101","195","143","","X1Y1",""
"u_dut/u_unified_p4_kernel/input_mem_reg[0][53][7]","input_mem_reg","FDRE","SLICE_X59Y96","SLICEL.GFF","SLICE_X59Y96","SLICEL","CLEL_R_X38Y96","218","148","","X2Y1",""
"u_dut/u_unified_p4_kernel/input_mem_reg[0][53][8]","input_mem_reg","FDRE","SLICE_X49Y97","SLICEM.HFF2","SLICE_X49Y97","SLICEM","CLEM_X32Y97","189","147","","X1Y1",""
"u_dut/u_unified_p4_kernel/input_mem_reg[0][53][9]","input_mem_reg","FDRE","SLICE_X60Y92","SLICEL.HFF","SLICE_X60Y92","SLICEL","CLEL_R_X39Y92","222","152","","X2Y1",""
"u_dut/u_unified_p4_kernel/input_mem_reg[0][54][0]","input_mem_reg","FDRE","SLICE_X70Y102","SLICEL.HFF2","SLICE_X70Y102","SLICEL","CLEL_R_X45Y102","246","142","","X2Y1",""
"u_dut/u_unified_p4_kernel/input_mem_reg[0][54][10]","input_mem_reg","FDRE","SLICE_X70Y100","SLICEL.HFF2","SLICE_X70Y100","SLICEL","CLEL_R_X45Y100","246","144","","X2Y1",""
"u_dut/u_unified_p4_kernel/input_mem_reg[0][54][11]","input_mem_reg","FDRE","SLICE_X72Y89","SLICEL.DFF","SLICE_X72Y89","SLICEL","CLEL_R_X46Y89","251","156","","X2Y1",""
"u_dut/u_unified_p4_kernel/input_mem_reg[0][54][12]","input_mem_reg","FDRE","SLICE_X71Y98","SLICEM.EFF","SLICE_X71Y98","SLICEM","CLEM_X46Y98","249","146","","X2Y1",""
"u_dut/u_unified_p4_kernel/input_mem_reg[0][54][13]","input_mem_reg","FDRE","SLICE_X61Y94","SLICEM.GFF2","SLICE_X61Y94","SLICEM","CLEM_X40Y94","225","150","","X2Y1",""
"u_dut/u_unified_p4_kernel/input_mem_reg[0][54][14]","input_mem_reg","FDRE","SLICE_X64Y99","SLICEL.HFF2","SLICE_X64Y99","SLICEL","CLEL_L_X42Y99","232","145","","X2Y1",""
"u_dut/u_unified_p4_kernel/input_mem_reg[0][54][15]","input_mem_reg","FDRE","SLICE_X60Y95","SLICEL.HFF2","SLICE_X60Y95","SLICEL","CLEL_R_X39Y95","222","149","","X2Y1",""
"u_dut/u_unified_p4_kernel/input_mem_reg[0][54][1]","input_mem_reg","FDRE","SLICE_X67Y102","SLICEM.EFF","SLICE_X67Y102","SLICEM","CLEM_X44Y102","241","142","","X2Y1",""
"u_dut/u_unified_p4_kernel/input_mem_reg[0][54][2]","input_mem_reg","FDRE","SLICE_X72Y99","SLICEL.FFF","SLICE_X72Y99","SLICEL","CLEL_R_X46Y99","251","145","","X2Y1",""
"u_dut/u_unified_p4_kernel/input_mem_reg[0][54][3]","input_mem_reg","FDRE","SLICE_X72Y83","SLICEL.HFF2","SLICE_X72Y83","SLICEL","CLEL_R_X46Y83","251","162","","X2Y1",""
"u_dut/u_unified_p4_kernel/input_mem_reg[0][54][4]","input_mem_reg","FDRE","SLICE_X64Y88","SLICEL.HFF2","SLICE_X64Y88","SLICEL","CLEL_L_X42Y88","232","157","","X2Y1",""
"u_dut/u_unified_p4_kernel/input_mem_reg[0][54][5]","input_mem_reg","FDRE","SLICE_X67Y91","SLICEM.EFF","SLICE_X67Y91","SLICEM","CLEM_X44Y91","241","153","","X2Y1",""
"u_dut/u_unified_p4_kernel/input_mem_reg[0][54][6]","input_mem_reg","FDRE","SLICE_X69Y81","SLICEL.HFF2","SLICE_X69Y81","SLICEL","CLEL_L_X45Y81","244","164","","X2Y1",""
"u_dut/u_unified_p4_kernel/input_mem_reg[0][54][7]","input_mem_reg","FDRE","SLICE_X69Y83","SLICEL.EFF","SLICE_X69Y83","SLICEL","CLEL_L_X45Y83","244","162","","X2Y1",""
"u_dut/u_unified_p4_kernel/input_mem_reg[0][54][8]","input_mem_reg","FDRE","SLICE_X72Y99","SLICEL.EFF","SLICE_X72Y99","SLICEL","CLEL_R_X46Y99","251","145","","X2Y1",""
"u_dut/u_unified_p4_kernel/input_mem_reg[0][54][9]","input_mem_reg","FDRE","SLICE_X63Y89","SLICEL.DFF","SLICE_X63Y89","SLICEL","CLEL_R_X41Y89","231","156","","X2Y1",""
"u_dut/u_unified_p4_kernel/input_mem_reg[0][55][0]","input_mem_reg","FDRE","SLICE_X67Y91","SLICEM.FFF","SLICE_X67Y91","SLICEM","CLEM_X44Y91","241","153","","X2Y1",""
"u_dut/u_unified_p4_kernel/input_mem_reg[0][55][10]","input_mem_reg","FDRE","SLICE_X74Y100","SLICEM.GFF","SLICE_X74Y100","SLICEM","CLEM_X48Y100","258","144","","X2Y1",""
"u_dut/u_unified_p4_kernel/input_mem_reg[0][55][11]","input_mem_reg","FDRE","SLICE_X72Y86","SLICEL.HFF","SLICE_X72Y86","SLICEL","CLEL_R_X46Y86","251","159","","X2Y1",""
"u_dut/u_unified_p4_kernel/input_mem_reg[0][55][12]","input_mem_reg","FDRE","SLICE_X68Y99","SLICEL.DFF","SLICE_X68Y99","SLICEL","CLEL_R_X44Y99","243","145","","X2Y1",""
"u_dut/u_unified_p4_kernel/input_mem_reg[0][55][13]","input_mem_reg","FDRE","SLICE_X74Y100","SLICEM.FFF","SLICE_X74Y100","SLICEM","CLEM_X48Y100","258","144","","X2Y1",""
"u_dut/u_unified_p4_kernel/input_mem_reg[0][55][14]","input_mem_reg","FDRE","SLICE_X70Y89","SLICEL.AFF2","SLICE_X70Y89","SLICEL","CLEL_R_X45Y89","246","156","","X2Y1",""
"u_dut/u_unified_p4_kernel/input_mem_reg[0][55][15]","input_mem_reg","FDRE","SLICE_X63Y98","SLICEL.DFF2","SLICE_X63Y98","SLICEL","CLEL_R_X41Y98","231","146","","X2Y1",""
"u_dut/u_unified_p4_kernel/input_mem_reg[0][55][1]","input_mem_reg","FDRE","SLICE_X76Y89","SLICEL.HFF","SLICE_X76Y89","SLICEL","CLEL_R_X49Y89","264","156","","X2Y1",""
"u_dut/u_unified_p4_kernel/input_mem_reg[0][55][2]","input_mem_reg","FDRE","SLICE_X72Y86","SLICEL.GFF","SLICE_X72Y86","SLICEL","CLEL_R_X46Y86","251","159","","X2Y1",""
"u_dut/u_unified_p4_kernel/input_mem_reg[0][55][3]","input_mem_reg","FDRE","SLICE_X75Y94","SLICEM.DFF2","SLICE_X75Y94","SLICEM","CLEM_X49Y94","262","150","","X2Y1",""
"u_dut/u_unified_p4_kernel/input_mem_reg[0][55][4]","input_mem_reg","FDRE","SLICE_X63Y98","SLICEL.CFF2","SLICE_X63Y98","SLICEL","CLEL_R_X41Y98","231","146","","X2Y1",""
"u_dut/u_unified_p4_kernel/input_mem_reg[0][55][5]","input_mem_reg","FDRE","SLICE_X64Y99","SLICEL.GFF2","SLICE_X64Y99","SLICEL","CLEL_L_X42Y99","232","145","","X2Y1",""
"u_dut/u_unified_p4_kernel/input_mem_reg[0][55][6]","input_mem_reg","FDRE","SLICE_X69Y91","SLICEL.EFF","SLICE_X69Y91","SLICEL","CLEL_L_X45Y91","244","153","","X2Y1",""
"u_dut/u_unified_p4_kernel/input_mem_reg[0][55][7]","input_mem_reg","FDRE","SLICE_X70Y101","SLICEL.GFF2","SLICE_X70Y101","SLICEL","CLEL_R_X45Y101","246","143","","X2Y1",""
"u_dut/u_unified_p4_kernel/input_mem_reg[0][55][8]","input_mem_reg","FDRE","SLICE_X70Y96","SLICEL.HFF2","SLICE_X70Y96","SLICEL","CLEL_R_X45Y96","246","148","","X2Y1",""
"u_dut/u_unified_p4_kernel/input_mem_reg[0][55][9]","input_mem_reg","FDRE","SLICE_X70Y89","SLICEL.BFF2","SLICE_X70Y89","SLICEL","CLEL_R_X45Y89","246","156","","X2Y1",""
"u_dut/u_unified_p4_kernel/input_mem_reg[0][56][0]","input_mem_reg","FDRE","SLICE_X59Y79","SLICEL.AFF","SLICE_X59Y79","SLICEL","CLEL_R_X38Y79","218","166","","X2Y1",""
"u_dut/u_unified_p4_kernel/input_mem_reg[0][56][10]","input_mem_reg","FDRE","SLICE_X55Y80","SLICEM.HFF2","SLICE_X55Y80","SLICEM","CLEM_X36Y80","207","165","","X1Y1",""
"u_dut/u_unified_p4_kernel/input_mem_reg[0][56][11]","input_mem_reg","FDRE","SLICE_X56Y78","SLICEM.HFF2","SLICE_X56Y78","SLICEM","CLEM_X37Y78","211","167","","X2Y1",""
"u_dut/u_unified_p4_kernel/input_mem_reg[0][56][12]","input_mem_reg","FDRE","SLICE_X53Y76","SLICEM.HFF","SLICE_X53Y76","SLICEM","CLEM_X35Y76","202","169","","X1Y1",""
"u_dut/u_unified_p4_kernel/input_mem_reg[0][56][13]","input_mem_reg","FDRE","SLICE_X53Y78","SLICEM.DFF2","SLICE_X53Y78","SLICEM","CLEM_X35Y78","202","167","","X1Y1",""
"u_dut/u_unified_p4_kernel/input_mem_reg[0][56][14]","input_mem_reg","FDRE","SLICE_X55Y80","SLICEM.GFF2","SLICE_X55Y80","SLICEM","CLEM_X36Y80","207","165","","X1Y1",""
"u_dut/u_unified_p4_kernel/input_mem_reg[0][56][15]","input_mem_reg","FDRE","SLICE_X55Y80","SLICEM.FFF2","SLICE_X55Y80","SLICEM","CLEM_X36Y80","207","165","","X1Y1",""
"u_dut/u_unified_p4_kernel/input_mem_reg[0][56][1]","input_mem_reg","FDRE","SLICE_X53Y78","SLICEM.CFF2","SLICE_X53Y78","SLICEM","CLEM_X35Y78","202","167","","X1Y1",""
"u_dut/u_unified_p4_kernel/input_mem_reg[0][56][2]","input_mem_reg","FDRE","SLICE_X60Y77","SLICEL.HFF","SLICE_X60Y77","SLICEL","CLEL_R_X39Y77","222","168","","X2Y1",""
"u_dut/u_unified_p4_kernel/input_mem_reg[0][56][3]","input_mem_reg","FDRE","SLICE_X57Y79","SLICEL.HFF2","SLICE_X57Y79","SLICEL","CLEL_R_X37Y79","213","166","","X2Y1",""
"u_dut/u_unified_p4_kernel/input_mem_reg[0][56][4]","input_mem_reg","FDRE","SLICE_X60Y77","SLICEL.GFF","SLICE_X60Y77","SLICEL","CLEL_R_X39Y77","222","168","","X2Y1",""
"u_dut/u_unified_p4_kernel/input_mem_reg[0][56][5]","input_mem_reg","FDRE","SLICE_X53Y78","SLICEM.BFF2","SLICE_X53Y78","SLICEM","CLEM_X35Y78","202","167","","X1Y1",""
"u_dut/u_unified_p4_kernel/input_mem_reg[0][56][6]","input_mem_reg","FDRE","SLICE_X55Y80","SLICEM.EFF2","SLICE_X55Y80","SLICEM","CLEM_X36Y80","207","165","","X1Y1",""
"u_dut/u_unified_p4_kernel/input_mem_reg[0][56][7]","input_mem_reg","FDRE","SLICE_X60Y77","SLICEL.FFF","SLICE_X60Y77","SLICEL","CLEL_R_X39Y77","222","168","","X2Y1",""
"u_dut/u_unified_p4_kernel/input_mem_reg[0][56][8]","input_mem_reg","FDRE","SLICE_X56Y79","SLICEM.DFF2","SLICE_X56Y79","SLICEM","CLEM_X37Y79","211","166","","X2Y1",""
"u_dut/u_unified_p4_kernel/input_mem_reg[0][56][9]","input_mem_reg","FDRE","SLICE_X53Y78","SLICEM.AFF2","SLICE_X53Y78","SLICEM","CLEM_X35Y78","202","167","","X1Y1",""
"u_dut/u_unified_p4_kernel/input_mem_reg[0][57][0]","input_mem_reg","FDRE","SLICE_X58Y76","SLICEM.HFF2","SLICE_X58Y76","SLICEM","CLEM_X38Y76","216","169","","X2Y1",""
"u_dut/u_unified_p4_kernel/input_mem_reg[0][57][10]","input_mem_reg","FDRE","SLICE_X56Y79","SLICEM.CFF2","SLICE_X56Y79","SLICEM","CLEM_X37Y79","211","166","","X2Y1",""
"u_dut/u_unified_p4_kernel/input_mem_reg[0][57][11]","input_mem_reg","FDRE","SLICE_X56Y79","SLICEM.BFF2","SLICE_X56Y79","SLICEM","CLEM_X37Y79","211","166","","X2Y1",""
"u_dut/u_unified_p4_kernel/input_mem_reg[0][57][12]","input_mem_reg","FDRE","SLICE_X60Y79","SLICEL.HFF2","SLICE_X60Y79","SLICEL","CLEL_R_X39Y79","222","166","","X2Y1",""
"u_dut/u_unified_p4_kernel/input_mem_reg[0][57][13]","input_mem_reg","FDRE","SLICE_X60Y79","SLICEL.GFF2","SLICE_X60Y79","SLICEL","CLEL_R_X39Y79","222","166","","X2Y1",""
"u_dut/u_unified_p4_kernel/input_mem_reg[0][57][14]","input_mem_reg","FDRE","SLICE_X62Y77","SLICEM.HFF2","SLICE_X62Y77","SLICEM","CLEM_X41Y77","229","168","","X2Y1",""
"u_dut/u_unified_p4_kernel/input_mem_reg[0][57][15]","input_mem_reg","FDRE","SLICE_X58Y73","SLICEM.DFF","SLICE_X58Y73","SLICEM","CLEM_X38Y73","216","172","","X2Y1",""
"u_dut/u_unified_p4_kernel/input_mem_reg[0][57][1]","input_mem_reg","FDRE","SLICE_X61Y77","SLICEM.HFF2","SLICE_X61Y77","SLICEM","CLEM_X40Y77","225","168","","X2Y1",""
"u_dut/u_unified_p4_kernel/input_mem_reg[0][57][2]","input_mem_reg","FDRE","SLICE_X61Y77","SLICEM.GFF2","SLICE_X61Y77","SLICEM","CLEM_X40Y77","225","168","","X2Y1",""
"u_dut/u_unified_p4_kernel/input_mem_reg[0][57][3]","input_mem_reg","FDRE","SLICE_X58Y73","SLICEM.CFF","SLICE_X58Y73","SLICEM","CLEM_X38Y73","216","172","","X2Y1",""
"u_dut/u_unified_p4_kernel/input_mem_reg[0][57][4]","input_mem_reg","FDRE","SLICE_X58Y78","SLICEM.HFF2","SLICE_X58Y78","SLICEM","CLEM_X38Y78","216","167","","X2Y1",""
"u_dut/u_unified_p4_kernel/input_mem_reg[0][57][5]","input_mem_reg","FDRE","SLICE_X62Y77","SLICEM.GFF2","SLICE_X62Y77","SLICEM","CLEM_X41Y77","229","168","","X2Y1",""
"u_dut/u_unified_p4_kernel/input_mem_reg[0][57][6]","input_mem_reg","FDRE","SLICE_X58Y78","SLICEM.GFF2","SLICE_X58Y78","SLICEM","CLEM_X38Y78","216","167","","X2Y1",""
"u_dut/u_unified_p4_kernel/input_mem_reg[0][57][7]","input_mem_reg","FDRE","SLICE_X61Y77","SLICEM.FFF2","SLICE_X61Y77","SLICEM","CLEM_X40Y77","225","168","","X2Y1",""
"u_dut/u_unified_p4_kernel/input_mem_reg[0][57][8]","input_mem_reg","FDRE","SLICE_X58Y76","SLICEM.GFF2","SLICE_X58Y76","SLICEM","CLEM_X38Y76","216","169","","X2Y1",""
"u_dut/u_unified_p4_kernel/input_mem_reg[0][57][9]","input_mem_reg","FDRE","SLICE_X61Y77","SLICEM.EFF2","SLICE_X61Y77","SLICEM","CLEM_X40Y77","225","168","","X2Y1",""
"u_dut/u_unified_p4_kernel/input_mem_reg[0][58][0]","input_mem_reg","FDRE","SLICE_X58Y78","SLICEM.FFF2","SLICE_X58Y78","SLICEM","CLEM_X38Y78","216","167","","X2Y1",""
"u_dut/u_unified_p4_kernel/input_mem_reg[0][58][10]","input_mem_reg","FDRE","SLICE_X57Y79","SLICEL.DFF2","SLICE_X57Y79","SLICEL","CLEL_R_X37Y79","213","166","","X2Y1",""
"u_dut/u_unified_p4_kernel/input_mem_reg[0][58][11]","input_mem_reg","FDRE","SLICE_X57Y79","SLICEL.GFF2","SLICE_X57Y79","SLICEL","CLEL_R_X37Y79","213","166","","X2Y1",""
"u_dut/u_unified_p4_kernel/input_mem_reg[0][58][12]","input_mem_reg","FDRE","SLICE_X57Y79","SLICEL.FFF2","SLICE_X57Y79","SLICEL","CLEL_R_X37Y79","213","166","","X2Y1",""
"u_dut/u_unified_p4_kernel/input_mem_reg[0][58][13]","input_mem_reg","FDRE","SLICE_X55Y81","SLICEM.HFF2","SLICE_X55Y81","SLICEM","CLEM_X36Y81","207","164","","X1Y1",""
"u_dut/u_unified_p4_kernel/input_mem_reg[0][58][14]","input_mem_reg","FDRE","SLICE_X55Y81","SLICEM.GFF2","SLICE_X55Y81","SLICEM","CLEM_X36Y81","207","164","","X1Y1",""
"u_dut/u_unified_p4_kernel/input_mem_reg[0][58][15]","input_mem_reg","FDRE","SLICE_X61Y73","SLICEM.HFF2","SLICE_X61Y73","SLICEM","CLEM_X40Y73","225","172","","X2Y1",""
"u_dut/u_unified_p4_kernel/input_mem_reg[0][58][1]","input_mem_reg","FDRE","SLICE_X57Y73","SLICEL.EFF","SLICE_X57Y73","SLICEL","CLEL_R_X37Y73","213","172","","X2Y1",""
"u_dut/u_unified_p4_kernel/input_mem_reg[0][58][2]","input_mem_reg","FDRE","SLICE_X56Y78","SLICEM.GFF2","SLICE_X56Y78","SLICEM","CLEM_X37Y78","211","167","","X2Y1",""
"u_dut/u_unified_p4_kernel/input_mem_reg[0][58][3]","input_mem_reg","FDRE","SLICE_X58Y78","SLICEM.EFF2","SLICE_X58Y78","SLICEM","CLEM_X38Y78","216","167","","X2Y1",""
"u_dut/u_unified_p4_kernel/input_mem_reg[0][58][4]","input_mem_reg","FDRE","SLICE_X57Y79","SLICEL.CFF2","SLICE_X57Y79","SLICEL","CLEL_R_X37Y79","213","166","","X2Y1",""
"u_dut/u_unified_p4_kernel/input_mem_reg[0][58][5]","input_mem_reg","FDRE","SLICE_X56Y79","SLICEM.AFF2","SLICE_X56Y79","SLICEM","CLEM_X37Y79","211","166","","X2Y1",""
"u_dut/u_unified_p4_kernel/input_mem_reg[0][58][6]","input_mem_reg","FDRE","SLICE_X57Y73","SLICEL.EFF2","SLICE_X57Y73","SLICEL","CLEL_R_X37Y73","213","172","","X2Y1",""
"u_dut/u_unified_p4_kernel/input_mem_reg[0][58][7]","input_mem_reg","FDRE","SLICE_X56Y74","SLICEM.DFF2","SLICE_X56Y74","SLICEM","CLEM_X37Y74","211","171","","X2Y1",""
"u_dut/u_unified_p4_kernel/input_mem_reg[0][58][8]","input_mem_reg","FDRE","SLICE_X57Y79","SLICEL.EFF2","SLICE_X57Y79","SLICEL","CLEL_R_X37Y79","213","166","","X2Y1",""
"u_dut/u_unified_p4_kernel/input_mem_reg[0][58][9]","input_mem_reg","FDRE","SLICE_X55Y81","SLICEM.FFF2","SLICE_X55Y81","SLICEM","CLEM_X36Y81","207","164","","X1Y1",""
"u_dut/u_unified_p4_kernel/input_mem_reg[0][59][0]","input_mem_reg","FDRE","SLICE_X57Y75","SLICEL.DFF2","SLICE_X57Y75","SLICEL","CLEL_R_X37Y75","213","170","","X2Y1",""
"u_dut/u_unified_p4_kernel/input_mem_reg[0][59][10]","input_mem_reg","FDRE","SLICE_X57Y75","SLICEL.CFF2","SLICE_X57Y75","SLICEL","CLEL_R_X37Y75","213","170","","X2Y1",""
"u_dut/u_unified_p4_kernel/input_mem_reg[0][59][11]","input_mem_reg","FDRE","SLICE_X59Y75","SLICEL.HFF2","SLICE_X59Y75","SLICEL","CLEL_R_X38Y75","218","170","","X2Y1",""
"u_dut/u_unified_p4_kernel/input_mem_reg[0][59][12]","input_mem_reg","FDRE","SLICE_X61Y80","SLICEM.DFF2","SLICE_X61Y80","SLICEM","CLEM_X40Y80","225","165","","X2Y1",""
"u_dut/u_unified_p4_kernel/input_mem_reg[0][59][13]","input_mem_reg","FDRE","SLICE_X62Y77","SLICEM.FFF2","SLICE_X62Y77","SLICEM","CLEM_X41Y77","229","168","","X2Y1",""
"u_dut/u_unified_p4_kernel/input_mem_reg[0][59][14]","input_mem_reg","FDRE","SLICE_X57Y75","SLICEL.BFF2","SLICE_X57Y75","SLICEL","CLEL_R_X37Y75","213","170","","X2Y1",""
"u_dut/u_unified_p4_kernel/input_mem_reg[0][59][15]","input_mem_reg","FDRE","SLICE_X59Y76","SLICEL.DFF2","SLICE_X59Y76","SLICEL","CLEL_R_X38Y76","218","169","","X2Y1",""
"u_dut/u_unified_p4_kernel/input_mem_reg[0][59][1]","input_mem_reg","FDRE","SLICE_X63Y75","SLICEL.HFF2","SLICE_X63Y75","SLICEL","CLEL_R_X41Y75","231","170","","X2Y1",""
"u_dut/u_unified_p4_kernel/input_mem_reg[0][59][2]","input_mem_reg","FDRE","SLICE_X63Y75","SLICEL.GFF2","SLICE_X63Y75","SLICEL","CLEL_R_X41Y75","231","170","","X2Y1",""
"u_dut/u_unified_p4_kernel/input_mem_reg[0][59][3]","input_mem_reg","FDRE","SLICE_X59Y75","SLICEL.GFF2","SLICE_X59Y75","SLICEL","CLEL_R_X38Y75","218","170","","X2Y1",""
"u_dut/u_unified_p4_kernel/input_mem_reg[0][59][4]","input_mem_reg","FDRE","SLICE_X59Y76","SLICEL.CFF2","SLICE_X59Y76","SLICEL","CLEL_R_X38Y76","218","169","","X2Y1",""
"u_dut/u_unified_p4_kernel/input_mem_reg[0][59][5]","input_mem_reg","FDRE","SLICE_X59Y75","SLICEL.FFF2","SLICE_X59Y75","SLICEL","CLEL_R_X38Y75","218","170","","X2Y1",""
"u_dut/u_unified_p4_kernel/input_mem_reg[0][59][6]","input_mem_reg","FDRE","SLICE_X59Y75","SLICEL.EFF2","SLICE_X59Y75","SLICEL","CLEL_R_X38Y75","218","170","","X2Y1",""
"u_dut/u_unified_p4_kernel/input_mem_reg[0][59][7]","input_mem_reg","FDRE","SLICE_X59Y76","SLICEL.BFF2","SLICE_X59Y76","SLICEL","CLEL_R_X38Y76","218","169","","X2Y1",""
"u_dut/u_unified_p4_kernel/input_mem_reg[0][59][8]","input_mem_reg","FDRE","SLICE_X59Y76","SLICEL.AFF2","SLICE_X59Y76","SLICEL","CLEL_R_X38Y76","218","169","","X2Y1",""
"u_dut/u_unified_p4_kernel/input_mem_reg[0][59][9]","input_mem_reg","FDRE","SLICE_X61Y75","SLICEM.HFF2","SLICE_X61Y75","SLICEM","CLEM_X40Y75","225","170","","X2Y1",""
"u_dut/u_unified_p4_kernel/input_mem_reg[0][5][0]","input_mem_reg","FDRE","SLICE_X77Y75","SLICEL.HFF","SLICE_X77Y75","SLICEL","CLEL_L_X50Y75","265","170","","X2Y1",""
"u_dut/u_unified_p4_kernel/input_mem_reg[0][5][10]","input_mem_reg","FDRE","SLICE_X72Y76","SLICEL.HFF","SLICE_X72Y76","SLICEL","CLEL_R_X46Y76","251","169","","X2Y1",""
"u_dut/u_unified_p4_kernel/input_mem_reg[0][5][11]","input_mem_reg","FDRE","SLICE_X77Y75","SLICEL.GFF","SLICE_X77Y75","SLICEL","CLEL_L_X50Y75","265","170","","X2Y1",""
"u_dut/u_unified_p4_kernel/input_mem_reg[0][5][12]","input_mem_reg","FDRE","SLICE_X66Y75","SLICEM.HFF","SLICE_X66Y75","SLICEM","CLEM_X43Y75","237","170","","X2Y1",""
"u_dut/u_unified_p4_kernel/input_mem_reg[0][5][13]","input_mem_reg","FDRE","SLICE_X78Y72","SLICEL.HFF2","SLICE_X78Y72","SLICEL","CLEL_R_X50Y72","267","173","","X2Y1",""
"u_dut/u_unified_p4_kernel/input_mem_reg[0][5][14]","input_mem_reg","FDRE","SLICE_X74Y77","SLICEM.HFF2","SLICE_X74Y77","SLICEM","CLEM_X48Y77","258","168","","X2Y1",""
"u_dut/u_unified_p4_kernel/input_mem_reg[0][5][15]","input_mem_reg","FDRE","SLICE_X70Y72","SLICEL.DFF","SLICE_X70Y72","SLICEL","CLEL_R_X45Y72","246","173","","X2Y1",""
"u_dut/u_unified_p4_kernel/input_mem_reg[0][5][1]","input_mem_reg","FDRE","SLICE_X77Y71","SLICEL.HFF2","SLICE_X77Y71","SLICEL","CLEL_L_X50Y71","265","174","","X2Y1",""
"u_dut/u_unified_p4_kernel/input_mem_reg[0][5][2]","input_mem_reg","FDRE","SLICE_X66Y75","SLICEM.GFF","SLICE_X66Y75","SLICEM","CLEM_X43Y75","237","170","","X2Y1",""
"u_dut/u_unified_p4_kernel/input_mem_reg[0][5][3]","input_mem_reg","FDRE","SLICE_X73Y74","SLICEL.HFF","SLICE_X73Y74","SLICEL","CLEL_R_X47Y74","255","171","","X2Y1",""
"u_dut/u_unified_p4_kernel/input_mem_reg[0][5][4]","input_mem_reg","FDRE","SLICE_X70Y72","SLICEL.CFF","SLICE_X70Y72","SLICEL","CLEL_R_X45Y72","246","173","","X2Y1",""
"u_dut/u_unified_p4_kernel/input_mem_reg[0][5][5]","input_mem_reg","FDRE","SLICE_X77Y75","SLICEL.DFF2","SLICE_X77Y75","SLICEL","CLEL_L_X50Y75","265","170","","X2Y1",""
"u_dut/u_unified_p4_kernel/input_mem_reg[0][5][6]","input_mem_reg","FDRE","SLICE_X74Y77","SLICEM.GFF2","SLICE_X74Y77","SLICEM","CLEM_X48Y77","258","168","","X2Y1",""
"u_dut/u_unified_p4_kernel/input_mem_reg[0][5][7]","input_mem_reg","FDRE","SLICE_X73Y76","SLICEL.HFF2","SLICE_X73Y76","SLICEL","CLEL_R_X47Y76","255","169","","X2Y1",""
"u_dut/u_unified_p4_kernel/input_mem_reg[0][5][8]","input_mem_reg","FDRE","SLICE_X74Y77","SLICEM.FFF2","SLICE_X74Y77","SLICEM","CLEM_X48Y77","258","168","","X2Y1",""
"u_dut/u_unified_p4_kernel/input_mem_reg[0][5][9]","input_mem_reg","FDRE","SLICE_X76Y73","SLICEL.HFF","SLICE_X76Y73","SLICEL","CLEL_R_X49Y73","264","172","","X2Y1",""
"u_dut/u_unified_p4_kernel/input_mem_reg[0][60][0]","input_mem_reg","FDRE","SLICE_X83Y75","SLICEL.EFF","SLICE_X83Y75","SLICEL","CLEL_R_X54Y75","285","170","","X2Y1",""
"u_dut/u_unified_p4_kernel/input_mem_reg[0][60][10]","input_mem_reg","FDRE","SLICE_X79Y89","SLICEM.HFF2","SLICE_X79Y89","SLICEM","CLEM_X51Y89","270","156","","X2Y1",""
"u_dut/u_unified_p4_kernel/input_mem_reg[0][60][11]","input_mem_reg","FDRE","SLICE_X79Y87","SLICEM.DFF2","SLICE_X79Y87","SLICEM","CLEM_X51Y87","270","158","","X2Y1",""
"u_dut/u_unified_p4_kernel/input_mem_reg[0][60][12]","input_mem_reg","FDRE","SLICE_X79Y89","SLICEM.GFF2","SLICE_X79Y89","SLICEM","CLEM_X51Y89","270","156","","X2Y1",""
"u_dut/u_unified_p4_kernel/input_mem_reg[0][60][13]","input_mem_reg","FDRE","SLICE_X85Y74","SLICEL.HFF","SLICE_X85Y74","SLICEL","CLEL_R_X55Y74","288","171","","X2Y1",""
"u_dut/u_unified_p4_kernel/input_mem_reg[0][60][14]","input_mem_reg","FDRE","SLICE_X78Y89","SLICEL.EFF","SLICE_X78Y89","SLICEL","CLEL_R_X50Y89","267","156","","X2Y1",""
"u_dut/u_unified_p4_kernel/input_mem_reg[0][60][15]","input_mem_reg","FDRE","SLICE_X78Y89","SLICEL.EFF2","SLICE_X78Y89","SLICEL","CLEL_R_X50Y89","267","156","","X2Y1",""
"u_dut/u_unified_p4_kernel/input_mem_reg[0][60][1]","input_mem_reg","FDRE","SLICE_X83Y73","SLICEL.HFF","SLICE_X83Y73","SLICEL","CLEL_R_X54Y73","285","172","","X2Y1",""
"u_dut/u_unified_p4_kernel/input_mem_reg[0][60][2]","input_mem_reg","FDRE","SLICE_X79Y89","SLICEM.FFF2","SLICE_X79Y89","SLICEM","CLEM_X51Y89","270","156","","X2Y1",""
"u_dut/u_unified_p4_kernel/input_mem_reg[0][60][3]","input_mem_reg","FDRE","SLICE_X79Y87","SLICEM.CFF2","SLICE_X79Y87","SLICEM","CLEM_X51Y87","270","158","","X2Y1",""
"u_dut/u_unified_p4_kernel/input_mem_reg[0][60][4]","input_mem_reg","FDRE","SLICE_X79Y88","SLICEM.HFF2","SLICE_X79Y88","SLICEM","CLEM_X51Y88","270","157","","X2Y1",""
"u_dut/u_unified_p4_kernel/input_mem_reg[0][60][5]","input_mem_reg","FDRE","SLICE_X78Y89","SLICEL.FFF","SLICE_X78Y89","SLICEL","CLEL_R_X50Y89","267","156","","X2Y1",""
"u_dut/u_unified_p4_kernel/input_mem_reg[0][60][6]","input_mem_reg","FDRE","SLICE_X78Y89","SLICEL.FFF2","SLICE_X78Y89","SLICEL","CLEL_R_X50Y89","267","156","","X2Y1",""
"u_dut/u_unified_p4_kernel/input_mem_reg[0][60][7]","input_mem_reg","FDRE","SLICE_X79Y75","SLICEM.HFF2","SLICE_X79Y75","SLICEM","CLEM_X51Y75","270","170","","X2Y1",""
"u_dut/u_unified_p4_kernel/input_mem_reg[0][60][8]","input_mem_reg","FDRE","SLICE_X79Y87","SLICEM.BFF2","SLICE_X79Y87","SLICEM","CLEM_X51Y87","270","158","","X2Y1",""
"u_dut/u_unified_p4_kernel/input_mem_reg[0][60][9]","input_mem_reg","FDRE","SLICE_X78Y89","SLICEL.GFF","SLICE_X78Y89","SLICEL","CLEL_R_X50Y89","267","156","","X2Y1",""
"u_dut/u_unified_p4_kernel/input_mem_reg[0][61][0]","input_mem_reg","FDRE","SLICE_X84Y78","SLICEL.DFF","SLICE_X84Y78","SLICEL","CLEL_L_X55Y78","286","167","","X2Y1",""
"u_dut/u_unified_p4_kernel/input_mem_reg[0][61][10]","input_mem_reg","FDRE","SLICE_X78Y88","SLICEL.HFF","SLICE_X78Y88","SLICEL","CLEL_R_X50Y88","267","157","","X2Y1",""
"u_dut/u_unified_p4_kernel/input_mem_reg[0][61][11]","input_mem_reg","FDRE","SLICE_X83Y76","SLICEL.HFF2","SLICE_X83Y76","SLICEL","CLEL_R_X54Y76","285","169","","X2Y1",""
"u_dut/u_unified_p4_kernel/input_mem_reg[0][61][12]","input_mem_reg","FDRE","SLICE_X83Y76","SLICEL.GFF2","SLICE_X83Y76","SLICEL","CLEL_R_X54Y76","285","169","","X2Y1",""
"u_dut/u_unified_p4_kernel/input_mem_reg[0][61][13]","input_mem_reg","FDRE","SLICE_X83Y76","SLICEL.FFF2","SLICE_X83Y76","SLICEL","CLEL_R_X54Y76","285","169","","X2Y1",""
"u_dut/u_unified_p4_kernel/input_mem_reg[0][61][14]","input_mem_reg","FDRE","SLICE_X78Y89","SLICEL.GFF2","SLICE_X78Y89","SLICEL","CLEL_R_X50Y89","267","156","","X2Y1",""
"u_dut/u_unified_p4_kernel/input_mem_reg[0][61][15]","input_mem_reg","FDRE","SLICE_X78Y88","SLICEL.DFF2","SLICE_X78Y88","SLICEL","CLEL_R_X50Y88","267","157","","X2Y1",""
"u_dut/u_unified_p4_kernel/input_mem_reg[0][61][1]","input_mem_reg","FDRE","SLICE_X78Y89","SLICEL.HFF","SLICE_X78Y89","SLICEL","CLEL_R_X50Y89","267","156","","X2Y1",""
"u_dut/u_unified_p4_kernel/input_mem_reg[0][61][2]","input_mem_reg","FDRE","SLICE_X78Y89","SLICEL.HFF2","SLICE_X78Y89","SLICEL","CLEL_R_X50Y89","267","156","","X2Y1",""
"u_dut/u_unified_p4_kernel/input_mem_reg[0][61][3]","input_mem_reg","FDRE","SLICE_X78Y88","SLICEL.GFF","SLICE_X78Y88","SLICEL","CLEL_R_X50Y88","267","157","","X2Y1",""
"u_dut/u_unified_p4_kernel/input_mem_reg[0][61][4]","input_mem_reg","FDRE","SLICE_X78Y88","SLICEL.CFF2","SLICE_X78Y88","SLICEL","CLEL_R_X50Y88","267","157","","X2Y1",""
"u_dut/u_unified_p4_kernel/input_mem_reg[0][61][5]","input_mem_reg","FDRE","SLICE_X78Y88","SLICEL.BFF2","SLICE_X78Y88","SLICEL","CLEL_R_X50Y88","267","157","","X2Y1",""
"u_dut/u_unified_p4_kernel/input_mem_reg[0][61][6]","input_mem_reg","FDRE","SLICE_X78Y88","SLICEL.AFF2","SLICE_X78Y88","SLICEL","CLEL_R_X50Y88","267","157","","X2Y1",""
"u_dut/u_unified_p4_kernel/input_mem_reg[0][61][7]","input_mem_reg","FDRE","SLICE_X78Y88","SLICEL.FFF","SLICE_X78Y88","SLICEL","CLEL_R_X50Y88","267","157","","X2Y1",""
"u_dut/u_unified_p4_kernel/input_mem_reg[0][61][8]","input_mem_reg","FDRE","SLICE_X78Y88","SLICEL.EFF","SLICE_X78Y88","SLICEL","CLEL_R_X50Y88","267","157","","X2Y1",""
"u_dut/u_unified_p4_kernel/input_mem_reg[0][61][9]","input_mem_reg","FDRE","SLICE_X79Y89","SLICEM.EFF2","SLICE_X79Y89","SLICEM","CLEM_X51Y89","270","156","","X2Y1",""
"u_dut/u_unified_p4_kernel/input_mem_reg[0][62][0]","input_mem_reg","FDRE","SLICE_X77Y83","SLICEL.HFF2","SLICE_X77Y83","SLICEL","CLEL_L_X50Y83","265","162","","X2Y1",""
"u_dut/u_unified_p4_kernel/input_mem_reg[0][62][10]","input_mem_reg","FDRE","SLICE_X79Y88","SLICEM.GFF2","SLICE_X79Y88","SLICEM","CLEM_X51Y88","270","157","","X2Y1",""
"u_dut/u_unified_p4_kernel/input_mem_reg[0][62][11]","input_mem_reg","FDRE","SLICE_X78Y77","SLICEL.HFF2","SLICE_X78Y77","SLICEL","CLEL_R_X50Y77","267","168","","X2Y1",""
"u_dut/u_unified_p4_kernel/input_mem_reg[0][62][12]","input_mem_reg","FDRE","SLICE_X77Y83","SLICEL.GFF2","SLICE_X77Y83","SLICEL","CLEL_L_X50Y83","265","162","","X2Y1",""
"u_dut/u_unified_p4_kernel/input_mem_reg[0][62][13]","input_mem_reg","FDRE","SLICE_X79Y88","SLICEM.FFF2","SLICE_X79Y88","SLICEM","CLEM_X51Y88","270","157","","X2Y1",""
"u_dut/u_unified_p4_kernel/input_mem_reg[0][62][14]","input_mem_reg","FDRE","SLICE_X80Y83","SLICEL.HFF","SLICE_X80Y83","SLICEL","CLEL_R_X52Y83","276","162","","X2Y1",""
"u_dut/u_unified_p4_kernel/input_mem_reg[0][62][15]","input_mem_reg","FDRE","SLICE_X78Y77","SLICEL.GFF2","SLICE_X78Y77","SLICEL","CLEL_R_X50Y77","267","168","","X2Y1",""
"u_dut/u_unified_p4_kernel/input_mem_reg[0][62][1]","input_mem_reg","FDRE","SLICE_X79Y88","SLICEM.EFF2","SLICE_X79Y88","SLICEM","CLEM_X51Y88","270","157","","X2Y1",""
"u_dut/u_unified_p4_kernel/input_mem_reg[0][62][2]","input_mem_reg","FDRE","SLICE_X81Y76","SLICEM.DFF2","SLICE_X81Y76","SLICEM","CLEM_X53Y76","279","169","","X2Y1",""
"u_dut/u_unified_p4_kernel/input_mem_reg[0][62][3]","input_mem_reg","FDRE","SLICE_X84Y78","SLICEL.CFF","SLICE_X84Y78","SLICEL","CLEL_L_X55Y78","286","167","","X2Y1",""
"u_dut/u_unified_p4_kernel/input_mem_reg[0][62][4]","input_mem_reg","FDRE","SLICE_X84Y78","SLICEL.BFF","SLICE_X84Y78","SLICEL","CLEL_L_X55Y78","286","167","","X2Y1",""
"u_dut/u_unified_p4_kernel/input_mem_reg[0][62][5]","input_mem_reg","FDRE","SLICE_X81Y76","SLICEM.CFF2","SLICE_X81Y76","SLICEM","CLEM_X53Y76","279","169","","X2Y1",""
"u_dut/u_unified_p4_kernel/input_mem_reg[0][62][6]","input_mem_reg","FDRE","SLICE_X79Y87","SLICEM.AFF2","SLICE_X79Y87","SLICEM","CLEM_X51Y87","270","158","","X2Y1",""
"u_dut/u_unified_p4_kernel/input_mem_reg[0][62][7]","input_mem_reg","FDRE","SLICE_X79Y80","SLICEM.HFF2","SLICE_X79Y80","SLICEM","CLEM_X51Y80","270","165","","X2Y1",""
"u_dut/u_unified_p4_kernel/input_mem_reg[0][62][8]","input_mem_reg","FDRE","SLICE_X84Y81","SLICEL.HFF","SLICE_X84Y81","SLICEL","CLEL_L_X55Y81","286","164","","X2Y1",""
"u_dut/u_unified_p4_kernel/input_mem_reg[0][62][9]","input_mem_reg","FDRE","SLICE_X84Y81","SLICEL.GFF","SLICE_X84Y81","SLICEL","CLEL_L_X55Y81","286","164","","X2Y1",""
"u_dut/u_unified_p4_kernel/input_mem_reg[0][6][0]","input_mem_reg","FDRE","SLICE_X75Y74","SLICEM.GFF","SLICE_X75Y74","SLICEM","CLEM_X49Y74","262","171","","X2Y1",""
"u_dut/u_unified_p4_kernel/input_mem_reg[0][6][10]","input_mem_reg","FDRE","SLICE_X76Y79","SLICEL.HFF","SLICE_X76Y79","SLICEL","CLEL_R_X49Y79","264","166","","X2Y1",""
"u_dut/u_unified_p4_kernel/input_mem_reg[0][6][11]","input_mem_reg","FDRE","SLICE_X77Y79","SLICEL.HFF","SLICE_X77Y79","SLICEL","CLEL_L_X50Y79","265","166","","X2Y1",""
"u_dut/u_unified_p4_kernel/input_mem_reg[0][6][12]","input_mem_reg","FDRE","SLICE_X74Y76","SLICEM.DFF","SLICE_X74Y76","SLICEM","CLEM_X48Y76","258","169","","X2Y1",""
"u_dut/u_unified_p4_kernel/input_mem_reg[0][6][13]","input_mem_reg","FDRE","SLICE_X75Y74","SLICEM.FFF","SLICE_X75Y74","SLICEM","CLEM_X49Y74","262","171","","X2Y1",""
"u_dut/u_unified_p4_kernel/input_mem_reg[0][6][14]","input_mem_reg","FDRE","SLICE_X76Y78","SLICEL.FFF2","SLICE_X76Y78","SLICEL","CLEL_R_X49Y78","264","167","","X2Y1",""
"u_dut/u_unified_p4_kernel/input_mem_reg[0][6][15]","input_mem_reg","FDRE","SLICE_X75Y80","SLICEM.HFF2","SLICE_X75Y80","SLICEM","CLEM_X49Y80","262","165","","X2Y1",""
"u_dut/u_unified_p4_kernel/input_mem_reg[0][6][1]","input_mem_reg","FDRE","SLICE_X75Y74","SLICEM.EFF","SLICE_X75Y74","SLICEM","CLEM_X49Y74","262","171","","X2Y1",""
"u_dut/u_unified_p4_kernel/input_mem_reg[0][6][2]","input_mem_reg","FDRE","SLICE_X73Y78","SLICEL.GFF2","SLICE_X73Y78","SLICEL","CLEL_R_X47Y78","255","167","","X2Y1",""
"u_dut/u_unified_p4_kernel/input_mem_reg[0][6][3]","input_mem_reg","FDRE","SLICE_X78Y74","SLICEL.GFF2","SLICE_X78Y74","SLICEL","CLEL_R_X50Y74","267","171","","X2Y1",""
"u_dut/u_unified_p4_kernel/input_mem_reg[0][6][4]","input_mem_reg","FDRE","SLICE_X77Y77","SLICEL.GFF","SLICE_X77Y77","SLICEL","CLEL_L_X50Y77","265","168","","X2Y1",""
"u_dut/u_unified_p4_kernel/input_mem_reg[0][6][5]","input_mem_reg","FDRE","SLICE_X77Y78","SLICEL.CFF2","SLICE_X77Y78","SLICEL","CLEL_L_X50Y78","265","167","","X2Y1",""
"u_dut/u_unified_p4_kernel/input_mem_reg[0][6][6]","input_mem_reg","FDRE","SLICE_X75Y80","SLICEM.GFF2","SLICE_X75Y80","SLICEM","CLEM_X49Y80","262","165","","X2Y1",""
"u_dut/u_unified_p4_kernel/input_mem_reg[0][6][7]","input_mem_reg","FDRE","SLICE_X77Y77","SLICEL.FFF","SLICE_X77Y77","SLICEL","CLEL_L_X50Y77","265","168","","X2Y1",""
"u_dut/u_unified_p4_kernel/input_mem_reg[0][6][8]","input_mem_reg","FDRE","SLICE_X78Y79","SLICEL.HFF2","SLICE_X78Y79","SLICEL","CLEL_R_X50Y79","267","166","","X2Y1",""
"u_dut/u_unified_p4_kernel/input_mem_reg[0][6][9]","input_mem_reg","FDRE","SLICE_X77Y78","SLICEL.BFF2","SLICE_X77Y78","SLICEL","CLEL_L_X50Y78","265","167","","X2Y1",""
"u_dut/u_unified_p4_kernel/input_mem_reg[0][7][0]","input_mem_reg","FDRE","SLICE_X69Y71","SLICEL.HFF2","SLICE_X69Y71","SLICEL","CLEL_L_X45Y71","244","174","","X2Y1",""
"u_dut/u_unified_p4_kernel/input_mem_reg[0][7][10]","input_mem_reg","FDRE","SLICE_X67Y73","SLICEM.HFF2","SLICE_X67Y73","SLICEM","CLEM_X44Y73","241","172","","X2Y1",""
"u_dut/u_unified_p4_kernel/input_mem_reg[0][7][11]","input_mem_reg","FDRE","SLICE_X69Y72","SLICEL.HFF2","SLICE_X69Y72","SLICEL","CLEL_L_X45Y72","244","173","","X2Y1",""
"u_dut/u_unified_p4_kernel/input_mem_reg[0][7][12]","input_mem_reg","FDRE","SLICE_X69Y75","SLICEL.DFF2","SLICE_X69Y75","SLICEL","CLEL_L_X45Y75","244","170","","X2Y1",""
"u_dut/u_unified_p4_kernel/input_mem_reg[0][7][13]","input_mem_reg","FDRE","SLICE_X67Y76","SLICEM.HFF2","SLICE_X67Y76","SLICEM","CLEM_X44Y76","241","169","","X2Y1",""
"u_dut/u_unified_p4_kernel/input_mem_reg[0][7][14]","input_mem_reg","FDRE","SLICE_X69Y75","SLICEL.CFF2","SLICE_X69Y75","SLICEL","CLEL_L_X45Y75","244","170","","X2Y1",""
"u_dut/u_unified_p4_kernel/input_mem_reg[0][7][15]","input_mem_reg","FDRE","SLICE_X69Y78","SLICEL.HFF","SLICE_X69Y78","SLICEL","CLEL_L_X45Y78","244","167","","X2Y1",""
"u_dut/u_unified_p4_kernel/input_mem_reg[0][7][1]","input_mem_reg","FDRE","SLICE_X67Y71","SLICEM.HFF","SLICE_X67Y71","SLICEM","CLEM_X44Y71","241","174","","X2Y1",""
"u_dut/u_unified_p4_kernel/input_mem_reg[0][7][2]","input_mem_reg","FDRE","SLICE_X69Y71","SLICEL.GFF2","SLICE_X69Y71","SLICEL","CLEL_L_X45Y71","244","174","","X2Y1",""
"u_dut/u_unified_p4_kernel/input_mem_reg[0][7][3]","input_mem_reg","FDRE","SLICE_X69Y76","SLICEL.HFF","SLICE_X69Y76","SLICEL","CLEL_L_X45Y76","244","169","","X2Y1",""
"u_dut/u_unified_p4_kernel/input_mem_reg[0][7][4]","input_mem_reg","FDRE","SLICE_X69Y72","SLICEL.GFF2","SLICE_X69Y72","SLICEL","CLEL_L_X45Y72","244","173","","X2Y1",""
"u_dut/u_unified_p4_kernel/input_mem_reg[0][7][5]","input_mem_reg","FDRE","SLICE_X67Y73","SLICEM.GFF2","SLICE_X67Y73","SLICEM","CLEM_X44Y73","241","172","","X2Y1",""
"u_dut/u_unified_p4_kernel/input_mem_reg[0][7][6]","input_mem_reg","FDRE","SLICE_X69Y75","SLICEL.BFF2","SLICE_X69Y75","SLICEL","CLEL_L_X45Y75","244","170","","X2Y1",""
"u_dut/u_unified_p4_kernel/input_mem_reg[0][7][7]","input_mem_reg","FDRE","SLICE_X69Y75","SLICEL.AFF2","SLICE_X69Y75","SLICEL","CLEL_L_X45Y75","244","170","","X2Y1",""
"u_dut/u_unified_p4_kernel/input_mem_reg[0][7][8]","input_mem_reg","FDRE","SLICE_X67Y76","SLICEM.GFF2","SLICE_X67Y76","SLICEM","CLEM_X44Y76","241","169","","X2Y1",""
"u_dut/u_unified_p4_kernel/input_mem_reg[0][7][9]","input_mem_reg","FDRE","SLICE_X68Y78","SLICEL.HFF2","SLICE_X68Y78","SLICEL","CLEL_R_X44Y78","243","167","","X2Y1",""
"u_dut/u_unified_p4_kernel/input_mem_reg[0][8][0]","input_mem_reg","FDRE","SLICE_X86Y84","SLICEM.HFF","SLICE_X86Y84","SLICEM","CLEM_X56Y84","291","161","","X2Y1",""
"u_dut/u_unified_p4_kernel/input_mem_reg[0][8][10]","input_mem_reg","FDRE","SLICE_X85Y82","SLICEL.HFF2","SLICE_X85Y82","SLICEL","CLEL_R_X55Y82","288","163","","X2Y1",""
"u_dut/u_unified_p4_kernel/input_mem_reg[0][8][11]","input_mem_reg","FDRE","SLICE_X85Y81","SLICEL.HFF2","SLICE_X85Y81","SLICEL","CLEL_R_X55Y81","288","164","","X2Y1",""
"u_dut/u_unified_p4_kernel/input_mem_reg[0][8][12]","input_mem_reg","FDRE","SLICE_X85Y81","SLICEL.GFF2","SLICE_X85Y81","SLICEL","CLEL_R_X55Y81","288","164","","X2Y1",""
"u_dut/u_unified_p4_kernel/input_mem_reg[0][8][13]","input_mem_reg","FDRE","SLICE_X86Y81","SLICEM.HFF2","SLICE_X86Y81","SLICEM","CLEM_X56Y81","291","164","","X2Y1",""
"u_dut/u_unified_p4_kernel/input_mem_reg[0][8][14]","input_mem_reg","FDRE","SLICE_X85Y81","SLICEL.FFF2","SLICE_X85Y81","SLICEL","CLEL_R_X55Y81","288","164","","X2Y1",""
"u_dut/u_unified_p4_kernel/input_mem_reg[0][8][15]","input_mem_reg","FDRE","SLICE_X85Y82","SLICEL.GFF2","SLICE_X85Y82","SLICEL","CLEL_R_X55Y82","288","163","","X2Y1",""
"u_dut/u_unified_p4_kernel/input_mem_reg[0][8][1]","input_mem_reg","FDRE","SLICE_X86Y81","SLICEM.GFF2","SLICE_X86Y81","SLICEM","CLEM_X56Y81","291","164","","X2Y1",""
"u_dut/u_unified_p4_kernel/input_mem_reg[0][8][2]","input_mem_reg","FDRE","SLICE_X85Y94","SLICEL.FFF2","SLICE_X85Y94","SLICEL","CLEL_R_X55Y94","288","150","","X2Y1",""
"u_dut/u_unified_p4_kernel/input_mem_reg[0][8][3]","input_mem_reg","FDRE","SLICE_X84Y83","SLICEL.HFF2","SLICE_X84Y83","SLICEL","CLEL_L_X55Y83","286","162","","X2Y1",""
"u_dut/u_unified_p4_kernel/input_mem_reg[0][8][4]","input_mem_reg","FDRE","SLICE_X85Y86","SLICEL.GFF","SLICE_X85Y86","SLICEL","CLEL_R_X55Y86","288","159","","X2Y1",""
"u_dut/u_unified_p4_kernel/input_mem_reg[0][8][5]","input_mem_reg","FDRE","SLICE_X85Y92","SLICEL.GFF2","SLICE_X85Y92","SLICEL","CLEL_R_X55Y92","288","152","","X2Y1",""
"u_dut/u_unified_p4_kernel/input_mem_reg[0][8][6]","input_mem_reg","FDRE","SLICE_X86Y84","SLICEM.GFF","SLICE_X86Y84","SLICEM","CLEM_X56Y84","291","161","","X2Y1",""
"u_dut/u_unified_p4_kernel/input_mem_reg[0][8][7]","input_mem_reg","FDRE","SLICE_X86Y81","SLICEM.FFF2","SLICE_X86Y81","SLICEM","CLEM_X56Y81","291","164","","X2Y1",""
"u_dut/u_unified_p4_kernel/input_mem_reg[0][8][8]","input_mem_reg","FDRE","SLICE_X86Y85","SLICEM.EFF","SLICE_X86Y85","SLICEM","CLEM_X56Y85","291","160","","X2Y1",""
"u_dut/u_unified_p4_kernel/input_mem_reg[0][8][9]","input_mem_reg","FDRE","SLICE_X86Y85","SLICEM.EFF2","SLICE_X86Y85","SLICEM","CLEM_X56Y85","291","160","","X2Y1",""
"u_dut/u_unified_p4_kernel/input_mem_reg[0][9][0]","input_mem_reg","FDRE","SLICE_X85Y94","SLICEL.EFF2","SLICE_X85Y94","SLICEL","CLEL_R_X55Y94","288","150","","X2Y1",""
"u_dut/u_unified_p4_kernel/input_mem_reg[0][9][10]","input_mem_reg","FDRE","SLICE_X94Y88","SLICEL.HFF2","SLICE_X94Y88","SLICEL","CLEL_R_X61Y88","315","157","","X3Y1",""
"u_dut/u_unified_p4_kernel/input_mem_reg[0][9][11]","input_mem_reg","FDRE","SLICE_X94Y88","SLICEL.GFF2","SLICE_X94Y88","SLICEL","CLEL_R_X61Y88","315","157","","X3Y1",""
"u_dut/u_unified_p4_kernel/input_mem_reg[0][9][12]","input_mem_reg","FDRE","SLICE_X85Y95","SLICEL.EFF2","SLICE_X85Y95","SLICEL","CLEL_R_X55Y95","288","149","","X2Y1",""
"u_dut/u_unified_p4_kernel/input_mem_reg[0][9][13]","input_mem_reg","FDRE","SLICE_X85Y95","SLICEL.FFF","SLICE_X85Y95","SLICEL","CLEL_R_X55Y95","288","149","","X2Y1",""
"u_dut/u_unified_p4_kernel/input_mem_reg[0][9][14]","input_mem_reg","FDRE","SLICE_X85Y95","SLICEL.FFF2","SLICE_X85Y95","SLICEL","CLEL_R_X55Y95","288","149","","X2Y1",""
"u_dut/u_unified_p4_kernel/input_mem_reg[0][9][15]","input_mem_reg","FDRE","SLICE_X94Y88","SLICEL.FFF2","SLICE_X94Y88","SLICEL","CLEL_R_X61Y88","315","157","","X3Y1",""
"u_dut/u_unified_p4_kernel/input_mem_reg[0][9][1]","input_mem_reg","FDRE","SLICE_X91Y81","SLICEL.FFF","SLICE_X91Y81","SLICEL","CLEL_R_X59Y81","306","164","","X3Y1",""
"u_dut/u_unified_p4_kernel/input_mem_reg[0][9][2]","input_mem_reg","FDRE","SLICE_X94Y88","SLICEL.EFF2","SLICE_X94Y88","SLICEL","CLEL_R_X61Y88","315","157","","X3Y1",""
"u_dut/u_unified_p4_kernel/input_mem_reg[0][9][3]","input_mem_reg","FDRE","SLICE_X85Y91","SLICEL.DFF","SLICE_X85Y91","SLICEL","CLEL_R_X55Y91","288","153","","X2Y1",""
"u_dut/u_unified_p4_kernel/input_mem_reg[0][9][4]","input_mem_reg","FDRE","SLICE_X85Y91","SLICEL.CFF","SLICE_X85Y91","SLICEL","CLEL_R_X55Y91","288","153","","X2Y1",""
"u_dut/u_unified_p4_kernel/input_mem_reg[0][9][5]","input_mem_reg","FDRE","SLICE_X91Y81","SLICEL.EFF","SLICE_X91Y81","SLICEL","CLEL_R_X59Y81","306","164","","X3Y1",""
"u_dut/u_unified_p4_kernel/input_mem_reg[0][9][6]","input_mem_reg","FDRE","SLICE_X88Y89","SLICEL.HFF2","SLICE_X88Y89","SLICEL","CLEL_R_X57Y89","297","156","","X2Y1",""
"u_dut/u_unified_p4_kernel/input_mem_reg[0][9][7]","input_mem_reg","FDRE","SLICE_X88Y89","SLICEL.GFF2","SLICE_X88Y89","SLICEL","CLEL_R_X57Y89","297","156","","X2Y1",""
"u_dut/u_unified_p4_kernel/input_mem_reg[0][9][8]","input_mem_reg","FDRE","SLICE_X91Y84","SLICEL.DFF","SLICE_X91Y84","SLICEL","CLEL_R_X59Y84","306","161","","X3Y1",""
"u_dut/u_unified_p4_kernel/input_mem_reg[0][9][9]","input_mem_reg","FDRE","SLICE_X91Y84","SLICEL.CFF","SLICE_X91Y84","SLICEL","CLEL_R_X59Y84","306","161","","X3Y1",""
"u_dut/u_unified_p4_kernel/input_mem_reg[1][0][0]","input_mem_reg","FDRE","SLICE_X88Y80","SLICEL.HFF2","SLICE_X88Y80","SLICEL","CLEL_R_X57Y80","297","165","","X2Y1",""
"u_dut/u_unified_p4_kernel/input_mem_reg[1][0][10]","input_mem_reg","FDRE","SLICE_X86Y82","SLICEM.HFF2","SLICE_X86Y82","SLICEM","CLEM_X56Y82","291","163","","X2Y1",""
"u_dut/u_unified_p4_kernel/input_mem_reg[1][0][11]","input_mem_reg","FDRE","SLICE_X91Y79","SLICEL.DFF2","SLICE_X91Y79","SLICEL","CLEL_R_X59Y79","306","166","","X3Y1",""
"u_dut/u_unified_p4_kernel/input_mem_reg[1][0][12]","input_mem_reg","FDRE","SLICE_X86Y82","SLICEM.GFF2","SLICE_X86Y82","SLICEM","CLEM_X56Y82","291","163","","X2Y1",""
"u_dut/u_unified_p4_kernel/input_mem_reg[1][0][13]","input_mem_reg","FDRE","SLICE_X84Y94","SLICEL.HFF","SLICE_X84Y94","SLICEL","CLEL_L_X55Y94","286","150","","X2Y1",""
"u_dut/u_unified_p4_kernel/input_mem_reg[1][0][14]","input_mem_reg","FDRE","SLICE_X88Y80","SLICEL.GFF2","SLICE_X88Y80","SLICEL","CLEL_R_X57Y80","297","165","","X2Y1",""
"u_dut/u_unified_p4_kernel/input_mem_reg[1][0][15]","input_mem_reg","FDRE","SLICE_X91Y79","SLICEL.CFF2","SLICE_X91Y79","SLICEL","CLEL_R_X59Y79","306","166","","X3Y1",""
"u_dut/u_unified_p4_kernel/input_mem_reg[1][0][1]","input_mem_reg","FDRE","SLICE_X87Y77","SLICEL.DFF2","SLICE_X87Y77","SLICEL","CLEL_R_X56Y77","293","168","","X2Y1",""
"u_dut/u_unified_p4_kernel/input_mem_reg[1][0][2]","input_mem_reg","FDRE","SLICE_X90Y77","SLICEM.HFF2","SLICE_X90Y77","SLICEM","CLEM_X59Y77","304","168","","X3Y1",""
"u_dut/u_unified_p4_kernel/input_mem_reg[1][0][3]","input_mem_reg","FDRE","SLICE_X84Y94","SLICEL.GFF","SLICE_X84Y94","SLICEL","CLEL_L_X55Y94","286","150","","X2Y1",""
"u_dut/u_unified_p4_kernel/input_mem_reg[1][0][4]","input_mem_reg","FDRE","SLICE_X84Y94","SLICEL.FFF","SLICE_X84Y94","SLICEL","CLEL_L_X55Y94","286","150","","X2Y1",""
"u_dut/u_unified_p4_kernel/input_mem_reg[1][0][5]","input_mem_reg","FDRE","SLICE_X87Y77","SLICEL.CFF2","SLICE_X87Y77","SLICEL","CLEL_R_X56Y77","293","168","","X2Y1",""
"u_dut/u_unified_p4_kernel/input_mem_reg[1][0][6]","input_mem_reg","FDRE","SLICE_X84Y94","SLICEL.EFF","SLICE_X84Y94","SLICEL","CLEL_L_X55Y94","286","150","","X2Y1",""
"u_dut/u_unified_p4_kernel/input_mem_reg[1][0][7]","input_mem_reg","FDRE","SLICE_X83Y94","SLICEL.HFF2","SLICE_X83Y94","SLICEL","CLEL_R_X54Y94","285","150","","X2Y1",""
"u_dut/u_unified_p4_kernel/input_mem_reg[1][0][8]","input_mem_reg","FDRE","SLICE_X90Y77","SLICEM.GFF2","SLICE_X90Y77","SLICEM","CLEM_X59Y77","304","168","","X3Y1",""
"u_dut/u_unified_p4_kernel/input_mem_reg[1][0][9]","input_mem_reg","FDRE","SLICE_X87Y77","SLICEL.BFF2","SLICE_X87Y77","SLICEL","CLEL_R_X56Y77","293","168","","X2Y1",""
"u_dut/u_unified_p4_kernel/input_mem_reg[1][10][0]","input_mem_reg","FDRE","SLICE_X93Y84","SLICEM.HFF2","SLICE_X93Y84","SLICEM","CLEM_X61Y84","313","161","","X3Y1",""
"u_dut/u_unified_p4_kernel/input_mem_reg[1][10][10]","input_mem_reg","FDRE","SLICE_X91Y81","SLICEL.HFF2","SLICE_X91Y81","SLICEL","CLEL_R_X59Y81","306","164","","X3Y1",""
"u_dut/u_unified_p4_kernel/input_mem_reg[1][10][11]","input_mem_reg","FDRE","SLICE_X93Y84","SLICEM.GFF2","SLICE_X93Y84","SLICEM","CLEM_X61Y84","313","161","","X3Y1",""
"u_dut/u_unified_p4_kernel/input_mem_reg[1][10][12]","input_mem_reg","FDRE","SLICE_X93Y84","SLICEM.FFF2","SLICE_X93Y84","SLICEM","CLEM_X61Y84","313","161","","X3Y1",""
"u_dut/u_unified_p4_kernel/input_mem_reg[1][10][13]","input_mem_reg","FDRE","SLICE_X85Y86","SLICEL.HFF2","SLICE_X85Y86","SLICEL","CLEL_R_X55Y86","288","159","","X2Y1",""
"u_dut/u_unified_p4_kernel/input_mem_reg[1][10][14]","input_mem_reg","FDRE","SLICE_X87Y86","SLICEL.HFF","SLICE_X87Y86","SLICEL","CLEL_R_X56Y86","293","159","","X2Y1",""
"u_dut/u_unified_p4_kernel/input_mem_reg[1][10][15]","input_mem_reg","FDRE","SLICE_X88Y85","SLICEL.HFF","SLICE_X88Y85","SLICEL","CLEL_R_X57Y85","297","160","","X2Y1",""
"u_dut/u_unified_p4_kernel/input_mem_reg[1][10][1]","input_mem_reg","FDRE","SLICE_X88Y85","SLICEL.GFF","SLICE_X88Y85","SLICEL","CLEL_R_X57Y85","297","160","","X2Y1",""
"u_dut/u_unified_p4_kernel/input_mem_reg[1][10][2]","input_mem_reg","FDRE","SLICE_X93Y84","SLICEM.EFF2","SLICE_X93Y84","SLICEM","CLEM_X61Y84","313","161","","X3Y1",""
"u_dut/u_unified_p4_kernel/input_mem_reg[1][10][3]","input_mem_reg","FDRE","SLICE_X85Y93","SLICEL.HFF2","SLICE_X85Y93","SLICEL","CLEL_R_X55Y93","288","151","","X2Y1",""
"u_dut/u_unified_p4_kernel/input_mem_reg[1][10][4]","input_mem_reg","FDRE","SLICE_X89Y82","SLICEM.DFF2","SLICE_X89Y82","SLICEM","CLEM_X58Y82","300","163","","X2Y1",""
"u_dut/u_unified_p4_kernel/input_mem_reg[1][10][5]","input_mem_reg","FDRE","SLICE_X85Y93","SLICEL.GFF2","SLICE_X85Y93","SLICEL","CLEL_R_X55Y93","288","151","","X2Y1",""
"u_dut/u_unified_p4_kernel/input_mem_reg[1][10][6]","input_mem_reg","FDRE","SLICE_X89Y82","SLICEM.CFF2","SLICE_X89Y82","SLICEM","CLEM_X58Y82","300","163","","X2Y1",""
"u_dut/u_unified_p4_kernel/input_mem_reg[1][10][7]","input_mem_reg","FDRE","SLICE_X93Y80","SLICEM.HFF","SLICE_X93Y80","SLICEM","CLEM_X61Y80","313","165","","X3Y1",""
"u_dut/u_unified_p4_kernel/input_mem_reg[1][10][8]","input_mem_reg","FDRE","SLICE_X95Y84","SLICEM.HFF2","SLICE_X95Y84","SLICEM","CLEM_X62Y84","318","161","","X3Y1",""
"u_dut/u_unified_p4_kernel/input_mem_reg[1][10][9]","input_mem_reg","FDRE","SLICE_X93Y80","SLICEM.GFF","SLICE_X93Y80","SLICEM","CLEM_X61Y80","313","165","","X3Y1",""
"u_dut/u_unified_p4_kernel/input_mem_reg[1][11][0]","input_mem_reg","FDRE","SLICE_X88Y91","SLICEL.DFF2","SLICE_X88Y91","SLICEL","CLEL_R_X57Y91","297","153","","X2Y1",""
"u_dut/u_unified_p4_kernel/input_mem_reg[1][11][10]","input_mem_reg","FDRE","SLICE_X95Y91","SLICEM.HFF","SLICE_X95Y91","SLICEM","CLEM_X62Y91","318","153","","X3Y1",""
"u_dut/u_unified_p4_kernel/input_mem_reg[1][11][11]","input_mem_reg","FDRE","SLICE_X95Y91","SLICEM.GFF","SLICE_X95Y91","SLICEM","CLEM_X62Y91","318","153","","X3Y1",""
"u_dut/u_unified_p4_kernel/input_mem_reg[1][11][12]","input_mem_reg","FDRE","SLICE_X89Y92","SLICEM.AFF","SLICE_X89Y92","SLICEM","CLEM_X58Y92","300","152","","X2Y1",""
"u_dut/u_unified_p4_kernel/input_mem_reg[1][11][13]","input_mem_reg","FDRE","SLICE_X85Y93","SLICEL.DFF","SLICE_X85Y93","SLICEL","CLEL_R_X55Y93","288","151","","X2Y1",""
"u_dut/u_unified_p4_kernel/input_mem_reg[1][11][14]","input_mem_reg","FDRE","SLICE_X86Y90","SLICEM.HFF","SLICE_X86Y90","SLICEM","CLEM_X56Y90","291","154","","X2Y1",""
"u_dut/u_unified_p4_kernel/input_mem_reg[1][11][15]","input_mem_reg","FDRE","SLICE_X89Y92","SLICEM.AFF2","SLICE_X89Y92","SLICEM","CLEM_X58Y92","300","152","","X2Y1",""
"u_dut/u_unified_p4_kernel/input_mem_reg[1][11][1]","input_mem_reg","FDRE","SLICE_X86Y90","SLICEM.GFF","SLICE_X86Y90","SLICEM","CLEM_X56Y90","291","154","","X2Y1",""
"u_dut/u_unified_p4_kernel/input_mem_reg[1][11][2]","input_mem_reg","FDRE","SLICE_X86Y90","SLICEM.FFF","SLICE_X86Y90","SLICEM","CLEM_X56Y90","291","154","","X2Y1",""
"u_dut/u_unified_p4_kernel/input_mem_reg[1][11][3]","input_mem_reg","FDRE","SLICE_X86Y88","SLICEM.DFF2","SLICE_X86Y88","SLICEM","CLEM_X56Y88","291","157","","X2Y1",""
"u_dut/u_unified_p4_kernel/input_mem_reg[1][11][4]","input_mem_reg","FDRE","SLICE_X87Y91","SLICEL.HFF2","SLICE_X87Y91","SLICEL","CLEL_R_X56Y91","293","153","","X2Y1",""
"u_dut/u_unified_p4_kernel/input_mem_reg[1][11][5]","input_mem_reg","FDRE","SLICE_X86Y91","SLICEM.HFF2","SLICE_X86Y91","SLICEM","CLEM_X56Y91","291","153","","X2Y1",""
"u_dut/u_unified_p4_kernel/input_mem_reg[1][11][6]","input_mem_reg","FDRE","SLICE_X86Y88","SLICEM.CFF2","SLICE_X86Y88","SLICEM","CLEM_X56Y88","291","157","","X2Y1",""
"u_dut/u_unified_p4_kernel/input_mem_reg[1][11][7]","input_mem_reg","FDRE","SLICE_X91Y81","SLICEL.GFF2","SLICE_X91Y81","SLICEL","CLEL_R_X59Y81","306","164","","X3Y1",""
"u_dut/u_unified_p4_kernel/input_mem_reg[1][11][8]","input_mem_reg","FDRE","SLICE_X87Y91","SLICEL.GFF2","SLICE_X87Y91","SLICEL","CLEL_R_X56Y91","293","153","","X2Y1",""
"u_dut/u_unified_p4_kernel/input_mem_reg[1][11][9]","input_mem_reg","FDRE","SLICE_X87Y91","SLICEL.FFF2","SLICE_X87Y91","SLICEL","CLEL_R_X56Y91","293","153","","X2Y1",""
"u_dut/u_unified_p4_kernel/input_mem_reg[1][12][0]","input_mem_reg","FDRE","SLICE_X91Y79","SLICEL.DFF","SLICE_X91Y79","SLICEL","CLEL_R_X59Y79","306","166","","X3Y1",""
"u_dut/u_unified_p4_kernel/input_mem_reg[1][12][10]","input_mem_reg","FDRE","SLICE_X92Y80","SLICEM.DFF2","SLICE_X92Y80","SLICEM","CLEM_X60Y80","309","165","","X3Y1",""
"u_dut/u_unified_p4_kernel/input_mem_reg[1][12][11]","input_mem_reg","FDRE","SLICE_X92Y80","SLICEM.HFF2","SLICE_X92Y80","SLICEM","CLEM_X60Y80","309","165","","X3Y1",""
"u_dut/u_unified_p4_kernel/input_mem_reg[1][12][12]","input_mem_reg","FDRE","SLICE_X91Y79","SLICEL.CFF","SLICE_X91Y79","SLICEL","CLEL_R_X59Y79","306","166","","X3Y1",""
"u_dut/u_unified_p4_kernel/input_mem_reg[1][12][13]","input_mem_reg","FDRE","SLICE_X91Y75","SLICEL.HFF2","SLICE_X91Y75","SLICEL","CLEL_R_X59Y75","306","170","","X3Y1",""
"u_dut/u_unified_p4_kernel/input_mem_reg[1][12][14]","input_mem_reg","FDRE","SLICE_X91Y77","SLICEL.DFF","SLICE_X91Y77","SLICEL","CLEL_R_X59Y77","306","168","","X3Y1",""
"u_dut/u_unified_p4_kernel/input_mem_reg[1][12][15]","input_mem_reg","FDRE","SLICE_X93Y77","SLICEM.HFF","SLICE_X93Y77","SLICEM","CLEM_X61Y77","313","168","","X3Y1",""
"u_dut/u_unified_p4_kernel/input_mem_reg[1][12][1]","input_mem_reg","FDRE","SLICE_X91Y77","SLICEL.CFF","SLICE_X91Y77","SLICEL","CLEL_R_X59Y77","306","168","","X3Y1",""
"u_dut/u_unified_p4_kernel/input_mem_reg[1][12][2]","input_mem_reg","FDRE","SLICE_X93Y78","SLICEM.AFF","SLICE_X93Y78","SLICEM","CLEM_X61Y78","313","167","","X3Y1",""
"u_dut/u_unified_p4_kernel/input_mem_reg[1][12][3]","input_mem_reg","FDRE","SLICE_X93Y78","SLICEM.AFF2","SLICE_X93Y78","SLICEM","CLEM_X61Y78","313","167","","X3Y1",""
"u_dut/u_unified_p4_kernel/input_mem_reg[1][12][4]","input_mem_reg","FDRE","SLICE_X90Y75","SLICEM.DFF2","SLICE_X90Y75","SLICEM","CLEM_X59Y75","304","170","","X3Y1",""
"u_dut/u_unified_p4_kernel/input_mem_reg[1][12][5]","input_mem_reg","FDRE","SLICE_X91Y79","SLICEL.BFF","SLICE_X91Y79","SLICEL","CLEL_R_X59Y79","306","166","","X3Y1",""
"u_dut/u_unified_p4_kernel/input_mem_reg[1][12][6]","input_mem_reg","FDRE","SLICE_X91Y75","SLICEL.GFF2","SLICE_X91Y75","SLICEL","CLEL_R_X59Y75","306","170","","X3Y1",""
"u_dut/u_unified_p4_kernel/input_mem_reg[1][12][7]","input_mem_reg","FDRE","SLICE_X92Y80","SLICEM.GFF2","SLICE_X92Y80","SLICEM","CLEM_X60Y80","309","165","","X3Y1",""
"u_dut/u_unified_p4_kernel/input_mem_reg[1][12][8]","input_mem_reg","FDRE","SLICE_X91Y75","SLICEL.FFF2","SLICE_X91Y75","SLICEL","CLEL_R_X59Y75","306","170","","X3Y1",""
"u_dut/u_unified_p4_kernel/input_mem_reg[1][12][9]","input_mem_reg","FDRE","SLICE_X91Y74","SLICEL.AFF","SLICE_X91Y74","SLICEL","CLEL_R_X59Y74","306","171","","X3Y1",""
"u_dut/u_unified_p4_kernel/input_mem_reg[1][13][0]","input_mem_reg","FDRE","SLICE_X94Y83","SLICEL.HFF2","SLICE_X94Y83","SLICEL","CLEL_R_X61Y83","315","162","","X3Y1",""
"u_dut/u_unified_p4_kernel/input_mem_reg[1][13][10]","input_mem_reg","FDRE","SLICE_X93Y86","SLICEM.HFF2","SLICE_X93Y86","SLICEM","CLEM_X61Y86","313","159","","X3Y1",""
"u_dut/u_unified_p4_kernel/input_mem_reg[1][13][11]","input_mem_reg","FDRE","SLICE_X94Y82","SLICEL.HFF","SLICE_X94Y82","SLICEL","CLEL_R_X61Y82","315","163","","X3Y1",""
"u_dut/u_unified_p4_kernel/input_mem_reg[1][13][12]","input_mem_reg","FDRE","SLICE_X96Y80","SLICEM.HFF","SLICE_X96Y80","SLICEM","CLEM_X63Y80","322","165","","X3Y1",""
"u_dut/u_unified_p4_kernel/input_mem_reg[1][13][13]","input_mem_reg","FDRE","SLICE_X93Y76","SLICEM.HFF","SLICE_X93Y76","SLICEM","CLEM_X61Y76","313","169","","X3Y1",""
"u_dut/u_unified_p4_kernel/input_mem_reg[1][13][14]","input_mem_reg","FDRE","SLICE_X91Y79","SLICEL.AFF","SLICE_X91Y79","SLICEL","CLEL_R_X59Y79","306","166","","X3Y1",""
"u_dut/u_unified_p4_kernel/input_mem_reg[1][13][15]","input_mem_reg","FDRE","SLICE_X91Y77","SLICEL.HFF","SLICE_X91Y77","SLICEL","CLEL_R_X59Y77","306","168","","X3Y1",""
"u_dut/u_unified_p4_kernel/input_mem_reg[1][13][1]","input_mem_reg","FDRE","SLICE_X97Y84","SLICEL.HFF2","SLICE_X97Y84","SLICEL","CLEL_R_X63Y84","324","161","","X3Y1",""
"u_dut/u_unified_p4_kernel/input_mem_reg[1][13][2]","input_mem_reg","FDRE","SLICE_X93Y76","SLICEM.GFF","SLICE_X93Y76","SLICEM","CLEM_X61Y76","313","169","","X3Y1",""
"u_dut/u_unified_p4_kernel/input_mem_reg[1][13][3]","input_mem_reg","FDRE","SLICE_X93Y86","SLICEM.GFF2","SLICE_X93Y86","SLICEM","CLEM_X61Y86","313","159","","X3Y1",""
"u_dut/u_unified_p4_kernel/input_mem_reg[1][13][4]","input_mem_reg","FDRE","SLICE_X92Y80","SLICEM.FFF2","SLICE_X92Y80","SLICEM","CLEM_X60Y80","309","165","","X3Y1",""
"u_dut/u_unified_p4_kernel/input_mem_reg[1][13][5]","input_mem_reg","FDRE","SLICE_X91Y75","SLICEL.EFF2","SLICE_X91Y75","SLICEL","CLEL_R_X59Y75","306","170","","X3Y1",""
"u_dut/u_unified_p4_kernel/input_mem_reg[1][13][6]","input_mem_reg","FDRE","SLICE_X92Y79","SLICEM.HFF","SLICE_X92Y79","SLICEM","CLEM_X60Y79","309","166","","X3Y1",""
"u_dut/u_unified_p4_kernel/input_mem_reg[1][13][7]","input_mem_reg","FDRE","SLICE_X95Y86","SLICEM.HFF2","SLICE_X95Y86","SLICEM","CLEM_X62Y86","318","159","","X3Y1",""
"u_dut/u_unified_p4_kernel/input_mem_reg[1][13][8]","input_mem_reg","FDRE","SLICE_X92Y79","SLICEM.DFF2","SLICE_X92Y79","SLICEM","CLEM_X60Y79","309","166","","X3Y1",""
"u_dut/u_unified_p4_kernel/input_mem_reg[1][13][9]","input_mem_reg","FDRE","SLICE_X92Y80","SLICEM.CFF2","SLICE_X92Y80","SLICEM","CLEM_X60Y80","309","165","","X3Y1",""
"u_dut/u_unified_p4_kernel/input_mem_reg[1][14][0]","input_mem_reg","FDRE","SLICE_X91Y77","SLICEL.BFF","SLICE_X91Y77","SLICEL","CLEL_R_X59Y77","306","168","","X3Y1",""
"u_dut/u_unified_p4_kernel/input_mem_reg[1][14][10]","input_mem_reg","FDRE","SLICE_X94Y76","SLICEL.DFF","SLICE_X94Y76","SLICEL","CLEL_R_X61Y76","315","169","","X3Y1",""
"u_dut/u_unified_p4_kernel/input_mem_reg[1][14][11]","input_mem_reg","FDRE","SLICE_X91Y77","SLICEL.AFF","SLICE_X91Y77","SLICEL","CLEL_R_X59Y77","306","168","","X3Y1",""
"u_dut/u_unified_p4_kernel/input_mem_reg[1][14][12]","input_mem_reg","FDRE","SLICE_X92Y79","SLICEM.GFF","SLICE_X92Y79","SLICEM","CLEM_X60Y79","309","166","","X3Y1",""
"u_dut/u_unified_p4_kernel/input_mem_reg[1][14][13]","input_mem_reg","FDRE","SLICE_X90Y78","SLICEM.HFF","SLICE_X90Y78","SLICEM","CLEM_X59Y78","304","167","","X3Y1",""
"u_dut/u_unified_p4_kernel/input_mem_reg[1][14][14]","input_mem_reg","FDRE","SLICE_X90Y78","SLICEM.GFF","SLICE_X90Y78","SLICEM","CLEM_X59Y78","304","167","","X3Y1",""
"u_dut/u_unified_p4_kernel/input_mem_reg[1][14][15]","input_mem_reg","FDRE","SLICE_X92Y80","SLICEM.BFF2","SLICE_X92Y80","SLICEM","CLEM_X60Y80","309","165","","X3Y1",""
"u_dut/u_unified_p4_kernel/input_mem_reg[1][14][1]","input_mem_reg","FDRE","SLICE_X92Y80","SLICEM.EFF2","SLICE_X92Y80","SLICEM","CLEM_X60Y80","309","165","","X3Y1",""
"u_dut/u_unified_p4_kernel/input_mem_reg[1][14][2]","input_mem_reg","FDRE","SLICE_X92Y80","SLICEM.AFF2","SLICE_X92Y80","SLICEM","CLEM_X60Y80","309","165","","X3Y1",""
"u_dut/u_unified_p4_kernel/input_mem_reg[1][14][3]","input_mem_reg","FDRE","SLICE_X92Y79","SLICEM.CFF2","SLICE_X92Y79","SLICEM","CLEM_X60Y79","309","166","","X3Y1",""
"u_dut/u_unified_p4_kernel/input_mem_reg[1][14][4]","input_mem_reg","FDRE","SLICE_X90Y78","SLICEM.FFF","SLICE_X90Y78","SLICEM","CLEM_X59Y78","304","167","","X3Y1",""
"u_dut/u_unified_p4_kernel/input_mem_reg[1][14][5]","input_mem_reg","FDRE","SLICE_X91Y77","SLICEL.GFF","SLICE_X91Y77","SLICEL","CLEL_R_X59Y77","306","168","","X3Y1",""
"u_dut/u_unified_p4_kernel/input_mem_reg[1][14][6]","input_mem_reg","FDRE","SLICE_X95Y81","SLICEM.HFF","SLICE_X95Y81","SLICEM","CLEM_X62Y81","318","164","","X3Y1",""
"u_dut/u_unified_p4_kernel/input_mem_reg[1][14][7]","input_mem_reg","FDRE","SLICE_X97Y84","SLICEL.GFF2","SLICE_X97Y84","SLICEL","CLEL_R_X63Y84","324","161","","X3Y1",""
"u_dut/u_unified_p4_kernel/input_mem_reg[1][14][8]","input_mem_reg","FDRE","SLICE_X92Y79","SLICEM.FFF","SLICE_X92Y79","SLICEM","CLEM_X60Y79","309","166","","X3Y1",""
"u_dut/u_unified_p4_kernel/input_mem_reg[1][14][9]","input_mem_reg","FDRE","SLICE_X92Y79","SLICEM.EFF","SLICE_X92Y79","SLICEM","CLEM_X60Y79","309","166","","X3Y1",""
"u_dut/u_unified_p4_kernel/input_mem_reg[1][15][0]","input_mem_reg","FDRE","SLICE_X91Y74","SLICEL.AFF2","SLICE_X91Y74","SLICEL","CLEL_R_X59Y74","306","171","","X3Y1",""
"u_dut/u_unified_p4_kernel/input_mem_reg[1][15][10]","input_mem_reg","FDRE","SLICE_X97Y87","SLICEL.HFF2","SLICE_X97Y87","SLICEL","CLEL_R_X63Y87","324","158","","X3Y1",""
"u_dut/u_unified_p4_kernel/input_mem_reg[1][15][11]","input_mem_reg","FDRE","SLICE_X90Y74","SLICEM.HFF","SLICE_X90Y74","SLICEM","CLEM_X59Y74","304","171","","X3Y1",""
"u_dut/u_unified_p4_kernel/input_mem_reg[1][15][12]","input_mem_reg","FDRE","SLICE_X91Y77","SLICEL.FFF","SLICE_X91Y77","SLICEL","CLEL_R_X59Y77","306","168","","X3Y1",""
"u_dut/u_unified_p4_kernel/input_mem_reg[1][15][13]","input_mem_reg","FDRE","SLICE_X91Y74","SLICEL.BFF","SLICE_X91Y74","SLICEL","CLEL_R_X59Y74","306","171","","X3Y1",""
"u_dut/u_unified_p4_kernel/input_mem_reg[1][15][14]","input_mem_reg","FDRE","SLICE_X97Y84","SLICEL.FFF2","SLICE_X97Y84","SLICEL","CLEL_R_X63Y84","324","161","","X3Y1",""
"u_dut/u_unified_p4_kernel/input_mem_reg[1][15][15]","input_mem_reg","FDRE","SLICE_X92Y73","SLICEM.HFF","SLICE_X92Y73","SLICEM","CLEM_X60Y73","309","172","","X3Y1",""
"u_dut/u_unified_p4_kernel/input_mem_reg[1][15][1]","input_mem_reg","FDRE","SLICE_X91Y80","SLICEL.AFF2","SLICE_X91Y80","SLICEL","CLEL_R_X59Y80","306","165","","X3Y1",""
"u_dut/u_unified_p4_kernel/input_mem_reg[1][15][2]","input_mem_reg","FDRE","SLICE_X90Y72","SLICEM.HFF","SLICE_X90Y72","SLICEM","CLEM_X59Y72","304","173","","X3Y1",""
"u_dut/u_unified_p4_kernel/input_mem_reg[1][15][3]","input_mem_reg","FDRE","SLICE_X92Y79","SLICEM.BFF2","SLICE_X92Y79","SLICEM","CLEM_X60Y79","309","166","","X3Y1",""
"u_dut/u_unified_p4_kernel/input_mem_reg[1][15][4]","input_mem_reg","FDRE","SLICE_X91Y77","SLICEL.EFF","SLICE_X91Y77","SLICEL","CLEL_R_X59Y77","306","168","","X3Y1",""
"u_dut/u_unified_p4_kernel/input_mem_reg[1][15][5]","input_mem_reg","FDRE","SLICE_X97Y84","SLICEL.EFF2","SLICE_X97Y84","SLICEL","CLEL_R_X63Y84","324","161","","X3Y1",""
"u_dut/u_unified_p4_kernel/input_mem_reg[1][15][6]","input_mem_reg","FDRE","SLICE_X97Y87","SLICEL.GFF2","SLICE_X97Y87","SLICEL","CLEL_R_X63Y87","324","158","","X3Y1",""
"u_dut/u_unified_p4_kernel/input_mem_reg[1][15][7]","input_mem_reg","FDRE","SLICE_X92Y73","SLICEM.GFF","SLICE_X92Y73","SLICEM","CLEM_X60Y73","309","172","","X3Y1",""
"u_dut/u_unified_p4_kernel/input_mem_reg[1][15][8]","input_mem_reg","FDRE","SLICE_X95Y86","SLICEM.GFF2","SLICE_X95Y86","SLICEM","CLEM_X62Y86","318","159","","X3Y1",""
"u_dut/u_unified_p4_kernel/input_mem_reg[1][15][9]","input_mem_reg","FDRE","SLICE_X92Y77","SLICEM.HFF2","SLICE_X92Y77","SLICEM","CLEM_X60Y77","309","168","","X3Y1",""
"u_dut/u_unified_p4_kernel/input_mem_reg[1][16][0]","input_mem_reg","FDRE","SLICE_X90Y87","SLICEM.DFF2","SLICE_X90Y87","SLICEM","CLEM_X59Y87","304","158","","X3Y1",""
"u_dut/u_unified_p4_kernel/input_mem_reg[1][16][10]","input_mem_reg","FDRE","SLICE_X93Y96","SLICEM.DFF","SLICE_X93Y96","SLICEM","CLEM_X61Y96","313","148","","X3Y1",""
"u_dut/u_unified_p4_kernel/input_mem_reg[1][16][11]","input_mem_reg","FDRE","SLICE_X91Y96","SLICEL.HFF2","SLICE_X91Y96","SLICEL","CLEL_R_X59Y96","306","148","","X3Y1",""
"u_dut/u_unified_p4_kernel/input_mem_reg[1][16][12]","input_mem_reg","FDRE","SLICE_X91Y103","SLICEL.HFF","SLICE_X91Y103","SLICEL","CLEL_R_X59Y103","306","141","","X3Y1",""
"u_dut/u_unified_p4_kernel/input_mem_reg[1][16][13]","input_mem_reg","FDRE","SLICE_X96Y97","SLICEM.HFF","SLICE_X96Y97","SLICEM","CLEM_X63Y97","322","147","","X3Y1",""
"u_dut/u_unified_p4_kernel/input_mem_reg[1][16][14]","input_mem_reg","FDRE","SLICE_X89Y98","SLICEM.HFF","SLICE_X89Y98","SLICEM","CLEM_X58Y98","300","146","","X2Y1",""
"u_dut/u_unified_p4_kernel/input_mem_reg[1][16][15]","input_mem_reg","FDRE","SLICE_X91Y103","SLICEL.GFF","SLICE_X91Y103","SLICEL","CLEL_R_X59Y103","306","141","","X3Y1",""
"u_dut/u_unified_p4_kernel/input_mem_reg[1][16][1]","input_mem_reg","FDRE","SLICE_X95Y88","SLICEM.HFF2","SLICE_X95Y88","SLICEM","CLEM_X62Y88","318","157","","X3Y1",""
"u_dut/u_unified_p4_kernel/input_mem_reg[1][16][2]","input_mem_reg","FDRE","SLICE_X91Y85","SLICEL.HFF2","SLICE_X91Y85","SLICEL","CLEL_R_X59Y85","306","160","","X3Y1",""
"u_dut/u_unified_p4_kernel/input_mem_reg[1][16][3]","input_mem_reg","FDRE","SLICE_X89Y98","SLICEM.GFF","SLICE_X89Y98","SLICEM","CLEM_X58Y98","300","146","","X2Y1",""
"u_dut/u_unified_p4_kernel/input_mem_reg[1][16][4]","input_mem_reg","FDRE","SLICE_X92Y87","SLICEM.DFF2","SLICE_X92Y87","SLICEM","CLEM_X60Y87","309","158","","X3Y1",""
"u_dut/u_unified_p4_kernel/input_mem_reg[1][16][5]","input_mem_reg","FDRE","SLICE_X89Y99","SLICEM.HFF","SLICE_X89Y99","SLICEM","CLEM_X58Y99","300","145","","X2Y1",""
"u_dut/u_unified_p4_kernel/input_mem_reg[1][16][6]","input_mem_reg","FDRE","SLICE_X92Y87","SLICEM.CFF2","SLICE_X92Y87","SLICEM","CLEM_X60Y87","309","158","","X3Y1",""
"u_dut/u_unified_p4_kernel/input_mem_reg[1][16][7]","input_mem_reg","FDRE","SLICE_X90Y87","SLICEM.CFF2","SLICE_X90Y87","SLICEM","CLEM_X59Y87","304","158","","X3Y1",""
"u_dut/u_unified_p4_kernel/input_mem_reg[1][16][8]","input_mem_reg","FDRE","SLICE_X89Y98","SLICEM.FFF","SLICE_X89Y98","SLICEM","CLEM_X58Y98","300","146","","X2Y1",""
"u_dut/u_unified_p4_kernel/input_mem_reg[1][16][9]","input_mem_reg","FDRE","SLICE_X91Y96","SLICEL.GFF2","SLICE_X91Y96","SLICEL","CLEL_R_X59Y96","306","148","","X3Y1",""
"u_dut/u_unified_p4_kernel/input_mem_reg[1][17][0]","input_mem_reg","FDRE","SLICE_X89Y100","SLICEM.DFF2","SLICE_X89Y100","SLICEM","CLEM_X58Y100","300","144","","X2Y1",""
"u_dut/u_unified_p4_kernel/input_mem_reg[1][17][10]","input_mem_reg","FDRE","SLICE_X89Y100","SLICEM.CFF2","SLICE_X89Y100","SLICEM","CLEM_X58Y100","300","144","","X2Y1",""
"u_dut/u_unified_p4_kernel/input_mem_reg[1][17][11]","input_mem_reg","FDRE","SLICE_X95Y95","SLICEM.HFF2","SLICE_X95Y95","SLICEM","CLEM_X62Y95","318","149","","X3Y1",""
"u_dut/u_unified_p4_kernel/input_mem_reg[1][17][12]","input_mem_reg","FDRE","SLICE_X90Y93","SLICEM.HFF","SLICE_X90Y93","SLICEM","CLEM_X59Y93","304","151","","X3Y1",""
"u_dut/u_unified_p4_kernel/input_mem_reg[1][17][13]","input_mem_reg","FDRE","SLICE_X89Y87","SLICEM.HFF2","SLICE_X89Y87","SLICEM","CLEM_X58Y87","300","158","","X2Y1",""
"u_dut/u_unified_p4_kernel/input_mem_reg[1][17][14]","input_mem_reg","FDRE","SLICE_X91Y98","SLICEL.DFF2","SLICE_X91Y98","SLICEL","CLEL_R_X59Y98","306","146","","X3Y1",""
"u_dut/u_unified_p4_kernel/input_mem_reg[1][17][15]","input_mem_reg","FDRE","SLICE_X95Y95","SLICEM.GFF2","SLICE_X95Y95","SLICEM","CLEM_X62Y95","318","149","","X3Y1",""
"u_dut/u_unified_p4_kernel/input_mem_reg[1][17][1]","input_mem_reg","FDRE","SLICE_X91Y93","SLICEL.HFF2","SLICE_X91Y93","SLICEL","CLEL_R_X59Y93","306","151","","X3Y1",""
"u_dut/u_unified_p4_kernel/input_mem_reg[1][17][2]","input_mem_reg","FDRE","SLICE_X92Y99","SLICEM.EFF","SLICE_X92Y99","SLICEM","CLEM_X60Y99","309","145","","X3Y1",""
"u_dut/u_unified_p4_kernel/input_mem_reg[1][17][3]","input_mem_reg","FDRE","SLICE_X91Y95","SLICEL.HFF2","SLICE_X91Y95","SLICEL","CLEL_R_X59Y95","306","149","","X3Y1",""
"u_dut/u_unified_p4_kernel/input_mem_reg[1][17][4]","input_mem_reg","FDRE","SLICE_X91Y96","SLICEL.FFF2","SLICE_X91Y96","SLICEL","CLEL_R_X59Y96","306","148","","X3Y1",""
"u_dut/u_unified_p4_kernel/input_mem_reg[1][17][5]","input_mem_reg","FDRE","SLICE_X89Y99","SLICEM.GFF","SLICE_X89Y99","SLICEM","CLEM_X58Y99","300","145","","X2Y1",""
"u_dut/u_unified_p4_kernel/input_mem_reg[1][17][6]","input_mem_reg","FDRE","SLICE_X92Y95","SLICEM.DFF2","SLICE_X92Y95","SLICEM","CLEM_X60Y95","309","149","","X3Y1",""
"u_dut/u_unified_p4_kernel/input_mem_reg[1][17][7]","input_mem_reg","FDRE","SLICE_X91Y85","SLICEL.GFF2","SLICE_X91Y85","SLICEL","CLEL_R_X59Y85","306","160","","X3Y1",""
"u_dut/u_unified_p4_kernel/input_mem_reg[1][17][8]","input_mem_reg","FDRE","SLICE_X91Y96","SLICEL.EFF2","SLICE_X91Y96","SLICEL","CLEL_R_X59Y96","306","148","","X3Y1",""
"u_dut/u_unified_p4_kernel/input_mem_reg[1][17][9]","input_mem_reg","FDRE","SLICE_X95Y95","SLICEM.FFF2","SLICE_X95Y95","SLICEM","CLEM_X62Y95","318","149","","X3Y1",""
"u_dut/u_unified_p4_kernel/input_mem_reg[1][18][0]","input_mem_reg","FDRE","SLICE_X90Y93","SLICEM.GFF","SLICE_X90Y93","SLICEM","CLEM_X59Y93","304","151","","X3Y1",""
"u_dut/u_unified_p4_kernel/input_mem_reg[1][18][10]","input_mem_reg","FDRE","SLICE_X91Y93","SLICEL.GFF2","SLICE_X91Y93","SLICEL","CLEL_R_X59Y93","306","151","","X3Y1",""
"u_dut/u_unified_p4_kernel/input_mem_reg[1][18][11]","input_mem_reg","FDRE","SLICE_X96Y100","SLICEM.HFF","SLICE_X96Y100","SLICEM","CLEM_X63Y100","322","144","","X3Y1",""
"u_dut/u_unified_p4_kernel/input_mem_reg[1][18][12]","input_mem_reg","FDRE","SLICE_X93Y98","SLICEM.HFF","SLICE_X93Y98","SLICEM","CLEM_X61Y98","313","146","","X3Y1",""
"u_dut/u_unified_p4_kernel/input_mem_reg[1][18][13]","input_mem_reg","FDRE","SLICE_X95Y99","SLICEM.HFF2","SLICE_X95Y99","SLICEM","CLEM_X62Y99","318","145","","X3Y1",""
"u_dut/u_unified_p4_kernel/input_mem_reg[1][18][14]","input_mem_reg","FDRE","SLICE_X96Y100","SLICEM.GFF","SLICE_X96Y100","SLICEM","CLEM_X63Y100","322","144","","X3Y1",""
"u_dut/u_unified_p4_kernel/input_mem_reg[1][18][15]","input_mem_reg","FDRE","SLICE_X95Y99","SLICEM.GFF2","SLICE_X95Y99","SLICEM","CLEM_X62Y99","318","145","","X3Y1",""
"u_dut/u_unified_p4_kernel/input_mem_reg[1][18][1]","input_mem_reg","FDRE","SLICE_X91Y95","SLICEL.GFF2","SLICE_X91Y95","SLICEL","CLEL_R_X59Y95","306","149","","X3Y1",""
"u_dut/u_unified_p4_kernel/input_mem_reg[1][18][2]","input_mem_reg","FDRE","SLICE_X90Y93","SLICEM.FFF","SLICE_X90Y93","SLICEM","CLEM_X59Y93","304","151","","X3Y1",""
"u_dut/u_unified_p4_kernel/input_mem_reg[1][18][3]","input_mem_reg","FDRE","SLICE_X91Y95","SLICEL.FFF2","SLICE_X91Y95","SLICEL","CLEL_R_X59Y95","306","149","","X3Y1",""
"u_dut/u_unified_p4_kernel/input_mem_reg[1][18][4]","input_mem_reg","FDRE","SLICE_X91Y95","SLICEL.EFF2","SLICE_X91Y95","SLICEL","CLEL_R_X59Y95","306","149","","X3Y1",""
"u_dut/u_unified_p4_kernel/input_mem_reg[1][18][5]","input_mem_reg","FDRE","SLICE_X97Y96","SLICEL.HFF2","SLICE_X97Y96","SLICEL","CLEL_R_X63Y96","324","148","","X3Y1",""
"u_dut/u_unified_p4_kernel/input_mem_reg[1][18][6]","input_mem_reg","FDRE","SLICE_X96Y100","SLICEM.FFF","SLICE_X96Y100","SLICEM","CLEM_X63Y100","322","144","","X3Y1",""
"u_dut/u_unified_p4_kernel/input_mem_reg[1][18][7]","input_mem_reg","FDRE","SLICE_X90Y93","SLICEM.EFF","SLICE_X90Y93","SLICEM","CLEM_X59Y93","304","151","","X3Y1",""
"u_dut/u_unified_p4_kernel/input_mem_reg[1][18][8]","input_mem_reg","FDRE","SLICE_X93Y98","SLICEM.GFF","SLICE_X93Y98","SLICEM","CLEM_X61Y98","313","146","","X3Y1",""
"u_dut/u_unified_p4_kernel/input_mem_reg[1][18][9]","input_mem_reg","FDRE","SLICE_X96Y97","SLICEM.GFF","SLICE_X96Y97","SLICEM","CLEM_X63Y97","322","147","","X3Y1",""
"u_dut/u_unified_p4_kernel/input_mem_reg[1][19][0]","input_mem_reg","FDRE","SLICE_X97Y93","SLICEL.HFF2","SLICE_X97Y93","SLICEL","CLEL_R_X63Y93","324","151","","X3Y1",""
"u_dut/u_unified_p4_kernel/input_mem_reg[1][19][10]","input_mem_reg","FDRE","SLICE_X95Y94","SLICEM.HFF","SLICE_X95Y94","SLICEM","CLEM_X62Y94","318","150","","X3Y1",""
"u_dut/u_unified_p4_kernel/input_mem_reg[1][19][11]","input_mem_reg","FDRE","SLICE_X96Y93","SLICEM.HFF","SLICE_X96Y93","SLICEM","CLEM_X63Y93","322","151","","X3Y1",""
"u_dut/u_unified_p4_kernel/input_mem_reg[1][19][12]","input_mem_reg","FDRE","SLICE_X93Y96","SLICEM.CFF","SLICE_X93Y96","SLICEM","CLEM_X61Y96","313","148","","X3Y1",""
"u_dut/u_unified_p4_kernel/input_mem_reg[1][19][13]","input_mem_reg","FDRE","SLICE_X97Y96","SLICEL.GFF2","SLICE_X97Y96","SLICEL","CLEL_R_X63Y96","324","148","","X3Y1",""
"u_dut/u_unified_p4_kernel/input_mem_reg[1][19][14]","input_mem_reg","FDRE","SLICE_X98Y94","SLICEM.HFF2","SLICE_X98Y94","SLICEM","CLEM_X64Y94","327","150","","X3Y1",""
"u_dut/u_unified_p4_kernel/input_mem_reg[1][19][15]","input_mem_reg","FDRE","SLICE_X97Y93","SLICEL.GFF2","SLICE_X97Y93","SLICEL","CLEL_R_X63Y93","324","151","","X3Y1",""
"u_dut/u_unified_p4_kernel/input_mem_reg[1][19][1]","input_mem_reg","FDRE","SLICE_X89Y98","SLICEM.EFF","SLICE_X89Y98","SLICEM","CLEM_X58Y98","300","146","","X2Y1",""
"u_dut/u_unified_p4_kernel/input_mem_reg[1][19][2]","input_mem_reg","FDRE","SLICE_X98Y94","SLICEM.GFF2","SLICE_X98Y94","SLICEM","CLEM_X64Y94","327","150","","X3Y1",""
"u_dut/u_unified_p4_kernel/input_mem_reg[1][19][3]","input_mem_reg","FDRE","SLICE_X94Y100","SLICEL.HFF","SLICE_X94Y100","SLICEL","CLEL_R_X61Y100","315","144","","X3Y1",""
"u_dut/u_unified_p4_kernel/input_mem_reg[1][19][4]","input_mem_reg","FDRE","SLICE_X89Y99","SLICEM.FFF","SLICE_X89Y99","SLICEM","CLEM_X58Y99","300","145","","X2Y1",""
"u_dut/u_unified_p4_kernel/input_mem_reg[1][19][5]","input_mem_reg","FDRE","SLICE_X93Y96","SLICEM.BFF","SLICE_X93Y96","SLICEM","CLEM_X61Y96","313","148","","X3Y1",""
"u_dut/u_unified_p4_kernel/input_mem_reg[1][19][6]","input_mem_reg","FDRE","SLICE_X89Y99","SLICEM.EFF","SLICE_X89Y99","SLICEM","CLEM_X58Y99","300","145","","X2Y1",""
"u_dut/u_unified_p4_kernel/input_mem_reg[1][19][7]","input_mem_reg","FDRE","SLICE_X97Y93","SLICEL.FFF2","SLICE_X97Y93","SLICEL","CLEL_R_X63Y93","324","151","","X3Y1",""
"u_dut/u_unified_p4_kernel/input_mem_reg[1][19][8]","input_mem_reg","FDRE","SLICE_X98Y94","SLICEM.FFF2","SLICE_X98Y94","SLICEM","CLEM_X64Y94","327","150","","X3Y1",""
"u_dut/u_unified_p4_kernel/input_mem_reg[1][19][9]","input_mem_reg","FDRE","SLICE_X98Y94","SLICEM.EFF2","SLICE_X98Y94","SLICEM","CLEM_X64Y94","327","150","","X3Y1",""
"u_dut/u_unified_p4_kernel/input_mem_reg[1][1][0]","input_mem_reg","FDRE","SLICE_X87Y77","SLICEL.AFF2","SLICE_X87Y77","SLICEL","CLEL_R_X56Y77","293","168","","X2Y1",""
"u_dut/u_unified_p4_kernel/input_mem_reg[1][1][10]","input_mem_reg","FDRE","SLICE_X92Y91","SLICEM.HFF2","SLICE_X92Y91","SLICEM","CLEM_X60Y91","309","153","","X3Y1",""
"u_dut/u_unified_p4_kernel/input_mem_reg[1][1][11]","input_mem_reg","FDRE","SLICE_X85Y77","SLICEL.HFF","SLICE_X85Y77","SLICEL","CLEL_R_X55Y77","288","168","","X2Y1",""
"u_dut/u_unified_p4_kernel/input_mem_reg[1][1][12]","input_mem_reg","FDRE","SLICE_X95Y89","SLICEM.DFF","SLICE_X95Y89","SLICEM","CLEM_X62Y89","318","156","","X3Y1",""
"u_dut/u_unified_p4_kernel/input_mem_reg[1][1][13]","input_mem_reg","FDRE","SLICE_X90Y94","SLICEM.HFF","SLICE_X90Y94","SLICEM","CLEM_X59Y94","304","150","","X3Y1",""
"u_dut/u_unified_p4_kernel/input_mem_reg[1][1][14]","input_mem_reg","FDRE","SLICE_X86Y79","SLICEM.HFF","SLICE_X86Y79","SLICEM","CLEM_X56Y79","291","166","","X2Y1",""
"u_dut/u_unified_p4_kernel/input_mem_reg[1][1][15]","input_mem_reg","FDRE","SLICE_X86Y86","SLICEM.HFF","SLICE_X86Y86","SLICEM","CLEM_X56Y86","291","159","","X2Y1",""
"u_dut/u_unified_p4_kernel/input_mem_reg[1][1][1]","input_mem_reg","FDRE","SLICE_X86Y86","SLICEM.GFF","SLICE_X86Y86","SLICEM","CLEM_X56Y86","291","159","","X2Y1",""
"u_dut/u_unified_p4_kernel/input_mem_reg[1][1][2]","input_mem_reg","FDRE","SLICE_X85Y77","SLICEL.GFF","SLICE_X85Y77","SLICEL","CLEL_R_X55Y77","288","168","","X2Y1",""
"u_dut/u_unified_p4_kernel/input_mem_reg[1][1][3]","input_mem_reg","FDRE","SLICE_X85Y77","SLICEL.FFF","SLICE_X85Y77","SLICEL","CLEL_R_X55Y77","288","168","","X2Y1",""
"u_dut/u_unified_p4_kernel/input_mem_reg[1][1][4]","input_mem_reg","FDRE","SLICE_X95Y89","SLICEM.CFF","SLICE_X95Y89","SLICEM","CLEM_X62Y89","318","156","","X3Y1",""
"u_dut/u_unified_p4_kernel/input_mem_reg[1][1][5]","input_mem_reg","FDRE","SLICE_X87Y78","SLICEL.HFF","SLICE_X87Y78","SLICEL","CLEL_R_X56Y78","293","167","","X2Y1",""
"u_dut/u_unified_p4_kernel/input_mem_reg[1][1][6]","input_mem_reg","FDRE","SLICE_X87Y78","SLICEL.GFF","SLICE_X87Y78","SLICEL","CLEL_R_X56Y78","293","167","","X2Y1",""
"u_dut/u_unified_p4_kernel/input_mem_reg[1][1][7]","input_mem_reg","FDRE","SLICE_X86Y78","SLICEM.AFF","SLICE_X86Y78","SLICEM","CLEM_X56Y78","291","167","","X2Y1",""
"u_dut/u_unified_p4_kernel/input_mem_reg[1][1][8]","input_mem_reg","FDRE","SLICE_X86Y78","SLICEM.AFF2","SLICE_X86Y78","SLICEM","CLEM_X56Y78","291","167","","X2Y1",""
"u_dut/u_unified_p4_kernel/input_mem_reg[1][1][9]","input_mem_reg","FDRE","SLICE_X86Y79","SLICEM.GFF","SLICE_X86Y79","SLICEM","CLEM_X56Y79","291","166","","X2Y1",""
"u_dut/u_unified_p4_kernel/input_mem_reg[1][20][0]","input_mem_reg","FDRE","SLICE_X94Y98","SLICEL.HFF2","SLICE_X94Y98","SLICEL","CLEL_R_X61Y98","315","146","","X3Y1",""
"u_dut/u_unified_p4_kernel/input_mem_reg[1][20][10]","input_mem_reg","FDRE","SLICE_X94Y95","SLICEL.HFF2","SLICE_X94Y95","SLICEL","CLEL_R_X61Y95","315","149","","X3Y1",""
"u_dut/u_unified_p4_kernel/input_mem_reg[1][20][11]","input_mem_reg","FDRE","SLICE_X90Y84","SLICEM.HFF","SLICE_X90Y84","SLICEM","CLEM_X59Y84","304","161","","X3Y1",""
"u_dut/u_unified_p4_kernel/input_mem_reg[1][20][12]","input_mem_reg","FDRE","SLICE_X93Y81","SLICEM.HFF2","SLICE_X93Y81","SLICEM","CLEM_X61Y81","313","164","","X3Y1",""
"u_dut/u_unified_p4_kernel/input_mem_reg[1][20][13]","input_mem_reg","FDRE","SLICE_X96Y91","SLICEM.HFF","SLICE_X96Y91","SLICEM","CLEM_X63Y91","322","153","","X3Y1",""
"u_dut/u_unified_p4_kernel/input_mem_reg[1][20][14]","input_mem_reg","FDRE","SLICE_X87Y98","SLICEL.HFF","SLICE_X87Y98","SLICEL","CLEL_R_X56Y98","293","146","","X2Y1",""
"u_dut/u_unified_p4_kernel/input_mem_reg[1][20][15]","input_mem_reg","FDRE","SLICE_X90Y84","SLICEM.GFF","SLICE_X90Y84","SLICEM","CLEM_X59Y84","304","161","","X3Y1",""
"u_dut/u_unified_p4_kernel/input_mem_reg[1][20][1]","input_mem_reg","FDRE","SLICE_X96Y91","SLICEM.GFF","SLICE_X96Y91","SLICEM","CLEM_X63Y91","322","153","","X3Y1",""
"u_dut/u_unified_p4_kernel/input_mem_reg[1][20][2]","input_mem_reg","FDRE","SLICE_X87Y98","SLICEL.GFF","SLICE_X87Y98","SLICEL","CLEL_R_X56Y98","293","146","","X2Y1",""
"u_dut/u_unified_p4_kernel/input_mem_reg[1][20][3]","input_mem_reg","FDRE","SLICE_X93Y81","SLICEM.GFF2","SLICE_X93Y81","SLICEM","CLEM_X61Y81","313","164","","X3Y1",""
"u_dut/u_unified_p4_kernel/input_mem_reg[1][20][4]","input_mem_reg","FDRE","SLICE_X94Y98","SLICEL.GFF2","SLICE_X94Y98","SLICEL","CLEL_R_X61Y98","315","146","","X3Y1",""
"u_dut/u_unified_p4_kernel/input_mem_reg[1][20][5]","input_mem_reg","FDRE","SLICE_X90Y84","SLICEM.FFF","SLICE_X90Y84","SLICEM","CLEM_X59Y84","304","161","","X3Y1",""
"u_dut/u_unified_p4_kernel/input_mem_reg[1][20][6]","input_mem_reg","FDRE","SLICE_X89Y96","SLICEM.HFF2","SLICE_X89Y96","SLICEM","CLEM_X58Y96","300","148","","X2Y1",""
"u_dut/u_unified_p4_kernel/input_mem_reg[1][20][7]","input_mem_reg","FDRE","SLICE_X88Y86","SLICEL.DFF","SLICE_X88Y86","SLICEL","CLEL_R_X57Y86","297","159","","X2Y1",""
"u_dut/u_unified_p4_kernel/input_mem_reg[1][20][8]","input_mem_reg","FDRE","SLICE_X88Y97","SLICEL.HFF","SLICE_X88Y97","SLICEL","CLEL_R_X57Y97","297","147","","X2Y1",""
"u_dut/u_unified_p4_kernel/input_mem_reg[1][20][9]","input_mem_reg","FDRE","SLICE_X88Y97","SLICEL.GFF","SLICE_X88Y97","SLICEL","CLEL_R_X57Y97","297","147","","X2Y1",""
"u_dut/u_unified_p4_kernel/input_mem_reg[1][21][0]","input_mem_reg","FDRE","SLICE_X96Y82","SLICEM.HFF","SLICE_X96Y82","SLICEM","CLEM_X63Y82","322","163","","X3Y1",""
"u_dut/u_unified_p4_kernel/input_mem_reg[1][21][10]","input_mem_reg","FDRE","SLICE_X89Y86","SLICEM.HFF2","SLICE_X89Y86","SLICEM","CLEM_X58Y86","300","159","","X2Y1",""
"u_dut/u_unified_p4_kernel/input_mem_reg[1][21][11]","input_mem_reg","FDRE","SLICE_X89Y86","SLICEM.GFF2","SLICE_X89Y86","SLICEM","CLEM_X58Y86","300","159","","X2Y1",""
"u_dut/u_unified_p4_kernel/input_mem_reg[1][21][12]","input_mem_reg","FDRE","SLICE_X95Y84","SLICEM.DFF","SLICE_X95Y84","SLICEM","CLEM_X62Y84","318","161","","X3Y1",""
"u_dut/u_unified_p4_kernel/input_mem_reg[1][21][13]","input_mem_reg","FDRE","SLICE_X95Y98","SLICEM.HFF2","SLICE_X95Y98","SLICEM","CLEM_X62Y98","318","146","","X3Y1",""
"u_dut/u_unified_p4_kernel/input_mem_reg[1][21][14]","input_mem_reg","FDRE","SLICE_X88Y95","SLICEL.DFF","SLICE_X88Y95","SLICEL","CLEL_R_X57Y95","297","149","","X2Y1",""
"u_dut/u_unified_p4_kernel/input_mem_reg[1][21][15]","input_mem_reg","FDRE","SLICE_X95Y98","SLICEM.GFF2","SLICE_X95Y98","SLICEM","CLEM_X62Y98","318","146","","X3Y1",""
"u_dut/u_unified_p4_kernel/input_mem_reg[1][21][1]","input_mem_reg","FDRE","SLICE_X96Y82","SLICEM.GFF","SLICE_X96Y82","SLICEM","CLEM_X63Y82","322","163","","X3Y1",""
"u_dut/u_unified_p4_kernel/input_mem_reg[1][21][2]","input_mem_reg","FDRE","SLICE_X90Y92","SLICEM.HFF2","SLICE_X90Y92","SLICEM","CLEM_X59Y92","304","152","","X3Y1",""
"u_dut/u_unified_p4_kernel/input_mem_reg[1][21][3]","input_mem_reg","FDRE","SLICE_X96Y82","SLICEM.FFF","SLICE_X96Y82","SLICEM","CLEM_X63Y82","322","163","","X3Y1",""
"u_dut/u_unified_p4_kernel/input_mem_reg[1][21][4]","input_mem_reg","FDRE","SLICE_X93Y81","SLICEM.FFF2","SLICE_X93Y81","SLICEM","CLEM_X61Y81","313","164","","X3Y1",""
"u_dut/u_unified_p4_kernel/input_mem_reg[1][21][5]","input_mem_reg","FDRE","SLICE_X88Y95","SLICEL.CFF","SLICE_X88Y95","SLICEL","CLEL_R_X57Y95","297","149","","X2Y1",""
"u_dut/u_unified_p4_kernel/input_mem_reg[1][21][6]","input_mem_reg","FDRE","SLICE_X93Y81","SLICEM.EFF2","SLICE_X93Y81","SLICEM","CLEM_X61Y81","313","164","","X3Y1",""
"u_dut/u_unified_p4_kernel/input_mem_reg[1][21][7]","input_mem_reg","FDRE","SLICE_X90Y92","SLICEM.GFF2","SLICE_X90Y92","SLICEM","CLEM_X59Y92","304","152","","X3Y1",""
"u_dut/u_unified_p4_kernel/input_mem_reg[1][21][8]","input_mem_reg","FDRE","SLICE_X91Y89","SLICEL.DFF2","SLICE_X91Y89","SLICEL","CLEL_R_X59Y89","306","156","","X3Y1",""
"u_dut/u_unified_p4_kernel/input_mem_reg[1][21][9]","input_mem_reg","FDRE","SLICE_X89Y84","SLICEM.HFF","SLICE_X89Y84","SLICEM","CLEM_X58Y84","300","161","","X2Y1",""
"u_dut/u_unified_p4_kernel/input_mem_reg[1][22][0]","input_mem_reg","FDRE","SLICE_X90Y83","SLICEM.HFF2","SLICE_X90Y83","SLICEM","CLEM_X59Y83","304","162","","X3Y1",""
"u_dut/u_unified_p4_kernel/input_mem_reg[1][22][10]","input_mem_reg","FDRE","SLICE_X90Y83","SLICEM.GFF2","SLICE_X90Y83","SLICEM","CLEM_X59Y83","304","162","","X3Y1",""
"u_dut/u_unified_p4_kernel/input_mem_reg[1][22][11]","input_mem_reg","FDRE","SLICE_X97Y94","SLICEL.HFF","SLICE_X97Y94","SLICEL","CLEL_R_X63Y94","324","150","","X3Y1",""
"u_dut/u_unified_p4_kernel/input_mem_reg[1][22][12]","input_mem_reg","FDRE","SLICE_X87Y95","SLICEL.EFF","SLICE_X87Y95","SLICEL","CLEL_R_X56Y95","293","149","","X2Y1",""
"u_dut/u_unified_p4_kernel/input_mem_reg[1][22][13]","input_mem_reg","FDRE","SLICE_X90Y83","SLICEM.FFF2","SLICE_X90Y83","SLICEM","CLEM_X59Y83","304","162","","X3Y1",""
"u_dut/u_unified_p4_kernel/input_mem_reg[1][22][14]","input_mem_reg","FDRE","SLICE_X96Y98","SLICEM.HFF2","SLICE_X96Y98","SLICEM","CLEM_X63Y98","322","146","","X3Y1",""
"u_dut/u_unified_p4_kernel/input_mem_reg[1][22][15]","input_mem_reg","FDRE","SLICE_X89Y96","SLICEM.GFF2","SLICE_X89Y96","SLICEM","CLEM_X58Y96","300","148","","X2Y1",""
"u_dut/u_unified_p4_kernel/input_mem_reg[1][22][1]","input_mem_reg","FDRE","SLICE_X96Y87","SLICEM.EFF","SLICE_X96Y87","SLICEM","CLEM_X63Y87","322","158","","X3Y1",""
"u_dut/u_unified_p4_kernel/input_mem_reg[1][22][2]","input_mem_reg","FDRE","SLICE_X96Y87","SLICEM.EFF2","SLICE_X96Y87","SLICEM","CLEM_X63Y87","322","158","","X3Y1",""
"u_dut/u_unified_p4_kernel/input_mem_reg[1][22][3]","input_mem_reg","FDRE","SLICE_X95Y86","SLICEM.HFF","SLICE_X95Y86","SLICEM","CLEM_X62Y86","318","159","","X3Y1",""
"u_dut/u_unified_p4_kernel/input_mem_reg[1][22][4]","input_mem_reg","FDRE","SLICE_X97Y91","SLICEL.HFF2","SLICE_X97Y91","SLICEL","CLEL_R_X63Y91","324","153","","X3Y1",""
"u_dut/u_unified_p4_kernel/input_mem_reg[1][22][5]","input_mem_reg","FDRE","SLICE_X87Y98","SLICEL.FFF","SLICE_X87Y98","SLICEL","CLEL_R_X56Y98","293","146","","X2Y1",""
"u_dut/u_unified_p4_kernel/input_mem_reg[1][22][6]","input_mem_reg","FDRE","SLICE_X90Y83","SLICEM.EFF2","SLICE_X90Y83","SLICEM","CLEM_X59Y83","304","162","","X3Y1",""
"u_dut/u_unified_p4_kernel/input_mem_reg[1][22][7]","input_mem_reg","FDRE","SLICE_X97Y94","SLICEL.GFF","SLICE_X97Y94","SLICEL","CLEL_R_X63Y94","324","150","","X3Y1",""
"u_dut/u_unified_p4_kernel/input_mem_reg[1][22][8]","input_mem_reg","FDRE","SLICE_X87Y93","SLICEL.HFF","SLICE_X87Y93","SLICEL","CLEL_R_X56Y93","293","151","","X2Y1",""
"u_dut/u_unified_p4_kernel/input_mem_reg[1][22][9]","input_mem_reg","FDRE","SLICE_X89Y88","SLICEM.HFF","SLICE_X89Y88","SLICEM","CLEM_X58Y88","300","157","","X2Y1",""
"u_dut/u_unified_p4_kernel/input_mem_reg[1][23][0]","input_mem_reg","FDRE","SLICE_X96Y90","SLICEM.HFF","SLICE_X96Y90","SLICEM","CLEM_X63Y90","322","154","","X3Y1",""
"u_dut/u_unified_p4_kernel/input_mem_reg[1][23][10]","input_mem_reg","FDRE","SLICE_X96Y90","SLICEM.GFF","SLICE_X96Y90","SLICEM","CLEM_X63Y90","322","154","","X3Y1",""
"u_dut/u_unified_p4_kernel/input_mem_reg[1][23][11]","input_mem_reg","FDRE","SLICE_X87Y98","SLICEL.EFF","SLICE_X87Y98","SLICEL","CLEL_R_X56Y98","293","146","","X2Y1",""
"u_dut/u_unified_p4_kernel/input_mem_reg[1][23][12]","input_mem_reg","FDRE","SLICE_X97Y94","SLICEL.FFF","SLICE_X97Y94","SLICEL","CLEL_R_X63Y94","324","150","","X3Y1",""
"u_dut/u_unified_p4_kernel/input_mem_reg[1][23][13]","input_mem_reg","FDRE","SLICE_X96Y90","SLICEM.FFF","SLICE_X96Y90","SLICEM","CLEM_X63Y90","322","154","","X3Y1",""
"u_dut/u_unified_p4_kernel/input_mem_reg[1][23][14]","input_mem_reg","FDRE","SLICE_X94Y95","SLICEL.GFF2","SLICE_X94Y95","SLICEL","CLEL_R_X61Y95","315","149","","X3Y1",""
"u_dut/u_unified_p4_kernel/input_mem_reg[1][23][15]","input_mem_reg","FDRE","SLICE_X95Y98","SLICEM.FFF2","SLICE_X95Y98","SLICEM","CLEM_X62Y98","318","146","","X3Y1",""
"u_dut/u_unified_p4_kernel/input_mem_reg[1][23][1]","input_mem_reg","FDRE","SLICE_X95Y89","SLICEM.DFF2","SLICE_X95Y89","SLICEM","CLEM_X62Y89","318","156","","X3Y1",""
"u_dut/u_unified_p4_kernel/input_mem_reg[1][23][2]","input_mem_reg","FDRE","SLICE_X96Y90","SLICEM.EFF","SLICE_X96Y90","SLICEM","CLEM_X63Y90","322","154","","X3Y1",""
"u_dut/u_unified_p4_kernel/input_mem_reg[1][23][3]","input_mem_reg","FDRE","SLICE_X94Y95","SLICEL.FFF2","SLICE_X94Y95","SLICEL","CLEL_R_X61Y95","315","149","","X3Y1",""
"u_dut/u_unified_p4_kernel/input_mem_reg[1][23][4]","input_mem_reg","FDRE","SLICE_X96Y90","SLICEM.DFF","SLICE_X96Y90","SLICEM","CLEM_X63Y90","322","154","","X3Y1",""
"u_dut/u_unified_p4_kernel/input_mem_reg[1][23][5]","input_mem_reg","FDRE","SLICE_X87Y96","SLICEL.AFF","SLICE_X87Y96","SLICEL","CLEL_R_X56Y96","293","148","","X2Y1",""
"u_dut/u_unified_p4_kernel/input_mem_reg[1][23][6]","input_mem_reg","FDRE","SLICE_X97Y95","SLICEL.HFF2","SLICE_X97Y95","SLICEL","CLEL_R_X63Y95","324","149","","X3Y1",""
"u_dut/u_unified_p4_kernel/input_mem_reg[1][23][7]","input_mem_reg","FDRE","SLICE_X97Y95","SLICEL.GFF2","SLICE_X97Y95","SLICEL","CLEL_R_X63Y95","324","149","","X3Y1",""
"u_dut/u_unified_p4_kernel/input_mem_reg[1][23][8]","input_mem_reg","FDRE","SLICE_X97Y94","SLICEL.EFF","SLICE_X97Y94","SLICEL","CLEL_R_X63Y94","324","150","","X3Y1",""
"u_dut/u_unified_p4_kernel/input_mem_reg[1][23][9]","input_mem_reg","FDRE","SLICE_X95Y98","SLICEM.EFF2","SLICE_X95Y98","SLICEM","CLEM_X62Y98","318","146","","X3Y1",""
"u_dut/u_unified_p4_kernel/input_mem_reg[1][24][0]","input_mem_reg","FDRE","SLICE_X88Y108","SLICEL.HFF2","SLICE_X88Y108","SLICEL","CLEL_R_X57Y108","297","136","","X2Y1",""
"u_dut/u_unified_p4_kernel/input_mem_reg[1][24][10]","input_mem_reg","FDRE","SLICE_X90Y105","SLICEM.HFF","SLICE_X90Y105","SLICEM","CLEM_X59Y105","304","139","","X3Y1",""
"u_dut/u_unified_p4_kernel/input_mem_reg[1][24][11]","input_mem_reg","FDRE","SLICE_X88Y108","SLICEL.GFF2","SLICE_X88Y108","SLICEL","CLEL_R_X57Y108","297","136","","X2Y1",""
"u_dut/u_unified_p4_kernel/input_mem_reg[1][24][12]","input_mem_reg","FDRE","SLICE_X90Y106","SLICEM.HFF2","SLICE_X90Y106","SLICEM","CLEM_X59Y106","304","138","","X3Y1",""
"u_dut/u_unified_p4_kernel/input_mem_reg[1][24][13]","input_mem_reg","FDRE","SLICE_X91Y110","SLICEL.HFF2","SLICE_X91Y110","SLICEL","CLEL_R_X59Y110","306","134","","X3Y1",""
"u_dut/u_unified_p4_kernel/input_mem_reg[1][24][14]","input_mem_reg","FDRE","SLICE_X91Y105","SLICEL.HFF2","SLICE_X91Y105","SLICEL","CLEL_R_X59Y105","306","139","","X3Y1",""
"u_dut/u_unified_p4_kernel/input_mem_reg[1][24][15]","input_mem_reg","FDRE","SLICE_X89Y107","SLICEM.DFF2","SLICE_X89Y107","SLICEM","CLEM_X58Y107","300","137","","X2Y1",""
"u_dut/u_unified_p4_kernel/input_mem_reg[1][24][1]","input_mem_reg","FDRE","SLICE_X91Y108","SLICEL.DFF2","SLICE_X91Y108","SLICEL","CLEL_R_X59Y108","306","136","","X3Y1",""
"u_dut/u_unified_p4_kernel/input_mem_reg[1][24][2]","input_mem_reg","FDRE","SLICE_X91Y110","SLICEL.GFF2","SLICE_X91Y110","SLICEL","CLEL_R_X59Y110","306","134","","X3Y1",""
"u_dut/u_unified_p4_kernel/input_mem_reg[1][24][3]","input_mem_reg","FDRE","SLICE_X91Y107","SLICEL.HFF2","SLICE_X91Y107","SLICEL","CLEL_R_X59Y107","306","137","","X3Y1",""
"u_dut/u_unified_p4_kernel/input_mem_reg[1][24][4]","input_mem_reg","FDRE","SLICE_X89Y107","SLICEM.CFF2","SLICE_X89Y107","SLICEM","CLEM_X58Y107","300","137","","X2Y1",""
"u_dut/u_unified_p4_kernel/input_mem_reg[1][24][5]","input_mem_reg","FDRE","SLICE_X91Y105","SLICEL.GFF2","SLICE_X91Y105","SLICEL","CLEL_R_X59Y105","306","139","","X3Y1",""
"u_dut/u_unified_p4_kernel/input_mem_reg[1][24][6]","input_mem_reg","FDRE","SLICE_X88Y110","SLICEL.DFF","SLICE_X88Y110","SLICEL","CLEL_R_X57Y110","297","134","","X2Y1",""
"u_dut/u_unified_p4_kernel/input_mem_reg[1][24][7]","input_mem_reg","FDRE","SLICE_X88Y111","SLICEL.DFF","SLICE_X88Y111","SLICEL","CLEL_R_X57Y111","297","133","","X2Y1",""
"u_dut/u_unified_p4_kernel/input_mem_reg[1][24][8]","input_mem_reg","FDRE","SLICE_X89Y109","SLICEM.HFF","SLICE_X89Y109","SLICEM","CLEM_X58Y109","300","135","","X2Y1",""
"u_dut/u_unified_p4_kernel/input_mem_reg[1][24][9]","input_mem_reg","FDRE","SLICE_X88Y111","SLICEL.CFF","SLICE_X88Y111","SLICEL","CLEL_R_X57Y111","297","133","","X2Y1",""
"u_dut/u_unified_p4_kernel/input_mem_reg[1][25][0]","input_mem_reg","FDRE","SLICE_X97Y105","SLICEL.AFF","SLICE_X97Y105","SLICEL","CLEL_R_X63Y105","324","139","","X3Y1",""
"u_dut/u_unified_p4_kernel/input_mem_reg[1][25][10]","input_mem_reg","FDRE","SLICE_X97Y103","SLICEL.HFF","SLICE_X97Y103","SLICEL","CLEL_R_X63Y103","324","141","","X3Y1",""
"u_dut/u_unified_p4_kernel/input_mem_reg[1][25][11]","input_mem_reg","FDRE","SLICE_X96Y106","SLICEM.HFF2","SLICE_X96Y106","SLICEM","CLEM_X63Y106","322","138","","X3Y1",""
"u_dut/u_unified_p4_kernel/input_mem_reg[1][25][12]","input_mem_reg","FDRE","SLICE_X98Y104","SLICEM.HFF","SLICE_X98Y104","SLICEM","CLEM_X64Y104","327","140","","X3Y1",""
"u_dut/u_unified_p4_kernel/input_mem_reg[1][25][13]","input_mem_reg","FDRE","SLICE_X98Y105","SLICEM.HFF","SLICE_X98Y105","SLICEM","CLEM_X64Y105","327","139","","X3Y1",""
"u_dut/u_unified_p4_kernel/input_mem_reg[1][25][14]","input_mem_reg","FDRE","SLICE_X96Y107","SLICEM.DFF","SLICE_X96Y107","SLICEM","CLEM_X63Y107","322","137","","X3Y1",""
"u_dut/u_unified_p4_kernel/input_mem_reg[1][25][15]","input_mem_reg","FDRE","SLICE_X96Y106","SLICEM.GFF2","SLICE_X96Y106","SLICEM","CLEM_X63Y106","322","138","","X3Y1",""
"u_dut/u_unified_p4_kernel/input_mem_reg[1][25][1]","input_mem_reg","FDRE","SLICE_X98Y105","SLICEM.GFF","SLICE_X98Y105","SLICEM","CLEM_X64Y105","327","139","","X3Y1",""
"u_dut/u_unified_p4_kernel/input_mem_reg[1][25][2]","input_mem_reg","FDRE","SLICE_X97Y104","SLICEL.HFF2","SLICE_X97Y104","SLICEL","CLEL_R_X63Y104","324","140","","X3Y1",""
"u_dut/u_unified_p4_kernel/input_mem_reg[1][25][3]","input_mem_reg","FDRE","SLICE_X97Y103","SLICEL.GFF","SLICE_X97Y103","SLICEL","CLEL_R_X63Y103","324","141","","X3Y1",""
"u_dut/u_unified_p4_kernel/input_mem_reg[1][25][4]","input_mem_reg","FDRE","SLICE_X98Y104","SLICEM.GFF","SLICE_X98Y104","SLICEM","CLEM_X64Y104","327","140","","X3Y1",""
"u_dut/u_unified_p4_kernel/input_mem_reg[1][25][5]","input_mem_reg","FDRE","SLICE_X97Y102","SLICEL.HFF2","SLICE_X97Y102","SLICEL","CLEL_R_X63Y102","324","142","","X3Y1",""
"u_dut/u_unified_p4_kernel/input_mem_reg[1][25][6]","input_mem_reg","FDRE","SLICE_X97Y102","SLICEL.GFF2","SLICE_X97Y102","SLICEL","CLEL_R_X63Y102","324","142","","X3Y1",""
"u_dut/u_unified_p4_kernel/input_mem_reg[1][25][7]","input_mem_reg","FDRE","SLICE_X97Y104","SLICEL.GFF2","SLICE_X97Y104","SLICEL","CLEL_R_X63Y104","324","140","","X3Y1",""
"u_dut/u_unified_p4_kernel/input_mem_reg[1][25][8]","input_mem_reg","FDRE","SLICE_X96Y106","SLICEM.FFF2","SLICE_X96Y106","SLICEM","CLEM_X63Y106","322","138","","X3Y1",""
"u_dut/u_unified_p4_kernel/input_mem_reg[1][25][9]","input_mem_reg","FDRE","SLICE_X96Y107","SLICEM.CFF","SLICE_X96Y107","SLICEM","CLEM_X63Y107","322","137","","X3Y1",""
"u_dut/u_unified_p4_kernel/input_mem_reg[1][26][0]","input_mem_reg","FDRE","SLICE_X96Y105","SLICEM.HFF2","SLICE_X96Y105","SLICEM","CLEM_X63Y105","322","139","","X3Y1",""
"u_dut/u_unified_p4_kernel/input_mem_reg[1][26][10]","input_mem_reg","FDRE","SLICE_X93Y106","SLICEM.HFF2","SLICE_X93Y106","SLICEM","CLEM_X61Y106","313","138","","X3Y1",""
"u_dut/u_unified_p4_kernel/input_mem_reg[1][26][11]","input_mem_reg","FDRE","SLICE_X93Y106","SLICEM.GFF2","SLICE_X93Y106","SLICEM","CLEM_X61Y106","313","138","","X3Y1",""
"u_dut/u_unified_p4_kernel/input_mem_reg[1][26][12]","input_mem_reg","FDRE","SLICE_X93Y108","SLICEM.HFF","SLICE_X93Y108","SLICEM","CLEM_X61Y108","313","136","","X3Y1",""
"u_dut/u_unified_p4_kernel/input_mem_reg[1][26][13]","input_mem_reg","FDRE","SLICE_X96Y105","SLICEM.GFF2","SLICE_X96Y105","SLICEM","CLEM_X63Y105","322","139","","X3Y1",""
"u_dut/u_unified_p4_kernel/input_mem_reg[1][26][14]","input_mem_reg","FDRE","SLICE_X93Y106","SLICEM.FFF2","SLICE_X93Y106","SLICEM","CLEM_X61Y106","313","138","","X3Y1",""
"u_dut/u_unified_p4_kernel/input_mem_reg[1][26][15]","input_mem_reg","FDRE","SLICE_X93Y108","SLICEM.GFF","SLICE_X93Y108","SLICEM","CLEM_X61Y108","313","136","","X3Y1",""
"u_dut/u_unified_p4_kernel/input_mem_reg[1][26][1]","input_mem_reg","FDRE","SLICE_X94Y104","SLICEL.HFF2","SLICE_X94Y104","SLICEL","CLEL_R_X61Y104","315","140","","X3Y1",""
"u_dut/u_unified_p4_kernel/input_mem_reg[1][26][2]","input_mem_reg","FDRE","SLICE_X96Y105","SLICEM.FFF2","SLICE_X96Y105","SLICEM","CLEM_X63Y105","322","139","","X3Y1",""
"u_dut/u_unified_p4_kernel/input_mem_reg[1][26][3]","input_mem_reg","FDRE","SLICE_X93Y106","SLICEM.EFF2","SLICE_X93Y106","SLICEM","CLEM_X61Y106","313","138","","X3Y1",""
"u_dut/u_unified_p4_kernel/input_mem_reg[1][26][4]","input_mem_reg","FDRE","SLICE_X95Y103","SLICEM.HFF","SLICE_X95Y103","SLICEM","CLEM_X62Y103","318","141","","X3Y1",""
"u_dut/u_unified_p4_kernel/input_mem_reg[1][26][5]","input_mem_reg","FDRE","SLICE_X95Y103","SLICEM.GFF","SLICE_X95Y103","SLICEM","CLEM_X62Y103","318","141","","X3Y1",""
"u_dut/u_unified_p4_kernel/input_mem_reg[1][26][6]","input_mem_reg","FDRE","SLICE_X95Y103","SLICEM.FFF","SLICE_X95Y103","SLICEM","CLEM_X62Y103","318","141","","X3Y1",""
"u_dut/u_unified_p4_kernel/input_mem_reg[1][26][7]","input_mem_reg","FDRE","SLICE_X95Y103","SLICEM.EFF","SLICE_X95Y103","SLICEM","CLEM_X62Y103","318","141","","X3Y1",""
"u_dut/u_unified_p4_kernel/input_mem_reg[1][26][8]","input_mem_reg","FDRE","SLICE_X93Y108","SLICEM.FFF","SLICE_X93Y108","SLICEM","CLEM_X61Y108","313","136","","X3Y1",""
"u_dut/u_unified_p4_kernel/input_mem_reg[1][26][9]","input_mem_reg","FDRE","SLICE_X93Y105","SLICEM.HFF","SLICE_X93Y105","SLICEM","CLEM_X61Y105","313","139","","X3Y1",""
"u_dut/u_unified_p4_kernel/input_mem_reg[1][27][0]","input_mem_reg","FDRE","SLICE_X94Y102","SLICEL.HFF2","SLICE_X94Y102","SLICEL","CLEL_R_X61Y102","315","142","","X3Y1",""
"u_dut/u_unified_p4_kernel/input_mem_reg[1][27][10]","input_mem_reg","FDRE","SLICE_X94Y104","SLICEL.GFF2","SLICE_X94Y104","SLICEL","CLEL_R_X61Y104","315","140","","X3Y1",""
"u_dut/u_unified_p4_kernel/input_mem_reg[1][27][11]","input_mem_reg","FDRE","SLICE_X98Y106","SLICEM.HFF2","SLICE_X98Y106","SLICEM","CLEM_X64Y106","327","138","","X3Y1",""
"u_dut/u_unified_p4_kernel/input_mem_reg[1][27][12]","input_mem_reg","FDRE","SLICE_X97Y105","SLICEL.AFF2","SLICE_X97Y105","SLICEL","CLEL_R_X63Y105","324","139","","X3Y1",""
"u_dut/u_unified_p4_kernel/input_mem_reg[1][27][13]","input_mem_reg","FDRE","SLICE_X94Y109","SLICEL.HFF","SLICE_X94Y109","SLICEL","CLEL_R_X61Y109","315","135","","X3Y1",""
"u_dut/u_unified_p4_kernel/input_mem_reg[1][27][14]","input_mem_reg","FDRE","SLICE_X96Y108","SLICEM.HFF2","SLICE_X96Y108","SLICEM","CLEM_X63Y108","322","136","","X3Y1",""
"u_dut/u_unified_p4_kernel/input_mem_reg[1][27][15]","input_mem_reg","FDRE","SLICE_X93Y105","SLICEM.GFF","SLICE_X93Y105","SLICEM","CLEM_X61Y105","313","139","","X3Y1",""
"u_dut/u_unified_p4_kernel/input_mem_reg[1][27][1]","input_mem_reg","FDRE","SLICE_X98Y108","SLICEM.HFF2","SLICE_X98Y108","SLICEM","CLEM_X64Y108","327","136","","X3Y1",""
"u_dut/u_unified_p4_kernel/input_mem_reg[1][27][2]","input_mem_reg","FDRE","SLICE_X95Y101","SLICEM.EFF","SLICE_X95Y101","SLICEM","CLEM_X62Y101","318","143","","X3Y1",""
"u_dut/u_unified_p4_kernel/input_mem_reg[1][27][3]","input_mem_reg","FDRE","SLICE_X98Y108","SLICEM.GFF2","SLICE_X98Y108","SLICEM","CLEM_X64Y108","327","136","","X3Y1",""
"u_dut/u_unified_p4_kernel/input_mem_reg[1][27][4]","input_mem_reg","FDRE","SLICE_X98Y108","SLICEM.FFF2","SLICE_X98Y108","SLICEM","CLEM_X64Y108","327","136","","X3Y1",""
"u_dut/u_unified_p4_kernel/input_mem_reg[1][27][5]","input_mem_reg","FDRE","SLICE_X98Y108","SLICEM.EFF2","SLICE_X98Y108","SLICEM","CLEM_X64Y108","327","136","","X3Y1",""
"u_dut/u_unified_p4_kernel/input_mem_reg[1][27][6]","input_mem_reg","FDRE","SLICE_X94Y104","SLICEL.FFF2","SLICE_X94Y104","SLICEL","CLEL_R_X61Y104","315","140","","X3Y1",""
"u_dut/u_unified_p4_kernel/input_mem_reg[1][27][7]","input_mem_reg","FDRE","SLICE_X94Y104","SLICEL.EFF2","SLICE_X94Y104","SLICEL","CLEL_R_X61Y104","315","140","","X3Y1",""
"u_dut/u_unified_p4_kernel/input_mem_reg[1][27][8]","input_mem_reg","FDRE","SLICE_X98Y106","SLICEM.GFF2","SLICE_X98Y106","SLICEM","CLEM_X64Y106","327","138","","X3Y1",""
"u_dut/u_unified_p4_kernel/input_mem_reg[1][27][9]","input_mem_reg","FDRE","SLICE_X96Y108","SLICEM.GFF2","SLICE_X96Y108","SLICEM","CLEM_X63Y108","322","136","","X3Y1",""
"u_dut/u_unified_p4_kernel/input_mem_reg[1][28][0]","input_mem_reg","FDRE","SLICE_X94Y111","SLICEL.HFF2","SLICE_X94Y111","SLICEL","CLEL_R_X61Y111","315","133","","X3Y1",""
"u_dut/u_unified_p4_kernel/input_mem_reg[1][28][10]","input_mem_reg","FDRE","SLICE_X94Y111","SLICEL.GFF2","SLICE_X94Y111","SLICEL","CLEL_R_X61Y111","315","133","","X3Y1",""
"u_dut/u_unified_p4_kernel/input_mem_reg[1][28][11]","input_mem_reg","FDRE","SLICE_X94Y112","SLICEL.DFF","SLICE_X94Y112","SLICEL","CLEL_R_X61Y112","315","132","","X3Y1",""
"u_dut/u_unified_p4_kernel/input_mem_reg[1][28][12]","input_mem_reg","FDRE","SLICE_X94Y111","SLICEL.FFF2","SLICE_X94Y111","SLICEL","CLEL_R_X61Y111","315","133","","X3Y1",""
"u_dut/u_unified_p4_kernel/input_mem_reg[1][28][13]","input_mem_reg","FDRE","SLICE_X94Y112","SLICEL.CFF","SLICE_X94Y112","SLICEL","CLEL_R_X61Y112","315","132","","X3Y1",""
"u_dut/u_unified_p4_kernel/input_mem_reg[1][28][14]","input_mem_reg","FDRE","SLICE_X95Y113","SLICEM.HFF","SLICE_X95Y113","SLICEM","CLEM_X62Y113","318","131","","X3Y1",""
"u_dut/u_unified_p4_kernel/input_mem_reg[1][28][15]","input_mem_reg","FDRE","SLICE_X92Y112","SLICEM.AFF","SLICE_X92Y112","SLICEM","CLEM_X60Y112","309","132","","X3Y1",""
"u_dut/u_unified_p4_kernel/input_mem_reg[1][28][1]","input_mem_reg","FDRE","SLICE_X93Y109","SLICEM.HFF","SLICE_X93Y109","SLICEM","CLEM_X61Y109","313","135","","X3Y1",""
"u_dut/u_unified_p4_kernel/input_mem_reg[1][28][2]","input_mem_reg","FDRE","SLICE_X93Y109","SLICEM.GFF","SLICE_X93Y109","SLICEM","CLEM_X61Y109","313","135","","X3Y1",""
"u_dut/u_unified_p4_kernel/input_mem_reg[1][28][3]","input_mem_reg","FDRE","SLICE_X91Y111","SLICEL.DFF","SLICE_X91Y111","SLICEL","CLEL_R_X59Y111","306","133","","X3Y1",""
"u_dut/u_unified_p4_kernel/input_mem_reg[1][28][4]","input_mem_reg","FDRE","SLICE_X92Y110","SLICEM.HFF2","SLICE_X92Y110","SLICEM","CLEM_X60Y110","309","134","","X3Y1",""
"u_dut/u_unified_p4_kernel/input_mem_reg[1][28][5]","input_mem_reg","FDRE","SLICE_X93Y109","SLICEM.FFF","SLICE_X93Y109","SLICEM","CLEM_X61Y109","313","135","","X3Y1",""
"u_dut/u_unified_p4_kernel/input_mem_reg[1][28][6]","input_mem_reg","FDRE","SLICE_X91Y105","SLICEL.HFF","SLICE_X91Y105","SLICEL","CLEL_R_X59Y105","306","139","","X3Y1",""
"u_dut/u_unified_p4_kernel/input_mem_reg[1][28][7]","input_mem_reg","FDRE","SLICE_X94Y111","SLICEL.EFF2","SLICE_X94Y111","SLICEL","CLEL_R_X61Y111","315","133","","X3Y1",""
"u_dut/u_unified_p4_kernel/input_mem_reg[1][28][8]","input_mem_reg","FDRE","SLICE_X91Y111","SLICEL.CFF","SLICE_X91Y111","SLICEL","CLEL_R_X59Y111","306","133","","X3Y1",""
"u_dut/u_unified_p4_kernel/input_mem_reg[1][28][9]","input_mem_reg","FDRE","SLICE_X91Y111","SLICEL.BFF","SLICE_X91Y111","SLICEL","CLEL_R_X59Y111","306","133","","X3Y1",""
"u_dut/u_unified_p4_kernel/input_mem_reg[1][29][0]","input_mem_reg","FDRE","SLICE_X93Y110","SLICEM.HFF","SLICE_X93Y110","SLICEM","CLEM_X61Y110","313","134","","X3Y1",""
"u_dut/u_unified_p4_kernel/input_mem_reg[1][29][10]","input_mem_reg","FDRE","SLICE_X92Y114","SLICEM.DFF2","SLICE_X92Y114","SLICEM","CLEM_X60Y114","309","130","","X3Y1",""
"u_dut/u_unified_p4_kernel/input_mem_reg[1][29][11]","input_mem_reg","FDRE","SLICE_X92Y114","SLICEM.CFF2","SLICE_X92Y114","SLICEM","CLEM_X60Y114","309","130","","X3Y1",""
"u_dut/u_unified_p4_kernel/input_mem_reg[1][29][12]","input_mem_reg","FDRE","SLICE_X97Y112","SLICEL.HFF","SLICE_X97Y112","SLICEL","CLEL_R_X63Y112","324","132","","X3Y1",""
"u_dut/u_unified_p4_kernel/input_mem_reg[1][29][13]","input_mem_reg","FDRE","SLICE_X97Y112","SLICEL.GFF","SLICE_X97Y112","SLICEL","CLEL_R_X63Y112","324","132","","X3Y1",""
"u_dut/u_unified_p4_kernel/input_mem_reg[1][29][14]","input_mem_reg","FDRE","SLICE_X93Y113","SLICEM.HFF2","SLICE_X93Y113","SLICEM","CLEM_X61Y113","313","131","","X3Y1",""
"u_dut/u_unified_p4_kernel/input_mem_reg[1][29][15]","input_mem_reg","FDRE","SLICE_X97Y112","SLICEL.FFF","SLICE_X97Y112","SLICEL","CLEL_R_X63Y112","324","132","","X3Y1",""
"u_dut/u_unified_p4_kernel/input_mem_reg[1][29][1]","input_mem_reg","FDRE","SLICE_X93Y110","SLICEM.GFF","SLICE_X93Y110","SLICEM","CLEM_X61Y110","313","134","","X3Y1",""
"u_dut/u_unified_p4_kernel/input_mem_reg[1][29][2]","input_mem_reg","FDRE","SLICE_X95Y111","SLICEM.HFF2","SLICE_X95Y111","SLICEM","CLEM_X62Y111","318","133","","X3Y1",""
"u_dut/u_unified_p4_kernel/input_mem_reg[1][29][3]","input_mem_reg","FDRE","SLICE_X96Y111","SLICEM.HFF","SLICE_X96Y111","SLICEM","CLEM_X63Y111","322","133","","X3Y1",""
"u_dut/u_unified_p4_kernel/input_mem_reg[1][29][4]","input_mem_reg","FDRE","SLICE_X94Y111","SLICEL.DFF","SLICE_X94Y111","SLICEL","CLEL_R_X61Y111","315","133","","X3Y1",""
"u_dut/u_unified_p4_kernel/input_mem_reg[1][29][5]","input_mem_reg","FDRE","SLICE_X93Y113","SLICEM.GFF2","SLICE_X93Y113","SLICEM","CLEM_X61Y113","313","131","","X3Y1",""
"u_dut/u_unified_p4_kernel/input_mem_reg[1][29][6]","input_mem_reg","FDRE","SLICE_X93Y113","SLICEM.FFF2","SLICE_X93Y113","SLICEM","CLEM_X61Y113","313","131","","X3Y1",""
"u_dut/u_unified_p4_kernel/input_mem_reg[1][29][7]","input_mem_reg","FDRE","SLICE_X93Y113","SLICEM.EFF2","SLICE_X93Y113","SLICEM","CLEM_X61Y113","313","131","","X3Y1",""
"u_dut/u_unified_p4_kernel/input_mem_reg[1][29][8]","input_mem_reg","FDRE","SLICE_X91Y114","SLICEL.HFF2","SLICE_X91Y114","SLICEL","CLEL_R_X59Y114","306","130","","X3Y1",""
"u_dut/u_unified_p4_kernel/input_mem_reg[1][29][9]","input_mem_reg","FDRE","SLICE_X91Y114","SLICEL.GFF2","SLICE_X91Y114","SLICEL","CLEL_R_X59Y114","306","130","","X3Y1",""
"u_dut/u_unified_p4_kernel/input_mem_reg[1][2][0]","input_mem_reg","FDRE","SLICE_X83Y94","SLICEL.AFF","SLICE_X83Y94","SLICEL","CLEL_R_X54Y94","285","150","","X2Y1",""
"u_dut/u_unified_p4_kernel/input_mem_reg[1][2][10]","input_mem_reg","FDRE","SLICE_X83Y72","SLICEL.DFF2","SLICE_X83Y72","SLICEL","CLEL_R_X54Y72","285","173","","X2Y1",""
"u_dut/u_unified_p4_kernel/input_mem_reg[1][2][11]","input_mem_reg","FDRE","SLICE_X83Y94","SLICEL.AFF2","SLICE_X83Y94","SLICEL","CLEL_R_X54Y94","285","150","","X2Y1",""
"u_dut/u_unified_p4_kernel/input_mem_reg[1][2][12]","input_mem_reg","FDRE","SLICE_X82Y73","SLICEM.HFF","SLICE_X82Y73","SLICEM","CLEM_X54Y73","283","172","","X2Y1",""
"u_dut/u_unified_p4_kernel/input_mem_reg[1][2][13]","input_mem_reg","FDRE","SLICE_X84Y74","SLICEL.HFF","SLICE_X84Y74","SLICEL","CLEL_L_X55Y74","286","171","","X2Y1",""
"u_dut/u_unified_p4_kernel/input_mem_reg[1][2][14]","input_mem_reg","FDRE","SLICE_X83Y72","SLICEL.HFF","SLICE_X83Y72","SLICEL","CLEL_R_X54Y72","285","173","","X2Y1",""
"u_dut/u_unified_p4_kernel/input_mem_reg[1][2][15]","input_mem_reg","FDRE","SLICE_X82Y73","SLICEM.GFF","SLICE_X82Y73","SLICEM","CLEM_X54Y73","283","172","","X2Y1",""
"u_dut/u_unified_p4_kernel/input_mem_reg[1][2][1]","input_mem_reg","FDRE","SLICE_X83Y94","SLICEL.GFF2","SLICE_X83Y94","SLICEL","CLEL_R_X54Y94","285","150","","X2Y1",""
"u_dut/u_unified_p4_kernel/input_mem_reg[1][2][2]","input_mem_reg","FDRE","SLICE_X84Y71","SLICEL.HFF","SLICE_X84Y71","SLICEL","CLEL_L_X55Y71","286","174","","X2Y1",""
"u_dut/u_unified_p4_kernel/input_mem_reg[1][2][3]","input_mem_reg","FDRE","SLICE_X84Y74","SLICEL.GFF","SLICE_X84Y74","SLICEL","CLEL_L_X55Y74","286","171","","X2Y1",""
"u_dut/u_unified_p4_kernel/input_mem_reg[1][2][4]","input_mem_reg","FDRE","SLICE_X84Y79","SLICEL.HFF","SLICE_X84Y79","SLICEL","CLEL_L_X55Y79","286","166","","X2Y1",""
"u_dut/u_unified_p4_kernel/input_mem_reg[1][2][5]","input_mem_reg","FDRE","SLICE_X84Y74","SLICEL.DFF","SLICE_X84Y74","SLICEL","CLEL_L_X55Y74","286","171","","X2Y1",""
"u_dut/u_unified_p4_kernel/input_mem_reg[1][2][6]","input_mem_reg","FDRE","SLICE_X84Y71","SLICEL.GFF","SLICE_X84Y71","SLICEL","CLEL_L_X55Y71","286","174","","X2Y1",""
"u_dut/u_unified_p4_kernel/input_mem_reg[1][2][7]","input_mem_reg","FDRE","SLICE_X84Y79","SLICEL.GFF","SLICE_X84Y79","SLICEL","CLEL_L_X55Y79","286","166","","X2Y1",""
"u_dut/u_unified_p4_kernel/input_mem_reg[1][2][8]","input_mem_reg","FDRE","SLICE_X84Y74","SLICEL.FFF","SLICE_X84Y74","SLICEL","CLEL_L_X55Y74","286","171","","X2Y1",""
"u_dut/u_unified_p4_kernel/input_mem_reg[1][2][9]","input_mem_reg","FDRE","SLICE_X84Y74","SLICEL.EFF","SLICE_X84Y74","SLICEL","CLEL_L_X55Y74","286","171","","X2Y1",""
"u_dut/u_unified_p4_kernel/input_mem_reg[1][30][0]","input_mem_reg","FDRE","SLICE_X90Y112","SLICEM.AFF","SLICE_X90Y112","SLICEM","CLEM_X59Y112","304","132","","X3Y1",""
"u_dut/u_unified_p4_kernel/input_mem_reg[1][30][10]","input_mem_reg","FDRE","SLICE_X90Y112","SLICEM.AFF2","SLICE_X90Y112","SLICEM","CLEM_X59Y112","304","132","","X3Y1",""
"u_dut/u_unified_p4_kernel/input_mem_reg[1][30][11]","input_mem_reg","FDRE","SLICE_X90Y110","SLICEM.DFF","SLICE_X90Y110","SLICEM","CLEM_X59Y110","304","134","","X3Y1",""
"u_dut/u_unified_p4_kernel/input_mem_reg[1][30][12]","input_mem_reg","FDRE","SLICE_X90Y112","SLICEM.BFF","SLICE_X90Y112","SLICEM","CLEM_X59Y112","304","132","","X3Y1",""
"u_dut/u_unified_p4_kernel/input_mem_reg[1][30][13]","input_mem_reg","FDRE","SLICE_X90Y112","SLICEM.BFF2","SLICE_X90Y112","SLICEM","CLEM_X59Y112","304","132","","X3Y1",""
"u_dut/u_unified_p4_kernel/input_mem_reg[1][30][14]","input_mem_reg","FDRE","SLICE_X94Y107","SLICEL.HFF","SLICE_X94Y107","SLICEL","CLEL_R_X61Y107","315","137","","X3Y1",""
"u_dut/u_unified_p4_kernel/input_mem_reg[1][30][15]","input_mem_reg","FDRE","SLICE_X97Y110","SLICEL.HFF","SLICE_X97Y110","SLICEL","CLEL_R_X63Y110","324","134","","X3Y1",""
"u_dut/u_unified_p4_kernel/input_mem_reg[1][30][1]","input_mem_reg","FDRE","SLICE_X91Y113","SLICEL.HFF2","SLICE_X91Y113","SLICEL","CLEL_R_X59Y113","306","131","","X3Y1",""
"u_dut/u_unified_p4_kernel/input_mem_reg[1][30][2]","input_mem_reg","FDRE","SLICE_X97Y108","SLICEL.HFF2","SLICE_X97Y108","SLICEL","CLEL_R_X63Y108","324","136","","X3Y1",""
"u_dut/u_unified_p4_kernel/input_mem_reg[1][30][3]","input_mem_reg","FDRE","SLICE_X91Y105","SLICEL.GFF","SLICE_X91Y105","SLICEL","CLEL_R_X59Y105","306","139","","X3Y1",""
"u_dut/u_unified_p4_kernel/input_mem_reg[1][30][4]","input_mem_reg","FDRE","SLICE_X94Y107","SLICEL.GFF","SLICE_X94Y107","SLICEL","CLEL_R_X61Y107","315","137","","X3Y1",""
"u_dut/u_unified_p4_kernel/input_mem_reg[1][30][5]","input_mem_reg","FDRE","SLICE_X93Y107","SLICEM.DFF2","SLICE_X93Y107","SLICEM","CLEM_X61Y107","313","137","","X3Y1",""
"u_dut/u_unified_p4_kernel/input_mem_reg[1][30][6]","input_mem_reg","FDRE","SLICE_X94Y107","SLICEL.FFF","SLICE_X94Y107","SLICEL","CLEL_R_X61Y107","315","137","","X3Y1",""
"u_dut/u_unified_p4_kernel/input_mem_reg[1][30][7]","input_mem_reg","FDRE","SLICE_X93Y105","SLICEM.DFF","SLICE_X93Y105","SLICEM","CLEM_X61Y105","313","139","","X3Y1",""
"u_dut/u_unified_p4_kernel/input_mem_reg[1][30][8]","input_mem_reg","FDRE","SLICE_X97Y108","SLICEL.GFF2","SLICE_X97Y108","SLICEL","CLEL_R_X63Y108","324","136","","X3Y1",""
"u_dut/u_unified_p4_kernel/input_mem_reg[1][30][9]","input_mem_reg","FDRE","SLICE_X97Y108","SLICEL.FFF2","SLICE_X97Y108","SLICEL","CLEL_R_X63Y108","324","136","","X3Y1",""
"u_dut/u_unified_p4_kernel/input_mem_reg[1][31][0]","input_mem_reg","FDRE","SLICE_X95Y113","SLICEM.GFF","SLICE_X95Y113","SLICEM","CLEM_X62Y113","318","131","","X3Y1",""
"u_dut/u_unified_p4_kernel/input_mem_reg[1][31][10]","input_mem_reg","FDRE","SLICE_X97Y111","SLICEL.HFF2","SLICE_X97Y111","SLICEL","CLEL_R_X63Y111","324","133","","X3Y1",""
"u_dut/u_unified_p4_kernel/input_mem_reg[1][31][11]","input_mem_reg","FDRE","SLICE_X97Y111","SLICEL.GFF2","SLICE_X97Y111","SLICEL","CLEL_R_X63Y111","324","133","","X3Y1",""
"u_dut/u_unified_p4_kernel/input_mem_reg[1][31][12]","input_mem_reg","FDRE","SLICE_X95Y113","SLICEM.FFF","SLICE_X95Y113","SLICEM","CLEM_X62Y113","318","131","","X3Y1",""
"u_dut/u_unified_p4_kernel/input_mem_reg[1][31][13]","input_mem_reg","FDRE","SLICE_X95Y113","SLICEM.EFF","SLICE_X95Y113","SLICEM","CLEM_X62Y113","318","131","","X3Y1",""
"u_dut/u_unified_p4_kernel/input_mem_reg[1][31][14]","input_mem_reg","FDRE","SLICE_X97Y111","SLICEL.FFF2","SLICE_X97Y111","SLICEL","CLEL_R_X63Y111","324","133","","X3Y1",""
"u_dut/u_unified_p4_kernel/input_mem_reg[1][31][15]","input_mem_reg","FDRE","SLICE_X95Y111","SLICEM.GFF2","SLICE_X95Y111","SLICEM","CLEM_X62Y111","318","133","","X3Y1",""
"u_dut/u_unified_p4_kernel/input_mem_reg[1][31][1]","input_mem_reg","FDRE","SLICE_X94Y107","SLICEL.EFF","SLICE_X94Y107","SLICEL","CLEL_R_X61Y107","315","137","","X3Y1",""
"u_dut/u_unified_p4_kernel/input_mem_reg[1][31][2]","input_mem_reg","FDRE","SLICE_X97Y110","SLICEL.GFF","SLICE_X97Y110","SLICEL","CLEL_R_X63Y110","324","134","","X3Y1",""
"u_dut/u_unified_p4_kernel/input_mem_reg[1][31][3]","input_mem_reg","FDRE","SLICE_X97Y108","SLICEL.EFF2","SLICE_X97Y108","SLICEL","CLEL_R_X63Y108","324","136","","X3Y1",""
"u_dut/u_unified_p4_kernel/input_mem_reg[1][31][4]","input_mem_reg","FDRE","SLICE_X97Y110","SLICEL.FFF","SLICE_X97Y110","SLICEL","CLEL_R_X63Y110","324","134","","X3Y1",""
"u_dut/u_unified_p4_kernel/input_mem_reg[1][31][5]","input_mem_reg","FDRE","SLICE_X97Y110","SLICEL.EFF","SLICE_X97Y110","SLICEL","CLEL_R_X63Y110","324","134","","X3Y1",""
"u_dut/u_unified_p4_kernel/input_mem_reg[1][31][6]","input_mem_reg","FDRE","SLICE_X96Y109","SLICEM.HFF","SLICE_X96Y109","SLICEM","CLEM_X63Y109","322","135","","X3Y1",""
"u_dut/u_unified_p4_kernel/input_mem_reg[1][31][7]","input_mem_reg","FDRE","SLICE_X96Y111","SLICEM.DFF2","SLICE_X96Y111","SLICEM","CLEM_X63Y111","322","133","","X3Y1",""
"u_dut/u_unified_p4_kernel/input_mem_reg[1][31][8]","input_mem_reg","FDRE","SLICE_X96Y109","SLICEM.GFF","SLICE_X96Y109","SLICEM","CLEM_X63Y109","322","135","","X3Y1",""
"u_dut/u_unified_p4_kernel/input_mem_reg[1][31][9]","input_mem_reg","FDRE","SLICE_X93Y107","SLICEM.CFF2","SLICE_X93Y107","SLICEM","CLEM_X61Y107","313","137","","X3Y1",""
"u_dut/u_unified_p4_kernel/input_mem_reg[1][32][0]","input_mem_reg","FDRE","SLICE_X56Y121","SLICEM.HFF2","SLICE_X56Y121","SLICEM","CLEM_X37Y121","211","122","","X2Y2",""
"u_dut/u_unified_p4_kernel/input_mem_reg[1][32][10]","input_mem_reg","FDRE","SLICE_X53Y107","SLICEM.DFF2","SLICE_X53Y107","SLICEM","CLEM_X35Y107","202","137","","X1Y1",""
"u_dut/u_unified_p4_kernel/input_mem_reg[1][32][11]","input_mem_reg","FDRE","SLICE_X56Y121","SLICEM.GFF2","SLICE_X56Y121","SLICEM","CLEM_X37Y121","211","122","","X2Y2",""
"u_dut/u_unified_p4_kernel/input_mem_reg[1][32][12]","input_mem_reg","FDRE","SLICE_X68Y113","SLICEL.HFF2","SLICE_X68Y113","SLICEL","CLEL_R_X44Y113","243","131","","X2Y1",""
"u_dut/u_unified_p4_kernel/input_mem_reg[1][32][13]","input_mem_reg","FDRE","SLICE_X53Y107","SLICEM.CFF2","SLICE_X53Y107","SLICEM","CLEM_X35Y107","202","137","","X1Y1",""
"u_dut/u_unified_p4_kernel/input_mem_reg[1][32][14]","input_mem_reg","FDRE","SLICE_X68Y113","SLICEL.GFF2","SLICE_X68Y113","SLICEL","CLEL_R_X44Y113","243","131","","X2Y1",""
"u_dut/u_unified_p4_kernel/input_mem_reg[1][32][15]","input_mem_reg","FDRE","SLICE_X56Y121","SLICEM.FFF2","SLICE_X56Y121","SLICEM","CLEM_X37Y121","211","122","","X2Y2",""
"u_dut/u_unified_p4_kernel/input_mem_reg[1][32][1]","input_mem_reg","FDRE","SLICE_X56Y121","SLICEM.EFF2","SLICE_X56Y121","SLICEM","CLEM_X37Y121","211","122","","X2Y2",""
"u_dut/u_unified_p4_kernel/input_mem_reg[1][32][2]","input_mem_reg","FDRE","SLICE_X62Y97","SLICEM.EFF","SLICE_X62Y97","SLICEM","CLEM_X41Y97","229","147","","X2Y1",""
"u_dut/u_unified_p4_kernel/input_mem_reg[1][32][3]","input_mem_reg","FDRE","SLICE_X66Y106","SLICEM.EFF","SLICE_X66Y106","SLICEM","CLEM_X43Y106","237","138","","X2Y1",""
"u_dut/u_unified_p4_kernel/input_mem_reg[1][32][4]","input_mem_reg","FDRE","SLICE_X62Y97","SLICEM.FFF","SLICE_X62Y97","SLICEM","CLEM_X41Y97","229","147","","X2Y1",""
"u_dut/u_unified_p4_kernel/input_mem_reg[1][32][5]","input_mem_reg","FDRE","SLICE_X54Y122","SLICEL.HFF2","SLICE_X54Y122","SLICEL","CLEL_R_X35Y122","204","121","","X1Y2",""
"u_dut/u_unified_p4_kernel/input_mem_reg[1][32][6]","input_mem_reg","FDRE","SLICE_X54Y122","SLICEL.GFF2","SLICE_X54Y122","SLICEL","CLEL_R_X35Y122","204","121","","X1Y2",""
"u_dut/u_unified_p4_kernel/input_mem_reg[1][32][7]","input_mem_reg","FDRE","SLICE_X54Y121","SLICEL.HFF2","SLICE_X54Y121","SLICEL","CLEL_R_X35Y121","204","122","","X1Y2",""
"u_dut/u_unified_p4_kernel/input_mem_reg[1][32][8]","input_mem_reg","FDRE","SLICE_X54Y122","SLICEL.FFF2","SLICE_X54Y122","SLICEL","CLEL_R_X35Y122","204","121","","X1Y2",""
"u_dut/u_unified_p4_kernel/input_mem_reg[1][32][9]","input_mem_reg","FDRE","SLICE_X66Y106","SLICEM.FFF","SLICE_X66Y106","SLICEM","CLEM_X43Y106","237","138","","X2Y1",""
"u_dut/u_unified_p4_kernel/input_mem_reg[1][33][0]","input_mem_reg","FDRE","SLICE_X55Y118","SLICEM.DFF2","SLICE_X55Y118","SLICEM","CLEM_X36Y118","207","126","","X1Y1",""
"u_dut/u_unified_p4_kernel/input_mem_reg[1][33][10]","input_mem_reg","FDRE","SLICE_X55Y118","SLICEM.CFF2","SLICE_X55Y118","SLICEM","CLEM_X36Y118","207","126","","X1Y1",""
"u_dut/u_unified_p4_kernel/input_mem_reg[1][33][11]","input_mem_reg","FDRE","SLICE_X81Y108","SLICEM.DFF","SLICE_X81Y108","SLICEM","CLEM_X53Y108","279","136","","X2Y1",""
"u_dut/u_unified_p4_kernel/input_mem_reg[1][33][12]","input_mem_reg","FDRE","SLICE_X65Y95","SLICEL.HFF2","SLICE_X65Y95","SLICEL","CLEL_R_X42Y95","234","149","","X2Y1",""
"u_dut/u_unified_p4_kernel/input_mem_reg[1][33][13]","input_mem_reg","FDRE","SLICE_X81Y108","SLICEM.CFF","SLICE_X81Y108","SLICEM","CLEM_X53Y108","279","136","","X2Y1",""
"u_dut/u_unified_p4_kernel/input_mem_reg[1][33][14]","input_mem_reg","FDRE","SLICE_X69Y112","SLICEL.DFF","SLICE_X69Y112","SLICEL","CLEL_L_X45Y112","244","132","","X2Y1",""
"u_dut/u_unified_p4_kernel/input_mem_reg[1][33][15]","input_mem_reg","FDRE","SLICE_X71Y109","SLICEM.EFF","SLICE_X71Y109","SLICEM","CLEM_X46Y109","249","135","","X2Y1",""
"u_dut/u_unified_p4_kernel/input_mem_reg[1][33][1]","input_mem_reg","FDRE","SLICE_X55Y118","SLICEM.BFF2","SLICE_X55Y118","SLICEM","CLEM_X36Y118","207","126","","X1Y1",""
"u_dut/u_unified_p4_kernel/input_mem_reg[1][33][2]","input_mem_reg","FDRE","SLICE_X84Y106","SLICEL.DFF2","SLICE_X84Y106","SLICEL","CLEL_L_X55Y106","286","138","","X2Y1",""
"u_dut/u_unified_p4_kernel/input_mem_reg[1][33][3]","input_mem_reg","FDRE","SLICE_X69Y112","SLICEL.CFF","SLICE_X69Y112","SLICEL","CLEL_L_X45Y112","244","132","","X2Y1",""
"u_dut/u_unified_p4_kernel/input_mem_reg[1][33][4]","input_mem_reg","FDRE","SLICE_X62Y91","SLICEM.EFF","SLICE_X62Y91","SLICEM","CLEM_X41Y91","229","153","","X2Y1",""
"u_dut/u_unified_p4_kernel/input_mem_reg[1][33][5]","input_mem_reg","FDRE","SLICE_X54Y120","SLICEL.HFF","SLICE_X54Y120","SLICEL","CLEL_R_X35Y120","204","123","","X1Y2",""
"u_dut/u_unified_p4_kernel/input_mem_reg[1][33][6]","input_mem_reg","FDRE","SLICE_X84Y106","SLICEL.CFF2","SLICE_X84Y106","SLICEL","CLEL_L_X55Y106","286","138","","X2Y1",""
"u_dut/u_unified_p4_kernel/input_mem_reg[1][33][7]","input_mem_reg","FDRE","SLICE_X86Y108","SLICEM.EFF","SLICE_X86Y108","SLICEM","CLEM_X56Y108","291","136","","X2Y1",""
"u_dut/u_unified_p4_kernel/input_mem_reg[1][33][8]","input_mem_reg","FDRE","SLICE_X86Y110","SLICEM.HFF2","SLICE_X86Y110","SLICEM","CLEM_X56Y110","291","134","","X2Y1",""
"u_dut/u_unified_p4_kernel/input_mem_reg[1][33][9]","input_mem_reg","FDRE","SLICE_X84Y108","SLICEL.DFF","SLICE_X84Y108","SLICEL","CLEL_L_X55Y108","286","136","","X2Y1",""
"u_dut/u_unified_p4_kernel/input_mem_reg[1][34][0]","input_mem_reg","FDRE","SLICE_X52Y107","SLICEM.HFF2","SLICE_X52Y107","SLICEM","CLEM_X34Y107","198","137","","X1Y1",""
"u_dut/u_unified_p4_kernel/input_mem_reg[1][34][10]","input_mem_reg","FDRE","SLICE_X73Y98","SLICEL.HFF","SLICE_X73Y98","SLICEL","CLEL_R_X47Y98","255","146","","X2Y1",""
"u_dut/u_unified_p4_kernel/input_mem_reg[1][34][11]","input_mem_reg","FDRE","SLICE_X52Y107","SLICEM.GFF2","SLICE_X52Y107","SLICEM","CLEM_X34Y107","198","137","","X1Y1",""
"u_dut/u_unified_p4_kernel/input_mem_reg[1][34][12]","input_mem_reg","FDRE","SLICE_X54Y120","SLICEL.GFF","SLICE_X54Y120","SLICEL","CLEL_R_X35Y120","204","123","","X1Y2",""
"u_dut/u_unified_p4_kernel/input_mem_reg[1][34][13]","input_mem_reg","FDRE","SLICE_X55Y118","SLICEM.AFF2","SLICE_X55Y118","SLICEM","CLEM_X36Y118","207","126","","X1Y1",""
"u_dut/u_unified_p4_kernel/input_mem_reg[1][34][14]","input_mem_reg","FDRE","SLICE_X73Y98","SLICEL.GFF","SLICE_X73Y98","SLICEL","CLEL_R_X47Y98","255","146","","X2Y1",""
"u_dut/u_unified_p4_kernel/input_mem_reg[1][34][15]","input_mem_reg","FDRE","SLICE_X52Y114","SLICEM.DFF2","SLICE_X52Y114","SLICEM","CLEM_X34Y114","198","130","","X1Y1",""
"u_dut/u_unified_p4_kernel/input_mem_reg[1][34][1]","input_mem_reg","FDRE","SLICE_X52Y114","SLICEM.CFF2","SLICE_X52Y114","SLICEM","CLEM_X34Y114","198","130","","X1Y1",""
"u_dut/u_unified_p4_kernel/input_mem_reg[1][34][2]","input_mem_reg","FDRE","SLICE_X85Y109","SLICEL.HFF","SLICE_X85Y109","SLICEL","CLEL_R_X55Y109","288","135","","X2Y1",""
"u_dut/u_unified_p4_kernel/input_mem_reg[1][34][3]","input_mem_reg","FDRE","SLICE_X84Y105","SLICEL.DFF","SLICE_X84Y105","SLICEL","CLEL_L_X55Y105","286","139","","X2Y1",""
"u_dut/u_unified_p4_kernel/input_mem_reg[1][34][4]","input_mem_reg","FDRE","SLICE_X76Y97","SLICEL.DFF2","SLICE_X76Y97","SLICEL","CLEL_R_X49Y97","264","147","","X2Y1",""
"u_dut/u_unified_p4_kernel/input_mem_reg[1][34][5]","input_mem_reg","FDRE","SLICE_X76Y97","SLICEL.CFF2","SLICE_X76Y97","SLICEL","CLEL_R_X49Y97","264","147","","X2Y1",""
"u_dut/u_unified_p4_kernel/input_mem_reg[1][34][6]","input_mem_reg","FDRE","SLICE_X78Y111","SLICEL.EFF","SLICE_X78Y111","SLICEL","CLEL_R_X50Y111","267","133","","X2Y1",""
"u_dut/u_unified_p4_kernel/input_mem_reg[1][34][7]","input_mem_reg","FDRE","SLICE_X65Y103","SLICEL.HFF","SLICE_X65Y103","SLICEL","CLEL_R_X42Y103","234","141","","X2Y1",""
"u_dut/u_unified_p4_kernel/input_mem_reg[1][34][8]","input_mem_reg","FDRE","SLICE_X66Y100","SLICEM.EFF","SLICE_X66Y100","SLICEM","CLEM_X43Y100","237","144","","X2Y1",""
"u_dut/u_unified_p4_kernel/input_mem_reg[1][34][9]","input_mem_reg","FDRE","SLICE_X78Y110","SLICEL.HFF2","SLICE_X78Y110","SLICEL","CLEL_R_X50Y110","267","134","","X2Y1",""
"u_dut/u_unified_p4_kernel/input_mem_reg[1][35][0]","input_mem_reg","FDRE","SLICE_X57Y120","SLICEL.HFF2","SLICE_X57Y120","SLICEL","CLEL_R_X37Y120","213","123","","X2Y2",""
"u_dut/u_unified_p4_kernel/input_mem_reg[1][35][10]","input_mem_reg","FDRE","SLICE_X54Y120","SLICEL.FFF","SLICE_X54Y120","SLICEL","CLEL_R_X35Y120","204","123","","X1Y2",""
"u_dut/u_unified_p4_kernel/input_mem_reg[1][35][11]","input_mem_reg","FDRE","SLICE_X55Y121","SLICEM.HFF","SLICE_X55Y121","SLICEM","CLEM_X36Y121","207","122","","X1Y2",""
"u_dut/u_unified_p4_kernel/input_mem_reg[1][35][12]","input_mem_reg","FDRE","SLICE_X54Y120","SLICEL.EFF","SLICE_X54Y120","SLICEL","CLEL_R_X35Y120","204","123","","X1Y2",""
"u_dut/u_unified_p4_kernel/input_mem_reg[1][35][13]","input_mem_reg","FDRE","SLICE_X54Y121","SLICEL.GFF2","SLICE_X54Y121","SLICEL","CLEL_R_X35Y121","204","122","","X1Y2",""
"u_dut/u_unified_p4_kernel/input_mem_reg[1][35][14]","input_mem_reg","FDRE","SLICE_X53Y118","SLICEM.HFF2","SLICE_X53Y118","SLICEM","CLEM_X35Y118","202","126","","X1Y1",""
"u_dut/u_unified_p4_kernel/input_mem_reg[1][35][15]","input_mem_reg","FDRE","SLICE_X66Y94","SLICEM.DFF","SLICE_X66Y94","SLICEM","CLEM_X43Y94","237","150","","X2Y1",""
"u_dut/u_unified_p4_kernel/input_mem_reg[1][35][1]","input_mem_reg","FDRE","SLICE_X54Y122","SLICEL.EFF2","SLICE_X54Y122","SLICEL","CLEL_R_X35Y122","204","121","","X1Y2",""
"u_dut/u_unified_p4_kernel/input_mem_reg[1][35][2]","input_mem_reg","FDRE","SLICE_X63Y100","SLICEL.HFF2","SLICE_X63Y100","SLICEL","CLEL_R_X41Y100","231","144","","X2Y1",""
"u_dut/u_unified_p4_kernel/input_mem_reg[1][35][3]","input_mem_reg","FDRE","SLICE_X52Y118","SLICEM.HFF","SLICE_X52Y118","SLICEM","CLEM_X34Y118","198","126","","X1Y1",""
"u_dut/u_unified_p4_kernel/input_mem_reg[1][35][4]","input_mem_reg","FDRE","SLICE_X53Y118","SLICEM.GFF2","SLICE_X53Y118","SLICEM","CLEM_X35Y118","202","126","","X1Y1",""
"u_dut/u_unified_p4_kernel/input_mem_reg[1][35][5]","input_mem_reg","FDRE","SLICE_X54Y121","SLICEL.FFF2","SLICE_X54Y121","SLICEL","CLEL_R_X35Y121","204","122","","X1Y2",""
"u_dut/u_unified_p4_kernel/input_mem_reg[1][35][6]","input_mem_reg","FDRE","SLICE_X66Y89","SLICEM.EFF","SLICE_X66Y89","SLICEM","CLEM_X43Y89","237","156","","X2Y1",""
"u_dut/u_unified_p4_kernel/input_mem_reg[1][35][7]","input_mem_reg","FDRE","SLICE_X54Y121","SLICEL.EFF2","SLICE_X54Y121","SLICEL","CLEL_R_X35Y121","204","122","","X1Y2",""
"u_dut/u_unified_p4_kernel/input_mem_reg[1][35][8]","input_mem_reg","FDRE","SLICE_X67Y89","SLICEM.DFF2","SLICE_X67Y89","SLICEM","CLEM_X44Y89","241","156","","X2Y1",""
"u_dut/u_unified_p4_kernel/input_mem_reg[1][35][9]","input_mem_reg","FDRE","SLICE_X55Y121","SLICEM.GFF","SLICE_X55Y121","SLICEM","CLEM_X36Y121","207","122","","X1Y2",""
"u_dut/u_unified_p4_kernel/input_mem_reg[1][36][0]","input_mem_reg","FDRE","SLICE_X69Y103","SLICEL.DFF","SLICE_X69Y103","SLICEL","CLEL_L_X45Y103","244","141","","X2Y1",""
"u_dut/u_unified_p4_kernel/input_mem_reg[1][36][10]","input_mem_reg","FDRE","SLICE_X77Y99","SLICEL.HFF2","SLICE_X77Y99","SLICEL","CLEL_L_X50Y99","265","145","","X2Y1",""
"u_dut/u_unified_p4_kernel/input_mem_reg[1][36][11]","input_mem_reg","FDRE","SLICE_X68Y103","SLICEL.DFF2","SLICE_X68Y103","SLICEL","CLEL_R_X44Y103","243","141","","X2Y1",""
"u_dut/u_unified_p4_kernel/input_mem_reg[1][36][12]","input_mem_reg","FDRE","SLICE_X73Y100","SLICEL.HFF","SLICE_X73Y100","SLICEL","CLEL_R_X47Y100","255","144","","X2Y1",""
"u_dut/u_unified_p4_kernel/input_mem_reg[1][36][13]","input_mem_reg","FDRE","SLICE_X76Y97","SLICEL.HFF2","SLICE_X76Y97","SLICEL","CLEL_R_X49Y97","264","147","","X2Y1",""
"u_dut/u_unified_p4_kernel/input_mem_reg[1][36][14]","input_mem_reg","FDRE","SLICE_X77Y99","SLICEL.GFF2","SLICE_X77Y99","SLICEL","CLEL_L_X50Y99","265","145","","X2Y1",""
"u_dut/u_unified_p4_kernel/input_mem_reg[1][36][15]","input_mem_reg","FDRE","SLICE_X68Y103","SLICEL.CFF2","SLICE_X68Y103","SLICEL","CLEL_R_X44Y103","243","141","","X2Y1",""
"u_dut/u_unified_p4_kernel/input_mem_reg[1][36][1]","input_mem_reg","FDRE","SLICE_X73Y100","SLICEL.GFF","SLICE_X73Y100","SLICEL","CLEL_R_X47Y100","255","144","","X2Y1",""
"u_dut/u_unified_p4_kernel/input_mem_reg[1][36][2]","input_mem_reg","FDRE","SLICE_X71Y100","SLICEM.EFF","SLICE_X71Y100","SLICEM","CLEM_X46Y100","249","144","","X2Y1",""
"u_dut/u_unified_p4_kernel/input_mem_reg[1][36][3]","input_mem_reg","FDRE","SLICE_X69Y110","SLICEL.DFF2","SLICE_X69Y110","SLICEL","CLEL_L_X45Y110","244","134","","X2Y1",""
"u_dut/u_unified_p4_kernel/input_mem_reg[1][36][4]","input_mem_reg","FDRE","SLICE_X68Y103","SLICEL.BFF2","SLICE_X68Y103","SLICEL","CLEL_R_X44Y103","243","141","","X2Y1",""
"u_dut/u_unified_p4_kernel/input_mem_reg[1][36][5]","input_mem_reg","FDRE","SLICE_X76Y96","SLICEL.DFF2","SLICE_X76Y96","SLICEL","CLEL_R_X49Y96","264","148","","X2Y1",""
"u_dut/u_unified_p4_kernel/input_mem_reg[1][36][6]","input_mem_reg","FDRE","SLICE_X77Y99","SLICEL.FFF2","SLICE_X77Y99","SLICEL","CLEL_L_X50Y99","265","145","","X2Y1",""
"u_dut/u_unified_p4_kernel/input_mem_reg[1][36][7]","input_mem_reg","FDRE","SLICE_X76Y96","SLICEL.CFF2","SLICE_X76Y96","SLICEL","CLEL_R_X49Y96","264","148","","X2Y1",""
"u_dut/u_unified_p4_kernel/input_mem_reg[1][36][8]","input_mem_reg","FDRE","SLICE_X76Y97","SLICEL.GFF2","SLICE_X76Y97","SLICEL","CLEL_R_X49Y97","264","147","","X2Y1",""
"u_dut/u_unified_p4_kernel/input_mem_reg[1][36][9]","input_mem_reg","FDRE","SLICE_X76Y97","SLICEL.FFF2","SLICE_X76Y97","SLICEL","CLEL_R_X49Y97","264","147","","X2Y1",""
"u_dut/u_unified_p4_kernel/input_mem_reg[1][37][0]","input_mem_reg","FDRE","SLICE_X71Y102","SLICEM.EFF","SLICE_X71Y102","SLICEM","CLEM_X46Y102","249","142","","X2Y1",""
"u_dut/u_unified_p4_kernel/input_mem_reg[1][37][10]","input_mem_reg","FDRE","SLICE_X68Y102","SLICEL.HFF2","SLICE_X68Y102","SLICEL","CLEL_R_X44Y102","243","142","","X2Y1",""
"u_dut/u_unified_p4_kernel/input_mem_reg[1][37][11]","input_mem_reg","FDRE","SLICE_X55Y103","SLICEM.HFF2","SLICE_X55Y103","SLICEM","CLEM_X36Y103","207","141","","X1Y1",""
"u_dut/u_unified_p4_kernel/input_mem_reg[1][37][12]","input_mem_reg","FDRE","SLICE_X56Y104","SLICEM.AFF2","SLICE_X56Y104","SLICEM","CLEM_X37Y104","211","140","","X2Y1",""
"u_dut/u_unified_p4_kernel/input_mem_reg[1][37][13]","input_mem_reg","FDRE","SLICE_X68Y102","SLICEL.GFF2","SLICE_X68Y102","SLICEL","CLEL_R_X44Y102","243","142","","X2Y1",""
"u_dut/u_unified_p4_kernel/input_mem_reg[1][37][14]","input_mem_reg","FDRE","SLICE_X68Y102","SLICEL.FFF2","SLICE_X68Y102","SLICEL","CLEL_R_X44Y102","243","142","","X2Y1",""
"u_dut/u_unified_p4_kernel/input_mem_reg[1][37][15]","input_mem_reg","FDRE","SLICE_X69Y110","SLICEL.CFF2","SLICE_X69Y110","SLICEL","CLEL_L_X45Y110","244","134","","X2Y1",""
"u_dut/u_unified_p4_kernel/input_mem_reg[1][37][1]","input_mem_reg","FDRE","SLICE_X68Y103","SLICEL.AFF2","SLICE_X68Y103","SLICEL","CLEL_R_X44Y103","243","141","","X2Y1",""
"u_dut/u_unified_p4_kernel/input_mem_reg[1][37][2]","input_mem_reg","FDRE","SLICE_X86Y106","SLICEM.AFF","SLICE_X86Y106","SLICEM","CLEM_X56Y106","291","138","","X2Y1",""
"u_dut/u_unified_p4_kernel/input_mem_reg[1][37][3]","input_mem_reg","FDRE","SLICE_X86Y106","SLICEM.BFF","SLICE_X86Y106","SLICEM","CLEM_X56Y106","291","138","","X2Y1",""
"u_dut/u_unified_p4_kernel/input_mem_reg[1][37][4]","input_mem_reg","FDRE","SLICE_X76Y106","SLICEL.EFF","SLICE_X76Y106","SLICEL","CLEL_R_X49Y106","264","138","","X2Y1",""
"u_dut/u_unified_p4_kernel/input_mem_reg[1][37][5]","input_mem_reg","FDRE","SLICE_X67Y104","SLICEM.EFF","SLICE_X67Y104","SLICEM","CLEM_X44Y104","241","140","","X2Y1",""
"u_dut/u_unified_p4_kernel/input_mem_reg[1][37][6]","input_mem_reg","FDRE","SLICE_X84Y97","SLICEL.HFF2","SLICE_X84Y97","SLICEL","CLEL_L_X55Y97","286","147","","X2Y1",""
"u_dut/u_unified_p4_kernel/input_mem_reg[1][37][7]","input_mem_reg","FDRE","SLICE_X80Y100","SLICEL.HFF2","SLICE_X80Y100","SLICEL","CLEL_R_X52Y100","276","144","","X2Y1",""
"u_dut/u_unified_p4_kernel/input_mem_reg[1][37][8]","input_mem_reg","FDRE","SLICE_X65Y108","SLICEL.DFF2","SLICE_X65Y108","SLICEL","CLEL_R_X42Y108","234","136","","X2Y1",""
"u_dut/u_unified_p4_kernel/input_mem_reg[1][37][9]","input_mem_reg","FDRE","SLICE_X65Y108","SLICEL.CFF2","SLICE_X65Y108","SLICEL","CLEL_R_X42Y108","234","136","","X2Y1",""
"u_dut/u_unified_p4_kernel/input_mem_reg[1][38][0]","input_mem_reg","FDRE","SLICE_X68Y102","SLICEL.EFF2","SLICE_X68Y102","SLICEL","CLEL_R_X44Y102","243","142","","X2Y1",""
"u_dut/u_unified_p4_kernel/input_mem_reg[1][38][10]","input_mem_reg","FDRE","SLICE_X68Y95","SLICEL.HFF2","SLICE_X68Y95","SLICEL","CLEL_R_X44Y95","243","149","","X2Y1",""
"u_dut/u_unified_p4_kernel/input_mem_reg[1][38][11]","input_mem_reg","FDRE","SLICE_X54Y108","SLICEL.HFF2","SLICE_X54Y108","SLICEL","CLEL_R_X35Y108","204","136","","X1Y1",""
"u_dut/u_unified_p4_kernel/input_mem_reg[1][38][12]","input_mem_reg","FDRE","SLICE_X69Y97","SLICEL.HFF","SLICE_X69Y97","SLICEL","CLEL_L_X45Y97","244","147","","X2Y1",""
"u_dut/u_unified_p4_kernel/input_mem_reg[1][38][13]","input_mem_reg","FDRE","SLICE_X54Y108","SLICEL.GFF2","SLICE_X54Y108","SLICEL","CLEL_R_X35Y108","204","136","","X1Y1",""
"u_dut/u_unified_p4_kernel/input_mem_reg[1][38][14]","input_mem_reg","FDRE","SLICE_X68Y95","SLICEL.GFF2","SLICE_X68Y95","SLICEL","CLEL_R_X44Y95","243","149","","X2Y1",""
"u_dut/u_unified_p4_kernel/input_mem_reg[1][38][15]","input_mem_reg","FDRE","SLICE_X59Y111","SLICEL.HFF","SLICE_X59Y111","SLICEL","CLEL_R_X38Y111","218","133","","X2Y1",""
"u_dut/u_unified_p4_kernel/input_mem_reg[1][38][1]","input_mem_reg","FDRE","SLICE_X59Y111","SLICEL.GFF","SLICE_X59Y111","SLICEL","CLEL_R_X38Y111","218","133","","X2Y1",""
"u_dut/u_unified_p4_kernel/input_mem_reg[1][38][2]","input_mem_reg","FDRE","SLICE_X76Y97","SLICEL.EFF2","SLICE_X76Y97","SLICEL","CLEL_R_X49Y97","264","147","","X2Y1",""
"u_dut/u_unified_p4_kernel/input_mem_reg[1][38][3]","input_mem_reg","FDRE","SLICE_X64Y108","SLICEL.HFF2","SLICE_X64Y108","SLICEL","CLEL_L_X42Y108","232","136","","X2Y1",""
"u_dut/u_unified_p4_kernel/input_mem_reg[1][38][4]","input_mem_reg","FDRE","SLICE_X74Y103","SLICEM.EFF","SLICE_X74Y103","SLICEM","CLEM_X48Y103","258","141","","X2Y1",""
"u_dut/u_unified_p4_kernel/input_mem_reg[1][38][5]","input_mem_reg","FDRE","SLICE_X72Y104","SLICEL.AFF","SLICE_X72Y104","SLICEL","CLEL_R_X46Y104","251","140","","X2Y1",""
"u_dut/u_unified_p4_kernel/input_mem_reg[1][38][6]","input_mem_reg","FDRE","SLICE_X62Y109","SLICEM.EFF","SLICE_X62Y109","SLICEM","CLEM_X41Y109","229","135","","X2Y1",""
"u_dut/u_unified_p4_kernel/input_mem_reg[1][38][7]","input_mem_reg","FDRE","SLICE_X72Y104","SLICEL.AFF2","SLICE_X72Y104","SLICEL","CLEL_R_X46Y104","251","140","","X2Y1",""
"u_dut/u_unified_p4_kernel/input_mem_reg[1][38][8]","input_mem_reg","FDRE","SLICE_X74Y103","SLICEM.FFF","SLICE_X74Y103","SLICEM","CLEM_X48Y103","258","141","","X2Y1",""
"u_dut/u_unified_p4_kernel/input_mem_reg[1][38][9]","input_mem_reg","FDRE","SLICE_X76Y96","SLICEL.BFF2","SLICE_X76Y96","SLICEL","CLEL_R_X49Y96","264","148","","X2Y1",""
"u_dut/u_unified_p4_kernel/input_mem_reg[1][39][0]","input_mem_reg","FDRE","SLICE_X85Y104","SLICEL.DFF","SLICE_X85Y104","SLICEL","CLEL_R_X55Y104","288","140","","X2Y1",""
"u_dut/u_unified_p4_kernel/input_mem_reg[1][39][10]","input_mem_reg","FDRE","SLICE_X53Y101","SLICEM.DFF2","SLICE_X53Y101","SLICEM","CLEM_X35Y101","202","143","","X1Y1",""
"u_dut/u_unified_p4_kernel/input_mem_reg[1][39][11]","input_mem_reg","FDRE","SLICE_X53Y101","SLICEM.CFF2","SLICE_X53Y101","SLICEM","CLEM_X35Y101","202","143","","X1Y1",""
"u_dut/u_unified_p4_kernel/input_mem_reg[1][39][12]","input_mem_reg","FDRE","SLICE_X85Y104","SLICEL.CFF","SLICE_X85Y104","SLICEL","CLEL_R_X55Y104","288","140","","X2Y1",""
"u_dut/u_unified_p4_kernel/input_mem_reg[1][39][13]","input_mem_reg","FDRE","SLICE_X59Y111","SLICEL.FFF","SLICE_X59Y111","SLICEL","CLEL_R_X38Y111","218","133","","X2Y1",""
"u_dut/u_unified_p4_kernel/input_mem_reg[1][39][14]","input_mem_reg","FDRE","SLICE_X59Y111","SLICEL.EFF","SLICE_X59Y111","SLICEL","CLEL_R_X38Y111","218","133","","X2Y1",""
"u_dut/u_unified_p4_kernel/input_mem_reg[1][39][15]","input_mem_reg","FDRE","SLICE_X69Y110","SLICEL.BFF2","SLICE_X69Y110","SLICEL","CLEL_L_X45Y110","244","134","","X2Y1",""
"u_dut/u_unified_p4_kernel/input_mem_reg[1][39][1]","input_mem_reg","FDRE","SLICE_X69Y110","SLICEL.AFF2","SLICE_X69Y110","SLICEL","CLEL_L_X45Y110","244","134","","X2Y1",""
"u_dut/u_unified_p4_kernel/input_mem_reg[1][39][2]","input_mem_reg","FDRE","SLICE_X87Y107","SLICEL.HFF","SLICE_X87Y107","SLICEL","CLEL_R_X56Y107","293","137","","X2Y1",""
"u_dut/u_unified_p4_kernel/input_mem_reg[1][39][3]","input_mem_reg","FDRE","SLICE_X69Y97","SLICEL.GFF","SLICE_X69Y97","SLICEL","CLEL_L_X45Y97","244","147","","X2Y1",""
"u_dut/u_unified_p4_kernel/input_mem_reg[1][39][4]","input_mem_reg","FDRE","SLICE_X69Y110","SLICEL.HFF","SLICE_X69Y110","SLICEL","CLEL_L_X45Y110","244","134","","X2Y1",""
"u_dut/u_unified_p4_kernel/input_mem_reg[1][39][5]","input_mem_reg","FDRE","SLICE_X86Y110","SLICEM.AFF","SLICE_X86Y110","SLICEM","CLEM_X56Y110","291","134","","X2Y1",""
"u_dut/u_unified_p4_kernel/input_mem_reg[1][39][6]","input_mem_reg","FDRE","SLICE_X69Y97","SLICEL.FFF","SLICE_X69Y97","SLICEL","CLEL_L_X45Y97","244","147","","X2Y1",""
"u_dut/u_unified_p4_kernel/input_mem_reg[1][39][7]","input_mem_reg","FDRE","SLICE_X69Y110","SLICEL.GFF","SLICE_X69Y110","SLICEL","CLEL_L_X45Y110","244","134","","X2Y1",""
"u_dut/u_unified_p4_kernel/input_mem_reg[1][39][8]","input_mem_reg","FDRE","SLICE_X85Y104","SLICEL.BFF","SLICE_X85Y104","SLICEL","CLEL_R_X55Y104","288","140","","X2Y1",""
"u_dut/u_unified_p4_kernel/input_mem_reg[1][39][9]","input_mem_reg","FDRE","SLICE_X69Y110","SLICEL.FFF","SLICE_X69Y110","SLICEL","CLEL_L_X45Y110","244","134","","X2Y1",""
"u_dut/u_unified_p4_kernel/input_mem_reg[1][3][0]","input_mem_reg","FDRE","SLICE_X80Y73","SLICEL.HFF2","SLICE_X80Y73","SLICEL","CLEL_R_X52Y73","276","172","","X2Y1",""
"u_dut/u_unified_p4_kernel/input_mem_reg[1][3][10]","input_mem_reg","FDRE","SLICE_X95Y92","SLICEM.HFF","SLICE_X95Y92","SLICEM","CLEM_X62Y92","318","152","","X3Y1",""
"u_dut/u_unified_p4_kernel/input_mem_reg[1][3][11]","input_mem_reg","FDRE","SLICE_X86Y94","SLICEM.HFF2","SLICE_X86Y94","SLICEM","CLEM_X56Y94","291","150","","X2Y1",""
"u_dut/u_unified_p4_kernel/input_mem_reg[1][3][12]","input_mem_reg","FDRE","SLICE_X86Y94","SLICEM.GFF2","SLICE_X86Y94","SLICEM","CLEM_X56Y94","291","150","","X2Y1",""
"u_dut/u_unified_p4_kernel/input_mem_reg[1][3][13]","input_mem_reg","FDRE","SLICE_X83Y72","SLICEL.GFF","SLICE_X83Y72","SLICEL","CLEL_R_X54Y72","285","173","","X2Y1",""
"u_dut/u_unified_p4_kernel/input_mem_reg[1][3][14]","input_mem_reg","FDRE","SLICE_X83Y77","SLICEL.HFF2","SLICE_X83Y77","SLICEL","CLEL_R_X54Y77","285","168","","X2Y1",""
"u_dut/u_unified_p4_kernel/input_mem_reg[1][3][15]","input_mem_reg","FDRE","SLICE_X95Y92","SLICEM.GFF","SLICE_X95Y92","SLICEM","CLEM_X62Y92","318","152","","X3Y1",""
"u_dut/u_unified_p4_kernel/input_mem_reg[1][3][1]","input_mem_reg","FDRE","SLICE_X83Y72","SLICEL.CFF2","SLICE_X83Y72","SLICEL","CLEL_R_X54Y72","285","173","","X2Y1",""
"u_dut/u_unified_p4_kernel/input_mem_reg[1][3][2]","input_mem_reg","FDRE","SLICE_X83Y72","SLICEL.FFF","SLICE_X83Y72","SLICEL","CLEL_R_X54Y72","285","173","","X2Y1",""
"u_dut/u_unified_p4_kernel/input_mem_reg[1][3][3]","input_mem_reg","FDRE","SLICE_X83Y72","SLICEL.EFF","SLICE_X83Y72","SLICEL","CLEL_R_X54Y72","285","173","","X2Y1",""
"u_dut/u_unified_p4_kernel/input_mem_reg[1][3][4]","input_mem_reg","FDRE","SLICE_X83Y77","SLICEL.GFF2","SLICE_X83Y77","SLICEL","CLEL_R_X54Y77","285","168","","X2Y1",""
"u_dut/u_unified_p4_kernel/input_mem_reg[1][3][5]","input_mem_reg","FDRE","SLICE_X88Y78","SLICEL.DFF","SLICE_X88Y78","SLICEL","CLEL_R_X57Y78","297","167","","X2Y1",""
"u_dut/u_unified_p4_kernel/input_mem_reg[1][3][6]","input_mem_reg","FDRE","SLICE_X85Y80","SLICEL.HFF2","SLICE_X85Y80","SLICEL","CLEL_R_X55Y80","288","165","","X2Y1",""
"u_dut/u_unified_p4_kernel/input_mem_reg[1][3][7]","input_mem_reg","FDRE","SLICE_X85Y77","SLICEL.EFF","SLICE_X85Y77","SLICEL","CLEL_R_X55Y77","288","168","","X2Y1",""
"u_dut/u_unified_p4_kernel/input_mem_reg[1][3][8]","input_mem_reg","FDRE","SLICE_X85Y80","SLICEL.GFF2","SLICE_X85Y80","SLICEL","CLEL_R_X55Y80","288","165","","X2Y1",""
"u_dut/u_unified_p4_kernel/input_mem_reg[1][3][9]","input_mem_reg","FDRE","SLICE_X88Y78","SLICEL.CFF","SLICE_X88Y78","SLICEL","CLEL_R_X57Y78","297","167","","X2Y1",""
"u_dut/u_unified_p4_kernel/input_mem_reg[1][40][0]","input_mem_reg","FDRE","SLICE_X69Y110","SLICEL.DFF","SLICE_X69Y110","SLICEL","CLEL_L_X45Y110","244","134","","X2Y1",""
"u_dut/u_unified_p4_kernel/input_mem_reg[1][40][10]","input_mem_reg","FDRE","SLICE_X69Y110","SLICEL.CFF","SLICE_X69Y110","SLICEL","CLEL_L_X45Y110","244","134","","X2Y1",""
"u_dut/u_unified_p4_kernel/input_mem_reg[1][40][11]","input_mem_reg","FDRE","SLICE_X50Y108","SLICEM.HFF2","SLICE_X50Y108","SLICEM","CLEM_X33Y108","193","136","","X1Y1",""
"u_dut/u_unified_p4_kernel/input_mem_reg[1][40][12]","input_mem_reg","FDRE","SLICE_X50Y108","SLICEM.GFF2","SLICE_X50Y108","SLICEM","CLEM_X33Y108","193","136","","X1Y1",""
"u_dut/u_unified_p4_kernel/input_mem_reg[1][40][13]","input_mem_reg","FDRE","SLICE_X51Y102","SLICEL.HFF2","SLICE_X51Y102","SLICEL","CLEL_R_X33Y102","195","142","","X1Y1",""
"u_dut/u_unified_p4_kernel/input_mem_reg[1][40][14]","input_mem_reg","FDRE","SLICE_X51Y102","SLICEL.GFF2","SLICE_X51Y102","SLICEL","CLEL_R_X33Y102","195","142","","X1Y1",""
"u_dut/u_unified_p4_kernel/input_mem_reg[1][40][15]","input_mem_reg","FDRE","SLICE_X69Y109","SLICEL.HFF2","SLICE_X69Y109","SLICEL","CLEL_L_X45Y109","244","135","","X2Y1",""
"u_dut/u_unified_p4_kernel/input_mem_reg[1][40][1]","input_mem_reg","FDRE","SLICE_X69Y110","SLICEL.BFF","SLICE_X69Y110","SLICEL","CLEL_L_X45Y110","244","134","","X2Y1",""
"u_dut/u_unified_p4_kernel/input_mem_reg[1][40][2]","input_mem_reg","FDRE","SLICE_X54Y105","SLICEL.DFF2","SLICE_X54Y105","SLICEL","CLEL_R_X35Y105","204","139","","X1Y1",""
"u_dut/u_unified_p4_kernel/input_mem_reg[1][40][3]","input_mem_reg","FDRE","SLICE_X57Y93","SLICEL.HFF","SLICE_X57Y93","SLICEL","CLEL_R_X37Y93","213","151","","X2Y1",""
"u_dut/u_unified_p4_kernel/input_mem_reg[1][40][4]","input_mem_reg","FDRE","SLICE_X69Y111","SLICEL.DFF2","SLICE_X69Y111","SLICEL","CLEL_L_X45Y111","244","133","","X2Y1",""
"u_dut/u_unified_p4_kernel/input_mem_reg[1][40][5]","input_mem_reg","FDRE","SLICE_X83Y105","SLICEL.HFF2","SLICE_X83Y105","SLICEL","CLEL_R_X54Y105","285","139","","X2Y1",""
"u_dut/u_unified_p4_kernel/input_mem_reg[1][40][6]","input_mem_reg","FDRE","SLICE_X57Y93","SLICEL.GFF","SLICE_X57Y93","SLICEL","CLEL_R_X37Y93","213","151","","X2Y1",""
"u_dut/u_unified_p4_kernel/input_mem_reg[1][40][7]","input_mem_reg","FDRE","SLICE_X55Y106","SLICEM.HFF2","SLICE_X55Y106","SLICEM","CLEM_X36Y106","207","138","","X1Y1",""
"u_dut/u_unified_p4_kernel/input_mem_reg[1][40][8]","input_mem_reg","FDRE","SLICE_X56Y110","SLICEM.HFF2","SLICE_X56Y110","SLICEM","CLEM_X37Y110","211","134","","X2Y1",""
"u_dut/u_unified_p4_kernel/input_mem_reg[1][40][9]","input_mem_reg","FDRE","SLICE_X55Y106","SLICEM.GFF2","SLICE_X55Y106","SLICEM","CLEM_X36Y106","207","138","","X1Y1",""
"u_dut/u_unified_p4_kernel/input_mem_reg[1][41][0]","input_mem_reg","FDRE","SLICE_X69Y111","SLICEL.CFF2","SLICE_X69Y111","SLICEL","CLEL_L_X45Y111","244","133","","X2Y1",""
"u_dut/u_unified_p4_kernel/input_mem_reg[1][41][10]","input_mem_reg","FDRE","SLICE_X69Y110","SLICEL.AFF","SLICE_X69Y110","SLICEL","CLEL_L_X45Y110","244","134","","X2Y1",""
"u_dut/u_unified_p4_kernel/input_mem_reg[1][41][11]","input_mem_reg","FDRE","SLICE_X68Y110","SLICEL.DFF","SLICE_X68Y110","SLICEL","CLEL_R_X44Y110","243","134","","X2Y1",""
"u_dut/u_unified_p4_kernel/input_mem_reg[1][41][12]","input_mem_reg","FDRE","SLICE_X70Y109","SLICEL.HFF2","SLICE_X70Y109","SLICEL","CLEL_R_X45Y109","246","135","","X2Y1",""
"u_dut/u_unified_p4_kernel/input_mem_reg[1][41][13]","input_mem_reg","FDRE","SLICE_X54Y110","SLICEL.HFF","SLICE_X54Y110","SLICEL","CLEL_R_X35Y110","204","134","","X1Y1",""
"u_dut/u_unified_p4_kernel/input_mem_reg[1][41][14]","input_mem_reg","FDRE","SLICE_X54Y110","SLICEL.GFF","SLICE_X54Y110","SLICEL","CLEL_R_X35Y110","204","134","","X1Y1",""
"u_dut/u_unified_p4_kernel/input_mem_reg[1][41][15]","input_mem_reg","FDRE","SLICE_X53Y111","SLICEM.HFF","SLICE_X53Y111","SLICEM","CLEM_X35Y111","202","133","","X1Y1",""
"u_dut/u_unified_p4_kernel/input_mem_reg[1][41][1]","input_mem_reg","FDRE","SLICE_X54Y110","SLICEL.FFF","SLICE_X54Y110","SLICEL","CLEL_R_X35Y110","204","134","","X1Y1",""
"u_dut/u_unified_p4_kernel/input_mem_reg[1][41][2]","input_mem_reg","FDRE","SLICE_X70Y99","SLICEL.HFF","SLICE_X70Y99","SLICEL","CLEL_R_X45Y99","246","145","","X2Y1",""
"u_dut/u_unified_p4_kernel/input_mem_reg[1][41][3]","input_mem_reg","FDRE","SLICE_X53Y111","SLICEM.GFF","SLICE_X53Y111","SLICEM","CLEM_X35Y111","202","133","","X1Y1",""
"u_dut/u_unified_p4_kernel/input_mem_reg[1][41][4]","input_mem_reg","FDRE","SLICE_X83Y105","SLICEL.GFF2","SLICE_X83Y105","SLICEL","CLEL_R_X54Y105","285","139","","X2Y1",""
"u_dut/u_unified_p4_kernel/input_mem_reg[1][41][5]","input_mem_reg","FDRE","SLICE_X69Y109","SLICEL.GFF2","SLICE_X69Y109","SLICEL","CLEL_L_X45Y109","244","135","","X2Y1",""
"u_dut/u_unified_p4_kernel/input_mem_reg[1][41][6]","input_mem_reg","FDRE","SLICE_X69Y111","SLICEL.BFF2","SLICE_X69Y111","SLICEL","CLEL_L_X45Y111","244","133","","X2Y1",""
"u_dut/u_unified_p4_kernel/input_mem_reg[1][41][7]","input_mem_reg","FDRE","SLICE_X54Y110","SLICEL.EFF","SLICE_X54Y110","SLICEL","CLEL_R_X35Y110","204","134","","X1Y1",""
"u_dut/u_unified_p4_kernel/input_mem_reg[1][41][8]","input_mem_reg","FDRE","SLICE_X69Y111","SLICEL.AFF2","SLICE_X69Y111","SLICEL","CLEL_L_X45Y111","244","133","","X2Y1",""
"u_dut/u_unified_p4_kernel/input_mem_reg[1][41][9]","input_mem_reg","FDRE","SLICE_X70Y99","SLICEL.GFF","SLICE_X70Y99","SLICEL","CLEL_R_X45Y99","246","145","","X2Y1",""
"u_dut/u_unified_p4_kernel/input_mem_reg[1][42][0]","input_mem_reg","FDRE","SLICE_X51Y111","SLICEL.HFF2","SLICE_X51Y111","SLICEL","CLEL_R_X33Y111","195","133","","X1Y1",""
"u_dut/u_unified_p4_kernel/input_mem_reg[1][42][10]","input_mem_reg","FDRE","SLICE_X50Y108","SLICEM.FFF2","SLICE_X50Y108","SLICEM","CLEM_X33Y108","193","136","","X1Y1",""
"u_dut/u_unified_p4_kernel/input_mem_reg[1][42][11]","input_mem_reg","FDRE","SLICE_X55Y111","SLICEM.DFF2","SLICE_X55Y111","SLICEM","CLEM_X36Y111","207","133","","X1Y1",""
"u_dut/u_unified_p4_kernel/input_mem_reg[1][42][12]","input_mem_reg","FDRE","SLICE_X51Y109","SLICEL.DFF","SLICE_X51Y109","SLICEL","CLEL_R_X33Y109","195","135","","X1Y1",""
"u_dut/u_unified_p4_kernel/input_mem_reg[1][42][13]","input_mem_reg","FDRE","SLICE_X68Y106","SLICEL.HFF2","SLICE_X68Y106","SLICEL","CLEL_R_X44Y106","243","138","","X2Y1",""
"u_dut/u_unified_p4_kernel/input_mem_reg[1][42][14]","input_mem_reg","FDRE","SLICE_X58Y98","SLICEM.EFF","SLICE_X58Y98","SLICEM","CLEM_X38Y98","216","146","","X2Y1",""
"u_dut/u_unified_p4_kernel/input_mem_reg[1][42][15]","input_mem_reg","FDRE","SLICE_X59Y98","SLICEL.HFF2","SLICE_X59Y98","SLICEL","CLEL_R_X38Y98","218","146","","X2Y1",""
"u_dut/u_unified_p4_kernel/input_mem_reg[1][42][1]","input_mem_reg","FDRE","SLICE_X54Y112","SLICEL.HFF","SLICE_X54Y112","SLICEL","CLEL_R_X35Y112","204","132","","X1Y1",""
"u_dut/u_unified_p4_kernel/input_mem_reg[1][42][2]","input_mem_reg","FDRE","SLICE_X70Y109","SLICEL.GFF2","SLICE_X70Y109","SLICEL","CLEL_R_X45Y109","246","135","","X2Y1",""
"u_dut/u_unified_p4_kernel/input_mem_reg[1][42][3]","input_mem_reg","FDRE","SLICE_X50Y108","SLICEM.EFF2","SLICE_X50Y108","SLICEM","CLEM_X33Y108","193","136","","X1Y1",""
"u_dut/u_unified_p4_kernel/input_mem_reg[1][42][4]","input_mem_reg","FDRE","SLICE_X68Y106","SLICEL.GFF2","SLICE_X68Y106","SLICEL","CLEL_R_X44Y106","243","138","","X2Y1",""
"u_dut/u_unified_p4_kernel/input_mem_reg[1][42][5]","input_mem_reg","FDRE","SLICE_X54Y112","SLICEL.GFF","SLICE_X54Y112","SLICEL","CLEL_R_X35Y112","204","132","","X1Y1",""
"u_dut/u_unified_p4_kernel/input_mem_reg[1][42][6]","input_mem_reg","FDRE","SLICE_X70Y109","SLICEL.FFF2","SLICE_X70Y109","SLICEL","CLEL_R_X45Y109","246","135","","X2Y1",""
"u_dut/u_unified_p4_kernel/input_mem_reg[1][42][7]","input_mem_reg","FDRE","SLICE_X51Y111","SLICEL.GFF2","SLICE_X51Y111","SLICEL","CLEL_R_X33Y111","195","133","","X1Y1",""
"u_dut/u_unified_p4_kernel/input_mem_reg[1][42][8]","input_mem_reg","FDRE","SLICE_X51Y111","SLICEL.FFF2","SLICE_X51Y111","SLICEL","CLEL_R_X33Y111","195","133","","X1Y1",""
"u_dut/u_unified_p4_kernel/input_mem_reg[1][42][9]","input_mem_reg","FDRE","SLICE_X51Y111","SLICEL.EFF2","SLICE_X51Y111","SLICEL","CLEL_R_X33Y111","195","133","","X1Y1",""
"u_dut/u_unified_p4_kernel/input_mem_reg[1][43][0]","input_mem_reg","FDRE","SLICE_X50Y112","SLICEM.HFF2","SLICE_X50Y112","SLICEM","CLEM_X33Y112","193","132","","X1Y1",""
"u_dut/u_unified_p4_kernel/input_mem_reg[1][43][10]","input_mem_reg","FDRE","SLICE_X50Y112","SLICEM.GFF2","SLICE_X50Y112","SLICEM","CLEM_X33Y112","193","132","","X1Y1",""
"u_dut/u_unified_p4_kernel/input_mem_reg[1][43][11]","input_mem_reg","FDRE","SLICE_X56Y104","SLICEM.HFF2","SLICE_X56Y104","SLICEM","CLEM_X37Y104","211","140","","X2Y1",""
"u_dut/u_unified_p4_kernel/input_mem_reg[1][43][12]","input_mem_reg","FDRE","SLICE_X56Y104","SLICEM.GFF2","SLICE_X56Y104","SLICEM","CLEM_X37Y104","211","140","","X2Y1",""
"u_dut/u_unified_p4_kernel/input_mem_reg[1][43][13]","input_mem_reg","FDRE","SLICE_X69Y92","SLICEL.HFF","SLICE_X69Y92","SLICEL","CLEL_L_X45Y92","244","152","","X2Y1",""
"u_dut/u_unified_p4_kernel/input_mem_reg[1][43][14]","input_mem_reg","FDRE","SLICE_X64Y106","SLICEL.DFF2","SLICE_X64Y106","SLICEL","CLEL_L_X42Y106","232","138","","X2Y1",""
"u_dut/u_unified_p4_kernel/input_mem_reg[1][43][15]","input_mem_reg","FDRE","SLICE_X69Y107","SLICEL.HFF2","SLICE_X69Y107","SLICEL","CLEL_L_X45Y107","244","137","","X2Y1",""
"u_dut/u_unified_p4_kernel/input_mem_reg[1][43][1]","input_mem_reg","FDRE","SLICE_X69Y107","SLICEL.GFF2","SLICE_X69Y107","SLICEL","CLEL_L_X45Y107","244","137","","X2Y1",""
"u_dut/u_unified_p4_kernel/input_mem_reg[1][43][2]","input_mem_reg","FDRE","SLICE_X62Y91","SLICEM.DFF2","SLICE_X62Y91","SLICEM","CLEM_X41Y91","229","153","","X2Y1",""
"u_dut/u_unified_p4_kernel/input_mem_reg[1][43][3]","input_mem_reg","FDRE","SLICE_X65Y109","SLICEL.DFF2","SLICE_X65Y109","SLICEL","CLEL_R_X42Y109","234","135","","X2Y1",""
"u_dut/u_unified_p4_kernel/input_mem_reg[1][43][4]","input_mem_reg","FDRE","SLICE_X55Y106","SLICEM.FFF2","SLICE_X55Y106","SLICEM","CLEM_X36Y106","207","138","","X1Y1",""
"u_dut/u_unified_p4_kernel/input_mem_reg[1][43][5]","input_mem_reg","FDRE","SLICE_X62Y91","SLICEM.CFF2","SLICE_X62Y91","SLICEM","CLEM_X41Y91","229","153","","X2Y1",""
"u_dut/u_unified_p4_kernel/input_mem_reg[1][43][6]","input_mem_reg","FDRE","SLICE_X52Y97","SLICEM.HFF2","SLICE_X52Y97","SLICEM","CLEM_X34Y97","198","147","","X1Y1",""
"u_dut/u_unified_p4_kernel/input_mem_reg[1][43][7]","input_mem_reg","FDRE","SLICE_X68Y93","SLICEL.HFF","SLICE_X68Y93","SLICEL","CLEL_R_X44Y93","243","151","","X2Y1",""
"u_dut/u_unified_p4_kernel/input_mem_reg[1][43][8]","input_mem_reg","FDRE","SLICE_X59Y96","SLICEL.HFF2","SLICE_X59Y96","SLICEL","CLEL_R_X38Y96","218","148","","X2Y1",""
"u_dut/u_unified_p4_kernel/input_mem_reg[1][43][9]","input_mem_reg","FDRE","SLICE_X51Y96","SLICEL.HFF2","SLICE_X51Y96","SLICEL","CLEL_R_X33Y96","195","148","","X1Y1",""
"u_dut/u_unified_p4_kernel/input_mem_reg[1][44][0]","input_mem_reg","FDRE","SLICE_X60Y98","SLICEL.DFF","SLICE_X60Y98","SLICEL","CLEL_R_X39Y98","222","146","","X2Y1",""
"u_dut/u_unified_p4_kernel/input_mem_reg[1][44][10]","input_mem_reg","FDRE","SLICE_X62Y103","SLICEM.EFF","SLICE_X62Y103","SLICEM","CLEM_X41Y103","229","141","","X2Y1",""
"u_dut/u_unified_p4_kernel/input_mem_reg[1][44][11]","input_mem_reg","FDRE","SLICE_X59Y108","SLICEL.HFF2","SLICE_X59Y108","SLICEL","CLEL_R_X38Y108","218","136","","X2Y1",""
"u_dut/u_unified_p4_kernel/input_mem_reg[1][44][12]","input_mem_reg","FDRE","SLICE_X50Y111","SLICEM.HFF2","SLICE_X50Y111","SLICEM","CLEM_X33Y111","193","133","","X1Y1",""
"u_dut/u_unified_p4_kernel/input_mem_reg[1][44][13]","input_mem_reg","FDRE","SLICE_X59Y108","SLICEL.GFF2","SLICE_X59Y108","SLICEL","CLEL_R_X38Y108","218","136","","X2Y1",""
"u_dut/u_unified_p4_kernel/input_mem_reg[1][44][14]","input_mem_reg","FDRE","SLICE_X50Y111","SLICEM.GFF2","SLICE_X50Y111","SLICEM","CLEM_X33Y111","193","133","","X1Y1",""
"u_dut/u_unified_p4_kernel/input_mem_reg[1][44][15]","input_mem_reg","FDRE","SLICE_X52Y103","SLICEM.DFF2","SLICE_X52Y103","SLICEM","CLEM_X34Y103","198","141","","X1Y1",""
"u_dut/u_unified_p4_kernel/input_mem_reg[1][44][1]","input_mem_reg","FDRE","SLICE_X48Y106","SLICEL.HFF","SLICE_X48Y106","SLICEL","CLEL_R_X31Y106","186","138","","X1Y1",""
"u_dut/u_unified_p4_kernel/input_mem_reg[1][44][2]","input_mem_reg","FDRE","SLICE_X48Y106","SLICEL.GFF","SLICE_X48Y106","SLICEL","CLEL_R_X31Y106","186","138","","X1Y1",""
"u_dut/u_unified_p4_kernel/input_mem_reg[1][44][3]","input_mem_reg","FDRE","SLICE_X49Y109","SLICEM.EFF","SLICE_X49Y109","SLICEM","CLEM_X32Y109","189","135","","X1Y1",""
"u_dut/u_unified_p4_kernel/input_mem_reg[1][44][4]","input_mem_reg","FDRE","SLICE_X48Y108","SLICEL.HFF","SLICE_X48Y108","SLICEL","CLEL_R_X31Y108","186","136","","X1Y1",""
"u_dut/u_unified_p4_kernel/input_mem_reg[1][44][5]","input_mem_reg","FDRE","SLICE_X48Y106","SLICEL.FFF","SLICE_X48Y106","SLICEL","CLEL_R_X31Y106","186","138","","X1Y1",""
"u_dut/u_unified_p4_kernel/input_mem_reg[1][44][6]","input_mem_reg","FDRE","SLICE_X48Y106","SLICEL.EFF","SLICE_X48Y106","SLICEL","CLEL_R_X31Y106","186","138","","X1Y1",""
"u_dut/u_unified_p4_kernel/input_mem_reg[1][44][7]","input_mem_reg","FDRE","SLICE_X52Y110","SLICEM.HFF2","SLICE_X52Y110","SLICEM","CLEM_X34Y110","198","134","","X1Y1",""
"u_dut/u_unified_p4_kernel/input_mem_reg[1][44][8]","input_mem_reg","FDRE","SLICE_X48Y108","SLICEL.GFF","SLICE_X48Y108","SLICEL","CLEL_R_X31Y108","186","136","","X1Y1",""
"u_dut/u_unified_p4_kernel/input_mem_reg[1][44][9]","input_mem_reg","FDRE","SLICE_X50Y109","SLICEM.HFF","SLICE_X50Y109","SLICEM","CLEM_X33Y109","193","135","","X1Y1",""
"u_dut/u_unified_p4_kernel/input_mem_reg[1][45][0]","input_mem_reg","FDRE","SLICE_X55Y109","SLICEM.HFF2","SLICE_X55Y109","SLICEM","CLEM_X36Y109","207","135","","X1Y1",""
"u_dut/u_unified_p4_kernel/input_mem_reg[1][45][10]","input_mem_reg","FDRE","SLICE_X54Y107","SLICEL.HFF","SLICE_X54Y107","SLICEL","CLEL_R_X35Y107","204","137","","X1Y1",""
"u_dut/u_unified_p4_kernel/input_mem_reg[1][45][11]","input_mem_reg","FDRE","SLICE_X55Y109","SLICEM.GFF2","SLICE_X55Y109","SLICEM","CLEM_X36Y109","207","135","","X1Y1",""
"u_dut/u_unified_p4_kernel/input_mem_reg[1][45][12]","input_mem_reg","FDRE","SLICE_X55Y108","SLICEM.HFF2","SLICE_X55Y108","SLICEM","CLEM_X36Y108","207","136","","X1Y1",""
"u_dut/u_unified_p4_kernel/input_mem_reg[1][45][13]","input_mem_reg","FDRE","SLICE_X53Y109","SLICEM.HFF","SLICE_X53Y109","SLICEM","CLEM_X35Y109","202","135","","X1Y1",""
"u_dut/u_unified_p4_kernel/input_mem_reg[1][45][14]","input_mem_reg","FDRE","SLICE_X55Y108","SLICEM.GFF2","SLICE_X55Y108","SLICEM","CLEM_X36Y108","207","136","","X1Y1",""
"u_dut/u_unified_p4_kernel/input_mem_reg[1][45][15]","input_mem_reg","FDRE","SLICE_X69Y106","SLICEL.DFF2","SLICE_X69Y106","SLICEL","CLEL_L_X45Y106","244","138","","X2Y1",""
"u_dut/u_unified_p4_kernel/input_mem_reg[1][45][1]","input_mem_reg","FDRE","SLICE_X73Y96","SLICEL.HFF2","SLICE_X73Y96","SLICEL","CLEL_R_X47Y96","255","148","","X2Y1",""
"u_dut/u_unified_p4_kernel/input_mem_reg[1][45][2]","input_mem_reg","FDRE","SLICE_X50Y111","SLICEM.FFF2","SLICE_X50Y111","SLICEM","CLEM_X33Y111","193","133","","X1Y1",""
"u_dut/u_unified_p4_kernel/input_mem_reg[1][45][3]","input_mem_reg","FDRE","SLICE_X69Y106","SLICEL.CFF2","SLICE_X69Y106","SLICEL","CLEL_L_X45Y106","244","138","","X2Y1",""
"u_dut/u_unified_p4_kernel/input_mem_reg[1][45][4]","input_mem_reg","FDRE","SLICE_X50Y109","SLICEM.GFF","SLICE_X50Y109","SLICEM","CLEM_X33Y109","193","135","","X1Y1",""
"u_dut/u_unified_p4_kernel/input_mem_reg[1][45][5]","input_mem_reg","FDRE","SLICE_X73Y96","SLICEL.GFF2","SLICE_X73Y96","SLICEL","CLEL_R_X47Y96","255","148","","X2Y1",""
"u_dut/u_unified_p4_kernel/input_mem_reg[1][45][6]","input_mem_reg","FDRE","SLICE_X53Y109","SLICEM.GFF","SLICE_X53Y109","SLICEM","CLEM_X35Y109","202","135","","X1Y1",""
"u_dut/u_unified_p4_kernel/input_mem_reg[1][45][7]","input_mem_reg","FDRE","SLICE_X50Y111","SLICEM.EFF2","SLICE_X50Y111","SLICEM","CLEM_X33Y111","193","133","","X1Y1",""
"u_dut/u_unified_p4_kernel/input_mem_reg[1][45][8]","input_mem_reg","FDRE","SLICE_X50Y109","SLICEM.FFF","SLICE_X50Y109","SLICEM","CLEM_X33Y109","193","135","","X1Y1",""
"u_dut/u_unified_p4_kernel/input_mem_reg[1][45][9]","input_mem_reg","FDRE","SLICE_X53Y109","SLICEM.FFF","SLICE_X53Y109","SLICEM","CLEM_X35Y109","202","135","","X1Y1",""
"u_dut/u_unified_p4_kernel/input_mem_reg[1][46][0]","input_mem_reg","FDRE","SLICE_X68Y110","SLICEL.HFF2","SLICE_X68Y110","SLICEL","CLEL_R_X44Y110","243","134","","X2Y1",""
"u_dut/u_unified_p4_kernel/input_mem_reg[1][46][10]","input_mem_reg","FDRE","SLICE_X69Y112","SLICEL.HFF","SLICE_X69Y112","SLICEL","CLEL_L_X45Y112","244","132","","X2Y1",""
"u_dut/u_unified_p4_kernel/input_mem_reg[1][46][11]","input_mem_reg","FDRE","SLICE_X52Y114","SLICEM.HFF2","SLICE_X52Y114","SLICEM","CLEM_X34Y114","198","130","","X1Y1",""
"u_dut/u_unified_p4_kernel/input_mem_reg[1][46][12]","input_mem_reg","FDRE","SLICE_X69Y112","SLICEL.GFF","SLICE_X69Y112","SLICEL","CLEL_L_X45Y112","244","132","","X2Y1",""
"u_dut/u_unified_p4_kernel/input_mem_reg[1][46][13]","input_mem_reg","FDRE","SLICE_X56Y112","SLICEM.HFF2","SLICE_X56Y112","SLICEM","CLEM_X37Y112","211","132","","X2Y1",""
"u_dut/u_unified_p4_kernel/input_mem_reg[1][46][14]","input_mem_reg","FDRE","SLICE_X56Y112","SLICEM.GFF2","SLICE_X56Y112","SLICEM","CLEM_X37Y112","211","132","","X2Y1",""
"u_dut/u_unified_p4_kernel/input_mem_reg[1][46][15]","input_mem_reg","FDRE","SLICE_X52Y114","SLICEM.GFF2","SLICE_X52Y114","SLICEM","CLEM_X34Y114","198","130","","X1Y1",""
"u_dut/u_unified_p4_kernel/input_mem_reg[1][46][1]","input_mem_reg","FDRE","SLICE_X69Y112","SLICEL.FFF","SLICE_X69Y112","SLICEL","CLEL_L_X45Y112","244","132","","X2Y1",""
"u_dut/u_unified_p4_kernel/input_mem_reg[1][46][2]","input_mem_reg","FDRE","SLICE_X73Y96","SLICEL.FFF2","SLICE_X73Y96","SLICEL","CLEL_R_X47Y96","255","148","","X2Y1",""
"u_dut/u_unified_p4_kernel/input_mem_reg[1][46][3]","input_mem_reg","FDRE","SLICE_X55Y109","SLICEM.FFF2","SLICE_X55Y109","SLICEM","CLEM_X36Y109","207","135","","X1Y1",""
"u_dut/u_unified_p4_kernel/input_mem_reg[1][46][4]","input_mem_reg","FDRE","SLICE_X53Y109","SLICEM.EFF","SLICE_X53Y109","SLICEM","CLEM_X35Y109","202","135","","X1Y1",""
"u_dut/u_unified_p4_kernel/input_mem_reg[1][46][5]","input_mem_reg","FDRE","SLICE_X73Y96","SLICEL.EFF2","SLICE_X73Y96","SLICEL","CLEL_R_X47Y96","255","148","","X2Y1",""
"u_dut/u_unified_p4_kernel/input_mem_reg[1][46][6]","input_mem_reg","FDRE","SLICE_X49Y111","SLICEM.AFF","SLICE_X49Y111","SLICEM","CLEM_X32Y111","189","133","","X1Y1",""
"u_dut/u_unified_p4_kernel/input_mem_reg[1][46][7]","input_mem_reg","FDRE","SLICE_X49Y111","SLICEM.AFF2","SLICE_X49Y111","SLICEM","CLEM_X32Y111","189","133","","X1Y1",""
"u_dut/u_unified_p4_kernel/input_mem_reg[1][46][8]","input_mem_reg","FDRE","SLICE_X56Y112","SLICEM.FFF2","SLICE_X56Y112","SLICEM","CLEM_X37Y112","211","132","","X2Y1",""
"u_dut/u_unified_p4_kernel/input_mem_reg[1][46][9]","input_mem_reg","FDRE","SLICE_X56Y112","SLICEM.EFF2","SLICE_X56Y112","SLICEM","CLEM_X37Y112","211","132","","X2Y1",""
"u_dut/u_unified_p4_kernel/input_mem_reg[1][47][0]","input_mem_reg","FDRE","SLICE_X52Y112","SLICEM.HFF2","SLICE_X52Y112","SLICEM","CLEM_X34Y112","198","132","","X1Y1",""
"u_dut/u_unified_p4_kernel/input_mem_reg[1][47][10]","input_mem_reg","FDRE","SLICE_X52Y112","SLICEM.GFF2","SLICE_X52Y112","SLICEM","CLEM_X34Y112","198","132","","X1Y1",""
"u_dut/u_unified_p4_kernel/input_mem_reg[1][47][11]","input_mem_reg","FDRE","SLICE_X57Y111","SLICEL.HFF2","SLICE_X57Y111","SLICEL","CLEL_R_X37Y111","213","133","","X2Y1",""
"u_dut/u_unified_p4_kernel/input_mem_reg[1][47][12]","input_mem_reg","FDRE","SLICE_X56Y116","SLICEM.HFF2","SLICE_X56Y116","SLICEM","CLEM_X37Y116","211","128","","X2Y1",""
"u_dut/u_unified_p4_kernel/input_mem_reg[1][47][13]","input_mem_reg","FDRE","SLICE_X56Y116","SLICEM.GFF2","SLICE_X56Y116","SLICEM","CLEM_X37Y116","211","128","","X2Y1",""
"u_dut/u_unified_p4_kernel/input_mem_reg[1][47][14]","input_mem_reg","FDRE","SLICE_X51Y116","SLICEL.HFF2","SLICE_X51Y116","SLICEL","CLEL_R_X33Y116","195","128","","X1Y1",""
"u_dut/u_unified_p4_kernel/input_mem_reg[1][47][15]","input_mem_reg","FDRE","SLICE_X54Y114","SLICEL.HFF2","SLICE_X54Y114","SLICEL","CLEL_R_X35Y114","204","130","","X1Y1",""
"u_dut/u_unified_p4_kernel/input_mem_reg[1][47][1]","input_mem_reg","FDRE","SLICE_X59Y110","SLICEL.DFF2","SLICE_X59Y110","SLICEL","CLEL_R_X38Y110","218","134","","X2Y1",""
"u_dut/u_unified_p4_kernel/input_mem_reg[1][47][2]","input_mem_reg","FDRE","SLICE_X54Y114","SLICEL.GFF2","SLICE_X54Y114","SLICEL","CLEL_R_X35Y114","204","130","","X1Y1",""
"u_dut/u_unified_p4_kernel/input_mem_reg[1][47][3]","input_mem_reg","FDRE","SLICE_X62Y111","SLICEM.DFF2","SLICE_X62Y111","SLICEM","CLEM_X41Y111","229","133","","X2Y1",""
"u_dut/u_unified_p4_kernel/input_mem_reg[1][47][4]","input_mem_reg","FDRE","SLICE_X69Y112","SLICEL.EFF","SLICE_X69Y112","SLICEL","CLEL_L_X45Y112","244","132","","X2Y1",""
"u_dut/u_unified_p4_kernel/input_mem_reg[1][47][5]","input_mem_reg","FDRE","SLICE_X52Y117","SLICEM.DFF","SLICE_X52Y117","SLICEM","CLEM_X34Y117","198","127","","X1Y1",""
"u_dut/u_unified_p4_kernel/input_mem_reg[1][47][6]","input_mem_reg","FDRE","SLICE_X52Y117","SLICEM.CFF","SLICE_X52Y117","SLICEM","CLEM_X34Y117","198","127","","X1Y1",""
"u_dut/u_unified_p4_kernel/input_mem_reg[1][47][7]","input_mem_reg","FDRE","SLICE_X53Y116","SLICEM.DFF2","SLICE_X53Y116","SLICEM","CLEM_X35Y116","202","128","","X1Y1",""
"u_dut/u_unified_p4_kernel/input_mem_reg[1][47][8]","input_mem_reg","FDRE","SLICE_X54Y114","SLICEL.FFF2","SLICE_X54Y114","SLICEL","CLEL_R_X35Y114","204","130","","X1Y1",""
"u_dut/u_unified_p4_kernel/input_mem_reg[1][47][9]","input_mem_reg","FDRE","SLICE_X54Y114","SLICEL.EFF2","SLICE_X54Y114","SLICEL","CLEL_R_X35Y114","204","130","","X1Y1",""
"u_dut/u_unified_p4_kernel/input_mem_reg[1][48][0]","input_mem_reg","FDRE","SLICE_X58Y96","SLICEM.DFF","SLICE_X58Y96","SLICEM","CLEM_X38Y96","216","148","","X2Y1",""
"u_dut/u_unified_p4_kernel/input_mem_reg[1][48][10]","input_mem_reg","FDRE","SLICE_X56Y97","SLICEM.HFF2","SLICE_X56Y97","SLICEM","CLEM_X37Y97","211","147","","X2Y1",""
"u_dut/u_unified_p4_kernel/input_mem_reg[1][48][11]","input_mem_reg","FDRE","SLICE_X58Y95","SLICEM.DFF2","SLICE_X58Y95","SLICEM","CLEM_X38Y95","216","149","","X2Y1",""
"u_dut/u_unified_p4_kernel/input_mem_reg[1][48][12]","input_mem_reg","FDRE","SLICE_X57Y95","SLICEL.HFF2","SLICE_X57Y95","SLICEL","CLEL_R_X37Y95","213","149","","X2Y1",""
"u_dut/u_unified_p4_kernel/input_mem_reg[1][48][13]","input_mem_reg","FDRE","SLICE_X58Y96","SLICEM.CFF","SLICE_X58Y96","SLICEM","CLEM_X38Y96","216","148","","X2Y1",""
"u_dut/u_unified_p4_kernel/input_mem_reg[1][48][14]","input_mem_reg","FDRE","SLICE_X57Y97","SLICEL.AFF2","SLICE_X57Y97","SLICEL","CLEL_R_X37Y97","213","147","","X2Y1",""
"u_dut/u_unified_p4_kernel/input_mem_reg[1][48][15]","input_mem_reg","FDRE","SLICE_X57Y97","SLICEL.BFF2","SLICE_X57Y97","SLICEL","CLEL_R_X37Y97","213","147","","X2Y1",""
"u_dut/u_unified_p4_kernel/input_mem_reg[1][48][1]","input_mem_reg","FDRE","SLICE_X57Y95","SLICEL.GFF2","SLICE_X57Y95","SLICEL","CLEL_R_X37Y95","213","149","","X2Y1",""
"u_dut/u_unified_p4_kernel/input_mem_reg[1][48][2]","input_mem_reg","FDRE","SLICE_X58Y97","SLICEM.EFF","SLICE_X58Y97","SLICEM","CLEM_X38Y97","216","147","","X2Y1",""
"u_dut/u_unified_p4_kernel/input_mem_reg[1][48][3]","input_mem_reg","FDRE","SLICE_X54Y95","SLICEL.HFF","SLICE_X54Y95","SLICEL","CLEL_R_X35Y95","204","149","","X1Y1",""
"u_dut/u_unified_p4_kernel/input_mem_reg[1][48][4]","input_mem_reg","FDRE","SLICE_X58Y96","SLICEM.BFF","SLICE_X58Y96","SLICEM","CLEM_X38Y96","216","148","","X2Y1",""
"u_dut/u_unified_p4_kernel/input_mem_reg[1][48][5]","input_mem_reg","FDRE","SLICE_X57Y91","SLICEL.HFF","SLICE_X57Y91","SLICEL","CLEL_R_X37Y91","213","153","","X2Y1",""
"u_dut/u_unified_p4_kernel/input_mem_reg[1][48][6]","input_mem_reg","FDRE","SLICE_X57Y95","SLICEL.DFF2","SLICE_X57Y95","SLICEL","CLEL_R_X37Y95","213","149","","X2Y1",""
"u_dut/u_unified_p4_kernel/input_mem_reg[1][48][7]","input_mem_reg","FDRE","SLICE_X57Y95","SLICEL.CFF2","SLICE_X57Y95","SLICEL","CLEL_R_X37Y95","213","149","","X2Y1",""
"u_dut/u_unified_p4_kernel/input_mem_reg[1][48][8]","input_mem_reg","FDRE","SLICE_X49Y95","SLICEM.HFF","SLICE_X49Y95","SLICEM","CLEM_X32Y95","189","149","","X1Y1",""
"u_dut/u_unified_p4_kernel/input_mem_reg[1][48][9]","input_mem_reg","FDRE","SLICE_X57Y95","SLICEL.BFF2","SLICE_X57Y95","SLICEL","CLEL_R_X37Y95","213","149","","X2Y1",""
"u_dut/u_unified_p4_kernel/input_mem_reg[1][49][0]","input_mem_reg","FDRE","SLICE_X57Y94","SLICEL.HFF","SLICE_X57Y94","SLICEL","CLEL_R_X37Y94","213","150","","X2Y1",""
"u_dut/u_unified_p4_kernel/input_mem_reg[1][49][10]","input_mem_reg","FDRE","SLICE_X56Y94","SLICEM.DFF2","SLICE_X56Y94","SLICEM","CLEM_X37Y94","211","150","","X2Y1",""
"u_dut/u_unified_p4_kernel/input_mem_reg[1][49][11]","input_mem_reg","FDRE","SLICE_X57Y91","SLICEL.GFF","SLICE_X57Y91","SLICEL","CLEL_R_X37Y91","213","153","","X2Y1",""
"u_dut/u_unified_p4_kernel/input_mem_reg[1][49][12]","input_mem_reg","FDRE","SLICE_X59Y95","SLICEL.EFF","SLICE_X59Y95","SLICEL","CLEL_R_X38Y95","218","149","","X2Y1",""
"u_dut/u_unified_p4_kernel/input_mem_reg[1][49][13]","input_mem_reg","FDRE","SLICE_X56Y94","SLICEM.CFF2","SLICE_X56Y94","SLICEM","CLEM_X37Y94","211","150","","X2Y1",""
"u_dut/u_unified_p4_kernel/input_mem_reg[1][49][14]","input_mem_reg","FDRE","SLICE_X51Y90","SLICEL.HFF","SLICE_X51Y90","SLICEL","CLEL_R_X33Y90","195","154","","X1Y1",""
"u_dut/u_unified_p4_kernel/input_mem_reg[1][49][15]","input_mem_reg","FDRE","SLICE_X59Y95","SLICEL.EFF2","SLICE_X59Y95","SLICEL","CLEL_R_X38Y95","218","149","","X2Y1",""
"u_dut/u_unified_p4_kernel/input_mem_reg[1][49][1]","input_mem_reg","FDRE","SLICE_X50Y93","SLICEM.EFF","SLICE_X50Y93","SLICEM","CLEM_X33Y93","193","151","","X1Y1",""
"u_dut/u_unified_p4_kernel/input_mem_reg[1][49][2]","input_mem_reg","FDRE","SLICE_X57Y91","SLICEL.FFF","SLICE_X57Y91","SLICEL","CLEL_R_X37Y91","213","153","","X2Y1",""
"u_dut/u_unified_p4_kernel/input_mem_reg[1][49][3]","input_mem_reg","FDRE","SLICE_X56Y95","SLICEM.HFF2","SLICE_X56Y95","SLICEM","CLEM_X37Y95","211","149","","X2Y1",""
"u_dut/u_unified_p4_kernel/input_mem_reg[1][49][4]","input_mem_reg","FDRE","SLICE_X57Y98","SLICEL.DFF2","SLICE_X57Y98","SLICEL","CLEL_R_X37Y98","213","146","","X2Y1",""
"u_dut/u_unified_p4_kernel/input_mem_reg[1][49][5]","input_mem_reg","FDRE","SLICE_X56Y94","SLICEM.BFF2","SLICE_X56Y94","SLICEM","CLEM_X37Y94","211","150","","X2Y1",""
"u_dut/u_unified_p4_kernel/input_mem_reg[1][49][6]","input_mem_reg","FDRE","SLICE_X59Y91","SLICEL.HFF","SLICE_X59Y91","SLICEL","CLEL_R_X38Y91","218","153","","X2Y1",""
"u_dut/u_unified_p4_kernel/input_mem_reg[1][49][7]","input_mem_reg","FDRE","SLICE_X57Y94","SLICEL.GFF","SLICE_X57Y94","SLICEL","CLEL_R_X37Y94","213","150","","X2Y1",""
"u_dut/u_unified_p4_kernel/input_mem_reg[1][49][8]","input_mem_reg","FDRE","SLICE_X56Y94","SLICEM.AFF2","SLICE_X56Y94","SLICEM","CLEM_X37Y94","211","150","","X2Y1",""
"u_dut/u_unified_p4_kernel/input_mem_reg[1][49][9]","input_mem_reg","FDRE","SLICE_X58Y95","SLICEM.CFF2","SLICE_X58Y95","SLICEM","CLEM_X38Y95","216","149","","X2Y1",""
"u_dut/u_unified_p4_kernel/input_mem_reg[1][4][0]","input_mem_reg","FDRE","SLICE_X79Y77","SLICEM.HFF2","SLICE_X79Y77","SLICEM","CLEM_X51Y77","270","168","","X2Y1",""
"u_dut/u_unified_p4_kernel/input_mem_reg[1][4][10]","input_mem_reg","FDRE","SLICE_X72Y79","SLICEL.HFF2","SLICE_X72Y79","SLICEL","CLEL_R_X46Y79","251","166","","X2Y1",""
"u_dut/u_unified_p4_kernel/input_mem_reg[1][4][11]","input_mem_reg","FDRE","SLICE_X76Y74","SLICEL.HFF2","SLICE_X76Y74","SLICEL","CLEL_R_X49Y74","264","171","","X2Y1",""
"u_dut/u_unified_p4_kernel/input_mem_reg[1][4][12]","input_mem_reg","FDRE","SLICE_X77Y76","SLICEL.DFF","SLICE_X77Y76","SLICEL","CLEL_L_X50Y76","265","169","","X2Y1",""
"u_dut/u_unified_p4_kernel/input_mem_reg[1][4][13]","input_mem_reg","FDRE","SLICE_X77Y76","SLICEL.CFF","SLICE_X77Y76","SLICEL","CLEL_L_X50Y76","265","169","","X2Y1",""
"u_dut/u_unified_p4_kernel/input_mem_reg[1][4][14]","input_mem_reg","FDRE","SLICE_X72Y79","SLICEL.GFF2","SLICE_X72Y79","SLICEL","CLEL_R_X46Y79","251","166","","X2Y1",""
"u_dut/u_unified_p4_kernel/input_mem_reg[1][4][15]","input_mem_reg","FDRE","SLICE_X78Y78","SLICEL.HFF2","SLICE_X78Y78","SLICEL","CLEL_R_X50Y78","267","167","","X2Y1",""
"u_dut/u_unified_p4_kernel/input_mem_reg[1][4][1]","input_mem_reg","FDRE","SLICE_X77Y76","SLICEL.BFF","SLICE_X77Y76","SLICEL","CLEL_L_X50Y76","265","169","","X2Y1",""
"u_dut/u_unified_p4_kernel/input_mem_reg[1][4][2]","input_mem_reg","FDRE","SLICE_X77Y76","SLICEL.AFF","SLICE_X77Y76","SLICEL","CLEL_L_X50Y76","265","169","","X2Y1",""
"u_dut/u_unified_p4_kernel/input_mem_reg[1][4][3]","input_mem_reg","FDRE","SLICE_X76Y78","SLICEL.HFF","SLICE_X76Y78","SLICEL","CLEL_R_X49Y78","264","167","","X2Y1",""
"u_dut/u_unified_p4_kernel/input_mem_reg[1][4][4]","input_mem_reg","FDRE","SLICE_X77Y77","SLICEL.HFF2","SLICE_X77Y77","SLICEL","CLEL_L_X50Y77","265","168","","X2Y1",""
"u_dut/u_unified_p4_kernel/input_mem_reg[1][4][5]","input_mem_reg","FDRE","SLICE_X76Y78","SLICEL.GFF","SLICE_X76Y78","SLICEL","CLEL_R_X49Y78","264","167","","X2Y1",""
"u_dut/u_unified_p4_kernel/input_mem_reg[1][4][6]","input_mem_reg","FDRE","SLICE_X79Y74","SLICEM.HFF2","SLICE_X79Y74","SLICEM","CLEM_X51Y74","270","171","","X2Y1",""
"u_dut/u_unified_p4_kernel/input_mem_reg[1][4][7]","input_mem_reg","FDRE","SLICE_X74Y79","SLICEM.HFF","SLICE_X74Y79","SLICEM","CLEM_X48Y79","258","166","","X2Y1",""
"u_dut/u_unified_p4_kernel/input_mem_reg[1][4][8]","input_mem_reg","FDRE","SLICE_X74Y79","SLICEM.GFF","SLICE_X74Y79","SLICEM","CLEM_X48Y79","258","166","","X2Y1",""
"u_dut/u_unified_p4_kernel/input_mem_reg[1][4][9]","input_mem_reg","FDRE","SLICE_X74Y80","SLICEM.EFF","SLICE_X74Y80","SLICEM","CLEM_X48Y80","258","165","","X2Y1",""
"u_dut/u_unified_p4_kernel/input_mem_reg[1][50][0]","input_mem_reg","FDRE","SLICE_X57Y98","SLICEL.CFF2","SLICE_X57Y98","SLICEL","CLEL_R_X37Y98","213","146","","X2Y1",""
"u_dut/u_unified_p4_kernel/input_mem_reg[1][50][10]","input_mem_reg","FDRE","SLICE_X58Y97","SLICEM.FFF","SLICE_X58Y97","SLICEM","CLEM_X38Y97","216","147","","X2Y1",""
"u_dut/u_unified_p4_kernel/input_mem_reg[1][50][11]","input_mem_reg","FDRE","SLICE_X57Y94","SLICEL.FFF","SLICE_X57Y94","SLICEL","CLEL_R_X37Y94","213","150","","X2Y1",""
"u_dut/u_unified_p4_kernel/input_mem_reg[1][50][12]","input_mem_reg","FDRE","SLICE_X57Y97","SLICEL.CFF2","SLICE_X57Y97","SLICEL","CLEL_R_X37Y97","213","147","","X2Y1",""
"u_dut/u_unified_p4_kernel/input_mem_reg[1][50][13]","input_mem_reg","FDRE","SLICE_X57Y95","SLICEL.FFF2","SLICE_X57Y95","SLICEL","CLEL_R_X37Y95","213","149","","X2Y1",""
"u_dut/u_unified_p4_kernel/input_mem_reg[1][50][14]","input_mem_reg","FDRE","SLICE_X57Y97","SLICEL.DFF2","SLICE_X57Y97","SLICEL","CLEL_R_X37Y97","213","147","","X2Y1",""
"u_dut/u_unified_p4_kernel/input_mem_reg[1][50][15]","input_mem_reg","FDRE","SLICE_X59Y91","SLICEL.GFF","SLICE_X59Y91","SLICEL","CLEL_R_X38Y91","218","153","","X2Y1",""
"u_dut/u_unified_p4_kernel/input_mem_reg[1][50][1]","input_mem_reg","FDRE","SLICE_X57Y92","SLICEL.EFF","SLICE_X57Y92","SLICEL","CLEL_R_X37Y92","213","152","","X2Y1",""
"u_dut/u_unified_p4_kernel/input_mem_reg[1][50][2]","input_mem_reg","FDRE","SLICE_X56Y95","SLICEM.GFF2","SLICE_X56Y95","SLICEM","CLEM_X37Y95","211","149","","X2Y1",""
"u_dut/u_unified_p4_kernel/input_mem_reg[1][50][3]","input_mem_reg","FDRE","SLICE_X58Y95","SLICEM.BFF2","SLICE_X58Y95","SLICEM","CLEM_X38Y95","216","149","","X2Y1",""
"u_dut/u_unified_p4_kernel/input_mem_reg[1][50][4]","input_mem_reg","FDRE","SLICE_X59Y95","SLICEL.FFF","SLICE_X59Y95","SLICEL","CLEL_R_X38Y95","218","149","","X2Y1",""
"u_dut/u_unified_p4_kernel/input_mem_reg[1][50][5]","input_mem_reg","FDRE","SLICE_X57Y94","SLICEL.EFF","SLICE_X57Y94","SLICEL","CLEL_R_X37Y94","213","150","","X2Y1",""
"u_dut/u_unified_p4_kernel/input_mem_reg[1][50][6]","input_mem_reg","FDRE","SLICE_X56Y95","SLICEM.FFF2","SLICE_X56Y95","SLICEM","CLEM_X37Y95","211","149","","X2Y1",""
"u_dut/u_unified_p4_kernel/input_mem_reg[1][50][7]","input_mem_reg","FDRE","SLICE_X57Y95","SLICEL.EFF2","SLICE_X57Y95","SLICEL","CLEL_R_X37Y95","213","149","","X2Y1",""
"u_dut/u_unified_p4_kernel/input_mem_reg[1][50][8]","input_mem_reg","FDRE","SLICE_X59Y93","SLICEL.HFF","SLICE_X59Y93","SLICEL","CLEL_R_X38Y93","218","151","","X2Y1",""
"u_dut/u_unified_p4_kernel/input_mem_reg[1][50][9]","input_mem_reg","FDRE","SLICE_X58Y97","SLICEM.GFF","SLICE_X58Y97","SLICEM","CLEM_X38Y97","216","147","","X2Y1",""
"u_dut/u_unified_p4_kernel/input_mem_reg[1][51][0]","input_mem_reg","FDRE","SLICE_X59Y91","SLICEL.FFF","SLICE_X59Y91","SLICEL","CLEL_R_X38Y91","218","153","","X2Y1",""
"u_dut/u_unified_p4_kernel/input_mem_reg[1][51][10]","input_mem_reg","FDRE","SLICE_X59Y95","SLICEL.FFF2","SLICE_X59Y95","SLICEL","CLEL_R_X38Y95","218","149","","X2Y1",""
"u_dut/u_unified_p4_kernel/input_mem_reg[1][51][11]","input_mem_reg","FDRE","SLICE_X58Y96","SLICEM.AFF","SLICE_X58Y96","SLICEM","CLEM_X38Y96","216","148","","X2Y1",""
"u_dut/u_unified_p4_kernel/input_mem_reg[1][51][12]","input_mem_reg","FDRE","SLICE_X59Y95","SLICEL.GFF","SLICE_X59Y95","SLICEL","CLEL_R_X38Y95","218","149","","X2Y1",""
"u_dut/u_unified_p4_kernel/input_mem_reg[1][51][13]","input_mem_reg","FDRE","SLICE_X56Y95","SLICEM.EFF2","SLICE_X56Y95","SLICEM","CLEM_X37Y95","211","149","","X2Y1",""
"u_dut/u_unified_p4_kernel/input_mem_reg[1][51][14]","input_mem_reg","FDRE","SLICE_X59Y95","SLICEL.GFF2","SLICE_X59Y95","SLICEL","CLEL_R_X38Y95","218","149","","X2Y1",""
"u_dut/u_unified_p4_kernel/input_mem_reg[1][51][15]","input_mem_reg","FDRE","SLICE_X58Y95","SLICEM.AFF2","SLICE_X58Y95","SLICEM","CLEM_X38Y95","216","149","","X2Y1",""
"u_dut/u_unified_p4_kernel/input_mem_reg[1][51][1]","input_mem_reg","FDRE","SLICE_X58Y97","SLICEM.HFF","SLICE_X58Y97","SLICEM","CLEM_X38Y97","216","147","","X2Y1",""
"u_dut/u_unified_p4_kernel/input_mem_reg[1][51][2]","input_mem_reg","FDRE","SLICE_X57Y92","SLICEL.EFF2","SLICE_X57Y92","SLICEL","CLEL_R_X37Y92","213","152","","X2Y1",""
"u_dut/u_unified_p4_kernel/input_mem_reg[1][51][3]","input_mem_reg","FDRE","SLICE_X57Y95","SLICEL.AFF2","SLICE_X57Y95","SLICEL","CLEL_R_X37Y95","213","149","","X2Y1",""
"u_dut/u_unified_p4_kernel/input_mem_reg[1][51][4]","input_mem_reg","FDRE","SLICE_X57Y92","SLICEL.FFF","SLICE_X57Y92","SLICEL","CLEL_R_X37Y92","213","152","","X2Y1",""
"u_dut/u_unified_p4_kernel/input_mem_reg[1][51][5]","input_mem_reg","FDRE","SLICE_X58Y97","SLICEM.DFF2","SLICE_X58Y97","SLICEM","CLEM_X38Y97","216","147","","X2Y1",""
"u_dut/u_unified_p4_kernel/input_mem_reg[1][51][6]","input_mem_reg","FDRE","SLICE_X57Y92","SLICEL.FFF2","SLICE_X57Y92","SLICEL","CLEL_R_X37Y92","213","152","","X2Y1",""
"u_dut/u_unified_p4_kernel/input_mem_reg[1][51][7]","input_mem_reg","FDRE","SLICE_X59Y95","SLICEL.HFF","SLICE_X59Y95","SLICEL","CLEL_R_X38Y95","218","149","","X2Y1",""
"u_dut/u_unified_p4_kernel/input_mem_reg[1][51][8]","input_mem_reg","FDRE","SLICE_X59Y95","SLICEL.HFF2","SLICE_X59Y95","SLICEL","CLEL_R_X38Y95","218","149","","X2Y1",""
"u_dut/u_unified_p4_kernel/input_mem_reg[1][51][9]","input_mem_reg","FDRE","SLICE_X58Y97","SLICEM.CFF2","SLICE_X58Y97","SLICEM","CLEM_X38Y97","216","147","","X2Y1",""
"u_dut/u_unified_p4_kernel/input_mem_reg[1][52][0]","input_mem_reg","FDRE","SLICE_X73Y102","SLICEL.EFF","SLICE_X73Y102","SLICEL","CLEL_R_X47Y102","255","142","","X2Y1",""
"u_dut/u_unified_p4_kernel/input_mem_reg[1][52][10]","input_mem_reg","FDRE","SLICE_X74Y99","SLICEM.DFF2","SLICE_X74Y99","SLICEM","CLEM_X48Y99","258","145","","X2Y1",""
"u_dut/u_unified_p4_kernel/input_mem_reg[1][52][11]","input_mem_reg","FDRE","SLICE_X74Y100","SLICEM.DFF2","SLICE_X74Y100","SLICEM","CLEM_X48Y100","258","144","","X2Y1",""
"u_dut/u_unified_p4_kernel/input_mem_reg[1][52][12]","input_mem_reg","FDRE","SLICE_X74Y100","SLICEM.HFF2","SLICE_X74Y100","SLICEM","CLEM_X48Y100","258","144","","X2Y1",""
"u_dut/u_unified_p4_kernel/input_mem_reg[1][52][13]","input_mem_reg","FDRE","SLICE_X72Y97","SLICEL.HFF2","SLICE_X72Y97","SLICEL","CLEL_R_X46Y97","251","147","","X2Y1",""
"u_dut/u_unified_p4_kernel/input_mem_reg[1][52][14]","input_mem_reg","FDRE","SLICE_X73Y101","SLICEL.HFF2","SLICE_X73Y101","SLICEL","CLEL_R_X47Y101","255","143","","X2Y1",""
"u_dut/u_unified_p4_kernel/input_mem_reg[1][52][15]","input_mem_reg","FDRE","SLICE_X73Y100","SLICEL.DFF2","SLICE_X73Y100","SLICEL","CLEL_R_X47Y100","255","144","","X2Y1",""
"u_dut/u_unified_p4_kernel/input_mem_reg[1][52][1]","input_mem_reg","FDRE","SLICE_X73Y102","SLICEL.EFF2","SLICE_X73Y102","SLICEL","CLEL_R_X47Y102","255","142","","X2Y1",""
"u_dut/u_unified_p4_kernel/input_mem_reg[1][52][2]","input_mem_reg","FDRE","SLICE_X71Y99","SLICEM.EFF","SLICE_X71Y99","SLICEM","CLEM_X46Y99","249","145","","X2Y1",""
"u_dut/u_unified_p4_kernel/input_mem_reg[1][52][3]","input_mem_reg","FDRE","SLICE_X74Y100","SLICEM.GFF2","SLICE_X74Y100","SLICEM","CLEM_X48Y100","258","144","","X2Y1",""
"u_dut/u_unified_p4_kernel/input_mem_reg[1][52][4]","input_mem_reg","FDRE","SLICE_X61Y95","SLICEM.EFF","SLICE_X61Y95","SLICEM","CLEM_X40Y95","225","149","","X2Y1",""
"u_dut/u_unified_p4_kernel/input_mem_reg[1][52][5]","input_mem_reg","FDRE","SLICE_X73Y101","SLICEL.DFF","SLICE_X73Y101","SLICEL","CLEL_R_X47Y101","255","143","","X2Y1",""
"u_dut/u_unified_p4_kernel/input_mem_reg[1][52][6]","input_mem_reg","FDRE","SLICE_X72Y99","SLICEL.HFF2","SLICE_X72Y99","SLICEL","CLEL_R_X46Y99","251","145","","X2Y1",""
"u_dut/u_unified_p4_kernel/input_mem_reg[1][52][7]","input_mem_reg","FDRE","SLICE_X77Y97","SLICEL.HFF","SLICE_X77Y97","SLICEL","CLEL_L_X50Y97","265","147","","X2Y1",""
"u_dut/u_unified_p4_kernel/input_mem_reg[1][52][8]","input_mem_reg","FDRE","SLICE_X73Y100","SLICEL.CFF2","SLICE_X73Y100","SLICEL","CLEL_R_X47Y100","255","144","","X2Y1",""
"u_dut/u_unified_p4_kernel/input_mem_reg[1][52][9]","input_mem_reg","FDRE","SLICE_X62Y97","SLICEM.DFF2","SLICE_X62Y97","SLICEM","CLEM_X41Y97","229","147","","X2Y1",""
"u_dut/u_unified_p4_kernel/input_mem_reg[1][53][0]","input_mem_reg","FDRE","SLICE_X75Y98","SLICEM.DFF2","SLICE_X75Y98","SLICEM","CLEM_X49Y98","262","146","","X2Y1",""
"u_dut/u_unified_p4_kernel/input_mem_reg[1][53][10]","input_mem_reg","FDRE","SLICE_X73Y102","SLICEL.FFF","SLICE_X73Y102","SLICEL","CLEL_R_X47Y102","255","142","","X2Y1",""
"u_dut/u_unified_p4_kernel/input_mem_reg[1][53][11]","input_mem_reg","FDRE","SLICE_X73Y101","SLICEL.CFF","SLICE_X73Y101","SLICEL","CLEL_R_X47Y101","255","143","","X2Y1",""
"u_dut/u_unified_p4_kernel/input_mem_reg[1][53][12]","input_mem_reg","FDRE","SLICE_X74Y99","SLICEM.CFF2","SLICE_X74Y99","SLICEM","CLEM_X48Y99","258","145","","X2Y1",""
"u_dut/u_unified_p4_kernel/input_mem_reg[1][53][13]","input_mem_reg","FDRE","SLICE_X62Y102","SLICEM.EFF","SLICE_X62Y102","SLICEM","CLEM_X41Y102","229","142","","X2Y1",""
"u_dut/u_unified_p4_kernel/input_mem_reg[1][53][14]","input_mem_reg","FDRE","SLICE_X73Y101","SLICEL.GFF2","SLICE_X73Y101","SLICEL","CLEL_R_X47Y101","255","143","","X2Y1",""
"u_dut/u_unified_p4_kernel/input_mem_reg[1][53][15]","input_mem_reg","FDRE","SLICE_X73Y101","SLICEL.BFF","SLICE_X73Y101","SLICEL","CLEL_R_X47Y101","255","143","","X2Y1",""
"u_dut/u_unified_p4_kernel/input_mem_reg[1][53][1]","input_mem_reg","FDRE","SLICE_X74Y99","SLICEM.BFF2","SLICE_X74Y99","SLICEM","CLEM_X48Y99","258","145","","X2Y1",""
"u_dut/u_unified_p4_kernel/input_mem_reg[1][53][2]","input_mem_reg","FDRE","SLICE_X73Y100","SLICEL.BFF2","SLICE_X73Y100","SLICEL","CLEL_R_X47Y100","255","144","","X2Y1",""
"u_dut/u_unified_p4_kernel/input_mem_reg[1][53][3]","input_mem_reg","FDRE","SLICE_X74Y97","SLICEM.DFF","SLICE_X74Y97","SLICEM","CLEM_X48Y97","258","147","","X2Y1",""
"u_dut/u_unified_p4_kernel/input_mem_reg[1][53][4]","input_mem_reg","FDRE","SLICE_X69Y98","SLICEL.HFF","SLICE_X69Y98","SLICEL","CLEL_L_X45Y98","244","146","","X2Y1",""
"u_dut/u_unified_p4_kernel/input_mem_reg[1][53][5]","input_mem_reg","FDRE","SLICE_X69Y92","SLICEL.DFF","SLICE_X69Y92","SLICEL","CLEL_L_X45Y92","244","152","","X2Y1",""
"u_dut/u_unified_p4_kernel/input_mem_reg[1][53][6]","input_mem_reg","FDRE","SLICE_X73Y102","SLICEL.FFF2","SLICE_X73Y102","SLICEL","CLEL_R_X47Y102","255","142","","X2Y1",""
"u_dut/u_unified_p4_kernel/input_mem_reg[1][53][7]","input_mem_reg","FDRE","SLICE_X73Y102","SLICEL.GFF","SLICE_X73Y102","SLICEL","CLEL_R_X47Y102","255","142","","X2Y1",""
"u_dut/u_unified_p4_kernel/input_mem_reg[1][53][8]","input_mem_reg","FDRE","SLICE_X73Y101","SLICEL.AFF","SLICE_X73Y101","SLICEL","CLEL_R_X47Y101","255","143","","X2Y1",""
"u_dut/u_unified_p4_kernel/input_mem_reg[1][53][9]","input_mem_reg","FDRE","SLICE_X60Y93","SLICEL.HFF","SLICE_X60Y93","SLICEL","CLEL_R_X39Y93","222","151","","X2Y1",""
"u_dut/u_unified_p4_kernel/input_mem_reg[1][54][0]","input_mem_reg","FDRE","SLICE_X74Y99","SLICEM.AFF2","SLICE_X74Y99","SLICEM","CLEM_X48Y99","258","145","","X2Y1",""
"u_dut/u_unified_p4_kernel/input_mem_reg[1][54][10]","input_mem_reg","FDRE","SLICE_X72Y97","SLICEL.GFF2","SLICE_X72Y97","SLICEL","CLEL_R_X46Y97","251","147","","X2Y1",""
"u_dut/u_unified_p4_kernel/input_mem_reg[1][54][11]","input_mem_reg","FDRE","SLICE_X72Y88","SLICEL.AFF","SLICE_X72Y88","SLICEL","CLEL_R_X46Y88","251","157","","X2Y1",""
"u_dut/u_unified_p4_kernel/input_mem_reg[1][54][12]","input_mem_reg","FDRE","SLICE_X73Y100","SLICEL.AFF2","SLICE_X73Y100","SLICEL","CLEL_R_X47Y100","255","144","","X2Y1",""
"u_dut/u_unified_p4_kernel/input_mem_reg[1][54][13]","input_mem_reg","FDRE","SLICE_X74Y100","SLICEM.FFF2","SLICE_X74Y100","SLICEM","CLEM_X48Y100","258","144","","X2Y1",""
"u_dut/u_unified_p4_kernel/input_mem_reg[1][54][14]","input_mem_reg","FDRE","SLICE_X73Y102","SLICEL.GFF2","SLICE_X73Y102","SLICEL","CLEL_R_X47Y102","255","142","","X2Y1",""
"u_dut/u_unified_p4_kernel/input_mem_reg[1][54][15]","input_mem_reg","FDRE","SLICE_X73Y102","SLICEL.HFF","SLICE_X73Y102","SLICEL","CLEL_R_X47Y102","255","142","","X2Y1",""
"u_dut/u_unified_p4_kernel/input_mem_reg[1][54][1]","input_mem_reg","FDRE","SLICE_X72Y99","SLICEL.GFF2","SLICE_X72Y99","SLICEL","CLEL_R_X46Y99","251","145","","X2Y1",""
"u_dut/u_unified_p4_kernel/input_mem_reg[1][54][2]","input_mem_reg","FDRE","SLICE_X74Y97","SLICEM.CFF","SLICE_X74Y97","SLICEM","CLEM_X48Y97","258","147","","X2Y1",""
"u_dut/u_unified_p4_kernel/input_mem_reg[1][54][3]","input_mem_reg","FDRE","SLICE_X73Y101","SLICEL.FFF2","SLICE_X73Y101","SLICEL","CLEL_R_X47Y101","255","143","","X2Y1",""
"u_dut/u_unified_p4_kernel/input_mem_reg[1][54][4]","input_mem_reg","FDRE","SLICE_X73Y103","SLICEL.HFF2","SLICE_X73Y103","SLICEL","CLEL_R_X47Y103","255","141","","X2Y1",""
"u_dut/u_unified_p4_kernel/input_mem_reg[1][54][5]","input_mem_reg","FDRE","SLICE_X68Y90","SLICEL.DFF2","SLICE_X68Y90","SLICEL","CLEL_R_X44Y90","243","154","","X2Y1",""
"u_dut/u_unified_p4_kernel/input_mem_reg[1][54][6]","input_mem_reg","FDRE","SLICE_X69Y81","SLICEL.HFF","SLICE_X69Y81","SLICEL","CLEL_L_X45Y81","244","164","","X2Y1",""
"u_dut/u_unified_p4_kernel/input_mem_reg[1][54][7]","input_mem_reg","FDRE","SLICE_X69Y82","SLICEL.AFF","SLICE_X69Y82","SLICEL","CLEL_L_X45Y82","244","163","","X2Y1",""
"u_dut/u_unified_p4_kernel/input_mem_reg[1][54][8]","input_mem_reg","FDRE","SLICE_X73Y103","SLICEL.GFF2","SLICE_X73Y103","SLICEL","CLEL_R_X47Y103","255","141","","X2Y1",""
"u_dut/u_unified_p4_kernel/input_mem_reg[1][54][9]","input_mem_reg","FDRE","SLICE_X73Y103","SLICEL.FFF2","SLICE_X73Y103","SLICEL","CLEL_R_X47Y103","255","141","","X2Y1",""
"u_dut/u_unified_p4_kernel/input_mem_reg[1][55][0]","input_mem_reg","FDRE","SLICE_X71Y95","SLICEM.EFF","SLICE_X71Y95","SLICEM","CLEM_X46Y95","249","149","","X2Y1",""
"u_dut/u_unified_p4_kernel/input_mem_reg[1][55][10]","input_mem_reg","FDRE","SLICE_X74Y100","SLICEM.CFF2","SLICE_X74Y100","SLICEM","CLEM_X48Y100","258","144","","X2Y1",""
"u_dut/u_unified_p4_kernel/input_mem_reg[1][55][11]","input_mem_reg","FDRE","SLICE_X72Y87","SLICEL.AFF","SLICE_X72Y87","SLICEL","CLEL_R_X46Y87","251","158","","X2Y1",""
"u_dut/u_unified_p4_kernel/input_mem_reg[1][55][12]","input_mem_reg","FDRE","SLICE_X72Y99","SLICEL.FFF2","SLICE_X72Y99","SLICEL","CLEL_R_X46Y99","251","145","","X2Y1",""
"u_dut/u_unified_p4_kernel/input_mem_reg[1][55][13]","input_mem_reg","FDRE","SLICE_X73Y103","SLICEL.EFF2","SLICE_X73Y103","SLICEL","CLEL_R_X47Y103","255","141","","X2Y1",""
"u_dut/u_unified_p4_kernel/input_mem_reg[1][55][14]","input_mem_reg","FDRE","SLICE_X72Y99","SLICEL.EFF2","SLICE_X72Y99","SLICEL","CLEL_R_X46Y99","251","145","","X2Y1",""
"u_dut/u_unified_p4_kernel/input_mem_reg[1][55][15]","input_mem_reg","FDRE","SLICE_X74Y100","SLICEM.EFF2","SLICE_X74Y100","SLICEM","CLEM_X48Y100","258","144","","X2Y1",""
"u_dut/u_unified_p4_kernel/input_mem_reg[1][55][1]","input_mem_reg","FDRE","SLICE_X76Y90","SLICEL.HFF","SLICE_X76Y90","SLICEL","CLEL_R_X49Y90","264","154","","X2Y1",""
"u_dut/u_unified_p4_kernel/input_mem_reg[1][55][2]","input_mem_reg","FDRE","SLICE_X73Y101","SLICEL.EFF2","SLICE_X73Y101","SLICEL","CLEL_R_X47Y101","255","143","","X2Y1",""
"u_dut/u_unified_p4_kernel/input_mem_reg[1][55][3]","input_mem_reg","FDRE","SLICE_X74Y97","SLICEM.BFF","SLICE_X74Y97","SLICEM","CLEM_X48Y97","258","147","","X2Y1",""
"u_dut/u_unified_p4_kernel/input_mem_reg[1][55][4]","input_mem_reg","FDRE","SLICE_X74Y100","SLICEM.BFF2","SLICE_X74Y100","SLICEM","CLEM_X48Y100","258","144","","X2Y1",""
"u_dut/u_unified_p4_kernel/input_mem_reg[1][55][5]","input_mem_reg","FDRE","SLICE_X71Y99","SLICEM.FFF","SLICE_X71Y99","SLICEM","CLEM_X46Y99","249","145","","X2Y1",""
"u_dut/u_unified_p4_kernel/input_mem_reg[1][55][6]","input_mem_reg","FDRE","SLICE_X74Y97","SLICEM.AFF","SLICE_X74Y97","SLICEM","CLEM_X48Y97","258","147","","X2Y1",""
"u_dut/u_unified_p4_kernel/input_mem_reg[1][55][7]","input_mem_reg","FDRE","SLICE_X73Y102","SLICEL.HFF2","SLICE_X73Y102","SLICEL","CLEL_R_X47Y102","255","142","","X2Y1",""
"u_dut/u_unified_p4_kernel/input_mem_reg[1][55][8]","input_mem_reg","FDRE","SLICE_X70Y96","SLICEL.HFF","SLICE_X70Y96","SLICEL","CLEL_R_X45Y96","246","148","","X2Y1",""
"u_dut/u_unified_p4_kernel/input_mem_reg[1][55][9]","input_mem_reg","FDRE","SLICE_X74Y100","SLICEM.AFF2","SLICE_X74Y100","SLICEM","CLEM_X48Y100","258","144","","X2Y1",""
"u_dut/u_unified_p4_kernel/input_mem_reg[1][56][0]","input_mem_reg","FDRE","SLICE_X59Y78","SLICEL.HFF","SLICE_X59Y78","SLICEL","CLEL_R_X38Y78","218","167","","X2Y1",""
"u_dut/u_unified_p4_kernel/input_mem_reg[1][56][10]","input_mem_reg","FDRE","SLICE_X54Y80","SLICEL.HFF","SLICE_X54Y80","SLICEL","CLEL_R_X35Y80","204","165","","X1Y1",""
"u_dut/u_unified_p4_kernel/input_mem_reg[1][56][11]","input_mem_reg","FDRE","SLICE_X56Y82","SLICEM.HFF","SLICE_X56Y82","SLICEM","CLEM_X37Y82","211","163","","X2Y1",""
"u_dut/u_unified_p4_kernel/input_mem_reg[1][56][12]","input_mem_reg","FDRE","SLICE_X53Y75","SLICEM.AFF","SLICE_X53Y75","SLICEM","CLEM_X35Y75","202","170","","X1Y1",""
"u_dut/u_unified_p4_kernel/input_mem_reg[1][56][13]","input_mem_reg","FDRE","SLICE_X53Y77","SLICEM.HFF2","SLICE_X53Y77","SLICEM","CLEM_X35Y77","202","168","","X1Y1",""
"u_dut/u_unified_p4_kernel/input_mem_reg[1][56][14]","input_mem_reg","FDRE","SLICE_X54Y80","SLICEL.GFF","SLICE_X54Y80","SLICEL","CLEL_R_X35Y80","204","165","","X1Y1",""
"u_dut/u_unified_p4_kernel/input_mem_reg[1][56][15]","input_mem_reg","FDRE","SLICE_X55Y80","SLICEM.HFF","SLICE_X55Y80","SLICEM","CLEM_X36Y80","207","165","","X1Y1",""
"u_dut/u_unified_p4_kernel/input_mem_reg[1][56][1]","input_mem_reg","FDRE","SLICE_X53Y77","SLICEM.GFF2","SLICE_X53Y77","SLICEM","CLEM_X35Y77","202","168","","X1Y1",""
"u_dut/u_unified_p4_kernel/input_mem_reg[1][56][2]","input_mem_reg","FDRE","SLICE_X61Y77","SLICEM.HFF","SLICE_X61Y77","SLICEM","CLEM_X40Y77","225","168","","X2Y1",""
"u_dut/u_unified_p4_kernel/input_mem_reg[1][56][3]","input_mem_reg","FDRE","SLICE_X56Y82","SLICEM.DFF2","SLICE_X56Y82","SLICEM","CLEM_X37Y82","211","163","","X2Y1",""
"u_dut/u_unified_p4_kernel/input_mem_reg[1][56][4]","input_mem_reg","FDRE","SLICE_X61Y77","SLICEM.GFF","SLICE_X61Y77","SLICEM","CLEM_X40Y77","225","168","","X2Y1",""
"u_dut/u_unified_p4_kernel/input_mem_reg[1][56][5]","input_mem_reg","FDRE","SLICE_X53Y77","SLICEM.FFF2","SLICE_X53Y77","SLICEM","CLEM_X35Y77","202","168","","X1Y1",""
"u_dut/u_unified_p4_kernel/input_mem_reg[1][56][6]","input_mem_reg","FDRE","SLICE_X55Y80","SLICEM.GFF","SLICE_X55Y80","SLICEM","CLEM_X36Y80","207","165","","X1Y1",""
"u_dut/u_unified_p4_kernel/input_mem_reg[1][56][7]","input_mem_reg","FDRE","SLICE_X60Y78","SLICEL.HFF","SLICE_X60Y78","SLICEL","CLEL_R_X39Y78","222","167","","X2Y1",""
"u_dut/u_unified_p4_kernel/input_mem_reg[1][56][8]","input_mem_reg","FDRE","SLICE_X56Y82","SLICEM.CFF2","SLICE_X56Y82","SLICEM","CLEM_X37Y82","211","163","","X2Y1",""
"u_dut/u_unified_p4_kernel/input_mem_reg[1][56][9]","input_mem_reg","FDRE","SLICE_X53Y77","SLICEM.EFF2","SLICE_X53Y77","SLICEM","CLEM_X35Y77","202","168","","X1Y1",""
"u_dut/u_unified_p4_kernel/input_mem_reg[1][57][0]","input_mem_reg","FDRE","SLICE_X58Y77","SLICEM.HFF2","SLICE_X58Y77","SLICEM","CLEM_X38Y77","216","168","","X2Y1",""
"u_dut/u_unified_p4_kernel/input_mem_reg[1][57][10]","input_mem_reg","FDRE","SLICE_X56Y82","SLICEM.GFF","SLICE_X56Y82","SLICEM","CLEM_X37Y82","211","163","","X2Y1",""
"u_dut/u_unified_p4_kernel/input_mem_reg[1][57][11]","input_mem_reg","FDRE","SLICE_X57Y81","SLICEL.DFF2","SLICE_X57Y81","SLICEL","CLEL_R_X37Y81","213","164","","X2Y1",""
"u_dut/u_unified_p4_kernel/input_mem_reg[1][57][12]","input_mem_reg","FDRE","SLICE_X61Y79","SLICEM.HFF","SLICE_X61Y79","SLICEM","CLEM_X40Y79","225","166","","X2Y1",""
"u_dut/u_unified_p4_kernel/input_mem_reg[1][57][13]","input_mem_reg","FDRE","SLICE_X60Y78","SLICEL.GFF","SLICE_X60Y78","SLICEL","CLEL_R_X39Y78","222","167","","X2Y1",""
"u_dut/u_unified_p4_kernel/input_mem_reg[1][57][14]","input_mem_reg","FDRE","SLICE_X62Y78","SLICEM.HFF2","SLICE_X62Y78","SLICEM","CLEM_X41Y78","229","167","","X2Y1",""
"u_dut/u_unified_p4_kernel/input_mem_reg[1][57][15]","input_mem_reg","FDRE","SLICE_X59Y73","SLICEL.HFF","SLICE_X59Y73","SLICEL","CLEL_R_X38Y73","218","172","","X2Y1",""
"u_dut/u_unified_p4_kernel/input_mem_reg[1][57][1]","input_mem_reg","FDRE","SLICE_X61Y77","SLICEM.FFF","SLICE_X61Y77","SLICEM","CLEM_X40Y77","225","168","","X2Y1",""
"u_dut/u_unified_p4_kernel/input_mem_reg[1][57][2]","input_mem_reg","FDRE","SLICE_X61Y77","SLICEM.EFF","SLICE_X61Y77","SLICEM","CLEM_X40Y77","225","168","","X2Y1",""
"u_dut/u_unified_p4_kernel/input_mem_reg[1][57][3]","input_mem_reg","FDRE","SLICE_X59Y73","SLICEL.GFF","SLICE_X59Y73","SLICEL","CLEL_R_X38Y73","218","172","","X2Y1",""
"u_dut/u_unified_p4_kernel/input_mem_reg[1][57][4]","input_mem_reg","FDRE","SLICE_X58Y77","SLICEM.GFF2","SLICE_X58Y77","SLICEM","CLEM_X38Y77","216","168","","X2Y1",""
"u_dut/u_unified_p4_kernel/input_mem_reg[1][57][5]","input_mem_reg","FDRE","SLICE_X63Y77","SLICEL.DFF2","SLICE_X63Y77","SLICEL","CLEL_R_X41Y77","231","168","","X2Y1",""
"u_dut/u_unified_p4_kernel/input_mem_reg[1][57][6]","input_mem_reg","FDRE","SLICE_X58Y77","SLICEM.FFF2","SLICE_X58Y77","SLICEM","CLEM_X38Y77","216","168","","X2Y1",""
"u_dut/u_unified_p4_kernel/input_mem_reg[1][57][7]","input_mem_reg","FDRE","SLICE_X61Y76","SLICEM.HFF2","SLICE_X61Y76","SLICEM","CLEM_X40Y76","225","169","","X2Y1",""
"u_dut/u_unified_p4_kernel/input_mem_reg[1][57][8]","input_mem_reg","FDRE","SLICE_X58Y76","SLICEM.DFF","SLICE_X58Y76","SLICEM","CLEM_X38Y76","216","169","","X2Y1",""
"u_dut/u_unified_p4_kernel/input_mem_reg[1][57][9]","input_mem_reg","FDRE","SLICE_X61Y76","SLICEM.GFF2","SLICE_X61Y76","SLICEM","CLEM_X40Y76","225","169","","X2Y1",""
"u_dut/u_unified_p4_kernel/input_mem_reg[1][58][0]","input_mem_reg","FDRE","SLICE_X58Y79","SLICEM.HFF2","SLICE_X58Y79","SLICEM","CLEM_X38Y79","216","166","","X2Y1",""
"u_dut/u_unified_p4_kernel/input_mem_reg[1][58][10]","input_mem_reg","FDRE","SLICE_X58Y80","SLICEM.DFF2","SLICE_X58Y80","SLICEM","CLEM_X38Y80","216","165","","X2Y1",""
"u_dut/u_unified_p4_kernel/input_mem_reg[1][58][11]","input_mem_reg","FDRE","SLICE_X57Y81","SLICEL.CFF2","SLICE_X57Y81","SLICEL","CLEL_R_X37Y81","213","164","","X2Y1",""
"u_dut/u_unified_p4_kernel/input_mem_reg[1][58][12]","input_mem_reg","FDRE","SLICE_X60Y82","SLICEL.EFF","SLICE_X60Y82","SLICEL","CLEL_R_X39Y82","222","163","","X2Y1",""
"u_dut/u_unified_p4_kernel/input_mem_reg[1][58][13]","input_mem_reg","FDRE","SLICE_X54Y81","SLICEL.HFF","SLICE_X54Y81","SLICEL","CLEL_R_X35Y81","204","164","","X1Y1",""
"u_dut/u_unified_p4_kernel/input_mem_reg[1][58][14]","input_mem_reg","FDRE","SLICE_X55Y80","SLICEM.FFF","SLICE_X55Y80","SLICEM","CLEM_X36Y80","207","165","","X1Y1",""
"u_dut/u_unified_p4_kernel/input_mem_reg[1][58][15]","input_mem_reg","FDRE","SLICE_X60Y73","SLICEL.HFF","SLICE_X60Y73","SLICEL","CLEL_R_X39Y73","222","172","","X2Y1",""
"u_dut/u_unified_p4_kernel/input_mem_reg[1][58][1]","input_mem_reg","FDRE","SLICE_X56Y73","SLICEM.HFF2","SLICE_X56Y73","SLICEM","CLEM_X37Y73","211","172","","X2Y1",""
"u_dut/u_unified_p4_kernel/input_mem_reg[1][58][2]","input_mem_reg","FDRE","SLICE_X56Y82","SLICEM.FFF","SLICE_X56Y82","SLICEM","CLEM_X37Y82","211","163","","X2Y1",""
"u_dut/u_unified_p4_kernel/input_mem_reg[1][58][3]","input_mem_reg","FDRE","SLICE_X59Y78","SLICEL.GFF","SLICE_X59Y78","SLICEL","CLEL_R_X38Y78","218","167","","X2Y1",""
"u_dut/u_unified_p4_kernel/input_mem_reg[1][58][4]","input_mem_reg","FDRE","SLICE_X57Y81","SLICEL.BFF2","SLICE_X57Y81","SLICEL","CLEL_R_X37Y81","213","164","","X2Y1",""
"u_dut/u_unified_p4_kernel/input_mem_reg[1][58][5]","input_mem_reg","FDRE","SLICE_X56Y82","SLICEM.EFF","SLICE_X56Y82","SLICEM","CLEM_X37Y82","211","163","","X2Y1",""
"u_dut/u_unified_p4_kernel/input_mem_reg[1][58][6]","input_mem_reg","FDRE","SLICE_X56Y73","SLICEM.GFF2","SLICE_X56Y73","SLICEM","CLEM_X37Y73","211","172","","X2Y1",""
"u_dut/u_unified_p4_kernel/input_mem_reg[1][58][7]","input_mem_reg","FDRE","SLICE_X56Y74","SLICEM.DFF","SLICE_X56Y74","SLICEM","CLEM_X37Y74","211","171","","X2Y1",""
"u_dut/u_unified_p4_kernel/input_mem_reg[1][58][8]","input_mem_reg","FDRE","SLICE_X57Y81","SLICEL.AFF2","SLICE_X57Y81","SLICEL","CLEL_R_X37Y81","213","164","","X2Y1",""
"u_dut/u_unified_p4_kernel/input_mem_reg[1][58][9]","input_mem_reg","FDRE","SLICE_X55Y80","SLICEM.EFF","SLICE_X55Y80","SLICEM","CLEM_X36Y80","207","165","","X1Y1",""
"u_dut/u_unified_p4_kernel/input_mem_reg[1][59][0]","input_mem_reg","FDRE","SLICE_X58Y76","SLICEM.CFF","SLICE_X58Y76","SLICEM","CLEM_X38Y76","216","169","","X2Y1",""
"u_dut/u_unified_p4_kernel/input_mem_reg[1][59][10]","input_mem_reg","FDRE","SLICE_X58Y76","SLICEM.BFF","SLICE_X58Y76","SLICEM","CLEM_X38Y76","216","169","","X2Y1",""
"u_dut/u_unified_p4_kernel/input_mem_reg[1][59][11]","input_mem_reg","FDRE","SLICE_X59Y75","SLICEL.HFF","SLICE_X59Y75","SLICEL","CLEL_R_X38Y75","218","170","","X2Y1",""
"u_dut/u_unified_p4_kernel/input_mem_reg[1][59][12]","input_mem_reg","FDRE","SLICE_X61Y80","SLICEM.HFF2","SLICE_X61Y80","SLICEM","CLEM_X40Y80","225","165","","X2Y1",""
"u_dut/u_unified_p4_kernel/input_mem_reg[1][59][13]","input_mem_reg","FDRE","SLICE_X63Y76","SLICEL.EFF","SLICE_X63Y76","SLICEL","CLEL_R_X41Y76","231","169","","X2Y1",""
"u_dut/u_unified_p4_kernel/input_mem_reg[1][59][14]","input_mem_reg","FDRE","SLICE_X59Y75","SLICEL.GFF","SLICE_X59Y75","SLICEL","CLEL_R_X38Y75","218","170","","X2Y1",""
"u_dut/u_unified_p4_kernel/input_mem_reg[1][59][15]","input_mem_reg","FDRE","SLICE_X59Y77","SLICEL.HFF2","SLICE_X59Y77","SLICEL","CLEL_R_X38Y77","218","168","","X2Y1",""
"u_dut/u_unified_p4_kernel/input_mem_reg[1][59][1]","input_mem_reg","FDRE","SLICE_X62Y75","SLICEM.HFF2","SLICE_X62Y75","SLICEM","CLEM_X41Y75","229","170","","X2Y1",""
"u_dut/u_unified_p4_kernel/input_mem_reg[1][59][2]","input_mem_reg","FDRE","SLICE_X62Y75","SLICEM.GFF2","SLICE_X62Y75","SLICEM","CLEM_X41Y75","229","170","","X2Y1",""
"u_dut/u_unified_p4_kernel/input_mem_reg[1][59][3]","input_mem_reg","FDRE","SLICE_X59Y75","SLICEL.FFF","SLICE_X59Y75","SLICEL","CLEL_R_X38Y75","218","170","","X2Y1",""
"u_dut/u_unified_p4_kernel/input_mem_reg[1][59][4]","input_mem_reg","FDRE","SLICE_X59Y77","SLICEL.GFF2","SLICE_X59Y77","SLICEL","CLEL_R_X38Y77","218","168","","X2Y1",""
"u_dut/u_unified_p4_kernel/input_mem_reg[1][59][5]","input_mem_reg","FDRE","SLICE_X59Y75","SLICEL.EFF","SLICE_X59Y75","SLICEL","CLEL_R_X38Y75","218","170","","X2Y1",""
"u_dut/u_unified_p4_kernel/input_mem_reg[1][59][6]","input_mem_reg","FDRE","SLICE_X58Y76","SLICEM.AFF","SLICE_X58Y76","SLICEM","CLEM_X38Y76","216","169","","X2Y1",""
"u_dut/u_unified_p4_kernel/input_mem_reg[1][59][7]","input_mem_reg","FDRE","SLICE_X59Y77","SLICEL.FFF2","SLICE_X59Y77","SLICEL","CLEL_R_X38Y77","218","168","","X2Y1",""
"u_dut/u_unified_p4_kernel/input_mem_reg[1][59][8]","input_mem_reg","FDRE","SLICE_X59Y77","SLICEL.EFF2","SLICE_X59Y77","SLICEL","CLEL_R_X38Y77","218","168","","X2Y1",""
"u_dut/u_unified_p4_kernel/input_mem_reg[1][59][9]","input_mem_reg","FDRE","SLICE_X61Y76","SLICEM.FFF2","SLICE_X61Y76","SLICEM","CLEM_X40Y76","225","169","","X2Y1",""
"u_dut/u_unified_p4_kernel/input_mem_reg[1][5][0]","input_mem_reg","FDRE","SLICE_X77Y75","SLICEL.HFF2","SLICE_X77Y75","SLICEL","CLEL_L_X50Y75","265","170","","X2Y1",""
"u_dut/u_unified_p4_kernel/input_mem_reg[1][5][10]","input_mem_reg","FDRE","SLICE_X71Y76","SLICEM.HFF2","SLICE_X71Y76","SLICEM","CLEM_X46Y76","249","169","","X2Y1",""
"u_dut/u_unified_p4_kernel/input_mem_reg[1][5][11]","input_mem_reg","FDRE","SLICE_X77Y75","SLICEL.GFF2","SLICE_X77Y75","SLICEL","CLEL_L_X50Y75","265","170","","X2Y1",""
"u_dut/u_unified_p4_kernel/input_mem_reg[1][5][12]","input_mem_reg","FDRE","SLICE_X66Y76","SLICEM.AFF","SLICE_X66Y76","SLICEM","CLEM_X43Y76","237","169","","X2Y1",""
"u_dut/u_unified_p4_kernel/input_mem_reg[1][5][13]","input_mem_reg","FDRE","SLICE_X78Y72","SLICEL.HFF","SLICE_X78Y72","SLICEL","CLEL_R_X50Y72","267","173","","X2Y1",""
"u_dut/u_unified_p4_kernel/input_mem_reg[1][5][14]","input_mem_reg","FDRE","SLICE_X73Y77","SLICEL.DFF2","SLICE_X73Y77","SLICEL","CLEL_R_X47Y77","255","168","","X2Y1",""
"u_dut/u_unified_p4_kernel/input_mem_reg[1][5][15]","input_mem_reg","FDRE","SLICE_X69Y72","SLICEL.HFF","SLICE_X69Y72","SLICEL","CLEL_L_X45Y72","244","173","","X2Y1",""
"u_dut/u_unified_p4_kernel/input_mem_reg[1][5][1]","input_mem_reg","FDRE","SLICE_X76Y71","SLICEL.HFF","SLICE_X76Y71","SLICEL","CLEL_R_X49Y71","264","174","","X2Y1",""
"u_dut/u_unified_p4_kernel/input_mem_reg[1][5][2]","input_mem_reg","FDRE","SLICE_X67Y75","SLICEM.AFF","SLICE_X67Y75","SLICEM","CLEM_X44Y75","241","170","","X2Y1",""
"u_dut/u_unified_p4_kernel/input_mem_reg[1][5][3]","input_mem_reg","FDRE","SLICE_X74Y74","SLICEM.HFF2","SLICE_X74Y74","SLICEM","CLEM_X48Y74","258","171","","X2Y1",""
"u_dut/u_unified_p4_kernel/input_mem_reg[1][5][4]","input_mem_reg","FDRE","SLICE_X69Y72","SLICEL.GFF","SLICE_X69Y72","SLICEL","CLEL_L_X45Y72","244","173","","X2Y1",""
"u_dut/u_unified_p4_kernel/input_mem_reg[1][5][5]","input_mem_reg","FDRE","SLICE_X77Y75","SLICEL.DFF","SLICE_X77Y75","SLICEL","CLEL_L_X50Y75","265","170","","X2Y1",""
"u_dut/u_unified_p4_kernel/input_mem_reg[1][5][6]","input_mem_reg","FDRE","SLICE_X73Y77","SLICEL.CFF2","SLICE_X73Y77","SLICEL","CLEL_R_X47Y77","255","168","","X2Y1",""
"u_dut/u_unified_p4_kernel/input_mem_reg[1][5][7]","input_mem_reg","FDRE","SLICE_X73Y76","SLICEL.HFF","SLICE_X73Y76","SLICEL","CLEL_R_X47Y76","255","169","","X2Y1",""
"u_dut/u_unified_p4_kernel/input_mem_reg[1][5][8]","input_mem_reg","FDRE","SLICE_X73Y77","SLICEL.BFF2","SLICE_X73Y77","SLICEL","CLEL_R_X47Y77","255","168","","X2Y1",""
"u_dut/u_unified_p4_kernel/input_mem_reg[1][5][9]","input_mem_reg","FDRE","SLICE_X76Y72","SLICEL.HFF","SLICE_X76Y72","SLICEL","CLEL_R_X49Y72","264","173","","X2Y1",""
"u_dut/u_unified_p4_kernel/input_mem_reg[1][60][0]","input_mem_reg","FDRE","SLICE_X84Y75","SLICEL.HFF2","SLICE_X84Y75","SLICEL","CLEL_L_X55Y75","286","170","","X2Y1",""
"u_dut/u_unified_p4_kernel/input_mem_reg[1][60][10]","input_mem_reg","FDRE","SLICE_X79Y86","SLICEM.HFF2","SLICE_X79Y86","SLICEM","CLEM_X51Y86","270","159","","X2Y1",""
"u_dut/u_unified_p4_kernel/input_mem_reg[1][60][11]","input_mem_reg","FDRE","SLICE_X79Y87","SLICEM.DFF","SLICE_X79Y87","SLICEM","CLEM_X51Y87","270","158","","X2Y1",""
"u_dut/u_unified_p4_kernel/input_mem_reg[1][60][12]","input_mem_reg","FDRE","SLICE_X79Y85","SLICEM.EFF","SLICE_X79Y85","SLICEM","CLEM_X51Y85","270","160","","X2Y1",""
"u_dut/u_unified_p4_kernel/input_mem_reg[1][60][13]","input_mem_reg","FDRE","SLICE_X80Y74","SLICEL.HFF","SLICE_X80Y74","SLICEL","CLEL_R_X52Y74","276","171","","X2Y1",""
"u_dut/u_unified_p4_kernel/input_mem_reg[1][60][14]","input_mem_reg","FDRE","SLICE_X79Y85","SLICEM.EFF2","SLICE_X79Y85","SLICEM","CLEM_X51Y85","270","160","","X2Y1",""
"u_dut/u_unified_p4_kernel/input_mem_reg[1][60][15]","input_mem_reg","FDRE","SLICE_X79Y86","SLICEM.GFF2","SLICE_X79Y86","SLICEM","CLEM_X51Y86","270","159","","X2Y1",""
"u_dut/u_unified_p4_kernel/input_mem_reg[1][60][1]","input_mem_reg","FDRE","SLICE_X84Y73","SLICEL.HFF2","SLICE_X84Y73","SLICEL","CLEL_L_X55Y73","286","172","","X2Y1",""
"u_dut/u_unified_p4_kernel/input_mem_reg[1][60][2]","input_mem_reg","FDRE","SLICE_X79Y86","SLICEM.FFF2","SLICE_X79Y86","SLICEM","CLEM_X51Y86","270","159","","X2Y1",""
"u_dut/u_unified_p4_kernel/input_mem_reg[1][60][3]","input_mem_reg","FDRE","SLICE_X79Y86","SLICEM.DFF2","SLICE_X79Y86","SLICEM","CLEM_X51Y86","270","159","","X2Y1",""
"u_dut/u_unified_p4_kernel/input_mem_reg[1][60][4]","input_mem_reg","FDRE","SLICE_X79Y85","SLICEM.FFF","SLICE_X79Y85","SLICEM","CLEM_X51Y85","270","160","","X2Y1",""
"u_dut/u_unified_p4_kernel/input_mem_reg[1][60][5]","input_mem_reg","FDRE","SLICE_X78Y82","SLICEL.EFF","SLICE_X78Y82","SLICEL","CLEL_R_X50Y82","267","163","","X2Y1",""
"u_dut/u_unified_p4_kernel/input_mem_reg[1][60][6]","input_mem_reg","FDRE","SLICE_X79Y86","SLICEM.CFF2","SLICE_X79Y86","SLICEM","CLEM_X51Y86","270","159","","X2Y1",""
"u_dut/u_unified_p4_kernel/input_mem_reg[1][60][7]","input_mem_reg","FDRE","SLICE_X79Y87","SLICEM.CFF","SLICE_X79Y87","SLICEM","CLEM_X51Y87","270","158","","X2Y1",""
"u_dut/u_unified_p4_kernel/input_mem_reg[1][60][8]","input_mem_reg","FDRE","SLICE_X79Y89","SLICEM.DFF","SLICE_X79Y89","SLICEM","CLEM_X51Y89","270","156","","X2Y1",""
"u_dut/u_unified_p4_kernel/input_mem_reg[1][60][9]","input_mem_reg","FDRE","SLICE_X79Y89","SLICEM.HFF","SLICE_X79Y89","SLICEM","CLEM_X51Y89","270","156","","X2Y1",""
"u_dut/u_unified_p4_kernel/input_mem_reg[1][61][0]","input_mem_reg","FDRE","SLICE_X84Y78","SLICEL.HFF","SLICE_X84Y78","SLICEL","CLEL_L_X55Y78","286","167","","X2Y1",""
"u_dut/u_unified_p4_kernel/input_mem_reg[1][61][10]","input_mem_reg","FDRE","SLICE_X79Y85","SLICEM.FFF2","SLICE_X79Y85","SLICEM","CLEM_X51Y85","270","160","","X2Y1",""
"u_dut/u_unified_p4_kernel/input_mem_reg[1][61][11]","input_mem_reg","FDRE","SLICE_X79Y89","SLICEM.CFF","SLICE_X79Y89","SLICEM","CLEM_X51Y89","270","156","","X2Y1",""
"u_dut/u_unified_p4_kernel/input_mem_reg[1][61][12]","input_mem_reg","FDRE","SLICE_X84Y76","SLICEL.HFF2","SLICE_X84Y76","SLICEL","CLEL_L_X55Y76","286","169","","X2Y1",""
"u_dut/u_unified_p4_kernel/input_mem_reg[1][61][13]","input_mem_reg","FDRE","SLICE_X84Y76","SLICEL.GFF2","SLICE_X84Y76","SLICEL","CLEL_L_X55Y76","286","169","","X2Y1",""
"u_dut/u_unified_p4_kernel/input_mem_reg[1][61][14]","input_mem_reg","FDRE","SLICE_X79Y86","SLICEM.EFF2","SLICE_X79Y86","SLICEM","CLEM_X51Y86","270","159","","X2Y1",""
"u_dut/u_unified_p4_kernel/input_mem_reg[1][61][15]","input_mem_reg","FDRE","SLICE_X79Y89","SLICEM.BFF","SLICE_X79Y89","SLICEM","CLEM_X51Y89","270","156","","X2Y1",""
"u_dut/u_unified_p4_kernel/input_mem_reg[1][61][1]","input_mem_reg","FDRE","SLICE_X79Y89","SLICEM.GFF","SLICE_X79Y89","SLICEM","CLEM_X51Y89","270","156","","X2Y1",""
"u_dut/u_unified_p4_kernel/input_mem_reg[1][61][2]","input_mem_reg","FDRE","SLICE_X79Y85","SLICEM.GFF","SLICE_X79Y85","SLICEM","CLEM_X51Y85","270","160","","X2Y1",""
"u_dut/u_unified_p4_kernel/input_mem_reg[1][61][3]","input_mem_reg","FDRE","SLICE_X79Y89","SLICEM.FFF","SLICE_X79Y89","SLICEM","CLEM_X51Y89","270","156","","X2Y1",""
"u_dut/u_unified_p4_kernel/input_mem_reg[1][61][4]","input_mem_reg","FDRE","SLICE_X79Y85","SLICEM.GFF2","SLICE_X79Y85","SLICEM","CLEM_X51Y85","270","160","","X2Y1",""
"u_dut/u_unified_p4_kernel/input_mem_reg[1][61][5]","input_mem_reg","FDRE","SLICE_X79Y84","SLICEM.DFF2","SLICE_X79Y84","SLICEM","CLEM_X51Y84","270","161","","X2Y1",""
"u_dut/u_unified_p4_kernel/input_mem_reg[1][61][6]","input_mem_reg","FDRE","SLICE_X79Y85","SLICEM.HFF","SLICE_X79Y85","SLICEM","CLEM_X51Y85","270","160","","X2Y1",""
"u_dut/u_unified_p4_kernel/input_mem_reg[1][61][7]","input_mem_reg","FDRE","SLICE_X79Y87","SLICEM.BFF","SLICE_X79Y87","SLICEM","CLEM_X51Y87","270","158","","X2Y1",""
"u_dut/u_unified_p4_kernel/input_mem_reg[1][61][8]","input_mem_reg","FDRE","SLICE_X79Y85","SLICEM.HFF2","SLICE_X79Y85","SLICEM","CLEM_X51Y85","270","160","","X2Y1",""
"u_dut/u_unified_p4_kernel/input_mem_reg[1][61][9]","input_mem_reg","FDRE","SLICE_X79Y86","SLICEM.BFF2","SLICE_X79Y86","SLICEM","CLEM_X51Y86","270","159","","X2Y1",""
"u_dut/u_unified_p4_kernel/input_mem_reg[1][62][0]","input_mem_reg","FDRE","SLICE_X78Y83","SLICEL.HFF","SLICE_X78Y83","SLICEL","CLEL_R_X50Y83","267","162","","X2Y1",""
"u_dut/u_unified_p4_kernel/input_mem_reg[1][62][10]","input_mem_reg","FDRE","SLICE_X79Y89","SLICEM.EFF","SLICE_X79Y89","SLICEM","CLEM_X51Y89","270","156","","X2Y1",""
"u_dut/u_unified_p4_kernel/input_mem_reg[1][62][11]","input_mem_reg","FDRE","SLICE_X81Y77","SLICEM.HFF2","SLICE_X81Y77","SLICEM","CLEM_X53Y77","279","168","","X2Y1",""
"u_dut/u_unified_p4_kernel/input_mem_reg[1][62][12]","input_mem_reg","FDRE","SLICE_X78Y83","SLICEL.GFF","SLICE_X78Y83","SLICEL","CLEL_R_X50Y83","267","162","","X2Y1",""
"u_dut/u_unified_p4_kernel/input_mem_reg[1][62][13]","input_mem_reg","FDRE","SLICE_X79Y86","SLICEM.AFF2","SLICE_X79Y86","SLICEM","CLEM_X51Y86","270","159","","X2Y1",""
"u_dut/u_unified_p4_kernel/input_mem_reg[1][62][14]","input_mem_reg","FDRE","SLICE_X80Y82","SLICEL.HFF","SLICE_X80Y82","SLICEL","CLEL_R_X52Y82","276","163","","X2Y1",""
"u_dut/u_unified_p4_kernel/input_mem_reg[1][62][15]","input_mem_reg","FDRE","SLICE_X80Y77","SLICEL.DFF2","SLICE_X80Y77","SLICEL","CLEL_R_X52Y77","276","168","","X2Y1",""
"u_dut/u_unified_p4_kernel/input_mem_reg[1][62][1]","input_mem_reg","FDRE","SLICE_X79Y89","SLICEM.AFF","SLICE_X79Y89","SLICEM","CLEM_X51Y89","270","156","","X2Y1",""
"u_dut/u_unified_p4_kernel/input_mem_reg[1][62][2]","input_mem_reg","FDRE","SLICE_X80Y76","SLICEL.HFF2","SLICE_X80Y76","SLICEL","CLEL_R_X52Y76","276","169","","X2Y1",""
"u_dut/u_unified_p4_kernel/input_mem_reg[1][62][3]","input_mem_reg","FDRE","SLICE_X84Y78","SLICEL.GFF","SLICE_X84Y78","SLICEL","CLEL_L_X55Y78","286","167","","X2Y1",""
"u_dut/u_unified_p4_kernel/input_mem_reg[1][62][4]","input_mem_reg","FDRE","SLICE_X84Y78","SLICEL.FFF","SLICE_X84Y78","SLICEL","CLEL_L_X55Y78","286","167","","X2Y1",""
"u_dut/u_unified_p4_kernel/input_mem_reg[1][62][5]","input_mem_reg","FDRE","SLICE_X80Y76","SLICEL.GFF2","SLICE_X80Y76","SLICEL","CLEL_R_X52Y76","276","169","","X2Y1",""
"u_dut/u_unified_p4_kernel/input_mem_reg[1][62][6]","input_mem_reg","FDRE","SLICE_X79Y87","SLICEM.AFF","SLICE_X79Y87","SLICEM","CLEM_X51Y87","270","158","","X2Y1",""
"u_dut/u_unified_p4_kernel/input_mem_reg[1][62][7]","input_mem_reg","FDRE","SLICE_X79Y80","SLICEM.HFF","SLICE_X79Y80","SLICEM","CLEM_X51Y80","270","165","","X2Y1",""
"u_dut/u_unified_p4_kernel/input_mem_reg[1][62][8]","input_mem_reg","FDRE","SLICE_X84Y79","SLICEL.AFF","SLICE_X84Y79","SLICEL","CLEL_L_X55Y79","286","166","","X2Y1",""
"u_dut/u_unified_p4_kernel/input_mem_reg[1][62][9]","input_mem_reg","FDRE","SLICE_X84Y79","SLICEL.AFF2","SLICE_X84Y79","SLICEL","CLEL_L_X55Y79","286","166","","X2Y1",""
"u_dut/u_unified_p4_kernel/input_mem_reg[1][6][0]","input_mem_reg","FDRE","SLICE_X76Y74","SLICEL.GFF2","SLICE_X76Y74","SLICEL","CLEL_R_X49Y74","264","171","","X2Y1",""
"u_dut/u_unified_p4_kernel/input_mem_reg[1][6][10]","input_mem_reg","FDRE","SLICE_X75Y79","SLICEM.HFF2","SLICE_X75Y79","SLICEM","CLEM_X49Y79","262","166","","X2Y1",""
"u_dut/u_unified_p4_kernel/input_mem_reg[1][6][11]","input_mem_reg","FDRE","SLICE_X77Y80","SLICEL.HFF2","SLICE_X77Y80","SLICEL","CLEL_L_X50Y80","265","165","","X2Y1",""
"u_dut/u_unified_p4_kernel/input_mem_reg[1][6][12]","input_mem_reg","FDRE","SLICE_X74Y75","SLICEM.HFF2","SLICE_X74Y75","SLICEM","CLEM_X48Y75","258","170","","X2Y1",""
"u_dut/u_unified_p4_kernel/input_mem_reg[1][6][13]","input_mem_reg","FDRE","SLICE_X76Y74","SLICEL.FFF2","SLICE_X76Y74","SLICEL","CLEL_R_X49Y74","264","171","","X2Y1",""
"u_dut/u_unified_p4_kernel/input_mem_reg[1][6][14]","input_mem_reg","FDRE","SLICE_X76Y78","SLICEL.FFF","SLICE_X76Y78","SLICEL","CLEL_R_X49Y78","264","167","","X2Y1",""
"u_dut/u_unified_p4_kernel/input_mem_reg[1][6][15]","input_mem_reg","FDRE","SLICE_X75Y80","SLICEM.HFF","SLICE_X75Y80","SLICEM","CLEM_X49Y80","262","165","","X2Y1",""
"u_dut/u_unified_p4_kernel/input_mem_reg[1][6][1]","input_mem_reg","FDRE","SLICE_X76Y74","SLICEL.EFF2","SLICE_X76Y74","SLICEL","CLEL_R_X49Y74","264","171","","X2Y1",""
"u_dut/u_unified_p4_kernel/input_mem_reg[1][6][2]","input_mem_reg","FDRE","SLICE_X73Y77","SLICEL.AFF2","SLICE_X73Y77","SLICEL","CLEL_R_X47Y77","255","168","","X2Y1",""
"u_dut/u_unified_p4_kernel/input_mem_reg[1][6][3]","input_mem_reg","FDRE","SLICE_X78Y75","SLICEL.HFF2","SLICE_X78Y75","SLICEL","CLEL_R_X50Y75","267","170","","X2Y1",""
"u_dut/u_unified_p4_kernel/input_mem_reg[1][6][4]","input_mem_reg","FDRE","SLICE_X76Y78","SLICEL.EFF","SLICE_X76Y78","SLICEL","CLEL_R_X49Y78","264","167","","X2Y1",""
"u_dut/u_unified_p4_kernel/input_mem_reg[1][6][5]","input_mem_reg","FDRE","SLICE_X78Y78","SLICEL.GFF2","SLICE_X78Y78","SLICEL","CLEL_R_X50Y78","267","167","","X2Y1",""
"u_dut/u_unified_p4_kernel/input_mem_reg[1][6][6]","input_mem_reg","FDRE","SLICE_X75Y80","SLICEM.GFF","SLICE_X75Y80","SLICEM","CLEM_X49Y80","262","165","","X2Y1",""
"u_dut/u_unified_p4_kernel/input_mem_reg[1][6][7]","input_mem_reg","FDRE","SLICE_X77Y77","SLICEL.GFF2","SLICE_X77Y77","SLICEL","CLEL_L_X50Y77","265","168","","X2Y1",""
"u_dut/u_unified_p4_kernel/input_mem_reg[1][6][8]","input_mem_reg","FDRE","SLICE_X78Y78","SLICEL.FFF2","SLICE_X78Y78","SLICEL","CLEL_R_X50Y78","267","167","","X2Y1",""
"u_dut/u_unified_p4_kernel/input_mem_reg[1][6][9]","input_mem_reg","FDRE","SLICE_X78Y78","SLICEL.EFF2","SLICE_X78Y78","SLICEL","CLEL_R_X50Y78","267","167","","X2Y1",""
"u_dut/u_unified_p4_kernel/input_mem_reg[1][7][0]","input_mem_reg","FDRE","SLICE_X69Y71","SLICEL.HFF","SLICE_X69Y71","SLICEL","CLEL_L_X45Y71","244","174","","X2Y1",""
"u_dut/u_unified_p4_kernel/input_mem_reg[1][7][10]","input_mem_reg","FDRE","SLICE_X67Y74","SLICEM.HFF2","SLICE_X67Y74","SLICEM","CLEM_X44Y74","241","171","","X2Y1",""
"u_dut/u_unified_p4_kernel/input_mem_reg[1][7][11]","input_mem_reg","FDRE","SLICE_X69Y72","SLICEL.FFF","SLICE_X69Y72","SLICEL","CLEL_L_X45Y72","244","173","","X2Y1",""
"u_dut/u_unified_p4_kernel/input_mem_reg[1][7][12]","input_mem_reg","FDRE","SLICE_X69Y75","SLICEL.DFF","SLICE_X69Y75","SLICEL","CLEL_L_X45Y75","244","170","","X2Y1",""
"u_dut/u_unified_p4_kernel/input_mem_reg[1][7][13]","input_mem_reg","FDRE","SLICE_X67Y76","SLICEM.HFF","SLICE_X67Y76","SLICEM","CLEM_X44Y76","241","169","","X2Y1",""
"u_dut/u_unified_p4_kernel/input_mem_reg[1][7][14]","input_mem_reg","FDRE","SLICE_X69Y75","SLICEL.CFF","SLICE_X69Y75","SLICEL","CLEL_L_X45Y75","244","170","","X2Y1",""
"u_dut/u_unified_p4_kernel/input_mem_reg[1][7][15]","input_mem_reg","FDRE","SLICE_X70Y78","SLICEL.EFF","SLICE_X70Y78","SLICEL","CLEL_R_X45Y78","246","167","","X2Y1",""
"u_dut/u_unified_p4_kernel/input_mem_reg[1][7][1]","input_mem_reg","FDRE","SLICE_X67Y72","SLICEM.DFF","SLICE_X67Y72","SLICEM","CLEM_X44Y72","241","173","","X2Y1",""
"u_dut/u_unified_p4_kernel/input_mem_reg[1][7][2]","input_mem_reg","FDRE","SLICE_X69Y71","SLICEL.GFF","SLICE_X69Y71","SLICEL","CLEL_L_X45Y71","244","174","","X2Y1",""
"u_dut/u_unified_p4_kernel/input_mem_reg[1][7][3]","input_mem_reg","FDRE","SLICE_X68Y76","SLICEL.HFF","SLICE_X68Y76","SLICEL","CLEL_R_X44Y76","243","169","","X2Y1",""
"u_dut/u_unified_p4_kernel/input_mem_reg[1][7][4]","input_mem_reg","FDRE","SLICE_X69Y72","SLICEL.EFF","SLICE_X69Y72","SLICEL","CLEL_L_X45Y72","244","173","","X2Y1",""
"u_dut/u_unified_p4_kernel/input_mem_reg[1][7][5]","input_mem_reg","FDRE","SLICE_X67Y74","SLICEM.GFF2","SLICE_X67Y74","SLICEM","CLEM_X44Y74","241","171","","X2Y1",""
"u_dut/u_unified_p4_kernel/input_mem_reg[1][7][6]","input_mem_reg","FDRE","SLICE_X69Y75","SLICEL.BFF","SLICE_X69Y75","SLICEL","CLEL_L_X45Y75","244","170","","X2Y1",""
"u_dut/u_unified_p4_kernel/input_mem_reg[1][7][7]","input_mem_reg","FDRE","SLICE_X69Y75","SLICEL.AFF","SLICE_X69Y75","SLICEL","CLEL_L_X45Y75","244","170","","X2Y1",""
"u_dut/u_unified_p4_kernel/input_mem_reg[1][7][8]","input_mem_reg","FDRE","SLICE_X67Y76","SLICEM.GFF","SLICE_X67Y76","SLICEM","CLEM_X44Y76","241","169","","X2Y1",""
"u_dut/u_unified_p4_kernel/input_mem_reg[1][7][9]","input_mem_reg","FDRE","SLICE_X67Y78","SLICEM.EFF","SLICE_X67Y78","SLICEM","CLEM_X44Y78","241","167","","X2Y1",""
"u_dut/u_unified_p4_kernel/input_mem_reg[1][8][0]","input_mem_reg","FDRE","SLICE_X85Y84","SLICEL.HFF","SLICE_X85Y84","SLICEL","CLEL_R_X55Y84","288","161","","X2Y1",""
"u_dut/u_unified_p4_kernel/input_mem_reg[1][8][10]","input_mem_reg","FDRE","SLICE_X87Y82","SLICEL.HFF2","SLICE_X87Y82","SLICEL","CLEL_R_X56Y82","293","163","","X2Y1",""
"u_dut/u_unified_p4_kernel/input_mem_reg[1][8][11]","input_mem_reg","FDRE","SLICE_X85Y81","SLICEL.HFF","SLICE_X85Y81","SLICEL","CLEL_R_X55Y81","288","164","","X2Y1",""
"u_dut/u_unified_p4_kernel/input_mem_reg[1][8][12]","input_mem_reg","FDRE","SLICE_X85Y81","SLICEL.GFF","SLICE_X85Y81","SLICEL","CLEL_R_X55Y81","288","164","","X2Y1",""
"u_dut/u_unified_p4_kernel/input_mem_reg[1][8][13]","input_mem_reg","FDRE","SLICE_X87Y81","SLICEL.HFF2","SLICE_X87Y81","SLICEL","CLEL_R_X56Y81","293","164","","X2Y1",""
"u_dut/u_unified_p4_kernel/input_mem_reg[1][8][14]","input_mem_reg","FDRE","SLICE_X85Y81","SLICEL.FFF","SLICE_X85Y81","SLICEL","CLEL_R_X55Y81","288","164","","X2Y1",""
"u_dut/u_unified_p4_kernel/input_mem_reg[1][8][15]","input_mem_reg","FDRE","SLICE_X84Y83","SLICEL.HFF","SLICE_X84Y83","SLICEL","CLEL_L_X55Y83","286","162","","X2Y1",""
"u_dut/u_unified_p4_kernel/input_mem_reg[1][8][1]","input_mem_reg","FDRE","SLICE_X87Y81","SLICEL.GFF2","SLICE_X87Y81","SLICEL","CLEL_R_X56Y81","293","164","","X2Y1",""
"u_dut/u_unified_p4_kernel/input_mem_reg[1][8][2]","input_mem_reg","FDRE","SLICE_X85Y93","SLICEL.CFF","SLICE_X85Y93","SLICEL","CLEL_R_X55Y93","288","151","","X2Y1",""
"u_dut/u_unified_p4_kernel/input_mem_reg[1][8][3]","input_mem_reg","FDRE","SLICE_X84Y83","SLICEL.GFF","SLICE_X84Y83","SLICEL","CLEL_L_X55Y83","286","162","","X2Y1",""
"u_dut/u_unified_p4_kernel/input_mem_reg[1][8][4]","input_mem_reg","FDRE","SLICE_X85Y86","SLICEL.GFF2","SLICE_X85Y86","SLICEL","CLEL_R_X55Y86","288","159","","X2Y1",""
"u_dut/u_unified_p4_kernel/input_mem_reg[1][8][5]","input_mem_reg","FDRE","SLICE_X85Y93","SLICEL.FFF2","SLICE_X85Y93","SLICEL","CLEL_R_X55Y93","288","151","","X2Y1",""
"u_dut/u_unified_p4_kernel/input_mem_reg[1][8][6]","input_mem_reg","FDRE","SLICE_X85Y84","SLICEL.GFF","SLICE_X85Y84","SLICEL","CLEL_R_X55Y84","288","161","","X2Y1",""
"u_dut/u_unified_p4_kernel/input_mem_reg[1][8][7]","input_mem_reg","FDRE","SLICE_X87Y81","SLICEL.FFF2","SLICE_X87Y81","SLICEL","CLEL_R_X56Y81","293","164","","X2Y1",""
"u_dut/u_unified_p4_kernel/input_mem_reg[1][8][8]","input_mem_reg","FDRE","SLICE_X85Y86","SLICEL.FFF2","SLICE_X85Y86","SLICEL","CLEL_R_X55Y86","288","159","","X2Y1",""
"u_dut/u_unified_p4_kernel/input_mem_reg[1][8][9]","input_mem_reg","FDRE","SLICE_X85Y86","SLICEL.EFF2","SLICE_X85Y86","SLICEL","CLEL_R_X55Y86","288","159","","X2Y1",""
"u_dut/u_unified_p4_kernel/input_mem_reg[1][9][0]","input_mem_reg","FDRE","SLICE_X91Y84","SLICEL.DFF2","SLICE_X91Y84","SLICEL","CLEL_R_X59Y84","306","161","","X3Y1",""
"u_dut/u_unified_p4_kernel/input_mem_reg[1][9][10]","input_mem_reg","FDRE","SLICE_X93Y89","SLICEM.DFF2","SLICE_X93Y89","SLICEM","CLEM_X61Y89","313","156","","X3Y1",""
"u_dut/u_unified_p4_kernel/input_mem_reg[1][9][11]","input_mem_reg","FDRE","SLICE_X94Y88","SLICEL.HFF","SLICE_X94Y88","SLICEL","CLEL_R_X61Y88","315","157","","X3Y1",""
"u_dut/u_unified_p4_kernel/input_mem_reg[1][9][12]","input_mem_reg","FDRE","SLICE_X85Y93","SLICEL.BFF","SLICE_X85Y93","SLICEL","CLEL_R_X55Y93","288","151","","X2Y1",""
"u_dut/u_unified_p4_kernel/input_mem_reg[1][9][13]","input_mem_reg","FDRE","SLICE_X85Y93","SLICEL.AFF","SLICE_X85Y93","SLICEL","CLEL_R_X55Y93","288","151","","X2Y1",""
"u_dut/u_unified_p4_kernel/input_mem_reg[1][9][14]","input_mem_reg","FDRE","SLICE_X85Y93","SLICEL.EFF2","SLICE_X85Y93","SLICEL","CLEL_R_X55Y93","288","151","","X2Y1",""
"u_dut/u_unified_p4_kernel/input_mem_reg[1][9][15]","input_mem_reg","FDRE","SLICE_X94Y88","SLICEL.GFF","SLICE_X94Y88","SLICEL","CLEL_R_X61Y88","315","157","","X3Y1",""
"u_dut/u_unified_p4_kernel/input_mem_reg[1][9][1]","input_mem_reg","FDRE","SLICE_X91Y81","SLICEL.FFF2","SLICE_X91Y81","SLICEL","CLEL_R_X59Y81","306","164","","X3Y1",""
"u_dut/u_unified_p4_kernel/input_mem_reg[1][9][2]","input_mem_reg","FDRE","SLICE_X93Y89","SLICEM.CFF2","SLICE_X93Y89","SLICEM","CLEM_X61Y89","313","156","","X3Y1",""
"u_dut/u_unified_p4_kernel/input_mem_reg[1][9][3]","input_mem_reg","FDRE","SLICE_X86Y91","SLICEM.GFF2","SLICE_X86Y91","SLICEM","CLEM_X56Y91","291","153","","X2Y1",""
"u_dut/u_unified_p4_kernel/input_mem_reg[1][9][4]","input_mem_reg","FDRE","SLICE_X85Y89","SLICEL.HFF","SLICE_X85Y89","SLICEL","CLEL_R_X55Y89","288","156","","X2Y1",""
"u_dut/u_unified_p4_kernel/input_mem_reg[1][9][5]","input_mem_reg","FDRE","SLICE_X91Y81","SLICEL.EFF2","SLICE_X91Y81","SLICEL","CLEL_R_X59Y81","306","164","","X3Y1",""
"u_dut/u_unified_p4_kernel/input_mem_reg[1][9][6]","input_mem_reg","FDRE","SLICE_X88Y89","SLICEL.DFF2","SLICE_X88Y89","SLICEL","CLEL_R_X57Y89","297","156","","X2Y1",""
"u_dut/u_unified_p4_kernel/input_mem_reg[1][9][7]","input_mem_reg","FDRE","SLICE_X88Y89","SLICEL.CFF2","SLICE_X88Y89","SLICEL","CLEL_R_X57Y89","297","156","","X2Y1",""
"u_dut/u_unified_p4_kernel/input_mem_reg[1][9][8]","input_mem_reg","FDRE","SLICE_X91Y84","SLICEL.CFF2","SLICE_X91Y84","SLICEL","CLEL_R_X59Y84","306","161","","X3Y1",""
"u_dut/u_unified_p4_kernel/input_mem_reg[1][9][9]","input_mem_reg","FDRE","SLICE_X91Y84","SLICEL.BFF2","SLICE_X91Y84","SLICEL","CLEL_R_X59Y84","306","161","","X3Y1",""
"u_dut/u_unified_p4_kernel/input_mem_reg[2][0][0]","input_mem_reg","FDRE","SLICE_X90Y81","SLICEM.HFF2","SLICE_X90Y81","SLICEM","CLEM_X59Y81","304","164","","X3Y1",""
"u_dut/u_unified_p4_kernel/input_mem_reg[2][0][10]","input_mem_reg","FDRE","SLICE_X86Y82","SLICEM.HFF","SLICE_X86Y82","SLICEM","CLEM_X56Y82","291","163","","X2Y1",""
"u_dut/u_unified_p4_kernel/input_mem_reg[2][0][11]","input_mem_reg","FDRE","SLICE_X90Y79","SLICEM.HFF","SLICE_X90Y79","SLICEM","CLEM_X59Y79","304","166","","X3Y1",""
"u_dut/u_unified_p4_kernel/input_mem_reg[2][0][12]","input_mem_reg","FDRE","SLICE_X86Y82","SLICEM.GFF","SLICE_X86Y82","SLICEM","CLEM_X56Y82","291","163","","X2Y1",""
"u_dut/u_unified_p4_kernel/input_mem_reg[2][0][13]","input_mem_reg","FDRE","SLICE_X84Y94","SLICEL.DFF2","SLICE_X84Y94","SLICEL","CLEL_L_X55Y94","286","150","","X2Y1",""
"u_dut/u_unified_p4_kernel/input_mem_reg[2][0][14]","input_mem_reg","FDRE","SLICE_X88Y81","SLICEL.HFF","SLICE_X88Y81","SLICEL","CLEL_R_X57Y81","297","164","","X2Y1",""
"u_dut/u_unified_p4_kernel/input_mem_reg[2][0][15]","input_mem_reg","FDRE","SLICE_X90Y79","SLICEM.GFF","SLICE_X90Y79","SLICEM","CLEM_X59Y79","304","166","","X3Y1",""
"u_dut/u_unified_p4_kernel/input_mem_reg[2][0][1]","input_mem_reg","FDRE","SLICE_X86Y77","SLICEM.HFF2","SLICE_X86Y77","SLICEM","CLEM_X56Y77","291","168","","X2Y1",""
"u_dut/u_unified_p4_kernel/input_mem_reg[2][0][2]","input_mem_reg","FDRE","SLICE_X90Y76","SLICEM.HFF2","SLICE_X90Y76","SLICEM","CLEM_X59Y76","304","169","","X3Y1",""
"u_dut/u_unified_p4_kernel/input_mem_reg[2][0][3]","input_mem_reg","FDRE","SLICE_X84Y94","SLICEL.CFF2","SLICE_X84Y94","SLICEL","CLEL_L_X55Y94","286","150","","X2Y1",""
"u_dut/u_unified_p4_kernel/input_mem_reg[2][0][4]","input_mem_reg","FDRE","SLICE_X84Y94","SLICEL.HFF2","SLICE_X84Y94","SLICEL","CLEL_L_X55Y94","286","150","","X2Y1",""
"u_dut/u_unified_p4_kernel/input_mem_reg[2][0][5]","input_mem_reg","FDRE","SLICE_X86Y77","SLICEM.GFF2","SLICE_X86Y77","SLICEM","CLEM_X56Y77","291","168","","X2Y1",""
"u_dut/u_unified_p4_kernel/input_mem_reg[2][0][6]","input_mem_reg","FDRE","SLICE_X84Y94","SLICEL.GFF2","SLICE_X84Y94","SLICEL","CLEL_L_X55Y94","286","150","","X2Y1",""
"u_dut/u_unified_p4_kernel/input_mem_reg[2][0][7]","input_mem_reg","FDRE","SLICE_X84Y94","SLICEL.FFF2","SLICE_X84Y94","SLICEL","CLEL_L_X55Y94","286","150","","X2Y1",""
"u_dut/u_unified_p4_kernel/input_mem_reg[2][0][8]","input_mem_reg","FDRE","SLICE_X90Y76","SLICEM.GFF2","SLICE_X90Y76","SLICEM","CLEM_X59Y76","304","169","","X3Y1",""
"u_dut/u_unified_p4_kernel/input_mem_reg[2][0][9]","input_mem_reg","FDRE","SLICE_X86Y77","SLICEM.FFF2","SLICE_X86Y77","SLICEM","CLEM_X56Y77","291","168","","X2Y1",""
"u_dut/u_unified_p4_kernel/input_mem_reg[2][10][0]","input_mem_reg","FDRE","SLICE_X93Y84","SLICEM.HFF","SLICE_X93Y84","SLICEM","CLEM_X61Y84","313","161","","X3Y1",""
"u_dut/u_unified_p4_kernel/input_mem_reg[2][10][10]","input_mem_reg","FDRE","SLICE_X92Y82","SLICEM.DFF2","SLICE_X92Y82","SLICEM","CLEM_X60Y82","309","163","","X3Y1",""
"u_dut/u_unified_p4_kernel/input_mem_reg[2][10][11]","input_mem_reg","FDRE","SLICE_X93Y84","SLICEM.GFF","SLICE_X93Y84","SLICEM","CLEM_X61Y84","313","161","","X3Y1",""
"u_dut/u_unified_p4_kernel/input_mem_reg[2][10][12]","input_mem_reg","FDRE","SLICE_X93Y84","SLICEM.FFF","SLICE_X93Y84","SLICEM","CLEM_X61Y84","313","161","","X3Y1",""
"u_dut/u_unified_p4_kernel/input_mem_reg[2][10][13]","input_mem_reg","FDRE","SLICE_X85Y87","SLICEL.AFF","SLICE_X85Y87","SLICEL","CLEL_R_X55Y87","288","158","","X2Y1",""
"u_dut/u_unified_p4_kernel/input_mem_reg[2][10][14]","input_mem_reg","FDRE","SLICE_X87Y85","SLICEL.HFF2","SLICE_X87Y85","SLICEL","CLEL_R_X56Y85","293","160","","X2Y1",""
"u_dut/u_unified_p4_kernel/input_mem_reg[2][10][15]","input_mem_reg","FDRE","SLICE_X88Y84","SLICEL.HFF","SLICE_X88Y84","SLICEL","CLEL_R_X57Y84","297","161","","X2Y1",""
"u_dut/u_unified_p4_kernel/input_mem_reg[2][10][1]","input_mem_reg","FDRE","SLICE_X88Y84","SLICEL.GFF","SLICE_X88Y84","SLICEL","CLEL_R_X57Y84","297","161","","X2Y1",""
"u_dut/u_unified_p4_kernel/input_mem_reg[2][10][2]","input_mem_reg","FDRE","SLICE_X93Y84","SLICEM.EFF","SLICE_X93Y84","SLICEM","CLEM_X61Y84","313","161","","X3Y1",""
"u_dut/u_unified_p4_kernel/input_mem_reg[2][10][3]","input_mem_reg","FDRE","SLICE_X85Y88","SLICEL.EFF","SLICE_X85Y88","SLICEL","CLEL_R_X55Y88","288","157","","X2Y1",""
"u_dut/u_unified_p4_kernel/input_mem_reg[2][10][4]","input_mem_reg","FDRE","SLICE_X88Y82","SLICEL.HFF2","SLICE_X88Y82","SLICEL","CLEL_R_X57Y82","297","163","","X2Y1",""
"u_dut/u_unified_p4_kernel/input_mem_reg[2][10][5]","input_mem_reg","FDRE","SLICE_X85Y88","SLICEL.EFF2","SLICE_X85Y88","SLICEL","CLEL_R_X55Y88","288","157","","X2Y1",""
"u_dut/u_unified_p4_kernel/input_mem_reg[2][10][6]","input_mem_reg","FDRE","SLICE_X88Y82","SLICEL.GFF2","SLICE_X88Y82","SLICEL","CLEL_R_X57Y82","297","163","","X2Y1",""
"u_dut/u_unified_p4_kernel/input_mem_reg[2][10][7]","input_mem_reg","FDRE","SLICE_X93Y79","SLICEM.HFF","SLICE_X93Y79","SLICEM","CLEM_X61Y79","313","166","","X3Y1",""
"u_dut/u_unified_p4_kernel/input_mem_reg[2][10][8]","input_mem_reg","FDRE","SLICE_X95Y84","SLICEM.HFF","SLICE_X95Y84","SLICEM","CLEM_X62Y84","318","161","","X3Y1",""
"u_dut/u_unified_p4_kernel/input_mem_reg[2][10][9]","input_mem_reg","FDRE","SLICE_X93Y79","SLICEM.GFF","SLICE_X93Y79","SLICEM","CLEM_X61Y79","313","166","","X3Y1",""
"u_dut/u_unified_p4_kernel/input_mem_reg[2][11][0]","input_mem_reg","FDRE","SLICE_X89Y92","SLICEM.HFF","SLICE_X89Y92","SLICEM","CLEM_X58Y92","300","152","","X2Y1",""
"u_dut/u_unified_p4_kernel/input_mem_reg[2][11][10]","input_mem_reg","FDRE","SLICE_X95Y93","SLICEM.DFF2","SLICE_X95Y93","SLICEM","CLEM_X62Y93","318","151","","X3Y1",""
"u_dut/u_unified_p4_kernel/input_mem_reg[2][11][11]","input_mem_reg","FDRE","SLICE_X95Y93","SLICEM.CFF2","SLICE_X95Y93","SLICEM","CLEM_X62Y93","318","151","","X3Y1",""
"u_dut/u_unified_p4_kernel/input_mem_reg[2][11][12]","input_mem_reg","FDRE","SLICE_X89Y92","SLICEM.GFF","SLICE_X89Y92","SLICEM","CLEM_X58Y92","300","152","","X2Y1",""
"u_dut/u_unified_p4_kernel/input_mem_reg[2][11][13]","input_mem_reg","FDRE","SLICE_X85Y94","SLICEL.HFF","SLICE_X85Y94","SLICEL","CLEL_R_X55Y94","288","150","","X2Y1",""
"u_dut/u_unified_p4_kernel/input_mem_reg[2][11][14]","input_mem_reg","FDRE","SLICE_X86Y91","SLICEM.HFF","SLICE_X86Y91","SLICEM","CLEM_X56Y91","291","153","","X2Y1",""
"u_dut/u_unified_p4_kernel/input_mem_reg[2][11][15]","input_mem_reg","FDRE","SLICE_X89Y92","SLICEM.FFF","SLICE_X89Y92","SLICEM","CLEM_X58Y92","300","152","","X2Y1",""
"u_dut/u_unified_p4_kernel/input_mem_reg[2][11][1]","input_mem_reg","FDRE","SLICE_X86Y89","SLICEM.HFF2","SLICE_X86Y89","SLICEM","CLEM_X56Y89","291","156","","X2Y1",""
"u_dut/u_unified_p4_kernel/input_mem_reg[2][11][2]","input_mem_reg","FDRE","SLICE_X86Y89","SLICEM.GFF2","SLICE_X86Y89","SLICEM","CLEM_X56Y89","291","156","","X2Y1",""
"u_dut/u_unified_p4_kernel/input_mem_reg[2][11][3]","input_mem_reg","FDRE","SLICE_X86Y89","SLICEM.FFF2","SLICE_X86Y89","SLICEM","CLEM_X56Y89","291","156","","X2Y1",""
"u_dut/u_unified_p4_kernel/input_mem_reg[2][11][4]","input_mem_reg","FDRE","SLICE_X85Y91","SLICEL.HFF","SLICE_X85Y91","SLICEL","CLEL_R_X55Y91","288","153","","X2Y1",""
"u_dut/u_unified_p4_kernel/input_mem_reg[2][11][5]","input_mem_reg","FDRE","SLICE_X86Y92","SLICEM.HFF","SLICE_X86Y92","SLICEM","CLEM_X56Y92","291","152","","X2Y1",""
"u_dut/u_unified_p4_kernel/input_mem_reg[2][11][6]","input_mem_reg","FDRE","SLICE_X86Y89","SLICEM.EFF2","SLICE_X86Y89","SLICEM","CLEM_X56Y89","291","156","","X2Y1",""
"u_dut/u_unified_p4_kernel/input_mem_reg[2][11][7]","input_mem_reg","FDRE","SLICE_X91Y83","SLICEL.HFF2","SLICE_X91Y83","SLICEL","CLEL_R_X59Y83","306","162","","X3Y1",""
"u_dut/u_unified_p4_kernel/input_mem_reg[2][11][8]","input_mem_reg","FDRE","SLICE_X86Y91","SLICEM.GFF","SLICE_X86Y91","SLICEM","CLEM_X56Y91","291","153","","X2Y1",""
"u_dut/u_unified_p4_kernel/input_mem_reg[2][11][9]","input_mem_reg","FDRE","SLICE_X86Y91","SLICEM.FFF","SLICE_X86Y91","SLICEM","CLEM_X56Y91","291","153","","X2Y1",""
"u_dut/u_unified_p4_kernel/input_mem_reg[2][12][0]","input_mem_reg","FDRE","SLICE_X90Y88","SLICEM.HFF2","SLICE_X90Y88","SLICEM","CLEM_X59Y88","304","157","","X3Y1",""
"u_dut/u_unified_p4_kernel/input_mem_reg[2][12][10]","input_mem_reg","FDRE","SLICE_X90Y88","SLICEM.GFF2","SLICE_X90Y88","SLICEM","CLEM_X59Y88","304","157","","X3Y1",""
"u_dut/u_unified_p4_kernel/input_mem_reg[2][12][11]","input_mem_reg","FDRE","SLICE_X91Y90","SLICEL.HFF2","SLICE_X91Y90","SLICEL","CLEL_R_X59Y90","306","154","","X3Y1",""
"u_dut/u_unified_p4_kernel/input_mem_reg[2][12][12]","input_mem_reg","FDRE","SLICE_X90Y88","SLICEM.DFF2","SLICE_X90Y88","SLICEM","CLEM_X59Y88","304","157","","X3Y1",""
"u_dut/u_unified_p4_kernel/input_mem_reg[2][12][13]","input_mem_reg","FDRE","SLICE_X91Y76","SLICEL.HFF","SLICE_X91Y76","SLICEL","CLEL_R_X59Y76","306","169","","X3Y1",""
"u_dut/u_unified_p4_kernel/input_mem_reg[2][12][14]","input_mem_reg","FDRE","SLICE_X90Y88","SLICEM.FFF2","SLICE_X90Y88","SLICEM","CLEM_X59Y88","304","157","","X3Y1",""
"u_dut/u_unified_p4_kernel/input_mem_reg[2][12][15]","input_mem_reg","FDRE","SLICE_X92Y77","SLICEM.AFF","SLICE_X92Y77","SLICEM","CLEM_X60Y77","309","168","","X3Y1",""
"u_dut/u_unified_p4_kernel/input_mem_reg[2][12][1]","input_mem_reg","FDRE","SLICE_X91Y88","SLICEL.HFF","SLICE_X91Y88","SLICEL","CLEL_R_X59Y88","306","157","","X3Y1",""
"u_dut/u_unified_p4_kernel/input_mem_reg[2][12][2]","input_mem_reg","FDRE","SLICE_X94Y78","SLICEL.HFF2","SLICE_X94Y78","SLICEL","CLEL_R_X61Y78","315","167","","X3Y1",""
"u_dut/u_unified_p4_kernel/input_mem_reg[2][12][3]","input_mem_reg","FDRE","SLICE_X94Y78","SLICEL.GFF2","SLICE_X94Y78","SLICEL","CLEL_R_X61Y78","315","167","","X3Y1",""
"u_dut/u_unified_p4_kernel/input_mem_reg[2][12][4]","input_mem_reg","FDRE","SLICE_X90Y75","SLICEM.DFF","SLICE_X90Y75","SLICEM","CLEM_X59Y75","304","170","","X3Y1",""
"u_dut/u_unified_p4_kernel/input_mem_reg[2][12][5]","input_mem_reg","FDRE","SLICE_X90Y88","SLICEM.CFF2","SLICE_X90Y88","SLICEM","CLEM_X59Y88","304","157","","X3Y1",""
"u_dut/u_unified_p4_kernel/input_mem_reg[2][12][6]","input_mem_reg","FDRE","SLICE_X91Y74","SLICEL.HFF2","SLICE_X91Y74","SLICEL","CLEL_R_X59Y74","306","171","","X3Y1",""
"u_dut/u_unified_p4_kernel/input_mem_reg[2][12][7]","input_mem_reg","FDRE","SLICE_X91Y90","SLICEL.GFF2","SLICE_X91Y90","SLICEL","CLEL_R_X59Y90","306","154","","X3Y1",""
"u_dut/u_unified_p4_kernel/input_mem_reg[2][12][8]","input_mem_reg","FDRE","SLICE_X91Y76","SLICEL.GFF","SLICE_X91Y76","SLICEL","CLEL_R_X59Y76","306","169","","X3Y1",""
"u_dut/u_unified_p4_kernel/input_mem_reg[2][12][9]","input_mem_reg","FDRE","SLICE_X91Y74","SLICEL.GFF2","SLICE_X91Y74","SLICEL","CLEL_R_X59Y74","306","171","","X3Y1",""
"u_dut/u_unified_p4_kernel/input_mem_reg[2][13][0]","input_mem_reg","FDRE","SLICE_X93Y83","SLICEM.DFF","SLICE_X93Y83","SLICEM","CLEM_X61Y83","313","162","","X3Y1",""
"u_dut/u_unified_p4_kernel/input_mem_reg[2][13][10]","input_mem_reg","FDRE","SLICE_X94Y86","SLICEL.HFF2","SLICE_X94Y86","SLICEL","CLEL_R_X61Y86","315","159","","X3Y1",""
"u_dut/u_unified_p4_kernel/input_mem_reg[2][13][11]","input_mem_reg","FDRE","SLICE_X95Y82","SLICEM.HFF2","SLICE_X95Y82","SLICEM","CLEM_X62Y82","318","163","","X3Y1",""
"u_dut/u_unified_p4_kernel/input_mem_reg[2][13][12]","input_mem_reg","FDRE","SLICE_X96Y81","SLICEM.HFF","SLICE_X96Y81","SLICEM","CLEM_X63Y81","322","164","","X3Y1",""
"u_dut/u_unified_p4_kernel/input_mem_reg[2][13][13]","input_mem_reg","FDRE","SLICE_X93Y75","SLICEM.EFF","SLICE_X93Y75","SLICEM","CLEM_X61Y75","313","170","","X3Y1",""
"u_dut/u_unified_p4_kernel/input_mem_reg[2][13][14]","input_mem_reg","FDRE","SLICE_X91Y90","SLICEL.DFF2","SLICE_X91Y90","SLICEL","CLEL_R_X59Y90","306","154","","X3Y1",""
"u_dut/u_unified_p4_kernel/input_mem_reg[2][13][15]","input_mem_reg","FDRE","SLICE_X91Y90","SLICEL.FFF2","SLICE_X91Y90","SLICEL","CLEL_R_X59Y90","306","154","","X3Y1",""
"u_dut/u_unified_p4_kernel/input_mem_reg[2][13][1]","input_mem_reg","FDRE","SLICE_X97Y84","SLICEL.HFF","SLICE_X97Y84","SLICEL","CLEL_R_X63Y84","324","161","","X3Y1",""
"u_dut/u_unified_p4_kernel/input_mem_reg[2][13][2]","input_mem_reg","FDRE","SLICE_X93Y75","SLICEM.EFF2","SLICE_X93Y75","SLICEM","CLEM_X61Y75","313","170","","X3Y1",""
"u_dut/u_unified_p4_kernel/input_mem_reg[2][13][3]","input_mem_reg","FDRE","SLICE_X94Y86","SLICEL.GFF2","SLICE_X94Y86","SLICEL","CLEL_R_X61Y86","315","159","","X3Y1",""
"u_dut/u_unified_p4_kernel/input_mem_reg[2][13][4]","input_mem_reg","FDRE","SLICE_X91Y88","SLICEL.GFF","SLICE_X91Y88","SLICEL","CLEL_R_X59Y88","306","157","","X3Y1",""
"u_dut/u_unified_p4_kernel/input_mem_reg[2][13][5]","input_mem_reg","FDRE","SLICE_X92Y76","SLICEM.HFF","SLICE_X92Y76","SLICEM","CLEM_X60Y76","309","169","","X3Y1",""
"u_dut/u_unified_p4_kernel/input_mem_reg[2][13][6]","input_mem_reg","FDRE","SLICE_X91Y88","SLICEL.FFF","SLICE_X91Y88","SLICEL","CLEL_R_X59Y88","306","157","","X3Y1",""
"u_dut/u_unified_p4_kernel/input_mem_reg[2][13][7]","input_mem_reg","FDRE","SLICE_X96Y87","SLICEM.AFF","SLICE_X96Y87","SLICEM","CLEM_X63Y87","322","158","","X3Y1",""
"u_dut/u_unified_p4_kernel/input_mem_reg[2][13][8]","input_mem_reg","FDRE","SLICE_X91Y90","SLICEL.CFF2","SLICE_X91Y90","SLICEL","CLEL_R_X59Y90","306","154","","X3Y1",""
"u_dut/u_unified_p4_kernel/input_mem_reg[2][13][9]","input_mem_reg","FDRE","SLICE_X90Y88","SLICEM.EFF2","SLICE_X90Y88","SLICEM","CLEM_X59Y88","304","157","","X3Y1",""
"u_dut/u_unified_p4_kernel/input_mem_reg[2][14][0]","input_mem_reg","FDRE","SLICE_X92Y89","SLICEM.DFF2","SLICE_X92Y89","SLICEM","CLEM_X60Y89","309","156","","X3Y1",""
"u_dut/u_unified_p4_kernel/input_mem_reg[2][14][10]","input_mem_reg","FDRE","SLICE_X94Y77","SLICEL.HFF2","SLICE_X94Y77","SLICEL","CLEL_R_X61Y77","315","168","","X3Y1",""
"u_dut/u_unified_p4_kernel/input_mem_reg[2][14][11]","input_mem_reg","FDRE","SLICE_X91Y90","SLICEL.EFF2","SLICE_X91Y90","SLICEL","CLEL_R_X59Y90","306","154","","X3Y1",""
"u_dut/u_unified_p4_kernel/input_mem_reg[2][14][12]","input_mem_reg","FDRE","SLICE_X90Y88","SLICEM.BFF2","SLICE_X90Y88","SLICEM","CLEM_X59Y88","304","157","","X3Y1",""
"u_dut/u_unified_p4_kernel/input_mem_reg[2][14][13]","input_mem_reg","FDRE","SLICE_X91Y78","SLICEL.HFF2","SLICE_X91Y78","SLICEL","CLEL_R_X59Y78","306","167","","X3Y1",""
"u_dut/u_unified_p4_kernel/input_mem_reg[2][14][14]","input_mem_reg","FDRE","SLICE_X91Y78","SLICEL.GFF2","SLICE_X91Y78","SLICEL","CLEL_R_X59Y78","306","167","","X3Y1",""
"u_dut/u_unified_p4_kernel/input_mem_reg[2][14][15]","input_mem_reg","FDRE","SLICE_X92Y89","SLICEM.CFF2","SLICE_X92Y89","SLICEM","CLEM_X60Y89","309","156","","X3Y1",""
"u_dut/u_unified_p4_kernel/input_mem_reg[2][14][1]","input_mem_reg","FDRE","SLICE_X91Y90","SLICEL.BFF2","SLICE_X91Y90","SLICEL","CLEL_R_X59Y90","306","154","","X3Y1",""
"u_dut/u_unified_p4_kernel/input_mem_reg[2][14][2]","input_mem_reg","FDRE","SLICE_X91Y88","SLICEL.EFF","SLICE_X91Y88","SLICEL","CLEL_R_X59Y88","306","157","","X3Y1",""
"u_dut/u_unified_p4_kernel/input_mem_reg[2][14][3]","input_mem_reg","FDRE","SLICE_X90Y88","SLICEM.AFF2","SLICE_X90Y88","SLICEM","CLEM_X59Y88","304","157","","X3Y1",""
"u_dut/u_unified_p4_kernel/input_mem_reg[2][14][4]","input_mem_reg","FDRE","SLICE_X91Y78","SLICEL.FFF2","SLICE_X91Y78","SLICEL","CLEL_R_X59Y78","306","167","","X3Y1",""
"u_dut/u_unified_p4_kernel/input_mem_reg[2][14][5]","input_mem_reg","FDRE","SLICE_X92Y89","SLICEM.BFF2","SLICE_X92Y89","SLICEM","CLEM_X60Y89","309","156","","X3Y1",""
"u_dut/u_unified_p4_kernel/input_mem_reg[2][14][6]","input_mem_reg","FDRE","SLICE_X95Y82","SLICEM.GFF2","SLICE_X95Y82","SLICEM","CLEM_X62Y82","318","163","","X3Y1",""
"u_dut/u_unified_p4_kernel/input_mem_reg[2][14][7]","input_mem_reg","FDRE","SLICE_X97Y84","SLICEL.GFF","SLICE_X97Y84","SLICEL","CLEL_R_X63Y84","324","161","","X3Y1",""
"u_dut/u_unified_p4_kernel/input_mem_reg[2][14][8]","input_mem_reg","FDRE","SLICE_X92Y89","SLICEM.AFF2","SLICE_X92Y89","SLICEM","CLEM_X60Y89","309","156","","X3Y1",""
"u_dut/u_unified_p4_kernel/input_mem_reg[2][14][9]","input_mem_reg","FDRE","SLICE_X91Y90","SLICEL.AFF2","SLICE_X91Y90","SLICEL","CLEL_R_X59Y90","306","154","","X3Y1",""
"u_dut/u_unified_p4_kernel/input_mem_reg[2][15][0]","input_mem_reg","FDRE","SLICE_X91Y73","SLICEL.HFF2","SLICE_X91Y73","SLICEL","CLEL_R_X59Y73","306","172","","X3Y1",""
"u_dut/u_unified_p4_kernel/input_mem_reg[2][15][10]","input_mem_reg","FDRE","SLICE_X97Y86","SLICEL.HFF2","SLICE_X97Y86","SLICEL","CLEL_R_X63Y86","324","159","","X3Y1",""
"u_dut/u_unified_p4_kernel/input_mem_reg[2][15][11]","input_mem_reg","FDRE","SLICE_X90Y73","SLICEM.HFF","SLICE_X90Y73","SLICEM","CLEM_X59Y73","304","172","","X3Y1",""
"u_dut/u_unified_p4_kernel/input_mem_reg[2][15][12]","input_mem_reg","FDRE","SLICE_X91Y76","SLICEL.FFF","SLICE_X91Y76","SLICEL","CLEL_R_X59Y76","306","169","","X3Y1",""
"u_dut/u_unified_p4_kernel/input_mem_reg[2][15][13]","input_mem_reg","FDRE","SLICE_X91Y73","SLICEL.GFF2","SLICE_X91Y73","SLICEL","CLEL_R_X59Y73","306","172","","X3Y1",""
"u_dut/u_unified_p4_kernel/input_mem_reg[2][15][14]","input_mem_reg","FDRE","SLICE_X97Y84","SLICEL.FFF","SLICE_X97Y84","SLICEL","CLEL_R_X63Y84","324","161","","X3Y1",""
"u_dut/u_unified_p4_kernel/input_mem_reg[2][15][15]","input_mem_reg","FDRE","SLICE_X92Y74","SLICEM.HFF2","SLICE_X92Y74","SLICEM","CLEM_X60Y74","309","171","","X3Y1",""
"u_dut/u_unified_p4_kernel/input_mem_reg[2][15][1]","input_mem_reg","FDRE","SLICE_X97Y86","SLICEL.GFF2","SLICE_X97Y86","SLICEL","CLEL_R_X63Y86","324","159","","X3Y1",""
"u_dut/u_unified_p4_kernel/input_mem_reg[2][15][2]","input_mem_reg","FDRE","SLICE_X90Y73","SLICEM.GFF","SLICE_X90Y73","SLICEM","CLEM_X59Y73","304","172","","X3Y1",""
"u_dut/u_unified_p4_kernel/input_mem_reg[2][15][3]","input_mem_reg","FDRE","SLICE_X92Y90","SLICEM.HFF2","SLICE_X92Y90","SLICEM","CLEM_X60Y90","309","154","","X3Y1",""
"u_dut/u_unified_p4_kernel/input_mem_reg[2][15][4]","input_mem_reg","FDRE","SLICE_X91Y76","SLICEL.EFF","SLICE_X91Y76","SLICEL","CLEL_R_X59Y76","306","169","","X3Y1",""
"u_dut/u_unified_p4_kernel/input_mem_reg[2][15][5]","input_mem_reg","FDRE","SLICE_X97Y84","SLICEL.EFF","SLICE_X97Y84","SLICEL","CLEL_R_X63Y84","324","161","","X3Y1",""
"u_dut/u_unified_p4_kernel/input_mem_reg[2][15][6]","input_mem_reg","FDRE","SLICE_X97Y86","SLICEL.FFF2","SLICE_X97Y86","SLICEL","CLEL_R_X63Y86","324","159","","X3Y1",""
"u_dut/u_unified_p4_kernel/input_mem_reg[2][15][7]","input_mem_reg","FDRE","SLICE_X91Y73","SLICEL.FFF2","SLICE_X91Y73","SLICEL","CLEL_R_X59Y73","306","172","","X3Y1",""
"u_dut/u_unified_p4_kernel/input_mem_reg[2][15][8]","input_mem_reg","FDRE","SLICE_X97Y86","SLICEL.EFF2","SLICE_X97Y86","SLICEL","CLEL_R_X63Y86","324","159","","X3Y1",""
"u_dut/u_unified_p4_kernel/input_mem_reg[2][15][9]","input_mem_reg","FDRE","SLICE_X92Y76","SLICEM.GFF","SLICE_X92Y76","SLICEM","CLEM_X60Y76","309","169","","X3Y1",""
"u_dut/u_unified_p4_kernel/input_mem_reg[2][16][0]","input_mem_reg","FDRE","SLICE_X89Y87","SLICEM.DFF2","SLICE_X89Y87","SLICEM","CLEM_X58Y87","300","158","","X2Y1",""
"u_dut/u_unified_p4_kernel/input_mem_reg[2][16][10]","input_mem_reg","FDRE","SLICE_X94Y96","SLICEL.HFF","SLICE_X94Y96","SLICEL","CLEL_R_X61Y96","315","148","","X3Y1",""
"u_dut/u_unified_p4_kernel/input_mem_reg[2][16][11]","input_mem_reg","FDRE","SLICE_X89Y96","SLICEM.HFF","SLICE_X89Y96","SLICEM","CLEM_X58Y96","300","148","","X2Y1",""
"u_dut/u_unified_p4_kernel/input_mem_reg[2][16][12]","input_mem_reg","FDRE","SLICE_X90Y103","SLICEM.HFF2","SLICE_X90Y103","SLICEM","CLEM_X59Y103","304","141","","X3Y1",""
"u_dut/u_unified_p4_kernel/input_mem_reg[2][16][13]","input_mem_reg","FDRE","SLICE_X97Y97","SLICEL.HFF2","SLICE_X97Y97","SLICEL","CLEL_R_X63Y97","324","147","","X3Y1",""
"u_dut/u_unified_p4_kernel/input_mem_reg[2][16][14]","input_mem_reg","FDRE","SLICE_X89Y98","SLICEM.DFF2","SLICE_X89Y98","SLICEM","CLEM_X58Y98","300","146","","X2Y1",""
"u_dut/u_unified_p4_kernel/input_mem_reg[2][16][15]","input_mem_reg","FDRE","SLICE_X90Y103","SLICEM.GFF2","SLICE_X90Y103","SLICEM","CLEM_X59Y103","304","141","","X3Y1",""
"u_dut/u_unified_p4_kernel/input_mem_reg[2][16][1]","input_mem_reg","FDRE","SLICE_X95Y88","SLICEM.HFF","SLICE_X95Y88","SLICEM","CLEM_X62Y88","318","157","","X3Y1",""
"u_dut/u_unified_p4_kernel/input_mem_reg[2][16][2]","input_mem_reg","FDRE","SLICE_X91Y86","SLICEL.HFF2","SLICE_X91Y86","SLICEL","CLEL_R_X59Y86","306","159","","X3Y1",""
"u_dut/u_unified_p4_kernel/input_mem_reg[2][16][3]","input_mem_reg","FDRE","SLICE_X90Y97","SLICEM.HFF2","SLICE_X90Y97","SLICEM","CLEM_X59Y97","304","147","","X3Y1",""
"u_dut/u_unified_p4_kernel/input_mem_reg[2][16][4]","input_mem_reg","FDRE","SLICE_X91Y86","SLICEL.GFF2","SLICE_X91Y86","SLICEL","CLEL_R_X59Y86","306","159","","X3Y1",""
"u_dut/u_unified_p4_kernel/input_mem_reg[2][16][5]","input_mem_reg","FDRE","SLICE_X89Y96","SLICEM.GFF","SLICE_X89Y96","SLICEM","CLEM_X58Y96","300","148","","X2Y1",""
"u_dut/u_unified_p4_kernel/input_mem_reg[2][16][6]","input_mem_reg","FDRE","SLICE_X91Y86","SLICEL.FFF2","SLICE_X91Y86","SLICEL","CLEL_R_X59Y86","306","159","","X3Y1",""
"u_dut/u_unified_p4_kernel/input_mem_reg[2][16][7]","input_mem_reg","FDRE","SLICE_X90Y87","SLICEM.HFF2","SLICE_X90Y87","SLICEM","CLEM_X59Y87","304","158","","X3Y1",""
"u_dut/u_unified_p4_kernel/input_mem_reg[2][16][8]","input_mem_reg","FDRE","SLICE_X90Y97","SLICEM.GFF2","SLICE_X90Y97","SLICEM","CLEM_X59Y97","304","147","","X3Y1",""
"u_dut/u_unified_p4_kernel/input_mem_reg[2][16][9]","input_mem_reg","FDRE","SLICE_X90Y97","SLICEM.FFF2","SLICE_X90Y97","SLICEM","CLEM_X59Y97","304","147","","X3Y1",""
"u_dut/u_unified_p4_kernel/input_mem_reg[2][17][0]","input_mem_reg","FDRE","SLICE_X89Y98","SLICEM.CFF2","SLICE_X89Y98","SLICEM","CLEM_X58Y98","300","146","","X2Y1",""
"u_dut/u_unified_p4_kernel/input_mem_reg[2][17][10]","input_mem_reg","FDRE","SLICE_X89Y98","SLICEM.BFF2","SLICE_X89Y98","SLICEM","CLEM_X58Y98","300","146","","X2Y1",""
"u_dut/u_unified_p4_kernel/input_mem_reg[2][17][11]","input_mem_reg","FDRE","SLICE_X95Y95","SLICEM.HFF","SLICE_X95Y95","SLICEM","CLEM_X62Y95","318","149","","X3Y1",""
"u_dut/u_unified_p4_kernel/input_mem_reg[2][17][12]","input_mem_reg","FDRE","SLICE_X90Y90","SLICEM.HFF","SLICE_X90Y90","SLICEM","CLEM_X59Y90","304","154","","X3Y1",""
"u_dut/u_unified_p4_kernel/input_mem_reg[2][17][13]","input_mem_reg","FDRE","SLICE_X89Y87","SLICEM.CFF2","SLICE_X89Y87","SLICEM","CLEM_X58Y87","300","158","","X2Y1",""
"u_dut/u_unified_p4_kernel/input_mem_reg[2][17][14]","input_mem_reg","FDRE","SLICE_X91Y97","SLICEL.HFF2","SLICE_X91Y97","SLICEL","CLEL_R_X59Y97","306","147","","X3Y1",""
"u_dut/u_unified_p4_kernel/input_mem_reg[2][17][15]","input_mem_reg","FDRE","SLICE_X95Y95","SLICEM.GFF","SLICE_X95Y95","SLICEM","CLEM_X62Y95","318","149","","X3Y1",""
"u_dut/u_unified_p4_kernel/input_mem_reg[2][17][1]","input_mem_reg","FDRE","SLICE_X92Y94","SLICEM.HFF2","SLICE_X92Y94","SLICEM","CLEM_X60Y94","309","150","","X3Y1",""
"u_dut/u_unified_p4_kernel/input_mem_reg[2][17][2]","input_mem_reg","FDRE","SLICE_X91Y97","SLICEL.GFF2","SLICE_X91Y97","SLICEL","CLEL_R_X59Y97","306","147","","X3Y1",""
"u_dut/u_unified_p4_kernel/input_mem_reg[2][17][3]","input_mem_reg","FDRE","SLICE_X91Y93","SLICEL.DFF2","SLICE_X91Y93","SLICEL","CLEL_R_X59Y93","306","151","","X3Y1",""
"u_dut/u_unified_p4_kernel/input_mem_reg[2][17][4]","input_mem_reg","FDRE","SLICE_X91Y97","SLICEL.FFF2","SLICE_X91Y97","SLICEL","CLEL_R_X59Y97","306","147","","X3Y1",""
"u_dut/u_unified_p4_kernel/input_mem_reg[2][17][5]","input_mem_reg","FDRE","SLICE_X89Y96","SLICEM.FFF","SLICE_X89Y96","SLICEM","CLEM_X58Y96","300","148","","X2Y1",""
"u_dut/u_unified_p4_kernel/input_mem_reg[2][17][6]","input_mem_reg","FDRE","SLICE_X92Y94","SLICEM.GFF2","SLICE_X92Y94","SLICEM","CLEM_X60Y94","309","150","","X3Y1",""
"u_dut/u_unified_p4_kernel/input_mem_reg[2][17][7]","input_mem_reg","FDRE","SLICE_X91Y86","SLICEL.EFF2","SLICE_X91Y86","SLICEL","CLEL_R_X59Y86","306","159","","X3Y1",""
"u_dut/u_unified_p4_kernel/input_mem_reg[2][17][8]","input_mem_reg","FDRE","SLICE_X91Y97","SLICEL.EFF2","SLICE_X91Y97","SLICEL","CLEL_R_X59Y97","306","147","","X3Y1",""
"u_dut/u_unified_p4_kernel/input_mem_reg[2][17][9]","input_mem_reg","FDRE","SLICE_X95Y95","SLICEM.FFF","SLICE_X95Y95","SLICEM","CLEM_X62Y95","318","149","","X3Y1",""
"u_dut/u_unified_p4_kernel/input_mem_reg[2][18][0]","input_mem_reg","FDRE","SLICE_X89Y94","SLICEM.HFF2","SLICE_X89Y94","SLICEM","CLEM_X58Y94","300","150","","X2Y1",""
"u_dut/u_unified_p4_kernel/input_mem_reg[2][18][10]","input_mem_reg","FDRE","SLICE_X89Y93","SLICEM.DFF2","SLICE_X89Y93","SLICEM","CLEM_X58Y93","300","151","","X2Y1",""
"u_dut/u_unified_p4_kernel/input_mem_reg[2][18][11]","input_mem_reg","FDRE","SLICE_X96Y99","SLICEM.HFF2","SLICE_X96Y99","SLICEM","CLEM_X63Y99","322","145","","X3Y1",""
"u_dut/u_unified_p4_kernel/input_mem_reg[2][18][12]","input_mem_reg","FDRE","SLICE_X93Y97","SLICEM.HFF","SLICE_X93Y97","SLICEM","CLEM_X61Y97","313","147","","X3Y1",""
"u_dut/u_unified_p4_kernel/input_mem_reg[2][18][13]","input_mem_reg","FDRE","SLICE_X96Y99","SLICEM.GFF2","SLICE_X96Y99","SLICEM","CLEM_X63Y99","322","145","","X3Y1",""
"u_dut/u_unified_p4_kernel/input_mem_reg[2][18][14]","input_mem_reg","FDRE","SLICE_X96Y99","SLICEM.FFF2","SLICE_X96Y99","SLICEM","CLEM_X63Y99","322","145","","X3Y1",""
"u_dut/u_unified_p4_kernel/input_mem_reg[2][18][15]","input_mem_reg","FDRE","SLICE_X94Y99","SLICEL.HFF","SLICE_X94Y99","SLICEL","CLEL_R_X61Y99","315","145","","X3Y1",""
"u_dut/u_unified_p4_kernel/input_mem_reg[2][18][1]","input_mem_reg","FDRE","SLICE_X93Y95","SLICEM.HFF2","SLICE_X93Y95","SLICEM","CLEM_X61Y95","313","149","","X3Y1",""
"u_dut/u_unified_p4_kernel/input_mem_reg[2][18][2]","input_mem_reg","FDRE","SLICE_X89Y93","SLICEM.CFF2","SLICE_X89Y93","SLICEM","CLEM_X58Y93","300","151","","X2Y1",""
"u_dut/u_unified_p4_kernel/input_mem_reg[2][18][3]","input_mem_reg","FDRE","SLICE_X91Y93","SLICEL.CFF2","SLICE_X91Y93","SLICEL","CLEL_R_X59Y93","306","151","","X3Y1",""
"u_dut/u_unified_p4_kernel/input_mem_reg[2][18][4]","input_mem_reg","FDRE","SLICE_X92Y95","SLICEM.HFF2","SLICE_X92Y95","SLICEM","CLEM_X60Y95","309","149","","X3Y1",""
"u_dut/u_unified_p4_kernel/input_mem_reg[2][18][5]","input_mem_reg","FDRE","SLICE_X96Y96","SLICEM.HFF2","SLICE_X96Y96","SLICEM","CLEM_X63Y96","322","148","","X3Y1",""
"u_dut/u_unified_p4_kernel/input_mem_reg[2][18][6]","input_mem_reg","FDRE","SLICE_X96Y99","SLICEM.EFF2","SLICE_X96Y99","SLICEM","CLEM_X63Y99","322","145","","X3Y1",""
"u_dut/u_unified_p4_kernel/input_mem_reg[2][18][7]","input_mem_reg","FDRE","SLICE_X89Y93","SLICEM.BFF2","SLICE_X89Y93","SLICEM","CLEM_X58Y93","300","151","","X2Y1",""
"u_dut/u_unified_p4_kernel/input_mem_reg[2][18][8]","input_mem_reg","FDRE","SLICE_X93Y97","SLICEM.GFF","SLICE_X93Y97","SLICEM","CLEM_X61Y97","313","147","","X3Y1",""
"u_dut/u_unified_p4_kernel/input_mem_reg[2][18][9]","input_mem_reg","FDRE","SLICE_X96Y96","SLICEM.GFF2","SLICE_X96Y96","SLICEM","CLEM_X63Y96","322","148","","X3Y1",""
"u_dut/u_unified_p4_kernel/input_mem_reg[2][19][0]","input_mem_reg","FDRE","SLICE_X96Y93","SLICEM.HFF2","SLICE_X96Y93","SLICEM","CLEM_X63Y93","322","151","","X3Y1",""
"u_dut/u_unified_p4_kernel/input_mem_reg[2][19][10]","input_mem_reg","FDRE","SLICE_X94Y94","SLICEL.HFF2","SLICE_X94Y94","SLICEL","CLEL_R_X61Y94","315","150","","X3Y1",""
"u_dut/u_unified_p4_kernel/input_mem_reg[2][19][11]","input_mem_reg","FDRE","SLICE_X96Y93","SLICEM.GFF2","SLICE_X96Y93","SLICEM","CLEM_X63Y93","322","151","","X3Y1",""
"u_dut/u_unified_p4_kernel/input_mem_reg[2][19][12]","input_mem_reg","FDRE","SLICE_X93Y95","SLICEM.GFF2","SLICE_X93Y95","SLICEM","CLEM_X61Y95","313","149","","X3Y1",""
"u_dut/u_unified_p4_kernel/input_mem_reg[2][19][13]","input_mem_reg","FDRE","SLICE_X96Y96","SLICEM.FFF2","SLICE_X96Y96","SLICEM","CLEM_X63Y96","322","148","","X3Y1",""
"u_dut/u_unified_p4_kernel/input_mem_reg[2][19][14]","input_mem_reg","FDRE","SLICE_X98Y94","SLICEM.HFF","SLICE_X98Y94","SLICEM","CLEM_X64Y94","327","150","","X3Y1",""
"u_dut/u_unified_p4_kernel/input_mem_reg[2][19][15]","input_mem_reg","FDRE","SLICE_X96Y93","SLICEM.FFF2","SLICE_X96Y93","SLICEM","CLEM_X63Y93","322","151","","X3Y1",""
"u_dut/u_unified_p4_kernel/input_mem_reg[2][19][1]","input_mem_reg","FDRE","SLICE_X89Y100","SLICEM.HFF2","SLICE_X89Y100","SLICEM","CLEM_X58Y100","300","144","","X2Y1",""
"u_dut/u_unified_p4_kernel/input_mem_reg[2][19][2]","input_mem_reg","FDRE","SLICE_X98Y94","SLICEM.GFF","SLICE_X98Y94","SLICEM","CLEM_X64Y94","327","150","","X3Y1",""
"u_dut/u_unified_p4_kernel/input_mem_reg[2][19][3]","input_mem_reg","FDRE","SLICE_X94Y100","SLICEL.HFF2","SLICE_X94Y100","SLICEL","CLEL_R_X61Y100","315","144","","X3Y1",""
"u_dut/u_unified_p4_kernel/input_mem_reg[2][19][4]","input_mem_reg","FDRE","SLICE_X89Y98","SLICEM.AFF2","SLICE_X89Y98","SLICEM","CLEM_X58Y98","300","146","","X2Y1",""
"u_dut/u_unified_p4_kernel/input_mem_reg[2][19][5]","input_mem_reg","FDRE","SLICE_X93Y95","SLICEM.FFF2","SLICE_X93Y95","SLICEM","CLEM_X61Y95","313","149","","X3Y1",""
"u_dut/u_unified_p4_kernel/input_mem_reg[2][19][6]","input_mem_reg","FDRE","SLICE_X89Y100","SLICEM.GFF2","SLICE_X89Y100","SLICEM","CLEM_X58Y100","300","144","","X2Y1",""
"u_dut/u_unified_p4_kernel/input_mem_reg[2][19][7]","input_mem_reg","FDRE","SLICE_X96Y93","SLICEM.EFF2","SLICE_X96Y93","SLICEM","CLEM_X63Y93","322","151","","X3Y1",""
"u_dut/u_unified_p4_kernel/input_mem_reg[2][19][8]","input_mem_reg","FDRE","SLICE_X98Y94","SLICEM.FFF","SLICE_X98Y94","SLICEM","CLEM_X64Y94","327","150","","X3Y1",""
"u_dut/u_unified_p4_kernel/input_mem_reg[2][19][9]","input_mem_reg","FDRE","SLICE_X98Y94","SLICEM.EFF","SLICE_X98Y94","SLICEM","CLEM_X64Y94","327","150","","X3Y1",""
"u_dut/u_unified_p4_kernel/input_mem_reg[2][1][0]","input_mem_reg","FDRE","SLICE_X86Y77","SLICEM.EFF2","SLICE_X86Y77","SLICEM","CLEM_X56Y77","291","168","","X2Y1",""
"u_dut/u_unified_p4_kernel/input_mem_reg[2][1][10]","input_mem_reg","FDRE","SLICE_X90Y91","SLICEM.HFF","SLICE_X90Y91","SLICEM","CLEM_X59Y91","304","153","","X3Y1",""
"u_dut/u_unified_p4_kernel/input_mem_reg[2][1][11]","input_mem_reg","FDRE","SLICE_X85Y76","SLICEL.HFF","SLICE_X85Y76","SLICEL","CLEL_R_X55Y76","288","169","","X2Y1",""
"u_dut/u_unified_p4_kernel/input_mem_reg[2][1][12]","input_mem_reg","FDRE","SLICE_X95Y90","SLICEM.HFF","SLICE_X95Y90","SLICEM","CLEM_X62Y90","318","154","","X3Y1",""
"u_dut/u_unified_p4_kernel/input_mem_reg[2][1][13]","input_mem_reg","FDRE","SLICE_X92Y93","SLICEM.HFF2","SLICE_X92Y93","SLICEM","CLEM_X60Y93","309","151","","X3Y1",""
"u_dut/u_unified_p4_kernel/input_mem_reg[2][1][14]","input_mem_reg","FDRE","SLICE_X87Y79","SLICEL.HFF2","SLICE_X87Y79","SLICEL","CLEL_R_X56Y79","293","166","","X2Y1",""
"u_dut/u_unified_p4_kernel/input_mem_reg[2][1][15]","input_mem_reg","FDRE","SLICE_X86Y87","SLICEM.HFF2","SLICE_X86Y87","SLICEM","CLEM_X56Y87","291","158","","X2Y1",""
"u_dut/u_unified_p4_kernel/input_mem_reg[2][1][1]","input_mem_reg","FDRE","SLICE_X86Y87","SLICEM.GFF2","SLICE_X86Y87","SLICEM","CLEM_X56Y87","291","158","","X2Y1",""
"u_dut/u_unified_p4_kernel/input_mem_reg[2][1][2]","input_mem_reg","FDRE","SLICE_X85Y76","SLICEL.GFF","SLICE_X85Y76","SLICEL","CLEL_R_X55Y76","288","169","","X2Y1",""
"u_dut/u_unified_p4_kernel/input_mem_reg[2][1][3]","input_mem_reg","FDRE","SLICE_X85Y76","SLICEL.FFF","SLICE_X85Y76","SLICEL","CLEL_R_X55Y76","288","169","","X2Y1",""
"u_dut/u_unified_p4_kernel/input_mem_reg[2][1][4]","input_mem_reg","FDRE","SLICE_X95Y90","SLICEM.GFF","SLICE_X95Y90","SLICEM","CLEM_X62Y90","318","154","","X3Y1",""
"u_dut/u_unified_p4_kernel/input_mem_reg[2][1][5]","input_mem_reg","FDRE","SLICE_X87Y79","SLICEL.GFF2","SLICE_X87Y79","SLICEL","CLEL_R_X56Y79","293","166","","X2Y1",""
"u_dut/u_unified_p4_kernel/input_mem_reg[2][1][6]","input_mem_reg","FDRE","SLICE_X87Y79","SLICEL.FFF2","SLICE_X87Y79","SLICEL","CLEL_R_X56Y79","293","166","","X2Y1",""
"u_dut/u_unified_p4_kernel/input_mem_reg[2][1][7]","input_mem_reg","FDRE","SLICE_X85Y78","SLICEL.HFF2","SLICE_X85Y78","SLICEL","CLEL_R_X55Y78","288","167","","X2Y1",""
"u_dut/u_unified_p4_kernel/input_mem_reg[2][1][8]","input_mem_reg","FDRE","SLICE_X85Y78","SLICEL.GFF2","SLICE_X85Y78","SLICEL","CLEL_R_X55Y78","288","167","","X2Y1",""
"u_dut/u_unified_p4_kernel/input_mem_reg[2][1][9]","input_mem_reg","FDRE","SLICE_X85Y79","SLICEL.HFF2","SLICE_X85Y79","SLICEL","CLEL_R_X55Y79","288","166","","X2Y1",""
"u_dut/u_unified_p4_kernel/input_mem_reg[2][20][0]","input_mem_reg","FDRE","SLICE_X94Y97","SLICEL.HFF","SLICE_X94Y97","SLICEL","CLEL_R_X61Y97","315","147","","X3Y1",""
"u_dut/u_unified_p4_kernel/input_mem_reg[2][20][10]","input_mem_reg","FDRE","SLICE_X94Y97","SLICEL.GFF","SLICE_X94Y97","SLICEL","CLEL_R_X61Y97","315","147","","X3Y1",""
"u_dut/u_unified_p4_kernel/input_mem_reg[2][20][11]","input_mem_reg","FDRE","SLICE_X90Y84","SLICEM.HFF2","SLICE_X90Y84","SLICEM","CLEM_X59Y84","304","161","","X3Y1",""
"u_dut/u_unified_p4_kernel/input_mem_reg[2][20][12]","input_mem_reg","FDRE","SLICE_X94Y82","SLICEL.HFF2","SLICE_X94Y82","SLICEL","CLEL_R_X61Y82","315","163","","X3Y1",""
"u_dut/u_unified_p4_kernel/input_mem_reg[2][20][13]","input_mem_reg","FDRE","SLICE_X96Y92","SLICEM.HFF2","SLICE_X96Y92","SLICEM","CLEM_X63Y92","322","152","","X3Y1",""
"u_dut/u_unified_p4_kernel/input_mem_reg[2][20][14]","input_mem_reg","FDRE","SLICE_X94Y89","SLICEL.HFF2","SLICE_X94Y89","SLICEL","CLEL_R_X61Y89","315","156","","X3Y1",""
"u_dut/u_unified_p4_kernel/input_mem_reg[2][20][15]","input_mem_reg","FDRE","SLICE_X90Y84","SLICEM.GFF2","SLICE_X90Y84","SLICEM","CLEM_X59Y84","304","161","","X3Y1",""
"u_dut/u_unified_p4_kernel/input_mem_reg[2][20][1]","input_mem_reg","FDRE","SLICE_X96Y92","SLICEM.GFF2","SLICE_X96Y92","SLICEM","CLEM_X63Y92","322","152","","X3Y1",""
"u_dut/u_unified_p4_kernel/input_mem_reg[2][20][2]","input_mem_reg","FDRE","SLICE_X96Y92","SLICEM.FFF2","SLICE_X96Y92","SLICEM","CLEM_X63Y92","322","152","","X3Y1",""
"u_dut/u_unified_p4_kernel/input_mem_reg[2][20][3]","input_mem_reg","FDRE","SLICE_X94Y82","SLICEL.GFF2","SLICE_X94Y82","SLICEL","CLEL_R_X61Y82","315","163","","X3Y1",""
"u_dut/u_unified_p4_kernel/input_mem_reg[2][20][4]","input_mem_reg","FDRE","SLICE_X94Y97","SLICEL.FFF","SLICE_X94Y97","SLICEL","CLEL_R_X61Y97","315","147","","X3Y1",""
"u_dut/u_unified_p4_kernel/input_mem_reg[2][20][5]","input_mem_reg","FDRE","SLICE_X90Y84","SLICEM.FFF2","SLICE_X90Y84","SLICEM","CLEM_X59Y84","304","161","","X3Y1",""
"u_dut/u_unified_p4_kernel/input_mem_reg[2][20][6]","input_mem_reg","FDRE","SLICE_X94Y97","SLICEL.EFF","SLICE_X94Y97","SLICEL","CLEL_R_X61Y97","315","147","","X3Y1",""
"u_dut/u_unified_p4_kernel/input_mem_reg[2][20][7]","input_mem_reg","FDRE","SLICE_X89Y85","SLICEM.HFF2","SLICE_X89Y85","SLICEM","CLEM_X58Y85","300","160","","X2Y1",""
"u_dut/u_unified_p4_kernel/input_mem_reg[2][20][8]","input_mem_reg","FDRE","SLICE_X89Y97","SLICEM.HFF2","SLICE_X89Y97","SLICEM","CLEM_X58Y97","300","147","","X2Y1",""
"u_dut/u_unified_p4_kernel/input_mem_reg[2][20][9]","input_mem_reg","FDRE","SLICE_X89Y97","SLICEM.GFF2","SLICE_X89Y97","SLICEM","CLEM_X58Y97","300","147","","X2Y1",""
"u_dut/u_unified_p4_kernel/input_mem_reg[2][21][0]","input_mem_reg","FDRE","SLICE_X96Y83","SLICEM.HFF2","SLICE_X96Y83","SLICEM","CLEM_X63Y83","322","162","","X3Y1",""
"u_dut/u_unified_p4_kernel/input_mem_reg[2][21][10]","input_mem_reg","FDRE","SLICE_X89Y85","SLICEM.GFF2","SLICE_X89Y85","SLICEM","CLEM_X58Y85","300","160","","X2Y1",""
"u_dut/u_unified_p4_kernel/input_mem_reg[2][21][11]","input_mem_reg","FDRE","SLICE_X89Y85","SLICEM.FFF2","SLICE_X89Y85","SLICEM","CLEM_X58Y85","300","160","","X2Y1",""
"u_dut/u_unified_p4_kernel/input_mem_reg[2][21][12]","input_mem_reg","FDRE","SLICE_X94Y83","SLICEL.AFF","SLICE_X94Y83","SLICEL","CLEL_R_X61Y83","315","162","","X3Y1",""
"u_dut/u_unified_p4_kernel/input_mem_reg[2][21][13]","input_mem_reg","FDRE","SLICE_X95Y97","SLICEM.HFF","SLICE_X95Y97","SLICEM","CLEM_X62Y97","318","147","","X3Y1",""
"u_dut/u_unified_p4_kernel/input_mem_reg[2][21][14]","input_mem_reg","FDRE","SLICE_X88Y94","SLICEL.HFF2","SLICE_X88Y94","SLICEL","CLEL_R_X57Y94","297","150","","X2Y1",""
"u_dut/u_unified_p4_kernel/input_mem_reg[2][21][15]","input_mem_reg","FDRE","SLICE_X94Y98","SLICEL.HFF","SLICE_X94Y98","SLICEL","CLEL_R_X61Y98","315","146","","X3Y1",""
"u_dut/u_unified_p4_kernel/input_mem_reg[2][21][1]","input_mem_reg","FDRE","SLICE_X96Y83","SLICEM.GFF2","SLICE_X96Y83","SLICEM","CLEM_X63Y83","322","162","","X3Y1",""
"u_dut/u_unified_p4_kernel/input_mem_reg[2][21][2]","input_mem_reg","FDRE","SLICE_X90Y92","SLICEM.HFF","SLICE_X90Y92","SLICEM","CLEM_X59Y92","304","152","","X3Y1",""
"u_dut/u_unified_p4_kernel/input_mem_reg[2][21][3]","input_mem_reg","FDRE","SLICE_X96Y83","SLICEM.FFF2","SLICE_X96Y83","SLICEM","CLEM_X63Y83","322","162","","X3Y1",""
"u_dut/u_unified_p4_kernel/input_mem_reg[2][21][4]","input_mem_reg","FDRE","SLICE_X93Y82","SLICEM.DFF","SLICE_X93Y82","SLICEM","CLEM_X61Y82","313","163","","X3Y1",""
"u_dut/u_unified_p4_kernel/input_mem_reg[2][21][5]","input_mem_reg","FDRE","SLICE_X88Y94","SLICEL.GFF2","SLICE_X88Y94","SLICEL","CLEL_R_X57Y94","297","150","","X2Y1",""
"u_dut/u_unified_p4_kernel/input_mem_reg[2][21][6]","input_mem_reg","FDRE","SLICE_X93Y82","SLICEM.CFF","SLICE_X93Y82","SLICEM","CLEM_X61Y82","313","163","","X3Y1",""
"u_dut/u_unified_p4_kernel/input_mem_reg[2][21][7]","input_mem_reg","FDRE","SLICE_X90Y92","SLICEM.GFF","SLICE_X90Y92","SLICEM","CLEM_X59Y92","304","152","","X3Y1",""
"u_dut/u_unified_p4_kernel/input_mem_reg[2][21][8]","input_mem_reg","FDRE","SLICE_X91Y89","SLICEL.HFF2","SLICE_X91Y89","SLICEL","CLEL_R_X59Y89","306","156","","X3Y1",""
"u_dut/u_unified_p4_kernel/input_mem_reg[2][21][9]","input_mem_reg","FDRE","SLICE_X89Y85","SLICEM.EFF2","SLICE_X89Y85","SLICEM","CLEM_X58Y85","300","160","","X2Y1",""
"u_dut/u_unified_p4_kernel/input_mem_reg[2][22][0]","input_mem_reg","FDRE","SLICE_X90Y84","SLICEM.EFF2","SLICE_X90Y84","SLICEM","CLEM_X59Y84","304","161","","X3Y1",""
"u_dut/u_unified_p4_kernel/input_mem_reg[2][22][10]","input_mem_reg","FDRE","SLICE_X90Y82","SLICEM.HFF","SLICE_X90Y82","SLICEM","CLEM_X59Y82","304","163","","X3Y1",""
"u_dut/u_unified_p4_kernel/input_mem_reg[2][22][11]","input_mem_reg","FDRE","SLICE_X97Y95","SLICEL.HFF","SLICE_X97Y95","SLICEL","CLEL_R_X63Y95","324","149","","X3Y1",""
"u_dut/u_unified_p4_kernel/input_mem_reg[2][22][12]","input_mem_reg","FDRE","SLICE_X89Y95","SLICEM.HFF","SLICE_X89Y95","SLICEM","CLEM_X58Y95","300","149","","X2Y1",""
"u_dut/u_unified_p4_kernel/input_mem_reg[2][22][13]","input_mem_reg","FDRE","SLICE_X90Y82","SLICEM.GFF","SLICE_X90Y82","SLICEM","CLEM_X59Y82","304","163","","X3Y1",""
"u_dut/u_unified_p4_kernel/input_mem_reg[2][22][14]","input_mem_reg","FDRE","SLICE_X96Y94","SLICEM.HFF2","SLICE_X96Y94","SLICEM","CLEM_X63Y94","322","150","","X3Y1",""
"u_dut/u_unified_p4_kernel/input_mem_reg[2][22][15]","input_mem_reg","FDRE","SLICE_X87Y96","SLICEL.HFF2","SLICE_X87Y96","SLICEL","CLEL_R_X56Y96","293","148","","X2Y1",""
"u_dut/u_unified_p4_kernel/input_mem_reg[2][22][1]","input_mem_reg","FDRE","SLICE_X96Y85","SLICEM.HFF2","SLICE_X96Y85","SLICEM","CLEM_X63Y85","322","160","","X3Y1",""
"u_dut/u_unified_p4_kernel/input_mem_reg[2][22][2]","input_mem_reg","FDRE","SLICE_X96Y85","SLICEM.GFF2","SLICE_X96Y85","SLICEM","CLEM_X63Y85","322","160","","X3Y1",""
"u_dut/u_unified_p4_kernel/input_mem_reg[2][22][3]","input_mem_reg","FDRE","SLICE_X96Y85","SLICEM.FFF2","SLICE_X96Y85","SLICEM","CLEM_X63Y85","322","160","","X3Y1",""
"u_dut/u_unified_p4_kernel/input_mem_reg[2][22][4]","input_mem_reg","FDRE","SLICE_X96Y91","SLICEM.DFF2","SLICE_X96Y91","SLICEM","CLEM_X63Y91","322","153","","X3Y1",""
"u_dut/u_unified_p4_kernel/input_mem_reg[2][22][5]","input_mem_reg","FDRE","SLICE_X87Y98","SLICEL.HFF2","SLICE_X87Y98","SLICEL","CLEL_R_X56Y98","293","146","","X2Y1",""
"u_dut/u_unified_p4_kernel/input_mem_reg[2][22][6]","input_mem_reg","FDRE","SLICE_X90Y82","SLICEM.FFF","SLICE_X90Y82","SLICEM","CLEM_X59Y82","304","163","","X3Y1",""
"u_dut/u_unified_p4_kernel/input_mem_reg[2][22][7]","input_mem_reg","FDRE","SLICE_X97Y95","SLICEL.GFF","SLICE_X97Y95","SLICEL","CLEL_R_X63Y95","324","149","","X3Y1",""
"u_dut/u_unified_p4_kernel/input_mem_reg[2][22][8]","input_mem_reg","FDRE","SLICE_X87Y94","SLICEL.HFF","SLICE_X87Y94","SLICEL","CLEL_R_X56Y94","293","150","","X2Y1",""
"u_dut/u_unified_p4_kernel/input_mem_reg[2][22][9]","input_mem_reg","FDRE","SLICE_X89Y88","SLICEM.HFF2","SLICE_X89Y88","SLICEM","CLEM_X58Y88","300","157","","X2Y1",""
"u_dut/u_unified_p4_kernel/input_mem_reg[2][23][0]","input_mem_reg","FDRE","SLICE_X96Y89","SLICEM.HFF2","SLICE_X96Y89","SLICEM","CLEM_X63Y89","322","156","","X3Y1",""
"u_dut/u_unified_p4_kernel/input_mem_reg[2][23][10]","input_mem_reg","FDRE","SLICE_X96Y90","SLICEM.DFF2","SLICE_X96Y90","SLICEM","CLEM_X63Y90","322","154","","X3Y1",""
"u_dut/u_unified_p4_kernel/input_mem_reg[2][23][11]","input_mem_reg","FDRE","SLICE_X87Y98","SLICEL.GFF2","SLICE_X87Y98","SLICEL","CLEL_R_X56Y98","293","146","","X2Y1",""
"u_dut/u_unified_p4_kernel/input_mem_reg[2][23][12]","input_mem_reg","FDRE","SLICE_X96Y94","SLICEM.GFF2","SLICE_X96Y94","SLICEM","CLEM_X63Y94","322","150","","X3Y1",""
"u_dut/u_unified_p4_kernel/input_mem_reg[2][23][13]","input_mem_reg","FDRE","SLICE_X96Y90","SLICEM.CFF2","SLICE_X96Y90","SLICEM","CLEM_X63Y90","322","154","","X3Y1",""
"u_dut/u_unified_p4_kernel/input_mem_reg[2][23][14]","input_mem_reg","FDRE","SLICE_X94Y94","SLICEL.HFF","SLICE_X94Y94","SLICEL","CLEL_R_X61Y94","315","150","","X3Y1",""
"u_dut/u_unified_p4_kernel/input_mem_reg[2][23][15]","input_mem_reg","FDRE","SLICE_X95Y97","SLICEM.GFF","SLICE_X95Y97","SLICEM","CLEM_X62Y97","318","147","","X3Y1",""
"u_dut/u_unified_p4_kernel/input_mem_reg[2][23][1]","input_mem_reg","FDRE","SLICE_X94Y89","SLICEL.GFF2","SLICE_X94Y89","SLICEL","CLEL_R_X61Y89","315","156","","X3Y1",""
"u_dut/u_unified_p4_kernel/input_mem_reg[2][23][2]","input_mem_reg","FDRE","SLICE_X96Y89","SLICEM.GFF2","SLICE_X96Y89","SLICEM","CLEM_X63Y89","322","156","","X3Y1",""
"u_dut/u_unified_p4_kernel/input_mem_reg[2][23][3]","input_mem_reg","FDRE","SLICE_X94Y94","SLICEL.GFF","SLICE_X94Y94","SLICEL","CLEL_R_X61Y94","315","150","","X3Y1",""
"u_dut/u_unified_p4_kernel/input_mem_reg[2][23][4]","input_mem_reg","FDRE","SLICE_X96Y89","SLICEM.FFF2","SLICE_X96Y89","SLICEM","CLEM_X63Y89","322","156","","X3Y1",""
"u_dut/u_unified_p4_kernel/input_mem_reg[2][23][5]","input_mem_reg","FDRE","SLICE_X87Y98","SLICEL.FFF2","SLICE_X87Y98","SLICEL","CLEL_R_X56Y98","293","146","","X2Y1",""
"u_dut/u_unified_p4_kernel/input_mem_reg[2][23][6]","input_mem_reg","FDRE","SLICE_X97Y95","SLICEL.FFF","SLICE_X97Y95","SLICEL","CLEL_R_X63Y95","324","149","","X3Y1",""
"u_dut/u_unified_p4_kernel/input_mem_reg[2][23][7]","input_mem_reg","FDRE","SLICE_X97Y95","SLICEL.EFF","SLICE_X97Y95","SLICEL","CLEL_R_X63Y95","324","149","","X3Y1",""
"u_dut/u_unified_p4_kernel/input_mem_reg[2][23][8]","input_mem_reg","FDRE","SLICE_X96Y94","SLICEM.FFF2","SLICE_X96Y94","SLICEM","CLEM_X63Y94","322","150","","X3Y1",""
"u_dut/u_unified_p4_kernel/input_mem_reg[2][23][9]","input_mem_reg","FDRE","SLICE_X95Y97","SLICEM.FFF","SLICE_X95Y97","SLICEM","CLEM_X62Y97","318","147","","X3Y1",""
"u_dut/u_unified_p4_kernel/input_mem_reg[2][24][0]","input_mem_reg","FDRE","SLICE_X88Y107","SLICEL.HFF2","SLICE_X88Y107","SLICEL","CLEL_R_X57Y107","297","137","","X2Y1",""
"u_dut/u_unified_p4_kernel/input_mem_reg[2][24][10]","input_mem_reg","FDRE","SLICE_X88Y106","SLICEL.HFF2","SLICE_X88Y106","SLICEL","CLEL_R_X57Y106","297","138","","X2Y1",""
"u_dut/u_unified_p4_kernel/input_mem_reg[2][24][11]","input_mem_reg","FDRE","SLICE_X88Y107","SLICEL.GFF2","SLICE_X88Y107","SLICEL","CLEL_R_X57Y107","297","137","","X2Y1",""
"u_dut/u_unified_p4_kernel/input_mem_reg[2][24][12]","input_mem_reg","FDRE","SLICE_X90Y107","SLICEM.HFF","SLICE_X90Y107","SLICEM","CLEM_X59Y107","304","137","","X3Y1",""
"u_dut/u_unified_p4_kernel/input_mem_reg[2][24][13]","input_mem_reg","FDRE","SLICE_X91Y109","SLICEL.HFF2","SLICE_X91Y109","SLICEL","CLEL_R_X59Y109","306","135","","X3Y1",""
"u_dut/u_unified_p4_kernel/input_mem_reg[2][24][14]","input_mem_reg","FDRE","SLICE_X91Y106","SLICEL.DFF2","SLICE_X91Y106","SLICEL","CLEL_R_X59Y106","306","138","","X3Y1",""
"u_dut/u_unified_p4_kernel/input_mem_reg[2][24][15]","input_mem_reg","FDRE","SLICE_X88Y107","SLICEL.FFF2","SLICE_X88Y107","SLICEL","CLEL_R_X57Y107","297","137","","X2Y1",""
"u_dut/u_unified_p4_kernel/input_mem_reg[2][24][1]","input_mem_reg","FDRE","SLICE_X90Y108","SLICEM.HFF","SLICE_X90Y108","SLICEM","CLEM_X59Y108","304","136","","X3Y1",""
"u_dut/u_unified_p4_kernel/input_mem_reg[2][24][2]","input_mem_reg","FDRE","SLICE_X91Y109","SLICEL.GFF2","SLICE_X91Y109","SLICEL","CLEL_R_X59Y109","306","135","","X3Y1",""
"u_dut/u_unified_p4_kernel/input_mem_reg[2][24][3]","input_mem_reg","FDRE","SLICE_X90Y107","SLICEM.GFF","SLICE_X90Y107","SLICEM","CLEM_X59Y107","304","137","","X3Y1",""
"u_dut/u_unified_p4_kernel/input_mem_reg[2][24][4]","input_mem_reg","FDRE","SLICE_X88Y107","SLICEL.EFF2","SLICE_X88Y107","SLICEL","CLEL_R_X57Y107","297","137","","X2Y1",""
"u_dut/u_unified_p4_kernel/input_mem_reg[2][24][5]","input_mem_reg","FDRE","SLICE_X91Y106","SLICEL.CFF2","SLICE_X91Y106","SLICEL","CLEL_R_X59Y106","306","138","","X3Y1",""
"u_dut/u_unified_p4_kernel/input_mem_reg[2][24][6]","input_mem_reg","FDRE","SLICE_X88Y110","SLICEL.DFF2","SLICE_X88Y110","SLICEL","CLEL_R_X57Y110","297","134","","X2Y1",""
"u_dut/u_unified_p4_kernel/input_mem_reg[2][24][7]","input_mem_reg","FDRE","SLICE_X88Y110","SLICEL.CFF2","SLICE_X88Y110","SLICEL","CLEL_R_X57Y110","297","134","","X2Y1",""
"u_dut/u_unified_p4_kernel/input_mem_reg[2][24][8]","input_mem_reg","FDRE","SLICE_X88Y110","SLICEL.BFF2","SLICE_X88Y110","SLICEL","CLEL_R_X57Y110","297","134","","X2Y1",""
"u_dut/u_unified_p4_kernel/input_mem_reg[2][24][9]","input_mem_reg","FDRE","SLICE_X88Y110","SLICEL.AFF2","SLICE_X88Y110","SLICEL","CLEL_R_X57Y110","297","134","","X2Y1",""
"u_dut/u_unified_p4_kernel/input_mem_reg[2][25][0]","input_mem_reg","FDRE","SLICE_X97Y106","SLICEL.HFF","SLICE_X97Y106","SLICEL","CLEL_R_X63Y106","324","138","","X3Y1",""
"u_dut/u_unified_p4_kernel/input_mem_reg[2][25][10]","input_mem_reg","FDRE","SLICE_X98Y103","SLICEM.HFF","SLICE_X98Y103","SLICEM","CLEM_X64Y103","327","141","","X3Y1",""
"u_dut/u_unified_p4_kernel/input_mem_reg[2][25][11]","input_mem_reg","FDRE","SLICE_X96Y106","SLICEM.HFF","SLICE_X96Y106","SLICEM","CLEM_X63Y106","322","138","","X3Y1",""
"u_dut/u_unified_p4_kernel/input_mem_reg[2][25][12]","input_mem_reg","FDRE","SLICE_X98Y103","SLICEM.GFF","SLICE_X98Y103","SLICEM","CLEM_X64Y103","327","141","","X3Y1",""
"u_dut/u_unified_p4_kernel/input_mem_reg[2][25][13]","input_mem_reg","FDRE","SLICE_X99Y105","SLICEL.HFF2","SLICE_X99Y105","SLICEL","CLEL_R_X64Y105","329","139","","X3Y1",""
"u_dut/u_unified_p4_kernel/input_mem_reg[2][25][14]","input_mem_reg","FDRE","SLICE_X98Y107","SLICEM.HFF2","SLICE_X98Y107","SLICEM","CLEM_X64Y107","327","137","","X3Y1",""
"u_dut/u_unified_p4_kernel/input_mem_reg[2][25][15]","input_mem_reg","FDRE","SLICE_X96Y106","SLICEM.GFF","SLICE_X96Y106","SLICEM","CLEM_X63Y106","322","138","","X3Y1",""
"u_dut/u_unified_p4_kernel/input_mem_reg[2][25][1]","input_mem_reg","FDRE","SLICE_X99Y105","SLICEL.GFF2","SLICE_X99Y105","SLICEL","CLEL_R_X64Y105","329","139","","X3Y1",""
"u_dut/u_unified_p4_kernel/input_mem_reg[2][25][2]","input_mem_reg","FDRE","SLICE_X98Y104","SLICEM.AFF","SLICE_X98Y104","SLICEM","CLEM_X64Y104","327","140","","X3Y1",""
"u_dut/u_unified_p4_kernel/input_mem_reg[2][25][3]","input_mem_reg","FDRE","SLICE_X96Y104","SLICEM.HFF2","SLICE_X96Y104","SLICEM","CLEM_X63Y104","322","140","","X3Y1",""
"u_dut/u_unified_p4_kernel/input_mem_reg[2][25][4]","input_mem_reg","FDRE","SLICE_X98Y103","SLICEM.FFF","SLICE_X98Y103","SLICEM","CLEM_X64Y103","327","141","","X3Y1",""
"u_dut/u_unified_p4_kernel/input_mem_reg[2][25][5]","input_mem_reg","FDRE","SLICE_X96Y102","SLICEM.HFF2","SLICE_X96Y102","SLICEM","CLEM_X63Y102","322","142","","X3Y1",""
"u_dut/u_unified_p4_kernel/input_mem_reg[2][25][6]","input_mem_reg","FDRE","SLICE_X96Y102","SLICEM.GFF2","SLICE_X96Y102","SLICEM","CLEM_X63Y102","322","142","","X3Y1",""
"u_dut/u_unified_p4_kernel/input_mem_reg[2][25][7]","input_mem_reg","FDRE","SLICE_X96Y104","SLICEM.GFF2","SLICE_X96Y104","SLICEM","CLEM_X63Y104","322","140","","X3Y1",""
"u_dut/u_unified_p4_kernel/input_mem_reg[2][25][8]","input_mem_reg","FDRE","SLICE_X96Y106","SLICEM.FFF","SLICE_X96Y106","SLICEM","CLEM_X63Y106","322","138","","X3Y1",""
"u_dut/u_unified_p4_kernel/input_mem_reg[2][25][9]","input_mem_reg","FDRE","SLICE_X98Y107","SLICEM.GFF2","SLICE_X98Y107","SLICEM","CLEM_X64Y107","327","137","","X3Y1",""
"u_dut/u_unified_p4_kernel/input_mem_reg[2][26][0]","input_mem_reg","FDRE","SLICE_X96Y106","SLICEM.EFF","SLICE_X96Y106","SLICEM","CLEM_X63Y106","322","138","","X3Y1",""
"u_dut/u_unified_p4_kernel/input_mem_reg[2][26][10]","input_mem_reg","FDRE","SLICE_X94Y106","SLICEL.HFF2","SLICE_X94Y106","SLICEL","CLEL_R_X61Y106","315","138","","X3Y1",""
"u_dut/u_unified_p4_kernel/input_mem_reg[2][26][11]","input_mem_reg","FDRE","SLICE_X95Y106","SLICEM.HFF","SLICE_X95Y106","SLICEM","CLEM_X62Y106","318","138","","X3Y1",""
"u_dut/u_unified_p4_kernel/input_mem_reg[2][26][12]","input_mem_reg","FDRE","SLICE_X94Y108","SLICEL.HFF2","SLICE_X94Y108","SLICEL","CLEL_R_X61Y108","315","136","","X3Y1",""
"u_dut/u_unified_p4_kernel/input_mem_reg[2][26][13]","input_mem_reg","FDRE","SLICE_X96Y104","SLICEM.FFF2","SLICE_X96Y104","SLICEM","CLEM_X63Y104","322","140","","X3Y1",""
"u_dut/u_unified_p4_kernel/input_mem_reg[2][26][14]","input_mem_reg","FDRE","SLICE_X94Y106","SLICEL.GFF2","SLICE_X94Y106","SLICEL","CLEL_R_X61Y106","315","138","","X3Y1",""
"u_dut/u_unified_p4_kernel/input_mem_reg[2][26][15]","input_mem_reg","FDRE","SLICE_X94Y108","SLICEL.GFF2","SLICE_X94Y108","SLICEL","CLEL_R_X61Y108","315","136","","X3Y1",""
"u_dut/u_unified_p4_kernel/input_mem_reg[2][26][1]","input_mem_reg","FDRE","SLICE_X94Y104","SLICEL.HFF","SLICE_X94Y104","SLICEL","CLEL_R_X61Y104","315","140","","X3Y1",""
"u_dut/u_unified_p4_kernel/input_mem_reg[2][26][2]","input_mem_reg","FDRE","SLICE_X96Y104","SLICEM.EFF2","SLICE_X96Y104","SLICEM","CLEM_X63Y104","322","140","","X3Y1",""
"u_dut/u_unified_p4_kernel/input_mem_reg[2][26][3]","input_mem_reg","FDRE","SLICE_X95Y106","SLICEM.GFF","SLICE_X95Y106","SLICEM","CLEM_X62Y106","318","138","","X3Y1",""
"u_dut/u_unified_p4_kernel/input_mem_reg[2][26][4]","input_mem_reg","FDRE","SLICE_X94Y104","SLICEL.GFF","SLICE_X94Y104","SLICEL","CLEL_R_X61Y104","315","140","","X3Y1",""
"u_dut/u_unified_p4_kernel/input_mem_reg[2][26][5]","input_mem_reg","FDRE","SLICE_X95Y104","SLICEM.HFF2","SLICE_X95Y104","SLICEM","CLEM_X62Y104","318","140","","X3Y1",""
"u_dut/u_unified_p4_kernel/input_mem_reg[2][26][6]","input_mem_reg","FDRE","SLICE_X94Y104","SLICEL.FFF","SLICE_X94Y104","SLICEL","CLEL_R_X61Y104","315","140","","X3Y1",""
"u_dut/u_unified_p4_kernel/input_mem_reg[2][26][7]","input_mem_reg","FDRE","SLICE_X94Y104","SLICEL.EFF","SLICE_X94Y104","SLICEL","CLEL_R_X61Y104","315","140","","X3Y1",""
"u_dut/u_unified_p4_kernel/input_mem_reg[2][26][8]","input_mem_reg","FDRE","SLICE_X94Y108","SLICEL.FFF2","SLICE_X94Y108","SLICEL","CLEL_R_X61Y108","315","136","","X3Y1",""
"u_dut/u_unified_p4_kernel/input_mem_reg[2][26][9]","input_mem_reg","FDRE","SLICE_X94Y106","SLICEL.FFF2","SLICE_X94Y106","SLICEL","CLEL_R_X61Y106","315","138","","X3Y1",""
"u_dut/u_unified_p4_kernel/input_mem_reg[2][27][0]","input_mem_reg","FDRE","SLICE_X95Y102","SLICEM.HFF","SLICE_X95Y102","SLICEM","CLEM_X62Y102","318","142","","X3Y1",""
"u_dut/u_unified_p4_kernel/input_mem_reg[2][27][10]","input_mem_reg","FDRE","SLICE_X93Y105","SLICEM.HFF2","SLICE_X93Y105","SLICEM","CLEM_X61Y105","313","139","","X3Y1",""
"u_dut/u_unified_p4_kernel/input_mem_reg[2][27][11]","input_mem_reg","FDRE","SLICE_X98Y107","SLICEM.FFF2","SLICE_X98Y107","SLICEM","CLEM_X64Y107","327","137","","X3Y1",""
"u_dut/u_unified_p4_kernel/input_mem_reg[2][27][12]","input_mem_reg","FDRE","SLICE_X97Y106","SLICEL.GFF","SLICE_X97Y106","SLICEL","CLEL_R_X63Y106","324","138","","X3Y1",""
"u_dut/u_unified_p4_kernel/input_mem_reg[2][27][13]","input_mem_reg","FDRE","SLICE_X95Y109","SLICEM.HFF","SLICE_X95Y109","SLICEM","CLEM_X62Y109","318","135","","X3Y1",""
"u_dut/u_unified_p4_kernel/input_mem_reg[2][27][14]","input_mem_reg","FDRE","SLICE_X95Y108","SLICEM.HFF2","SLICE_X95Y108","SLICEM","CLEM_X62Y108","318","136","","X3Y1",""
"u_dut/u_unified_p4_kernel/input_mem_reg[2][27][15]","input_mem_reg","FDRE","SLICE_X94Y106","SLICEL.EFF2","SLICE_X94Y106","SLICEL","CLEL_R_X61Y106","315","138","","X3Y1",""
"u_dut/u_unified_p4_kernel/input_mem_reg[2][27][1]","input_mem_reg","FDRE","SLICE_X98Y108","SLICEM.HFF","SLICE_X98Y108","SLICEM","CLEM_X64Y108","327","136","","X3Y1",""
"u_dut/u_unified_p4_kernel/input_mem_reg[2][27][2]","input_mem_reg","FDRE","SLICE_X95Y102","SLICEM.GFF","SLICE_X95Y102","SLICEM","CLEM_X62Y102","318","142","","X3Y1",""
"u_dut/u_unified_p4_kernel/input_mem_reg[2][27][3]","input_mem_reg","FDRE","SLICE_X98Y107","SLICEM.EFF2","SLICE_X98Y107","SLICEM","CLEM_X64Y107","327","137","","X3Y1",""
"u_dut/u_unified_p4_kernel/input_mem_reg[2][27][4]","input_mem_reg","FDRE","SLICE_X98Y108","SLICEM.GFF","SLICE_X98Y108","SLICEM","CLEM_X64Y108","327","136","","X3Y1",""
"u_dut/u_unified_p4_kernel/input_mem_reg[2][27][5]","input_mem_reg","FDRE","SLICE_X99Y108","SLICEL.HFF","SLICE_X99Y108","SLICEL","CLEL_R_X64Y108","329","136","","X3Y1",""
"u_dut/u_unified_p4_kernel/input_mem_reg[2][27][6]","input_mem_reg","FDRE","SLICE_X95Y106","SLICEM.FFF","SLICE_X95Y106","SLICEM","CLEM_X62Y106","318","138","","X3Y1",""
"u_dut/u_unified_p4_kernel/input_mem_reg[2][27][7]","input_mem_reg","FDRE","SLICE_X93Y105","SLICEM.GFF2","SLICE_X93Y105","SLICEM","CLEM_X61Y105","313","139","","X3Y1",""
"u_dut/u_unified_p4_kernel/input_mem_reg[2][27][8]","input_mem_reg","FDRE","SLICE_X98Y105","SLICEM.DFF2","SLICE_X98Y105","SLICEM","CLEM_X64Y105","327","139","","X3Y1",""
"u_dut/u_unified_p4_kernel/input_mem_reg[2][27][9]","input_mem_reg","FDRE","SLICE_X98Y108","SLICEM.FFF","SLICE_X98Y108","SLICEM","CLEM_X64Y108","327","136","","X3Y1",""
"u_dut/u_unified_p4_kernel/input_mem_reg[2][28][0]","input_mem_reg","FDRE","SLICE_X93Y111","SLICEM.HFF","SLICE_X93Y111","SLICEM","CLEM_X61Y111","313","133","","X3Y1",""
"u_dut/u_unified_p4_kernel/input_mem_reg[2][28][10]","input_mem_reg","FDRE","SLICE_X93Y111","SLICEM.GFF","SLICE_X93Y111","SLICEM","CLEM_X61Y111","313","133","","X3Y1",""
"u_dut/u_unified_p4_kernel/input_mem_reg[2][28][11]","input_mem_reg","FDRE","SLICE_X95Y111","SLICEM.HFF","SLICE_X95Y111","SLICEM","CLEM_X62Y111","318","133","","X3Y1",""
"u_dut/u_unified_p4_kernel/input_mem_reg[2][28][12]","input_mem_reg","FDRE","SLICE_X93Y111","SLICEM.FFF","SLICE_X93Y111","SLICEM","CLEM_X61Y111","313","133","","X3Y1",""
"u_dut/u_unified_p4_kernel/input_mem_reg[2][28][13]","input_mem_reg","FDRE","SLICE_X95Y112","SLICEM.HFF2","SLICE_X95Y112","SLICEM","CLEM_X62Y112","318","132","","X3Y1",""
"u_dut/u_unified_p4_kernel/input_mem_reg[2][28][14]","input_mem_reg","FDRE","SLICE_X95Y114","SLICEM.HFF","SLICE_X95Y114","SLICEM","CLEM_X62Y114","318","130","","X3Y1",""
"u_dut/u_unified_p4_kernel/input_mem_reg[2][28][15]","input_mem_reg","FDRE","SLICE_X92Y113","SLICEM.DFF","SLICE_X92Y113","SLICEM","CLEM_X60Y113","309","131","","X3Y1",""
"u_dut/u_unified_p4_kernel/input_mem_reg[2][28][1]","input_mem_reg","FDRE","SLICE_X92Y109","SLICEM.HFF","SLICE_X92Y109","SLICEM","CLEM_X60Y109","309","135","","X3Y1",""
"u_dut/u_unified_p4_kernel/input_mem_reg[2][28][2]","input_mem_reg","FDRE","SLICE_X92Y109","SLICEM.GFF","SLICE_X92Y109","SLICEM","CLEM_X60Y109","309","135","","X3Y1",""
"u_dut/u_unified_p4_kernel/input_mem_reg[2][28][3]","input_mem_reg","FDRE","SLICE_X91Y111","SLICEL.HFF2","SLICE_X91Y111","SLICEL","CLEL_R_X59Y111","306","133","","X3Y1",""
"u_dut/u_unified_p4_kernel/input_mem_reg[2][28][4]","input_mem_reg","FDRE","SLICE_X92Y110","SLICEM.HFF","SLICE_X92Y110","SLICEM","CLEM_X60Y110","309","134","","X3Y1",""
"u_dut/u_unified_p4_kernel/input_mem_reg[2][28][5]","input_mem_reg","FDRE","SLICE_X93Y110","SLICEM.DFF","SLICE_X93Y110","SLICEM","CLEM_X61Y110","313","134","","X3Y1",""
"u_dut/u_unified_p4_kernel/input_mem_reg[2][28][6]","input_mem_reg","FDRE","SLICE_X93Y106","SLICEM.DFF","SLICE_X93Y106","SLICEM","CLEM_X61Y106","313","138","","X3Y1",""
"u_dut/u_unified_p4_kernel/input_mem_reg[2][28][7]","input_mem_reg","FDRE","SLICE_X93Y111","SLICEM.EFF","SLICE_X93Y111","SLICEM","CLEM_X61Y111","313","133","","X3Y1",""
"u_dut/u_unified_p4_kernel/input_mem_reg[2][28][8]","input_mem_reg","FDRE","SLICE_X91Y111","SLICEL.GFF2","SLICE_X91Y111","SLICEL","CLEL_R_X59Y111","306","133","","X3Y1",""
"u_dut/u_unified_p4_kernel/input_mem_reg[2][28][9]","input_mem_reg","FDRE","SLICE_X91Y111","SLICEL.FFF2","SLICE_X91Y111","SLICEL","CLEL_R_X59Y111","306","133","","X3Y1",""
"u_dut/u_unified_p4_kernel/input_mem_reg[2][29][0]","input_mem_reg","FDRE","SLICE_X94Y110","SLICEL.HFF2","SLICE_X94Y110","SLICEL","CLEL_R_X61Y110","315","134","","X3Y1",""
"u_dut/u_unified_p4_kernel/input_mem_reg[2][29][10]","input_mem_reg","FDRE","SLICE_X92Y114","SLICEM.DFF","SLICE_X92Y114","SLICEM","CLEM_X60Y114","309","130","","X3Y1",""
"u_dut/u_unified_p4_kernel/input_mem_reg[2][29][11]","input_mem_reg","FDRE","SLICE_X92Y114","SLICEM.CFF","SLICE_X92Y114","SLICEM","CLEM_X60Y114","309","130","","X3Y1",""
"u_dut/u_unified_p4_kernel/input_mem_reg[2][29][12]","input_mem_reg","FDRE","SLICE_X96Y112","SLICEM.HFF2","SLICE_X96Y112","SLICEM","CLEM_X63Y112","322","132","","X3Y1",""
"u_dut/u_unified_p4_kernel/input_mem_reg[2][29][13]","input_mem_reg","FDRE","SLICE_X96Y112","SLICEM.GFF2","SLICE_X96Y112","SLICEM","CLEM_X63Y112","322","132","","X3Y1",""
"u_dut/u_unified_p4_kernel/input_mem_reg[2][29][14]","input_mem_reg","FDRE","SLICE_X93Y112","SLICEM.HFF2","SLICE_X93Y112","SLICEM","CLEM_X61Y112","313","132","","X3Y1",""
"u_dut/u_unified_p4_kernel/input_mem_reg[2][29][15]","input_mem_reg","FDRE","SLICE_X96Y112","SLICEM.FFF2","SLICE_X96Y112","SLICEM","CLEM_X63Y112","322","132","","X3Y1",""
"u_dut/u_unified_p4_kernel/input_mem_reg[2][29][1]","input_mem_reg","FDRE","SLICE_X94Y110","SLICEL.GFF2","SLICE_X94Y110","SLICEL","CLEL_R_X61Y110","315","134","","X3Y1",""
"u_dut/u_unified_p4_kernel/input_mem_reg[2][29][2]","input_mem_reg","FDRE","SLICE_X95Y111","SLICEM.GFF","SLICE_X95Y111","SLICEM","CLEM_X62Y111","318","133","","X3Y1",""
"u_dut/u_unified_p4_kernel/input_mem_reg[2][29][3]","input_mem_reg","FDRE","SLICE_X96Y112","SLICEM.EFF2","SLICE_X96Y112","SLICEM","CLEM_X63Y112","322","132","","X3Y1",""
"u_dut/u_unified_p4_kernel/input_mem_reg[2][29][4]","input_mem_reg","FDRE","SLICE_X94Y110","SLICEL.FFF2","SLICE_X94Y110","SLICEL","CLEL_R_X61Y110","315","134","","X3Y1",""
"u_dut/u_unified_p4_kernel/input_mem_reg[2][29][5]","input_mem_reg","FDRE","SLICE_X94Y113","SLICEL.EFF","SLICE_X94Y113","SLICEL","CLEL_R_X61Y113","315","131","","X3Y1",""
"u_dut/u_unified_p4_kernel/input_mem_reg[2][29][6]","input_mem_reg","FDRE","SLICE_X93Y112","SLICEM.GFF2","SLICE_X93Y112","SLICEM","CLEM_X61Y112","313","132","","X3Y1",""
"u_dut/u_unified_p4_kernel/input_mem_reg[2][29][7]","input_mem_reg","FDRE","SLICE_X94Y113","SLICEL.EFF2","SLICE_X94Y113","SLICEL","CLEL_R_X61Y113","315","131","","X3Y1",""
"u_dut/u_unified_p4_kernel/input_mem_reg[2][29][8]","input_mem_reg","FDRE","SLICE_X91Y114","SLICEL.HFF","SLICE_X91Y114","SLICEL","CLEL_R_X59Y114","306","130","","X3Y1",""
"u_dut/u_unified_p4_kernel/input_mem_reg[2][29][9]","input_mem_reg","FDRE","SLICE_X91Y114","SLICEL.GFF","SLICE_X91Y114","SLICEL","CLEL_R_X59Y114","306","130","","X3Y1",""
"u_dut/u_unified_p4_kernel/input_mem_reg[2][2][0]","input_mem_reg","FDRE","SLICE_X84Y94","SLICEL.BFF2","SLICE_X84Y94","SLICEL","CLEL_L_X55Y94","286","150","","X2Y1",""
"u_dut/u_unified_p4_kernel/input_mem_reg[2][2][10]","input_mem_reg","FDRE","SLICE_X83Y71","SLICEL.HFF2","SLICE_X83Y71","SLICEL","CLEL_R_X54Y71","285","174","","X2Y1",""
"u_dut/u_unified_p4_kernel/input_mem_reg[2][2][11]","input_mem_reg","FDRE","SLICE_X84Y94","SLICEL.EFF2","SLICE_X84Y94","SLICEL","CLEL_L_X55Y94","286","150","","X2Y1",""
"u_dut/u_unified_p4_kernel/input_mem_reg[2][2][12]","input_mem_reg","FDRE","SLICE_X82Y74","SLICEM.DFF2","SLICE_X82Y74","SLICEM","CLEM_X54Y74","283","171","","X2Y1",""
"u_dut/u_unified_p4_kernel/input_mem_reg[2][2][13]","input_mem_reg","FDRE","SLICE_X83Y74","SLICEL.HFF2","SLICE_X83Y74","SLICEL","CLEL_R_X54Y74","285","171","","X2Y1",""
"u_dut/u_unified_p4_kernel/input_mem_reg[2][2][14]","input_mem_reg","FDRE","SLICE_X83Y71","SLICEL.GFF2","SLICE_X83Y71","SLICEL","CLEL_R_X54Y71","285","174","","X2Y1",""
"u_dut/u_unified_p4_kernel/input_mem_reg[2][2][15]","input_mem_reg","FDRE","SLICE_X82Y74","SLICEM.CFF2","SLICE_X82Y74","SLICEM","CLEM_X54Y74","283","171","","X2Y1",""
"u_dut/u_unified_p4_kernel/input_mem_reg[2][2][1]","input_mem_reg","FDRE","SLICE_X84Y94","SLICEL.AFF2","SLICE_X84Y94","SLICEL","CLEL_L_X55Y94","286","150","","X2Y1",""
"u_dut/u_unified_p4_kernel/input_mem_reg[2][2][2]","input_mem_reg","FDRE","SLICE_X83Y71","SLICEL.FFF2","SLICE_X83Y71","SLICEL","CLEL_R_X54Y71","285","174","","X2Y1",""
"u_dut/u_unified_p4_kernel/input_mem_reg[2][2][3]","input_mem_reg","FDRE","SLICE_X82Y74","SLICEM.BFF2","SLICE_X82Y74","SLICEM","CLEM_X54Y74","283","171","","X2Y1",""
"u_dut/u_unified_p4_kernel/input_mem_reg[2][2][4]","input_mem_reg","FDRE","SLICE_X85Y79","SLICEL.GFF2","SLICE_X85Y79","SLICEL","CLEL_R_X55Y79","288","166","","X2Y1",""
"u_dut/u_unified_p4_kernel/input_mem_reg[2][2][5]","input_mem_reg","FDRE","SLICE_X82Y74","SLICEM.AFF2","SLICE_X82Y74","SLICEM","CLEM_X54Y74","283","171","","X2Y1",""
"u_dut/u_unified_p4_kernel/input_mem_reg[2][2][6]","input_mem_reg","FDRE","SLICE_X83Y71","SLICEL.EFF2","SLICE_X83Y71","SLICEL","CLEL_R_X54Y71","285","174","","X2Y1",""
"u_dut/u_unified_p4_kernel/input_mem_reg[2][2][7]","input_mem_reg","FDRE","SLICE_X85Y79","SLICEL.FFF2","SLICE_X85Y79","SLICEL","CLEL_R_X55Y79","288","166","","X2Y1",""
"u_dut/u_unified_p4_kernel/input_mem_reg[2][2][8]","input_mem_reg","FDRE","SLICE_X83Y74","SLICEL.GFF2","SLICE_X83Y74","SLICEL","CLEL_R_X54Y74","285","171","","X2Y1",""
"u_dut/u_unified_p4_kernel/input_mem_reg[2][2][9]","input_mem_reg","FDRE","SLICE_X83Y74","SLICEL.FFF2","SLICE_X83Y74","SLICEL","CLEL_R_X54Y74","285","171","","X2Y1",""
"u_dut/u_unified_p4_kernel/input_mem_reg[2][30][0]","input_mem_reg","FDRE","SLICE_X91Y112","SLICEL.HFF2","SLICE_X91Y112","SLICEL","CLEL_R_X59Y112","306","132","","X3Y1",""
"u_dut/u_unified_p4_kernel/input_mem_reg[2][30][10]","input_mem_reg","FDRE","SLICE_X91Y112","SLICEL.GFF2","SLICE_X91Y112","SLICEL","CLEL_R_X59Y112","306","132","","X3Y1",""
"u_dut/u_unified_p4_kernel/input_mem_reg[2][30][11]","input_mem_reg","FDRE","SLICE_X90Y110","SLICEM.HFF2","SLICE_X90Y110","SLICEM","CLEM_X59Y110","304","134","","X3Y1",""
"u_dut/u_unified_p4_kernel/input_mem_reg[2][30][12]","input_mem_reg","FDRE","SLICE_X91Y112","SLICEL.FFF2","SLICE_X91Y112","SLICEL","CLEL_R_X59Y112","306","132","","X3Y1",""
"u_dut/u_unified_p4_kernel/input_mem_reg[2][30][13]","input_mem_reg","FDRE","SLICE_X91Y112","SLICEL.EFF2","SLICE_X91Y112","SLICEL","CLEL_R_X59Y112","306","132","","X3Y1",""
"u_dut/u_unified_p4_kernel/input_mem_reg[2][30][14]","input_mem_reg","FDRE","SLICE_X94Y107","SLICEL.HFF2","SLICE_X94Y107","SLICEL","CLEL_R_X61Y107","315","137","","X3Y1",""
"u_dut/u_unified_p4_kernel/input_mem_reg[2][30][15]","input_mem_reg","FDRE","SLICE_X97Y111","SLICEL.HFF","SLICE_X97Y111","SLICEL","CLEL_R_X63Y111","324","133","","X3Y1",""
"u_dut/u_unified_p4_kernel/input_mem_reg[2][30][1]","input_mem_reg","FDRE","SLICE_X91Y113","SLICEL.HFF","SLICE_X91Y113","SLICEL","CLEL_R_X59Y113","306","131","","X3Y1",""
"u_dut/u_unified_p4_kernel/input_mem_reg[2][30][2]","input_mem_reg","FDRE","SLICE_X98Y108","SLICEM.DFF2","SLICE_X98Y108","SLICEM","CLEM_X64Y108","327","136","","X3Y1",""
"u_dut/u_unified_p4_kernel/input_mem_reg[2][30][3]","input_mem_reg","FDRE","SLICE_X91Y104","SLICEL.HFF2","SLICE_X91Y104","SLICEL","CLEL_R_X59Y104","306","140","","X3Y1",""
"u_dut/u_unified_p4_kernel/input_mem_reg[2][30][4]","input_mem_reg","FDRE","SLICE_X94Y107","SLICEL.GFF2","SLICE_X94Y107","SLICEL","CLEL_R_X61Y107","315","137","","X3Y1",""
"u_dut/u_unified_p4_kernel/input_mem_reg[2][30][5]","input_mem_reg","FDRE","SLICE_X94Y107","SLICEL.FFF2","SLICE_X94Y107","SLICEL","CLEL_R_X61Y107","315","137","","X3Y1",""
"u_dut/u_unified_p4_kernel/input_mem_reg[2][30][6]","input_mem_reg","FDRE","SLICE_X94Y107","SLICEL.EFF2","SLICE_X94Y107","SLICEL","CLEL_R_X61Y107","315","137","","X3Y1",""
"u_dut/u_unified_p4_kernel/input_mem_reg[2][30][7]","input_mem_reg","FDRE","SLICE_X91Y104","SLICEL.GFF2","SLICE_X91Y104","SLICEL","CLEL_R_X59Y104","306","140","","X3Y1",""
"u_dut/u_unified_p4_kernel/input_mem_reg[2][30][8]","input_mem_reg","FDRE","SLICE_X95Y108","SLICEM.DFF","SLICE_X95Y108","SLICEM","CLEM_X62Y108","318","136","","X3Y1",""
"u_dut/u_unified_p4_kernel/input_mem_reg[2][30][9]","input_mem_reg","FDRE","SLICE_X97Y109","SLICEL.HFF","SLICE_X97Y109","SLICEL","CLEL_R_X63Y109","324","135","","X3Y1",""
"u_dut/u_unified_p4_kernel/input_mem_reg[2][31][0]","input_mem_reg","FDRE","SLICE_X95Y112","SLICEM.GFF2","SLICE_X95Y112","SLICEM","CLEM_X62Y112","318","132","","X3Y1",""
"u_dut/u_unified_p4_kernel/input_mem_reg[2][31][10]","input_mem_reg","FDRE","SLICE_X97Y111","SLICEL.GFF","SLICE_X97Y111","SLICEL","CLEL_R_X63Y111","324","133","","X3Y1",""
"u_dut/u_unified_p4_kernel/input_mem_reg[2][31][11]","input_mem_reg","FDRE","SLICE_X97Y111","SLICEL.FFF","SLICE_X97Y111","SLICEL","CLEL_R_X63Y111","324","133","","X3Y1",""
"u_dut/u_unified_p4_kernel/input_mem_reg[2][31][12]","input_mem_reg","FDRE","SLICE_X95Y112","SLICEM.FFF2","SLICE_X95Y112","SLICEM","CLEM_X62Y112","318","132","","X3Y1",""
"u_dut/u_unified_p4_kernel/input_mem_reg[2][31][13]","input_mem_reg","FDRE","SLICE_X95Y112","SLICEM.EFF2","SLICE_X95Y112","SLICEM","CLEM_X62Y112","318","132","","X3Y1",""
"u_dut/u_unified_p4_kernel/input_mem_reg[2][31][14]","input_mem_reg","FDRE","SLICE_X97Y109","SLICEL.GFF","SLICE_X97Y109","SLICEL","CLEL_R_X63Y109","324","135","","X3Y1",""
"u_dut/u_unified_p4_kernel/input_mem_reg[2][31][15]","input_mem_reg","FDRE","SLICE_X95Y111","SLICEM.FFF","SLICE_X95Y111","SLICEM","CLEM_X62Y111","318","133","","X3Y1",""
"u_dut/u_unified_p4_kernel/input_mem_reg[2][31][1]","input_mem_reg","FDRE","SLICE_X96Y107","SLICEM.DFF2","SLICE_X96Y107","SLICEM","CLEM_X63Y107","322","137","","X3Y1",""
"u_dut/u_unified_p4_kernel/input_mem_reg[2][31][2]","input_mem_reg","FDRE","SLICE_X97Y109","SLICEL.FFF","SLICE_X97Y109","SLICEL","CLEL_R_X63Y109","324","135","","X3Y1",""
"u_dut/u_unified_p4_kernel/input_mem_reg[2][31][3]","input_mem_reg","FDRE","SLICE_X97Y109","SLICEL.EFF","SLICE_X97Y109","SLICEL","CLEL_R_X63Y109","324","135","","X3Y1",""
"u_dut/u_unified_p4_kernel/input_mem_reg[2][31][4]","input_mem_reg","FDRE","SLICE_X96Y110","SLICEM.HFF2","SLICE_X96Y110","SLICEM","CLEM_X63Y110","322","134","","X3Y1",""
"u_dut/u_unified_p4_kernel/input_mem_reg[2][31][5]","input_mem_reg","FDRE","SLICE_X96Y110","SLICEM.GFF2","SLICE_X96Y110","SLICEM","CLEM_X63Y110","322","134","","X3Y1",""
"u_dut/u_unified_p4_kernel/input_mem_reg[2][31][6]","input_mem_reg","FDRE","SLICE_X96Y107","SLICEM.CFF2","SLICE_X96Y107","SLICEM","CLEM_X63Y107","322","137","","X3Y1",""
"u_dut/u_unified_p4_kernel/input_mem_reg[2][31][7]","input_mem_reg","FDRE","SLICE_X96Y110","SLICEM.FFF2","SLICE_X96Y110","SLICEM","CLEM_X63Y110","322","134","","X3Y1",""
"u_dut/u_unified_p4_kernel/input_mem_reg[2][31][8]","input_mem_reg","FDRE","SLICE_X96Y110","SLICEM.EFF2","SLICE_X96Y110","SLICEM","CLEM_X63Y110","322","134","","X3Y1",""
"u_dut/u_unified_p4_kernel/input_mem_reg[2][31][9]","input_mem_reg","FDRE","SLICE_X96Y107","SLICEM.BFF2","SLICE_X96Y107","SLICEM","CLEM_X63Y107","322","137","","X3Y1",""
"u_dut/u_unified_p4_kernel/input_mem_reg[2][32][0]","input_mem_reg","FDRE","SLICE_X56Y120","SLICEM.DFF2","SLICE_X56Y120","SLICEM","CLEM_X37Y120","211","123","","X2Y2",""
"u_dut/u_unified_p4_kernel/input_mem_reg[2][32][10]","input_mem_reg","FDRE","SLICE_X53Y106","SLICEM.DFF","SLICE_X53Y106","SLICEM","CLEM_X35Y106","202","138","","X1Y1",""
"u_dut/u_unified_p4_kernel/input_mem_reg[2][32][11]","input_mem_reg","FDRE","SLICE_X56Y122","SLICEM.AFF","SLICE_X56Y122","SLICEM","CLEM_X37Y122","211","121","","X2Y2",""
"u_dut/u_unified_p4_kernel/input_mem_reg[2][32][12]","input_mem_reg","FDRE","SLICE_X68Y111","SLICEL.HFF","SLICE_X68Y111","SLICEL","CLEL_R_X44Y111","243","133","","X2Y1",""
"u_dut/u_unified_p4_kernel/input_mem_reg[2][32][13]","input_mem_reg","FDRE","SLICE_X53Y106","SLICEM.CFF","SLICE_X53Y106","SLICEM","CLEM_X35Y106","202","138","","X1Y1",""
"u_dut/u_unified_p4_kernel/input_mem_reg[2][32][14]","input_mem_reg","FDRE","SLICE_X70Y113","SLICEL.HFF","SLICE_X70Y113","SLICEL","CLEL_R_X45Y113","246","131","","X2Y1",""
"u_dut/u_unified_p4_kernel/input_mem_reg[2][32][15]","input_mem_reg","FDRE","SLICE_X56Y120","SLICEM.CFF2","SLICE_X56Y120","SLICEM","CLEM_X37Y120","211","123","","X2Y2",""
"u_dut/u_unified_p4_kernel/input_mem_reg[2][32][1]","input_mem_reg","FDRE","SLICE_X56Y120","SLICEM.BFF2","SLICE_X56Y120","SLICEM","CLEM_X37Y120","211","123","","X2Y2",""
"u_dut/u_unified_p4_kernel/input_mem_reg[2][32][2]","input_mem_reg","FDRE","SLICE_X62Y95","SLICEM.EFF","SLICE_X62Y95","SLICEM","CLEM_X41Y95","229","149","","X2Y1",""
"u_dut/u_unified_p4_kernel/input_mem_reg[2][32][3]","input_mem_reg","FDRE","SLICE_X65Y106","SLICEL.HFF","SLICE_X65Y106","SLICEL","CLEL_R_X42Y106","234","138","","X2Y1",""
"u_dut/u_unified_p4_kernel/input_mem_reg[2][32][4]","input_mem_reg","FDRE","SLICE_X62Y95","SLICEM.FFF","SLICE_X62Y95","SLICEM","CLEM_X41Y95","229","149","","X2Y1",""
"u_dut/u_unified_p4_kernel/input_mem_reg[2][32][5]","input_mem_reg","FDRE","SLICE_X55Y122","SLICEM.EFF","SLICE_X55Y122","SLICEM","CLEM_X36Y122","207","121","","X1Y2",""
"u_dut/u_unified_p4_kernel/input_mem_reg[2][32][6]","input_mem_reg","FDRE","SLICE_X56Y122","SLICEM.AFF2","SLICE_X56Y122","SLICEM","CLEM_X37Y122","211","121","","X2Y2",""
"u_dut/u_unified_p4_kernel/input_mem_reg[2][32][7]","input_mem_reg","FDRE","SLICE_X53Y121","SLICEM.DFF2","SLICE_X53Y121","SLICEM","CLEM_X35Y121","202","122","","X1Y2",""
"u_dut/u_unified_p4_kernel/input_mem_reg[2][32][8]","input_mem_reg","FDRE","SLICE_X54Y123","SLICEL.HFF2","SLICE_X54Y123","SLICEL","CLEL_R_X35Y123","204","120","","X1Y2",""
"u_dut/u_unified_p4_kernel/input_mem_reg[2][32][9]","input_mem_reg","FDRE","SLICE_X65Y106","SLICEL.GFF","SLICE_X65Y106","SLICEL","CLEL_R_X42Y106","234","138","","X2Y1",""
"u_dut/u_unified_p4_kernel/input_mem_reg[2][33][0]","input_mem_reg","FDRE","SLICE_X55Y118","SLICEM.DFF","SLICE_X55Y118","SLICEM","CLEM_X36Y118","207","126","","X1Y1",""
"u_dut/u_unified_p4_kernel/input_mem_reg[2][33][10]","input_mem_reg","FDRE","SLICE_X55Y118","SLICEM.CFF","SLICE_X55Y118","SLICEM","CLEM_X36Y118","207","126","","X1Y1",""
"u_dut/u_unified_p4_kernel/input_mem_reg[2][33][11]","input_mem_reg","FDRE","SLICE_X80Y109","SLICEL.EFF","SLICE_X80Y109","SLICEL","CLEL_R_X52Y109","276","135","","X2Y1",""
"u_dut/u_unified_p4_kernel/input_mem_reg[2][33][12]","input_mem_reg","FDRE","SLICE_X64Y95","SLICEL.HFF2","SLICE_X64Y95","SLICEL","CLEL_L_X42Y95","232","149","","X2Y1",""
"u_dut/u_unified_p4_kernel/input_mem_reg[2][33][13]","input_mem_reg","FDRE","SLICE_X80Y109","SLICEL.EFF2","SLICE_X80Y109","SLICEL","CLEL_R_X52Y109","276","135","","X2Y1",""
"u_dut/u_unified_p4_kernel/input_mem_reg[2][33][14]","input_mem_reg","FDRE","SLICE_X71Y111","SLICEM.EFF","SLICE_X71Y111","SLICEM","CLEM_X46Y111","249","133","","X2Y1",""
"u_dut/u_unified_p4_kernel/input_mem_reg[2][33][15]","input_mem_reg","FDRE","SLICE_X72Y110","SLICEL.HFF","SLICE_X72Y110","SLICEL","CLEL_R_X46Y110","251","134","","X2Y1",""
"u_dut/u_unified_p4_kernel/input_mem_reg[2][33][1]","input_mem_reg","FDRE","SLICE_X55Y118","SLICEM.BFF","SLICE_X55Y118","SLICEM","CLEM_X36Y118","207","126","","X1Y1",""
"u_dut/u_unified_p4_kernel/input_mem_reg[2][33][2]","input_mem_reg","FDRE","SLICE_X84Y107","SLICEL.DFF2","SLICE_X84Y107","SLICEL","CLEL_L_X55Y107","286","137","","X2Y1",""
"u_dut/u_unified_p4_kernel/input_mem_reg[2][33][3]","input_mem_reg","FDRE","SLICE_X78Y112","SLICEL.EFF","SLICE_X78Y112","SLICEL","CLEL_R_X50Y112","267","132","","X2Y1",""
"u_dut/u_unified_p4_kernel/input_mem_reg[2][33][4]","input_mem_reg","FDRE","SLICE_X62Y89","SLICEM.AFF","SLICE_X62Y89","SLICEM","CLEM_X41Y89","229","156","","X2Y1",""
"u_dut/u_unified_p4_kernel/input_mem_reg[2][33][5]","input_mem_reg","FDRE","SLICE_X53Y120","SLICEM.HFF2","SLICE_X53Y120","SLICEM","CLEM_X35Y120","202","123","","X1Y2",""
"u_dut/u_unified_p4_kernel/input_mem_reg[2][33][6]","input_mem_reg","FDRE","SLICE_X84Y107","SLICEL.CFF2","SLICE_X84Y107","SLICEL","CLEL_L_X55Y107","286","137","","X2Y1",""
"u_dut/u_unified_p4_kernel/input_mem_reg[2][33][7]","input_mem_reg","FDRE","SLICE_X85Y108","SLICEL.HFF2","SLICE_X85Y108","SLICEL","CLEL_R_X55Y108","288","136","","X2Y1",""
"u_dut/u_unified_p4_kernel/input_mem_reg[2][33][8]","input_mem_reg","FDRE","SLICE_X85Y109","SLICEL.HFF2","SLICE_X85Y109","SLICEL","CLEL_R_X55Y109","288","135","","X2Y1",""
"u_dut/u_unified_p4_kernel/input_mem_reg[2][33][9]","input_mem_reg","FDRE","SLICE_X85Y108","SLICEL.GFF2","SLICE_X85Y108","SLICEL","CLEL_R_X55Y108","288","136","","X2Y1",""
"u_dut/u_unified_p4_kernel/input_mem_reg[2][34][0]","input_mem_reg","FDRE","SLICE_X52Y108","SLICEM.HFF","SLICE_X52Y108","SLICEM","CLEM_X34Y108","198","136","","X1Y1",""
"u_dut/u_unified_p4_kernel/input_mem_reg[2][34][10]","input_mem_reg","FDRE","SLICE_X74Y98","SLICEM.HFF2","SLICE_X74Y98","SLICEM","CLEM_X48Y98","258","146","","X2Y1",""
"u_dut/u_unified_p4_kernel/input_mem_reg[2][34][11]","input_mem_reg","FDRE","SLICE_X52Y108","SLICEM.GFF","SLICE_X52Y108","SLICEM","CLEM_X34Y108","198","136","","X1Y1",""
"u_dut/u_unified_p4_kernel/input_mem_reg[2][34][12]","input_mem_reg","FDRE","SLICE_X53Y120","SLICEM.GFF2","SLICE_X53Y120","SLICEM","CLEM_X35Y120","202","123","","X1Y2",""
"u_dut/u_unified_p4_kernel/input_mem_reg[2][34][13]","input_mem_reg","FDRE","SLICE_X53Y117","SLICEM.DFF2","SLICE_X53Y117","SLICEM","CLEM_X35Y117","202","127","","X1Y1",""
"u_dut/u_unified_p4_kernel/input_mem_reg[2][34][14]","input_mem_reg","FDRE","SLICE_X74Y98","SLICEM.GFF2","SLICE_X74Y98","SLICEM","CLEM_X48Y98","258","146","","X2Y1",""
"u_dut/u_unified_p4_kernel/input_mem_reg[2][34][15]","input_mem_reg","FDRE","SLICE_X52Y117","SLICEM.HFF2","SLICE_X52Y117","SLICEM","CLEM_X34Y117","198","127","","X1Y1",""
"u_dut/u_unified_p4_kernel/input_mem_reg[2][34][1]","input_mem_reg","FDRE","SLICE_X53Y114","SLICEM.HFF2","SLICE_X53Y114","SLICEM","CLEM_X35Y114","202","130","","X1Y1",""
"u_dut/u_unified_p4_kernel/input_mem_reg[2][34][2]","input_mem_reg","FDRE","SLICE_X84Y110","SLICEL.HFF","SLICE_X84Y110","SLICEL","CLEL_L_X55Y110","286","134","","X2Y1",""
"u_dut/u_unified_p4_kernel/input_mem_reg[2][34][3]","input_mem_reg","FDRE","SLICE_X85Y104","SLICEL.HFF","SLICE_X85Y104","SLICEL","CLEL_R_X55Y104","288","140","","X2Y1",""
"u_dut/u_unified_p4_kernel/input_mem_reg[2][34][4]","input_mem_reg","FDRE","SLICE_X77Y98","SLICEL.HFF","SLICE_X77Y98","SLICEL","CLEL_L_X50Y98","265","146","","X2Y1",""
"u_dut/u_unified_p4_kernel/input_mem_reg[2][34][5]","input_mem_reg","FDRE","SLICE_X77Y98","SLICEL.GFF","SLICE_X77Y98","SLICEL","CLEL_L_X50Y98","265","146","","X2Y1",""
"u_dut/u_unified_p4_kernel/input_mem_reg[2][34][6]","input_mem_reg","FDRE","SLICE_X77Y111","SLICEL.HFF2","SLICE_X77Y111","SLICEL","CLEL_L_X50Y111","265","133","","X2Y1",""
"u_dut/u_unified_p4_kernel/input_mem_reg[2][34][7]","input_mem_reg","FDRE","SLICE_X64Y103","SLICEL.HFF2","SLICE_X64Y103","SLICEL","CLEL_L_X42Y103","232","141","","X2Y1",""
"u_dut/u_unified_p4_kernel/input_mem_reg[2][34][8]","input_mem_reg","FDRE","SLICE_X64Y100","SLICEL.HFF2","SLICE_X64Y100","SLICEL","CLEL_L_X42Y100","232","144","","X2Y1",""
"u_dut/u_unified_p4_kernel/input_mem_reg[2][34][9]","input_mem_reg","FDRE","SLICE_X78Y110","SLICEL.HFF","SLICE_X78Y110","SLICEL","CLEL_R_X50Y110","267","134","","X2Y1",""
"u_dut/u_unified_p4_kernel/input_mem_reg[2][35][0]","input_mem_reg","FDRE","SLICE_X56Y120","SLICEM.AFF2","SLICE_X56Y120","SLICEM","CLEM_X37Y120","211","123","","X2Y2",""
"u_dut/u_unified_p4_kernel/input_mem_reg[2][35][10]","input_mem_reg","FDRE","SLICE_X53Y120","SLICEM.FFF2","SLICE_X53Y120","SLICEM","CLEM_X35Y120","202","123","","X1Y2",""
"u_dut/u_unified_p4_kernel/input_mem_reg[2][35][11]","input_mem_reg","FDRE","SLICE_X55Y121","SLICEM.DFF2","SLICE_X55Y121","SLICEM","CLEM_X36Y121","207","122","","X1Y2",""
"u_dut/u_unified_p4_kernel/input_mem_reg[2][35][12]","input_mem_reg","FDRE","SLICE_X53Y120","SLICEM.EFF2","SLICE_X53Y120","SLICEM","CLEM_X35Y120","202","123","","X1Y2",""
"u_dut/u_unified_p4_kernel/input_mem_reg[2][35][13]","input_mem_reg","FDRE","SLICE_X55Y121","SLICEM.CFF2","SLICE_X55Y121","SLICEM","CLEM_X36Y121","207","122","","X1Y2",""
"u_dut/u_unified_p4_kernel/input_mem_reg[2][35][14]","input_mem_reg","FDRE","SLICE_X53Y119","SLICEM.HFF","SLICE_X53Y119","SLICEM","CLEM_X35Y119","202","125","","X1Y1",""
"u_dut/u_unified_p4_kernel/input_mem_reg[2][35][15]","input_mem_reg","FDRE","SLICE_X64Y95","SLICEL.GFF2","SLICE_X64Y95","SLICEL","CLEL_L_X42Y95","232","149","","X2Y1",""
"u_dut/u_unified_p4_kernel/input_mem_reg[2][35][1]","input_mem_reg","FDRE","SLICE_X56Y122","SLICEM.BFF","SLICE_X56Y122","SLICEM","CLEM_X37Y122","211","121","","X2Y2",""
"u_dut/u_unified_p4_kernel/input_mem_reg[2][35][2]","input_mem_reg","FDRE","SLICE_X62Y101","SLICEM.EFF","SLICE_X62Y101","SLICEM","CLEM_X41Y101","229","143","","X2Y1",""
"u_dut/u_unified_p4_kernel/input_mem_reg[2][35][3]","input_mem_reg","FDRE","SLICE_X52Y118","SLICEM.HFF2","SLICE_X52Y118","SLICEM","CLEM_X34Y118","198","126","","X1Y1",""
"u_dut/u_unified_p4_kernel/input_mem_reg[2][35][4]","input_mem_reg","FDRE","SLICE_X53Y117","SLICEM.HFF","SLICE_X53Y117","SLICEM","CLEM_X35Y117","202","127","","X1Y1",""
"u_dut/u_unified_p4_kernel/input_mem_reg[2][35][5]","input_mem_reg","FDRE","SLICE_X53Y121","SLICEM.CFF2","SLICE_X53Y121","SLICEM","CLEM_X35Y121","202","122","","X1Y2",""
"u_dut/u_unified_p4_kernel/input_mem_reg[2][35][6]","input_mem_reg","FDRE","SLICE_X67Y88","SLICEM.AFF","SLICE_X67Y88","SLICEM","CLEM_X44Y88","241","157","","X2Y1",""
"u_dut/u_unified_p4_kernel/input_mem_reg[2][35][7]","input_mem_reg","FDRE","SLICE_X55Y121","SLICEM.BFF2","SLICE_X55Y121","SLICEM","CLEM_X36Y121","207","122","","X1Y2",""
"u_dut/u_unified_p4_kernel/input_mem_reg[2][35][8]","input_mem_reg","FDRE","SLICE_X67Y89","SLICEM.EFF","SLICE_X67Y89","SLICEM","CLEM_X44Y89","241","156","","X2Y1",""
"u_dut/u_unified_p4_kernel/input_mem_reg[2][35][9]","input_mem_reg","FDRE","SLICE_X55Y121","SLICEM.AFF2","SLICE_X55Y121","SLICEM","CLEM_X36Y121","207","122","","X1Y2",""
"u_dut/u_unified_p4_kernel/input_mem_reg[2][36][0]","input_mem_reg","FDRE","SLICE_X69Y104","SLICEL.HFF","SLICE_X69Y104","SLICEL","CLEL_L_X45Y104","244","140","","X2Y1",""
"u_dut/u_unified_p4_kernel/input_mem_reg[2][36][10]","input_mem_reg","FDRE","SLICE_X76Y97","SLICEL.HFF","SLICE_X76Y97","SLICEL","CLEL_R_X49Y97","264","147","","X2Y1",""
"u_dut/u_unified_p4_kernel/input_mem_reg[2][36][11]","input_mem_reg","FDRE","SLICE_X68Y103","SLICEL.DFF","SLICE_X68Y103","SLICEL","CLEL_R_X44Y103","243","141","","X2Y1",""
"u_dut/u_unified_p4_kernel/input_mem_reg[2][36][12]","input_mem_reg","FDRE","SLICE_X73Y99","SLICEL.HFF2","SLICE_X73Y99","SLICEL","CLEL_R_X47Y99","255","145","","X2Y1",""
"u_dut/u_unified_p4_kernel/input_mem_reg[2][36][13]","input_mem_reg","FDRE","SLICE_X76Y98","SLICEL.HFF2","SLICE_X76Y98","SLICEL","CLEL_R_X49Y98","264","146","","X2Y1",""
"u_dut/u_unified_p4_kernel/input_mem_reg[2][36][14]","input_mem_reg","FDRE","SLICE_X76Y98","SLICEL.GFF2","SLICE_X76Y98","SLICEL","CLEL_R_X49Y98","264","146","","X2Y1",""
"u_dut/u_unified_p4_kernel/input_mem_reg[2][36][15]","input_mem_reg","FDRE","SLICE_X68Y103","SLICEL.CFF","SLICE_X68Y103","SLICEL","CLEL_R_X44Y103","243","141","","X2Y1",""
"u_dut/u_unified_p4_kernel/input_mem_reg[2][36][1]","input_mem_reg","FDRE","SLICE_X73Y99","SLICEL.GFF2","SLICE_X73Y99","SLICEL","CLEL_R_X47Y99","255","145","","X2Y1",""
"u_dut/u_unified_p4_kernel/input_mem_reg[2][36][2]","input_mem_reg","FDRE","SLICE_X71Y100","SLICEM.AFF","SLICE_X71Y100","SLICEM","CLEM_X46Y100","249","144","","X2Y1",""
"u_dut/u_unified_p4_kernel/input_mem_reg[2][36][3]","input_mem_reg","FDRE","SLICE_X80Y99","SLICEL.DFF","SLICE_X80Y99","SLICEL","CLEL_R_X52Y99","276","145","","X2Y1",""
"u_dut/u_unified_p4_kernel/input_mem_reg[2][36][4]","input_mem_reg","FDRE","SLICE_X68Y103","SLICEL.BFF","SLICE_X68Y103","SLICEL","CLEL_R_X44Y103","243","141","","X2Y1",""
"u_dut/u_unified_p4_kernel/input_mem_reg[2][36][5]","input_mem_reg","FDRE","SLICE_X77Y96","SLICEL.HFF2","SLICE_X77Y96","SLICEL","CLEL_L_X50Y96","265","148","","X2Y1",""
"u_dut/u_unified_p4_kernel/input_mem_reg[2][36][6]","input_mem_reg","FDRE","SLICE_X76Y98","SLICEL.FFF2","SLICE_X76Y98","SLICEL","CLEL_R_X49Y98","264","146","","X2Y1",""
"u_dut/u_unified_p4_kernel/input_mem_reg[2][36][7]","input_mem_reg","FDRE","SLICE_X74Y95","SLICEM.HFF","SLICE_X74Y95","SLICEM","CLEM_X48Y95","258","149","","X2Y1",""
"u_dut/u_unified_p4_kernel/input_mem_reg[2][36][8]","input_mem_reg","FDRE","SLICE_X76Y98","SLICEL.EFF2","SLICE_X76Y98","SLICEL","CLEL_R_X49Y98","264","146","","X2Y1",""
"u_dut/u_unified_p4_kernel/input_mem_reg[2][36][9]","input_mem_reg","FDRE","SLICE_X75Y99","SLICEM.DFF2","SLICE_X75Y99","SLICEM","CLEM_X49Y99","262","145","","X2Y1",""
"u_dut/u_unified_p4_kernel/input_mem_reg[2][37][0]","input_mem_reg","FDRE","SLICE_X70Y102","SLICEL.HFF","SLICE_X70Y102","SLICEL","CLEL_R_X45Y102","246","142","","X2Y1",""
"u_dut/u_unified_p4_kernel/input_mem_reg[2][37][10]","input_mem_reg","FDRE","SLICE_X68Y102","SLICEL.HFF","SLICE_X68Y102","SLICEL","CLEL_R_X44Y102","243","142","","X2Y1",""
"u_dut/u_unified_p4_kernel/input_mem_reg[2][37][11]","input_mem_reg","FDRE","SLICE_X53Y102","SLICEM.DFF2","SLICE_X53Y102","SLICEM","CLEM_X35Y102","202","142","","X1Y1",""
"u_dut/u_unified_p4_kernel/input_mem_reg[2][37][12]","input_mem_reg","FDRE","SLICE_X54Y103","SLICEL.DFF2","SLICE_X54Y103","SLICEL","CLEL_R_X35Y103","204","141","","X1Y1",""
"u_dut/u_unified_p4_kernel/input_mem_reg[2][37][13]","input_mem_reg","FDRE","SLICE_X68Y102","SLICEL.GFF","SLICE_X68Y102","SLICEL","CLEL_R_X44Y102","243","142","","X2Y1",""
"u_dut/u_unified_p4_kernel/input_mem_reg[2][37][14]","input_mem_reg","FDRE","SLICE_X68Y102","SLICEL.FFF","SLICE_X68Y102","SLICEL","CLEL_R_X44Y102","243","142","","X2Y1",""
"u_dut/u_unified_p4_kernel/input_mem_reg[2][37][15]","input_mem_reg","FDRE","SLICE_X84Y98","SLICEL.HFF2","SLICE_X84Y98","SLICEL","CLEL_L_X55Y98","286","146","","X2Y1",""
"u_dut/u_unified_p4_kernel/input_mem_reg[2][37][1]","input_mem_reg","FDRE","SLICE_X69Y104","SLICEL.GFF","SLICE_X69Y104","SLICEL","CLEL_L_X45Y104","244","140","","X2Y1",""
"u_dut/u_unified_p4_kernel/input_mem_reg[2][37][2]","input_mem_reg","FDRE","SLICE_X85Y106","SLICEL.HFF2","SLICE_X85Y106","SLICEL","CLEL_R_X55Y106","288","138","","X2Y1",""
"u_dut/u_unified_p4_kernel/input_mem_reg[2][37][3]","input_mem_reg","FDRE","SLICE_X85Y106","SLICEL.GFF2","SLICE_X85Y106","SLICEL","CLEL_R_X55Y106","288","138","","X2Y1",""
"u_dut/u_unified_p4_kernel/input_mem_reg[2][37][4]","input_mem_reg","FDRE","SLICE_X75Y106","SLICEM.HFF","SLICE_X75Y106","SLICEM","CLEM_X49Y106","262","138","","X2Y1",""
"u_dut/u_unified_p4_kernel/input_mem_reg[2][37][5]","input_mem_reg","FDRE","SLICE_X67Y105","SLICEM.EFF","SLICE_X67Y105","SLICEM","CLEM_X44Y105","241","139","","X2Y1",""
"u_dut/u_unified_p4_kernel/input_mem_reg[2][37][6]","input_mem_reg","FDRE","SLICE_X84Y98","SLICEL.GFF2","SLICE_X84Y98","SLICEL","CLEL_L_X55Y98","286","146","","X2Y1",""
"u_dut/u_unified_p4_kernel/input_mem_reg[2][37][7]","input_mem_reg","FDRE","SLICE_X80Y101","SLICEL.HFF","SLICE_X80Y101","SLICEL","CLEL_R_X52Y101","276","143","","X2Y1",""
"u_dut/u_unified_p4_kernel/input_mem_reg[2][37][8]","input_mem_reg","FDRE","SLICE_X65Y107","SLICEL.HFF","SLICE_X65Y107","SLICEL","CLEL_R_X42Y107","234","137","","X2Y1",""
"u_dut/u_unified_p4_kernel/input_mem_reg[2][37][9]","input_mem_reg","FDRE","SLICE_X65Y107","SLICEL.GFF","SLICE_X65Y107","SLICEL","CLEL_R_X42Y107","234","137","","X2Y1",""
"u_dut/u_unified_p4_kernel/input_mem_reg[2][38][0]","input_mem_reg","FDRE","SLICE_X68Y102","SLICEL.EFF","SLICE_X68Y102","SLICEL","CLEL_R_X44Y102","243","142","","X2Y1",""
"u_dut/u_unified_p4_kernel/input_mem_reg[2][38][10]","input_mem_reg","FDRE","SLICE_X68Y95","SLICEL.HFF","SLICE_X68Y95","SLICEL","CLEL_R_X44Y95","243","149","","X2Y1",""
"u_dut/u_unified_p4_kernel/input_mem_reg[2][38][11]","input_mem_reg","FDRE","SLICE_X54Y108","SLICEL.HFF","SLICE_X54Y108","SLICEL","CLEL_R_X35Y108","204","136","","X1Y1",""
"u_dut/u_unified_p4_kernel/input_mem_reg[2][38][12]","input_mem_reg","FDRE","SLICE_X68Y97","SLICEL.HFF","SLICE_X68Y97","SLICEL","CLEL_R_X44Y97","243","147","","X2Y1",""
"u_dut/u_unified_p4_kernel/input_mem_reg[2][38][13]","input_mem_reg","FDRE","SLICE_X54Y108","SLICEL.GFF","SLICE_X54Y108","SLICEL","CLEL_R_X35Y108","204","136","","X1Y1",""
"u_dut/u_unified_p4_kernel/input_mem_reg[2][38][14]","input_mem_reg","FDRE","SLICE_X68Y95","SLICEL.GFF","SLICE_X68Y95","SLICEL","CLEL_R_X44Y95","243","149","","X2Y1",""
"u_dut/u_unified_p4_kernel/input_mem_reg[2][38][15]","input_mem_reg","FDRE","SLICE_X59Y110","SLICEL.HFF2","SLICE_X59Y110","SLICEL","CLEL_R_X38Y110","218","134","","X2Y1",""
"u_dut/u_unified_p4_kernel/input_mem_reg[2][38][1]","input_mem_reg","FDRE","SLICE_X59Y110","SLICEL.GFF2","SLICE_X59Y110","SLICEL","CLEL_R_X38Y110","218","134","","X2Y1",""
"u_dut/u_unified_p4_kernel/input_mem_reg[2][38][2]","input_mem_reg","FDRE","SLICE_X77Y96","SLICEL.GFF2","SLICE_X77Y96","SLICEL","CLEL_L_X50Y96","265","148","","X2Y1",""
"u_dut/u_unified_p4_kernel/input_mem_reg[2][38][3]","input_mem_reg","FDRE","SLICE_X64Y107","SLICEL.EFF","SLICE_X64Y107","SLICEL","CLEL_L_X42Y107","232","137","","X2Y1",""
"u_dut/u_unified_p4_kernel/input_mem_reg[2][38][4]","input_mem_reg","FDRE","SLICE_X74Y102","SLICEM.HFF","SLICE_X74Y102","SLICEM","CLEM_X48Y102","258","142","","X2Y1",""
"u_dut/u_unified_p4_kernel/input_mem_reg[2][38][5]","input_mem_reg","FDRE","SLICE_X72Y104","SLICEL.HFF","SLICE_X72Y104","SLICEL","CLEL_R_X46Y104","251","140","","X2Y1",""
"u_dut/u_unified_p4_kernel/input_mem_reg[2][38][6]","input_mem_reg","FDRE","SLICE_X62Y107","SLICEM.AFF","SLICE_X62Y107","SLICEM","CLEM_X41Y107","229","137","","X2Y1",""
"u_dut/u_unified_p4_kernel/input_mem_reg[2][38][7]","input_mem_reg","FDRE","SLICE_X71Y104","SLICEM.EFF","SLICE_X71Y104","SLICEM","CLEM_X46Y104","249","140","","X2Y1",""
"u_dut/u_unified_p4_kernel/input_mem_reg[2][38][8]","input_mem_reg","FDRE","SLICE_X74Y102","SLICEM.GFF","SLICE_X74Y102","SLICEM","CLEM_X48Y102","258","142","","X2Y1",""
"u_dut/u_unified_p4_kernel/input_mem_reg[2][38][9]","input_mem_reg","FDRE","SLICE_X77Y96","SLICEL.FFF2","SLICE_X77Y96","SLICEL","CLEL_L_X50Y96","265","148","","X2Y1",""
"u_dut/u_unified_p4_kernel/input_mem_reg[2][39][0]","input_mem_reg","FDRE","SLICE_X86Y105","SLICEM.AFF","SLICE_X86Y105","SLICEM","CLEM_X56Y105","291","139","","X2Y1",""
"u_dut/u_unified_p4_kernel/input_mem_reg[2][39][10]","input_mem_reg","FDRE","SLICE_X53Y102","SLICEM.CFF2","SLICE_X53Y102","SLICEM","CLEM_X35Y102","202","142","","X1Y1",""
"u_dut/u_unified_p4_kernel/input_mem_reg[2][39][11]","input_mem_reg","FDRE","SLICE_X53Y102","SLICEM.BFF2","SLICE_X53Y102","SLICEM","CLEM_X35Y102","202","142","","X1Y1",""
"u_dut/u_unified_p4_kernel/input_mem_reg[2][39][12]","input_mem_reg","FDRE","SLICE_X86Y105","SLICEM.BFF","SLICE_X86Y105","SLICEM","CLEM_X56Y105","291","139","","X2Y1",""
"u_dut/u_unified_p4_kernel/input_mem_reg[2][39][13]","input_mem_reg","FDRE","SLICE_X59Y112","SLICEL.DFF2","SLICE_X59Y112","SLICEL","CLEL_R_X38Y112","218","132","","X2Y1",""
"u_dut/u_unified_p4_kernel/input_mem_reg[2][39][14]","input_mem_reg","FDRE","SLICE_X59Y112","SLICEL.CFF2","SLICE_X59Y112","SLICEL","CLEL_R_X38Y112","218","132","","X2Y1",""
"u_dut/u_unified_p4_kernel/input_mem_reg[2][39][15]","input_mem_reg","FDRE","SLICE_X81Y95","SLICEM.HFF","SLICE_X81Y95","SLICEM","CLEM_X53Y95","279","149","","X2Y1",""
"u_dut/u_unified_p4_kernel/input_mem_reg[2][39][1]","input_mem_reg","FDRE","SLICE_X82Y97","SLICEM.HFF","SLICE_X82Y97","SLICEM","CLEM_X54Y97","283","147","","X2Y1",""
"u_dut/u_unified_p4_kernel/input_mem_reg[2][39][2]","input_mem_reg","FDRE","SLICE_X87Y106","SLICEL.HFF2","SLICE_X87Y106","SLICEL","CLEL_R_X56Y106","293","138","","X2Y1",""
"u_dut/u_unified_p4_kernel/input_mem_reg[2][39][3]","input_mem_reg","FDRE","SLICE_X68Y97","SLICEL.GFF","SLICE_X68Y97","SLICEL","CLEL_R_X44Y97","243","147","","X2Y1",""
"u_dut/u_unified_p4_kernel/input_mem_reg[2][39][4]","input_mem_reg","FDRE","SLICE_X69Y105","SLICEL.DFF","SLICE_X69Y105","SLICEL","CLEL_L_X45Y105","244","139","","X2Y1",""
"u_dut/u_unified_p4_kernel/input_mem_reg[2][39][5]","input_mem_reg","FDRE","SLICE_X70Y106","SLICEL.EFF","SLICE_X70Y106","SLICEL","CLEL_R_X45Y106","246","138","","X2Y1",""
"u_dut/u_unified_p4_kernel/input_mem_reg[2][39][6]","input_mem_reg","FDRE","SLICE_X68Y97","SLICEL.FFF","SLICE_X68Y97","SLICEL","CLEL_R_X44Y97","243","147","","X2Y1",""
"u_dut/u_unified_p4_kernel/input_mem_reg[2][39][7]","input_mem_reg","FDRE","SLICE_X85Y98","SLICEL.HFF","SLICE_X85Y98","SLICEL","CLEL_R_X55Y98","288","146","","X2Y1",""
"u_dut/u_unified_p4_kernel/input_mem_reg[2][39][8]","input_mem_reg","FDRE","SLICE_X86Y105","SLICEM.CFF","SLICE_X86Y105","SLICEM","CLEM_X56Y105","291","139","","X2Y1",""
"u_dut/u_unified_p4_kernel/input_mem_reg[2][39][9]","input_mem_reg","FDRE","SLICE_X82Y98","SLICEM.DFF","SLICE_X82Y98","SLICEM","CLEM_X54Y98","283","146","","X2Y1",""
"u_dut/u_unified_p4_kernel/input_mem_reg[2][3][0]","input_mem_reg","FDRE","SLICE_X80Y74","SLICEL.HFF2","SLICE_X80Y74","SLICEL","CLEL_R_X52Y74","276","171","","X2Y1",""
"u_dut/u_unified_p4_kernel/input_mem_reg[2][3][10]","input_mem_reg","FDRE","SLICE_X95Y93","SLICEM.HFF","SLICE_X95Y93","SLICEM","CLEM_X62Y93","318","151","","X3Y1",""
"u_dut/u_unified_p4_kernel/input_mem_reg[2][3][11]","input_mem_reg","FDRE","SLICE_X86Y94","SLICEM.HFF","SLICE_X86Y94","SLICEM","CLEM_X56Y94","291","150","","X2Y1",""
"u_dut/u_unified_p4_kernel/input_mem_reg[2][3][12]","input_mem_reg","FDRE","SLICE_X86Y94","SLICEM.GFF","SLICE_X86Y94","SLICEM","CLEM_X56Y94","291","150","","X2Y1",""
"u_dut/u_unified_p4_kernel/input_mem_reg[2][3][13]","input_mem_reg","FDRE","SLICE_X82Y72","SLICEM.HFF","SLICE_X82Y72","SLICEM","CLEM_X54Y72","283","173","","X2Y1",""
"u_dut/u_unified_p4_kernel/input_mem_reg[2][3][14]","input_mem_reg","FDRE","SLICE_X84Y77","SLICEL.DFF2","SLICE_X84Y77","SLICEL","CLEL_L_X55Y77","286","168","","X2Y1",""
"u_dut/u_unified_p4_kernel/input_mem_reg[2][3][15]","input_mem_reg","FDRE","SLICE_X95Y93","SLICEM.GFF","SLICE_X95Y93","SLICEM","CLEM_X62Y93","318","151","","X3Y1",""
"u_dut/u_unified_p4_kernel/input_mem_reg[2][3][1]","input_mem_reg","FDRE","SLICE_X82Y72","SLICEM.GFF","SLICE_X82Y72","SLICEM","CLEM_X54Y72","283","173","","X2Y1",""
"u_dut/u_unified_p4_kernel/input_mem_reg[2][3][2]","input_mem_reg","FDRE","SLICE_X82Y72","SLICEM.FFF","SLICE_X82Y72","SLICEM","CLEM_X54Y72","283","173","","X2Y1",""
"u_dut/u_unified_p4_kernel/input_mem_reg[2][3][3]","input_mem_reg","FDRE","SLICE_X82Y72","SLICEM.EFF","SLICE_X82Y72","SLICEM","CLEM_X54Y72","283","173","","X2Y1",""
"u_dut/u_unified_p4_kernel/input_mem_reg[2][3][4]","input_mem_reg","FDRE","SLICE_X84Y77","SLICEL.CFF2","SLICE_X84Y77","SLICEL","CLEL_L_X55Y77","286","168","","X2Y1",""
"u_dut/u_unified_p4_kernel/input_mem_reg[2][3][5]","input_mem_reg","FDRE","SLICE_X88Y79","SLICEL.DFF2","SLICE_X88Y79","SLICEL","CLEL_R_X57Y79","297","166","","X2Y1",""
"u_dut/u_unified_p4_kernel/input_mem_reg[2][3][6]","input_mem_reg","FDRE","SLICE_X86Y80","SLICEM.HFF2","SLICE_X86Y80","SLICEM","CLEM_X56Y80","291","165","","X2Y1",""
"u_dut/u_unified_p4_kernel/input_mem_reg[2][3][7]","input_mem_reg","FDRE","SLICE_X84Y77","SLICEL.BFF2","SLICE_X84Y77","SLICEL","CLEL_L_X55Y77","286","168","","X2Y1",""
"u_dut/u_unified_p4_kernel/input_mem_reg[2][3][8]","input_mem_reg","FDRE","SLICE_X86Y80","SLICEM.GFF2","SLICE_X86Y80","SLICEM","CLEM_X56Y80","291","165","","X2Y1",""
"u_dut/u_unified_p4_kernel/input_mem_reg[2][3][9]","input_mem_reg","FDRE","SLICE_X88Y79","SLICEL.CFF2","SLICE_X88Y79","SLICEL","CLEL_R_X57Y79","297","166","","X2Y1",""
"u_dut/u_unified_p4_kernel/input_mem_reg[2][40][0]","input_mem_reg","FDRE","SLICE_X83Y99","SLICEL.DFF","SLICE_X83Y99","SLICEL","CLEL_R_X54Y99","285","145","","X2Y1",""
"u_dut/u_unified_p4_kernel/input_mem_reg[2][40][10]","input_mem_reg","FDRE","SLICE_X84Y104","SLICEL.HFF2","SLICE_X84Y104","SLICEL","CLEL_L_X55Y104","286","140","","X2Y1",""
"u_dut/u_unified_p4_kernel/input_mem_reg[2][40][11]","input_mem_reg","FDRE","SLICE_X52Y107","SLICEM.HFF","SLICE_X52Y107","SLICEM","CLEM_X34Y107","198","137","","X1Y1",""
"u_dut/u_unified_p4_kernel/input_mem_reg[2][40][12]","input_mem_reg","FDRE","SLICE_X51Y109","SLICEL.HFF","SLICE_X51Y109","SLICEL","CLEL_R_X33Y109","195","135","","X1Y1",""
"u_dut/u_unified_p4_kernel/input_mem_reg[2][40][13]","input_mem_reg","FDRE","SLICE_X52Y102","SLICEM.HFF","SLICE_X52Y102","SLICEM","CLEM_X34Y102","198","142","","X1Y1",""
"u_dut/u_unified_p4_kernel/input_mem_reg[2][40][14]","input_mem_reg","FDRE","SLICE_X52Y102","SLICEM.GFF","SLICE_X52Y102","SLICEM","CLEM_X34Y102","198","142","","X1Y1",""
"u_dut/u_unified_p4_kernel/input_mem_reg[2][40][15]","input_mem_reg","FDRE","SLICE_X78Y96","SLICEL.EFF","SLICE_X78Y96","SLICEL","CLEL_R_X50Y96","267","148","","X2Y1",""
"u_dut/u_unified_p4_kernel/input_mem_reg[2][40][1]","input_mem_reg","FDRE","SLICE_X69Y108","SLICEL.DFF2","SLICE_X69Y108","SLICEL","CLEL_L_X45Y108","244","136","","X2Y1",""
"u_dut/u_unified_p4_kernel/input_mem_reg[2][40][2]","input_mem_reg","FDRE","SLICE_X53Y105","SLICEM.HFF2","SLICE_X53Y105","SLICEM","CLEM_X35Y105","202","139","","X1Y1",""
"u_dut/u_unified_p4_kernel/input_mem_reg[2][40][3]","input_mem_reg","FDRE","SLICE_X56Y93","SLICEM.HFF2","SLICE_X56Y93","SLICEM","CLEM_X37Y93","211","151","","X2Y1",""
"u_dut/u_unified_p4_kernel/input_mem_reg[2][40][4]","input_mem_reg","FDRE","SLICE_X70Y103","SLICEL.EFF","SLICE_X70Y103","SLICEL","CLEL_R_X45Y103","246","141","","X2Y1",""
"u_dut/u_unified_p4_kernel/input_mem_reg[2][40][5]","input_mem_reg","FDRE","SLICE_X84Y104","SLICEL.GFF2","SLICE_X84Y104","SLICEL","CLEL_L_X55Y104","286","140","","X2Y1",""
"u_dut/u_unified_p4_kernel/input_mem_reg[2][40][6]","input_mem_reg","FDRE","SLICE_X56Y93","SLICEM.GFF2","SLICE_X56Y93","SLICEM","CLEM_X37Y93","211","151","","X2Y1",""
"u_dut/u_unified_p4_kernel/input_mem_reg[2][40][7]","input_mem_reg","FDRE","SLICE_X54Y105","SLICEL.HFF2","SLICE_X54Y105","SLICEL","CLEL_R_X35Y105","204","139","","X1Y1",""
"u_dut/u_unified_p4_kernel/input_mem_reg[2][40][8]","input_mem_reg","FDRE","SLICE_X56Y109","SLICEM.AFF2","SLICE_X56Y109","SLICEM","CLEM_X37Y109","211","135","","X2Y1",""
"u_dut/u_unified_p4_kernel/input_mem_reg[2][40][9]","input_mem_reg","FDRE","SLICE_X53Y105","SLICEM.GFF2","SLICE_X53Y105","SLICEM","CLEM_X35Y105","202","139","","X1Y1",""
"u_dut/u_unified_p4_kernel/input_mem_reg[2][41][0]","input_mem_reg","FDRE","SLICE_X83Y103","SLICEL.HFF2","SLICE_X83Y103","SLICEL","CLEL_R_X54Y103","285","141","","X2Y1",""
"u_dut/u_unified_p4_kernel/input_mem_reg[2][41][10]","input_mem_reg","FDRE","SLICE_X83Y102","SLICEL.HFF2","SLICE_X83Y102","SLICEL","CLEL_R_X54Y102","285","142","","X2Y1",""
"u_dut/u_unified_p4_kernel/input_mem_reg[2][41][11]","input_mem_reg","FDRE","SLICE_X68Y110","SLICEL.HFF","SLICE_X68Y110","SLICEL","CLEL_R_X44Y110","243","134","","X2Y1",""
"u_dut/u_unified_p4_kernel/input_mem_reg[2][41][12]","input_mem_reg","FDRE","SLICE_X70Y109","SLICEL.HFF","SLICE_X70Y109","SLICEL","CLEL_R_X45Y109","246","135","","X2Y1",""
"u_dut/u_unified_p4_kernel/input_mem_reg[2][41][13]","input_mem_reg","FDRE","SLICE_X54Y111","SLICEL.HFF2","SLICE_X54Y111","SLICEL","CLEL_R_X35Y111","204","133","","X1Y1",""
"u_dut/u_unified_p4_kernel/input_mem_reg[2][41][14]","input_mem_reg","FDRE","SLICE_X54Y111","SLICEL.GFF2","SLICE_X54Y111","SLICEL","CLEL_R_X35Y111","204","133","","X1Y1",""
"u_dut/u_unified_p4_kernel/input_mem_reg[2][41][15]","input_mem_reg","FDRE","SLICE_X53Y112","SLICEM.HFF2","SLICE_X53Y112","SLICEM","CLEM_X35Y112","202","132","","X1Y1",""
"u_dut/u_unified_p4_kernel/input_mem_reg[2][41][1]","input_mem_reg","FDRE","SLICE_X54Y111","SLICEL.FFF2","SLICE_X54Y111","SLICEL","CLEL_R_X35Y111","204","133","","X1Y1",""
"u_dut/u_unified_p4_kernel/input_mem_reg[2][41][2]","input_mem_reg","FDRE","SLICE_X69Y99","SLICEL.DFF2","SLICE_X69Y99","SLICEL","CLEL_L_X45Y99","244","145","","X2Y1",""
"u_dut/u_unified_p4_kernel/input_mem_reg[2][41][3]","input_mem_reg","FDRE","SLICE_X53Y112","SLICEM.GFF2","SLICE_X53Y112","SLICEM","CLEM_X35Y112","202","132","","X1Y1",""
"u_dut/u_unified_p4_kernel/input_mem_reg[2][41][4]","input_mem_reg","FDRE","SLICE_X83Y104","SLICEL.DFF","SLICE_X83Y104","SLICEL","CLEL_R_X54Y104","285","140","","X2Y1",""
"u_dut/u_unified_p4_kernel/input_mem_reg[2][41][5]","input_mem_reg","FDRE","SLICE_X70Y103","SLICEL.EFF2","SLICE_X70Y103","SLICEL","CLEL_R_X45Y103","246","141","","X2Y1",""
"u_dut/u_unified_p4_kernel/input_mem_reg[2][41][6]","input_mem_reg","FDRE","SLICE_X70Y103","SLICEL.FFF","SLICE_X70Y103","SLICEL","CLEL_R_X45Y103","246","141","","X2Y1",""
"u_dut/u_unified_p4_kernel/input_mem_reg[2][41][7]","input_mem_reg","FDRE","SLICE_X54Y111","SLICEL.EFF2","SLICE_X54Y111","SLICEL","CLEL_R_X35Y111","204","133","","X1Y1",""
"u_dut/u_unified_p4_kernel/input_mem_reg[2][41][8]","input_mem_reg","FDRE","SLICE_X70Y107","SLICEL.EFF","SLICE_X70Y107","SLICEL","CLEL_R_X45Y107","246","137","","X2Y1",""
"u_dut/u_unified_p4_kernel/input_mem_reg[2][41][9]","input_mem_reg","FDRE","SLICE_X69Y99","SLICEL.CFF2","SLICE_X69Y99","SLICEL","CLEL_L_X45Y99","244","145","","X2Y1",""
"u_dut/u_unified_p4_kernel/input_mem_reg[2][42][0]","input_mem_reg","FDRE","SLICE_X51Y111","SLICEL.HFF","SLICE_X51Y111","SLICEL","CLEL_R_X33Y111","195","133","","X1Y1",""
"u_dut/u_unified_p4_kernel/input_mem_reg[2][42][10]","input_mem_reg","FDRE","SLICE_X51Y109","SLICEL.GFF","SLICE_X51Y109","SLICEL","CLEL_R_X33Y109","195","135","","X1Y1",""
"u_dut/u_unified_p4_kernel/input_mem_reg[2][42][11]","input_mem_reg","FDRE","SLICE_X55Y110","SLICEM.HFF","SLICE_X55Y110","SLICEM","CLEM_X36Y110","207","134","","X1Y1",""
"u_dut/u_unified_p4_kernel/input_mem_reg[2][42][12]","input_mem_reg","FDRE","SLICE_X51Y109","SLICEL.FFF","SLICE_X51Y109","SLICEL","CLEL_R_X33Y109","195","135","","X1Y1",""
"u_dut/u_unified_p4_kernel/input_mem_reg[2][42][13]","input_mem_reg","FDRE","SLICE_X68Y105","SLICEL.HFF","SLICE_X68Y105","SLICEL","CLEL_R_X44Y105","243","139","","X2Y1",""
"u_dut/u_unified_p4_kernel/input_mem_reg[2][42][14]","input_mem_reg","FDRE","SLICE_X56Y99","SLICEM.DFF2","SLICE_X56Y99","SLICEM","CLEM_X37Y99","211","145","","X2Y1",""
"u_dut/u_unified_p4_kernel/input_mem_reg[2][42][15]","input_mem_reg","FDRE","SLICE_X59Y97","SLICEL.HFF","SLICE_X59Y97","SLICEL","CLEL_R_X38Y97","218","147","","X2Y1",""
"u_dut/u_unified_p4_kernel/input_mem_reg[2][42][1]","input_mem_reg","FDRE","SLICE_X55Y112","SLICEM.HFF2","SLICE_X55Y112","SLICEM","CLEM_X36Y112","207","132","","X1Y1",""
"u_dut/u_unified_p4_kernel/input_mem_reg[2][42][2]","input_mem_reg","FDRE","SLICE_X70Y109","SLICEL.AFF","SLICE_X70Y109","SLICEL","CLEL_R_X45Y109","246","135","","X2Y1",""
"u_dut/u_unified_p4_kernel/input_mem_reg[2][42][3]","input_mem_reg","FDRE","SLICE_X51Y109","SLICEL.EFF","SLICE_X51Y109","SLICEL","CLEL_R_X33Y109","195","135","","X1Y1",""
"u_dut/u_unified_p4_kernel/input_mem_reg[2][42][4]","input_mem_reg","FDRE","SLICE_X68Y105","SLICEL.GFF","SLICE_X68Y105","SLICEL","CLEL_R_X44Y105","243","139","","X2Y1",""
"u_dut/u_unified_p4_kernel/input_mem_reg[2][42][5]","input_mem_reg","FDRE","SLICE_X55Y112","SLICEM.GFF2","SLICE_X55Y112","SLICEM","CLEM_X36Y112","207","132","","X1Y1",""
"u_dut/u_unified_p4_kernel/input_mem_reg[2][42][6]","input_mem_reg","FDRE","SLICE_X70Y109","SLICEL.AFF2","SLICE_X70Y109","SLICEL","CLEL_R_X45Y109","246","135","","X2Y1",""
"u_dut/u_unified_p4_kernel/input_mem_reg[2][42][7]","input_mem_reg","FDRE","SLICE_X51Y111","SLICEL.GFF","SLICE_X51Y111","SLICEL","CLEL_R_X33Y111","195","133","","X1Y1",""
"u_dut/u_unified_p4_kernel/input_mem_reg[2][42][8]","input_mem_reg","FDRE","SLICE_X51Y111","SLICEL.FFF","SLICE_X51Y111","SLICEL","CLEL_R_X33Y111","195","133","","X1Y1",""
"u_dut/u_unified_p4_kernel/input_mem_reg[2][42][9]","input_mem_reg","FDRE","SLICE_X51Y111","SLICEL.EFF","SLICE_X51Y111","SLICEL","CLEL_R_X33Y111","195","133","","X1Y1",""
"u_dut/u_unified_p4_kernel/input_mem_reg[2][43][0]","input_mem_reg","FDRE","SLICE_X50Y112","SLICEM.HFF","SLICE_X50Y112","SLICEM","CLEM_X33Y112","193","132","","X1Y1",""
"u_dut/u_unified_p4_kernel/input_mem_reg[2][43][10]","input_mem_reg","FDRE","SLICE_X50Y112","SLICEM.GFF","SLICE_X50Y112","SLICEM","CLEM_X33Y112","193","132","","X1Y1",""
"u_dut/u_unified_p4_kernel/input_mem_reg[2][43][11]","input_mem_reg","FDRE","SLICE_X53Y104","SLICEM.DFF","SLICE_X53Y104","SLICEM","CLEM_X35Y104","202","140","","X1Y1",""
"u_dut/u_unified_p4_kernel/input_mem_reg[2][43][12]","input_mem_reg","FDRE","SLICE_X53Y104","SLICEM.CFF","SLICE_X53Y104","SLICEM","CLEM_X35Y104","202","140","","X1Y1",""
"u_dut/u_unified_p4_kernel/input_mem_reg[2][43][13]","input_mem_reg","FDRE","SLICE_X69Y92","SLICEL.DFF2","SLICE_X69Y92","SLICEL","CLEL_L_X45Y92","244","152","","X2Y1",""
"u_dut/u_unified_p4_kernel/input_mem_reg[2][43][14]","input_mem_reg","FDRE","SLICE_X64Y106","SLICEL.DFF","SLICE_X64Y106","SLICEL","CLEL_L_X42Y106","232","138","","X2Y1",""
"u_dut/u_unified_p4_kernel/input_mem_reg[2][43][15]","input_mem_reg","FDRE","SLICE_X69Y107","SLICEL.HFF","SLICE_X69Y107","SLICEL","CLEL_L_X45Y107","244","137","","X2Y1",""
"u_dut/u_unified_p4_kernel/input_mem_reg[2][43][1]","input_mem_reg","FDRE","SLICE_X69Y107","SLICEL.GFF","SLICE_X69Y107","SLICEL","CLEL_L_X45Y107","244","137","","X2Y1",""
"u_dut/u_unified_p4_kernel/input_mem_reg[2][43][2]","input_mem_reg","FDRE","SLICE_X62Y91","SLICEM.DFF","SLICE_X62Y91","SLICEM","CLEM_X41Y91","229","153","","X2Y1",""
"u_dut/u_unified_p4_kernel/input_mem_reg[2][43][3]","input_mem_reg","FDRE","SLICE_X65Y109","SLICEL.DFF","SLICE_X65Y109","SLICEL","CLEL_R_X42Y109","234","135","","X2Y1",""
"u_dut/u_unified_p4_kernel/input_mem_reg[2][43][4]","input_mem_reg","FDRE","SLICE_X53Y104","SLICEM.BFF","SLICE_X53Y104","SLICEM","CLEM_X35Y104","202","140","","X1Y1",""
"u_dut/u_unified_p4_kernel/input_mem_reg[2][43][5]","input_mem_reg","FDRE","SLICE_X62Y91","SLICEM.CFF","SLICE_X62Y91","SLICEM","CLEM_X41Y91","229","153","","X2Y1",""
"u_dut/u_unified_p4_kernel/input_mem_reg[2][43][6]","input_mem_reg","FDRE","SLICE_X52Y94","SLICEM.EFF","SLICE_X52Y94","SLICEM","CLEM_X34Y94","198","150","","X1Y1",""
"u_dut/u_unified_p4_kernel/input_mem_reg[2][43][7]","input_mem_reg","FDRE","SLICE_X68Y94","SLICEL.HFF","SLICE_X68Y94","SLICEL","CLEL_R_X44Y94","243","150","","X2Y1",""
"u_dut/u_unified_p4_kernel/input_mem_reg[2][43][8]","input_mem_reg","FDRE","SLICE_X52Y94","SLICEM.EFF2","SLICE_X52Y94","SLICEM","CLEM_X34Y94","198","150","","X1Y1",""
"u_dut/u_unified_p4_kernel/input_mem_reg[2][43][9]","input_mem_reg","FDRE","SLICE_X52Y94","SLICEM.FFF","SLICE_X52Y94","SLICEM","CLEM_X34Y94","198","150","","X1Y1",""
"u_dut/u_unified_p4_kernel/input_mem_reg[2][44][0]","input_mem_reg","FDRE","SLICE_X60Y99","SLICEL.HFF","SLICE_X60Y99","SLICEL","CLEL_R_X39Y99","222","145","","X2Y1",""
"u_dut/u_unified_p4_kernel/input_mem_reg[2][44][10]","input_mem_reg","FDRE","SLICE_X61Y102","SLICEM.EFF","SLICE_X61Y102","SLICEM","CLEM_X40Y102","225","142","","X2Y1",""
"u_dut/u_unified_p4_kernel/input_mem_reg[2][44][11]","input_mem_reg","FDRE","SLICE_X59Y107","SLICEL.EFF2","SLICE_X59Y107","SLICEL","CLEL_R_X38Y107","218","137","","X2Y1",""
"u_dut/u_unified_p4_kernel/input_mem_reg[2][44][12]","input_mem_reg","FDRE","SLICE_X51Y110","SLICEL.HFF","SLICE_X51Y110","SLICEL","CLEL_R_X33Y110","195","134","","X1Y1",""
"u_dut/u_unified_p4_kernel/input_mem_reg[2][44][13]","input_mem_reg","FDRE","SLICE_X59Y107","SLICEL.FFF2","SLICE_X59Y107","SLICEL","CLEL_R_X38Y107","218","137","","X2Y1",""
"u_dut/u_unified_p4_kernel/input_mem_reg[2][44][14]","input_mem_reg","FDRE","SLICE_X50Y110","SLICEM.HFF2","SLICE_X50Y110","SLICEM","CLEM_X33Y110","193","134","","X1Y1",""
"u_dut/u_unified_p4_kernel/input_mem_reg[2][44][15]","input_mem_reg","FDRE","SLICE_X52Y101","SLICEM.HFF2","SLICE_X52Y101","SLICEM","CLEM_X34Y101","198","143","","X1Y1",""
"u_dut/u_unified_p4_kernel/input_mem_reg[2][44][1]","input_mem_reg","FDRE","SLICE_X48Y105","SLICEL.HFF2","SLICE_X48Y105","SLICEL","CLEL_R_X31Y105","186","139","","X1Y1",""
"u_dut/u_unified_p4_kernel/input_mem_reg[2][44][2]","input_mem_reg","FDRE","SLICE_X48Y105","SLICEL.GFF2","SLICE_X48Y105","SLICEL","CLEL_R_X31Y105","186","139","","X1Y1",""
"u_dut/u_unified_p4_kernel/input_mem_reg[2][44][3]","input_mem_reg","FDRE","SLICE_X49Y109","SLICEM.DFF2","SLICE_X49Y109","SLICEM","CLEM_X32Y109","189","135","","X1Y1",""
"u_dut/u_unified_p4_kernel/input_mem_reg[2][44][4]","input_mem_reg","FDRE","SLICE_X48Y107","SLICEL.EFF","SLICE_X48Y107","SLICEL","CLEL_R_X31Y107","186","137","","X1Y1",""
"u_dut/u_unified_p4_kernel/input_mem_reg[2][44][5]","input_mem_reg","FDRE","SLICE_X48Y105","SLICEL.FFF2","SLICE_X48Y105","SLICEL","CLEL_R_X31Y105","186","139","","X1Y1",""
"u_dut/u_unified_p4_kernel/input_mem_reg[2][44][6]","input_mem_reg","FDRE","SLICE_X48Y105","SLICEL.EFF2","SLICE_X48Y105","SLICEL","CLEL_R_X31Y105","186","139","","X1Y1",""
"u_dut/u_unified_p4_kernel/input_mem_reg[2][44][7]","input_mem_reg","FDRE","SLICE_X51Y110","SLICEL.GFF","SLICE_X51Y110","SLICEL","CLEL_R_X33Y110","195","134","","X1Y1",""
"u_dut/u_unified_p4_kernel/input_mem_reg[2][44][8]","input_mem_reg","FDRE","SLICE_X48Y107","SLICEL.EFF2","SLICE_X48Y107","SLICEL","CLEL_R_X31Y107","186","137","","X1Y1",""
"u_dut/u_unified_p4_kernel/input_mem_reg[2][44][9]","input_mem_reg","FDRE","SLICE_X52Y109","SLICEM.HFF","SLICE_X52Y109","SLICEM","CLEM_X34Y109","198","135","","X1Y1",""
"u_dut/u_unified_p4_kernel/input_mem_reg[2][45][0]","input_mem_reg","FDRE","SLICE_X56Y109","SLICEM.HFF2","SLICE_X56Y109","SLICEM","CLEM_X37Y109","211","135","","X2Y1",""
"u_dut/u_unified_p4_kernel/input_mem_reg[2][45][10]","input_mem_reg","FDRE","SLICE_X54Y106","SLICEL.HFF","SLICE_X54Y106","SLICEL","CLEL_R_X35Y106","204","138","","X1Y1",""
"u_dut/u_unified_p4_kernel/input_mem_reg[2][45][11]","input_mem_reg","FDRE","SLICE_X54Y109","SLICEL.HFF2","SLICE_X54Y109","SLICEL","CLEL_R_X35Y109","204","135","","X1Y1",""
"u_dut/u_unified_p4_kernel/input_mem_reg[2][45][12]","input_mem_reg","FDRE","SLICE_X55Y107","SLICEM.DFF2","SLICE_X55Y107","SLICEM","CLEM_X36Y107","207","137","","X1Y1",""
"u_dut/u_unified_p4_kernel/input_mem_reg[2][45][13]","input_mem_reg","FDRE","SLICE_X54Y109","SLICEL.GFF2","SLICE_X54Y109","SLICEL","CLEL_R_X35Y109","204","135","","X1Y1",""
"u_dut/u_unified_p4_kernel/input_mem_reg[2][45][14]","input_mem_reg","FDRE","SLICE_X55Y107","SLICEM.CFF2","SLICE_X55Y107","SLICEM","CLEM_X36Y107","207","137","","X1Y1",""
"u_dut/u_unified_p4_kernel/input_mem_reg[2][45][15]","input_mem_reg","FDRE","SLICE_X68Y106","SLICEL.HFF","SLICE_X68Y106","SLICEL","CLEL_R_X44Y106","243","138","","X2Y1",""
"u_dut/u_unified_p4_kernel/input_mem_reg[2][45][1]","input_mem_reg","FDRE","SLICE_X72Y96","SLICEL.HFF2","SLICE_X72Y96","SLICEL","CLEL_R_X46Y96","251","148","","X2Y1",""
"u_dut/u_unified_p4_kernel/input_mem_reg[2][45][2]","input_mem_reg","FDRE","SLICE_X51Y110","SLICEL.FFF","SLICE_X51Y110","SLICEL","CLEL_R_X33Y110","195","134","","X1Y1",""
"u_dut/u_unified_p4_kernel/input_mem_reg[2][45][3]","input_mem_reg","FDRE","SLICE_X68Y106","SLICEL.GFF","SLICE_X68Y106","SLICEL","CLEL_R_X44Y106","243","138","","X2Y1",""
"u_dut/u_unified_p4_kernel/input_mem_reg[2][45][4]","input_mem_reg","FDRE","SLICE_X50Y110","SLICEM.GFF2","SLICE_X50Y110","SLICEM","CLEM_X33Y110","193","134","","X1Y1",""
"u_dut/u_unified_p4_kernel/input_mem_reg[2][45][5]","input_mem_reg","FDRE","SLICE_X72Y96","SLICEL.GFF2","SLICE_X72Y96","SLICEL","CLEL_R_X46Y96","251","148","","X2Y1",""
"u_dut/u_unified_p4_kernel/input_mem_reg[2][45][6]","input_mem_reg","FDRE","SLICE_X52Y109","SLICEM.GFF","SLICE_X52Y109","SLICEM","CLEM_X34Y109","198","135","","X1Y1",""
"u_dut/u_unified_p4_kernel/input_mem_reg[2][45][7]","input_mem_reg","FDRE","SLICE_X50Y110","SLICEM.FFF2","SLICE_X50Y110","SLICEM","CLEM_X33Y110","193","134","","X1Y1",""
"u_dut/u_unified_p4_kernel/input_mem_reg[2][45][8]","input_mem_reg","FDRE","SLICE_X50Y110","SLICEM.EFF2","SLICE_X50Y110","SLICEM","CLEM_X33Y110","193","134","","X1Y1",""
"u_dut/u_unified_p4_kernel/input_mem_reg[2][45][9]","input_mem_reg","FDRE","SLICE_X54Y109","SLICEL.FFF2","SLICE_X54Y109","SLICEL","CLEL_R_X35Y109","204","135","","X1Y1",""
"u_dut/u_unified_p4_kernel/input_mem_reg[2][46][0]","input_mem_reg","FDRE","SLICE_X68Y109","SLICEL.DFF2","SLICE_X68Y109","SLICEL","CLEL_R_X44Y109","243","135","","X2Y1",""
"u_dut/u_unified_p4_kernel/input_mem_reg[2][46][10]","input_mem_reg","FDRE","SLICE_X70Y111","SLICEL.AFF","SLICE_X70Y111","SLICEL","CLEL_R_X45Y111","246","133","","X2Y1",""
"u_dut/u_unified_p4_kernel/input_mem_reg[2][46][11]","input_mem_reg","FDRE","SLICE_X50Y115","SLICEM.HFF2","SLICE_X50Y115","SLICEM","CLEM_X33Y115","193","129","","X1Y1",""
"u_dut/u_unified_p4_kernel/input_mem_reg[2][46][12]","input_mem_reg","FDRE","SLICE_X70Y111","SLICEL.AFF2","SLICE_X70Y111","SLICEL","CLEL_R_X45Y111","246","133","","X2Y1",""
"u_dut/u_unified_p4_kernel/input_mem_reg[2][46][13]","input_mem_reg","FDRE","SLICE_X56Y114","SLICEM.HFF","SLICE_X56Y114","SLICEM","CLEM_X37Y114","211","130","","X2Y1",""
"u_dut/u_unified_p4_kernel/input_mem_reg[2][46][14]","input_mem_reg","FDRE","SLICE_X57Y114","SLICEL.HFF2","SLICE_X57Y114","SLICEL","CLEL_R_X37Y114","213","130","","X2Y1",""
"u_dut/u_unified_p4_kernel/input_mem_reg[2][46][15]","input_mem_reg","FDRE","SLICE_X53Y115","SLICEM.DFF2","SLICE_X53Y115","SLICEM","CLEM_X35Y115","202","129","","X1Y1",""
"u_dut/u_unified_p4_kernel/input_mem_reg[2][46][1]","input_mem_reg","FDRE","SLICE_X70Y111","SLICEL.BFF","SLICE_X70Y111","SLICEL","CLEL_R_X45Y111","246","133","","X2Y1",""
"u_dut/u_unified_p4_kernel/input_mem_reg[2][46][2]","input_mem_reg","FDRE","SLICE_X73Y103","SLICEL.HFF","SLICE_X73Y103","SLICEL","CLEL_R_X47Y103","255","141","","X2Y1",""
"u_dut/u_unified_p4_kernel/input_mem_reg[2][46][3]","input_mem_reg","FDRE","SLICE_X54Y109","SLICEL.EFF2","SLICE_X54Y109","SLICEL","CLEL_R_X35Y109","204","135","","X1Y1",""
"u_dut/u_unified_p4_kernel/input_mem_reg[2][46][4]","input_mem_reg","FDRE","SLICE_X52Y109","SLICEM.FFF","SLICE_X52Y109","SLICEM","CLEM_X34Y109","198","135","","X1Y1",""
"u_dut/u_unified_p4_kernel/input_mem_reg[2][46][5]","input_mem_reg","FDRE","SLICE_X73Y103","SLICEL.GFF","SLICE_X73Y103","SLICEL","CLEL_R_X47Y103","255","141","","X2Y1",""
"u_dut/u_unified_p4_kernel/input_mem_reg[2][46][6]","input_mem_reg","FDRE","SLICE_X49Y110","SLICEM.HFF2","SLICE_X49Y110","SLICEM","CLEM_X32Y110","189","134","","X1Y1",""
"u_dut/u_unified_p4_kernel/input_mem_reg[2][46][7]","input_mem_reg","FDRE","SLICE_X49Y110","SLICEM.GFF2","SLICE_X49Y110","SLICEM","CLEM_X32Y110","189","134","","X1Y1",""
"u_dut/u_unified_p4_kernel/input_mem_reg[2][46][8]","input_mem_reg","FDRE","SLICE_X56Y114","SLICEM.GFF","SLICE_X56Y114","SLICEM","CLEM_X37Y114","211","130","","X2Y1",""
"u_dut/u_unified_p4_kernel/input_mem_reg[2][46][9]","input_mem_reg","FDRE","SLICE_X56Y114","SLICEM.FFF","SLICE_X56Y114","SLICEM","CLEM_X37Y114","211","130","","X2Y1",""
"u_dut/u_unified_p4_kernel/input_mem_reg[2][47][0]","input_mem_reg","FDRE","SLICE_X51Y112","SLICEL.HFF2","SLICE_X51Y112","SLICEL","CLEL_R_X33Y112","195","132","","X1Y1",""
"u_dut/u_unified_p4_kernel/input_mem_reg[2][47][10]","input_mem_reg","FDRE","SLICE_X51Y112","SLICEL.GFF2","SLICE_X51Y112","SLICEL","CLEL_R_X33Y112","195","132","","X1Y1",""
"u_dut/u_unified_p4_kernel/input_mem_reg[2][47][11]","input_mem_reg","FDRE","SLICE_X56Y111","SLICEM.DFF2","SLICE_X56Y111","SLICEM","CLEM_X37Y111","211","133","","X2Y1",""
"u_dut/u_unified_p4_kernel/input_mem_reg[2][47][12]","input_mem_reg","FDRE","SLICE_X57Y115","SLICEL.HFF2","SLICE_X57Y115","SLICEL","CLEL_R_X37Y115","213","129","","X2Y1",""
"u_dut/u_unified_p4_kernel/input_mem_reg[2][47][13]","input_mem_reg","FDRE","SLICE_X56Y114","SLICEM.EFF","SLICE_X56Y114","SLICEM","CLEM_X37Y114","211","130","","X2Y1",""
"u_dut/u_unified_p4_kernel/input_mem_reg[2][47][14]","input_mem_reg","FDRE","SLICE_X52Y116","SLICEM.HFF","SLICE_X52Y116","SLICEM","CLEM_X34Y116","198","128","","X1Y1",""
"u_dut/u_unified_p4_kernel/input_mem_reg[2][47][15]","input_mem_reg","FDRE","SLICE_X54Y113","SLICEL.HFF","SLICE_X54Y113","SLICEL","CLEL_R_X35Y113","204","131","","X1Y1",""
"u_dut/u_unified_p4_kernel/input_mem_reg[2][47][1]","input_mem_reg","FDRE","SLICE_X59Y108","SLICEL.DFF","SLICE_X59Y108","SLICEL","CLEL_R_X38Y108","218","136","","X2Y1",""
"u_dut/u_unified_p4_kernel/input_mem_reg[2][47][2]","input_mem_reg","FDRE","SLICE_X54Y113","SLICEL.GFF","SLICE_X54Y113","SLICEL","CLEL_R_X35Y113","204","131","","X1Y1",""
"u_dut/u_unified_p4_kernel/input_mem_reg[2][47][3]","input_mem_reg","FDRE","SLICE_X63Y110","SLICEL.HFF2","SLICE_X63Y110","SLICEL","CLEL_R_X41Y110","231","134","","X2Y1",""
"u_dut/u_unified_p4_kernel/input_mem_reg[2][47][4]","input_mem_reg","FDRE","SLICE_X70Y111","SLICEL.HFF","SLICE_X70Y111","SLICEL","CLEL_R_X45Y111","246","133","","X2Y1",""
"u_dut/u_unified_p4_kernel/input_mem_reg[2][47][5]","input_mem_reg","FDRE","SLICE_X52Y116","SLICEM.GFF","SLICE_X52Y116","SLICEM","CLEM_X34Y116","198","128","","X1Y1",""
"u_dut/u_unified_p4_kernel/input_mem_reg[2][47][6]","input_mem_reg","FDRE","SLICE_X52Y116","SLICEM.FFF","SLICE_X52Y116","SLICEM","CLEM_X34Y116","198","128","","X1Y1",""
"u_dut/u_unified_p4_kernel/input_mem_reg[2][47][7]","input_mem_reg","FDRE","SLICE_X52Y116","SLICEM.EFF","SLICE_X52Y116","SLICEM","CLEM_X34Y116","198","128","","X1Y1",""
"u_dut/u_unified_p4_kernel/input_mem_reg[2][47][8]","input_mem_reg","FDRE","SLICE_X55Y114","SLICEM.DFF2","SLICE_X55Y114","SLICEM","CLEM_X36Y114","207","130","","X1Y1",""
"u_dut/u_unified_p4_kernel/input_mem_reg[2][47][9]","input_mem_reg","FDRE","SLICE_X55Y114","SLICEM.CFF2","SLICE_X55Y114","SLICEM","CLEM_X36Y114","207","130","","X1Y1",""
"u_dut/u_unified_p4_kernel/input_mem_reg[2][48][0]","input_mem_reg","FDRE","SLICE_X58Y95","SLICEM.EFF","SLICE_X58Y95","SLICEM","CLEM_X38Y95","216","149","","X2Y1",""
"u_dut/u_unified_p4_kernel/input_mem_reg[2][48][10]","input_mem_reg","FDRE","SLICE_X57Y94","SLICEL.DFF2","SLICE_X57Y94","SLICEL","CLEL_R_X37Y94","213","150","","X2Y1",""
"u_dut/u_unified_p4_kernel/input_mem_reg[2][48][11]","input_mem_reg","FDRE","SLICE_X58Y96","SLICEM.DFF2","SLICE_X58Y96","SLICEM","CLEM_X38Y96","216","148","","X2Y1",""
"u_dut/u_unified_p4_kernel/input_mem_reg[2][48][12]","input_mem_reg","FDRE","SLICE_X57Y93","SLICEL.AFF","SLICE_X57Y93","SLICEL","CLEL_R_X37Y93","213","151","","X2Y1",""
"u_dut/u_unified_p4_kernel/input_mem_reg[2][48][13]","input_mem_reg","FDRE","SLICE_X56Y95","SLICEM.DFF2","SLICE_X56Y95","SLICEM","CLEM_X37Y95","211","149","","X2Y1",""
"u_dut/u_unified_p4_kernel/input_mem_reg[2][48][14]","input_mem_reg","FDRE","SLICE_X51Y91","SLICEL.HFF2","SLICE_X51Y91","SLICEL","CLEL_R_X33Y91","195","153","","X1Y1",""
"u_dut/u_unified_p4_kernel/input_mem_reg[2][48][15]","input_mem_reg","FDRE","SLICE_X57Y94","SLICEL.CFF2","SLICE_X57Y94","SLICEL","CLEL_R_X37Y94","213","150","","X2Y1",""
"u_dut/u_unified_p4_kernel/input_mem_reg[2][48][1]","input_mem_reg","FDRE","SLICE_X58Y96","SLICEM.EFF","SLICE_X58Y96","SLICEM","CLEM_X38Y96","216","148","","X2Y1",""
"u_dut/u_unified_p4_kernel/input_mem_reg[2][48][2]","input_mem_reg","FDRE","SLICE_X57Y91","SLICEL.HFF2","SLICE_X57Y91","SLICEL","CLEL_R_X37Y91","213","153","","X2Y1",""
"u_dut/u_unified_p4_kernel/input_mem_reg[2][48][3]","input_mem_reg","FDRE","SLICE_X58Y96","SLICEM.FFF","SLICE_X58Y96","SLICEM","CLEM_X38Y96","216","148","","X2Y1",""
"u_dut/u_unified_p4_kernel/input_mem_reg[2][48][4]","input_mem_reg","FDRE","SLICE_X57Y95","SLICEL.DFF","SLICE_X57Y95","SLICEL","CLEL_R_X37Y95","213","149","","X2Y1",""
"u_dut/u_unified_p4_kernel/input_mem_reg[2][48][5]","input_mem_reg","FDRE","SLICE_X57Y96","SLICEL.HFF2","SLICE_X57Y96","SLICEL","CLEL_R_X37Y96","213","148","","X2Y1",""
"u_dut/u_unified_p4_kernel/input_mem_reg[2][48][6]","input_mem_reg","FDRE","SLICE_X58Y92","SLICEM.EFF","SLICE_X58Y92","SLICEM","CLEM_X38Y92","216","152","","X2Y1",""
"u_dut/u_unified_p4_kernel/input_mem_reg[2][48][7]","input_mem_reg","FDRE","SLICE_X57Y95","SLICEL.CFF","SLICE_X57Y95","SLICEL","CLEL_R_X37Y95","213","149","","X2Y1",""
"u_dut/u_unified_p4_kernel/input_mem_reg[2][48][8]","input_mem_reg","FDRE","SLICE_X53Y95","SLICEM.HFF","SLICE_X53Y95","SLICEM","CLEM_X35Y95","202","149","","X1Y1",""
"u_dut/u_unified_p4_kernel/input_mem_reg[2][48][9]","input_mem_reg","FDRE","SLICE_X51Y91","SLICEL.GFF2","SLICE_X51Y91","SLICEL","CLEL_R_X33Y91","195","153","","X1Y1",""
"u_dut/u_unified_p4_kernel/input_mem_reg[2][49][0]","input_mem_reg","FDRE","SLICE_X56Y95","SLICEM.CFF2","SLICE_X56Y95","SLICEM","CLEM_X37Y95","211","149","","X2Y1",""
"u_dut/u_unified_p4_kernel/input_mem_reg[2][49][10]","input_mem_reg","FDRE","SLICE_X56Y95","SLICEM.BFF2","SLICE_X56Y95","SLICEM","CLEM_X37Y95","211","149","","X2Y1",""
"u_dut/u_unified_p4_kernel/input_mem_reg[2][49][11]","input_mem_reg","FDRE","SLICE_X57Y92","SLICEL.DFF2","SLICE_X57Y92","SLICEL","CLEL_R_X37Y92","213","152","","X2Y1",""
"u_dut/u_unified_p4_kernel/input_mem_reg[2][49][12]","input_mem_reg","FDRE","SLICE_X58Y96","SLICEM.GFF","SLICE_X58Y96","SLICEM","CLEM_X38Y96","216","148","","X2Y1",""
"u_dut/u_unified_p4_kernel/input_mem_reg[2][49][13]","input_mem_reg","FDRE","SLICE_X57Y93","SLICEL.AFF2","SLICE_X57Y93","SLICEL","CLEL_R_X37Y93","213","151","","X2Y1",""
"u_dut/u_unified_p4_kernel/input_mem_reg[2][49][14]","input_mem_reg","FDRE","SLICE_X51Y91","SLICEL.FFF2","SLICE_X51Y91","SLICEL","CLEL_R_X33Y91","195","153","","X1Y1",""
"u_dut/u_unified_p4_kernel/input_mem_reg[2][49][15]","input_mem_reg","FDRE","SLICE_X55Y95","SLICEM.EFF","SLICE_X55Y95","SLICEM","CLEM_X36Y95","207","149","","X1Y1",""
"u_dut/u_unified_p4_kernel/input_mem_reg[2][49][1]","input_mem_reg","FDRE","SLICE_X58Y96","SLICEM.HFF","SLICE_X58Y96","SLICEM","CLEM_X38Y96","216","148","","X2Y1",""
"u_dut/u_unified_p4_kernel/input_mem_reg[2][49][2]","input_mem_reg","FDRE","SLICE_X55Y95","SLICEM.EFF2","SLICE_X55Y95","SLICEM","CLEM_X36Y95","207","149","","X1Y1",""
"u_dut/u_unified_p4_kernel/input_mem_reg[2][49][3]","input_mem_reg","FDRE","SLICE_X57Y96","SLICEL.GFF2","SLICE_X57Y96","SLICEL","CLEL_R_X37Y96","213","148","","X2Y1",""
"u_dut/u_unified_p4_kernel/input_mem_reg[2][49][4]","input_mem_reg","FDRE","SLICE_X57Y96","SLICEL.FFF2","SLICE_X57Y96","SLICEL","CLEL_R_X37Y96","213","148","","X2Y1",""
"u_dut/u_unified_p4_kernel/input_mem_reg[2][49][5]","input_mem_reg","FDRE","SLICE_X57Y94","SLICEL.BFF2","SLICE_X57Y94","SLICEL","CLEL_R_X37Y94","213","150","","X2Y1",""
"u_dut/u_unified_p4_kernel/input_mem_reg[2][49][6]","input_mem_reg","FDRE","SLICE_X57Y90","SLICEL.HFF2","SLICE_X57Y90","SLICEL","CLEL_R_X37Y90","213","154","","X2Y1",""
"u_dut/u_unified_p4_kernel/input_mem_reg[2][49][7]","input_mem_reg","FDRE","SLICE_X57Y93","SLICEL.BFF","SLICE_X57Y93","SLICEL","CLEL_R_X37Y93","213","151","","X2Y1",""
"u_dut/u_unified_p4_kernel/input_mem_reg[2][49][8]","input_mem_reg","FDRE","SLICE_X57Y93","SLICEL.BFF2","SLICE_X57Y93","SLICEL","CLEL_R_X37Y93","213","151","","X2Y1",""
"u_dut/u_unified_p4_kernel/input_mem_reg[2][49][9]","input_mem_reg","FDRE","SLICE_X58Y96","SLICEM.CFF2","SLICE_X58Y96","SLICEM","CLEM_X38Y96","216","148","","X2Y1",""
"u_dut/u_unified_p4_kernel/input_mem_reg[2][4][0]","input_mem_reg","FDRE","SLICE_X79Y77","SLICEM.HFF","SLICE_X79Y77","SLICEM","CLEM_X51Y77","270","168","","X2Y1",""
"u_dut/u_unified_p4_kernel/input_mem_reg[2][4][10]","input_mem_reg","FDRE","SLICE_X72Y79","SLICEL.HFF","SLICE_X72Y79","SLICEL","CLEL_R_X46Y79","251","166","","X2Y1",""
"u_dut/u_unified_p4_kernel/input_mem_reg[2][4][11]","input_mem_reg","FDRE","SLICE_X76Y74","SLICEL.HFF","SLICE_X76Y74","SLICEL","CLEL_R_X49Y74","264","171","","X2Y1",""
"u_dut/u_unified_p4_kernel/input_mem_reg[2][4][12]","input_mem_reg","FDRE","SLICE_X76Y76","SLICEL.HFF2","SLICE_X76Y76","SLICEL","CLEL_R_X49Y76","264","169","","X2Y1",""
"u_dut/u_unified_p4_kernel/input_mem_reg[2][4][13]","input_mem_reg","FDRE","SLICE_X76Y76","SLICEL.GFF2","SLICE_X76Y76","SLICEL","CLEL_R_X49Y76","264","169","","X2Y1",""
"u_dut/u_unified_p4_kernel/input_mem_reg[2][4][14]","input_mem_reg","FDRE","SLICE_X72Y79","SLICEL.GFF","SLICE_X72Y79","SLICEL","CLEL_R_X46Y79","251","166","","X2Y1",""
"u_dut/u_unified_p4_kernel/input_mem_reg[2][4][15]","input_mem_reg","FDRE","SLICE_X77Y78","SLICEL.DFF","SLICE_X77Y78","SLICEL","CLEL_L_X50Y78","265","167","","X2Y1",""
"u_dut/u_unified_p4_kernel/input_mem_reg[2][4][1]","input_mem_reg","FDRE","SLICE_X76Y76","SLICEL.FFF2","SLICE_X76Y76","SLICEL","CLEL_R_X49Y76","264","169","","X2Y1",""
"u_dut/u_unified_p4_kernel/input_mem_reg[2][4][2]","input_mem_reg","FDRE","SLICE_X76Y76","SLICEL.EFF2","SLICE_X76Y76","SLICEL","CLEL_R_X49Y76","264","169","","X2Y1",""
"u_dut/u_unified_p4_kernel/input_mem_reg[2][4][3]","input_mem_reg","FDRE","SLICE_X77Y78","SLICEL.CFF","SLICE_X77Y78","SLICEL","CLEL_L_X50Y78","265","167","","X2Y1",""
"u_dut/u_unified_p4_kernel/input_mem_reg[2][4][4]","input_mem_reg","FDRE","SLICE_X76Y77","SLICEL.HFF2","SLICE_X76Y77","SLICEL","CLEL_R_X49Y77","264","168","","X2Y1",""
"u_dut/u_unified_p4_kernel/input_mem_reg[2][4][5]","input_mem_reg","FDRE","SLICE_X77Y78","SLICEL.BFF","SLICE_X77Y78","SLICEL","CLEL_L_X50Y78","265","167","","X2Y1",""
"u_dut/u_unified_p4_kernel/input_mem_reg[2][4][6]","input_mem_reg","FDRE","SLICE_X78Y74","SLICEL.HFF","SLICE_X78Y74","SLICEL","CLEL_R_X50Y74","267","171","","X2Y1",""
"u_dut/u_unified_p4_kernel/input_mem_reg[2][4][7]","input_mem_reg","FDRE","SLICE_X73Y78","SLICEL.HFF","SLICE_X73Y78","SLICEL","CLEL_R_X47Y78","255","167","","X2Y1",""
"u_dut/u_unified_p4_kernel/input_mem_reg[2][4][8]","input_mem_reg","FDRE","SLICE_X74Y79","SLICEM.AFF","SLICE_X74Y79","SLICEM","CLEM_X48Y79","258","166","","X2Y1",""
"u_dut/u_unified_p4_kernel/input_mem_reg[2][4][9]","input_mem_reg","FDRE","SLICE_X73Y81","SLICEL.EFF","SLICE_X73Y81","SLICEL","CLEL_R_X47Y81","255","164","","X2Y1",""
"u_dut/u_unified_p4_kernel/input_mem_reg[2][50][0]","input_mem_reg","FDRE","SLICE_X57Y94","SLICEL.AFF2","SLICE_X57Y94","SLICEL","CLEL_R_X37Y94","213","150","","X2Y1",""
"u_dut/u_unified_p4_kernel/input_mem_reg[2][50][10]","input_mem_reg","FDRE","SLICE_X57Y96","SLICEL.EFF2","SLICE_X57Y96","SLICEL","CLEL_R_X37Y96","213","148","","X2Y1",""
"u_dut/u_unified_p4_kernel/input_mem_reg[2][50][11]","input_mem_reg","FDRE","SLICE_X57Y91","SLICEL.GFF2","SLICE_X57Y91","SLICEL","CLEL_R_X37Y91","213","153","","X2Y1",""
"u_dut/u_unified_p4_kernel/input_mem_reg[2][50][12]","input_mem_reg","FDRE","SLICE_X57Y93","SLICEL.CFF","SLICE_X57Y93","SLICEL","CLEL_R_X37Y93","213","151","","X2Y1",""
"u_dut/u_unified_p4_kernel/input_mem_reg[2][50][13]","input_mem_reg","FDRE","SLICE_X58Y89","SLICEM.HFF2","SLICE_X58Y89","SLICEM","CLEM_X38Y89","216","156","","X2Y1",""
"u_dut/u_unified_p4_kernel/input_mem_reg[2][50][14]","input_mem_reg","FDRE","SLICE_X53Y94","SLICEM.DFF2","SLICE_X53Y94","SLICEM","CLEM_X35Y94","202","150","","X1Y1",""
"u_dut/u_unified_p4_kernel/input_mem_reg[2][50][15]","input_mem_reg","FDRE","SLICE_X58Y92","SLICEM.FFF","SLICE_X58Y92","SLICEM","CLEM_X38Y92","216","152","","X2Y1",""
"u_dut/u_unified_p4_kernel/input_mem_reg[2][50][1]","input_mem_reg","FDRE","SLICE_X57Y93","SLICEL.CFF2","SLICE_X57Y93","SLICEL","CLEL_R_X37Y93","213","151","","X2Y1",""
"u_dut/u_unified_p4_kernel/input_mem_reg[2][50][2]","input_mem_reg","FDRE","SLICE_X57Y91","SLICEL.FFF2","SLICE_X57Y91","SLICEL","CLEL_R_X37Y91","213","153","","X2Y1",""
"u_dut/u_unified_p4_kernel/input_mem_reg[2][50][3]","input_mem_reg","FDRE","SLICE_X56Y95","SLICEM.AFF2","SLICE_X56Y95","SLICEM","CLEM_X37Y95","211","149","","X2Y1",""
"u_dut/u_unified_p4_kernel/input_mem_reg[2][50][4]","input_mem_reg","FDRE","SLICE_X57Y90","SLICEL.GFF2","SLICE_X57Y90","SLICEL","CLEL_R_X37Y90","213","154","","X2Y1",""
"u_dut/u_unified_p4_kernel/input_mem_reg[2][50][5]","input_mem_reg","FDRE","SLICE_X55Y95","SLICEM.FFF","SLICE_X55Y95","SLICEM","CLEM_X36Y95","207","149","","X1Y1",""
"u_dut/u_unified_p4_kernel/input_mem_reg[2][50][6]","input_mem_reg","FDRE","SLICE_X58Y96","SLICEM.BFF2","SLICE_X58Y96","SLICEM","CLEM_X38Y96","216","148","","X2Y1",""
"u_dut/u_unified_p4_kernel/input_mem_reg[2][50][7]","input_mem_reg","FDRE","SLICE_X53Y94","SLICEM.CFF2","SLICE_X53Y94","SLICEM","CLEM_X35Y94","202","150","","X1Y1",""
"u_dut/u_unified_p4_kernel/input_mem_reg[2][50][8]","input_mem_reg","FDRE","SLICE_X58Y89","SLICEM.GFF2","SLICE_X58Y89","SLICEM","CLEM_X38Y89","216","156","","X2Y1",""
"u_dut/u_unified_p4_kernel/input_mem_reg[2][50][9]","input_mem_reg","FDRE","SLICE_X57Y95","SLICEL.BFF","SLICE_X57Y95","SLICEL","CLEL_R_X37Y95","213","149","","X2Y1",""
"u_dut/u_unified_p4_kernel/input_mem_reg[2][51][0]","input_mem_reg","FDRE","SLICE_X58Y89","SLICEM.FFF2","SLICE_X58Y89","SLICEM","CLEM_X38Y89","216","156","","X2Y1",""
"u_dut/u_unified_p4_kernel/input_mem_reg[2][51][10]","input_mem_reg","FDRE","SLICE_X57Y92","SLICEL.CFF2","SLICE_X57Y92","SLICEL","CLEL_R_X37Y92","213","152","","X2Y1",""
"u_dut/u_unified_p4_kernel/input_mem_reg[2][51][11]","input_mem_reg","FDRE","SLICE_X58Y92","SLICEM.GFF","SLICE_X58Y92","SLICEM","CLEM_X38Y92","216","152","","X2Y1",""
"u_dut/u_unified_p4_kernel/input_mem_reg[2][51][12]","input_mem_reg","FDRE","SLICE_X57Y92","SLICEL.BFF2","SLICE_X57Y92","SLICEL","CLEL_R_X37Y92","213","152","","X2Y1",""
"u_dut/u_unified_p4_kernel/input_mem_reg[2][51][13]","input_mem_reg","FDRE","SLICE_X57Y95","SLICEL.AFF","SLICE_X57Y95","SLICEL","CLEL_R_X37Y95","213","149","","X2Y1",""
"u_dut/u_unified_p4_kernel/input_mem_reg[2][51][14]","input_mem_reg","FDRE","SLICE_X55Y95","SLICEM.FFF2","SLICE_X55Y95","SLICEM","CLEM_X36Y95","207","149","","X1Y1",""
"u_dut/u_unified_p4_kernel/input_mem_reg[2][51][15]","input_mem_reg","FDRE","SLICE_X58Y96","SLICEM.AFF2","SLICE_X58Y96","SLICEM","CLEM_X38Y96","216","148","","X2Y1",""
"u_dut/u_unified_p4_kernel/input_mem_reg[2][51][1]","input_mem_reg","FDRE","SLICE_X58Y95","SLICEM.FFF","SLICE_X58Y95","SLICEM","CLEM_X38Y95","216","149","","X2Y1",""
"u_dut/u_unified_p4_kernel/input_mem_reg[2][51][2]","input_mem_reg","FDRE","SLICE_X57Y93","SLICEL.DFF","SLICE_X57Y93","SLICEL","CLEL_R_X37Y93","213","151","","X2Y1",""
"u_dut/u_unified_p4_kernel/input_mem_reg[2][51][3]","input_mem_reg","FDRE","SLICE_X57Y90","SLICEL.FFF2","SLICE_X57Y90","SLICEL","CLEL_R_X37Y90","213","154","","X2Y1",""
"u_dut/u_unified_p4_kernel/input_mem_reg[2][51][4]","input_mem_reg","FDRE","SLICE_X57Y93","SLICEL.DFF2","SLICE_X57Y93","SLICEL","CLEL_R_X37Y93","213","151","","X2Y1",""
"u_dut/u_unified_p4_kernel/input_mem_reg[2][51][5]","input_mem_reg","FDRE","SLICE_X58Y95","SLICEM.GFF","SLICE_X58Y95","SLICEM","CLEM_X38Y95","216","149","","X2Y1",""
"u_dut/u_unified_p4_kernel/input_mem_reg[2][51][6]","input_mem_reg","FDRE","SLICE_X57Y92","SLICEL.AFF2","SLICE_X57Y92","SLICEL","CLEL_R_X37Y92","213","152","","X2Y1",""
"u_dut/u_unified_p4_kernel/input_mem_reg[2][51][7]","input_mem_reg","FDRE","SLICE_X55Y95","SLICEM.GFF","SLICE_X55Y95","SLICEM","CLEM_X36Y95","207","149","","X1Y1",""
"u_dut/u_unified_p4_kernel/input_mem_reg[2][51][8]","input_mem_reg","FDRE","SLICE_X58Y95","SLICEM.HFF","SLICE_X58Y95","SLICEM","CLEM_X38Y95","216","149","","X2Y1",""
"u_dut/u_unified_p4_kernel/input_mem_reg[2][51][9]","input_mem_reg","FDRE","SLICE_X57Y91","SLICEL.EFF2","SLICE_X57Y91","SLICEL","CLEL_R_X37Y91","213","153","","X2Y1",""
"u_dut/u_unified_p4_kernel/input_mem_reg[2][52][0]","input_mem_reg","FDRE","SLICE_X72Y99","SLICEL.DFF","SLICE_X72Y99","SLICEL","CLEL_R_X46Y99","251","145","","X2Y1",""
"u_dut/u_unified_p4_kernel/input_mem_reg[2][52][10]","input_mem_reg","FDRE","SLICE_X74Y99","SLICEM.DFF","SLICE_X74Y99","SLICEM","CLEM_X48Y99","258","145","","X2Y1",""
"u_dut/u_unified_p4_kernel/input_mem_reg[2][52][11]","input_mem_reg","FDRE","SLICE_X73Y100","SLICEL.DFF","SLICE_X73Y100","SLICEL","CLEL_R_X47Y100","255","144","","X2Y1",""
"u_dut/u_unified_p4_kernel/input_mem_reg[2][52][12]","input_mem_reg","FDRE","SLICE_X70Y101","SLICEL.HFF","SLICE_X70Y101","SLICEL","CLEL_R_X45Y101","246","143","","X2Y1",""
"u_dut/u_unified_p4_kernel/input_mem_reg[2][52][13]","input_mem_reg","FDRE","SLICE_X71Y98","SLICEM.DFF","SLICE_X71Y98","SLICEM","CLEM_X46Y98","249","146","","X2Y1",""
"u_dut/u_unified_p4_kernel/input_mem_reg[2][52][14]","input_mem_reg","FDRE","SLICE_X71Y99","SLICEM.DFF2","SLICE_X71Y99","SLICEM","CLEM_X46Y99","249","145","","X2Y1",""
"u_dut/u_unified_p4_kernel/input_mem_reg[2][52][15]","input_mem_reg","FDRE","SLICE_X66Y100","SLICEM.AFF","SLICE_X66Y100","SLICEM","CLEM_X43Y100","237","144","","X2Y1",""
"u_dut/u_unified_p4_kernel/input_mem_reg[2][52][1]","input_mem_reg","FDRE","SLICE_X71Y99","SLICEM.CFF2","SLICE_X71Y99","SLICEM","CLEM_X46Y99","249","145","","X2Y1",""
"u_dut/u_unified_p4_kernel/input_mem_reg[2][52][2]","input_mem_reg","FDRE","SLICE_X67Y100","SLICEM.AFF","SLICE_X67Y100","SLICEM","CLEM_X44Y100","241","144","","X2Y1",""
"u_dut/u_unified_p4_kernel/input_mem_reg[2][52][3]","input_mem_reg","FDRE","SLICE_X72Y99","SLICEL.CFF","SLICE_X72Y99","SLICEL","CLEL_R_X46Y99","251","145","","X2Y1",""
"u_dut/u_unified_p4_kernel/input_mem_reg[2][52][4]","input_mem_reg","FDRE","SLICE_X61Y94","SLICEM.DFF2","SLICE_X61Y94","SLICEM","CLEM_X40Y94","225","150","","X2Y1",""
"u_dut/u_unified_p4_kernel/input_mem_reg[2][52][5]","input_mem_reg","FDRE","SLICE_X68Y99","SLICEL.DFF2","SLICE_X68Y99","SLICEL","CLEL_R_X44Y99","243","145","","X2Y1",""
"u_dut/u_unified_p4_kernel/input_mem_reg[2][52][6]","input_mem_reg","FDRE","SLICE_X72Y98","SLICEL.DFF","SLICE_X72Y98","SLICEL","CLEL_R_X46Y98","251","146","","X2Y1",""
"u_dut/u_unified_p4_kernel/input_mem_reg[2][52][7]","input_mem_reg","FDRE","SLICE_X76Y97","SLICEL.DFF","SLICE_X76Y97","SLICEL","CLEL_R_X49Y97","264","147","","X2Y1",""
"u_dut/u_unified_p4_kernel/input_mem_reg[2][52][8]","input_mem_reg","FDRE","SLICE_X68Y97","SLICEL.HFF2","SLICE_X68Y97","SLICEL","CLEL_R_X44Y97","243","147","","X2Y1",""
"u_dut/u_unified_p4_kernel/input_mem_reg[2][52][9]","input_mem_reg","FDRE","SLICE_X63Y95","SLICEL.HFF2","SLICE_X63Y95","SLICEL","CLEL_R_X41Y95","231","149","","X2Y1",""
"u_dut/u_unified_p4_kernel/input_mem_reg[2][53][0]","input_mem_reg","FDRE","SLICE_X78Y98","SLICEL.HFF","SLICE_X78Y98","SLICEL","CLEL_R_X50Y98","267","146","","X2Y1",""
"u_dut/u_unified_p4_kernel/input_mem_reg[2][53][10]","input_mem_reg","FDRE","SLICE_X66Y101","SLICEM.EFF","SLICE_X66Y101","SLICEM","CLEM_X43Y101","237","143","","X2Y1",""
"u_dut/u_unified_p4_kernel/input_mem_reg[2][53][11]","input_mem_reg","FDRE","SLICE_X72Y101","SLICEL.HFF","SLICE_X72Y101","SLICEL","CLEL_R_X46Y101","251","143","","X2Y1",""
"u_dut/u_unified_p4_kernel/input_mem_reg[2][53][12]","input_mem_reg","FDRE","SLICE_X73Y97","SLICEL.HFF","SLICE_X73Y97","SLICEL","CLEL_R_X47Y97","255","147","","X2Y1",""
"u_dut/u_unified_p4_kernel/input_mem_reg[2][53][13]","input_mem_reg","FDRE","SLICE_X55Y100","SLICEM.EFF","SLICE_X55Y100","SLICEM","CLEM_X36Y100","207","144","","X1Y1",""
"u_dut/u_unified_p4_kernel/input_mem_reg[2][53][14]","input_mem_reg","FDRE","SLICE_X72Y99","SLICEL.BFF","SLICE_X72Y99","SLICEL","CLEL_R_X46Y99","251","145","","X2Y1",""
"u_dut/u_unified_p4_kernel/input_mem_reg[2][53][15]","input_mem_reg","FDRE","SLICE_X72Y98","SLICEL.CFF","SLICE_X72Y98","SLICEL","CLEL_R_X46Y98","251","146","","X2Y1",""
"u_dut/u_unified_p4_kernel/input_mem_reg[2][53][1]","input_mem_reg","FDRE","SLICE_X67Y99","SLICEM.EFF","SLICE_X67Y99","SLICEM","CLEM_X44Y99","241","145","","X2Y1",""
"u_dut/u_unified_p4_kernel/input_mem_reg[2][53][2]","input_mem_reg","FDRE","SLICE_X68Y99","SLICEL.CFF2","SLICE_X68Y99","SLICEL","CLEL_R_X44Y99","243","145","","X2Y1",""
"u_dut/u_unified_p4_kernel/input_mem_reg[2][53][3]","input_mem_reg","FDRE","SLICE_X74Y99","SLICEM.CFF","SLICE_X74Y99","SLICEM","CLEM_X48Y99","258","145","","X2Y1",""
"u_dut/u_unified_p4_kernel/input_mem_reg[2][53][4]","input_mem_reg","FDRE","SLICE_X73Y97","SLICEL.GFF","SLICE_X73Y97","SLICEL","CLEL_R_X47Y97","255","147","","X2Y1",""
"u_dut/u_unified_p4_kernel/input_mem_reg[2][53][5]","input_mem_reg","FDRE","SLICE_X68Y91","SLICEL.HFF","SLICE_X68Y91","SLICEL","CLEL_R_X44Y91","243","153","","X2Y1",""
"u_dut/u_unified_p4_kernel/input_mem_reg[2][53][6]","input_mem_reg","FDRE","SLICE_X66Y101","SLICEM.FFF","SLICE_X66Y101","SLICEM","CLEM_X43Y101","237","143","","X2Y1",""
"u_dut/u_unified_p4_kernel/input_mem_reg[2][53][7]","input_mem_reg","FDRE","SLICE_X69Y95","SLICEL.AFF","SLICE_X69Y95","SLICEL","CLEL_L_X45Y95","244","149","","X2Y1",""
"u_dut/u_unified_p4_kernel/input_mem_reg[2][53][8]","input_mem_reg","FDRE","SLICE_X66Y99","SLICEM.EFF","SLICE_X66Y99","SLICEM","CLEM_X43Y99","237","145","","X2Y1",""
"u_dut/u_unified_p4_kernel/input_mem_reg[2][53][9]","input_mem_reg","FDRE","SLICE_X73Y100","SLICEL.CFF","SLICE_X73Y100","SLICEL","CLEL_R_X47Y100","255","144","","X2Y1",""
"u_dut/u_unified_p4_kernel/input_mem_reg[2][54][0]","input_mem_reg","FDRE","SLICE_X67Y98","SLICEM.EFF","SLICE_X67Y98","SLICEM","CLEM_X44Y98","241","146","","X2Y1",""
"u_dut/u_unified_p4_kernel/input_mem_reg[2][54][10]","input_mem_reg","FDRE","SLICE_X73Y96","SLICEL.HFF","SLICE_X73Y96","SLICEL","CLEL_R_X47Y96","255","148","","X2Y1",""
"u_dut/u_unified_p4_kernel/input_mem_reg[2][54][11]","input_mem_reg","FDRE","SLICE_X72Y89","SLICEL.DFF2","SLICE_X72Y89","SLICEL","CLEL_R_X46Y89","251","156","","X2Y1",""
"u_dut/u_unified_p4_kernel/input_mem_reg[2][54][12]","input_mem_reg","FDRE","SLICE_X73Y100","SLICEL.BFF","SLICE_X73Y100","SLICEL","CLEL_R_X47Y100","255","144","","X2Y1",""
"u_dut/u_unified_p4_kernel/input_mem_reg[2][54][13]","input_mem_reg","FDRE","SLICE_X73Y96","SLICEL.GFF","SLICE_X73Y96","SLICEL","CLEL_R_X47Y96","255","148","","X2Y1",""
"u_dut/u_unified_p4_kernel/input_mem_reg[2][54][14]","input_mem_reg","FDRE","SLICE_X72Y98","SLICEL.BFF","SLICE_X72Y98","SLICEL","CLEL_R_X46Y98","251","146","","X2Y1",""
"u_dut/u_unified_p4_kernel/input_mem_reg[2][54][15]","input_mem_reg","FDRE","SLICE_X74Y99","SLICEM.BFF","SLICE_X74Y99","SLICEM","CLEM_X48Y99","258","145","","X2Y1",""
"u_dut/u_unified_p4_kernel/input_mem_reg[2][54][1]","input_mem_reg","FDRE","SLICE_X72Y99","SLICEL.AFF","SLICE_X72Y99","SLICEL","CLEL_R_X46Y99","251","145","","X2Y1",""
"u_dut/u_unified_p4_kernel/input_mem_reg[2][54][2]","input_mem_reg","FDRE","SLICE_X74Y101","SLICEM.HFF","SLICE_X74Y101","SLICEM","CLEM_X48Y101","258","143","","X2Y1",""
"u_dut/u_unified_p4_kernel/input_mem_reg[2][54][3]","input_mem_reg","FDRE","SLICE_X73Y100","SLICEL.AFF","SLICE_X73Y100","SLICEL","CLEL_R_X47Y100","255","144","","X2Y1",""
"u_dut/u_unified_p4_kernel/input_mem_reg[2][54][4]","input_mem_reg","FDRE","SLICE_X74Y101","SLICEM.GFF","SLICE_X74Y101","SLICEM","CLEM_X48Y101","258","143","","X2Y1",""
"u_dut/u_unified_p4_kernel/input_mem_reg[2][54][5]","input_mem_reg","FDRE","SLICE_X63Y89","SLICEL.EFF2","SLICE_X63Y89","SLICEL","CLEL_R_X41Y89","231","156","","X2Y1",""
"u_dut/u_unified_p4_kernel/input_mem_reg[2][54][6]","input_mem_reg","FDRE","SLICE_X70Y81","SLICEL.HFF2","SLICE_X70Y81","SLICEL","CLEL_R_X45Y81","246","164","","X2Y1",""
"u_dut/u_unified_p4_kernel/input_mem_reg[2][54][7]","input_mem_reg","FDRE","SLICE_X68Y82","SLICEL.HFF","SLICE_X68Y82","SLICEL","CLEL_R_X44Y82","243","163","","X2Y1",""
"u_dut/u_unified_p4_kernel/input_mem_reg[2][54][8]","input_mem_reg","FDRE","SLICE_X69Y90","SLICEL.DFF","SLICE_X69Y90","SLICEL","CLEL_L_X45Y90","244","154","","X2Y1",""
"u_dut/u_unified_p4_kernel/input_mem_reg[2][54][9]","input_mem_reg","FDRE","SLICE_X74Y101","SLICEM.FFF","SLICE_X74Y101","SLICEM","CLEM_X48Y101","258","143","","X2Y1",""
"u_dut/u_unified_p4_kernel/input_mem_reg[2][55][0]","input_mem_reg","FDRE","SLICE_X63Y95","SLICEL.GFF2","SLICE_X63Y95","SLICEL","CLEL_R_X41Y95","231","149","","X2Y1",""
"u_dut/u_unified_p4_kernel/input_mem_reg[2][55][10]","input_mem_reg","FDRE","SLICE_X73Y102","SLICEL.DFF","SLICE_X73Y102","SLICEL","CLEL_R_X47Y102","255","142","","X2Y1",""
"u_dut/u_unified_p4_kernel/input_mem_reg[2][55][11]","input_mem_reg","FDRE","SLICE_X72Y86","SLICEL.HFF2","SLICE_X72Y86","SLICEL","CLEL_R_X46Y86","251","159","","X2Y1",""
"u_dut/u_unified_p4_kernel/input_mem_reg[2][55][12]","input_mem_reg","FDRE","SLICE_X74Y100","SLICEM.DFF","SLICE_X74Y100","SLICEM","CLEM_X48Y100","258","144","","X2Y1",""
"u_dut/u_unified_p4_kernel/input_mem_reg[2][55][13]","input_mem_reg","FDRE","SLICE_X74Y100","SLICEM.CFF","SLICE_X74Y100","SLICEM","CLEM_X48Y100","258","144","","X2Y1",""
"u_dut/u_unified_p4_kernel/input_mem_reg[2][55][14]","input_mem_reg","FDRE","SLICE_X74Y100","SLICEM.BFF","SLICE_X74Y100","SLICEM","CLEM_X48Y100","258","144","","X2Y1",""
"u_dut/u_unified_p4_kernel/input_mem_reg[2][55][15]","input_mem_reg","FDRE","SLICE_X73Y97","SLICEL.FFF","SLICE_X73Y97","SLICEL","CLEL_R_X47Y97","255","147","","X2Y1",""
"u_dut/u_unified_p4_kernel/input_mem_reg[2][55][1]","input_mem_reg","FDRE","SLICE_X76Y90","SLICEL.HFF2","SLICE_X76Y90","SLICEL","CLEL_R_X49Y90","264","154","","X2Y1",""
"u_dut/u_unified_p4_kernel/input_mem_reg[2][55][2]","input_mem_reg","FDRE","SLICE_X72Y86","SLICEL.GFF2","SLICE_X72Y86","SLICEL","CLEL_R_X46Y86","251","159","","X2Y1",""
"u_dut/u_unified_p4_kernel/input_mem_reg[2][55][3]","input_mem_reg","FDRE","SLICE_X75Y94","SLICEM.EFF","SLICE_X75Y94","SLICEM","CLEM_X49Y94","262","150","","X2Y1",""
"u_dut/u_unified_p4_kernel/input_mem_reg[2][55][4]","input_mem_reg","FDRE","SLICE_X74Y100","SLICEM.AFF","SLICE_X74Y100","SLICEM","CLEM_X48Y100","258","144","","X2Y1",""
"u_dut/u_unified_p4_kernel/input_mem_reg[2][55][5]","input_mem_reg","FDRE","SLICE_X64Y99","SLICEL.DFF2","SLICE_X64Y99","SLICEL","CLEL_L_X42Y99","232","145","","X2Y1",""
"u_dut/u_unified_p4_kernel/input_mem_reg[2][55][6]","input_mem_reg","FDRE","SLICE_X73Y97","SLICEL.EFF","SLICE_X73Y97","SLICEL","CLEL_R_X47Y97","255","147","","X2Y1",""
"u_dut/u_unified_p4_kernel/input_mem_reg[2][55][7]","input_mem_reg","FDRE","SLICE_X74Y101","SLICEM.EFF","SLICE_X74Y101","SLICEM","CLEM_X48Y101","258","143","","X2Y1",""
"u_dut/u_unified_p4_kernel/input_mem_reg[2][55][8]","input_mem_reg","FDRE","SLICE_X73Y89","SLICEL.HFF","SLICE_X73Y89","SLICEL","CLEL_R_X47Y89","255","156","","X2Y1",""
"u_dut/u_unified_p4_kernel/input_mem_reg[2][55][9]","input_mem_reg","FDRE","SLICE_X74Y99","SLICEM.AFF","SLICE_X74Y99","SLICEM","CLEM_X48Y99","258","145","","X2Y1",""
"u_dut/u_unified_p4_kernel/input_mem_reg[2][56][0]","input_mem_reg","FDRE","SLICE_X59Y78","SLICEL.HFF2","SLICE_X59Y78","SLICEL","CLEL_R_X38Y78","218","167","","X2Y1",""
"u_dut/u_unified_p4_kernel/input_mem_reg[2][56][10]","input_mem_reg","FDRE","SLICE_X55Y82","SLICEM.HFF2","SLICE_X55Y82","SLICEM","CLEM_X36Y82","207","163","","X1Y1",""
"u_dut/u_unified_p4_kernel/input_mem_reg[2][56][11]","input_mem_reg","FDRE","SLICE_X56Y79","SLICEM.HFF2","SLICE_X56Y79","SLICEM","CLEM_X37Y79","211","166","","X2Y1",""
"u_dut/u_unified_p4_kernel/input_mem_reg[2][56][12]","input_mem_reg","FDRE","SLICE_X53Y76","SLICEM.HFF2","SLICE_X53Y76","SLICEM","CLEM_X35Y76","202","169","","X1Y1",""
"u_dut/u_unified_p4_kernel/input_mem_reg[2][56][13]","input_mem_reg","FDRE","SLICE_X53Y78","SLICEM.DFF","SLICE_X53Y78","SLICEM","CLEM_X35Y78","202","167","","X1Y1",""
"u_dut/u_unified_p4_kernel/input_mem_reg[2][56][14]","input_mem_reg","FDRE","SLICE_X54Y80","SLICEL.HFF2","SLICE_X54Y80","SLICEL","CLEL_R_X35Y80","204","165","","X1Y1",""
"u_dut/u_unified_p4_kernel/input_mem_reg[2][56][15]","input_mem_reg","FDRE","SLICE_X55Y81","SLICEM.HFF","SLICE_X55Y81","SLICEM","CLEM_X36Y81","207","164","","X1Y1",""
"u_dut/u_unified_p4_kernel/input_mem_reg[2][56][1]","input_mem_reg","FDRE","SLICE_X53Y78","SLICEM.CFF","SLICE_X53Y78","SLICEM","CLEM_X35Y78","202","167","","X1Y1",""
"u_dut/u_unified_p4_kernel/input_mem_reg[2][56][2]","input_mem_reg","FDRE","SLICE_X60Y77","SLICEL.HFF2","SLICE_X60Y77","SLICEL","CLEL_R_X39Y77","222","168","","X2Y1",""
"u_dut/u_unified_p4_kernel/input_mem_reg[2][56][3]","input_mem_reg","FDRE","SLICE_X56Y79","SLICEM.GFF2","SLICE_X56Y79","SLICEM","CLEM_X37Y79","211","166","","X2Y1",""
"u_dut/u_unified_p4_kernel/input_mem_reg[2][56][4]","input_mem_reg","FDRE","SLICE_X60Y77","SLICEL.GFF2","SLICE_X60Y77","SLICEL","CLEL_R_X39Y77","222","168","","X2Y1",""
"u_dut/u_unified_p4_kernel/input_mem_reg[2][56][5]","input_mem_reg","FDRE","SLICE_X53Y78","SLICEM.BFF","SLICE_X53Y78","SLICEM","CLEM_X35Y78","202","167","","X1Y1",""
"u_dut/u_unified_p4_kernel/input_mem_reg[2][56][6]","input_mem_reg","FDRE","SLICE_X55Y81","SLICEM.GFF","SLICE_X55Y81","SLICEM","CLEM_X36Y81","207","164","","X1Y1",""
"u_dut/u_unified_p4_kernel/input_mem_reg[2][56][7]","input_mem_reg","FDRE","SLICE_X60Y77","SLICEL.FFF2","SLICE_X60Y77","SLICEL","CLEL_R_X39Y77","222","168","","X2Y1",""
"u_dut/u_unified_p4_kernel/input_mem_reg[2][56][8]","input_mem_reg","FDRE","SLICE_X57Y79","SLICEL.HFF","SLICE_X57Y79","SLICEL","CLEL_R_X37Y79","213","166","","X2Y1",""
"u_dut/u_unified_p4_kernel/input_mem_reg[2][56][9]","input_mem_reg","FDRE","SLICE_X53Y78","SLICEM.AFF","SLICE_X53Y78","SLICEM","CLEM_X35Y78","202","167","","X1Y1",""
"u_dut/u_unified_p4_kernel/input_mem_reg[2][57][0]","input_mem_reg","FDRE","SLICE_X58Y76","SLICEM.HFF","SLICE_X58Y76","SLICEM","CLEM_X38Y76","216","169","","X2Y1",""
"u_dut/u_unified_p4_kernel/input_mem_reg[2][57][10]","input_mem_reg","FDRE","SLICE_X56Y79","SLICEM.FFF2","SLICE_X56Y79","SLICEM","CLEM_X37Y79","211","166","","X2Y1",""
"u_dut/u_unified_p4_kernel/input_mem_reg[2][57][11]","input_mem_reg","FDRE","SLICE_X56Y79","SLICEM.EFF2","SLICE_X56Y79","SLICEM","CLEM_X37Y79","211","166","","X2Y1",""
"u_dut/u_unified_p4_kernel/input_mem_reg[2][57][12]","input_mem_reg","FDRE","SLICE_X60Y79","SLICEL.HFF","SLICE_X60Y79","SLICEL","CLEL_R_X39Y79","222","166","","X2Y1",""
"u_dut/u_unified_p4_kernel/input_mem_reg[2][57][13]","input_mem_reg","FDRE","SLICE_X60Y79","SLICEL.GFF","SLICE_X60Y79","SLICEL","CLEL_R_X39Y79","222","166","","X2Y1",""
"u_dut/u_unified_p4_kernel/input_mem_reg[2][57][14]","input_mem_reg","FDRE","SLICE_X62Y78","SLICEM.HFF","SLICE_X62Y78","SLICEM","CLEM_X41Y78","229","167","","X2Y1",""
"u_dut/u_unified_p4_kernel/input_mem_reg[2][57][15]","input_mem_reg","FDRE","SLICE_X59Y73","SLICEL.HFF2","SLICE_X59Y73","SLICEL","CLEL_R_X38Y73","218","172","","X2Y1",""
"u_dut/u_unified_p4_kernel/input_mem_reg[2][57][1]","input_mem_reg","FDRE","SLICE_X61Y78","SLICEM.AFF","SLICE_X61Y78","SLICEM","CLEM_X40Y78","225","167","","X2Y1",""
"u_dut/u_unified_p4_kernel/input_mem_reg[2][57][2]","input_mem_reg","FDRE","SLICE_X60Y77","SLICEL.EFF2","SLICE_X60Y77","SLICEL","CLEL_R_X39Y77","222","168","","X2Y1",""
"u_dut/u_unified_p4_kernel/input_mem_reg[2][57][3]","input_mem_reg","FDRE","SLICE_X59Y73","SLICEL.GFF2","SLICE_X59Y73","SLICEL","CLEL_R_X38Y73","218","172","","X2Y1",""
"u_dut/u_unified_p4_kernel/input_mem_reg[2][57][4]","input_mem_reg","FDRE","SLICE_X58Y76","SLICEM.GFF","SLICE_X58Y76","SLICEM","CLEM_X38Y76","216","169","","X2Y1",""
"u_dut/u_unified_p4_kernel/input_mem_reg[2][57][5]","input_mem_reg","FDRE","SLICE_X63Y77","SLICEL.DFF","SLICE_X63Y77","SLICEL","CLEL_R_X41Y77","231","168","","X2Y1",""
"u_dut/u_unified_p4_kernel/input_mem_reg[2][57][6]","input_mem_reg","FDRE","SLICE_X58Y76","SLICEM.FFF","SLICE_X58Y76","SLICEM","CLEM_X38Y76","216","169","","X2Y1",""
"u_dut/u_unified_p4_kernel/input_mem_reg[2][57][7]","input_mem_reg","FDRE","SLICE_X61Y76","SLICEM.HFF","SLICE_X61Y76","SLICEM","CLEM_X40Y76","225","169","","X2Y1",""
"u_dut/u_unified_p4_kernel/input_mem_reg[2][57][8]","input_mem_reg","FDRE","SLICE_X58Y76","SLICEM.EFF","SLICE_X58Y76","SLICEM","CLEM_X38Y76","216","169","","X2Y1",""
"u_dut/u_unified_p4_kernel/input_mem_reg[2][57][9]","input_mem_reg","FDRE","SLICE_X61Y76","SLICEM.GFF","SLICE_X61Y76","SLICEM","CLEM_X40Y76","225","169","","X2Y1",""
"u_dut/u_unified_p4_kernel/input_mem_reg[2][58][0]","input_mem_reg","FDRE","SLICE_X59Y78","SLICEL.GFF2","SLICE_X59Y78","SLICEL","CLEL_R_X38Y78","218","167","","X2Y1",""
"u_dut/u_unified_p4_kernel/input_mem_reg[2][58][10]","input_mem_reg","FDRE","SLICE_X57Y79","SLICEL.GFF","SLICE_X57Y79","SLICEL","CLEL_R_X37Y79","213","166","","X2Y1",""
"u_dut/u_unified_p4_kernel/input_mem_reg[2][58][11]","input_mem_reg","FDRE","SLICE_X57Y79","SLICEL.FFF","SLICE_X57Y79","SLICEL","CLEL_R_X37Y79","213","166","","X2Y1",""
"u_dut/u_unified_p4_kernel/input_mem_reg[2][58][12]","input_mem_reg","FDRE","SLICE_X57Y81","SLICEL.HFF2","SLICE_X57Y81","SLICEL","CLEL_R_X37Y81","213","164","","X2Y1",""
"u_dut/u_unified_p4_kernel/input_mem_reg[2][58][13]","input_mem_reg","FDRE","SLICE_X55Y81","SLICEM.FFF","SLICE_X55Y81","SLICEM","CLEM_X36Y81","207","164","","X1Y1",""
"u_dut/u_unified_p4_kernel/input_mem_reg[2][58][14]","input_mem_reg","FDRE","SLICE_X54Y81","SLICEL.AFF","SLICE_X54Y81","SLICEL","CLEL_R_X35Y81","204","164","","X1Y1",""
"u_dut/u_unified_p4_kernel/input_mem_reg[2][58][15]","input_mem_reg","FDRE","SLICE_X60Y73","SLICEL.HFF2","SLICE_X60Y73","SLICEL","CLEL_R_X39Y73","222","172","","X2Y1",""
"u_dut/u_unified_p4_kernel/input_mem_reg[2][58][1]","input_mem_reg","FDRE","SLICE_X57Y73","SLICEL.AFF","SLICE_X57Y73","SLICEL","CLEL_R_X37Y73","213","172","","X2Y1",""
"u_dut/u_unified_p4_kernel/input_mem_reg[2][58][2]","input_mem_reg","FDRE","SLICE_X57Y81","SLICEL.GFF2","SLICE_X57Y81","SLICEL","CLEL_R_X37Y81","213","164","","X2Y1",""
"u_dut/u_unified_p4_kernel/input_mem_reg[2][58][3]","input_mem_reg","FDRE","SLICE_X58Y79","SLICEM.DFF2","SLICE_X58Y79","SLICEM","CLEM_X38Y79","216","166","","X2Y1",""
"u_dut/u_unified_p4_kernel/input_mem_reg[2][58][4]","input_mem_reg","FDRE","SLICE_X57Y79","SLICEL.EFF","SLICE_X57Y79","SLICEL","CLEL_R_X37Y79","213","166","","X2Y1",""
"u_dut/u_unified_p4_kernel/input_mem_reg[2][58][5]","input_mem_reg","FDRE","SLICE_X56Y82","SLICEM.DFF","SLICE_X56Y82","SLICEM","CLEM_X37Y82","211","163","","X2Y1",""
"u_dut/u_unified_p4_kernel/input_mem_reg[2][58][6]","input_mem_reg","FDRE","SLICE_X57Y73","SLICEL.AFF2","SLICE_X57Y73","SLICEL","CLEL_R_X37Y73","213","172","","X2Y1",""
"u_dut/u_unified_p4_kernel/input_mem_reg[2][58][7]","input_mem_reg","FDRE","SLICE_X57Y74","SLICEL.HFF","SLICE_X57Y74","SLICEL","CLEL_R_X37Y74","213","171","","X2Y1",""
"u_dut/u_unified_p4_kernel/input_mem_reg[2][58][8]","input_mem_reg","FDRE","SLICE_X57Y81","SLICEL.FFF2","SLICE_X57Y81","SLICEL","CLEL_R_X37Y81","213","164","","X2Y1",""
"u_dut/u_unified_p4_kernel/input_mem_reg[2][58][9]","input_mem_reg","FDRE","SLICE_X55Y81","SLICEM.EFF","SLICE_X55Y81","SLICEM","CLEM_X36Y81","207","164","","X1Y1",""
"u_dut/u_unified_p4_kernel/input_mem_reg[2][59][0]","input_mem_reg","FDRE","SLICE_X58Y74","SLICEM.HFF","SLICE_X58Y74","SLICEM","CLEM_X38Y74","216","171","","X2Y1",""
"u_dut/u_unified_p4_kernel/input_mem_reg[2][59][10]","input_mem_reg","FDRE","SLICE_X58Y75","SLICEM.HFF2","SLICE_X58Y75","SLICEM","CLEM_X38Y75","216","170","","X2Y1",""
"u_dut/u_unified_p4_kernel/input_mem_reg[2][59][11]","input_mem_reg","FDRE","SLICE_X58Y75","SLICEM.GFF2","SLICE_X58Y75","SLICEM","CLEM_X38Y75","216","170","","X2Y1",""
"u_dut/u_unified_p4_kernel/input_mem_reg[2][59][12]","input_mem_reg","FDRE","SLICE_X60Y80","SLICEL.HFF2","SLICE_X60Y80","SLICEL","CLEL_R_X39Y80","222","165","","X2Y1",""
"u_dut/u_unified_p4_kernel/input_mem_reg[2][59][13]","input_mem_reg","FDRE","SLICE_X62Y76","SLICEM.DFF","SLICE_X62Y76","SLICEM","CLEM_X41Y76","229","169","","X2Y1",""
"u_dut/u_unified_p4_kernel/input_mem_reg[2][59][14]","input_mem_reg","FDRE","SLICE_X58Y75","SLICEM.FFF2","SLICE_X58Y75","SLICEM","CLEM_X38Y75","216","170","","X2Y1",""
"u_dut/u_unified_p4_kernel/input_mem_reg[2][59][15]","input_mem_reg","FDRE","SLICE_X59Y78","SLICEL.FFF2","SLICE_X59Y78","SLICEL","CLEL_R_X38Y78","218","167","","X2Y1",""
"u_dut/u_unified_p4_kernel/input_mem_reg[2][59][1]","input_mem_reg","FDRE","SLICE_X62Y75","SLICEM.HFF","SLICE_X62Y75","SLICEM","CLEM_X41Y75","229","170","","X2Y1",""
"u_dut/u_unified_p4_kernel/input_mem_reg[2][59][2]","input_mem_reg","FDRE","SLICE_X62Y75","SLICEM.GFF","SLICE_X62Y75","SLICEM","CLEM_X41Y75","229","170","","X2Y1",""
"u_dut/u_unified_p4_kernel/input_mem_reg[2][59][3]","input_mem_reg","FDRE","SLICE_X59Y76","SLICEL.HFF2","SLICE_X59Y76","SLICEL","CLEL_R_X38Y76","218","169","","X2Y1",""
"u_dut/u_unified_p4_kernel/input_mem_reg[2][59][4]","input_mem_reg","FDRE","SLICE_X59Y76","SLICEL.GFF2","SLICE_X59Y76","SLICEL","CLEL_R_X38Y76","218","169","","X2Y1",""
"u_dut/u_unified_p4_kernel/input_mem_reg[2][59][5]","input_mem_reg","FDRE","SLICE_X59Y76","SLICEL.FFF2","SLICE_X59Y76","SLICEL","CLEL_R_X38Y76","218","169","","X2Y1",""
"u_dut/u_unified_p4_kernel/input_mem_reg[2][59][6]","input_mem_reg","FDRE","SLICE_X58Y75","SLICEM.EFF2","SLICE_X58Y75","SLICEM","CLEM_X38Y75","216","170","","X2Y1",""
"u_dut/u_unified_p4_kernel/input_mem_reg[2][59][7]","input_mem_reg","FDRE","SLICE_X59Y78","SLICEL.EFF2","SLICE_X59Y78","SLICEL","CLEL_R_X38Y78","218","167","","X2Y1",""
"u_dut/u_unified_p4_kernel/input_mem_reg[2][59][8]","input_mem_reg","FDRE","SLICE_X59Y76","SLICEL.EFF2","SLICE_X59Y76","SLICEL","CLEL_R_X38Y76","218","169","","X2Y1",""
"u_dut/u_unified_p4_kernel/input_mem_reg[2][59][9]","input_mem_reg","FDRE","SLICE_X61Y76","SLICEM.FFF","SLICE_X61Y76","SLICEM","CLEM_X40Y76","225","169","","X2Y1",""
"u_dut/u_unified_p4_kernel/input_mem_reg[2][5][0]","input_mem_reg","FDRE","SLICE_X76Y75","SLICEL.HFF2","SLICE_X76Y75","SLICEL","CLEL_R_X49Y75","264","170","","X2Y1",""
"u_dut/u_unified_p4_kernel/input_mem_reg[2][5][10]","input_mem_reg","FDRE","SLICE_X72Y76","SLICEL.HFF2","SLICE_X72Y76","SLICEL","CLEL_R_X46Y76","251","169","","X2Y1",""
"u_dut/u_unified_p4_kernel/input_mem_reg[2][5][11]","input_mem_reg","FDRE","SLICE_X76Y75","SLICEL.GFF2","SLICE_X76Y75","SLICEL","CLEL_R_X49Y75","264","170","","X2Y1",""
"u_dut/u_unified_p4_kernel/input_mem_reg[2][5][12]","input_mem_reg","FDRE","SLICE_X67Y75","SLICEM.HFF2","SLICE_X67Y75","SLICEM","CLEM_X44Y75","241","170","","X2Y1",""
"u_dut/u_unified_p4_kernel/input_mem_reg[2][5][13]","input_mem_reg","FDRE","SLICE_X78Y73","SLICEL.HFF","SLICE_X78Y73","SLICEL","CLEL_R_X50Y73","267","172","","X2Y1",""
"u_dut/u_unified_p4_kernel/input_mem_reg[2][5][14]","input_mem_reg","FDRE","SLICE_X73Y77","SLICEL.DFF","SLICE_X73Y77","SLICEL","CLEL_R_X47Y77","255","168","","X2Y1",""
"u_dut/u_unified_p4_kernel/input_mem_reg[2][5][15]","input_mem_reg","FDRE","SLICE_X70Y73","SLICEL.EFF","SLICE_X70Y73","SLICEL","CLEL_R_X45Y73","246","172","","X2Y1",""
"u_dut/u_unified_p4_kernel/input_mem_reg[2][5][1]","input_mem_reg","FDRE","SLICE_X76Y71","SLICEL.HFF2","SLICE_X76Y71","SLICEL","CLEL_R_X49Y71","264","174","","X2Y1",""
"u_dut/u_unified_p4_kernel/input_mem_reg[2][5][2]","input_mem_reg","FDRE","SLICE_X67Y75","SLICEM.GFF2","SLICE_X67Y75","SLICEM","CLEM_X44Y75","241","170","","X2Y1",""
"u_dut/u_unified_p4_kernel/input_mem_reg[2][5][3]","input_mem_reg","FDRE","SLICE_X73Y74","SLICEL.HFF2","SLICE_X73Y74","SLICEL","CLEL_R_X47Y74","255","171","","X2Y1",""
"u_dut/u_unified_p4_kernel/input_mem_reg[2][5][4]","input_mem_reg","FDRE","SLICE_X70Y73","SLICEL.EFF2","SLICE_X70Y73","SLICEL","CLEL_R_X45Y73","246","172","","X2Y1",""
"u_dut/u_unified_p4_kernel/input_mem_reg[2][5][5]","input_mem_reg","FDRE","SLICE_X76Y75","SLICEL.FFF2","SLICE_X76Y75","SLICEL","CLEL_R_X49Y75","264","170","","X2Y1",""
"u_dut/u_unified_p4_kernel/input_mem_reg[2][5][6]","input_mem_reg","FDRE","SLICE_X73Y77","SLICEL.CFF","SLICE_X73Y77","SLICEL","CLEL_R_X47Y77","255","168","","X2Y1",""
"u_dut/u_unified_p4_kernel/input_mem_reg[2][5][7]","input_mem_reg","FDRE","SLICE_X73Y76","SLICEL.DFF2","SLICE_X73Y76","SLICEL","CLEL_R_X47Y76","255","169","","X2Y1",""
"u_dut/u_unified_p4_kernel/input_mem_reg[2][5][8]","input_mem_reg","FDRE","SLICE_X73Y77","SLICEL.BFF","SLICE_X73Y77","SLICEL","CLEL_R_X47Y77","255","168","","X2Y1",""
"u_dut/u_unified_p4_kernel/input_mem_reg[2][5][9]","input_mem_reg","FDRE","SLICE_X76Y73","SLICEL.AFF","SLICE_X76Y73","SLICEL","CLEL_R_X49Y73","264","172","","X2Y1",""
"u_dut/u_unified_p4_kernel/input_mem_reg[2][60][0]","input_mem_reg","FDRE","SLICE_X84Y75","SLICEL.HFF","SLICE_X84Y75","SLICEL","CLEL_L_X55Y75","286","170","","X2Y1",""
"u_dut/u_unified_p4_kernel/input_mem_reg[2][60][10]","input_mem_reg","FDRE","SLICE_X79Y84","SLICEM.DFF","SLICE_X79Y84","SLICEM","CLEM_X51Y84","270","161","","X2Y1",""
"u_dut/u_unified_p4_kernel/input_mem_reg[2][60][11]","input_mem_reg","FDRE","SLICE_X79Y86","SLICEM.DFF","SLICE_X79Y86","SLICEM","CLEM_X51Y86","270","159","","X2Y1",""
"u_dut/u_unified_p4_kernel/input_mem_reg[2][60][12]","input_mem_reg","FDRE","SLICE_X79Y85","SLICEM.DFF2","SLICE_X79Y85","SLICEM","CLEM_X51Y85","270","160","","X2Y1",""
"u_dut/u_unified_p4_kernel/input_mem_reg[2][60][13]","input_mem_reg","FDRE","SLICE_X84Y74","SLICEL.DFF2","SLICE_X84Y74","SLICEL","CLEL_L_X55Y74","286","171","","X2Y1",""
"u_dut/u_unified_p4_kernel/input_mem_reg[2][60][14]","input_mem_reg","FDRE","SLICE_X79Y86","SLICEM.CFF","SLICE_X79Y86","SLICEM","CLEM_X51Y86","270","159","","X2Y1",""
"u_dut/u_unified_p4_kernel/input_mem_reg[2][60][15]","input_mem_reg","FDRE","SLICE_X79Y85","SLICEM.CFF2","SLICE_X79Y85","SLICEM","CLEM_X51Y85","270","160","","X2Y1",""
"u_dut/u_unified_p4_kernel/input_mem_reg[2][60][1]","input_mem_reg","FDRE","SLICE_X84Y73","SLICEL.AFF","SLICE_X84Y73","SLICEL","CLEL_L_X55Y73","286","172","","X2Y1",""
"u_dut/u_unified_p4_kernel/input_mem_reg[2][60][2]","input_mem_reg","FDRE","SLICE_X79Y85","SLICEM.BFF2","SLICE_X79Y85","SLICEM","CLEM_X51Y85","270","160","","X2Y1",""
"u_dut/u_unified_p4_kernel/input_mem_reg[2][60][3]","input_mem_reg","FDRE","SLICE_X79Y90","SLICEM.HFF2","SLICE_X79Y90","SLICEM","CLEM_X51Y90","270","154","","X2Y1",""
"u_dut/u_unified_p4_kernel/input_mem_reg[2][60][4]","input_mem_reg","FDRE","SLICE_X78Y89","SLICEL.DFF","SLICE_X78Y89","SLICEL","CLEL_R_X50Y89","267","156","","X2Y1",""
"u_dut/u_unified_p4_kernel/input_mem_reg[2][60][5]","input_mem_reg","FDRE","SLICE_X78Y89","SLICEL.CFF","SLICE_X78Y89","SLICEL","CLEL_R_X50Y89","267","156","","X2Y1",""
"u_dut/u_unified_p4_kernel/input_mem_reg[2][60][6]","input_mem_reg","FDRE","SLICE_X78Y89","SLICEL.BFF","SLICE_X78Y89","SLICEL","CLEL_R_X50Y89","267","156","","X2Y1",""
"u_dut/u_unified_p4_kernel/input_mem_reg[2][60][7]","input_mem_reg","FDRE","SLICE_X79Y75","SLICEM.HFF","SLICE_X79Y75","SLICEM","CLEM_X51Y75","270","170","","X2Y1",""
"u_dut/u_unified_p4_kernel/input_mem_reg[2][60][8]","input_mem_reg","FDRE","SLICE_X78Y88","SLICEL.HFF2","SLICE_X78Y88","SLICEL","CLEL_R_X50Y88","267","157","","X2Y1",""
"u_dut/u_unified_p4_kernel/input_mem_reg[2][60][9]","input_mem_reg","FDRE","SLICE_X79Y86","SLICEM.BFF","SLICE_X79Y86","SLICEM","CLEM_X51Y86","270","159","","X2Y1",""
"u_dut/u_unified_p4_kernel/input_mem_reg[2][61][0]","input_mem_reg","FDRE","SLICE_X84Y78","SLICEL.HFF2","SLICE_X84Y78","SLICEL","CLEL_L_X55Y78","286","167","","X2Y1",""
"u_dut/u_unified_p4_kernel/input_mem_reg[2][61][10]","input_mem_reg","FDRE","SLICE_X79Y90","SLICEM.GFF2","SLICE_X79Y90","SLICEM","CLEM_X51Y90","270","154","","X2Y1",""
"u_dut/u_unified_p4_kernel/input_mem_reg[2][61][11]","input_mem_reg","FDRE","SLICE_X83Y76","SLICEL.HFF","SLICE_X83Y76","SLICEL","CLEL_R_X54Y76","285","169","","X2Y1",""
"u_dut/u_unified_p4_kernel/input_mem_reg[2][61][12]","input_mem_reg","FDRE","SLICE_X83Y76","SLICEL.GFF","SLICE_X83Y76","SLICEL","CLEL_R_X54Y76","285","169","","X2Y1",""
"u_dut/u_unified_p4_kernel/input_mem_reg[2][61][13]","input_mem_reg","FDRE","SLICE_X83Y76","SLICEL.FFF","SLICE_X83Y76","SLICEL","CLEL_R_X54Y76","285","169","","X2Y1",""
"u_dut/u_unified_p4_kernel/input_mem_reg[2][61][14]","input_mem_reg","FDRE","SLICE_X79Y84","SLICEM.CFF","SLICE_X79Y84","SLICEM","CLEM_X51Y84","270","161","","X2Y1",""
"u_dut/u_unified_p4_kernel/input_mem_reg[2][61][15]","input_mem_reg","FDRE","SLICE_X79Y84","SLICEM.BFF","SLICE_X79Y84","SLICEM","CLEM_X51Y84","270","161","","X2Y1",""
"u_dut/u_unified_p4_kernel/input_mem_reg[2][61][1]","input_mem_reg","FDRE","SLICE_X79Y84","SLICEM.AFF","SLICE_X79Y84","SLICEM","CLEM_X51Y84","270","161","","X2Y1",""
"u_dut/u_unified_p4_kernel/input_mem_reg[2][61][2]","input_mem_reg","FDRE","SLICE_X78Y86","SLICEL.EFF","SLICE_X78Y86","SLICEL","CLEL_R_X50Y86","267","159","","X2Y1",""
"u_dut/u_unified_p4_kernel/input_mem_reg[2][61][3]","input_mem_reg","FDRE","SLICE_X79Y89","SLICEM.DFF2","SLICE_X79Y89","SLICEM","CLEM_X51Y89","270","156","","X2Y1",""
"u_dut/u_unified_p4_kernel/input_mem_reg[2][61][4]","input_mem_reg","FDRE","SLICE_X79Y86","SLICEM.AFF","SLICE_X79Y86","SLICEM","CLEM_X51Y86","270","159","","X2Y1",""
"u_dut/u_unified_p4_kernel/input_mem_reg[2][61][5]","input_mem_reg","FDRE","SLICE_X79Y85","SLICEM.AFF2","SLICE_X79Y85","SLICEM","CLEM_X51Y85","270","160","","X2Y1",""
"u_dut/u_unified_p4_kernel/input_mem_reg[2][61][6]","input_mem_reg","FDRE","SLICE_X79Y89","SLICEM.CFF2","SLICE_X79Y89","SLICEM","CLEM_X51Y89","270","156","","X2Y1",""
"u_dut/u_unified_p4_kernel/input_mem_reg[2][61][7]","input_mem_reg","FDRE","SLICE_X79Y89","SLICEM.BFF2","SLICE_X79Y89","SLICEM","CLEM_X51Y89","270","156","","X2Y1",""
"u_dut/u_unified_p4_kernel/input_mem_reg[2][61][8]","input_mem_reg","FDRE","SLICE_X78Y88","SLICEL.GFF2","SLICE_X78Y88","SLICEL","CLEL_R_X50Y88","267","157","","X2Y1",""
"u_dut/u_unified_p4_kernel/input_mem_reg[2][61][9]","input_mem_reg","FDRE","SLICE_X78Y88","SLICEL.FFF2","SLICE_X78Y88","SLICEL","CLEL_R_X50Y88","267","157","","X2Y1",""
"u_dut/u_unified_p4_kernel/input_mem_reg[2][62][0]","input_mem_reg","FDRE","SLICE_X77Y83","SLICEL.HFF","SLICE_X77Y83","SLICEL","CLEL_L_X50Y83","265","162","","X2Y1",""
"u_dut/u_unified_p4_kernel/input_mem_reg[2][62][10]","input_mem_reg","FDRE","SLICE_X79Y81","SLICEM.EFF","SLICE_X79Y81","SLICEM","CLEM_X51Y81","270","164","","X2Y1",""
"u_dut/u_unified_p4_kernel/input_mem_reg[2][62][11]","input_mem_reg","FDRE","SLICE_X78Y77","SLICEL.HFF","SLICE_X78Y77","SLICEL","CLEL_R_X50Y77","267","168","","X2Y1",""
"u_dut/u_unified_p4_kernel/input_mem_reg[2][62][12]","input_mem_reg","FDRE","SLICE_X77Y83","SLICEL.GFF","SLICE_X77Y83","SLICEL","CLEL_L_X50Y83","265","162","","X2Y1",""
"u_dut/u_unified_p4_kernel/input_mem_reg[2][62][13]","input_mem_reg","FDRE","SLICE_X78Y89","SLICEL.AFF","SLICE_X78Y89","SLICEL","CLEL_R_X50Y89","267","156","","X2Y1",""
"u_dut/u_unified_p4_kernel/input_mem_reg[2][62][14]","input_mem_reg","FDRE","SLICE_X80Y83","SLICEL.DFF","SLICE_X80Y83","SLICEL","CLEL_R_X52Y83","276","162","","X2Y1",""
"u_dut/u_unified_p4_kernel/input_mem_reg[2][62][15]","input_mem_reg","FDRE","SLICE_X78Y77","SLICEL.GFF","SLICE_X78Y77","SLICEL","CLEL_R_X50Y77","267","168","","X2Y1",""
"u_dut/u_unified_p4_kernel/input_mem_reg[2][62][1]","input_mem_reg","FDRE","SLICE_X78Y88","SLICEL.EFF2","SLICE_X78Y88","SLICEL","CLEL_R_X50Y88","267","157","","X2Y1",""
"u_dut/u_unified_p4_kernel/input_mem_reg[2][62][2]","input_mem_reg","FDRE","SLICE_X80Y76","SLICEL.HFF","SLICE_X80Y76","SLICEL","CLEL_R_X52Y76","276","169","","X2Y1",""
"u_dut/u_unified_p4_kernel/input_mem_reg[2][62][3]","input_mem_reg","FDRE","SLICE_X84Y78","SLICEL.GFF2","SLICE_X84Y78","SLICEL","CLEL_L_X55Y78","286","167","","X2Y1",""
"u_dut/u_unified_p4_kernel/input_mem_reg[2][62][4]","input_mem_reg","FDRE","SLICE_X84Y78","SLICEL.FFF2","SLICE_X84Y78","SLICEL","CLEL_L_X55Y78","286","167","","X2Y1",""
"u_dut/u_unified_p4_kernel/input_mem_reg[2][62][5]","input_mem_reg","FDRE","SLICE_X80Y76","SLICEL.GFF","SLICE_X80Y76","SLICEL","CLEL_R_X52Y76","276","169","","X2Y1",""
"u_dut/u_unified_p4_kernel/input_mem_reg[2][62][6]","input_mem_reg","FDRE","SLICE_X79Y89","SLICEM.AFF2","SLICE_X79Y89","SLICEM","CLEM_X51Y89","270","156","","X2Y1",""
"u_dut/u_unified_p4_kernel/input_mem_reg[2][62][7]","input_mem_reg","FDRE","SLICE_X79Y79","SLICEM.HFF","SLICE_X79Y79","SLICEM","CLEM_X51Y79","270","166","","X2Y1",""
"u_dut/u_unified_p4_kernel/input_mem_reg[2][62][8]","input_mem_reg","FDRE","SLICE_X84Y80","SLICEL.HFF2","SLICE_X84Y80","SLICEL","CLEL_L_X55Y80","286","165","","X2Y1",""
"u_dut/u_unified_p4_kernel/input_mem_reg[2][62][9]","input_mem_reg","FDRE","SLICE_X84Y80","SLICEL.GFF2","SLICE_X84Y80","SLICEL","CLEL_L_X55Y80","286","165","","X2Y1",""
"u_dut/u_unified_p4_kernel/input_mem_reg[2][6][0]","input_mem_reg","FDRE","SLICE_X76Y74","SLICEL.GFF","SLICE_X76Y74","SLICEL","CLEL_R_X49Y74","264","171","","X2Y1",""
"u_dut/u_unified_p4_kernel/input_mem_reg[2][6][10]","input_mem_reg","FDRE","SLICE_X75Y79","SLICEM.HFF","SLICE_X75Y79","SLICEM","CLEM_X49Y79","262","166","","X2Y1",""
"u_dut/u_unified_p4_kernel/input_mem_reg[2][6][11]","input_mem_reg","FDRE","SLICE_X77Y80","SLICEL.HFF","SLICE_X77Y80","SLICEL","CLEL_L_X50Y80","265","165","","X2Y1",""
"u_dut/u_unified_p4_kernel/input_mem_reg[2][6][12]","input_mem_reg","FDRE","SLICE_X74Y76","SLICEM.DFF2","SLICE_X74Y76","SLICEM","CLEM_X48Y76","258","169","","X2Y1",""
"u_dut/u_unified_p4_kernel/input_mem_reg[2][6][13]","input_mem_reg","FDRE","SLICE_X76Y74","SLICEL.FFF","SLICE_X76Y74","SLICEL","CLEL_R_X49Y74","264","171","","X2Y1",""
"u_dut/u_unified_p4_kernel/input_mem_reg[2][6][14]","input_mem_reg","FDRE","SLICE_X76Y77","SLICEL.GFF2","SLICE_X76Y77","SLICEL","CLEL_R_X49Y77","264","168","","X2Y1",""
"u_dut/u_unified_p4_kernel/input_mem_reg[2][6][15]","input_mem_reg","FDRE","SLICE_X75Y81","SLICEM.HFF2","SLICE_X75Y81","SLICEM","CLEM_X49Y81","262","164","","X2Y1",""
"u_dut/u_unified_p4_kernel/input_mem_reg[2][6][1]","input_mem_reg","FDRE","SLICE_X76Y74","SLICEL.EFF","SLICE_X76Y74","SLICEL","CLEL_R_X49Y74","264","171","","X2Y1",""
"u_dut/u_unified_p4_kernel/input_mem_reg[2][6][2]","input_mem_reg","FDRE","SLICE_X73Y77","SLICEL.AFF","SLICE_X73Y77","SLICEL","CLEL_R_X47Y77","255","168","","X2Y1",""
"u_dut/u_unified_p4_kernel/input_mem_reg[2][6][3]","input_mem_reg","FDRE","SLICE_X78Y74","SLICEL.GFF","SLICE_X78Y74","SLICEL","CLEL_R_X50Y74","267","171","","X2Y1",""
"u_dut/u_unified_p4_kernel/input_mem_reg[2][6][4]","input_mem_reg","FDRE","SLICE_X76Y77","SLICEL.FFF2","SLICE_X76Y77","SLICEL","CLEL_R_X49Y77","264","168","","X2Y1",""
"u_dut/u_unified_p4_kernel/input_mem_reg[2][6][5]","input_mem_reg","FDRE","SLICE_X78Y78","SLICEL.HFF","SLICE_X78Y78","SLICEL","CLEL_R_X50Y78","267","167","","X2Y1",""
"u_dut/u_unified_p4_kernel/input_mem_reg[2][6][6]","input_mem_reg","FDRE","SLICE_X75Y81","SLICEM.GFF2","SLICE_X75Y81","SLICEM","CLEM_X49Y81","262","164","","X2Y1",""
"u_dut/u_unified_p4_kernel/input_mem_reg[2][6][7]","input_mem_reg","FDRE","SLICE_X76Y77","SLICEL.EFF2","SLICE_X76Y77","SLICEL","CLEL_R_X49Y77","264","168","","X2Y1",""
"u_dut/u_unified_p4_kernel/input_mem_reg[2][6][8]","input_mem_reg","FDRE","SLICE_X78Y78","SLICEL.GFF","SLICE_X78Y78","SLICEL","CLEL_R_X50Y78","267","167","","X2Y1",""
"u_dut/u_unified_p4_kernel/input_mem_reg[2][6][9]","input_mem_reg","FDRE","SLICE_X78Y78","SLICEL.FFF","SLICE_X78Y78","SLICEL","CLEL_R_X50Y78","267","167","","X2Y1",""
"u_dut/u_unified_p4_kernel/input_mem_reg[2][7][0]","input_mem_reg","FDRE","SLICE_X68Y71","SLICEL.HFF","SLICE_X68Y71","SLICEL","CLEL_R_X44Y71","243","174","","X2Y1",""
"u_dut/u_unified_p4_kernel/input_mem_reg[2][7][10]","input_mem_reg","FDRE","SLICE_X67Y74","SLICEM.HFF","SLICE_X67Y74","SLICEM","CLEM_X44Y74","241","171","","X2Y1",""
"u_dut/u_unified_p4_kernel/input_mem_reg[2][7][11]","input_mem_reg","FDRE","SLICE_X69Y73","SLICEL.HFF2","SLICE_X69Y73","SLICEL","CLEL_L_X45Y73","244","172","","X2Y1",""
"u_dut/u_unified_p4_kernel/input_mem_reg[2][7][12]","input_mem_reg","FDRE","SLICE_X68Y75","SLICEL.HFF2","SLICE_X68Y75","SLICEL","CLEL_R_X44Y75","243","170","","X2Y1",""
"u_dut/u_unified_p4_kernel/input_mem_reg[2][7][13]","input_mem_reg","FDRE","SLICE_X67Y75","SLICEM.FFF2","SLICE_X67Y75","SLICEM","CLEM_X44Y75","241","170","","X2Y1",""
"u_dut/u_unified_p4_kernel/input_mem_reg[2][7][14]","input_mem_reg","FDRE","SLICE_X68Y75","SLICEL.GFF2","SLICE_X68Y75","SLICEL","CLEL_R_X44Y75","243","170","","X2Y1",""
"u_dut/u_unified_p4_kernel/input_mem_reg[2][7][15]","input_mem_reg","FDRE","SLICE_X70Y78","SLICEL.DFF","SLICE_X70Y78","SLICEL","CLEL_R_X45Y78","246","167","","X2Y1",""
"u_dut/u_unified_p4_kernel/input_mem_reg[2][7][1]","input_mem_reg","FDRE","SLICE_X68Y71","SLICEL.GFF","SLICE_X68Y71","SLICEL","CLEL_R_X44Y71","243","174","","X2Y1",""
"u_dut/u_unified_p4_kernel/input_mem_reg[2][7][2]","input_mem_reg","FDRE","SLICE_X68Y71","SLICEL.FFF","SLICE_X68Y71","SLICEL","CLEL_R_X44Y71","243","174","","X2Y1",""
"u_dut/u_unified_p4_kernel/input_mem_reg[2][7][3]","input_mem_reg","FDRE","SLICE_X69Y76","SLICEL.HFF2","SLICE_X69Y76","SLICEL","CLEL_L_X45Y76","244","169","","X2Y1",""
"u_dut/u_unified_p4_kernel/input_mem_reg[2][7][4]","input_mem_reg","FDRE","SLICE_X69Y73","SLICEL.GFF2","SLICE_X69Y73","SLICEL","CLEL_L_X45Y73","244","172","","X2Y1",""
"u_dut/u_unified_p4_kernel/input_mem_reg[2][7][5]","input_mem_reg","FDRE","SLICE_X67Y74","SLICEM.GFF","SLICE_X67Y74","SLICEM","CLEM_X44Y74","241","171","","X2Y1",""
"u_dut/u_unified_p4_kernel/input_mem_reg[2][7][6]","input_mem_reg","FDRE","SLICE_X68Y75","SLICEL.FFF2","SLICE_X68Y75","SLICEL","CLEL_R_X44Y75","243","170","","X2Y1",""
"u_dut/u_unified_p4_kernel/input_mem_reg[2][7][7]","input_mem_reg","FDRE","SLICE_X68Y75","SLICEL.EFF2","SLICE_X68Y75","SLICEL","CLEL_R_X44Y75","243","170","","X2Y1",""
"u_dut/u_unified_p4_kernel/input_mem_reg[2][7][8]","input_mem_reg","FDRE","SLICE_X67Y77","SLICEM.AFF","SLICE_X67Y77","SLICEM","CLEM_X44Y77","241","168","","X2Y1",""
"u_dut/u_unified_p4_kernel/input_mem_reg[2][7][9]","input_mem_reg","FDRE","SLICE_X68Y78","SLICEL.HFF","SLICE_X68Y78","SLICEL","CLEL_R_X44Y78","243","167","","X2Y1",""
"u_dut/u_unified_p4_kernel/input_mem_reg[2][8][0]","input_mem_reg","FDRE","SLICE_X86Y84","SLICEM.HFF2","SLICE_X86Y84","SLICEM","CLEM_X56Y84","291","161","","X2Y1",""
"u_dut/u_unified_p4_kernel/input_mem_reg[2][8][10]","input_mem_reg","FDRE","SLICE_X84Y82","SLICEL.HFF2","SLICE_X84Y82","SLICEL","CLEL_L_X55Y82","286","163","","X2Y1",""
"u_dut/u_unified_p4_kernel/input_mem_reg[2][8][11]","input_mem_reg","FDRE","SLICE_X84Y81","SLICEL.HFF2","SLICE_X84Y81","SLICEL","CLEL_L_X55Y81","286","164","","X2Y1",""
"u_dut/u_unified_p4_kernel/input_mem_reg[2][8][12]","input_mem_reg","FDRE","SLICE_X84Y81","SLICEL.GFF2","SLICE_X84Y81","SLICEL","CLEL_L_X55Y81","286","164","","X2Y1",""
"u_dut/u_unified_p4_kernel/input_mem_reg[2][8][13]","input_mem_reg","FDRE","SLICE_X86Y81","SLICEM.HFF","SLICE_X86Y81","SLICEM","CLEM_X56Y81","291","164","","X2Y1",""
"u_dut/u_unified_p4_kernel/input_mem_reg[2][8][14]","input_mem_reg","FDRE","SLICE_X84Y81","SLICEL.FFF2","SLICE_X84Y81","SLICEL","CLEL_L_X55Y81","286","164","","X2Y1",""
"u_dut/u_unified_p4_kernel/input_mem_reg[2][8][15]","input_mem_reg","FDRE","SLICE_X84Y82","SLICEL.GFF2","SLICE_X84Y82","SLICEL","CLEL_L_X55Y82","286","163","","X2Y1",""
"u_dut/u_unified_p4_kernel/input_mem_reg[2][8][1]","input_mem_reg","FDRE","SLICE_X86Y81","SLICEM.GFF","SLICE_X86Y81","SLICEM","CLEM_X56Y81","291","164","","X2Y1",""
"u_dut/u_unified_p4_kernel/input_mem_reg[2][8][2]","input_mem_reg","FDRE","SLICE_X85Y93","SLICEL.DFF2","SLICE_X85Y93","SLICEL","CLEL_R_X55Y93","288","151","","X2Y1",""
"u_dut/u_unified_p4_kernel/input_mem_reg[2][8][3]","input_mem_reg","FDRE","SLICE_X84Y82","SLICEL.FFF2","SLICE_X84Y82","SLICEL","CLEL_L_X55Y82","286","163","","X2Y1",""
"u_dut/u_unified_p4_kernel/input_mem_reg[2][8][4]","input_mem_reg","FDRE","SLICE_X85Y85","SLICEL.HFF2","SLICE_X85Y85","SLICEL","CLEL_R_X55Y85","288","160","","X2Y1",""
"u_dut/u_unified_p4_kernel/input_mem_reg[2][8][5]","input_mem_reg","FDRE","SLICE_X85Y93","SLICEL.CFF2","SLICE_X85Y93","SLICEL","CLEL_R_X55Y93","288","151","","X2Y1",""
"u_dut/u_unified_p4_kernel/input_mem_reg[2][8][6]","input_mem_reg","FDRE","SLICE_X85Y85","SLICEL.GFF2","SLICE_X85Y85","SLICEL","CLEL_R_X55Y85","288","160","","X2Y1",""
"u_dut/u_unified_p4_kernel/input_mem_reg[2][8][7]","input_mem_reg","FDRE","SLICE_X86Y81","SLICEM.FFF","SLICE_X86Y81","SLICEM","CLEM_X56Y81","291","164","","X2Y1",""
"u_dut/u_unified_p4_kernel/input_mem_reg[2][8][8]","input_mem_reg","FDRE","SLICE_X85Y85","SLICEL.FFF2","SLICE_X85Y85","SLICEL","CLEL_R_X55Y85","288","160","","X2Y1",""
"u_dut/u_unified_p4_kernel/input_mem_reg[2][8][9]","input_mem_reg","FDRE","SLICE_X85Y85","SLICEL.EFF2","SLICE_X85Y85","SLICEL","CLEL_R_X55Y85","288","160","","X2Y1",""
"u_dut/u_unified_p4_kernel/input_mem_reg[2][9][0]","input_mem_reg","FDRE","SLICE_X91Y83","SLICEL.GFF2","SLICE_X91Y83","SLICEL","CLEL_R_X59Y83","306","162","","X3Y1",""
"u_dut/u_unified_p4_kernel/input_mem_reg[2][9][10]","input_mem_reg","FDRE","SLICE_X93Y88","SLICEM.HFF2","SLICE_X93Y88","SLICEM","CLEM_X61Y88","313","157","","X3Y1",""
"u_dut/u_unified_p4_kernel/input_mem_reg[2][9][11]","input_mem_reg","FDRE","SLICE_X93Y88","SLICEM.GFF2","SLICE_X93Y88","SLICEM","CLEM_X61Y88","313","157","","X3Y1",""
"u_dut/u_unified_p4_kernel/input_mem_reg[2][9][12]","input_mem_reg","FDRE","SLICE_X85Y93","SLICEL.BFF2","SLICE_X85Y93","SLICEL","CLEL_R_X55Y93","288","151","","X2Y1",""
"u_dut/u_unified_p4_kernel/input_mem_reg[2][9][13]","input_mem_reg","FDRE","SLICE_X85Y90","SLICEL.EFF","SLICE_X85Y90","SLICEL","CLEL_R_X55Y90","288","154","","X2Y1",""
"u_dut/u_unified_p4_kernel/input_mem_reg[2][9][14]","input_mem_reg","FDRE","SLICE_X85Y93","SLICEL.AFF2","SLICE_X85Y93","SLICEL","CLEL_R_X55Y93","288","151","","X2Y1",""
"u_dut/u_unified_p4_kernel/input_mem_reg[2][9][15]","input_mem_reg","FDRE","SLICE_X93Y88","SLICEM.FFF2","SLICE_X93Y88","SLICEM","CLEM_X61Y88","313","157","","X3Y1",""
"u_dut/u_unified_p4_kernel/input_mem_reg[2][9][1]","input_mem_reg","FDRE","SLICE_X90Y81","SLICEM.DFF2","SLICE_X90Y81","SLICEM","CLEM_X59Y81","304","164","","X3Y1",""
"u_dut/u_unified_p4_kernel/input_mem_reg[2][9][2]","input_mem_reg","FDRE","SLICE_X93Y88","SLICEM.EFF2","SLICE_X93Y88","SLICEM","CLEM_X61Y88","313","157","","X3Y1",""
"u_dut/u_unified_p4_kernel/input_mem_reg[2][9][3]","input_mem_reg","FDRE","SLICE_X86Y91","SLICEM.EFF","SLICE_X86Y91","SLICEM","CLEM_X56Y91","291","153","","X2Y1",""
"u_dut/u_unified_p4_kernel/input_mem_reg[2][9][4]","input_mem_reg","FDRE","SLICE_X85Y90","SLICEL.EFF2","SLICE_X85Y90","SLICEL","CLEL_R_X55Y90","288","154","","X2Y1",""
"u_dut/u_unified_p4_kernel/input_mem_reg[2][9][5]","input_mem_reg","FDRE","SLICE_X90Y81","SLICEM.CFF2","SLICE_X90Y81","SLICEM","CLEM_X59Y81","304","164","","X3Y1",""
"u_dut/u_unified_p4_kernel/input_mem_reg[2][9][6]","input_mem_reg","FDRE","SLICE_X89Y89","SLICEM.HFF2","SLICE_X89Y89","SLICEM","CLEM_X58Y89","300","156","","X2Y1",""
"u_dut/u_unified_p4_kernel/input_mem_reg[2][9][7]","input_mem_reg","FDRE","SLICE_X89Y89","SLICEM.GFF2","SLICE_X89Y89","SLICEM","CLEM_X58Y89","300","156","","X2Y1",""
"u_dut/u_unified_p4_kernel/input_mem_reg[2][9][8]","input_mem_reg","FDRE","SLICE_X91Y83","SLICEL.FFF2","SLICE_X91Y83","SLICEL","CLEL_R_X59Y83","306","162","","X3Y1",""
"u_dut/u_unified_p4_kernel/input_mem_reg[2][9][9]","input_mem_reg","FDRE","SLICE_X91Y83","SLICEL.EFF2","SLICE_X91Y83","SLICEL","CLEL_R_X59Y83","306","162","","X3Y1",""
"u_dut/u_unified_p4_kernel/input_mem_reg[3][0][0]","input_mem_reg","FDRE","SLICE_X90Y80","SLICEM.HFF","SLICE_X90Y80","SLICEM","CLEM_X59Y80","304","165","","X3Y1",""
"u_dut/u_unified_p4_kernel/input_mem_reg[3][0][10]","input_mem_reg","FDRE","SLICE_X86Y83","SLICEM.AFF","SLICE_X86Y83","SLICEM","CLEM_X56Y83","291","162","","X2Y1",""
"u_dut/u_unified_p4_kernel/input_mem_reg[3][0][11]","input_mem_reg","FDRE","SLICE_X90Y80","SLICEM.GFF","SLICE_X90Y80","SLICEM","CLEM_X59Y80","304","165","","X3Y1",""
"u_dut/u_unified_p4_kernel/input_mem_reg[3][0][12]","input_mem_reg","FDRE","SLICE_X86Y83","SLICEM.AFF2","SLICE_X86Y83","SLICEM","CLEM_X56Y83","291","162","","X2Y1",""
"u_dut/u_unified_p4_kernel/input_mem_reg[3][0][13]","input_mem_reg","FDRE","SLICE_X84Y95","SLICEL.HFF","SLICE_X84Y95","SLICEL","CLEL_L_X55Y95","286","149","","X2Y1",""
"u_dut/u_unified_p4_kernel/input_mem_reg[3][0][14]","input_mem_reg","FDRE","SLICE_X88Y80","SLICEL.HFF","SLICE_X88Y80","SLICEL","CLEL_R_X57Y80","297","165","","X2Y1",""
"u_dut/u_unified_p4_kernel/input_mem_reg[3][0][15]","input_mem_reg","FDRE","SLICE_X90Y80","SLICEM.FFF","SLICE_X90Y80","SLICEM","CLEM_X59Y80","304","165","","X3Y1",""
"u_dut/u_unified_p4_kernel/input_mem_reg[3][0][1]","input_mem_reg","FDRE","SLICE_X86Y77","SLICEM.HFF","SLICE_X86Y77","SLICEM","CLEM_X56Y77","291","168","","X2Y1",""
"u_dut/u_unified_p4_kernel/input_mem_reg[3][0][2]","input_mem_reg","FDRE","SLICE_X90Y76","SLICEM.HFF","SLICE_X90Y76","SLICEM","CLEM_X59Y76","304","169","","X3Y1",""
"u_dut/u_unified_p4_kernel/input_mem_reg[3][0][3]","input_mem_reg","FDRE","SLICE_X84Y95","SLICEL.GFF","SLICE_X84Y95","SLICEL","CLEL_L_X55Y95","286","149","","X2Y1",""
"u_dut/u_unified_p4_kernel/input_mem_reg[3][0][4]","input_mem_reg","FDRE","SLICE_X84Y95","SLICEL.FFF","SLICE_X84Y95","SLICEL","CLEL_L_X55Y95","286","149","","X2Y1",""
"u_dut/u_unified_p4_kernel/input_mem_reg[3][0][5]","input_mem_reg","FDRE","SLICE_X86Y77","SLICEM.GFF","SLICE_X86Y77","SLICEM","CLEM_X56Y77","291","168","","X2Y1",""
"u_dut/u_unified_p4_kernel/input_mem_reg[3][0][6]","input_mem_reg","FDRE","SLICE_X84Y95","SLICEL.EFF","SLICE_X84Y95","SLICEL","CLEL_L_X55Y95","286","149","","X2Y1",""
"u_dut/u_unified_p4_kernel/input_mem_reg[3][0][7]","input_mem_reg","FDRE","SLICE_X84Y95","SLICEL.AFF","SLICE_X84Y95","SLICEL","CLEL_L_X55Y95","286","149","","X2Y1",""
"u_dut/u_unified_p4_kernel/input_mem_reg[3][0][8]","input_mem_reg","FDRE","SLICE_X90Y76","SLICEM.GFF","SLICE_X90Y76","SLICEM","CLEM_X59Y76","304","169","","X3Y1",""
"u_dut/u_unified_p4_kernel/input_mem_reg[3][0][9]","input_mem_reg","FDRE","SLICE_X86Y77","SLICEM.FFF","SLICE_X86Y77","SLICEM","CLEM_X56Y77","291","168","","X2Y1",""
"u_dut/u_unified_p4_kernel/input_mem_reg[3][10][0]","input_mem_reg","FDRE","SLICE_X94Y85","SLICEL.HFF","SLICE_X94Y85","SLICEL","CLEL_R_X61Y85","315","160","","X3Y1",""
"u_dut/u_unified_p4_kernel/input_mem_reg[3][10][10]","input_mem_reg","FDRE","SLICE_X92Y82","SLICEM.HFF2","SLICE_X92Y82","SLICEM","CLEM_X60Y82","309","163","","X3Y1",""
"u_dut/u_unified_p4_kernel/input_mem_reg[3][10][11]","input_mem_reg","FDRE","SLICE_X94Y84","SLICEL.HFF","SLICE_X94Y84","SLICEL","CLEL_R_X61Y84","315","161","","X3Y1",""
"u_dut/u_unified_p4_kernel/input_mem_reg[3][10][12]","input_mem_reg","FDRE","SLICE_X94Y84","SLICEL.GFF","SLICE_X94Y84","SLICEL","CLEL_R_X61Y84","315","161","","X3Y1",""
"u_dut/u_unified_p4_kernel/input_mem_reg[3][10][13]","input_mem_reg","FDRE","SLICE_X85Y87","SLICEL.EFF","SLICE_X85Y87","SLICEL","CLEL_R_X55Y87","288","158","","X2Y1",""
"u_dut/u_unified_p4_kernel/input_mem_reg[3][10][14]","input_mem_reg","FDRE","SLICE_X87Y85","SLICEL.HFF","SLICE_X87Y85","SLICEL","CLEL_R_X56Y85","293","160","","X2Y1",""
"u_dut/u_unified_p4_kernel/input_mem_reg[3][10][15]","input_mem_reg","FDRE","SLICE_X88Y85","SLICEL.DFF2","SLICE_X88Y85","SLICEL","CLEL_R_X57Y85","297","160","","X2Y1",""
"u_dut/u_unified_p4_kernel/input_mem_reg[3][10][1]","input_mem_reg","FDRE","SLICE_X88Y85","SLICEL.CFF2","SLICE_X88Y85","SLICEL","CLEL_R_X57Y85","297","160","","X2Y1",""
"u_dut/u_unified_p4_kernel/input_mem_reg[3][10][2]","input_mem_reg","FDRE","SLICE_X94Y84","SLICEL.FFF","SLICE_X94Y84","SLICEL","CLEL_R_X61Y84","315","161","","X3Y1",""
"u_dut/u_unified_p4_kernel/input_mem_reg[3][10][3]","input_mem_reg","FDRE","SLICE_X85Y93","SLICEL.HFF","SLICE_X85Y93","SLICEL","CLEL_R_X55Y93","288","151","","X2Y1",""
"u_dut/u_unified_p4_kernel/input_mem_reg[3][10][4]","input_mem_reg","FDRE","SLICE_X88Y82","SLICEL.HFF","SLICE_X88Y82","SLICEL","CLEL_R_X57Y82","297","163","","X2Y1",""
"u_dut/u_unified_p4_kernel/input_mem_reg[3][10][5]","input_mem_reg","FDRE","SLICE_X85Y91","SLICEL.DFF2","SLICE_X85Y91","SLICEL","CLEL_R_X55Y91","288","153","","X2Y1",""
"u_dut/u_unified_p4_kernel/input_mem_reg[3][10][6]","input_mem_reg","FDRE","SLICE_X88Y82","SLICEL.GFF","SLICE_X88Y82","SLICEL","CLEL_R_X57Y82","297","163","","X2Y1",""
"u_dut/u_unified_p4_kernel/input_mem_reg[3][10][7]","input_mem_reg","FDRE","SLICE_X93Y79","SLICEM.HFF2","SLICE_X93Y79","SLICEM","CLEM_X61Y79","313","166","","X3Y1",""
"u_dut/u_unified_p4_kernel/input_mem_reg[3][10][8]","input_mem_reg","FDRE","SLICE_X94Y84","SLICEL.EFF","SLICE_X94Y84","SLICEL","CLEL_R_X61Y84","315","161","","X3Y1",""
"u_dut/u_unified_p4_kernel/input_mem_reg[3][10][9]","input_mem_reg","FDRE","SLICE_X93Y79","SLICEM.GFF2","SLICE_X93Y79","SLICEM","CLEM_X61Y79","313","166","","X3Y1",""
"u_dut/u_unified_p4_kernel/input_mem_reg[3][11][0]","input_mem_reg","FDRE","SLICE_X89Y92","SLICEM.HFF2","SLICE_X89Y92","SLICEM","CLEM_X58Y92","300","152","","X2Y1",""
"u_dut/u_unified_p4_kernel/input_mem_reg[3][11][10]","input_mem_reg","FDRE","SLICE_X95Y93","SLICEM.DFF","SLICE_X95Y93","SLICEM","CLEM_X62Y93","318","151","","X3Y1",""
"u_dut/u_unified_p4_kernel/input_mem_reg[3][11][11]","input_mem_reg","FDRE","SLICE_X95Y93","SLICEM.CFF","SLICE_X95Y93","SLICEM","CLEM_X62Y93","318","151","","X3Y1",""
"u_dut/u_unified_p4_kernel/input_mem_reg[3][11][12]","input_mem_reg","FDRE","SLICE_X89Y92","SLICEM.GFF2","SLICE_X89Y92","SLICEM","CLEM_X58Y92","300","152","","X2Y1",""
"u_dut/u_unified_p4_kernel/input_mem_reg[3][11][13]","input_mem_reg","FDRE","SLICE_X85Y93","SLICEL.GFF","SLICE_X85Y93","SLICEL","CLEL_R_X55Y93","288","151","","X2Y1",""
"u_dut/u_unified_p4_kernel/input_mem_reg[3][11][14]","input_mem_reg","FDRE","SLICE_X87Y90","SLICEL.DFF2","SLICE_X87Y90","SLICEL","CLEL_R_X56Y90","293","154","","X2Y1",""
"u_dut/u_unified_p4_kernel/input_mem_reg[3][11][15]","input_mem_reg","FDRE","SLICE_X89Y92","SLICEM.FFF2","SLICE_X89Y92","SLICEM","CLEM_X58Y92","300","152","","X2Y1",""
"u_dut/u_unified_p4_kernel/input_mem_reg[3][11][1]","input_mem_reg","FDRE","SLICE_X86Y89","SLICEM.HFF","SLICE_X86Y89","SLICEM","CLEM_X56Y89","291","156","","X2Y1",""
"u_dut/u_unified_p4_kernel/input_mem_reg[3][11][2]","input_mem_reg","FDRE","SLICE_X86Y89","SLICEM.GFF","SLICE_X86Y89","SLICEM","CLEM_X56Y89","291","156","","X2Y1",""
"u_dut/u_unified_p4_kernel/input_mem_reg[3][11][3]","input_mem_reg","FDRE","SLICE_X86Y89","SLICEM.FFF","SLICE_X86Y89","SLICEM","CLEM_X56Y89","291","156","","X2Y1",""
"u_dut/u_unified_p4_kernel/input_mem_reg[3][11][4]","input_mem_reg","FDRE","SLICE_X87Y92","SLICEL.HFF","SLICE_X87Y92","SLICEL","CLEL_R_X56Y92","293","152","","X2Y1",""
"u_dut/u_unified_p4_kernel/input_mem_reg[3][11][5]","input_mem_reg","FDRE","SLICE_X86Y92","SLICEM.HFF2","SLICE_X86Y92","SLICEM","CLEM_X56Y92","291","152","","X2Y1",""
"u_dut/u_unified_p4_kernel/input_mem_reg[3][11][6]","input_mem_reg","FDRE","SLICE_X86Y89","SLICEM.EFF","SLICE_X86Y89","SLICEM","CLEM_X56Y89","291","156","","X2Y1",""
"u_dut/u_unified_p4_kernel/input_mem_reg[3][11][7]","input_mem_reg","FDRE","SLICE_X90Y81","SLICEM.HFF","SLICE_X90Y81","SLICEM","CLEM_X59Y81","304","164","","X3Y1",""
"u_dut/u_unified_p4_kernel/input_mem_reg[3][11][8]","input_mem_reg","FDRE","SLICE_X85Y91","SLICEL.CFF2","SLICE_X85Y91","SLICEL","CLEL_R_X55Y91","288","153","","X2Y1",""
"u_dut/u_unified_p4_kernel/input_mem_reg[3][11][9]","input_mem_reg","FDRE","SLICE_X87Y92","SLICEL.GFF","SLICE_X87Y92","SLICEL","CLEL_R_X56Y92","293","152","","X2Y1",""
"u_dut/u_unified_p4_kernel/input_mem_reg[3][12][0]","input_mem_reg","FDRE","SLICE_X92Y89","SLICEM.HFF2","SLICE_X92Y89","SLICEM","CLEM_X60Y89","309","156","","X3Y1",""
"u_dut/u_unified_p4_kernel/input_mem_reg[3][12][10]","input_mem_reg","FDRE","SLICE_X92Y89","SLICEM.GFF2","SLICE_X92Y89","SLICEM","CLEM_X60Y89","309","156","","X3Y1",""
"u_dut/u_unified_p4_kernel/input_mem_reg[3][12][11]","input_mem_reg","FDRE","SLICE_X90Y89","SLICEM.DFF2","SLICE_X90Y89","SLICEM","CLEM_X59Y89","304","156","","X3Y1",""
"u_dut/u_unified_p4_kernel/input_mem_reg[3][12][12]","input_mem_reg","FDRE","SLICE_X90Y89","SLICEM.CFF2","SLICE_X90Y89","SLICEM","CLEM_X59Y89","304","156","","X3Y1",""
"u_dut/u_unified_p4_kernel/input_mem_reg[3][12][13]","input_mem_reg","FDRE","SLICE_X91Y75","SLICEL.HFF","SLICE_X91Y75","SLICEL","CLEL_R_X59Y75","306","170","","X3Y1",""
"u_dut/u_unified_p4_kernel/input_mem_reg[3][12][14]","input_mem_reg","FDRE","SLICE_X90Y89","SLICEM.HFF2","SLICE_X90Y89","SLICEM","CLEM_X59Y89","304","156","","X3Y1",""
"u_dut/u_unified_p4_kernel/input_mem_reg[3][12][15]","input_mem_reg","FDRE","SLICE_X93Y78","SLICEM.HFF2","SLICE_X93Y78","SLICEM","CLEM_X61Y78","313","167","","X3Y1",""
"u_dut/u_unified_p4_kernel/input_mem_reg[3][12][1]","input_mem_reg","FDRE","SLICE_X90Y89","SLICEM.BFF2","SLICE_X90Y89","SLICEM","CLEM_X59Y89","304","156","","X3Y1",""
"u_dut/u_unified_p4_kernel/input_mem_reg[3][12][2]","input_mem_reg","FDRE","SLICE_X94Y78","SLICEL.HFF","SLICE_X94Y78","SLICEL","CLEL_R_X61Y78","315","167","","X3Y1",""
"u_dut/u_unified_p4_kernel/input_mem_reg[3][12][3]","input_mem_reg","FDRE","SLICE_X94Y78","SLICEL.GFF","SLICE_X94Y78","SLICEL","CLEL_R_X61Y78","315","167","","X3Y1",""
"u_dut/u_unified_p4_kernel/input_mem_reg[3][12][4]","input_mem_reg","FDRE","SLICE_X92Y76","SLICEM.HFF2","SLICE_X92Y76","SLICEM","CLEM_X60Y76","309","169","","X3Y1",""
"u_dut/u_unified_p4_kernel/input_mem_reg[3][12][5]","input_mem_reg","FDRE","SLICE_X90Y89","SLICEM.AFF2","SLICE_X90Y89","SLICEM","CLEM_X59Y89","304","156","","X3Y1",""
"u_dut/u_unified_p4_kernel/input_mem_reg[3][12][6]","input_mem_reg","FDRE","SLICE_X91Y75","SLICEL.GFF","SLICE_X91Y75","SLICEL","CLEL_R_X59Y75","306","170","","X3Y1",""
"u_dut/u_unified_p4_kernel/input_mem_reg[3][12][7]","input_mem_reg","FDRE","SLICE_X89Y87","SLICEM.HFF","SLICE_X89Y87","SLICEM","CLEM_X58Y87","300","158","","X2Y1",""
"u_dut/u_unified_p4_kernel/input_mem_reg[3][12][8]","input_mem_reg","FDRE","SLICE_X91Y75","SLICEL.FFF","SLICE_X91Y75","SLICEL","CLEL_R_X59Y75","306","170","","X3Y1",""
"u_dut/u_unified_p4_kernel/input_mem_reg[3][12][9]","input_mem_reg","FDRE","SLICE_X91Y75","SLICEL.EFF","SLICE_X91Y75","SLICEL","CLEL_R_X59Y75","306","170","","X3Y1",""
"u_dut/u_unified_p4_kernel/input_mem_reg[3][13][0]","input_mem_reg","FDRE","SLICE_X93Y83","SLICEM.DFF2","SLICE_X93Y83","SLICEM","CLEM_X61Y83","313","162","","X3Y1",""
"u_dut/u_unified_p4_kernel/input_mem_reg[3][13][10]","input_mem_reg","FDRE","SLICE_X94Y86","SLICEL.HFF","SLICE_X94Y86","SLICEL","CLEL_R_X61Y86","315","159","","X3Y1",""
"u_dut/u_unified_p4_kernel/input_mem_reg[3][13][11]","input_mem_reg","FDRE","SLICE_X95Y82","SLICEM.HFF","SLICE_X95Y82","SLICEM","CLEM_X62Y82","318","163","","X3Y1",""
"u_dut/u_unified_p4_kernel/input_mem_reg[3][13][12]","input_mem_reg","FDRE","SLICE_X96Y81","SLICEM.HFF2","SLICE_X96Y81","SLICEM","CLEM_X63Y81","322","164","","X3Y1",""
"u_dut/u_unified_p4_kernel/input_mem_reg[3][13][13]","input_mem_reg","FDRE","SLICE_X93Y75","SLICEM.AFF","SLICE_X93Y75","SLICEM","CLEM_X61Y75","313","170","","X3Y1",""
"u_dut/u_unified_p4_kernel/input_mem_reg[3][13][14]","input_mem_reg","FDRE","SLICE_X92Y88","SLICEM.DFF2","SLICE_X92Y88","SLICEM","CLEM_X60Y88","309","157","","X3Y1",""
"u_dut/u_unified_p4_kernel/input_mem_reg[3][13][15]","input_mem_reg","FDRE","SLICE_X89Y87","SLICEM.GFF","SLICE_X89Y87","SLICEM","CLEM_X58Y87","300","158","","X2Y1",""
"u_dut/u_unified_p4_kernel/input_mem_reg[3][13][1]","input_mem_reg","FDRE","SLICE_X97Y85","SLICEL.HFF2","SLICE_X97Y85","SLICEL","CLEL_R_X63Y85","324","160","","X3Y1",""
"u_dut/u_unified_p4_kernel/input_mem_reg[3][13][2]","input_mem_reg","FDRE","SLICE_X93Y75","SLICEM.AFF2","SLICE_X93Y75","SLICEM","CLEM_X61Y75","313","170","","X3Y1",""
"u_dut/u_unified_p4_kernel/input_mem_reg[3][13][3]","input_mem_reg","FDRE","SLICE_X93Y86","SLICEM.HFF","SLICE_X93Y86","SLICEM","CLEM_X61Y86","313","159","","X3Y1",""
"u_dut/u_unified_p4_kernel/input_mem_reg[3][13][4]","input_mem_reg","FDRE","SLICE_X92Y88","SLICEM.CFF2","SLICE_X92Y88","SLICEM","CLEM_X60Y88","309","157","","X3Y1",""
"u_dut/u_unified_p4_kernel/input_mem_reg[3][13][5]","input_mem_reg","FDRE","SLICE_X90Y75","SLICEM.HFF2","SLICE_X90Y75","SLICEM","CLEM_X59Y75","304","170","","X3Y1",""
"u_dut/u_unified_p4_kernel/input_mem_reg[3][13][6]","input_mem_reg","FDRE","SLICE_X94Y80","SLICEL.EFF","SLICE_X94Y80","SLICEL","CLEL_R_X61Y80","315","165","","X3Y1",""
"u_dut/u_unified_p4_kernel/input_mem_reg[3][13][7]","input_mem_reg","FDRE","SLICE_X95Y86","SLICEM.AFF","SLICE_X95Y86","SLICEM","CLEM_X62Y86","318","159","","X3Y1",""
"u_dut/u_unified_p4_kernel/input_mem_reg[3][13][8]","input_mem_reg","FDRE","SLICE_X92Y88","SLICEM.BFF2","SLICE_X92Y88","SLICEM","CLEM_X60Y88","309","157","","X3Y1",""
"u_dut/u_unified_p4_kernel/input_mem_reg[3][13][9]","input_mem_reg","FDRE","SLICE_X92Y89","SLICEM.FFF2","SLICE_X92Y89","SLICEM","CLEM_X60Y89","309","156","","X3Y1",""
"u_dut/u_unified_p4_kernel/input_mem_reg[3][14][0]","input_mem_reg","FDRE","SLICE_X91Y88","SLICEL.HFF2","SLICE_X91Y88","SLICEL","CLEL_R_X59Y88","306","157","","X3Y1",""
"u_dut/u_unified_p4_kernel/input_mem_reg[3][14][10]","input_mem_reg","FDRE","SLICE_X94Y77","SLICEL.HFF","SLICE_X94Y77","SLICEL","CLEL_R_X61Y77","315","168","","X3Y1",""
"u_dut/u_unified_p4_kernel/input_mem_reg[3][14][11]","input_mem_reg","FDRE","SLICE_X89Y87","SLICEM.FFF","SLICE_X89Y87","SLICEM","CLEM_X58Y87","300","158","","X2Y1",""
"u_dut/u_unified_p4_kernel/input_mem_reg[3][14][12]","input_mem_reg","FDRE","SLICE_X90Y89","SLICEM.GFF2","SLICE_X90Y89","SLICEM","CLEM_X59Y89","304","156","","X3Y1",""
"u_dut/u_unified_p4_kernel/input_mem_reg[3][14][13]","input_mem_reg","FDRE","SLICE_X91Y78","SLICEL.HFF","SLICE_X91Y78","SLICEL","CLEL_R_X59Y78","306","167","","X3Y1",""
"u_dut/u_unified_p4_kernel/input_mem_reg[3][14][14]","input_mem_reg","FDRE","SLICE_X91Y78","SLICEL.GFF","SLICE_X91Y78","SLICEL","CLEL_R_X59Y78","306","167","","X3Y1",""
"u_dut/u_unified_p4_kernel/input_mem_reg[3][14][15]","input_mem_reg","FDRE","SLICE_X91Y88","SLICEL.GFF2","SLICE_X91Y88","SLICEL","CLEL_R_X59Y88","306","157","","X3Y1",""
"u_dut/u_unified_p4_kernel/input_mem_reg[3][14][1]","input_mem_reg","FDRE","SLICE_X90Y89","SLICEM.FFF2","SLICE_X90Y89","SLICEM","CLEM_X59Y89","304","156","","X3Y1",""
"u_dut/u_unified_p4_kernel/input_mem_reg[3][14][2]","input_mem_reg","FDRE","SLICE_X92Y89","SLICEM.EFF2","SLICE_X92Y89","SLICEM","CLEM_X60Y89","309","156","","X3Y1",""
"u_dut/u_unified_p4_kernel/input_mem_reg[3][14][3]","input_mem_reg","FDRE","SLICE_X89Y87","SLICEM.EFF","SLICE_X89Y87","SLICEM","CLEM_X58Y87","300","158","","X2Y1",""
"u_dut/u_unified_p4_kernel/input_mem_reg[3][14][4]","input_mem_reg","FDRE","SLICE_X91Y78","SLICEL.FFF","SLICE_X91Y78","SLICEL","CLEL_R_X59Y78","306","167","","X3Y1",""
"u_dut/u_unified_p4_kernel/input_mem_reg[3][14][5]","input_mem_reg","FDRE","SLICE_X91Y88","SLICEL.FFF2","SLICE_X91Y88","SLICEL","CLEL_R_X59Y88","306","157","","X3Y1",""
"u_dut/u_unified_p4_kernel/input_mem_reg[3][14][6]","input_mem_reg","FDRE","SLICE_X95Y81","SLICEM.HFF2","SLICE_X95Y81","SLICEM","CLEM_X62Y81","318","164","","X3Y1",""
"u_dut/u_unified_p4_kernel/input_mem_reg[3][14][7]","input_mem_reg","FDRE","SLICE_X96Y84","SLICEM.HFF","SLICE_X96Y84","SLICEM","CLEM_X63Y84","322","161","","X3Y1",""
"u_dut/u_unified_p4_kernel/input_mem_reg[3][14][8]","input_mem_reg","FDRE","SLICE_X91Y88","SLICEL.EFF2","SLICE_X91Y88","SLICEL","CLEL_R_X59Y88","306","157","","X3Y1",""
"u_dut/u_unified_p4_kernel/input_mem_reg[3][14][9]","input_mem_reg","FDRE","SLICE_X90Y89","SLICEM.EFF2","SLICE_X90Y89","SLICEM","CLEM_X59Y89","304","156","","X3Y1",""
"u_dut/u_unified_p4_kernel/input_mem_reg[3][15][0]","input_mem_reg","FDRE","SLICE_X91Y73","SLICEL.HFF","SLICE_X91Y73","SLICEL","CLEL_R_X59Y73","306","172","","X3Y1",""
"u_dut/u_unified_p4_kernel/input_mem_reg[3][15][10]","input_mem_reg","FDRE","SLICE_X97Y86","SLICEL.HFF","SLICE_X97Y86","SLICEL","CLEL_R_X63Y86","324","159","","X3Y1",""
"u_dut/u_unified_p4_kernel/input_mem_reg[3][15][11]","input_mem_reg","FDRE","SLICE_X90Y74","SLICEM.HFF2","SLICE_X90Y74","SLICEM","CLEM_X59Y74","304","171","","X3Y1",""
"u_dut/u_unified_p4_kernel/input_mem_reg[3][15][12]","input_mem_reg","FDRE","SLICE_X91Y77","SLICEL.DFF2","SLICE_X91Y77","SLICEL","CLEL_R_X59Y77","306","168","","X3Y1",""
"u_dut/u_unified_p4_kernel/input_mem_reg[3][15][13]","input_mem_reg","FDRE","SLICE_X91Y73","SLICEL.GFF","SLICE_X91Y73","SLICEL","CLEL_R_X59Y73","306","172","","X3Y1",""
"u_dut/u_unified_p4_kernel/input_mem_reg[3][15][14]","input_mem_reg","FDRE","SLICE_X97Y85","SLICEL.GFF2","SLICE_X97Y85","SLICEL","CLEL_R_X63Y85","324","160","","X3Y1",""
"u_dut/u_unified_p4_kernel/input_mem_reg[3][15][15]","input_mem_reg","FDRE","SLICE_X92Y74","SLICEM.HFF","SLICE_X92Y74","SLICEM","CLEM_X60Y74","309","171","","X3Y1",""
"u_dut/u_unified_p4_kernel/input_mem_reg[3][15][1]","input_mem_reg","FDRE","SLICE_X97Y86","SLICEL.GFF","SLICE_X97Y86","SLICEL","CLEL_R_X63Y86","324","159","","X3Y1",""
"u_dut/u_unified_p4_kernel/input_mem_reg[3][15][2]","input_mem_reg","FDRE","SLICE_X90Y72","SLICEM.HFF2","SLICE_X90Y72","SLICEM","CLEM_X59Y72","304","173","","X3Y1",""
"u_dut/u_unified_p4_kernel/input_mem_reg[3][15][3]","input_mem_reg","FDRE","SLICE_X92Y88","SLICEM.HFF2","SLICE_X92Y88","SLICEM","CLEM_X60Y88","309","157","","X3Y1",""
"u_dut/u_unified_p4_kernel/input_mem_reg[3][15][4]","input_mem_reg","FDRE","SLICE_X91Y77","SLICEL.CFF2","SLICE_X91Y77","SLICEL","CLEL_R_X59Y77","306","168","","X3Y1",""
"u_dut/u_unified_p4_kernel/input_mem_reg[3][15][5]","input_mem_reg","FDRE","SLICE_X97Y85","SLICEL.FFF2","SLICE_X97Y85","SLICEL","CLEL_R_X63Y85","324","160","","X3Y1",""
"u_dut/u_unified_p4_kernel/input_mem_reg[3][15][6]","input_mem_reg","FDRE","SLICE_X97Y86","SLICEL.FFF","SLICE_X97Y86","SLICEL","CLEL_R_X63Y86","324","159","","X3Y1",""
"u_dut/u_unified_p4_kernel/input_mem_reg[3][15][7]","input_mem_reg","FDRE","SLICE_X91Y73","SLICEL.FFF","SLICE_X91Y73","SLICEL","CLEL_R_X59Y73","306","172","","X3Y1",""
"u_dut/u_unified_p4_kernel/input_mem_reg[3][15][8]","input_mem_reg","FDRE","SLICE_X97Y86","SLICEL.EFF","SLICE_X97Y86","SLICEL","CLEL_R_X63Y86","324","159","","X3Y1",""
"u_dut/u_unified_p4_kernel/input_mem_reg[3][15][9]","input_mem_reg","FDRE","SLICE_X92Y76","SLICEM.GFF2","SLICE_X92Y76","SLICEM","CLEM_X60Y76","309","169","","X3Y1",""
"u_dut/u_unified_p4_kernel/input_mem_reg[3][16][0]","input_mem_reg","FDRE","SLICE_X88Y99","SLICEL.HFF2","SLICE_X88Y99","SLICEL","CLEL_R_X57Y99","297","145","","X2Y1",""
"u_dut/u_unified_p4_kernel/input_mem_reg[3][16][10]","input_mem_reg","FDRE","SLICE_X95Y96","SLICEM.HFF2","SLICE_X95Y96","SLICEM","CLEM_X62Y96","318","148","","X3Y1",""
"u_dut/u_unified_p4_kernel/input_mem_reg[3][16][11]","input_mem_reg","FDRE","SLICE_X91Y96","SLICEL.HFF","SLICE_X91Y96","SLICEL","CLEL_R_X59Y96","306","148","","X3Y1",""
"u_dut/u_unified_p4_kernel/input_mem_reg[3][16][12]","input_mem_reg","FDRE","SLICE_X91Y103","SLICEL.HFF2","SLICE_X91Y103","SLICEL","CLEL_R_X59Y103","306","141","","X3Y1",""
"u_dut/u_unified_p4_kernel/input_mem_reg[3][16][13]","input_mem_reg","FDRE","SLICE_X96Y98","SLICEM.HFF","SLICE_X96Y98","SLICEM","CLEM_X63Y98","322","146","","X3Y1",""
"u_dut/u_unified_p4_kernel/input_mem_reg[3][16][14]","input_mem_reg","FDRE","SLICE_X88Y99","SLICEL.GFF2","SLICE_X88Y99","SLICEL","CLEL_R_X57Y99","297","145","","X2Y1",""
"u_dut/u_unified_p4_kernel/input_mem_reg[3][16][15]","input_mem_reg","FDRE","SLICE_X91Y103","SLICEL.GFF2","SLICE_X91Y103","SLICEL","CLEL_R_X59Y103","306","141","","X3Y1",""
"u_dut/u_unified_p4_kernel/input_mem_reg[3][16][1]","input_mem_reg","FDRE","SLICE_X89Y99","SLICEM.HFF2","SLICE_X89Y99","SLICEM","CLEM_X58Y99","300","145","","X2Y1",""
"u_dut/u_unified_p4_kernel/input_mem_reg[3][16][2]","input_mem_reg","FDRE","SLICE_X91Y86","SLICEL.HFF","SLICE_X91Y86","SLICEL","CLEL_R_X59Y86","306","159","","X3Y1",""
"u_dut/u_unified_p4_kernel/input_mem_reg[3][16][3]","input_mem_reg","FDRE","SLICE_X91Y96","SLICEL.GFF","SLICE_X91Y96","SLICEL","CLEL_R_X59Y96","306","148","","X3Y1",""
"u_dut/u_unified_p4_kernel/input_mem_reg[3][16][4]","input_mem_reg","FDRE","SLICE_X91Y86","SLICEL.GFF","SLICE_X91Y86","SLICEL","CLEL_R_X59Y86","306","159","","X3Y1",""
"u_dut/u_unified_p4_kernel/input_mem_reg[3][16][5]","input_mem_reg","FDRE","SLICE_X91Y86","SLICEL.FFF","SLICE_X91Y86","SLICEL","CLEL_R_X59Y86","306","159","","X3Y1",""
"u_dut/u_unified_p4_kernel/input_mem_reg[3][16][6]","input_mem_reg","FDRE","SLICE_X89Y99","SLICEM.GFF2","SLICE_X89Y99","SLICEM","CLEM_X58Y99","300","145","","X2Y1",""
"u_dut/u_unified_p4_kernel/input_mem_reg[3][16][7]","input_mem_reg","FDRE","SLICE_X91Y86","SLICEL.EFF","SLICE_X91Y86","SLICEL","CLEL_R_X59Y86","306","159","","X3Y1",""
"u_dut/u_unified_p4_kernel/input_mem_reg[3][16][8]","input_mem_reg","FDRE","SLICE_X91Y97","SLICEL.HFF","SLICE_X91Y97","SLICEL","CLEL_R_X59Y97","306","147","","X3Y1",""
"u_dut/u_unified_p4_kernel/input_mem_reg[3][16][9]","input_mem_reg","FDRE","SLICE_X91Y96","SLICEL.FFF","SLICE_X91Y96","SLICEL","CLEL_R_X59Y96","306","148","","X3Y1",""
"u_dut/u_unified_p4_kernel/input_mem_reg[3][17][0]","input_mem_reg","FDRE","SLICE_X88Y99","SLICEL.FFF2","SLICE_X88Y99","SLICEL","CLEL_R_X57Y99","297","145","","X2Y1",""
"u_dut/u_unified_p4_kernel/input_mem_reg[3][17][10]","input_mem_reg","FDRE","SLICE_X89Y99","SLICEM.FFF2","SLICE_X89Y99","SLICEM","CLEM_X58Y99","300","145","","X2Y1",""
"u_dut/u_unified_p4_kernel/input_mem_reg[3][17][11]","input_mem_reg","FDRE","SLICE_X95Y96","SLICEM.GFF2","SLICE_X95Y96","SLICEM","CLEM_X62Y96","318","148","","X3Y1",""
"u_dut/u_unified_p4_kernel/input_mem_reg[3][17][12]","input_mem_reg","FDRE","SLICE_X89Y90","SLICEM.HFF","SLICE_X89Y90","SLICEM","CLEM_X58Y90","300","154","","X2Y1",""
"u_dut/u_unified_p4_kernel/input_mem_reg[3][17][13]","input_mem_reg","FDRE","SLICE_X89Y87","SLICEM.DFF","SLICE_X89Y87","SLICEM","CLEM_X58Y87","300","158","","X2Y1",""
"u_dut/u_unified_p4_kernel/input_mem_reg[3][17][14]","input_mem_reg","FDRE","SLICE_X91Y97","SLICEL.GFF","SLICE_X91Y97","SLICEL","CLEL_R_X59Y97","306","147","","X3Y1",""
"u_dut/u_unified_p4_kernel/input_mem_reg[3][17][15]","input_mem_reg","FDRE","SLICE_X95Y96","SLICEM.FFF2","SLICE_X95Y96","SLICEM","CLEM_X62Y96","318","148","","X3Y1",""
"u_dut/u_unified_p4_kernel/input_mem_reg[3][17][1]","input_mem_reg","FDRE","SLICE_X92Y94","SLICEM.HFF","SLICE_X92Y94","SLICEM","CLEM_X60Y94","309","150","","X3Y1",""
"u_dut/u_unified_p4_kernel/input_mem_reg[3][17][2]","input_mem_reg","FDRE","SLICE_X91Y97","SLICEL.FFF","SLICE_X91Y97","SLICEL","CLEL_R_X59Y97","306","147","","X3Y1",""
"u_dut/u_unified_p4_kernel/input_mem_reg[3][17][3]","input_mem_reg","FDRE","SLICE_X91Y95","SLICEL.HFF","SLICE_X91Y95","SLICEL","CLEL_R_X59Y95","306","149","","X3Y1",""
"u_dut/u_unified_p4_kernel/input_mem_reg[3][17][4]","input_mem_reg","FDRE","SLICE_X91Y96","SLICEL.EFF","SLICE_X91Y96","SLICEL","CLEL_R_X59Y96","306","148","","X3Y1",""
"u_dut/u_unified_p4_kernel/input_mem_reg[3][17][5]","input_mem_reg","FDRE","SLICE_X88Y99","SLICEL.EFF2","SLICE_X88Y99","SLICEL","CLEL_R_X57Y99","297","145","","X2Y1",""
"u_dut/u_unified_p4_kernel/input_mem_reg[3][17][6]","input_mem_reg","FDRE","SLICE_X90Y94","SLICEM.HFF2","SLICE_X90Y94","SLICEM","CLEM_X59Y94","304","150","","X3Y1",""
"u_dut/u_unified_p4_kernel/input_mem_reg[3][17][7]","input_mem_reg","FDRE","SLICE_X91Y84","SLICEL.HFF","SLICE_X91Y84","SLICEL","CLEL_R_X59Y84","306","161","","X3Y1",""
"u_dut/u_unified_p4_kernel/input_mem_reg[3][17][8]","input_mem_reg","FDRE","SLICE_X91Y97","SLICEL.EFF","SLICE_X91Y97","SLICEL","CLEL_R_X59Y97","306","147","","X3Y1",""
"u_dut/u_unified_p4_kernel/input_mem_reg[3][17][9]","input_mem_reg","FDRE","SLICE_X95Y96","SLICEM.EFF2","SLICE_X95Y96","SLICEM","CLEM_X62Y96","318","148","","X3Y1",""
"u_dut/u_unified_p4_kernel/input_mem_reg[3][18][0]","input_mem_reg","FDRE","SLICE_X90Y94","SLICEM.GFF2","SLICE_X90Y94","SLICEM","CLEM_X59Y94","304","150","","X3Y1",""
"u_dut/u_unified_p4_kernel/input_mem_reg[3][18][10]","input_mem_reg","FDRE","SLICE_X89Y93","SLICEM.HFF2","SLICE_X89Y93","SLICEM","CLEM_X58Y93","300","151","","X2Y1",""
"u_dut/u_unified_p4_kernel/input_mem_reg[3][18][11]","input_mem_reg","FDRE","SLICE_X96Y99","SLICEM.HFF","SLICE_X96Y99","SLICEM","CLEM_X63Y99","322","145","","X3Y1",""
"u_dut/u_unified_p4_kernel/input_mem_reg[3][18][12]","input_mem_reg","FDRE","SLICE_X93Y98","SLICEM.HFF2","SLICE_X93Y98","SLICEM","CLEM_X61Y98","313","146","","X3Y1",""
"u_dut/u_unified_p4_kernel/input_mem_reg[3][18][13]","input_mem_reg","FDRE","SLICE_X96Y99","SLICEM.GFF","SLICE_X96Y99","SLICEM","CLEM_X63Y99","322","145","","X3Y1",""
"u_dut/u_unified_p4_kernel/input_mem_reg[3][18][14]","input_mem_reg","FDRE","SLICE_X96Y99","SLICEM.FFF","SLICE_X96Y99","SLICEM","CLEM_X63Y99","322","145","","X3Y1",""
"u_dut/u_unified_p4_kernel/input_mem_reg[3][18][15]","input_mem_reg","FDRE","SLICE_X95Y99","SLICEM.HFF","SLICE_X95Y99","SLICEM","CLEM_X62Y99","318","145","","X3Y1",""
"u_dut/u_unified_p4_kernel/input_mem_reg[3][18][1]","input_mem_reg","FDRE","SLICE_X91Y95","SLICEL.GFF","SLICE_X91Y95","SLICEL","CLEL_R_X59Y95","306","149","","X3Y1",""
"u_dut/u_unified_p4_kernel/input_mem_reg[3][18][2]","input_mem_reg","FDRE","SLICE_X90Y94","SLICEM.FFF2","SLICE_X90Y94","SLICEM","CLEM_X59Y94","304","150","","X3Y1",""
"u_dut/u_unified_p4_kernel/input_mem_reg[3][18][3]","input_mem_reg","FDRE","SLICE_X91Y95","SLICEL.FFF","SLICE_X91Y95","SLICEL","CLEL_R_X59Y95","306","149","","X3Y1",""
"u_dut/u_unified_p4_kernel/input_mem_reg[3][18][4]","input_mem_reg","FDRE","SLICE_X91Y95","SLICEL.EFF","SLICE_X91Y95","SLICEL","CLEL_R_X59Y95","306","149","","X3Y1",""
"u_dut/u_unified_p4_kernel/input_mem_reg[3][18][5]","input_mem_reg","FDRE","SLICE_X88Y99","SLICEL.DFF2","SLICE_X88Y99","SLICEL","CLEL_R_X57Y99","297","145","","X2Y1",""
"u_dut/u_unified_p4_kernel/input_mem_reg[3][18][6]","input_mem_reg","FDRE","SLICE_X96Y99","SLICEM.EFF","SLICE_X96Y99","SLICEM","CLEM_X63Y99","322","145","","X3Y1",""
"u_dut/u_unified_p4_kernel/input_mem_reg[3][18][7]","input_mem_reg","FDRE","SLICE_X90Y94","SLICEM.EFF2","SLICE_X90Y94","SLICEM","CLEM_X59Y94","304","150","","X3Y1",""
"u_dut/u_unified_p4_kernel/input_mem_reg[3][18][8]","input_mem_reg","FDRE","SLICE_X93Y98","SLICEM.GFF2","SLICE_X93Y98","SLICEM","CLEM_X61Y98","313","146","","X3Y1",""
"u_dut/u_unified_p4_kernel/input_mem_reg[3][18][9]","input_mem_reg","FDRE","SLICE_X96Y96","SLICEM.HFF","SLICE_X96Y96","SLICEM","CLEM_X63Y96","322","148","","X3Y1",""
"u_dut/u_unified_p4_kernel/input_mem_reg[3][19][0]","input_mem_reg","FDRE","SLICE_X97Y93","SLICEL.HFF","SLICE_X97Y93","SLICEL","CLEL_R_X63Y93","324","151","","X3Y1",""
"u_dut/u_unified_p4_kernel/input_mem_reg[3][19][10]","input_mem_reg","FDRE","SLICE_X94Y94","SLICEL.DFF2","SLICE_X94Y94","SLICEL","CLEL_R_X61Y94","315","150","","X3Y1",""
"u_dut/u_unified_p4_kernel/input_mem_reg[3][19][11]","input_mem_reg","FDRE","SLICE_X89Y98","SLICEM.DFF","SLICE_X89Y98","SLICEM","CLEM_X58Y98","300","146","","X2Y1",""
"u_dut/u_unified_p4_kernel/input_mem_reg[3][19][12]","input_mem_reg","FDRE","SLICE_X93Y95","SLICEM.HFF","SLICE_X93Y95","SLICEM","CLEM_X61Y95","313","149","","X3Y1",""
"u_dut/u_unified_p4_kernel/input_mem_reg[3][19][13]","input_mem_reg","FDRE","SLICE_X96Y96","SLICEM.GFF","SLICE_X96Y96","SLICEM","CLEM_X63Y96","322","148","","X3Y1",""
"u_dut/u_unified_p4_kernel/input_mem_reg[3][19][14]","input_mem_reg","FDRE","SLICE_X89Y99","SLICEM.EFF2","SLICE_X89Y99","SLICEM","CLEM_X58Y99","300","145","","X2Y1",""
"u_dut/u_unified_p4_kernel/input_mem_reg[3][19][15]","input_mem_reg","FDRE","SLICE_X97Y93","SLICEL.GFF","SLICE_X97Y93","SLICEL","CLEL_R_X63Y93","324","151","","X3Y1",""
"u_dut/u_unified_p4_kernel/input_mem_reg[3][19][1]","input_mem_reg","FDRE","SLICE_X97Y93","SLICEL.FFF","SLICE_X97Y93","SLICEL","CLEL_R_X63Y93","324","151","","X3Y1",""
"u_dut/u_unified_p4_kernel/input_mem_reg[3][19][2]","input_mem_reg","FDRE","SLICE_X98Y95","SLICEM.HFF","SLICE_X98Y95","SLICEM","CLEM_X64Y95","327","149","","X3Y1",""
"u_dut/u_unified_p4_kernel/input_mem_reg[3][19][3]","input_mem_reg","FDRE","SLICE_X89Y98","SLICEM.CFF","SLICE_X89Y98","SLICEM","CLEM_X58Y98","300","146","","X2Y1",""
"u_dut/u_unified_p4_kernel/input_mem_reg[3][19][4]","input_mem_reg","FDRE","SLICE_X93Y98","SLICEM.FFF2","SLICE_X93Y98","SLICEM","CLEM_X61Y98","313","146","","X3Y1",""
"u_dut/u_unified_p4_kernel/input_mem_reg[3][19][5]","input_mem_reg","FDRE","SLICE_X93Y95","SLICEM.GFF","SLICE_X93Y95","SLICEM","CLEM_X61Y95","313","149","","X3Y1",""
"u_dut/u_unified_p4_kernel/input_mem_reg[3][19][6]","input_mem_reg","FDRE","SLICE_X89Y98","SLICEM.BFF","SLICE_X89Y98","SLICEM","CLEM_X58Y98","300","146","","X2Y1",""
"u_dut/u_unified_p4_kernel/input_mem_reg[3][19][7]","input_mem_reg","FDRE","SLICE_X89Y98","SLICEM.AFF","SLICE_X89Y98","SLICEM","CLEM_X58Y98","300","146","","X2Y1",""
"u_dut/u_unified_p4_kernel/input_mem_reg[3][19][8]","input_mem_reg","FDRE","SLICE_X98Y95","SLICEM.GFF","SLICE_X98Y95","SLICEM","CLEM_X64Y95","327","149","","X3Y1",""
"u_dut/u_unified_p4_kernel/input_mem_reg[3][19][9]","input_mem_reg","FDRE","SLICE_X98Y93","SLICEM.HFF","SLICE_X98Y93","SLICEM","CLEM_X64Y93","327","151","","X3Y1",""
"u_dut/u_unified_p4_kernel/input_mem_reg[3][1][0]","input_mem_reg","FDRE","SLICE_X86Y77","SLICEM.EFF","SLICE_X86Y77","SLICEM","CLEM_X56Y77","291","168","","X2Y1",""
"u_dut/u_unified_p4_kernel/input_mem_reg[3][1][10]","input_mem_reg","FDRE","SLICE_X91Y91","SLICEL.DFF2","SLICE_X91Y91","SLICEL","CLEL_R_X59Y91","306","153","","X3Y1",""
"u_dut/u_unified_p4_kernel/input_mem_reg[3][1][11]","input_mem_reg","FDRE","SLICE_X85Y77","SLICEL.HFF2","SLICE_X85Y77","SLICEL","CLEL_R_X55Y77","288","168","","X2Y1",""
"u_dut/u_unified_p4_kernel/input_mem_reg[3][1][12]","input_mem_reg","FDRE","SLICE_X94Y90","SLICEL.HFF2","SLICE_X94Y90","SLICEL","CLEL_R_X61Y90","315","154","","X3Y1",""
"u_dut/u_unified_p4_kernel/input_mem_reg[3][1][13]","input_mem_reg","FDRE","SLICE_X89Y94","SLICEM.HFF","SLICE_X89Y94","SLICEM","CLEM_X58Y94","300","150","","X2Y1",""
"u_dut/u_unified_p4_kernel/input_mem_reg[3][1][14]","input_mem_reg","FDRE","SLICE_X87Y79","SLICEL.HFF","SLICE_X87Y79","SLICEL","CLEL_R_X56Y79","293","166","","X2Y1",""
"u_dut/u_unified_p4_kernel/input_mem_reg[3][1][15]","input_mem_reg","FDRE","SLICE_X86Y87","SLICEM.HFF","SLICE_X86Y87","SLICEM","CLEM_X56Y87","291","158","","X2Y1",""
"u_dut/u_unified_p4_kernel/input_mem_reg[3][1][1]","input_mem_reg","FDRE","SLICE_X86Y87","SLICEM.GFF","SLICE_X86Y87","SLICEM","CLEM_X56Y87","291","158","","X2Y1",""
"u_dut/u_unified_p4_kernel/input_mem_reg[3][1][2]","input_mem_reg","FDRE","SLICE_X85Y77","SLICEL.GFF2","SLICE_X85Y77","SLICEL","CLEL_R_X55Y77","288","168","","X2Y1",""
"u_dut/u_unified_p4_kernel/input_mem_reg[3][1][3]","input_mem_reg","FDRE","SLICE_X85Y77","SLICEL.FFF2","SLICE_X85Y77","SLICEL","CLEL_R_X55Y77","288","168","","X2Y1",""
"u_dut/u_unified_p4_kernel/input_mem_reg[3][1][4]","input_mem_reg","FDRE","SLICE_X94Y90","SLICEL.GFF2","SLICE_X94Y90","SLICEL","CLEL_R_X61Y90","315","154","","X3Y1",""
"u_dut/u_unified_p4_kernel/input_mem_reg[3][1][5]","input_mem_reg","FDRE","SLICE_X87Y79","SLICEL.GFF","SLICE_X87Y79","SLICEL","CLEL_R_X56Y79","293","166","","X2Y1",""
"u_dut/u_unified_p4_kernel/input_mem_reg[3][1][6]","input_mem_reg","FDRE","SLICE_X87Y79","SLICEL.FFF","SLICE_X87Y79","SLICEL","CLEL_R_X56Y79","293","166","","X2Y1",""
"u_dut/u_unified_p4_kernel/input_mem_reg[3][1][7]","input_mem_reg","FDRE","SLICE_X85Y78","SLICEL.HFF","SLICE_X85Y78","SLICEL","CLEL_R_X55Y78","288","167","","X2Y1",""
"u_dut/u_unified_p4_kernel/input_mem_reg[3][1][8]","input_mem_reg","FDRE","SLICE_X85Y78","SLICEL.GFF","SLICE_X85Y78","SLICEL","CLEL_R_X55Y78","288","167","","X2Y1",""
"u_dut/u_unified_p4_kernel/input_mem_reg[3][1][9]","input_mem_reg","FDRE","SLICE_X85Y79","SLICEL.HFF","SLICE_X85Y79","SLICEL","CLEL_R_X55Y79","288","166","","X2Y1",""
"u_dut/u_unified_p4_kernel/input_mem_reg[3][20][0]","input_mem_reg","FDRE","SLICE_X94Y97","SLICEL.HFF2","SLICE_X94Y97","SLICEL","CLEL_R_X61Y97","315","147","","X3Y1",""
"u_dut/u_unified_p4_kernel/input_mem_reg[3][20][10]","input_mem_reg","FDRE","SLICE_X94Y95","SLICEL.HFF","SLICE_X94Y95","SLICEL","CLEL_R_X61Y95","315","149","","X3Y1",""
"u_dut/u_unified_p4_kernel/input_mem_reg[3][20][11]","input_mem_reg","FDRE","SLICE_X90Y85","SLICEM.DFF2","SLICE_X90Y85","SLICEM","CLEM_X59Y85","304","160","","X3Y1",""
"u_dut/u_unified_p4_kernel/input_mem_reg[3][20][12]","input_mem_reg","FDRE","SLICE_X94Y81","SLICEL.HFF","SLICE_X94Y81","SLICEL","CLEL_R_X61Y81","315","164","","X3Y1",""
"u_dut/u_unified_p4_kernel/input_mem_reg[3][20][13]","input_mem_reg","FDRE","SLICE_X96Y92","SLICEM.HFF","SLICE_X96Y92","SLICEM","CLEM_X63Y92","322","152","","X3Y1",""
"u_dut/u_unified_p4_kernel/input_mem_reg[3][20][14]","input_mem_reg","FDRE","SLICE_X95Y89","SLICEM.HFF2","SLICE_X95Y89","SLICEM","CLEM_X62Y89","318","156","","X3Y1",""
"u_dut/u_unified_p4_kernel/input_mem_reg[3][20][15]","input_mem_reg","FDRE","SLICE_X90Y85","SLICEM.CFF2","SLICE_X90Y85","SLICEM","CLEM_X59Y85","304","160","","X3Y1",""
"u_dut/u_unified_p4_kernel/input_mem_reg[3][20][1]","input_mem_reg","FDRE","SLICE_X96Y92","SLICEM.GFF","SLICE_X96Y92","SLICEM","CLEM_X63Y92","322","152","","X3Y1",""
"u_dut/u_unified_p4_kernel/input_mem_reg[3][20][2]","input_mem_reg","FDRE","SLICE_X96Y92","SLICEM.FFF","SLICE_X96Y92","SLICEM","CLEM_X63Y92","322","152","","X3Y1",""
"u_dut/u_unified_p4_kernel/input_mem_reg[3][20][3]","input_mem_reg","FDRE","SLICE_X94Y81","SLICEL.GFF","SLICE_X94Y81","SLICEL","CLEL_R_X61Y81","315","164","","X3Y1",""
"u_dut/u_unified_p4_kernel/input_mem_reg[3][20][4]","input_mem_reg","FDRE","SLICE_X94Y97","SLICEL.GFF2","SLICE_X94Y97","SLICEL","CLEL_R_X61Y97","315","147","","X3Y1",""
"u_dut/u_unified_p4_kernel/input_mem_reg[3][20][5]","input_mem_reg","FDRE","SLICE_X90Y85","SLICEM.BFF2","SLICE_X90Y85","SLICEM","CLEM_X59Y85","304","160","","X3Y1",""
"u_dut/u_unified_p4_kernel/input_mem_reg[3][20][6]","input_mem_reg","FDRE","SLICE_X94Y97","SLICEL.FFF2","SLICE_X94Y97","SLICEL","CLEL_R_X61Y97","315","147","","X3Y1",""
"u_dut/u_unified_p4_kernel/input_mem_reg[3][20][7]","input_mem_reg","FDRE","SLICE_X88Y86","SLICEL.DFF2","SLICE_X88Y86","SLICEL","CLEL_R_X57Y86","297","159","","X2Y1",""
"u_dut/u_unified_p4_kernel/input_mem_reg[3][20][8]","input_mem_reg","FDRE","SLICE_X89Y97","SLICEM.HFF","SLICE_X89Y97","SLICEM","CLEM_X58Y97","300","147","","X2Y1",""
"u_dut/u_unified_p4_kernel/input_mem_reg[3][20][9]","input_mem_reg","FDRE","SLICE_X89Y97","SLICEM.GFF","SLICE_X89Y97","SLICEM","CLEM_X58Y97","300","147","","X2Y1",""
"u_dut/u_unified_p4_kernel/input_mem_reg[3][21][0]","input_mem_reg","FDRE","SLICE_X96Y83","SLICEM.HFF","SLICE_X96Y83","SLICEM","CLEM_X63Y83","322","162","","X3Y1",""
"u_dut/u_unified_p4_kernel/input_mem_reg[3][21][10]","input_mem_reg","FDRE","SLICE_X89Y85","SLICEM.HFF","SLICE_X89Y85","SLICEM","CLEM_X58Y85","300","160","","X2Y1",""
"u_dut/u_unified_p4_kernel/input_mem_reg[3][21][11]","input_mem_reg","FDRE","SLICE_X89Y85","SLICEM.GFF","SLICE_X89Y85","SLICEM","CLEM_X58Y85","300","160","","X2Y1",""
"u_dut/u_unified_p4_kernel/input_mem_reg[3][21][12]","input_mem_reg","FDRE","SLICE_X95Y83","SLICEM.HFF2","SLICE_X95Y83","SLICEM","CLEM_X62Y83","318","162","","X3Y1",""
"u_dut/u_unified_p4_kernel/input_mem_reg[3][21][13]","input_mem_reg","FDRE","SLICE_X95Y98","SLICEM.HFF","SLICE_X95Y98","SLICEM","CLEM_X62Y98","318","146","","X3Y1",""
"u_dut/u_unified_p4_kernel/input_mem_reg[3][21][14]","input_mem_reg","FDRE","SLICE_X88Y94","SLICEL.HFF","SLICE_X88Y94","SLICEL","CLEL_R_X57Y94","297","150","","X2Y1",""
"u_dut/u_unified_p4_kernel/input_mem_reg[3][21][15]","input_mem_reg","FDRE","SLICE_X95Y98","SLICEM.GFF","SLICE_X95Y98","SLICEM","CLEM_X62Y98","318","146","","X3Y1",""
"u_dut/u_unified_p4_kernel/input_mem_reg[3][21][1]","input_mem_reg","FDRE","SLICE_X96Y83","SLICEM.GFF","SLICE_X96Y83","SLICEM","CLEM_X63Y83","322","162","","X3Y1",""
"u_dut/u_unified_p4_kernel/input_mem_reg[3][21][2]","input_mem_reg","FDRE","SLICE_X90Y95","SLICEM.HFF","SLICE_X90Y95","SLICEM","CLEM_X59Y95","304","149","","X3Y1",""
"u_dut/u_unified_p4_kernel/input_mem_reg[3][21][3]","input_mem_reg","FDRE","SLICE_X96Y83","SLICEM.FFF","SLICE_X96Y83","SLICEM","CLEM_X63Y83","322","162","","X3Y1",""
"u_dut/u_unified_p4_kernel/input_mem_reg[3][21][4]","input_mem_reg","FDRE","SLICE_X93Y81","SLICEM.HFF","SLICE_X93Y81","SLICEM","CLEM_X61Y81","313","164","","X3Y1",""
"u_dut/u_unified_p4_kernel/input_mem_reg[3][21][5]","input_mem_reg","FDRE","SLICE_X88Y94","SLICEL.GFF","SLICE_X88Y94","SLICEL","CLEL_R_X57Y94","297","150","","X2Y1",""
"u_dut/u_unified_p4_kernel/input_mem_reg[3][21][6]","input_mem_reg","FDRE","SLICE_X93Y81","SLICEM.GFF","SLICE_X93Y81","SLICEM","CLEM_X61Y81","313","164","","X3Y1",""
"u_dut/u_unified_p4_kernel/input_mem_reg[3][21][7]","input_mem_reg","FDRE","SLICE_X90Y95","SLICEM.GFF","SLICE_X90Y95","SLICEM","CLEM_X59Y95","304","149","","X3Y1",""
"u_dut/u_unified_p4_kernel/input_mem_reg[3][21][8]","input_mem_reg","FDRE","SLICE_X90Y89","SLICEM.HFF","SLICE_X90Y89","SLICEM","CLEM_X59Y89","304","156","","X3Y1",""
"u_dut/u_unified_p4_kernel/input_mem_reg[3][21][9]","input_mem_reg","FDRE","SLICE_X89Y85","SLICEM.FFF","SLICE_X89Y85","SLICEM","CLEM_X58Y85","300","160","","X2Y1",""
"u_dut/u_unified_p4_kernel/input_mem_reg[3][22][0]","input_mem_reg","FDRE","SLICE_X90Y83","SLICEM.HFF","SLICE_X90Y83","SLICEM","CLEM_X59Y83","304","162","","X3Y1",""
"u_dut/u_unified_p4_kernel/input_mem_reg[3][22][10]","input_mem_reg","FDRE","SLICE_X90Y83","SLICEM.GFF","SLICE_X90Y83","SLICEM","CLEM_X59Y83","304","162","","X3Y1",""
"u_dut/u_unified_p4_kernel/input_mem_reg[3][22][11]","input_mem_reg","FDRE","SLICE_X96Y94","SLICEM.HFF","SLICE_X96Y94","SLICEM","CLEM_X63Y94","322","150","","X3Y1",""
"u_dut/u_unified_p4_kernel/input_mem_reg[3][22][12]","input_mem_reg","FDRE","SLICE_X89Y95","SLICEM.HFF2","SLICE_X89Y95","SLICEM","CLEM_X58Y95","300","149","","X2Y1",""
"u_dut/u_unified_p4_kernel/input_mem_reg[3][22][13]","input_mem_reg","FDRE","SLICE_X90Y83","SLICEM.FFF","SLICE_X90Y83","SLICEM","CLEM_X59Y83","304","162","","X3Y1",""
"u_dut/u_unified_p4_kernel/input_mem_reg[3][22][14]","input_mem_reg","FDRE","SLICE_X96Y95","SLICEM.HFF2","SLICE_X96Y95","SLICEM","CLEM_X63Y95","322","149","","X3Y1",""
"u_dut/u_unified_p4_kernel/input_mem_reg[3][22][15]","input_mem_reg","FDRE","SLICE_X87Y96","SLICEL.HFF","SLICE_X87Y96","SLICEL","CLEL_R_X56Y96","293","148","","X2Y1",""
"u_dut/u_unified_p4_kernel/input_mem_reg[3][22][1]","input_mem_reg","FDRE","SLICE_X96Y85","SLICEM.HFF","SLICE_X96Y85","SLICEM","CLEM_X63Y85","322","160","","X3Y1",""
"u_dut/u_unified_p4_kernel/input_mem_reg[3][22][2]","input_mem_reg","FDRE","SLICE_X96Y85","SLICEM.GFF","SLICE_X96Y85","SLICEM","CLEM_X63Y85","322","160","","X3Y1",""
"u_dut/u_unified_p4_kernel/input_mem_reg[3][22][3]","input_mem_reg","FDRE","SLICE_X95Y85","SLICEM.HFF2","SLICE_X95Y85","SLICEM","CLEM_X62Y85","318","160","","X3Y1",""
"u_dut/u_unified_p4_kernel/input_mem_reg[3][22][4]","input_mem_reg","FDRE","SLICE_X96Y91","SLICEM.DFF","SLICE_X96Y91","SLICEM","CLEM_X63Y91","322","153","","X3Y1",""
"u_dut/u_unified_p4_kernel/input_mem_reg[3][22][5]","input_mem_reg","FDRE","SLICE_X88Y83","SLICEL.HFF","SLICE_X88Y83","SLICEL","CLEL_R_X57Y83","297","162","","X2Y1",""
"u_dut/u_unified_p4_kernel/input_mem_reg[3][22][6]","input_mem_reg","FDRE","SLICE_X90Y83","SLICEM.EFF","SLICE_X90Y83","SLICEM","CLEM_X59Y83","304","162","","X3Y1",""
"u_dut/u_unified_p4_kernel/input_mem_reg[3][22][7]","input_mem_reg","FDRE","SLICE_X96Y94","SLICEM.GFF","SLICE_X96Y94","SLICEM","CLEM_X63Y94","322","150","","X3Y1",""
"u_dut/u_unified_p4_kernel/input_mem_reg[3][22][8]","input_mem_reg","FDRE","SLICE_X87Y94","SLICEL.HFF2","SLICE_X87Y94","SLICEL","CLEL_R_X56Y94","293","150","","X2Y1",""
"u_dut/u_unified_p4_kernel/input_mem_reg[3][22][9]","input_mem_reg","FDRE","SLICE_X87Y88","SLICEL.HFF2","SLICE_X87Y88","SLICEL","CLEL_R_X56Y88","293","157","","X2Y1",""
"u_dut/u_unified_p4_kernel/input_mem_reg[3][23][0]","input_mem_reg","FDRE","SLICE_X96Y89","SLICEM.HFF","SLICE_X96Y89","SLICEM","CLEM_X63Y89","322","156","","X3Y1",""
"u_dut/u_unified_p4_kernel/input_mem_reg[3][23][10]","input_mem_reg","FDRE","SLICE_X97Y90","SLICEL.HFF","SLICE_X97Y90","SLICEL","CLEL_R_X63Y90","324","154","","X3Y1",""
"u_dut/u_unified_p4_kernel/input_mem_reg[3][23][11]","input_mem_reg","FDRE","SLICE_X86Y98","SLICEM.EFF","SLICE_X86Y98","SLICEM","CLEM_X56Y98","291","146","","X2Y1",""
"u_dut/u_unified_p4_kernel/input_mem_reg[3][23][12]","input_mem_reg","FDRE","SLICE_X96Y94","SLICEM.FFF","SLICE_X96Y94","SLICEM","CLEM_X63Y94","322","150","","X3Y1",""
"u_dut/u_unified_p4_kernel/input_mem_reg[3][23][13]","input_mem_reg","FDRE","SLICE_X97Y90","SLICEL.GFF","SLICE_X97Y90","SLICEL","CLEL_R_X63Y90","324","154","","X3Y1",""
"u_dut/u_unified_p4_kernel/input_mem_reg[3][23][14]","input_mem_reg","FDRE","SLICE_X94Y95","SLICEL.GFF","SLICE_X94Y95","SLICEL","CLEL_R_X61Y95","315","149","","X3Y1",""
"u_dut/u_unified_p4_kernel/input_mem_reg[3][23][15]","input_mem_reg","FDRE","SLICE_X94Y97","SLICEL.EFF2","SLICE_X94Y97","SLICEL","CLEL_R_X61Y97","315","147","","X3Y1",""
"u_dut/u_unified_p4_kernel/input_mem_reg[3][23][1]","input_mem_reg","FDRE","SLICE_X94Y89","SLICEL.HFF","SLICE_X94Y89","SLICEL","CLEL_R_X61Y89","315","156","","X3Y1",""
"u_dut/u_unified_p4_kernel/input_mem_reg[3][23][2]","input_mem_reg","FDRE","SLICE_X96Y89","SLICEM.GFF","SLICE_X96Y89","SLICEM","CLEM_X63Y89","322","156","","X3Y1",""
"u_dut/u_unified_p4_kernel/input_mem_reg[3][23][3]","input_mem_reg","FDRE","SLICE_X94Y95","SLICEL.FFF","SLICE_X94Y95","SLICEL","CLEL_R_X61Y95","315","149","","X3Y1",""
"u_dut/u_unified_p4_kernel/input_mem_reg[3][23][4]","input_mem_reg","FDRE","SLICE_X96Y89","SLICEM.FFF","SLICE_X96Y89","SLICEM","CLEM_X63Y89","322","156","","X3Y1",""
"u_dut/u_unified_p4_kernel/input_mem_reg[3][23][5]","input_mem_reg","FDRE","SLICE_X86Y98","SLICEM.EFF2","SLICE_X86Y98","SLICEM","CLEM_X56Y98","291","146","","X2Y1",""
"u_dut/u_unified_p4_kernel/input_mem_reg[3][23][6]","input_mem_reg","FDRE","SLICE_X97Y96","SLICEL.HFF","SLICE_X97Y96","SLICEL","CLEL_R_X63Y96","324","148","","X3Y1",""
"u_dut/u_unified_p4_kernel/input_mem_reg[3][23][7]","input_mem_reg","FDRE","SLICE_X96Y95","SLICEM.GFF2","SLICE_X96Y95","SLICEM","CLEM_X63Y95","322","149","","X3Y1",""
"u_dut/u_unified_p4_kernel/input_mem_reg[3][23][8]","input_mem_reg","FDRE","SLICE_X96Y94","SLICEM.EFF","SLICE_X96Y94","SLICEM","CLEM_X63Y94","322","150","","X3Y1",""
"u_dut/u_unified_p4_kernel/input_mem_reg[3][23][9]","input_mem_reg","FDRE","SLICE_X95Y98","SLICEM.FFF","SLICE_X95Y98","SLICEM","CLEM_X62Y98","318","146","","X3Y1",""
"u_dut/u_unified_p4_kernel/input_mem_reg[3][24][0]","input_mem_reg","FDRE","SLICE_X88Y107","SLICEL.HFF","SLICE_X88Y107","SLICEL","CLEL_R_X57Y107","297","137","","X2Y1",""
"u_dut/u_unified_p4_kernel/input_mem_reg[3][24][10]","input_mem_reg","FDRE","SLICE_X88Y105","SLICEL.HFF","SLICE_X88Y105","SLICEL","CLEL_R_X57Y105","297","139","","X2Y1",""
"u_dut/u_unified_p4_kernel/input_mem_reg[3][24][11]","input_mem_reg","FDRE","SLICE_X88Y107","SLICEL.GFF","SLICE_X88Y107","SLICEL","CLEL_R_X57Y107","297","137","","X2Y1",""
"u_dut/u_unified_p4_kernel/input_mem_reg[3][24][12]","input_mem_reg","FDRE","SLICE_X90Y106","SLICEM.HFF","SLICE_X90Y106","SLICEM","CLEM_X59Y106","304","138","","X3Y1",""
"u_dut/u_unified_p4_kernel/input_mem_reg[3][24][13]","input_mem_reg","FDRE","SLICE_X91Y109","SLICEL.HFF","SLICE_X91Y109","SLICEL","CLEL_R_X59Y109","306","135","","X3Y1",""
"u_dut/u_unified_p4_kernel/input_mem_reg[3][24][14]","input_mem_reg","FDRE","SLICE_X91Y106","SLICEL.DFF","SLICE_X91Y106","SLICEL","CLEL_R_X59Y106","306","138","","X3Y1",""
"u_dut/u_unified_p4_kernel/input_mem_reg[3][24][15]","input_mem_reg","FDRE","SLICE_X88Y107","SLICEL.FFF","SLICE_X88Y107","SLICEL","CLEL_R_X57Y107","297","137","","X2Y1",""
"u_dut/u_unified_p4_kernel/input_mem_reg[3][24][1]","input_mem_reg","FDRE","SLICE_X90Y108","SLICEM.HFF2","SLICE_X90Y108","SLICEM","CLEM_X59Y108","304","136","","X3Y1",""
"u_dut/u_unified_p4_kernel/input_mem_reg[3][24][2]","input_mem_reg","FDRE","SLICE_X91Y109","SLICEL.GFF","SLICE_X91Y109","SLICEL","CLEL_R_X59Y109","306","135","","X3Y1",""
"u_dut/u_unified_p4_kernel/input_mem_reg[3][24][3]","input_mem_reg","FDRE","SLICE_X90Y108","SLICEM.GFF2","SLICE_X90Y108","SLICEM","CLEM_X59Y108","304","136","","X3Y1",""
"u_dut/u_unified_p4_kernel/input_mem_reg[3][24][4]","input_mem_reg","FDRE","SLICE_X88Y107","SLICEL.EFF","SLICE_X88Y107","SLICEL","CLEL_R_X57Y107","297","137","","X2Y1",""
"u_dut/u_unified_p4_kernel/input_mem_reg[3][24][5]","input_mem_reg","FDRE","SLICE_X91Y106","SLICEL.CFF","SLICE_X91Y106","SLICEL","CLEL_R_X59Y106","306","138","","X3Y1",""
"u_dut/u_unified_p4_kernel/input_mem_reg[3][24][6]","input_mem_reg","FDRE","SLICE_X88Y110","SLICEL.HFF","SLICE_X88Y110","SLICEL","CLEL_R_X57Y110","297","134","","X2Y1",""
"u_dut/u_unified_p4_kernel/input_mem_reg[3][24][7]","input_mem_reg","FDRE","SLICE_X88Y109","SLICEL.HFF","SLICE_X88Y109","SLICEL","CLEL_R_X57Y109","297","135","","X2Y1",""
"u_dut/u_unified_p4_kernel/input_mem_reg[3][24][8]","input_mem_reg","FDRE","SLICE_X88Y110","SLICEL.GFF","SLICE_X88Y110","SLICEL","CLEL_R_X57Y110","297","134","","X2Y1",""
"u_dut/u_unified_p4_kernel/input_mem_reg[3][24][9]","input_mem_reg","FDRE","SLICE_X88Y110","SLICEL.FFF","SLICE_X88Y110","SLICEL","CLEL_R_X57Y110","297","134","","X2Y1",""
"u_dut/u_unified_p4_kernel/input_mem_reg[3][25][0]","input_mem_reg","FDRE","SLICE_X97Y107","SLICEL.HFF","SLICE_X97Y107","SLICEL","CLEL_R_X63Y107","324","137","","X3Y1",""
"u_dut/u_unified_p4_kernel/input_mem_reg[3][25][10]","input_mem_reg","FDRE","SLICE_X96Y103","SLICEM.HFF","SLICE_X96Y103","SLICEM","CLEM_X63Y103","322","141","","X3Y1",""
"u_dut/u_unified_p4_kernel/input_mem_reg[3][25][11]","input_mem_reg","FDRE","SLICE_X93Y106","SLICEM.DFF2","SLICE_X93Y106","SLICEM","CLEM_X61Y106","313","138","","X3Y1",""
"u_dut/u_unified_p4_kernel/input_mem_reg[3][25][12]","input_mem_reg","FDRE","SLICE_X98Y103","SLICEM.HFF2","SLICE_X98Y103","SLICEM","CLEM_X64Y103","327","141","","X3Y1",""
"u_dut/u_unified_p4_kernel/input_mem_reg[3][25][13]","input_mem_reg","FDRE","SLICE_X98Y105","SLICEM.DFF","SLICE_X98Y105","SLICEM","CLEM_X64Y105","327","139","","X3Y1",""
"u_dut/u_unified_p4_kernel/input_mem_reg[3][25][14]","input_mem_reg","FDRE","SLICE_X97Y107","SLICEL.GFF","SLICE_X97Y107","SLICEL","CLEL_R_X63Y107","324","137","","X3Y1",""
"u_dut/u_unified_p4_kernel/input_mem_reg[3][25][15]","input_mem_reg","FDRE","SLICE_X93Y106","SLICEM.CFF2","SLICE_X93Y106","SLICEM","CLEM_X61Y106","313","138","","X3Y1",""
"u_dut/u_unified_p4_kernel/input_mem_reg[3][25][1]","input_mem_reg","FDRE","SLICE_X98Y105","SLICEM.CFF","SLICE_X98Y105","SLICEM","CLEM_X64Y105","327","139","","X3Y1",""
"u_dut/u_unified_p4_kernel/input_mem_reg[3][25][2]","input_mem_reg","FDRE","SLICE_X97Y104","SLICEL.HFF","SLICE_X97Y104","SLICEL","CLEL_R_X63Y104","324","140","","X3Y1",""
"u_dut/u_unified_p4_kernel/input_mem_reg[3][25][3]","input_mem_reg","FDRE","SLICE_X96Y103","SLICEM.GFF","SLICE_X96Y103","SLICEM","CLEM_X63Y103","322","141","","X3Y1",""
"u_dut/u_unified_p4_kernel/input_mem_reg[3][25][4]","input_mem_reg","FDRE","SLICE_X98Y103","SLICEM.GFF2","SLICE_X98Y103","SLICEM","CLEM_X64Y103","327","141","","X3Y1",""
"u_dut/u_unified_p4_kernel/input_mem_reg[3][25][5]","input_mem_reg","FDRE","SLICE_X96Y102","SLICEM.HFF","SLICE_X96Y102","SLICEM","CLEM_X63Y102","322","142","","X3Y1",""
"u_dut/u_unified_p4_kernel/input_mem_reg[3][25][6]","input_mem_reg","FDRE","SLICE_X96Y102","SLICEM.GFF","SLICE_X96Y102","SLICEM","CLEM_X63Y102","322","142","","X3Y1",""
"u_dut/u_unified_p4_kernel/input_mem_reg[3][25][7]","input_mem_reg","FDRE","SLICE_X97Y104","SLICEL.GFF","SLICE_X97Y104","SLICEL","CLEL_R_X63Y104","324","140","","X3Y1",""
"u_dut/u_unified_p4_kernel/input_mem_reg[3][25][8]","input_mem_reg","FDRE","SLICE_X96Y107","SLICEM.HFF","SLICE_X96Y107","SLICEM","CLEM_X63Y107","322","137","","X3Y1",""
"u_dut/u_unified_p4_kernel/input_mem_reg[3][25][9]","input_mem_reg","FDRE","SLICE_X97Y107","SLICEL.FFF","SLICE_X97Y107","SLICEL","CLEL_R_X63Y107","324","137","","X3Y1",""
"u_dut/u_unified_p4_kernel/input_mem_reg[3][26][0]","input_mem_reg","FDRE","SLICE_X97Y105","SLICEL.HFF","SLICE_X97Y105","SLICEL","CLEL_R_X63Y105","324","139","","X3Y1",""
"u_dut/u_unified_p4_kernel/input_mem_reg[3][26][10]","input_mem_reg","FDRE","SLICE_X93Y106","SLICEM.BFF2","SLICE_X93Y106","SLICEM","CLEM_X61Y106","313","138","","X3Y1",""
"u_dut/u_unified_p4_kernel/input_mem_reg[3][26][11]","input_mem_reg","FDRE","SLICE_X94Y106","SLICEL.HFF","SLICE_X94Y106","SLICEL","CLEL_R_X61Y106","315","138","","X3Y1",""
"u_dut/u_unified_p4_kernel/input_mem_reg[3][26][12]","input_mem_reg","FDRE","SLICE_X93Y107","SLICEM.HFF2","SLICE_X93Y107","SLICEM","CLEM_X61Y107","313","137","","X3Y1",""
"u_dut/u_unified_p4_kernel/input_mem_reg[3][26][13]","input_mem_reg","FDRE","SLICE_X96Y104","SLICEM.HFF","SLICE_X96Y104","SLICEM","CLEM_X63Y104","322","140","","X3Y1",""
"u_dut/u_unified_p4_kernel/input_mem_reg[3][26][14]","input_mem_reg","FDRE","SLICE_X94Y106","SLICEL.GFF","SLICE_X94Y106","SLICEL","CLEL_R_X61Y106","315","138","","X3Y1",""
"u_dut/u_unified_p4_kernel/input_mem_reg[3][26][15]","input_mem_reg","FDRE","SLICE_X94Y108","SLICEL.HFF","SLICE_X94Y108","SLICEL","CLEL_R_X61Y108","315","136","","X3Y1",""
"u_dut/u_unified_p4_kernel/input_mem_reg[3][26][1]","input_mem_reg","FDRE","SLICE_X93Y104","SLICEM.HFF2","SLICE_X93Y104","SLICEM","CLEM_X61Y104","313","140","","X3Y1",""
"u_dut/u_unified_p4_kernel/input_mem_reg[3][26][2]","input_mem_reg","FDRE","SLICE_X96Y104","SLICEM.GFF","SLICE_X96Y104","SLICEM","CLEM_X63Y104","322","140","","X3Y1",""
"u_dut/u_unified_p4_kernel/input_mem_reg[3][26][3]","input_mem_reg","FDRE","SLICE_X94Y106","SLICEL.FFF","SLICE_X94Y106","SLICEL","CLEL_R_X61Y106","315","138","","X3Y1",""
"u_dut/u_unified_p4_kernel/input_mem_reg[3][26][4]","input_mem_reg","FDRE","SLICE_X94Y103","SLICEL.HFF","SLICE_X94Y103","SLICEL","CLEL_R_X61Y103","315","141","","X3Y1",""
"u_dut/u_unified_p4_kernel/input_mem_reg[3][26][5]","input_mem_reg","FDRE","SLICE_X94Y103","SLICEL.GFF","SLICE_X94Y103","SLICEL","CLEL_R_X61Y103","315","141","","X3Y1",""
"u_dut/u_unified_p4_kernel/input_mem_reg[3][26][6]","input_mem_reg","FDRE","SLICE_X94Y103","SLICEL.FFF","SLICE_X94Y103","SLICEL","CLEL_R_X61Y103","315","141","","X3Y1",""
"u_dut/u_unified_p4_kernel/input_mem_reg[3][26][7]","input_mem_reg","FDRE","SLICE_X94Y103","SLICEL.EFF","SLICE_X94Y103","SLICEL","CLEL_R_X61Y103","315","141","","X3Y1",""
"u_dut/u_unified_p4_kernel/input_mem_reg[3][26][8]","input_mem_reg","FDRE","SLICE_X94Y108","SLICEL.GFF","SLICE_X94Y108","SLICEL","CLEL_R_X61Y108","315","136","","X3Y1",""
"u_dut/u_unified_p4_kernel/input_mem_reg[3][26][9]","input_mem_reg","FDRE","SLICE_X94Y106","SLICEL.EFF","SLICE_X94Y106","SLICEL","CLEL_R_X61Y106","315","138","","X3Y1",""
"u_dut/u_unified_p4_kernel/input_mem_reg[3][27][0]","input_mem_reg","FDRE","SLICE_X94Y102","SLICEL.HFF","SLICE_X94Y102","SLICEL","CLEL_R_X61Y102","315","142","","X3Y1",""
"u_dut/u_unified_p4_kernel/input_mem_reg[3][27][10]","input_mem_reg","FDRE","SLICE_X94Y105","SLICEL.HFF","SLICE_X94Y105","SLICEL","CLEL_R_X61Y105","315","139","","X3Y1",""
"u_dut/u_unified_p4_kernel/input_mem_reg[3][27][11]","input_mem_reg","FDRE","SLICE_X98Y107","SLICEM.HFF","SLICE_X98Y107","SLICEM","CLEM_X64Y107","327","137","","X3Y1",""
"u_dut/u_unified_p4_kernel/input_mem_reg[3][27][12]","input_mem_reg","FDRE","SLICE_X98Y106","SLICEM.HFF","SLICE_X98Y106","SLICEM","CLEM_X64Y106","327","138","","X3Y1",""
"u_dut/u_unified_p4_kernel/input_mem_reg[3][27][13]","input_mem_reg","FDRE","SLICE_X94Y109","SLICEL.HFF2","SLICE_X94Y109","SLICEL","CLEL_R_X61Y109","315","135","","X3Y1",""
"u_dut/u_unified_p4_kernel/input_mem_reg[3][27][14]","input_mem_reg","FDRE","SLICE_X96Y108","SLICEM.HFF","SLICE_X96Y108","SLICEM","CLEM_X63Y108","322","136","","X3Y1",""
"u_dut/u_unified_p4_kernel/input_mem_reg[3][27][15]","input_mem_reg","FDRE","SLICE_X94Y105","SLICEL.GFF","SLICE_X94Y105","SLICEL","CLEL_R_X61Y105","315","139","","X3Y1",""
"u_dut/u_unified_p4_kernel/input_mem_reg[3][27][1]","input_mem_reg","FDRE","SLICE_X98Y107","SLICEM.GFF","SLICE_X98Y107","SLICEM","CLEM_X64Y107","327","137","","X3Y1",""
"u_dut/u_unified_p4_kernel/input_mem_reg[3][27][2]","input_mem_reg","FDRE","SLICE_X94Y102","SLICEL.GFF","SLICE_X94Y102","SLICEL","CLEL_R_X61Y102","315","142","","X3Y1",""
"u_dut/u_unified_p4_kernel/input_mem_reg[3][27][3]","input_mem_reg","FDRE","SLICE_X98Y107","SLICEM.FFF","SLICE_X98Y107","SLICEM","CLEM_X64Y107","327","137","","X3Y1",""
"u_dut/u_unified_p4_kernel/input_mem_reg[3][27][4]","input_mem_reg","FDRE","SLICE_X98Y107","SLICEM.EFF","SLICE_X98Y107","SLICEM","CLEM_X64Y107","327","137","","X3Y1",""
"u_dut/u_unified_p4_kernel/input_mem_reg[3][27][5]","input_mem_reg","FDRE","SLICE_X98Y108","SLICEM.DFF","SLICE_X98Y108","SLICEM","CLEM_X64Y108","327","136","","X3Y1",""
"u_dut/u_unified_p4_kernel/input_mem_reg[3][27][6]","input_mem_reg","FDRE","SLICE_X94Y105","SLICEL.FFF","SLICE_X94Y105","SLICEL","CLEL_R_X61Y105","315","139","","X3Y1",""
"u_dut/u_unified_p4_kernel/input_mem_reg[3][27][7]","input_mem_reg","FDRE","SLICE_X94Y105","SLICEL.EFF","SLICE_X94Y105","SLICEL","CLEL_R_X61Y105","315","139","","X3Y1",""
"u_dut/u_unified_p4_kernel/input_mem_reg[3][27][8]","input_mem_reg","FDRE","SLICE_X98Y106","SLICEM.GFF","SLICE_X98Y106","SLICEM","CLEM_X64Y106","327","138","","X3Y1",""
"u_dut/u_unified_p4_kernel/input_mem_reg[3][27][9]","input_mem_reg","FDRE","SLICE_X96Y108","SLICEM.GFF","SLICE_X96Y108","SLICEM","CLEM_X63Y108","322","136","","X3Y1",""
"u_dut/u_unified_p4_kernel/input_mem_reg[3][28][0]","input_mem_reg","FDRE","SLICE_X94Y111","SLICEL.HFF","SLICE_X94Y111","SLICEL","CLEL_R_X61Y111","315","133","","X3Y1",""
"u_dut/u_unified_p4_kernel/input_mem_reg[3][28][10]","input_mem_reg","FDRE","SLICE_X94Y111","SLICEL.GFF","SLICE_X94Y111","SLICEL","CLEL_R_X61Y111","315","133","","X3Y1",""
"u_dut/u_unified_p4_kernel/input_mem_reg[3][28][11]","input_mem_reg","FDRE","SLICE_X95Y112","SLICEM.HFF","SLICE_X95Y112","SLICEM","CLEM_X62Y112","318","132","","X3Y1",""
"u_dut/u_unified_p4_kernel/input_mem_reg[3][28][12]","input_mem_reg","FDRE","SLICE_X94Y111","SLICEL.FFF","SLICE_X94Y111","SLICEL","CLEL_R_X61Y111","315","133","","X3Y1",""
"u_dut/u_unified_p4_kernel/input_mem_reg[3][28][13]","input_mem_reg","FDRE","SLICE_X95Y112","SLICEM.GFF","SLICE_X95Y112","SLICEM","CLEM_X62Y112","318","132","","X3Y1",""
"u_dut/u_unified_p4_kernel/input_mem_reg[3][28][14]","input_mem_reg","FDRE","SLICE_X95Y114","SLICEM.HFF2","SLICE_X95Y114","SLICEM","CLEM_X62Y114","318","130","","X3Y1",""
"u_dut/u_unified_p4_kernel/input_mem_reg[3][28][15]","input_mem_reg","FDRE","SLICE_X92Y112","SLICEM.EFF","SLICE_X92Y112","SLICEM","CLEM_X60Y112","309","132","","X3Y1",""
"u_dut/u_unified_p4_kernel/input_mem_reg[3][28][1]","input_mem_reg","FDRE","SLICE_X93Y110","SLICEM.DFF2","SLICE_X93Y110","SLICEM","CLEM_X61Y110","313","134","","X3Y1",""
"u_dut/u_unified_p4_kernel/input_mem_reg[3][28][2]","input_mem_reg","FDRE","SLICE_X93Y110","SLICEM.CFF2","SLICE_X93Y110","SLICEM","CLEM_X61Y110","313","134","","X3Y1",""
"u_dut/u_unified_p4_kernel/input_mem_reg[3][28][3]","input_mem_reg","FDRE","SLICE_X92Y111","SLICEM.HFF","SLICE_X92Y111","SLICEM","CLEM_X60Y111","309","133","","X3Y1",""
"u_dut/u_unified_p4_kernel/input_mem_reg[3][28][4]","input_mem_reg","FDRE","SLICE_X92Y111","SLICEM.GFF","SLICE_X92Y111","SLICEM","CLEM_X60Y111","309","133","","X3Y1",""
"u_dut/u_unified_p4_kernel/input_mem_reg[3][28][5]","input_mem_reg","FDRE","SLICE_X93Y110","SLICEM.BFF2","SLICE_X93Y110","SLICEM","CLEM_X61Y110","313","134","","X3Y1",""
"u_dut/u_unified_p4_kernel/input_mem_reg[3][28][6]","input_mem_reg","FDRE","SLICE_X93Y107","SLICEM.HFF","SLICE_X93Y107","SLICEM","CLEM_X61Y107","313","137","","X3Y1",""
"u_dut/u_unified_p4_kernel/input_mem_reg[3][28][7]","input_mem_reg","FDRE","SLICE_X94Y111","SLICEL.EFF","SLICE_X94Y111","SLICEL","CLEL_R_X61Y111","315","133","","X3Y1",""
"u_dut/u_unified_p4_kernel/input_mem_reg[3][28][8]","input_mem_reg","FDRE","SLICE_X91Y111","SLICEL.HFF","SLICE_X91Y111","SLICEL","CLEL_R_X59Y111","306","133","","X3Y1",""
"u_dut/u_unified_p4_kernel/input_mem_reg[3][28][9]","input_mem_reg","FDRE","SLICE_X91Y111","SLICEL.GFF","SLICE_X91Y111","SLICEL","CLEL_R_X59Y111","306","133","","X3Y1",""
"u_dut/u_unified_p4_kernel/input_mem_reg[3][29][0]","input_mem_reg","FDRE","SLICE_X94Y110","SLICEL.HFF","SLICE_X94Y110","SLICEL","CLEL_R_X61Y110","315","134","","X3Y1",""
"u_dut/u_unified_p4_kernel/input_mem_reg[3][29][10]","input_mem_reg","FDRE","SLICE_X91Y115","SLICEL.EFF","SLICE_X91Y115","SLICEL","CLEL_R_X59Y115","306","129","","X3Y1",""
"u_dut/u_unified_p4_kernel/input_mem_reg[3][29][11]","input_mem_reg","FDRE","SLICE_X91Y115","SLICEL.EFF2","SLICE_X91Y115","SLICEL","CLEL_R_X59Y115","306","129","","X3Y1",""
"u_dut/u_unified_p4_kernel/input_mem_reg[3][29][12]","input_mem_reg","FDRE","SLICE_X96Y112","SLICEM.HFF","SLICE_X96Y112","SLICEM","CLEM_X63Y112","322","132","","X3Y1",""
"u_dut/u_unified_p4_kernel/input_mem_reg[3][29][13]","input_mem_reg","FDRE","SLICE_X96Y112","SLICEM.GFF","SLICE_X96Y112","SLICEM","CLEM_X63Y112","322","132","","X3Y1",""
"u_dut/u_unified_p4_kernel/input_mem_reg[3][29][14]","input_mem_reg","FDRE","SLICE_X93Y113","SLICEM.HFF","SLICE_X93Y113","SLICEM","CLEM_X61Y113","313","131","","X3Y1",""
"u_dut/u_unified_p4_kernel/input_mem_reg[3][29][15]","input_mem_reg","FDRE","SLICE_X96Y112","SLICEM.FFF","SLICE_X96Y112","SLICEM","CLEM_X63Y112","322","132","","X3Y1",""
"u_dut/u_unified_p4_kernel/input_mem_reg[3][29][1]","input_mem_reg","FDRE","SLICE_X94Y110","SLICEL.GFF","SLICE_X94Y110","SLICEL","CLEL_R_X61Y110","315","134","","X3Y1",""
"u_dut/u_unified_p4_kernel/input_mem_reg[3][29][2]","input_mem_reg","FDRE","SLICE_X95Y110","SLICEM.HFF","SLICE_X95Y110","SLICEM","CLEM_X62Y110","318","134","","X3Y1",""
"u_dut/u_unified_p4_kernel/input_mem_reg[3][29][3]","input_mem_reg","FDRE","SLICE_X96Y112","SLICEM.EFF","SLICE_X96Y112","SLICEM","CLEM_X63Y112","322","132","","X3Y1",""
"u_dut/u_unified_p4_kernel/input_mem_reg[3][29][4]","input_mem_reg","FDRE","SLICE_X94Y110","SLICEL.FFF","SLICE_X94Y110","SLICEL","CLEL_R_X61Y110","315","134","","X3Y1",""
"u_dut/u_unified_p4_kernel/input_mem_reg[3][29][5]","input_mem_reg","FDRE","SLICE_X93Y113","SLICEM.GFF","SLICE_X93Y113","SLICEM","CLEM_X61Y113","313","131","","X3Y1",""
"u_dut/u_unified_p4_kernel/input_mem_reg[3][29][6]","input_mem_reg","FDRE","SLICE_X93Y113","SLICEM.FFF","SLICE_X93Y113","SLICEM","CLEM_X61Y113","313","131","","X3Y1",""
"u_dut/u_unified_p4_kernel/input_mem_reg[3][29][7]","input_mem_reg","FDRE","SLICE_X93Y113","SLICEM.EFF","SLICE_X93Y113","SLICEM","CLEM_X61Y113","313","131","","X3Y1",""
"u_dut/u_unified_p4_kernel/input_mem_reg[3][29][8]","input_mem_reg","FDRE","SLICE_X90Y114","SLICEM.AFF","SLICE_X90Y114","SLICEM","CLEM_X59Y114","304","130","","X3Y1",""
"u_dut/u_unified_p4_kernel/input_mem_reg[3][29][9]","input_mem_reg","FDRE","SLICE_X90Y114","SLICEM.AFF2","SLICE_X90Y114","SLICEM","CLEM_X59Y114","304","130","","X3Y1",""
"u_dut/u_unified_p4_kernel/input_mem_reg[3][2][0]","input_mem_reg","FDRE","SLICE_X84Y95","SLICEL.AFF2","SLICE_X84Y95","SLICEL","CLEL_L_X55Y95","286","149","","X2Y1",""
"u_dut/u_unified_p4_kernel/input_mem_reg[3][2][10]","input_mem_reg","FDRE","SLICE_X83Y71","SLICEL.HFF","SLICE_X83Y71","SLICEL","CLEL_R_X54Y71","285","174","","X2Y1",""
"u_dut/u_unified_p4_kernel/input_mem_reg[3][2][11]","input_mem_reg","FDRE","SLICE_X84Y95","SLICEL.BFF","SLICE_X84Y95","SLICEL","CLEL_L_X55Y95","286","149","","X2Y1",""
"u_dut/u_unified_p4_kernel/input_mem_reg[3][2][12]","input_mem_reg","FDRE","SLICE_X82Y73","SLICEM.HFF2","SLICE_X82Y73","SLICEM","CLEM_X54Y73","283","172","","X2Y1",""
"u_dut/u_unified_p4_kernel/input_mem_reg[3][2][13]","input_mem_reg","FDRE","SLICE_X83Y74","SLICEL.HFF","SLICE_X83Y74","SLICEL","CLEL_R_X54Y74","285","171","","X2Y1",""
"u_dut/u_unified_p4_kernel/input_mem_reg[3][2][14]","input_mem_reg","FDRE","SLICE_X83Y71","SLICEL.GFF","SLICE_X83Y71","SLICEL","CLEL_R_X54Y71","285","174","","X2Y1",""
"u_dut/u_unified_p4_kernel/input_mem_reg[3][2][15]","input_mem_reg","FDRE","SLICE_X82Y73","SLICEM.GFF2","SLICE_X82Y73","SLICEM","CLEM_X54Y73","283","172","","X2Y1",""
"u_dut/u_unified_p4_kernel/input_mem_reg[3][2][1]","input_mem_reg","FDRE","SLICE_X84Y95","SLICEL.BFF2","SLICE_X84Y95","SLICEL","CLEL_L_X55Y95","286","149","","X2Y1",""
"u_dut/u_unified_p4_kernel/input_mem_reg[3][2][2]","input_mem_reg","FDRE","SLICE_X84Y71","SLICEL.HFF2","SLICE_X84Y71","SLICEL","CLEL_L_X55Y71","286","174","","X2Y1",""
"u_dut/u_unified_p4_kernel/input_mem_reg[3][2][3]","input_mem_reg","FDRE","SLICE_X82Y74","SLICEM.DFF","SLICE_X82Y74","SLICEM","CLEM_X54Y74","283","171","","X2Y1",""
"u_dut/u_unified_p4_kernel/input_mem_reg[3][2][4]","input_mem_reg","FDRE","SLICE_X85Y79","SLICEL.GFF","SLICE_X85Y79","SLICEL","CLEL_R_X55Y79","288","166","","X2Y1",""
"u_dut/u_unified_p4_kernel/input_mem_reg[3][2][5]","input_mem_reg","FDRE","SLICE_X82Y74","SLICEM.CFF","SLICE_X82Y74","SLICEM","CLEM_X54Y74","283","171","","X2Y1",""
"u_dut/u_unified_p4_kernel/input_mem_reg[3][2][6]","input_mem_reg","FDRE","SLICE_X84Y71","SLICEL.GFF2","SLICE_X84Y71","SLICEL","CLEL_L_X55Y71","286","174","","X2Y1",""
"u_dut/u_unified_p4_kernel/input_mem_reg[3][2][7]","input_mem_reg","FDRE","SLICE_X85Y79","SLICEL.FFF","SLICE_X85Y79","SLICEL","CLEL_R_X55Y79","288","166","","X2Y1",""
"u_dut/u_unified_p4_kernel/input_mem_reg[3][2][8]","input_mem_reg","FDRE","SLICE_X82Y74","SLICEM.BFF","SLICE_X82Y74","SLICEM","CLEM_X54Y74","283","171","","X2Y1",""
"u_dut/u_unified_p4_kernel/input_mem_reg[3][2][9]","input_mem_reg","FDRE","SLICE_X83Y74","SLICEL.GFF","SLICE_X83Y74","SLICEL","CLEL_R_X54Y74","285","171","","X2Y1",""
"u_dut/u_unified_p4_kernel/input_mem_reg[3][30][0]","input_mem_reg","FDRE","SLICE_X91Y112","SLICEL.HFF","SLICE_X91Y112","SLICEL","CLEL_R_X59Y112","306","132","","X3Y1",""
"u_dut/u_unified_p4_kernel/input_mem_reg[3][30][10]","input_mem_reg","FDRE","SLICE_X91Y112","SLICEL.GFF","SLICE_X91Y112","SLICEL","CLEL_R_X59Y112","306","132","","X3Y1",""
"u_dut/u_unified_p4_kernel/input_mem_reg[3][30][11]","input_mem_reg","FDRE","SLICE_X90Y110","SLICEM.HFF","SLICE_X90Y110","SLICEM","CLEM_X59Y110","304","134","","X3Y1",""
"u_dut/u_unified_p4_kernel/input_mem_reg[3][30][12]","input_mem_reg","FDRE","SLICE_X91Y112","SLICEL.FFF","SLICE_X91Y112","SLICEL","CLEL_R_X59Y112","306","132","","X3Y1",""
"u_dut/u_unified_p4_kernel/input_mem_reg[3][30][13]","input_mem_reg","FDRE","SLICE_X91Y112","SLICEL.EFF","SLICE_X91Y112","SLICEL","CLEL_R_X59Y112","306","132","","X3Y1",""
"u_dut/u_unified_p4_kernel/input_mem_reg[3][30][14]","input_mem_reg","FDRE","SLICE_X93Y107","SLICEM.GFF","SLICE_X93Y107","SLICEM","CLEM_X61Y107","313","137","","X3Y1",""
"u_dut/u_unified_p4_kernel/input_mem_reg[3][30][15]","input_mem_reg","FDRE","SLICE_X96Y110","SLICEM.HFF","SLICE_X96Y110","SLICEM","CLEM_X63Y110","322","134","","X3Y1",""
"u_dut/u_unified_p4_kernel/input_mem_reg[3][30][1]","input_mem_reg","FDRE","SLICE_X90Y113","SLICEM.EFF","SLICE_X90Y113","SLICEM","CLEM_X59Y113","304","131","","X3Y1",""
"u_dut/u_unified_p4_kernel/input_mem_reg[3][30][2]","input_mem_reg","FDRE","SLICE_X97Y108","SLICEL.HFF","SLICE_X97Y108","SLICEL","CLEL_R_X63Y108","324","136","","X3Y1",""
"u_dut/u_unified_p4_kernel/input_mem_reg[3][30][3]","input_mem_reg","FDRE","SLICE_X91Y104","SLICEL.HFF","SLICE_X91Y104","SLICEL","CLEL_R_X59Y104","306","140","","X3Y1",""
"u_dut/u_unified_p4_kernel/input_mem_reg[3][30][4]","input_mem_reg","FDRE","SLICE_X95Y107","SLICEM.HFF","SLICE_X95Y107","SLICEM","CLEM_X62Y107","318","137","","X3Y1",""
"u_dut/u_unified_p4_kernel/input_mem_reg[3][30][5]","input_mem_reg","FDRE","SLICE_X93Y107","SLICEM.FFF","SLICE_X93Y107","SLICEM","CLEM_X61Y107","313","137","","X3Y1",""
"u_dut/u_unified_p4_kernel/input_mem_reg[3][30][6]","input_mem_reg","FDRE","SLICE_X93Y107","SLICEM.EFF","SLICE_X93Y107","SLICEM","CLEM_X61Y107","313","137","","X3Y1",""
"u_dut/u_unified_p4_kernel/input_mem_reg[3][30][7]","input_mem_reg","FDRE","SLICE_X91Y104","SLICEL.GFF","SLICE_X91Y104","SLICEL","CLEL_R_X59Y104","306","140","","X3Y1",""
"u_dut/u_unified_p4_kernel/input_mem_reg[3][30][8]","input_mem_reg","FDRE","SLICE_X97Y108","SLICEL.GFF","SLICE_X97Y108","SLICEL","CLEL_R_X63Y108","324","136","","X3Y1",""
"u_dut/u_unified_p4_kernel/input_mem_reg[3][30][9]","input_mem_reg","FDRE","SLICE_X97Y108","SLICEL.FFF","SLICE_X97Y108","SLICEL","CLEL_R_X63Y108","324","136","","X3Y1",""
"u_dut/u_unified_p4_kernel/input_mem_reg[3][31][0]","input_mem_reg","FDRE","SLICE_X95Y112","SLICEM.FFF","SLICE_X95Y112","SLICEM","CLEM_X62Y112","318","132","","X3Y1",""
"u_dut/u_unified_p4_kernel/input_mem_reg[3][31][10]","input_mem_reg","FDRE","SLICE_X96Y111","SLICEM.DFF","SLICE_X96Y111","SLICEM","CLEM_X63Y111","322","133","","X3Y1",""
"u_dut/u_unified_p4_kernel/input_mem_reg[3][31][11]","input_mem_reg","FDRE","SLICE_X96Y111","SLICEM.CFF","SLICE_X96Y111","SLICEM","CLEM_X63Y111","322","133","","X3Y1",""
"u_dut/u_unified_p4_kernel/input_mem_reg[3][31][12]","input_mem_reg","FDRE","SLICE_X95Y112","SLICEM.EFF","SLICE_X95Y112","SLICEM","CLEM_X62Y112","318","132","","X3Y1",""
"u_dut/u_unified_p4_kernel/input_mem_reg[3][31][13]","input_mem_reg","FDRE","SLICE_X95Y114","SLICEM.GFF2","SLICE_X95Y114","SLICEM","CLEM_X62Y114","318","130","","X3Y1",""
"u_dut/u_unified_p4_kernel/input_mem_reg[3][31][14]","input_mem_reg","FDRE","SLICE_X97Y112","SLICEL.AFF","SLICE_X97Y112","SLICEL","CLEL_R_X63Y112","324","132","","X3Y1",""
"u_dut/u_unified_p4_kernel/input_mem_reg[3][31][15]","input_mem_reg","FDRE","SLICE_X95Y110","SLICEM.GFF","SLICE_X95Y110","SLICEM","CLEM_X62Y110","318","134","","X3Y1",""
"u_dut/u_unified_p4_kernel/input_mem_reg[3][31][1]","input_mem_reg","FDRE","SLICE_X95Y107","SLICEM.GFF","SLICE_X95Y107","SLICEM","CLEM_X62Y107","318","137","","X3Y1",""
"u_dut/u_unified_p4_kernel/input_mem_reg[3][31][2]","input_mem_reg","FDRE","SLICE_X96Y109","SLICEM.HFF2","SLICE_X96Y109","SLICEM","CLEM_X63Y109","322","135","","X3Y1",""
"u_dut/u_unified_p4_kernel/input_mem_reg[3][31][3]","input_mem_reg","FDRE","SLICE_X97Y108","SLICEL.EFF","SLICE_X97Y108","SLICEL","CLEL_R_X63Y108","324","136","","X3Y1",""
"u_dut/u_unified_p4_kernel/input_mem_reg[3][31][4]","input_mem_reg","FDRE","SLICE_X96Y110","SLICEM.GFF","SLICE_X96Y110","SLICEM","CLEM_X63Y110","322","134","","X3Y1",""
"u_dut/u_unified_p4_kernel/input_mem_reg[3][31][5]","input_mem_reg","FDRE","SLICE_X96Y110","SLICEM.FFF","SLICE_X96Y110","SLICEM","CLEM_X63Y110","322","134","","X3Y1",""
"u_dut/u_unified_p4_kernel/input_mem_reg[3][31][6]","input_mem_reg","FDRE","SLICE_X96Y109","SLICEM.GFF2","SLICE_X96Y109","SLICEM","CLEM_X63Y109","322","135","","X3Y1",""
"u_dut/u_unified_p4_kernel/input_mem_reg[3][31][7]","input_mem_reg","FDRE","SLICE_X96Y110","SLICEM.EFF","SLICE_X96Y110","SLICEM","CLEM_X63Y110","322","134","","X3Y1",""
"u_dut/u_unified_p4_kernel/input_mem_reg[3][31][8]","input_mem_reg","FDRE","SLICE_X96Y109","SLICEM.FFF2","SLICE_X96Y109","SLICEM","CLEM_X63Y109","322","135","","X3Y1",""
"u_dut/u_unified_p4_kernel/input_mem_reg[3][31][9]","input_mem_reg","FDRE","SLICE_X95Y107","SLICEM.FFF","SLICE_X95Y107","SLICEM","CLEM_X62Y107","318","137","","X3Y1",""
"u_dut/u_unified_p4_kernel/input_mem_reg[3][32][0]","input_mem_reg","FDRE","SLICE_X56Y121","SLICEM.HFF","SLICE_X56Y121","SLICEM","CLEM_X37Y121","211","122","","X2Y2",""
"u_dut/u_unified_p4_kernel/input_mem_reg[3][32][10]","input_mem_reg","FDRE","SLICE_X53Y107","SLICEM.DFF","SLICE_X53Y107","SLICEM","CLEM_X35Y107","202","137","","X1Y1",""
"u_dut/u_unified_p4_kernel/input_mem_reg[3][32][11]","input_mem_reg","FDRE","SLICE_X56Y121","SLICEM.GFF","SLICE_X56Y121","SLICEM","CLEM_X37Y121","211","122","","X2Y2",""
"u_dut/u_unified_p4_kernel/input_mem_reg[3][32][12]","input_mem_reg","FDRE","SLICE_X68Y112","SLICEL.HFF","SLICE_X68Y112","SLICEL","CLEL_R_X44Y112","243","132","","X2Y1",""
"u_dut/u_unified_p4_kernel/input_mem_reg[3][32][13]","input_mem_reg","FDRE","SLICE_X53Y107","SLICEM.CFF","SLICE_X53Y107","SLICEM","CLEM_X35Y107","202","137","","X1Y1",""
"u_dut/u_unified_p4_kernel/input_mem_reg[3][32][14]","input_mem_reg","FDRE","SLICE_X68Y113","SLICEL.HFF","SLICE_X68Y113","SLICEL","CLEL_R_X44Y113","243","131","","X2Y1",""
"u_dut/u_unified_p4_kernel/input_mem_reg[3][32][15]","input_mem_reg","FDRE","SLICE_X56Y121","SLICEM.FFF","SLICE_X56Y121","SLICEM","CLEM_X37Y121","211","122","","X2Y2",""
"u_dut/u_unified_p4_kernel/input_mem_reg[3][32][1]","input_mem_reg","FDRE","SLICE_X56Y121","SLICEM.EFF","SLICE_X56Y121","SLICEM","CLEM_X37Y121","211","122","","X2Y2",""
"u_dut/u_unified_p4_kernel/input_mem_reg[3][32][2]","input_mem_reg","FDRE","SLICE_X62Y95","SLICEM.DFF2","SLICE_X62Y95","SLICEM","CLEM_X41Y95","229","149","","X2Y1",""
"u_dut/u_unified_p4_kernel/input_mem_reg[3][32][3]","input_mem_reg","FDRE","SLICE_X66Y106","SLICEM.AFF","SLICE_X66Y106","SLICEM","CLEM_X43Y106","237","138","","X2Y1",""
"u_dut/u_unified_p4_kernel/input_mem_reg[3][32][4]","input_mem_reg","FDRE","SLICE_X62Y95","SLICEM.CFF2","SLICE_X62Y95","SLICEM","CLEM_X41Y95","229","149","","X2Y1",""
"u_dut/u_unified_p4_kernel/input_mem_reg[3][32][5]","input_mem_reg","FDRE","SLICE_X54Y122","SLICEL.HFF","SLICE_X54Y122","SLICEL","CLEL_R_X35Y122","204","121","","X1Y2",""
"u_dut/u_unified_p4_kernel/input_mem_reg[3][32][6]","input_mem_reg","FDRE","SLICE_X54Y122","SLICEL.GFF","SLICE_X54Y122","SLICEL","CLEL_R_X35Y122","204","121","","X1Y2",""
"u_dut/u_unified_p4_kernel/input_mem_reg[3][32][7]","input_mem_reg","FDRE","SLICE_X54Y122","SLICEL.FFF","SLICE_X54Y122","SLICEL","CLEL_R_X35Y122","204","121","","X1Y2",""
"u_dut/u_unified_p4_kernel/input_mem_reg[3][32][8]","input_mem_reg","FDRE","SLICE_X54Y122","SLICEL.EFF","SLICE_X54Y122","SLICEL","CLEL_R_X35Y122","204","121","","X1Y2",""
"u_dut/u_unified_p4_kernel/input_mem_reg[3][32][9]","input_mem_reg","FDRE","SLICE_X66Y106","SLICEM.AFF2","SLICE_X66Y106","SLICEM","CLEM_X43Y106","237","138","","X2Y1",""
"u_dut/u_unified_p4_kernel/input_mem_reg[3][33][0]","input_mem_reg","FDRE","SLICE_X55Y119","SLICEM.HFF","SLICE_X55Y119","SLICEM","CLEM_X36Y119","207","125","","X1Y1",""
"u_dut/u_unified_p4_kernel/input_mem_reg[3][33][10]","input_mem_reg","FDRE","SLICE_X55Y119","SLICEM.GFF","SLICE_X55Y119","SLICEM","CLEM_X36Y119","207","125","","X1Y1",""
"u_dut/u_unified_p4_kernel/input_mem_reg[3][33][11]","input_mem_reg","FDRE","SLICE_X81Y109","SLICEM.HFF","SLICE_X81Y109","SLICEM","CLEM_X53Y109","279","135","","X2Y1",""
"u_dut/u_unified_p4_kernel/input_mem_reg[3][33][12]","input_mem_reg","FDRE","SLICE_X64Y95","SLICEL.DFF2","SLICE_X64Y95","SLICEL","CLEL_L_X42Y95","232","149","","X2Y1",""
"u_dut/u_unified_p4_kernel/input_mem_reg[3][33][13]","input_mem_reg","FDRE","SLICE_X81Y109","SLICEM.GFF","SLICE_X81Y109","SLICEM","CLEM_X53Y109","279","135","","X2Y1",""
"u_dut/u_unified_p4_kernel/input_mem_reg[3][33][14]","input_mem_reg","FDRE","SLICE_X72Y110","SLICEL.HFF2","SLICE_X72Y110","SLICEL","CLEL_R_X46Y110","251","134","","X2Y1",""
"u_dut/u_unified_p4_kernel/input_mem_reg[3][33][15]","input_mem_reg","FDRE","SLICE_X72Y110","SLICEL.GFF2","SLICE_X72Y110","SLICEL","CLEL_R_X46Y110","251","134","","X2Y1",""
"u_dut/u_unified_p4_kernel/input_mem_reg[3][33][1]","input_mem_reg","FDRE","SLICE_X55Y119","SLICEM.FFF","SLICE_X55Y119","SLICEM","CLEM_X36Y119","207","125","","X1Y1",""
"u_dut/u_unified_p4_kernel/input_mem_reg[3][33][2]","input_mem_reg","FDRE","SLICE_X84Y107","SLICEL.DFF","SLICE_X84Y107","SLICEL","CLEL_L_X55Y107","286","137","","X2Y1",""
"u_dut/u_unified_p4_kernel/input_mem_reg[3][33][3]","input_mem_reg","FDRE","SLICE_X78Y113","SLICEL.HFF2","SLICE_X78Y113","SLICEL","CLEL_R_X50Y113","267","131","","X2Y1",""
"u_dut/u_unified_p4_kernel/input_mem_reg[3][33][4]","input_mem_reg","FDRE","SLICE_X62Y90","SLICEM.DFF2","SLICE_X62Y90","SLICEM","CLEM_X41Y90","229","154","","X2Y1",""
"u_dut/u_unified_p4_kernel/input_mem_reg[3][33][5]","input_mem_reg","FDRE","SLICE_X53Y120","SLICEM.HFF","SLICE_X53Y120","SLICEM","CLEM_X35Y120","202","123","","X1Y2",""
"u_dut/u_unified_p4_kernel/input_mem_reg[3][33][6]","input_mem_reg","FDRE","SLICE_X84Y106","SLICEL.DFF","SLICE_X84Y106","SLICEL","CLEL_L_X55Y106","286","138","","X2Y1",""
"u_dut/u_unified_p4_kernel/input_mem_reg[3][33][7]","input_mem_reg","FDRE","SLICE_X85Y108","SLICEL.HFF","SLICE_X85Y108","SLICEL","CLEL_R_X55Y108","288","136","","X2Y1",""
"u_dut/u_unified_p4_kernel/input_mem_reg[3][33][8]","input_mem_reg","FDRE","SLICE_X85Y109","SLICEL.AFF","SLICE_X85Y109","SLICEL","CLEL_R_X55Y109","288","135","","X2Y1",""
"u_dut/u_unified_p4_kernel/input_mem_reg[3][33][9]","input_mem_reg","FDRE","SLICE_X85Y108","SLICEL.GFF","SLICE_X85Y108","SLICEL","CLEL_R_X55Y108","288","136","","X2Y1",""
"u_dut/u_unified_p4_kernel/input_mem_reg[3][34][0]","input_mem_reg","FDRE","SLICE_X52Y107","SLICEM.DFF2","SLICE_X52Y107","SLICEM","CLEM_X34Y107","198","137","","X1Y1",""
"u_dut/u_unified_p4_kernel/input_mem_reg[3][34][10]","input_mem_reg","FDRE","SLICE_X73Y98","SLICEL.HFF2","SLICE_X73Y98","SLICEL","CLEL_R_X47Y98","255","146","","X2Y1",""
"u_dut/u_unified_p4_kernel/input_mem_reg[3][34][11]","input_mem_reg","FDRE","SLICE_X52Y107","SLICEM.CFF2","SLICE_X52Y107","SLICEM","CLEM_X34Y107","198","137","","X1Y1",""
"u_dut/u_unified_p4_kernel/input_mem_reg[3][34][12]","input_mem_reg","FDRE","SLICE_X53Y120","SLICEM.GFF","SLICE_X53Y120","SLICEM","CLEM_X35Y120","202","123","","X1Y2",""
"u_dut/u_unified_p4_kernel/input_mem_reg[3][34][13]","input_mem_reg","FDRE","SLICE_X53Y117","SLICEM.HFF2","SLICE_X53Y117","SLICEM","CLEM_X35Y117","202","127","","X1Y1",""
"u_dut/u_unified_p4_kernel/input_mem_reg[3][34][14]","input_mem_reg","FDRE","SLICE_X73Y98","SLICEL.GFF2","SLICE_X73Y98","SLICEL","CLEL_R_X47Y98","255","146","","X2Y1",""
"u_dut/u_unified_p4_kernel/input_mem_reg[3][34][15]","input_mem_reg","FDRE","SLICE_X52Y114","SLICEM.HFF","SLICE_X52Y114","SLICEM","CLEM_X34Y114","198","130","","X1Y1",""
"u_dut/u_unified_p4_kernel/input_mem_reg[3][34][1]","input_mem_reg","FDRE","SLICE_X52Y114","SLICEM.GFF","SLICE_X52Y114","SLICEM","CLEM_X34Y114","198","130","","X1Y1",""
"u_dut/u_unified_p4_kernel/input_mem_reg[3][34][2]","input_mem_reg","FDRE","SLICE_X86Y110","SLICEM.HFF","SLICE_X86Y110","SLICEM","CLEM_X56Y110","291","134","","X2Y1",""
"u_dut/u_unified_p4_kernel/input_mem_reg[3][34][3]","input_mem_reg","FDRE","SLICE_X85Y104","SLICEL.HFF2","SLICE_X85Y104","SLICEL","CLEL_R_X55Y104","288","140","","X2Y1",""
"u_dut/u_unified_p4_kernel/input_mem_reg[3][34][4]","input_mem_reg","FDRE","SLICE_X77Y97","SLICEL.HFF2","SLICE_X77Y97","SLICEL","CLEL_L_X50Y97","265","147","","X2Y1",""
"u_dut/u_unified_p4_kernel/input_mem_reg[3][34][5]","input_mem_reg","FDRE","SLICE_X77Y97","SLICEL.GFF2","SLICE_X77Y97","SLICEL","CLEL_L_X50Y97","265","147","","X2Y1",""
"u_dut/u_unified_p4_kernel/input_mem_reg[3][34][6]","input_mem_reg","FDRE","SLICE_X77Y111","SLICEL.HFF","SLICE_X77Y111","SLICEL","CLEL_L_X50Y111","265","133","","X2Y1",""
"u_dut/u_unified_p4_kernel/input_mem_reg[3][34][7]","input_mem_reg","FDRE","SLICE_X64Y103","SLICEL.HFF","SLICE_X64Y103","SLICEL","CLEL_L_X42Y103","232","141","","X2Y1",""
"u_dut/u_unified_p4_kernel/input_mem_reg[3][34][8]","input_mem_reg","FDRE","SLICE_X65Y100","SLICEL.EFF","SLICE_X65Y100","SLICEL","CLEL_R_X42Y100","234","144","","X2Y1",""
"u_dut/u_unified_p4_kernel/input_mem_reg[3][34][9]","input_mem_reg","FDRE","SLICE_X78Y110","SLICEL.DFF2","SLICE_X78Y110","SLICEL","CLEL_R_X50Y110","267","134","","X2Y1",""
"u_dut/u_unified_p4_kernel/input_mem_reg[3][35][0]","input_mem_reg","FDRE","SLICE_X56Y120","SLICEM.HFF","SLICE_X56Y120","SLICEM","CLEM_X37Y120","211","123","","X2Y2",""
"u_dut/u_unified_p4_kernel/input_mem_reg[3][35][10]","input_mem_reg","FDRE","SLICE_X56Y120","SLICEM.GFF","SLICE_X56Y120","SLICEM","CLEM_X37Y120","211","123","","X2Y2",""
"u_dut/u_unified_p4_kernel/input_mem_reg[3][35][11]","input_mem_reg","FDRE","SLICE_X55Y119","SLICEM.EFF","SLICE_X55Y119","SLICEM","CLEM_X36Y119","207","125","","X1Y1",""
"u_dut/u_unified_p4_kernel/input_mem_reg[3][35][12]","input_mem_reg","FDRE","SLICE_X56Y120","SLICEM.FFF","SLICE_X56Y120","SLICEM","CLEM_X37Y120","211","123","","X2Y2",""
"u_dut/u_unified_p4_kernel/input_mem_reg[3][35][13]","input_mem_reg","FDRE","SLICE_X53Y121","SLICEM.HFF","SLICE_X53Y121","SLICEM","CLEM_X35Y121","202","122","","X1Y2",""
"u_dut/u_unified_p4_kernel/input_mem_reg[3][35][14]","input_mem_reg","FDRE","SLICE_X53Y118","SLICEM.HFF","SLICE_X53Y118","SLICEM","CLEM_X35Y118","202","126","","X1Y1",""
"u_dut/u_unified_p4_kernel/input_mem_reg[3][35][15]","input_mem_reg","FDRE","SLICE_X64Y95","SLICEL.HFF","SLICE_X64Y95","SLICEL","CLEL_L_X42Y95","232","149","","X2Y1",""
"u_dut/u_unified_p4_kernel/input_mem_reg[3][35][1]","input_mem_reg","FDRE","SLICE_X53Y121","SLICEM.GFF","SLICE_X53Y121","SLICEM","CLEM_X35Y121","202","122","","X1Y2",""
"u_dut/u_unified_p4_kernel/input_mem_reg[3][35][2]","input_mem_reg","FDRE","SLICE_X63Y101","SLICEL.HFF2","SLICE_X63Y101","SLICEL","CLEL_R_X41Y101","231","143","","X2Y1",""
"u_dut/u_unified_p4_kernel/input_mem_reg[3][35][3]","input_mem_reg","FDRE","SLICE_X52Y119","SLICEM.HFF2","SLICE_X52Y119","SLICEM","CLEM_X34Y119","198","125","","X1Y1",""
"u_dut/u_unified_p4_kernel/input_mem_reg[3][35][4]","input_mem_reg","FDRE","SLICE_X53Y118","SLICEM.GFF","SLICE_X53Y118","SLICEM","CLEM_X35Y118","202","126","","X1Y1",""
"u_dut/u_unified_p4_kernel/input_mem_reg[3][35][5]","input_mem_reg","FDRE","SLICE_X53Y121","SLICEM.FFF","SLICE_X53Y121","SLICEM","CLEM_X35Y121","202","122","","X1Y2",""
"u_dut/u_unified_p4_kernel/input_mem_reg[3][35][6]","input_mem_reg","FDRE","SLICE_X67Y90","SLICEM.EFF","SLICE_X67Y90","SLICEM","CLEM_X44Y90","241","154","","X2Y1",""
"u_dut/u_unified_p4_kernel/input_mem_reg[3][35][7]","input_mem_reg","FDRE","SLICE_X53Y121","SLICEM.EFF","SLICE_X53Y121","SLICEM","CLEM_X35Y121","202","122","","X1Y2",""
"u_dut/u_unified_p4_kernel/input_mem_reg[3][35][8]","input_mem_reg","FDRE","SLICE_X67Y90","SLICEM.FFF","SLICE_X67Y90","SLICEM","CLEM_X44Y90","241","154","","X2Y1",""
"u_dut/u_unified_p4_kernel/input_mem_reg[3][35][9]","input_mem_reg","FDRE","SLICE_X53Y120","SLICEM.FFF","SLICE_X53Y120","SLICEM","CLEM_X35Y120","202","123","","X1Y2",""
"u_dut/u_unified_p4_kernel/input_mem_reg[3][36][0]","input_mem_reg","FDRE","SLICE_X69Y103","SLICEL.DFF2","SLICE_X69Y103","SLICEL","CLEL_L_X45Y103","244","141","","X2Y1",""
"u_dut/u_unified_p4_kernel/input_mem_reg[3][36][10]","input_mem_reg","FDRE","SLICE_X77Y99","SLICEL.HFF","SLICE_X77Y99","SLICEL","CLEL_L_X50Y99","265","145","","X2Y1",""
"u_dut/u_unified_p4_kernel/input_mem_reg[3][36][11]","input_mem_reg","FDRE","SLICE_X69Y103","SLICEL.CFF2","SLICE_X69Y103","SLICEL","CLEL_L_X45Y103","244","141","","X2Y1",""
"u_dut/u_unified_p4_kernel/input_mem_reg[3][36][12]","input_mem_reg","FDRE","SLICE_X73Y99","SLICEL.HFF","SLICE_X73Y99","SLICEL","CLEL_R_X47Y99","255","145","","X2Y1",""
"u_dut/u_unified_p4_kernel/input_mem_reg[3][36][13]","input_mem_reg","FDRE","SLICE_X76Y99","SLICEL.HFF","SLICE_X76Y99","SLICEL","CLEL_R_X49Y99","264","145","","X2Y1",""
"u_dut/u_unified_p4_kernel/input_mem_reg[3][36][14]","input_mem_reg","FDRE","SLICE_X76Y99","SLICEL.GFF","SLICE_X76Y99","SLICEL","CLEL_R_X49Y99","264","145","","X2Y1",""
"u_dut/u_unified_p4_kernel/input_mem_reg[3][36][15]","input_mem_reg","FDRE","SLICE_X69Y103","SLICEL.BFF2","SLICE_X69Y103","SLICEL","CLEL_L_X45Y103","244","141","","X2Y1",""
"u_dut/u_unified_p4_kernel/input_mem_reg[3][36][1]","input_mem_reg","FDRE","SLICE_X73Y99","SLICEL.GFF","SLICE_X73Y99","SLICEL","CLEL_R_X47Y99","255","145","","X2Y1",""
"u_dut/u_unified_p4_kernel/input_mem_reg[3][36][2]","input_mem_reg","FDRE","SLICE_X72Y101","SLICEL.HFF2","SLICE_X72Y101","SLICEL","CLEL_R_X46Y101","251","143","","X2Y1",""
"u_dut/u_unified_p4_kernel/input_mem_reg[3][36][3]","input_mem_reg","FDRE","SLICE_X80Y97","SLICEL.AFF","SLICE_X80Y97","SLICEL","CLEL_R_X52Y97","276","147","","X2Y1",""
"u_dut/u_unified_p4_kernel/input_mem_reg[3][36][4]","input_mem_reg","FDRE","SLICE_X69Y103","SLICEL.AFF2","SLICE_X69Y103","SLICEL","CLEL_L_X45Y103","244","141","","X2Y1",""
"u_dut/u_unified_p4_kernel/input_mem_reg[3][36][5]","input_mem_reg","FDRE","SLICE_X76Y96","SLICEL.DFF","SLICE_X76Y96","SLICEL","CLEL_R_X49Y96","264","148","","X2Y1",""
"u_dut/u_unified_p4_kernel/input_mem_reg[3][36][6]","input_mem_reg","FDRE","SLICE_X77Y99","SLICEL.GFF","SLICE_X77Y99","SLICEL","CLEL_L_X50Y99","265","145","","X2Y1",""
"u_dut/u_unified_p4_kernel/input_mem_reg[3][36][7]","input_mem_reg","FDRE","SLICE_X72Y96","SLICEL.HFF","SLICE_X72Y96","SLICEL","CLEL_R_X46Y96","251","148","","X2Y1",""
"u_dut/u_unified_p4_kernel/input_mem_reg[3][36][8]","input_mem_reg","FDRE","SLICE_X76Y99","SLICEL.FFF","SLICE_X76Y99","SLICEL","CLEL_R_X49Y99","264","145","","X2Y1",""
"u_dut/u_unified_p4_kernel/input_mem_reg[3][36][9]","input_mem_reg","FDRE","SLICE_X76Y99","SLICEL.EFF","SLICE_X76Y99","SLICEL","CLEL_R_X49Y99","264","145","","X2Y1",""
"u_dut/u_unified_p4_kernel/input_mem_reg[3][37][0]","input_mem_reg","FDRE","SLICE_X70Y102","SLICEL.DFF","SLICE_X70Y102","SLICEL","CLEL_R_X45Y102","246","142","","X2Y1",""
"u_dut/u_unified_p4_kernel/input_mem_reg[3][37][10]","input_mem_reg","FDRE","SLICE_X69Y102","SLICEL.HFF2","SLICE_X69Y102","SLICEL","CLEL_L_X45Y102","244","142","","X2Y1",""
"u_dut/u_unified_p4_kernel/input_mem_reg[3][37][11]","input_mem_reg","FDRE","SLICE_X54Y103","SLICEL.HFF2","SLICE_X54Y103","SLICEL","CLEL_R_X35Y103","204","141","","X1Y1",""
"u_dut/u_unified_p4_kernel/input_mem_reg[3][37][12]","input_mem_reg","FDRE","SLICE_X54Y103","SLICEL.GFF2","SLICE_X54Y103","SLICEL","CLEL_R_X35Y103","204","141","","X1Y1",""
"u_dut/u_unified_p4_kernel/input_mem_reg[3][37][13]","input_mem_reg","FDRE","SLICE_X69Y102","SLICEL.GFF2","SLICE_X69Y102","SLICEL","CLEL_L_X45Y102","244","142","","X2Y1",""
"u_dut/u_unified_p4_kernel/input_mem_reg[3][37][14]","input_mem_reg","FDRE","SLICE_X69Y102","SLICEL.FFF2","SLICE_X69Y102","SLICEL","CLEL_L_X45Y102","244","142","","X2Y1",""
"u_dut/u_unified_p4_kernel/input_mem_reg[3][37][15]","input_mem_reg","FDRE","SLICE_X85Y98","SLICEL.HFF2","SLICE_X85Y98","SLICEL","CLEL_R_X55Y98","288","146","","X2Y1",""
"u_dut/u_unified_p4_kernel/input_mem_reg[3][37][1]","input_mem_reg","FDRE","SLICE_X68Y104","SLICEL.HFF","SLICE_X68Y104","SLICEL","CLEL_R_X44Y104","243","140","","X2Y1",""
"u_dut/u_unified_p4_kernel/input_mem_reg[3][37][2]","input_mem_reg","FDRE","SLICE_X85Y106","SLICEL.HFF","SLICE_X85Y106","SLICEL","CLEL_R_X55Y106","288","138","","X2Y1",""
"u_dut/u_unified_p4_kernel/input_mem_reg[3][37][3]","input_mem_reg","FDRE","SLICE_X85Y106","SLICEL.GFF","SLICE_X85Y106","SLICEL","CLEL_R_X55Y106","288","138","","X2Y1",""
"u_dut/u_unified_p4_kernel/input_mem_reg[3][37][4]","input_mem_reg","FDRE","SLICE_X75Y106","SLICEM.HFF2","SLICE_X75Y106","SLICEM","CLEM_X49Y106","262","138","","X2Y1",""
"u_dut/u_unified_p4_kernel/input_mem_reg[3][37][5]","input_mem_reg","FDRE","SLICE_X69Y105","SLICEL.DFF2","SLICE_X69Y105","SLICEL","CLEL_L_X45Y105","244","139","","X2Y1",""
"u_dut/u_unified_p4_kernel/input_mem_reg[3][37][6]","input_mem_reg","FDRE","SLICE_X84Y97","SLICEL.HFF","SLICE_X84Y97","SLICEL","CLEL_L_X55Y97","286","147","","X2Y1",""
"u_dut/u_unified_p4_kernel/input_mem_reg[3][37][7]","input_mem_reg","FDRE","SLICE_X80Y100","SLICEL.HFF","SLICE_X80Y100","SLICEL","CLEL_R_X52Y100","276","144","","X2Y1",""
"u_dut/u_unified_p4_kernel/input_mem_reg[3][37][8]","input_mem_reg","FDRE","SLICE_X65Y108","SLICEL.DFF","SLICE_X65Y108","SLICEL","CLEL_R_X42Y108","234","136","","X2Y1",""
"u_dut/u_unified_p4_kernel/input_mem_reg[3][37][9]","input_mem_reg","FDRE","SLICE_X65Y108","SLICEL.CFF","SLICE_X65Y108","SLICEL","CLEL_R_X42Y108","234","136","","X2Y1",""
"u_dut/u_unified_p4_kernel/input_mem_reg[3][38][0]","input_mem_reg","FDRE","SLICE_X68Y101","SLICEL.HFF","SLICE_X68Y101","SLICEL","CLEL_R_X44Y101","243","143","","X2Y1",""
"u_dut/u_unified_p4_kernel/input_mem_reg[3][38][10]","input_mem_reg","FDRE","SLICE_X69Y95","SLICEL.HFF2","SLICE_X69Y95","SLICEL","CLEL_L_X45Y95","244","149","","X2Y1",""
"u_dut/u_unified_p4_kernel/input_mem_reg[3][38][11]","input_mem_reg","FDRE","SLICE_X53Y108","SLICEM.HFF","SLICE_X53Y108","SLICEM","CLEM_X35Y108","202","136","","X1Y1",""
"u_dut/u_unified_p4_kernel/input_mem_reg[3][38][12]","input_mem_reg","FDRE","SLICE_X69Y97","SLICEL.HFF2","SLICE_X69Y97","SLICEL","CLEL_L_X45Y97","244","147","","X2Y1",""
"u_dut/u_unified_p4_kernel/input_mem_reg[3][38][13]","input_mem_reg","FDRE","SLICE_X53Y108","SLICEM.GFF","SLICE_X53Y108","SLICEM","CLEM_X35Y108","202","136","","X1Y1",""
"u_dut/u_unified_p4_kernel/input_mem_reg[3][38][14]","input_mem_reg","FDRE","SLICE_X69Y95","SLICEL.GFF2","SLICE_X69Y95","SLICEL","CLEL_L_X45Y95","244","149","","X2Y1",""
"u_dut/u_unified_p4_kernel/input_mem_reg[3][38][15]","input_mem_reg","FDRE","SLICE_X59Y110","SLICEL.HFF","SLICE_X59Y110","SLICEL","CLEL_R_X38Y110","218","134","","X2Y1",""
"u_dut/u_unified_p4_kernel/input_mem_reg[3][38][1]","input_mem_reg","FDRE","SLICE_X59Y110","SLICEL.GFF","SLICE_X59Y110","SLICEL","CLEL_R_X38Y110","218","134","","X2Y1",""
"u_dut/u_unified_p4_kernel/input_mem_reg[3][38][2]","input_mem_reg","FDRE","SLICE_X80Y97","SLICEL.HFF2","SLICE_X80Y97","SLICEL","CLEL_R_X52Y97","276","147","","X2Y1",""
"u_dut/u_unified_p4_kernel/input_mem_reg[3][38][3]","input_mem_reg","FDRE","SLICE_X64Y108","SLICEL.HFF","SLICE_X64Y108","SLICEL","CLEL_L_X42Y108","232","136","","X2Y1",""
"u_dut/u_unified_p4_kernel/input_mem_reg[3][38][4]","input_mem_reg","FDRE","SLICE_X73Y102","SLICEL.DFF2","SLICE_X73Y102","SLICEL","CLEL_R_X47Y102","255","142","","X2Y1",""
"u_dut/u_unified_p4_kernel/input_mem_reg[3][38][5]","input_mem_reg","FDRE","SLICE_X72Y105","SLICEL.HFF2","SLICE_X72Y105","SLICEL","CLEL_R_X46Y105","251","139","","X2Y1",""
"u_dut/u_unified_p4_kernel/input_mem_reg[3][38][6]","input_mem_reg","FDRE","SLICE_X62Y108","SLICEM.EFF","SLICE_X62Y108","SLICEM","CLEM_X41Y108","229","136","","X2Y1",""
"u_dut/u_unified_p4_kernel/input_mem_reg[3][38][7]","input_mem_reg","FDRE","SLICE_X71Y105","SLICEM.AFF","SLICE_X71Y105","SLICEM","CLEM_X46Y105","249","139","","X2Y1",""
"u_dut/u_unified_p4_kernel/input_mem_reg[3][38][8]","input_mem_reg","FDRE","SLICE_X73Y104","SLICEL.EFF","SLICE_X73Y104","SLICEL","CLEL_R_X47Y104","255","140","","X2Y1",""
"u_dut/u_unified_p4_kernel/input_mem_reg[3][38][9]","input_mem_reg","FDRE","SLICE_X76Y96","SLICEL.CFF","SLICE_X76Y96","SLICEL","CLEL_R_X49Y96","264","148","","X2Y1",""
"u_dut/u_unified_p4_kernel/input_mem_reg[3][39][0]","input_mem_reg","FDRE","SLICE_X86Y105","SLICEM.EFF","SLICE_X86Y105","SLICEM","CLEM_X56Y105","291","139","","X2Y1",""
"u_dut/u_unified_p4_kernel/input_mem_reg[3][39][10]","input_mem_reg","FDRE","SLICE_X53Y101","SLICEM.HFF2","SLICE_X53Y101","SLICEM","CLEM_X35Y101","202","143","","X1Y1",""
"u_dut/u_unified_p4_kernel/input_mem_reg[3][39][11]","input_mem_reg","FDRE","SLICE_X53Y101","SLICEM.GFF2","SLICE_X53Y101","SLICEM","CLEM_X35Y101","202","143","","X1Y1",""
"u_dut/u_unified_p4_kernel/input_mem_reg[3][39][12]","input_mem_reg","FDRE","SLICE_X87Y105","SLICEL.EFF","SLICE_X87Y105","SLICEL","CLEL_R_X56Y105","293","139","","X2Y1",""
"u_dut/u_unified_p4_kernel/input_mem_reg[3][39][13]","input_mem_reg","FDRE","SLICE_X58Y113","SLICEM.EFF","SLICE_X58Y113","SLICEM","CLEM_X38Y113","216","131","","X2Y1",""
"u_dut/u_unified_p4_kernel/input_mem_reg[3][39][14]","input_mem_reg","FDRE","SLICE_X58Y113","SLICEM.FFF","SLICE_X58Y113","SLICEM","CLEM_X38Y113","216","131","","X2Y1",""
"u_dut/u_unified_p4_kernel/input_mem_reg[3][39][15]","input_mem_reg","FDRE","SLICE_X80Y95","SLICEL.HFF","SLICE_X80Y95","SLICEL","CLEL_R_X52Y95","276","149","","X2Y1",""
"u_dut/u_unified_p4_kernel/input_mem_reg[3][39][1]","input_mem_reg","FDRE","SLICE_X82Y97","SLICEM.HFF2","SLICE_X82Y97","SLICEM","CLEM_X54Y97","283","147","","X2Y1",""
"u_dut/u_unified_p4_kernel/input_mem_reg[3][39][2]","input_mem_reg","FDRE","SLICE_X87Y107","SLICEL.HFF2","SLICE_X87Y107","SLICEL","CLEL_R_X56Y107","293","137","","X2Y1",""
"u_dut/u_unified_p4_kernel/input_mem_reg[3][39][3]","input_mem_reg","FDRE","SLICE_X69Y97","SLICEL.GFF2","SLICE_X69Y97","SLICEL","CLEL_L_X45Y97","244","147","","X2Y1",""
"u_dut/u_unified_p4_kernel/input_mem_reg[3][39][4]","input_mem_reg","FDRE","SLICE_X69Y105","SLICEL.CFF2","SLICE_X69Y105","SLICEL","CLEL_L_X45Y105","244","139","","X2Y1",""
"u_dut/u_unified_p4_kernel/input_mem_reg[3][39][5]","input_mem_reg","FDRE","SLICE_X84Y110","SLICEL.DFF","SLICE_X84Y110","SLICEL","CLEL_L_X55Y110","286","134","","X2Y1",""
"u_dut/u_unified_p4_kernel/input_mem_reg[3][39][6]","input_mem_reg","FDRE","SLICE_X69Y97","SLICEL.FFF2","SLICE_X69Y97","SLICEL","CLEL_L_X45Y97","244","147","","X2Y1",""
"u_dut/u_unified_p4_kernel/input_mem_reg[3][39][7]","input_mem_reg","FDRE","SLICE_X85Y98","SLICEL.GFF2","SLICE_X85Y98","SLICEL","CLEL_R_X55Y98","288","146","","X2Y1",""
"u_dut/u_unified_p4_kernel/input_mem_reg[3][39][8]","input_mem_reg","FDRE","SLICE_X86Y105","SLICEM.FFF","SLICE_X86Y105","SLICEM","CLEM_X56Y105","291","139","","X2Y1",""
"u_dut/u_unified_p4_kernel/input_mem_reg[3][39][9]","input_mem_reg","FDRE","SLICE_X82Y97","SLICEM.GFF2","SLICE_X82Y97","SLICEM","CLEM_X54Y97","283","147","","X2Y1",""
"u_dut/u_unified_p4_kernel/input_mem_reg[3][3][0]","input_mem_reg","FDRE","SLICE_X81Y75","SLICEM.HFF","SLICE_X81Y75","SLICEM","CLEM_X53Y75","279","170","","X2Y1",""
"u_dut/u_unified_p4_kernel/input_mem_reg[3][3][10]","input_mem_reg","FDRE","SLICE_X95Y92","SLICEM.HFF2","SLICE_X95Y92","SLICEM","CLEM_X62Y92","318","152","","X3Y1",""
"u_dut/u_unified_p4_kernel/input_mem_reg[3][3][11]","input_mem_reg","FDRE","SLICE_X86Y93","SLICEM.HFF2","SLICE_X86Y93","SLICEM","CLEM_X56Y93","291","151","","X2Y1",""
"u_dut/u_unified_p4_kernel/input_mem_reg[3][3][12]","input_mem_reg","FDRE","SLICE_X86Y93","SLICEM.GFF2","SLICE_X86Y93","SLICEM","CLEM_X56Y93","291","151","","X2Y1",""
"u_dut/u_unified_p4_kernel/input_mem_reg[3][3][13]","input_mem_reg","FDRE","SLICE_X82Y71","SLICEM.HFF","SLICE_X82Y71","SLICEM","CLEM_X54Y71","283","174","","X2Y1",""
"u_dut/u_unified_p4_kernel/input_mem_reg[3][3][14]","input_mem_reg","FDRE","SLICE_X84Y77","SLICEL.DFF","SLICE_X84Y77","SLICEL","CLEL_L_X55Y77","286","168","","X2Y1",""
"u_dut/u_unified_p4_kernel/input_mem_reg[3][3][15]","input_mem_reg","FDRE","SLICE_X95Y92","SLICEM.GFF2","SLICE_X95Y92","SLICEM","CLEM_X62Y92","318","152","","X3Y1",""
"u_dut/u_unified_p4_kernel/input_mem_reg[3][3][1]","input_mem_reg","FDRE","SLICE_X82Y73","SLICEM.FFF2","SLICE_X82Y73","SLICEM","CLEM_X54Y73","283","172","","X2Y1",""
"u_dut/u_unified_p4_kernel/input_mem_reg[3][3][2]","input_mem_reg","FDRE","SLICE_X83Y72","SLICEL.DFF","SLICE_X83Y72","SLICEL","CLEL_R_X54Y72","285","173","","X2Y1",""
"u_dut/u_unified_p4_kernel/input_mem_reg[3][3][3]","input_mem_reg","FDRE","SLICE_X82Y73","SLICEM.EFF2","SLICE_X82Y73","SLICEM","CLEM_X54Y73","283","172","","X2Y1",""
"u_dut/u_unified_p4_kernel/input_mem_reg[3][3][4]","input_mem_reg","FDRE","SLICE_X84Y77","SLICEL.CFF","SLICE_X84Y77","SLICEL","CLEL_L_X55Y77","286","168","","X2Y1",""
"u_dut/u_unified_p4_kernel/input_mem_reg[3][3][5]","input_mem_reg","FDRE","SLICE_X88Y79","SLICEL.DFF","SLICE_X88Y79","SLICEL","CLEL_R_X57Y79","297","166","","X2Y1",""
"u_dut/u_unified_p4_kernel/input_mem_reg[3][3][6]","input_mem_reg","FDRE","SLICE_X86Y80","SLICEM.HFF","SLICE_X86Y80","SLICEM","CLEM_X56Y80","291","165","","X2Y1",""
"u_dut/u_unified_p4_kernel/input_mem_reg[3][3][7]","input_mem_reg","FDRE","SLICE_X85Y77","SLICEL.EFF2","SLICE_X85Y77","SLICEL","CLEL_R_X55Y77","288","168","","X2Y1",""
"u_dut/u_unified_p4_kernel/input_mem_reg[3][3][8]","input_mem_reg","FDRE","SLICE_X86Y80","SLICEM.GFF","SLICE_X86Y80","SLICEM","CLEM_X56Y80","291","165","","X2Y1",""
"u_dut/u_unified_p4_kernel/input_mem_reg[3][3][9]","input_mem_reg","FDRE","SLICE_X88Y79","SLICEL.CFF","SLICE_X88Y79","SLICEL","CLEL_R_X57Y79","297","166","","X2Y1",""
"u_dut/u_unified_p4_kernel/input_mem_reg[3][40][0]","input_mem_reg","FDRE","SLICE_X83Y97","SLICEL.HFF2","SLICE_X83Y97","SLICEL","CLEL_R_X54Y97","285","147","","X2Y1",""
"u_dut/u_unified_p4_kernel/input_mem_reg[3][40][10]","input_mem_reg","FDRE","SLICE_X83Y104","SLICEL.HFF","SLICE_X83Y104","SLICEL","CLEL_R_X54Y104","285","140","","X2Y1",""
"u_dut/u_unified_p4_kernel/input_mem_reg[3][40][11]","input_mem_reg","FDRE","SLICE_X50Y108","SLICEM.HFF","SLICE_X50Y108","SLICEM","CLEM_X33Y108","193","136","","X1Y1",""
"u_dut/u_unified_p4_kernel/input_mem_reg[3][40][12]","input_mem_reg","FDRE","SLICE_X50Y108","SLICEM.GFF","SLICE_X50Y108","SLICEM","CLEM_X33Y108","193","136","","X1Y1",""
"u_dut/u_unified_p4_kernel/input_mem_reg[3][40][13]","input_mem_reg","FDRE","SLICE_X51Y102","SLICEL.HFF","SLICE_X51Y102","SLICEL","CLEL_R_X33Y102","195","142","","X1Y1",""
"u_dut/u_unified_p4_kernel/input_mem_reg[3][40][14]","input_mem_reg","FDRE","SLICE_X51Y102","SLICEL.GFF","SLICE_X51Y102","SLICEL","CLEL_R_X33Y102","195","142","","X1Y1",""
"u_dut/u_unified_p4_kernel/input_mem_reg[3][40][15]","input_mem_reg","FDRE","SLICE_X78Y95","SLICEL.DFF","SLICE_X78Y95","SLICEL","CLEL_R_X50Y95","267","149","","X2Y1",""
"u_dut/u_unified_p4_kernel/input_mem_reg[3][40][1]","input_mem_reg","FDRE","SLICE_X69Y108","SLICEL.DFF","SLICE_X69Y108","SLICEL","CLEL_L_X45Y108","244","136","","X2Y1",""
"u_dut/u_unified_p4_kernel/input_mem_reg[3][40][2]","input_mem_reg","FDRE","SLICE_X53Y106","SLICEM.DFF2","SLICE_X53Y106","SLICEM","CLEM_X35Y106","202","138","","X1Y1",""
"u_dut/u_unified_p4_kernel/input_mem_reg[3][40][3]","input_mem_reg","FDRE","SLICE_X56Y93","SLICEM.HFF","SLICE_X56Y93","SLICEM","CLEM_X37Y93","211","151","","X2Y1",""
"u_dut/u_unified_p4_kernel/input_mem_reg[3][40][4]","input_mem_reg","FDRE","SLICE_X70Y104","SLICEL.HFF2","SLICE_X70Y104","SLICEL","CLEL_R_X45Y104","246","140","","X2Y1",""
"u_dut/u_unified_p4_kernel/input_mem_reg[3][40][5]","input_mem_reg","FDRE","SLICE_X83Y106","SLICEL.HFF2","SLICE_X83Y106","SLICEL","CLEL_R_X54Y106","285","138","","X2Y1",""
"u_dut/u_unified_p4_kernel/input_mem_reg[3][40][6]","input_mem_reg","FDRE","SLICE_X56Y93","SLICEM.GFF","SLICE_X56Y93","SLICEM","CLEM_X37Y93","211","151","","X2Y1",""
"u_dut/u_unified_p4_kernel/input_mem_reg[3][40][7]","input_mem_reg","FDRE","SLICE_X53Y106","SLICEM.CFF2","SLICE_X53Y106","SLICEM","CLEM_X35Y106","202","138","","X1Y1",""
"u_dut/u_unified_p4_kernel/input_mem_reg[3][40][8]","input_mem_reg","FDRE","SLICE_X56Y109","SLICEM.HFF","SLICE_X56Y109","SLICEM","CLEM_X37Y109","211","135","","X2Y1",""
"u_dut/u_unified_p4_kernel/input_mem_reg[3][40][9]","input_mem_reg","FDRE","SLICE_X55Y105","SLICEM.HFF","SLICE_X55Y105","SLICEM","CLEM_X36Y105","207","139","","X1Y1",""
"u_dut/u_unified_p4_kernel/input_mem_reg[3][41][0]","input_mem_reg","FDRE","SLICE_X83Y102","SLICEL.HFF","SLICE_X83Y102","SLICEL","CLEL_R_X54Y102","285","142","","X2Y1",""
"u_dut/u_unified_p4_kernel/input_mem_reg[3][41][10]","input_mem_reg","FDRE","SLICE_X83Y102","SLICEL.GFF","SLICE_X83Y102","SLICEL","CLEL_R_X54Y102","285","142","","X2Y1",""
"u_dut/u_unified_p4_kernel/input_mem_reg[3][41][11]","input_mem_reg","FDRE","SLICE_X68Y110","SLICEL.DFF2","SLICE_X68Y110","SLICEL","CLEL_R_X44Y110","243","134","","X2Y1",""
"u_dut/u_unified_p4_kernel/input_mem_reg[3][41][12]","input_mem_reg","FDRE","SLICE_X70Y110","SLICEL.HFF","SLICE_X70Y110","SLICEL","CLEL_R_X45Y110","246","134","","X2Y1",""
"u_dut/u_unified_p4_kernel/input_mem_reg[3][41][13]","input_mem_reg","FDRE","SLICE_X54Y110","SLICEL.HFF2","SLICE_X54Y110","SLICEL","CLEL_R_X35Y110","204","134","","X1Y1",""
"u_dut/u_unified_p4_kernel/input_mem_reg[3][41][14]","input_mem_reg","FDRE","SLICE_X54Y110","SLICEL.GFF2","SLICE_X54Y110","SLICEL","CLEL_R_X35Y110","204","134","","X1Y1",""
"u_dut/u_unified_p4_kernel/input_mem_reg[3][41][15]","input_mem_reg","FDRE","SLICE_X53Y111","SLICEM.HFF2","SLICE_X53Y111","SLICEM","CLEM_X35Y111","202","133","","X1Y1",""
"u_dut/u_unified_p4_kernel/input_mem_reg[3][41][1]","input_mem_reg","FDRE","SLICE_X54Y110","SLICEL.FFF2","SLICE_X54Y110","SLICEL","CLEL_R_X35Y110","204","134","","X1Y1",""
"u_dut/u_unified_p4_kernel/input_mem_reg[3][41][2]","input_mem_reg","FDRE","SLICE_X69Y99","SLICEL.EFF","SLICE_X69Y99","SLICEL","CLEL_L_X45Y99","244","145","","X2Y1",""
"u_dut/u_unified_p4_kernel/input_mem_reg[3][41][3]","input_mem_reg","FDRE","SLICE_X53Y111","SLICEM.GFF2","SLICE_X53Y111","SLICEM","CLEM_X35Y111","202","133","","X1Y1",""
"u_dut/u_unified_p4_kernel/input_mem_reg[3][41][4]","input_mem_reg","FDRE","SLICE_X83Y106","SLICEL.GFF2","SLICE_X83Y106","SLICEL","CLEL_R_X54Y106","285","138","","X2Y1",""
"u_dut/u_unified_p4_kernel/input_mem_reg[3][41][5]","input_mem_reg","FDRE","SLICE_X68Y107","SLICEL.EFF","SLICE_X68Y107","SLICEL","CLEL_R_X44Y107","243","137","","X2Y1",""
"u_dut/u_unified_p4_kernel/input_mem_reg[3][41][6]","input_mem_reg","FDRE","SLICE_X70Y104","SLICEL.GFF2","SLICE_X70Y104","SLICEL","CLEL_R_X45Y104","246","140","","X2Y1",""
"u_dut/u_unified_p4_kernel/input_mem_reg[3][41][7]","input_mem_reg","FDRE","SLICE_X54Y110","SLICEL.EFF2","SLICE_X54Y110","SLICEL","CLEL_R_X35Y110","204","134","","X1Y1",""
"u_dut/u_unified_p4_kernel/input_mem_reg[3][41][8]","input_mem_reg","FDRE","SLICE_X70Y108","SLICEL.HFF","SLICE_X70Y108","SLICEL","CLEL_R_X45Y108","246","136","","X2Y1",""
"u_dut/u_unified_p4_kernel/input_mem_reg[3][41][9]","input_mem_reg","FDRE","SLICE_X69Y99","SLICEL.DFF","SLICE_X69Y99","SLICEL","CLEL_L_X45Y99","244","145","","X2Y1",""
"u_dut/u_unified_p4_kernel/input_mem_reg[3][42][0]","input_mem_reg","FDRE","SLICE_X53Y111","SLICEM.FFF2","SLICE_X53Y111","SLICEM","CLEM_X35Y111","202","133","","X1Y1",""
"u_dut/u_unified_p4_kernel/input_mem_reg[3][42][10]","input_mem_reg","FDRE","SLICE_X51Y108","SLICEL.HFF","SLICE_X51Y108","SLICEL","CLEL_R_X33Y108","195","136","","X1Y1",""
"u_dut/u_unified_p4_kernel/input_mem_reg[3][42][11]","input_mem_reg","FDRE","SLICE_X55Y110","SLICEM.AFF","SLICE_X55Y110","SLICEM","CLEM_X36Y110","207","134","","X1Y1",""
"u_dut/u_unified_p4_kernel/input_mem_reg[3][42][12]","input_mem_reg","FDRE","SLICE_X51Y108","SLICEL.GFF","SLICE_X51Y108","SLICEL","CLEL_R_X33Y108","195","136","","X1Y1",""
"u_dut/u_unified_p4_kernel/input_mem_reg[3][42][13]","input_mem_reg","FDRE","SLICE_X68Y105","SLICEL.HFF2","SLICE_X68Y105","SLICEL","CLEL_R_X44Y105","243","139","","X2Y1",""
"u_dut/u_unified_p4_kernel/input_mem_reg[3][42][14]","input_mem_reg","FDRE","SLICE_X59Y97","SLICEL.HFF2","SLICE_X59Y97","SLICEL","CLEL_R_X38Y97","218","147","","X2Y1",""
"u_dut/u_unified_p4_kernel/input_mem_reg[3][42][15]","input_mem_reg","FDRE","SLICE_X59Y97","SLICEL.GFF2","SLICE_X59Y97","SLICEL","CLEL_R_X38Y97","218","147","","X2Y1",""
"u_dut/u_unified_p4_kernel/input_mem_reg[3][42][1]","input_mem_reg","FDRE","SLICE_X54Y112","SLICEL.HFF2","SLICE_X54Y112","SLICEL","CLEL_R_X35Y112","204","132","","X1Y1",""
"u_dut/u_unified_p4_kernel/input_mem_reg[3][42][2]","input_mem_reg","FDRE","SLICE_X70Y108","SLICEL.GFF","SLICE_X70Y108","SLICEL","CLEL_R_X45Y108","246","136","","X2Y1",""
"u_dut/u_unified_p4_kernel/input_mem_reg[3][42][3]","input_mem_reg","FDRE","SLICE_X51Y108","SLICEL.FFF","SLICE_X51Y108","SLICEL","CLEL_R_X33Y108","195","136","","X1Y1",""
"u_dut/u_unified_p4_kernel/input_mem_reg[3][42][4]","input_mem_reg","FDRE","SLICE_X68Y105","SLICEL.GFF2","SLICE_X68Y105","SLICEL","CLEL_R_X44Y105","243","139","","X2Y1",""
"u_dut/u_unified_p4_kernel/input_mem_reg[3][42][5]","input_mem_reg","FDRE","SLICE_X54Y112","SLICEL.GFF2","SLICE_X54Y112","SLICEL","CLEL_R_X35Y112","204","132","","X1Y1",""
"u_dut/u_unified_p4_kernel/input_mem_reg[3][42][6]","input_mem_reg","FDRE","SLICE_X70Y108","SLICEL.FFF","SLICE_X70Y108","SLICEL","CLEL_R_X45Y108","246","136","","X2Y1",""
"u_dut/u_unified_p4_kernel/input_mem_reg[3][42][7]","input_mem_reg","FDRE","SLICE_X52Y111","SLICEM.DFF2","SLICE_X52Y111","SLICEM","CLEM_X34Y111","198","133","","X1Y1",""
"u_dut/u_unified_p4_kernel/input_mem_reg[3][42][8]","input_mem_reg","FDRE","SLICE_X51Y109","SLICEL.DFF2","SLICE_X51Y109","SLICEL","CLEL_R_X33Y109","195","135","","X1Y1",""
"u_dut/u_unified_p4_kernel/input_mem_reg[3][42][9]","input_mem_reg","FDRE","SLICE_X52Y111","SLICEM.CFF2","SLICE_X52Y111","SLICEM","CLEM_X34Y111","198","133","","X1Y1",""
"u_dut/u_unified_p4_kernel/input_mem_reg[3][43][0]","input_mem_reg","FDRE","SLICE_X50Y113","SLICEM.DFF2","SLICE_X50Y113","SLICEM","CLEM_X33Y113","193","131","","X1Y1",""
"u_dut/u_unified_p4_kernel/input_mem_reg[3][43][10]","input_mem_reg","FDRE","SLICE_X50Y113","SLICEM.CFF2","SLICE_X50Y113","SLICEM","CLEM_X33Y113","193","131","","X1Y1",""
"u_dut/u_unified_p4_kernel/input_mem_reg[3][43][11]","input_mem_reg","FDRE","SLICE_X53Y106","SLICEM.BFF2","SLICE_X53Y106","SLICEM","CLEM_X35Y106","202","138","","X1Y1",""
"u_dut/u_unified_p4_kernel/input_mem_reg[3][43][12]","input_mem_reg","FDRE","SLICE_X54Y104","SLICEL.HFF2","SLICE_X54Y104","SLICEL","CLEL_R_X35Y104","204","140","","X1Y1",""
"u_dut/u_unified_p4_kernel/input_mem_reg[3][43][13]","input_mem_reg","FDRE","SLICE_X68Y92","SLICEL.EFF","SLICE_X68Y92","SLICEL","CLEL_R_X44Y92","243","152","","X2Y1",""
"u_dut/u_unified_p4_kernel/input_mem_reg[3][43][14]","input_mem_reg","FDRE","SLICE_X63Y106","SLICEL.DFF2","SLICE_X63Y106","SLICEL","CLEL_R_X41Y106","231","138","","X2Y1",""
"u_dut/u_unified_p4_kernel/input_mem_reg[3][43][15]","input_mem_reg","FDRE","SLICE_X69Y108","SLICEL.CFF","SLICE_X69Y108","SLICEL","CLEL_L_X45Y108","244","136","","X2Y1",""
"u_dut/u_unified_p4_kernel/input_mem_reg[3][43][1]","input_mem_reg","FDRE","SLICE_X69Y108","SLICEL.BFF","SLICE_X69Y108","SLICEL","CLEL_L_X45Y108","244","136","","X2Y1",""
"u_dut/u_unified_p4_kernel/input_mem_reg[3][43][2]","input_mem_reg","FDRE","SLICE_X62Y92","SLICEM.HFF2","SLICE_X62Y92","SLICEM","CLEM_X41Y92","229","152","","X2Y1",""
"u_dut/u_unified_p4_kernel/input_mem_reg[3][43][3]","input_mem_reg","FDRE","SLICE_X64Y109","SLICEL.HFF","SLICE_X64Y109","SLICEL","CLEL_L_X42Y109","232","135","","X2Y1",""
"u_dut/u_unified_p4_kernel/input_mem_reg[3][43][4]","input_mem_reg","FDRE","SLICE_X54Y104","SLICEL.GFF2","SLICE_X54Y104","SLICEL","CLEL_R_X35Y104","204","140","","X1Y1",""
"u_dut/u_unified_p4_kernel/input_mem_reg[3][43][5]","input_mem_reg","FDRE","SLICE_X62Y92","SLICEM.GFF2","SLICE_X62Y92","SLICEM","CLEM_X41Y92","229","152","","X2Y1",""
"u_dut/u_unified_p4_kernel/input_mem_reg[3][43][6]","input_mem_reg","FDRE","SLICE_X52Y96","SLICEM.HFF2","SLICE_X52Y96","SLICEM","CLEM_X34Y96","198","148","","X1Y1",""
"u_dut/u_unified_p4_kernel/input_mem_reg[3][43][7]","input_mem_reg","FDRE","SLICE_X68Y94","SLICEL.HFF2","SLICE_X68Y94","SLICEL","CLEL_R_X44Y94","243","150","","X2Y1",""
"u_dut/u_unified_p4_kernel/input_mem_reg[3][43][8]","input_mem_reg","FDRE","SLICE_X52Y96","SLICEM.GFF2","SLICE_X52Y96","SLICEM","CLEM_X34Y96","198","148","","X1Y1",""
"u_dut/u_unified_p4_kernel/input_mem_reg[3][43][9]","input_mem_reg","FDRE","SLICE_X52Y96","SLICEM.FFF2","SLICE_X52Y96","SLICEM","CLEM_X34Y96","198","148","","X1Y1",""
"u_dut/u_unified_p4_kernel/input_mem_reg[3][44][0]","input_mem_reg","FDRE","SLICE_X60Y99","SLICEL.HFF2","SLICE_X60Y99","SLICEL","CLEL_R_X39Y99","222","145","","X2Y1",""
"u_dut/u_unified_p4_kernel/input_mem_reg[3][44][10]","input_mem_reg","FDRE","SLICE_X62Y103","SLICEM.AFF","SLICE_X62Y103","SLICEM","CLEM_X41Y103","229","141","","X2Y1",""
"u_dut/u_unified_p4_kernel/input_mem_reg[3][44][11]","input_mem_reg","FDRE","SLICE_X59Y106","SLICEL.EFF","SLICE_X59Y106","SLICEL","CLEL_R_X38Y106","218","138","","X2Y1",""
"u_dut/u_unified_p4_kernel/input_mem_reg[3][44][12]","input_mem_reg","FDRE","SLICE_X50Y110","SLICEM.HFF","SLICE_X50Y110","SLICEM","CLEM_X33Y110","193","134","","X1Y1",""
"u_dut/u_unified_p4_kernel/input_mem_reg[3][44][13]","input_mem_reg","FDRE","SLICE_X59Y106","SLICEL.EFF2","SLICE_X59Y106","SLICEL","CLEL_R_X38Y106","218","138","","X2Y1",""
"u_dut/u_unified_p4_kernel/input_mem_reg[3][44][14]","input_mem_reg","FDRE","SLICE_X50Y111","SLICEM.HFF","SLICE_X50Y111","SLICEM","CLEM_X33Y111","193","133","","X1Y1",""
"u_dut/u_unified_p4_kernel/input_mem_reg[3][44][15]","input_mem_reg","FDRE","SLICE_X52Y103","SLICEM.HFF2","SLICE_X52Y103","SLICEM","CLEM_X34Y103","198","141","","X1Y1",""
"u_dut/u_unified_p4_kernel/input_mem_reg[3][44][1]","input_mem_reg","FDRE","SLICE_X48Y105","SLICEL.HFF","SLICE_X48Y105","SLICEL","CLEL_R_X31Y105","186","139","","X1Y1",""
"u_dut/u_unified_p4_kernel/input_mem_reg[3][44][2]","input_mem_reg","FDRE","SLICE_X48Y105","SLICEL.GFF","SLICE_X48Y105","SLICEL","CLEL_R_X31Y105","186","139","","X1Y1",""
"u_dut/u_unified_p4_kernel/input_mem_reg[3][44][3]","input_mem_reg","FDRE","SLICE_X48Y109","SLICEL.HFF2","SLICE_X48Y109","SLICEL","CLEL_R_X31Y109","186","135","","X1Y1",""
"u_dut/u_unified_p4_kernel/input_mem_reg[3][44][4]","input_mem_reg","FDRE","SLICE_X48Y109","SLICEL.GFF2","SLICE_X48Y109","SLICEL","CLEL_R_X31Y109","186","135","","X1Y1",""
"u_dut/u_unified_p4_kernel/input_mem_reg[3][44][5]","input_mem_reg","FDRE","SLICE_X48Y105","SLICEL.FFF","SLICE_X48Y105","SLICEL","CLEL_R_X31Y105","186","139","","X1Y1",""
"u_dut/u_unified_p4_kernel/input_mem_reg[3][44][6]","input_mem_reg","FDRE","SLICE_X48Y105","SLICEL.EFF","SLICE_X48Y105","SLICEL","CLEL_R_X31Y105","186","139","","X1Y1",""
"u_dut/u_unified_p4_kernel/input_mem_reg[3][44][7]","input_mem_reg","FDRE","SLICE_X50Y110","SLICEM.GFF","SLICE_X50Y110","SLICEM","CLEM_X33Y110","193","134","","X1Y1",""
"u_dut/u_unified_p4_kernel/input_mem_reg[3][44][8]","input_mem_reg","FDRE","SLICE_X48Y109","SLICEL.FFF2","SLICE_X48Y109","SLICEL","CLEL_R_X31Y109","186","135","","X1Y1",""
"u_dut/u_unified_p4_kernel/input_mem_reg[3][44][9]","input_mem_reg","FDRE","SLICE_X52Y109","SLICEM.HFF2","SLICE_X52Y109","SLICEM","CLEM_X34Y109","198","135","","X1Y1",""
"u_dut/u_unified_p4_kernel/input_mem_reg[3][45][0]","input_mem_reg","FDRE","SLICE_X54Y109","SLICEL.DFF","SLICE_X54Y109","SLICEL","CLEL_R_X35Y109","204","135","","X1Y1",""
"u_dut/u_unified_p4_kernel/input_mem_reg[3][45][10]","input_mem_reg","FDRE","SLICE_X54Y107","SLICEL.HFF2","SLICE_X54Y107","SLICEL","CLEL_R_X35Y107","204","137","","X1Y1",""
"u_dut/u_unified_p4_kernel/input_mem_reg[3][45][11]","input_mem_reg","FDRE","SLICE_X55Y108","SLICEM.HFF","SLICE_X55Y108","SLICEM","CLEM_X36Y108","207","136","","X1Y1",""
"u_dut/u_unified_p4_kernel/input_mem_reg[3][45][12]","input_mem_reg","FDRE","SLICE_X55Y108","SLICEM.GFF","SLICE_X55Y108","SLICEM","CLEM_X36Y108","207","136","","X1Y1",""
"u_dut/u_unified_p4_kernel/input_mem_reg[3][45][13]","input_mem_reg","FDRE","SLICE_X54Y109","SLICEL.CFF","SLICE_X54Y109","SLICEL","CLEL_R_X35Y109","204","135","","X1Y1",""
"u_dut/u_unified_p4_kernel/input_mem_reg[3][45][14]","input_mem_reg","FDRE","SLICE_X55Y108","SLICEM.FFF","SLICE_X55Y108","SLICEM","CLEM_X36Y108","207","136","","X1Y1",""
"u_dut/u_unified_p4_kernel/input_mem_reg[3][45][15]","input_mem_reg","FDRE","SLICE_X69Y106","SLICEL.DFF","SLICE_X69Y106","SLICEL","CLEL_L_X45Y106","244","138","","X2Y1",""
"u_dut/u_unified_p4_kernel/input_mem_reg[3][45][1]","input_mem_reg","FDRE","SLICE_X74Y96","SLICEM.HFF","SLICE_X74Y96","SLICEM","CLEM_X48Y96","258","148","","X2Y1",""
"u_dut/u_unified_p4_kernel/input_mem_reg[3][45][2]","input_mem_reg","FDRE","SLICE_X50Y110","SLICEM.FFF","SLICE_X50Y110","SLICEM","CLEM_X33Y110","193","134","","X1Y1",""
"u_dut/u_unified_p4_kernel/input_mem_reg[3][45][3]","input_mem_reg","FDRE","SLICE_X69Y106","SLICEL.CFF","SLICE_X69Y106","SLICEL","CLEL_L_X45Y106","244","138","","X2Y1",""
"u_dut/u_unified_p4_kernel/input_mem_reg[3][45][4]","input_mem_reg","FDRE","SLICE_X49Y110","SLICEM.HFF","SLICE_X49Y110","SLICEM","CLEM_X32Y110","189","134","","X1Y1",""
"u_dut/u_unified_p4_kernel/input_mem_reg[3][45][5]","input_mem_reg","FDRE","SLICE_X74Y96","SLICEM.GFF","SLICE_X74Y96","SLICEM","CLEM_X48Y96","258","148","","X2Y1",""
"u_dut/u_unified_p4_kernel/input_mem_reg[3][45][6]","input_mem_reg","FDRE","SLICE_X54Y109","SLICEL.BFF","SLICE_X54Y109","SLICEL","CLEL_R_X35Y109","204","135","","X1Y1",""
"u_dut/u_unified_p4_kernel/input_mem_reg[3][45][7]","input_mem_reg","FDRE","SLICE_X50Y110","SLICEM.EFF","SLICE_X50Y110","SLICEM","CLEM_X33Y110","193","134","","X1Y1",""
"u_dut/u_unified_p4_kernel/input_mem_reg[3][45][8]","input_mem_reg","FDRE","SLICE_X50Y111","SLICEM.GFF","SLICE_X50Y111","SLICEM","CLEM_X33Y111","193","133","","X1Y1",""
"u_dut/u_unified_p4_kernel/input_mem_reg[3][45][9]","input_mem_reg","FDRE","SLICE_X54Y109","SLICEL.AFF","SLICE_X54Y109","SLICEL","CLEL_R_X35Y109","204","135","","X1Y1",""
"u_dut/u_unified_p4_kernel/input_mem_reg[3][46][0]","input_mem_reg","FDRE","SLICE_X68Y109","SLICEL.DFF","SLICE_X68Y109","SLICEL","CLEL_R_X44Y109","243","135","","X2Y1",""
"u_dut/u_unified_p4_kernel/input_mem_reg[3][46][10]","input_mem_reg","FDRE","SLICE_X70Y112","SLICEL.HFF2","SLICE_X70Y112","SLICEL","CLEL_R_X45Y112","246","132","","X2Y1",""
"u_dut/u_unified_p4_kernel/input_mem_reg[3][46][11]","input_mem_reg","FDRE","SLICE_X50Y115","SLICEM.DFF2","SLICE_X50Y115","SLICEM","CLEM_X33Y115","193","129","","X1Y1",""
"u_dut/u_unified_p4_kernel/input_mem_reg[3][46][12]","input_mem_reg","FDRE","SLICE_X70Y112","SLICEL.GFF2","SLICE_X70Y112","SLICEL","CLEL_R_X45Y112","246","132","","X2Y1",""
"u_dut/u_unified_p4_kernel/input_mem_reg[3][46][13]","input_mem_reg","FDRE","SLICE_X55Y114","SLICEM.HFF2","SLICE_X55Y114","SLICEM","CLEM_X36Y114","207","130","","X1Y1",""
"u_dut/u_unified_p4_kernel/input_mem_reg[3][46][14]","input_mem_reg","FDRE","SLICE_X59Y114","SLICEL.HFF","SLICE_X59Y114","SLICEL","CLEL_R_X38Y114","218","130","","X2Y1",""
"u_dut/u_unified_p4_kernel/input_mem_reg[3][46][15]","input_mem_reg","FDRE","SLICE_X52Y116","SLICEM.HFF2","SLICE_X52Y116","SLICEM","CLEM_X34Y116","198","128","","X1Y1",""
"u_dut/u_unified_p4_kernel/input_mem_reg[3][46][1]","input_mem_reg","FDRE","SLICE_X70Y112","SLICEL.FFF2","SLICE_X70Y112","SLICEL","CLEL_R_X45Y112","246","132","","X2Y1",""
"u_dut/u_unified_p4_kernel/input_mem_reg[3][46][2]","input_mem_reg","FDRE","SLICE_X74Y96","SLICEM.FFF","SLICE_X74Y96","SLICEM","CLEM_X48Y96","258","148","","X2Y1",""
"u_dut/u_unified_p4_kernel/input_mem_reg[3][46][3]","input_mem_reg","FDRE","SLICE_X55Y111","SLICEM.DFF","SLICE_X55Y111","SLICEM","CLEM_X36Y111","207","133","","X1Y1",""
"u_dut/u_unified_p4_kernel/input_mem_reg[3][46][4]","input_mem_reg","FDRE","SLICE_X52Y109","SLICEM.GFF2","SLICE_X52Y109","SLICEM","CLEM_X34Y109","198","135","","X1Y1",""
"u_dut/u_unified_p4_kernel/input_mem_reg[3][46][5]","input_mem_reg","FDRE","SLICE_X72Y97","SLICEL.HFF","SLICE_X72Y97","SLICEL","CLEL_R_X46Y97","251","147","","X2Y1",""
"u_dut/u_unified_p4_kernel/input_mem_reg[3][46][6]","input_mem_reg","FDRE","SLICE_X49Y110","SLICEM.GFF","SLICE_X49Y110","SLICEM","CLEM_X32Y110","189","134","","X1Y1",""
"u_dut/u_unified_p4_kernel/input_mem_reg[3][46][7]","input_mem_reg","FDRE","SLICE_X49Y110","SLICEM.FFF","SLICE_X49Y110","SLICEM","CLEM_X32Y110","189","134","","X1Y1",""
"u_dut/u_unified_p4_kernel/input_mem_reg[3][46][8]","input_mem_reg","FDRE","SLICE_X56Y115","SLICEM.HFF","SLICE_X56Y115","SLICEM","CLEM_X37Y115","211","129","","X2Y1",""
"u_dut/u_unified_p4_kernel/input_mem_reg[3][46][9]","input_mem_reg","FDRE","SLICE_X56Y115","SLICEM.GFF","SLICE_X56Y115","SLICEM","CLEM_X37Y115","211","129","","X2Y1",""
"u_dut/u_unified_p4_kernel/input_mem_reg[3][47][0]","input_mem_reg","FDRE","SLICE_X51Y112","SLICEL.HFF","SLICE_X51Y112","SLICEL","CLEL_R_X33Y112","195","132","","X1Y1",""
"u_dut/u_unified_p4_kernel/input_mem_reg[3][47][10]","input_mem_reg","FDRE","SLICE_X51Y112","SLICEL.GFF","SLICE_X51Y112","SLICEL","CLEL_R_X33Y112","195","132","","X1Y1",""
"u_dut/u_unified_p4_kernel/input_mem_reg[3][47][11]","input_mem_reg","FDRE","SLICE_X56Y112","SLICEM.HFF","SLICE_X56Y112","SLICEM","CLEM_X37Y112","211","132","","X2Y1",""
"u_dut/u_unified_p4_kernel/input_mem_reg[3][47][12]","input_mem_reg","FDRE","SLICE_X56Y115","SLICEM.FFF","SLICE_X56Y115","SLICEM","CLEM_X37Y115","211","129","","X2Y1",""
"u_dut/u_unified_p4_kernel/input_mem_reg[3][47][13]","input_mem_reg","FDRE","SLICE_X56Y115","SLICEM.EFF","SLICE_X56Y115","SLICEM","CLEM_X37Y115","211","129","","X2Y1",""
"u_dut/u_unified_p4_kernel/input_mem_reg[3][47][14]","input_mem_reg","FDRE","SLICE_X51Y116","SLICEL.DFF2","SLICE_X51Y116","SLICEL","CLEL_R_X33Y116","195","128","","X1Y1",""
"u_dut/u_unified_p4_kernel/input_mem_reg[3][47][15]","input_mem_reg","FDRE","SLICE_X54Y113","SLICEL.HFF2","SLICE_X54Y113","SLICEL","CLEL_R_X35Y113","204","131","","X1Y1",""
"u_dut/u_unified_p4_kernel/input_mem_reg[3][47][1]","input_mem_reg","FDRE","SLICE_X59Y109","SLICEL.HFF2","SLICE_X59Y109","SLICEL","CLEL_R_X38Y109","218","135","","X2Y1",""
"u_dut/u_unified_p4_kernel/input_mem_reg[3][47][2]","input_mem_reg","FDRE","SLICE_X54Y113","SLICEL.GFF2","SLICE_X54Y113","SLICEL","CLEL_R_X35Y113","204","131","","X1Y1",""
"u_dut/u_unified_p4_kernel/input_mem_reg[3][47][3]","input_mem_reg","FDRE","SLICE_X62Y109","SLICEM.DFF2","SLICE_X62Y109","SLICEM","CLEM_X41Y109","229","135","","X2Y1",""
"u_dut/u_unified_p4_kernel/input_mem_reg[3][47][4]","input_mem_reg","FDRE","SLICE_X69Y110","SLICEL.HFF2","SLICE_X69Y110","SLICEL","CLEL_L_X45Y110","244","134","","X2Y1",""
"u_dut/u_unified_p4_kernel/input_mem_reg[3][47][5]","input_mem_reg","FDRE","SLICE_X52Y116","SLICEM.GFF2","SLICE_X52Y116","SLICEM","CLEM_X34Y116","198","128","","X1Y1",""
"u_dut/u_unified_p4_kernel/input_mem_reg[3][47][6]","input_mem_reg","FDRE","SLICE_X52Y116","SLICEM.FFF2","SLICE_X52Y116","SLICEM","CLEM_X34Y116","198","128","","X1Y1",""
"u_dut/u_unified_p4_kernel/input_mem_reg[3][47][7]","input_mem_reg","FDRE","SLICE_X52Y116","SLICEM.EFF2","SLICE_X52Y116","SLICEM","CLEM_X34Y116","198","128","","X1Y1",""
"u_dut/u_unified_p4_kernel/input_mem_reg[3][47][8]","input_mem_reg","FDRE","SLICE_X54Y113","SLICEL.FFF2","SLICE_X54Y113","SLICEL","CLEL_R_X35Y113","204","131","","X1Y1",""
"u_dut/u_unified_p4_kernel/input_mem_reg[3][47][9]","input_mem_reg","FDRE","SLICE_X53Y114","SLICEM.DFF2","SLICE_X53Y114","SLICEM","CLEM_X35Y114","202","130","","X1Y1",""
"u_dut/u_unified_p4_kernel/input_mem_reg[3][48][0]","input_mem_reg","FDRE","SLICE_X57Y91","SLICEL.DFF2","SLICE_X57Y91","SLICEL","CLEL_R_X37Y91","213","153","","X2Y1",""
"u_dut/u_unified_p4_kernel/input_mem_reg[3][48][10]","input_mem_reg","FDRE","SLICE_X56Y96","SLICEM.DFF2","SLICE_X56Y96","SLICEM","CLEM_X37Y96","211","148","","X2Y1",""
"u_dut/u_unified_p4_kernel/input_mem_reg[3][48][11]","input_mem_reg","FDRE","SLICE_X57Y96","SLICEL.HFF","SLICE_X57Y96","SLICEL","CLEL_R_X37Y96","213","148","","X2Y1",""
"u_dut/u_unified_p4_kernel/input_mem_reg[3][48][12]","input_mem_reg","FDRE","SLICE_X57Y94","SLICEL.DFF","SLICE_X57Y94","SLICEL","CLEL_R_X37Y94","213","150","","X2Y1",""
"u_dut/u_unified_p4_kernel/input_mem_reg[3][48][13]","input_mem_reg","FDRE","SLICE_X58Y93","SLICEM.EFF","SLICE_X58Y93","SLICEM","CLEM_X38Y93","216","151","","X2Y1",""
"u_dut/u_unified_p4_kernel/input_mem_reg[3][48][14]","input_mem_reg","FDRE","SLICE_X51Y91","SLICEL.HFF","SLICE_X51Y91","SLICEL","CLEL_R_X33Y91","195","153","","X1Y1",""
"u_dut/u_unified_p4_kernel/input_mem_reg[3][48][15]","input_mem_reg","FDRE","SLICE_X57Y96","SLICEL.GFF","SLICE_X57Y96","SLICEL","CLEL_R_X37Y96","213","148","","X2Y1",""
"u_dut/u_unified_p4_kernel/input_mem_reg[3][48][1]","input_mem_reg","FDRE","SLICE_X59Y94","SLICEL.HFF2","SLICE_X59Y94","SLICEL","CLEL_R_X38Y94","218","150","","X2Y1",""
"u_dut/u_unified_p4_kernel/input_mem_reg[3][48][2]","input_mem_reg","FDRE","SLICE_X57Y92","SLICEL.DFF","SLICE_X57Y92","SLICEL","CLEL_R_X37Y92","213","152","","X2Y1",""
"u_dut/u_unified_p4_kernel/input_mem_reg[3][48][3]","input_mem_reg","FDRE","SLICE_X55Y95","SLICEM.DFF","SLICE_X55Y95","SLICEM","CLEM_X36Y95","207","149","","X1Y1",""
"u_dut/u_unified_p4_kernel/input_mem_reg[3][48][4]","input_mem_reg","FDRE","SLICE_X57Y89","SLICEL.HFF2","SLICE_X57Y89","SLICEL","CLEL_R_X37Y89","213","156","","X2Y1",""
"u_dut/u_unified_p4_kernel/input_mem_reg[3][48][5]","input_mem_reg","FDRE","SLICE_X57Y89","SLICEL.GFF2","SLICE_X57Y89","SLICEL","CLEL_R_X37Y89","213","156","","X2Y1",""
"u_dut/u_unified_p4_kernel/input_mem_reg[3][48][6]","input_mem_reg","FDRE","SLICE_X59Y94","SLICEL.GFF2","SLICE_X59Y94","SLICEL","CLEL_R_X38Y94","218","150","","X2Y1",""
"u_dut/u_unified_p4_kernel/input_mem_reg[3][48][7]","input_mem_reg","FDRE","SLICE_X56Y98","SLICEM.DFF2","SLICE_X56Y98","SLICEM","CLEM_X37Y98","211","146","","X2Y1",""
"u_dut/u_unified_p4_kernel/input_mem_reg[3][48][8]","input_mem_reg","FDRE","SLICE_X49Y95","SLICEM.HFF2","SLICE_X49Y95","SLICEM","CLEM_X32Y95","189","149","","X1Y1",""
"u_dut/u_unified_p4_kernel/input_mem_reg[3][48][9]","input_mem_reg","FDRE","SLICE_X51Y91","SLICEL.GFF","SLICE_X51Y91","SLICEL","CLEL_R_X33Y91","195","153","","X1Y1",""
"u_dut/u_unified_p4_kernel/input_mem_reg[3][49][0]","input_mem_reg","FDRE","SLICE_X55Y95","SLICEM.CFF","SLICE_X55Y95","SLICEM","CLEM_X36Y95","207","149","","X1Y1",""
"u_dut/u_unified_p4_kernel/input_mem_reg[3][49][10]","input_mem_reg","FDRE","SLICE_X57Y96","SLICEL.FFF","SLICE_X57Y96","SLICEL","CLEL_R_X37Y96","213","148","","X2Y1",""
"u_dut/u_unified_p4_kernel/input_mem_reg[3][49][11]","input_mem_reg","FDRE","SLICE_X57Y94","SLICEL.CFF","SLICE_X57Y94","SLICEL","CLEL_R_X37Y94","213","150","","X2Y1",""
"u_dut/u_unified_p4_kernel/input_mem_reg[3][49][12]","input_mem_reg","FDRE","SLICE_X55Y95","SLICEM.BFF","SLICE_X55Y95","SLICEM","CLEM_X36Y95","207","149","","X1Y1",""
"u_dut/u_unified_p4_kernel/input_mem_reg[3][49][13]","input_mem_reg","FDRE","SLICE_X58Y89","SLICEM.HFF","SLICE_X58Y89","SLICEM","CLEM_X38Y89","216","156","","X2Y1",""
"u_dut/u_unified_p4_kernel/input_mem_reg[3][49][14]","input_mem_reg","FDRE","SLICE_X51Y91","SLICEL.FFF","SLICE_X51Y91","SLICEL","CLEL_R_X33Y91","195","153","","X1Y1",""
"u_dut/u_unified_p4_kernel/input_mem_reg[3][49][15]","input_mem_reg","FDRE","SLICE_X55Y95","SLICEM.AFF","SLICE_X55Y95","SLICEM","CLEM_X36Y95","207","149","","X1Y1",""
"u_dut/u_unified_p4_kernel/input_mem_reg[3][49][1]","input_mem_reg","FDRE","SLICE_X56Y96","SLICEM.CFF2","SLICE_X56Y96","SLICEM","CLEM_X37Y96","211","148","","X2Y1",""
"u_dut/u_unified_p4_kernel/input_mem_reg[3][49][2]","input_mem_reg","FDRE","SLICE_X56Y96","SLICEM.BFF2","SLICE_X56Y96","SLICEM","CLEM_X37Y96","211","148","","X2Y1",""
"u_dut/u_unified_p4_kernel/input_mem_reg[3][49][3]","input_mem_reg","FDRE","SLICE_X57Y91","SLICEL.CFF2","SLICE_X57Y91","SLICEL","CLEL_R_X37Y91","213","153","","X2Y1",""
"u_dut/u_unified_p4_kernel/input_mem_reg[3][49][4]","input_mem_reg","FDRE","SLICE_X57Y94","SLICEL.BFF","SLICE_X57Y94","SLICEL","CLEL_R_X37Y94","213","150","","X2Y1",""
"u_dut/u_unified_p4_kernel/input_mem_reg[3][49][5]","input_mem_reg","FDRE","SLICE_X57Y92","SLICEL.CFF","SLICE_X57Y92","SLICEL","CLEL_R_X37Y92","213","152","","X2Y1",""
"u_dut/u_unified_p4_kernel/input_mem_reg[3][49][6]","input_mem_reg","FDRE","SLICE_X57Y92","SLICEL.BFF","SLICE_X57Y92","SLICEL","CLEL_R_X37Y92","213","152","","X2Y1",""
"u_dut/u_unified_p4_kernel/input_mem_reg[3][49][7]","input_mem_reg","FDRE","SLICE_X56Y97","SLICEM.DFF2","SLICE_X56Y97","SLICEM","CLEM_X37Y97","211","147","","X2Y1",""
"u_dut/u_unified_p4_kernel/input_mem_reg[3][49][8]","input_mem_reg","FDRE","SLICE_X58Y90","SLICEM.HFF2","SLICE_X58Y90","SLICEM","CLEM_X38Y90","216","154","","X2Y1",""
"u_dut/u_unified_p4_kernel/input_mem_reg[3][49][9]","input_mem_reg","FDRE","SLICE_X57Y96","SLICEL.EFF","SLICE_X57Y96","SLICEL","CLEL_R_X37Y96","213","148","","X2Y1",""
"u_dut/u_unified_p4_kernel/input_mem_reg[3][4][0]","input_mem_reg","FDRE","SLICE_X79Y78","SLICEM.HFF2","SLICE_X79Y78","SLICEM","CLEM_X51Y78","270","167","","X2Y1",""
"u_dut/u_unified_p4_kernel/input_mem_reg[3][4][10]","input_mem_reg","FDRE","SLICE_X71Y79","SLICEM.EFF","SLICE_X71Y79","SLICEM","CLEM_X46Y79","249","166","","X2Y1",""
"u_dut/u_unified_p4_kernel/input_mem_reg[3][4][11]","input_mem_reg","FDRE","SLICE_X75Y74","SLICEM.HFF2","SLICE_X75Y74","SLICEM","CLEM_X49Y74","262","171","","X2Y1",""
"u_dut/u_unified_p4_kernel/input_mem_reg[3][4][12]","input_mem_reg","FDRE","SLICE_X76Y76","SLICEL.HFF","SLICE_X76Y76","SLICEL","CLEL_R_X49Y76","264","169","","X2Y1",""
"u_dut/u_unified_p4_kernel/input_mem_reg[3][4][13]","input_mem_reg","FDRE","SLICE_X76Y76","SLICEL.GFF","SLICE_X76Y76","SLICEL","CLEL_R_X49Y76","264","169","","X2Y1",""
"u_dut/u_unified_p4_kernel/input_mem_reg[3][4][14]","input_mem_reg","FDRE","SLICE_X70Y79","SLICEL.EFF","SLICE_X70Y79","SLICEL","CLEL_R_X45Y79","246","166","","X2Y1",""
"u_dut/u_unified_p4_kernel/input_mem_reg[3][4][15]","input_mem_reg","FDRE","SLICE_X77Y79","SLICEL.HFF2","SLICE_X77Y79","SLICEL","CLEL_L_X50Y79","265","166","","X2Y1",""
"u_dut/u_unified_p4_kernel/input_mem_reg[3][4][1]","input_mem_reg","FDRE","SLICE_X76Y76","SLICEL.FFF","SLICE_X76Y76","SLICEL","CLEL_R_X49Y76","264","169","","X2Y1",""
"u_dut/u_unified_p4_kernel/input_mem_reg[3][4][2]","input_mem_reg","FDRE","SLICE_X76Y76","SLICEL.EFF","SLICE_X76Y76","SLICEL","CLEL_R_X49Y76","264","169","","X2Y1",""
"u_dut/u_unified_p4_kernel/input_mem_reg[3][4][3]","input_mem_reg","FDRE","SLICE_X76Y79","SLICEL.HFF2","SLICE_X76Y79","SLICEL","CLEL_R_X49Y79","264","166","","X2Y1",""
"u_dut/u_unified_p4_kernel/input_mem_reg[3][4][4]","input_mem_reg","FDRE","SLICE_X76Y77","SLICEL.HFF","SLICE_X76Y77","SLICEL","CLEL_R_X49Y77","264","168","","X2Y1",""
"u_dut/u_unified_p4_kernel/input_mem_reg[3][4][5]","input_mem_reg","FDRE","SLICE_X76Y79","SLICEL.GFF2","SLICE_X76Y79","SLICEL","CLEL_R_X49Y79","264","166","","X2Y1",""
"u_dut/u_unified_p4_kernel/input_mem_reg[3][4][6]","input_mem_reg","FDRE","SLICE_X79Y74","SLICEM.HFF","SLICE_X79Y74","SLICEM","CLEM_X51Y74","270","171","","X2Y1",""
"u_dut/u_unified_p4_kernel/input_mem_reg[3][4][7]","input_mem_reg","FDRE","SLICE_X74Y78","SLICEM.HFF","SLICE_X74Y78","SLICEM","CLEM_X48Y78","258","167","","X2Y1",""
"u_dut/u_unified_p4_kernel/input_mem_reg[3][4][8]","input_mem_reg","FDRE","SLICE_X74Y78","SLICEM.GFF","SLICE_X74Y78","SLICEM","CLEM_X48Y78","258","167","","X2Y1",""
"u_dut/u_unified_p4_kernel/input_mem_reg[3][4][9]","input_mem_reg","FDRE","SLICE_X73Y80","SLICEL.DFF","SLICE_X73Y80","SLICEL","CLEL_R_X47Y80","255","165","","X2Y1",""
"u_dut/u_unified_p4_kernel/input_mem_reg[3][50][0]","input_mem_reg","FDRE","SLICE_X56Y98","SLICEM.CFF2","SLICE_X56Y98","SLICEM","CLEM_X37Y98","211","146","","X2Y1",""
"u_dut/u_unified_p4_kernel/input_mem_reg[3][50][10]","input_mem_reg","FDRE","SLICE_X57Y89","SLICEL.FFF2","SLICE_X57Y89","SLICEL","CLEL_R_X37Y89","213","156","","X2Y1",""
"u_dut/u_unified_p4_kernel/input_mem_reg[3][50][11]","input_mem_reg","FDRE","SLICE_X57Y93","SLICEL.HFF2","SLICE_X57Y93","SLICEL","CLEL_R_X37Y93","213","151","","X2Y1",""
"u_dut/u_unified_p4_kernel/input_mem_reg[3][50][12]","input_mem_reg","FDRE","SLICE_X56Y96","SLICEM.AFF2","SLICE_X56Y96","SLICEM","CLEM_X37Y96","211","148","","X2Y1",""
"u_dut/u_unified_p4_kernel/input_mem_reg[3][50][13]","input_mem_reg","FDRE","SLICE_X57Y93","SLICEL.GFF2","SLICE_X57Y93","SLICEL","CLEL_R_X37Y93","213","151","","X2Y1",""
"u_dut/u_unified_p4_kernel/input_mem_reg[3][50][14]","input_mem_reg","FDRE","SLICE_X53Y94","SLICEM.HFF2","SLICE_X53Y94","SLICEM","CLEM_X35Y94","202","150","","X1Y1",""
"u_dut/u_unified_p4_kernel/input_mem_reg[3][50][15]","input_mem_reg","FDRE","SLICE_X58Y93","SLICEM.FFF","SLICE_X58Y93","SLICEM","CLEM_X38Y93","216","151","","X2Y1",""
"u_dut/u_unified_p4_kernel/input_mem_reg[3][50][1]","input_mem_reg","FDRE","SLICE_X57Y93","SLICEL.FFF2","SLICE_X57Y93","SLICEL","CLEL_R_X37Y93","213","151","","X2Y1",""
"u_dut/u_unified_p4_kernel/input_mem_reg[3][50][2]","input_mem_reg","FDRE","SLICE_X58Y95","SLICEM.DFF","SLICE_X58Y95","SLICEM","CLEM_X38Y95","216","149","","X2Y1",""
"u_dut/u_unified_p4_kernel/input_mem_reg[3][50][3]","input_mem_reg","FDRE","SLICE_X58Y95","SLICEM.CFF","SLICE_X58Y95","SLICEM","CLEM_X38Y95","216","149","","X2Y1",""
"u_dut/u_unified_p4_kernel/input_mem_reg[3][50][4]","input_mem_reg","FDRE","SLICE_X50Y90","SLICEM.HFF2","SLICE_X50Y90","SLICEM","CLEM_X33Y90","193","154","","X1Y1",""
"u_dut/u_unified_p4_kernel/input_mem_reg[3][50][5]","input_mem_reg","FDRE","SLICE_X57Y94","SLICEL.AFF","SLICE_X57Y94","SLICEL","CLEL_R_X37Y94","213","150","","X2Y1",""
"u_dut/u_unified_p4_kernel/input_mem_reg[3][50][6]","input_mem_reg","FDRE","SLICE_X58Y93","SLICEM.GFF","SLICE_X58Y93","SLICEM","CLEM_X38Y93","216","151","","X2Y1",""
"u_dut/u_unified_p4_kernel/input_mem_reg[3][50][7]","input_mem_reg","FDRE","SLICE_X53Y94","SLICEM.GFF2","SLICE_X53Y94","SLICEM","CLEM_X35Y94","202","150","","X1Y1",""
"u_dut/u_unified_p4_kernel/input_mem_reg[3][50][8]","input_mem_reg","FDRE","SLICE_X58Y90","SLICEM.GFF2","SLICE_X58Y90","SLICEM","CLEM_X38Y90","216","154","","X2Y1",""
"u_dut/u_unified_p4_kernel/input_mem_reg[3][50][9]","input_mem_reg","FDRE","SLICE_X57Y93","SLICEL.EFF2","SLICE_X57Y93","SLICEL","CLEL_R_X37Y93","213","151","","X2Y1",""
"u_dut/u_unified_p4_kernel/input_mem_reg[3][51][0]","input_mem_reg","FDRE","SLICE_X58Y90","SLICEM.FFF2","SLICE_X58Y90","SLICEM","CLEM_X38Y90","216","154","","X2Y1",""
"u_dut/u_unified_p4_kernel/input_mem_reg[3][51][10]","input_mem_reg","FDRE","SLICE_X57Y91","SLICEL.BFF2","SLICE_X57Y91","SLICEL","CLEL_R_X37Y91","213","153","","X2Y1",""
"u_dut/u_unified_p4_kernel/input_mem_reg[3][51][11]","input_mem_reg","FDRE","SLICE_X57Y90","SLICEL.HFF","SLICE_X57Y90","SLICEL","CLEL_R_X37Y90","213","154","","X2Y1",""
"u_dut/u_unified_p4_kernel/input_mem_reg[3][51][12]","input_mem_reg","FDRE","SLICE_X57Y92","SLICEL.AFF","SLICE_X57Y92","SLICEL","CLEL_R_X37Y92","213","152","","X2Y1",""
"u_dut/u_unified_p4_kernel/input_mem_reg[3][51][13]","input_mem_reg","FDRE","SLICE_X57Y90","SLICEL.DFF","SLICE_X57Y90","SLICEL","CLEL_R_X37Y90","213","154","","X2Y1",""
"u_dut/u_unified_p4_kernel/input_mem_reg[3][51][14]","input_mem_reg","FDRE","SLICE_X59Y94","SLICEL.FFF2","SLICE_X59Y94","SLICEL","CLEL_R_X38Y94","218","150","","X2Y1",""
"u_dut/u_unified_p4_kernel/input_mem_reg[3][51][15]","input_mem_reg","FDRE","SLICE_X57Y91","SLICEL.AFF2","SLICE_X57Y91","SLICEL","CLEL_R_X37Y91","213","153","","X2Y1",""
"u_dut/u_unified_p4_kernel/input_mem_reg[3][51][1]","input_mem_reg","FDRE","SLICE_X58Y97","SLICEM.DFF","SLICE_X58Y97","SLICEM","CLEM_X38Y97","216","147","","X2Y1",""
"u_dut/u_unified_p4_kernel/input_mem_reg[3][51][2]","input_mem_reg","FDRE","SLICE_X59Y94","SLICEL.EFF2","SLICE_X59Y94","SLICEL","CLEL_R_X38Y94","218","150","","X2Y1",""
"u_dut/u_unified_p4_kernel/input_mem_reg[3][51][3]","input_mem_reg","FDRE","SLICE_X56Y97","SLICEM.CFF2","SLICE_X56Y97","SLICEM","CLEM_X37Y97","211","147","","X2Y1",""
"u_dut/u_unified_p4_kernel/input_mem_reg[3][51][4]","input_mem_reg","FDRE","SLICE_X58Y95","SLICEM.BFF","SLICE_X58Y95","SLICEM","CLEM_X38Y95","216","149","","X2Y1",""
"u_dut/u_unified_p4_kernel/input_mem_reg[3][51][5]","input_mem_reg","FDRE","SLICE_X58Y95","SLICEM.AFF","SLICE_X58Y95","SLICEM","CLEM_X38Y95","216","149","","X2Y1",""
"u_dut/u_unified_p4_kernel/input_mem_reg[3][51][6]","input_mem_reg","FDRE","SLICE_X58Y90","SLICEM.EFF2","SLICE_X58Y90","SLICEM","CLEM_X38Y90","216","154","","X2Y1",""
"u_dut/u_unified_p4_kernel/input_mem_reg[3][51][7]","input_mem_reg","FDRE","SLICE_X56Y97","SLICEM.BFF2","SLICE_X56Y97","SLICEM","CLEM_X37Y97","211","147","","X2Y1",""
"u_dut/u_unified_p4_kernel/input_mem_reg[3][51][8]","input_mem_reg","FDRE","SLICE_X56Y98","SLICEM.BFF2","SLICE_X56Y98","SLICEM","CLEM_X37Y98","211","146","","X2Y1",""
"u_dut/u_unified_p4_kernel/input_mem_reg[3][51][9]","input_mem_reg","FDRE","SLICE_X58Y93","SLICEM.HFF","SLICE_X58Y93","SLICEM","CLEM_X38Y93","216","151","","X2Y1",""
"u_dut/u_unified_p4_kernel/input_mem_reg[3][52][0]","input_mem_reg","FDRE","SLICE_X73Y101","SLICEL.DFF2","SLICE_X73Y101","SLICEL","CLEL_R_X47Y101","255","143","","X2Y1",""
"u_dut/u_unified_p4_kernel/input_mem_reg[3][52][10]","input_mem_reg","FDRE","SLICE_X73Y101","SLICEL.CFF2","SLICE_X73Y101","SLICEL","CLEL_R_X47Y101","255","143","","X2Y1",""
"u_dut/u_unified_p4_kernel/input_mem_reg[3][52][11]","input_mem_reg","FDRE","SLICE_X69Y96","SLICEL.HFF","SLICE_X69Y96","SLICEL","CLEL_L_X45Y96","244","148","","X2Y1",""
"u_dut/u_unified_p4_kernel/input_mem_reg[3][52][12]","input_mem_reg","FDRE","SLICE_X70Y98","SLICEL.HFF2","SLICE_X70Y98","SLICEL","CLEL_R_X45Y98","246","146","","X2Y1",""
"u_dut/u_unified_p4_kernel/input_mem_reg[3][52][13]","input_mem_reg","FDRE","SLICE_X59Y93","SLICEL.HFF2","SLICE_X59Y93","SLICEL","CLEL_R_X38Y93","218","151","","X2Y1",""
"u_dut/u_unified_p4_kernel/input_mem_reg[3][52][14]","input_mem_reg","FDRE","SLICE_X71Y97","SLICEM.EFF","SLICE_X71Y97","SLICEM","CLEM_X46Y97","249","147","","X2Y1",""
"u_dut/u_unified_p4_kernel/input_mem_reg[3][52][15]","input_mem_reg","FDRE","SLICE_X65Y100","SLICEL.DFF2","SLICE_X65Y100","SLICEL","CLEL_R_X42Y100","234","144","","X2Y1",""
"u_dut/u_unified_p4_kernel/input_mem_reg[3][52][1]","input_mem_reg","FDRE","SLICE_X72Y99","SLICEL.DFF2","SLICE_X72Y99","SLICEL","CLEL_R_X46Y99","251","145","","X2Y1",""
"u_dut/u_unified_p4_kernel/input_mem_reg[3][52][2]","input_mem_reg","FDRE","SLICE_X50Y100","SLICEM.EFF","SLICE_X50Y100","SLICEM","CLEM_X33Y100","193","144","","X1Y1",""
"u_dut/u_unified_p4_kernel/input_mem_reg[3][52][3]","input_mem_reg","FDRE","SLICE_X73Y101","SLICEL.BFF2","SLICE_X73Y101","SLICEL","CLEL_R_X47Y101","255","143","","X2Y1",""
"u_dut/u_unified_p4_kernel/input_mem_reg[3][52][4]","input_mem_reg","FDRE","SLICE_X61Y94","SLICEM.HFF","SLICE_X61Y94","SLICEM","CLEM_X40Y94","225","150","","X2Y1",""
"u_dut/u_unified_p4_kernel/input_mem_reg[3][52][5]","input_mem_reg","FDRE","SLICE_X50Y100","SLICEM.EFF2","SLICE_X50Y100","SLICEM","CLEM_X33Y100","193","144","","X1Y1",""
"u_dut/u_unified_p4_kernel/input_mem_reg[3][52][6]","input_mem_reg","FDRE","SLICE_X71Y99","SLICEM.DFF","SLICE_X71Y99","SLICEM","CLEM_X46Y99","249","145","","X2Y1",""
"u_dut/u_unified_p4_kernel/input_mem_reg[3][52][7]","input_mem_reg","FDRE","SLICE_X78Y97","SLICEL.HFF","SLICE_X78Y97","SLICEL","CLEL_R_X50Y97","267","147","","X2Y1",""
"u_dut/u_unified_p4_kernel/input_mem_reg[3][52][8]","input_mem_reg","FDRE","SLICE_X63Y95","SLICEL.DFF2","SLICE_X63Y95","SLICEL","CLEL_R_X41Y95","231","149","","X2Y1",""
"u_dut/u_unified_p4_kernel/input_mem_reg[3][52][9]","input_mem_reg","FDRE","SLICE_X61Y94","SLICEM.GFF","SLICE_X61Y94","SLICEM","CLEM_X40Y94","225","150","","X2Y1",""
"u_dut/u_unified_p4_kernel/input_mem_reg[3][53][0]","input_mem_reg","FDRE","SLICE_X80Y98","SLICEL.HFF","SLICE_X80Y98","SLICEL","CLEL_R_X52Y98","276","146","","X2Y1",""
"u_dut/u_unified_p4_kernel/input_mem_reg[3][53][10]","input_mem_reg","FDRE","SLICE_X51Y101","SLICEL.HFF","SLICE_X51Y101","SLICEL","CLEL_R_X33Y101","195","143","","X1Y1",""
"u_dut/u_unified_p4_kernel/input_mem_reg[3][53][11]","input_mem_reg","FDRE","SLICE_X73Y101","SLICEL.HFF","SLICE_X73Y101","SLICEL","CLEL_R_X47Y101","255","143","","X2Y1",""
"u_dut/u_unified_p4_kernel/input_mem_reg[3][53][12]","input_mem_reg","FDRE","SLICE_X49Y98","SLICEM.EFF","SLICE_X49Y98","SLICEM","CLEM_X32Y98","189","146","","X1Y1",""
"u_dut/u_unified_p4_kernel/input_mem_reg[3][53][13]","input_mem_reg","FDRE","SLICE_X60Y100","SLICEL.HFF","SLICE_X60Y100","SLICEL","CLEL_R_X39Y100","222","144","","X2Y1",""
"u_dut/u_unified_p4_kernel/input_mem_reg[3][53][14]","input_mem_reg","FDRE","SLICE_X74Y101","SLICEM.DFF","SLICE_X74Y101","SLICEM","CLEM_X48Y101","258","143","","X2Y1",""
"u_dut/u_unified_p4_kernel/input_mem_reg[3][53][15]","input_mem_reg","FDRE","SLICE_X74Y101","SLICEM.CFF","SLICE_X74Y101","SLICEM","CLEM_X48Y101","258","143","","X2Y1",""
"u_dut/u_unified_p4_kernel/input_mem_reg[3][53][1]","input_mem_reg","FDRE","SLICE_X63Y97","SLICEL.HFF2","SLICE_X63Y97","SLICEL","CLEL_R_X41Y97","231","147","","X2Y1",""
"u_dut/u_unified_p4_kernel/input_mem_reg[3][53][2]","input_mem_reg","FDRE","SLICE_X68Y100","SLICEL.AFF2","SLICE_X68Y100","SLICEL","CLEL_R_X44Y100","243","144","","X2Y1",""
"u_dut/u_unified_p4_kernel/input_mem_reg[3][53][3]","input_mem_reg","FDRE","SLICE_X79Y95","SLICEM.AFF","SLICE_X79Y95","SLICEM","CLEM_X51Y95","270","149","","X2Y1",""
"u_dut/u_unified_p4_kernel/input_mem_reg[3][53][4]","input_mem_reg","FDRE","SLICE_X72Y99","SLICEL.CFF2","SLICE_X72Y99","SLICEL","CLEL_R_X46Y99","251","145","","X2Y1",""
"u_dut/u_unified_p4_kernel/input_mem_reg[3][53][5]","input_mem_reg","FDRE","SLICE_X68Y91","SLICEL.HFF2","SLICE_X68Y91","SLICEL","CLEL_R_X44Y91","243","153","","X2Y1",""
"u_dut/u_unified_p4_kernel/input_mem_reg[3][53][6]","input_mem_reg","FDRE","SLICE_X51Y101","SLICEL.GFF","SLICE_X51Y101","SLICEL","CLEL_R_X33Y101","195","143","","X1Y1",""
"u_dut/u_unified_p4_kernel/input_mem_reg[3][53][7]","input_mem_reg","FDRE","SLICE_X63Y95","SLICEL.CFF2","SLICE_X63Y95","SLICEL","CLEL_R_X41Y95","231","149","","X2Y1",""
"u_dut/u_unified_p4_kernel/input_mem_reg[3][53][8]","input_mem_reg","FDRE","SLICE_X49Y98","SLICEM.EFF2","SLICE_X49Y98","SLICEM","CLEM_X32Y98","189","146","","X1Y1",""
"u_dut/u_unified_p4_kernel/input_mem_reg[3][53][9]","input_mem_reg","FDRE","SLICE_X60Y93","SLICEL.HFF2","SLICE_X60Y93","SLICEL","CLEL_R_X39Y93","222","151","","X2Y1",""
"u_dut/u_unified_p4_kernel/input_mem_reg[3][54][0]","input_mem_reg","FDRE","SLICE_X57Y98","SLICEL.HFF2","SLICE_X57Y98","SLICEL","CLEL_R_X37Y98","213","146","","X2Y1",""
"u_dut/u_unified_p4_kernel/input_mem_reg[3][54][10]","input_mem_reg","FDRE","SLICE_X70Y84","SLICEL.EFF","SLICE_X70Y84","SLICEL","CLEL_R_X45Y84","246","161","","X2Y1",""
"u_dut/u_unified_p4_kernel/input_mem_reg[3][54][11]","input_mem_reg","FDRE","SLICE_X70Y88","SLICEL.AFF","SLICE_X70Y88","SLICEL","CLEL_R_X45Y88","246","157","","X2Y1",""
"u_dut/u_unified_p4_kernel/input_mem_reg[3][54][12]","input_mem_reg","FDRE","SLICE_X72Y98","SLICEL.DFF2","SLICE_X72Y98","SLICEL","CLEL_R_X46Y98","251","146","","X2Y1",""
"u_dut/u_unified_p4_kernel/input_mem_reg[3][54][13]","input_mem_reg","FDRE","SLICE_X73Y101","SLICEL.GFF","SLICE_X73Y101","SLICEL","CLEL_R_X47Y101","255","143","","X2Y1",""
"u_dut/u_unified_p4_kernel/input_mem_reg[3][54][14]","input_mem_reg","FDRE","SLICE_X72Y98","SLICEL.CFF2","SLICE_X72Y98","SLICEL","CLEL_R_X46Y98","251","146","","X2Y1",""
"u_dut/u_unified_p4_kernel/input_mem_reg[3][54][15]","input_mem_reg","FDRE","SLICE_X60Y95","SLICEL.HFF","SLICE_X60Y95","SLICEL","CLEL_R_X39Y95","222","149","","X2Y1",""
"u_dut/u_unified_p4_kernel/input_mem_reg[3][54][1]","input_mem_reg","FDRE","SLICE_X72Y99","SLICEL.BFF2","SLICE_X72Y99","SLICEL","CLEL_R_X46Y99","251","145","","X2Y1",""
"u_dut/u_unified_p4_kernel/input_mem_reg[3][54][2]","input_mem_reg","FDRE","SLICE_X74Y101","SLICEM.BFF","SLICE_X74Y101","SLICEM","CLEM_X48Y101","258","143","","X2Y1",""
"u_dut/u_unified_p4_kernel/input_mem_reg[3][54][3]","input_mem_reg","FDRE","SLICE_X72Y83","SLICEL.HFF","SLICE_X72Y83","SLICEL","CLEL_R_X46Y83","251","162","","X2Y1",""
"u_dut/u_unified_p4_kernel/input_mem_reg[3][54][4]","input_mem_reg","FDRE","SLICE_X64Y88","SLICEL.HFF","SLICE_X64Y88","SLICEL","CLEL_L_X42Y88","232","157","","X2Y1",""
"u_dut/u_unified_p4_kernel/input_mem_reg[3][54][5]","input_mem_reg","FDRE","SLICE_X63Y89","SLICEL.DFF2","SLICE_X63Y89","SLICEL","CLEL_R_X41Y89","231","156","","X2Y1",""
"u_dut/u_unified_p4_kernel/input_mem_reg[3][54][6]","input_mem_reg","FDRE","SLICE_X70Y81","SLICEL.HFF","SLICE_X70Y81","SLICEL","CLEL_R_X45Y81","246","164","","X2Y1",""
"u_dut/u_unified_p4_kernel/input_mem_reg[3][54][7]","input_mem_reg","FDRE","SLICE_X68Y82","SLICEL.HFF2","SLICE_X68Y82","SLICEL","CLEL_R_X44Y82","243","163","","X2Y1",""
"u_dut/u_unified_p4_kernel/input_mem_reg[3][54][8]","input_mem_reg","FDRE","SLICE_X69Y90","SLICEL.DFF2","SLICE_X69Y90","SLICEL","CLEL_L_X45Y90","244","154","","X2Y1",""
"u_dut/u_unified_p4_kernel/input_mem_reg[3][54][9]","input_mem_reg","FDRE","SLICE_X63Y89","SLICEL.CFF2","SLICE_X63Y89","SLICEL","CLEL_R_X41Y89","231","156","","X2Y1",""
"u_dut/u_unified_p4_kernel/input_mem_reg[3][55][0]","input_mem_reg","FDRE","SLICE_X63Y95","SLICEL.BFF2","SLICE_X63Y95","SLICEL","CLEL_R_X41Y95","231","149","","X2Y1",""
"u_dut/u_unified_p4_kernel/input_mem_reg[3][55][10]","input_mem_reg","FDRE","SLICE_X74Y101","SLICEM.AFF","SLICE_X74Y101","SLICEM","CLEM_X48Y101","258","143","","X2Y1",""
"u_dut/u_unified_p4_kernel/input_mem_reg[3][55][11]","input_mem_reg","FDRE","SLICE_X72Y85","SLICEL.HFF","SLICE_X72Y85","SLICEL","CLEL_R_X46Y85","251","160","","X2Y1",""
"u_dut/u_unified_p4_kernel/input_mem_reg[3][55][12]","input_mem_reg","FDRE","SLICE_X72Y99","SLICEL.AFF2","SLICE_X72Y99","SLICEL","CLEL_R_X46Y99","251","145","","X2Y1",""
"u_dut/u_unified_p4_kernel/input_mem_reg[3][55][13]","input_mem_reg","FDRE","SLICE_X73Y101","SLICEL.FFF","SLICE_X73Y101","SLICEL","CLEL_R_X47Y101","255","143","","X2Y1",""
"u_dut/u_unified_p4_kernel/input_mem_reg[3][55][14]","input_mem_reg","FDRE","SLICE_X69Y86","SLICEL.AFF2","SLICE_X69Y86","SLICEL","CLEL_L_X45Y86","244","159","","X2Y1",""
"u_dut/u_unified_p4_kernel/input_mem_reg[3][55][15]","input_mem_reg","FDRE","SLICE_X60Y97","SLICEL.HFF2","SLICE_X60Y97","SLICEL","CLEL_R_X39Y97","222","147","","X2Y1",""
"u_dut/u_unified_p4_kernel/input_mem_reg[3][55][1]","input_mem_reg","FDRE","SLICE_X76Y89","SLICEL.HFF2","SLICE_X76Y89","SLICEL","CLEL_R_X49Y89","264","156","","X2Y1",""
"u_dut/u_unified_p4_kernel/input_mem_reg[3][55][2]","input_mem_reg","FDRE","SLICE_X72Y85","SLICEL.GFF","SLICE_X72Y85","SLICEL","CLEL_R_X46Y85","251","160","","X2Y1",""
"u_dut/u_unified_p4_kernel/input_mem_reg[3][55][3]","input_mem_reg","FDRE","SLICE_X75Y95","SLICEM.HFF2","SLICE_X75Y95","SLICEM","CLEM_X49Y95","262","149","","X2Y1",""
"u_dut/u_unified_p4_kernel/input_mem_reg[3][55][4]","input_mem_reg","FDRE","SLICE_X73Y101","SLICEL.EFF","SLICE_X73Y101","SLICEL","CLEL_R_X47Y101","255","143","","X2Y1",""
"u_dut/u_unified_p4_kernel/input_mem_reg[3][55][5]","input_mem_reg","FDRE","SLICE_X64Y98","SLICEL.HFF2","SLICE_X64Y98","SLICEL","CLEL_L_X42Y98","232","146","","X2Y1",""
"u_dut/u_unified_p4_kernel/input_mem_reg[3][55][6]","input_mem_reg","FDRE","SLICE_X73Y101","SLICEL.AFF2","SLICE_X73Y101","SLICEL","CLEL_R_X47Y101","255","143","","X2Y1",""
"u_dut/u_unified_p4_kernel/input_mem_reg[3][55][7]","input_mem_reg","FDRE","SLICE_X70Y100","SLICEL.HFF","SLICE_X70Y100","SLICEL","CLEL_R_X45Y100","246","144","","X2Y1",""
"u_dut/u_unified_p4_kernel/input_mem_reg[3][55][8]","input_mem_reg","FDRE","SLICE_X73Y89","SLICEL.HFF2","SLICE_X73Y89","SLICEL","CLEL_R_X47Y89","255","156","","X2Y1",""
"u_dut/u_unified_p4_kernel/input_mem_reg[3][55][9]","input_mem_reg","FDRE","SLICE_X71Y89","SLICEM.EFF","SLICE_X71Y89","SLICEM","CLEM_X46Y89","249","156","","X2Y1",""
"u_dut/u_unified_p4_kernel/input_mem_reg[3][56][0]","input_mem_reg","FDRE","SLICE_X59Y79","SLICEL.HFF","SLICE_X59Y79","SLICEL","CLEL_R_X38Y79","218","166","","X2Y1",""
"u_dut/u_unified_p4_kernel/input_mem_reg[3][56][10]","input_mem_reg","FDRE","SLICE_X54Y80","SLICEL.DFF2","SLICE_X54Y80","SLICEL","CLEL_R_X35Y80","204","165","","X1Y1",""
"u_dut/u_unified_p4_kernel/input_mem_reg[3][56][11]","input_mem_reg","FDRE","SLICE_X56Y79","SLICEM.HFF","SLICE_X56Y79","SLICEM","CLEM_X37Y79","211","166","","X2Y1",""
"u_dut/u_unified_p4_kernel/input_mem_reg[3][56][12]","input_mem_reg","FDRE","SLICE_X53Y75","SLICEM.HFF","SLICE_X53Y75","SLICEM","CLEM_X35Y75","202","170","","X1Y1",""
"u_dut/u_unified_p4_kernel/input_mem_reg[3][56][13]","input_mem_reg","FDRE","SLICE_X53Y77","SLICEM.HFF","SLICE_X53Y77","SLICEM","CLEM_X35Y77","202","168","","X1Y1",""
"u_dut/u_unified_p4_kernel/input_mem_reg[3][56][14]","input_mem_reg","FDRE","SLICE_X54Y80","SLICEL.CFF2","SLICE_X54Y80","SLICEL","CLEL_R_X35Y80","204","165","","X1Y1",""
"u_dut/u_unified_p4_kernel/input_mem_reg[3][56][15]","input_mem_reg","FDRE","SLICE_X54Y80","SLICEL.BFF2","SLICE_X54Y80","SLICEL","CLEL_R_X35Y80","204","165","","X1Y1",""
"u_dut/u_unified_p4_kernel/input_mem_reg[3][56][1]","input_mem_reg","FDRE","SLICE_X53Y77","SLICEM.GFF","SLICE_X53Y77","SLICEM","CLEM_X35Y77","202","168","","X1Y1",""
"u_dut/u_unified_p4_kernel/input_mem_reg[3][56][2]","input_mem_reg","FDRE","SLICE_X60Y78","SLICEL.HFF2","SLICE_X60Y78","SLICEL","CLEL_R_X39Y78","222","167","","X2Y1",""
"u_dut/u_unified_p4_kernel/input_mem_reg[3][56][3]","input_mem_reg","FDRE","SLICE_X56Y79","SLICEM.GFF","SLICE_X56Y79","SLICEM","CLEM_X37Y79","211","166","","X2Y1",""
"u_dut/u_unified_p4_kernel/input_mem_reg[3][56][4]","input_mem_reg","FDRE","SLICE_X60Y78","SLICEL.GFF2","SLICE_X60Y78","SLICEL","CLEL_R_X39Y78","222","167","","X2Y1",""
"u_dut/u_unified_p4_kernel/input_mem_reg[3][56][5]","input_mem_reg","FDRE","SLICE_X53Y77","SLICEM.FFF","SLICE_X53Y77","SLICEM","CLEM_X35Y77","202","168","","X1Y1",""
"u_dut/u_unified_p4_kernel/input_mem_reg[3][56][6]","input_mem_reg","FDRE","SLICE_X55Y82","SLICEM.DFF2","SLICE_X55Y82","SLICEM","CLEM_X36Y82","207","163","","X1Y1",""
"u_dut/u_unified_p4_kernel/input_mem_reg[3][56][7]","input_mem_reg","FDRE","SLICE_X60Y78","SLICEL.AFF","SLICE_X60Y78","SLICEL","CLEL_R_X39Y78","222","167","","X2Y1",""
"u_dut/u_unified_p4_kernel/input_mem_reg[3][56][8]","input_mem_reg","FDRE","SLICE_X56Y81","SLICEM.HFF","SLICE_X56Y81","SLICEM","CLEM_X37Y81","211","164","","X2Y1",""
"u_dut/u_unified_p4_kernel/input_mem_reg[3][56][9]","input_mem_reg","FDRE","SLICE_X53Y77","SLICEM.EFF","SLICE_X53Y77","SLICEM","CLEM_X35Y77","202","168","","X1Y1",""
"u_dut/u_unified_p4_kernel/input_mem_reg[3][57][0]","input_mem_reg","FDRE","SLICE_X58Y77","SLICEM.HFF","SLICE_X58Y77","SLICEM","CLEM_X38Y77","216","168","","X2Y1",""
"u_dut/u_unified_p4_kernel/input_mem_reg[3][57][10]","input_mem_reg","FDRE","SLICE_X56Y79","SLICEM.FFF","SLICE_X56Y79","SLICEM","CLEM_X37Y79","211","166","","X2Y1",""
"u_dut/u_unified_p4_kernel/input_mem_reg[3][57][11]","input_mem_reg","FDRE","SLICE_X56Y79","SLICEM.EFF","SLICE_X56Y79","SLICEM","CLEM_X37Y79","211","166","","X2Y1",""
"u_dut/u_unified_p4_kernel/input_mem_reg[3][57][12]","input_mem_reg","FDRE","SLICE_X60Y78","SLICEL.FFF2","SLICE_X60Y78","SLICEL","CLEL_R_X39Y78","222","167","","X2Y1",""
"u_dut/u_unified_p4_kernel/input_mem_reg[3][57][13]","input_mem_reg","FDRE","SLICE_X60Y78","SLICEL.EFF2","SLICE_X60Y78","SLICEL","CLEL_R_X39Y78","222","167","","X2Y1",""
"u_dut/u_unified_p4_kernel/input_mem_reg[3][57][14]","input_mem_reg","FDRE","SLICE_X62Y77","SLICEM.HFF","SLICE_X62Y77","SLICEM","CLEM_X41Y77","229","168","","X2Y1",""
"u_dut/u_unified_p4_kernel/input_mem_reg[3][57][15]","input_mem_reg","FDRE","SLICE_X58Y73","SLICEM.DFF2","SLICE_X58Y73","SLICEM","CLEM_X38Y73","216","172","","X2Y1",""
"u_dut/u_unified_p4_kernel/input_mem_reg[3][57][1]","input_mem_reg","FDRE","SLICE_X61Y78","SLICEM.EFF","SLICE_X61Y78","SLICEM","CLEM_X40Y78","225","167","","X2Y1",""
"u_dut/u_unified_p4_kernel/input_mem_reg[3][57][2]","input_mem_reg","FDRE","SLICE_X61Y78","SLICEM.EFF2","SLICE_X61Y78","SLICEM","CLEM_X40Y78","225","167","","X2Y1",""
"u_dut/u_unified_p4_kernel/input_mem_reg[3][57][3]","input_mem_reg","FDRE","SLICE_X58Y73","SLICEM.CFF2","SLICE_X58Y73","SLICEM","CLEM_X38Y73","216","172","","X2Y1",""
"u_dut/u_unified_p4_kernel/input_mem_reg[3][57][4]","input_mem_reg","FDRE","SLICE_X58Y77","SLICEM.GFF","SLICE_X58Y77","SLICEM","CLEM_X38Y77","216","168","","X2Y1",""
"u_dut/u_unified_p4_kernel/input_mem_reg[3][57][5]","input_mem_reg","FDRE","SLICE_X62Y77","SLICEM.GFF","SLICE_X62Y77","SLICEM","CLEM_X41Y77","229","168","","X2Y1",""
"u_dut/u_unified_p4_kernel/input_mem_reg[3][57][6]","input_mem_reg","FDRE","SLICE_X58Y77","SLICEM.FFF","SLICE_X58Y77","SLICEM","CLEM_X38Y77","216","168","","X2Y1",""
"u_dut/u_unified_p4_kernel/input_mem_reg[3][57][7]","input_mem_reg","FDRE","SLICE_X60Y76","SLICEL.HFF2","SLICE_X60Y76","SLICEL","CLEL_R_X39Y76","222","169","","X2Y1",""
"u_dut/u_unified_p4_kernel/input_mem_reg[3][57][8]","input_mem_reg","FDRE","SLICE_X58Y77","SLICEM.EFF","SLICE_X58Y77","SLICEM","CLEM_X38Y77","216","168","","X2Y1",""
"u_dut/u_unified_p4_kernel/input_mem_reg[3][57][9]","input_mem_reg","FDRE","SLICE_X61Y75","SLICEM.HFF","SLICE_X61Y75","SLICEM","CLEM_X40Y75","225","170","","X2Y1",""
"u_dut/u_unified_p4_kernel/input_mem_reg[3][58][0]","input_mem_reg","FDRE","SLICE_X58Y78","SLICEM.HFF","SLICE_X58Y78","SLICEM","CLEM_X38Y78","216","167","","X2Y1",""
"u_dut/u_unified_p4_kernel/input_mem_reg[3][58][10]","input_mem_reg","FDRE","SLICE_X57Y81","SLICEL.HFF","SLICE_X57Y81","SLICEL","CLEL_R_X37Y81","213","164","","X2Y1",""
"u_dut/u_unified_p4_kernel/input_mem_reg[3][58][11]","input_mem_reg","FDRE","SLICE_X57Y81","SLICEL.GFF","SLICE_X57Y81","SLICEL","CLEL_R_X37Y81","213","164","","X2Y1",""
"u_dut/u_unified_p4_kernel/input_mem_reg[3][58][12]","input_mem_reg","FDRE","SLICE_X56Y81","SLICEM.GFF","SLICE_X56Y81","SLICEM","CLEM_X37Y81","211","164","","X2Y1",""
"u_dut/u_unified_p4_kernel/input_mem_reg[3][58][13]","input_mem_reg","FDRE","SLICE_X54Y81","SLICEL.HFF2","SLICE_X54Y81","SLICEL","CLEL_R_X35Y81","204","164","","X1Y1",""
"u_dut/u_unified_p4_kernel/input_mem_reg[3][58][14]","input_mem_reg","FDRE","SLICE_X54Y81","SLICEL.GFF2","SLICE_X54Y81","SLICEL","CLEL_R_X35Y81","204","164","","X1Y1",""
"u_dut/u_unified_p4_kernel/input_mem_reg[3][58][15]","input_mem_reg","FDRE","SLICE_X61Y73","SLICEM.HFF","SLICE_X61Y73","SLICEM","CLEM_X40Y73","225","172","","X2Y1",""
"u_dut/u_unified_p4_kernel/input_mem_reg[3][58][1]","input_mem_reg","FDRE","SLICE_X56Y73","SLICEM.HFF","SLICE_X56Y73","SLICEM","CLEM_X37Y73","211","172","","X2Y1",""
"u_dut/u_unified_p4_kernel/input_mem_reg[3][58][2]","input_mem_reg","FDRE","SLICE_X56Y81","SLICEM.FFF","SLICE_X56Y81","SLICEM","CLEM_X37Y81","211","164","","X2Y1",""
"u_dut/u_unified_p4_kernel/input_mem_reg[3][58][3]","input_mem_reg","FDRE","SLICE_X58Y78","SLICEM.GFF","SLICE_X58Y78","SLICEM","CLEM_X38Y78","216","167","","X2Y1",""
"u_dut/u_unified_p4_kernel/input_mem_reg[3][58][4]","input_mem_reg","FDRE","SLICE_X57Y81","SLICEL.FFF","SLICE_X57Y81","SLICEL","CLEL_R_X37Y81","213","164","","X2Y1",""
"u_dut/u_unified_p4_kernel/input_mem_reg[3][58][5]","input_mem_reg","FDRE","SLICE_X56Y81","SLICEM.EFF","SLICE_X56Y81","SLICEM","CLEM_X37Y81","211","164","","X2Y1",""
"u_dut/u_unified_p4_kernel/input_mem_reg[3][58][6]","input_mem_reg","FDRE","SLICE_X56Y73","SLICEM.GFF","SLICE_X56Y73","SLICEM","CLEM_X37Y73","211","172","","X2Y1",""
"u_dut/u_unified_p4_kernel/input_mem_reg[3][58][7]","input_mem_reg","FDRE","SLICE_X56Y73","SLICEM.FFF","SLICE_X56Y73","SLICEM","CLEM_X37Y73","211","172","","X2Y1",""
"u_dut/u_unified_p4_kernel/input_mem_reg[3][58][8]","input_mem_reg","FDRE","SLICE_X57Y81","SLICEL.EFF","SLICE_X57Y81","SLICEL","CLEL_R_X37Y81","213","164","","X2Y1",""
"u_dut/u_unified_p4_kernel/input_mem_reg[3][58][9]","input_mem_reg","FDRE","SLICE_X54Y81","SLICEL.FFF2","SLICE_X54Y81","SLICEL","CLEL_R_X35Y81","204","164","","X1Y1",""
"u_dut/u_unified_p4_kernel/input_mem_reg[3][59][0]","input_mem_reg","FDRE","SLICE_X58Y74","SLICEM.HFF2","SLICE_X58Y74","SLICEM","CLEM_X38Y74","216","171","","X2Y1",""
"u_dut/u_unified_p4_kernel/input_mem_reg[3][59][10]","input_mem_reg","FDRE","SLICE_X58Y75","SLICEM.HFF","SLICE_X58Y75","SLICEM","CLEM_X38Y75","216","170","","X2Y1",""
"u_dut/u_unified_p4_kernel/input_mem_reg[3][59][11]","input_mem_reg","FDRE","SLICE_X58Y75","SLICEM.GFF","SLICE_X58Y75","SLICEM","CLEM_X38Y75","216","170","","X2Y1",""
"u_dut/u_unified_p4_kernel/input_mem_reg[3][59][12]","input_mem_reg","FDRE","SLICE_X60Y80","SLICEL.HFF","SLICE_X60Y80","SLICEL","CLEL_R_X39Y80","222","165","","X2Y1",""
"u_dut/u_unified_p4_kernel/input_mem_reg[3][59][13]","input_mem_reg","FDRE","SLICE_X62Y76","SLICEM.DFF2","SLICE_X62Y76","SLICEM","CLEM_X41Y76","229","169","","X2Y1",""
"u_dut/u_unified_p4_kernel/input_mem_reg[3][59][14]","input_mem_reg","FDRE","SLICE_X58Y75","SLICEM.FFF","SLICE_X58Y75","SLICEM","CLEM_X38Y75","216","170","","X2Y1",""
"u_dut/u_unified_p4_kernel/input_mem_reg[3][59][15]","input_mem_reg","FDRE","SLICE_X59Y77","SLICEL.HFF","SLICE_X59Y77","SLICEL","CLEL_R_X38Y77","218","168","","X2Y1",""
"u_dut/u_unified_p4_kernel/input_mem_reg[3][59][1]","input_mem_reg","FDRE","SLICE_X63Y75","SLICEL.HFF","SLICE_X63Y75","SLICEL","CLEL_R_X41Y75","231","170","","X2Y1",""
"u_dut/u_unified_p4_kernel/input_mem_reg[3][59][2]","input_mem_reg","FDRE","SLICE_X62Y76","SLICEM.CFF2","SLICE_X62Y76","SLICEM","CLEM_X41Y76","229","169","","X2Y1",""
"u_dut/u_unified_p4_kernel/input_mem_reg[3][59][3]","input_mem_reg","FDRE","SLICE_X59Y76","SLICEL.HFF","SLICE_X59Y76","SLICEL","CLEL_R_X38Y76","218","169","","X2Y1",""
"u_dut/u_unified_p4_kernel/input_mem_reg[3][59][4]","input_mem_reg","FDRE","SLICE_X59Y77","SLICEL.GFF","SLICE_X59Y77","SLICEL","CLEL_R_X38Y77","218","168","","X2Y1",""
"u_dut/u_unified_p4_kernel/input_mem_reg[3][59][5]","input_mem_reg","FDRE","SLICE_X60Y75","SLICEL.EFF","SLICE_X60Y75","SLICEL","CLEL_R_X39Y75","222","170","","X2Y1",""
"u_dut/u_unified_p4_kernel/input_mem_reg[3][59][6]","input_mem_reg","FDRE","SLICE_X58Y75","SLICEM.EFF","SLICE_X58Y75","SLICEM","CLEM_X38Y75","216","170","","X2Y1",""
"u_dut/u_unified_p4_kernel/input_mem_reg[3][59][7]","input_mem_reg","FDRE","SLICE_X59Y77","SLICEL.FFF","SLICE_X59Y77","SLICEL","CLEL_R_X38Y77","218","168","","X2Y1",""
"u_dut/u_unified_p4_kernel/input_mem_reg[3][59][8]","input_mem_reg","FDRE","SLICE_X59Y77","SLICEL.EFF","SLICE_X59Y77","SLICEL","CLEL_R_X38Y77","218","168","","X2Y1",""
"u_dut/u_unified_p4_kernel/input_mem_reg[3][59][9]","input_mem_reg","FDRE","SLICE_X61Y75","SLICEM.GFF","SLICE_X61Y75","SLICEM","CLEM_X40Y75","225","170","","X2Y1",""
"u_dut/u_unified_p4_kernel/input_mem_reg[3][5][0]","input_mem_reg","FDRE","SLICE_X76Y75","SLICEL.HFF","SLICE_X76Y75","SLICEL","CLEL_R_X49Y75","264","170","","X2Y1",""
"u_dut/u_unified_p4_kernel/input_mem_reg[3][5][10]","input_mem_reg","FDRE","SLICE_X71Y76","SLICEM.HFF","SLICE_X71Y76","SLICEM","CLEM_X46Y76","249","169","","X2Y1",""
"u_dut/u_unified_p4_kernel/input_mem_reg[3][5][11]","input_mem_reg","FDRE","SLICE_X76Y75","SLICEL.GFF","SLICE_X76Y75","SLICEL","CLEL_R_X49Y75","264","170","","X2Y1",""
"u_dut/u_unified_p4_kernel/input_mem_reg[3][5][12]","input_mem_reg","FDRE","SLICE_X66Y75","SLICEM.HFF2","SLICE_X66Y75","SLICEM","CLEM_X43Y75","237","170","","X2Y1",""
"u_dut/u_unified_p4_kernel/input_mem_reg[3][5][13]","input_mem_reg","FDRE","SLICE_X78Y73","SLICEL.AFF","SLICE_X78Y73","SLICEL","CLEL_R_X50Y73","267","172","","X2Y1",""
"u_dut/u_unified_p4_kernel/input_mem_reg[3][5][14]","input_mem_reg","FDRE","SLICE_X74Y77","SLICEM.HFF","SLICE_X74Y77","SLICEM","CLEM_X48Y77","258","168","","X2Y1",""
"u_dut/u_unified_p4_kernel/input_mem_reg[3][5][15]","input_mem_reg","FDRE","SLICE_X70Y72","SLICEL.DFF2","SLICE_X70Y72","SLICEL","CLEL_R_X45Y72","246","173","","X2Y1",""
"u_dut/u_unified_p4_kernel/input_mem_reg[3][5][1]","input_mem_reg","FDRE","SLICE_X77Y71","SLICEL.HFF","SLICE_X77Y71","SLICEL","CLEL_L_X50Y71","265","174","","X2Y1",""
"u_dut/u_unified_p4_kernel/input_mem_reg[3][5][2]","input_mem_reg","FDRE","SLICE_X66Y75","SLICEM.GFF2","SLICE_X66Y75","SLICEM","CLEM_X43Y75","237","170","","X2Y1",""
"u_dut/u_unified_p4_kernel/input_mem_reg[3][5][3]","input_mem_reg","FDRE","SLICE_X74Y74","SLICEM.HFF","SLICE_X74Y74","SLICEM","CLEM_X48Y74","258","171","","X2Y1",""
"u_dut/u_unified_p4_kernel/input_mem_reg[3][5][4]","input_mem_reg","FDRE","SLICE_X70Y72","SLICEL.CFF2","SLICE_X70Y72","SLICEL","CLEL_R_X45Y72","246","173","","X2Y1",""
"u_dut/u_unified_p4_kernel/input_mem_reg[3][5][5]","input_mem_reg","FDRE","SLICE_X76Y75","SLICEL.FFF","SLICE_X76Y75","SLICEL","CLEL_R_X49Y75","264","170","","X2Y1",""
"u_dut/u_unified_p4_kernel/input_mem_reg[3][5][6]","input_mem_reg","FDRE","SLICE_X74Y77","SLICEM.GFF","SLICE_X74Y77","SLICEM","CLEM_X48Y77","258","168","","X2Y1",""
"u_dut/u_unified_p4_kernel/input_mem_reg[3][5][7]","input_mem_reg","FDRE","SLICE_X73Y76","SLICEL.DFF","SLICE_X73Y76","SLICEL","CLEL_R_X47Y76","255","169","","X2Y1",""
"u_dut/u_unified_p4_kernel/input_mem_reg[3][5][8]","input_mem_reg","FDRE","SLICE_X74Y77","SLICEM.FFF","SLICE_X74Y77","SLICEM","CLEM_X48Y77","258","168","","X2Y1",""
"u_dut/u_unified_p4_kernel/input_mem_reg[3][5][9]","input_mem_reg","FDRE","SLICE_X76Y72","SLICEL.HFF2","SLICE_X76Y72","SLICEL","CLEL_R_X49Y72","264","173","","X2Y1",""
"u_dut/u_unified_p4_kernel/input_mem_reg[3][60][0]","input_mem_reg","FDRE","SLICE_X84Y76","SLICEL.AFF","SLICE_X84Y76","SLICEL","CLEL_L_X55Y76","286","169","","X2Y1",""
"u_dut/u_unified_p4_kernel/input_mem_reg[3][60][10]","input_mem_reg","FDRE","SLICE_X79Y87","SLICEM.EFF","SLICE_X79Y87","SLICEM","CLEM_X51Y87","270","158","","X2Y1",""
"u_dut/u_unified_p4_kernel/input_mem_reg[3][60][11]","input_mem_reg","FDRE","SLICE_X79Y87","SLICEM.EFF2","SLICE_X79Y87","SLICEM","CLEM_X51Y87","270","158","","X2Y1",""
"u_dut/u_unified_p4_kernel/input_mem_reg[3][60][12]","input_mem_reg","FDRE","SLICE_X79Y87","SLICEM.FFF","SLICE_X79Y87","SLICEM","CLEM_X51Y87","270","158","","X2Y1",""
"u_dut/u_unified_p4_kernel/input_mem_reg[3][60][13]","input_mem_reg","FDRE","SLICE_X85Y74","SLICEL.HFF2","SLICE_X85Y74","SLICEL","CLEL_R_X55Y74","288","171","","X2Y1",""
"u_dut/u_unified_p4_kernel/input_mem_reg[3][60][14]","input_mem_reg","FDRE","SLICE_X79Y86","SLICEM.HFF","SLICE_X79Y86","SLICEM","CLEM_X51Y86","270","159","","X2Y1",""
"u_dut/u_unified_p4_kernel/input_mem_reg[3][60][15]","input_mem_reg","FDRE","SLICE_X79Y87","SLICEM.FFF2","SLICE_X79Y87","SLICEM","CLEM_X51Y87","270","158","","X2Y1",""
"u_dut/u_unified_p4_kernel/input_mem_reg[3][60][1]","input_mem_reg","FDRE","SLICE_X84Y73","SLICEL.HFF","SLICE_X84Y73","SLICEL","CLEL_L_X55Y73","286","172","","X2Y1",""
"u_dut/u_unified_p4_kernel/input_mem_reg[3][60][2]","input_mem_reg","FDRE","SLICE_X79Y84","SLICEM.EFF","SLICE_X79Y84","SLICEM","CLEM_X51Y84","270","161","","X2Y1",""
"u_dut/u_unified_p4_kernel/input_mem_reg[3][60][3]","input_mem_reg","FDRE","SLICE_X79Y88","SLICEM.HFF","SLICE_X79Y88","SLICEM","CLEM_X51Y88","270","157","","X2Y1",""
"u_dut/u_unified_p4_kernel/input_mem_reg[3][60][4]","input_mem_reg","FDRE","SLICE_X79Y80","SLICEM.AFF","SLICE_X79Y80","SLICEM","CLEM_X51Y80","270","165","","X2Y1",""
"u_dut/u_unified_p4_kernel/input_mem_reg[3][60][5]","input_mem_reg","FDRE","SLICE_X79Y88","SLICEM.GFF","SLICE_X79Y88","SLICEM","CLEM_X51Y88","270","157","","X2Y1",""
"u_dut/u_unified_p4_kernel/input_mem_reg[3][60][6]","input_mem_reg","FDRE","SLICE_X79Y86","SLICEM.GFF","SLICE_X79Y86","SLICEM","CLEM_X51Y86","270","159","","X2Y1",""
"u_dut/u_unified_p4_kernel/input_mem_reg[3][60][7]","input_mem_reg","FDRE","SLICE_X79Y86","SLICEM.FFF","SLICE_X79Y86","SLICEM","CLEM_X51Y86","270","159","","X2Y1",""
"u_dut/u_unified_p4_kernel/input_mem_reg[3][60][8]","input_mem_reg","FDRE","SLICE_X79Y84","SLICEM.EFF2","SLICE_X79Y84","SLICEM","CLEM_X51Y84","270","161","","X2Y1",""
"u_dut/u_unified_p4_kernel/input_mem_reg[3][60][9]","input_mem_reg","FDRE","SLICE_X79Y86","SLICEM.EFF","SLICE_X79Y86","SLICEM","CLEM_X51Y86","270","159","","X2Y1",""
"u_dut/u_unified_p4_kernel/input_mem_reg[3][61][0]","input_mem_reg","FDRE","SLICE_X84Y78","SLICEL.DFF2","SLICE_X84Y78","SLICEL","CLEL_L_X55Y78","286","167","","X2Y1",""
"u_dut/u_unified_p4_kernel/input_mem_reg[3][61][10]","input_mem_reg","FDRE","SLICE_X79Y87","SLICEM.GFF","SLICE_X79Y87","SLICEM","CLEM_X51Y87","270","158","","X2Y1",""
"u_dut/u_unified_p4_kernel/input_mem_reg[3][61][11]","input_mem_reg","FDRE","SLICE_X83Y77","SLICEL.HFF","SLICE_X83Y77","SLICEL","CLEL_R_X54Y77","285","168","","X2Y1",""
"u_dut/u_unified_p4_kernel/input_mem_reg[3][61][12]","input_mem_reg","FDRE","SLICE_X83Y77","SLICEL.GFF","SLICE_X83Y77","SLICEL","CLEL_R_X54Y77","285","168","","X2Y1",""
"u_dut/u_unified_p4_kernel/input_mem_reg[3][61][13]","input_mem_reg","FDRE","SLICE_X83Y77","SLICEL.FFF","SLICE_X83Y77","SLICEL","CLEL_R_X54Y77","285","168","","X2Y1",""
"u_dut/u_unified_p4_kernel/input_mem_reg[3][61][14]","input_mem_reg","FDRE","SLICE_X79Y84","SLICEM.FFF","SLICE_X79Y84","SLICEM","CLEM_X51Y84","270","161","","X2Y1",""
"u_dut/u_unified_p4_kernel/input_mem_reg[3][61][15]","input_mem_reg","FDRE","SLICE_X79Y84","SLICEM.FFF2","SLICE_X79Y84","SLICEM","CLEM_X51Y84","270","161","","X2Y1",""
"u_dut/u_unified_p4_kernel/input_mem_reg[3][61][1]","input_mem_reg","FDRE","SLICE_X79Y85","SLICEM.DFF","SLICE_X79Y85","SLICEM","CLEM_X51Y85","270","160","","X2Y1",""
"u_dut/u_unified_p4_kernel/input_mem_reg[3][61][2]","input_mem_reg","FDRE","SLICE_X79Y84","SLICEM.GFF","SLICE_X79Y84","SLICEM","CLEM_X51Y84","270","161","","X2Y1",""
"u_dut/u_unified_p4_kernel/input_mem_reg[3][61][3]","input_mem_reg","FDRE","SLICE_X79Y85","SLICEM.CFF","SLICE_X79Y85","SLICEM","CLEM_X51Y85","270","160","","X2Y1",""
"u_dut/u_unified_p4_kernel/input_mem_reg[3][61][4]","input_mem_reg","FDRE","SLICE_X79Y87","SLICEM.GFF2","SLICE_X79Y87","SLICEM","CLEM_X51Y87","270","158","","X2Y1",""
"u_dut/u_unified_p4_kernel/input_mem_reg[3][61][5]","input_mem_reg","FDRE","SLICE_X79Y85","SLICEM.BFF","SLICE_X79Y85","SLICEM","CLEM_X51Y85","270","160","","X2Y1",""
"u_dut/u_unified_p4_kernel/input_mem_reg[3][61][6]","input_mem_reg","FDRE","SLICE_X79Y87","SLICEM.HFF","SLICE_X79Y87","SLICEM","CLEM_X51Y87","270","158","","X2Y1",""
"u_dut/u_unified_p4_kernel/input_mem_reg[3][61][7]","input_mem_reg","FDRE","SLICE_X79Y87","SLICEM.HFF2","SLICE_X79Y87","SLICEM","CLEM_X51Y87","270","158","","X2Y1",""
"u_dut/u_unified_p4_kernel/input_mem_reg[3][61][8]","input_mem_reg","FDRE","SLICE_X79Y84","SLICEM.GFF2","SLICE_X79Y84","SLICEM","CLEM_X51Y84","270","161","","X2Y1",""
"u_dut/u_unified_p4_kernel/input_mem_reg[3][61][9]","input_mem_reg","FDRE","SLICE_X79Y84","SLICEM.HFF","SLICE_X79Y84","SLICEM","CLEM_X51Y84","270","161","","X2Y1",""
"u_dut/u_unified_p4_kernel/input_mem_reg[3][62][0]","input_mem_reg","FDRE","SLICE_X78Y83","SLICEL.HFF2","SLICE_X78Y83","SLICEL","CLEL_R_X50Y83","267","162","","X2Y1",""
"u_dut/u_unified_p4_kernel/input_mem_reg[3][62][10]","input_mem_reg","FDRE","SLICE_X79Y88","SLICEM.FFF","SLICE_X79Y88","SLICEM","CLEM_X51Y88","270","157","","X2Y1",""
"u_dut/u_unified_p4_kernel/input_mem_reg[3][62][11]","input_mem_reg","FDRE","SLICE_X80Y77","SLICEL.HFF2","SLICE_X80Y77","SLICEL","CLEL_R_X52Y77","276","168","","X2Y1",""
"u_dut/u_unified_p4_kernel/input_mem_reg[3][62][12]","input_mem_reg","FDRE","SLICE_X78Y83","SLICEL.GFF2","SLICE_X78Y83","SLICEL","CLEL_R_X50Y83","267","162","","X2Y1",""
"u_dut/u_unified_p4_kernel/input_mem_reg[3][62][13]","input_mem_reg","FDRE","SLICE_X78Y88","SLICEL.DFF","SLICE_X78Y88","SLICEL","CLEL_R_X50Y88","267","157","","X2Y1",""
"u_dut/u_unified_p4_kernel/input_mem_reg[3][62][14]","input_mem_reg","FDRE","SLICE_X80Y83","SLICEL.DFF2","SLICE_X80Y83","SLICEL","CLEL_R_X52Y83","276","162","","X2Y1",""
"u_dut/u_unified_p4_kernel/input_mem_reg[3][62][15]","input_mem_reg","FDRE","SLICE_X80Y77","SLICEL.GFF2","SLICE_X80Y77","SLICEL","CLEL_R_X52Y77","276","168","","X2Y1",""
"u_dut/u_unified_p4_kernel/input_mem_reg[3][62][1]","input_mem_reg","FDRE","SLICE_X79Y88","SLICEM.EFF","SLICE_X79Y88","SLICEM","CLEM_X51Y88","270","157","","X2Y1",""
"u_dut/u_unified_p4_kernel/input_mem_reg[3][62][2]","input_mem_reg","FDRE","SLICE_X80Y75","SLICEL.HFF2","SLICE_X80Y75","SLICEL","CLEL_R_X52Y75","276","170","","X2Y1",""
"u_dut/u_unified_p4_kernel/input_mem_reg[3][62][3]","input_mem_reg","FDRE","SLICE_X84Y78","SLICEL.CFF2","SLICE_X84Y78","SLICEL","CLEL_L_X55Y78","286","167","","X2Y1",""
"u_dut/u_unified_p4_kernel/input_mem_reg[3][62][4]","input_mem_reg","FDRE","SLICE_X84Y78","SLICEL.BFF2","SLICE_X84Y78","SLICEL","CLEL_L_X55Y78","286","167","","X2Y1",""
"u_dut/u_unified_p4_kernel/input_mem_reg[3][62][5]","input_mem_reg","FDRE","SLICE_X81Y76","SLICEM.DFF","SLICE_X81Y76","SLICEM","CLEM_X53Y76","279","169","","X2Y1",""
"u_dut/u_unified_p4_kernel/input_mem_reg[3][62][6]","input_mem_reg","FDRE","SLICE_X79Y85","SLICEM.AFF","SLICE_X79Y85","SLICEM","CLEM_X51Y85","270","160","","X2Y1",""
"u_dut/u_unified_p4_kernel/input_mem_reg[3][62][7]","input_mem_reg","FDRE","SLICE_X79Y79","SLICEM.HFF2","SLICE_X79Y79","SLICEM","CLEM_X51Y79","270","166","","X2Y1",""
"u_dut/u_unified_p4_kernel/input_mem_reg[3][62][8]","input_mem_reg","FDRE","SLICE_X84Y80","SLICEL.HFF","SLICE_X84Y80","SLICEL","CLEL_L_X55Y80","286","165","","X2Y1",""
"u_dut/u_unified_p4_kernel/input_mem_reg[3][62][9]","input_mem_reg","FDRE","SLICE_X84Y80","SLICEL.GFF","SLICE_X84Y80","SLICEL","CLEL_L_X55Y80","286","165","","X2Y1",""
"u_dut/u_unified_p4_kernel/input_mem_reg[3][6][0]","input_mem_reg","FDRE","SLICE_X75Y74","SLICEM.GFF2","SLICE_X75Y74","SLICEM","CLEM_X49Y74","262","171","","X2Y1",""
"u_dut/u_unified_p4_kernel/input_mem_reg[3][6][10]","input_mem_reg","FDRE","SLICE_X76Y79","SLICEL.FFF2","SLICE_X76Y79","SLICEL","CLEL_R_X49Y79","264","166","","X2Y1",""
"u_dut/u_unified_p4_kernel/input_mem_reg[3][6][11]","input_mem_reg","FDRE","SLICE_X77Y79","SLICEL.GFF2","SLICE_X77Y79","SLICEL","CLEL_L_X50Y79","265","166","","X2Y1",""
"u_dut/u_unified_p4_kernel/input_mem_reg[3][6][12]","input_mem_reg","FDRE","SLICE_X74Y75","SLICEM.HFF","SLICE_X74Y75","SLICEM","CLEM_X48Y75","258","170","","X2Y1",""
"u_dut/u_unified_p4_kernel/input_mem_reg[3][6][13]","input_mem_reg","FDRE","SLICE_X75Y74","SLICEM.FFF2","SLICE_X75Y74","SLICEM","CLEM_X49Y74","262","171","","X2Y1",""
"u_dut/u_unified_p4_kernel/input_mem_reg[3][6][14]","input_mem_reg","FDRE","SLICE_X76Y77","SLICEL.GFF","SLICE_X76Y77","SLICEL","CLEL_R_X49Y77","264","168","","X2Y1",""
"u_dut/u_unified_p4_kernel/input_mem_reg[3][6][15]","input_mem_reg","FDRE","SLICE_X75Y81","SLICEM.HFF","SLICE_X75Y81","SLICEM","CLEM_X49Y81","262","164","","X2Y1",""
"u_dut/u_unified_p4_kernel/input_mem_reg[3][6][1]","input_mem_reg","FDRE","SLICE_X75Y74","SLICEM.EFF2","SLICE_X75Y74","SLICEM","CLEM_X49Y74","262","171","","X2Y1",""
"u_dut/u_unified_p4_kernel/input_mem_reg[3][6][2]","input_mem_reg","FDRE","SLICE_X73Y78","SLICEL.DFF","SLICE_X73Y78","SLICEL","CLEL_R_X47Y78","255","167","","X2Y1",""
"u_dut/u_unified_p4_kernel/input_mem_reg[3][6][3]","input_mem_reg","FDRE","SLICE_X78Y75","SLICEL.HFF","SLICE_X78Y75","SLICEL","CLEL_R_X50Y75","267","170","","X2Y1",""
"u_dut/u_unified_p4_kernel/input_mem_reg[3][6][4]","input_mem_reg","FDRE","SLICE_X76Y77","SLICEL.FFF","SLICE_X76Y77","SLICEL","CLEL_R_X49Y77","264","168","","X2Y1",""
"u_dut/u_unified_p4_kernel/input_mem_reg[3][6][5]","input_mem_reg","FDRE","SLICE_X78Y79","SLICEL.HFF","SLICE_X78Y79","SLICEL","CLEL_R_X50Y79","267","166","","X2Y1",""
"u_dut/u_unified_p4_kernel/input_mem_reg[3][6][6]","input_mem_reg","FDRE","SLICE_X75Y81","SLICEM.GFF","SLICE_X75Y81","SLICEM","CLEM_X49Y81","262","164","","X2Y1",""
"u_dut/u_unified_p4_kernel/input_mem_reg[3][6][7]","input_mem_reg","FDRE","SLICE_X76Y77","SLICEL.EFF","SLICE_X76Y77","SLICEL","CLEL_R_X49Y77","264","168","","X2Y1",""
"u_dut/u_unified_p4_kernel/input_mem_reg[3][6][8]","input_mem_reg","FDRE","SLICE_X78Y79","SLICEL.GFF","SLICE_X78Y79","SLICEL","CLEL_R_X50Y79","267","166","","X2Y1",""
"u_dut/u_unified_p4_kernel/input_mem_reg[3][6][9]","input_mem_reg","FDRE","SLICE_X79Y78","SLICEM.GFF2","SLICE_X79Y78","SLICEM","CLEM_X51Y78","270","167","","X2Y1",""
"u_dut/u_unified_p4_kernel/input_mem_reg[3][7][0]","input_mem_reg","FDRE","SLICE_X68Y71","SLICEL.HFF2","SLICE_X68Y71","SLICEL","CLEL_R_X44Y71","243","174","","X2Y1",""
"u_dut/u_unified_p4_kernel/input_mem_reg[3][7][10]","input_mem_reg","FDRE","SLICE_X67Y73","SLICEM.HFF","SLICE_X67Y73","SLICEM","CLEM_X44Y73","241","172","","X2Y1",""
"u_dut/u_unified_p4_kernel/input_mem_reg[3][7][11]","input_mem_reg","FDRE","SLICE_X69Y73","SLICEL.HFF","SLICE_X69Y73","SLICEL","CLEL_L_X45Y73","244","172","","X2Y1",""
"u_dut/u_unified_p4_kernel/input_mem_reg[3][7][12]","input_mem_reg","FDRE","SLICE_X68Y75","SLICEL.HFF","SLICE_X68Y75","SLICEL","CLEL_R_X44Y75","243","170","","X2Y1",""
"u_dut/u_unified_p4_kernel/input_mem_reg[3][7][13]","input_mem_reg","FDRE","SLICE_X68Y76","SLICEL.HFF2","SLICE_X68Y76","SLICEL","CLEL_R_X44Y76","243","169","","X2Y1",""
"u_dut/u_unified_p4_kernel/input_mem_reg[3][7][14]","input_mem_reg","FDRE","SLICE_X68Y75","SLICEL.GFF","SLICE_X68Y75","SLICEL","CLEL_R_X44Y75","243","170","","X2Y1",""
"u_dut/u_unified_p4_kernel/input_mem_reg[3][7][15]","input_mem_reg","FDRE","SLICE_X70Y78","SLICEL.DFF2","SLICE_X70Y78","SLICEL","CLEL_R_X45Y78","246","167","","X2Y1",""
"u_dut/u_unified_p4_kernel/input_mem_reg[3][7][1]","input_mem_reg","FDRE","SLICE_X67Y71","SLICEM.HFF2","SLICE_X67Y71","SLICEM","CLEM_X44Y71","241","174","","X2Y1",""
"u_dut/u_unified_p4_kernel/input_mem_reg[3][7][2]","input_mem_reg","FDRE","SLICE_X68Y71","SLICEL.GFF2","SLICE_X68Y71","SLICEL","CLEL_R_X44Y71","243","174","","X2Y1",""
"u_dut/u_unified_p4_kernel/input_mem_reg[3][7][3]","input_mem_reg","FDRE","SLICE_X68Y76","SLICEL.GFF2","SLICE_X68Y76","SLICEL","CLEL_R_X44Y76","243","169","","X2Y1",""
"u_dut/u_unified_p4_kernel/input_mem_reg[3][7][4]","input_mem_reg","FDRE","SLICE_X69Y73","SLICEL.GFF","SLICE_X69Y73","SLICEL","CLEL_L_X45Y73","244","172","","X2Y1",""
"u_dut/u_unified_p4_kernel/input_mem_reg[3][7][5]","input_mem_reg","FDRE","SLICE_X67Y73","SLICEM.GFF","SLICE_X67Y73","SLICEM","CLEM_X44Y73","241","172","","X2Y1",""
"u_dut/u_unified_p4_kernel/input_mem_reg[3][7][6]","input_mem_reg","FDRE","SLICE_X68Y75","SLICEL.FFF","SLICE_X68Y75","SLICEL","CLEL_R_X44Y75","243","170","","X2Y1",""
"u_dut/u_unified_p4_kernel/input_mem_reg[3][7][7]","input_mem_reg","FDRE","SLICE_X68Y75","SLICEL.EFF","SLICE_X68Y75","SLICEL","CLEL_R_X44Y75","243","170","","X2Y1",""
"u_dut/u_unified_p4_kernel/input_mem_reg[3][7][8]","input_mem_reg","FDRE","SLICE_X68Y76","SLICEL.FFF2","SLICE_X68Y76","SLICEL","CLEL_R_X44Y76","243","169","","X2Y1",""
"u_dut/u_unified_p4_kernel/input_mem_reg[3][7][9]","input_mem_reg","FDRE","SLICE_X68Y78","SLICEL.DFF","SLICE_X68Y78","SLICEL","CLEL_R_X44Y78","243","167","","X2Y1",""
"u_dut/u_unified_p4_kernel/input_mem_reg[3][8][0]","input_mem_reg","FDRE","SLICE_X85Y84","SLICEL.HFF2","SLICE_X85Y84","SLICEL","CLEL_R_X55Y84","288","161","","X2Y1",""
"u_dut/u_unified_p4_kernel/input_mem_reg[3][8][10]","input_mem_reg","FDRE","SLICE_X85Y82","SLICEL.HFF","SLICE_X85Y82","SLICEL","CLEL_R_X55Y82","288","163","","X2Y1",""
"u_dut/u_unified_p4_kernel/input_mem_reg[3][8][11]","input_mem_reg","FDRE","SLICE_X84Y82","SLICEL.HFF","SLICE_X84Y82","SLICEL","CLEL_L_X55Y82","286","163","","X2Y1",""
"u_dut/u_unified_p4_kernel/input_mem_reg[3][8][12]","input_mem_reg","FDRE","SLICE_X85Y82","SLICEL.GFF","SLICE_X85Y82","SLICEL","CLEL_R_X55Y82","288","163","","X2Y1",""
"u_dut/u_unified_p4_kernel/input_mem_reg[3][8][13]","input_mem_reg","FDRE","SLICE_X87Y81","SLICEL.HFF","SLICE_X87Y81","SLICEL","CLEL_R_X56Y81","293","164","","X2Y1",""
"u_dut/u_unified_p4_kernel/input_mem_reg[3][8][14]","input_mem_reg","FDRE","SLICE_X84Y82","SLICEL.GFF","SLICE_X84Y82","SLICEL","CLEL_L_X55Y82","286","163","","X2Y1",""
"u_dut/u_unified_p4_kernel/input_mem_reg[3][8][15]","input_mem_reg","FDRE","SLICE_X84Y82","SLICEL.FFF","SLICE_X84Y82","SLICEL","CLEL_L_X55Y82","286","163","","X2Y1",""
"u_dut/u_unified_p4_kernel/input_mem_reg[3][8][1]","input_mem_reg","FDRE","SLICE_X87Y81","SLICEL.GFF","SLICE_X87Y81","SLICEL","CLEL_R_X56Y81","293","164","","X2Y1",""
"u_dut/u_unified_p4_kernel/input_mem_reg[3][8][2]","input_mem_reg","FDRE","SLICE_X85Y93","SLICEL.FFF","SLICE_X85Y93","SLICEL","CLEL_R_X55Y93","288","151","","X2Y1",""
"u_dut/u_unified_p4_kernel/input_mem_reg[3][8][3]","input_mem_reg","FDRE","SLICE_X84Y82","SLICEL.EFF","SLICE_X84Y82","SLICEL","CLEL_L_X55Y82","286","163","","X2Y1",""
"u_dut/u_unified_p4_kernel/input_mem_reg[3][8][4]","input_mem_reg","FDRE","SLICE_X85Y85","SLICEL.HFF","SLICE_X85Y85","SLICEL","CLEL_R_X55Y85","288","160","","X2Y1",""
"u_dut/u_unified_p4_kernel/input_mem_reg[3][8][5]","input_mem_reg","FDRE","SLICE_X85Y93","SLICEL.EFF","SLICE_X85Y93","SLICEL","CLEL_R_X55Y93","288","151","","X2Y1",""
"u_dut/u_unified_p4_kernel/input_mem_reg[3][8][6]","input_mem_reg","FDRE","SLICE_X85Y84","SLICEL.GFF2","SLICE_X85Y84","SLICEL","CLEL_R_X55Y84","288","161","","X2Y1",""
"u_dut/u_unified_p4_kernel/input_mem_reg[3][8][7]","input_mem_reg","FDRE","SLICE_X87Y81","SLICEL.FFF","SLICE_X87Y81","SLICEL","CLEL_R_X56Y81","293","164","","X2Y1",""
"u_dut/u_unified_p4_kernel/input_mem_reg[3][8][8]","input_mem_reg","FDRE","SLICE_X85Y85","SLICEL.GFF","SLICE_X85Y85","SLICEL","CLEL_R_X55Y85","288","160","","X2Y1",""
"u_dut/u_unified_p4_kernel/input_mem_reg[3][8][9]","input_mem_reg","FDRE","SLICE_X85Y85","SLICEL.FFF","SLICE_X85Y85","SLICEL","CLEL_R_X55Y85","288","160","","X2Y1",""
"u_dut/u_unified_p4_kernel/input_mem_reg[3][9][0]","input_mem_reg","FDRE","SLICE_X91Y83","SLICEL.HFF","SLICE_X91Y83","SLICEL","CLEL_R_X59Y83","306","162","","X3Y1",""
"u_dut/u_unified_p4_kernel/input_mem_reg[3][9][10]","input_mem_reg","FDRE","SLICE_X93Y88","SLICEM.HFF","SLICE_X93Y88","SLICEM","CLEM_X61Y88","313","157","","X3Y1",""
"u_dut/u_unified_p4_kernel/input_mem_reg[3][9][11]","input_mem_reg","FDRE","SLICE_X93Y88","SLICEM.GFF","SLICE_X93Y88","SLICEM","CLEM_X61Y88","313","157","","X3Y1",""
"u_dut/u_unified_p4_kernel/input_mem_reg[3][9][12]","input_mem_reg","FDRE","SLICE_X85Y92","SLICEL.HFF","SLICE_X85Y92","SLICEL","CLEL_R_X55Y92","288","152","","X2Y1",""
"u_dut/u_unified_p4_kernel/input_mem_reg[3][9][13]","input_mem_reg","FDRE","SLICE_X85Y91","SLICEL.BFF2","SLICE_X85Y91","SLICEL","CLEL_R_X55Y91","288","153","","X2Y1",""
"u_dut/u_unified_p4_kernel/input_mem_reg[3][9][14]","input_mem_reg","FDRE","SLICE_X85Y92","SLICEL.GFF","SLICE_X85Y92","SLICEL","CLEL_R_X55Y92","288","152","","X2Y1",""
"u_dut/u_unified_p4_kernel/input_mem_reg[3][9][15]","input_mem_reg","FDRE","SLICE_X93Y88","SLICEM.FFF","SLICE_X93Y88","SLICEM","CLEM_X61Y88","313","157","","X3Y1",""
"u_dut/u_unified_p4_kernel/input_mem_reg[3][9][1]","input_mem_reg","FDRE","SLICE_X90Y81","SLICEM.GFF","SLICE_X90Y81","SLICEM","CLEM_X59Y81","304","164","","X3Y1",""
"u_dut/u_unified_p4_kernel/input_mem_reg[3][9][2]","input_mem_reg","FDRE","SLICE_X93Y88","SLICEM.EFF","SLICE_X93Y88","SLICEM","CLEM_X61Y88","313","157","","X3Y1",""
"u_dut/u_unified_p4_kernel/input_mem_reg[3][9][3]","input_mem_reg","FDRE","SLICE_X86Y92","SLICEM.GFF2","SLICE_X86Y92","SLICEM","CLEM_X56Y92","291","152","","X2Y1",""
"u_dut/u_unified_p4_kernel/input_mem_reg[3][9][4]","input_mem_reg","FDRE","SLICE_X85Y89","SLICEL.HFF2","SLICE_X85Y89","SLICEL","CLEL_R_X55Y89","288","156","","X2Y1",""
"u_dut/u_unified_p4_kernel/input_mem_reg[3][9][5]","input_mem_reg","FDRE","SLICE_X91Y83","SLICEL.GFF","SLICE_X91Y83","SLICEL","CLEL_R_X59Y83","306","162","","X3Y1",""
"u_dut/u_unified_p4_kernel/input_mem_reg[3][9][6]","input_mem_reg","FDRE","SLICE_X89Y89","SLICEM.HFF","SLICE_X89Y89","SLICEM","CLEM_X58Y89","300","156","","X2Y1",""
"u_dut/u_unified_p4_kernel/input_mem_reg[3][9][7]","input_mem_reg","FDRE","SLICE_X89Y89","SLICEM.GFF","SLICE_X89Y89","SLICEM","CLEM_X58Y89","300","156","","X2Y1",""
"u_dut/u_unified_p4_kernel/input_mem_reg[3][9][8]","input_mem_reg","FDRE","SLICE_X91Y83","SLICEL.FFF","SLICE_X91Y83","SLICEL","CLEL_R_X59Y83","306","162","","X3Y1",""
"u_dut/u_unified_p4_kernel/input_mem_reg[3][9][9]","input_mem_reg","FDRE","SLICE_X91Y83","SLICEL.EFF","SLICE_X91Y83","SLICEL","CLEL_R_X59Y83","306","162","","X3Y1",""
"u_dut/gen_input_slots[0].gen_input_banks[0].u_input_cache_bank","input_cache_bank","its_input_cache_bank","","","SLICE_X71Y161","SLICEM","CLEM_X46Y161","249","81","","X2Y2",""
"u_dut/gen_input_slots[0].gen_input_banks[0].u_input_cache_bank_i_1","input_cache_bank","LUT2","SLICE_X73Y140","SLICEL.D6LUT","SLICE_X73Y140","SLICEL","CLEL_R_X47Y140","255","103","","X2Y2",""
"u_dut/gen_input_slots[0].gen_input_banks[0].u_input_cache_bank_i_10","input_cache_bank","LUT6","SLICE_X77Y140","SLICEL.H6LUT","SLICE_X77Y140","SLICEL","CLEL_L_X50Y140","265","103","","X2Y2",""
"u_dut/gen_input_slots[0].gen_input_banks[0].u_input_cache_bank_i_11","input_cache_bank","LUT6","SLICE_X77Y140","SLICEL.G6LUT","SLICE_X77Y140","SLICEL","CLEL_L_X50Y140","265","103","","X2Y2",""
"u_dut/gen_input_slots[0].gen_input_banks[0].u_input_cache_bank_i_12","input_cache_bank","LUT6","SLICE_X78Y139","SLICEL.H6LUT","SLICE_X78Y139","SLICEL","CLEL_R_X50Y139","267","104","","X2Y2",""
"u_dut/gen_input_slots[0].gen_input_banks[0].u_input_cache_bank_i_2","input_cache_bank","LUT4","SLICE_X84Y139","SLICEL.E6LUT","SLICE_X84Y139","SLICEL","CLEL_L_X55Y139","286","104","","X2Y2",""
"u_dut/gen_input_slots[0].gen_input_banks[0].u_input_cache_bank_i_3","input_cache_bank","LUT6","SLICE_X84Y139","SLICEL.G6LUT","SLICE_X84Y139","SLICEL","CLEL_L_X55Y139","286","104","","X2Y2",""
"u_dut/gen_input_slots[0].gen_input_banks[0].u_input_cache_bank_i_4","input_cache_bank","LUT6","SLICE_X84Y139","SLICEL.F6LUT","SLICE_X84Y139","SLICEL","CLEL_L_X55Y139","286","104","","X2Y2",""
"u_dut/gen_input_slots[0].gen_input_banks[0].u_input_cache_bank_i_5","input_cache_bank","LUT6","SLICE_X78Y139","SLICEL.G6LUT","SLICE_X78Y139","SLICEL","CLEL_R_X50Y139","267","104","","X2Y2",""
"u_dut/gen_input_slots[0].gen_input_banks[0].u_input_cache_bank_i_6","input_cache_bank","LUT6","SLICE_X78Y139","SLICEL.D6LUT","SLICE_X78Y139","SLICEL","CLEL_R_X50Y139","267","104","","X2Y2",""
"u_dut/gen_input_slots[0].gen_input_banks[0].u_input_cache_bank_i_7","input_cache_bank","LUT6","SLICE_X78Y139","SLICEL.C6LUT","SLICE_X78Y139","SLICEL","CLEL_R_X50Y139","267","104","","X2Y2",""
"u_dut/gen_input_slots[0].gen_input_banks[0].u_input_cache_bank_i_8","input_cache_bank","LUT6","SLICE_X78Y139","SLICEL.B6LUT","SLICE_X78Y139","SLICEL","CLEL_R_X50Y139","267","104","","X2Y2",""
"u_dut/gen_input_slots[0].gen_input_banks[0].u_input_cache_bank_i_9","input_cache_bank","LUT6","SLICE_X78Y139","SLICEL.A6LUT","SLICE_X78Y139","SLICEL","CLEL_R_X50Y139","267","104","","X2Y2",""
"u_dut/gen_input_slots[0].gen_input_banks[1].u_input_cache_bank","input_cache_bank","its_input_cache_bank__7","","","SLICE_X79Y156","SLICEM","CLEM_X51Y156","270","86","","X2Y2",""
"u_dut/gen_input_slots[0].gen_input_banks[1].u_input_cache_bank_i_1","input_cache_bank","LUT2","SLICE_X73Y141","SLICEL.H6LUT","SLICE_X73Y141","SLICEL","CLEL_R_X47Y141","255","102","","X2Y2",""
"u_dut/gen_input_slots[0].gen_input_banks[1].u_input_cache_bank_i_10","input_cache_bank","LUT6","SLICE_X83Y140","SLICEL.D6LUT","SLICE_X83Y140","SLICEL","CLEL_R_X54Y140","285","103","","X2Y2",""
"u_dut/gen_input_slots[0].gen_input_banks[1].u_input_cache_bank_i_11","input_cache_bank","LUT6","SLICE_X83Y140","SLICEL.C6LUT","SLICE_X83Y140","SLICEL","CLEL_R_X54Y140","285","103","","X2Y2",""
"u_dut/gen_input_slots[0].gen_input_banks[1].u_input_cache_bank_i_12","input_cache_bank","LUT6","SLICE_X83Y140","SLICEL.H6LUT","SLICE_X83Y140","SLICEL","CLEL_R_X54Y140","285","103","","X2Y2",""
"u_dut/gen_input_slots[0].gen_input_banks[1].u_input_cache_bank_i_2","input_cache_bank","LUT4","SLICE_X84Y140","SLICEL.B6LUT","SLICE_X84Y140","SLICEL","CLEL_L_X55Y140","286","103","","X2Y2",""
"u_dut/gen_input_slots[0].gen_input_banks[1].u_input_cache_bank_i_3","input_cache_bank","LUT6","SLICE_X84Y140","SLICEL.H6LUT","SLICE_X84Y140","SLICEL","CLEL_L_X55Y140","286","103","","X2Y2",""
"u_dut/gen_input_slots[0].gen_input_banks[1].u_input_cache_bank_i_4","input_cache_bank","LUT6","SLICE_X78Y130","SLICEL.C6LUT","SLICE_X78Y130","SLICEL","CLEL_R_X50Y130","267","113","","X2Y2",""
"u_dut/gen_input_slots[0].gen_input_banks[1].u_input_cache_bank_i_5","input_cache_bank","LUT6","SLICE_X83Y141","SLICEL.H6LUT","SLICE_X83Y141","SLICEL","CLEL_R_X54Y141","285","102","","X2Y2",""
"u_dut/gen_input_slots[0].gen_input_banks[1].u_input_cache_bank_i_6","input_cache_bank","LUT6","SLICE_X82Y141","SLICEM.D6LUT","SLICE_X82Y141","SLICEM","CLEM_X54Y141","283","102","","X2Y2",""
"u_dut/gen_input_slots[0].gen_input_banks[1].u_input_cache_bank_i_7","input_cache_bank","LUT6","SLICE_X83Y140","SLICEL.G6LUT","SLICE_X83Y140","SLICEL","CLEL_R_X54Y140","285","103","","X2Y2",""
"u_dut/gen_input_slots[0].gen_input_banks[1].u_input_cache_bank_i_8","input_cache_bank","LUT6","SLICE_X83Y140","SLICEL.F6LUT","SLICE_X83Y140","SLICEL","CLEL_R_X54Y140","285","103","","X2Y2",""
"u_dut/gen_input_slots[0].gen_input_banks[1].u_input_cache_bank_i_9","input_cache_bank","LUT6","SLICE_X78Y131","SLICEL.D6LUT","SLICE_X78Y131","SLICEL","CLEL_R_X50Y131","267","112","","X2Y2",""
"u_dut/gen_input_slots[0].gen_input_banks[2].u_input_cache_bank","input_cache_bank","its_input_cache_bank__6","","","SLICE_X74Y159","SLICEM","CLEM_X48Y159","258","83","","X2Y2",""
"u_dut/gen_input_slots[0].gen_input_banks[2].u_input_cache_bank_i_1","input_cache_bank","LUT2","SLICE_X73Y137","SLICEL.C6LUT","SLICE_X73Y137","SLICEL","CLEL_R_X47Y137","255","106","","X2Y2",""
"u_dut/gen_input_slots[0].gen_input_banks[2].u_input_cache_bank_i_10","input_cache_bank","LUT6","SLICE_X80Y137","SLICEL.H6LUT","SLICE_X80Y137","SLICEL","CLEL_R_X52Y137","276","106","","X2Y2",""
"u_dut/gen_input_slots[0].gen_input_banks[2].u_input_cache_bank_i_11","input_cache_bank","LUT6","SLICE_X80Y137","SLICEL.G6LUT","SLICE_X80Y137","SLICEL","CLEL_R_X52Y137","276","106","","X2Y2",""
"u_dut/gen_input_slots[0].gen_input_banks[2].u_input_cache_bank_i_12","input_cache_bank","LUT6","SLICE_X80Y137","SLICEL.F6LUT","SLICE_X80Y137","SLICEL","CLEL_R_X52Y137","276","106","","X2Y2",""
"u_dut/gen_input_slots[0].gen_input_banks[2].u_input_cache_bank_i_2","input_cache_bank","LUT4","SLICE_X83Y138","SLICEL.B6LUT","SLICE_X83Y138","SLICEL","CLEL_R_X54Y138","285","105","","X2Y2",""
"u_dut/gen_input_slots[0].gen_input_banks[2].u_input_cache_bank_i_3","input_cache_bank","LUT6","SLICE_X84Y138","SLICEL.H6LUT","SLICE_X84Y138","SLICEL","CLEL_L_X55Y138","286","105","","X2Y2",""
"u_dut/gen_input_slots[0].gen_input_banks[2].u_input_cache_bank_i_4","input_cache_bank","LUT6","SLICE_X84Y138","SLICEL.G6LUT","SLICE_X84Y138","SLICEL","CLEL_L_X55Y138","286","105","","X2Y2",""
"u_dut/gen_input_slots[0].gen_input_banks[2].u_input_cache_bank_i_5","input_cache_bank","LUT6","SLICE_X80Y137","SLICEL.D6LUT","SLICE_X80Y137","SLICEL","CLEL_R_X52Y137","276","106","","X2Y2",""
"u_dut/gen_input_slots[0].gen_input_banks[2].u_input_cache_bank_i_6","input_cache_bank","LUT6","SLICE_X80Y137","SLICEL.C6LUT","SLICE_X80Y137","SLICEL","CLEL_R_X52Y137","276","106","","X2Y2",""
"u_dut/gen_input_slots[0].gen_input_banks[2].u_input_cache_bank_i_7","input_cache_bank","LUT6","SLICE_X80Y137","SLICEL.E6LUT","SLICE_X80Y137","SLICEL","CLEL_R_X52Y137","276","106","","X2Y2",""
"u_dut/gen_input_slots[0].gen_input_banks[2].u_input_cache_bank_i_8","input_cache_bank","LUT6","SLICE_X80Y137","SLICEL.B6LUT","SLICE_X80Y137","SLICEL","CLEL_R_X52Y137","276","106","","X2Y2",""
"u_dut/gen_input_slots[0].gen_input_banks[2].u_input_cache_bank_i_9","input_cache_bank","LUT6","SLICE_X67Y137","SLICEM.C6LUT","SLICE_X67Y137","SLICEM","CLEM_X44Y137","241","106","","X2Y2",""
"u_dut/gen_input_slots[0].gen_input_banks[3].u_input_cache_bank","input_cache_bank","its_input_cache_bank__5","","","SLICE_X86Y160","SLICEM","CLEM_X56Y160","291","82","","X2Y2",""
"u_dut/gen_input_slots[0].gen_input_banks[3].u_input_cache_bank_i_1","input_cache_bank","LUT2","SLICE_X84Y140","SLICEL.A6LUT","SLICE_X84Y140","SLICEL","CLEL_L_X55Y140","286","103","","X2Y2",""
"u_dut/gen_input_slots[0].gen_input_banks[3].u_input_cache_bank_i_10","input_cache_bank","LUT6","SLICE_X85Y139","SLICEL.G6LUT","SLICE_X85Y139","SLICEL","CLEL_R_X55Y139","288","104","","X2Y2",""
"u_dut/gen_input_slots[0].gen_input_banks[3].u_input_cache_bank_i_11","input_cache_bank","LUT6","SLICE_X85Y139","SLICEL.F6LUT","SLICE_X85Y139","SLICEL","CLEL_R_X55Y139","288","104","","X2Y2",""
"u_dut/gen_input_slots[0].gen_input_banks[3].u_input_cache_bank_i_12","input_cache_bank","LUT6","SLICE_X85Y140","SLICEL.H6LUT","SLICE_X85Y140","SLICEL","CLEL_R_X55Y140","288","103","","X2Y2",""
"u_dut/gen_input_slots[0].gen_input_banks[3].u_input_cache_bank_i_2","input_cache_bank","LUT4","SLICE_X84Y153","SLICEL.D6LUT","SLICE_X84Y153","SLICEL","CLEL_L_X55Y153","286","89","","X2Y2",""
"u_dut/gen_input_slots[0].gen_input_banks[3].u_input_cache_bank_i_3","input_cache_bank","LUT6","SLICE_X85Y142","SLICEL.H6LUT","SLICE_X85Y142","SLICEL","CLEL_R_X55Y142","288","101","","X2Y2",""
"u_dut/gen_input_slots[0].gen_input_banks[3].u_input_cache_bank_i_4","input_cache_bank","LUT6","SLICE_X85Y142","SLICEL.G6LUT","SLICE_X85Y142","SLICEL","CLEL_R_X55Y142","288","101","","X2Y2",""
"u_dut/gen_input_slots[0].gen_input_banks[3].u_input_cache_bank_i_5","input_cache_bank","LUT6","SLICE_X85Y139","SLICEL.E6LUT","SLICE_X85Y139","SLICEL","CLEL_R_X55Y139","288","104","","X2Y2",""
"u_dut/gen_input_slots[0].gen_input_banks[3].u_input_cache_bank_i_6","input_cache_bank","LUT6","SLICE_X87Y143","SLICEL.D6LUT","SLICE_X87Y143","SLICEL","CLEL_R_X56Y143","293","100","","X2Y2",""
"u_dut/gen_input_slots[0].gen_input_banks[3].u_input_cache_bank_i_7","input_cache_bank","LUT6","SLICE_X85Y140","SLICEL.E6LUT","SLICE_X85Y140","SLICEL","CLEL_R_X55Y140","288","103","","X2Y2",""
"u_dut/gen_input_slots[0].gen_input_banks[3].u_input_cache_bank_i_8","input_cache_bank","LUT6","SLICE_X85Y140","SLICEL.G6LUT","SLICE_X85Y140","SLICEL","CLEL_R_X55Y140","288","103","","X2Y2",""
"u_dut/gen_input_slots[0].gen_input_banks[3].u_input_cache_bank_i_9","input_cache_bank","LUT6","SLICE_X85Y140","SLICEL.F6LUT","SLICE_X85Y140","SLICEL","CLEL_R_X55Y140","288","103","","X2Y2",""
"u_dut/gen_input_slots[1].gen_input_banks[0].u_input_cache_bank","input_cache_bank","its_input_cache_bank__4","","","SLICE_X87Y142","SLICEL","CLEL_R_X56Y142","293","101","","X2Y2",""
"u_dut/gen_input_slots[1].gen_input_banks[0].u_input_cache_bank_i_1","input_cache_bank","LUT2","SLICE_X85Y134","SLICEL.H6LUT","SLICE_X85Y134","SLICEL","CLEL_R_X55Y134","288","109","","X2Y2",""
"u_dut/gen_input_slots[1].gen_input_banks[0].u_input_cache_bank_i_10","input_cache_bank","LUT6","SLICE_X84Y134","SLICEL.H6LUT","SLICE_X84Y134","SLICEL","CLEL_L_X55Y134","286","109","","X2Y2",""
"u_dut/gen_input_slots[1].gen_input_banks[0].u_input_cache_bank_i_11","input_cache_bank","LUT6","SLICE_X84Y134","SLICEL.G6LUT","SLICE_X84Y134","SLICEL","CLEL_L_X55Y134","286","109","","X2Y2",""
"u_dut/gen_input_slots[1].gen_input_banks[0].u_input_cache_bank_i_12","input_cache_bank","LUT6","SLICE_X84Y134","SLICEL.B6LUT","SLICE_X84Y134","SLICEL","CLEL_L_X55Y134","286","109","","X2Y2",""
"u_dut/gen_input_slots[1].gen_input_banks[0].u_input_cache_bank_i_2","input_cache_bank","LUT4","SLICE_X84Y136","SLICEL.G6LUT","SLICE_X84Y136","SLICEL","CLEL_L_X55Y136","286","107","","X2Y2",""
"u_dut/gen_input_slots[1].gen_input_banks[0].u_input_cache_bank_i_3","input_cache_bank","LUT6","SLICE_X83Y136","SLICEL.H6LUT","SLICE_X83Y136","SLICEL","CLEL_R_X54Y136","285","107","","X2Y2",""
"u_dut/gen_input_slots[1].gen_input_banks[0].u_input_cache_bank_i_4","input_cache_bank","LUT6","SLICE_X83Y136","SLICEL.B6LUT","SLICE_X83Y136","SLICEL","CLEL_R_X54Y136","285","107","","X2Y2",""
"u_dut/gen_input_slots[1].gen_input_banks[0].u_input_cache_bank_i_5","input_cache_bank","LUT6","SLICE_X84Y136","SLICEL.H6LUT","SLICE_X84Y136","SLICEL","CLEL_L_X55Y136","286","107","","X2Y2",""
"u_dut/gen_input_slots[1].gen_input_banks[0].u_input_cache_bank_i_6","input_cache_bank","LUT6","SLICE_X84Y134","SLICEL.F6LUT","SLICE_X84Y134","SLICEL","CLEL_L_X55Y134","286","109","","X2Y2",""
"u_dut/gen_input_slots[1].gen_input_banks[0].u_input_cache_bank_i_7","input_cache_bank","LUT6","SLICE_X85Y136","SLICEL.H6LUT","SLICE_X85Y136","SLICEL","CLEL_R_X55Y136","288","107","","X2Y2",""
"u_dut/gen_input_slots[1].gen_input_banks[0].u_input_cache_bank_i_8","input_cache_bank","LUT6","SLICE_X85Y136","SLICEL.G6LUT","SLICE_X85Y136","SLICEL","CLEL_R_X55Y136","288","107","","X2Y2",""
"u_dut/gen_input_slots[1].gen_input_banks[0].u_input_cache_bank_i_9","input_cache_bank","LUT6","SLICE_X84Y135","SLICEL.F6LUT","SLICE_X84Y135","SLICEL","CLEL_L_X55Y135","286","108","","X2Y2",""
"u_dut/gen_input_slots[1].gen_input_banks[1].u_input_cache_bank","input_cache_bank","its_input_cache_bank__3","","","SLICE_X88Y145","SLICEL","CLEL_R_X57Y145","297","98","","X2Y2",""
"u_dut/gen_input_slots[1].gen_input_banks[1].u_input_cache_bank_i_1","input_cache_bank","LUT2","SLICE_X84Y132","SLICEL.E6LUT","SLICE_X84Y132","SLICEL","CLEL_L_X55Y132","286","111","","X2Y2",""
"u_dut/gen_input_slots[1].gen_input_banks[1].u_input_cache_bank_i_10","input_cache_bank","LUT6","SLICE_X81Y132","SLICEM.H6LUT","SLICE_X81Y132","SLICEM","CLEM_X53Y132","279","111","","X2Y2",""
"u_dut/gen_input_slots[1].gen_input_banks[1].u_input_cache_bank_i_11","input_cache_bank","LUT6","SLICE_X84Y133","SLICEL.G6LUT","SLICE_X84Y133","SLICEL","CLEL_L_X55Y133","286","110","","X2Y2",""
"u_dut/gen_input_slots[1].gen_input_banks[1].u_input_cache_bank_i_12","input_cache_bank","LUT6","SLICE_X83Y133","SLICEL.H6LUT","SLICE_X83Y133","SLICEL","CLEL_R_X54Y133","285","110","","X2Y2",""
"u_dut/gen_input_slots[1].gen_input_banks[1].u_input_cache_bank_i_2","input_cache_bank","LUT4","SLICE_X83Y132","SLICEL.B6LUT","SLICE_X83Y132","SLICEL","CLEL_R_X54Y132","285","111","","X2Y2",""
"u_dut/gen_input_slots[1].gen_input_banks[1].u_input_cache_bank_i_3","input_cache_bank","LUT6","SLICE_X83Y132","SLICEL.D6LUT","SLICE_X83Y132","SLICEL","CLEL_R_X54Y132","285","111","","X2Y2",""
"u_dut/gen_input_slots[1].gen_input_banks[1].u_input_cache_bank_i_4","input_cache_bank","LUT6","SLICE_X83Y132","SLICEL.C6LUT","SLICE_X83Y132","SLICEL","CLEL_R_X54Y132","285","111","","X2Y2",""
"u_dut/gen_input_slots[1].gen_input_banks[1].u_input_cache_bank_i_5","input_cache_bank","LUT6","SLICE_X81Y132","SLICEM.G6LUT","SLICE_X81Y132","SLICEM","CLEM_X53Y132","279","111","","X2Y2",""
"u_dut/gen_input_slots[1].gen_input_banks[1].u_input_cache_bank_i_6","input_cache_bank","LUT6","SLICE_X84Y132","SLICEL.C6LUT","SLICE_X84Y132","SLICEL","CLEL_L_X55Y132","286","111","","X2Y2",""
"u_dut/gen_input_slots[1].gen_input_banks[1].u_input_cache_bank_i_7","input_cache_bank","LUT6","SLICE_X84Y133","SLICEL.F6LUT","SLICE_X84Y133","SLICEL","CLEL_L_X55Y133","286","110","","X2Y2",""
"u_dut/gen_input_slots[1].gen_input_banks[1].u_input_cache_bank_i_8","input_cache_bank","LUT6","SLICE_X84Y132","SLICEL.G6LUT","SLICE_X84Y132","SLICEL","CLEL_L_X55Y132","286","111","","X2Y2",""
"u_dut/gen_input_slots[1].gen_input_banks[1].u_input_cache_bank_i_9","input_cache_bank","LUT6","SLICE_X84Y132","SLICEL.F6LUT","SLICE_X84Y132","SLICEL","CLEL_L_X55Y132","286","111","","X2Y2",""
"u_dut/gen_input_slots[1].gen_input_banks[2].u_input_cache_bank","input_cache_bank","its_input_cache_bank__2","","","SLICE_X86Y138","SLICEM","CLEM_X56Y138","291","105","","X2Y2",""
"u_dut/gen_input_slots[1].gen_input_banks[2].u_input_cache_bank_i_1","input_cache_bank","LUT2","SLICE_X80Y136","SLICEL.B6LUT","SLICE_X80Y136","SLICEL","CLEL_R_X52Y136","276","107","","X2Y2",""
"u_dut/gen_input_slots[1].gen_input_banks[2].u_input_cache_bank_i_10","input_cache_bank","LUT6","SLICE_X85Y137","SLICEL.B6LUT","SLICE_X85Y137","SLICEL","CLEL_R_X55Y137","288","106","","X2Y2",""
"u_dut/gen_input_slots[1].gen_input_banks[2].u_input_cache_bank_i_11","input_cache_bank","LUT6","SLICE_X85Y137","SLICEL.A6LUT","SLICE_X85Y137","SLICEL","CLEL_R_X55Y137","288","106","","X2Y2",""
"u_dut/gen_input_slots[1].gen_input_banks[2].u_input_cache_bank_i_12","input_cache_bank","LUT6","SLICE_X85Y136","SLICEL.D6LUT","SLICE_X85Y136","SLICEL","CLEL_R_X55Y136","288","107","","X2Y2",""
"u_dut/gen_input_slots[1].gen_input_banks[2].u_input_cache_bank_i_2","input_cache_bank","LUT4","SLICE_X87Y137","SLICEL.F6LUT","SLICE_X87Y137","SLICEL","CLEL_R_X56Y137","293","106","","X2Y2",""
"u_dut/gen_input_slots[1].gen_input_banks[2].u_input_cache_bank_i_3","input_cache_bank","LUT6","SLICE_X87Y137","SLICEL.H6LUT","SLICE_X87Y137","SLICEL","CLEL_R_X56Y137","293","106","","X2Y2",""
"u_dut/gen_input_slots[1].gen_input_banks[2].u_input_cache_bank_i_4","input_cache_bank","LUT6","SLICE_X87Y137","SLICEL.G6LUT","SLICE_X87Y137","SLICEL","CLEL_R_X56Y137","293","106","","X2Y2",""
"u_dut/gen_input_slots[1].gen_input_banks[2].u_input_cache_bank_i_5","input_cache_bank","LUT6","SLICE_X85Y137","SLICEL.H6LUT","SLICE_X85Y137","SLICEL","CLEL_R_X55Y137","288","106","","X2Y2",""
"u_dut/gen_input_slots[1].gen_input_banks[2].u_input_cache_bank_i_6","input_cache_bank","LUT6","SLICE_X85Y136","SLICEL.C6LUT","SLICE_X85Y136","SLICEL","CLEL_R_X55Y136","288","107","","X2Y2",""
"u_dut/gen_input_slots[1].gen_input_banks[2].u_input_cache_bank_i_7","input_cache_bank","LUT6","SLICE_X85Y136","SLICEL.F6LUT","SLICE_X85Y136","SLICEL","CLEL_R_X55Y136","288","107","","X2Y2",""
"u_dut/gen_input_slots[1].gen_input_banks[2].u_input_cache_bank_i_8","input_cache_bank","LUT6","SLICE_X85Y137","SLICEL.G6LUT","SLICE_X85Y137","SLICEL","CLEL_R_X55Y137","288","106","","X2Y2",""
"u_dut/gen_input_slots[1].gen_input_banks[2].u_input_cache_bank_i_9","input_cache_bank","LUT6","SLICE_X85Y136","SLICEL.B6LUT","SLICE_X85Y136","SLICEL","CLEL_R_X55Y136","288","107","","X2Y2",""
"u_dut/gen_input_slots[1].gen_input_banks[3].u_input_cache_bank","input_cache_bank","its_input_cache_bank__1","","","SLICE_X83Y145","SLICEL","CLEL_R_X54Y145","285","98","","X2Y2",""
"u_dut/gen_input_slots[1].gen_input_banks[3].u_input_cache_bank_i_1","input_cache_bank","LUT2","SLICE_X84Y133","SLICEL.B6LUT","SLICE_X84Y133","SLICEL","CLEL_L_X55Y133","286","110","","X2Y2",""
"u_dut/gen_input_slots[1].gen_input_banks[3].u_input_cache_bank_i_10","input_cache_bank","LUT6","SLICE_X85Y132","SLICEL.H6LUT","SLICE_X85Y132","SLICEL","CLEL_R_X55Y132","288","111","","X2Y2",""
"u_dut/gen_input_slots[1].gen_input_banks[3].u_input_cache_bank_i_11","input_cache_bank","LUT6","SLICE_X85Y133","SLICEL.H6LUT","SLICE_X85Y133","SLICEL","CLEL_R_X55Y133","288","110","","X2Y2",""
"u_dut/gen_input_slots[1].gen_input_banks[3].u_input_cache_bank_i_12","input_cache_bank","LUT6","SLICE_X86Y134","SLICEM.H6LUT","SLICE_X86Y134","SLICEM","CLEM_X56Y134","291","109","","X2Y2",""
"u_dut/gen_input_slots[1].gen_input_banks[3].u_input_cache_bank_i_2","input_cache_bank","LUT4","SLICE_X86Y134","SLICEM.E6LUT","SLICE_X86Y134","SLICEM","CLEM_X56Y134","291","109","","X2Y2",""
"u_dut/gen_input_slots[1].gen_input_banks[3].u_input_cache_bank_i_3","input_cache_bank","LUT6","SLICE_X86Y134","SLICEM.G6LUT","SLICE_X86Y134","SLICEM","CLEM_X56Y134","291","109","","X2Y2",""
"u_dut/gen_input_slots[1].gen_input_banks[3].u_input_cache_bank_i_4","input_cache_bank","LUT6","SLICE_X86Y134","SLICEM.F6LUT","SLICE_X86Y134","SLICEM","CLEM_X56Y134","291","109","","X2Y2",""
"u_dut/gen_input_slots[1].gen_input_banks[3].u_input_cache_bank_i_5","input_cache_bank","LUT6","SLICE_X85Y132","SLICEL.G6LUT","SLICE_X85Y132","SLICEL","CLEL_R_X55Y132","288","111","","X2Y2",""
"u_dut/gen_input_slots[1].gen_input_banks[3].u_input_cache_bank_i_6","input_cache_bank","LUT6","SLICE_X85Y138","SLICEL.A6LUT","SLICE_X85Y138","SLICEL","CLEL_R_X55Y138","288","105","","X2Y2",""
"u_dut/gen_input_slots[1].gen_input_banks[3].u_input_cache_bank_i_7","input_cache_bank","LUT6","SLICE_X85Y133","SLICEL.G6LUT","SLICE_X85Y133","SLICEL","CLEL_R_X55Y133","288","110","","X2Y2",""
"u_dut/gen_input_slots[1].gen_input_banks[3].u_input_cache_bank_i_8","input_cache_bank","LUT6","SLICE_X85Y132","SLICEL.D6LUT","SLICE_X85Y132","SLICEL","CLEL_R_X55Y132","288","111","","X2Y2",""
"u_dut/gen_input_slots[1].gen_input_banks[3].u_input_cache_bank_i_9","input_cache_bank","LUT6","SLICE_X85Y133","SLICEL.F6LUT","SLICE_X85Y133","SLICEL","CLEL_R_X55Y133","288","110","","X2Y2",""
"u_dut/fill_wr_cmd_addr_q_reg[0]","fill_wr_cmd_addr_q_reg","FDCE","SLICE_X60Y128","SLICEL.DFF2","SLICE_X60Y128","SLICEL","CLEL_R_X39Y128","222","115","","X2Y2","16"
"u_dut/fill_wr_cmd_addr_q_reg[1]","fill_wr_cmd_addr_q_reg","FDCE","SLICE_X60Y128","SLICEL.CFF2","SLICE_X60Y128","SLICEL","CLEL_R_X39Y128","222","115","","X2Y2","16"
"u_dut/fill_wr_cmd_addr_q_reg[2]","fill_wr_cmd_addr_q_reg","FDCE","SLICE_X60Y128","SLICEL.FFF2","SLICE_X60Y128","SLICEL","CLEL_R_X39Y128","222","115","","X2Y2","16"
"u_dut/fill_wr_cmd_addr_q_reg[3]","fill_wr_cmd_addr_q_reg","FDCE","SLICE_X63Y139","SLICEL.DFF2","SLICE_X63Y139","SLICEL","CLEL_R_X41Y139","231","104","","X2Y2","16"
"u_dut/fill_wr_cmd_addr_q_reg[4]","fill_wr_cmd_addr_q_reg","FDCE","SLICE_X63Y134","SLICEL.HFF2","SLICE_X63Y134","SLICEL","CLEL_R_X41Y134","231","109","","X2Y2","16"
"u_dut/fill_wr_cmd_addr_q_reg[5]","fill_wr_cmd_addr_q_reg","FDCE","SLICE_X64Y135","SLICEL.EFF","SLICE_X64Y135","SLICEL","CLEL_L_X42Y135","232","108","","X2Y2","16"
"u_dut/fill_wr_cmd_addr_q_reg[6]","fill_wr_cmd_addr_q_reg","FDCE","SLICE_X68Y128","SLICEL.AFF","SLICE_X68Y128","SLICEL","CLEL_R_X44Y128","243","115","","X2Y2","16"
"u_dut/fill_wr_cmd_addr_q_reg[7]","fill_wr_cmd_addr_q_reg","FDCE","SLICE_X68Y127","SLICEL.AFF","SLICE_X68Y127","SLICEL","CLEL_R_X44Y127","243","116","","X2Y2","16"
"u_dut/fill_wr_cmd_addr_q_reg[8]","fill_wr_cmd_addr_q_reg","FDCE","SLICE_X70Y130","SLICEL.FFF2","SLICE_X70Y130","SLICEL","CLEL_R_X45Y130","246","113","","X2Y2","16"
"u_dut/fill_wr_cmd_addr_q_reg[9]","fill_wr_cmd_addr_q_reg","FDCE","SLICE_X68Y124","SLICEL.AFF2","SLICE_X68Y124","SLICEL","CLEL_R_X44Y124","243","119","","X2Y2","16"
"u_dut/lfnst_grid_reg[0][0]","lfnst_grid_reg","FDCE","SLICE_X59Y168","SLICEL.HFF","SLICE_X59Y168","SLICEL","CLEL_R_X38Y168","218","74","","X2Y2",""
"u_dut/lfnst_grid_reg[0][10]","lfnst_grid_reg","FDCE","SLICE_X59Y164","SLICEL.HFF","SLICE_X59Y164","SLICEL","CLEL_R_X38Y164","218","78","","X2Y2",""
"u_dut/lfnst_grid_reg[0][11]","lfnst_grid_reg","FDCE","SLICE_X60Y170","SLICEL.HFF","SLICE_X60Y170","SLICEL","CLEL_R_X39Y170","222","72","","X2Y2",""
"u_dut/lfnst_grid_reg[0][12]","lfnst_grid_reg","FDCE","SLICE_X59Y169","SLICEL.HFF","SLICE_X59Y169","SLICEL","CLEL_R_X38Y169","218","73","","X2Y2",""
"u_dut/lfnst_grid_reg[0][13]","lfnst_grid_reg","FDCE","SLICE_X56Y164","SLICEM.HFF","SLICE_X56Y164","SLICEM","CLEM_X37Y164","211","78","","X2Y2",""
"u_dut/lfnst_grid_reg[0][14]","lfnst_grid_reg","FDCE","SLICE_X57Y166","SLICEL.BFF","SLICE_X57Y166","SLICEL","CLEL_R_X37Y166","213","76","","X2Y2",""
"u_dut/lfnst_grid_reg[0][15]","lfnst_grid_reg","FDCE","SLICE_X62Y170","SLICEM.DFF","SLICE_X62Y170","SLICEM","CLEM_X41Y170","229","72","","X2Y2",""
"u_dut/lfnst_grid_reg[0][1]","lfnst_grid_reg","FDCE","SLICE_X56Y159","SLICEM.BFF","SLICE_X56Y159","SLICEM","CLEM_X37Y159","211","83","","X2Y2",""
"u_dut/lfnst_grid_reg[0][2]","lfnst_grid_reg","FDCE","SLICE_X55Y161","SLICEM.FFF","SLICE_X55Y161","SLICEM","CLEM_X36Y161","207","81","","X1Y2",""
"u_dut/lfnst_grid_reg[0][3]","lfnst_grid_reg","FDCE","SLICE_X62Y170","SLICEM.BFF","SLICE_X62Y170","SLICEM","CLEM_X41Y170","229","72","","X2Y2",""
"u_dut/lfnst_grid_reg[0][4]","lfnst_grid_reg","FDCE","SLICE_X64Y169","SLICEL.HFF","SLICE_X64Y169","SLICEL","CLEL_L_X42Y169","232","73","","X2Y2",""
"u_dut/lfnst_grid_reg[0][5]","lfnst_grid_reg","FDCE","SLICE_X62Y162","SLICEM.BFF","SLICE_X62Y162","SLICEM","CLEM_X41Y162","229","80","","X2Y2",""
"u_dut/lfnst_grid_reg[0][6]","lfnst_grid_reg","FDCE","SLICE_X67Y161","SLICEM.BFF","SLICE_X67Y161","SLICEM","CLEM_X44Y161","241","81","","X2Y2",""
"u_dut/lfnst_grid_reg[0][7]","lfnst_grid_reg","FDCE","SLICE_X65Y160","SLICEL.FFF","SLICE_X65Y160","SLICEL","CLEL_R_X42Y160","234","82","","X2Y2",""
"u_dut/lfnst_grid_reg[0][8]","lfnst_grid_reg","FDCE","SLICE_X64Y169","SLICEL.DFF","SLICE_X64Y169","SLICEL","CLEL_L_X42Y169","232","73","","X2Y2",""
"u_dut/lfnst_grid_reg[0][9]","lfnst_grid_reg","FDCE","SLICE_X64Y169","SLICEL.CFF","SLICE_X64Y169","SLICEL","CLEL_L_X42Y169","232","73","","X2Y2",""
"u_dut/lfnst_grid_reg[10][0]","lfnst_grid_reg","FDCE","SLICE_X61Y162","SLICEM.HFF2","SLICE_X61Y162","SLICEM","CLEM_X40Y162","225","80","","X2Y2",""
"u_dut/lfnst_grid_reg[10][10]","lfnst_grid_reg","FDCE","SLICE_X61Y162","SLICEM.HFF","SLICE_X61Y162","SLICEM","CLEM_X40Y162","225","80","","X2Y2",""
"u_dut/lfnst_grid_reg[10][11]","lfnst_grid_reg","FDCE","SLICE_X61Y166","SLICEM.HFF","SLICE_X61Y166","SLICEM","CLEM_X40Y166","225","76","","X2Y2",""
"u_dut/lfnst_grid_reg[10][12]","lfnst_grid_reg","FDCE","SLICE_X63Y159","SLICEL.HFF","SLICE_X63Y159","SLICEL","CLEL_R_X41Y159","231","83","","X2Y2",""
"u_dut/lfnst_grid_reg[10][13]","lfnst_grid_reg","FDCE","SLICE_X59Y159","SLICEL.BFF","SLICE_X59Y159","SLICEL","CLEL_R_X38Y159","218","83","","X2Y2",""
"u_dut/lfnst_grid_reg[10][14]","lfnst_grid_reg","FDCE","SLICE_X61Y162","SLICEM.GFF","SLICE_X61Y162","SLICEM","CLEM_X40Y162","225","80","","X2Y2",""
"u_dut/lfnst_grid_reg[10][15]","lfnst_grid_reg","FDCE","SLICE_X61Y166","SLICEM.DFF","SLICE_X61Y166","SLICEM","CLEM_X40Y166","225","76","","X2Y2",""
"u_dut/lfnst_grid_reg[10][1]","lfnst_grid_reg","FDCE","SLICE_X58Y160","SLICEM.BFF","SLICE_X58Y160","SLICEM","CLEM_X38Y160","216","82","","X2Y2",""
"u_dut/lfnst_grid_reg[10][2]","lfnst_grid_reg","FDCE","SLICE_X59Y159","SLICEL.AFF","SLICE_X59Y159","SLICEL","CLEL_R_X38Y159","218","83","","X2Y2",""
"u_dut/lfnst_grid_reg[10][3]","lfnst_grid_reg","FDCE","SLICE_X61Y162","SLICEM.FFF","SLICE_X61Y162","SLICEM","CLEM_X40Y162","225","80","","X2Y2",""
"u_dut/lfnst_grid_reg[10][4]","lfnst_grid_reg","FDCE","SLICE_X63Y159","SLICEL.GFF","SLICE_X63Y159","SLICEL","CLEL_R_X41Y159","231","83","","X2Y2",""
"u_dut/lfnst_grid_reg[10][5]","lfnst_grid_reg","FDCE","SLICE_X63Y159","SLICEL.FFF","SLICE_X63Y159","SLICEL","CLEL_R_X41Y159","231","83","","X2Y2",""
"u_dut/lfnst_grid_reg[10][6]","lfnst_grid_reg","FDCE","SLICE_X65Y164","SLICEL.DFF","SLICE_X65Y164","SLICEL","CLEL_R_X42Y164","234","78","","X2Y2",""
"u_dut/lfnst_grid_reg[10][7]","lfnst_grid_reg","FDCE","SLICE_X65Y164","SLICEL.CFF","SLICE_X65Y164","SLICEL","CLEL_R_X42Y164","234","78","","X2Y2",""
"u_dut/lfnst_grid_reg[10][8]","lfnst_grid_reg","FDCE","SLICE_X65Y164","SLICEL.BFF","SLICE_X65Y164","SLICEL","CLEL_R_X42Y164","234","78","","X2Y2",""
"u_dut/lfnst_grid_reg[10][9]","lfnst_grid_reg","FDCE","SLICE_X65Y166","SLICEL.FFF","SLICE_X65Y166","SLICEL","CLEL_R_X42Y166","234","76","","X2Y2",""
"u_dut/lfnst_grid_reg[11][0]","lfnst_grid_reg","FDCE","SLICE_X61Y167","SLICEM.FFF","SLICE_X61Y167","SLICEM","CLEM_X40Y167","225","75","","X2Y2",""
"u_dut/lfnst_grid_reg[11][10]","lfnst_grid_reg","FDCE","SLICE_X63Y164","SLICEL.DFF","SLICE_X63Y164","SLICEL","CLEL_R_X41Y164","231","78","","X2Y2",""
"u_dut/lfnst_grid_reg[11][11]","lfnst_grid_reg","FDCE","SLICE_X61Y167","SLICEM.HFF","SLICE_X61Y167","SLICEM","CLEM_X40Y167","225","75","","X2Y2",""
"u_dut/lfnst_grid_reg[11][12]","lfnst_grid_reg","FDCE","SLICE_X63Y164","SLICEL.CFF","SLICE_X63Y164","SLICEL","CLEL_R_X41Y164","231","78","","X2Y2",""
"u_dut/lfnst_grid_reg[11][13]","lfnst_grid_reg","FDCE","SLICE_X59Y165","SLICEL.HFF","SLICE_X59Y165","SLICEL","CLEL_R_X38Y165","218","77","","X2Y2",""
"u_dut/lfnst_grid_reg[11][14]","lfnst_grid_reg","FDCE","SLICE_X61Y167","SLICEM.GFF","SLICE_X61Y167","SLICEM","CLEM_X40Y167","225","75","","X2Y2",""
"u_dut/lfnst_grid_reg[11][15]","lfnst_grid_reg","FDCE","SLICE_X63Y167","SLICEL.DFF","SLICE_X63Y167","SLICEL","CLEL_R_X41Y167","231","75","","X2Y2",""
"u_dut/lfnst_grid_reg[11][1]","lfnst_grid_reg","FDCE","SLICE_X59Y165","SLICEL.GFF","SLICE_X59Y165","SLICEL","CLEL_R_X38Y165","218","77","","X2Y2",""
"u_dut/lfnst_grid_reg[11][2]","lfnst_grid_reg","FDCE","SLICE_X59Y165","SLICEL.FFF","SLICE_X59Y165","SLICEL","CLEL_R_X38Y165","218","77","","X2Y2",""
"u_dut/lfnst_grid_reg[11][3]","lfnst_grid_reg","FDCE","SLICE_X63Y167","SLICEL.BFF","SLICE_X63Y167","SLICEL","CLEL_R_X41Y167","231","75","","X2Y2",""
"u_dut/lfnst_grid_reg[11][4]","lfnst_grid_reg","FDCE","SLICE_X59Y165","SLICEL.EFF","SLICE_X59Y165","SLICEL","CLEL_R_X38Y165","218","77","","X2Y2",""
"u_dut/lfnst_grid_reg[11][5]","lfnst_grid_reg","FDCE","SLICE_X63Y164","SLICEL.BFF","SLICE_X63Y164","SLICEL","CLEL_R_X41Y164","231","78","","X2Y2",""
"u_dut/lfnst_grid_reg[11][6]","lfnst_grid_reg","FDCE","SLICE_X63Y164","SLICEL.AFF","SLICE_X63Y164","SLICEL","CLEL_R_X41Y164","231","78","","X2Y2",""
"u_dut/lfnst_grid_reg[11][7]","lfnst_grid_reg","FDCE","SLICE_X64Y167","SLICEL.DFF","SLICE_X64Y167","SLICEL","CLEL_L_X42Y167","232","75","","X2Y2",""
"u_dut/lfnst_grid_reg[11][8]","lfnst_grid_reg","FDCE","SLICE_X64Y167","SLICEL.CFF","SLICE_X64Y167","SLICEL","CLEL_L_X42Y167","232","75","","X2Y2",""
"u_dut/lfnst_grid_reg[11][9]","lfnst_grid_reg","FDCE","SLICE_X64Y167","SLICEL.BFF","SLICE_X64Y167","SLICEL","CLEL_L_X42Y167","232","75","","X2Y2",""
"u_dut/lfnst_grid_reg[12][0]","lfnst_grid_reg","FDCE","SLICE_X62Y160","SLICEM.AFF","SLICE_X62Y160","SLICEM","CLEM_X41Y160","229","82","","X2Y2",""
"u_dut/lfnst_grid_reg[12][10]","lfnst_grid_reg","FDCE","SLICE_X63Y165","SLICEL.HFF","SLICE_X63Y165","SLICEL","CLEL_R_X41Y165","231","77","","X2Y2",""
"u_dut/lfnst_grid_reg[12][11]","lfnst_grid_reg","FDCE","SLICE_X62Y160","SLICEM.DFF","SLICE_X62Y160","SLICEM","CLEM_X41Y160","229","82","","X2Y2",""
"u_dut/lfnst_grid_reg[12][12]","lfnst_grid_reg","FDCE","SLICE_X63Y165","SLICEL.GFF","SLICE_X63Y165","SLICEL","CLEL_R_X41Y165","231","77","","X2Y2",""
"u_dut/lfnst_grid_reg[12][13]","lfnst_grid_reg","FDCE","SLICE_X59Y157","SLICEL.HFF","SLICE_X59Y157","SLICEL","CLEL_R_X38Y157","218","85","","X2Y2",""
"u_dut/lfnst_grid_reg[12][14]","lfnst_grid_reg","FDCE","SLICE_X62Y160","SLICEM.CFF","SLICE_X62Y160","SLICEM","CLEM_X41Y160","229","82","","X2Y2",""
"u_dut/lfnst_grid_reg[12][15]","lfnst_grid_reg","FDCE","SLICE_X63Y165","SLICEL.FFF","SLICE_X63Y165","SLICEL","CLEL_R_X41Y165","231","77","","X2Y2",""
"u_dut/lfnst_grid_reg[12][1]","lfnst_grid_reg","FDCE","SLICE_X58Y164","SLICEM.HFF","SLICE_X58Y164","SLICEM","CLEM_X38Y164","216","78","","X2Y2",""
"u_dut/lfnst_grid_reg[12][2]","lfnst_grid_reg","FDCE","SLICE_X59Y157","SLICEL.GFF","SLICE_X59Y157","SLICEL","CLEL_R_X38Y157","218","85","","X2Y2",""
"u_dut/lfnst_grid_reg[12][3]","lfnst_grid_reg","FDCE","SLICE_X63Y165","SLICEL.EFF","SLICE_X63Y165","SLICEL","CLEL_R_X41Y165","231","77","","X2Y2",""
"u_dut/lfnst_grid_reg[12][4]","lfnst_grid_reg","FDCE","SLICE_X62Y160","SLICEM.BFF","SLICE_X62Y160","SLICEM","CLEM_X41Y160","229","82","","X2Y2",""
"u_dut/lfnst_grid_reg[12][5]","lfnst_grid_reg","FDCE","SLICE_X64Y157","SLICEL.BFF","SLICE_X64Y157","SLICEL","CLEL_L_X42Y157","232","85","","X2Y2",""
"u_dut/lfnst_grid_reg[12][6]","lfnst_grid_reg","FDCE","SLICE_X64Y164","SLICEL.DFF","SLICE_X64Y164","SLICEL","CLEL_L_X42Y164","232","78","","X2Y2",""
"u_dut/lfnst_grid_reg[12][7]","lfnst_grid_reg","FDCE","SLICE_X64Y164","SLICEL.CFF","SLICE_X64Y164","SLICEL","CLEL_L_X42Y164","232","78","","X2Y2",""
"u_dut/lfnst_grid_reg[12][8]","lfnst_grid_reg","FDCE","SLICE_X67Y164","SLICEM.HFF","SLICE_X67Y164","SLICEM","CLEM_X44Y164","241","78","","X2Y2",""
"u_dut/lfnst_grid_reg[12][9]","lfnst_grid_reg","FDCE","SLICE_X64Y164","SLICEL.BFF","SLICE_X64Y164","SLICEL","CLEL_L_X42Y164","232","78","","X2Y2",""
"u_dut/lfnst_grid_reg[13][0]","lfnst_grid_reg","FDCE","SLICE_X61Y159","SLICEM.GFF","SLICE_X61Y159","SLICEM","CLEM_X40Y159","225","83","","X2Y2",""
"u_dut/lfnst_grid_reg[13][10]","lfnst_grid_reg","FDCE","SLICE_X61Y167","SLICEM.DFF","SLICE_X61Y167","SLICEM","CLEM_X40Y167","225","75","","X2Y2",""
"u_dut/lfnst_grid_reg[13][11]","lfnst_grid_reg","FDCE","SLICE_X61Y167","SLICEM.CFF","SLICE_X61Y167","SLICEM","CLEM_X40Y167","225","75","","X2Y2",""
"u_dut/lfnst_grid_reg[13][12]","lfnst_grid_reg","FDCE","SLICE_X65Y165","SLICEL.BFF","SLICE_X65Y165","SLICEL","CLEL_R_X42Y165","234","77","","X2Y2",""
"u_dut/lfnst_grid_reg[13][13]","lfnst_grid_reg","FDCE","SLICE_X58Y161","SLICEM.DFF","SLICE_X58Y161","SLICEM","CLEM_X38Y161","216","81","","X2Y2",""
"u_dut/lfnst_grid_reg[13][14]","lfnst_grid_reg","FDCE","SLICE_X61Y159","SLICEM.HFF","SLICE_X61Y159","SLICEM","CLEM_X40Y159","225","83","","X2Y2",""
"u_dut/lfnst_grid_reg[13][15]","lfnst_grid_reg","FDCE","SLICE_X65Y159","SLICEL.DFF","SLICE_X65Y159","SLICEL","CLEL_R_X42Y159","234","83","","X2Y2",""
"u_dut/lfnst_grid_reg[13][1]","lfnst_grid_reg","FDCE","SLICE_X58Y161","SLICEM.CFF","SLICE_X58Y161","SLICEM","CLEM_X38Y161","216","81","","X2Y2",""
"u_dut/lfnst_grid_reg[13][2]","lfnst_grid_reg","FDCE","SLICE_X58Y161","SLICEM.BFF","SLICE_X58Y161","SLICEM","CLEM_X38Y161","216","81","","X2Y2",""
"u_dut/lfnst_grid_reg[13][3]","lfnst_grid_reg","FDCE","SLICE_X62Y164","SLICEM.HFF","SLICE_X62Y164","SLICEM","CLEM_X41Y164","229","78","","X2Y2",""
"u_dut/lfnst_grid_reg[13][4]","lfnst_grid_reg","FDCE","SLICE_X65Y159","SLICEL.CFF","SLICE_X65Y159","SLICEL","CLEL_R_X42Y159","234","83","","X2Y2",""
"u_dut/lfnst_grid_reg[13][5]","lfnst_grid_reg","FDCE","SLICE_X65Y159","SLICEL.BFF","SLICE_X65Y159","SLICEL","CLEL_R_X42Y159","234","83","","X2Y2",""
"u_dut/lfnst_grid_reg[13][6]","lfnst_grid_reg","FDCE","SLICE_X65Y159","SLICEL.AFF","SLICE_X65Y159","SLICEL","CLEL_R_X42Y159","234","83","","X2Y2",""
"u_dut/lfnst_grid_reg[13][7]","lfnst_grid_reg","FDCE","SLICE_X66Y164","SLICEM.DFF","SLICE_X66Y164","SLICEM","CLEM_X43Y164","237","78","","X2Y2",""
"u_dut/lfnst_grid_reg[13][8]","lfnst_grid_reg","FDCE","SLICE_X67Y163","SLICEM.HFF","SLICE_X67Y163","SLICEM","CLEM_X44Y163","241","79","","X2Y2",""
"u_dut/lfnst_grid_reg[13][9]","lfnst_grid_reg","FDCE","SLICE_X65Y165","SLICEL.AFF","SLICE_X65Y165","SLICEL","CLEL_R_X42Y165","234","77","","X2Y2",""
"u_dut/lfnst_grid_reg[14][0]","lfnst_grid_reg","FDCE","SLICE_X61Y159","SLICEM.AFF","SLICE_X61Y159","SLICEM","CLEM_X40Y159","225","83","","X2Y2",""
"u_dut/lfnst_grid_reg[14][10]","lfnst_grid_reg","FDCE","SLICE_X62Y163","SLICEM.BFF","SLICE_X62Y163","SLICEM","CLEM_X41Y163","229","79","","X2Y2",""
"u_dut/lfnst_grid_reg[14][11]","lfnst_grid_reg","FDCE","SLICE_X61Y165","SLICEM.BFF","SLICE_X61Y165","SLICEM","CLEM_X40Y165","225","77","","X2Y2",""
"u_dut/lfnst_grid_reg[14][12]","lfnst_grid_reg","FDCE","SLICE_X64Y156","SLICEL.DFF","SLICE_X64Y156","SLICEL","CLEL_L_X42Y156","232","86","","X2Y2",""
"u_dut/lfnst_grid_reg[14][13]","lfnst_grid_reg","FDCE","SLICE_X62Y156","SLICEM.HFF","SLICE_X62Y156","SLICEM","CLEM_X41Y156","229","86","","X2Y2",""
"u_dut/lfnst_grid_reg[14][14]","lfnst_grid_reg","FDCE","SLICE_X62Y156","SLICEM.GFF","SLICE_X62Y156","SLICEM","CLEM_X41Y156","229","86","","X2Y2",""
"u_dut/lfnst_grid_reg[14][15]","lfnst_grid_reg","FDCE","SLICE_X61Y159","SLICEM.BFF","SLICE_X61Y159","SLICEM","CLEM_X40Y159","225","83","","X2Y2",""
"u_dut/lfnst_grid_reg[14][1]","lfnst_grid_reg","FDCE","SLICE_X55Y156","SLICEM.DFF","SLICE_X55Y156","SLICEM","CLEM_X36Y156","207","86","","X1Y2",""
"u_dut/lfnst_grid_reg[14][2]","lfnst_grid_reg","FDCE","SLICE_X55Y156","SLICEM.CFF","SLICE_X55Y156","SLICEM","CLEM_X36Y156","207","86","","X1Y2",""
"u_dut/lfnst_grid_reg[14][3]","lfnst_grid_reg","FDCE","SLICE_X66Y151","SLICEM.AFF","SLICE_X66Y151","SLICEM","CLEM_X43Y151","237","91","","X2Y2",""
"u_dut/lfnst_grid_reg[14][4]","lfnst_grid_reg","FDCE","SLICE_X63Y158","SLICEL.HFF","SLICE_X63Y158","SLICEL","CLEL_R_X41Y158","231","84","","X2Y2",""
"u_dut/lfnst_grid_reg[14][5]","lfnst_grid_reg","FDCE","SLICE_X64Y156","SLICEL.CFF","SLICE_X64Y156","SLICEL","CLEL_L_X42Y156","232","86","","X2Y2",""
"u_dut/lfnst_grid_reg[14][6]","lfnst_grid_reg","FDCE","SLICE_X67Y163","SLICEM.DFF","SLICE_X67Y163","SLICEM","CLEM_X44Y163","241","79","","X2Y2",""
"u_dut/lfnst_grid_reg[14][7]","lfnst_grid_reg","FDCE","SLICE_X66Y165","SLICEM.HFF","SLICE_X66Y165","SLICEM","CLEM_X43Y165","237","77","","X2Y2",""
"u_dut/lfnst_grid_reg[14][8]","lfnst_grid_reg","FDCE","SLICE_X67Y163","SLICEM.CFF","SLICE_X67Y163","SLICEM","CLEM_X44Y163","241","79","","X2Y2",""
"u_dut/lfnst_grid_reg[14][9]","lfnst_grid_reg","FDCE","SLICE_X66Y165","SLICEM.GFF","SLICE_X66Y165","SLICEM","CLEM_X43Y165","237","77","","X2Y2",""
"u_dut/lfnst_grid_reg[15][0]","lfnst_grid_reg","FDCE","SLICE_X60Y161","SLICEL.CFF","SLICE_X60Y161","SLICEL","CLEL_R_X39Y161","222","81","","X2Y2",""
"u_dut/lfnst_grid_reg[15][10]","lfnst_grid_reg","FDCE","SLICE_X64Y166","SLICEL.DFF","SLICE_X64Y166","SLICEL","CLEL_L_X42Y166","232","76","","X2Y2",""
"u_dut/lfnst_grid_reg[15][11]","lfnst_grid_reg","FDCE","SLICE_X61Y168","SLICEM.HFF","SLICE_X61Y168","SLICEM","CLEM_X40Y168","225","74","","X2Y2",""
"u_dut/lfnst_grid_reg[15][12]","lfnst_grid_reg","FDCE","SLICE_X63Y159","SLICEL.BFF","SLICE_X63Y159","SLICEL","CLEL_R_X41Y159","231","83","","X2Y2",""
"u_dut/lfnst_grid_reg[15][13]","lfnst_grid_reg","FDCE","SLICE_X60Y159","SLICEL.DFF","SLICE_X60Y159","SLICEL","CLEL_R_X39Y159","222","83","","X2Y2",""
"u_dut/lfnst_grid_reg[15][14]","lfnst_grid_reg","FDCE","SLICE_X61Y158","SLICEM.HFF","SLICE_X61Y158","SLICEM","CLEM_X40Y158","225","84","","X2Y2",""
"u_dut/lfnst_grid_reg[15][15]","lfnst_grid_reg","FDCE","SLICE_X61Y158","SLICEM.GFF","SLICE_X61Y158","SLICEM","CLEM_X40Y158","225","84","","X2Y2",""
"u_dut/lfnst_grid_reg[15][1]","lfnst_grid_reg","FDCE","SLICE_X60Y159","SLICEL.CFF","SLICE_X60Y159","SLICEL","CLEL_R_X39Y159","222","83","","X2Y2",""
"u_dut/lfnst_grid_reg[15][2]","lfnst_grid_reg","FDCE","SLICE_X59Y159","SLICEL.FFF","SLICE_X59Y159","SLICEL","CLEL_R_X38Y159","218","83","","X2Y2",""
"u_dut/lfnst_grid_reg[15][3]","lfnst_grid_reg","FDCE","SLICE_X60Y161","SLICEL.DFF","SLICE_X60Y161","SLICEL","CLEL_R_X39Y161","222","81","","X2Y2",""
"u_dut/lfnst_grid_reg[15][4]","lfnst_grid_reg","FDCE","SLICE_X61Y158","SLICEM.FFF","SLICE_X61Y158","SLICEM","CLEM_X40Y158","225","84","","X2Y2",""
"u_dut/lfnst_grid_reg[15][5]","lfnst_grid_reg","FDCE","SLICE_X60Y159","SLICEL.BFF","SLICE_X60Y159","SLICEL","CLEL_R_X39Y159","222","83","","X2Y2",""
"u_dut/lfnst_grid_reg[15][6]","lfnst_grid_reg","FDCE","SLICE_X63Y159","SLICEL.AFF","SLICE_X63Y159","SLICEL","CLEL_R_X41Y159","231","83","","X2Y2",""
"u_dut/lfnst_grid_reg[15][7]","lfnst_grid_reg","FDCE","SLICE_X65Y164","SLICEL.FFF","SLICE_X65Y164","SLICEL","CLEL_R_X42Y164","234","78","","X2Y2",""
"u_dut/lfnst_grid_reg[15][8]","lfnst_grid_reg","FDCE","SLICE_X65Y164","SLICEL.EFF","SLICE_X65Y164","SLICEL","CLEL_R_X42Y164","234","78","","X2Y2",""
"u_dut/lfnst_grid_reg[15][9]","lfnst_grid_reg","FDCE","SLICE_X64Y166","SLICEL.CFF","SLICE_X64Y166","SLICEL","CLEL_L_X42Y166","232","76","","X2Y2",""
"u_dut/lfnst_grid_reg[16][0]","lfnst_grid_reg","FDCE","SLICE_X61Y151","SLICEM.DFF2","SLICE_X61Y151","SLICEM","CLEM_X40Y151","225","91","","X2Y2",""
"u_dut/lfnst_grid_reg[16][10]","lfnst_grid_reg","FDCE","SLICE_X60Y162","SLICEL.HFF","SLICE_X60Y162","SLICEL","CLEL_R_X39Y162","222","80","","X2Y2",""
"u_dut/lfnst_grid_reg[16][11]","lfnst_grid_reg","FDCE","SLICE_X65Y157","SLICEL.DFF","SLICE_X65Y157","SLICEL","CLEL_R_X42Y157","234","85","","X2Y2",""
"u_dut/lfnst_grid_reg[16][12]","lfnst_grid_reg","FDCE","SLICE_X63Y151","SLICEL.DFF","SLICE_X63Y151","SLICEL","CLEL_R_X41Y151","231","91","","X2Y2",""
"u_dut/lfnst_grid_reg[16][13]","lfnst_grid_reg","FDCE","SLICE_X56Y157","SLICEM.BFF","SLICE_X56Y157","SLICEM","CLEM_X37Y157","211","85","","X2Y2",""
"u_dut/lfnst_grid_reg[16][14]","lfnst_grid_reg","FDCE","SLICE_X56Y157","SLICEM.AFF","SLICE_X56Y157","SLICEM","CLEM_X37Y157","211","85","","X2Y2",""
"u_dut/lfnst_grid_reg[16][15]","lfnst_grid_reg","FDCE","SLICE_X59Y152","SLICEL.HFF","SLICE_X59Y152","SLICEL","CLEL_R_X38Y152","218","90","","X2Y2",""
"u_dut/lfnst_grid_reg[16][1]","lfnst_grid_reg","FDCE","SLICE_X59Y153","SLICEL.HFF","SLICE_X59Y153","SLICEL","CLEL_R_X38Y153","218","89","","X2Y2",""
"u_dut/lfnst_grid_reg[16][2]","lfnst_grid_reg","FDCE","SLICE_X59Y152","SLICEL.GFF","SLICE_X59Y152","SLICEL","CLEL_R_X38Y152","218","90","","X2Y2",""
"u_dut/lfnst_grid_reg[16][3]","lfnst_grid_reg","FDCE","SLICE_X59Y152","SLICEL.FFF","SLICE_X59Y152","SLICEL","CLEL_R_X38Y152","218","90","","X2Y2",""
"u_dut/lfnst_grid_reg[16][4]","lfnst_grid_reg","FDCE","SLICE_X65Y157","SLICEL.CFF","SLICE_X65Y157","SLICEL","CLEL_R_X42Y157","234","85","","X2Y2",""
"u_dut/lfnst_grid_reg[16][5]","lfnst_grid_reg","FDCE","SLICE_X62Y155","SLICEM.HFF","SLICE_X62Y155","SLICEM","CLEM_X41Y155","229","87","","X2Y2",""
"u_dut/lfnst_grid_reg[16][6]","lfnst_grid_reg","FDCE","SLICE_X66Y162","SLICEM.DFF","SLICE_X66Y162","SLICEM","CLEM_X43Y162","237","80","","X2Y2",""
"u_dut/lfnst_grid_reg[16][7]","lfnst_grid_reg","FDCE","SLICE_X66Y162","SLICEM.CFF","SLICE_X66Y162","SLICEM","CLEM_X43Y162","237","80","","X2Y2",""
"u_dut/lfnst_grid_reg[16][8]","lfnst_grid_reg","FDCE","SLICE_X66Y162","SLICEM.BFF","SLICE_X66Y162","SLICEM","CLEM_X43Y162","237","80","","X2Y2",""
"u_dut/lfnst_grid_reg[16][9]","lfnst_grid_reg","FDCE","SLICE_X66Y162","SLICEM.AFF","SLICE_X66Y162","SLICEM","CLEM_X43Y162","237","80","","X2Y2",""
"u_dut/lfnst_grid_reg[17][0]","lfnst_grid_reg","FDCE","SLICE_X56Y156","SLICEM.DFF2","SLICE_X56Y156","SLICEM","CLEM_X37Y156","211","86","","X2Y2",""
"u_dut/lfnst_grid_reg[17][10]","lfnst_grid_reg","FDCE","SLICE_X57Y163","SLICEL.DFF","SLICE_X57Y163","SLICEL","CLEL_R_X37Y163","213","79","","X2Y2",""
"u_dut/lfnst_grid_reg[17][11]","lfnst_grid_reg","FDCE","SLICE_X63Y160","SLICEL.DFF","SLICE_X63Y160","SLICEL","CLEL_R_X41Y160","231","82","","X2Y2",""
"u_dut/lfnst_grid_reg[17][12]","lfnst_grid_reg","FDCE","SLICE_X60Y152","SLICEL.BFF","SLICE_X60Y152","SLICEL","CLEL_R_X39Y152","222","90","","X2Y2",""
"u_dut/lfnst_grid_reg[17][13]","lfnst_grid_reg","FDCE","SLICE_X56Y156","SLICEM.DFF","SLICE_X56Y156","SLICEM","CLEM_X37Y156","211","86","","X2Y2",""
"u_dut/lfnst_grid_reg[17][14]","lfnst_grid_reg","FDCE","SLICE_X55Y157","SLICEM.BFF","SLICE_X55Y157","SLICEM","CLEM_X36Y157","207","85","","X1Y2",""
"u_dut/lfnst_grid_reg[17][15]","lfnst_grid_reg","FDCE","SLICE_X56Y152","SLICEM.FFF","SLICE_X56Y152","SLICEM","CLEM_X37Y152","211","90","","X2Y2",""
"u_dut/lfnst_grid_reg[17][1]","lfnst_grid_reg","FDCE","SLICE_X56Y152","SLICEM.EFF","SLICE_X56Y152","SLICEM","CLEM_X37Y152","211","90","","X2Y2",""
"u_dut/lfnst_grid_reg[17][2]","lfnst_grid_reg","FDCE","SLICE_X59Y151","SLICEL.FFF","SLICE_X59Y151","SLICEL","CLEL_R_X38Y151","218","91","","X2Y2",""
"u_dut/lfnst_grid_reg[17][3]","lfnst_grid_reg","FDCE","SLICE_X59Y151","SLICEL.EFF","SLICE_X59Y151","SLICEL","CLEL_R_X38Y151","218","91","","X2Y2",""
"u_dut/lfnst_grid_reg[17][4]","lfnst_grid_reg","FDCE","SLICE_X63Y160","SLICEL.CFF","SLICE_X63Y160","SLICEL","CLEL_R_X41Y160","231","82","","X2Y2",""
"u_dut/lfnst_grid_reg[17][5]","lfnst_grid_reg","FDCE","SLICE_X63Y160","SLICEL.BFF","SLICE_X63Y160","SLICEL","CLEL_R_X41Y160","231","82","","X2Y2",""
"u_dut/lfnst_grid_reg[17][6]","lfnst_grid_reg","FDCE","SLICE_X66Y161","SLICEM.BFF","SLICE_X66Y161","SLICEM","CLEM_X43Y161","237","81","","X2Y2",""
"u_dut/lfnst_grid_reg[17][7]","lfnst_grid_reg","FDCE","SLICE_X63Y160","SLICEL.AFF","SLICE_X63Y160","SLICEL","CLEL_R_X41Y160","231","82","","X2Y2",""
"u_dut/lfnst_grid_reg[17][8]","lfnst_grid_reg","FDCE","SLICE_X65Y165","SLICEL.HFF","SLICE_X65Y165","SLICEL","CLEL_R_X42Y165","234","77","","X2Y2",""
"u_dut/lfnst_grid_reg[17][9]","lfnst_grid_reg","FDCE","SLICE_X65Y165","SLICEL.GFF","SLICE_X65Y165","SLICEL","CLEL_R_X42Y165","234","77","","X2Y2",""
"u_dut/lfnst_grid_reg[18][0]","lfnst_grid_reg","FDCE","SLICE_X56Y170","SLICEM.EFF","SLICE_X56Y170","SLICEM","CLEM_X37Y170","211","72","","X2Y2",""
"u_dut/lfnst_grid_reg[18][10]","lfnst_grid_reg","FDCE","SLICE_X56Y170","SLICEM.DFF","SLICE_X56Y170","SLICEM","CLEM_X37Y170","211","72","","X2Y2",""
"u_dut/lfnst_grid_reg[18][11]","lfnst_grid_reg","FDCE","SLICE_X59Y172","SLICEL.HFF","SLICE_X59Y172","SLICEL","CLEL_R_X38Y172","218","70","","X2Y2",""
"u_dut/lfnst_grid_reg[18][12]","lfnst_grid_reg","FDCE","SLICE_X58Y167","SLICEM.DFF","SLICE_X58Y167","SLICEM","CLEM_X38Y167","216","75","","X2Y2",""
"u_dut/lfnst_grid_reg[18][13]","lfnst_grid_reg","FDCE","SLICE_X55Y165","SLICEM.HFF","SLICE_X55Y165","SLICEM","CLEM_X36Y165","207","77","","X1Y2",""
"u_dut/lfnst_grid_reg[18][14]","lfnst_grid_reg","FDCE","SLICE_X55Y165","SLICEM.GFF","SLICE_X55Y165","SLICEM","CLEM_X36Y165","207","77","","X1Y2",""
"u_dut/lfnst_grid_reg[18][15]","lfnst_grid_reg","FDCE","SLICE_X54Y150","SLICEL.BFF","SLICE_X54Y150","SLICEL","CLEL_R_X35Y150","204","92","","X1Y2",""
"u_dut/lfnst_grid_reg[18][1]","lfnst_grid_reg","FDCE","SLICE_X55Y153","SLICEM.HFF","SLICE_X55Y153","SLICEM","CLEM_X36Y153","207","89","","X1Y2",""
"u_dut/lfnst_grid_reg[18][2]","lfnst_grid_reg","FDCE","SLICE_X58Y153","SLICEM.HFF","SLICE_X58Y153","SLICEM","CLEM_X38Y153","216","89","","X2Y2",""
"u_dut/lfnst_grid_reg[18][3]","lfnst_grid_reg","FDCE","SLICE_X58Y151","SLICEM.HFF","SLICE_X58Y151","SLICEM","CLEM_X38Y151","216","91","","X2Y2",""
"u_dut/lfnst_grid_reg[18][4]","lfnst_grid_reg","FDCE","SLICE_X67Y160","SLICEM.HFF","SLICE_X67Y160","SLICEM","CLEM_X44Y160","241","82","","X2Y2",""
"u_dut/lfnst_grid_reg[18][5]","lfnst_grid_reg","FDCE","SLICE_X62Y154","SLICEM.HFF","SLICE_X62Y154","SLICEM","CLEM_X41Y154","229","88","","X2Y2",""
"u_dut/lfnst_grid_reg[18][6]","lfnst_grid_reg","FDCE","SLICE_X67Y161","SLICEM.HFF","SLICE_X67Y161","SLICEM","CLEM_X44Y161","241","81","","X2Y2",""
"u_dut/lfnst_grid_reg[18][7]","lfnst_grid_reg","FDCE","SLICE_X66Y163","SLICEM.HFF","SLICE_X66Y163","SLICEM","CLEM_X43Y163","237","79","","X2Y2",""
"u_dut/lfnst_grid_reg[18][8]","lfnst_grid_reg","FDCE","SLICE_X65Y169","SLICEL.DFF","SLICE_X65Y169","SLICEL","CLEL_R_X42Y169","234","73","","X2Y2",""
"u_dut/lfnst_grid_reg[18][9]","lfnst_grid_reg","FDCE","SLICE_X67Y166","SLICEM.HFF","SLICE_X67Y166","SLICEM","CLEM_X44Y166","241","76","","X2Y2",""
"u_dut/lfnst_grid_reg[19][0]","lfnst_grid_reg","FDCE","SLICE_X60Y154","SLICEL.BFF2","SLICE_X60Y154","SLICEL","CLEL_R_X39Y154","222","88","","X2Y2",""
"u_dut/lfnst_grid_reg[19][10]","lfnst_grid_reg","FDCE","SLICE_X60Y154","SLICEL.AFF","SLICE_X60Y154","SLICEL","CLEL_R_X39Y154","222","88","","X2Y2",""
"u_dut/lfnst_grid_reg[19][11]","lfnst_grid_reg","FDCE","SLICE_X62Y163","SLICEM.FFF","SLICE_X62Y163","SLICEM","CLEM_X41Y163","229","79","","X2Y2",""
"u_dut/lfnst_grid_reg[19][12]","lfnst_grid_reg","FDCE","SLICE_X60Y154","SLICEL.BFF","SLICE_X60Y154","SLICEL","CLEL_R_X39Y154","222","88","","X2Y2",""
"u_dut/lfnst_grid_reg[19][13]","lfnst_grid_reg","FDCE","SLICE_X55Y157","SLICEM.HFF","SLICE_X55Y157","SLICEM","CLEM_X36Y157","207","85","","X1Y2",""
"u_dut/lfnst_grid_reg[19][14]","lfnst_grid_reg","FDCE","SLICE_X55Y157","SLICEM.GFF","SLICE_X55Y157","SLICEM","CLEM_X36Y157","207","85","","X1Y2",""
"u_dut/lfnst_grid_reg[19][15]","lfnst_grid_reg","FDCE","SLICE_X56Y155","SLICEM.FFF","SLICE_X56Y155","SLICEM","CLEM_X37Y155","211","87","","X2Y2",""
"u_dut/lfnst_grid_reg[19][1]","lfnst_grid_reg","FDCE","SLICE_X55Y152","SLICEM.BFF","SLICE_X55Y152","SLICEM","CLEM_X36Y152","207","90","","X1Y2",""
"u_dut/lfnst_grid_reg[19][2]","lfnst_grid_reg","FDCE","SLICE_X57Y150","SLICEL.BFF","SLICE_X57Y150","SLICEL","CLEL_R_X37Y150","213","92","","X2Y2",""
"u_dut/lfnst_grid_reg[19][3]","lfnst_grid_reg","FDCE","SLICE_X57Y150","SLICEL.AFF","SLICE_X57Y150","SLICEL","CLEL_R_X37Y150","213","92","","X2Y2",""
"u_dut/lfnst_grid_reg[19][4]","lfnst_grid_reg","FDCE","SLICE_X65Y159","SLICEL.HFF","SLICE_X65Y159","SLICEL","CLEL_R_X42Y159","234","83","","X2Y2",""
"u_dut/lfnst_grid_reg[19][5]","lfnst_grid_reg","FDCE","SLICE_X62Y152","SLICEM.CFF","SLICE_X62Y152","SLICEM","CLEM_X41Y152","229","90","","X2Y2",""
"u_dut/lfnst_grid_reg[19][6]","lfnst_grid_reg","FDCE","SLICE_X65Y159","SLICEL.GFF","SLICE_X65Y159","SLICEL","CLEL_R_X42Y159","234","83","","X2Y2",""
"u_dut/lfnst_grid_reg[19][7]","lfnst_grid_reg","FDCE","SLICE_X65Y159","SLICEL.FFF","SLICE_X65Y159","SLICEL","CLEL_R_X42Y159","234","83","","X2Y2",""
"u_dut/lfnst_grid_reg[19][8]","lfnst_grid_reg","FDCE","SLICE_X65Y166","SLICEL.DFF","SLICE_X65Y166","SLICEL","CLEL_R_X42Y166","234","76","","X2Y2",""
"u_dut/lfnst_grid_reg[19][9]","lfnst_grid_reg","FDCE","SLICE_X63Y166","SLICEL.HFF","SLICE_X63Y166","SLICEL","CLEL_R_X41Y166","231","76","","X2Y2",""
"u_dut/lfnst_grid_reg[1][0]","lfnst_grid_reg","FDCE","SLICE_X59Y158","SLICEL.HFF2","SLICE_X59Y158","SLICEL","CLEL_R_X38Y158","218","84","","X2Y2",""
"u_dut/lfnst_grid_reg[1][10]","lfnst_grid_reg","FDCE","SLICE_X58Y156","SLICEM.HFF","SLICE_X58Y156","SLICEM","CLEM_X38Y156","216","86","","X2Y2",""
"u_dut/lfnst_grid_reg[1][11]","lfnst_grid_reg","FDCE","SLICE_X63Y151","SLICEL.HFF","SLICE_X63Y151","SLICEL","CLEL_R_X41Y151","231","91","","X2Y2",""
"u_dut/lfnst_grid_reg[1][12]","lfnst_grid_reg","FDCE","SLICE_X64Y163","SLICEL.FFF","SLICE_X64Y163","SLICEL","CLEL_L_X42Y163","232","79","","X2Y2",""
"u_dut/lfnst_grid_reg[1][13]","lfnst_grid_reg","FDCE","SLICE_X59Y150","SLICEL.DFF","SLICE_X59Y150","SLICEL","CLEL_R_X38Y150","218","92","","X2Y2",""
"u_dut/lfnst_grid_reg[1][14]","lfnst_grid_reg","FDCE","SLICE_X64Y153","SLICEL.HFF","SLICE_X64Y153","SLICEL","CLEL_L_X42Y153","232","89","","X2Y2",""
"u_dut/lfnst_grid_reg[1][15]","lfnst_grid_reg","FDCE","SLICE_X63Y151","SLICEL.GFF","SLICE_X63Y151","SLICEL","CLEL_R_X41Y151","231","91","","X2Y2",""
"u_dut/lfnst_grid_reg[1][1]","lfnst_grid_reg","FDCE","SLICE_X57Y153","SLICEL.FFF","SLICE_X57Y153","SLICEL","CLEL_R_X37Y153","213","89","","X2Y2",""
"u_dut/lfnst_grid_reg[1][2]","lfnst_grid_reg","FDCE","SLICE_X53Y151","SLICEM.DFF","SLICE_X53Y151","SLICEM","CLEM_X35Y151","202","91","","X1Y2",""
"u_dut/lfnst_grid_reg[1][3]","lfnst_grid_reg","FDCE","SLICE_X53Y151","SLICEM.CFF","SLICE_X53Y151","SLICEM","CLEM_X35Y151","202","91","","X1Y2",""
"u_dut/lfnst_grid_reg[1][4]","lfnst_grid_reg","FDCE","SLICE_X62Y155","SLICEM.BFF","SLICE_X62Y155","SLICEM","CLEM_X41Y155","229","87","","X2Y2",""
"u_dut/lfnst_grid_reg[1][5]","lfnst_grid_reg","FDCE","SLICE_X62Y155","SLICEM.AFF","SLICE_X62Y155","SLICEM","CLEM_X41Y155","229","87","","X2Y2",""
"u_dut/lfnst_grid_reg[1][6]","lfnst_grid_reg","FDCE","SLICE_X65Y162","SLICEL.FFF","SLICE_X65Y162","SLICEL","CLEL_R_X42Y162","234","80","","X2Y2",""
"u_dut/lfnst_grid_reg[1][7]","lfnst_grid_reg","FDCE","SLICE_X65Y162","SLICEL.EFF","SLICE_X65Y162","SLICEL","CLEL_R_X42Y162","234","80","","X2Y2",""
"u_dut/lfnst_grid_reg[1][8]","lfnst_grid_reg","FDCE","SLICE_X69Y161","SLICEL.EFF","SLICE_X69Y161","SLICEL","CLEL_L_X45Y161","244","81","","X2Y2",""
"u_dut/lfnst_grid_reg[1][9]","lfnst_grid_reg","FDCE","SLICE_X63Y165","SLICEL.DFF","SLICE_X63Y165","SLICEL","CLEL_R_X41Y165","231","77","","X2Y2",""
"u_dut/lfnst_grid_reg[20][0]","lfnst_grid_reg","FDCE","SLICE_X58Y157","SLICEM.BFF","SLICE_X58Y157","SLICEM","CLEM_X38Y157","216","85","","X2Y2",""
"u_dut/lfnst_grid_reg[20][10]","lfnst_grid_reg","FDCE","SLICE_X60Y163","SLICEL.FFF","SLICE_X60Y163","SLICEL","CLEL_R_X39Y163","222","79","","X2Y2",""
"u_dut/lfnst_grid_reg[20][11]","lfnst_grid_reg","FDCE","SLICE_X56Y163","SLICEM.HFF","SLICE_X56Y163","SLICEM","CLEM_X37Y163","211","79","","X2Y2",""
"u_dut/lfnst_grid_reg[20][12]","lfnst_grid_reg","FDCE","SLICE_X62Y153","SLICEM.HFF","SLICE_X62Y153","SLICEM","CLEM_X41Y153","229","89","","X2Y2",""
"u_dut/lfnst_grid_reg[20][13]","lfnst_grid_reg","FDCE","SLICE_X58Y157","SLICEM.DFF","SLICE_X58Y157","SLICEM","CLEM_X38Y157","216","85","","X2Y2",""
"u_dut/lfnst_grid_reg[20][14]","lfnst_grid_reg","FDCE","SLICE_X58Y157","SLICEM.CFF","SLICE_X58Y157","SLICEM","CLEM_X38Y157","216","85","","X2Y2",""
"u_dut/lfnst_grid_reg[20][15]","lfnst_grid_reg","FDCE","SLICE_X56Y155","SLICEM.DFF","SLICE_X56Y155","SLICEM","CLEM_X37Y155","211","87","","X2Y2",""
"u_dut/lfnst_grid_reg[20][1]","lfnst_grid_reg","FDCE","SLICE_X56Y155","SLICEM.CFF","SLICE_X56Y155","SLICEM","CLEM_X37Y155","211","87","","X2Y2",""
"u_dut/lfnst_grid_reg[20][2]","lfnst_grid_reg","FDCE","SLICE_X56Y155","SLICEM.BFF","SLICE_X56Y155","SLICEM","CLEM_X37Y155","211","87","","X2Y2",""
"u_dut/lfnst_grid_reg[20][3]","lfnst_grid_reg","FDCE","SLICE_X56Y155","SLICEM.AFF","SLICE_X56Y155","SLICEM","CLEM_X37Y155","211","87","","X2Y2",""
"u_dut/lfnst_grid_reg[20][4]","lfnst_grid_reg","FDCE","SLICE_X65Y161","SLICEL.CFF","SLICE_X65Y161","SLICEL","CLEL_R_X42Y161","234","81","","X2Y2",""
"u_dut/lfnst_grid_reg[20][5]","lfnst_grid_reg","FDCE","SLICE_X65Y161","SLICEL.BFF","SLICE_X65Y161","SLICEL","CLEL_R_X42Y161","234","81","","X2Y2",""
"u_dut/lfnst_grid_reg[20][6]","lfnst_grid_reg","FDCE","SLICE_X66Y160","SLICEM.BFF","SLICE_X66Y160","SLICEM","CLEM_X43Y160","237","82","","X2Y2",""
"u_dut/lfnst_grid_reg[20][7]","lfnst_grid_reg","FDCE","SLICE_X66Y160","SLICEM.AFF","SLICE_X66Y160","SLICEM","CLEM_X43Y160","237","82","","X2Y2",""
"u_dut/lfnst_grid_reg[20][8]","lfnst_grid_reg","FDCE","SLICE_X66Y166","SLICEM.DFF","SLICE_X66Y166","SLICEM","CLEM_X43Y166","237","76","","X2Y2",""
"u_dut/lfnst_grid_reg[20][9]","lfnst_grid_reg","FDCE","SLICE_X66Y166","SLICEM.CFF","SLICE_X66Y166","SLICEM","CLEM_X43Y166","237","76","","X2Y2",""
"u_dut/lfnst_grid_reg[21][0]","lfnst_grid_reg","FDCE","SLICE_X60Y151","SLICEL.GFF","SLICE_X60Y151","SLICEL","CLEL_R_X39Y151","222","91","","X2Y2",""
"u_dut/lfnst_grid_reg[21][10]","lfnst_grid_reg","FDCE","SLICE_X65Y154","SLICEL.EFF","SLICE_X65Y154","SLICEL","CLEL_R_X42Y154","234","88","","X2Y2",""
"u_dut/lfnst_grid_reg[21][11]","lfnst_grid_reg","FDCE","SLICE_X64Y163","SLICEL.DFF","SLICE_X64Y163","SLICEL","CLEL_L_X42Y163","232","79","","X2Y2",""
"u_dut/lfnst_grid_reg[21][12]","lfnst_grid_reg","FDCE","SLICE_X60Y151","SLICEL.HFF","SLICE_X60Y151","SLICEL","CLEL_R_X39Y151","222","91","","X2Y2",""
"u_dut/lfnst_grid_reg[21][13]","lfnst_grid_reg","FDCE","SLICE_X53Y161","SLICEM.DFF","SLICE_X53Y161","SLICEM","CLEM_X35Y161","202","81","","X1Y2",""
"u_dut/lfnst_grid_reg[21][14]","lfnst_grid_reg","FDCE","SLICE_X55Y152","SLICEM.HFF","SLICE_X55Y152","SLICEM","CLEM_X36Y152","207","90","","X1Y2",""
"u_dut/lfnst_grid_reg[21][15]","lfnst_grid_reg","FDCE","SLICE_X55Y152","SLICEM.GFF","SLICE_X55Y152","SLICEM","CLEM_X36Y152","207","90","","X1Y2",""
"u_dut/lfnst_grid_reg[21][1]","lfnst_grid_reg","FDCE","SLICE_X55Y152","SLICEM.FFF","SLICE_X55Y152","SLICEM","CLEM_X36Y152","207","90","","X1Y2",""
"u_dut/lfnst_grid_reg[21][2]","lfnst_grid_reg","FDCE","SLICE_X57Y152","SLICEL.FFF","SLICE_X57Y152","SLICEL","CLEL_R_X37Y152","213","90","","X2Y2",""
"u_dut/lfnst_grid_reg[21][3]","lfnst_grid_reg","FDCE","SLICE_X55Y152","SLICEM.EFF","SLICE_X55Y152","SLICEM","CLEM_X36Y152","207","90","","X1Y2",""
"u_dut/lfnst_grid_reg[21][4]","lfnst_grid_reg","FDCE","SLICE_X64Y163","SLICEL.CFF","SLICE_X64Y163","SLICEL","CLEL_L_X42Y163","232","79","","X2Y2",""
"u_dut/lfnst_grid_reg[21][5]","lfnst_grid_reg","FDCE","SLICE_X65Y156","SLICEL.DFF","SLICE_X65Y156","SLICEL","CLEL_R_X42Y156","234","86","","X2Y2",""
"u_dut/lfnst_grid_reg[21][6]","lfnst_grid_reg","FDCE","SLICE_X64Y163","SLICEL.BFF","SLICE_X64Y163","SLICEL","CLEL_L_X42Y163","232","79","","X2Y2",""
"u_dut/lfnst_grid_reg[21][7]","lfnst_grid_reg","FDCE","SLICE_X66Y153","SLICEM.DFF","SLICE_X66Y153","SLICEM","CLEM_X43Y153","237","89","","X2Y2",""
"u_dut/lfnst_grid_reg[21][8]","lfnst_grid_reg","FDCE","SLICE_X64Y163","SLICEL.AFF","SLICE_X64Y163","SLICEL","CLEL_L_X42Y163","232","79","","X2Y2",""
"u_dut/lfnst_grid_reg[21][9]","lfnst_grid_reg","FDCE","SLICE_X66Y165","SLICEM.BFF","SLICE_X66Y165","SLICEM","CLEM_X43Y165","237","77","","X2Y2",""
"u_dut/lfnst_grid_reg[22][0]","lfnst_grid_reg","FDCE","SLICE_X60Y168","SLICEL.GFF","SLICE_X60Y168","SLICEL","CLEL_R_X39Y168","222","74","","X2Y2",""
"u_dut/lfnst_grid_reg[22][10]","lfnst_grid_reg","FDCE","SLICE_X60Y167","SLICEL.DFF","SLICE_X60Y167","SLICEL","CLEL_R_X39Y167","222","75","","X2Y2",""
"u_dut/lfnst_grid_reg[22][11]","lfnst_grid_reg","FDCE","SLICE_X62Y165","SLICEM.HFF","SLICE_X62Y165","SLICEM","CLEM_X41Y165","229","77","","X2Y2",""
"u_dut/lfnst_grid_reg[22][12]","lfnst_grid_reg","FDCE","SLICE_X60Y168","SLICEL.HFF","SLICE_X60Y168","SLICEL","CLEL_R_X39Y168","222","74","","X2Y2",""
"u_dut/lfnst_grid_reg[22][13]","lfnst_grid_reg","FDCE","SLICE_X62Y165","SLICEM.EFF","SLICE_X62Y165","SLICEM","CLEM_X41Y165","229","77","","X2Y2",""
"u_dut/lfnst_grid_reg[22][14]","lfnst_grid_reg","FDCE","SLICE_X61Y169","SLICEM.FFF","SLICE_X61Y169","SLICEM","CLEM_X40Y169","225","73","","X2Y2",""
"u_dut/lfnst_grid_reg[22][15]","lfnst_grid_reg","FDCE","SLICE_X61Y161","SLICEM.EFF","SLICE_X61Y161","SLICEM","CLEM_X40Y161","225","81","","X2Y2",""
"u_dut/lfnst_grid_reg[22][1]","lfnst_grid_reg","FDCE","SLICE_X65Y166","SLICEL.FFF2","SLICE_X65Y166","SLICEL","CLEL_R_X42Y166","234","76","","X2Y2",""
"u_dut/lfnst_grid_reg[22][2]","lfnst_grid_reg","FDCE","SLICE_X61Y161","SLICEM.FFF","SLICE_X61Y161","SLICEM","CLEM_X40Y161","225","81","","X2Y2",""
"u_dut/lfnst_grid_reg[22][3]","lfnst_grid_reg","FDCE","SLICE_X61Y169","SLICEM.EFF","SLICE_X61Y169","SLICEM","CLEM_X40Y169","225","73","","X2Y2",""
"u_dut/lfnst_grid_reg[22][4]","lfnst_grid_reg","FDCE","SLICE_X63Y160","SLICEL.HFF","SLICE_X63Y160","SLICEL","CLEL_R_X41Y160","231","82","","X2Y2",""
"u_dut/lfnst_grid_reg[22][5]","lfnst_grid_reg","FDCE","SLICE_X63Y160","SLICEL.GFF","SLICE_X63Y160","SLICEL","CLEL_R_X41Y160","231","82","","X2Y2",""
"u_dut/lfnst_grid_reg[22][6]","lfnst_grid_reg","FDCE","SLICE_X63Y160","SLICEL.FFF","SLICE_X63Y160","SLICEL","CLEL_R_X41Y160","231","82","","X2Y2",""
"u_dut/lfnst_grid_reg[22][7]","lfnst_grid_reg","FDCE","SLICE_X63Y160","SLICEL.EFF","SLICE_X63Y160","SLICEL","CLEL_R_X41Y160","231","82","","X2Y2",""
"u_dut/lfnst_grid_reg[22][8]","lfnst_grid_reg","FDCE","SLICE_X62Y167","SLICEM.HFF","SLICE_X62Y167","SLICEM","CLEM_X41Y167","229","75","","X2Y2",""
"u_dut/lfnst_grid_reg[22][9]","lfnst_grid_reg","FDCE","SLICE_X62Y167","SLICEM.GFF","SLICE_X62Y167","SLICEM","CLEM_X41Y167","229","75","","X2Y2",""
"u_dut/lfnst_grid_reg[23][0]","lfnst_grid_reg","FDCE","SLICE_X58Y164","SLICEM.AFF","SLICE_X58Y164","SLICEM","CLEM_X38Y164","216","78","","X2Y2",""
"u_dut/lfnst_grid_reg[23][10]","lfnst_grid_reg","FDCE","SLICE_X60Y165","SLICEL.DFF","SLICE_X60Y165","SLICEL","CLEL_R_X39Y165","222","77","","X2Y2",""
"u_dut/lfnst_grid_reg[23][11]","lfnst_grid_reg","FDCE","SLICE_X63Y163","SLICEL.HFF","SLICE_X63Y163","SLICEL","CLEL_R_X41Y163","231","79","","X2Y2",""
"u_dut/lfnst_grid_reg[23][12]","lfnst_grid_reg","FDCE","SLICE_X58Y164","SLICEM.BFF","SLICE_X58Y164","SLICEM","CLEM_X38Y164","216","78","","X2Y2",""
"u_dut/lfnst_grid_reg[23][13]","lfnst_grid_reg","FDCE","SLICE_X57Y161","SLICEL.HFF","SLICE_X57Y161","SLICEL","CLEL_R_X37Y161","213","81","","X2Y2",""
"u_dut/lfnst_grid_reg[23][14]","lfnst_grid_reg","FDCE","SLICE_X57Y160","SLICEL.HFF","SLICE_X57Y160","SLICEL","CLEL_R_X37Y160","213","82","","X2Y2",""
"u_dut/lfnst_grid_reg[23][15]","lfnst_grid_reg","FDCE","SLICE_X54Y163","SLICEL.HFF","SLICE_X54Y163","SLICEL","CLEL_R_X35Y163","204","79","","X1Y2",""
"u_dut/lfnst_grid_reg[23][1]","lfnst_grid_reg","FDCE","SLICE_X54Y163","SLICEL.GFF","SLICE_X54Y163","SLICEL","CLEL_R_X35Y163","204","79","","X1Y2",""
"u_dut/lfnst_grid_reg[23][2]","lfnst_grid_reg","FDCE","SLICE_X57Y160","SLICEL.GFF","SLICE_X57Y160","SLICEL","CLEL_R_X37Y160","213","82","","X2Y2",""
"u_dut/lfnst_grid_reg[23][3]","lfnst_grid_reg","FDCE","SLICE_X57Y160","SLICEL.FFF","SLICE_X57Y160","SLICEL","CLEL_R_X37Y160","213","82","","X2Y2",""
"u_dut/lfnst_grid_reg[23][4]","lfnst_grid_reg","FDCE","SLICE_X63Y163","SLICEL.GFF","SLICE_X63Y163","SLICEL","CLEL_R_X41Y163","231","79","","X2Y2",""
"u_dut/lfnst_grid_reg[23][5]","lfnst_grid_reg","FDCE","SLICE_X63Y163","SLICEL.FFF","SLICE_X63Y163","SLICEL","CLEL_R_X41Y163","231","79","","X2Y2",""
"u_dut/lfnst_grid_reg[23][6]","lfnst_grid_reg","FDCE","SLICE_X63Y163","SLICEL.EFF","SLICE_X63Y163","SLICEL","CLEL_R_X41Y163","231","79","","X2Y2",""
"u_dut/lfnst_grid_reg[23][7]","lfnst_grid_reg","FDCE","SLICE_X64Y161","SLICEL.BFF","SLICE_X64Y161","SLICEL","CLEL_L_X42Y161","232","81","","X2Y2",""
"u_dut/lfnst_grid_reg[23][8]","lfnst_grid_reg","FDCE","SLICE_X64Y165","SLICEL.DFF","SLICE_X64Y165","SLICEL","CLEL_L_X42Y165","232","77","","X2Y2",""
"u_dut/lfnst_grid_reg[23][9]","lfnst_grid_reg","FDCE","SLICE_X64Y165","SLICEL.CFF","SLICE_X64Y165","SLICEL","CLEL_L_X42Y165","232","77","","X2Y2",""
"u_dut/lfnst_grid_reg[24][0]","lfnst_grid_reg","FDCE","SLICE_X57Y157","SLICEL.BFF2","SLICE_X57Y157","SLICEL","CLEL_R_X37Y157","213","85","","X2Y2",""
"u_dut/lfnst_grid_reg[24][10]","lfnst_grid_reg","FDCE","SLICE_X58Y163","SLICEM.DFF","SLICE_X58Y163","SLICEM","CLEM_X38Y163","216","79","","X2Y2",""
"u_dut/lfnst_grid_reg[24][11]","lfnst_grid_reg","FDCE","SLICE_X58Y163","SLICEM.CFF","SLICE_X58Y163","SLICEM","CLEM_X38Y163","216","79","","X2Y2",""
"u_dut/lfnst_grid_reg[24][12]","lfnst_grid_reg","FDCE","SLICE_X58Y163","SLICEM.BFF","SLICE_X58Y163","SLICEM","CLEM_X38Y163","216","79","","X2Y2",""
"u_dut/lfnst_grid_reg[24][13]","lfnst_grid_reg","FDCE","SLICE_X54Y160","SLICEL.HFF","SLICE_X54Y160","SLICEL","CLEL_R_X35Y160","204","82","","X1Y2",""
"u_dut/lfnst_grid_reg[24][14]","lfnst_grid_reg","FDCE","SLICE_X57Y157","SLICEL.BFF","SLICE_X57Y157","SLICEL","CLEL_R_X37Y157","213","85","","X2Y2",""
"u_dut/lfnst_grid_reg[24][15]","lfnst_grid_reg","FDCE","SLICE_X55Y150","SLICEM.DFF","SLICE_X55Y150","SLICEM","CLEM_X36Y150","207","92","","X1Y2",""
"u_dut/lfnst_grid_reg[24][1]","lfnst_grid_reg","FDCE","SLICE_X55Y150","SLICEM.CFF","SLICE_X55Y150","SLICEM","CLEM_X36Y150","207","92","","X1Y2",""
"u_dut/lfnst_grid_reg[24][2]","lfnst_grid_reg","FDCE","SLICE_X55Y151","SLICEM.FFF","SLICE_X55Y151","SLICEM","CLEM_X36Y151","207","91","","X1Y2",""
"u_dut/lfnst_grid_reg[24][3]","lfnst_grid_reg","FDCE","SLICE_X55Y150","SLICEM.BFF","SLICE_X55Y150","SLICEM","CLEM_X36Y150","207","92","","X1Y2",""
"u_dut/lfnst_grid_reg[24][4]","lfnst_grid_reg","FDCE","SLICE_X63Y149","SLICEL.CFF","SLICE_X63Y149","SLICEL","CLEL_R_X41Y149","231","94","","X2Y2",""
"u_dut/lfnst_grid_reg[24][5]","lfnst_grid_reg","FDCE","SLICE_X65Y154","SLICEL.DFF","SLICE_X65Y154","SLICEL","CLEL_R_X42Y154","234","88","","X2Y2",""
"u_dut/lfnst_grid_reg[24][6]","lfnst_grid_reg","FDCE","SLICE_X64Y158","SLICEL.BFF","SLICE_X64Y158","SLICEL","CLEL_L_X42Y158","232","84","","X2Y2",""
"u_dut/lfnst_grid_reg[24][7]","lfnst_grid_reg","FDCE","SLICE_X64Y158","SLICEL.AFF","SLICE_X64Y158","SLICEL","CLEL_L_X42Y158","232","84","","X2Y2",""
"u_dut/lfnst_grid_reg[24][8]","lfnst_grid_reg","FDCE","SLICE_X65Y163","SLICEL.HFF","SLICE_X65Y163","SLICEL","CLEL_R_X42Y163","234","79","","X2Y2",""
"u_dut/lfnst_grid_reg[24][9]","lfnst_grid_reg","FDCE","SLICE_X65Y163","SLICEL.GFF","SLICE_X65Y163","SLICEL","CLEL_R_X42Y163","234","79","","X2Y2",""
"u_dut/lfnst_grid_reg[25][0]","lfnst_grid_reg","FDCE","SLICE_X56Y161","SLICEM.BFF","SLICE_X56Y161","SLICEM","CLEM_X37Y161","211","81","","X2Y2",""
"u_dut/lfnst_grid_reg[25][10]","lfnst_grid_reg","FDCE","SLICE_X56Y161","SLICEM.DFF","SLICE_X56Y161","SLICEM","CLEM_X37Y161","211","81","","X2Y2",""
"u_dut/lfnst_grid_reg[25][11]","lfnst_grid_reg","FDCE","SLICE_X57Y162","SLICEL.HFF","SLICE_X57Y162","SLICEL","CLEL_R_X37Y162","213","80","","X2Y2",""
"u_dut/lfnst_grid_reg[25][12]","lfnst_grid_reg","FDCE","SLICE_X56Y161","SLICEM.CFF","SLICE_X56Y161","SLICEM","CLEM_X37Y161","211","81","","X2Y2",""
"u_dut/lfnst_grid_reg[25][13]","lfnst_grid_reg","FDCE","SLICE_X55Y162","SLICEM.BFF","SLICE_X55Y162","SLICEM","CLEM_X36Y162","207","80","","X1Y2",""
"u_dut/lfnst_grid_reg[25][14]","lfnst_grid_reg","FDCE","SLICE_X60Y156","SLICEL.HFF","SLICE_X60Y156","SLICEL","CLEL_R_X39Y156","222","86","","X2Y2",""
"u_dut/lfnst_grid_reg[25][15]","lfnst_grid_reg","FDCE","SLICE_X55Y149","SLICEM.DFF","SLICE_X55Y149","SLICEM","CLEM_X36Y149","207","94","","X1Y2",""
"u_dut/lfnst_grid_reg[25][1]","lfnst_grid_reg","FDCE","SLICE_X55Y149","SLICEM.CFF","SLICE_X55Y149","SLICEM","CLEM_X36Y149","207","94","","X1Y2",""
"u_dut/lfnst_grid_reg[25][2]","lfnst_grid_reg","FDCE","SLICE_X55Y149","SLICEM.BFF","SLICE_X55Y149","SLICEM","CLEM_X36Y149","207","94","","X1Y2",""
"u_dut/lfnst_grid_reg[25][3]","lfnst_grid_reg","FDCE","SLICE_X57Y149","SLICEL.HFF","SLICE_X57Y149","SLICEL","CLEL_R_X37Y149","213","94","","X2Y2",""
"u_dut/lfnst_grid_reg[25][4]","lfnst_grid_reg","FDCE","SLICE_X64Y149","SLICEL.HFF","SLICE_X64Y149","SLICEL","CLEL_L_X42Y149","232","94","","X2Y2",""
"u_dut/lfnst_grid_reg[25][5]","lfnst_grid_reg","FDCE","SLICE_X64Y154","SLICEL.HFF","SLICE_X64Y154","SLICEL","CLEL_L_X42Y154","232","88","","X2Y2",""
"u_dut/lfnst_grid_reg[25][6]","lfnst_grid_reg","FDCE","SLICE_X64Y162","SLICEL.DFF","SLICE_X64Y162","SLICEL","CLEL_L_X42Y162","232","80","","X2Y2",""
"u_dut/lfnst_grid_reg[25][7]","lfnst_grid_reg","FDCE","SLICE_X64Y154","SLICEL.GFF","SLICE_X64Y154","SLICEL","CLEL_L_X42Y154","232","88","","X2Y2",""
"u_dut/lfnst_grid_reg[25][8]","lfnst_grid_reg","FDCE","SLICE_X64Y162","SLICEL.CFF","SLICE_X64Y162","SLICEL","CLEL_L_X42Y162","232","80","","X2Y2",""
"u_dut/lfnst_grid_reg[25][9]","lfnst_grid_reg","FDCE","SLICE_X64Y162","SLICEL.BFF","SLICE_X64Y162","SLICEL","CLEL_L_X42Y162","232","80","","X2Y2",""
"u_dut/lfnst_grid_reg[26][0]","lfnst_grid_reg","FDCE","SLICE_X58Y162","SLICEM.DFF2","SLICE_X58Y162","SLICEM","CLEM_X38Y162","216","80","","X2Y2",""
"u_dut/lfnst_grid_reg[26][10]","lfnst_grid_reg","FDCE","SLICE_X58Y162","SLICEM.DFF","SLICE_X58Y162","SLICEM","CLEM_X38Y162","216","80","","X2Y2",""
"u_dut/lfnst_grid_reg[26][11]","lfnst_grid_reg","FDCE","SLICE_X62Y161","SLICEM.DFF","SLICE_X62Y161","SLICEM","CLEM_X41Y161","229","81","","X2Y2",""
"u_dut/lfnst_grid_reg[26][12]","lfnst_grid_reg","FDCE","SLICE_X58Y162","SLICEM.CFF","SLICE_X58Y162","SLICEM","CLEM_X38Y162","216","80","","X2Y2",""
"u_dut/lfnst_grid_reg[26][13]","lfnst_grid_reg","FDCE","SLICE_X56Y162","SLICEM.DFF","SLICE_X56Y162","SLICEM","CLEM_X37Y162","211","80","","X2Y2",""
"u_dut/lfnst_grid_reg[26][14]","lfnst_grid_reg","FDCE","SLICE_X58Y162","SLICEM.BFF","SLICE_X58Y162","SLICEM","CLEM_X38Y162","216","80","","X2Y2",""
"u_dut/lfnst_grid_reg[26][15]","lfnst_grid_reg","FDCE","SLICE_X61Y157","SLICEM.DFF","SLICE_X61Y157","SLICEM","CLEM_X40Y157","225","85","","X2Y2",""
"u_dut/lfnst_grid_reg[26][1]","lfnst_grid_reg","FDCE","SLICE_X59Y148","SLICEL.CFF","SLICE_X59Y148","SLICEL","CLEL_R_X38Y148","218","95","","X2Y2",""
"u_dut/lfnst_grid_reg[26][2]","lfnst_grid_reg","FDCE","SLICE_X56Y158","SLICEM.BFF","SLICE_X56Y158","SLICEM","CLEM_X37Y158","211","84","","X2Y2",""
"u_dut/lfnst_grid_reg[26][3]","lfnst_grid_reg","FDCE","SLICE_X62Y150","SLICEM.DFF","SLICE_X62Y150","SLICEM","CLEM_X41Y150","229","92","","X2Y2",""
"u_dut/lfnst_grid_reg[26][4]","lfnst_grid_reg","FDCE","SLICE_X64Y149","SLICEL.DFF","SLICE_X64Y149","SLICEL","CLEL_L_X42Y149","232","94","","X2Y2",""
"u_dut/lfnst_grid_reg[26][5]","lfnst_grid_reg","FDCE","SLICE_X61Y157","SLICEM.CFF","SLICE_X61Y157","SLICEM","CLEM_X40Y157","225","85","","X2Y2",""
"u_dut/lfnst_grid_reg[26][6]","lfnst_grid_reg","FDCE","SLICE_X62Y161","SLICEM.CFF","SLICE_X62Y161","SLICEM","CLEM_X41Y161","229","81","","X2Y2",""
"u_dut/lfnst_grid_reg[26][7]","lfnst_grid_reg","FDCE","SLICE_X61Y157","SLICEM.BFF","SLICE_X61Y157","SLICEM","CLEM_X40Y157","225","85","","X2Y2",""
"u_dut/lfnst_grid_reg[26][8]","lfnst_grid_reg","FDCE","SLICE_X65Y160","SLICEL.BFF","SLICE_X65Y160","SLICEL","CLEL_R_X42Y160","234","82","","X2Y2",""
"u_dut/lfnst_grid_reg[26][9]","lfnst_grid_reg","FDCE","SLICE_X62Y161","SLICEM.BFF","SLICE_X62Y161","SLICEM","CLEM_X41Y161","229","81","","X2Y2",""
"u_dut/lfnst_grid_reg[27][0]","lfnst_grid_reg","FDCE","SLICE_X57Y170","SLICEL.CFF","SLICE_X57Y170","SLICEL","CLEL_R_X37Y170","213","72","","X2Y2",""
"u_dut/lfnst_grid_reg[27][10]","lfnst_grid_reg","FDCE","SLICE_X57Y164","SLICEL.DFF","SLICE_X57Y164","SLICEL","CLEL_R_X37Y164","213","78","","X2Y2",""
"u_dut/lfnst_grid_reg[27][11]","lfnst_grid_reg","FDCE","SLICE_X57Y170","SLICEL.DFF","SLICE_X57Y170","SLICEL","CLEL_R_X37Y170","213","72","","X2Y2",""
"u_dut/lfnst_grid_reg[27][12]","lfnst_grid_reg","FDCE","SLICE_X57Y164","SLICEL.CFF","SLICE_X57Y164","SLICEL","CLEL_R_X37Y164","213","78","","X2Y2",""
"u_dut/lfnst_grid_reg[27][13]","lfnst_grid_reg","FDCE","SLICE_X55Y165","SLICEM.DFF","SLICE_X55Y165","SLICEM","CLEM_X36Y165","207","77","","X1Y2",""
"u_dut/lfnst_grid_reg[27][14]","lfnst_grid_reg","FDCE","SLICE_X57Y164","SLICEL.BFF","SLICE_X57Y164","SLICEL","CLEL_R_X37Y164","213","78","","X2Y2",""
"u_dut/lfnst_grid_reg[27][15]","lfnst_grid_reg","FDCE","SLICE_X62Y171","SLICEM.DFF","SLICE_X62Y171","SLICEM","CLEM_X41Y171","229","71","","X2Y2",""
"u_dut/lfnst_grid_reg[27][1]","lfnst_grid_reg","FDCE","SLICE_X55Y153","SLICEM.DFF","SLICE_X55Y153","SLICEM","CLEM_X36Y153","207","89","","X1Y2",""
"u_dut/lfnst_grid_reg[27][2]","lfnst_grid_reg","FDCE","SLICE_X55Y153","SLICEM.CFF","SLICE_X55Y153","SLICEM","CLEM_X36Y153","207","89","","X1Y2",""
"u_dut/lfnst_grid_reg[27][3]","lfnst_grid_reg","FDCE","SLICE_X60Y155","SLICEL.AFF","SLICE_X60Y155","SLICEL","CLEL_R_X39Y155","222","87","","X2Y2",""
"u_dut/lfnst_grid_reg[27][4]","lfnst_grid_reg","FDCE","SLICE_X64Y170","SLICEL.DFF","SLICE_X64Y170","SLICEL","CLEL_L_X42Y170","232","72","","X2Y2",""
"u_dut/lfnst_grid_reg[27][5]","lfnst_grid_reg","FDCE","SLICE_X60Y155","SLICEL.BFF","SLICE_X60Y155","SLICEL","CLEL_R_X39Y155","222","87","","X2Y2",""
"u_dut/lfnst_grid_reg[27][6]","lfnst_grid_reg","FDCE","SLICE_X63Y167","SLICEL.HFF","SLICE_X63Y167","SLICEL","CLEL_R_X41Y167","231","75","","X2Y2",""
"u_dut/lfnst_grid_reg[27][7]","lfnst_grid_reg","FDCE","SLICE_X62Y167","SLICEM.CFF","SLICE_X62Y167","SLICEM","CLEM_X41Y167","229","75","","X2Y2",""
"u_dut/lfnst_grid_reg[27][8]","lfnst_grid_reg","FDCE","SLICE_X64Y170","SLICEL.CFF","SLICE_X64Y170","SLICEL","CLEL_L_X42Y170","232","72","","X2Y2",""
"u_dut/lfnst_grid_reg[27][9]","lfnst_grid_reg","FDCE","SLICE_X62Y171","SLICEM.CFF","SLICE_X62Y171","SLICEM","CLEM_X41Y171","229","71","","X2Y2",""
"u_dut/lfnst_grid_reg[28][0]","lfnst_grid_reg","FDCE","SLICE_X58Y161","SLICEM.GFF","SLICE_X58Y161","SLICEM","CLEM_X38Y161","216","81","","X2Y2",""
"u_dut/lfnst_grid_reg[28][10]","lfnst_grid_reg","FDCE","SLICE_X58Y161","SLICEM.HFF","SLICE_X58Y161","SLICEM","CLEM_X38Y161","216","81","","X2Y2",""
"u_dut/lfnst_grid_reg[28][11]","lfnst_grid_reg","FDCE","SLICE_X60Y162","SLICEL.BFF","SLICE_X60Y162","SLICEL","CLEL_R_X39Y162","222","80","","X2Y2",""
"u_dut/lfnst_grid_reg[28][12]","lfnst_grid_reg","FDCE","SLICE_X60Y162","SLICEL.AFF","SLICE_X60Y162","SLICEL","CLEL_R_X39Y162","222","80","","X2Y2",""
"u_dut/lfnst_grid_reg[28][13]","lfnst_grid_reg","FDCE","SLICE_X55Y162","SLICEM.HFF","SLICE_X55Y162","SLICEM","CLEM_X36Y162","207","80","","X1Y2",""
"u_dut/lfnst_grid_reg[28][14]","lfnst_grid_reg","FDCE","SLICE_X54Y156","SLICEL.HFF","SLICE_X54Y156","SLICEL","CLEL_R_X35Y156","204","86","","X1Y2",""
"u_dut/lfnst_grid_reg[28][15]","lfnst_grid_reg","FDCE","SLICE_X55Y149","SLICEM.HFF","SLICE_X55Y149","SLICEM","CLEM_X36Y149","207","94","","X1Y2",""
"u_dut/lfnst_grid_reg[28][1]","lfnst_grid_reg","FDCE","SLICE_X55Y149","SLICEM.GFF","SLICE_X55Y149","SLICEM","CLEM_X36Y149","207","94","","X1Y2",""
"u_dut/lfnst_grid_reg[28][2]","lfnst_grid_reg","FDCE","SLICE_X54Y152","SLICEL.DFF","SLICE_X54Y152","SLICEL","CLEL_R_X35Y152","204","90","","X1Y2",""
"u_dut/lfnst_grid_reg[28][3]","lfnst_grid_reg","FDCE","SLICE_X54Y152","SLICEL.CFF","SLICE_X54Y152","SLICEL","CLEL_R_X35Y152","204","90","","X1Y2",""
"u_dut/lfnst_grid_reg[28][4]","lfnst_grid_reg","FDCE","SLICE_X62Y149","SLICEM.DFF","SLICE_X62Y149","SLICEM","CLEM_X41Y149","229","94","","X2Y2",""
"u_dut/lfnst_grid_reg[28][5]","lfnst_grid_reg","FDCE","SLICE_X62Y153","SLICEM.DFF","SLICE_X62Y153","SLICEM","CLEM_X41Y153","229","89","","X2Y2",""
"u_dut/lfnst_grid_reg[28][6]","lfnst_grid_reg","FDCE","SLICE_X64Y160","SLICEL.HFF","SLICE_X64Y160","SLICEL","CLEL_L_X42Y160","232","82","","X2Y2",""
"u_dut/lfnst_grid_reg[28][7]","lfnst_grid_reg","FDCE","SLICE_X64Y160","SLICEL.GFF","SLICE_X64Y160","SLICEL","CLEL_L_X42Y160","232","82","","X2Y2",""
"u_dut/lfnst_grid_reg[28][8]","lfnst_grid_reg","FDCE","SLICE_X64Y160","SLICEL.FFF","SLICE_X64Y160","SLICEL","CLEL_L_X42Y160","232","82","","X2Y2",""
"u_dut/lfnst_grid_reg[28][9]","lfnst_grid_reg","FDCE","SLICE_X63Y162","SLICEL.DFF","SLICE_X63Y162","SLICEL","CLEL_R_X41Y162","231","80","","X2Y2",""
"u_dut/lfnst_grid_reg[29][0]","lfnst_grid_reg","FDCE","SLICE_X59Y160","SLICEL.BFF","SLICE_X59Y160","SLICEL","CLEL_R_X38Y160","218","82","","X2Y2",""
"u_dut/lfnst_grid_reg[29][10]","lfnst_grid_reg","FDCE","SLICE_X59Y160","SLICEL.DFF","SLICE_X59Y160","SLICEL","CLEL_R_X38Y160","218","82","","X2Y2",""
"u_dut/lfnst_grid_reg[29][11]","lfnst_grid_reg","FDCE","SLICE_X59Y162","SLICEL.DFF","SLICE_X59Y162","SLICEL","CLEL_R_X38Y162","218","80","","X2Y2",""
"u_dut/lfnst_grid_reg[29][12]","lfnst_grid_reg","FDCE","SLICE_X59Y162","SLICEL.CFF","SLICE_X59Y162","SLICEL","CLEL_R_X38Y162","218","80","","X2Y2",""
"u_dut/lfnst_grid_reg[29][13]","lfnst_grid_reg","FDCE","SLICE_X55Y159","SLICEM.BFF","SLICE_X55Y159","SLICEM","CLEM_X36Y159","207","83","","X1Y2",""
"u_dut/lfnst_grid_reg[29][14]","lfnst_grid_reg","FDCE","SLICE_X59Y154","SLICEL.DFF","SLICE_X59Y154","SLICEL","CLEL_R_X38Y154","218","88","","X2Y2",""
"u_dut/lfnst_grid_reg[29][15]","lfnst_grid_reg","FDCE","SLICE_X54Y152","SLICEL.HFF","SLICE_X54Y152","SLICEL","CLEL_R_X35Y152","204","90","","X1Y2",""
"u_dut/lfnst_grid_reg[29][1]","lfnst_grid_reg","FDCE","SLICE_X56Y150","SLICEM.HFF","SLICE_X56Y150","SLICEM","CLEM_X37Y150","211","92","","X2Y2",""
"u_dut/lfnst_grid_reg[29][2]","lfnst_grid_reg","FDCE","SLICE_X54Y152","SLICEL.GFF","SLICE_X54Y152","SLICEL","CLEL_R_X35Y152","204","90","","X1Y2",""
"u_dut/lfnst_grid_reg[29][3]","lfnst_grid_reg","FDCE","SLICE_X56Y150","SLICEM.GFF","SLICE_X56Y150","SLICEM","CLEM_X37Y150","211","92","","X2Y2",""
"u_dut/lfnst_grid_reg[29][4]","lfnst_grid_reg","FDCE","SLICE_X59Y154","SLICEL.CFF","SLICE_X59Y154","SLICEL","CLEL_R_X38Y154","218","88","","X2Y2",""
"u_dut/lfnst_grid_reg[29][5]","lfnst_grid_reg","FDCE","SLICE_X59Y154","SLICEL.BFF","SLICE_X59Y154","SLICEL","CLEL_R_X38Y154","218","88","","X2Y2",""
"u_dut/lfnst_grid_reg[29][6]","lfnst_grid_reg","FDCE","SLICE_X64Y158","SLICEL.HFF","SLICE_X64Y158","SLICEL","CLEL_L_X42Y158","232","84","","X2Y2",""
"u_dut/lfnst_grid_reg[29][7]","lfnst_grid_reg","FDCE","SLICE_X64Y158","SLICEL.GFF","SLICE_X64Y158","SLICEL","CLEL_L_X42Y158","232","84","","X2Y2",""
"u_dut/lfnst_grid_reg[29][8]","lfnst_grid_reg","FDCE","SLICE_X64Y157","SLICEL.HFF","SLICE_X64Y157","SLICEL","CLEL_L_X42Y157","232","85","","X2Y2",""
"u_dut/lfnst_grid_reg[29][9]","lfnst_grid_reg","FDCE","SLICE_X59Y160","SLICEL.CFF","SLICE_X59Y160","SLICEL","CLEL_R_X38Y160","218","82","","X2Y2",""
"u_dut/lfnst_grid_reg[2][0]","lfnst_grid_reg","FDCE","SLICE_X62Y158","SLICEM.BFF2","SLICE_X62Y158","SLICEM","CLEM_X41Y158","229","84","","X2Y2",""
"u_dut/lfnst_grid_reg[2][10]","lfnst_grid_reg","FDCE","SLICE_X58Y163","SLICEM.HFF","SLICE_X58Y163","SLICEM","CLEM_X38Y163","216","79","","X2Y2",""
"u_dut/lfnst_grid_reg[2][11]","lfnst_grid_reg","FDCE","SLICE_X61Y153","SLICEM.DFF","SLICE_X61Y153","SLICEM","CLEM_X40Y153","225","89","","X2Y2",""
"u_dut/lfnst_grid_reg[2][12]","lfnst_grid_reg","FDCE","SLICE_X60Y163","SLICEL.DFF","SLICE_X60Y163","SLICEL","CLEL_R_X39Y163","222","79","","X2Y2",""
"u_dut/lfnst_grid_reg[2][13]","lfnst_grid_reg","FDCE","SLICE_X61Y153","SLICEM.CFF","SLICE_X61Y153","SLICEM","CLEM_X40Y153","225","89","","X2Y2",""
"u_dut/lfnst_grid_reg[2][14]","lfnst_grid_reg","FDCE","SLICE_X64Y154","SLICEL.DFF","SLICE_X64Y154","SLICEL","CLEL_L_X42Y154","232","88","","X2Y2",""
"u_dut/lfnst_grid_reg[2][15]","lfnst_grid_reg","FDCE","SLICE_X61Y153","SLICEM.BFF","SLICE_X61Y153","SLICEM","CLEM_X40Y153","225","89","","X2Y2",""
"u_dut/lfnst_grid_reg[2][1]","lfnst_grid_reg","FDCE","SLICE_X61Y153","SLICEM.AFF","SLICE_X61Y153","SLICEM","CLEM_X40Y153","225","89","","X2Y2",""
"u_dut/lfnst_grid_reg[2][2]","lfnst_grid_reg","FDCE","SLICE_X55Y154","SLICEM.HFF","SLICE_X55Y154","SLICEM","CLEM_X36Y154","207","88","","X1Y2",""
"u_dut/lfnst_grid_reg[2][3]","lfnst_grid_reg","FDCE","SLICE_X55Y154","SLICEM.GFF","SLICE_X55Y154","SLICEM","CLEM_X36Y154","207","88","","X1Y2",""
"u_dut/lfnst_grid_reg[2][4]","lfnst_grid_reg","FDCE","SLICE_X64Y154","SLICEL.CFF","SLICE_X64Y154","SLICEL","CLEL_L_X42Y154","232","88","","X2Y2",""
"u_dut/lfnst_grid_reg[2][5]","lfnst_grid_reg","FDCE","SLICE_X62Y158","SLICEM.BFF","SLICE_X62Y158","SLICEM","CLEM_X41Y158","229","84","","X2Y2",""
"u_dut/lfnst_grid_reg[2][6]","lfnst_grid_reg","FDCE","SLICE_X64Y160","SLICEL.BFF","SLICE_X64Y160","SLICEL","CLEL_L_X42Y160","232","82","","X2Y2",""
"u_dut/lfnst_grid_reg[2][7]","lfnst_grid_reg","FDCE","SLICE_X64Y160","SLICEL.AFF","SLICE_X64Y160","SLICEL","CLEL_L_X42Y160","232","82","","X2Y2",""
"u_dut/lfnst_grid_reg[2][8]","lfnst_grid_reg","FDCE","SLICE_X66Y164","SLICEM.HFF","SLICE_X66Y164","SLICEM","CLEM_X43Y164","237","78","","X2Y2",""
"u_dut/lfnst_grid_reg[2][9]","lfnst_grid_reg","FDCE","SLICE_X66Y164","SLICEM.GFF","SLICE_X66Y164","SLICEM","CLEM_X43Y164","237","78","","X2Y2",""
"u_dut/lfnst_grid_reg[30][0]","lfnst_grid_reg","FDCE","SLICE_X54Y161","SLICEL.BFF","SLICE_X54Y161","SLICEL","CLEL_R_X35Y161","204","81","","X1Y2",""
"u_dut/lfnst_grid_reg[30][10]","lfnst_grid_reg","FDCE","SLICE_X59Y166","SLICEL.BFF","SLICE_X59Y166","SLICEL","CLEL_R_X38Y166","218","76","","X2Y2",""
"u_dut/lfnst_grid_reg[30][11]","lfnst_grid_reg","FDCE","SLICE_X59Y166","SLICEL.AFF","SLICE_X59Y166","SLICEL","CLEL_R_X38Y166","218","76","","X2Y2",""
"u_dut/lfnst_grid_reg[30][12]","lfnst_grid_reg","FDCE","SLICE_X54Y161","SLICEL.DFF","SLICE_X54Y161","SLICEL","CLEL_R_X35Y161","204","81","","X1Y2",""
"u_dut/lfnst_grid_reg[30][13]","lfnst_grid_reg","FDCE","SLICE_X54Y161","SLICEL.CFF","SLICE_X54Y161","SLICEL","CLEL_R_X35Y161","204","81","","X1Y2",""
"u_dut/lfnst_grid_reg[30][14]","lfnst_grid_reg","FDCE","SLICE_X59Y154","SLICEL.HFF","SLICE_X59Y154","SLICEL","CLEL_R_X38Y154","218","88","","X2Y2",""
"u_dut/lfnst_grid_reg[30][15]","lfnst_grid_reg","FDCE","SLICE_X53Y150","SLICEM.DFF","SLICE_X53Y150","SLICEM","CLEM_X35Y150","202","92","","X1Y2",""
"u_dut/lfnst_grid_reg[30][1]","lfnst_grid_reg","FDCE","SLICE_X53Y150","SLICEM.HFF","SLICE_X53Y150","SLICEM","CLEM_X35Y150","202","92","","X1Y2",""
"u_dut/lfnst_grid_reg[30][2]","lfnst_grid_reg","FDCE","SLICE_X53Y151","SLICEM.HFF","SLICE_X53Y151","SLICEM","CLEM_X35Y151","202","91","","X1Y2",""
"u_dut/lfnst_grid_reg[30][3]","lfnst_grid_reg","FDCE","SLICE_X53Y150","SLICEM.GFF","SLICE_X53Y150","SLICEM","CLEM_X35Y150","202","92","","X1Y2",""
"u_dut/lfnst_grid_reg[30][4]","lfnst_grid_reg","FDCE","SLICE_X64Y150","SLICEL.DFF","SLICE_X64Y150","SLICEL","CLEL_L_X42Y150","232","92","","X2Y2",""
"u_dut/lfnst_grid_reg[30][5]","lfnst_grid_reg","FDCE","SLICE_X59Y154","SLICEL.GFF","SLICE_X59Y154","SLICEL","CLEL_R_X38Y154","218","88","","X2Y2",""
"u_dut/lfnst_grid_reg[30][6]","lfnst_grid_reg","FDCE","SLICE_X67Y156","SLICEM.DFF","SLICE_X67Y156","SLICEM","CLEM_X44Y156","241","86","","X2Y2",""
"u_dut/lfnst_grid_reg[30][7]","lfnst_grid_reg","FDCE","SLICE_X65Y161","SLICEL.HFF","SLICE_X65Y161","SLICEL","CLEL_R_X42Y161","234","81","","X2Y2",""
"u_dut/lfnst_grid_reg[30][8]","lfnst_grid_reg","FDCE","SLICE_X65Y161","SLICEL.GFF","SLICE_X65Y161","SLICEL","CLEL_R_X42Y161","234","81","","X2Y2",""
"u_dut/lfnst_grid_reg[30][9]","lfnst_grid_reg","FDCE","SLICE_X65Y161","SLICEL.FFF","SLICE_X65Y161","SLICEL","CLEL_R_X42Y161","234","81","","X2Y2",""
"u_dut/lfnst_grid_reg[31][0]","lfnst_grid_reg","FDCE","SLICE_X56Y168","SLICEM.HFF","SLICE_X56Y168","SLICEM","CLEM_X37Y168","211","74","","X2Y2",""
"u_dut/lfnst_grid_reg[31][10]","lfnst_grid_reg","FDCE","SLICE_X59Y162","SLICEL.FFF","SLICE_X59Y162","SLICEL","CLEL_R_X38Y162","218","80","","X2Y2",""
"u_dut/lfnst_grid_reg[31][11]","lfnst_grid_reg","FDCE","SLICE_X60Y168","SLICEL.DFF","SLICE_X60Y168","SLICEL","CLEL_R_X39Y168","222","74","","X2Y2",""
"u_dut/lfnst_grid_reg[31][12]","lfnst_grid_reg","FDCE","SLICE_X59Y162","SLICEL.EFF","SLICE_X59Y162","SLICEL","CLEL_R_X38Y162","218","80","","X2Y2",""
"u_dut/lfnst_grid_reg[31][13]","lfnst_grid_reg","FDCE","SLICE_X56Y159","SLICEM.HFF","SLICE_X56Y159","SLICEM","CLEM_X37Y159","211","83","","X2Y2",""
"u_dut/lfnst_grid_reg[31][14]","lfnst_grid_reg","FDCE","SLICE_X56Y159","SLICEM.GFF","SLICE_X56Y159","SLICEM","CLEM_X37Y159","211","83","","X2Y2",""
"u_dut/lfnst_grid_reg[31][15]","lfnst_grid_reg","FDCE","SLICE_X56Y150","SLICEM.DFF","SLICE_X56Y150","SLICEM","CLEM_X37Y150","211","92","","X2Y2",""
"u_dut/lfnst_grid_reg[31][1]","lfnst_grid_reg","FDCE","SLICE_X56Y150","SLICEM.CFF","SLICE_X56Y150","SLICEM","CLEM_X37Y150","211","92","","X2Y2",""
"u_dut/lfnst_grid_reg[31][2]","lfnst_grid_reg","FDCE","SLICE_X56Y150","SLICEM.BFF","SLICE_X56Y150","SLICEM","CLEM_X37Y150","211","92","","X2Y2",""
"u_dut/lfnst_grid_reg[31][3]","lfnst_grid_reg","FDCE","SLICE_X56Y150","SLICEM.AFF","SLICE_X56Y150","SLICEM","CLEM_X37Y150","211","92","","X2Y2",""
"u_dut/lfnst_grid_reg[31][4]","lfnst_grid_reg","FDCE","SLICE_X65Y150","SLICEL.HFF","SLICE_X65Y150","SLICEL","CLEL_R_X42Y150","234","92","","X2Y2",""
"u_dut/lfnst_grid_reg[31][5]","lfnst_grid_reg","FDCE","SLICE_X64Y151","SLICEL.HFF","SLICE_X64Y151","SLICEL","CLEL_L_X42Y151","232","91","","X2Y2",""
"u_dut/lfnst_grid_reg[31][6]","lfnst_grid_reg","FDCE","SLICE_X65Y158","SLICEL.HFF","SLICE_X65Y158","SLICEL","CLEL_R_X42Y158","234","84","","X2Y2",""
"u_dut/lfnst_grid_reg[31][7]","lfnst_grid_reg","FDCE","SLICE_X65Y158","SLICEL.GFF","SLICE_X65Y158","SLICEL","CLEL_R_X42Y158","234","84","","X2Y2",""
"u_dut/lfnst_grid_reg[31][8]","lfnst_grid_reg","FDCE","SLICE_X67Y159","SLICEM.DFF","SLICE_X67Y159","SLICEM","CLEM_X44Y159","241","83","","X2Y2",""
"u_dut/lfnst_grid_reg[31][9]","lfnst_grid_reg","FDCE","SLICE_X65Y158","SLICEL.FFF","SLICE_X65Y158","SLICEL","CLEL_R_X42Y158","234","84","","X2Y2",""
"u_dut/lfnst_grid_reg[32][0]","lfnst_grid_reg","FDCE","SLICE_X60Y164","SLICEL.BFF","SLICE_X60Y164","SLICEL","CLEL_R_X39Y164","222","78","","X2Y2",""
"u_dut/lfnst_grid_reg[32][10]","lfnst_grid_reg","FDCE","SLICE_X60Y164","SLICEL.DFF","SLICE_X60Y164","SLICEL","CLEL_R_X39Y164","222","78","","X2Y2",""
"u_dut/lfnst_grid_reg[32][11]","lfnst_grid_reg","FDCE","SLICE_X59Y168","SLICEL.DFF","SLICE_X59Y168","SLICEL","CLEL_R_X38Y168","218","74","","X2Y2",""
"u_dut/lfnst_grid_reg[32][12]","lfnst_grid_reg","FDCE","SLICE_X60Y164","SLICEL.CFF","SLICE_X60Y164","SLICEL","CLEL_R_X39Y164","222","78","","X2Y2",""
"u_dut/lfnst_grid_reg[32][13]","lfnst_grid_reg","FDCE","SLICE_X60Y158","SLICEL.BFF","SLICE_X60Y158","SLICEL","CLEL_R_X39Y158","222","84","","X2Y2",""
"u_dut/lfnst_grid_reg[32][14]","lfnst_grid_reg","FDCE","SLICE_X60Y158","SLICEL.AFF","SLICE_X60Y158","SLICEL","CLEL_R_X39Y158","222","84","","X2Y2",""
"u_dut/lfnst_grid_reg[32][15]","lfnst_grid_reg","FDCE","SLICE_X57Y161","SLICEL.DFF","SLICE_X57Y161","SLICEL","CLEL_R_X37Y161","213","81","","X2Y2",""
"u_dut/lfnst_grid_reg[32][1]","lfnst_grid_reg","FDCE","SLICE_X60Y158","SLICEL.HFF","SLICE_X60Y158","SLICEL","CLEL_R_X39Y158","222","84","","X2Y2",""
"u_dut/lfnst_grid_reg[32][2]","lfnst_grid_reg","FDCE","SLICE_X57Y161","SLICEL.CFF","SLICE_X57Y161","SLICEL","CLEL_R_X37Y161","213","81","","X2Y2",""
"u_dut/lfnst_grid_reg[32][3]","lfnst_grid_reg","FDCE","SLICE_X57Y164","SLICEL.HFF","SLICE_X57Y164","SLICEL","CLEL_R_X37Y164","213","78","","X2Y2",""
"u_dut/lfnst_grid_reg[32][4]","lfnst_grid_reg","FDCE","SLICE_X57Y161","SLICEL.BFF","SLICE_X57Y161","SLICEL","CLEL_R_X37Y161","213","81","","X2Y2",""
"u_dut/lfnst_grid_reg[32][5]","lfnst_grid_reg","FDCE","SLICE_X60Y158","SLICEL.GFF","SLICE_X60Y158","SLICEL","CLEL_R_X39Y158","222","84","","X2Y2",""
"u_dut/lfnst_grid_reg[32][6]","lfnst_grid_reg","FDCE","SLICE_X64Y161","SLICEL.FFF","SLICE_X64Y161","SLICEL","CLEL_L_X42Y161","232","81","","X2Y2",""
"u_dut/lfnst_grid_reg[32][7]","lfnst_grid_reg","FDCE","SLICE_X62Y162","SLICEM.HFF","SLICE_X62Y162","SLICEM","CLEM_X41Y162","229","80","","X2Y2",""
"u_dut/lfnst_grid_reg[32][8]","lfnst_grid_reg","FDCE","SLICE_X65Y167","SLICEL.DFF","SLICE_X65Y167","SLICEL","CLEL_R_X42Y167","234","75","","X2Y2",""
"u_dut/lfnst_grid_reg[32][9]","lfnst_grid_reg","FDCE","SLICE_X65Y168","SLICEL.HFF","SLICE_X65Y168","SLICEL","CLEL_R_X42Y168","234","74","","X2Y2",""
"u_dut/lfnst_grid_reg[33][0]","lfnst_grid_reg","FDCE","SLICE_X59Y164","SLICEL.BFF","SLICE_X59Y164","SLICEL","CLEL_R_X38Y164","218","78","","X2Y2",""
"u_dut/lfnst_grid_reg[33][10]","lfnst_grid_reg","FDCE","SLICE_X60Y155","SLICEL.HFF","SLICE_X60Y155","SLICEL","CLEL_R_X39Y155","222","87","","X2Y2",""
"u_dut/lfnst_grid_reg[33][11]","lfnst_grid_reg","FDCE","SLICE_X59Y164","SLICEL.CFF","SLICE_X59Y164","SLICEL","CLEL_R_X38Y164","218","78","","X2Y2",""
"u_dut/lfnst_grid_reg[33][12]","lfnst_grid_reg","FDCE","SLICE_X59Y160","SLICEL.HFF","SLICE_X59Y160","SLICEL","CLEL_R_X38Y160","218","82","","X2Y2",""
"u_dut/lfnst_grid_reg[33][13]","lfnst_grid_reg","FDCE","SLICE_X59Y160","SLICEL.GFF","SLICE_X59Y160","SLICEL","CLEL_R_X38Y160","218","82","","X2Y2",""
"u_dut/lfnst_grid_reg[33][14]","lfnst_grid_reg","FDCE","SLICE_X61Y153","SLICEM.FFF","SLICE_X61Y153","SLICEM","CLEM_X40Y153","225","89","","X2Y2",""
"u_dut/lfnst_grid_reg[33][15]","lfnst_grid_reg","FDCE","SLICE_X59Y160","SLICEL.FFF","SLICE_X59Y160","SLICEL","CLEL_R_X38Y160","218","82","","X2Y2",""
"u_dut/lfnst_grid_reg[33][1]","lfnst_grid_reg","FDCE","SLICE_X57Y155","SLICEL.DFF","SLICE_X57Y155","SLICEL","CLEL_R_X37Y155","213","87","","X2Y2",""
"u_dut/lfnst_grid_reg[33][2]","lfnst_grid_reg","FDCE","SLICE_X57Y155","SLICEL.CFF","SLICE_X57Y155","SLICEL","CLEL_R_X37Y155","213","87","","X2Y2",""
"u_dut/lfnst_grid_reg[33][3]","lfnst_grid_reg","FDCE","SLICE_X59Y160","SLICEL.EFF","SLICE_X59Y160","SLICEL","CLEL_R_X38Y160","218","82","","X2Y2",""
"u_dut/lfnst_grid_reg[33][4]","lfnst_grid_reg","FDCE","SLICE_X60Y155","SLICEL.GFF","SLICE_X60Y155","SLICEL","CLEL_R_X39Y155","222","87","","X2Y2",""
"u_dut/lfnst_grid_reg[33][5]","lfnst_grid_reg","FDCE","SLICE_X61Y153","SLICEM.EFF","SLICE_X61Y153","SLICEM","CLEM_X40Y153","225","89","","X2Y2",""
"u_dut/lfnst_grid_reg[33][6]","lfnst_grid_reg","FDCE","SLICE_X65Y157","SLICEL.HFF","SLICE_X65Y157","SLICEL","CLEL_R_X42Y157","234","85","","X2Y2",""
"u_dut/lfnst_grid_reg[33][7]","lfnst_grid_reg","FDCE","SLICE_X65Y157","SLICEL.GFF","SLICE_X65Y157","SLICEL","CLEL_R_X42Y157","234","85","","X2Y2",""
"u_dut/lfnst_grid_reg[33][8]","lfnst_grid_reg","FDCE","SLICE_X61Y162","SLICEM.DFF","SLICE_X61Y162","SLICEM","CLEM_X40Y162","225","80","","X2Y2",""
"u_dut/lfnst_grid_reg[33][9]","lfnst_grid_reg","FDCE","SLICE_X61Y162","SLICEM.CFF","SLICE_X61Y162","SLICEM","CLEM_X40Y162","225","80","","X2Y2",""
"u_dut/lfnst_grid_reg[34][0]","lfnst_grid_reg","FDCE","SLICE_X58Y167","SLICEM.HFF","SLICE_X58Y167","SLICEM","CLEM_X38Y167","216","75","","X2Y2",""
"u_dut/lfnst_grid_reg[34][10]","lfnst_grid_reg","FDCE","SLICE_X62Y158","SLICEM.HFF","SLICE_X62Y158","SLICEM","CLEM_X41Y158","229","84","","X2Y2",""
"u_dut/lfnst_grid_reg[34][11]","lfnst_grid_reg","FDCE","SLICE_X58Y166","SLICEM.BFF","SLICE_X58Y166","SLICEM","CLEM_X38Y166","216","76","","X2Y2",""
"u_dut/lfnst_grid_reg[34][12]","lfnst_grid_reg","FDCE","SLICE_X54Y163","SLICEL.DFF","SLICE_X54Y163","SLICEL","CLEL_R_X35Y163","204","79","","X1Y2",""
"u_dut/lfnst_grid_reg[34][13]","lfnst_grid_reg","FDCE","SLICE_X57Y158","SLICEL.DFF","SLICE_X57Y158","SLICEL","CLEL_R_X37Y158","213","84","","X2Y2",""
"u_dut/lfnst_grid_reg[34][14]","lfnst_grid_reg","FDCE","SLICE_X54Y155","SLICEL.HFF","SLICE_X54Y155","SLICEL","CLEL_R_X35Y155","204","87","","X1Y2",""
"u_dut/lfnst_grid_reg[34][15]","lfnst_grid_reg","FDCE","SLICE_X54Y163","SLICEL.CFF","SLICE_X54Y163","SLICEL","CLEL_R_X35Y163","204","79","","X1Y2",""
"u_dut/lfnst_grid_reg[34][1]","lfnst_grid_reg","FDCE","SLICE_X57Y158","SLICEL.CFF","SLICE_X57Y158","SLICEL","CLEL_R_X37Y158","213","84","","X2Y2",""
"u_dut/lfnst_grid_reg[34][2]","lfnst_grid_reg","FDCE","SLICE_X54Y163","SLICEL.BFF","SLICE_X54Y163","SLICEL","CLEL_R_X35Y163","204","79","","X1Y2",""
"u_dut/lfnst_grid_reg[34][3]","lfnst_grid_reg","FDCE","SLICE_X57Y158","SLICEL.BFF","SLICE_X57Y158","SLICEL","CLEL_R_X37Y158","213","84","","X2Y2",""
"u_dut/lfnst_grid_reg[34][4]","lfnst_grid_reg","FDCE","SLICE_X54Y155","SLICEL.GFF","SLICE_X54Y155","SLICEL","CLEL_R_X35Y155","204","87","","X1Y2",""
"u_dut/lfnst_grid_reg[34][5]","lfnst_grid_reg","FDCE","SLICE_X60Y156","SLICEL.DFF","SLICE_X60Y156","SLICEL","CLEL_R_X39Y156","222","86","","X2Y2",""
"u_dut/lfnst_grid_reg[34][6]","lfnst_grid_reg","FDCE","SLICE_X62Y158","SLICEM.GFF","SLICE_X62Y158","SLICEM","CLEM_X41Y158","229","84","","X2Y2",""
"u_dut/lfnst_grid_reg[34][7]","lfnst_grid_reg","FDCE","SLICE_X62Y158","SLICEM.FFF","SLICE_X62Y158","SLICEM","CLEM_X41Y158","229","84","","X2Y2",""
"u_dut/lfnst_grid_reg[34][8]","lfnst_grid_reg","FDCE","SLICE_X63Y169","SLICEL.DFF","SLICE_X63Y169","SLICEL","CLEL_R_X41Y169","231","73","","X2Y2",""
"u_dut/lfnst_grid_reg[34][9]","lfnst_grid_reg","FDCE","SLICE_X63Y169","SLICEL.CFF","SLICE_X63Y169","SLICEL","CLEL_R_X41Y169","231","73","","X2Y2",""
"u_dut/lfnst_grid_reg[35][0]","lfnst_grid_reg","FDCE","SLICE_X57Y163","SLICEL.FFF","SLICE_X57Y163","SLICEL","CLEL_R_X37Y163","213","79","","X2Y2",""
"u_dut/lfnst_grid_reg[35][10]","lfnst_grid_reg","FDCE","SLICE_X58Y160","SLICEM.HFF","SLICE_X58Y160","SLICEM","CLEM_X38Y160","216","82","","X2Y2",""
"u_dut/lfnst_grid_reg[35][11]","lfnst_grid_reg","FDCE","SLICE_X58Y166","SLICEM.HFF","SLICE_X58Y166","SLICEM","CLEM_X38Y166","216","76","","X2Y2",""
"u_dut/lfnst_grid_reg[35][12]","lfnst_grid_reg","FDCE","SLICE_X57Y163","SLICEL.HFF","SLICE_X57Y163","SLICEL","CLEL_R_X37Y163","213","79","","X2Y2",""
"u_dut/lfnst_grid_reg[35][13]","lfnst_grid_reg","FDCE","SLICE_X54Y158","SLICEL.HFF","SLICE_X54Y158","SLICEL","CLEL_R_X35Y158","204","84","","X1Y2",""
"u_dut/lfnst_grid_reg[35][14]","lfnst_grid_reg","FDCE","SLICE_X58Y160","SLICEM.GFF","SLICE_X58Y160","SLICEM","CLEM_X38Y160","216","82","","X2Y2",""
"u_dut/lfnst_grid_reg[35][15]","lfnst_grid_reg","FDCE","SLICE_X54Y158","SLICEL.GFF","SLICE_X54Y158","SLICEL","CLEL_R_X35Y158","204","84","","X1Y2",""
"u_dut/lfnst_grid_reg[35][1]","lfnst_grid_reg","FDCE","SLICE_X58Y160","SLICEM.FFF","SLICE_X58Y160","SLICEM","CLEM_X38Y160","216","82","","X2Y2",""
"u_dut/lfnst_grid_reg[35][2]","lfnst_grid_reg","FDCE","SLICE_X54Y158","SLICEL.FFF","SLICE_X54Y158","SLICEL","CLEL_R_X35Y158","204","84","","X1Y2",""
"u_dut/lfnst_grid_reg[35][3]","lfnst_grid_reg","FDCE","SLICE_X57Y163","SLICEL.GFF","SLICE_X57Y163","SLICEL","CLEL_R_X37Y163","213","79","","X2Y2",""
"u_dut/lfnst_grid_reg[35][4]","lfnst_grid_reg","FDCE","SLICE_X54Y159","SLICEL.DFF","SLICE_X54Y159","SLICEL","CLEL_R_X35Y159","204","83","","X1Y2",""
"u_dut/lfnst_grid_reg[35][5]","lfnst_grid_reg","FDCE","SLICE_X58Y160","SLICEM.EFF","SLICE_X58Y160","SLICEM","CLEM_X38Y160","216","82","","X2Y2",""
"u_dut/lfnst_grid_reg[35][6]","lfnst_grid_reg","FDCE","SLICE_X60Y160","SLICEL.HFF","SLICE_X60Y160","SLICEL","CLEL_R_X39Y160","222","82","","X2Y2",""
"u_dut/lfnst_grid_reg[35][7]","lfnst_grid_reg","FDCE","SLICE_X60Y160","SLICEL.GFF","SLICE_X60Y160","SLICEL","CLEL_R_X39Y160","222","82","","X2Y2",""
"u_dut/lfnst_grid_reg[35][8]","lfnst_grid_reg","FDCE","SLICE_X60Y160","SLICEL.FFF","SLICE_X60Y160","SLICEL","CLEL_R_X39Y160","222","82","","X2Y2",""
"u_dut/lfnst_grid_reg[35][9]","lfnst_grid_reg","FDCE","SLICE_X60Y160","SLICEL.EFF","SLICE_X60Y160","SLICEL","CLEL_R_X39Y160","222","82","","X2Y2",""
"u_dut/lfnst_grid_reg[36][0]","lfnst_grid_reg","FDCE","SLICE_X57Y168","SLICEL.GFF","SLICE_X57Y168","SLICEL","CLEL_R_X37Y168","213","74","","X2Y2",""
"u_dut/lfnst_grid_reg[36][10]","lfnst_grid_reg","FDCE","SLICE_X61Y158","SLICEM.BFF","SLICE_X61Y158","SLICEM","CLEM_X40Y158","225","84","","X2Y2",""
"u_dut/lfnst_grid_reg[36][11]","lfnst_grid_reg","FDCE","SLICE_X57Y168","SLICEL.HFF","SLICE_X57Y168","SLICEL","CLEL_R_X37Y168","213","74","","X2Y2",""
"u_dut/lfnst_grid_reg[36][12]","lfnst_grid_reg","FDCE","SLICE_X55Y163","SLICEM.BFF","SLICE_X55Y163","SLICEM","CLEM_X36Y163","207","79","","X1Y2",""
"u_dut/lfnst_grid_reg[36][13]","lfnst_grid_reg","FDCE","SLICE_X55Y161","SLICEM.DFF","SLICE_X55Y161","SLICEM","CLEM_X36Y161","207","81","","X1Y2",""
"u_dut/lfnst_grid_reg[36][14]","lfnst_grid_reg","FDCE","SLICE_X54Y154","SLICEL.DFF","SLICE_X54Y154","SLICEL","CLEL_R_X35Y154","204","88","","X1Y2",""
"u_dut/lfnst_grid_reg[36][15]","lfnst_grid_reg","FDCE","SLICE_X55Y158","SLICEM.HFF","SLICE_X55Y158","SLICEM","CLEM_X36Y158","207","84","","X1Y2",""
"u_dut/lfnst_grid_reg[36][1]","lfnst_grid_reg","FDCE","SLICE_X57Y154","SLICEL.BFF","SLICE_X57Y154","SLICEL","CLEL_R_X37Y154","213","88","","X2Y2",""
"u_dut/lfnst_grid_reg[36][2]","lfnst_grid_reg","FDCE","SLICE_X55Y158","SLICEM.GFF","SLICE_X55Y158","SLICEM","CLEM_X36Y158","207","84","","X1Y2",""
"u_dut/lfnst_grid_reg[36][3]","lfnst_grid_reg","FDCE","SLICE_X55Y161","SLICEM.CFF","SLICE_X55Y161","SLICEM","CLEM_X36Y161","207","81","","X1Y2",""
"u_dut/lfnst_grid_reg[36][4]","lfnst_grid_reg","FDCE","SLICE_X57Y154","SLICEL.AFF","SLICE_X57Y154","SLICEL","CLEL_R_X37Y154","213","88","","X2Y2",""
"u_dut/lfnst_grid_reg[36][5]","lfnst_grid_reg","FDCE","SLICE_X60Y154","SLICEL.HFF","SLICE_X60Y154","SLICEL","CLEL_R_X39Y154","222","88","","X2Y2",""
"u_dut/lfnst_grid_reg[36][6]","lfnst_grid_reg","FDCE","SLICE_X63Y156","SLICEL.DFF","SLICE_X63Y156","SLICEL","CLEL_R_X41Y156","231","86","","X2Y2",""
"u_dut/lfnst_grid_reg[36][7]","lfnst_grid_reg","FDCE","SLICE_X63Y156","SLICEL.CFF","SLICE_X63Y156","SLICEL","CLEL_R_X41Y156","231","86","","X2Y2",""
"u_dut/lfnst_grid_reg[36][8]","lfnst_grid_reg","FDCE","SLICE_X63Y166","SLICEL.CFF","SLICE_X63Y166","SLICEL","CLEL_R_X41Y166","231","76","","X2Y2",""
"u_dut/lfnst_grid_reg[36][9]","lfnst_grid_reg","FDCE","SLICE_X64Y168","SLICEL.BFF","SLICE_X64Y168","SLICEL","CLEL_L_X42Y168","232","74","","X2Y2",""
"u_dut/lfnst_grid_reg[37][0]","lfnst_grid_reg","FDCE","SLICE_X58Y158","SLICEM.FFF","SLICE_X58Y158","SLICEM","CLEM_X38Y158","216","84","","X2Y2",""
"u_dut/lfnst_grid_reg[37][10]","lfnst_grid_reg","FDCE","SLICE_X58Y158","SLICEM.HFF","SLICE_X58Y158","SLICEM","CLEM_X38Y158","216","84","","X2Y2",""
"u_dut/lfnst_grid_reg[37][11]","lfnst_grid_reg","FDCE","SLICE_X58Y168","SLICEM.BFF","SLICE_X58Y168","SLICEM","CLEM_X38Y168","216","74","","X2Y2",""
"u_dut/lfnst_grid_reg[37][12]","lfnst_grid_reg","FDCE","SLICE_X54Y162","SLICEL.DFF","SLICE_X54Y162","SLICEL","CLEL_R_X35Y162","204","80","","X1Y2",""
"u_dut/lfnst_grid_reg[37][13]","lfnst_grid_reg","FDCE","SLICE_X56Y160","SLICEM.DFF","SLICE_X56Y160","SLICEM","CLEM_X37Y160","211","82","","X2Y2",""
"u_dut/lfnst_grid_reg[37][14]","lfnst_grid_reg","FDCE","SLICE_X56Y160","SLICEM.CFF","SLICE_X56Y160","SLICEM","CLEM_X37Y160","211","82","","X2Y2",""
"u_dut/lfnst_grid_reg[37][15]","lfnst_grid_reg","FDCE","SLICE_X54Y159","SLICEL.HFF","SLICE_X54Y159","SLICEL","CLEL_R_X35Y159","204","83","","X1Y2",""
"u_dut/lfnst_grid_reg[37][1]","lfnst_grid_reg","FDCE","SLICE_X58Y158","SLICEM.GFF","SLICE_X58Y158","SLICEM","CLEM_X38Y158","216","84","","X2Y2",""
"u_dut/lfnst_grid_reg[37][2]","lfnst_grid_reg","FDCE","SLICE_X54Y159","SLICEL.GFF","SLICE_X54Y159","SLICEL","CLEL_R_X35Y159","204","83","","X1Y2",""
"u_dut/lfnst_grid_reg[37][3]","lfnst_grid_reg","FDCE","SLICE_X56Y160","SLICEM.BFF","SLICE_X56Y160","SLICEM","CLEM_X37Y160","211","82","","X2Y2",""
"u_dut/lfnst_grid_reg[37][4]","lfnst_grid_reg","FDCE","SLICE_X54Y159","SLICEL.FFF","SLICE_X54Y159","SLICEL","CLEL_R_X35Y159","204","83","","X1Y2",""
"u_dut/lfnst_grid_reg[37][5]","lfnst_grid_reg","FDCE","SLICE_X60Y160","SLICEL.DFF","SLICE_X60Y160","SLICEL","CLEL_R_X39Y160","222","82","","X2Y2",""
"u_dut/lfnst_grid_reg[37][6]","lfnst_grid_reg","FDCE","SLICE_X63Y157","SLICEL.FFF","SLICE_X63Y157","SLICEL","CLEL_R_X41Y157","231","85","","X2Y2",""
"u_dut/lfnst_grid_reg[37][7]","lfnst_grid_reg","FDCE","SLICE_X60Y160","SLICEL.CFF","SLICE_X60Y160","SLICEL","CLEL_R_X39Y160","222","82","","X2Y2",""
"u_dut/lfnst_grid_reg[37][8]","lfnst_grid_reg","FDCE","SLICE_X63Y168","SLICEL.HFF","SLICE_X63Y168","SLICEL","CLEL_R_X41Y168","231","74","","X2Y2",""
"u_dut/lfnst_grid_reg[37][9]","lfnst_grid_reg","FDCE","SLICE_X63Y168","SLICEL.GFF","SLICE_X63Y168","SLICEL","CLEL_R_X41Y168","231","74","","X2Y2",""
"u_dut/lfnst_grid_reg[38][0]","lfnst_grid_reg","FDCE","SLICE_X57Y165","SLICEL.GFF","SLICE_X57Y165","SLICEL","CLEL_R_X37Y165","213","77","","X2Y2",""
"u_dut/lfnst_grid_reg[38][10]","lfnst_grid_reg","FDCE","SLICE_X62Y159","SLICEM.DFF","SLICE_X62Y159","SLICEM","CLEM_X41Y159","229","83","","X2Y2",""
"u_dut/lfnst_grid_reg[38][11]","lfnst_grid_reg","FDCE","SLICE_X58Y168","SLICEM.HFF","SLICE_X58Y168","SLICEM","CLEM_X38Y168","216","74","","X2Y2",""
"u_dut/lfnst_grid_reg[38][12]","lfnst_grid_reg","FDCE","SLICE_X53Y163","SLICEM.DFF","SLICE_X53Y163","SLICEM","CLEM_X35Y163","202","79","","X1Y2",""
"u_dut/lfnst_grid_reg[38][13]","lfnst_grid_reg","FDCE","SLICE_X53Y158","SLICEM.DFF","SLICE_X53Y158","SLICEM","CLEM_X35Y158","202","84","","X1Y2",""
"u_dut/lfnst_grid_reg[38][14]","lfnst_grid_reg","FDCE","SLICE_X53Y154","SLICEM.DFF","SLICE_X53Y154","SLICEM","CLEM_X35Y154","202","88","","X1Y2",""
"u_dut/lfnst_grid_reg[38][15]","lfnst_grid_reg","FDCE","SLICE_X53Y158","SLICEM.CFF","SLICE_X53Y158","SLICEM","CLEM_X35Y158","202","84","","X1Y2",""
"u_dut/lfnst_grid_reg[38][1]","lfnst_grid_reg","FDCE","SLICE_X57Y155","SLICEL.FFF","SLICE_X57Y155","SLICEL","CLEL_R_X37Y155","213","87","","X2Y2",""
"u_dut/lfnst_grid_reg[38][2]","lfnst_grid_reg","FDCE","SLICE_X53Y158","SLICEM.BFF","SLICE_X53Y158","SLICEM","CLEM_X35Y158","202","84","","X1Y2",""
"u_dut/lfnst_grid_reg[38][3]","lfnst_grid_reg","FDCE","SLICE_X57Y165","SLICEL.HFF","SLICE_X57Y165","SLICEL","CLEL_R_X37Y165","213","77","","X2Y2",""
"u_dut/lfnst_grid_reg[38][4]","lfnst_grid_reg","FDCE","SLICE_X57Y155","SLICEL.EFF","SLICE_X57Y155","SLICEL","CLEL_R_X37Y155","213","87","","X2Y2",""
"u_dut/lfnst_grid_reg[38][5]","lfnst_grid_reg","FDCE","SLICE_X62Y154","SLICEM.DFF","SLICE_X62Y154","SLICEM","CLEM_X41Y154","229","88","","X2Y2",""
"u_dut/lfnst_grid_reg[38][6]","lfnst_grid_reg","FDCE","SLICE_X62Y159","SLICEM.CFF","SLICE_X62Y159","SLICEM","CLEM_X41Y159","229","83","","X2Y2",""
"u_dut/lfnst_grid_reg[38][7]","lfnst_grid_reg","FDCE","SLICE_X62Y154","SLICEM.CFF","SLICE_X62Y154","SLICEM","CLEM_X41Y154","229","88","","X2Y2",""
"u_dut/lfnst_grid_reg[38][8]","lfnst_grid_reg","FDCE","SLICE_X63Y168","SLICEL.BFF","SLICE_X63Y168","SLICEL","CLEL_R_X41Y168","231","74","","X2Y2",""
"u_dut/lfnst_grid_reg[38][9]","lfnst_grid_reg","FDCE","SLICE_X63Y168","SLICEL.AFF","SLICE_X63Y168","SLICEL","CLEL_R_X41Y168","231","74","","X2Y2",""
"u_dut/lfnst_grid_reg[39][0]","lfnst_grid_reg","FDCE","SLICE_X57Y167","SLICEL.HFF","SLICE_X57Y167","SLICEL","CLEL_R_X37Y167","213","75","","X2Y2",""
"u_dut/lfnst_grid_reg[39][10]","lfnst_grid_reg","FDCE","SLICE_X60Y159","SLICEL.HFF","SLICE_X60Y159","SLICEL","CLEL_R_X39Y159","222","83","","X2Y2",""
"u_dut/lfnst_grid_reg[39][11]","lfnst_grid_reg","FDCE","SLICE_X55Y168","SLICEM.DFF","SLICE_X55Y168","SLICEM","CLEM_X36Y168","207","74","","X1Y2",""
"u_dut/lfnst_grid_reg[39][12]","lfnst_grid_reg","FDCE","SLICE_X55Y163","SLICEM.HFF","SLICE_X55Y163","SLICEM","CLEM_X36Y163","207","79","","X1Y2",""
"u_dut/lfnst_grid_reg[39][13]","lfnst_grid_reg","FDCE","SLICE_X60Y159","SLICEL.GFF","SLICE_X60Y159","SLICEL","CLEL_R_X39Y159","222","83","","X2Y2",""
"u_dut/lfnst_grid_reg[39][14]","lfnst_grid_reg","FDCE","SLICE_X54Y154","SLICEL.HFF","SLICE_X54Y154","SLICEL","CLEL_R_X35Y154","204","88","","X1Y2",""
"u_dut/lfnst_grid_reg[39][15]","lfnst_grid_reg","FDCE","SLICE_X54Y155","SLICEL.BFF","SLICE_X54Y155","SLICEL","CLEL_R_X35Y155","204","87","","X1Y2",""
"u_dut/lfnst_grid_reg[39][1]","lfnst_grid_reg","FDCE","SLICE_X54Y154","SLICEL.GFF","SLICE_X54Y154","SLICEL","CLEL_R_X35Y154","204","88","","X1Y2",""
"u_dut/lfnst_grid_reg[39][2]","lfnst_grid_reg","FDCE","SLICE_X54Y158","SLICEL.BFF","SLICE_X54Y158","SLICEL","CLEL_R_X35Y158","204","84","","X1Y2",""
"u_dut/lfnst_grid_reg[39][3]","lfnst_grid_reg","FDCE","SLICE_X55Y163","SLICEM.GFF","SLICE_X55Y163","SLICEM","CLEM_X36Y163","207","79","","X1Y2",""
"u_dut/lfnst_grid_reg[39][4]","lfnst_grid_reg","FDCE","SLICE_X54Y155","SLICEL.AFF","SLICE_X54Y155","SLICEL","CLEL_R_X35Y155","204","87","","X1Y2",""
"u_dut/lfnst_grid_reg[39][5]","lfnst_grid_reg","FDCE","SLICE_X61Y154","SLICEM.FFF","SLICE_X61Y154","SLICEM","CLEM_X40Y154","225","88","","X2Y2",""
"u_dut/lfnst_grid_reg[39][6]","lfnst_grid_reg","FDCE","SLICE_X63Y158","SLICEL.BFF","SLICE_X63Y158","SLICEL","CLEL_R_X41Y158","231","84","","X2Y2",""
"u_dut/lfnst_grid_reg[39][7]","lfnst_grid_reg","FDCE","SLICE_X63Y158","SLICEL.AFF","SLICE_X63Y158","SLICEL","CLEL_R_X41Y158","231","84","","X2Y2",""
"u_dut/lfnst_grid_reg[39][8]","lfnst_grid_reg","FDCE","SLICE_X64Y168","SLICEL.HFF","SLICE_X64Y168","SLICEL","CLEL_L_X42Y168","232","74","","X2Y2",""
"u_dut/lfnst_grid_reg[39][9]","lfnst_grid_reg","FDCE","SLICE_X64Y168","SLICEL.GFF","SLICE_X64Y168","SLICEL","CLEL_L_X42Y168","232","74","","X2Y2",""
"u_dut/lfnst_grid_reg[3][0]","lfnst_grid_reg","FDCE","SLICE_X56Y161","SLICEM.HFF2","SLICE_X56Y161","SLICEM","CLEM_X37Y161","211","81","","X2Y2",""
"u_dut/lfnst_grid_reg[3][10]","lfnst_grid_reg","FDCE","SLICE_X56Y161","SLICEM.HFF","SLICE_X56Y161","SLICEM","CLEM_X37Y161","211","81","","X2Y2",""
"u_dut/lfnst_grid_reg[3][11]","lfnst_grid_reg","FDCE","SLICE_X63Y153","SLICEL.DFF","SLICE_X63Y153","SLICEL","CLEL_R_X41Y153","231","89","","X2Y2",""
"u_dut/lfnst_grid_reg[3][12]","lfnst_grid_reg","FDCE","SLICE_X61Y165","SLICEM.HFF","SLICE_X61Y165","SLICEM","CLEM_X40Y165","225","77","","X2Y2",""
"u_dut/lfnst_grid_reg[3][13]","lfnst_grid_reg","FDCE","SLICE_X63Y153","SLICEL.CFF","SLICE_X63Y153","SLICEL","CLEL_R_X41Y153","231","89","","X2Y2",""
"u_dut/lfnst_grid_reg[3][14]","lfnst_grid_reg","FDCE","SLICE_X63Y153","SLICEL.BFF","SLICE_X63Y153","SLICEL","CLEL_R_X41Y153","231","89","","X2Y2",""
"u_dut/lfnst_grid_reg[3][15]","lfnst_grid_reg","FDCE","SLICE_X61Y152","SLICEM.DFF","SLICE_X61Y152","SLICEM","CLEM_X40Y152","225","90","","X2Y2",""
"u_dut/lfnst_grid_reg[3][1]","lfnst_grid_reg","FDCE","SLICE_X61Y152","SLICEM.CFF","SLICE_X61Y152","SLICEM","CLEM_X40Y152","225","90","","X2Y2",""
"u_dut/lfnst_grid_reg[3][2]","lfnst_grid_reg","FDCE","SLICE_X54Y151","SLICEL.BFF","SLICE_X54Y151","SLICEL","CLEL_R_X35Y151","204","91","","X1Y2",""
"u_dut/lfnst_grid_reg[3][3]","lfnst_grid_reg","FDCE","SLICE_X54Y151","SLICEL.AFF","SLICE_X54Y151","SLICEL","CLEL_R_X35Y151","204","91","","X1Y2",""
"u_dut/lfnst_grid_reg[3][4]","lfnst_grid_reg","FDCE","SLICE_X64Y155","SLICEL.HFF","SLICE_X64Y155","SLICEL","CLEL_L_X42Y155","232","87","","X2Y2",""
"u_dut/lfnst_grid_reg[3][5]","lfnst_grid_reg","FDCE","SLICE_X64Y155","SLICEL.GFF","SLICE_X64Y155","SLICEL","CLEL_L_X42Y155","232","87","","X2Y2",""
"u_dut/lfnst_grid_reg[3][6]","lfnst_grid_reg","FDCE","SLICE_X65Y162","SLICEL.DFF","SLICE_X65Y162","SLICEL","CLEL_R_X42Y162","234","80","","X2Y2",""
"u_dut/lfnst_grid_reg[3][7]","lfnst_grid_reg","FDCE","SLICE_X65Y162","SLICEL.CFF","SLICE_X65Y162","SLICEL","CLEL_R_X42Y162","234","80","","X2Y2",""
"u_dut/lfnst_grid_reg[3][8]","lfnst_grid_reg","FDCE","SLICE_X67Y162","SLICEM.DFF","SLICE_X67Y162","SLICEM","CLEM_X44Y162","241","80","","X2Y2",""
"u_dut/lfnst_grid_reg[3][9]","lfnst_grid_reg","FDCE","SLICE_X64Y165","SLICEL.HFF","SLICE_X64Y165","SLICEL","CLEL_L_X42Y165","232","77","","X2Y2",""
"u_dut/lfnst_grid_reg[40][0]","lfnst_grid_reg","FDCE","SLICE_X55Y158","SLICEM.AFF","SLICE_X55Y158","SLICEM","CLEM_X36Y158","207","84","","X1Y2",""
"u_dut/lfnst_grid_reg[40][10]","lfnst_grid_reg","FDCE","SLICE_X61Y155","SLICEM.DFF","SLICE_X61Y155","SLICEM","CLEM_X40Y155","225","87","","X2Y2",""
"u_dut/lfnst_grid_reg[40][11]","lfnst_grid_reg","FDCE","SLICE_X58Y165","SLICEM.HFF","SLICE_X58Y165","SLICEM","CLEM_X38Y165","216","77","","X2Y2",""
"u_dut/lfnst_grid_reg[40][12]","lfnst_grid_reg","FDCE","SLICE_X59Y157","SLICEL.BFF","SLICE_X59Y157","SLICEL","CLEL_R_X38Y157","218","85","","X2Y2",""
"u_dut/lfnst_grid_reg[40][13]","lfnst_grid_reg","FDCE","SLICE_X61Y155","SLICEM.CFF","SLICE_X61Y155","SLICEM","CLEM_X40Y155","225","87","","X2Y2",""
"u_dut/lfnst_grid_reg[40][14]","lfnst_grid_reg","FDCE","SLICE_X56Y154","SLICEM.BFF","SLICE_X56Y154","SLICEM","CLEM_X37Y154","211","88","","X2Y2",""
"u_dut/lfnst_grid_reg[40][15]","lfnst_grid_reg","FDCE","SLICE_X55Y158","SLICEM.BFF","SLICE_X55Y158","SLICEM","CLEM_X36Y158","207","84","","X1Y2",""
"u_dut/lfnst_grid_reg[40][1]","lfnst_grid_reg","FDCE","SLICE_X57Y152","SLICEL.DFF","SLICE_X57Y152","SLICEL","CLEL_R_X37Y152","213","90","","X2Y2",""
"u_dut/lfnst_grid_reg[40][2]","lfnst_grid_reg","FDCE","SLICE_X55Y155","SLICEM.DFF","SLICE_X55Y155","SLICEM","CLEM_X36Y155","207","87","","X1Y2",""
"u_dut/lfnst_grid_reg[40][3]","lfnst_grid_reg","FDCE","SLICE_X57Y152","SLICEL.CFF","SLICE_X57Y152","SLICEL","CLEL_R_X37Y152","213","90","","X2Y2",""
"u_dut/lfnst_grid_reg[40][4]","lfnst_grid_reg","FDCE","SLICE_X55Y155","SLICEM.CFF","SLICE_X55Y155","SLICEM","CLEM_X36Y155","207","87","","X1Y2",""
"u_dut/lfnst_grid_reg[40][5]","lfnst_grid_reg","FDCE","SLICE_X59Y157","SLICEL.AFF","SLICE_X59Y157","SLICEL","CLEL_R_X38Y157","218","85","","X2Y2",""
"u_dut/lfnst_grid_reg[40][6]","lfnst_grid_reg","FDCE","SLICE_X62Y156","SLICEM.BFF","SLICE_X62Y156","SLICEM","CLEM_X41Y156","229","86","","X2Y2",""
"u_dut/lfnst_grid_reg[40][7]","lfnst_grid_reg","FDCE","SLICE_X67Y162","SLICEM.HFF","SLICE_X67Y162","SLICEM","CLEM_X44Y162","241","80","","X2Y2",""
"u_dut/lfnst_grid_reg[40][8]","lfnst_grid_reg","FDCE","SLICE_X63Y161","SLICEL.BFF","SLICE_X63Y161","SLICEL","CLEL_R_X41Y161","231","81","","X2Y2",""
"u_dut/lfnst_grid_reg[40][9]","lfnst_grid_reg","FDCE","SLICE_X63Y161","SLICEL.AFF","SLICE_X63Y161","SLICEL","CLEL_R_X41Y161","231","81","","X2Y2",""
"u_dut/lfnst_grid_reg[41][0]","lfnst_grid_reg","FDCE","SLICE_X58Y158","SLICEM.AFF","SLICE_X58Y158","SLICEM","CLEM_X38Y158","216","84","","X2Y2",""
"u_dut/lfnst_grid_reg[41][10]","lfnst_grid_reg","FDCE","SLICE_X61Y161","SLICEM.DFF","SLICE_X61Y161","SLICEM","CLEM_X40Y161","225","81","","X2Y2",""
"u_dut/lfnst_grid_reg[41][11]","lfnst_grid_reg","FDCE","SLICE_X59Y165","SLICEL.DFF","SLICE_X59Y165","SLICEL","CLEL_R_X38Y165","218","77","","X2Y2",""
"u_dut/lfnst_grid_reg[41][12]","lfnst_grid_reg","FDCE","SLICE_X58Y158","SLICEM.DFF","SLICE_X58Y158","SLICEM","CLEM_X38Y158","216","84","","X2Y2",""
"u_dut/lfnst_grid_reg[41][13]","lfnst_grid_reg","FDCE","SLICE_X58Y158","SLICEM.CFF","SLICE_X58Y158","SLICEM","CLEM_X38Y158","216","84","","X2Y2",""
"u_dut/lfnst_grid_reg[41][14]","lfnst_grid_reg","FDCE","SLICE_X58Y153","SLICEM.DFF","SLICE_X58Y153","SLICEM","CLEM_X38Y153","216","89","","X2Y2",""
"u_dut/lfnst_grid_reg[41][15]","lfnst_grid_reg","FDCE","SLICE_X55Y159","SLICEM.HFF","SLICE_X55Y159","SLICEM","CLEM_X36Y159","207","83","","X1Y2",""
"u_dut/lfnst_grid_reg[41][1]","lfnst_grid_reg","FDCE","SLICE_X58Y153","SLICEM.CFF","SLICE_X58Y153","SLICEM","CLEM_X38Y153","216","89","","X2Y2",""
"u_dut/lfnst_grid_reg[41][2]","lfnst_grid_reg","FDCE","SLICE_X55Y159","SLICEM.GFF","SLICE_X55Y159","SLICEM","CLEM_X36Y159","207","83","","X1Y2",""
"u_dut/lfnst_grid_reg[41][3]","lfnst_grid_reg","FDCE","SLICE_X58Y153","SLICEM.BFF","SLICE_X58Y153","SLICEM","CLEM_X38Y153","216","89","","X2Y2",""
"u_dut/lfnst_grid_reg[41][4]","lfnst_grid_reg","FDCE","SLICE_X58Y158","SLICEM.BFF","SLICE_X58Y158","SLICEM","CLEM_X38Y158","216","84","","X2Y2",""
"u_dut/lfnst_grid_reg[41][5]","lfnst_grid_reg","FDCE","SLICE_X59Y158","SLICEL.BFF","SLICE_X59Y158","SLICEL","CLEL_R_X38Y158","218","84","","X2Y2",""
"u_dut/lfnst_grid_reg[41][6]","lfnst_grid_reg","FDCE","SLICE_X59Y158","SLICEL.AFF","SLICE_X59Y158","SLICEL","CLEL_R_X38Y158","218","84","","X2Y2",""
"u_dut/lfnst_grid_reg[41][7]","lfnst_grid_reg","FDCE","SLICE_X61Y161","SLICEM.CFF","SLICE_X61Y161","SLICEM","CLEM_X40Y161","225","81","","X2Y2",""
"u_dut/lfnst_grid_reg[41][8]","lfnst_grid_reg","FDCE","SLICE_X61Y161","SLICEM.BFF","SLICE_X61Y161","SLICEM","CLEM_X40Y161","225","81","","X2Y2",""
"u_dut/lfnst_grid_reg[41][9]","lfnst_grid_reg","FDCE","SLICE_X61Y161","SLICEM.AFF","SLICE_X61Y161","SLICEM","CLEM_X40Y161","225","81","","X2Y2",""
"u_dut/lfnst_grid_reg[42][0]","lfnst_grid_reg","FDCE","SLICE_X53Y159","SLICEM.GFF","SLICE_X53Y159","SLICEM","CLEM_X35Y159","202","83","","X1Y2",""
"u_dut/lfnst_grid_reg[42][10]","lfnst_grid_reg","FDCE","SLICE_X58Y159","SLICEM.HFF","SLICE_X58Y159","SLICEM","CLEM_X38Y159","216","83","","X2Y2",""
"u_dut/lfnst_grid_reg[42][11]","lfnst_grid_reg","FDCE","SLICE_X59Y163","SLICEL.DFF","SLICE_X59Y163","SLICEL","CLEL_R_X38Y163","218","79","","X2Y2",""
"u_dut/lfnst_grid_reg[42][12]","lfnst_grid_reg","FDCE","SLICE_X58Y159","SLICEM.GFF","SLICE_X58Y159","SLICEM","CLEM_X38Y159","216","83","","X2Y2",""
"u_dut/lfnst_grid_reg[42][13]","lfnst_grid_reg","FDCE","SLICE_X53Y157","SLICEM.HFF","SLICE_X53Y157","SLICEM","CLEM_X35Y157","202","85","","X1Y2",""
"u_dut/lfnst_grid_reg[42][14]","lfnst_grid_reg","FDCE","SLICE_X56Y154","SLICEM.HFF","SLICE_X56Y154","SLICEM","CLEM_X37Y154","211","88","","X2Y2",""
"u_dut/lfnst_grid_reg[42][15]","lfnst_grid_reg","FDCE","SLICE_X53Y159","SLICEM.HFF","SLICE_X53Y159","SLICEM","CLEM_X35Y159","202","83","","X1Y2",""
"u_dut/lfnst_grid_reg[42][1]","lfnst_grid_reg","FDCE","SLICE_X56Y154","SLICEM.GFF","SLICE_X56Y154","SLICEM","CLEM_X37Y154","211","88","","X2Y2",""
"u_dut/lfnst_grid_reg[42][2]","lfnst_grid_reg","FDCE","SLICE_X53Y157","SLICEM.GFF","SLICE_X53Y157","SLICEM","CLEM_X35Y157","202","85","","X1Y2",""
"u_dut/lfnst_grid_reg[42][3]","lfnst_grid_reg","FDCE","SLICE_X56Y154","SLICEM.FFF","SLICE_X56Y154","SLICEM","CLEM_X37Y154","211","88","","X2Y2",""
"u_dut/lfnst_grid_reg[42][4]","lfnst_grid_reg","FDCE","SLICE_X58Y157","SLICEM.FFF","SLICE_X58Y157","SLICEM","CLEM_X38Y157","216","85","","X2Y2",""
"u_dut/lfnst_grid_reg[42][5]","lfnst_grid_reg","FDCE","SLICE_X59Y163","SLICEL.CFF","SLICE_X59Y163","SLICEL","CLEL_R_X38Y163","218","79","","X2Y2",""
"u_dut/lfnst_grid_reg[42][6]","lfnst_grid_reg","FDCE","SLICE_X62Y159","SLICEM.HFF","SLICE_X62Y159","SLICEM","CLEM_X41Y159","229","83","","X2Y2",""
"u_dut/lfnst_grid_reg[42][7]","lfnst_grid_reg","FDCE","SLICE_X62Y159","SLICEM.GFF","SLICE_X62Y159","SLICEM","CLEM_X41Y159","229","83","","X2Y2",""
"u_dut/lfnst_grid_reg[42][8]","lfnst_grid_reg","FDCE","SLICE_X59Y158","SLICEL.EFF","SLICE_X59Y158","SLICEL","CLEL_R_X38Y158","218","84","","X2Y2",""
"u_dut/lfnst_grid_reg[42][9]","lfnst_grid_reg","FDCE","SLICE_X58Y159","SLICEM.FFF","SLICE_X58Y159","SLICEM","CLEM_X38Y159","216","83","","X2Y2",""
"u_dut/lfnst_grid_reg[43][0]","lfnst_grid_reg","FDCE","SLICE_X60Y157","SLICEL.EFF","SLICE_X60Y157","SLICEL","CLEL_R_X39Y157","222","85","","X2Y2",""
"u_dut/lfnst_grid_reg[43][10]","lfnst_grid_reg","FDCE","SLICE_X61Y157","SLICEM.FFF","SLICE_X61Y157","SLICEM","CLEM_X40Y157","225","85","","X2Y2",""
"u_dut/lfnst_grid_reg[43][11]","lfnst_grid_reg","FDCE","SLICE_X59Y167","SLICEL.HFF","SLICE_X59Y167","SLICEL","CLEL_R_X38Y167","218","75","","X2Y2",""
"u_dut/lfnst_grid_reg[43][12]","lfnst_grid_reg","FDCE","SLICE_X60Y161","SLICEL.HFF","SLICE_X60Y161","SLICEL","CLEL_R_X39Y161","222","81","","X2Y2",""
"u_dut/lfnst_grid_reg[43][13]","lfnst_grid_reg","FDCE","SLICE_X60Y157","SLICEL.HFF","SLICE_X60Y157","SLICEL","CLEL_R_X39Y157","222","85","","X2Y2",""
"u_dut/lfnst_grid_reg[43][14]","lfnst_grid_reg","FDCE","SLICE_X54Y157","SLICEL.DFF","SLICE_X54Y157","SLICEL","CLEL_R_X35Y157","204","85","","X1Y2",""
"u_dut/lfnst_grid_reg[43][15]","lfnst_grid_reg","FDCE","SLICE_X53Y159","SLICEM.DFF","SLICE_X53Y159","SLICEM","CLEM_X35Y159","202","83","","X1Y2",""
"u_dut/lfnst_grid_reg[43][1]","lfnst_grid_reg","FDCE","SLICE_X57Y153","SLICEL.BFF","SLICE_X57Y153","SLICEL","CLEL_R_X37Y153","213","89","","X2Y2",""
"u_dut/lfnst_grid_reg[43][2]","lfnst_grid_reg","FDCE","SLICE_X54Y157","SLICEL.CFF","SLICE_X54Y157","SLICEL","CLEL_R_X35Y157","204","85","","X1Y2",""
"u_dut/lfnst_grid_reg[43][3]","lfnst_grid_reg","FDCE","SLICE_X57Y153","SLICEL.AFF","SLICE_X57Y153","SLICEL","CLEL_R_X37Y153","213","89","","X2Y2",""
"u_dut/lfnst_grid_reg[43][4]","lfnst_grid_reg","FDCE","SLICE_X54Y157","SLICEL.BFF","SLICE_X54Y157","SLICEL","CLEL_R_X35Y157","204","85","","X1Y2",""
"u_dut/lfnst_grid_reg[43][5]","lfnst_grid_reg","FDCE","SLICE_X60Y157","SLICEL.GFF","SLICE_X60Y157","SLICEL","CLEL_R_X39Y157","222","85","","X2Y2",""
"u_dut/lfnst_grid_reg[43][6]","lfnst_grid_reg","FDCE","SLICE_X60Y157","SLICEL.FFF","SLICE_X60Y157","SLICEL","CLEL_R_X39Y157","222","85","","X2Y2",""
"u_dut/lfnst_grid_reg[43][7]","lfnst_grid_reg","FDCE","SLICE_X69Y161","SLICEL.DFF","SLICE_X69Y161","SLICEL","CLEL_L_X45Y161","244","81","","X2Y2",""
"u_dut/lfnst_grid_reg[43][8]","lfnst_grid_reg","FDCE","SLICE_X60Y161","SLICEL.GFF","SLICE_X60Y161","SLICEL","CLEL_R_X39Y161","222","81","","X2Y2",""
"u_dut/lfnst_grid_reg[43][9]","lfnst_grid_reg","FDCE","SLICE_X60Y161","SLICEL.FFF","SLICE_X60Y161","SLICEL","CLEL_R_X39Y161","222","81","","X2Y2",""
"u_dut/lfnst_grid_reg[44][0]","lfnst_grid_reg","FDCE","SLICE_X57Y159","SLICEL.CFF","SLICE_X57Y159","SLICEL","CLEL_R_X37Y159","213","83","","X2Y2",""
"u_dut/lfnst_grid_reg[44][10]","lfnst_grid_reg","FDCE","SLICE_X57Y157","SLICEL.HFF","SLICE_X57Y157","SLICEL","CLEL_R_X37Y157","213","85","","X2Y2",""
"u_dut/lfnst_grid_reg[44][11]","lfnst_grid_reg","FDCE","SLICE_X59Y169","SLICEL.DFF","SLICE_X59Y169","SLICEL","CLEL_R_X38Y169","218","73","","X2Y2",""
"u_dut/lfnst_grid_reg[44][12]","lfnst_grid_reg","FDCE","SLICE_X63Y155","SLICEL.HFF","SLICE_X63Y155","SLICEL","CLEL_R_X41Y155","231","87","","X2Y2",""
"u_dut/lfnst_grid_reg[44][13]","lfnst_grid_reg","FDCE","SLICE_X60Y150","SLICEL.HFF","SLICE_X60Y150","SLICEL","CLEL_R_X39Y150","222","92","","X2Y2",""
"u_dut/lfnst_grid_reg[44][14]","lfnst_grid_reg","FDCE","SLICE_X55Y154","SLICEM.DFF","SLICE_X55Y154","SLICEM","CLEM_X36Y154","207","88","","X1Y2",""
"u_dut/lfnst_grid_reg[44][15]","lfnst_grid_reg","FDCE","SLICE_X57Y159","SLICEL.DFF","SLICE_X57Y159","SLICEL","CLEL_R_X37Y159","213","83","","X2Y2",""
"u_dut/lfnst_grid_reg[44][1]","lfnst_grid_reg","FDCE","SLICE_X55Y154","SLICEM.CFF","SLICE_X55Y154","SLICEM","CLEM_X36Y154","207","88","","X1Y2",""
"u_dut/lfnst_grid_reg[44][2]","lfnst_grid_reg","FDCE","SLICE_X55Y154","SLICEM.BFF","SLICE_X55Y154","SLICEM","CLEM_X36Y154","207","88","","X1Y2",""
"u_dut/lfnst_grid_reg[44][3]","lfnst_grid_reg","FDCE","SLICE_X59Y149","SLICEL.BFF","SLICE_X59Y149","SLICEL","CLEL_R_X38Y149","218","94","","X2Y2",""
"u_dut/lfnst_grid_reg[44][4]","lfnst_grid_reg","FDCE","SLICE_X57Y157","SLICEL.GFF","SLICE_X57Y157","SLICEL","CLEL_R_X37Y157","213","85","","X2Y2",""
"u_dut/lfnst_grid_reg[44][5]","lfnst_grid_reg","FDCE","SLICE_X57Y157","SLICEL.FFF","SLICE_X57Y157","SLICEL","CLEL_R_X37Y157","213","85","","X2Y2",""
"u_dut/lfnst_grid_reg[44][6]","lfnst_grid_reg","FDCE","SLICE_X65Y155","SLICEL.DFF","SLICE_X65Y155","SLICEL","CLEL_R_X42Y155","234","87","","X2Y2",""
"u_dut/lfnst_grid_reg[44][7]","lfnst_grid_reg","FDCE","SLICE_X66Y162","SLICEM.FFF","SLICE_X66Y162","SLICEM","CLEM_X43Y162","237","80","","X2Y2",""
"u_dut/lfnst_grid_reg[44][8]","lfnst_grid_reg","FDCE","SLICE_X66Y162","SLICEM.EFF","SLICE_X66Y162","SLICEM","CLEM_X43Y162","237","80","","X2Y2",""
"u_dut/lfnst_grid_reg[44][9]","lfnst_grid_reg","FDCE","SLICE_X63Y164","SLICEL.HFF","SLICE_X63Y164","SLICEL","CLEL_R_X41Y164","231","78","","X2Y2",""
"u_dut/lfnst_grid_reg[45][0]","lfnst_grid_reg","FDCE","SLICE_X62Y165","SLICEM.AFF","SLICE_X62Y165","SLICEM","CLEM_X41Y165","229","77","","X2Y2",""
"u_dut/lfnst_grid_reg[45][10]","lfnst_grid_reg","FDCE","SLICE_X62Y165","SLICEM.DFF","SLICE_X62Y165","SLICEM","CLEM_X41Y165","229","77","","X2Y2",""
"u_dut/lfnst_grid_reg[45][11]","lfnst_grid_reg","FDCE","SLICE_X60Y167","SLICEL.HFF","SLICE_X60Y167","SLICEL","CLEL_R_X39Y167","222","75","","X2Y2",""
"u_dut/lfnst_grid_reg[45][12]","lfnst_grid_reg","FDCE","SLICE_X61Y160","SLICEM.BFF","SLICE_X61Y160","SLICEM","CLEM_X40Y160","225","82","","X2Y2",""
"u_dut/lfnst_grid_reg[45][13]","lfnst_grid_reg","FDCE","SLICE_X60Y164","SLICEL.HFF","SLICE_X60Y164","SLICEL","CLEL_R_X39Y164","222","78","","X2Y2",""
"u_dut/lfnst_grid_reg[45][14]","lfnst_grid_reg","FDCE","SLICE_X57Y160","SLICEL.DFF","SLICE_X57Y160","SLICEL","CLEL_R_X37Y160","213","82","","X2Y2",""
"u_dut/lfnst_grid_reg[45][15]","lfnst_grid_reg","FDCE","SLICE_X57Y160","SLICEL.CFF","SLICE_X57Y160","SLICEL","CLEL_R_X37Y160","213","82","","X2Y2",""
"u_dut/lfnst_grid_reg[45][1]","lfnst_grid_reg","FDCE","SLICE_X57Y160","SLICEL.BFF","SLICE_X57Y160","SLICEL","CLEL_R_X37Y160","213","82","","X2Y2",""
"u_dut/lfnst_grid_reg[45][2]","lfnst_grid_reg","FDCE","SLICE_X57Y160","SLICEL.AFF","SLICE_X57Y160","SLICEL","CLEL_R_X37Y160","213","82","","X2Y2",""
"u_dut/lfnst_grid_reg[45][3]","lfnst_grid_reg","FDCE","SLICE_X62Y165","SLICEM.CFF","SLICE_X62Y165","SLICEM","CLEM_X41Y165","229","77","","X2Y2",""
"u_dut/lfnst_grid_reg[45][4]","lfnst_grid_reg","FDCE","SLICE_X62Y165","SLICEM.BFF","SLICE_X62Y165","SLICEM","CLEM_X41Y165","229","77","","X2Y2",""
"u_dut/lfnst_grid_reg[45][5]","lfnst_grid_reg","FDCE","SLICE_X61Y160","SLICEM.AFF","SLICE_X61Y160","SLICEM","CLEM_X40Y160","225","82","","X2Y2",""
"u_dut/lfnst_grid_reg[45][6]","lfnst_grid_reg","FDCE","SLICE_X64Y164","SLICEL.HFF","SLICE_X64Y164","SLICEL","CLEL_L_X42Y164","232","78","","X2Y2",""
"u_dut/lfnst_grid_reg[45][7]","lfnst_grid_reg","FDCE","SLICE_X64Y164","SLICEL.GFF","SLICE_X64Y164","SLICEL","CLEL_L_X42Y164","232","78","","X2Y2",""
"u_dut/lfnst_grid_reg[45][8]","lfnst_grid_reg","FDCE","SLICE_X64Y164","SLICEL.FFF","SLICE_X64Y164","SLICEL","CLEL_L_X42Y164","232","78","","X2Y2",""
"u_dut/lfnst_grid_reg[45][9]","lfnst_grid_reg","FDCE","SLICE_X64Y164","SLICEL.EFF","SLICE_X64Y164","SLICEL","CLEL_L_X42Y164","232","78","","X2Y2",""
"u_dut/lfnst_grid_reg[46][0]","lfnst_grid_reg","FDCE","SLICE_X56Y160","SLICEM.GFF","SLICE_X56Y160","SLICEM","CLEM_X37Y160","211","82","","X2Y2",""
"u_dut/lfnst_grid_reg[46][10]","lfnst_grid_reg","FDCE","SLICE_X62Y157","SLICEM.DFF","SLICE_X62Y157","SLICEM","CLEM_X41Y157","229","85","","X2Y2",""
"u_dut/lfnst_grid_reg[46][11]","lfnst_grid_reg","FDCE","SLICE_X59Y166","SLICEL.HFF","SLICE_X59Y166","SLICEL","CLEL_R_X38Y166","218","76","","X2Y2",""
"u_dut/lfnst_grid_reg[46][12]","lfnst_grid_reg","FDCE","SLICE_X59Y166","SLICEL.GFF","SLICE_X59Y166","SLICEL","CLEL_R_X38Y166","218","76","","X2Y2",""
"u_dut/lfnst_grid_reg[46][13]","lfnst_grid_reg","FDCE","SLICE_X57Y159","SLICEL.GFF","SLICE_X57Y159","SLICEL","CLEL_R_X37Y159","213","83","","X2Y2",""
"u_dut/lfnst_grid_reg[46][14]","lfnst_grid_reg","FDCE","SLICE_X56Y160","SLICEM.HFF","SLICE_X56Y160","SLICEM","CLEM_X37Y160","211","82","","X2Y2",""
"u_dut/lfnst_grid_reg[46][15]","lfnst_grid_reg","FDCE","SLICE_X52Y159","SLICEM.HFF","SLICE_X52Y159","SLICEM","CLEM_X34Y159","198","83","","X1Y2",""
"u_dut/lfnst_grid_reg[46][1]","lfnst_grid_reg","FDCE","SLICE_X53Y154","SLICEM.HFF","SLICE_X53Y154","SLICEM","CLEM_X35Y154","202","88","","X1Y2",""
"u_dut/lfnst_grid_reg[46][2]","lfnst_grid_reg","FDCE","SLICE_X53Y154","SLICEM.GFF","SLICE_X53Y154","SLICEM","CLEM_X35Y154","202","88","","X1Y2",""
"u_dut/lfnst_grid_reg[46][3]","lfnst_grid_reg","FDCE","SLICE_X53Y154","SLICEM.FFF","SLICE_X53Y154","SLICEM","CLEM_X35Y154","202","88","","X1Y2",""
"u_dut/lfnst_grid_reg[46][4]","lfnst_grid_reg","FDCE","SLICE_X62Y157","SLICEM.CFF","SLICE_X62Y157","SLICEM","CLEM_X41Y157","229","85","","X2Y2",""
"u_dut/lfnst_grid_reg[46][5]","lfnst_grid_reg","FDCE","SLICE_X62Y157","SLICEM.BFF","SLICE_X62Y157","SLICEM","CLEM_X41Y157","229","85","","X2Y2",""
"u_dut/lfnst_grid_reg[46][6]","lfnst_grid_reg","FDCE","SLICE_X65Y155","SLICEL.GFF","SLICE_X65Y155","SLICEL","CLEL_R_X42Y155","234","87","","X2Y2",""
"u_dut/lfnst_grid_reg[46][7]","lfnst_grid_reg","FDCE","SLICE_X68Y161","SLICEL.DFF","SLICE_X68Y161","SLICEL","CLEL_R_X44Y161","243","81","","X2Y2",""
"u_dut/lfnst_grid_reg[46][8]","lfnst_grid_reg","FDCE","SLICE_X68Y161","SLICEL.CFF","SLICE_X68Y161","SLICEL","CLEL_R_X44Y161","243","81","","X2Y2",""
"u_dut/lfnst_grid_reg[46][9]","lfnst_grid_reg","FDCE","SLICE_X68Y161","SLICEL.BFF","SLICE_X68Y161","SLICEL","CLEL_R_X44Y161","243","81","","X2Y2",""
"u_dut/lfnst_grid_reg[47][0]","lfnst_grid_reg","FDCE","SLICE_X54Y160","SLICEL.CFF","SLICE_X54Y160","SLICEL","CLEL_R_X35Y160","204","82","","X1Y2",""
"u_dut/lfnst_grid_reg[47][10]","lfnst_grid_reg","FDCE","SLICE_X61Y156","SLICEM.HFF","SLICE_X61Y156","SLICEM","CLEM_X40Y156","225","86","","X2Y2",""
"u_dut/lfnst_grid_reg[47][11]","lfnst_grid_reg","FDCE","SLICE_X58Y165","SLICEM.DFF","SLICE_X58Y165","SLICEM","CLEM_X38Y165","216","77","","X2Y2",""
"u_dut/lfnst_grid_reg[47][12]","lfnst_grid_reg","FDCE","SLICE_X62Y157","SLICEM.HFF","SLICE_X62Y157","SLICEM","CLEM_X41Y157","229","85","","X2Y2",""
"u_dut/lfnst_grid_reg[47][13]","lfnst_grid_reg","FDCE","SLICE_X57Y154","SLICEL.HFF","SLICE_X57Y154","SLICEL","CLEL_R_X37Y154","213","88","","X2Y2",""
"u_dut/lfnst_grid_reg[47][14]","lfnst_grid_reg","FDCE","SLICE_X57Y154","SLICEL.GFF","SLICE_X57Y154","SLICEL","CLEL_R_X37Y154","213","88","","X2Y2",""
"u_dut/lfnst_grid_reg[47][15]","lfnst_grid_reg","FDCE","SLICE_X54Y160","SLICEL.DFF","SLICE_X54Y160","SLICEL","CLEL_R_X35Y160","204","82","","X1Y2",""
"u_dut/lfnst_grid_reg[47][1]","lfnst_grid_reg","FDCE","SLICE_X56Y151","SLICEM.HFF","SLICE_X56Y151","SLICEM","CLEM_X37Y151","211","91","","X2Y2",""
"u_dut/lfnst_grid_reg[47][2]","lfnst_grid_reg","FDCE","SLICE_X54Y157","SLICEL.HFF","SLICE_X54Y157","SLICEL","CLEL_R_X35Y157","204","85","","X1Y2",""
"u_dut/lfnst_grid_reg[47][3]","lfnst_grid_reg","FDCE","SLICE_X56Y151","SLICEM.GFF","SLICE_X56Y151","SLICEM","CLEM_X37Y151","211","91","","X2Y2",""
"u_dut/lfnst_grid_reg[47][4]","lfnst_grid_reg","FDCE","SLICE_X54Y157","SLICEL.GFF","SLICE_X54Y157","SLICEL","CLEL_R_X35Y157","204","85","","X1Y2",""
"u_dut/lfnst_grid_reg[47][5]","lfnst_grid_reg","FDCE","SLICE_X61Y156","SLICEM.GFF","SLICE_X61Y156","SLICEM","CLEM_X40Y156","225","86","","X2Y2",""
"u_dut/lfnst_grid_reg[47][6]","lfnst_grid_reg","FDCE","SLICE_X62Y157","SLICEM.GFF","SLICE_X62Y157","SLICEM","CLEM_X41Y157","229","85","","X2Y2",""
"u_dut/lfnst_grid_reg[47][7]","lfnst_grid_reg","FDCE","SLICE_X68Y161","SLICEL.HFF","SLICE_X68Y161","SLICEL","CLEL_R_X44Y161","243","81","","X2Y2",""
"u_dut/lfnst_grid_reg[47][8]","lfnst_grid_reg","FDCE","SLICE_X68Y161","SLICEL.GFF","SLICE_X68Y161","SLICEL","CLEL_R_X44Y161","243","81","","X2Y2",""
"u_dut/lfnst_grid_reg[47][9]","lfnst_grid_reg","FDCE","SLICE_X68Y161","SLICEL.FFF","SLICE_X68Y161","SLICEL","CLEL_R_X44Y161","243","81","","X2Y2",""
"u_dut/lfnst_grid_reg[48][0]","lfnst_grid_reg","FDCE","SLICE_X56Y165","SLICEM.CFF","SLICE_X56Y165","SLICEM","CLEM_X37Y165","211","77","","X2Y2",""
"u_dut/lfnst_grid_reg[48][10]","lfnst_grid_reg","FDCE","SLICE_X59Y167","SLICEL.DFF","SLICE_X59Y167","SLICEL","CLEL_R_X38Y167","218","75","","X2Y2",""
"u_dut/lfnst_grid_reg[48][11]","lfnst_grid_reg","FDCE","SLICE_X59Y153","SLICEL.BFF","SLICE_X59Y153","SLICEL","CLEL_R_X38Y153","218","89","","X2Y2",""
"u_dut/lfnst_grid_reg[48][12]","lfnst_grid_reg","FDCE","SLICE_X59Y167","SLICEL.CFF","SLICE_X59Y167","SLICEL","CLEL_R_X38Y167","218","75","","X2Y2",""
"u_dut/lfnst_grid_reg[48][13]","lfnst_grid_reg","FDCE","SLICE_X56Y165","SLICEM.DFF","SLICE_X56Y165","SLICEM","CLEM_X37Y165","211","77","","X2Y2",""
"u_dut/lfnst_grid_reg[48][14]","lfnst_grid_reg","FDCE","SLICE_X54Y162","SLICEL.HFF","SLICE_X54Y162","SLICEL","CLEL_R_X35Y162","204","80","","X1Y2",""
"u_dut/lfnst_grid_reg[48][15]","lfnst_grid_reg","FDCE","SLICE_X53Y158","SLICEM.HFF","SLICE_X53Y158","SLICEM","CLEM_X35Y158","202","84","","X1Y2",""
"u_dut/lfnst_grid_reg[48][1]","lfnst_grid_reg","FDCE","SLICE_X53Y155","SLICEM.FFF","SLICE_X53Y155","SLICEM","CLEM_X35Y155","202","87","","X1Y2",""
"u_dut/lfnst_grid_reg[48][2]","lfnst_grid_reg","FDCE","SLICE_X53Y155","SLICEM.EFF","SLICE_X53Y155","SLICEM","CLEM_X35Y155","202","87","","X1Y2",""
"u_dut/lfnst_grid_reg[48][3]","lfnst_grid_reg","FDCE","SLICE_X58Y154","SLICEM.FFF","SLICE_X58Y154","SLICEM","CLEM_X38Y154","216","88","","X2Y2",""
"u_dut/lfnst_grid_reg[48][4]","lfnst_grid_reg","FDCE","SLICE_X59Y153","SLICEL.AFF","SLICE_X59Y153","SLICEL","CLEL_R_X38Y153","218","89","","X2Y2",""
"u_dut/lfnst_grid_reg[48][5]","lfnst_grid_reg","FDCE","SLICE_X58Y154","SLICEM.EFF","SLICE_X58Y154","SLICEM","CLEM_X38Y154","216","88","","X2Y2",""
"u_dut/lfnst_grid_reg[48][6]","lfnst_grid_reg","FDCE","SLICE_X66Y163","SLICEM.DFF","SLICE_X66Y163","SLICEM","CLEM_X43Y163","237","79","","X2Y2",""
"u_dut/lfnst_grid_reg[48][7]","lfnst_grid_reg","FDCE","SLICE_X66Y163","SLICEM.CFF","SLICE_X66Y163","SLICEM","CLEM_X43Y163","237","79","","X2Y2",""
"u_dut/lfnst_grid_reg[48][8]","lfnst_grid_reg","FDCE","SLICE_X64Y167","SLICEL.HFF","SLICE_X64Y167","SLICEL","CLEL_L_X42Y167","232","75","","X2Y2",""
"u_dut/lfnst_grid_reg[48][9]","lfnst_grid_reg","FDCE","SLICE_X64Y167","SLICEL.GFF","SLICE_X64Y167","SLICEL","CLEL_L_X42Y167","232","75","","X2Y2",""
"u_dut/lfnst_grid_reg[49][0]","lfnst_grid_reg","FDCE","SLICE_X55Y166","SLICEM.AFF","SLICE_X55Y166","SLICEM","CLEM_X36Y166","207","76","","X1Y2",""
"u_dut/lfnst_grid_reg[49][10]","lfnst_grid_reg","FDCE","SLICE_X60Y169","SLICEL.HFF","SLICE_X60Y169","SLICEL","CLEL_R_X39Y169","222","73","","X2Y2",""
"u_dut/lfnst_grid_reg[49][11]","lfnst_grid_reg","FDCE","SLICE_X60Y166","SLICEL.HFF","SLICE_X60Y166","SLICEL","CLEL_R_X39Y166","222","76","","X2Y2",""
"u_dut/lfnst_grid_reg[49][12]","lfnst_grid_reg","FDCE","SLICE_X60Y166","SLICEL.EFF","SLICE_X60Y166","SLICEL","CLEL_R_X39Y166","222","76","","X2Y2",""
"u_dut/lfnst_grid_reg[49][13]","lfnst_grid_reg","FDCE","SLICE_X55Y167","SLICEM.DFF","SLICE_X55Y167","SLICEM","CLEM_X36Y167","207","75","","X1Y2",""
"u_dut/lfnst_grid_reg[49][14]","lfnst_grid_reg","FDCE","SLICE_X55Y166","SLICEM.BFF","SLICE_X55Y166","SLICEM","CLEM_X36Y166","207","76","","X1Y2",""
"u_dut/lfnst_grid_reg[49][15]","lfnst_grid_reg","FDCE","SLICE_X56Y162","SLICEM.HFF","SLICE_X56Y162","SLICEM","CLEM_X37Y162","211","80","","X2Y2",""
"u_dut/lfnst_grid_reg[49][1]","lfnst_grid_reg","FDCE","SLICE_X57Y162","SLICEL.BFF","SLICE_X57Y162","SLICEL","CLEL_R_X37Y162","213","80","","X2Y2",""
"u_dut/lfnst_grid_reg[49][2]","lfnst_grid_reg","FDCE","SLICE_X56Y162","SLICEM.GFF","SLICE_X56Y162","SLICEM","CLEM_X37Y162","211","80","","X2Y2",""
"u_dut/lfnst_grid_reg[49][3]","lfnst_grid_reg","FDCE","SLICE_X57Y162","SLICEL.AFF","SLICE_X57Y162","SLICEL","CLEL_R_X37Y162","213","80","","X2Y2",""
"u_dut/lfnst_grid_reg[49][4]","lfnst_grid_reg","FDCE","SLICE_X60Y166","SLICEL.GFF","SLICE_X60Y166","SLICEL","CLEL_R_X39Y166","222","76","","X2Y2",""
"u_dut/lfnst_grid_reg[49][5]","lfnst_grid_reg","FDCE","SLICE_X62Y164","SLICEM.DFF","SLICE_X62Y164","SLICEM","CLEM_X41Y164","229","78","","X2Y2",""
"u_dut/lfnst_grid_reg[49][6]","lfnst_grid_reg","FDCE","SLICE_X62Y164","SLICEM.CFF","SLICE_X62Y164","SLICEM","CLEM_X41Y164","229","78","","X2Y2",""
"u_dut/lfnst_grid_reg[49][7]","lfnst_grid_reg","FDCE","SLICE_X62Y164","SLICEM.BFF","SLICE_X62Y164","SLICEM","CLEM_X41Y164","229","78","","X2Y2",""
"u_dut/lfnst_grid_reg[49][8]","lfnst_grid_reg","FDCE","SLICE_X62Y169","SLICEM.BFF","SLICE_X62Y169","SLICEM","CLEM_X41Y169","229","73","","X2Y2",""
"u_dut/lfnst_grid_reg[49][9]","lfnst_grid_reg","FDCE","SLICE_X62Y169","SLICEM.AFF","SLICE_X62Y169","SLICEM","CLEM_X41Y169","229","73","","X2Y2",""
"u_dut/lfnst_grid_reg[4][0]","lfnst_grid_reg","FDCE","SLICE_X56Y158","SLICEM.GFF","SLICE_X56Y158","SLICEM","CLEM_X37Y158","211","84","","X2Y2",""
"u_dut/lfnst_grid_reg[4][10]","lfnst_grid_reg","FDCE","SLICE_X60Y157","SLICEL.DFF","SLICE_X60Y157","SLICEL","CLEL_R_X39Y157","222","85","","X2Y2",""
"u_dut/lfnst_grid_reg[4][11]","lfnst_grid_reg","FDCE","SLICE_X64Y166","SLICEL.HFF","SLICE_X64Y166","SLICEL","CLEL_L_X42Y166","232","76","","X2Y2",""
"u_dut/lfnst_grid_reg[4][12]","lfnst_grid_reg","FDCE","SLICE_X61Y164","SLICEM.HFF","SLICE_X61Y164","SLICEM","CLEM_X40Y164","225","78","","X2Y2",""
"u_dut/lfnst_grid_reg[4][13]","lfnst_grid_reg","FDCE","SLICE_X56Y158","SLICEM.HFF","SLICE_X56Y158","SLICEM","CLEM_X37Y158","211","84","","X2Y2",""
"u_dut/lfnst_grid_reg[4][14]","lfnst_grid_reg","FDCE","SLICE_X64Y156","SLICEL.HFF","SLICE_X64Y156","SLICEL","CLEL_L_X42Y156","232","86","","X2Y2",""
"u_dut/lfnst_grid_reg[4][15]","lfnst_grid_reg","FDCE","SLICE_X61Y152","SLICEM.FFF","SLICE_X61Y152","SLICEM","CLEM_X40Y152","225","90","","X2Y2",""
"u_dut/lfnst_grid_reg[4][1]","lfnst_grid_reg","FDCE","SLICE_X58Y152","SLICEM.HFF","SLICE_X58Y152","SLICEM","CLEM_X38Y152","216","90","","X2Y2",""
"u_dut/lfnst_grid_reg[4][2]","lfnst_grid_reg","FDCE","SLICE_X58Y152","SLICEM.GFF","SLICE_X58Y152","SLICEM","CLEM_X38Y152","216","90","","X2Y2",""
"u_dut/lfnst_grid_reg[4][3]","lfnst_grid_reg","FDCE","SLICE_X53Y153","SLICEM.DFF","SLICE_X53Y153","SLICEM","CLEM_X35Y153","202","89","","X1Y2",""
"u_dut/lfnst_grid_reg[4][4]","lfnst_grid_reg","FDCE","SLICE_X64Y156","SLICEL.GFF","SLICE_X64Y156","SLICEL","CLEL_L_X42Y156","232","86","","X2Y2",""
"u_dut/lfnst_grid_reg[4][5]","lfnst_grid_reg","FDCE","SLICE_X60Y157","SLICEL.CFF","SLICE_X60Y157","SLICEL","CLEL_R_X39Y157","222","85","","X2Y2",""
"u_dut/lfnst_grid_reg[4][6]","lfnst_grid_reg","FDCE","SLICE_X64Y162","SLICEL.HFF","SLICE_X64Y162","SLICEL","CLEL_L_X42Y162","232","80","","X2Y2",""
"u_dut/lfnst_grid_reg[4][7]","lfnst_grid_reg","FDCE","SLICE_X64Y166","SLICEL.GFF","SLICE_X64Y166","SLICEL","CLEL_L_X42Y166","232","76","","X2Y2",""
"u_dut/lfnst_grid_reg[4][8]","lfnst_grid_reg","FDCE","SLICE_X64Y166","SLICEL.FFF","SLICE_X64Y166","SLICEL","CLEL_L_X42Y166","232","76","","X2Y2",""
"u_dut/lfnst_grid_reg[4][9]","lfnst_grid_reg","FDCE","SLICE_X64Y166","SLICEL.EFF","SLICE_X64Y166","SLICEL","CLEL_L_X42Y166","232","76","","X2Y2",""
"u_dut/lfnst_grid_reg[50][0]","lfnst_grid_reg","FDCE","SLICE_X55Y168","SLICEM.HFF","SLICE_X55Y168","SLICEM","CLEM_X36Y168","207","74","","X1Y2",""
"u_dut/lfnst_grid_reg[50][10]","lfnst_grid_reg","FDCE","SLICE_X60Y170","SLICEL.DFF","SLICE_X60Y170","SLICEL","CLEL_R_X39Y170","222","72","","X2Y2",""
"u_dut/lfnst_grid_reg[50][11]","lfnst_grid_reg","FDCE","SLICE_X57Y156","SLICEL.DFF","SLICE_X57Y156","SLICEL","CLEL_R_X37Y156","213","86","","X2Y2",""
"u_dut/lfnst_grid_reg[50][12]","lfnst_grid_reg","FDCE","SLICE_X58Y169","SLICEM.HFF","SLICE_X58Y169","SLICEM","CLEM_X38Y169","216","73","","X2Y2",""
"u_dut/lfnst_grid_reg[50][13]","lfnst_grid_reg","FDCE","SLICE_X54Y167","SLICEL.HFF","SLICE_X54Y167","SLICEL","CLEL_R_X35Y167","204","75","","X1Y2",""
"u_dut/lfnst_grid_reg[50][14]","lfnst_grid_reg","FDCE","SLICE_X55Y164","SLICEM.HFF","SLICE_X55Y164","SLICEM","CLEM_X36Y164","207","78","","X1Y2",""
"u_dut/lfnst_grid_reg[50][15]","lfnst_grid_reg","FDCE","SLICE_X56Y157","SLICEM.HFF","SLICE_X56Y157","SLICEM","CLEM_X37Y157","211","85","","X2Y2",""
"u_dut/lfnst_grid_reg[50][1]","lfnst_grid_reg","FDCE","SLICE_X53Y156","SLICEM.DFF","SLICE_X53Y156","SLICEM","CLEM_X35Y156","202","86","","X1Y2",""
"u_dut/lfnst_grid_reg[50][2]","lfnst_grid_reg","FDCE","SLICE_X56Y157","SLICEM.GFF","SLICE_X56Y157","SLICEM","CLEM_X37Y157","211","85","","X2Y2",""
"u_dut/lfnst_grid_reg[50][3]","lfnst_grid_reg","FDCE","SLICE_X57Y156","SLICEL.CFF","SLICE_X57Y156","SLICEL","CLEL_R_X37Y156","213","86","","X2Y2",""
"u_dut/lfnst_grid_reg[50][4]","lfnst_grid_reg","FDCE","SLICE_X57Y156","SLICEL.BFF","SLICE_X57Y156","SLICEL","CLEL_R_X37Y156","213","86","","X2Y2",""
"u_dut/lfnst_grid_reg[50][5]","lfnst_grid_reg","FDCE","SLICE_X65Y152","SLICEL.HFF","SLICE_X65Y152","SLICEL","CLEL_R_X42Y152","234","90","","X2Y2",""
"u_dut/lfnst_grid_reg[50][6]","lfnst_grid_reg","FDCE","SLICE_X69Y164","SLICEL.HFF","SLICE_X69Y164","SLICEL","CLEL_L_X45Y164","244","78","","X2Y2",""
"u_dut/lfnst_grid_reg[50][7]","lfnst_grid_reg","FDCE","SLICE_X69Y163","SLICEL.DFF","SLICE_X69Y163","SLICEL","CLEL_L_X45Y163","244","79","","X2Y2",""
"u_dut/lfnst_grid_reg[50][8]","lfnst_grid_reg","FDCE","SLICE_X63Y170","SLICEL.HFF","SLICE_X63Y170","SLICEL","CLEL_R_X41Y170","231","72","","X2Y2",""
"u_dut/lfnst_grid_reg[50][9]","lfnst_grid_reg","FDCE","SLICE_X62Y169","SLICEM.HFF","SLICE_X62Y169","SLICEM","CLEM_X41Y169","229","73","","X2Y2",""
"u_dut/lfnst_grid_reg[51][0]","lfnst_grid_reg","FDCE","SLICE_X55Y169","SLICEM.HFF","SLICE_X55Y169","SLICEM","CLEM_X36Y169","207","73","","X1Y2",""
"u_dut/lfnst_grid_reg[51][10]","lfnst_grid_reg","FDCE","SLICE_X59Y170","SLICEL.DFF","SLICE_X59Y170","SLICEL","CLEL_R_X38Y170","218","72","","X2Y2",""
"u_dut/lfnst_grid_reg[51][11]","lfnst_grid_reg","FDCE","SLICE_X58Y156","SLICEM.BFF","SLICE_X58Y156","SLICEM","CLEM_X38Y156","216","86","","X2Y2",""
"u_dut/lfnst_grid_reg[51][12]","lfnst_grid_reg","FDCE","SLICE_X56Y169","SLICEM.HFF","SLICE_X56Y169","SLICEM","CLEM_X37Y169","211","73","","X2Y2",""
"u_dut/lfnst_grid_reg[51][13]","lfnst_grid_reg","FDCE","SLICE_X54Y167","SLICEL.BFF","SLICE_X54Y167","SLICEL","CLEL_R_X35Y167","204","75","","X1Y2",""
"u_dut/lfnst_grid_reg[51][14]","lfnst_grid_reg","FDCE","SLICE_X53Y163","SLICEM.HFF","SLICE_X53Y163","SLICEM","CLEM_X35Y163","202","79","","X1Y2",""
"u_dut/lfnst_grid_reg[51][15]","lfnst_grid_reg","FDCE","SLICE_X53Y156","SLICEM.HFF","SLICE_X53Y156","SLICEM","CLEM_X35Y156","202","86","","X1Y2",""
"u_dut/lfnst_grid_reg[51][1]","lfnst_grid_reg","FDCE","SLICE_X53Y156","SLICEM.GFF","SLICE_X53Y156","SLICEM","CLEM_X35Y156","202","86","","X1Y2",""
"u_dut/lfnst_grid_reg[51][2]","lfnst_grid_reg","FDCE","SLICE_X53Y156","SLICEM.FFF","SLICE_X53Y156","SLICEM","CLEM_X35Y156","202","86","","X1Y2",""
"u_dut/lfnst_grid_reg[51][3]","lfnst_grid_reg","FDCE","SLICE_X61Y155","SLICEM.HFF","SLICE_X61Y155","SLICEM","CLEM_X40Y155","225","87","","X2Y2",""
"u_dut/lfnst_grid_reg[51][4]","lfnst_grid_reg","FDCE","SLICE_X61Y155","SLICEM.GFF","SLICE_X61Y155","SLICEM","CLEM_X40Y155","225","87","","X2Y2",""
"u_dut/lfnst_grid_reg[51][5]","lfnst_grid_reg","FDCE","SLICE_X61Y155","SLICEM.FFF","SLICE_X61Y155","SLICEM","CLEM_X40Y155","225","87","","X2Y2",""
"u_dut/lfnst_grid_reg[51][6]","lfnst_grid_reg","FDCE","SLICE_X63Y163","SLICEL.DFF","SLICE_X63Y163","SLICEL","CLEL_R_X41Y163","231","79","","X2Y2",""
"u_dut/lfnst_grid_reg[51][7]","lfnst_grid_reg","FDCE","SLICE_X63Y163","SLICEL.CFF","SLICE_X63Y163","SLICEL","CLEL_R_X41Y163","231","79","","X2Y2",""
"u_dut/lfnst_grid_reg[51][8]","lfnst_grid_reg","FDCE","SLICE_X63Y170","SLICEL.DFF","SLICE_X63Y170","SLICEL","CLEL_R_X41Y170","231","72","","X2Y2",""
"u_dut/lfnst_grid_reg[51][9]","lfnst_grid_reg","FDCE","SLICE_X62Y168","SLICEM.FFF","SLICE_X62Y168","SLICEM","CLEM_X41Y168","229","74","","X2Y2",""
"u_dut/lfnst_grid_reg[52][0]","lfnst_grid_reg","FDCE","SLICE_X57Y168","SLICEL.BFF","SLICE_X57Y168","SLICEL","CLEL_R_X37Y168","213","74","","X2Y2",""
"u_dut/lfnst_grid_reg[52][10]","lfnst_grid_reg","FDCE","SLICE_X57Y168","SLICEL.DFF","SLICE_X57Y168","SLICEL","CLEL_R_X37Y168","213","74","","X2Y2",""
"u_dut/lfnst_grid_reg[52][11]","lfnst_grid_reg","FDCE","SLICE_X58Y154","SLICEM.DFF","SLICE_X58Y154","SLICEM","CLEM_X38Y154","216","88","","X2Y2",""
"u_dut/lfnst_grid_reg[52][12]","lfnst_grid_reg","FDCE","SLICE_X57Y168","SLICEL.CFF","SLICE_X57Y168","SLICEL","CLEL_R_X37Y168","213","74","","X2Y2",""
"u_dut/lfnst_grid_reg[52][13]","lfnst_grid_reg","FDCE","SLICE_X53Y167","SLICEM.DFF","SLICE_X53Y167","SLICEM","CLEM_X35Y167","202","75","","X1Y2",""
"u_dut/lfnst_grid_reg[52][14]","lfnst_grid_reg","FDCE","SLICE_X53Y162","SLICEM.DFF","SLICE_X53Y162","SLICEM","CLEM_X35Y162","202","80","","X1Y2",""
"u_dut/lfnst_grid_reg[52][15]","lfnst_grid_reg","FDCE","SLICE_X52Y153","SLICEM.DFF","SLICE_X52Y153","SLICEM","CLEM_X34Y153","198","89","","X1Y2",""
"u_dut/lfnst_grid_reg[52][1]","lfnst_grid_reg","FDCE","SLICE_X53Y155","SLICEM.DFF","SLICE_X53Y155","SLICEM","CLEM_X35Y155","202","87","","X1Y2",""
"u_dut/lfnst_grid_reg[52][2]","lfnst_grid_reg","FDCE","SLICE_X53Y155","SLICEM.CFF","SLICE_X53Y155","SLICEM","CLEM_X35Y155","202","87","","X1Y2",""
"u_dut/lfnst_grid_reg[52][3]","lfnst_grid_reg","FDCE","SLICE_X58Y154","SLICEM.CFF","SLICE_X58Y154","SLICEM","CLEM_X38Y154","216","88","","X2Y2",""
"u_dut/lfnst_grid_reg[52][4]","lfnst_grid_reg","FDCE","SLICE_X56Y153","SLICEM.FFF","SLICE_X56Y153","SLICEM","CLEM_X37Y153","211","89","","X2Y2",""
"u_dut/lfnst_grid_reg[52][5]","lfnst_grid_reg","FDCE","SLICE_X65Y153","SLICEL.DFF","SLICE_X65Y153","SLICEL","CLEL_R_X42Y153","234","89","","X2Y2",""
"u_dut/lfnst_grid_reg[52][6]","lfnst_grid_reg","FDCE","SLICE_X68Y162","SLICEL.HFF","SLICE_X68Y162","SLICEL","CLEL_R_X44Y162","243","80","","X2Y2",""
"u_dut/lfnst_grid_reg[52][7]","lfnst_grid_reg","FDCE","SLICE_X68Y162","SLICEL.GFF","SLICE_X68Y162","SLICEL","CLEL_R_X44Y162","243","80","","X2Y2",""
"u_dut/lfnst_grid_reg[52][8]","lfnst_grid_reg","FDCE","SLICE_X63Y169","SLICEL.HFF","SLICE_X63Y169","SLICEL","CLEL_R_X41Y169","231","73","","X2Y2",""
"u_dut/lfnst_grid_reg[52][9]","lfnst_grid_reg","FDCE","SLICE_X63Y169","SLICEL.GFF","SLICE_X63Y169","SLICEL","CLEL_R_X41Y169","231","73","","X2Y2",""
"u_dut/lfnst_grid_reg[53][0]","lfnst_grid_reg","FDCE","SLICE_X54Y166","SLICEL.FFF","SLICE_X54Y166","SLICEL","CLEL_R_X35Y166","204","76","","X1Y2",""
"u_dut/lfnst_grid_reg[53][10]","lfnst_grid_reg","FDCE","SLICE_X61Y169","SLICEM.DFF","SLICE_X61Y169","SLICEM","CLEM_X40Y169","225","73","","X2Y2",""
"u_dut/lfnst_grid_reg[53][11]","lfnst_grid_reg","FDCE","SLICE_X58Y150","SLICEM.DFF","SLICE_X58Y150","SLICEM","CLEM_X38Y150","216","92","","X2Y2",""
"u_dut/lfnst_grid_reg[53][12]","lfnst_grid_reg","FDCE","SLICE_X56Y169","SLICEM.DFF","SLICE_X56Y169","SLICEM","CLEM_X37Y169","211","73","","X2Y2",""
"u_dut/lfnst_grid_reg[53][13]","lfnst_grid_reg","FDCE","SLICE_X54Y166","SLICEL.HFF","SLICE_X54Y166","SLICEL","CLEL_R_X35Y166","204","76","","X1Y2",""
"u_dut/lfnst_grid_reg[53][14]","lfnst_grid_reg","FDCE","SLICE_X54Y166","SLICEL.GFF","SLICE_X54Y166","SLICEL","CLEL_R_X35Y166","204","76","","X1Y2",""
"u_dut/lfnst_grid_reg[53][15]","lfnst_grid_reg","FDCE","SLICE_X53Y153","SLICEM.HFF","SLICE_X53Y153","SLICEM","CLEM_X35Y153","202","89","","X1Y2",""
"u_dut/lfnst_grid_reg[53][1]","lfnst_grid_reg","FDCE","SLICE_X53Y153","SLICEM.GFF","SLICE_X53Y153","SLICEM","CLEM_X35Y153","202","89","","X1Y2",""
"u_dut/lfnst_grid_reg[53][2]","lfnst_grid_reg","FDCE","SLICE_X53Y153","SLICEM.FFF","SLICE_X53Y153","SLICEM","CLEM_X35Y153","202","89","","X1Y2",""
"u_dut/lfnst_grid_reg[53][3]","lfnst_grid_reg","FDCE","SLICE_X58Y150","SLICEM.CFF","SLICE_X58Y150","SLICEM","CLEM_X38Y150","216","92","","X2Y2",""
"u_dut/lfnst_grid_reg[53][4]","lfnst_grid_reg","FDCE","SLICE_X53Y153","SLICEM.EFF","SLICE_X53Y153","SLICEM","CLEM_X35Y153","202","89","","X1Y2",""
"u_dut/lfnst_grid_reg[53][5]","lfnst_grid_reg","FDCE","SLICE_X64Y152","SLICEL.HFF","SLICE_X64Y152","SLICEL","CLEL_L_X42Y152","232","90","","X2Y2",""
"u_dut/lfnst_grid_reg[53][6]","lfnst_grid_reg","FDCE","SLICE_X68Y163","SLICEL.BFF","SLICE_X68Y163","SLICEL","CLEL_R_X44Y163","243","79","","X2Y2",""
"u_dut/lfnst_grid_reg[53][7]","lfnst_grid_reg","FDCE","SLICE_X68Y163","SLICEL.AFF","SLICE_X68Y163","SLICEL","CLEL_R_X44Y163","243","79","","X2Y2",""
"u_dut/lfnst_grid_reg[53][8]","lfnst_grid_reg","FDCE","SLICE_X65Y168","SLICEL.DFF","SLICE_X65Y168","SLICEL","CLEL_R_X42Y168","234","74","","X2Y2",""
"u_dut/lfnst_grid_reg[53][9]","lfnst_grid_reg","FDCE","SLICE_X61Y169","SLICEM.CFF","SLICE_X61Y169","SLICEM","CLEM_X40Y169","225","73","","X2Y2",""
"u_dut/lfnst_grid_reg[54][0]","lfnst_grid_reg","FDCE","SLICE_X55Y167","SLICEM.HFF","SLICE_X55Y167","SLICEM","CLEM_X36Y167","207","75","","X1Y2",""
"u_dut/lfnst_grid_reg[54][10]","lfnst_grid_reg","FDCE","SLICE_X61Y170","SLICEM.AFF","SLICE_X61Y170","SLICEM","CLEM_X40Y170","225","72","","X2Y2",""
"u_dut/lfnst_grid_reg[54][11]","lfnst_grid_reg","FDCE","SLICE_X55Y155","SLICEM.HFF","SLICE_X55Y155","SLICEM","CLEM_X36Y155","207","87","","X1Y2",""
"u_dut/lfnst_grid_reg[54][12]","lfnst_grid_reg","FDCE","SLICE_X58Y169","SLICEM.DFF","SLICE_X58Y169","SLICEM","CLEM_X38Y169","216","73","","X2Y2",""
"u_dut/lfnst_grid_reg[54][13]","lfnst_grid_reg","FDCE","SLICE_X54Y165","SLICEL.DFF","SLICE_X54Y165","SLICEL","CLEL_R_X35Y165","204","77","","X1Y2",""
"u_dut/lfnst_grid_reg[54][14]","lfnst_grid_reg","FDCE","SLICE_X54Y165","SLICEL.CFF","SLICE_X54Y165","SLICEL","CLEL_R_X35Y165","204","77","","X1Y2",""
"u_dut/lfnst_grid_reg[54][15]","lfnst_grid_reg","FDCE","SLICE_X56Y153","SLICEM.DFF","SLICE_X56Y153","SLICEM","CLEM_X37Y153","211","89","","X2Y2",""
"u_dut/lfnst_grid_reg[54][1]","lfnst_grid_reg","FDCE","SLICE_X55Y155","SLICEM.GFF","SLICE_X55Y155","SLICEM","CLEM_X36Y155","207","87","","X1Y2",""
"u_dut/lfnst_grid_reg[54][2]","lfnst_grid_reg","FDCE","SLICE_X55Y155","SLICEM.FFF","SLICE_X55Y155","SLICEM","CLEM_X36Y155","207","87","","X1Y2",""
"u_dut/lfnst_grid_reg[54][3]","lfnst_grid_reg","FDCE","SLICE_X56Y153","SLICEM.CFF","SLICE_X56Y153","SLICEM","CLEM_X37Y153","211","89","","X2Y2",""
"u_dut/lfnst_grid_reg[54][4]","lfnst_grid_reg","FDCE","SLICE_X56Y153","SLICEM.BFF","SLICE_X56Y153","SLICEM","CLEM_X37Y153","211","89","","X2Y2",""
"u_dut/lfnst_grid_reg[54][5]","lfnst_grid_reg","FDCE","SLICE_X64Y153","SLICEL.DFF","SLICE_X64Y153","SLICEL","CLEL_L_X42Y153","232","89","","X2Y2",""
"u_dut/lfnst_grid_reg[54][6]","lfnst_grid_reg","FDCE","SLICE_X68Y164","SLICEL.HFF","SLICE_X68Y164","SLICEL","CLEL_R_X44Y164","243","78","","X2Y2",""
"u_dut/lfnst_grid_reg[54][7]","lfnst_grid_reg","FDCE","SLICE_X68Y164","SLICEL.GFF","SLICE_X68Y164","SLICEL","CLEL_R_X44Y164","243","78","","X2Y2",""
"u_dut/lfnst_grid_reg[54][8]","lfnst_grid_reg","FDCE","SLICE_X62Y168","SLICEM.DFF","SLICE_X62Y168","SLICEM","CLEM_X41Y168","229","74","","X2Y2",""
"u_dut/lfnst_grid_reg[54][9]","lfnst_grid_reg","FDCE","SLICE_X62Y168","SLICEM.CFF","SLICE_X62Y168","SLICEM","CLEM_X41Y168","229","74","","X2Y2",""
"u_dut/lfnst_grid_reg[55][0]","lfnst_grid_reg","FDCE","SLICE_X54Y166","SLICEL.BFF","SLICE_X54Y166","SLICEL","CLEL_R_X35Y166","204","76","","X1Y2",""
"u_dut/lfnst_grid_reg[55][10]","lfnst_grid_reg","FDCE","SLICE_X60Y169","SLICEL.BFF","SLICE_X60Y169","SLICEL","CLEL_R_X39Y169","222","73","","X2Y2",""
"u_dut/lfnst_grid_reg[55][11]","lfnst_grid_reg","FDCE","SLICE_X58Y155","SLICEM.BFF","SLICE_X58Y155","SLICEM","CLEM_X38Y155","216","87","","X2Y2",""
"u_dut/lfnst_grid_reg[55][12]","lfnst_grid_reg","FDCE","SLICE_X57Y169","SLICEL.HFF","SLICE_X57Y169","SLICEL","CLEL_R_X37Y169","213","73","","X2Y2",""
"u_dut/lfnst_grid_reg[55][13]","lfnst_grid_reg","FDCE","SLICE_X54Y166","SLICEL.DFF","SLICE_X54Y166","SLICEL","CLEL_R_X35Y166","204","76","","X1Y2",""
"u_dut/lfnst_grid_reg[55][14]","lfnst_grid_reg","FDCE","SLICE_X54Y166","SLICEL.CFF","SLICE_X54Y166","SLICEL","CLEL_R_X35Y166","204","76","","X1Y2",""
"u_dut/lfnst_grid_reg[55][15]","lfnst_grid_reg","FDCE","SLICE_X54Y153","SLICEL.DFF","SLICE_X54Y153","SLICEL","CLEL_R_X35Y153","204","89","","X1Y2",""
"u_dut/lfnst_grid_reg[55][1]","lfnst_grid_reg","FDCE","SLICE_X54Y156","SLICEL.DFF","SLICE_X54Y156","SLICEL","CLEL_R_X35Y156","204","86","","X1Y2",""
"u_dut/lfnst_grid_reg[55][2]","lfnst_grid_reg","FDCE","SLICE_X54Y153","SLICEL.CFF","SLICE_X54Y153","SLICEL","CLEL_R_X35Y153","204","89","","X1Y2",""
"u_dut/lfnst_grid_reg[55][3]","lfnst_grid_reg","FDCE","SLICE_X58Y155","SLICEM.AFF","SLICE_X58Y155","SLICEM","CLEM_X38Y155","216","87","","X2Y2",""
"u_dut/lfnst_grid_reg[55][4]","lfnst_grid_reg","FDCE","SLICE_X54Y153","SLICEL.BFF","SLICE_X54Y153","SLICEL","CLEL_R_X35Y153","204","89","","X1Y2",""
"u_dut/lfnst_grid_reg[55][5]","lfnst_grid_reg","FDCE","SLICE_X65Y152","SLICEL.CFF","SLICE_X65Y152","SLICEL","CLEL_R_X42Y152","234","90","","X2Y2",""
"u_dut/lfnst_grid_reg[55][6]","lfnst_grid_reg","FDCE","SLICE_X68Y163","SLICEL.HFF","SLICE_X68Y163","SLICEL","CLEL_R_X44Y163","243","79","","X2Y2",""
"u_dut/lfnst_grid_reg[55][7]","lfnst_grid_reg","FDCE","SLICE_X68Y163","SLICEL.GFF","SLICE_X68Y163","SLICEL","CLEL_R_X44Y163","243","79","","X2Y2",""
"u_dut/lfnst_grid_reg[55][8]","lfnst_grid_reg","FDCE","SLICE_X61Y168","SLICEM.DFF","SLICE_X61Y168","SLICEM","CLEM_X40Y168","225","74","","X2Y2",""
"u_dut/lfnst_grid_reg[55][9]","lfnst_grid_reg","FDCE","SLICE_X65Y169","SLICEL.HFF","SLICE_X65Y169","SLICEL","CLEL_R_X42Y169","234","73","","X2Y2",""
"u_dut/lfnst_grid_reg[56][0]","lfnst_grid_reg","FDCE","SLICE_X55Y160","SLICEM.GFF","SLICE_X55Y160","SLICEM","CLEM_X36Y160","207","82","","X1Y2",""
"u_dut/lfnst_grid_reg[56][10]","lfnst_grid_reg","FDCE","SLICE_X56Y166","SLICEM.HFF","SLICE_X56Y166","SLICEM","CLEM_X37Y166","211","76","","X2Y2",""
"u_dut/lfnst_grid_reg[56][11]","lfnst_grid_reg","FDCE","SLICE_X57Y156","SLICEL.HFF","SLICE_X57Y156","SLICEL","CLEL_R_X37Y156","213","86","","X2Y2",""
"u_dut/lfnst_grid_reg[56][12]","lfnst_grid_reg","FDCE","SLICE_X56Y166","SLICEM.GFF","SLICE_X56Y166","SLICEM","CLEM_X37Y166","211","76","","X2Y2",""
"u_dut/lfnst_grid_reg[56][13]","lfnst_grid_reg","FDCE","SLICE_X55Y160","SLICEM.HFF","SLICE_X55Y160","SLICEM","CLEM_X36Y160","207","82","","X1Y2",""
"u_dut/lfnst_grid_reg[56][14]","lfnst_grid_reg","FDCE","SLICE_X55Y166","SLICEM.HFF","SLICE_X55Y166","SLICEM","CLEM_X36Y166","207","76","","X1Y2",""
"u_dut/lfnst_grid_reg[56][15]","lfnst_grid_reg","FDCE","SLICE_X57Y156","SLICEL.GFF","SLICE_X57Y156","SLICEL","CLEL_R_X37Y156","213","86","","X2Y2",""
"u_dut/lfnst_grid_reg[56][1]","lfnst_grid_reg","FDCE","SLICE_X54Y153","SLICEL.FFF","SLICE_X54Y153","SLICEL","CLEL_R_X35Y153","204","89","","X1Y2",""
"u_dut/lfnst_grid_reg[56][2]","lfnst_grid_reg","FDCE","SLICE_X57Y156","SLICEL.FFF","SLICE_X57Y156","SLICEL","CLEL_R_X37Y156","213","86","","X2Y2",""
"u_dut/lfnst_grid_reg[56][3]","lfnst_grid_reg","FDCE","SLICE_X59Y156","SLICEL.BFF","SLICE_X59Y156","SLICEL","CLEL_R_X38Y156","218","86","","X2Y2",""
"u_dut/lfnst_grid_reg[56][4]","lfnst_grid_reg","FDCE","SLICE_X57Y156","SLICEL.EFF","SLICE_X57Y156","SLICEL","CLEL_R_X37Y156","213","86","","X2Y2",""
"u_dut/lfnst_grid_reg[56][5]","lfnst_grid_reg","FDCE","SLICE_X59Y156","SLICEL.AFF","SLICE_X59Y156","SLICEL","CLEL_R_X38Y156","218","86","","X2Y2",""
"u_dut/lfnst_grid_reg[56][6]","lfnst_grid_reg","FDCE","SLICE_X61Y160","SLICEM.HFF","SLICE_X61Y160","SLICEM","CLEM_X40Y160","225","82","","X2Y2",""
"u_dut/lfnst_grid_reg[56][7]","lfnst_grid_reg","FDCE","SLICE_X61Y160","SLICEM.GFF","SLICE_X61Y160","SLICEM","CLEM_X40Y160","225","82","","X2Y2",""
"u_dut/lfnst_grid_reg[56][8]","lfnst_grid_reg","FDCE","SLICE_X60Y165","SLICEL.HFF","SLICE_X60Y165","SLICEL","CLEL_R_X39Y165","222","77","","X2Y2",""
"u_dut/lfnst_grid_reg[56][9]","lfnst_grid_reg","FDCE","SLICE_X60Y166","SLICEL.DFF","SLICE_X60Y166","SLICEL","CLEL_R_X39Y166","222","76","","X2Y2",""
"u_dut/lfnst_grid_reg[57][0]","lfnst_grid_reg","FDCE","SLICE_X55Y160","SLICEM.AFF","SLICE_X55Y160","SLICEM","CLEM_X36Y160","207","82","","X1Y2",""
"u_dut/lfnst_grid_reg[57][10]","lfnst_grid_reg","FDCE","SLICE_X56Y164","SLICEM.DFF","SLICE_X56Y164","SLICEM","CLEM_X37Y164","211","78","","X2Y2",""
"u_dut/lfnst_grid_reg[57][11]","lfnst_grid_reg","FDCE","SLICE_X60Y153","SLICEL.HFF","SLICE_X60Y153","SLICEL","CLEL_R_X39Y153","222","89","","X2Y2",""
"u_dut/lfnst_grid_reg[57][12]","lfnst_grid_reg","FDCE","SLICE_X56Y164","SLICEM.CFF","SLICE_X56Y164","SLICEM","CLEM_X37Y164","211","78","","X2Y2",""
"u_dut/lfnst_grid_reg[57][13]","lfnst_grid_reg","FDCE","SLICE_X55Y160","SLICEM.BFF","SLICE_X55Y160","SLICEM","CLEM_X36Y160","207","82","","X1Y2",""
"u_dut/lfnst_grid_reg[57][14]","lfnst_grid_reg","FDCE","SLICE_X56Y164","SLICEM.BFF","SLICE_X56Y164","SLICEM","CLEM_X37Y164","211","78","","X2Y2",""
"u_dut/lfnst_grid_reg[57][15]","lfnst_grid_reg","FDCE","SLICE_X65Y144","SLICEL.HFF","SLICE_X65Y144","SLICEL","CLEL_R_X42Y144","234","99","","X2Y2",""
"u_dut/lfnst_grid_reg[57][1]","lfnst_grid_reg","FDCE","SLICE_X57Y149","SLICEL.DFF","SLICE_X57Y149","SLICEL","CLEL_R_X37Y149","213","94","","X2Y2",""
"u_dut/lfnst_grid_reg[57][2]","lfnst_grid_reg","FDCE","SLICE_X53Y152","SLICEM.DFF","SLICE_X53Y152","SLICEM","CLEM_X35Y152","202","90","","X1Y2",""
"u_dut/lfnst_grid_reg[57][3]","lfnst_grid_reg","FDCE","SLICE_X64Y151","SLICEL.DFF","SLICE_X64Y151","SLICEL","CLEL_L_X42Y151","232","91","","X2Y2",""
"u_dut/lfnst_grid_reg[57][4]","lfnst_grid_reg","FDCE","SLICE_X59Y149","SLICEL.HFF","SLICE_X59Y149","SLICEL","CLEL_R_X38Y149","218","94","","X2Y2",""
"u_dut/lfnst_grid_reg[57][5]","lfnst_grid_reg","FDCE","SLICE_X60Y153","SLICEL.GFF","SLICE_X60Y153","SLICEL","CLEL_R_X39Y153","222","89","","X2Y2",""
"u_dut/lfnst_grid_reg[57][6]","lfnst_grid_reg","FDCE","SLICE_X66Y159","SLICEM.BFF","SLICE_X66Y159","SLICEM","CLEM_X43Y159","237","83","","X2Y2",""
"u_dut/lfnst_grid_reg[57][7]","lfnst_grid_reg","FDCE","SLICE_X66Y159","SLICEM.AFF","SLICE_X66Y159","SLICEM","CLEM_X43Y159","237","83","","X2Y2",""
"u_dut/lfnst_grid_reg[57][8]","lfnst_grid_reg","FDCE","SLICE_X68Y164","SLICEL.BFF","SLICE_X68Y164","SLICEL","CLEL_R_X44Y164","243","78","","X2Y2",""
"u_dut/lfnst_grid_reg[57][9]","lfnst_grid_reg","FDCE","SLICE_X68Y164","SLICEL.AFF","SLICE_X68Y164","SLICEL","CLEL_R_X44Y164","243","78","","X2Y2",""
"u_dut/lfnst_grid_reg[58][0]","lfnst_grid_reg","FDCE","SLICE_X54Y161","SLICEL.GFF","SLICE_X54Y161","SLICEL","CLEL_R_X35Y161","204","81","","X1Y2",""
"u_dut/lfnst_grid_reg[58][10]","lfnst_grid_reg","FDCE","SLICE_X56Y166","SLICEM.DFF","SLICE_X56Y166","SLICEM","CLEM_X37Y166","211","76","","X2Y2",""
"u_dut/lfnst_grid_reg[58][11]","lfnst_grid_reg","FDCE","SLICE_X59Y148","SLICEL.HFF","SLICE_X59Y148","SLICEL","CLEL_R_X38Y148","218","95","","X2Y2",""
"u_dut/lfnst_grid_reg[58][12]","lfnst_grid_reg","FDCE","SLICE_X56Y167","SLICEM.HFF","SLICE_X56Y167","SLICEM","CLEM_X37Y167","211","75","","X2Y2",""
"u_dut/lfnst_grid_reg[58][13]","lfnst_grid_reg","FDCE","SLICE_X54Y161","SLICEL.HFF","SLICE_X54Y161","SLICEL","CLEL_R_X35Y161","204","81","","X1Y2",""
"u_dut/lfnst_grid_reg[58][14]","lfnst_grid_reg","FDCE","SLICE_X54Y165","SLICEL.HFF","SLICE_X54Y165","SLICEL","CLEL_R_X35Y165","204","77","","X1Y2",""
"u_dut/lfnst_grid_reg[58][15]","lfnst_grid_reg","FDCE","SLICE_X60Y147","SLICEL.CFF","SLICE_X60Y147","SLICEL","CLEL_R_X39Y147","222","96","","X2Y2",""
"u_dut/lfnst_grid_reg[58][1]","lfnst_grid_reg","FDCE","SLICE_X56Y149","SLICEM.HFF","SLICE_X56Y149","SLICEM","CLEM_X37Y149","211","94","","X2Y2",""
"u_dut/lfnst_grid_reg[58][2]","lfnst_grid_reg","FDCE","SLICE_X56Y149","SLICEM.GFF","SLICE_X56Y149","SLICEM","CLEM_X37Y149","211","94","","X2Y2",""
"u_dut/lfnst_grid_reg[58][3]","lfnst_grid_reg","FDCE","SLICE_X65Y151","SLICEL.HFF","SLICE_X65Y151","SLICEL","CLEL_R_X42Y151","234","91","","X2Y2",""
"u_dut/lfnst_grid_reg[58][4]","lfnst_grid_reg","FDCE","SLICE_X60Y152","SLICEL.EFF","SLICE_X60Y152","SLICEL","CLEL_R_X39Y152","222","90","","X2Y2",""
"u_dut/lfnst_grid_reg[58][5]","lfnst_grid_reg","FDCE","SLICE_X60Y152","SLICEL.HFF","SLICE_X60Y152","SLICEL","CLEL_R_X39Y152","222","90","","X2Y2",""
"u_dut/lfnst_grid_reg[58][6]","lfnst_grid_reg","FDCE","SLICE_X66Y159","SLICEM.HFF","SLICE_X66Y159","SLICEM","CLEM_X43Y159","237","83","","X2Y2",""
"u_dut/lfnst_grid_reg[58][7]","lfnst_grid_reg","FDCE","SLICE_X67Y160","SLICEM.DFF","SLICE_X67Y160","SLICEM","CLEM_X44Y160","241","82","","X2Y2",""
"u_dut/lfnst_grid_reg[58][8]","lfnst_grid_reg","FDCE","SLICE_X68Y166","SLICEL.HFF","SLICE_X68Y166","SLICEL","CLEL_R_X44Y166","243","76","","X2Y2",""
"u_dut/lfnst_grid_reg[58][9]","lfnst_grid_reg","FDCE","SLICE_X68Y166","SLICEL.DFF","SLICE_X68Y166","SLICEL","CLEL_R_X44Y166","243","76","","X2Y2",""
"u_dut/lfnst_grid_reg[59][0]","lfnst_grid_reg","FDCE","SLICE_X53Y160","SLICEM.GFF","SLICE_X53Y160","SLICEM","CLEM_X35Y160","202","82","","X1Y2",""
"u_dut/lfnst_grid_reg[59][10]","lfnst_grid_reg","FDCE","SLICE_X57Y167","SLICEL.DFF","SLICE_X57Y167","SLICEL","CLEL_R_X37Y167","213","75","","X2Y2",""
"u_dut/lfnst_grid_reg[59][11]","lfnst_grid_reg","FDCE","SLICE_X59Y150","SLICEL.HFF","SLICE_X59Y150","SLICEL","CLEL_R_X38Y150","218","92","","X2Y2",""
"u_dut/lfnst_grid_reg[59][12]","lfnst_grid_reg","FDCE","SLICE_X57Y167","SLICEL.CFF","SLICE_X57Y167","SLICEL","CLEL_R_X37Y167","213","75","","X2Y2",""
"u_dut/lfnst_grid_reg[59][13]","lfnst_grid_reg","FDCE","SLICE_X53Y160","SLICEM.HFF","SLICE_X53Y160","SLICEM","CLEM_X35Y160","202","82","","X1Y2",""
"u_dut/lfnst_grid_reg[59][14]","lfnst_grid_reg","FDCE","SLICE_X54Y164","SLICEL.FFF","SLICE_X54Y164","SLICEL","CLEL_R_X35Y164","204","78","","X1Y2",""
"u_dut/lfnst_grid_reg[59][15]","lfnst_grid_reg","FDCE","SLICE_X59Y150","SLICEL.GFF","SLICE_X59Y150","SLICEL","CLEL_R_X38Y150","218","92","","X2Y2",""
"u_dut/lfnst_grid_reg[59][1]","lfnst_grid_reg","FDCE","SLICE_X55Y150","SLICEM.FFF","SLICE_X55Y150","SLICEM","CLEM_X36Y150","207","92","","X1Y2",""
"u_dut/lfnst_grid_reg[59][2]","lfnst_grid_reg","FDCE","SLICE_X56Y151","SLICEM.DFF","SLICE_X56Y151","SLICEM","CLEM_X37Y151","211","91","","X2Y2",""
"u_dut/lfnst_grid_reg[59][3]","lfnst_grid_reg","FDCE","SLICE_X63Y152","SLICEL.HFF","SLICE_X63Y152","SLICEL","CLEL_R_X41Y152","231","90","","X2Y2",""
"u_dut/lfnst_grid_reg[59][4]","lfnst_grid_reg","FDCE","SLICE_X56Y151","SLICEM.CFF","SLICE_X56Y151","SLICEM","CLEM_X37Y151","211","91","","X2Y2",""
"u_dut/lfnst_grid_reg[59][5]","lfnst_grid_reg","FDCE","SLICE_X63Y152","SLICEL.GFF","SLICE_X63Y152","SLICEL","CLEL_R_X41Y152","231","90","","X2Y2",""
"u_dut/lfnst_grid_reg[59][6]","lfnst_grid_reg","FDCE","SLICE_X66Y157","SLICEM.HFF","SLICE_X66Y157","SLICEM","CLEM_X43Y157","237","85","","X2Y2",""
"u_dut/lfnst_grid_reg[59][7]","lfnst_grid_reg","FDCE","SLICE_X66Y152","SLICEM.DFF","SLICE_X66Y152","SLICEM","CLEM_X43Y152","237","90","","X2Y2",""
"u_dut/lfnst_grid_reg[59][8]","lfnst_grid_reg","FDCE","SLICE_X68Y165","SLICEL.BFF","SLICE_X68Y165","SLICEL","CLEL_R_X44Y165","243","77","","X2Y2",""
"u_dut/lfnst_grid_reg[59][9]","lfnst_grid_reg","FDCE","SLICE_X68Y165","SLICEL.AFF","SLICE_X68Y165","SLICEL","CLEL_R_X44Y165","243","77","","X2Y2",""
"u_dut/lfnst_grid_reg[5][0]","lfnst_grid_reg","FDCE","SLICE_X57Y158","SLICEL.HFF","SLICE_X57Y158","SLICEL","CLEL_R_X37Y158","213","84","","X2Y2",""
"u_dut/lfnst_grid_reg[5][10]","lfnst_grid_reg","FDCE","SLICE_X63Y155","SLICEL.DFF","SLICE_X63Y155","SLICEL","CLEL_R_X41Y155","231","87","","X2Y2",""
"u_dut/lfnst_grid_reg[5][11]","lfnst_grid_reg","FDCE","SLICE_X63Y155","SLICEL.CFF","SLICE_X63Y155","SLICEL","CLEL_R_X41Y155","231","87","","X2Y2",""
"u_dut/lfnst_grid_reg[5][12]","lfnst_grid_reg","FDCE","SLICE_X61Y163","SLICEM.FFF","SLICE_X61Y163","SLICEM","CLEM_X40Y163","225","79","","X2Y2",""
"u_dut/lfnst_grid_reg[5][13]","lfnst_grid_reg","FDCE","SLICE_X58Y152","SLICEM.BFF","SLICE_X58Y152","SLICEM","CLEM_X38Y152","216","90","","X2Y2",""
"u_dut/lfnst_grid_reg[5][14]","lfnst_grid_reg","FDCE","SLICE_X63Y155","SLICEL.BFF","SLICE_X63Y155","SLICEL","CLEL_R_X41Y155","231","87","","X2Y2",""
"u_dut/lfnst_grid_reg[5][15]","lfnst_grid_reg","FDCE","SLICE_X61Y148","SLICEM.DFF","SLICE_X61Y148","SLICEM","CLEM_X40Y148","225","95","","X2Y2",""
"u_dut/lfnst_grid_reg[5][1]","lfnst_grid_reg","FDCE","SLICE_X58Y152","SLICEM.AFF","SLICE_X58Y152","SLICEM","CLEM_X38Y152","216","90","","X2Y2",""
"u_dut/lfnst_grid_reg[5][2]","lfnst_grid_reg","FDCE","SLICE_X55Y151","SLICEM.BFF","SLICE_X55Y151","SLICEM","CLEM_X36Y151","207","91","","X1Y2",""
"u_dut/lfnst_grid_reg[5][3]","lfnst_grid_reg","FDCE","SLICE_X55Y151","SLICEM.AFF","SLICE_X55Y151","SLICEM","CLEM_X36Y151","207","91","","X1Y2",""
"u_dut/lfnst_grid_reg[5][4]","lfnst_grid_reg","FDCE","SLICE_X61Y148","SLICEM.CFF","SLICE_X61Y148","SLICEM","CLEM_X40Y148","225","95","","X2Y2",""
"u_dut/lfnst_grid_reg[5][5]","lfnst_grid_reg","FDCE","SLICE_X63Y155","SLICEL.AFF","SLICE_X63Y155","SLICEL","CLEL_R_X41Y155","231","87","","X2Y2",""
"u_dut/lfnst_grid_reg[5][6]","lfnst_grid_reg","FDCE","SLICE_X63Y162","SLICEL.HFF","SLICE_X63Y162","SLICEL","CLEL_R_X41Y162","231","80","","X2Y2",""
"u_dut/lfnst_grid_reg[5][7]","lfnst_grid_reg","FDCE","SLICE_X63Y162","SLICEL.GFF","SLICE_X63Y162","SLICEL","CLEL_R_X41Y162","231","80","","X2Y2",""
"u_dut/lfnst_grid_reg[5][8]","lfnst_grid_reg","FDCE","SLICE_X63Y162","SLICEL.FFF","SLICE_X63Y162","SLICEL","CLEL_R_X41Y162","231","80","","X2Y2",""
"u_dut/lfnst_grid_reg[5][9]","lfnst_grid_reg","FDCE","SLICE_X63Y162","SLICEL.EFF","SLICE_X63Y162","SLICEL","CLEL_R_X41Y162","231","80","","X2Y2",""
"u_dut/lfnst_grid_reg[60][0]","lfnst_grid_reg","FDCE","SLICE_X55Y156","SLICEM.FFF","SLICE_X55Y156","SLICEM","CLEM_X36Y156","207","86","","X1Y2",""
"u_dut/lfnst_grid_reg[60][10]","lfnst_grid_reg","FDCE","SLICE_X56Y165","SLICEM.HFF","SLICE_X56Y165","SLICEM","CLEM_X37Y165","211","77","","X2Y2",""
"u_dut/lfnst_grid_reg[60][11]","lfnst_grid_reg","FDCE","SLICE_X57Y151","SLICEL.HFF","SLICE_X57Y151","SLICEL","CLEL_R_X37Y151","213","91","","X2Y2",""
"u_dut/lfnst_grid_reg[60][12]","lfnst_grid_reg","FDCE","SLICE_X56Y165","SLICEM.GFF","SLICE_X56Y165","SLICEM","CLEM_X37Y165","211","77","","X2Y2",""
"u_dut/lfnst_grid_reg[60][13]","lfnst_grid_reg","FDCE","SLICE_X55Y156","SLICEM.HFF","SLICE_X55Y156","SLICEM","CLEM_X36Y156","207","86","","X1Y2",""
"u_dut/lfnst_grid_reg[60][14]","lfnst_grid_reg","FDCE","SLICE_X53Y164","SLICEM.DFF","SLICE_X53Y164","SLICEM","CLEM_X35Y164","202","78","","X1Y2",""
"u_dut/lfnst_grid_reg[60][15]","lfnst_grid_reg","FDCE","SLICE_X60Y148","SLICEL.HFF","SLICE_X60Y148","SLICEL","CLEL_R_X39Y148","222","95","","X2Y2",""
"u_dut/lfnst_grid_reg[60][1]","lfnst_grid_reg","FDCE","SLICE_X54Y149","SLICEL.BFF","SLICE_X54Y149","SLICEL","CLEL_R_X35Y149","204","94","","X1Y2",""
"u_dut/lfnst_grid_reg[60][2]","lfnst_grid_reg","FDCE","SLICE_X55Y156","SLICEM.GFF","SLICE_X55Y156","SLICEM","CLEM_X36Y156","207","86","","X1Y2",""
"u_dut/lfnst_grid_reg[60][3]","lfnst_grid_reg","FDCE","SLICE_X63Y154","SLICEL.BFF","SLICE_X63Y154","SLICEL","CLEL_R_X41Y154","231","88","","X2Y2",""
"u_dut/lfnst_grid_reg[60][4]","lfnst_grid_reg","FDCE","SLICE_X57Y151","SLICEL.GFF","SLICE_X57Y151","SLICEL","CLEL_R_X37Y151","213","91","","X2Y2",""
"u_dut/lfnst_grid_reg[60][5]","lfnst_grid_reg","FDCE","SLICE_X63Y154","SLICEL.AFF","SLICE_X63Y154","SLICEL","CLEL_R_X41Y154","231","88","","X2Y2",""
"u_dut/lfnst_grid_reg[60][6]","lfnst_grid_reg","FDCE","SLICE_X66Y158","SLICEM.HFF","SLICE_X66Y158","SLICEM","CLEM_X43Y158","237","84","","X2Y2",""
"u_dut/lfnst_grid_reg[60][7]","lfnst_grid_reg","FDCE","SLICE_X66Y158","SLICEM.GFF","SLICE_X66Y158","SLICEM","CLEM_X43Y158","237","84","","X2Y2",""
"u_dut/lfnst_grid_reg[60][8]","lfnst_grid_reg","FDCE","SLICE_X67Y165","SLICEM.FFF","SLICE_X67Y165","SLICEM","CLEM_X44Y165","241","77","","X2Y2",""
"u_dut/lfnst_grid_reg[60][9]","lfnst_grid_reg","FDCE","SLICE_X67Y165","SLICEM.EFF","SLICE_X67Y165","SLICEM","CLEM_X44Y165","241","77","","X2Y2",""
"u_dut/lfnst_grid_reg[61][0]","lfnst_grid_reg","FDCE","SLICE_X53Y160","SLICEM.CFF","SLICE_X53Y160","SLICEM","CLEM_X35Y160","202","82","","X1Y2",""
"u_dut/lfnst_grid_reg[61][10]","lfnst_grid_reg","FDCE","SLICE_X56Y163","SLICEM.DFF","SLICE_X56Y163","SLICEM","CLEM_X37Y163","211","79","","X2Y2",""
"u_dut/lfnst_grid_reg[61][11]","lfnst_grid_reg","FDCE","SLICE_X59Y156","SLICEL.HFF","SLICE_X59Y156","SLICEL","CLEL_R_X38Y156","218","86","","X2Y2",""
"u_dut/lfnst_grid_reg[61][12]","lfnst_grid_reg","FDCE","SLICE_X56Y168","SLICEM.DFF","SLICE_X56Y168","SLICEM","CLEM_X37Y168","211","74","","X2Y2",""
"u_dut/lfnst_grid_reg[61][13]","lfnst_grid_reg","FDCE","SLICE_X53Y160","SLICEM.DFF","SLICE_X53Y160","SLICEM","CLEM_X35Y160","202","82","","X1Y2",""
"u_dut/lfnst_grid_reg[61][14]","lfnst_grid_reg","FDCE","SLICE_X53Y164","SLICEM.HFF","SLICE_X53Y164","SLICEM","CLEM_X35Y164","202","78","","X1Y2",""
"u_dut/lfnst_grid_reg[61][15]","lfnst_grid_reg","FDCE","SLICE_X60Y149","SLICEL.DFF","SLICE_X60Y149","SLICEL","CLEL_R_X39Y149","222","94","","X2Y2",""
"u_dut/lfnst_grid_reg[61][1]","lfnst_grid_reg","FDCE","SLICE_X56Y149","SLICEM.DFF","SLICE_X56Y149","SLICEM","CLEM_X37Y149","211","94","","X2Y2",""
"u_dut/lfnst_grid_reg[61][2]","lfnst_grid_reg","FDCE","SLICE_X57Y151","SLICEL.BFF","SLICE_X57Y151","SLICEL","CLEL_R_X37Y151","213","91","","X2Y2",""
"u_dut/lfnst_grid_reg[61][3]","lfnst_grid_reg","FDCE","SLICE_X64Y152","SLICEL.BFF","SLICE_X64Y152","SLICEL","CLEL_L_X42Y152","232","90","","X2Y2",""
"u_dut/lfnst_grid_reg[61][4]","lfnst_grid_reg","FDCE","SLICE_X57Y151","SLICEL.AFF","SLICE_X57Y151","SLICEL","CLEL_R_X37Y151","213","91","","X2Y2",""
"u_dut/lfnst_grid_reg[61][5]","lfnst_grid_reg","FDCE","SLICE_X59Y156","SLICEL.GFF","SLICE_X59Y156","SLICEL","CLEL_R_X38Y156","218","86","","X2Y2",""
"u_dut/lfnst_grid_reg[61][6]","lfnst_grid_reg","FDCE","SLICE_X66Y160","SLICEM.HFF","SLICE_X66Y160","SLICEM","CLEM_X43Y160","237","82","","X2Y2",""
"u_dut/lfnst_grid_reg[61][7]","lfnst_grid_reg","FDCE","SLICE_X66Y160","SLICEM.GFF","SLICE_X66Y160","SLICEM","CLEM_X43Y160","237","82","","X2Y2",""
"u_dut/lfnst_grid_reg[61][8]","lfnst_grid_reg","FDCE","SLICE_X67Y166","SLICEM.DFF","SLICE_X67Y166","SLICEM","CLEM_X44Y166","241","76","","X2Y2",""
"u_dut/lfnst_grid_reg[61][9]","lfnst_grid_reg","FDCE","SLICE_X67Y166","SLICEM.CFF","SLICE_X67Y166","SLICEM","CLEM_X44Y166","241","76","","X2Y2",""
"u_dut/lfnst_grid_reg[62][0]","lfnst_grid_reg","FDCE","SLICE_X53Y161","SLICEM.GFF","SLICE_X53Y161","SLICEM","CLEM_X35Y161","202","81","","X1Y2",""
"u_dut/lfnst_grid_reg[62][10]","lfnst_grid_reg","FDCE","SLICE_X57Y166","SLICEL.HFF","SLICE_X57Y166","SLICEL","CLEL_R_X37Y166","213","76","","X2Y2",""
"u_dut/lfnst_grid_reg[62][11]","lfnst_grid_reg","FDCE","SLICE_X59Y152","SLICEL.DFF","SLICE_X59Y152","SLICEL","CLEL_R_X38Y152","218","90","","X2Y2",""
"u_dut/lfnst_grid_reg[62][12]","lfnst_grid_reg","FDCE","SLICE_X57Y166","SLICEL.GFF","SLICE_X57Y166","SLICEL","CLEL_R_X37Y166","213","76","","X2Y2",""
"u_dut/lfnst_grid_reg[62][13]","lfnst_grid_reg","FDCE","SLICE_X53Y161","SLICEM.HFF","SLICE_X53Y161","SLICEM","CLEM_X35Y161","202","81","","X1Y2",""
"u_dut/lfnst_grid_reg[62][14]","lfnst_grid_reg","FDCE","SLICE_X54Y164","SLICEL.BFF","SLICE_X54Y164","SLICEL","CLEL_R_X35Y164","204","78","","X1Y2",""
"u_dut/lfnst_grid_reg[62][15]","lfnst_grid_reg","FDCE","SLICE_X60Y148","SLICEL.DFF","SLICE_X60Y148","SLICEL","CLEL_R_X39Y148","222","95","","X2Y2",""
"u_dut/lfnst_grid_reg[62][1]","lfnst_grid_reg","FDCE","SLICE_X54Y150","SLICEL.HFF","SLICE_X54Y150","SLICEL","CLEL_R_X35Y150","204","92","","X1Y2",""
"u_dut/lfnst_grid_reg[62][2]","lfnst_grid_reg","FDCE","SLICE_X56Y152","SLICEM.BFF","SLICE_X56Y152","SLICEM","CLEM_X37Y152","211","90","","X2Y2",""
"u_dut/lfnst_grid_reg[62][3]","lfnst_grid_reg","FDCE","SLICE_X63Y154","SLICEL.HFF","SLICE_X63Y154","SLICEL","CLEL_R_X41Y154","231","88","","X2Y2",""
"u_dut/lfnst_grid_reg[62][4]","lfnst_grid_reg","FDCE","SLICE_X59Y152","SLICEL.CFF","SLICE_X59Y152","SLICEL","CLEL_R_X38Y152","218","90","","X2Y2",""
"u_dut/lfnst_grid_reg[62][5]","lfnst_grid_reg","FDCE","SLICE_X63Y154","SLICEL.GFF","SLICE_X63Y154","SLICEL","CLEL_R_X41Y154","231","88","","X2Y2",""
"u_dut/lfnst_grid_reg[62][6]","lfnst_grid_reg","FDCE","SLICE_X66Y158","SLICEM.DFF","SLICE_X66Y158","SLICEM","CLEM_X43Y158","237","84","","X2Y2",""
"u_dut/lfnst_grid_reg[62][7]","lfnst_grid_reg","FDCE","SLICE_X66Y158","SLICEM.CFF","SLICE_X66Y158","SLICEM","CLEM_X43Y158","237","84","","X2Y2",""
"u_dut/lfnst_grid_reg[62][8]","lfnst_grid_reg","FDCE","SLICE_X66Y166","SLICEM.HFF","SLICE_X66Y166","SLICEM","CLEM_X43Y166","237","76","","X2Y2",""
"u_dut/lfnst_grid_reg[62][9]","lfnst_grid_reg","FDCE","SLICE_X66Y166","SLICEM.GFF","SLICE_X66Y166","SLICEM","CLEM_X43Y166","237","76","","X2Y2",""
"u_dut/lfnst_grid_reg[63][0]","lfnst_grid_reg","FDCE","SLICE_X55Y164","SLICEM.BFF","SLICE_X55Y164","SLICEM","CLEM_X36Y164","207","78","","X1Y2",""
"u_dut/lfnst_grid_reg[63][10]","lfnst_grid_reg","FDCE","SLICE_X55Y164","SLICEM.DFF","SLICE_X55Y164","SLICEM","CLEM_X36Y164","207","78","","X1Y2",""
"u_dut/lfnst_grid_reg[63][11]","lfnst_grid_reg","FDCE","SLICE_X59Y151","SLICEL.BFF","SLICE_X59Y151","SLICEL","CLEL_R_X38Y151","218","91","","X2Y2",""
"u_dut/lfnst_grid_reg[63][12]","lfnst_grid_reg","FDCE","SLICE_X56Y167","SLICEM.BFF","SLICE_X56Y167","SLICEM","CLEM_X37Y167","211","75","","X2Y2",""
"u_dut/lfnst_grid_reg[63][13]","lfnst_grid_reg","FDCE","SLICE_X53Y157","SLICEM.DFF","SLICE_X53Y157","SLICEM","CLEM_X35Y157","202","85","","X1Y2",""
"u_dut/lfnst_grid_reg[63][14]","lfnst_grid_reg","FDCE","SLICE_X55Y164","SLICEM.CFF","SLICE_X55Y164","SLICEM","CLEM_X36Y164","207","78","","X1Y2",""
"u_dut/lfnst_grid_reg[63][15]","lfnst_grid_reg","FDCE","SLICE_X64Y148","SLICEL.DFF","SLICE_X64Y148","SLICEL","CLEL_L_X42Y148","232","95","","X2Y2",""
"u_dut/lfnst_grid_reg[63][1]","lfnst_grid_reg","FDCE","SLICE_X54Y149","SLICEL.HFF","SLICE_X54Y149","SLICEL","CLEL_R_X35Y149","204","94","","X1Y2",""
"u_dut/lfnst_grid_reg[63][2]","lfnst_grid_reg","FDCE","SLICE_X53Y152","SLICEM.HFF","SLICE_X53Y152","SLICEM","CLEM_X35Y152","202","90","","X1Y2",""
"u_dut/lfnst_grid_reg[63][3]","lfnst_grid_reg","FDCE","SLICE_X60Y153","SLICEL.BFF","SLICE_X60Y153","SLICEL","CLEL_R_X39Y153","222","89","","X2Y2",""
"u_dut/lfnst_grid_reg[63][4]","lfnst_grid_reg","FDCE","SLICE_X59Y151","SLICEL.AFF","SLICE_X59Y151","SLICEL","CLEL_R_X38Y151","218","91","","X2Y2",""
"u_dut/lfnst_grid_reg[63][5]","lfnst_grid_reg","FDCE","SLICE_X60Y153","SLICEL.AFF","SLICE_X60Y153","SLICEL","CLEL_R_X39Y153","222","89","","X2Y2",""
"u_dut/lfnst_grid_reg[63][6]","lfnst_grid_reg","FDCE","SLICE_X66Y161","SLICEM.FFF","SLICE_X66Y161","SLICEM","CLEM_X43Y161","237","81","","X2Y2",""
"u_dut/lfnst_grid_reg[63][7]","lfnst_grid_reg","FDCE","SLICE_X66Y161","SLICEM.EFF","SLICE_X66Y161","SLICEM","CLEM_X43Y161","237","81","","X2Y2",""
"u_dut/lfnst_grid_reg[63][8]","lfnst_grid_reg","FDCE","SLICE_X68Y165","SLICEL.HFF","SLICE_X68Y165","SLICEL","CLEL_R_X44Y165","243","77","","X2Y2",""
"u_dut/lfnst_grid_reg[63][9]","lfnst_grid_reg","FDCE","SLICE_X67Y165","SLICEM.DFF","SLICE_X67Y165","SLICEM","CLEM_X44Y165","241","77","","X2Y2",""
"u_dut/lfnst_grid_reg[6][0]","lfnst_grid_reg","FDCE","SLICE_X61Y154","SLICEM.BFF2","SLICE_X61Y154","SLICEM","CLEM_X40Y154","225","88","","X2Y2",""
"u_dut/lfnst_grid_reg[6][10]","lfnst_grid_reg","FDCE","SLICE_X61Y154","SLICEM.DFF","SLICE_X61Y154","SLICEM","CLEM_X40Y154","225","88","","X2Y2",""
"u_dut/lfnst_grid_reg[6][11]","lfnst_grid_reg","FDCE","SLICE_X62Y151","SLICEM.DFF","SLICE_X62Y151","SLICEM","CLEM_X41Y151","229","91","","X2Y2",""
"u_dut/lfnst_grid_reg[6][12]","lfnst_grid_reg","FDCE","SLICE_X63Y152","SLICEL.BFF","SLICE_X63Y152","SLICEL","CLEL_R_X41Y152","231","90","","X2Y2",""
"u_dut/lfnst_grid_reg[6][13]","lfnst_grid_reg","FDCE","SLICE_X61Y154","SLICEM.CFF","SLICE_X61Y154","SLICEM","CLEM_X40Y154","225","88","","X2Y2",""
"u_dut/lfnst_grid_reg[6][14]","lfnst_grid_reg","FDCE","SLICE_X63Y152","SLICEL.AFF","SLICE_X63Y152","SLICEL","CLEL_R_X41Y152","231","90","","X2Y2",""
"u_dut/lfnst_grid_reg[6][15]","lfnst_grid_reg","FDCE","SLICE_X62Y151","SLICEM.CFF","SLICE_X62Y151","SLICEM","CLEM_X41Y151","229","91","","X2Y2",""
"u_dut/lfnst_grid_reg[6][1]","lfnst_grid_reg","FDCE","SLICE_X61Y150","SLICEM.DFF","SLICE_X61Y150","SLICEM","CLEM_X40Y150","225","92","","X2Y2",""
"u_dut/lfnst_grid_reg[6][2]","lfnst_grid_reg","FDCE","SLICE_X57Y150","SLICEL.HFF","SLICE_X57Y150","SLICEL","CLEL_R_X37Y150","213","92","","X2Y2",""
"u_dut/lfnst_grid_reg[6][3]","lfnst_grid_reg","FDCE","SLICE_X57Y150","SLICEL.GFF","SLICE_X57Y150","SLICEL","CLEL_R_X37Y150","213","92","","X2Y2",""
"u_dut/lfnst_grid_reg[6][4]","lfnst_grid_reg","FDCE","SLICE_X65Y150","SLICEL.DFF","SLICE_X65Y150","SLICEL","CLEL_R_X42Y150","234","92","","X2Y2",""
"u_dut/lfnst_grid_reg[6][5]","lfnst_grid_reg","FDCE","SLICE_X62Y151","SLICEM.BFF","SLICE_X62Y151","SLICEM","CLEM_X41Y151","229","91","","X2Y2",""
"u_dut/lfnst_grid_reg[6][6]","lfnst_grid_reg","FDCE","SLICE_X65Y151","SLICEL.DFF","SLICE_X65Y151","SLICEL","CLEL_R_X42Y151","234","91","","X2Y2",""
"u_dut/lfnst_grid_reg[6][7]","lfnst_grid_reg","FDCE","SLICE_X65Y151","SLICEL.CFF","SLICE_X65Y151","SLICEL","CLEL_R_X42Y151","234","91","","X2Y2",""
"u_dut/lfnst_grid_reg[6][8]","lfnst_grid_reg","FDCE","SLICE_X66Y153","SLICEM.HFF","SLICE_X66Y153","SLICEM","CLEM_X43Y153","237","89","","X2Y2",""
"u_dut/lfnst_grid_reg[6][9]","lfnst_grid_reg","FDCE","SLICE_X65Y151","SLICEL.BFF","SLICE_X65Y151","SLICEL","CLEL_R_X42Y151","234","91","","X2Y2",""
"u_dut/lfnst_grid_reg[7][0]","lfnst_grid_reg","FDCE","SLICE_X59Y155","SLICEL.AFF","SLICE_X59Y155","SLICEL","CLEL_R_X38Y155","218","87","","X2Y2",""
"u_dut/lfnst_grid_reg[7][10]","lfnst_grid_reg","FDCE","SLICE_X58Y155","SLICEM.HFF","SLICE_X58Y155","SLICEM","CLEM_X38Y155","216","87","","X2Y2",""
"u_dut/lfnst_grid_reg[7][11]","lfnst_grid_reg","FDCE","SLICE_X61Y149","SLICEM.DFF","SLICE_X61Y149","SLICEM","CLEM_X40Y149","225","94","","X2Y2",""
"u_dut/lfnst_grid_reg[7][12]","lfnst_grid_reg","FDCE","SLICE_X61Y163","SLICEM.DFF","SLICE_X61Y163","SLICEM","CLEM_X40Y163","225","79","","X2Y2",""
"u_dut/lfnst_grid_reg[7][13]","lfnst_grid_reg","FDCE","SLICE_X58Y155","SLICEM.GFF","SLICE_X58Y155","SLICEM","CLEM_X38Y155","216","87","","X2Y2",""
"u_dut/lfnst_grid_reg[7][14]","lfnst_grid_reg","FDCE","SLICE_X59Y155","SLICEL.BFF","SLICE_X59Y155","SLICEL","CLEL_R_X38Y155","218","87","","X2Y2",""
"u_dut/lfnst_grid_reg[7][15]","lfnst_grid_reg","FDCE","SLICE_X61Y149","SLICEM.CFF","SLICE_X61Y149","SLICEM","CLEM_X40Y149","225","94","","X2Y2",""
"u_dut/lfnst_grid_reg[7][1]","lfnst_grid_reg","FDCE","SLICE_X58Y151","SLICEM.DFF","SLICE_X58Y151","SLICEM","CLEM_X38Y151","216","91","","X2Y2",""
"u_dut/lfnst_grid_reg[7][2]","lfnst_grid_reg","FDCE","SLICE_X54Y151","SLICEL.HFF","SLICE_X54Y151","SLICEL","CLEL_R_X35Y151","204","91","","X1Y2",""
"u_dut/lfnst_grid_reg[7][3]","lfnst_grid_reg","FDCE","SLICE_X54Y151","SLICEL.GFF","SLICE_X54Y151","SLICEL","CLEL_R_X35Y151","204","91","","X1Y2",""
"u_dut/lfnst_grid_reg[7][4]","lfnst_grid_reg","FDCE","SLICE_X64Y155","SLICEL.BFF","SLICE_X64Y155","SLICEL","CLEL_L_X42Y155","232","87","","X2Y2",""
"u_dut/lfnst_grid_reg[7][5]","lfnst_grid_reg","FDCE","SLICE_X65Y156","SLICEL.HFF","SLICE_X65Y156","SLICEL","CLEL_R_X42Y156","234","86","","X2Y2",""
"u_dut/lfnst_grid_reg[7][6]","lfnst_grid_reg","FDCE","SLICE_X65Y156","SLICEL.GFF","SLICE_X65Y156","SLICEL","CLEL_R_X42Y156","234","86","","X2Y2",""
"u_dut/lfnst_grid_reg[7][7]","lfnst_grid_reg","FDCE","SLICE_X65Y156","SLICEL.FFF","SLICE_X65Y156","SLICEL","CLEL_R_X42Y156","234","86","","X2Y2",""
"u_dut/lfnst_grid_reg[7][8]","lfnst_grid_reg","FDCE","SLICE_X69Y163","SLICEL.HFF","SLICE_X69Y163","SLICEL","CLEL_L_X45Y163","244","79","","X2Y2",""
"u_dut/lfnst_grid_reg[7][9]","lfnst_grid_reg","FDCE","SLICE_X61Y163","SLICEM.CFF","SLICE_X61Y163","SLICEM","CLEM_X40Y163","225","79","","X2Y2",""
"u_dut/lfnst_grid_reg[8][0]","lfnst_grid_reg","FDCE","SLICE_X62Y160","SLICEM.HFF2","SLICE_X62Y160","SLICEM","CLEM_X41Y160","229","82","","X2Y2",""
"u_dut/lfnst_grid_reg[8][10]","lfnst_grid_reg","FDCE","SLICE_X62Y160","SLICEM.HFF","SLICE_X62Y160","SLICEM","CLEM_X41Y160","229","82","","X2Y2",""
"u_dut/lfnst_grid_reg[8][11]","lfnst_grid_reg","FDCE","SLICE_X62Y166","SLICEM.HFF","SLICE_X62Y166","SLICEM","CLEM_X41Y166","229","76","","X2Y2",""
"u_dut/lfnst_grid_reg[8][12]","lfnst_grid_reg","FDCE","SLICE_X62Y160","SLICEM.GFF","SLICE_X62Y160","SLICEM","CLEM_X41Y160","229","82","","X2Y2",""
"u_dut/lfnst_grid_reg[8][13]","lfnst_grid_reg","FDCE","SLICE_X56Y156","SLICEM.HFF","SLICE_X56Y156","SLICEM","CLEM_X37Y156","211","86","","X2Y2",""
"u_dut/lfnst_grid_reg[8][14]","lfnst_grid_reg","FDCE","SLICE_X61Y156","SLICEM.DFF","SLICE_X61Y156","SLICEM","CLEM_X40Y156","225","86","","X2Y2",""
"u_dut/lfnst_grid_reg[8][15]","lfnst_grid_reg","FDCE","SLICE_X61Y156","SLICEM.CFF","SLICE_X61Y156","SLICEM","CLEM_X40Y156","225","86","","X2Y2",""
"u_dut/lfnst_grid_reg[8][1]","lfnst_grid_reg","FDCE","SLICE_X59Y161","SLICEL.FFF","SLICE_X59Y161","SLICEL","CLEL_R_X38Y161","218","81","","X2Y2",""
"u_dut/lfnst_grid_reg[8][2]","lfnst_grid_reg","FDCE","SLICE_X59Y161","SLICEL.EFF","SLICE_X59Y161","SLICEL","CLEL_R_X38Y161","218","81","","X2Y2",""
"u_dut/lfnst_grid_reg[8][3]","lfnst_grid_reg","FDCE","SLICE_X62Y160","SLICEM.FFF","SLICE_X62Y160","SLICEM","CLEM_X41Y160","229","82","","X2Y2",""
"u_dut/lfnst_grid_reg[8][4]","lfnst_grid_reg","FDCE","SLICE_X61Y156","SLICEM.BFF","SLICE_X61Y156","SLICEM","CLEM_X40Y156","225","86","","X2Y2",""
"u_dut/lfnst_grid_reg[8][5]","lfnst_grid_reg","FDCE","SLICE_X61Y156","SLICEM.AFF","SLICE_X61Y156","SLICEM","CLEM_X40Y156","225","86","","X2Y2",""
"u_dut/lfnst_grid_reg[8][6]","lfnst_grid_reg","FDCE","SLICE_X69Y162","SLICEL.DFF","SLICE_X69Y162","SLICEL","CLEL_L_X45Y162","244","80","","X2Y2",""
"u_dut/lfnst_grid_reg[8][7]","lfnst_grid_reg","FDCE","SLICE_X67Y164","SLICEM.BFF","SLICE_X67Y164","SLICEM","CLEM_X44Y164","241","78","","X2Y2",""
"u_dut/lfnst_grid_reg[8][8]","lfnst_grid_reg","FDCE","SLICE_X67Y164","SLICEM.AFF","SLICE_X67Y164","SLICEM","CLEM_X44Y164","241","78","","X2Y2",""
"u_dut/lfnst_grid_reg[8][9]","lfnst_grid_reg","FDCE","SLICE_X65Y167","SLICEL.HFF","SLICE_X65Y167","SLICEL","CLEL_R_X42Y167","234","75","","X2Y2",""
"u_dut/lfnst_grid_reg[9][0]","lfnst_grid_reg","FDCE","SLICE_X61Y161","SLICEM.HFF2","SLICE_X61Y161","SLICEM","CLEM_X40Y161","225","81","","X2Y2",""
"u_dut/lfnst_grid_reg[9][10]","lfnst_grid_reg","FDCE","SLICE_X63Y161","SLICEL.FFF","SLICE_X63Y161","SLICEL","CLEL_R_X41Y161","231","81","","X2Y2",""
"u_dut/lfnst_grid_reg[9][11]","lfnst_grid_reg","FDCE","SLICE_X61Y164","SLICEM.DFF","SLICE_X61Y164","SLICEM","CLEM_X40Y164","225","78","","X2Y2",""
"u_dut/lfnst_grid_reg[9][12]","lfnst_grid_reg","FDCE","SLICE_X64Y159","SLICEL.HFF","SLICE_X64Y159","SLICEL","CLEL_L_X42Y159","232","83","","X2Y2",""
"u_dut/lfnst_grid_reg[9][13]","lfnst_grid_reg","FDCE","SLICE_X59Y161","SLICEL.BFF","SLICE_X59Y161","SLICEL","CLEL_R_X38Y161","218","81","","X2Y2",""
"u_dut/lfnst_grid_reg[9][14]","lfnst_grid_reg","FDCE","SLICE_X59Y155","SLICEL.HFF","SLICE_X59Y155","SLICEL","CLEL_R_X38Y155","218","87","","X2Y2",""
"u_dut/lfnst_grid_reg[9][15]","lfnst_grid_reg","FDCE","SLICE_X64Y159","SLICEL.GFF","SLICE_X64Y159","SLICEL","CLEL_L_X42Y159","232","83","","X2Y2",""
"u_dut/lfnst_grid_reg[9][1]","lfnst_grid_reg","FDCE","SLICE_X59Y161","SLICEL.AFF","SLICE_X59Y161","SLICEL","CLEL_R_X38Y161","218","81","","X2Y2",""
"u_dut/lfnst_grid_reg[9][2]","lfnst_grid_reg","FDCE","SLICE_X59Y155","SLICEL.GFF","SLICE_X59Y155","SLICEL","CLEL_R_X38Y155","218","87","","X2Y2",""
"u_dut/lfnst_grid_reg[9][3]","lfnst_grid_reg","FDCE","SLICE_X65Y163","SLICEL.BFF","SLICE_X65Y163","SLICEL","CLEL_R_X42Y163","234","79","","X2Y2",""
"u_dut/lfnst_grid_reg[9][4]","lfnst_grid_reg","FDCE","SLICE_X63Y157","SLICEL.DFF","SLICE_X63Y157","SLICEL","CLEL_R_X41Y157","231","85","","X2Y2",""
"u_dut/lfnst_grid_reg[9][5]","lfnst_grid_reg","FDCE","SLICE_X65Y158","SLICEL.DFF","SLICE_X65Y158","SLICEL","CLEL_R_X42Y158","234","84","","X2Y2",""
"u_dut/lfnst_grid_reg[9][6]","lfnst_grid_reg","FDCE","SLICE_X65Y158","SLICEL.CFF","SLICE_X65Y158","SLICEL","CLEL_R_X42Y158","234","84","","X2Y2",""
"u_dut/lfnst_grid_reg[9][7]","lfnst_grid_reg","FDCE","SLICE_X65Y158","SLICEL.BFF","SLICE_X65Y158","SLICEL","CLEL_R_X42Y158","234","84","","X2Y2",""
"u_dut/lfnst_grid_reg[9][8]","lfnst_grid_reg","FDCE","SLICE_X64Y159","SLICEL.FFF","SLICE_X64Y159","SLICEL","CLEL_L_X42Y159","232","83","","X2Y2",""
"u_dut/lfnst_grid_reg[9][9]","lfnst_grid_reg","FDCE","SLICE_X65Y163","SLICEL.AFF","SLICE_X65Y163","SLICEL","CLEL_R_X42Y163","234","79","","X2Y2",""
"u_dut/result_cmd_valid_q_reg","result_cmd_valid_q_reg","FDCE","SLICE_X63Y143","SLICEL.HFF","SLICE_X63Y143","SLICEL","CLEL_R_X41Y143","231","100","","X2Y2",""
"u_dut/result_cmd_slot_q_reg","result_cmd_slot_q_reg","FDCE","SLICE_X63Y144","SLICEL.FFF","SLICE_X63Y144","SLICEL","CLEL_R_X41Y144","231","99","","X2Y2",""
"u_dut/gen_result_slots[0].gen_result_banks[0].u_result_bank","result_bank","its_simple_ram","","","SLICE_X58Y135","SLICEM","CLEM_X38Y135","216","108","","X2Y2",""
"u_dut/gen_result_slots[0].gen_result_banks[0].u_result_bank_i_1","result_bank","LUT3","SLICE_X60Y163","SLICEL.E6LUT","SLICE_X60Y163","SLICEL","CLEL_R_X39Y163","222","79","","X2Y2",""
"u_dut/gen_result_slots[0].gen_result_banks[0].u_result_bank_i_10","result_bank","LUT3","SLICE_X64Y139","SLICEL.D5LUT","SLICE_X64Y139","SLICEL","CLEL_L_X42Y139","232","104","","X2Y2",""
"u_dut/gen_result_slots[0].gen_result_banks[0].u_result_bank_i_2","result_bank","LUT3","SLICE_X62Y172","SLICEM.H6LUT","SLICE_X62Y172","SLICEM","CLEM_X41Y172","229","70","","X2Y2",""
"u_dut/gen_result_slots[0].gen_result_banks[0].u_result_bank_i_3","result_bank","LUT3","SLICE_X60Y164","SLICEL.G6LUT","SLICE_X60Y164","SLICEL","CLEL_R_X39Y164","222","78","","X2Y2",""
"u_dut/gen_result_slots[0].gen_result_banks[0].u_result_bank_i_4","result_bank","LUT3","SLICE_X60Y174","SLICEL.H6LUT","SLICE_X60Y174","SLICEL","CLEL_R_X39Y174","222","68","","X2Y2",""
"u_dut/gen_result_slots[0].gen_result_banks[0].u_result_bank_i_5","result_bank","LUT3","SLICE_X61Y141","SLICEM.D6LUT","SLICE_X61Y141","SLICEM","CLEM_X40Y141","225","102","","X2Y2",""
"u_dut/gen_result_slots[0].gen_result_banks[0].u_result_bank_i_6","result_bank","LUT3","SLICE_X63Y142","SLICEL.D6LUT","SLICE_X63Y142","SLICEL","CLEL_R_X41Y142","231","101","","X2Y2",""
"u_dut/gen_result_slots[0].gen_result_banks[0].u_result_bank_i_7","result_bank","LUT3","SLICE_X60Y164","SLICEL.A6LUT","SLICE_X60Y164","SLICEL","CLEL_R_X39Y164","222","78","","X2Y2",""
"u_dut/gen_result_slots[0].gen_result_banks[0].u_result_bank_i_8","result_bank","LUT3","SLICE_X60Y147","SLICEL.D6LUT","SLICE_X60Y147","SLICEL","CLEL_R_X39Y147","222","96","","X2Y2",""
"u_dut/gen_result_slots[0].gen_result_banks[0].u_result_bank_i_9","result_bank","LUT3","SLICE_X61Y141","SLICEM.C6LUT","SLICE_X61Y141","SLICEM","CLEM_X40Y141","225","102","","X2Y2",""
"u_dut/gen_result_slots[0].gen_result_banks[1].u_result_bank","result_bank","its_simple_ram__7","","","SLICE_X55Y140","SLICEM","CLEM_X36Y140","207","103","","X1Y2",""
"u_dut/gen_result_slots[0].gen_result_banks[1].u_result_bank_i_1","result_bank","LUT3","SLICE_X61Y151","SLICEM.C6LUT","SLICE_X61Y151","SLICEM","CLEM_X40Y151","225","91","","X2Y2",""
"u_dut/gen_result_slots[0].gen_result_banks[1].u_result_bank_i_10","result_bank","LUT3","SLICE_X58Y166","SLICEM.D6LUT","SLICE_X58Y166","SLICEM","CLEM_X38Y166","216","76","","X2Y2",""
"u_dut/gen_result_slots[0].gen_result_banks[1].u_result_bank_i_2","result_bank","LUT3","SLICE_X59Y150","SLICEL.C6LUT","SLICE_X59Y150","SLICEL","CLEL_R_X38Y150","218","92","","X2Y2",""
"u_dut/gen_result_slots[0].gen_result_banks[1].u_result_bank_i_3","result_bank","LUT3","SLICE_X62Y150","SLICEM.C6LUT","SLICE_X62Y150","SLICEM","CLEM_X41Y150","229","92","","X2Y2",""
"u_dut/gen_result_slots[0].gen_result_banks[1].u_result_bank_i_4","result_bank","LUT3","SLICE_X59Y148","SLICEL.D6LUT","SLICE_X59Y148","SLICEL","CLEL_R_X38Y148","218","95","","X2Y2",""
"u_dut/gen_result_slots[0].gen_result_banks[1].u_result_bank_i_5","result_bank","LUT3","SLICE_X59Y164","SLICEL.D6LUT","SLICE_X59Y164","SLICEL","CLEL_R_X38Y164","218","78","","X2Y2",""
"u_dut/gen_result_slots[0].gen_result_banks[1].u_result_bank_i_6","result_bank","LUT3","SLICE_X63Y149","SLICEL.D6LUT","SLICE_X63Y149","SLICEL","CLEL_R_X41Y149","231","94","","X2Y2",""
"u_dut/gen_result_slots[0].gen_result_banks[1].u_result_bank_i_7","result_bank","LUT3","SLICE_X59Y149","SLICEL.D6LUT","SLICE_X59Y149","SLICEL","CLEL_R_X38Y149","218","94","","X2Y2",""
"u_dut/gen_result_slots[0].gen_result_banks[1].u_result_bank_i_8","result_bank","LUT3","SLICE_X59Y149","SLICEL.C6LUT","SLICE_X59Y149","SLICEL","CLEL_R_X38Y149","218","94","","X2Y2",""
"u_dut/gen_result_slots[0].gen_result_banks[1].u_result_bank_i_9","result_bank","LUT3","SLICE_X58Y166","SLICEM.C6LUT","SLICE_X58Y166","SLICEM","CLEM_X38Y166","216","76","","X2Y2",""
"u_dut/gen_result_slots[0].gen_result_banks[2].u_result_bank","result_bank","its_simple_ram__6","","","SLICE_X62Y152","SLICEM","CLEM_X41Y152","229","90","","X2Y2",""
"u_dut/gen_result_slots[0].gen_result_banks[2].u_result_bank_i_1","result_bank","LUT3","SLICE_X68Y152","SLICEL.B6LUT","SLICE_X68Y152","SLICEL","CLEL_R_X44Y152","243","90","","X2Y2",""
"u_dut/gen_result_slots[0].gen_result_banks[2].u_result_bank_i_10","result_bank","LUT3","SLICE_X62Y152","SLICEM.D6LUT","SLICE_X62Y152","SLICEM","CLEM_X41Y152","229","90","","X2Y2",""
"u_dut/gen_result_slots[0].gen_result_banks[2].u_result_bank_i_2","result_bank","LUT3","SLICE_X66Y158","SLICEM.B6LUT","SLICE_X66Y158","SLICEM","CLEM_X43Y158","237","84","","X2Y2",""
"u_dut/gen_result_slots[0].gen_result_banks[2].u_result_bank_i_3","result_bank","LUT3","SLICE_X65Y164","SLICEL.A6LUT","SLICE_X65Y164","SLICEL","CLEL_R_X42Y164","234","78","","X2Y2",""
"u_dut/gen_result_slots[0].gen_result_banks[2].u_result_bank_i_4","result_bank","LUT3","SLICE_X68Y165","SLICEL.G6LUT","SLICE_X68Y165","SLICEL","CLEL_R_X44Y165","243","77","","X2Y2",""
"u_dut/gen_result_slots[0].gen_result_banks[2].u_result_bank_i_5","result_bank","LUT3","SLICE_X67Y141","SLICEM.D6LUT","SLICE_X67Y141","SLICEM","CLEM_X44Y141","241","102","","X2Y2",""
"u_dut/gen_result_slots[0].gen_result_banks[2].u_result_bank_i_6","result_bank","LUT3","SLICE_X65Y143","SLICEL.H6LUT","SLICE_X65Y143","SLICEL","CLEL_R_X42Y143","234","100","","X2Y2",""
"u_dut/gen_result_slots[0].gen_result_banks[2].u_result_bank_i_7","result_bank","LUT3","SLICE_X65Y152","SLICEL.D6LUT","SLICE_X65Y152","SLICEL","CLEL_R_X42Y152","234","90","","X2Y2",""
"u_dut/gen_result_slots[0].gen_result_banks[2].u_result_bank_i_8","result_bank","LUT3","SLICE_X68Y144","SLICEL.H6LUT","SLICE_X68Y144","SLICEL","CLEL_R_X44Y144","243","99","","X2Y2",""
"u_dut/gen_result_slots[0].gen_result_banks[2].u_result_bank_i_9","result_bank","LUT3","SLICE_X65Y161","SLICEL.D6LUT","SLICE_X65Y161","SLICEL","CLEL_R_X42Y161","234","81","","X2Y2",""
"u_dut/gen_result_slots[0].gen_result_banks[3].u_result_bank","result_bank","its_simple_ram__5","","","SLICE_X65Y87","SLICEL","CLEL_R_X42Y87","234","158","","X2Y1",""
"u_dut/gen_result_slots[0].gen_result_banks[3].u_result_bank_i_1","result_bank","LUT2","SLICE_X63Y144","SLICEL.B6LUT","SLICE_X63Y144","SLICEL","CLEL_R_X41Y144","231","99","","X2Y2",""
"u_dut/gen_result_slots[0].gen_result_banks[3].u_result_bank_i_10","result_bank","LUT3","SLICE_X63Y145","SLICEL.B5LUT","SLICE_X63Y145","SLICEL","CLEL_R_X41Y145","231","98","","X2Y2",""
"u_dut/gen_result_slots[0].gen_result_banks[3].u_result_bank_i_11","result_bank","LUT3","SLICE_X63Y145","SLICEL.G5LUT","SLICE_X63Y145","SLICEL","CLEL_R_X41Y145","231","98","","X2Y2",""
"u_dut/gen_result_slots[0].gen_result_banks[3].u_result_bank_i_12","result_bank","LUT3","SLICE_X69Y139","SLICEL.D6LUT","SLICE_X69Y139","SLICEL","CLEL_L_X45Y139","244","104","","X2Y2",""
"u_dut/gen_result_slots[0].gen_result_banks[3].u_result_bank_i_13","result_bank","LUT3","SLICE_X70Y158","SLICEL.B6LUT","SLICE_X70Y158","SLICEL","CLEL_R_X45Y158","246","84","","X2Y2",""
"u_dut/gen_result_slots[0].gen_result_banks[3].u_result_bank_i_14","result_bank","LUT3","SLICE_X70Y157","SLICEL.E6LUT","SLICE_X70Y157","SLICEL","CLEL_R_X45Y157","246","85","","X2Y2",""
"u_dut/gen_result_slots[0].gen_result_banks[3].u_result_bank_i_15","result_bank","LUT3","SLICE_X72Y164","SLICEL.H6LUT","SLICE_X72Y164","SLICEL","CLEL_R_X46Y164","251","78","","X2Y2",""
"u_dut/gen_result_slots[0].gen_result_banks[3].u_result_bank_i_16","result_bank","LUT3","SLICE_X62Y174","SLICEM.G6LUT","SLICE_X62Y174","SLICEM","CLEM_X41Y174","229","68","","X2Y2",""
"u_dut/gen_result_slots[0].gen_result_banks[3].u_result_bank_i_17","result_bank","LUT3","SLICE_X69Y145","SLICEL.D6LUT","SLICE_X69Y145","SLICEL","CLEL_L_X45Y145","244","98","","X2Y2",""
"u_dut/gen_result_slots[0].gen_result_banks[3].u_result_bank_i_18","result_bank","LUT3","SLICE_X70Y159","SLICEL.H6LUT","SLICE_X70Y159","SLICEL","CLEL_R_X45Y159","246","83","","X2Y2",""
"u_dut/gen_result_slots[0].gen_result_banks[3].u_result_bank_i_19","result_bank","LUT3","SLICE_X70Y160","SLICEL.D6LUT","SLICE_X70Y160","SLICEL","CLEL_R_X45Y160","246","82","","X2Y2",""
"u_dut/gen_result_slots[0].gen_result_banks[3].u_result_bank_i_2","result_bank","LUT3","SLICE_X63Y143","SLICEL.G6LUT","SLICE_X63Y143","SLICEL","CLEL_R_X41Y143","231","100","","X2Y2",""
"u_dut/gen_result_slots[0].gen_result_banks[3].u_result_bank_i_20","result_bank","LUT3","SLICE_X70Y165","SLICEL.H6LUT","SLICE_X70Y165","SLICEL","CLEL_R_X45Y165","246","77","","X2Y2",""
"u_dut/gen_result_slots[0].gen_result_banks[3].u_result_bank_i_21","result_bank","LUT3","SLICE_X68Y172","SLICEL.F6LUT","SLICE_X68Y172","SLICEL","CLEL_R_X44Y172","243","70","","X2Y2",""
"u_dut/gen_result_slots[0].gen_result_banks[3].u_result_bank_i_3","result_bank","LUT3","SLICE_X63Y144","SLICEL.H6LUT","SLICE_X63Y144","SLICEL","CLEL_R_X41Y144","231","99","","X2Y2",""
"u_dut/gen_result_slots[0].gen_result_banks[3].u_result_bank_i_4","result_bank","LUT3","SLICE_X63Y144","SLICEL.F6LUT","SLICE_X63Y144","SLICEL","CLEL_R_X41Y144","231","99","","X2Y2",""
"u_dut/gen_result_slots[0].gen_result_banks[3].u_result_bank_i_5","result_bank","LUT3","SLICE_X64Y143","SLICEL.G6LUT","SLICE_X64Y143","SLICEL","CLEL_L_X42Y143","232","100","","X2Y2",""
"u_dut/gen_result_slots[0].gen_result_banks[3].u_result_bank_i_6","result_bank","LUT3","SLICE_X65Y146","SLICEL.B5LUT","SLICE_X65Y146","SLICEL","CLEL_R_X42Y146","234","97","","X2Y2",""
"u_dut/gen_result_slots[0].gen_result_banks[3].u_result_bank_i_7","result_bank","LUT3","SLICE_X65Y146","SLICEL.A5LUT","SLICE_X65Y146","SLICEL","CLEL_R_X42Y146","234","97","","X2Y2",""
"u_dut/gen_result_slots[0].gen_result_banks[3].u_result_bank_i_8","result_bank","LUT3","SLICE_X60Y145","SLICEL.G5LUT","SLICE_X60Y145","SLICEL","CLEL_R_X39Y145","222","98","","X2Y2",""
"u_dut/gen_result_slots[0].gen_result_banks[3].u_result_bank_i_9","result_bank","LUT3","SLICE_X62Y148","SLICEM.C5LUT","SLICE_X62Y148","SLICEM","CLEM_X41Y148","229","95","","X2Y2",""
"u_dut/gen_result_slots[1].gen_result_banks[0].u_result_bank","result_bank","its_simple_ram__4","","","SLICE_X58Y111","SLICEM","CLEM_X38Y111","216","133","","X2Y1",""
"u_dut/gen_result_slots[1].gen_result_banks[0].u_result_bank_i_1","result_bank","LUT3","SLICE_X60Y164","SLICEL.F6LUT","SLICE_X60Y164","SLICEL","CLEL_R_X39Y164","222","78","","X2Y2",""
"u_dut/gen_result_slots[1].gen_result_banks[0].u_result_bank_i_10","result_bank","LUT3","SLICE_X64Y139","SLICEL.D6LUT","SLICE_X64Y139","SLICEL","CLEL_L_X42Y139","232","104","","X2Y2",""
"u_dut/gen_result_slots[1].gen_result_banks[0].u_result_bank_i_2","result_bank","LUT3","SLICE_X62Y172","SLICEM.H5LUT","SLICE_X62Y172","SLICEM","CLEM_X41Y172","229","70","","X2Y2",""
"u_dut/gen_result_slots[1].gen_result_banks[0].u_result_bank_i_3","result_bank","LUT3","SLICE_X60Y164","SLICEL.E6LUT","SLICE_X60Y164","SLICEL","CLEL_R_X39Y164","222","78","","X2Y2",""
"u_dut/gen_result_slots[1].gen_result_banks[0].u_result_bank_i_4","result_bank","LUT3","SLICE_X60Y174","SLICEL.G6LUT","SLICE_X60Y174","SLICEL","CLEL_R_X39Y174","222","68","","X2Y2",""
"u_dut/gen_result_slots[1].gen_result_banks[0].u_result_bank_i_5","result_bank","LUT3","SLICE_X61Y141","SLICEM.D5LUT","SLICE_X61Y141","SLICEM","CLEM_X40Y141","225","102","","X2Y2",""
"u_dut/gen_result_slots[1].gen_result_banks[0].u_result_bank_i_6","result_bank","LUT3","SLICE_X63Y142","SLICEL.D5LUT","SLICE_X63Y142","SLICEL","CLEL_R_X41Y142","231","101","","X2Y2",""
"u_dut/gen_result_slots[1].gen_result_banks[0].u_result_bank_i_7","result_bank","LUT3","SLICE_X60Y166","SLICEL.F6LUT","SLICE_X60Y166","SLICEL","CLEL_R_X39Y166","222","76","","X2Y2",""
"u_dut/gen_result_slots[1].gen_result_banks[0].u_result_bank_i_8","result_bank","LUT3","SLICE_X60Y147","SLICEL.D5LUT","SLICE_X60Y147","SLICEL","CLEL_R_X39Y147","222","96","","X2Y2",""
"u_dut/gen_result_slots[1].gen_result_banks[0].u_result_bank_i_9","result_bank","LUT3","SLICE_X61Y141","SLICEM.C5LUT","SLICE_X61Y141","SLICEM","CLEM_X40Y141","225","102","","X2Y2",""
"u_dut/gen_result_slots[1].gen_result_banks[1].u_result_bank","result_bank","its_simple_ram__3","","","SLICE_X58Y150","SLICEM","CLEM_X38Y150","216","92","","X2Y2",""
"u_dut/gen_result_slots[1].gen_result_banks[1].u_result_bank_i_1","result_bank","LUT3","SLICE_X61Y151","SLICEM.C5LUT","SLICE_X61Y151","SLICEM","CLEM_X40Y151","225","91","","X2Y2",""
"u_dut/gen_result_slots[1].gen_result_banks[1].u_result_bank_i_10","result_bank","LUT3","SLICE_X58Y166","SLICEM.D5LUT","SLICE_X58Y166","SLICEM","CLEM_X38Y166","216","76","","X2Y2",""
"u_dut/gen_result_slots[1].gen_result_banks[1].u_result_bank_i_2","result_bank","LUT3","SLICE_X59Y150","SLICEL.C5LUT","SLICE_X59Y150","SLICEL","CLEL_R_X38Y150","218","92","","X2Y2",""
"u_dut/gen_result_slots[1].gen_result_banks[1].u_result_bank_i_3","result_bank","LUT3","SLICE_X62Y150","SLICEM.C5LUT","SLICE_X62Y150","SLICEM","CLEM_X41Y150","229","92","","X2Y2",""
"u_dut/gen_result_slots[1].gen_result_banks[1].u_result_bank_i_4","result_bank","LUT3","SLICE_X59Y148","SLICEL.D5LUT","SLICE_X59Y148","SLICEL","CLEL_R_X38Y148","218","95","","X2Y2",""
"u_dut/gen_result_slots[1].gen_result_banks[1].u_result_bank_i_5","result_bank","LUT3","SLICE_X59Y164","SLICEL.D5LUT","SLICE_X59Y164","SLICEL","CLEL_R_X38Y164","218","78","","X2Y2",""
"u_dut/gen_result_slots[1].gen_result_banks[1].u_result_bank_i_6","result_bank","LUT3","SLICE_X63Y149","SLICEL.D5LUT","SLICE_X63Y149","SLICEL","CLEL_R_X41Y149","231","94","","X2Y2",""
"u_dut/gen_result_slots[1].gen_result_banks[1].u_result_bank_i_7","result_bank","LUT3","SLICE_X59Y149","SLICEL.D5LUT","SLICE_X59Y149","SLICEL","CLEL_R_X38Y149","218","94","","X2Y2",""
"u_dut/gen_result_slots[1].gen_result_banks[1].u_result_bank_i_8","result_bank","LUT3","SLICE_X59Y149","SLICEL.C5LUT","SLICE_X59Y149","SLICEL","CLEL_R_X38Y149","218","94","","X2Y2",""
"u_dut/gen_result_slots[1].gen_result_banks[1].u_result_bank_i_9","result_bank","LUT3","SLICE_X58Y166","SLICEM.C5LUT","SLICE_X58Y166","SLICEM","CLEM_X38Y166","216","76","","X2Y2",""
"u_dut/gen_result_slots[1].gen_result_banks[2].u_result_bank","result_bank","its_simple_ram__2","","","SLICE_X58Y120","SLICEM","CLEM_X38Y120","216","123","","X2Y2",""
"u_dut/gen_result_slots[1].gen_result_banks[2].u_result_bank_i_1","result_bank","LUT3","SLICE_X68Y152","SLICEL.B5LUT","SLICE_X68Y152","SLICEL","CLEL_R_X44Y152","243","90","","X2Y2",""
"u_dut/gen_result_slots[1].gen_result_banks[2].u_result_bank_i_10","result_bank","LUT3","SLICE_X62Y152","SLICEM.D5LUT","SLICE_X62Y152","SLICEM","CLEM_X41Y152","229","90","","X2Y2",""
"u_dut/gen_result_slots[1].gen_result_banks[2].u_result_bank_i_2","result_bank","LUT3","SLICE_X66Y158","SLICEM.B5LUT","SLICE_X66Y158","SLICEM","CLEM_X43Y158","237","84","","X2Y2",""
"u_dut/gen_result_slots[1].gen_result_banks[2].u_result_bank_i_3","result_bank","LUT3","SLICE_X65Y164","SLICEL.A5LUT","SLICE_X65Y164","SLICEL","CLEL_R_X42Y164","234","78","","X2Y2",""
"u_dut/gen_result_slots[1].gen_result_banks[2].u_result_bank_i_4","result_bank","LUT3","SLICE_X68Y165","SLICEL.F6LUT","SLICE_X68Y165","SLICEL","CLEL_R_X44Y165","243","77","","X2Y2",""
"u_dut/gen_result_slots[1].gen_result_banks[2].u_result_bank_i_5","result_bank","LUT3","SLICE_X67Y141","SLICEM.D5LUT","SLICE_X67Y141","SLICEM","CLEM_X44Y141","241","102","","X2Y2",""
"u_dut/gen_result_slots[1].gen_result_banks[2].u_result_bank_i_6","result_bank","LUT3","SLICE_X65Y143","SLICEL.H5LUT","SLICE_X65Y143","SLICEL","CLEL_R_X42Y143","234","100","","X2Y2",""
"u_dut/gen_result_slots[1].gen_result_banks[2].u_result_bank_i_7","result_bank","LUT3","SLICE_X65Y152","SLICEL.D5LUT","SLICE_X65Y152","SLICEL","CLEL_R_X42Y152","234","90","","X2Y2",""
"u_dut/gen_result_slots[1].gen_result_banks[2].u_result_bank_i_8","result_bank","LUT3","SLICE_X68Y144","SLICEL.H5LUT","SLICE_X68Y144","SLICEL","CLEL_R_X44Y144","243","99","","X2Y2",""
"u_dut/gen_result_slots[1].gen_result_banks[2].u_result_bank_i_9","result_bank","LUT3","SLICE_X65Y161","SLICEL.D5LUT","SLICE_X65Y161","SLICEL","CLEL_R_X42Y161","234","81","","X2Y2",""
"u_dut/gen_result_slots[1].gen_result_banks[3].u_result_bank","result_bank","its_simple_ram__1","","","SLICE_X66Y102","SLICEM","CLEM_X43Y102","237","142","","X2Y1",""
"u_dut/gen_result_slots[1].gen_result_banks[3].u_result_bank_i_1","result_bank","LUT2","SLICE_X63Y144","SLICEL.A6LUT","SLICE_X63Y144","SLICEL","CLEL_R_X41Y144","231","99","","X2Y2",""
"u_dut/gen_result_slots[1].gen_result_banks[3].u_result_bank_i_10","result_bank","LUT3","SLICE_X63Y145","SLICEL.B6LUT","SLICE_X63Y145","SLICEL","CLEL_R_X41Y145","231","98","","X2Y2",""
"u_dut/gen_result_slots[1].gen_result_banks[3].u_result_bank_i_11","result_bank","LUT3","SLICE_X63Y145","SLICEL.G6LUT","SLICE_X63Y145","SLICEL","CLEL_R_X41Y145","231","98","","X2Y2",""
"u_dut/gen_result_slots[1].gen_result_banks[3].u_result_bank_i_12","result_bank","LUT3","SLICE_X69Y139","SLICEL.D5LUT","SLICE_X69Y139","SLICEL","CLEL_L_X45Y139","244","104","","X2Y2",""
"u_dut/gen_result_slots[1].gen_result_banks[3].u_result_bank_i_13","result_bank","LUT3","SLICE_X71Y156","SLICEM.C5LUT","SLICE_X71Y156","SLICEM","CLEM_X46Y156","249","86","","X2Y2",""
"u_dut/gen_result_slots[1].gen_result_banks[3].u_result_bank_i_14","result_bank","LUT3","SLICE_X71Y156","SLICEM.C6LUT","SLICE_X71Y156","SLICEM","CLEM_X46Y156","249","86","","X2Y2",""
"u_dut/gen_result_slots[1].gen_result_banks[3].u_result_bank_i_15","result_bank","LUT3","SLICE_X72Y164","SLICEL.G6LUT","SLICE_X72Y164","SLICEL","CLEL_R_X46Y164","251","78","","X2Y2",""
"u_dut/gen_result_slots[1].gen_result_banks[3].u_result_bank_i_16","result_bank","LUT3","SLICE_X62Y174","SLICEM.E6LUT","SLICE_X62Y174","SLICEM","CLEM_X41Y174","229","68","","X2Y2",""
"u_dut/gen_result_slots[1].gen_result_banks[3].u_result_bank_i_17","result_bank","LUT3","SLICE_X69Y145","SLICEL.D5LUT","SLICE_X69Y145","SLICEL","CLEL_L_X45Y145","244","98","","X2Y2",""
"u_dut/gen_result_slots[1].gen_result_banks[3].u_result_bank_i_18","result_bank","LUT3","SLICE_X70Y159","SLICEL.G6LUT","SLICE_X70Y159","SLICEL","CLEL_R_X45Y159","246","83","","X2Y2",""
"u_dut/gen_result_slots[1].gen_result_banks[3].u_result_bank_i_19","result_bank","LUT3","SLICE_X68Y161","SLICEL.E6LUT","SLICE_X68Y161","SLICEL","CLEL_R_X44Y161","243","81","","X2Y2",""
"u_dut/gen_result_slots[1].gen_result_banks[3].u_result_bank_i_2","result_bank","LUT3","SLICE_X63Y143","SLICEL.F6LUT","SLICE_X63Y143","SLICEL","CLEL_R_X41Y143","231","100","","X2Y2",""
"u_dut/gen_result_slots[1].gen_result_banks[3].u_result_bank_i_20","result_bank","LUT3","SLICE_X70Y165","SLICEL.G6LUT","SLICE_X70Y165","SLICEL","CLEL_R_X45Y165","246","77","","X2Y2",""
"u_dut/gen_result_slots[1].gen_result_banks[3].u_result_bank_i_21","result_bank","LUT3","SLICE_X68Y172","SLICEL.E6LUT","SLICE_X68Y172","SLICEL","CLEL_R_X44Y172","243","70","","X2Y2",""
"u_dut/gen_result_slots[1].gen_result_banks[3].u_result_bank_i_3","result_bank","LUT3","SLICE_X63Y144","SLICEL.G6LUT","SLICE_X63Y144","SLICEL","CLEL_R_X41Y144","231","99","","X2Y2",""
"u_dut/gen_result_slots[1].gen_result_banks[3].u_result_bank_i_4","result_bank","LUT3","SLICE_X63Y143","SLICEL.E6LUT","SLICE_X63Y143","SLICEL","CLEL_R_X41Y143","231","100","","X2Y2",""
"u_dut/gen_result_slots[1].gen_result_banks[3].u_result_bank_i_5","result_bank","LUT3","SLICE_X64Y143","SLICEL.F6LUT","SLICE_X64Y143","SLICEL","CLEL_L_X42Y143","232","100","","X2Y2",""
"u_dut/gen_result_slots[1].gen_result_banks[3].u_result_bank_i_6","result_bank","LUT3","SLICE_X65Y146","SLICEL.B6LUT","SLICE_X65Y146","SLICEL","CLEL_R_X42Y146","234","97","","X2Y2",""
"u_dut/gen_result_slots[1].gen_result_banks[3].u_result_bank_i_7","result_bank","LUT3","SLICE_X65Y146","SLICEL.A6LUT","SLICE_X65Y146","SLICEL","CLEL_R_X42Y146","234","97","","X2Y2",""
"u_dut/gen_result_slots[1].gen_result_banks[3].u_result_bank_i_8","result_bank","LUT3","SLICE_X60Y145","SLICEL.G6LUT","SLICE_X60Y145","SLICEL","CLEL_R_X39Y145","222","98","","X2Y2",""
"u_dut/gen_result_slots[1].gen_result_banks[3].u_result_bank_i_9","result_bank","LUT3","SLICE_X62Y148","SLICEM.C6LUT","SLICE_X62Y148","SLICEM","CLEM_X41Y148","229","95","","X2Y2",""
"u_dut/rd_cmd_addr_q_reg[0][0][0]","rd_cmd_addr_q_reg","FDCE","SLICE_X73Y144","SLICEL.BFF2","SLICE_X73Y144","SLICEL","CLEL_R_X47Y144","255","99","","X2Y2",""
"u_dut/rd_cmd_addr_q_reg[0][0][1]","rd_cmd_addr_q_reg","FDCE","SLICE_X70Y141","SLICEL.HFF2","SLICE_X70Y141","SLICEL","CLEL_R_X45Y141","246","102","","X2Y2",""
"u_dut/rd_cmd_addr_q_reg[0][0][1]_replica","rd_cmd_addr_q_reg","FDCE","SLICE_X75Y148","SLICEM.BFF","SLICE_X75Y148","SLICEM","CLEM_X49Y148","262","95","","X2Y2",""
"u_dut/rd_cmd_addr_q_reg[0][0][1]_replica_1","rd_cmd_addr_q_reg","FDCE","SLICE_X78Y135","SLICEL.BFF2","SLICE_X78Y135","SLICEL","CLEL_R_X50Y135","267","108","","X2Y2",""
"u_dut/rd_cmd_addr_q_reg[0][0][1]_replica_10","rd_cmd_addr_q_reg","FDCE","SLICE_X74Y129","SLICEM.AFF","SLICE_X74Y129","SLICEM","CLEM_X48Y129","258","114","","X2Y2",""
"u_dut/rd_cmd_addr_q_reg[0][0][1]_replica_11","rd_cmd_addr_q_reg","FDCE","SLICE_X73Y126","SLICEL.BFF2","SLICE_X73Y126","SLICEL","CLEL_R_X47Y126","255","117","","X2Y2",""
"u_dut/rd_cmd_addr_q_reg[0][0][1]_replica_12","rd_cmd_addr_q_reg","FDCE","SLICE_X73Y127","SLICEL.BFF2","SLICE_X73Y127","SLICEL","CLEL_R_X47Y127","255","116","","X2Y2",""
"u_dut/rd_cmd_addr_q_reg[0][0][1]_replica_2","rd_cmd_addr_q_reg","FDCE","SLICE_X77Y131","SLICEL.BFF2","SLICE_X77Y131","SLICEL","CLEL_L_X50Y131","265","112","","X2Y2",""
"u_dut/rd_cmd_addr_q_reg[0][0][1]_replica_3","rd_cmd_addr_q_reg","FDCE","SLICE_X69Y135","SLICEL.GFF2","SLICE_X69Y135","SLICEL","CLEL_L_X45Y135","244","108","","X2Y2",""
"u_dut/rd_cmd_addr_q_reg[0][0][1]_replica_4","rd_cmd_addr_q_reg","FDCE","SLICE_X76Y135","SLICEL.GFF2","SLICE_X76Y135","SLICEL","CLEL_R_X49Y135","264","108","","X2Y2",""
"u_dut/rd_cmd_addr_q_reg[0][0][1]_replica_5","rd_cmd_addr_q_reg","FDCE","SLICE_X73Y129","SLICEL.AFF","SLICE_X73Y129","SLICEL","CLEL_R_X47Y129","255","114","","X2Y2",""
"u_dut/rd_cmd_addr_q_reg[0][0][1]_replica_6","rd_cmd_addr_q_reg","FDCE","SLICE_X74Y130","SLICEM.AFF","SLICE_X74Y130","SLICEM","CLEM_X48Y130","258","113","","X2Y2",""
"u_dut/rd_cmd_addr_q_reg[0][0][1]_replica_7","rd_cmd_addr_q_reg","FDCE","SLICE_X73Y130","SLICEL.FFF2","SLICE_X73Y130","SLICEL","CLEL_R_X47Y130","255","113","","X2Y2",""
"u_dut/rd_cmd_addr_q_reg[0][0][1]_replica_8","rd_cmd_addr_q_reg","FDCE","SLICE_X76Y135","SLICEL.DFF","SLICE_X76Y135","SLICEL","CLEL_R_X49Y135","264","108","","X2Y2",""
"u_dut/rd_cmd_addr_q_reg[0][0][1]_replica_9","rd_cmd_addr_q_reg","FDCE","SLICE_X76Y141","SLICEL.AFF2","SLICE_X76Y141","SLICEL","CLEL_R_X49Y141","264","102","","X2Y2",""
"u_dut/rd_cmd_addr_q_reg[0][0][2]","rd_cmd_addr_q_reg","FDCE","SLICE_X73Y130","SLICEL.AFF","SLICE_X73Y130","SLICEL","CLEL_R_X47Y130","255","113","","X2Y2",""
"u_dut/rd_cmd_addr_q_reg[0][0][2]_replica","rd_cmd_addr_q_reg","FDCE","SLICE_X73Y136","SLICEL.CFF","SLICE_X73Y136","SLICEL","CLEL_R_X47Y136","255","107","","X2Y2",""
"u_dut/rd_cmd_addr_q_reg[0][0][2]_replica_1","rd_cmd_addr_q_reg","FDCE","SLICE_X70Y130","SLICEL.DFF2","SLICE_X70Y130","SLICEL","CLEL_R_X45Y130","246","113","","X2Y2",""
"u_dut/rd_cmd_addr_q_reg[0][0][2]_replica_10","rd_cmd_addr_q_reg","FDCE","SLICE_X73Y131","SLICEL.CFF2","SLICE_X73Y131","SLICEL","CLEL_R_X47Y131","255","112","","X2Y2",""
"u_dut/rd_cmd_addr_q_reg[0][0][2]_replica_11","rd_cmd_addr_q_reg","FDCE","SLICE_X76Y141","SLICEL.CFF2","SLICE_X76Y141","SLICEL","CLEL_R_X49Y141","264","102","","X2Y2",""
"u_dut/rd_cmd_addr_q_reg[0][0][2]_replica_12","rd_cmd_addr_q_reg","FDCE","SLICE_X76Y133","SLICEL.BFF2","SLICE_X76Y133","SLICEL","CLEL_R_X49Y133","264","110","","X2Y2",""
"u_dut/rd_cmd_addr_q_reg[0][0][2]_replica_13","rd_cmd_addr_q_reg","FDCE","SLICE_X74Y129","SLICEM.CFF","SLICE_X74Y129","SLICEM","CLEM_X48Y129","258","114","","X2Y2",""
"u_dut/rd_cmd_addr_q_reg[0][0][2]_replica_14","rd_cmd_addr_q_reg","FDCE","SLICE_X74Y129","SLICEM.DFF","SLICE_X74Y129","SLICEM","CLEM_X48Y129","258","114","","X2Y2",""
"u_dut/rd_cmd_addr_q_reg[0][0][2]_replica_15","rd_cmd_addr_q_reg","FDCE","SLICE_X74Y131","SLICEM.FFF","SLICE_X74Y131","SLICEM","CLEM_X48Y131","258","112","","X2Y2",""
"u_dut/rd_cmd_addr_q_reg[0][0][2]_replica_16","rd_cmd_addr_q_reg","FDCE","SLICE_X73Y134","SLICEL.HFF2","SLICE_X73Y134","SLICEL","CLEL_R_X47Y134","255","109","","X2Y2",""
"u_dut/rd_cmd_addr_q_reg[0][0][2]_replica_17","rd_cmd_addr_q_reg","FDCE","SLICE_X73Y131","SLICEL.BFF2","SLICE_X73Y131","SLICEL","CLEL_R_X47Y131","255","112","","X2Y2",""
"u_dut/rd_cmd_addr_q_reg[0][0][2]_replica_18","rd_cmd_addr_q_reg","FDCE","SLICE_X73Y133","SLICEL.BFF2","SLICE_X73Y133","SLICEL","CLEL_R_X47Y133","255","110","","X2Y2",""
"u_dut/rd_cmd_addr_q_reg[0][0][2]_replica_2","rd_cmd_addr_q_reg","FDCE","SLICE_X78Y131","SLICEL.DFF2","SLICE_X78Y131","SLICEL","CLEL_R_X50Y131","267","112","","X2Y2",""
"u_dut/rd_cmd_addr_q_reg[0][0][2]_replica_3","rd_cmd_addr_q_reg","FDCE","SLICE_X76Y141","SLICEL.BFF2","SLICE_X76Y141","SLICEL","CLEL_R_X49Y141","264","102","","X2Y2",""
"u_dut/rd_cmd_addr_q_reg[0][0][2]_replica_4","rd_cmd_addr_q_reg","FDCE","SLICE_X79Y141","SLICEM.DFF2","SLICE_X79Y141","SLICEM","CLEM_X51Y141","270","102","","X2Y2",""
"u_dut/rd_cmd_addr_q_reg[0][0][2]_replica_5","rd_cmd_addr_q_reg","FDCE","SLICE_X72Y128","SLICEL.FFF","SLICE_X72Y128","SLICEL","CLEL_R_X46Y128","251","115","","X2Y2",""
"u_dut/rd_cmd_addr_q_reg[0][0][2]_replica_6","rd_cmd_addr_q_reg","FDCE","SLICE_X75Y130","SLICEM.EFF","SLICE_X75Y130","SLICEM","CLEM_X49Y130","262","113","","X2Y2",""
"u_dut/rd_cmd_addr_q_reg[0][0][2]_replica_7","rd_cmd_addr_q_reg","FDCE","SLICE_X73Y130","SLICEL.BFF2","SLICE_X73Y130","SLICEL","CLEL_R_X47Y130","255","113","","X2Y2",""
"u_dut/rd_cmd_addr_q_reg[0][0][2]_replica_8","rd_cmd_addr_q_reg","FDCE","SLICE_X73Y130","SLICEL.CFF2","SLICE_X73Y130","SLICEL","CLEL_R_X47Y130","255","113","","X2Y2",""
"u_dut/rd_cmd_addr_q_reg[0][0][2]_replica_9","rd_cmd_addr_q_reg","FDCE","SLICE_X76Y131","SLICEL.AFF2","SLICE_X76Y131","SLICEL","CLEL_R_X49Y131","264","112","","X2Y2",""
"u_dut/rd_cmd_addr_q_reg[0][0][3]","rd_cmd_addr_q_reg","FDCE","SLICE_X73Y129","SLICEL.DFF2","SLICE_X73Y129","SLICEL","CLEL_R_X47Y129","255","114","","X2Y2",""
"u_dut/rd_cmd_addr_q_reg[0][0][3]_replica","rd_cmd_addr_q_reg","FDCE","SLICE_X72Y131","SLICEL.GFF2","SLICE_X72Y131","SLICEL","CLEL_R_X46Y131","251","112","","X2Y2",""
"u_dut/rd_cmd_addr_q_reg[0][0][3]_replica_1","rd_cmd_addr_q_reg","FDCE","SLICE_X73Y136","SLICEL.AFF2","SLICE_X73Y136","SLICEL","CLEL_R_X47Y136","255","107","","X2Y2",""
"u_dut/rd_cmd_addr_q_reg[0][0][3]_replica_10","rd_cmd_addr_q_reg","FDCE","SLICE_X76Y133","SLICEL.DFF2","SLICE_X76Y133","SLICEL","CLEL_R_X49Y133","264","110","","X2Y2",""
"u_dut/rd_cmd_addr_q_reg[0][0][3]_replica_11","rd_cmd_addr_q_reg","FDCE","SLICE_X74Y129","SLICEM.FFF","SLICE_X74Y129","SLICEM","CLEM_X48Y129","258","114","","X2Y2",""
"u_dut/rd_cmd_addr_q_reg[0][0][3]_replica_12","rd_cmd_addr_q_reg","FDCE","SLICE_X74Y129","SLICEM.HFF","SLICE_X74Y129","SLICEM","CLEM_X48Y129","258","114","","X2Y2",""
"u_dut/rd_cmd_addr_q_reg[0][0][3]_replica_2","rd_cmd_addr_q_reg","FDCE","SLICE_X78Y129","SLICEL.DFF2","SLICE_X78Y129","SLICEL","CLEL_R_X50Y129","267","114","","X2Y2",""
"u_dut/rd_cmd_addr_q_reg[0][0][3]_replica_3","rd_cmd_addr_q_reg","FDCE","SLICE_X79Y129","SLICEM.DFF2","SLICE_X79Y129","SLICEM","CLEM_X51Y129","270","114","","X2Y2",""
"u_dut/rd_cmd_addr_q_reg[0][0][3]_replica_4","rd_cmd_addr_q_reg","FDCE","SLICE_X79Y141","SLICEM.BFF2","SLICE_X79Y141","SLICEM","CLEM_X51Y141","270","102","","X2Y2",""
"u_dut/rd_cmd_addr_q_reg[0][0][3]_replica_5","rd_cmd_addr_q_reg","FDCE","SLICE_X73Y145","SLICEL.GFF2","SLICE_X73Y145","SLICEL","CLEL_R_X47Y145","255","98","","X2Y2",""
"u_dut/rd_cmd_addr_q_reg[0][0][3]_replica_6","rd_cmd_addr_q_reg","FDCE","SLICE_X70Y131","SLICEL.FFF2","SLICE_X70Y131","SLICEL","CLEL_R_X45Y131","246","112","","X2Y2",""
"u_dut/rd_cmd_addr_q_reg[0][0][3]_replica_7","rd_cmd_addr_q_reg","FDCE","SLICE_X73Y129","SLICEL.BFF2","SLICE_X73Y129","SLICEL","CLEL_R_X47Y129","255","114","","X2Y2",""
"u_dut/rd_cmd_addr_q_reg[0][0][3]_replica_8","rd_cmd_addr_q_reg","FDCE","SLICE_X73Y129","SLICEL.FFF2","SLICE_X73Y129","SLICEL","CLEL_R_X47Y129","255","114","","X2Y2",""
"u_dut/rd_cmd_addr_q_reg[0][0][3]_replica_9","rd_cmd_addr_q_reg","FDCE","SLICE_X73Y131","SLICEL.AFF","SLICE_X73Y131","SLICEL","CLEL_R_X47Y131","255","112","","X2Y2",""
"u_dut/rd_cmd_addr_q_reg[0][0][4]","rd_cmd_addr_q_reg","FDCE","SLICE_X73Y134","SLICEL.GFF","SLICE_X73Y134","SLICEL","CLEL_R_X47Y134","255","109","","X2Y2",""
"u_dut/rd_cmd_addr_q_reg[0][0][5]","rd_cmd_addr_q_reg","FDCE","SLICE_X73Y134","SLICEL.FFF","SLICE_X73Y134","SLICEL","CLEL_R_X47Y134","255","109","","X2Y2",""
"u_dut/rd_cmd_addr_q_reg[0][0][6]","rd_cmd_addr_q_reg","FDCE","SLICE_X73Y128","SLICEL.DFF","SLICE_X73Y128","SLICEL","CLEL_R_X47Y128","255","115","","X2Y2",""
"u_dut/rd_cmd_addr_q_reg[0][0][7]","rd_cmd_addr_q_reg","FDCE","SLICE_X73Y130","SLICEL.EFF2","SLICE_X73Y130","SLICEL","CLEL_R_X47Y130","255","113","","X2Y2",""
"u_dut/rd_cmd_addr_q_reg[0][0][8]","rd_cmd_addr_q_reg","FDCE","SLICE_X73Y133","SLICEL.HFF","SLICE_X73Y133","SLICEL","CLEL_R_X47Y133","255","110","","X2Y2",""
"u_dut/rd_cmd_addr_q_reg[0][0][9]","rd_cmd_addr_q_reg","FDCE","SLICE_X77Y131","SLICEL.DFF","SLICE_X77Y131","SLICEL","CLEL_L_X50Y131","265","112","","X2Y2",""
"u_dut/rd_cmd_addr_q_reg[0][1][0]","rd_cmd_addr_q_reg","FDCE","SLICE_X79Y141","SLICEM.CFF2","SLICE_X79Y141","SLICEM","CLEM_X51Y141","270","102","","X2Y2",""
"u_dut/rd_cmd_addr_q_reg[0][1][0]_replica","rd_cmd_addr_q_reg","FDCE","SLICE_X75Y135","SLICEM.BFF","SLICE_X75Y135","SLICEM","CLEM_X49Y135","262","108","","X2Y2",""
"u_dut/rd_cmd_addr_q_reg[0][1][0]_replica_1","rd_cmd_addr_q_reg","FDCE","SLICE_X79Y131","SLICEM.CFF","SLICE_X79Y131","SLICEM","CLEM_X51Y131","270","112","","X2Y2",""
"u_dut/rd_cmd_addr_q_reg[0][1][0]_replica_2","rd_cmd_addr_q_reg","FDCE","SLICE_X79Y145","SLICEM.CFF2","SLICE_X79Y145","SLICEM","CLEM_X51Y145","270","98","","X2Y2",""
"u_dut/rd_cmd_addr_q_reg[0][1][0]_replica_3","rd_cmd_addr_q_reg","FDCE","SLICE_X75Y134","SLICEM.HFF","SLICE_X75Y134","SLICEM","CLEM_X49Y134","262","109","","X2Y2",""
"u_dut/rd_cmd_addr_q_reg[0][1][0]_replica_4","rd_cmd_addr_q_reg","FDCE","SLICE_X78Y129","SLICEL.CFF2","SLICE_X78Y129","SLICEL","CLEL_R_X50Y129","267","114","","X2Y2",""
"u_dut/rd_cmd_addr_q_reg[0][1][4]","rd_cmd_addr_q_reg","FDCE","SLICE_X76Y135","SLICEL.AFF2","SLICE_X76Y135","SLICEL","CLEL_R_X49Y135","264","108","","X2Y2",""
"u_dut/rd_cmd_addr_q_reg[0][1][5]","rd_cmd_addr_q_reg","FDCE","SLICE_X76Y136","SLICEL.DFF2","SLICE_X76Y136","SLICEL","CLEL_R_X49Y136","264","107","","X2Y2",""
"u_dut/rd_cmd_addr_q_reg[0][1][6]","rd_cmd_addr_q_reg","FDCE","SLICE_X73Y134","SLICEL.EFF","SLICE_X73Y134","SLICEL","CLEL_R_X47Y134","255","109","","X2Y2",""
"u_dut/rd_cmd_addr_q_reg[0][1][7]","rd_cmd_addr_q_reg","FDCE","SLICE_X73Y130","SLICEL.HFF","SLICE_X73Y130","SLICEL","CLEL_R_X47Y130","255","113","","X2Y2",""
"u_dut/rd_cmd_addr_q_reg[0][1][8]","rd_cmd_addr_q_reg","FDCE","SLICE_X73Y134","SLICEL.HFF","SLICE_X73Y134","SLICEL","CLEL_R_X47Y134","255","109","","X2Y2",""
"u_dut/rd_cmd_addr_q_reg[0][1][9]","rd_cmd_addr_q_reg","FDCE","SLICE_X77Y131","SLICEL.DFF2","SLICE_X77Y131","SLICEL","CLEL_L_X50Y131","265","112","","X2Y2",""
"u_dut/rd_cmd_addr_q_reg[0][2][0]","rd_cmd_addr_q_reg","FDCE","SLICE_X69Y146","SLICEL.DFF2","SLICE_X69Y146","SLICEL","CLEL_L_X45Y146","244","97","","X2Y2",""
"u_dut/rd_cmd_addr_q_reg[0][2][0]_replica","rd_cmd_addr_q_reg","FDCE","SLICE_X74Y132","SLICEM.HFF","SLICE_X74Y132","SLICEM","CLEM_X48Y132","258","111","","X2Y2",""
"u_dut/rd_cmd_addr_q_reg[0][2][0]_replica_1","rd_cmd_addr_q_reg","FDCE","SLICE_X69Y149","SLICEL.BFF2","SLICE_X69Y149","SLICEL","CLEL_L_X45Y149","244","94","","X2Y2",""
"u_dut/rd_cmd_addr_q_reg[0][2][0]_replica_2","rd_cmd_addr_q_reg","FDCE","SLICE_X74Y129","SLICEM.BFF","SLICE_X74Y129","SLICEM","CLEM_X48Y129","258","114","","X2Y2",""
"u_dut/rd_cmd_addr_q_reg[0][2][0]_replica_3","rd_cmd_addr_q_reg","FDCE","SLICE_X73Y129","SLICEL.EFF2","SLICE_X73Y129","SLICEL","CLEL_R_X47Y129","255","114","","X2Y2",""
"u_dut/rd_cmd_addr_q_reg[0][2][0]_replica_4","rd_cmd_addr_q_reg","FDCE","SLICE_X73Y130","SLICEL.DFF2","SLICE_X73Y130","SLICEL","CLEL_R_X47Y130","255","113","","X2Y2",""
"u_dut/rd_cmd_addr_q_reg[0][2][0]_replica_5","rd_cmd_addr_q_reg","FDCE","SLICE_X73Y129","SLICEL.AFF2","SLICE_X73Y129","SLICEL","CLEL_R_X47Y129","255","114","","X2Y2",""
"u_dut/rd_cmd_addr_q_reg[0][2][4]","rd_cmd_addr_q_reg","FDCE","SLICE_X74Y138","SLICEM.AFF","SLICE_X74Y138","SLICEM","CLEM_X48Y138","258","105","","X2Y2",""
"u_dut/rd_cmd_addr_q_reg[0][2][5]","rd_cmd_addr_q_reg","FDCE","SLICE_X74Y138","SLICEM.BFF","SLICE_X74Y138","SLICEM","CLEM_X48Y138","258","105","","X2Y2",""
"u_dut/rd_cmd_addr_q_reg[0][2][6]","rd_cmd_addr_q_reg","FDCE","SLICE_X73Y133","SLICEL.DFF","SLICE_X73Y133","SLICEL","CLEL_R_X47Y133","255","110","","X2Y2",""
"u_dut/rd_cmd_addr_q_reg[0][2][7]","rd_cmd_addr_q_reg","FDCE","SLICE_X73Y128","SLICEL.AFF","SLICE_X73Y128","SLICEL","CLEL_R_X47Y128","255","115","","X2Y2",""
"u_dut/rd_cmd_addr_q_reg[0][2][8]","rd_cmd_addr_q_reg","FDCE","SLICE_X73Y130","SLICEL.DFF","SLICE_X73Y130","SLICEL","CLEL_R_X47Y130","255","113","","X2Y2",""
"u_dut/rd_cmd_addr_q_reg[0][2][9]","rd_cmd_addr_q_reg","FDCE","SLICE_X73Y132","SLICEL.DFF","SLICE_X73Y132","SLICEL","CLEL_R_X47Y132","255","111","","X2Y2",""
"u_dut/rd_cmd_addr_q_reg[0][3][0]","rd_cmd_addr_q_reg","FDCE","SLICE_X76Y139","SLICEL.HFF","SLICE_X76Y139","SLICEL","CLEL_R_X49Y139","264","104","","X2Y2",""
"u_dut/rd_cmd_addr_q_reg[0][3][0]_replica","rd_cmd_addr_q_reg","FDCE","SLICE_X77Y134","SLICEL.DFF","SLICE_X77Y134","SLICEL","CLEL_L_X50Y134","265","109","","X2Y2",""
"u_dut/rd_cmd_addr_q_reg[0][3][0]_replica_1","rd_cmd_addr_q_reg","FDCE","SLICE_X79Y141","SLICEM.AFF2","SLICE_X79Y141","SLICEM","CLEM_X51Y141","270","102","","X2Y2",""
"u_dut/rd_cmd_addr_q_reg[0][3][0]_replica_2","rd_cmd_addr_q_reg","FDCE","SLICE_X78Y132","SLICEL.BFF2","SLICE_X78Y132","SLICEL","CLEL_R_X50Y132","267","111","","X2Y2",""
"u_dut/rd_cmd_addr_q_reg[0][3][0]_replica_3","rd_cmd_addr_q_reg","FDCE","SLICE_X74Y136","SLICEM.BFF","SLICE_X74Y136","SLICEM","CLEM_X48Y136","258","107","","X2Y2",""
"u_dut/rd_cmd_addr_q_reg[0][3][0]_replica_4","rd_cmd_addr_q_reg","FDCE","SLICE_X81Y138","SLICEM.BFF2","SLICE_X81Y138","SLICEM","CLEM_X53Y138","279","105","","X2Y2",""
"u_dut/rd_cmd_addr_q_reg[0][3][0]_replica_5","rd_cmd_addr_q_reg","FDCE","SLICE_X79Y133","SLICEM.BFF","SLICE_X79Y133","SLICEM","CLEM_X51Y133","270","110","","X2Y2",""
"u_dut/rd_cmd_addr_q_reg[0][3][0]_replica_6","rd_cmd_addr_q_reg","FDCE","SLICE_X75Y130","SLICEM.HFF2","SLICE_X75Y130","SLICEM","CLEM_X49Y130","262","113","","X2Y2",""
"u_dut/rd_cmd_addr_q_reg[0][3][0]_replica_7","rd_cmd_addr_q_reg","FDCE","SLICE_X78Y135","SLICEL.DFF","SLICE_X78Y135","SLICEL","CLEL_R_X50Y135","267","108","","X2Y2",""
"u_dut/rd_cmd_addr_q_reg[0][3][0]_replica_8","rd_cmd_addr_q_reg","FDCE","SLICE_X76Y129","SLICEL.FFF2","SLICE_X76Y129","SLICEL","CLEL_R_X49Y129","264","114","","X2Y2",""
"u_dut/rd_cmd_addr_q_reg[0][3][4]","rd_cmd_addr_q_reg","FDCE","SLICE_X73Y136","SLICEL.AFF","SLICE_X73Y136","SLICEL","CLEL_R_X47Y136","255","107","","X2Y2",""
"u_dut/rd_cmd_addr_q_reg[0][3][5]","rd_cmd_addr_q_reg","FDCE","SLICE_X78Y129","SLICEL.AFF2","SLICE_X78Y129","SLICEL","CLEL_R_X50Y129","267","114","","X2Y2",""
"u_dut/rd_cmd_addr_q_reg[0][3][6]","rd_cmd_addr_q_reg","FDCE","SLICE_X73Y133","SLICEL.EFF","SLICE_X73Y133","SLICEL","CLEL_R_X47Y133","255","110","","X2Y2",""
"u_dut/rd_cmd_addr_q_reg[0][3][7]","rd_cmd_addr_q_reg","FDCE","SLICE_X73Y136","SLICEL.HFF","SLICE_X73Y136","SLICEL","CLEL_R_X47Y136","255","107","","X2Y2",""
"u_dut/rd_cmd_addr_q_reg[0][3][8]","rd_cmd_addr_q_reg","FDCE","SLICE_X73Y133","SLICEL.CFF","SLICE_X73Y133","SLICEL","CLEL_R_X47Y133","255","110","","X2Y2",""
"u_dut/rd_cmd_addr_q_reg[0][3][9]","rd_cmd_addr_q_reg","FDCE","SLICE_X73Y132","SLICEL.DFF2","SLICE_X73Y132","SLICEL","CLEL_R_X47Y132","255","111","","X2Y2",""
"u_dut/rd_cmd_addr_q_reg[1][0][0]","rd_cmd_addr_q_reg","FDCE","SLICE_X86Y127","SLICEM.AFF","SLICE_X86Y127","SLICEM","CLEM_X56Y127","291","116","","X2Y2",""
"u_dut/rd_cmd_addr_q_reg[1][0][1]","rd_cmd_addr_q_reg","FDCE","SLICE_X81Y128","SLICEM.HFF2","SLICE_X81Y128","SLICEM","CLEM_X53Y128","279","115","","X2Y2",""
"u_dut/rd_cmd_addr_q_reg[1][0][1]_replica","rd_cmd_addr_q_reg","FDCE","SLICE_X80Y128","SLICEL.HFF","SLICE_X80Y128","SLICEL","CLEL_R_X52Y128","276","115","","X2Y2",""
"u_dut/rd_cmd_addr_q_reg[1][0][1]_replica_1","rd_cmd_addr_q_reg","FDCE","SLICE_X74Y127","SLICEM.FFF","SLICE_X74Y127","SLICEM","CLEM_X48Y127","258","116","","X2Y2",""
"u_dut/rd_cmd_addr_q_reg[1][0][1]_replica_2","rd_cmd_addr_q_reg","FDCE","SLICE_X88Y128","SLICEL.BFF2","SLICE_X88Y128","SLICEL","CLEL_R_X57Y128","297","115","","X2Y2",""
"u_dut/rd_cmd_addr_q_reg[1][0][2]","rd_cmd_addr_q_reg","FDCE","SLICE_X81Y126","SLICEM.AFF2","SLICE_X81Y126","SLICEM","CLEM_X53Y126","279","117","","X2Y2",""
"u_dut/rd_cmd_addr_q_reg[1][0][2]_replica","rd_cmd_addr_q_reg","FDCE","SLICE_X84Y128","SLICEL.BFF2","SLICE_X84Y128","SLICEL","CLEL_L_X55Y128","286","115","","X2Y2",""
"u_dut/rd_cmd_addr_q_reg[1][0][3]","rd_cmd_addr_q_reg","FDCE","SLICE_X84Y128","SLICEL.FFF2","SLICE_X84Y128","SLICEL","CLEL_L_X55Y128","286","115","","X2Y2",""
"u_dut/rd_cmd_addr_q_reg[1][0][3]_replica","rd_cmd_addr_q_reg","FDCE","SLICE_X73Y124","SLICEL.CFF2","SLICE_X73Y124","SLICEL","CLEL_R_X47Y124","255","119","","X2Y2",""
"u_dut/rd_cmd_addr_q_reg[1][0][3]_replica_1","rd_cmd_addr_q_reg","FDCE","SLICE_X76Y136","SLICEL.AFF2","SLICE_X76Y136","SLICEL","CLEL_R_X49Y136","264","107","","X2Y2",""
"u_dut/rd_cmd_addr_q_reg[1][0][3]_replica_2","rd_cmd_addr_q_reg","FDCE","SLICE_X77Y129","SLICEL.AFF2","SLICE_X77Y129","SLICEL","CLEL_L_X50Y129","265","114","","X2Y2",""
"u_dut/rd_cmd_addr_q_reg[1][0][3]_replica_3","rd_cmd_addr_q_reg","FDCE","SLICE_X78Y116","SLICEL.EFF","SLICE_X78Y116","SLICEL","CLEL_R_X50Y116","267","128","","X2Y1",""
"u_dut/rd_cmd_addr_q_reg[1][0][3]_replica_4","rd_cmd_addr_q_reg","FDCE","SLICE_X77Y124","SLICEL.DFF2","SLICE_X77Y124","SLICEL","CLEL_L_X50Y124","265","119","","X2Y2",""
"u_dut/rd_cmd_addr_q_reg[1][0][3]_replica_5","rd_cmd_addr_q_reg","FDCE","SLICE_X74Y127","SLICEM.AFF","SLICE_X74Y127","SLICEM","CLEM_X48Y127","258","116","","X2Y2",""
"u_dut/rd_cmd_addr_q_reg[1][0][3]_replica_6","rd_cmd_addr_q_reg","FDCE","SLICE_X74Y127","SLICEM.BFF","SLICE_X74Y127","SLICEM","CLEM_X48Y127","258","116","","X2Y2",""
"u_dut/rd_cmd_addr_q_reg[1][0][4]","rd_cmd_addr_q_reg","FDCE","SLICE_X73Y131","SLICEL.DFF2","SLICE_X73Y131","SLICEL","CLEL_R_X47Y131","255","112","","X2Y2",""
"u_dut/rd_cmd_addr_q_reg[1][0][4]_replica","rd_cmd_addr_q_reg","FDCE","SLICE_X85Y128","SLICEL.BFF2","SLICE_X85Y128","SLICEL","CLEL_R_X55Y128","288","115","","X2Y2",""
"u_dut/rd_cmd_addr_q_reg[1][0][4]_replica_1","rd_cmd_addr_q_reg","FDCE","SLICE_X79Y132","SLICEM.BFF2","SLICE_X79Y132","SLICEM","CLEM_X51Y132","270","111","","X2Y2",""
"u_dut/rd_cmd_addr_q_reg[1][0][4]_replica_2","rd_cmd_addr_q_reg","FDCE","SLICE_X78Y131","SLICEL.GFF","SLICE_X78Y131","SLICEL","CLEL_R_X50Y131","267","112","","X2Y2",""
"u_dut/rd_cmd_addr_q_reg[1][0][4]_replica_3","rd_cmd_addr_q_reg","FDCE","SLICE_X78Y126","SLICEL.FFF","SLICE_X78Y126","SLICEL","CLEL_R_X50Y126","267","117","","X2Y2",""
"u_dut/rd_cmd_addr_q_reg[1][0][4]_replica_4","rd_cmd_addr_q_reg","FDCE","SLICE_X77Y130","SLICEL.EFF2","SLICE_X77Y130","SLICEL","CLEL_L_X50Y130","265","113","","X2Y2",""
"u_dut/rd_cmd_addr_q_reg[1][0][4]_replica_5","rd_cmd_addr_q_reg","FDCE","SLICE_X87Y124","SLICEL.DFF","SLICE_X87Y124","SLICEL","CLEL_R_X56Y124","293","119","","X2Y2",""
"u_dut/rd_cmd_addr_q_reg[1][0][5]","rd_cmd_addr_q_reg","FDCE","SLICE_X73Y130","SLICEL.HFF2","SLICE_X73Y130","SLICEL","CLEL_R_X47Y130","255","113","","X2Y2",""
"u_dut/rd_cmd_addr_q_reg[1][0][5]_replica","rd_cmd_addr_q_reg","FDCE","SLICE_X85Y128","SLICEL.DFF2","SLICE_X85Y128","SLICEL","CLEL_R_X55Y128","288","115","","X2Y2",""
"u_dut/rd_cmd_addr_q_reg[1][0][5]_replica_1","rd_cmd_addr_q_reg","FDCE","SLICE_X79Y131","SLICEM.BFF","SLICE_X79Y131","SLICEM","CLEM_X51Y131","270","112","","X2Y2",""
"u_dut/rd_cmd_addr_q_reg[1][0][5]_replica_2","rd_cmd_addr_q_reg","FDCE","SLICE_X77Y129","SLICEL.HFF2","SLICE_X77Y129","SLICEL","CLEL_L_X50Y129","265","114","","X2Y2",""
"u_dut/rd_cmd_addr_q_reg[1][0][5]_replica_3","rd_cmd_addr_q_reg","FDCE","SLICE_X85Y128","SLICEL.AFF2","SLICE_X85Y128","SLICEL","CLEL_R_X55Y128","288","115","","X2Y2",""
"u_dut/rd_cmd_addr_q_reg[1][0][5]_replica_4","rd_cmd_addr_q_reg","FDCE","SLICE_X78Y131","SLICEL.EFF2","SLICE_X78Y131","SLICEL","CLEL_R_X50Y131","267","112","","X2Y2",""
"u_dut/rd_cmd_addr_q_reg[1][0][5]_replica_5","rd_cmd_addr_q_reg","FDCE","SLICE_X78Y126","SLICEL.AFF2","SLICE_X78Y126","SLICEL","CLEL_R_X50Y126","267","117","","X2Y2",""
"u_dut/rd_cmd_addr_q_reg[1][0][6]","rd_cmd_addr_q_reg","FDCE","SLICE_X73Y133","SLICEL.BFF","SLICE_X73Y133","SLICEL","CLEL_R_X47Y133","255","110","","X2Y2",""
"u_dut/rd_cmd_addr_q_reg[1][0][7]","rd_cmd_addr_q_reg","FDCE","SLICE_X73Y133","SLICEL.GFF","SLICE_X73Y133","SLICEL","CLEL_R_X47Y133","255","110","","X2Y2",""
"u_dut/rd_cmd_addr_q_reg[1][0][8]","rd_cmd_addr_q_reg","FDCE","SLICE_X73Y130","SLICEL.GFF","SLICE_X73Y130","SLICEL","CLEL_R_X47Y130","255","113","","X2Y2",""
"u_dut/rd_cmd_addr_q_reg[1][0][9]","rd_cmd_addr_q_reg","FDCE","SLICE_X74Y132","SLICEM.AFF","SLICE_X74Y132","SLICEM","CLEM_X48Y132","258","111","","X2Y2",""
"u_dut/rd_cmd_addr_q_reg[1][1][0]","rd_cmd_addr_q_reg","FDCE","SLICE_X82Y126","SLICEM.HFF","SLICE_X82Y126","SLICEM","CLEM_X54Y126","283","117","","X2Y2",""
"u_dut/rd_cmd_addr_q_reg[1][1][0]_replica","rd_cmd_addr_q_reg","FDCE","SLICE_X78Y124","SLICEL.CFF2","SLICE_X78Y124","SLICEL","CLEL_R_X50Y124","267","119","","X2Y2",""
"u_dut/rd_cmd_addr_q_reg[1][1][0]_replica_1","rd_cmd_addr_q_reg","FDCE","SLICE_X81Y129","SLICEM.FFF","SLICE_X81Y129","SLICEM","CLEM_X53Y129","279","114","","X2Y2",""
"u_dut/rd_cmd_addr_q_reg[1][1][0]_replica_2","rd_cmd_addr_q_reg","FDCE","SLICE_X75Y135","SLICEM.FFF","SLICE_X75Y135","SLICEM","CLEM_X49Y135","262","108","","X2Y2",""
"u_dut/rd_cmd_addr_q_reg[1][1][4]","rd_cmd_addr_q_reg","FDCE","SLICE_X76Y127","SLICEL.AFF2","SLICE_X76Y127","SLICEL","CLEL_R_X49Y127","264","116","","X2Y2",""
"u_dut/rd_cmd_addr_q_reg[1][1][4]_replica","rd_cmd_addr_q_reg","FDCE","SLICE_X78Y132","SLICEL.AFF","SLICE_X78Y132","SLICEL","CLEL_R_X50Y132","267","111","","X2Y2",""
"u_dut/rd_cmd_addr_q_reg[1][1][4]_replica_1","rd_cmd_addr_q_reg","FDCE","SLICE_X77Y125","SLICEL.BFF2","SLICE_X77Y125","SLICEL","CLEL_L_X50Y125","265","118","","X2Y2",""
"u_dut/rd_cmd_addr_q_reg[1][1][4]_replica_2","rd_cmd_addr_q_reg","FDCE","SLICE_X78Y122","SLICEL.AFF2","SLICE_X78Y122","SLICEL","CLEL_R_X50Y122","267","121","","X2Y2",""
"u_dut/rd_cmd_addr_q_reg[1][1][4]_replica_3","rd_cmd_addr_q_reg","FDCE","SLICE_X85Y127","SLICEL.AFF","SLICE_X85Y127","SLICEL","CLEL_R_X55Y127","288","116","","X2Y2",""
"u_dut/rd_cmd_addr_q_reg[1][1][4]_replica_4","rd_cmd_addr_q_reg","FDCE","SLICE_X77Y134","SLICEL.BFF2","SLICE_X77Y134","SLICEL","CLEL_L_X50Y134","265","109","","X2Y2",""
"u_dut/rd_cmd_addr_q_reg[1][1][5]","rd_cmd_addr_q_reg","FDCE","SLICE_X81Y129","SLICEM.EFF2","SLICE_X81Y129","SLICEM","CLEM_X53Y129","279","114","","X2Y2",""
"u_dut/rd_cmd_addr_q_reg[1][1][6]","rd_cmd_addr_q_reg","FDCE","SLICE_X73Y131","SLICEL.DFF","SLICE_X73Y131","SLICEL","CLEL_R_X47Y131","255","112","","X2Y2",""
"u_dut/rd_cmd_addr_q_reg[1][1][7]","rd_cmd_addr_q_reg","FDCE","SLICE_X73Y131","SLICEL.CFF","SLICE_X73Y131","SLICEL","CLEL_R_X47Y131","255","112","","X2Y2",""
"u_dut/rd_cmd_addr_q_reg[1][1][8]","rd_cmd_addr_q_reg","FDCE","SLICE_X70Y129","SLICEL.BFF","SLICE_X70Y129","SLICEL","CLEL_R_X45Y129","246","114","","X2Y2",""
"u_dut/rd_cmd_addr_q_reg[1][1][9]","rd_cmd_addr_q_reg","FDCE","SLICE_X74Y132","SLICEM.AFF2","SLICE_X74Y132","SLICEM","CLEM_X48Y132","258","111","","X2Y2",""
"u_dut/rd_cmd_addr_q_reg[1][2][0]","rd_cmd_addr_q_reg","FDCE","SLICE_X81Y123","SLICEM.EFF","SLICE_X81Y123","SLICEM","CLEM_X53Y123","279","120","","X2Y2",""
"u_dut/rd_cmd_addr_q_reg[1][2][4]","rd_cmd_addr_q_reg","FDCE","SLICE_X79Y124","SLICEM.CFF","SLICE_X79Y124","SLICEM","CLEM_X51Y124","270","119","","X2Y2",""
"u_dut/rd_cmd_addr_q_reg[1][2][4]_replica","rd_cmd_addr_q_reg","FDCE","SLICE_X73Y121","SLICEL.EFF2","SLICE_X73Y121","SLICEL","CLEL_R_X47Y121","255","122","","X2Y2",""
"u_dut/rd_cmd_addr_q_reg[1][2][4]_replica_1","rd_cmd_addr_q_reg","FDCE","SLICE_X75Y123","SLICEM.CFF","SLICE_X75Y123","SLICEM","CLEM_X49Y123","262","120","","X2Y2",""
"u_dut/rd_cmd_addr_q_reg[1][2][4]_replica_2","rd_cmd_addr_q_reg","FDCE","SLICE_X74Y123","SLICEM.FFF","SLICE_X74Y123","SLICEM","CLEM_X48Y123","258","120","","X2Y2",""
"u_dut/rd_cmd_addr_q_reg[1][2][5]","rd_cmd_addr_q_reg","FDCE","SLICE_X73Y130","SLICEL.GFF2","SLICE_X73Y130","SLICEL","CLEL_R_X47Y130","255","113","","X2Y2",""
"u_dut/rd_cmd_addr_q_reg[1][2][5]_replica","rd_cmd_addr_q_reg","FDCE","SLICE_X76Y125","SLICEL.AFF2","SLICE_X76Y125","SLICEL","CLEL_R_X49Y125","264","118","","X2Y2",""
"u_dut/rd_cmd_addr_q_reg[1][2][5]_replica_1","rd_cmd_addr_q_reg","FDCE","SLICE_X79Y117","SLICEM.AFF2","SLICE_X79Y117","SLICEM","CLEM_X51Y117","270","127","","X2Y1",""
"u_dut/rd_cmd_addr_q_reg[1][2][5]_replica_2","rd_cmd_addr_q_reg","FDCE","SLICE_X73Y128","SLICEL.CFF","SLICE_X73Y128","SLICEL","CLEL_R_X47Y128","255","115","","X2Y2",""
"u_dut/rd_cmd_addr_q_reg[1][2][5]_replica_3","rd_cmd_addr_q_reg","FDCE","SLICE_X76Y125","SLICEL.BFF","SLICE_X76Y125","SLICEL","CLEL_R_X49Y125","264","118","","X2Y2",""
"u_dut/rd_cmd_addr_q_reg[1][2][5]_replica_4","rd_cmd_addr_q_reg","FDCE","SLICE_X73Y125","SLICEL.AFF2","SLICE_X73Y125","SLICEL","CLEL_R_X47Y125","255","118","","X2Y2",""
"u_dut/rd_cmd_addr_q_reg[1][2][5]_replica_5","rd_cmd_addr_q_reg","FDCE","SLICE_X73Y129","SLICEL.CFF2","SLICE_X73Y129","SLICEL","CLEL_R_X47Y129","255","114","","X2Y2",""
"u_dut/rd_cmd_addr_q_reg[1][2][6]","rd_cmd_addr_q_reg","FDCE","SLICE_X73Y132","SLICEL.CFF","SLICE_X73Y132","SLICEL","CLEL_R_X47Y132","255","111","","X2Y2",""
"u_dut/rd_cmd_addr_q_reg[1][2][7]","rd_cmd_addr_q_reg","FDCE","SLICE_X73Y128","SLICEL.BFF","SLICE_X73Y128","SLICEL","CLEL_R_X47Y128","255","115","","X2Y2",""
"u_dut/rd_cmd_addr_q_reg[1][2][8]","rd_cmd_addr_q_reg","FDCE","SLICE_X73Y130","SLICEL.FFF","SLICE_X73Y130","SLICEL","CLEL_R_X47Y130","255","113","","X2Y2",""
"u_dut/rd_cmd_addr_q_reg[1][2][9]","rd_cmd_addr_q_reg","FDCE","SLICE_X70Y129","SLICEL.AFF","SLICE_X70Y129","SLICEL","CLEL_R_X45Y129","246","114","","X2Y2",""
"u_dut/rd_cmd_addr_q_reg[1][3][0]","rd_cmd_addr_q_reg","FDCE","SLICE_X78Y127","SLICEL.EFF","SLICE_X78Y127","SLICEL","CLEL_R_X50Y127","267","116","","X2Y2",""
"u_dut/rd_cmd_addr_q_reg[1][3][0]_replica","rd_cmd_addr_q_reg","FDCE","SLICE_X79Y128","SLICEM.EFF","SLICE_X79Y128","SLICEM","CLEM_X51Y128","270","115","","X2Y2",""
"u_dut/rd_cmd_addr_q_reg[1][3][0]_replica_1","rd_cmd_addr_q_reg","FDCE","SLICE_X76Y134","SLICEL.GFF2","SLICE_X76Y134","SLICEL","CLEL_R_X49Y134","264","109","","X2Y2",""
"u_dut/rd_cmd_addr_q_reg[1][3][0]_replica_2","rd_cmd_addr_q_reg","FDCE","SLICE_X79Y130","SLICEM.AFF2","SLICE_X79Y130","SLICEM","CLEM_X51Y130","270","113","","X2Y2",""
"u_dut/rd_cmd_addr_q_reg[1][3][0]_replica_3","rd_cmd_addr_q_reg","FDCE","SLICE_X79Y123","SLICEM.AFF2","SLICE_X79Y123","SLICEM","CLEM_X51Y123","270","120","","X2Y2",""
"u_dut/rd_cmd_addr_q_reg[1][3][0]_replica_4","rd_cmd_addr_q_reg","FDCE","SLICE_X79Y130","SLICEM.FFF2","SLICE_X79Y130","SLICEM","CLEM_X51Y130","270","113","","X2Y2",""
"u_dut/rd_cmd_addr_q_reg[1][3][0]_replica_5","rd_cmd_addr_q_reg","FDCE","SLICE_X76Y130","SLICEL.HFF2","SLICE_X76Y130","SLICEL","CLEL_R_X49Y130","264","113","","X2Y2",""
"u_dut/rd_cmd_addr_q_reg[1][3][0]_replica_6","rd_cmd_addr_q_reg","FDCE","SLICE_X76Y134","SLICEL.FFF2","SLICE_X76Y134","SLICEL","CLEL_R_X49Y134","264","109","","X2Y2",""
"u_dut/rd_cmd_addr_q_reg[1][3][4]","rd_cmd_addr_q_reg","FDCE","SLICE_X78Y127","SLICEL.DFF2","SLICE_X78Y127","SLICEL","CLEL_R_X50Y127","267","116","","X2Y2",""
"u_dut/rd_cmd_addr_q_reg[1][3][5]","rd_cmd_addr_q_reg","FDCE","SLICE_X73Y121","SLICEL.DFF2","SLICE_X73Y121","SLICEL","CLEL_R_X47Y121","255","122","","X2Y2",""
"u_dut/rd_cmd_addr_q_reg[1][3][6]","rd_cmd_addr_q_reg","FDCE","SLICE_X77Y131","SLICEL.CFF","SLICE_X77Y131","SLICEL","CLEL_L_X50Y131","265","112","","X2Y2",""
"u_dut/rd_cmd_addr_q_reg[1][3][7]","rd_cmd_addr_q_reg","FDCE","SLICE_X77Y131","SLICEL.BFF","SLICE_X77Y131","SLICEL","CLEL_L_X50Y131","265","112","","X2Y2",""
"u_dut/rd_cmd_addr_q_reg[1][3][8]","rd_cmd_addr_q_reg","FDCE","SLICE_X73Y130","SLICEL.CFF","SLICE_X73Y130","SLICEL","CLEL_R_X47Y130","255","113","","X2Y2",""
"u_dut/rd_cmd_addr_q_reg[1][3][9]","rd_cmd_addr_q_reg","FDCE","SLICE_X70Y129","SLICEL.AFF2","SLICE_X70Y129","SLICEL","CLEL_R_X45Y129","246","114","","X2Y2",""
"u_dut/kernel_rd_raw_data_q_reg[0]","kernel_rd_raw_data_q_reg","FDCE","SLICE_X78Y131","SLICEL.AFF","SLICE_X78Y131","SLICEL","CLEL_R_X50Y131","267","112","","X2Y2",""
"u_dut/kernel_rd_raw_data_q_reg[10]","kernel_rd_raw_data_q_reg","FDCE","SLICE_X78Y126","SLICEL.HFF2","SLICE_X78Y126","SLICEL","CLEL_R_X50Y126","267","117","","X2Y2",""
"u_dut/kernel_rd_raw_data_q_reg[11]","kernel_rd_raw_data_q_reg","FDCE","SLICE_X77Y126","SLICEL.HFF","SLICE_X77Y126","SLICEL","CLEL_L_X50Y126","265","117","","X2Y2",""
"u_dut/kernel_rd_raw_data_q_reg[12]","kernel_rd_raw_data_q_reg","FDCE","SLICE_X79Y128","SLICEM.DFF","SLICE_X79Y128","SLICEM","CLEM_X51Y128","270","115","","X2Y2",""
"u_dut/kernel_rd_raw_data_q_reg[13]","kernel_rd_raw_data_q_reg","FDCE","SLICE_X80Y128","SLICEL.BFF","SLICE_X80Y128","SLICEL","CLEL_R_X52Y128","276","115","","X2Y2",""
"u_dut/kernel_rd_raw_data_q_reg[14]","kernel_rd_raw_data_q_reg","FDCE","SLICE_X76Y129","SLICEL.DFF","SLICE_X76Y129","SLICEL","CLEL_R_X49Y129","264","114","","X2Y2",""
"u_dut/kernel_rd_raw_data_q_reg[15]","kernel_rd_raw_data_q_reg","FDCE","SLICE_X75Y129","SLICEM.DFF","SLICE_X75Y129","SLICEM","CLEM_X49Y129","262","114","","X2Y2",""
"u_dut/kernel_rd_raw_data_q_reg[16]","kernel_rd_raw_data_q_reg","FDCE","SLICE_X83Y134","SLICEL.AFF","SLICE_X83Y134","SLICEL","CLEL_R_X54Y134","285","109","","X2Y2",""
"u_dut/kernel_rd_raw_data_q_reg[17]","kernel_rd_raw_data_q_reg","FDCE","SLICE_X84Y136","SLICEL.HFF2","SLICE_X84Y136","SLICEL","CLEL_L_X55Y136","286","107","","X2Y2",""
"u_dut/kernel_rd_raw_data_q_reg[18]","kernel_rd_raw_data_q_reg","FDCE","SLICE_X84Y134","SLICEL.CFF","SLICE_X84Y134","SLICEL","CLEL_L_X55Y134","286","109","","X2Y2",""
"u_dut/kernel_rd_raw_data_q_reg[19]","kernel_rd_raw_data_q_reg","FDCE","SLICE_X85Y133","SLICEL.AFF","SLICE_X85Y133","SLICEL","CLEL_R_X55Y133","288","110","","X2Y2",""
"u_dut/kernel_rd_raw_data_q_reg[1]","kernel_rd_raw_data_q_reg","FDCE","SLICE_X78Y132","SLICEL.HFF","SLICE_X78Y132","SLICEL","CLEL_R_X50Y132","267","111","","X2Y2",""
"u_dut/kernel_rd_raw_data_q_reg[20]","kernel_rd_raw_data_q_reg","FDCE","SLICE_X85Y132","SLICEL.FFF","SLICE_X85Y132","SLICEL","CLEL_R_X55Y132","288","111","","X2Y2",""
"u_dut/kernel_rd_raw_data_q_reg[21]","kernel_rd_raw_data_q_reg","FDCE","SLICE_X85Y128","SLICEL.BFF","SLICE_X85Y128","SLICEL","CLEL_R_X55Y128","288","115","","X2Y2",""
"u_dut/kernel_rd_raw_data_q_reg[22]","kernel_rd_raw_data_q_reg","FDCE","SLICE_X78Y140","SLICEL.EFF2","SLICE_X78Y140","SLICEL","CLEL_R_X50Y140","267","103","","X2Y2",""
"u_dut/kernel_rd_raw_data_q_reg[23]","kernel_rd_raw_data_q_reg","FDCE","SLICE_X77Y130","SLICEL.EFF","SLICE_X77Y130","SLICEL","CLEL_L_X50Y130","265","113","","X2Y2",""
"u_dut/kernel_rd_raw_data_q_reg[24]","kernel_rd_raw_data_q_reg","FDCE","SLICE_X76Y126","SLICEL.DFF","SLICE_X76Y126","SLICEL","CLEL_R_X49Y126","264","117","","X2Y2",""
"u_dut/kernel_rd_raw_data_q_reg[25]","kernel_rd_raw_data_q_reg","FDCE","SLICE_X83Y122","SLICEL.AFF","SLICE_X83Y122","SLICEL","CLEL_R_X54Y122","285","121","","X2Y2",""
"u_dut/kernel_rd_raw_data_q_reg[26]","kernel_rd_raw_data_q_reg","FDCE","SLICE_X85Y128","SLICEL.AFF","SLICE_X85Y128","SLICEL","CLEL_R_X55Y128","288","115","","X2Y2",""
"u_dut/kernel_rd_raw_data_q_reg[27]","kernel_rd_raw_data_q_reg","FDCE","SLICE_X81Y128","SLICEM.EFF","SLICE_X81Y128","SLICEM","CLEM_X53Y128","279","115","","X2Y2",""
"u_dut/kernel_rd_raw_data_q_reg[28]","kernel_rd_raw_data_q_reg","FDCE","SLICE_X80Y128","SLICEL.AFF","SLICE_X80Y128","SLICEL","CLEL_R_X52Y128","276","115","","X2Y2",""
"u_dut/kernel_rd_raw_data_q_reg[29]","kernel_rd_raw_data_q_reg","FDCE","SLICE_X84Y129","SLICEL.AFF","SLICE_X84Y129","SLICEL","CLEL_L_X55Y129","286","114","","X2Y2",""
"u_dut/kernel_rd_raw_data_q_reg[2]","kernel_rd_raw_data_q_reg","FDCE","SLICE_X78Y136","SLICEL.GFF2","SLICE_X78Y136","SLICEL","CLEL_R_X50Y136","267","107","","X2Y2",""
"u_dut/kernel_rd_raw_data_q_reg[30]","kernel_rd_raw_data_q_reg","FDCE","SLICE_X83Y119","SLICEL.CFF","SLICE_X83Y119","SLICEL","CLEL_R_X54Y119","285","125","","X2Y1",""
"u_dut/kernel_rd_raw_data_q_reg[31]","kernel_rd_raw_data_q_reg","FDCE","SLICE_X83Y121","SLICEL.CFF","SLICE_X83Y121","SLICEL","CLEL_R_X54Y121","285","122","","X2Y2",""
"u_dut/kernel_rd_raw_data_q_reg[32]","kernel_rd_raw_data_q_reg","FDCE","SLICE_X75Y126","SLICEM.CFF","SLICE_X75Y126","SLICEM","CLEM_X49Y126","262","117","","X2Y2",""
"u_dut/kernel_rd_raw_data_q_reg[33]","kernel_rd_raw_data_q_reg","FDCE","SLICE_X78Y123","SLICEL.EFF2","SLICE_X78Y123","SLICEL","CLEL_R_X50Y123","267","120","","X2Y2",""
"u_dut/kernel_rd_raw_data_q_reg[34]","kernel_rd_raw_data_q_reg","FDCE","SLICE_X76Y122","SLICEL.DFF","SLICE_X76Y122","SLICEL","CLEL_R_X49Y122","264","121","","X2Y2",""
"u_dut/kernel_rd_raw_data_q_reg[35]","kernel_rd_raw_data_q_reg","FDCE","SLICE_X76Y124","SLICEL.HFF","SLICE_X76Y124","SLICEL","CLEL_R_X49Y124","264","119","","X2Y2",""
"u_dut/kernel_rd_raw_data_q_reg[36]","kernel_rd_raw_data_q_reg","FDCE","SLICE_X77Y124","SLICEL.HFF","SLICE_X77Y124","SLICEL","CLEL_L_X50Y124","265","119","","X2Y2",""
"u_dut/kernel_rd_raw_data_q_reg[37]","kernel_rd_raw_data_q_reg","FDCE","SLICE_X78Y129","SLICEL.DFF","SLICE_X78Y129","SLICEL","CLEL_R_X50Y129","267","114","","X2Y2",""
"u_dut/kernel_rd_raw_data_q_reg[38]","kernel_rd_raw_data_q_reg","FDCE","SLICE_X82Y126","SLICEM.AFF2","SLICE_X82Y126","SLICEM","CLEM_X54Y126","283","117","","X2Y2",""
"u_dut/kernel_rd_raw_data_q_reg[39]","kernel_rd_raw_data_q_reg","FDCE","SLICE_X78Y117","SLICEL.AFF","SLICE_X78Y117","SLICEL","CLEL_R_X50Y117","267","127","","X2Y1",""
"u_dut/kernel_rd_raw_data_q_reg[3]","kernel_rd_raw_data_q_reg","FDCE","SLICE_X75Y130","SLICEM.BFF","SLICE_X75Y130","SLICEM","CLEM_X49Y130","262","113","","X2Y2",""
"u_dut/kernel_rd_raw_data_q_reg[40]","kernel_rd_raw_data_q_reg","FDCE","SLICE_X78Y116","SLICEL.AFF","SLICE_X78Y116","SLICEL","CLEL_R_X50Y116","267","128","","X2Y1",""
"u_dut/kernel_rd_raw_data_q_reg[41]","kernel_rd_raw_data_q_reg","FDCE","SLICE_X76Y124","SLICEL.GFF","SLICE_X76Y124","SLICEL","CLEL_R_X49Y124","264","119","","X2Y2",""
"u_dut/kernel_rd_raw_data_q_reg[42]","kernel_rd_raw_data_q_reg","FDCE","SLICE_X78Y120","SLICEL.AFF","SLICE_X78Y120","SLICEL","CLEL_R_X50Y120","267","123","","X2Y2",""
"u_dut/kernel_rd_raw_data_q_reg[43]","kernel_rd_raw_data_q_reg","FDCE","SLICE_X77Y126","SLICEL.GFF","SLICE_X77Y126","SLICEL","CLEL_L_X50Y126","265","117","","X2Y2",""
"u_dut/kernel_rd_raw_data_q_reg[44]","kernel_rd_raw_data_q_reg","FDCE","SLICE_X81Y132","SLICEM.AFF","SLICE_X81Y132","SLICEM","CLEM_X53Y132","279","111","","X2Y2",""
"u_dut/kernel_rd_raw_data_q_reg[45]","kernel_rd_raw_data_q_reg","FDCE","SLICE_X77Y125","SLICEL.GFF","SLICE_X77Y125","SLICEL","CLEL_L_X50Y125","265","118","","X2Y2",""
"u_dut/kernel_rd_raw_data_q_reg[46]","kernel_rd_raw_data_q_reg","FDCE","SLICE_X79Y126","SLICEM.AFF","SLICE_X79Y126","SLICEM","CLEM_X51Y126","270","117","","X2Y2",""
"u_dut/kernel_rd_raw_data_q_reg[47]","kernel_rd_raw_data_q_reg","FDCE","SLICE_X79Y129","SLICEM.AFF","SLICE_X79Y129","SLICEM","CLEM_X51Y129","270","114","","X2Y2",""
"u_dut/kernel_rd_raw_data_q_reg[48]","kernel_rd_raw_data_q_reg","FDCE","SLICE_X87Y132","SLICEL.AFF","SLICE_X87Y132","SLICEL","CLEL_R_X56Y132","293","111","","X2Y2",""
"u_dut/kernel_rd_raw_data_q_reg[49]","kernel_rd_raw_data_q_reg","FDCE","SLICE_X85Y141","SLICEL.AFF","SLICE_X85Y141","SLICEL","CLEL_R_X55Y141","288","102","","X2Y2",""
"u_dut/kernel_rd_raw_data_q_reg[4]","kernel_rd_raw_data_q_reg","FDCE","SLICE_X81Y133","SLICEM.EFF","SLICE_X81Y133","SLICEM","CLEM_X53Y133","279","110","","X2Y2",""
"u_dut/kernel_rd_raw_data_q_reg[50]","kernel_rd_raw_data_q_reg","FDCE","SLICE_X80Y143","SLICEL.AFF","SLICE_X80Y143","SLICEL","CLEL_R_X52Y143","276","100","","X2Y2",""
"u_dut/kernel_rd_raw_data_q_reg[51]","kernel_rd_raw_data_q_reg","FDCE","SLICE_X81Y143","SLICEM.AFF2","SLICE_X81Y143","SLICEM","CLEM_X53Y143","279","100","","X2Y2",""
"u_dut/kernel_rd_raw_data_q_reg[52]","kernel_rd_raw_data_q_reg","FDCE","SLICE_X87Y140","SLICEL.AFF","SLICE_X87Y140","SLICEL","CLEL_R_X56Y140","293","103","","X2Y2",""
"u_dut/kernel_rd_raw_data_q_reg[53]","kernel_rd_raw_data_q_reg","FDCE","SLICE_X84Y140","SLICEL.GFF","SLICE_X84Y140","SLICEL","CLEL_L_X55Y140","286","103","","X2Y2",""
"u_dut/kernel_rd_raw_data_q_reg[54]","kernel_rd_raw_data_q_reg","FDCE","SLICE_X84Y134","SLICEL.DFF","SLICE_X84Y134","SLICEL","CLEL_L_X55Y134","286","109","","X2Y2",""
"u_dut/kernel_rd_raw_data_q_reg[55]","kernel_rd_raw_data_q_reg","FDCE","SLICE_X77Y139","SLICEL.HFF2","SLICE_X77Y139","SLICEL","CLEL_L_X50Y139","265","104","","X2Y2",""
"u_dut/kernel_rd_raw_data_q_reg[56]","kernel_rd_raw_data_q_reg","FDCE","SLICE_X78Y140","SLICEL.AFF","SLICE_X78Y140","SLICEL","CLEL_R_X50Y140","267","103","","X2Y2",""
"u_dut/kernel_rd_raw_data_q_reg[57]","kernel_rd_raw_data_q_reg","FDCE","SLICE_X84Y128","SLICEL.AFF","SLICE_X84Y128","SLICEL","CLEL_L_X55Y128","286","115","","X2Y2",""
"u_dut/kernel_rd_raw_data_q_reg[58]","kernel_rd_raw_data_q_reg","FDCE","SLICE_X84Y128","SLICEL.BFF","SLICE_X84Y128","SLICEL","CLEL_L_X55Y128","286","115","","X2Y2",""
"u_dut/kernel_rd_raw_data_q_reg[59]","kernel_rd_raw_data_q_reg","FDCE","SLICE_X75Y126","SLICEM.AFF","SLICE_X75Y126","SLICEM","CLEM_X49Y126","262","117","","X2Y2",""
"u_dut/kernel_rd_raw_data_q_reg[5]","kernel_rd_raw_data_q_reg","FDCE","SLICE_X78Y130","SLICEL.AFF","SLICE_X78Y130","SLICEL","CLEL_R_X50Y130","267","113","","X2Y2",""
"u_dut/kernel_rd_raw_data_q_reg[60]","kernel_rd_raw_data_q_reg","FDCE","SLICE_X76Y141","SLICEL.HFF","SLICE_X76Y141","SLICEL","CLEL_R_X49Y141","264","102","","X2Y2",""
"u_dut/kernel_rd_raw_data_q_reg[61]","kernel_rd_raw_data_q_reg","FDCE","SLICE_X77Y129","SLICEL.AFF","SLICE_X77Y129","SLICEL","CLEL_L_X50Y129","265","114","","X2Y2",""
"u_dut/kernel_rd_raw_data_q_reg[62]","kernel_rd_raw_data_q_reg","FDCE","SLICE_X85Y134","SLICEL.EFF","SLICE_X85Y134","SLICEL","CLEL_R_X55Y134","288","109","","X2Y2",""
"u_dut/kernel_rd_raw_data_q_reg[63]","kernel_rd_raw_data_q_reg","FDCE","SLICE_X84Y140","SLICEL.EFF","SLICE_X84Y140","SLICEL","CLEL_L_X55Y140","286","103","","X2Y2",""
"u_dut/kernel_rd_raw_data_q_reg[6]","kernel_rd_raw_data_q_reg","FDCE","SLICE_X78Y134","SLICEL.CFF","SLICE_X78Y134","SLICEL","CLEL_R_X50Y134","267","109","","X2Y2",""
"u_dut/kernel_rd_raw_data_q_reg[7]","kernel_rd_raw_data_q_reg","FDCE","SLICE_X75Y128","SLICEM.AFF","SLICE_X75Y128","SLICEM","CLEM_X49Y128","262","115","","X2Y2",""
"u_dut/kernel_rd_raw_data_q_reg[8]","kernel_rd_raw_data_q_reg","FDCE","SLICE_X77Y126","SLICEL.BFF","SLICE_X77Y126","SLICEL","CLEL_L_X50Y126","265","117","","X2Y2",""
"u_dut/kernel_rd_raw_data_q_reg[9]","kernel_rd_raw_data_q_reg","FDCE","SLICE_X77Y124","SLICEL.FFF","SLICE_X77Y124","SLICEL","CLEL_L_X50Y124","265","119","","X2Y2",""
"u_dut/kernel_h_rd_addr_q_reg[0][0]","kernel_h_rd_addr_q_reg","FDCE","SLICE_X72Y113","SLICEL.HFF2","SLICE_X72Y113","SLICEL","CLEL_R_X46Y113","251","131","","X2Y1",""
"u_dut/kernel_h_rd_addr_q_reg[0][1]","kernel_h_rd_addr_q_reg","FDCE","SLICE_X69Y114","SLICEL.AFF","SLICE_X69Y114","SLICEL","CLEL_L_X45Y114","244","130","","X2Y1",""
"u_dut/kernel_h_rd_addr_q_reg[0][2]","kernel_h_rd_addr_q_reg","FDCE","SLICE_X72Y116","SLICEL.FFF2","SLICE_X72Y116","SLICEL","CLEL_R_X46Y116","251","128","","X2Y1",""
"u_dut/kernel_h_rd_addr_q_reg[0][3]","kernel_h_rd_addr_q_reg","FDCE","SLICE_X69Y114","SLICEL.AFF2","SLICE_X69Y114","SLICEL","CLEL_L_X45Y114","244","130","","X2Y1",""
"u_dut/kernel_h_rd_addr_q_reg[0][4]","kernel_h_rd_addr_q_reg","FDCE","SLICE_X72Y116","SLICEL.HFF2","SLICE_X72Y116","SLICEL","CLEL_R_X46Y116","251","128","","X2Y1",""
"u_dut/kernel_h_rd_addr_q_reg[0][5]","kernel_h_rd_addr_q_reg","FDCE","SLICE_X68Y116","SLICEL.HFF2","SLICE_X68Y116","SLICEL","CLEL_R_X44Y116","243","128","","X2Y1",""
"u_dut/kernel_h_rd_addr_q_reg[0][6]","kernel_h_rd_addr_q_reg","FDCE","SLICE_X69Y115","SLICEL.BFF2","SLICE_X69Y115","SLICEL","CLEL_L_X45Y115","244","129","","X2Y1",""
"u_dut/kernel_h_rd_addr_q_reg[0][7]","kernel_h_rd_addr_q_reg","FDCE","SLICE_X69Y115","SLICEL.AFF","SLICE_X69Y115","SLICEL","CLEL_L_X45Y115","244","129","","X2Y1",""
"u_dut/kernel_h_rd_addr_q_reg[0][8]","kernel_h_rd_addr_q_reg","FDCE","SLICE_X69Y118","SLICEL.CFF2","SLICE_X69Y118","SLICEL","CLEL_L_X45Y118","244","126","","X2Y1",""
"u_dut/kernel_h_rd_addr_q_reg[0][9]","kernel_h_rd_addr_q_reg","FDCE","SLICE_X69Y118","SLICEL.DFF","SLICE_X69Y118","SLICEL","CLEL_L_X45Y118","244","126","","X2Y1",""
"u_dut/kernel_h_rd_addr_q_reg[1][0]","kernel_h_rd_addr_q_reg","FDCE","SLICE_X72Y116","SLICEL.EFF2","SLICE_X72Y116","SLICEL","CLEL_R_X46Y116","251","128","","X2Y1",""
"u_dut/kernel_h_rd_addr_q_reg[1][1]","kernel_h_rd_addr_q_reg","FDCE","SLICE_X65Y116","SLICEL.DFF2","SLICE_X65Y116","SLICEL","CLEL_R_X42Y116","234","128","","X2Y1",""
"u_dut/kernel_h_rd_addr_q_reg[1][1]_replica","kernel_h_rd_addr_q_reg","FDCE","SLICE_X67Y137","SLICEM.EFF","SLICE_X67Y137","SLICEM","CLEM_X44Y137","241","106","","X2Y2",""
"u_dut/kernel_h_rd_addr_q_reg[1][1]_replica_1","kernel_h_rd_addr_q_reg","FDCE","SLICE_X69Y135","SLICEL.EFF","SLICE_X69Y135","SLICEL","CLEL_L_X45Y135","244","108","","X2Y2",""
"u_dut/kernel_h_rd_addr_q_reg[1][1]_replica_2","kernel_h_rd_addr_q_reg","FDCE","SLICE_X71Y107","SLICEM.EFF","SLICE_X71Y107","SLICEM","CLEM_X46Y107","249","137","","X2Y1",""
"u_dut/kernel_h_rd_addr_q_reg[1][1]_replica_3","kernel_h_rd_addr_q_reg","FDCE","SLICE_X69Y115","SLICEL.BFF","SLICE_X69Y115","SLICEL","CLEL_L_X45Y115","244","129","","X2Y1",""
"u_dut/kernel_h_rd_addr_q_reg[1][1]_replica_4","kernel_h_rd_addr_q_reg","FDCE","SLICE_X76Y107","SLICEL.AFF","SLICE_X76Y107","SLICEL","CLEL_R_X49Y107","264","137","","X2Y1",""
"u_dut/kernel_h_rd_addr_q_reg[1][1]_replica_5","kernel_h_rd_addr_q_reg","FDCE","SLICE_X71Y123","SLICEM.AFF","SLICE_X71Y123","SLICEM","CLEM_X46Y123","249","120","","X2Y2",""
"u_dut/kernel_h_rd_addr_q_reg[1][1]_replica_6","kernel_h_rd_addr_q_reg","FDCE","SLICE_X66Y128","SLICEM.AFF","SLICE_X66Y128","SLICEM","CLEM_X43Y128","237","115","","X2Y2",""
"u_dut/kernel_h_rd_addr_q_reg[1][1]_replica_7","kernel_h_rd_addr_q_reg","FDCE","SLICE_X69Y118","SLICEL.AFF","SLICE_X69Y118","SLICEL","CLEL_L_X45Y118","244","126","","X2Y1",""
"u_dut/kernel_h_rd_addr_q_reg[1][1]_replica_8","kernel_h_rd_addr_q_reg","FDCE","SLICE_X69Y119","SLICEL.AFF2","SLICE_X69Y119","SLICEL","CLEL_L_X45Y119","244","125","","X2Y1",""
"u_dut/kernel_h_rd_addr_q_reg[1][1]_replica_9","kernel_h_rd_addr_q_reg","FDCE","SLICE_X70Y117","SLICEL.EFF","SLICE_X70Y117","SLICEL","CLEL_R_X45Y117","246","127","","X2Y1",""
"u_dut/kernel_h_rd_addr_q_reg[1][2]","kernel_h_rd_addr_q_reg","FDCE","SLICE_X65Y116","SLICEL.CFF2","SLICE_X65Y116","SLICEL","CLEL_R_X42Y116","234","128","","X2Y1",""
"u_dut/kernel_h_rd_addr_q_reg[1][3]","kernel_h_rd_addr_q_reg","FDCE","SLICE_X69Y113","SLICEL.HFF2","SLICE_X69Y113","SLICEL","CLEL_L_X45Y113","244","131","","X2Y1",""
"u_dut/kernel_h_rd_addr_q_reg[1][4]","kernel_h_rd_addr_q_reg","FDCE","SLICE_X69Y114","SLICEL.DFF2","SLICE_X69Y114","SLICEL","CLEL_L_X45Y114","244","130","","X2Y1",""
"u_dut/kernel_h_rd_addr_q_reg[1][5]","kernel_h_rd_addr_q_reg","FDCE","SLICE_X69Y113","SLICEL.GFF2","SLICE_X69Y113","SLICEL","CLEL_L_X45Y113","244","131","","X2Y1",""
"u_dut/kernel_h_rd_addr_q_reg[1][6]","kernel_h_rd_addr_q_reg","FDCE","SLICE_X69Y114","SLICEL.CFF","SLICE_X69Y114","SLICEL","CLEL_L_X45Y114","244","130","","X2Y1",""
"u_dut/kernel_h_rd_addr_q_reg[1][7]","kernel_h_rd_addr_q_reg","FDCE","SLICE_X69Y114","SLICEL.BFF","SLICE_X69Y114","SLICEL","CLEL_L_X45Y114","244","130","","X2Y1",""
"u_dut/kernel_h_rd_addr_q_reg[1][8]","kernel_h_rd_addr_q_reg","FDCE","SLICE_X68Y118","SLICEL.DFF","SLICE_X68Y118","SLICEL","CLEL_R_X44Y118","243","126","","X2Y1",""
"u_dut/kernel_h_rd_addr_q_reg[1][9]","kernel_h_rd_addr_q_reg","FDCE","SLICE_X69Y118","SLICEL.HFF","SLICE_X69Y118","SLICEL","CLEL_L_X45Y118","244","126","","X2Y1",""
"u_dut/kernel_h_rd_addr_q_reg[2][0]","kernel_h_rd_addr_q_reg","FDCE","SLICE_X65Y117","SLICEL.HFF2","SLICE_X65Y117","SLICEL","CLEL_R_X42Y117","234","127","","X2Y1",""
"u_dut/kernel_h_rd_addr_q_reg[2][1]","kernel_h_rd_addr_q_reg","FDCE","SLICE_X65Y116","SLICEL.BFF2","SLICE_X65Y116","SLICEL","CLEL_R_X42Y116","234","128","","X2Y1",""
"u_dut/kernel_h_rd_addr_q_reg[2][2]","kernel_h_rd_addr_q_reg","FDCE","SLICE_X65Y117","SLICEL.GFF2","SLICE_X65Y117","SLICEL","CLEL_R_X42Y117","234","127","","X2Y1",""
"u_dut/kernel_h_rd_addr_q_reg[2][3]","kernel_h_rd_addr_q_reg","FDCE","SLICE_X64Y116","SLICEL.FFF2","SLICE_X64Y116","SLICEL","CLEL_L_X42Y116","232","128","","X2Y1",""
"u_dut/kernel_h_rd_addr_q_reg[2][4]","kernel_h_rd_addr_q_reg","FDCE","SLICE_X64Y116","SLICEL.HFF2","SLICE_X64Y116","SLICEL","CLEL_L_X42Y116","232","128","","X2Y1",""
"u_dut/kernel_h_rd_addr_q_reg[2][5]","kernel_h_rd_addr_q_reg","FDCE","SLICE_X64Y116","SLICEL.EFF2","SLICE_X64Y116","SLICEL","CLEL_L_X42Y116","232","128","","X2Y1",""
"u_dut/kernel_h_rd_addr_q_reg[2][6]","kernel_h_rd_addr_q_reg","FDCE","SLICE_X65Y116","SLICEL.AFF","SLICE_X65Y116","SLICEL","CLEL_R_X42Y116","234","128","","X2Y1",""
"u_dut/kernel_h_rd_addr_q_reg[2][7]","kernel_h_rd_addr_q_reg","FDCE","SLICE_X65Y116","SLICEL.HFF","SLICE_X65Y116","SLICEL","CLEL_R_X42Y116","234","128","","X2Y1",""
"u_dut/kernel_h_rd_addr_q_reg[2][8]","kernel_h_rd_addr_q_reg","FDCE","SLICE_X68Y118","SLICEL.CFF","SLICE_X68Y118","SLICEL","CLEL_R_X44Y118","243","126","","X2Y1",""
"u_dut/kernel_h_rd_addr_q_reg[2][9]","kernel_h_rd_addr_q_reg","FDCE","SLICE_X68Y118","SLICEL.BFF","SLICE_X68Y118","SLICEL","CLEL_R_X44Y118","243","126","","X2Y1",""
"u_dut/kernel_h_rd_addr_q_reg[3][0]","kernel_h_rd_addr_q_reg","FDCE","SLICE_X64Y115","SLICEL.HFF","SLICE_X64Y115","SLICEL","CLEL_L_X42Y115","232","129","","X2Y1",""
"u_dut/kernel_h_rd_addr_q_reg[3][1]","kernel_h_rd_addr_q_reg","FDCE","SLICE_X66Y138","SLICEM.AFF","SLICE_X66Y138","SLICEM","CLEM_X43Y138","237","105","","X2Y2",""
"u_dut/kernel_h_rd_addr_q_reg[3][2]","kernel_h_rd_addr_q_reg","FDCE","SLICE_X60Y115","SLICEL.HFF2","SLICE_X60Y115","SLICEL","CLEL_R_X39Y115","222","129","","X2Y1",""
"u_dut/kernel_h_rd_addr_q_reg[3][3]","kernel_h_rd_addr_q_reg","FDCE","SLICE_X65Y115","SLICEL.EFF","SLICE_X65Y115","SLICEL","CLEL_R_X42Y115","234","129","","X2Y1",""
"u_dut/kernel_h_rd_addr_q_reg[3][4]","kernel_h_rd_addr_q_reg","FDCE","SLICE_X69Y115","SLICEL.FFF2","SLICE_X69Y115","SLICEL","CLEL_L_X45Y115","244","129","","X2Y1",""
"u_dut/kernel_h_rd_addr_q_reg[3][5]","kernel_h_rd_addr_q_reg","FDCE","SLICE_X65Y115","SLICEL.EFF2","SLICE_X65Y115","SLICEL","CLEL_R_X42Y115","234","129","","X2Y1",""
"u_dut/kernel_h_rd_addr_q_reg[3][6]","kernel_h_rd_addr_q_reg","FDCE","SLICE_X69Y115","SLICEL.DFF","SLICE_X69Y115","SLICEL","CLEL_L_X45Y115","244","129","","X2Y1",""
"u_dut/kernel_h_rd_addr_q_reg[3][7]","kernel_h_rd_addr_q_reg","FDCE","SLICE_X69Y115","SLICEL.CFF","SLICE_X69Y115","SLICEL","CLEL_L_X45Y115","244","129","","X2Y1",""
"u_dut/kernel_h_rd_addr_q_reg[3][8]","kernel_h_rd_addr_q_reg","FDCE","SLICE_X68Y117","SLICEL.DFF","SLICE_X68Y117","SLICEL","CLEL_R_X44Y117","243","127","","X2Y1",""
"u_dut/kernel_h_rd_addr_q_reg[3][9]","kernel_h_rd_addr_q_reg","FDCE","SLICE_X68Y118","SLICEL.AFF","SLICE_X68Y118","SLICEL","CLEL_R_X44Y118","243","126","","X2Y1",""
"u_dut/kernel_h_rd_data_q_reg[0]","kernel_h_rd_data_q_reg","FDCE","SLICE_X68Y122","SLICEL.FFF2","SLICE_X68Y122","SLICEL","CLEL_R_X44Y122","243","121","","X2Y2",""
"u_dut/kernel_h_rd_data_q_reg[10]","kernel_h_rd_data_q_reg","FDCE","SLICE_X64Y125","SLICEL.DFF","SLICE_X64Y125","SLICEL","CLEL_L_X42Y125","232","118","","X2Y2",""
"u_dut/kernel_h_rd_data_q_reg[11]","kernel_h_rd_data_q_reg","FDCE","SLICE_X70Y126","SLICEL.HFF","SLICE_X70Y126","SLICEL","CLEL_R_X45Y126","246","117","","X2Y2",""
"u_dut/kernel_h_rd_data_q_reg[12]","kernel_h_rd_data_q_reg","FDCE","SLICE_X72Y125","SLICEL.DFF","SLICE_X72Y125","SLICEL","CLEL_R_X46Y125","251","118","","X2Y2",""
"u_dut/kernel_h_rd_data_q_reg[13]","kernel_h_rd_data_q_reg","FDCE","SLICE_X68Y122","SLICEL.HFF","SLICE_X68Y122","SLICEL","CLEL_R_X44Y122","243","121","","X2Y2",""
"u_dut/kernel_h_rd_data_q_reg[14]","kernel_h_rd_data_q_reg","FDCE","SLICE_X72Y124","SLICEL.DFF","SLICE_X72Y124","SLICEL","CLEL_R_X46Y124","251","119","","X2Y2",""
"u_dut/kernel_h_rd_data_q_reg[15]","kernel_h_rd_data_q_reg","FDCE","SLICE_X70Y123","SLICEL.HFF","SLICE_X70Y123","SLICEL","CLEL_R_X45Y123","246","120","","X2Y2",""
"u_dut/kernel_h_rd_data_q_reg[16]","kernel_h_rd_data_q_reg","FDCE","SLICE_X65Y124","SLICEL.DFF","SLICE_X65Y124","SLICEL","CLEL_R_X42Y124","234","119","","X2Y2",""
"u_dut/kernel_h_rd_data_q_reg[17]","kernel_h_rd_data_q_reg","FDCE","SLICE_X64Y125","SLICEL.CFF","SLICE_X64Y125","SLICEL","CLEL_L_X42Y125","232","118","","X2Y2",""
"u_dut/kernel_h_rd_data_q_reg[18]","kernel_h_rd_data_q_reg","FDCE","SLICE_X64Y123","SLICEL.DFF","SLICE_X64Y123","SLICEL","CLEL_L_X42Y123","232","120","","X2Y2",""
"u_dut/kernel_h_rd_data_q_reg[19]","kernel_h_rd_data_q_reg","FDCE","SLICE_X68Y122","SLICEL.GFF","SLICE_X68Y122","SLICEL","CLEL_R_X44Y122","243","121","","X2Y2",""
"u_dut/kernel_h_rd_data_q_reg[1]","kernel_h_rd_data_q_reg","FDCE","SLICE_X64Y124","SLICEL.HFF","SLICE_X64Y124","SLICEL","CLEL_L_X42Y124","232","119","","X2Y2",""
"u_dut/kernel_h_rd_data_q_reg[20]","kernel_h_rd_data_q_reg","FDCE","SLICE_X70Y123","SLICEL.GFF","SLICE_X70Y123","SLICEL","CLEL_R_X45Y123","246","120","","X2Y2",""
"u_dut/kernel_h_rd_data_q_reg[21]","kernel_h_rd_data_q_reg","FDCE","SLICE_X65Y124","SLICEL.CFF","SLICE_X65Y124","SLICEL","CLEL_R_X42Y124","234","119","","X2Y2",""
"u_dut/kernel_h_rd_data_q_reg[22]","kernel_h_rd_data_q_reg","FDCE","SLICE_X64Y121","SLICEL.DFF","SLICE_X64Y121","SLICEL","CLEL_L_X42Y121","232","122","","X2Y2",""
"u_dut/kernel_h_rd_data_q_reg[23]","kernel_h_rd_data_q_reg","FDCE","SLICE_X64Y127","SLICEL.DFF","SLICE_X64Y127","SLICEL","CLEL_L_X42Y127","232","116","","X2Y2",""
"u_dut/kernel_h_rd_data_q_reg[24]","kernel_h_rd_data_q_reg","FDCE","SLICE_X65Y127","SLICEL.DFF","SLICE_X65Y127","SLICEL","CLEL_R_X42Y127","234","116","","X2Y2",""
"u_dut/kernel_h_rd_data_q_reg[25]","kernel_h_rd_data_q_reg","FDCE","SLICE_X70Y128","SLICEL.HFF","SLICE_X70Y128","SLICEL","CLEL_R_X45Y128","246","115","","X2Y2",""
"u_dut/kernel_h_rd_data_q_reg[26]","kernel_h_rd_data_q_reg","FDCE","SLICE_X64Y126","SLICEL.HFF","SLICE_X64Y126","SLICEL","CLEL_L_X42Y126","232","117","","X2Y2",""
"u_dut/kernel_h_rd_data_q_reg[27]","kernel_h_rd_data_q_reg","FDCE","SLICE_X70Y126","SLICEL.GFF","SLICE_X70Y126","SLICEL","CLEL_R_X45Y126","246","117","","X2Y2",""
"u_dut/kernel_h_rd_data_q_reg[28]","kernel_h_rd_data_q_reg","FDCE","SLICE_X72Y125","SLICEL.CFF","SLICE_X72Y125","SLICEL","CLEL_R_X46Y125","251","118","","X2Y2",""
"u_dut/kernel_h_rd_data_q_reg[29]","kernel_h_rd_data_q_reg","FDCE","SLICE_X69Y128","SLICEL.DFF","SLICE_X69Y128","SLICEL","CLEL_L_X45Y128","244","115","","X2Y2",""
"u_dut/kernel_h_rd_data_q_reg[2]","kernel_h_rd_data_q_reg","FDCE","SLICE_X64Y122","SLICEL.DFF","SLICE_X64Y122","SLICEL","CLEL_L_X42Y122","232","121","","X2Y2",""
"u_dut/kernel_h_rd_data_q_reg[30]","kernel_h_rd_data_q_reg","FDCE","SLICE_X70Y128","SLICEL.GFF","SLICE_X70Y128","SLICEL","CLEL_R_X45Y128","246","115","","X2Y2",""
"u_dut/kernel_h_rd_data_q_reg[31]","kernel_h_rd_data_q_reg","FDCE","SLICE_X69Y128","SLICEL.CFF","SLICE_X69Y128","SLICEL","CLEL_L_X45Y128","244","115","","X2Y2",""
"u_dut/kernel_h_rd_data_q_reg[32]","kernel_h_rd_data_q_reg","FDCE","SLICE_X65Y124","SLICEL.HFF","SLICE_X65Y124","SLICEL","CLEL_R_X42Y124","234","119","","X2Y2",""
"u_dut/kernel_h_rd_data_q_reg[33]","kernel_h_rd_data_q_reg","FDCE","SLICE_X64Y122","SLICEL.CFF","SLICE_X64Y122","SLICEL","CLEL_L_X42Y122","232","121","","X2Y2",""
"u_dut/kernel_h_rd_data_q_reg[34]","kernel_h_rd_data_q_reg","FDCE","SLICE_X64Y124","SLICEL.GFF","SLICE_X64Y124","SLICEL","CLEL_L_X42Y124","232","119","","X2Y2",""
"u_dut/kernel_h_rd_data_q_reg[35]","kernel_h_rd_data_q_reg","FDCE","SLICE_X64Y124","SLICEL.DFF","SLICE_X64Y124","SLICEL","CLEL_L_X42Y124","232","119","","X2Y2",""
"u_dut/kernel_h_rd_data_q_reg[36]","kernel_h_rd_data_q_reg","FDCE","SLICE_X68Y123","SLICEL.HFF","SLICE_X68Y123","SLICEL","CLEL_R_X44Y123","243","120","","X2Y2",""
"u_dut/kernel_h_rd_data_q_reg[37]","kernel_h_rd_data_q_reg","FDCE","SLICE_X68Y123","SLICEL.GFF","SLICE_X68Y123","SLICEL","CLEL_R_X44Y123","243","120","","X2Y2",""
"u_dut/kernel_h_rd_data_q_reg[38]","kernel_h_rd_data_q_reg","FDCE","SLICE_X64Y122","SLICEL.BFF","SLICE_X64Y122","SLICEL","CLEL_L_X42Y122","232","121","","X2Y2",""
"u_dut/kernel_h_rd_data_q_reg[39]","kernel_h_rd_data_q_reg","FDCE","SLICE_X68Y121","SLICEL.DFF","SLICE_X68Y121","SLICEL","CLEL_R_X44Y121","243","122","","X2Y2",""
"u_dut/kernel_h_rd_data_q_reg[3]","kernel_h_rd_data_q_reg","FDCE","SLICE_X64Y123","SLICEL.CFF","SLICE_X64Y123","SLICEL","CLEL_L_X42Y123","232","120","","X2Y2",""
"u_dut/kernel_h_rd_data_q_reg[40]","kernel_h_rd_data_q_reg","FDCE","SLICE_X68Y121","SLICEL.CFF","SLICE_X68Y121","SLICEL","CLEL_R_X44Y121","243","122","","X2Y2",""
"u_dut/kernel_h_rd_data_q_reg[41]","kernel_h_rd_data_q_reg","FDCE","SLICE_X68Y126","SLICEL.DFF","SLICE_X68Y126","SLICEL","CLEL_R_X44Y126","243","117","","X2Y2",""
"u_dut/kernel_h_rd_data_q_reg[42]","kernel_h_rd_data_q_reg","FDCE","SLICE_X64Y124","SLICEL.FFF","SLICE_X64Y124","SLICEL","CLEL_L_X42Y124","232","119","","X2Y2",""
"u_dut/kernel_h_rd_data_q_reg[43]","kernel_h_rd_data_q_reg","FDCE","SLICE_X70Y123","SLICEL.FFF","SLICE_X70Y123","SLICEL","CLEL_R_X45Y123","246","120","","X2Y2",""
"u_dut/kernel_h_rd_data_q_reg[44]","kernel_h_rd_data_q_reg","FDCE","SLICE_X72Y124","SLICEL.CFF","SLICE_X72Y124","SLICEL","CLEL_R_X46Y124","251","119","","X2Y2",""
"u_dut/kernel_h_rd_data_q_reg[45]","kernel_h_rd_data_q_reg","FDCE","SLICE_X69Y123","SLICEL.HFF","SLICE_X69Y123","SLICEL","CLEL_L_X45Y123","244","120","","X2Y2",""
"u_dut/kernel_h_rd_data_q_reg[46]","kernel_h_rd_data_q_reg","FDCE","SLICE_X70Y126","SLICEL.FFF","SLICE_X70Y126","SLICEL","CLEL_R_X45Y126","246","117","","X2Y2",""
"u_dut/kernel_h_rd_data_q_reg[47]","kernel_h_rd_data_q_reg","FDCE","SLICE_X68Y121","SLICEL.BFF","SLICE_X68Y121","SLICEL","CLEL_R_X44Y121","243","122","","X2Y2",""
"u_dut/kernel_h_rd_data_q_reg[48]","kernel_h_rd_data_q_reg","FDCE","SLICE_X68Y126","SLICEL.HFF","SLICE_X68Y126","SLICEL","CLEL_R_X44Y126","243","117","","X2Y2",""
"u_dut/kernel_h_rd_data_q_reg[49]","kernel_h_rd_data_q_reg","FDCE","SLICE_X64Y124","SLICEL.EFF","SLICE_X64Y124","SLICEL","CLEL_L_X42Y124","232","119","","X2Y2",""
"u_dut/kernel_h_rd_data_q_reg[4]","kernel_h_rd_data_q_reg","FDCE","SLICE_X69Y123","SLICEL.GFF","SLICE_X69Y123","SLICEL","CLEL_L_X45Y123","244","120","","X2Y2",""
"u_dut/kernel_h_rd_data_q_reg[50]","kernel_h_rd_data_q_reg","FDCE","SLICE_X65Y124","SLICEL.BFF","SLICE_X65Y124","SLICEL","CLEL_R_X42Y124","234","119","","X2Y2",""
"u_dut/kernel_h_rd_data_q_reg[51]","kernel_h_rd_data_q_reg","FDCE","SLICE_X65Y124","SLICEL.GFF","SLICE_X65Y124","SLICEL","CLEL_R_X42Y124","234","119","","X2Y2",""
"u_dut/kernel_h_rd_data_q_reg[52]","kernel_h_rd_data_q_reg","FDCE","SLICE_X65Y123","SLICEL.DFF","SLICE_X65Y123","SLICEL","CLEL_R_X42Y123","234","120","","X2Y2",""
"u_dut/kernel_h_rd_data_q_reg[53]","kernel_h_rd_data_q_reg","FDCE","SLICE_X65Y125","SLICEL.DFF","SLICE_X65Y125","SLICEL","CLEL_R_X42Y125","234","118","","X2Y2",""
"u_dut/kernel_h_rd_data_q_reg[54]","kernel_h_rd_data_q_reg","FDCE","SLICE_X64Y125","SLICEL.BFF","SLICE_X64Y125","SLICEL","CLEL_L_X42Y125","232","118","","X2Y2",""
"u_dut/kernel_h_rd_data_q_reg[55]","kernel_h_rd_data_q_reg","FDCE","SLICE_X64Y126","SLICEL.DFF","SLICE_X64Y126","SLICEL","CLEL_L_X42Y126","232","117","","X2Y2",""
"u_dut/kernel_h_rd_data_q_reg[56]","kernel_h_rd_data_q_reg","FDCE","SLICE_X65Y125","SLICEL.CFF","SLICE_X65Y125","SLICEL","CLEL_R_X42Y125","234","118","","X2Y2",""
"u_dut/kernel_h_rd_data_q_reg[57]","kernel_h_rd_data_q_reg","FDCE","SLICE_X69Y128","SLICEL.BFF","SLICE_X69Y128","SLICEL","CLEL_L_X45Y128","244","115","","X2Y2",""
"u_dut/kernel_h_rd_data_q_reg[58]","kernel_h_rd_data_q_reg","FDCE","SLICE_X64Y123","SLICEL.BFF","SLICE_X64Y123","SLICEL","CLEL_L_X42Y123","232","120","","X2Y2",""
"u_dut/kernel_h_rd_data_q_reg[59]","kernel_h_rd_data_q_reg","FDCE","SLICE_X69Y128","SLICEL.HFF","SLICE_X69Y128","SLICEL","CLEL_L_X45Y128","244","115","","X2Y2",""
"u_dut/kernel_h_rd_data_q_reg[5]","kernel_h_rd_data_q_reg","FDCE","SLICE_X68Y123","SLICEL.FFF","SLICE_X68Y123","SLICEL","CLEL_R_X44Y123","243","120","","X2Y2",""
"u_dut/kernel_h_rd_data_q_reg[60]","kernel_h_rd_data_q_reg","FDCE","SLICE_X65Y124","SLICEL.AFF","SLICE_X65Y124","SLICEL","CLEL_R_X42Y124","234","119","","X2Y2",""
"u_dut/kernel_h_rd_data_q_reg[61]","kernel_h_rd_data_q_reg","FDCE","SLICE_X69Y128","SLICEL.AFF","SLICE_X69Y128","SLICEL","CLEL_L_X45Y128","244","115","","X2Y2",""
"u_dut/kernel_h_rd_data_q_reg[62]","kernel_h_rd_data_q_reg","FDCE","SLICE_X68Y126","SLICEL.GFF","SLICE_X68Y126","SLICEL","CLEL_R_X44Y126","243","117","","X2Y2",""
"u_dut/kernel_h_rd_data_q_reg[63]","kernel_h_rd_data_q_reg","FDCE","SLICE_X69Y123","SLICEL.FFF","SLICE_X69Y123","SLICEL","CLEL_L_X45Y123","244","120","","X2Y2",""
"u_dut/kernel_h_rd_data_q_reg[6]","kernel_h_rd_data_q_reg","FDCE","SLICE_X64Y124","SLICEL.CFF","SLICE_X64Y124","SLICEL","CLEL_L_X42Y124","232","119","","X2Y2",""
"u_dut/kernel_h_rd_data_q_reg[7]","kernel_h_rd_data_q_reg","FDCE","SLICE_X68Y123","SLICEL.EFF","SLICE_X68Y123","SLICEL","CLEL_R_X44Y123","243","120","","X2Y2",""
"u_dut/kernel_h_rd_data_q_reg[8]","kernel_h_rd_data_q_reg","FDCE","SLICE_X68Y126","SLICEL.CFF","SLICE_X68Y126","SLICEL","CLEL_R_X44Y126","243","117","","X2Y2",""
"u_dut/kernel_h_rd_data_q_reg[9]","kernel_h_rd_data_q_reg","FDCE","SLICE_X72Y124","SLICEL.BFF","SLICE_X72Y124","SLICEL","CLEL_R_X46Y124","251","119","","X2Y2",""
"u_dut/kernel_run_q_reg","kernel_run_q_reg","FDCE","SLICE_X69Y150","SLICEL.AFF","SLICE_X69Y150","SLICEL","CLEL_L_X45Y150","244","92","","X2Y2","39"
"u_dut/vwrite_cmd_data_q_reg[0][0]","vwrite_cmd_data_q_reg","FDCE","SLICE_X68Y173","SLICEL.AFF","SLICE_X68Y173","SLICEL","CLEL_R_X44Y173","243","69","","X2Y2",""
"u_dut/vwrite_cmd_data_q_reg[0][10]","vwrite_cmd_data_q_reg","FDCE","SLICE_X69Y174","SLICEL.CFF","SLICE_X69Y174","SLICEL","CLEL_L_X45Y174","244","68","","X2Y2",""
"u_dut/vwrite_cmd_data_q_reg[0][11]","vwrite_cmd_data_q_reg","FDCE","SLICE_X71Y171","SLICEM.AFF","SLICE_X71Y171","SLICEM","CLEM_X46Y171","249","71","","X2Y2",""
"u_dut/vwrite_cmd_data_q_reg[0][12]","vwrite_cmd_data_q_reg","FDCE","SLICE_X72Y177","SLICEL.EFF","SLICE_X72Y177","SLICEL","CLEL_R_X46Y177","251","65","","X2Y2",""
"u_dut/vwrite_cmd_data_q_reg[0][13]","vwrite_cmd_data_q_reg","FDCE","SLICE_X69Y169","SLICEL.CFF","SLICE_X69Y169","SLICEL","CLEL_L_X45Y169","244","73","","X2Y2",""
"u_dut/vwrite_cmd_data_q_reg[0][14]","vwrite_cmd_data_q_reg","FDCE","SLICE_X72Y171","SLICEL.DFF","SLICE_X72Y171","SLICEL","CLEL_R_X46Y171","251","71","","X2Y2",""
"u_dut/vwrite_cmd_data_q_reg[0][15]","vwrite_cmd_data_q_reg","FDCE","SLICE_X73Y171","SLICEL.GFF","SLICE_X73Y171","SLICEL","CLEL_R_X47Y171","255","71","","X2Y2",""
"u_dut/vwrite_cmd_data_q_reg[0][1]","vwrite_cmd_data_q_reg","FDCE","SLICE_X69Y166","SLICEL.DFF","SLICE_X69Y166","SLICEL","CLEL_L_X45Y166","244","76","","X2Y2",""
"u_dut/vwrite_cmd_data_q_reg[0][2]","vwrite_cmd_data_q_reg","FDCE","SLICE_X70Y170","SLICEL.HFF","SLICE_X70Y170","SLICEL","CLEL_R_X45Y170","246","72","","X2Y2",""
"u_dut/vwrite_cmd_data_q_reg[0][3]","vwrite_cmd_data_q_reg","FDCE","SLICE_X70Y172","SLICEL.EFF","SLICE_X70Y172","SLICEL","CLEL_R_X45Y172","246","70","","X2Y2",""
"u_dut/vwrite_cmd_data_q_reg[0][4]","vwrite_cmd_data_q_reg","FDCE","SLICE_X69Y167","SLICEL.CFF","SLICE_X69Y167","SLICEL","CLEL_L_X45Y167","244","75","","X2Y2",""
"u_dut/vwrite_cmd_data_q_reg[0][5]","vwrite_cmd_data_q_reg","FDCE","SLICE_X69Y168","SLICEL.EFF","SLICE_X69Y168","SLICEL","CLEL_L_X45Y168","244","74","","X2Y2",""
"u_dut/vwrite_cmd_data_q_reg[0][6]","vwrite_cmd_data_q_reg","FDCE","SLICE_X70Y171","SLICEL.DFF","SLICE_X70Y171","SLICEL","CLEL_R_X45Y171","246","71","","X2Y2",""
"u_dut/vwrite_cmd_data_q_reg[0][7]","vwrite_cmd_data_q_reg","FDCE","SLICE_X71Y167","SLICEM.DFF","SLICE_X71Y167","SLICEM","CLEM_X46Y167","249","75","","X2Y2",""
"u_dut/vwrite_cmd_data_q_reg[0][8]","vwrite_cmd_data_q_reg","FDCE","SLICE_X69Y167","SLICEL.AFF","SLICE_X69Y167","SLICEL","CLEL_L_X45Y167","244","75","","X2Y2",""
"u_dut/vwrite_cmd_data_q_reg[0][9]","vwrite_cmd_data_q_reg","FDCE","SLICE_X70Y167","SLICEL.DFF","SLICE_X70Y167","SLICEL","CLEL_R_X45Y167","246","75","","X2Y2",""
"u_dut/vwrite_cmd_data_q_reg[1][0]","vwrite_cmd_data_q_reg","FDCE","SLICE_X69Y176","SLICEL.EFF","SLICE_X69Y176","SLICEL","CLEL_L_X45Y176","244","66","","X2Y2",""
"u_dut/vwrite_cmd_data_q_reg[1][10]","vwrite_cmd_data_q_reg","FDCE","SLICE_X69Y173","SLICEL.BFF","SLICE_X69Y173","SLICEL","CLEL_L_X45Y173","244","69","","X2Y2",""
"u_dut/vwrite_cmd_data_q_reg[1][11]","vwrite_cmd_data_q_reg","FDCE","SLICE_X71Y171","SLICEM.BFF","SLICE_X71Y171","SLICEM","CLEM_X46Y171","249","71","","X2Y2",""
"u_dut/vwrite_cmd_data_q_reg[1][12]","vwrite_cmd_data_q_reg","FDCE","SLICE_X71Y176","SLICEM.EFF","SLICE_X71Y176","SLICEM","CLEM_X46Y176","249","66","","X2Y2",""
"u_dut/vwrite_cmd_data_q_reg[1][13]","vwrite_cmd_data_q_reg","FDCE","SLICE_X69Y169","SLICEL.FFF","SLICE_X69Y169","SLICEL","CLEL_L_X45Y169","244","73","","X2Y2",""
"u_dut/vwrite_cmd_data_q_reg[1][14]","vwrite_cmd_data_q_reg","FDCE","SLICE_X72Y171","SLICEL.CFF","SLICE_X72Y171","SLICEL","CLEL_R_X46Y171","251","71","","X2Y2",""
"u_dut/vwrite_cmd_data_q_reg[1][15]","vwrite_cmd_data_q_reg","FDCE","SLICE_X73Y171","SLICEL.HFF","SLICE_X73Y171","SLICEL","CLEL_R_X47Y171","255","71","","X2Y2",""
"u_dut/vwrite_cmd_data_q_reg[1][1]","vwrite_cmd_data_q_reg","FDCE","SLICE_X69Y166","SLICEL.CFF","SLICE_X69Y166","SLICEL","CLEL_L_X45Y166","244","76","","X2Y2",""
"u_dut/vwrite_cmd_data_q_reg[1][2]","vwrite_cmd_data_q_reg","FDCE","SLICE_X70Y170","SLICEL.CFF","SLICE_X70Y170","SLICEL","CLEL_R_X45Y170","246","72","","X2Y2",""
"u_dut/vwrite_cmd_data_q_reg[1][3]","vwrite_cmd_data_q_reg","FDCE","SLICE_X70Y173","SLICEL.HFF","SLICE_X70Y173","SLICEL","CLEL_R_X45Y173","246","69","","X2Y2",""
"u_dut/vwrite_cmd_data_q_reg[1][4]","vwrite_cmd_data_q_reg","FDCE","SLICE_X69Y168","SLICEL.GFF","SLICE_X69Y168","SLICEL","CLEL_L_X45Y168","244","74","","X2Y2",""
"u_dut/vwrite_cmd_data_q_reg[1][5]","vwrite_cmd_data_q_reg","FDCE","SLICE_X69Y172","SLICEL.AFF","SLICE_X69Y172","SLICEL","CLEL_L_X45Y172","244","70","","X2Y2",""
"u_dut/vwrite_cmd_data_q_reg[1][6]","vwrite_cmd_data_q_reg","FDCE","SLICE_X70Y171","SLICEL.CFF","SLICE_X70Y171","SLICEL","CLEL_R_X45Y171","246","71","","X2Y2",""
"u_dut/vwrite_cmd_data_q_reg[1][7]","vwrite_cmd_data_q_reg","FDCE","SLICE_X71Y167","SLICEM.CFF","SLICE_X71Y167","SLICEM","CLEM_X46Y167","249","75","","X2Y2",""
"u_dut/vwrite_cmd_data_q_reg[1][8]","vwrite_cmd_data_q_reg","FDCE","SLICE_X70Y167","SLICEL.BFF","SLICE_X70Y167","SLICEL","CLEL_R_X45Y167","246","75","","X2Y2",""
"u_dut/vwrite_cmd_data_q_reg[1][9]","vwrite_cmd_data_q_reg","FDCE","SLICE_X71Y167","SLICEM.AFF","SLICE_X71Y167","SLICEM","CLEM_X46Y167","249","75","","X2Y2",""
"u_dut/vwrite_cmd_data_q_reg[2][0]","vwrite_cmd_data_q_reg","FDCE","SLICE_X70Y173","SLICEL.FFF","SLICE_X70Y173","SLICEL","CLEL_R_X45Y173","246","69","","X2Y2",""
"u_dut/vwrite_cmd_data_q_reg[2][10]","vwrite_cmd_data_q_reg","FDCE","SLICE_X70Y172","SLICEL.FFF","SLICE_X70Y172","SLICEL","CLEL_R_X45Y172","246","70","","X2Y2",""
"u_dut/vwrite_cmd_data_q_reg[2][11]","vwrite_cmd_data_q_reg","FDCE","SLICE_X72Y170","SLICEL.DFF","SLICE_X72Y170","SLICEL","CLEL_R_X46Y170","251","72","","X2Y2",""
"u_dut/vwrite_cmd_data_q_reg[2][12]","vwrite_cmd_data_q_reg","FDCE","SLICE_X71Y174","SLICEM.BFF","SLICE_X71Y174","SLICEM","CLEM_X46Y174","249","68","","X2Y2",""
"u_dut/vwrite_cmd_data_q_reg[2][13]","vwrite_cmd_data_q_reg","FDCE","SLICE_X69Y172","SLICEL.DFF","SLICE_X69Y172","SLICEL","CLEL_L_X45Y172","244","70","","X2Y2",""
"u_dut/vwrite_cmd_data_q_reg[2][14]","vwrite_cmd_data_q_reg","FDCE","SLICE_X71Y172","SLICEM.HFF","SLICE_X71Y172","SLICEM","CLEM_X46Y172","249","70","","X2Y2",""
"u_dut/vwrite_cmd_data_q_reg[2][15]","vwrite_cmd_data_q_reg","FDCE","SLICE_X70Y177","SLICEL.DFF","SLICE_X70Y177","SLICEL","CLEL_R_X45Y177","246","65","","X2Y2",""
"u_dut/vwrite_cmd_data_q_reg[2][1]","vwrite_cmd_data_q_reg","FDCE","SLICE_X69Y171","SLICEL.DFF","SLICE_X69Y171","SLICEL","CLEL_L_X45Y171","244","71","","X2Y2",""
"u_dut/vwrite_cmd_data_q_reg[2][2]","vwrite_cmd_data_q_reg","FDCE","SLICE_X69Y172","SLICEL.CFF","SLICE_X69Y172","SLICEL","CLEL_L_X45Y172","244","70","","X2Y2",""
"u_dut/vwrite_cmd_data_q_reg[2][3]","vwrite_cmd_data_q_reg","FDCE","SLICE_X70Y170","SLICEL.BFF","SLICE_X70Y170","SLICEL","CLEL_R_X45Y170","246","72","","X2Y2",""
"u_dut/vwrite_cmd_data_q_reg[2][4]","vwrite_cmd_data_q_reg","FDCE","SLICE_X68Y170","SLICEL.DFF","SLICE_X68Y170","SLICEL","CLEL_R_X44Y170","243","72","","X2Y2",""
"u_dut/vwrite_cmd_data_q_reg[2][5]","vwrite_cmd_data_q_reg","FDCE","SLICE_X70Y168","SLICEL.EFF","SLICE_X70Y168","SLICEL","CLEL_R_X45Y168","246","74","","X2Y2",""
"u_dut/vwrite_cmd_data_q_reg[2][6]","vwrite_cmd_data_q_reg","FDCE","SLICE_X70Y169","SLICEL.BFF","SLICE_X70Y169","SLICEL","CLEL_R_X45Y169","246","73","","X2Y2",""
"u_dut/vwrite_cmd_data_q_reg[2][7]","vwrite_cmd_data_q_reg","FDCE","SLICE_X72Y167","SLICEL.GFF","SLICE_X72Y167","SLICEL","CLEL_R_X46Y167","251","75","","X2Y2",""
"u_dut/vwrite_cmd_data_q_reg[2][8]","vwrite_cmd_data_q_reg","FDCE","SLICE_X69Y174","SLICEL.DFF","SLICE_X69Y174","SLICEL","CLEL_L_X45Y174","244","68","","X2Y2",""
"u_dut/vwrite_cmd_data_q_reg[2][9]","vwrite_cmd_data_q_reg","FDCE","SLICE_X71Y170","SLICEM.AFF","SLICE_X71Y170","SLICEM","CLEM_X46Y170","249","72","","X2Y2",""
"u_dut/vwrite_cmd_data_q_reg[3][0]","vwrite_cmd_data_q_reg","FDCE","SLICE_X68Y174","SLICEL.DFF","SLICE_X68Y174","SLICEL","CLEL_R_X44Y174","243","68","","X2Y2",""
"u_dut/vwrite_cmd_data_q_reg[3][10]","vwrite_cmd_data_q_reg","FDCE","SLICE_X70Y172","SLICEL.CFF","SLICE_X70Y172","SLICEL","CLEL_R_X45Y172","246","70","","X2Y2",""
"u_dut/vwrite_cmd_data_q_reg[3][11]","vwrite_cmd_data_q_reg","FDCE","SLICE_X72Y170","SLICEL.CFF","SLICE_X72Y170","SLICEL","CLEL_R_X46Y170","251","72","","X2Y2",""
"u_dut/vwrite_cmd_data_q_reg[3][12]","vwrite_cmd_data_q_reg","FDCE","SLICE_X72Y177","SLICEL.HFF","SLICE_X72Y177","SLICEL","CLEL_R_X46Y177","251","65","","X2Y2",""
"u_dut/vwrite_cmd_data_q_reg[3][13]","vwrite_cmd_data_q_reg","FDCE","SLICE_X71Y169","SLICEM.CFF","SLICE_X71Y169","SLICEM","CLEM_X46Y169","249","73","","X2Y2",""
"u_dut/vwrite_cmd_data_q_reg[3][14]","vwrite_cmd_data_q_reg","FDCE","SLICE_X72Y172","SLICEL.DFF","SLICE_X72Y172","SLICEL","CLEL_R_X46Y172","251","70","","X2Y2",""
"u_dut/vwrite_cmd_data_q_reg[3][15]","vwrite_cmd_data_q_reg","FDCE","SLICE_X73Y175","SLICEL.EFF","SLICE_X73Y175","SLICEL","CLEL_R_X47Y175","255","67","","X2Y2",""
"u_dut/vwrite_cmd_data_q_reg[3][1]","vwrite_cmd_data_q_reg","FDCE","SLICE_X69Y172","SLICEL.BFF","SLICE_X69Y172","SLICEL","CLEL_L_X45Y172","244","70","","X2Y2",""
"u_dut/vwrite_cmd_data_q_reg[3][2]","vwrite_cmd_data_q_reg","FDCE","SLICE_X69Y173","SLICEL.CFF","SLICE_X69Y173","SLICEL","CLEL_L_X45Y173","244","69","","X2Y2",""
"u_dut/vwrite_cmd_data_q_reg[3][3]","vwrite_cmd_data_q_reg","FDCE","SLICE_X69Y171","SLICEL.EFF","SLICE_X69Y171","SLICEL","CLEL_L_X45Y171","244","71","","X2Y2",""
"u_dut/vwrite_cmd_data_q_reg[3][4]","vwrite_cmd_data_q_reg","FDCE","SLICE_X68Y174","SLICEL.CFF","SLICE_X68Y174","SLICEL","CLEL_R_X44Y174","243","68","","X2Y2",""
"u_dut/vwrite_cmd_data_q_reg[3][5]","vwrite_cmd_data_q_reg","FDCE","SLICE_X69Y173","SLICEL.EFF","SLICE_X69Y173","SLICEL","CLEL_L_X45Y173","244","69","","X2Y2",""
"u_dut/vwrite_cmd_data_q_reg[3][6]","vwrite_cmd_data_q_reg","FDCE","SLICE_X70Y169","SLICEL.AFF","SLICE_X70Y169","SLICEL","CLEL_R_X45Y169","246","73","","X2Y2",""
"u_dut/vwrite_cmd_data_q_reg[3][7]","vwrite_cmd_data_q_reg","FDCE","SLICE_X72Y171","SLICEL.EFF","SLICE_X72Y171","SLICEL","CLEL_R_X46Y171","251","71","","X2Y2",""
"u_dut/vwrite_cmd_data_q_reg[3][8]","vwrite_cmd_data_q_reg","FDCE","SLICE_X71Y173","SLICEM.GFF","SLICE_X71Y173","SLICEM","CLEM_X46Y173","249","69","","X2Y2",""
"u_dut/vwrite_cmd_data_q_reg[3][9]","vwrite_cmd_data_q_reg","FDCE","SLICE_X70Y172","SLICEL.BFF","SLICE_X70Y172","SLICEL","CLEL_R_X45Y172","246","70","","X2Y2",""
