"endpoint","startpoint","slack","path_group","launch_clock","capture_clock","start_cell","start_ref","start_hierarchy","end_cell","end_ref","end_hierarchy","logic_levels","logic_delay_ns","routing_delay_ns","datapath_delay_ns","routing_fraction","start_loc","end_loc","start_clock_region","end_clock_region","raw_structural_signature","normalized_structural_signature","classification_bucket","source_family","endpoint_family","violation_magnitude_ns"
"sink_it_data_out_q_reg[11]/D","u_dut/output_index_reg[0]_replica_6/C","-0.116000000","clk","clk","clk","u_dut/output_index_reg[0]_replica_6","FDCE","u_dut/output_index_reg_replica_6","sink_it_data_out_q_reg[11]","FDCE","sink_it_data_out_q_reg","5","0.475000000","1.518000000","1.993000000","0.761665830","SLICE_X81Y79","SLICE_X88Y91","","","SIGNATURE_SKIPPED|FDCE|FDCE","SIGNATURE_SKIPPED|FDCE|FDCE","DUT_TO_SINK_BOUNDARY","u_dut/output_index_reg_replica_6","harness/sink_boundary","0.116000000"
"sink_it_data_out_q_reg[13]/D","u_dut/output_index_reg[0]_replica_3/C","-0.057000000","clk","clk","clk","u_dut/output_index_reg[0]_replica_3","FDCE","u_dut/output_index_reg_replica_3","sink_it_data_out_q_reg[13]","FDCE","sink_it_data_out_q_reg","5","0.499000000","1.450000000","1.949000000","0.743971267","SLICE_X88Y73","SLICE_X87Y91","","","SIGNATURE_SKIPPED|FDCE|FDCE","SIGNATURE_SKIPPED|FDCE|FDCE","DUT_TO_SINK_BOUNDARY","u_dut/output_index_reg_replica_3","harness/sink_boundary","0.057000000"
"sink_it_data_out_q_reg[15]/D","u_dut/output_index_reg[3]_replica_7/C","-0.015000000","clk","clk","clk","u_dut/output_index_reg[3]_replica_7","FDCE","u_dut/output_index_reg_replica_7","sink_it_data_out_q_reg[15]","FDCE","sink_it_data_out_q_reg","5","0.539000000","1.355000000","1.894000000","0.715417107","SLICE_X81Y79","SLICE_X88Y89","","","SIGNATURE_SKIPPED|FDCE|FDCE","SIGNATURE_SKIPPED|FDCE|FDCE","DUT_TO_SINK_BOUNDARY","u_dut/output_index_reg_replica_7","harness/sink_boundary","0.015000000"
"sink_it_data_out_q_reg[16]/D","u_dut/output_index_reg[0]_replica_8/C","-0.006000000","clk","clk","clk","u_dut/output_index_reg[0]_replica_8","FDCE","u_dut/output_index_reg_replica_8","sink_it_data_out_q_reg[16]","FDCE","sink_it_data_out_q_reg","5","0.508000000","1.390000000","1.898000000","0.732349842","SLICE_X82Y87","SLICE_X87Y89","","","SIGNATURE_SKIPPED|FDCE|FDCE","SIGNATURE_SKIPPED|FDCE|FDCE","DUT_TO_SINK_BOUNDARY","u_dut/output_index_reg_replica_8","harness/sink_boundary","0.006000000"
"sink_it_data_out_q_reg[18]/D","u_dut/output_index_reg[0]_replica_8/C","-0.043000000","clk","clk","clk","u_dut/output_index_reg[0]_replica_8","FDCE","u_dut/output_index_reg_replica_8","sink_it_data_out_q_reg[18]","FDCE","sink_it_data_out_q_reg","5","0.399000000","1.536000000","1.935000000","0.793798450","SLICE_X82Y87","SLICE_X87Y89","","","SIGNATURE_SKIPPED|FDCE|FDCE","SIGNATURE_SKIPPED|FDCE|FDCE","DUT_TO_SINK_BOUNDARY","u_dut/output_index_reg_replica_8","harness/sink_boundary","0.043000000"
"sink_it_data_out_q_reg[19]/D","u_dut/output_index_reg[0]_replica_8/C","-0.002000000","clk","clk","clk","u_dut/output_index_reg[0]_replica_8","FDCE","u_dut/output_index_reg_replica_8","sink_it_data_out_q_reg[19]","FDCE","sink_it_data_out_q_reg","5","0.434000000","1.455000000","1.889000000","0.770248809","SLICE_X82Y87","SLICE_X87Y94","","","SIGNATURE_SKIPPED|FDCE|FDCE","SIGNATURE_SKIPPED|FDCE|FDCE","DUT_TO_SINK_BOUNDARY","u_dut/output_index_reg_replica_8","harness/sink_boundary","0.002000000"
"sink_it_data_out_q_reg[1]/D","u_dut/output_index_reg[0]_replica_8/C","-0.070000000","clk","clk","clk","u_dut/output_index_reg[0]_replica_8","FDCE","u_dut/output_index_reg_replica_8","sink_it_data_out_q_reg[1]","FDCE","sink_it_data_out_q_reg","5","0.495000000","1.473000000","1.968000000","0.748475610","SLICE_X82Y87","SLICE_X85Y83","","","SIGNATURE_SKIPPED|FDCE|FDCE","SIGNATURE_SKIPPED|FDCE|FDCE","DUT_TO_SINK_BOUNDARY","u_dut/output_index_reg_replica_8","harness/sink_boundary","0.070000000"
"sink_it_data_out_q_reg[20]/D","u_dut/output_index_reg[3]_replica_7/C","-0.024000000","clk","clk","clk","u_dut/output_index_reg[3]_replica_7","FDCE","u_dut/output_index_reg_replica_7","sink_it_data_out_q_reg[20]","FDCE","sink_it_data_out_q_reg","5","0.373000000","1.553000000","1.926000000","0.806334372","SLICE_X81Y79","SLICE_X87Y72","","","SIGNATURE_SKIPPED|FDCE|FDCE","SIGNATURE_SKIPPED|FDCE|FDCE","DUT_TO_SINK_BOUNDARY","u_dut/output_index_reg_replica_7","harness/sink_boundary","0.024000000"
"sink_it_data_out_q_reg[21]/D","u_dut/output_index_reg[2]_replica_5/C","-0.071000000","clk","clk","clk","u_dut/output_index_reg[2]_replica_5","FDCE","u_dut/output_index_reg_replica_5","sink_it_data_out_q_reg[21]","FDCE","sink_it_data_out_q_reg","5","0.396000000","1.591000000","1.987000000","0.800704580","SLICE_X80Y82","SLICE_X87Y71","","","SIGNATURE_SKIPPED|FDCE|FDCE","SIGNATURE_SKIPPED|FDCE|FDCE","DUT_TO_SINK_BOUNDARY","u_dut/output_index_reg_replica_5","harness/sink_boundary","0.071000000"
"sink_it_data_out_q_reg[22]/D","u_dut/output_index_reg[2]_replica_5/C","-0.053000000","clk","clk","clk","u_dut/output_index_reg[2]_replica_5","FDCE","u_dut/output_index_reg_replica_5","sink_it_data_out_q_reg[22]","FDCE","sink_it_data_out_q_reg","5","0.512000000","1.468000000","1.980000000","0.741414141","SLICE_X80Y82","SLICE_X89Y69","","","SIGNATURE_SKIPPED|FDCE|FDCE","SIGNATURE_SKIPPED|FDCE|FDCE","DUT_TO_SINK_BOUNDARY","u_dut/output_index_reg_replica_5","harness/sink_boundary","0.053000000"
"sink_it_data_out_q_reg[25]/D","u_dut/output_index_reg[0]_replica_6/C","-0.033000000","clk","clk","clk","u_dut/output_index_reg[0]_replica_6","FDCE","u_dut/output_index_reg_replica_6","sink_it_data_out_q_reg[25]","FDCE","sink_it_data_out_q_reg","5","0.461000000","1.474000000","1.935000000","0.761757106","SLICE_X81Y79","SLICE_X87Y71","","","SIGNATURE_SKIPPED|FDCE|FDCE","SIGNATURE_SKIPPED|FDCE|FDCE","DUT_TO_SINK_BOUNDARY","u_dut/output_index_reg_replica_6","harness/sink_boundary","0.033000000"
"sink_it_data_out_q_reg[27]/D","u_dut/output_index_reg[2]_replica_4/C","-0.075000000","clk","clk","clk","u_dut/output_index_reg[2]_replica_4","FDCE","u_dut/output_index_reg_replica_4","sink_it_data_out_q_reg[27]","FDCE","sink_it_data_out_q_reg","5","0.363000000","1.575000000","1.938000000","0.812693498","SLICE_X82Y79","SLICE_X87Y73","","","SIGNATURE_SKIPPED|FDCE|FDCE","SIGNATURE_SKIPPED|FDCE|FDCE","DUT_TO_SINK_BOUNDARY","u_dut/output_index_reg_replica_4","harness/sink_boundary","0.075000000"
"sink_it_data_out_q_reg[28]/D","u_dut/output_index_reg[0]_replica_2/C","-0.042000000","clk","clk","clk","u_dut/output_index_reg[0]_replica_2","FDCE","u_dut/output_index_reg_replica_2","sink_it_data_out_q_reg[28]","FDCE","sink_it_data_out_q_reg","5","0.453000000","1.476000000","1.929000000","0.765163297","SLICE_X81Y76","SLICE_X87Y72","","","SIGNATURE_SKIPPED|FDCE|FDCE","SIGNATURE_SKIPPED|FDCE|FDCE","DUT_TO_SINK_BOUNDARY","u_dut/output_index_reg_replica_2","harness/sink_boundary","0.042000000"
"sink_it_data_out_q_reg[29]/D","u_dut/output_index_reg[0]_replica_3/C","-0.024000000","clk","clk","clk","u_dut/output_index_reg[0]_replica_3","FDCE","u_dut/output_index_reg_replica_3","sink_it_data_out_q_reg[29]","FDCE","sink_it_data_out_q_reg","5","0.494000000","1.570000000","2.064000000","0.760658915","SLICE_X88Y73","SLICE_X74Y74","","","SIGNATURE_SKIPPED|FDCE|FDCE","SIGNATURE_SKIPPED|FDCE|FDCE","DUT_TO_SINK_BOUNDARY","u_dut/output_index_reg_replica_3","harness/sink_boundary","0.024000000"
"sink_it_data_out_q_reg[30]/D","u_dut/output_index_reg[0]_replica_4/C","-0.034000000","clk","clk","clk","u_dut/output_index_reg[0]_replica_4","FDCE","u_dut/output_index_reg_replica_4","sink_it_data_out_q_reg[30]","FDCE","sink_it_data_out_q_reg","5","0.503000000","1.421000000","1.924000000","0.738565489","SLICE_X81Y86","SLICE_X81Y91","","","SIGNATURE_SKIPPED|FDCE|FDCE","SIGNATURE_SKIPPED|FDCE|FDCE","DUT_TO_SINK_BOUNDARY","u_dut/output_index_reg_replica_4","harness/sink_boundary","0.034000000"
"sink_it_data_out_q_reg[31]/D","u_dut/output_index_reg[1]_replica_1/C","-0.090000000","clk","clk","clk","u_dut/output_index_reg[1]_replica_1","FDCE","u_dut/output_index_reg_replica_1","sink_it_data_out_q_reg[31]","FDCE","sink_it_data_out_q_reg","5","0.559000000","1.424000000","1.983000000","0.718103883","SLICE_X80Y83","SLICE_X80Y91","","","SIGNATURE_SKIPPED|FDCE|FDCE","SIGNATURE_SKIPPED|FDCE|FDCE","DUT_TO_SINK_BOUNDARY","u_dut/output_index_reg_replica_1","harness/sink_boundary","0.090000000"
"sink_it_data_out_q_reg[35]/D","u_dut/output_index_reg[2]_replica_1/C","-0.013000000","clk","clk","clk","u_dut/output_index_reg[2]_replica_1","FDCE","u_dut/output_index_reg_replica_1","sink_it_data_out_q_reg[35]","FDCE","sink_it_data_out_q_reg","5","0.539000000","1.362000000","1.901000000","0.716465018","SLICE_X80Y83","SLICE_X81Y91","","","SIGNATURE_SKIPPED|FDCE|FDCE","SIGNATURE_SKIPPED|FDCE|FDCE","DUT_TO_SINK_BOUNDARY","u_dut/output_index_reg_replica_1","harness/sink_boundary","0.013000000"
"sink_it_data_out_q_reg[36]/D","u_dut/output_index_reg[1]_replica_1/C","-0.099000000","clk","clk","clk","u_dut/output_index_reg[1]_replica_1","FDCE","u_dut/output_index_reg_replica_1","sink_it_data_out_q_reg[36]","FDCE","sink_it_data_out_q_reg","5","0.418000000","1.572000000","1.990000000","0.789949749","SLICE_X80Y83","SLICE_X80Y94","","","SIGNATURE_SKIPPED|FDCE|FDCE","SIGNATURE_SKIPPED|FDCE|FDCE","DUT_TO_SINK_BOUNDARY","u_dut/output_index_reg_replica_1","harness/sink_boundary","0.099000000"
"sink_it_data_out_q_reg[38]/D","u_dut/output_index_reg[1]_replica_1/C","-0.062000000","clk","clk","clk","u_dut/output_index_reg[1]_replica_1","FDCE","u_dut/output_index_reg_replica_1","sink_it_data_out_q_reg[38]","FDCE","sink_it_data_out_q_reg","5","0.461000000","1.489000000","1.950000000","0.763589744","SLICE_X80Y83","SLICE_X81Y91","","","SIGNATURE_SKIPPED|FDCE|FDCE","SIGNATURE_SKIPPED|FDCE|FDCE","DUT_TO_SINK_BOUNDARY","u_dut/output_index_reg_replica_1","harness/sink_boundary","0.062000000"
"sink_it_data_out_q_reg[39]/D","u_dut/output_index_reg[1]_replica_1/C","-0.064000000","clk","clk","clk","u_dut/output_index_reg[1]_replica_1","FDCE","u_dut/output_index_reg_replica_1","sink_it_data_out_q_reg[39]","FDCE","sink_it_data_out_q_reg","5","0.497000000","1.464000000","1.961000000","0.746557879","SLICE_X80Y83","SLICE_X82Y90","","","SIGNATURE_SKIPPED|FDCE|FDCE","SIGNATURE_SKIPPED|FDCE|FDCE","DUT_TO_SINK_BOUNDARY","u_dut/output_index_reg_replica_1","harness/sink_boundary","0.064000000"
"sink_it_data_out_q_reg[3]/D","u_dut/output_index_reg[0]_replica_5/C","-0.018000000","clk","clk","clk","u_dut/output_index_reg[0]_replica_5","FDCE","u_dut/output_index_reg_replica_5","sink_it_data_out_q_reg[3]","FDCE","sink_it_data_out_q_reg","5","0.523000000","1.357000000","1.880000000","0.721808511","SLICE_X86Y80","SLICE_X84Y84","","","SIGNATURE_SKIPPED|FDCE|FDCE","SIGNATURE_SKIPPED|FDCE|FDCE","DUT_TO_SINK_BOUNDARY","u_dut/output_index_reg_replica_5","harness/sink_boundary","0.018000000"
"sink_it_data_out_q_reg[7]/D","u_dut/output_index_reg[1]_replica/C","-0.043000000","clk","clk","clk","u_dut/output_index_reg[1]_replica","FDCE","u_dut/output_index_reg_replica","sink_it_data_out_q_reg[7]","FDCE","sink_it_data_out_q_reg","5","0.528000000","1.454000000","1.982000000","0.733602422","SLICE_X84Y85","SLICE_X85Y83","","","SIGNATURE_SKIPPED|FDCE|FDCE","SIGNATURE_SKIPPED|FDCE|FDCE","DUT_TO_SINK_BOUNDARY","u_dut/output_index_reg_replica","harness/sink_boundary","0.043000000"
"sink_it_data_out_q_reg[8]/D","u_dut/output_index_reg[1]_replica/C","-0.069000000","clk","clk","clk","u_dut/output_index_reg[1]_replica","FDCE","u_dut/output_index_reg_replica","sink_it_data_out_q_reg[8]","FDCE","sink_it_data_out_q_reg","5","0.489000000","1.520000000","2.009000000","0.756595321","SLICE_X84Y85","SLICE_X84Y83","","","SIGNATURE_SKIPPED|FDCE|FDCE","SIGNATURE_SKIPPED|FDCE|FDCE","DUT_TO_SINK_BOUNDARY","u_dut/output_index_reg_replica","harness/sink_boundary","0.069000000"
"sink_it_data_out_q_reg[9]/D","u_dut/output_index_reg[0]_replica_5/C","-0.104000000","clk","clk","clk","u_dut/output_index_reg[0]_replica_5","FDCE","u_dut/output_index_reg_replica_5","sink_it_data_out_q_reg[9]","FDCE","sink_it_data_out_q_reg","5","0.512000000","1.456000000","1.968000000","0.739837398","SLICE_X86Y80","SLICE_X84Y83","","","SIGNATURE_SKIPPED|FDCE|FDCE","SIGNATURE_SKIPPED|FDCE|FDCE","DUT_TO_SINK_BOUNDARY","u_dut/output_index_reg_replica_5","harness/sink_boundary","0.104000000"
"u_dut/fill_wr_bank_addr_q_reg[0][1][3]/D","u_dut/fill_active_reg/C","-0.024000000","clk","clk","clk","u_dut/fill_active_reg","FDCE","u_dut/fill_active_reg","u_dut/fill_wr_bank_addr_q_reg[0][1][3]","FDCE","u_dut/fill_wr_bank_addr_q_reg","4","0.428000000","1.518000000","1.946000000","0.780061665","SLICE_X69Y75","SLICE_X65Y62","","","SIGNATURE_SKIPPED|FDCE|FDCE","SIGNATURE_SKIPPED|FDCE|FDCE","DUT_INTERNAL","u_dut/fill_active_reg","u_dut/fill_wr_bank_addr_q_reg","0.024000000"
"u_dut/fill_wr_bank_addr_q_reg[0][1][5]/D","u_dut/fill_slot_reg/C","-0.024000000","clk","clk","clk","u_dut/fill_slot_reg","FDCE","u_dut/fill_slot_reg","u_dut/fill_wr_bank_addr_q_reg[0][1][5]","FDCE","u_dut/fill_wr_bank_addr_q_reg","5","0.549000000","1.368000000","1.917000000","0.713615023","SLICE_X71Y83","SLICE_X65Y61","","","SIGNATURE_SKIPPED|FDCE|FDCE","SIGNATURE_SKIPPED|FDCE|FDCE","DUT_INTERNAL","u_dut/fill_slot_reg","u_dut/fill_wr_bank_addr_q_reg","0.024000000"
"u_dut/fill_wr_bank_addr_q_reg[1][1][3]/D","u_dut/fill_active_reg/C","-0.024000000","clk","clk","clk","u_dut/fill_active_reg","FDCE","u_dut/fill_active_reg","u_dut/fill_wr_bank_addr_q_reg[1][1][3]","FDCE","u_dut/fill_wr_bank_addr_q_reg","4","0.428000000","1.518000000","1.946000000","0.780061665","SLICE_X69Y75","SLICE_X65Y62","","","SIGNATURE_SKIPPED|FDCE|FDCE","SIGNATURE_SKIPPED|FDCE|FDCE","DUT_INTERNAL","u_dut/fill_active_reg","u_dut/fill_wr_bank_addr_q_reg","0.024000000"
"u_dut/gen_input_slots[1].gen_input_banks[0].u_input_cache_bank/data_mem_reg_256_319_7_13/RAMA/WADR5","u_dut/fill_wr_bank_addr_q_reg[1][0][5]/C","-0.035000000","clk","clk","clk","u_dut/fill_wr_bank_addr_q_reg[1][0][5]","FDCE","u_dut/fill_wr_bank_addr_q_reg","u_dut/gen_input_slots[1].gen_input_banks[0].u_input_cache_bank/data_mem_reg_256_319_7_13/RAMA","RAMD64E","u_dut/gen_input_slots.gen_input_banks.u_input_cache_bank/data_mem_reg_256_319_7_13/RAMA","0","0.080000000","1.728000000","1.808000000","0.955752212","SLICE_X68Y72","SLICE_X71Y20","","","SIGNATURE_SKIPPED|FDCE|RAMD64E","SIGNATURE_SKIPPED|FDCE|RAMD64E","DUT_INTERNAL","u_dut/fill_wr_bank_addr_q_reg","u_dut/input_cache_bank","0.035000000"
"u_dut/gen_input_slots[1].gen_input_banks[0].u_input_cache_bank/data_mem_reg_256_319_7_13/RAMB/WADR5","u_dut/fill_wr_bank_addr_q_reg[1][0][5]/C","-0.035000000","clk","clk","clk","u_dut/fill_wr_bank_addr_q_reg[1][0][5]","FDCE","u_dut/fill_wr_bank_addr_q_reg","u_dut/gen_input_slots[1].gen_input_banks[0].u_input_cache_bank/data_mem_reg_256_319_7_13/RAMB","RAMD64E","u_dut/gen_input_slots.gen_input_banks.u_input_cache_bank/data_mem_reg_256_319_7_13/RAMB","0","0.080000000","1.728000000","1.808000000","0.955752212","SLICE_X68Y72","SLICE_X71Y20","","","SIGNATURE_SKIPPED|FDCE|RAMD64E","SIGNATURE_SKIPPED|FDCE|RAMD64E","DUT_INTERNAL","u_dut/fill_wr_bank_addr_q_reg","u_dut/input_cache_bank","0.035000000"
"u_dut/gen_input_slots[1].gen_input_banks[0].u_input_cache_bank/data_mem_reg_256_319_7_13/RAMC/WADR5","u_dut/fill_wr_bank_addr_q_reg[1][0][5]/C","-0.035000000","clk","clk","clk","u_dut/fill_wr_bank_addr_q_reg[1][0][5]","FDCE","u_dut/fill_wr_bank_addr_q_reg","u_dut/gen_input_slots[1].gen_input_banks[0].u_input_cache_bank/data_mem_reg_256_319_7_13/RAMC","RAMD64E","u_dut/gen_input_slots.gen_input_banks.u_input_cache_bank/data_mem_reg_256_319_7_13/RAMC","0","0.080000000","1.728000000","1.808000000","0.955752212","SLICE_X68Y72","SLICE_X71Y20","","","SIGNATURE_SKIPPED|FDCE|RAMD64E","SIGNATURE_SKIPPED|FDCE|RAMD64E","DUT_INTERNAL","u_dut/fill_wr_bank_addr_q_reg","u_dut/input_cache_bank","0.035000000"
"u_dut/gen_input_slots[1].gen_input_banks[0].u_input_cache_bank/data_mem_reg_256_319_7_13/RAMD/WADR5","u_dut/fill_wr_bank_addr_q_reg[1][0][5]/C","-0.035000000","clk","clk","clk","u_dut/fill_wr_bank_addr_q_reg[1][0][5]","FDCE","u_dut/fill_wr_bank_addr_q_reg","u_dut/gen_input_slots[1].gen_input_banks[0].u_input_cache_bank/data_mem_reg_256_319_7_13/RAMD","RAMD64E","u_dut/gen_input_slots.gen_input_banks.u_input_cache_bank/data_mem_reg_256_319_7_13/RAMD","0","0.080000000","1.728000000","1.808000000","0.955752212","SLICE_X68Y72","SLICE_X71Y20","","","SIGNATURE_SKIPPED|FDCE|RAMD64E","SIGNATURE_SKIPPED|FDCE|RAMD64E","DUT_INTERNAL","u_dut/fill_wr_bank_addr_q_reg","u_dut/input_cache_bank","0.035000000"
"u_dut/gen_input_slots[1].gen_input_banks[0].u_input_cache_bank/data_mem_reg_256_319_7_13/RAME/WADR5","u_dut/fill_wr_bank_addr_q_reg[1][0][5]/C","-0.035000000","clk","clk","clk","u_dut/fill_wr_bank_addr_q_reg[1][0][5]","FDCE","u_dut/fill_wr_bank_addr_q_reg","u_dut/gen_input_slots[1].gen_input_banks[0].u_input_cache_bank/data_mem_reg_256_319_7_13/RAME","RAMD64E","u_dut/gen_input_slots.gen_input_banks.u_input_cache_bank/data_mem_reg_256_319_7_13/RAME","0","0.080000000","1.728000000","1.808000000","0.955752212","SLICE_X68Y72","SLICE_X71Y20","","","SIGNATURE_SKIPPED|FDCE|RAMD64E","SIGNATURE_SKIPPED|FDCE|RAMD64E","DUT_INTERNAL","u_dut/fill_wr_bank_addr_q_reg","u_dut/input_cache_bank","0.035000000"
"u_dut/gen_input_slots[1].gen_input_banks[0].u_input_cache_bank/data_mem_reg_256_319_7_13/RAMF/WADR5","u_dut/fill_wr_bank_addr_q_reg[1][0][5]/C","-0.035000000","clk","clk","clk","u_dut/fill_wr_bank_addr_q_reg[1][0][5]","FDCE","u_dut/fill_wr_bank_addr_q_reg","u_dut/gen_input_slots[1].gen_input_banks[0].u_input_cache_bank/data_mem_reg_256_319_7_13/RAMF","RAMD64E","u_dut/gen_input_slots.gen_input_banks.u_input_cache_bank/data_mem_reg_256_319_7_13/RAMF","0","0.080000000","1.728000000","1.808000000","0.955752212","SLICE_X68Y72","SLICE_X71Y20","","","SIGNATURE_SKIPPED|FDCE|RAMD64E","SIGNATURE_SKIPPED|FDCE|RAMD64E","DUT_INTERNAL","u_dut/fill_wr_bank_addr_q_reg","u_dut/input_cache_bank","0.035000000"
"u_dut/gen_input_slots[1].gen_input_banks[0].u_input_cache_bank/data_mem_reg_256_319_7_13/RAMG/WADR5","u_dut/fill_wr_bank_addr_q_reg[1][0][5]/C","-0.035000000","clk","clk","clk","u_dut/fill_wr_bank_addr_q_reg[1][0][5]","FDCE","u_dut/fill_wr_bank_addr_q_reg","u_dut/gen_input_slots[1].gen_input_banks[0].u_input_cache_bank/data_mem_reg_256_319_7_13/RAMG","RAMD64E","u_dut/gen_input_slots.gen_input_banks.u_input_cache_bank/data_mem_reg_256_319_7_13/RAMG","0","0.080000000","1.728000000","1.808000000","0.955752212","SLICE_X68Y72","SLICE_X71Y20","","","SIGNATURE_SKIPPED|FDCE|RAMD64E","SIGNATURE_SKIPPED|FDCE|RAMD64E","DUT_INTERNAL","u_dut/fill_wr_bank_addr_q_reg","u_dut/input_cache_bank","0.035000000"
"u_dut/gen_input_slots[1].gen_input_banks[0].u_input_cache_bank/data_mem_reg_256_319_7_13/RAMH/WADR5","u_dut/fill_wr_bank_addr_q_reg[1][0][5]/C","-0.035000000","clk","clk","clk","u_dut/fill_wr_bank_addr_q_reg[1][0][5]","FDCE","u_dut/fill_wr_bank_addr_q_reg","u_dut/gen_input_slots[1].gen_input_banks[0].u_input_cache_bank/data_mem_reg_256_319_7_13/RAMH","RAMD64E","u_dut/gen_input_slots.gen_input_banks.u_input_cache_bank/data_mem_reg_256_319_7_13/RAMH","0","0.080000000","1.728000000","1.808000000","0.955752212","SLICE_X68Y72","SLICE_X71Y20","","","SIGNATURE_SKIPPED|FDCE|RAMD64E","SIGNATURE_SKIPPED|FDCE|RAMD64E","DUT_INTERNAL","u_dut/fill_wr_bank_addr_q_reg","u_dut/input_cache_bank","0.035000000"
"u_dut/gen_tmp_banks[1].u_kernel_tmp_bank/mem_reg_192_255_7_13/RAMC/I","u_dut/vwrite_cmd_data_q_reg[1][9]/C","-0.026000000","clk","clk","clk","u_dut/vwrite_cmd_data_q_reg[1][9]","FDCE","u_dut/vwrite_cmd_data_q_reg","u_dut/gen_tmp_banks[1].u_kernel_tmp_bank/mem_reg_192_255_7_13/RAMC","RAMD64E","u_dut/gen_tmp_banks.u_kernel_tmp_bank/mem_reg_192_255_7_13/RAMC","0","0.076000000","1.737000000","1.813000000","0.958080530","SLICE_X98Y83","SLICE_X90Y52","","","SIGNATURE_SKIPPED|FDCE|RAMD64E","SIGNATURE_SKIPPED|FDCE|RAMD64E","DUT_INTERNAL","u_dut/vwrite_cmd_data_q_reg","u_dut/temp_bank","0.026000000"
"u_dut/gen_tmp_banks[1].u_kernel_tmp_bank/mem_reg_256_319_0_6/RAMG/I","u_dut/vwrite_cmd_data_q_reg[1][6]/C","-0.048000000","clk","clk","clk","u_dut/vwrite_cmd_data_q_reg[1][6]","FDCE","u_dut/vwrite_cmd_data_q_reg","u_dut/gen_tmp_banks[1].u_kernel_tmp_bank/mem_reg_256_319_0_6/RAMG","RAMD64E","u_dut/gen_tmp_banks.u_kernel_tmp_bank/mem_reg_256_319_0_6/RAMG","0","0.079000000","1.671000000","1.750000000","0.954857143","SLICE_X91Y76","SLICE_X93Y59","","","SIGNATURE_SKIPPED|FDCE|RAMD64E","SIGNATURE_SKIPPED|FDCE|RAMD64E","DUT_INTERNAL","u_dut/vwrite_cmd_data_q_reg","u_dut/temp_bank","0.048000000"
"u_dut/gen_tmp_banks[1].u_kernel_tmp_bank/mem_reg_832_895_0_6/RAMC/I","u_dut/vwrite_cmd_data_q_reg[1][2]/C","-0.048000000","clk","clk","clk","u_dut/vwrite_cmd_data_q_reg[1][2]","FDCE","u_dut/vwrite_cmd_data_q_reg","u_dut/gen_tmp_banks[1].u_kernel_tmp_bank/mem_reg_832_895_0_6/RAMC","RAMD64E","u_dut/gen_tmp_banks.u_kernel_tmp_bank/mem_reg_832_895_0_6/RAMC","0","0.079000000","1.569000000","1.648000000","0.952063107","SLICE_X100Y68","SLICE_X89Y50","","","SIGNATURE_SKIPPED|FDCE|RAMD64E","SIGNATURE_SKIPPED|FDCE|RAMD64E","DUT_INTERNAL","u_dut/vwrite_cmd_data_q_reg","u_dut/temp_bank","0.048000000"
"u_dut/gen_tmp_banks[1].u_kernel_tmp_bank/mem_reg_960_1023_7_13/RAMD/I","u_dut/vwrite_cmd_data_q_reg[1][10]/C","-0.010000000","clk","clk","clk","u_dut/vwrite_cmd_data_q_reg[1][10]","FDCE","u_dut/vwrite_cmd_data_q_reg","u_dut/gen_tmp_banks[1].u_kernel_tmp_bank/mem_reg_960_1023_7_13/RAMD","RAMD64E","u_dut/gen_tmp_banks.u_kernel_tmp_bank/mem_reg_960_1023_7_13/RAMD","0","0.079000000","1.495000000","1.574000000","0.949809403","SLICE_X100Y76","SLICE_X90Y49","","","SIGNATURE_SKIPPED|FDCE|RAMD64E","SIGNATURE_SKIPPED|FDCE|RAMD64E","DUT_INTERNAL","u_dut/vwrite_cmd_data_q_reg","u_dut/temp_bank","0.010000000"
"u_dut/gen_tmp_banks[2].u_kernel_tmp_bank/mem_reg_256_319_0_6/RAMA/WE","u_dut/vwrite_cmd_bank_mask_q_reg[2]/C","-0.044000000","clk","clk","clk","u_dut/vwrite_cmd_bank_mask_q_reg[2]","FDCE","u_dut/vwrite_cmd_bank_mask_q_reg","u_dut/gen_tmp_banks[2].u_kernel_tmp_bank/mem_reg_256_319_0_6/RAMA","RAMD64E","u_dut/gen_tmp_banks.u_kernel_tmp_bank/mem_reg_256_319_0_6/RAMA","2","0.239000000","1.427000000","1.666000000","0.856542617","SLICE_X93Y72","SLICE_X86Y70","","","SIGNATURE_SKIPPED|FDCE|RAMD64E","SIGNATURE_SKIPPED|FDCE|RAMD64E","DUT_INTERNAL","u_dut/vwrite_cmd_bank_mask_q_reg","u_dut/temp_bank","0.044000000"
"u_dut/gen_tmp_banks[2].u_kernel_tmp_bank/mem_reg_256_319_0_6/RAMB/WE","u_dut/vwrite_cmd_bank_mask_q_reg[2]/C","-0.044000000","clk","clk","clk","u_dut/vwrite_cmd_bank_mask_q_reg[2]","FDCE","u_dut/vwrite_cmd_bank_mask_q_reg","u_dut/gen_tmp_banks[2].u_kernel_tmp_bank/mem_reg_256_319_0_6/RAMB","RAMD64E","u_dut/gen_tmp_banks.u_kernel_tmp_bank/mem_reg_256_319_0_6/RAMB","2","0.239000000","1.427000000","1.666000000","0.856542617","SLICE_X93Y72","SLICE_X86Y70","","","SIGNATURE_SKIPPED|FDCE|RAMD64E","SIGNATURE_SKIPPED|FDCE|RAMD64E","DUT_INTERNAL","u_dut/vwrite_cmd_bank_mask_q_reg","u_dut/temp_bank","0.044000000"
"u_dut/gen_tmp_banks[2].u_kernel_tmp_bank/mem_reg_256_319_0_6/RAMC/WE","u_dut/vwrite_cmd_bank_mask_q_reg[2]/C","-0.044000000","clk","clk","clk","u_dut/vwrite_cmd_bank_mask_q_reg[2]","FDCE","u_dut/vwrite_cmd_bank_mask_q_reg","u_dut/gen_tmp_banks[2].u_kernel_tmp_bank/mem_reg_256_319_0_6/RAMC","RAMD64E","u_dut/gen_tmp_banks.u_kernel_tmp_bank/mem_reg_256_319_0_6/RAMC","2","0.239000000","1.427000000","1.666000000","0.856542617","SLICE_X93Y72","SLICE_X86Y70","","","SIGNATURE_SKIPPED|FDCE|RAMD64E","SIGNATURE_SKIPPED|FDCE|RAMD64E","DUT_INTERNAL","u_dut/vwrite_cmd_bank_mask_q_reg","u_dut/temp_bank","0.044000000"
"u_dut/gen_tmp_banks[2].u_kernel_tmp_bank/mem_reg_256_319_0_6/RAMD/WE","u_dut/vwrite_cmd_bank_mask_q_reg[2]/C","-0.044000000","clk","clk","clk","u_dut/vwrite_cmd_bank_mask_q_reg[2]","FDCE","u_dut/vwrite_cmd_bank_mask_q_reg","u_dut/gen_tmp_banks[2].u_kernel_tmp_bank/mem_reg_256_319_0_6/RAMD","RAMD64E","u_dut/gen_tmp_banks.u_kernel_tmp_bank/mem_reg_256_319_0_6/RAMD","2","0.239000000","1.427000000","1.666000000","0.856542617","SLICE_X93Y72","SLICE_X86Y70","","","SIGNATURE_SKIPPED|FDCE|RAMD64E","SIGNATURE_SKIPPED|FDCE|RAMD64E","DUT_INTERNAL","u_dut/vwrite_cmd_bank_mask_q_reg","u_dut/temp_bank","0.044000000"
"u_dut/gen_tmp_banks[2].u_kernel_tmp_bank/mem_reg_256_319_0_6/RAME/WE","u_dut/vwrite_cmd_bank_mask_q_reg[2]/C","-0.044000000","clk","clk","clk","u_dut/vwrite_cmd_bank_mask_q_reg[2]","FDCE","u_dut/vwrite_cmd_bank_mask_q_reg","u_dut/gen_tmp_banks[2].u_kernel_tmp_bank/mem_reg_256_319_0_6/RAME","RAMD64E","u_dut/gen_tmp_banks.u_kernel_tmp_bank/mem_reg_256_319_0_6/RAME","2","0.239000000","1.427000000","1.666000000","0.856542617","SLICE_X93Y72","SLICE_X86Y70","","","SIGNATURE_SKIPPED|FDCE|RAMD64E","SIGNATURE_SKIPPED|FDCE|RAMD64E","DUT_INTERNAL","u_dut/vwrite_cmd_bank_mask_q_reg","u_dut/temp_bank","0.044000000"
"u_dut/gen_tmp_banks[2].u_kernel_tmp_bank/mem_reg_256_319_0_6/RAMF/WE","u_dut/vwrite_cmd_bank_mask_q_reg[2]/C","-0.044000000","clk","clk","clk","u_dut/vwrite_cmd_bank_mask_q_reg[2]","FDCE","u_dut/vwrite_cmd_bank_mask_q_reg","u_dut/gen_tmp_banks[2].u_kernel_tmp_bank/mem_reg_256_319_0_6/RAMF","RAMD64E","u_dut/gen_tmp_banks.u_kernel_tmp_bank/mem_reg_256_319_0_6/RAMF","2","0.239000000","1.427000000","1.666000000","0.856542617","SLICE_X93Y72","SLICE_X86Y70","","","SIGNATURE_SKIPPED|FDCE|RAMD64E","SIGNATURE_SKIPPED|FDCE|RAMD64E","DUT_INTERNAL","u_dut/vwrite_cmd_bank_mask_q_reg","u_dut/temp_bank","0.044000000"
"u_dut/gen_tmp_banks[2].u_kernel_tmp_bank/mem_reg_256_319_0_6/RAMG/WE","u_dut/vwrite_cmd_bank_mask_q_reg[2]/C","-0.044000000","clk","clk","clk","u_dut/vwrite_cmd_bank_mask_q_reg[2]","FDCE","u_dut/vwrite_cmd_bank_mask_q_reg","u_dut/gen_tmp_banks[2].u_kernel_tmp_bank/mem_reg_256_319_0_6/RAMG","RAMD64E","u_dut/gen_tmp_banks.u_kernel_tmp_bank/mem_reg_256_319_0_6/RAMG","2","0.239000000","1.427000000","1.666000000","0.856542617","SLICE_X93Y72","SLICE_X86Y70","","","SIGNATURE_SKIPPED|FDCE|RAMD64E","SIGNATURE_SKIPPED|FDCE|RAMD64E","DUT_INTERNAL","u_dut/vwrite_cmd_bank_mask_q_reg","u_dut/temp_bank","0.044000000"
"u_dut/gen_tmp_banks[2].u_kernel_tmp_bank/mem_reg_256_319_0_6/RAMH/WE","u_dut/vwrite_cmd_bank_mask_q_reg[2]/C","-0.044000000","clk","clk","clk","u_dut/vwrite_cmd_bank_mask_q_reg[2]","FDCE","u_dut/vwrite_cmd_bank_mask_q_reg","u_dut/gen_tmp_banks[2].u_kernel_tmp_bank/mem_reg_256_319_0_6/RAMH","RAMD64E","u_dut/gen_tmp_banks.u_kernel_tmp_bank/mem_reg_256_319_0_6/RAMH","2","0.239000000","1.427000000","1.666000000","0.856542617","SLICE_X93Y72","SLICE_X86Y70","","","SIGNATURE_SKIPPED|FDCE|RAMD64E","SIGNATURE_SKIPPED|FDCE|RAMD64E","DUT_INTERNAL","u_dut/vwrite_cmd_bank_mask_q_reg","u_dut/temp_bank","0.044000000"
"u_dut/gen_tmp_banks[2].u_kernel_tmp_bank/mem_reg_256_319_7_13/RAMA/WE","u_dut/vwrite_cmd_bank_mask_q_reg[2]/C","-0.050000000","clk","clk","clk","u_dut/vwrite_cmd_bank_mask_q_reg[2]","FDCE","u_dut/vwrite_cmd_bank_mask_q_reg","u_dut/gen_tmp_banks[2].u_kernel_tmp_bank/mem_reg_256_319_7_13/RAMA","RAMD64E","u_dut/gen_tmp_banks.u_kernel_tmp_bank/mem_reg_256_319_7_13/RAMA","2","0.239000000","1.437000000","1.676000000","0.857398568","SLICE_X93Y72","SLICE_X89Y66","","","SIGNATURE_SKIPPED|FDCE|RAMD64E","SIGNATURE_SKIPPED|FDCE|RAMD64E","DUT_INTERNAL","u_dut/vwrite_cmd_bank_mask_q_reg","u_dut/temp_bank","0.050000000"
"u_dut/gen_tmp_banks[2].u_kernel_tmp_bank/mem_reg_256_319_7_13/RAMB/WE","u_dut/vwrite_cmd_bank_mask_q_reg[2]/C","-0.050000000","clk","clk","clk","u_dut/vwrite_cmd_bank_mask_q_reg[2]","FDCE","u_dut/vwrite_cmd_bank_mask_q_reg","u_dut/gen_tmp_banks[2].u_kernel_tmp_bank/mem_reg_256_319_7_13/RAMB","RAMD64E","u_dut/gen_tmp_banks.u_kernel_tmp_bank/mem_reg_256_319_7_13/RAMB","2","0.239000000","1.437000000","1.676000000","0.857398568","SLICE_X93Y72","SLICE_X89Y66","","","SIGNATURE_SKIPPED|FDCE|RAMD64E","SIGNATURE_SKIPPED|FDCE|RAMD64E","DUT_INTERNAL","u_dut/vwrite_cmd_bank_mask_q_reg","u_dut/temp_bank","0.050000000"
"u_dut/gen_tmp_banks[2].u_kernel_tmp_bank/mem_reg_256_319_7_13/RAMC/WE","u_dut/vwrite_cmd_bank_mask_q_reg[2]/C","-0.050000000","clk","clk","clk","u_dut/vwrite_cmd_bank_mask_q_reg[2]","FDCE","u_dut/vwrite_cmd_bank_mask_q_reg","u_dut/gen_tmp_banks[2].u_kernel_tmp_bank/mem_reg_256_319_7_13/RAMC","RAMD64E","u_dut/gen_tmp_banks.u_kernel_tmp_bank/mem_reg_256_319_7_13/RAMC","2","0.239000000","1.437000000","1.676000000","0.857398568","SLICE_X93Y72","SLICE_X89Y66","","","SIGNATURE_SKIPPED|FDCE|RAMD64E","SIGNATURE_SKIPPED|FDCE|RAMD64E","DUT_INTERNAL","u_dut/vwrite_cmd_bank_mask_q_reg","u_dut/temp_bank","0.050000000"
"u_dut/gen_tmp_banks[2].u_kernel_tmp_bank/mem_reg_256_319_7_13/RAMD/WE","u_dut/vwrite_cmd_bank_mask_q_reg[2]/C","-0.050000000","clk","clk","clk","u_dut/vwrite_cmd_bank_mask_q_reg[2]","FDCE","u_dut/vwrite_cmd_bank_mask_q_reg","u_dut/gen_tmp_banks[2].u_kernel_tmp_bank/mem_reg_256_319_7_13/RAMD","RAMD64E","u_dut/gen_tmp_banks.u_kernel_tmp_bank/mem_reg_256_319_7_13/RAMD","2","0.239000000","1.437000000","1.676000000","0.857398568","SLICE_X93Y72","SLICE_X89Y66","","","SIGNATURE_SKIPPED|FDCE|RAMD64E","SIGNATURE_SKIPPED|FDCE|RAMD64E","DUT_INTERNAL","u_dut/vwrite_cmd_bank_mask_q_reg","u_dut/temp_bank","0.050000000"
"u_dut/gen_tmp_banks[2].u_kernel_tmp_bank/mem_reg_256_319_7_13/RAME/WE","u_dut/vwrite_cmd_bank_mask_q_reg[2]/C","-0.050000000","clk","clk","clk","u_dut/vwrite_cmd_bank_mask_q_reg[2]","FDCE","u_dut/vwrite_cmd_bank_mask_q_reg","u_dut/gen_tmp_banks[2].u_kernel_tmp_bank/mem_reg_256_319_7_13/RAME","RAMD64E","u_dut/gen_tmp_banks.u_kernel_tmp_bank/mem_reg_256_319_7_13/RAME","2","0.239000000","1.437000000","1.676000000","0.857398568","SLICE_X93Y72","SLICE_X89Y66","","","SIGNATURE_SKIPPED|FDCE|RAMD64E","SIGNATURE_SKIPPED|FDCE|RAMD64E","DUT_INTERNAL","u_dut/vwrite_cmd_bank_mask_q_reg","u_dut/temp_bank","0.050000000"
"u_dut/gen_tmp_banks[2].u_kernel_tmp_bank/mem_reg_256_319_7_13/RAMF/WE","u_dut/vwrite_cmd_bank_mask_q_reg[2]/C","-0.050000000","clk","clk","clk","u_dut/vwrite_cmd_bank_mask_q_reg[2]","FDCE","u_dut/vwrite_cmd_bank_mask_q_reg","u_dut/gen_tmp_banks[2].u_kernel_tmp_bank/mem_reg_256_319_7_13/RAMF","RAMD64E","u_dut/gen_tmp_banks.u_kernel_tmp_bank/mem_reg_256_319_7_13/RAMF","2","0.239000000","1.437000000","1.676000000","0.857398568","SLICE_X93Y72","SLICE_X89Y66","","","SIGNATURE_SKIPPED|FDCE|RAMD64E","SIGNATURE_SKIPPED|FDCE|RAMD64E","DUT_INTERNAL","u_dut/vwrite_cmd_bank_mask_q_reg","u_dut/temp_bank","0.050000000"
"u_dut/gen_tmp_banks[2].u_kernel_tmp_bank/mem_reg_256_319_7_13/RAMG/WE","u_dut/vwrite_cmd_bank_mask_q_reg[2]/C","-0.050000000","clk","clk","clk","u_dut/vwrite_cmd_bank_mask_q_reg[2]","FDCE","u_dut/vwrite_cmd_bank_mask_q_reg","u_dut/gen_tmp_banks[2].u_kernel_tmp_bank/mem_reg_256_319_7_13/RAMG","RAMD64E","u_dut/gen_tmp_banks.u_kernel_tmp_bank/mem_reg_256_319_7_13/RAMG","2","0.239000000","1.437000000","1.676000000","0.857398568","SLICE_X93Y72","SLICE_X89Y66","","","SIGNATURE_SKIPPED|FDCE|RAMD64E","SIGNATURE_SKIPPED|FDCE|RAMD64E","DUT_INTERNAL","u_dut/vwrite_cmd_bank_mask_q_reg","u_dut/temp_bank","0.050000000"
"u_dut/gen_tmp_banks[2].u_kernel_tmp_bank/mem_reg_256_319_7_13/RAMH/WE","u_dut/vwrite_cmd_bank_mask_q_reg[2]/C","-0.050000000","clk","clk","clk","u_dut/vwrite_cmd_bank_mask_q_reg[2]","FDCE","u_dut/vwrite_cmd_bank_mask_q_reg","u_dut/gen_tmp_banks[2].u_kernel_tmp_bank/mem_reg_256_319_7_13/RAMH","RAMD64E","u_dut/gen_tmp_banks.u_kernel_tmp_bank/mem_reg_256_319_7_13/RAMH","2","0.239000000","1.437000000","1.676000000","0.857398568","SLICE_X93Y72","SLICE_X89Y66","","","SIGNATURE_SKIPPED|FDCE|RAMD64E","SIGNATURE_SKIPPED|FDCE|RAMD64E","DUT_INTERNAL","u_dut/vwrite_cmd_bank_mask_q_reg","u_dut/temp_bank","0.050000000"
"u_dut/gen_tmp_banks[2].u_kernel_tmp_bank/mem_reg_384_447_14_15/RAMB/I","u_dut/vwrite_cmd_data_q_reg[2][15]/C","-0.003000000","clk","clk","clk","u_dut/vwrite_cmd_data_q_reg[2][15]","FDCE","u_dut/vwrite_cmd_data_q_reg","u_dut/gen_tmp_banks[2].u_kernel_tmp_bank/mem_reg_384_447_14_15/RAMB","RAMD64E","u_dut/gen_tmp_banks.u_kernel_tmp_bank/mem_reg_384_447_14_15/RAMB","0","0.078000000","1.517000000","1.595000000","0.951097179","SLICE_X98Y76","SLICE_X86Y33","","","SIGNATURE_SKIPPED|FDCE|RAMD64E","SIGNATURE_SKIPPED|FDCE|RAMD64E","DUT_INTERNAL","u_dut/vwrite_cmd_data_q_reg","u_dut/temp_bank","0.003000000"
"u_dut/gen_tmp_banks[2].u_kernel_tmp_bank/mem_reg_448_511_7_13/RAMA/WE","u_dut/vwrite_cmd_bank_mask_q_reg[2]/C","-0.035000000","clk","clk","clk","u_dut/vwrite_cmd_bank_mask_q_reg[2]","FDCE","u_dut/vwrite_cmd_bank_mask_q_reg","u_dut/gen_tmp_banks[2].u_kernel_tmp_bank/mem_reg_448_511_7_13/RAMA","RAMD64E","u_dut/gen_tmp_banks.u_kernel_tmp_bank/mem_reg_448_511_7_13/RAMA","2","0.293000000","1.364000000","1.657000000","0.823174412","SLICE_X93Y72","SLICE_X89Y65","","","SIGNATURE_SKIPPED|FDCE|RAMD64E","SIGNATURE_SKIPPED|FDCE|RAMD64E","DUT_INTERNAL","u_dut/vwrite_cmd_bank_mask_q_reg","u_dut/temp_bank","0.035000000"
"u_dut/gen_tmp_banks[2].u_kernel_tmp_bank/mem_reg_448_511_7_13/RAMB/WE","u_dut/vwrite_cmd_bank_mask_q_reg[2]/C","-0.035000000","clk","clk","clk","u_dut/vwrite_cmd_bank_mask_q_reg[2]","FDCE","u_dut/vwrite_cmd_bank_mask_q_reg","u_dut/gen_tmp_banks[2].u_kernel_tmp_bank/mem_reg_448_511_7_13/RAMB","RAMD64E","u_dut/gen_tmp_banks.u_kernel_tmp_bank/mem_reg_448_511_7_13/RAMB","2","0.293000000","1.364000000","1.657000000","0.823174412","SLICE_X93Y72","SLICE_X89Y65","","","SIGNATURE_SKIPPED|FDCE|RAMD64E","SIGNATURE_SKIPPED|FDCE|RAMD64E","DUT_INTERNAL","u_dut/vwrite_cmd_bank_mask_q_reg","u_dut/temp_bank","0.035000000"
"u_dut/gen_tmp_banks[2].u_kernel_tmp_bank/mem_reg_448_511_7_13/RAMC/WE","u_dut/vwrite_cmd_bank_mask_q_reg[2]/C","-0.035000000","clk","clk","clk","u_dut/vwrite_cmd_bank_mask_q_reg[2]","FDCE","u_dut/vwrite_cmd_bank_mask_q_reg","u_dut/gen_tmp_banks[2].u_kernel_tmp_bank/mem_reg_448_511_7_13/RAMC","RAMD64E","u_dut/gen_tmp_banks.u_kernel_tmp_bank/mem_reg_448_511_7_13/RAMC","2","0.293000000","1.364000000","1.657000000","0.823174412","SLICE_X93Y72","SLICE_X89Y65","","","SIGNATURE_SKIPPED|FDCE|RAMD64E","SIGNATURE_SKIPPED|FDCE|RAMD64E","DUT_INTERNAL","u_dut/vwrite_cmd_bank_mask_q_reg","u_dut/temp_bank","0.035000000"
"u_dut/gen_tmp_banks[2].u_kernel_tmp_bank/mem_reg_448_511_7_13/RAMD/WE","u_dut/vwrite_cmd_bank_mask_q_reg[2]/C","-0.035000000","clk","clk","clk","u_dut/vwrite_cmd_bank_mask_q_reg[2]","FDCE","u_dut/vwrite_cmd_bank_mask_q_reg","u_dut/gen_tmp_banks[2].u_kernel_tmp_bank/mem_reg_448_511_7_13/RAMD","RAMD64E","u_dut/gen_tmp_banks.u_kernel_tmp_bank/mem_reg_448_511_7_13/RAMD","2","0.293000000","1.364000000","1.657000000","0.823174412","SLICE_X93Y72","SLICE_X89Y65","","","SIGNATURE_SKIPPED|FDCE|RAMD64E","SIGNATURE_SKIPPED|FDCE|RAMD64E","DUT_INTERNAL","u_dut/vwrite_cmd_bank_mask_q_reg","u_dut/temp_bank","0.035000000"
"u_dut/gen_tmp_banks[2].u_kernel_tmp_bank/mem_reg_448_511_7_13/RAME/WE","u_dut/vwrite_cmd_bank_mask_q_reg[2]/C","-0.035000000","clk","clk","clk","u_dut/vwrite_cmd_bank_mask_q_reg[2]","FDCE","u_dut/vwrite_cmd_bank_mask_q_reg","u_dut/gen_tmp_banks[2].u_kernel_tmp_bank/mem_reg_448_511_7_13/RAME","RAMD64E","u_dut/gen_tmp_banks.u_kernel_tmp_bank/mem_reg_448_511_7_13/RAME","2","0.293000000","1.364000000","1.657000000","0.823174412","SLICE_X93Y72","SLICE_X89Y65","","","SIGNATURE_SKIPPED|FDCE|RAMD64E","SIGNATURE_SKIPPED|FDCE|RAMD64E","DUT_INTERNAL","u_dut/vwrite_cmd_bank_mask_q_reg","u_dut/temp_bank","0.035000000"
"u_dut/gen_tmp_banks[2].u_kernel_tmp_bank/mem_reg_448_511_7_13/RAMF/WE","u_dut/vwrite_cmd_bank_mask_q_reg[2]/C","-0.035000000","clk","clk","clk","u_dut/vwrite_cmd_bank_mask_q_reg[2]","FDCE","u_dut/vwrite_cmd_bank_mask_q_reg","u_dut/gen_tmp_banks[2].u_kernel_tmp_bank/mem_reg_448_511_7_13/RAMF","RAMD64E","u_dut/gen_tmp_banks.u_kernel_tmp_bank/mem_reg_448_511_7_13/RAMF","2","0.293000000","1.364000000","1.657000000","0.823174412","SLICE_X93Y72","SLICE_X89Y65","","","SIGNATURE_SKIPPED|FDCE|RAMD64E","SIGNATURE_SKIPPED|FDCE|RAMD64E","DUT_INTERNAL","u_dut/vwrite_cmd_bank_mask_q_reg","u_dut/temp_bank","0.035000000"
"u_dut/gen_tmp_banks[2].u_kernel_tmp_bank/mem_reg_448_511_7_13/RAMG/WE","u_dut/vwrite_cmd_bank_mask_q_reg[2]/C","-0.035000000","clk","clk","clk","u_dut/vwrite_cmd_bank_mask_q_reg[2]","FDCE","u_dut/vwrite_cmd_bank_mask_q_reg","u_dut/gen_tmp_banks[2].u_kernel_tmp_bank/mem_reg_448_511_7_13/RAMG","RAMD64E","u_dut/gen_tmp_banks.u_kernel_tmp_bank/mem_reg_448_511_7_13/RAMG","2","0.293000000","1.364000000","1.657000000","0.823174412","SLICE_X93Y72","SLICE_X89Y65","","","SIGNATURE_SKIPPED|FDCE|RAMD64E","SIGNATURE_SKIPPED|FDCE|RAMD64E","DUT_INTERNAL","u_dut/vwrite_cmd_bank_mask_q_reg","u_dut/temp_bank","0.035000000"
"u_dut/gen_tmp_banks[2].u_kernel_tmp_bank/mem_reg_448_511_7_13/RAMH/WE","u_dut/vwrite_cmd_bank_mask_q_reg[2]/C","-0.035000000","clk","clk","clk","u_dut/vwrite_cmd_bank_mask_q_reg[2]","FDCE","u_dut/vwrite_cmd_bank_mask_q_reg","u_dut/gen_tmp_banks[2].u_kernel_tmp_bank/mem_reg_448_511_7_13/RAMH","RAMD64E","u_dut/gen_tmp_banks.u_kernel_tmp_bank/mem_reg_448_511_7_13/RAMH","2","0.293000000","1.364000000","1.657000000","0.823174412","SLICE_X93Y72","SLICE_X89Y65","","","SIGNATURE_SKIPPED|FDCE|RAMD64E","SIGNATURE_SKIPPED|FDCE|RAMD64E","DUT_INTERNAL","u_dut/vwrite_cmd_bank_mask_q_reg","u_dut/temp_bank","0.035000000"
"u_dut/gen_tmp_banks[2].u_kernel_tmp_bank/mem_reg_576_639_0_6/RAMA/WE","u_dut/vwrite_cmd_bank_mask_q_reg[2]/C","-0.049000000","clk","clk","clk","u_dut/vwrite_cmd_bank_mask_q_reg[2]","FDCE","u_dut/vwrite_cmd_bank_mask_q_reg","u_dut/gen_tmp_banks[2].u_kernel_tmp_bank/mem_reg_576_639_0_6/RAMA","RAMD64E","u_dut/gen_tmp_banks.u_kernel_tmp_bank/mem_reg_576_639_0_6/RAMA","2","0.239000000","1.454000000","1.693000000","0.858830478","SLICE_X93Y72","SLICE_X92Y58","","","SIGNATURE_SKIPPED|FDCE|RAMD64E","SIGNATURE_SKIPPED|FDCE|RAMD64E","DUT_INTERNAL","u_dut/vwrite_cmd_bank_mask_q_reg","u_dut/temp_bank","0.049000000"
"u_dut/gen_tmp_banks[2].u_kernel_tmp_bank/mem_reg_576_639_0_6/RAMB/WE","u_dut/vwrite_cmd_bank_mask_q_reg[2]/C","-0.049000000","clk","clk","clk","u_dut/vwrite_cmd_bank_mask_q_reg[2]","FDCE","u_dut/vwrite_cmd_bank_mask_q_reg","u_dut/gen_tmp_banks[2].u_kernel_tmp_bank/mem_reg_576_639_0_6/RAMB","RAMD64E","u_dut/gen_tmp_banks.u_kernel_tmp_bank/mem_reg_576_639_0_6/RAMB","2","0.239000000","1.454000000","1.693000000","0.858830478","SLICE_X93Y72","SLICE_X92Y58","","","SIGNATURE_SKIPPED|FDCE|RAMD64E","SIGNATURE_SKIPPED|FDCE|RAMD64E","DUT_INTERNAL","u_dut/vwrite_cmd_bank_mask_q_reg","u_dut/temp_bank","0.049000000"
"u_dut/gen_tmp_banks[2].u_kernel_tmp_bank/mem_reg_576_639_0_6/RAMC/WE","u_dut/vwrite_cmd_bank_mask_q_reg[2]/C","-0.049000000","clk","clk","clk","u_dut/vwrite_cmd_bank_mask_q_reg[2]","FDCE","u_dut/vwrite_cmd_bank_mask_q_reg","u_dut/gen_tmp_banks[2].u_kernel_tmp_bank/mem_reg_576_639_0_6/RAMC","RAMD64E","u_dut/gen_tmp_banks.u_kernel_tmp_bank/mem_reg_576_639_0_6/RAMC","2","0.239000000","1.454000000","1.693000000","0.858830478","SLICE_X93Y72","SLICE_X92Y58","","","SIGNATURE_SKIPPED|FDCE|RAMD64E","SIGNATURE_SKIPPED|FDCE|RAMD64E","DUT_INTERNAL","u_dut/vwrite_cmd_bank_mask_q_reg","u_dut/temp_bank","0.049000000"
"u_dut/gen_tmp_banks[2].u_kernel_tmp_bank/mem_reg_576_639_0_6/RAMD/WE","u_dut/vwrite_cmd_bank_mask_q_reg[2]/C","-0.049000000","clk","clk","clk","u_dut/vwrite_cmd_bank_mask_q_reg[2]","FDCE","u_dut/vwrite_cmd_bank_mask_q_reg","u_dut/gen_tmp_banks[2].u_kernel_tmp_bank/mem_reg_576_639_0_6/RAMD","RAMD64E","u_dut/gen_tmp_banks.u_kernel_tmp_bank/mem_reg_576_639_0_6/RAMD","2","0.239000000","1.454000000","1.693000000","0.858830478","SLICE_X93Y72","SLICE_X92Y58","","","SIGNATURE_SKIPPED|FDCE|RAMD64E","SIGNATURE_SKIPPED|FDCE|RAMD64E","DUT_INTERNAL","u_dut/vwrite_cmd_bank_mask_q_reg","u_dut/temp_bank","0.049000000"
"u_dut/gen_tmp_banks[2].u_kernel_tmp_bank/mem_reg_576_639_0_6/RAME/WE","u_dut/vwrite_cmd_bank_mask_q_reg[2]/C","-0.049000000","clk","clk","clk","u_dut/vwrite_cmd_bank_mask_q_reg[2]","FDCE","u_dut/vwrite_cmd_bank_mask_q_reg","u_dut/gen_tmp_banks[2].u_kernel_tmp_bank/mem_reg_576_639_0_6/RAME","RAMD64E","u_dut/gen_tmp_banks.u_kernel_tmp_bank/mem_reg_576_639_0_6/RAME","2","0.239000000","1.454000000","1.693000000","0.858830478","SLICE_X93Y72","SLICE_X92Y58","","","SIGNATURE_SKIPPED|FDCE|RAMD64E","SIGNATURE_SKIPPED|FDCE|RAMD64E","DUT_INTERNAL","u_dut/vwrite_cmd_bank_mask_q_reg","u_dut/temp_bank","0.049000000"
"u_dut/gen_tmp_banks[2].u_kernel_tmp_bank/mem_reg_576_639_0_6/RAMF/WE","u_dut/vwrite_cmd_bank_mask_q_reg[2]/C","-0.049000000","clk","clk","clk","u_dut/vwrite_cmd_bank_mask_q_reg[2]","FDCE","u_dut/vwrite_cmd_bank_mask_q_reg","u_dut/gen_tmp_banks[2].u_kernel_tmp_bank/mem_reg_576_639_0_6/RAMF","RAMD64E","u_dut/gen_tmp_banks.u_kernel_tmp_bank/mem_reg_576_639_0_6/RAMF","2","0.239000000","1.454000000","1.693000000","0.858830478","SLICE_X93Y72","SLICE_X92Y58","","","SIGNATURE_SKIPPED|FDCE|RAMD64E","SIGNATURE_SKIPPED|FDCE|RAMD64E","DUT_INTERNAL","u_dut/vwrite_cmd_bank_mask_q_reg","u_dut/temp_bank","0.049000000"
"u_dut/gen_tmp_banks[2].u_kernel_tmp_bank/mem_reg_576_639_0_6/RAMG/WE","u_dut/vwrite_cmd_bank_mask_q_reg[2]/C","-0.049000000","clk","clk","clk","u_dut/vwrite_cmd_bank_mask_q_reg[2]","FDCE","u_dut/vwrite_cmd_bank_mask_q_reg","u_dut/gen_tmp_banks[2].u_kernel_tmp_bank/mem_reg_576_639_0_6/RAMG","RAMD64E","u_dut/gen_tmp_banks.u_kernel_tmp_bank/mem_reg_576_639_0_6/RAMG","2","0.239000000","1.454000000","1.693000000","0.858830478","SLICE_X93Y72","SLICE_X92Y58","","","SIGNATURE_SKIPPED|FDCE|RAMD64E","SIGNATURE_SKIPPED|FDCE|RAMD64E","DUT_INTERNAL","u_dut/vwrite_cmd_bank_mask_q_reg","u_dut/temp_bank","0.049000000"
"u_dut/gen_tmp_banks[2].u_kernel_tmp_bank/mem_reg_576_639_0_6/RAMH/WE","u_dut/vwrite_cmd_bank_mask_q_reg[2]/C","-0.049000000","clk","clk","clk","u_dut/vwrite_cmd_bank_mask_q_reg[2]","FDCE","u_dut/vwrite_cmd_bank_mask_q_reg","u_dut/gen_tmp_banks[2].u_kernel_tmp_bank/mem_reg_576_639_0_6/RAMH","RAMD64E","u_dut/gen_tmp_banks.u_kernel_tmp_bank/mem_reg_576_639_0_6/RAMH","2","0.239000000","1.454000000","1.693000000","0.858830478","SLICE_X93Y72","SLICE_X92Y58","","","SIGNATURE_SKIPPED|FDCE|RAMD64E","SIGNATURE_SKIPPED|FDCE|RAMD64E","DUT_INTERNAL","u_dut/vwrite_cmd_bank_mask_q_reg","u_dut/temp_bank","0.049000000"
"u_dut/gen_tmp_banks[2].u_kernel_tmp_bank/mem_reg_576_639_7_13/RAMA/WE","u_dut/vwrite_cmd_bank_mask_q_reg[2]/C","-0.003000000","clk","clk","clk","u_dut/vwrite_cmd_bank_mask_q_reg[2]","FDCE","u_dut/vwrite_cmd_bank_mask_q_reg","u_dut/gen_tmp_banks[2].u_kernel_tmp_bank/mem_reg_576_639_7_13/RAMA","RAMD64E","u_dut/gen_tmp_banks.u_kernel_tmp_bank/mem_reg_576_639_7_13/RAMA","2","0.239000000","1.454000000","1.693000000","0.858830478","SLICE_X93Y72","SLICE_X92Y63","","","SIGNATURE_SKIPPED|FDCE|RAMD64E","SIGNATURE_SKIPPED|FDCE|RAMD64E","DUT_INTERNAL","u_dut/vwrite_cmd_bank_mask_q_reg","u_dut/temp_bank","0.003000000"
"u_dut/gen_tmp_banks[2].u_kernel_tmp_bank/mem_reg_576_639_7_13/RAMB/WE","u_dut/vwrite_cmd_bank_mask_q_reg[2]/C","-0.003000000","clk","clk","clk","u_dut/vwrite_cmd_bank_mask_q_reg[2]","FDCE","u_dut/vwrite_cmd_bank_mask_q_reg","u_dut/gen_tmp_banks[2].u_kernel_tmp_bank/mem_reg_576_639_7_13/RAMB","RAMD64E","u_dut/gen_tmp_banks.u_kernel_tmp_bank/mem_reg_576_639_7_13/RAMB","2","0.239000000","1.454000000","1.693000000","0.858830478","SLICE_X93Y72","SLICE_X92Y63","","","SIGNATURE_SKIPPED|FDCE|RAMD64E","SIGNATURE_SKIPPED|FDCE|RAMD64E","DUT_INTERNAL","u_dut/vwrite_cmd_bank_mask_q_reg","u_dut/temp_bank","0.003000000"
"u_dut/gen_tmp_banks[2].u_kernel_tmp_bank/mem_reg_576_639_7_13/RAMC/WE","u_dut/vwrite_cmd_bank_mask_q_reg[2]/C","-0.003000000","clk","clk","clk","u_dut/vwrite_cmd_bank_mask_q_reg[2]","FDCE","u_dut/vwrite_cmd_bank_mask_q_reg","u_dut/gen_tmp_banks[2].u_kernel_tmp_bank/mem_reg_576_639_7_13/RAMC","RAMD64E","u_dut/gen_tmp_banks.u_kernel_tmp_bank/mem_reg_576_639_7_13/RAMC","2","0.239000000","1.454000000","1.693000000","0.858830478","SLICE_X93Y72","SLICE_X92Y63","","","SIGNATURE_SKIPPED|FDCE|RAMD64E","SIGNATURE_SKIPPED|FDCE|RAMD64E","DUT_INTERNAL","u_dut/vwrite_cmd_bank_mask_q_reg","u_dut/temp_bank","0.003000000"
"u_dut/gen_tmp_banks[2].u_kernel_tmp_bank/mem_reg_576_639_7_13/RAMD/WE","u_dut/vwrite_cmd_bank_mask_q_reg[2]/C","-0.003000000","clk","clk","clk","u_dut/vwrite_cmd_bank_mask_q_reg[2]","FDCE","u_dut/vwrite_cmd_bank_mask_q_reg","u_dut/gen_tmp_banks[2].u_kernel_tmp_bank/mem_reg_576_639_7_13/RAMD","RAMD64E","u_dut/gen_tmp_banks.u_kernel_tmp_bank/mem_reg_576_639_7_13/RAMD","2","0.239000000","1.454000000","1.693000000","0.858830478","SLICE_X93Y72","SLICE_X92Y63","","","SIGNATURE_SKIPPED|FDCE|RAMD64E","SIGNATURE_SKIPPED|FDCE|RAMD64E","DUT_INTERNAL","u_dut/vwrite_cmd_bank_mask_q_reg","u_dut/temp_bank","0.003000000"
"u_dut/gen_tmp_banks[2].u_kernel_tmp_bank/mem_reg_576_639_7_13/RAME/WE","u_dut/vwrite_cmd_bank_mask_q_reg[2]/C","-0.003000000","clk","clk","clk","u_dut/vwrite_cmd_bank_mask_q_reg[2]","FDCE","u_dut/vwrite_cmd_bank_mask_q_reg","u_dut/gen_tmp_banks[2].u_kernel_tmp_bank/mem_reg_576_639_7_13/RAME","RAMD64E","u_dut/gen_tmp_banks.u_kernel_tmp_bank/mem_reg_576_639_7_13/RAME","2","0.239000000","1.454000000","1.693000000","0.858830478","SLICE_X93Y72","SLICE_X92Y63","","","SIGNATURE_SKIPPED|FDCE|RAMD64E","SIGNATURE_SKIPPED|FDCE|RAMD64E","DUT_INTERNAL","u_dut/vwrite_cmd_bank_mask_q_reg","u_dut/temp_bank","0.003000000"
"u_dut/gen_tmp_banks[2].u_kernel_tmp_bank/mem_reg_576_639_7_13/RAMF/WE","u_dut/vwrite_cmd_bank_mask_q_reg[2]/C","-0.003000000","clk","clk","clk","u_dut/vwrite_cmd_bank_mask_q_reg[2]","FDCE","u_dut/vwrite_cmd_bank_mask_q_reg","u_dut/gen_tmp_banks[2].u_kernel_tmp_bank/mem_reg_576_639_7_13/RAMF","RAMD64E","u_dut/gen_tmp_banks.u_kernel_tmp_bank/mem_reg_576_639_7_13/RAMF","2","0.239000000","1.454000000","1.693000000","0.858830478","SLICE_X93Y72","SLICE_X92Y63","","","SIGNATURE_SKIPPED|FDCE|RAMD64E","SIGNATURE_SKIPPED|FDCE|RAMD64E","DUT_INTERNAL","u_dut/vwrite_cmd_bank_mask_q_reg","u_dut/temp_bank","0.003000000"
"u_dut/gen_tmp_banks[2].u_kernel_tmp_bank/mem_reg_576_639_7_13/RAMG/WE","u_dut/vwrite_cmd_bank_mask_q_reg[2]/C","-0.003000000","clk","clk","clk","u_dut/vwrite_cmd_bank_mask_q_reg[2]","FDCE","u_dut/vwrite_cmd_bank_mask_q_reg","u_dut/gen_tmp_banks[2].u_kernel_tmp_bank/mem_reg_576_639_7_13/RAMG","RAMD64E","u_dut/gen_tmp_banks.u_kernel_tmp_bank/mem_reg_576_639_7_13/RAMG","2","0.239000000","1.454000000","1.693000000","0.858830478","SLICE_X93Y72","SLICE_X92Y63","","","SIGNATURE_SKIPPED|FDCE|RAMD64E","SIGNATURE_SKIPPED|FDCE|RAMD64E","DUT_INTERNAL","u_dut/vwrite_cmd_bank_mask_q_reg","u_dut/temp_bank","0.003000000"
"u_dut/gen_tmp_banks[2].u_kernel_tmp_bank/mem_reg_576_639_7_13/RAMH/WE","u_dut/vwrite_cmd_bank_mask_q_reg[2]/C","-0.003000000","clk","clk","clk","u_dut/vwrite_cmd_bank_mask_q_reg[2]","FDCE","u_dut/vwrite_cmd_bank_mask_q_reg","u_dut/gen_tmp_banks[2].u_kernel_tmp_bank/mem_reg_576_639_7_13/RAMH","RAMD64E","u_dut/gen_tmp_banks.u_kernel_tmp_bank/mem_reg_576_639_7_13/RAMH","2","0.239000000","1.454000000","1.693000000","0.858830478","SLICE_X93Y72","SLICE_X92Y63","","","SIGNATURE_SKIPPED|FDCE|RAMD64E","SIGNATURE_SKIPPED|FDCE|RAMD64E","DUT_INTERNAL","u_dut/vwrite_cmd_bank_mask_q_reg","u_dut/temp_bank","0.003000000"
"u_dut/gen_tmp_banks[2].u_kernel_tmp_bank/mem_reg_704_767_7_13/RAMA/WE","u_dut/vwrite_cmd_bank_mask_q_reg[2]/C","-0.010000000","clk","clk","clk","u_dut/vwrite_cmd_bank_mask_q_reg[2]","FDCE","u_dut/vwrite_cmd_bank_mask_q_reg","u_dut/gen_tmp_banks[2].u_kernel_tmp_bank/mem_reg_704_767_7_13/RAMA","RAMD64E","u_dut/gen_tmp_banks.u_kernel_tmp_bank/mem_reg_704_767_7_13/RAMA","2","0.326000000","1.306000000","1.632000000","0.800245098","SLICE_X93Y72","SLICE_X89Y64","","","SIGNATURE_SKIPPED|FDCE|RAMD64E","SIGNATURE_SKIPPED|FDCE|RAMD64E","DUT_INTERNAL","u_dut/vwrite_cmd_bank_mask_q_reg","u_dut/temp_bank","0.010000000"
"u_dut/gen_tmp_banks[2].u_kernel_tmp_bank/mem_reg_704_767_7_13/RAMB/WE","u_dut/vwrite_cmd_bank_mask_q_reg[2]/C","-0.010000000","clk","clk","clk","u_dut/vwrite_cmd_bank_mask_q_reg[2]","FDCE","u_dut/vwrite_cmd_bank_mask_q_reg","u_dut/gen_tmp_banks[2].u_kernel_tmp_bank/mem_reg_704_767_7_13/RAMB","RAMD64E","u_dut/gen_tmp_banks.u_kernel_tmp_bank/mem_reg_704_767_7_13/RAMB","2","0.326000000","1.306000000","1.632000000","0.800245098","SLICE_X93Y72","SLICE_X89Y64","","","SIGNATURE_SKIPPED|FDCE|RAMD64E","SIGNATURE_SKIPPED|FDCE|RAMD64E","DUT_INTERNAL","u_dut/vwrite_cmd_bank_mask_q_reg","u_dut/temp_bank","0.010000000"
"u_dut/gen_tmp_banks[2].u_kernel_tmp_bank/mem_reg_704_767_7_13/RAMC/WE","u_dut/vwrite_cmd_bank_mask_q_reg[2]/C","-0.010000000","clk","clk","clk","u_dut/vwrite_cmd_bank_mask_q_reg[2]","FDCE","u_dut/vwrite_cmd_bank_mask_q_reg","u_dut/gen_tmp_banks[2].u_kernel_tmp_bank/mem_reg_704_767_7_13/RAMC","RAMD64E","u_dut/gen_tmp_banks.u_kernel_tmp_bank/mem_reg_704_767_7_13/RAMC","2","0.326000000","1.306000000","1.632000000","0.800245098","SLICE_X93Y72","SLICE_X89Y64","","","SIGNATURE_SKIPPED|FDCE|RAMD64E","SIGNATURE_SKIPPED|FDCE|RAMD64E","DUT_INTERNAL","u_dut/vwrite_cmd_bank_mask_q_reg","u_dut/temp_bank","0.010000000"
"u_dut/gen_tmp_banks[2].u_kernel_tmp_bank/mem_reg_704_767_7_13/RAMD/WE","u_dut/vwrite_cmd_bank_mask_q_reg[2]/C","-0.010000000","clk","clk","clk","u_dut/vwrite_cmd_bank_mask_q_reg[2]","FDCE","u_dut/vwrite_cmd_bank_mask_q_reg","u_dut/gen_tmp_banks[2].u_kernel_tmp_bank/mem_reg_704_767_7_13/RAMD","RAMD64E","u_dut/gen_tmp_banks.u_kernel_tmp_bank/mem_reg_704_767_7_13/RAMD","2","0.326000000","1.306000000","1.632000000","0.800245098","SLICE_X93Y72","SLICE_X89Y64","","","SIGNATURE_SKIPPED|FDCE|RAMD64E","SIGNATURE_SKIPPED|FDCE|RAMD64E","DUT_INTERNAL","u_dut/vwrite_cmd_bank_mask_q_reg","u_dut/temp_bank","0.010000000"
"u_dut/gen_tmp_banks[2].u_kernel_tmp_bank/mem_reg_704_767_7_13/RAME/WE","u_dut/vwrite_cmd_bank_mask_q_reg[2]/C","-0.010000000","clk","clk","clk","u_dut/vwrite_cmd_bank_mask_q_reg[2]","FDCE","u_dut/vwrite_cmd_bank_mask_q_reg","u_dut/gen_tmp_banks[2].u_kernel_tmp_bank/mem_reg_704_767_7_13/RAME","RAMD64E","u_dut/gen_tmp_banks.u_kernel_tmp_bank/mem_reg_704_767_7_13/RAME","2","0.326000000","1.306000000","1.632000000","0.800245098","SLICE_X93Y72","SLICE_X89Y64","","","SIGNATURE_SKIPPED|FDCE|RAMD64E","SIGNATURE_SKIPPED|FDCE|RAMD64E","DUT_INTERNAL","u_dut/vwrite_cmd_bank_mask_q_reg","u_dut/temp_bank","0.010000000"
"u_dut/gen_tmp_banks[2].u_kernel_tmp_bank/mem_reg_704_767_7_13/RAMF/WE","u_dut/vwrite_cmd_bank_mask_q_reg[2]/C","-0.010000000","clk","clk","clk","u_dut/vwrite_cmd_bank_mask_q_reg[2]","FDCE","u_dut/vwrite_cmd_bank_mask_q_reg","u_dut/gen_tmp_banks[2].u_kernel_tmp_bank/mem_reg_704_767_7_13/RAMF","RAMD64E","u_dut/gen_tmp_banks.u_kernel_tmp_bank/mem_reg_704_767_7_13/RAMF","2","0.326000000","1.306000000","1.632000000","0.800245098","SLICE_X93Y72","SLICE_X89Y64","","","SIGNATURE_SKIPPED|FDCE|RAMD64E","SIGNATURE_SKIPPED|FDCE|RAMD64E","DUT_INTERNAL","u_dut/vwrite_cmd_bank_mask_q_reg","u_dut/temp_bank","0.010000000"
"u_dut/gen_tmp_banks[2].u_kernel_tmp_bank/mem_reg_704_767_7_13/RAMG/WE","u_dut/vwrite_cmd_bank_mask_q_reg[2]/C","-0.010000000","clk","clk","clk","u_dut/vwrite_cmd_bank_mask_q_reg[2]","FDCE","u_dut/vwrite_cmd_bank_mask_q_reg","u_dut/gen_tmp_banks[2].u_kernel_tmp_bank/mem_reg_704_767_7_13/RAMG","RAMD64E","u_dut/gen_tmp_banks.u_kernel_tmp_bank/mem_reg_704_767_7_13/RAMG","2","0.326000000","1.306000000","1.632000000","0.800245098","SLICE_X93Y72","SLICE_X89Y64","","","SIGNATURE_SKIPPED|FDCE|RAMD64E","SIGNATURE_SKIPPED|FDCE|RAMD64E","DUT_INTERNAL","u_dut/vwrite_cmd_bank_mask_q_reg","u_dut/temp_bank","0.010000000"
"u_dut/gen_tmp_banks[2].u_kernel_tmp_bank/mem_reg_704_767_7_13/RAMH/WE","u_dut/vwrite_cmd_bank_mask_q_reg[2]/C","-0.010000000","clk","clk","clk","u_dut/vwrite_cmd_bank_mask_q_reg[2]","FDCE","u_dut/vwrite_cmd_bank_mask_q_reg","u_dut/gen_tmp_banks[2].u_kernel_tmp_bank/mem_reg_704_767_7_13/RAMH","RAMD64E","u_dut/gen_tmp_banks.u_kernel_tmp_bank/mem_reg_704_767_7_13/RAMH","2","0.326000000","1.306000000","1.632000000","0.800245098","SLICE_X93Y72","SLICE_X89Y64","","","SIGNATURE_SKIPPED|FDCE|RAMD64E","SIGNATURE_SKIPPED|FDCE|RAMD64E","DUT_INTERNAL","u_dut/vwrite_cmd_bank_mask_q_reg","u_dut/temp_bank","0.010000000"
"u_dut/gen_tmp_banks[2].u_kernel_tmp_bank/mem_reg_960_1023_0_6/RAMA/WE","u_dut/vwrite_cmd_bank_mask_q_reg[2]/C","-0.082000000","clk","clk","clk","u_dut/vwrite_cmd_bank_mask_q_reg[2]","FDCE","u_dut/vwrite_cmd_bank_mask_q_reg","u_dut/gen_tmp_banks[2].u_kernel_tmp_bank/mem_reg_960_1023_0_6/RAMA","RAMD64E","u_dut/gen_tmp_banks.u_kernel_tmp_bank/mem_reg_960_1023_0_6/RAMA","2","0.254000000","1.513000000","1.767000000","0.856253537","SLICE_X93Y72","SLICE_X92Y65","","","SIGNATURE_SKIPPED|FDCE|RAMD64E","SIGNATURE_SKIPPED|FDCE|RAMD64E","DUT_INTERNAL","u_dut/vwrite_cmd_bank_mask_q_reg","u_dut/temp_bank","0.082000000"
"u_dut/gen_tmp_banks[2].u_kernel_tmp_bank/mem_reg_960_1023_0_6/RAMB/WE","u_dut/vwrite_cmd_bank_mask_q_reg[2]/C","-0.082000000","clk","clk","clk","u_dut/vwrite_cmd_bank_mask_q_reg[2]","FDCE","u_dut/vwrite_cmd_bank_mask_q_reg","u_dut/gen_tmp_banks[2].u_kernel_tmp_bank/mem_reg_960_1023_0_6/RAMB","RAMD64E","u_dut/gen_tmp_banks.u_kernel_tmp_bank/mem_reg_960_1023_0_6/RAMB","2","0.254000000","1.513000000","1.767000000","0.856253537","SLICE_X93Y72","SLICE_X92Y65","","","SIGNATURE_SKIPPED|FDCE|RAMD64E","SIGNATURE_SKIPPED|FDCE|RAMD64E","DUT_INTERNAL","u_dut/vwrite_cmd_bank_mask_q_reg","u_dut/temp_bank","0.082000000"
"u_dut/gen_tmp_banks[2].u_kernel_tmp_bank/mem_reg_960_1023_0_6/RAMC/WE","u_dut/vwrite_cmd_bank_mask_q_reg[2]/C","-0.082000000","clk","clk","clk","u_dut/vwrite_cmd_bank_mask_q_reg[2]","FDCE","u_dut/vwrite_cmd_bank_mask_q_reg","u_dut/gen_tmp_banks[2].u_kernel_tmp_bank/mem_reg_960_1023_0_6/RAMC","RAMD64E","u_dut/gen_tmp_banks.u_kernel_tmp_bank/mem_reg_960_1023_0_6/RAMC","2","0.254000000","1.513000000","1.767000000","0.856253537","SLICE_X93Y72","SLICE_X92Y65","","","SIGNATURE_SKIPPED|FDCE|RAMD64E","SIGNATURE_SKIPPED|FDCE|RAMD64E","DUT_INTERNAL","u_dut/vwrite_cmd_bank_mask_q_reg","u_dut/temp_bank","0.082000000"
"u_dut/gen_tmp_banks[2].u_kernel_tmp_bank/mem_reg_960_1023_0_6/RAMD/WE","u_dut/vwrite_cmd_bank_mask_q_reg[2]/C","-0.082000000","clk","clk","clk","u_dut/vwrite_cmd_bank_mask_q_reg[2]","FDCE","u_dut/vwrite_cmd_bank_mask_q_reg","u_dut/gen_tmp_banks[2].u_kernel_tmp_bank/mem_reg_960_1023_0_6/RAMD","RAMD64E","u_dut/gen_tmp_banks.u_kernel_tmp_bank/mem_reg_960_1023_0_6/RAMD","2","0.254000000","1.513000000","1.767000000","0.856253537","SLICE_X93Y72","SLICE_X92Y65","","","SIGNATURE_SKIPPED|FDCE|RAMD64E","SIGNATURE_SKIPPED|FDCE|RAMD64E","DUT_INTERNAL","u_dut/vwrite_cmd_bank_mask_q_reg","u_dut/temp_bank","0.082000000"
"u_dut/gen_tmp_banks[2].u_kernel_tmp_bank/mem_reg_960_1023_0_6/RAME/WE","u_dut/vwrite_cmd_bank_mask_q_reg[2]/C","-0.082000000","clk","clk","clk","u_dut/vwrite_cmd_bank_mask_q_reg[2]","FDCE","u_dut/vwrite_cmd_bank_mask_q_reg","u_dut/gen_tmp_banks[2].u_kernel_tmp_bank/mem_reg_960_1023_0_6/RAME","RAMD64E","u_dut/gen_tmp_banks.u_kernel_tmp_bank/mem_reg_960_1023_0_6/RAME","2","0.254000000","1.513000000","1.767000000","0.856253537","SLICE_X93Y72","SLICE_X92Y65","","","SIGNATURE_SKIPPED|FDCE|RAMD64E","SIGNATURE_SKIPPED|FDCE|RAMD64E","DUT_INTERNAL","u_dut/vwrite_cmd_bank_mask_q_reg","u_dut/temp_bank","0.082000000"
"u_dut/gen_tmp_banks[2].u_kernel_tmp_bank/mem_reg_960_1023_0_6/RAMF/WE","u_dut/vwrite_cmd_bank_mask_q_reg[2]/C","-0.082000000","clk","clk","clk","u_dut/vwrite_cmd_bank_mask_q_reg[2]","FDCE","u_dut/vwrite_cmd_bank_mask_q_reg","u_dut/gen_tmp_banks[2].u_kernel_tmp_bank/mem_reg_960_1023_0_6/RAMF","RAMD64E","u_dut/gen_tmp_banks.u_kernel_tmp_bank/mem_reg_960_1023_0_6/RAMF","2","0.254000000","1.513000000","1.767000000","0.856253537","SLICE_X93Y72","SLICE_X92Y65","","","SIGNATURE_SKIPPED|FDCE|RAMD64E","SIGNATURE_SKIPPED|FDCE|RAMD64E","DUT_INTERNAL","u_dut/vwrite_cmd_bank_mask_q_reg","u_dut/temp_bank","0.082000000"
"u_dut/gen_tmp_banks[2].u_kernel_tmp_bank/mem_reg_960_1023_0_6/RAMG/WE","u_dut/vwrite_cmd_bank_mask_q_reg[2]/C","-0.082000000","clk","clk","clk","u_dut/vwrite_cmd_bank_mask_q_reg[2]","FDCE","u_dut/vwrite_cmd_bank_mask_q_reg","u_dut/gen_tmp_banks[2].u_kernel_tmp_bank/mem_reg_960_1023_0_6/RAMG","RAMD64E","u_dut/gen_tmp_banks.u_kernel_tmp_bank/mem_reg_960_1023_0_6/RAMG","2","0.254000000","1.513000000","1.767000000","0.856253537","SLICE_X93Y72","SLICE_X92Y65","","","SIGNATURE_SKIPPED|FDCE|RAMD64E","SIGNATURE_SKIPPED|FDCE|RAMD64E","DUT_INTERNAL","u_dut/vwrite_cmd_bank_mask_q_reg","u_dut/temp_bank","0.082000000"
"u_dut/gen_tmp_banks[2].u_kernel_tmp_bank/mem_reg_960_1023_0_6/RAMH/WE","u_dut/vwrite_cmd_bank_mask_q_reg[2]/C","-0.082000000","clk","clk","clk","u_dut/vwrite_cmd_bank_mask_q_reg[2]","FDCE","u_dut/vwrite_cmd_bank_mask_q_reg","u_dut/gen_tmp_banks[2].u_kernel_tmp_bank/mem_reg_960_1023_0_6/RAMH","RAMD64E","u_dut/gen_tmp_banks.u_kernel_tmp_bank/mem_reg_960_1023_0_6/RAMH","2","0.254000000","1.513000000","1.767000000","0.856253537","SLICE_X93Y72","SLICE_X92Y65","","","SIGNATURE_SKIPPED|FDCE|RAMD64E","SIGNATURE_SKIPPED|FDCE|RAMD64E","DUT_INTERNAL","u_dut/vwrite_cmd_bank_mask_q_reg","u_dut/temp_bank","0.082000000"
"u_dut/gen_tmp_banks[2].u_kernel_tmp_bank/mem_reg_960_1023_7_13/RAMA/WE","u_dut/vwrite_cmd_bank_mask_q_reg[2]/C","-0.030000000","clk","clk","clk","u_dut/vwrite_cmd_bank_mask_q_reg[2]","FDCE","u_dut/vwrite_cmd_bank_mask_q_reg","u_dut/gen_tmp_banks[2].u_kernel_tmp_bank/mem_reg_960_1023_7_13/RAMA","RAMD64E","u_dut/gen_tmp_banks.u_kernel_tmp_bank/mem_reg_960_1023_7_13/RAMA","2","0.254000000","1.467000000","1.721000000","0.852411389","SLICE_X93Y72","SLICE_X90Y65","","","SIGNATURE_SKIPPED|FDCE|RAMD64E","SIGNATURE_SKIPPED|FDCE|RAMD64E","DUT_INTERNAL","u_dut/vwrite_cmd_bank_mask_q_reg","u_dut/temp_bank","0.030000000"
"u_dut/gen_tmp_banks[2].u_kernel_tmp_bank/mem_reg_960_1023_7_13/RAMB/WE","u_dut/vwrite_cmd_bank_mask_q_reg[2]/C","-0.030000000","clk","clk","clk","u_dut/vwrite_cmd_bank_mask_q_reg[2]","FDCE","u_dut/vwrite_cmd_bank_mask_q_reg","u_dut/gen_tmp_banks[2].u_kernel_tmp_bank/mem_reg_960_1023_7_13/RAMB","RAMD64E","u_dut/gen_tmp_banks.u_kernel_tmp_bank/mem_reg_960_1023_7_13/RAMB","2","0.254000000","1.467000000","1.721000000","0.852411389","SLICE_X93Y72","SLICE_X90Y65","","","SIGNATURE_SKIPPED|FDCE|RAMD64E","SIGNATURE_SKIPPED|FDCE|RAMD64E","DUT_INTERNAL","u_dut/vwrite_cmd_bank_mask_q_reg","u_dut/temp_bank","0.030000000"
"u_dut/gen_tmp_banks[2].u_kernel_tmp_bank/mem_reg_960_1023_7_13/RAMC/WE","u_dut/vwrite_cmd_bank_mask_q_reg[2]/C","-0.030000000","clk","clk","clk","u_dut/vwrite_cmd_bank_mask_q_reg[2]","FDCE","u_dut/vwrite_cmd_bank_mask_q_reg","u_dut/gen_tmp_banks[2].u_kernel_tmp_bank/mem_reg_960_1023_7_13/RAMC","RAMD64E","u_dut/gen_tmp_banks.u_kernel_tmp_bank/mem_reg_960_1023_7_13/RAMC","2","0.254000000","1.467000000","1.721000000","0.852411389","SLICE_X93Y72","SLICE_X90Y65","","","SIGNATURE_SKIPPED|FDCE|RAMD64E","SIGNATURE_SKIPPED|FDCE|RAMD64E","DUT_INTERNAL","u_dut/vwrite_cmd_bank_mask_q_reg","u_dut/temp_bank","0.030000000"
"u_dut/gen_tmp_banks[2].u_kernel_tmp_bank/mem_reg_960_1023_7_13/RAMD/WE","u_dut/vwrite_cmd_bank_mask_q_reg[2]/C","-0.030000000","clk","clk","clk","u_dut/vwrite_cmd_bank_mask_q_reg[2]","FDCE","u_dut/vwrite_cmd_bank_mask_q_reg","u_dut/gen_tmp_banks[2].u_kernel_tmp_bank/mem_reg_960_1023_7_13/RAMD","RAMD64E","u_dut/gen_tmp_banks.u_kernel_tmp_bank/mem_reg_960_1023_7_13/RAMD","2","0.254000000","1.467000000","1.721000000","0.852411389","SLICE_X93Y72","SLICE_X90Y65","","","SIGNATURE_SKIPPED|FDCE|RAMD64E","SIGNATURE_SKIPPED|FDCE|RAMD64E","DUT_INTERNAL","u_dut/vwrite_cmd_bank_mask_q_reg","u_dut/temp_bank","0.030000000"
"u_dut/gen_tmp_banks[2].u_kernel_tmp_bank/mem_reg_960_1023_7_13/RAME/WE","u_dut/vwrite_cmd_bank_mask_q_reg[2]/C","-0.030000000","clk","clk","clk","u_dut/vwrite_cmd_bank_mask_q_reg[2]","FDCE","u_dut/vwrite_cmd_bank_mask_q_reg","u_dut/gen_tmp_banks[2].u_kernel_tmp_bank/mem_reg_960_1023_7_13/RAME","RAMD64E","u_dut/gen_tmp_banks.u_kernel_tmp_bank/mem_reg_960_1023_7_13/RAME","2","0.254000000","1.467000000","1.721000000","0.852411389","SLICE_X93Y72","SLICE_X90Y65","","","SIGNATURE_SKIPPED|FDCE|RAMD64E","SIGNATURE_SKIPPED|FDCE|RAMD64E","DUT_INTERNAL","u_dut/vwrite_cmd_bank_mask_q_reg","u_dut/temp_bank","0.030000000"
"u_dut/gen_tmp_banks[2].u_kernel_tmp_bank/mem_reg_960_1023_7_13/RAMF/WE","u_dut/vwrite_cmd_bank_mask_q_reg[2]/C","-0.030000000","clk","clk","clk","u_dut/vwrite_cmd_bank_mask_q_reg[2]","FDCE","u_dut/vwrite_cmd_bank_mask_q_reg","u_dut/gen_tmp_banks[2].u_kernel_tmp_bank/mem_reg_960_1023_7_13/RAMF","RAMD64E","u_dut/gen_tmp_banks.u_kernel_tmp_bank/mem_reg_960_1023_7_13/RAMF","2","0.254000000","1.467000000","1.721000000","0.852411389","SLICE_X93Y72","SLICE_X90Y65","","","SIGNATURE_SKIPPED|FDCE|RAMD64E","SIGNATURE_SKIPPED|FDCE|RAMD64E","DUT_INTERNAL","u_dut/vwrite_cmd_bank_mask_q_reg","u_dut/temp_bank","0.030000000"
"u_dut/gen_tmp_banks[2].u_kernel_tmp_bank/mem_reg_960_1023_7_13/RAMG/WE","u_dut/vwrite_cmd_bank_mask_q_reg[2]/C","-0.030000000","clk","clk","clk","u_dut/vwrite_cmd_bank_mask_q_reg[2]","FDCE","u_dut/vwrite_cmd_bank_mask_q_reg","u_dut/gen_tmp_banks[2].u_kernel_tmp_bank/mem_reg_960_1023_7_13/RAMG","RAMD64E","u_dut/gen_tmp_banks.u_kernel_tmp_bank/mem_reg_960_1023_7_13/RAMG","2","0.254000000","1.467000000","1.721000000","0.852411389","SLICE_X93Y72","SLICE_X90Y65","","","SIGNATURE_SKIPPED|FDCE|RAMD64E","SIGNATURE_SKIPPED|FDCE|RAMD64E","DUT_INTERNAL","u_dut/vwrite_cmd_bank_mask_q_reg","u_dut/temp_bank","0.030000000"
"u_dut/gen_tmp_banks[2].u_kernel_tmp_bank/mem_reg_960_1023_7_13/RAMH/WE","u_dut/vwrite_cmd_bank_mask_q_reg[2]/C","-0.030000000","clk","clk","clk","u_dut/vwrite_cmd_bank_mask_q_reg[2]","FDCE","u_dut/vwrite_cmd_bank_mask_q_reg","u_dut/gen_tmp_banks[2].u_kernel_tmp_bank/mem_reg_960_1023_7_13/RAMH","RAMD64E","u_dut/gen_tmp_banks.u_kernel_tmp_bank/mem_reg_960_1023_7_13/RAMH","2","0.254000000","1.467000000","1.721000000","0.852411389","SLICE_X93Y72","SLICE_X90Y65","","","SIGNATURE_SKIPPED|FDCE|RAMD64E","SIGNATURE_SKIPPED|FDCE|RAMD64E","DUT_INTERNAL","u_dut/vwrite_cmd_bank_mask_q_reg","u_dut/temp_bank","0.030000000"
"u_dut/gen_tmp_banks[3].u_kernel_tmp_bank/mem_reg_512_575_14_15/RAMA/WE","u_dut/vwrite_cmd_bank_mask_q_reg[3]/C","-0.047000000","clk","clk","clk","u_dut/vwrite_cmd_bank_mask_q_reg[3]","FDCE","u_dut/vwrite_cmd_bank_mask_q_reg","u_dut/gen_tmp_banks[3].u_kernel_tmp_bank/mem_reg_512_575_14_15/RAMA","RAMD64E","u_dut/gen_tmp_banks.u_kernel_tmp_bank/mem_reg_512_575_14_15/RAMA","2","0.327000000","1.368000000","1.695000000","0.807079646","SLICE_X94Y75","SLICE_X82Y79","","","SIGNATURE_SKIPPED|FDCE|RAMD64E","SIGNATURE_SKIPPED|FDCE|RAMD64E","DUT_INTERNAL","u_dut/vwrite_cmd_bank_mask_q_reg","u_dut/temp_bank","0.047000000"
"u_dut/gen_tmp_banks[3].u_kernel_tmp_bank/mem_reg_512_575_14_15/RAMB/WE","u_dut/vwrite_cmd_bank_mask_q_reg[3]/C","-0.047000000","clk","clk","clk","u_dut/vwrite_cmd_bank_mask_q_reg[3]","FDCE","u_dut/vwrite_cmd_bank_mask_q_reg","u_dut/gen_tmp_banks[3].u_kernel_tmp_bank/mem_reg_512_575_14_15/RAMB","RAMD64E","u_dut/gen_tmp_banks.u_kernel_tmp_bank/mem_reg_512_575_14_15/RAMB","2","0.327000000","1.368000000","1.695000000","0.807079646","SLICE_X94Y75","SLICE_X82Y79","","","SIGNATURE_SKIPPED|FDCE|RAMD64E","SIGNATURE_SKIPPED|FDCE|RAMD64E","DUT_INTERNAL","u_dut/vwrite_cmd_bank_mask_q_reg","u_dut/temp_bank","0.047000000"
"u_dut/gen_tmp_banks[3].u_kernel_tmp_bank/mem_reg_512_575_14_15/RAMC/WE","u_dut/vwrite_cmd_bank_mask_q_reg[3]/C","-0.047000000","clk","clk","clk","u_dut/vwrite_cmd_bank_mask_q_reg[3]","FDCE","u_dut/vwrite_cmd_bank_mask_q_reg","u_dut/gen_tmp_banks[3].u_kernel_tmp_bank/mem_reg_512_575_14_15/RAMC","RAMD64E","u_dut/gen_tmp_banks.u_kernel_tmp_bank/mem_reg_512_575_14_15/RAMC","2","0.327000000","1.368000000","1.695000000","0.807079646","SLICE_X94Y75","SLICE_X82Y79","","","SIGNATURE_SKIPPED|FDCE|RAMD64E","SIGNATURE_SKIPPED|FDCE|RAMD64E","DUT_INTERNAL","u_dut/vwrite_cmd_bank_mask_q_reg","u_dut/temp_bank","0.047000000"
"u_dut/gen_tmp_banks[3].u_kernel_tmp_bank/mem_reg_512_575_14_15/RAMD/WE","u_dut/vwrite_cmd_bank_mask_q_reg[3]/C","-0.047000000","clk","clk","clk","u_dut/vwrite_cmd_bank_mask_q_reg[3]","FDCE","u_dut/vwrite_cmd_bank_mask_q_reg","u_dut/gen_tmp_banks[3].u_kernel_tmp_bank/mem_reg_512_575_14_15/RAMD","RAMD64E","u_dut/gen_tmp_banks.u_kernel_tmp_bank/mem_reg_512_575_14_15/RAMD","2","0.327000000","1.368000000","1.695000000","0.807079646","SLICE_X94Y75","SLICE_X82Y79","","","SIGNATURE_SKIPPED|FDCE|RAMD64E","SIGNATURE_SKIPPED|FDCE|RAMD64E","DUT_INTERNAL","u_dut/vwrite_cmd_bank_mask_q_reg","u_dut/temp_bank","0.047000000"
"u_dut/gen_tmp_banks[3].u_kernel_tmp_bank/mem_reg_64_127_7_13/RAMA/WE","u_dut/vwrite_cmd_bank_mask_q_reg[3]/C","-0.004000000","clk","clk","clk","u_dut/vwrite_cmd_bank_mask_q_reg[3]","FDCE","u_dut/vwrite_cmd_bank_mask_q_reg","u_dut/gen_tmp_banks[3].u_kernel_tmp_bank/mem_reg_64_127_7_13/RAMA","RAMD64E","u_dut/gen_tmp_banks.u_kernel_tmp_bank/mem_reg_64_127_7_13/RAMA","2","0.240000000","1.379000000","1.619000000","0.851760346","SLICE_X94Y75","SLICE_X89Y53","","","SIGNATURE_SKIPPED|FDCE|RAMD64E","SIGNATURE_SKIPPED|FDCE|RAMD64E","DUT_INTERNAL","u_dut/vwrite_cmd_bank_mask_q_reg","u_dut/temp_bank","0.004000000"
"u_dut/gen_tmp_banks[3].u_kernel_tmp_bank/mem_reg_64_127_7_13/RAMB/WE","u_dut/vwrite_cmd_bank_mask_q_reg[3]/C","-0.004000000","clk","clk","clk","u_dut/vwrite_cmd_bank_mask_q_reg[3]","FDCE","u_dut/vwrite_cmd_bank_mask_q_reg","u_dut/gen_tmp_banks[3].u_kernel_tmp_bank/mem_reg_64_127_7_13/RAMB","RAMD64E","u_dut/gen_tmp_banks.u_kernel_tmp_bank/mem_reg_64_127_7_13/RAMB","2","0.240000000","1.379000000","1.619000000","0.851760346","SLICE_X94Y75","SLICE_X89Y53","","","SIGNATURE_SKIPPED|FDCE|RAMD64E","SIGNATURE_SKIPPED|FDCE|RAMD64E","DUT_INTERNAL","u_dut/vwrite_cmd_bank_mask_q_reg","u_dut/temp_bank","0.004000000"
"u_dut/gen_tmp_banks[3].u_kernel_tmp_bank/mem_reg_64_127_7_13/RAMC/WE","u_dut/vwrite_cmd_bank_mask_q_reg[3]/C","-0.004000000","clk","clk","clk","u_dut/vwrite_cmd_bank_mask_q_reg[3]","FDCE","u_dut/vwrite_cmd_bank_mask_q_reg","u_dut/gen_tmp_banks[3].u_kernel_tmp_bank/mem_reg_64_127_7_13/RAMC","RAMD64E","u_dut/gen_tmp_banks.u_kernel_tmp_bank/mem_reg_64_127_7_13/RAMC","2","0.240000000","1.379000000","1.619000000","0.851760346","SLICE_X94Y75","SLICE_X89Y53","","","SIGNATURE_SKIPPED|FDCE|RAMD64E","SIGNATURE_SKIPPED|FDCE|RAMD64E","DUT_INTERNAL","u_dut/vwrite_cmd_bank_mask_q_reg","u_dut/temp_bank","0.004000000"
"u_dut/gen_tmp_banks[3].u_kernel_tmp_bank/mem_reg_64_127_7_13/RAMD/WE","u_dut/vwrite_cmd_bank_mask_q_reg[3]/C","-0.004000000","clk","clk","clk","u_dut/vwrite_cmd_bank_mask_q_reg[3]","FDCE","u_dut/vwrite_cmd_bank_mask_q_reg","u_dut/gen_tmp_banks[3].u_kernel_tmp_bank/mem_reg_64_127_7_13/RAMD","RAMD64E","u_dut/gen_tmp_banks.u_kernel_tmp_bank/mem_reg_64_127_7_13/RAMD","2","0.240000000","1.379000000","1.619000000","0.851760346","SLICE_X94Y75","SLICE_X89Y53","","","SIGNATURE_SKIPPED|FDCE|RAMD64E","SIGNATURE_SKIPPED|FDCE|RAMD64E","DUT_INTERNAL","u_dut/vwrite_cmd_bank_mask_q_reg","u_dut/temp_bank","0.004000000"
"u_dut/gen_tmp_banks[3].u_kernel_tmp_bank/mem_reg_64_127_7_13/RAME/WE","u_dut/vwrite_cmd_bank_mask_q_reg[3]/C","-0.004000000","clk","clk","clk","u_dut/vwrite_cmd_bank_mask_q_reg[3]","FDCE","u_dut/vwrite_cmd_bank_mask_q_reg","u_dut/gen_tmp_banks[3].u_kernel_tmp_bank/mem_reg_64_127_7_13/RAME","RAMD64E","u_dut/gen_tmp_banks.u_kernel_tmp_bank/mem_reg_64_127_7_13/RAME","2","0.240000000","1.379000000","1.619000000","0.851760346","SLICE_X94Y75","SLICE_X89Y53","","","SIGNATURE_SKIPPED|FDCE|RAMD64E","SIGNATURE_SKIPPED|FDCE|RAMD64E","DUT_INTERNAL","u_dut/vwrite_cmd_bank_mask_q_reg","u_dut/temp_bank","0.004000000"
"u_dut/gen_tmp_banks[3].u_kernel_tmp_bank/mem_reg_64_127_7_13/RAMF/WE","u_dut/vwrite_cmd_bank_mask_q_reg[3]/C","-0.004000000","clk","clk","clk","u_dut/vwrite_cmd_bank_mask_q_reg[3]","FDCE","u_dut/vwrite_cmd_bank_mask_q_reg","u_dut/gen_tmp_banks[3].u_kernel_tmp_bank/mem_reg_64_127_7_13/RAMF","RAMD64E","u_dut/gen_tmp_banks.u_kernel_tmp_bank/mem_reg_64_127_7_13/RAMF","2","0.240000000","1.379000000","1.619000000","0.851760346","SLICE_X94Y75","SLICE_X89Y53","","","SIGNATURE_SKIPPED|FDCE|RAMD64E","SIGNATURE_SKIPPED|FDCE|RAMD64E","DUT_INTERNAL","u_dut/vwrite_cmd_bank_mask_q_reg","u_dut/temp_bank","0.004000000"
"u_dut/gen_tmp_banks[3].u_kernel_tmp_bank/mem_reg_64_127_7_13/RAMG/WE","u_dut/vwrite_cmd_bank_mask_q_reg[3]/C","-0.004000000","clk","clk","clk","u_dut/vwrite_cmd_bank_mask_q_reg[3]","FDCE","u_dut/vwrite_cmd_bank_mask_q_reg","u_dut/gen_tmp_banks[3].u_kernel_tmp_bank/mem_reg_64_127_7_13/RAMG","RAMD64E","u_dut/gen_tmp_banks.u_kernel_tmp_bank/mem_reg_64_127_7_13/RAMG","2","0.240000000","1.379000000","1.619000000","0.851760346","SLICE_X94Y75","SLICE_X89Y53","","","SIGNATURE_SKIPPED|FDCE|RAMD64E","SIGNATURE_SKIPPED|FDCE|RAMD64E","DUT_INTERNAL","u_dut/vwrite_cmd_bank_mask_q_reg","u_dut/temp_bank","0.004000000"
"u_dut/gen_tmp_banks[3].u_kernel_tmp_bank/mem_reg_64_127_7_13/RAMH/WE","u_dut/vwrite_cmd_bank_mask_q_reg[3]/C","-0.004000000","clk","clk","clk","u_dut/vwrite_cmd_bank_mask_q_reg[3]","FDCE","u_dut/vwrite_cmd_bank_mask_q_reg","u_dut/gen_tmp_banks[3].u_kernel_tmp_bank/mem_reg_64_127_7_13/RAMH","RAMD64E","u_dut/gen_tmp_banks.u_kernel_tmp_bank/mem_reg_64_127_7_13/RAMH","2","0.240000000","1.379000000","1.619000000","0.851760346","SLICE_X94Y75","SLICE_X89Y53","","","SIGNATURE_SKIPPED|FDCE|RAMD64E","SIGNATURE_SKIPPED|FDCE|RAMD64E","DUT_INTERNAL","u_dut/vwrite_cmd_bank_mask_q_reg","u_dut/temp_bank","0.004000000"
"u_dut/kernel_ctx_active_size_q_reg[0]/D","u_dut/slot_state_reg[0][0]/C","-0.033000000","clk","clk","clk","u_dut/slot_state_reg[0][0]","FDCE","u_dut/slot_state_reg","u_dut/kernel_ctx_active_size_q_reg[0]","FDCE","u_dut/kernel_ctx_active_size_q_reg","5","0.554000000","1.318000000","1.872000000","0.704059829","SLICE_X73Y77","SLICE_X82Y78","","","SIGNATURE_SKIPPED|FDCE|FDCE","SIGNATURE_SKIPPED|FDCE|FDCE","DUT_INTERNAL","u_dut/slot_state_reg","u_dut/kernel_ctx_active_size_q_reg","0.033000000"
"u_dut/kernel_ctx_active_size_q_reg[4]/CE","u_dut/slot_state_reg[0][0]/C","-0.071000000","clk","clk","clk","u_dut/slot_state_reg[0][0]","FDCE","u_dut/slot_state_reg","u_dut/kernel_ctx_active_size_q_reg[4]","FDCE","u_dut/kernel_ctx_active_size_q_reg","3","0.420000000","1.414000000","1.834000000","0.770992366","SLICE_X73Y77","SLICE_X79Y81","","","SIGNATURE_SKIPPED|FDCE|FDCE","SIGNATURE_SKIPPED|FDCE|FDCE","DUT_INTERNAL","u_dut/slot_state_reg","u_dut/kernel_ctx_active_size_q_reg","0.071000000"
"u_dut/kernel_ctx_output_size_q_reg[3]/CE","u_dut/slot_state_reg[0][0]/C","-0.015000000","clk","clk","clk","u_dut/slot_state_reg[0][0]","FDCE","u_dut/slot_state_reg","u_dut/kernel_ctx_output_size_q_reg[3]","FDCE","u_dut/kernel_ctx_output_size_q_reg","3","0.420000000","1.335000000","1.755000000","0.760683761","SLICE_X73Y77","SLICE_X84Y78","","","SIGNATURE_SKIPPED|FDCE|FDCE","SIGNATURE_SKIPPED|FDCE|FDCE","DUT_INTERNAL","u_dut/slot_state_reg","u_dut/kernel_ctx_output_size_q_reg","0.015000000"
"u_dut/kernel_ctx_output_size_q_reg[4]/D","u_dut/slot_state_reg[0][0]/C","-0.089000000","clk","clk","clk","u_dut/slot_state_reg[0][0]","FDCE","u_dut/slot_state_reg","u_dut/kernel_ctx_output_size_q_reg[4]","FDCE","u_dut/kernel_ctx_output_size_q_reg","5","0.454000000","1.504000000","1.958000000","0.768130746","SLICE_X73Y77","SLICE_X85Y77","","","SIGNATURE_SKIPPED|FDCE|FDCE","SIGNATURE_SKIPPED|FDCE|FDCE","DUT_INTERNAL","u_dut/slot_state_reg","u_dut/kernel_ctx_output_size_q_reg","0.089000000"
"u_dut/kernel_ctx_output_size_q_reg[5]_replica/D","u_dut/slot_state_reg[0][0]/C","-0.015000000","clk","clk","clk","u_dut/slot_state_reg[0][0]","FDCE","u_dut/slot_state_reg","u_dut/kernel_ctx_output_size_q_reg[5]_replica","FDCE","u_dut/kernel_ctx_output_size_q_reg_replica","5","0.622000000","1.222000000","1.844000000","0.662689805","SLICE_X73Y77","SLICE_X84Y77","","","SIGNATURE_SKIPPED|FDCE|FDCE","SIGNATURE_SKIPPED|FDCE|FDCE","DUT_INTERNAL","u_dut/slot_state_reg","u_dut/kernel_ctx_output_size_q_reg_replica","0.015000000"
"u_dut/kernel_drain_group_q_reg[0]/CE","u_dut/slot_state_reg[0][0]/C","-0.106000000","clk","clk","clk","u_dut/slot_state_reg[0][0]","FDCE","u_dut/slot_state_reg","u_dut/kernel_drain_group_q_reg[0]","FDCE","u_dut/kernel_drain_group_q_reg","5","0.539000000","1.354000000","1.893000000","0.715266772","SLICE_X73Y77","SLICE_X85Y78","","","SIGNATURE_SKIPPED|FDCE|FDCE","SIGNATURE_SKIPPED|FDCE|FDCE","DUT_INTERNAL","u_dut/slot_state_reg","u_dut/kernel_drain_group_q_reg","0.106000000"
"u_dut/kernel_drain_group_q_reg[1]/CE","u_dut/slot_state_reg[0][0]/C","-0.106000000","clk","clk","clk","u_dut/slot_state_reg[0][0]","FDCE","u_dut/slot_state_reg","u_dut/kernel_drain_group_q_reg[1]","FDCE","u_dut/kernel_drain_group_q_reg","5","0.539000000","1.355000000","1.894000000","0.715417107","SLICE_X73Y77","SLICE_X84Y78","","","SIGNATURE_SKIPPED|FDCE|FDCE","SIGNATURE_SKIPPED|FDCE|FDCE","DUT_INTERNAL","u_dut/slot_state_reg","u_dut/kernel_drain_group_q_reg","0.106000000"
"u_dut/kernel_drain_group_q_reg[2]/CE","u_dut/slot_state_reg[0][0]/C","-0.106000000","clk","clk","clk","u_dut/slot_state_reg[0][0]","FDCE","u_dut/slot_state_reg","u_dut/kernel_drain_group_q_reg[2]","FDCE","u_dut/kernel_drain_group_q_reg","5","0.539000000","1.354000000","1.893000000","0.715266772","SLICE_X73Y77","SLICE_X84Y78","","","SIGNATURE_SKIPPED|FDCE|FDCE","SIGNATURE_SKIPPED|FDCE|FDCE","DUT_INTERNAL","u_dut/slot_state_reg","u_dut/kernel_drain_group_q_reg","0.106000000"
"u_dut/kernel_drain_group_q_reg[3]/CE","u_dut/slot_state_reg[0][0]/C","-0.106000000","clk","clk","clk","u_dut/slot_state_reg[0][0]","FDCE","u_dut/slot_state_reg","u_dut/kernel_drain_group_q_reg[3]","FDCE","u_dut/kernel_drain_group_q_reg","5","0.539000000","1.355000000","1.894000000","0.715417107","SLICE_X73Y77","SLICE_X84Y78","","","SIGNATURE_SKIPPED|FDCE|FDCE","SIGNATURE_SKIPPED|FDCE|FDCE","DUT_INTERNAL","u_dut/slot_state_reg","u_dut/kernel_drain_group_q_reg","0.106000000"
"u_dut/kernel_drain_group_q_reg[4]/CE","u_dut/slot_state_reg[0][0]/C","-0.106000000","clk","clk","clk","u_dut/slot_state_reg[0][0]","FDCE","u_dut/slot_state_reg","u_dut/kernel_drain_group_q_reg[4]","FDCE","u_dut/kernel_drain_group_q_reg","5","0.539000000","1.354000000","1.893000000","0.715266772","SLICE_X73Y77","SLICE_X85Y78","","","SIGNATURE_SKIPPED|FDCE|FDCE","SIGNATURE_SKIPPED|FDCE|FDCE","DUT_INTERNAL","u_dut/slot_state_reg","u_dut/kernel_drain_group_q_reg","0.106000000"
"u_dut/kernel_feed_group_q_reg[0]/CE","u_dut/slot_state_reg[0][0]/C","-0.054000000","clk","clk","clk","u_dut/slot_state_reg[0][0]","FDCE","u_dut/slot_state_reg","u_dut/kernel_feed_group_q_reg[0]","FDCE","u_dut/kernel_feed_group_q_reg","5","0.491000000","1.322000000","1.813000000","0.729178158","SLICE_X73Y77","SLICE_X82Y70","","","SIGNATURE_SKIPPED|FDCE|FDCE","SIGNATURE_SKIPPED|FDCE|FDCE","DUT_INTERNAL","u_dut/slot_state_reg","u_dut/kernel_feed_group_q_reg","0.054000000"
"u_dut/kernel_feed_group_q_reg[0]/D","u_dut/u_unified_p4_kernel/slot_state_q_reg[2][1]/C","-0.076000000","clk","clk","clk","u_dut/u_unified_p4_kernel/slot_state_q_reg[2][1]","FDCE","u_dut/u_unified_p4_kernel/slot_state_q_reg","u_dut/kernel_feed_group_q_reg[0]","FDCE","u_dut/kernel_feed_group_q_reg","6","0.592000000","1.400000000","1.992000000","0.702811245","SLICE_X84Y76","SLICE_X82Y70","","","SIGNATURE_SKIPPED|FDCE|FDCE","SIGNATURE_SKIPPED|FDCE|FDCE","DUT_INTERNAL","u_dut/u_unified_p4_kernel/slot_state_q_reg","u_dut/kernel_feed_group_q_reg","0.076000000"
"u_dut/kernel_feed_group_q_reg[1]/CE","u_dut/slot_state_reg[0][0]/C","-0.054000000","clk","clk","clk","u_dut/slot_state_reg[0][0]","FDCE","u_dut/slot_state_reg","u_dut/kernel_feed_group_q_reg[1]","FDCE","u_dut/kernel_feed_group_q_reg","5","0.491000000","1.308000000","1.799000000","0.727070595","SLICE_X73Y77","SLICE_X87Y70","","","SIGNATURE_SKIPPED|FDCE|FDCE","SIGNATURE_SKIPPED|FDCE|FDCE","DUT_INTERNAL","u_dut/slot_state_reg","u_dut/kernel_feed_group_q_reg","0.054000000"
"u_dut/kernel_feed_group_q_reg[2]/CE","u_dut/slot_state_reg[0][0]/C","-0.054000000","clk","clk","clk","u_dut/slot_state_reg[0][0]","FDCE","u_dut/slot_state_reg","u_dut/kernel_feed_group_q_reg[2]","FDCE","u_dut/kernel_feed_group_q_reg","5","0.491000000","1.309000000","1.800000000","0.727222222","SLICE_X73Y77","SLICE_X87Y70","","","SIGNATURE_SKIPPED|FDCE|FDCE","SIGNATURE_SKIPPED|FDCE|FDCE","DUT_INTERNAL","u_dut/slot_state_reg","u_dut/kernel_feed_group_q_reg","0.054000000"
"u_dut/kernel_feed_group_q_reg[2]/D","u_dut/u_unified_p4_kernel/slot_state_q_reg[2][1]/C","-0.054000000","clk","clk","clk","u_dut/u_unified_p4_kernel/slot_state_q_reg[2][1]","FDCE","u_dut/u_unified_p4_kernel/slot_state_q_reg","u_dut/kernel_feed_group_q_reg[2]","FDCE","u_dut/kernel_feed_group_q_reg","7","0.751000000","1.205000000","1.956000000","0.616053170","SLICE_X84Y76","SLICE_X87Y70","","","SIGNATURE_SKIPPED|FDCE|FDCE","SIGNATURE_SKIPPED|FDCE|FDCE","DUT_INTERNAL","u_dut/u_unified_p4_kernel/slot_state_q_reg","u_dut/kernel_feed_group_q_reg","0.054000000"
"u_dut/kernel_feed_group_q_reg[3]/CE","u_dut/slot_state_reg[0][0]/C","-0.079000000","clk","clk","clk","u_dut/slot_state_reg[0][0]","FDCE","u_dut/slot_state_reg","u_dut/kernel_feed_group_q_reg[3]","FDCE","u_dut/kernel_feed_group_q_reg","5","0.491000000","1.342000000","1.833000000","0.732133115","SLICE_X73Y77","SLICE_X85Y70","","","SIGNATURE_SKIPPED|FDCE|FDCE","SIGNATURE_SKIPPED|FDCE|FDCE","DUT_INTERNAL","u_dut/slot_state_reg","u_dut/kernel_feed_group_q_reg","0.079000000"
"u_dut/kernel_feed_group_q_reg[3]_replica/CE","u_dut/slot_state_reg[0][0]/C","-0.079000000","clk","clk","clk","u_dut/slot_state_reg[0][0]","FDCE","u_dut/slot_state_reg","u_dut/kernel_feed_group_q_reg[3]_replica","FDCE","u_dut/kernel_feed_group_q_reg_replica","5","0.491000000","1.342000000","1.833000000","0.732133115","SLICE_X73Y77","SLICE_X85Y70","","","SIGNATURE_SKIPPED|FDCE|FDCE","SIGNATURE_SKIPPED|FDCE|FDCE","DUT_INTERNAL","u_dut/slot_state_reg","u_dut/kernel_feed_group_q_reg_replica","0.079000000"
"u_dut/kernel_feed_group_q_reg[4]/CE","u_dut/slot_state_reg[0][0]/C","-0.054000000","clk","clk","clk","u_dut/slot_state_reg[0][0]","FDCE","u_dut/slot_state_reg","u_dut/kernel_feed_group_q_reg[4]","FDCE","u_dut/kernel_feed_group_q_reg","5","0.491000000","1.308000000","1.799000000","0.727070595","SLICE_X73Y77","SLICE_X87Y70","","","SIGNATURE_SKIPPED|FDCE|FDCE","SIGNATURE_SKIPPED|FDCE|FDCE","DUT_INTERNAL","u_dut/slot_state_reg","u_dut/kernel_feed_group_q_reg","0.054000000"
"u_dut/kernel_h_groups_left_q_reg[0]/D","u_dut/slot_state_reg[0][0]/C","-0.041000000","clk","clk","clk","u_dut/slot_state_reg[0][0]","FDCE","u_dut/slot_state_reg","u_dut/kernel_h_groups_left_q_reg[0]","FDCE","u_dut/kernel_h_groups_left_q_reg","5","0.469000000","1.393000000","1.862000000","0.748120301","SLICE_X73Y77","SLICE_X83Y81","","","SIGNATURE_SKIPPED|FDCE|FDCE","SIGNATURE_SKIPPED|FDCE|FDCE","DUT_INTERNAL","u_dut/slot_state_reg","u_dut/kernel_h_groups_left_q_reg","0.041000000"
"u_dut/kernel_h_groups_left_q_reg[2]/D","u_dut/slot_state_reg[0][0]/C","-0.068000000","clk","clk","clk","u_dut/slot_state_reg[0][0]","FDCE","u_dut/slot_state_reg","u_dut/kernel_h_groups_left_q_reg[2]","FDCE","u_dut/kernel_h_groups_left_q_reg","5","0.539000000","1.352000000","1.891000000","0.714965627","SLICE_X73Y77","SLICE_X80Y80","","","SIGNATURE_SKIPPED|FDCE|FDCE","SIGNATURE_SKIPPED|FDCE|FDCE","DUT_INTERNAL","u_dut/slot_state_reg","u_dut/kernel_h_groups_left_q_reg","0.068000000"
"u_dut/kernel_h_groups_left_q_reg[3]/D","u_dut/slot_state_reg[0][0]/C","-0.032000000","clk","clk","clk","u_dut/slot_state_reg[0][0]","FDCE","u_dut/slot_state_reg","u_dut/kernel_h_groups_left_q_reg[3]","FDCE","u_dut/kernel_h_groups_left_q_reg","5","0.553000000","1.301000000","1.854000000","0.701725998","SLICE_X73Y77","SLICE_X80Y81","","","SIGNATURE_SKIPPED|FDCE|FDCE","SIGNATURE_SKIPPED|FDCE|FDCE","DUT_INTERNAL","u_dut/slot_state_reg","u_dut/kernel_h_groups_left_q_reg","0.032000000"
"u_dut/kernel_h_input_commit_wait_q_reg/D","u_dut/kernel_vector_q_reg[2]/C","-0.007000000","clk","clk","clk","u_dut/kernel_vector_q_reg[2]","FDCE","u_dut/kernel_vector_q_reg","u_dut/kernel_h_input_commit_wait_q_reg","FDCE","u_dut/kernel_h_input_commit_wait_q_reg","5","0.472000000","1.440000000","1.912000000","0.753138075","SLICE_X76Y92","SLICE_X85Y70","","","SIGNATURE_SKIPPED|FDCE|FDCE","SIGNATURE_SKIPPED|FDCE|FDCE","DUT_INTERNAL","u_dut/kernel_vector_q_reg","u_dut/kernel_h_input_commit_wait_q_reg","0.007000000"
"u_dut/kernel_h_rd_data_q_reg[10]/D","u_dut/kernel_h_rd_addr_q_reg[0][4]/C","-0.021000000","clk","clk","clk","u_dut/kernel_h_rd_addr_q_reg[0][4]","FDCE","u_dut/kernel_h_rd_addr_q_reg","u_dut/kernel_h_rd_data_q_reg[10]","FDCE","u_dut/kernel_h_rd_data_q_reg","5","0.307000000","1.596000000","1.903000000","0.838675775","SLICE_X86Y80","SLICE_X85Y64","","","SIGNATURE_SKIPPED|FDCE|FDCE","SIGNATURE_SKIPPED|FDCE|FDCE","DUT_INTERNAL","u_dut/kernel_h_rd_addr_q_reg","u_dut/kernel_h_rd_data_q_reg","0.021000000"
"u_dut/kernel_h_rd_data_q_reg[11]/CE","u_dut/u_unified_p4_kernel/slot_state_q_reg[2][1]/C","-0.041000000","clk","clk","clk","u_dut/u_unified_p4_kernel/slot_state_q_reg[2][1]","FDCE","u_dut/u_unified_p4_kernel/slot_state_q_reg","u_dut/kernel_h_rd_data_q_reg[11]","FDCE","u_dut/kernel_h_rd_data_q_reg","5","0.613000000","1.209000000","1.822000000","0.663556531","SLICE_X84Y76","SLICE_X85Y50","","","SIGNATURE_SKIPPED|FDCE|FDCE","SIGNATURE_SKIPPED|FDCE|FDCE","DUT_INTERNAL","u_dut/u_unified_p4_kernel/slot_state_q_reg","u_dut/kernel_h_rd_data_q_reg","0.041000000"
"u_dut/kernel_h_rd_data_q_reg[11]/D","u_dut/kernel_h_rd_addr_q_reg[0][2]/C","-0.048000000","clk","clk","clk","u_dut/kernel_h_rd_addr_q_reg[0][2]","FDCE","u_dut/kernel_h_rd_addr_q_reg","u_dut/kernel_h_rd_data_q_reg[11]","FDCE","u_dut/kernel_h_rd_data_q_reg","5","0.394000000","1.523000000","1.917000000","0.794470527","SLICE_X88Y77","SLICE_X85Y50","","","SIGNATURE_SKIPPED|FDCE|FDCE","SIGNATURE_SKIPPED|FDCE|FDCE","DUT_INTERNAL","u_dut/kernel_h_rd_addr_q_reg","u_dut/kernel_h_rd_data_q_reg","0.048000000"
"u_dut/kernel_h_rd_data_q_reg[12]/D","u_dut/kernel_h_rd_addr_q_reg[0][1]/C","-0.105000000","clk","clk","clk","u_dut/kernel_h_rd_addr_q_reg[0][1]","FDCE","u_dut/kernel_h_rd_addr_q_reg","u_dut/kernel_h_rd_data_q_reg[12]","FDCE","u_dut/kernel_h_rd_data_q_reg","5","0.563000000","1.423000000","1.986000000","0.716515609","SLICE_X85Y84","SLICE_X85Y51","","","SIGNATURE_SKIPPED|FDCE|FDCE","SIGNATURE_SKIPPED|FDCE|FDCE","DUT_INTERNAL","u_dut/kernel_h_rd_addr_q_reg","u_dut/kernel_h_rd_data_q_reg","0.105000000"
"u_dut/kernel_h_rd_data_q_reg[13]/CE","u_dut/u_unified_p4_kernel/slot_state_q_reg[2][1]/C","-0.041000000","clk","clk","clk","u_dut/u_unified_p4_kernel/slot_state_q_reg[2][1]","FDCE","u_dut/u_unified_p4_kernel/slot_state_q_reg","u_dut/kernel_h_rd_data_q_reg[13]","FDCE","u_dut/kernel_h_rd_data_q_reg","5","0.613000000","1.209000000","1.822000000","0.663556531","SLICE_X84Y76","SLICE_X85Y50","","","SIGNATURE_SKIPPED|FDCE|FDCE","SIGNATURE_SKIPPED|FDCE|FDCE","DUT_INTERNAL","u_dut/u_unified_p4_kernel/slot_state_q_reg","u_dut/kernel_h_rd_data_q_reg","0.041000000"
"u_dut/kernel_h_rd_data_q_reg[13]/D","u_dut/kernel_h_rd_addr_q_reg[0][1]/C","-0.024000000","clk","clk","clk","u_dut/kernel_h_rd_addr_q_reg[0][1]","FDCE","u_dut/kernel_h_rd_addr_q_reg","u_dut/kernel_h_rd_data_q_reg[13]","FDCE","u_dut/kernel_h_rd_data_q_reg","5","0.480000000","1.415000000","1.895000000","0.746701847","SLICE_X85Y84","SLICE_X85Y50","","","SIGNATURE_SKIPPED|FDCE|FDCE","SIGNATURE_SKIPPED|FDCE|FDCE","DUT_INTERNAL","u_dut/kernel_h_rd_addr_q_reg","u_dut/kernel_h_rd_data_q_reg","0.024000000"
"u_dut/kernel_h_rd_data_q_reg[14]/D","u_dut/kernel_h_rd_addr_q_reg[0][2]/C","-0.050000000","clk","clk","clk","u_dut/kernel_h_rd_addr_q_reg[0][2]","FDCE","u_dut/kernel_h_rd_addr_q_reg","u_dut/kernel_h_rd_data_q_reg[14]","FDCE","u_dut/kernel_h_rd_data_q_reg","5","0.454000000","1.476000000","1.930000000","0.764766839","SLICE_X88Y77","SLICE_X84Y55","","","SIGNATURE_SKIPPED|FDCE|FDCE","SIGNATURE_SKIPPED|FDCE|FDCE","DUT_INTERNAL","u_dut/kernel_h_rd_addr_q_reg","u_dut/kernel_h_rd_data_q_reg","0.050000000"
"u_dut/kernel_h_rd_data_q_reg[15]/CE","u_dut/u_unified_p4_kernel/slot_state_q_reg[2][1]/C","-0.011000000","clk","clk","clk","u_dut/u_unified_p4_kernel/slot_state_q_reg[2][1]","FDCE","u_dut/u_unified_p4_kernel/slot_state_q_reg","u_dut/kernel_h_rd_data_q_reg[15]","FDCE","u_dut/kernel_h_rd_data_q_reg","5","0.613000000","1.193000000","1.806000000","0.660575858","SLICE_X84Y76","SLICE_X84Y54","","","SIGNATURE_SKIPPED|FDCE|FDCE","SIGNATURE_SKIPPED|FDCE|FDCE","DUT_INTERNAL","u_dut/u_unified_p4_kernel/slot_state_q_reg","u_dut/kernel_h_rd_data_q_reg","0.011000000"
"u_dut/kernel_h_rd_data_q_reg[15]/D","u_dut/kernel_h_rd_addr_q_reg[0][2]/C","-0.025000000","clk","clk","clk","u_dut/kernel_h_rd_addr_q_reg[0][2]","FDCE","u_dut/kernel_h_rd_addr_q_reg","u_dut/kernel_h_rd_data_q_reg[15]","FDCE","u_dut/kernel_h_rd_data_q_reg","5","0.435000000","1.472000000","1.907000000","0.771893026","SLICE_X88Y77","SLICE_X84Y54","","","SIGNATURE_SKIPPED|FDCE|FDCE","SIGNATURE_SKIPPED|FDCE|FDCE","DUT_INTERNAL","u_dut/kernel_h_rd_addr_q_reg","u_dut/kernel_h_rd_data_q_reg","0.025000000"
"u_dut/kernel_h_rd_data_q_reg[16]/D","u_dut/kernel_h_rd_addr_q_reg[1][5]/C","-0.026000000","clk","clk","clk","u_dut/kernel_h_rd_addr_q_reg[1][5]","FDCE","u_dut/kernel_h_rd_addr_q_reg","u_dut/kernel_h_rd_data_q_reg[16]","FDCE","u_dut/kernel_h_rd_data_q_reg","5","0.271000000","1.601000000","1.872000000","0.855235043","SLICE_X87Y80","SLICE_X87Y59","","","SIGNATURE_SKIPPED|FDCE|FDCE","SIGNATURE_SKIPPED|FDCE|FDCE","DUT_INTERNAL","u_dut/kernel_h_rd_addr_q_reg","u_dut/kernel_h_rd_data_q_reg","0.026000000"
"u_dut/kernel_h_rd_data_q_reg[17]/D","u_dut/kernel_h_rd_addr_q_reg[1][5]/C","-0.116000000","clk","clk","clk","u_dut/kernel_h_rd_addr_q_reg[1][5]","FDCE","u_dut/kernel_h_rd_addr_q_reg","u_dut/kernel_h_rd_data_q_reg[17]","FDCE","u_dut/kernel_h_rd_data_q_reg","5","0.411000000","1.558000000","1.969000000","0.791264601","SLICE_X87Y80","SLICE_X85Y56","","","SIGNATURE_SKIPPED|FDCE|FDCE","SIGNATURE_SKIPPED|FDCE|FDCE","DUT_INTERNAL","u_dut/kernel_h_rd_addr_q_reg","u_dut/kernel_h_rd_data_q_reg","0.116000000"
"u_dut/kernel_h_rd_data_q_reg[18]/D","u_dut/kernel_h_rd_addr_q_reg[1][5]/C","-0.049000000","clk","clk","clk","u_dut/kernel_h_rd_addr_q_reg[1][5]","FDCE","u_dut/kernel_h_rd_addr_q_reg","u_dut/kernel_h_rd_data_q_reg[18]","FDCE","u_dut/kernel_h_rd_data_q_reg","5","0.402000000","1.499000000","1.901000000","0.788532351","SLICE_X87Y80","SLICE_X85Y59","","","SIGNATURE_SKIPPED|FDCE|FDCE","SIGNATURE_SKIPPED|FDCE|FDCE","DUT_INTERNAL","u_dut/kernel_h_rd_addr_q_reg","u_dut/kernel_h_rd_data_q_reg","0.049000000"
"u_dut/kernel_h_rd_data_q_reg[19]/D","u_dut/kernel_h_rd_addr_q_reg[1][5]/C","-0.033000000","clk","clk","clk","u_dut/kernel_h_rd_addr_q_reg[1][5]","FDCE","u_dut/kernel_h_rd_addr_q_reg","u_dut/kernel_h_rd_data_q_reg[19]","FDCE","u_dut/kernel_h_rd_data_q_reg","5","0.445000000","1.434000000","1.879000000","0.763171900","SLICE_X87Y80","SLICE_X87Y59","","","SIGNATURE_SKIPPED|FDCE|FDCE","SIGNATURE_SKIPPED|FDCE|FDCE","DUT_INTERNAL","u_dut/kernel_h_rd_addr_q_reg","u_dut/kernel_h_rd_data_q_reg","0.033000000"
"u_dut/kernel_h_rd_data_q_reg[1]/D","u_dut/kernel_h_rd_addr_q_reg[0][0]/C","-0.106000000","clk","clk","clk","u_dut/kernel_h_rd_addr_q_reg[0][0]","FDCE","u_dut/kernel_h_rd_addr_q_reg","u_dut/kernel_h_rd_data_q_reg[1]","FDCE","u_dut/kernel_h_rd_data_q_reg","5","0.493000000","1.493000000","1.986000000","0.751762336","SLICE_X88Y65","SLICE_X84Y57","","","SIGNATURE_SKIPPED|FDCE|FDCE","SIGNATURE_SKIPPED|FDCE|FDCE","DUT_INTERNAL","u_dut/kernel_h_rd_addr_q_reg","u_dut/kernel_h_rd_data_q_reg","0.106000000"
"u_dut/kernel_h_rd_data_q_reg[20]/D","u_dut/kernel_h_rd_addr_q_reg[1][2]/C","-0.096000000","clk","clk","clk","u_dut/kernel_h_rd_addr_q_reg[1][2]","FDCE","u_dut/kernel_h_rd_addr_q_reg","u_dut/kernel_h_rd_data_q_reg[20]","FDCE","u_dut/kernel_h_rd_data_q_reg","5","0.434000000","1.466000000","1.900000000","0.771578947","SLICE_X91Y64","SLICE_X85Y59","","","SIGNATURE_SKIPPED|FDCE|FDCE","SIGNATURE_SKIPPED|FDCE|FDCE","DUT_INTERNAL","u_dut/kernel_h_rd_addr_q_reg","u_dut/kernel_h_rd_data_q_reg","0.096000000"
"u_dut/kernel_h_rd_data_q_reg[23]/D","u_dut/kernel_h_rd_addr_q_reg[1][5]/C","-0.053000000","clk","clk","clk","u_dut/kernel_h_rd_addr_q_reg[1][5]","FDCE","u_dut/kernel_h_rd_addr_q_reg","u_dut/kernel_h_rd_data_q_reg[23]","FDCE","u_dut/kernel_h_rd_data_q_reg","5","0.442000000","1.463000000","1.905000000","0.767979003","SLICE_X87Y80","SLICE_X85Y54","","","SIGNATURE_SKIPPED|FDCE|FDCE","SIGNATURE_SKIPPED|FDCE|FDCE","DUT_INTERNAL","u_dut/kernel_h_rd_addr_q_reg","u_dut/kernel_h_rd_data_q_reg","0.053000000"
"u_dut/kernel_h_rd_data_q_reg[24]/D","u_dut/kernel_h_rd_addr_q_reg[1][5]/C","-0.027000000","clk","clk","clk","u_dut/kernel_h_rd_addr_q_reg[1][5]","FDCE","u_dut/kernel_h_rd_addr_q_reg","u_dut/kernel_h_rd_data_q_reg[24]","FDCE","u_dut/kernel_h_rd_data_q_reg","5","0.380000000","1.499000000","1.879000000","0.797764768","SLICE_X87Y80","SLICE_X85Y54","","","SIGNATURE_SKIPPED|FDCE|FDCE","SIGNATURE_SKIPPED|FDCE|FDCE","DUT_INTERNAL","u_dut/kernel_h_rd_addr_q_reg","u_dut/kernel_h_rd_data_q_reg","0.027000000"
"u_dut/kernel_h_rd_data_q_reg[25]/D","u_dut/kernel_h_rd_addr_q_reg[1][2]/C","-0.117000000","clk","clk","clk","u_dut/kernel_h_rd_addr_q_reg[1][2]","FDCE","u_dut/kernel_h_rd_addr_q_reg","u_dut/kernel_h_rd_data_q_reg[25]","FDCE","u_dut/kernel_h_rd_data_q_reg","5","0.529000000","1.394000000","1.923000000","0.724908996","SLICE_X91Y64","SLICE_X85Y56","","","SIGNATURE_SKIPPED|FDCE|FDCE","SIGNATURE_SKIPPED|FDCE|FDCE","DUT_INTERNAL","u_dut/kernel_h_rd_addr_q_reg","u_dut/kernel_h_rd_data_q_reg","0.117000000"
"u_dut/kernel_h_rd_data_q_reg[27]/D","u_dut/kernel_h_rd_addr_q_reg[1][4]/C","-0.044000000","clk","clk","clk","u_dut/kernel_h_rd_addr_q_reg[1][4]","FDCE","u_dut/kernel_h_rd_addr_q_reg","u_dut/kernel_h_rd_data_q_reg[27]","FDCE","u_dut/kernel_h_rd_data_q_reg","5","0.345000000","1.568000000","1.913000000","0.819654992","SLICE_X87Y78","SLICE_X87Y58","","","SIGNATURE_SKIPPED|FDCE|FDCE","SIGNATURE_SKIPPED|FDCE|FDCE","DUT_INTERNAL","u_dut/kernel_h_rd_addr_q_reg","u_dut/kernel_h_rd_data_q_reg","0.044000000"
"u_dut/kernel_h_rd_data_q_reg[28]/D","u_dut/kernel_h_rd_addr_q_reg[1][4]/C","-0.021000000","clk","clk","clk","u_dut/kernel_h_rd_addr_q_reg[1][4]","FDCE","u_dut/kernel_h_rd_addr_q_reg","u_dut/kernel_h_rd_data_q_reg[28]","FDCE","u_dut/kernel_h_rd_data_q_reg","5","0.412000000","1.482000000","1.894000000","0.782470961","SLICE_X87Y78","SLICE_X85Y58","","","SIGNATURE_SKIPPED|FDCE|FDCE","SIGNATURE_SKIPPED|FDCE|FDCE","DUT_INTERNAL","u_dut/kernel_h_rd_addr_q_reg","u_dut/kernel_h_rd_data_q_reg","0.021000000"
"u_dut/kernel_h_rd_data_q_reg[29]/D","u_dut/kernel_h_rd_addr_q_reg[1][4]/C","-0.064000000","clk","clk","clk","u_dut/kernel_h_rd_addr_q_reg[1][4]","FDCE","u_dut/kernel_h_rd_addr_q_reg","u_dut/kernel_h_rd_data_q_reg[29]","FDCE","u_dut/kernel_h_rd_data_q_reg","5","0.315000000","1.618000000","1.933000000","0.837040869","SLICE_X87Y78","SLICE_X87Y58","","","SIGNATURE_SKIPPED|FDCE|FDCE","SIGNATURE_SKIPPED|FDCE|FDCE","DUT_INTERNAL","u_dut/kernel_h_rd_addr_q_reg","u_dut/kernel_h_rd_data_q_reg","0.064000000"
"u_dut/kernel_h_rd_data_q_reg[30]/D","u_dut/kernel_h_rd_addr_q_reg[1][4]/C","-0.073000000","clk","clk","clk","u_dut/kernel_h_rd_addr_q_reg[1][4]","FDCE","u_dut/kernel_h_rd_addr_q_reg","u_dut/kernel_h_rd_data_q_reg[30]","FDCE","u_dut/kernel_h_rd_data_q_reg","5","0.406000000","1.534000000","1.940000000","0.790721649","SLICE_X87Y78","SLICE_X84Y53","","","SIGNATURE_SKIPPED|FDCE|FDCE","SIGNATURE_SKIPPED|FDCE|FDCE","DUT_INTERNAL","u_dut/kernel_h_rd_addr_q_reg","u_dut/kernel_h_rd_data_q_reg","0.073000000"
"u_dut/kernel_h_rd_data_q_reg[31]/D","u_dut/kernel_h_rd_addr_q_reg[1][4]/C","-0.020000000","clk","clk","clk","u_dut/kernel_h_rd_addr_q_reg[1][4]","FDCE","u_dut/kernel_h_rd_addr_q_reg","u_dut/kernel_h_rd_data_q_reg[31]","FDCE","u_dut/kernel_h_rd_data_q_reg","5","0.419000000","1.473000000","1.892000000","0.778541226","SLICE_X87Y78","SLICE_X85Y51","","","SIGNATURE_SKIPPED|FDCE|FDCE","SIGNATURE_SKIPPED|FDCE|FDCE","DUT_INTERNAL","u_dut/kernel_h_rd_addr_q_reg","u_dut/kernel_h_rd_data_q_reg","0.020000000"
"u_dut/kernel_h_rd_data_q_reg[32]/D","u_dut/kernel_h_rd_addr_q_reg[2][0]/C","-0.033000000","clk","clk","clk","u_dut/kernel_h_rd_addr_q_reg[2][0]","FDCE","u_dut/kernel_h_rd_addr_q_reg","u_dut/kernel_h_rd_data_q_reg[32]","FDCE","u_dut/kernel_h_rd_data_q_reg","5","0.557000000","1.348000000","1.905000000","0.707611549","SLICE_X88Y64","SLICE_X84Y58","","","SIGNATURE_SKIPPED|FDCE|FDCE","SIGNATURE_SKIPPED|FDCE|FDCE","DUT_INTERNAL","u_dut/kernel_h_rd_addr_q_reg","u_dut/kernel_h_rd_data_q_reg","0.033000000"
"u_dut/kernel_h_rd_data_q_reg[33]/D","u_dut/kernel_h_rd_addr_q_reg[2][4]/C","-0.100000000","clk","clk","clk","u_dut/kernel_h_rd_addr_q_reg[2][4]","FDCE","u_dut/kernel_h_rd_addr_q_reg","u_dut/kernel_h_rd_data_q_reg[33]","FDCE","u_dut/kernel_h_rd_data_q_reg","5","0.362000000","1.526000000","1.888000000","0.808262712","SLICE_X91Y74","SLICE_X83Y59","","","SIGNATURE_SKIPPED|FDCE|FDCE","SIGNATURE_SKIPPED|FDCE|FDCE","DUT_INTERNAL","u_dut/kernel_h_rd_addr_q_reg","u_dut/kernel_h_rd_data_q_reg","0.100000000"
"u_dut/kernel_h_rd_data_q_reg[35]/D","u_dut/kernel_h_rd_addr_q_reg[2][5]/C","-0.100000000","clk","clk","clk","u_dut/kernel_h_rd_addr_q_reg[2][5]","FDCE","u_dut/kernel_h_rd_addr_q_reg","u_dut/kernel_h_rd_data_q_reg[35]","FDCE","u_dut/kernel_h_rd_data_q_reg","5","0.375000000","1.595000000","1.970000000","0.809644670","SLICE_X87Y79","SLICE_X84Y57","","","SIGNATURE_SKIPPED|FDCE|FDCE","SIGNATURE_SKIPPED|FDCE|FDCE","DUT_INTERNAL","u_dut/kernel_h_rd_addr_q_reg","u_dut/kernel_h_rd_data_q_reg","0.100000000"
"u_dut/kernel_h_rd_data_q_reg[36]/D","u_dut/kernel_h_rd_addr_q_reg[2][0]/C","-0.059000000","clk","clk","clk","u_dut/kernel_h_rd_addr_q_reg[2][0]","FDCE","u_dut/kernel_h_rd_addr_q_reg","u_dut/kernel_h_rd_data_q_reg[36]","FDCE","u_dut/kernel_h_rd_data_q_reg","5","0.396000000","1.535000000","1.931000000","0.794924909","SLICE_X88Y64","SLICE_X85Y58","","","SIGNATURE_SKIPPED|FDCE|FDCE","SIGNATURE_SKIPPED|FDCE|FDCE","DUT_INTERNAL","u_dut/kernel_h_rd_addr_q_reg","u_dut/kernel_h_rd_data_q_reg","0.059000000"
"u_dut/kernel_h_rd_data_q_reg[38]/CE","u_dut/u_unified_p4_kernel/slot_state_q_reg[2][1]/C","-0.062000000","clk","clk","clk","u_dut/u_unified_p4_kernel/slot_state_q_reg[2][1]","FDCE","u_dut/u_unified_p4_kernel/slot_state_q_reg","u_dut/kernel_h_rd_data_q_reg[38]","FDCE","u_dut/kernel_h_rd_data_q_reg","5","0.613000000","1.325000000","1.938000000","0.683694530","SLICE_X84Y76","SLICE_X84Y61","","","SIGNATURE_SKIPPED|FDCE|FDCE","SIGNATURE_SKIPPED|FDCE|FDCE","DUT_INTERNAL","u_dut/u_unified_p4_kernel/slot_state_q_reg","u_dut/kernel_h_rd_data_q_reg","0.062000000"
"u_dut/kernel_h_rd_data_q_reg[39]/D","u_dut/kernel_h_rd_addr_q_reg[2][5]/C","-0.098000000","clk","clk","clk","u_dut/kernel_h_rd_addr_q_reg[2][5]","FDCE","u_dut/kernel_h_rd_addr_q_reg","u_dut/kernel_h_rd_data_q_reg[39]","FDCE","u_dut/kernel_h_rd_data_q_reg","5","0.400000000","1.565000000","1.965000000","0.796437659","SLICE_X87Y79","SLICE_X85Y58","","","SIGNATURE_SKIPPED|FDCE|FDCE","SIGNATURE_SKIPPED|FDCE|FDCE","DUT_INTERNAL","u_dut/kernel_h_rd_addr_q_reg","u_dut/kernel_h_rd_data_q_reg","0.098000000"
"u_dut/kernel_h_rd_data_q_reg[44]/D","u_dut/kernel_h_rd_addr_q_reg[2][3]/C","-0.099000000","clk","clk","clk","u_dut/kernel_h_rd_addr_q_reg[2][3]","FDCE","u_dut/kernel_h_rd_addr_q_reg","u_dut/kernel_h_rd_data_q_reg[44]","FDCE","u_dut/kernel_h_rd_data_q_reg","5","0.479000000","1.535000000","2.014000000","0.762164846","SLICE_X87Y59","SLICE_X85Y56","","","SIGNATURE_SKIPPED|FDCE|FDCE","SIGNATURE_SKIPPED|FDCE|FDCE","DUT_INTERNAL","u_dut/kernel_h_rd_addr_q_reg","u_dut/kernel_h_rd_data_q_reg","0.099000000"
"u_dut/kernel_h_rd_data_q_reg[46]/D","u_dut/kernel_h_rd_addr_q_reg[2][5]/C","-0.082000000","clk","clk","clk","u_dut/kernel_h_rd_addr_q_reg[2][5]","FDCE","u_dut/kernel_h_rd_addr_q_reg","u_dut/kernel_h_rd_data_q_reg[46]","FDCE","u_dut/kernel_h_rd_data_q_reg","5","0.347000000","1.601000000","1.948000000","0.821868583","SLICE_X87Y79","SLICE_X85Y51","","","SIGNATURE_SKIPPED|FDCE|FDCE","SIGNATURE_SKIPPED|FDCE|FDCE","DUT_INTERNAL","u_dut/kernel_h_rd_addr_q_reg","u_dut/kernel_h_rd_data_q_reg","0.082000000"
"u_dut/kernel_h_rd_data_q_reg[47]/D","u_dut/kernel_h_rd_addr_q_reg[2][5]/C","-0.058000000","clk","clk","clk","u_dut/kernel_h_rd_addr_q_reg[2][5]","FDCE","u_dut/kernel_h_rd_addr_q_reg","u_dut/kernel_h_rd_data_q_reg[47]","FDCE","u_dut/kernel_h_rd_data_q_reg","5","0.444000000","1.476000000","1.920000000","0.768750000","SLICE_X87Y79","SLICE_X84Y53","","","SIGNATURE_SKIPPED|FDCE|FDCE","SIGNATURE_SKIPPED|FDCE|FDCE","DUT_INTERNAL","u_dut/kernel_h_rd_addr_q_reg","u_dut/kernel_h_rd_data_q_reg","0.058000000"
"u_dut/kernel_h_rd_data_q_reg[49]/CE","u_dut/u_unified_p4_kernel/slot_state_q_reg[2][1]/C","-0.024000000","clk","clk","clk","u_dut/u_unified_p4_kernel/slot_state_q_reg[2][1]","FDCE","u_dut/u_unified_p4_kernel/slot_state_q_reg","u_dut/kernel_h_rd_data_q_reg[49]","FDCE","u_dut/kernel_h_rd_data_q_reg","5","0.613000000","1.198000000","1.811000000","0.661512976","SLICE_X84Y76","SLICE_X83Y57","","","SIGNATURE_SKIPPED|FDCE|FDCE","SIGNATURE_SKIPPED|FDCE|FDCE","DUT_INTERNAL","u_dut/u_unified_p4_kernel/slot_state_q_reg","u_dut/kernel_h_rd_data_q_reg","0.024000000"
"u_dut/kernel_h_rd_data_q_reg[49]/D","u_dut/kernel_h_rd_addr_q_reg[3][2]/C","-0.014000000","clk","clk","clk","u_dut/kernel_h_rd_addr_q_reg[3][2]","FDCE","u_dut/kernel_h_rd_addr_q_reg","u_dut/kernel_h_rd_data_q_reg[49]","FDCE","u_dut/kernel_h_rd_data_q_reg","5","0.402000000","1.521000000","1.923000000","0.790951638","SLICE_X87Y59","SLICE_X83Y57","","","SIGNATURE_SKIPPED|FDCE|FDCE","SIGNATURE_SKIPPED|FDCE|FDCE","DUT_INTERNAL","u_dut/kernel_h_rd_addr_q_reg","u_dut/kernel_h_rd_data_q_reg","0.014000000"
"u_dut/kernel_h_rd_data_q_reg[4]/CE","u_dut/u_unified_p4_kernel/slot_state_q_reg[2][1]/C","-0.024000000","clk","clk","clk","u_dut/u_unified_p4_kernel/slot_state_q_reg[2][1]","FDCE","u_dut/u_unified_p4_kernel/slot_state_q_reg","u_dut/kernel_h_rd_data_q_reg[4]","FDCE","u_dut/kernel_h_rd_data_q_reg","5","0.613000000","1.198000000","1.811000000","0.661512976","SLICE_X84Y76","SLICE_X83Y57","","","SIGNATURE_SKIPPED|FDCE|FDCE","SIGNATURE_SKIPPED|FDCE|FDCE","DUT_INTERNAL","u_dut/u_unified_p4_kernel/slot_state_q_reg","u_dut/kernel_h_rd_data_q_reg","0.024000000"
"u_dut/kernel_h_rd_data_q_reg[4]/D","u_dut/kernel_h_rd_addr_q_reg[0][0]/C","-0.121000000","clk","clk","clk","u_dut/kernel_h_rd_addr_q_reg[0][0]","FDCE","u_dut/kernel_h_rd_addr_q_reg","u_dut/kernel_h_rd_data_q_reg[4]","FDCE","u_dut/kernel_h_rd_data_q_reg","5","0.441000000","1.553000000","1.994000000","0.778836510","SLICE_X88Y65","SLICE_X83Y57","","","SIGNATURE_SKIPPED|FDCE|FDCE","SIGNATURE_SKIPPED|FDCE|FDCE","DUT_INTERNAL","u_dut/kernel_h_rd_addr_q_reg","u_dut/kernel_h_rd_data_q_reg","0.121000000"
"u_dut/kernel_h_rd_data_q_reg[50]/D","u_dut/kernel_h_rd_addr_q_reg[3][5]/C","-0.089000000","clk","clk","clk","u_dut/kernel_h_rd_addr_q_reg[3][5]","FDCE","u_dut/kernel_h_rd_addr_q_reg","u_dut/kernel_h_rd_data_q_reg[50]","FDCE","u_dut/kernel_h_rd_data_q_reg","5","0.424000000","1.536000000","1.960000000","0.783673469","SLICE_X87Y60","SLICE_X85Y57","","","SIGNATURE_SKIPPED|FDCE|FDCE","SIGNATURE_SKIPPED|FDCE|FDCE","DUT_INTERNAL","u_dut/kernel_h_rd_addr_q_reg","u_dut/kernel_h_rd_data_q_reg","0.089000000"
"u_dut/kernel_h_rd_data_q_reg[52]/CE","u_dut/u_unified_p4_kernel/slot_state_q_reg[2][1]/C","-0.052000000","clk","clk","clk","u_dut/u_unified_p4_kernel/slot_state_q_reg[2][1]","FDCE","u_dut/u_unified_p4_kernel/slot_state_q_reg","u_dut/kernel_h_rd_data_q_reg[52]","FDCE","u_dut/kernel_h_rd_data_q_reg","5","0.613000000","1.232000000","1.845000000","0.667750678","SLICE_X84Y76","SLICE_X83Y55","","","SIGNATURE_SKIPPED|FDCE|FDCE","SIGNATURE_SKIPPED|FDCE|FDCE","DUT_INTERNAL","u_dut/u_unified_p4_kernel/slot_state_q_reg","u_dut/kernel_h_rd_data_q_reg","0.052000000"
"u_dut/kernel_h_rd_data_q_reg[55]/D","u_dut/kernel_h_rd_addr_q_reg[3][0]/C","-0.086000000","clk","clk","clk","u_dut/kernel_h_rd_addr_q_reg[3][0]","FDCE","u_dut/kernel_h_rd_addr_q_reg","u_dut/kernel_h_rd_data_q_reg[55]","FDCE","u_dut/kernel_h_rd_data_q_reg","5","0.524000000","1.450000000","1.974000000","0.734549139","SLICE_X82Y55","SLICE_X84Y51","","","SIGNATURE_SKIPPED|FDCE|FDCE","SIGNATURE_SKIPPED|FDCE|FDCE","DUT_INTERNAL","u_dut/kernel_h_rd_addr_q_reg","u_dut/kernel_h_rd_data_q_reg","0.086000000"
"u_dut/kernel_h_rd_data_q_reg[56]/D","u_dut/kernel_h_rd_addr_q_reg[3][0]/C","-0.092000000","clk","clk","clk","u_dut/kernel_h_rd_addr_q_reg[3][0]","FDCE","u_dut/kernel_h_rd_addr_q_reg","u_dut/kernel_h_rd_data_q_reg[56]","FDCE","u_dut/kernel_h_rd_data_q_reg","5","0.510000000","1.470000000","1.980000000","0.742424242","SLICE_X82Y55","SLICE_X85Y58","","","SIGNATURE_SKIPPED|FDCE|FDCE","SIGNATURE_SKIPPED|FDCE|FDCE","DUT_INTERNAL","u_dut/kernel_h_rd_addr_q_reg","u_dut/kernel_h_rd_data_q_reg","0.092000000"
"u_dut/kernel_h_rd_data_q_reg[58]/D","u_dut/kernel_h_rd_addr_q_reg[3][1]/C","-0.007000000","clk","clk","clk","u_dut/kernel_h_rd_addr_q_reg[3][1]","FDCE","u_dut/kernel_h_rd_addr_q_reg","u_dut/kernel_h_rd_data_q_reg[58]","FDCE","u_dut/kernel_h_rd_data_q_reg","5","0.480000000","1.437000000","1.917000000","0.749608764","SLICE_X81Y56","SLICE_X85Y51","","","SIGNATURE_SKIPPED|FDCE|FDCE","SIGNATURE_SKIPPED|FDCE|FDCE","DUT_INTERNAL","u_dut/kernel_h_rd_addr_q_reg","u_dut/kernel_h_rd_data_q_reg","0.007000000"
"u_dut/kernel_h_rd_data_q_reg[59]/D","u_dut/kernel_h_rd_addr_q_reg[3][1]/C","-0.075000000","clk","clk","clk","u_dut/kernel_h_rd_addr_q_reg[3][1]","FDCE","u_dut/kernel_h_rd_addr_q_reg","u_dut/kernel_h_rd_data_q_reg[59]","FDCE","u_dut/kernel_h_rd_data_q_reg","5","0.505000000","1.481000000","1.986000000","0.745720040","SLICE_X81Y56","SLICE_X85Y59","","","SIGNATURE_SKIPPED|FDCE|FDCE","SIGNATURE_SKIPPED|FDCE|FDCE","DUT_INTERNAL","u_dut/kernel_h_rd_addr_q_reg","u_dut/kernel_h_rd_data_q_reg","0.075000000"
"u_dut/kernel_h_rd_data_q_reg[60]/D","u_dut/kernel_h_rd_addr_q_reg[3][1]/C","-0.036000000","clk","clk","clk","u_dut/kernel_h_rd_addr_q_reg[3][1]","FDCE","u_dut/kernel_h_rd_addr_q_reg","u_dut/kernel_h_rd_data_q_reg[60]","FDCE","u_dut/kernel_h_rd_data_q_reg","5","0.485000000","1.464000000","1.949000000","0.751154438","SLICE_X81Y56","SLICE_X85Y57","","","SIGNATURE_SKIPPED|FDCE|FDCE","SIGNATURE_SKIPPED|FDCE|FDCE","DUT_INTERNAL","u_dut/kernel_h_rd_addr_q_reg","u_dut/kernel_h_rd_data_q_reg","0.036000000"
"u_dut/kernel_h_rd_data_q_reg[62]/D","u_dut/kernel_h_rd_addr_q_reg[3][0]/C","-0.067000000","clk","clk","clk","u_dut/kernel_h_rd_addr_q_reg[3][0]","FDCE","u_dut/kernel_h_rd_addr_q_reg","u_dut/kernel_h_rd_data_q_reg[62]","FDCE","u_dut/kernel_h_rd_data_q_reg","5","0.401000000","1.555000000","1.956000000","0.794989775","SLICE_X82Y55","SLICE_X85Y56","","","SIGNATURE_SKIPPED|FDCE|FDCE","SIGNATURE_SKIPPED|FDCE|FDCE","DUT_INTERNAL","u_dut/kernel_h_rd_addr_q_reg","u_dut/kernel_h_rd_data_q_reg","0.067000000"
"u_dut/kernel_h_rd_data_q_reg[63]/CE","u_dut/u_unified_p4_kernel/slot_state_q_reg[2][1]/C","-0.011000000","clk","clk","clk","u_dut/u_unified_p4_kernel/slot_state_q_reg[2][1]","FDCE","u_dut/u_unified_p4_kernel/slot_state_q_reg","u_dut/kernel_h_rd_data_q_reg[63]","FDCE","u_dut/kernel_h_rd_data_q_reg","5","0.613000000","1.193000000","1.806000000","0.660575858","SLICE_X84Y76","SLICE_X84Y54","","","SIGNATURE_SKIPPED|FDCE|FDCE","SIGNATURE_SKIPPED|FDCE|FDCE","DUT_INTERNAL","u_dut/u_unified_p4_kernel/slot_state_q_reg","u_dut/kernel_h_rd_data_q_reg","0.011000000"
"u_dut/kernel_h_rd_data_q_reg[63]/D","u_dut/kernel_h_rd_addr_q_reg[3][0]/C","-0.015000000","clk","clk","clk","u_dut/kernel_h_rd_addr_q_reg[3][0]","FDCE","u_dut/kernel_h_rd_addr_q_reg","u_dut/kernel_h_rd_data_q_reg[63]","FDCE","u_dut/kernel_h_rd_data_q_reg","5","0.555000000","1.350000000","1.905000000","0.708661417","SLICE_X82Y55","SLICE_X84Y54","","","SIGNATURE_SKIPPED|FDCE|FDCE","SIGNATURE_SKIPPED|FDCE|FDCE","DUT_INTERNAL","u_dut/kernel_h_rd_addr_q_reg","u_dut/kernel_h_rd_data_q_reg","0.015000000"
"u_dut/kernel_h_rd_data_q_reg[6]/CE","u_dut/u_unified_p4_kernel/slot_state_q_reg[2][1]/C","-0.038000000","clk","clk","clk","u_dut/u_unified_p4_kernel/slot_state_q_reg[2][1]","FDCE","u_dut/u_unified_p4_kernel/slot_state_q_reg","u_dut/kernel_h_rd_data_q_reg[6]","FDCE","u_dut/kernel_h_rd_data_q_reg","5","0.613000000","1.244000000","1.857000000","0.669897684","SLICE_X84Y76","SLICE_X80Y64","","","SIGNATURE_SKIPPED|FDCE|FDCE","SIGNATURE_SKIPPED|FDCE|FDCE","DUT_INTERNAL","u_dut/u_unified_p4_kernel/slot_state_q_reg","u_dut/kernel_h_rd_data_q_reg","0.038000000"
"u_dut/kernel_h_rd_data_q_reg[6]/D","u_dut/kernel_h_rd_addr_q_reg[0][0]/C","-0.094000000","clk","clk","clk","u_dut/kernel_h_rd_addr_q_reg[0][0]","FDCE","u_dut/kernel_h_rd_addr_q_reg","u_dut/kernel_h_rd_data_q_reg[6]","FDCE","u_dut/kernel_h_rd_data_q_reg","5","0.494000000","1.504000000","1.998000000","0.752752753","SLICE_X88Y65","SLICE_X80Y64","","","SIGNATURE_SKIPPED|FDCE|FDCE","SIGNATURE_SKIPPED|FDCE|FDCE","DUT_INTERNAL","u_dut/kernel_h_rd_addr_q_reg","u_dut/kernel_h_rd_data_q_reg","0.094000000"
"u_dut/kernel_h_rd_data_q_reg[7]/D","u_dut/kernel_h_rd_addr_q_reg[0][1]/C","-0.030000000","clk","clk","clk","u_dut/kernel_h_rd_addr_q_reg[0][1]","FDCE","u_dut/kernel_h_rd_addr_q_reg","u_dut/kernel_h_rd_data_q_reg[7]","FDCE","u_dut/kernel_h_rd_data_q_reg","5","0.518000000","1.393000000","1.911000000","0.728937729","SLICE_X85Y84","SLICE_X84Y58","","","SIGNATURE_SKIPPED|FDCE|FDCE","SIGNATURE_SKIPPED|FDCE|FDCE","DUT_INTERNAL","u_dut/kernel_h_rd_addr_q_reg","u_dut/kernel_h_rd_data_q_reg","0.030000000"
"u_dut/kernel_h_rd_data_q_reg[9]/D","u_dut/kernel_h_rd_addr_q_reg[0][2]/C","-0.097000000","clk","clk","clk","u_dut/kernel_h_rd_addr_q_reg[0][2]","FDCE","u_dut/kernel_h_rd_addr_q_reg","u_dut/kernel_h_rd_data_q_reg[9]","FDCE","u_dut/kernel_h_rd_data_q_reg","5","0.503000000","1.508000000","2.011000000","0.749875684","SLICE_X88Y77","SLICE_X84Y64","","","SIGNATURE_SKIPPED|FDCE|FDCE","SIGNATURE_SKIPPED|FDCE|FDCE","DUT_INTERNAL","u_dut/kernel_h_rd_addr_q_reg","u_dut/kernel_h_rd_data_q_reg","0.097000000"
"u_dut/kernel_h_rd_data_tail_q_reg[0]/CE","u_dut/u_unified_p4_kernel/slot_state_q_reg[2][1]/C","-0.038000000","clk","clk","clk","u_dut/u_unified_p4_kernel/slot_state_q_reg[2][1]","FDCE","u_dut/u_unified_p4_kernel/slot_state_q_reg","u_dut/kernel_h_rd_data_tail_q_reg[0]","FDCE","u_dut/kernel_h_rd_data_tail_q_reg","6","0.561000000","1.262000000","1.823000000","0.692265496","SLICE_X84Y76","SLICE_X83Y58","","","SIGNATURE_SKIPPED|FDCE|FDCE","SIGNATURE_SKIPPED|FDCE|FDCE","DUT_INTERNAL","u_dut/u_unified_p4_kernel/slot_state_q_reg","u_dut/kernel_h_rd_data_tail_q_reg","0.038000000"
"u_dut/kernel_h_rd_data_tail_q_reg[11]/CE","u_dut/u_unified_p4_kernel/slot_state_q_reg[2][1]/C","-0.019000000","clk","clk","clk","u_dut/u_unified_p4_kernel/slot_state_q_reg[2][1]","FDCE","u_dut/u_unified_p4_kernel/slot_state_q_reg","u_dut/kernel_h_rd_data_tail_q_reg[11]","FDCE","u_dut/kernel_h_rd_data_tail_q_reg","6","0.561000000","1.249000000","1.810000000","0.690055249","SLICE_X84Y76","SLICE_X87Y58","","","SIGNATURE_SKIPPED|FDCE|FDCE","SIGNATURE_SKIPPED|FDCE|FDCE","DUT_INTERNAL","u_dut/u_unified_p4_kernel/slot_state_q_reg","u_dut/kernel_h_rd_data_tail_q_reg","0.019000000"
"u_dut/kernel_h_rd_data_tail_q_reg[12]/CE","u_dut/u_unified_p4_kernel/slot_state_q_reg[2][1]/C","-0.020000000","clk","clk","clk","u_dut/u_unified_p4_kernel/slot_state_q_reg[2][1]","FDCE","u_dut/u_unified_p4_kernel/slot_state_q_reg","u_dut/kernel_h_rd_data_tail_q_reg[12]","FDCE","u_dut/kernel_h_rd_data_tail_q_reg","6","0.561000000","1.243000000","1.804000000","0.689024390","SLICE_X84Y76","SLICE_X87Y59","","","SIGNATURE_SKIPPED|FDCE|FDCE","SIGNATURE_SKIPPED|FDCE|FDCE","DUT_INTERNAL","u_dut/u_unified_p4_kernel/slot_state_q_reg","u_dut/kernel_h_rd_data_tail_q_reg","0.020000000"
"u_dut/kernel_h_rd_data_tail_q_reg[14]/CE","u_dut/u_unified_p4_kernel/slot_state_q_reg[2][1]/C","-0.076000000","clk","clk","clk","u_dut/u_unified_p4_kernel/slot_state_q_reg[2][1]","FDCE","u_dut/u_unified_p4_kernel/slot_state_q_reg","u_dut/kernel_h_rd_data_tail_q_reg[14]","FDCE","u_dut/kernel_h_rd_data_tail_q_reg","6","0.561000000","1.304000000","1.865000000","0.699195710","SLICE_X84Y76","SLICE_X83Y54","","","SIGNATURE_SKIPPED|FDCE|FDCE","SIGNATURE_SKIPPED|FDCE|FDCE","DUT_INTERNAL","u_dut/u_unified_p4_kernel/slot_state_q_reg","u_dut/kernel_h_rd_data_tail_q_reg","0.076000000"
"u_dut/kernel_h_rd_data_tail_q_reg[15]/D","u_dut/kernel_h_rd_addr_q_reg[0][2]/C","-0.010000000","clk","clk","clk","u_dut/kernel_h_rd_addr_q_reg[0][2]","FDCE","u_dut/kernel_h_rd_addr_q_reg","u_dut/kernel_h_rd_data_tail_q_reg[15]","FDCE","u_dut/kernel_h_rd_data_tail_q_reg","4","0.384000000","1.502000000","1.886000000","0.796394486","SLICE_X88Y77","SLICE_X83Y57","","","SIGNATURE_SKIPPED|FDCE|FDCE","SIGNATURE_SKIPPED|FDCE|FDCE","DUT_INTERNAL","u_dut/kernel_h_rd_addr_q_reg","u_dut/kernel_h_rd_data_tail_q_reg","0.010000000"
"u_dut/kernel_h_rd_data_tail_q_reg[16]/D","u_dut/kernel_h_rd_addr_q_reg[1][5]/C","-0.119000000","clk","clk","clk","u_dut/kernel_h_rd_addr_q_reg[1][5]","FDCE","u_dut/kernel_h_rd_addr_q_reg","u_dut/kernel_h_rd_data_tail_q_reg[16]","FDCE","u_dut/kernel_h_rd_data_tail_q_reg","4","0.235000000","1.738000000","1.973000000","0.880892043","SLICE_X87Y80","SLICE_X85Y57","","","SIGNATURE_SKIPPED|FDCE|FDCE","SIGNATURE_SKIPPED|FDCE|FDCE","DUT_INTERNAL","u_dut/kernel_h_rd_addr_q_reg","u_dut/kernel_h_rd_data_tail_q_reg","0.119000000"
"u_dut/kernel_h_rd_data_tail_q_reg[17]/D","u_dut/kernel_h_rd_addr_q_reg[1][5]/C","-0.048000000","clk","clk","clk","u_dut/kernel_h_rd_addr_q_reg[1][5]","FDCE","u_dut/kernel_h_rd_addr_q_reg","u_dut/kernel_h_rd_data_tail_q_reg[17]","FDCE","u_dut/kernel_h_rd_data_tail_q_reg","4","0.289000000","1.614000000","1.903000000","0.848134524","SLICE_X87Y80","SLICE_X85Y57","","","SIGNATURE_SKIPPED|FDCE|FDCE","SIGNATURE_SKIPPED|FDCE|FDCE","DUT_INTERNAL","u_dut/kernel_h_rd_addr_q_reg","u_dut/kernel_h_rd_data_tail_q_reg","0.048000000"
"u_dut/kernel_h_rd_data_tail_q_reg[19]/CE","u_dut/u_unified_p4_kernel/slot_state_q_reg[2][1]/C","-0.116000000","clk","clk","clk","u_dut/u_unified_p4_kernel/slot_state_q_reg[2][1]","FDCE","u_dut/u_unified_p4_kernel/slot_state_q_reg","u_dut/kernel_h_rd_data_tail_q_reg[19]","FDCE","u_dut/kernel_h_rd_data_tail_q_reg","6","0.561000000","1.379000000","1.940000000","0.710824742","SLICE_X84Y76","SLICE_X87Y60","","","SIGNATURE_SKIPPED|FDCE|FDCE","SIGNATURE_SKIPPED|FDCE|FDCE","DUT_INTERNAL","u_dut/u_unified_p4_kernel/slot_state_q_reg","u_dut/kernel_h_rd_data_tail_q_reg","0.116000000"
"u_dut/kernel_h_rd_data_tail_q_reg[1]/D","u_dut/kernel_h_rd_addr_q_reg[0][0]/C","-0.049000000","clk","clk","clk","u_dut/kernel_h_rd_addr_q_reg[0][0]","FDCE","u_dut/kernel_h_rd_addr_q_reg","u_dut/kernel_h_rd_data_tail_q_reg[1]","FDCE","u_dut/kernel_h_rd_data_tail_q_reg","4","0.457000000","1.470000000","1.927000000","0.762843799","SLICE_X88Y65","SLICE_X85Y57","","","SIGNATURE_SKIPPED|FDCE|FDCE","SIGNATURE_SKIPPED|FDCE|FDCE","DUT_INTERNAL","u_dut/kernel_h_rd_addr_q_reg","u_dut/kernel_h_rd_data_tail_q_reg","0.049000000"
"u_dut/kernel_h_rd_data_tail_q_reg[20]/D","u_dut/kernel_h_rd_addr_q_reg[1][2]/C","-0.002000000","clk","clk","clk","u_dut/kernel_h_rd_addr_q_reg[1][2]","FDCE","u_dut/kernel_h_rd_addr_q_reg","u_dut/kernel_h_rd_data_tail_q_reg[20]","FDCE","u_dut/kernel_h_rd_data_tail_q_reg","4","0.384000000","1.422000000","1.806000000","0.787375415","SLICE_X91Y64","SLICE_X85Y56","","","SIGNATURE_SKIPPED|FDCE|FDCE","SIGNATURE_SKIPPED|FDCE|FDCE","DUT_INTERNAL","u_dut/kernel_h_rd_addr_q_reg","u_dut/kernel_h_rd_data_tail_q_reg","0.002000000"
"u_dut/kernel_h_rd_data_tail_q_reg[22]/CE","u_dut/u_unified_p4_kernel/slot_state_q_reg[2][1]/C","-0.060000000","clk","clk","clk","u_dut/u_unified_p4_kernel/slot_state_q_reg[2][1]","FDCE","u_dut/u_unified_p4_kernel/slot_state_q_reg","u_dut/kernel_h_rd_data_tail_q_reg[22]","FDCE","u_dut/kernel_h_rd_data_tail_q_reg","6","0.561000000","1.325000000","1.886000000","0.702545069","SLICE_X84Y76","SLICE_X87Y60","","","SIGNATURE_SKIPPED|FDCE|FDCE","SIGNATURE_SKIPPED|FDCE|FDCE","DUT_INTERNAL","u_dut/u_unified_p4_kernel/slot_state_q_reg","u_dut/kernel_h_rd_data_tail_q_reg","0.060000000"
"u_dut/kernel_h_rd_data_tail_q_reg[24]/D","u_dut/kernel_h_rd_addr_q_reg[1][5]/C","-0.060000000","clk","clk","clk","u_dut/kernel_h_rd_addr_q_reg[1][5]","FDCE","u_dut/kernel_h_rd_addr_q_reg","u_dut/kernel_h_rd_data_tail_q_reg[24]","FDCE","u_dut/kernel_h_rd_data_tail_q_reg","4","0.345000000","1.567000000","1.912000000","0.819560669","SLICE_X87Y80","SLICE_X85Y56","","","SIGNATURE_SKIPPED|FDCE|FDCE","SIGNATURE_SKIPPED|FDCE|FDCE","DUT_INTERNAL","u_dut/kernel_h_rd_addr_q_reg","u_dut/kernel_h_rd_data_tail_q_reg","0.060000000"
"u_dut/kernel_h_rd_data_tail_q_reg[27]/CE","u_dut/u_unified_p4_kernel/slot_state_q_reg[2][1]/C","-0.032000000","clk","clk","clk","u_dut/u_unified_p4_kernel/slot_state_q_reg[2][1]","FDCE","u_dut/u_unified_p4_kernel/slot_state_q_reg","u_dut/kernel_h_rd_data_tail_q_reg[27]","FDCE","u_dut/kernel_h_rd_data_tail_q_reg","6","0.561000000","1.356000000","1.917000000","0.707355243","SLICE_X84Y76","SLICE_X91Y61","","","SIGNATURE_SKIPPED|FDCE|FDCE","SIGNATURE_SKIPPED|FDCE|FDCE","DUT_INTERNAL","u_dut/u_unified_p4_kernel/slot_state_q_reg","u_dut/kernel_h_rd_data_tail_q_reg","0.032000000"
"u_dut/kernel_h_rd_data_tail_q_reg[28]/D","u_dut/kernel_h_rd_addr_q_reg[1][4]/C","-0.001000000","clk","clk","clk","u_dut/kernel_h_rd_addr_q_reg[1][4]","FDCE","u_dut/kernel_h_rd_addr_q_reg","u_dut/kernel_h_rd_data_tail_q_reg[28]","FDCE","u_dut/kernel_h_rd_data_tail_q_reg","4","0.362000000","1.506000000","1.868000000","0.806209850","SLICE_X87Y78","SLICE_X83Y57","","","SIGNATURE_SKIPPED|FDCE|FDCE","SIGNATURE_SKIPPED|FDCE|FDCE","DUT_INTERNAL","u_dut/kernel_h_rd_addr_q_reg","u_dut/kernel_h_rd_data_tail_q_reg","0.001000000"
"u_dut/kernel_h_rd_data_tail_q_reg[29]/D","u_dut/kernel_h_rd_addr_q_reg[1][4]/C","-0.023000000","clk","clk","clk","u_dut/kernel_h_rd_addr_q_reg[1][4]","FDCE","u_dut/kernel_h_rd_addr_q_reg","u_dut/kernel_h_rd_data_tail_q_reg[29]","FDCE","u_dut/kernel_h_rd_data_tail_q_reg","4","0.264000000","1.626000000","1.890000000","0.860317460","SLICE_X87Y78","SLICE_X83Y57","","","SIGNATURE_SKIPPED|FDCE|FDCE","SIGNATURE_SKIPPED|FDCE|FDCE","DUT_INTERNAL","u_dut/kernel_h_rd_addr_q_reg","u_dut/kernel_h_rd_data_tail_q_reg","0.023000000"
"u_dut/kernel_h_rd_data_tail_q_reg[2]/CE","u_dut/u_unified_p4_kernel/slot_state_q_reg[2][1]/C","-0.003000000","clk","clk","clk","u_dut/u_unified_p4_kernel/slot_state_q_reg[2][1]","FDCE","u_dut/u_unified_p4_kernel/slot_state_q_reg","u_dut/kernel_h_rd_data_tail_q_reg[2]","FDCE","u_dut/kernel_h_rd_data_tail_q_reg","6","0.561000000","1.225000000","1.786000000","0.685890258","SLICE_X84Y76","SLICE_X83Y58","","","SIGNATURE_SKIPPED|FDCE|FDCE","SIGNATURE_SKIPPED|FDCE|FDCE","DUT_INTERNAL","u_dut/u_unified_p4_kernel/slot_state_q_reg","u_dut/kernel_h_rd_data_tail_q_reg","0.003000000"
"u_dut/kernel_h_rd_data_tail_q_reg[31]/CE","u_dut/u_unified_p4_kernel/slot_state_q_reg[2][1]/C","-0.021000000","clk","clk","clk","u_dut/u_unified_p4_kernel/slot_state_q_reg[2][1]","FDCE","u_dut/u_unified_p4_kernel/slot_state_q_reg","u_dut/kernel_h_rd_data_tail_q_reg[31]","FDCE","u_dut/kernel_h_rd_data_tail_q_reg","6","0.561000000","1.254000000","1.815000000","0.690909091","SLICE_X84Y76","SLICE_X85Y52","","","SIGNATURE_SKIPPED|FDCE|FDCE","SIGNATURE_SKIPPED|FDCE|FDCE","DUT_INTERNAL","u_dut/u_unified_p4_kernel/slot_state_q_reg","u_dut/kernel_h_rd_data_tail_q_reg","0.021000000"
"u_dut/kernel_h_rd_data_tail_q_reg[32]/CE","u_dut/u_unified_p4_kernel/slot_state_q_reg[2][1]/C","-0.061000000","clk","clk","clk","u_dut/u_unified_p4_kernel/slot_state_q_reg[2][1]","FDCE","u_dut/u_unified_p4_kernel/slot_state_q_reg","u_dut/kernel_h_rd_data_tail_q_reg[32]","FDCE","u_dut/kernel_h_rd_data_tail_q_reg","6","0.561000000","1.283000000","1.844000000","0.695770065","SLICE_X84Y76","SLICE_X85Y49","","","SIGNATURE_SKIPPED|FDCE|FDCE","SIGNATURE_SKIPPED|FDCE|FDCE","DUT_INTERNAL","u_dut/u_unified_p4_kernel/slot_state_q_reg","u_dut/kernel_h_rd_data_tail_q_reg","0.061000000"
"u_dut/kernel_h_rd_data_tail_q_reg[33]/D","u_dut/kernel_h_rd_addr_q_reg[2][4]/C","-0.030000000","clk","clk","clk","u_dut/kernel_h_rd_addr_q_reg[2][4]","FDCE","u_dut/kernel_h_rd_addr_q_reg","u_dut/kernel_h_rd_data_tail_q_reg[33]","FDCE","u_dut/kernel_h_rd_data_tail_q_reg","4","0.312000000","1.512000000","1.824000000","0.828947368","SLICE_X91Y74","SLICE_X85Y57","","","SIGNATURE_SKIPPED|FDCE|FDCE","SIGNATURE_SKIPPED|FDCE|FDCE","DUT_INTERNAL","u_dut/kernel_h_rd_addr_q_reg","u_dut/kernel_h_rd_data_tail_q_reg","0.030000000"
"u_dut/kernel_h_rd_data_tail_q_reg[35]/D","u_dut/kernel_h_rd_addr_q_reg[2][5]/C","-0.095000000","clk","clk","clk","u_dut/kernel_h_rd_addr_q_reg[2][5]","FDCE","u_dut/kernel_h_rd_addr_q_reg","u_dut/kernel_h_rd_data_tail_q_reg[35]","FDCE","u_dut/kernel_h_rd_data_tail_q_reg","4","0.325000000","1.638000000","1.963000000","0.834437086","SLICE_X87Y79","SLICE_X85Y57","","","SIGNATURE_SKIPPED|FDCE|FDCE","SIGNATURE_SKIPPED|FDCE|FDCE","DUT_INTERNAL","u_dut/kernel_h_rd_addr_q_reg","u_dut/kernel_h_rd_data_tail_q_reg","0.095000000"
"u_dut/kernel_h_rd_data_tail_q_reg[36]/D","u_dut/kernel_h_rd_addr_q_reg[2][0]/C","-0.038000000","clk","clk","clk","u_dut/kernel_h_rd_addr_q_reg[2][0]","FDCE","u_dut/kernel_h_rd_addr_q_reg","u_dut/kernel_h_rd_data_tail_q_reg[36]","FDCE","u_dut/kernel_h_rd_data_tail_q_reg","4","0.346000000","1.564000000","1.910000000","0.818848168","SLICE_X88Y64","SLICE_X85Y57","","","SIGNATURE_SKIPPED|FDCE|FDCE","SIGNATURE_SKIPPED|FDCE|FDCE","DUT_INTERNAL","u_dut/kernel_h_rd_addr_q_reg","u_dut/kernel_h_rd_data_tail_q_reg","0.038000000"
"u_dut/kernel_h_rd_data_tail_q_reg[37]/CE","u_dut/u_unified_p4_kernel/slot_state_q_reg[2][1]/C","-0.043000000","clk","clk","clk","u_dut/u_unified_p4_kernel/slot_state_q_reg[2][1]","FDCE","u_dut/u_unified_p4_kernel/slot_state_q_reg","u_dut/kernel_h_rd_data_tail_q_reg[37]","FDCE","u_dut/kernel_h_rd_data_tail_q_reg","6","0.561000000","1.275000000","1.836000000","0.694444444","SLICE_X84Y76","SLICE_X84Y54","","","SIGNATURE_SKIPPED|FDCE|FDCE","SIGNATURE_SKIPPED|FDCE|FDCE","DUT_INTERNAL","u_dut/u_unified_p4_kernel/slot_state_q_reg","u_dut/kernel_h_rd_data_tail_q_reg","0.043000000"
"u_dut/kernel_h_rd_data_tail_q_reg[38]/CE","u_dut/u_unified_p4_kernel/slot_state_q_reg[2][1]/C","-0.065000000","clk","clk","clk","u_dut/u_unified_p4_kernel/slot_state_q_reg[2][1]","FDCE","u_dut/u_unified_p4_kernel/slot_state_q_reg","u_dut/kernel_h_rd_data_tail_q_reg[38]","FDCE","u_dut/kernel_h_rd_data_tail_q_reg","6","0.561000000","1.377000000","1.938000000","0.710526316","SLICE_X84Y76","SLICE_X85Y61","","","SIGNATURE_SKIPPED|FDCE|FDCE","SIGNATURE_SKIPPED|FDCE|FDCE","DUT_INTERNAL","u_dut/u_unified_p4_kernel/slot_state_q_reg","u_dut/kernel_h_rd_data_tail_q_reg","0.065000000"
"u_dut/kernel_h_rd_data_tail_q_reg[39]/D","u_dut/kernel_h_rd_addr_q_reg[2][5]/C","-0.061000000","clk","clk","clk","u_dut/kernel_h_rd_addr_q_reg[2][5]","FDCE","u_dut/kernel_h_rd_addr_q_reg","u_dut/kernel_h_rd_data_tail_q_reg[39]","FDCE","u_dut/kernel_h_rd_data_tail_q_reg","4","0.350000000","1.578000000","1.928000000","0.818464730","SLICE_X87Y79","SLICE_X84Y57","","","SIGNATURE_SKIPPED|FDCE|FDCE","SIGNATURE_SKIPPED|FDCE|FDCE","DUT_INTERNAL","u_dut/kernel_h_rd_addr_q_reg","u_dut/kernel_h_rd_data_tail_q_reg","0.061000000"
"u_dut/kernel_h_rd_data_tail_q_reg[3]/CE","u_dut/u_unified_p4_kernel/slot_state_q_reg[2][1]/C","-0.052000000","clk","clk","clk","u_dut/u_unified_p4_kernel/slot_state_q_reg[2][1]","FDCE","u_dut/u_unified_p4_kernel/slot_state_q_reg","u_dut/kernel_h_rd_data_tail_q_reg[3]","FDCE","u_dut/kernel_h_rd_data_tail_q_reg","6","0.561000000","1.280000000","1.841000000","0.695274307","SLICE_X84Y76","SLICE_X83Y59","","","SIGNATURE_SKIPPED|FDCE|FDCE","SIGNATURE_SKIPPED|FDCE|FDCE","DUT_INTERNAL","u_dut/u_unified_p4_kernel/slot_state_q_reg","u_dut/kernel_h_rd_data_tail_q_reg","0.052000000"
"u_dut/kernel_h_rd_data_tail_q_reg[40]/CE","u_dut/u_unified_p4_kernel/slot_state_q_reg[2][1]/C","-0.052000000","clk","clk","clk","u_dut/u_unified_p4_kernel/slot_state_q_reg[2][1]","FDCE","u_dut/u_unified_p4_kernel/slot_state_q_reg","u_dut/kernel_h_rd_data_tail_q_reg[40]","FDCE","u_dut/kernel_h_rd_data_tail_q_reg","6","0.561000000","1.316000000","1.877000000","0.701118807","SLICE_X84Y76","SLICE_X87Y62","","","SIGNATURE_SKIPPED|FDCE|FDCE","SIGNATURE_SKIPPED|FDCE|FDCE","DUT_INTERNAL","u_dut/u_unified_p4_kernel/slot_state_q_reg","u_dut/kernel_h_rd_data_tail_q_reg","0.052000000"
"u_dut/kernel_h_rd_data_tail_q_reg[41]/CE","u_dut/u_unified_p4_kernel/slot_state_q_reg[2][1]/C","-0.087000000","clk","clk","clk","u_dut/u_unified_p4_kernel/slot_state_q_reg[2][1]","FDCE","u_dut/u_unified_p4_kernel/slot_state_q_reg","u_dut/kernel_h_rd_data_tail_q_reg[41]","FDCE","u_dut/kernel_h_rd_data_tail_q_reg","6","0.561000000","1.349000000","1.910000000","0.706282723","SLICE_X84Y76","SLICE_X87Y62","","","SIGNATURE_SKIPPED|FDCE|FDCE","SIGNATURE_SKIPPED|FDCE|FDCE","DUT_INTERNAL","u_dut/u_unified_p4_kernel/slot_state_q_reg","u_dut/kernel_h_rd_data_tail_q_reg","0.087000000"
"u_dut/kernel_h_rd_data_tail_q_reg[42]/CE","u_dut/u_unified_p4_kernel/slot_state_q_reg[2][1]/C","-0.048000000","clk","clk","clk","u_dut/u_unified_p4_kernel/slot_state_q_reg[2][1]","FDCE","u_dut/u_unified_p4_kernel/slot_state_q_reg","u_dut/kernel_h_rd_data_tail_q_reg[42]","FDCE","u_dut/kernel_h_rd_data_tail_q_reg","6","0.561000000","1.310000000","1.871000000","0.700160342","SLICE_X84Y76","SLICE_X87Y61","","","SIGNATURE_SKIPPED|FDCE|FDCE","SIGNATURE_SKIPPED|FDCE|FDCE","DUT_INTERNAL","u_dut/u_unified_p4_kernel/slot_state_q_reg","u_dut/kernel_h_rd_data_tail_q_reg","0.048000000"
"u_dut/kernel_h_rd_data_tail_q_reg[43]/CE","u_dut/u_unified_p4_kernel/slot_state_q_reg[2][1]/C","-0.052000000","clk","clk","clk","u_dut/u_unified_p4_kernel/slot_state_q_reg[2][1]","FDCE","u_dut/u_unified_p4_kernel/slot_state_q_reg","u_dut/kernel_h_rd_data_tail_q_reg[43]","FDCE","u_dut/kernel_h_rd_data_tail_q_reg","6","0.561000000","1.316000000","1.877000000","0.701118807","SLICE_X84Y76","SLICE_X87Y61","","","SIGNATURE_SKIPPED|FDCE|FDCE","SIGNATURE_SKIPPED|FDCE|FDCE","DUT_INTERNAL","u_dut/u_unified_p4_kernel/slot_state_q_reg","u_dut/kernel_h_rd_data_tail_q_reg","0.052000000"
"u_dut/kernel_h_rd_data_tail_q_reg[44]/CE","u_dut/u_unified_p4_kernel/slot_state_q_reg[2][1]/C","-0.007000000","clk","clk","clk","u_dut/u_unified_p4_kernel/slot_state_q_reg[2][1]","FDCE","u_dut/u_unified_p4_kernel/slot_state_q_reg","u_dut/kernel_h_rd_data_tail_q_reg[44]","FDCE","u_dut/kernel_h_rd_data_tail_q_reg","6","0.561000000","1.320000000","1.881000000","0.701754386","SLICE_X84Y76","SLICE_X85Y63","","","SIGNATURE_SKIPPED|FDCE|FDCE","SIGNATURE_SKIPPED|FDCE|FDCE","DUT_INTERNAL","u_dut/u_unified_p4_kernel/slot_state_q_reg","u_dut/kernel_h_rd_data_tail_q_reg","0.007000000"
"u_dut/kernel_h_rd_data_tail_q_reg[46]/CE","u_dut/u_unified_p4_kernel/slot_state_q_reg[2][1]/C","-0.061000000","clk","clk","clk","u_dut/u_unified_p4_kernel/slot_state_q_reg[2][1]","FDCE","u_dut/u_unified_p4_kernel/slot_state_q_reg","u_dut/kernel_h_rd_data_tail_q_reg[46]","FDCE","u_dut/kernel_h_rd_data_tail_q_reg","6","0.561000000","1.283000000","1.844000000","0.695770065","SLICE_X84Y76","SLICE_X84Y49","","","SIGNATURE_SKIPPED|FDCE|FDCE","SIGNATURE_SKIPPED|FDCE|FDCE","DUT_INTERNAL","u_dut/u_unified_p4_kernel/slot_state_q_reg","u_dut/kernel_h_rd_data_tail_q_reg","0.061000000"
"u_dut/kernel_h_rd_data_tail_q_reg[47]/CE","u_dut/u_unified_p4_kernel/slot_state_q_reg[2][1]/C","-0.126000000","clk","clk","clk","u_dut/u_unified_p4_kernel/slot_state_q_reg[2][1]","FDCE","u_dut/u_unified_p4_kernel/slot_state_q_reg","u_dut/kernel_h_rd_data_tail_q_reg[47]","FDCE","u_dut/kernel_h_rd_data_tail_q_reg","6","0.561000000","1.359000000","1.920000000","0.707812500","SLICE_X84Y76","SLICE_X84Y55","","","SIGNATURE_SKIPPED|FDCE|FDCE","SIGNATURE_SKIPPED|FDCE|FDCE","DUT_INTERNAL","u_dut/u_unified_p4_kernel/slot_state_q_reg","u_dut/kernel_h_rd_data_tail_q_reg","0.126000000"
"u_dut/kernel_h_rd_data_tail_q_reg[50]/D","u_dut/kernel_h_rd_addr_q_reg[3][5]/C","-0.017000000","clk","clk","clk","u_dut/kernel_h_rd_addr_q_reg[3][5]","FDCE","u_dut/kernel_h_rd_addr_q_reg","u_dut/kernel_h_rd_data_tail_q_reg[50]","FDCE","u_dut/kernel_h_rd_data_tail_q_reg","4","0.325000000","1.558000000","1.883000000","0.827403080","SLICE_X87Y60","SLICE_X83Y57","","","SIGNATURE_SKIPPED|FDCE|FDCE","SIGNATURE_SKIPPED|FDCE|FDCE","DUT_INTERNAL","u_dut/kernel_h_rd_addr_q_reg","u_dut/kernel_h_rd_data_tail_q_reg","0.017000000"
"u_dut/kernel_h_rd_data_tail_q_reg[51]/CE","u_dut/u_unified_p4_kernel/slot_state_q_reg[2][1]/C","-0.124000000","clk","clk","clk","u_dut/u_unified_p4_kernel/slot_state_q_reg[2][1]","FDCE","u_dut/u_unified_p4_kernel/slot_state_q_reg","u_dut/kernel_h_rd_data_tail_q_reg[51]","FDCE","u_dut/kernel_h_rd_data_tail_q_reg","6","0.561000000","1.357000000","1.918000000","0.707507821","SLICE_X84Y76","SLICE_X84Y55","","","SIGNATURE_SKIPPED|FDCE|FDCE","SIGNATURE_SKIPPED|FDCE|FDCE","DUT_INTERNAL","u_dut/u_unified_p4_kernel/slot_state_q_reg","u_dut/kernel_h_rd_data_tail_q_reg","0.124000000"
"u_dut/kernel_h_rd_data_tail_q_reg[54]/CE","u_dut/u_unified_p4_kernel/slot_state_q_reg[2][1]/C","-0.021000000","clk","clk","clk","u_dut/u_unified_p4_kernel/slot_state_q_reg[2][1]","FDCE","u_dut/u_unified_p4_kernel/slot_state_q_reg","u_dut/kernel_h_rd_data_tail_q_reg[54]","FDCE","u_dut/kernel_h_rd_data_tail_q_reg","6","0.561000000","1.254000000","1.815000000","0.690909091","SLICE_X84Y76","SLICE_X84Y52","","","SIGNATURE_SKIPPED|FDCE|FDCE","SIGNATURE_SKIPPED|FDCE|FDCE","DUT_INTERNAL","u_dut/u_unified_p4_kernel/slot_state_q_reg","u_dut/kernel_h_rd_data_tail_q_reg","0.021000000"
"u_dut/kernel_h_rd_data_tail_q_reg[55]/CE","u_dut/u_unified_p4_kernel/slot_state_q_reg[2][1]/C","-0.121000000","clk","clk","clk","u_dut/u_unified_p4_kernel/slot_state_q_reg[2][1]","FDCE","u_dut/u_unified_p4_kernel/slot_state_q_reg","u_dut/kernel_h_rd_data_tail_q_reg[55]","FDCE","u_dut/kernel_h_rd_data_tail_q_reg","6","0.561000000","1.353000000","1.914000000","0.706896552","SLICE_X84Y76","SLICE_X85Y55","","","SIGNATURE_SKIPPED|FDCE|FDCE","SIGNATURE_SKIPPED|FDCE|FDCE","DUT_INTERNAL","u_dut/u_unified_p4_kernel/slot_state_q_reg","u_dut/kernel_h_rd_data_tail_q_reg","0.121000000"
"u_dut/kernel_h_rd_data_tail_q_reg[56]/CE","u_dut/u_unified_p4_kernel/slot_state_q_reg[2][1]/C","-0.082000000","clk","clk","clk","u_dut/u_unified_p4_kernel/slot_state_q_reg[2][1]","FDCE","u_dut/u_unified_p4_kernel/slot_state_q_reg","u_dut/kernel_h_rd_data_tail_q_reg[56]","FDCE","u_dut/kernel_h_rd_data_tail_q_reg","6","0.561000000","1.308000000","1.869000000","0.699839486","SLICE_X84Y76","SLICE_X85Y53","","","SIGNATURE_SKIPPED|FDCE|FDCE","SIGNATURE_SKIPPED|FDCE|FDCE","DUT_INTERNAL","u_dut/u_unified_p4_kernel/slot_state_q_reg","u_dut/kernel_h_rd_data_tail_q_reg","0.082000000"
"u_dut/kernel_h_rd_data_tail_q_reg[60]/CE","u_dut/u_unified_p4_kernel/slot_state_q_reg[2][1]/C","-0.026000000","clk","clk","clk","u_dut/u_unified_p4_kernel/slot_state_q_reg[2][1]","FDCE","u_dut/u_unified_p4_kernel/slot_state_q_reg","u_dut/kernel_h_rd_data_tail_q_reg[60]","FDCE","u_dut/kernel_h_rd_data_tail_q_reg","6","0.561000000","1.258000000","1.819000000","0.691588785","SLICE_X84Y76","SLICE_X84Y59","","","SIGNATURE_SKIPPED|FDCE|FDCE","SIGNATURE_SKIPPED|FDCE|FDCE","DUT_INTERNAL","u_dut/u_unified_p4_kernel/slot_state_q_reg","u_dut/kernel_h_rd_data_tail_q_reg","0.026000000"
"u_dut/kernel_h_rd_data_tail_q_reg[61]/CE","u_dut/u_unified_p4_kernel/slot_state_q_reg[2][1]/C","-0.121000000","clk","clk","clk","u_dut/u_unified_p4_kernel/slot_state_q_reg[2][1]","FDCE","u_dut/u_unified_p4_kernel/slot_state_q_reg","u_dut/kernel_h_rd_data_tail_q_reg[61]","FDCE","u_dut/kernel_h_rd_data_tail_q_reg","6","0.561000000","1.352000000","1.913000000","0.706743335","SLICE_X84Y76","SLICE_X85Y55","","","SIGNATURE_SKIPPED|FDCE|FDCE","SIGNATURE_SKIPPED|FDCE|FDCE","DUT_INTERNAL","u_dut/u_unified_p4_kernel/slot_state_q_reg","u_dut/kernel_h_rd_data_tail_q_reg","0.121000000"
"u_dut/kernel_h_rd_data_tail_q_reg[63]/D","u_dut/kernel_h_rd_addr_q_reg[3][0]/C","-0.004000000","clk","clk","clk","u_dut/kernel_h_rd_addr_q_reg[3][0]","FDCE","u_dut/kernel_h_rd_addr_q_reg","u_dut/kernel_h_rd_data_tail_q_reg[63]","FDCE","u_dut/kernel_h_rd_data_tail_q_reg","4","0.432000000","1.504000000","1.936000000","0.776859504","SLICE_X82Y55","SLICE_X83Y57","","","SIGNATURE_SKIPPED|FDCE|FDCE","SIGNATURE_SKIPPED|FDCE|FDCE","DUT_INTERNAL","u_dut/kernel_h_rd_addr_q_reg","u_dut/kernel_h_rd_data_tail_q_reg","0.004000000"
"u_dut/kernel_h_rd_data_tail_q_reg[6]/D","u_dut/kernel_h_rd_addr_q_reg[0][0]/C","-0.092000000","clk","clk","clk","u_dut/kernel_h_rd_addr_q_reg[0][0]","FDCE","u_dut/kernel_h_rd_addr_q_reg","u_dut/kernel_h_rd_data_tail_q_reg[6]","FDCE","u_dut/kernel_h_rd_data_tail_q_reg","4","0.458000000","1.512000000","1.970000000","0.767512690","SLICE_X88Y65","SLICE_X84Y57","","","SIGNATURE_SKIPPED|FDCE|FDCE","SIGNATURE_SKIPPED|FDCE|FDCE","DUT_INTERNAL","u_dut/kernel_h_rd_addr_q_reg","u_dut/kernel_h_rd_data_tail_q_reg","0.092000000"
"u_dut/kernel_h_rd_data_tail_q_reg[8]/D","u_dut/kernel_h_rd_addr_q_reg[0][1]/C","-0.027000000","clk","clk","clk","u_dut/kernel_h_rd_addr_q_reg[0][1]","FDCE","u_dut/kernel_h_rd_addr_q_reg","u_dut/kernel_h_rd_data_tail_q_reg[8]","FDCE","u_dut/kernel_h_rd_data_tail_q_reg","4","0.339000000","1.570000000","1.909000000","0.822420115","SLICE_X85Y84","SLICE_X84Y57","","","SIGNATURE_SKIPPED|FDCE|FDCE","SIGNATURE_SKIPPED|FDCE|FDCE","DUT_INTERNAL","u_dut/kernel_h_rd_addr_q_reg","u_dut/kernel_h_rd_data_tail_q_reg","0.027000000"
"u_dut/kernel_h_rd_data_tail_q_reg[9]/CE","u_dut/u_unified_p4_kernel/slot_state_q_reg[2][1]/C","-0.014000000","clk","clk","clk","u_dut/u_unified_p4_kernel/slot_state_q_reg[2][1]","FDCE","u_dut/u_unified_p4_kernel/slot_state_q_reg","u_dut/kernel_h_rd_data_tail_q_reg[9]","FDCE","u_dut/kernel_h_rd_data_tail_q_reg","6","0.561000000","1.246000000","1.807000000","0.689540675","SLICE_X84Y76","SLICE_X85Y51","","","SIGNATURE_SKIPPED|FDCE|FDCE","SIGNATURE_SKIPPED|FDCE|FDCE","DUT_INTERNAL","u_dut/u_unified_p4_kernel/slot_state_q_reg","u_dut/kernel_h_rd_data_tail_q_reg","0.014000000"
"u_dut/kernel_h_rd_raw_tail_vector_q_reg[3]/CE","u_dut/u_unified_p4_kernel/slot_state_q_reg[2][1]/C","-0.033000000","clk","clk","clk","u_dut/u_unified_p4_kernel/slot_state_q_reg[2][1]","FDCE","u_dut/u_unified_p4_kernel/slot_state_q_reg","u_dut/kernel_h_rd_raw_tail_vector_q_reg[3]","FDCE","u_dut/kernel_h_rd_raw_tail_vector_q_reg","6","0.561000000","1.351000000","1.912000000","0.706589958","SLICE_X84Y76","SLICE_X85Y64","","","SIGNATURE_SKIPPED|FDCE|FDCE","SIGNATURE_SKIPPED|FDCE|FDCE","DUT_INTERNAL","u_dut/u_unified_p4_kernel/slot_state_q_reg","u_dut/kernel_h_rd_raw_tail_vector_q_reg","0.033000000"
"u_dut/kernel_h_rd_raw_tail_vector_q_reg[5]/CE","u_dut/u_unified_p4_kernel/slot_state_q_reg[2][1]/C","-0.033000000","clk","clk","clk","u_dut/u_unified_p4_kernel/slot_state_q_reg[2][1]","FDCE","u_dut/u_unified_p4_kernel/slot_state_q_reg","u_dut/kernel_h_rd_raw_tail_vector_q_reg[5]","FDCE","u_dut/kernel_h_rd_raw_tail_vector_q_reg","6","0.561000000","1.351000000","1.912000000","0.706589958","SLICE_X84Y76","SLICE_X85Y64","","","SIGNATURE_SKIPPED|FDCE|FDCE","SIGNATURE_SKIPPED|FDCE|FDCE","DUT_INTERNAL","u_dut/u_unified_p4_kernel/slot_state_q_reg","u_dut/kernel_h_rd_raw_tail_vector_q_reg","0.033000000"
"u_dut/kernel_phase_q_reg[0]/CE","u_dut/vwrite_cmd_valid_q_reg/C","-0.055000000","clk","clk","clk","u_dut/vwrite_cmd_valid_q_reg","FDCE","u_dut/vwrite_cmd_valid_q_reg","u_dut/kernel_phase_q_reg[0]","FDCE","u_dut/kernel_phase_q_reg","3","0.390000000","1.404000000","1.794000000","0.782608696","SLICE_X91Y70","SLICE_X84Y64","","","SIGNATURE_SKIPPED|FDCE|FDCE","SIGNATURE_SKIPPED|FDCE|FDCE","DUT_INTERNAL","u_dut/vwrite_cmd_valid_q_reg","u_dut/kernel_phase_q_reg","0.055000000"
"u_dut/kernel_phase_q_reg[0]/D","u_dut/kernel_vector_q_reg[2]/C","-0.100000000","clk","clk","clk","u_dut/kernel_vector_q_reg[2]","FDCE","u_dut/kernel_vector_q_reg","u_dut/kernel_phase_q_reg[0]","FDCE","u_dut/kernel_phase_q_reg","6","0.491000000","1.516000000","2.007000000","0.755356253","SLICE_X76Y92","SLICE_X84Y64","","","SIGNATURE_SKIPPED|FDCE|FDCE","SIGNATURE_SKIPPED|FDCE|FDCE","DUT_INTERNAL","u_dut/kernel_vector_q_reg","u_dut/kernel_phase_q_reg","0.100000000"
"u_dut/kernel_phase_q_reg[1]/CE","u_dut/vwrite_cmd_valid_q_reg/C","-0.057000000","clk","clk","clk","u_dut/vwrite_cmd_valid_q_reg","FDCE","u_dut/vwrite_cmd_valid_q_reg","u_dut/kernel_phase_q_reg[1]","FDCE","u_dut/kernel_phase_q_reg","3","0.390000000","1.406000000","1.796000000","0.782850780","SLICE_X91Y70","SLICE_X85Y64","","","SIGNATURE_SKIPPED|FDCE|FDCE","SIGNATURE_SKIPPED|FDCE|FDCE","DUT_INTERNAL","u_dut/vwrite_cmd_valid_q_reg","u_dut/kernel_phase_q_reg","0.057000000"
"u_dut/kernel_phase_q_reg[1]_replica_2/CE","u_dut/vwrite_cmd_valid_q_reg/C","-0.057000000","clk","clk","clk","u_dut/vwrite_cmd_valid_q_reg","FDCE","u_dut/vwrite_cmd_valid_q_reg","u_dut/kernel_phase_q_reg[1]_replica_2","FDCE","u_dut/kernel_phase_q_reg_replica_2","3","0.390000000","1.406000000","1.796000000","0.782850780","SLICE_X91Y70","SLICE_X85Y64","","","SIGNATURE_SKIPPED|FDCE|FDCE","SIGNATURE_SKIPPED|FDCE|FDCE","DUT_INTERNAL","u_dut/vwrite_cmd_valid_q_reg","u_dut/kernel_phase_q_reg_replica_2","0.057000000"
"u_dut/kernel_phase_q_reg[3]/D","u_dut/kernel_run_q_reg/C","-0.002000000","clk","clk","clk","u_dut/kernel_run_q_reg","FDCE","u_dut/kernel_run_q_reg","u_dut/kernel_phase_q_reg[3]","FDCE","u_dut/kernel_phase_q_reg","2","0.211000000","1.645000000","1.856000000","0.886314655","SLICE_X74Y76","SLICE_X85Y75","","","SIGNATURE_SKIPPED|FDCE|FDCE","SIGNATURE_SKIPPED|FDCE|FDCE","DUT_INTERNAL","u_dut/kernel_run_q_reg","u_dut/kernel_phase_q_reg","0.002000000"
"u_dut/kernel_rd_raw_data_q_reg[10]/D","u_dut/rd_cmd_addr_q_reg[0][0][2]_replica_5/C","-0.047000000","clk","clk","clk","u_dut/rd_cmd_addr_q_reg[0][0][2]_replica_5","FDCE","u_dut/rd_cmd_addr_q_reg_replica_5","u_dut/kernel_rd_raw_data_q_reg[10]","FDCE","u_dut/kernel_rd_raw_data_q_reg","5","0.472000000","1.524000000","1.996000000","0.763527054","SLICE_X74Y48","SLICE_X70Y61","","","SIGNATURE_SKIPPED|FDCE|FDCE","SIGNATURE_SKIPPED|FDCE|FDCE","DUT_INTERNAL","u_dut/rd_cmd_addr_q_reg_replica_5","u_dut/kernel_rd_raw_data_q_reg","0.047000000"
"u_dut/kernel_rd_raw_data_q_reg[11]/D","u_dut/rd_cmd_addr_q_reg[0][0][0]/C","-0.072000000","clk","clk","clk","u_dut/rd_cmd_addr_q_reg[0][0][0]","FDCE","u_dut/rd_cmd_addr_q_reg","u_dut/kernel_rd_raw_data_q_reg[11]","FDCE","u_dut/kernel_rd_raw_data_q_reg","5","0.381000000","1.553000000","1.934000000","0.802998966","SLICE_X70Y60","SLICE_X70Y63","","","SIGNATURE_SKIPPED|FDCE|FDCE","SIGNATURE_SKIPPED|FDCE|FDCE","DUT_INTERNAL","u_dut/rd_cmd_addr_q_reg","u_dut/kernel_rd_raw_data_q_reg","0.072000000"
"u_dut/kernel_rd_raw_data_q_reg[13]/D","u_dut/rd_cmd_addr_q_reg[0][0][0]/C","-0.049000000","clk","clk","clk","u_dut/rd_cmd_addr_q_reg[0][0][0]","FDCE","u_dut/rd_cmd_addr_q_reg","u_dut/kernel_rd_raw_data_q_reg[13]","FDCE","u_dut/kernel_rd_raw_data_q_reg","5","0.511000000","1.404000000","1.915000000","0.733159269","SLICE_X70Y60","SLICE_X72Y56","","","SIGNATURE_SKIPPED|FDCE|FDCE","SIGNATURE_SKIPPED|FDCE|FDCE","DUT_INTERNAL","u_dut/rd_cmd_addr_q_reg","u_dut/kernel_rd_raw_data_q_reg","0.049000000"
"u_dut/kernel_rd_raw_data_q_reg[15]/D","u_dut/rd_cmd_addr_q_reg[1][0][2]/C","-0.069000000","clk","clk","clk","u_dut/rd_cmd_addr_q_reg[1][0][2]","FDCE","u_dut/rd_cmd_addr_q_reg","u_dut/kernel_rd_raw_data_q_reg[15]","FDCE","u_dut/kernel_rd_raw_data_q_reg","5","0.446000000","1.533000000","1.979000000","0.774633653","SLICE_X79Y63","SLICE_X73Y61","","","SIGNATURE_SKIPPED|FDCE|FDCE","SIGNATURE_SKIPPED|FDCE|FDCE","DUT_INTERNAL","u_dut/rd_cmd_addr_q_reg","u_dut/kernel_rd_raw_data_q_reg","0.069000000"
"u_dut/kernel_rd_raw_data_q_reg[19]/D","u_dut/rd_cmd_addr_q_reg[1][0][3]/C","-0.019000000","clk","clk","clk","u_dut/rd_cmd_addr_q_reg[1][0][3]","FDCE","u_dut/rd_cmd_addr_q_reg","u_dut/kernel_rd_raw_data_q_reg[19]","FDCE","u_dut/kernel_rd_raw_data_q_reg","5","0.430000000","1.451000000","1.881000000","0.771398192","SLICE_X62Y72","SLICE_X74Y66","","","SIGNATURE_SKIPPED|FDCE|FDCE","SIGNATURE_SKIPPED|FDCE|FDCE","DUT_INTERNAL","u_dut/rd_cmd_addr_q_reg","u_dut/kernel_rd_raw_data_q_reg","0.019000000"
"u_dut/kernel_rd_raw_data_q_reg[1]/D","u_dut/rd_cmd_addr_q_reg[0][0][0]/C","-0.071000000","clk","clk","clk","u_dut/rd_cmd_addr_q_reg[0][0][0]","FDCE","u_dut/rd_cmd_addr_q_reg","u_dut/kernel_rd_raw_data_q_reg[1]","FDCE","u_dut/kernel_rd_raw_data_q_reg","5","0.413000000","1.507000000","1.920000000","0.784895833","SLICE_X70Y60","SLICE_X73Y61","","","SIGNATURE_SKIPPED|FDCE|FDCE","SIGNATURE_SKIPPED|FDCE|FDCE","DUT_INTERNAL","u_dut/rd_cmd_addr_q_reg","u_dut/kernel_rd_raw_data_q_reg","0.071000000"
"u_dut/kernel_rd_raw_data_q_reg[20]/D","u_dut/rd_cmd_addr_q_reg[1][0][2]_replica_4/C","-0.131000000","clk","clk","clk","u_dut/rd_cmd_addr_q_reg[1][0][2]_replica_4","FDCE","u_dut/rd_cmd_addr_q_reg_replica_4","u_dut/kernel_rd_raw_data_q_reg[20]","FDCE","u_dut/kernel_rd_raw_data_q_reg","5","0.446000000","1.539000000","1.985000000","0.775314861","SLICE_X62Y72","SLICE_X73Y68","","","SIGNATURE_SKIPPED|FDCE|FDCE","SIGNATURE_SKIPPED|FDCE|FDCE","DUT_INTERNAL","u_dut/rd_cmd_addr_q_reg_replica_4","u_dut/kernel_rd_raw_data_q_reg","0.131000000"
"u_dut/kernel_rd_raw_data_q_reg[21]/D","u_dut/rd_cmd_addr_q_reg[0][0][2]_replica/C","-0.003000000","clk","clk","clk","u_dut/rd_cmd_addr_q_reg[0][0][2]_replica","FDCE","u_dut/rd_cmd_addr_q_reg_replica","u_dut/kernel_rd_raw_data_q_reg[21]","FDCE","u_dut/kernel_rd_raw_data_q_reg","5","0.384000000","1.480000000","1.864000000","0.793991416","SLICE_X71Y60","SLICE_X73Y64","","","SIGNATURE_SKIPPED|FDCE|FDCE","SIGNATURE_SKIPPED|FDCE|FDCE","DUT_INTERNAL","u_dut/rd_cmd_addr_q_reg_replica","u_dut/kernel_rd_raw_data_q_reg","0.003000000"
"u_dut/kernel_rd_raw_data_q_reg[23]/D","u_dut/rd_cmd_addr_q_reg[0][1][0]/C","-0.020000000","clk","clk","clk","u_dut/rd_cmd_addr_q_reg[0][1][0]","FDCE","u_dut/rd_cmd_addr_q_reg","u_dut/kernel_rd_raw_data_q_reg[23]","FDCE","u_dut/kernel_rd_raw_data_q_reg","5","0.469000000","1.531000000","2.000000000","0.765500000","SLICE_X71Y60","SLICE_X70Y64","","","SIGNATURE_SKIPPED|FDCE|FDCE","SIGNATURE_SKIPPED|FDCE|FDCE","DUT_INTERNAL","u_dut/rd_cmd_addr_q_reg","u_dut/kernel_rd_raw_data_q_reg","0.020000000"
"u_dut/kernel_rd_raw_data_q_reg[24]/D","u_dut/rd_cmd_addr_q_reg[0][0][2]_replica_2/C","-0.062000000","clk","clk","clk","u_dut/rd_cmd_addr_q_reg[0][0][2]_replica_2","FDCE","u_dut/rd_cmd_addr_q_reg_replica_2","u_dut/kernel_rd_raw_data_q_reg[24]","FDCE","u_dut/kernel_rd_raw_data_q_reg","5","0.436000000","1.494000000","1.930000000","0.774093264","SLICE_X72Y60","SLICE_X72Y64","","","SIGNATURE_SKIPPED|FDCE|FDCE","SIGNATURE_SKIPPED|FDCE|FDCE","DUT_INTERNAL","u_dut/rd_cmd_addr_q_reg_replica_2","u_dut/kernel_rd_raw_data_q_reg","0.062000000"
"u_dut/kernel_rd_raw_data_q_reg[27]/D","u_dut/rd_cmd_addr_q_reg[1][0][3]/C","-0.009000000","clk","clk","clk","u_dut/rd_cmd_addr_q_reg[1][0][3]","FDCE","u_dut/rd_cmd_addr_q_reg","u_dut/kernel_rd_raw_data_q_reg[27]","FDCE","u_dut/kernel_rd_raw_data_q_reg","5","0.494000000","1.419000000","1.913000000","0.741766858","SLICE_X62Y72","SLICE_X72Y68","","","SIGNATURE_SKIPPED|FDCE|FDCE","SIGNATURE_SKIPPED|FDCE|FDCE","DUT_INTERNAL","u_dut/rd_cmd_addr_q_reg","u_dut/kernel_rd_raw_data_q_reg","0.009000000"
"u_dut/kernel_rd_raw_data_q_reg[28]/D","u_dut/rd_cmd_addr_q_reg[0][0][2]_replica_2/C","-0.090000000","clk","clk","clk","u_dut/rd_cmd_addr_q_reg[0][0][2]_replica_2","FDCE","u_dut/rd_cmd_addr_q_reg_replica_2","u_dut/kernel_rd_raw_data_q_reg[28]","FDCE","u_dut/kernel_rd_raw_data_q_reg","5","0.419000000","1.535000000","1.954000000","0.785568066","SLICE_X72Y60","SLICE_X70Y64","","","SIGNATURE_SKIPPED|FDCE|FDCE","SIGNATURE_SKIPPED|FDCE|FDCE","DUT_INTERNAL","u_dut/rd_cmd_addr_q_reg_replica_2","u_dut/kernel_rd_raw_data_q_reg","0.090000000"
"u_dut/kernel_rd_raw_data_q_reg[29]/D","u_dut/rd_cmd_addr_q_reg[1][0][1]_replica_4/C","-0.050000000","clk","clk","clk","u_dut/rd_cmd_addr_q_reg[1][0][1]_replica_4","FDCE","u_dut/rd_cmd_addr_q_reg_replica_4","u_dut/kernel_rd_raw_data_q_reg[29]","FDCE","u_dut/kernel_rd_raw_data_q_reg","5","0.553000000","1.389000000","1.942000000","0.715242019","SLICE_X61Y72","SLICE_X68Y63","","","SIGNATURE_SKIPPED|FDCE|FDCE","SIGNATURE_SKIPPED|FDCE|FDCE","DUT_INTERNAL","u_dut/rd_cmd_addr_q_reg_replica_4","u_dut/kernel_rd_raw_data_q_reg","0.050000000"
"u_dut/kernel_rd_raw_data_q_reg[30]/D","u_dut/rd_cmd_addr_q_reg[0][1][0]/C","-0.055000000","clk","clk","clk","u_dut/rd_cmd_addr_q_reg[0][1][0]","FDCE","u_dut/rd_cmd_addr_q_reg","u_dut/kernel_rd_raw_data_q_reg[30]","FDCE","u_dut/kernel_rd_raw_data_q_reg","5","0.440000000","1.486000000","1.926000000","0.771547248","SLICE_X71Y60","SLICE_X70Y65","","","SIGNATURE_SKIPPED|FDCE|FDCE","SIGNATURE_SKIPPED|FDCE|FDCE","DUT_INTERNAL","u_dut/rd_cmd_addr_q_reg","u_dut/kernel_rd_raw_data_q_reg","0.055000000"
"u_dut/kernel_rd_raw_data_q_reg[31]/D","u_dut/rd_cmd_addr_q_reg[0][0][1]_replica_2/C","-0.059000000","clk","clk","clk","u_dut/rd_cmd_addr_q_reg[0][0][1]_replica_2","FDCE","u_dut/rd_cmd_addr_q_reg_replica_2","u_dut/kernel_rd_raw_data_q_reg[31]","FDCE","u_dut/kernel_rd_raw_data_q_reg","5","0.436000000","1.590000000","2.026000000","0.784797631","SLICE_X72Y60","SLICE_X72Y64","","","SIGNATURE_SKIPPED|FDCE|FDCE","SIGNATURE_SKIPPED|FDCE|FDCE","DUT_INTERNAL","u_dut/rd_cmd_addr_q_reg_replica_2","u_dut/kernel_rd_raw_data_q_reg","0.059000000"
"u_dut/kernel_rd_raw_data_q_reg[33]/D","u_dut/rd_cmd_addr_q_reg[0][2][4]/C","-0.099000000","clk","clk","clk","u_dut/rd_cmd_addr_q_reg[0][2][4]","FDCE","u_dut/rd_cmd_addr_q_reg","u_dut/kernel_rd_raw_data_q_reg[33]","FDCE","u_dut/kernel_rd_raw_data_q_reg","5","0.396000000","1.563000000","1.959000000","0.797856049","SLICE_X71Y64","SLICE_X73Y70","","","SIGNATURE_SKIPPED|FDCE|FDCE","SIGNATURE_SKIPPED|FDCE|FDCE","DUT_INTERNAL","u_dut/rd_cmd_addr_q_reg","u_dut/kernel_rd_raw_data_q_reg","0.099000000"
"u_dut/kernel_rd_raw_data_q_reg[34]/D","u_dut/rd_cmd_addr_q_reg[0][0][3]_replica_5/C","-0.079000000","clk","clk","clk","u_dut/rd_cmd_addr_q_reg[0][0][3]_replica_5","FDCE","u_dut/rd_cmd_addr_q_reg_replica_5","u_dut/kernel_rd_raw_data_q_reg[34]","FDCE","u_dut/kernel_rd_raw_data_q_reg","5","0.430000000","1.489000000","1.919000000","0.775924961","SLICE_X74Y59","SLICE_X73Y69","","","SIGNATURE_SKIPPED|FDCE|FDCE","SIGNATURE_SKIPPED|FDCE|FDCE","DUT_INTERNAL","u_dut/rd_cmd_addr_q_reg_replica_5","u_dut/kernel_rd_raw_data_q_reg","0.079000000"
"u_dut/kernel_rd_raw_data_q_reg[36]/D","u_dut/rd_cmd_addr_q_reg[0][2][0]/C","-0.096000000","clk","clk","clk","u_dut/rd_cmd_addr_q_reg[0][2][0]","FDCE","u_dut/rd_cmd_addr_q_reg","u_dut/kernel_rd_raw_data_q_reg[36]","FDCE","u_dut/kernel_rd_raw_data_q_reg","5","0.473000000","1.486000000","1.959000000","0.758550281","SLICE_X65Y60","SLICE_X74Y72","","","SIGNATURE_SKIPPED|FDCE|FDCE","SIGNATURE_SKIPPED|FDCE|FDCE","DUT_INTERNAL","u_dut/rd_cmd_addr_q_reg","u_dut/kernel_rd_raw_data_q_reg","0.096000000"
"u_dut/kernel_rd_raw_data_q_reg[38]/D","u_dut/rd_cmd_addr_q_reg[0][2][0]/C","-0.074000000","clk","clk","clk","u_dut/rd_cmd_addr_q_reg[0][2][0]","FDCE","u_dut/rd_cmd_addr_q_reg","u_dut/kernel_rd_raw_data_q_reg[38]","FDCE","u_dut/kernel_rd_raw_data_q_reg","5","0.515000000","1.424000000","1.939000000","0.734399175","SLICE_X65Y60","SLICE_X74Y67","","","SIGNATURE_SKIPPED|FDCE|FDCE","SIGNATURE_SKIPPED|FDCE|FDCE","DUT_INTERNAL","u_dut/rd_cmd_addr_q_reg","u_dut/kernel_rd_raw_data_q_reg","0.074000000"
"u_dut/kernel_rd_raw_data_q_reg[39]/D","u_dut/rd_cmd_addr_q_reg[0][2][0]/C","-0.110000000","clk","clk","clk","u_dut/rd_cmd_addr_q_reg[0][2][0]","FDCE","u_dut/rd_cmd_addr_q_reg","u_dut/kernel_rd_raw_data_q_reg[39]","FDCE","u_dut/kernel_rd_raw_data_q_reg","5","0.496000000","1.469000000","1.965000000","0.747582697","SLICE_X65Y60","SLICE_X73Y69","","","SIGNATURE_SKIPPED|FDCE|FDCE","SIGNATURE_SKIPPED|FDCE|FDCE","DUT_INTERNAL","u_dut/rd_cmd_addr_q_reg","u_dut/kernel_rd_raw_data_q_reg","0.110000000"
"u_dut/kernel_rd_raw_data_q_reg[3]/D","u_dut/rd_cmd_addr_q_reg[0][0][3]/C","-0.087000000","clk","clk","clk","u_dut/rd_cmd_addr_q_reg[0][0][3]","FDCE","u_dut/rd_cmd_addr_q_reg","u_dut/kernel_rd_raw_data_q_reg[3]","FDCE","u_dut/kernel_rd_raw_data_q_reg","5","0.410000000","1.542000000","1.952000000","0.789959016","SLICE_X63Y72","SLICE_X73Y63","","","SIGNATURE_SKIPPED|FDCE|FDCE","SIGNATURE_SKIPPED|FDCE|FDCE","DUT_INTERNAL","u_dut/rd_cmd_addr_q_reg","u_dut/kernel_rd_raw_data_q_reg","0.087000000"
"u_dut/kernel_rd_raw_data_q_reg[40]/D","u_dut/rd_cmd_addr_q_reg[0][0][3]/C","-0.084000000","clk","clk","clk","u_dut/rd_cmd_addr_q_reg[0][0][3]","FDCE","u_dut/rd_cmd_addr_q_reg","u_dut/kernel_rd_raw_data_q_reg[40]","FDCE","u_dut/kernel_rd_raw_data_q_reg","5","0.412000000","1.545000000","1.957000000","0.789473684","SLICE_X63Y72","SLICE_X70Y70","","","SIGNATURE_SKIPPED|FDCE|FDCE","SIGNATURE_SKIPPED|FDCE|FDCE","DUT_INTERNAL","u_dut/rd_cmd_addr_q_reg","u_dut/kernel_rd_raw_data_q_reg","0.084000000"
"u_dut/kernel_rd_raw_data_q_reg[42]/D","u_dut/rd_cmd_addr_q_reg[0][0][3]/C","-0.072000000","clk","clk","clk","u_dut/rd_cmd_addr_q_reg[0][0][3]","FDCE","u_dut/rd_cmd_addr_q_reg","u_dut/kernel_rd_raw_data_q_reg[42]","FDCE","u_dut/kernel_rd_raw_data_q_reg","5","0.376000000","1.570000000","1.946000000","0.806783145","SLICE_X63Y72","SLICE_X69Y66","","","SIGNATURE_SKIPPED|FDCE|FDCE","SIGNATURE_SKIPPED|FDCE|FDCE","DUT_INTERNAL","u_dut/rd_cmd_addr_q_reg","u_dut/kernel_rd_raw_data_q_reg","0.072000000"
"u_dut/kernel_rd_raw_data_q_reg[43]/D","u_dut/rd_cmd_addr_q_reg[0][2][0]/C","-0.038000000","clk","clk","clk","u_dut/rd_cmd_addr_q_reg[0][2][0]","FDCE","u_dut/rd_cmd_addr_q_reg","u_dut/kernel_rd_raw_data_q_reg[43]","FDCE","u_dut/kernel_rd_raw_data_q_reg","5","0.476000000","1.430000000","1.906000000","0.750262329","SLICE_X65Y60","SLICE_X72Y69","","","SIGNATURE_SKIPPED|FDCE|FDCE","SIGNATURE_SKIPPED|FDCE|FDCE","DUT_INTERNAL","u_dut/rd_cmd_addr_q_reg","u_dut/kernel_rd_raw_data_q_reg","0.038000000"
"u_dut/kernel_rd_raw_data_q_reg[44]/D","u_dut/rd_cmd_addr_q_reg[0][2][0]/C","-0.099000000","clk","clk","clk","u_dut/rd_cmd_addr_q_reg[0][2][0]","FDCE","u_dut/rd_cmd_addr_q_reg","u_dut/kernel_rd_raw_data_q_reg[44]","FDCE","u_dut/kernel_rd_raw_data_q_reg","5","0.512000000","1.452000000","1.964000000","0.739307536","SLICE_X65Y60","SLICE_X69Y68","","","SIGNATURE_SKIPPED|FDCE|FDCE","SIGNATURE_SKIPPED|FDCE|FDCE","DUT_INTERNAL","u_dut/rd_cmd_addr_q_reg","u_dut/kernel_rd_raw_data_q_reg","0.099000000"
"u_dut/kernel_rd_raw_data_q_reg[45]/D","u_dut/rd_cmd_addr_q_reg[0][2][0]/C","-0.121000000","clk","clk","clk","u_dut/rd_cmd_addr_q_reg[0][2][0]","FDCE","u_dut/rd_cmd_addr_q_reg","u_dut/kernel_rd_raw_data_q_reg[45]","FDCE","u_dut/kernel_rd_raw_data_q_reg","5","0.448000000","1.530000000","1.978000000","0.773508595","SLICE_X65Y60","SLICE_X73Y69","","","SIGNATURE_SKIPPED|FDCE|FDCE","SIGNATURE_SKIPPED|FDCE|FDCE","DUT_INTERNAL","u_dut/rd_cmd_addr_q_reg","u_dut/kernel_rd_raw_data_q_reg","0.121000000"
"u_dut/kernel_rd_raw_data_q_reg[46]/D","u_dut/rd_cmd_addr_q_reg[0][2][0]/C","-0.110000000","clk","clk","clk","u_dut/rd_cmd_addr_q_reg[0][2][0]","FDCE","u_dut/rd_cmd_addr_q_reg","u_dut/kernel_rd_raw_data_q_reg[46]","FDCE","u_dut/kernel_rd_raw_data_q_reg","5","0.444000000","1.532000000","1.976000000","0.775303644","SLICE_X65Y60","SLICE_X70Y65","","","SIGNATURE_SKIPPED|FDCE|FDCE","SIGNATURE_SKIPPED|FDCE|FDCE","DUT_INTERNAL","u_dut/rd_cmd_addr_q_reg","u_dut/kernel_rd_raw_data_q_reg","0.110000000"
"u_dut/kernel_rd_raw_data_q_reg[47]/D","u_dut/rd_cmd_addr_q_reg[0][0][1]_replica_5/C","-0.070000000","clk","clk","clk","u_dut/rd_cmd_addr_q_reg[0][0][1]_replica_5","FDCE","u_dut/rd_cmd_addr_q_reg_replica_5","u_dut/kernel_rd_raw_data_q_reg[47]","FDCE","u_dut/kernel_rd_raw_data_q_reg","5","0.370000000","1.551000000","1.921000000","0.807391983","SLICE_X74Y48","SLICE_X72Y64","","","SIGNATURE_SKIPPED|FDCE|FDCE","SIGNATURE_SKIPPED|FDCE|FDCE","DUT_INTERNAL","u_dut/rd_cmd_addr_q_reg_replica_5","u_dut/kernel_rd_raw_data_q_reg","0.070000000"
"u_dut/kernel_rd_raw_data_q_reg[48]/D","u_dut/rd_cmd_addr_q_reg[1][3][0]/C","-0.086000000","clk","clk","clk","u_dut/rd_cmd_addr_q_reg[1][3][0]","FDCE","u_dut/rd_cmd_addr_q_reg","u_dut/kernel_rd_raw_data_q_reg[48]","FDCE","u_dut/kernel_rd_raw_data_q_reg","5","0.445000000","1.476000000","1.921000000","0.768349818","SLICE_X74Y59","SLICE_X77Y66","","","SIGNATURE_SKIPPED|FDCE|FDCE","SIGNATURE_SKIPPED|FDCE|FDCE","DUT_INTERNAL","u_dut/rd_cmd_addr_q_reg","u_dut/kernel_rd_raw_data_q_reg","0.086000000"
"u_dut/kernel_rd_raw_data_q_reg[49]/D","u_dut/rd_cmd_addr_q_reg[1][3][0]/C","-0.106000000","clk","clk","clk","u_dut/rd_cmd_addr_q_reg[1][3][0]","FDCE","u_dut/rd_cmd_addr_q_reg","u_dut/kernel_rd_raw_data_q_reg[49]","FDCE","u_dut/kernel_rd_raw_data_q_reg","5","0.488000000","1.457000000","1.945000000","0.749100257","SLICE_X74Y59","SLICE_X73Y63","","","SIGNATURE_SKIPPED|FDCE|FDCE","SIGNATURE_SKIPPED|FDCE|FDCE","DUT_INTERNAL","u_dut/rd_cmd_addr_q_reg","u_dut/kernel_rd_raw_data_q_reg","0.106000000"
"u_dut/kernel_rd_raw_data_q_reg[4]/D","u_dut/rd_cmd_addr_q_reg[0][0][0]/C","-0.038000000","clk","clk","clk","u_dut/rd_cmd_addr_q_reg[0][0][0]","FDCE","u_dut/rd_cmd_addr_q_reg","u_dut/kernel_rd_raw_data_q_reg[4]","FDCE","u_dut/kernel_rd_raw_data_q_reg","5","0.444000000","1.441000000","1.885000000","0.764456233","SLICE_X70Y60","SLICE_X73Y64","","","SIGNATURE_SKIPPED|FDCE|FDCE","SIGNATURE_SKIPPED|FDCE|FDCE","DUT_INTERNAL","u_dut/rd_cmd_addr_q_reg","u_dut/kernel_rd_raw_data_q_reg","0.038000000"
"u_dut/kernel_rd_raw_data_q_reg[50]/D","u_dut/rd_cmd_addr_q_reg[1][0][2]/C","-0.083000000","clk","clk","clk","u_dut/rd_cmd_addr_q_reg[1][0][2]","FDCE","u_dut/rd_cmd_addr_q_reg","u_dut/kernel_rd_raw_data_q_reg[50]","FDCE","u_dut/kernel_rd_raw_data_q_reg","5","0.400000000","1.598000000","1.998000000","0.799799800","SLICE_X79Y63","SLICE_X74Y68","","","SIGNATURE_SKIPPED|FDCE|FDCE","SIGNATURE_SKIPPED|FDCE|FDCE","DUT_INTERNAL","u_dut/rd_cmd_addr_q_reg","u_dut/kernel_rd_raw_data_q_reg","0.083000000"
"u_dut/kernel_rd_raw_data_q_reg[51]/D","u_dut/rd_cmd_addr_q_reg[1][0][2]/C","-0.065000000","clk","clk","clk","u_dut/rd_cmd_addr_q_reg[1][0][2]","FDCE","u_dut/rd_cmd_addr_q_reg","u_dut/kernel_rd_raw_data_q_reg[51]","FDCE","u_dut/kernel_rd_raw_data_q_reg","5","0.439000000","1.535000000","1.974000000","0.777608916","SLICE_X79Y63","SLICE_X78Y62","","","SIGNATURE_SKIPPED|FDCE|FDCE","SIGNATURE_SKIPPED|FDCE|FDCE","DUT_INTERNAL","u_dut/rd_cmd_addr_q_reg","u_dut/kernel_rd_raw_data_q_reg","0.065000000"
"u_dut/kernel_rd_raw_data_q_reg[52]/D","u_dut/rd_cmd_addr_q_reg[1][3][0]/C","-0.035000000","clk","clk","clk","u_dut/rd_cmd_addr_q_reg[1][3][0]","FDCE","u_dut/rd_cmd_addr_q_reg","u_dut/kernel_rd_raw_data_q_reg[52]","FDCE","u_dut/kernel_rd_raw_data_q_reg","5","0.442000000","1.435000000","1.877000000","0.764517848","SLICE_X74Y59","SLICE_X76Y65","","","SIGNATURE_SKIPPED|FDCE|FDCE","SIGNATURE_SKIPPED|FDCE|FDCE","DUT_INTERNAL","u_dut/rd_cmd_addr_q_reg","u_dut/kernel_rd_raw_data_q_reg","0.035000000"
"u_dut/kernel_rd_raw_data_q_reg[53]/D","u_dut/rd_cmd_addr_q_reg[1][0][2]/C","-0.093000000","clk","clk","clk","u_dut/rd_cmd_addr_q_reg[1][0][2]","FDCE","u_dut/rd_cmd_addr_q_reg","u_dut/kernel_rd_raw_data_q_reg[53]","FDCE","u_dut/kernel_rd_raw_data_q_reg","5","0.418000000","1.585000000","2.003000000","0.791313030","SLICE_X79Y63","SLICE_X76Y65","","","SIGNATURE_SKIPPED|FDCE|FDCE","SIGNATURE_SKIPPED|FDCE|FDCE","DUT_INTERNAL","u_dut/rd_cmd_addr_q_reg","u_dut/kernel_rd_raw_data_q_reg","0.093000000"
"u_dut/kernel_rd_raw_data_q_reg[55]/D","u_dut/rd_cmd_addr_q_reg[1][3][0]/C","-0.020000000","clk","clk","clk","u_dut/rd_cmd_addr_q_reg[1][3][0]","FDCE","u_dut/rd_cmd_addr_q_reg","u_dut/kernel_rd_raw_data_q_reg[55]","FDCE","u_dut/kernel_rd_raw_data_q_reg","5","0.530000000","1.329000000","1.859000000","0.714900484","SLICE_X74Y59","SLICE_X77Y68","","","SIGNATURE_SKIPPED|FDCE|FDCE","SIGNATURE_SKIPPED|FDCE|FDCE","DUT_INTERNAL","u_dut/rd_cmd_addr_q_reg","u_dut/kernel_rd_raw_data_q_reg","0.020000000"
"u_dut/kernel_rd_raw_data_q_reg[56]/D","u_dut/rd_cmd_addr_q_reg[1][3][0]/C","-0.073000000","clk","clk","clk","u_dut/rd_cmd_addr_q_reg[1][3][0]","FDCE","u_dut/rd_cmd_addr_q_reg","u_dut/kernel_rd_raw_data_q_reg[56]","FDCE","u_dut/kernel_rd_raw_data_q_reg","5","0.435000000","1.479000000","1.914000000","0.772727273","SLICE_X74Y59","SLICE_X76Y64","","","SIGNATURE_SKIPPED|FDCE|FDCE","SIGNATURE_SKIPPED|FDCE|FDCE","DUT_INTERNAL","u_dut/rd_cmd_addr_q_reg","u_dut/kernel_rd_raw_data_q_reg","0.073000000"
"u_dut/kernel_rd_raw_data_q_reg[57]/D","u_dut/rd_cmd_addr_q_reg[1][3][0]/C","-0.082000000","clk","clk","clk","u_dut/rd_cmd_addr_q_reg[1][3][0]","FDCE","u_dut/rd_cmd_addr_q_reg","u_dut/kernel_rd_raw_data_q_reg[57]","FDCE","u_dut/kernel_rd_raw_data_q_reg","5","0.465000000","1.458000000","1.923000000","0.758190328","SLICE_X74Y59","SLICE_X77Y63","","","SIGNATURE_SKIPPED|FDCE|FDCE","SIGNATURE_SKIPPED|FDCE|FDCE","DUT_INTERNAL","u_dut/rd_cmd_addr_q_reg","u_dut/kernel_rd_raw_data_q_reg","0.082000000"
"u_dut/kernel_rd_raw_data_q_reg[58]/D","u_dut/rd_cmd_addr_q_reg[1][3][0]/C","-0.093000000","clk","clk","clk","u_dut/rd_cmd_addr_q_reg[1][3][0]","FDCE","u_dut/rd_cmd_addr_q_reg","u_dut/kernel_rd_raw_data_q_reg[58]","FDCE","u_dut/kernel_rd_raw_data_q_reg","5","0.479000000","1.454000000","1.933000000","0.752198655","SLICE_X74Y59","SLICE_X76Y66","","","SIGNATURE_SKIPPED|FDCE|FDCE","SIGNATURE_SKIPPED|FDCE|FDCE","DUT_INTERNAL","u_dut/rd_cmd_addr_q_reg","u_dut/kernel_rd_raw_data_q_reg","0.093000000"
"u_dut/kernel_rd_raw_data_q_reg[60]/D","u_dut/rd_cmd_addr_q_reg[1][0][2]_replica/C","-0.073000000","clk","clk","clk","u_dut/rd_cmd_addr_q_reg[1][0][2]_replica","FDCE","u_dut/rd_cmd_addr_q_reg_replica","u_dut/kernel_rd_raw_data_q_reg[60]","FDCE","u_dut/kernel_rd_raw_data_q_reg","5","0.392000000","1.544000000","1.936000000","0.797520661","SLICE_X71Y71","SLICE_X73Y65","","","SIGNATURE_SKIPPED|FDCE|FDCE","SIGNATURE_SKIPPED|FDCE|FDCE","DUT_INTERNAL","u_dut/rd_cmd_addr_q_reg_replica","u_dut/kernel_rd_raw_data_q_reg","0.073000000"
"u_dut/kernel_rd_raw_data_q_reg[61]/D","u_dut/rd_cmd_addr_q_reg[1][3][0]/C","-0.033000000","clk","clk","clk","u_dut/rd_cmd_addr_q_reg[1][3][0]","FDCE","u_dut/rd_cmd_addr_q_reg","u_dut/kernel_rd_raw_data_q_reg[61]","FDCE","u_dut/kernel_rd_raw_data_q_reg","5","0.438000000","1.437000000","1.875000000","0.766400000","SLICE_X74Y59","SLICE_X74Y70","","","SIGNATURE_SKIPPED|FDCE|FDCE","SIGNATURE_SKIPPED|FDCE|FDCE","DUT_INTERNAL","u_dut/rd_cmd_addr_q_reg","u_dut/kernel_rd_raw_data_q_reg","0.033000000"
"u_dut/kernel_rd_raw_data_q_reg[62]/D","u_dut/rd_cmd_addr_q_reg[0][0][3]_replica_1/C","-0.123000000","clk","clk","clk","u_dut/rd_cmd_addr_q_reg[0][0][3]_replica_1","FDCE","u_dut/rd_cmd_addr_q_reg_replica_1","u_dut/kernel_rd_raw_data_q_reg[62]","FDCE","u_dut/kernel_rd_raw_data_q_reg","5","0.498000000","1.505000000","2.003000000","0.751372941","SLICE_X81Y49","SLICE_X74Y72","","","SIGNATURE_SKIPPED|FDCE|FDCE","SIGNATURE_SKIPPED|FDCE|FDCE","DUT_INTERNAL","u_dut/rd_cmd_addr_q_reg_replica_1","u_dut/kernel_rd_raw_data_q_reg","0.123000000"
"u_dut/kernel_rd_raw_data_q_reg[63]/D","u_dut/rd_cmd_addr_q_reg[1][0][2]_replica/C","-0.040000000","clk","clk","clk","u_dut/rd_cmd_addr_q_reg[1][0][2]_replica","FDCE","u_dut/rd_cmd_addr_q_reg_replica","u_dut/kernel_rd_raw_data_q_reg[63]","FDCE","u_dut/kernel_rd_raw_data_q_reg","5","0.441000000","1.460000000","1.901000000","0.768016833","SLICE_X71Y71","SLICE_X79Y67","","","SIGNATURE_SKIPPED|FDCE|FDCE","SIGNATURE_SKIPPED|FDCE|FDCE","DUT_INTERNAL","u_dut/rd_cmd_addr_q_reg_replica","u_dut/kernel_rd_raw_data_q_reg","0.040000000"
"u_dut/kernel_rd_raw_data_q_reg[7]/D","u_dut/rd_cmd_addr_q_reg[1][0][1]_replica_1/C","-0.014000000","clk","clk","clk","u_dut/rd_cmd_addr_q_reg[1][0][1]_replica_1","FDCE","u_dut/rd_cmd_addr_q_reg_replica_1","u_dut/kernel_rd_raw_data_q_reg[7]","FDCE","u_dut/kernel_rd_raw_data_q_reg","5","0.434000000","1.549000000","1.983000000","0.781139687","SLICE_X74Y50","SLICE_X72Y62","","","SIGNATURE_SKIPPED|FDCE|FDCE","SIGNATURE_SKIPPED|FDCE|FDCE","DUT_INTERNAL","u_dut/rd_cmd_addr_q_reg_replica_1","u_dut/kernel_rd_raw_data_q_reg","0.014000000"
"u_dut/kernel_rd_raw_data_q_reg[8]/D","u_dut/rd_cmd_addr_q_reg[1][0][2]_replica_1/C","-0.088000000","clk","clk","clk","u_dut/rd_cmd_addr_q_reg[1][0][2]_replica_1","FDCE","u_dut/rd_cmd_addr_q_reg_replica_1","u_dut/kernel_rd_raw_data_q_reg[8]","FDCE","u_dut/kernel_rd_raw_data_q_reg","5","0.411000000","1.525000000","1.936000000","0.787706612","SLICE_X74Y48","SLICE_X68Y63","","","SIGNATURE_SKIPPED|FDCE|FDCE","SIGNATURE_SKIPPED|FDCE|FDCE","DUT_INTERNAL","u_dut/rd_cmd_addr_q_reg_replica_1","u_dut/kernel_rd_raw_data_q_reg","0.088000000"
"u_dut/kernel_rd_raw_data_q_reg[9]/D","u_dut/rd_cmd_addr_q_reg[0][0][2]_replica_5/C","-0.032000000","clk","clk","clk","u_dut/rd_cmd_addr_q_reg[0][0][2]_replica_5","FDCE","u_dut/rd_cmd_addr_q_reg_replica_5","u_dut/kernel_rd_raw_data_q_reg[9]","FDCE","u_dut/kernel_rd_raw_data_q_reg","5","0.390000000","1.589000000","1.979000000","0.802930773","SLICE_X74Y48","SLICE_X70Y66","","","SIGNATURE_SKIPPED|FDCE|FDCE","SIGNATURE_SKIPPED|FDCE|FDCE","DUT_INTERNAL","u_dut/rd_cmd_addr_q_reg_replica_5","u_dut/kernel_rd_raw_data_q_reg","0.032000000"
"u_dut/kernel_rd_raw_pending_q_reg/D","u_dut/kernel_vector_q_reg[2]/C","-0.089000000","clk","clk","clk","u_dut/kernel_vector_q_reg[2]","FDCE","u_dut/kernel_vector_q_reg","u_dut/kernel_rd_raw_pending_q_reg","FDCE","u_dut/kernel_rd_raw_pending_q_reg","6","0.571000000","1.453000000","2.024000000","0.717885375","SLICE_X76Y92","SLICE_X75Y75","","","SIGNATURE_SKIPPED|FDCE|FDCE","SIGNATURE_SKIPPED|FDCE|FDCE","DUT_INTERNAL","u_dut/kernel_vector_q_reg","u_dut/kernel_rd_raw_pending_q_reg","0.089000000"
"u_dut/kernel_rd_req_group_q_reg[0]/CE","u_dut/kernel_vector_q_reg[2]/C","-0.064000000","clk","clk","clk","u_dut/kernel_vector_q_reg[2]","FDCE","u_dut/kernel_vector_q_reg","u_dut/kernel_rd_req_group_q_reg[0]","FDCE","u_dut/kernel_rd_req_group_q_reg","5","0.575000000","1.329000000","1.904000000","0.698004202","SLICE_X76Y92","SLICE_X75Y76","","","SIGNATURE_SKIPPED|FDCE|FDCE","SIGNATURE_SKIPPED|FDCE|FDCE","DUT_INTERNAL","u_dut/kernel_vector_q_reg","u_dut/kernel_rd_req_group_q_reg","0.064000000"
"u_dut/kernel_rd_req_group_q_reg[1]/CE","u_dut/kernel_vector_q_reg[2]/C","-0.064000000","clk","clk","clk","u_dut/kernel_vector_q_reg[2]","FDCE","u_dut/kernel_vector_q_reg","u_dut/kernel_rd_req_group_q_reg[1]","FDCE","u_dut/kernel_rd_req_group_q_reg","5","0.575000000","1.329000000","1.904000000","0.698004202","SLICE_X76Y92","SLICE_X75Y76","","","SIGNATURE_SKIPPED|FDCE|FDCE","SIGNATURE_SKIPPED|FDCE|FDCE","DUT_INTERNAL","u_dut/kernel_vector_q_reg","u_dut/kernel_rd_req_group_q_reg","0.064000000"
"u_dut/kernel_rd_req_group_q_reg[2]/CE","u_dut/kernel_vector_q_reg[2]/C","-0.064000000","clk","clk","clk","u_dut/kernel_vector_q_reg[2]","FDCE","u_dut/kernel_vector_q_reg","u_dut/kernel_rd_req_group_q_reg[2]","FDCE","u_dut/kernel_rd_req_group_q_reg","5","0.575000000","1.329000000","1.904000000","0.698004202","SLICE_X76Y92","SLICE_X75Y76","","","SIGNATURE_SKIPPED|FDCE|FDCE","SIGNATURE_SKIPPED|FDCE|FDCE","DUT_INTERNAL","u_dut/kernel_vector_q_reg","u_dut/kernel_rd_req_group_q_reg","0.064000000"
"u_dut/kernel_rd_req_group_q_reg[3]/CE","u_dut/kernel_vector_q_reg[2]/C","-0.079000000","clk","clk","clk","u_dut/kernel_vector_q_reg[2]","FDCE","u_dut/kernel_vector_q_reg","u_dut/kernel_rd_req_group_q_reg[3]","FDCE","u_dut/kernel_rd_req_group_q_reg","5","0.575000000","1.353000000","1.928000000","0.701763485","SLICE_X76Y92","SLICE_X75Y75","","","SIGNATURE_SKIPPED|FDCE|FDCE","SIGNATURE_SKIPPED|FDCE|FDCE","DUT_INTERNAL","u_dut/kernel_vector_q_reg","u_dut/kernel_rd_req_group_q_reg","0.079000000"
"u_dut/kernel_rd_req_group_q_reg[4]/CE","u_dut/kernel_vector_q_reg[2]/C","-0.065000000","clk","clk","clk","u_dut/kernel_vector_q_reg[2]","FDCE","u_dut/kernel_vector_q_reg","u_dut/kernel_rd_req_group_q_reg[4]","FDCE","u_dut/kernel_rd_req_group_q_reg","5","0.575000000","1.329000000","1.904000000","0.698004202","SLICE_X76Y92","SLICE_X75Y76","","","SIGNATURE_SKIPPED|FDCE|FDCE","SIGNATURE_SKIPPED|FDCE|FDCE","DUT_INTERNAL","u_dut/kernel_vector_q_reg","u_dut/kernel_rd_req_group_q_reg","0.065000000"
"u_dut/kernel_rd_req_vector_q_reg[3]/CE","u_dut/kernel_vector_q_reg[2]/C","-0.050000000","clk","clk","clk","u_dut/kernel_vector_q_reg[2]","FDCE","u_dut/kernel_vector_q_reg","u_dut/kernel_rd_req_vector_q_reg[3]","FDCE","u_dut/kernel_rd_req_vector_q_reg","4","0.520000000","1.371000000","1.891000000","0.725013221","SLICE_X76Y92","SLICE_X75Y79","","","SIGNATURE_SKIPPED|FDCE|FDCE","SIGNATURE_SKIPPED|FDCE|FDCE","DUT_INTERNAL","u_dut/kernel_vector_q_reg","u_dut/kernel_rd_req_vector_q_reg","0.050000000"
"u_dut/kernel_rd_req_vector_q_reg[4]/CE","u_dut/kernel_vector_q_reg[2]/C","-0.051000000","clk","clk","clk","u_dut/kernel_vector_q_reg[2]","FDCE","u_dut/kernel_vector_q_reg","u_dut/kernel_rd_req_vector_q_reg[4]","FDCE","u_dut/kernel_rd_req_vector_q_reg","4","0.520000000","1.371000000","1.891000000","0.725013221","SLICE_X76Y92","SLICE_X75Y79","","","SIGNATURE_SKIPPED|FDCE|FDCE","SIGNATURE_SKIPPED|FDCE|FDCE","DUT_INTERNAL","u_dut/kernel_vector_q_reg","u_dut/kernel_rd_req_vector_q_reg","0.051000000"
"u_dut/kernel_rd_req_vector_q_reg[6]/CE","u_dut/kernel_vector_q_reg[2]/C","-0.051000000","clk","clk","clk","u_dut/kernel_vector_q_reg[2]","FDCE","u_dut/kernel_vector_q_reg","u_dut/kernel_rd_req_vector_q_reg[6]","FDCE","u_dut/kernel_rd_req_vector_q_reg","4","0.520000000","1.371000000","1.891000000","0.725013221","SLICE_X76Y92","SLICE_X75Y79","","","SIGNATURE_SKIPPED|FDCE|FDCE","SIGNATURE_SKIPPED|FDCE|FDCE","DUT_INTERNAL","u_dut/kernel_vector_q_reg","u_dut/kernel_rd_req_vector_q_reg","0.051000000"
"u_dut/kernel_rd_resp_data_q_reg[0]/CE","u_dut/u_unified_p4_kernel/slot_state_q_reg[2][1]/C","-0.026000000","clk","clk","clk","u_dut/u_unified_p4_kernel/slot_state_q_reg[2][1]","FDCE","u_dut/u_unified_p4_kernel/slot_state_q_reg","u_dut/kernel_rd_resp_data_q_reg[0]","FDCE","u_dut/kernel_rd_resp_data_q_reg","5","0.587000000","1.282000000","1.869000000","0.685928304","SLICE_X84Y76","SLICE_X77Y67","","","SIGNATURE_SKIPPED|FDCE|FDCE","SIGNATURE_SKIPPED|FDCE|FDCE","DUT_INTERNAL","u_dut/u_unified_p4_kernel/slot_state_q_reg","u_dut/kernel_rd_resp_data_q_reg","0.026000000"
"u_dut/kernel_rd_resp_data_q_reg[16]/CE","u_dut/u_unified_p4_kernel/slot_state_q_reg[2][1]/C","-0.035000000","clk","clk","clk","u_dut/u_unified_p4_kernel/slot_state_q_reg[2][1]","FDCE","u_dut/u_unified_p4_kernel/slot_state_q_reg","u_dut/kernel_rd_resp_data_q_reg[16]","FDCE","u_dut/kernel_rd_resp_data_q_reg","5","0.587000000","1.294000000","1.881000000","0.687931951","SLICE_X84Y76","SLICE_X77Y68","","","SIGNATURE_SKIPPED|FDCE|FDCE","SIGNATURE_SKIPPED|FDCE|FDCE","DUT_INTERNAL","u_dut/u_unified_p4_kernel/slot_state_q_reg","u_dut/kernel_rd_resp_data_q_reg","0.035000000"
"u_dut/kernel_rd_resp_data_q_reg[22]/CE","u_dut/u_unified_p4_kernel/slot_state_q_reg[2][1]/C","-0.007000000","clk","clk","clk","u_dut/u_unified_p4_kernel/slot_state_q_reg[2][1]","FDCE","u_dut/u_unified_p4_kernel/slot_state_q_reg","u_dut/kernel_rd_resp_data_q_reg[22]","FDCE","u_dut/kernel_rd_resp_data_q_reg","5","0.587000000","1.269000000","1.856000000","0.683728448","SLICE_X84Y76","SLICE_X78Y68","","","SIGNATURE_SKIPPED|FDCE|FDCE","SIGNATURE_SKIPPED|FDCE|FDCE","DUT_INTERNAL","u_dut/u_unified_p4_kernel/slot_state_q_reg","u_dut/kernel_rd_resp_data_q_reg","0.007000000"
"u_dut/kernel_rd_resp_data_q_reg[25]/CE","u_dut/u_unified_p4_kernel/slot_state_q_reg[2][1]/C","-0.008000000","clk","clk","clk","u_dut/u_unified_p4_kernel/slot_state_q_reg[2][1]","FDCE","u_dut/u_unified_p4_kernel/slot_state_q_reg","u_dut/kernel_rd_resp_data_q_reg[25]","FDCE","u_dut/kernel_rd_resp_data_q_reg","5","0.587000000","1.263000000","1.850000000","0.682702703","SLICE_X84Y76","SLICE_X77Y66","","","SIGNATURE_SKIPPED|FDCE|FDCE","SIGNATURE_SKIPPED|FDCE|FDCE","DUT_INTERNAL","u_dut/u_unified_p4_kernel/slot_state_q_reg","u_dut/kernel_rd_resp_data_q_reg","0.008000000"
"u_dut/kernel_rd_resp_data_q_reg[27]/CE","u_dut/u_unified_p4_kernel/slot_state_q_reg[2][1]/C","-0.004000000","clk","clk","clk","u_dut/u_unified_p4_kernel/slot_state_q_reg[2][1]","FDCE","u_dut/u_unified_p4_kernel/slot_state_q_reg","u_dut/kernel_rd_resp_data_q_reg[27]","FDCE","u_dut/kernel_rd_resp_data_q_reg","5","0.587000000","1.258000000","1.845000000","0.681842818","SLICE_X84Y76","SLICE_X73Y75","","","SIGNATURE_SKIPPED|FDCE|FDCE","SIGNATURE_SKIPPED|FDCE|FDCE","DUT_INTERNAL","u_dut/u_unified_p4_kernel/slot_state_q_reg","u_dut/kernel_rd_resp_data_q_reg","0.004000000"
"u_dut/kernel_rd_resp_data_q_reg[28]/CE","u_dut/u_unified_p4_kernel/slot_state_q_reg[2][1]/C","-0.035000000","clk","clk","clk","u_dut/u_unified_p4_kernel/slot_state_q_reg[2][1]","FDCE","u_dut/u_unified_p4_kernel/slot_state_q_reg","u_dut/kernel_rd_resp_data_q_reg[28]","FDCE","u_dut/kernel_rd_resp_data_q_reg","5","0.587000000","1.294000000","1.881000000","0.687931951","SLICE_X84Y76","SLICE_X77Y68","","","SIGNATURE_SKIPPED|FDCE|FDCE","SIGNATURE_SKIPPED|FDCE|FDCE","DUT_INTERNAL","u_dut/u_unified_p4_kernel/slot_state_q_reg","u_dut/kernel_rd_resp_data_q_reg","0.035000000"
"u_dut/kernel_rd_resp_data_q_reg[31]/CE","u_dut/u_unified_p4_kernel/slot_state_q_reg[2][1]/C","-0.025000000","clk","clk","clk","u_dut/u_unified_p4_kernel/slot_state_q_reg[2][1]","FDCE","u_dut/u_unified_p4_kernel/slot_state_q_reg","u_dut/kernel_rd_resp_data_q_reg[31]","FDCE","u_dut/kernel_rd_resp_data_q_reg","5","0.587000000","1.286000000","1.873000000","0.686599039","SLICE_X84Y76","SLICE_X76Y68","","","SIGNATURE_SKIPPED|FDCE|FDCE","SIGNATURE_SKIPPED|FDCE|FDCE","DUT_INTERNAL","u_dut/u_unified_p4_kernel/slot_state_q_reg","u_dut/kernel_rd_resp_data_q_reg","0.025000000"
"u_dut/kernel_rd_resp_data_q_reg[40]/CE","u_dut/u_unified_p4_kernel/slot_state_q_reg[2][1]/C","-0.035000000","clk","clk","clk","u_dut/u_unified_p4_kernel/slot_state_q_reg[2][1]","FDCE","u_dut/u_unified_p4_kernel/slot_state_q_reg","u_dut/kernel_rd_resp_data_q_reg[40]","FDCE","u_dut/kernel_rd_resp_data_q_reg","5","0.587000000","1.294000000","1.881000000","0.687931951","SLICE_X84Y76","SLICE_X78Y68","","","SIGNATURE_SKIPPED|FDCE|FDCE","SIGNATURE_SKIPPED|FDCE|FDCE","DUT_INTERNAL","u_dut/u_unified_p4_kernel/slot_state_q_reg","u_dut/kernel_rd_resp_data_q_reg","0.035000000"
"u_dut/kernel_rd_resp_data_q_reg[45]/D","u_dut/kernel_cut_h_q_reg[3]/C","-0.015000000","clk","clk","clk","u_dut/kernel_cut_h_q_reg[3]","FDCE","u_dut/kernel_cut_h_q_reg","u_dut/kernel_rd_resp_data_q_reg[45]","FDCE","u_dut/kernel_rd_resp_data_q_reg","4","0.538000000","1.374000000","1.912000000","0.718619247","SLICE_X85Y70","SLICE_X77Y76","","","SIGNATURE_SKIPPED|FDCE|FDCE","SIGNATURE_SKIPPED|FDCE|FDCE","DUT_INTERNAL","u_dut/kernel_cut_h_q_reg","u_dut/kernel_rd_resp_data_q_reg","0.015000000"
"u_dut/kernel_rd_resp_data_q_reg[47]/CE","u_dut/u_unified_p4_kernel/slot_state_q_reg[2][1]/C","-0.025000000","clk","clk","clk","u_dut/u_unified_p4_kernel/slot_state_q_reg[2][1]","FDCE","u_dut/u_unified_p4_kernel/slot_state_q_reg","u_dut/kernel_rd_resp_data_q_reg[47]","FDCE","u_dut/kernel_rd_resp_data_q_reg","5","0.587000000","1.286000000","1.873000000","0.686599039","SLICE_X84Y76","SLICE_X76Y68","","","SIGNATURE_SKIPPED|FDCE|FDCE","SIGNATURE_SKIPPED|FDCE|FDCE","DUT_INTERNAL","u_dut/u_unified_p4_kernel/slot_state_q_reg","u_dut/kernel_rd_resp_data_q_reg","0.025000000"
"u_dut/kernel_rd_resp_data_q_reg[48]/CE","u_dut/u_unified_p4_kernel/slot_state_q_reg[2][1]/C","-0.026000000","clk","clk","clk","u_dut/u_unified_p4_kernel/slot_state_q_reg[2][1]","FDCE","u_dut/u_unified_p4_kernel/slot_state_q_reg","u_dut/kernel_rd_resp_data_q_reg[48]","FDCE","u_dut/kernel_rd_resp_data_q_reg","5","0.587000000","1.282000000","1.869000000","0.685928304","SLICE_X84Y76","SLICE_X77Y67","","","SIGNATURE_SKIPPED|FDCE|FDCE","SIGNATURE_SKIPPED|FDCE|FDCE","DUT_INTERNAL","u_dut/u_unified_p4_kernel/slot_state_q_reg","u_dut/kernel_rd_resp_data_q_reg","0.026000000"
"u_dut/kernel_rd_resp_data_q_reg[54]/CE","u_dut/u_unified_p4_kernel/slot_state_q_reg[2][1]/C","-0.035000000","clk","clk","clk","u_dut/u_unified_p4_kernel/slot_state_q_reg[2][1]","FDCE","u_dut/u_unified_p4_kernel/slot_state_q_reg","u_dut/kernel_rd_resp_data_q_reg[54]","FDCE","u_dut/kernel_rd_resp_data_q_reg","5","0.587000000","1.294000000","1.881000000","0.687931951","SLICE_X84Y76","SLICE_X78Y68","","","SIGNATURE_SKIPPED|FDCE|FDCE","SIGNATURE_SKIPPED|FDCE|FDCE","DUT_INTERNAL","u_dut/u_unified_p4_kernel/slot_state_q_reg","u_dut/kernel_rd_resp_data_q_reg","0.035000000"
"u_dut/kernel_rd_resp_data_q_reg[57]/CE","u_dut/u_unified_p4_kernel/slot_state_q_reg[2][1]/C","-0.026000000","clk","clk","clk","u_dut/u_unified_p4_kernel/slot_state_q_reg[2][1]","FDCE","u_dut/u_unified_p4_kernel/slot_state_q_reg","u_dut/kernel_rd_resp_data_q_reg[57]","FDCE","u_dut/kernel_rd_resp_data_q_reg","5","0.587000000","1.282000000","1.869000000","0.685928304","SLICE_X84Y76","SLICE_X77Y67","","","SIGNATURE_SKIPPED|FDCE|FDCE","SIGNATURE_SKIPPED|FDCE|FDCE","DUT_INTERNAL","u_dut/u_unified_p4_kernel/slot_state_q_reg","u_dut/kernel_rd_resp_data_q_reg","0.026000000"
"u_dut/kernel_rd_resp_data_q_reg[61]/CE","u_dut/u_unified_p4_kernel/slot_state_q_reg[2][1]/C","-0.004000000","clk","clk","clk","u_dut/u_unified_p4_kernel/slot_state_q_reg[2][1]","FDCE","u_dut/u_unified_p4_kernel/slot_state_q_reg","u_dut/kernel_rd_resp_data_q_reg[61]","FDCE","u_dut/kernel_rd_resp_data_q_reg","5","0.587000000","1.258000000","1.845000000","0.681842818","SLICE_X84Y76","SLICE_X73Y75","","","SIGNATURE_SKIPPED|FDCE|FDCE","SIGNATURE_SKIPPED|FDCE|FDCE","DUT_INTERNAL","u_dut/u_unified_p4_kernel/slot_state_q_reg","u_dut/kernel_rd_resp_data_q_reg","0.004000000"
"u_dut/kernel_rd_resp_data_q_reg[63]/CE","u_dut/u_unified_p4_kernel/slot_state_q_reg[2][1]/C","-0.028000000","clk","clk","clk","u_dut/u_unified_p4_kernel/slot_state_q_reg[2][1]","FDCE","u_dut/u_unified_p4_kernel/slot_state_q_reg","u_dut/kernel_rd_resp_data_q_reg[63]","FDCE","u_dut/kernel_rd_resp_data_q_reg","5","0.587000000","1.291000000","1.878000000","0.687433440","SLICE_X84Y76","SLICE_X76Y68","","","SIGNATURE_SKIPPED|FDCE|FDCE","SIGNATURE_SKIPPED|FDCE|FDCE","DUT_INTERNAL","u_dut/u_unified_p4_kernel/slot_state_q_reg","u_dut/kernel_rd_resp_data_q_reg","0.028000000"
"u_dut/kernel_rd_resp_data_q_reg[8]/CE","u_dut/u_unified_p4_kernel/slot_state_q_reg[2][1]/C","-0.035000000","clk","clk","clk","u_dut/u_unified_p4_kernel/slot_state_q_reg[2][1]","FDCE","u_dut/u_unified_p4_kernel/slot_state_q_reg","u_dut/kernel_rd_resp_data_q_reg[8]","FDCE","u_dut/kernel_rd_resp_data_q_reg","5","0.587000000","1.294000000","1.881000000","0.687931951","SLICE_X84Y76","SLICE_X78Y68","","","SIGNATURE_SKIPPED|FDCE|FDCE","SIGNATURE_SKIPPED|FDCE|FDCE","DUT_INTERNAL","u_dut/u_unified_p4_kernel/slot_state_q_reg","u_dut/kernel_rd_resp_data_q_reg","0.035000000"
"u_dut/kernel_rd_resp_data_q_reg[9]/CE","u_dut/u_unified_p4_kernel/slot_state_q_reg[2][1]/C","-0.008000000","clk","clk","clk","u_dut/u_unified_p4_kernel/slot_state_q_reg[2][1]","FDCE","u_dut/u_unified_p4_kernel/slot_state_q_reg","u_dut/kernel_rd_resp_data_q_reg[9]","FDCE","u_dut/kernel_rd_resp_data_q_reg","5","0.587000000","1.263000000","1.850000000","0.682702703","SLICE_X84Y76","SLICE_X77Y66","","","SIGNATURE_SKIPPED|FDCE|FDCE","SIGNATURE_SKIPPED|FDCE|FDCE","DUT_INTERNAL","u_dut/u_unified_p4_kernel/slot_state_q_reg","u_dut/kernel_rd_resp_data_q_reg","0.008000000"
"u_dut/kernel_rd_resp_valid_q_reg/D","u_dut/kernel_vector_q_reg[2]/C","-0.118000000","clk","clk","clk","u_dut/kernel_vector_q_reg[2]","FDCE","u_dut/kernel_vector_q_reg","u_dut/kernel_rd_resp_valid_q_reg","FDCE","u_dut/kernel_rd_resp_valid_q_reg","6","0.569000000","1.452000000","2.021000000","0.718456210","SLICE_X76Y92","SLICE_X85Y70","","","SIGNATURE_SKIPPED|FDCE|FDCE","SIGNATURE_SKIPPED|FDCE|FDCE","DUT_INTERNAL","u_dut/kernel_vector_q_reg","u_dut/kernel_rd_resp_valid_q_reg","0.118000000"
"u_dut/kernel_stage_q_reg/CE","u_dut/slot_state_reg[0][0]/C","-0.019000000","clk","clk","clk","u_dut/slot_state_reg[0][0]","FDCE","u_dut/slot_state_reg","u_dut/kernel_stage_q_reg","FDCE","u_dut/kernel_stage_q_reg","3","0.420000000","1.351000000","1.771000000","0.762845850","SLICE_X73Y77","SLICE_X81Y71","","","SIGNATURE_SKIPPED|FDCE|FDCE","SIGNATURE_SKIPPED|FDCE|FDCE","DUT_INTERNAL","u_dut/slot_state_reg","u_dut/kernel_stage_q_reg","0.019000000"
"u_dut/kernel_start_sent_q_reg/D","u_dut/slot_state_reg[0][0]/C","-0.065000000","clk","clk","clk","u_dut/slot_state_reg[0][0]","FDCE","u_dut/slot_state_reg","u_dut/kernel_start_sent_q_reg","FDCE","u_dut/kernel_start_sent_q_reg","5","0.548000000","1.349000000","1.897000000","0.711122826","SLICE_X73Y77","SLICE_X84Y80","","","SIGNATURE_SKIPPED|FDCE|FDCE","SIGNATURE_SKIPPED|FDCE|FDCE","DUT_INTERNAL","u_dut/slot_state_reg","u_dut/kernel_start_sent_q_reg","0.065000000"
"u_dut/kernel_vector_q_reg[0]/CE","u_dut/u_unified_p4_kernel/done_reg/C","-0.031000000","clk","clk","clk","u_dut/u_unified_p4_kernel/done_reg","FDCE","u_dut/u_unified_p4_kernel/done_reg","u_dut/kernel_vector_q_reg[0]","FDCE","u_dut/kernel_vector_q_reg","2","0.318000000","1.420000000","1.738000000","0.817031070","SLICE_X90Y71","SLICE_X83Y79","","","SIGNATURE_SKIPPED|FDCE|FDCE","SIGNATURE_SKIPPED|FDCE|FDCE","DUT_INTERNAL","u_dut/u_unified_p4_kernel/done_reg","u_dut/kernel_vector_q_reg","0.031000000"
"u_dut/kernel_vector_q_reg[0]_rep__2/D","u_dut/kernel_vector_q_reg[2]/C","-0.040000000","clk","clk","clk","u_dut/kernel_vector_q_reg[2]","FDCE","u_dut/kernel_vector_q_reg","u_dut/kernel_vector_q_reg[0]_rep__2","FDCE","u_dut/kernel_vector_q_reg_rep__2","4","0.520000000","1.427000000","1.947000000","0.732922445","SLICE_X76Y92","SLICE_X78Y88","","","SIGNATURE_SKIPPED|FDCE|FDCE","SIGNATURE_SKIPPED|FDCE|FDCE","DUT_INTERNAL","u_dut/kernel_vector_q_reg","u_dut/kernel_vector_q_reg_rep__2","0.040000000"
"u_dut/kernel_vector_q_reg[1]/CE","u_dut/u_unified_p4_kernel/done_reg/C","-0.029000000","clk","clk","clk","u_dut/u_unified_p4_kernel/done_reg","FDCE","u_dut/u_unified_p4_kernel/done_reg","u_dut/kernel_vector_q_reg[1]","FDCE","u_dut/kernel_vector_q_reg","2","0.318000000","1.418000000","1.736000000","0.816820276","SLICE_X90Y71","SLICE_X83Y79","","","SIGNATURE_SKIPPED|FDCE|FDCE","SIGNATURE_SKIPPED|FDCE|FDCE","DUT_INTERNAL","u_dut/u_unified_p4_kernel/done_reg","u_dut/kernel_vector_q_reg","0.029000000"
"u_dut/kernel_vector_q_reg[2]/D","u_dut/kernel_vector_q_reg[0]_rep__0/C","-0.055000000","clk","clk","clk","u_dut/kernel_vector_q_reg[0]_rep__0","FDCE","u_dut/kernel_vector_q_reg_rep__0","u_dut/kernel_vector_q_reg[2]","FDCE","u_dut/kernel_vector_q_reg","5","0.643000000","1.278000000","1.921000000","0.665278501","SLICE_X76Y86","SLICE_X76Y92","","","SIGNATURE_SKIPPED|FDCE|FDCE","SIGNATURE_SKIPPED|FDCE|FDCE","DUT_INTERNAL","u_dut/kernel_vector_q_reg_rep__0","u_dut/kernel_vector_q_reg","0.055000000"
"u_dut/kernel_vector_q_reg[3]/D","u_dut/kernel_vector_q_reg[2]/C","-0.040000000","clk","clk","clk","u_dut/kernel_vector_q_reg[2]","FDCE","u_dut/kernel_vector_q_reg","u_dut/kernel_vector_q_reg[3]","FDCE","u_dut/kernel_vector_q_reg","4","0.473000000","1.478000000","1.951000000","0.757560226","SLICE_X76Y92","SLICE_X78Y80","","","SIGNATURE_SKIPPED|FDCE|FDCE","SIGNATURE_SKIPPED|FDCE|FDCE","DUT_INTERNAL","u_dut/kernel_vector_q_reg","u_dut/kernel_vector_q_reg","0.040000000"
"u_dut/lfnst_grid_reg[0][13]/D","u_dut/lfnst_mem_resp_data_q_reg[13]/C","-0.027000000","clk","clk","clk","u_dut/lfnst_mem_resp_data_q_reg[13]","FDCE","u_dut/lfnst_mem_resp_data_q_reg","u_dut/lfnst_grid_reg[0][13]","FDCE","u_dut/lfnst_grid_reg","3","0.425000000","1.277000000","1.702000000","0.750293772","SLICE_X65Y62","SLICE_X72Y100","","","SIGNATURE_SKIPPED|FDCE|FDCE","SIGNATURE_SKIPPED|FDCE|FDCE","DUT_INTERNAL","u_dut/lfnst_mem_resp_data_q_reg","u_dut/lfnst_grid_reg","0.027000000"
"u_dut/lfnst_grid_reg[12][0]/CE","u_dut/lfnst_ntrs48_q_reg_rep__0/C","-0.013000000","clk","clk","clk","u_dut/lfnst_ntrs48_q_reg_rep__0","FDCE","u_dut/lfnst_ntrs48_q_reg_rep__0","u_dut/lfnst_grid_reg[12][0]","FDCE","u_dut/lfnst_grid_reg","2","0.322000000","1.464000000","1.786000000","0.819708847","SLICE_X72Y90","SLICE_X80Y102","","","SIGNATURE_SKIPPED|FDCE|FDCE","SIGNATURE_SKIPPED|FDCE|FDCE","DUT_INTERNAL","u_dut/lfnst_ntrs48_q_reg_rep__0","u_dut/lfnst_grid_reg","0.013000000"
"u_dut/lfnst_grid_reg[15][2]/CE","u_dut/lfnst_mem_resp_grid_addr_q_reg[2]/C","-0.027000000","clk","clk","clk","u_dut/lfnst_mem_resp_grid_addr_q_reg[2]","FDCE","u_dut/lfnst_mem_resp_grid_addr_q_reg","u_dut/lfnst_grid_reg[15][2]","FDCE","u_dut/lfnst_grid_reg","2","0.290000000","1.497000000","1.787000000","0.837716844","SLICE_X71Y88","SLICE_X80Y101","","","SIGNATURE_SKIPPED|FDCE|FDCE","SIGNATURE_SKIPPED|FDCE|FDCE","DUT_INTERNAL","u_dut/lfnst_mem_resp_grid_addr_q_reg","u_dut/lfnst_grid_reg","0.027000000"
"u_dut/lfnst_grid_reg[18][1]/D","u_dut/lfnst_mem_resp_data_q_reg[1]/C","-0.030000000","clk","clk","clk","u_dut/lfnst_mem_resp_data_q_reg[1]","FDCE","u_dut/lfnst_mem_resp_data_q_reg","u_dut/lfnst_grid_reg[18][1]","FDCE","u_dut/lfnst_grid_reg","3","0.369000000","1.393000000","1.762000000","0.790578888","SLICE_X72Y61","SLICE_X80Y101","","","SIGNATURE_SKIPPED|FDCE|FDCE","SIGNATURE_SKIPPED|FDCE|FDCE","DUT_INTERNAL","u_dut/lfnst_mem_resp_data_q_reg","u_dut/lfnst_grid_reg","0.030000000"
"u_dut/lfnst_grid_reg[22][14]/D","u_dut/u_bounded_lfnst_engine/out_group_reg[2]/C","-0.041000000","clk","clk","clk","u_dut/u_bounded_lfnst_engine/out_group_reg[2]","FDCE","u_dut/u_bounded_lfnst_engine/out_group_reg","u_dut/lfnst_grid_reg[22][14]","FDCE","u_dut/lfnst_grid_reg","2","0.351000000","1.560000000","1.911000000","0.816326531","SLICE_X71Y92","SLICE_X76Y94","","","SIGNATURE_SKIPPED|FDCE|FDCE","SIGNATURE_SKIPPED|FDCE|FDCE","DUT_INTERNAL","u_dut/u_bounded_lfnst_engine/out_group_reg","u_dut/lfnst_grid_reg","0.041000000"
"u_dut/lfnst_grid_reg[24][15]/CE","u_dut/lfnst_run_q_reg/C","-0.032000000","clk","clk","clk","u_dut/lfnst_run_q_reg","FDCE","u_dut/lfnst_run_q_reg","u_dut/lfnst_grid_reg[24][15]","FDCE","u_dut/lfnst_grid_reg","3","0.360000000","1.482000000","1.842000000","0.804560261","SLICE_X74Y79","SLICE_X76Y87","","","SIGNATURE_SKIPPED|FDCE|FDCE","SIGNATURE_SKIPPED|FDCE|FDCE","DUT_INTERNAL","u_dut/lfnst_run_q_reg","u_dut/lfnst_grid_reg","0.032000000"
"u_dut/lfnst_grid_reg[24][1]/CE","u_dut/lfnst_run_q_reg/C","-0.032000000","clk","clk","clk","u_dut/lfnst_run_q_reg","FDCE","u_dut/lfnst_run_q_reg","u_dut/lfnst_grid_reg[24][1]","FDCE","u_dut/lfnst_grid_reg","3","0.360000000","1.482000000","1.842000000","0.804560261","SLICE_X74Y79","SLICE_X76Y87","","","SIGNATURE_SKIPPED|FDCE|FDCE","SIGNATURE_SKIPPED|FDCE|FDCE","DUT_INTERNAL","u_dut/lfnst_run_q_reg","u_dut/lfnst_grid_reg","0.032000000"
"u_dut/lfnst_grid_reg[24][3]/CE","u_dut/lfnst_run_q_reg/C","-0.024000000","clk","clk","clk","u_dut/lfnst_run_q_reg","FDCE","u_dut/lfnst_run_q_reg","u_dut/lfnst_grid_reg[24][3]","FDCE","u_dut/lfnst_grid_reg","3","0.360000000","1.481000000","1.841000000","0.804454101","SLICE_X74Y79","SLICE_X72Y91","","","SIGNATURE_SKIPPED|FDCE|FDCE","SIGNATURE_SKIPPED|FDCE|FDCE","DUT_INTERNAL","u_dut/lfnst_run_q_reg","u_dut/lfnst_grid_reg","0.024000000"
"u_dut/lfnst_grid_reg[24][5]/CE","u_dut/lfnst_run_q_reg/C","-0.032000000","clk","clk","clk","u_dut/lfnst_run_q_reg","FDCE","u_dut/lfnst_run_q_reg","u_dut/lfnst_grid_reg[24][5]","FDCE","u_dut/lfnst_grid_reg","3","0.360000000","1.482000000","1.842000000","0.804560261","SLICE_X74Y79","SLICE_X76Y87","","","SIGNATURE_SKIPPED|FDCE|FDCE","SIGNATURE_SKIPPED|FDCE|FDCE","DUT_INTERNAL","u_dut/lfnst_run_q_reg","u_dut/lfnst_grid_reg","0.032000000"
"u_dut/lfnst_grid_reg[25][4]/CE","u_dut/u_bounded_lfnst_engine/out_group_reg[0]/C","-0.048000000","clk","clk","clk","u_dut/u_bounded_lfnst_engine/out_group_reg[0]","FDCE","u_dut/u_bounded_lfnst_engine/out_group_reg","u_dut/lfnst_grid_reg[25][4]","FDCE","u_dut/lfnst_grid_reg","3","0.264000000","1.578000000","1.842000000","0.856677524","SLICE_X76Y88","SLICE_X78Y85","","","SIGNATURE_SKIPPED|FDCE|FDCE","SIGNATURE_SKIPPED|FDCE|FDCE","DUT_INTERNAL","u_dut/u_bounded_lfnst_engine/out_group_reg","u_dut/lfnst_grid_reg","0.048000000"
"u_dut/lfnst_grid_reg[25][6]/CE","u_dut/u_bounded_lfnst_engine/out_group_reg[0]/C","-0.046000000","clk","clk","clk","u_dut/u_bounded_lfnst_engine/out_group_reg[0]","FDCE","u_dut/u_bounded_lfnst_engine/out_group_reg","u_dut/lfnst_grid_reg[25][6]","FDCE","u_dut/lfnst_grid_reg","3","0.264000000","1.572000000","1.836000000","0.856209150","SLICE_X76Y88","SLICE_X78Y88","","","SIGNATURE_SKIPPED|FDCE|FDCE","SIGNATURE_SKIPPED|FDCE|FDCE","DUT_INTERNAL","u_dut/u_bounded_lfnst_engine/out_group_reg","u_dut/lfnst_grid_reg","0.046000000"
"u_dut/lfnst_grid_reg[28][5]/D","u_dut/lfnst_mem_resp_data_q_reg[5]/C","-0.029000000","clk","clk","clk","u_dut/lfnst_mem_resp_data_q_reg[5]","FDCE","u_dut/lfnst_mem_resp_data_q_reg","u_dut/lfnst_grid_reg[28][5]","FDCE","u_dut/lfnst_grid_reg","1","0.169000000","1.524000000","1.693000000","0.900177200","SLICE_X73Y60","SLICE_X78Y87","","","SIGNATURE_SKIPPED|FDCE|FDCE","SIGNATURE_SKIPPED|FDCE|FDCE","DUT_INTERNAL","u_dut/lfnst_mem_resp_data_q_reg","u_dut/lfnst_grid_reg","0.029000000"
"u_dut/lfnst_grid_reg[29][0]/D","u_dut/u_bounded_lfnst_engine/out_group_reg[2]/C","-0.022000000","clk","clk","clk","u_dut/u_bounded_lfnst_engine/out_group_reg[2]","FDCE","u_dut/u_bounded_lfnst_engine/out_group_reg","u_dut/lfnst_grid_reg[29][0]","FDCE","u_dut/lfnst_grid_reg","2","0.316000000","1.578000000","1.894000000","0.833157339","SLICE_X71Y92","SLICE_X76Y94","","","SIGNATURE_SKIPPED|FDCE|FDCE","SIGNATURE_SKIPPED|FDCE|FDCE","DUT_INTERNAL","u_dut/u_bounded_lfnst_engine/out_group_reg","u_dut/lfnst_grid_reg","0.022000000"
"u_dut/lfnst_grid_reg[29][5]/D","u_dut/lfnst_mem_resp_data_q_reg[5]/C","-0.058000000","clk","clk","clk","u_dut/lfnst_mem_resp_data_q_reg[5]","FDCE","u_dut/lfnst_mem_resp_data_q_reg","u_dut/lfnst_grid_reg[29][5]","FDCE","u_dut/lfnst_grid_reg","1","0.229000000","1.495000000","1.724000000","0.867169374","SLICE_X73Y60","SLICE_X78Y87","","","SIGNATURE_SKIPPED|FDCE|FDCE","SIGNATURE_SKIPPED|FDCE|FDCE","DUT_INTERNAL","u_dut/lfnst_mem_resp_data_q_reg","u_dut/lfnst_grid_reg","0.058000000"
"u_dut/lfnst_grid_reg[31][11]/CE","u_dut/lfnst_mem_resp_grid_addr_q_reg[2]/C","-0.008000000","clk","clk","clk","u_dut/lfnst_mem_resp_grid_addr_q_reg[2]","FDCE","u_dut/lfnst_mem_resp_grid_addr_q_reg","u_dut/lfnst_grid_reg[31][11]","FDCE","u_dut/lfnst_grid_reg","2","0.324000000","1.434000000","1.758000000","0.815699659","SLICE_X71Y88","SLICE_X80Y93","","","SIGNATURE_SKIPPED|FDCE|FDCE","SIGNATURE_SKIPPED|FDCE|FDCE","DUT_INTERNAL","u_dut/lfnst_mem_resp_grid_addr_q_reg","u_dut/lfnst_grid_reg","0.008000000"
"u_dut/lfnst_grid_reg[42][12]/CE","u_dut/u_bounded_lfnst_engine/out_group_reg[1]/C","-0.004000000","clk","clk","clk","u_dut/u_bounded_lfnst_engine/out_group_reg[1]","FDCE","u_dut/u_bounded_lfnst_engine/out_group_reg","u_dut/lfnst_grid_reg[42][12]","FDCE","u_dut/lfnst_grid_reg","2","0.293000000","1.510000000","1.803000000","0.837493067","SLICE_X76Y87","SLICE_X77Y85","","","SIGNATURE_SKIPPED|FDCE|FDCE","SIGNATURE_SKIPPED|FDCE|FDCE","DUT_INTERNAL","u_dut/u_bounded_lfnst_engine/out_group_reg","u_dut/lfnst_grid_reg","0.004000000"
"u_dut/lfnst_grid_reg[48][5]/D","u_dut/lfnst_mem_resp_data_q_reg[5]/C","-0.016000000","clk","clk","clk","u_dut/lfnst_mem_resp_data_q_reg[5]","FDCE","u_dut/lfnst_mem_resp_data_q_reg","u_dut/lfnst_grid_reg[48][5]","FDCE","u_dut/lfnst_grid_reg","2","0.350000000","1.345000000","1.695000000","0.793510324","SLICE_X73Y60","SLICE_X75Y107","","","SIGNATURE_SKIPPED|FDCE|FDCE","SIGNATURE_SKIPPED|FDCE|FDCE","DUT_INTERNAL","u_dut/lfnst_mem_resp_data_q_reg","u_dut/lfnst_grid_reg","0.016000000"
"u_dut/lfnst_grid_reg[49][13]/D","u_dut/lfnst_mem_resp_data_q_reg[13]/C","-0.028000000","clk","clk","clk","u_dut/lfnst_mem_resp_data_q_reg[13]","FDCE","u_dut/lfnst_mem_resp_data_q_reg","u_dut/lfnst_grid_reg[49][13]","FDCE","u_dut/lfnst_grid_reg","2","0.300000000","1.357000000","1.657000000","0.818949909","SLICE_X65Y62","SLICE_X80Y103","","","SIGNATURE_SKIPPED|FDCE|FDCE","SIGNATURE_SKIPPED|FDCE|FDCE","DUT_INTERNAL","u_dut/lfnst_mem_resp_data_q_reg","u_dut/lfnst_grid_reg","0.028000000"
"u_dut/lfnst_grid_reg[8][13]/D","u_dut/lfnst_mem_resp_data_q_reg[13]/C","-0.007000000","clk","clk","clk","u_dut/lfnst_mem_resp_data_q_reg[13]","FDCE","u_dut/lfnst_mem_resp_data_q_reg","u_dut/lfnst_grid_reg[8][13]","FDCE","u_dut/lfnst_grid_reg","2","0.290000000","1.334000000","1.624000000","0.821428571","SLICE_X65Y62","SLICE_X80Y93","","","SIGNATURE_SKIPPED|FDCE|FDCE","SIGNATURE_SKIPPED|FDCE|FDCE","DUT_INTERNAL","u_dut/lfnst_mem_resp_data_q_reg","u_dut/lfnst_grid_reg","0.007000000"
"u_dut/lfnst_grid_reg[8][14]/D","u_dut/lfnst_mem_resp_data_q_reg[14]/C","-0.014000000","clk","clk","clk","u_dut/lfnst_mem_resp_data_q_reg[14]","FDCE","u_dut/lfnst_mem_resp_data_q_reg","u_dut/lfnst_grid_reg[8][14]","FDCE","u_dut/lfnst_grid_reg","2","0.240000000","1.495000000","1.735000000","0.861671470","SLICE_X69Y65","SLICE_X80Y93","","","SIGNATURE_SKIPPED|FDCE|FDCE","SIGNATURE_SKIPPED|FDCE|FDCE","DUT_INTERNAL","u_dut/lfnst_mem_resp_data_q_reg","u_dut/lfnst_grid_reg","0.014000000"
"u_dut/lfnst_grid_reg[9][11]/CE","u_dut/lfnst_run_q_reg/C","-0.050000000","clk","clk","clk","u_dut/lfnst_run_q_reg","FDCE","u_dut/lfnst_run_q_reg","u_dut/lfnst_grid_reg[9][11]","FDCE","u_dut/lfnst_grid_reg","3","0.261000000","1.562000000","1.823000000","0.856829402","SLICE_X74Y79","SLICE_X80Y95","","","SIGNATURE_SKIPPED|FDCE|FDCE","SIGNATURE_SKIPPED|FDCE|FDCE","DUT_INTERNAL","u_dut/lfnst_run_q_reg","u_dut/lfnst_grid_reg","0.050000000"
"u_dut/lfnst_grid_reg[9][5]/CE","u_dut/lfnst_run_q_reg/C","-0.001000000","clk","clk","clk","u_dut/lfnst_run_q_reg","FDCE","u_dut/lfnst_run_q_reg","u_dut/lfnst_grid_reg[9][5]","FDCE","u_dut/lfnst_grid_reg","3","0.261000000","1.523000000","1.784000000","0.853699552","SLICE_X74Y79","SLICE_X80Y104","","","SIGNATURE_SKIPPED|FDCE|FDCE","SIGNATURE_SKIPPED|FDCE|FDCE","DUT_INTERNAL","u_dut/lfnst_run_q_reg","u_dut/lfnst_grid_reg","0.001000000"
"u_dut/lfnst_grid_reg[9][7]/CE","u_dut/lfnst_run_q_reg/C","-0.019000000","clk","clk","clk","u_dut/lfnst_run_q_reg","FDCE","u_dut/lfnst_run_q_reg","u_dut/lfnst_grid_reg[9][7]","FDCE","u_dut/lfnst_grid_reg","3","0.261000000","1.536000000","1.797000000","0.854757930","SLICE_X74Y79","SLICE_X81Y104","","","SIGNATURE_SKIPPED|FDCE|FDCE","SIGNATURE_SKIPPED|FDCE|FDCE","DUT_INTERNAL","u_dut/lfnst_run_q_reg","u_dut/lfnst_grid_reg","0.019000000"
"u_dut/lfnst_grid_valid_reg[24]/D","u_dut/lfnst_run_q_reg/C","-0.015000000","clk","clk","clk","u_dut/lfnst_run_q_reg","FDCE","u_dut/lfnst_run_q_reg","u_dut/lfnst_grid_valid_reg[24]","FDCE","u_dut/lfnst_grid_valid_reg","4","0.450000000","1.469000000","1.919000000","0.765502866","SLICE_X74Y79","SLICE_X72Y88","","","SIGNATURE_SKIPPED|FDCE|FDCE","SIGNATURE_SKIPPED|FDCE|FDCE","DUT_INTERNAL","u_dut/lfnst_run_q_reg","u_dut/lfnst_grid_valid_reg","0.015000000"
"u_dut/lfnst_input_terms_q_reg[101]/CE","u_dut/slot_state_reg[0][0]/C","-0.021000000","clk","clk","clk","u_dut/slot_state_reg[0][0]","FDCE","u_dut/slot_state_reg","u_dut/lfnst_input_terms_q_reg[101]","FDCE","u_dut/lfnst_input_terms_q_reg","3","0.395000000","1.412000000","1.807000000","0.781405645","SLICE_X73Y77","SLICE_X63Y96","","","SIGNATURE_SKIPPED|FDCE|FDCE","SIGNATURE_SKIPPED|FDCE|FDCE","DUT_INTERNAL","u_dut/slot_state_reg","u_dut/lfnst_input_terms_q_reg","0.021000000"
"u_dut/lfnst_input_terms_q_reg[102]/CE","u_dut/slot_state_reg[0][0]/C","-0.023000000","clk","clk","clk","u_dut/slot_state_reg[0][0]","FDCE","u_dut/slot_state_reg","u_dut/lfnst_input_terms_q_reg[102]","FDCE","u_dut/lfnst_input_terms_q_reg","3","0.395000000","1.415000000","1.810000000","0.781767956","SLICE_X73Y77","SLICE_X64Y96","","","SIGNATURE_SKIPPED|FDCE|FDCE","SIGNATURE_SKIPPED|FDCE|FDCE","DUT_INTERNAL","u_dut/slot_state_reg","u_dut/lfnst_input_terms_q_reg","0.023000000"
"u_dut/lfnst_input_terms_q_reg[103]/CE","u_dut/slot_state_reg[0][0]/C","-0.021000000","clk","clk","clk","u_dut/slot_state_reg[0][0]","FDCE","u_dut/slot_state_reg","u_dut/lfnst_input_terms_q_reg[103]","FDCE","u_dut/lfnst_input_terms_q_reg","3","0.395000000","1.412000000","1.807000000","0.781405645","SLICE_X73Y77","SLICE_X63Y96","","","SIGNATURE_SKIPPED|FDCE|FDCE","SIGNATURE_SKIPPED|FDCE|FDCE","DUT_INTERNAL","u_dut/slot_state_reg","u_dut/lfnst_input_terms_q_reg","0.021000000"
"u_dut/lfnst_input_terms_q_reg[104]/CE","u_dut/slot_state_reg[0][0]/C","-0.024000000","clk","clk","clk","u_dut/slot_state_reg[0][0]","FDCE","u_dut/slot_state_reg","u_dut/lfnst_input_terms_q_reg[104]","FDCE","u_dut/lfnst_input_terms_q_reg","3","0.395000000","1.417000000","1.812000000","0.782008830","SLICE_X73Y77","SLICE_X63Y96","","","SIGNATURE_SKIPPED|FDCE|FDCE","SIGNATURE_SKIPPED|FDCE|FDCE","DUT_INTERNAL","u_dut/slot_state_reg","u_dut/lfnst_input_terms_q_reg","0.024000000"
"u_dut/lfnst_input_terms_q_reg[105]/CE","u_dut/slot_state_reg[0][0]/C","-0.021000000","clk","clk","clk","u_dut/slot_state_reg[0][0]","FDCE","u_dut/slot_state_reg","u_dut/lfnst_input_terms_q_reg[105]","FDCE","u_dut/lfnst_input_terms_q_reg","3","0.395000000","1.412000000","1.807000000","0.781405645","SLICE_X73Y77","SLICE_X63Y96","","","SIGNATURE_SKIPPED|FDCE|FDCE","SIGNATURE_SKIPPED|FDCE|FDCE","DUT_INTERNAL","u_dut/slot_state_reg","u_dut/lfnst_input_terms_q_reg","0.021000000"
"u_dut/lfnst_input_terms_q_reg[107]/CE","u_dut/slot_state_reg[0][0]/C","-0.021000000","clk","clk","clk","u_dut/slot_state_reg[0][0]","FDCE","u_dut/slot_state_reg","u_dut/lfnst_input_terms_q_reg[107]","FDCE","u_dut/lfnst_input_terms_q_reg","3","0.395000000","1.412000000","1.807000000","0.781405645","SLICE_X73Y77","SLICE_X63Y96","","","SIGNATURE_SKIPPED|FDCE|FDCE","SIGNATURE_SKIPPED|FDCE|FDCE","DUT_INTERNAL","u_dut/slot_state_reg","u_dut/lfnst_input_terms_q_reg","0.021000000"
"u_dut/lfnst_input_terms_q_reg[112]/D","u_dut/slot_state_reg[0][0]/C","-0.037000000","clk","clk","clk","u_dut/slot_state_reg[0][0]","FDCE","u_dut/slot_state_reg","u_dut/lfnst_input_terms_q_reg[112]","FDCE","u_dut/lfnst_input_terms_q_reg","4","0.518000000","1.388000000","1.906000000","0.728226653","SLICE_X73Y77","SLICE_X63Y93","","","SIGNATURE_SKIPPED|FDCE|FDCE","SIGNATURE_SKIPPED|FDCE|FDCE","DUT_INTERNAL","u_dut/slot_state_reg","u_dut/lfnst_input_terms_q_reg","0.037000000"
"u_dut/lfnst_input_terms_q_reg[124]/D","u_dut/slot_state_reg[0][0]/C","-0.022000000","clk","clk","clk","u_dut/slot_state_reg[0][0]","FDCE","u_dut/slot_state_reg","u_dut/lfnst_input_terms_q_reg[124]","FDCE","u_dut/lfnst_input_terms_q_reg","4","0.517000000","1.373000000","1.890000000","0.726455026","SLICE_X73Y77","SLICE_X63Y93","","","SIGNATURE_SKIPPED|FDCE|FDCE","SIGNATURE_SKIPPED|FDCE|FDCE","DUT_INTERNAL","u_dut/slot_state_reg","u_dut/lfnst_input_terms_q_reg","0.022000000"
"u_dut/lfnst_input_terms_q_reg[125]/D","u_dut/slot_state_reg[0][0]/C","-0.015000000","clk","clk","clk","u_dut/slot_state_reg[0][0]","FDCE","u_dut/slot_state_reg","u_dut/lfnst_input_terms_q_reg[125]","FDCE","u_dut/lfnst_input_terms_q_reg","4","0.509000000","1.374000000","1.883000000","0.729686670","SLICE_X73Y77","SLICE_X63Y93","","","SIGNATURE_SKIPPED|FDCE|FDCE","SIGNATURE_SKIPPED|FDCE|FDCE","DUT_INTERNAL","u_dut/slot_state_reg","u_dut/lfnst_input_terms_q_reg","0.015000000"
"u_dut/lfnst_input_terms_q_reg[126]/D","u_dut/slot_state_reg[0][0]/C","-0.038000000","clk","clk","clk","u_dut/slot_state_reg[0][0]","FDCE","u_dut/slot_state_reg","u_dut/lfnst_input_terms_q_reg[126]","FDCE","u_dut/lfnst_input_terms_q_reg","4","0.516000000","1.391000000","1.907000000","0.729417934","SLICE_X73Y77","SLICE_X63Y93","","","SIGNATURE_SKIPPED|FDCE|FDCE","SIGNATURE_SKIPPED|FDCE|FDCE","DUT_INTERNAL","u_dut/slot_state_reg","u_dut/lfnst_input_terms_q_reg","0.038000000"
"u_dut/lfnst_input_terms_q_reg[129]/CE","u_dut/slot_state_reg[0][0]/C","-0.005000000","clk","clk","clk","u_dut/slot_state_reg[0][0]","FDCE","u_dut/slot_state_reg","u_dut/lfnst_input_terms_q_reg[129]","FDCE","u_dut/lfnst_input_terms_q_reg","4","0.381000000","1.400000000","1.781000000","0.786075239","SLICE_X73Y77","SLICE_X66Y95","","","SIGNATURE_SKIPPED|FDCE|FDCE","SIGNATURE_SKIPPED|FDCE|FDCE","DUT_INTERNAL","u_dut/slot_state_reg","u_dut/lfnst_input_terms_q_reg","0.005000000"
"u_dut/lfnst_input_terms_q_reg[134]/CE","u_dut/slot_state_reg[0][0]/C","-0.005000000","clk","clk","clk","u_dut/slot_state_reg[0][0]","FDCE","u_dut/slot_state_reg","u_dut/lfnst_input_terms_q_reg[134]","FDCE","u_dut/lfnst_input_terms_q_reg","4","0.381000000","1.400000000","1.781000000","0.786075239","SLICE_X73Y77","SLICE_X66Y95","","","SIGNATURE_SKIPPED|FDCE|FDCE","SIGNATURE_SKIPPED|FDCE|FDCE","DUT_INTERNAL","u_dut/slot_state_reg","u_dut/lfnst_input_terms_q_reg","0.005000000"
"u_dut/lfnst_input_terms_q_reg[137]/CE","u_dut/slot_state_reg[0][0]/C","-0.005000000","clk","clk","clk","u_dut/slot_state_reg[0][0]","FDCE","u_dut/slot_state_reg","u_dut/lfnst_input_terms_q_reg[137]","FDCE","u_dut/lfnst_input_terms_q_reg","4","0.381000000","1.400000000","1.781000000","0.786075239","SLICE_X73Y77","SLICE_X66Y95","","","SIGNATURE_SKIPPED|FDCE|FDCE","SIGNATURE_SKIPPED|FDCE|FDCE","DUT_INTERNAL","u_dut/slot_state_reg","u_dut/lfnst_input_terms_q_reg","0.005000000"
"u_dut/lfnst_input_terms_q_reg[141]/CE","u_dut/slot_state_reg[0][0]/C","-0.005000000","clk","clk","clk","u_dut/slot_state_reg[0][0]","FDCE","u_dut/slot_state_reg","u_dut/lfnst_input_terms_q_reg[141]","FDCE","u_dut/lfnst_input_terms_q_reg","4","0.381000000","1.400000000","1.781000000","0.786075239","SLICE_X73Y77","SLICE_X66Y95","","","SIGNATURE_SKIPPED|FDCE|FDCE","SIGNATURE_SKIPPED|FDCE|FDCE","DUT_INTERNAL","u_dut/slot_state_reg","u_dut/lfnst_input_terms_q_reg","0.005000000"
"u_dut/lfnst_input_terms_q_reg[162]/CE","u_dut/slot_state_reg[0][0]/C","-0.005000000","clk","clk","clk","u_dut/slot_state_reg[0][0]","FDCE","u_dut/slot_state_reg","u_dut/lfnst_input_terms_q_reg[162]","FDCE","u_dut/lfnst_input_terms_q_reg","4","0.354000000","1.428000000","1.782000000","0.801346801","SLICE_X73Y77","SLICE_X64Y97","","","SIGNATURE_SKIPPED|FDCE|FDCE","SIGNATURE_SKIPPED|FDCE|FDCE","DUT_INTERNAL","u_dut/slot_state_reg","u_dut/lfnst_input_terms_q_reg","0.005000000"
"u_dut/lfnst_input_terms_q_reg[166]/CE","u_dut/slot_state_reg[0][0]/C","-0.005000000","clk","clk","clk","u_dut/slot_state_reg[0][0]","FDCE","u_dut/slot_state_reg","u_dut/lfnst_input_terms_q_reg[166]","FDCE","u_dut/lfnst_input_terms_q_reg","4","0.354000000","1.428000000","1.782000000","0.801346801","SLICE_X73Y77","SLICE_X64Y97","","","SIGNATURE_SKIPPED|FDCE|FDCE","SIGNATURE_SKIPPED|FDCE|FDCE","DUT_INTERNAL","u_dut/slot_state_reg","u_dut/lfnst_input_terms_q_reg","0.005000000"
"u_dut/lfnst_input_terms_q_reg[169]/CE","u_dut/slot_state_reg[0][0]/C","-0.005000000","clk","clk","clk","u_dut/slot_state_reg[0][0]","FDCE","u_dut/slot_state_reg","u_dut/lfnst_input_terms_q_reg[169]","FDCE","u_dut/lfnst_input_terms_q_reg","4","0.354000000","1.428000000","1.782000000","0.801346801","SLICE_X73Y77","SLICE_X64Y97","","","SIGNATURE_SKIPPED|FDCE|FDCE","SIGNATURE_SKIPPED|FDCE|FDCE","DUT_INTERNAL","u_dut/slot_state_reg","u_dut/lfnst_input_terms_q_reg","0.005000000"
"u_dut/lfnst_input_terms_q_reg[170]/CE","u_dut/slot_state_reg[0][0]/C","-0.005000000","clk","clk","clk","u_dut/slot_state_reg[0][0]","FDCE","u_dut/slot_state_reg","u_dut/lfnst_input_terms_q_reg[170]","FDCE","u_dut/lfnst_input_terms_q_reg","4","0.354000000","1.428000000","1.782000000","0.801346801","SLICE_X73Y77","SLICE_X64Y97","","","SIGNATURE_SKIPPED|FDCE|FDCE","SIGNATURE_SKIPPED|FDCE|FDCE","DUT_INTERNAL","u_dut/slot_state_reg","u_dut/lfnst_input_terms_q_reg","0.005000000"
"u_dut/lfnst_input_terms_q_reg[172]/CE","u_dut/slot_state_reg[0][0]/C","-0.007000000","clk","clk","clk","u_dut/slot_state_reg[0][0]","FDCE","u_dut/slot_state_reg","u_dut/lfnst_input_terms_q_reg[172]","FDCE","u_dut/lfnst_input_terms_q_reg","4","0.354000000","1.432000000","1.786000000","0.801791713","SLICE_X73Y77","SLICE_X64Y93","","","SIGNATURE_SKIPPED|FDCE|FDCE","SIGNATURE_SKIPPED|FDCE|FDCE","DUT_INTERNAL","u_dut/slot_state_reg","u_dut/lfnst_input_terms_q_reg","0.007000000"
"u_dut/lfnst_input_terms_q_reg[181]/D","u_dut/slot_state_reg[0][0]/C","-0.031000000","clk","clk","clk","u_dut/slot_state_reg[0][0]","FDCE","u_dut/slot_state_reg","u_dut/lfnst_input_terms_q_reg[181]","FDCE","u_dut/lfnst_input_terms_q_reg","5","0.433000000","1.462000000","1.895000000","0.771503958","SLICE_X73Y77","SLICE_X65Y95","","","SIGNATURE_SKIPPED|FDCE|FDCE","SIGNATURE_SKIPPED|FDCE|FDCE","DUT_INTERNAL","u_dut/slot_state_reg","u_dut/lfnst_input_terms_q_reg","0.031000000"
"u_dut/lfnst_input_terms_q_reg[189]/D","u_dut/slot_state_reg[0][0]/C","-0.008000000","clk","clk","clk","u_dut/slot_state_reg[0][0]","FDCE","u_dut/slot_state_reg","u_dut/lfnst_input_terms_q_reg[189]","FDCE","u_dut/lfnst_input_terms_q_reg","5","0.434000000","1.436000000","1.870000000","0.767914439","SLICE_X73Y77","SLICE_X66Y96","","","SIGNATURE_SKIPPED|FDCE|FDCE","SIGNATURE_SKIPPED|FDCE|FDCE","DUT_INTERNAL","u_dut/slot_state_reg","u_dut/lfnst_input_terms_q_reg","0.008000000"
"u_dut/lfnst_input_terms_q_reg[18]/D","u_dut/slot_state_reg[0][0]/C","-0.001000000","clk","clk","clk","u_dut/slot_state_reg[0][0]","FDCE","u_dut/slot_state_reg","u_dut/lfnst_input_terms_q_reg[18]","FDCE","u_dut/lfnst_input_terms_q_reg","4","0.564000000","1.310000000","1.874000000","0.699039488","SLICE_X73Y77","SLICE_X61Y85","","","SIGNATURE_SKIPPED|FDCE|FDCE","SIGNATURE_SKIPPED|FDCE|FDCE","DUT_INTERNAL","u_dut/slot_state_reg","u_dut/lfnst_input_terms_q_reg","0.001000000"
"u_dut/lfnst_input_terms_q_reg[213]/CE","u_dut/slot_state_reg[0][0]/C","-0.038000000","clk","clk","clk","u_dut/slot_state_reg[0][0]","FDCE","u_dut/slot_state_reg","u_dut/lfnst_input_terms_q_reg[213]","FDCE","u_dut/lfnst_input_terms_q_reg","4","0.358000000","1.449000000","1.807000000","0.801881572","SLICE_X73Y77","SLICE_X66Y90","","","SIGNATURE_SKIPPED|FDCE|FDCE","SIGNATURE_SKIPPED|FDCE|FDCE","DUT_INTERNAL","u_dut/slot_state_reg","u_dut/lfnst_input_terms_q_reg","0.038000000"
"u_dut/lfnst_input_terms_q_reg[218]/CE","u_dut/slot_state_reg[0][0]/C","-0.038000000","clk","clk","clk","u_dut/slot_state_reg[0][0]","FDCE","u_dut/slot_state_reg","u_dut/lfnst_input_terms_q_reg[218]","FDCE","u_dut/lfnst_input_terms_q_reg","4","0.358000000","1.449000000","1.807000000","0.801881572","SLICE_X73Y77","SLICE_X66Y90","","","SIGNATURE_SKIPPED|FDCE|FDCE","SIGNATURE_SKIPPED|FDCE|FDCE","DUT_INTERNAL","u_dut/slot_state_reg","u_dut/lfnst_input_terms_q_reg","0.038000000"
"u_dut/lfnst_input_terms_q_reg[219]/CE","u_dut/slot_state_reg[0][0]/C","-0.038000000","clk","clk","clk","u_dut/slot_state_reg[0][0]","FDCE","u_dut/slot_state_reg","u_dut/lfnst_input_terms_q_reg[219]","FDCE","u_dut/lfnst_input_terms_q_reg","4","0.358000000","1.449000000","1.807000000","0.801881572","SLICE_X73Y77","SLICE_X66Y90","","","SIGNATURE_SKIPPED|FDCE|FDCE","SIGNATURE_SKIPPED|FDCE|FDCE","DUT_INTERNAL","u_dut/slot_state_reg","u_dut/lfnst_input_terms_q_reg","0.038000000"
"u_dut/lfnst_input_terms_q_reg[223]/CE","u_dut/slot_state_reg[0][0]/C","-0.038000000","clk","clk","clk","u_dut/slot_state_reg[0][0]","FDCE","u_dut/slot_state_reg","u_dut/lfnst_input_terms_q_reg[223]","FDCE","u_dut/lfnst_input_terms_q_reg","4","0.358000000","1.449000000","1.807000000","0.801881572","SLICE_X73Y77","SLICE_X66Y90","","","SIGNATURE_SKIPPED|FDCE|FDCE","SIGNATURE_SKIPPED|FDCE|FDCE","DUT_INTERNAL","u_dut/slot_state_reg","u_dut/lfnst_input_terms_q_reg","0.038000000"
"u_dut/lfnst_input_terms_q_reg[225]/CE","u_dut/slot_state_reg[0][0]/C","-0.006000000","clk","clk","clk","u_dut/slot_state_reg[0][0]","FDCE","u_dut/slot_state_reg","u_dut/lfnst_input_terms_q_reg[225]","FDCE","u_dut/lfnst_input_terms_q_reg","4","0.356000000","1.422000000","1.778000000","0.799775028","SLICE_X73Y77","SLICE_X66Y92","","","SIGNATURE_SKIPPED|FDCE|FDCE","SIGNATURE_SKIPPED|FDCE|FDCE","DUT_INTERNAL","u_dut/slot_state_reg","u_dut/lfnst_input_terms_q_reg","0.006000000"
"u_dut/lfnst_input_terms_q_reg[226]/CE","u_dut/slot_state_reg[0][0]/C","-0.006000000","clk","clk","clk","u_dut/slot_state_reg[0][0]","FDCE","u_dut/slot_state_reg","u_dut/lfnst_input_terms_q_reg[226]","FDCE","u_dut/lfnst_input_terms_q_reg","4","0.356000000","1.422000000","1.778000000","0.799775028","SLICE_X73Y77","SLICE_X66Y92","","","SIGNATURE_SKIPPED|FDCE|FDCE","SIGNATURE_SKIPPED|FDCE|FDCE","DUT_INTERNAL","u_dut/slot_state_reg","u_dut/lfnst_input_terms_q_reg","0.006000000"
"u_dut/lfnst_input_terms_q_reg[230]/CE","u_dut/slot_state_reg[0][0]/C","-0.031000000","clk","clk","clk","u_dut/slot_state_reg[0][0]","FDCE","u_dut/slot_state_reg","u_dut/lfnst_input_terms_q_reg[230]","FDCE","u_dut/lfnst_input_terms_q_reg","4","0.356000000","1.456000000","1.812000000","0.803532009","SLICE_X73Y77","SLICE_X68Y95","","","SIGNATURE_SKIPPED|FDCE|FDCE","SIGNATURE_SKIPPED|FDCE|FDCE","DUT_INTERNAL","u_dut/slot_state_reg","u_dut/lfnst_input_terms_q_reg","0.031000000"
"u_dut/lfnst_input_terms_q_reg[231]/CE","u_dut/slot_state_reg[0][0]/C","-0.006000000","clk","clk","clk","u_dut/slot_state_reg[0][0]","FDCE","u_dut/slot_state_reg","u_dut/lfnst_input_terms_q_reg[231]","FDCE","u_dut/lfnst_input_terms_q_reg","4","0.356000000","1.422000000","1.778000000","0.799775028","SLICE_X73Y77","SLICE_X66Y92","","","SIGNATURE_SKIPPED|FDCE|FDCE","SIGNATURE_SKIPPED|FDCE|FDCE","DUT_INTERNAL","u_dut/slot_state_reg","u_dut/lfnst_input_terms_q_reg","0.006000000"
"u_dut/lfnst_input_terms_q_reg[235]/CE","u_dut/slot_state_reg[0][0]/C","-0.006000000","clk","clk","clk","u_dut/slot_state_reg[0][0]","FDCE","u_dut/slot_state_reg","u_dut/lfnst_input_terms_q_reg[235]","FDCE","u_dut/lfnst_input_terms_q_reg","4","0.356000000","1.422000000","1.778000000","0.799775028","SLICE_X73Y77","SLICE_X66Y92","","","SIGNATURE_SKIPPED|FDCE|FDCE","SIGNATURE_SKIPPED|FDCE|FDCE","DUT_INTERNAL","u_dut/slot_state_reg","u_dut/lfnst_input_terms_q_reg","0.006000000"
"u_dut/lfnst_input_terms_q_reg[238]/CE","u_dut/slot_state_reg[0][0]/C","-0.031000000","clk","clk","clk","u_dut/slot_state_reg[0][0]","FDCE","u_dut/slot_state_reg","u_dut/lfnst_input_terms_q_reg[238]","FDCE","u_dut/lfnst_input_terms_q_reg","4","0.356000000","1.456000000","1.812000000","0.803532009","SLICE_X73Y77","SLICE_X68Y95","","","SIGNATURE_SKIPPED|FDCE|FDCE","SIGNATURE_SKIPPED|FDCE|FDCE","DUT_INTERNAL","u_dut/slot_state_reg","u_dut/lfnst_input_terms_q_reg","0.031000000"
"u_dut/lfnst_input_terms_q_reg[50]/D","u_dut/slot_state_reg[0][0]/C","-0.011000000","clk","clk","clk","u_dut/slot_state_reg[0][0]","FDCE","u_dut/slot_state_reg","u_dut/lfnst_input_terms_q_reg[50]","FDCE","u_dut/lfnst_input_terms_q_reg","4","0.469000000","1.404000000","1.873000000","0.749599573","SLICE_X73Y77","SLICE_X60Y89","","","SIGNATURE_SKIPPED|FDCE|FDCE","SIGNATURE_SKIPPED|FDCE|FDCE","DUT_INTERNAL","u_dut/slot_state_reg","u_dut/lfnst_input_terms_q_reg","0.011000000"
"u_dut/lfnst_input_terms_q_reg[51]/D","u_dut/slot_state_reg[0][0]/C","-0.013000000","clk","clk","clk","u_dut/slot_state_reg[0][0]","FDCE","u_dut/slot_state_reg","u_dut/lfnst_input_terms_q_reg[51]","FDCE","u_dut/lfnst_input_terms_q_reg","4","0.469000000","1.406000000","1.875000000","0.749866667","SLICE_X73Y77","SLICE_X60Y89","","","SIGNATURE_SKIPPED|FDCE|FDCE","SIGNATURE_SKIPPED|FDCE|FDCE","DUT_INTERNAL","u_dut/slot_state_reg","u_dut/lfnst_input_terms_q_reg","0.013000000"
"u_dut/lfnst_input_terms_q_reg[52]/D","u_dut/slot_state_reg[0][0]/C","-0.064000000","clk","clk","clk","u_dut/slot_state_reg[0][0]","FDCE","u_dut/slot_state_reg","u_dut/lfnst_input_terms_q_reg[52]","FDCE","u_dut/lfnst_input_terms_q_reg","4","0.518000000","1.409000000","1.927000000","0.731188376","SLICE_X73Y77","SLICE_X60Y89","","","SIGNATURE_SKIPPED|FDCE|FDCE","SIGNATURE_SKIPPED|FDCE|FDCE","DUT_INTERNAL","u_dut/slot_state_reg","u_dut/lfnst_input_terms_q_reg","0.064000000"
"u_dut/lfnst_input_terms_q_reg[53]/D","u_dut/slot_state_reg[0][0]/C","-0.059000000","clk","clk","clk","u_dut/slot_state_reg[0][0]","FDCE","u_dut/slot_state_reg","u_dut/lfnst_input_terms_q_reg[53]","FDCE","u_dut/lfnst_input_terms_q_reg","4","0.516000000","1.406000000","1.922000000","0.731529657","SLICE_X73Y77","SLICE_X60Y89","","","SIGNATURE_SKIPPED|FDCE|FDCE","SIGNATURE_SKIPPED|FDCE|FDCE","DUT_INTERNAL","u_dut/slot_state_reg","u_dut/lfnst_input_terms_q_reg","0.059000000"
"u_dut/lfnst_input_terms_q_reg[56]/D","u_dut/slot_state_reg[0][0]/C","-0.053000000","clk","clk","clk","u_dut/slot_state_reg[0][0]","FDCE","u_dut/slot_state_reg","u_dut/lfnst_input_terms_q_reg[56]","FDCE","u_dut/lfnst_input_terms_q_reg","4","0.509000000","1.405000000","1.914000000","0.734064786","SLICE_X73Y77","SLICE_X60Y89","","","SIGNATURE_SKIPPED|FDCE|FDCE","SIGNATURE_SKIPPED|FDCE|FDCE","DUT_INTERNAL","u_dut/slot_state_reg","u_dut/lfnst_input_terms_q_reg","0.053000000"
"u_dut/lfnst_input_terms_q_reg[57]/D","u_dut/slot_state_reg[0][0]/C","-0.054000000","clk","clk","clk","u_dut/slot_state_reg[0][0]","FDCE","u_dut/slot_state_reg","u_dut/lfnst_input_terms_q_reg[57]","FDCE","u_dut/lfnst_input_terms_q_reg","4","0.509000000","1.406000000","1.915000000","0.734203655","SLICE_X73Y77","SLICE_X60Y89","","","SIGNATURE_SKIPPED|FDCE|FDCE","SIGNATURE_SKIPPED|FDCE|FDCE","DUT_INTERNAL","u_dut/slot_state_reg","u_dut/lfnst_input_terms_q_reg","0.054000000"
"u_dut/lfnst_input_terms_q_reg[58]/D","u_dut/slot_state_reg[0][0]/C","-0.039000000","clk","clk","clk","u_dut/slot_state_reg[0][0]","FDCE","u_dut/slot_state_reg","u_dut/lfnst_input_terms_q_reg[58]","FDCE","u_dut/lfnst_input_terms_q_reg","4","0.509000000","1.396000000","1.905000000","0.732808399","SLICE_X73Y77","SLICE_X61Y89","","","SIGNATURE_SKIPPED|FDCE|FDCE","SIGNATURE_SKIPPED|FDCE|FDCE","DUT_INTERNAL","u_dut/slot_state_reg","u_dut/lfnst_input_terms_q_reg","0.039000000"
"u_dut/lfnst_input_terms_q_reg[60]/D","u_dut/slot_state_reg[0][0]/C","-0.038000000","clk","clk","clk","u_dut/slot_state_reg[0][0]","FDCE","u_dut/slot_state_reg","u_dut/lfnst_input_terms_q_reg[60]","FDCE","u_dut/lfnst_input_terms_q_reg","4","0.509000000","1.395000000","1.904000000","0.732668067","SLICE_X73Y77","SLICE_X61Y89","","","SIGNATURE_SKIPPED|FDCE|FDCE","SIGNATURE_SKIPPED|FDCE|FDCE","DUT_INTERNAL","u_dut/slot_state_reg","u_dut/lfnst_input_terms_q_reg","0.038000000"
"u_dut/lfnst_input_terms_q_reg[65]/D","u_dut/slot_state_reg[0][0]/C","-0.012000000","clk","clk","clk","u_dut/slot_state_reg[0][0]","FDCE","u_dut/slot_state_reg","u_dut/lfnst_input_terms_q_reg[65]","FDCE","u_dut/lfnst_input_terms_q_reg","4","0.510000000","1.371000000","1.881000000","0.728867624","SLICE_X73Y77","SLICE_X63Y92","","","SIGNATURE_SKIPPED|FDCE|FDCE","SIGNATURE_SKIPPED|FDCE|FDCE","DUT_INTERNAL","u_dut/slot_state_reg","u_dut/lfnst_input_terms_q_reg","0.012000000"
"u_dut/lfnst_input_terms_q_reg[67]/D","u_dut/slot_state_reg[0][0]/C","-0.003000000","clk","clk","clk","u_dut/slot_state_reg[0][0]","FDCE","u_dut/slot_state_reg","u_dut/lfnst_input_terms_q_reg[67]","FDCE","u_dut/lfnst_input_terms_q_reg","4","0.519000000","1.355000000","1.874000000","0.723052295","SLICE_X73Y77","SLICE_X62Y93","","","SIGNATURE_SKIPPED|FDCE|FDCE","SIGNATURE_SKIPPED|FDCE|FDCE","DUT_INTERNAL","u_dut/slot_state_reg","u_dut/lfnst_input_terms_q_reg","0.003000000"
"u_dut/lfnst_input_terms_q_reg[96]/CE","u_dut/slot_state_reg[0][0]/C","-0.020000000","clk","clk","clk","u_dut/slot_state_reg[0][0]","FDCE","u_dut/slot_state_reg","u_dut/lfnst_input_terms_q_reg[96]","FDCE","u_dut/lfnst_input_terms_q_reg","3","0.395000000","1.410000000","1.805000000","0.781163435","SLICE_X73Y77","SLICE_X64Y96","","","SIGNATURE_SKIPPED|FDCE|FDCE","SIGNATURE_SKIPPED|FDCE|FDCE","DUT_INTERNAL","u_dut/slot_state_reg","u_dut/lfnst_input_terms_q_reg","0.020000000"
"u_dut/lfnst_input_terms_q_reg[97]/CE","u_dut/slot_state_reg[0][0]/C","-0.024000000","clk","clk","clk","u_dut/slot_state_reg[0][0]","FDCE","u_dut/slot_state_reg","u_dut/lfnst_input_terms_q_reg[97]","FDCE","u_dut/lfnst_input_terms_q_reg","3","0.395000000","1.417000000","1.812000000","0.782008830","SLICE_X73Y77","SLICE_X63Y96","","","SIGNATURE_SKIPPED|FDCE|FDCE","SIGNATURE_SKIPPED|FDCE|FDCE","DUT_INTERNAL","u_dut/slot_state_reg","u_dut/lfnst_input_terms_q_reg","0.024000000"
"u_dut/lfnst_input_terms_q_reg[97]/D","u_dut/slot_state_reg[0][0]/C","-0.012000000","clk","clk","clk","u_dut/slot_state_reg[0][0]","FDCE","u_dut/slot_state_reg","u_dut/lfnst_input_terms_q_reg[97]","FDCE","u_dut/lfnst_input_terms_q_reg","4","0.569000000","1.316000000","1.885000000","0.698143236","SLICE_X73Y77","SLICE_X63Y96","","","SIGNATURE_SKIPPED|FDCE|FDCE","SIGNATURE_SKIPPED|FDCE|FDCE","DUT_INTERNAL","u_dut/slot_state_reg","u_dut/lfnst_input_terms_q_reg","0.012000000"
"u_dut/lfnst_input_terms_q_reg[98]/CE","u_dut/slot_state_reg[0][0]/C","-0.020000000","clk","clk","clk","u_dut/slot_state_reg[0][0]","FDCE","u_dut/slot_state_reg","u_dut/lfnst_input_terms_q_reg[98]","FDCE","u_dut/lfnst_input_terms_q_reg","3","0.395000000","1.410000000","1.805000000","0.781163435","SLICE_X73Y77","SLICE_X64Y96","","","SIGNATURE_SKIPPED|FDCE|FDCE","SIGNATURE_SKIPPED|FDCE|FDCE","DUT_INTERNAL","u_dut/slot_state_reg","u_dut/lfnst_input_terms_q_reg","0.020000000"
"u_dut/lfnst_input_terms_q_reg[99]/CE","u_dut/slot_state_reg[0][0]/C","-0.024000000","clk","clk","clk","u_dut/slot_state_reg[0][0]","FDCE","u_dut/slot_state_reg","u_dut/lfnst_input_terms_q_reg[99]","FDCE","u_dut/lfnst_input_terms_q_reg","3","0.395000000","1.417000000","1.812000000","0.782008830","SLICE_X73Y77","SLICE_X63Y96","","","SIGNATURE_SKIPPED|FDCE|FDCE","SIGNATURE_SKIPPED|FDCE|FDCE","DUT_INTERNAL","u_dut/slot_state_reg","u_dut/lfnst_input_terms_q_reg","0.024000000"
"u_dut/lfnst_mem_req_valid_q_reg/D","u_dut/lfnst_tail_index_q_reg[3]/C","-0.106000000","clk","clk","clk","u_dut/lfnst_tail_index_q_reg[3]","FDCE","u_dut/lfnst_tail_index_q_reg","u_dut/lfnst_mem_req_valid_q_reg","FDCE","u_dut/lfnst_mem_req_valid_q_reg","6","0.669000000","1.338000000","2.007000000","0.666666667","SLICE_X71Y65","SLICE_X73Y77","","","SIGNATURE_SKIPPED|FDCE|FDCE","SIGNATURE_SKIPPED|FDCE|FDCE","DUT_INTERNAL","u_dut/lfnst_tail_index_q_reg","u_dut/lfnst_mem_req_valid_q_reg","0.106000000"
"u_dut/lfnst_mem_resp_data_q_reg[0]/D","u_dut/rd_cmd_addr_q_reg[1][0][1]_replica_4/C","-0.107000000","clk","clk","clk","u_dut/rd_cmd_addr_q_reg[1][0][1]_replica_4","FDCE","u_dut/rd_cmd_addr_q_reg_replica_4","u_dut/lfnst_mem_resp_data_q_reg[0]","FDCE","u_dut/lfnst_mem_resp_data_q_reg","6","0.642000000","1.318000000","1.960000000","0.672448980","SLICE_X61Y72","SLICE_X69Y48","","","SIGNATURE_SKIPPED|FDCE|FDCE","SIGNATURE_SKIPPED|FDCE|FDCE","DUT_INTERNAL","u_dut/rd_cmd_addr_q_reg_replica_4","u_dut/lfnst_mem_resp_data_q_reg","0.107000000"
"u_dut/lfnst_mem_resp_data_q_reg[10]/D","u_dut/rd_cmd_addr_q_reg[0][0][2]_replica_5/C","-0.045000000","clk","clk","clk","u_dut/rd_cmd_addr_q_reg[0][0][2]_replica_5","FDCE","u_dut/rd_cmd_addr_q_reg_replica_5","u_dut/lfnst_mem_resp_data_q_reg[10]","FDCE","u_dut/lfnst_mem_resp_data_q_reg","6","0.495000000","1.501000000","1.996000000","0.752004008","SLICE_X74Y48","SLICE_X68Y64","","","SIGNATURE_SKIPPED|FDCE|FDCE","SIGNATURE_SKIPPED|FDCE|FDCE","DUT_INTERNAL","u_dut/rd_cmd_addr_q_reg_replica_5","u_dut/lfnst_mem_resp_data_q_reg","0.045000000"
"u_dut/lfnst_mem_resp_data_q_reg[11]/D","u_dut/rd_cmd_addr_q_reg[0][0][0]/C","-0.041000000","clk","clk","clk","u_dut/rd_cmd_addr_q_reg[0][0][0]","FDCE","u_dut/rd_cmd_addr_q_reg","u_dut/lfnst_mem_resp_data_q_reg[11]","FDCE","u_dut/lfnst_mem_resp_data_q_reg","6","0.445000000","1.562000000","2.007000000","0.778276034","SLICE_X70Y60","SLICE_X68Y64","","","SIGNATURE_SKIPPED|FDCE|FDCE","SIGNATURE_SKIPPED|FDCE|FDCE","DUT_INTERNAL","u_dut/rd_cmd_addr_q_reg","u_dut/lfnst_mem_resp_data_q_reg","0.041000000"
"u_dut/lfnst_mem_resp_data_q_reg[12]/D","u_dut/rd_cmd_addr_q_reg[1][0][2]_replica_1/C","-0.111000000","clk","clk","clk","u_dut/rd_cmd_addr_q_reg[1][0][2]_replica_1","FDCE","u_dut/rd_cmd_addr_q_reg_replica_1","u_dut/lfnst_mem_resp_data_q_reg[12]","FDCE","u_dut/lfnst_mem_resp_data_q_reg","6","0.471000000","1.525000000","1.996000000","0.764028056","SLICE_X74Y48","SLICE_X69Y63","","","SIGNATURE_SKIPPED|FDCE|FDCE","SIGNATURE_SKIPPED|FDCE|FDCE","DUT_INTERNAL","u_dut/rd_cmd_addr_q_reg_replica_1","u_dut/lfnst_mem_resp_data_q_reg","0.111000000"
"u_dut/lfnst_mem_resp_data_q_reg[14]/D","u_dut/rd_cmd_addr_q_reg[0][2][0]/C","-0.069000000","clk","clk","clk","u_dut/rd_cmd_addr_q_reg[0][2][0]","FDCE","u_dut/rd_cmd_addr_q_reg","u_dut/lfnst_mem_resp_data_q_reg[14]","FDCE","u_dut/lfnst_mem_resp_data_q_reg","6","0.522000000","1.520000000","2.042000000","0.744368266","SLICE_X65Y60","SLICE_X69Y65","","","SIGNATURE_SKIPPED|FDCE|FDCE","SIGNATURE_SKIPPED|FDCE|FDCE","DUT_INTERNAL","u_dut/rd_cmd_addr_q_reg","u_dut/lfnst_mem_resp_data_q_reg","0.069000000"
"u_dut/lfnst_mem_resp_data_q_reg[15]/D","u_dut/rd_cmd_addr_q_reg[0][0][1]_replica_5/C","-0.108000000","clk","clk","clk","u_dut/rd_cmd_addr_q_reg[0][0][1]_replica_5","FDCE","u_dut/rd_cmd_addr_q_reg_replica_5","u_dut/lfnst_mem_resp_data_q_reg[15]","FDCE","u_dut/lfnst_mem_resp_data_q_reg","6","0.521000000","1.474000000","1.995000000","0.738847118","SLICE_X74Y48","SLICE_X70Y60","","","SIGNATURE_SKIPPED|FDCE|FDCE","SIGNATURE_SKIPPED|FDCE|FDCE","DUT_INTERNAL","u_dut/rd_cmd_addr_q_reg_replica_5","u_dut/lfnst_mem_resp_data_q_reg","0.108000000"
"u_dut/lfnst_mem_resp_data_q_reg[1]/D","u_dut/rd_cmd_addr_q_reg[1][0][4]/C","-0.020000000","clk","clk","clk","u_dut/rd_cmd_addr_q_reg[1][0][4]","FDCE","u_dut/rd_cmd_addr_q_reg","u_dut/lfnst_mem_resp_data_q_reg[1]","FDCE","u_dut/lfnst_mem_resp_data_q_reg","6","0.424000000","1.585000000","2.009000000","0.788949726","SLICE_X82Y36","SLICE_X72Y61","","","SIGNATURE_SKIPPED|FDCE|FDCE","SIGNATURE_SKIPPED|FDCE|FDCE","DUT_INTERNAL","u_dut/rd_cmd_addr_q_reg","u_dut/lfnst_mem_resp_data_q_reg","0.020000000"
"u_dut/lfnst_mem_resp_data_q_reg[2]/D","u_dut/rd_cmd_addr_q_reg[0][0][0]/C","-0.088000000","clk","clk","clk","u_dut/rd_cmd_addr_q_reg[0][0][0]","FDCE","u_dut/rd_cmd_addr_q_reg","u_dut/lfnst_mem_resp_data_q_reg[2]","FDCE","u_dut/lfnst_mem_resp_data_q_reg","6","0.583000000","1.405000000","1.988000000","0.706740443","SLICE_X70Y60","SLICE_X72Y60","","","SIGNATURE_SKIPPED|FDCE|FDCE","SIGNATURE_SKIPPED|FDCE|FDCE","DUT_INTERNAL","u_dut/rd_cmd_addr_q_reg","u_dut/lfnst_mem_resp_data_q_reg","0.088000000"
"u_dut/lfnst_mem_resp_data_q_reg[3]/D","u_dut/rd_cmd_addr_q_reg[0][0][3]/C","-0.035000000","clk","clk","clk","u_dut/rd_cmd_addr_q_reg[0][0][3]","FDCE","u_dut/rd_cmd_addr_q_reg","u_dut/lfnst_mem_resp_data_q_reg[3]","FDCE","u_dut/lfnst_mem_resp_data_q_reg","6","0.473000000","1.502000000","1.975000000","0.760506329","SLICE_X63Y72","SLICE_X72Y42","","","SIGNATURE_SKIPPED|FDCE|FDCE","SIGNATURE_SKIPPED|FDCE|FDCE","DUT_INTERNAL","u_dut/rd_cmd_addr_q_reg","u_dut/lfnst_mem_resp_data_q_reg","0.035000000"
"u_dut/lfnst_mem_resp_data_q_reg[4]/D","u_dut/rd_cmd_addr_q_reg[1][0][5]/C","-0.084000000","clk","clk","clk","u_dut/rd_cmd_addr_q_reg[1][0][5]","FDCE","u_dut/rd_cmd_addr_q_reg","u_dut/lfnst_mem_resp_data_q_reg[4]","FDCE","u_dut/lfnst_mem_resp_data_q_reg","6","0.403000000","1.711000000","2.114000000","0.809366131","SLICE_X73Y60","SLICE_X72Y61","","","SIGNATURE_SKIPPED|FDCE|FDCE","SIGNATURE_SKIPPED|FDCE|FDCE","DUT_INTERNAL","u_dut/rd_cmd_addr_q_reg","u_dut/lfnst_mem_resp_data_q_reg","0.084000000"
"u_dut/lfnst_mem_resp_data_q_reg[6]/D","u_dut/rd_cmd_addr_q_reg[0][0][0]/C","-0.109000000","clk","clk","clk","u_dut/rd_cmd_addr_q_reg[0][0][0]","FDCE","u_dut/rd_cmd_addr_q_reg","u_dut/lfnst_mem_resp_data_q_reg[6]","FDCE","u_dut/lfnst_mem_resp_data_q_reg","6","0.590000000","1.418000000","2.008000000","0.706175299","SLICE_X70Y60","SLICE_X72Y60","","","SIGNATURE_SKIPPED|FDCE|FDCE","SIGNATURE_SKIPPED|FDCE|FDCE","DUT_INTERNAL","u_dut/rd_cmd_addr_q_reg","u_dut/lfnst_mem_resp_data_q_reg","0.109000000"
"u_dut/lfnst_mem_resp_data_q_reg[7]/D","u_dut/rd_cmd_addr_q_reg[1][0][1]_replica_4/C","-0.101000000","clk","clk","clk","u_dut/rd_cmd_addr_q_reg[1][0][1]_replica_4","FDCE","u_dut/rd_cmd_addr_q_reg_replica_4","u_dut/lfnst_mem_resp_data_q_reg[7]","FDCE","u_dut/lfnst_mem_resp_data_q_reg","6","0.569000000","1.461000000","2.030000000","0.719704433","SLICE_X61Y72","SLICE_X70Y60","","","SIGNATURE_SKIPPED|FDCE|FDCE","SIGNATURE_SKIPPED|FDCE|FDCE","DUT_INTERNAL","u_dut/rd_cmd_addr_q_reg_replica_4","u_dut/lfnst_mem_resp_data_q_reg","0.101000000"
"u_dut/lfnst_mem_resp_data_q_reg[8]/D","u_dut/rd_cmd_addr_q_reg[1][0][2]_replica_1/C","-0.098000000","clk","clk","clk","u_dut/rd_cmd_addr_q_reg[1][0][2]_replica_1","FDCE","u_dut/rd_cmd_addr_q_reg_replica_1","u_dut/lfnst_mem_resp_data_q_reg[8]","FDCE","u_dut/lfnst_mem_resp_data_q_reg","6","0.474000000","1.510000000","1.984000000","0.761088710","SLICE_X74Y48","SLICE_X69Y63","","","SIGNATURE_SKIPPED|FDCE|FDCE","SIGNATURE_SKIPPED|FDCE|FDCE","DUT_INTERNAL","u_dut/rd_cmd_addr_q_reg_replica_1","u_dut/lfnst_mem_resp_data_q_reg","0.098000000"
"u_dut/lfnst_mem_resp_data_q_reg[9]/D","u_dut/rd_cmd_addr_q_reg[0][0][3]/C","-0.080000000","clk","clk","clk","u_dut/rd_cmd_addr_q_reg[0][0][3]","FDCE","u_dut/rd_cmd_addr_q_reg","u_dut/lfnst_mem_resp_data_q_reg[9]","FDCE","u_dut/lfnst_mem_resp_data_q_reg","6","0.489000000","1.475000000","1.964000000","0.751018330","SLICE_X63Y72","SLICE_X72Y52","","","SIGNATURE_SKIPPED|FDCE|FDCE","SIGNATURE_SKIPPED|FDCE|FDCE","DUT_INTERNAL","u_dut/rd_cmd_addr_q_reg","u_dut/lfnst_mem_resp_data_q_reg","0.080000000"
"u_dut/lfnst_mem_resp_valid_q_reg/D","u_dut/rd_cmd_addr_q_reg[0][0][1]_replica/C","-0.026000000","clk","clk","clk","u_dut/rd_cmd_addr_q_reg[0][0][1]_replica","FDCE","u_dut/rd_cmd_addr_q_reg_replica","u_dut/lfnst_mem_resp_valid_q_reg","FDCE","u_dut/lfnst_mem_resp_valid_q_reg","6","0.722000000","1.186000000","1.908000000","0.621593291","SLICE_X72Y60","SLICE_X70Y73","","","SIGNATURE_SKIPPED|FDCE|FDCE","SIGNATURE_SKIPPED|FDCE|FDCE","DUT_INTERNAL","u_dut/rd_cmd_addr_q_reg_replica","u_dut/lfnst_mem_resp_valid_q_reg","0.026000000"
"u_dut/lfnst_mem_resp_valid_q_reg_rep__2/D","u_dut/rd_cmd_addr_q_reg[1][3][0]/C","-0.072000000","clk","clk","clk","u_dut/rd_cmd_addr_q_reg[1][3][0]","FDCE","u_dut/rd_cmd_addr_q_reg","u_dut/lfnst_mem_resp_valid_q_reg_rep__2","FDCE","u_dut/lfnst_mem_resp_valid_q_reg_rep__2","6","0.553000000","1.369000000","1.922000000","0.712278876","SLICE_X74Y59","SLICE_X72Y73","","","SIGNATURE_SKIPPED|FDCE|FDCE","SIGNATURE_SKIPPED|FDCE|FDCE","DUT_INTERNAL","u_dut/rd_cmd_addr_q_reg","u_dut/lfnst_mem_resp_valid_q_reg_rep__2","0.072000000"
"u_dut/lfnst_tail_index_q_reg[0]/CE","u_dut/u_unified_p4_kernel/slot_state_q_reg[2][1]/C","-0.008000000","clk","clk","clk","u_dut/u_unified_p4_kernel/slot_state_q_reg[2][1]","FDCE","u_dut/u_unified_p4_kernel/slot_state_q_reg","u_dut/lfnst_tail_index_q_reg[0]","FDCE","u_dut/lfnst_tail_index_q_reg","7","0.595000000","1.284000000","1.879000000","0.683342203","SLICE_X84Y76","SLICE_X71Y65","","","SIGNATURE_SKIPPED|FDCE|FDCE","SIGNATURE_SKIPPED|FDCE|FDCE","DUT_INTERNAL","u_dut/u_unified_p4_kernel/slot_state_q_reg","u_dut/lfnst_tail_index_q_reg","0.008000000"
"u_dut/lfnst_tail_index_q_reg[1]/CE","u_dut/u_unified_p4_kernel/slot_state_q_reg[2][1]/C","-0.007000000","clk","clk","clk","u_dut/u_unified_p4_kernel/slot_state_q_reg[2][1]","FDCE","u_dut/u_unified_p4_kernel/slot_state_q_reg","u_dut/lfnst_tail_index_q_reg[1]","FDCE","u_dut/lfnst_tail_index_q_reg","7","0.595000000","1.284000000","1.879000000","0.683342203","SLICE_X84Y76","SLICE_X71Y65","","","SIGNATURE_SKIPPED|FDCE|FDCE","SIGNATURE_SKIPPED|FDCE|FDCE","DUT_INTERNAL","u_dut/u_unified_p4_kernel/slot_state_q_reg","u_dut/lfnst_tail_index_q_reg","0.007000000"
"u_dut/lfnst_tail_index_q_reg[2]/CE","u_dut/u_unified_p4_kernel/slot_state_q_reg[2][1]/C","-0.009000000","clk","clk","clk","u_dut/u_unified_p4_kernel/slot_state_q_reg[2][1]","FDCE","u_dut/u_unified_p4_kernel/slot_state_q_reg","u_dut/lfnst_tail_index_q_reg[2]","FDCE","u_dut/lfnst_tail_index_q_reg","7","0.595000000","1.279000000","1.874000000","0.682497332","SLICE_X84Y76","SLICE_X72Y65","","","SIGNATURE_SKIPPED|FDCE|FDCE","SIGNATURE_SKIPPED|FDCE|FDCE","DUT_INTERNAL","u_dut/u_unified_p4_kernel/slot_state_q_reg","u_dut/lfnst_tail_index_q_reg","0.009000000"
"u_dut/lfnst_tail_index_q_reg[3]/CE","u_dut/u_unified_p4_kernel/slot_state_q_reg[2][1]/C","-0.008000000","clk","clk","clk","u_dut/u_unified_p4_kernel/slot_state_q_reg[2][1]","FDCE","u_dut/u_unified_p4_kernel/slot_state_q_reg","u_dut/lfnst_tail_index_q_reg[3]","FDCE","u_dut/lfnst_tail_index_q_reg","7","0.595000000","1.284000000","1.879000000","0.683342203","SLICE_X84Y76","SLICE_X71Y65","","","SIGNATURE_SKIPPED|FDCE|FDCE","SIGNATURE_SKIPPED|FDCE|FDCE","DUT_INTERNAL","u_dut/u_unified_p4_kernel/slot_state_q_reg","u_dut/lfnst_tail_index_q_reg","0.008000000"
"u_dut/output_index_reg[0]_replica/D","u_dut/slot_state_reg[0][0]/C","-0.040000000","clk","clk","clk","u_dut/slot_state_reg[0][0]","FDCE","u_dut/slot_state_reg","u_dut/output_index_reg[0]_replica","FDCE","u_dut/output_index_reg_replica","3","0.306000000","1.558000000","1.864000000","0.835836910","SLICE_X73Y77","SLICE_X81Y81","","","SIGNATURE_SKIPPED|FDCE|FDCE","SIGNATURE_SKIPPED|FDCE|FDCE","DUT_INTERNAL","u_dut/slot_state_reg","u_dut/output_index_reg_replica","0.040000000"
"u_dut/output_index_reg[0]_replica_3/CE","u_dut/kernel_phase_q_reg[0]/C","-0.056000000","clk","clk","clk","u_dut/kernel_phase_q_reg[0]","FDCE","u_dut/kernel_phase_q_reg","u_dut/output_index_reg[0]_replica_3","FDCE","u_dut/output_index_reg_replica_3","3","0.317000000","1.534000000","1.851000000","0.828741221","SLICE_X84Y64","SLICE_X88Y73","","","SIGNATURE_SKIPPED|FDCE|FDCE","SIGNATURE_SKIPPED|FDCE|FDCE","DUT_INTERNAL","u_dut/kernel_phase_q_reg","u_dut/output_index_reg_replica_3","0.056000000"
"u_dut/output_index_reg[0]_replica_3/D","u_dut/slot_state_reg[0][0]/C","-0.011000000","clk","clk","clk","u_dut/slot_state_reg[0][0]","FDCE","u_dut/slot_state_reg","u_dut/output_index_reg[0]_replica_3","FDCE","u_dut/output_index_reg_replica_3","3","0.306000000","1.536000000","1.842000000","0.833876221","SLICE_X73Y77","SLICE_X88Y73","","","SIGNATURE_SKIPPED|FDCE|FDCE","SIGNATURE_SKIPPED|FDCE|FDCE","DUT_INTERNAL","u_dut/slot_state_reg","u_dut/output_index_reg_replica_3","0.011000000"
"u_dut/output_index_reg[0]_replica_5/D","u_dut/slot_state_reg[0][0]/C","-0.032000000","clk","clk","clk","u_dut/slot_state_reg[0][0]","FDCE","u_dut/slot_state_reg","u_dut/output_index_reg[0]_replica_5","FDCE","u_dut/output_index_reg_replica_5","3","0.306000000","1.568000000","1.874000000","0.836712914","SLICE_X73Y77","SLICE_X86Y80","","","SIGNATURE_SKIPPED|FDCE|FDCE","SIGNATURE_SKIPPED|FDCE|FDCE","DUT_INTERNAL","u_dut/slot_state_reg","u_dut/output_index_reg_replica_5","0.032000000"
"u_dut/output_index_reg[0]_replica_7/CE","u_dut/kernel_run_q_reg/C","-0.050000000","clk","clk","clk","u_dut/kernel_run_q_reg","FDCE","u_dut/kernel_run_q_reg","u_dut/output_index_reg[0]_replica_7","FDCE","u_dut/output_index_reg_replica_7","2","0.202000000","1.604000000","1.806000000","0.888150609","SLICE_X74Y76","SLICE_X84Y87","","","SIGNATURE_SKIPPED|FDCE|FDCE","SIGNATURE_SKIPPED|FDCE|FDCE","DUT_INTERNAL","u_dut/kernel_run_q_reg","u_dut/output_index_reg_replica_7","0.050000000"
"u_dut/output_index_reg[0]_replica_8/CE","u_dut/kernel_phase_q_reg[0]/C","-0.007000000","clk","clk","clk","u_dut/kernel_phase_q_reg[0]","FDCE","u_dut/kernel_phase_q_reg","u_dut/output_index_reg[0]_replica_8","FDCE","u_dut/output_index_reg_replica_8","3","0.317000000","1.475000000","1.792000000","0.823102679","SLICE_X84Y64","SLICE_X82Y87","","","SIGNATURE_SKIPPED|FDCE|FDCE","SIGNATURE_SKIPPED|FDCE|FDCE","DUT_INTERNAL","u_dut/kernel_phase_q_reg","u_dut/output_index_reg_replica_8","0.007000000"
"u_dut/output_index_reg[1]_replica_4/CE","u_dut/kernel_phase_q_reg[0]/C","-0.097000000","clk","clk","clk","u_dut/kernel_phase_q_reg[0]","FDCE","u_dut/kernel_phase_q_reg","u_dut/output_index_reg[1]_replica_4","FDCE","u_dut/output_index_reg_replica_4","3","0.317000000","1.576000000","1.893000000","0.832540940","SLICE_X84Y64","SLICE_X88Y74","","","SIGNATURE_SKIPPED|FDCE|FDCE","SIGNATURE_SKIPPED|FDCE|FDCE","DUT_INTERNAL","u_dut/kernel_phase_q_reg","u_dut/output_index_reg_replica_4","0.097000000"
"u_dut/output_index_reg[1]_replica_7/CE","u_dut/kernel_run_q_reg/C","-0.048000000","clk","clk","clk","u_dut/kernel_run_q_reg","FDCE","u_dut/kernel_run_q_reg","u_dut/output_index_reg[1]_replica_7","FDCE","u_dut/output_index_reg_replica_7","2","0.202000000","1.602000000","1.804000000","0.888026608","SLICE_X74Y76","SLICE_X85Y87","","","SIGNATURE_SKIPPED|FDCE|FDCE","SIGNATURE_SKIPPED|FDCE|FDCE","DUT_INTERNAL","u_dut/kernel_run_q_reg","u_dut/output_index_reg_replica_7","0.048000000"
"u_dut/output_index_reg[2]_replica_3/CE","u_dut/kernel_phase_q_reg[0]/C","-0.097000000","clk","clk","clk","u_dut/kernel_phase_q_reg[0]","FDCE","u_dut/kernel_phase_q_reg","u_dut/output_index_reg[2]_replica_3","FDCE","u_dut/output_index_reg_replica_3","3","0.317000000","1.576000000","1.893000000","0.832540940","SLICE_X84Y64","SLICE_X88Y74","","","SIGNATURE_SKIPPED|FDCE|FDCE","SIGNATURE_SKIPPED|FDCE|FDCE","DUT_INTERNAL","u_dut/kernel_phase_q_reg","u_dut/output_index_reg_replica_3","0.097000000"
"u_dut/output_index_reg[2]_replica_3/D","src_it_data_out_req_q_reg/C","-0.054000000","clk","clk","clk","src_it_data_out_req_q_reg","FDPE","src_it_data_out_req_q_reg","u_dut/output_index_reg[2]_replica_3","FDCE","u_dut/output_index_reg_replica_3","4","0.343000000","1.632000000","1.975000000","0.826329114","SLICE_X80Y83","SLICE_X88Y74","","","SIGNATURE_SKIPPED|FDPE|FDCE","SIGNATURE_SKIPPED|FDPE|FDCE","SOURCE_BOUNDARY_TO_DUT","harness/source_boundary","u_dut/output_index_reg_replica_3","0.054000000"
"u_dut/output_index_reg[2]_replica_8/D","src_it_data_out_req_q_reg/C","-0.001000000","clk","clk","clk","src_it_data_out_req_q_reg","FDPE","src_it_data_out_req_q_reg","u_dut/output_index_reg[2]_replica_8","FDCE","u_dut/output_index_reg_replica_8","4","0.343000000","1.568000000","1.911000000","0.820512821","SLICE_X80Y83","SLICE_X81Y83","","","SIGNATURE_SKIPPED|FDPE|FDCE","SIGNATURE_SKIPPED|FDPE|FDCE","SOURCE_BOUNDARY_TO_DUT","harness/source_boundary","u_dut/output_index_reg_replica_8","0.001000000"
"u_dut/output_index_reg[3]_replica_2/D","u_dut/slot_state_reg[0][0]/C","-0.012000000","clk","clk","clk","u_dut/slot_state_reg[0][0]","FDCE","u_dut/slot_state_reg","u_dut/output_index_reg[3]_replica_2","FDCE","u_dut/output_index_reg_replica_2","3","0.306000000","1.557000000","1.863000000","0.835748792","SLICE_X73Y77","SLICE_X79Y75","","","SIGNATURE_SKIPPED|FDCE|FDCE","SIGNATURE_SKIPPED|FDCE|FDCE","DUT_INTERNAL","u_dut/slot_state_reg","u_dut/output_index_reg_replica_2","0.012000000"
"u_dut/output_index_reg[3]_replica_4/CE","u_dut/kernel_phase_q_reg[0]/C","-0.056000000","clk","clk","clk","u_dut/kernel_phase_q_reg[0]","FDCE","u_dut/kernel_phase_q_reg","u_dut/output_index_reg[3]_replica_4","FDCE","u_dut/output_index_reg_replica_4","3","0.317000000","1.534000000","1.851000000","0.828741221","SLICE_X84Y64","SLICE_X88Y73","","","SIGNATURE_SKIPPED|FDCE|FDCE","SIGNATURE_SKIPPED|FDCE|FDCE","DUT_INTERNAL","u_dut/kernel_phase_q_reg","u_dut/output_index_reg_replica_4","0.056000000"
"u_dut/output_index_reg[3]_replica_5/CE","u_dut/kernel_phase_q_reg[0]/C","-0.106000000","clk","clk","clk","u_dut/kernel_phase_q_reg[0]","FDCE","u_dut/kernel_phase_q_reg","u_dut/output_index_reg[3]_replica_5","FDCE","u_dut/output_index_reg_replica_5","3","0.317000000","1.577000000","1.894000000","0.832629356","SLICE_X84Y64","SLICE_X88Y82","","","SIGNATURE_SKIPPED|FDCE|FDCE","SIGNATURE_SKIPPED|FDCE|FDCE","DUT_INTERNAL","u_dut/kernel_phase_q_reg","u_dut/output_index_reg_replica_5","0.106000000"
"u_dut/output_index_reg[4]_replica_4/CE","u_dut/kernel_phase_q_reg[0]/C","-0.056000000","clk","clk","clk","u_dut/kernel_phase_q_reg[0]","FDCE","u_dut/kernel_phase_q_reg","u_dut/output_index_reg[4]_replica_4","FDCE","u_dut/output_index_reg_replica_4","3","0.317000000","1.534000000","1.851000000","0.828741221","SLICE_X84Y64","SLICE_X88Y73","","","SIGNATURE_SKIPPED|FDCE|FDCE","SIGNATURE_SKIPPED|FDCE|FDCE","DUT_INTERNAL","u_dut/kernel_phase_q_reg","u_dut/output_index_reg_replica_4","0.056000000"
"u_dut/output_index_reg[4]_replica_4/D","u_dut/slot_state_reg[0][0]/C","-0.013000000","clk","clk","clk","u_dut/slot_state_reg[0][0]","FDCE","u_dut/slot_state_reg","u_dut/output_index_reg[4]_replica_4","FDCE","u_dut/output_index_reg_replica_4","3","0.307000000","1.537000000","1.844000000","0.833514100","SLICE_X73Y77","SLICE_X88Y73","","","SIGNATURE_SKIPPED|FDCE|FDCE","SIGNATURE_SKIPPED|FDCE|FDCE","DUT_INTERNAL","u_dut/slot_state_reg","u_dut/output_index_reg_replica_4","0.013000000"
"u_dut/output_index_reg[4]_replica_6/D","u_dut/slot_state_reg[0][0]/C","-0.047000000","clk","clk","clk","u_dut/slot_state_reg[0][0]","FDCE","u_dut/slot_state_reg","u_dut/output_index_reg[4]_replica_6","FDCE","u_dut/output_index_reg_replica_6","3","0.307000000","1.563000000","1.870000000","0.835828877","SLICE_X73Y77","SLICE_X81Y82","","","SIGNATURE_SKIPPED|FDCE|FDCE","SIGNATURE_SKIPPED|FDCE|FDCE","DUT_INTERNAL","u_dut/slot_state_reg","u_dut/output_index_reg_replica_6","0.047000000"
"u_dut/output_index_reg[4]_replica_7/CE","u_dut/kernel_run_q_reg/C","-0.050000000","clk","clk","clk","u_dut/kernel_run_q_reg","FDCE","u_dut/kernel_run_q_reg","u_dut/output_index_reg[4]_replica_7","FDCE","u_dut/output_index_reg_replica_7","2","0.202000000","1.604000000","1.806000000","0.888150609","SLICE_X74Y76","SLICE_X84Y87","","","SIGNATURE_SKIPPED|FDCE|FDCE","SIGNATURE_SKIPPED|FDCE|FDCE","DUT_INTERNAL","u_dut/kernel_run_q_reg","u_dut/output_index_reg_replica_7","0.050000000"
"u_dut/output_index_reg[4]_replica_8/CE","u_dut/kernel_phase_q_reg[0]/C","-0.007000000","clk","clk","clk","u_dut/kernel_phase_q_reg[0]","FDCE","u_dut/kernel_phase_q_reg","u_dut/output_index_reg[4]_replica_8","FDCE","u_dut/output_index_reg_replica_8","3","0.317000000","1.475000000","1.792000000","0.823102679","SLICE_X84Y64","SLICE_X82Y87","","","SIGNATURE_SKIPPED|FDCE|FDCE","SIGNATURE_SKIPPED|FDCE|FDCE","DUT_INTERNAL","u_dut/kernel_phase_q_reg","u_dut/output_index_reg_replica_8","0.007000000"
"u_dut/output_index_reg[5]_replica_2/CE","u_dut/kernel_phase_q_reg[0]/C","-0.005000000","clk","clk","clk","u_dut/kernel_phase_q_reg[0]","FDCE","u_dut/kernel_phase_q_reg","u_dut/output_index_reg[5]_replica_2","FDCE","u_dut/output_index_reg_replica_2","3","0.317000000","1.482000000","1.799000000","0.823790995","SLICE_X84Y64","SLICE_X88Y77","","","SIGNATURE_SKIPPED|FDCE|FDCE","SIGNATURE_SKIPPED|FDCE|FDCE","DUT_INTERNAL","u_dut/kernel_phase_q_reg","u_dut/output_index_reg_replica_2","0.005000000"
"u_dut/output_index_reg[5]_replica_2/D","src_it_data_out_req_q_reg/C","-0.025000000","clk","clk","clk","src_it_data_out_req_q_reg","FDPE","src_it_data_out_req_q_reg","u_dut/output_index_reg[5]_replica_2","FDCE","u_dut/output_index_reg_replica_2","4","0.248000000","1.695000000","1.943000000","0.872362326","SLICE_X80Y83","SLICE_X88Y77","","","SIGNATURE_SKIPPED|FDPE|FDCE","SIGNATURE_SKIPPED|FDPE|FDCE","SOURCE_BOUNDARY_TO_DUT","harness/source_boundary","u_dut/output_index_reg_replica_2","0.025000000"
"u_dut/output_index_reg[5]_replica_3/D","src_it_data_out_req_q_reg/C","-0.026000000","clk","clk","clk","src_it_data_out_req_q_reg","FDPE","src_it_data_out_req_q_reg","u_dut/output_index_reg[5]_replica_3","FDCE","u_dut/output_index_reg_replica_3","4","0.248000000","1.715000000","1.963000000","0.873662761","SLICE_X80Y83","SLICE_X79Y76","","","SIGNATURE_SKIPPED|FDPE|FDCE","SIGNATURE_SKIPPED|FDPE|FDCE","SOURCE_BOUNDARY_TO_DUT","harness/source_boundary","u_dut/output_index_reg_replica_3","0.026000000"
"u_dut/output_index_reg[5]_replica_5/D","src_it_data_out_req_q_reg/C","-0.032000000","clk","clk","clk","src_it_data_out_req_q_reg","FDPE","src_it_data_out_req_q_reg","u_dut/output_index_reg[5]_replica_5","FDCE","u_dut/output_index_reg_replica_5","4","0.248000000","1.704000000","1.952000000","0.872950820","SLICE_X80Y83","SLICE_X89Y80","","","SIGNATURE_SKIPPED|FDPE|FDCE","SIGNATURE_SKIPPED|FDPE|FDCE","SOURCE_BOUNDARY_TO_DUT","harness/source_boundary","u_dut/output_index_reg_replica_5","0.032000000"
"u_dut/rd_cmd_addr_q_reg[0][0][1]_replica/CE","u_dut/u_unified_p4_kernel/slot_state_q_reg[2][1]/C","-0.055000000","clk","clk","clk","u_dut/u_unified_p4_kernel/slot_state_q_reg[2][1]","FDCE","u_dut/u_unified_p4_kernel/slot_state_q_reg","u_dut/rd_cmd_addr_q_reg[0][0][1]_replica","FDCE","u_dut/rd_cmd_addr_q_reg_replica","5","0.579000000","1.344000000","1.923000000","0.698907956","SLICE_X84Y76","SLICE_X72Y60","","","SIGNATURE_SKIPPED|FDCE|FDCE","SIGNATURE_SKIPPED|FDCE|FDCE","DUT_INTERNAL","u_dut/u_unified_p4_kernel/slot_state_q_reg","u_dut/rd_cmd_addr_q_reg_replica","0.055000000"
"u_dut/rd_cmd_addr_q_reg[0][0][1]_replica_3/D","u_dut/kernel_stage_q_reg/C","-0.066000000","clk","clk","clk","u_dut/kernel_stage_q_reg","FDCE","u_dut/kernel_stage_q_reg","u_dut/rd_cmd_addr_q_reg[0][0][1]_replica_3","FDCE","u_dut/rd_cmd_addr_q_reg_replica_3","2","0.278000000","1.640000000","1.918000000","0.855057351","SLICE_X81Y71","SLICE_X81Y47","","","SIGNATURE_SKIPPED|FDCE|FDCE","SIGNATURE_SKIPPED|FDCE|FDCE","DUT_INTERNAL","u_dut/kernel_stage_q_reg","u_dut/rd_cmd_addr_q_reg_replica_3","0.066000000"
"u_dut/rd_cmd_addr_q_reg[0][0][1]_replica_4/CE","u_dut/u_unified_p4_kernel/slot_state_q_reg[2][1]/C","-0.012000000","clk","clk","clk","u_dut/u_unified_p4_kernel/slot_state_q_reg[2][1]","FDCE","u_dut/u_unified_p4_kernel/slot_state_q_reg","u_dut/rd_cmd_addr_q_reg[0][0][1]_replica_4","FDCE","u_dut/rd_cmd_addr_q_reg_replica_4","5","0.579000000","1.281000000","1.860000000","0.688709677","SLICE_X84Y76","SLICE_X77Y63","","","SIGNATURE_SKIPPED|FDCE|FDCE","SIGNATURE_SKIPPED|FDCE|FDCE","DUT_INTERNAL","u_dut/u_unified_p4_kernel/slot_state_q_reg","u_dut/rd_cmd_addr_q_reg_replica_4","0.012000000"
"u_dut/rd_cmd_addr_q_reg[0][0][2]_replica/CE","u_dut/u_unified_p4_kernel/slot_state_q_reg[2][1]/C","-0.010000000","clk","clk","clk","u_dut/u_unified_p4_kernel/slot_state_q_reg[2][1]","FDCE","u_dut/u_unified_p4_kernel/slot_state_q_reg","u_dut/rd_cmd_addr_q_reg[0][0][2]_replica","FDCE","u_dut/rd_cmd_addr_q_reg_replica","5","0.579000000","1.303000000","1.882000000","0.692348565","SLICE_X84Y76","SLICE_X71Y60","","","SIGNATURE_SKIPPED|FDCE|FDCE","SIGNATURE_SKIPPED|FDCE|FDCE","DUT_INTERNAL","u_dut/u_unified_p4_kernel/slot_state_q_reg","u_dut/rd_cmd_addr_q_reg_replica","0.010000000"
"u_dut/rd_cmd_addr_q_reg[0][0][2]_replica_1/CE","u_dut/u_unified_p4_kernel/slot_state_q_reg[2][1]/C","-0.061000000","clk","clk","clk","u_dut/u_unified_p4_kernel/slot_state_q_reg[2][1]","FDCE","u_dut/u_unified_p4_kernel/slot_state_q_reg","u_dut/rd_cmd_addr_q_reg[0][0][2]_replica_1","FDCE","u_dut/rd_cmd_addr_q_reg_replica_1","5","0.579000000","1.337000000","1.916000000","0.697807933","SLICE_X84Y76","SLICE_X74Y66","","","SIGNATURE_SKIPPED|FDCE|FDCE","SIGNATURE_SKIPPED|FDCE|FDCE","DUT_INTERNAL","u_dut/u_unified_p4_kernel/slot_state_q_reg","u_dut/rd_cmd_addr_q_reg_replica_1","0.061000000"
"u_dut/rd_cmd_addr_q_reg[0][0][2]_replica_4/CE","u_dut/u_unified_p4_kernel/slot_state_q_reg[2][1]/C","-0.003000000","clk","clk","clk","u_dut/u_unified_p4_kernel/slot_state_q_reg[2][1]","FDCE","u_dut/u_unified_p4_kernel/slot_state_q_reg","u_dut/rd_cmd_addr_q_reg[0][0][2]_replica_4","FDCE","u_dut/rd_cmd_addr_q_reg_replica_4","5","0.579000000","1.207000000","1.786000000","0.675811870","SLICE_X84Y76","SLICE_X80Y46","","","SIGNATURE_SKIPPED|FDCE|FDCE","SIGNATURE_SKIPPED|FDCE|FDCE","DUT_INTERNAL","u_dut/u_unified_p4_kernel/slot_state_q_reg","u_dut/rd_cmd_addr_q_reg_replica_4","0.003000000"
"u_dut/rd_cmd_addr_q_reg[0][0][2]_replica_4/D","u_dut/kernel_stage_q_reg/C","-0.041000000","clk","clk","clk","u_dut/kernel_stage_q_reg","FDCE","u_dut/kernel_stage_q_reg","u_dut/rd_cmd_addr_q_reg[0][0][2]_replica_4","FDCE","u_dut/rd_cmd_addr_q_reg_replica_4","2","0.278000000","1.616000000","1.894000000","0.853220697","SLICE_X81Y71","SLICE_X80Y46","","","SIGNATURE_SKIPPED|FDCE|FDCE","SIGNATURE_SKIPPED|FDCE|FDCE","DUT_INTERNAL","u_dut/kernel_stage_q_reg","u_dut/rd_cmd_addr_q_reg_replica_4","0.041000000"
"u_dut/rd_cmd_addr_q_reg[0][0][2]_replica_5/CE","u_dut/u_unified_p4_kernel/slot_state_q_reg[2][1]/C","-0.086000000","clk","clk","clk","u_dut/u_unified_p4_kernel/slot_state_q_reg[2][1]","FDCE","u_dut/u_unified_p4_kernel/slot_state_q_reg","u_dut/rd_cmd_addr_q_reg[0][0][2]_replica_5","FDCE","u_dut/rd_cmd_addr_q_reg_replica_5","5","0.579000000","1.323000000","1.902000000","0.695583596","SLICE_X84Y76","SLICE_X74Y48","","","SIGNATURE_SKIPPED|FDCE|FDCE","SIGNATURE_SKIPPED|FDCE|FDCE","DUT_INTERNAL","u_dut/u_unified_p4_kernel/slot_state_q_reg","u_dut/rd_cmd_addr_q_reg_replica_5","0.086000000"
"u_dut/rd_cmd_addr_q_reg[0][0][3]_replica_1/D","u_dut/kernel_stage_q_reg/C","-0.028000000","clk","clk","clk","u_dut/kernel_stage_q_reg","FDCE","u_dut/kernel_stage_q_reg","u_dut/rd_cmd_addr_q_reg[0][0][3]_replica_1","FDCE","u_dut/rd_cmd_addr_q_reg_replica_1","2","0.278000000","1.605000000","1.883000000","0.852363250","SLICE_X81Y71","SLICE_X81Y49","","","SIGNATURE_SKIPPED|FDCE|FDCE","SIGNATURE_SKIPPED|FDCE|FDCE","DUT_INTERNAL","u_dut/kernel_stage_q_reg","u_dut/rd_cmd_addr_q_reg_replica_1","0.028000000"
"u_dut/rd_cmd_addr_q_reg[0][0][3]_replica_2/CE","u_dut/u_unified_p4_kernel/slot_state_q_reg[2][1]/C","-0.049000000","clk","clk","clk","u_dut/u_unified_p4_kernel/slot_state_q_reg[2][1]","FDCE","u_dut/u_unified_p4_kernel/slot_state_q_reg","u_dut/rd_cmd_addr_q_reg[0][0][3]_replica_2","FDCE","u_dut/rd_cmd_addr_q_reg_replica_2","5","0.579000000","1.320000000","1.899000000","0.695102686","SLICE_X84Y76","SLICE_X77Y62","","","SIGNATURE_SKIPPED|FDCE|FDCE","SIGNATURE_SKIPPED|FDCE|FDCE","DUT_INTERNAL","u_dut/u_unified_p4_kernel/slot_state_q_reg","u_dut/rd_cmd_addr_q_reg_replica_2","0.049000000"
"u_dut/rd_cmd_addr_q_reg[0][0][3]_replica_5/CE","u_dut/u_unified_p4_kernel/slot_state_q_reg[2][1]/C","-0.036000000","clk","clk","clk","u_dut/u_unified_p4_kernel/slot_state_q_reg[2][1]","FDCE","u_dut/u_unified_p4_kernel/slot_state_q_reg","u_dut/rd_cmd_addr_q_reg[0][0][3]_replica_5","FDCE","u_dut/rd_cmd_addr_q_reg_replica_5","5","0.579000000","1.270000000","1.849000000","0.686857761","SLICE_X84Y76","SLICE_X74Y59","","","SIGNATURE_SKIPPED|FDCE|FDCE","SIGNATURE_SKIPPED|FDCE|FDCE","DUT_INTERNAL","u_dut/u_unified_p4_kernel/slot_state_q_reg","u_dut/rd_cmd_addr_q_reg_replica_5","0.036000000"
"u_dut/rd_cmd_addr_q_reg[0][0][5]/CE","u_dut/u_unified_p4_kernel/slot_state_q_reg[2][1]/C","-0.010000000","clk","clk","clk","u_dut/u_unified_p4_kernel/slot_state_q_reg[2][1]","FDCE","u_dut/u_unified_p4_kernel/slot_state_q_reg","u_dut/rd_cmd_addr_q_reg[0][0][5]","FDCE","u_dut/rd_cmd_addr_q_reg","5","0.579000000","1.303000000","1.882000000","0.692348565","SLICE_X84Y76","SLICE_X71Y60","","","SIGNATURE_SKIPPED|FDCE|FDCE","SIGNATURE_SKIPPED|FDCE|FDCE","DUT_INTERNAL","u_dut/u_unified_p4_kernel/slot_state_q_reg","u_dut/rd_cmd_addr_q_reg","0.010000000"
"u_dut/rd_cmd_addr_q_reg[0][0][6]/CE","u_dut/u_unified_p4_kernel/slot_state_q_reg[2][1]/C","-0.007000000","clk","clk","clk","u_dut/u_unified_p4_kernel/slot_state_q_reg[2][1]","FDCE","u_dut/u_unified_p4_kernel/slot_state_q_reg","u_dut/rd_cmd_addr_q_reg[0][0][6]","FDCE","u_dut/rd_cmd_addr_q_reg","5","0.579000000","1.267000000","1.846000000","0.686348862","SLICE_X84Y76","SLICE_X73Y74","","","SIGNATURE_SKIPPED|FDCE|FDCE","SIGNATURE_SKIPPED|FDCE|FDCE","DUT_INTERNAL","u_dut/u_unified_p4_kernel/slot_state_q_reg","u_dut/rd_cmd_addr_q_reg","0.007000000"
"u_dut/rd_cmd_addr_q_reg[0][1][0]/CE","u_dut/u_unified_p4_kernel/slot_state_q_reg[2][1]/C","-0.010000000","clk","clk","clk","u_dut/u_unified_p4_kernel/slot_state_q_reg[2][1]","FDCE","u_dut/u_unified_p4_kernel/slot_state_q_reg","u_dut/rd_cmd_addr_q_reg[0][1][0]","FDCE","u_dut/rd_cmd_addr_q_reg","5","0.579000000","1.303000000","1.882000000","0.692348565","SLICE_X84Y76","SLICE_X71Y60","","","SIGNATURE_SKIPPED|FDCE|FDCE","SIGNATURE_SKIPPED|FDCE|FDCE","DUT_INTERNAL","u_dut/u_unified_p4_kernel/slot_state_q_reg","u_dut/rd_cmd_addr_q_reg","0.010000000"
"u_dut/rd_cmd_addr_q_reg[0][1][4]/CE","u_dut/u_unified_p4_kernel/slot_state_q_reg[2][1]/C","-0.059000000","clk","clk","clk","u_dut/u_unified_p4_kernel/slot_state_q_reg[2][1]","FDCE","u_dut/u_unified_p4_kernel/slot_state_q_reg","u_dut/rd_cmd_addr_q_reg[0][1][4]","FDCE","u_dut/rd_cmd_addr_q_reg","5","0.579000000","1.343000000","1.922000000","0.698751301","SLICE_X84Y76","SLICE_X72Y63","","","SIGNATURE_SKIPPED|FDCE|FDCE","SIGNATURE_SKIPPED|FDCE|FDCE","DUT_INTERNAL","u_dut/u_unified_p4_kernel/slot_state_q_reg","u_dut/rd_cmd_addr_q_reg","0.059000000"
"u_dut/rd_cmd_addr_q_reg[0][2][8]/CE","u_dut/u_unified_p4_kernel/slot_state_q_reg[2][1]/C","-0.055000000","clk","clk","clk","u_dut/u_unified_p4_kernel/slot_state_q_reg[2][1]","FDCE","u_dut/u_unified_p4_kernel/slot_state_q_reg","u_dut/rd_cmd_addr_q_reg[0][2][8]","FDCE","u_dut/rd_cmd_addr_q_reg","5","0.579000000","1.325000000","1.904000000","0.695903361","SLICE_X84Y76","SLICE_X77Y65","","","SIGNATURE_SKIPPED|FDCE|FDCE","SIGNATURE_SKIPPED|FDCE|FDCE","DUT_INTERNAL","u_dut/u_unified_p4_kernel/slot_state_q_reg","u_dut/rd_cmd_addr_q_reg","0.055000000"
"u_dut/rd_cmd_addr_q_reg[0][2][9]/CE","u_dut/u_unified_p4_kernel/slot_state_q_reg[2][1]/C","-0.052000000","clk","clk","clk","u_dut/u_unified_p4_kernel/slot_state_q_reg[2][1]","FDCE","u_dut/u_unified_p4_kernel/slot_state_q_reg","u_dut/rd_cmd_addr_q_reg[0][2][9]","FDCE","u_dut/rd_cmd_addr_q_reg","5","0.579000000","1.320000000","1.899000000","0.695102686","SLICE_X84Y76","SLICE_X73Y67","","","SIGNATURE_SKIPPED|FDCE|FDCE","SIGNATURE_SKIPPED|FDCE|FDCE","DUT_INTERNAL","u_dut/u_unified_p4_kernel/slot_state_q_reg","u_dut/rd_cmd_addr_q_reg","0.052000000"
"u_dut/rd_cmd_addr_q_reg[0][3][8]/CE","u_dut/u_unified_p4_kernel/slot_state_q_reg[2][1]/C","-0.057000000","clk","clk","clk","u_dut/u_unified_p4_kernel/slot_state_q_reg[2][1]","FDCE","u_dut/u_unified_p4_kernel/slot_state_q_reg","u_dut/rd_cmd_addr_q_reg[0][3][8]","FDCE","u_dut/rd_cmd_addr_q_reg","5","0.579000000","1.327000000","1.906000000","0.696222455","SLICE_X84Y76","SLICE_X77Y65","","","SIGNATURE_SKIPPED|FDCE|FDCE","SIGNATURE_SKIPPED|FDCE|FDCE","DUT_INTERNAL","u_dut/u_unified_p4_kernel/slot_state_q_reg","u_dut/rd_cmd_addr_q_reg","0.057000000"
"u_dut/rd_cmd_addr_q_reg[0][3][9]/CE","u_dut/u_unified_p4_kernel/slot_state_q_reg[2][1]/C","-0.052000000","clk","clk","clk","u_dut/u_unified_p4_kernel/slot_state_q_reg[2][1]","FDCE","u_dut/u_unified_p4_kernel/slot_state_q_reg","u_dut/rd_cmd_addr_q_reg[0][3][9]","FDCE","u_dut/rd_cmd_addr_q_reg","5","0.579000000","1.321000000","1.900000000","0.695263158","SLICE_X84Y76","SLICE_X73Y67","","","SIGNATURE_SKIPPED|FDCE|FDCE","SIGNATURE_SKIPPED|FDCE|FDCE","DUT_INTERNAL","u_dut/u_unified_p4_kernel/slot_state_q_reg","u_dut/rd_cmd_addr_q_reg","0.052000000"
"u_dut/rd_cmd_addr_q_reg[1][0][0]/CE","u_dut/u_unified_p4_kernel/slot_state_q_reg[2][1]/C","-0.047000000","clk","clk","clk","u_dut/u_unified_p4_kernel/slot_state_q_reg[2][1]","FDCE","u_dut/u_unified_p4_kernel/slot_state_q_reg","u_dut/rd_cmd_addr_q_reg[1][0][0]","FDCE","u_dut/rd_cmd_addr_q_reg","5","0.579000000","1.272000000","1.851000000","0.687196110","SLICE_X84Y76","SLICE_X74Y44","","","SIGNATURE_SKIPPED|FDCE|FDCE","SIGNATURE_SKIPPED|FDCE|FDCE","DUT_INTERNAL","u_dut/u_unified_p4_kernel/slot_state_q_reg","u_dut/rd_cmd_addr_q_reg","0.047000000"
"u_dut/rd_cmd_addr_q_reg[1][0][1]_replica/CE","u_dut/u_unified_p4_kernel/slot_state_q_reg[2][1]/C","-0.011000000","clk","clk","clk","u_dut/u_unified_p4_kernel/slot_state_q_reg[2][1]","FDCE","u_dut/u_unified_p4_kernel/slot_state_q_reg","u_dut/rd_cmd_addr_q_reg[1][0][1]_replica","FDCE","u_dut/rd_cmd_addr_q_reg_replica","5","0.579000000","1.297000000","1.876000000","0.691364606","SLICE_X84Y76","SLICE_X72Y71","","","SIGNATURE_SKIPPED|FDCE|FDCE","SIGNATURE_SKIPPED|FDCE|FDCE","DUT_INTERNAL","u_dut/u_unified_p4_kernel/slot_state_q_reg","u_dut/rd_cmd_addr_q_reg_replica","0.011000000"
"u_dut/rd_cmd_addr_q_reg[1][0][1]_replica_1/CE","u_dut/u_unified_p4_kernel/slot_state_q_reg[2][1]/C","-0.064000000","clk","clk","clk","u_dut/u_unified_p4_kernel/slot_state_q_reg[2][1]","FDCE","u_dut/u_unified_p4_kernel/slot_state_q_reg","u_dut/rd_cmd_addr_q_reg[1][0][1]_replica_1","FDCE","u_dut/rd_cmd_addr_q_reg_replica_1","5","0.579000000","1.293000000","1.872000000","0.690705128","SLICE_X84Y76","SLICE_X74Y50","","","SIGNATURE_SKIPPED|FDCE|FDCE","SIGNATURE_SKIPPED|FDCE|FDCE","DUT_INTERNAL","u_dut/u_unified_p4_kernel/slot_state_q_reg","u_dut/rd_cmd_addr_q_reg_replica_1","0.064000000"
"u_dut/rd_cmd_addr_q_reg[1][0][1]_replica_2/CE","u_dut/u_unified_p4_kernel/slot_state_q_reg[2][1]/C","-0.045000000","clk","clk","clk","u_dut/u_unified_p4_kernel/slot_state_q_reg[2][1]","FDCE","u_dut/u_unified_p4_kernel/slot_state_q_reg","u_dut/rd_cmd_addr_q_reg[1][0][1]_replica_2","FDCE","u_dut/rd_cmd_addr_q_reg_replica_2","5","0.579000000","1.337000000","1.916000000","0.697807933","SLICE_X84Y76","SLICE_X67Y74","","","SIGNATURE_SKIPPED|FDCE|FDCE","SIGNATURE_SKIPPED|FDCE|FDCE","DUT_INTERNAL","u_dut/u_unified_p4_kernel/slot_state_q_reg","u_dut/rd_cmd_addr_q_reg_replica_2","0.045000000"
"u_dut/rd_cmd_addr_q_reg[1][0][1]_replica_5/CE","u_dut/u_unified_p4_kernel/slot_state_q_reg[2][1]/C","-0.086000000","clk","clk","clk","u_dut/u_unified_p4_kernel/slot_state_q_reg[2][1]","FDCE","u_dut/u_unified_p4_kernel/slot_state_q_reg","u_dut/rd_cmd_addr_q_reg[1][0][1]_replica_5","FDCE","u_dut/rd_cmd_addr_q_reg_replica_5","5","0.579000000","1.323000000","1.902000000","0.695583596","SLICE_X84Y76","SLICE_X74Y48","","","SIGNATURE_SKIPPED|FDCE|FDCE","SIGNATURE_SKIPPED|FDCE|FDCE","DUT_INTERNAL","u_dut/u_unified_p4_kernel/slot_state_q_reg","u_dut/rd_cmd_addr_q_reg_replica_5","0.086000000"
"u_dut/rd_cmd_addr_q_reg[1][0][2]_replica_1/CE","u_dut/u_unified_p4_kernel/slot_state_q_reg[2][1]/C","-0.086000000","clk","clk","clk","u_dut/u_unified_p4_kernel/slot_state_q_reg[2][1]","FDCE","u_dut/u_unified_p4_kernel/slot_state_q_reg","u_dut/rd_cmd_addr_q_reg[1][0][2]_replica_1","FDCE","u_dut/rd_cmd_addr_q_reg_replica_1","5","0.579000000","1.323000000","1.902000000","0.695583596","SLICE_X84Y76","SLICE_X74Y48","","","SIGNATURE_SKIPPED|FDCE|FDCE","SIGNATURE_SKIPPED|FDCE|FDCE","DUT_INTERNAL","u_dut/u_unified_p4_kernel/slot_state_q_reg","u_dut/rd_cmd_addr_q_reg_replica_1","0.086000000"
"u_dut/rd_cmd_addr_q_reg[1][0][2]_replica_5/CE","u_dut/u_unified_p4_kernel/slot_state_q_reg[2][1]/C","-0.086000000","clk","clk","clk","u_dut/u_unified_p4_kernel/slot_state_q_reg[2][1]","FDCE","u_dut/u_unified_p4_kernel/slot_state_q_reg","u_dut/rd_cmd_addr_q_reg[1][0][2]_replica_5","FDCE","u_dut/rd_cmd_addr_q_reg_replica_5","5","0.579000000","1.323000000","1.902000000","0.695583596","SLICE_X84Y76","SLICE_X74Y48","","","SIGNATURE_SKIPPED|FDCE|FDCE","SIGNATURE_SKIPPED|FDCE|FDCE","DUT_INTERNAL","u_dut/u_unified_p4_kernel/slot_state_q_reg","u_dut/rd_cmd_addr_q_reg_replica_5","0.086000000"
"u_dut/rd_cmd_addr_q_reg[1][0][3]_replica_3/CE","u_dut/u_unified_p4_kernel/slot_state_q_reg[2][1]/C","-0.064000000","clk","clk","clk","u_dut/u_unified_p4_kernel/slot_state_q_reg[2][1]","FDCE","u_dut/u_unified_p4_kernel/slot_state_q_reg","u_dut/rd_cmd_addr_q_reg[1][0][3]_replica_3","FDCE","u_dut/rd_cmd_addr_q_reg_replica_3","5","0.579000000","1.293000000","1.872000000","0.690705128","SLICE_X84Y76","SLICE_X74Y50","","","SIGNATURE_SKIPPED|FDCE|FDCE","SIGNATURE_SKIPPED|FDCE|FDCE","DUT_INTERNAL","u_dut/u_unified_p4_kernel/slot_state_q_reg","u_dut/rd_cmd_addr_q_reg_replica_3","0.064000000"
"u_dut/rd_cmd_addr_q_reg[1][0][3]_replica_4/CE","u_dut/u_unified_p4_kernel/slot_state_q_reg[2][1]/C","-0.009000000","clk","clk","clk","u_dut/u_unified_p4_kernel/slot_state_q_reg[2][1]","FDCE","u_dut/u_unified_p4_kernel/slot_state_q_reg","u_dut/rd_cmd_addr_q_reg[1][0][3]_replica_4","FDCE","u_dut/rd_cmd_addr_q_reg_replica_4","5","0.579000000","1.303000000","1.882000000","0.692348565","SLICE_X84Y76","SLICE_X71Y60","","","SIGNATURE_SKIPPED|FDCE|FDCE","SIGNATURE_SKIPPED|FDCE|FDCE","DUT_INTERNAL","u_dut/u_unified_p4_kernel/slot_state_q_reg","u_dut/rd_cmd_addr_q_reg_replica_4","0.009000000"
"u_dut/rd_cmd_addr_q_reg[1][0][3]_replica_5/CE","u_dut/u_unified_p4_kernel/slot_state_q_reg[2][1]/C","-0.064000000","clk","clk","clk","u_dut/u_unified_p4_kernel/slot_state_q_reg[2][1]","FDCE","u_dut/u_unified_p4_kernel/slot_state_q_reg","u_dut/rd_cmd_addr_q_reg[1][0][3]_replica_5","FDCE","u_dut/rd_cmd_addr_q_reg_replica_5","5","0.579000000","1.293000000","1.872000000","0.690705128","SLICE_X84Y76","SLICE_X74Y50","","","SIGNATURE_SKIPPED|FDCE|FDCE","SIGNATURE_SKIPPED|FDCE|FDCE","DUT_INTERNAL","u_dut/u_unified_p4_kernel/slot_state_q_reg","u_dut/rd_cmd_addr_q_reg_replica_5","0.064000000"
"u_dut/rd_cmd_addr_q_reg[1][0][4]/CE","u_dut/u_unified_p4_kernel/slot_state_q_reg[2][1]/C","-0.057000000","clk","clk","clk","u_dut/u_unified_p4_kernel/slot_state_q_reg[2][1]","FDCE","u_dut/u_unified_p4_kernel/slot_state_q_reg","u_dut/rd_cmd_addr_q_reg[1][0][4]","FDCE","u_dut/rd_cmd_addr_q_reg","5","0.579000000","1.255000000","1.834000000","0.684296619","SLICE_X84Y76","SLICE_X82Y36","","","SIGNATURE_SKIPPED|FDCE|FDCE","SIGNATURE_SKIPPED|FDCE|FDCE","DUT_INTERNAL","u_dut/u_unified_p4_kernel/slot_state_q_reg","u_dut/rd_cmd_addr_q_reg","0.057000000"
"u_dut/rd_cmd_addr_q_reg[1][0][4]/D","u_dut/lfnst_mem_req_q_reg/C","-0.043000000","clk","clk","clk","u_dut/lfnst_mem_req_q_reg","FDCE","u_dut/lfnst_mem_req_q_reg","u_dut/rd_cmd_addr_q_reg[1][0][4]","FDCE","u_dut/rd_cmd_addr_q_reg","2","0.303000000","1.583000000","1.886000000","0.839342524","SLICE_X85Y72","SLICE_X82Y36","","","SIGNATURE_SKIPPED|FDCE|FDCE","SIGNATURE_SKIPPED|FDCE|FDCE","DUT_INTERNAL","u_dut/lfnst_mem_req_q_reg","u_dut/rd_cmd_addr_q_reg","0.043000000"
"u_dut/rd_cmd_addr_q_reg[1][0][7]/CE","u_dut/u_unified_p4_kernel/slot_state_q_reg[2][1]/C","-0.016000000","clk","clk","clk","u_dut/u_unified_p4_kernel/slot_state_q_reg[2][1]","FDCE","u_dut/u_unified_p4_kernel/slot_state_q_reg","u_dut/rd_cmd_addr_q_reg[1][0][7]","FDCE","u_dut/rd_cmd_addr_q_reg","5","0.579000000","1.291000000","1.870000000","0.690374332","SLICE_X84Y76","SLICE_X72Y74","","","SIGNATURE_SKIPPED|FDCE|FDCE","SIGNATURE_SKIPPED|FDCE|FDCE","DUT_INTERNAL","u_dut/u_unified_p4_kernel/slot_state_q_reg","u_dut/rd_cmd_addr_q_reg","0.016000000"
"u_dut/rd_cmd_addr_q_reg[1][0][8]/CE","u_dut/u_unified_p4_kernel/slot_state_q_reg[2][1]/C","-0.025000000","clk","clk","clk","u_dut/u_unified_p4_kernel/slot_state_q_reg[2][1]","FDCE","u_dut/u_unified_p4_kernel/slot_state_q_reg","u_dut/rd_cmd_addr_q_reg[1][0][8]","FDCE","u_dut/rd_cmd_addr_q_reg","5","0.579000000","1.293000000","1.872000000","0.690705128","SLICE_X84Y76","SLICE_X73Y72","","","SIGNATURE_SKIPPED|FDCE|FDCE","SIGNATURE_SKIPPED|FDCE|FDCE","DUT_INTERNAL","u_dut/u_unified_p4_kernel/slot_state_q_reg","u_dut/rd_cmd_addr_q_reg","0.025000000"
"u_dut/rd_cmd_addr_q_reg[1][1][0]/CE","u_dut/u_unified_p4_kernel/slot_state_q_reg[2][1]/C","-0.029000000","clk","clk","clk","u_dut/u_unified_p4_kernel/slot_state_q_reg[2][1]","FDCE","u_dut/u_unified_p4_kernel/slot_state_q_reg","u_dut/rd_cmd_addr_q_reg[1][1][0]","FDCE","u_dut/rd_cmd_addr_q_reg","5","0.579000000","1.325000000","1.904000000","0.695903361","SLICE_X84Y76","SLICE_X61Y60","","","SIGNATURE_SKIPPED|FDCE|FDCE","SIGNATURE_SKIPPED|FDCE|FDCE","DUT_INTERNAL","u_dut/u_unified_p4_kernel/slot_state_q_reg","u_dut/rd_cmd_addr_q_reg","0.029000000"
"u_dut/rd_cmd_addr_q_reg[1][1][6]/CE","u_dut/u_unified_p4_kernel/slot_state_q_reg[2][1]/C","-0.007000000","clk","clk","clk","u_dut/u_unified_p4_kernel/slot_state_q_reg[2][1]","FDCE","u_dut/u_unified_p4_kernel/slot_state_q_reg","u_dut/rd_cmd_addr_q_reg[1][1][6]","FDCE","u_dut/rd_cmd_addr_q_reg","5","0.579000000","1.267000000","1.846000000","0.686348862","SLICE_X84Y76","SLICE_X73Y74","","","SIGNATURE_SKIPPED|FDCE|FDCE","SIGNATURE_SKIPPED|FDCE|FDCE","DUT_INTERNAL","u_dut/u_unified_p4_kernel/slot_state_q_reg","u_dut/rd_cmd_addr_q_reg","0.007000000"
"u_dut/rd_cmd_addr_q_reg[1][1][7]/CE","u_dut/u_unified_p4_kernel/slot_state_q_reg[2][1]/C","-0.007000000","clk","clk","clk","u_dut/u_unified_p4_kernel/slot_state_q_reg[2][1]","FDCE","u_dut/u_unified_p4_kernel/slot_state_q_reg","u_dut/rd_cmd_addr_q_reg[1][1][7]","FDCE","u_dut/rd_cmd_addr_q_reg","5","0.579000000","1.267000000","1.846000000","0.686348862","SLICE_X84Y76","SLICE_X73Y74","","","SIGNATURE_SKIPPED|FDCE|FDCE","SIGNATURE_SKIPPED|FDCE|FDCE","DUT_INTERNAL","u_dut/u_unified_p4_kernel/slot_state_q_reg","u_dut/rd_cmd_addr_q_reg","0.007000000"
"u_dut/rd_cmd_addr_q_reg[1][1][8]/CE","u_dut/u_unified_p4_kernel/slot_state_q_reg[2][1]/C","-0.027000000","clk","clk","clk","u_dut/u_unified_p4_kernel/slot_state_q_reg[2][1]","FDCE","u_dut/u_unified_p4_kernel/slot_state_q_reg","u_dut/rd_cmd_addr_q_reg[1][1][8]","FDCE","u_dut/rd_cmd_addr_q_reg","5","0.579000000","1.295000000","1.874000000","0.691035219","SLICE_X84Y76","SLICE_X73Y72","","","SIGNATURE_SKIPPED|FDCE|FDCE","SIGNATURE_SKIPPED|FDCE|FDCE","DUT_INTERNAL","u_dut/u_unified_p4_kernel/slot_state_q_reg","u_dut/rd_cmd_addr_q_reg","0.027000000"
"u_dut/rd_cmd_addr_q_reg[1][2][0]/CE","u_dut/u_unified_p4_kernel/slot_state_q_reg[2][1]/C","-0.045000000","clk","clk","clk","u_dut/u_unified_p4_kernel/slot_state_q_reg[2][1]","FDCE","u_dut/u_unified_p4_kernel/slot_state_q_reg","u_dut/rd_cmd_addr_q_reg[1][2][0]","FDCE","u_dut/rd_cmd_addr_q_reg","5","0.579000000","1.337000000","1.916000000","0.697807933","SLICE_X84Y76","SLICE_X67Y74","","","SIGNATURE_SKIPPED|FDCE|FDCE","SIGNATURE_SKIPPED|FDCE|FDCE","DUT_INTERNAL","u_dut/u_unified_p4_kernel/slot_state_q_reg","u_dut/rd_cmd_addr_q_reg","0.045000000"
"u_dut/rd_cmd_addr_q_reg[1][2][6]/CE","u_dut/u_unified_p4_kernel/slot_state_q_reg[2][1]/C","-0.025000000","clk","clk","clk","u_dut/u_unified_p4_kernel/slot_state_q_reg[2][1]","FDCE","u_dut/u_unified_p4_kernel/slot_state_q_reg","u_dut/rd_cmd_addr_q_reg[1][2][6]","FDCE","u_dut/rd_cmd_addr_q_reg","5","0.579000000","1.293000000","1.872000000","0.690705128","SLICE_X84Y76","SLICE_X73Y72","","","SIGNATURE_SKIPPED|FDCE|FDCE","SIGNATURE_SKIPPED|FDCE|FDCE","DUT_INTERNAL","u_dut/u_unified_p4_kernel/slot_state_q_reg","u_dut/rd_cmd_addr_q_reg","0.025000000"
"u_dut/rd_cmd_addr_q_reg[1][2][7]/CE","u_dut/u_unified_p4_kernel/slot_state_q_reg[2][1]/C","-0.074000000","clk","clk","clk","u_dut/u_unified_p4_kernel/slot_state_q_reg[2][1]","FDCE","u_dut/u_unified_p4_kernel/slot_state_q_reg","u_dut/rd_cmd_addr_q_reg[1][2][7]","FDCE","u_dut/rd_cmd_addr_q_reg","5","0.579000000","1.332000000","1.911000000","0.697017268","SLICE_X84Y76","SLICE_X73Y77","","","SIGNATURE_SKIPPED|FDCE|FDCE","SIGNATURE_SKIPPED|FDCE|FDCE","DUT_INTERNAL","u_dut/u_unified_p4_kernel/slot_state_q_reg","u_dut/rd_cmd_addr_q_reg","0.074000000"
"u_dut/rd_cmd_addr_q_reg[1][3][0]/CE","u_dut/u_unified_p4_kernel/slot_state_q_reg[2][1]/C","-0.003000000","clk","clk","clk","u_dut/u_unified_p4_kernel/slot_state_q_reg[2][1]","FDCE","u_dut/u_unified_p4_kernel/slot_state_q_reg","u_dut/rd_cmd_addr_q_reg[1][3][0]","FDCE","u_dut/rd_cmd_addr_q_reg","5","0.579000000","1.238000000","1.817000000","0.681342873","SLICE_X84Y76","SLICE_X74Y59","","","SIGNATURE_SKIPPED|FDCE|FDCE","SIGNATURE_SKIPPED|FDCE|FDCE","DUT_INTERNAL","u_dut/u_unified_p4_kernel/slot_state_q_reg","u_dut/rd_cmd_addr_q_reg","0.003000000"
"u_dut/rd_cmd_addr_q_reg[1][3][4]/CE","u_dut/u_unified_p4_kernel/slot_state_q_reg[2][1]/C","-0.034000000","clk","clk","clk","u_dut/u_unified_p4_kernel/slot_state_q_reg[2][1]","FDCE","u_dut/u_unified_p4_kernel/slot_state_q_reg","u_dut/rd_cmd_addr_q_reg[1][3][4]","FDCE","u_dut/rd_cmd_addr_q_reg","5","0.579000000","1.310000000","1.889000000","0.693488618","SLICE_X84Y76","SLICE_X74Y68","","","SIGNATURE_SKIPPED|FDCE|FDCE","SIGNATURE_SKIPPED|FDCE|FDCE","DUT_INTERNAL","u_dut/u_unified_p4_kernel/slot_state_q_reg","u_dut/rd_cmd_addr_q_reg","0.034000000"
"u_dut/rd_cmd_group_q_reg[2]/CE","u_dut/u_unified_p4_kernel/slot_state_q_reg[2][1]/C","-0.025000000","clk","clk","clk","u_dut/u_unified_p4_kernel/slot_state_q_reg[2][1]","FDCE","u_dut/u_unified_p4_kernel/slot_state_q_reg","u_dut/rd_cmd_group_q_reg[2]","FDCE","u_dut/rd_cmd_group_q_reg","5","0.579000000","1.295000000","1.874000000","0.691035219","SLICE_X84Y76","SLICE_X76Y67","","","SIGNATURE_SKIPPED|FDCE|FDCE","SIGNATURE_SKIPPED|FDCE|FDCE","DUT_INTERNAL","u_dut/u_unified_p4_kernel/slot_state_q_reg","u_dut/rd_cmd_group_q_reg","0.025000000"
"u_dut/rd_cmd_lfnst_bank_q_reg[0]/CE","u_dut/u_unified_p4_kernel/slot_state_q_reg[2][1]/C","-0.007000000","clk","clk","clk","u_dut/u_unified_p4_kernel/slot_state_q_reg[2][1]","FDCE","u_dut/u_unified_p4_kernel/slot_state_q_reg","u_dut/rd_cmd_lfnst_bank_q_reg[0]","FDCE","u_dut/rd_cmd_lfnst_bank_q_reg","5","0.579000000","1.267000000","1.846000000","0.686348862","SLICE_X84Y76","SLICE_X73Y74","","","SIGNATURE_SKIPPED|FDCE|FDCE","SIGNATURE_SKIPPED|FDCE|FDCE","DUT_INTERNAL","u_dut/u_unified_p4_kernel/slot_state_q_reg","u_dut/rd_cmd_lfnst_bank_q_reg","0.007000000"
"u_dut/rd_cmd_lfnst_index_q_reg[4]/CE","u_dut/u_unified_p4_kernel/slot_state_q_reg[2][1]/C","-0.007000000","clk","clk","clk","u_dut/u_unified_p4_kernel/slot_state_q_reg[2][1]","FDCE","u_dut/u_unified_p4_kernel/slot_state_q_reg","u_dut/rd_cmd_lfnst_index_q_reg[4]","FDCE","u_dut/rd_cmd_lfnst_index_q_reg","5","0.579000000","1.268000000","1.847000000","0.686518679","SLICE_X84Y76","SLICE_X73Y74","","","SIGNATURE_SKIPPED|FDCE|FDCE","SIGNATURE_SKIPPED|FDCE|FDCE","DUT_INTERNAL","u_dut/u_unified_p4_kernel/slot_state_q_reg","u_dut/rd_cmd_lfnst_index_q_reg","0.007000000"
"u_dut/result_cmd_data_q_reg[0][8]/D","u_dut/u_unified_p4_kernel/fifo_rd_ptr_q_reg[3]_rep/C","-0.046000000","clk","clk","clk","u_dut/u_unified_p4_kernel/fifo_rd_ptr_q_reg[3]_rep","FDCE","u_dut/u_unified_p4_kernel/fifo_rd_ptr_q_reg_rep","u_dut/result_cmd_data_q_reg[0][8]","FDCE","u_dut/result_cmd_data_q_reg","3","0.274000000","1.570000000","1.844000000","0.851409978","SLICE_X106Y92","SLICE_X96Y86","","","SIGNATURE_SKIPPED|FDCE|FDCE","SIGNATURE_SKIPPED|FDCE|FDCE","DUT_INTERNAL","u_dut/u_unified_p4_kernel/fifo_rd_ptr_q_reg_rep","u_dut/result_cmd_data_q_reg","0.046000000"
"u_dut/result_cmd_data_q_reg[1][1]/D","u_dut/u_unified_p4_kernel/fifo_rd_ptr_q_reg[3]/C","-0.017000000","clk","clk","clk","u_dut/u_unified_p4_kernel/fifo_rd_ptr_q_reg[3]","FDCE","u_dut/u_unified_p4_kernel/fifo_rd_ptr_q_reg","u_dut/result_cmd_data_q_reg[1][1]","FDCE","u_dut/result_cmd_data_q_reg","3","0.224000000","1.743000000","1.967000000","0.886120996","SLICE_X100Y64","SLICE_X100Y73","","","SIGNATURE_SKIPPED|FDCE|FDCE","SIGNATURE_SKIPPED|FDCE|FDCE","DUT_INTERNAL","u_dut/u_unified_p4_kernel/fifo_rd_ptr_q_reg","u_dut/result_cmd_data_q_reg","0.017000000"
"u_dut/result_cmd_data_q_reg[1][4]/D","u_dut/u_unified_p4_kernel/fifo_rd_ptr_q_reg[1]_rep__4/C","-0.017000000","clk","clk","clk","u_dut/u_unified_p4_kernel/fifo_rd_ptr_q_reg[1]_rep__4","FDCE","u_dut/u_unified_p4_kernel/fifo_rd_ptr_q_reg_rep__4","u_dut/result_cmd_data_q_reg[1][4]","FDCE","u_dut/result_cmd_data_q_reg","5","0.337000000","1.520000000","1.857000000","0.818524502","SLICE_X102Y68","SLICE_X91Y73","","","SIGNATURE_SKIPPED|FDCE|FDCE","SIGNATURE_SKIPPED|FDCE|FDCE","DUT_INTERNAL","u_dut/u_unified_p4_kernel/fifo_rd_ptr_q_reg_rep__4","u_dut/result_cmd_data_q_reg","0.017000000"
"u_dut/result_cmd_data_q_reg[1][8]/D","u_dut/u_unified_p4_kernel/fifo_rd_ptr_q_reg[2]_rep__0/C","-0.047000000","clk","clk","clk","u_dut/u_unified_p4_kernel/fifo_rd_ptr_q_reg[2]_rep__0","FDCE","u_dut/u_unified_p4_kernel/fifo_rd_ptr_q_reg_rep__0","u_dut/result_cmd_data_q_reg[1][8]","FDCE","u_dut/result_cmd_data_q_reg","4","0.280000000","1.617000000","1.897000000","0.852398524","SLICE_X105Y89","SLICE_X95Y77","","","SIGNATURE_SKIPPED|FDCE|FDCE","SIGNATURE_SKIPPED|FDCE|FDCE","DUT_INTERNAL","u_dut/u_unified_p4_kernel/fifo_rd_ptr_q_reg_rep__0","u_dut/result_cmd_data_q_reg","0.047000000"
"u_dut/result_cmd_data_q_reg[2][1]/D","u_dut/u_unified_p4_kernel/fifo_rd_ptr_q_reg[3]/C","-0.024000000","clk","clk","clk","u_dut/u_unified_p4_kernel/fifo_rd_ptr_q_reg[3]","FDCE","u_dut/u_unified_p4_kernel/fifo_rd_ptr_q_reg","u_dut/result_cmd_data_q_reg[2][1]","FDCE","u_dut/result_cmd_data_q_reg","3","0.307000000","1.669000000","1.976000000","0.844635628","SLICE_X100Y64","SLICE_X100Y71","","","SIGNATURE_SKIPPED|FDCE|FDCE","SIGNATURE_SKIPPED|FDCE|FDCE","DUT_INTERNAL","u_dut/u_unified_p4_kernel/fifo_rd_ptr_q_reg","u_dut/result_cmd_data_q_reg","0.024000000"
"u_dut/result_cmd_data_q_reg[2][4]/D","u_dut/u_unified_p4_kernel/fifo_rd_ptr_q_reg[0]_rep__6/C","-0.083000000","clk","clk","clk","u_dut/u_unified_p4_kernel/fifo_rd_ptr_q_reg[0]_rep__6","FDCE","u_dut/u_unified_p4_kernel/fifo_rd_ptr_q_reg_rep__6","u_dut/result_cmd_data_q_reg[2][4]","FDCE","u_dut/result_cmd_data_q_reg","5","0.325000000","1.648000000","1.973000000","0.835276229","SLICE_X90Y74","SLICE_X92Y73","","","SIGNATURE_SKIPPED|FDCE|FDCE","SIGNATURE_SKIPPED|FDCE|FDCE","DUT_INTERNAL","u_dut/u_unified_p4_kernel/fifo_rd_ptr_q_reg_rep__6","u_dut/result_cmd_data_q_reg","0.083000000"
"u_dut/result_cmd_data_q_reg[3][6]/D","u_dut/u_unified_p4_kernel/fifo_rd_ptr_q_reg[2]_rep/C","-0.040000000","clk","clk","clk","u_dut/u_unified_p4_kernel/fifo_rd_ptr_q_reg[2]_rep","FDCE","u_dut/u_unified_p4_kernel/fifo_rd_ptr_q_reg_rep","u_dut/result_cmd_data_q_reg[3][6]","FDCE","u_dut/result_cmd_data_q_reg","4","0.300000000","1.573000000","1.873000000","0.839829151","SLICE_X92Y74","SLICE_X88Y78","","","SIGNATURE_SKIPPED|FDCE|FDCE","SIGNATURE_SKIPPED|FDCE|FDCE","DUT_INTERNAL","u_dut/u_unified_p4_kernel/fifo_rd_ptr_q_reg_rep","u_dut/result_cmd_data_q_reg","0.040000000"
"u_dut/result_cmd_data_q_reg[3][8]/D","u_dut/u_unified_p4_kernel/fifo_rd_ptr_q_reg[3]_rep/C","-0.014000000","clk","clk","clk","u_dut/u_unified_p4_kernel/fifo_rd_ptr_q_reg[3]_rep","FDCE","u_dut/u_unified_p4_kernel/fifo_rd_ptr_q_reg_rep","u_dut/result_cmd_data_q_reg[3][8]","FDCE","u_dut/result_cmd_data_q_reg","3","0.306000000","1.518000000","1.824000000","0.832236842","SLICE_X106Y92","SLICE_X96Y75","","","SIGNATURE_SKIPPED|FDCE|FDCE","SIGNATURE_SKIPPED|FDCE|FDCE","DUT_INTERNAL","u_dut/u_unified_p4_kernel/fifo_rd_ptr_q_reg_rep","u_dut/result_cmd_data_q_reg","0.014000000"
"u_dut/result_write_beat_q_reg[2]/CE","u_dut/kernel_run_q_reg/C","-0.014000000","clk","clk","clk","u_dut/kernel_run_q_reg","FDCE","u_dut/kernel_run_q_reg","u_dut/result_write_beat_q_reg[2]","FDCE","u_dut/result_write_beat_q_reg","4","0.413000000","1.350000000","1.763000000","0.765740216","SLICE_X74Y76","SLICE_X85Y88","","","SIGNATURE_SKIPPED|FDCE|FDCE","SIGNATURE_SKIPPED|FDCE|FDCE","DUT_INTERNAL","u_dut/kernel_run_q_reg","u_dut/result_write_beat_q_reg","0.014000000"
"u_dut/result_write_beat_q_reg[3]/CE","u_dut/kernel_run_q_reg/C","-0.014000000","clk","clk","clk","u_dut/kernel_run_q_reg","FDCE","u_dut/kernel_run_q_reg","u_dut/result_write_beat_q_reg[3]","FDCE","u_dut/result_write_beat_q_reg","4","0.413000000","1.351000000","1.764000000","0.765873016","SLICE_X74Y76","SLICE_X85Y88","","","SIGNATURE_SKIPPED|FDCE|FDCE","SIGNATURE_SKIPPED|FDCE|FDCE","DUT_INTERNAL","u_dut/kernel_run_q_reg","u_dut/result_write_beat_q_reg","0.014000000"
"u_dut/result_write_beat_q_reg[4]/CE","u_dut/kernel_run_q_reg/C","-0.014000000","clk","clk","clk","u_dut/kernel_run_q_reg","FDCE","u_dut/kernel_run_q_reg","u_dut/result_write_beat_q_reg[4]","FDCE","u_dut/result_write_beat_q_reg","4","0.413000000","1.350000000","1.763000000","0.765740216","SLICE_X74Y76","SLICE_X85Y88","","","SIGNATURE_SKIPPED|FDCE|FDCE","SIGNATURE_SKIPPED|FDCE|FDCE","DUT_INTERNAL","u_dut/kernel_run_q_reg","u_dut/result_write_beat_q_reg","0.014000000"
"u_dut/result_write_beat_q_reg[5]/CE","u_dut/kernel_run_q_reg/C","-0.014000000","clk","clk","clk","u_dut/kernel_run_q_reg","FDCE","u_dut/kernel_run_q_reg","u_dut/result_write_beat_q_reg[5]","FDCE","u_dut/result_write_beat_q_reg","4","0.413000000","1.350000000","1.763000000","0.765740216","SLICE_X74Y76","SLICE_X85Y88","","","SIGNATURE_SKIPPED|FDCE|FDCE","SIGNATURE_SKIPPED|FDCE|FDCE","DUT_INTERNAL","u_dut/kernel_run_q_reg","u_dut/result_write_beat_q_reg","0.014000000"
"u_dut/slot_state_reg[0][0]/D","src_it_data_out_req_q_reg/C","-0.023000000","clk","clk","clk","src_it_data_out_req_q_reg","FDPE","src_it_data_out_req_q_reg","u_dut/slot_state_reg[0][0]","FDCE","u_dut/slot_state_reg","4","0.248000000","1.764000000","2.012000000","0.876739563","SLICE_X80Y83","SLICE_X73Y77","","","SIGNATURE_SKIPPED|FDPE|FDCE","SIGNATURE_SKIPPED|FDPE|FDCE","SOURCE_BOUNDARY_TO_DUT","harness/source_boundary","u_dut/slot_state_reg","0.023000000"
"u_dut/slot_state_reg[0][2]/CE","src_it_data_out_req_q_reg/C","-0.019000000","clk","clk","clk","src_it_data_out_req_q_reg","FDPE","src_it_data_out_req_q_reg","u_dut/slot_state_reg[0][2]","FDCE","u_dut/slot_state_reg","4","0.234000000","1.664000000","1.898000000","0.876712329","SLICE_X80Y83","SLICE_X72Y76","","","SIGNATURE_SKIPPED|FDPE|FDCE","SIGNATURE_SKIPPED|FDPE|FDCE","SOURCE_BOUNDARY_TO_DUT","harness/source_boundary","u_dut/slot_state_reg","0.019000000"
"u_dut/slot_state_reg[1][0]/CE","src_it_data_out_req_q_reg/C","-0.016000000","clk","clk","clk","src_it_data_out_req_q_reg","FDPE","src_it_data_out_req_q_reg","u_dut/slot_state_reg[1][0]","FDCE","u_dut/slot_state_reg","4","0.287000000","1.599000000","1.886000000","0.847826087","SLICE_X80Y83","SLICE_X72Y78","","","SIGNATURE_SKIPPED|FDPE|FDCE","SIGNATURE_SKIPPED|FDPE|FDCE","SOURCE_BOUNDARY_TO_DUT","harness/source_boundary","u_dut/slot_state_reg","0.016000000"
"u_dut/slot_state_reg[1][1]/CE","src_it_data_out_req_q_reg/C","-0.016000000","clk","clk","clk","src_it_data_out_req_q_reg","FDPE","src_it_data_out_req_q_reg","u_dut/slot_state_reg[1][1]","FDCE","u_dut/slot_state_reg","4","0.287000000","1.599000000","1.886000000","0.847826087","SLICE_X80Y83","SLICE_X72Y78","","","SIGNATURE_SKIPPED|FDPE|FDCE","SIGNATURE_SKIPPED|FDPE|FDCE","SOURCE_BOUNDARY_TO_DUT","harness/source_boundary","u_dut/slot_state_reg","0.016000000"
"u_dut/slot_state_reg[1][2]/CE","src_it_data_out_req_q_reg/C","-0.016000000","clk","clk","clk","src_it_data_out_req_q_reg","FDPE","src_it_data_out_req_q_reg","u_dut/slot_state_reg[1][2]","FDCE","u_dut/slot_state_reg","4","0.287000000","1.599000000","1.886000000","0.847826087","SLICE_X80Y83","SLICE_X72Y78","","","SIGNATURE_SKIPPED|FDPE|FDCE","SIGNATURE_SKIPPED|FDPE|FDCE","SOURCE_BOUNDARY_TO_DUT","harness/source_boundary","u_dut/slot_state_reg","0.016000000"
"u_dut/u_bounded_lfnst_engine/coeff_bundle_q_reg[514]/D","u_dut/u_bounded_lfnst_engine/coeff_fetch_addr_q_reg_rep[2]/C","-0.002000000","clk","clk","clk","u_dut/u_bounded_lfnst_engine/coeff_fetch_addr_q_reg_rep[2]","FDCE","u_dut/u_bounded_lfnst_engine/coeff_fetch_addr_q_reg_rep","u_dut/u_bounded_lfnst_engine/coeff_bundle_q_reg[514]","FDCE","u_dut/u_bounded_lfnst_engine/coeff_bundle_q_reg","2","0.272000000","1.706000000","1.978000000","0.862487361","SLICE_X63Y98","SLICE_X55Y86","","","SIGNATURE_SKIPPED|FDCE|FDCE","SIGNATURE_SKIPPED|FDCE|FDCE","DUT_INTERNAL","u_dut/u_bounded_lfnst_engine/coeff_fetch_addr_q_reg_rep","u_dut/u_bounded_lfnst_engine/coeff_bundle_q_reg","0.002000000"
"u_dut/u_bounded_lfnst_engine/out_data_reg[24]/D","u_dut/u_bounded_lfnst_engine/reduce_l5_q_reg[1][18]/C","-0.002000000","clk","clk","clk","u_dut/u_bounded_lfnst_engine/reduce_l5_q_reg[1][18]","FDCE","u_dut/u_bounded_lfnst_engine/reduce_l5_q_reg","u_dut/u_bounded_lfnst_engine/out_data_reg[24]","FDCE","u_dut/u_bounded_lfnst_engine/out_data_reg","6","0.783000000","1.030000000","1.813000000","0.568119140","SLICE_X54Y91","SLICE_X60Y92","","","SIGNATURE_SKIPPED|FDCE|FDCE","SIGNATURE_SKIPPED|FDCE|FDCE","DUT_INTERNAL","u_dut/u_bounded_lfnst_engine/reduce_l5_q_reg","u_dut/u_bounded_lfnst_engine/out_data_reg","0.002000000"
"u_dut/u_bounded_lfnst_engine/out_data_reg[25]/D","u_dut/u_bounded_lfnst_engine/reduce_l5_q_reg[1][18]/C","-0.048000000","clk","clk","clk","u_dut/u_bounded_lfnst_engine/reduce_l5_q_reg[1][18]","FDCE","u_dut/u_bounded_lfnst_engine/reduce_l5_q_reg","u_dut/u_bounded_lfnst_engine/out_data_reg[25]","FDCE","u_dut/u_bounded_lfnst_engine/out_data_reg","6","0.870000000","0.989000000","1.859000000","0.532006455","SLICE_X54Y91","SLICE_X60Y92","","","SIGNATURE_SKIPPED|FDCE|FDCE","SIGNATURE_SKIPPED|FDCE|FDCE","DUT_INTERNAL","u_dut/u_bounded_lfnst_engine/reduce_l5_q_reg","u_dut/u_bounded_lfnst_engine/out_data_reg","0.048000000"
"u_dut/u_bounded_lfnst_engine/out_data_reg[26]/D","u_dut/u_bounded_lfnst_engine/reduce_l5_q_reg[1][18]/C","-0.045000000","clk","clk","clk","u_dut/u_bounded_lfnst_engine/reduce_l5_q_reg[1][18]","FDCE","u_dut/u_bounded_lfnst_engine/reduce_l5_q_reg","u_dut/u_bounded_lfnst_engine/out_data_reg[26]","FDCE","u_dut/u_bounded_lfnst_engine/out_data_reg","6","0.871000000","0.985000000","1.856000000","0.530711207","SLICE_X54Y91","SLICE_X60Y92","","","SIGNATURE_SKIPPED|FDCE|FDCE","SIGNATURE_SKIPPED|FDCE|FDCE","DUT_INTERNAL","u_dut/u_bounded_lfnst_engine/reduce_l5_q_reg","u_dut/u_bounded_lfnst_engine/out_data_reg","0.045000000"
"u_dut/u_bounded_lfnst_engine/out_data_reg[27]/D","u_dut/u_bounded_lfnst_engine/reduce_l5_q_reg[1][18]/C","-0.050000000","clk","clk","clk","u_dut/u_bounded_lfnst_engine/reduce_l5_q_reg[1][18]","FDCE","u_dut/u_bounded_lfnst_engine/reduce_l5_q_reg","u_dut/u_bounded_lfnst_engine/out_data_reg[27]","FDCE","u_dut/u_bounded_lfnst_engine/out_data_reg","6","0.871000000","0.990000000","1.861000000","0.531972058","SLICE_X54Y91","SLICE_X60Y92","","","SIGNATURE_SKIPPED|FDCE|FDCE","SIGNATURE_SKIPPED|FDCE|FDCE","DUT_INTERNAL","u_dut/u_bounded_lfnst_engine/reduce_l5_q_reg","u_dut/u_bounded_lfnst_engine/out_data_reg","0.050000000"
"u_dut/u_bounded_lfnst_engine/out_data_reg[36]/D","u_dut/u_bounded_lfnst_engine/reduce_l5_q_reg[2][17]/C","-0.032000000","clk","clk","clk","u_dut/u_bounded_lfnst_engine/reduce_l5_q_reg[2][17]","FDCE","u_dut/u_bounded_lfnst_engine/reduce_l5_q_reg","u_dut/u_bounded_lfnst_engine/out_data_reg[36]","FDCE","u_dut/u_bounded_lfnst_engine/out_data_reg","7","0.800000000","1.121000000","1.921000000","0.583550234","SLICE_X59Y104","SLICE_X60Y103","","","SIGNATURE_SKIPPED|FDCE|FDCE","SIGNATURE_SKIPPED|FDCE|FDCE","DUT_INTERNAL","u_dut/u_bounded_lfnst_engine/reduce_l5_q_reg","u_dut/u_bounded_lfnst_engine/out_data_reg","0.032000000"
"u_dut/u_bounded_lfnst_engine/out_data_reg[37]/D","u_dut/u_bounded_lfnst_engine/reduce_l5_q_reg[2][17]/C","-0.025000000","clk","clk","clk","u_dut/u_bounded_lfnst_engine/reduce_l5_q_reg[2][17]","FDCE","u_dut/u_bounded_lfnst_engine/reduce_l5_q_reg","u_dut/u_bounded_lfnst_engine/out_data_reg[37]","FDCE","u_dut/u_bounded_lfnst_engine/out_data_reg","7","0.801000000","1.114000000","1.915000000","0.581723238","SLICE_X59Y104","SLICE_X60Y103","","","SIGNATURE_SKIPPED|FDCE|FDCE","SIGNATURE_SKIPPED|FDCE|FDCE","DUT_INTERNAL","u_dut/u_bounded_lfnst_engine/reduce_l5_q_reg","u_dut/u_bounded_lfnst_engine/out_data_reg","0.025000000"
"u_dut/u_bounded_lfnst_engine/out_data_reg[40]/D","u_dut/u_bounded_lfnst_engine/reduce_l5_q_reg[2][17]/C","-0.028000000","clk","clk","clk","u_dut/u_bounded_lfnst_engine/reduce_l5_q_reg[2][17]","FDCE","u_dut/u_bounded_lfnst_engine/reduce_l5_q_reg","u_dut/u_bounded_lfnst_engine/out_data_reg[40]","FDCE","u_dut/u_bounded_lfnst_engine/out_data_reg","7","0.751000000","1.166000000","1.917000000","0.608242045","SLICE_X59Y104","SLICE_X60Y104","","","SIGNATURE_SKIPPED|FDCE|FDCE","SIGNATURE_SKIPPED|FDCE|FDCE","DUT_INTERNAL","u_dut/u_bounded_lfnst_engine/reduce_l5_q_reg","u_dut/u_bounded_lfnst_engine/out_data_reg","0.028000000"
"u_dut/u_bounded_lfnst_engine/out_data_reg[41]/D","u_dut/u_bounded_lfnst_engine/reduce_l5_q_reg[2][17]/C","-0.023000000","clk","clk","clk","u_dut/u_bounded_lfnst_engine/reduce_l5_q_reg[2][17]","FDCE","u_dut/u_bounded_lfnst_engine/reduce_l5_q_reg","u_dut/u_bounded_lfnst_engine/out_data_reg[41]","FDCE","u_dut/u_bounded_lfnst_engine/out_data_reg","7","0.748000000","1.164000000","1.912000000","0.608786611","SLICE_X59Y104","SLICE_X60Y104","","","SIGNATURE_SKIPPED|FDCE|FDCE","SIGNATURE_SKIPPED|FDCE|FDCE","DUT_INTERNAL","u_dut/u_bounded_lfnst_engine/reduce_l5_q_reg","u_dut/u_bounded_lfnst_engine/out_data_reg","0.023000000"
"u_dut/u_bounded_lfnst_engine/out_data_reg[9]/D","u_dut/u_bounded_lfnst_engine/reduce_l5_q_reg[0][7]/C","-0.007000000","clk","clk","clk","u_dut/u_bounded_lfnst_engine/reduce_l5_q_reg[0][7]","FDCE","u_dut/u_bounded_lfnst_engine/reduce_l5_q_reg","u_dut/u_bounded_lfnst_engine/out_data_reg[9]","FDCE","u_dut/u_bounded_lfnst_engine/out_data_reg","8","0.896000000","0.955000000","1.851000000","0.515937331","SLICE_X61Y97","SLICE_X64Y98","","","SIGNATURE_SKIPPED|FDCE|FDCE","SIGNATURE_SKIPPED|FDCE|FDCE","DUT_INTERNAL","u_dut/u_bounded_lfnst_engine/reduce_l5_q_reg","u_dut/u_bounded_lfnst_engine/out_data_reg","0.007000000"
"u_dut/u_bounded_lfnst_engine/reduce_l2_q_reg[10][10]/CE","u_dut/u_bounded_lfnst_engine/red1_valid_q_reg_replica/C","-0.013000000","clk","clk","clk","u_dut/u_bounded_lfnst_engine/red1_valid_q_reg_replica","FDCE","u_dut/u_bounded_lfnst_engine/red1_valid_q_reg_replica","u_dut/u_bounded_lfnst_engine/reduce_l2_q_reg[10][10]","FDCE","u_dut/u_bounded_lfnst_engine/reduce_l2_q_reg","0","0.076000000","1.706000000","1.782000000","0.957351291","SLICE_X55Y99","SLICE_X56Y116","","","SIGNATURE_SKIPPED|FDCE|FDCE","SIGNATURE_SKIPPED|FDCE|FDCE","DUT_INTERNAL","u_dut/u_bounded_lfnst_engine/red1_valid_q_reg_replica","u_dut/u_bounded_lfnst_engine/reduce_l2_q_reg","0.013000000"
"u_dut/u_bounded_lfnst_engine/reduce_l2_q_reg[10][11]/CE","u_dut/u_bounded_lfnst_engine/red1_valid_q_reg_replica/C","-0.013000000","clk","clk","clk","u_dut/u_bounded_lfnst_engine/red1_valid_q_reg_replica","FDCE","u_dut/u_bounded_lfnst_engine/red1_valid_q_reg_replica","u_dut/u_bounded_lfnst_engine/reduce_l2_q_reg[10][11]","FDCE","u_dut/u_bounded_lfnst_engine/reduce_l2_q_reg","0","0.076000000","1.706000000","1.782000000","0.957351291","SLICE_X55Y99","SLICE_X56Y116","","","SIGNATURE_SKIPPED|FDCE|FDCE","SIGNATURE_SKIPPED|FDCE|FDCE","DUT_INTERNAL","u_dut/u_bounded_lfnst_engine/red1_valid_q_reg_replica","u_dut/u_bounded_lfnst_engine/reduce_l2_q_reg","0.013000000"
"u_dut/u_bounded_lfnst_engine/reduce_l2_q_reg[10][8]/CE","u_dut/u_bounded_lfnst_engine/red1_valid_q_reg_replica/C","-0.013000000","clk","clk","clk","u_dut/u_bounded_lfnst_engine/red1_valid_q_reg_replica","FDCE","u_dut/u_bounded_lfnst_engine/red1_valid_q_reg_replica","u_dut/u_bounded_lfnst_engine/reduce_l2_q_reg[10][8]","FDCE","u_dut/u_bounded_lfnst_engine/reduce_l2_q_reg","0","0.076000000","1.706000000","1.782000000","0.957351291","SLICE_X55Y99","SLICE_X56Y116","","","SIGNATURE_SKIPPED|FDCE|FDCE","SIGNATURE_SKIPPED|FDCE|FDCE","DUT_INTERNAL","u_dut/u_bounded_lfnst_engine/red1_valid_q_reg_replica","u_dut/u_bounded_lfnst_engine/reduce_l2_q_reg","0.013000000"
"u_dut/u_bounded_lfnst_engine/reduce_l2_q_reg[10][9]/CE","u_dut/u_bounded_lfnst_engine/red1_valid_q_reg_replica/C","-0.013000000","clk","clk","clk","u_dut/u_bounded_lfnst_engine/red1_valid_q_reg_replica","FDCE","u_dut/u_bounded_lfnst_engine/red1_valid_q_reg_replica","u_dut/u_bounded_lfnst_engine/reduce_l2_q_reg[10][9]","FDCE","u_dut/u_bounded_lfnst_engine/reduce_l2_q_reg","0","0.076000000","1.706000000","1.782000000","0.957351291","SLICE_X55Y99","SLICE_X56Y116","","","SIGNATURE_SKIPPED|FDCE|FDCE","SIGNATURE_SKIPPED|FDCE|FDCE","DUT_INTERNAL","u_dut/u_bounded_lfnst_engine/red1_valid_q_reg_replica","u_dut/u_bounded_lfnst_engine/reduce_l2_q_reg","0.013000000"
"u_dut/u_bounded_lfnst_engine/reduce_l5_q_reg[0][35]/CE","u_dut/u_bounded_lfnst_engine/red4_valid_q_reg/C","-0.017000000","clk","clk","clk","u_dut/u_bounded_lfnst_engine/red4_valid_q_reg","FDCE","u_dut/u_bounded_lfnst_engine/red4_valid_q_reg","u_dut/u_bounded_lfnst_engine/reduce_l5_q_reg[0][35]","FDCE","u_dut/u_bounded_lfnst_engine/reduce_l5_q_reg","0","0.079000000","1.779000000","1.858000000","0.957481163","SLICE_X64Y90","SLICE_X63Y101","","","SIGNATURE_SKIPPED|FDCE|FDCE","SIGNATURE_SKIPPED|FDCE|FDCE","DUT_INTERNAL","u_dut/u_bounded_lfnst_engine/red4_valid_q_reg","u_dut/u_bounded_lfnst_engine/reduce_l5_q_reg","0.017000000"
"u_dut/u_unified_p4_kernel/done_reg/D","u_dut/u_unified_p4_kernel/fifo_rd_ptr_q_reg[1]_rep__7/C","-0.041000000","clk","clk","clk","u_dut/u_unified_p4_kernel/fifo_rd_ptr_q_reg[1]_rep__7","FDCE","u_dut/u_unified_p4_kernel/fifo_rd_ptr_q_reg_rep__7","u_dut/u_unified_p4_kernel/done_reg","FDCE","u_dut/u_unified_p4_kernel/done_reg","4","0.504000000","1.455000000","1.959000000","0.742725881","SLICE_X101Y76","SLICE_X90Y71","","","SIGNATURE_SKIPPED|FDCE|FDCE","SIGNATURE_SKIPPED|FDCE|FDCE","DUT_INTERNAL","u_dut/u_unified_p4_kernel/fifo_rd_ptr_q_reg_rep__7","u_dut/u_unified_p4_kernel/done_reg","0.041000000"
"u_dut/u_unified_p4_kernel/fifo_data_q_reg[10][15]/CE","u_dut/u_unified_p4_kernel/fifo_count_q_reg[2]/C","-0.029000000","clk","clk","clk","u_dut/u_unified_p4_kernel/fifo_count_q_reg[2]","FDCE","u_dut/u_unified_p4_kernel/fifo_count_q_reg","u_dut/u_unified_p4_kernel/fifo_data_q_reg[10][15]","FDCE","u_dut/u_unified_p4_kernel/fifo_data_q_reg","2","0.354000000","1.549000000","1.903000000","0.813977930","SLICE_X96Y75","SLICE_X107Y61","","","SIGNATURE_SKIPPED|FDCE|FDCE","SIGNATURE_SKIPPED|FDCE|FDCE","DUT_INTERNAL","u_dut/u_unified_p4_kernel/fifo_count_q_reg","u_dut/u_unified_p4_kernel/fifo_data_q_reg","0.029000000"
"u_dut/u_unified_p4_kernel/fifo_data_q_reg[10][26]/CE","u_dut/u_unified_p4_kernel/fifo_count_q_reg[2]/C","-0.029000000","clk","clk","clk","u_dut/u_unified_p4_kernel/fifo_count_q_reg[2]","FDCE","u_dut/u_unified_p4_kernel/fifo_count_q_reg","u_dut/u_unified_p4_kernel/fifo_data_q_reg[10][26]","FDCE","u_dut/u_unified_p4_kernel/fifo_data_q_reg","2","0.354000000","1.551000000","1.905000000","0.814173228","SLICE_X96Y75","SLICE_X107Y65","","","SIGNATURE_SKIPPED|FDCE|FDCE","SIGNATURE_SKIPPED|FDCE|FDCE","DUT_INTERNAL","u_dut/u_unified_p4_kernel/fifo_count_q_reg","u_dut/u_unified_p4_kernel/fifo_data_q_reg","0.029000000"
"u_dut/u_unified_p4_kernel/fifo_data_q_reg[10][27]/CE","u_dut/u_unified_p4_kernel/fifo_count_q_reg[2]/C","-0.029000000","clk","clk","clk","u_dut/u_unified_p4_kernel/fifo_count_q_reg[2]","FDCE","u_dut/u_unified_p4_kernel/fifo_count_q_reg","u_dut/u_unified_p4_kernel/fifo_data_q_reg[10][27]","FDCE","u_dut/u_unified_p4_kernel/fifo_data_q_reg","2","0.354000000","1.551000000","1.905000000","0.814173228","SLICE_X96Y75","SLICE_X107Y65","","","SIGNATURE_SKIPPED|FDCE|FDCE","SIGNATURE_SKIPPED|FDCE|FDCE","DUT_INTERNAL","u_dut/u_unified_p4_kernel/fifo_count_q_reg","u_dut/u_unified_p4_kernel/fifo_data_q_reg","0.029000000"
"u_dut/u_unified_p4_kernel/fifo_data_q_reg[11][16]/D","u_dut/u_unified_p4_kernel/pipe_out_data_q_reg[16]/C","-0.033000000","clk","clk","clk","u_dut/u_unified_p4_kernel/pipe_out_data_q_reg[16]","FDSE","u_dut/u_unified_p4_kernel/pipe_out_data_q_reg","u_dut/u_unified_p4_kernel/fifo_data_q_reg[11][16]","FDCE","u_dut/u_unified_p4_kernel/fifo_data_q_reg","0","0.079000000","1.869000000","1.948000000","0.959445585","SLICE_X93Y28","SLICE_X102Y66","","","SIGNATURE_SKIPPED|FDSE|FDCE","SIGNATURE_SKIPPED|FDSE|FDCE","DUT_INTERNAL","u_dut/u_unified_p4_kernel/pipe_out_data_q_reg","u_dut/u_unified_p4_kernel/fifo_data_q_reg","0.033000000"
"u_dut/u_unified_p4_kernel/fifo_data_q_reg[11][25]/D","u_dut/u_unified_p4_kernel/pipe_out_data_q_reg[25]/C","-0.005000000","clk","clk","clk","u_dut/u_unified_p4_kernel/pipe_out_data_q_reg[25]","FDSE","u_dut/u_unified_p4_kernel/pipe_out_data_q_reg","u_dut/u_unified_p4_kernel/fifo_data_q_reg[11][25]","FDCE","u_dut/u_unified_p4_kernel/fifo_data_q_reg","0","0.076000000","1.759000000","1.835000000","0.958583106","SLICE_X93Y22","SLICE_X99Y80","","","SIGNATURE_SKIPPED|FDSE|FDCE","SIGNATURE_SKIPPED|FDSE|FDCE","DUT_INTERNAL","u_dut/u_unified_p4_kernel/pipe_out_data_q_reg","u_dut/u_unified_p4_kernel/fifo_data_q_reg","0.005000000"
"u_dut/u_unified_p4_kernel/fifo_data_q_reg[18][15]/CE","u_dut/u_unified_p4_kernel/fifo_count_q_reg[2]/C","-0.057000000","clk","clk","clk","u_dut/u_unified_p4_kernel/fifo_count_q_reg[2]","FDCE","u_dut/u_unified_p4_kernel/fifo_count_q_reg","u_dut/u_unified_p4_kernel/fifo_data_q_reg[18][15]","FDCE","u_dut/u_unified_p4_kernel/fifo_data_q_reg","2","0.380000000","1.555000000","1.935000000","0.803617571","SLICE_X96Y75","SLICE_X109Y66","","","SIGNATURE_SKIPPED|FDCE|FDCE","SIGNATURE_SKIPPED|FDCE|FDCE","DUT_INTERNAL","u_dut/u_unified_p4_kernel/fifo_count_q_reg","u_dut/u_unified_p4_kernel/fifo_data_q_reg","0.057000000"
"u_dut/u_unified_p4_kernel/fifo_data_q_reg[18][18]/CE","u_dut/u_unified_p4_kernel/fifo_count_q_reg[2]/C","-0.017000000","clk","clk","clk","u_dut/u_unified_p4_kernel/fifo_count_q_reg[2]","FDCE","u_dut/u_unified_p4_kernel/fifo_count_q_reg","u_dut/u_unified_p4_kernel/fifo_data_q_reg[18][18]","FDCE","u_dut/u_unified_p4_kernel/fifo_data_q_reg","2","0.380000000","1.512000000","1.892000000","0.799154334","SLICE_X96Y75","SLICE_X103Y67","","","SIGNATURE_SKIPPED|FDCE|FDCE","SIGNATURE_SKIPPED|FDCE|FDCE","DUT_INTERNAL","u_dut/u_unified_p4_kernel/fifo_count_q_reg","u_dut/u_unified_p4_kernel/fifo_data_q_reg","0.017000000"
"u_dut/u_unified_p4_kernel/fifo_data_q_reg[19][51]/CE","u_dut/u_unified_p4_kernel/fifo_count_q_reg[2]/C","-0.015000000","clk","clk","clk","u_dut/u_unified_p4_kernel/fifo_count_q_reg[2]","FDCE","u_dut/u_unified_p4_kernel/fifo_count_q_reg","u_dut/u_unified_p4_kernel/fifo_data_q_reg[19][51]","FDCE","u_dut/u_unified_p4_kernel/fifo_data_q_reg","2","0.353000000","1.479000000","1.832000000","0.807314410","SLICE_X96Y75","SLICE_X102Y51","","","SIGNATURE_SKIPPED|FDCE|FDCE","SIGNATURE_SKIPPED|FDCE|FDCE","DUT_INTERNAL","u_dut/u_unified_p4_kernel/fifo_count_q_reg","u_dut/u_unified_p4_kernel/fifo_data_q_reg","0.015000000"
"u_dut/u_unified_p4_kernel/fifo_data_q_reg[1][12]/CE","u_dut/u_unified_p4_kernel/pipe_out_valid_q_reg/C","-0.012000000","clk","clk","clk","u_dut/u_unified_p4_kernel/pipe_out_valid_q_reg","FDCE","u_dut/u_unified_p4_kernel/pipe_out_valid_q_reg","u_dut/u_unified_p4_kernel/fifo_data_q_reg[1][12]","FDCE","u_dut/u_unified_p4_kernel/fifo_data_q_reg","1","0.231000000","1.651000000","1.882000000","0.877258236","SLICE_X91Y64","SLICE_X102Y100","","","SIGNATURE_SKIPPED|FDCE|FDCE","SIGNATURE_SKIPPED|FDCE|FDCE","DUT_INTERNAL","u_dut/u_unified_p4_kernel/pipe_out_valid_q_reg","u_dut/u_unified_p4_kernel/fifo_data_q_reg","0.012000000"
"u_dut/u_unified_p4_kernel/fifo_data_q_reg[1][15]/CE","u_dut/u_unified_p4_kernel/pipe_out_valid_q_reg/C","-0.060000000","clk","clk","clk","u_dut/u_unified_p4_kernel/pipe_out_valid_q_reg","FDCE","u_dut/u_unified_p4_kernel/pipe_out_valid_q_reg","u_dut/u_unified_p4_kernel/fifo_data_q_reg[1][15]","FDCE","u_dut/u_unified_p4_kernel/fifo_data_q_reg","1","0.231000000","1.728000000","1.959000000","0.882082695","SLICE_X91Y64","SLICE_X107Y62","","","SIGNATURE_SKIPPED|FDCE|FDCE","SIGNATURE_SKIPPED|FDCE|FDCE","DUT_INTERNAL","u_dut/u_unified_p4_kernel/pipe_out_valid_q_reg","u_dut/u_unified_p4_kernel/fifo_data_q_reg","0.060000000"
"u_dut/u_unified_p4_kernel/fifo_data_q_reg[1][17]/CE","u_dut/u_unified_p4_kernel/pipe_out_valid_q_reg/C","-0.045000000","clk","clk","clk","u_dut/u_unified_p4_kernel/pipe_out_valid_q_reg","FDCE","u_dut/u_unified_p4_kernel/pipe_out_valid_q_reg","u_dut/u_unified_p4_kernel/fifo_data_q_reg[1][17]","FDCE","u_dut/u_unified_p4_kernel/fifo_data_q_reg","1","0.231000000","1.712000000","1.943000000","0.881111683","SLICE_X91Y64","SLICE_X106Y61","","","SIGNATURE_SKIPPED|FDCE|FDCE","SIGNATURE_SKIPPED|FDCE|FDCE","DUT_INTERNAL","u_dut/u_unified_p4_kernel/pipe_out_valid_q_reg","u_dut/u_unified_p4_kernel/fifo_data_q_reg","0.045000000"
"u_dut/u_unified_p4_kernel/fifo_data_q_reg[1][44]/D","u_dut/u_unified_p4_kernel/pipe_out_data_q_reg[44]/C","-0.002000000","clk","clk","clk","u_dut/u_unified_p4_kernel/pipe_out_data_q_reg[44]","FDSE","u_dut/u_unified_p4_kernel/pipe_out_data_q_reg","u_dut/u_unified_p4_kernel/fifo_data_q_reg[1][44]","FDCE","u_dut/u_unified_p4_kernel/fifo_data_q_reg","0","0.078000000","1.923000000","2.001000000","0.961019490","SLICE_X82Y37","SLICE_X107Y84","","","SIGNATURE_SKIPPED|FDSE|FDCE","SIGNATURE_SKIPPED|FDSE|FDCE","DUT_INTERNAL","u_dut/u_unified_p4_kernel/pipe_out_data_q_reg","u_dut/u_unified_p4_kernel/fifo_data_q_reg","0.002000000"
"u_dut/u_unified_p4_kernel/fifo_data_q_reg[23][15]/CE","u_dut/u_unified_p4_kernel/fifo_wr_ptr_q_reg[3]/C","-0.036000000","clk","clk","clk","u_dut/u_unified_p4_kernel/fifo_wr_ptr_q_reg[3]","FDCE","u_dut/u_unified_p4_kernel/fifo_wr_ptr_q_reg","u_dut/u_unified_p4_kernel/fifo_data_q_reg[23][15]","FDCE","u_dut/u_unified_p4_kernel/fifo_data_q_reg","2","0.280000000","1.639000000","1.919000000","0.854090672","SLICE_X96Y81","SLICE_X109Y65","","","SIGNATURE_SKIPPED|FDCE|FDCE","SIGNATURE_SKIPPED|FDCE|FDCE","DUT_INTERNAL","u_dut/u_unified_p4_kernel/fifo_wr_ptr_q_reg","u_dut/u_unified_p4_kernel/fifo_data_q_reg","0.036000000"
"u_dut/u_unified_p4_kernel/fifo_data_q_reg[27][1]/CE","u_dut/u_unified_p4_kernel/fifo_count_q_reg[2]/C","-0.026000000","clk","clk","clk","u_dut/u_unified_p4_kernel/fifo_count_q_reg[2]","FDCE","u_dut/u_unified_p4_kernel/fifo_count_q_reg","u_dut/u_unified_p4_kernel/fifo_data_q_reg[27][1]","FDCE","u_dut/u_unified_p4_kernel/fifo_data_q_reg","2","0.353000000","1.499000000","1.852000000","0.809395248","SLICE_X96Y75","SLICE_X103Y55","","","SIGNATURE_SKIPPED|FDCE|FDCE","SIGNATURE_SKIPPED|FDCE|FDCE","DUT_INTERNAL","u_dut/u_unified_p4_kernel/fifo_count_q_reg","u_dut/u_unified_p4_kernel/fifo_data_q_reg","0.026000000"
"u_dut/u_unified_p4_kernel/fifo_data_q_reg[27][3]/CE","u_dut/u_unified_p4_kernel/fifo_count_q_reg[2]/C","-0.045000000","clk","clk","clk","u_dut/u_unified_p4_kernel/fifo_count_q_reg[2]","FDCE","u_dut/u_unified_p4_kernel/fifo_count_q_reg","u_dut/u_unified_p4_kernel/fifo_data_q_reg[27][3]","FDCE","u_dut/u_unified_p4_kernel/fifo_data_q_reg","2","0.353000000","1.523000000","1.876000000","0.811833689","SLICE_X96Y75","SLICE_X103Y53","","","SIGNATURE_SKIPPED|FDCE|FDCE","SIGNATURE_SKIPPED|FDCE|FDCE","DUT_INTERNAL","u_dut/u_unified_p4_kernel/fifo_count_q_reg","u_dut/u_unified_p4_kernel/fifo_data_q_reg","0.045000000"
"u_dut/u_unified_p4_kernel/fifo_data_q_reg[27][51]/CE","u_dut/u_unified_p4_kernel/fifo_count_q_reg[2]/C","-0.045000000","clk","clk","clk","u_dut/u_unified_p4_kernel/fifo_count_q_reg[2]","FDCE","u_dut/u_unified_p4_kernel/fifo_count_q_reg","u_dut/u_unified_p4_kernel/fifo_data_q_reg[27][51]","FDCE","u_dut/u_unified_p4_kernel/fifo_data_q_reg","2","0.353000000","1.523000000","1.876000000","0.811833689","SLICE_X96Y75","SLICE_X103Y53","","","SIGNATURE_SKIPPED|FDCE|FDCE","SIGNATURE_SKIPPED|FDCE|FDCE","DUT_INTERNAL","u_dut/u_unified_p4_kernel/fifo_count_q_reg","u_dut/u_unified_p4_kernel/fifo_data_q_reg","0.045000000"
"u_dut/u_unified_p4_kernel/fifo_data_q_reg[29][28]/D","u_dut/u_unified_p4_kernel/pipe_out_data_q_reg[28]/C","-0.017000000","clk","clk","clk","u_dut/u_unified_p4_kernel/pipe_out_data_q_reg[28]","FDSE","u_dut/u_unified_p4_kernel/pipe_out_data_q_reg","u_dut/u_unified_p4_kernel/fifo_data_q_reg[29][28]","FDCE","u_dut/u_unified_p4_kernel/fifo_data_q_reg","0","0.076000000","1.784000000","1.860000000","0.959139785","SLICE_X93Y27","SLICE_X96Y98","","","SIGNATURE_SKIPPED|FDSE|FDCE","SIGNATURE_SKIPPED|FDSE|FDCE","DUT_INTERNAL","u_dut/u_unified_p4_kernel/pipe_out_data_q_reg","u_dut/u_unified_p4_kernel/fifo_data_q_reg","0.017000000"
"u_dut/u_unified_p4_kernel/fifo_data_q_reg[32][51]/CE","u_dut/u_unified_p4_kernel/pipe_out_valid_q_reg/C","-0.033000000","clk","clk","clk","u_dut/u_unified_p4_kernel/pipe_out_valid_q_reg","FDCE","u_dut/u_unified_p4_kernel/pipe_out_valid_q_reg","u_dut/u_unified_p4_kernel/fifo_data_q_reg[32][51]","FDCE","u_dut/u_unified_p4_kernel/fifo_data_q_reg","1","0.204000000","1.669000000","1.873000000","0.891083823","SLICE_X91Y64","SLICE_X102Y55","","","SIGNATURE_SKIPPED|FDCE|FDCE","SIGNATURE_SKIPPED|FDCE|FDCE","DUT_INTERNAL","u_dut/u_unified_p4_kernel/pipe_out_valid_q_reg","u_dut/u_unified_p4_kernel/fifo_data_q_reg","0.033000000"
"u_dut/u_unified_p4_kernel/fifo_data_q_reg[33][49]/D","u_dut/u_unified_p4_kernel/pipe_out_data_q_reg[49]/C","-0.061000000","clk","clk","clk","u_dut/u_unified_p4_kernel/pipe_out_data_q_reg[49]","FDSE","u_dut/u_unified_p4_kernel/pipe_out_data_q_reg","u_dut/u_unified_p4_kernel/fifo_data_q_reg[33][49]","FDCE","u_dut/u_unified_p4_kernel/fifo_data_q_reg","0","0.078000000","1.909000000","1.987000000","0.960744841","SLICE_X93Y37","SLICE_X104Y73","","","SIGNATURE_SKIPPED|FDSE|FDCE","SIGNATURE_SKIPPED|FDSE|FDCE","DUT_INTERNAL","u_dut/u_unified_p4_kernel/pipe_out_data_q_reg","u_dut/u_unified_p4_kernel/fifo_data_q_reg","0.061000000"
"u_dut/u_unified_p4_kernel/fifo_data_q_reg[33][51]/CE","u_dut/u_unified_p4_kernel/pipe_out_valid_q_reg/C","-0.019000000","clk","clk","clk","u_dut/u_unified_p4_kernel/pipe_out_valid_q_reg","FDCE","u_dut/u_unified_p4_kernel/pipe_out_valid_q_reg","u_dut/u_unified_p4_kernel/fifo_data_q_reg[33][51]","FDCE","u_dut/u_unified_p4_kernel/fifo_data_q_reg","1","0.205000000","1.659000000","1.864000000","0.890021459","SLICE_X91Y64","SLICE_X103Y52","","","SIGNATURE_SKIPPED|FDCE|FDCE","SIGNATURE_SKIPPED|FDCE|FDCE","DUT_INTERNAL","u_dut/u_unified_p4_kernel/pipe_out_valid_q_reg","u_dut/u_unified_p4_kernel/fifo_data_q_reg","0.019000000"
"u_dut/u_unified_p4_kernel/fifo_data_q_reg[35][5]/D","u_dut/u_unified_p4_kernel/pipe_out_data_q_reg[5]/C","-0.019000000","clk","clk","clk","u_dut/u_unified_p4_kernel/pipe_out_data_q_reg[5]","FDSE","u_dut/u_unified_p4_kernel/pipe_out_data_q_reg","u_dut/u_unified_p4_kernel/fifo_data_q_reg[35][5]","FDCE","u_dut/u_unified_p4_kernel/fifo_data_q_reg","0","0.078000000","1.876000000","1.954000000","0.960081883","SLICE_X93Y29","SLICE_X103Y61","","","SIGNATURE_SKIPPED|FDSE|FDCE","SIGNATURE_SKIPPED|FDSE|FDCE","DUT_INTERNAL","u_dut/u_unified_p4_kernel/pipe_out_data_q_reg","u_dut/u_unified_p4_kernel/fifo_data_q_reg","0.019000000"
"u_dut/u_unified_p4_kernel/fifo_data_q_reg[3][27]/CE","u_dut/u_unified_p4_kernel/fifo_wr_ptr_q_reg[2]/C","-0.022000000","clk","clk","clk","u_dut/u_unified_p4_kernel/fifo_wr_ptr_q_reg[2]","FDCE","u_dut/u_unified_p4_kernel/fifo_wr_ptr_q_reg","u_dut/u_unified_p4_kernel/fifo_data_q_reg[3][27]","FDCE","u_dut/u_unified_p4_kernel/fifo_data_q_reg","2","0.300000000","1.603000000","1.903000000","0.842354178","SLICE_X96Y80","SLICE_X109Y66","","","SIGNATURE_SKIPPED|FDCE|FDCE","SIGNATURE_SKIPPED|FDCE|FDCE","DUT_INTERNAL","u_dut/u_unified_p4_kernel/fifo_wr_ptr_q_reg","u_dut/u_unified_p4_kernel/fifo_data_q_reg","0.022000000"
"u_dut/u_unified_p4_kernel/fifo_data_q_reg[41][28]/D","u_dut/u_unified_p4_kernel/pipe_out_data_q_reg[28]/C","-0.018000000","clk","clk","clk","u_dut/u_unified_p4_kernel/pipe_out_data_q_reg[28]","FDSE","u_dut/u_unified_p4_kernel/pipe_out_data_q_reg","u_dut/u_unified_p4_kernel/fifo_data_q_reg[41][28]","FDCE","u_dut/u_unified_p4_kernel/fifo_data_q_reg","0","0.076000000","1.782000000","1.858000000","0.959095802","SLICE_X93Y27","SLICE_X97Y98","","","SIGNATURE_SKIPPED|FDSE|FDCE","SIGNATURE_SKIPPED|FDSE|FDCE","DUT_INTERNAL","u_dut/u_unified_p4_kernel/pipe_out_data_q_reg","u_dut/u_unified_p4_kernel/fifo_data_q_reg","0.018000000"
"u_dut/u_unified_p4_kernel/fifo_data_q_reg[43][28]/D","u_dut/u_unified_p4_kernel/pipe_out_data_q_reg[28]/C","-0.018000000","clk","clk","clk","u_dut/u_unified_p4_kernel/pipe_out_data_q_reg[28]","FDSE","u_dut/u_unified_p4_kernel/pipe_out_data_q_reg","u_dut/u_unified_p4_kernel/fifo_data_q_reg[43][28]","FDCE","u_dut/u_unified_p4_kernel/fifo_data_q_reg","0","0.076000000","1.781000000","1.857000000","0.959073775","SLICE_X93Y27","SLICE_X97Y99","","","SIGNATURE_SKIPPED|FDSE|FDCE","SIGNATURE_SKIPPED|FDSE|FDCE","DUT_INTERNAL","u_dut/u_unified_p4_kernel/pipe_out_data_q_reg","u_dut/u_unified_p4_kernel/fifo_data_q_reg","0.018000000"
"u_dut/u_unified_p4_kernel/fifo_data_q_reg[44][49]/D","u_dut/u_unified_p4_kernel/pipe_out_data_q_reg[49]/C","-0.007000000","clk","clk","clk","u_dut/u_unified_p4_kernel/pipe_out_data_q_reg[49]","FDSE","u_dut/u_unified_p4_kernel/pipe_out_data_q_reg","u_dut/u_unified_p4_kernel/fifo_data_q_reg[44][49]","FDCE","u_dut/u_unified_p4_kernel/fifo_data_q_reg","0","0.078000000","1.853000000","1.931000000","0.959606422","SLICE_X93Y37","SLICE_X104Y73","","","SIGNATURE_SKIPPED|FDSE|FDCE","SIGNATURE_SKIPPED|FDSE|FDCE","DUT_INTERNAL","u_dut/u_unified_p4_kernel/pipe_out_data_q_reg","u_dut/u_unified_p4_kernel/fifo_data_q_reg","0.007000000"
"u_dut/u_unified_p4_kernel/fifo_data_q_reg[45][49]/D","u_dut/u_unified_p4_kernel/pipe_out_data_q_reg[49]/C","-0.046000000","clk","clk","clk","u_dut/u_unified_p4_kernel/pipe_out_data_q_reg[49]","FDSE","u_dut/u_unified_p4_kernel/pipe_out_data_q_reg","u_dut/u_unified_p4_kernel/fifo_data_q_reg[45][49]","FDCE","u_dut/u_unified_p4_kernel/fifo_data_q_reg","0","0.078000000","1.892000000","1.970000000","0.960406091","SLICE_X93Y37","SLICE_X104Y73","","","SIGNATURE_SKIPPED|FDSE|FDCE","SIGNATURE_SKIPPED|FDSE|FDCE","DUT_INTERNAL","u_dut/u_unified_p4_kernel/pipe_out_data_q_reg","u_dut/u_unified_p4_kernel/fifo_data_q_reg","0.046000000"
"u_dut/u_unified_p4_kernel/fifo_data_q_reg[47][44]/D","u_dut/u_unified_p4_kernel/pipe_out_data_q_reg[44]/C","-0.049000000","clk","clk","clk","u_dut/u_unified_p4_kernel/pipe_out_data_q_reg[44]","FDSE","u_dut/u_unified_p4_kernel/pipe_out_data_q_reg","u_dut/u_unified_p4_kernel/fifo_data_q_reg[47][44]","FDCE","u_dut/u_unified_p4_kernel/fifo_data_q_reg","0","0.078000000","1.960000000","2.038000000","0.961727184","SLICE_X82Y37","SLICE_X104Y82","","","SIGNATURE_SKIPPED|FDSE|FDCE","SIGNATURE_SKIPPED|FDSE|FDCE","DUT_INTERNAL","u_dut/u_unified_p4_kernel/pipe_out_data_q_reg","u_dut/u_unified_p4_kernel/fifo_data_q_reg","0.049000000"
"u_dut/u_unified_p4_kernel/fifo_data_q_reg[50][13]/D","u_dut/u_unified_p4_kernel/pipe_out_data_q_reg[13]/C","-0.056000000","clk","clk","clk","u_dut/u_unified_p4_kernel/pipe_out_data_q_reg[13]","FDSE","u_dut/u_unified_p4_kernel/pipe_out_data_q_reg","u_dut/u_unified_p4_kernel/fifo_data_q_reg[50][13]","FDCE","u_dut/u_unified_p4_kernel/fifo_data_q_reg","0","0.078000000","1.841000000","1.919000000","0.959353830","SLICE_X95Y30","SLICE_X98Y94","","","SIGNATURE_SKIPPED|FDSE|FDCE","SIGNATURE_SKIPPED|FDSE|FDCE","DUT_INTERNAL","u_dut/u_unified_p4_kernel/pipe_out_data_q_reg","u_dut/u_unified_p4_kernel/fifo_data_q_reg","0.056000000"
"u_dut/u_unified_p4_kernel/fifo_data_q_reg[53][1]/CE","u_dut/u_unified_p4_kernel/pipe_out_valid_q_reg/C","-0.007000000","clk","clk","clk","u_dut/u_unified_p4_kernel/pipe_out_valid_q_reg","FDCE","u_dut/u_unified_p4_kernel/pipe_out_valid_q_reg","u_dut/u_unified_p4_kernel/fifo_data_q_reg[53][1]","FDCE","u_dut/u_unified_p4_kernel/fifo_data_q_reg","1","0.181000000","1.679000000","1.860000000","0.902688172","SLICE_X91Y64","SLICE_X104Y56","","","SIGNATURE_SKIPPED|FDCE|FDCE","SIGNATURE_SKIPPED|FDCE|FDCE","DUT_INTERNAL","u_dut/u_unified_p4_kernel/pipe_out_valid_q_reg","u_dut/u_unified_p4_kernel/fifo_data_q_reg","0.007000000"
"u_dut/u_unified_p4_kernel/fifo_data_q_reg[53][3]/CE","u_dut/u_unified_p4_kernel/pipe_out_valid_q_reg/C","-0.029000000","clk","clk","clk","u_dut/u_unified_p4_kernel/pipe_out_valid_q_reg","FDCE","u_dut/u_unified_p4_kernel/pipe_out_valid_q_reg","u_dut/u_unified_p4_kernel/fifo_data_q_reg[53][3]","FDCE","u_dut/u_unified_p4_kernel/fifo_data_q_reg","1","0.181000000","1.699000000","1.880000000","0.903723404","SLICE_X91Y64","SLICE_X103Y55","","","SIGNATURE_SKIPPED|FDCE|FDCE","SIGNATURE_SKIPPED|FDCE|FDCE","DUT_INTERNAL","u_dut/u_unified_p4_kernel/pipe_out_valid_q_reg","u_dut/u_unified_p4_kernel/fifo_data_q_reg","0.029000000"
"u_dut/u_unified_p4_kernel/fifo_data_q_reg[54][15]/CE","u_dut/u_unified_p4_kernel/fifo_count_q_reg[2]/C","-0.030000000","clk","clk","clk","u_dut/u_unified_p4_kernel/fifo_count_q_reg[2]","FDCE","u_dut/u_unified_p4_kernel/fifo_count_q_reg","u_dut/u_unified_p4_kernel/fifo_data_q_reg[54][15]","FDCE","u_dut/u_unified_p4_kernel/fifo_data_q_reg","2","0.329000000","1.570000000","1.899000000","0.826750922","SLICE_X96Y75","SLICE_X105Y60","","","SIGNATURE_SKIPPED|FDCE|FDCE","SIGNATURE_SKIPPED|FDCE|FDCE","DUT_INTERNAL","u_dut/u_unified_p4_kernel/fifo_count_q_reg","u_dut/u_unified_p4_kernel/fifo_data_q_reg","0.030000000"
"u_dut/u_unified_p4_kernel/fifo_data_q_reg[54][17]/CE","u_dut/u_unified_p4_kernel/fifo_count_q_reg[2]/C","-0.030000000","clk","clk","clk","u_dut/u_unified_p4_kernel/fifo_count_q_reg[2]","FDCE","u_dut/u_unified_p4_kernel/fifo_count_q_reg","u_dut/u_unified_p4_kernel/fifo_data_q_reg[54][17]","FDCE","u_dut/u_unified_p4_kernel/fifo_data_q_reg","2","0.329000000","1.570000000","1.899000000","0.826750922","SLICE_X96Y75","SLICE_X104Y70","","","SIGNATURE_SKIPPED|FDCE|FDCE","SIGNATURE_SKIPPED|FDCE|FDCE","DUT_INTERNAL","u_dut/u_unified_p4_kernel/fifo_count_q_reg","u_dut/u_unified_p4_kernel/fifo_data_q_reg","0.030000000"
"u_dut/u_unified_p4_kernel/fifo_data_q_reg[54][46]/D","u_dut/u_unified_p4_kernel/pipe_out_data_q_reg[46]/C","-0.005000000","clk","clk","clk","u_dut/u_unified_p4_kernel/pipe_out_data_q_reg[46]","FDSE","u_dut/u_unified_p4_kernel/pipe_out_data_q_reg","u_dut/u_unified_p4_kernel/fifo_data_q_reg[54][46]","FDCE","u_dut/u_unified_p4_kernel/fifo_data_q_reg","0","0.078000000","1.830000000","1.908000000","0.959119497","SLICE_X82Y42","SLICE_X100Y95","","","SIGNATURE_SKIPPED|FDSE|FDCE","SIGNATURE_SKIPPED|FDSE|FDCE","DUT_INTERNAL","u_dut/u_unified_p4_kernel/pipe_out_data_q_reg","u_dut/u_unified_p4_kernel/fifo_data_q_reg","0.005000000"
"u_dut/u_unified_p4_kernel/fifo_data_q_reg[54][56]/CE","u_dut/u_unified_p4_kernel/fifo_count_q_reg[2]/C","-0.030000000","clk","clk","clk","u_dut/u_unified_p4_kernel/fifo_count_q_reg[2]","FDCE","u_dut/u_unified_p4_kernel/fifo_count_q_reg","u_dut/u_unified_p4_kernel/fifo_data_q_reg[54][56]","FDCE","u_dut/u_unified_p4_kernel/fifo_data_q_reg","2","0.329000000","1.570000000","1.899000000","0.826750922","SLICE_X96Y75","SLICE_X104Y70","","","SIGNATURE_SKIPPED|FDCE|FDCE","SIGNATURE_SKIPPED|FDCE|FDCE","DUT_INTERNAL","u_dut/u_unified_p4_kernel/fifo_count_q_reg","u_dut/u_unified_p4_kernel/fifo_data_q_reg","0.030000000"
"u_dut/u_unified_p4_kernel/fifo_data_q_reg[62][13]/D","u_dut/u_unified_p4_kernel/pipe_out_data_q_reg[13]/C","-0.054000000","clk","clk","clk","u_dut/u_unified_p4_kernel/pipe_out_data_q_reg[13]","FDSE","u_dut/u_unified_p4_kernel/pipe_out_data_q_reg","u_dut/u_unified_p4_kernel/fifo_data_q_reg[62][13]","FDCE","u_dut/u_unified_p4_kernel/fifo_data_q_reg","0","0.078000000","1.838000000","1.916000000","0.959290188","SLICE_X95Y30","SLICE_X98Y94","","","SIGNATURE_SKIPPED|FDSE|FDCE","SIGNATURE_SKIPPED|FDSE|FDCE","DUT_INTERNAL","u_dut/u_unified_p4_kernel/pipe_out_data_q_reg","u_dut/u_unified_p4_kernel/fifo_data_q_reg","0.054000000"
"u_dut/u_unified_p4_kernel/fifo_data_q_reg[63][13]/D","u_dut/u_unified_p4_kernel/pipe_out_data_q_reg[13]/C","-0.024000000","clk","clk","clk","u_dut/u_unified_p4_kernel/pipe_out_data_q_reg[13]","FDSE","u_dut/u_unified_p4_kernel/pipe_out_data_q_reg","u_dut/u_unified_p4_kernel/fifo_data_q_reg[63][13]","FDCE","u_dut/u_unified_p4_kernel/fifo_data_q_reg","0","0.078000000","1.809000000","1.887000000","0.958664547","SLICE_X95Y30","SLICE_X98Y94","","","SIGNATURE_SKIPPED|FDSE|FDCE","SIGNATURE_SKIPPED|FDSE|FDCE","DUT_INTERNAL","u_dut/u_unified_p4_kernel/pipe_out_data_q_reg","u_dut/u_unified_p4_kernel/fifo_data_q_reg","0.024000000"
"u_dut/u_unified_p4_kernel/ingress_data_q_reg[10]/D","u_dut/kernel_vector_q_reg[0]_rep__1/C","-0.095000000","clk","clk","clk","u_dut/kernel_vector_q_reg[0]_rep__1","FDCE","u_dut/kernel_vector_q_reg_rep__1","u_dut/u_unified_p4_kernel/ingress_data_q_reg[10]","FDRE","u_dut/u_unified_p4_kernel/ingress_data_q_reg","5","0.493000000","1.555000000","2.048000000","0.759277344","SLICE_X74Y95","SLICE_X79Y76","","","SIGNATURE_SKIPPED|FDCE|FDRE","SIGNATURE_SKIPPED|FDCE|FDRE","DUT_INTERNAL","u_dut/kernel_vector_q_reg_rep__1","u_dut/u_unified_p4_kernel/ingress_data_q_reg","0.095000000"
"u_dut/u_unified_p4_kernel/ingress_data_q_reg[12]/D","u_dut/kernel_stage_q_reg/C","-0.036000000","clk","clk","clk","u_dut/kernel_stage_q_reg","FDCE","u_dut/kernel_stage_q_reg","u_dut/u_unified_p4_kernel/ingress_data_q_reg[12]","FDRE","u_dut/u_unified_p4_kernel/ingress_data_q_reg","4","0.521000000","1.528000000","2.049000000","0.745729624","SLICE_X81Y71","SLICE_X77Y76","","","SIGNATURE_SKIPPED|FDCE|FDRE","SIGNATURE_SKIPPED|FDCE|FDRE","DUT_INTERNAL","u_dut/kernel_stage_q_reg","u_dut/u_unified_p4_kernel/ingress_data_q_reg","0.036000000"
"u_dut/u_unified_p4_kernel/ingress_data_q_reg[13]/D","u_dut/lfnst_grid_valid_reg[42]/C","-0.057000000","clk","clk","clk","u_dut/lfnst_grid_valid_reg[42]","FDCE","u_dut/lfnst_grid_valid_reg","u_dut/u_unified_p4_kernel/ingress_data_q_reg[13]","FDRE","u_dut/u_unified_p4_kernel/ingress_data_q_reg","5","0.550000000","1.523000000","2.073000000","0.734684033","SLICE_X70Y90","SLICE_X76Y76","","","SIGNATURE_SKIPPED|FDCE|FDRE","SIGNATURE_SKIPPED|FDCE|FDRE","DUT_INTERNAL","u_dut/lfnst_grid_valid_reg","u_dut/u_unified_p4_kernel/ingress_data_q_reg","0.057000000"
"u_dut/u_unified_p4_kernel/ingress_data_q_reg[14]/D","u_dut/kernel_vector_q_reg[1]_rep__2/C","-0.099000000","clk","clk","clk","u_dut/kernel_vector_q_reg[1]_rep__2","FDCE","u_dut/kernel_vector_q_reg_rep__2","u_dut/u_unified_p4_kernel/ingress_data_q_reg[14]","FDRE","u_dut/u_unified_p4_kernel/ingress_data_q_reg","5","0.488000000","1.473000000","1.961000000","0.751147374","SLICE_X76Y86","SLICE_X81Y79","","","SIGNATURE_SKIPPED|FDCE|FDRE","SIGNATURE_SKIPPED|FDCE|FDRE","DUT_INTERNAL","u_dut/kernel_vector_q_reg_rep__2","u_dut/u_unified_p4_kernel/ingress_data_q_reg","0.099000000"
"u_dut/u_unified_p4_kernel/ingress_data_q_reg[15]/D","u_dut/lfnst_grid_reg[44][15]/C","-0.083000000","clk","clk","clk","u_dut/lfnst_grid_reg[44][15]","FDCE","u_dut/lfnst_grid_reg","u_dut/u_unified_p4_kernel/ingress_data_q_reg[15]","FDRE","u_dut/u_unified_p4_kernel/ingress_data_q_reg","5","0.480000000","1.490000000","1.970000000","0.756345178","SLICE_X70Y90","SLICE_X81Y72","","","SIGNATURE_SKIPPED|FDCE|FDRE","SIGNATURE_SKIPPED|FDCE|FDRE","DUT_INTERNAL","u_dut/lfnst_grid_reg","u_dut/u_unified_p4_kernel/ingress_data_q_reg","0.083000000"
"u_dut/u_unified_p4_kernel/ingress_data_q_reg[16]/D","u_dut/lfnst_grid_valid_reg[56]/C","-0.064000000","clk","clk","clk","u_dut/lfnst_grid_valid_reg[56]","FDCE","u_dut/lfnst_grid_valid_reg","u_dut/u_unified_p4_kernel/ingress_data_q_reg[16]","FDRE","u_dut/u_unified_p4_kernel/ingress_data_q_reg","5","0.489000000","1.553000000","2.042000000","0.760528893","SLICE_X71Y88","SLICE_X79Y72","","","SIGNATURE_SKIPPED|FDCE|FDRE","SIGNATURE_SKIPPED|FDCE|FDRE","DUT_INTERNAL","u_dut/lfnst_grid_valid_reg","u_dut/u_unified_p4_kernel/ingress_data_q_reg","0.064000000"
"u_dut/u_unified_p4_kernel/ingress_data_q_reg[17]/D","u_dut/kernel_vector_q_reg[0]_rep__2/C","-0.081000000","clk","clk","clk","u_dut/kernel_vector_q_reg[0]_rep__2","FDCE","u_dut/kernel_vector_q_reg_rep__2","u_dut/u_unified_p4_kernel/ingress_data_q_reg[17]","FDRE","u_dut/u_unified_p4_kernel/ingress_data_q_reg","5","0.512000000","1.453000000","1.965000000","0.739440204","SLICE_X78Y88","SLICE_X81Y74","","","SIGNATURE_SKIPPED|FDCE|FDRE","SIGNATURE_SKIPPED|FDCE|FDRE","DUT_INTERNAL","u_dut/kernel_vector_q_reg_rep__2","u_dut/u_unified_p4_kernel/ingress_data_q_reg","0.081000000"
"u_dut/u_unified_p4_kernel/ingress_data_q_reg[18]/D","u_dut/kernel_stage_q_reg/C","-0.118000000","clk","clk","clk","u_dut/kernel_stage_q_reg","FDCE","u_dut/kernel_stage_q_reg","u_dut/u_unified_p4_kernel/ingress_data_q_reg[18]","FDRE","u_dut/u_unified_p4_kernel/ingress_data_q_reg","5","0.619000000","1.377000000","1.996000000","0.689879760","SLICE_X81Y71","SLICE_X80Y82","","","SIGNATURE_SKIPPED|FDCE|FDRE","SIGNATURE_SKIPPED|FDCE|FDRE","DUT_INTERNAL","u_dut/kernel_stage_q_reg","u_dut/u_unified_p4_kernel/ingress_data_q_reg","0.118000000"
"u_dut/u_unified_p4_kernel/ingress_data_q_reg[19]/D","u_dut/kernel_vector_q_reg[0]_rep__2/C","-0.101000000","clk","clk","clk","u_dut/kernel_vector_q_reg[0]_rep__2","FDCE","u_dut/kernel_vector_q_reg_rep__2","u_dut/u_unified_p4_kernel/ingress_data_q_reg[19]","FDRE","u_dut/u_unified_p4_kernel/ingress_data_q_reg","5","0.505000000","1.481000000","1.986000000","0.745720040","SLICE_X78Y88","SLICE_X80Y68","","","SIGNATURE_SKIPPED|FDCE|FDRE","SIGNATURE_SKIPPED|FDCE|FDRE","DUT_INTERNAL","u_dut/kernel_vector_q_reg_rep__2","u_dut/u_unified_p4_kernel/ingress_data_q_reg","0.101000000"
"u_dut/u_unified_p4_kernel/ingress_data_q_reg[1]/D","u_dut/kernel_vector_q_reg[1]_rep__0/C","-0.073000000","clk","clk","clk","u_dut/kernel_vector_q_reg[1]_rep__0","FDCE","u_dut/kernel_vector_q_reg_rep__0","u_dut/u_unified_p4_kernel/ingress_data_q_reg[1]","FDRE","u_dut/u_unified_p4_kernel/ingress_data_q_reg","5","0.574000000","1.386000000","1.960000000","0.707142857","SLICE_X73Y98","SLICE_X83Y75","","","SIGNATURE_SKIPPED|FDCE|FDRE","SIGNATURE_SKIPPED|FDCE|FDRE","DUT_INTERNAL","u_dut/kernel_vector_q_reg_rep__0","u_dut/u_unified_p4_kernel/ingress_data_q_reg","0.073000000"
"u_dut/u_unified_p4_kernel/ingress_data_q_reg[20]/D","u_dut/kernel_stage_q_reg/C","-0.116000000","clk","clk","clk","u_dut/kernel_stage_q_reg","FDCE","u_dut/kernel_stage_q_reg","u_dut/u_unified_p4_kernel/ingress_data_q_reg[20]","FDRE","u_dut/u_unified_p4_kernel/ingress_data_q_reg","4","0.536000000","1.494000000","2.030000000","0.735960591","SLICE_X81Y71","SLICE_X77Y75","","","SIGNATURE_SKIPPED|FDCE|FDRE","SIGNATURE_SKIPPED|FDCE|FDRE","DUT_INTERNAL","u_dut/kernel_stage_q_reg","u_dut/u_unified_p4_kernel/ingress_data_q_reg","0.116000000"
"u_dut/u_unified_p4_kernel/ingress_data_q_reg[21]/D","u_dut/lfnst_grid_valid_reg[56]/C","-0.093000000","clk","clk","clk","u_dut/lfnst_grid_valid_reg[56]","FDCE","u_dut/lfnst_grid_valid_reg","u_dut/u_unified_p4_kernel/ingress_data_q_reg[21]","FDRE","u_dut/u_unified_p4_kernel/ingress_data_q_reg","5","0.414000000","1.534000000","1.948000000","0.787474333","SLICE_X71Y88","SLICE_X85Y80","","","SIGNATURE_SKIPPED|FDCE|FDRE","SIGNATURE_SKIPPED|FDCE|FDRE","DUT_INTERNAL","u_dut/lfnst_grid_valid_reg","u_dut/u_unified_p4_kernel/ingress_data_q_reg","0.093000000"
"u_dut/u_unified_p4_kernel/ingress_data_q_reg[22]/D","u_dut/lfnst_grid_valid_reg[56]/C","-0.131000000","clk","clk","clk","u_dut/lfnst_grid_valid_reg[56]","FDCE","u_dut/lfnst_grid_valid_reg","u_dut/u_unified_p4_kernel/ingress_data_q_reg[22]","FDRE","u_dut/u_unified_p4_kernel/ingress_data_q_reg","5","0.463000000","1.548000000","2.011000000","0.769766285","SLICE_X71Y88","SLICE_X78Y75","","","SIGNATURE_SKIPPED|FDCE|FDRE","SIGNATURE_SKIPPED|FDCE|FDRE","DUT_INTERNAL","u_dut/lfnst_grid_valid_reg","u_dut/u_unified_p4_kernel/ingress_data_q_reg","0.131000000"
"u_dut/u_unified_p4_kernel/ingress_data_q_reg[23]/D","u_dut/kernel_h_rd_raw_group_q_reg[2]/C","-0.046000000","clk","clk","clk","u_dut/kernel_h_rd_raw_group_q_reg[2]","FDCE","u_dut/kernel_h_rd_raw_group_q_reg","u_dut/u_unified_p4_kernel/ingress_data_q_reg[23]","FDRE","u_dut/u_unified_p4_kernel/ingress_data_q_reg","5","0.523000000","1.416000000","1.939000000","0.730273337","SLICE_X85Y64","SLICE_X81Y76","","","SIGNATURE_SKIPPED|FDCE|FDRE","SIGNATURE_SKIPPED|FDCE|FDRE","DUT_INTERNAL","u_dut/kernel_h_rd_raw_group_q_reg","u_dut/u_unified_p4_kernel/ingress_data_q_reg","0.046000000"
"u_dut/u_unified_p4_kernel/ingress_data_q_reg[24]/D","u_dut/kernel_vector_q_reg[2]/C","-0.034000000","clk","clk","clk","u_dut/kernel_vector_q_reg[2]","FDCE","u_dut/kernel_vector_q_reg","u_dut/u_unified_p4_kernel/ingress_data_q_reg[24]","FDRE","u_dut/u_unified_p4_kernel/ingress_data_q_reg","4","0.381000000","1.554000000","1.935000000","0.803100775","SLICE_X76Y92","SLICE_X81Y73","","","SIGNATURE_SKIPPED|FDCE|FDRE","SIGNATURE_SKIPPED|FDCE|FDRE","DUT_INTERNAL","u_dut/kernel_vector_q_reg","u_dut/u_unified_p4_kernel/ingress_data_q_reg","0.034000000"
"u_dut/u_unified_p4_kernel/ingress_data_q_reg[25]/D","u_dut/lfnst_grid_valid_reg[56]/C","-0.104000000","clk","clk","clk","u_dut/lfnst_grid_valid_reg[56]","FDCE","u_dut/lfnst_grid_valid_reg","u_dut/u_unified_p4_kernel/ingress_data_q_reg[25]","FDRE","u_dut/u_unified_p4_kernel/ingress_data_q_reg","5","0.415000000","1.542000000","1.957000000","0.787940726","SLICE_X71Y88","SLICE_X80Y66","","","SIGNATURE_SKIPPED|FDCE|FDRE","SIGNATURE_SKIPPED|FDCE|FDRE","DUT_INTERNAL","u_dut/lfnst_grid_valid_reg","u_dut/u_unified_p4_kernel/ingress_data_q_reg","0.104000000"
"u_dut/u_unified_p4_kernel/ingress_data_q_reg[26]/D","u_dut/lfnst_grid_valid_reg[56]/C","-0.064000000","clk","clk","clk","u_dut/lfnst_grid_valid_reg[56]","FDCE","u_dut/lfnst_grid_valid_reg","u_dut/u_unified_p4_kernel/ingress_data_q_reg[26]","FDRE","u_dut/u_unified_p4_kernel/ingress_data_q_reg","5","0.453000000","1.490000000","1.943000000","0.766855378","SLICE_X71Y88","SLICE_X78Y75","","","SIGNATURE_SKIPPED|FDCE|FDRE","SIGNATURE_SKIPPED|FDCE|FDRE","DUT_INTERNAL","u_dut/lfnst_grid_valid_reg","u_dut/u_unified_p4_kernel/ingress_data_q_reg","0.064000000"
"u_dut/u_unified_p4_kernel/ingress_data_q_reg[27]/D","u_dut/lfnst_grid_reg[4][11]/C","-0.077000000","clk","clk","clk","u_dut/lfnst_grid_reg[4][11]","FDCE","u_dut/lfnst_grid_reg","u_dut/u_unified_p4_kernel/ingress_data_q_reg[27]","FDRE","u_dut/u_unified_p4_kernel/ingress_data_q_reg","5","0.556000000","1.445000000","2.001000000","0.722138931","SLICE_X75Y104","SLICE_X79Y76","","","SIGNATURE_SKIPPED|FDCE|FDRE","SIGNATURE_SKIPPED|FDCE|FDRE","DUT_INTERNAL","u_dut/lfnst_grid_reg","u_dut/u_unified_p4_kernel/ingress_data_q_reg","0.077000000"
"u_dut/u_unified_p4_kernel/ingress_data_q_reg[28]/D","u_dut/kernel_vector_q_reg[2]/C","-0.069000000","clk","clk","clk","u_dut/kernel_vector_q_reg[2]","FDCE","u_dut/kernel_vector_q_reg","u_dut/u_unified_p4_kernel/ingress_data_q_reg[28]","FDRE","u_dut/u_unified_p4_kernel/ingress_data_q_reg","4","0.338000000","1.654000000","1.992000000","0.830321285","SLICE_X76Y92","SLICE_X77Y75","","","SIGNATURE_SKIPPED|FDCE|FDRE","SIGNATURE_SKIPPED|FDCE|FDRE","DUT_INTERNAL","u_dut/kernel_vector_q_reg","u_dut/u_unified_p4_kernel/ingress_data_q_reg","0.069000000"
"u_dut/u_unified_p4_kernel/ingress_data_q_reg[29]/D","u_dut/kernel_vector_q_reg[0]_rep__0/C","-0.007000000","clk","clk","clk","u_dut/kernel_vector_q_reg[0]_rep__0","FDCE","u_dut/kernel_vector_q_reg_rep__0","u_dut/u_unified_p4_kernel/ingress_data_q_reg[29]","FDRE","u_dut/u_unified_p4_kernel/ingress_data_q_reg","5","0.466000000","1.527000000","1.993000000","0.766181636","SLICE_X76Y86","SLICE_X79Y72","","","SIGNATURE_SKIPPED|FDCE|FDRE","SIGNATURE_SKIPPED|FDCE|FDRE","DUT_INTERNAL","u_dut/kernel_vector_q_reg_rep__0","u_dut/u_unified_p4_kernel/ingress_data_q_reg","0.007000000"
"u_dut/u_unified_p4_kernel/ingress_data_q_reg[2]/D","u_dut/kernel_vector_q_reg[0]_rep__2/C","-0.117000000","clk","clk","clk","u_dut/kernel_vector_q_reg[0]_rep__2","FDCE","u_dut/kernel_vector_q_reg_rep__2","u_dut/u_unified_p4_kernel/ingress_data_q_reg[2]","FDRE","u_dut/u_unified_p4_kernel/ingress_data_q_reg","5","0.456000000","1.543000000","1.999000000","0.771885943","SLICE_X78Y88","SLICE_X83Y75","","","SIGNATURE_SKIPPED|FDCE|FDRE","SIGNATURE_SKIPPED|FDCE|FDRE","DUT_INTERNAL","u_dut/kernel_vector_q_reg_rep__2","u_dut/u_unified_p4_kernel/ingress_data_q_reg","0.117000000"
"u_dut/u_unified_p4_kernel/ingress_data_q_reg[30]/D","u_dut/lfnst_grid_valid_reg[56]/C","-0.073000000","clk","clk","clk","u_dut/lfnst_grid_valid_reg[56]","FDCE","u_dut/lfnst_grid_valid_reg","u_dut/u_unified_p4_kernel/ingress_data_q_reg[30]","FDRE","u_dut/u_unified_p4_kernel/ingress_data_q_reg","5","0.453000000","1.500000000","1.953000000","0.768049155","SLICE_X71Y88","SLICE_X78Y75","","","SIGNATURE_SKIPPED|FDCE|FDRE","SIGNATURE_SKIPPED|FDCE|FDRE","DUT_INTERNAL","u_dut/lfnst_grid_valid_reg","u_dut/u_unified_p4_kernel/ingress_data_q_reg","0.073000000"
"u_dut/u_unified_p4_kernel/ingress_data_q_reg[31]/D","u_dut/lfnst_grid_valid_reg[56]/C","-0.088000000","clk","clk","clk","u_dut/lfnst_grid_valid_reg[56]","FDCE","u_dut/lfnst_grid_valid_reg","u_dut/u_unified_p4_kernel/ingress_data_q_reg[31]","FDRE","u_dut/u_unified_p4_kernel/ingress_data_q_reg","5","0.415000000","1.552000000","1.967000000","0.789018810","SLICE_X71Y88","SLICE_X78Y75","","","SIGNATURE_SKIPPED|FDCE|FDRE","SIGNATURE_SKIPPED|FDCE|FDRE","DUT_INTERNAL","u_dut/lfnst_grid_valid_reg","u_dut/u_unified_p4_kernel/ingress_data_q_reg","0.088000000"
"u_dut/u_unified_p4_kernel/ingress_data_q_reg[32]/D","u_dut/kernel_vector_q_reg[0]_rep__2/C","-0.093000000","clk","clk","clk","u_dut/kernel_vector_q_reg[0]_rep__2","FDCE","u_dut/kernel_vector_q_reg_rep__2","u_dut/u_unified_p4_kernel/ingress_data_q_reg[32]","FDRE","u_dut/u_unified_p4_kernel/ingress_data_q_reg","5","0.455000000","1.530000000","1.985000000","0.770780856","SLICE_X78Y88","SLICE_X81Y76","","","SIGNATURE_SKIPPED|FDCE|FDRE","SIGNATURE_SKIPPED|FDCE|FDRE","DUT_INTERNAL","u_dut/kernel_vector_q_reg_rep__2","u_dut/u_unified_p4_kernel/ingress_data_q_reg","0.093000000"
"u_dut/u_unified_p4_kernel/ingress_data_q_reg[33]/D","u_dut/kernel_cut_w_q_reg[2]/C","-0.023000000","clk","clk","clk","u_dut/kernel_cut_w_q_reg[2]","FDCE","u_dut/kernel_cut_w_q_reg","u_dut/u_unified_p4_kernel/ingress_data_q_reg[33]","FDRE","u_dut/u_unified_p4_kernel/ingress_data_q_reg","4","0.493000000","1.415000000","1.908000000","0.741614256","SLICE_X78Y76","SLICE_X83Y75","","","SIGNATURE_SKIPPED|FDCE|FDRE","SIGNATURE_SKIPPED|FDCE|FDRE","DUT_INTERNAL","u_dut/kernel_cut_w_q_reg","u_dut/u_unified_p4_kernel/ingress_data_q_reg","0.023000000"
"u_dut/u_unified_p4_kernel/ingress_data_q_reg[34]/D","u_dut/kernel_vector_q_reg[0]_rep__2/C","-0.078000000","clk","clk","clk","u_dut/kernel_vector_q_reg[0]_rep__2","FDCE","u_dut/kernel_vector_q_reg_rep__2","u_dut/u_unified_p4_kernel/ingress_data_q_reg[34]","FDRE","u_dut/u_unified_p4_kernel/ingress_data_q_reg","5","0.472000000","1.491000000","1.963000000","0.759551707","SLICE_X78Y88","SLICE_X83Y77","","","SIGNATURE_SKIPPED|FDCE|FDRE","SIGNATURE_SKIPPED|FDCE|FDRE","DUT_INTERNAL","u_dut/kernel_vector_q_reg_rep__2","u_dut/u_unified_p4_kernel/ingress_data_q_reg","0.078000000"
"u_dut/u_unified_p4_kernel/ingress_data_q_reg[35]/D","u_dut/kernel_phase_q_reg[0]/C","-0.107000000","clk","clk","clk","u_dut/kernel_phase_q_reg[0]","FDCE","u_dut/kernel_phase_q_reg","u_dut/u_unified_p4_kernel/ingress_data_q_reg[35]","FDRE","u_dut/u_unified_p4_kernel/ingress_data_q_reg","4","0.629000000","1.418000000","2.047000000","0.692721055","SLICE_X84Y64","SLICE_X78Y77","","","SIGNATURE_SKIPPED|FDCE|FDRE","SIGNATURE_SKIPPED|FDCE|FDRE","DUT_INTERNAL","u_dut/kernel_phase_q_reg","u_dut/u_unified_p4_kernel/ingress_data_q_reg","0.107000000"
"u_dut/u_unified_p4_kernel/ingress_data_q_reg[38]/D","u_dut/kernel_vector_q_reg[2]/C","-0.120000000","clk","clk","clk","u_dut/kernel_vector_q_reg[2]","FDCE","u_dut/kernel_vector_q_reg","u_dut/u_unified_p4_kernel/ingress_data_q_reg[38]","FDRE","u_dut/u_unified_p4_kernel/ingress_data_q_reg","4","0.448000000","1.568000000","2.016000000","0.777777778","SLICE_X76Y92","SLICE_X80Y68","","","SIGNATURE_SKIPPED|FDCE|FDRE","SIGNATURE_SKIPPED|FDCE|FDRE","DUT_INTERNAL","u_dut/kernel_vector_q_reg","u_dut/u_unified_p4_kernel/ingress_data_q_reg","0.120000000"
"u_dut/u_unified_p4_kernel/ingress_data_q_reg[39]/D","u_dut/kernel_vector_q_reg[2]/C","-0.052000000","clk","clk","clk","u_dut/kernel_vector_q_reg[2]","FDCE","u_dut/kernel_vector_q_reg","u_dut/u_unified_p4_kernel/ingress_data_q_reg[39]","FDRE","u_dut/u_unified_p4_kernel/ingress_data_q_reg","4","0.351000000","1.597000000","1.948000000","0.819815195","SLICE_X76Y92","SLICE_X81Y74","","","SIGNATURE_SKIPPED|FDCE|FDRE","SIGNATURE_SKIPPED|FDCE|FDRE","DUT_INTERNAL","u_dut/kernel_vector_q_reg","u_dut/u_unified_p4_kernel/ingress_data_q_reg","0.052000000"
"u_dut/u_unified_p4_kernel/ingress_data_q_reg[3]/D","u_dut/lfnst_grid_valid_reg[42]/C","-0.111000000","clk","clk","clk","u_dut/lfnst_grid_valid_reg[42]","FDCE","u_dut/lfnst_grid_valid_reg","u_dut/u_unified_p4_kernel/ingress_data_q_reg[3]","FDRE","u_dut/u_unified_p4_kernel/ingress_data_q_reg","5","0.515000000","1.486000000","2.001000000","0.742628686","SLICE_X70Y90","SLICE_X80Y67","","","SIGNATURE_SKIPPED|FDCE|FDRE","SIGNATURE_SKIPPED|FDCE|FDRE","DUT_INTERNAL","u_dut/lfnst_grid_valid_reg","u_dut/u_unified_p4_kernel/ingress_data_q_reg","0.111000000"
"u_dut/u_unified_p4_kernel/ingress_data_q_reg[40]/D","u_dut/kernel_vector_q_reg[2]/C","-0.059000000","clk","clk","clk","u_dut/kernel_vector_q_reg[2]","FDCE","u_dut/kernel_vector_q_reg","u_dut/u_unified_p4_kernel/ingress_data_q_reg[40]","FDRE","u_dut/u_unified_p4_kernel/ingress_data_q_reg","4","0.529000000","1.413000000","1.942000000","0.727600412","SLICE_X76Y92","SLICE_X83Y83","","","SIGNATURE_SKIPPED|FDCE|FDRE","SIGNATURE_SKIPPED|FDCE|FDRE","DUT_INTERNAL","u_dut/kernel_vector_q_reg","u_dut/u_unified_p4_kernel/ingress_data_q_reg","0.059000000"
"u_dut/u_unified_p4_kernel/ingress_data_q_reg[41]/D","u_dut/kernel_stage_q_reg/C","-0.022000000","clk","clk","clk","u_dut/kernel_stage_q_reg","FDCE","u_dut/kernel_stage_q_reg","u_dut/u_unified_p4_kernel/ingress_data_q_reg[41]","FDRE","u_dut/u_unified_p4_kernel/ingress_data_q_reg","4","0.592000000","1.441000000","2.033000000","0.708804722","SLICE_X81Y71","SLICE_X78Y78","","","SIGNATURE_SKIPPED|FDCE|FDRE","SIGNATURE_SKIPPED|FDCE|FDRE","DUT_INTERNAL","u_dut/kernel_stage_q_reg","u_dut/u_unified_p4_kernel/ingress_data_q_reg","0.022000000"
"u_dut/u_unified_p4_kernel/ingress_data_q_reg[42]/D","u_dut/kernel_vector_q_reg[0]_rep__1/C","-0.101000000","clk","clk","clk","u_dut/kernel_vector_q_reg[0]_rep__1","FDCE","u_dut/kernel_vector_q_reg_rep__1","u_dut/u_unified_p4_kernel/ingress_data_q_reg[42]","FDRE","u_dut/u_unified_p4_kernel/ingress_data_q_reg","5","0.405000000","1.589000000","1.994000000","0.796890672","SLICE_X74Y95","SLICE_X83Y78","","","SIGNATURE_SKIPPED|FDCE|FDRE","SIGNATURE_SKIPPED|FDCE|FDRE","DUT_INTERNAL","u_dut/kernel_vector_q_reg_rep__1","u_dut/u_unified_p4_kernel/ingress_data_q_reg","0.101000000"
"u_dut/u_unified_p4_kernel/ingress_data_q_reg[43]/D","u_dut/kernel_vector_q_reg[1]_rep__1/C","-0.039000000","clk","clk","clk","u_dut/kernel_vector_q_reg[1]_rep__1","FDCE","u_dut/kernel_vector_q_reg_rep__1","u_dut/u_unified_p4_kernel/ingress_data_q_reg[43]","FDRE","u_dut/u_unified_p4_kernel/ingress_data_q_reg","5","0.539000000","1.389000000","1.928000000","0.720435685","SLICE_X74Y95","SLICE_X83Y75","","","SIGNATURE_SKIPPED|FDCE|FDRE","SIGNATURE_SKIPPED|FDCE|FDRE","DUT_INTERNAL","u_dut/kernel_vector_q_reg_rep__1","u_dut/u_unified_p4_kernel/ingress_data_q_reg","0.039000000"
"u_dut/u_unified_p4_kernel/ingress_data_q_reg[44]/D","u_dut/kernel_vector_q_reg[0]_rep__0/C","-0.047000000","clk","clk","clk","u_dut/kernel_vector_q_reg[0]_rep__0","FDCE","u_dut/kernel_vector_q_reg_rep__0","u_dut/u_unified_p4_kernel/ingress_data_q_reg[44]","FDRE","u_dut/u_unified_p4_kernel/ingress_data_q_reg","5","0.407000000","1.510000000","1.917000000","0.787689098","SLICE_X76Y86","SLICE_X82Y77","","","SIGNATURE_SKIPPED|FDCE|FDRE","SIGNATURE_SKIPPED|FDCE|FDRE","DUT_INTERNAL","u_dut/kernel_vector_q_reg_rep__0","u_dut/u_unified_p4_kernel/ingress_data_q_reg","0.047000000"
"u_dut/u_unified_p4_kernel/ingress_data_q_reg[45]/D","u_dut/lfnst_grid_valid_reg[26]/C","-0.103000000","clk","clk","clk","u_dut/lfnst_grid_valid_reg[26]","FDCE","u_dut/lfnst_grid_valid_reg","u_dut/u_unified_p4_kernel/ingress_data_q_reg[45]","FDRE","u_dut/u_unified_p4_kernel/ingress_data_q_reg","5","0.490000000","1.532000000","2.022000000","0.757665678","SLICE_X74Y91","SLICE_X79Y71","","","SIGNATURE_SKIPPED|FDCE|FDRE","SIGNATURE_SKIPPED|FDCE|FDRE","DUT_INTERNAL","u_dut/lfnst_grid_valid_reg","u_dut/u_unified_p4_kernel/ingress_data_q_reg","0.103000000"
"u_dut/u_unified_p4_kernel/ingress_data_q_reg[46]/D","u_dut/kernel_phase_q_reg[0]/C","-0.112000000","clk","clk","clk","u_dut/kernel_phase_q_reg[0]","FDCE","u_dut/kernel_phase_q_reg","u_dut/u_unified_p4_kernel/ingress_data_q_reg[46]","FDRE","u_dut/u_unified_p4_kernel/ingress_data_q_reg","4","0.530000000","1.523000000","2.053000000","0.741841208","SLICE_X84Y64","SLICE_X79Y76","","","SIGNATURE_SKIPPED|FDCE|FDRE","SIGNATURE_SKIPPED|FDCE|FDRE","DUT_INTERNAL","u_dut/kernel_phase_q_reg","u_dut/u_unified_p4_kernel/ingress_data_q_reg","0.112000000"
"u_dut/u_unified_p4_kernel/ingress_data_q_reg[47]/D","u_dut/lfnst_grid_reg[44][15]/C","-0.056000000","clk","clk","clk","u_dut/lfnst_grid_reg[44][15]","FDCE","u_dut/lfnst_grid_reg","u_dut/u_unified_p4_kernel/ingress_data_q_reg[47]","FDRE","u_dut/u_unified_p4_kernel/ingress_data_q_reg","5","0.442000000","1.508000000","1.950000000","0.773333333","SLICE_X70Y90","SLICE_X82Y77","","","SIGNATURE_SKIPPED|FDCE|FDRE","SIGNATURE_SKIPPED|FDCE|FDRE","DUT_INTERNAL","u_dut/lfnst_grid_reg","u_dut/u_unified_p4_kernel/ingress_data_q_reg","0.056000000"
"u_dut/u_unified_p4_kernel/ingress_data_q_reg[49]/D","u_dut/kernel_phase_q_reg[0]/C","-0.027000000","clk","clk","clk","u_dut/kernel_phase_q_reg[0]","FDCE","u_dut/kernel_phase_q_reg","u_dut/u_unified_p4_kernel/ingress_data_q_reg[49]","FDRE","u_dut/u_unified_p4_kernel/ingress_data_q_reg","4","0.539000000","1.398000000","1.937000000","0.721734641","SLICE_X84Y64","SLICE_X76Y77","","","SIGNATURE_SKIPPED|FDCE|FDRE","SIGNATURE_SKIPPED|FDCE|FDRE","DUT_INTERNAL","u_dut/kernel_phase_q_reg","u_dut/u_unified_p4_kernel/ingress_data_q_reg","0.027000000"
"u_dut/u_unified_p4_kernel/ingress_data_q_reg[4]/D","u_dut/lfnst_grid_valid_reg[42]/C","-0.104000000","clk","clk","clk","u_dut/lfnst_grid_valid_reg[42]","FDCE","u_dut/lfnst_grid_valid_reg","u_dut/u_unified_p4_kernel/ingress_data_q_reg[4]","FDRE","u_dut/u_unified_p4_kernel/ingress_data_q_reg","5","0.516000000","1.479000000","1.995000000","0.741353383","SLICE_X70Y90","SLICE_X80Y68","","","SIGNATURE_SKIPPED|FDCE|FDRE","SIGNATURE_SKIPPED|FDCE|FDRE","DUT_INTERNAL","u_dut/lfnst_grid_valid_reg","u_dut/u_unified_p4_kernel/ingress_data_q_reg","0.104000000"
"u_dut/u_unified_p4_kernel/ingress_data_q_reg[51]/D","u_dut/kernel_stage_q_reg/C","-0.031000000","clk","clk","clk","u_dut/kernel_stage_q_reg","FDCE","u_dut/kernel_stage_q_reg","u_dut/u_unified_p4_kernel/ingress_data_q_reg[51]","FDRE","u_dut/u_unified_p4_kernel/ingress_data_q_reg","4","0.506000000","1.535000000","2.041000000","0.752082313","SLICE_X81Y71","SLICE_X77Y77","","","SIGNATURE_SKIPPED|FDCE|FDRE","SIGNATURE_SKIPPED|FDCE|FDRE","DUT_INTERNAL","u_dut/kernel_stage_q_reg","u_dut/u_unified_p4_kernel/ingress_data_q_reg","0.031000000"
"u_dut/u_unified_p4_kernel/ingress_data_q_reg[53]/D","u_dut/kernel_phase_q_reg[0]/C","-0.095000000","clk","clk","clk","u_dut/kernel_phase_q_reg[0]","FDCE","u_dut/kernel_phase_q_reg","u_dut/u_unified_p4_kernel/ingress_data_q_reg[53]","FDRE","u_dut/u_unified_p4_kernel/ingress_data_q_reg","4","0.587000000","1.418000000","2.005000000","0.707231920","SLICE_X84Y64","SLICE_X76Y77","","","SIGNATURE_SKIPPED|FDCE|FDRE","SIGNATURE_SKIPPED|FDCE|FDRE","DUT_INTERNAL","u_dut/kernel_phase_q_reg","u_dut/u_unified_p4_kernel/ingress_data_q_reg","0.095000000"
"u_dut/u_unified_p4_kernel/ingress_data_q_reg[54]/D","u_dut/kernel_phase_q_reg[0]/C","-0.022000000","clk","clk","clk","u_dut/kernel_phase_q_reg[0]","FDCE","u_dut/kernel_phase_q_reg","u_dut/u_unified_p4_kernel/ingress_data_q_reg[54]","FDRE","u_dut/u_unified_p4_kernel/ingress_data_q_reg","4","0.538000000","1.398000000","1.936000000","0.722107438","SLICE_X84Y64","SLICE_X76Y75","","","SIGNATURE_SKIPPED|FDCE|FDRE","SIGNATURE_SKIPPED|FDCE|FDRE","DUT_INTERNAL","u_dut/kernel_phase_q_reg","u_dut/u_unified_p4_kernel/ingress_data_q_reg","0.022000000"
"u_dut/u_unified_p4_kernel/ingress_data_q_reg[55]/D","u_dut/kernel_h_rd_raw_group_q_reg[1]/C","-0.079000000","clk","clk","clk","u_dut/kernel_h_rd_raw_group_q_reg[1]","FDCE","u_dut/kernel_h_rd_raw_group_q_reg","u_dut/u_unified_p4_kernel/ingress_data_q_reg[55]","FDRE","u_dut/u_unified_p4_kernel/ingress_data_q_reg","5","0.395000000","1.577000000","1.972000000","0.799695740","SLICE_X85Y64","SLICE_X82Y77","","","SIGNATURE_SKIPPED|FDCE|FDRE","SIGNATURE_SKIPPED|FDCE|FDRE","DUT_INTERNAL","u_dut/kernel_h_rd_raw_group_q_reg","u_dut/u_unified_p4_kernel/ingress_data_q_reg","0.079000000"
"u_dut/u_unified_p4_kernel/ingress_data_q_reg[56]/D","u_dut/kernel_vector_q_reg[2]/C","-0.088000000","clk","clk","clk","u_dut/kernel_vector_q_reg[2]","FDCE","u_dut/kernel_vector_q_reg","u_dut/u_unified_p4_kernel/ingress_data_q_reg[56]","FDRE","u_dut/u_unified_p4_kernel/ingress_data_q_reg","4","0.389000000","1.622000000","2.011000000","0.806563899","SLICE_X76Y92","SLICE_X79Y69","","","SIGNATURE_SKIPPED|FDCE|FDRE","SIGNATURE_SKIPPED|FDCE|FDRE","DUT_INTERNAL","u_dut/kernel_vector_q_reg","u_dut/u_unified_p4_kernel/ingress_data_q_reg","0.088000000"
"u_dut/u_unified_p4_kernel/ingress_data_q_reg[57]/D","u_dut/kernel_vector_q_reg[2]/C","-0.049000000","clk","clk","clk","u_dut/kernel_vector_q_reg[2]","FDCE","u_dut/kernel_vector_q_reg","u_dut/u_unified_p4_kernel/ingress_data_q_reg[57]","FDRE","u_dut/u_unified_p4_kernel/ingress_data_q_reg","4","0.369000000","1.603000000","1.972000000","0.812880325","SLICE_X76Y92","SLICE_X79Y69","","","SIGNATURE_SKIPPED|FDCE|FDRE","SIGNATURE_SKIPPED|FDCE|FDRE","DUT_INTERNAL","u_dut/kernel_vector_q_reg","u_dut/u_unified_p4_kernel/ingress_data_q_reg","0.049000000"
"u_dut/u_unified_p4_kernel/ingress_data_q_reg[58]/D","u_dut/kernel_h_rd_raw_group_q_reg[1]/C","-0.047000000","clk","clk","clk","u_dut/kernel_h_rd_raw_group_q_reg[1]","FDCE","u_dut/kernel_h_rd_raw_group_q_reg","u_dut/u_unified_p4_kernel/ingress_data_q_reg[58]","FDRE","u_dut/u_unified_p4_kernel/ingress_data_q_reg","5","0.431000000","1.528000000","1.959000000","0.779989791","SLICE_X85Y64","SLICE_X78Y71","","","SIGNATURE_SKIPPED|FDCE|FDRE","SIGNATURE_SKIPPED|FDCE|FDRE","DUT_INTERNAL","u_dut/kernel_h_rd_raw_group_q_reg","u_dut/u_unified_p4_kernel/ingress_data_q_reg","0.047000000"
"u_dut/u_unified_p4_kernel/ingress_data_q_reg[59]/D","u_dut/kernel_stage_q_reg/C","-0.123000000","clk","clk","clk","u_dut/kernel_stage_q_reg","FDCE","u_dut/kernel_stage_q_reg","u_dut/u_unified_p4_kernel/ingress_data_q_reg[59]","FDRE","u_dut/u_unified_p4_kernel/ingress_data_q_reg","4","0.508000000","1.516000000","2.024000000","0.749011858","SLICE_X81Y71","SLICE_X79Y82","","","SIGNATURE_SKIPPED|FDCE|FDRE","SIGNATURE_SKIPPED|FDCE|FDRE","DUT_INTERNAL","u_dut/kernel_stage_q_reg","u_dut/u_unified_p4_kernel/ingress_data_q_reg","0.123000000"
"u_dut/u_unified_p4_kernel/ingress_data_q_reg[5]/D","u_dut/kernel_vector_q_reg[2]/C","-0.075000000","clk","clk","clk","u_dut/kernel_vector_q_reg[2]","FDCE","u_dut/kernel_vector_q_reg","u_dut/u_unified_p4_kernel/ingress_data_q_reg[5]","FDRE","u_dut/u_unified_p4_kernel/ingress_data_q_reg","4","0.335000000","1.661000000","1.996000000","0.832164329","SLICE_X76Y92","SLICE_X78Y75","","","SIGNATURE_SKIPPED|FDCE|FDRE","SIGNATURE_SKIPPED|FDCE|FDRE","DUT_INTERNAL","u_dut/kernel_vector_q_reg","u_dut/u_unified_p4_kernel/ingress_data_q_reg","0.075000000"
"u_dut/u_unified_p4_kernel/ingress_data_q_reg[60]/D","u_dut/kernel_h_rd_raw_group_q_reg[1]/C","-0.043000000","clk","clk","clk","u_dut/kernel_h_rd_raw_group_q_reg[1]","FDCE","u_dut/kernel_h_rd_raw_group_q_reg","u_dut/u_unified_p4_kernel/ingress_data_q_reg[60]","FDRE","u_dut/u_unified_p4_kernel/ingress_data_q_reg","5","0.380000000","1.556000000","1.936000000","0.803719008","SLICE_X85Y64","SLICE_X81Y76","","","SIGNATURE_SKIPPED|FDCE|FDRE","SIGNATURE_SKIPPED|FDCE|FDRE","DUT_INTERNAL","u_dut/kernel_h_rd_raw_group_q_reg","u_dut/u_unified_p4_kernel/ingress_data_q_reg","0.043000000"
"u_dut/u_unified_p4_kernel/ingress_data_q_reg[61]/D","u_dut/kernel_vector_q_reg[0]_rep__0/C","-0.078000000","clk","clk","clk","u_dut/kernel_vector_q_reg[0]_rep__0","FDCE","u_dut/kernel_vector_q_reg_rep__0","u_dut/u_unified_p4_kernel/ingress_data_q_reg[61]","FDRE","u_dut/u_unified_p4_kernel/ingress_data_q_reg","5","0.385000000","1.575000000","1.960000000","0.803571429","SLICE_X76Y86","SLICE_X79Y71","","","SIGNATURE_SKIPPED|FDCE|FDRE","SIGNATURE_SKIPPED|FDCE|FDRE","DUT_INTERNAL","u_dut/kernel_vector_q_reg_rep__0","u_dut/u_unified_p4_kernel/ingress_data_q_reg","0.078000000"
"u_dut/u_unified_p4_kernel/ingress_data_q_reg[62]/D","u_dut/kernel_vector_q_reg[1]_rep__2/C","-0.099000000","clk","clk","clk","u_dut/kernel_vector_q_reg[1]_rep__2","FDCE","u_dut/kernel_vector_q_reg_rep__2","u_dut/u_unified_p4_kernel/ingress_data_q_reg[62]","FDRE","u_dut/u_unified_p4_kernel/ingress_data_q_reg","5","0.440000000","1.542000000","1.982000000","0.778002018","SLICE_X76Y86","SLICE_X79Y70","","","SIGNATURE_SKIPPED|FDCE|FDRE","SIGNATURE_SKIPPED|FDCE|FDRE","DUT_INTERNAL","u_dut/kernel_vector_q_reg_rep__2","u_dut/u_unified_p4_kernel/ingress_data_q_reg","0.099000000"
"u_dut/u_unified_p4_kernel/ingress_data_q_reg[6]/D","u_dut/kernel_h_rd_raw_group_q_reg[2]/C","-0.042000000","clk","clk","clk","u_dut/kernel_h_rd_raw_group_q_reg[2]","FDCE","u_dut/kernel_h_rd_raw_group_q_reg","u_dut/u_unified_p4_kernel/ingress_data_q_reg[6]","FDRE","u_dut/u_unified_p4_kernel/ingress_data_q_reg","5","0.527000000","1.398000000","1.925000000","0.726233766","SLICE_X85Y64","SLICE_X87Y78","","","SIGNATURE_SKIPPED|FDCE|FDRE","SIGNATURE_SKIPPED|FDCE|FDRE","DUT_INTERNAL","u_dut/kernel_h_rd_raw_group_q_reg","u_dut/u_unified_p4_kernel/ingress_data_q_reg","0.042000000"
"u_dut/u_unified_p4_kernel/ingress_data_q_reg[7]/D","u_dut/kernel_vector_q_reg[1]_rep__1/C","-0.082000000","clk","clk","clk","u_dut/kernel_vector_q_reg[1]_rep__1","FDCE","u_dut/kernel_vector_q_reg_rep__1","u_dut/u_unified_p4_kernel/ingress_data_q_reg[7]","FDRE","u_dut/u_unified_p4_kernel/ingress_data_q_reg","5","0.528000000","1.445000000","1.973000000","0.732387228","SLICE_X74Y95","SLICE_X80Y67","","","SIGNATURE_SKIPPED|FDCE|FDRE","SIGNATURE_SKIPPED|FDCE|FDRE","DUT_INTERNAL","u_dut/kernel_vector_q_reg_rep__1","u_dut/u_unified_p4_kernel/ingress_data_q_reg","0.082000000"
"u_dut/u_unified_p4_kernel/ingress_data_q_reg[9]/D","u_dut/kernel_vector_q_reg[2]/C","-0.134000000","clk","clk","clk","u_dut/kernel_vector_q_reg[2]","FDCE","u_dut/kernel_vector_q_reg","u_dut/u_unified_p4_kernel/ingress_data_q_reg[9]","FDRE","u_dut/u_unified_p4_kernel/ingress_data_q_reg","4","0.431000000","1.599000000","2.030000000","0.787684729","SLICE_X76Y92","SLICE_X81Y74","","","SIGNATURE_SKIPPED|FDCE|FDRE","SIGNATURE_SKIPPED|FDCE|FDRE","DUT_INTERNAL","u_dut/kernel_vector_q_reg","u_dut/u_unified_p4_kernel/ingress_data_q_reg","0.134000000"
"u_dut/u_unified_p4_kernel/input_mem_reg[0][10][13]/D","u_dut/u_unified_p4_kernel/ingress_data_q_reg[45]/C","-0.015000000","clk","clk","clk","u_dut/u_unified_p4_kernel/ingress_data_q_reg[45]","FDRE","u_dut/u_unified_p4_kernel/ingress_data_q_reg","u_dut/u_unified_p4_kernel/input_mem_reg[0][10][13]","FDRE","u_dut/u_unified_p4_kernel/input_mem_reg","0","0.078000000","1.845000000","1.923000000","0.959438378","SLICE_X79Y71","SLICE_X63Y10","","","SIGNATURE_SKIPPED|FDRE|FDRE","SIGNATURE_SKIPPED|FDRE|FDRE","DUT_INTERNAL","u_dut/u_unified_p4_kernel/ingress_data_q_reg","u_dut/u_unified_p4_kernel/input_mem_reg","0.015000000"
"u_dut/u_unified_p4_kernel/input_mem_reg[0][10][15]/D","u_dut/u_unified_p4_kernel/ingress_data_q_reg[47]/C","-0.013000000","clk","clk","clk","u_dut/u_unified_p4_kernel/ingress_data_q_reg[47]","FDRE","u_dut/u_unified_p4_kernel/ingress_data_q_reg","u_dut/u_unified_p4_kernel/input_mem_reg[0][10][15]","FDRE","u_dut/u_unified_p4_kernel/input_mem_reg","0","0.078000000","1.846000000","1.924000000","0.959459459","SLICE_X82Y77","SLICE_X63Y6","","","SIGNATURE_SKIPPED|FDRE|FDRE","SIGNATURE_SKIPPED|FDRE|FDRE","DUT_INTERNAL","u_dut/u_unified_p4_kernel/ingress_data_q_reg","u_dut/u_unified_p4_kernel/input_mem_reg","0.013000000"
"u_dut/u_unified_p4_kernel/input_mem_reg[0][10][4]/D","u_dut/u_unified_p4_kernel/ingress_data_q_reg[36]/C","-0.052000000","clk","clk","clk","u_dut/u_unified_p4_kernel/ingress_data_q_reg[36]","FDRE","u_dut/u_unified_p4_kernel/ingress_data_q_reg","u_dut/u_unified_p4_kernel/input_mem_reg[0][10][4]","FDRE","u_dut/u_unified_p4_kernel/input_mem_reg","0","0.079000000","1.765000000","1.844000000","0.957158351","SLICE_X77Y76","SLICE_X63Y14","","","SIGNATURE_SKIPPED|FDRE|FDRE","SIGNATURE_SKIPPED|FDRE|FDRE","DUT_INTERNAL","u_dut/u_unified_p4_kernel/ingress_data_q_reg","u_dut/u_unified_p4_kernel/input_mem_reg","0.052000000"
"u_dut/u_unified_p4_kernel/input_mem_reg[0][11][0]/D","u_dut/u_unified_p4_kernel/ingress_data_q_reg[48]/C","-0.055000000","clk","clk","clk","u_dut/u_unified_p4_kernel/ingress_data_q_reg[48]","FDRE","u_dut/u_unified_p4_kernel/ingress_data_q_reg","u_dut/u_unified_p4_kernel/input_mem_reg[0][11][0]","FDRE","u_dut/u_unified_p4_kernel/input_mem_reg","0","0.079000000","1.774000000","1.853000000","0.957366433","SLICE_X77Y77","SLICE_X64Y13","","","SIGNATURE_SKIPPED|FDRE|FDRE","SIGNATURE_SKIPPED|FDRE|FDRE","DUT_INTERNAL","u_dut/u_unified_p4_kernel/ingress_data_q_reg","u_dut/u_unified_p4_kernel/input_mem_reg","0.055000000"
"u_dut/u_unified_p4_kernel/input_mem_reg[0][12][0]/CE","u_dut/u_unified_p4_kernel/ingress_valid_q_reg/C","-0.049000000","clk","clk","clk","u_dut/u_unified_p4_kernel/ingress_valid_q_reg","FDCE","u_dut/u_unified_p4_kernel/ingress_valid_q_reg","u_dut/u_unified_p4_kernel/input_mem_reg[0][12][0]","FDRE","u_dut/u_unified_p4_kernel/input_mem_reg","1","0.229000000","1.660000000","1.889000000","0.878771837","SLICE_X80Y64","SLICE_X67Y9","","","SIGNATURE_SKIPPED|FDCE|FDRE","SIGNATURE_SKIPPED|FDCE|FDRE","DUT_INTERNAL","u_dut/u_unified_p4_kernel/ingress_valid_q_reg","u_dut/u_unified_p4_kernel/input_mem_reg","0.049000000"
"u_dut/u_unified_p4_kernel/input_mem_reg[0][12][12]/CE","u_dut/u_unified_p4_kernel/ingress_valid_q_reg/C","-0.049000000","clk","clk","clk","u_dut/u_unified_p4_kernel/ingress_valid_q_reg","FDCE","u_dut/u_unified_p4_kernel/ingress_valid_q_reg","u_dut/u_unified_p4_kernel/input_mem_reg[0][12][12]","FDRE","u_dut/u_unified_p4_kernel/input_mem_reg","1","0.229000000","1.660000000","1.889000000","0.878771837","SLICE_X80Y64","SLICE_X67Y9","","","SIGNATURE_SKIPPED|FDCE|FDRE","SIGNATURE_SKIPPED|FDCE|FDRE","DUT_INTERNAL","u_dut/u_unified_p4_kernel/ingress_valid_q_reg","u_dut/u_unified_p4_kernel/input_mem_reg","0.049000000"
"u_dut/u_unified_p4_kernel/input_mem_reg[0][12][2]/CE","u_dut/u_unified_p4_kernel/ingress_valid_q_reg/C","-0.049000000","clk","clk","clk","u_dut/u_unified_p4_kernel/ingress_valid_q_reg","FDCE","u_dut/u_unified_p4_kernel/ingress_valid_q_reg","u_dut/u_unified_p4_kernel/input_mem_reg[0][12][2]","FDRE","u_dut/u_unified_p4_kernel/input_mem_reg","1","0.229000000","1.660000000","1.889000000","0.878771837","SLICE_X80Y64","SLICE_X67Y9","","","SIGNATURE_SKIPPED|FDCE|FDRE","SIGNATURE_SKIPPED|FDCE|FDRE","DUT_INTERNAL","u_dut/u_unified_p4_kernel/ingress_valid_q_reg","u_dut/u_unified_p4_kernel/input_mem_reg","0.049000000"
"u_dut/u_unified_p4_kernel/input_mem_reg[0][12][6]/CE","u_dut/u_unified_p4_kernel/ingress_valid_q_reg/C","-0.049000000","clk","clk","clk","u_dut/u_unified_p4_kernel/ingress_valid_q_reg","FDCE","u_dut/u_unified_p4_kernel/ingress_valid_q_reg","u_dut/u_unified_p4_kernel/input_mem_reg[0][12][6]","FDRE","u_dut/u_unified_p4_kernel/input_mem_reg","1","0.229000000","1.660000000","1.889000000","0.878771837","SLICE_X80Y64","SLICE_X67Y9","","","SIGNATURE_SKIPPED|FDCE|FDRE","SIGNATURE_SKIPPED|FDCE|FDRE","DUT_INTERNAL","u_dut/u_unified_p4_kernel/ingress_valid_q_reg","u_dut/u_unified_p4_kernel/input_mem_reg","0.049000000"
"u_dut/u_unified_p4_kernel/input_mem_reg[0][13][0]/CE","u_dut/u_unified_p4_kernel/ingress_valid_q_reg/C","-0.056000000","clk","clk","clk","u_dut/u_unified_p4_kernel/ingress_valid_q_reg","FDCE","u_dut/u_unified_p4_kernel/ingress_valid_q_reg","u_dut/u_unified_p4_kernel/input_mem_reg[0][13][0]","FDRE","u_dut/u_unified_p4_kernel/input_mem_reg","1","0.229000000","1.663000000","1.892000000","0.878964059","SLICE_X80Y64","SLICE_X70Y9","","","SIGNATURE_SKIPPED|FDCE|FDRE","SIGNATURE_SKIPPED|FDCE|FDRE","DUT_INTERNAL","u_dut/u_unified_p4_kernel/ingress_valid_q_reg","u_dut/u_unified_p4_kernel/input_mem_reg","0.056000000"
"u_dut/u_unified_p4_kernel/input_mem_reg[0][13][12]/CE","u_dut/u_unified_p4_kernel/ingress_valid_q_reg/C","-0.040000000","clk","clk","clk","u_dut/u_unified_p4_kernel/ingress_valid_q_reg","FDCE","u_dut/u_unified_p4_kernel/ingress_valid_q_reg","u_dut/u_unified_p4_kernel/input_mem_reg[0][13][12]","FDRE","u_dut/u_unified_p4_kernel/input_mem_reg","1","0.229000000","1.646000000","1.875000000","0.877866667","SLICE_X80Y64","SLICE_X70Y11","","","SIGNATURE_SKIPPED|FDCE|FDRE","SIGNATURE_SKIPPED|FDCE|FDRE","DUT_INTERNAL","u_dut/u_unified_p4_kernel/ingress_valid_q_reg","u_dut/u_unified_p4_kernel/input_mem_reg","0.040000000"
"u_dut/u_unified_p4_kernel/input_mem_reg[0][13][13]/CE","u_dut/u_unified_p4_kernel/ingress_valid_q_reg/C","-0.040000000","clk","clk","clk","u_dut/u_unified_p4_kernel/ingress_valid_q_reg","FDCE","u_dut/u_unified_p4_kernel/ingress_valid_q_reg","u_dut/u_unified_p4_kernel/input_mem_reg[0][13][13]","FDRE","u_dut/u_unified_p4_kernel/input_mem_reg","1","0.229000000","1.646000000","1.875000000","0.877866667","SLICE_X80Y64","SLICE_X70Y11","","","SIGNATURE_SKIPPED|FDCE|FDRE","SIGNATURE_SKIPPED|FDCE|FDRE","DUT_INTERNAL","u_dut/u_unified_p4_kernel/ingress_valid_q_reg","u_dut/u_unified_p4_kernel/input_mem_reg","0.040000000"
"u_dut/u_unified_p4_kernel/input_mem_reg[0][13][14]/CE","u_dut/u_unified_p4_kernel/ingress_valid_q_reg/C","-0.040000000","clk","clk","clk","u_dut/u_unified_p4_kernel/ingress_valid_q_reg","FDCE","u_dut/u_unified_p4_kernel/ingress_valid_q_reg","u_dut/u_unified_p4_kernel/input_mem_reg[0][13][14]","FDRE","u_dut/u_unified_p4_kernel/input_mem_reg","1","0.229000000","1.646000000","1.875000000","0.877866667","SLICE_X80Y64","SLICE_X70Y11","","","SIGNATURE_SKIPPED|FDCE|FDRE","SIGNATURE_SKIPPED|FDCE|FDRE","DUT_INTERNAL","u_dut/u_unified_p4_kernel/ingress_valid_q_reg","u_dut/u_unified_p4_kernel/input_mem_reg","0.040000000"
"u_dut/u_unified_p4_kernel/input_mem_reg[0][13][15]/CE","u_dut/u_unified_p4_kernel/ingress_valid_q_reg/C","-0.016000000","clk","clk","clk","u_dut/u_unified_p4_kernel/ingress_valid_q_reg","FDCE","u_dut/u_unified_p4_kernel/ingress_valid_q_reg","u_dut/u_unified_p4_kernel/input_mem_reg[0][13][15]","FDRE","u_dut/u_unified_p4_kernel/input_mem_reg","1","0.229000000","1.621000000","1.850000000","0.876216216","SLICE_X80Y64","SLICE_X70Y13","","","SIGNATURE_SKIPPED|FDCE|FDRE","SIGNATURE_SKIPPED|FDCE|FDRE","DUT_INTERNAL","u_dut/u_unified_p4_kernel/ingress_valid_q_reg","u_dut/u_unified_p4_kernel/input_mem_reg","0.016000000"
"u_dut/u_unified_p4_kernel/input_mem_reg[0][13][1]/CE","u_dut/u_unified_p4_kernel/ingress_valid_q_reg/C","-0.016000000","clk","clk","clk","u_dut/u_unified_p4_kernel/ingress_valid_q_reg","FDCE","u_dut/u_unified_p4_kernel/ingress_valid_q_reg","u_dut/u_unified_p4_kernel/input_mem_reg[0][13][1]","FDRE","u_dut/u_unified_p4_kernel/input_mem_reg","1","0.229000000","1.621000000","1.850000000","0.876216216","SLICE_X80Y64","SLICE_X69Y13","","","SIGNATURE_SKIPPED|FDCE|FDRE","SIGNATURE_SKIPPED|FDCE|FDRE","DUT_INTERNAL","u_dut/u_unified_p4_kernel/ingress_valid_q_reg","u_dut/u_unified_p4_kernel/input_mem_reg","0.016000000"
"u_dut/u_unified_p4_kernel/input_mem_reg[0][13][2]/CE","u_dut/u_unified_p4_kernel/ingress_valid_q_reg/C","-0.016000000","clk","clk","clk","u_dut/u_unified_p4_kernel/ingress_valid_q_reg","FDCE","u_dut/u_unified_p4_kernel/ingress_valid_q_reg","u_dut/u_unified_p4_kernel/input_mem_reg[0][13][2]","FDRE","u_dut/u_unified_p4_kernel/input_mem_reg","1","0.229000000","1.621000000","1.850000000","0.876216216","SLICE_X80Y64","SLICE_X69Y13","","","SIGNATURE_SKIPPED|FDCE|FDRE","SIGNATURE_SKIPPED|FDCE|FDRE","DUT_INTERNAL","u_dut/u_unified_p4_kernel/ingress_valid_q_reg","u_dut/u_unified_p4_kernel/input_mem_reg","0.016000000"
"u_dut/u_unified_p4_kernel/input_mem_reg[0][13][3]/CE","u_dut/u_unified_p4_kernel/ingress_valid_q_reg/C","-0.016000000","clk","clk","clk","u_dut/u_unified_p4_kernel/ingress_valid_q_reg","FDCE","u_dut/u_unified_p4_kernel/ingress_valid_q_reg","u_dut/u_unified_p4_kernel/input_mem_reg[0][13][3]","FDRE","u_dut/u_unified_p4_kernel/input_mem_reg","1","0.229000000","1.621000000","1.850000000","0.876216216","SLICE_X80Y64","SLICE_X70Y13","","","SIGNATURE_SKIPPED|FDCE|FDRE","SIGNATURE_SKIPPED|FDCE|FDRE","DUT_INTERNAL","u_dut/u_unified_p4_kernel/ingress_valid_q_reg","u_dut/u_unified_p4_kernel/input_mem_reg","0.016000000"
"u_dut/u_unified_p4_kernel/input_mem_reg[0][13][4]/CE","u_dut/u_unified_p4_kernel/ingress_valid_q_reg/C","-0.040000000","clk","clk","clk","u_dut/u_unified_p4_kernel/ingress_valid_q_reg","FDCE","u_dut/u_unified_p4_kernel/ingress_valid_q_reg","u_dut/u_unified_p4_kernel/input_mem_reg[0][13][4]","FDRE","u_dut/u_unified_p4_kernel/input_mem_reg","1","0.229000000","1.646000000","1.875000000","0.877866667","SLICE_X80Y64","SLICE_X70Y11","","","SIGNATURE_SKIPPED|FDCE|FDRE","SIGNATURE_SKIPPED|FDCE|FDRE","DUT_INTERNAL","u_dut/u_unified_p4_kernel/ingress_valid_q_reg","u_dut/u_unified_p4_kernel/input_mem_reg","0.040000000"
"u_dut/u_unified_p4_kernel/input_mem_reg[0][13][5]/CE","u_dut/u_unified_p4_kernel/ingress_valid_q_reg/C","-0.016000000","clk","clk","clk","u_dut/u_unified_p4_kernel/ingress_valid_q_reg","FDCE","u_dut/u_unified_p4_kernel/ingress_valid_q_reg","u_dut/u_unified_p4_kernel/input_mem_reg[0][13][5]","FDRE","u_dut/u_unified_p4_kernel/input_mem_reg","1","0.229000000","1.621000000","1.850000000","0.876216216","SLICE_X80Y64","SLICE_X69Y13","","","SIGNATURE_SKIPPED|FDCE|FDRE","SIGNATURE_SKIPPED|FDCE|FDRE","DUT_INTERNAL","u_dut/u_unified_p4_kernel/ingress_valid_q_reg","u_dut/u_unified_p4_kernel/input_mem_reg","0.016000000"
"u_dut/u_unified_p4_kernel/input_mem_reg[0][13][8]/CE","u_dut/u_unified_p4_kernel/ingress_valid_q_reg/C","-0.056000000","clk","clk","clk","u_dut/u_unified_p4_kernel/ingress_valid_q_reg","FDCE","u_dut/u_unified_p4_kernel/ingress_valid_q_reg","u_dut/u_unified_p4_kernel/input_mem_reg[0][13][8]","FDRE","u_dut/u_unified_p4_kernel/input_mem_reg","1","0.229000000","1.663000000","1.892000000","0.878964059","SLICE_X80Y64","SLICE_X70Y9","","","SIGNATURE_SKIPPED|FDCE|FDRE","SIGNATURE_SKIPPED|FDCE|FDRE","DUT_INTERNAL","u_dut/u_unified_p4_kernel/ingress_valid_q_reg","u_dut/u_unified_p4_kernel/input_mem_reg","0.056000000"
"u_dut/u_unified_p4_kernel/input_mem_reg[0][14][12]/CE","u_dut/u_unified_p4_kernel/ingress_valid_q_reg/C","-0.014000000","clk","clk","clk","u_dut/u_unified_p4_kernel/ingress_valid_q_reg","FDCE","u_dut/u_unified_p4_kernel/ingress_valid_q_reg","u_dut/u_unified_p4_kernel/input_mem_reg[0][14][12]","FDRE","u_dut/u_unified_p4_kernel/input_mem_reg","1","0.229000000","1.622000000","1.851000000","0.876283090","SLICE_X80Y64","SLICE_X68Y11","","","SIGNATURE_SKIPPED|FDCE|FDRE","SIGNATURE_SKIPPED|FDCE|FDRE","DUT_INTERNAL","u_dut/u_unified_p4_kernel/ingress_valid_q_reg","u_dut/u_unified_p4_kernel/input_mem_reg","0.014000000"
"u_dut/u_unified_p4_kernel/input_mem_reg[0][14][15]/CE","u_dut/u_unified_p4_kernel/ingress_valid_q_reg/C","-0.014000000","clk","clk","clk","u_dut/u_unified_p4_kernel/ingress_valid_q_reg","FDCE","u_dut/u_unified_p4_kernel/ingress_valid_q_reg","u_dut/u_unified_p4_kernel/input_mem_reg[0][14][15]","FDRE","u_dut/u_unified_p4_kernel/input_mem_reg","1","0.229000000","1.622000000","1.851000000","0.876283090","SLICE_X80Y64","SLICE_X68Y11","","","SIGNATURE_SKIPPED|FDCE|FDRE","SIGNATURE_SKIPPED|FDCE|FDRE","DUT_INTERNAL","u_dut/u_unified_p4_kernel/ingress_valid_q_reg","u_dut/u_unified_p4_kernel/input_mem_reg","0.014000000"
"u_dut/u_unified_p4_kernel/input_mem_reg[0][14][2]/CE","u_dut/u_unified_p4_kernel/ingress_valid_q_reg/C","-0.014000000","clk","clk","clk","u_dut/u_unified_p4_kernel/ingress_valid_q_reg","FDCE","u_dut/u_unified_p4_kernel/ingress_valid_q_reg","u_dut/u_unified_p4_kernel/input_mem_reg[0][14][2]","FDRE","u_dut/u_unified_p4_kernel/input_mem_reg","1","0.229000000","1.622000000","1.851000000","0.876283090","SLICE_X80Y64","SLICE_X68Y11","","","SIGNATURE_SKIPPED|FDCE|FDRE","SIGNATURE_SKIPPED|FDCE|FDRE","DUT_INTERNAL","u_dut/u_unified_p4_kernel/ingress_valid_q_reg","u_dut/u_unified_p4_kernel/input_mem_reg","0.014000000"
"u_dut/u_unified_p4_kernel/input_mem_reg[0][14][3]/CE","u_dut/u_unified_p4_kernel/ingress_valid_q_reg/C","-0.056000000","clk","clk","clk","u_dut/u_unified_p4_kernel/ingress_valid_q_reg","FDCE","u_dut/u_unified_p4_kernel/ingress_valid_q_reg","u_dut/u_unified_p4_kernel/input_mem_reg[0][14][3]","FDRE","u_dut/u_unified_p4_kernel/input_mem_reg","1","0.229000000","1.663000000","1.892000000","0.878964059","SLICE_X80Y64","SLICE_X70Y9","","","SIGNATURE_SKIPPED|FDCE|FDRE","SIGNATURE_SKIPPED|FDCE|FDRE","DUT_INTERNAL","u_dut/u_unified_p4_kernel/ingress_valid_q_reg","u_dut/u_unified_p4_kernel/input_mem_reg","0.056000000"
"u_dut/u_unified_p4_kernel/input_mem_reg[0][14][4]/CE","u_dut/u_unified_p4_kernel/ingress_valid_q_reg/C","-0.056000000","clk","clk","clk","u_dut/u_unified_p4_kernel/ingress_valid_q_reg","FDCE","u_dut/u_unified_p4_kernel/ingress_valid_q_reg","u_dut/u_unified_p4_kernel/input_mem_reg[0][14][4]","FDRE","u_dut/u_unified_p4_kernel/input_mem_reg","1","0.229000000","1.663000000","1.892000000","0.878964059","SLICE_X80Y64","SLICE_X70Y9","","","SIGNATURE_SKIPPED|FDCE|FDRE","SIGNATURE_SKIPPED|FDCE|FDRE","DUT_INTERNAL","u_dut/u_unified_p4_kernel/ingress_valid_q_reg","u_dut/u_unified_p4_kernel/input_mem_reg","0.056000000"
"u_dut/u_unified_p4_kernel/input_mem_reg[0][14][4]/D","u_dut/u_unified_p4_kernel/ingress_data_q_reg[36]/C","-0.020000000","clk","clk","clk","u_dut/u_unified_p4_kernel/ingress_data_q_reg[36]","FDRE","u_dut/u_unified_p4_kernel/ingress_data_q_reg","u_dut/u_unified_p4_kernel/input_mem_reg[0][14][4]","FDRE","u_dut/u_unified_p4_kernel/input_mem_reg","0","0.079000000","1.728000000","1.807000000","0.956281129","SLICE_X77Y76","SLICE_X70Y9","","","SIGNATURE_SKIPPED|FDRE|FDRE","SIGNATURE_SKIPPED|FDRE|FDRE","DUT_INTERNAL","u_dut/u_unified_p4_kernel/ingress_data_q_reg","u_dut/u_unified_p4_kernel/input_mem_reg","0.020000000"
"u_dut/u_unified_p4_kernel/input_mem_reg[0][14][7]/CE","u_dut/u_unified_p4_kernel/ingress_valid_q_reg/C","-0.016000000","clk","clk","clk","u_dut/u_unified_p4_kernel/ingress_valid_q_reg","FDCE","u_dut/u_unified_p4_kernel/ingress_valid_q_reg","u_dut/u_unified_p4_kernel/input_mem_reg[0][14][7]","FDRE","u_dut/u_unified_p4_kernel/input_mem_reg","1","0.229000000","1.621000000","1.850000000","0.876216216","SLICE_X80Y64","SLICE_X69Y13","","","SIGNATURE_SKIPPED|FDCE|FDRE","SIGNATURE_SKIPPED|FDCE|FDRE","DUT_INTERNAL","u_dut/u_unified_p4_kernel/ingress_valid_q_reg","u_dut/u_unified_p4_kernel/input_mem_reg","0.016000000"
"u_dut/u_unified_p4_kernel/input_mem_reg[0][14][8]/CE","u_dut/u_unified_p4_kernel/ingress_valid_q_reg/C","-0.014000000","clk","clk","clk","u_dut/u_unified_p4_kernel/ingress_valid_q_reg","FDCE","u_dut/u_unified_p4_kernel/ingress_valid_q_reg","u_dut/u_unified_p4_kernel/input_mem_reg[0][14][8]","FDRE","u_dut/u_unified_p4_kernel/input_mem_reg","1","0.229000000","1.622000000","1.851000000","0.876283090","SLICE_X80Y64","SLICE_X68Y11","","","SIGNATURE_SKIPPED|FDCE|FDRE","SIGNATURE_SKIPPED|FDCE|FDRE","DUT_INTERNAL","u_dut/u_unified_p4_kernel/ingress_valid_q_reg","u_dut/u_unified_p4_kernel/input_mem_reg","0.014000000"
"u_dut/u_unified_p4_kernel/input_mem_reg[0][15][0]/D","u_dut/u_unified_p4_kernel/ingress_data_q_reg[48]/C","-0.037000000","clk","clk","clk","u_dut/u_unified_p4_kernel/ingress_data_q_reg[48]","FDRE","u_dut/u_unified_p4_kernel/ingress_data_q_reg","u_dut/u_unified_p4_kernel/input_mem_reg[0][15][0]","FDRE","u_dut/u_unified_p4_kernel/input_mem_reg","0","0.079000000","1.756000000","1.835000000","0.956948229","SLICE_X77Y77","SLICE_X63Y15","","","SIGNATURE_SKIPPED|FDRE|FDRE","SIGNATURE_SKIPPED|FDRE|FDRE","DUT_INTERNAL","u_dut/u_unified_p4_kernel/ingress_data_q_reg","u_dut/u_unified_p4_kernel/input_mem_reg","0.037000000"
"u_dut/u_unified_p4_kernel/input_mem_reg[0][15][11]/CE","u_dut/u_unified_p4_kernel/ingress_valid_q_reg/C","-0.012000000","clk","clk","clk","u_dut/u_unified_p4_kernel/ingress_valid_q_reg","FDCE","u_dut/u_unified_p4_kernel/ingress_valid_q_reg","u_dut/u_unified_p4_kernel/input_mem_reg[0][15][11]","FDRE","u_dut/u_unified_p4_kernel/input_mem_reg","1","0.229000000","1.621000000","1.850000000","0.876216216","SLICE_X80Y64","SLICE_X63Y17","","","SIGNATURE_SKIPPED|FDCE|FDRE","SIGNATURE_SKIPPED|FDCE|FDRE","DUT_INTERNAL","u_dut/u_unified_p4_kernel/ingress_valid_q_reg","u_dut/u_unified_p4_kernel/input_mem_reg","0.012000000"
"u_dut/u_unified_p4_kernel/input_mem_reg[0][15][14]/CE","u_dut/u_unified_p4_kernel/ingress_valid_q_reg/C","-0.012000000","clk","clk","clk","u_dut/u_unified_p4_kernel/ingress_valid_q_reg","FDCE","u_dut/u_unified_p4_kernel/ingress_valid_q_reg","u_dut/u_unified_p4_kernel/input_mem_reg[0][15][14]","FDRE","u_dut/u_unified_p4_kernel/input_mem_reg","1","0.229000000","1.621000000","1.850000000","0.876216216","SLICE_X80Y64","SLICE_X63Y17","","","SIGNATURE_SKIPPED|FDCE|FDRE","SIGNATURE_SKIPPED|FDCE|FDRE","DUT_INTERNAL","u_dut/u_unified_p4_kernel/ingress_valid_q_reg","u_dut/u_unified_p4_kernel/input_mem_reg","0.012000000"
"u_dut/u_unified_p4_kernel/input_mem_reg[0][15][5]/CE","u_dut/u_unified_p4_kernel/ingress_valid_q_reg/C","-0.012000000","clk","clk","clk","u_dut/u_unified_p4_kernel/ingress_valid_q_reg","FDCE","u_dut/u_unified_p4_kernel/ingress_valid_q_reg","u_dut/u_unified_p4_kernel/input_mem_reg[0][15][5]","FDRE","u_dut/u_unified_p4_kernel/input_mem_reg","1","0.229000000","1.621000000","1.850000000","0.876216216","SLICE_X80Y64","SLICE_X63Y17","","","SIGNATURE_SKIPPED|FDCE|FDRE","SIGNATURE_SKIPPED|FDCE|FDRE","DUT_INTERNAL","u_dut/u_unified_p4_kernel/ingress_valid_q_reg","u_dut/u_unified_p4_kernel/input_mem_reg","0.012000000"
"u_dut/u_unified_p4_kernel/input_mem_reg[0][1][13]/CE","u_dut/u_unified_p4_kernel/ingress_group_q_reg[1]/C","-0.010000000","clk","clk","clk","u_dut/u_unified_p4_kernel/ingress_group_q_reg[1]","FDCE","u_dut/u_unified_p4_kernel/ingress_group_q_reg","u_dut/u_unified_p4_kernel/input_mem_reg[0][1][13]","FDRE","u_dut/u_unified_p4_kernel/input_mem_reg","2","0.316000000","1.559000000","1.875000000","0.831466667","SLICE_X81Y48","SLICE_X61Y15","","","SIGNATURE_SKIPPED|FDCE|FDRE","SIGNATURE_SKIPPED|FDCE|FDRE","DUT_INTERNAL","u_dut/u_unified_p4_kernel/ingress_group_q_reg","u_dut/u_unified_p4_kernel/input_mem_reg","0.010000000"
"u_dut/u_unified_p4_kernel/input_mem_reg[0][1][9]/D","u_dut/u_unified_p4_kernel/ingress_data_q_reg[25]/C","-0.011000000","clk","clk","clk","u_dut/u_unified_p4_kernel/ingress_data_q_reg[25]","FDRE","u_dut/u_unified_p4_kernel/ingress_data_q_reg","u_dut/u_unified_p4_kernel/input_mem_reg[0][1][9]","FDRE","u_dut/u_unified_p4_kernel/input_mem_reg","0","0.079000000","1.872000000","1.951000000","0.959507945","SLICE_X80Y66","SLICE_X58Y17","","","SIGNATURE_SKIPPED|FDRE|FDRE","SIGNATURE_SKIPPED|FDRE|FDRE","DUT_INTERNAL","u_dut/u_unified_p4_kernel/ingress_data_q_reg","u_dut/u_unified_p4_kernel/input_mem_reg","0.011000000"
"u_dut/u_unified_p4_kernel/input_mem_reg[0][21][10]/D","u_dut/u_unified_p4_kernel/ingress_data_q_reg[26]/C","-0.032000000","clk","clk","clk","u_dut/u_unified_p4_kernel/ingress_data_q_reg[26]","FDRE","u_dut/u_unified_p4_kernel/ingress_data_q_reg","u_dut/u_unified_p4_kernel/input_mem_reg[0][21][10]","FDRE","u_dut/u_unified_p4_kernel/input_mem_reg","0","0.079000000","1.859000000","1.938000000","0.959236326","SLICE_X78Y75","SLICE_X93Y23","","","SIGNATURE_SKIPPED|FDRE|FDRE","SIGNATURE_SKIPPED|FDRE|FDRE","DUT_INTERNAL","u_dut/u_unified_p4_kernel/ingress_data_q_reg","u_dut/u_unified_p4_kernel/input_mem_reg","0.032000000"
"u_dut/u_unified_p4_kernel/input_mem_reg[0][22][5]/D","u_dut/u_unified_p4_kernel/ingress_data_q_reg[37]/C","-0.003000000","clk","clk","clk","u_dut/u_unified_p4_kernel/ingress_data_q_reg[37]","FDRE","u_dut/u_unified_p4_kernel/ingress_data_q_reg","u_dut/u_unified_p4_kernel/input_mem_reg[0][22][5]","FDRE","u_dut/u_unified_p4_kernel/input_mem_reg","0","0.079000000","1.744000000","1.823000000","0.956664838","SLICE_X77Y76","SLICE_X96Y19","","","SIGNATURE_SKIPPED|FDRE|FDRE","SIGNATURE_SKIPPED|FDRE|FDRE","DUT_INTERNAL","u_dut/u_unified_p4_kernel/ingress_data_q_reg","u_dut/u_unified_p4_kernel/input_mem_reg","0.003000000"
"u_dut/u_unified_p4_kernel/input_mem_reg[0][25][13]/D","u_dut/u_unified_p4_kernel/ingress_data_q_reg[29]/C","-0.003000000","clk","clk","clk","u_dut/u_unified_p4_kernel/ingress_data_q_reg[29]","FDRE","u_dut/u_unified_p4_kernel/ingress_data_q_reg","u_dut/u_unified_p4_kernel/input_mem_reg[0][25][13]","FDRE","u_dut/u_unified_p4_kernel/input_mem_reg","0","0.077000000","1.661000000","1.738000000","0.955696203","SLICE_X79Y72","SLICE_X88Y13","","","SIGNATURE_SKIPPED|FDRE|FDRE","SIGNATURE_SKIPPED|FDRE|FDRE","DUT_INTERNAL","u_dut/u_unified_p4_kernel/ingress_data_q_reg","u_dut/u_unified_p4_kernel/input_mem_reg","0.003000000"
"u_dut/u_unified_p4_kernel/input_mem_reg[0][26][5]/D","u_dut/u_unified_p4_kernel/ingress_data_q_reg[37]/C","-0.011000000","clk","clk","clk","u_dut/u_unified_p4_kernel/ingress_data_q_reg[37]","FDRE","u_dut/u_unified_p4_kernel/ingress_data_q_reg","u_dut/u_unified_p4_kernel/input_mem_reg[0][26][5]","FDRE","u_dut/u_unified_p4_kernel/input_mem_reg","0","0.079000000","1.673000000","1.752000000","0.954908676","SLICE_X77Y76","SLICE_X88Y5","","","SIGNATURE_SKIPPED|FDRE|FDRE","SIGNATURE_SKIPPED|FDRE|FDRE","DUT_INTERNAL","u_dut/u_unified_p4_kernel/ingress_data_q_reg","u_dut/u_unified_p4_kernel/input_mem_reg","0.011000000"
"u_dut/u_unified_p4_kernel/input_mem_reg[0][27][0]/D","u_dut/u_unified_p4_kernel/ingress_data_q_reg[48]/C","-0.036000000","clk","clk","clk","u_dut/u_unified_p4_kernel/ingress_data_q_reg[48]","FDRE","u_dut/u_unified_p4_kernel/ingress_data_q_reg","u_dut/u_unified_p4_kernel/input_mem_reg[0][27][0]","FDRE","u_dut/u_unified_p4_kernel/input_mem_reg","0","0.079000000","1.708000000","1.787000000","0.955791830","SLICE_X77Y77","SLICE_X85Y11","","","SIGNATURE_SKIPPED|FDRE|FDRE","SIGNATURE_SKIPPED|FDRE|FDRE","DUT_INTERNAL","u_dut/u_unified_p4_kernel/ingress_data_q_reg","u_dut/u_unified_p4_kernel/input_mem_reg","0.036000000"
"u_dut/u_unified_p4_kernel/input_mem_reg[0][29][11]/D","u_dut/u_unified_p4_kernel/ingress_data_q_reg[27]/C","-0.040000000","clk","clk","clk","u_dut/u_unified_p4_kernel/ingress_data_q_reg[27]","FDRE","u_dut/u_unified_p4_kernel/ingress_data_q_reg","u_dut/u_unified_p4_kernel/input_mem_reg[0][29][11]","FDRE","u_dut/u_unified_p4_kernel/input_mem_reg","0","0.078000000","1.843000000","1.921000000","0.959396148","SLICE_X79Y76","SLICE_X93Y19","","","SIGNATURE_SKIPPED|FDRE|FDRE","SIGNATURE_SKIPPED|FDRE|FDRE","DUT_INTERNAL","u_dut/u_unified_p4_kernel/ingress_data_q_reg","u_dut/u_unified_p4_kernel/input_mem_reg","0.040000000"
"u_dut/u_unified_p4_kernel/input_mem_reg[0][31][15]/D","u_dut/u_unified_p4_kernel/ingress_data_q_reg[63]/C","-0.045000000","clk","clk","clk","u_dut/u_unified_p4_kernel/ingress_data_q_reg[63]","FDRE","u_dut/u_unified_p4_kernel/ingress_data_q_reg","u_dut/u_unified_p4_kernel/input_mem_reg[0][31][15]","FDRE","u_dut/u_unified_p4_kernel/input_mem_reg","0","0.079000000","1.709000000","1.788000000","0.955816555","SLICE_X78Y78","SLICE_X89Y15","","","SIGNATURE_SKIPPED|FDRE|FDRE","SIGNATURE_SKIPPED|FDRE|FDRE","DUT_INTERNAL","u_dut/u_unified_p4_kernel/ingress_data_q_reg","u_dut/u_unified_p4_kernel/input_mem_reg","0.045000000"
"u_dut/u_unified_p4_kernel/input_mem_reg[0][32][13]/CE","u_dut/u_unified_p4_kernel/ingress_valid_q_reg/C","-0.057000000","clk","clk","clk","u_dut/u_unified_p4_kernel/ingress_valid_q_reg","FDCE","u_dut/u_unified_p4_kernel/ingress_valid_q_reg","u_dut/u_unified_p4_kernel/input_mem_reg[0][32][13]","FDRE","u_dut/u_unified_p4_kernel/input_mem_reg","2","0.300000000","1.584000000","1.884000000","0.840764331","SLICE_X80Y64","SLICE_X71Y10","","","SIGNATURE_SKIPPED|FDCE|FDRE","SIGNATURE_SKIPPED|FDCE|FDRE","DUT_INTERNAL","u_dut/u_unified_p4_kernel/ingress_valid_q_reg","u_dut/u_unified_p4_kernel/input_mem_reg","0.057000000"
"u_dut/u_unified_p4_kernel/input_mem_reg[0][32][14]/CE","u_dut/u_unified_p4_kernel/ingress_valid_q_reg/C","-0.020000000","clk","clk","clk","u_dut/u_unified_p4_kernel/ingress_valid_q_reg","FDCE","u_dut/u_unified_p4_kernel/ingress_valid_q_reg","u_dut/u_unified_p4_kernel/input_mem_reg[0][32][14]","FDRE","u_dut/u_unified_p4_kernel/input_mem_reg","2","0.300000000","1.548000000","1.848000000","0.837662338","SLICE_X80Y64","SLICE_X70Y19","","","SIGNATURE_SKIPPED|FDCE|FDRE","SIGNATURE_SKIPPED|FDCE|FDRE","DUT_INTERNAL","u_dut/u_unified_p4_kernel/ingress_valid_q_reg","u_dut/u_unified_p4_kernel/input_mem_reg","0.020000000"
"u_dut/u_unified_p4_kernel/input_mem_reg[0][32][14]/D","u_dut/u_unified_p4_kernel/ingress_data_q_reg[14]/C","-0.016000000","clk","clk","clk","u_dut/u_unified_p4_kernel/ingress_data_q_reg[14]","FDRE","u_dut/u_unified_p4_kernel/ingress_data_q_reg","u_dut/u_unified_p4_kernel/input_mem_reg[0][32][14]","FDRE","u_dut/u_unified_p4_kernel/input_mem_reg","0","0.078000000","1.847000000","1.925000000","0.959480519","SLICE_X81Y79","SLICE_X70Y19","","","SIGNATURE_SKIPPED|FDRE|FDRE","SIGNATURE_SKIPPED|FDRE|FDRE","DUT_INTERNAL","u_dut/u_unified_p4_kernel/ingress_data_q_reg","u_dut/u_unified_p4_kernel/input_mem_reg","0.016000000"
"u_dut/u_unified_p4_kernel/input_mem_reg[0][32][15]/CE","u_dut/u_unified_p4_kernel/ingress_valid_q_reg/C","-0.058000000","clk","clk","clk","u_dut/u_unified_p4_kernel/ingress_valid_q_reg","FDCE","u_dut/u_unified_p4_kernel/ingress_valid_q_reg","u_dut/u_unified_p4_kernel/input_mem_reg[0][32][15]","FDRE","u_dut/u_unified_p4_kernel/input_mem_reg","2","0.300000000","1.591000000","1.891000000","0.841353781","SLICE_X80Y64","SLICE_X71Y15","","","SIGNATURE_SKIPPED|FDCE|FDRE","SIGNATURE_SKIPPED|FDCE|FDRE","DUT_INTERNAL","u_dut/u_unified_p4_kernel/ingress_valid_q_reg","u_dut/u_unified_p4_kernel/input_mem_reg","0.058000000"
"u_dut/u_unified_p4_kernel/input_mem_reg[0][32][2]/CE","u_dut/u_unified_p4_kernel/ingress_valid_q_reg/C","-0.058000000","clk","clk","clk","u_dut/u_unified_p4_kernel/ingress_valid_q_reg","FDCE","u_dut/u_unified_p4_kernel/ingress_valid_q_reg","u_dut/u_unified_p4_kernel/input_mem_reg[0][32][2]","FDRE","u_dut/u_unified_p4_kernel/input_mem_reg","2","0.300000000","1.591000000","1.891000000","0.841353781","SLICE_X80Y64","SLICE_X71Y15","","","SIGNATURE_SKIPPED|FDCE|FDRE","SIGNATURE_SKIPPED|FDCE|FDRE","DUT_INTERNAL","u_dut/u_unified_p4_kernel/ingress_valid_q_reg","u_dut/u_unified_p4_kernel/input_mem_reg","0.058000000"
"u_dut/u_unified_p4_kernel/input_mem_reg[0][32][6]/CE","u_dut/u_unified_p4_kernel/ingress_valid_q_reg/C","-0.057000000","clk","clk","clk","u_dut/u_unified_p4_kernel/ingress_valid_q_reg","FDCE","u_dut/u_unified_p4_kernel/ingress_valid_q_reg","u_dut/u_unified_p4_kernel/input_mem_reg[0][32][6]","FDRE","u_dut/u_unified_p4_kernel/input_mem_reg","2","0.300000000","1.584000000","1.884000000","0.840764331","SLICE_X80Y64","SLICE_X71Y10","","","SIGNATURE_SKIPPED|FDCE|FDRE","SIGNATURE_SKIPPED|FDCE|FDRE","DUT_INTERNAL","u_dut/u_unified_p4_kernel/ingress_valid_q_reg","u_dut/u_unified_p4_kernel/input_mem_reg","0.057000000"
"u_dut/u_unified_p4_kernel/input_mem_reg[0][32][7]/CE","u_dut/u_unified_p4_kernel/ingress_valid_q_reg/C","-0.020000000","clk","clk","clk","u_dut/u_unified_p4_kernel/ingress_valid_q_reg","FDCE","u_dut/u_unified_p4_kernel/ingress_valid_q_reg","u_dut/u_unified_p4_kernel/input_mem_reg[0][32][7]","FDRE","u_dut/u_unified_p4_kernel/input_mem_reg","2","0.300000000","1.548000000","1.848000000","0.837662338","SLICE_X80Y64","SLICE_X70Y19","","","SIGNATURE_SKIPPED|FDCE|FDRE","SIGNATURE_SKIPPED|FDCE|FDRE","DUT_INTERNAL","u_dut/u_unified_p4_kernel/ingress_valid_q_reg","u_dut/u_unified_p4_kernel/input_mem_reg","0.020000000"
"u_dut/u_unified_p4_kernel/input_mem_reg[0][33][14]/CE","u_dut/u_unified_p4_kernel/ingress_valid_q_reg/C","-0.070000000","clk","clk","clk","u_dut/u_unified_p4_kernel/ingress_valid_q_reg","FDCE","u_dut/u_unified_p4_kernel/ingress_valid_q_reg","u_dut/u_unified_p4_kernel/input_mem_reg[0][33][14]","FDRE","u_dut/u_unified_p4_kernel/input_mem_reg","2","0.300000000","1.600000000","1.900000000","0.842105263","SLICE_X80Y64","SLICE_X69Y17","","","SIGNATURE_SKIPPED|FDCE|FDRE","SIGNATURE_SKIPPED|FDCE|FDRE","DUT_INTERNAL","u_dut/u_unified_p4_kernel/ingress_valid_q_reg","u_dut/u_unified_p4_kernel/input_mem_reg","0.070000000"
"u_dut/u_unified_p4_kernel/input_mem_reg[0][34][13]/CE","u_dut/u_unified_p4_kernel/ingress_valid_q_reg/C","-0.070000000","clk","clk","clk","u_dut/u_unified_p4_kernel/ingress_valid_q_reg","FDCE","u_dut/u_unified_p4_kernel/ingress_valid_q_reg","u_dut/u_unified_p4_kernel/input_mem_reg[0][34][13]","FDRE","u_dut/u_unified_p4_kernel/input_mem_reg","2","0.300000000","1.600000000","1.900000000","0.842105263","SLICE_X80Y64","SLICE_X69Y17","","","SIGNATURE_SKIPPED|FDCE|FDRE","SIGNATURE_SKIPPED|FDCE|FDRE","DUT_INTERNAL","u_dut/u_unified_p4_kernel/ingress_valid_q_reg","u_dut/u_unified_p4_kernel/input_mem_reg","0.070000000"
"u_dut/u_unified_p4_kernel/input_mem_reg[0][34][13]/D","u_dut/u_unified_p4_kernel/ingress_data_q_reg[45]/C","-0.013000000","clk","clk","clk","u_dut/u_unified_p4_kernel/ingress_data_q_reg[45]","FDRE","u_dut/u_unified_p4_kernel/ingress_data_q_reg","u_dut/u_unified_p4_kernel/input_mem_reg[0][34][13]","FDRE","u_dut/u_unified_p4_kernel/input_mem_reg","0","0.078000000","1.830000000","1.908000000","0.959119497","SLICE_X79Y71","SLICE_X69Y17","","","SIGNATURE_SKIPPED|FDRE|FDRE","SIGNATURE_SKIPPED|FDRE|FDRE","DUT_INTERNAL","u_dut/u_unified_p4_kernel/ingress_data_q_reg","u_dut/u_unified_p4_kernel/input_mem_reg","0.013000000"
"u_dut/u_unified_p4_kernel/input_mem_reg[0][34][15]/D","u_dut/u_unified_p4_kernel/ingress_data_q_reg[47]/C","-0.031000000","clk","clk","clk","u_dut/u_unified_p4_kernel/ingress_data_q_reg[47]","FDRE","u_dut/u_unified_p4_kernel/ingress_data_q_reg","u_dut/u_unified_p4_kernel/input_mem_reg[0][34][15]","FDRE","u_dut/u_unified_p4_kernel/input_mem_reg","0","0.078000000","1.831000000","1.909000000","0.959140911","SLICE_X82Y77","SLICE_X75Y22","","","SIGNATURE_SKIPPED|FDRE|FDRE","SIGNATURE_SKIPPED|FDRE|FDRE","DUT_INTERNAL","u_dut/u_unified_p4_kernel/ingress_data_q_reg","u_dut/u_unified_p4_kernel/input_mem_reg","0.031000000"
"u_dut/u_unified_p4_kernel/input_mem_reg[0][34][8]/CE","u_dut/u_unified_p4_kernel/ingress_valid_q_reg/C","-0.020000000","clk","clk","clk","u_dut/u_unified_p4_kernel/ingress_valid_q_reg","FDCE","u_dut/u_unified_p4_kernel/ingress_valid_q_reg","u_dut/u_unified_p4_kernel/input_mem_reg[0][34][8]","FDRE","u_dut/u_unified_p4_kernel/input_mem_reg","2","0.300000000","1.548000000","1.848000000","0.837662338","SLICE_X80Y64","SLICE_X70Y19","","","SIGNATURE_SKIPPED|FDCE|FDRE","SIGNATURE_SKIPPED|FDCE|FDRE","DUT_INTERNAL","u_dut/u_unified_p4_kernel/ingress_valid_q_reg","u_dut/u_unified_p4_kernel/input_mem_reg","0.020000000"
"u_dut/u_unified_p4_kernel/input_mem_reg[0][35][2]/D","u_dut/u_unified_p4_kernel/ingress_data_q_reg[50]/C","-0.008000000","clk","clk","clk","u_dut/u_unified_p4_kernel/ingress_data_q_reg[50]","FDRE","u_dut/u_unified_p4_kernel/ingress_data_q_reg","u_dut/u_unified_p4_kernel/input_mem_reg[0][35][2]","FDRE","u_dut/u_unified_p4_kernel/input_mem_reg","0","0.079000000","1.707000000","1.786000000","0.955767077","SLICE_X76Y76","SLICE_X72Y16","","","SIGNATURE_SKIPPED|FDRE|FDRE","SIGNATURE_SKIPPED|FDRE|FDRE","DUT_INTERNAL","u_dut/u_unified_p4_kernel/ingress_data_q_reg","u_dut/u_unified_p4_kernel/input_mem_reg","0.008000000"
"u_dut/u_unified_p4_kernel/input_mem_reg[0][36][13]/D","u_dut/u_unified_p4_kernel/ingress_data_q_reg[13]/C","-0.004000000","clk","clk","clk","u_dut/u_unified_p4_kernel/ingress_data_q_reg[13]","FDRE","u_dut/u_unified_p4_kernel/ingress_data_q_reg","u_dut/u_unified_p4_kernel/input_mem_reg[0][36][13]","FDRE","u_dut/u_unified_p4_kernel/input_mem_reg","0","0.079000000","1.687000000","1.766000000","0.955266138","SLICE_X76Y76","SLICE_X74Y14","","","SIGNATURE_SKIPPED|FDRE|FDRE","SIGNATURE_SKIPPED|FDRE|FDRE","DUT_INTERNAL","u_dut/u_unified_p4_kernel/ingress_data_q_reg","u_dut/u_unified_p4_kernel/input_mem_reg","0.004000000"
"u_dut/u_unified_p4_kernel/input_mem_reg[0][39][0]/D","u_dut/u_unified_p4_kernel/ingress_data_q_reg[48]/C","-0.010000000","clk","clk","clk","u_dut/u_unified_p4_kernel/ingress_data_q_reg[48]","FDRE","u_dut/u_unified_p4_kernel/ingress_data_q_reg","u_dut/u_unified_p4_kernel/input_mem_reg[0][39][0]","FDRE","u_dut/u_unified_p4_kernel/input_mem_reg","0","0.079000000","1.697000000","1.776000000","0.955518018","SLICE_X77Y77","SLICE_X77Y19","","","SIGNATURE_SKIPPED|FDRE|FDRE","SIGNATURE_SKIPPED|FDRE|FDRE","DUT_INTERNAL","u_dut/u_unified_p4_kernel/ingress_data_q_reg","u_dut/u_unified_p4_kernel/input_mem_reg","0.010000000"
"u_dut/u_unified_p4_kernel/input_mem_reg[0][40][12]/CE","u_dut/u_unified_p4_kernel/ingress_valid_q_reg/C","-0.049000000","clk","clk","clk","u_dut/u_unified_p4_kernel/ingress_valid_q_reg","FDCE","u_dut/u_unified_p4_kernel/ingress_valid_q_reg","u_dut/u_unified_p4_kernel/input_mem_reg[0][40][12]","FDRE","u_dut/u_unified_p4_kernel/input_mem_reg","2","0.352000000","1.490000000","1.842000000","0.808903366","SLICE_X80Y64","SLICE_X76Y37","","","SIGNATURE_SKIPPED|FDCE|FDRE","SIGNATURE_SKIPPED|FDCE|FDRE","DUT_INTERNAL","u_dut/u_unified_p4_kernel/ingress_valid_q_reg","u_dut/u_unified_p4_kernel/input_mem_reg","0.049000000"
"u_dut/u_unified_p4_kernel/input_mem_reg[0][41][0]/CE","u_dut/u_unified_p4_kernel/ingress_valid_q_reg/C","-0.008000000","clk","clk","clk","u_dut/u_unified_p4_kernel/ingress_valid_q_reg","FDCE","u_dut/u_unified_p4_kernel/ingress_valid_q_reg","u_dut/u_unified_p4_kernel/input_mem_reg[0][41][0]","FDRE","u_dut/u_unified_p4_kernel/input_mem_reg","2","0.352000000","1.439000000","1.791000000","0.803461753","SLICE_X80Y64","SLICE_X79Y33","","","SIGNATURE_SKIPPED|FDCE|FDRE","SIGNATURE_SKIPPED|FDCE|FDRE","DUT_INTERNAL","u_dut/u_unified_p4_kernel/ingress_valid_q_reg","u_dut/u_unified_p4_kernel/input_mem_reg","0.008000000"
"u_dut/u_unified_p4_kernel/input_mem_reg[0][43][11]/CE","u_dut/u_unified_p4_kernel/ingress_valid_q_reg/C","-0.108000000","clk","clk","clk","u_dut/u_unified_p4_kernel/ingress_valid_q_reg","FDCE","u_dut/u_unified_p4_kernel/ingress_valid_q_reg","u_dut/u_unified_p4_kernel/input_mem_reg[0][43][11]","FDRE","u_dut/u_unified_p4_kernel/input_mem_reg","2","0.352000000","1.538000000","1.890000000","0.813756614","SLICE_X80Y64","SLICE_X82Y26","","","SIGNATURE_SKIPPED|FDCE|FDRE","SIGNATURE_SKIPPED|FDCE|FDRE","DUT_INTERNAL","u_dut/u_unified_p4_kernel/ingress_valid_q_reg","u_dut/u_unified_p4_kernel/input_mem_reg","0.108000000"
"u_dut/u_unified_p4_kernel/input_mem_reg[0][43][3]/CE","u_dut/u_unified_p4_kernel/ingress_valid_q_reg/C","-0.055000000","clk","clk","clk","u_dut/u_unified_p4_kernel/ingress_valid_q_reg","FDCE","u_dut/u_unified_p4_kernel/ingress_valid_q_reg","u_dut/u_unified_p4_kernel/input_mem_reg[0][43][3]","FDRE","u_dut/u_unified_p4_kernel/input_mem_reg","2","0.352000000","1.496000000","1.848000000","0.809523810","SLICE_X80Y64","SLICE_X78Y31","","","SIGNATURE_SKIPPED|FDCE|FDRE","SIGNATURE_SKIPPED|FDCE|FDRE","DUT_INTERNAL","u_dut/u_unified_p4_kernel/ingress_valid_q_reg","u_dut/u_unified_p4_kernel/input_mem_reg","0.055000000"
"u_dut/u_unified_p4_kernel/input_mem_reg[0][43][7]/CE","u_dut/u_unified_p4_kernel/ingress_valid_q_reg/C","-0.108000000","clk","clk","clk","u_dut/u_unified_p4_kernel/ingress_valid_q_reg","FDCE","u_dut/u_unified_p4_kernel/ingress_valid_q_reg","u_dut/u_unified_p4_kernel/input_mem_reg[0][43][7]","FDRE","u_dut/u_unified_p4_kernel/input_mem_reg","2","0.352000000","1.538000000","1.890000000","0.813756614","SLICE_X80Y64","SLICE_X82Y26","","","SIGNATURE_SKIPPED|FDCE|FDRE","SIGNATURE_SKIPPED|FDCE|FDRE","DUT_INTERNAL","u_dut/u_unified_p4_kernel/ingress_valid_q_reg","u_dut/u_unified_p4_kernel/input_mem_reg","0.108000000"
"u_dut/u_unified_p4_kernel/input_mem_reg[0][44][9]/CE","u_dut/u_unified_p4_kernel/ingress_valid_q_reg/C","-0.028000000","clk","clk","clk","u_dut/u_unified_p4_kernel/ingress_valid_q_reg","FDCE","u_dut/u_unified_p4_kernel/ingress_valid_q_reg","u_dut/u_unified_p4_kernel/input_mem_reg[0][44][9]","FDRE","u_dut/u_unified_p4_kernel/input_mem_reg","2","0.351000000","1.492000000","1.843000000","0.809549647","SLICE_X80Y64","SLICE_X72Y25","","","SIGNATURE_SKIPPED|FDCE|FDRE","SIGNATURE_SKIPPED|FDCE|FDRE","DUT_INTERNAL","u_dut/u_unified_p4_kernel/ingress_valid_q_reg","u_dut/u_unified_p4_kernel/input_mem_reg","0.028000000"
"u_dut/u_unified_p4_kernel/input_mem_reg[0][45][14]/CE","u_dut/u_unified_p4_kernel/ingress_valid_q_reg/C","-0.028000000","clk","clk","clk","u_dut/u_unified_p4_kernel/ingress_valid_q_reg","FDCE","u_dut/u_unified_p4_kernel/ingress_valid_q_reg","u_dut/u_unified_p4_kernel/input_mem_reg[0][45][14]","FDRE","u_dut/u_unified_p4_kernel/input_mem_reg","2","0.351000000","1.492000000","1.843000000","0.809549647","SLICE_X80Y64","SLICE_X72Y25","","","SIGNATURE_SKIPPED|FDCE|FDRE","SIGNATURE_SKIPPED|FDCE|FDRE","DUT_INTERNAL","u_dut/u_unified_p4_kernel/ingress_valid_q_reg","u_dut/u_unified_p4_kernel/input_mem_reg","0.028000000"
"u_dut/u_unified_p4_kernel/input_mem_reg[0][45][3]/CE","u_dut/u_unified_p4_kernel/ingress_valid_q_reg/C","-0.019000000","clk","clk","clk","u_dut/u_unified_p4_kernel/ingress_valid_q_reg","FDCE","u_dut/u_unified_p4_kernel/ingress_valid_q_reg","u_dut/u_unified_p4_kernel/input_mem_reg[0][45][3]","FDRE","u_dut/u_unified_p4_kernel/input_mem_reg","2","0.351000000","1.460000000","1.811000000","0.806184428","SLICE_X80Y64","SLICE_X78Y30","","","SIGNATURE_SKIPPED|FDCE|FDRE","SIGNATURE_SKIPPED|FDCE|FDRE","DUT_INTERNAL","u_dut/u_unified_p4_kernel/ingress_valid_q_reg","u_dut/u_unified_p4_kernel/input_mem_reg","0.019000000"
"u_dut/u_unified_p4_kernel/input_mem_reg[0][47][10]/CE","u_dut/u_unified_p4_kernel/ingress_valid_q_reg/C","-0.019000000","clk","clk","clk","u_dut/u_unified_p4_kernel/ingress_valid_q_reg","FDCE","u_dut/u_unified_p4_kernel/ingress_valid_q_reg","u_dut/u_unified_p4_kernel/input_mem_reg[0][47][10]","FDRE","u_dut/u_unified_p4_kernel/input_mem_reg","2","0.351000000","1.460000000","1.811000000","0.806184428","SLICE_X80Y64","SLICE_X78Y30","","","SIGNATURE_SKIPPED|FDCE|FDRE","SIGNATURE_SKIPPED|FDCE|FDRE","DUT_INTERNAL","u_dut/u_unified_p4_kernel/ingress_valid_q_reg","u_dut/u_unified_p4_kernel/input_mem_reg","0.019000000"
"u_dut/u_unified_p4_kernel/input_mem_reg[0][47][13]/CE","u_dut/u_unified_p4_kernel/ingress_valid_q_reg/C","-0.006000000","clk","clk","clk","u_dut/u_unified_p4_kernel/ingress_valid_q_reg","FDCE","u_dut/u_unified_p4_kernel/ingress_valid_q_reg","u_dut/u_unified_p4_kernel/input_mem_reg[0][47][13]","FDRE","u_dut/u_unified_p4_kernel/input_mem_reg","2","0.351000000","1.469000000","1.820000000","0.807142857","SLICE_X80Y64","SLICE_X78Y13","","","SIGNATURE_SKIPPED|FDCE|FDRE","SIGNATURE_SKIPPED|FDCE|FDRE","DUT_INTERNAL","u_dut/u_unified_p4_kernel/ingress_valid_q_reg","u_dut/u_unified_p4_kernel/input_mem_reg","0.006000000"
"u_dut/u_unified_p4_kernel/input_mem_reg[0][47][8]/CE","u_dut/u_unified_p4_kernel/ingress_valid_q_reg/C","-0.006000000","clk","clk","clk","u_dut/u_unified_p4_kernel/ingress_valid_q_reg","FDCE","u_dut/u_unified_p4_kernel/ingress_valid_q_reg","u_dut/u_unified_p4_kernel/input_mem_reg[0][47][8]","FDRE","u_dut/u_unified_p4_kernel/input_mem_reg","2","0.351000000","1.469000000","1.820000000","0.807142857","SLICE_X80Y64","SLICE_X78Y13","","","SIGNATURE_SKIPPED|FDCE|FDRE","SIGNATURE_SKIPPED|FDCE|FDRE","DUT_INTERNAL","u_dut/u_unified_p4_kernel/ingress_valid_q_reg","u_dut/u_unified_p4_kernel/input_mem_reg","0.006000000"
"u_dut/u_unified_p4_kernel/input_mem_reg[0][47][9]/CE","u_dut/u_unified_p4_kernel/ingress_valid_q_reg/C","-0.006000000","clk","clk","clk","u_dut/u_unified_p4_kernel/ingress_valid_q_reg","FDCE","u_dut/u_unified_p4_kernel/ingress_valid_q_reg","u_dut/u_unified_p4_kernel/input_mem_reg[0][47][9]","FDRE","u_dut/u_unified_p4_kernel/input_mem_reg","2","0.351000000","1.469000000","1.820000000","0.807142857","SLICE_X80Y64","SLICE_X78Y13","","","SIGNATURE_SKIPPED|FDCE|FDRE","SIGNATURE_SKIPPED|FDCE|FDRE","DUT_INTERNAL","u_dut/u_unified_p4_kernel/ingress_valid_q_reg","u_dut/u_unified_p4_kernel/input_mem_reg","0.006000000"
"u_dut/u_unified_p4_kernel/input_mem_reg[0][4][12]/CE","u_dut/u_unified_p4_kernel/ingress_slot_q_reg[1]/C","-0.008000000","clk","clk","clk","u_dut/u_unified_p4_kernel/ingress_slot_q_reg[1]","FDCE","u_dut/u_unified_p4_kernel/ingress_slot_q_reg","u_dut/u_unified_p4_kernel/input_mem_reg[0][4][12]","FDRE","u_dut/u_unified_p4_kernel/input_mem_reg","1","0.181000000","1.703000000","1.884000000","0.903927813","SLICE_X79Y67","SLICE_X51Y20","","","SIGNATURE_SKIPPED|FDCE|FDRE","SIGNATURE_SKIPPED|FDCE|FDRE","DUT_INTERNAL","u_dut/u_unified_p4_kernel/ingress_slot_q_reg","u_dut/u_unified_p4_kernel/input_mem_reg","0.008000000"
"u_dut/u_unified_p4_kernel/input_mem_reg[0][4][1]/CE","u_dut/u_unified_p4_kernel/ingress_slot_q_reg[1]/C","-0.005000000","clk","clk","clk","u_dut/u_unified_p4_kernel/ingress_slot_q_reg[1]","FDCE","u_dut/u_unified_p4_kernel/ingress_slot_q_reg","u_dut/u_unified_p4_kernel/input_mem_reg[0][4][1]","FDRE","u_dut/u_unified_p4_kernel/input_mem_reg","1","0.181000000","1.703000000","1.884000000","0.903927813","SLICE_X79Y67","SLICE_X50Y20","","","SIGNATURE_SKIPPED|FDCE|FDRE","SIGNATURE_SKIPPED|FDCE|FDRE","DUT_INTERNAL","u_dut/u_unified_p4_kernel/ingress_slot_q_reg","u_dut/u_unified_p4_kernel/input_mem_reg","0.005000000"
"u_dut/u_unified_p4_kernel/input_mem_reg[0][4][3]/CE","u_dut/u_unified_p4_kernel/ingress_slot_q_reg[1]/C","-0.008000000","clk","clk","clk","u_dut/u_unified_p4_kernel/ingress_slot_q_reg[1]","FDCE","u_dut/u_unified_p4_kernel/ingress_slot_q_reg","u_dut/u_unified_p4_kernel/input_mem_reg[0][4][3]","FDRE","u_dut/u_unified_p4_kernel/input_mem_reg","1","0.181000000","1.703000000","1.884000000","0.903927813","SLICE_X79Y67","SLICE_X51Y20","","","SIGNATURE_SKIPPED|FDCE|FDRE","SIGNATURE_SKIPPED|FDCE|FDRE","DUT_INTERNAL","u_dut/u_unified_p4_kernel/ingress_slot_q_reg","u_dut/u_unified_p4_kernel/input_mem_reg","0.008000000"
"u_dut/u_unified_p4_kernel/input_mem_reg[0][53][10]/D","u_dut/u_unified_p4_kernel/ingress_data_q_reg[26]/C","-0.054000000","clk","clk","clk","u_dut/u_unified_p4_kernel/ingress_data_q_reg[26]","FDRE","u_dut/u_unified_p4_kernel/ingress_data_q_reg","u_dut/u_unified_p4_kernel/input_mem_reg[0][53][10]","FDRE","u_dut/u_unified_p4_kernel/input_mem_reg","0","0.079000000","1.890000000","1.969000000","0.959878111","SLICE_X78Y75","SLICE_X100Y27","","","SIGNATURE_SKIPPED|FDRE|FDRE","SIGNATURE_SKIPPED|FDRE|FDRE","DUT_INTERNAL","u_dut/u_unified_p4_kernel/ingress_data_q_reg","u_dut/u_unified_p4_kernel/input_mem_reg","0.054000000"
"u_dut/u_unified_p4_kernel/input_mem_reg[0][56][10]/D","u_dut/u_unified_p4_kernel/ingress_data_q_reg[10]/C","-0.009000000","clk","clk","clk","u_dut/u_unified_p4_kernel/ingress_data_q_reg[10]","FDRE","u_dut/u_unified_p4_kernel/ingress_data_q_reg","u_dut/u_unified_p4_kernel/input_mem_reg[0][56][10]","FDRE","u_dut/u_unified_p4_kernel/input_mem_reg","0","0.078000000","1.848000000","1.926000000","0.959501558","SLICE_X79Y76","SLICE_X52Y43","","","SIGNATURE_SKIPPED|FDRE|FDRE","SIGNATURE_SKIPPED|FDRE|FDRE","DUT_INTERNAL","u_dut/u_unified_p4_kernel/ingress_data_q_reg","u_dut/u_unified_p4_kernel/input_mem_reg","0.009000000"
"u_dut/u_unified_p4_kernel/input_mem_reg[0][58][3]/D","u_dut/u_unified_p4_kernel/ingress_data_q_reg[35]/C","-0.049000000","clk","clk","clk","u_dut/u_unified_p4_kernel/ingress_data_q_reg[35]","FDRE","u_dut/u_unified_p4_kernel/ingress_data_q_reg","u_dut/u_unified_p4_kernel/input_mem_reg[0][58][3]","FDRE","u_dut/u_unified_p4_kernel/input_mem_reg","0","0.079000000","1.905000000","1.984000000","0.960181452","SLICE_X78Y77","SLICE_X50Y39","","","SIGNATURE_SKIPPED|FDRE|FDRE","SIGNATURE_SKIPPED|FDRE|FDRE","DUT_INTERNAL","u_dut/u_unified_p4_kernel/ingress_data_q_reg","u_dut/u_unified_p4_kernel/input_mem_reg","0.049000000"
"u_dut/u_unified_p4_kernel/input_mem_reg[0][59][11]/D","u_dut/u_unified_p4_kernel/ingress_data_q_reg[59]/C","-0.040000000","clk","clk","clk","u_dut/u_unified_p4_kernel/ingress_data_q_reg[59]","FDRE","u_dut/u_unified_p4_kernel/ingress_data_q_reg","u_dut/u_unified_p4_kernel/input_mem_reg[0][59][11]","FDRE","u_dut/u_unified_p4_kernel/input_mem_reg","0","0.078000000","1.933000000","2.011000000","0.961213327","SLICE_X79Y82","SLICE_X53Y37","","","SIGNATURE_SKIPPED|FDRE|FDRE","SIGNATURE_SKIPPED|FDRE|FDRE","DUT_INTERNAL","u_dut/u_unified_p4_kernel/ingress_data_q_reg","u_dut/u_unified_p4_kernel/input_mem_reg","0.040000000"
"u_dut/u_unified_p4_kernel/input_mem_reg[0][5][11]/D","u_dut/u_unified_p4_kernel/ingress_data_q_reg[27]/C","-0.030000000","clk","clk","clk","u_dut/u_unified_p4_kernel/ingress_data_q_reg[27]","FDRE","u_dut/u_unified_p4_kernel/ingress_data_q_reg","u_dut/u_unified_p4_kernel/input_mem_reg[0][5][11]","FDRE","u_dut/u_unified_p4_kernel/input_mem_reg","0","0.078000000","1.885000000","1.963000000","0.960264901","SLICE_X79Y76","SLICE_X50Y24","","","SIGNATURE_SKIPPED|FDRE|FDRE","SIGNATURE_SKIPPED|FDRE|FDRE","DUT_INTERNAL","u_dut/u_unified_p4_kernel/ingress_data_q_reg","u_dut/u_unified_p4_kernel/input_mem_reg","0.030000000"
"u_dut/u_unified_p4_kernel/input_mem_reg[0][5][7]/D","u_dut/u_unified_p4_kernel/ingress_data_q_reg[23]/C","-0.045000000","clk","clk","clk","u_dut/u_unified_p4_kernel/ingress_data_q_reg[23]","FDRE","u_dut/u_unified_p4_kernel/ingress_data_q_reg","u_dut/u_unified_p4_kernel/input_mem_reg[0][5][7]","FDRE","u_dut/u_unified_p4_kernel/input_mem_reg","0","0.078000000","1.937000000","2.015000000","0.961290323","SLICE_X81Y76","SLICE_X51Y26","","","SIGNATURE_SKIPPED|FDRE|FDRE","SIGNATURE_SKIPPED|FDRE|FDRE","DUT_INTERNAL","u_dut/u_unified_p4_kernel/ingress_data_q_reg","u_dut/u_unified_p4_kernel/input_mem_reg","0.045000000"
"u_dut/u_unified_p4_kernel/input_mem_reg[0][60][11]/CE","u_dut/u_unified_p4_kernel/ingress_group_q_reg[2]/C","-0.052000000","clk","clk","clk","u_dut/u_unified_p4_kernel/ingress_group_q_reg[2]","FDCE","u_dut/u_unified_p4_kernel/ingress_group_q_reg","u_dut/u_unified_p4_kernel/input_mem_reg[0][60][11]","FDRE","u_dut/u_unified_p4_kernel/input_mem_reg","2","0.302000000","1.684000000","1.986000000","0.847935549","SLICE_X82Y48","SLICE_X51Y38","","","SIGNATURE_SKIPPED|FDCE|FDRE","SIGNATURE_SKIPPED|FDCE|FDRE","DUT_INTERNAL","u_dut/u_unified_p4_kernel/ingress_group_q_reg","u_dut/u_unified_p4_kernel/input_mem_reg","0.052000000"
"u_dut/u_unified_p4_kernel/input_mem_reg[0][60][13]/CE","u_dut/u_unified_p4_kernel/ingress_group_q_reg[2]/C","-0.052000000","clk","clk","clk","u_dut/u_unified_p4_kernel/ingress_group_q_reg[2]","FDCE","u_dut/u_unified_p4_kernel/ingress_group_q_reg","u_dut/u_unified_p4_kernel/input_mem_reg[0][60][13]","FDRE","u_dut/u_unified_p4_kernel/input_mem_reg","2","0.302000000","1.684000000","1.986000000","0.847935549","SLICE_X82Y48","SLICE_X51Y38","","","SIGNATURE_SKIPPED|FDCE|FDRE","SIGNATURE_SKIPPED|FDCE|FDRE","DUT_INTERNAL","u_dut/u_unified_p4_kernel/ingress_group_q_reg","u_dut/u_unified_p4_kernel/input_mem_reg","0.052000000"
"u_dut/u_unified_p4_kernel/input_mem_reg[0][60][15]/CE","u_dut/u_unified_p4_kernel/ingress_group_q_reg[2]/C","-0.052000000","clk","clk","clk","u_dut/u_unified_p4_kernel/ingress_group_q_reg[2]","FDCE","u_dut/u_unified_p4_kernel/ingress_group_q_reg","u_dut/u_unified_p4_kernel/input_mem_reg[0][60][15]","FDRE","u_dut/u_unified_p4_kernel/input_mem_reg","2","0.302000000","1.684000000","1.986000000","0.847935549","SLICE_X82Y48","SLICE_X51Y38","","","SIGNATURE_SKIPPED|FDCE|FDRE","SIGNATURE_SKIPPED|FDCE|FDRE","DUT_INTERNAL","u_dut/u_unified_p4_kernel/ingress_group_q_reg","u_dut/u_unified_p4_kernel/input_mem_reg","0.052000000"
"u_dut/u_unified_p4_kernel/input_mem_reg[0][61][11]/D","u_dut/u_unified_p4_kernel/ingress_data_q_reg[27]/C","-0.060000000","clk","clk","clk","u_dut/u_unified_p4_kernel/ingress_data_q_reg[27]","FDRE","u_dut/u_unified_p4_kernel/ingress_data_q_reg","u_dut/u_unified_p4_kernel/input_mem_reg[0][61][11]","FDRE","u_dut/u_unified_p4_kernel/input_mem_reg","0","0.078000000","1.842000000","1.920000000","0.959375000","SLICE_X79Y76","SLICE_X56Y27","","","SIGNATURE_SKIPPED|FDRE|FDRE","SIGNATURE_SKIPPED|FDRE|FDRE","DUT_INTERNAL","u_dut/u_unified_p4_kernel/ingress_data_q_reg","u_dut/u_unified_p4_kernel/input_mem_reg","0.060000000"
"u_dut/u_unified_p4_kernel/input_mem_reg[0][61][15]/CE","u_dut/u_unified_p4_kernel/ingress_group_q_reg[2]/C","-0.016000000","clk","clk","clk","u_dut/u_unified_p4_kernel/ingress_group_q_reg[2]","FDCE","u_dut/u_unified_p4_kernel/ingress_group_q_reg","u_dut/u_unified_p4_kernel/input_mem_reg[0][61][15]","FDRE","u_dut/u_unified_p4_kernel/input_mem_reg","2","0.302000000","1.636000000","1.938000000","0.844169247","SLICE_X82Y48","SLICE_X49Y36","","","SIGNATURE_SKIPPED|FDCE|FDRE","SIGNATURE_SKIPPED|FDCE|FDRE","DUT_INTERNAL","u_dut/u_unified_p4_kernel/ingress_group_q_reg","u_dut/u_unified_p4_kernel/input_mem_reg","0.016000000"
"u_dut/u_unified_p4_kernel/input_mem_reg[0][61][2]/CE","u_dut/u_unified_p4_kernel/ingress_group_q_reg[2]/C","-0.062000000","clk","clk","clk","u_dut/u_unified_p4_kernel/ingress_group_q_reg[2]","FDCE","u_dut/u_unified_p4_kernel/ingress_group_q_reg","u_dut/u_unified_p4_kernel/input_mem_reg[0][61][2]","FDRE","u_dut/u_unified_p4_kernel/input_mem_reg","2","0.302000000","1.696000000","1.998000000","0.848848849","SLICE_X82Y48","SLICE_X51Y40","","","SIGNATURE_SKIPPED|FDCE|FDRE","SIGNATURE_SKIPPED|FDCE|FDRE","DUT_INTERNAL","u_dut/u_unified_p4_kernel/ingress_group_q_reg","u_dut/u_unified_p4_kernel/input_mem_reg","0.062000000"
"u_dut/u_unified_p4_kernel/input_mem_reg[0][61][4]/CE","u_dut/u_unified_p4_kernel/ingress_group_q_reg[2]/C","-0.062000000","clk","clk","clk","u_dut/u_unified_p4_kernel/ingress_group_q_reg[2]","FDCE","u_dut/u_unified_p4_kernel/ingress_group_q_reg","u_dut/u_unified_p4_kernel/input_mem_reg[0][61][4]","FDRE","u_dut/u_unified_p4_kernel/input_mem_reg","2","0.302000000","1.696000000","1.998000000","0.848848849","SLICE_X82Y48","SLICE_X51Y40","","","SIGNATURE_SKIPPED|FDCE|FDRE","SIGNATURE_SKIPPED|FDCE|FDRE","DUT_INTERNAL","u_dut/u_unified_p4_kernel/ingress_group_q_reg","u_dut/u_unified_p4_kernel/input_mem_reg","0.062000000"
"u_dut/u_unified_p4_kernel/input_mem_reg[0][6][4]/CE","u_dut/u_unified_p4_kernel/ingress_slot_q_reg[1]/C","-0.005000000","clk","clk","clk","u_dut/u_unified_p4_kernel/ingress_slot_q_reg[1]","FDCE","u_dut/u_unified_p4_kernel/ingress_slot_q_reg","u_dut/u_unified_p4_kernel/input_mem_reg[0][6][4]","FDRE","u_dut/u_unified_p4_kernel/input_mem_reg","1","0.181000000","1.703000000","1.884000000","0.903927813","SLICE_X79Y67","SLICE_X50Y20","","","SIGNATURE_SKIPPED|FDCE|FDRE","SIGNATURE_SKIPPED|FDCE|FDRE","DUT_INTERNAL","u_dut/u_unified_p4_kernel/ingress_slot_q_reg","u_dut/u_unified_p4_kernel/input_mem_reg","0.005000000"
"u_dut/u_unified_p4_kernel/input_mem_reg[0][9][13]/D","u_dut/u_unified_p4_kernel/ingress_data_q_reg[29]/C","-0.039000000","clk","clk","clk","u_dut/u_unified_p4_kernel/ingress_data_q_reg[29]","FDRE","u_dut/u_unified_p4_kernel/ingress_data_q_reg","u_dut/u_unified_p4_kernel/input_mem_reg[0][9][13]","FDRE","u_dut/u_unified_p4_kernel/input_mem_reg","0","0.077000000","1.756000000","1.833000000","0.957992362","SLICE_X79Y72","SLICE_X63Y7","","","SIGNATURE_SKIPPED|FDRE|FDRE","SIGNATURE_SKIPPED|FDRE|FDRE","DUT_INTERNAL","u_dut/u_unified_p4_kernel/ingress_data_q_reg","u_dut/u_unified_p4_kernel/input_mem_reg","0.039000000"
"u_dut/u_unified_p4_kernel/input_mem_reg[1][0][6]/CE","u_dut/u_unified_p4_kernel/ingress_group_q_reg[1]/C","-0.008000000","clk","clk","clk","u_dut/u_unified_p4_kernel/ingress_group_q_reg[1]","FDCE","u_dut/u_unified_p4_kernel/ingress_group_q_reg","u_dut/u_unified_p4_kernel/input_mem_reg[1][0][6]","FDRE","u_dut/u_unified_p4_kernel/input_mem_reg","2","0.316000000","1.571000000","1.887000000","0.832538421","SLICE_X81Y48","SLICE_X56Y15","","","SIGNATURE_SKIPPED|FDCE|FDRE","SIGNATURE_SKIPPED|FDCE|FDRE","DUT_INTERNAL","u_dut/u_unified_p4_kernel/ingress_group_q_reg","u_dut/u_unified_p4_kernel/input_mem_reg","0.008000000"
"u_dut/u_unified_p4_kernel/input_mem_reg[1][0][7]/CE","u_dut/u_unified_p4_kernel/ingress_group_q_reg[1]/C","-0.008000000","clk","clk","clk","u_dut/u_unified_p4_kernel/ingress_group_q_reg[1]","FDCE","u_dut/u_unified_p4_kernel/ingress_group_q_reg","u_dut/u_unified_p4_kernel/input_mem_reg[1][0][7]","FDRE","u_dut/u_unified_p4_kernel/input_mem_reg","2","0.316000000","1.571000000","1.887000000","0.832538421","SLICE_X81Y48","SLICE_X56Y15","","","SIGNATURE_SKIPPED|FDCE|FDRE","SIGNATURE_SKIPPED|FDCE|FDRE","DUT_INTERNAL","u_dut/u_unified_p4_kernel/ingress_group_q_reg","u_dut/u_unified_p4_kernel/input_mem_reg","0.008000000"
"u_dut/u_unified_p4_kernel/input_mem_reg[1][10][1]/D","u_dut/u_unified_p4_kernel/ingress_data_q_reg[33]/C","-0.017000000","clk","clk","clk","u_dut/u_unified_p4_kernel/ingress_data_q_reg[33]","FDRE","u_dut/u_unified_p4_kernel/ingress_data_q_reg","u_dut/u_unified_p4_kernel/input_mem_reg[1][10][1]","FDRE","u_dut/u_unified_p4_kernel/input_mem_reg","0","0.079000000","1.867000000","1.946000000","0.959403905","SLICE_X83Y75","SLICE_X63Y11","","","SIGNATURE_SKIPPED|FDRE|FDRE","SIGNATURE_SKIPPED|FDRE|FDRE","DUT_INTERNAL","u_dut/u_unified_p4_kernel/ingress_data_q_reg","u_dut/u_unified_p4_kernel/input_mem_reg","0.017000000"
"u_dut/u_unified_p4_kernel/input_mem_reg[1][11][9]/CE","u_dut/u_unified_p4_kernel/ingress_group_q_reg[2]/C","-0.024000000","clk","clk","clk","u_dut/u_unified_p4_kernel/ingress_group_q_reg[2]","FDCE","u_dut/u_unified_p4_kernel/ingress_group_q_reg","u_dut/u_unified_p4_kernel/input_mem_reg[1][11][9]","FDRE","u_dut/u_unified_p4_kernel/input_mem_reg","2","0.178000000","1.710000000","1.888000000","0.905720339","SLICE_X82Y48","SLICE_X68Y8","","","SIGNATURE_SKIPPED|FDCE|FDRE","SIGNATURE_SKIPPED|FDCE|FDRE","DUT_INTERNAL","u_dut/u_unified_p4_kernel/ingress_group_q_reg","u_dut/u_unified_p4_kernel/input_mem_reg","0.024000000"
"u_dut/u_unified_p4_kernel/input_mem_reg[1][15][0]/D","u_dut/u_unified_p4_kernel/ingress_data_q_reg[48]/C","-0.054000000","clk","clk","clk","u_dut/u_unified_p4_kernel/ingress_data_q_reg[48]","FDRE","u_dut/u_unified_p4_kernel/ingress_data_q_reg","u_dut/u_unified_p4_kernel/input_mem_reg[1][15][0]","FDRE","u_dut/u_unified_p4_kernel/input_mem_reg","0","0.079000000","1.773000000","1.852000000","0.957343413","SLICE_X77Y77","SLICE_X63Y15","","","SIGNATURE_SKIPPED|FDRE|FDRE","SIGNATURE_SKIPPED|FDRE|FDRE","DUT_INTERNAL","u_dut/u_unified_p4_kernel/ingress_data_q_reg","u_dut/u_unified_p4_kernel/input_mem_reg","0.054000000"
"u_dut/u_unified_p4_kernel/input_mem_reg[1][15][11]/CE","u_dut/u_unified_p4_kernel/ingress_valid_q_reg/C","-0.029000000","clk","clk","clk","u_dut/u_unified_p4_kernel/ingress_valid_q_reg","FDCE","u_dut/u_unified_p4_kernel/ingress_valid_q_reg","u_dut/u_unified_p4_kernel/input_mem_reg[1][15][11]","FDRE","u_dut/u_unified_p4_kernel/input_mem_reg","1","0.176000000","1.692000000","1.868000000","0.905781585","SLICE_X80Y64","SLICE_X63Y17","","","SIGNATURE_SKIPPED|FDCE|FDRE","SIGNATURE_SKIPPED|FDCE|FDRE","DUT_INTERNAL","u_dut/u_unified_p4_kernel/ingress_valid_q_reg","u_dut/u_unified_p4_kernel/input_mem_reg","0.029000000"
"u_dut/u_unified_p4_kernel/input_mem_reg[1][15][14]/CE","u_dut/u_unified_p4_kernel/ingress_valid_q_reg/C","-0.029000000","clk","clk","clk","u_dut/u_unified_p4_kernel/ingress_valid_q_reg","FDCE","u_dut/u_unified_p4_kernel/ingress_valid_q_reg","u_dut/u_unified_p4_kernel/input_mem_reg[1][15][14]","FDRE","u_dut/u_unified_p4_kernel/input_mem_reg","1","0.176000000","1.692000000","1.868000000","0.905781585","SLICE_X80Y64","SLICE_X63Y17","","","SIGNATURE_SKIPPED|FDCE|FDRE","SIGNATURE_SKIPPED|FDCE|FDRE","DUT_INTERNAL","u_dut/u_unified_p4_kernel/ingress_valid_q_reg","u_dut/u_unified_p4_kernel/input_mem_reg","0.029000000"
"u_dut/u_unified_p4_kernel/input_mem_reg[1][15][5]/CE","u_dut/u_unified_p4_kernel/ingress_valid_q_reg/C","-0.029000000","clk","clk","clk","u_dut/u_unified_p4_kernel/ingress_valid_q_reg","FDCE","u_dut/u_unified_p4_kernel/ingress_valid_q_reg","u_dut/u_unified_p4_kernel/input_mem_reg[1][15][5]","FDRE","u_dut/u_unified_p4_kernel/input_mem_reg","1","0.176000000","1.692000000","1.868000000","0.905781585","SLICE_X80Y64","SLICE_X63Y17","","","SIGNATURE_SKIPPED|FDCE|FDRE","SIGNATURE_SKIPPED|FDCE|FDRE","DUT_INTERNAL","u_dut/u_unified_p4_kernel/ingress_valid_q_reg","u_dut/u_unified_p4_kernel/input_mem_reg","0.029000000"
"u_dut/u_unified_p4_kernel/input_mem_reg[1][18][9]/CE","u_dut/u_unified_p4_kernel/ingress_group_q_reg[2]/C","-0.031000000","clk","clk","clk","u_dut/u_unified_p4_kernel/ingress_group_q_reg[2]","FDCE","u_dut/u_unified_p4_kernel/ingress_group_q_reg","u_dut/u_unified_p4_kernel/input_mem_reg[1][18][9]","FDRE","u_dut/u_unified_p4_kernel/input_mem_reg","2","0.293000000","1.551000000","1.844000000","0.841106291","SLICE_X82Y48","SLICE_X80Y6","","","SIGNATURE_SKIPPED|FDCE|FDRE","SIGNATURE_SKIPPED|FDCE|FDRE","DUT_INTERNAL","u_dut/u_unified_p4_kernel/ingress_group_q_reg","u_dut/u_unified_p4_kernel/input_mem_reg","0.031000000"
"u_dut/u_unified_p4_kernel/input_mem_reg[1][20][13]/D","u_dut/u_unified_p4_kernel/ingress_data_q_reg[13]/C","-0.024000000","clk","clk","clk","u_dut/u_unified_p4_kernel/ingress_data_q_reg[13]","FDRE","u_dut/u_unified_p4_kernel/ingress_data_q_reg","u_dut/u_unified_p4_kernel/input_mem_reg[1][20][13]","FDRE","u_dut/u_unified_p4_kernel/input_mem_reg","0","0.079000000","1.763000000","1.842000000","0.957111835","SLICE_X76Y76","SLICE_X96Y18","","","SIGNATURE_SKIPPED|FDRE|FDRE","SIGNATURE_SKIPPED|FDRE|FDRE","DUT_INTERNAL","u_dut/u_unified_p4_kernel/ingress_data_q_reg","u_dut/u_unified_p4_kernel/input_mem_reg","0.024000000"
"u_dut/u_unified_p4_kernel/input_mem_reg[1][22][5]/D","u_dut/u_unified_p4_kernel/ingress_data_q_reg[37]/C","-0.034000000","clk","clk","clk","u_dut/u_unified_p4_kernel/ingress_data_q_reg[37]","FDRE","u_dut/u_unified_p4_kernel/ingress_data_q_reg","u_dut/u_unified_p4_kernel/input_mem_reg[1][22][5]","FDRE","u_dut/u_unified_p4_kernel/input_mem_reg","0","0.079000000","1.766000000","1.845000000","0.957181572","SLICE_X77Y76","SLICE_X97Y20","","","SIGNATURE_SKIPPED|FDRE|FDRE","SIGNATURE_SKIPPED|FDRE|FDRE","DUT_INTERNAL","u_dut/u_unified_p4_kernel/ingress_data_q_reg","u_dut/u_unified_p4_kernel/input_mem_reg","0.034000000"
"u_dut/u_unified_p4_kernel/input_mem_reg[1][22][9]/D","u_dut/u_unified_p4_kernel/ingress_data_q_reg[41]/C","-0.005000000","clk","clk","clk","u_dut/u_unified_p4_kernel/ingress_data_q_reg[41]","FDRE","u_dut/u_unified_p4_kernel/ingress_data_q_reg","u_dut/u_unified_p4_kernel/input_mem_reg[1][22][9]","FDRE","u_dut/u_unified_p4_kernel/input_mem_reg","0","0.079000000","1.742000000","1.821000000","0.956617243","SLICE_X78Y78","SLICE_X96Y20","","","SIGNATURE_SKIPPED|FDRE|FDRE","SIGNATURE_SKIPPED|FDRE|FDRE","DUT_INTERNAL","u_dut/u_unified_p4_kernel/ingress_data_q_reg","u_dut/u_unified_p4_kernel/input_mem_reg","0.005000000"
"u_dut/u_unified_p4_kernel/input_mem_reg[1][27][0]/D","u_dut/u_unified_p4_kernel/ingress_data_q_reg[48]/C","-0.021000000","clk","clk","clk","u_dut/u_unified_p4_kernel/ingress_data_q_reg[48]","FDRE","u_dut/u_unified_p4_kernel/ingress_data_q_reg","u_dut/u_unified_p4_kernel/input_mem_reg[1][27][0]","FDRE","u_dut/u_unified_p4_kernel/input_mem_reg","0","0.079000000","1.693000000","1.772000000","0.955417607","SLICE_X77Y77","SLICE_X85Y11","","","SIGNATURE_SKIPPED|FDRE|FDRE","SIGNATURE_SKIPPED|FDRE|FDRE","DUT_INTERNAL","u_dut/u_unified_p4_kernel/ingress_data_q_reg","u_dut/u_unified_p4_kernel/input_mem_reg","0.021000000"
"u_dut/u_unified_p4_kernel/input_mem_reg[1][2][0]/CE","u_dut/u_unified_p4_kernel/ingress_group_q_reg[1]/C","-0.005000000","clk","clk","clk","u_dut/u_unified_p4_kernel/ingress_group_q_reg[1]","FDCE","u_dut/u_unified_p4_kernel/ingress_group_q_reg","u_dut/u_unified_p4_kernel/input_mem_reg[1][2][0]","FDRE","u_dut/u_unified_p4_kernel/input_mem_reg","2","0.316000000","1.568000000","1.884000000","0.832271762","SLICE_X81Y48","SLICE_X58Y14","","","SIGNATURE_SKIPPED|FDCE|FDRE","SIGNATURE_SKIPPED|FDCE|FDRE","DUT_INTERNAL","u_dut/u_unified_p4_kernel/ingress_group_q_reg","u_dut/u_unified_p4_kernel/input_mem_reg","0.005000000"
"u_dut/u_unified_p4_kernel/input_mem_reg[1][2][10]/CE","u_dut/u_unified_p4_kernel/ingress_group_q_reg[1]/C","-0.005000000","clk","clk","clk","u_dut/u_unified_p4_kernel/ingress_group_q_reg[1]","FDCE","u_dut/u_unified_p4_kernel/ingress_group_q_reg","u_dut/u_unified_p4_kernel/input_mem_reg[1][2][10]","FDRE","u_dut/u_unified_p4_kernel/input_mem_reg","2","0.316000000","1.568000000","1.884000000","0.832271762","SLICE_X81Y48","SLICE_X58Y14","","","SIGNATURE_SKIPPED|FDCE|FDRE","SIGNATURE_SKIPPED|FDCE|FDRE","DUT_INTERNAL","u_dut/u_unified_p4_kernel/ingress_group_q_reg","u_dut/u_unified_p4_kernel/input_mem_reg","0.005000000"
"u_dut/u_unified_p4_kernel/input_mem_reg[1][2][3]/CE","u_dut/u_unified_p4_kernel/ingress_group_q_reg[1]/C","-0.008000000","clk","clk","clk","u_dut/u_unified_p4_kernel/ingress_group_q_reg[1]","FDCE","u_dut/u_unified_p4_kernel/ingress_group_q_reg","u_dut/u_unified_p4_kernel/input_mem_reg[1][2][3]","FDRE","u_dut/u_unified_p4_kernel/input_mem_reg","2","0.316000000","1.571000000","1.887000000","0.832538421","SLICE_X81Y48","SLICE_X56Y15","","","SIGNATURE_SKIPPED|FDCE|FDRE","SIGNATURE_SKIPPED|FDCE|FDRE","DUT_INTERNAL","u_dut/u_unified_p4_kernel/ingress_group_q_reg","u_dut/u_unified_p4_kernel/input_mem_reg","0.008000000"
"u_dut/u_unified_p4_kernel/input_mem_reg[1][2][7]/CE","u_dut/u_unified_p4_kernel/ingress_group_q_reg[1]/C","-0.005000000","clk","clk","clk","u_dut/u_unified_p4_kernel/ingress_group_q_reg[1]","FDCE","u_dut/u_unified_p4_kernel/ingress_group_q_reg","u_dut/u_unified_p4_kernel/input_mem_reg[1][2][7]","FDRE","u_dut/u_unified_p4_kernel/input_mem_reg","2","0.316000000","1.568000000","1.884000000","0.832271762","SLICE_X81Y48","SLICE_X58Y14","","","SIGNATURE_SKIPPED|FDCE|FDRE","SIGNATURE_SKIPPED|FDCE|FDRE","DUT_INTERNAL","u_dut/u_unified_p4_kernel/ingress_group_q_reg","u_dut/u_unified_p4_kernel/input_mem_reg","0.005000000"
"u_dut/u_unified_p4_kernel/input_mem_reg[1][32][13]/D","u_dut/u_unified_p4_kernel/ingress_data_q_reg[13]/C","-0.031000000","clk","clk","clk","u_dut/u_unified_p4_kernel/ingress_data_q_reg[13]","FDRE","u_dut/u_unified_p4_kernel/ingress_data_q_reg","u_dut/u_unified_p4_kernel/input_mem_reg[1][32][13]","FDRE","u_dut/u_unified_p4_kernel/input_mem_reg","0","0.079000000","1.737000000","1.816000000","0.956497797","SLICE_X76Y76","SLICE_X71Y12","","","SIGNATURE_SKIPPED|FDRE|FDRE","SIGNATURE_SKIPPED|FDRE|FDRE","DUT_INTERNAL","u_dut/u_unified_p4_kernel/ingress_data_q_reg","u_dut/u_unified_p4_kernel/input_mem_reg","0.031000000"
"u_dut/u_unified_p4_kernel/input_mem_reg[1][32][5]/CE","u_dut/u_unified_p4_kernel/ingress_slot_q_reg[0]/C","-0.024000000","clk","clk","clk","u_dut/u_unified_p4_kernel/ingress_slot_q_reg[0]","FDCE","u_dut/u_unified_p4_kernel/ingress_slot_q_reg","u_dut/u_unified_p4_kernel/input_mem_reg[1][32][5]","FDRE","u_dut/u_unified_p4_kernel/input_mem_reg","2","0.298000000","1.524000000","1.822000000","0.836443469","SLICE_X79Y60","SLICE_X70Y16","","","SIGNATURE_SKIPPED|FDCE|FDRE","SIGNATURE_SKIPPED|FDCE|FDRE","DUT_INTERNAL","u_dut/u_unified_p4_kernel/ingress_slot_q_reg","u_dut/u_unified_p4_kernel/input_mem_reg","0.024000000"
"u_dut/u_unified_p4_kernel/input_mem_reg[1][34][10]/CE","u_dut/u_unified_p4_kernel/ingress_slot_q_reg[0]/C","-0.039000000","clk","clk","clk","u_dut/u_unified_p4_kernel/ingress_slot_q_reg[0]","FDCE","u_dut/u_unified_p4_kernel/ingress_slot_q_reg","u_dut/u_unified_p4_kernel/input_mem_reg[1][34][10]","FDRE","u_dut/u_unified_p4_kernel/input_mem_reg","2","0.298000000","1.540000000","1.838000000","0.837867247","SLICE_X79Y60","SLICE_X70Y14","","","SIGNATURE_SKIPPED|FDCE|FDRE","SIGNATURE_SKIPPED|FDCE|FDRE","DUT_INTERNAL","u_dut/u_unified_p4_kernel/ingress_slot_q_reg","u_dut/u_unified_p4_kernel/input_mem_reg","0.039000000"
"u_dut/u_unified_p4_kernel/input_mem_reg[1][34][14]/CE","u_dut/u_unified_p4_kernel/ingress_slot_q_reg[0]/C","-0.039000000","clk","clk","clk","u_dut/u_unified_p4_kernel/ingress_slot_q_reg[0]","FDCE","u_dut/u_unified_p4_kernel/ingress_slot_q_reg","u_dut/u_unified_p4_kernel/input_mem_reg[1][34][14]","FDRE","u_dut/u_unified_p4_kernel/input_mem_reg","2","0.298000000","1.540000000","1.838000000","0.837867247","SLICE_X79Y60","SLICE_X70Y14","","","SIGNATURE_SKIPPED|FDCE|FDRE","SIGNATURE_SKIPPED|FDCE|FDRE","DUT_INTERNAL","u_dut/u_unified_p4_kernel/ingress_slot_q_reg","u_dut/u_unified_p4_kernel/input_mem_reg","0.039000000"
"u_dut/u_unified_p4_kernel/input_mem_reg[1][34][3]/CE","u_dut/u_unified_p4_kernel/ingress_slot_q_reg[0]/C","-0.039000000","clk","clk","clk","u_dut/u_unified_p4_kernel/ingress_slot_q_reg[0]","FDCE","u_dut/u_unified_p4_kernel/ingress_slot_q_reg","u_dut/u_unified_p4_kernel/input_mem_reg[1][34][3]","FDRE","u_dut/u_unified_p4_kernel/input_mem_reg","2","0.298000000","1.540000000","1.838000000","0.837867247","SLICE_X79Y60","SLICE_X70Y14","","","SIGNATURE_SKIPPED|FDCE|FDRE","SIGNATURE_SKIPPED|FDCE|FDRE","DUT_INTERNAL","u_dut/u_unified_p4_kernel/ingress_slot_q_reg","u_dut/u_unified_p4_kernel/input_mem_reg","0.039000000"
"u_dut/u_unified_p4_kernel/input_mem_reg[1][35][15]/CE","u_dut/u_unified_p4_kernel/ingress_slot_q_reg[0]/C","-0.024000000","clk","clk","clk","u_dut/u_unified_p4_kernel/ingress_slot_q_reg[0]","FDCE","u_dut/u_unified_p4_kernel/ingress_slot_q_reg","u_dut/u_unified_p4_kernel/input_mem_reg[1][35][15]","FDRE","u_dut/u_unified_p4_kernel/input_mem_reg","2","0.298000000","1.524000000","1.822000000","0.836443469","SLICE_X79Y60","SLICE_X70Y16","","","SIGNATURE_SKIPPED|FDCE|FDRE","SIGNATURE_SKIPPED|FDCE|FDRE","DUT_INTERNAL","u_dut/u_unified_p4_kernel/ingress_slot_q_reg","u_dut/u_unified_p4_kernel/input_mem_reg","0.024000000"
"u_dut/u_unified_p4_kernel/input_mem_reg[1][36][13]/D","u_dut/u_unified_p4_kernel/ingress_data_q_reg[13]/C","-0.063000000","clk","clk","clk","u_dut/u_unified_p4_kernel/ingress_data_q_reg[13]","FDRE","u_dut/u_unified_p4_kernel/ingress_data_q_reg","u_dut/u_unified_p4_kernel/input_mem_reg[1][36][13]","FDRE","u_dut/u_unified_p4_kernel/input_mem_reg","0","0.079000000","1.763000000","1.842000000","0.957111835","SLICE_X76Y76","SLICE_X72Y15","","","SIGNATURE_SKIPPED|FDRE|FDRE","SIGNATURE_SKIPPED|FDRE|FDRE","DUT_INTERNAL","u_dut/u_unified_p4_kernel/ingress_data_q_reg","u_dut/u_unified_p4_kernel/input_mem_reg","0.063000000"
"u_dut/u_unified_p4_kernel/input_mem_reg[1][3][12]/CE","u_dut/u_unified_p4_kernel/ingress_group_q_reg[1]/C","-0.008000000","clk","clk","clk","u_dut/u_unified_p4_kernel/ingress_group_q_reg[1]","FDCE","u_dut/u_unified_p4_kernel/ingress_group_q_reg","u_dut/u_unified_p4_kernel/input_mem_reg[1][3][12]","FDRE","u_dut/u_unified_p4_kernel/input_mem_reg","2","0.316000000","1.571000000","1.887000000","0.832538421","SLICE_X81Y48","SLICE_X56Y15","","","SIGNATURE_SKIPPED|FDCE|FDRE","SIGNATURE_SKIPPED|FDCE|FDRE","DUT_INTERNAL","u_dut/u_unified_p4_kernel/ingress_group_q_reg","u_dut/u_unified_p4_kernel/input_mem_reg","0.008000000"
"u_dut/u_unified_p4_kernel/input_mem_reg[1][3][8]/CE","u_dut/u_unified_p4_kernel/ingress_group_q_reg[1]/C","-0.005000000","clk","clk","clk","u_dut/u_unified_p4_kernel/ingress_group_q_reg[1]","FDCE","u_dut/u_unified_p4_kernel/ingress_group_q_reg","u_dut/u_unified_p4_kernel/input_mem_reg[1][3][8]","FDRE","u_dut/u_unified_p4_kernel/input_mem_reg","2","0.316000000","1.568000000","1.884000000","0.832271762","SLICE_X81Y48","SLICE_X58Y14","","","SIGNATURE_SKIPPED|FDCE|FDRE","SIGNATURE_SKIPPED|FDCE|FDRE","DUT_INTERNAL","u_dut/u_unified_p4_kernel/ingress_group_q_reg","u_dut/u_unified_p4_kernel/input_mem_reg","0.005000000"
"u_dut/u_unified_p4_kernel/input_mem_reg[1][44][10]/CE","u_dut/u_unified_p4_kernel/ingress_slot_q_reg[0]/C","-0.072000000","clk","clk","clk","u_dut/u_unified_p4_kernel/ingress_slot_q_reg[0]","FDCE","u_dut/u_unified_p4_kernel/ingress_slot_q_reg","u_dut/u_unified_p4_kernel/input_mem_reg[1][44][10]","FDRE","u_dut/u_unified_p4_kernel/input_mem_reg","2","0.234000000","1.610000000","1.844000000","0.873101952","SLICE_X79Y60","SLICE_X77Y21","","","SIGNATURE_SKIPPED|FDCE|FDRE","SIGNATURE_SKIPPED|FDCE|FDRE","DUT_INTERNAL","u_dut/u_unified_p4_kernel/ingress_slot_q_reg","u_dut/u_unified_p4_kernel/input_mem_reg","0.072000000"
"u_dut/u_unified_p4_kernel/input_mem_reg[1][44][1]/CE","u_dut/u_unified_p4_kernel/ingress_slot_q_reg[0]/C","-0.072000000","clk","clk","clk","u_dut/u_unified_p4_kernel/ingress_slot_q_reg[0]","FDCE","u_dut/u_unified_p4_kernel/ingress_slot_q_reg","u_dut/u_unified_p4_kernel/input_mem_reg[1][44][1]","FDRE","u_dut/u_unified_p4_kernel/input_mem_reg","2","0.234000000","1.610000000","1.844000000","0.873101952","SLICE_X79Y60","SLICE_X77Y21","","","SIGNATURE_SKIPPED|FDCE|FDRE","SIGNATURE_SKIPPED|FDCE|FDRE","DUT_INTERNAL","u_dut/u_unified_p4_kernel/ingress_slot_q_reg","u_dut/u_unified_p4_kernel/input_mem_reg","0.072000000"
"u_dut/u_unified_p4_kernel/input_mem_reg[1][44][8]/CE","u_dut/u_unified_p4_kernel/ingress_slot_q_reg[0]/C","-0.009000000","clk","clk","clk","u_dut/u_unified_p4_kernel/ingress_slot_q_reg[0]","FDCE","u_dut/u_unified_p4_kernel/ingress_slot_q_reg","u_dut/u_unified_p4_kernel/input_mem_reg[1][44][8]","FDRE","u_dut/u_unified_p4_kernel/input_mem_reg","2","0.234000000","1.541000000","1.775000000","0.868169014","SLICE_X79Y60","SLICE_X77Y24","","","SIGNATURE_SKIPPED|FDCE|FDRE","SIGNATURE_SKIPPED|FDCE|FDRE","DUT_INTERNAL","u_dut/u_unified_p4_kernel/ingress_slot_q_reg","u_dut/u_unified_p4_kernel/input_mem_reg","0.009000000"
"u_dut/u_unified_p4_kernel/input_mem_reg[1][45][1]/CE","u_dut/u_unified_p4_kernel/ingress_slot_q_reg[0]/C","-0.046000000","clk","clk","clk","u_dut/u_unified_p4_kernel/ingress_slot_q_reg[0]","FDCE","u_dut/u_unified_p4_kernel/ingress_slot_q_reg","u_dut/u_unified_p4_kernel/input_mem_reg[1][45][1]","FDRE","u_dut/u_unified_p4_kernel/input_mem_reg","2","0.234000000","1.598000000","1.832000000","0.872270742","SLICE_X79Y60","SLICE_X72Y24","","","SIGNATURE_SKIPPED|FDCE|FDRE","SIGNATURE_SKIPPED|FDCE|FDRE","DUT_INTERNAL","u_dut/u_unified_p4_kernel/ingress_slot_q_reg","u_dut/u_unified_p4_kernel/input_mem_reg","0.046000000"
"u_dut/u_unified_p4_kernel/input_mem_reg[1][45][3]/CE","u_dut/u_unified_p4_kernel/ingress_slot_q_reg[0]/C","-0.113000000","clk","clk","clk","u_dut/u_unified_p4_kernel/ingress_slot_q_reg[0]","FDCE","u_dut/u_unified_p4_kernel/ingress_slot_q_reg","u_dut/u_unified_p4_kernel/input_mem_reg[1][45][3]","FDRE","u_dut/u_unified_p4_kernel/input_mem_reg","2","0.234000000","1.624000000","1.858000000","0.874058127","SLICE_X79Y60","SLICE_X79Y31","","","SIGNATURE_SKIPPED|FDCE|FDRE","SIGNATURE_SKIPPED|FDCE|FDRE","DUT_INTERNAL","u_dut/u_unified_p4_kernel/ingress_slot_q_reg","u_dut/u_unified_p4_kernel/input_mem_reg","0.113000000"
"u_dut/u_unified_p4_kernel/input_mem_reg[1][45][6]/CE","u_dut/u_unified_p4_kernel/ingress_slot_q_reg[0]/C","-0.038000000","clk","clk","clk","u_dut/u_unified_p4_kernel/ingress_slot_q_reg[0]","FDCE","u_dut/u_unified_p4_kernel/ingress_slot_q_reg","u_dut/u_unified_p4_kernel/input_mem_reg[1][45][6]","FDRE","u_dut/u_unified_p4_kernel/input_mem_reg","2","0.234000000","1.561000000","1.795000000","0.869637883","SLICE_X79Y60","SLICE_X77Y31","","","SIGNATURE_SKIPPED|FDCE|FDRE","SIGNATURE_SKIPPED|FDCE|FDRE","DUT_INTERNAL","u_dut/u_unified_p4_kernel/ingress_slot_q_reg","u_dut/u_unified_p4_kernel/input_mem_reg","0.038000000"
"u_dut/u_unified_p4_kernel/input_mem_reg[1][46][11]/CE","u_dut/u_unified_p4_kernel/ingress_slot_q_reg[0]/C","-0.059000000","clk","clk","clk","u_dut/u_unified_p4_kernel/ingress_slot_q_reg[0]","FDCE","u_dut/u_unified_p4_kernel/ingress_slot_q_reg","u_dut/u_unified_p4_kernel/input_mem_reg[1][46][11]","FDRE","u_dut/u_unified_p4_kernel/input_mem_reg","2","0.234000000","1.597000000","1.831000000","0.872200983","SLICE_X79Y60","SLICE_X73Y21","","","SIGNATURE_SKIPPED|FDCE|FDRE","SIGNATURE_SKIPPED|FDCE|FDRE","DUT_INTERNAL","u_dut/u_unified_p4_kernel/ingress_slot_q_reg","u_dut/u_unified_p4_kernel/input_mem_reg","0.059000000"
"u_dut/u_unified_p4_kernel/input_mem_reg[1][46][12]/CE","u_dut/u_unified_p4_kernel/ingress_slot_q_reg[0]/C","-0.087000000","clk","clk","clk","u_dut/u_unified_p4_kernel/ingress_slot_q_reg[0]","FDCE","u_dut/u_unified_p4_kernel/ingress_slot_q_reg","u_dut/u_unified_p4_kernel/input_mem_reg[1][46][12]","FDRE","u_dut/u_unified_p4_kernel/input_mem_reg","2","0.234000000","1.614000000","1.848000000","0.873376623","SLICE_X79Y60","SLICE_X77Y29","","","SIGNATURE_SKIPPED|FDCE|FDRE","SIGNATURE_SKIPPED|FDCE|FDRE","DUT_INTERNAL","u_dut/u_unified_p4_kernel/ingress_slot_q_reg","u_dut/u_unified_p4_kernel/input_mem_reg","0.087000000"
"u_dut/u_unified_p4_kernel/input_mem_reg[1][46][14]/CE","u_dut/u_unified_p4_kernel/ingress_slot_q_reg[0]/C","-0.009000000","clk","clk","clk","u_dut/u_unified_p4_kernel/ingress_slot_q_reg[0]","FDCE","u_dut/u_unified_p4_kernel/ingress_slot_q_reg","u_dut/u_unified_p4_kernel/input_mem_reg[1][46][14]","FDRE","u_dut/u_unified_p4_kernel/input_mem_reg","2","0.234000000","1.541000000","1.775000000","0.868169014","SLICE_X79Y60","SLICE_X77Y24","","","SIGNATURE_SKIPPED|FDCE|FDRE","SIGNATURE_SKIPPED|FDCE|FDRE","DUT_INTERNAL","u_dut/u_unified_p4_kernel/ingress_slot_q_reg","u_dut/u_unified_p4_kernel/input_mem_reg","0.009000000"
"u_dut/u_unified_p4_kernel/input_mem_reg[1][46][15]/CE","u_dut/u_unified_p4_kernel/ingress_slot_q_reg[0]/C","-0.072000000","clk","clk","clk","u_dut/u_unified_p4_kernel/ingress_slot_q_reg[0]","FDCE","u_dut/u_unified_p4_kernel/ingress_slot_q_reg","u_dut/u_unified_p4_kernel/input_mem_reg[1][46][15]","FDRE","u_dut/u_unified_p4_kernel/input_mem_reg","2","0.234000000","1.610000000","1.844000000","0.873101952","SLICE_X79Y60","SLICE_X77Y21","","","SIGNATURE_SKIPPED|FDCE|FDRE","SIGNATURE_SKIPPED|FDCE|FDRE","DUT_INTERNAL","u_dut/u_unified_p4_kernel/ingress_slot_q_reg","u_dut/u_unified_p4_kernel/input_mem_reg","0.072000000"
"u_dut/u_unified_p4_kernel/input_mem_reg[1][46][7]/CE","u_dut/u_unified_p4_kernel/ingress_slot_q_reg[0]/C","-0.087000000","clk","clk","clk","u_dut/u_unified_p4_kernel/ingress_slot_q_reg[0]","FDCE","u_dut/u_unified_p4_kernel/ingress_slot_q_reg","u_dut/u_unified_p4_kernel/input_mem_reg[1][46][7]","FDRE","u_dut/u_unified_p4_kernel/input_mem_reg","2","0.234000000","1.614000000","1.848000000","0.873376623","SLICE_X79Y60","SLICE_X77Y29","","","SIGNATURE_SKIPPED|FDCE|FDRE","SIGNATURE_SKIPPED|FDCE|FDRE","DUT_INTERNAL","u_dut/u_unified_p4_kernel/ingress_slot_q_reg","u_dut/u_unified_p4_kernel/input_mem_reg","0.087000000"
"u_dut/u_unified_p4_kernel/input_mem_reg[1][46][8]/CE","u_dut/u_unified_p4_kernel/ingress_slot_q_reg[0]/C","-0.016000000","clk","clk","clk","u_dut/u_unified_p4_kernel/ingress_slot_q_reg[0]","FDCE","u_dut/u_unified_p4_kernel/ingress_slot_q_reg","u_dut/u_unified_p4_kernel/input_mem_reg[1][46][8]","FDRE","u_dut/u_unified_p4_kernel/input_mem_reg","2","0.234000000","1.550000000","1.784000000","0.868834081","SLICE_X79Y60","SLICE_X78Y24","","","SIGNATURE_SKIPPED|FDCE|FDRE","SIGNATURE_SKIPPED|FDCE|FDRE","DUT_INTERNAL","u_dut/u_unified_p4_kernel/ingress_slot_q_reg","u_dut/u_unified_p4_kernel/input_mem_reg","0.016000000"
"u_dut/u_unified_p4_kernel/input_mem_reg[1][47][10]/CE","u_dut/u_unified_p4_kernel/ingress_slot_q_reg[0]/C","-0.113000000","clk","clk","clk","u_dut/u_unified_p4_kernel/ingress_slot_q_reg[0]","FDCE","u_dut/u_unified_p4_kernel/ingress_slot_q_reg","u_dut/u_unified_p4_kernel/input_mem_reg[1][47][10]","FDRE","u_dut/u_unified_p4_kernel/input_mem_reg","2","0.234000000","1.624000000","1.858000000","0.874058127","SLICE_X79Y60","SLICE_X79Y31","","","SIGNATURE_SKIPPED|FDCE|FDRE","SIGNATURE_SKIPPED|FDCE|FDRE","DUT_INTERNAL","u_dut/u_unified_p4_kernel/ingress_slot_q_reg","u_dut/u_unified_p4_kernel/input_mem_reg","0.113000000"
"u_dut/u_unified_p4_kernel/input_mem_reg[1][47][13]/CE","u_dut/u_unified_p4_kernel/ingress_slot_q_reg[0]/C","-0.049000000","clk","clk","clk","u_dut/u_unified_p4_kernel/ingress_slot_q_reg[0]","FDCE","u_dut/u_unified_p4_kernel/ingress_slot_q_reg","u_dut/u_unified_p4_kernel/input_mem_reg[1][47][13]","FDRE","u_dut/u_unified_p4_kernel/input_mem_reg","2","0.234000000","1.593000000","1.827000000","0.871921182","SLICE_X79Y60","SLICE_X78Y13","","","SIGNATURE_SKIPPED|FDCE|FDRE","SIGNATURE_SKIPPED|FDCE|FDRE","DUT_INTERNAL","u_dut/u_unified_p4_kernel/ingress_slot_q_reg","u_dut/u_unified_p4_kernel/input_mem_reg","0.049000000"
"u_dut/u_unified_p4_kernel/input_mem_reg[1][47][8]/CE","u_dut/u_unified_p4_kernel/ingress_slot_q_reg[0]/C","-0.049000000","clk","clk","clk","u_dut/u_unified_p4_kernel/ingress_slot_q_reg[0]","FDCE","u_dut/u_unified_p4_kernel/ingress_slot_q_reg","u_dut/u_unified_p4_kernel/input_mem_reg[1][47][8]","FDRE","u_dut/u_unified_p4_kernel/input_mem_reg","2","0.234000000","1.593000000","1.827000000","0.871921182","SLICE_X79Y60","SLICE_X78Y13","","","SIGNATURE_SKIPPED|FDCE|FDRE","SIGNATURE_SKIPPED|FDCE|FDRE","DUT_INTERNAL","u_dut/u_unified_p4_kernel/ingress_slot_q_reg","u_dut/u_unified_p4_kernel/input_mem_reg","0.049000000"
"u_dut/u_unified_p4_kernel/input_mem_reg[1][47][9]/CE","u_dut/u_unified_p4_kernel/ingress_slot_q_reg[0]/C","-0.049000000","clk","clk","clk","u_dut/u_unified_p4_kernel/ingress_slot_q_reg[0]","FDCE","u_dut/u_unified_p4_kernel/ingress_slot_q_reg","u_dut/u_unified_p4_kernel/input_mem_reg[1][47][9]","FDRE","u_dut/u_unified_p4_kernel/input_mem_reg","2","0.234000000","1.593000000","1.827000000","0.871921182","SLICE_X79Y60","SLICE_X78Y13","","","SIGNATURE_SKIPPED|FDCE|FDRE","SIGNATURE_SKIPPED|FDCE|FDRE","DUT_INTERNAL","u_dut/u_unified_p4_kernel/ingress_slot_q_reg","u_dut/u_unified_p4_kernel/input_mem_reg","0.049000000"
"u_dut/u_unified_p4_kernel/input_mem_reg[1][49][10]/D","u_dut/u_unified_p4_kernel/ingress_data_q_reg[26]/C","-0.004000000","clk","clk","clk","u_dut/u_unified_p4_kernel/ingress_data_q_reg[26]","FDRE","u_dut/u_unified_p4_kernel/ingress_data_q_reg","u_dut/u_unified_p4_kernel/input_mem_reg[1][49][10]","FDRE","u_dut/u_unified_p4_kernel/input_mem_reg","0","0.079000000","1.838000000","1.917000000","0.958789776","SLICE_X78Y75","SLICE_X99Y37","","","SIGNATURE_SKIPPED|FDRE|FDRE","SIGNATURE_SKIPPED|FDRE|FDRE","DUT_INTERNAL","u_dut/u_unified_p4_kernel/ingress_data_q_reg","u_dut/u_unified_p4_kernel/input_mem_reg","0.004000000"
"u_dut/u_unified_p4_kernel/input_mem_reg[1][53][12]/D","u_dut/u_unified_p4_kernel/ingress_data_q_reg[28]/C","-0.022000000","clk","clk","clk","u_dut/u_unified_p4_kernel/ingress_data_q_reg[28]","FDRE","u_dut/u_unified_p4_kernel/ingress_data_q_reg","u_dut/u_unified_p4_kernel/input_mem_reg[1][53][12]","FDRE","u_dut/u_unified_p4_kernel/input_mem_reg","0","0.079000000","1.856000000","1.935000000","0.959173127","SLICE_X77Y75","SLICE_X98Y26","","","SIGNATURE_SKIPPED|FDRE|FDRE","SIGNATURE_SKIPPED|FDRE|FDRE","DUT_INTERNAL","u_dut/u_unified_p4_kernel/ingress_data_q_reg","u_dut/u_unified_p4_kernel/input_mem_reg","0.022000000"
"u_dut/u_unified_p4_kernel/input_mem_reg[1][57][11]/D","u_dut/u_unified_p4_kernel/ingress_data_q_reg[27]/C","-0.055000000","clk","clk","clk","u_dut/u_unified_p4_kernel/ingress_data_q_reg[27]","FDRE","u_dut/u_unified_p4_kernel/ingress_data_q_reg","u_dut/u_unified_p4_kernel/input_mem_reg[1][57][11]","FDRE","u_dut/u_unified_p4_kernel/input_mem_reg","0","0.078000000","1.882000000","1.960000000","0.960204082","SLICE_X79Y76","SLICE_X55Y34","","","SIGNATURE_SKIPPED|FDRE|FDRE","SIGNATURE_SKIPPED|FDRE|FDRE","DUT_INTERNAL","u_dut/u_unified_p4_kernel/ingress_data_q_reg","u_dut/u_unified_p4_kernel/input_mem_reg","0.055000000"
"u_dut/u_unified_p4_kernel/input_mem_reg[1][5][0]/CE","u_dut/u_unified_p4_kernel/ingress_group_q_reg[4]/C","-0.026000000","clk","clk","clk","u_dut/u_unified_p4_kernel/ingress_group_q_reg[4]","FDCE","u_dut/u_unified_p4_kernel/ingress_group_q_reg","u_dut/u_unified_p4_kernel/input_mem_reg[1][5][0]","FDRE","u_dut/u_unified_p4_kernel/input_mem_reg","2","0.268000000","1.692000000","1.960000000","0.863265306","SLICE_X82Y51","SLICE_X50Y26","","","SIGNATURE_SKIPPED|FDCE|FDRE","SIGNATURE_SKIPPED|FDCE|FDRE","DUT_INTERNAL","u_dut/u_unified_p4_kernel/ingress_group_q_reg","u_dut/u_unified_p4_kernel/input_mem_reg","0.026000000"
"u_dut/u_unified_p4_kernel/input_mem_reg[1][5][13]/CE","u_dut/u_unified_p4_kernel/ingress_group_q_reg[4]/C","-0.017000000","clk","clk","clk","u_dut/u_unified_p4_kernel/ingress_group_q_reg[4]","FDCE","u_dut/u_unified_p4_kernel/ingress_group_q_reg","u_dut/u_unified_p4_kernel/input_mem_reg[1][5][13]","FDRE","u_dut/u_unified_p4_kernel/input_mem_reg","2","0.268000000","1.681000000","1.949000000","0.862493586","SLICE_X82Y51","SLICE_X50Y27","","","SIGNATURE_SKIPPED|FDCE|FDRE","SIGNATURE_SKIPPED|FDCE|FDRE","DUT_INTERNAL","u_dut/u_unified_p4_kernel/ingress_group_q_reg","u_dut/u_unified_p4_kernel/input_mem_reg","0.017000000"
"u_dut/u_unified_p4_kernel/input_mem_reg[1][5][14]/CE","u_dut/u_unified_p4_kernel/ingress_group_q_reg[4]/C","-0.029000000","clk","clk","clk","u_dut/u_unified_p4_kernel/ingress_group_q_reg[4]","FDCE","u_dut/u_unified_p4_kernel/ingress_group_q_reg","u_dut/u_unified_p4_kernel/input_mem_reg[1][5][14]","FDRE","u_dut/u_unified_p4_kernel/input_mem_reg","2","0.268000000","1.684000000","1.952000000","0.862704918","SLICE_X82Y51","SLICE_X52Y28","","","SIGNATURE_SKIPPED|FDCE|FDRE","SIGNATURE_SKIPPED|FDCE|FDRE","DUT_INTERNAL","u_dut/u_unified_p4_kernel/ingress_group_q_reg","u_dut/u_unified_p4_kernel/input_mem_reg","0.029000000"
"u_dut/u_unified_p4_kernel/input_mem_reg[1][5][5]/CE","u_dut/u_unified_p4_kernel/ingress_group_q_reg[4]/C","-0.017000000","clk","clk","clk","u_dut/u_unified_p4_kernel/ingress_group_q_reg[4]","FDCE","u_dut/u_unified_p4_kernel/ingress_group_q_reg","u_dut/u_unified_p4_kernel/input_mem_reg[1][5][5]","FDRE","u_dut/u_unified_p4_kernel/input_mem_reg","2","0.268000000","1.681000000","1.949000000","0.862493586","SLICE_X82Y51","SLICE_X50Y27","","","SIGNATURE_SKIPPED|FDCE|FDRE","SIGNATURE_SKIPPED|FDCE|FDRE","DUT_INTERNAL","u_dut/u_unified_p4_kernel/ingress_group_q_reg","u_dut/u_unified_p4_kernel/input_mem_reg","0.017000000"
"u_dut/u_unified_p4_kernel/input_mem_reg[1][5][8]/CE","u_dut/u_unified_p4_kernel/ingress_group_q_reg[4]/C","-0.017000000","clk","clk","clk","u_dut/u_unified_p4_kernel/ingress_group_q_reg[4]","FDCE","u_dut/u_unified_p4_kernel/ingress_group_q_reg","u_dut/u_unified_p4_kernel/input_mem_reg[1][5][8]","FDRE","u_dut/u_unified_p4_kernel/input_mem_reg","2","0.268000000","1.681000000","1.949000000","0.862493586","SLICE_X82Y51","SLICE_X50Y27","","","SIGNATURE_SKIPPED|FDCE|FDRE","SIGNATURE_SKIPPED|FDCE|FDRE","DUT_INTERNAL","u_dut/u_unified_p4_kernel/ingress_group_q_reg","u_dut/u_unified_p4_kernel/input_mem_reg","0.017000000"
"u_dut/u_unified_p4_kernel/input_mem_reg[1][60][11]/CE","u_dut/u_unified_p4_kernel/ingress_group_q_reg[2]/C","-0.027000000","clk","clk","clk","u_dut/u_unified_p4_kernel/ingress_group_q_reg[2]","FDCE","u_dut/u_unified_p4_kernel/ingress_group_q_reg","u_dut/u_unified_p4_kernel/input_mem_reg[1][60][11]","FDRE","u_dut/u_unified_p4_kernel/input_mem_reg","2","0.301000000","1.660000000","1.961000000","0.846506884","SLICE_X82Y48","SLICE_X50Y38","","","SIGNATURE_SKIPPED|FDCE|FDRE","SIGNATURE_SKIPPED|FDCE|FDRE","DUT_INTERNAL","u_dut/u_unified_p4_kernel/ingress_group_q_reg","u_dut/u_unified_p4_kernel/input_mem_reg","0.027000000"
"u_dut/u_unified_p4_kernel/input_mem_reg[1][60][12]/D","u_dut/u_unified_p4_kernel/ingress_data_q_reg[12]/C","-0.040000000","clk","clk","clk","u_dut/u_unified_p4_kernel/ingress_data_q_reg[12]","FDRE","u_dut/u_unified_p4_kernel/ingress_data_q_reg","u_dut/u_unified_p4_kernel/input_mem_reg[1][60][12]","FDRE","u_dut/u_unified_p4_kernel/input_mem_reg","0","0.079000000","1.748000000","1.827000000","0.956759715","SLICE_X77Y76","SLICE_X56Y28","","","SIGNATURE_SKIPPED|FDRE|FDRE","SIGNATURE_SKIPPED|FDRE|FDRE","DUT_INTERNAL","u_dut/u_unified_p4_kernel/ingress_data_q_reg","u_dut/u_unified_p4_kernel/input_mem_reg","0.040000000"
"u_dut/u_unified_p4_kernel/input_mem_reg[1][60][13]/CE","u_dut/u_unified_p4_kernel/ingress_group_q_reg[2]/C","-0.029000000","clk","clk","clk","u_dut/u_unified_p4_kernel/ingress_group_q_reg[2]","FDCE","u_dut/u_unified_p4_kernel/ingress_group_q_reg","u_dut/u_unified_p4_kernel/input_mem_reg[1][60][13]","FDRE","u_dut/u_unified_p4_kernel/input_mem_reg","2","0.301000000","1.662000000","1.963000000","0.846663271","SLICE_X82Y48","SLICE_X51Y38","","","SIGNATURE_SKIPPED|FDCE|FDRE","SIGNATURE_SKIPPED|FDCE|FDRE","DUT_INTERNAL","u_dut/u_unified_p4_kernel/ingress_group_q_reg","u_dut/u_unified_p4_kernel/input_mem_reg","0.029000000"
"u_dut/u_unified_p4_kernel/input_mem_reg[1][60][15]/CE","u_dut/u_unified_p4_kernel/ingress_group_q_reg[2]/C","-0.029000000","clk","clk","clk","u_dut/u_unified_p4_kernel/ingress_group_q_reg[2]","FDCE","u_dut/u_unified_p4_kernel/ingress_group_q_reg","u_dut/u_unified_p4_kernel/input_mem_reg[1][60][15]","FDRE","u_dut/u_unified_p4_kernel/input_mem_reg","2","0.301000000","1.662000000","1.963000000","0.846663271","SLICE_X82Y48","SLICE_X51Y38","","","SIGNATURE_SKIPPED|FDCE|FDRE","SIGNATURE_SKIPPED|FDCE|FDRE","DUT_INTERNAL","u_dut/u_unified_p4_kernel/ingress_group_q_reg","u_dut/u_unified_p4_kernel/input_mem_reg","0.029000000"
"u_dut/u_unified_p4_kernel/input_mem_reg[1][61][10]/CE","u_dut/u_unified_p4_kernel/ingress_group_q_reg[2]/C","-0.018000000","clk","clk","clk","u_dut/u_unified_p4_kernel/ingress_group_q_reg[2]","FDCE","u_dut/u_unified_p4_kernel/ingress_group_q_reg","u_dut/u_unified_p4_kernel/input_mem_reg[1][61][10]","FDRE","u_dut/u_unified_p4_kernel/input_mem_reg","2","0.301000000","1.639000000","1.940000000","0.844845361","SLICE_X82Y48","SLICE_X50Y33","","","SIGNATURE_SKIPPED|FDCE|FDRE","SIGNATURE_SKIPPED|FDCE|FDRE","DUT_INTERNAL","u_dut/u_unified_p4_kernel/ingress_group_q_reg","u_dut/u_unified_p4_kernel/input_mem_reg","0.018000000"
"u_dut/u_unified_p4_kernel/input_mem_reg[1][61][2]/CE","u_dut/u_unified_p4_kernel/ingress_group_q_reg[2]/C","-0.051000000","clk","clk","clk","u_dut/u_unified_p4_kernel/ingress_group_q_reg[2]","FDCE","u_dut/u_unified_p4_kernel/ingress_group_q_reg","u_dut/u_unified_p4_kernel/input_mem_reg[1][61][2]","FDRE","u_dut/u_unified_p4_kernel/input_mem_reg","2","0.301000000","1.686000000","1.987000000","0.848515350","SLICE_X82Y48","SLICE_X50Y40","","","SIGNATURE_SKIPPED|FDCE|FDRE","SIGNATURE_SKIPPED|FDCE|FDRE","DUT_INTERNAL","u_dut/u_unified_p4_kernel/ingress_group_q_reg","u_dut/u_unified_p4_kernel/input_mem_reg","0.051000000"
"u_dut/u_unified_p4_kernel/input_mem_reg[1][61][4]/CE","u_dut/u_unified_p4_kernel/ingress_group_q_reg[2]/C","-0.051000000","clk","clk","clk","u_dut/u_unified_p4_kernel/ingress_group_q_reg[2]","FDCE","u_dut/u_unified_p4_kernel/ingress_group_q_reg","u_dut/u_unified_p4_kernel/input_mem_reg[1][61][4]","FDRE","u_dut/u_unified_p4_kernel/input_mem_reg","2","0.301000000","1.686000000","1.987000000","0.848515350","SLICE_X82Y48","SLICE_X50Y40","","","SIGNATURE_SKIPPED|FDCE|FDRE","SIGNATURE_SKIPPED|FDCE|FDRE","DUT_INTERNAL","u_dut/u_unified_p4_kernel/ingress_group_q_reg","u_dut/u_unified_p4_kernel/input_mem_reg","0.051000000"
"u_dut/u_unified_p4_kernel/input_mem_reg[1][62][10]/CE","u_dut/u_unified_p4_kernel/ingress_group_q_reg[2]/C","-0.016000000","clk","clk","clk","u_dut/u_unified_p4_kernel/ingress_group_q_reg[2]","FDCE","u_dut/u_unified_p4_kernel/ingress_group_q_reg","u_dut/u_unified_p4_kernel/input_mem_reg[1][62][10]","FDRE","u_dut/u_unified_p4_kernel/input_mem_reg","2","0.301000000","1.641000000","1.942000000","0.845005149","SLICE_X82Y48","SLICE_X49Y35","","","SIGNATURE_SKIPPED|FDCE|FDRE","SIGNATURE_SKIPPED|FDCE|FDRE","DUT_INTERNAL","u_dut/u_unified_p4_kernel/ingress_group_q_reg","u_dut/u_unified_p4_kernel/input_mem_reg","0.016000000"
"u_dut/u_unified_p4_kernel/input_mem_reg[1][62][14]/D","u_dut/u_unified_p4_kernel/ingress_data_q_reg[46]/C","-0.003000000","clk","clk","clk","u_dut/u_unified_p4_kernel/ingress_data_q_reg[46]","FDRE","u_dut/u_unified_p4_kernel/ingress_data_q_reg","u_dut/u_unified_p4_kernel/input_mem_reg[1][62][14]","FDRE","u_dut/u_unified_p4_kernel/input_mem_reg","0","0.078000000","1.831000000","1.909000000","0.959140911","SLICE_X79Y76","SLICE_X55Y34","","","SIGNATURE_SKIPPED|FDRE|FDRE","SIGNATURE_SKIPPED|FDRE|FDRE","DUT_INTERNAL","u_dut/u_unified_p4_kernel/ingress_data_q_reg","u_dut/u_unified_p4_kernel/input_mem_reg","0.003000000"
"u_dut/u_unified_p4_kernel/input_mem_reg[1][8][6]/D","u_dut/u_unified_p4_kernel/ingress_data_q_reg[6]/C","-0.002000000","clk","clk","clk","u_dut/u_unified_p4_kernel/ingress_data_q_reg[6]","FDRE","u_dut/u_unified_p4_kernel/ingress_data_q_reg","u_dut/u_unified_p4_kernel/input_mem_reg[1][8][6]","FDRE","u_dut/u_unified_p4_kernel/input_mem_reg","0","0.079000000","1.850000000","1.929000000","0.959046138","SLICE_X87Y78","SLICE_X64Y14","","","SIGNATURE_SKIPPED|FDRE|FDRE","SIGNATURE_SKIPPED|FDRE|FDRE","DUT_INTERNAL","u_dut/u_unified_p4_kernel/ingress_data_q_reg","u_dut/u_unified_p4_kernel/input_mem_reg","0.002000000"
"u_dut/u_unified_p4_kernel/input_mem_reg[1][9][0]/D","u_dut/u_unified_p4_kernel/ingress_data_q_reg[16]/C","-0.061000000","clk","clk","clk","u_dut/u_unified_p4_kernel/ingress_data_q_reg[16]","FDRE","u_dut/u_unified_p4_kernel/ingress_data_q_reg","u_dut/u_unified_p4_kernel/input_mem_reg[1][9][0]","FDRE","u_dut/u_unified_p4_kernel/input_mem_reg","0","0.078000000","1.774000000","1.852000000","0.957883369","SLICE_X79Y72","SLICE_X63Y9","","","SIGNATURE_SKIPPED|FDRE|FDRE","SIGNATURE_SKIPPED|FDRE|FDRE","DUT_INTERNAL","u_dut/u_unified_p4_kernel/ingress_data_q_reg","u_dut/u_unified_p4_kernel/input_mem_reg","0.061000000"
"u_dut/u_unified_p4_kernel/input_mem_reg[2][10][15]/D","u_dut/u_unified_p4_kernel/ingress_data_q_reg[47]/C","-0.006000000","clk","clk","clk","u_dut/u_unified_p4_kernel/ingress_data_q_reg[47]","FDRE","u_dut/u_unified_p4_kernel/ingress_data_q_reg","u_dut/u_unified_p4_kernel/input_mem_reg[2][10][15]","FDRE","u_dut/u_unified_p4_kernel/input_mem_reg","0","0.078000000","1.838000000","1.916000000","0.959290188","SLICE_X82Y77","SLICE_X64Y5","","","SIGNATURE_SKIPPED|FDRE|FDRE","SIGNATURE_SKIPPED|FDRE|FDRE","DUT_INTERNAL","u_dut/u_unified_p4_kernel/ingress_data_q_reg","u_dut/u_unified_p4_kernel/input_mem_reg","0.006000000"
"u_dut/u_unified_p4_kernel/input_mem_reg[2][12][14]/CE","u_dut/u_unified_p4_kernel/ingress_valid_q_reg/C","-0.041000000","clk","clk","clk","u_dut/u_unified_p4_kernel/ingress_valid_q_reg","FDCE","u_dut/u_unified_p4_kernel/ingress_valid_q_reg","u_dut/u_unified_p4_kernel/input_mem_reg[2][12][14]","FDRE","u_dut/u_unified_p4_kernel/input_mem_reg","1","0.202000000","1.674000000","1.876000000","0.892324094","SLICE_X80Y64","SLICE_X68Y13","","","SIGNATURE_SKIPPED|FDCE|FDRE","SIGNATURE_SKIPPED|FDCE|FDRE","DUT_INTERNAL","u_dut/u_unified_p4_kernel/ingress_valid_q_reg","u_dut/u_unified_p4_kernel/input_mem_reg","0.041000000"
"u_dut/u_unified_p4_kernel/input_mem_reg[2][12][4]/CE","u_dut/u_unified_p4_kernel/ingress_valid_q_reg/C","-0.041000000","clk","clk","clk","u_dut/u_unified_p4_kernel/ingress_valid_q_reg","FDCE","u_dut/u_unified_p4_kernel/ingress_valid_q_reg","u_dut/u_unified_p4_kernel/input_mem_reg[2][12][4]","FDRE","u_dut/u_unified_p4_kernel/input_mem_reg","1","0.202000000","1.674000000","1.876000000","0.892324094","SLICE_X80Y64","SLICE_X68Y13","","","SIGNATURE_SKIPPED|FDCE|FDRE","SIGNATURE_SKIPPED|FDCE|FDRE","DUT_INTERNAL","u_dut/u_unified_p4_kernel/ingress_valid_q_reg","u_dut/u_unified_p4_kernel/input_mem_reg","0.041000000"
"u_dut/u_unified_p4_kernel/input_mem_reg[2][13][0]/D","u_dut/u_unified_p4_kernel/ingress_data_q_reg[16]/C","-0.045000000","clk","clk","clk","u_dut/u_unified_p4_kernel/ingress_data_q_reg[16]","FDRE","u_dut/u_unified_p4_kernel/ingress_data_q_reg","u_dut/u_unified_p4_kernel/input_mem_reg[2][13][0]","FDRE","u_dut/u_unified_p4_kernel/input_mem_reg","0","0.078000000","1.751000000","1.829000000","0.957353745","SLICE_X79Y72","SLICE_X70Y11","","","SIGNATURE_SKIPPED|FDRE|FDRE","SIGNATURE_SKIPPED|FDRE|FDRE","DUT_INTERNAL","u_dut/u_unified_p4_kernel/ingress_data_q_reg","u_dut/u_unified_p4_kernel/input_mem_reg","0.045000000"
"u_dut/u_unified_p4_kernel/input_mem_reg[2][13][15]/CE","u_dut/u_unified_p4_kernel/ingress_valid_q_reg/C","-0.006000000","clk","clk","clk","u_dut/u_unified_p4_kernel/ingress_valid_q_reg","FDCE","u_dut/u_unified_p4_kernel/ingress_valid_q_reg","u_dut/u_unified_p4_kernel/input_mem_reg[2][13][15]","FDRE","u_dut/u_unified_p4_kernel/input_mem_reg","1","0.202000000","1.638000000","1.840000000","0.890217391","SLICE_X80Y64","SLICE_X70Y12","","","SIGNATURE_SKIPPED|FDCE|FDRE","SIGNATURE_SKIPPED|FDCE|FDRE","DUT_INTERNAL","u_dut/u_unified_p4_kernel/ingress_valid_q_reg","u_dut/u_unified_p4_kernel/input_mem_reg","0.006000000"
"u_dut/u_unified_p4_kernel/input_mem_reg[2][13][3]/CE","u_dut/u_unified_p4_kernel/ingress_valid_q_reg/C","-0.006000000","clk","clk","clk","u_dut/u_unified_p4_kernel/ingress_valid_q_reg","FDCE","u_dut/u_unified_p4_kernel/ingress_valid_q_reg","u_dut/u_unified_p4_kernel/input_mem_reg[2][13][3]","FDRE","u_dut/u_unified_p4_kernel/input_mem_reg","1","0.202000000","1.638000000","1.840000000","0.890217391","SLICE_X80Y64","SLICE_X70Y12","","","SIGNATURE_SKIPPED|FDCE|FDRE","SIGNATURE_SKIPPED|FDCE|FDRE","DUT_INTERNAL","u_dut/u_unified_p4_kernel/ingress_valid_q_reg","u_dut/u_unified_p4_kernel/input_mem_reg","0.006000000"
"u_dut/u_unified_p4_kernel/input_mem_reg[2][13][6]/CE","u_dut/u_unified_p4_kernel/ingress_valid_q_reg/C","-0.041000000","clk","clk","clk","u_dut/u_unified_p4_kernel/ingress_valid_q_reg","FDCE","u_dut/u_unified_p4_kernel/ingress_valid_q_reg","u_dut/u_unified_p4_kernel/input_mem_reg[2][13][6]","FDRE","u_dut/u_unified_p4_kernel/input_mem_reg","1","0.202000000","1.674000000","1.876000000","0.892324094","SLICE_X80Y64","SLICE_X68Y13","","","SIGNATURE_SKIPPED|FDCE|FDRE","SIGNATURE_SKIPPED|FDCE|FDRE","DUT_INTERNAL","u_dut/u_unified_p4_kernel/ingress_valid_q_reg","u_dut/u_unified_p4_kernel/input_mem_reg","0.041000000"
"u_dut/u_unified_p4_kernel/input_mem_reg[2][13][7]/CE","u_dut/u_unified_p4_kernel/ingress_valid_q_reg/C","-0.006000000","clk","clk","clk","u_dut/u_unified_p4_kernel/ingress_valid_q_reg","FDCE","u_dut/u_unified_p4_kernel/ingress_valid_q_reg","u_dut/u_unified_p4_kernel/input_mem_reg[2][13][7]","FDRE","u_dut/u_unified_p4_kernel/input_mem_reg","1","0.202000000","1.638000000","1.840000000","0.890217391","SLICE_X80Y64","SLICE_X70Y12","","","SIGNATURE_SKIPPED|FDCE|FDRE","SIGNATURE_SKIPPED|FDCE|FDRE","DUT_INTERNAL","u_dut/u_unified_p4_kernel/ingress_valid_q_reg","u_dut/u_unified_p4_kernel/input_mem_reg","0.006000000"
"u_dut/u_unified_p4_kernel/input_mem_reg[2][13][9]/CE","u_dut/u_unified_p4_kernel/ingress_valid_q_reg/C","-0.006000000","clk","clk","clk","u_dut/u_unified_p4_kernel/ingress_valid_q_reg","FDCE","u_dut/u_unified_p4_kernel/ingress_valid_q_reg","u_dut/u_unified_p4_kernel/input_mem_reg[2][13][9]","FDRE","u_dut/u_unified_p4_kernel/input_mem_reg","1","0.202000000","1.638000000","1.840000000","0.890217391","SLICE_X80Y64","SLICE_X70Y12","","","SIGNATURE_SKIPPED|FDCE|FDRE","SIGNATURE_SKIPPED|FDCE|FDRE","DUT_INTERNAL","u_dut/u_unified_p4_kernel/ingress_valid_q_reg","u_dut/u_unified_p4_kernel/input_mem_reg","0.006000000"
"u_dut/u_unified_p4_kernel/input_mem_reg[2][14][3]/CE","u_dut/u_unified_p4_kernel/ingress_valid_q_reg/C","-0.007000000","clk","clk","clk","u_dut/u_unified_p4_kernel/ingress_valid_q_reg","FDCE","u_dut/u_unified_p4_kernel/ingress_valid_q_reg","u_dut/u_unified_p4_kernel/input_mem_reg[2][14][3]","FDRE","u_dut/u_unified_p4_kernel/input_mem_reg","1","0.202000000","1.641000000","1.843000000","0.890396093","SLICE_X80Y64","SLICE_X70Y10","","","SIGNATURE_SKIPPED|FDCE|FDRE","SIGNATURE_SKIPPED|FDCE|FDRE","DUT_INTERNAL","u_dut/u_unified_p4_kernel/ingress_valid_q_reg","u_dut/u_unified_p4_kernel/input_mem_reg","0.007000000"
"u_dut/u_unified_p4_kernel/input_mem_reg[2][14][4]/CE","u_dut/u_unified_p4_kernel/ingress_valid_q_reg/C","-0.007000000","clk","clk","clk","u_dut/u_unified_p4_kernel/ingress_valid_q_reg","FDCE","u_dut/u_unified_p4_kernel/ingress_valid_q_reg","u_dut/u_unified_p4_kernel/input_mem_reg[2][14][4]","FDRE","u_dut/u_unified_p4_kernel/input_mem_reg","1","0.202000000","1.641000000","1.843000000","0.890396093","SLICE_X80Y64","SLICE_X70Y10","","","SIGNATURE_SKIPPED|FDCE|FDRE","SIGNATURE_SKIPPED|FDCE|FDRE","DUT_INTERNAL","u_dut/u_unified_p4_kernel/ingress_valid_q_reg","u_dut/u_unified_p4_kernel/input_mem_reg","0.007000000"
"u_dut/u_unified_p4_kernel/input_mem_reg[2][14][5]/CE","u_dut/u_unified_p4_kernel/ingress_valid_q_reg/C","-0.007000000","clk","clk","clk","u_dut/u_unified_p4_kernel/ingress_valid_q_reg","FDCE","u_dut/u_unified_p4_kernel/ingress_valid_q_reg","u_dut/u_unified_p4_kernel/input_mem_reg[2][14][5]","FDRE","u_dut/u_unified_p4_kernel/input_mem_reg","1","0.202000000","1.641000000","1.843000000","0.890396093","SLICE_X80Y64","SLICE_X70Y10","","","SIGNATURE_SKIPPED|FDCE|FDRE","SIGNATURE_SKIPPED|FDCE|FDRE","DUT_INTERNAL","u_dut/u_unified_p4_kernel/ingress_valid_q_reg","u_dut/u_unified_p4_kernel/input_mem_reg","0.007000000"
"u_dut/u_unified_p4_kernel/input_mem_reg[2][15][0]/D","u_dut/u_unified_p4_kernel/ingress_data_q_reg[48]/C","-0.106000000","clk","clk","clk","u_dut/u_unified_p4_kernel/ingress_data_q_reg[48]","FDRE","u_dut/u_unified_p4_kernel/ingress_data_q_reg","u_dut/u_unified_p4_kernel/input_mem_reg[2][15][0]","FDRE","u_dut/u_unified_p4_kernel/input_mem_reg","0","0.079000000","1.825000000","1.904000000","0.958508403","SLICE_X77Y77","SLICE_X63Y14","","","SIGNATURE_SKIPPED|FDRE|FDRE","SIGNATURE_SKIPPED|FDRE|FDRE","DUT_INTERNAL","u_dut/u_unified_p4_kernel/ingress_data_q_reg","u_dut/u_unified_p4_kernel/input_mem_reg","0.106000000"
"u_dut/u_unified_p4_kernel/input_mem_reg[2][15][8]/CE","u_dut/u_unified_p4_kernel/ingress_valid_q_reg/C","-0.041000000","clk","clk","clk","u_dut/u_unified_p4_kernel/ingress_valid_q_reg","FDCE","u_dut/u_unified_p4_kernel/ingress_valid_q_reg","u_dut/u_unified_p4_kernel/input_mem_reg[2][15][8]","FDRE","u_dut/u_unified_p4_kernel/input_mem_reg","1","0.202000000","1.674000000","1.876000000","0.892324094","SLICE_X80Y64","SLICE_X68Y13","","","SIGNATURE_SKIPPED|FDCE|FDRE","SIGNATURE_SKIPPED|FDCE|FDRE","DUT_INTERNAL","u_dut/u_unified_p4_kernel/ingress_valid_q_reg","u_dut/u_unified_p4_kernel/input_mem_reg","0.041000000"
"u_dut/u_unified_p4_kernel/input_mem_reg[2][16][14]/CE","u_dut/u_unified_p4_kernel/ingress_group_q_reg[2]/C","-0.029000000","clk","clk","clk","u_dut/u_unified_p4_kernel/ingress_group_q_reg[2]","FDCE","u_dut/u_unified_p4_kernel/ingress_group_q_reg","u_dut/u_unified_p4_kernel/input_mem_reg[2][16][14]","FDRE","u_dut/u_unified_p4_kernel/input_mem_reg","2","0.254000000","1.595000000","1.849000000","0.862628448","SLICE_X82Y48","SLICE_X83Y9","","","SIGNATURE_SKIPPED|FDCE|FDRE","SIGNATURE_SKIPPED|FDCE|FDRE","DUT_INTERNAL","u_dut/u_unified_p4_kernel/ingress_group_q_reg","u_dut/u_unified_p4_kernel/input_mem_reg","0.029000000"
"u_dut/u_unified_p4_kernel/input_mem_reg[2][16][1]/CE","u_dut/u_unified_p4_kernel/ingress_group_q_reg[2]/C","-0.029000000","clk","clk","clk","u_dut/u_unified_p4_kernel/ingress_group_q_reg[2]","FDCE","u_dut/u_unified_p4_kernel/ingress_group_q_reg","u_dut/u_unified_p4_kernel/input_mem_reg[2][16][1]","FDRE","u_dut/u_unified_p4_kernel/input_mem_reg","2","0.254000000","1.595000000","1.849000000","0.862628448","SLICE_X82Y48","SLICE_X83Y9","","","SIGNATURE_SKIPPED|FDCE|FDRE","SIGNATURE_SKIPPED|FDCE|FDRE","DUT_INTERNAL","u_dut/u_unified_p4_kernel/ingress_group_q_reg","u_dut/u_unified_p4_kernel/input_mem_reg","0.029000000"
"u_dut/u_unified_p4_kernel/input_mem_reg[2][16][9]/D","u_dut/u_unified_p4_kernel/ingress_data_q_reg[9]/C","-0.014000000","clk","clk","clk","u_dut/u_unified_p4_kernel/ingress_data_q_reg[9]","FDRE","u_dut/u_unified_p4_kernel/ingress_data_q_reg","u_dut/u_unified_p4_kernel/input_mem_reg[2][16][9]","FDRE","u_dut/u_unified_p4_kernel/input_mem_reg","0","0.077000000","1.847000000","1.924000000","0.959979210","SLICE_X81Y74","SLICE_X75Y9","","","SIGNATURE_SKIPPED|FDRE|FDRE","SIGNATURE_SKIPPED|FDRE|FDRE","DUT_INTERNAL","u_dut/u_unified_p4_kernel/ingress_data_q_reg","u_dut/u_unified_p4_kernel/input_mem_reg","0.014000000"
"u_dut/u_unified_p4_kernel/input_mem_reg[2][20][13]/D","u_dut/u_unified_p4_kernel/ingress_data_q_reg[13]/C","-0.004000000","clk","clk","clk","u_dut/u_unified_p4_kernel/ingress_data_q_reg[13]","FDRE","u_dut/u_unified_p4_kernel/ingress_data_q_reg","u_dut/u_unified_p4_kernel/input_mem_reg[2][20][13]","FDRE","u_dut/u_unified_p4_kernel/input_mem_reg","0","0.079000000","1.743000000","1.822000000","0.956641054","SLICE_X76Y76","SLICE_X96Y19","","","SIGNATURE_SKIPPED|FDRE|FDRE","SIGNATURE_SKIPPED|FDRE|FDRE","DUT_INTERNAL","u_dut/u_unified_p4_kernel/ingress_data_q_reg","u_dut/u_unified_p4_kernel/input_mem_reg","0.004000000"
"u_dut/u_unified_p4_kernel/input_mem_reg[2][21][10]/D","u_dut/u_unified_p4_kernel/ingress_data_q_reg[26]/C","-0.033000000","clk","clk","clk","u_dut/u_unified_p4_kernel/ingress_data_q_reg[26]","FDRE","u_dut/u_unified_p4_kernel/ingress_data_q_reg","u_dut/u_unified_p4_kernel/input_mem_reg[2][21][10]","FDRE","u_dut/u_unified_p4_kernel/input_mem_reg","0","0.079000000","1.858000000","1.937000000","0.959215281","SLICE_X78Y75","SLICE_X93Y24","","","SIGNATURE_SKIPPED|FDRE|FDRE","SIGNATURE_SKIPPED|FDRE|FDRE","DUT_INTERNAL","u_dut/u_unified_p4_kernel/ingress_data_q_reg","u_dut/u_unified_p4_kernel/input_mem_reg","0.033000000"
"u_dut/u_unified_p4_kernel/input_mem_reg[2][22][9]/D","u_dut/u_unified_p4_kernel/ingress_data_q_reg[41]/C","-0.035000000","clk","clk","clk","u_dut/u_unified_p4_kernel/ingress_data_q_reg[41]","FDRE","u_dut/u_unified_p4_kernel/ingress_data_q_reg","u_dut/u_unified_p4_kernel/input_mem_reg[2][22][9]","FDRE","u_dut/u_unified_p4_kernel/input_mem_reg","0","0.079000000","1.771000000","1.850000000","0.957297297","SLICE_X78Y78","SLICE_X96Y21","","","SIGNATURE_SKIPPED|FDRE|FDRE","SIGNATURE_SKIPPED|FDRE|FDRE","DUT_INTERNAL","u_dut/u_unified_p4_kernel/ingress_data_q_reg","u_dut/u_unified_p4_kernel/input_mem_reg","0.035000000"
"u_dut/u_unified_p4_kernel/input_mem_reg[2][25][11]/D","u_dut/u_unified_p4_kernel/ingress_data_q_reg[27]/C","-0.041000000","clk","clk","clk","u_dut/u_unified_p4_kernel/ingress_data_q_reg[27]","FDRE","u_dut/u_unified_p4_kernel/ingress_data_q_reg","u_dut/u_unified_p4_kernel/input_mem_reg[2][25][11]","FDRE","u_dut/u_unified_p4_kernel/input_mem_reg","0","0.078000000","1.774000000","1.852000000","0.957883369","SLICE_X79Y76","SLICE_X88Y13","","","SIGNATURE_SKIPPED|FDRE|FDRE","SIGNATURE_SKIPPED|FDRE|FDRE","DUT_INTERNAL","u_dut/u_unified_p4_kernel/ingress_data_q_reg","u_dut/u_unified_p4_kernel/input_mem_reg","0.041000000"
"u_dut/u_unified_p4_kernel/input_mem_reg[2][27][0]/D","u_dut/u_unified_p4_kernel/ingress_data_q_reg[48]/C","-0.027000000","clk","clk","clk","u_dut/u_unified_p4_kernel/ingress_data_q_reg[48]","FDRE","u_dut/u_unified_p4_kernel/ingress_data_q_reg","u_dut/u_unified_p4_kernel/input_mem_reg[2][27][0]","FDRE","u_dut/u_unified_p4_kernel/input_mem_reg","0","0.079000000","1.700000000","1.779000000","0.955593030","SLICE_X77Y77","SLICE_X86Y11","","","SIGNATURE_SKIPPED|FDRE|FDRE","SIGNATURE_SKIPPED|FDRE|FDRE","DUT_INTERNAL","u_dut/u_unified_p4_kernel/ingress_data_q_reg","u_dut/u_unified_p4_kernel/input_mem_reg","0.027000000"
"u_dut/u_unified_p4_kernel/input_mem_reg[2][32][0]/CE","u_dut/u_unified_p4_kernel/ingress_valid_q_reg/C","-0.015000000","clk","clk","clk","u_dut/u_unified_p4_kernel/ingress_valid_q_reg","FDCE","u_dut/u_unified_p4_kernel/ingress_valid_q_reg","u_dut/u_unified_p4_kernel/input_mem_reg[2][32][0]","FDRE","u_dut/u_unified_p4_kernel/input_mem_reg","2","0.350000000","1.480000000","1.830000000","0.808743169","SLICE_X80Y64","SLICE_X77Y11","","","SIGNATURE_SKIPPED|FDCE|FDRE","SIGNATURE_SKIPPED|FDCE|FDRE","DUT_INTERNAL","u_dut/u_unified_p4_kernel/ingress_valid_q_reg","u_dut/u_unified_p4_kernel/input_mem_reg","0.015000000"
"u_dut/u_unified_p4_kernel/input_mem_reg[2][32][10]/CE","u_dut/u_unified_p4_kernel/ingress_valid_q_reg/C","-0.015000000","clk","clk","clk","u_dut/u_unified_p4_kernel/ingress_valid_q_reg","FDCE","u_dut/u_unified_p4_kernel/ingress_valid_q_reg","u_dut/u_unified_p4_kernel/input_mem_reg[2][32][10]","FDRE","u_dut/u_unified_p4_kernel/input_mem_reg","2","0.350000000","1.480000000","1.830000000","0.808743169","SLICE_X80Y64","SLICE_X77Y11","","","SIGNATURE_SKIPPED|FDCE|FDRE","SIGNATURE_SKIPPED|FDCE|FDRE","DUT_INTERNAL","u_dut/u_unified_p4_kernel/ingress_valid_q_reg","u_dut/u_unified_p4_kernel/input_mem_reg","0.015000000"
"u_dut/u_unified_p4_kernel/input_mem_reg[2][33][2]/CE","u_dut/u_unified_p4_kernel/ingress_valid_q_reg/C","-0.020000000","clk","clk","clk","u_dut/u_unified_p4_kernel/ingress_valid_q_reg","FDCE","u_dut/u_unified_p4_kernel/ingress_valid_q_reg","u_dut/u_unified_p4_kernel/input_mem_reg[2][33][2]","FDRE","u_dut/u_unified_p4_kernel/input_mem_reg","2","0.350000000","1.486000000","1.836000000","0.809368192","SLICE_X80Y64","SLICE_X77Y9","","","SIGNATURE_SKIPPED|FDCE|FDRE","SIGNATURE_SKIPPED|FDCE|FDRE","DUT_INTERNAL","u_dut/u_unified_p4_kernel/ingress_valid_q_reg","u_dut/u_unified_p4_kernel/input_mem_reg","0.020000000"
"u_dut/u_unified_p4_kernel/input_mem_reg[2][33][3]/CE","u_dut/u_unified_p4_kernel/ingress_valid_q_reg/C","-0.020000000","clk","clk","clk","u_dut/u_unified_p4_kernel/ingress_valid_q_reg","FDCE","u_dut/u_unified_p4_kernel/ingress_valid_q_reg","u_dut/u_unified_p4_kernel/input_mem_reg[2][33][3]","FDRE","u_dut/u_unified_p4_kernel/input_mem_reg","2","0.350000000","1.486000000","1.836000000","0.809368192","SLICE_X80Y64","SLICE_X77Y9","","","SIGNATURE_SKIPPED|FDCE|FDRE","SIGNATURE_SKIPPED|FDCE|FDRE","DUT_INTERNAL","u_dut/u_unified_p4_kernel/ingress_valid_q_reg","u_dut/u_unified_p4_kernel/input_mem_reg","0.020000000"
"u_dut/u_unified_p4_kernel/input_mem_reg[2][35][5]/CE","u_dut/u_unified_p4_kernel/ingress_valid_q_reg/C","-0.020000000","clk","clk","clk","u_dut/u_unified_p4_kernel/ingress_valid_q_reg","FDCE","u_dut/u_unified_p4_kernel/ingress_valid_q_reg","u_dut/u_unified_p4_kernel/input_mem_reg[2][35][5]","FDRE","u_dut/u_unified_p4_kernel/input_mem_reg","2","0.350000000","1.486000000","1.836000000","0.809368192","SLICE_X80Y64","SLICE_X77Y9","","","SIGNATURE_SKIPPED|FDCE|FDRE","SIGNATURE_SKIPPED|FDCE|FDRE","DUT_INTERNAL","u_dut/u_unified_p4_kernel/ingress_valid_q_reg","u_dut/u_unified_p4_kernel/input_mem_reg","0.020000000"
"u_dut/u_unified_p4_kernel/input_mem_reg[2][35][6]/CE","u_dut/u_unified_p4_kernel/ingress_valid_q_reg/C","-0.020000000","clk","clk","clk","u_dut/u_unified_p4_kernel/ingress_valid_q_reg","FDCE","u_dut/u_unified_p4_kernel/ingress_valid_q_reg","u_dut/u_unified_p4_kernel/input_mem_reg[2][35][6]","FDRE","u_dut/u_unified_p4_kernel/input_mem_reg","2","0.350000000","1.486000000","1.836000000","0.809368192","SLICE_X80Y64","SLICE_X77Y9","","","SIGNATURE_SKIPPED|FDCE|FDRE","SIGNATURE_SKIPPED|FDCE|FDRE","DUT_INTERNAL","u_dut/u_unified_p4_kernel/ingress_valid_q_reg","u_dut/u_unified_p4_kernel/input_mem_reg","0.020000000"
"u_dut/u_unified_p4_kernel/input_mem_reg[2][37][3]/CE","u_dut/u_unified_p4_kernel/ingress_valid_q_reg/C","-0.014000000","clk","clk","clk","u_dut/u_unified_p4_kernel/ingress_valid_q_reg","FDCE","u_dut/u_unified_p4_kernel/ingress_valid_q_reg","u_dut/u_unified_p4_kernel/input_mem_reg[2][37][3]","FDRE","u_dut/u_unified_p4_kernel/input_mem_reg","2","0.237000000","1.565000000","1.802000000","0.868479467","SLICE_X80Y64","SLICE_X82Y20","","","SIGNATURE_SKIPPED|FDCE|FDRE","SIGNATURE_SKIPPED|FDCE|FDRE","DUT_INTERNAL","u_dut/u_unified_p4_kernel/ingress_valid_q_reg","u_dut/u_unified_p4_kernel/input_mem_reg","0.014000000"
"u_dut/u_unified_p4_kernel/input_mem_reg[2][38][4]/D","u_dut/u_unified_p4_kernel/ingress_data_q_reg[36]/C","-0.007000000","clk","clk","clk","u_dut/u_unified_p4_kernel/ingress_data_q_reg[36]","FDRE","u_dut/u_unified_p4_kernel/ingress_data_q_reg","u_dut/u_unified_p4_kernel/input_mem_reg[2][38][4]","FDRE","u_dut/u_unified_p4_kernel/input_mem_reg","0","0.079000000","1.668000000","1.747000000","0.954779622","SLICE_X77Y76","SLICE_X82Y17","","","SIGNATURE_SKIPPED|FDRE|FDRE","SIGNATURE_SKIPPED|FDRE|FDRE","DUT_INTERNAL","u_dut/u_unified_p4_kernel/ingress_data_q_reg","u_dut/u_unified_p4_kernel/input_mem_reg","0.007000000"
"u_dut/u_unified_p4_kernel/input_mem_reg[2][46][4]/D","u_dut/u_unified_p4_kernel/ingress_data_q_reg[36]/C","-0.005000000","clk","clk","clk","u_dut/u_unified_p4_kernel/ingress_data_q_reg[36]","FDRE","u_dut/u_unified_p4_kernel/ingress_data_q_reg","u_dut/u_unified_p4_kernel/input_mem_reg[2][46][4]","FDRE","u_dut/u_unified_p4_kernel/input_mem_reg","0","0.079000000","1.681000000","1.760000000","0.955113636","SLICE_X77Y76","SLICE_X76Y25","","","SIGNATURE_SKIPPED|FDRE|FDRE","SIGNATURE_SKIPPED|FDRE|FDRE","DUT_INTERNAL","u_dut/u_unified_p4_kernel/ingress_data_q_reg","u_dut/u_unified_p4_kernel/input_mem_reg","0.005000000"
"u_dut/u_unified_p4_kernel/input_mem_reg[2][50][14]/D","u_dut/u_unified_p4_kernel/ingress_data_q_reg[46]/C","-0.052000000","clk","clk","clk","u_dut/u_unified_p4_kernel/ingress_data_q_reg[46]","FDRE","u_dut/u_unified_p4_kernel/ingress_data_q_reg","u_dut/u_unified_p4_kernel/input_mem_reg[2][50][14]","FDRE","u_dut/u_unified_p4_kernel/input_mem_reg","0","0.078000000","1.856000000","1.934000000","0.959669080","SLICE_X79Y76","SLICE_X98Y38","","","SIGNATURE_SKIPPED|FDRE|FDRE","SIGNATURE_SKIPPED|FDRE|FDRE","DUT_INTERNAL","u_dut/u_unified_p4_kernel/ingress_data_q_reg","u_dut/u_unified_p4_kernel/input_mem_reg","0.052000000"
"u_dut/u_unified_p4_kernel/input_mem_reg[2][57][0]/D","u_dut/u_unified_p4_kernel/ingress_data_q_reg[16]/C","-0.059000000","clk","clk","clk","u_dut/u_unified_p4_kernel/ingress_data_q_reg[16]","FDRE","u_dut/u_unified_p4_kernel/ingress_data_q_reg","u_dut/u_unified_p4_kernel/input_mem_reg[2][57][0]","FDRE","u_dut/u_unified_p4_kernel/input_mem_reg","0","0.078000000","1.826000000","1.904000000","0.959033613","SLICE_X79Y72","SLICE_X52Y40","","","SIGNATURE_SKIPPED|FDRE|FDRE","SIGNATURE_SKIPPED|FDRE|FDRE","DUT_INTERNAL","u_dut/u_unified_p4_kernel/ingress_data_q_reg","u_dut/u_unified_p4_kernel/input_mem_reg","0.059000000"
"u_dut/u_unified_p4_kernel/input_mem_reg[2][57][11]/D","u_dut/u_unified_p4_kernel/ingress_data_q_reg[27]/C","-0.012000000","clk","clk","clk","u_dut/u_unified_p4_kernel/ingress_data_q_reg[27]","FDRE","u_dut/u_unified_p4_kernel/ingress_data_q_reg","u_dut/u_unified_p4_kernel/input_mem_reg[2][57][11]","FDRE","u_dut/u_unified_p4_kernel/input_mem_reg","0","0.078000000","1.790000000","1.868000000","0.958244111","SLICE_X79Y76","SLICE_X57Y36","","","SIGNATURE_SKIPPED|FDRE|FDRE","SIGNATURE_SKIPPED|FDRE|FDRE","DUT_INTERNAL","u_dut/u_unified_p4_kernel/ingress_data_q_reg","u_dut/u_unified_p4_kernel/input_mem_reg","0.012000000"
"u_dut/u_unified_p4_kernel/input_mem_reg[2][5][13]/CE","u_dut/u_unified_p4_kernel/ingress_group_q_reg[4]/C","-0.004000000","clk","clk","clk","u_dut/u_unified_p4_kernel/ingress_group_q_reg[4]","FDCE","u_dut/u_unified_p4_kernel/ingress_group_q_reg","u_dut/u_unified_p4_kernel/input_mem_reg[2][5][13]","FDRE","u_dut/u_unified_p4_kernel/input_mem_reg","2","0.316000000","1.619000000","1.935000000","0.836692506","SLICE_X82Y51","SLICE_X50Y28","","","SIGNATURE_SKIPPED|FDCE|FDRE","SIGNATURE_SKIPPED|FDCE|FDRE","DUT_INTERNAL","u_dut/u_unified_p4_kernel/ingress_group_q_reg","u_dut/u_unified_p4_kernel/input_mem_reg","0.004000000"
"u_dut/u_unified_p4_kernel/input_mem_reg[2][5][14]/CE","u_dut/u_unified_p4_kernel/ingress_group_q_reg[4]/C","-0.003000000","clk","clk","clk","u_dut/u_unified_p4_kernel/ingress_group_q_reg[4]","FDCE","u_dut/u_unified_p4_kernel/ingress_group_q_reg","u_dut/u_unified_p4_kernel/input_mem_reg[2][5][14]","FDRE","u_dut/u_unified_p4_kernel/input_mem_reg","2","0.316000000","1.615000000","1.931000000","0.836354221","SLICE_X82Y51","SLICE_X51Y28","","","SIGNATURE_SKIPPED|FDCE|FDRE","SIGNATURE_SKIPPED|FDCE|FDRE","DUT_INTERNAL","u_dut/u_unified_p4_kernel/ingress_group_q_reg","u_dut/u_unified_p4_kernel/input_mem_reg","0.003000000"
"u_dut/u_unified_p4_kernel/input_mem_reg[2][5][5]/CE","u_dut/u_unified_p4_kernel/ingress_group_q_reg[4]/C","-0.004000000","clk","clk","clk","u_dut/u_unified_p4_kernel/ingress_group_q_reg[4]","FDCE","u_dut/u_unified_p4_kernel/ingress_group_q_reg","u_dut/u_unified_p4_kernel/input_mem_reg[2][5][5]","FDRE","u_dut/u_unified_p4_kernel/input_mem_reg","2","0.316000000","1.619000000","1.935000000","0.836692506","SLICE_X82Y51","SLICE_X50Y28","","","SIGNATURE_SKIPPED|FDCE|FDRE","SIGNATURE_SKIPPED|FDCE|FDRE","DUT_INTERNAL","u_dut/u_unified_p4_kernel/ingress_group_q_reg","u_dut/u_unified_p4_kernel/input_mem_reg","0.004000000"
"u_dut/u_unified_p4_kernel/input_mem_reg[2][5][8]/CE","u_dut/u_unified_p4_kernel/ingress_group_q_reg[4]/C","-0.004000000","clk","clk","clk","u_dut/u_unified_p4_kernel/ingress_group_q_reg[4]","FDCE","u_dut/u_unified_p4_kernel/ingress_group_q_reg","u_dut/u_unified_p4_kernel/input_mem_reg[2][5][8]","FDRE","u_dut/u_unified_p4_kernel/input_mem_reg","2","0.316000000","1.619000000","1.935000000","0.836692506","SLICE_X82Y51","SLICE_X50Y28","","","SIGNATURE_SKIPPED|FDCE|FDRE","SIGNATURE_SKIPPED|FDCE|FDRE","DUT_INTERNAL","u_dut/u_unified_p4_kernel/ingress_group_q_reg","u_dut/u_unified_p4_kernel/input_mem_reg","0.004000000"
"u_dut/u_unified_p4_kernel/input_mem_reg[2][60][11]/CE","u_dut/u_unified_p4_kernel/ingress_group_q_reg[2]/C","-0.005000000","clk","clk","clk","u_dut/u_unified_p4_kernel/ingress_group_q_reg[2]","FDCE","u_dut/u_unified_p4_kernel/ingress_group_q_reg","u_dut/u_unified_p4_kernel/input_mem_reg[2][60][11]","FDRE","u_dut/u_unified_p4_kernel/input_mem_reg","2","0.238000000","1.701000000","1.939000000","0.877256318","SLICE_X82Y48","SLICE_X50Y38","","","SIGNATURE_SKIPPED|FDCE|FDRE","SIGNATURE_SKIPPED|FDCE|FDRE","DUT_INTERNAL","u_dut/u_unified_p4_kernel/ingress_group_q_reg","u_dut/u_unified_p4_kernel/input_mem_reg","0.005000000"
"u_dut/u_unified_p4_kernel/input_mem_reg[2][60][12]/D","u_dut/u_unified_p4_kernel/ingress_data_q_reg[12]/C","-0.012000000","clk","clk","clk","u_dut/u_unified_p4_kernel/ingress_data_q_reg[12]","FDRE","u_dut/u_unified_p4_kernel/ingress_data_q_reg","u_dut/u_unified_p4_kernel/input_mem_reg[2][60][12]","FDRE","u_dut/u_unified_p4_kernel/input_mem_reg","0","0.079000000","1.720000000","1.799000000","0.956086715","SLICE_X77Y76","SLICE_X56Y28","","","SIGNATURE_SKIPPED|FDRE|FDRE","SIGNATURE_SKIPPED|FDRE|FDRE","DUT_INTERNAL","u_dut/u_unified_p4_kernel/ingress_data_q_reg","u_dut/u_unified_p4_kernel/input_mem_reg","0.012000000"
"u_dut/u_unified_p4_kernel/input_mem_reg[2][60][13]/CE","u_dut/u_unified_p4_kernel/ingress_group_q_reg[2]/C","-0.005000000","clk","clk","clk","u_dut/u_unified_p4_kernel/ingress_group_q_reg[2]","FDCE","u_dut/u_unified_p4_kernel/ingress_group_q_reg","u_dut/u_unified_p4_kernel/input_mem_reg[2][60][13]","FDRE","u_dut/u_unified_p4_kernel/input_mem_reg","2","0.238000000","1.701000000","1.939000000","0.877256318","SLICE_X82Y48","SLICE_X50Y38","","","SIGNATURE_SKIPPED|FDCE|FDRE","SIGNATURE_SKIPPED|FDCE|FDRE","DUT_INTERNAL","u_dut/u_unified_p4_kernel/ingress_group_q_reg","u_dut/u_unified_p4_kernel/input_mem_reg","0.005000000"
"u_dut/u_unified_p4_kernel/input_mem_reg[2][62][10]/D","u_dut/u_unified_p4_kernel/ingress_data_q_reg[42]/C","-0.027000000","clk","clk","clk","u_dut/u_unified_p4_kernel/ingress_data_q_reg[42]","FDRE","u_dut/u_unified_p4_kernel/ingress_data_q_reg","u_dut/u_unified_p4_kernel/input_mem_reg[2][62][10]","FDRE","u_dut/u_unified_p4_kernel/input_mem_reg","0","0.079000000","1.916000000","1.995000000","0.960401003","SLICE_X83Y78","SLICE_X49Y36","","","SIGNATURE_SKIPPED|FDRE|FDRE","SIGNATURE_SKIPPED|FDRE|FDRE","DUT_INTERNAL","u_dut/u_unified_p4_kernel/ingress_data_q_reg","u_dut/u_unified_p4_kernel/input_mem_reg","0.027000000"
"u_dut/u_unified_p4_kernel/input_mem_reg[3][0][12]/D","u_dut/u_unified_p4_kernel/ingress_data_q_reg[12]/C","-0.047000000","clk","clk","clk","u_dut/u_unified_p4_kernel/ingress_data_q_reg[12]","FDRE","u_dut/u_unified_p4_kernel/ingress_data_q_reg","u_dut/u_unified_p4_kernel/input_mem_reg[3][0][12]","FDRE","u_dut/u_unified_p4_kernel/input_mem_reg","0","0.079000000","1.824000000","1.903000000","0.958486600","SLICE_X77Y76","SLICE_X54Y19","","","SIGNATURE_SKIPPED|FDRE|FDRE","SIGNATURE_SKIPPED|FDRE|FDRE","DUT_INTERNAL","u_dut/u_unified_p4_kernel/ingress_data_q_reg","u_dut/u_unified_p4_kernel/input_mem_reg","0.047000000"
"u_dut/u_unified_p4_kernel/input_mem_reg[3][11][0]/D","u_dut/u_unified_p4_kernel/ingress_data_q_reg[48]/C","-0.070000000","clk","clk","clk","u_dut/u_unified_p4_kernel/ingress_data_q_reg[48]","FDRE","u_dut/u_unified_p4_kernel/ingress_data_q_reg","u_dut/u_unified_p4_kernel/input_mem_reg[3][11][0]","FDRE","u_dut/u_unified_p4_kernel/input_mem_reg","0","0.079000000","1.788000000","1.867000000","0.957686127","SLICE_X77Y77","SLICE_X64Y14","","","SIGNATURE_SKIPPED|FDRE|FDRE","SIGNATURE_SKIPPED|FDRE|FDRE","DUT_INTERNAL","u_dut/u_unified_p4_kernel/ingress_data_q_reg","u_dut/u_unified_p4_kernel/input_mem_reg","0.070000000"
"u_dut/u_unified_p4_kernel/input_mem_reg[3][15][0]/D","u_dut/u_unified_p4_kernel/ingress_data_q_reg[48]/C","-0.107000000","clk","clk","clk","u_dut/u_unified_p4_kernel/ingress_data_q_reg[48]","FDRE","u_dut/u_unified_p4_kernel/ingress_data_q_reg","u_dut/u_unified_p4_kernel/input_mem_reg[3][15][0]","FDRE","u_dut/u_unified_p4_kernel/input_mem_reg","0","0.079000000","1.825000000","1.904000000","0.958508403","SLICE_X77Y77","SLICE_X63Y16","","","SIGNATURE_SKIPPED|FDRE|FDRE","SIGNATURE_SKIPPED|FDRE|FDRE","DUT_INTERNAL","u_dut/u_unified_p4_kernel/ingress_data_q_reg","u_dut/u_unified_p4_kernel/input_mem_reg","0.107000000"
"u_dut/u_unified_p4_kernel/input_mem_reg[3][16][13]/D","u_dut/u_unified_p4_kernel/ingress_data_q_reg[13]/C","-0.047000000","clk","clk","clk","u_dut/u_unified_p4_kernel/ingress_data_q_reg[13]","FDRE","u_dut/u_unified_p4_kernel/ingress_data_q_reg","u_dut/u_unified_p4_kernel/input_mem_reg[3][16][13]","FDRE","u_dut/u_unified_p4_kernel/input_mem_reg","0","0.079000000","1.704000000","1.783000000","0.955692653","SLICE_X76Y76","SLICE_X80Y5","","","SIGNATURE_SKIPPED|FDRE|FDRE","SIGNATURE_SKIPPED|FDRE|FDRE","DUT_INTERNAL","u_dut/u_unified_p4_kernel/ingress_data_q_reg","u_dut/u_unified_p4_kernel/input_mem_reg","0.047000000"
"u_dut/u_unified_p4_kernel/input_mem_reg[3][18][4]/D","u_dut/u_unified_p4_kernel/ingress_data_q_reg[36]/C","-0.061000000","clk","clk","clk","u_dut/u_unified_p4_kernel/ingress_data_q_reg[36]","FDRE","u_dut/u_unified_p4_kernel/ingress_data_q_reg","u_dut/u_unified_p4_kernel/input_mem_reg[3][18][4]","FDRE","u_dut/u_unified_p4_kernel/input_mem_reg","0","0.079000000","1.750000000","1.829000000","0.956806998","SLICE_X77Y76","SLICE_X77Y7","","","SIGNATURE_SKIPPED|FDRE|FDRE","SIGNATURE_SKIPPED|FDRE|FDRE","DUT_INTERNAL","u_dut/u_unified_p4_kernel/ingress_data_q_reg","u_dut/u_unified_p4_kernel/input_mem_reg","0.061000000"
"u_dut/u_unified_p4_kernel/input_mem_reg[3][19][14]/CE","u_dut/u_unified_p4_kernel/ingress_group_q_reg[2]/C","-0.017000000","clk","clk","clk","u_dut/u_unified_p4_kernel/ingress_group_q_reg[2]","FDCE","u_dut/u_unified_p4_kernel/ingress_group_q_reg","u_dut/u_unified_p4_kernel/input_mem_reg[3][19][14]","FDRE","u_dut/u_unified_p4_kernel/input_mem_reg","2","0.292000000","1.550000000","1.842000000","0.841476656","SLICE_X82Y48","SLICE_X82Y10","","","SIGNATURE_SKIPPED|FDCE|FDRE","SIGNATURE_SKIPPED|FDCE|FDRE","DUT_INTERNAL","u_dut/u_unified_p4_kernel/ingress_group_q_reg","u_dut/u_unified_p4_kernel/input_mem_reg","0.017000000"
"u_dut/u_unified_p4_kernel/input_mem_reg[3][19][15]/CE","u_dut/u_unified_p4_kernel/ingress_group_q_reg[2]/C","-0.017000000","clk","clk","clk","u_dut/u_unified_p4_kernel/ingress_group_q_reg[2]","FDCE","u_dut/u_unified_p4_kernel/ingress_group_q_reg","u_dut/u_unified_p4_kernel/input_mem_reg[3][19][15]","FDRE","u_dut/u_unified_p4_kernel/input_mem_reg","2","0.292000000","1.550000000","1.842000000","0.841476656","SLICE_X82Y48","SLICE_X82Y10","","","SIGNATURE_SKIPPED|FDCE|FDRE","SIGNATURE_SKIPPED|FDCE|FDRE","DUT_INTERNAL","u_dut/u_unified_p4_kernel/ingress_group_q_reg","u_dut/u_unified_p4_kernel/input_mem_reg","0.017000000"
"u_dut/u_unified_p4_kernel/input_mem_reg[3][19][1]/CE","u_dut/u_unified_p4_kernel/ingress_group_q_reg[2]/C","-0.017000000","clk","clk","clk","u_dut/u_unified_p4_kernel/ingress_group_q_reg[2]","FDCE","u_dut/u_unified_p4_kernel/ingress_group_q_reg","u_dut/u_unified_p4_kernel/input_mem_reg[3][19][1]","FDRE","u_dut/u_unified_p4_kernel/input_mem_reg","2","0.292000000","1.550000000","1.842000000","0.841476656","SLICE_X82Y48","SLICE_X82Y10","","","SIGNATURE_SKIPPED|FDCE|FDRE","SIGNATURE_SKIPPED|FDCE|FDRE","DUT_INTERNAL","u_dut/u_unified_p4_kernel/ingress_group_q_reg","u_dut/u_unified_p4_kernel/input_mem_reg","0.017000000"
"u_dut/u_unified_p4_kernel/input_mem_reg[3][25][11]/D","u_dut/u_unified_p4_kernel/ingress_data_q_reg[27]/C","-0.011000000","clk","clk","clk","u_dut/u_unified_p4_kernel/ingress_data_q_reg[27]","FDRE","u_dut/u_unified_p4_kernel/ingress_data_q_reg","u_dut/u_unified_p4_kernel/input_mem_reg[3][25][11]","FDRE","u_dut/u_unified_p4_kernel/input_mem_reg","0","0.078000000","1.744000000","1.822000000","0.957189901","SLICE_X79Y76","SLICE_X88Y13","","","SIGNATURE_SKIPPED|FDRE|FDRE","SIGNATURE_SKIPPED|FDRE|FDRE","DUT_INTERNAL","u_dut/u_unified_p4_kernel/ingress_data_q_reg","u_dut/u_unified_p4_kernel/input_mem_reg","0.011000000"
"u_dut/u_unified_p4_kernel/input_mem_reg[3][29][10]/D","u_dut/u_unified_p4_kernel/ingress_data_q_reg[26]/C","-0.009000000","clk","clk","clk","u_dut/u_unified_p4_kernel/ingress_data_q_reg[26]","FDRE","u_dut/u_unified_p4_kernel/ingress_data_q_reg","u_dut/u_unified_p4_kernel/input_mem_reg[3][29][10]","FDRE","u_dut/u_unified_p4_kernel/input_mem_reg","0","0.079000000","1.836000000","1.915000000","0.958746736","SLICE_X78Y75","SLICE_X94Y19","","","SIGNATURE_SKIPPED|FDRE|FDRE","SIGNATURE_SKIPPED|FDRE|FDRE","DUT_INTERNAL","u_dut/u_unified_p4_kernel/ingress_data_q_reg","u_dut/u_unified_p4_kernel/input_mem_reg","0.009000000"
"u_dut/u_unified_p4_kernel/input_mem_reg[3][31][15]/D","u_dut/u_unified_p4_kernel/ingress_data_q_reg[63]/C","-0.046000000","clk","clk","clk","u_dut/u_unified_p4_kernel/ingress_data_q_reg[63]","FDRE","u_dut/u_unified_p4_kernel/ingress_data_q_reg","u_dut/u_unified_p4_kernel/input_mem_reg[3][31][15]","FDRE","u_dut/u_unified_p4_kernel/input_mem_reg","0","0.079000000","1.707000000","1.786000000","0.955767077","SLICE_X78Y78","SLICE_X88Y15","","","SIGNATURE_SKIPPED|FDRE|FDRE","SIGNATURE_SKIPPED|FDRE|FDRE","DUT_INTERNAL","u_dut/u_unified_p4_kernel/ingress_data_q_reg","u_dut/u_unified_p4_kernel/input_mem_reg","0.046000000"
"u_dut/u_unified_p4_kernel/input_mem_reg[3][32][13]/D","u_dut/u_unified_p4_kernel/ingress_data_q_reg[13]/C","-0.028000000","clk","clk","clk","u_dut/u_unified_p4_kernel/ingress_data_q_reg[13]","FDRE","u_dut/u_unified_p4_kernel/ingress_data_q_reg","u_dut/u_unified_p4_kernel/input_mem_reg[3][32][13]","FDRE","u_dut/u_unified_p4_kernel/input_mem_reg","0","0.079000000","1.727000000","1.806000000","0.956256921","SLICE_X76Y76","SLICE_X71Y10","","","SIGNATURE_SKIPPED|FDRE|FDRE","SIGNATURE_SKIPPED|FDRE|FDRE","DUT_INTERNAL","u_dut/u_unified_p4_kernel/ingress_data_q_reg","u_dut/u_unified_p4_kernel/input_mem_reg","0.028000000"
"u_dut/u_unified_p4_kernel/input_mem_reg[3][36][13]/D","u_dut/u_unified_p4_kernel/ingress_data_q_reg[13]/C","-0.050000000","clk","clk","clk","u_dut/u_unified_p4_kernel/ingress_data_q_reg[13]","FDRE","u_dut/u_unified_p4_kernel/ingress_data_q_reg","u_dut/u_unified_p4_kernel/input_mem_reg[3][36][13]","FDRE","u_dut/u_unified_p4_kernel/input_mem_reg","0","0.079000000","1.733000000","1.812000000","0.956401766","SLICE_X76Y76","SLICE_X74Y15","","","SIGNATURE_SKIPPED|FDRE|FDRE","SIGNATURE_SKIPPED|FDRE|FDRE","DUT_INTERNAL","u_dut/u_unified_p4_kernel/ingress_data_q_reg","u_dut/u_unified_p4_kernel/input_mem_reg","0.050000000"
"u_dut/u_unified_p4_kernel/input_mem_reg[3][40][6]/CE","u_dut/u_unified_p4_kernel/ingress_slot_q_reg[0]/C","-0.002000000","clk","clk","clk","u_dut/u_unified_p4_kernel/ingress_slot_q_reg[0]","FDCE","u_dut/u_unified_p4_kernel/ingress_slot_q_reg","u_dut/u_unified_p4_kernel/input_mem_reg[3][40][6]","FDRE","u_dut/u_unified_p4_kernel/input_mem_reg","2","0.348000000","1.442000000","1.790000000","0.805586592","SLICE_X79Y60","SLICE_X69Y20","","","SIGNATURE_SKIPPED|FDCE|FDRE","SIGNATURE_SKIPPED|FDCE|FDRE","DUT_INTERNAL","u_dut/u_unified_p4_kernel/ingress_slot_q_reg","u_dut/u_unified_p4_kernel/input_mem_reg","0.002000000"
"u_dut/u_unified_p4_kernel/input_mem_reg[3][40][9]/CE","u_dut/u_unified_p4_kernel/ingress_slot_q_reg[0]/C","-0.002000000","clk","clk","clk","u_dut/u_unified_p4_kernel/ingress_slot_q_reg[0]","FDCE","u_dut/u_unified_p4_kernel/ingress_slot_q_reg","u_dut/u_unified_p4_kernel/input_mem_reg[3][40][9]","FDRE","u_dut/u_unified_p4_kernel/input_mem_reg","2","0.348000000","1.442000000","1.790000000","0.805586592","SLICE_X79Y60","SLICE_X69Y20","","","SIGNATURE_SKIPPED|FDCE|FDRE","SIGNATURE_SKIPPED|FDCE|FDRE","DUT_INTERNAL","u_dut/u_unified_p4_kernel/ingress_slot_q_reg","u_dut/u_unified_p4_kernel/input_mem_reg","0.002000000"
"u_dut/u_unified_p4_kernel/input_mem_reg[3][41][0]/CE","u_dut/u_unified_p4_kernel/ingress_slot_q_reg[0]/C","-0.044000000","clk","clk","clk","u_dut/u_unified_p4_kernel/ingress_slot_q_reg[0]","FDCE","u_dut/u_unified_p4_kernel/ingress_slot_q_reg","u_dut/u_unified_p4_kernel/input_mem_reg[3][41][0]","FDRE","u_dut/u_unified_p4_kernel/input_mem_reg","2","0.348000000","1.443000000","1.791000000","0.805695142","SLICE_X79Y60","SLICE_X79Y33","","","SIGNATURE_SKIPPED|FDCE|FDRE","SIGNATURE_SKIPPED|FDCE|FDRE","DUT_INTERNAL","u_dut/u_unified_p4_kernel/ingress_slot_q_reg","u_dut/u_unified_p4_kernel/input_mem_reg","0.044000000"
"u_dut/u_unified_p4_kernel/input_mem_reg[3][41][11]/CE","u_dut/u_unified_p4_kernel/ingress_slot_q_reg[0]/C","-0.007000000","clk","clk","clk","u_dut/u_unified_p4_kernel/ingress_slot_q_reg[0]","FDCE","u_dut/u_unified_p4_kernel/ingress_slot_q_reg","u_dut/u_unified_p4_kernel/input_mem_reg[3][41][11]","FDRE","u_dut/u_unified_p4_kernel/input_mem_reg","2","0.348000000","1.433000000","1.781000000","0.804604155","SLICE_X79Y60","SLICE_X73Y18","","","SIGNATURE_SKIPPED|FDCE|FDRE","SIGNATURE_SKIPPED|FDCE|FDRE","DUT_INTERNAL","u_dut/u_unified_p4_kernel/ingress_slot_q_reg","u_dut/u_unified_p4_kernel/input_mem_reg","0.007000000"
"u_dut/u_unified_p4_kernel/input_mem_reg[3][41][2]/CE","u_dut/u_unified_p4_kernel/ingress_slot_q_reg[0]/C","-0.007000000","clk","clk","clk","u_dut/u_unified_p4_kernel/ingress_slot_q_reg[0]","FDCE","u_dut/u_unified_p4_kernel/ingress_slot_q_reg","u_dut/u_unified_p4_kernel/input_mem_reg[3][41][2]","FDRE","u_dut/u_unified_p4_kernel/input_mem_reg","2","0.348000000","1.420000000","1.768000000","0.803167421","SLICE_X79Y60","SLICE_X77Y33","","","SIGNATURE_SKIPPED|FDCE|FDRE","SIGNATURE_SKIPPED|FDCE|FDRE","DUT_INTERNAL","u_dut/u_unified_p4_kernel/ingress_slot_q_reg","u_dut/u_unified_p4_kernel/input_mem_reg","0.007000000"
"u_dut/u_unified_p4_kernel/input_mem_reg[3][41][7]/CE","u_dut/u_unified_p4_kernel/ingress_slot_q_reg[0]/C","-0.007000000","clk","clk","clk","u_dut/u_unified_p4_kernel/ingress_slot_q_reg[0]","FDCE","u_dut/u_unified_p4_kernel/ingress_slot_q_reg","u_dut/u_unified_p4_kernel/input_mem_reg[3][41][7]","FDRE","u_dut/u_unified_p4_kernel/input_mem_reg","2","0.348000000","1.433000000","1.781000000","0.804604155","SLICE_X79Y60","SLICE_X73Y18","","","SIGNATURE_SKIPPED|FDCE|FDRE","SIGNATURE_SKIPPED|FDCE|FDRE","DUT_INTERNAL","u_dut/u_unified_p4_kernel/ingress_slot_q_reg","u_dut/u_unified_p4_kernel/input_mem_reg","0.007000000"
"u_dut/u_unified_p4_kernel/input_mem_reg[3][42][11]/CE","u_dut/u_unified_p4_kernel/ingress_slot_q_reg[0]/C","-0.042000000","clk","clk","clk","u_dut/u_unified_p4_kernel/ingress_slot_q_reg[0]","FDCE","u_dut/u_unified_p4_kernel/ingress_slot_q_reg","u_dut/u_unified_p4_kernel/input_mem_reg[3][42][11]","FDRE","u_dut/u_unified_p4_kernel/input_mem_reg","2","0.348000000","1.452000000","1.800000000","0.806666667","SLICE_X79Y60","SLICE_X78Y30","","","SIGNATURE_SKIPPED|FDCE|FDRE","SIGNATURE_SKIPPED|FDCE|FDRE","DUT_INTERNAL","u_dut/u_unified_p4_kernel/ingress_slot_q_reg","u_dut/u_unified_p4_kernel/input_mem_reg","0.042000000"
"u_dut/u_unified_p4_kernel/input_mem_reg[3][43][3]/CE","u_dut/u_unified_p4_kernel/ingress_slot_q_reg[0]/C","-0.031000000","clk","clk","clk","u_dut/u_unified_p4_kernel/ingress_slot_q_reg[0]","FDCE","u_dut/u_unified_p4_kernel/ingress_slot_q_reg","u_dut/u_unified_p4_kernel/input_mem_reg[3][43][3]","FDRE","u_dut/u_unified_p4_kernel/input_mem_reg","2","0.348000000","1.444000000","1.792000000","0.805803571","SLICE_X79Y60","SLICE_X78Y33","","","SIGNATURE_SKIPPED|FDCE|FDRE","SIGNATURE_SKIPPED|FDCE|FDRE","DUT_INTERNAL","u_dut/u_unified_p4_kernel/ingress_slot_q_reg","u_dut/u_unified_p4_kernel/input_mem_reg","0.031000000"
"u_dut/u_unified_p4_kernel/input_mem_reg[3][43][5]/CE","u_dut/u_unified_p4_kernel/ingress_slot_q_reg[0]/C","-0.024000000","clk","clk","clk","u_dut/u_unified_p4_kernel/ingress_slot_q_reg[0]","FDCE","u_dut/u_unified_p4_kernel/ingress_slot_q_reg","u_dut/u_unified_p4_kernel/input_mem_reg[3][43][5]","FDRE","u_dut/u_unified_p4_kernel/input_mem_reg","2","0.348000000","1.433000000","1.781000000","0.804604155","SLICE_X79Y60","SLICE_X76Y32","","","SIGNATURE_SKIPPED|FDCE|FDRE","SIGNATURE_SKIPPED|FDCE|FDRE","DUT_INTERNAL","u_dut/u_unified_p4_kernel/ingress_slot_q_reg","u_dut/u_unified_p4_kernel/input_mem_reg","0.024000000"
"u_dut/u_unified_p4_kernel/input_mem_reg[3][44][15]/CE","u_dut/u_unified_p4_kernel/ingress_slot_q_reg[0]/C","-0.065000000","clk","clk","clk","u_dut/u_unified_p4_kernel/ingress_slot_q_reg[0]","FDCE","u_dut/u_unified_p4_kernel/ingress_slot_q_reg","u_dut/u_unified_p4_kernel/input_mem_reg[3][44][15]","FDRE","u_dut/u_unified_p4_kernel/input_mem_reg","2","0.289000000","1.540000000","1.829000000","0.841990159","SLICE_X79Y60","SLICE_X77Y27","","","SIGNATURE_SKIPPED|FDCE|FDRE","SIGNATURE_SKIPPED|FDCE|FDRE","DUT_INTERNAL","u_dut/u_unified_p4_kernel/ingress_slot_q_reg","u_dut/u_unified_p4_kernel/input_mem_reg","0.065000000"
"u_dut/u_unified_p4_kernel/input_mem_reg[3][44][2]/CE","u_dut/u_unified_p4_kernel/ingress_slot_q_reg[0]/C","-0.065000000","clk","clk","clk","u_dut/u_unified_p4_kernel/ingress_slot_q_reg[0]","FDCE","u_dut/u_unified_p4_kernel/ingress_slot_q_reg","u_dut/u_unified_p4_kernel/input_mem_reg[3][44][2]","FDRE","u_dut/u_unified_p4_kernel/input_mem_reg","2","0.289000000","1.540000000","1.829000000","0.841990159","SLICE_X79Y60","SLICE_X77Y27","","","SIGNATURE_SKIPPED|FDCE|FDRE","SIGNATURE_SKIPPED|FDCE|FDRE","DUT_INTERNAL","u_dut/u_unified_p4_kernel/ingress_slot_q_reg","u_dut/u_unified_p4_kernel/input_mem_reg","0.065000000"
"u_dut/u_unified_p4_kernel/input_mem_reg[3][44][5]/CE","u_dut/u_unified_p4_kernel/ingress_slot_q_reg[0]/C","-0.086000000","clk","clk","clk","u_dut/u_unified_p4_kernel/ingress_slot_q_reg[0]","FDCE","u_dut/u_unified_p4_kernel/ingress_slot_q_reg","u_dut/u_unified_p4_kernel/input_mem_reg[3][44][5]","FDRE","u_dut/u_unified_p4_kernel/input_mem_reg","2","0.289000000","1.566000000","1.855000000","0.844204852","SLICE_X79Y60","SLICE_X75Y29","","","SIGNATURE_SKIPPED|FDCE|FDRE","SIGNATURE_SKIPPED|FDCE|FDRE","DUT_INTERNAL","u_dut/u_unified_p4_kernel/ingress_slot_q_reg","u_dut/u_unified_p4_kernel/input_mem_reg","0.086000000"
"u_dut/u_unified_p4_kernel/input_mem_reg[3][45][11]/CE","u_dut/u_unified_p4_kernel/ingress_slot_q_reg[0]/C","-0.061000000","clk","clk","clk","u_dut/u_unified_p4_kernel/ingress_slot_q_reg[0]","FDCE","u_dut/u_unified_p4_kernel/ingress_slot_q_reg","u_dut/u_unified_p4_kernel/input_mem_reg[3][45][11]","FDRE","u_dut/u_unified_p4_kernel/input_mem_reg","2","0.289000000","1.530000000","1.819000000","0.841121495","SLICE_X79Y60","SLICE_X77Y31","","","SIGNATURE_SKIPPED|FDCE|FDRE","SIGNATURE_SKIPPED|FDCE|FDRE","DUT_INTERNAL","u_dut/u_unified_p4_kernel/ingress_slot_q_reg","u_dut/u_unified_p4_kernel/input_mem_reg","0.061000000"
"u_dut/u_unified_p4_kernel/input_mem_reg[3][45][14]/CE","u_dut/u_unified_p4_kernel/ingress_slot_q_reg[0]/C","-0.001000000","clk","clk","clk","u_dut/u_unified_p4_kernel/ingress_slot_q_reg[0]","FDCE","u_dut/u_unified_p4_kernel/ingress_slot_q_reg","u_dut/u_unified_p4_kernel/input_mem_reg[3][45][14]","FDRE","u_dut/u_unified_p4_kernel/input_mem_reg","2","0.289000000","1.499000000","1.788000000","0.838366890","SLICE_X79Y60","SLICE_X72Y24","","","SIGNATURE_SKIPPED|FDCE|FDRE","SIGNATURE_SKIPPED|FDCE|FDRE","DUT_INTERNAL","u_dut/u_unified_p4_kernel/ingress_slot_q_reg","u_dut/u_unified_p4_kernel/input_mem_reg","0.001000000"
"u_dut/u_unified_p4_kernel/input_mem_reg[3][45][1]/CE","u_dut/u_unified_p4_kernel/ingress_slot_q_reg[0]/C","-0.001000000","clk","clk","clk","u_dut/u_unified_p4_kernel/ingress_slot_q_reg[0]","FDCE","u_dut/u_unified_p4_kernel/ingress_slot_q_reg","u_dut/u_unified_p4_kernel/input_mem_reg[3][45][1]","FDRE","u_dut/u_unified_p4_kernel/input_mem_reg","2","0.289000000","1.499000000","1.788000000","0.838366890","SLICE_X79Y60","SLICE_X72Y24","","","SIGNATURE_SKIPPED|FDCE|FDRE","SIGNATURE_SKIPPED|FDCE|FDRE","DUT_INTERNAL","u_dut/u_unified_p4_kernel/ingress_slot_q_reg","u_dut/u_unified_p4_kernel/input_mem_reg","0.001000000"
"u_dut/u_unified_p4_kernel/input_mem_reg[3][45][2]/CE","u_dut/u_unified_p4_kernel/ingress_slot_q_reg[0]/C","-0.061000000","clk","clk","clk","u_dut/u_unified_p4_kernel/ingress_slot_q_reg[0]","FDCE","u_dut/u_unified_p4_kernel/ingress_slot_q_reg","u_dut/u_unified_p4_kernel/input_mem_reg[3][45][2]","FDRE","u_dut/u_unified_p4_kernel/input_mem_reg","2","0.289000000","1.530000000","1.819000000","0.841121495","SLICE_X79Y60","SLICE_X77Y31","","","SIGNATURE_SKIPPED|FDCE|FDRE","SIGNATURE_SKIPPED|FDCE|FDRE","DUT_INTERNAL","u_dut/u_unified_p4_kernel/ingress_slot_q_reg","u_dut/u_unified_p4_kernel/input_mem_reg","0.061000000"
"u_dut/u_unified_p4_kernel/input_mem_reg[3][45][3]/CE","u_dut/u_unified_p4_kernel/ingress_slot_q_reg[0]/C","-0.022000000","clk","clk","clk","u_dut/u_unified_p4_kernel/ingress_slot_q_reg[0]","FDCE","u_dut/u_unified_p4_kernel/ingress_slot_q_reg","u_dut/u_unified_p4_kernel/input_mem_reg[3][45][3]","FDRE","u_dut/u_unified_p4_kernel/input_mem_reg","2","0.289000000","1.486000000","1.775000000","0.837183099","SLICE_X79Y60","SLICE_X79Y28","","","SIGNATURE_SKIPPED|FDCE|FDRE","SIGNATURE_SKIPPED|FDCE|FDRE","DUT_INTERNAL","u_dut/u_unified_p4_kernel/ingress_slot_q_reg","u_dut/u_unified_p4_kernel/input_mem_reg","0.022000000"
"u_dut/u_unified_p4_kernel/input_mem_reg[3][45][7]/CE","u_dut/u_unified_p4_kernel/ingress_slot_q_reg[0]/C","-0.065000000","clk","clk","clk","u_dut/u_unified_p4_kernel/ingress_slot_q_reg[0]","FDCE","u_dut/u_unified_p4_kernel/ingress_slot_q_reg","u_dut/u_unified_p4_kernel/input_mem_reg[3][45][7]","FDRE","u_dut/u_unified_p4_kernel/input_mem_reg","2","0.289000000","1.540000000","1.829000000","0.841990159","SLICE_X79Y60","SLICE_X77Y27","","","SIGNATURE_SKIPPED|FDCE|FDRE","SIGNATURE_SKIPPED|FDCE|FDRE","DUT_INTERNAL","u_dut/u_unified_p4_kernel/ingress_slot_q_reg","u_dut/u_unified_p4_kernel/input_mem_reg","0.065000000"
"u_dut/u_unified_p4_kernel/input_mem_reg[3][46][0]/CE","u_dut/u_unified_p4_kernel/ingress_slot_q_reg[0]/C","-0.046000000","clk","clk","clk","u_dut/u_unified_p4_kernel/ingress_slot_q_reg[0]","FDCE","u_dut/u_unified_p4_kernel/ingress_slot_q_reg","u_dut/u_unified_p4_kernel/input_mem_reg[3][46][0]","FDRE","u_dut/u_unified_p4_kernel/input_mem_reg","2","0.289000000","1.524000000","1.813000000","0.840595698","SLICE_X79Y60","SLICE_X76Y27","","","SIGNATURE_SKIPPED|FDCE|FDRE","SIGNATURE_SKIPPED|FDCE|FDRE","DUT_INTERNAL","u_dut/u_unified_p4_kernel/ingress_slot_q_reg","u_dut/u_unified_p4_kernel/input_mem_reg","0.046000000"
"u_dut/u_unified_p4_kernel/input_mem_reg[3][46][10]/CE","u_dut/u_unified_p4_kernel/ingress_slot_q_reg[0]/C","-0.045000000","clk","clk","clk","u_dut/u_unified_p4_kernel/ingress_slot_q_reg[0]","FDCE","u_dut/u_unified_p4_kernel/ingress_slot_q_reg","u_dut/u_unified_p4_kernel/input_mem_reg[3][46][10]","FDRE","u_dut/u_unified_p4_kernel/input_mem_reg","2","0.289000000","1.548000000","1.837000000","0.842678280","SLICE_X79Y60","SLICE_X72Y19","","","SIGNATURE_SKIPPED|FDCE|FDRE","SIGNATURE_SKIPPED|FDCE|FDRE","DUT_INTERNAL","u_dut/u_unified_p4_kernel/ingress_slot_q_reg","u_dut/u_unified_p4_kernel/input_mem_reg","0.045000000"
"u_dut/u_unified_p4_kernel/input_mem_reg[3][46][12]/CE","u_dut/u_unified_p4_kernel/ingress_slot_q_reg[0]/C","-0.063000000","clk","clk","clk","u_dut/u_unified_p4_kernel/ingress_slot_q_reg[0]","FDCE","u_dut/u_unified_p4_kernel/ingress_slot_q_reg","u_dut/u_unified_p4_kernel/input_mem_reg[3][46][12]","FDRE","u_dut/u_unified_p4_kernel/input_mem_reg","2","0.289000000","1.532000000","1.821000000","0.841295991","SLICE_X79Y60","SLICE_X77Y30","","","SIGNATURE_SKIPPED|FDCE|FDRE","SIGNATURE_SKIPPED|FDCE|FDRE","DUT_INTERNAL","u_dut/u_unified_p4_kernel/ingress_slot_q_reg","u_dut/u_unified_p4_kernel/input_mem_reg","0.063000000"
"u_dut/u_unified_p4_kernel/input_mem_reg[3][46][4]/CE","u_dut/u_unified_p4_kernel/ingress_slot_q_reg[0]/C","-0.046000000","clk","clk","clk","u_dut/u_unified_p4_kernel/ingress_slot_q_reg[0]","FDCE","u_dut/u_unified_p4_kernel/ingress_slot_q_reg","u_dut/u_unified_p4_kernel/input_mem_reg[3][46][4]","FDRE","u_dut/u_unified_p4_kernel/input_mem_reg","2","0.289000000","1.524000000","1.813000000","0.840595698","SLICE_X79Y60","SLICE_X76Y27","","","SIGNATURE_SKIPPED|FDCE|FDRE","SIGNATURE_SKIPPED|FDCE|FDRE","DUT_INTERNAL","u_dut/u_unified_p4_kernel/ingress_slot_q_reg","u_dut/u_unified_p4_kernel/input_mem_reg","0.046000000"
"u_dut/u_unified_p4_kernel/input_mem_reg[3][46][4]/D","u_dut/u_unified_p4_kernel/ingress_data_q_reg[36]/C","-0.002000000","clk","clk","clk","u_dut/u_unified_p4_kernel/ingress_data_q_reg[36]","FDRE","u_dut/u_unified_p4_kernel/ingress_data_q_reg","u_dut/u_unified_p4_kernel/input_mem_reg[3][46][4]","FDRE","u_dut/u_unified_p4_kernel/input_mem_reg","0","0.079000000","1.675000000","1.754000000","0.954960091","SLICE_X77Y76","SLICE_X76Y27","","","SIGNATURE_SKIPPED|FDRE|FDRE","SIGNATURE_SKIPPED|FDRE|FDRE","DUT_INTERNAL","u_dut/u_unified_p4_kernel/ingress_data_q_reg","u_dut/u_unified_p4_kernel/input_mem_reg","0.002000000"
"u_dut/u_unified_p4_kernel/input_mem_reg[3][46][5]/CE","u_dut/u_unified_p4_kernel/ingress_slot_q_reg[0]/C","-0.046000000","clk","clk","clk","u_dut/u_unified_p4_kernel/ingress_slot_q_reg[0]","FDCE","u_dut/u_unified_p4_kernel/ingress_slot_q_reg","u_dut/u_unified_p4_kernel/input_mem_reg[3][46][5]","FDRE","u_dut/u_unified_p4_kernel/input_mem_reg","2","0.289000000","1.524000000","1.813000000","0.840595698","SLICE_X79Y60","SLICE_X76Y27","","","SIGNATURE_SKIPPED|FDCE|FDRE","SIGNATURE_SKIPPED|FDCE|FDRE","DUT_INTERNAL","u_dut/u_unified_p4_kernel/ingress_slot_q_reg","u_dut/u_unified_p4_kernel/input_mem_reg","0.046000000"
"u_dut/u_unified_p4_kernel/input_mem_reg[3][46][6]/CE","u_dut/u_unified_p4_kernel/ingress_slot_q_reg[0]/C","-0.045000000","clk","clk","clk","u_dut/u_unified_p4_kernel/ingress_slot_q_reg[0]","FDCE","u_dut/u_unified_p4_kernel/ingress_slot_q_reg","u_dut/u_unified_p4_kernel/input_mem_reg[3][46][6]","FDRE","u_dut/u_unified_p4_kernel/input_mem_reg","2","0.289000000","1.548000000","1.837000000","0.842678280","SLICE_X79Y60","SLICE_X72Y19","","","SIGNATURE_SKIPPED|FDCE|FDRE","SIGNATURE_SKIPPED|FDCE|FDRE","DUT_INTERNAL","u_dut/u_unified_p4_kernel/ingress_slot_q_reg","u_dut/u_unified_p4_kernel/input_mem_reg","0.045000000"
"u_dut/u_unified_p4_kernel/input_mem_reg[3][46][7]/CE","u_dut/u_unified_p4_kernel/ingress_slot_q_reg[0]/C","-0.063000000","clk","clk","clk","u_dut/u_unified_p4_kernel/ingress_slot_q_reg[0]","FDCE","u_dut/u_unified_p4_kernel/ingress_slot_q_reg","u_dut/u_unified_p4_kernel/input_mem_reg[3][46][7]","FDRE","u_dut/u_unified_p4_kernel/input_mem_reg","2","0.289000000","1.532000000","1.821000000","0.841295991","SLICE_X79Y60","SLICE_X77Y30","","","SIGNATURE_SKIPPED|FDCE|FDRE","SIGNATURE_SKIPPED|FDCE|FDRE","DUT_INTERNAL","u_dut/u_unified_p4_kernel/ingress_slot_q_reg","u_dut/u_unified_p4_kernel/input_mem_reg","0.063000000"
"u_dut/u_unified_p4_kernel/input_mem_reg[3][47][10]/CE","u_dut/u_unified_p4_kernel/ingress_slot_q_reg[0]/C","-0.065000000","clk","clk","clk","u_dut/u_unified_p4_kernel/ingress_slot_q_reg[0]","FDCE","u_dut/u_unified_p4_kernel/ingress_slot_q_reg","u_dut/u_unified_p4_kernel/input_mem_reg[3][47][10]","FDRE","u_dut/u_unified_p4_kernel/input_mem_reg","2","0.289000000","1.522000000","1.811000000","0.840419658","SLICE_X79Y60","SLICE_X79Y31","","","SIGNATURE_SKIPPED|FDCE|FDRE","SIGNATURE_SKIPPED|FDCE|FDRE","DUT_INTERNAL","u_dut/u_unified_p4_kernel/ingress_slot_q_reg","u_dut/u_unified_p4_kernel/input_mem_reg","0.065000000"
"u_dut/u_unified_p4_kernel/input_mem_reg[3][47][14]/CE","u_dut/u_unified_p4_kernel/ingress_slot_q_reg[0]/C","-0.027000000","clk","clk","clk","u_dut/u_unified_p4_kernel/ingress_slot_q_reg[0]","FDCE","u_dut/u_unified_p4_kernel/ingress_slot_q_reg","u_dut/u_unified_p4_kernel/input_mem_reg[3][47][14]","FDRE","u_dut/u_unified_p4_kernel/input_mem_reg","2","0.289000000","1.491000000","1.780000000","0.837640449","SLICE_X79Y60","SLICE_X79Y29","","","SIGNATURE_SKIPPED|FDCE|FDRE","SIGNATURE_SKIPPED|FDCE|FDRE","DUT_INTERNAL","u_dut/u_unified_p4_kernel/ingress_slot_q_reg","u_dut/u_unified_p4_kernel/input_mem_reg","0.027000000"
"u_dut/u_unified_p4_kernel/input_mem_reg[3][53][10]/D","u_dut/u_unified_p4_kernel/ingress_data_q_reg[26]/C","-0.018000000","clk","clk","clk","u_dut/u_unified_p4_kernel/ingress_data_q_reg[26]","FDRE","u_dut/u_unified_p4_kernel/ingress_data_q_reg","u_dut/u_unified_p4_kernel/input_mem_reg[3][53][10]","FDRE","u_dut/u_unified_p4_kernel/input_mem_reg","0","0.079000000","1.852000000","1.931000000","0.959088555","SLICE_X78Y75","SLICE_X100Y26","","","SIGNATURE_SKIPPED|FDRE|FDRE","SIGNATURE_SKIPPED|FDRE|FDRE","DUT_INTERNAL","u_dut/u_unified_p4_kernel/ingress_data_q_reg","u_dut/u_unified_p4_kernel/input_mem_reg","0.018000000"
"u_dut/u_unified_p4_kernel/input_mem_reg[3][56][4]/D","u_dut/u_unified_p4_kernel/ingress_data_q_reg[4]/C","-0.013000000","clk","clk","clk","u_dut/u_unified_p4_kernel/ingress_data_q_reg[4]","FDRE","u_dut/u_unified_p4_kernel/ingress_data_q_reg","u_dut/u_unified_p4_kernel/input_mem_reg[3][56][4]","FDRE","u_dut/u_unified_p4_kernel/input_mem_reg","0","0.079000000","1.921000000","2.000000000","0.960500000","SLICE_X80Y68","SLICE_X53Y44","","","SIGNATURE_SKIPPED|FDRE|FDRE","SIGNATURE_SKIPPED|FDRE|FDRE","DUT_INTERNAL","u_dut/u_unified_p4_kernel/ingress_data_q_reg","u_dut/u_unified_p4_kernel/input_mem_reg","0.013000000"
"u_dut/u_unified_p4_kernel/input_mem_reg[3][58][3]/D","u_dut/u_unified_p4_kernel/ingress_data_q_reg[35]/C","-0.018000000","clk","clk","clk","u_dut/u_unified_p4_kernel/ingress_data_q_reg[35]","FDRE","u_dut/u_unified_p4_kernel/ingress_data_q_reg","u_dut/u_unified_p4_kernel/input_mem_reg[3][58][3]","FDRE","u_dut/u_unified_p4_kernel/input_mem_reg","0","0.079000000","1.873000000","1.952000000","0.959528689","SLICE_X78Y77","SLICE_X51Y39","","","SIGNATURE_SKIPPED|FDRE|FDRE","SIGNATURE_SKIPPED|FDRE|FDRE","DUT_INTERNAL","u_dut/u_unified_p4_kernel/ingress_data_q_reg","u_dut/u_unified_p4_kernel/input_mem_reg","0.018000000"
"u_dut/u_unified_p4_kernel/input_mem_reg[3][59][0]/D","u_dut/u_unified_p4_kernel/ingress_data_q_reg[48]/C","-0.043000000","clk","clk","clk","u_dut/u_unified_p4_kernel/ingress_data_q_reg[48]","FDRE","u_dut/u_unified_p4_kernel/ingress_data_q_reg","u_dut/u_unified_p4_kernel/input_mem_reg[3][59][0]","FDRE","u_dut/u_unified_p4_kernel/input_mem_reg","0","0.079000000","1.812000000","1.891000000","0.958223162","SLICE_X77Y77","SLICE_X52Y34","","","SIGNATURE_SKIPPED|FDRE|FDRE","SIGNATURE_SKIPPED|FDRE|FDRE","DUT_INTERNAL","u_dut/u_unified_p4_kernel/ingress_data_q_reg","u_dut/u_unified_p4_kernel/input_mem_reg","0.043000000"
"u_dut/u_unified_p4_kernel/input_mem_reg[3][5][11]/D","u_dut/u_unified_p4_kernel/ingress_data_q_reg[27]/C","-0.060000000","clk","clk","clk","u_dut/u_unified_p4_kernel/ingress_data_q_reg[27]","FDRE","u_dut/u_unified_p4_kernel/ingress_data_q_reg","u_dut/u_unified_p4_kernel/input_mem_reg[3][5][11]","FDRE","u_dut/u_unified_p4_kernel/input_mem_reg","0","0.078000000","1.914000000","1.992000000","0.960843373","SLICE_X79Y76","SLICE_X50Y25","","","SIGNATURE_SKIPPED|FDRE|FDRE","SIGNATURE_SKIPPED|FDRE|FDRE","DUT_INTERNAL","u_dut/u_unified_p4_kernel/ingress_data_q_reg","u_dut/u_unified_p4_kernel/input_mem_reg","0.060000000"
"u_dut/u_unified_p4_kernel/input_mem_reg[3][60][12]/D","u_dut/u_unified_p4_kernel/ingress_data_q_reg[12]/C","-0.002000000","clk","clk","clk","u_dut/u_unified_p4_kernel/ingress_data_q_reg[12]","FDRE","u_dut/u_unified_p4_kernel/ingress_data_q_reg","u_dut/u_unified_p4_kernel/input_mem_reg[3][60][12]","FDRE","u_dut/u_unified_p4_kernel/input_mem_reg","0","0.079000000","1.706000000","1.785000000","0.955742297","SLICE_X77Y76","SLICE_X57Y28","","","SIGNATURE_SKIPPED|FDRE|FDRE","SIGNATURE_SKIPPED|FDRE|FDRE","DUT_INTERNAL","u_dut/u_unified_p4_kernel/ingress_data_q_reg","u_dut/u_unified_p4_kernel/input_mem_reg","0.002000000"
"u_dut/u_unified_p4_kernel/input_mem_reg[3][60][1]/D","u_dut/u_unified_p4_kernel/ingress_data_q_reg[1]/C","-0.003000000","clk","clk","clk","u_dut/u_unified_p4_kernel/ingress_data_q_reg[1]","FDRE","u_dut/u_unified_p4_kernel/ingress_data_q_reg","u_dut/u_unified_p4_kernel/input_mem_reg[3][60][1]","FDRE","u_dut/u_unified_p4_kernel/input_mem_reg","0","0.079000000","1.834000000","1.913000000","0.958703607","SLICE_X83Y75","SLICE_X58Y31","","","SIGNATURE_SKIPPED|FDRE|FDRE","SIGNATURE_SKIPPED|FDRE|FDRE","DUT_INTERNAL","u_dut/u_unified_p4_kernel/ingress_data_q_reg","u_dut/u_unified_p4_kernel/input_mem_reg","0.003000000"
"u_dut/u_unified_p4_kernel/input_mem_reg[3][6][3]/D","u_dut/u_unified_p4_kernel/ingress_data_q_reg[35]/C","-0.016000000","clk","clk","clk","u_dut/u_unified_p4_kernel/ingress_data_q_reg[35]","FDRE","u_dut/u_unified_p4_kernel/ingress_data_q_reg","u_dut/u_unified_p4_kernel/input_mem_reg[3][6][3]","FDRE","u_dut/u_unified_p4_kernel/input_mem_reg","0","0.079000000","1.868000000","1.947000000","0.959424756","SLICE_X78Y77","SLICE_X51Y24","","","SIGNATURE_SKIPPED|FDRE|FDRE","SIGNATURE_SKIPPED|FDRE|FDRE","DUT_INTERNAL","u_dut/u_unified_p4_kernel/ingress_data_q_reg","u_dut/u_unified_p4_kernel/input_mem_reg","0.016000000"
"u_dut/u_unified_p4_kernel/input_mem_reg[3][7][2]/D","u_dut/u_unified_p4_kernel/ingress_data_q_reg[50]/C","-0.013000000","clk","clk","clk","u_dut/u_unified_p4_kernel/ingress_data_q_reg[50]","FDRE","u_dut/u_unified_p4_kernel/ingress_data_q_reg","u_dut/u_unified_p4_kernel/input_mem_reg[3][7][2]","FDRE","u_dut/u_unified_p4_kernel/input_mem_reg","0","0.079000000","1.783000000","1.862000000","0.957572503","SLICE_X76Y76","SLICE_X53Y26","","","SIGNATURE_SKIPPED|FDRE|FDRE","SIGNATURE_SKIPPED|FDRE|FDRE","DUT_INTERNAL","u_dut/u_unified_p4_kernel/ingress_data_q_reg","u_dut/u_unified_p4_kernel/input_mem_reg","0.013000000"
"u_dut/u_unified_p4_kernel/input_mem_reg[3][9][13]/D","u_dut/u_unified_p4_kernel/ingress_data_q_reg[29]/C","-0.019000000","clk","clk","clk","u_dut/u_unified_p4_kernel/ingress_data_q_reg[29]","FDRE","u_dut/u_unified_p4_kernel/ingress_data_q_reg","u_dut/u_unified_p4_kernel/input_mem_reg[3][9][13]","FDRE","u_dut/u_unified_p4_kernel/input_mem_reg","0","0.077000000","1.734000000","1.811000000","0.957482054","SLICE_X79Y72","SLICE_X63Y7","","","SIGNATURE_SKIPPED|FDRE|FDRE","SIGNATURE_SKIPPED|FDRE|FDRE","DUT_INTERNAL","u_dut/u_unified_p4_kernel/ingress_data_q_reg","u_dut/u_unified_p4_kernel/input_mem_reg","0.019000000"
"u_dut/u_unified_p4_kernel/issue_desc_active_size_q_reg[5]/D","u_dut/u_unified_p4_kernel/ready_fifo_mem_reg[0][0]/C","-0.048000000","clk","clk","clk","u_dut/u_unified_p4_kernel/ready_fifo_mem_reg[0][0]","FDCE","u_dut/u_unified_p4_kernel/ready_fifo_mem_reg","u_dut/u_unified_p4_kernel/issue_desc_active_size_q_reg[5]","FDCE","u_dut/u_unified_p4_kernel/issue_desc_active_size_q_reg","4","0.443000000","1.496000000","1.939000000","0.771531717","SLICE_X78Y58","SLICE_X78Y18","","","SIGNATURE_SKIPPED|FDCE|FDCE","SIGNATURE_SKIPPED|FDCE|FDCE","DUT_INTERNAL","u_dut/u_unified_p4_kernel/ready_fifo_mem_reg","u_dut/u_unified_p4_kernel/issue_desc_active_size_q_reg","0.048000000"
"u_dut/u_unified_p4_kernel/issue_desc_bundle_addr_q_reg[0]_rep__6/D","u_dut/u_unified_p4_kernel/ready_count_q_reg[1]/C","-0.012000000","clk","clk","clk","u_dut/u_unified_p4_kernel/ready_count_q_reg[1]","FDCE","u_dut/u_unified_p4_kernel/ready_count_q_reg","u_dut/u_unified_p4_kernel/issue_desc_bundle_addr_q_reg[0]_rep__6","FDCE","u_dut/u_unified_p4_kernel/issue_desc_bundle_addr_q_reg_rep__6","3","0.391000000","1.482000000","1.873000000","0.791243994","SLICE_X78Y60","SLICE_X72Y27","","","SIGNATURE_SKIPPED|FDCE|FDCE","SIGNATURE_SKIPPED|FDCE|FDCE","DUT_INTERNAL","u_dut/u_unified_p4_kernel/ready_count_q_reg","u_dut/u_unified_p4_kernel/issue_desc_bundle_addr_q_reg_rep__6","0.012000000"
"u_dut/u_unified_p4_kernel/issue_desc_bundle_addr_q_reg[1]_rep__1/D","u_dut/u_unified_p4_kernel/ready_count_q_reg[1]/C","-0.011000000","clk","clk","clk","u_dut/u_unified_p4_kernel/ready_count_q_reg[1]","FDCE","u_dut/u_unified_p4_kernel/ready_count_q_reg","u_dut/u_unified_p4_kernel/issue_desc_bundle_addr_q_reg[1]_rep__1","FDCE","u_dut/u_unified_p4_kernel/issue_desc_bundle_addr_q_reg_rep__1","4","0.514000000","1.364000000","1.878000000","0.726304579","SLICE_X78Y60","SLICE_X66Y45","","","SIGNATURE_SKIPPED|FDCE|FDCE","SIGNATURE_SKIPPED|FDCE|FDCE","DUT_INTERNAL","u_dut/u_unified_p4_kernel/ready_count_q_reg","u_dut/u_unified_p4_kernel/issue_desc_bundle_addr_q_reg_rep__1","0.011000000"
"u_dut/u_unified_p4_kernel/issue_desc_bundle_addr_q_reg[1]_rep__13/D","u_dut/u_unified_p4_kernel/ready_count_q_reg[1]/C","-0.004000000","clk","clk","clk","u_dut/u_unified_p4_kernel/ready_count_q_reg[1]","FDCE","u_dut/u_unified_p4_kernel/ready_count_q_reg","u_dut/u_unified_p4_kernel/issue_desc_bundle_addr_q_reg[1]_rep__13","FDCE","u_dut/u_unified_p4_kernel/issue_desc_bundle_addr_q_reg_rep__13","4","0.475000000","1.402000000","1.877000000","0.746936601","SLICE_X78Y60","SLICE_X67Y39","","","SIGNATURE_SKIPPED|FDCE|FDCE","SIGNATURE_SKIPPED|FDCE|FDCE","DUT_INTERNAL","u_dut/u_unified_p4_kernel/ready_count_q_reg","u_dut/u_unified_p4_kernel/issue_desc_bundle_addr_q_reg_rep__13","0.004000000"
"u_dut/u_unified_p4_kernel/issue_desc_bundle_addr_q_reg[1]_rep__5/D","u_dut/u_unified_p4_kernel/ready_count_q_reg[1]/C","-0.052000000","clk","clk","clk","u_dut/u_unified_p4_kernel/ready_count_q_reg[1]","FDCE","u_dut/u_unified_p4_kernel/ready_count_q_reg","u_dut/u_unified_p4_kernel/issue_desc_bundle_addr_q_reg[1]_rep__5","FDCE","u_dut/u_unified_p4_kernel/issue_desc_bundle_addr_q_reg_rep__5","4","0.582000000","1.330000000","1.912000000","0.695606695","SLICE_X78Y60","SLICE_X71Y36","","","SIGNATURE_SKIPPED|FDCE|FDCE","SIGNATURE_SKIPPED|FDCE|FDCE","DUT_INTERNAL","u_dut/u_unified_p4_kernel/ready_count_q_reg","u_dut/u_unified_p4_kernel/issue_desc_bundle_addr_q_reg_rep__5","0.052000000"
"u_dut/u_unified_p4_kernel/issue_desc_bundle_addr_q_reg[1]_rep__7/D","u_dut/u_unified_p4_kernel/ready_count_q_reg[1]/C","-0.013000000","clk","clk","clk","u_dut/u_unified_p4_kernel/ready_count_q_reg[1]","FDCE","u_dut/u_unified_p4_kernel/ready_count_q_reg","u_dut/u_unified_p4_kernel/issue_desc_bundle_addr_q_reg[1]_rep__7","FDCE","u_dut/u_unified_p4_kernel/issue_desc_bundle_addr_q_reg_rep__7","4","0.512000000","1.373000000","1.885000000","0.728381963","SLICE_X78Y60","SLICE_X63Y44","","","SIGNATURE_SKIPPED|FDCE|FDCE","SIGNATURE_SKIPPED|FDCE|FDCE","DUT_INTERNAL","u_dut/u_unified_p4_kernel/ready_count_q_reg","u_dut/u_unified_p4_kernel/issue_desc_bundle_addr_q_reg_rep__7","0.013000000"
"u_dut/u_unified_p4_kernel/issue_desc_bundle_addr_q_reg[2]_rep__0/D","u_dut/u_unified_p4_kernel/ready_fifo_mem_reg[0][0]/C","-0.050000000","clk","clk","clk","u_dut/u_unified_p4_kernel/ready_fifo_mem_reg[0][0]","FDCE","u_dut/u_unified_p4_kernel/ready_fifo_mem_reg","u_dut/u_unified_p4_kernel/issue_desc_bundle_addr_q_reg[2]_rep__0","FDCE","u_dut/u_unified_p4_kernel/issue_desc_bundle_addr_q_reg_rep__0","5","0.455000000","1.485000000","1.940000000","0.765463918","SLICE_X78Y58","SLICE_X63Y30","","","SIGNATURE_SKIPPED|FDCE|FDCE","SIGNATURE_SKIPPED|FDCE|FDCE","DUT_INTERNAL","u_dut/u_unified_p4_kernel/ready_fifo_mem_reg","u_dut/u_unified_p4_kernel/issue_desc_bundle_addr_q_reg_rep__0","0.050000000"
"u_dut/u_unified_p4_kernel/issue_desc_bundle_addr_q_reg[2]_rep__15/D","u_dut/u_unified_p4_kernel/ready_fifo_mem_reg[0][0]/C","-0.048000000","clk","clk","clk","u_dut/u_unified_p4_kernel/ready_fifo_mem_reg[0][0]","FDCE","u_dut/u_unified_p4_kernel/ready_fifo_mem_reg","u_dut/u_unified_p4_kernel/issue_desc_bundle_addr_q_reg[2]_rep__15","FDCE","u_dut/u_unified_p4_kernel/issue_desc_bundle_addr_q_reg_rep__15","5","0.455000000","1.483000000","1.938000000","0.765221878","SLICE_X78Y58","SLICE_X63Y30","","","SIGNATURE_SKIPPED|FDCE|FDCE","SIGNATURE_SKIPPED|FDCE|FDCE","DUT_INTERNAL","u_dut/u_unified_p4_kernel/ready_fifo_mem_reg","u_dut/u_unified_p4_kernel/issue_desc_bundle_addr_q_reg_rep__15","0.048000000"
"u_dut/u_unified_p4_kernel/issue_desc_bundle_addr_q_reg[2]_rep__7/D","u_dut/u_unified_p4_kernel/ready_fifo_mem_reg[0][0]/C","-0.016000000","clk","clk","clk","u_dut/u_unified_p4_kernel/ready_fifo_mem_reg[0][0]","FDCE","u_dut/u_unified_p4_kernel/ready_fifo_mem_reg","u_dut/u_unified_p4_kernel/issue_desc_bundle_addr_q_reg[2]_rep__7","FDCE","u_dut/u_unified_p4_kernel/issue_desc_bundle_addr_q_reg_rep__7","5","0.469000000","1.439000000","1.908000000","0.754192872","SLICE_X78Y58","SLICE_X71Y40","","","SIGNATURE_SKIPPED|FDCE|FDCE","SIGNATURE_SKIPPED|FDCE|FDCE","DUT_INTERNAL","u_dut/u_unified_p4_kernel/ready_fifo_mem_reg","u_dut/u_unified_p4_kernel/issue_desc_bundle_addr_q_reg_rep__7","0.016000000"
"u_dut/u_unified_p4_kernel/issue_desc_bundle_addr_q_reg[2]_rep__8/D","u_dut/u_unified_p4_kernel/ready_fifo_mem_reg[0][0]/C","-0.059000000","clk","clk","clk","u_dut/u_unified_p4_kernel/ready_fifo_mem_reg[0][0]","FDCE","u_dut/u_unified_p4_kernel/ready_fifo_mem_reg","u_dut/u_unified_p4_kernel/issue_desc_bundle_addr_q_reg[2]_rep__8","FDCE","u_dut/u_unified_p4_kernel/issue_desc_bundle_addr_q_reg_rep__8","5","0.382000000","1.544000000","1.926000000","0.801661475","SLICE_X78Y58","SLICE_X79Y34","","","SIGNATURE_SKIPPED|FDCE|FDCE","SIGNATURE_SKIPPED|FDCE|FDCE","DUT_INTERNAL","u_dut/u_unified_p4_kernel/ready_fifo_mem_reg","u_dut/u_unified_p4_kernel/issue_desc_bundle_addr_q_reg_rep__8","0.059000000"
"u_dut/u_unified_p4_kernel/issue_desc_bundle_addr_q_reg[2]_rep__9/D","u_dut/u_unified_p4_kernel/ready_fifo_mem_reg[0][0]/C","-0.009000000","clk","clk","clk","u_dut/u_unified_p4_kernel/ready_fifo_mem_reg[0][0]","FDCE","u_dut/u_unified_p4_kernel/ready_fifo_mem_reg","u_dut/u_unified_p4_kernel/issue_desc_bundle_addr_q_reg[2]_rep__9","FDCE","u_dut/u_unified_p4_kernel/issue_desc_bundle_addr_q_reg_rep__9","5","0.396000000","1.514000000","1.910000000","0.792670157","SLICE_X78Y58","SLICE_X63Y32","","","SIGNATURE_SKIPPED|FDCE|FDCE","SIGNATURE_SKIPPED|FDCE|FDCE","DUT_INTERNAL","u_dut/u_unified_p4_kernel/ready_fifo_mem_reg","u_dut/u_unified_p4_kernel/issue_desc_bundle_addr_q_reg_rep__9","0.009000000"
"u_dut/u_unified_p4_kernel/issue_desc_bundle_addr_q_reg[3]_rep__1/D","u_dut/u_unified_p4_kernel/ready_fifo_mem_reg[0][0]/C","-0.042000000","clk","clk","clk","u_dut/u_unified_p4_kernel/ready_fifo_mem_reg[0][0]","FDCE","u_dut/u_unified_p4_kernel/ready_fifo_mem_reg","u_dut/u_unified_p4_kernel/issue_desc_bundle_addr_q_reg[3]_rep__1","FDCE","u_dut/u_unified_p4_kernel/issue_desc_bundle_addr_q_reg_rep__1","4","0.479000000","1.443000000","1.922000000","0.750780437","SLICE_X78Y58","SLICE_X72Y33","","","SIGNATURE_SKIPPED|FDCE|FDCE","SIGNATURE_SKIPPED|FDCE|FDCE","DUT_INTERNAL","u_dut/u_unified_p4_kernel/ready_fifo_mem_reg","u_dut/u_unified_p4_kernel/issue_desc_bundle_addr_q_reg_rep__1","0.042000000"
"u_dut/u_unified_p4_kernel/issue_desc_bundle_addr_q_reg[3]_rep__6/D","u_dut/u_unified_p4_kernel/ready_fifo_mem_reg[0][0]/C","-0.004000000","clk","clk","clk","u_dut/u_unified_p4_kernel/ready_fifo_mem_reg[0][0]","FDCE","u_dut/u_unified_p4_kernel/ready_fifo_mem_reg","u_dut/u_unified_p4_kernel/issue_desc_bundle_addr_q_reg[3]_rep__6","FDCE","u_dut/u_unified_p4_kernel/issue_desc_bundle_addr_q_reg_rep__6","5","0.458000000","1.439000000","1.897000000","0.758566157","SLICE_X78Y58","SLICE_X74Y43","","","SIGNATURE_SKIPPED|FDCE|FDCE","SIGNATURE_SKIPPED|FDCE|FDCE","DUT_INTERNAL","u_dut/u_unified_p4_kernel/ready_fifo_mem_reg","u_dut/u_unified_p4_kernel/issue_desc_bundle_addr_q_reg_rep__6","0.004000000"
"u_dut/u_unified_p4_kernel/issue_desc_bundle_addr_q_reg[4]_rep/D","u_dut/u_unified_p4_kernel/ready_fifo_mem_reg[0][0]/C","-0.001000000","clk","clk","clk","u_dut/u_unified_p4_kernel/ready_fifo_mem_reg[0][0]","FDCE","u_dut/u_unified_p4_kernel/ready_fifo_mem_reg","u_dut/u_unified_p4_kernel/issue_desc_bundle_addr_q_reg[4]_rep","FDCE","u_dut/u_unified_p4_kernel/issue_desc_bundle_addr_q_reg_rep","6","0.583000000","1.311000000","1.894000000","0.692185850","SLICE_X78Y58","SLICE_X72Y39","","","SIGNATURE_SKIPPED|FDCE|FDCE","SIGNATURE_SKIPPED|FDCE|FDCE","DUT_INTERNAL","u_dut/u_unified_p4_kernel/ready_fifo_mem_reg","u_dut/u_unified_p4_kernel/issue_desc_bundle_addr_q_reg_rep","0.001000000"
"u_dut/u_unified_p4_kernel/issue_desc_bundle_addr_q_reg[4]_rep__0/D","u_dut/u_unified_p4_kernel/ready_fifo_mem_reg[0][0]/C","-0.060000000","clk","clk","clk","u_dut/u_unified_p4_kernel/ready_fifo_mem_reg[0][0]","FDCE","u_dut/u_unified_p4_kernel/ready_fifo_mem_reg","u_dut/u_unified_p4_kernel/issue_desc_bundle_addr_q_reg[4]_rep__0","FDCE","u_dut/u_unified_p4_kernel/issue_desc_bundle_addr_q_reg_rep__0","6","0.543000000","1.412000000","1.955000000","0.722250639","SLICE_X78Y58","SLICE_X72Y41","","","SIGNATURE_SKIPPED|FDCE|FDCE","SIGNATURE_SKIPPED|FDCE|FDCE","DUT_INTERNAL","u_dut/u_unified_p4_kernel/ready_fifo_mem_reg","u_dut/u_unified_p4_kernel/issue_desc_bundle_addr_q_reg_rep__0","0.060000000"
"u_dut/u_unified_p4_kernel/issue_desc_bundle_addr_q_reg[4]_rep__10/D","u_dut/u_unified_p4_kernel/ready_fifo_mem_reg[0][0]/C","-0.010000000","clk","clk","clk","u_dut/u_unified_p4_kernel/ready_fifo_mem_reg[0][0]","FDCE","u_dut/u_unified_p4_kernel/ready_fifo_mem_reg","u_dut/u_unified_p4_kernel/issue_desc_bundle_addr_q_reg[4]_rep__10","FDCE","u_dut/u_unified_p4_kernel/issue_desc_bundle_addr_q_reg_rep__10","4","0.428000000","1.478000000","1.906000000","0.775445960","SLICE_X78Y58","SLICE_X69Y36","","","SIGNATURE_SKIPPED|FDCE|FDCE","SIGNATURE_SKIPPED|FDCE|FDCE","DUT_INTERNAL","u_dut/u_unified_p4_kernel/ready_fifo_mem_reg","u_dut/u_unified_p4_kernel/issue_desc_bundle_addr_q_reg_rep__10","0.010000000"
"u_dut/u_unified_p4_kernel/issue_desc_bundle_addr_q_reg[5]_rep__1/D","u_dut/u_unified_p4_kernel/ready_fifo_mem_reg[0][0]/C","-0.010000000","clk","clk","clk","u_dut/u_unified_p4_kernel/ready_fifo_mem_reg[0][0]","FDCE","u_dut/u_unified_p4_kernel/ready_fifo_mem_reg","u_dut/u_unified_p4_kernel/issue_desc_bundle_addr_q_reg[5]_rep__1","FDCE","u_dut/u_unified_p4_kernel/issue_desc_bundle_addr_q_reg_rep__1","6","0.481000000","1.409000000","1.890000000","0.745502646","SLICE_X78Y58","SLICE_X76Y39","","","SIGNATURE_SKIPPED|FDCE|FDCE","SIGNATURE_SKIPPED|FDCE|FDCE","DUT_INTERNAL","u_dut/u_unified_p4_kernel/ready_fifo_mem_reg","u_dut/u_unified_p4_kernel/issue_desc_bundle_addr_q_reg_rep__1","0.010000000"
"u_dut/u_unified_p4_kernel/issue_desc_bundle_addr_q_reg[5]_rep__10/D","u_dut/u_unified_p4_kernel/ready_fifo_mem_reg[0][0]/C","-0.068000000","clk","clk","clk","u_dut/u_unified_p4_kernel/ready_fifo_mem_reg[0][0]","FDCE","u_dut/u_unified_p4_kernel/ready_fifo_mem_reg","u_dut/u_unified_p4_kernel/issue_desc_bundle_addr_q_reg[5]_rep__10","FDCE","u_dut/u_unified_p4_kernel/issue_desc_bundle_addr_q_reg_rep__10","6","0.482000000","1.493000000","1.975000000","0.755949367","SLICE_X78Y58","SLICE_X71Y43","","","SIGNATURE_SKIPPED|FDCE|FDCE","SIGNATURE_SKIPPED|FDCE|FDCE","DUT_INTERNAL","u_dut/u_unified_p4_kernel/ready_fifo_mem_reg","u_dut/u_unified_p4_kernel/issue_desc_bundle_addr_q_reg_rep__10","0.068000000"
"u_dut/u_unified_p4_kernel/issue_desc_bundle_addr_q_reg[5]_rep__2/D","u_dut/u_unified_p4_kernel/ready_fifo_mem_reg[0][0]/C","-0.050000000","clk","clk","clk","u_dut/u_unified_p4_kernel/ready_fifo_mem_reg[0][0]","FDCE","u_dut/u_unified_p4_kernel/ready_fifo_mem_reg","u_dut/u_unified_p4_kernel/issue_desc_bundle_addr_q_reg[5]_rep__2","FDCE","u_dut/u_unified_p4_kernel/issue_desc_bundle_addr_q_reg_rep__2","4","0.477000000","1.474000000","1.951000000","0.755509995","SLICE_X78Y58","SLICE_X69Y38","","","SIGNATURE_SKIPPED|FDCE|FDCE","SIGNATURE_SKIPPED|FDCE|FDCE","DUT_INTERNAL","u_dut/u_unified_p4_kernel/ready_fifo_mem_reg","u_dut/u_unified_p4_kernel/issue_desc_bundle_addr_q_reg_rep__2","0.050000000"
"u_dut/u_unified_p4_kernel/issue_desc_bundle_addr_q_reg[5]_rep__3/D","u_dut/u_unified_p4_kernel/ready_fifo_mem_reg[0][0]/C","-0.019000000","clk","clk","clk","u_dut/u_unified_p4_kernel/ready_fifo_mem_reg[0][0]","FDCE","u_dut/u_unified_p4_kernel/ready_fifo_mem_reg","u_dut/u_unified_p4_kernel/issue_desc_bundle_addr_q_reg[5]_rep__3","FDCE","u_dut/u_unified_p4_kernel/issue_desc_bundle_addr_q_reg_rep__3","6","0.594000000","1.319000000","1.913000000","0.689492943","SLICE_X78Y58","SLICE_X72Y39","","","SIGNATURE_SKIPPED|FDCE|FDCE","SIGNATURE_SKIPPED|FDCE|FDCE","DUT_INTERNAL","u_dut/u_unified_p4_kernel/ready_fifo_mem_reg","u_dut/u_unified_p4_kernel/issue_desc_bundle_addr_q_reg_rep__3","0.019000000"
"u_dut/u_unified_p4_kernel/issue_desc_bundle_addr_q_reg[5]_rep__4/D","u_dut/u_unified_p4_kernel/ready_fifo_mem_reg[0][0]/C","-0.071000000","clk","clk","clk","u_dut/u_unified_p4_kernel/ready_fifo_mem_reg[0][0]","FDCE","u_dut/u_unified_p4_kernel/ready_fifo_mem_reg","u_dut/u_unified_p4_kernel/issue_desc_bundle_addr_q_reg[5]_rep__4","FDCE","u_dut/u_unified_p4_kernel/issue_desc_bundle_addr_q_reg_rep__4","6","0.496000000","1.459000000","1.955000000","0.746291560","SLICE_X78Y58","SLICE_X75Y40","","","SIGNATURE_SKIPPED|FDCE|FDCE","SIGNATURE_SKIPPED|FDCE|FDCE","DUT_INTERNAL","u_dut/u_unified_p4_kernel/ready_fifo_mem_reg","u_dut/u_unified_p4_kernel/issue_desc_bundle_addr_q_reg_rep__4","0.071000000"
"u_dut/u_unified_p4_kernel/issue_desc_bundle_addr_q_reg[5]_rep__5/D","u_dut/u_unified_p4_kernel/ready_fifo_mem_reg[0][0]/C","-0.116000000","clk","clk","clk","u_dut/u_unified_p4_kernel/ready_fifo_mem_reg[0][0]","FDCE","u_dut/u_unified_p4_kernel/ready_fifo_mem_reg","u_dut/u_unified_p4_kernel/issue_desc_bundle_addr_q_reg[5]_rep__5","FDCE","u_dut/u_unified_p4_kernel/issue_desc_bundle_addr_q_reg_rep__5","6","0.544000000","1.511000000","2.055000000","0.735279805","SLICE_X78Y58","SLICE_X72Y44","","","SIGNATURE_SKIPPED|FDCE|FDCE","SIGNATURE_SKIPPED|FDCE|FDCE","DUT_INTERNAL","u_dut/u_unified_p4_kernel/ready_fifo_mem_reg","u_dut/u_unified_p4_kernel/issue_desc_bundle_addr_q_reg_rep__5","0.116000000"
"u_dut/u_unified_p4_kernel/issue_desc_bundle_addr_q_reg[5]_rep__6/D","u_dut/u_unified_p4_kernel/ready_fifo_mem_reg[0][0]/C","-0.070000000","clk","clk","clk","u_dut/u_unified_p4_kernel/ready_fifo_mem_reg[0][0]","FDCE","u_dut/u_unified_p4_kernel/ready_fifo_mem_reg","u_dut/u_unified_p4_kernel/issue_desc_bundle_addr_q_reg[5]_rep__6","FDCE","u_dut/u_unified_p4_kernel/issue_desc_bundle_addr_q_reg_rep__6","6","0.480000000","1.498000000","1.978000000","0.757330637","SLICE_X78Y58","SLICE_X71Y43","","","SIGNATURE_SKIPPED|FDCE|FDCE","SIGNATURE_SKIPPED|FDCE|FDCE","DUT_INTERNAL","u_dut/u_unified_p4_kernel/ready_fifo_mem_reg","u_dut/u_unified_p4_kernel/issue_desc_bundle_addr_q_reg_rep__6","0.070000000"
"u_dut/u_unified_p4_kernel/issue_desc_bundle_addr_q_reg[5]_rep__7/D","u_dut/u_unified_p4_kernel/ready_fifo_mem_reg[0][0]/C","-0.085000000","clk","clk","clk","u_dut/u_unified_p4_kernel/ready_fifo_mem_reg[0][0]","FDCE","u_dut/u_unified_p4_kernel/ready_fifo_mem_reg","u_dut/u_unified_p4_kernel/issue_desc_bundle_addr_q_reg[5]_rep__7","FDCE","u_dut/u_unified_p4_kernel/issue_desc_bundle_addr_q_reg_rep__7","6","0.482000000","1.537000000","2.019000000","0.761267954","SLICE_X78Y58","SLICE_X74Y44","","","SIGNATURE_SKIPPED|FDCE|FDCE","SIGNATURE_SKIPPED|FDCE|FDCE","DUT_INTERNAL","u_dut/u_unified_p4_kernel/ready_fifo_mem_reg","u_dut/u_unified_p4_kernel/issue_desc_bundle_addr_q_reg_rep__7","0.085000000"
"u_dut/u_unified_p4_kernel/issue_desc_bundle_addr_q_reg[5]_rep__8/D","u_dut/u_unified_p4_kernel/ready_fifo_mem_reg[0][0]/C","-0.125000000","clk","clk","clk","u_dut/u_unified_p4_kernel/ready_fifo_mem_reg[0][0]","FDCE","u_dut/u_unified_p4_kernel/ready_fifo_mem_reg","u_dut/u_unified_p4_kernel/issue_desc_bundle_addr_q_reg[5]_rep__8","FDCE","u_dut/u_unified_p4_kernel/issue_desc_bundle_addr_q_reg_rep__8","6","0.535000000","1.483000000","2.018000000","0.734886026","SLICE_X78Y58","SLICE_X72Y41","","","SIGNATURE_SKIPPED|FDCE|FDCE","SIGNATURE_SKIPPED|FDCE|FDCE","DUT_INTERNAL","u_dut/u_unified_p4_kernel/ready_fifo_mem_reg","u_dut/u_unified_p4_kernel/issue_desc_bundle_addr_q_reg_rep__8","0.125000000"
"u_dut/u_unified_p4_kernel/issue_desc_last_q_reg/D","u_dut/u_unified_p4_kernel/ready_fifo_mem_reg[0][0]/C","-0.013000000","clk","clk","clk","u_dut/u_unified_p4_kernel/ready_fifo_mem_reg[0][0]","FDCE","u_dut/u_unified_p4_kernel/ready_fifo_mem_reg","u_dut/u_unified_p4_kernel/issue_desc_last_q_reg","FDCE","u_dut/u_unified_p4_kernel/issue_desc_last_q_reg","6","0.598000000","1.247000000","1.845000000","0.675880759","SLICE_X78Y58","SLICE_X78Y61","","","SIGNATURE_SKIPPED|FDCE|FDCE","SIGNATURE_SKIPPED|FDCE|FDCE","DUT_INTERNAL","u_dut/u_unified_p4_kernel/ready_fifo_mem_reg","u_dut/u_unified_p4_kernel/issue_desc_last_q_reg","0.013000000"
"u_dut/u_unified_p4_kernel/issue_desc_valid_q_reg_rep__3/D","u_dut/u_unified_p4_kernel/ready_count_q_reg[1]/C","-0.019000000","clk","clk","clk","u_dut/u_unified_p4_kernel/ready_count_q_reg[1]","FDCE","u_dut/u_unified_p4_kernel/ready_count_q_reg","u_dut/u_unified_p4_kernel/issue_desc_valid_q_reg_rep__3","FDCE","u_dut/u_unified_p4_kernel/issue_desc_valid_q_reg_rep__3","1","0.175000000","1.724000000","1.899000000","0.907846235","SLICE_X78Y60","SLICE_X90Y29","","","SIGNATURE_SKIPPED|FDCE|FDCE","SIGNATURE_SKIPPED|FDCE|FDCE","DUT_INTERNAL","u_dut/u_unified_p4_kernel/ready_count_q_reg","u_dut/u_unified_p4_kernel/issue_desc_valid_q_reg_rep__3","0.019000000"
"u_dut/u_unified_p4_kernel/load_group_q_reg[4]/CE","u_dut/u_unified_p4_kernel/slot_state_q_reg[2][1]/C","-0.013000000","clk","clk","clk","u_dut/u_unified_p4_kernel/slot_state_q_reg[2][1]","FDCE","u_dut/u_unified_p4_kernel/slot_state_q_reg","u_dut/u_unified_p4_kernel/load_group_q_reg[4]","FDCE","u_dut/u_unified_p4_kernel/load_group_q_reg","5","0.591000000","1.256000000","1.847000000","0.680021657","SLICE_X84Y76","SLICE_X79Y77","","","SIGNATURE_SKIPPED|FDCE|FDCE","SIGNATURE_SKIPPED|FDCE|FDCE","DUT_INTERNAL","u_dut/u_unified_p4_kernel/slot_state_q_reg","u_dut/u_unified_p4_kernel/load_group_q_reg","0.013000000"
"u_dut/u_unified_p4_kernel/product_q_reg[0][16]_i_5_psdsp/D","u_dut/u_unified_p4_kernel/issue_desc_bundle_addr_q_reg[0]_rep__9/C","-0.007000000","clk","clk","clk","u_dut/u_unified_p4_kernel/issue_desc_bundle_addr_q_reg[0]_rep__9","FDCE","u_dut/u_unified_p4_kernel/issue_desc_bundle_addr_q_reg_rep__9","u_dut/u_unified_p4_kernel/product_q_reg[0][16]_i_5_psdsp","FDRE","u_dut/u_unified_p4_kernel/product_q_reg_i_5_psdsp","2","0.210000000","1.662000000","1.872000000","0.887820513","SLICE_X74Y43","SLICE_X82Y27","","","SIGNATURE_SKIPPED|FDCE|FDRE","SIGNATURE_SKIPPED|FDCE|FDRE","DUT_INTERNAL","u_dut/u_unified_p4_kernel/issue_desc_bundle_addr_q_reg_rep__9","u_dut/u_unified_p4_kernel/product_q_reg_i_5_psdsp","0.007000000"
"u_dut/u_unified_p4_kernel/product_q_reg[0][19]_i_4_psdsp/D","u_dut/u_unified_p4_kernel/issue_desc_bundle_addr_q_reg[0]_rep__15/C","-0.027000000","clk","clk","clk","u_dut/u_unified_p4_kernel/issue_desc_bundle_addr_q_reg[0]_rep__15","FDCE","u_dut/u_unified_p4_kernel/issue_desc_bundle_addr_q_reg_rep__15","u_dut/u_unified_p4_kernel/product_q_reg[0][19]_i_4_psdsp","FDRE","u_dut/u_unified_p4_kernel/product_q_reg_i_4_psdsp","2","0.324000000","1.546000000","1.870000000","0.826737968","SLICE_X70Y21","SLICE_X80Y24","","","SIGNATURE_SKIPPED|FDCE|FDRE","SIGNATURE_SKIPPED|FDCE|FDRE","DUT_INTERNAL","u_dut/u_unified_p4_kernel/issue_desc_bundle_addr_q_reg_rep__15","u_dut/u_unified_p4_kernel/product_q_reg_i_4_psdsp","0.027000000"
"u_dut/u_unified_p4_kernel/product_q_reg[0][19]_i_6_psdsp/D","u_dut/u_unified_p4_kernel/issue_desc_bundle_addr_q_reg[0]_rep__15/C","-0.022000000","clk","clk","clk","u_dut/u_unified_p4_kernel/issue_desc_bundle_addr_q_reg[0]_rep__15","FDCE","u_dut/u_unified_p4_kernel/issue_desc_bundle_addr_q_reg_rep__15","u_dut/u_unified_p4_kernel/product_q_reg[0][19]_i_6_psdsp","FDRE","u_dut/u_unified_p4_kernel/product_q_reg_i_6_psdsp","2","0.268000000","1.597000000","1.865000000","0.856300268","SLICE_X70Y21","SLICE_X80Y24","","","SIGNATURE_SKIPPED|FDCE|FDRE","SIGNATURE_SKIPPED|FDCE|FDRE","DUT_INTERNAL","u_dut/u_unified_p4_kernel/issue_desc_bundle_addr_q_reg_rep__15","u_dut/u_unified_p4_kernel/product_q_reg_i_6_psdsp","0.022000000"
"u_dut/u_unified_p4_kernel/product_q_reg[0][26]_i_5_psdsp/D","u_dut/u_unified_p4_kernel/issue_desc_bundle_addr_q_reg[5]_rep__6/C","-0.009000000","clk","clk","clk","u_dut/u_unified_p4_kernel/issue_desc_bundle_addr_q_reg[5]_rep__6","FDCE","u_dut/u_unified_p4_kernel/issue_desc_bundle_addr_q_reg_rep__6","u_dut/u_unified_p4_kernel/product_q_reg[0][26]_i_5_psdsp","FDRE","u_dut/u_unified_p4_kernel/product_q_reg_i_5_psdsp","3","0.340000000","1.524000000","1.864000000","0.817596567","SLICE_X71Y43","SLICE_X82Y16","","","SIGNATURE_SKIPPED|FDCE|FDRE","SIGNATURE_SKIPPED|FDCE|FDRE","DUT_INTERNAL","u_dut/u_unified_p4_kernel/issue_desc_bundle_addr_q_reg_rep__6","u_dut/u_unified_p4_kernel/product_q_reg_i_5_psdsp","0.009000000"
"u_dut/u_unified_p4_kernel/product_q_reg[0][27]_i_4_psdsp/D","u_dut/u_unified_p4_kernel/issue_desc_bundle_addr_q_reg[3]_rep__13/C","-0.033000000","clk","clk","clk","u_dut/u_unified_p4_kernel/issue_desc_bundle_addr_q_reg[3]_rep__13","FDCE","u_dut/u_unified_p4_kernel/issue_desc_bundle_addr_q_reg_rep__13","u_dut/u_unified_p4_kernel/product_q_reg[0][27]_i_4_psdsp","FDRE","u_dut/u_unified_p4_kernel/product_q_reg_i_4_psdsp","1","0.179000000","1.715000000","1.894000000","0.905491024","SLICE_X69Y38","SLICE_X87Y10","","","SIGNATURE_SKIPPED|FDCE|FDRE","SIGNATURE_SKIPPED|FDCE|FDRE","DUT_INTERNAL","u_dut/u_unified_p4_kernel/issue_desc_bundle_addr_q_reg_rep__13","u_dut/u_unified_p4_kernel/product_q_reg_i_4_psdsp","0.033000000"
"u_dut/u_unified_p4_kernel/product_q_reg[0][30]_i_7_psdsp/D","u_dut/u_unified_p4_kernel/issue_desc_bundle_addr_q_reg[2]_rep__7/C","-0.038000000","clk","clk","clk","u_dut/u_unified_p4_kernel/issue_desc_bundle_addr_q_reg[2]_rep__7","FDCE","u_dut/u_unified_p4_kernel/issue_desc_bundle_addr_q_reg_rep__7","u_dut/u_unified_p4_kernel/product_q_reg[0][30]_i_7_psdsp","FDRE","u_dut/u_unified_p4_kernel/product_q_reg_i_7_psdsp","2","0.276000000","1.633000000","1.909000000","0.855421687","SLICE_X71Y40","SLICE_X82Y32","","","SIGNATURE_SKIPPED|FDCE|FDRE","SIGNATURE_SKIPPED|FDCE|FDRE","DUT_INTERNAL","u_dut/u_unified_p4_kernel/issue_desc_bundle_addr_q_reg_rep__7","u_dut/u_unified_p4_kernel/product_q_reg_i_7_psdsp","0.038000000"
"u_dut/u_unified_p4_kernel/product_q_reg[0][35]_i_3_psdsp/D","u_dut/u_unified_p4_kernel/issue_desc_bundle_addr_q_reg[2]_rep__5/C","-0.071000000","clk","clk","clk","u_dut/u_unified_p4_kernel/issue_desc_bundle_addr_q_reg[2]_rep__5","FDCE","u_dut/u_unified_p4_kernel/issue_desc_bundle_addr_q_reg_rep__5","u_dut/u_unified_p4_kernel/product_q_reg[0][35]_i_3_psdsp","FDRE","u_dut/u_unified_p4_kernel/product_q_reg_i_3_psdsp","2","0.249000000","1.648000000","1.897000000","0.868740116","SLICE_X74Y44","SLICE_X57Y66","","","SIGNATURE_SKIPPED|FDCE|FDRE","SIGNATURE_SKIPPED|FDCE|FDRE","DUT_INTERNAL","u_dut/u_unified_p4_kernel/issue_desc_bundle_addr_q_reg_rep__5","u_dut/u_unified_p4_kernel/product_q_reg_i_3_psdsp","0.071000000"
"u_dut/u_unified_p4_kernel/product_q_reg[0][8]_i_1_psdsp/D","u_dut/u_unified_p4_kernel/issue_desc_bundle_addr_q_reg[5]_rep__5/C","-0.050000000","clk","clk","clk","u_dut/u_unified_p4_kernel/issue_desc_bundle_addr_q_reg[5]_rep__5","FDCE","u_dut/u_unified_p4_kernel/issue_desc_bundle_addr_q_reg_rep__5","u_dut/u_unified_p4_kernel/product_q_reg[0][8]_i_1_psdsp","FDRE","u_dut/u_unified_p4_kernel/product_q_reg_i_1_psdsp","2","0.351000000","1.573000000","1.924000000","0.817567568","SLICE_X72Y44","SLICE_X70Y18","","","SIGNATURE_SKIPPED|FDCE|FDRE","SIGNATURE_SKIPPED|FDCE|FDRE","DUT_INTERNAL","u_dut/u_unified_p4_kernel/issue_desc_bundle_addr_q_reg_rep__5","u_dut/u_unified_p4_kernel/product_q_reg_i_1_psdsp","0.050000000"
"u_dut/u_unified_p4_kernel/product_q_reg[1][24]_i_2_psdsp/D","u_dut/u_unified_p4_kernel/issue_desc_bundle_addr_q_reg[5]_rep__6/C","-0.010000000","clk","clk","clk","u_dut/u_unified_p4_kernel/issue_desc_bundle_addr_q_reg[5]_rep__6","FDCE","u_dut/u_unified_p4_kernel/issue_desc_bundle_addr_q_reg_rep__6","u_dut/u_unified_p4_kernel/product_q_reg[1][24]_i_2_psdsp","FDRE","u_dut/u_unified_p4_kernel/product_q_reg_i_2_psdsp","3","0.304000000","1.543000000","1.847000000","0.835408771","SLICE_X71Y43","SLICE_X85Y27","","","SIGNATURE_SKIPPED|FDCE|FDRE","SIGNATURE_SKIPPED|FDCE|FDRE","DUT_INTERNAL","u_dut/u_unified_p4_kernel/issue_desc_bundle_addr_q_reg_rep__6","u_dut/u_unified_p4_kernel/product_q_reg_i_2_psdsp","0.010000000"
"u_dut/u_unified_p4_kernel/product_q_reg[1][28]_i_8_psdsp/D","u_dut/u_unified_p4_kernel/issue_desc_bundle_addr_q_reg[5]_rep__6/C","-0.095000000","clk","clk","clk","u_dut/u_unified_p4_kernel/issue_desc_bundle_addr_q_reg[5]_rep__6","FDCE","u_dut/u_unified_p4_kernel/issue_desc_bundle_addr_q_reg_rep__6","u_dut/u_unified_p4_kernel/product_q_reg[1][28]_i_8_psdsp","FDRE","u_dut/u_unified_p4_kernel/product_q_reg_i_8_psdsp","3","0.253000000","1.675000000","1.928000000","0.868775934","SLICE_X71Y43","SLICE_X83Y31","","","SIGNATURE_SKIPPED|FDCE|FDRE","SIGNATURE_SKIPPED|FDCE|FDRE","DUT_INTERNAL","u_dut/u_unified_p4_kernel/issue_desc_bundle_addr_q_reg_rep__6","u_dut/u_unified_p4_kernel/product_q_reg_i_8_psdsp","0.095000000"
"u_dut/u_unified_p4_kernel/product_q_reg[1][41]_i_2_psdsp/D","u_dut/u_unified_p4_kernel/issue_desc_bundle_addr_q_reg[4]_rep__4/C","-0.014000000","clk","clk","clk","u_dut/u_unified_p4_kernel/issue_desc_bundle_addr_q_reg[4]_rep__4","FDCE","u_dut/u_unified_p4_kernel/issue_desc_bundle_addr_q_reg_rep__4","u_dut/u_unified_p4_kernel/product_q_reg[1][41]_i_2_psdsp","FDRE","u_dut/u_unified_p4_kernel/product_q_reg_i_2_psdsp","2","0.167000000","1.694000000","1.861000000","0.910263299","SLICE_X71Y43","SLICE_X83Y56","","","SIGNATURE_SKIPPED|FDCE|FDRE","SIGNATURE_SKIPPED|FDCE|FDRE","DUT_INTERNAL","u_dut/u_unified_p4_kernel/issue_desc_bundle_addr_q_reg_rep__4","u_dut/u_unified_p4_kernel/product_q_reg_i_2_psdsp","0.014000000"
"u_dut/u_unified_p4_kernel/product_q_reg[1][45]_i_3_psdsp/D","u_dut/u_unified_p4_kernel/issue_desc_bundle_addr_q_reg[2]_rep__5/C","-0.056000000","clk","clk","clk","u_dut/u_unified_p4_kernel/issue_desc_bundle_addr_q_reg[2]_rep__5","FDCE","u_dut/u_unified_p4_kernel/issue_desc_bundle_addr_q_reg_rep__5","u_dut/u_unified_p4_kernel/product_q_reg[1][45]_i_3_psdsp","FDRE","u_dut/u_unified_p4_kernel/product_q_reg_i_3_psdsp","2","0.322000000","1.503000000","1.825000000","0.823561644","SLICE_X74Y44","SLICE_X88Y69","","","SIGNATURE_SKIPPED|FDCE|FDRE","SIGNATURE_SKIPPED|FDCE|FDRE","DUT_INTERNAL","u_dut/u_unified_p4_kernel/issue_desc_bundle_addr_q_reg_rep__5","u_dut/u_unified_p4_kernel/product_q_reg_i_3_psdsp","0.056000000"
"u_dut/u_unified_p4_kernel/product_q_reg[1][7]_i_5_psdsp/D","u_dut/u_unified_p4_kernel/issue_desc_bundle_addr_q_reg[5]_rep__8/C","-0.005000000","clk","clk","clk","u_dut/u_unified_p4_kernel/issue_desc_bundle_addr_q_reg[5]_rep__8","FDCE","u_dut/u_unified_p4_kernel/issue_desc_bundle_addr_q_reg_rep__8","u_dut/u_unified_p4_kernel/product_q_reg[1][7]_i_5_psdsp","FDRE","u_dut/u_unified_p4_kernel/product_q_reg_i_5_psdsp","3","0.403000000","1.656000000","2.059000000","0.804273919","SLICE_X72Y41","SLICE_X35Y24","","","SIGNATURE_SKIPPED|FDCE|FDRE","SIGNATURE_SKIPPED|FDCE|FDRE","DUT_INTERNAL","u_dut/u_unified_p4_kernel/issue_desc_bundle_addr_q_reg_rep__8","u_dut/u_unified_p4_kernel/product_q_reg_i_5_psdsp","0.005000000"
"u_dut/u_unified_p4_kernel/product_q_reg[2][10]_i_2_psdsp/D","u_dut/u_unified_p4_kernel/issue_desc_bundle_addr_q_reg[3]_rep__5/C","-0.054000000","clk","clk","clk","u_dut/u_unified_p4_kernel/issue_desc_bundle_addr_q_reg[3]_rep__5","FDCE","u_dut/u_unified_p4_kernel/issue_desc_bundle_addr_q_reg_rep__5","u_dut/u_unified_p4_kernel/product_q_reg[2][10]_i_2_psdsp","FDRE","u_dut/u_unified_p4_kernel/product_q_reg_i_2_psdsp","2","0.253000000","1.697000000","1.950000000","0.870256410","SLICE_X69Y38","SLICE_X62Y25","","","SIGNATURE_SKIPPED|FDCE|FDRE","SIGNATURE_SKIPPED|FDCE|FDRE","DUT_INTERNAL","u_dut/u_unified_p4_kernel/issue_desc_bundle_addr_q_reg_rep__5","u_dut/u_unified_p4_kernel/product_q_reg_i_2_psdsp","0.054000000"
"u_dut/u_unified_p4_kernel/product_q_reg[2][16]/DSP_A_B_DATA_INST/A[6]","u_dut/u_unified_p4_kernel/issue_desc_bundle_addr_q_reg[5]_rep__2/C","-0.020000000","clk","clk","clk","u_dut/u_unified_p4_kernel/issue_desc_bundle_addr_q_reg[5]_rep__2","FDCE","u_dut/u_unified_p4_kernel/issue_desc_bundle_addr_q_reg_rep__2","u_dut/u_unified_p4_kernel/product_q_reg[2][16]/DSP_A_B_DATA_INST","DSP_A_B_DATA","u_dut/u_unified_p4_kernel/product_q_reg/DSP_A_B_DATA_INST","1","0.229000000","1.402000000","1.631000000","0.859595340","SLICE_X69Y38","DSP48E2_X12Y3","","","SIGNATURE_SKIPPED|FDCE|DSP_A_B_DATA","SIGNATURE_SKIPPED|FDCE|DSP_A_B_DATA","DUT_INTERNAL","u_dut/u_unified_p4_kernel/issue_desc_bundle_addr_q_reg_rep__2","u_dut/u_unified_p4_kernel/product_q_reg","0.020000000"
"u_dut/u_unified_p4_kernel/product_q_reg[2][34]_i_1_psdsp/D","u_dut/u_unified_p4_kernel/issue_desc_bundle_addr_q_reg[2]_rep__5/C","-0.033000000","clk","clk","clk","u_dut/u_unified_p4_kernel/issue_desc_bundle_addr_q_reg[2]_rep__5","FDCE","u_dut/u_unified_p4_kernel/issue_desc_bundle_addr_q_reg_rep__5","u_dut/u_unified_p4_kernel/product_q_reg[2][34]_i_1_psdsp","FDRE","u_dut/u_unified_p4_kernel/product_q_reg_i_1_psdsp","2","0.237000000","1.671000000","1.908000000","0.875786164","SLICE_X74Y44","SLICE_X55Y77","","","SIGNATURE_SKIPPED|FDCE|FDRE","SIGNATURE_SKIPPED|FDCE|FDRE","DUT_INTERNAL","u_dut/u_unified_p4_kernel/issue_desc_bundle_addr_q_reg_rep__5","u_dut/u_unified_p4_kernel/product_q_reg_i_1_psdsp","0.033000000"
"u_dut/u_unified_p4_kernel/product_q_reg[2][35]_i_1_psdsp/D","u_dut/u_unified_p4_kernel/issue_desc_bundle_addr_q_reg[2]_rep__5/C","-0.063000000","clk","clk","clk","u_dut/u_unified_p4_kernel/issue_desc_bundle_addr_q_reg[2]_rep__5","FDCE","u_dut/u_unified_p4_kernel/issue_desc_bundle_addr_q_reg_rep__5","u_dut/u_unified_p4_kernel/product_q_reg[2][35]_i_1_psdsp","FDRE","u_dut/u_unified_p4_kernel/product_q_reg_i_1_psdsp","2","0.321000000","1.614000000","1.935000000","0.834108527","SLICE_X74Y44","SLICE_X54Y76","","","SIGNATURE_SKIPPED|FDCE|FDRE","SIGNATURE_SKIPPED|FDCE|FDRE","DUT_INTERNAL","u_dut/u_unified_p4_kernel/issue_desc_bundle_addr_q_reg_rep__5","u_dut/u_unified_p4_kernel/product_q_reg_i_1_psdsp","0.063000000"
"u_dut/u_unified_p4_kernel/product_q_reg[2][35]_i_2_psdsp/D","u_dut/u_unified_p4_kernel/issue_desc_bundle_addr_q_reg[2]_rep__5/C","-0.050000000","clk","clk","clk","u_dut/u_unified_p4_kernel/issue_desc_bundle_addr_q_reg[2]_rep__5","FDCE","u_dut/u_unified_p4_kernel/issue_desc_bundle_addr_q_reg_rep__5","u_dut/u_unified_p4_kernel/product_q_reg[2][35]_i_2_psdsp","FDRE","u_dut/u_unified_p4_kernel/product_q_reg_i_2_psdsp","2","0.249000000","1.678000000","1.927000000","0.870783601","SLICE_X74Y44","SLICE_X55Y74","","","SIGNATURE_SKIPPED|FDCE|FDRE","SIGNATURE_SKIPPED|FDCE|FDRE","DUT_INTERNAL","u_dut/u_unified_p4_kernel/issue_desc_bundle_addr_q_reg_rep__5","u_dut/u_unified_p4_kernel/product_q_reg_i_2_psdsp","0.050000000"
"u_dut/u_unified_p4_kernel/product_q_reg[2][44]_i_3_psdsp/D","u_dut/u_unified_p4_kernel/issue_desc_bundle_addr_q_reg[2]_rep__5/C","-0.056000000","clk","clk","clk","u_dut/u_unified_p4_kernel/issue_desc_bundle_addr_q_reg[2]_rep__5","FDCE","u_dut/u_unified_p4_kernel/issue_desc_bundle_addr_q_reg_rep__5","u_dut/u_unified_p4_kernel/product_q_reg[2][44]_i_3_psdsp","FDRE","u_dut/u_unified_p4_kernel/product_q_reg_i_3_psdsp","2","0.320000000","1.537000000","1.857000000","0.827679052","SLICE_X74Y44","SLICE_X74Y60","","","SIGNATURE_SKIPPED|FDCE|FDRE","SIGNATURE_SKIPPED|FDCE|FDRE","DUT_INTERNAL","u_dut/u_unified_p4_kernel/issue_desc_bundle_addr_q_reg_rep__5","u_dut/u_unified_p4_kernel/product_q_reg_i_3_psdsp","0.056000000"
"u_dut/u_unified_p4_kernel/product_q_reg[2][44]_i_3_psdsp_1/D","u_dut/u_unified_p4_kernel/issue_desc_bundle_addr_q_reg[2]_rep__5/C","-0.096000000","clk","clk","clk","u_dut/u_unified_p4_kernel/issue_desc_bundle_addr_q_reg[2]_rep__5","FDCE","u_dut/u_unified_p4_kernel/issue_desc_bundle_addr_q_reg_rep__5","u_dut/u_unified_p4_kernel/product_q_reg[2][44]_i_3_psdsp_1","FDRE","u_dut/u_unified_p4_kernel/product_q_reg_i_3_psdsp_1","2","0.320000000","1.575000000","1.895000000","0.831134565","SLICE_X74Y44","SLICE_X73Y63","","","SIGNATURE_SKIPPED|FDCE|FDRE","SIGNATURE_SKIPPED|FDCE|FDRE","DUT_INTERNAL","u_dut/u_unified_p4_kernel/issue_desc_bundle_addr_q_reg_rep__5","u_dut/u_unified_p4_kernel/product_q_reg_i_3_psdsp_1","0.096000000"
"u_dut/u_unified_p4_kernel/product_q_reg[2][47]/DSP_A_B_DATA_INST/B[16]","u_dut/u_unified_p4_kernel/s0_input_q_reg[47][15]/C","-0.037000000","clk","clk","clk","u_dut/u_unified_p4_kernel/s0_input_q_reg[47][15]","FDRE","u_dut/u_unified_p4_kernel/s0_input_q_reg","u_dut/u_unified_p4_kernel/product_q_reg[2][47]/DSP_A_B_DATA_INST","DSP_A_B_DATA","u_dut/u_unified_p4_kernel/product_q_reg/DSP_A_B_DATA_INST","0","0.078000000","1.615000000","1.693000000","0.953927939","SLICE_X86Y18","DSP48E2_X11Y21","","","SIGNATURE_SKIPPED|FDRE|DSP_A_B_DATA","SIGNATURE_SKIPPED|FDRE|DSP_A_B_DATA","DUT_INTERNAL","u_dut/u_unified_p4_kernel/s0_input_q_reg","u_dut/u_unified_p4_kernel/product_q_reg","0.037000000"
"u_dut/u_unified_p4_kernel/product_q_reg[2][49]_i_2_psdsp/D","u_dut/u_unified_p4_kernel/issue_desc_bundle_addr_q_reg[2]_rep__5/C","-0.082000000","clk","clk","clk","u_dut/u_unified_p4_kernel/issue_desc_bundle_addr_q_reg[2]_rep__5","FDCE","u_dut/u_unified_p4_kernel/issue_desc_bundle_addr_q_reg_rep__5","u_dut/u_unified_p4_kernel/product_q_reg[2][49]_i_2_psdsp","FDRE","u_dut/u_unified_p4_kernel/product_q_reg_i_2_psdsp","3","0.321000000","1.595000000","1.916000000","0.832463466","SLICE_X74Y44","SLICE_X82Y59","","","SIGNATURE_SKIPPED|FDCE|FDRE","SIGNATURE_SKIPPED|FDCE|FDRE","DUT_INTERNAL","u_dut/u_unified_p4_kernel/issue_desc_bundle_addr_q_reg_rep__5","u_dut/u_unified_p4_kernel/product_q_reg_i_2_psdsp","0.082000000"
"u_dut/u_unified_p4_kernel/product_q_reg[2][50]_i_5_psdsp/D","u_dut/u_unified_p4_kernel/issue_desc_bundle_addr_q_reg[5]_rep__6/C","-0.008000000","clk","clk","clk","u_dut/u_unified_p4_kernel/issue_desc_bundle_addr_q_reg[5]_rep__6","FDCE","u_dut/u_unified_p4_kernel/issue_desc_bundle_addr_q_reg_rep__6","u_dut/u_unified_p4_kernel/product_q_reg[2][50]_i_5_psdsp","FDRE","u_dut/u_unified_p4_kernel/product_q_reg_i_5_psdsp","3","0.228000000","1.625000000","1.853000000","0.876956287","SLICE_X71Y43","SLICE_X83Y51","","","SIGNATURE_SKIPPED|FDCE|FDRE","SIGNATURE_SKIPPED|FDCE|FDRE","DUT_INTERNAL","u_dut/u_unified_p4_kernel/issue_desc_bundle_addr_q_reg_rep__6","u_dut/u_unified_p4_kernel/product_q_reg_i_5_psdsp","0.008000000"
"u_dut/u_unified_p4_kernel/product_q_reg[2][8]_i_7_psdsp/D","u_dut/u_unified_p4_kernel/issue_desc_bundle_addr_q_reg[2]_rep__5/C","-0.062000000","clk","clk","clk","u_dut/u_unified_p4_kernel/issue_desc_bundle_addr_q_reg[2]_rep__5","FDCE","u_dut/u_unified_p4_kernel/issue_desc_bundle_addr_q_reg_rep__5","u_dut/u_unified_p4_kernel/product_q_reg[2][8]_i_7_psdsp","FDRE","u_dut/u_unified_p4_kernel/product_q_reg_i_7_psdsp","3","0.471000000","1.471000000","1.942000000","0.757466529","SLICE_X74Y44","SLICE_X67Y21","","","SIGNATURE_SKIPPED|FDCE|FDRE","SIGNATURE_SKIPPED|FDCE|FDRE","DUT_INTERNAL","u_dut/u_unified_p4_kernel/issue_desc_bundle_addr_q_reg_rep__5","u_dut/u_unified_p4_kernel/product_q_reg_i_7_psdsp","0.062000000"
"u_dut/u_unified_p4_kernel/product_q_reg[2][9]_i_6_psdsp/D","u_dut/u_unified_p4_kernel/issue_desc_bundle_addr_q_reg[3]_rep__8/C","-0.021000000","clk","clk","clk","u_dut/u_unified_p4_kernel/issue_desc_bundle_addr_q_reg[3]_rep__8","FDCE","u_dut/u_unified_p4_kernel/issue_desc_bundle_addr_q_reg_rep__8","u_dut/u_unified_p4_kernel/product_q_reg[2][9]_i_6_psdsp","FDRE","u_dut/u_unified_p4_kernel/product_q_reg_i_6_psdsp","2","0.168000000","1.742000000","1.910000000","0.912041885","SLICE_X69Y38","SLICE_X62Y26","","","SIGNATURE_SKIPPED|FDCE|FDRE","SIGNATURE_SKIPPED|FDCE|FDRE","DUT_INTERNAL","u_dut/u_unified_p4_kernel/issue_desc_bundle_addr_q_reg_rep__8","u_dut/u_unified_p4_kernel/product_q_reg_i_6_psdsp","0.021000000"
"u_dut/u_unified_p4_kernel/product_q_reg[3][20]_i_1_psdsp/D","u_dut/u_unified_p4_kernel/issue_desc_bundle_addr_q_reg[4]_rep__5/C","-0.003000000","clk","clk","clk","u_dut/u_unified_p4_kernel/issue_desc_bundle_addr_q_reg[4]_rep__5","FDCE","u_dut/u_unified_p4_kernel/issue_desc_bundle_addr_q_reg_rep__5","u_dut/u_unified_p4_kernel/product_q_reg[3][20]_i_1_psdsp","FDRE","u_dut/u_unified_p4_kernel/product_q_reg_i_1_psdsp","1","0.169000000","1.751000000","1.920000000","0.911979167","SLICE_X76Y47","SLICE_X74Y21","","","SIGNATURE_SKIPPED|FDCE|FDRE","SIGNATURE_SKIPPED|FDCE|FDRE","DUT_INTERNAL","u_dut/u_unified_p4_kernel/issue_desc_bundle_addr_q_reg_rep__5","u_dut/u_unified_p4_kernel/product_q_reg_i_1_psdsp","0.003000000"
"u_dut/u_unified_p4_kernel/product_q_reg[3][23]_i_7_psdsp/D","u_dut/u_unified_p4_kernel/issue_desc_bundle_addr_q_reg[5]_rep__5/C","-0.057000000","clk","clk","clk","u_dut/u_unified_p4_kernel/issue_desc_bundle_addr_q_reg[5]_rep__5","FDCE","u_dut/u_unified_p4_kernel/issue_desc_bundle_addr_q_reg_rep__5","u_dut/u_unified_p4_kernel/product_q_reg[3][23]_i_7_psdsp","FDRE","u_dut/u_unified_p4_kernel/product_q_reg_i_7_psdsp","2","0.325000000","1.562000000","1.887000000","0.827768945","SLICE_X72Y44","SLICE_X87Y17","","","SIGNATURE_SKIPPED|FDCE|FDRE","SIGNATURE_SKIPPED|FDCE|FDRE","DUT_INTERNAL","u_dut/u_unified_p4_kernel/issue_desc_bundle_addr_q_reg_rep__5","u_dut/u_unified_p4_kernel/product_q_reg_i_7_psdsp","0.057000000"
"u_dut/u_unified_p4_kernel/product_q_reg[3][26]_i_6_psdsp/D","u_dut/u_unified_p4_kernel/issue_desc_bundle_addr_q_reg[3]/C","-0.053000000","clk","clk","clk","u_dut/u_unified_p4_kernel/issue_desc_bundle_addr_q_reg[3]","FDCE","u_dut/u_unified_p4_kernel/issue_desc_bundle_addr_q_reg","u_dut/u_unified_p4_kernel/product_q_reg[3][26]_i_6_psdsp","FDRE","u_dut/u_unified_p4_kernel/product_q_reg_i_6_psdsp","2","0.325000000","1.656000000","1.981000000","0.835941444","SLICE_X75Y36","SLICE_X91Y27","","","SIGNATURE_SKIPPED|FDCE|FDRE","SIGNATURE_SKIPPED|FDCE|FDRE","DUT_INTERNAL","u_dut/u_unified_p4_kernel/issue_desc_bundle_addr_q_reg","u_dut/u_unified_p4_kernel/product_q_reg_i_6_psdsp","0.053000000"
"u_dut/u_unified_p4_kernel/product_q_reg[3][40]_i_3_psdsp/D","u_dut/u_unified_p4_kernel/issue_desc_bundle_addr_q_reg[2]_rep__5/C","-0.080000000","clk","clk","clk","u_dut/u_unified_p4_kernel/issue_desc_bundle_addr_q_reg[2]_rep__5","FDCE","u_dut/u_unified_p4_kernel/issue_desc_bundle_addr_q_reg_rep__5","u_dut/u_unified_p4_kernel/product_q_reg[3][40]_i_3_psdsp","FDRE","u_dut/u_unified_p4_kernel/product_q_reg_i_3_psdsp","2","0.296000000","1.656000000","1.952000000","0.848360656","SLICE_X74Y44","SLICE_X60Y49","","","SIGNATURE_SKIPPED|FDCE|FDRE","SIGNATURE_SKIPPED|FDCE|FDRE","DUT_INTERNAL","u_dut/u_unified_p4_kernel/issue_desc_bundle_addr_q_reg_rep__5","u_dut/u_unified_p4_kernel/product_q_reg_i_3_psdsp","0.080000000"
"u_dut/u_unified_p4_kernel/product_q_reg[3][40]_i_3_psdsp_3/D","u_dut/u_unified_p4_kernel/issue_desc_bundle_addr_q_reg[2]_rep__5/C","-0.078000000","clk","clk","clk","u_dut/u_unified_p4_kernel/issue_desc_bundle_addr_q_reg[2]_rep__5","FDCE","u_dut/u_unified_p4_kernel/issue_desc_bundle_addr_q_reg_rep__5","u_dut/u_unified_p4_kernel/product_q_reg[3][40]_i_3_psdsp_3","FDRE","u_dut/u_unified_p4_kernel/product_q_reg_i_3_psdsp_3","2","0.296000000","1.654000000","1.950000000","0.848205128","SLICE_X74Y44","SLICE_X60Y49","","","SIGNATURE_SKIPPED|FDCE|FDRE","SIGNATURE_SKIPPED|FDCE|FDRE","DUT_INTERNAL","u_dut/u_unified_p4_kernel/issue_desc_bundle_addr_q_reg_rep__5","u_dut/u_unified_p4_kernel/product_q_reg_i_3_psdsp_3","0.078000000"
"u_dut/u_unified_p4_kernel/reduce_l5_q_reg[0][37]/D","u_dut/u_unified_p4_kernel/reduce_l4_q_reg[0][0][12]/C","-0.025000000","clk","clk","clk","u_dut/u_unified_p4_kernel/reduce_l4_q_reg[0][0][12]","FDRE","u_dut/u_unified_p4_kernel/reduce_l4_q_reg","u_dut/u_unified_p4_kernel/reduce_l5_q_reg[0][37]","FDRE","u_dut/u_unified_p4_kernel/reduce_l5_q_reg","6","0.545000000","1.316000000","1.861000000","0.707146695","SLICE_X65Y22","SLICE_X86Y28","","","SIGNATURE_SKIPPED|FDRE|FDRE","SIGNATURE_SKIPPED|FDRE|FDRE","DUT_INTERNAL","u_dut/u_unified_p4_kernel/reduce_l4_q_reg","u_dut/u_unified_p4_kernel/reduce_l5_q_reg","0.025000000"
"u_dut/u_unified_p4_kernel/reduce_l5_q_reg[0][38]/D","u_dut/u_unified_p4_kernel/reduce_l4_q_reg[0][0][12]/C","-0.013000000","clk","clk","clk","u_dut/u_unified_p4_kernel/reduce_l4_q_reg[0][0][12]","FDRE","u_dut/u_unified_p4_kernel/reduce_l4_q_reg","u_dut/u_unified_p4_kernel/reduce_l5_q_reg[0][38]","FDRE","u_dut/u_unified_p4_kernel/reduce_l5_q_reg","6","0.532000000","1.317000000","1.849000000","0.712276906","SLICE_X65Y22","SLICE_X86Y28","","","SIGNATURE_SKIPPED|FDRE|FDRE","SIGNATURE_SKIPPED|FDRE|FDRE","DUT_INTERNAL","u_dut/u_unified_p4_kernel/reduce_l4_q_reg","u_dut/u_unified_p4_kernel/reduce_l5_q_reg","0.013000000"
"u_dut/u_unified_p4_kernel/reduce_l5_q_reg[0][39]/D","u_dut/u_unified_p4_kernel/reduce_l4_q_reg[0][0][12]/C","-0.026000000","clk","clk","clk","u_dut/u_unified_p4_kernel/reduce_l4_q_reg[0][0][12]","FDRE","u_dut/u_unified_p4_kernel/reduce_l4_q_reg","u_dut/u_unified_p4_kernel/reduce_l5_q_reg[0][39]","FDRE","u_dut/u_unified_p4_kernel/reduce_l5_q_reg","6","0.545000000","1.317000000","1.862000000","0.707303974","SLICE_X65Y22","SLICE_X86Y28","","","SIGNATURE_SKIPPED|FDRE|FDRE","SIGNATURE_SKIPPED|FDRE|FDRE","DUT_INTERNAL","u_dut/u_unified_p4_kernel/reduce_l4_q_reg","u_dut/u_unified_p4_kernel/reduce_l5_q_reg","0.026000000"
"u_dut/u_unified_p4_kernel/reduce_l5_q_reg[1][12]/CE","u_dut/u_unified_p4_kernel/s5_valid_q_reg/C","-0.040000000","clk","clk","clk","u_dut/u_unified_p4_kernel/s5_valid_q_reg","FDCE","u_dut/u_unified_p4_kernel/s5_valid_q_reg","u_dut/u_unified_p4_kernel/reduce_l5_q_reg[1][12]","FDRE","u_dut/u_unified_p4_kernel/reduce_l5_q_reg","0","0.079000000","1.811000000","1.890000000","0.958201058","SLICE_X84Y36","SLICE_X79Y18","","","SIGNATURE_SKIPPED|FDCE|FDRE","SIGNATURE_SKIPPED|FDCE|FDRE","DUT_INTERNAL","u_dut/u_unified_p4_kernel/s5_valid_q_reg","u_dut/u_unified_p4_kernel/reduce_l5_q_reg","0.040000000"
"u_dut/u_unified_p4_kernel/reduce_l5_q_reg[1][13]/CE","u_dut/u_unified_p4_kernel/s5_valid_q_reg/C","-0.040000000","clk","clk","clk","u_dut/u_unified_p4_kernel/s5_valid_q_reg","FDCE","u_dut/u_unified_p4_kernel/s5_valid_q_reg","u_dut/u_unified_p4_kernel/reduce_l5_q_reg[1][13]","FDRE","u_dut/u_unified_p4_kernel/reduce_l5_q_reg","0","0.079000000","1.811000000","1.890000000","0.958201058","SLICE_X84Y36","SLICE_X79Y18","","","SIGNATURE_SKIPPED|FDCE|FDRE","SIGNATURE_SKIPPED|FDCE|FDRE","DUT_INTERNAL","u_dut/u_unified_p4_kernel/s5_valid_q_reg","u_dut/u_unified_p4_kernel/reduce_l5_q_reg","0.040000000"
"u_dut/u_unified_p4_kernel/reduce_l5_q_reg[1][14]/CE","u_dut/u_unified_p4_kernel/s5_valid_q_reg/C","-0.040000000","clk","clk","clk","u_dut/u_unified_p4_kernel/s5_valid_q_reg","FDCE","u_dut/u_unified_p4_kernel/s5_valid_q_reg","u_dut/u_unified_p4_kernel/reduce_l5_q_reg[1][14]","FDRE","u_dut/u_unified_p4_kernel/reduce_l5_q_reg","0","0.079000000","1.811000000","1.890000000","0.958201058","SLICE_X84Y36","SLICE_X79Y18","","","SIGNATURE_SKIPPED|FDCE|FDRE","SIGNATURE_SKIPPED|FDCE|FDRE","DUT_INTERNAL","u_dut/u_unified_p4_kernel/s5_valid_q_reg","u_dut/u_unified_p4_kernel/reduce_l5_q_reg","0.040000000"
"u_dut/u_unified_p4_kernel/reduce_l5_q_reg[1][15]/CE","u_dut/u_unified_p4_kernel/s5_valid_q_reg/C","-0.040000000","clk","clk","clk","u_dut/u_unified_p4_kernel/s5_valid_q_reg","FDCE","u_dut/u_unified_p4_kernel/s5_valid_q_reg","u_dut/u_unified_p4_kernel/reduce_l5_q_reg[1][15]","FDRE","u_dut/u_unified_p4_kernel/reduce_l5_q_reg","0","0.079000000","1.811000000","1.890000000","0.958201058","SLICE_X84Y36","SLICE_X79Y18","","","SIGNATURE_SKIPPED|FDCE|FDRE","SIGNATURE_SKIPPED|FDCE|FDRE","DUT_INTERNAL","u_dut/u_unified_p4_kernel/s5_valid_q_reg","u_dut/u_unified_p4_kernel/reduce_l5_q_reg","0.040000000"
"u_dut/u_unified_p4_kernel/reduce_l5_q_reg[3][35]/D","u_dut/u_unified_p4_kernel/reduce_l4_q_reg[3][0][13]/C","-0.001000000","clk","clk","clk","u_dut/u_unified_p4_kernel/reduce_l4_q_reg[3][0][13]","FDRE","u_dut/u_unified_p4_kernel/reduce_l4_q_reg","u_dut/u_unified_p4_kernel/reduce_l5_q_reg[3][35]","FDRE","u_dut/u_unified_p4_kernel/reduce_l5_q_reg","5","0.494000000","1.273000000","1.767000000","0.720430108","SLICE_X54Y30","SLICE_X80Y35","","","SIGNATURE_SKIPPED|FDRE|FDRE","SIGNATURE_SKIPPED|FDRE|FDRE","DUT_INTERNAL","u_dut/u_unified_p4_kernel/reduce_l4_q_reg","u_dut/u_unified_p4_kernel/reduce_l5_q_reg","0.001000000"
"u_dut/u_unified_p4_kernel/reduce_l5_q_reg[3][36]/D","u_dut/u_unified_p4_kernel/reduce_l4_q_reg[3][0][13]/C","-0.002000000","clk","clk","clk","u_dut/u_unified_p4_kernel/reduce_l4_q_reg[3][0][13]","FDRE","u_dut/u_unified_p4_kernel/reduce_l4_q_reg","u_dut/u_unified_p4_kernel/reduce_l5_q_reg[3][36]","FDRE","u_dut/u_unified_p4_kernel/reduce_l5_q_reg","5","0.498000000","1.272000000","1.770000000","0.718644068","SLICE_X54Y30","SLICE_X80Y35","","","SIGNATURE_SKIPPED|FDRE|FDRE","SIGNATURE_SKIPPED|FDRE|FDRE","DUT_INTERNAL","u_dut/u_unified_p4_kernel/reduce_l4_q_reg","u_dut/u_unified_p4_kernel/reduce_l5_q_reg","0.002000000"
"u_dut/u_unified_p4_kernel/reduce_l5_q_reg[3][37]/D","u_dut/u_unified_p4_kernel/reduce_l4_q_reg[3][0][13]/C","-0.032000000","clk","clk","clk","u_dut/u_unified_p4_kernel/reduce_l4_q_reg[3][0][13]","FDRE","u_dut/u_unified_p4_kernel/reduce_l4_q_reg","u_dut/u_unified_p4_kernel/reduce_l5_q_reg[3][37]","FDRE","u_dut/u_unified_p4_kernel/reduce_l5_q_reg","5","0.528000000","1.272000000","1.800000000","0.706666667","SLICE_X54Y30","SLICE_X80Y35","","","SIGNATURE_SKIPPED|FDRE|FDRE","SIGNATURE_SKIPPED|FDRE|FDRE","DUT_INTERNAL","u_dut/u_unified_p4_kernel/reduce_l4_q_reg","u_dut/u_unified_p4_kernel/reduce_l5_q_reg","0.032000000"
"u_dut/u_unified_p4_kernel/reduce_l5_q_reg[3][38]/D","u_dut/u_unified_p4_kernel/reduce_l4_q_reg[3][0][13]/C","-0.020000000","clk","clk","clk","u_dut/u_unified_p4_kernel/reduce_l4_q_reg[3][0][13]","FDRE","u_dut/u_unified_p4_kernel/reduce_l4_q_reg","u_dut/u_unified_p4_kernel/reduce_l5_q_reg[3][38]","FDRE","u_dut/u_unified_p4_kernel/reduce_l5_q_reg","5","0.515000000","1.273000000","1.788000000","0.711968680","SLICE_X54Y30","SLICE_X80Y35","","","SIGNATURE_SKIPPED|FDRE|FDRE","SIGNATURE_SKIPPED|FDRE|FDRE","DUT_INTERNAL","u_dut/u_unified_p4_kernel/reduce_l4_q_reg","u_dut/u_unified_p4_kernel/reduce_l5_q_reg","0.020000000"
"u_dut/u_unified_p4_kernel/reduce_l5_q_reg[3][39]/D","u_dut/u_unified_p4_kernel/reduce_l4_q_reg[3][0][13]/C","-0.033000000","clk","clk","clk","u_dut/u_unified_p4_kernel/reduce_l4_q_reg[3][0][13]","FDRE","u_dut/u_unified_p4_kernel/reduce_l4_q_reg","u_dut/u_unified_p4_kernel/reduce_l5_q_reg[3][39]","FDRE","u_dut/u_unified_p4_kernel/reduce_l5_q_reg","5","0.528000000","1.273000000","1.801000000","0.706829539","SLICE_X54Y30","SLICE_X80Y35","","","SIGNATURE_SKIPPED|FDRE|FDRE","SIGNATURE_SKIPPED|FDRE|FDRE","DUT_INTERNAL","u_dut/u_unified_p4_kernel/reduce_l4_q_reg","u_dut/u_unified_p4_kernel/reduce_l5_q_reg","0.033000000"
"u_dut/u_unified_p4_kernel/reserved_groups_q_reg[3]/D","u_dut/kernel_run_q_reg/C","-0.045000000","clk","clk","clk","u_dut/kernel_run_q_reg","FDCE","u_dut/kernel_run_q_reg","u_dut/u_unified_p4_kernel/reserved_groups_q_reg[3]","FDCE","u_dut/u_unified_p4_kernel/reserved_groups_q_reg","4","0.437000000","1.457000000","1.894000000","0.769271383","SLICE_X74Y76","SLICE_X83Y76","","","SIGNATURE_SKIPPED|FDCE|FDCE","SIGNATURE_SKIPPED|FDCE|FDCE","DUT_INTERNAL","u_dut/kernel_run_q_reg","u_dut/u_unified_p4_kernel/reserved_groups_q_reg","0.045000000"
"u_dut/u_unified_p4_kernel/s0_input_q_reg[15][13]/D","u_dut/u_unified_p4_kernel/issue_desc_slot_q_reg[1]_rep__2/C","-0.020000000","clk","clk","clk","u_dut/u_unified_p4_kernel/issue_desc_slot_q_reg[1]_rep__2","FDCE","u_dut/u_unified_p4_kernel/issue_desc_slot_q_reg_rep__2","u_dut/u_unified_p4_kernel/s0_input_q_reg[15][13]","FDRE","u_dut/u_unified_p4_kernel/s0_input_q_reg","1","0.226000000","1.729000000","1.955000000","0.884398977","SLICE_X72Y34","SLICE_X63Y15","","","SIGNATURE_SKIPPED|FDCE|FDRE","SIGNATURE_SKIPPED|FDCE|FDRE","DUT_INTERNAL","u_dut/u_unified_p4_kernel/issue_desc_slot_q_reg_rep__2","u_dut/u_unified_p4_kernel/s0_input_q_reg","0.020000000"
"u_dut/u_unified_p4_kernel/s0_input_q_reg[22][14]/R","u_dut/u_unified_p4_kernel/issue_desc_valid_q_reg_rep__9/C","-0.025000000","clk","clk","clk","u_dut/u_unified_p4_kernel/issue_desc_valid_q_reg_rep__9","FDCE","u_dut/u_unified_p4_kernel/issue_desc_valid_q_reg_rep__9","u_dut/u_unified_p4_kernel/s0_input_q_reg[22][14]","FDRE","u_dut/u_unified_p4_kernel/s0_input_q_reg","2","0.249000000","1.609000000","1.858000000","0.865984930","SLICE_X75Y15","SLICE_X96Y26","","","SIGNATURE_SKIPPED|FDCE|FDRE","SIGNATURE_SKIPPED|FDCE|FDRE","DUT_INTERNAL","u_dut/u_unified_p4_kernel/issue_desc_valid_q_reg_rep__9","u_dut/u_unified_p4_kernel/s0_input_q_reg","0.025000000"
"u_dut/u_unified_p4_kernel/s0_input_q_reg[22][1]/R","u_dut/u_unified_p4_kernel/issue_desc_valid_q_reg_rep__9/C","-0.025000000","clk","clk","clk","u_dut/u_unified_p4_kernel/issue_desc_valid_q_reg_rep__9","FDCE","u_dut/u_unified_p4_kernel/issue_desc_valid_q_reg_rep__9","u_dut/u_unified_p4_kernel/s0_input_q_reg[22][1]","FDRE","u_dut/u_unified_p4_kernel/s0_input_q_reg","2","0.249000000","1.609000000","1.858000000","0.865984930","SLICE_X75Y15","SLICE_X96Y26","","","SIGNATURE_SKIPPED|FDCE|FDRE","SIGNATURE_SKIPPED|FDCE|FDRE","DUT_INTERNAL","u_dut/u_unified_p4_kernel/issue_desc_valid_q_reg_rep__9","u_dut/u_unified_p4_kernel/s0_input_q_reg","0.025000000"
"u_dut/u_unified_p4_kernel/s0_input_q_reg[22][2]/R","u_dut/u_unified_p4_kernel/issue_desc_valid_q_reg_rep__9/C","-0.025000000","clk","clk","clk","u_dut/u_unified_p4_kernel/issue_desc_valid_q_reg_rep__9","FDCE","u_dut/u_unified_p4_kernel/issue_desc_valid_q_reg_rep__9","u_dut/u_unified_p4_kernel/s0_input_q_reg[22][2]","FDRE","u_dut/u_unified_p4_kernel/s0_input_q_reg","2","0.249000000","1.609000000","1.858000000","0.865984930","SLICE_X75Y15","SLICE_X96Y26","","","SIGNATURE_SKIPPED|FDCE|FDRE","SIGNATURE_SKIPPED|FDCE|FDRE","DUT_INTERNAL","u_dut/u_unified_p4_kernel/issue_desc_valid_q_reg_rep__9","u_dut/u_unified_p4_kernel/s0_input_q_reg","0.025000000"
"u_dut/u_unified_p4_kernel/s0_input_q_reg[22][6]/R","u_dut/u_unified_p4_kernel/issue_desc_valid_q_reg_rep__9/C","-0.025000000","clk","clk","clk","u_dut/u_unified_p4_kernel/issue_desc_valid_q_reg_rep__9","FDCE","u_dut/u_unified_p4_kernel/issue_desc_valid_q_reg_rep__9","u_dut/u_unified_p4_kernel/s0_input_q_reg[22][6]","FDRE","u_dut/u_unified_p4_kernel/s0_input_q_reg","2","0.249000000","1.609000000","1.858000000","0.865984930","SLICE_X75Y15","SLICE_X96Y26","","","SIGNATURE_SKIPPED|FDCE|FDRE","SIGNATURE_SKIPPED|FDCE|FDRE","DUT_INTERNAL","u_dut/u_unified_p4_kernel/issue_desc_valid_q_reg_rep__9","u_dut/u_unified_p4_kernel/s0_input_q_reg","0.025000000"
"u_dut/u_unified_p4_kernel/s0_input_q_reg[28][10]/R","u_dut/u_unified_p4_kernel/issue_desc_active_size_q_reg[0]/C","-0.024000000","clk","clk","clk","u_dut/u_unified_p4_kernel/issue_desc_active_size_q_reg[0]","FDCE","u_dut/u_unified_p4_kernel/issue_desc_active_size_q_reg","u_dut/u_unified_p4_kernel/s0_input_q_reg[28][10]","FDRE","u_dut/u_unified_p4_kernel/s0_input_q_reg","1","0.203000000","1.704000000","1.907000000","0.893550079","SLICE_X73Y37","SLICE_X96Y17","","","SIGNATURE_SKIPPED|FDCE|FDRE","SIGNATURE_SKIPPED|FDCE|FDRE","DUT_INTERNAL","u_dut/u_unified_p4_kernel/issue_desc_active_size_q_reg","u_dut/u_unified_p4_kernel/s0_input_q_reg","0.024000000"
"u_dut/u_unified_p4_kernel/s0_input_q_reg[28][12]/R","u_dut/u_unified_p4_kernel/issue_desc_active_size_q_reg[0]/C","-0.016000000","clk","clk","clk","u_dut/u_unified_p4_kernel/issue_desc_active_size_q_reg[0]","FDCE","u_dut/u_unified_p4_kernel/issue_desc_active_size_q_reg","u_dut/u_unified_p4_kernel/s0_input_q_reg[28][12]","FDRE","u_dut/u_unified_p4_kernel/s0_input_q_reg","1","0.203000000","1.677000000","1.880000000","0.892021277","SLICE_X73Y37","SLICE_X94Y22","","","SIGNATURE_SKIPPED|FDCE|FDRE","SIGNATURE_SKIPPED|FDCE|FDRE","DUT_INTERNAL","u_dut/u_unified_p4_kernel/issue_desc_active_size_q_reg","u_dut/u_unified_p4_kernel/s0_input_q_reg","0.016000000"
"u_dut/u_unified_p4_kernel/s0_input_q_reg[28][15]/R","u_dut/u_unified_p4_kernel/issue_desc_active_size_q_reg[0]/C","-0.016000000","clk","clk","clk","u_dut/u_unified_p4_kernel/issue_desc_active_size_q_reg[0]","FDCE","u_dut/u_unified_p4_kernel/issue_desc_active_size_q_reg","u_dut/u_unified_p4_kernel/s0_input_q_reg[28][15]","FDRE","u_dut/u_unified_p4_kernel/s0_input_q_reg","1","0.203000000","1.677000000","1.880000000","0.892021277","SLICE_X73Y37","SLICE_X94Y22","","","SIGNATURE_SKIPPED|FDCE|FDRE","SIGNATURE_SKIPPED|FDCE|FDRE","DUT_INTERNAL","u_dut/u_unified_p4_kernel/issue_desc_active_size_q_reg","u_dut/u_unified_p4_kernel/s0_input_q_reg","0.016000000"
"u_dut/u_unified_p4_kernel/s0_input_q_reg[28][1]/R","u_dut/u_unified_p4_kernel/issue_desc_active_size_q_reg[0]/C","-0.016000000","clk","clk","clk","u_dut/u_unified_p4_kernel/issue_desc_active_size_q_reg[0]","FDCE","u_dut/u_unified_p4_kernel/issue_desc_active_size_q_reg","u_dut/u_unified_p4_kernel/s0_input_q_reg[28][1]","FDRE","u_dut/u_unified_p4_kernel/s0_input_q_reg","1","0.203000000","1.677000000","1.880000000","0.892021277","SLICE_X73Y37","SLICE_X94Y22","","","SIGNATURE_SKIPPED|FDCE|FDRE","SIGNATURE_SKIPPED|FDCE|FDRE","DUT_INTERNAL","u_dut/u_unified_p4_kernel/issue_desc_active_size_q_reg","u_dut/u_unified_p4_kernel/s0_input_q_reg","0.016000000"
"u_dut/u_unified_p4_kernel/s0_input_q_reg[28][6]/R","u_dut/u_unified_p4_kernel/issue_desc_active_size_q_reg[0]/C","-0.016000000","clk","clk","clk","u_dut/u_unified_p4_kernel/issue_desc_active_size_q_reg[0]","FDCE","u_dut/u_unified_p4_kernel/issue_desc_active_size_q_reg","u_dut/u_unified_p4_kernel/s0_input_q_reg[28][6]","FDRE","u_dut/u_unified_p4_kernel/s0_input_q_reg","1","0.203000000","1.677000000","1.880000000","0.892021277","SLICE_X73Y37","SLICE_X94Y22","","","SIGNATURE_SKIPPED|FDCE|FDRE","SIGNATURE_SKIPPED|FDCE|FDRE","DUT_INTERNAL","u_dut/u_unified_p4_kernel/issue_desc_active_size_q_reg","u_dut/u_unified_p4_kernel/s0_input_q_reg","0.016000000"
"u_dut/u_unified_p4_kernel/s0_input_q_reg[28][8]/R","u_dut/u_unified_p4_kernel/issue_desc_active_size_q_reg[0]/C","-0.024000000","clk","clk","clk","u_dut/u_unified_p4_kernel/issue_desc_active_size_q_reg[0]","FDCE","u_dut/u_unified_p4_kernel/issue_desc_active_size_q_reg","u_dut/u_unified_p4_kernel/s0_input_q_reg[28][8]","FDRE","u_dut/u_unified_p4_kernel/s0_input_q_reg","1","0.203000000","1.704000000","1.907000000","0.893550079","SLICE_X73Y37","SLICE_X96Y17","","","SIGNATURE_SKIPPED|FDCE|FDRE","SIGNATURE_SKIPPED|FDCE|FDRE","DUT_INTERNAL","u_dut/u_unified_p4_kernel/issue_desc_active_size_q_reg","u_dut/u_unified_p4_kernel/s0_input_q_reg","0.024000000"
"u_dut/u_unified_p4_kernel/s0_input_q_reg[2][8]/D","u_dut/u_unified_p4_kernel/issue_desc_slot_q_reg[1]_rep__3/C","-0.013000000","clk","clk","clk","u_dut/u_unified_p4_kernel/issue_desc_slot_q_reg[1]_rep__3","FDCE","u_dut/u_unified_p4_kernel/issue_desc_slot_q_reg_rep__3","u_dut/u_unified_p4_kernel/s0_input_q_reg[2][8]","FDRE","u_dut/u_unified_p4_kernel/s0_input_q_reg","1","0.227000000","1.703000000","1.930000000","0.882383420","SLICE_X69Y34","SLICE_X57Y13","","","SIGNATURE_SKIPPED|FDCE|FDRE","SIGNATURE_SKIPPED|FDCE|FDRE","DUT_INTERNAL","u_dut/u_unified_p4_kernel/issue_desc_slot_q_reg_rep__3","u_dut/u_unified_p4_kernel/s0_input_q_reg","0.013000000"
"u_dut/u_unified_p4_kernel/slot_bundle_base_q_reg[0][1]/CE","u_dut/u_unified_p4_kernel/slot_state_q_reg[2][1]/C","-0.079000000","clk","clk","clk","u_dut/u_unified_p4_kernel/slot_state_q_reg[2][1]","FDCE","u_dut/u_unified_p4_kernel/slot_state_q_reg","u_dut/u_unified_p4_kernel/slot_bundle_base_q_reg[0][1]","FDCE","u_dut/u_unified_p4_kernel/slot_bundle_base_q_reg","5","0.518000000","1.411000000","1.929000000","0.731467081","SLICE_X84Y76","SLICE_X78Y60","","","SIGNATURE_SKIPPED|FDCE|FDCE","SIGNATURE_SKIPPED|FDCE|FDCE","DUT_INTERNAL","u_dut/u_unified_p4_kernel/slot_state_q_reg","u_dut/u_unified_p4_kernel/slot_bundle_base_q_reg","0.079000000"
"u_dut/u_unified_p4_kernel/slot_bundle_base_q_reg[0][2]/CE","u_dut/u_unified_p4_kernel/slot_state_q_reg[2][1]/C","-0.081000000","clk","clk","clk","u_dut/u_unified_p4_kernel/slot_state_q_reg[2][1]","FDCE","u_dut/u_unified_p4_kernel/slot_state_q_reg","u_dut/u_unified_p4_kernel/slot_bundle_base_q_reg[0][2]","FDCE","u_dut/u_unified_p4_kernel/slot_bundle_base_q_reg","5","0.518000000","1.413000000","1.931000000","0.731745210","SLICE_X84Y76","SLICE_X77Y60","","","SIGNATURE_SKIPPED|FDCE|FDCE","SIGNATURE_SKIPPED|FDCE|FDCE","DUT_INTERNAL","u_dut/u_unified_p4_kernel/slot_state_q_reg","u_dut/u_unified_p4_kernel/slot_bundle_base_q_reg","0.081000000"
"u_dut/u_unified_p4_kernel/slot_bundle_base_q_reg[0][3]/CE","u_dut/u_unified_p4_kernel/slot_state_q_reg[2][1]/C","-0.008000000","clk","clk","clk","u_dut/u_unified_p4_kernel/slot_state_q_reg[2][1]","FDCE","u_dut/u_unified_p4_kernel/slot_state_q_reg","u_dut/u_unified_p4_kernel/slot_bundle_base_q_reg[0][3]","FDCE","u_dut/u_unified_p4_kernel/slot_bundle_base_q_reg","5","0.518000000","1.340000000","1.858000000","0.721205597","SLICE_X84Y76","SLICE_X77Y64","","","SIGNATURE_SKIPPED|FDCE|FDCE","SIGNATURE_SKIPPED|FDCE|FDCE","DUT_INTERNAL","u_dut/u_unified_p4_kernel/slot_state_q_reg","u_dut/u_unified_p4_kernel/slot_bundle_base_q_reg","0.008000000"
"u_dut/u_unified_p4_kernel/slot_bundle_base_q_reg[0][4]/CE","u_dut/u_unified_p4_kernel/slot_state_q_reg[2][1]/C","-0.022000000","clk","clk","clk","u_dut/u_unified_p4_kernel/slot_state_q_reg[2][1]","FDCE","u_dut/u_unified_p4_kernel/slot_state_q_reg","u_dut/u_unified_p4_kernel/slot_bundle_base_q_reg[0][4]","FDCE","u_dut/u_unified_p4_kernel/slot_bundle_base_q_reg","5","0.518000000","1.343000000","1.861000000","0.721655024","SLICE_X84Y76","SLICE_X79Y64","","","SIGNATURE_SKIPPED|FDCE|FDCE","SIGNATURE_SKIPPED|FDCE|FDCE","DUT_INTERNAL","u_dut/u_unified_p4_kernel/slot_state_q_reg","u_dut/u_unified_p4_kernel/slot_bundle_base_q_reg","0.022000000"
"u_dut/u_unified_p4_kernel/slot_bundle_base_q_reg[0][5]/CE","u_dut/u_unified_p4_kernel/slot_state_q_reg[2][1]/C","-0.006000000","clk","clk","clk","u_dut/u_unified_p4_kernel/slot_state_q_reg[2][1]","FDCE","u_dut/u_unified_p4_kernel/slot_state_q_reg","u_dut/u_unified_p4_kernel/slot_bundle_base_q_reg[0][5]","FDCE","u_dut/u_unified_p4_kernel/slot_bundle_base_q_reg","5","0.518000000","1.338000000","1.856000000","0.720905172","SLICE_X84Y76","SLICE_X77Y63","","","SIGNATURE_SKIPPED|FDCE|FDCE","SIGNATURE_SKIPPED|FDCE|FDCE","DUT_INTERNAL","u_dut/u_unified_p4_kernel/slot_state_q_reg","u_dut/u_unified_p4_kernel/slot_bundle_base_q_reg","0.006000000"
"u_dut/u_unified_p4_kernel/slot_bundle_base_q_reg[1][1]/CE","u_dut/u_unified_p4_kernel/slot_state_q_reg[2][1]/C","-0.005000000","clk","clk","clk","u_dut/u_unified_p4_kernel/slot_state_q_reg[2][1]","FDCE","u_dut/u_unified_p4_kernel/slot_state_q_reg","u_dut/u_unified_p4_kernel/slot_bundle_base_q_reg[1][1]","FDCE","u_dut/u_unified_p4_kernel/slot_bundle_base_q_reg","5","0.558000000","1.297000000","1.855000000","0.699191375","SLICE_X84Y76","SLICE_X77Y62","","","SIGNATURE_SKIPPED|FDCE|FDCE","SIGNATURE_SKIPPED|FDCE|FDCE","DUT_INTERNAL","u_dut/u_unified_p4_kernel/slot_state_q_reg","u_dut/u_unified_p4_kernel/slot_bundle_base_q_reg","0.005000000"
"u_dut/u_unified_p4_kernel/slot_bundle_base_q_reg[2][3]/CE","u_dut/u_unified_p4_kernel/slot_state_q_reg[2][1]/C","-0.031000000","clk","clk","clk","u_dut/u_unified_p4_kernel/slot_state_q_reg[2][1]","FDCE","u_dut/u_unified_p4_kernel/slot_state_q_reg","u_dut/u_unified_p4_kernel/slot_bundle_base_q_reg[2][3]","FDCE","u_dut/u_unified_p4_kernel/slot_bundle_base_q_reg","5","0.558000000","1.324000000","1.882000000","0.703506908","SLICE_X84Y76","SLICE_X77Y64","","","SIGNATURE_SKIPPED|FDCE|FDCE","SIGNATURE_SKIPPED|FDCE|FDCE","DUT_INTERNAL","u_dut/u_unified_p4_kernel/slot_state_q_reg","u_dut/u_unified_p4_kernel/slot_bundle_base_q_reg","0.031000000"
"u_dut/u_unified_p4_kernel/slot_bundle_base_q_reg[2][5]/CE","u_dut/u_unified_p4_kernel/slot_state_q_reg[2][1]/C","-0.031000000","clk","clk","clk","u_dut/u_unified_p4_kernel/slot_state_q_reg[2][1]","FDCE","u_dut/u_unified_p4_kernel/slot_state_q_reg","u_dut/u_unified_p4_kernel/slot_bundle_base_q_reg[2][5]","FDCE","u_dut/u_unified_p4_kernel/slot_bundle_base_q_reg","5","0.558000000","1.324000000","1.882000000","0.703506908","SLICE_X84Y76","SLICE_X77Y64","","","SIGNATURE_SKIPPED|FDCE|FDCE","SIGNATURE_SKIPPED|FDCE|FDCE","DUT_INTERNAL","u_dut/u_unified_p4_kernel/slot_state_q_reg","u_dut/u_unified_p4_kernel/slot_bundle_base_q_reg","0.031000000"
"u_dut/u_unified_p4_kernel/slot_bundle_base_q_reg[3][0]/CE","u_dut/u_unified_p4_kernel/slot_state_q_reg[2][1]/C","-0.049000000","clk","clk","clk","u_dut/u_unified_p4_kernel/slot_state_q_reg[2][1]","FDCE","u_dut/u_unified_p4_kernel/slot_state_q_reg","u_dut/u_unified_p4_kernel/slot_bundle_base_q_reg[3][0]","FDCE","u_dut/u_unified_p4_kernel/slot_bundle_base_q_reg","5","0.586000000","1.305000000","1.891000000","0.690111052","SLICE_X84Y76","SLICE_X79Y64","","","SIGNATURE_SKIPPED|FDCE|FDCE","SIGNATURE_SKIPPED|FDCE|FDCE","DUT_INTERNAL","u_dut/u_unified_p4_kernel/slot_state_q_reg","u_dut/u_unified_p4_kernel/slot_bundle_base_q_reg","0.049000000"
"u_dut/u_unified_p4_kernel/slot_bundle_base_q_reg[3][1]/CE","u_dut/u_unified_p4_kernel/slot_state_q_reg[2][1]/C","-0.066000000","clk","clk","clk","u_dut/u_unified_p4_kernel/slot_state_q_reg[2][1]","FDCE","u_dut/u_unified_p4_kernel/slot_state_q_reg","u_dut/u_unified_p4_kernel/slot_bundle_base_q_reg[3][1]","FDCE","u_dut/u_unified_p4_kernel/slot_bundle_base_q_reg","5","0.586000000","1.330000000","1.916000000","0.694154489","SLICE_X84Y76","SLICE_X77Y62","","","SIGNATURE_SKIPPED|FDCE|FDCE","SIGNATURE_SKIPPED|FDCE|FDCE","DUT_INTERNAL","u_dut/u_unified_p4_kernel/slot_state_q_reg","u_dut/u_unified_p4_kernel/slot_bundle_base_q_reg","0.066000000"
"u_dut/u_unified_p4_kernel/slot_bundle_base_q_reg[3][2]/CE","u_dut/u_unified_p4_kernel/slot_state_q_reg[2][1]/C","-0.009000000","clk","clk","clk","u_dut/u_unified_p4_kernel/slot_state_q_reg[2][1]","FDCE","u_dut/u_unified_p4_kernel/slot_state_q_reg","u_dut/u_unified_p4_kernel/slot_bundle_base_q_reg[3][2]","FDCE","u_dut/u_unified_p4_kernel/slot_bundle_base_q_reg","5","0.586000000","1.274000000","1.860000000","0.684946237","SLICE_X84Y76","SLICE_X77Y60","","","SIGNATURE_SKIPPED|FDCE|FDCE","SIGNATURE_SKIPPED|FDCE|FDCE","DUT_INTERNAL","u_dut/u_unified_p4_kernel/slot_state_q_reg","u_dut/u_unified_p4_kernel/slot_bundle_base_q_reg","0.009000000"
"u_dut/u_unified_p4_kernel/slot_bundle_base_q_reg[3][3]/CE","u_dut/u_unified_p4_kernel/slot_state_q_reg[2][1]/C","-0.033000000","clk","clk","clk","u_dut/u_unified_p4_kernel/slot_state_q_reg[2][1]","FDCE","u_dut/u_unified_p4_kernel/slot_state_q_reg","u_dut/u_unified_p4_kernel/slot_bundle_base_q_reg[3][3]","FDCE","u_dut/u_unified_p4_kernel/slot_bundle_base_q_reg","5","0.586000000","1.297000000","1.883000000","0.688794477","SLICE_X84Y76","SLICE_X78Y64","","","SIGNATURE_SKIPPED|FDCE|FDCE","SIGNATURE_SKIPPED|FDCE|FDCE","DUT_INTERNAL","u_dut/u_unified_p4_kernel/slot_state_q_reg","u_dut/u_unified_p4_kernel/slot_bundle_base_q_reg","0.033000000"
"u_dut/u_unified_p4_kernel/slot_bundle_base_q_reg[3][4]/CE","u_dut/u_unified_p4_kernel/slot_state_q_reg[2][1]/C","-0.049000000","clk","clk","clk","u_dut/u_unified_p4_kernel/slot_state_q_reg[2][1]","FDCE","u_dut/u_unified_p4_kernel/slot_state_q_reg","u_dut/u_unified_p4_kernel/slot_bundle_base_q_reg[3][4]","FDCE","u_dut/u_unified_p4_kernel/slot_bundle_base_q_reg","5","0.586000000","1.305000000","1.891000000","0.690111052","SLICE_X84Y76","SLICE_X79Y64","","","SIGNATURE_SKIPPED|FDCE|FDCE","SIGNATURE_SKIPPED|FDCE|FDCE","DUT_INTERNAL","u_dut/u_unified_p4_kernel/slot_state_q_reg","u_dut/u_unified_p4_kernel/slot_bundle_base_q_reg","0.049000000"
"u_dut/u_unified_p4_kernel/slot_bundle_base_q_reg[3][5]/CE","u_dut/u_unified_p4_kernel/slot_state_q_reg[2][1]/C","-0.033000000","clk","clk","clk","u_dut/u_unified_p4_kernel/slot_state_q_reg[2][1]","FDCE","u_dut/u_unified_p4_kernel/slot_state_q_reg","u_dut/u_unified_p4_kernel/slot_bundle_base_q_reg[3][5]","FDCE","u_dut/u_unified_p4_kernel/slot_bundle_base_q_reg","5","0.586000000","1.297000000","1.883000000","0.688794477","SLICE_X84Y76","SLICE_X78Y64","","","SIGNATURE_SKIPPED|FDCE|FDCE","SIGNATURE_SKIPPED|FDCE|FDCE","DUT_INTERNAL","u_dut/u_unified_p4_kernel/slot_state_q_reg","u_dut/u_unified_p4_kernel/slot_bundle_base_q_reg","0.033000000"
"u_dut/u_unified_p4_kernel/slot_group_count_q_reg[0][0]/CE","u_dut/u_unified_p4_kernel/slot_state_q_reg[2][1]/C","-0.064000000","clk","clk","clk","u_dut/u_unified_p4_kernel/slot_state_q_reg[2][1]","FDCE","u_dut/u_unified_p4_kernel/slot_state_q_reg","u_dut/u_unified_p4_kernel/slot_group_count_q_reg[0][0]","FDCE","u_dut/u_unified_p4_kernel/slot_group_count_q_reg","5","0.518000000","1.395000000","1.913000000","0.729221119","SLICE_X84Y76","SLICE_X78Y65","","","SIGNATURE_SKIPPED|FDCE|FDCE","SIGNATURE_SKIPPED|FDCE|FDCE","DUT_INTERNAL","u_dut/u_unified_p4_kernel/slot_state_q_reg","u_dut/u_unified_p4_kernel/slot_group_count_q_reg","0.064000000"
"u_dut/u_unified_p4_kernel/slot_group_count_q_reg[0][3]/CE","u_dut/u_unified_p4_kernel/slot_state_q_reg[2][1]/C","-0.022000000","clk","clk","clk","u_dut/u_unified_p4_kernel/slot_state_q_reg[2][1]","FDCE","u_dut/u_unified_p4_kernel/slot_state_q_reg","u_dut/u_unified_p4_kernel/slot_group_count_q_reg[0][3]","FDCE","u_dut/u_unified_p4_kernel/slot_group_count_q_reg","5","0.518000000","1.343000000","1.861000000","0.721655024","SLICE_X84Y76","SLICE_X79Y64","","","SIGNATURE_SKIPPED|FDCE|FDCE","SIGNATURE_SKIPPED|FDCE|FDCE","DUT_INTERNAL","u_dut/u_unified_p4_kernel/slot_state_q_reg","u_dut/u_unified_p4_kernel/slot_group_count_q_reg","0.022000000"
"u_dut/u_unified_p4_kernel/slot_group_count_q_reg[3][0]/CE","u_dut/u_unified_p4_kernel/slot_state_q_reg[2][1]/C","-0.068000000","clk","clk","clk","u_dut/u_unified_p4_kernel/slot_state_q_reg[2][1]","FDCE","u_dut/u_unified_p4_kernel/slot_state_q_reg","u_dut/u_unified_p4_kernel/slot_group_count_q_reg[3][0]","FDCE","u_dut/u_unified_p4_kernel/slot_group_count_q_reg","5","0.586000000","1.324000000","1.910000000","0.693193717","SLICE_X84Y76","SLICE_X79Y63","","","SIGNATURE_SKIPPED|FDCE|FDCE","SIGNATURE_SKIPPED|FDCE|FDCE","DUT_INTERNAL","u_dut/u_unified_p4_kernel/slot_state_q_reg","u_dut/u_unified_p4_kernel/slot_group_count_q_reg","0.068000000"
"u_dut/u_unified_p4_kernel/slot_group_count_q_reg[3][1]/CE","u_dut/u_unified_p4_kernel/slot_state_q_reg[2][1]/C","-0.033000000","clk","clk","clk","u_dut/u_unified_p4_kernel/slot_state_q_reg[2][1]","FDCE","u_dut/u_unified_p4_kernel/slot_state_q_reg","u_dut/u_unified_p4_kernel/slot_group_count_q_reg[3][1]","FDCE","u_dut/u_unified_p4_kernel/slot_group_count_q_reg","5","0.586000000","1.297000000","1.883000000","0.688794477","SLICE_X84Y76","SLICE_X78Y64","","","SIGNATURE_SKIPPED|FDCE|FDCE","SIGNATURE_SKIPPED|FDCE|FDCE","DUT_INTERNAL","u_dut/u_unified_p4_kernel/slot_state_q_reg","u_dut/u_unified_p4_kernel/slot_group_count_q_reg","0.033000000"
"u_dut/u_unified_p4_kernel/slot_group_count_q_reg[3][2]/CE","u_dut/u_unified_p4_kernel/slot_state_q_reg[2][1]/C","-0.068000000","clk","clk","clk","u_dut/u_unified_p4_kernel/slot_state_q_reg[2][1]","FDCE","u_dut/u_unified_p4_kernel/slot_state_q_reg","u_dut/u_unified_p4_kernel/slot_group_count_q_reg[3][2]","FDCE","u_dut/u_unified_p4_kernel/slot_group_count_q_reg","5","0.586000000","1.324000000","1.910000000","0.693193717","SLICE_X84Y76","SLICE_X79Y63","","","SIGNATURE_SKIPPED|FDCE|FDCE","SIGNATURE_SKIPPED|FDCE|FDCE","DUT_INTERNAL","u_dut/u_unified_p4_kernel/slot_state_q_reg","u_dut/u_unified_p4_kernel/slot_group_count_q_reg","0.068000000"
"u_dut/u_unified_p4_kernel/slot_group_count_q_reg[3][3]/CE","u_dut/u_unified_p4_kernel/slot_state_q_reg[2][1]/C","-0.049000000","clk","clk","clk","u_dut/u_unified_p4_kernel/slot_state_q_reg[2][1]","FDCE","u_dut/u_unified_p4_kernel/slot_state_q_reg","u_dut/u_unified_p4_kernel/slot_group_count_q_reg[3][3]","FDCE","u_dut/u_unified_p4_kernel/slot_group_count_q_reg","5","0.586000000","1.305000000","1.891000000","0.690111052","SLICE_X84Y76","SLICE_X79Y64","","","SIGNATURE_SKIPPED|FDCE|FDCE","SIGNATURE_SKIPPED|FDCE|FDCE","DUT_INTERNAL","u_dut/u_unified_p4_kernel/slot_state_q_reg","u_dut/u_unified_p4_kernel/slot_group_count_q_reg","0.049000000"
"u_dut/u_unified_p4_kernel/slot_shift_q_reg[0][0]/CE","u_dut/u_unified_p4_kernel/slot_state_q_reg[2][1]/C","-0.064000000","clk","clk","clk","u_dut/u_unified_p4_kernel/slot_state_q_reg[2][1]","FDCE","u_dut/u_unified_p4_kernel/slot_state_q_reg","u_dut/u_unified_p4_kernel/slot_shift_q_reg[0][0]","FDPE","u_dut/u_unified_p4_kernel/slot_shift_q_reg","5","0.518000000","1.395000000","1.913000000","0.729221119","SLICE_X84Y76","SLICE_X78Y65","","","SIGNATURE_SKIPPED|FDCE|FDPE","SIGNATURE_SKIPPED|FDCE|FDPE","DUT_INTERNAL","u_dut/u_unified_p4_kernel/slot_state_q_reg","u_dut/u_unified_p4_kernel/slot_shift_q_reg","0.064000000"
"u_dut/u_unified_p4_kernel/slot_shift_q_reg[0][3]/CE","u_dut/u_unified_p4_kernel/slot_state_q_reg[2][1]/C","-0.064000000","clk","clk","clk","u_dut/u_unified_p4_kernel/slot_state_q_reg[2][1]","FDCE","u_dut/u_unified_p4_kernel/slot_state_q_reg","u_dut/u_unified_p4_kernel/slot_shift_q_reg[0][3]","FDCE","u_dut/u_unified_p4_kernel/slot_shift_q_reg","5","0.518000000","1.395000000","1.913000000","0.729221119","SLICE_X84Y76","SLICE_X78Y65","","","SIGNATURE_SKIPPED|FDCE|FDCE","SIGNATURE_SKIPPED|FDCE|FDCE","DUT_INTERNAL","u_dut/u_unified_p4_kernel/slot_state_q_reg","u_dut/u_unified_p4_kernel/slot_shift_q_reg","0.064000000"
"u_dut/u_unified_p4_kernel/slot_size_q_reg[0][0]/CE","u_dut/u_unified_p4_kernel/slot_state_q_reg[2][1]/C","-0.022000000","clk","clk","clk","u_dut/u_unified_p4_kernel/slot_state_q_reg[2][1]","FDCE","u_dut/u_unified_p4_kernel/slot_state_q_reg","u_dut/u_unified_p4_kernel/slot_size_q_reg[0][0]","FDCE","u_dut/u_unified_p4_kernel/slot_size_q_reg","5","0.518000000","1.343000000","1.861000000","0.721655024","SLICE_X84Y76","SLICE_X79Y64","","","SIGNATURE_SKIPPED|FDCE|FDCE","SIGNATURE_SKIPPED|FDCE|FDCE","DUT_INTERNAL","u_dut/u_unified_p4_kernel/slot_state_q_reg","u_dut/u_unified_p4_kernel/slot_size_q_reg","0.022000000"
"u_dut/u_unified_p4_kernel/slot_size_q_reg[0][1]/CE","u_dut/u_unified_p4_kernel/slot_state_q_reg[2][1]/C","-0.064000000","clk","clk","clk","u_dut/u_unified_p4_kernel/slot_state_q_reg[2][1]","FDCE","u_dut/u_unified_p4_kernel/slot_state_q_reg","u_dut/u_unified_p4_kernel/slot_size_q_reg[0][1]","FDCE","u_dut/u_unified_p4_kernel/slot_size_q_reg","5","0.518000000","1.395000000","1.913000000","0.729221119","SLICE_X84Y76","SLICE_X78Y65","","","SIGNATURE_SKIPPED|FDCE|FDCE","SIGNATURE_SKIPPED|FDCE|FDCE","DUT_INTERNAL","u_dut/u_unified_p4_kernel/slot_state_q_reg","u_dut/u_unified_p4_kernel/slot_size_q_reg","0.064000000"
"u_dut/u_unified_p4_kernel/slot_size_q_reg[0][2]/CE","u_dut/u_unified_p4_kernel/slot_state_q_reg[2][1]/C","-0.006000000","clk","clk","clk","u_dut/u_unified_p4_kernel/slot_state_q_reg[2][1]","FDCE","u_dut/u_unified_p4_kernel/slot_state_q_reg","u_dut/u_unified_p4_kernel/slot_size_q_reg[0][2]","FDCE","u_dut/u_unified_p4_kernel/slot_size_q_reg","5","0.518000000","1.337000000","1.855000000","0.720754717","SLICE_X84Y76","SLICE_X78Y63","","","SIGNATURE_SKIPPED|FDCE|FDCE","SIGNATURE_SKIPPED|FDCE|FDCE","DUT_INTERNAL","u_dut/u_unified_p4_kernel/slot_state_q_reg","u_dut/u_unified_p4_kernel/slot_size_q_reg","0.006000000"
"u_dut/u_unified_p4_kernel/slot_size_q_reg[0][3]/CE","u_dut/u_unified_p4_kernel/slot_state_q_reg[2][1]/C","-0.022000000","clk","clk","clk","u_dut/u_unified_p4_kernel/slot_state_q_reg[2][1]","FDCE","u_dut/u_unified_p4_kernel/slot_state_q_reg","u_dut/u_unified_p4_kernel/slot_size_q_reg[0][3]","FDCE","u_dut/u_unified_p4_kernel/slot_size_q_reg","5","0.518000000","1.343000000","1.861000000","0.721655024","SLICE_X84Y76","SLICE_X79Y64","","","SIGNATURE_SKIPPED|FDCE|FDCE","SIGNATURE_SKIPPED|FDCE|FDCE","DUT_INTERNAL","u_dut/u_unified_p4_kernel/slot_state_q_reg","u_dut/u_unified_p4_kernel/slot_size_q_reg","0.022000000"
"u_dut/u_unified_p4_kernel/slot_size_q_reg[0][5]/CE","u_dut/u_unified_p4_kernel/slot_state_q_reg[2][1]/C","-0.006000000","clk","clk","clk","u_dut/u_unified_p4_kernel/slot_state_q_reg[2][1]","FDCE","u_dut/u_unified_p4_kernel/slot_state_q_reg","u_dut/u_unified_p4_kernel/slot_size_q_reg[0][5]","FDCE","u_dut/u_unified_p4_kernel/slot_size_q_reg","5","0.518000000","1.338000000","1.856000000","0.720905172","SLICE_X84Y76","SLICE_X78Y63","","","SIGNATURE_SKIPPED|FDCE|FDCE","SIGNATURE_SKIPPED|FDCE|FDCE","DUT_INTERNAL","u_dut/u_unified_p4_kernel/slot_state_q_reg","u_dut/u_unified_p4_kernel/slot_size_q_reg","0.006000000"
"u_dut/u_unified_p4_kernel/slot_size_q_reg[3][3]/CE","u_dut/u_unified_p4_kernel/slot_state_q_reg[2][1]/C","-0.049000000","clk","clk","clk","u_dut/u_unified_p4_kernel/slot_state_q_reg[2][1]","FDCE","u_dut/u_unified_p4_kernel/slot_state_q_reg","u_dut/u_unified_p4_kernel/slot_size_q_reg[3][3]","FDCE","u_dut/u_unified_p4_kernel/slot_size_q_reg","5","0.586000000","1.305000000","1.891000000","0.690111052","SLICE_X84Y76","SLICE_X79Y64","","","SIGNATURE_SKIPPED|FDCE|FDCE","SIGNATURE_SKIPPED|FDCE|FDCE","DUT_INTERNAL","u_dut/u_unified_p4_kernel/slot_state_q_reg","u_dut/u_unified_p4_kernel/slot_size_q_reg","0.049000000"
"u_dut/u_unified_p4_kernel/slot_size_q_reg[3][4]/CE","u_dut/u_unified_p4_kernel/slot_state_q_reg[2][1]/C","-0.033000000","clk","clk","clk","u_dut/u_unified_p4_kernel/slot_state_q_reg[2][1]","FDCE","u_dut/u_unified_p4_kernel/slot_state_q_reg","u_dut/u_unified_p4_kernel/slot_size_q_reg[3][4]","FDCE","u_dut/u_unified_p4_kernel/slot_size_q_reg","5","0.586000000","1.296000000","1.882000000","0.688629118","SLICE_X84Y76","SLICE_X78Y64","","","SIGNATURE_SKIPPED|FDCE|FDCE","SIGNATURE_SKIPPED|FDCE|FDCE","DUT_INTERNAL","u_dut/u_unified_p4_kernel/slot_state_q_reg","u_dut/u_unified_p4_kernel/slot_size_q_reg","0.033000000"
"u_dut/u_unified_p4_kernel/slot_size_q_reg[3][5]/CE","u_dut/u_unified_p4_kernel/slot_state_q_reg[2][1]/C","-0.068000000","clk","clk","clk","u_dut/u_unified_p4_kernel/slot_state_q_reg[2][1]","FDCE","u_dut/u_unified_p4_kernel/slot_state_q_reg","u_dut/u_unified_p4_kernel/slot_size_q_reg[3][5]","FDCE","u_dut/u_unified_p4_kernel/slot_size_q_reg","5","0.586000000","1.324000000","1.910000000","0.693193717","SLICE_X84Y76","SLICE_X79Y63","","","SIGNATURE_SKIPPED|FDCE|FDCE","SIGNATURE_SKIPPED|FDCE|FDCE","DUT_INTERNAL","u_dut/u_unified_p4_kernel/slot_state_q_reg","u_dut/u_unified_p4_kernel/slot_size_q_reg","0.068000000"
"u_dut/u_unified_p4_kernel/slot_state_q_reg[0][0]/CE","u_dut/u_unified_p4_kernel/ready_fifo_mem_reg[0][0]/C","-0.066000000","clk","clk","clk","u_dut/u_unified_p4_kernel/ready_fifo_mem_reg[0][0]","FDCE","u_dut/u_unified_p4_kernel/ready_fifo_mem_reg","u_dut/u_unified_p4_kernel/slot_state_q_reg[0][0]","FDCE","u_dut/u_unified_p4_kernel/slot_state_q_reg","4","0.418000000","1.362000000","1.780000000","0.765168539","SLICE_X78Y58","SLICE_X84Y77","","","SIGNATURE_SKIPPED|FDCE|FDCE","SIGNATURE_SKIPPED|FDCE|FDCE","DUT_INTERNAL","u_dut/u_unified_p4_kernel/ready_fifo_mem_reg","u_dut/u_unified_p4_kernel/slot_state_q_reg","0.066000000"
"u_dut/u_unified_p4_kernel/slot_state_q_reg[0][1]/D","u_dut/u_unified_p4_kernel/ready_fifo_mem_reg[0][0]/C","-0.082000000","clk","clk","clk","u_dut/u_unified_p4_kernel/ready_fifo_mem_reg[0][0]","FDCE","u_dut/u_unified_p4_kernel/ready_fifo_mem_reg","u_dut/u_unified_p4_kernel/slot_state_q_reg[0][1]","FDCE","u_dut/u_unified_p4_kernel/slot_state_q_reg","4","0.371000000","1.513000000","1.884000000","0.803078556","SLICE_X78Y58","SLICE_X84Y76","","","SIGNATURE_SKIPPED|FDCE|FDCE","SIGNATURE_SKIPPED|FDCE|FDCE","DUT_INTERNAL","u_dut/u_unified_p4_kernel/ready_fifo_mem_reg","u_dut/u_unified_p4_kernel/slot_state_q_reg","0.082000000"
"u_dut/u_unified_p4_kernel/slot_state_q_reg[2][0]/CE","u_dut/u_unified_p4_kernel/ready_fifo_mem_reg[0][0]/C","-0.006000000","clk","clk","clk","u_dut/u_unified_p4_kernel/ready_fifo_mem_reg[0][0]","FDCE","u_dut/u_unified_p4_kernel/ready_fifo_mem_reg","u_dut/u_unified_p4_kernel/slot_state_q_reg[2][0]","FDCE","u_dut/u_unified_p4_kernel/slot_state_q_reg","4","0.305000000","1.420000000","1.725000000","0.823188406","SLICE_X78Y58","SLICE_X85Y73","","","SIGNATURE_SKIPPED|FDCE|FDCE","SIGNATURE_SKIPPED|FDCE|FDCE","DUT_INTERNAL","u_dut/u_unified_p4_kernel/ready_fifo_mem_reg","u_dut/u_unified_p4_kernel/slot_state_q_reg","0.006000000"
"u_dut/u_unified_p4_kernel/slot_state_q_reg[2][1]/CE","u_dut/u_unified_p4_kernel/ready_fifo_mem_reg[0][0]/C","-0.055000000","clk","clk","clk","u_dut/u_unified_p4_kernel/ready_fifo_mem_reg[0][0]","FDCE","u_dut/u_unified_p4_kernel/ready_fifo_mem_reg","u_dut/u_unified_p4_kernel/slot_state_q_reg[2][1]","FDCE","u_dut/u_unified_p4_kernel/slot_state_q_reg","4","0.305000000","1.466000000","1.771000000","0.827780915","SLICE_X78Y58","SLICE_X84Y76","","","SIGNATURE_SKIPPED|FDCE|FDCE","SIGNATURE_SKIPPED|FDCE|FDCE","DUT_INTERNAL","u_dut/u_unified_p4_kernel/ready_fifo_mem_reg","u_dut/u_unified_p4_kernel/slot_state_q_reg","0.055000000"
"u_dut/u_unified_p4_kernel/slot_state_q_reg[2][1]/D","u_dut/u_unified_p4_kernel/ready_fifo_mem_reg[0][0]/C","-0.081000000","clk","clk","clk","u_dut/u_unified_p4_kernel/ready_fifo_mem_reg[0][0]","FDCE","u_dut/u_unified_p4_kernel/ready_fifo_mem_reg","u_dut/u_unified_p4_kernel/slot_state_q_reg[2][1]","FDCE","u_dut/u_unified_p4_kernel/slot_state_q_reg","4","0.351000000","1.530000000","1.881000000","0.813397129","SLICE_X78Y58","SLICE_X84Y76","","","SIGNATURE_SKIPPED|FDCE|FDCE","SIGNATURE_SKIPPED|FDCE|FDCE","DUT_INTERNAL","u_dut/u_unified_p4_kernel/ready_fifo_mem_reg","u_dut/u_unified_p4_kernel/slot_state_q_reg","0.081000000"
"u_dut/u_unified_p4_kernel/slot_state_q_reg[3][0]/CE","u_dut/u_unified_p4_kernel/issue_desc_slot_q_reg[1]/C","-0.001000000","clk","clk","clk","u_dut/u_unified_p4_kernel/issue_desc_slot_q_reg[1]","FDCE","u_dut/u_unified_p4_kernel/issue_desc_slot_q_reg","u_dut/u_unified_p4_kernel/slot_state_q_reg[3][0]","FDCE","u_dut/u_unified_p4_kernel/slot_state_q_reg","2","0.300000000","1.474000000","1.774000000","0.830890643","SLICE_X80Y36","SLICE_X83Y77","","","SIGNATURE_SKIPPED|FDCE|FDCE","SIGNATURE_SKIPPED|FDCE|FDCE","DUT_INTERNAL","u_dut/u_unified_p4_kernel/issue_desc_slot_q_reg","u_dut/u_unified_p4_kernel/slot_state_q_reg","0.001000000"
"u_dut/vwrite_cmd_data_q_reg[0][0]/D","u_dut/u_unified_p4_kernel/fifo_rd_ptr_q_reg[1]_rep__4/C","-0.042000000","clk","clk","clk","u_dut/u_unified_p4_kernel/fifo_rd_ptr_q_reg[1]_rep__4","FDCE","u_dut/u_unified_p4_kernel/fifo_rd_ptr_q_reg_rep__4","u_dut/vwrite_cmd_data_q_reg[0][0]","FDCE","u_dut/vwrite_cmd_data_q_reg","7","0.640000000","1.253000000","1.893000000","0.661912309","SLICE_X102Y68","SLICE_X97Y73","","","SIGNATURE_SKIPPED|FDCE|FDCE","SIGNATURE_SKIPPED|FDCE|FDCE","DUT_INTERNAL","u_dut/u_unified_p4_kernel/fifo_rd_ptr_q_reg_rep__4","u_dut/vwrite_cmd_data_q_reg","0.042000000"
"u_dut/vwrite_cmd_data_q_reg[0][11]/D","u_dut/u_unified_p4_kernel/fifo_rd_ptr_q_reg[1]_rep__5/C","-0.058000000","clk","clk","clk","u_dut/u_unified_p4_kernel/fifo_rd_ptr_q_reg[1]_rep__5","FDCE","u_dut/u_unified_p4_kernel/fifo_rd_ptr_q_reg_rep__5","u_dut/vwrite_cmd_data_q_reg[0][11]","FDCE","u_dut/vwrite_cmd_data_q_reg","7","0.574000000","1.342000000","1.916000000","0.700417537","SLICE_X102Y94","SLICE_X99Y81","","","SIGNATURE_SKIPPED|FDCE|FDCE","SIGNATURE_SKIPPED|FDCE|FDCE","DUT_INTERNAL","u_dut/u_unified_p4_kernel/fifo_rd_ptr_q_reg_rep__5","u_dut/vwrite_cmd_data_q_reg","0.058000000"
"u_dut/vwrite_cmd_data_q_reg[0][12]/D","u_dut/kernel_run_q_reg/C","-0.048000000","clk","clk","clk","u_dut/kernel_run_q_reg","FDCE","u_dut/kernel_run_q_reg","u_dut/vwrite_cmd_data_q_reg[0][12]","FDCE","u_dut/vwrite_cmd_data_q_reg","5","0.461000000","1.535000000","1.996000000","0.769038076","SLICE_X74Y76","SLICE_X101Y81","","","SIGNATURE_SKIPPED|FDCE|FDCE","SIGNATURE_SKIPPED|FDCE|FDCE","DUT_INTERNAL","u_dut/kernel_run_q_reg","u_dut/vwrite_cmd_data_q_reg","0.048000000"
"u_dut/vwrite_cmd_data_q_reg[0][14]/D","u_dut/u_unified_p4_kernel/fifo_rd_ptr_q_reg[0]_rep__1/C","-0.019000000","clk","clk","clk","u_dut/u_unified_p4_kernel/fifo_rd_ptr_q_reg[0]_rep__1","FDCE","u_dut/u_unified_p4_kernel/fifo_rd_ptr_q_reg_rep__1","u_dut/vwrite_cmd_data_q_reg[0][14]","FDCE","u_dut/vwrite_cmd_data_q_reg","7","0.521000000","1.336000000","1.857000000","0.719439957","SLICE_X103Y91","SLICE_X99Y76","","","SIGNATURE_SKIPPED|FDCE|FDCE","SIGNATURE_SKIPPED|FDCE|FDCE","DUT_INTERNAL","u_dut/u_unified_p4_kernel/fifo_rd_ptr_q_reg_rep__1","u_dut/vwrite_cmd_data_q_reg","0.019000000"
"u_dut/vwrite_cmd_data_q_reg[0][1]/D","u_dut/u_unified_p4_kernel/fifo_rd_ptr_q_reg[3]/C","-0.085000000","clk","clk","clk","u_dut/u_unified_p4_kernel/fifo_rd_ptr_q_reg[3]","FDCE","u_dut/u_unified_p4_kernel/fifo_rd_ptr_q_reg","u_dut/vwrite_cmd_data_q_reg[0][1]","FDCE","u_dut/vwrite_cmd_data_q_reg","5","0.359000000","1.731000000","2.090000000","0.828229665","SLICE_X100Y64","SLICE_X100Y68","","","SIGNATURE_SKIPPED|FDCE|FDCE","SIGNATURE_SKIPPED|FDCE|FDCE","DUT_INTERNAL","u_dut/u_unified_p4_kernel/fifo_rd_ptr_q_reg","u_dut/vwrite_cmd_data_q_reg","0.085000000"
"u_dut/vwrite_cmd_data_q_reg[0][2]/D","u_dut/u_unified_p4_kernel/fifo_rd_ptr_q_reg[0]_rep/C","-0.112000000","clk","clk","clk","u_dut/u_unified_p4_kernel/fifo_rd_ptr_q_reg[0]_rep","FDCE","u_dut/u_unified_p4_kernel/fifo_rd_ptr_q_reg_rep","u_dut/vwrite_cmd_data_q_reg[0][2]","FDCE","u_dut/vwrite_cmd_data_q_reg","7","0.565000000","1.374000000","1.939000000","0.708612687","SLICE_X108Y65","SLICE_X97Y67","","","SIGNATURE_SKIPPED|FDCE|FDCE","SIGNATURE_SKIPPED|FDCE|FDCE","DUT_INTERNAL","u_dut/u_unified_p4_kernel/fifo_rd_ptr_q_reg_rep","u_dut/vwrite_cmd_data_q_reg","0.112000000"
"u_dut/vwrite_cmd_data_q_reg[0][3]/D","u_dut/u_unified_p4_kernel/fifo_data_q_reg[61][51]/C","-0.121000000","clk","clk","clk","u_dut/u_unified_p4_kernel/fifo_data_q_reg[61][51]","FDCE","u_dut/u_unified_p4_kernel/fifo_data_q_reg","u_dut/vwrite_cmd_data_q_reg[0][3]","FDCE","u_dut/vwrite_cmd_data_q_reg","7","0.670000000","1.246000000","1.916000000","0.650313152","SLICE_X104Y57","SLICE_X97Y69","","","SIGNATURE_SKIPPED|FDCE|FDCE","SIGNATURE_SKIPPED|FDCE|FDCE","DUT_INTERNAL","u_dut/u_unified_p4_kernel/fifo_data_q_reg","u_dut/vwrite_cmd_data_q_reg","0.121000000"
"u_dut/vwrite_cmd_data_q_reg[0][4]/D","u_dut/u_unified_p4_kernel/fifo_rd_ptr_q_reg[0]_rep__6/C","-0.086000000","clk","clk","clk","u_dut/u_unified_p4_kernel/fifo_rd_ptr_q_reg[0]_rep__6","FDCE","u_dut/u_unified_p4_kernel/fifo_rd_ptr_q_reg_rep__6","u_dut/vwrite_cmd_data_q_reg[0][4]","FDCE","u_dut/vwrite_cmd_data_q_reg","7","0.508000000","1.476000000","1.984000000","0.743951613","SLICE_X90Y74","SLICE_X94Y72","","","SIGNATURE_SKIPPED|FDCE|FDCE","SIGNATURE_SKIPPED|FDCE|FDCE","DUT_INTERNAL","u_dut/u_unified_p4_kernel/fifo_rd_ptr_q_reg_rep__6","u_dut/vwrite_cmd_data_q_reg","0.086000000"
"u_dut/vwrite_cmd_data_q_reg[0][5]/D","u_dut/u_unified_p4_kernel/fifo_rd_ptr_q_reg[0]_rep__5/C","-0.075000000","clk","clk","clk","u_dut/u_unified_p4_kernel/fifo_rd_ptr_q_reg[0]_rep__5","FDCE","u_dut/u_unified_p4_kernel/fifo_rd_ptr_q_reg_rep__5","u_dut/vwrite_cmd_data_q_reg[0][5]","FDCE","u_dut/vwrite_cmd_data_q_reg","7","0.559000000","1.472000000","2.031000000","0.724766125","SLICE_X96Y82","SLICE_X97Y75","","","SIGNATURE_SKIPPED|FDCE|FDCE","SIGNATURE_SKIPPED|FDCE|FDCE","DUT_INTERNAL","u_dut/u_unified_p4_kernel/fifo_rd_ptr_q_reg_rep__5","u_dut/vwrite_cmd_data_q_reg","0.075000000"
"u_dut/vwrite_cmd_data_q_reg[0][7]/D","u_dut/u_unified_p4_kernel/fifo_rd_ptr_q_reg[3]/C","-0.071000000","clk","clk","clk","u_dut/u_unified_p4_kernel/fifo_rd_ptr_q_reg[3]","FDCE","u_dut/u_unified_p4_kernel/fifo_rd_ptr_q_reg","u_dut/vwrite_cmd_data_q_reg[0][7]","FDCE","u_dut/vwrite_cmd_data_q_reg","5","0.448000000","1.503000000","1.951000000","0.770374167","SLICE_X100Y64","SLICE_X95Y78","","","SIGNATURE_SKIPPED|FDCE|FDCE","SIGNATURE_SKIPPED|FDCE|FDCE","DUT_INTERNAL","u_dut/u_unified_p4_kernel/fifo_rd_ptr_q_reg","u_dut/vwrite_cmd_data_q_reg","0.071000000"
"u_dut/vwrite_cmd_data_q_reg[0][9]/D","u_dut/u_unified_p4_kernel/fifo_rd_ptr_q_reg[3]_rep/C","-0.123000000","clk","clk","clk","u_dut/u_unified_p4_kernel/fifo_rd_ptr_q_reg[3]_rep","FDCE","u_dut/u_unified_p4_kernel/fifo_rd_ptr_q_reg_rep","u_dut/vwrite_cmd_data_q_reg[0][9]","FDCE","u_dut/vwrite_cmd_data_q_reg","5","0.473000000","1.441000000","1.914000000","0.752873563","SLICE_X106Y92","SLICE_X97Y79","","","SIGNATURE_SKIPPED|FDCE|FDCE","SIGNATURE_SKIPPED|FDCE|FDCE","DUT_INTERNAL","u_dut/u_unified_p4_kernel/fifo_rd_ptr_q_reg_rep","u_dut/vwrite_cmd_data_q_reg","0.123000000"
"u_dut/vwrite_cmd_data_q_reg[1][0]/D","u_dut/u_unified_p4_kernel/fifo_rd_ptr_q_reg[1]_rep__4/C","-0.088000000","clk","clk","clk","u_dut/u_unified_p4_kernel/fifo_rd_ptr_q_reg[1]_rep__4","FDCE","u_dut/u_unified_p4_kernel/fifo_rd_ptr_q_reg_rep__4","u_dut/vwrite_cmd_data_q_reg[1][0]","FDCE","u_dut/vwrite_cmd_data_q_reg","7","0.633000000","1.306000000","1.939000000","0.673543063","SLICE_X102Y68","SLICE_X97Y73","","","SIGNATURE_SKIPPED|FDCE|FDCE","SIGNATURE_SKIPPED|FDCE|FDCE","DUT_INTERNAL","u_dut/u_unified_p4_kernel/fifo_rd_ptr_q_reg_rep__4","u_dut/vwrite_cmd_data_q_reg","0.088000000"
"u_dut/vwrite_cmd_data_q_reg[1][11]/D","u_dut/u_unified_p4_kernel/fifo_rd_ptr_q_reg[1]_rep__3/C","-0.034000000","clk","clk","clk","u_dut/u_unified_p4_kernel/fifo_rd_ptr_q_reg[1]_rep__3","FDCE","u_dut/u_unified_p4_kernel/fifo_rd_ptr_q_reg_rep__3","u_dut/vwrite_cmd_data_q_reg[1][11]","FDCE","u_dut/vwrite_cmd_data_q_reg","7","0.557000000","1.293000000","1.850000000","0.698918919","SLICE_X103Y74","SLICE_X99Y79","","","SIGNATURE_SKIPPED|FDCE|FDCE","SIGNATURE_SKIPPED|FDCE|FDCE","DUT_INTERNAL","u_dut/u_unified_p4_kernel/fifo_rd_ptr_q_reg_rep__3","u_dut/vwrite_cmd_data_q_reg","0.034000000"
"u_dut/vwrite_cmd_data_q_reg[1][12]/D","u_dut/u_unified_p4_kernel/fifo_rd_ptr_q_reg[0]_rep__2/C","-0.110000000","clk","clk","clk","u_dut/u_unified_p4_kernel/fifo_rd_ptr_q_reg[0]_rep__2","FDCE","u_dut/u_unified_p4_kernel/fifo_rd_ptr_q_reg_rep__2","u_dut/vwrite_cmd_data_q_reg[1][12]","FDCE","u_dut/vwrite_cmd_data_q_reg","7","0.475000000","1.457000000","1.932000000","0.754140787","SLICE_X107Y92","SLICE_X100Y82","","","SIGNATURE_SKIPPED|FDCE|FDCE","SIGNATURE_SKIPPED|FDCE|FDCE","DUT_INTERNAL","u_dut/u_unified_p4_kernel/fifo_rd_ptr_q_reg_rep__2","u_dut/vwrite_cmd_data_q_reg","0.110000000"
"u_dut/vwrite_cmd_data_q_reg[1][14]/D","u_dut/u_unified_p4_kernel/fifo_rd_ptr_q_reg[0]_rep__1/C","-0.046000000","clk","clk","clk","u_dut/u_unified_p4_kernel/fifo_rd_ptr_q_reg[0]_rep__1","FDCE","u_dut/u_unified_p4_kernel/fifo_rd_ptr_q_reg_rep__1","u_dut/vwrite_cmd_data_q_reg[1][14]","FDCE","u_dut/vwrite_cmd_data_q_reg","7","0.623000000","1.257000000","1.880000000","0.668617021","SLICE_X103Y91","SLICE_X99Y83","","","SIGNATURE_SKIPPED|FDCE|FDCE","SIGNATURE_SKIPPED|FDCE|FDCE","DUT_INTERNAL","u_dut/u_unified_p4_kernel/fifo_rd_ptr_q_reg_rep__1","u_dut/vwrite_cmd_data_q_reg","0.046000000"
"u_dut/vwrite_cmd_data_q_reg[1][15]/D","u_dut/u_unified_p4_kernel/fifo_rd_ptr_q_reg[1]/C","-0.089000000","clk","clk","clk","u_dut/u_unified_p4_kernel/fifo_rd_ptr_q_reg[1]","FDCE","u_dut/u_unified_p4_kernel/fifo_rd_ptr_q_reg","u_dut/vwrite_cmd_data_q_reg[1][15]","FDCE","u_dut/vwrite_cmd_data_q_reg","7","0.480000000","1.461000000","1.941000000","0.752704791","SLICE_X104Y88","SLICE_X98Y75","","","SIGNATURE_SKIPPED|FDCE|FDCE","SIGNATURE_SKIPPED|FDCE|FDCE","DUT_INTERNAL","u_dut/u_unified_p4_kernel/fifo_rd_ptr_q_reg","u_dut/vwrite_cmd_data_q_reg","0.089000000"
"u_dut/vwrite_cmd_data_q_reg[1][3]/D","u_dut/u_unified_p4_kernel/fifo_rd_ptr_q_reg[1]_rep__4/C","-0.086000000","clk","clk","clk","u_dut/u_unified_p4_kernel/fifo_rd_ptr_q_reg[1]_rep__4","FDCE","u_dut/u_unified_p4_kernel/fifo_rd_ptr_q_reg_rep__4","u_dut/vwrite_cmd_data_q_reg[1][3]","FDCE","u_dut/vwrite_cmd_data_q_reg","7","0.588000000","1.386000000","1.974000000","0.702127660","SLICE_X102Y68","SLICE_X97Y69","","","SIGNATURE_SKIPPED|FDCE|FDCE","SIGNATURE_SKIPPED|FDCE|FDCE","DUT_INTERNAL","u_dut/u_unified_p4_kernel/fifo_rd_ptr_q_reg_rep__4","u_dut/vwrite_cmd_data_q_reg","0.086000000"
"u_dut/vwrite_cmd_data_q_reg[1][4]/D","u_dut/u_unified_p4_kernel/fifo_rd_ptr_q_reg[0]_rep__6/C","-0.122000000","clk","clk","clk","u_dut/u_unified_p4_kernel/fifo_rd_ptr_q_reg[0]_rep__6","FDCE","u_dut/u_unified_p4_kernel/fifo_rd_ptr_q_reg_rep__6","u_dut/vwrite_cmd_data_q_reg[1][4]","FDCE","u_dut/vwrite_cmd_data_q_reg","7","0.464000000","1.556000000","2.020000000","0.770297030","SLICE_X90Y74","SLICE_X94Y72","","","SIGNATURE_SKIPPED|FDCE|FDCE","SIGNATURE_SKIPPED|FDCE|FDCE","DUT_INTERNAL","u_dut/u_unified_p4_kernel/fifo_rd_ptr_q_reg_rep__6","u_dut/vwrite_cmd_data_q_reg","0.122000000"
"u_dut/vwrite_cmd_data_q_reg[1][5]/D","u_dut/u_unified_p4_kernel/fifo_rd_ptr_q_reg[1]_rep__3/C","-0.103000000","clk","clk","clk","u_dut/u_unified_p4_kernel/fifo_rd_ptr_q_reg[1]_rep__3","FDCE","u_dut/u_unified_p4_kernel/fifo_rd_ptr_q_reg_rep__3","u_dut/vwrite_cmd_data_q_reg[1][5]","FDCE","u_dut/vwrite_cmd_data_q_reg","7","0.555000000","1.372000000","1.927000000","0.711987545","SLICE_X103Y74","SLICE_X98Y75","","","SIGNATURE_SKIPPED|FDCE|FDCE","SIGNATURE_SKIPPED|FDCE|FDCE","DUT_INTERNAL","u_dut/u_unified_p4_kernel/fifo_rd_ptr_q_reg_rep__3","u_dut/vwrite_cmd_data_q_reg","0.103000000"
"u_dut/vwrite_cmd_data_q_reg[1][6]/D","u_dut/u_unified_p4_kernel/fifo_rd_ptr_q_reg[1]_rep__1/C","-0.042000000","clk","clk","clk","u_dut/u_unified_p4_kernel/fifo_rd_ptr_q_reg[1]_rep__1","FDCE","u_dut/u_unified_p4_kernel/fifo_rd_ptr_q_reg_rep__1","u_dut/vwrite_cmd_data_q_reg[1][6]","FDCE","u_dut/vwrite_cmd_data_q_reg","7","0.586000000","1.434000000","2.020000000","0.709900990","SLICE_X95Y66","SLICE_X91Y76","","","SIGNATURE_SKIPPED|FDCE|FDCE","SIGNATURE_SKIPPED|FDCE|FDCE","DUT_INTERNAL","u_dut/u_unified_p4_kernel/fifo_rd_ptr_q_reg_rep__1","u_dut/vwrite_cmd_data_q_reg","0.042000000"
"u_dut/vwrite_cmd_data_q_reg[1][7]/D","u_dut/u_unified_p4_kernel/fifo_rd_ptr_q_reg[0]_rep__5/C","-0.096000000","clk","clk","clk","u_dut/u_unified_p4_kernel/fifo_rd_ptr_q_reg[0]_rep__5","FDCE","u_dut/u_unified_p4_kernel/fifo_rd_ptr_q_reg_rep__5","u_dut/vwrite_cmd_data_q_reg[1][7]","FDCE","u_dut/vwrite_cmd_data_q_reg","7","0.532000000","1.467000000","1.999000000","0.733866933","SLICE_X96Y82","SLICE_X98Y83","","","SIGNATURE_SKIPPED|FDCE|FDCE","SIGNATURE_SKIPPED|FDCE|FDCE","DUT_INTERNAL","u_dut/u_unified_p4_kernel/fifo_rd_ptr_q_reg_rep__5","u_dut/vwrite_cmd_data_q_reg","0.096000000"
"u_dut/vwrite_cmd_data_q_reg[1][8]/D","u_dut/u_unified_p4_kernel/fifo_rd_ptr_q_reg[3]_rep/C","-0.101000000","clk","clk","clk","u_dut/u_unified_p4_kernel/fifo_rd_ptr_q_reg[3]_rep","FDCE","u_dut/u_unified_p4_kernel/fifo_rd_ptr_q_reg_rep","u_dut/vwrite_cmd_data_q_reg[1][8]","FDCE","u_dut/vwrite_cmd_data_q_reg","5","0.440000000","1.576000000","2.016000000","0.781746032","SLICE_X106Y92","SLICE_X96Y70","","","SIGNATURE_SKIPPED|FDCE|FDCE","SIGNATURE_SKIPPED|FDCE|FDCE","DUT_INTERNAL","u_dut/u_unified_p4_kernel/fifo_rd_ptr_q_reg_rep","u_dut/vwrite_cmd_data_q_reg","0.101000000"
"u_dut/vwrite_cmd_data_q_reg[1][9]/D","u_dut/u_unified_p4_kernel/fifo_rd_ptr_q_reg[3]_rep/C","-0.109000000","clk","clk","clk","u_dut/u_unified_p4_kernel/fifo_rd_ptr_q_reg[3]_rep","FDCE","u_dut/u_unified_p4_kernel/fifo_rd_ptr_q_reg_rep","u_dut/vwrite_cmd_data_q_reg[1][9]","FDCE","u_dut/vwrite_cmd_data_q_reg","5","0.395000000","1.517000000","1.912000000","0.793410042","SLICE_X106Y92","SLICE_X98Y83","","","SIGNATURE_SKIPPED|FDCE|FDCE","SIGNATURE_SKIPPED|FDCE|FDCE","DUT_INTERNAL","u_dut/u_unified_p4_kernel/fifo_rd_ptr_q_reg_rep","u_dut/vwrite_cmd_data_q_reg","0.109000000"
"u_dut/vwrite_cmd_data_q_reg[2][0]/D","u_dut/u_unified_p4_kernel/fifo_rd_ptr_q_reg[0]_rep__0/C","-0.038000000","clk","clk","clk","u_dut/u_unified_p4_kernel/fifo_rd_ptr_q_reg[0]_rep__0","FDCE","u_dut/u_unified_p4_kernel/fifo_rd_ptr_q_reg_rep__0","u_dut/vwrite_cmd_data_q_reg[2][0]","FDCE","u_dut/vwrite_cmd_data_q_reg","7","0.653000000","1.214000000","1.867000000","0.650241028","SLICE_X104Y82","SLICE_X97Y75","","","SIGNATURE_SKIPPED|FDCE|FDCE","SIGNATURE_SKIPPED|FDCE|FDCE","DUT_INTERNAL","u_dut/u_unified_p4_kernel/fifo_rd_ptr_q_reg_rep__0","u_dut/vwrite_cmd_data_q_reg","0.038000000"
"u_dut/vwrite_cmd_data_q_reg[2][11]/D","u_dut/kernel_cut_h_q_reg[0]/C","-0.090000000","clk","clk","clk","u_dut/kernel_cut_h_q_reg[0]","FDCE","u_dut/kernel_cut_h_q_reg","u_dut/vwrite_cmd_data_q_reg[2][11]","FDCE","u_dut/vwrite_cmd_data_q_reg","5","0.574000000","1.466000000","2.040000000","0.718627451","SLICE_X74Y65","SLICE_X99Y79","","","SIGNATURE_SKIPPED|FDCE|FDCE","SIGNATURE_SKIPPED|FDCE|FDCE","DUT_INTERNAL","u_dut/kernel_cut_h_q_reg","u_dut/vwrite_cmd_data_q_reg","0.090000000"
"u_dut/vwrite_cmd_data_q_reg[2][12]/D","u_dut/u_unified_p4_kernel/fifo_rd_ptr_q_reg[1]_rep__0/C","-0.132000000","clk","clk","clk","u_dut/u_unified_p4_kernel/fifo_rd_ptr_q_reg[1]_rep__0","FDCE","u_dut/u_unified_p4_kernel/fifo_rd_ptr_q_reg_rep__0","u_dut/vwrite_cmd_data_q_reg[2][12]","FDCE","u_dut/vwrite_cmd_data_q_reg","7","0.583000000","1.370000000","1.953000000","0.701484895","SLICE_X107Y91","SLICE_X100Y82","","","SIGNATURE_SKIPPED|FDCE|FDCE","SIGNATURE_SKIPPED|FDCE|FDCE","DUT_INTERNAL","u_dut/u_unified_p4_kernel/fifo_rd_ptr_q_reg_rep__0","u_dut/vwrite_cmd_data_q_reg","0.132000000"
"u_dut/vwrite_cmd_data_q_reg[2][14]/D","u_dut/u_unified_p4_kernel/fifo_rd_ptr_q_reg[2]_rep__1/C","-0.086000000","clk","clk","clk","u_dut/u_unified_p4_kernel/fifo_rd_ptr_q_reg[2]_rep__1","FDCE","u_dut/u_unified_p4_kernel/fifo_rd_ptr_q_reg_rep__1","u_dut/vwrite_cmd_data_q_reg[2][14]","FDCE","u_dut/vwrite_cmd_data_q_reg","6","0.327000000","1.612000000","1.939000000","0.831356369","SLICE_X105Y91","SLICE_X99Y81","","","SIGNATURE_SKIPPED|FDCE|FDCE","SIGNATURE_SKIPPED|FDCE|FDCE","DUT_INTERNAL","u_dut/u_unified_p4_kernel/fifo_rd_ptr_q_reg_rep__1","u_dut/vwrite_cmd_data_q_reg","0.086000000"
"u_dut/vwrite_cmd_data_q_reg[2][15]/D","u_dut/kernel_cut_h_q_reg[0]/C","-0.018000000","clk","clk","clk","u_dut/kernel_cut_h_q_reg[0]","FDCE","u_dut/kernel_cut_h_q_reg","u_dut/vwrite_cmd_data_q_reg[2][15]","FDCE","u_dut/vwrite_cmd_data_q_reg","5","0.521000000","1.553000000","2.074000000","0.748794600","SLICE_X74Y65","SLICE_X98Y76","","","SIGNATURE_SKIPPED|FDCE|FDCE","SIGNATURE_SKIPPED|FDCE|FDCE","DUT_INTERNAL","u_dut/kernel_cut_h_q_reg","u_dut/vwrite_cmd_data_q_reg","0.018000000"
"u_dut/vwrite_cmd_data_q_reg[2][1]/D","u_dut/u_unified_p4_kernel/fifo_rd_ptr_q_reg[3]/C","-0.025000000","clk","clk","clk","u_dut/u_unified_p4_kernel/fifo_rd_ptr_q_reg[3]","FDCE","u_dut/u_unified_p4_kernel/fifo_rd_ptr_q_reg","u_dut/vwrite_cmd_data_q_reg[2][1]","FDCE","u_dut/vwrite_cmd_data_q_reg","5","0.378000000","1.737000000","2.115000000","0.821276596","SLICE_X100Y64","SLICE_X100Y70","","","SIGNATURE_SKIPPED|FDCE|FDCE","SIGNATURE_SKIPPED|FDCE|FDCE","DUT_INTERNAL","u_dut/u_unified_p4_kernel/fifo_rd_ptr_q_reg","u_dut/vwrite_cmd_data_q_reg","0.025000000"
"u_dut/vwrite_cmd_data_q_reg[2][3]/D","u_dut/kernel_cut_h_q_reg[0]/C","-0.024000000","clk","clk","clk","u_dut/kernel_cut_h_q_reg[0]","FDCE","u_dut/kernel_cut_h_q_reg","u_dut/vwrite_cmd_data_q_reg[2][3]","FDCE","u_dut/vwrite_cmd_data_q_reg","5","0.533000000","1.481000000","2.014000000","0.735352532","SLICE_X74Y65","SLICE_X97Y69","","","SIGNATURE_SKIPPED|FDCE|FDCE","SIGNATURE_SKIPPED|FDCE|FDCE","DUT_INTERNAL","u_dut/kernel_cut_h_q_reg","u_dut/vwrite_cmd_data_q_reg","0.024000000"
"u_dut/vwrite_cmd_data_q_reg[2][4]/D","u_dut/u_unified_p4_kernel/fifo_rd_ptr_q_reg[0]_rep__6/C","-0.056000000","clk","clk","clk","u_dut/u_unified_p4_kernel/fifo_rd_ptr_q_reg[0]_rep__6","FDCE","u_dut/u_unified_p4_kernel/fifo_rd_ptr_q_reg_rep__6","u_dut/vwrite_cmd_data_q_reg[2][4]","FDCE","u_dut/vwrite_cmd_data_q_reg","7","0.648000000","1.306000000","1.954000000","0.668372569","SLICE_X90Y74","SLICE_X94Y72","","","SIGNATURE_SKIPPED|FDCE|FDCE","SIGNATURE_SKIPPED|FDCE|FDCE","DUT_INTERNAL","u_dut/u_unified_p4_kernel/fifo_rd_ptr_q_reg_rep__6","u_dut/vwrite_cmd_data_q_reg","0.056000000"
"u_dut/vwrite_cmd_data_q_reg[2][5]/D","u_dut/kernel_cut_h_q_reg[0]/C","-0.013000000","clk","clk","clk","u_dut/kernel_cut_h_q_reg[0]","FDCE","u_dut/kernel_cut_h_q_reg","u_dut/vwrite_cmd_data_q_reg[2][5]","FDCE","u_dut/vwrite_cmd_data_q_reg","5","0.535000000","1.439000000","1.974000000","0.728976697","SLICE_X74Y65","SLICE_X98Y70","","","SIGNATURE_SKIPPED|FDCE|FDCE","SIGNATURE_SKIPPED|FDCE|FDCE","DUT_INTERNAL","u_dut/kernel_cut_h_q_reg","u_dut/vwrite_cmd_data_q_reg","0.013000000"
"u_dut/vwrite_cmd_data_q_reg[2][6]/D","u_dut/u_unified_p4_kernel/fifo_rd_ptr_q_reg[1]_rep__1/C","-0.034000000","clk","clk","clk","u_dut/u_unified_p4_kernel/fifo_rd_ptr_q_reg[1]_rep__1","FDCE","u_dut/u_unified_p4_kernel/fifo_rd_ptr_q_reg_rep__1","u_dut/vwrite_cmd_data_q_reg[2][6]","FDCE","u_dut/vwrite_cmd_data_q_reg","7","0.550000000","1.467000000","2.017000000","0.727317799","SLICE_X95Y66","SLICE_X92Y79","","","SIGNATURE_SKIPPED|FDCE|FDCE","SIGNATURE_SKIPPED|FDCE|FDCE","DUT_INTERNAL","u_dut/u_unified_p4_kernel/fifo_rd_ptr_q_reg_rep__1","u_dut/vwrite_cmd_data_q_reg","0.034000000"
"u_dut/vwrite_cmd_data_q_reg[2][7]/D","u_dut/kernel_cut_h_q_reg[0]/C","-0.072000000","clk","clk","clk","u_dut/kernel_cut_h_q_reg[0]","FDCE","u_dut/kernel_cut_h_q_reg","u_dut/vwrite_cmd_data_q_reg[2][7]","FDCE","u_dut/vwrite_cmd_data_q_reg","5","0.534000000","1.479000000","2.013000000","0.734724292","SLICE_X74Y65","SLICE_X94Y78","","","SIGNATURE_SKIPPED|FDCE|FDCE","SIGNATURE_SKIPPED|FDCE|FDCE","DUT_INTERNAL","u_dut/kernel_cut_h_q_reg","u_dut/vwrite_cmd_data_q_reg","0.072000000"
"u_dut/vwrite_cmd_data_q_reg[2][9]/D","u_dut/u_unified_p4_kernel/fifo_rd_ptr_q_reg[3]_rep/C","-0.076000000","clk","clk","clk","u_dut/u_unified_p4_kernel/fifo_rd_ptr_q_reg[3]_rep","FDCE","u_dut/u_unified_p4_kernel/fifo_rd_ptr_q_reg_rep","u_dut/vwrite_cmd_data_q_reg[2][9]","FDCE","u_dut/vwrite_cmd_data_q_reg","5","0.422000000","1.449000000","1.871000000","0.774452165","SLICE_X106Y92","SLICE_X98Y82","","","SIGNATURE_SKIPPED|FDCE|FDCE","SIGNATURE_SKIPPED|FDCE|FDCE","DUT_INTERNAL","u_dut/u_unified_p4_kernel/fifo_rd_ptr_q_reg_rep","u_dut/vwrite_cmd_data_q_reg","0.076000000"
"u_dut/vwrite_cmd_data_q_reg[3][11]/D","u_dut/u_unified_p4_kernel/fifo_rd_ptr_q_reg[0]_rep__2/C","-0.015000000","clk","clk","clk","u_dut/u_unified_p4_kernel/fifo_rd_ptr_q_reg[0]_rep__2","FDCE","u_dut/u_unified_p4_kernel/fifo_rd_ptr_q_reg_rep__2","u_dut/vwrite_cmd_data_q_reg[3][11]","FDCE","u_dut/vwrite_cmd_data_q_reg","7","0.514000000","1.327000000","1.841000000","0.720803911","SLICE_X107Y92","SLICE_X99Y79","","","SIGNATURE_SKIPPED|FDCE|FDCE","SIGNATURE_SKIPPED|FDCE|FDCE","DUT_INTERNAL","u_dut/u_unified_p4_kernel/fifo_rd_ptr_q_reg_rep__2","u_dut/vwrite_cmd_data_q_reg","0.015000000"
"u_dut/vwrite_cmd_data_q_reg[3][12]/D","u_dut/u_unified_p4_kernel/fifo_rd_ptr_q_reg[1]_rep__0/C","-0.059000000","clk","clk","clk","u_dut/u_unified_p4_kernel/fifo_rd_ptr_q_reg[1]_rep__0","FDCE","u_dut/u_unified_p4_kernel/fifo_rd_ptr_q_reg_rep__0","u_dut/vwrite_cmd_data_q_reg[3][12]","FDCE","u_dut/vwrite_cmd_data_q_reg","7","0.570000000","1.326000000","1.896000000","0.699367089","SLICE_X107Y91","SLICE_X101Y82","","","SIGNATURE_SKIPPED|FDCE|FDCE","SIGNATURE_SKIPPED|FDCE|FDCE","DUT_INTERNAL","u_dut/u_unified_p4_kernel/fifo_rd_ptr_q_reg_rep__0","u_dut/vwrite_cmd_data_q_reg","0.059000000"
"u_dut/vwrite_cmd_data_q_reg[3][14]/D","u_dut/u_unified_p4_kernel/fifo_rd_ptr_q_reg[2]_rep__1/C","-0.043000000","clk","clk","clk","u_dut/u_unified_p4_kernel/fifo_rd_ptr_q_reg[2]_rep__1","FDCE","u_dut/u_unified_p4_kernel/fifo_rd_ptr_q_reg_rep__1","u_dut/vwrite_cmd_data_q_reg[3][14]","FDCE","u_dut/vwrite_cmd_data_q_reg","6","0.329000000","1.679000000","2.008000000","0.836155378","SLICE_X105Y91","SLICE_X98Y76","","","SIGNATURE_SKIPPED|FDCE|FDCE","SIGNATURE_SKIPPED|FDCE|FDCE","DUT_INTERNAL","u_dut/u_unified_p4_kernel/fifo_rd_ptr_q_reg_rep__1","u_dut/vwrite_cmd_data_q_reg","0.043000000"
"u_dut/vwrite_cmd_data_q_reg[3][15]/D","u_dut/u_unified_p4_kernel/fifo_rd_ptr_q_reg[0]_rep__0/C","-0.111000000","clk","clk","clk","u_dut/u_unified_p4_kernel/fifo_rd_ptr_q_reg[0]_rep__0","FDCE","u_dut/u_unified_p4_kernel/fifo_rd_ptr_q_reg_rep__0","u_dut/vwrite_cmd_data_q_reg[3][15]","FDCE","u_dut/vwrite_cmd_data_q_reg","7","0.592000000","1.345000000","1.937000000","0.694372741","SLICE_X104Y82","SLICE_X99Y76","","","SIGNATURE_SKIPPED|FDCE|FDCE","SIGNATURE_SKIPPED|FDCE|FDCE","DUT_INTERNAL","u_dut/u_unified_p4_kernel/fifo_rd_ptr_q_reg_rep__0","u_dut/vwrite_cmd_data_q_reg","0.111000000"
"u_dut/vwrite_cmd_data_q_reg[3][1]/D","u_dut/u_unified_p4_kernel/fifo_rd_ptr_q_reg[3]/C","-0.025000000","clk","clk","clk","u_dut/u_unified_p4_kernel/fifo_rd_ptr_q_reg[3]","FDCE","u_dut/u_unified_p4_kernel/fifo_rd_ptr_q_reg","u_dut/vwrite_cmd_data_q_reg[3][1]","FDCE","u_dut/vwrite_cmd_data_q_reg","5","0.377000000","1.738000000","2.115000000","0.821749409","SLICE_X100Y64","SLICE_X100Y70","","","SIGNATURE_SKIPPED|FDCE|FDCE","SIGNATURE_SKIPPED|FDCE|FDCE","DUT_INTERNAL","u_dut/u_unified_p4_kernel/fifo_rd_ptr_q_reg","u_dut/vwrite_cmd_data_q_reg","0.025000000"
"u_dut/vwrite_cmd_data_q_reg[3][3]/D","u_dut/u_unified_p4_kernel/fifo_rd_ptr_q_reg[1]_rep__1/C","-0.015000000","clk","clk","clk","u_dut/u_unified_p4_kernel/fifo_rd_ptr_q_reg[1]_rep__1","FDCE","u_dut/u_unified_p4_kernel/fifo_rd_ptr_q_reg_rep__1","u_dut/vwrite_cmd_data_q_reg[3][3]","FDCE","u_dut/vwrite_cmd_data_q_reg","7","0.524000000","1.427000000","1.951000000","0.731419785","SLICE_X95Y66","SLICE_X97Y69","","","SIGNATURE_SKIPPED|FDCE|FDCE","SIGNATURE_SKIPPED|FDCE|FDCE","DUT_INTERNAL","u_dut/u_unified_p4_kernel/fifo_rd_ptr_q_reg_rep__1","u_dut/vwrite_cmd_data_q_reg","0.015000000"
"u_dut/vwrite_cmd_data_q_reg[3][4]/D","u_dut/u_unified_p4_kernel/fifo_rd_ptr_q_reg[0]_rep__6/C","-0.055000000","clk","clk","clk","u_dut/u_unified_p4_kernel/fifo_rd_ptr_q_reg[0]_rep__6","FDCE","u_dut/u_unified_p4_kernel/fifo_rd_ptr_q_reg_rep__6","u_dut/vwrite_cmd_data_q_reg[3][4]","FDCE","u_dut/vwrite_cmd_data_q_reg","7","0.648000000","1.305000000","1.953000000","0.668202765","SLICE_X90Y74","SLICE_X94Y72","","","SIGNATURE_SKIPPED|FDCE|FDCE","SIGNATURE_SKIPPED|FDCE|FDCE","DUT_INTERNAL","u_dut/u_unified_p4_kernel/fifo_rd_ptr_q_reg_rep__6","u_dut/vwrite_cmd_data_q_reg","0.055000000"
"u_dut/vwrite_cmd_data_q_reg[3][6]/D","u_dut/u_unified_p4_kernel/fifo_rd_ptr_q_reg[1]_rep__1/C","-0.040000000","clk","clk","clk","u_dut/u_unified_p4_kernel/fifo_rd_ptr_q_reg[1]_rep__1","FDCE","u_dut/u_unified_p4_kernel/fifo_rd_ptr_q_reg_rep__1","u_dut/vwrite_cmd_data_q_reg[3][6]","FDCE","u_dut/vwrite_cmd_data_q_reg","7","0.550000000","1.473000000","2.023000000","0.728126545","SLICE_X95Y66","SLICE_X92Y79","","","SIGNATURE_SKIPPED|FDCE|FDCE","SIGNATURE_SKIPPED|FDCE|FDCE","DUT_INTERNAL","u_dut/u_unified_p4_kernel/fifo_rd_ptr_q_reg_rep__1","u_dut/vwrite_cmd_data_q_reg","0.040000000"
"u_dut/vwrite_cmd_data_q_reg[3][7]/D","u_dut/u_unified_p4_kernel/fifo_rd_ptr_q_reg[1]_rep__3/C","-0.051000000","clk","clk","clk","u_dut/u_unified_p4_kernel/fifo_rd_ptr_q_reg[1]_rep__3","FDCE","u_dut/u_unified_p4_kernel/fifo_rd_ptr_q_reg_rep__3","u_dut/vwrite_cmd_data_q_reg[3][7]","FDCE","u_dut/vwrite_cmd_data_q_reg","6","0.421000000","1.426000000","1.847000000","0.772062805","SLICE_X103Y74","SLICE_X94Y79","","","SIGNATURE_SKIPPED|FDCE|FDCE","SIGNATURE_SKIPPED|FDCE|FDCE","DUT_INTERNAL","u_dut/u_unified_p4_kernel/fifo_rd_ptr_q_reg_rep__3","u_dut/vwrite_cmd_data_q_reg","0.051000000"
"u_dut/vwrite_cmd_data_q_reg[3][8]/D","u_dut/u_unified_p4_kernel/fifo_rd_ptr_q_reg[3]_rep/C","-0.090000000","clk","clk","clk","u_dut/u_unified_p4_kernel/fifo_rd_ptr_q_reg[3]_rep","FDCE","u_dut/u_unified_p4_kernel/fifo_rd_ptr_q_reg_rep","u_dut/vwrite_cmd_data_q_reg[3][8]","FDCE","u_dut/vwrite_cmd_data_q_reg","5","0.365000000","1.533000000","1.898000000","0.807692308","SLICE_X106Y92","SLICE_X97Y75","","","SIGNATURE_SKIPPED|FDCE|FDCE","SIGNATURE_SKIPPED|FDCE|FDCE","DUT_INTERNAL","u_dut/u_unified_p4_kernel/fifo_rd_ptr_q_reg_rep","u_dut/vwrite_cmd_data_q_reg","0.090000000"
"u_dut/vwrite_cmd_data_q_reg[3][9]/D","u_dut/u_unified_p4_kernel/fifo_rd_ptr_q_reg[3]_rep/C","-0.078000000","clk","clk","clk","u_dut/u_unified_p4_kernel/fifo_rd_ptr_q_reg[3]_rep","FDCE","u_dut/u_unified_p4_kernel/fifo_rd_ptr_q_reg_rep","u_dut/vwrite_cmd_data_q_reg[3][9]","FDCE","u_dut/vwrite_cmd_data_q_reg","5","0.421000000","1.452000000","1.873000000","0.775226909","SLICE_X106Y92","SLICE_X98Y82","","","SIGNATURE_SKIPPED|FDCE|FDCE","SIGNATURE_SKIPPED|FDCE|FDCE","DUT_INTERNAL","u_dut/u_unified_p4_kernel/fifo_rd_ptr_q_reg_rep","u_dut/vwrite_cmd_data_q_reg","0.078000000"
