candidate_id,anchor_x,anchor_y,region_x_min,region_x_max,region_y_min,region_y_max,candidate_tile_x,candidate_tile_y,coverage_ratio,site_count,legal_ff_capacity,available_ff_capacity,occupied_ff,projected_ff_utilization,clock_regions,control_set_data_available,control_set_compatibility,local_congestion,candidate_clock_region_crossing_count,subset_id,moved_bit_count,bit_list_sha256,basic_geometry_pass,basic_rejection_reason,pareto_frontier,tradeoff_proxy_pass,tradeoff_rejection_reason,safety_gate_rejection_reason,u_neg_no_worsening_proxy,u_pass_no_increase_proxy,d_neg_improves_proxy,d_near_nonworsening_proxy,objective_vector,u_neg_count,u_neg_min,u_neg_median,u_neg_p90,u_neg_p95,u_neg_max,u_neg_sum,u_neg_decrease_count,u_neg_increase_count,u_neg_unchanged_count,u_neg_current_slack_count,u_neg_current_slack_min,u_neg_current_slack_median,u_neg_current_slack_p90,u_neg_current_slack_p95,u_neg_current_slack_max,u_neg_current_slack_sum,u_pass_count,u_pass_min,u_pass_median,u_pass_p90,u_pass_p95,u_pass_max,u_pass_sum,u_pass_decrease_count,u_pass_increase_count,u_pass_unchanged_count,u_pass_current_slack_count,u_pass_current_slack_min,u_pass_current_slack_median,u_pass_current_slack_p90,u_pass_current_slack_p95,u_pass_current_slack_max,u_pass_current_slack_sum,d_neg_count,d_neg_min,d_neg_median,d_neg_p90,d_neg_p95,d_neg_max,d_neg_sum,d_neg_decrease_count,d_neg_increase_count,d_neg_unchanged_count,d_neg_current_slack_count,d_neg_current_slack_min,d_neg_current_slack_median,d_neg_current_slack_p90,d_neg_current_slack_p95,d_neg_current_slack_max,d_neg_current_slack_sum,d_near_count,d_near_min,d_near_median,d_near_p90,d_near_p95,d_near_max,d_near_sum,d_near_decrease_count,d_near_increase_count,d_near_unchanged_count,d_near_current_slack_count,d_near_current_slack_min,d_near_current_slack_median,d_near_current_slack_p90,d_near_current_slack_p95,d_near_current_slack_max,d_near_current_slack_sum,d_all_count,d_all_min,d_all_median,d_all_p90,d_all_p95,d_all_max,d_all_sum,d_all_decrease_count,d_all_increase_count,d_all_unchanged_count,d_all_current_slack_count,d_all_current_slack_min,d_all_current_slack_median,d_all_current_slack_p90,d_all_current_slack_p95,d_all_current_slack_max,d_all_current_slack_sum
A_X056_Y076,56,76,44,68,60,92,211.0,169.0,1.0,825,13200,9951,3249,0.2509848484848485,"{""X1Y1"": 396, ""X2Y1"": 429}",True,NOT_PROVEN_WITHOUT_MOVED_FF_CONTROL_SET_REPLAY,NOT_PROVEN_READ_ONLY_SITE_INVENTORY_ONLY,64,ALL_64,64,A49D88051B2D2E5D1255D4F806A7569CDA9B33A650A908566197031349AD8DB4,True,,False,False,U_NEG_UPSTREAM_WORSENING;U_PASS_UPSTREAM_INCREASE,,False,False,True,True,"[66.5, 88.0, 58.0, 6.0, -5.0, 39.0, -5.0, -6.0, 64.0]",58,38.0,66.5,88.0,88.0,96.0,4077.0,0,58,0,58,-0.136,-0.0885,-0.043,-0.028,-0.017,-4.796,6,50.0,77.0,88.0,88.0,88.0,440.0,0,6,0,6,0.011,0.040999999999999995,0.066,0.066,0.066,0.241,201,-90.0,-5.0,39.0,43.0,58.0,-87.0,114,83,4,201,-0.133,-0.038,-0.006,-0.003,-0.001,-7.99,384,-97.0,-5.0,35.0,43.0,58.0,-1562.0,215,165,4,384,0.0,0.043,0.07,0.074,0.078,15.882,4032,-101.0,-6.0,39.0,45.0,62.0,-27714.0,2254,1745,33,4032,-0.133,0.357,0.894,1.023,1.334,1673.434
A_X056_Y076,56,76,44,68,60,92,211.0,169.0,1.0,825,13200,9951,3249,0.2478030303030303,"{""X1Y1"": 396, ""X2Y1"": 429}",True,NOT_PROVEN_WITHOUT_MOVED_FF_CONTROL_SET_REPLAY,NOT_PROVEN_READ_ONLY_SITE_INVENTORY_ONLY,22,DEST_X2Y1_MAJOR,22,EC8295A18CFB3214990035A3C2A8A03B2248BEA56069D816345F1D2C0CC4741A,True,,False,False,U_NEG_UPSTREAM_WORSENING;D_NEG_NO_MEDIAN_IMPROVEMENT,,False,True,False,True,"[0.0, 74.0, 22.0, 0.0, 0.0, 0.0, 0.0, 0.0, 22.0]",58,0.0,0.0,74.0,88.0,88.0,1519.0,0,22,36,58,-0.136,-0.0885,-0.043,-0.028,-0.017,-4.796,6,0.0,0.0,0.0,0.0,0.0,0.0,0,0,6,6,0.011,0.040999999999999995,0.066,0.066,0.066,0.241,201,-90.0,0.0,0.0,7.0,44.0,-857.0,51,14,136,201,-0.133,-0.038,-0.006,-0.003,-0.001,-7.99,384,-97.0,0.0,7.0,17.0,51.0,-1459.0,89,52,243,384,0.0,0.043,0.07,0.074,0.078,15.882,4032,-101.0,0.0,16.0,33.0,57.0,-11250.0,812,569,2651,4032,-0.133,0.357,0.894,1.023,1.334,1673.434
A_X056_Y076,56,76,44,68,60,92,211.0,169.0,1.0,825,13200,9951,3249,0.24765151515151515,"{""X1Y1"": 396, ""X2Y1"": 429}",True,NOT_PROVEN_WITHOUT_MOVED_FF_CONTROL_SET_REPLAY,NOT_PROVEN_READ_ONLY_SITE_INVENTORY_ONLY,20,DEST_X3Y1_MAJOR,20,D8DF451BC1C4EF6032E28F4D3065B488CCF48FA9921667AB64B2E0E8D05D4049,True,,False,False,U_NEG_UPSTREAM_WORSENING;U_PASS_UPSTREAM_INCREASE;D_NEG_NO_MEDIAN_IMPROVEMENT,,False,False,False,True,"[0.0, 80.0, 15.0, 5.0, 0.0, 33.0, 0.0, 0.0, 20.0]",58,0.0,0.0,80.0,88.0,96.0,1093.0,0,15,43,58,-0.136,-0.0885,-0.043,-0.028,-0.017,-4.796,6,0.0,65.5,88.0,88.0,88.0,357.0,0,5,1,6,0.011,0.040999999999999995,0.066,0.066,0.066,0.241,201,-31.0,0.0,33.0,42.0,58.0,680.0,60,62,79,201,-0.133,-0.038,-0.006,-0.003,-0.001,-7.99,384,-94.0,0.0,22.0,37.0,58.0,354.0,82,84,218,384,0.0,0.043,0.07,0.074,0.078,15.882,4032,-101.0,0.0,14.0,31.0,62.0,-8422.0,696,547,2789,4032,-0.133,0.357,0.894,1.023,1.334,1673.434
A_X056_Y076,56,76,44,68,60,92,211.0,169.0,1.0,825,13200,9951,3249,0.2478030303030303,"{""X1Y1"": 396, ""X2Y1"": 429}",True,NOT_PROVEN_WITHOUT_MOVED_FF_CONTROL_SET_REPLAY,NOT_PROVEN_READ_ONLY_SITE_INVENTORY_ONLY,22,DEST_MIXED_OR_OTHER,22,62A80A6BF2780309EBB7ACB65499DC33F9E420F49ABAF670FF853CD53D650A7D,True,,False,False,U_NEG_UPSTREAM_WORSENING;U_PASS_UPSTREAM_INCREASE;D_NEG_NO_MEDIAN_IMPROVEMENT,,False,False,False,True,"[0.0, 78.0, 21.0, 1.0, 0.0, 0.0, 0.0, 0.0, 22.0]",58,0.0,0.0,78.0,88.0,91.0,1465.0,0,21,37,58,-0.136,-0.0885,-0.043,-0.028,-0.017,-4.796,6,0.0,0.0,83.0,83.0,83.0,83.0,0,1,5,6,0.011,0.040999999999999995,0.066,0.066,0.066,0.241,201,-23.0,0.0,0.0,0.0,47.0,90.0,3,7,191,201,-0.133,-0.038,-0.006,-0.003,-0.001,-7.99,384,-91.0,0.0,0.0,9.0,51.0,-457.0,44,29,311,384,0.0,0.043,0.07,0.074,0.078,15.882,4032,-101.0,0.0,18.0,33.0,58.0,-8042.0,746,629,2657,4032,-0.133,0.357,0.894,1.023,1.334,1673.434
A_X056_Y076,56,76,44,68,60,92,211.0,169.0,1.0,825,13200,9951,3249,0.24734848484848485,"{""X1Y1"": 396, ""X2Y1"": 429}",True,NOT_PROVEN_WITHOUT_MOVED_FF_CONTROL_SET_REPLAY,NOT_PROVEN_READ_ONLY_SITE_INVENTORY_ONLY,16,FEATURE_BIN_0,16,25AFEB422DB3BDBEF4DCE97A6D1274116E7B27A3B94E395D479DC22D3DE14FFD,True,,False,False,U_NEG_UPSTREAM_WORSENING;D_NEG_NO_MEDIAN_IMPROVEMENT,,False,True,False,True,"[0.0, 69.0, 16.0, 0.0, 0.0, 10.0, 0.0, 0.0, 16.0]",58,0.0,0.0,69.0,78.0,88.0,1091.0,0,16,42,58,-0.136,-0.0885,-0.043,-0.028,-0.017,-4.796,6,0.0,0.0,0.0,0.0,0.0,0.0,0,0,6,6,0.011,0.040999999999999995,0.066,0.066,0.066,0.241,201,-59.0,0.0,10.0,32.0,44.0,12.0,36,27,138,201,-0.133,-0.038,-0.006,-0.003,-0.001,-7.99,384,-80.0,0.0,0.0,11.0,47.0,-822.0,65,31,288,384,0.0,0.043,0.07,0.074,0.078,15.882,4032,-97.0,0.0,5.0,24.0,49.0,-7238.0,585,423,3024,4032,-0.133,0.357,0.894,1.023,1.334,1673.434
A_X056_Y076,56,76,44,68,60,92,211.0,169.0,1.0,825,13200,9951,3249,0.24734848484848485,"{""X1Y1"": 396, ""X2Y1"": 429}",True,NOT_PROVEN_WITHOUT_MOVED_FF_CONTROL_SET_REPLAY,NOT_PROVEN_READ_ONLY_SITE_INVENTORY_ONLY,16,FEATURE_BIN_1,16,863B9B0389C1B994C73ED0C57EC56A84FD6D317708E59D47B391DA86E44D3A8E,True,,False,False,U_NEG_UPSTREAM_WORSENING;U_PASS_UPSTREAM_INCREASE;D_NEG_NO_MEDIAN_IMPROVEMENT,,False,False,False,True,"[0.0, 80.0, 14.0, 2.0, 0.0, 0.0, 0.0, 0.0, 16.0]",58,0.0,0.0,80.0,88.0,96.0,1018.0,0,14,44,58,-0.136,-0.0885,-0.043,-0.028,-0.017,-4.796,6,0.0,0.0,88.0,88.0,88.0,159.0,0,2,4,6,0.011,0.040999999999999995,0.066,0.066,0.066,0.241,201,-90.0,0.0,0.0,18.0,47.0,-358.0,31,16,154,201,-0.133,-0.038,-0.006,-0.003,-0.001,-7.99,384,-90.0,0.0,7.0,29.0,47.0,-143.0,53,51,280,384,0.0,0.043,0.07,0.074,0.078,15.882,4032,-99.0,0.0,1.0,24.0,54.0,-8460.0,588,418,3026,4032,-0.133,0.357,0.894,1.023,1.334,1673.434
A_X056_Y076,56,76,44,68,60,92,211.0,169.0,1.0,825,13200,9951,3249,0.24734848484848485,"{""X1Y1"": 396, ""X2Y1"": 429}",True,NOT_PROVEN_WITHOUT_MOVED_FF_CONTROL_SET_REPLAY,NOT_PROVEN_READ_ONLY_SITE_INVENTORY_ONLY,16,FEATURE_BIN_2,16,18F6AC63D50EACD2B5F6CC669CA58252595A0313B759D7A0EC563D4D8CFF4410,True,,False,False,U_NEG_UPSTREAM_WORSENING;U_PASS_UPSTREAM_INCREASE;D_NEG_NO_MEDIAN_IMPROVEMENT,,False,False,False,True,"[0.0, 71.0, 14.0, 2.0, 0.0, 15.0, 0.0, 0.0, 16.0]",58,0.0,0.0,71.0,88.0,88.0,986.0,0,14,44,58,-0.136,-0.0885,-0.043,-0.028,-0.017,-4.796,6,0.0,0.0,88.0,88.0,88.0,148.0,0,2,4,6,0.011,0.040999999999999995,0.066,0.066,0.066,0.241,201,-57.0,0.0,15.0,20.0,45.0,119.0,29,26,146,201,-0.133,-0.038,-0.006,-0.003,-0.001,-7.99,384,-94.0,0.0,0.0,18.0,46.0,-567.0,52,30,302,384,0.0,0.043,0.07,0.074,0.078,15.882,4032,-101.0,0.0,2.0,25.0,55.0,-8224.0,581,418,3033,4032,-0.133,0.357,0.894,1.023,1.334,1673.434
A_X056_Y076,56,76,44,68,60,92,211.0,169.0,1.0,825,13200,9951,3249,0.24734848484848485,"{""X1Y1"": 396, ""X2Y1"": 429}",True,NOT_PROVEN_WITHOUT_MOVED_FF_CONTROL_SET_REPLAY,NOT_PROVEN_READ_ONLY_SITE_INVENTORY_ONLY,16,FEATURE_BIN_3,16,6D6B2605916DFCDD525A27838AC825D18C62B807369D6E6322040D77ED73CF54,True,,False,False,U_NEG_UPSTREAM_WORSENING;U_PASS_UPSTREAM_INCREASE;D_NEG_NO_MEDIAN_IMPROVEMENT,,False,False,False,True,"[0.0, 72.0, 14.0, 2.0, 0.0, 0.0, 0.0, 0.0, 16.0]",58,0.0,0.0,72.0,88.0,88.0,982.0,0,14,44,58,-0.136,-0.0885,-0.043,-0.028,-0.017,-4.796,6,0.0,0.0,83.0,83.0,83.0,133.0,0,2,4,6,0.011,0.040999999999999995,0.066,0.066,0.066,0.241,201,-33.0,0.0,0.0,13.0,58.0,140.0,18,14,169,201,-0.133,-0.038,-0.006,-0.003,-0.001,-7.99,384,-97.0,0.0,11.0,24.0,58.0,-30.0,45,53,286,384,0.0,0.043,0.07,0.074,0.078,15.882,4032,-101.0,0.0,9.0,30.0,62.0,-3792.0,500,486,3046,4032,-0.133,0.357,0.894,1.023,1.334,1673.434
A_X056_Y080,56,80,44,68,64,96,211.0,165.0,1.0,825,13200,9698,3502,0.27015151515151514,"{""X1Y1"": 396, ""X2Y1"": 429}",True,NOT_PROVEN_WITHOUT_MOVED_FF_CONTROL_SET_REPLAY,NOT_PROVEN_READ_ONLY_SITE_INVENTORY_ONLY,64,ALL_64,64,A49D88051B2D2E5D1255D4F806A7569CDA9B33A650A908566197031349AD8DB4,True,,False,False,U_NEG_UPSTREAM_WORSENING;U_PASS_UPSTREAM_INCREASE,,False,False,True,True,"[62.5, 84.0, 58.0, 6.0, -9.0, 35.0, -9.0, -10.0, 64.0]",58,34.0,62.5,84.0,84.0,92.0,3845.0,0,58,0,58,-0.136,-0.0885,-0.043,-0.028,-0.017,-4.796,6,46.0,73.0,84.0,84.0,84.0,416.0,0,6,0,6,0.011,0.040999999999999995,0.066,0.066,0.066,0.241,201,-92.0,-9.0,35.0,39.0,54.0,-575.0,124,76,1,201,-0.133,-0.038,-0.006,-0.003,-0.001,-7.99,384,-99.0,-9.0,31.0,39.0,54.0,-2368.0,242,142,0,384,0.0,0.043,0.07,0.074,0.078,15.882,4032,-103.0,-10.0,35.0,41.0,58.0,-39026.0,2404,1606,22,4032,-0.133,0.357,0.894,1.023,1.334,1673.434
A_X056_Y080,56,80,44,68,64,96,211.0,165.0,1.0,825,13200,9698,3502,0.26696969696969697,"{""X1Y1"": 396, ""X2Y1"": 429}",True,NOT_PROVEN_WITHOUT_MOVED_FF_CONTROL_SET_REPLAY,NOT_PROVEN_READ_ONLY_SITE_INVENTORY_ONLY,22,DEST_X2Y1_MAJOR,22,EC8295A18CFB3214990035A3C2A8A03B2248BEA56069D816345F1D2C0CC4741A,True,,False,False,U_NEG_UPSTREAM_WORSENING;D_NEG_NO_MEDIAN_IMPROVEMENT,,False,True,False,True,"[0.0, 70.0, 22.0, 0.0, 0.0, 0.0, 0.0, 0.0, 22.0]",58,0.0,0.0,70.0,84.0,84.0,1431.0,0,22,36,58,-0.136,-0.0885,-0.043,-0.028,-0.017,-4.796,6,0.0,0.0,0.0,0.0,0.0,0.0,0,0,6,6,0.011,0.040999999999999995,0.066,0.066,0.066,0.241,201,-92.0,0.0,0.0,3.0,40.0,-965.0,53,12,136,201,-0.133,-0.038,-0.006,-0.003,-0.001,-7.99,384,-99.0,0.0,3.0,13.0,47.0,-1779.0,101,41,242,384,0.0,0.043,0.07,0.074,0.078,15.882,4032,-101.0,0.0,12.0,29.0,53.0,-15206.0,858,520,2654,4032,-0.133,0.357,0.894,1.023,1.334,1673.434
A_X056_Y080,56,80,44,68,64,96,211.0,165.0,1.0,825,13200,9698,3502,0.26681818181818184,"{""X1Y1"": 396, ""X2Y1"": 429}",True,NOT_PROVEN_WITHOUT_MOVED_FF_CONTROL_SET_REPLAY,NOT_PROVEN_READ_ONLY_SITE_INVENTORY_ONLY,20,DEST_X3Y1_MAJOR,20,D8DF451BC1C4EF6032E28F4D3065B488CCF48FA9921667AB64B2E0E8D05D4049,True,,False,False,U_NEG_UPSTREAM_WORSENING;U_PASS_UPSTREAM_INCREASE;D_NEG_NO_MEDIAN_IMPROVEMENT,,False,False,False,True,"[0.0, 76.0, 15.0, 5.0, 0.0, 29.0, 0.0, 0.0, 20.0]",58,0.0,0.0,76.0,84.0,92.0,1033.0,0,15,43,58,-0.136,-0.0885,-0.043,-0.028,-0.017,-4.796,6,0.0,61.5,84.0,84.0,84.0,337.0,0,5,1,6,0.011,0.040999999999999995,0.066,0.066,0.066,0.241,201,-27.0,0.0,29.0,38.0,54.0,324.0,67,58,76,201,-0.133,-0.038,-0.006,-0.003,-0.001,-7.99,384,-98.0,0.0,18.0,33.0,54.0,-38.0,92,77,215,384,0.0,0.043,0.07,0.074,0.078,15.882,4032,-102.0,0.0,10.0,27.0,58.0,-11948.0,747,503,2782,4032,-0.133,0.357,0.894,1.023,1.334,1673.434
A_X056_Y080,56,80,44,68,64,96,211.0,165.0,1.0,825,13200,9698,3502,0.26696969696969697,"{""X1Y1"": 396, ""X2Y1"": 429}",True,NOT_PROVEN_WITHOUT_MOVED_FF_CONTROL_SET_REPLAY,NOT_PROVEN_READ_ONLY_SITE_INVENTORY_ONLY,22,DEST_MIXED_OR_OTHER,22,62A80A6BF2780309EBB7ACB65499DC33F9E420F49ABAF670FF853CD53D650A7D,True,,False,False,U_NEG_UPSTREAM_WORSENING;U_PASS_UPSTREAM_INCREASE;D_NEG_NO_MEDIAN_IMPROVEMENT,,False,False,False,True,"[0.0, 74.0, 21.0, 1.0, 0.0, 0.0, 0.0, 0.0, 22.0]",58,0.0,0.0,74.0,84.0,87.0,1381.0,0,21,37,58,-0.136,-0.0885,-0.043,-0.028,-0.017,-4.796,6,0.0,0.0,79.0,79.0,79.0,79.0,0,1,5,6,0.011,0.040999999999999995,0.066,0.066,0.066,0.241,201,-20.0,0.0,0.0,0.0,43.0,66.0,4,6,191,201,-0.133,-0.038,-0.006,-0.003,-0.001,-7.99,384,-87.0,0.0,0.0,5.0,47.0,-551.0,49,24,311,384,0.0,0.043,0.07,0.074,0.078,15.882,4032,-103.0,0.0,14.0,29.0,54.0,-11872.0,799,583,2650,4032,-0.133,0.357,0.894,1.023,1.334,1673.434
A_X056_Y080,56,80,44,68,64,96,211.0,165.0,1.0,825,13200,9698,3502,0.26651515151515154,"{""X1Y1"": 396, ""X2Y1"": 429}",True,NOT_PROVEN_WITHOUT_MOVED_FF_CONTROL_SET_REPLAY,NOT_PROVEN_READ_ONLY_SITE_INVENTORY_ONLY,16,FEATURE_BIN_0,16,25AFEB422DB3BDBEF4DCE97A6D1274116E7B27A3B94E395D479DC22D3DE14FFD,True,,False,False,U_NEG_UPSTREAM_WORSENING;D_NEG_NO_MEDIAN_IMPROVEMENT,,False,True,False,True,"[0.0, 65.0, 16.0, 0.0, 0.0, 6.0, 0.0, 0.0, 16.0]",58,0.0,0.0,65.0,74.0,84.0,1027.0,0,16,42,58,-0.136,-0.0885,-0.043,-0.028,-0.017,-4.796,6,0.0,0.0,0.0,0.0,0.0,0.0,0,0,6,6,0.011,0.040999999999999995,0.066,0.066,0.066,0.241,201,-63.0,0.0,6.0,28.0,40.0,-184.0,37,27,137,201,-0.133,-0.038,-0.006,-0.003,-0.001,-7.99,384,-80.0,0.0,0.0,7.0,43.0,-996.0,67,29,288,384,0.0,0.043,0.07,0.074,0.078,15.882,4032,-93.0,0.0,1.0,20.0,45.0,-10112.0,605,407,3020,4032,-0.133,0.357,0.894,1.023,1.334,1673.434
A_X056_Y080,56,80,44,68,64,96,211.0,165.0,1.0,825,13200,9698,3502,0.26651515151515154,"{""X1Y1"": 396, ""X2Y1"": 429}",True,NOT_PROVEN_WITHOUT_MOVED_FF_CONTROL_SET_REPLAY,NOT_PROVEN_READ_ONLY_SITE_INVENTORY_ONLY,16,FEATURE_BIN_1,16,863B9B0389C1B994C73ED0C57EC56A84FD6D317708E59D47B391DA86E44D3A8E,True,,False,False,U_NEG_UPSTREAM_WORSENING;U_PASS_UPSTREAM_INCREASE;D_NEG_NO_MEDIAN_IMPROVEMENT,,False,False,False,True,"[0.0, 76.0, 14.0, 2.0, 0.0, 0.0, 0.0, 0.0, 16.0]",58,0.0,0.0,76.0,84.0,92.0,962.0,0,14,44,58,-0.136,-0.0885,-0.043,-0.028,-0.017,-4.796,6,0.0,0.0,84.0,84.0,84.0,151.0,0,2,4,6,0.011,0.040999999999999995,0.066,0.066,0.066,0.241,201,-92.0,0.0,0.0,14.0,43.0,-406.0,33,15,153,201,-0.133,-0.038,-0.006,-0.003,-0.001,-7.99,384,-92.0,0.0,3.0,25.0,43.0,-369.0,62,42,280,384,0.0,0.043,0.07,0.074,0.078,15.882,4032,-97.0,0.0,0.0,20.0,50.0,-11200.0,627,377,3028,4032,-0.133,0.357,0.894,1.023,1.334,1673.434
A_X056_Y080,56,80,44,68,64,96,211.0,165.0,1.0,825,13200,9698,3502,0.26651515151515154,"{""X1Y1"": 396, ""X2Y1"": 429}",True,NOT_PROVEN_WITHOUT_MOVED_FF_CONTROL_SET_REPLAY,NOT_PROVEN_READ_ONLY_SITE_INVENTORY_ONLY,16,FEATURE_BIN_2,16,18F6AC63D50EACD2B5F6CC669CA58252595A0313B759D7A0EC563D4D8CFF4410,True,,False,False,U_NEG_UPSTREAM_WORSENING;U_PASS_UPSTREAM_INCREASE;D_NEG_NO_MEDIAN_IMPROVEMENT,,False,False,False,True,"[0.0, 67.0, 14.0, 2.0, 0.0, 11.0, 0.0, 0.0, 16.0]",58,0.0,0.0,67.0,84.0,84.0,930.0,0,14,44,58,-0.136,-0.0885,-0.043,-0.028,-0.017,-4.796,6,0.0,0.0,84.0,84.0,84.0,140.0,0,2,4,6,0.011,0.040999999999999995,0.066,0.066,0.066,0.241,201,-61.0,0.0,11.0,16.0,41.0,-57.0,34,22,145,201,-0.133,-0.038,-0.006,-0.003,-0.001,-7.99,384,-98.0,0.0,0.0,14.0,42.0,-781.0,60,25,299,384,0.0,0.043,0.07,0.074,0.078,15.882,4032,-103.0,0.0,0.0,21.0,51.0,-11236.0,619,388,3025,4032,-0.133,0.357,0.894,1.023,1.334,1673.434
A_X056_Y080,56,80,44,68,64,96,211.0,165.0,1.0,825,13200,9698,3502,0.26651515151515154,"{""X1Y1"": 396, ""X2Y1"": 429}",True,NOT_PROVEN_WITHOUT_MOVED_FF_CONTROL_SET_REPLAY,NOT_PROVEN_READ_ONLY_SITE_INVENTORY_ONLY,16,FEATURE_BIN_3,16,6D6B2605916DFCDD525A27838AC825D18C62B807369D6E6322040D77ED73CF54,True,,False,False,U_NEG_UPSTREAM_WORSENING;U_PASS_UPSTREAM_INCREASE;D_NEG_NO_MEDIAN_IMPROVEMENT,,False,False,False,True,"[0.0, 68.0, 14.0, 2.0, 0.0, 0.0, 0.0, 0.0, 16.0]",58,0.0,0.0,68.0,84.0,84.0,926.0,0,14,44,58,-0.136,-0.0885,-0.043,-0.028,-0.017,-4.796,6,0.0,0.0,79.0,79.0,79.0,125.0,0,2,4,6,0.011,0.040999999999999995,0.066,0.066,0.066,0.241,201,-29.0,0.0,0.0,9.0,54.0,72.0,20,12,169,201,-0.133,-0.038,-0.006,-0.003,-0.001,-7.99,384,-99.0,0.0,7.0,20.0,54.0,-222.0,53,46,285,384,0.0,0.043,0.07,0.074,0.078,15.882,4032,-101.0,0.0,5.0,26.0,58.0,-6478.0,553,434,3045,4032,-0.133,0.357,0.894,1.023,1.334,1673.434
A_X056_Y084,56,84,44,68,68,100,211.0,161.0,1.0,825,13200,9646,3554,0.2740909090909091,"{""X1Y1"": 396, ""X2Y1"": 429}",True,NOT_PROVEN_WITHOUT_MOVED_FF_CONTROL_SET_REPLAY,NOT_PROVEN_READ_ONLY_SITE_INVENTORY_ONLY,64,ALL_64,64,A49D88051B2D2E5D1255D4F806A7569CDA9B33A650A908566197031349AD8DB4,True,,False,False,U_NEG_UPSTREAM_WORSENING;U_PASS_UPSTREAM_INCREASE,,False,False,True,True,"[58.5, 80.0, 58.0, 6.0, -10.0, 31.0, -11.0, -12.0, 64.0]",58,30.0,58.5,80.0,80.0,88.0,3613.0,0,58,0,58,-0.136,-0.0885,-0.043,-0.028,-0.017,-4.796,6,42.0,69.0,80.0,80.0,80.0,392.0,0,6,0,6,0.011,0.040999999999999995,0.066,0.066,0.066,0.241,201,-88.0,-10.0,31.0,35.0,50.0,-809.0,130,70,1,201,-0.133,-0.038,-0.006,-0.003,-0.001,-7.99,384,-98.0,-11.0,27.0,35.0,50.0,-2768.0,251,130,3,384,0.0,0.043,0.07,0.074,0.078,15.882,4032,-99.0,-12.0,31.0,37.0,54.0,-47376.0,2510,1499,23,4032,-0.133,0.357,0.894,1.023,1.334,1673.434
A_X056_Y084,56,84,44,68,68,100,211.0,161.0,1.0,825,13200,9646,3554,0.27090909090909093,"{""X1Y1"": 396, ""X2Y1"": 429}",True,NOT_PROVEN_WITHOUT_MOVED_FF_CONTROL_SET_REPLAY,NOT_PROVEN_READ_ONLY_SITE_INVENTORY_ONLY,22,DEST_X2Y1_MAJOR,22,EC8295A18CFB3214990035A3C2A8A03B2248BEA56069D816345F1D2C0CC4741A,True,,False,False,U_NEG_UPSTREAM_WORSENING;D_NEG_NO_MEDIAN_IMPROVEMENT,,False,True,False,True,"[0.0, 66.0, 22.0, 0.0, 0.0, 0.0, 0.0, 0.0, 22.0]",58,0.0,0.0,66.0,80.0,80.0,1343.0,0,22,36,58,-0.136,-0.0885,-0.043,-0.028,-0.017,-4.796,6,0.0,0.0,0.0,0.0,0.0,0.0,0,0,6,6,0.011,0.040999999999999995,0.066,0.066,0.066,0.241,201,-88.0,0.0,0.0,0.0,36.0,-935.0,55,10,136,201,-0.133,-0.038,-0.006,-0.003,-0.001,-7.99,384,-97.0,0.0,0.0,9.0,43.0,-1903.0,104,38,242,384,0.0,0.043,0.07,0.074,0.078,15.882,4032,-99.0,0.0,8.0,25.0,49.0,-18066.0,887,495,2650,4032,-0.133,0.357,0.894,1.023,1.334,1673.434
A_X056_Y084,56,84,44,68,68,100,211.0,161.0,1.0,825,13200,9646,3554,0.27075757575757575,"{""X1Y1"": 396, ""X2Y1"": 429}",True,NOT_PROVEN_WITHOUT_MOVED_FF_CONTROL_SET_REPLAY,NOT_PROVEN_READ_ONLY_SITE_INVENTORY_ONLY,20,DEST_X3Y1_MAJOR,20,D8DF451BC1C4EF6032E28F4D3065B488CCF48FA9921667AB64B2E0E8D05D4049,True,,False,False,U_NEG_UPSTREAM_WORSENING;U_PASS_UPSTREAM_INCREASE;D_NEG_NO_MEDIAN_IMPROVEMENT,,False,False,False,True,"[0.0, 72.0, 15.0, 5.0, 0.0, 25.0, 0.0, 0.0, 20.0]",58,0.0,0.0,72.0,80.0,88.0,973.0,0,15,43,58,-0.136,-0.0885,-0.043,-0.028,-0.017,-4.796,6,0.0,57.5,80.0,80.0,80.0,317.0,0,5,1,6,0.011,0.040999999999999995,0.066,0.066,0.066,0.241,201,-23.0,0.0,25.0,34.0,50.0,82.0,70,55,76,201,-0.133,-0.038,-0.006,-0.003,-0.001,-7.99,384,-98.0,0.0,14.0,29.0,50.0,-282.0,96,72,216,384,0.0,0.043,0.07,0.074,0.078,15.882,4032,-98.0,0.0,6.0,23.0,54.0,-14544.0,794,458,2780,4032,-0.133,0.357,0.894,1.023,1.334,1673.434
A_X056_Y084,56,84,44,68,68,100,211.0,161.0,1.0,825,13200,9646,3554,0.27090909090909093,"{""X1Y1"": 396, ""X2Y1"": 429}",True,NOT_PROVEN_WITHOUT_MOVED_FF_CONTROL_SET_REPLAY,NOT_PROVEN_READ_ONLY_SITE_INVENTORY_ONLY,22,DEST_MIXED_OR_OTHER,22,62A80A6BF2780309EBB7ACB65499DC33F9E420F49ABAF670FF853CD53D650A7D,True,,False,False,U_NEG_UPSTREAM_WORSENING;U_PASS_UPSTREAM_INCREASE;D_NEG_NO_MEDIAN_IMPROVEMENT,,False,False,False,True,"[0.0, 70.0, 21.0, 1.0, 0.0, 0.0, 0.0, 0.0, 22.0]",58,0.0,0.0,70.0,80.0,83.0,1297.0,0,21,37,58,-0.136,-0.0885,-0.043,-0.028,-0.017,-4.796,6,0.0,0.0,75.0,75.0,75.0,75.0,0,1,5,6,0.011,0.040999999999999995,0.066,0.066,0.066,0.241,201,-22.0,0.0,0.0,0.0,39.0,44.0,5,5,191,201,-0.133,-0.038,-0.006,-0.003,-0.001,-7.99,384,-83.0,0.0,0.0,1.0,43.0,-583.0,51,20,313,384,0.0,0.043,0.07,0.074,0.078,15.882,4032,-99.0,0.0,10.0,25.0,50.0,-14766.0,829,546,2657,4032,-0.133,0.357,0.894,1.023,1.334,1673.434
A_X056_Y084,56,84,44,68,68,100,211.0,161.0,1.0,825,13200,9646,3554,0.27045454545454545,"{""X1Y1"": 396, ""X2Y1"": 429}",True,NOT_PROVEN_WITHOUT_MOVED_FF_CONTROL_SET_REPLAY,NOT_PROVEN_READ_ONLY_SITE_INVENTORY_ONLY,16,FEATURE_BIN_0,16,25AFEB422DB3BDBEF4DCE97A6D1274116E7B27A3B94E395D479DC22D3DE14FFD,True,,False,False,U_NEG_UPSTREAM_WORSENING;D_NEG_NO_MEDIAN_IMPROVEMENT,,False,True,False,True,"[0.0, 61.0, 16.0, 0.0, 0.0, 2.0, 0.0, 0.0, 16.0]",58,0.0,0.0,61.0,70.0,80.0,963.0,0,16,42,58,-0.136,-0.0885,-0.043,-0.028,-0.017,-4.796,6,0.0,0.0,0.0,0.0,0.0,0.0,0,0,6,6,0.011,0.040999999999999995,0.066,0.066,0.066,0.241,201,-67.0,0.0,2.0,24.0,36.0,-318.0,41,22,138,201,-0.133,-0.038,-0.006,-0.003,-0.001,-7.99,384,-76.0,0.0,0.0,3.0,39.0,-1108.0,71,24,289,384,0.0,0.043,0.07,0.074,0.078,15.882,4032,-89.0,0.0,0.0,16.0,41.0,-12236.0,625,380,3027,4032,-0.133,0.357,0.894,1.023,1.334,1673.434
A_X056_Y084,56,84,44,68,68,100,211.0,161.0,1.0,825,13200,9646,3554,0.27045454545454545,"{""X1Y1"": 396, ""X2Y1"": 429}",True,NOT_PROVEN_WITHOUT_MOVED_FF_CONTROL_SET_REPLAY,NOT_PROVEN_READ_ONLY_SITE_INVENTORY_ONLY,16,FEATURE_BIN_1,16,863B9B0389C1B994C73ED0C57EC56A84FD6D317708E59D47B391DA86E44D3A8E,True,,False,False,U_NEG_UPSTREAM_WORSENING;U_PASS_UPSTREAM_INCREASE;D_NEG_NO_MEDIAN_IMPROVEMENT,,False,False,False,True,"[0.0, 72.0, 14.0, 2.0, 0.0, 0.0, 0.0, 0.0, 16.0]",58,0.0,0.0,72.0,80.0,88.0,906.0,0,14,44,58,-0.136,-0.0885,-0.043,-0.028,-0.017,-4.796,6,0.0,0.0,80.0,80.0,80.0,143.0,0,2,4,6,0.011,0.040999999999999995,0.066,0.066,0.066,0.241,201,-88.0,0.0,0.0,10.0,39.0,-400.0,34,14,153,201,-0.133,-0.038,-0.006,-0.003,-0.001,-7.99,384,-88.0,0.0,0.0,21.0,39.0,-479.0,66,38,280,384,0.0,0.043,0.07,0.074,0.078,15.882,4032,-93.0,0.0,0.0,16.0,46.0,-13166.0,664,347,3021,4032,-0.133,0.357,0.894,1.023,1.334,1673.434
A_X056_Y084,56,84,44,68,68,100,211.0,161.0,1.0,825,13200,9646,3554,0.27045454545454545,"{""X1Y1"": 396, ""X2Y1"": 429}",True,NOT_PROVEN_WITHOUT_MOVED_FF_CONTROL_SET_REPLAY,NOT_PROVEN_READ_ONLY_SITE_INVENTORY_ONLY,16,FEATURE_BIN_2,16,18F6AC63D50EACD2B5F6CC669CA58252595A0313B759D7A0EC563D4D8CFF4410,True,,False,False,U_NEG_UPSTREAM_WORSENING;U_PASS_UPSTREAM_INCREASE;D_NEG_NO_MEDIAN_IMPROVEMENT,,False,False,False,True,"[0.0, 63.0, 14.0, 2.0, 0.0, 7.0, 0.0, 0.0, 16.0]",58,0.0,0.0,63.0,80.0,80.0,874.0,0,14,44,58,-0.136,-0.0885,-0.043,-0.028,-0.017,-4.796,6,0.0,0.0,80.0,80.0,80.0,132.0,0,2,4,6,0.011,0.040999999999999995,0.066,0.066,0.066,0.241,201,-65.0,0.0,7.0,12.0,37.0,-163.0,35,22,144,201,-0.133,-0.038,-0.006,-0.003,-0.001,-7.99,384,-98.0,0.0,0.0,10.0,38.0,-881.0,60,25,299,384,0.0,0.043,0.07,0.074,0.078,15.882,4032,-99.0,0.0,0.0,17.0,47.0,-13398.0,643,367,3022,4032,-0.133,0.357,0.894,1.023,1.334,1673.434
A_X056_Y084,56,84,44,68,68,100,211.0,161.0,1.0,825,13200,9646,3554,0.27045454545454545,"{""X1Y1"": 396, ""X2Y1"": 429}",True,NOT_PROVEN_WITHOUT_MOVED_FF_CONTROL_SET_REPLAY,NOT_PROVEN_READ_ONLY_SITE_INVENTORY_ONLY,16,FEATURE_BIN_3,16,6D6B2605916DFCDD525A27838AC825D18C62B807369D6E6322040D77ED73CF54,True,,False,False,U_NEG_UPSTREAM_WORSENING;U_PASS_UPSTREAM_INCREASE;D_NEG_NO_MEDIAN_IMPROVEMENT,,False,False,False,True,"[0.0, 64.0, 14.0, 2.0, 0.0, 0.0, 0.0, 0.0, 16.0]",58,0.0,0.0,64.0,80.0,80.0,870.0,0,14,44,58,-0.136,-0.0885,-0.043,-0.028,-0.017,-4.796,6,0.0,0.0,75.0,75.0,75.0,117.0,0,2,4,6,0.011,0.040999999999999995,0.066,0.066,0.066,0.241,201,-25.0,0.0,0.0,5.0,50.0,72.0,20,12,169,201,-0.133,-0.038,-0.006,-0.003,-0.001,-7.99,384,-97.0,0.0,3.0,16.0,50.0,-300.0,54,43,287,384,0.0,0.043,0.07,0.074,0.078,15.882,4032,-97.0,0.0,1.0,22.0,54.0,-8576.0,578,405,3049,4032,-0.133,0.357,0.894,1.023,1.334,1673.434
A_X056_Y088,56,88,44,68,72,104,211.0,157.0,1.0,825,13200,9475,3725,0.28704545454545455,"{""X1Y1"": 396, ""X2Y1"": 429}",True,NOT_PROVEN_WITHOUT_MOVED_FF_CONTROL_SET_REPLAY,NOT_PROVEN_READ_ONLY_SITE_INVENTORY_ONLY,64,ALL_64,64,A49D88051B2D2E5D1255D4F806A7569CDA9B33A650A908566197031349AD8DB4,True,,False,False,U_NEG_UPSTREAM_WORSENING;U_PASS_UPSTREAM_INCREASE,,False,False,True,True,"[54.5, 76.0, 58.0, 6.0, -11.0, 27.0, -11.0, -12.0, 64.0]",58,26.0,54.5,76.0,76.0,84.0,3381.0,0,58,0,58,-0.136,-0.0885,-0.043,-0.028,-0.017,-4.796,6,38.0,65.0,76.0,76.0,76.0,368.0,0,6,0,6,0.011,0.040999999999999995,0.066,0.066,0.066,0.241,201,-84.0,-11.0,27.0,31.0,46.0,-885.0,136,64,1,201,-0.133,-0.038,-0.006,-0.003,-0.001,-7.99,384,-94.0,-11.0,23.0,31.0,46.0,-2926.0,269,113,2,384,0.0,0.043,0.07,0.074,0.078,15.882,4032,-95.0,-12.0,27.0,33.0,50.0,-53600.0,2640,1359,33,4032,-0.133,0.357,0.894,1.023,1.334,1673.434
A_X056_Y088,56,88,44,68,72,104,211.0,157.0,1.0,825,13200,9475,3725,0.2838636363636364,"{""X1Y1"": 396, ""X2Y1"": 429}",True,NOT_PROVEN_WITHOUT_MOVED_FF_CONTROL_SET_REPLAY,NOT_PROVEN_READ_ONLY_SITE_INVENTORY_ONLY,22,DEST_X2Y1_MAJOR,22,EC8295A18CFB3214990035A3C2A8A03B2248BEA56069D816345F1D2C0CC4741A,True,,False,False,U_NEG_UPSTREAM_WORSENING;D_NEG_NO_MEDIAN_IMPROVEMENT,,False,True,False,True,"[0.0, 62.0, 22.0, 0.0, 0.0, 0.0, 0.0, 0.0, 22.0]",58,0.0,0.0,62.0,76.0,76.0,1255.0,0,22,36,58,-0.136,-0.0885,-0.043,-0.028,-0.017,-4.796,6,0.0,0.0,0.0,0.0,0.0,0.0,0,0,6,6,0.011,0.040999999999999995,0.066,0.066,0.066,0.241,201,-84.0,0.0,0.0,0.0,32.0,-859.0,57,8,136,201,-0.133,-0.038,-0.006,-0.003,-0.001,-7.99,384,-93.0,0.0,0.0,5.0,39.0,-1955.0,112,30,242,384,0.0,0.043,0.07,0.074,0.078,15.882,4032,-95.0,0.0,4.0,21.0,45.0,-20110.0,925,451,2656,4032,-0.133,0.357,0.894,1.023,1.334,1673.434
A_X056_Y088,56,88,44,68,72,104,211.0,157.0,1.0,825,13200,9475,3725,0.2837121212121212,"{""X1Y1"": 396, ""X2Y1"": 429}",True,NOT_PROVEN_WITHOUT_MOVED_FF_CONTROL_SET_REPLAY,NOT_PROVEN_READ_ONLY_SITE_INVENTORY_ONLY,20,DEST_X3Y1_MAJOR,20,D8DF451BC1C4EF6032E28F4D3065B488CCF48FA9921667AB64B2E0E8D05D4049,True,,False,False,U_NEG_UPSTREAM_WORSENING;U_PASS_UPSTREAM_INCREASE;D_NEG_NO_MEDIAN_IMPROVEMENT,,False,False,False,True,"[0.0, 68.0, 15.0, 5.0, 0.0, 21.0, 0.0, 0.0, 20.0]",58,0.0,0.0,68.0,76.0,84.0,913.0,0,15,43,58,-0.136,-0.0885,-0.043,-0.028,-0.017,-4.796,6,0.0,53.5,76.0,76.0,76.0,297.0,0,5,1,6,0.011,0.040999999999999995,0.066,0.066,0.066,0.241,201,-19.0,0.0,21.0,30.0,46.0,-56.0,73,53,75,201,-0.133,-0.038,-0.006,-0.003,-0.001,-7.99,384,-94.0,0.0,10.0,25.0,46.0,-400.0,102,67,215,384,0.0,0.043,0.07,0.074,0.078,15.882,4032,-94.0,0.0,2.0,19.0,50.0,-16498.0,835,418,2779,4032,-0.133,0.357,0.894,1.023,1.334,1673.434
A_X056_Y088,56,88,44,68,72,104,211.0,157.0,1.0,825,13200,9475,3725,0.2838636363636364,"{""X1Y1"": 396, ""X2Y1"": 429}",True,NOT_PROVEN_WITHOUT_MOVED_FF_CONTROL_SET_REPLAY,NOT_PROVEN_READ_ONLY_SITE_INVENTORY_ONLY,22,DEST_MIXED_OR_OTHER,22,62A80A6BF2780309EBB7ACB65499DC33F9E420F49ABAF670FF853CD53D650A7D,True,,False,False,U_NEG_UPSTREAM_WORSENING;U_PASS_UPSTREAM_INCREASE;D_NEG_NO_MEDIAN_IMPROVEMENT,,False,False,False,True,"[0.0, 66.0, 21.0, 1.0, 0.0, 0.0, 0.0, 0.0, 22.0]",58,0.0,0.0,66.0,76.0,79.0,1213.0,0,21,37,58,-0.136,-0.0885,-0.043,-0.028,-0.017,-4.796,6,0.0,0.0,71.0,71.0,71.0,71.0,0,1,5,6,0.011,0.040999999999999995,0.066,0.066,0.066,0.241,201,-18.0,0.0,0.0,0.0,35.0,30.0,6,3,192,201,-0.133,-0.038,-0.006,-0.003,-0.001,-7.99,384,-79.0,0.0,0.0,0.0,39.0,-571.0,55,16,313,384,0.0,0.043,0.07,0.074,0.078,15.882,4032,-95.0,0.0,6.0,21.0,46.0,-16992.0,880,490,2662,4032,-0.133,0.357,0.894,1.023,1.334,1673.434
A_X056_Y088,56,88,44,68,72,104,211.0,157.0,1.0,825,13200,9475,3725,0.2834090909090909,"{""X1Y1"": 396, ""X2Y1"": 429}",True,NOT_PROVEN_WITHOUT_MOVED_FF_CONTROL_SET_REPLAY,NOT_PROVEN_READ_ONLY_SITE_INVENTORY_ONLY,16,FEATURE_BIN_0,16,25AFEB422DB3BDBEF4DCE97A6D1274116E7B27A3B94E395D479DC22D3DE14FFD,True,,False,False,U_NEG_UPSTREAM_WORSENING;D_NEG_NO_MEDIAN_IMPROVEMENT,,False,True,False,True,"[0.0, 57.0, 16.0, 0.0, 0.0, 0.0, 0.0, 0.0, 16.0]",58,0.0,0.0,57.0,66.0,76.0,899.0,0,16,42,58,-0.136,-0.0885,-0.043,-0.028,-0.017,-4.796,6,0.0,0.0,0.0,0.0,0.0,0.0,0,0,6,6,0.011,0.040999999999999995,0.066,0.066,0.066,0.241,201,-71.0,0.0,0.0,20.0,32.0,-400.0,45,19,137,201,-0.133,-0.038,-0.006,-0.003,-0.001,-7.99,384,-73.0,0.0,0.0,0.0,35.0,-1130.0,77,18,289,384,0.0,0.043,0.07,0.074,0.078,15.882,4032,-85.0,0.0,0.0,12.0,37.0,-13786.0,666,337,3029,4032,-0.133,0.357,0.894,1.023,1.334,1673.434
A_X056_Y088,56,88,44,68,72,104,211.0,157.0,1.0,825,13200,9475,3725,0.2834090909090909,"{""X1Y1"": 396, ""X2Y1"": 429}",True,NOT_PROVEN_WITHOUT_MOVED_FF_CONTROL_SET_REPLAY,NOT_PROVEN_READ_ONLY_SITE_INVENTORY_ONLY,16,FEATURE_BIN_1,16,863B9B0389C1B994C73ED0C57EC56A84FD6D317708E59D47B391DA86E44D3A8E,True,,False,False,U_NEG_UPSTREAM_WORSENING;U_PASS_UPSTREAM_INCREASE;D_NEG_NO_MEDIAN_IMPROVEMENT,,False,False,False,True,"[0.0, 68.0, 14.0, 2.0, 0.0, 0.0, 0.0, 0.0, 16.0]",58,0.0,0.0,68.0,76.0,84.0,850.0,0,14,44,58,-0.136,-0.0885,-0.043,-0.028,-0.017,-4.796,6,0.0,0.0,76.0,76.0,76.0,135.0,0,2,4,6,0.011,0.040999999999999995,0.066,0.066,0.066,0.241,201,-84.0,0.0,0.0,6.0,35.0,-370.0,35,13,153,201,-0.133,-0.038,-0.006,-0.003,-0.001,-7.99,384,-84.0,0.0,0.0,17.0,35.0,-569.0,70,34,280,384,0.0,0.043,0.07,0.074,0.078,15.882,4032,-91.0,0.0,0.0,12.0,42.0,-14642.0,697,307,3028,4032,-0.133,0.357,0.894,1.023,1.334,1673.434
A_X056_Y088,56,88,44,68,72,104,211.0,157.0,1.0,825,13200,9475,3725,0.2834090909090909,"{""X1Y1"": 396, ""X2Y1"": 429}",True,NOT_PROVEN_WITHOUT_MOVED_FF_CONTROL_SET_REPLAY,NOT_PROVEN_READ_ONLY_SITE_INVENTORY_ONLY,16,FEATURE_BIN_2,16,18F6AC63D50EACD2B5F6CC669CA58252595A0313B759D7A0EC563D4D8CFF4410,True,,False,False,U_NEG_UPSTREAM_WORSENING;U_PASS_UPSTREAM_INCREASE;D_NEG_NO_MEDIAN_IMPROVEMENT,,False,False,False,True,"[0.0, 59.0, 14.0, 2.0, 0.0, 3.0, 0.0, 0.0, 16.0]",58,0.0,0.0,59.0,76.0,76.0,818.0,0,14,44,58,-0.136,-0.0885,-0.043,-0.028,-0.017,-4.796,6,0.0,0.0,76.0,76.0,76.0,124.0,0,2,4,6,0.011,0.040999999999999995,0.066,0.066,0.066,0.241,201,-69.0,0.0,3.0,8.0,33.0,-205.0,35,21,145,201,-0.133,-0.038,-0.006,-0.003,-0.001,-7.99,384,-94.0,0.0,0.0,6.0,34.0,-893.0,60,24,300,384,0.0,0.043,0.07,0.074,0.078,15.882,4032,-95.0,0.0,0.0,13.0,43.0,-14942.0,665,331,3036,4032,-0.133,0.357,0.894,1.023,1.334,1673.434
A_X056_Y088,56,88,44,68,72,104,211.0,157.0,1.0,825,13200,9475,3725,0.2834090909090909,"{""X1Y1"": 396, ""X2Y1"": 429}",True,NOT_PROVEN_WITHOUT_MOVED_FF_CONTROL_SET_REPLAY,NOT_PROVEN_READ_ONLY_SITE_INVENTORY_ONLY,16,FEATURE_BIN_3,16,6D6B2605916DFCDD525A27838AC825D18C62B807369D6E6322040D77ED73CF54,True,,False,False,U_NEG_UPSTREAM_WORSENING;U_PASS_UPSTREAM_INCREASE;D_NEG_NO_MEDIAN_IMPROVEMENT,,False,False,False,True,"[0.0, 60.0, 14.0, 2.0, 0.0, 0.0, 0.0, 0.0, 16.0]",58,0.0,0.0,60.0,76.0,76.0,814.0,0,14,44,58,-0.136,-0.0885,-0.043,-0.028,-0.017,-4.796,6,0.0,0.0,71.0,71.0,71.0,109.0,0,2,4,6,0.011,0.040999999999999995,0.066,0.066,0.066,0.241,201,-21.0,0.0,0.0,1.0,46.0,90.0,21,11,169,201,-0.133,-0.038,-0.006,-0.003,-0.001,-7.99,384,-93.0,0.0,0.0,12.0,46.0,-334.0,62,37,285,384,0.0,0.043,0.07,0.074,0.078,15.882,4032,-93.0,0.0,0.0,18.0,50.0,-10230.0,612,384,3036,4032,-0.133,0.357,0.894,1.023,1.334,1673.434
A_X056_Y092,56,92,44,68,76,108,211.0,152.0,1.0,825,13200,9437,3763,0.2899242424242424,"{""X1Y1"": 396, ""X2Y1"": 429}",True,NOT_PROVEN_WITHOUT_MOVED_FF_CONTROL_SET_REPLAY,NOT_PROVEN_READ_ONLY_SITE_INVENTORY_ONLY,64,ALL_64,64,A49D88051B2D2E5D1255D4F806A7569CDA9B33A650A908566197031349AD8DB4,True,,False,False,U_NEG_UPSTREAM_WORSENING;U_PASS_UPSTREAM_INCREASE,,False,False,True,True,"[49.5, 71.0, 58.0, 6.0, -7.0, 22.0, -7.0, -8.0, 64.0]",58,21.0,49.5,71.0,71.0,79.0,3091.0,0,58,0,58,-0.136,-0.0885,-0.043,-0.028,-0.017,-4.796,6,33.0,60.0,71.0,71.0,71.0,338.0,0,6,0,6,0.011,0.040999999999999995,0.066,0.066,0.066,0.241,201,-79.0,-7.0,22.0,26.0,41.0,-732.0,143,52,6,201,-0.133,-0.038,-0.006,-0.003,-0.001,-7.99,384,-89.0,-7.0,18.0,26.0,41.0,-2588.0,282,99,3,384,0.0,0.043,0.07,0.074,0.078,15.882,4032,-92.0,-8.0,22.0,28.0,45.0,-58468.0,2789,1185,58,4032,-0.133,0.357,0.894,1.023,1.334,1673.434
A_X056_Y092,56,92,44,68,76,108,211.0,152.0,1.0,825,13200,9437,3763,0.28674242424242424,"{""X1Y1"": 396, ""X2Y1"": 429}",True,NOT_PROVEN_WITHOUT_MOVED_FF_CONTROL_SET_REPLAY,NOT_PROVEN_READ_ONLY_SITE_INVENTORY_ONLY,22,DEST_X2Y1_MAJOR,22,EC8295A18CFB3214990035A3C2A8A03B2248BEA56069D816345F1D2C0CC4741A,True,,False,False,U_NEG_UPSTREAM_WORSENING;D_NEG_NO_MEDIAN_IMPROVEMENT,,False,True,False,True,"[0.0, 57.0, 22.0, 0.0, 0.0, 0.0, 0.0, 0.0, 22.0]",58,0.0,0.0,57.0,71.0,71.0,1145.0,0,22,36,58,-0.136,-0.0885,-0.043,-0.028,-0.017,-4.796,6,0.0,0.0,0.0,0.0,0.0,0.0,0,0,6,6,0.011,0.040999999999999995,0.066,0.066,0.066,0.241,201,-79.0,0.0,0.0,0.0,27.0,-706.0,57,7,137,201,-0.133,-0.038,-0.006,-0.003,-0.001,-7.99,384,-88.0,0.0,0.0,1.0,34.0,-1779.0,117,22,245,384,0.0,0.043,0.07,0.074,0.078,15.882,4032,-90.0,0.0,0.0,16.0,40.0,-21666.0,981,372,2679,4032,-0.133,0.357,0.894,1.023,1.334,1673.434
A_X056_Y092,56,92,44,68,76,108,211.0,152.0,1.0,825,13200,9437,3763,0.2865909090909091,"{""X1Y1"": 396, ""X2Y1"": 429}",True,NOT_PROVEN_WITHOUT_MOVED_FF_CONTROL_SET_REPLAY,NOT_PROVEN_READ_ONLY_SITE_INVENTORY_ONLY,20,DEST_X3Y1_MAJOR,20,D8DF451BC1C4EF6032E28F4D3065B488CCF48FA9921667AB64B2E0E8D05D4049,True,,False,False,U_NEG_UPSTREAM_WORSENING;U_PASS_UPSTREAM_INCREASE;D_NEG_NO_MEDIAN_IMPROVEMENT,,False,False,False,True,"[0.0, 63.0, 15.0, 5.0, 0.0, 16.0, 0.0, 0.0, 20.0]",58,0.0,0.0,63.0,71.0,79.0,838.0,0,15,43,58,-0.136,-0.0885,-0.043,-0.028,-0.017,-4.796,6,0.0,48.5,71.0,71.0,71.0,272.0,0,5,1,6,0.011,0.040999999999999995,0.066,0.066,0.066,0.241,201,-14.0,0.0,16.0,25.0,41.0,-46.0,79,42,80,201,-0.133,-0.038,-0.006,-0.003,-0.001,-7.99,384,-89.0,0.0,5.0,20.0,41.0,-349.0,108,61,215,384,0.0,0.043,0.07,0.074,0.078,15.882,4032,-92.0,0.0,0.0,14.0,45.0,-18042.0,876,373,2783,4032,-0.133,0.357,0.894,1.023,1.334,1673.434
A_X056_Y092,56,92,44,68,76,108,211.0,152.0,1.0,825,13200,9437,3763,0.28674242424242424,"{""X1Y1"": 396, ""X2Y1"": 429}",True,NOT_PROVEN_WITHOUT_MOVED_FF_CONTROL_SET_REPLAY,NOT_PROVEN_READ_ONLY_SITE_INVENTORY_ONLY,22,DEST_MIXED_OR_OTHER,22,62A80A6BF2780309EBB7ACB65499DC33F9E420F49ABAF670FF853CD53D650A7D,True,,False,False,U_NEG_UPSTREAM_WORSENING;U_PASS_UPSTREAM_INCREASE;D_NEG_NO_MEDIAN_IMPROVEMENT,,False,False,False,True,"[0.0, 61.0, 21.0, 1.0, 0.0, 0.0, 0.0, 0.0, 22.0]",58,0.0,0.0,61.0,71.0,74.0,1108.0,0,21,37,58,-0.136,-0.0885,-0.043,-0.028,-0.017,-4.796,6,0.0,0.0,66.0,66.0,66.0,66.0,0,1,5,6,0.011,0.040999999999999995,0.066,0.066,0.066,0.241,201,-13.0,0.0,0.0,0.0,30.0,20.0,7,3,191,201,-0.133,-0.038,-0.006,-0.003,-0.001,-7.99,384,-74.0,0.0,0.0,0.0,34.0,-460.0,57,16,311,384,0.0,0.043,0.07,0.074,0.078,15.882,4032,-90.0,0.0,2.0,16.0,41.0,-18760.0,932,440,2660,4032,-0.133,0.357,0.894,1.023,1.334,1673.434
A_X056_Y092,56,92,44,68,76,108,211.0,152.0,1.0,825,13200,9437,3763,0.2862878787878788,"{""X1Y1"": 396, ""X2Y1"": 429}",True,NOT_PROVEN_WITHOUT_MOVED_FF_CONTROL_SET_REPLAY,NOT_PROVEN_READ_ONLY_SITE_INVENTORY_ONLY,16,FEATURE_BIN_0,16,25AFEB422DB3BDBEF4DCE97A6D1274116E7B27A3B94E395D479DC22D3DE14FFD,True,,False,False,U_NEG_UPSTREAM_WORSENING;D_NEG_NO_MEDIAN_IMPROVEMENT,,False,True,False,True,"[0.0, 52.0, 16.0, 0.0, 0.0, 0.0, 0.0, 0.0, 16.0]",58,0.0,0.0,52.0,61.0,71.0,819.0,0,16,42,58,-0.136,-0.0885,-0.043,-0.028,-0.017,-4.796,6,0.0,0.0,0.0,0.0,0.0,0.0,0,0,6,6,0.011,0.040999999999999995,0.066,0.066,0.066,0.241,201,-76.0,0.0,0.0,15.0,27.0,-412.0,49,13,139,201,-0.133,-0.038,-0.006,-0.003,-0.001,-7.99,384,-70.0,0.0,0.0,0.0,30.0,-970.0,86,10,288,384,0.0,0.043,0.07,0.074,0.078,15.882,4032,-82.0,0.0,0.0,7.0,32.0,-14782.0,731,266,3035,4032,-0.133,0.357,0.894,1.023,1.334,1673.434
A_X056_Y092,56,92,44,68,76,108,211.0,152.0,1.0,825,13200,9437,3763,0.2862878787878788,"{""X1Y1"": 396, ""X2Y1"": 429}",True,NOT_PROVEN_WITHOUT_MOVED_FF_CONTROL_SET_REPLAY,NOT_PROVEN_READ_ONLY_SITE_INVENTORY_ONLY,16,FEATURE_BIN_1,16,863B9B0389C1B994C73ED0C57EC56A84FD6D317708E59D47B391DA86E44D3A8E,True,,False,False,U_NEG_UPSTREAM_WORSENING;U_PASS_UPSTREAM_INCREASE;D_NEG_NO_MEDIAN_IMPROVEMENT,,False,False,False,True,"[0.0, 63.0, 14.0, 2.0, 0.0, 0.0, 0.0, 0.0, 16.0]",58,0.0,0.0,63.0,71.0,79.0,780.0,0,14,44,58,-0.136,-0.0885,-0.043,-0.028,-0.017,-4.796,6,0.0,0.0,71.0,71.0,71.0,125.0,0,2,4,6,0.011,0.040999999999999995,0.066,0.066,0.066,0.241,201,-79.0,0.0,0.0,1.0,30.0,-292.0,37,11,153,201,-0.133,-0.038,-0.006,-0.003,-0.001,-7.99,384,-79.0,0.0,0.0,12.0,30.0,-581.0,73,31,280,384,0.0,0.043,0.07,0.074,0.078,15.882,4032,-92.0,0.0,0.0,7.0,37.0,-15972.0,732,278,3022,4032,-0.133,0.357,0.894,1.023,1.334,1673.434
A_X056_Y092,56,92,44,68,76,108,211.0,152.0,1.0,825,13200,9437,3763,0.2862878787878788,"{""X1Y1"": 396, ""X2Y1"": 429}",True,NOT_PROVEN_WITHOUT_MOVED_FF_CONTROL_SET_REPLAY,NOT_PROVEN_READ_ONLY_SITE_INVENTORY_ONLY,16,FEATURE_BIN_2,16,18F6AC63D50EACD2B5F6CC669CA58252595A0313B759D7A0EC563D4D8CFF4410,True,,False,False,U_NEG_UPSTREAM_WORSENING;U_PASS_UPSTREAM_INCREASE;D_NEG_NO_MEDIAN_IMPROVEMENT,,False,False,False,True,"[0.0, 54.0, 14.0, 2.0, 0.0, 0.0, 0.0, 0.0, 16.0]",58,0.0,0.0,54.0,71.0,71.0,748.0,0,14,44,58,-0.136,-0.0885,-0.043,-0.028,-0.017,-4.796,6,0.0,0.0,71.0,71.0,71.0,114.0,0,2,4,6,0.011,0.040999999999999995,0.066,0.066,0.066,0.241,201,-74.0,0.0,0.0,3.0,28.0,-166.0,40,14,147,201,-0.133,-0.038,-0.006,-0.003,-0.001,-7.99,384,-89.0,0.0,0.0,1.0,29.0,-782.0,64,20,300,384,0.0,0.043,0.07,0.074,0.078,15.882,4032,-90.0,0.0,0.0,8.0,38.0,-16086.0,730,259,3043,4032,-0.133,0.357,0.894,1.023,1.334,1673.434
A_X056_Y092,56,92,44,68,76,108,211.0,152.0,1.0,825,13200,9437,3763,0.2862878787878788,"{""X1Y1"": 396, ""X2Y1"": 429}",True,NOT_PROVEN_WITHOUT_MOVED_FF_CONTROL_SET_REPLAY,NOT_PROVEN_READ_ONLY_SITE_INVENTORY_ONLY,16,FEATURE_BIN_3,16,6D6B2605916DFCDD525A27838AC825D18C62B807369D6E6322040D77ED73CF54,True,,False,False,U_NEG_UPSTREAM_WORSENING;U_PASS_UPSTREAM_INCREASE;D_NEG_NO_MEDIAN_IMPROVEMENT,,False,False,False,True,"[0.0, 55.0, 14.0, 2.0, 0.0, 0.0, 0.0, 0.0, 16.0]",58,0.0,0.0,55.0,71.0,71.0,744.0,0,14,44,58,-0.136,-0.0885,-0.043,-0.028,-0.017,-4.796,6,0.0,0.0,66.0,66.0,66.0,99.0,0,2,4,6,0.011,0.040999999999999995,0.066,0.066,0.066,0.241,201,-16.0,0.0,0.0,1.0,41.0,138.0,17,14,170,201,-0.133,-0.038,-0.006,-0.003,-0.001,-7.99,384,-88.0,0.0,0.0,7.0,41.0,-255.0,59,38,287,384,0.0,0.043,0.07,0.074,0.078,15.882,4032,-90.0,0.0,0.0,13.0,45.0,-11628.0,596,382,3054,4032,-0.133,0.357,0.894,1.023,1.334,1673.434
A_X056_Y096,56,96,44,68,80,112,211.0,148.0,1.0,825,13200,9367,3833,0.2952272727272727,"{""X1Y1"": 396, ""X2Y1"": 429}",True,NOT_PROVEN_WITHOUT_MOVED_FF_CONTROL_SET_REPLAY,NOT_PROVEN_READ_ONLY_SITE_INVENTORY_ONLY,64,ALL_64,64,A49D88051B2D2E5D1255D4F806A7569CDA9B33A650A908566197031349AD8DB4,True,,False,False,U_NEG_UPSTREAM_WORSENING;U_PASS_UPSTREAM_INCREASE,,False,False,True,True,"[45.5, 67.0, 58.0, 6.0, -5.0, 18.0, -3.0, -5.0, 64.0]",58,17.0,45.5,67.0,67.0,75.0,2859.0,0,58,0,58,-0.136,-0.0885,-0.043,-0.028,-0.017,-4.796,6,29.0,56.0,67.0,67.0,67.0,314.0,0,6,0,6,0.011,0.040999999999999995,0.066,0.066,0.066,0.241,201,-76.0,-5.0,18.0,22.0,37.0,-472.0,141,50,10,201,-0.133,-0.038,-0.006,-0.003,-0.001,-7.99,384,-85.0,-3.0,14.0,22.0,37.0,-2020.0,251,113,20,384,0.0,0.043,0.07,0.074,0.078,15.882,4032,-88.0,-5.0,18.0,24.0,41.0,-59336.0,2693,1191,148,4032,-0.133,0.357,0.894,1.023,1.334,1673.434
A_X056_Y096,56,96,44,68,80,112,211.0,148.0,1.0,825,13200,9367,3833,0.29204545454545455,"{""X1Y1"": 396, ""X2Y1"": 429}",True,NOT_PROVEN_WITHOUT_MOVED_FF_CONTROL_SET_REPLAY,NOT_PROVEN_READ_ONLY_SITE_INVENTORY_ONLY,22,DEST_X2Y1_MAJOR,22,EC8295A18CFB3214990035A3C2A8A03B2248BEA56069D816345F1D2C0CC4741A,True,,False,False,U_NEG_UPSTREAM_WORSENING;D_NEG_NO_MEDIAN_IMPROVEMENT,,False,True,False,True,"[0.0, 53.0, 22.0, 0.0, 0.0, 0.0, 0.0, 0.0, 22.0]",58,0.0,0.0,53.0,67.0,67.0,1057.0,0,22,36,58,-0.136,-0.0885,-0.043,-0.028,-0.017,-4.796,6,0.0,0.0,0.0,0.0,0.0,0.0,0,0,6,6,0.011,0.040999999999999995,0.066,0.066,0.066,0.241,201,-76.0,0.0,0.0,2.0,23.0,-540.0,47,11,143,201,-0.133,-0.038,-0.006,-0.003,-0.001,-7.99,384,-84.0,0.0,0.0,3.0,30.0,-1489.0,104,34,246,384,0.0,0.043,0.07,0.074,0.078,15.882,4032,-86.0,0.0,0.0,12.0,36.0,-21894.0,917,402,2713,4032,-0.133,0.357,0.894,1.023,1.334,1673.434
A_X056_Y096,56,96,44,68,80,112,211.0,148.0,1.0,825,13200,9367,3833,0.2918939393939394,"{""X1Y1"": 396, ""X2Y1"": 429}",True,NOT_PROVEN_WITHOUT_MOVED_FF_CONTROL_SET_REPLAY,NOT_PROVEN_READ_ONLY_SITE_INVENTORY_ONLY,20,DEST_X3Y1_MAJOR,20,D8DF451BC1C4EF6032E28F4D3065B488CCF48FA9921667AB64B2E0E8D05D4049,True,,False,False,U_NEG_UPSTREAM_WORSENING;U_PASS_UPSTREAM_INCREASE;D_NEG_NO_MEDIAN_IMPROVEMENT,,False,False,False,True,"[0.0, 59.0, 15.0, 5.0, 0.0, 12.0, 0.0, 0.0, 20.0]",58,0.0,0.0,59.0,67.0,75.0,778.0,0,15,43,58,-0.136,-0.0885,-0.043,-0.028,-0.017,-4.796,6,0.0,44.5,67.0,67.0,67.0,252.0,0,5,1,6,0.011,0.040999999999999995,0.066,0.066,0.066,0.241,201,-10.0,0.0,12.0,21.0,37.0,42.0,89,36,76,201,-0.133,-0.038,-0.006,-0.003,-0.001,-7.99,384,-85.0,0.0,5.0,16.0,37.0,-189.0,106,54,224,384,0.0,0.043,0.07,0.074,0.078,15.882,4032,-88.0,0.0,0.0,10.0,41.0,-18368.0,901,330,2801,4032,-0.133,0.357,0.894,1.023,1.334,1673.434
A_X056_Y096,56,96,44,68,80,112,211.0,148.0,1.0,825,13200,9367,3833,0.29204545454545455,"{""X1Y1"": 396, ""X2Y1"": 429}",True,NOT_PROVEN_WITHOUT_MOVED_FF_CONTROL_SET_REPLAY,NOT_PROVEN_READ_ONLY_SITE_INVENTORY_ONLY,22,DEST_MIXED_OR_OTHER,22,62A80A6BF2780309EBB7ACB65499DC33F9E420F49ABAF670FF853CD53D650A7D,True,,False,False,U_NEG_UPSTREAM_WORSENING;U_PASS_UPSTREAM_INCREASE;D_NEG_NO_MEDIAN_IMPROVEMENT,,False,False,False,True,"[0.0, 57.0, 21.0, 1.0, 0.0, 0.0, 0.0, 0.0, 22.0]",58,0.0,0.0,57.0,67.0,70.0,1024.0,0,21,37,58,-0.136,-0.0885,-0.043,-0.028,-0.017,-4.796,6,0.0,0.0,62.0,62.0,62.0,62.0,0,1,5,6,0.011,0.040999999999999995,0.066,0.066,0.066,0.241,201,-9.0,0.0,0.0,0.0,26.0,26.0,5,3,193,201,-0.133,-0.038,-0.006,-0.003,-0.001,-7.99,384,-75.0,0.0,0.0,2.0,30.0,-342.0,41,25,318,384,0.0,0.043,0.07,0.074,0.078,15.882,4032,-88.0,0.0,2.0,12.0,37.0,-19074.0,875,459,2698,4032,-0.133,0.357,0.894,1.023,1.334,1673.434
A_X056_Y096,56,96,44,68,80,112,211.0,148.0,1.0,825,13200,9367,3833,0.29159090909090907,"{""X1Y1"": 396, ""X2Y1"": 429}",True,NOT_PROVEN_WITHOUT_MOVED_FF_CONTROL_SET_REPLAY,NOT_PROVEN_READ_ONLY_SITE_INVENTORY_ONLY,16,FEATURE_BIN_0,16,25AFEB422DB3BDBEF4DCE97A6D1274116E7B27A3B94E395D479DC22D3DE14FFD,True,,False,False,U_NEG_UPSTREAM_WORSENING;D_NEG_NO_MEDIAN_IMPROVEMENT,,False,True,False,True,"[0.0, 48.0, 16.0, 0.0, 0.0, 0.0, 0.0, 0.0, 16.0]",58,0.0,0.0,48.0,57.0,67.0,755.0,0,16,42,58,-0.136,-0.0885,-0.043,-0.028,-0.017,-4.796,6,0.0,0.0,0.0,0.0,0.0,0.0,0,0,6,6,0.011,0.040999999999999995,0.066,0.066,0.066,0.241,201,-76.0,0.0,0.0,11.0,23.0,-346.0,52,12,137,201,-0.133,-0.038,-0.006,-0.003,-0.001,-7.99,384,-66.0,0.0,0.0,0.0,26.0,-778.0,88,8,288,384,0.0,0.043,0.07,0.074,0.078,15.882,4032,-78.0,0.0,0.0,3.0,28.0,-14884.0,783,221,3028,4032,-0.133,0.357,0.894,1.023,1.334,1673.434
A_X056_Y096,56,96,44,68,80,112,211.0,148.0,1.0,825,13200,9367,3833,0.29159090909090907,"{""X1Y1"": 396, ""X2Y1"": 429}",True,NOT_PROVEN_WITHOUT_MOVED_FF_CONTROL_SET_REPLAY,NOT_PROVEN_READ_ONLY_SITE_INVENTORY_ONLY,16,FEATURE_BIN_1,16,863B9B0389C1B994C73ED0C57EC56A84FD6D317708E59D47B391DA86E44D3A8E,True,,False,False,U_NEG_UPSTREAM_WORSENING;U_PASS_UPSTREAM_INCREASE;D_NEG_NO_MEDIAN_IMPROVEMENT,,False,False,False,True,"[0.0, 59.0, 14.0, 2.0, 0.0, 0.0, 0.0, 0.0, 16.0]",58,0.0,0.0,59.0,67.0,75.0,724.0,0,14,44,58,-0.136,-0.0885,-0.043,-0.028,-0.017,-4.796,6,0.0,0.0,67.0,67.0,67.0,117.0,0,2,4,6,0.011,0.040999999999999995,0.066,0.066,0.066,0.241,201,-75.0,0.0,0.0,0.0,26.0,-216.0,41,7,153,201,-0.133,-0.038,-0.006,-0.003,-0.001,-7.99,384,-75.0,0.0,0.0,8.0,26.0,-505.0,79,25,280,384,0.0,0.043,0.07,0.074,0.078,15.882,4032,-88.0,0.0,0.0,3.0,33.0,-16230.0,783,217,3032,4032,-0.133,0.357,0.894,1.023,1.334,1673.434
A_X056_Y096,56,96,44,68,80,112,211.0,148.0,1.0,825,13200,9367,3833,0.29159090909090907,"{""X1Y1"": 396, ""X2Y1"": 429}",True,NOT_PROVEN_WITHOUT_MOVED_FF_CONTROL_SET_REPLAY,NOT_PROVEN_READ_ONLY_SITE_INVENTORY_ONLY,16,FEATURE_BIN_2,16,18F6AC63D50EACD2B5F6CC669CA58252595A0313B759D7A0EC563D4D8CFF4410,True,,False,False,U_NEG_UPSTREAM_WORSENING;U_PASS_UPSTREAM_INCREASE;D_NEG_NO_MEDIAN_IMPROVEMENT,,False,False,False,True,"[0.0, 50.0, 14.0, 2.0, 0.0, 0.0, 0.0, 0.0, 16.0]",58,0.0,0.0,50.0,67.0,67.0,692.0,0,14,44,58,-0.136,-0.0885,-0.043,-0.028,-0.017,-4.796,6,0.0,0.0,67.0,67.0,67.0,106.0,0,2,4,6,0.011,0.040999999999999995,0.066,0.066,0.066,0.241,201,-74.0,0.0,0.0,0.0,24.0,-110.0,47,10,144,201,-0.133,-0.038,-0.006,-0.003,-0.001,-7.99,384,-85.0,0.0,0.0,0.0,25.0,-660.0,70,15,299,384,0.0,0.043,0.07,0.074,0.078,15.882,4032,-86.0,0.0,0.0,4.0,34.0,-16364.0,766,221,3045,4032,-0.133,0.357,0.894,1.023,1.334,1673.434
A_X056_Y096,56,96,44,68,80,112,211.0,148.0,1.0,825,13200,9367,3833,0.29159090909090907,"{""X1Y1"": 396, ""X2Y1"": 429}",True,NOT_PROVEN_WITHOUT_MOVED_FF_CONTROL_SET_REPLAY,NOT_PROVEN_READ_ONLY_SITE_INVENTORY_ONLY,16,FEATURE_BIN_3,16,6D6B2605916DFCDD525A27838AC825D18C62B807369D6E6322040D77ED73CF54,True,,False,False,U_NEG_UPSTREAM_WORSENING;U_PASS_UPSTREAM_INCREASE;D_NEG_NO_MEDIAN_IMPROVEMENT,,False,False,False,True,"[0.0, 51.0, 14.0, 2.0, 0.0, 2.0, 0.0, 0.0, 16.0]",58,0.0,0.0,51.0,67.0,67.0,688.0,0,14,44,58,-0.136,-0.0885,-0.043,-0.028,-0.017,-4.796,6,0.0,0.0,62.0,62.0,62.0,91.0,0,2,4,6,0.011,0.040999999999999995,0.066,0.066,0.066,0.241,201,-12.0,0.0,2.0,5.0,37.0,200.0,1,21,179,201,-0.133,-0.038,-0.006,-0.003,-0.001,-7.99,384,-84.0,0.0,3.0,5.0,37.0,-77.0,14,65,305,384,0.0,0.043,0.07,0.074,0.078,15.882,4032,-88.0,0.0,2.0,9.0,41.0,-11858.0,361,532,3139,4032,-0.133,0.357,0.894,1.023,1.334,1673.434
A_X056_Y100,56,100,44,68,84,116,211.0,144.0,1.0,825,13200,9223,3977,0.30613636363636365,"{""X1Y1"": 396, ""X2Y1"": 429}",True,NOT_PROVEN_WITHOUT_MOVED_FF_CONTROL_SET_REPLAY,NOT_PROVEN_READ_ONLY_SITE_INVENTORY_ONLY,64,ALL_64,64,A49D88051B2D2E5D1255D4F806A7569CDA9B33A650A908566197031349AD8DB4,True,,False,False,U_NEG_UPSTREAM_WORSENING;U_PASS_UPSTREAM_INCREASE,,False,False,True,True,"[41.5, 63.0, 58.0, 6.0, -1.0, 14.0, 0.0, -2.0, 64.0]",58,13.0,41.5,63.0,63.0,71.0,2627.0,0,58,0,58,-0.136,-0.0885,-0.043,-0.028,-0.017,-4.796,6,25.0,52.0,63.0,63.0,63.0,290.0,0,6,0,6,0.011,0.040999999999999995,0.066,0.066,0.066,0.241,201,-72.0,-1.0,14.0,18.0,33.0,-18.0,114,83,4,201,-0.133,-0.038,-0.006,-0.003,-0.001,-7.99,384,-81.0,0.0,10.0,18.0,33.0,-1036.0,176,187,21,384,0.0,0.043,0.07,0.074,0.078,15.882,4032,-84.0,-2.0,14.0,20.0,37.0,-56046.0,2363,1537,132,4032,-0.133,0.357,0.894,1.023,1.334,1673.434
A_X056_Y100,56,100,44,68,84,116,211.0,144.0,1.0,825,13200,9223,3977,0.3029545454545455,"{""X1Y1"": 396, ""X2Y1"": 429}",True,NOT_PROVEN_WITHOUT_MOVED_FF_CONTROL_SET_REPLAY,NOT_PROVEN_READ_ONLY_SITE_INVENTORY_ONLY,22,DEST_X2Y1_MAJOR,22,EC8295A18CFB3214990035A3C2A8A03B2248BEA56069D816345F1D2C0CC4741A,True,,False,False,U_NEG_UPSTREAM_WORSENING;D_NEG_NO_MEDIAN_IMPROVEMENT,,False,True,False,True,"[0.0, 49.0, 22.0, 0.0, 0.0, 2.0, 0.0, 0.0, 22.0]",58,0.0,0.0,49.0,63.0,63.0,969.0,0,22,36,58,-0.136,-0.0885,-0.043,-0.028,-0.017,-4.796,6,0.0,0.0,0.0,0.0,0.0,0.0,0,0,6,6,0.011,0.040999999999999995,0.066,0.066,0.066,0.241,201,-72.0,0.0,2.0,6.0,19.0,-328.0,43,21,137,201,-0.133,-0.038,-0.006,-0.003,-0.001,-7.99,384,-80.0,0.0,2.0,7.0,26.0,-1049.0,96,44,244,384,0.0,0.043,0.07,0.074,0.078,15.882,4032,-82.0,0.0,4.0,9.0,32.0,-20638.0,897,455,2680,4032,-0.133,0.357,0.894,1.023,1.334,1673.434
A_X056_Y100,56,100,44,68,84,116,211.0,144.0,1.0,825,13200,9223,3977,0.3028030303030303,"{""X1Y1"": 396, ""X2Y1"": 429}",True,NOT_PROVEN_WITHOUT_MOVED_FF_CONTROL_SET_REPLAY,NOT_PROVEN_READ_ONLY_SITE_INVENTORY_ONLY,20,DEST_X3Y1_MAJOR,20,D8DF451BC1C4EF6032E28F4D3065B488CCF48FA9921667AB64B2E0E8D05D4049,True,,False,False,U_NEG_UPSTREAM_WORSENING;U_PASS_UPSTREAM_INCREASE;D_NEG_NO_MEDIAN_IMPROVEMENT,,False,False,False,True,"[0.0, 55.0, 15.0, 5.0, 0.0, 8.0, 0.0, 0.0, 20.0]",58,0.0,0.0,55.0,63.0,71.0,718.0,0,15,43,58,-0.136,-0.0885,-0.043,-0.028,-0.017,-4.796,6,0.0,40.5,63.0,63.0,63.0,232.0,0,5,1,6,0.011,0.040999999999999995,0.066,0.066,0.066,0.241,201,-6.0,0.0,8.0,17.0,33.0,268.0,68,55,78,201,-0.133,-0.038,-0.006,-0.003,-0.001,-7.99,384,-81.0,0.0,7.0,12.0,33.0,187.0,54,97,233,384,0.0,0.043,0.07,0.074,0.078,15.882,4032,-84.0,0.0,1.0,9.0,37.0,-17404.0,732,469,2831,4032,-0.133,0.357,0.894,1.023,1.334,1673.434
A_X056_Y100,56,100,44,68,84,116,211.0,144.0,1.0,825,13200,9223,3977,0.3029545454545455,"{""X1Y1"": 396, ""X2Y1"": 429}",True,NOT_PROVEN_WITHOUT_MOVED_FF_CONTROL_SET_REPLAY,NOT_PROVEN_READ_ONLY_SITE_INVENTORY_ONLY,22,DEST_MIXED_OR_OTHER,22,62A80A6BF2780309EBB7ACB65499DC33F9E420F49ABAF670FF853CD53D650A7D,True,,False,False,U_NEG_UPSTREAM_WORSENING;U_PASS_UPSTREAM_INCREASE;D_NEG_NO_MEDIAN_IMPROVEMENT,,False,False,False,True,"[0.0, 53.0, 21.0, 1.0, 0.0, 0.0, 0.0, 0.0, 22.0]",58,0.0,0.0,53.0,63.0,66.0,940.0,0,21,37,58,-0.136,-0.0885,-0.043,-0.028,-0.017,-4.796,6,0.0,0.0,58.0,58.0,58.0,58.0,0,1,5,6,0.011,0.040999999999999995,0.066,0.066,0.066,0.241,201,-5.0,0.0,0.0,0.0,22.0,42.0,3,7,191,201,-0.133,-0.038,-0.006,-0.003,-0.001,-7.99,384,-73.0,0.0,1.0,5.0,26.0,-174.0,26,46,312,384,0.0,0.043,0.07,0.074,0.078,15.882,4032,-84.0,0.0,4.0,10.0,33.0,-18004.0,734,613,2685,4032,-0.133,0.357,0.894,1.023,1.334,1673.434
A_X056_Y100,56,100,44,68,84,116,211.0,144.0,1.0,825,13200,9223,3977,0.3025,"{""X1Y1"": 396, ""X2Y1"": 429}",True,NOT_PROVEN_WITHOUT_MOVED_FF_CONTROL_SET_REPLAY,NOT_PROVEN_READ_ONLY_SITE_INVENTORY_ONLY,16,FEATURE_BIN_0,16,25AFEB422DB3BDBEF4DCE97A6D1274116E7B27A3B94E395D479DC22D3DE14FFD,True,,False,False,U_NEG_UPSTREAM_WORSENING;D_NEG_NO_MEDIAN_IMPROVEMENT,,False,True,False,True,"[0.0, 44.0, 16.0, 0.0, 0.0, 0.0, 0.0, 0.0, 16.0]",58,0.0,0.0,44.0,53.0,63.0,691.0,0,16,42,58,-0.136,-0.0885,-0.043,-0.028,-0.017,-4.796,6,0.0,0.0,0.0,0.0,0.0,0.0,0,0,6,6,0.011,0.040999999999999995,0.066,0.066,0.066,0.241,201,-72.0,0.0,0.0,7.0,19.0,-232.0,52,11,138,201,-0.133,-0.038,-0.006,-0.003,-0.001,-7.99,384,-62.0,0.0,0.0,0.0,22.0,-488.0,74,8,302,384,0.0,0.043,0.07,0.074,0.078,15.882,4032,-74.0,0.0,0.0,0.0,24.0,-13982.0,788,189,3055,4032,-0.133,0.357,0.894,1.023,1.334,1673.434
A_X056_Y100,56,100,44,68,84,116,211.0,144.0,1.0,825,13200,9223,3977,0.3025,"{""X1Y1"": 396, ""X2Y1"": 429}",True,NOT_PROVEN_WITHOUT_MOVED_FF_CONTROL_SET_REPLAY,NOT_PROVEN_READ_ONLY_SITE_INVENTORY_ONLY,16,FEATURE_BIN_1,16,863B9B0389C1B994C73ED0C57EC56A84FD6D317708E59D47B391DA86E44D3A8E,True,,False,False,U_NEG_UPSTREAM_WORSENING;U_PASS_UPSTREAM_INCREASE;D_NEG_NO_MEDIAN_IMPROVEMENT,,False,False,False,True,"[0.0, 55.0, 14.0, 2.0, 0.0, 0.0, 0.0, 0.0, 16.0]",58,0.0,0.0,55.0,63.0,71.0,668.0,0,14,44,58,-0.136,-0.0885,-0.043,-0.028,-0.017,-4.796,6,0.0,0.0,63.0,63.0,63.0,109.0,0,2,4,6,0.011,0.040999999999999995,0.066,0.066,0.066,0.241,201,-71.0,0.0,0.0,1.0,22.0,-98.0,36,11,154,201,-0.133,-0.038,-0.006,-0.003,-0.001,-7.99,384,-71.0,0.0,0.0,4.0,22.0,-307.0,63,38,283,384,0.0,0.043,0.07,0.074,0.078,15.882,4032,-84.0,0.0,0.0,2.0,29.0,-15438.0,670,304,3058,4032,-0.133,0.357,0.894,1.023,1.334,1673.434
A_X056_Y100,56,100,44,68,84,116,211.0,144.0,1.0,825,13200,9223,3977,0.3025,"{""X1Y1"": 396, ""X2Y1"": 429}",True,NOT_PROVEN_WITHOUT_MOVED_FF_CONTROL_SET_REPLAY,NOT_PROVEN_READ_ONLY_SITE_INVENTORY_ONLY,16,FEATURE_BIN_2,16,18F6AC63D50EACD2B5F6CC669CA58252595A0313B759D7A0EC563D4D8CFF4410,True,,False,False,U_NEG_UPSTREAM_WORSENING;U_PASS_UPSTREAM_INCREASE;D_NEG_NO_MEDIAN_IMPROVEMENT,,False,False,False,True,"[0.0, 46.0, 14.0, 2.0, 0.0, 1.0, 0.0, 0.0, 16.0]",58,0.0,0.0,46.0,63.0,63.0,636.0,0,14,44,58,-0.136,-0.0885,-0.043,-0.028,-0.017,-4.796,6,0.0,0.0,63.0,63.0,63.0,98.0,0,2,4,6,0.011,0.040999999999999995,0.066,0.066,0.066,0.241,201,-70.0,0.0,1.0,2.0,20.0,30.0,25,30,146,201,-0.133,-0.038,-0.006,-0.003,-0.001,-7.99,384,-81.0,0.0,1.0,3.0,21.0,-442.0,25,56,303,384,0.0,0.043,0.07,0.074,0.078,15.882,4032,-82.0,0.0,1.0,3.0,30.0,-15612.0,538,415,3079,4032,-0.133,0.357,0.894,1.023,1.334,1673.434
A_X056_Y100,56,100,44,68,84,116,211.0,144.0,1.0,825,13200,9223,3977,0.3025,"{""X1Y1"": 396, ""X2Y1"": 429}",True,NOT_PROVEN_WITHOUT_MOVED_FF_CONTROL_SET_REPLAY,NOT_PROVEN_READ_ONLY_SITE_INVENTORY_ONLY,16,FEATURE_BIN_3,16,6D6B2605916DFCDD525A27838AC825D18C62B807369D6E6322040D77ED73CF54,True,,False,False,U_NEG_UPSTREAM_WORSENING;U_PASS_UPSTREAM_INCREASE;D_NEG_NO_MEDIAN_IMPROVEMENT,,False,False,False,True,"[0.0, 47.0, 14.0, 2.0, 0.0, 6.0, 0.0, 0.0, 16.0]",58,0.0,0.0,47.0,63.0,63.0,632.0,0,14,44,58,-0.136,-0.0885,-0.043,-0.028,-0.017,-4.796,6,0.0,0.0,58.0,58.0,58.0,83.0,0,2,4,6,0.011,0.040999999999999995,0.066,0.066,0.066,0.241,201,-8.0,0.0,6.0,9.0,33.0,282.0,1,31,169,201,-0.133,-0.038,-0.006,-0.003,-0.001,-7.99,384,-80.0,0.0,7.0,9.0,33.0,201.0,14,85,285,384,0.0,0.043,0.07,0.074,0.078,15.882,4032,-84.0,0.0,6.0,10.0,37.0,-11014.0,367,629,3036,4032,-0.133,0.357,0.894,1.023,1.334,1673.434
A_X056_Y104,56,104,44,68,88,120,211.0,140.0,1.0,825,13200,9312,3888,0.2993939393939394,"{""X1Y1"": 384, ""X1Y2"": 12, ""X2Y1"": 416, ""X2Y2"": 13}",True,NOT_PROVEN_WITHOUT_MOVED_FF_CONTROL_SET_REPLAY,NOT_PROVEN_READ_ONLY_SITE_INVENTORY_ONLY,0,ALL_64,64,A49D88051B2D2E5D1255D4F806A7569CDA9B33A650A908566197031349AD8DB4,True,,False,False,U_NEG_UPSTREAM_WORSENING;U_PASS_UPSTREAM_INCREASE;D_NEG_NO_MEDIAN_IMPROVEMENT;D_NEAR_MEDIAN_WORSENING,,False,False,False,False,"[37.5, 59.0, 58.0, 6.0, 3.0, 13.0, 4.0, 2.0, 64.0]",58,9.0,37.5,59.0,59.0,67.0,2395.0,0,58,0,58,-0.136,-0.0885,-0.043,-0.028,-0.017,-4.796,6,21.0,48.0,59.0,59.0,59.0,266.0,0,6,0,6,0.011,0.040999999999999995,0.066,0.066,0.066,0.241,201,-68.0,3.0,13.0,14.0,29.0,524.0,48,143,10,201,-0.133,-0.038,-0.006,-0.003,-0.001,-7.99,384,-77.0,4.0,11.0,14.0,29.0,78.0,83,287,14,384,0.0,0.043,0.07,0.074,0.078,15.882,4032,-80.0,2.0,13.0,16.0,33.0,-50206.0,1686,2203,143,4032,-0.133,0.357,0.894,1.023,1.334,1673.434
A_X056_Y104,56,104,44,68,88,120,211.0,140.0,1.0,825,13200,9312,3888,0.2962121212121212,"{""X1Y1"": 384, ""X1Y2"": 12, ""X2Y1"": 416, ""X2Y2"": 13}",True,NOT_PROVEN_WITHOUT_MOVED_FF_CONTROL_SET_REPLAY,NOT_PROVEN_READ_ONLY_SITE_INVENTORY_ONLY,0,DEST_X2Y1_MAJOR,22,EC8295A18CFB3214990035A3C2A8A03B2248BEA56069D816345F1D2C0CC4741A,True,,False,False,U_NEG_UPSTREAM_WORSENING;D_NEG_NO_MEDIAN_IMPROVEMENT,,False,True,False,True,"[0.0, 45.0, 22.0, 0.0, 0.0, 6.0, 0.0, 0.0, 22.0]",58,0.0,0.0,45.0,59.0,59.0,881.0,0,22,36,58,-0.136,-0.0885,-0.043,-0.028,-0.017,-4.796,6,0.0,0.0,0.0,0.0,0.0,0.0,0,0,6,6,0.011,0.040999999999999995,0.066,0.066,0.066,0.241,201,-68.0,0.0,6.0,10.0,15.0,-100.0,13,43,145,201,-0.133,-0.038,-0.006,-0.003,-0.001,-7.99,384,-76.0,0.0,6.0,10.0,22.0,-569.0,34,97,253,384,0.0,0.043,0.07,0.074,0.078,15.882,4032,-78.0,0.0,6.0,10.0,28.0,-18616.0,520,760,2752,4032,-0.133,0.357,0.894,1.023,1.334,1673.434
A_X056_Y104,56,104,44,68,88,120,211.0,140.0,1.0,825,13200,9312,3888,0.2960606060606061,"{""X1Y1"": 384, ""X1Y2"": 12, ""X2Y1"": 416, ""X2Y2"": 13}",True,NOT_PROVEN_WITHOUT_MOVED_FF_CONTROL_SET_REPLAY,NOT_PROVEN_READ_ONLY_SITE_INVENTORY_ONLY,0,DEST_X3Y1_MAJOR,20,D8DF451BC1C4EF6032E28F4D3065B488CCF48FA9921667AB64B2E0E8D05D4049,True,,False,False,U_NEG_UPSTREAM_WORSENING;U_PASS_UPSTREAM_INCREASE;D_NEG_NO_MEDIAN_IMPROVEMENT,,False,False,False,True,"[0.0, 51.0, 15.0, 5.0, 0.0, 11.0, 0.0, 0.0, 20.0]",58,0.0,0.0,51.0,59.0,67.0,658.0,0,15,43,58,-0.136,-0.0885,-0.043,-0.028,-0.017,-4.796,6,0.0,36.5,59.0,59.0,59.0,212.0,0,5,1,6,0.011,0.040999999999999995,0.066,0.066,0.066,0.241,201,-4.0,0.0,11.0,13.0,29.0,566.0,32,93,76,201,-0.133,-0.038,-0.006,-0.003,-0.001,-7.99,384,-77.0,0.0,8.0,11.0,29.0,623.0,28,138,218,384,0.0,0.043,0.07,0.074,0.078,15.882,4032,-80.0,0.0,5.0,8.0,33.0,-15576.0,547,675,2810,4032,-0.133,0.357,0.894,1.023,1.334,1673.434
A_X056_Y104,56,104,44,68,88,120,211.0,140.0,1.0,825,13200,9312,3888,0.2962121212121212,"{""X1Y1"": 384, ""X1Y2"": 12, ""X2Y1"": 416, ""X2Y2"": 13}",True,NOT_PROVEN_WITHOUT_MOVED_FF_CONTROL_SET_REPLAY,NOT_PROVEN_READ_ONLY_SITE_INVENTORY_ONLY,0,DEST_MIXED_OR_OTHER,22,62A80A6BF2780309EBB7ACB65499DC33F9E420F49ABAF670FF853CD53D650A7D,True,,False,False,U_NEG_UPSTREAM_WORSENING;U_PASS_UPSTREAM_INCREASE;D_NEG_NO_MEDIAN_IMPROVEMENT,,False,False,False,True,"[0.0, 49.0, 21.0, 1.0, 0.0, 0.0, 0.0, 0.0, 22.0]",58,0.0,0.0,49.0,59.0,62.0,856.0,0,21,37,58,-0.136,-0.0885,-0.043,-0.028,-0.017,-4.796,6,0.0,0.0,54.0,54.0,54.0,54.0,0,1,5,6,0.011,0.040999999999999995,0.066,0.066,0.066,0.241,201,-1.0,0.0,0.0,0.0,18.0,58.0,3,7,191,201,-0.133,-0.038,-0.006,-0.003,-0.001,-7.99,384,-69.0,0.0,5.0,9.0,22.0,24.0,21,52,311,384,0.0,0.043,0.07,0.074,0.078,15.882,4032,-80.0,0.0,5.0,10.0,29.0,-16014.0,619,768,2645,4032,-0.133,0.357,0.894,1.023,1.334,1673.434
A_X056_Y104,56,104,44,68,88,120,211.0,140.0,1.0,825,13200,9312,3888,0.2957575757575758,"{""X1Y1"": 384, ""X1Y2"": 12, ""X2Y1"": 416, ""X2Y2"": 13}",True,NOT_PROVEN_WITHOUT_MOVED_FF_CONTROL_SET_REPLAY,NOT_PROVEN_READ_ONLY_SITE_INVENTORY_ONLY,0,FEATURE_BIN_0,16,25AFEB422DB3BDBEF4DCE97A6D1274116E7B27A3B94E395D479DC22D3DE14FFD,True,,False,False,U_NEG_UPSTREAM_WORSENING;D_NEG_NO_MEDIAN_IMPROVEMENT,,False,True,False,True,"[0.0, 40.0, 16.0, 0.0, 0.0, 3.0, 0.0, 0.0, 16.0]",58,0.0,0.0,40.0,49.0,59.0,627.0,0,16,42,58,-0.136,-0.0885,-0.043,-0.028,-0.017,-4.796,6,0.0,0.0,0.0,0.0,0.0,0.0,0,0,6,6,0.011,0.040999999999999995,0.066,0.066,0.066,0.241,201,-68.0,0.0,3.0,4.0,15.0,-80.0,37,23,141,201,-0.133,-0.038,-0.006,-0.003,-0.001,-7.99,384,-58.0,0.0,2.0,4.0,18.0,-162.0,39,49,296,384,0.0,0.043,0.07,0.074,0.078,15.882,4032,-70.0,0.0,1.0,3.0,20.0,-12310.0,529,409,3094,4032,-0.133,0.357,0.894,1.023,1.334,1673.434
A_X056_Y104,56,104,44,68,88,120,211.0,140.0,1.0,825,13200,9312,3888,0.2957575757575758,"{""X1Y1"": 384, ""X1Y2"": 12, ""X2Y1"": 416, ""X2Y2"": 13}",True,NOT_PROVEN_WITHOUT_MOVED_FF_CONTROL_SET_REPLAY,NOT_PROVEN_READ_ONLY_SITE_INVENTORY_ONLY,0,FEATURE_BIN_1,16,863B9B0389C1B994C73ED0C57EC56A84FD6D317708E59D47B391DA86E44D3A8E,True,,False,False,U_NEG_UPSTREAM_WORSENING;U_PASS_UPSTREAM_INCREASE;D_NEG_NO_MEDIAN_IMPROVEMENT,,False,False,False,True,"[0.0, 51.0, 14.0, 2.0, 0.0, 3.0, 0.0, 0.0, 16.0]",58,0.0,0.0,51.0,59.0,67.0,612.0,0,14,44,58,-0.136,-0.0885,-0.043,-0.028,-0.017,-4.796,6,0.0,0.0,59.0,59.0,59.0,101.0,0,2,4,6,0.011,0.040999999999999995,0.066,0.066,0.066,0.241,201,-67.0,0.0,3.0,3.0,18.0,38.0,8,34,159,201,-0.133,-0.038,-0.006,-0.003,-0.001,-7.99,384,-67.0,0.0,3.0,5.0,18.0,-59.0,20,78,286,384,0.0,0.043,0.07,0.074,0.078,15.882,4032,-80.0,0.0,2.0,5.0,25.0,-14008.0,434,513,3085,4032,-0.133,0.357,0.894,1.023,1.334,1673.434
A_X056_Y104,56,104,44,68,88,120,211.0,140.0,1.0,825,13200,9312,3888,0.2957575757575758,"{""X1Y1"": 384, ""X1Y2"": 12, ""X2Y1"": 416, ""X2Y2"": 13}",True,NOT_PROVEN_WITHOUT_MOVED_FF_CONTROL_SET_REPLAY,NOT_PROVEN_READ_ONLY_SITE_INVENTORY_ONLY,0,FEATURE_BIN_2,16,18F6AC63D50EACD2B5F6CC669CA58252595A0313B759D7A0EC563D4D8CFF4410,True,,False,False,U_NEG_UPSTREAM_WORSENING;U_PASS_UPSTREAM_INCREASE;D_NEG_NO_MEDIAN_IMPROVEMENT,,False,False,False,True,"[0.0, 42.0, 14.0, 2.0, 0.0, 5.0, 0.0, 0.0, 16.0]",58,0.0,0.0,42.0,59.0,59.0,580.0,0,14,44,58,-0.136,-0.0885,-0.043,-0.028,-0.017,-4.796,6,0.0,0.0,59.0,59.0,59.0,90.0,0,2,4,6,0.011,0.040999999999999995,0.066,0.066,0.066,0.241,201,-66.0,0.0,5.0,6.0,16.0,196.0,2,55,144,201,-0.133,-0.038,-0.006,-0.003,-0.001,-7.99,384,-77.0,0.0,5.0,6.0,17.0,-202.0,10,75,299,384,0.0,0.043,0.07,0.074,0.078,15.882,4032,-78.0,0.0,4.0,6.0,26.0,-14222.0,354,655,3023,4032,-0.133,0.357,0.894,1.023,1.334,1673.434
A_X056_Y104,56,104,44,68,88,120,211.0,140.0,1.0,825,13200,9312,3888,0.2957575757575758,"{""X1Y1"": 384, ""X1Y2"": 12, ""X2Y1"": 416, ""X2Y2"": 13}",True,NOT_PROVEN_WITHOUT_MOVED_FF_CONTROL_SET_REPLAY,NOT_PROVEN_READ_ONLY_SITE_INVENTORY_ONLY,0,FEATURE_BIN_3,16,6D6B2605916DFCDD525A27838AC825D18C62B807369D6E6322040D77ED73CF54,True,,False,False,U_NEG_UPSTREAM_WORSENING;U_PASS_UPSTREAM_INCREASE;D_NEG_NO_MEDIAN_IMPROVEMENT,,False,False,False,True,"[0.0, 43.0, 14.0, 2.0, 0.0, 10.0, 0.0, 0.0, 16.0]",58,0.0,0.0,43.0,59.0,59.0,576.0,0,14,44,58,-0.136,-0.0885,-0.043,-0.028,-0.017,-4.796,6,0.0,0.0,54.0,54.0,54.0,75.0,0,2,4,6,0.011,0.040999999999999995,0.066,0.066,0.066,0.241,201,-4.0,0.0,10.0,11.0,29.0,370.0,1,31,169,201,-0.133,-0.038,-0.006,-0.003,-0.001,-7.99,384,-76.0,0.0,11.0,13.0,29.0,501.0,14,85,285,384,0.0,0.043,0.07,0.074,0.078,15.882,4032,-80.0,0.0,10.0,13.0,33.0,-9666.0,369,626,3037,4032,-0.133,0.357,0.894,1.023,1.334,1673.434
A_X056_Y108,56,108,44,68,92,124,211.0,136.0,1.0,825,13200,9457,3743,0.2884090909090909,"{""X1Y1"": 336, ""X1Y2"": 60, ""X2Y1"": 364, ""X2Y2"": 65}",True,NOT_PROVEN_WITHOUT_MOVED_FF_CONTROL_SET_REPLAY,NOT_PROVEN_READ_ONLY_SITE_INVENTORY_ONLY,0,ALL_64,64,A49D88051B2D2E5D1255D4F806A7569CDA9B33A650A908566197031349AD8DB4,True,,False,False,U_NEG_UPSTREAM_WORSENING;U_PASS_UPSTREAM_INCREASE;D_NEG_NO_MEDIAN_IMPROVEMENT;D_NEAR_MEDIAN_WORSENING,,False,False,False,False,"[33.5, 55.0, 58.0, 6.0, 7.0, 14.0, 7.0, 5.0, 64.0]",58,5.0,33.5,55.0,55.0,63.0,2163.0,0,58,0,58,-0.136,-0.0885,-0.043,-0.028,-0.017,-4.796,6,17.0,44.0,55.0,55.0,55.0,242.0,0,6,0,6,0.011,0.040999999999999995,0.066,0.066,0.066,0.241,201,-64.0,7.0,14.0,15.0,25.0,1124.0,8,190,3,201,-0.133,-0.038,-0.006,-0.003,-0.001,-7.99,384,-73.0,7.0,15.0,15.0,25.0,1320.0,48,331,5,384,0.0,0.043,0.07,0.074,0.078,15.882,4032,-76.0,5.0,14.0,16.0,29.0,-41802.0,1417,2546,69,4032,-0.133,0.357,0.894,1.023,1.334,1673.434
A_X056_Y108,56,108,44,68,92,124,211.0,136.0,1.0,825,13200,9457,3743,0.2852272727272727,"{""X1Y1"": 336, ""X1Y2"": 60, ""X2Y1"": 364, ""X2Y2"": 65}",True,NOT_PROVEN_WITHOUT_MOVED_FF_CONTROL_SET_REPLAY,NOT_PROVEN_READ_ONLY_SITE_INVENTORY_ONLY,0,DEST_X2Y1_MAJOR,22,EC8295A18CFB3214990035A3C2A8A03B2248BEA56069D816345F1D2C0CC4741A,True,,False,False,U_NEG_UPSTREAM_WORSENING;D_NEG_NO_MEDIAN_IMPROVEMENT,,False,True,False,True,"[0.0, 41.0, 22.0, 0.0, 0.0, 10.0, 0.0, 0.0, 22.0]",58,0.0,0.0,41.0,55.0,55.0,793.0,0,22,36,58,-0.136,-0.0885,-0.043,-0.028,-0.017,-4.796,6,0.0,0.0,0.0,0.0,0.0,0.0,0,0,6,6,0.011,0.040999999999999995,0.066,0.066,0.066,0.241,201,-64.0,0.0,10.0,12.0,17.0,134.0,7,55,139,201,-0.133,-0.038,-0.006,-0.003,-0.001,-7.99,384,-72.0,0.0,10.0,14.0,18.0,-71.0,22,117,245,384,0.0,0.043,0.07,0.074,0.078,15.882,4032,-76.0,0.0,7.0,14.0,24.0,-15874.0,475,895,2662,4032,-0.133,0.357,0.894,1.023,1.334,1673.434
A_X056_Y108,56,108,44,68,92,124,211.0,136.0,1.0,825,13200,9457,3743,0.2850757575757576,"{""X1Y1"": 336, ""X1Y2"": 60, ""X2Y1"": 364, ""X2Y2"": 65}",True,NOT_PROVEN_WITHOUT_MOVED_FF_CONTROL_SET_REPLAY,NOT_PROVEN_READ_ONLY_SITE_INVENTORY_ONLY,0,DEST_X3Y1_MAJOR,20,D8DF451BC1C4EF6032E28F4D3065B488CCF48FA9921667AB64B2E0E8D05D4049,True,,False,False,U_NEG_UPSTREAM_WORSENING;U_PASS_UPSTREAM_INCREASE;D_NEG_NO_MEDIAN_IMPROVEMENT,,False,False,False,True,"[0.0, 47.0, 15.0, 5.0, 2.0, 10.0, 0.0, 0.0, 20.0]",58,0.0,0.0,47.0,55.0,63.0,598.0,0,15,43,58,-0.136,-0.0885,-0.043,-0.028,-0.017,-4.796,6,0.0,32.5,55.0,55.0,55.0,192.0,0,5,1,6,0.011,0.040999999999999995,0.066,0.066,0.066,0.241,201,-6.0,2.0,10.0,14.0,25.0,912.0,1,125,75,201,-0.133,-0.038,-0.006,-0.003,-0.001,-7.99,384,-73.0,0.0,11.0,15.0,25.0,1155.0,13,156,215,384,0.0,0.043,0.07,0.074,0.078,15.882,4032,-76.0,0.0,8.0,11.0,29.0,-12924.0,444,814,2774,4032,-0.133,0.357,0.894,1.023,1.334,1673.434
A_X056_Y108,56,108,44,68,92,124,211.0,136.0,1.0,825,13200,9457,3743,0.2852272727272727,"{""X1Y1"": 336, ""X1Y2"": 60, ""X2Y1"": 364, ""X2Y2"": 65}",True,NOT_PROVEN_WITHOUT_MOVED_FF_CONTROL_SET_REPLAY,NOT_PROVEN_READ_ONLY_SITE_INVENTORY_ONLY,0,DEST_MIXED_OR_OTHER,22,62A80A6BF2780309EBB7ACB65499DC33F9E420F49ABAF670FF853CD53D650A7D,True,,False,False,U_NEG_UPSTREAM_WORSENING;U_PASS_UPSTREAM_INCREASE;D_NEG_NO_MEDIAN_IMPROVEMENT,,False,False,False,True,"[0.0, 45.0, 21.0, 1.0, 0.0, 0.0, 0.0, 0.0, 22.0]",58,0.0,0.0,45.0,55.0,58.0,772.0,0,21,37,58,-0.136,-0.0885,-0.043,-0.028,-0.017,-4.796,6,0.0,0.0,50.0,50.0,50.0,50.0,0,1,5,6,0.011,0.040999999999999995,0.066,0.066,0.066,0.241,201,0.0,0.0,0.0,0.0,14.0,78.0,0,10,191,201,-0.133,-0.038,-0.006,-0.003,-0.001,-7.99,384,-65.0,0.0,9.0,12.0,18.0,236.0,13,58,313,384,0.0,0.043,0.07,0.074,0.078,15.882,4032,-76.0,0.0,9.0,13.0,25.0,-13004.0,498,837,2697,4032,-0.133,0.357,0.894,1.023,1.334,1673.434
A_X056_Y108,56,108,44,68,92,124,211.0,136.0,1.0,825,13200,9457,3743,0.2847727272727273,"{""X1Y1"": 336, ""X1Y2"": 60, ""X2Y1"": 364, ""X2Y2"": 65}",True,NOT_PROVEN_WITHOUT_MOVED_FF_CONTROL_SET_REPLAY,NOT_PROVEN_READ_ONLY_SITE_INVENTORY_ONLY,0,FEATURE_BIN_0,16,25AFEB422DB3BDBEF4DCE97A6D1274116E7B27A3B94E395D479DC22D3DE14FFD,True,,False,False,U_NEG_UPSTREAM_WORSENING;D_NEG_NO_MEDIAN_IMPROVEMENT,,False,True,False,True,"[0.0, 36.0, 16.0, 0.0, 0.0, 4.0, 0.0, 0.0, 16.0]",58,0.0,0.0,36.0,45.0,55.0,563.0,0,16,42,58,-0.136,-0.0885,-0.043,-0.028,-0.017,-4.796,6,0.0,0.0,0.0,0.0,0.0,0.0,0,0,6,6,0.011,0.040999999999999995,0.066,0.066,0.066,0.241,201,-64.0,0.0,4.0,7.0,11.0,84.0,3,61,137,201,-0.133,-0.038,-0.006,-0.003,-0.001,-7.99,384,-54.0,0.0,6.0,7.0,14.0,176.0,10,85,289,384,0.0,0.043,0.07,0.074,0.078,15.882,4032,-66.0,0.0,4.0,6.0,16.0,-9950.0,311,650,3071,4032,-0.133,0.357,0.894,1.023,1.334,1673.434
A_X056_Y108,56,108,44,68,92,124,211.0,136.0,1.0,825,13200,9457,3743,0.2847727272727273,"{""X1Y1"": 336, ""X1Y2"": 60, ""X2Y1"": 364, ""X2Y2"": 65}",True,NOT_PROVEN_WITHOUT_MOVED_FF_CONTROL_SET_REPLAY,NOT_PROVEN_READ_ONLY_SITE_INVENTORY_ONLY,0,FEATURE_BIN_1,16,863B9B0389C1B994C73ED0C57EC56A84FD6D317708E59D47B391DA86E44D3A8E,True,,False,False,U_NEG_UPSTREAM_WORSENING;U_PASS_UPSTREAM_INCREASE;D_NEG_NO_MEDIAN_IMPROVEMENT,,False,False,False,True,"[0.0, 47.0, 14.0, 2.0, 0.0, 7.0, 0.0, 0.0, 16.0]",58,0.0,0.0,47.0,55.0,63.0,556.0,0,14,44,58,-0.136,-0.0885,-0.043,-0.028,-0.017,-4.796,6,0.0,0.0,55.0,55.0,55.0,93.0,0,2,4,6,0.011,0.040999999999999995,0.066,0.066,0.066,0.241,201,-63.0,0.0,7.0,7.0,14.0,184.0,3,43,155,201,-0.133,-0.038,-0.006,-0.003,-0.001,-7.99,384,-63.0,0.0,7.0,9.0,14.0,227.0,18,86,280,384,0.0,0.043,0.07,0.074,0.078,15.882,4032,-76.0,0.0,6.0,9.0,21.0,-12090.0,398,610,3024,4032,-0.133,0.357,0.894,1.023,1.334,1673.434
A_X056_Y108,56,108,44,68,92,124,211.0,136.0,1.0,825,13200,9457,3743,0.2847727272727273,"{""X1Y1"": 336, ""X1Y2"": 60, ""X2Y1"": 364, ""X2Y2"": 65}",True,NOT_PROVEN_WITHOUT_MOVED_FF_CONTROL_SET_REPLAY,NOT_PROVEN_READ_ONLY_SITE_INVENTORY_ONLY,0,FEATURE_BIN_2,16,18F6AC63D50EACD2B5F6CC669CA58252595A0313B759D7A0EC563D4D8CFF4410,True,,False,False,U_NEG_UPSTREAM_WORSENING;U_PASS_UPSTREAM_INCREASE;D_NEG_NO_MEDIAN_IMPROVEMENT,,False,False,False,True,"[0.0, 38.0, 14.0, 2.0, 0.0, 9.0, 0.0, 0.0, 16.0]",58,0.0,0.0,38.0,55.0,55.0,524.0,0,14,44,58,-0.136,-0.0885,-0.043,-0.028,-0.017,-4.796,6,0.0,0.0,55.0,55.0,55.0,82.0,0,2,4,6,0.011,0.040999999999999995,0.066,0.066,0.066,0.241,201,-62.0,0.0,9.0,10.0,12.0,386.0,2,55,144,201,-0.133,-0.038,-0.006,-0.003,-0.001,-7.99,384,-73.0,0.0,9.0,10.0,13.0,82.0,10,75,299,384,0.0,0.043,0.07,0.074,0.078,15.882,4032,-74.0,0.0,8.0,9.0,22.0,-12124.0,355,655,3022,4032,-0.133,0.357,0.894,1.023,1.334,1673.434
A_X056_Y108,56,108,44,68,92,124,211.0,136.0,1.0,825,13200,9457,3743,0.2847727272727273,"{""X1Y1"": 336, ""X1Y2"": 60, ""X2Y1"": 364, ""X2Y2"": 65}",True,NOT_PROVEN_WITHOUT_MOVED_FF_CONTROL_SET_REPLAY,NOT_PROVEN_READ_ONLY_SITE_INVENTORY_ONLY,0,FEATURE_BIN_3,16,6D6B2605916DFCDD525A27838AC825D18C62B807369D6E6322040D77ED73CF54,True,,False,False,U_NEG_UPSTREAM_WORSENING;U_PASS_UPSTREAM_INCREASE;D_NEG_NO_MEDIAN_IMPROVEMENT,,False,False,False,True,"[0.0, 39.0, 14.0, 2.0, 0.0, 12.0, 0.0, 0.0, 16.0]",58,0.0,0.0,39.0,55.0,55.0,520.0,0,14,44,58,-0.136,-0.0885,-0.043,-0.028,-0.017,-4.796,6,0.0,0.0,50.0,50.0,50.0,67.0,0,2,4,6,0.011,0.040999999999999995,0.066,0.066,0.066,0.241,201,0.0,0.0,12.0,15.0,25.0,470.0,0,31,170,201,-0.133,-0.038,-0.006,-0.003,-0.001,-7.99,384,-72.0,0.0,15.0,15.0,25.0,835.0,10,85,289,384,0.0,0.043,0.07,0.074,0.078,15.882,4032,-76.0,0.0,14.0,15.0,29.0,-7638.0,353,631,3048,4032,-0.133,0.357,0.894,1.023,1.334,1673.434
A_X056_Y112,56,112,44,68,96,128,211.0,132.0,1.0,825,13200,9536,3664,0.2824242424242424,"{""X1Y1"": 288, ""X1Y2"": 108, ""X2Y1"": 312, ""X2Y2"": 117}",True,NOT_PROVEN_WITHOUT_MOVED_FF_CONTROL_SET_REPLAY,NOT_PROVEN_READ_ONLY_SITE_INVENTORY_ONLY,0,ALL_64,64,A49D88051B2D2E5D1255D4F806A7569CDA9B33A650A908566197031349AD8DB4,True,,False,False,U_NEG_UPSTREAM_WORSENING;U_PASS_UPSTREAM_INCREASE;D_NEG_NO_MEDIAN_IMPROVEMENT;D_NEAR_MEDIAN_WORSENING,,False,False,False,False,"[29.5, 51.0, 58.0, 6.0, 11.0, 16.0, 11.0, 9.0, 64.0]",58,1.0,29.5,51.0,51.0,59.0,1931.0,0,58,0,58,-0.136,-0.0885,-0.043,-0.028,-0.017,-4.796,6,13.0,40.0,51.0,51.0,51.0,218.0,0,6,0,6,0.011,0.040999999999999995,0.066,0.066,0.066,0.241,201,-60.0,11.0,16.0,19.0,21.0,1842.0,8,193,0,201,-0.133,-0.038,-0.006,-0.003,-0.001,-7.99,384,-69.0,11.0,18.0,19.0,21.0,2720.0,45,337,2,384,0.0,0.043,0.07,0.074,0.078,15.882,4032,-72.0,9.0,17.0,19.0,25.0,-29760.0,1375,2639,18,4032,-0.133,0.357,0.894,1.023,1.334,1673.434
A_X056_Y112,56,112,44,68,96,128,211.0,132.0,1.0,825,13200,9536,3664,0.27924242424242424,"{""X1Y1"": 288, ""X1Y2"": 108, ""X2Y1"": 312, ""X2Y2"": 117}",True,NOT_PROVEN_WITHOUT_MOVED_FF_CONTROL_SET_REPLAY,NOT_PROVEN_READ_ONLY_SITE_INVENTORY_ONLY,0,DEST_X2Y1_MAJOR,22,EC8295A18CFB3214990035A3C2A8A03B2248BEA56069D816345F1D2C0CC4741A,True,,False,False,U_NEG_UPSTREAM_WORSENING;D_NEG_NO_MEDIAN_IMPROVEMENT,,False,True,False,True,"[0.0, 37.0, 22.0, 0.0, 0.0, 12.0, 0.0, 0.0, 22.0]",58,0.0,0.0,37.0,51.0,51.0,705.0,0,22,36,58,-0.136,-0.0885,-0.043,-0.028,-0.017,-4.796,6,0.0,0.0,0.0,0.0,0.0,0.0,0,0,6,6,0.011,0.040999999999999995,0.066,0.066,0.066,0.241,201,-60.0,0.0,12.0,16.0,21.0,374.0,7,58,136,201,-0.133,-0.038,-0.006,-0.003,-0.001,-7.99,384,-68.0,0.0,12.0,18.0,21.0,467.0,20,122,242,384,0.0,0.043,0.07,0.074,0.078,15.882,4032,-72.0,0.0,11.0,16.0,21.0,-11908.0,463,914,2655,4032,-0.133,0.357,0.894,1.023,1.334,1673.434
A_X056_Y112,56,112,44,68,96,128,211.0,132.0,1.0,825,13200,9536,3664,0.2790909090909091,"{""X1Y1"": 288, ""X1Y2"": 108, ""X2Y1"": 312, ""X2Y2"": 117}",True,NOT_PROVEN_WITHOUT_MOVED_FF_CONTROL_SET_REPLAY,NOT_PROVEN_READ_ONLY_SITE_INVENTORY_ONLY,0,DEST_X3Y1_MAJOR,20,D8DF451BC1C4EF6032E28F4D3065B488CCF48FA9921667AB64B2E0E8D05D4049,True,,False,False,U_NEG_UPSTREAM_WORSENING;U_PASS_UPSTREAM_INCREASE;D_NEG_NO_MEDIAN_IMPROVEMENT,,False,False,False,True,"[0.0, 43.0, 15.0, 5.0, 6.0, 14.0, 0.0, 0.0, 20.0]",58,0.0,0.0,43.0,51.0,59.0,538.0,0,15,43,58,-0.136,-0.0885,-0.043,-0.028,-0.017,-4.796,6,0.0,28.5,51.0,51.0,51.0,172.0,0,5,1,6,0.011,0.040999999999999995,0.066,0.066,0.066,0.241,201,-2.0,6.0,14.0,16.0,21.0,1354.0,1,125,75,201,-0.133,-0.038,-0.006,-0.003,-0.001,-7.99,384,-69.0,0.0,15.0,19.0,21.0,1757.0,13,154,217,384,0.0,0.043,0.07,0.074,0.078,15.882,4032,-72.0,0.0,12.0,13.0,25.0,-9146.0,432,819,2781,4032,-0.133,0.357,0.894,1.023,1.334,1673.434
A_X056_Y112,56,112,44,68,96,128,211.0,132.0,1.0,825,13200,9536,3664,0.27924242424242424,"{""X1Y1"": 288, ""X1Y2"": 108, ""X2Y1"": 312, ""X2Y2"": 117}",True,NOT_PROVEN_WITHOUT_MOVED_FF_CONTROL_SET_REPLAY,NOT_PROVEN_READ_ONLY_SITE_INVENTORY_ONLY,0,DEST_MIXED_OR_OTHER,22,62A80A6BF2780309EBB7ACB65499DC33F9E420F49ABAF670FF853CD53D650A7D,True,,False,False,U_NEG_UPSTREAM_WORSENING;U_PASS_UPSTREAM_INCREASE;D_NEG_NO_MEDIAN_IMPROVEMENT,,False,False,False,True,"[0.0, 41.0, 21.0, 1.0, 0.0, 0.0, 0.0, 0.0, 22.0]",58,0.0,0.0,41.0,51.0,54.0,688.0,0,21,37,58,-0.136,-0.0885,-0.043,-0.028,-0.017,-4.796,6,0.0,0.0,46.0,46.0,46.0,46.0,0,1,5,6,0.011,0.040999999999999995,0.066,0.066,0.066,0.241,201,0.0,0.0,0.0,0.0,16.0,114.0,0,10,191,201,-0.133,-0.038,-0.006,-0.003,-0.001,-7.99,384,-61.0,0.0,13.0,16.0,19.0,496.0,12,61,311,384,0.0,0.043,0.07,0.074,0.078,15.882,4032,-72.0,0.0,13.0,16.0,22.0,-8706.0,480,906,2646,4032,-0.133,0.357,0.894,1.023,1.334,1673.434
A_X056_Y112,56,112,44,68,96,128,211.0,132.0,1.0,825,13200,9536,3664,0.2787878787878788,"{""X1Y1"": 288, ""X1Y2"": 108, ""X2Y1"": 312, ""X2Y2"": 117}",True,NOT_PROVEN_WITHOUT_MOVED_FF_CONTROL_SET_REPLAY,NOT_PROVEN_READ_ONLY_SITE_INVENTORY_ONLY,0,FEATURE_BIN_0,16,25AFEB422DB3BDBEF4DCE97A6D1274116E7B27A3B94E395D479DC22D3DE14FFD,True,,False,False,U_NEG_UPSTREAM_WORSENING;D_NEG_NO_MEDIAN_IMPROVEMENT,,False,True,False,True,"[0.0, 32.0, 16.0, 0.0, 0.0, 8.0, 0.0, 0.0, 16.0]",58,0.0,0.0,32.0,41.0,51.0,499.0,0,16,42,58,-0.136,-0.0885,-0.043,-0.028,-0.017,-4.796,6,0.0,0.0,0.0,0.0,0.0,0.0,0,0,6,6,0.011,0.040999999999999995,0.066,0.066,0.066,0.241,201,-60.0,0.0,8.0,11.0,12.0,308.0,3,61,137,201,-0.133,-0.038,-0.006,-0.003,-0.001,-7.99,384,-52.0,0.0,10.0,11.0,12.0,538.0,9,87,288,384,0.0,0.043,0.07,0.074,0.078,15.882,4032,-62.0,0.0,8.0,10.0,12.0,-6664.0,302,708,3022,4032,-0.133,0.357,0.894,1.023,1.334,1673.434
A_X056_Y112,56,112,44,68,96,128,211.0,132.0,1.0,825,13200,9536,3664,0.2787878787878788,"{""X1Y1"": 288, ""X1Y2"": 108, ""X2Y1"": 312, ""X2Y2"": 117}",True,NOT_PROVEN_WITHOUT_MOVED_FF_CONTROL_SET_REPLAY,NOT_PROVEN_READ_ONLY_SITE_INVENTORY_ONLY,0,FEATURE_BIN_1,16,863B9B0389C1B994C73ED0C57EC56A84FD6D317708E59D47B391DA86E44D3A8E,True,,False,False,U_NEG_UPSTREAM_WORSENING;U_PASS_UPSTREAM_INCREASE;D_NEG_NO_MEDIAN_IMPROVEMENT,,False,False,False,True,"[0.0, 43.0, 14.0, 2.0, 0.0, 10.0, 0.0, 0.0, 16.0]",58,0.0,0.0,43.0,51.0,59.0,500.0,0,14,44,58,-0.136,-0.0885,-0.043,-0.028,-0.017,-4.796,6,0.0,0.0,51.0,51.0,51.0,85.0,0,2,4,6,0.011,0.040999999999999995,0.066,0.066,0.066,0.241,201,-59.0,0.0,10.0,11.0,14.0,348.0,3,45,153,201,-0.133,-0.038,-0.006,-0.003,-0.001,-7.99,384,-59.0,0.0,10.0,13.0,14.0,561.0,19,84,281,384,0.0,0.043,0.07,0.074,0.078,15.882,4032,-72.0,0.0,10.0,12.0,17.0,-9246.0,399,608,3025,4032,-0.133,0.357,0.894,1.023,1.334,1673.434
A_X056_Y112,56,112,44,68,96,128,211.0,132.0,1.0,825,13200,9536,3664,0.2787878787878788,"{""X1Y1"": 288, ""X1Y2"": 108, ""X2Y1"": 312, ""X2Y2"": 117}",True,NOT_PROVEN_WITHOUT_MOVED_FF_CONTROL_SET_REPLAY,NOT_PROVEN_READ_ONLY_SITE_INVENTORY_ONLY,0,FEATURE_BIN_2,16,18F6AC63D50EACD2B5F6CC669CA58252595A0313B759D7A0EC563D4D8CFF4410,True,,False,False,U_NEG_UPSTREAM_WORSENING;U_PASS_UPSTREAM_INCREASE;D_NEG_NO_MEDIAN_IMPROVEMENT,,False,False,False,True,"[0.0, 34.0, 14.0, 2.0, 0.0, 13.0, 0.0, 0.0, 16.0]",58,0.0,0.0,34.0,51.0,51.0,468.0,0,14,44,58,-0.136,-0.0885,-0.043,-0.028,-0.017,-4.796,6,0.0,0.0,51.0,51.0,51.0,74.0,0,2,4,6,0.011,0.040999999999999995,0.066,0.066,0.066,0.241,201,-58.0,0.0,13.0,14.0,15.0,612.0,2,55,144,201,-0.133,-0.038,-0.006,-0.003,-0.001,-7.99,384,-69.0,0.0,13.0,14.0,15.0,418.0,10,75,299,384,0.0,0.043,0.07,0.074,0.078,15.882,4032,-70.0,0.0,12.0,13.0,18.0,-9078.0,347,658,3027,4032,-0.133,0.357,0.894,1.023,1.334,1673.434
A_X056_Y112,56,112,44,68,96,128,211.0,132.0,1.0,825,13200,9536,3664,0.2787878787878788,"{""X1Y1"": 288, ""X1Y2"": 108, ""X2Y1"": 312, ""X2Y2"": 117}",True,NOT_PROVEN_WITHOUT_MOVED_FF_CONTROL_SET_REPLAY,NOT_PROVEN_READ_ONLY_SITE_INVENTORY_ONLY,0,FEATURE_BIN_3,16,6D6B2605916DFCDD525A27838AC825D18C62B807369D6E6322040D77ED73CF54,True,,False,False,U_NEG_UPSTREAM_WORSENING;U_PASS_UPSTREAM_INCREASE;D_NEG_NO_MEDIAN_IMPROVEMENT,,False,False,False,True,"[0.0, 35.0, 14.0, 2.0, 0.0, 16.0, 0.0, 0.0, 16.0]",58,0.0,0.0,35.0,51.0,51.0,464.0,0,14,44,58,-0.136,-0.0885,-0.043,-0.028,-0.017,-4.796,6,0.0,0.0,46.0,46.0,46.0,59.0,0,2,4,6,0.011,0.040999999999999995,0.066,0.066,0.066,0.241,201,0.0,0.0,16.0,19.0,21.0,574.0,0,32,169,201,-0.133,-0.038,-0.006,-0.003,-0.001,-7.99,384,-68.0,0.0,18.0,19.0,21.0,1203.0,7,91,286,384,0.0,0.043,0.07,0.074,0.078,15.882,4032,-72.0,0.0,17.0,19.0,25.0,-4772.0,327,665,3040,4032,-0.133,0.357,0.894,1.023,1.334,1673.434
A_X056_Y116,56,116,44,68,100,132,211.0,128.0,1.0,825,13200,9590,3610,0.2783333333333333,"{""X1Y1"": 240, ""X1Y2"": 156, ""X2Y1"": 260, ""X2Y2"": 169}",True,NOT_PROVEN_WITHOUT_MOVED_FF_CONTROL_SET_REPLAY,NOT_PROVEN_READ_ONLY_SITE_INVENTORY_ONLY,0,ALL_64,64,A49D88051B2D2E5D1255D4F806A7569CDA9B33A650A908566197031349AD8DB4,True,,False,False,U_NEG_UPSTREAM_WORSENING;U_PASS_UPSTREAM_INCREASE;D_NEG_NO_MEDIAN_IMPROVEMENT;D_NEAR_MEDIAN_WORSENING,,False,False,False,False,"[25.5, 47.0, 57.0, 6.0, 15.0, 20.0, 15.0, 13.0, 64.0]",58,-3.0,25.5,47.0,47.0,55.0,1699.0,1,57,0,58,-0.136,-0.0885,-0.043,-0.028,-0.017,-4.796,6,9.0,36.0,47.0,47.0,47.0,194.0,0,6,0,6,0.011,0.040999999999999995,0.066,0.066,0.066,0.241,201,-56.0,15.0,20.0,23.0,25.0,2624.0,7,194,0,201,-0.133,-0.038,-0.006,-0.003,-0.001,-7.99,384,-65.0,15.0,22.0,23.0,25.0,4242.0,33,351,0,384,0.0,0.043,0.07,0.074,0.078,15.882,4032,-68.0,13.0,21.0,23.0,26.0,-14996.0,1261,2754,17,4032,-0.133,0.357,0.894,1.023,1.334,1673.434
A_X056_Y116,56,116,44,68,100,132,211.0,128.0,1.0,825,13200,9590,3610,0.27515151515151515,"{""X1Y1"": 240, ""X1Y2"": 156, ""X2Y1"": 260, ""X2Y2"": 169}",True,NOT_PROVEN_WITHOUT_MOVED_FF_CONTROL_SET_REPLAY,NOT_PROVEN_READ_ONLY_SITE_INVENTORY_ONLY,0,DEST_X2Y1_MAJOR,22,EC8295A18CFB3214990035A3C2A8A03B2248BEA56069D816345F1D2C0CC4741A,True,,False,False,U_NEG_UPSTREAM_WORSENING;D_NEG_NO_MEDIAN_IMPROVEMENT,,False,True,False,True,"[0.0, 33.0, 21.0, 0.0, 0.0, 16.0, 0.0, 0.0, 22.0]",58,-3.0,0.0,33.0,47.0,47.0,617.0,1,21,36,58,-0.136,-0.0885,-0.043,-0.028,-0.017,-4.796,6,0.0,0.0,0.0,0.0,0.0,0.0,0,0,6,6,0.011,0.040999999999999995,0.066,0.066,0.066,0.241,201,-56.0,0.0,16.0,20.0,25.0,618.0,7,58,136,201,-0.133,-0.038,-0.006,-0.003,-0.001,-7.99,384,-64.0,0.0,16.0,22.0,25.0,1027.0,20,122,242,384,0.0,0.043,0.07,0.074,0.078,15.882,4032,-68.0,0.0,15.0,20.0,25.0,-6986.0,443,933,2656,4032,-0.133,0.357,0.894,1.023,1.334,1673.434
A_X056_Y116,56,116,44,68,100,132,211.0,128.0,1.0,825,13200,9590,3610,0.275,"{""X1Y1"": 240, ""X1Y2"": 156, ""X2Y1"": 260, ""X2Y2"": 169}",True,NOT_PROVEN_WITHOUT_MOVED_FF_CONTROL_SET_REPLAY,NOT_PROVEN_READ_ONLY_SITE_INVENTORY_ONLY,0,DEST_X3Y1_MAJOR,20,D8DF451BC1C4EF6032E28F4D3065B488CCF48FA9921667AB64B2E0E8D05D4049,True,,False,False,U_NEG_UPSTREAM_WORSENING;U_PASS_UPSTREAM_INCREASE;D_NEG_NO_MEDIAN_IMPROVEMENT,,False,False,False,True,"[0.0, 39.0, 15.0, 5.0, 10.0, 18.0, 0.0, 0.0, 20.0]",58,0.0,0.0,39.0,47.0,55.0,478.0,0,15,43,58,-0.136,-0.0885,-0.043,-0.028,-0.017,-4.796,6,0.0,24.5,47.0,47.0,47.0,152.0,0,5,1,6,0.011,0.040999999999999995,0.066,0.066,0.066,0.241,201,0.0,10.0,18.0,20.0,25.0,1852.0,0,126,75,201,-0.133,-0.038,-0.006,-0.003,-0.001,-7.99,384,-65.0,0.0,19.0,23.0,25.0,2427.0,5,164,215,384,0.0,0.043,0.07,0.074,0.078,15.882,4032,-68.0,0.0,15.0,17.0,25.0,-4550.0,379,877,2776,4032,-0.133,0.357,0.894,1.023,1.334,1673.434
A_X056_Y116,56,116,44,68,100,132,211.0,128.0,1.0,825,13200,9590,3610,0.27515151515151515,"{""X1Y1"": 240, ""X1Y2"": 156, ""X2Y1"": 260, ""X2Y2"": 169}",True,NOT_PROVEN_WITHOUT_MOVED_FF_CONTROL_SET_REPLAY,NOT_PROVEN_READ_ONLY_SITE_INVENTORY_ONLY,0,DEST_MIXED_OR_OTHER,22,62A80A6BF2780309EBB7ACB65499DC33F9E420F49ABAF670FF853CD53D650A7D,True,,False,False,U_NEG_UPSTREAM_WORSENING;U_PASS_UPSTREAM_INCREASE;D_NEG_NO_MEDIAN_IMPROVEMENT,,False,False,False,True,"[0.0, 37.0, 21.0, 1.0, 0.0, 0.0, 0.0, 0.0, 22.0]",58,0.0,0.0,37.0,47.0,50.0,604.0,0,21,37,58,-0.136,-0.0885,-0.043,-0.028,-0.017,-4.796,6,0.0,0.0,42.0,42.0,42.0,42.0,0,1,5,6,0.011,0.040999999999999995,0.066,0.066,0.066,0.241,201,0.0,0.0,0.0,0.0,20.0,154.0,0,10,191,201,-0.133,-0.038,-0.006,-0.003,-0.001,-7.99,384,-57.0,0.0,17.0,20.0,23.0,788.0,8,65,311,384,0.0,0.043,0.07,0.074,0.078,15.882,4032,-68.0,0.0,17.0,20.0,26.0,-3460.0,439,944,2649,4032,-0.133,0.357,0.894,1.023,1.334,1673.434
A_X056_Y116,56,116,44,68,100,132,211.0,128.0,1.0,825,13200,9590,3610,0.2746969696969697,"{""X1Y1"": 240, ""X1Y2"": 156, ""X2Y1"": 260, ""X2Y2"": 169}",True,NOT_PROVEN_WITHOUT_MOVED_FF_CONTROL_SET_REPLAY,NOT_PROVEN_READ_ONLY_SITE_INVENTORY_ONLY,0,FEATURE_BIN_0,16,25AFEB422DB3BDBEF4DCE97A6D1274116E7B27A3B94E395D479DC22D3DE14FFD,True,,False,False,U_NEG_UPSTREAM_WORSENING;D_NEG_NO_MEDIAN_IMPROVEMENT,,False,True,False,True,"[0.0, 28.0, 16.0, 0.0, 0.0, 12.0, 0.0, 0.0, 16.0]",58,0.0,0.0,28.0,37.0,47.0,435.0,0,16,42,58,-0.136,-0.0885,-0.043,-0.028,-0.017,-4.796,6,0.0,0.0,0.0,0.0,0.0,0.0,0,0,6,6,0.011,0.040999999999999995,0.066,0.066,0.066,0.241,201,-56.0,0.0,12.0,15.0,16.0,548.0,3,61,137,201,-0.133,-0.038,-0.006,-0.003,-0.001,-7.99,384,-56.0,0.0,14.0,15.0,16.0,914.0,9,87,288,384,0.0,0.043,0.07,0.074,0.078,15.882,4032,-58.0,0.0,12.0,14.0,16.0,-2794.0,298,713,3021,4032,-0.133,0.357,0.894,1.023,1.334,1673.434
A_X056_Y116,56,116,44,68,100,132,211.0,128.0,1.0,825,13200,9590,3610,0.2746969696969697,"{""X1Y1"": 240, ""X1Y2"": 156, ""X2Y1"": 260, ""X2Y2"": 169}",True,NOT_PROVEN_WITHOUT_MOVED_FF_CONTROL_SET_REPLAY,NOT_PROVEN_READ_ONLY_SITE_INVENTORY_ONLY,0,FEATURE_BIN_1,16,863B9B0389C1B994C73ED0C57EC56A84FD6D317708E59D47B391DA86E44D3A8E,True,,False,False,U_NEG_UPSTREAM_WORSENING;U_PASS_UPSTREAM_INCREASE;D_NEG_NO_MEDIAN_IMPROVEMENT,,False,False,False,True,"[0.0, 39.0, 14.0, 2.0, 0.0, 14.0, 0.0, 0.0, 16.0]",58,0.0,0.0,39.0,47.0,55.0,444.0,0,14,44,58,-0.136,-0.0885,-0.043,-0.028,-0.017,-4.796,6,0.0,0.0,47.0,47.0,47.0,77.0,0,2,4,6,0.011,0.040999999999999995,0.066,0.066,0.066,0.241,201,-55.0,0.0,14.0,15.0,18.0,536.0,2,46,153,201,-0.133,-0.038,-0.006,-0.003,-0.001,-7.99,384,-55.0,0.0,14.0,17.0,18.0,973.0,7,97,280,384,0.0,0.043,0.07,0.074,0.078,15.882,4032,-68.0,0.0,14.0,16.0,18.0,-5588.0,324,688,3020,4032,-0.133,0.357,0.894,1.023,1.334,1673.434
A_X056_Y116,56,116,44,68,100,132,211.0,128.0,1.0,825,13200,9590,3610,0.2746969696969697,"{""X1Y1"": 240, ""X1Y2"": 156, ""X2Y1"": 260, ""X2Y2"": 169}",True,NOT_PROVEN_WITHOUT_MOVED_FF_CONTROL_SET_REPLAY,NOT_PROVEN_READ_ONLY_SITE_INVENTORY_ONLY,0,FEATURE_BIN_2,16,18F6AC63D50EACD2B5F6CC669CA58252595A0313B759D7A0EC563D4D8CFF4410,True,,False,False,U_NEG_UPSTREAM_WORSENING;U_PASS_UPSTREAM_INCREASE;D_NEG_NO_MEDIAN_IMPROVEMENT,,False,False,False,True,"[0.0, 30.0, 13.0, 2.0, 0.0, 17.0, 0.0, 0.0, 16.0]",58,-3.0,0.0,30.0,47.0,47.0,412.0,1,13,44,58,-0.136,-0.0885,-0.043,-0.028,-0.017,-4.796,6,0.0,0.0,47.0,47.0,47.0,66.0,0,2,4,6,0.011,0.040999999999999995,0.066,0.066,0.066,0.241,201,-54.0,0.0,17.0,18.0,19.0,840.0,2,55,144,201,-0.133,-0.038,-0.006,-0.003,-0.001,-7.99,384,-65.0,0.0,17.0,18.0,19.0,758.0,10,75,299,384,0.0,0.043,0.07,0.074,0.078,15.882,4032,-66.0,0.0,15.0,17.0,20.0,-5416.0,325,675,3032,4032,-0.133,0.357,0.894,1.023,1.334,1673.434
A_X056_Y116,56,116,44,68,100,132,211.0,128.0,1.0,825,13200,9590,3610,0.2746969696969697,"{""X1Y1"": 240, ""X1Y2"": 156, ""X2Y1"": 260, ""X2Y2"": 169}",True,NOT_PROVEN_WITHOUT_MOVED_FF_CONTROL_SET_REPLAY,NOT_PROVEN_READ_ONLY_SITE_INVENTORY_ONLY,0,FEATURE_BIN_3,16,6D6B2605916DFCDD525A27838AC825D18C62B807369D6E6322040D77ED73CF54,True,,False,False,U_NEG_UPSTREAM_WORSENING;U_PASS_UPSTREAM_INCREASE;D_NEG_NO_MEDIAN_IMPROVEMENT,,False,False,False,True,"[0.0, 31.0, 14.0, 2.0, 0.0, 20.0, 0.0, 0.0, 16.0]",58,0.0,0.0,31.0,47.0,47.0,408.0,0,14,44,58,-0.136,-0.0885,-0.043,-0.028,-0.017,-4.796,6,0.0,0.0,42.0,42.0,42.0,51.0,0,2,4,6,0.011,0.040999999999999995,0.066,0.066,0.066,0.241,201,0.0,0.0,20.0,23.0,25.0,700.0,0,32,169,201,-0.133,-0.038,-0.006,-0.003,-0.001,-7.99,384,-64.0,0.0,22.0,23.0,25.0,1597.0,7,92,285,384,0.0,0.043,0.07,0.074,0.078,15.882,4032,-68.0,0.0,21.0,23.0,26.0,-1198.0,314,678,3040,4032,-0.133,0.357,0.894,1.023,1.334,1673.434
A_X060_Y076,60,76,48,72,60,92,222.0,169.0,1.0,825,13200,9749,3451,0.2662878787878788,"{""X1Y1"": 264, ""X2Y1"": 561}",True,NOT_PROVEN_WITHOUT_MOVED_FF_CONTROL_SET_REPLAY,NOT_PROVEN_READ_ONLY_SITE_INVENTORY_ONLY,64,ALL_64,64,A49D88051B2D2E5D1255D4F806A7569CDA9B33A650A908566197031349AD8DB4,True,,False,False,U_NEG_UPSTREAM_WORSENING;U_PASS_UPSTREAM_INCREASE,,False,False,True,True,"[55.5, 77.0, 58.0, 6.0, -16.0, 28.0, -16.0, -14.0, 64.0]",58,27.0,55.5,77.0,77.0,85.0,3439.0,0,58,0,58,-0.136,-0.0885,-0.043,-0.028,-0.017,-4.796,6,39.0,66.0,77.0,77.0,77.0,374.0,0,6,0,6,0.011,0.040999999999999995,0.066,0.066,0.066,0.241,201,-79.0,-16.0,28.0,32.0,47.0,-2198.0,136,65,0,201,-0.133,-0.038,-0.006,-0.003,-0.001,-7.99,384,-96.0,-16.0,24.0,32.0,47.0,-5490.0,264,115,5,384,0.0,0.043,0.07,0.074,0.078,15.882,4032,-98.0,-14.0,28.0,34.0,51.0,-53758.0,2526,1459,47,4032,-0.133,0.357,0.894,1.023,1.334,1673.434
A_X060_Y076,60,76,48,72,60,92,222.0,169.0,1.0,825,13200,9749,3451,0.2631060606060606,"{""X1Y1"": 264, ""X2Y1"": 561}",True,NOT_PROVEN_WITHOUT_MOVED_FF_CONTROL_SET_REPLAY,NOT_PROVEN_READ_ONLY_SITE_INVENTORY_ONLY,22,DEST_X2Y1_MAJOR,22,EC8295A18CFB3214990035A3C2A8A03B2248BEA56069D816345F1D2C0CC4741A,True,,False,False,U_NEG_UPSTREAM_WORSENING;D_NEG_NO_MEDIAN_IMPROVEMENT,,False,True,False,True,"[0.0, 63.0, 22.0, 0.0, 0.0, 0.0, 0.0, 0.0, 22.0]",58,0.0,0.0,63.0,77.0,77.0,1277.0,0,22,36,58,-0.136,-0.0885,-0.043,-0.028,-0.017,-4.796,6,0.0,0.0,0.0,0.0,0.0,0.0,0,0,6,6,0.011,0.040999999999999995,0.066,0.066,0.066,0.241,201,-79.0,0.0,0.0,0.0,33.0,-1472.0,57,8,136,201,-0.133,-0.038,-0.006,-0.003,-0.001,-7.99,384,-96.0,0.0,0.0,6.0,40.0,-2829.0,109,30,245,384,0.0,0.043,0.07,0.074,0.078,15.882,4032,-96.0,0.0,6.0,22.0,46.0,-19576.0,875,489,2668,4032,-0.133,0.357,0.894,1.023,1.334,1673.434
A_X060_Y076,60,76,48,72,60,92,222.0,169.0,1.0,825,13200,9749,3451,0.26295454545454544,"{""X1Y1"": 264, ""X2Y1"": 561}",True,NOT_PROVEN_WITHOUT_MOVED_FF_CONTROL_SET_REPLAY,NOT_PROVEN_READ_ONLY_SITE_INVENTORY_ONLY,20,DEST_X3Y1_MAJOR,20,D8DF451BC1C4EF6032E28F4D3065B488CCF48FA9921667AB64B2E0E8D05D4049,True,,False,False,U_NEG_UPSTREAM_WORSENING;U_PASS_UPSTREAM_INCREASE;D_NEG_NO_MEDIAN_IMPROVEMENT,,False,False,False,True,"[0.0, 69.0, 15.0, 5.0, 0.0, 22.0, 0.0, 0.0, 20.0]",58,0.0,0.0,69.0,77.0,85.0,928.0,0,15,43,58,-0.136,-0.0885,-0.043,-0.028,-0.017,-4.796,6,0.0,54.5,77.0,77.0,77.0,302.0,0,5,1,6,0.011,0.040999999999999995,0.066,0.066,0.066,0.241,201,-42.0,0.0,22.0,31.0,47.0,-706.0,73,53,75,201,-0.133,-0.038,-0.006,-0.003,-0.001,-7.99,384,-83.0,0.0,11.0,26.0,47.0,-1465.0,101,67,216,384,0.0,0.043,0.07,0.074,0.078,15.882,4032,-93.0,0.0,4.0,20.0,51.0,-16630.0,802,447,2783,4032,-0.133,0.357,0.894,1.023,1.334,1673.434
A_X060_Y076,60,76,48,72,60,92,222.0,169.0,1.0,825,13200,9749,3451,0.2631060606060606,"{""X1Y1"": 264, ""X2Y1"": 561}",True,NOT_PROVEN_WITHOUT_MOVED_FF_CONTROL_SET_REPLAY,NOT_PROVEN_READ_ONLY_SITE_INVENTORY_ONLY,22,DEST_MIXED_OR_OTHER,22,62A80A6BF2780309EBB7ACB65499DC33F9E420F49ABAF670FF853CD53D650A7D,True,,False,False,U_NEG_UPSTREAM_WORSENING;U_PASS_UPSTREAM_INCREASE;D_NEG_NO_MEDIAN_IMPROVEMENT,,False,False,False,True,"[0.0, 67.0, 21.0, 1.0, 0.0, 0.0, 0.0, 0.0, 22.0]",58,0.0,0.0,67.0,77.0,80.0,1234.0,0,21,37,58,-0.136,-0.0885,-0.043,-0.028,-0.017,-4.796,6,0.0,0.0,72.0,72.0,72.0,72.0,0,1,5,6,0.011,0.040999999999999995,0.066,0.066,0.066,0.241,201,-34.0,0.0,0.0,0.0,36.0,-20.0,6,4,191,201,-0.133,-0.038,-0.006,-0.003,-0.001,-7.99,384,-90.0,0.0,0.0,0.0,40.0,-1196.0,54,18,312,384,0.0,0.043,0.07,0.074,0.078,15.882,4032,-98.0,0.0,8.0,22.0,47.0,-17552.0,849,523,2660,4032,-0.133,0.357,0.894,1.023,1.334,1673.434
A_X060_Y076,60,76,48,72,60,92,222.0,169.0,1.0,825,13200,9749,3451,0.26265151515151514,"{""X1Y1"": 264, ""X2Y1"": 561}",True,NOT_PROVEN_WITHOUT_MOVED_FF_CONTROL_SET_REPLAY,NOT_PROVEN_READ_ONLY_SITE_INVENTORY_ONLY,16,FEATURE_BIN_0,16,25AFEB422DB3BDBEF4DCE97A6D1274116E7B27A3B94E395D479DC22D3DE14FFD,True,,False,False,U_NEG_UPSTREAM_WORSENING;D_NEG_NO_MEDIAN_IMPROVEMENT,,False,True,False,True,"[0.0, 58.0, 16.0, 0.0, 0.0, 0.0, 0.0, 0.0, 16.0]",58,0.0,0.0,58.0,67.0,77.0,915.0,0,16,42,58,-0.136,-0.0885,-0.043,-0.028,-0.017,-4.796,6,0.0,0.0,0.0,0.0,0.0,0.0,0,0,6,6,0.011,0.040999999999999995,0.066,0.066,0.066,0.241,201,-48.0,0.0,0.0,21.0,33.0,-626.0,45,19,137,201,-0.133,-0.038,-0.006,-0.003,-0.001,-7.99,384,-79.0,0.0,0.0,0.0,36.0,-1832.0,75,19,290,384,0.0,0.043,0.07,0.074,0.078,15.882,4032,-86.0,0.0,0.0,13.0,38.0,-14336.0,639,358,3035,4032,-0.133,0.357,0.894,1.023,1.334,1673.434
A_X060_Y076,60,76,48,72,60,92,222.0,169.0,1.0,825,13200,9749,3451,0.26265151515151514,"{""X1Y1"": 264, ""X2Y1"": 561}",True,NOT_PROVEN_WITHOUT_MOVED_FF_CONTROL_SET_REPLAY,NOT_PROVEN_READ_ONLY_SITE_INVENTORY_ONLY,16,FEATURE_BIN_1,16,863B9B0389C1B994C73ED0C57EC56A84FD6D317708E59D47B391DA86E44D3A8E,True,,False,False,U_NEG_UPSTREAM_WORSENING;U_PASS_UPSTREAM_INCREASE;D_NEG_NO_MEDIAN_IMPROVEMENT,,False,False,False,True,"[0.0, 69.0, 14.0, 2.0, 0.0, 0.0, 0.0, 0.0, 16.0]",58,0.0,0.0,69.0,77.0,85.0,864.0,0,14,44,58,-0.136,-0.0885,-0.043,-0.028,-0.017,-4.796,6,0.0,0.0,77.0,77.0,77.0,137.0,0,2,4,6,0.011,0.040999999999999995,0.066,0.066,0.066,0.241,201,-79.0,0.0,0.0,7.0,36.0,-864.0,35,13,153,201,-0.133,-0.038,-0.006,-0.003,-0.001,-7.99,384,-86.0,0.0,0.0,18.0,36.0,-1235.0,69,34,281,384,0.0,0.043,0.07,0.074,0.078,15.882,4032,-98.0,0.0,0.0,13.0,43.0,-14640.0,656,343,3033,4032,-0.133,0.357,0.894,1.023,1.334,1673.434
A_X060_Y076,60,76,48,72,60,92,222.0,169.0,1.0,825,13200,9749,3451,0.26265151515151514,"{""X1Y1"": 264, ""X2Y1"": 561}",True,NOT_PROVEN_WITHOUT_MOVED_FF_CONTROL_SET_REPLAY,NOT_PROVEN_READ_ONLY_SITE_INVENTORY_ONLY,16,FEATURE_BIN_2,16,18F6AC63D50EACD2B5F6CC669CA58252595A0313B759D7A0EC563D4D8CFF4410,True,,False,False,U_NEG_UPSTREAM_WORSENING;U_PASS_UPSTREAM_INCREASE;D_NEG_NO_MEDIAN_IMPROVEMENT,,False,False,False,True,"[0.0, 60.0, 14.0, 2.0, 0.0, 4.0, 0.0, 0.0, 16.0]",58,0.0,0.0,60.0,77.0,77.0,832.0,0,14,44,58,-0.136,-0.0885,-0.043,-0.028,-0.017,-4.796,6,0.0,0.0,77.0,77.0,77.0,126.0,0,2,4,6,0.011,0.040999999999999995,0.066,0.066,0.066,0.241,201,-56.0,0.0,4.0,9.0,34.0,-496.0,35,22,144,201,-0.133,-0.038,-0.006,-0.003,-0.001,-7.99,384,-90.0,0.0,0.0,7.0,35.0,-1382.0,60,25,299,384,0.0,0.043,0.07,0.074,0.078,15.882,4032,-95.0,0.0,0.0,14.0,44.0,-14642.0,653,351,3028,4032,-0.133,0.357,0.894,1.023,1.334,1673.434
A_X060_Y076,60,76,48,72,60,92,222.0,169.0,1.0,825,13200,9749,3451,0.26265151515151514,"{""X1Y1"": 264, ""X2Y1"": 561}",True,NOT_PROVEN_WITHOUT_MOVED_FF_CONTROL_SET_REPLAY,NOT_PROVEN_READ_ONLY_SITE_INVENTORY_ONLY,16,FEATURE_BIN_3,16,6D6B2605916DFCDD525A27838AC825D18C62B807369D6E6322040D77ED73CF54,True,,False,False,U_NEG_UPSTREAM_WORSENING;U_PASS_UPSTREAM_INCREASE;D_NEG_NO_MEDIAN_IMPROVEMENT,,False,False,False,True,"[0.0, 61.0, 14.0, 2.0, 0.0, 0.0, 0.0, 0.0, 16.0]",58,0.0,0.0,61.0,77.0,77.0,828.0,0,14,44,58,-0.136,-0.0885,-0.043,-0.028,-0.017,-4.796,6,0.0,0.0,72.0,72.0,72.0,111.0,0,2,4,6,0.011,0.040999999999999995,0.066,0.066,0.066,0.241,201,-44.0,0.0,0.0,2.0,47.0,-212.0,21,11,169,201,-0.133,-0.038,-0.006,-0.003,-0.001,-7.99,384,-96.0,0.0,0.0,13.0,47.0,-1041.0,60,37,287,384,0.0,0.043,0.07,0.074,0.078,15.882,4032,-96.0,0.0,2.0,19.0,51.0,-10140.0,578,407,3047,4032,-0.133,0.357,0.894,1.023,1.334,1673.434
A_X060_Y080,60,80,48,72,64,96,222.0,165.0,1.0,825,13200,9433,3767,0.2902272727272727,"{""X1Y1"": 264, ""X2Y1"": 561}",True,NOT_PROVEN_WITHOUT_MOVED_FF_CONTROL_SET_REPLAY,NOT_PROVEN_READ_ONLY_SITE_INVENTORY_ONLY,64,ALL_64,64,A49D88051B2D2E5D1255D4F806A7569CDA9B33A650A908566197031349AD8DB4,True,,False,False,U_NEG_UPSTREAM_WORSENING;U_PASS_UPSTREAM_INCREASE,,False,False,True,True,"[51.5, 73.0, 58.0, 6.0, -20.0, 24.0, -20.0, -18.0, 64.0]",58,23.0,51.5,73.0,73.0,81.0,3207.0,0,58,0,58,-0.136,-0.0885,-0.043,-0.028,-0.017,-4.796,6,35.0,62.0,73.0,73.0,73.0,350.0,0,6,0,6,0.011,0.040999999999999995,0.066,0.066,0.066,0.241,201,-81.0,-20.0,24.0,28.0,43.0,-2686.0,139,56,6,201,-0.133,-0.038,-0.006,-0.003,-0.001,-7.99,384,-92.0,-20.0,20.0,28.0,43.0,-6296.0,277,100,7,384,0.0,0.043,0.07,0.074,0.078,15.882,4032,-94.0,-18.0,24.0,30.0,47.0,-65070.0,2675,1294,63,4032,-0.133,0.357,0.894,1.023,1.334,1673.434
A_X060_Y080,60,80,48,72,64,96,222.0,165.0,1.0,825,13200,9433,3767,0.28704545454545455,"{""X1Y1"": 264, ""X2Y1"": 561}",True,NOT_PROVEN_WITHOUT_MOVED_FF_CONTROL_SET_REPLAY,NOT_PROVEN_READ_ONLY_SITE_INVENTORY_ONLY,22,DEST_X2Y1_MAJOR,22,EC8295A18CFB3214990035A3C2A8A03B2248BEA56069D816345F1D2C0CC4741A,True,,False,False,U_NEG_UPSTREAM_WORSENING;D_NEG_NO_MEDIAN_IMPROVEMENT,,False,True,False,True,"[0.0, 59.0, 22.0, 0.0, 0.0, 0.0, 0.0, 0.0, 22.0]",58,0.0,0.0,59.0,73.0,73.0,1189.0,0,22,36,58,-0.136,-0.0885,-0.043,-0.028,-0.017,-4.796,6,0.0,0.0,0.0,0.0,0.0,0.0,0,0,6,6,0.011,0.040999999999999995,0.066,0.066,0.066,0.241,201,-81.0,0.0,0.0,0.0,29.0,-1580.0,58,7,136,201,-0.133,-0.038,-0.006,-0.003,-0.001,-7.99,384,-92.0,0.0,0.0,2.0,36.0,-3149.0,114,25,245,384,0.0,0.043,0.07,0.074,0.078,15.882,4032,-94.0,0.0,2.0,18.0,42.0,-23532.0,926,432,2674,4032,-0.133,0.357,0.894,1.023,1.334,1673.434
A_X060_Y080,60,80,48,72,64,96,222.0,165.0,1.0,825,13200,9433,3767,0.28689393939393937,"{""X1Y1"": 264, ""X2Y1"": 561}",True,NOT_PROVEN_WITHOUT_MOVED_FF_CONTROL_SET_REPLAY,NOT_PROVEN_READ_ONLY_SITE_INVENTORY_ONLY,20,DEST_X3Y1_MAJOR,20,D8DF451BC1C4EF6032E28F4D3065B488CCF48FA9921667AB64B2E0E8D05D4049,True,,False,False,U_NEG_UPSTREAM_WORSENING;U_PASS_UPSTREAM_INCREASE;D_NEG_NO_MEDIAN_IMPROVEMENT,,False,False,False,True,"[0.0, 65.0, 15.0, 5.0, 0.0, 18.0, 0.0, 0.0, 20.0]",58,0.0,0.0,65.0,73.0,81.0,868.0,0,15,43,58,-0.136,-0.0885,-0.043,-0.028,-0.017,-4.796,6,0.0,50.5,73.0,73.0,73.0,282.0,0,5,1,6,0.011,0.040999999999999995,0.066,0.066,0.066,0.241,201,-38.0,0.0,18.0,27.0,43.0,-1062.0,74,46,81,201,-0.133,-0.038,-0.006,-0.003,-0.001,-7.99,384,-87.0,0.0,7.0,22.0,43.0,-1857.0,106,59,219,384,0.0,0.043,0.07,0.074,0.078,15.882,4032,-91.0,0.0,0.0,16.0,47.0,-20156.0,845,392,2795,4032,-0.133,0.357,0.894,1.023,1.334,1673.434
A_X060_Y080,60,80,48,72,64,96,222.0,165.0,1.0,825,13200,9433,3767,0.28704545454545455,"{""X1Y1"": 264, ""X2Y1"": 561}",True,NOT_PROVEN_WITHOUT_MOVED_FF_CONTROL_SET_REPLAY,NOT_PROVEN_READ_ONLY_SITE_INVENTORY_ONLY,22,DEST_MIXED_OR_OTHER,22,62A80A6BF2780309EBB7ACB65499DC33F9E420F49ABAF670FF853CD53D650A7D,True,,False,False,U_NEG_UPSTREAM_WORSENING;U_PASS_UPSTREAM_INCREASE;D_NEG_NO_MEDIAN_IMPROVEMENT,,False,False,False,True,"[0.0, 63.0, 21.0, 1.0, 0.0, 0.0, 0.0, 0.0, 22.0]",58,0.0,0.0,63.0,73.0,76.0,1150.0,0,21,37,58,-0.136,-0.0885,-0.043,-0.028,-0.017,-4.796,6,0.0,0.0,68.0,68.0,68.0,68.0,0,1,5,6,0.011,0.040999999999999995,0.066,0.066,0.066,0.241,201,-31.0,0.0,0.0,0.0,32.0,-44.0,7,3,191,201,-0.133,-0.038,-0.006,-0.003,-0.001,-7.99,384,-86.0,0.0,0.0,0.0,36.0,-1290.0,57,16,311,384,0.0,0.043,0.07,0.074,0.078,15.882,4032,-94.0,0.0,4.0,18.0,43.0,-21382.0,904,470,2658,4032,-0.133,0.357,0.894,1.023,1.334,1673.434
A_X060_Y080,60,80,48,72,64,96,222.0,165.0,1.0,825,13200,9433,3767,0.2865909090909091,"{""X1Y1"": 264, ""X2Y1"": 561}",True,NOT_PROVEN_WITHOUT_MOVED_FF_CONTROL_SET_REPLAY,NOT_PROVEN_READ_ONLY_SITE_INVENTORY_ONLY,16,FEATURE_BIN_0,16,25AFEB422DB3BDBEF4DCE97A6D1274116E7B27A3B94E395D479DC22D3DE14FFD,True,,False,False,U_NEG_UPSTREAM_WORSENING;D_NEG_NO_MEDIAN_IMPROVEMENT,,False,True,False,True,"[0.0, 54.0, 16.0, 0.0, 0.0, 0.0, 0.0, 0.0, 16.0]",58,0.0,0.0,54.0,63.0,73.0,851.0,0,16,42,58,-0.136,-0.0885,-0.043,-0.028,-0.017,-4.796,6,0.0,0.0,0.0,0.0,0.0,0.0,0,0,6,6,0.011,0.040999999999999995,0.066,0.066,0.066,0.241,201,-52.0,0.0,0.0,17.0,29.0,-822.0,46,15,140,201,-0.133,-0.038,-0.006,-0.003,-0.001,-7.99,384,-79.0,0.0,0.0,0.0,32.0,-2006.0,79,12,293,384,0.0,0.043,0.07,0.074,0.078,15.882,4032,-84.0,0.0,0.0,9.0,34.0,-17210.0,683,305,3044,4032,-0.133,0.357,0.894,1.023,1.334,1673.434
A_X060_Y080,60,80,48,72,64,96,222.0,165.0,1.0,825,13200,9433,3767,0.2865909090909091,"{""X1Y1"": 264, ""X2Y1"": 561}",True,NOT_PROVEN_WITHOUT_MOVED_FF_CONTROL_SET_REPLAY,NOT_PROVEN_READ_ONLY_SITE_INVENTORY_ONLY,16,FEATURE_BIN_1,16,863B9B0389C1B994C73ED0C57EC56A84FD6D317708E59D47B391DA86E44D3A8E,True,,False,False,U_NEG_UPSTREAM_WORSENING;U_PASS_UPSTREAM_INCREASE;D_NEG_NO_MEDIAN_IMPROVEMENT,,False,False,False,True,"[0.0, 65.0, 14.0, 2.0, 0.0, 0.0, 0.0, 0.0, 16.0]",58,0.0,0.0,65.0,73.0,81.0,808.0,0,14,44,58,-0.136,-0.0885,-0.043,-0.028,-0.017,-4.796,6,0.0,0.0,73.0,73.0,73.0,129.0,0,2,4,6,0.011,0.040999999999999995,0.066,0.066,0.066,0.241,201,-81.0,0.0,0.0,3.0,32.0,-912.0,35,12,154,201,-0.133,-0.038,-0.006,-0.003,-0.001,-7.99,384,-84.0,0.0,0.0,14.0,32.0,-1461.0,73,31,280,384,0.0,0.043,0.07,0.074,0.078,15.882,4032,-94.0,0.0,0.0,9.0,39.0,-17380.0,697,308,3027,4032,-0.133,0.357,0.894,1.023,1.334,1673.434
A_X060_Y080,60,80,48,72,64,96,222.0,165.0,1.0,825,13200,9433,3767,0.2865909090909091,"{""X1Y1"": 264, ""X2Y1"": 561}",True,NOT_PROVEN_WITHOUT_MOVED_FF_CONTROL_SET_REPLAY,NOT_PROVEN_READ_ONLY_SITE_INVENTORY_ONLY,16,FEATURE_BIN_2,16,18F6AC63D50EACD2B5F6CC669CA58252595A0313B759D7A0EC563D4D8CFF4410,True,,False,False,U_NEG_UPSTREAM_WORSENING;U_PASS_UPSTREAM_INCREASE;D_NEG_NO_MEDIAN_IMPROVEMENT,,False,False,False,True,"[0.0, 56.0, 14.0, 2.0, 0.0, 0.0, 0.0, 0.0, 16.0]",58,0.0,0.0,56.0,73.0,73.0,776.0,0,14,44,58,-0.136,-0.0885,-0.043,-0.028,-0.017,-4.796,6,0.0,0.0,73.0,73.0,73.0,118.0,0,2,4,6,0.011,0.040999999999999995,0.066,0.066,0.066,0.241,201,-60.0,0.0,0.0,5.0,30.0,-672.0,36,19,146,201,-0.133,-0.038,-0.006,-0.003,-0.001,-7.99,384,-87.0,0.0,0.0,3.0,31.0,-1596.0,61,22,301,384,0.0,0.043,0.07,0.074,0.078,15.882,4032,-92.0,0.0,0.0,10.0,40.0,-17654.0,694,300,3038,4032,-0.133,0.357,0.894,1.023,1.334,1673.434
A_X060_Y080,60,80,48,72,64,96,222.0,165.0,1.0,825,13200,9433,3767,0.2865909090909091,"{""X1Y1"": 264, ""X2Y1"": 561}",True,NOT_PROVEN_WITHOUT_MOVED_FF_CONTROL_SET_REPLAY,NOT_PROVEN_READ_ONLY_SITE_INVENTORY_ONLY,16,FEATURE_BIN_3,16,6D6B2605916DFCDD525A27838AC825D18C62B807369D6E6322040D77ED73CF54,True,,False,False,U_NEG_UPSTREAM_WORSENING;U_PASS_UPSTREAM_INCREASE;D_NEG_NO_MEDIAN_IMPROVEMENT,,False,False,False,True,"[0.0, 57.0, 14.0, 2.0, 0.0, 0.0, 0.0, 0.0, 16.0]",58,0.0,0.0,57.0,73.0,73.0,772.0,0,14,44,58,-0.136,-0.0885,-0.043,-0.028,-0.017,-4.796,6,0.0,0.0,68.0,68.0,68.0,103.0,0,2,4,6,0.011,0.040999999999999995,0.066,0.066,0.066,0.241,201,-40.0,0.0,0.0,0.0,43.0,-280.0,22,10,169,201,-0.133,-0.038,-0.006,-0.003,-0.001,-7.99,384,-92.0,0.0,0.0,9.0,43.0,-1233.0,64,35,285,384,0.0,0.043,0.07,0.074,0.078,15.882,4032,-94.0,0.0,0.0,15.0,47.0,-12826.0,601,381,3050,4032,-0.133,0.357,0.894,1.023,1.334,1673.434
A_X060_Y084,60,84,48,72,68,100,222.0,161.0,1.0,825,13200,9311,3889,0.299469696969697,"{""X1Y1"": 264, ""X2Y1"": 561}",True,NOT_PROVEN_WITHOUT_MOVED_FF_CONTROL_SET_REPLAY,NOT_PROVEN_READ_ONLY_SITE_INVENTORY_ONLY,64,ALL_64,64,A49D88051B2D2E5D1255D4F806A7569CDA9B33A650A908566197031349AD8DB4,True,,False,False,U_NEG_UPSTREAM_WORSENING;U_PASS_UPSTREAM_INCREASE,,False,False,True,True,"[47.5, 69.0, 58.0, 6.0, -21.0, 20.0, -22.0, -21.0, 64.0]",58,19.0,47.5,69.0,69.0,77.0,2975.0,0,58,0,58,-0.136,-0.0885,-0.043,-0.028,-0.017,-4.796,6,31.0,58.0,69.0,69.0,69.0,326.0,0,6,0,6,0.011,0.040999999999999995,0.066,0.066,0.066,0.241,201,-77.0,-21.0,20.0,24.0,39.0,-2920.0,159,40,2,201,-0.133,-0.038,-0.006,-0.003,-0.001,-7.99,384,-90.0,-22.0,16.0,24.0,39.0,-6696.0,303,79,2,384,0.0,0.043,0.07,0.074,0.078,15.882,4032,-90.0,-21.0,20.0,26.0,43.0,-73420.0,2927,1055,50,4032,-0.133,0.357,0.894,1.023,1.334,1673.434
A_X060_Y084,60,84,48,72,68,100,222.0,161.0,1.0,825,13200,9311,3889,0.29628787878787877,"{""X1Y1"": 264, ""X2Y1"": 561}",True,NOT_PROVEN_WITHOUT_MOVED_FF_CONTROL_SET_REPLAY,NOT_PROVEN_READ_ONLY_SITE_INVENTORY_ONLY,22,DEST_X2Y1_MAJOR,22,EC8295A18CFB3214990035A3C2A8A03B2248BEA56069D816345F1D2C0CC4741A,True,,False,False,U_NEG_UPSTREAM_WORSENING;D_NEG_NO_MEDIAN_IMPROVEMENT,,False,True,False,True,"[0.0, 55.0, 22.0, 0.0, 0.0, 0.0, 0.0, 0.0, 22.0]",58,0.0,0.0,55.0,69.0,69.0,1101.0,0,22,36,58,-0.136,-0.0885,-0.043,-0.028,-0.017,-4.796,6,0.0,0.0,0.0,0.0,0.0,0.0,0,0,6,6,0.011,0.040999999999999995,0.066,0.066,0.066,0.241,201,-77.0,0.0,0.0,0.0,25.0,-1550.0,62,3,136,201,-0.133,-0.038,-0.006,-0.003,-0.001,-7.99,384,-90.0,0.0,0.0,0.0,32.0,-3273.0,126,14,244,384,0.0,0.043,0.07,0.074,0.078,15.882,4032,-90.0,0.0,0.0,14.0,38.0,-26392.0,1030,329,2673,4032,-0.133,0.357,0.894,1.023,1.334,1673.434
A_X060_Y084,60,84,48,72,68,100,222.0,161.0,1.0,825,13200,9311,3889,0.29613636363636364,"{""X1Y1"": 264, ""X2Y1"": 561}",True,NOT_PROVEN_WITHOUT_MOVED_FF_CONTROL_SET_REPLAY,NOT_PROVEN_READ_ONLY_SITE_INVENTORY_ONLY,20,DEST_X3Y1_MAJOR,20,D8DF451BC1C4EF6032E28F4D3065B488CCF48FA9921667AB64B2E0E8D05D4049,True,,False,False,U_NEG_UPSTREAM_WORSENING;U_PASS_UPSTREAM_INCREASE;D_NEG_NO_MEDIAN_IMPROVEMENT,,False,False,False,True,"[0.0, 61.0, 15.0, 5.0, 0.0, 14.0, 0.0, 0.0, 20.0]",58,0.0,0.0,61.0,69.0,77.0,808.0,0,15,43,58,-0.136,-0.0885,-0.043,-0.028,-0.017,-4.796,6,0.0,46.5,69.0,69.0,69.0,262.0,0,5,1,6,0.011,0.040999999999999995,0.066,0.066,0.066,0.241,201,-34.0,0.0,14.0,23.0,39.0,-1304.0,90,34,77,201,-0.133,-0.038,-0.006,-0.003,-0.001,-7.99,384,-87.0,0.0,3.0,18.0,39.0,-2101.0,120,49,215,384,0.0,0.043,0.07,0.074,0.078,15.882,4032,-87.0,0.0,0.0,12.0,43.0,-22752.0,920,332,2780,4032,-0.133,0.357,0.894,1.023,1.334,1673.434
A_X060_Y084,60,84,48,72,68,100,222.0,161.0,1.0,825,13200,9311,3889,0.29628787878787877,"{""X1Y1"": 264, ""X2Y1"": 561}",True,NOT_PROVEN_WITHOUT_MOVED_FF_CONTROL_SET_REPLAY,NOT_PROVEN_READ_ONLY_SITE_INVENTORY_ONLY,22,DEST_MIXED_OR_OTHER,22,62A80A6BF2780309EBB7ACB65499DC33F9E420F49ABAF670FF853CD53D650A7D,True,,False,False,U_NEG_UPSTREAM_WORSENING;U_PASS_UPSTREAM_INCREASE;D_NEG_NO_MEDIAN_IMPROVEMENT,,False,False,False,True,"[0.0, 59.0, 21.0, 1.0, 0.0, 0.0, 0.0, 0.0, 22.0]",58,0.0,0.0,59.0,69.0,72.0,1066.0,0,21,37,58,-0.136,-0.0885,-0.043,-0.028,-0.017,-4.796,6,0.0,0.0,64.0,64.0,64.0,64.0,0,1,5,6,0.011,0.040999999999999995,0.066,0.066,0.066,0.241,201,-33.0,0.0,0.0,0.0,28.0,-66.0,7,3,191,201,-0.133,-0.038,-0.006,-0.003,-0.001,-7.99,384,-82.0,0.0,0.0,0.0,32.0,-1322.0,57,16,311,384,0.0,0.043,0.07,0.074,0.078,15.882,4032,-90.0,0.0,0.0,14.0,39.0,-24276.0,977,394,2661,4032,-0.133,0.357,0.894,1.023,1.334,1673.434
A_X060_Y084,60,84,48,72,68,100,222.0,161.0,1.0,825,13200,9311,3889,0.29583333333333334,"{""X1Y1"": 264, ""X2Y1"": 561}",True,NOT_PROVEN_WITHOUT_MOVED_FF_CONTROL_SET_REPLAY,NOT_PROVEN_READ_ONLY_SITE_INVENTORY_ONLY,16,FEATURE_BIN_0,16,25AFEB422DB3BDBEF4DCE97A6D1274116E7B27A3B94E395D479DC22D3DE14FFD,True,,False,False,U_NEG_UPSTREAM_WORSENING;D_NEG_NO_MEDIAN_IMPROVEMENT,,False,True,False,True,"[0.0, 50.0, 16.0, 0.0, 0.0, 0.0, 0.0, 0.0, 16.0]",58,0.0,0.0,50.0,59.0,69.0,787.0,0,16,42,58,-0.136,-0.0885,-0.043,-0.028,-0.017,-4.796,6,0.0,0.0,0.0,0.0,0.0,0.0,0,0,6,6,0.011,0.040999999999999995,0.066,0.066,0.066,0.241,201,-56.0,0.0,0.0,13.0,25.0,-956.0,51,12,138,201,-0.133,-0.038,-0.006,-0.003,-0.001,-7.99,384,-75.0,0.0,0.0,0.0,28.0,-2118.0,87,8,289,384,0.0,0.043,0.07,0.074,0.078,15.882,4032,-80.0,0.0,0.0,5.0,30.0,-19334.0,749,244,3039,4032,-0.133,0.357,0.894,1.023,1.334,1673.434
A_X060_Y084,60,84,48,72,68,100,222.0,161.0,1.0,825,13200,9311,3889,0.29583333333333334,"{""X1Y1"": 264, ""X2Y1"": 561}",True,NOT_PROVEN_WITHOUT_MOVED_FF_CONTROL_SET_REPLAY,NOT_PROVEN_READ_ONLY_SITE_INVENTORY_ONLY,16,FEATURE_BIN_1,16,863B9B0389C1B994C73ED0C57EC56A84FD6D317708E59D47B391DA86E44D3A8E,True,,False,False,U_NEG_UPSTREAM_WORSENING;U_PASS_UPSTREAM_INCREASE;D_NEG_NO_MEDIAN_IMPROVEMENT,,False,False,False,True,"[0.0, 61.0, 14.0, 2.0, 0.0, 0.0, 0.0, 0.0, 16.0]",58,0.0,0.0,61.0,69.0,77.0,752.0,0,14,44,58,-0.136,-0.0885,-0.043,-0.028,-0.017,-4.796,6,0.0,0.0,69.0,69.0,69.0,121.0,0,2,4,6,0.011,0.040999999999999995,0.066,0.066,0.066,0.241,201,-77.0,0.0,0.0,0.0,28.0,-906.0,39,9,153,201,-0.133,-0.038,-0.006,-0.003,-0.001,-7.99,384,-80.0,0.0,0.0,10.0,28.0,-1571.0,79,25,280,384,0.0,0.043,0.07,0.074,0.078,15.882,4032,-90.0,0.0,0.0,5.0,35.0,-19346.0,743,257,3032,4032,-0.133,0.357,0.894,1.023,1.334,1673.434
A_X060_Y084,60,84,48,72,68,100,222.0,161.0,1.0,825,13200,9311,3889,0.29583333333333334,"{""X1Y1"": 264, ""X2Y1"": 561}",True,NOT_PROVEN_WITHOUT_MOVED_FF_CONTROL_SET_REPLAY,NOT_PROVEN_READ_ONLY_SITE_INVENTORY_ONLY,16,FEATURE_BIN_2,16,18F6AC63D50EACD2B5F6CC669CA58252595A0313B759D7A0EC563D4D8CFF4410,True,,False,False,U_NEG_UPSTREAM_WORSENING;U_PASS_UPSTREAM_INCREASE;D_NEG_NO_MEDIAN_IMPROVEMENT,,False,False,False,True,"[0.0, 52.0, 14.0, 2.0, 0.0, 0.0, 0.0, 0.0, 16.0]",58,0.0,0.0,52.0,69.0,69.0,720.0,0,14,44,58,-0.136,-0.0885,-0.043,-0.028,-0.017,-4.796,6,0.0,0.0,69.0,69.0,69.0,110.0,0,2,4,6,0.011,0.040999999999999995,0.066,0.066,0.066,0.241,201,-64.0,0.0,0.0,1.0,26.0,-778.0,45,11,145,201,-0.133,-0.038,-0.006,-0.003,-0.001,-7.99,384,-87.0,0.0,0.0,0.0,27.0,-1696.0,66,19,299,384,0.0,0.043,0.07,0.074,0.078,15.882,4032,-88.0,0.0,0.0,6.0,36.0,-19816.0,763,241,3028,4032,-0.133,0.357,0.894,1.023,1.334,1673.434
A_X060_Y084,60,84,48,72,68,100,222.0,161.0,1.0,825,13200,9311,3889,0.29583333333333334,"{""X1Y1"": 264, ""X2Y1"": 561}",True,NOT_PROVEN_WITHOUT_MOVED_FF_CONTROL_SET_REPLAY,NOT_PROVEN_READ_ONLY_SITE_INVENTORY_ONLY,16,FEATURE_BIN_3,16,6D6B2605916DFCDD525A27838AC825D18C62B807369D6E6322040D77ED73CF54,True,,False,False,U_NEG_UPSTREAM_WORSENING;U_PASS_UPSTREAM_INCREASE;D_NEG_NO_MEDIAN_IMPROVEMENT,,False,False,False,True,"[0.0, 53.0, 14.0, 2.0, 0.0, 0.0, 0.0, 0.0, 16.0]",58,0.0,0.0,53.0,69.0,69.0,716.0,0,14,44,58,-0.136,-0.0885,-0.043,-0.028,-0.017,-4.796,6,0.0,0.0,64.0,64.0,64.0,95.0,0,2,4,6,0.011,0.040999999999999995,0.066,0.066,0.066,0.241,201,-36.0,0.0,0.0,0.0,39.0,-280.0,24,8,169,201,-0.133,-0.038,-0.006,-0.003,-0.001,-7.99,384,-90.0,0.0,0.0,5.0,39.0,-1311.0,71,27,286,384,0.0,0.043,0.07,0.074,0.078,15.882,4032,-90.0,0.0,0.0,11.0,43.0,-14924.0,672,313,3047,4032,-0.133,0.357,0.894,1.023,1.334,1673.434
A_X060_Y088,60,88,48,72,72,104,222.0,157.0,1.0,825,13200,9166,4034,0.3104545454545454,"{""X1Y1"": 264, ""X2Y1"": 561}",True,NOT_PROVEN_WITHOUT_MOVED_FF_CONTROL_SET_REPLAY,NOT_PROVEN_READ_ONLY_SITE_INVENTORY_ONLY,64,ALL_64,64,A49D88051B2D2E5D1255D4F806A7569CDA9B33A650A908566197031349AD8DB4,True,,False,False,U_NEG_UPSTREAM_WORSENING;U_PASS_UPSTREAM_INCREASE,,False,False,True,True,"[43.5, 65.0, 58.0, 6.0, -21.0, 16.0, -22.0, -21.0, 64.0]",58,15.0,43.5,65.0,65.0,73.0,2743.0,0,58,0,58,-0.136,-0.0885,-0.043,-0.028,-0.017,-4.796,6,27.0,54.0,65.0,65.0,65.0,302.0,0,6,0,6,0.011,0.040999999999999995,0.066,0.066,0.066,0.241,201,-73.0,-21.0,16.0,20.0,35.0,-2996.0,166,35,0,201,-0.133,-0.038,-0.006,-0.003,-0.001,-7.99,384,-86.0,-22.0,12.0,20.0,35.0,-6854.0,318,65,1,384,0.0,0.043,0.07,0.074,0.078,15.882,4032,-86.0,-21.0,16.0,22.0,39.0,-79644.0,3105,894,33,4032,-0.133,0.357,0.894,1.023,1.334,1673.434
A_X060_Y088,60,88,48,72,72,104,222.0,157.0,1.0,825,13200,9166,4034,0.30727272727272725,"{""X1Y1"": 264, ""X2Y1"": 561}",True,NOT_PROVEN_WITHOUT_MOVED_FF_CONTROL_SET_REPLAY,NOT_PROVEN_READ_ONLY_SITE_INVENTORY_ONLY,22,DEST_X2Y1_MAJOR,22,EC8295A18CFB3214990035A3C2A8A03B2248BEA56069D816345F1D2C0CC4741A,True,,False,False,U_NEG_UPSTREAM_WORSENING;D_NEG_NO_MEDIAN_IMPROVEMENT,,False,True,False,True,"[0.0, 51.0, 22.0, 0.0, 0.0, 0.0, 0.0, 0.0, 22.0]",58,0.0,0.0,51.0,65.0,65.0,1013.0,0,22,36,58,-0.136,-0.0885,-0.043,-0.028,-0.017,-4.796,6,0.0,0.0,0.0,0.0,0.0,0.0,0,0,6,6,0.011,0.040999999999999995,0.066,0.066,0.066,0.241,201,-73.0,0.0,0.0,0.0,21.0,-1474.0,62,3,136,201,-0.133,-0.038,-0.006,-0.003,-0.001,-7.99,384,-86.0,0.0,0.0,0.0,28.0,-3325.0,130,12,242,384,0.0,0.043,0.07,0.074,0.078,15.882,4032,-86.0,0.0,0.0,10.0,34.0,-28436.0,1099,274,2659,4032,-0.133,0.357,0.894,1.023,1.334,1673.434
A_X060_Y088,60,88,48,72,72,104,222.0,157.0,1.0,825,13200,9166,4034,0.30712121212121213,"{""X1Y1"": 264, ""X2Y1"": 561}",True,NOT_PROVEN_WITHOUT_MOVED_FF_CONTROL_SET_REPLAY,NOT_PROVEN_READ_ONLY_SITE_INVENTORY_ONLY,20,DEST_X3Y1_MAJOR,20,D8DF451BC1C4EF6032E28F4D3065B488CCF48FA9921667AB64B2E0E8D05D4049,True,,False,False,U_NEG_UPSTREAM_WORSENING;U_PASS_UPSTREAM_INCREASE;D_NEG_NO_MEDIAN_IMPROVEMENT,,False,False,False,True,"[0.0, 57.0, 15.0, 5.0, 0.0, 10.0, 0.0, 0.0, 20.0]",58,0.0,0.0,57.0,65.0,73.0,748.0,0,15,43,58,-0.136,-0.0885,-0.043,-0.028,-0.017,-4.796,6,0.0,42.5,65.0,65.0,65.0,242.0,0,5,1,6,0.011,0.040999999999999995,0.066,0.066,0.066,0.241,201,-30.0,0.0,10.0,19.0,35.0,-1442.0,97,29,75,201,-0.133,-0.038,-0.006,-0.003,-0.001,-7.99,384,-83.0,0.0,0.0,14.0,35.0,-2219.0,131,37,216,384,0.0,0.043,0.07,0.074,0.078,15.882,4032,-83.0,0.0,0.0,8.0,39.0,-24706.0,969,285,2778,4032,-0.133,0.357,0.894,1.023,1.334,1673.434
A_X060_Y088,60,88,48,72,72,104,222.0,157.0,1.0,825,13200,9166,4034,0.30727272727272725,"{""X1Y1"": 264, ""X2Y1"": 561}",True,NOT_PROVEN_WITHOUT_MOVED_FF_CONTROL_SET_REPLAY,NOT_PROVEN_READ_ONLY_SITE_INVENTORY_ONLY,22,DEST_MIXED_OR_OTHER,22,62A80A6BF2780309EBB7ACB65499DC33F9E420F49ABAF670FF853CD53D650A7D,True,,False,False,U_NEG_UPSTREAM_WORSENING;U_PASS_UPSTREAM_INCREASE;D_NEG_NO_MEDIAN_IMPROVEMENT,,False,False,False,True,"[0.0, 55.0, 21.0, 1.0, 0.0, 0.0, 0.0, 0.0, 22.0]",58,0.0,0.0,55.0,65.0,68.0,982.0,0,21,37,58,-0.136,-0.0885,-0.043,-0.028,-0.017,-4.796,6,0.0,0.0,60.0,60.0,60.0,60.0,0,1,5,6,0.011,0.040999999999999995,0.066,0.066,0.066,0.241,201,-29.0,0.0,0.0,0.0,24.0,-80.0,7,3,191,201,-0.133,-0.038,-0.006,-0.003,-0.001,-7.99,384,-78.0,0.0,0.0,0.0,28.0,-1310.0,57,16,311,384,0.0,0.043,0.07,0.074,0.078,15.882,4032,-86.0,0.0,0.0,10.0,35.0,-26502.0,1037,335,2660,4032,-0.133,0.357,0.894,1.023,1.334,1673.434
A_X060_Y088,60,88,48,72,72,104,222.0,157.0,1.0,825,13200,9166,4034,0.3068181818181818,"{""X1Y1"": 264, ""X2Y1"": 561}",True,NOT_PROVEN_WITHOUT_MOVED_FF_CONTROL_SET_REPLAY,NOT_PROVEN_READ_ONLY_SITE_INVENTORY_ONLY,16,FEATURE_BIN_0,16,25AFEB422DB3BDBEF4DCE97A6D1274116E7B27A3B94E395D479DC22D3DE14FFD,True,,False,False,U_NEG_UPSTREAM_WORSENING;D_NEG_NO_MEDIAN_IMPROVEMENT,,False,True,False,True,"[0.0, 46.0, 16.0, 0.0, 0.0, 0.0, 0.0, 0.0, 16.0]",58,0.0,0.0,46.0,55.0,65.0,723.0,0,16,42,58,-0.136,-0.0885,-0.043,-0.028,-0.017,-4.796,6,0.0,0.0,0.0,0.0,0.0,0.0,0,0,6,6,0.011,0.040999999999999995,0.066,0.066,0.066,0.241,201,-60.0,0.0,0.0,9.0,21.0,-1038.0,53,11,137,201,-0.133,-0.038,-0.006,-0.003,-0.001,-7.99,384,-72.0,0.0,0.0,0.0,24.0,-2140.0,88,8,288,384,0.0,0.043,0.07,0.074,0.078,15.882,4032,-76.0,0.0,0.0,1.0,26.0,-20884.0,791,210,3031,4032,-0.133,0.357,0.894,1.023,1.334,1673.434
A_X060_Y088,60,88,48,72,72,104,222.0,157.0,1.0,825,13200,9166,4034,0.3068181818181818,"{""X1Y1"": 264, ""X2Y1"": 561}",True,NOT_PROVEN_WITHOUT_MOVED_FF_CONTROL_SET_REPLAY,NOT_PROVEN_READ_ONLY_SITE_INVENTORY_ONLY,16,FEATURE_BIN_1,16,863B9B0389C1B994C73ED0C57EC56A84FD6D317708E59D47B391DA86E44D3A8E,True,,False,False,U_NEG_UPSTREAM_WORSENING;U_PASS_UPSTREAM_INCREASE;D_NEG_NO_MEDIAN_IMPROVEMENT,,False,False,False,True,"[0.0, 57.0, 14.0, 2.0, 0.0, 0.0, 0.0, 0.0, 16.0]",58,0.0,0.0,57.0,65.0,73.0,696.0,0,14,44,58,-0.136,-0.0885,-0.043,-0.028,-0.017,-4.796,6,0.0,0.0,65.0,65.0,65.0,113.0,0,2,4,6,0.011,0.040999999999999995,0.066,0.066,0.066,0.241,201,-73.0,0.0,0.0,0.0,24.0,-876.0,41,7,153,201,-0.133,-0.038,-0.006,-0.003,-0.001,-7.99,384,-76.0,0.0,0.0,6.0,24.0,-1661.0,80,24,280,384,0.0,0.043,0.07,0.074,0.078,15.882,4032,-86.0,0.0,0.0,1.0,31.0,-20822.0,788,216,3028,4032,-0.133,0.357,0.894,1.023,1.334,1673.434
A_X060_Y088,60,88,48,72,72,104,222.0,157.0,1.0,825,13200,9166,4034,0.3068181818181818,"{""X1Y1"": 264, ""X2Y1"": 561}",True,NOT_PROVEN_WITHOUT_MOVED_FF_CONTROL_SET_REPLAY,NOT_PROVEN_READ_ONLY_SITE_INVENTORY_ONLY,16,FEATURE_BIN_2,16,18F6AC63D50EACD2B5F6CC669CA58252595A0313B759D7A0EC563D4D8CFF4410,True,,False,False,U_NEG_UPSTREAM_WORSENING;U_PASS_UPSTREAM_INCREASE;D_NEG_NO_MEDIAN_IMPROVEMENT,,False,False,False,True,"[0.0, 48.0, 14.0, 2.0, 0.0, 0.0, 0.0, 0.0, 16.0]",58,0.0,0.0,48.0,65.0,65.0,664.0,0,14,44,58,-0.136,-0.0885,-0.043,-0.028,-0.017,-4.796,6,0.0,0.0,65.0,65.0,65.0,102.0,0,2,4,6,0.011,0.040999999999999995,0.066,0.066,0.066,0.241,201,-68.0,0.0,0.0,0.0,22.0,-820.0,47,10,144,201,-0.133,-0.038,-0.006,-0.003,-0.001,-7.99,384,-83.0,0.0,0.0,0.0,23.0,-1708.0,71,13,300,384,0.0,0.043,0.07,0.074,0.078,15.882,4032,-84.0,0.0,0.0,2.0,32.0,-21360.0,803,206,3023,4032,-0.133,0.357,0.894,1.023,1.334,1673.434
A_X060_Y088,60,88,48,72,72,104,222.0,157.0,1.0,825,13200,9166,4034,0.3068181818181818,"{""X1Y1"": 264, ""X2Y1"": 561}",True,NOT_PROVEN_WITHOUT_MOVED_FF_CONTROL_SET_REPLAY,NOT_PROVEN_READ_ONLY_SITE_INVENTORY_ONLY,16,FEATURE_BIN_3,16,6D6B2605916DFCDD525A27838AC825D18C62B807369D6E6322040D77ED73CF54,True,,False,False,U_NEG_UPSTREAM_WORSENING;U_PASS_UPSTREAM_INCREASE;D_NEG_NO_MEDIAN_IMPROVEMENT,,False,False,False,True,"[0.0, 49.0, 14.0, 2.0, 0.0, 0.0, 0.0, 0.0, 16.0]",58,0.0,0.0,49.0,65.0,65.0,660.0,0,14,44,58,-0.136,-0.0885,-0.043,-0.028,-0.017,-4.796,6,0.0,0.0,60.0,60.0,60.0,87.0,0,2,4,6,0.011,0.040999999999999995,0.066,0.066,0.066,0.241,201,-32.0,0.0,0.0,0.0,35.0,-262.0,25,7,169,201,-0.133,-0.038,-0.006,-0.003,-0.001,-7.99,384,-86.0,0.0,0.0,1.0,35.0,-1345.0,79,20,285,384,0.0,0.043,0.07,0.074,0.078,15.882,4032,-86.0,0.0,0.0,7.0,39.0,-16578.0,723,262,3047,4032,-0.133,0.357,0.894,1.023,1.334,1673.434
A_X060_Y092,60,92,48,72,76,108,222.0,152.0,1.0,825,13200,9162,4038,0.31075757575757573,"{""X1Y1"": 264, ""X2Y1"": 561}",True,NOT_PROVEN_WITHOUT_MOVED_FF_CONTROL_SET_REPLAY,NOT_PROVEN_READ_ONLY_SITE_INVENTORY_ONLY,64,ALL_64,64,A49D88051B2D2E5D1255D4F806A7569CDA9B33A650A908566197031349AD8DB4,True,,False,False,U_NEG_UPSTREAM_WORSENING;U_PASS_UPSTREAM_INCREASE,,False,False,True,True,"[38.5, 60.0, 58.0, 6.0, -18.0, 11.0, -18.0, -19.0, 64.0]",58,10.0,38.5,60.0,60.0,68.0,2453.0,0,58,0,58,-0.136,-0.0885,-0.043,-0.028,-0.017,-4.796,6,22.0,49.0,60.0,60.0,60.0,272.0,0,6,0,6,0.011,0.040999999999999995,0.066,0.066,0.066,0.241,201,-73.0,-18.0,11.0,15.0,30.0,-2843.0,169,32,0,201,-0.133,-0.038,-0.006,-0.003,-0.001,-7.99,384,-81.0,-18.0,7.0,15.0,30.0,-6516.0,329,52,3,384,0.0,0.043,0.07,0.074,0.078,15.882,4032,-81.0,-19.0,11.0,17.0,34.0,-84512.0,3291,723,18,4032,-0.133,0.357,0.894,1.023,1.334,1673.434
A_X060_Y092,60,92,48,72,76,108,222.0,152.0,1.0,825,13200,9162,4038,0.30757575757575756,"{""X1Y1"": 264, ""X2Y1"": 561}",True,NOT_PROVEN_WITHOUT_MOVED_FF_CONTROL_SET_REPLAY,NOT_PROVEN_READ_ONLY_SITE_INVENTORY_ONLY,22,DEST_X2Y1_MAJOR,22,EC8295A18CFB3214990035A3C2A8A03B2248BEA56069D816345F1D2C0CC4741A,True,,False,False,U_NEG_UPSTREAM_WORSENING;D_NEG_NO_MEDIAN_IMPROVEMENT,,False,True,False,True,"[0.0, 46.0, 22.0, 0.0, 0.0, 0.0, 0.0, 0.0, 22.0]",58,0.0,0.0,46.0,60.0,60.0,903.0,0,22,36,58,-0.136,-0.0885,-0.043,-0.028,-0.017,-4.796,6,0.0,0.0,0.0,0.0,0.0,0.0,0,0,6,6,0.011,0.040999999999999995,0.066,0.066,0.066,0.241,201,-73.0,0.0,0.0,0.0,16.0,-1321.0,62,3,136,201,-0.133,-0.038,-0.006,-0.003,-0.001,-7.99,384,-81.0,0.0,0.0,0.0,23.0,-3149.0,132,10,242,384,0.0,0.043,0.07,0.074,0.078,15.882,4032,-81.0,0.0,0.0,5.0,29.0,-29992.0,1157,222,2653,4032,-0.133,0.357,0.894,1.023,1.334,1673.434
A_X060_Y092,60,92,48,72,76,108,222.0,152.0,1.0,825,13200,9162,4038,0.30742424242424243,"{""X1Y1"": 264, ""X2Y1"": 561}",True,NOT_PROVEN_WITHOUT_MOVED_FF_CONTROL_SET_REPLAY,NOT_PROVEN_READ_ONLY_SITE_INVENTORY_ONLY,20,DEST_X3Y1_MAJOR,20,D8DF451BC1C4EF6032E28F4D3065B488CCF48FA9921667AB64B2E0E8D05D4049,True,,False,False,U_NEG_UPSTREAM_WORSENING;U_PASS_UPSTREAM_INCREASE;D_NEG_NO_MEDIAN_IMPROVEMENT,,False,False,False,True,"[0.0, 52.0, 15.0, 5.0, 0.0, 5.0, 0.0, 0.0, 20.0]",58,0.0,0.0,52.0,60.0,68.0,673.0,0,15,43,58,-0.136,-0.0885,-0.043,-0.028,-0.017,-4.796,6,0.0,37.5,60.0,60.0,60.0,217.0,0,5,1,6,0.011,0.040999999999999995,0.066,0.066,0.066,0.241,201,-25.0,0.0,5.0,14.0,30.0,-1432.0,100,26,75,201,-0.133,-0.038,-0.006,-0.003,-0.001,-7.99,384,-78.0,0.0,0.0,9.0,30.0,-2168.0,137,29,218,384,0.0,0.043,0.07,0.074,0.078,15.882,4032,-81.0,0.0,0.0,3.0,34.0,-26250.0,1018,233,2781,4032,-0.133,0.357,0.894,1.023,1.334,1673.434
A_X060_Y092,60,92,48,72,76,108,222.0,152.0,1.0,825,13200,9162,4038,0.30757575757575756,"{""X1Y1"": 264, ""X2Y1"": 561}",True,NOT_PROVEN_WITHOUT_MOVED_FF_CONTROL_SET_REPLAY,NOT_PROVEN_READ_ONLY_SITE_INVENTORY_ONLY,22,DEST_MIXED_OR_OTHER,22,62A80A6BF2780309EBB7ACB65499DC33F9E420F49ABAF670FF853CD53D650A7D,True,,False,False,U_NEG_UPSTREAM_WORSENING;U_PASS_UPSTREAM_INCREASE;D_NEG_NO_MEDIAN_IMPROVEMENT,,False,False,False,True,"[0.0, 50.0, 21.0, 1.0, 0.0, 0.0, 0.0, 0.0, 22.0]",58,0.0,0.0,50.0,60.0,63.0,877.0,0,21,37,58,-0.136,-0.0885,-0.043,-0.028,-0.017,-4.796,6,0.0,0.0,55.0,55.0,55.0,55.0,0,1,5,6,0.011,0.040999999999999995,0.066,0.066,0.066,0.241,201,-24.0,0.0,0.0,0.0,19.0,-90.0,7,3,191,201,-0.133,-0.038,-0.006,-0.003,-0.001,-7.99,384,-73.0,0.0,0.0,0.0,23.0,-1199.0,60,13,311,384,0.0,0.043,0.07,0.074,0.078,15.882,4032,-81.0,0.0,0.0,5.0,30.0,-28270.0,1116,268,2648,4032,-0.133,0.357,0.894,1.023,1.334,1673.434
A_X060_Y092,60,92,48,72,76,108,222.0,152.0,1.0,825,13200,9162,4038,0.30712121212121213,"{""X1Y1"": 264, ""X2Y1"": 561}",True,NOT_PROVEN_WITHOUT_MOVED_FF_CONTROL_SET_REPLAY,NOT_PROVEN_READ_ONLY_SITE_INVENTORY_ONLY,16,FEATURE_BIN_0,16,25AFEB422DB3BDBEF4DCE97A6D1274116E7B27A3B94E395D479DC22D3DE14FFD,True,,False,False,U_NEG_UPSTREAM_WORSENING;D_NEG_NO_MEDIAN_IMPROVEMENT,,False,True,False,True,"[0.0, 41.0, 16.0, 0.0, 0.0, 0.0, 0.0, 0.0, 16.0]",58,0.0,0.0,41.0,50.0,60.0,643.0,0,16,42,58,-0.136,-0.0885,-0.043,-0.028,-0.017,-4.796,6,0.0,0.0,0.0,0.0,0.0,0.0,0,0,6,6,0.011,0.040999999999999995,0.066,0.066,0.066,0.241,201,-65.0,0.0,0.0,4.0,16.0,-1050.0,53,11,137,201,-0.133,-0.038,-0.006,-0.003,-0.001,-7.99,384,-69.0,0.0,0.0,0.0,19.0,-1980.0,89,7,288,384,0.0,0.043,0.07,0.074,0.078,15.882,4032,-71.0,0.0,0.0,0.0,21.0,-21880.0,839,173,3020,4032,-0.133,0.357,0.894,1.023,1.334,1673.434
A_X060_Y092,60,92,48,72,76,108,222.0,152.0,1.0,825,13200,9162,4038,0.30712121212121213,"{""X1Y1"": 264, ""X2Y1"": 561}",True,NOT_PROVEN_WITHOUT_MOVED_FF_CONTROL_SET_REPLAY,NOT_PROVEN_READ_ONLY_SITE_INVENTORY_ONLY,16,FEATURE_BIN_1,16,863B9B0389C1B994C73ED0C57EC56A84FD6D317708E59D47B391DA86E44D3A8E,True,,False,False,U_NEG_UPSTREAM_WORSENING;U_PASS_UPSTREAM_INCREASE;D_NEG_NO_MEDIAN_IMPROVEMENT,,False,False,False,True,"[0.0, 52.0, 14.0, 2.0, 0.0, 0.0, 0.0, 0.0, 16.0]",58,0.0,0.0,52.0,60.0,68.0,626.0,0,14,44,58,-0.136,-0.0885,-0.043,-0.028,-0.017,-4.796,6,0.0,0.0,60.0,60.0,60.0,103.0,0,2,4,6,0.011,0.040999999999999995,0.066,0.066,0.066,0.241,201,-68.0,0.0,0.0,0.0,19.0,-798.0,42,6,153,201,-0.133,-0.038,-0.006,-0.003,-0.001,-7.99,384,-71.0,0.0,0.0,1.0,19.0,-1673.0,83,20,281,384,0.0,0.043,0.07,0.074,0.078,15.882,4032,-81.0,0.0,0.0,0.0,26.0,-22152.0,847,161,3024,4032,-0.133,0.357,0.894,1.023,1.334,1673.434
A_X060_Y092,60,92,48,72,76,108,222.0,152.0,1.0,825,13200,9162,4038,0.30712121212121213,"{""X1Y1"": 264, ""X2Y1"": 561}",True,NOT_PROVEN_WITHOUT_MOVED_FF_CONTROL_SET_REPLAY,NOT_PROVEN_READ_ONLY_SITE_INVENTORY_ONLY,16,FEATURE_BIN_2,16,18F6AC63D50EACD2B5F6CC669CA58252595A0313B759D7A0EC563D4D8CFF4410,True,,False,False,U_NEG_UPSTREAM_WORSENING;U_PASS_UPSTREAM_INCREASE;D_NEG_NO_MEDIAN_IMPROVEMENT,,False,False,False,True,"[0.0, 43.0, 14.0, 2.0, 0.0, 0.0, 0.0, 0.0, 16.0]",58,0.0,0.0,43.0,60.0,60.0,594.0,0,14,44,58,-0.136,-0.0885,-0.043,-0.028,-0.017,-4.796,6,0.0,0.0,60.0,60.0,60.0,92.0,0,2,4,6,0.011,0.040999999999999995,0.066,0.066,0.066,0.241,201,-73.0,0.0,0.0,0.0,17.0,-781.0,48,9,144,201,-0.133,-0.038,-0.006,-0.003,-0.001,-7.99,384,-78.0,0.0,0.0,0.0,18.0,-1597.0,72,13,299,384,0.0,0.043,0.07,0.074,0.078,15.882,4032,-79.0,0.0,0.0,0.0,27.0,-22504.0,826,179,3027,4032,-0.133,0.357,0.894,1.023,1.334,1673.434
A_X060_Y092,60,92,48,72,76,108,222.0,152.0,1.0,825,13200,9162,4038,0.30712121212121213,"{""X1Y1"": 264, ""X2Y1"": 561}",True,NOT_PROVEN_WITHOUT_MOVED_FF_CONTROL_SET_REPLAY,NOT_PROVEN_READ_ONLY_SITE_INVENTORY_ONLY,16,FEATURE_BIN_3,16,6D6B2605916DFCDD525A27838AC825D18C62B807369D6E6322040D77ED73CF54,True,,False,False,U_NEG_UPSTREAM_WORSENING;U_PASS_UPSTREAM_INCREASE;D_NEG_NO_MEDIAN_IMPROVEMENT,,False,False,False,True,"[0.0, 44.0, 14.0, 2.0, 0.0, 0.0, 0.0, 0.0, 16.0]",58,0.0,0.0,44.0,60.0,60.0,590.0,0,14,44,58,-0.136,-0.0885,-0.043,-0.028,-0.017,-4.796,6,0.0,0.0,55.0,55.0,55.0,77.0,0,2,4,6,0.011,0.040999999999999995,0.066,0.066,0.066,0.241,201,-27.0,0.0,0.0,0.0,30.0,-214.0,26,6,169,201,-0.133,-0.038,-0.006,-0.003,-0.001,-7.99,384,-81.0,0.0,0.0,0.0,30.0,-1266.0,85,12,287,384,0.0,0.043,0.07,0.074,0.078,15.882,4032,-81.0,0.0,0.0,2.0,34.0,-17976.0,779,210,3043,4032,-0.133,0.357,0.894,1.023,1.334,1673.434
A_X060_Y096,60,96,48,72,80,112,222.0,148.0,1.0,825,13200,9062,4138,0.31833333333333336,"{""X1Y1"": 264, ""X2Y1"": 561}",True,NOT_PROVEN_WITHOUT_MOVED_FF_CONTROL_SET_REPLAY,NOT_PROVEN_READ_ONLY_SITE_INVENTORY_ONLY,64,ALL_64,64,A49D88051B2D2E5D1255D4F806A7569CDA9B33A650A908566197031349AD8DB4,True,,False,False,U_NEG_UPSTREAM_WORSENING;U_PASS_UPSTREAM_INCREASE,,False,False,True,True,"[34.5, 56.0, 58.0, 6.0, -16.0, 7.0, -14.0, -16.0, 64.0]",58,6.0,34.5,56.0,56.0,64.0,2221.0,0,58,0,58,-0.136,-0.0885,-0.043,-0.028,-0.017,-4.796,6,18.0,45.0,56.0,56.0,56.0,248.0,0,6,0,6,0.011,0.040999999999999995,0.066,0.066,0.066,0.241,201,-73.0,-16.0,7.0,11.0,26.0,-2583.0,174,26,1,201,-0.133,-0.038,-0.006,-0.003,-0.001,-7.99,384,-77.0,-14.0,3.0,11.0,26.0,-5948.0,341,42,1,384,0.0,0.043,0.07,0.074,0.078,15.882,4032,-77.0,-16.0,7.0,13.0,30.0,-85380.0,3414,598,20,4032,-0.133,0.357,0.894,1.023,1.334,1673.434
A_X060_Y096,60,96,48,72,80,112,222.0,148.0,1.0,825,13200,9062,4138,0.3151515151515151,"{""X1Y1"": 264, ""X2Y1"": 561}",True,NOT_PROVEN_WITHOUT_MOVED_FF_CONTROL_SET_REPLAY,NOT_PROVEN_READ_ONLY_SITE_INVENTORY_ONLY,22,DEST_X2Y1_MAJOR,22,EC8295A18CFB3214990035A3C2A8A03B2248BEA56069D816345F1D2C0CC4741A,True,,False,False,U_NEG_UPSTREAM_WORSENING;D_NEG_NO_MEDIAN_IMPROVEMENT,,False,True,False,True,"[0.0, 42.0, 22.0, 0.0, 0.0, 0.0, 0.0, 0.0, 22.0]",58,0.0,0.0,42.0,56.0,56.0,815.0,0,22,36,58,-0.136,-0.0885,-0.043,-0.028,-0.017,-4.796,6,0.0,0.0,0.0,0.0,0.0,0.0,0,0,6,6,0.011,0.040999999999999995,0.066,0.066,0.066,0.241,201,-73.0,0.0,0.0,0.0,12.0,-1155.0,63,2,136,201,-0.133,-0.038,-0.006,-0.003,-0.001,-7.99,384,-77.0,0.0,0.0,0.0,19.0,-2859.0,132,10,242,384,0.0,0.043,0.07,0.074,0.078,15.882,4032,-77.0,0.0,0.0,1.0,25.0,-30220.0,1179,203,2650,4032,-0.133,0.357,0.894,1.023,1.334,1673.434
A_X060_Y096,60,96,48,72,80,112,222.0,148.0,1.0,825,13200,9062,4138,0.315,"{""X1Y1"": 264, ""X2Y1"": 561}",True,NOT_PROVEN_WITHOUT_MOVED_FF_CONTROL_SET_REPLAY,NOT_PROVEN_READ_ONLY_SITE_INVENTORY_ONLY,20,DEST_X3Y1_MAJOR,20,D8DF451BC1C4EF6032E28F4D3065B488CCF48FA9921667AB64B2E0E8D05D4049,True,,False,False,U_NEG_UPSTREAM_WORSENING;U_PASS_UPSTREAM_INCREASE,,False,False,True,True,"[0.0, 48.0, 15.0, 5.0, -3.0, 1.0, 0.0, 0.0, 20.0]",58,0.0,0.0,48.0,56.0,64.0,613.0,0,15,43,58,-0.136,-0.0885,-0.043,-0.028,-0.017,-4.796,6,0.0,33.5,56.0,56.0,56.0,197.0,0,5,1,6,0.011,0.040999999999999995,0.066,0.066,0.066,0.241,201,-21.0,-3.0,1.0,10.0,26.0,-1344.0,104,22,75,201,-0.133,-0.038,-0.006,-0.003,-0.001,-7.99,384,-74.0,0.0,0.0,5.0,26.0,-2008.0,145,23,216,384,0.0,0.043,0.07,0.074,0.078,15.882,4032,-77.0,0.0,0.0,0.0,30.0,-26576.0,1062,189,2781,4032,-0.133,0.357,0.894,1.023,1.334,1673.434
A_X060_Y096,60,96,48,72,80,112,222.0,148.0,1.0,825,13200,9062,4138,0.3151515151515151,"{""X1Y1"": 264, ""X2Y1"": 561}",True,NOT_PROVEN_WITHOUT_MOVED_FF_CONTROL_SET_REPLAY,NOT_PROVEN_READ_ONLY_SITE_INVENTORY_ONLY,22,DEST_MIXED_OR_OTHER,22,62A80A6BF2780309EBB7ACB65499DC33F9E420F49ABAF670FF853CD53D650A7D,True,,False,False,U_NEG_UPSTREAM_WORSENING;U_PASS_UPSTREAM_INCREASE;D_NEG_NO_MEDIAN_IMPROVEMENT,,False,False,False,True,"[0.0, 46.0, 21.0, 1.0, 0.0, 0.0, 0.0, 0.0, 22.0]",58,0.0,0.0,46.0,56.0,59.0,793.0,0,21,37,58,-0.136,-0.0885,-0.043,-0.028,-0.017,-4.796,6,0.0,0.0,51.0,51.0,51.0,51.0,0,1,5,6,0.011,0.040999999999999995,0.066,0.066,0.066,0.241,201,-20.0,0.0,0.0,0.0,15.0,-84.0,7,2,192,201,-0.133,-0.038,-0.006,-0.003,-0.001,-7.99,384,-69.0,0.0,0.0,0.0,19.0,-1081.0,64,9,311,384,0.0,0.043,0.07,0.074,0.078,15.882,4032,-77.0,0.0,0.0,1.0,26.0,-28584.0,1173,206,2653,4032,-0.133,0.357,0.894,1.023,1.334,1673.434
A_X060_Y096,60,96,48,72,80,112,222.0,148.0,1.0,825,13200,9062,4138,0.3146969696969697,"{""X1Y1"": 264, ""X2Y1"": 561}",True,NOT_PROVEN_WITHOUT_MOVED_FF_CONTROL_SET_REPLAY,NOT_PROVEN_READ_ONLY_SITE_INVENTORY_ONLY,16,FEATURE_BIN_0,16,25AFEB422DB3BDBEF4DCE97A6D1274116E7B27A3B94E395D479DC22D3DE14FFD,True,,False,False,U_NEG_UPSTREAM_WORSENING;D_NEG_NO_MEDIAN_IMPROVEMENT,,False,True,False,True,"[0.0, 37.0, 16.0, 0.0, 0.0, 0.0, 0.0, 0.0, 16.0]",58,0.0,0.0,37.0,46.0,56.0,579.0,0,16,42,58,-0.136,-0.0885,-0.043,-0.028,-0.017,-4.796,6,0.0,0.0,0.0,0.0,0.0,0.0,0,0,6,6,0.011,0.040999999999999995,0.066,0.066,0.066,0.241,201,-65.0,0.0,0.0,0.0,12.0,-984.0,53,10,138,201,-0.133,-0.038,-0.006,-0.003,-0.001,-7.99,384,-65.0,0.0,0.0,0.0,15.0,-1788.0,91,5,288,384,0.0,0.043,0.07,0.074,0.078,15.882,4032,-67.0,0.0,0.0,0.0,17.0,-21982.0,871,136,3025,4032,-0.133,0.357,0.894,1.023,1.334,1673.434
A_X060_Y096,60,96,48,72,80,112,222.0,148.0,1.0,825,13200,9062,4138,0.3146969696969697,"{""X1Y1"": 264, ""X2Y1"": 561}",True,NOT_PROVEN_WITHOUT_MOVED_FF_CONTROL_SET_REPLAY,NOT_PROVEN_READ_ONLY_SITE_INVENTORY_ONLY,16,FEATURE_BIN_1,16,863B9B0389C1B994C73ED0C57EC56A84FD6D317708E59D47B391DA86E44D3A8E,True,,False,False,U_NEG_UPSTREAM_WORSENING;U_PASS_UPSTREAM_INCREASE;D_NEG_NO_MEDIAN_IMPROVEMENT,,False,False,False,True,"[0.0, 48.0, 14.0, 2.0, 0.0, 0.0, 0.0, 0.0, 16.0]",58,0.0,0.0,48.0,56.0,64.0,570.0,0,14,44,58,-0.136,-0.0885,-0.043,-0.028,-0.017,-4.796,6,0.0,0.0,56.0,56.0,56.0,95.0,0,2,4,6,0.011,0.040999999999999995,0.066,0.066,0.066,0.241,201,-64.0,0.0,0.0,0.0,15.0,-722.0,43,5,153,201,-0.133,-0.038,-0.006,-0.003,-0.001,-7.99,384,-67.0,0.0,0.0,0.0,15.0,-1597.0,88,15,281,384,0.0,0.043,0.07,0.074,0.078,15.882,4032,-77.0,0.0,0.0,0.0,22.0,-22410.0,877,130,3025,4032,-0.133,0.357,0.894,1.023,1.334,1673.434
A_X060_Y096,60,96,48,72,80,112,222.0,148.0,1.0,825,13200,9062,4138,0.3146969696969697,"{""X1Y1"": 264, ""X2Y1"": 561}",True,NOT_PROVEN_WITHOUT_MOVED_FF_CONTROL_SET_REPLAY,NOT_PROVEN_READ_ONLY_SITE_INVENTORY_ONLY,16,FEATURE_BIN_2,16,18F6AC63D50EACD2B5F6CC669CA58252595A0313B759D7A0EC563D4D8CFF4410,True,,False,False,U_NEG_UPSTREAM_WORSENING;U_PASS_UPSTREAM_INCREASE;D_NEG_NO_MEDIAN_IMPROVEMENT,,False,False,False,True,"[0.0, 39.0, 14.0, 2.0, 0.0, 0.0, 0.0, 0.0, 16.0]",58,0.0,0.0,39.0,56.0,56.0,538.0,0,14,44,58,-0.136,-0.0885,-0.043,-0.028,-0.017,-4.796,6,0.0,0.0,56.0,56.0,56.0,84.0,0,2,4,6,0.011,0.040999999999999995,0.066,0.066,0.066,0.241,201,-73.0,0.0,0.0,0.0,13.0,-725.0,51,6,144,201,-0.133,-0.038,-0.006,-0.003,-0.001,-7.99,384,-74.0,0.0,0.0,0.0,14.0,-1475.0,75,10,299,384,0.0,0.043,0.07,0.074,0.078,15.882,4032,-75.0,0.0,0.0,0.0,23.0,-22782.0,862,147,3023,4032,-0.133,0.357,0.894,1.023,1.334,1673.434
A_X060_Y096,60,96,48,72,80,112,222.0,148.0,1.0,825,13200,9062,4138,0.3146969696969697,"{""X1Y1"": 264, ""X2Y1"": 561}",True,NOT_PROVEN_WITHOUT_MOVED_FF_CONTROL_SET_REPLAY,NOT_PROVEN_READ_ONLY_SITE_INVENTORY_ONLY,16,FEATURE_BIN_3,16,6D6B2605916DFCDD525A27838AC825D18C62B807369D6E6322040D77ED73CF54,True,,False,False,U_NEG_UPSTREAM_WORSENING;U_PASS_UPSTREAM_INCREASE;D_NEG_NO_MEDIAN_IMPROVEMENT,,False,False,False,True,"[0.0, 40.0, 14.0, 2.0, 0.0, 0.0, 0.0, 0.0, 16.0]",58,0.0,0.0,40.0,56.0,56.0,534.0,0,14,44,58,-0.136,-0.0885,-0.043,-0.028,-0.017,-4.796,6,0.0,0.0,51.0,51.0,51.0,69.0,0,2,4,6,0.011,0.040999999999999995,0.066,0.066,0.066,0.241,201,-23.0,0.0,0.0,0.0,26.0,-152.0,27,5,169,201,-0.133,-0.038,-0.006,-0.003,-0.001,-7.99,384,-77.0,0.0,0.0,0.0,26.0,-1088.0,87,12,285,384,0.0,0.043,0.07,0.074,0.078,15.882,4032,-77.0,0.0,0.0,0.0,30.0,-18206.0,804,185,3043,4032,-0.133,0.357,0.894,1.023,1.334,1673.434
A_X060_Y100,60,100,48,72,84,116,222.0,144.0,1.0,825,13200,8939,4261,0.32765151515151514,"{""X1Y1"": 264, ""X2Y1"": 561}",True,NOT_PROVEN_WITHOUT_MOVED_FF_CONTROL_SET_REPLAY,NOT_PROVEN_READ_ONLY_SITE_INVENTORY_ONLY,64,ALL_64,64,A49D88051B2D2E5D1255D4F806A7569CDA9B33A650A908566197031349AD8DB4,True,,False,False,U_NEG_UPSTREAM_WORSENING;U_PASS_UPSTREAM_INCREASE,,False,False,True,True,"[30.5, 52.0, 58.0, 6.0, -12.0, 3.0, -11.0, -13.0, 64.0]",58,2.0,30.5,52.0,52.0,60.0,1989.0,0,58,0,58,-0.136,-0.0885,-0.043,-0.028,-0.017,-4.796,6,14.0,41.0,52.0,52.0,52.0,224.0,0,6,0,6,0.011,0.040999999999999995,0.066,0.066,0.066,0.241,201,-69.0,-12.0,3.0,7.0,22.0,-2129.0,179,22,0,201,-0.133,-0.038,-0.006,-0.003,-0.001,-7.99,384,-73.0,-11.0,-1.0,7.0,22.0,-4964.0,346,37,1,384,0.0,0.043,0.07,0.074,0.078,15.882,4032,-73.0,-13.0,3.0,9.0,26.0,-82090.0,3530,481,21,4032,-0.133,0.357,0.894,1.023,1.334,1673.434
A_X060_Y100,60,100,48,72,84,116,222.0,144.0,1.0,825,13200,8939,4261,0.32446969696969696,"{""X1Y1"": 264, ""X2Y1"": 561}",True,NOT_PROVEN_WITHOUT_MOVED_FF_CONTROL_SET_REPLAY,NOT_PROVEN_READ_ONLY_SITE_INVENTORY_ONLY,22,DEST_X2Y1_MAJOR,22,EC8295A18CFB3214990035A3C2A8A03B2248BEA56069D816345F1D2C0CC4741A,True,,False,False,U_NEG_UPSTREAM_WORSENING;D_NEG_NO_MEDIAN_IMPROVEMENT,,False,True,False,True,"[0.0, 38.0, 22.0, 0.0, 0.0, 0.0, 0.0, 0.0, 22.0]",58,0.0,0.0,38.0,52.0,52.0,727.0,0,22,36,58,-0.136,-0.0885,-0.043,-0.028,-0.017,-4.796,6,0.0,0.0,0.0,0.0,0.0,0.0,0,0,6,6,0.011,0.040999999999999995,0.066,0.066,0.066,0.241,201,-69.0,0.0,0.0,0.0,8.0,-943.0,63,2,136,201,-0.133,-0.038,-0.006,-0.003,-0.001,-7.99,384,-73.0,0.0,0.0,0.0,15.0,-2419.0,134,8,242,384,0.0,0.043,0.07,0.074,0.078,15.882,4032,-73.0,0.0,0.0,0.0,21.0,-28964.0,1213,170,2649,4032,-0.133,0.357,0.894,1.023,1.334,1673.434
A_X060_Y100,60,100,48,72,84,116,222.0,144.0,1.0,825,13200,8939,4261,0.32431818181818184,"{""X1Y1"": 264, ""X2Y1"": 561}",True,NOT_PROVEN_WITHOUT_MOVED_FF_CONTROL_SET_REPLAY,NOT_PROVEN_READ_ONLY_SITE_INVENTORY_ONLY,20,DEST_X3Y1_MAJOR,20,D8DF451BC1C4EF6032E28F4D3065B488CCF48FA9921667AB64B2E0E8D05D4049,True,,False,False,U_NEG_UPSTREAM_WORSENING;U_PASS_UPSTREAM_INCREASE,,False,False,True,True,"[0.0, 44.0, 15.0, 5.0, -4.0, 0.0, 0.0, 0.0, 20.0]",58,0.0,0.0,44.0,52.0,60.0,553.0,0,15,43,58,-0.136,-0.0885,-0.043,-0.028,-0.017,-4.796,6,0.0,29.5,52.0,52.0,52.0,177.0,0,5,1,6,0.011,0.040999999999999995,0.066,0.066,0.066,0.241,201,-17.0,-4.0,0.0,6.0,22.0,-1118.0,108,18,75,201,-0.133,-0.038,-0.006,-0.003,-0.001,-7.99,384,-70.0,0.0,0.0,1.0,22.0,-1632.0,148,20,216,384,0.0,0.043,0.07,0.074,0.078,15.882,4032,-73.0,0.0,0.0,0.0,26.0,-25612.0,1101,154,2777,4032,-0.133,0.357,0.894,1.023,1.334,1673.434
A_X060_Y100,60,100,48,72,84,116,222.0,144.0,1.0,825,13200,8939,4261,0.32446969696969696,"{""X1Y1"": 264, ""X2Y1"": 561}",True,NOT_PROVEN_WITHOUT_MOVED_FF_CONTROL_SET_REPLAY,NOT_PROVEN_READ_ONLY_SITE_INVENTORY_ONLY,22,DEST_MIXED_OR_OTHER,22,62A80A6BF2780309EBB7ACB65499DC33F9E420F49ABAF670FF853CD53D650A7D,True,,False,False,U_NEG_UPSTREAM_WORSENING;U_PASS_UPSTREAM_INCREASE;D_NEG_NO_MEDIAN_IMPROVEMENT,,False,False,False,True,"[0.0, 42.0, 21.0, 1.0, 0.0, 0.0, 0.0, 0.0, 22.0]",58,0.0,0.0,42.0,52.0,55.0,709.0,0,21,37,58,-0.136,-0.0885,-0.043,-0.028,-0.017,-4.796,6,0.0,0.0,47.0,47.0,47.0,47.0,0,1,5,6,0.011,0.040999999999999995,0.066,0.066,0.066,0.241,201,-16.0,0.0,0.0,0.0,11.0,-68.0,8,2,191,201,-0.133,-0.038,-0.006,-0.003,-0.001,-7.99,384,-65.0,0.0,0.0,0.0,15.0,-913.0,64,9,311,384,0.0,0.043,0.07,0.074,0.078,15.882,4032,-73.0,0.0,0.0,0.0,22.0,-27514.0,1216,157,2659,4032,-0.133,0.357,0.894,1.023,1.334,1673.434
A_X060_Y100,60,100,48,72,84,116,222.0,144.0,1.0,825,13200,8939,4261,0.32401515151515153,"{""X1Y1"": 264, ""X2Y1"": 561}",True,NOT_PROVEN_WITHOUT_MOVED_FF_CONTROL_SET_REPLAY,NOT_PROVEN_READ_ONLY_SITE_INVENTORY_ONLY,16,FEATURE_BIN_0,16,25AFEB422DB3BDBEF4DCE97A6D1274116E7B27A3B94E395D479DC22D3DE14FFD,True,,False,False,U_NEG_UPSTREAM_WORSENING;D_NEG_NO_MEDIAN_IMPROVEMENT,,False,True,False,True,"[0.0, 33.0, 16.0, 0.0, 0.0, 0.0, 0.0, 0.0, 16.0]",58,0.0,0.0,33.0,42.0,52.0,515.0,0,16,42,58,-0.136,-0.0885,-0.043,-0.028,-0.017,-4.796,6,0.0,0.0,0.0,0.0,0.0,0.0,0,0,6,6,0.011,0.040999999999999995,0.066,0.066,0.066,0.241,201,-61.0,0.0,0.0,0.0,8.0,-870.0,58,6,137,201,-0.133,-0.038,-0.006,-0.003,-0.001,-7.99,384,-61.0,0.0,0.0,0.0,11.0,-1498.0,92,4,288,384,0.0,0.043,0.07,0.074,0.078,15.882,4032,-63.0,0.0,0.0,0.0,13.0,-21080.0,918,92,3022,4032,-0.133,0.357,0.894,1.023,1.334,1673.434
A_X060_Y100,60,100,48,72,84,116,222.0,144.0,1.0,825,13200,8939,4261,0.32401515151515153,"{""X1Y1"": 264, ""X2Y1"": 561}",True,NOT_PROVEN_WITHOUT_MOVED_FF_CONTROL_SET_REPLAY,NOT_PROVEN_READ_ONLY_SITE_INVENTORY_ONLY,16,FEATURE_BIN_1,16,863B9B0389C1B994C73ED0C57EC56A84FD6D317708E59D47B391DA86E44D3A8E,True,,False,False,U_NEG_UPSTREAM_WORSENING;U_PASS_UPSTREAM_INCREASE;D_NEG_NO_MEDIAN_IMPROVEMENT,,False,False,False,True,"[0.0, 44.0, 14.0, 2.0, 0.0, 0.0, 0.0, 0.0, 16.0]",58,0.0,0.0,44.0,52.0,60.0,514.0,0,14,44,58,-0.136,-0.0885,-0.043,-0.028,-0.017,-4.796,6,0.0,0.0,52.0,52.0,52.0,87.0,0,2,4,6,0.011,0.040999999999999995,0.066,0.066,0.066,0.241,201,-60.0,0.0,0.0,0.0,11.0,-604.0,43,5,153,201,-0.133,-0.038,-0.006,-0.003,-0.001,-7.99,384,-63.0,0.0,0.0,0.0,11.0,-1399.0,92,12,280,384,0.0,0.043,0.07,0.074,0.078,15.882,4032,-73.0,0.0,0.0,0.0,18.0,-21618.0,899,110,3023,4032,-0.133,0.357,0.894,1.023,1.334,1673.434
A_X060_Y100,60,100,48,72,84,116,222.0,144.0,1.0,825,13200,8939,4261,0.32401515151515153,"{""X1Y1"": 264, ""X2Y1"": 561}",True,NOT_PROVEN_WITHOUT_MOVED_FF_CONTROL_SET_REPLAY,NOT_PROVEN_READ_ONLY_SITE_INVENTORY_ONLY,16,FEATURE_BIN_2,16,18F6AC63D50EACD2B5F6CC669CA58252595A0313B759D7A0EC563D4D8CFF4410,True,,False,False,U_NEG_UPSTREAM_WORSENING;U_PASS_UPSTREAM_INCREASE;D_NEG_NO_MEDIAN_IMPROVEMENT,,False,False,False,True,"[0.0, 35.0, 14.0, 2.0, 0.0, 0.0, 0.0, 0.0, 16.0]",58,0.0,0.0,35.0,52.0,52.0,482.0,0,14,44,58,-0.136,-0.0885,-0.043,-0.028,-0.017,-4.796,6,0.0,0.0,52.0,52.0,52.0,76.0,0,2,4,6,0.011,0.040999999999999995,0.066,0.066,0.066,0.241,201,-69.0,0.0,0.0,0.0,9.0,-585.0,51,6,144,201,-0.133,-0.038,-0.006,-0.003,-0.001,-7.99,384,-70.0,0.0,0.0,0.0,10.0,-1257.0,75,9,300,384,0.0,0.043,0.07,0.074,0.078,15.882,4032,-71.0,0.0,0.0,0.0,19.0,-22030.0,881,118,3033,4032,-0.133,0.357,0.894,1.023,1.334,1673.434
A_X060_Y100,60,100,48,72,84,116,222.0,144.0,1.0,825,13200,8939,4261,0.32401515151515153,"{""X1Y1"": 264, ""X2Y1"": 561}",True,NOT_PROVEN_WITHOUT_MOVED_FF_CONTROL_SET_REPLAY,NOT_PROVEN_READ_ONLY_SITE_INVENTORY_ONLY,16,FEATURE_BIN_3,16,6D6B2605916DFCDD525A27838AC825D18C62B807369D6E6322040D77ED73CF54,True,,False,False,U_NEG_UPSTREAM_WORSENING;U_PASS_UPSTREAM_INCREASE;D_NEG_NO_MEDIAN_IMPROVEMENT,,False,False,False,True,"[0.0, 36.0, 14.0, 2.0, 0.0, 0.0, 0.0, 0.0, 16.0]",58,0.0,0.0,36.0,52.0,52.0,478.0,0,14,44,58,-0.136,-0.0885,-0.043,-0.028,-0.017,-4.796,6,0.0,0.0,47.0,47.0,47.0,61.0,0,2,4,6,0.011,0.040999999999999995,0.066,0.066,0.066,0.241,201,-19.0,0.0,0.0,0.0,22.0,-70.0,27,5,169,201,-0.133,-0.038,-0.006,-0.003,-0.001,-7.99,384,-73.0,0.0,0.0,0.0,22.0,-810.0,87,12,285,384,0.0,0.043,0.07,0.074,0.078,15.882,4032,-73.0,0.0,0.0,0.0,26.0,-17362.0,832,161,3039,4032,-0.133,0.357,0.894,1.023,1.334,1673.434
A_X060_Y104,60,104,48,72,88,120,222.0,140.0,1.0,825,13200,8997,4203,0.32325757575757574,"{""X1Y1"": 256, ""X1Y2"": 8, ""X2Y1"": 544, ""X2Y2"": 17}",True,NOT_PROVEN_WITHOUT_MOVED_FF_CONTROL_SET_REPLAY,NOT_PROVEN_READ_ONLY_SITE_INVENTORY_ONLY,0,ALL_64,64,A49D88051B2D2E5D1255D4F806A7569CDA9B33A650A908566197031349AD8DB4,True,,False,False,U_NEG_UPSTREAM_WORSENING;U_PASS_UPSTREAM_INCREASE,,False,False,True,True,"[26.5, 48.0, 57.0, 6.0, -8.0, 2.0, -7.0, -9.0, 64.0]",58,-2.0,26.5,48.0,48.0,56.0,1757.0,1,57,0,58,-0.136,-0.0885,-0.043,-0.028,-0.017,-4.796,6,10.0,37.0,48.0,48.0,48.0,200.0,0,6,0,6,0.011,0.040999999999999995,0.066,0.066,0.066,0.241,201,-65.0,-8.0,2.0,3.0,18.0,-1587.0,168,25,8,201,-0.133,-0.038,-0.006,-0.003,-0.001,-7.99,384,-69.0,-7.0,0.0,3.0,18.0,-3850.0,328,37,19,384,0.0,0.043,0.07,0.074,0.078,15.882,4032,-69.0,-9.0,2.0,5.0,22.0,-76250.0,3474,451,107,4032,-0.133,0.357,0.894,1.023,1.334,1673.434
A_X060_Y104,60,104,48,72,88,120,222.0,140.0,1.0,825,13200,8997,4203,0.32007575757575757,"{""X1Y1"": 256, ""X1Y2"": 8, ""X2Y1"": 544, ""X2Y2"": 17}",True,NOT_PROVEN_WITHOUT_MOVED_FF_CONTROL_SET_REPLAY,NOT_PROVEN_READ_ONLY_SITE_INVENTORY_ONLY,0,DEST_X2Y1_MAJOR,22,EC8295A18CFB3214990035A3C2A8A03B2248BEA56069D816345F1D2C0CC4741A,True,,False,False,U_NEG_UPSTREAM_WORSENING;D_NEG_NO_MEDIAN_IMPROVEMENT,,False,True,False,True,"[0.0, 34.0, 21.0, 0.0, 0.0, 0.0, 0.0, 0.0, 22.0]",58,-2.0,0.0,34.0,48.0,48.0,639.0,1,21,36,58,-0.136,-0.0885,-0.043,-0.028,-0.017,-4.796,6,0.0,0.0,0.0,0.0,0.0,0.0,0,0,6,6,0.011,0.040999999999999995,0.066,0.066,0.066,0.241,201,-65.0,0.0,0.0,0.0,4.0,-715.0,56,6,139,201,-0.133,-0.038,-0.006,-0.003,-0.001,-7.99,384,-69.0,0.0,0.0,0.0,11.0,-1939.0,126,9,249,384,0.0,0.043,0.07,0.074,0.078,15.882,4032,-69.0,0.0,0.0,0.0,17.0,-26942.0,1189,163,2680,4032,-0.133,0.357,0.894,1.023,1.334,1673.434
A_X060_Y104,60,104,48,72,88,120,222.0,140.0,1.0,825,13200,8997,4203,0.31992424242424244,"{""X1Y1"": 256, ""X1Y2"": 8, ""X2Y1"": 544, ""X2Y2"": 17}",True,NOT_PROVEN_WITHOUT_MOVED_FF_CONTROL_SET_REPLAY,NOT_PROVEN_READ_ONLY_SITE_INVENTORY_ONLY,0,DEST_X3Y1_MAJOR,20,D8DF451BC1C4EF6032E28F4D3065B488CCF48FA9921667AB64B2E0E8D05D4049,True,,False,False,U_NEG_UPSTREAM_WORSENING;U_PASS_UPSTREAM_INCREASE,,False,False,True,True,"[0.0, 40.0, 15.0, 5.0, -3.0, 0.0, 0.0, 0.0, 20.0]",58,0.0,0.0,40.0,48.0,56.0,493.0,0,15,43,58,-0.136,-0.0885,-0.043,-0.028,-0.017,-4.796,6,0.0,25.5,48.0,48.0,48.0,157.0,0,5,1,6,0.011,0.040999999999999995,0.066,0.066,0.066,0.241,201,-15.0,-3.0,0.0,2.0,18.0,-820.0,104,17,80,201,-0.133,-0.038,-0.006,-0.003,-0.001,-7.99,384,-66.0,0.0,0.0,0.0,18.0,-1196.0,140,19,225,384,0.0,0.043,0.07,0.074,0.078,15.882,4032,-69.0,0.0,0.0,0.0,22.0,-23784.0,1086,140,2806,4032,-0.133,0.357,0.894,1.023,1.334,1673.434
A_X060_Y104,60,104,48,72,88,120,222.0,140.0,1.0,825,13200,8997,4203,0.32007575757575757,"{""X1Y1"": 256, ""X1Y2"": 8, ""X2Y1"": 544, ""X2Y2"": 17}",True,NOT_PROVEN_WITHOUT_MOVED_FF_CONTROL_SET_REPLAY,NOT_PROVEN_READ_ONLY_SITE_INVENTORY_ONLY,0,DEST_MIXED_OR_OTHER,22,62A80A6BF2780309EBB7ACB65499DC33F9E420F49ABAF670FF853CD53D650A7D,True,,False,False,U_NEG_UPSTREAM_WORSENING;U_PASS_UPSTREAM_INCREASE;D_NEG_NO_MEDIAN_IMPROVEMENT,,False,False,False,True,"[0.0, 38.0, 21.0, 1.0, 0.0, 0.0, 0.0, 0.0, 22.0]",58,0.0,0.0,38.0,48.0,51.0,625.0,0,21,37,58,-0.136,-0.0885,-0.043,-0.028,-0.017,-4.796,6,0.0,0.0,43.0,43.0,43.0,43.0,0,1,5,6,0.011,0.040999999999999995,0.066,0.066,0.066,0.241,201,-12.0,0.0,0.0,0.0,7.0,-52.0,8,2,191,201,-0.133,-0.038,-0.006,-0.003,-0.001,-7.99,384,-61.0,0.0,0.0,0.0,11.0,-715.0,62,9,313,384,0.0,0.043,0.07,0.074,0.078,15.882,4032,-69.0,0.0,0.0,0.0,18.0,-25524.0,1199,148,2685,4032,-0.133,0.357,0.894,1.023,1.334,1673.434
A_X060_Y104,60,104,48,72,88,120,222.0,140.0,1.0,825,13200,8997,4203,0.31962121212121214,"{""X1Y1"": 256, ""X1Y2"": 8, ""X2Y1"": 544, ""X2Y2"": 17}",True,NOT_PROVEN_WITHOUT_MOVED_FF_CONTROL_SET_REPLAY,NOT_PROVEN_READ_ONLY_SITE_INVENTORY_ONLY,0,FEATURE_BIN_0,16,25AFEB422DB3BDBEF4DCE97A6D1274116E7B27A3B94E395D479DC22D3DE14FFD,True,,False,False,U_NEG_UPSTREAM_WORSENING;D_NEG_NO_MEDIAN_IMPROVEMENT,,False,True,False,True,"[0.0, 29.0, 16.0, 0.0, 0.0, 0.0, 0.0, 0.0, 16.0]",58,0.0,0.0,29.0,38.0,48.0,451.0,0,16,42,58,-0.136,-0.0885,-0.043,-0.028,-0.017,-4.796,6,0.0,0.0,0.0,0.0,0.0,0.0,0,0,6,6,0.011,0.040999999999999995,0.066,0.066,0.066,0.241,201,-57.0,0.0,0.0,0.0,4.0,-718.0,58,6,137,201,-0.133,-0.038,-0.006,-0.003,-0.001,-7.99,384,-57.0,0.0,0.0,0.0,7.0,-1172.0,94,2,288,384,0.0,0.043,0.07,0.074,0.078,15.882,4032,-59.0,0.0,0.0,0.0,9.0,-19408.0,938,66,3028,4032,-0.133,0.357,0.894,1.023,1.334,1673.434
A_X060_Y104,60,104,48,72,88,120,222.0,140.0,1.0,825,13200,8997,4203,0.31962121212121214,"{""X1Y1"": 256, ""X1Y2"": 8, ""X2Y1"": 544, ""X2Y2"": 17}",True,NOT_PROVEN_WITHOUT_MOVED_FF_CONTROL_SET_REPLAY,NOT_PROVEN_READ_ONLY_SITE_INVENTORY_ONLY,0,FEATURE_BIN_1,16,863B9B0389C1B994C73ED0C57EC56A84FD6D317708E59D47B391DA86E44D3A8E,True,,False,False,U_NEG_UPSTREAM_WORSENING;U_PASS_UPSTREAM_INCREASE;D_NEG_NO_MEDIAN_IMPROVEMENT,,False,False,False,True,"[0.0, 40.0, 14.0, 2.0, 0.0, 0.0, 0.0, 0.0, 16.0]",58,0.0,0.0,40.0,48.0,56.0,458.0,0,14,44,58,-0.136,-0.0885,-0.043,-0.028,-0.017,-4.796,6,0.0,0.0,48.0,48.0,48.0,79.0,0,2,4,6,0.011,0.040999999999999995,0.066,0.066,0.066,0.241,201,-56.0,0.0,0.0,0.0,7.0,-468.0,44,4,153,201,-0.133,-0.038,-0.006,-0.003,-0.001,-7.99,384,-59.0,0.0,0.0,0.0,7.0,-1151.0,94,9,281,384,0.0,0.043,0.07,0.074,0.078,15.882,4032,-69.0,0.0,0.0,0.0,14.0,-20188.0,922,85,3025,4032,-0.133,0.357,0.894,1.023,1.334,1673.434
A_X060_Y104,60,104,48,72,88,120,222.0,140.0,1.0,825,13200,8997,4203,0.31962121212121214,"{""X1Y1"": 256, ""X1Y2"": 8, ""X2Y1"": 544, ""X2Y2"": 17}",True,NOT_PROVEN_WITHOUT_MOVED_FF_CONTROL_SET_REPLAY,NOT_PROVEN_READ_ONLY_SITE_INVENTORY_ONLY,0,FEATURE_BIN_2,16,18F6AC63D50EACD2B5F6CC669CA58252595A0313B759D7A0EC563D4D8CFF4410,True,,False,False,U_NEG_UPSTREAM_WORSENING;U_PASS_UPSTREAM_INCREASE;D_NEG_NO_MEDIAN_IMPROVEMENT,,False,False,False,True,"[0.0, 31.0, 13.0, 2.0, 0.0, 0.0, 0.0, 0.0, 16.0]",58,-2.0,0.0,31.0,48.0,48.0,426.0,1,13,44,58,-0.136,-0.0885,-0.043,-0.028,-0.017,-4.796,6,0.0,0.0,48.0,48.0,48.0,68.0,0,2,4,6,0.011,0.040999999999999995,0.066,0.066,0.066,0.241,201,-65.0,0.0,0.0,0.0,5.0,-419.0,52,5,144,201,-0.133,-0.038,-0.006,-0.003,-0.001,-7.99,384,-66.0,0.0,0.0,0.0,6.0,-1017.0,81,4,299,384,0.0,0.043,0.07,0.074,0.078,15.882,4032,-67.0,0.0,0.0,0.0,15.0,-20640.0,924,83,3025,4032,-0.133,0.357,0.894,1.023,1.334,1673.434
A_X060_Y104,60,104,48,72,88,120,222.0,140.0,1.0,825,13200,8997,4203,0.31962121212121214,"{""X1Y1"": 256, ""X1Y2"": 8, ""X2Y1"": 544, ""X2Y2"": 17}",True,NOT_PROVEN_WITHOUT_MOVED_FF_CONTROL_SET_REPLAY,NOT_PROVEN_READ_ONLY_SITE_INVENTORY_ONLY,0,FEATURE_BIN_3,16,6D6B2605916DFCDD525A27838AC825D18C62B807369D6E6322040D77ED73CF54,True,,False,False,U_NEG_UPSTREAM_WORSENING;U_PASS_UPSTREAM_INCREASE;D_NEG_NO_MEDIAN_IMPROVEMENT,,False,False,False,True,"[0.0, 32.0, 14.0, 2.0, 0.0, 0.0, 0.0, 0.0, 16.0]",58,0.0,0.0,32.0,48.0,48.0,422.0,0,14,44,58,-0.136,-0.0885,-0.043,-0.028,-0.017,-4.796,6,0.0,0.0,43.0,43.0,43.0,53.0,0,2,4,6,0.011,0.040999999999999995,0.066,0.066,0.066,0.241,201,-15.0,0.0,0.0,0.0,18.0,18.0,14,10,177,201,-0.133,-0.038,-0.006,-0.003,-0.001,-7.99,384,-69.0,0.0,0.0,2.0,18.0,-510.0,59,22,303,384,0.0,0.043,0.07,0.074,0.078,15.882,4032,-69.0,0.0,0.0,2.0,22.0,-16014.0,690,217,3125,4032,-0.133,0.357,0.894,1.023,1.334,1673.434
A_X060_Y108,60,108,48,72,92,124,222.0,136.0,1.0,825,13200,9130,4070,0.3131818181818182,"{""X1Y1"": 224, ""X1Y2"": 40, ""X2Y1"": 476, ""X2Y2"": 85}",True,NOT_PROVEN_WITHOUT_MOVED_FF_CONTROL_SET_REPLAY,NOT_PROVEN_READ_ONLY_SITE_INVENTORY_ONLY,0,ALL_64,64,A49D88051B2D2E5D1255D4F806A7569CDA9B33A650A908566197031349AD8DB4,True,,False,False,U_NEG_UPSTREAM_WORSENING;U_PASS_UPSTREAM_INCREASE,,False,False,True,True,"[22.5, 44.0, 57.0, 6.0, -4.0, 3.0, -4.0, -6.0, 64.0]",58,-6.0,22.5,44.0,44.0,52.0,1525.0,1,57,0,58,-0.136,-0.0885,-0.043,-0.028,-0.017,-4.796,6,6.0,33.0,44.0,44.0,44.0,176.0,0,6,0,6,0.011,0.040999999999999995,0.066,0.066,0.066,0.241,201,-61.0,-4.0,3.0,4.0,14.0,-987.0,163,35,3,201,-0.133,-0.038,-0.006,-0.003,-0.001,-7.99,384,-65.0,-4.0,4.0,4.0,14.0,-2608.0,285,90,9,384,0.0,0.043,0.07,0.074,0.078,15.882,4032,-65.0,-6.0,3.0,5.0,18.0,-67846.0,3216,746,70,4032,-0.133,0.357,0.894,1.023,1.334,1673.434
A_X060_Y108,60,108,48,72,92,124,222.0,136.0,1.0,825,13200,9130,4070,0.31,"{""X1Y1"": 224, ""X1Y2"": 40, ""X2Y1"": 476, ""X2Y2"": 85}",True,NOT_PROVEN_WITHOUT_MOVED_FF_CONTROL_SET_REPLAY,NOT_PROVEN_READ_ONLY_SITE_INVENTORY_ONLY,0,DEST_X2Y1_MAJOR,22,EC8295A18CFB3214990035A3C2A8A03B2248BEA56069D816345F1D2C0CC4741A,True,,False,False,U_NEG_UPSTREAM_WORSENING;D_NEG_NO_MEDIAN_IMPROVEMENT,,False,True,False,True,"[0.0, 30.0, 21.0, 0.0, 0.0, 0.0, 0.0, 0.0, 22.0]",58,-6.0,0.0,30.0,44.0,44.0,551.0,1,21,36,58,-0.136,-0.0885,-0.043,-0.028,-0.017,-4.796,6,0.0,0.0,0.0,0.0,0.0,0.0,0,0,6,6,0.011,0.040999999999999995,0.066,0.066,0.066,0.241,201,-61.0,0.0,0.0,1.0,6.0,-481.0,48,17,136,201,-0.133,-0.038,-0.006,-0.003,-0.001,-7.99,384,-65.0,0.0,0.0,3.0,7.0,-1441.0,111,31,242,384,0.0,0.043,0.07,0.074,0.078,15.882,4032,-65.0,0.0,0.0,3.0,13.0,-24200.0,1076,300,2656,4032,-0.133,0.357,0.894,1.023,1.334,1673.434
A_X060_Y108,60,108,48,72,92,124,222.0,136.0,1.0,825,13200,9130,4070,0.3098484848484849,"{""X1Y1"": 224, ""X1Y2"": 40, ""X2Y1"": 476, ""X2Y2"": 85}",True,NOT_PROVEN_WITHOUT_MOVED_FF_CONTROL_SET_REPLAY,NOT_PROVEN_READ_ONLY_SITE_INVENTORY_ONLY,0,DEST_X3Y1_MAJOR,20,D8DF451BC1C4EF6032E28F4D3065B488CCF48FA9921667AB64B2E0E8D05D4049,True,,False,False,U_NEG_UPSTREAM_WORSENING;U_PASS_UPSTREAM_INCREASE,,False,False,True,True,"[0.0, 36.0, 15.0, 5.0, -1.0, 0.0, 0.0, 0.0, 20.0]",58,0.0,0.0,36.0,44.0,52.0,433.0,0,15,43,58,-0.136,-0.0885,-0.043,-0.028,-0.017,-4.796,6,0.0,21.5,44.0,44.0,44.0,137.0,0,5,1,6,0.011,0.040999999999999995,0.066,0.066,0.066,0.241,201,-17.0,-1.0,0.0,3.0,14.0,-474.0,108,15,78,201,-0.133,-0.038,-0.006,-0.003,-0.001,-7.99,384,-62.0,0.0,0.0,4.0,14.0,-664.0,126,34,224,384,0.0,0.043,0.07,0.074,0.078,15.882,4032,-65.0,0.0,0.0,0.0,18.0,-21132.0,1050,155,2827,4032,-0.133,0.357,0.894,1.023,1.334,1673.434
A_X060_Y108,60,108,48,72,92,124,222.0,136.0,1.0,825,13200,9130,4070,0.31,"{""X1Y1"": 224, ""X1Y2"": 40, ""X2Y1"": 476, ""X2Y2"": 85}",True,NOT_PROVEN_WITHOUT_MOVED_FF_CONTROL_SET_REPLAY,NOT_PROVEN_READ_ONLY_SITE_INVENTORY_ONLY,0,DEST_MIXED_OR_OTHER,22,62A80A6BF2780309EBB7ACB65499DC33F9E420F49ABAF670FF853CD53D650A7D,True,,False,False,U_NEG_UPSTREAM_WORSENING;U_PASS_UPSTREAM_INCREASE;D_NEG_NO_MEDIAN_IMPROVEMENT,,False,False,False,True,"[0.0, 34.0, 21.0, 1.0, 0.0, 0.0, 0.0, 0.0, 22.0]",58,0.0,0.0,34.0,44.0,47.0,541.0,0,21,37,58,-0.136,-0.0885,-0.043,-0.028,-0.017,-4.796,6,0.0,0.0,39.0,39.0,39.0,39.0,0,1,5,6,0.011,0.040999999999999995,0.066,0.066,0.066,0.241,201,-8.0,0.0,0.0,0.0,3.0,-32.0,7,3,191,201,-0.133,-0.038,-0.006,-0.003,-0.001,-7.99,384,-57.0,0.0,0.0,1.0,7.0,-503.0,48,25,311,384,0.0,0.043,0.07,0.074,0.078,15.882,4032,-65.0,0.0,0.0,2.0,14.0,-22514.0,1090,291,2651,4032,-0.133,0.357,0.894,1.023,1.334,1673.434
A_X060_Y108,60,108,48,72,92,124,222.0,136.0,1.0,825,13200,9130,4070,0.30954545454545457,"{""X1Y1"": 224, ""X1Y2"": 40, ""X2Y1"": 476, ""X2Y2"": 85}",True,NOT_PROVEN_WITHOUT_MOVED_FF_CONTROL_SET_REPLAY,NOT_PROVEN_READ_ONLY_SITE_INVENTORY_ONLY,0,FEATURE_BIN_0,16,25AFEB422DB3BDBEF4DCE97A6D1274116E7B27A3B94E395D479DC22D3DE14FFD,True,,False,False,U_NEG_UPSTREAM_WORSENING;D_NEG_NO_MEDIAN_IMPROVEMENT,,False,True,False,True,"[0.0, 25.0, 16.0, 0.0, 0.0, 0.0, 0.0, 0.0, 16.0]",58,0.0,0.0,25.0,34.0,44.0,387.0,0,16,42,58,-0.136,-0.0885,-0.043,-0.028,-0.017,-4.796,6,0.0,0.0,0.0,0.0,0.0,0.0,0,0,6,6,0.011,0.040999999999999995,0.066,0.066,0.066,0.241,201,-53.0,0.0,0.0,0.0,0.0,-554.0,62,0,139,201,-0.133,-0.038,-0.006,-0.003,-0.001,-7.99,384,-53.0,0.0,0.0,0.0,3.0,-834.0,95,1,288,384,0.0,0.043,0.07,0.074,0.078,15.882,4032,-55.0,0.0,0.0,0.0,5.0,-17048.0,975,25,3032,4032,-0.133,0.357,0.894,1.023,1.334,1673.434
A_X060_Y108,60,108,48,72,92,124,222.0,136.0,1.0,825,13200,9130,4070,0.30954545454545457,"{""X1Y1"": 224, ""X1Y2"": 40, ""X2Y1"": 476, ""X2Y2"": 85}",True,NOT_PROVEN_WITHOUT_MOVED_FF_CONTROL_SET_REPLAY,NOT_PROVEN_READ_ONLY_SITE_INVENTORY_ONLY,0,FEATURE_BIN_1,16,863B9B0389C1B994C73ED0C57EC56A84FD6D317708E59D47B391DA86E44D3A8E,True,,False,False,U_NEG_UPSTREAM_WORSENING;U_PASS_UPSTREAM_INCREASE;D_NEG_NO_MEDIAN_IMPROVEMENT,,False,False,False,True,"[0.0, 36.0, 14.0, 2.0, 0.0, 0.0, 0.0, 0.0, 16.0]",58,0.0,0.0,36.0,44.0,52.0,402.0,0,14,44,58,-0.136,-0.0885,-0.043,-0.028,-0.017,-4.796,6,0.0,0.0,44.0,44.0,44.0,71.0,0,2,4,6,0.011,0.040999999999999995,0.066,0.066,0.066,0.241,201,-52.0,0.0,0.0,0.0,3.0,-322.0,45,3,153,201,-0.133,-0.038,-0.006,-0.003,-0.001,-7.99,384,-55.0,0.0,0.0,0.0,3.0,-865.0,100,3,281,384,0.0,0.043,0.07,0.074,0.078,15.882,4032,-65.0,0.0,0.0,0.0,10.0,-18270.0,957,48,3027,4032,-0.133,0.357,0.894,1.023,1.334,1673.434
A_X060_Y108,60,108,48,72,92,124,222.0,136.0,1.0,825,13200,9130,4070,0.30954545454545457,"{""X1Y1"": 224, ""X1Y2"": 40, ""X2Y1"": 476, ""X2Y2"": 85}",True,NOT_PROVEN_WITHOUT_MOVED_FF_CONTROL_SET_REPLAY,NOT_PROVEN_READ_ONLY_SITE_INVENTORY_ONLY,0,FEATURE_BIN_2,16,18F6AC63D50EACD2B5F6CC669CA58252595A0313B759D7A0EC563D4D8CFF4410,True,,False,False,U_NEG_UPSTREAM_WORSENING;U_PASS_UPSTREAM_INCREASE;D_NEG_NO_MEDIAN_IMPROVEMENT,,False,False,False,True,"[0.0, 27.0, 13.0, 2.0, 0.0, 0.0, 0.0, 0.0, 16.0]",58,-6.0,0.0,27.0,44.0,44.0,370.0,1,13,44,58,-0.136,-0.0885,-0.043,-0.028,-0.017,-4.796,6,0.0,0.0,44.0,44.0,44.0,60.0,0,2,4,6,0.011,0.040999999999999995,0.066,0.066,0.066,0.241,201,-61.0,0.0,0.0,0.0,1.0,-229.0,55,1,145,201,-0.133,-0.038,-0.006,-0.003,-0.001,-7.99,384,-62.0,0.0,0.0,0.0,2.0,-733.0,76,1,307,384,0.0,0.043,0.07,0.074,0.078,15.882,4032,-63.0,0.0,0.0,0.0,11.0,-18542.0,890,72,3070,4032,-0.133,0.357,0.894,1.023,1.334,1673.434
A_X060_Y108,60,108,48,72,92,124,222.0,136.0,1.0,825,13200,9130,4070,0.30954545454545457,"{""X1Y1"": 224, ""X1Y2"": 40, ""X2Y1"": 476, ""X2Y2"": 85}",True,NOT_PROVEN_WITHOUT_MOVED_FF_CONTROL_SET_REPLAY,NOT_PROVEN_READ_ONLY_SITE_INVENTORY_ONLY,0,FEATURE_BIN_3,16,6D6B2605916DFCDD525A27838AC825D18C62B807369D6E6322040D77ED73CF54,True,,False,False,U_NEG_UPSTREAM_WORSENING;U_PASS_UPSTREAM_INCREASE;D_NEG_NO_MEDIAN_IMPROVEMENT,,False,False,False,True,"[0.0, 28.0, 14.0, 2.0, 0.0, 1.0, 0.0, 0.0, 16.0]",58,0.0,0.0,28.0,44.0,44.0,366.0,0,14,44,58,-0.136,-0.0885,-0.043,-0.028,-0.017,-4.796,6,0.0,0.0,39.0,39.0,39.0,45.0,0,2,4,6,0.011,0.040999999999999995,0.066,0.066,0.066,0.241,201,-11.0,0.0,1.0,4.0,14.0,118.0,1,31,169,201,-0.133,-0.038,-0.006,-0.003,-0.001,-7.99,384,-65.0,0.0,4.0,4.0,14.0,-176.0,14,85,285,384,0.0,0.043,0.07,0.074,0.078,15.882,4032,-65.0,0.0,3.0,4.0,18.0,-13986.0,394,601,3037,4032,-0.133,0.357,0.894,1.023,1.334,1673.434
A_X060_Y112,60,112,48,72,96,128,222.0,132.0,1.0,825,13200,9248,3952,0.30424242424242426,"{""X1Y1"": 192, ""X1Y2"": 72, ""X2Y1"": 408, ""X2Y2"": 153}",True,NOT_PROVEN_WITHOUT_MOVED_FF_CONTROL_SET_REPLAY,NOT_PROVEN_READ_ONLY_SITE_INVENTORY_ONLY,0,ALL_64,64,A49D88051B2D2E5D1255D4F806A7569CDA9B33A650A908566197031349AD8DB4,True,,False,False,U_NEG_UPSTREAM_WORSENING;U_PASS_UPSTREAM_INCREASE;D_NEG_NO_MEDIAN_IMPROVEMENT,,False,False,False,True,"[18.5, 40.0, 56.0, 6.0, 0.0, 5.0, 0.0, -2.0, 64.0]",58,-10.0,18.5,40.0,40.0,48.0,1293.0,1,56,1,58,-0.136,-0.0885,-0.043,-0.028,-0.017,-4.796,6,2.0,29.0,40.0,40.0,40.0,152.0,0,6,0,6,0.011,0.040999999999999995,0.066,0.066,0.066,0.241,201,-57.0,0.0,5.0,8.0,10.0,-269.0,79,68,54,201,-0.133,-0.038,-0.006,-0.003,-0.001,-7.99,384,-61.0,0.0,7.0,8.0,10.0,-1208.0,163,181,40,384,0.0,0.043,0.07,0.074,0.078,15.882,4032,-61.0,-2.0,6.0,8.0,14.0,-55804.0,2421,1273,338,4032,-0.133,0.357,0.894,1.023,1.334,1673.434
A_X060_Y112,60,112,48,72,96,128,222.0,132.0,1.0,825,13200,9248,3952,0.3010606060606061,"{""X1Y1"": 192, ""X1Y2"": 72, ""X2Y1"": 408, ""X2Y2"": 153}",True,NOT_PROVEN_WITHOUT_MOVED_FF_CONTROL_SET_REPLAY,NOT_PROVEN_READ_ONLY_SITE_INVENTORY_ONLY,0,DEST_X2Y1_MAJOR,22,EC8295A18CFB3214990035A3C2A8A03B2248BEA56069D816345F1D2C0CC4741A,True,,False,False,U_NEG_UPSTREAM_WORSENING;D_NEG_NO_MEDIAN_IMPROVEMENT,,False,True,False,True,"[0.0, 26.0, 21.0, 0.0, 0.0, 1.0, 0.0, 0.0, 22.0]",58,-10.0,0.0,26.0,40.0,40.0,463.0,1,21,36,58,-0.136,-0.0885,-0.043,-0.028,-0.017,-4.796,6,0.0,0.0,0.0,0.0,0.0,0.0,0,0,6,6,0.011,0.040999999999999995,0.066,0.066,0.066,0.241,201,-57.0,0.0,1.0,5.0,10.0,-241.0,35,21,145,201,-0.133,-0.038,-0.006,-0.003,-0.001,-7.99,384,-61.0,0.0,1.0,7.0,10.0,-903.0,94,39,251,384,0.0,0.043,0.07,0.074,0.078,15.882,4032,-61.0,0.0,0.0,5.0,10.0,-20234.0,919,344,2769,4032,-0.133,0.357,0.894,1.023,1.334,1673.434
A_X060_Y112,60,112,48,72,96,128,222.0,132.0,1.0,825,13200,9248,3952,0.3009090909090909,"{""X1Y1"": 192, ""X1Y2"": 72, ""X2Y1"": 408, ""X2Y2"": 153}",True,NOT_PROVEN_WITHOUT_MOVED_FF_CONTROL_SET_REPLAY,NOT_PROVEN_READ_ONLY_SITE_INVENTORY_ONLY,0,DEST_X3Y1_MAJOR,20,D8DF451BC1C4EF6032E28F4D3065B488CCF48FA9921667AB64B2E0E8D05D4049,True,,False,False,U_NEG_UPSTREAM_WORSENING;U_PASS_UPSTREAM_INCREASE;D_NEG_NO_MEDIAN_IMPROVEMENT,,False,False,False,True,"[0.0, 32.0, 14.0, 5.0, 0.0, 3.0, 0.0, 0.0, 20.0]",58,0.0,0.0,32.0,40.0,48.0,373.0,0,14,44,58,-0.136,-0.0885,-0.043,-0.028,-0.017,-4.796,6,0.0,17.5,40.0,40.0,40.0,117.0,0,5,1,6,0.011,0.040999999999999995,0.066,0.066,0.066,0.241,201,-13.0,0.0,3.0,5.0,10.0,-32.0,40,41,120,201,-0.133,-0.038,-0.006,-0.003,-0.001,-7.99,384,-58.0,0.0,4.0,8.0,10.0,-62.0,40,98,246,384,0.0,0.043,0.07,0.074,0.078,15.882,4032,-61.0,0.0,1.0,2.0,14.0,-17354.0,637,409,2986,4032,-0.133,0.357,0.894,1.023,1.334,1673.434
A_X060_Y112,60,112,48,72,96,128,222.0,132.0,1.0,825,13200,9248,3952,0.3010606060606061,"{""X1Y1"": 192, ""X1Y2"": 72, ""X2Y1"": 408, ""X2Y2"": 153}",True,NOT_PROVEN_WITHOUT_MOVED_FF_CONTROL_SET_REPLAY,NOT_PROVEN_READ_ONLY_SITE_INVENTORY_ONLY,0,DEST_MIXED_OR_OTHER,22,62A80A6BF2780309EBB7ACB65499DC33F9E420F49ABAF670FF853CD53D650A7D,True,,False,False,U_NEG_UPSTREAM_WORSENING;U_PASS_UPSTREAM_INCREASE;D_NEG_NO_MEDIAN_IMPROVEMENT,,False,False,False,True,"[0.0, 30.0, 21.0, 1.0, 0.0, 0.0, 0.0, 0.0, 22.0]",58,0.0,0.0,30.0,40.0,43.0,457.0,0,21,37,58,-0.136,-0.0885,-0.043,-0.028,-0.017,-4.796,6,0.0,0.0,35.0,35.0,35.0,35.0,0,1,5,6,0.011,0.040999999999999995,0.066,0.066,0.066,0.241,201,-4.0,0.0,0.0,0.0,5.0,4.0,4,6,191,201,-0.133,-0.038,-0.006,-0.003,-0.001,-7.99,384,-53.0,0.0,2.0,5.0,8.0,-243.0,29,44,311,384,0.0,0.043,0.07,0.074,0.078,15.882,4032,-61.0,0.0,2.0,5.0,11.0,-18216.0,865,520,2647,4032,-0.133,0.357,0.894,1.023,1.334,1673.434
A_X060_Y112,60,112,48,72,96,128,222.0,132.0,1.0,825,13200,9248,3952,0.3006060606060606,"{""X1Y1"": 192, ""X1Y2"": 72, ""X2Y1"": 408, ""X2Y2"": 153}",True,NOT_PROVEN_WITHOUT_MOVED_FF_CONTROL_SET_REPLAY,NOT_PROVEN_READ_ONLY_SITE_INVENTORY_ONLY,0,FEATURE_BIN_0,16,25AFEB422DB3BDBEF4DCE97A6D1274116E7B27A3B94E395D479DC22D3DE14FFD,True,,False,False,U_NEG_UPSTREAM_WORSENING;D_NEG_NO_MEDIAN_IMPROVEMENT,,False,True,False,True,"[0.0, 21.0, 16.0, 0.0, 0.0, 0.0, 0.0, 0.0, 16.0]",58,0.0,0.0,21.0,30.0,40.0,323.0,0,16,42,58,-0.136,-0.0885,-0.043,-0.028,-0.017,-4.796,6,0.0,0.0,0.0,0.0,0.0,0.0,0,0,6,6,0.011,0.040999999999999995,0.066,0.066,0.066,0.241,201,-49.0,0.0,0.0,0.0,1.0,-330.0,47,1,153,201,-0.133,-0.038,-0.006,-0.003,-0.001,-7.99,384,-49.0,0.0,0.0,0.0,1.0,-472.0,65,17,302,384,0.0,0.043,0.07,0.074,0.078,15.882,4032,-51.0,0.0,0.0,0.0,1.0,-13762.0,870,44,3118,4032,-0.133,0.357,0.894,1.023,1.334,1673.434
A_X060_Y112,60,112,48,72,96,128,222.0,132.0,1.0,825,13200,9248,3952,0.3006060606060606,"{""X1Y1"": 192, ""X1Y2"": 72, ""X2Y1"": 408, ""X2Y2"": 153}",True,NOT_PROVEN_WITHOUT_MOVED_FF_CONTROL_SET_REPLAY,NOT_PROVEN_READ_ONLY_SITE_INVENTORY_ONLY,0,FEATURE_BIN_1,16,863B9B0389C1B994C73ED0C57EC56A84FD6D317708E59D47B391DA86E44D3A8E,True,,False,False,U_NEG_UPSTREAM_WORSENING;U_PASS_UPSTREAM_INCREASE;D_NEG_NO_MEDIAN_IMPROVEMENT,,False,False,False,True,"[0.0, 32.0, 13.0, 2.0, 0.0, 0.0, 0.0, 0.0, 16.0]",58,0.0,0.0,32.0,40.0,48.0,346.0,0,13,45,58,-0.136,-0.0885,-0.043,-0.028,-0.017,-4.796,6,0.0,0.0,40.0,40.0,40.0,63.0,0,2,4,6,0.011,0.040999999999999995,0.066,0.066,0.066,0.241,201,-48.0,0.0,0.0,0.0,3.0,-158.0,28,6,167,201,-0.133,-0.038,-0.006,-0.003,-0.001,-7.99,384,-51.0,0.0,0.0,2.0,3.0,-531.0,70,23,291,384,0.0,0.043,0.07,0.074,0.078,15.882,4032,-61.0,0.0,0.0,1.0,6.0,-15426.0,706,218,3108,4032,-0.133,0.357,0.894,1.023,1.334,1673.434
A_X060_Y112,60,112,48,72,96,128,222.0,132.0,1.0,825,13200,9248,3952,0.3006060606060606,"{""X1Y1"": 192, ""X1Y2"": 72, ""X2Y1"": 408, ""X2Y2"": 153}",True,NOT_PROVEN_WITHOUT_MOVED_FF_CONTROL_SET_REPLAY,NOT_PROVEN_READ_ONLY_SITE_INVENTORY_ONLY,0,FEATURE_BIN_2,16,18F6AC63D50EACD2B5F6CC669CA58252595A0313B759D7A0EC563D4D8CFF4410,True,,False,False,U_NEG_UPSTREAM_WORSENING;U_PASS_UPSTREAM_INCREASE;D_NEG_NO_MEDIAN_IMPROVEMENT,,False,False,False,True,"[0.0, 23.0, 13.0, 2.0, 0.0, 2.0, 0.0, 0.0, 16.0]",58,-10.0,0.0,23.0,40.0,40.0,314.0,1,13,44,58,-0.136,-0.0885,-0.043,-0.028,-0.017,-4.796,6,0.0,0.0,40.0,40.0,40.0,52.0,0,2,4,6,0.011,0.040999999999999995,0.066,0.066,0.066,0.241,201,-57.0,0.0,2.0,3.0,4.0,-3.0,3,30,168,201,-0.133,-0.038,-0.006,-0.003,-0.001,-7.99,384,-58.0,0.0,2.0,3.0,4.0,-397.0,14,56,314,384,0.0,0.043,0.07,0.074,0.078,15.882,4032,-59.0,0.0,1.0,2.0,7.0,-15496.0,455,405,3172,4032,-0.133,0.357,0.894,1.023,1.334,1673.434
A_X060_Y112,60,112,48,72,96,128,222.0,132.0,1.0,825,13200,9248,3952,0.3006060606060606,"{""X1Y1"": 192, ""X1Y2"": 72, ""X2Y1"": 408, ""X2Y2"": 153}",True,NOT_PROVEN_WITHOUT_MOVED_FF_CONTROL_SET_REPLAY,NOT_PROVEN_READ_ONLY_SITE_INVENTORY_ONLY,0,FEATURE_BIN_3,16,6D6B2605916DFCDD525A27838AC825D18C62B807369D6E6322040D77ED73CF54,True,,False,False,U_NEG_UPSTREAM_WORSENING;U_PASS_UPSTREAM_INCREASE;D_NEG_NO_MEDIAN_IMPROVEMENT,,False,False,False,True,"[0.0, 24.0, 14.0, 2.0, 0.0, 5.0, 0.0, 0.0, 16.0]",58,0.0,0.0,24.0,40.0,40.0,310.0,0,14,44,58,-0.136,-0.0885,-0.043,-0.028,-0.017,-4.796,6,0.0,0.0,35.0,35.0,35.0,37.0,0,2,4,6,0.011,0.040999999999999995,0.066,0.066,0.066,0.241,201,-7.0,0.0,5.0,8.0,10.0,222.0,1,31,169,201,-0.133,-0.038,-0.006,-0.003,-0.001,-7.99,384,-61.0,0.0,7.0,8.0,10.0,192.0,14,85,285,384,0.0,0.043,0.07,0.074,0.078,15.882,4032,-61.0,0.0,6.0,8.0,14.0,-11120.0,390,606,3036,4032,-0.133,0.357,0.894,1.023,1.334,1673.434
A_X060_Y116,60,116,48,72,100,132,222.0,128.0,1.0,825,13200,9348,3852,0.2966666666666667,"{""X1Y1"": 160, ""X1Y2"": 104, ""X2Y1"": 340, ""X2Y2"": 221}",True,NOT_PROVEN_WITHOUT_MOVED_FF_CONTROL_SET_REPLAY,NOT_PROVEN_READ_ONLY_SITE_INVENTORY_ONLY,0,ALL_64,64,A49D88051B2D2E5D1255D4F806A7569CDA9B33A650A908566197031349AD8DB4,True,,False,False,U_NEG_UPSTREAM_WORSENING;U_PASS_UPSTREAM_INCREASE;D_NEG_NO_MEDIAN_IMPROVEMENT;D_NEAR_MEDIAN_WORSENING,,False,False,False,False,"[14.5, 36.0, 54.0, 5.0, 4.0, 9.0, 4.0, 2.0, 64.0]",58,-14.0,14.5,36.0,36.0,44.0,1061.0,3,54,1,58,-0.136,-0.0885,-0.043,-0.028,-0.017,-4.796,6,-2.0,25.0,36.0,36.0,36.0,128.0,1,5,0,6,0.011,0.040999999999999995,0.066,0.066,0.066,0.241,201,-53.0,4.0,9.0,12.0,14.0,513.0,50,147,4,201,-0.133,-0.038,-0.006,-0.003,-0.001,-7.99,384,-57.0,4.0,11.0,12.0,14.0,314.0,90,290,4,384,0.0,0.043,0.07,0.074,0.078,15.882,4032,-57.0,2.0,10.0,12.0,15.0,-41040.0,1737,2234,61,4032,-0.133,0.357,0.894,1.023,1.334,1673.434
A_X060_Y116,60,116,48,72,100,132,222.0,128.0,1.0,825,13200,9348,3852,0.29348484848484846,"{""X1Y1"": 160, ""X1Y2"": 104, ""X2Y1"": 340, ""X2Y2"": 221}",True,NOT_PROVEN_WITHOUT_MOVED_FF_CONTROL_SET_REPLAY,NOT_PROVEN_READ_ONLY_SITE_INVENTORY_ONLY,0,DEST_X2Y1_MAJOR,22,EC8295A18CFB3214990035A3C2A8A03B2248BEA56069D816345F1D2C0CC4741A,True,,False,False,U_NEG_UPSTREAM_WORSENING;D_NEG_NO_MEDIAN_IMPROVEMENT,,False,True,False,True,"[0.0, 22.0, 20.0, 0.0, 0.0, 5.0, 0.0, 0.0, 22.0]",58,-14.0,0.0,22.0,36.0,36.0,375.0,2,20,36,58,-0.136,-0.0885,-0.043,-0.028,-0.017,-4.796,6,0.0,0.0,0.0,0.0,0.0,0.0,0,0,6,6,0.011,0.040999999999999995,0.066,0.066,0.066,0.241,201,-53.0,0.0,5.0,9.0,14.0,3.0,13,52,136,201,-0.133,-0.038,-0.006,-0.003,-0.001,-7.99,384,-57.0,0.0,5.0,11.0,14.0,-343.0,36,106,242,384,0.0,0.043,0.07,0.074,0.078,15.882,4032,-57.0,0.0,4.0,9.0,14.0,-15312.0,540,843,2649,4032,-0.133,0.357,0.894,1.023,1.334,1673.434
A_X060_Y116,60,116,48,72,100,132,222.0,128.0,1.0,825,13200,9348,3852,0.29333333333333333,"{""X1Y1"": 160, ""X1Y2"": 104, ""X2Y1"": 340, ""X2Y2"": 221}",True,NOT_PROVEN_WITHOUT_MOVED_FF_CONTROL_SET_REPLAY,NOT_PROVEN_READ_ONLY_SITE_INVENTORY_ONLY,0,DEST_X3Y1_MAJOR,20,D8DF451BC1C4EF6032E28F4D3065B488CCF48FA9921667AB64B2E0E8D05D4049,True,,False,False,U_NEG_UPSTREAM_WORSENING;U_PASS_UPSTREAM_INCREASE;D_NEG_NO_MEDIAN_IMPROVEMENT,,False,False,False,True,"[0.0, 28.0, 14.0, 4.0, 0.0, 7.0, 0.0, 0.0, 20.0]",58,-4.0,0.0,28.0,36.0,44.0,313.0,1,14,43,58,-0.136,-0.0885,-0.043,-0.028,-0.017,-4.796,6,-2.0,13.5,36.0,36.0,36.0,97.0,1,4,1,6,0.011,0.040999999999999995,0.066,0.066,0.066,0.241,201,-9.0,0.0,7.0,9.0,14.0,466.0,37,89,75,201,-0.133,-0.038,-0.006,-0.003,-0.001,-7.99,384,-54.0,0.0,8.0,12.0,14.0,608.0,36,133,215,384,0.0,0.043,0.07,0.074,0.078,15.882,4032,-57.0,0.0,4.0,6.0,14.0,-12758.0,589,665,2778,4032,-0.133,0.357,0.894,1.023,1.334,1673.434
A_X060_Y116,60,116,48,72,100,132,222.0,128.0,1.0,825,13200,9348,3852,0.29348484848484846,"{""X1Y1"": 160, ""X1Y2"": 104, ""X2Y1"": 340, ""X2Y2"": 221}",True,NOT_PROVEN_WITHOUT_MOVED_FF_CONTROL_SET_REPLAY,NOT_PROVEN_READ_ONLY_SITE_INVENTORY_ONLY,0,DEST_MIXED_OR_OTHER,22,62A80A6BF2780309EBB7ACB65499DC33F9E420F49ABAF670FF853CD53D650A7D,True,,False,False,U_NEG_UPSTREAM_WORSENING;U_PASS_UPSTREAM_INCREASE;D_NEG_NO_MEDIAN_IMPROVEMENT,,False,False,False,True,"[0.0, 26.0, 20.0, 1.0, 0.0, 0.0, 0.0, 0.0, 22.0]",58,0.0,0.0,26.0,36.0,39.0,373.0,0,20,38,58,-0.136,-0.0885,-0.043,-0.028,-0.017,-4.796,6,0.0,0.0,31.0,31.0,31.0,31.0,0,1,5,6,0.011,0.040999999999999995,0.066,0.066,0.066,0.241,201,0.0,0.0,0.0,0.0,9.0,44.0,0,6,195,201,-0.133,-0.038,-0.006,-0.003,-0.001,-7.99,384,-49.0,0.0,6.0,9.0,12.0,49.0,18,51,315,384,0.0,0.043,0.07,0.074,0.078,15.882,4032,-57.0,0.0,6.0,9.0,15.0,-12970.0,608,726,2698,4032,-0.133,0.357,0.894,1.023,1.334,1673.434
A_X060_Y116,60,116,48,72,100,132,222.0,128.0,1.0,825,13200,9348,3852,0.29303030303030303,"{""X1Y1"": 160, ""X1Y2"": 104, ""X2Y1"": 340, ""X2Y2"": 221}",True,NOT_PROVEN_WITHOUT_MOVED_FF_CONTROL_SET_REPLAY,NOT_PROVEN_READ_ONLY_SITE_INVENTORY_ONLY,0,FEATURE_BIN_0,16,25AFEB422DB3BDBEF4DCE97A6D1274116E7B27A3B94E395D479DC22D3DE14FFD,True,,False,False,U_NEG_UPSTREAM_WORSENING;D_NEG_NO_MEDIAN_IMPROVEMENT,,False,True,False,True,"[0.0, 17.0, 16.0, 0.0, 0.0, 1.0, 0.0, 0.0, 16.0]",58,0.0,0.0,17.0,26.0,36.0,259.0,0,16,42,58,-0.136,-0.0885,-0.043,-0.028,-0.017,-4.796,6,0.0,0.0,0.0,0.0,0.0,0.0,0,0,6,6,0.011,0.040999999999999995,0.066,0.066,0.066,0.241,201,-45.0,0.0,1.0,4.0,5.0,-90.0,38,22,141,201,-0.133,-0.038,-0.006,-0.003,-0.001,-7.99,384,-45.0,0.0,3.0,4.0,5.0,-96.0,38,54,292,384,0.0,0.043,0.07,0.074,0.078,15.882,4032,-47.0,0.0,1.0,3.0,5.0,-9892.0,541,424,3067,4032,-0.133,0.357,0.894,1.023,1.334,1673.434
A_X060_Y116,60,116,48,72,100,132,222.0,128.0,1.0,825,13200,9348,3852,0.29303030303030303,"{""X1Y1"": 160, ""X1Y2"": 104, ""X2Y1"": 340, ""X2Y2"": 221}",True,NOT_PROVEN_WITHOUT_MOVED_FF_CONTROL_SET_REPLAY,NOT_PROVEN_READ_ONLY_SITE_INVENTORY_ONLY,0,FEATURE_BIN_1,16,863B9B0389C1B994C73ED0C57EC56A84FD6D317708E59D47B391DA86E44D3A8E,True,,False,False,U_NEG_UPSTREAM_WORSENING;U_PASS_UPSTREAM_INCREASE;D_NEG_NO_MEDIAN_IMPROVEMENT,,False,False,False,True,"[0.0, 28.0, 13.0, 2.0, 0.0, 3.0, 0.0, 0.0, 16.0]",58,-4.0,0.0,28.0,36.0,44.0,290.0,1,13,44,58,-0.136,-0.0885,-0.043,-0.028,-0.017,-4.796,6,0.0,0.0,36.0,36.0,36.0,55.0,0,2,4,6,0.011,0.040999999999999995,0.066,0.066,0.066,0.241,201,-44.0,0.0,3.0,4.0,7.0,30.0,9,39,153,201,-0.133,-0.038,-0.006,-0.003,-0.001,-7.99,384,-47.0,0.0,3.0,6.0,7.0,-119.0,28,76,280,384,0.0,0.043,0.07,0.074,0.078,15.882,4032,-57.0,0.0,3.0,5.0,7.0,-11768.0,458,547,3027,4032,-0.133,0.357,0.894,1.023,1.334,1673.434
A_X060_Y116,60,116,48,72,100,132,222.0,128.0,1.0,825,13200,9348,3852,0.29303030303030303,"{""X1Y1"": 160, ""X1Y2"": 104, ""X2Y1"": 340, ""X2Y2"": 221}",True,NOT_PROVEN_WITHOUT_MOVED_FF_CONTROL_SET_REPLAY,NOT_PROVEN_READ_ONLY_SITE_INVENTORY_ONLY,0,FEATURE_BIN_2,16,18F6AC63D50EACD2B5F6CC669CA58252595A0313B759D7A0EC563D4D8CFF4410,True,,False,False,U_NEG_UPSTREAM_WORSENING;U_PASS_UPSTREAM_INCREASE;D_NEG_NO_MEDIAN_IMPROVEMENT,,False,False,False,True,"[0.0, 19.0, 13.0, 2.0, 0.0, 6.0, 0.0, 0.0, 16.0]",58,-14.0,0.0,19.0,36.0,36.0,258.0,1,13,44,58,-0.136,-0.0885,-0.043,-0.028,-0.017,-4.796,6,0.0,0.0,36.0,36.0,36.0,44.0,0,2,4,6,0.011,0.040999999999999995,0.066,0.066,0.066,0.241,201,-53.0,0.0,6.0,7.0,8.0,225.0,2,55,144,201,-0.133,-0.038,-0.006,-0.003,-0.001,-7.99,384,-54.0,0.0,6.0,7.0,8.0,-57.0,10,75,299,384,0.0,0.043,0.07,0.074,0.078,15.882,4032,-55.0,0.0,4.0,6.0,9.0,-11834.0,358,652,3022,4032,-0.133,0.357,0.894,1.023,1.334,1673.434
A_X060_Y116,60,116,48,72,100,132,222.0,128.0,1.0,825,13200,9348,3852,0.29303030303030303,"{""X1Y1"": 160, ""X1Y2"": 104, ""X2Y1"": 340, ""X2Y2"": 221}",True,NOT_PROVEN_WITHOUT_MOVED_FF_CONTROL_SET_REPLAY,NOT_PROVEN_READ_ONLY_SITE_INVENTORY_ONLY,0,FEATURE_BIN_3,16,6D6B2605916DFCDD525A27838AC825D18C62B807369D6E6322040D77ED73CF54,True,,False,False,U_NEG_UPSTREAM_WORSENING;U_PASS_UPSTREAM_INCREASE;D_NEG_NO_MEDIAN_IMPROVEMENT,,False,False,False,True,"[0.0, 20.0, 12.0, 1.0, 0.0, 9.0, 0.0, 0.0, 16.0]",58,-2.0,0.0,20.0,36.0,36.0,254.0,1,12,45,58,-0.136,-0.0885,-0.043,-0.028,-0.017,-4.796,6,-2.0,0.0,31.0,31.0,31.0,29.0,1,1,4,6,0.011,0.040999999999999995,0.066,0.066,0.066,0.241,201,-3.0,0.0,9.0,12.0,14.0,348.0,1,31,169,201,-0.133,-0.038,-0.006,-0.003,-0.001,-7.99,384,-57.0,0.0,11.0,12.0,14.0,586.0,14,85,285,384,0.0,0.043,0.07,0.074,0.078,15.882,4032,-57.0,0.0,10.0,12.0,15.0,-7546.0,380,611,3041,4032,-0.133,0.357,0.894,1.023,1.334,1673.434
A_X064_Y076,64,76,52,76,60,92,232.0,169.0,1.0,825,13200,9717,3483,0.26871212121212124,"{""X1Y1"": 132, ""X2Y1"": 693}",True,NOT_PROVEN_WITHOUT_MOVED_FF_CONTROL_SET_REPLAY,NOT_PROVEN_READ_ONLY_SITE_INVENTORY_ONLY,64,ALL_64,64,A49D88051B2D2E5D1255D4F806A7569CDA9B33A650A908566197031349AD8DB4,True,,False,False,U_NEG_UPSTREAM_WORSENING;U_PASS_UPSTREAM_INCREASE,,False,False,True,True,"[45.5, 67.0, 58.0, 6.0, -26.0, 18.0, -26.0, -17.0, 64.0]",58,17.0,45.5,67.0,67.0,75.0,2859.0,0,58,0,58,-0.136,-0.0885,-0.043,-0.028,-0.017,-4.796,6,29.0,56.0,67.0,67.0,67.0,314.0,0,6,0,6,0.011,0.040999999999999995,0.066,0.066,0.066,0.241,201,-69.0,-26.0,18.0,22.0,37.0,-4094.0,162,39,0,201,-0.133,-0.038,-0.006,-0.003,-0.001,-7.99,384,-86.0,-26.0,14.0,22.0,37.0,-8854.0,312,71,1,384,0.0,0.043,0.07,0.074,0.078,15.882,4032,-88.0,-17.0,19.0,24.0,41.0,-73094.0,2888,1093,51,4032,-0.133,0.357,0.894,1.023,1.334,1673.434
A_X064_Y076,64,76,52,76,60,92,232.0,169.0,1.0,825,13200,9717,3483,0.265530303030303,"{""X1Y1"": 132, ""X2Y1"": 693}",True,NOT_PROVEN_WITHOUT_MOVED_FF_CONTROL_SET_REPLAY,NOT_PROVEN_READ_ONLY_SITE_INVENTORY_ONLY,22,DEST_X2Y1_MAJOR,22,EC8295A18CFB3214990035A3C2A8A03B2248BEA56069D816345F1D2C0CC4741A,True,,False,False,U_NEG_UPSTREAM_WORSENING;D_NEG_NO_MEDIAN_IMPROVEMENT,,False,True,False,True,"[0.0, 53.0, 22.0, 0.0, 0.0, 0.0, 0.0, 0.0, 22.0]",58,0.0,0.0,53.0,67.0,67.0,1057.0,0,22,36,58,-0.136,-0.0885,-0.043,-0.028,-0.017,-4.796,6,0.0,0.0,0.0,0.0,0.0,0.0,0,0,6,6,0.011,0.040999999999999995,0.066,0.066,0.066,0.241,201,-69.0,0.0,0.0,0.0,23.0,-2008.0,60,5,136,201,-0.133,-0.038,-0.006,-0.003,-0.001,-7.99,384,-86.0,0.0,0.0,0.0,30.0,-3925.0,127,14,243,384,0.0,0.043,0.07,0.074,0.078,15.882,4032,-86.0,0.0,0.0,14.0,36.0,-25514.0,999,355,2678,4032,-0.133,0.357,0.894,1.023,1.334,1673.434
A_X064_Y076,64,76,52,76,60,92,232.0,169.0,1.0,825,13200,9717,3483,0.2653787878787879,"{""X1Y1"": 132, ""X2Y1"": 693}",True,NOT_PROVEN_WITHOUT_MOVED_FF_CONTROL_SET_REPLAY,NOT_PROVEN_READ_ONLY_SITE_INVENTORY_ONLY,20,DEST_X3Y1_MAJOR,20,D8DF451BC1C4EF6032E28F4D3065B488CCF48FA9921667AB64B2E0E8D05D4049,True,,False,False,U_NEG_UPSTREAM_WORSENING;U_PASS_UPSTREAM_INCREASE;D_NEG_NO_MEDIAN_IMPROVEMENT,,False,False,False,True,"[0.0, 59.0, 15.0, 5.0, 0.0, 12.0, 0.0, 0.0, 20.0]",58,0.0,0.0,59.0,67.0,75.0,778.0,0,15,43,58,-0.136,-0.0885,-0.043,-0.028,-0.017,-4.796,6,0.0,44.5,67.0,67.0,67.0,252.0,0,5,1,6,0.011,0.040999999999999995,0.066,0.066,0.066,0.241,201,-52.0,0.0,12.0,21.0,37.0,-1966.0,95,31,75,201,-0.133,-0.038,-0.006,-0.003,-0.001,-7.99,384,-73.0,0.0,1.0,16.0,37.0,-3103.0,128,41,215,384,0.0,0.043,0.07,0.074,0.078,15.882,4032,-86.0,0.0,0.0,12.0,41.0,-22854.0,912,343,2777,4032,-0.133,0.357,0.894,1.023,1.334,1673.434
A_X064_Y076,64,76,52,76,60,92,232.0,169.0,1.0,825,13200,9717,3483,0.265530303030303,"{""X1Y1"": 132, ""X2Y1"": 693}",True,NOT_PROVEN_WITHOUT_MOVED_FF_CONTROL_SET_REPLAY,NOT_PROVEN_READ_ONLY_SITE_INVENTORY_ONLY,22,DEST_MIXED_OR_OTHER,22,62A80A6BF2780309EBB7ACB65499DC33F9E420F49ABAF670FF853CD53D650A7D,True,,False,False,U_NEG_UPSTREAM_WORSENING;U_PASS_UPSTREAM_INCREASE;D_NEG_NO_MEDIAN_IMPROVEMENT,,False,False,False,True,"[0.0, 57.0, 21.0, 1.0, 0.0, 0.0, 0.0, 0.0, 22.0]",58,0.0,0.0,57.0,67.0,70.0,1024.0,0,21,37,58,-0.136,-0.0885,-0.043,-0.028,-0.017,-4.796,6,0.0,0.0,62.0,62.0,62.0,62.0,0,1,5,6,0.011,0.040999999999999995,0.066,0.066,0.066,0.241,201,-44.0,0.0,0.0,0.0,26.0,-120.0,7,3,191,201,-0.133,-0.038,-0.006,-0.003,-0.001,-7.99,384,-80.0,0.0,0.0,0.0,30.0,-1826.0,57,16,311,384,0.0,0.043,0.07,0.074,0.078,15.882,4032,-88.0,0.0,0.0,13.0,37.0,-24726.0,977,395,2660,4032,-0.133,0.357,0.894,1.023,1.334,1673.434
A_X064_Y076,64,76,52,76,60,92,232.0,169.0,1.0,825,13200,9717,3483,0.2650757575757576,"{""X1Y1"": 132, ""X2Y1"": 693}",True,NOT_PROVEN_WITHOUT_MOVED_FF_CONTROL_SET_REPLAY,NOT_PROVEN_READ_ONLY_SITE_INVENTORY_ONLY,16,FEATURE_BIN_0,16,25AFEB422DB3BDBEF4DCE97A6D1274116E7B27A3B94E395D479DC22D3DE14FFD,True,,False,False,U_NEG_UPSTREAM_WORSENING;D_NEG_NO_MEDIAN_IMPROVEMENT,,False,True,False,True,"[0.0, 48.0, 16.0, 0.0, 0.0, 0.0, 0.0, 0.0, 16.0]",58,0.0,0.0,48.0,57.0,67.0,755.0,0,16,42,58,-0.136,-0.0885,-0.043,-0.028,-0.017,-4.796,6,0.0,0.0,0.0,0.0,0.0,0.0,0,0,6,6,0.011,0.040999999999999995,0.066,0.066,0.066,0.241,201,-52.0,0.0,0.0,11.0,23.0,-1206.0,50,14,137,201,-0.133,-0.038,-0.006,-0.003,-0.001,-7.99,384,-69.0,0.0,0.0,0.0,26.0,-2714.0,87,9,288,384,0.0,0.043,0.07,0.074,0.078,15.882,4032,-76.0,0.0,0.0,6.0,28.0,-19926.0,757,246,3029,4032,-0.133,0.357,0.894,1.023,1.334,1673.434
A_X064_Y076,64,76,52,76,60,92,232.0,169.0,1.0,825,13200,9717,3483,0.2650757575757576,"{""X1Y1"": 132, ""X2Y1"": 693}",True,NOT_PROVEN_WITHOUT_MOVED_FF_CONTROL_SET_REPLAY,NOT_PROVEN_READ_ONLY_SITE_INVENTORY_ONLY,16,FEATURE_BIN_1,16,863B9B0389C1B994C73ED0C57EC56A84FD6D317708E59D47B391DA86E44D3A8E,True,,False,False,U_NEG_UPSTREAM_WORSENING;U_PASS_UPSTREAM_INCREASE;D_NEG_NO_MEDIAN_IMPROVEMENT,,False,False,False,True,"[0.0, 59.0, 14.0, 2.0, 0.0, 0.0, 0.0, 0.0, 16.0]",58,0.0,0.0,59.0,67.0,75.0,724.0,0,14,44,58,-0.136,-0.0885,-0.043,-0.028,-0.017,-4.796,6,0.0,0.0,67.0,67.0,67.0,117.0,0,2,4,6,0.011,0.040999999999999995,0.066,0.066,0.066,0.241,201,-69.0,0.0,0.0,0.0,26.0,-1310.0,41,7,153,201,-0.133,-0.038,-0.006,-0.003,-0.001,-7.99,384,-76.0,0.0,0.0,8.0,26.0,-2165.0,79,25,280,384,0.0,0.043,0.07,0.074,0.078,15.882,4032,-88.0,0.0,0.0,6.0,33.0,-19220.0,724,264,3044,4032,-0.133,0.357,0.894,1.023,1.334,1673.434
A_X064_Y076,64,76,52,76,60,92,232.0,169.0,1.0,825,13200,9717,3483,0.2650757575757576,"{""X1Y1"": 132, ""X2Y1"": 693}",True,NOT_PROVEN_WITHOUT_MOVED_FF_CONTROL_SET_REPLAY,NOT_PROVEN_READ_ONLY_SITE_INVENTORY_ONLY,16,FEATURE_BIN_2,16,18F6AC63D50EACD2B5F6CC669CA58252595A0313B759D7A0EC563D4D8CFF4410,True,,False,False,U_NEG_UPSTREAM_WORSENING;U_PASS_UPSTREAM_INCREASE;D_NEG_NO_MEDIAN_IMPROVEMENT,,False,False,False,True,"[0.0, 50.0, 14.0, 2.0, 0.0, 0.0, 0.0, 0.0, 16.0]",58,0.0,0.0,50.0,67.0,67.0,692.0,0,14,44,58,-0.136,-0.0885,-0.043,-0.028,-0.017,-4.796,6,0.0,0.0,67.0,67.0,67.0,106.0,0,2,4,6,0.011,0.040999999999999995,0.066,0.066,0.066,0.241,201,-48.0,0.0,0.0,0.0,24.0,-1046.0,47,10,144,201,-0.133,-0.038,-0.006,-0.003,-0.001,-7.99,384,-83.0,0.0,0.0,0.0,25.0,-2058.0,70,15,299,384,0.0,0.043,0.07,0.074,0.078,15.882,4032,-85.0,0.0,0.0,6.0,34.0,-19340.0,753,253,3026,4032,-0.133,0.357,0.894,1.023,1.334,1673.434
A_X064_Y076,64,76,52,76,60,92,232.0,169.0,1.0,825,13200,9717,3483,0.2650757575757576,"{""X1Y1"": 132, ""X2Y1"": 693}",True,NOT_PROVEN_WITHOUT_MOVED_FF_CONTROL_SET_REPLAY,NOT_PROVEN_READ_ONLY_SITE_INVENTORY_ONLY,16,FEATURE_BIN_3,16,6D6B2605916DFCDD525A27838AC825D18C62B807369D6E6322040D77ED73CF54,True,,False,False,U_NEG_UPSTREAM_WORSENING;U_PASS_UPSTREAM_INCREASE;D_NEG_NO_MEDIAN_IMPROVEMENT,,False,False,False,True,"[0.0, 51.0, 14.0, 2.0, 0.0, 0.0, 0.0, 0.0, 16.0]",58,0.0,0.0,51.0,67.0,67.0,688.0,0,14,44,58,-0.136,-0.0885,-0.043,-0.028,-0.017,-4.796,6,0.0,0.0,62.0,62.0,62.0,91.0,0,2,4,6,0.011,0.040999999999999995,0.066,0.066,0.066,0.241,201,-54.0,0.0,0.0,0.0,37.0,-532.0,24,8,169,201,-0.133,-0.038,-0.006,-0.003,-0.001,-7.99,384,-86.0,0.0,0.0,3.0,37.0,-1917.0,76,22,286,384,0.0,0.043,0.07,0.074,0.078,15.882,4032,-86.0,0.0,0.0,12.0,41.0,-14608.0,654,330,3048,4032,-0.133,0.357,0.894,1.023,1.334,1673.434
A_X064_Y080,64,80,52,76,64,96,232.0,165.0,1.0,825,13200,9433,3767,0.2902272727272727,"{""X1Y1"": 132, ""X2Y1"": 693}",True,NOT_PROVEN_WITHOUT_MOVED_FF_CONTROL_SET_REPLAY,NOT_PROVEN_READ_ONLY_SITE_INVENTORY_ONLY,64,ALL_64,64,A49D88051B2D2E5D1255D4F806A7569CDA9B33A650A908566197031349AD8DB4,True,,False,False,U_NEG_UPSTREAM_WORSENING;U_PASS_UPSTREAM_INCREASE,,False,False,True,True,"[41.5, 63.0, 58.0, 6.0, -30.0, 14.0, -30.0, -21.0, 64.0]",58,13.0,41.5,63.0,63.0,71.0,2627.0,0,58,0,58,-0.136,-0.0885,-0.043,-0.028,-0.017,-4.796,6,25.0,52.0,63.0,63.0,63.0,290.0,0,6,0,6,0.011,0.040999999999999995,0.066,0.066,0.066,0.241,201,-71.0,-30.0,14.0,18.0,33.0,-4582.0,165,35,1,201,-0.133,-0.038,-0.006,-0.003,-0.001,-7.99,384,-82.0,-30.0,10.0,18.0,33.0,-9660.0,320,61,3,384,0.0,0.043,0.07,0.074,0.078,15.882,4032,-84.0,-21.0,15.0,20.0,37.0,-84406.0,3062,928,42,4032,-0.133,0.357,0.894,1.023,1.334,1673.434
A_X064_Y080,64,80,52,76,64,96,232.0,165.0,1.0,825,13200,9433,3767,0.28704545454545455,"{""X1Y1"": 132, ""X2Y1"": 693}",True,NOT_PROVEN_WITHOUT_MOVED_FF_CONTROL_SET_REPLAY,NOT_PROVEN_READ_ONLY_SITE_INVENTORY_ONLY,22,DEST_X2Y1_MAJOR,22,EC8295A18CFB3214990035A3C2A8A03B2248BEA56069D816345F1D2C0CC4741A,True,,False,False,U_NEG_UPSTREAM_WORSENING;D_NEG_NO_MEDIAN_IMPROVEMENT,,False,True,False,True,"[0.0, 49.0, 22.0, 0.0, 0.0, 0.0, 0.0, 0.0, 22.0]",58,0.0,0.0,49.0,63.0,63.0,969.0,0,22,36,58,-0.136,-0.0885,-0.043,-0.028,-0.017,-4.796,6,0.0,0.0,0.0,0.0,0.0,0.0,0,0,6,6,0.011,0.040999999999999995,0.066,0.066,0.066,0.241,201,-71.0,0.0,0.0,0.0,19.0,-2116.0,60,5,136,201,-0.133,-0.038,-0.006,-0.003,-0.001,-7.99,384,-82.0,0.0,0.0,0.0,26.0,-4245.0,129,12,243,384,0.0,0.043,0.07,0.074,0.078,15.882,4032,-84.0,0.0,0.0,10.0,32.0,-29470.0,1071,297,2664,4032,-0.133,0.357,0.894,1.023,1.334,1673.434
A_X064_Y080,64,80,52,76,64,96,232.0,165.0,1.0,825,13200,9433,3767,0.28689393939393937,"{""X1Y1"": 132, ""X2Y1"": 693}",True,NOT_PROVEN_WITHOUT_MOVED_FF_CONTROL_SET_REPLAY,NOT_PROVEN_READ_ONLY_SITE_INVENTORY_ONLY,20,DEST_X3Y1_MAJOR,20,D8DF451BC1C4EF6032E28F4D3065B488CCF48FA9921667AB64B2E0E8D05D4049,True,,False,False,U_NEG_UPSTREAM_WORSENING;U_PASS_UPSTREAM_INCREASE;D_NEG_NO_MEDIAN_IMPROVEMENT,,False,False,False,True,"[0.0, 55.0, 15.0, 5.0, 0.0, 8.0, 0.0, 0.0, 20.0]",58,0.0,0.0,55.0,63.0,71.0,718.0,0,15,43,58,-0.136,-0.0885,-0.043,-0.028,-0.017,-4.796,6,0.0,40.5,63.0,63.0,63.0,232.0,0,5,1,6,0.011,0.040999999999999995,0.066,0.066,0.066,0.241,201,-48.0,0.0,8.0,17.0,33.0,-2322.0,98,27,76,201,-0.133,-0.038,-0.006,-0.003,-0.001,-7.99,384,-77.0,0.0,0.0,12.0,33.0,-3495.0,133,34,217,384,0.0,0.043,0.07,0.074,0.078,15.882,4032,-84.0,0.0,0.0,8.0,37.0,-26380.0,951,300,2781,4032,-0.133,0.357,0.894,1.023,1.334,1673.434
A_X064_Y080,64,80,52,76,64,96,232.0,165.0,1.0,825,13200,9433,3767,0.28704545454545455,"{""X1Y1"": 132, ""X2Y1"": 693}",True,NOT_PROVEN_WITHOUT_MOVED_FF_CONTROL_SET_REPLAY,NOT_PROVEN_READ_ONLY_SITE_INVENTORY_ONLY,22,DEST_MIXED_OR_OTHER,22,62A80A6BF2780309EBB7ACB65499DC33F9E420F49ABAF670FF853CD53D650A7D,True,,False,False,U_NEG_UPSTREAM_WORSENING;U_PASS_UPSTREAM_INCREASE;D_NEG_NO_MEDIAN_IMPROVEMENT,,False,False,False,True,"[0.0, 53.0, 21.0, 1.0, 0.0, 0.0, 0.0, 0.0, 22.0]",58,0.0,0.0,53.0,63.0,66.0,940.0,0,21,37,58,-0.136,-0.0885,-0.043,-0.028,-0.017,-4.796,6,0.0,0.0,58.0,58.0,58.0,58.0,0,1,5,6,0.011,0.040999999999999995,0.066,0.066,0.066,0.241,201,-41.0,0.0,0.0,0.0,22.0,-144.0,7,3,191,201,-0.133,-0.038,-0.006,-0.003,-0.001,-7.99,384,-76.0,0.0,0.0,0.0,26.0,-1920.0,58,15,311,384,0.0,0.043,0.07,0.074,0.078,15.882,4032,-84.0,0.0,0.0,9.0,33.0,-28556.0,1040,331,2661,4032,-0.133,0.357,0.894,1.023,1.334,1673.434
A_X064_Y080,64,80,52,76,64,96,232.0,165.0,1.0,825,13200,9433,3767,0.2865909090909091,"{""X1Y1"": 132, ""X2Y1"": 693}",True,NOT_PROVEN_WITHOUT_MOVED_FF_CONTROL_SET_REPLAY,NOT_PROVEN_READ_ONLY_SITE_INVENTORY_ONLY,16,FEATURE_BIN_0,16,25AFEB422DB3BDBEF4DCE97A6D1274116E7B27A3B94E395D479DC22D3DE14FFD,True,,False,False,U_NEG_UPSTREAM_WORSENING;D_NEG_NO_MEDIAN_IMPROVEMENT,,False,True,False,True,"[0.0, 44.0, 16.0, 0.0, 0.0, 0.0, 0.0, 0.0, 16.0]",58,0.0,0.0,44.0,53.0,63.0,691.0,0,16,42,58,-0.136,-0.0885,-0.043,-0.028,-0.017,-4.796,6,0.0,0.0,0.0,0.0,0.0,0.0,0,0,6,6,0.011,0.040999999999999995,0.066,0.066,0.066,0.241,201,-48.0,0.0,0.0,7.0,19.0,-1402.0,51,13,137,201,-0.133,-0.038,-0.006,-0.003,-0.001,-7.99,384,-69.0,0.0,0.0,0.0,22.0,-2888.0,87,9,288,384,0.0,0.043,0.07,0.074,0.078,15.882,4032,-74.0,0.0,0.0,2.0,24.0,-22800.0,792,209,3031,4032,-0.133,0.357,0.894,1.023,1.334,1673.434
A_X064_Y080,64,80,52,76,64,96,232.0,165.0,1.0,825,13200,9433,3767,0.2865909090909091,"{""X1Y1"": 132, ""X2Y1"": 693}",True,NOT_PROVEN_WITHOUT_MOVED_FF_CONTROL_SET_REPLAY,NOT_PROVEN_READ_ONLY_SITE_INVENTORY_ONLY,16,FEATURE_BIN_1,16,863B9B0389C1B994C73ED0C57EC56A84FD6D317708E59D47B391DA86E44D3A8E,True,,False,False,U_NEG_UPSTREAM_WORSENING;U_PASS_UPSTREAM_INCREASE;D_NEG_NO_MEDIAN_IMPROVEMENT,,False,False,False,True,"[0.0, 55.0, 14.0, 2.0, 0.0, 0.0, 0.0, 0.0, 16.0]",58,0.0,0.0,55.0,63.0,71.0,668.0,0,14,44,58,-0.136,-0.0885,-0.043,-0.028,-0.017,-4.796,6,0.0,0.0,63.0,63.0,63.0,109.0,0,2,4,6,0.011,0.040999999999999995,0.066,0.066,0.066,0.241,201,-71.0,0.0,0.0,0.0,22.0,-1358.0,41,6,154,201,-0.133,-0.038,-0.006,-0.003,-0.001,-7.99,384,-74.0,0.0,0.0,4.0,22.0,-2391.0,80,22,282,384,0.0,0.043,0.07,0.074,0.078,15.882,4032,-84.0,0.0,0.0,2.0,29.0,-21960.0,776,223,3033,4032,-0.133,0.357,0.894,1.023,1.334,1673.434
A_X064_Y080,64,80,52,76,64,96,232.0,165.0,1.0,825,13200,9433,3767,0.2865909090909091,"{""X1Y1"": 132, ""X2Y1"": 693}",True,NOT_PROVEN_WITHOUT_MOVED_FF_CONTROL_SET_REPLAY,NOT_PROVEN_READ_ONLY_SITE_INVENTORY_ONLY,16,FEATURE_BIN_2,16,18F6AC63D50EACD2B5F6CC669CA58252595A0313B759D7A0EC563D4D8CFF4410,True,,False,False,U_NEG_UPSTREAM_WORSENING;U_PASS_UPSTREAM_INCREASE;D_NEG_NO_MEDIAN_IMPROVEMENT,,False,False,False,True,"[0.0, 46.0, 14.0, 2.0, 0.0, 0.0, 0.0, 0.0, 16.0]",58,0.0,0.0,46.0,63.0,63.0,636.0,0,14,44,58,-0.136,-0.0885,-0.043,-0.028,-0.017,-4.796,6,0.0,0.0,63.0,63.0,63.0,98.0,0,2,4,6,0.011,0.040999999999999995,0.066,0.066,0.066,0.241,201,-50.0,0.0,0.0,0.0,20.0,-1222.0,47,10,144,201,-0.133,-0.038,-0.006,-0.003,-0.001,-7.99,384,-81.0,0.0,0.0,0.0,21.0,-2272.0,72,13,299,384,0.0,0.043,0.07,0.074,0.078,15.882,4032,-82.0,0.0,0.0,2.0,30.0,-22352.0,788,219,3025,4032,-0.133,0.357,0.894,1.023,1.334,1673.434
A_X064_Y080,64,80,52,76,64,96,232.0,165.0,1.0,825,13200,9433,3767,0.2865909090909091,"{""X1Y1"": 132, ""X2Y1"": 693}",True,NOT_PROVEN_WITHOUT_MOVED_FF_CONTROL_SET_REPLAY,NOT_PROVEN_READ_ONLY_SITE_INVENTORY_ONLY,16,FEATURE_BIN_3,16,6D6B2605916DFCDD525A27838AC825D18C62B807369D6E6322040D77ED73CF54,True,,False,False,U_NEG_UPSTREAM_WORSENING;U_PASS_UPSTREAM_INCREASE;D_NEG_NO_MEDIAN_IMPROVEMENT,,False,False,False,True,"[0.0, 47.0, 14.0, 2.0, 0.0, 0.0, 0.0, 0.0, 16.0]",58,0.0,0.0,47.0,63.0,63.0,632.0,0,14,44,58,-0.136,-0.0885,-0.043,-0.028,-0.017,-4.796,6,0.0,0.0,58.0,58.0,58.0,83.0,0,2,4,6,0.011,0.040999999999999995,0.066,0.066,0.066,0.241,201,-50.0,0.0,0.0,0.0,33.0,-600.0,26,6,169,201,-0.133,-0.038,-0.006,-0.003,-0.001,-7.99,384,-82.0,0.0,0.0,0.0,33.0,-2109.0,81,17,286,384,0.0,0.043,0.07,0.074,0.078,15.882,4032,-84.0,0.0,0.0,8.0,37.0,-17294.0,706,277,3049,4032,-0.133,0.357,0.894,1.023,1.334,1673.434
A_X064_Y084,64,84,52,76,68,100,232.0,161.0,1.0,825,13200,9221,3979,0.3062878787878788,"{""X1Y1"": 132, ""X2Y1"": 693}",True,NOT_PROVEN_WITHOUT_MOVED_FF_CONTROL_SET_REPLAY,NOT_PROVEN_READ_ONLY_SITE_INVENTORY_ONLY,64,ALL_64,64,A49D88051B2D2E5D1255D4F806A7569CDA9B33A650A908566197031349AD8DB4,True,,False,False,U_NEG_UPSTREAM_WORSENING;U_PASS_UPSTREAM_INCREASE,,False,False,True,True,"[37.5, 59.0, 58.0, 6.0, -31.0, 10.0, -32.0, -25.0, 64.0]",58,9.0,37.5,59.0,59.0,67.0,2395.0,0,58,0,58,-0.136,-0.0885,-0.043,-0.028,-0.017,-4.796,6,21.0,48.0,59.0,59.0,59.0,266.0,0,6,0,6,0.011,0.040999999999999995,0.066,0.066,0.066,0.241,201,-67.0,-31.0,10.0,14.0,29.0,-4816.0,167,30,4,201,-0.133,-0.038,-0.006,-0.003,-0.001,-7.99,384,-80.0,-32.0,6.0,14.0,29.0,-10060.0,332,48,4,384,0.0,0.043,0.07,0.074,0.078,15.882,4032,-80.0,-25.0,11.0,16.0,33.0,-92756.0,3219,772,41,4032,-0.133,0.357,0.894,1.023,1.334,1673.434
A_X064_Y084,64,84,52,76,68,100,232.0,161.0,1.0,825,13200,9221,3979,0.3031060606060606,"{""X1Y1"": 132, ""X2Y1"": 693}",True,NOT_PROVEN_WITHOUT_MOVED_FF_CONTROL_SET_REPLAY,NOT_PROVEN_READ_ONLY_SITE_INVENTORY_ONLY,22,DEST_X2Y1_MAJOR,22,EC8295A18CFB3214990035A3C2A8A03B2248BEA56069D816345F1D2C0CC4741A,True,,False,False,U_NEG_UPSTREAM_WORSENING;D_NEG_NO_MEDIAN_IMPROVEMENT,,False,True,False,True,"[0.0, 45.0, 22.0, 0.0, 0.0, 0.0, 0.0, 0.0, 22.0]",58,0.0,0.0,45.0,59.0,59.0,881.0,0,22,36,58,-0.136,-0.0885,-0.043,-0.028,-0.017,-4.796,6,0.0,0.0,0.0,0.0,0.0,0.0,0,0,6,6,0.011,0.040999999999999995,0.066,0.066,0.066,0.241,201,-67.0,0.0,0.0,0.0,15.0,-2086.0,60,3,138,201,-0.133,-0.038,-0.006,-0.003,-0.001,-7.99,384,-80.0,0.0,0.0,0.0,22.0,-4369.0,132,10,242,384,0.0,0.043,0.07,0.074,0.078,15.882,4032,-80.0,0.0,0.0,6.0,28.0,-32330.0,1121,251,2660,4032,-0.133,0.357,0.894,1.023,1.334,1673.434
A_X064_Y084,64,84,52,76,68,100,232.0,161.0,1.0,825,13200,9221,3979,0.3029545454545455,"{""X1Y1"": 132, ""X2Y1"": 693}",True,NOT_PROVEN_WITHOUT_MOVED_FF_CONTROL_SET_REPLAY,NOT_PROVEN_READ_ONLY_SITE_INVENTORY_ONLY,20,DEST_X3Y1_MAJOR,20,D8DF451BC1C4EF6032E28F4D3065B488CCF48FA9921667AB64B2E0E8D05D4049,True,,False,False,U_NEG_UPSTREAM_WORSENING;U_PASS_UPSTREAM_INCREASE;D_NEG_NO_MEDIAN_IMPROVEMENT,,False,False,False,True,"[0.0, 51.0, 15.0, 5.0, 0.0, 4.0, 0.0, 0.0, 20.0]",58,0.0,0.0,51.0,59.0,67.0,658.0,0,15,43,58,-0.136,-0.0885,-0.043,-0.028,-0.017,-4.796,6,0.0,36.5,59.0,59.0,59.0,212.0,0,5,1,6,0.011,0.040999999999999995,0.066,0.066,0.066,0.241,201,-44.0,0.0,4.0,13.0,29.0,-2564.0,100,24,77,201,-0.133,-0.038,-0.006,-0.003,-0.001,-7.99,384,-77.0,0.0,0.0,8.0,29.0,-3739.0,140,26,218,384,0.0,0.043,0.07,0.074,0.078,15.882,4032,-80.0,0.0,0.0,4.0,33.0,-28976.0,996,251,2785,4032,-0.133,0.357,0.894,1.023,1.334,1673.434
A_X064_Y084,64,84,52,76,68,100,232.0,161.0,1.0,825,13200,9221,3979,0.3031060606060606,"{""X1Y1"": 132, ""X2Y1"": 693}",True,NOT_PROVEN_WITHOUT_MOVED_FF_CONTROL_SET_REPLAY,NOT_PROVEN_READ_ONLY_SITE_INVENTORY_ONLY,22,DEST_MIXED_OR_OTHER,22,62A80A6BF2780309EBB7ACB65499DC33F9E420F49ABAF670FF853CD53D650A7D,True,,False,False,U_NEG_UPSTREAM_WORSENING;U_PASS_UPSTREAM_INCREASE;D_NEG_NO_MEDIAN_IMPROVEMENT,,False,False,False,True,"[0.0, 49.0, 21.0, 1.0, 0.0, 0.0, 0.0, 0.0, 22.0]",58,0.0,0.0,49.0,59.0,62.0,856.0,0,21,37,58,-0.136,-0.0885,-0.043,-0.028,-0.017,-4.796,6,0.0,0.0,54.0,54.0,54.0,54.0,0,1,5,6,0.011,0.040999999999999995,0.066,0.066,0.066,0.241,201,-43.0,0.0,0.0,0.0,18.0,-166.0,7,3,191,201,-0.133,-0.038,-0.006,-0.003,-0.001,-7.99,384,-72.0,0.0,0.0,0.0,22.0,-1952.0,60,12,312,384,0.0,0.043,0.07,0.074,0.078,15.882,4032,-80.0,0.0,0.0,5.0,29.0,-31450.0,1102,270,2660,4032,-0.133,0.357,0.894,1.023,1.334,1673.434
A_X064_Y084,64,84,52,76,68,100,232.0,161.0,1.0,825,13200,9221,3979,0.30265151515151517,"{""X1Y1"": 132, ""X2Y1"": 693}",True,NOT_PROVEN_WITHOUT_MOVED_FF_CONTROL_SET_REPLAY,NOT_PROVEN_READ_ONLY_SITE_INVENTORY_ONLY,16,FEATURE_BIN_0,16,25AFEB422DB3BDBEF4DCE97A6D1274116E7B27A3B94E395D479DC22D3DE14FFD,True,,False,False,U_NEG_UPSTREAM_WORSENING;D_NEG_NO_MEDIAN_IMPROVEMENT,,False,True,False,True,"[0.0, 40.0, 16.0, 0.0, 0.0, 0.0, 0.0, 0.0, 16.0]",58,0.0,0.0,40.0,49.0,59.0,627.0,0,16,42,58,-0.136,-0.0885,-0.043,-0.028,-0.017,-4.796,6,0.0,0.0,0.0,0.0,0.0,0.0,0,0,6,6,0.011,0.040999999999999995,0.066,0.066,0.066,0.241,201,-46.0,0.0,0.0,3.0,15.0,-1536.0,51,11,139,201,-0.133,-0.038,-0.006,-0.003,-0.001,-7.99,384,-65.0,0.0,0.0,0.0,18.0,-3000.0,89,5,290,384,0.0,0.043,0.07,0.074,0.078,15.882,4032,-70.0,0.0,0.0,0.0,20.0,-24924.0,821,180,3031,4032,-0.133,0.357,0.894,1.023,1.334,1673.434
A_X064_Y084,64,84,52,76,68,100,232.0,161.0,1.0,825,13200,9221,3979,0.30265151515151517,"{""X1Y1"": 132, ""X2Y1"": 693}",True,NOT_PROVEN_WITHOUT_MOVED_FF_CONTROL_SET_REPLAY,NOT_PROVEN_READ_ONLY_SITE_INVENTORY_ONLY,16,FEATURE_BIN_1,16,863B9B0389C1B994C73ED0C57EC56A84FD6D317708E59D47B391DA86E44D3A8E,True,,False,False,U_NEG_UPSTREAM_WORSENING;U_PASS_UPSTREAM_INCREASE;D_NEG_NO_MEDIAN_IMPROVEMENT,,False,False,False,True,"[0.0, 51.0, 14.0, 2.0, 0.0, 0.0, 0.0, 0.0, 16.0]",58,0.0,0.0,51.0,59.0,67.0,612.0,0,14,44,58,-0.136,-0.0885,-0.043,-0.028,-0.017,-4.796,6,0.0,0.0,59.0,59.0,59.0,101.0,0,2,4,6,0.011,0.040999999999999995,0.066,0.066,0.066,0.241,201,-67.0,0.0,0.0,0.0,18.0,-1352.0,42,5,154,201,-0.133,-0.038,-0.006,-0.003,-0.001,-7.99,384,-70.0,0.0,0.0,0.0,18.0,-2501.0,84,19,281,384,0.0,0.043,0.07,0.074,0.078,15.882,4032,-80.0,0.0,0.0,0.0,25.0,-23926.0,818,187,3027,4032,-0.133,0.357,0.894,1.023,1.334,1673.434
A_X064_Y084,64,84,52,76,68,100,232.0,161.0,1.0,825,13200,9221,3979,0.30265151515151517,"{""X1Y1"": 132, ""X2Y1"": 693}",True,NOT_PROVEN_WITHOUT_MOVED_FF_CONTROL_SET_REPLAY,NOT_PROVEN_READ_ONLY_SITE_INVENTORY_ONLY,16,FEATURE_BIN_2,16,18F6AC63D50EACD2B5F6CC669CA58252595A0313B759D7A0EC563D4D8CFF4410,True,,False,False,U_NEG_UPSTREAM_WORSENING;U_PASS_UPSTREAM_INCREASE;D_NEG_NO_MEDIAN_IMPROVEMENT,,False,False,False,True,"[0.0, 42.0, 14.0, 2.0, 0.0, 0.0, 0.0, 0.0, 16.0]",58,0.0,0.0,42.0,59.0,59.0,580.0,0,14,44,58,-0.136,-0.0885,-0.043,-0.028,-0.017,-4.796,6,0.0,0.0,59.0,59.0,59.0,90.0,0,2,4,6,0.011,0.040999999999999995,0.066,0.066,0.066,0.241,201,-54.0,0.0,0.0,0.0,16.0,-1328.0,48,8,145,201,-0.133,-0.038,-0.006,-0.003,-0.001,-7.99,384,-77.0,0.0,0.0,0.0,17.0,-2372.0,72,12,300,384,0.0,0.043,0.07,0.074,0.078,15.882,4032,-78.0,0.0,0.0,0.0,26.0,-24514.0,822,178,3032,4032,-0.133,0.357,0.894,1.023,1.334,1673.434
A_X064_Y084,64,84,52,76,68,100,232.0,161.0,1.0,825,13200,9221,3979,0.30265151515151517,"{""X1Y1"": 132, ""X2Y1"": 693}",True,NOT_PROVEN_WITHOUT_MOVED_FF_CONTROL_SET_REPLAY,NOT_PROVEN_READ_ONLY_SITE_INVENTORY_ONLY,16,FEATURE_BIN_3,16,6D6B2605916DFCDD525A27838AC825D18C62B807369D6E6322040D77ED73CF54,True,,False,False,U_NEG_UPSTREAM_WORSENING;U_PASS_UPSTREAM_INCREASE;D_NEG_NO_MEDIAN_IMPROVEMENT,,False,False,False,True,"[0.0, 43.0, 14.0, 2.0, 0.0, 0.0, 0.0, 0.0, 16.0]",58,0.0,0.0,43.0,59.0,59.0,576.0,0,14,44,58,-0.136,-0.0885,-0.043,-0.028,-0.017,-4.796,6,0.0,0.0,54.0,54.0,54.0,75.0,0,2,4,6,0.011,0.040999999999999995,0.066,0.066,0.066,0.241,201,-46.0,0.0,0.0,0.0,29.0,-600.0,26,6,169,201,-0.133,-0.038,-0.006,-0.003,-0.001,-7.99,384,-80.0,0.0,0.0,0.0,29.0,-2187.0,87,12,285,384,0.0,0.043,0.07,0.074,0.078,15.882,4032,-80.0,0.0,0.0,4.0,33.0,-19392.0,758,227,3047,4032,-0.133,0.357,0.894,1.023,1.334,1673.434
A_X064_Y088,64,88,52,76,72,104,232.0,157.0,1.0,825,13200,9108,4092,0.3148484848484848,"{""X1Y1"": 132, ""X2Y1"": 693}",True,NOT_PROVEN_WITHOUT_MOVED_FF_CONTROL_SET_REPLAY,NOT_PROVEN_READ_ONLY_SITE_INVENTORY_ONLY,64,ALL_64,64,A49D88051B2D2E5D1255D4F806A7569CDA9B33A650A908566197031349AD8DB4,True,,False,False,U_NEG_UPSTREAM_WORSENING;U_PASS_UPSTREAM_INCREASE,,False,False,True,True,"[33.5, 55.0, 58.0, 6.0, -31.0, 6.0, -32.0, -27.0, 64.0]",58,5.0,33.5,55.0,55.0,63.0,2163.0,0,58,0,58,-0.136,-0.0885,-0.043,-0.028,-0.017,-4.796,6,17.0,44.0,55.0,55.0,55.0,242.0,0,6,0,6,0.011,0.040999999999999995,0.066,0.066,0.066,0.241,201,-63.0,-31.0,6.0,10.0,25.0,-4892.0,175,22,4,201,-0.133,-0.038,-0.006,-0.003,-0.001,-7.99,384,-76.0,-32.0,2.0,10.0,25.0,-10218.0,342,40,2,384,0.0,0.043,0.07,0.074,0.078,15.882,4032,-76.0,-27.0,7.0,12.0,29.0,-98980.0,3370,618,44,4032,-0.133,0.357,0.894,1.023,1.334,1673.434
A_X064_Y088,64,88,52,76,72,104,232.0,157.0,1.0,825,13200,9108,4092,0.31166666666666665,"{""X1Y1"": 132, ""X2Y1"": 693}",True,NOT_PROVEN_WITHOUT_MOVED_FF_CONTROL_SET_REPLAY,NOT_PROVEN_READ_ONLY_SITE_INVENTORY_ONLY,22,DEST_X2Y1_MAJOR,22,EC8295A18CFB3214990035A3C2A8A03B2248BEA56069D816345F1D2C0CC4741A,True,,False,False,U_NEG_UPSTREAM_WORSENING;D_NEG_NO_MEDIAN_IMPROVEMENT,,False,True,False,True,"[0.0, 41.0, 22.0, 0.0, 0.0, 0.0, 0.0, 0.0, 22.0]",58,0.0,0.0,41.0,55.0,55.0,793.0,0,22,36,58,-0.136,-0.0885,-0.043,-0.028,-0.017,-4.796,6,0.0,0.0,0.0,0.0,0.0,0.0,0,0,6,6,0.011,0.040999999999999995,0.066,0.066,0.066,0.241,201,-63.0,0.0,0.0,0.0,11.0,-2010.0,63,2,136,201,-0.133,-0.038,-0.006,-0.003,-0.001,-7.99,384,-76.0,0.0,0.0,0.0,18.0,-4421.0,132,9,243,384,0.0,0.043,0.07,0.074,0.078,15.882,4032,-76.0,0.0,0.0,2.0,24.0,-34374.0,1153,216,2663,4032,-0.133,0.357,0.894,1.023,1.334,1673.434
A_X064_Y088,64,88,52,76,72,104,232.0,157.0,1.0,825,13200,9108,4092,0.3115151515151515,"{""X1Y1"": 132, ""X2Y1"": 693}",True,NOT_PROVEN_WITHOUT_MOVED_FF_CONTROL_SET_REPLAY,NOT_PROVEN_READ_ONLY_SITE_INVENTORY_ONLY,20,DEST_X3Y1_MAJOR,20,D8DF451BC1C4EF6032E28F4D3065B488CCF48FA9921667AB64B2E0E8D05D4049,True,,False,False,U_NEG_UPSTREAM_WORSENING;U_PASS_UPSTREAM_INCREASE,,False,False,True,True,"[0.0, 47.0, 15.0, 5.0, -4.0, 0.0, 0.0, 0.0, 20.0]",58,0.0,0.0,47.0,55.0,63.0,598.0,0,15,43,58,-0.136,-0.0885,-0.043,-0.028,-0.017,-4.796,6,0.0,32.5,55.0,55.0,55.0,192.0,0,5,1,6,0.011,0.040999999999999995,0.066,0.066,0.066,0.241,201,-40.0,-4.0,0.0,9.0,25.0,-2702.0,104,18,79,201,-0.133,-0.038,-0.006,-0.003,-0.001,-7.99,384,-73.0,0.0,0.0,4.0,25.0,-3857.0,146,22,216,384,0.0,0.043,0.07,0.074,0.078,15.882,4032,-76.0,0.0,0.0,0.0,29.0,-30930.0,1050,196,2786,4032,-0.133,0.357,0.894,1.023,1.334,1673.434
A_X064_Y088,64,88,52,76,72,104,232.0,157.0,1.0,825,13200,9108,4092,0.31166666666666665,"{""X1Y1"": 132, ""X2Y1"": 693}",True,NOT_PROVEN_WITHOUT_MOVED_FF_CONTROL_SET_REPLAY,NOT_PROVEN_READ_ONLY_SITE_INVENTORY_ONLY,22,DEST_MIXED_OR_OTHER,22,62A80A6BF2780309EBB7ACB65499DC33F9E420F49ABAF670FF853CD53D650A7D,True,,False,False,U_NEG_UPSTREAM_WORSENING;U_PASS_UPSTREAM_INCREASE;D_NEG_NO_MEDIAN_IMPROVEMENT,,False,False,False,True,"[0.0, 45.0, 21.0, 1.0, 0.0, 0.0, 0.0, 0.0, 22.0]",58,0.0,0.0,45.0,55.0,58.0,772.0,0,21,37,58,-0.136,-0.0885,-0.043,-0.028,-0.017,-4.796,6,0.0,0.0,50.0,50.0,50.0,50.0,0,1,5,6,0.011,0.040999999999999995,0.066,0.066,0.066,0.241,201,-39.0,0.0,0.0,0.0,14.0,-180.0,8,2,191,201,-0.133,-0.038,-0.006,-0.003,-0.001,-7.99,384,-68.0,0.0,0.0,0.0,18.0,-1940.0,64,9,311,384,0.0,0.043,0.07,0.074,0.078,15.882,4032,-76.0,0.0,0.0,1.0,25.0,-33676.0,1167,206,2659,4032,-0.133,0.357,0.894,1.023,1.334,1673.434
A_X064_Y088,64,88,52,76,72,104,232.0,157.0,1.0,825,13200,9108,4092,0.3112121212121212,"{""X1Y1"": 132, ""X2Y1"": 693}",True,NOT_PROVEN_WITHOUT_MOVED_FF_CONTROL_SET_REPLAY,NOT_PROVEN_READ_ONLY_SITE_INVENTORY_ONLY,16,FEATURE_BIN_0,16,25AFEB422DB3BDBEF4DCE97A6D1274116E7B27A3B94E395D479DC22D3DE14FFD,True,,False,False,U_NEG_UPSTREAM_WORSENING;D_NEG_NO_MEDIAN_IMPROVEMENT,,False,True,False,True,"[0.0, 36.0, 16.0, 0.0, 0.0, 0.0, 0.0, 0.0, 16.0]",58,0.0,0.0,36.0,45.0,55.0,563.0,0,16,42,58,-0.136,-0.0885,-0.043,-0.028,-0.017,-4.796,6,0.0,0.0,0.0,0.0,0.0,0.0,0,0,6,6,0.011,0.040999999999999995,0.066,0.066,0.066,0.241,201,-50.0,0.0,0.0,0.0,11.0,-1618.0,54,6,141,201,-0.133,-0.038,-0.006,-0.003,-0.001,-7.99,384,-62.0,0.0,0.0,0.0,14.0,-3022.0,91,4,289,384,0.0,0.043,0.07,0.074,0.078,15.882,4032,-66.0,0.0,0.0,0.0,16.0,-26474.0,864,129,3039,4032,-0.133,0.357,0.894,1.023,1.334,1673.434
A_X064_Y088,64,88,52,76,72,104,232.0,157.0,1.0,825,13200,9108,4092,0.3112121212121212,"{""X1Y1"": 132, ""X2Y1"": 693}",True,NOT_PROVEN_WITHOUT_MOVED_FF_CONTROL_SET_REPLAY,NOT_PROVEN_READ_ONLY_SITE_INVENTORY_ONLY,16,FEATURE_BIN_1,16,863B9B0389C1B994C73ED0C57EC56A84FD6D317708E59D47B391DA86E44D3A8E,True,,False,False,U_NEG_UPSTREAM_WORSENING;U_PASS_UPSTREAM_INCREASE;D_NEG_NO_MEDIAN_IMPROVEMENT,,False,False,False,True,"[0.0, 47.0, 14.0, 2.0, 0.0, 0.0, 0.0, 0.0, 16.0]",58,0.0,0.0,47.0,55.0,63.0,556.0,0,14,44,58,-0.136,-0.0885,-0.043,-0.028,-0.017,-4.796,6,0.0,0.0,55.0,55.0,55.0,93.0,0,2,4,6,0.011,0.040999999999999995,0.066,0.066,0.066,0.241,201,-63.0,0.0,0.0,0.0,14.0,-1322.0,43,5,153,201,-0.133,-0.038,-0.006,-0.003,-0.001,-7.99,384,-66.0,0.0,0.0,0.0,14.0,-2591.0,89,14,281,384,0.0,0.043,0.07,0.074,0.078,15.882,4032,-76.0,0.0,0.0,0.0,21.0,-25402.0,857,150,3025,4032,-0.133,0.357,0.894,1.023,1.334,1673.434
A_X064_Y088,64,88,52,76,72,104,232.0,157.0,1.0,825,13200,9108,4092,0.3112121212121212,"{""X1Y1"": 132, ""X2Y1"": 693}",True,NOT_PROVEN_WITHOUT_MOVED_FF_CONTROL_SET_REPLAY,NOT_PROVEN_READ_ONLY_SITE_INVENTORY_ONLY,16,FEATURE_BIN_2,16,18F6AC63D50EACD2B5F6CC669CA58252595A0313B759D7A0EC563D4D8CFF4410,True,,False,False,U_NEG_UPSTREAM_WORSENING;U_PASS_UPSTREAM_INCREASE;D_NEG_NO_MEDIAN_IMPROVEMENT,,False,False,False,True,"[0.0, 38.0, 14.0, 2.0, 0.0, 0.0, 0.0, 0.0, 16.0]",58,0.0,0.0,38.0,55.0,55.0,524.0,0,14,44,58,-0.136,-0.0885,-0.043,-0.028,-0.017,-4.796,6,0.0,0.0,55.0,55.0,55.0,82.0,0,2,4,6,0.011,0.040999999999999995,0.066,0.066,0.066,0.241,201,-58.0,0.0,0.0,0.0,12.0,-1370.0,51,6,144,201,-0.133,-0.038,-0.006,-0.003,-0.001,-7.99,384,-73.0,0.0,0.0,0.0,13.0,-2384.0,75,10,299,384,0.0,0.043,0.07,0.074,0.078,15.882,4032,-74.0,0.0,0.0,0.0,22.0,-26058.0,861,142,3029,4032,-0.133,0.357,0.894,1.023,1.334,1673.434
A_X064_Y088,64,88,52,76,72,104,232.0,157.0,1.0,825,13200,9108,4092,0.3112121212121212,"{""X1Y1"": 132, ""X2Y1"": 693}",True,NOT_PROVEN_WITHOUT_MOVED_FF_CONTROL_SET_REPLAY,NOT_PROVEN_READ_ONLY_SITE_INVENTORY_ONLY,16,FEATURE_BIN_3,16,6D6B2605916DFCDD525A27838AC825D18C62B807369D6E6322040D77ED73CF54,True,,False,False,U_NEG_UPSTREAM_WORSENING;U_PASS_UPSTREAM_INCREASE;D_NEG_NO_MEDIAN_IMPROVEMENT,,False,False,False,True,"[0.0, 39.0, 14.0, 2.0, 0.0, 0.0, 0.0, 0.0, 16.0]",58,0.0,0.0,39.0,55.0,55.0,520.0,0,14,44,58,-0.136,-0.0885,-0.043,-0.028,-0.017,-4.796,6,0.0,0.0,50.0,50.0,50.0,67.0,0,2,4,6,0.011,0.040999999999999995,0.066,0.066,0.066,0.241,201,-42.0,0.0,0.0,0.0,25.0,-582.0,27,5,169,201,-0.133,-0.038,-0.006,-0.003,-0.001,-7.99,384,-76.0,0.0,0.0,0.0,25.0,-2221.0,87,12,285,384,0.0,0.043,0.07,0.074,0.078,15.882,4032,-76.0,0.0,0.0,0.0,29.0,-21046.0,788,197,3047,4032,-0.133,0.357,0.894,1.023,1.334,1673.434
A_X064_Y092,64,92,52,76,76,108,232.0,152.0,1.0,825,13200,9200,4000,0.30787878787878786,"{""X1Y1"": 132, ""X2Y1"": 693}",True,NOT_PROVEN_WITHOUT_MOVED_FF_CONTROL_SET_REPLAY,NOT_PROVEN_READ_ONLY_SITE_INVENTORY_ONLY,64,ALL_64,64,A49D88051B2D2E5D1255D4F806A7569CDA9B33A650A908566197031349AD8DB4,True,,False,False,U_NEG_UPSTREAM_WORSENING;U_PASS_UPSTREAM_INCREASE,,False,False,True,True,"[28.5, 50.0, 57.0, 6.0, -28.0, 1.0, -28.0, -27.0, 64.0]",58,0.0,28.5,50.0,50.0,58.0,1873.0,0,57,1,58,-0.136,-0.0885,-0.043,-0.028,-0.017,-4.796,6,12.0,39.0,50.0,50.0,50.0,212.0,0,6,0,6,0.011,0.040999999999999995,0.066,0.066,0.066,0.241,201,-63.0,-28.0,1.0,5.0,20.0,-4739.0,179,21,1,201,-0.133,-0.038,-0.006,-0.003,-0.001,-7.99,384,-71.0,-28.0,-3.0,5.0,20.0,-9880.0,353,28,3,384,0.0,0.043,0.07,0.074,0.078,15.882,4032,-71.0,-27.0,2.0,7.0,24.0,-103848.0,3543,458,31,4032,-0.133,0.357,0.894,1.023,1.334,1673.434
A_X064_Y092,64,92,52,76,76,108,232.0,152.0,1.0,825,13200,9200,4000,0.3046969696969697,"{""X1Y1"": 132, ""X2Y1"": 693}",True,NOT_PROVEN_WITHOUT_MOVED_FF_CONTROL_SET_REPLAY,NOT_PROVEN_READ_ONLY_SITE_INVENTORY_ONLY,22,DEST_X2Y1_MAJOR,22,EC8295A18CFB3214990035A3C2A8A03B2248BEA56069D816345F1D2C0CC4741A,True,,False,False,U_NEG_UPSTREAM_WORSENING;D_NEG_NO_MEDIAN_IMPROVEMENT,,False,True,False,True,"[0.0, 36.0, 21.0, 0.0, 0.0, 0.0, 0.0, 0.0, 22.0]",58,0.0,0.0,36.0,50.0,50.0,683.0,0,21,37,58,-0.136,-0.0885,-0.043,-0.028,-0.017,-4.796,6,0.0,0.0,0.0,0.0,0.0,0.0,0,0,6,6,0.011,0.040999999999999995,0.066,0.066,0.066,0.241,201,-63.0,0.0,0.0,0.0,6.0,-1857.0,63,2,136,201,-0.133,-0.038,-0.006,-0.003,-0.001,-7.99,384,-71.0,0.0,0.0,0.0,13.0,-4245.0,136,6,242,384,0.0,0.043,0.07,0.074,0.078,15.882,4032,-71.0,0.0,0.0,0.0,19.0,-35930.0,1209,168,2655,4032,-0.133,0.357,0.894,1.023,1.334,1673.434
A_X064_Y092,64,92,52,76,76,108,232.0,152.0,1.0,825,13200,9200,4000,0.30454545454545456,"{""X1Y1"": 132, ""X2Y1"": 693}",True,NOT_PROVEN_WITHOUT_MOVED_FF_CONTROL_SET_REPLAY,NOT_PROVEN_READ_ONLY_SITE_INVENTORY_ONLY,20,DEST_X3Y1_MAJOR,20,D8DF451BC1C4EF6032E28F4D3065B488CCF48FA9921667AB64B2E0E8D05D4049,True,,False,False,U_NEG_UPSTREAM_WORSENING;U_PASS_UPSTREAM_INCREASE,,False,False,True,True,"[0.0, 42.0, 15.0, 5.0, -9.0, 0.0, 0.0, 0.0, 20.0]",58,0.0,0.0,42.0,50.0,58.0,523.0,0,15,43,58,-0.136,-0.0885,-0.043,-0.028,-0.017,-4.796,6,0.0,27.5,50.0,50.0,50.0,167.0,0,5,1,6,0.011,0.040999999999999995,0.066,0.066,0.066,0.241,201,-35.0,-9.0,0.0,4.0,20.0,-2692.0,108,17,76,201,-0.133,-0.038,-0.006,-0.003,-0.001,-7.99,384,-68.0,0.0,0.0,0.0,20.0,-3806.0,153,13,218,384,0.0,0.043,0.07,0.074,0.078,15.882,4032,-71.0,0.0,0.0,0.0,24.0,-32474.0,1104,145,2783,4032,-0.133,0.357,0.894,1.023,1.334,1673.434
A_X064_Y092,64,92,52,76,76,108,232.0,152.0,1.0,825,13200,9200,4000,0.3046969696969697,"{""X1Y1"": 132, ""X2Y1"": 693}",True,NOT_PROVEN_WITHOUT_MOVED_FF_CONTROL_SET_REPLAY,NOT_PROVEN_READ_ONLY_SITE_INVENTORY_ONLY,22,DEST_MIXED_OR_OTHER,22,62A80A6BF2780309EBB7ACB65499DC33F9E420F49ABAF670FF853CD53D650A7D,True,,False,False,U_NEG_UPSTREAM_WORSENING;U_PASS_UPSTREAM_INCREASE;D_NEG_NO_MEDIAN_IMPROVEMENT,,False,False,False,True,"[0.0, 40.0, 21.0, 1.0, 0.0, 0.0, 0.0, 0.0, 22.0]",58,0.0,0.0,40.0,50.0,53.0,667.0,0,21,37,58,-0.136,-0.0885,-0.043,-0.028,-0.017,-4.796,6,0.0,0.0,45.0,45.0,45.0,45.0,0,1,5,6,0.011,0.040999999999999995,0.066,0.066,0.066,0.241,201,-34.0,0.0,0.0,0.0,9.0,-190.0,8,2,191,201,-0.133,-0.038,-0.006,-0.003,-0.001,-7.99,384,-63.0,0.0,0.0,0.0,13.0,-1829.0,64,9,311,384,0.0,0.043,0.07,0.074,0.078,15.882,4032,-71.0,0.0,0.0,0.0,20.0,-35444.0,1230,145,2657,4032,-0.133,0.357,0.894,1.023,1.334,1673.434
A_X064_Y092,64,92,52,76,76,108,232.0,152.0,1.0,825,13200,9200,4000,0.30424242424242426,"{""X1Y1"": 132, ""X2Y1"": 693}",True,NOT_PROVEN_WITHOUT_MOVED_FF_CONTROL_SET_REPLAY,NOT_PROVEN_READ_ONLY_SITE_INVENTORY_ONLY,16,FEATURE_BIN_0,16,25AFEB422DB3BDBEF4DCE97A6D1274116E7B27A3B94E395D479DC22D3DE14FFD,True,,False,False,U_NEG_UPSTREAM_WORSENING;D_NEG_NO_MEDIAN_IMPROVEMENT,,False,True,False,True,"[0.0, 31.0, 16.0, 0.0, 0.0, 0.0, 0.0, 0.0, 16.0]",58,0.0,0.0,31.0,40.0,50.0,483.0,0,16,42,58,-0.136,-0.0885,-0.043,-0.028,-0.017,-4.796,6,0.0,0.0,0.0,0.0,0.0,0.0,0,0,6,6,0.011,0.040999999999999995,0.066,0.066,0.066,0.241,201,-55.0,0.0,0.0,0.0,6.0,-1630.0,58,6,137,201,-0.133,-0.038,-0.006,-0.003,-0.001,-7.99,384,-59.0,0.0,0.0,0.0,9.0,-2862.0,94,2,288,384,0.0,0.043,0.07,0.074,0.078,15.882,4032,-61.0,0.0,0.0,0.0,11.0,-27470.0,918,90,3024,4032,-0.133,0.357,0.894,1.023,1.334,1673.434
A_X064_Y092,64,92,52,76,76,108,232.0,152.0,1.0,825,13200,9200,4000,0.30424242424242426,"{""X1Y1"": 132, ""X2Y1"": 693}",True,NOT_PROVEN_WITHOUT_MOVED_FF_CONTROL_SET_REPLAY,NOT_PROVEN_READ_ONLY_SITE_INVENTORY_ONLY,16,FEATURE_BIN_1,16,863B9B0389C1B994C73ED0C57EC56A84FD6D317708E59D47B391DA86E44D3A8E,True,,False,False,U_NEG_UPSTREAM_WORSENING;U_PASS_UPSTREAM_INCREASE;D_NEG_NO_MEDIAN_IMPROVEMENT,,False,False,False,True,"[0.0, 42.0, 14.0, 2.0, 0.0, 0.0, 0.0, 0.0, 16.0]",58,0.0,0.0,42.0,50.0,58.0,486.0,0,14,44,58,-0.136,-0.0885,-0.043,-0.028,-0.017,-4.796,6,0.0,0.0,50.0,50.0,50.0,83.0,0,2,4,6,0.011,0.040999999999999995,0.066,0.066,0.066,0.241,201,-58.0,0.0,0.0,0.0,9.0,-1244.0,43,5,153,201,-0.133,-0.038,-0.006,-0.003,-0.001,-7.99,384,-61.0,0.0,0.0,0.0,9.0,-2603.0,93,11,280,384,0.0,0.043,0.07,0.074,0.078,15.882,4032,-71.0,0.0,0.0,0.0,16.0,-26732.0,888,120,3024,4032,-0.133,0.357,0.894,1.023,1.334,1673.434
A_X064_Y092,64,92,52,76,76,108,232.0,152.0,1.0,825,13200,9200,4000,0.30424242424242426,"{""X1Y1"": 132, ""X2Y1"": 693}",True,NOT_PROVEN_WITHOUT_MOVED_FF_CONTROL_SET_REPLAY,NOT_PROVEN_READ_ONLY_SITE_INVENTORY_ONLY,16,FEATURE_BIN_2,16,18F6AC63D50EACD2B5F6CC669CA58252595A0313B759D7A0EC563D4D8CFF4410,True,,False,False,U_NEG_UPSTREAM_WORSENING;U_PASS_UPSTREAM_INCREASE;D_NEG_NO_MEDIAN_IMPROVEMENT,,False,False,False,True,"[0.0, 33.0, 13.0, 2.0, 0.0, 0.0, 0.0, 0.0, 16.0]",58,0.0,0.0,33.0,50.0,50.0,454.0,0,13,45,58,-0.136,-0.0885,-0.043,-0.028,-0.017,-4.796,6,0.0,0.0,50.0,50.0,50.0,72.0,0,2,4,6,0.011,0.040999999999999995,0.066,0.066,0.066,0.241,201,-63.0,0.0,0.0,0.0,7.0,-1331.0,51,5,145,201,-0.133,-0.038,-0.006,-0.003,-0.001,-7.99,384,-68.0,0.0,0.0,0.0,8.0,-2273.0,78,4,302,384,0.0,0.043,0.07,0.074,0.078,15.882,4032,-69.0,0.0,0.0,0.0,17.0,-27202.0,902,94,3036,4032,-0.133,0.357,0.894,1.023,1.334,1673.434
A_X064_Y092,64,92,52,76,76,108,232.0,152.0,1.0,825,13200,9200,4000,0.30424242424242426,"{""X1Y1"": 132, ""X2Y1"": 693}",True,NOT_PROVEN_WITHOUT_MOVED_FF_CONTROL_SET_REPLAY,NOT_PROVEN_READ_ONLY_SITE_INVENTORY_ONLY,16,FEATURE_BIN_3,16,6D6B2605916DFCDD525A27838AC825D18C62B807369D6E6322040D77ED73CF54,True,,False,False,U_NEG_UPSTREAM_WORSENING;U_PASS_UPSTREAM_INCREASE;D_NEG_NO_MEDIAN_IMPROVEMENT,,False,False,False,True,"[0.0, 34.0, 14.0, 2.0, 0.0, 0.0, 0.0, 0.0, 16.0]",58,0.0,0.0,34.0,50.0,50.0,450.0,0,14,44,58,-0.136,-0.0885,-0.043,-0.028,-0.017,-4.796,6,0.0,0.0,45.0,45.0,45.0,57.0,0,2,4,6,0.011,0.040999999999999995,0.066,0.066,0.066,0.241,201,-37.0,0.0,0.0,0.0,20.0,-534.0,27,5,169,201,-0.133,-0.038,-0.006,-0.003,-0.001,-7.99,384,-71.0,0.0,0.0,0.0,20.0,-2142.0,88,11,285,384,0.0,0.043,0.07,0.074,0.078,15.882,4032,-71.0,0.0,0.0,0.0,24.0,-22444.0,835,154,3043,4032,-0.133,0.357,0.894,1.023,1.334,1673.434
A_X064_Y096,64,96,52,76,80,112,232.0,148.0,1.0,825,13200,9137,4063,0.3126515151515151,"{""X1Y1"": 132, ""X2Y1"": 693}",True,NOT_PROVEN_WITHOUT_MOVED_FF_CONTROL_SET_REPLAY,NOT_PROVEN_READ_ONLY_SITE_INVENTORY_ONLY,64,ALL_64,64,A49D88051B2D2E5D1255D4F806A7569CDA9B33A650A908566197031349AD8DB4,True,,False,False,U_NEG_UPSTREAM_WORSENING;U_PASS_UPSTREAM_INCREASE,,False,False,True,True,"[24.5, 46.0, 57.0, 6.0, -26.0, -3.0, -24.0, -25.0, 64.0]",58,-4.0,24.5,46.0,46.0,54.0,1641.0,1,57,0,58,-0.136,-0.0885,-0.043,-0.028,-0.017,-4.796,6,8.0,35.0,46.0,46.0,46.0,188.0,0,6,0,6,0.011,0.040999999999999995,0.066,0.066,0.066,0.241,201,-63.0,-26.0,-3.0,1.0,16.0,-4479.0,185,11,5,201,-0.133,-0.038,-0.006,-0.003,-0.001,-7.99,384,-67.0,-24.0,-7.0,1.0,16.0,-9312.0,359,20,5,384,0.0,0.043,0.07,0.074,0.078,15.882,4032,-67.0,-25.0,-2.0,3.0,20.0,-104716.0,3673,319,40,4032,-0.133,0.357,0.894,1.023,1.334,1673.434
A_X064_Y096,64,96,52,76,80,112,232.0,148.0,1.0,825,13200,9137,4063,0.30946969696969695,"{""X1Y1"": 132, ""X2Y1"": 693}",True,NOT_PROVEN_WITHOUT_MOVED_FF_CONTROL_SET_REPLAY,NOT_PROVEN_READ_ONLY_SITE_INVENTORY_ONLY,22,DEST_X2Y1_MAJOR,22,EC8295A18CFB3214990035A3C2A8A03B2248BEA56069D816345F1D2C0CC4741A,True,,False,False,U_NEG_UPSTREAM_WORSENING;D_NEG_NO_MEDIAN_IMPROVEMENT,,False,True,False,True,"[0.0, 32.0, 21.0, 0.0, 0.0, 0.0, 0.0, 0.0, 22.0]",58,-4.0,0.0,32.0,46.0,46.0,595.0,1,21,36,58,-0.136,-0.0885,-0.043,-0.028,-0.017,-4.796,6,0.0,0.0,0.0,0.0,0.0,0.0,0,0,6,6,0.011,0.040999999999999995,0.066,0.066,0.066,0.241,201,-63.0,0.0,0.0,0.0,2.0,-1691.0,63,2,136,201,-0.133,-0.038,-0.006,-0.003,-0.001,-7.99,384,-67.0,0.0,0.0,0.0,9.0,-3955.0,137,4,243,384,0.0,0.043,0.07,0.074,0.078,15.882,4032,-67.0,0.0,0.0,0.0,15.0,-36158.0,1257,122,2653,4032,-0.133,0.357,0.894,1.023,1.334,1673.434
A_X064_Y096,64,96,52,76,80,112,232.0,148.0,1.0,825,13200,9137,4063,0.3093181818181818,"{""X1Y1"": 132, ""X2Y1"": 693}",True,NOT_PROVEN_WITHOUT_MOVED_FF_CONTROL_SET_REPLAY,NOT_PROVEN_READ_ONLY_SITE_INVENTORY_ONLY,20,DEST_X3Y1_MAJOR,20,D8DF451BC1C4EF6032E28F4D3065B488CCF48FA9921667AB64B2E0E8D05D4049,True,,False,False,U_NEG_UPSTREAM_WORSENING;U_PASS_UPSTREAM_INCREASE,,False,False,True,True,"[0.0, 38.0, 15.0, 5.0, -13.0, 0.0, 0.0, 0.0, 20.0]",58,0.0,0.0,38.0,46.0,54.0,463.0,0,15,43,58,-0.136,-0.0885,-0.043,-0.028,-0.017,-4.796,6,0.0,23.5,46.0,46.0,46.0,147.0,0,5,1,6,0.011,0.040999999999999995,0.066,0.066,0.066,0.241,201,-31.0,-13.0,0.0,0.0,16.0,-2604.0,114,8,79,201,-0.133,-0.038,-0.006,-0.003,-0.001,-7.99,384,-64.0,0.0,0.0,0.0,16.0,-3646.0,158,10,216,384,0.0,0.043,0.07,0.074,0.078,15.882,4032,-67.0,0.0,0.0,0.0,20.0,-32800.0,1140,100,2792,4032,-0.133,0.357,0.894,1.023,1.334,1673.434
A_X064_Y096,64,96,52,76,80,112,232.0,148.0,1.0,825,13200,9137,4063,0.30946969696969695,"{""X1Y1"": 132, ""X2Y1"": 693}",True,NOT_PROVEN_WITHOUT_MOVED_FF_CONTROL_SET_REPLAY,NOT_PROVEN_READ_ONLY_SITE_INVENTORY_ONLY,22,DEST_MIXED_OR_OTHER,22,62A80A6BF2780309EBB7ACB65499DC33F9E420F49ABAF670FF853CD53D650A7D,True,,False,False,U_NEG_UPSTREAM_WORSENING;U_PASS_UPSTREAM_INCREASE;D_NEG_NO_MEDIAN_IMPROVEMENT,,False,False,False,True,"[0.0, 36.0, 21.0, 1.0, 0.0, 0.0, 0.0, 0.0, 22.0]",58,0.0,0.0,36.0,46.0,49.0,583.0,0,21,37,58,-0.136,-0.0885,-0.043,-0.028,-0.017,-4.796,6,0.0,0.0,41.0,41.0,41.0,41.0,0,1,5,6,0.011,0.040999999999999995,0.066,0.066,0.066,0.241,201,-30.0,0.0,0.0,0.0,5.0,-184.0,8,1,192,201,-0.133,-0.038,-0.006,-0.003,-0.001,-7.99,384,-59.0,0.0,0.0,0.0,9.0,-1711.0,64,6,314,384,0.0,0.043,0.07,0.074,0.078,15.882,4032,-67.0,0.0,0.0,0.0,16.0,-35758.0,1276,97,2659,4032,-0.133,0.357,0.894,1.023,1.334,1673.434
A_X064_Y096,64,96,52,76,80,112,232.0,148.0,1.0,825,13200,9137,4063,0.3090151515151515,"{""X1Y1"": 132, ""X2Y1"": 693}",True,NOT_PROVEN_WITHOUT_MOVED_FF_CONTROL_SET_REPLAY,NOT_PROVEN_READ_ONLY_SITE_INVENTORY_ONLY,16,FEATURE_BIN_0,16,25AFEB422DB3BDBEF4DCE97A6D1274116E7B27A3B94E395D479DC22D3DE14FFD,True,,False,False,U_NEG_UPSTREAM_WORSENING;D_NEG_NO_MEDIAN_IMPROVEMENT,,False,True,False,True,"[0.0, 27.0, 16.0, 0.0, 0.0, 0.0, 0.0, 0.0, 16.0]",58,0.0,0.0,27.0,36.0,46.0,419.0,0,16,42,58,-0.136,-0.0885,-0.043,-0.028,-0.017,-4.796,6,0.0,0.0,0.0,0.0,0.0,0.0,0,0,6,6,0.011,0.040999999999999995,0.066,0.066,0.066,0.241,201,-55.0,0.0,0.0,0.0,2.0,-1564.0,58,2,141,201,-0.133,-0.038,-0.006,-0.003,-0.001,-7.99,384,-55.0,0.0,0.0,0.0,5.0,-2670.0,94,1,289,384,0.0,0.043,0.07,0.074,0.078,15.882,4032,-57.0,0.0,0.0,0.0,7.0,-27572.0,947,51,3034,4032,-0.133,0.357,0.894,1.023,1.334,1673.434
A_X064_Y096,64,96,52,76,80,112,232.0,148.0,1.0,825,13200,9137,4063,0.3090151515151515,"{""X1Y1"": 132, ""X2Y1"": 693}",True,NOT_PROVEN_WITHOUT_MOVED_FF_CONTROL_SET_REPLAY,NOT_PROVEN_READ_ONLY_SITE_INVENTORY_ONLY,16,FEATURE_BIN_1,16,863B9B0389C1B994C73ED0C57EC56A84FD6D317708E59D47B391DA86E44D3A8E,True,,False,False,U_NEG_UPSTREAM_WORSENING;U_PASS_UPSTREAM_INCREASE;D_NEG_NO_MEDIAN_IMPROVEMENT,,False,False,False,True,"[0.0, 38.0, 14.0, 2.0, 0.0, 0.0, 0.0, 0.0, 16.0]",58,0.0,0.0,38.0,46.0,54.0,430.0,0,14,44,58,-0.136,-0.0885,-0.043,-0.028,-0.017,-4.796,6,0.0,0.0,46.0,46.0,46.0,75.0,0,2,4,6,0.011,0.040999999999999995,0.066,0.066,0.066,0.241,201,-54.0,0.0,0.0,0.0,5.0,-1168.0,44,4,153,201,-0.133,-0.038,-0.006,-0.003,-0.001,-7.99,384,-57.0,0.0,0.0,0.0,5.0,-2527.0,95,9,280,384,0.0,0.043,0.07,0.074,0.078,15.882,4032,-67.0,0.0,0.0,0.0,12.0,-26990.0,920,81,3031,4032,-0.133,0.357,0.894,1.023,1.334,1673.434
A_X064_Y096,64,96,52,76,80,112,232.0,148.0,1.0,825,13200,9137,4063,0.3090151515151515,"{""X1Y1"": 132, ""X2Y1"": 693}",True,NOT_PROVEN_WITHOUT_MOVED_FF_CONTROL_SET_REPLAY,NOT_PROVEN_READ_ONLY_SITE_INVENTORY_ONLY,16,FEATURE_BIN_2,16,18F6AC63D50EACD2B5F6CC669CA58252595A0313B759D7A0EC563D4D8CFF4410,True,,False,False,U_NEG_UPSTREAM_WORSENING;U_PASS_UPSTREAM_INCREASE;D_NEG_NO_MEDIAN_IMPROVEMENT,,False,False,False,True,"[0.0, 29.0, 13.0, 2.0, 0.0, 0.0, 0.0, 0.0, 16.0]",58,-4.0,0.0,29.0,46.0,46.0,398.0,1,13,44,58,-0.136,-0.0885,-0.043,-0.028,-0.017,-4.796,6,0.0,0.0,46.0,46.0,46.0,64.0,0,2,4,6,0.011,0.040999999999999995,0.066,0.066,0.066,0.241,201,-63.0,0.0,0.0,0.0,3.0,-1275.0,55,1,145,201,-0.133,-0.038,-0.006,-0.003,-0.001,-7.99,384,-64.0,0.0,0.0,0.0,4.0,-2151.0,81,1,302,384,0.0,0.043,0.07,0.074,0.078,15.882,4032,-65.0,0.0,0.0,0.0,13.0,-27480.0,940,62,3030,4032,-0.133,0.357,0.894,1.023,1.334,1673.434
A_X064_Y096,64,96,52,76,80,112,232.0,148.0,1.0,825,13200,9137,4063,0.3090151515151515,"{""X1Y1"": 132, ""X2Y1"": 693}",True,NOT_PROVEN_WITHOUT_MOVED_FF_CONTROL_SET_REPLAY,NOT_PROVEN_READ_ONLY_SITE_INVENTORY_ONLY,16,FEATURE_BIN_3,16,6D6B2605916DFCDD525A27838AC825D18C62B807369D6E6322040D77ED73CF54,True,,False,False,U_NEG_UPSTREAM_WORSENING;U_PASS_UPSTREAM_INCREASE;D_NEG_NO_MEDIAN_IMPROVEMENT,,False,False,False,True,"[0.0, 30.0, 14.0, 2.0, 0.0, 0.0, 0.0, 0.0, 16.0]",58,0.0,0.0,30.0,46.0,46.0,394.0,0,14,44,58,-0.136,-0.0885,-0.043,-0.028,-0.017,-4.796,6,0.0,0.0,41.0,41.0,41.0,49.0,0,2,4,6,0.011,0.040999999999999995,0.066,0.066,0.066,0.241,201,-33.0,0.0,0.0,0.0,16.0,-472.0,28,4,169,201,-0.133,-0.038,-0.006,-0.003,-0.001,-7.99,384,-67.0,0.0,0.0,0.0,16.0,-1964.0,89,9,286,384,0.0,0.043,0.07,0.074,0.078,15.882,4032,-67.0,0.0,0.0,0.0,20.0,-22674.0,866,125,3041,4032,-0.133,0.357,0.894,1.023,1.334,1673.434
A_X064_Y100,64,100,52,76,84,116,232.0,144.0,1.0,825,13200,9028,4172,0.3209090909090909,"{""X1Y1"": 132, ""X2Y1"": 693}",True,NOT_PROVEN_WITHOUT_MOVED_FF_CONTROL_SET_REPLAY,NOT_PROVEN_READ_ONLY_SITE_INVENTORY_ONLY,64,ALL_64,64,A49D88051B2D2E5D1255D4F806A7569CDA9B33A650A908566197031349AD8DB4,True,,False,False,U_NEG_UPSTREAM_WORSENING;U_PASS_UPSTREAM_INCREASE,,False,False,True,True,"[20.5, 42.0, 57.0, 6.0, -22.0, -7.0, -21.0, -22.0, 64.0]",58,-8.0,20.5,42.0,42.0,50.0,1409.0,1,57,0,58,-0.136,-0.0885,-0.043,-0.028,-0.017,-4.796,6,4.0,31.0,42.0,42.0,42.0,164.0,0,6,0,6,0.011,0.040999999999999995,0.066,0.066,0.066,0.241,201,-59.0,-22.0,-7.0,-3.0,12.0,-4025.0,195,6,0,201,-0.133,-0.038,-0.006,-0.003,-0.001,-7.99,384,-63.0,-21.0,-11.0,-3.0,12.0,-8328.0,373,9,2,384,0.0,0.043,0.07,0.074,0.078,15.882,4032,-63.0,-22.0,-6.0,-1.0,16.0,-101426.0,3835,162,35,4032,-0.133,0.357,0.894,1.023,1.334,1673.434
A_X064_Y100,64,100,52,76,84,116,232.0,144.0,1.0,825,13200,9028,4172,0.31772727272727275,"{""X1Y1"": 132, ""X2Y1"": 693}",True,NOT_PROVEN_WITHOUT_MOVED_FF_CONTROL_SET_REPLAY,NOT_PROVEN_READ_ONLY_SITE_INVENTORY_ONLY,22,DEST_X2Y1_MAJOR,22,EC8295A18CFB3214990035A3C2A8A03B2248BEA56069D816345F1D2C0CC4741A,True,,False,False,U_NEG_UPSTREAM_WORSENING;D_NEG_NO_MEDIAN_IMPROVEMENT,,False,True,False,True,"[0.0, 28.0, 21.0, 0.0, 0.0, 0.0, 0.0, 0.0, 22.0]",58,-8.0,0.0,28.0,42.0,42.0,507.0,1,21,36,58,-0.136,-0.0885,-0.043,-0.028,-0.017,-4.796,6,0.0,0.0,0.0,0.0,0.0,0.0,0,0,6,6,0.011,0.040999999999999995,0.066,0.066,0.066,0.241,201,-59.0,0.0,0.0,0.0,0.0,-1479.0,65,0,136,201,-0.133,-0.038,-0.006,-0.003,-0.001,-7.99,384,-63.0,0.0,0.0,0.0,5.0,-3515.0,139,2,243,384,0.0,0.043,0.07,0.074,0.078,15.882,4032,-63.0,0.0,0.0,0.0,11.0,-34902.0,1315,58,2659,4032,-0.133,0.357,0.894,1.023,1.334,1673.434
A_X064_Y100,64,100,52,76,84,116,232.0,144.0,1.0,825,13200,9028,4172,0.31757575757575757,"{""X1Y1"": 132, ""X2Y1"": 693}",True,NOT_PROVEN_WITHOUT_MOVED_FF_CONTROL_SET_REPLAY,NOT_PROVEN_READ_ONLY_SITE_INVENTORY_ONLY,20,DEST_X3Y1_MAJOR,20,D8DF451BC1C4EF6032E28F4D3065B488CCF48FA9921667AB64B2E0E8D05D4049,True,,False,False,U_NEG_UPSTREAM_WORSENING;U_PASS_UPSTREAM_INCREASE,,False,False,True,True,"[0.0, 34.0, 15.0, 5.0, -14.0, 0.0, 0.0, 0.0, 20.0]",58,0.0,0.0,34.0,42.0,50.0,403.0,0,15,43,58,-0.136,-0.0885,-0.043,-0.028,-0.017,-4.796,6,0.0,19.5,42.0,42.0,42.0,127.0,0,5,1,6,0.011,0.040999999999999995,0.066,0.066,0.066,0.241,201,-27.0,-14.0,0.0,0.0,12.0,-2378.0,121,5,75,201,-0.133,-0.038,-0.006,-0.003,-0.001,-7.99,384,-60.0,0.0,0.0,0.0,12.0,-3270.0,167,2,215,384,0.0,0.043,0.07,0.074,0.078,15.882,4032,-63.0,0.0,0.0,0.0,16.0,-31836.0,1201,42,2789,4032,-0.133,0.357,0.894,1.023,1.334,1673.434
A_X064_Y100,64,100,52,76,84,116,232.0,144.0,1.0,825,13200,9028,4172,0.31772727272727275,"{""X1Y1"": 132, ""X2Y1"": 693}",True,NOT_PROVEN_WITHOUT_MOVED_FF_CONTROL_SET_REPLAY,NOT_PROVEN_READ_ONLY_SITE_INVENTORY_ONLY,22,DEST_MIXED_OR_OTHER,22,62A80A6BF2780309EBB7ACB65499DC33F9E420F49ABAF670FF853CD53D650A7D,True,,False,False,U_NEG_UPSTREAM_WORSENING;U_PASS_UPSTREAM_INCREASE;D_NEG_NO_MEDIAN_IMPROVEMENT,,False,False,False,True,"[0.0, 32.0, 21.0, 1.0, 0.0, 0.0, 0.0, 0.0, 22.0]",58,0.0,0.0,32.0,42.0,45.0,499.0,0,21,37,58,-0.136,-0.0885,-0.043,-0.028,-0.017,-4.796,6,0.0,0.0,37.0,37.0,37.0,37.0,0,1,5,6,0.011,0.040999999999999995,0.066,0.066,0.066,0.241,201,-26.0,0.0,0.0,0.0,1.0,-168.0,9,1,191,201,-0.133,-0.038,-0.006,-0.003,-0.001,-7.99,384,-55.0,0.0,0.0,0.0,5.0,-1543.0,67,5,312,384,0.0,0.043,0.07,0.074,0.078,15.882,4032,-63.0,0.0,0.0,0.0,12.0,-34688.0,1319,62,2651,4032,-0.133,0.357,0.894,1.023,1.334,1673.434
A_X064_Y100,64,100,52,76,84,116,232.0,144.0,1.0,825,13200,9028,4172,0.31727272727272726,"{""X1Y1"": 132, ""X2Y1"": 693}",True,NOT_PROVEN_WITHOUT_MOVED_FF_CONTROL_SET_REPLAY,NOT_PROVEN_READ_ONLY_SITE_INVENTORY_ONLY,16,FEATURE_BIN_0,16,25AFEB422DB3BDBEF4DCE97A6D1274116E7B27A3B94E395D479DC22D3DE14FFD,True,,False,False,U_NEG_UPSTREAM_WORSENING;D_NEG_NO_MEDIAN_IMPROVEMENT,,False,True,False,True,"[0.0, 23.0, 16.0, 0.0, 0.0, 0.0, 0.0, 0.0, 16.0]",58,0.0,0.0,23.0,32.0,42.0,355.0,0,16,42,58,-0.136,-0.0885,-0.043,-0.028,-0.017,-4.796,6,0.0,0.0,0.0,0.0,0.0,0.0,0,0,6,6,0.011,0.040999999999999995,0.066,0.066,0.066,0.241,201,-51.0,0.0,0.0,0.0,0.0,-1450.0,64,0,137,201,-0.133,-0.038,-0.006,-0.003,-0.001,-7.99,384,-51.0,0.0,0.0,0.0,1.0,-2380.0,95,1,288,384,0.0,0.043,0.07,0.074,0.078,15.882,4032,-53.0,0.0,0.0,0.0,3.0,-26670.0,997,11,3024,4032,-0.133,0.357,0.894,1.023,1.334,1673.434
A_X064_Y100,64,100,52,76,84,116,232.0,144.0,1.0,825,13200,9028,4172,0.31727272727272726,"{""X1Y1"": 132, ""X2Y1"": 693}",True,NOT_PROVEN_WITHOUT_MOVED_FF_CONTROL_SET_REPLAY,NOT_PROVEN_READ_ONLY_SITE_INVENTORY_ONLY,16,FEATURE_BIN_1,16,863B9B0389C1B994C73ED0C57EC56A84FD6D317708E59D47B391DA86E44D3A8E,True,,False,False,U_NEG_UPSTREAM_WORSENING;U_PASS_UPSTREAM_INCREASE;D_NEG_NO_MEDIAN_IMPROVEMENT,,False,False,False,True,"[0.0, 34.0, 14.0, 2.0, 0.0, 0.0, 0.0, 0.0, 16.0]",58,0.0,0.0,34.0,42.0,50.0,374.0,0,14,44,58,-0.136,-0.0885,-0.043,-0.028,-0.017,-4.796,6,0.0,0.0,42.0,42.0,42.0,67.0,0,2,4,6,0.011,0.040999999999999995,0.066,0.066,0.066,0.241,201,-50.0,0.0,0.0,0.0,1.0,-1050.0,45,3,153,201,-0.133,-0.038,-0.006,-0.003,-0.001,-7.99,384,-53.0,0.0,0.0,0.0,1.0,-2329.0,101,2,281,384,0.0,0.043,0.07,0.074,0.078,15.882,4032,-63.0,0.0,0.0,0.0,8.0,-26198.0,964,33,3035,4032,-0.133,0.357,0.894,1.023,1.334,1673.434
A_X064_Y100,64,100,52,76,84,116,232.0,144.0,1.0,825,13200,9028,4172,0.31727272727272726,"{""X1Y1"": 132, ""X2Y1"": 693}",True,NOT_PROVEN_WITHOUT_MOVED_FF_CONTROL_SET_REPLAY,NOT_PROVEN_READ_ONLY_SITE_INVENTORY_ONLY,16,FEATURE_BIN_2,16,18F6AC63D50EACD2B5F6CC669CA58252595A0313B759D7A0EC563D4D8CFF4410,True,,False,False,U_NEG_UPSTREAM_WORSENING;U_PASS_UPSTREAM_INCREASE;D_NEG_NO_MEDIAN_IMPROVEMENT,,False,False,False,True,"[0.0, 25.0, 13.0, 2.0, 0.0, 0.0, 0.0, 0.0, 16.0]",58,-8.0,0.0,25.0,42.0,42.0,342.0,1,13,44,58,-0.136,-0.0885,-0.043,-0.028,-0.017,-4.796,6,0.0,0.0,42.0,42.0,42.0,56.0,0,2,4,6,0.011,0.040999999999999995,0.066,0.066,0.066,0.241,201,-59.0,0.0,0.0,0.0,0.0,-1135.0,57,0,144,201,-0.133,-0.038,-0.006,-0.003,-0.001,-7.99,384,-60.0,0.0,0.0,0.0,0.0,-1933.0,84,0,300,384,0.0,0.043,0.07,0.074,0.078,15.882,4032,-61.0,0.0,0.0,0.0,9.0,-26728.0,970,34,3028,4032,-0.133,0.357,0.894,1.023,1.334,1673.434
A_X064_Y100,64,100,52,76,84,116,232.0,144.0,1.0,825,13200,9028,4172,0.31727272727272726,"{""X1Y1"": 132, ""X2Y1"": 693}",True,NOT_PROVEN_WITHOUT_MOVED_FF_CONTROL_SET_REPLAY,NOT_PROVEN_READ_ONLY_SITE_INVENTORY_ONLY,16,FEATURE_BIN_3,16,6D6B2605916DFCDD525A27838AC825D18C62B807369D6E6322040D77ED73CF54,True,,False,False,U_NEG_UPSTREAM_WORSENING;U_PASS_UPSTREAM_INCREASE;D_NEG_NO_MEDIAN_IMPROVEMENT,,False,False,False,True,"[0.0, 26.0, 14.0, 2.0, 0.0, 0.0, 0.0, 0.0, 16.0]",58,0.0,0.0,26.0,42.0,42.0,338.0,0,14,44,58,-0.136,-0.0885,-0.043,-0.028,-0.017,-4.796,6,0.0,0.0,37.0,37.0,37.0,41.0,0,2,4,6,0.011,0.040999999999999995,0.066,0.066,0.066,0.241,201,-29.0,0.0,0.0,0.0,12.0,-390.0,29,3,169,201,-0.133,-0.038,-0.006,-0.003,-0.001,-7.99,384,-63.0,0.0,0.0,0.0,12.0,-1686.0,93,6,285,384,0.0,0.043,0.07,0.074,0.078,15.882,4032,-63.0,0.0,0.0,0.0,16.0,-21830.0,904,84,3044,4032,-0.133,0.357,0.894,1.023,1.334,1673.434
A_X064_Y104,64,104,52,76,88,120,232.0,140.0,1.0,825,13200,9017,4183,0.3217424242424242,"{""X1Y1"": 128, ""X1Y2"": 4, ""X2Y1"": 672, ""X2Y2"": 21}",True,NOT_PROVEN_WITHOUT_MOVED_FF_CONTROL_SET_REPLAY,NOT_PROVEN_READ_ONLY_SITE_INVENTORY_ONLY,0,ALL_64,64,A49D88051B2D2E5D1255D4F806A7569CDA9B33A650A908566197031349AD8DB4,True,,False,False,U_NEG_UPSTREAM_WORSENING;U_PASS_UPSTREAM_INCREASE,,False,False,True,True,"[16.5, 38.0, 55.0, 5.0, -18.0, -8.0, -17.0, -19.0, 64.0]",58,-12.0,16.5,38.0,38.0,46.0,1177.0,2,55,1,58,-0.136,-0.0885,-0.043,-0.028,-0.017,-4.796,6,0.0,27.0,38.0,38.0,38.0,140.0,0,5,1,6,0.011,0.040999999999999995,0.066,0.066,0.066,0.241,201,-55.0,-18.0,-8.0,-7.0,8.0,-3483.0,198,3,0,201,-0.133,-0.038,-0.006,-0.003,-0.001,-7.99,384,-59.0,-17.0,-10.0,-7.0,8.0,-7214.0,379,5,0,384,0.0,0.043,0.07,0.074,0.078,15.882,4032,-59.0,-19.0,-8.0,-5.0,12.0,-95586.0,3937,82,13,4032,-0.133,0.357,0.894,1.023,1.334,1673.434
A_X064_Y104,64,104,52,76,88,120,232.0,140.0,1.0,825,13200,9017,4183,0.31856060606060604,"{""X1Y1"": 128, ""X1Y2"": 4, ""X2Y1"": 672, ""X2Y2"": 21}",True,NOT_PROVEN_WITHOUT_MOVED_FF_CONTROL_SET_REPLAY,NOT_PROVEN_READ_ONLY_SITE_INVENTORY_ONLY,0,DEST_X2Y1_MAJOR,22,EC8295A18CFB3214990035A3C2A8A03B2248BEA56069D816345F1D2C0CC4741A,True,,False,False,U_NEG_UPSTREAM_WORSENING;D_NEG_NO_MEDIAN_IMPROVEMENT,,False,True,False,True,"[0.0, 24.0, 20.0, 0.0, 0.0, 0.0, 0.0, 0.0, 22.0]",58,-12.0,0.0,24.0,38.0,38.0,419.0,1,20,37,58,-0.136,-0.0885,-0.043,-0.028,-0.017,-4.796,6,0.0,0.0,0.0,0.0,0.0,0.0,0,0,6,6,0.011,0.040999999999999995,0.066,0.066,0.066,0.241,201,-55.0,0.0,0.0,0.0,0.0,-1251.0,65,0,136,201,-0.133,-0.038,-0.006,-0.003,-0.001,-7.99,384,-59.0,0.0,0.0,0.0,1.0,-3035.0,141,1,242,384,0.0,0.043,0.07,0.074,0.078,15.882,4032,-59.0,0.0,0.0,0.0,7.0,-32880.0,1352,32,2648,4032,-0.133,0.357,0.894,1.023,1.334,1673.434
A_X064_Y104,64,104,52,76,88,120,232.0,140.0,1.0,825,13200,9017,4183,0.3184090909090909,"{""X1Y1"": 128, ""X1Y2"": 4, ""X2Y1"": 672, ""X2Y2"": 21}",True,NOT_PROVEN_WITHOUT_MOVED_FF_CONTROL_SET_REPLAY,NOT_PROVEN_READ_ONLY_SITE_INVENTORY_ONLY,0,DEST_X3Y1_MAJOR,20,D8DF451BC1C4EF6032E28F4D3065B488CCF48FA9921667AB64B2E0E8D05D4049,True,,False,False,U_NEG_UPSTREAM_WORSENING;U_PASS_UPSTREAM_INCREASE,,False,False,True,True,"[0.0, 30.0, 14.0, 4.0, -13.0, 0.0, 0.0, 0.0, 20.0]",58,-2.0,0.0,30.0,38.0,46.0,343.0,1,14,43,58,-0.136,-0.0885,-0.043,-0.028,-0.017,-4.796,6,0.0,15.5,38.0,38.0,38.0,107.0,0,4,2,6,0.011,0.040999999999999995,0.066,0.066,0.066,0.241,201,-25.0,-13.0,0.0,0.0,8.0,-2080.0,123,3,75,201,-0.133,-0.038,-0.006,-0.003,-0.001,-7.99,384,-56.0,0.0,0.0,0.0,8.0,-2834.0,168,1,215,384,0.0,0.043,0.07,0.074,0.078,15.882,4032,-59.0,0.0,0.0,0.0,12.0,-30008.0,1230,23,2779,4032,-0.133,0.357,0.894,1.023,1.334,1673.434
A_X064_Y104,64,104,52,76,88,120,232.0,140.0,1.0,825,13200,9017,4183,0.31856060606060604,"{""X1Y1"": 128, ""X1Y2"": 4, ""X2Y1"": 672, ""X2Y2"": 21}",True,NOT_PROVEN_WITHOUT_MOVED_FF_CONTROL_SET_REPLAY,NOT_PROVEN_READ_ONLY_SITE_INVENTORY_ONLY,0,DEST_MIXED_OR_OTHER,22,62A80A6BF2780309EBB7ACB65499DC33F9E420F49ABAF670FF853CD53D650A7D,True,,False,False,U_NEG_UPSTREAM_WORSENING;U_PASS_UPSTREAM_INCREASE;D_NEG_NO_MEDIAN_IMPROVEMENT,,False,False,False,True,"[0.0, 28.0, 21.0, 1.0, 0.0, 0.0, 0.0, 0.0, 22.0]",58,0.0,0.0,28.0,38.0,41.0,415.0,0,21,37,58,-0.136,-0.0885,-0.043,-0.028,-0.017,-4.796,6,0.0,0.0,33.0,33.0,33.0,33.0,0,1,5,6,0.011,0.040999999999999995,0.066,0.066,0.066,0.241,201,-22.0,0.0,0.0,0.0,0.0,-152.0,10,0,191,201,-0.133,-0.038,-0.006,-0.003,-0.001,-7.99,384,-51.0,0.0,0.0,0.0,1.0,-1345.0,70,3,311,384,0.0,0.043,0.07,0.074,0.078,15.882,4032,-59.0,0.0,0.0,0.0,8.0,-32698.0,1355,27,2650,4032,-0.133,0.357,0.894,1.023,1.334,1673.434
A_X064_Y104,64,104,52,76,88,120,232.0,140.0,1.0,825,13200,9017,4183,0.3181060606060606,"{""X1Y1"": 128, ""X1Y2"": 4, ""X2Y1"": 672, ""X2Y2"": 21}",True,NOT_PROVEN_WITHOUT_MOVED_FF_CONTROL_SET_REPLAY,NOT_PROVEN_READ_ONLY_SITE_INVENTORY_ONLY,0,FEATURE_BIN_0,16,25AFEB422DB3BDBEF4DCE97A6D1274116E7B27A3B94E395D479DC22D3DE14FFD,True,,False,False,U_NEG_UPSTREAM_WORSENING;D_NEG_NO_MEDIAN_IMPROVEMENT,,False,True,False,True,"[0.0, 19.0, 16.0, 0.0, 0.0, 0.0, 0.0, 0.0, 16.0]",58,0.0,0.0,19.0,28.0,38.0,291.0,0,16,42,58,-0.136,-0.0885,-0.043,-0.028,-0.017,-4.796,6,0.0,0.0,0.0,0.0,0.0,0.0,0,0,6,6,0.011,0.040999999999999995,0.066,0.066,0.066,0.241,201,-47.0,0.0,0.0,0.0,0.0,-1298.0,64,0,137,201,-0.133,-0.038,-0.006,-0.003,-0.001,-7.99,384,-47.0,0.0,0.0,0.0,0.0,-2054.0,96,0,288,384,0.0,0.043,0.07,0.074,0.078,15.882,4032,-49.0,0.0,0.0,0.0,0.0,-24998.0,1012,0,3020,4032,-0.133,0.357,0.894,1.023,1.334,1673.434
A_X064_Y104,64,104,52,76,88,120,232.0,140.0,1.0,825,13200,9017,4183,0.3181060606060606,"{""X1Y1"": 128, ""X1Y2"": 4, ""X2Y1"": 672, ""X2Y2"": 21}",True,NOT_PROVEN_WITHOUT_MOVED_FF_CONTROL_SET_REPLAY,NOT_PROVEN_READ_ONLY_SITE_INVENTORY_ONLY,0,FEATURE_BIN_1,16,863B9B0389C1B994C73ED0C57EC56A84FD6D317708E59D47B391DA86E44D3A8E,True,,False,False,U_NEG_UPSTREAM_WORSENING;U_PASS_UPSTREAM_INCREASE;D_NEG_NO_MEDIAN_IMPROVEMENT,,False,False,False,True,"[0.0, 30.0, 13.0, 2.0, 0.0, 0.0, 0.0, 0.0, 16.0]",58,-2.0,0.0,30.0,38.0,46.0,318.0,1,13,44,58,-0.136,-0.0885,-0.043,-0.028,-0.017,-4.796,6,0.0,0.0,38.0,38.0,38.0,59.0,0,2,4,6,0.011,0.040999999999999995,0.066,0.066,0.066,0.241,201,-46.0,0.0,0.0,0.0,0.0,-914.0,48,0,153,201,-0.133,-0.038,-0.006,-0.003,-0.001,-7.99,384,-49.0,0.0,0.0,0.0,0.0,-2081.0,104,0,280,384,0.0,0.043,0.07,0.074,0.078,15.882,4032,-59.0,0.0,0.0,0.0,4.0,-24768.0,1003,6,3023,4032,-0.133,0.357,0.894,1.023,1.334,1673.434
A_X064_Y104,64,104,52,76,88,120,232.0,140.0,1.0,825,13200,9017,4183,0.3181060606060606,"{""X1Y1"": 128, ""X1Y2"": 4, ""X2Y1"": 672, ""X2Y2"": 21}",True,NOT_PROVEN_WITHOUT_MOVED_FF_CONTROL_SET_REPLAY,NOT_PROVEN_READ_ONLY_SITE_INVENTORY_ONLY,0,FEATURE_BIN_2,16,18F6AC63D50EACD2B5F6CC669CA58252595A0313B759D7A0EC563D4D8CFF4410,True,,False,False,U_NEG_UPSTREAM_WORSENING;U_PASS_UPSTREAM_INCREASE;D_NEG_NO_MEDIAN_IMPROVEMENT,,False,False,False,True,"[0.0, 21.0, 13.0, 2.0, 0.0, 0.0, 0.0, 0.0, 16.0]",58,-12.0,0.0,21.0,38.0,38.0,286.0,1,13,44,58,-0.136,-0.0885,-0.043,-0.028,-0.017,-4.796,6,0.0,0.0,38.0,38.0,38.0,48.0,0,2,4,6,0.011,0.040999999999999995,0.066,0.066,0.066,0.241,201,-55.0,0.0,0.0,0.0,0.0,-969.0,57,0,144,201,-0.133,-0.038,-0.006,-0.003,-0.001,-7.99,384,-56.0,0.0,0.0,0.0,0.0,-1693.0,85,0,299,384,0.0,0.043,0.07,0.074,0.078,15.882,4032,-57.0,0.0,0.0,0.0,5.0,-25338.0,990,16,3026,4032,-0.133,0.357,0.894,1.023,1.334,1673.434
A_X064_Y104,64,104,52,76,88,120,232.0,140.0,1.0,825,13200,9017,4183,0.3181060606060606,"{""X1Y1"": 128, ""X1Y2"": 4, ""X2Y1"": 672, ""X2Y2"": 21}",True,NOT_PROVEN_WITHOUT_MOVED_FF_CONTROL_SET_REPLAY,NOT_PROVEN_READ_ONLY_SITE_INVENTORY_ONLY,0,FEATURE_BIN_3,16,6D6B2605916DFCDD525A27838AC825D18C62B807369D6E6322040D77ED73CF54,True,,False,False,U_NEG_UPSTREAM_WORSENING;U_PASS_UPSTREAM_INCREASE;D_NEG_NO_MEDIAN_IMPROVEMENT,,False,False,False,True,"[0.0, 22.0, 13.0, 1.0, 0.0, 0.0, 0.0, 0.0, 16.0]",58,0.0,0.0,22.0,38.0,38.0,282.0,0,13,45,58,-0.136,-0.0885,-0.043,-0.028,-0.017,-4.796,6,0.0,0.0,33.0,33.0,33.0,33.0,0,1,5,6,0.011,0.040999999999999995,0.066,0.066,0.066,0.241,201,-25.0,0.0,0.0,0.0,8.0,-302.0,29,3,169,201,-0.133,-0.038,-0.006,-0.003,-0.001,-7.99,384,-59.0,0.0,0.0,0.0,8.0,-1386.0,94,5,285,384,0.0,0.043,0.07,0.074,0.078,15.882,4032,-59.0,0.0,0.0,0.0,12.0,-20482.0,932,60,3040,4032,-0.133,0.357,0.894,1.023,1.334,1673.434
A_X064_Y108,64,108,52,76,92,124,232.0,136.0,1.0,825,13200,9132,4068,0.31303030303030305,"{""X1Y1"": 112, ""X1Y2"": 20, ""X2Y1"": 588, ""X2Y2"": 105}",True,NOT_PROVEN_WITHOUT_MOVED_FF_CONTROL_SET_REPLAY,NOT_PROVEN_READ_ONLY_SITE_INVENTORY_ONLY,0,ALL_64,64,A49D88051B2D2E5D1255D4F806A7569CDA9B33A650A908566197031349AD8DB4,True,,False,False,U_NEG_UPSTREAM_WORSENING;U_PASS_UPSTREAM_INCREASE,,False,False,True,True,"[12.5, 34.0, 54.0, 5.0, -14.0, -7.0, -14.0, -15.5, 64.0]",58,-16.0,12.5,34.0,34.0,42.0,945.0,4,54,0,58,-0.136,-0.0885,-0.043,-0.028,-0.017,-4.796,6,-4.0,23.0,34.0,34.0,34.0,116.0,1,5,0,6,0.011,0.040999999999999995,0.066,0.066,0.066,0.241,201,-51.0,-14.0,-7.0,-6.0,4.0,-2883.0,198,3,0,201,-0.133,-0.038,-0.006,-0.003,-0.001,-7.99,384,-55.0,-14.0,-6.0,-6.0,4.0,-5972.0,383,1,0,384,0.0,0.043,0.07,0.074,0.078,15.882,4032,-55.0,-15.5,-7.0,-5.0,8.0,-87182.0,4000,28,4,4032,-0.133,0.357,0.894,1.023,1.334,1673.434
A_X064_Y108,64,108,52,76,92,124,232.0,136.0,1.0,825,13200,9132,4068,0.3098484848484849,"{""X1Y1"": 112, ""X1Y2"": 20, ""X2Y1"": 588, ""X2Y2"": 105}",True,NOT_PROVEN_WITHOUT_MOVED_FF_CONTROL_SET_REPLAY,NOT_PROVEN_READ_ONLY_SITE_INVENTORY_ONLY,0,DEST_X2Y1_MAJOR,22,EC8295A18CFB3214990035A3C2A8A03B2248BEA56069D816345F1D2C0CC4741A,True,,False,False,U_NEG_UPSTREAM_WORSENING;D_NEG_NO_MEDIAN_IMPROVEMENT,,False,True,False,True,"[0.0, 20.0, 20.0, 0.0, 0.0, 0.0, 0.0, 0.0, 22.0]",58,-16.0,0.0,20.0,34.0,34.0,331.0,2,20,36,58,-0.136,-0.0885,-0.043,-0.028,-0.017,-4.796,6,0.0,0.0,0.0,0.0,0.0,0.0,0,0,6,6,0.011,0.040999999999999995,0.066,0.066,0.066,0.241,201,-51.0,0.0,0.0,0.0,0.0,-1017.0,65,0,136,201,-0.133,-0.038,-0.006,-0.003,-0.001,-7.99,384,-55.0,0.0,0.0,0.0,0.0,-2537.0,142,0,242,384,0.0,0.043,0.07,0.074,0.078,15.882,4032,-55.0,0.0,0.0,0.0,3.0,-30138.0,1373,10,2649,4032,-0.133,0.357,0.894,1.023,1.334,1673.434
A_X064_Y108,64,108,52,76,92,124,232.0,136.0,1.0,825,13200,9132,4068,0.3096969696969697,"{""X1Y1"": 112, ""X1Y2"": 20, ""X2Y1"": 588, ""X2Y2"": 105}",True,NOT_PROVEN_WITHOUT_MOVED_FF_CONTROL_SET_REPLAY,NOT_PROVEN_READ_ONLY_SITE_INVENTORY_ONLY,0,DEST_X3Y1_MAJOR,20,D8DF451BC1C4EF6032E28F4D3065B488CCF48FA9921667AB64B2E0E8D05D4049,True,,False,False,U_NEG_UPSTREAM_WORSENING;U_PASS_UPSTREAM_INCREASE,,False,False,True,True,"[0.0, 26.0, 14.0, 4.0, -11.0, 0.0, 0.0, 0.0, 20.0]",58,-6.0,0.0,26.0,34.0,42.0,283.0,1,14,43,58,-0.136,-0.0885,-0.043,-0.028,-0.017,-4.796,6,-4.0,11.5,34.0,34.0,34.0,87.0,1,4,1,6,0.011,0.040999999999999995,0.066,0.066,0.066,0.241,201,-27.0,-11.0,0.0,0.0,4.0,-1734.0,123,3,75,201,-0.133,-0.038,-0.006,-0.003,-0.001,-7.99,384,-52.0,0.0,0.0,0.0,4.0,-2302.0,168,1,215,384,0.0,0.043,0.07,0.074,0.078,15.882,4032,-55.0,0.0,0.0,0.0,8.0,-27356.0,1247,10,2775,4032,-0.133,0.357,0.894,1.023,1.334,1673.434
A_X064_Y108,64,108,52,76,92,124,232.0,136.0,1.0,825,13200,9132,4068,0.3098484848484849,"{""X1Y1"": 112, ""X1Y2"": 20, ""X2Y1"": 588, ""X2Y2"": 105}",True,NOT_PROVEN_WITHOUT_MOVED_FF_CONTROL_SET_REPLAY,NOT_PROVEN_READ_ONLY_SITE_INVENTORY_ONLY,0,DEST_MIXED_OR_OTHER,22,62A80A6BF2780309EBB7ACB65499DC33F9E420F49ABAF670FF853CD53D650A7D,True,,False,False,U_NEG_UPSTREAM_WORSENING;U_PASS_UPSTREAM_INCREASE;D_NEG_NO_MEDIAN_IMPROVEMENT,,False,False,False,True,"[0.0, 24.0, 20.0, 1.0, 0.0, 0.0, 0.0, 0.0, 22.0]",58,-2.0,0.0,24.0,34.0,37.0,331.0,1,20,37,58,-0.136,-0.0885,-0.043,-0.028,-0.017,-4.796,6,0.0,0.0,29.0,29.0,29.0,29.0,0,1,5,6,0.011,0.040999999999999995,0.066,0.066,0.066,0.241,201,-18.0,0.0,0.0,0.0,0.0,-132.0,10,0,191,201,-0.133,-0.038,-0.006,-0.003,-0.001,-7.99,384,-47.0,0.0,0.0,0.0,0.0,-1133.0,73,0,311,384,0.0,0.043,0.07,0.074,0.078,15.882,4032,-55.0,0.0,0.0,0.0,4.0,-29688.0,1380,8,2644,4032,-0.133,0.357,0.894,1.023,1.334,1673.434
A_X064_Y108,64,108,52,76,92,124,232.0,136.0,1.0,825,13200,9132,4068,0.3093939393939394,"{""X1Y1"": 112, ""X1Y2"": 20, ""X2Y1"": 588, ""X2Y2"": 105}",True,NOT_PROVEN_WITHOUT_MOVED_FF_CONTROL_SET_REPLAY,NOT_PROVEN_READ_ONLY_SITE_INVENTORY_ONLY,0,FEATURE_BIN_0,16,25AFEB422DB3BDBEF4DCE97A6D1274116E7B27A3B94E395D479DC22D3DE14FFD,True,,False,False,U_NEG_UPSTREAM_WORSENING;D_NEG_NO_MEDIAN_IMPROVEMENT,,False,True,False,True,"[0.0, 15.0, 16.0, 0.0, 0.0, 0.0, 0.0, 0.0, 16.0]",58,0.0,0.0,15.0,24.0,34.0,227.0,0,16,42,58,-0.136,-0.0885,-0.043,-0.028,-0.017,-4.796,6,0.0,0.0,0.0,0.0,0.0,0.0,0,0,6,6,0.011,0.040999999999999995,0.066,0.066,0.066,0.241,201,-43.0,0.0,0.0,0.0,0.0,-1134.0,64,0,137,201,-0.133,-0.038,-0.006,-0.003,-0.001,-7.99,384,-43.0,0.0,0.0,0.0,0.0,-1716.0,96,0,288,384,0.0,0.043,0.07,0.074,0.078,15.882,4032,-45.0,0.0,0.0,0.0,0.0,-22638.0,1012,0,3020,4032,-0.133,0.357,0.894,1.023,1.334,1673.434
A_X064_Y108,64,108,52,76,92,124,232.0,136.0,1.0,825,13200,9132,4068,0.3093939393939394,"{""X1Y1"": 112, ""X1Y2"": 20, ""X2Y1"": 588, ""X2Y2"": 105}",True,NOT_PROVEN_WITHOUT_MOVED_FF_CONTROL_SET_REPLAY,NOT_PROVEN_READ_ONLY_SITE_INVENTORY_ONLY,0,FEATURE_BIN_1,16,863B9B0389C1B994C73ED0C57EC56A84FD6D317708E59D47B391DA86E44D3A8E,True,,False,False,U_NEG_UPSTREAM_WORSENING;U_PASS_UPSTREAM_INCREASE;D_NEG_NO_MEDIAN_IMPROVEMENT,,False,False,False,True,"[0.0, 26.0, 13.0, 2.0, 0.0, 0.0, 0.0, 0.0, 16.0]",58,-6.0,0.0,26.0,34.0,42.0,262.0,1,13,44,58,-0.136,-0.0885,-0.043,-0.028,-0.017,-4.796,6,0.0,0.0,34.0,34.0,34.0,51.0,0,2,4,6,0.011,0.040999999999999995,0.066,0.066,0.066,0.241,201,-42.0,0.0,0.0,0.0,0.0,-768.0,48,0,153,201,-0.133,-0.038,-0.006,-0.003,-0.001,-7.99,384,-45.0,0.0,0.0,0.0,0.0,-1795.0,104,0,280,384,0.0,0.043,0.07,0.074,0.078,15.882,4032,-55.0,0.0,0.0,0.0,0.0,-22850.0,1011,0,3021,4032,-0.133,0.357,0.894,1.023,1.334,1673.434
A_X064_Y108,64,108,52,76,92,124,232.0,136.0,1.0,825,13200,9132,4068,0.3093939393939394,"{""X1Y1"": 112, ""X1Y2"": 20, ""X2Y1"": 588, ""X2Y2"": 105}",True,NOT_PROVEN_WITHOUT_MOVED_FF_CONTROL_SET_REPLAY,NOT_PROVEN_READ_ONLY_SITE_INVENTORY_ONLY,0,FEATURE_BIN_2,16,18F6AC63D50EACD2B5F6CC669CA58252595A0313B759D7A0EC563D4D8CFF4410,True,,False,False,U_NEG_UPSTREAM_WORSENING;U_PASS_UPSTREAM_INCREASE;D_NEG_NO_MEDIAN_IMPROVEMENT,,False,False,False,True,"[0.0, 17.0, 13.0, 2.0, 0.0, 0.0, 0.0, 0.0, 16.0]",58,-16.0,0.0,17.0,34.0,34.0,230.0,1,13,44,58,-0.136,-0.0885,-0.043,-0.028,-0.017,-4.796,6,0.0,0.0,34.0,34.0,34.0,40.0,0,2,4,6,0.011,0.040999999999999995,0.066,0.066,0.066,0.241,201,-51.0,0.0,0.0,0.0,0.0,-779.0,57,0,144,201,-0.133,-0.038,-0.006,-0.003,-0.001,-7.99,384,-52.0,0.0,0.0,0.0,0.0,-1409.0,85,0,299,384,0.0,0.043,0.07,0.074,0.078,15.882,4032,-53.0,0.0,0.0,0.0,1.0,-23240.0,1006,5,3021,4032,-0.133,0.357,0.894,1.023,1.334,1673.434
A_X064_Y108,64,108,52,76,92,124,232.0,136.0,1.0,825,13200,9132,4068,0.3093939393939394,"{""X1Y1"": 112, ""X1Y2"": 20, ""X2Y1"": 588, ""X2Y2"": 105}",True,NOT_PROVEN_WITHOUT_MOVED_FF_CONTROL_SET_REPLAY,NOT_PROVEN_READ_ONLY_SITE_INVENTORY_ONLY,0,FEATURE_BIN_3,16,6D6B2605916DFCDD525A27838AC825D18C62B807369D6E6322040D77ED73CF54,True,,False,False,U_NEG_UPSTREAM_WORSENING;U_PASS_UPSTREAM_INCREASE;D_NEG_NO_MEDIAN_IMPROVEMENT,,False,False,False,True,"[0.0, 18.0, 12.0, 1.0, 0.0, 0.0, 0.0, 0.0, 16.0]",58,-4.0,0.0,18.0,34.0,34.0,226.0,2,12,44,58,-0.136,-0.0885,-0.043,-0.028,-0.017,-4.796,6,-4.0,0.0,29.0,29.0,29.0,25.0,1,1,4,6,0.011,0.040999999999999995,0.066,0.066,0.066,0.241,201,-21.0,0.0,0.0,0.0,4.0,-202.0,29,3,169,201,-0.133,-0.038,-0.006,-0.003,-0.001,-7.99,384,-55.0,0.0,0.0,0.0,4.0,-1052.0,98,1,285,384,0.0,0.043,0.07,0.074,0.078,15.882,4032,-55.0,0.0,0.0,0.0,8.0,-18454.0,971,23,3038,4032,-0.133,0.357,0.894,1.023,1.334,1673.434
A_X064_Y112,64,112,52,76,96,128,232.0,132.0,1.0,825,13200,9364,3836,0.29545454545454547,"{""X1Y1"": 96, ""X1Y2"": 36, ""X2Y1"": 504, ""X2Y2"": 189}",True,NOT_PROVEN_WITHOUT_MOVED_FF_CONTROL_SET_REPLAY,NOT_PROVEN_READ_ONLY_SITE_INVENTORY_ONLY,0,ALL_64,64,A49D88051B2D2E5D1255D4F806A7569CDA9B33A650A908566197031349AD8DB4,True,,False,False,U_NEG_UPSTREAM_WORSENING;U_PASS_UPSTREAM_INCREASE,,False,False,True,True,"[8.5, 30.0, 50.0, 5.0, -10.0, -5.0, -10.0, -12.0, 64.0]",58,-20.0,8.5,30.0,30.0,38.0,713.0,6,50,2,58,-0.136,-0.0885,-0.043,-0.028,-0.017,-4.796,6,-8.0,19.0,30.0,30.0,30.0,92.0,1,5,0,6,0.011,0.040999999999999995,0.066,0.066,0.066,0.241,201,-47.0,-10.0,-5.0,-2.0,0.0,-2165.0,193,0,8,201,-0.133,-0.038,-0.006,-0.003,-0.001,-7.99,384,-51.0,-10.0,-3.0,-2.0,0.0,-4572.0,370,0,14,384,0.0,0.043,0.07,0.074,0.078,15.882,4032,-51.0,-12.0,-4.0,-2.0,4.0,-75140.0,3910,46,76,4032,-0.133,0.357,0.894,1.023,1.334,1673.434
A_X064_Y112,64,112,52,76,96,128,232.0,132.0,1.0,825,13200,9364,3836,0.2922727272727273,"{""X1Y1"": 96, ""X1Y2"": 36, ""X2Y1"": 504, ""X2Y2"": 189}",True,NOT_PROVEN_WITHOUT_MOVED_FF_CONTROL_SET_REPLAY,NOT_PROVEN_READ_ONLY_SITE_INVENTORY_ONLY,0,DEST_X2Y1_MAJOR,22,EC8295A18CFB3214990035A3C2A8A03B2248BEA56069D816345F1D2C0CC4741A,True,,False,False,U_NEG_UPSTREAM_WORSENING;D_NEG_NO_MEDIAN_IMPROVEMENT,,False,True,False,True,"[0.0, 16.0, 18.0, 0.0, 0.0, 0.0, 0.0, 0.0, 22.0]",58,-20.0,0.0,16.0,30.0,30.0,243.0,3,18,37,58,-0.136,-0.0885,-0.043,-0.028,-0.017,-4.796,6,0.0,0.0,0.0,0.0,0.0,0.0,0,0,6,6,0.011,0.040999999999999995,0.066,0.066,0.066,0.241,201,-47.0,0.0,0.0,0.0,0.0,-777.0,60,0,141,201,-0.133,-0.038,-0.006,-0.003,-0.001,-7.99,384,-51.0,0.0,0.0,0.0,0.0,-1999.0,137,0,247,384,0.0,0.043,0.07,0.074,0.078,15.882,4032,-51.0,0.0,0.0,0.0,0.0,-26172.0,1350,0,2682,4032,-0.133,0.357,0.894,1.023,1.334,1673.434
A_X064_Y112,64,112,52,76,96,128,232.0,132.0,1.0,825,13200,9364,3836,0.2921212121212121,"{""X1Y1"": 96, ""X1Y2"": 36, ""X2Y1"": 504, ""X2Y2"": 189}",True,NOT_PROVEN_WITHOUT_MOVED_FF_CONTROL_SET_REPLAY,NOT_PROVEN_READ_ONLY_SITE_INVENTORY_ONLY,0,DEST_X3Y1_MAJOR,20,D8DF451BC1C4EF6032E28F4D3065B488CCF48FA9921667AB64B2E0E8D05D4049,True,,False,False,U_NEG_UPSTREAM_WORSENING;U_PASS_UPSTREAM_INCREASE,,False,False,True,True,"[0.0, 22.0, 14.0, 4.0, -8.0, 0.0, 0.0, 0.0, 20.0]",58,-10.0,0.0,22.0,30.0,38.0,223.0,1,14,43,58,-0.136,-0.0885,-0.043,-0.028,-0.017,-4.796,6,-8.0,7.5,30.0,30.0,30.0,67.0,1,4,1,6,0.011,0.040999999999999995,0.066,0.066,0.066,0.241,201,-23.0,-8.0,0.0,0.0,0.0,-1292.0,123,0,78,201,-0.133,-0.038,-0.006,-0.003,-0.001,-7.99,384,-48.0,0.0,0.0,0.0,0.0,-1700.0,160,0,224,384,0.0,0.043,0.07,0.074,0.078,15.882,4032,-51.0,0.0,0.0,0.0,4.0,-23578.0,1217,4,2811,4032,-0.133,0.357,0.894,1.023,1.334,1673.434
A_X064_Y112,64,112,52,76,96,128,232.0,132.0,1.0,825,13200,9364,3836,0.2922727272727273,"{""X1Y1"": 96, ""X1Y2"": 36, ""X2Y1"": 504, ""X2Y2"": 189}",True,NOT_PROVEN_WITHOUT_MOVED_FF_CONTROL_SET_REPLAY,NOT_PROVEN_READ_ONLY_SITE_INVENTORY_ONLY,0,DEST_MIXED_OR_OTHER,22,62A80A6BF2780309EBB7ACB65499DC33F9E420F49ABAF670FF853CD53D650A7D,True,,False,False,U_NEG_UPSTREAM_WORSENING;U_PASS_UPSTREAM_INCREASE;D_NEG_NO_MEDIAN_IMPROVEMENT,,False,False,False,True,"[0.0, 20.0, 18.0, 1.0, 0.0, 0.0, 0.0, 0.0, 22.0]",58,-6.0,0.0,20.0,30.0,33.0,247.0,2,18,38,58,-0.136,-0.0885,-0.043,-0.028,-0.017,-4.796,6,0.0,0.0,25.0,25.0,25.0,25.0,0,1,5,6,0.011,0.040999999999999995,0.066,0.066,0.066,0.241,201,-14.0,0.0,0.0,0.0,0.0,-96.0,10,0,191,201,-0.133,-0.038,-0.006,-0.003,-0.001,-7.99,384,-43.0,0.0,0.0,0.0,0.0,-873.0,73,0,311,384,0.0,0.043,0.07,0.074,0.078,15.882,4032,-51.0,0.0,0.0,0.0,1.0,-25390.0,1343,42,2647,4032,-0.133,0.357,0.894,1.023,1.334,1673.434
A_X064_Y112,64,112,52,76,96,128,232.0,132.0,1.0,825,13200,9364,3836,0.2918181818181818,"{""X1Y1"": 96, ""X1Y2"": 36, ""X2Y1"": 504, ""X2Y2"": 189}",True,NOT_PROVEN_WITHOUT_MOVED_FF_CONTROL_SET_REPLAY,NOT_PROVEN_READ_ONLY_SITE_INVENTORY_ONLY,0,FEATURE_BIN_0,16,25AFEB422DB3BDBEF4DCE97A6D1274116E7B27A3B94E395D479DC22D3DE14FFD,True,,False,False,U_NEG_UPSTREAM_WORSENING;D_NEG_NO_MEDIAN_IMPROVEMENT,,False,True,False,True,"[0.0, 11.0, 14.0, 0.0, 0.0, 0.0, 0.0, 0.0, 16.0]",58,0.0,0.0,11.0,20.0,30.0,163.0,0,14,44,58,-0.136,-0.0885,-0.043,-0.028,-0.017,-4.796,6,0.0,0.0,0.0,0.0,0.0,0.0,0,0,6,6,0.011,0.040999999999999995,0.066,0.066,0.066,0.241,201,-39.0,0.0,0.0,0.0,0.0,-910.0,64,0,137,201,-0.133,-0.038,-0.006,-0.003,-0.001,-7.99,384,-39.0,0.0,0.0,0.0,0.0,-1354.0,96,0,288,384,0.0,0.043,0.07,0.074,0.078,15.882,4032,-41.0,0.0,0.0,0.0,0.0,-19352.0,1012,0,3020,4032,-0.133,0.357,0.894,1.023,1.334,1673.434
A_X064_Y112,64,112,52,76,96,128,232.0,132.0,1.0,825,13200,9364,3836,0.2918181818181818,"{""X1Y1"": 96, ""X1Y2"": 36, ""X2Y1"": 504, ""X2Y2"": 189}",True,NOT_PROVEN_WITHOUT_MOVED_FF_CONTROL_SET_REPLAY,NOT_PROVEN_READ_ONLY_SITE_INVENTORY_ONLY,0,FEATURE_BIN_1,16,863B9B0389C1B994C73ED0C57EC56A84FD6D317708E59D47B391DA86E44D3A8E,True,,False,False,U_NEG_UPSTREAM_WORSENING;U_PASS_UPSTREAM_INCREASE;D_NEG_NO_MEDIAN_IMPROVEMENT,,False,False,False,True,"[0.0, 22.0, 12.0, 2.0, 0.0, 0.0, 0.0, 0.0, 16.0]",58,-10.0,0.0,22.0,30.0,38.0,206.0,2,12,44,58,-0.136,-0.0885,-0.043,-0.028,-0.017,-4.796,6,0.0,0.0,30.0,30.0,30.0,43.0,0,2,4,6,0.011,0.040999999999999995,0.066,0.066,0.066,0.241,201,-38.0,0.0,0.0,0.0,0.0,-604.0,48,0,153,201,-0.133,-0.038,-0.006,-0.003,-0.001,-7.99,384,-41.0,0.0,0.0,0.0,0.0,-1461.0,104,0,280,384,0.0,0.043,0.07,0.074,0.078,15.882,4032,-51.0,0.0,0.0,0.0,0.0,-20006.0,1012,0,3020,4032,-0.133,0.357,0.894,1.023,1.334,1673.434
A_X064_Y112,64,112,52,76,96,128,232.0,132.0,1.0,825,13200,9364,3836,0.2918181818181818,"{""X1Y1"": 96, ""X1Y2"": 36, ""X2Y1"": 504, ""X2Y2"": 189}",True,NOT_PROVEN_WITHOUT_MOVED_FF_CONTROL_SET_REPLAY,NOT_PROVEN_READ_ONLY_SITE_INVENTORY_ONLY,0,FEATURE_BIN_2,16,18F6AC63D50EACD2B5F6CC669CA58252595A0313B759D7A0EC563D4D8CFF4410,True,,False,False,U_NEG_UPSTREAM_WORSENING;U_PASS_UPSTREAM_INCREASE;D_NEG_NO_MEDIAN_IMPROVEMENT,,False,False,False,True,"[0.0, 13.0, 13.0, 2.0, 0.0, 0.0, 0.0, 0.0, 16.0]",58,-20.0,0.0,13.0,30.0,30.0,174.0,1,13,44,58,-0.136,-0.0885,-0.043,-0.028,-0.017,-4.796,6,0.0,0.0,30.0,30.0,30.0,32.0,0,2,4,6,0.011,0.040999999999999995,0.066,0.066,0.066,0.241,201,-47.0,0.0,0.0,0.0,0.0,-553.0,57,0,144,201,-0.133,-0.038,-0.006,-0.003,-0.001,-7.99,384,-48.0,0.0,0.0,0.0,0.0,-1073.0,85,0,299,384,0.0,0.043,0.07,0.074,0.078,15.882,4032,-49.0,0.0,0.0,0.0,0.0,-20194.0,1012,0,3020,4032,-0.133,0.357,0.894,1.023,1.334,1673.434
A_X064_Y112,64,112,52,76,96,128,232.0,132.0,1.0,825,13200,9364,3836,0.2918181818181818,"{""X1Y1"": 96, ""X1Y2"": 36, ""X2Y1"": 504, ""X2Y2"": 189}",True,NOT_PROVEN_WITHOUT_MOVED_FF_CONTROL_SET_REPLAY,NOT_PROVEN_READ_ONLY_SITE_INVENTORY_ONLY,0,FEATURE_BIN_3,16,6D6B2605916DFCDD525A27838AC825D18C62B807369D6E6322040D77ED73CF54,True,,False,False,U_NEG_UPSTREAM_WORSENING;U_PASS_UPSTREAM_INCREASE;D_NEG_NO_MEDIAN_IMPROVEMENT,,False,False,False,True,"[0.0, 14.0, 11.0, 1.0, 0.0, 0.0, 0.0, 0.0, 16.0]",58,-8.0,0.0,14.0,30.0,30.0,170.0,3,11,44,58,-0.136,-0.0885,-0.043,-0.028,-0.017,-4.796,6,-8.0,0.0,25.0,25.0,25.0,17.0,1,1,4,6,0.011,0.040999999999999995,0.066,0.066,0.066,0.241,201,-17.0,0.0,0.0,0.0,0.0,-98.0,24,0,177,201,-0.133,-0.038,-0.006,-0.003,-0.001,-7.99,384,-51.0,0.0,0.0,0.0,0.0,-684.0,85,0,299,384,0.0,0.043,0.07,0.074,0.078,15.882,4032,-51.0,0.0,0.0,0.0,4.0,-15588.0,874,46,3112,4032,-0.133,0.357,0.894,1.023,1.334,1673.434
A_X064_Y116,64,116,52,76,100,132,232.0,128.0,1.0,825,13200,9478,3722,0.2868181818181818,"{""X1Y1"": 80, ""X1Y2"": 52, ""X2Y1"": 420, ""X2Y2"": 273}",True,NOT_PROVEN_WITHOUT_MOVED_FF_CONTROL_SET_REPLAY,NOT_PROVEN_READ_ONLY_SITE_INVENTORY_ONLY,0,ALL_64,64,A49D88051B2D2E5D1255D4F806A7569CDA9B33A650A908566197031349AD8DB4,True,,False,False,U_NEG_UPSTREAM_WORSENING;U_PASS_UPSTREAM_INCREASE,,False,False,True,True,"[4.5, 26.0, 40.0, 4.0, -6.0, -1.0, -6.0, -8.0, 64.0]",58,-24.0,4.5,26.0,26.0,34.0,481.0,15,40,3,58,-0.136,-0.0885,-0.043,-0.028,-0.017,-4.796,6,-12.0,15.0,26.0,26.0,26.0,68.0,2,4,0,6,0.011,0.040999999999999995,0.066,0.066,0.066,0.241,201,-43.0,-6.0,-1.0,2.0,4.0,-1383.0,181,20,0,201,-0.133,-0.038,-0.006,-0.003,-0.001,-7.99,384,-47.0,-6.0,1.0,2.0,4.0,-3050.0,324,53,7,384,0.0,0.043,0.07,0.074,0.078,15.882,4032,-47.0,-8.0,0.0,2.0,5.0,-60376.0,3579,384,69,4032,-0.133,0.357,0.894,1.023,1.334,1673.434
A_X064_Y116,64,116,52,76,100,132,232.0,128.0,1.0,825,13200,9478,3722,0.28363636363636363,"{""X1Y1"": 80, ""X1Y2"": 52, ""X2Y1"": 420, ""X2Y2"": 273}",True,NOT_PROVEN_WITHOUT_MOVED_FF_CONTROL_SET_REPLAY,NOT_PROVEN_READ_ONLY_SITE_INVENTORY_ONLY,0,DEST_X2Y1_MAJOR,22,EC8295A18CFB3214990035A3C2A8A03B2248BEA56069D816345F1D2C0CC4741A,True,,False,False,U_NEG_UPSTREAM_WORSENING;D_NEG_NO_MEDIAN_IMPROVEMENT,,False,True,False,True,"[0.0, 12.0, 16.0, 0.0, 0.0, 0.0, 0.0, 0.0, 22.0]",58,-24.0,0.0,12.0,26.0,26.0,155.0,5,16,37,58,-0.136,-0.0885,-0.043,-0.028,-0.017,-4.796,6,0.0,0.0,0.0,0.0,0.0,0.0,0,0,6,6,0.011,0.040999999999999995,0.066,0.066,0.066,0.241,201,-43.0,0.0,0.0,0.0,4.0,-533.0,55,10,136,201,-0.133,-0.038,-0.006,-0.003,-0.001,-7.99,384,-47.0,0.0,0.0,1.0,4.0,-1439.0,119,23,242,384,0.0,0.043,0.07,0.074,0.078,15.882,4032,-47.0,0.0,0.0,0.0,4.0,-21250.0,1195,189,2648,4032,-0.133,0.357,0.894,1.023,1.334,1673.434
A_X064_Y116,64,116,52,76,100,132,232.0,128.0,1.0,825,13200,9478,3722,0.2834848484848485,"{""X1Y1"": 80, ""X1Y2"": 52, ""X2Y1"": 420, ""X2Y2"": 273}",True,NOT_PROVEN_WITHOUT_MOVED_FF_CONTROL_SET_REPLAY,NOT_PROVEN_READ_ONLY_SITE_INVENTORY_ONLY,0,DEST_X3Y1_MAJOR,20,D8DF451BC1C4EF6032E28F4D3065B488CCF48FA9921667AB64B2E0E8D05D4049,True,,False,False,U_NEG_UPSTREAM_WORSENING;U_PASS_UPSTREAM_INCREASE,,False,False,True,True,"[0.0, 18.0, 11.0, 3.0, -4.0, 0.0, 0.0, 0.0, 20.0]",58,-14.0,0.0,18.0,26.0,34.0,163.0,4,11,43,58,-0.136,-0.0885,-0.043,-0.028,-0.017,-4.796,6,-12.0,4.5,26.0,26.0,26.0,47.0,2,3,1,6,0.011,0.040999999999999995,0.066,0.066,0.066,0.241,201,-19.0,-4.0,0.0,0.0,4.0,-794.0,116,10,75,201,-0.133,-0.038,-0.006,-0.003,-0.001,-7.99,384,-44.0,0.0,0.0,2.0,4.0,-1030.0,147,22,215,384,0.0,0.043,0.07,0.074,0.078,15.882,4032,-47.0,0.0,0.0,0.0,4.0,-18982.0,1184,76,2772,4032,-0.133,0.357,0.894,1.023,1.334,1673.434
A_X064_Y116,64,116,52,76,100,132,232.0,128.0,1.0,825,13200,9478,3722,0.28363636363636363,"{""X1Y1"": 80, ""X1Y2"": 52, ""X2Y1"": 420, ""X2Y2"": 273}",True,NOT_PROVEN_WITHOUT_MOVED_FF_CONTROL_SET_REPLAY,NOT_PROVEN_READ_ONLY_SITE_INVENTORY_ONLY,0,DEST_MIXED_OR_OTHER,22,62A80A6BF2780309EBB7ACB65499DC33F9E420F49ABAF670FF853CD53D650A7D,True,,False,False,U_NEG_UPSTREAM_WORSENING;U_PASS_UPSTREAM_INCREASE;D_NEG_NO_MEDIAN_IMPROVEMENT,,False,False,False,True,"[0.0, 16.0, 13.0, 1.0, 0.0, 0.0, 0.0, 0.0, 22.0]",58,-10.0,0.0,16.0,26.0,29.0,163.0,6,13,39,58,-0.136,-0.0885,-0.043,-0.028,-0.017,-4.796,6,0.0,0.0,21.0,21.0,21.0,21.0,0,1,5,6,0.011,0.040999999999999995,0.066,0.066,0.066,0.241,201,-10.0,0.0,0.0,0.0,0.0,-56.0,10,0,191,201,-0.133,-0.038,-0.006,-0.003,-0.001,-7.99,384,-39.0,0.0,0.0,0.0,2.0,-581.0,58,8,318,384,0.0,0.043,0.07,0.074,0.078,15.882,4032,-47.0,0.0,0.0,0.0,5.0,-20144.0,1200,119,2713,4032,-0.133,0.357,0.894,1.023,1.334,1673.434
A_X064_Y116,64,116,52,76,100,132,232.0,128.0,1.0,825,13200,9478,3722,0.2831818181818182,"{""X1Y1"": 80, ""X1Y2"": 52, ""X2Y1"": 420, ""X2Y2"": 273}",True,NOT_PROVEN_WITHOUT_MOVED_FF_CONTROL_SET_REPLAY,NOT_PROVEN_READ_ONLY_SITE_INVENTORY_ONLY,0,FEATURE_BIN_0,16,25AFEB422DB3BDBEF4DCE97A6D1274116E7B27A3B94E395D479DC22D3DE14FFD,True,,False,False,U_NEG_UPSTREAM_WORSENING;D_NEG_NO_MEDIAN_IMPROVEMENT,,False,True,False,True,"[0.0, 7.0, 11.0, 0.0, 0.0, 0.0, 0.0, 0.0, 16.0]",58,-4.0,0.0,7.0,16.0,26.0,99.0,4,11,43,58,-0.136,-0.0885,-0.043,-0.028,-0.017,-4.796,6,0.0,0.0,0.0,0.0,0.0,0.0,0,0,6,6,0.011,0.040999999999999995,0.066,0.066,0.066,0.241,201,-35.0,0.0,0.0,0.0,0.0,-670.0,64,0,137,201,-0.133,-0.038,-0.006,-0.003,-0.001,-7.99,384,-35.0,0.0,0.0,0.0,0.0,-978.0,96,0,288,384,0.0,0.043,0.07,0.074,0.078,15.882,4032,-37.0,0.0,0.0,0.0,0.0,-15482.0,1012,0,3020,4032,-0.133,0.357,0.894,1.023,1.334,1673.434
A_X064_Y116,64,116,52,76,100,132,232.0,128.0,1.0,825,13200,9478,3722,0.2831818181818182,"{""X1Y1"": 80, ""X1Y2"": 52, ""X2Y1"": 420, ""X2Y2"": 273}",True,NOT_PROVEN_WITHOUT_MOVED_FF_CONTROL_SET_REPLAY,NOT_PROVEN_READ_ONLY_SITE_INVENTORY_ONLY,0,FEATURE_BIN_1,16,863B9B0389C1B994C73ED0C57EC56A84FD6D317708E59D47B391DA86E44D3A8E,True,,False,False,U_NEG_UPSTREAM_WORSENING;U_PASS_UPSTREAM_INCREASE;D_NEG_NO_MEDIAN_IMPROVEMENT,,False,False,False,True,"[0.0, 18.0, 8.0, 2.0, 0.0, 0.0, 0.0, 0.0, 16.0]",58,-14.0,0.0,18.0,26.0,34.0,150.0,4,8,46,58,-0.136,-0.0885,-0.043,-0.028,-0.017,-4.796,6,0.0,0.0,26.0,26.0,26.0,35.0,0,2,4,6,0.011,0.040999999999999995,0.066,0.066,0.066,0.241,201,-34.0,0.0,0.0,0.0,0.0,-416.0,48,0,153,201,-0.133,-0.038,-0.006,-0.003,-0.001,-7.99,384,-37.0,0.0,0.0,0.0,0.0,-1049.0,104,0,280,384,0.0,0.043,0.07,0.074,0.078,15.882,4032,-47.0,0.0,0.0,0.0,0.0,-16348.0,1012,0,3020,4032,-0.133,0.357,0.894,1.023,1.334,1673.434
A_X064_Y116,64,116,52,76,100,132,232.0,128.0,1.0,825,13200,9478,3722,0.2831818181818182,"{""X1Y1"": 80, ""X1Y2"": 52, ""X2Y1"": 420, ""X2Y2"": 273}",True,NOT_PROVEN_WITHOUT_MOVED_FF_CONTROL_SET_REPLAY,NOT_PROVEN_READ_ONLY_SITE_INVENTORY_ONLY,0,FEATURE_BIN_2,16,18F6AC63D50EACD2B5F6CC669CA58252595A0313B759D7A0EC563D4D8CFF4410,True,,False,False,U_NEG_UPSTREAM_WORSENING;U_PASS_UPSTREAM_INCREASE;D_NEG_NO_MEDIAN_IMPROVEMENT,,False,False,False,True,"[0.0, 9.0, 10.0, 1.0, 0.0, 0.0, 0.0, 0.0, 16.0]",58,-24.0,0.0,9.0,26.0,26.0,118.0,4,10,44,58,-0.136,-0.0885,-0.043,-0.028,-0.017,-4.796,6,-2.0,0.0,26.0,26.0,26.0,24.0,1,1,4,6,0.011,0.040999999999999995,0.066,0.066,0.066,0.241,201,-43.0,0.0,0.0,0.0,0.0,-325.0,57,0,144,201,-0.133,-0.038,-0.006,-0.003,-0.001,-7.99,384,-44.0,0.0,0.0,0.0,0.0,-733.0,85,0,299,384,0.0,0.043,0.07,0.074,0.078,15.882,4032,-45.0,0.0,0.0,0.0,0.0,-16532.0,1012,0,3020,4032,-0.133,0.357,0.894,1.023,1.334,1673.434
A_X064_Y116,64,116,52,76,100,132,232.0,128.0,1.0,825,13200,9478,3722,0.2831818181818182,"{""X1Y1"": 80, ""X1Y2"": 52, ""X2Y1"": 420, ""X2Y2"": 273}",True,NOT_PROVEN_WITHOUT_MOVED_FF_CONTROL_SET_REPLAY,NOT_PROVEN_READ_ONLY_SITE_INVENTORY_ONLY,0,FEATURE_BIN_3,16,6D6B2605916DFCDD525A27838AC825D18C62B807369D6E6322040D77ED73CF54,True,,False,False,U_NEG_UPSTREAM_WORSENING;U_PASS_UPSTREAM_INCREASE;D_NEG_NO_MEDIAN_IMPROVEMENT,,False,False,False,True,"[0.0, 10.0, 11.0, 1.0, 0.0, 0.0, 0.0, 0.0, 16.0]",58,-12.0,0.0,10.0,26.0,26.0,114.0,3,11,44,58,-0.136,-0.0885,-0.043,-0.028,-0.017,-4.796,6,-12.0,0.0,21.0,21.0,21.0,9.0,1,1,4,6,0.011,0.040999999999999995,0.066,0.066,0.066,0.241,201,-13.0,0.0,0.0,2.0,4.0,28.0,12,20,169,201,-0.133,-0.038,-0.006,-0.003,-0.001,-7.99,384,-47.0,0.0,1.0,2.0,4.0,-290.0,39,53,292,384,0.0,0.043,0.07,0.074,0.078,15.882,4032,-47.0,0.0,0.0,2.0,5.0,-12014.0,543,384,3105,4032,-0.133,0.357,0.894,1.023,1.334,1673.434
A_X068_Y076,68,76,56,80,60,92,243.0,169.0,1.0,825,13200,10045,3155,0.24386363636363637,"{""X2Y1"": 825}",True,NOT_PROVEN_WITHOUT_MOVED_FF_CONTROL_SET_REPLAY,NOT_PROVEN_READ_ONLY_SITE_INVENTORY_ONLY,64,ALL_64,64,A49D88051B2D2E5D1255D4F806A7569CDA9B33A650A908566197031349AD8DB4,True,,False,False,U_NEG_UPSTREAM_WORSENING;U_PASS_UPSTREAM_INCREASE,,False,False,True,True,"[34.5, 56.0, 58.0, 6.0, -35.0, 9.0, -35.0, -21.0, 64.0]",58,6.0,34.5,56.0,57.0,64.0,2239.0,0,58,0,58,-0.136,-0.0885,-0.043,-0.028,-0.017,-4.796,6,18.0,45.0,56.0,56.0,56.0,248.0,0,6,0,6,0.011,0.040999999999999995,0.066,0.066,0.066,0.241,201,-65.0,-35.0,9.0,12.0,26.0,-6169.0,172,28,1,201,-0.133,-0.038,-0.006,-0.003,-0.001,-7.99,384,-75.0,-35.0,4.0,11.0,26.0,-12428.0,340,43,1,384,0.0,0.043,0.07,0.074,0.078,15.882,4032,-78.0,-21.0,12.0,17.0,37.0,-91632.0,3064,935,33,4032,-0.133,0.357,0.894,1.023,1.334,1673.434
A_X068_Y076,68,76,56,80,60,92,243.0,169.0,1.0,825,13200,10045,3155,0.2406818181818182,"{""X2Y1"": 825}",True,NOT_PROVEN_WITHOUT_MOVED_FF_CONTROL_SET_REPLAY,NOT_PROVEN_READ_ONLY_SITE_INVENTORY_ONLY,22,DEST_X2Y1_MAJOR,22,EC8295A18CFB3214990035A3C2A8A03B2248BEA56069D816345F1D2C0CC4741A,True,,False,False,U_NEG_UPSTREAM_WORSENING;D_NEG_NO_MEDIAN_IMPROVEMENT,,False,True,False,True,"[0.0, 42.0, 22.0, 0.0, 0.0, 0.0, 0.0, 0.0, 22.0]",58,0.0,0.0,42.0,56.0,56.0,815.0,0,22,36,58,-0.136,-0.0885,-0.043,-0.028,-0.017,-4.796,6,0.0,0.0,0.0,0.0,0.0,0.0,0,0,6,6,0.011,0.040999999999999995,0.066,0.066,0.066,0.241,201,-65.0,0.0,0.0,0.0,19.0,-2587.0,61,4,136,201,-0.133,-0.038,-0.006,-0.003,-0.001,-7.99,384,-75.0,0.0,0.0,0.0,19.0,-5079.0,131,11,242,384,0.0,0.043,0.07,0.074,0.078,15.882,4032,-75.0,0.0,0.0,9.0,37.0,-31450.0,1051,331,2650,4032,-0.133,0.357,0.894,1.023,1.334,1673.434
A_X068_Y076,68,76,56,80,60,92,243.0,169.0,1.0,825,13200,10045,3155,0.24053030303030304,"{""X2Y1"": 825}",True,NOT_PROVEN_WITHOUT_MOVED_FF_CONTROL_SET_REPLAY,NOT_PROVEN_READ_ONLY_SITE_INVENTORY_ONLY,20,DEST_X3Y1_MAJOR,20,D8DF451BC1C4EF6032E28F4D3065B488CCF48FA9921667AB64B2E0E8D05D4049,True,,False,False,U_NEG_UPSTREAM_WORSENING;U_PASS_UPSTREAM_INCREASE,,False,False,True,True,"[0.0, 48.0, 15.0, 5.0, -3.0, 1.0, 0.0, 0.0, 20.0]",58,0.0,0.0,48.0,56.0,64.0,613.0,0,15,43,58,-0.136,-0.0885,-0.043,-0.028,-0.017,-4.796,6,0.0,33.5,56.0,56.0,56.0,197.0,0,5,1,6,0.011,0.040999999999999995,0.066,0.066,0.066,0.241,201,-63.0,-3.0,1.0,10.0,26.0,-3352.0,104,22,75,201,-0.133,-0.038,-0.006,-0.003,-0.001,-7.99,384,-63.0,0.0,0.0,5.0,26.0,-4856.0,145,23,216,384,0.0,0.043,0.07,0.074,0.078,15.882,4032,-75.0,0.0,0.0,6.0,36.0,-28656.0,961,280,2791,4032,-0.133,0.357,0.894,1.023,1.334,1673.434
A_X068_Y076,68,76,56,80,60,92,243.0,169.0,1.0,825,13200,10045,3155,0.2406818181818182,"{""X2Y1"": 825}",True,NOT_PROVEN_WITHOUT_MOVED_FF_CONTROL_SET_REPLAY,NOT_PROVEN_READ_ONLY_SITE_INVENTORY_ONLY,22,DEST_MIXED_OR_OTHER,22,62A80A6BF2780309EBB7ACB65499DC33F9E420F49ABAF670FF853CD53D650A7D,True,,False,False,U_NEG_UPSTREAM_WORSENING;U_PASS_UPSTREAM_INCREASE;D_NEG_NO_MEDIAN_IMPROVEMENT,,False,False,False,True,"[0.0, 51.0, 21.0, 1.0, 0.0, 0.0, 0.0, 0.0, 22.0]",58,0.0,0.0,51.0,56.0,59.0,811.0,0,21,37,58,-0.136,-0.0885,-0.043,-0.028,-0.017,-4.796,6,0.0,0.0,51.0,51.0,51.0,51.0,0,1,5,6,0.011,0.040999999999999995,0.066,0.066,0.066,0.241,201,-55.0,0.0,0.0,0.0,15.0,-230.0,7,2,192,201,-0.133,-0.038,-0.006,-0.003,-0.001,-7.99,384,-69.0,0.0,0.0,0.0,19.0,-2493.0,64,9,311,384,0.0,0.043,0.07,0.074,0.078,15.882,4032,-78.0,0.0,0.0,7.0,34.0,-31526.0,1052,324,2656,4032,-0.133,0.357,0.894,1.023,1.334,1673.434
A_X068_Y076,68,76,56,80,60,92,243.0,169.0,1.0,825,13200,10045,3155,0.24022727272727273,"{""X2Y1"": 825}",True,NOT_PROVEN_WITHOUT_MOVED_FF_CONTROL_SET_REPLAY,NOT_PROVEN_READ_ONLY_SITE_INVENTORY_ONLY,16,FEATURE_BIN_0,16,25AFEB422DB3BDBEF4DCE97A6D1274116E7B27A3B94E395D479DC22D3DE14FFD,True,,False,False,U_NEG_UPSTREAM_WORSENING;D_NEG_NO_MEDIAN_IMPROVEMENT,,False,True,False,True,"[0.0, 37.0, 16.0, 0.0, 0.0, 0.0, 0.0, 0.0, 16.0]",58,0.0,0.0,37.0,51.0,57.0,597.0,0,16,42,58,-0.136,-0.0885,-0.043,-0.028,-0.017,-4.796,6,0.0,0.0,0.0,0.0,0.0,0.0,0,0,6,6,0.011,0.040999999999999995,0.066,0.066,0.066,0.241,201,-63.0,0.0,0.0,1.0,19.0,-1844.0,51,12,138,201,-0.133,-0.038,-0.006,-0.003,-0.001,-7.99,384,-63.0,0.0,0.0,0.0,17.0,-3622.0,90,6,288,384,0.0,0.043,0.07,0.074,0.078,15.882,4032,-78.0,0.0,0.0,1.0,37.0,-25484.0,789,213,3030,4032,-0.133,0.357,0.894,1.023,1.334,1673.434
A_X068_Y076,68,76,56,80,60,92,243.0,169.0,1.0,825,13200,10045,3155,0.24022727272727273,"{""X2Y1"": 825}",True,NOT_PROVEN_WITHOUT_MOVED_FF_CONTROL_SET_REPLAY,NOT_PROVEN_READ_ONLY_SITE_INVENTORY_ONLY,16,FEATURE_BIN_1,16,863B9B0389C1B994C73ED0C57EC56A84FD6D317708E59D47B391DA86E44D3A8E,True,,False,False,U_NEG_UPSTREAM_WORSENING;U_PASS_UPSTREAM_INCREASE;D_NEG_NO_MEDIAN_IMPROVEMENT,,False,False,False,True,"[0.0, 48.0, 14.0, 2.0, 0.0, 0.0, 0.0, 0.0, 16.0]",58,0.0,0.0,48.0,56.0,64.0,570.0,0,14,44,58,-0.136,-0.0885,-0.043,-0.028,-0.017,-4.796,6,0.0,0.0,56.0,56.0,56.0,95.0,0,2,4,6,0.011,0.040999999999999995,0.066,0.066,0.066,0.241,201,-65.0,0.0,0.0,0.0,15.0,-1794.0,43,5,153,201,-0.133,-0.038,-0.006,-0.003,-0.001,-7.99,384,-65.0,0.0,0.0,0.0,15.0,-3155.0,88,15,281,384,0.0,0.043,0.07,0.074,0.078,15.882,4032,-77.0,0.0,0.0,4.0,36.0,-23416.0,760,245,3027,4032,-0.133,0.357,0.894,1.023,1.334,1673.434
A_X068_Y076,68,76,56,80,60,92,243.0,169.0,1.0,825,13200,10045,3155,0.24022727272727273,"{""X2Y1"": 825}",True,NOT_PROVEN_WITHOUT_MOVED_FF_CONTROL_SET_REPLAY,NOT_PROVEN_READ_ONLY_SITE_INVENTORY_ONLY,16,FEATURE_BIN_2,16,18F6AC63D50EACD2B5F6CC669CA58252595A0313B759D7A0EC563D4D8CFF4410,True,,False,False,U_NEG_UPSTREAM_WORSENING;U_PASS_UPSTREAM_INCREASE;D_NEG_NO_MEDIAN_IMPROVEMENT,,False,False,False,True,"[0.0, 39.0, 14.0, 2.0, 0.0, 0.0, 0.0, 0.0, 16.0]",58,0.0,0.0,39.0,56.0,56.0,538.0,0,14,44,58,-0.136,-0.0885,-0.043,-0.028,-0.017,-4.796,6,0.0,0.0,56.0,56.0,56.0,84.0,0,2,4,6,0.011,0.040999999999999995,0.066,0.066,0.066,0.241,201,-59.0,0.0,0.0,0.0,13.0,-1647.0,51,6,144,201,-0.133,-0.038,-0.006,-0.003,-0.001,-7.99,384,-72.0,0.0,0.0,0.0,14.0,-2777.0,75,10,299,384,0.0,0.043,0.07,0.074,0.078,15.882,4032,-74.0,0.0,0.0,2.0,23.0,-23718.0,792,213,3027,4032,-0.133,0.357,0.894,1.023,1.334,1673.434
A_X068_Y076,68,76,56,80,60,92,243.0,169.0,1.0,825,13200,10045,3155,0.24022727272727273,"{""X2Y1"": 825}",True,NOT_PROVEN_WITHOUT_MOVED_FF_CONTROL_SET_REPLAY,NOT_PROVEN_READ_ONLY_SITE_INVENTORY_ONLY,16,FEATURE_BIN_3,16,6D6B2605916DFCDD525A27838AC825D18C62B807369D6E6322040D77ED73CF54,True,,False,False,U_NEG_UPSTREAM_WORSENING;U_PASS_UPSTREAM_INCREASE;D_NEG_NO_MEDIAN_IMPROVEMENT,,False,False,False,True,"[0.0, 40.0, 14.0, 2.0, 0.0, 0.0, 0.0, 0.0, 16.0]",58,0.0,0.0,40.0,56.0,56.0,534.0,0,14,44,58,-0.136,-0.0885,-0.043,-0.028,-0.017,-4.796,6,0.0,0.0,51.0,51.0,51.0,69.0,0,2,4,6,0.011,0.040999999999999995,0.066,0.066,0.066,0.241,201,-65.0,0.0,0.0,0.0,26.0,-884.0,27,5,169,201,-0.133,-0.038,-0.006,-0.003,-0.001,-7.99,384,-75.0,0.0,0.0,0.0,26.0,-2874.0,87,12,285,384,0.0,0.043,0.07,0.074,0.078,15.882,4032,-75.0,0.0,0.0,6.0,33.0,-19014.0,723,264,3045,4032,-0.133,0.357,0.894,1.023,1.334,1673.434
A_X068_Y080,68,80,56,80,64,96,243.0,165.0,1.0,825,13200,9751,3449,0.2661363636363636,"{""X2Y1"": 825}",True,NOT_PROVEN_WITHOUT_MOVED_FF_CONTROL_SET_REPLAY,NOT_PROVEN_READ_ONLY_SITE_INVENTORY_ONLY,64,ALL_64,64,A49D88051B2D2E5D1255D4F806A7569CDA9B33A650A908566197031349AD8DB4,True,,False,False,U_NEG_UPSTREAM_WORSENING;U_PASS_UPSTREAM_INCREASE,,False,False,True,True,"[30.5, 52.0, 58.0, 6.0, -39.0, 5.0, -39.0, -25.0, 64.0]",58,2.0,30.5,52.0,53.0,60.0,2007.0,0,58,0,58,-0.136,-0.0885,-0.043,-0.028,-0.017,-4.796,6,14.0,41.0,52.0,52.0,52.0,224.0,0,6,0,6,0.011,0.040999999999999995,0.066,0.066,0.066,0.241,201,-61.0,-39.0,5.0,8.0,22.0,-6657.0,177,24,0,201,-0.133,-0.038,-0.006,-0.003,-0.001,-7.99,384,-71.0,-39.0,0.0,7.0,22.0,-13234.0,345,38,1,384,0.0,0.043,0.07,0.074,0.078,15.882,4032,-74.0,-25.0,8.0,13.0,33.0,-102944.0,3251,742,39,4032,-0.133,0.357,0.894,1.023,1.334,1673.434
A_X068_Y080,68,80,56,80,64,96,243.0,165.0,1.0,825,13200,9751,3449,0.26295454545454544,"{""X2Y1"": 825}",True,NOT_PROVEN_WITHOUT_MOVED_FF_CONTROL_SET_REPLAY,NOT_PROVEN_READ_ONLY_SITE_INVENTORY_ONLY,22,DEST_X2Y1_MAJOR,22,EC8295A18CFB3214990035A3C2A8A03B2248BEA56069D816345F1D2C0CC4741A,True,,False,False,U_NEG_UPSTREAM_WORSENING;D_NEG_NO_MEDIAN_IMPROVEMENT,,False,True,False,True,"[0.0, 38.0, 22.0, 0.0, 0.0, 0.0, 0.0, 0.0, 22.0]",58,0.0,0.0,38.0,52.0,52.0,727.0,0,22,36,58,-0.136,-0.0885,-0.043,-0.028,-0.017,-4.796,6,0.0,0.0,0.0,0.0,0.0,0.0,0,0,6,6,0.011,0.040999999999999995,0.066,0.066,0.066,0.241,201,-61.0,0.0,0.0,0.0,15.0,-2695.0,61,4,136,201,-0.133,-0.038,-0.006,-0.003,-0.001,-7.99,384,-71.0,0.0,0.0,0.0,15.0,-5399.0,133,9,242,384,0.0,0.043,0.07,0.074,0.078,15.882,4032,-73.0,0.0,0.0,5.0,33.0,-35406.0,1109,266,2657,4032,-0.133,0.357,0.894,1.023,1.334,1673.434
A_X068_Y080,68,80,56,80,64,96,243.0,165.0,1.0,825,13200,9751,3449,0.2628030303030303,"{""X2Y1"": 825}",True,NOT_PROVEN_WITHOUT_MOVED_FF_CONTROL_SET_REPLAY,NOT_PROVEN_READ_ONLY_SITE_INVENTORY_ONLY,20,DEST_X3Y1_MAJOR,20,D8DF451BC1C4EF6032E28F4D3065B488CCF48FA9921667AB64B2E0E8D05D4049,True,,False,False,U_NEG_UPSTREAM_WORSENING;U_PASS_UPSTREAM_INCREASE,,False,False,True,True,"[0.0, 44.0, 15.0, 5.0, -7.0, 0.0, 0.0, 0.0, 20.0]",58,0.0,0.0,44.0,52.0,60.0,553.0,0,15,43,58,-0.136,-0.0885,-0.043,-0.028,-0.017,-4.796,6,0.0,29.5,52.0,52.0,52.0,177.0,0,5,1,6,0.011,0.040999999999999995,0.066,0.066,0.066,0.241,201,-59.0,-7.0,0.0,6.0,22.0,-3708.0,108,18,75,201,-0.133,-0.038,-0.006,-0.003,-0.001,-7.99,384,-66.0,0.0,0.0,1.0,22.0,-5248.0,148,20,216,384,0.0,0.043,0.07,0.074,0.078,15.882,4032,-73.0,0.0,0.0,2.0,32.0,-32182.0,1028,224,2780,4032,-0.133,0.357,0.894,1.023,1.334,1673.434
A_X068_Y080,68,80,56,80,64,96,243.0,165.0,1.0,825,13200,9751,3449,0.26295454545454544,"{""X2Y1"": 825}",True,NOT_PROVEN_WITHOUT_MOVED_FF_CONTROL_SET_REPLAY,NOT_PROVEN_READ_ONLY_SITE_INVENTORY_ONLY,22,DEST_MIXED_OR_OTHER,22,62A80A6BF2780309EBB7ACB65499DC33F9E420F49ABAF670FF853CD53D650A7D,True,,False,False,U_NEG_UPSTREAM_WORSENING;U_PASS_UPSTREAM_INCREASE;D_NEG_NO_MEDIAN_IMPROVEMENT,,False,False,False,True,"[0.0, 47.0, 21.0, 1.0, 0.0, 0.0, 0.0, 0.0, 22.0]",58,0.0,0.0,47.0,52.0,55.0,727.0,0,21,37,58,-0.136,-0.0885,-0.043,-0.028,-0.017,-4.796,6,0.0,0.0,47.0,47.0,47.0,47.0,0,1,5,6,0.011,0.040999999999999995,0.066,0.066,0.066,0.241,201,-52.0,0.0,0.0,0.0,11.0,-254.0,8,2,191,201,-0.133,-0.038,-0.006,-0.003,-0.001,-7.99,384,-65.0,0.0,0.0,0.0,15.0,-2587.0,64,9,311,384,0.0,0.043,0.07,0.074,0.078,15.882,4032,-74.0,0.0,0.0,3.0,30.0,-35356.0,1114,252,2666,4032,-0.133,0.357,0.894,1.023,1.334,1673.434
A_X068_Y080,68,80,56,80,64,96,243.0,165.0,1.0,825,13200,9751,3449,0.2625,"{""X2Y1"": 825}",True,NOT_PROVEN_WITHOUT_MOVED_FF_CONTROL_SET_REPLAY,NOT_PROVEN_READ_ONLY_SITE_INVENTORY_ONLY,16,FEATURE_BIN_0,16,25AFEB422DB3BDBEF4DCE97A6D1274116E7B27A3B94E395D479DC22D3DE14FFD,True,,False,False,U_NEG_UPSTREAM_WORSENING;D_NEG_NO_MEDIAN_IMPROVEMENT,,False,True,False,True,"[0.0, 33.0, 16.0, 0.0, 0.0, 0.0, 0.0, 0.0, 16.0]",58,0.0,0.0,33.0,47.0,53.0,533.0,0,16,42,58,-0.136,-0.0885,-0.043,-0.028,-0.017,-4.796,6,0.0,0.0,0.0,0.0,0.0,0.0,0,0,6,6,0.011,0.040999999999999995,0.066,0.066,0.066,0.241,201,-59.0,0.0,0.0,0.0,15.0,-2040.0,56,8,137,201,-0.133,-0.038,-0.006,-0.003,-0.001,-7.99,384,-59.0,0.0,0.0,0.0,13.0,-3796.0,91,5,288,384,0.0,0.043,0.07,0.074,0.078,15.882,4032,-74.0,0.0,0.0,0.0,33.0,-28358.0,859,149,3024,4032,-0.133,0.357,0.894,1.023,1.334,1673.434
A_X068_Y080,68,80,56,80,64,96,243.0,165.0,1.0,825,13200,9751,3449,0.2625,"{""X2Y1"": 825}",True,NOT_PROVEN_WITHOUT_MOVED_FF_CONTROL_SET_REPLAY,NOT_PROVEN_READ_ONLY_SITE_INVENTORY_ONLY,16,FEATURE_BIN_1,16,863B9B0389C1B994C73ED0C57EC56A84FD6D317708E59D47B391DA86E44D3A8E,True,,False,False,U_NEG_UPSTREAM_WORSENING;U_PASS_UPSTREAM_INCREASE;D_NEG_NO_MEDIAN_IMPROVEMENT,,False,False,False,True,"[0.0, 44.0, 14.0, 2.0, 0.0, 0.0, 0.0, 0.0, 16.0]",58,0.0,0.0,44.0,52.0,60.0,514.0,0,14,44,58,-0.136,-0.0885,-0.043,-0.028,-0.017,-4.796,6,0.0,0.0,52.0,52.0,52.0,87.0,0,2,4,6,0.011,0.040999999999999995,0.066,0.066,0.066,0.241,201,-61.0,0.0,0.0,0.0,11.0,-1842.0,43,5,153,201,-0.133,-0.038,-0.006,-0.003,-0.001,-7.99,384,-63.0,0.0,0.0,0.0,11.0,-3381.0,92,12,280,384,0.0,0.043,0.07,0.074,0.078,15.882,4032,-73.0,0.0,0.0,0.0,32.0,-26156.0,803,199,3030,4032,-0.133,0.357,0.894,1.023,1.334,1673.434
A_X068_Y080,68,80,56,80,64,96,243.0,165.0,1.0,825,13200,9751,3449,0.2625,"{""X2Y1"": 825}",True,NOT_PROVEN_WITHOUT_MOVED_FF_CONTROL_SET_REPLAY,NOT_PROVEN_READ_ONLY_SITE_INVENTORY_ONLY,16,FEATURE_BIN_2,16,18F6AC63D50EACD2B5F6CC669CA58252595A0313B759D7A0EC563D4D8CFF4410,True,,False,False,U_NEG_UPSTREAM_WORSENING;U_PASS_UPSTREAM_INCREASE;D_NEG_NO_MEDIAN_IMPROVEMENT,,False,False,False,True,"[0.0, 35.0, 14.0, 2.0, 0.0, 0.0, 0.0, 0.0, 16.0]",58,0.0,0.0,35.0,52.0,52.0,482.0,0,14,44,58,-0.136,-0.0885,-0.043,-0.028,-0.017,-4.796,6,0.0,0.0,52.0,52.0,52.0,76.0,0,2,4,6,0.011,0.040999999999999995,0.066,0.066,0.066,0.241,201,-55.0,0.0,0.0,0.0,9.0,-1823.0,51,6,144,201,-0.133,-0.038,-0.006,-0.003,-0.001,-7.99,384,-70.0,0.0,0.0,0.0,10.0,-2991.0,75,9,300,384,0.0,0.043,0.07,0.074,0.078,15.882,4032,-71.0,0.0,0.0,0.0,19.0,-26730.0,822,174,3036,4032,-0.133,0.357,0.894,1.023,1.334,1673.434
A_X068_Y080,68,80,56,80,64,96,243.0,165.0,1.0,825,13200,9751,3449,0.2625,"{""X2Y1"": 825}",True,NOT_PROVEN_WITHOUT_MOVED_FF_CONTROL_SET_REPLAY,NOT_PROVEN_READ_ONLY_SITE_INVENTORY_ONLY,16,FEATURE_BIN_3,16,6D6B2605916DFCDD525A27838AC825D18C62B807369D6E6322040D77ED73CF54,True,,False,False,U_NEG_UPSTREAM_WORSENING;U_PASS_UPSTREAM_INCREASE;D_NEG_NO_MEDIAN_IMPROVEMENT,,False,False,False,True,"[0.0, 36.0, 14.0, 2.0, 0.0, 0.0, 0.0, 0.0, 16.0]",58,0.0,0.0,36.0,52.0,52.0,478.0,0,14,44,58,-0.136,-0.0885,-0.043,-0.028,-0.017,-4.796,6,0.0,0.0,47.0,47.0,47.0,61.0,0,2,4,6,0.011,0.040999999999999995,0.066,0.066,0.066,0.241,201,-61.0,0.0,0.0,0.0,22.0,-952.0,27,5,169,201,-0.133,-0.038,-0.006,-0.003,-0.001,-7.99,384,-71.0,0.0,0.0,0.0,22.0,-3066.0,87,12,285,384,0.0,0.043,0.07,0.074,0.078,15.882,4032,-73.0,0.0,0.0,2.0,29.0,-21700.0,767,220,3045,4032,-0.133,0.357,0.894,1.023,1.334,1673.434
A_X068_Y084,68,84,56,80,68,100,243.0,161.0,1.0,825,13200,9503,3697,0.2849242424242424,"{""X2Y1"": 825}",True,NOT_PROVEN_WITHOUT_MOVED_FF_CONTROL_SET_REPLAY,NOT_PROVEN_READ_ONLY_SITE_INVENTORY_ONLY,64,ALL_64,64,A49D88051B2D2E5D1255D4F806A7569CDA9B33A650A908566197031349AD8DB4,True,,False,False,U_NEG_UPSTREAM_WORSENING;U_PASS_UPSTREAM_INCREASE,,False,False,True,True,"[26.5, 48.0, 57.0, 6.0, -42.0, 1.0, -42.0, -29.0, 64.0]",58,-2.0,26.5,48.0,49.0,56.0,1775.0,1,57,0,58,-0.136,-0.0885,-0.043,-0.028,-0.017,-4.796,6,10.0,37.0,48.0,48.0,48.0,200.0,0,6,0,6,0.011,0.040999999999999995,0.066,0.066,0.066,0.241,201,-57.0,-42.0,1.0,4.0,18.0,-6891.0,180,21,0,201,-0.133,-0.038,-0.006,-0.003,-0.001,-7.99,384,-69.0,-42.0,-4.0,3.0,18.0,-13634.0,357,26,1,384,0.0,0.043,0.07,0.074,0.078,15.882,4032,-70.0,-29.0,4.0,9.0,29.0,-111294.0,3441,559,32,4032,-0.133,0.357,0.894,1.023,1.334,1673.434
A_X068_Y084,68,84,56,80,68,100,243.0,161.0,1.0,825,13200,9503,3697,0.28174242424242424,"{""X2Y1"": 825}",True,NOT_PROVEN_WITHOUT_MOVED_FF_CONTROL_SET_REPLAY,NOT_PROVEN_READ_ONLY_SITE_INVENTORY_ONLY,22,DEST_X2Y1_MAJOR,22,EC8295A18CFB3214990035A3C2A8A03B2248BEA56069D816345F1D2C0CC4741A,True,,False,False,U_NEG_UPSTREAM_WORSENING;D_NEG_NO_MEDIAN_IMPROVEMENT,,False,True,False,True,"[0.0, 34.0, 21.0, 0.0, 0.0, 0.0, 0.0, 0.0, 22.0]",58,-2.0,0.0,34.0,48.0,48.0,639.0,1,21,36,58,-0.136,-0.0885,-0.043,-0.028,-0.017,-4.796,6,0.0,0.0,0.0,0.0,0.0,0.0,0,0,6,6,0.011,0.040999999999999995,0.066,0.066,0.066,0.241,201,-57.0,0.0,0.0,0.0,11.0,-2665.0,61,4,136,201,-0.133,-0.038,-0.006,-0.003,-0.001,-7.99,384,-69.0,0.0,0.0,0.0,11.0,-5523.0,135,6,243,384,0.0,0.043,0.07,0.074,0.078,15.882,4032,-69.0,0.0,0.0,1.0,29.0,-38266.0,1157,219,2656,4032,-0.133,0.357,0.894,1.023,1.334,1673.434
A_X068_Y084,68,84,56,80,68,100,243.0,161.0,1.0,825,13200,9503,3697,0.2815909090909091,"{""X2Y1"": 825}",True,NOT_PROVEN_WITHOUT_MOVED_FF_CONTROL_SET_REPLAY,NOT_PROVEN_READ_ONLY_SITE_INVENTORY_ONLY,20,DEST_X3Y1_MAJOR,20,D8DF451BC1C4EF6032E28F4D3065B488CCF48FA9921667AB64B2E0E8D05D4049,True,,False,False,U_NEG_UPSTREAM_WORSENING;U_PASS_UPSTREAM_INCREASE,,False,False,True,True,"[0.0, 40.0, 15.0, 5.0, -11.0, 0.0, 0.0, 0.0, 20.0]",58,0.0,0.0,40.0,48.0,56.0,493.0,0,15,43,58,-0.136,-0.0885,-0.043,-0.028,-0.017,-4.796,6,0.0,25.5,48.0,48.0,48.0,157.0,0,5,1,6,0.011,0.040999999999999995,0.066,0.066,0.066,0.241,201,-55.0,-11.0,0.0,2.0,18.0,-3950.0,111,15,75,201,-0.133,-0.038,-0.006,-0.003,-0.001,-7.99,384,-66.0,0.0,0.0,0.0,18.0,-5492.0,158,11,215,384,0.0,0.043,0.07,0.074,0.078,15.882,4032,-69.0,0.0,0.0,0.0,28.0,-34778.0,1081,167,2784,4032,-0.133,0.357,0.894,1.023,1.334,1673.434
A_X068_Y084,68,84,56,80,68,100,243.0,161.0,1.0,825,13200,9503,3697,0.28174242424242424,"{""X2Y1"": 825}",True,NOT_PROVEN_WITHOUT_MOVED_FF_CONTROL_SET_REPLAY,NOT_PROVEN_READ_ONLY_SITE_INVENTORY_ONLY,22,DEST_MIXED_OR_OTHER,22,62A80A6BF2780309EBB7ACB65499DC33F9E420F49ABAF670FF853CD53D650A7D,True,,False,False,U_NEG_UPSTREAM_WORSENING;U_PASS_UPSTREAM_INCREASE;D_NEG_NO_MEDIAN_IMPROVEMENT,,False,False,False,True,"[0.0, 43.0, 21.0, 1.0, 0.0, 0.0, 0.0, 0.0, 22.0]",58,0.0,0.0,43.0,48.0,51.0,643.0,0,21,37,58,-0.136,-0.0885,-0.043,-0.028,-0.017,-4.796,6,0.0,0.0,43.0,43.0,43.0,43.0,0,1,5,6,0.011,0.040999999999999995,0.066,0.066,0.066,0.241,201,-54.0,0.0,0.0,0.0,7.0,-276.0,8,2,191,201,-0.133,-0.038,-0.006,-0.003,-0.001,-7.99,384,-62.0,0.0,0.0,0.0,11.0,-2619.0,64,9,311,384,0.0,0.043,0.07,0.074,0.078,15.882,4032,-70.0,0.0,0.0,0.0,26.0,-38250.0,1203,173,2656,4032,-0.133,0.357,0.894,1.023,1.334,1673.434
A_X068_Y084,68,84,56,80,68,100,243.0,161.0,1.0,825,13200,9503,3697,0.2812878787878788,"{""X2Y1"": 825}",True,NOT_PROVEN_WITHOUT_MOVED_FF_CONTROL_SET_REPLAY,NOT_PROVEN_READ_ONLY_SITE_INVENTORY_ONLY,16,FEATURE_BIN_0,16,25AFEB422DB3BDBEF4DCE97A6D1274116E7B27A3B94E395D479DC22D3DE14FFD,True,,False,False,U_NEG_UPSTREAM_WORSENING;D_NEG_NO_MEDIAN_IMPROVEMENT,,False,True,False,True,"[0.0, 29.0, 16.0, 0.0, 0.0, 0.0, 0.0, 0.0, 16.0]",58,0.0,0.0,29.0,43.0,49.0,469.0,0,16,42,58,-0.136,-0.0885,-0.043,-0.028,-0.017,-4.796,6,0.0,0.0,0.0,0.0,0.0,0.0,0,0,6,6,0.011,0.040999999999999995,0.066,0.066,0.066,0.241,201,-55.0,0.0,0.0,0.0,11.0,-2174.0,56,8,137,201,-0.133,-0.038,-0.006,-0.003,-0.001,-7.99,384,-62.0,0.0,0.0,0.0,9.0,-3908.0,93,3,288,384,0.0,0.043,0.07,0.074,0.078,15.882,4032,-70.0,0.0,0.0,0.0,29.0,-30482.0,895,105,3032,4032,-0.133,0.357,0.894,1.023,1.334,1673.434
A_X068_Y084,68,84,56,80,68,100,243.0,161.0,1.0,825,13200,9503,3697,0.2812878787878788,"{""X2Y1"": 825}",True,NOT_PROVEN_WITHOUT_MOVED_FF_CONTROL_SET_REPLAY,NOT_PROVEN_READ_ONLY_SITE_INVENTORY_ONLY,16,FEATURE_BIN_1,16,863B9B0389C1B994C73ED0C57EC56A84FD6D317708E59D47B391DA86E44D3A8E,True,,False,False,U_NEG_UPSTREAM_WORSENING;U_PASS_UPSTREAM_INCREASE;D_NEG_NO_MEDIAN_IMPROVEMENT,,False,False,False,True,"[0.0, 40.0, 14.0, 2.0, 0.0, 0.0, 0.0, 0.0, 16.0]",58,0.0,0.0,40.0,48.0,56.0,458.0,0,14,44,58,-0.136,-0.0885,-0.043,-0.028,-0.017,-4.796,6,0.0,0.0,48.0,48.0,48.0,79.0,0,2,4,6,0.011,0.040999999999999995,0.066,0.066,0.066,0.241,201,-57.0,0.0,0.0,0.0,7.0,-1836.0,44,4,153,201,-0.133,-0.038,-0.006,-0.003,-0.001,-7.99,384,-59.0,0.0,0.0,0.0,7.0,-3491.0,94,9,281,384,0.0,0.043,0.07,0.074,0.078,15.882,4032,-69.0,0.0,0.0,0.0,28.0,-28122.0,856,151,3025,4032,-0.133,0.357,0.894,1.023,1.334,1673.434
A_X068_Y084,68,84,56,80,68,100,243.0,161.0,1.0,825,13200,9503,3697,0.2812878787878788,"{""X2Y1"": 825}",True,NOT_PROVEN_WITHOUT_MOVED_FF_CONTROL_SET_REPLAY,NOT_PROVEN_READ_ONLY_SITE_INVENTORY_ONLY,16,FEATURE_BIN_2,16,18F6AC63D50EACD2B5F6CC669CA58252595A0313B759D7A0EC563D4D8CFF4410,True,,False,False,U_NEG_UPSTREAM_WORSENING;U_PASS_UPSTREAM_INCREASE;D_NEG_NO_MEDIAN_IMPROVEMENT,,False,False,False,True,"[0.0, 31.0, 13.0, 2.0, 0.0, 0.0, 0.0, 0.0, 16.0]",58,-2.0,0.0,31.0,48.0,48.0,426.0,1,13,44,58,-0.136,-0.0885,-0.043,-0.028,-0.017,-4.796,6,0.0,0.0,48.0,48.0,48.0,68.0,0,2,4,6,0.011,0.040999999999999995,0.066,0.066,0.066,0.241,201,-51.0,0.0,0.0,0.0,5.0,-1929.0,52,5,144,201,-0.133,-0.038,-0.006,-0.003,-0.001,-7.99,384,-66.0,0.0,0.0,0.0,6.0,-3091.0,81,4,299,384,0.0,0.043,0.07,0.074,0.078,15.882,4032,-67.0,0.0,0.0,0.0,15.0,-28892.0,882,123,3027,4032,-0.133,0.357,0.894,1.023,1.334,1673.434
A_X068_Y084,68,84,56,80,68,100,243.0,161.0,1.0,825,13200,9503,3697,0.2812878787878788,"{""X2Y1"": 825}",True,NOT_PROVEN_WITHOUT_MOVED_FF_CONTROL_SET_REPLAY,NOT_PROVEN_READ_ONLY_SITE_INVENTORY_ONLY,16,FEATURE_BIN_3,16,6D6B2605916DFCDD525A27838AC825D18C62B807369D6E6322040D77ED73CF54,True,,False,False,U_NEG_UPSTREAM_WORSENING;U_PASS_UPSTREAM_INCREASE;D_NEG_NO_MEDIAN_IMPROVEMENT,,False,False,False,True,"[0.0, 32.0, 14.0, 2.0, 0.0, 0.0, 0.0, 0.0, 16.0]",58,0.0,0.0,32.0,48.0,48.0,422.0,0,14,44,58,-0.136,-0.0885,-0.043,-0.028,-0.017,-4.796,6,0.0,0.0,43.0,43.0,43.0,53.0,0,2,4,6,0.011,0.040999999999999995,0.066,0.066,0.066,0.241,201,-57.0,0.0,0.0,0.0,18.0,-952.0,28,4,169,201,-0.133,-0.038,-0.006,-0.003,-0.001,-7.99,384,-69.0,0.0,0.0,0.0,18.0,-3144.0,89,10,285,384,0.0,0.043,0.07,0.074,0.078,15.882,4032,-69.0,0.0,0.0,0.0,25.0,-23798.0,808,180,3044,4032,-0.133,0.357,0.894,1.023,1.334,1673.434
A_X068_Y088,68,88,56,80,72,104,243.0,157.0,1.0,825,13200,9373,3827,0.2947727272727273,"{""X2Y1"": 825}",True,NOT_PROVEN_WITHOUT_MOVED_FF_CONTROL_SET_REPLAY,NOT_PROVEN_READ_ONLY_SITE_INVENTORY_ONLY,64,ALL_64,64,A49D88051B2D2E5D1255D4F806A7569CDA9B33A650A908566197031349AD8DB4,True,,False,False,U_NEG_UPSTREAM_WORSENING;U_PASS_UPSTREAM_INCREASE,,False,False,True,True,"[22.5, 44.0, 57.0, 6.0, -41.0, -3.0, -41.5, -33.0, 64.0]",58,-6.0,22.5,44.0,45.0,52.0,1543.0,1,57,0,58,-0.136,-0.0885,-0.043,-0.028,-0.017,-4.796,6,6.0,33.0,44.0,44.0,44.0,176.0,0,6,0,6,0.011,0.040999999999999995,0.066,0.066,0.066,0.241,201,-53.0,-41.0,-3.0,0.0,14.0,-6967.0,189,9,3,201,-0.133,-0.038,-0.006,-0.003,-0.001,-7.99,384,-66.0,-41.5,-8.0,-1.0,14.0,-13792.0,368,12,4,384,0.0,0.043,0.07,0.074,0.078,15.882,4032,-66.0,-33.0,0.0,5.0,25.0,-117518.0,3620,361,51,4032,-0.133,0.357,0.894,1.023,1.334,1673.434
A_X068_Y088,68,88,56,80,72,104,243.0,157.0,1.0,825,13200,9373,3827,0.29159090909090907,"{""X2Y1"": 825}",True,NOT_PROVEN_WITHOUT_MOVED_FF_CONTROL_SET_REPLAY,NOT_PROVEN_READ_ONLY_SITE_INVENTORY_ONLY,22,DEST_X2Y1_MAJOR,22,EC8295A18CFB3214990035A3C2A8A03B2248BEA56069D816345F1D2C0CC4741A,True,,False,False,U_NEG_UPSTREAM_WORSENING;D_NEG_NO_MEDIAN_IMPROVEMENT,,False,True,False,True,"[0.0, 30.0, 21.0, 0.0, 0.0, 0.0, 0.0, 0.0, 22.0]",58,-6.0,0.0,30.0,44.0,44.0,551.0,1,21,36,58,-0.136,-0.0885,-0.043,-0.028,-0.017,-4.796,6,0.0,0.0,0.0,0.0,0.0,0.0,0,0,6,6,0.011,0.040999999999999995,0.066,0.066,0.066,0.241,201,-53.0,0.0,0.0,0.0,7.0,-2589.0,62,2,137,201,-0.133,-0.038,-0.006,-0.003,-0.001,-7.99,384,-65.0,0.0,0.0,0.0,7.0,-5575.0,138,4,242,384,0.0,0.043,0.07,0.074,0.078,15.882,4032,-65.0,0.0,0.0,0.0,25.0,-40310.0,1225,141,2666,4032,-0.133,0.357,0.894,1.023,1.334,1673.434
A_X068_Y088,68,88,56,80,72,104,243.0,157.0,1.0,825,13200,9373,3827,0.29143939393939394,"{""X2Y1"": 825}",True,NOT_PROVEN_WITHOUT_MOVED_FF_CONTROL_SET_REPLAY,NOT_PROVEN_READ_ONLY_SITE_INVENTORY_ONLY,20,DEST_X3Y1_MAJOR,20,D8DF451BC1C4EF6032E28F4D3065B488CCF48FA9921667AB64B2E0E8D05D4049,True,,False,False,U_NEG_UPSTREAM_WORSENING;U_PASS_UPSTREAM_INCREASE,,False,False,True,True,"[0.0, 36.0, 15.0, 5.0, -15.0, 0.0, 0.0, 0.0, 20.0]",58,0.0,0.0,36.0,44.0,52.0,433.0,0,15,43,58,-0.136,-0.0885,-0.043,-0.028,-0.017,-4.796,6,0.0,21.5,44.0,44.0,44.0,137.0,0,5,1,6,0.011,0.040999999999999995,0.066,0.066,0.066,0.241,201,-51.0,-15.0,0.0,0.0,14.0,-4088.0,118,6,77,201,-0.133,-0.038,-0.006,-0.003,-0.001,-7.99,384,-62.0,0.0,0.0,0.0,14.0,-5610.0,163,2,219,384,0.0,0.043,0.07,0.074,0.078,15.882,4032,-65.0,0.0,0.0,0.0,24.0,-36732.0,1133,108,2791,4032,-0.133,0.357,0.894,1.023,1.334,1673.434
A_X068_Y088,68,88,56,80,72,104,243.0,157.0,1.0,825,13200,9373,3827,0.29159090909090907,"{""X2Y1"": 825}",True,NOT_PROVEN_WITHOUT_MOVED_FF_CONTROL_SET_REPLAY,NOT_PROVEN_READ_ONLY_SITE_INVENTORY_ONLY,22,DEST_MIXED_OR_OTHER,22,62A80A6BF2780309EBB7ACB65499DC33F9E420F49ABAF670FF853CD53D650A7D,True,,False,False,U_NEG_UPSTREAM_WORSENING;U_PASS_UPSTREAM_INCREASE;D_NEG_NO_MEDIAN_IMPROVEMENT,,False,False,False,True,"[0.0, 39.0, 21.0, 1.0, 0.0, 0.0, 0.0, 0.0, 22.0]",58,0.0,0.0,39.0,44.0,47.0,559.0,0,21,37,58,-0.136,-0.0885,-0.043,-0.028,-0.017,-4.796,6,0.0,0.0,39.0,39.0,39.0,39.0,0,1,5,6,0.011,0.040999999999999995,0.066,0.066,0.066,0.241,201,-50.0,0.0,0.0,0.0,3.0,-290.0,9,1,191,201,-0.133,-0.038,-0.006,-0.003,-0.001,-7.99,384,-66.0,0.0,0.0,0.0,7.0,-2607.0,67,6,311,384,0.0,0.043,0.07,0.074,0.078,15.882,4032,-66.0,0.0,0.0,0.0,22.0,-40476.0,1262,112,2658,4032,-0.133,0.357,0.894,1.023,1.334,1673.434
A_X068_Y088,68,88,56,80,72,104,243.0,157.0,1.0,825,13200,9373,3827,0.29113636363636364,"{""X2Y1"": 825}",True,NOT_PROVEN_WITHOUT_MOVED_FF_CONTROL_SET_REPLAY,NOT_PROVEN_READ_ONLY_SITE_INVENTORY_ONLY,16,FEATURE_BIN_0,16,25AFEB422DB3BDBEF4DCE97A6D1274116E7B27A3B94E395D479DC22D3DE14FFD,True,,False,False,U_NEG_UPSTREAM_WORSENING;D_NEG_NO_MEDIAN_IMPROVEMENT,,False,True,False,True,"[0.0, 25.0, 16.0, 0.0, 0.0, 0.0, 0.0, 0.0, 16.0]",58,0.0,0.0,25.0,39.0,45.0,405.0,0,16,42,58,-0.136,-0.0885,-0.043,-0.028,-0.017,-4.796,6,0.0,0.0,0.0,0.0,0.0,0.0,0,0,6,6,0.011,0.040999999999999995,0.066,0.066,0.066,0.241,201,-51.0,0.0,0.0,0.0,7.0,-2256.0,60,2,139,201,-0.133,-0.038,-0.006,-0.003,-0.001,-7.99,384,-66.0,0.0,0.0,0.0,5.0,-3930.0,94,2,288,384,0.0,0.043,0.07,0.074,0.078,15.882,4032,-66.0,0.0,0.0,0.0,25.0,-32032.0,950,48,3034,4032,-0.133,0.357,0.894,1.023,1.334,1673.434
A_X068_Y088,68,88,56,80,72,104,243.0,157.0,1.0,825,13200,9373,3827,0.29113636363636364,"{""X2Y1"": 825}",True,NOT_PROVEN_WITHOUT_MOVED_FF_CONTROL_SET_REPLAY,NOT_PROVEN_READ_ONLY_SITE_INVENTORY_ONLY,16,FEATURE_BIN_1,16,863B9B0389C1B994C73ED0C57EC56A84FD6D317708E59D47B391DA86E44D3A8E,True,,False,False,U_NEG_UPSTREAM_WORSENING;U_PASS_UPSTREAM_INCREASE;D_NEG_NO_MEDIAN_IMPROVEMENT,,False,False,False,True,"[0.0, 36.0, 14.0, 2.0, 0.0, 0.0, 0.0, 0.0, 16.0]",58,0.0,0.0,36.0,44.0,52.0,402.0,0,14,44,58,-0.136,-0.0885,-0.043,-0.028,-0.017,-4.796,6,0.0,0.0,44.0,44.0,44.0,71.0,0,2,4,6,0.011,0.040999999999999995,0.066,0.066,0.066,0.241,201,-53.0,0.0,0.0,0.0,3.0,-1806.0,45,3,153,201,-0.133,-0.038,-0.006,-0.003,-0.001,-7.99,384,-59.0,0.0,0.0,0.0,3.0,-3581.0,100,3,281,384,0.0,0.043,0.07,0.074,0.078,15.882,4032,-65.0,0.0,0.0,0.0,24.0,-29598.0,910,95,3027,4032,-0.133,0.357,0.894,1.023,1.334,1673.434
A_X068_Y088,68,88,56,80,72,104,243.0,157.0,1.0,825,13200,9373,3827,0.29113636363636364,"{""X2Y1"": 825}",True,NOT_PROVEN_WITHOUT_MOVED_FF_CONTROL_SET_REPLAY,NOT_PROVEN_READ_ONLY_SITE_INVENTORY_ONLY,16,FEATURE_BIN_2,16,18F6AC63D50EACD2B5F6CC669CA58252595A0313B759D7A0EC563D4D8CFF4410,True,,False,False,U_NEG_UPSTREAM_WORSENING;U_PASS_UPSTREAM_INCREASE;D_NEG_NO_MEDIAN_IMPROVEMENT,,False,False,False,True,"[0.0, 27.0, 13.0, 2.0, 0.0, 0.0, 0.0, 0.0, 16.0]",58,-6.0,0.0,27.0,44.0,44.0,370.0,1,13,44,58,-0.136,-0.0885,-0.043,-0.028,-0.017,-4.796,6,0.0,0.0,44.0,44.0,44.0,60.0,0,2,4,6,0.011,0.040999999999999995,0.066,0.066,0.066,0.241,201,-47.0,0.0,0.0,0.0,1.0,-1971.0,56,1,144,201,-0.133,-0.038,-0.006,-0.003,-0.001,-7.99,384,-62.0,0.0,0.0,0.0,2.0,-3103.0,84,1,299,384,0.0,0.043,0.07,0.074,0.078,15.882,4032,-63.0,0.0,0.0,0.0,11.0,-30436.0,927,71,3034,4032,-0.133,0.357,0.894,1.023,1.334,1673.434
A_X068_Y088,68,88,56,80,72,104,243.0,157.0,1.0,825,13200,9373,3827,0.29113636363636364,"{""X2Y1"": 825}",True,NOT_PROVEN_WITHOUT_MOVED_FF_CONTROL_SET_REPLAY,NOT_PROVEN_READ_ONLY_SITE_INVENTORY_ONLY,16,FEATURE_BIN_3,16,6D6B2605916DFCDD525A27838AC825D18C62B807369D6E6322040D77ED73CF54,True,,False,False,U_NEG_UPSTREAM_WORSENING;U_PASS_UPSTREAM_INCREASE;D_NEG_NO_MEDIAN_IMPROVEMENT,,False,False,False,True,"[0.0, 28.0, 14.0, 2.0, 0.0, 0.0, 0.0, 0.0, 16.0]",58,0.0,0.0,28.0,44.0,44.0,366.0,0,14,44,58,-0.136,-0.0885,-0.043,-0.028,-0.017,-4.796,6,0.0,0.0,39.0,39.0,39.0,45.0,0,2,4,6,0.011,0.040999999999999995,0.066,0.066,0.066,0.241,201,-53.0,0.0,0.0,0.0,14.0,-934.0,28,3,170,201,-0.133,-0.038,-0.006,-0.003,-0.001,-7.99,384,-65.0,0.0,0.0,0.0,14.0,-3178.0,90,6,288,384,0.0,0.043,0.07,0.074,0.078,15.882,4032,-65.0,0.0,0.0,0.0,21.0,-25452.0,833,147,3052,4032,-0.133,0.357,0.894,1.023,1.334,1673.434
A_X068_Y092,68,92,56,80,76,108,243.0,152.0,1.0,825,13200,9423,3777,0.29098484848484846,"{""X2Y1"": 825}",True,NOT_PROVEN_WITHOUT_MOVED_FF_CONTROL_SET_REPLAY,NOT_PROVEN_READ_ONLY_SITE_INVENTORY_ONLY,64,ALL_64,64,A49D88051B2D2E5D1255D4F806A7569CDA9B33A650A908566197031349AD8DB4,True,,False,False,U_NEG_UPSTREAM_WORSENING;U_PASS_UPSTREAM_INCREASE,,False,False,True,True,"[17.5, 39.0, 56.0, 6.0, -39.0, -8.0, -39.0, -35.0, 64.0]",58,-11.0,17.5,39.0,40.0,47.0,1253.0,2,56,0,58,-0.136,-0.0885,-0.043,-0.028,-0.017,-4.796,6,1.0,28.0,39.0,39.0,39.0,146.0,0,6,0,6,0.011,0.040999999999999995,0.066,0.066,0.066,0.241,201,-52.0,-39.0,-8.0,-5.0,9.0,-6814.0,196,5,0,201,-0.133,-0.038,-0.006,-0.003,-0.001,-7.99,384,-61.0,-39.0,-13.0,-6.0,9.0,-13454.0,378,5,1,384,0.0,0.043,0.07,0.074,0.078,15.882,4032,-61.0,-35.0,-5.0,0.0,20.0,-122386.0,3814,188,30,4032,-0.133,0.357,0.894,1.023,1.334,1673.434
A_X068_Y092,68,92,56,80,76,108,243.0,152.0,1.0,825,13200,9423,3777,0.2878030303030303,"{""X2Y1"": 825}",True,NOT_PROVEN_WITHOUT_MOVED_FF_CONTROL_SET_REPLAY,NOT_PROVEN_READ_ONLY_SITE_INVENTORY_ONLY,22,DEST_X2Y1_MAJOR,22,EC8295A18CFB3214990035A3C2A8A03B2248BEA56069D816345F1D2C0CC4741A,True,,False,False,U_NEG_UPSTREAM_WORSENING;D_NEG_NO_MEDIAN_IMPROVEMENT,,False,True,False,True,"[0.0, 25.0, 21.0, 0.0, 0.0, 0.0, 0.0, 0.0, 22.0]",58,-11.0,0.0,25.0,39.0,39.0,441.0,1,21,36,58,-0.136,-0.0885,-0.043,-0.028,-0.017,-4.796,6,0.0,0.0,0.0,0.0,0.0,0.0,0,0,6,6,0.011,0.040999999999999995,0.066,0.066,0.066,0.241,201,-52.0,0.0,0.0,0.0,2.0,-2436.0,63,2,136,201,-0.133,-0.038,-0.006,-0.003,-0.001,-7.99,384,-60.0,0.0,0.0,0.0,2.0,-5399.0,140,1,243,384,0.0,0.043,0.07,0.074,0.078,15.882,4032,-60.0,0.0,0.0,0.0,20.0,-41866.0,1299,73,2660,4032,-0.133,0.357,0.894,1.023,1.334,1673.434
A_X068_Y092,68,92,56,80,76,108,243.0,152.0,1.0,825,13200,9423,3777,0.28765151515151516,"{""X2Y1"": 825}",True,NOT_PROVEN_WITHOUT_MOVED_FF_CONTROL_SET_REPLAY,NOT_PROVEN_READ_ONLY_SITE_INVENTORY_ONLY,20,DEST_X3Y1_MAJOR,20,D8DF451BC1C4EF6032E28F4D3065B488CCF48FA9921667AB64B2E0E8D05D4049,True,,False,False,U_NEG_UPSTREAM_WORSENING;U_PASS_UPSTREAM_INCREASE,,False,False,True,True,"[0.0, 31.0, 14.0, 5.0, -20.0, 0.0, 0.0, 0.0, 20.0]",58,-1.0,0.0,31.0,39.0,47.0,358.0,1,14,43,58,-0.136,-0.0885,-0.043,-0.028,-0.017,-4.796,6,0.0,16.5,39.0,39.0,39.0,112.0,0,5,1,6,0.011,0.040999999999999995,0.066,0.066,0.066,0.241,201,-46.0,-20.0,0.0,0.0,9.0,-4078.0,123,3,75,201,-0.133,-0.038,-0.006,-0.003,-0.001,-7.99,384,-57.0,0.0,0.0,0.0,9.0,-5559.0,168,1,215,384,0.0,0.043,0.07,0.074,0.078,15.882,4032,-60.0,0.0,0.0,0.0,19.0,-38276.0,1195,63,2774,4032,-0.133,0.357,0.894,1.023,1.334,1673.434
A_X068_Y092,68,92,56,80,76,108,243.0,152.0,1.0,825,13200,9423,3777,0.2878030303030303,"{""X2Y1"": 825}",True,NOT_PROVEN_WITHOUT_MOVED_FF_CONTROL_SET_REPLAY,NOT_PROVEN_READ_ONLY_SITE_INVENTORY_ONLY,22,DEST_MIXED_OR_OTHER,22,62A80A6BF2780309EBB7ACB65499DC33F9E420F49ABAF670FF853CD53D650A7D,True,,False,False,U_NEG_UPSTREAM_WORSENING;U_PASS_UPSTREAM_INCREASE;D_NEG_NO_MEDIAN_IMPROVEMENT,,False,False,False,True,"[0.0, 34.0, 21.0, 1.0, 0.0, 0.0, 0.0, 0.0, 22.0]",58,0.0,0.0,34.0,39.0,42.0,454.0,0,21,37,58,-0.136,-0.0885,-0.043,-0.028,-0.017,-4.796,6,0.0,0.0,34.0,34.0,34.0,34.0,0,1,5,6,0.011,0.040999999999999995,0.066,0.066,0.066,0.241,201,-45.0,0.0,0.0,0.0,0.0,-300.0,10,0,191,201,-0.133,-0.038,-0.006,-0.003,-0.001,-7.99,384,-61.0,0.0,0.0,0.0,2.0,-2496.0,70,3,311,384,0.0,0.043,0.07,0.074,0.078,15.882,4032,-61.0,0.0,0.0,0.0,17.0,-42244.0,1320,52,2660,4032,-0.133,0.357,0.894,1.023,1.334,1673.434
A_X068_Y092,68,92,56,80,76,108,243.0,152.0,1.0,825,13200,9423,3777,0.28734848484848485,"{""X2Y1"": 825}",True,NOT_PROVEN_WITHOUT_MOVED_FF_CONTROL_SET_REPLAY,NOT_PROVEN_READ_ONLY_SITE_INVENTORY_ONLY,16,FEATURE_BIN_0,16,25AFEB422DB3BDBEF4DCE97A6D1274116E7B27A3B94E395D479DC22D3DE14FFD,True,,False,False,U_NEG_UPSTREAM_WORSENING;D_NEG_NO_MEDIAN_IMPROVEMENT,,False,True,False,True,"[0.0, 20.0, 16.0, 0.0, 0.0, 0.0, 0.0, 0.0, 16.0]",58,0.0,0.0,20.0,34.0,40.0,325.0,0,16,42,58,-0.136,-0.0885,-0.043,-0.028,-0.017,-4.796,6,0.0,0.0,0.0,0.0,0.0,0.0,0,0,6,6,0.011,0.040999999999999995,0.066,0.066,0.066,0.241,201,-46.0,0.0,0.0,0.0,2.0,-2268.0,62,2,137,201,-0.133,-0.038,-0.006,-0.003,-0.001,-7.99,384,-61.0,0.0,0.0,0.0,0.0,-3770.0,95,0,289,384,0.0,0.043,0.07,0.074,0.078,15.882,4032,-61.0,0.0,0.0,0.0,20.0,-33028.0,988,18,3026,4032,-0.133,0.357,0.894,1.023,1.334,1673.434
A_X068_Y092,68,92,56,80,76,108,243.0,152.0,1.0,825,13200,9423,3777,0.28734848484848485,"{""X2Y1"": 825}",True,NOT_PROVEN_WITHOUT_MOVED_FF_CONTROL_SET_REPLAY,NOT_PROVEN_READ_ONLY_SITE_INVENTORY_ONLY,16,FEATURE_BIN_1,16,863B9B0389C1B994C73ED0C57EC56A84FD6D317708E59D47B391DA86E44D3A8E,True,,False,False,U_NEG_UPSTREAM_WORSENING;U_PASS_UPSTREAM_INCREASE;D_NEG_NO_MEDIAN_IMPROVEMENT,,False,False,False,True,"[0.0, 31.0, 13.0, 2.0, 0.0, 0.0, 0.0, 0.0, 16.0]",58,-1.0,0.0,31.0,39.0,47.0,332.0,1,13,44,58,-0.136,-0.0885,-0.043,-0.028,-0.017,-4.796,6,0.0,0.0,39.0,39.0,39.0,61.0,0,2,4,6,0.011,0.040999999999999995,0.066,0.066,0.066,0.241,201,-48.0,0.0,0.0,0.0,0.0,-1728.0,48,0,153,201,-0.133,-0.038,-0.006,-0.003,-0.001,-7.99,384,-54.0,0.0,0.0,0.0,0.0,-3593.0,104,0,280,384,0.0,0.043,0.07,0.074,0.078,15.882,4032,-60.0,0.0,0.0,0.0,19.0,-30928.0,957,43,3032,4032,-0.133,0.357,0.894,1.023,1.334,1673.434
A_X068_Y092,68,92,56,80,76,108,243.0,152.0,1.0,825,13200,9423,3777,0.28734848484848485,"{""X2Y1"": 825}",True,NOT_PROVEN_WITHOUT_MOVED_FF_CONTROL_SET_REPLAY,NOT_PROVEN_READ_ONLY_SITE_INVENTORY_ONLY,16,FEATURE_BIN_2,16,18F6AC63D50EACD2B5F6CC669CA58252595A0313B759D7A0EC563D4D8CFF4410,True,,False,False,U_NEG_UPSTREAM_WORSENING;U_PASS_UPSTREAM_INCREASE;D_NEG_NO_MEDIAN_IMPROVEMENT,,False,False,False,True,"[0.0, 22.0, 13.0, 2.0, 0.0, 0.0, 0.0, 0.0, 16.0]",58,-11.0,0.0,22.0,39.0,39.0,300.0,1,13,44,58,-0.136,-0.0885,-0.043,-0.028,-0.017,-4.796,6,0.0,0.0,39.0,39.0,39.0,50.0,0,2,4,6,0.011,0.040999999999999995,0.066,0.066,0.066,0.241,201,-52.0,0.0,0.0,0.0,0.0,-1932.0,57,0,144,201,-0.133,-0.038,-0.006,-0.003,-0.001,-7.99,384,-57.0,0.0,0.0,0.0,0.0,-2992.0,85,0,299,384,0.0,0.043,0.07,0.074,0.078,15.882,4032,-58.0,0.0,0.0,0.0,6.0,-31580.0,972,35,3025,4032,-0.133,0.357,0.894,1.023,1.334,1673.434
A_X068_Y092,68,92,56,80,76,108,243.0,152.0,1.0,825,13200,9423,3777,0.28734848484848485,"{""X2Y1"": 825}",True,NOT_PROVEN_WITHOUT_MOVED_FF_CONTROL_SET_REPLAY,NOT_PROVEN_READ_ONLY_SITE_INVENTORY_ONLY,16,FEATURE_BIN_3,16,6D6B2605916DFCDD525A27838AC825D18C62B807369D6E6322040D77ED73CF54,True,,False,False,U_NEG_UPSTREAM_WORSENING;U_PASS_UPSTREAM_INCREASE;D_NEG_NO_MEDIAN_IMPROVEMENT,,False,False,False,True,"[0.0, 23.0, 14.0, 2.0, 0.0, 0.0, 0.0, 0.0, 16.0]",58,0.0,0.0,23.0,39.0,39.0,296.0,0,14,44,58,-0.136,-0.0885,-0.043,-0.028,-0.017,-4.796,6,0.0,0.0,34.0,34.0,34.0,35.0,0,2,4,6,0.011,0.040999999999999995,0.066,0.066,0.066,0.241,201,-48.0,0.0,0.0,0.0,9.0,-886.0,29,3,169,201,-0.133,-0.038,-0.006,-0.003,-0.001,-7.99,384,-60.0,0.0,0.0,0.0,9.0,-3099.0,94,5,285,384,0.0,0.043,0.07,0.074,0.078,15.882,4032,-60.0,0.0,0.0,0.0,16.0,-26850.0,897,92,3043,4032,-0.133,0.357,0.894,1.023,1.334,1673.434
A_X068_Y096,68,96,56,80,80,112,243.0,148.0,1.0,825,13200,9423,3777,0.29098484848484846,"{""X2Y1"": 825}",True,NOT_PROVEN_WITHOUT_MOVED_FF_CONTROL_SET_REPLAY,NOT_PROVEN_READ_ONLY_SITE_INVENTORY_ONLY,64,ALL_64,64,A49D88051B2D2E5D1255D4F806A7569CDA9B33A650A908566197031349AD8DB4,True,,False,False,U_NEG_UPSTREAM_WORSENING;U_PASS_UPSTREAM_INCREASE,,False,False,True,True,"[13.5, 35.0, 54.0, 5.0, -37.0, -12.0, -35.0, -34.0, 64.0]",58,-15.0,13.5,35.0,36.0,43.0,1021.0,4,54,0,58,-0.136,-0.0885,-0.043,-0.028,-0.017,-4.796,6,-3.0,24.0,35.0,35.0,35.0,122.0,1,5,0,6,0.011,0.040999999999999995,0.066,0.066,0.066,0.241,201,-52.0,-37.0,-12.0,-9.0,5.0,-6554.0,198,3,0,201,-0.133,-0.038,-0.006,-0.003,-0.001,-7.99,384,-57.0,-35.0,-17.0,-10.0,5.0,-12886.0,383,1,0,384,0.0,0.043,0.07,0.074,0.078,15.882,4032,-57.0,-34.0,-9.0,-4.0,16.0,-123254.0,3906,99,27,4032,-0.133,0.357,0.894,1.023,1.334,1673.434
A_X068_Y096,68,96,56,80,80,112,243.0,148.0,1.0,825,13200,9423,3777,0.2878030303030303,"{""X2Y1"": 825}",True,NOT_PROVEN_WITHOUT_MOVED_FF_CONTROL_SET_REPLAY,NOT_PROVEN_READ_ONLY_SITE_INVENTORY_ONLY,22,DEST_X2Y1_MAJOR,22,EC8295A18CFB3214990035A3C2A8A03B2248BEA56069D816345F1D2C0CC4741A,True,,False,False,U_NEG_UPSTREAM_WORSENING;D_NEG_NO_MEDIAN_IMPROVEMENT,,False,True,False,True,"[0.0, 21.0, 20.0, 0.0, 0.0, 0.0, 0.0, 0.0, 22.0]",58,-15.0,0.0,21.0,35.0,35.0,353.0,2,20,36,58,-0.136,-0.0885,-0.043,-0.028,-0.017,-4.796,6,0.0,0.0,0.0,0.0,0.0,0.0,0,0,6,6,0.011,0.040999999999999995,0.066,0.066,0.066,0.241,201,-52.0,0.0,0.0,0.0,0.0,-2270.0,65,0,136,201,-0.133,-0.038,-0.006,-0.003,-0.001,-7.99,384,-56.0,0.0,0.0,0.0,0.0,-5109.0,142,0,242,384,0.0,0.043,0.07,0.074,0.078,15.882,4032,-56.0,0.0,0.0,0.0,16.0,-42094.0,1326,41,2665,4032,-0.133,0.357,0.894,1.023,1.334,1673.434
A_X068_Y096,68,96,56,80,80,112,243.0,148.0,1.0,825,13200,9423,3777,0.28765151515151516,"{""X2Y1"": 825}",True,NOT_PROVEN_WITHOUT_MOVED_FF_CONTROL_SET_REPLAY,NOT_PROVEN_READ_ONLY_SITE_INVENTORY_ONLY,20,DEST_X3Y1_MAJOR,20,D8DF451BC1C4EF6032E28F4D3065B488CCF48FA9921667AB64B2E0E8D05D4049,True,,False,False,U_NEG_UPSTREAM_WORSENING;U_PASS_UPSTREAM_INCREASE,,False,False,True,True,"[0.0, 27.0, 14.0, 4.0, -24.0, 0.0, 0.0, 0.0, 20.0]",58,-5.0,0.0,27.0,35.0,43.0,298.0,1,14,43,58,-0.136,-0.0885,-0.043,-0.028,-0.017,-4.796,6,-3.0,12.5,35.0,35.0,35.0,92.0,1,4,1,6,0.011,0.040999999999999995,0.066,0.066,0.066,0.241,201,-42.0,-24.0,0.0,0.0,5.0,-3990.0,123,3,75,201,-0.133,-0.038,-0.006,-0.003,-0.001,-7.99,384,-53.0,0.0,0.0,0.0,5.0,-5399.0,168,1,215,384,0.0,0.043,0.07,0.074,0.078,15.882,4032,-56.0,0.0,0.0,0.0,15.0,-38602.0,1220,35,2777,4032,-0.133,0.357,0.894,1.023,1.334,1673.434
A_X068_Y096,68,96,56,80,80,112,243.0,148.0,1.0,825,13200,9423,3777,0.2878030303030303,"{""X2Y1"": 825}",True,NOT_PROVEN_WITHOUT_MOVED_FF_CONTROL_SET_REPLAY,NOT_PROVEN_READ_ONLY_SITE_INVENTORY_ONLY,22,DEST_MIXED_OR_OTHER,22,62A80A6BF2780309EBB7ACB65499DC33F9E420F49ABAF670FF853CD53D650A7D,True,,False,False,U_NEG_UPSTREAM_WORSENING;U_PASS_UPSTREAM_INCREASE;D_NEG_NO_MEDIAN_IMPROVEMENT,,False,False,False,True,"[0.0, 30.0, 20.0, 1.0, 0.0, 0.0, 0.0, 0.0, 22.0]",58,-1.0,0.0,30.0,35.0,38.0,370.0,1,20,37,58,-0.136,-0.0885,-0.043,-0.028,-0.017,-4.796,6,0.0,0.0,30.0,30.0,30.0,30.0,0,1,5,6,0.011,0.040999999999999995,0.066,0.066,0.066,0.241,201,-41.0,0.0,0.0,0.0,0.0,-294.0,10,0,191,201,-0.133,-0.038,-0.006,-0.003,-0.001,-7.99,384,-57.0,0.0,0.0,0.0,0.0,-2378.0,73,0,311,384,0.0,0.043,0.07,0.074,0.078,15.882,4032,-57.0,0.0,0.0,0.0,13.0,-42558.0,1360,23,2649,4032,-0.133,0.357,0.894,1.023,1.334,1673.434
A_X068_Y096,68,96,56,80,80,112,243.0,148.0,1.0,825,13200,9423,3777,0.28734848484848485,"{""X2Y1"": 825}",True,NOT_PROVEN_WITHOUT_MOVED_FF_CONTROL_SET_REPLAY,NOT_PROVEN_READ_ONLY_SITE_INVENTORY_ONLY,16,FEATURE_BIN_0,16,25AFEB422DB3BDBEF4DCE97A6D1274116E7B27A3B94E395D479DC22D3DE14FFD,True,,False,False,U_NEG_UPSTREAM_WORSENING;D_NEG_NO_MEDIAN_IMPROVEMENT,,False,True,False,True,"[0.0, 16.0, 16.0, 0.0, 0.0, 0.0, 0.0, 0.0, 16.0]",58,0.0,0.0,16.0,30.0,36.0,261.0,0,16,42,58,-0.136,-0.0885,-0.043,-0.028,-0.017,-4.796,6,0.0,0.0,0.0,0.0,0.0,0.0,0,0,6,6,0.011,0.040999999999999995,0.066,0.066,0.066,0.241,201,-44.0,0.0,0.0,0.0,0.0,-2202.0,64,0,137,201,-0.133,-0.038,-0.006,-0.003,-0.001,-7.99,384,-57.0,0.0,0.0,0.0,0.0,-3578.0,96,0,288,384,0.0,0.043,0.07,0.074,0.078,15.882,4032,-57.0,0.0,0.0,0.0,16.0,-33130.0,998,12,3022,4032,-0.133,0.357,0.894,1.023,1.334,1673.434
A_X068_Y096,68,96,56,80,80,112,243.0,148.0,1.0,825,13200,9423,3777,0.28734848484848485,"{""X2Y1"": 825}",True,NOT_PROVEN_WITHOUT_MOVED_FF_CONTROL_SET_REPLAY,NOT_PROVEN_READ_ONLY_SITE_INVENTORY_ONLY,16,FEATURE_BIN_1,16,863B9B0389C1B994C73ED0C57EC56A84FD6D317708E59D47B391DA86E44D3A8E,True,,False,False,U_NEG_UPSTREAM_WORSENING;U_PASS_UPSTREAM_INCREASE;D_NEG_NO_MEDIAN_IMPROVEMENT,,False,False,False,True,"[0.0, 27.0, 13.0, 2.0, 0.0, 0.0, 0.0, 0.0, 16.0]",58,-5.0,0.0,27.0,35.0,43.0,276.0,1,13,44,58,-0.136,-0.0885,-0.043,-0.028,-0.017,-4.796,6,0.0,0.0,35.0,35.0,35.0,53.0,0,2,4,6,0.011,0.040999999999999995,0.066,0.066,0.066,0.241,201,-44.0,0.0,0.0,0.0,0.0,-1652.0,48,0,153,201,-0.133,-0.038,-0.006,-0.003,-0.001,-7.99,384,-50.0,0.0,0.0,0.0,0.0,-3517.0,104,0,280,384,0.0,0.043,0.07,0.074,0.078,15.882,4032,-56.0,0.0,0.0,0.0,15.0,-31186.0,983,29,3020,4032,-0.133,0.357,0.894,1.023,1.334,1673.434
A_X068_Y096,68,96,56,80,80,112,243.0,148.0,1.0,825,13200,9423,3777,0.28734848484848485,"{""X2Y1"": 825}",True,NOT_PROVEN_WITHOUT_MOVED_FF_CONTROL_SET_REPLAY,NOT_PROVEN_READ_ONLY_SITE_INVENTORY_ONLY,16,FEATURE_BIN_2,16,18F6AC63D50EACD2B5F6CC669CA58252595A0313B759D7A0EC563D4D8CFF4410,True,,False,False,U_NEG_UPSTREAM_WORSENING;U_PASS_UPSTREAM_INCREASE;D_NEG_NO_MEDIAN_IMPROVEMENT,,False,False,False,True,"[0.0, 18.0, 13.0, 2.0, 0.0, 0.0, 0.0, 0.0, 16.0]",58,-15.0,0.0,18.0,35.0,35.0,244.0,1,13,44,58,-0.136,-0.0885,-0.043,-0.028,-0.017,-4.796,6,0.0,0.0,35.0,35.0,35.0,42.0,0,2,4,6,0.011,0.040999999999999995,0.066,0.066,0.066,0.241,201,-52.0,0.0,0.0,0.0,0.0,-1876.0,57,0,144,201,-0.133,-0.038,-0.006,-0.003,-0.001,-7.99,384,-53.0,0.0,0.0,0.0,0.0,-2870.0,85,0,299,384,0.0,0.043,0.07,0.074,0.078,15.882,4032,-54.0,0.0,0.0,0.0,2.0,-31858.0,997,10,3025,4032,-0.133,0.357,0.894,1.023,1.334,1673.434
A_X068_Y096,68,96,56,80,80,112,243.0,148.0,1.0,825,13200,9423,3777,0.28734848484848485,"{""X2Y1"": 825}",True,NOT_PROVEN_WITHOUT_MOVED_FF_CONTROL_SET_REPLAY,NOT_PROVEN_READ_ONLY_SITE_INVENTORY_ONLY,16,FEATURE_BIN_3,16,6D6B2605916DFCDD525A27838AC825D18C62B807369D6E6322040D77ED73CF54,True,,False,False,U_NEG_UPSTREAM_WORSENING;U_PASS_UPSTREAM_INCREASE;D_NEG_NO_MEDIAN_IMPROVEMENT,,False,False,False,True,"[0.0, 19.0, 12.0, 1.0, 0.0, 0.0, 0.0, 0.0, 16.0]",58,-3.0,0.0,19.0,35.0,35.0,240.0,2,12,44,58,-0.136,-0.0885,-0.043,-0.028,-0.017,-4.796,6,-3.0,0.0,30.0,30.0,30.0,27.0,1,1,4,6,0.011,0.040999999999999995,0.066,0.066,0.066,0.241,201,-44.0,0.0,0.0,0.0,5.0,-824.0,29,3,169,201,-0.133,-0.038,-0.006,-0.003,-0.001,-7.99,384,-56.0,0.0,0.0,0.0,5.0,-2921.0,98,1,285,384,0.0,0.043,0.07,0.074,0.078,15.882,4032,-56.0,0.0,0.0,0.0,12.0,-27080.0,928,48,3056,4032,-0.133,0.357,0.894,1.023,1.334,1673.434
A_X068_Y100,68,100,56,80,84,116,243.0,144.0,1.0,825,13200,9393,3807,0.2932575757575758,"{""X2Y1"": 825}",True,NOT_PROVEN_WITHOUT_MOVED_FF_CONTROL_SET_REPLAY,NOT_PROVEN_READ_ONLY_SITE_INVENTORY_ONLY,64,ALL_64,64,A49D88051B2D2E5D1255D4F806A7569CDA9B33A650A908566197031349AD8DB4,True,,False,False,U_NEG_UPSTREAM_WORSENING;U_PASS_UPSTREAM_INCREASE,,False,False,True,True,"[9.5, 31.0, 52.0, 5.0, -33.0, -16.0, -32.0, -32.0, 64.0]",58,-19.0,9.5,31.0,32.0,39.0,789.0,6,52,0,58,-0.136,-0.0885,-0.043,-0.028,-0.017,-4.796,6,-7.0,20.0,31.0,31.0,31.0,98.0,1,5,0,6,0.011,0.040999999999999995,0.066,0.066,0.066,0.241,201,-49.0,-33.0,-16.0,-13.0,1.0,-6100.0,200,1,0,201,-0.133,-0.038,-0.006,-0.003,-0.001,-7.99,384,-53.0,-32.0,-21.0,-14.0,1.0,-11902.0,383,1,0,384,0.0,0.043,0.07,0.074,0.078,15.882,4032,-53.0,-32.0,-13.0,-8.0,12.0,-119964.0,3962,67,3,4032,-0.133,0.357,0.894,1.023,1.334,1673.434
A_X068_Y100,68,100,56,80,84,116,243.0,144.0,1.0,825,13200,9393,3807,0.2900757575757576,"{""X2Y1"": 825}",True,NOT_PROVEN_WITHOUT_MOVED_FF_CONTROL_SET_REPLAY,NOT_PROVEN_READ_ONLY_SITE_INVENTORY_ONLY,22,DEST_X2Y1_MAJOR,22,EC8295A18CFB3214990035A3C2A8A03B2248BEA56069D816345F1D2C0CC4741A,True,,False,False,U_NEG_UPSTREAM_WORSENING;D_NEG_NO_MEDIAN_IMPROVEMENT,,False,True,False,True,"[0.0, 17.0, 19.0, 0.0, 0.0, 0.0, 0.0, 0.0, 22.0]",58,-19.0,0.0,17.0,31.0,31.0,265.0,3,19,36,58,-0.136,-0.0885,-0.043,-0.028,-0.017,-4.796,6,0.0,0.0,0.0,0.0,0.0,0.0,0,0,6,6,0.011,0.040999999999999995,0.066,0.066,0.066,0.241,201,-49.0,0.0,0.0,0.0,0.0,-2058.0,65,0,136,201,-0.133,-0.038,-0.006,-0.003,-0.001,-7.99,384,-52.0,0.0,0.0,0.0,0.0,-4669.0,142,0,242,384,0.0,0.043,0.07,0.074,0.078,15.882,4032,-52.0,0.0,0.0,0.0,12.0,-40838.0,1355,26,2651,4032,-0.133,0.357,0.894,1.023,1.334,1673.434
A_X068_Y100,68,100,56,80,84,116,243.0,144.0,1.0,825,13200,9393,3807,0.2899242424242424,"{""X2Y1"": 825}",True,NOT_PROVEN_WITHOUT_MOVED_FF_CONTROL_SET_REPLAY,NOT_PROVEN_READ_ONLY_SITE_INVENTORY_ONLY,20,DEST_X3Y1_MAJOR,20,D8DF451BC1C4EF6032E28F4D3065B488CCF48FA9921667AB64B2E0E8D05D4049,True,,False,False,U_NEG_UPSTREAM_WORSENING;U_PASS_UPSTREAM_INCREASE,,False,False,True,True,"[0.0, 23.0, 14.0, 4.0, -25.0, 0.0, 0.0, 0.0, 20.0]",58,-9.0,0.0,23.0,31.0,39.0,238.0,1,14,43,58,-0.136,-0.0885,-0.043,-0.028,-0.017,-4.796,6,-7.0,8.5,31.0,31.0,31.0,72.0,1,4,1,6,0.011,0.040999999999999995,0.066,0.066,0.066,0.241,201,-38.0,-25.0,0.0,0.0,1.0,-3764.0,125,1,75,201,-0.133,-0.038,-0.006,-0.003,-0.001,-7.99,384,-49.0,0.0,0.0,0.0,1.0,-5023.0,168,1,215,384,0.0,0.043,0.07,0.074,0.078,15.882,4032,-52.0,0.0,0.0,0.0,11.0,-37638.0,1234,26,2772,4032,-0.133,0.357,0.894,1.023,1.334,1673.434
A_X068_Y100,68,100,56,80,84,116,243.0,144.0,1.0,825,13200,9393,3807,0.2900757575757576,"{""X2Y1"": 825}",True,NOT_PROVEN_WITHOUT_MOVED_FF_CONTROL_SET_REPLAY,NOT_PROVEN_READ_ONLY_SITE_INVENTORY_ONLY,22,DEST_MIXED_OR_OTHER,22,62A80A6BF2780309EBB7ACB65499DC33F9E420F49ABAF670FF853CD53D650A7D,True,,False,False,U_NEG_UPSTREAM_WORSENING;U_PASS_UPSTREAM_INCREASE;D_NEG_NO_MEDIAN_IMPROVEMENT,,False,False,False,True,"[0.0, 26.0, 19.0, 1.0, 0.0, 0.0, 0.0, 0.0, 22.0]",58,-5.0,0.0,26.0,31.0,34.0,286.0,2,19,37,58,-0.136,-0.0885,-0.043,-0.028,-0.017,-4.796,6,0.0,0.0,26.0,26.0,26.0,26.0,0,1,5,6,0.011,0.040999999999999995,0.066,0.066,0.066,0.241,201,-37.0,0.0,0.0,0.0,0.0,-278.0,10,0,191,201,-0.133,-0.038,-0.006,-0.003,-0.001,-7.99,384,-53.0,0.0,0.0,0.0,0.0,-2210.0,73,0,311,384,0.0,0.043,0.07,0.074,0.078,15.882,4032,-53.0,0.0,0.0,0.0,9.0,-41488.0,1373,15,2644,4032,-0.133,0.357,0.894,1.023,1.334,1673.434
A_X068_Y100,68,100,56,80,84,116,243.0,144.0,1.0,825,13200,9393,3807,0.2896212121212121,"{""X2Y1"": 825}",True,NOT_PROVEN_WITHOUT_MOVED_FF_CONTROL_SET_REPLAY,NOT_PROVEN_READ_ONLY_SITE_INVENTORY_ONLY,16,FEATURE_BIN_0,16,25AFEB422DB3BDBEF4DCE97A6D1274116E7B27A3B94E395D479DC22D3DE14FFD,True,,False,False,U_NEG_UPSTREAM_WORSENING;D_NEG_NO_MEDIAN_IMPROVEMENT,,False,True,False,True,"[0.0, 12.0, 16.0, 0.0, 0.0, 0.0, 0.0, 0.0, 16.0]",58,0.0,0.0,12.0,26.0,32.0,197.0,0,16,42,58,-0.136,-0.0885,-0.043,-0.028,-0.017,-4.796,6,0.0,0.0,0.0,0.0,0.0,0.0,0,0,6,6,0.011,0.040999999999999995,0.066,0.066,0.066,0.241,201,-40.0,0.0,0.0,0.0,0.0,-2088.0,64,0,137,201,-0.133,-0.038,-0.006,-0.003,-0.001,-7.99,384,-53.0,0.0,0.0,0.0,0.0,-3288.0,96,0,288,384,0.0,0.043,0.07,0.074,0.078,15.882,4032,-53.0,0.0,0.0,0.0,12.0,-32228.0,1000,11,3021,4032,-0.133,0.357,0.894,1.023,1.334,1673.434
A_X068_Y100,68,100,56,80,84,116,243.0,144.0,1.0,825,13200,9393,3807,0.2896212121212121,"{""X2Y1"": 825}",True,NOT_PROVEN_WITHOUT_MOVED_FF_CONTROL_SET_REPLAY,NOT_PROVEN_READ_ONLY_SITE_INVENTORY_ONLY,16,FEATURE_BIN_1,16,863B9B0389C1B994C73ED0C57EC56A84FD6D317708E59D47B391DA86E44D3A8E,True,,False,False,U_NEG_UPSTREAM_WORSENING;U_PASS_UPSTREAM_INCREASE;D_NEG_NO_MEDIAN_IMPROVEMENT,,False,False,False,True,"[0.0, 23.0, 12.0, 2.0, 0.0, 0.0, 0.0, 0.0, 16.0]",58,-9.0,0.0,23.0,31.0,39.0,220.0,2,12,44,58,-0.136,-0.0885,-0.043,-0.028,-0.017,-4.796,6,0.0,0.0,31.0,31.0,31.0,45.0,0,2,4,6,0.011,0.040999999999999995,0.066,0.066,0.066,0.241,201,-40.0,0.0,0.0,0.0,0.0,-1534.0,48,0,153,201,-0.133,-0.038,-0.006,-0.003,-0.001,-7.99,384,-46.0,0.0,0.0,0.0,0.0,-3319.0,104,0,280,384,0.0,0.043,0.07,0.074,0.078,15.882,4032,-52.0,0.0,0.0,0.0,11.0,-30394.0,988,24,3020,4032,-0.133,0.357,0.894,1.023,1.334,1673.434
A_X068_Y100,68,100,56,80,84,116,243.0,144.0,1.0,825,13200,9393,3807,0.2896212121212121,"{""X2Y1"": 825}",True,NOT_PROVEN_WITHOUT_MOVED_FF_CONTROL_SET_REPLAY,NOT_PROVEN_READ_ONLY_SITE_INVENTORY_ONLY,16,FEATURE_BIN_2,16,18F6AC63D50EACD2B5F6CC669CA58252595A0313B759D7A0EC563D4D8CFF4410,True,,False,False,U_NEG_UPSTREAM_WORSENING;U_PASS_UPSTREAM_INCREASE;D_NEG_NO_MEDIAN_IMPROVEMENT,,False,False,False,True,"[0.0, 14.0, 13.0, 2.0, 0.0, 0.0, 0.0, 0.0, 16.0]",58,-19.0,0.0,14.0,31.0,31.0,188.0,1,13,44,58,-0.136,-0.0885,-0.043,-0.028,-0.017,-4.796,6,0.0,0.0,31.0,31.0,31.0,34.0,0,2,4,6,0.011,0.040999999999999995,0.066,0.066,0.066,0.241,201,-49.0,0.0,0.0,0.0,0.0,-1736.0,57,0,144,201,-0.133,-0.038,-0.006,-0.003,-0.001,-7.99,384,-49.0,0.0,0.0,0.0,0.0,-2652.0,85,0,299,384,0.0,0.043,0.07,0.074,0.078,15.882,4032,-50.0,0.0,0.0,0.0,0.0,-31106.0,1012,0,3020,4032,-0.133,0.357,0.894,1.023,1.334,1673.434
A_X068_Y100,68,100,56,80,84,116,243.0,144.0,1.0,825,13200,9393,3807,0.2896212121212121,"{""X2Y1"": 825}",True,NOT_PROVEN_WITHOUT_MOVED_FF_CONTROL_SET_REPLAY,NOT_PROVEN_READ_ONLY_SITE_INVENTORY_ONLY,16,FEATURE_BIN_3,16,6D6B2605916DFCDD525A27838AC825D18C62B807369D6E6322040D77ED73CF54,True,,False,False,U_NEG_UPSTREAM_WORSENING;U_PASS_UPSTREAM_INCREASE;D_NEG_NO_MEDIAN_IMPROVEMENT,,False,False,False,True,"[0.0, 15.0, 11.0, 1.0, 0.0, 0.0, 0.0, 0.0, 16.0]",58,-7.0,0.0,15.0,31.0,31.0,184.0,3,11,44,58,-0.136,-0.0885,-0.043,-0.028,-0.017,-4.796,6,-7.0,0.0,26.0,26.0,26.0,19.0,1,1,4,6,0.011,0.040999999999999995,0.066,0.066,0.066,0.241,201,-40.0,0.0,0.0,0.0,1.0,-742.0,31,1,169,201,-0.133,-0.038,-0.006,-0.003,-0.001,-7.99,384,-52.0,0.0,0.0,0.0,1.0,-2643.0,98,1,285,384,0.0,0.043,0.07,0.074,0.078,15.882,4032,-52.0,0.0,0.0,0.0,8.0,-26236.0,962,32,3038,4032,-0.133,0.357,0.894,1.023,1.334,1673.434
A_X068_Y104,68,104,56,80,88,120,243.0,140.0,1.0,825,13200,9488,3712,0.28606060606060607,"{""X2Y1"": 800, ""X2Y2"": 25}",True,NOT_PROVEN_WITHOUT_MOVED_FF_CONTROL_SET_REPLAY,NOT_PROVEN_READ_ONLY_SITE_INVENTORY_ONLY,0,ALL_64,64,A49D88051B2D2E5D1255D4F806A7569CDA9B33A650A908566197031349AD8DB4,True,,False,False,U_NEG_UPSTREAM_WORSENING;U_PASS_UPSTREAM_INCREASE,,False,False,True,True,"[5.5, 27.0, 43.0, 4.0, -29.0, -19.0, -28.0, -29.0, 64.0]",58,-23.0,5.5,27.0,28.0,35.0,557.0,13,43,2,58,-0.136,-0.0885,-0.043,-0.028,-0.017,-4.796,6,-11.0,16.0,27.0,27.0,27.0,74.0,2,4,0,6,0.011,0.040999999999999995,0.066,0.066,0.066,0.241,201,-45.0,-29.0,-19.0,-17.0,-3.0,-5558.0,201,0,0,201,-0.133,-0.038,-0.006,-0.003,-0.001,-7.99,384,-49.0,-28.0,-21.0,-18.0,-3.0,-10788.0,384,0,0,384,0.0,0.043,0.07,0.074,0.078,15.882,4032,-49.0,-29.0,-17.0,-12.0,8.0,-114124.0,3993,32,7,4032,-0.133,0.357,0.894,1.023,1.334,1673.434
A_X068_Y104,68,104,56,80,88,120,243.0,140.0,1.0,825,13200,9488,3712,0.2828787878787879,"{""X2Y1"": 800, ""X2Y2"": 25}",True,NOT_PROVEN_WITHOUT_MOVED_FF_CONTROL_SET_REPLAY,NOT_PROVEN_READ_ONLY_SITE_INVENTORY_ONLY,0,DEST_X2Y1_MAJOR,22,EC8295A18CFB3214990035A3C2A8A03B2248BEA56069D816345F1D2C0CC4741A,True,,False,False,U_NEG_UPSTREAM_WORSENING;D_NEG_NO_MEDIAN_IMPROVEMENT,,False,True,False,True,"[0.0, 13.0, 17.0, 0.0, 0.0, 0.0, 0.0, 0.0, 22.0]",58,-23.0,0.0,13.0,27.0,27.0,177.0,5,17,36,58,-0.136,-0.0885,-0.043,-0.028,-0.017,-4.796,6,0.0,0.0,0.0,0.0,0.0,0.0,0,0,6,6,0.011,0.040999999999999995,0.066,0.066,0.066,0.241,201,-45.0,0.0,0.0,0.0,0.0,-1830.0,65,0,136,201,-0.133,-0.038,-0.006,-0.003,-0.001,-7.99,384,-48.0,0.0,0.0,0.0,0.0,-4189.0,142,0,242,384,0.0,0.043,0.07,0.074,0.078,15.882,4032,-48.0,0.0,0.0,0.0,8.0,-38816.0,1373,4,2655,4032,-0.133,0.357,0.894,1.023,1.334,1673.434
A_X068_Y104,68,104,56,80,88,120,243.0,140.0,1.0,825,13200,9488,3712,0.2827272727272727,"{""X2Y1"": 800, ""X2Y2"": 25}",True,NOT_PROVEN_WITHOUT_MOVED_FF_CONTROL_SET_REPLAY,NOT_PROVEN_READ_ONLY_SITE_INVENTORY_ONLY,0,DEST_X3Y1_MAJOR,20,D8DF451BC1C4EF6032E28F4D3065B488CCF48FA9921667AB64B2E0E8D05D4049,True,,False,False,U_NEG_UPSTREAM_WORSENING;U_PASS_UPSTREAM_INCREASE,,False,False,True,True,"[0.0, 19.0, 11.0, 3.0, -24.0, 0.0, 0.0, 0.0, 20.0]",58,-13.0,0.0,19.0,27.0,35.0,178.0,4,11,43,58,-0.136,-0.0885,-0.043,-0.028,-0.017,-4.796,6,-11.0,5.0,27.0,27.0,27.0,52.0,2,3,1,6,0.011,0.040999999999999995,0.066,0.066,0.066,0.241,201,-36.0,-24.0,0.0,0.0,0.0,-3466.0,126,0,75,201,-0.133,-0.038,-0.006,-0.003,-0.001,-7.99,384,-45.0,0.0,0.0,0.0,0.0,-4587.0,169,0,215,384,0.0,0.043,0.07,0.074,0.078,15.882,4032,-48.0,0.0,0.0,0.0,7.0,-35810.0,1240,20,2772,4032,-0.133,0.357,0.894,1.023,1.334,1673.434
A_X068_Y104,68,104,56,80,88,120,243.0,140.0,1.0,825,13200,9488,3712,0.2828787878787879,"{""X2Y1"": 800, ""X2Y2"": 25}",True,NOT_PROVEN_WITHOUT_MOVED_FF_CONTROL_SET_REPLAY,NOT_PROVEN_READ_ONLY_SITE_INVENTORY_ONLY,0,DEST_MIXED_OR_OTHER,22,62A80A6BF2780309EBB7ACB65499DC33F9E420F49ABAF670FF853CD53D650A7D,True,,False,False,U_NEG_UPSTREAM_WORSENING;U_PASS_UPSTREAM_INCREASE;D_NEG_NO_MEDIAN_IMPROVEMENT,,False,False,False,True,"[0.0, 22.0, 15.0, 1.0, 0.0, 0.0, 0.0, 0.0, 22.0]",58,-9.0,0.0,22.0,27.0,30.0,202.0,4,15,39,58,-0.136,-0.0885,-0.043,-0.028,-0.017,-4.796,6,0.0,0.0,22.0,22.0,22.0,22.0,0,1,5,6,0.011,0.040999999999999995,0.066,0.066,0.066,0.241,201,-33.0,0.0,0.0,0.0,0.0,-262.0,10,0,191,201,-0.133,-0.038,-0.006,-0.003,-0.001,-7.99,384,-49.0,0.0,0.0,0.0,0.0,-2012.0,73,0,311,384,0.0,0.043,0.07,0.074,0.078,15.882,4032,-49.0,0.0,0.0,0.0,5.0,-39498.0,1380,8,2644,4032,-0.133,0.357,0.894,1.023,1.334,1673.434
A_X068_Y104,68,104,56,80,88,120,243.0,140.0,1.0,825,13200,9488,3712,0.2824242424242424,"{""X2Y1"": 800, ""X2Y2"": 25}",True,NOT_PROVEN_WITHOUT_MOVED_FF_CONTROL_SET_REPLAY,NOT_PROVEN_READ_ONLY_SITE_INVENTORY_ONLY,0,FEATURE_BIN_0,16,25AFEB422DB3BDBEF4DCE97A6D1274116E7B27A3B94E395D479DC22D3DE14FFD,True,,False,False,U_NEG_UPSTREAM_WORSENING;D_NEG_NO_MEDIAN_IMPROVEMENT,,False,True,False,True,"[0.0, 8.0, 12.0, 0.0, 0.0, 0.0, 0.0, 0.0, 16.0]",58,-3.0,0.0,8.0,22.0,28.0,133.0,4,12,42,58,-0.136,-0.0885,-0.043,-0.028,-0.017,-4.796,6,0.0,0.0,0.0,0.0,0.0,0.0,0,0,6,6,0.011,0.040999999999999995,0.066,0.066,0.066,0.241,201,-36.0,0.0,0.0,0.0,0.0,-1936.0,64,0,137,201,-0.133,-0.038,-0.006,-0.003,-0.001,-7.99,384,-49.0,0.0,0.0,0.0,0.0,-2962.0,96,0,288,384,0.0,0.043,0.07,0.074,0.078,15.882,4032,-49.0,0.0,0.0,0.0,8.0,-30556.0,1001,8,3023,4032,-0.133,0.357,0.894,1.023,1.334,1673.434
A_X068_Y104,68,104,56,80,88,120,243.0,140.0,1.0,825,13200,9488,3712,0.2824242424242424,"{""X2Y1"": 800, ""X2Y2"": 25}",True,NOT_PROVEN_WITHOUT_MOVED_FF_CONTROL_SET_REPLAY,NOT_PROVEN_READ_ONLY_SITE_INVENTORY_ONLY,0,FEATURE_BIN_1,16,863B9B0389C1B994C73ED0C57EC56A84FD6D317708E59D47B391DA86E44D3A8E,True,,False,False,U_NEG_UPSTREAM_WORSENING;U_PASS_UPSTREAM_INCREASE;D_NEG_NO_MEDIAN_IMPROVEMENT,,False,False,False,True,"[0.0, 19.0, 10.0, 2.0, 0.0, 0.0, 0.0, 0.0, 16.0]",58,-13.0,0.0,19.0,27.0,35.0,164.0,4,10,44,58,-0.136,-0.0885,-0.043,-0.028,-0.017,-4.796,6,0.0,0.0,27.0,27.0,27.0,37.0,0,2,4,6,0.011,0.040999999999999995,0.066,0.066,0.066,0.241,201,-36.0,0.0,0.0,0.0,0.0,-1398.0,48,0,153,201,-0.133,-0.038,-0.006,-0.003,-0.001,-7.99,384,-42.0,0.0,0.0,0.0,0.0,-3071.0,104,0,280,384,0.0,0.043,0.07,0.074,0.078,15.882,4032,-48.0,0.0,0.0,0.0,7.0,-28964.0,994,16,3022,4032,-0.133,0.357,0.894,1.023,1.334,1673.434
A_X068_Y104,68,104,56,80,88,120,243.0,140.0,1.0,825,13200,9488,3712,0.2824242424242424,"{""X2Y1"": 800, ""X2Y2"": 25}",True,NOT_PROVEN_WITHOUT_MOVED_FF_CONTROL_SET_REPLAY,NOT_PROVEN_READ_ONLY_SITE_INVENTORY_ONLY,0,FEATURE_BIN_2,16,18F6AC63D50EACD2B5F6CC669CA58252595A0313B759D7A0EC563D4D8CFF4410,True,,False,False,U_NEG_UPSTREAM_WORSENING;U_PASS_UPSTREAM_INCREASE;D_NEG_NO_MEDIAN_IMPROVEMENT,,False,False,False,True,"[0.0, 10.0, 10.0, 1.0, 0.0, 0.0, 0.0, 0.0, 16.0]",58,-23.0,0.0,10.0,27.0,27.0,132.0,2,10,46,58,-0.136,-0.0885,-0.043,-0.028,-0.017,-4.796,6,-1.0,0.0,27.0,27.0,27.0,26.0,1,1,4,6,0.011,0.040999999999999995,0.066,0.066,0.066,0.241,201,-45.0,0.0,0.0,0.0,0.0,-1570.0,57,0,144,201,-0.133,-0.038,-0.006,-0.003,-0.001,-7.99,384,-45.0,0.0,0.0,0.0,0.0,-2412.0,85,0,299,384,0.0,0.043,0.07,0.074,0.078,15.882,4032,-46.0,0.0,0.0,0.0,0.0,-29716.0,1012,0,3020,4032,-0.133,0.357,0.894,1.023,1.334,1673.434
A_X068_Y104,68,104,56,80,88,120,243.0,140.0,1.0,825,13200,9488,3712,0.2824242424242424,"{""X2Y1"": 800, ""X2Y2"": 25}",True,NOT_PROVEN_WITHOUT_MOVED_FF_CONTROL_SET_REPLAY,NOT_PROVEN_READ_ONLY_SITE_INVENTORY_ONLY,0,FEATURE_BIN_3,16,6D6B2605916DFCDD525A27838AC825D18C62B807369D6E6322040D77ED73CF54,True,,False,False,U_NEG_UPSTREAM_WORSENING;U_PASS_UPSTREAM_INCREASE;D_NEG_NO_MEDIAN_IMPROVEMENT,,False,False,False,True,"[0.0, 11.0, 11.0, 1.0, 0.0, 0.0, 0.0, 0.0, 16.0]",58,-11.0,0.0,11.0,27.0,27.0,128.0,3,11,44,58,-0.136,-0.0885,-0.043,-0.028,-0.017,-4.796,6,-11.0,0.0,22.0,22.0,22.0,11.0,1,1,4,6,0.011,0.040999999999999995,0.066,0.066,0.066,0.241,201,-36.0,0.0,0.0,0.0,0.0,-654.0,32,0,169,201,-0.133,-0.038,-0.006,-0.003,-0.001,-7.99,384,-48.0,0.0,0.0,0.0,0.0,-2343.0,99,0,285,384,0.0,0.043,0.07,0.074,0.078,15.882,4032,-48.0,0.0,0.0,0.0,4.0,-24888.0,986,8,3038,4032,-0.133,0.357,0.894,1.023,1.334,1673.434
A_X068_Y108,68,108,56,80,92,124,243.0,136.0,1.0,825,13200,9701,3499,0.2699242424242424,"{""X2Y1"": 700, ""X2Y2"": 125}",True,NOT_PROVEN_WITHOUT_MOVED_FF_CONTROL_SET_REPLAY,NOT_PROVEN_READ_ONLY_SITE_INVENTORY_ONLY,0,ALL_64,64,A49D88051B2D2E5D1255D4F806A7569CDA9B33A650A908566197031349AD8DB4,True,,False,False,U_NEG_UPSTREAM_WORSENING;U_PASS_UPSTREAM_INCREASE,,False,False,True,True,"[1.5, 23.0, 36.0, 4.0, -25.0, -18.0, -24.0, -26.0, 64.0]",58,-27.0,1.5,23.0,24.0,31.0,325.0,19,36,3,58,-0.136,-0.0885,-0.043,-0.028,-0.017,-4.796,6,-15.0,12.0,23.0,23.0,23.0,50.0,2,4,0,6,0.011,0.040999999999999995,0.066,0.066,0.066,0.241,201,-41.0,-25.0,-18.0,-15.0,-7.0,-4958.0,201,0,0,201,-0.133,-0.038,-0.006,-0.003,-0.001,-7.99,384,-45.0,-24.0,-17.0,-17.0,-7.0,-9546.0,384,0,0,384,0.0,0.043,0.07,0.074,0.078,15.882,4032,-45.0,-26.0,-17.0,-14.0,4.0,-105720.0,4009,17,6,4032,-0.133,0.357,0.894,1.023,1.334,1673.434
A_X068_Y108,68,108,56,80,92,124,243.0,136.0,1.0,825,13200,9701,3499,0.2667424242424242,"{""X2Y1"": 700, ""X2Y2"": 125}",True,NOT_PROVEN_WITHOUT_MOVED_FF_CONTROL_SET_REPLAY,NOT_PROVEN_READ_ONLY_SITE_INVENTORY_ONLY,0,DEST_X2Y1_MAJOR,22,EC8295A18CFB3214990035A3C2A8A03B2248BEA56069D816345F1D2C0CC4741A,True,,False,False,U_NEG_UPSTREAM_WORSENING;D_NEG_NO_MEDIAN_IMPROVEMENT,,False,True,False,True,"[0.0, 9.0, 15.0, 0.0, 0.0, 0.0, 0.0, 0.0, 22.0]",58,-27.0,0.0,9.0,23.0,23.0,89.0,6,15,37,58,-0.136,-0.0885,-0.043,-0.028,-0.017,-4.796,6,0.0,0.0,0.0,0.0,0.0,0.0,0,0,6,6,0.011,0.040999999999999995,0.066,0.066,0.066,0.241,201,-41.0,0.0,0.0,0.0,0.0,-1596.0,65,0,136,201,-0.133,-0.038,-0.006,-0.003,-0.001,-7.99,384,-44.0,0.0,0.0,0.0,0.0,-3691.0,142,0,242,384,0.0,0.043,0.07,0.074,0.078,15.882,4032,-44.0,0.0,0.0,0.0,4.0,-36074.0,1380,4,2648,4032,-0.133,0.357,0.894,1.023,1.334,1673.434
A_X068_Y108,68,108,56,80,92,124,243.0,136.0,1.0,825,13200,9701,3499,0.2665909090909091,"{""X2Y1"": 700, ""X2Y2"": 125}",True,NOT_PROVEN_WITHOUT_MOVED_FF_CONTROL_SET_REPLAY,NOT_PROVEN_READ_ONLY_SITE_INVENTORY_ONLY,0,DEST_X3Y1_MAJOR,20,D8DF451BC1C4EF6032E28F4D3065B488CCF48FA9921667AB64B2E0E8D05D4049,True,,False,False,U_NEG_UPSTREAM_WORSENING;U_PASS_UPSTREAM_INCREASE,,False,False,True,True,"[0.0, 15.0, 10.0, 3.0, -22.0, 0.0, 0.0, 0.0, 20.0]",58,-17.0,0.0,15.0,23.0,31.0,118.0,4,10,44,58,-0.136,-0.0885,-0.043,-0.028,-0.017,-4.796,6,-15.0,3.0,23.0,23.0,23.0,32.0,2,3,1,6,0.011,0.040999999999999995,0.066,0.066,0.066,0.241,201,-38.0,-22.0,0.0,0.0,0.0,-3120.0,126,0,75,201,-0.133,-0.038,-0.006,-0.003,-0.001,-7.99,384,-41.0,0.0,0.0,0.0,0.0,-4055.0,169,0,215,384,0.0,0.043,0.07,0.074,0.078,15.882,4032,-44.0,0.0,0.0,0.0,3.0,-33158.0,1248,9,2775,4032,-0.133,0.357,0.894,1.023,1.334,1673.434
A_X068_Y108,68,108,56,80,92,124,243.0,136.0,1.0,825,13200,9701,3499,0.2667424242424242,"{""X2Y1"": 700, ""X2Y2"": 125}",True,NOT_PROVEN_WITHOUT_MOVED_FF_CONTROL_SET_REPLAY,NOT_PROVEN_READ_ONLY_SITE_INVENTORY_ONLY,0,DEST_MIXED_OR_OTHER,22,62A80A6BF2780309EBB7ACB65499DC33F9E420F49ABAF670FF853CD53D650A7D,True,,False,False,U_NEG_UPSTREAM_WORSENING;U_PASS_UPSTREAM_INCREASE;D_NEG_NO_MEDIAN_IMPROVEMENT,,False,False,False,True,"[0.0, 18.0, 11.0, 1.0, 0.0, 0.0, 0.0, 0.0, 22.0]",58,-13.0,0.0,18.0,23.0,26.0,118.0,9,11,38,58,-0.136,-0.0885,-0.043,-0.028,-0.017,-4.796,6,0.0,0.0,18.0,18.0,18.0,18.0,0,1,5,6,0.011,0.040999999999999995,0.066,0.066,0.066,0.241,201,-29.0,0.0,0.0,0.0,0.0,-242.0,10,0,191,201,-0.133,-0.038,-0.006,-0.003,-0.001,-7.99,384,-45.0,0.0,0.0,0.0,0.0,-1800.0,73,0,311,384,0.0,0.043,0.07,0.074,0.078,15.882,4032,-45.0,0.0,0.0,0.0,1.0,-36488.0,1381,4,2647,4032,-0.133,0.357,0.894,1.023,1.334,1673.434
A_X068_Y108,68,108,56,80,92,124,243.0,136.0,1.0,825,13200,9701,3499,0.2662878787878788,"{""X2Y1"": 700, ""X2Y2"": 125}",True,NOT_PROVEN_WITHOUT_MOVED_FF_CONTROL_SET_REPLAY,NOT_PROVEN_READ_ONLY_SITE_INVENTORY_ONLY,0,FEATURE_BIN_0,16,25AFEB422DB3BDBEF4DCE97A6D1274116E7B27A3B94E395D479DC22D3DE14FFD,True,,False,False,U_NEG_UPSTREAM_WORSENING;D_NEG_NO_MEDIAN_IMPROVEMENT,,False,True,False,True,"[0.0, 4.0, 10.0, 0.0, 0.0, 0.0, 0.0, 0.0, 16.0]",58,-7.0,0.0,4.0,18.0,24.0,69.0,5,10,43,58,-0.136,-0.0885,-0.043,-0.028,-0.017,-4.796,6,0.0,0.0,0.0,0.0,0.0,0.0,0,0,6,6,0.011,0.040999999999999995,0.066,0.066,0.066,0.241,201,-32.0,0.0,0.0,0.0,0.0,-1772.0,64,0,137,201,-0.133,-0.038,-0.006,-0.003,-0.001,-7.99,384,-45.0,0.0,0.0,0.0,0.0,-2624.0,96,0,288,384,0.0,0.043,0.07,0.074,0.078,15.882,4032,-45.0,0.0,0.0,0.0,4.0,-28196.0,1005,4,3023,4032,-0.133,0.357,0.894,1.023,1.334,1673.434
A_X068_Y108,68,108,56,80,92,124,243.0,136.0,1.0,825,13200,9701,3499,0.2662878787878788,"{""X2Y1"": 700, ""X2Y2"": 125}",True,NOT_PROVEN_WITHOUT_MOVED_FF_CONTROL_SET_REPLAY,NOT_PROVEN_READ_ONLY_SITE_INVENTORY_ONLY,0,FEATURE_BIN_1,16,863B9B0389C1B994C73ED0C57EC56A84FD6D317708E59D47B391DA86E44D3A8E,True,,False,False,U_NEG_UPSTREAM_WORSENING;U_PASS_UPSTREAM_INCREASE;D_NEG_NO_MEDIAN_IMPROVEMENT,,False,False,False,True,"[0.0, 15.0, 8.0, 2.0, 0.0, 0.0, 0.0, 0.0, 16.0]",58,-17.0,0.0,15.0,23.0,31.0,108.0,6,8,44,58,-0.136,-0.0885,-0.043,-0.028,-0.017,-4.796,6,0.0,0.0,23.0,23.0,23.0,29.0,0,2,4,6,0.011,0.040999999999999995,0.066,0.066,0.066,0.241,201,-38.0,0.0,0.0,0.0,0.0,-1252.0,48,0,153,201,-0.133,-0.038,-0.006,-0.003,-0.001,-7.99,384,-38.0,0.0,0.0,0.0,0.0,-2785.0,104,0,280,384,0.0,0.043,0.07,0.074,0.078,15.882,4032,-44.0,0.0,0.0,0.0,3.0,-27046.0,999,13,3020,4032,-0.133,0.357,0.894,1.023,1.334,1673.434
A_X068_Y108,68,108,56,80,92,124,243.0,136.0,1.0,825,13200,9701,3499,0.2662878787878788,"{""X2Y1"": 700, ""X2Y2"": 125}",True,NOT_PROVEN_WITHOUT_MOVED_FF_CONTROL_SET_REPLAY,NOT_PROVEN_READ_ONLY_SITE_INVENTORY_ONLY,0,FEATURE_BIN_2,16,18F6AC63D50EACD2B5F6CC669CA58252595A0313B759D7A0EC563D4D8CFF4410,True,,False,False,U_NEG_UPSTREAM_WORSENING;U_PASS_UPSTREAM_INCREASE;D_NEG_NO_MEDIAN_IMPROVEMENT,,False,False,False,True,"[0.0, 6.0, 10.0, 1.0, 0.0, 0.0, 0.0, 0.0, 16.0]",58,-27.0,0.0,6.0,23.0,23.0,76.0,4,10,44,58,-0.136,-0.0885,-0.043,-0.028,-0.017,-4.796,6,-5.0,0.0,23.0,23.0,23.0,18.0,1,1,4,6,0.011,0.040999999999999995,0.066,0.066,0.066,0.241,201,-41.0,0.0,0.0,0.0,0.0,-1380.0,57,0,144,201,-0.133,-0.038,-0.006,-0.003,-0.001,-7.99,384,-41.0,0.0,0.0,0.0,0.0,-2128.0,85,0,299,384,0.0,0.043,0.07,0.074,0.078,15.882,4032,-42.0,0.0,0.0,0.0,0.0,-27618.0,1012,0,3020,4032,-0.133,0.357,0.894,1.023,1.334,1673.434
A_X068_Y108,68,108,56,80,92,124,243.0,136.0,1.0,825,13200,9701,3499,0.2662878787878788,"{""X2Y1"": 700, ""X2Y2"": 125}",True,NOT_PROVEN_WITHOUT_MOVED_FF_CONTROL_SET_REPLAY,NOT_PROVEN_READ_ONLY_SITE_INVENTORY_ONLY,0,FEATURE_BIN_3,16,6D6B2605916DFCDD525A27838AC825D18C62B807369D6E6322040D77ED73CF54,True,,False,False,U_NEG_UPSTREAM_WORSENING;U_PASS_UPSTREAM_INCREASE;D_NEG_NO_MEDIAN_IMPROVEMENT,,False,False,False,True,"[0.0, 7.0, 8.0, 1.0, 0.0, 0.0, 0.0, 0.0, 16.0]",58,-15.0,0.0,7.0,23.0,23.0,72.0,4,8,46,58,-0.136,-0.0885,-0.043,-0.028,-0.017,-4.796,6,-15.0,0.0,18.0,18.0,18.0,3.0,1,1,4,6,0.011,0.040999999999999995,0.066,0.066,0.066,0.241,201,-32.0,0.0,0.0,0.0,0.0,-554.0,32,0,169,201,-0.133,-0.038,-0.006,-0.003,-0.001,-7.99,384,-44.0,0.0,0.0,0.0,0.0,-2009.0,99,0,285,384,0.0,0.043,0.07,0.074,0.078,15.882,4032,-44.0,0.0,0.0,0.0,0.0,-22860.0,993,0,3039,4032,-0.133,0.357,0.894,1.023,1.334,1673.434
A_X068_Y112,68,112,56,80,96,128,243.0,132.0,1.0,825,13200,9969,3231,0.24962121212121213,"{""X2Y1"": 600, ""X2Y2"": 225}",True,NOT_PROVEN_WITHOUT_MOVED_FF_CONTROL_SET_REPLAY,NOT_PROVEN_READ_ONLY_SITE_INVENTORY_ONLY,0,ALL_64,64,A49D88051B2D2E5D1255D4F806A7569CDA9B33A650A908566197031349AD8DB4,True,,False,False,U_NEG_UPSTREAM_WORSENING;U_PASS_UPSTREAM_INCREASE,,False,False,True,True,"[-2.5, 19.0, 25.0, 4.0, -21.0, -16.0, -21.0, -22.0, 64.0]",58,-31.0,-2.5,19.0,20.0,27.0,93.0,32,25,1,58,-0.136,-0.0885,-0.043,-0.028,-0.017,-4.796,6,-19.0,8.0,19.0,19.0,19.0,26.0,2,4,0,6,0.011,0.040999999999999995,0.066,0.066,0.066,0.241,201,-37.0,-21.0,-16.0,-13.0,-11.0,-4240.0,201,0,0,201,-0.133,-0.038,-0.006,-0.003,-0.001,-7.99,384,-41.0,-21.0,-14.0,-13.0,-11.0,-8146.0,384,0,0,384,0.0,0.043,0.07,0.074,0.078,15.882,4032,-41.0,-22.0,-14.0,-13.0,0.0,-93678.0,4031,0,1,4032,-0.133,0.357,0.894,1.023,1.334,1673.434
A_X068_Y112,68,112,56,80,96,128,243.0,132.0,1.0,825,13200,9969,3231,0.24643939393939393,"{""X2Y1"": 600, ""X2Y2"": 225}",True,NOT_PROVEN_WITHOUT_MOVED_FF_CONTROL_SET_REPLAY,NOT_PROVEN_READ_ONLY_SITE_INVENTORY_ONLY,0,DEST_X2Y1_MAJOR,22,EC8295A18CFB3214990035A3C2A8A03B2248BEA56069D816345F1D2C0CC4741A,True,,False,False,U_NEG_UPSTREAM_WORSENING;D_NEG_NO_MEDIAN_IMPROVEMENT,,False,True,False,True,"[0.0, 5.0, 10.0, 0.0, 0.0, 0.0, 0.0, 0.0, 22.0]",58,-31.0,0.0,5.0,19.0,19.0,1.0,12,10,36,58,-0.136,-0.0885,-0.043,-0.028,-0.017,-4.796,6,0.0,0.0,0.0,0.0,0.0,0.0,0,0,6,6,0.011,0.040999999999999995,0.066,0.066,0.066,0.241,201,-37.0,0.0,0.0,0.0,0.0,-1356.0,65,0,136,201,-0.133,-0.038,-0.006,-0.003,-0.001,-7.99,384,-40.0,0.0,0.0,0.0,0.0,-3153.0,142,0,242,384,0.0,0.043,0.07,0.074,0.078,15.882,4032,-40.0,0.0,0.0,0.0,0.0,-32108.0,1383,0,2649,4032,-0.133,0.357,0.894,1.023,1.334,1673.434
A_X068_Y112,68,112,56,80,96,128,243.0,132.0,1.0,825,13200,9969,3231,0.24628787878787878,"{""X2Y1"": 600, ""X2Y2"": 225}",True,NOT_PROVEN_WITHOUT_MOVED_FF_CONTROL_SET_REPLAY,NOT_PROVEN_READ_ONLY_SITE_INVENTORY_ONLY,0,DEST_X3Y1_MAJOR,20,D8DF451BC1C4EF6032E28F4D3065B488CCF48FA9921667AB64B2E0E8D05D4049,True,,False,False,U_NEG_UPSTREAM_WORSENING;U_PASS_UPSTREAM_INCREASE,,False,False,True,True,"[0.0, 11.0, 7.0, 3.0, -19.0, 0.0, 0.0, 0.0, 20.0]",58,-21.0,0.0,11.0,19.0,27.0,58.0,7,7,44,58,-0.136,-0.0885,-0.043,-0.028,-0.017,-4.796,6,-19.0,1.0,19.0,19.0,19.0,12.0,2,3,1,6,0.011,0.040999999999999995,0.066,0.066,0.066,0.241,201,-34.0,-19.0,0.0,0.0,0.0,-2678.0,126,0,75,201,-0.133,-0.038,-0.006,-0.003,-0.001,-7.99,384,-37.0,0.0,0.0,0.0,0.0,-3453.0,169,0,215,384,0.0,0.043,0.07,0.074,0.078,15.882,4032,-40.0,0.0,0.0,0.0,0.0,-29380.0,1260,0,2772,4032,-0.133,0.357,0.894,1.023,1.334,1673.434
A_X068_Y112,68,112,56,80,96,128,243.0,132.0,1.0,825,13200,9969,3231,0.24643939393939393,"{""X2Y1"": 600, ""X2Y2"": 225}",True,NOT_PROVEN_WITHOUT_MOVED_FF_CONTROL_SET_REPLAY,NOT_PROVEN_READ_ONLY_SITE_INVENTORY_ONLY,0,DEST_MIXED_OR_OTHER,22,62A80A6BF2780309EBB7ACB65499DC33F9E420F49ABAF670FF853CD53D650A7D,True,,False,False,U_NEG_UPSTREAM_WORSENING;U_PASS_UPSTREAM_INCREASE;D_NEG_NO_MEDIAN_IMPROVEMENT,,False,False,False,True,"[0.0, 14.0, 8.0, 1.0, 0.0, 0.0, 0.0, 0.0, 22.0]",58,-17.0,0.0,14.0,19.0,22.0,34.0,13,8,37,58,-0.136,-0.0885,-0.043,-0.028,-0.017,-4.796,6,0.0,0.0,14.0,14.0,14.0,14.0,0,1,5,6,0.011,0.040999999999999995,0.066,0.066,0.066,0.241,201,-25.0,0.0,0.0,0.0,0.0,-206.0,10,0,191,201,-0.133,-0.038,-0.006,-0.003,-0.001,-7.99,384,-41.0,0.0,0.0,0.0,0.0,-1540.0,73,0,311,384,0.0,0.043,0.07,0.074,0.078,15.882,4032,-41.0,0.0,0.0,0.0,0.0,-32190.0,1388,0,2644,4032,-0.133,0.357,0.894,1.023,1.334,1673.434
A_X068_Y112,68,112,56,80,96,128,243.0,132.0,1.0,825,13200,9969,3231,0.24598484848484847,"{""X2Y1"": 600, ""X2Y2"": 225}",True,NOT_PROVEN_WITHOUT_MOVED_FF_CONTROL_SET_REPLAY,NOT_PROVEN_READ_ONLY_SITE_INVENTORY_ONLY,0,FEATURE_BIN_0,16,25AFEB422DB3BDBEF4DCE97A6D1274116E7B27A3B94E395D479DC22D3DE14FFD,True,,True,False,U_NEG_UPSTREAM_WORSENING;D_NEG_NO_MEDIAN_IMPROVEMENT,,False,True,False,True,"[0.0, 0.0, 5.0, 0.0, 0.0, 0.0, 0.0, 0.0, 16.0]",58,-11.0,0.0,0.0,14.0,20.0,5.0,10,5,43,58,-0.136,-0.0885,-0.043,-0.028,-0.017,-4.796,6,0.0,0.0,0.0,0.0,0.0,0.0,0,0,6,6,0.011,0.040999999999999995,0.066,0.066,0.066,0.241,201,-28.0,0.0,0.0,0.0,0.0,-1548.0,64,0,137,201,-0.133,-0.038,-0.006,-0.003,-0.001,-7.99,384,-41.0,0.0,0.0,0.0,0.0,-2262.0,96,0,288,384,0.0,0.043,0.07,0.074,0.078,15.882,4032,-41.0,0.0,0.0,0.0,0.0,-24910.0,1011,0,3021,4032,-0.133,0.357,0.894,1.023,1.334,1673.434
A_X068_Y112,68,112,56,80,96,128,243.0,132.0,1.0,825,13200,9969,3231,0.24598484848484847,"{""X2Y1"": 600, ""X2Y2"": 225}",True,NOT_PROVEN_WITHOUT_MOVED_FF_CONTROL_SET_REPLAY,NOT_PROVEN_READ_ONLY_SITE_INVENTORY_ONLY,0,FEATURE_BIN_1,16,863B9B0389C1B994C73ED0C57EC56A84FD6D317708E59D47B391DA86E44D3A8E,True,,False,False,U_NEG_UPSTREAM_WORSENING;U_PASS_UPSTREAM_INCREASE;D_NEG_NO_MEDIAN_IMPROVEMENT,,False,False,False,True,"[0.0, 11.0, 8.0, 2.0, 0.0, 0.0, 0.0, 0.0, 16.0]",58,-21.0,0.0,11.0,19.0,27.0,52.0,6,8,44,58,-0.136,-0.0885,-0.043,-0.028,-0.017,-4.796,6,0.0,0.0,19.0,19.0,19.0,21.0,0,2,4,6,0.011,0.040999999999999995,0.066,0.066,0.066,0.241,201,-34.0,0.0,0.0,0.0,0.0,-1088.0,48,0,153,201,-0.133,-0.038,-0.006,-0.003,-0.001,-7.99,384,-34.0,0.0,0.0,0.0,0.0,-2451.0,104,0,280,384,0.0,0.043,0.07,0.074,0.078,15.882,4032,-40.0,0.0,0.0,0.0,0.0,-24202.0,1012,0,3020,4032,-0.133,0.357,0.894,1.023,1.334,1673.434
A_X068_Y112,68,112,56,80,96,128,243.0,132.0,1.0,825,13200,9969,3231,0.24598484848484847,"{""X2Y1"": 600, ""X2Y2"": 225}",True,NOT_PROVEN_WITHOUT_MOVED_FF_CONTROL_SET_REPLAY,NOT_PROVEN_READ_ONLY_SITE_INVENTORY_ONLY,0,FEATURE_BIN_2,16,18F6AC63D50EACD2B5F6CC669CA58252595A0313B759D7A0EC563D4D8CFF4410,True,,False,False,U_NEG_UPSTREAM_WORSENING;U_PASS_UPSTREAM_INCREASE;D_NEG_NO_MEDIAN_IMPROVEMENT,,False,False,False,True,"[0.0, 2.0, 6.0, 1.0, 0.0, 0.0, 0.0, 0.0, 16.0]",58,-31.0,0.0,2.0,19.0,19.0,20.0,8,6,44,58,-0.136,-0.0885,-0.043,-0.028,-0.017,-4.796,6,-9.0,0.0,19.0,19.0,19.0,10.0,1,1,4,6,0.011,0.040999999999999995,0.066,0.066,0.066,0.241,201,-37.0,0.0,0.0,0.0,0.0,-1154.0,57,0,144,201,-0.133,-0.038,-0.006,-0.003,-0.001,-7.99,384,-37.0,0.0,0.0,0.0,0.0,-1792.0,85,0,299,384,0.0,0.043,0.07,0.074,0.078,15.882,4032,-38.0,0.0,0.0,0.0,0.0,-24572.0,1012,0,3020,4032,-0.133,0.357,0.894,1.023,1.334,1673.434
A_X068_Y112,68,112,56,80,96,128,243.0,132.0,1.0,825,13200,9969,3231,0.24598484848484847,"{""X2Y1"": 600, ""X2Y2"": 225}",True,NOT_PROVEN_WITHOUT_MOVED_FF_CONTROL_SET_REPLAY,NOT_PROVEN_READ_ONLY_SITE_INVENTORY_ONLY,0,FEATURE_BIN_3,16,6D6B2605916DFCDD525A27838AC825D18C62B807369D6E6322040D77ED73CF54,True,,False,False,U_NEG_UPSTREAM_WORSENING;U_PASS_UPSTREAM_INCREASE;D_NEG_NO_MEDIAN_IMPROVEMENT,,False,False,False,True,"[0.0, 3.0, 6.0, 1.0, 0.0, 0.0, 0.0, 0.0, 16.0]",58,-19.0,0.0,3.0,19.0,19.0,16.0,8,6,44,58,-0.136,-0.0885,-0.043,-0.028,-0.017,-4.796,6,-19.0,0.0,14.0,14.0,14.0,-5.0,1,1,4,6,0.011,0.040999999999999995,0.066,0.066,0.066,0.241,201,-28.0,0.0,0.0,0.0,0.0,-450.0,32,0,169,201,-0.133,-0.038,-0.006,-0.003,-0.001,-7.99,384,-40.0,0.0,0.0,0.0,0.0,-1641.0,99,0,285,384,0.0,0.043,0.07,0.074,0.078,15.882,4032,-40.0,0.0,0.0,0.0,0.0,-19994.0,996,0,3036,4032,-0.133,0.357,0.894,1.023,1.334,1673.434
A_X068_Y116,68,116,56,80,100,132,243.0,128.0,1.0,825,13200,10024,3176,0.24545454545454545,"{""X2Y1"": 500, ""X2Y2"": 325}",True,NOT_PROVEN_WITHOUT_MOVED_FF_CONTROL_SET_REPLAY,NOT_PROVEN_READ_ONLY_SITE_INVENTORY_ONLY,0,ALL_64,64,A49D88051B2D2E5D1255D4F806A7569CDA9B33A650A908566197031349AD8DB4,True,,True,False,U_NEG_UPSTREAM_WORSENING;U_PASS_UPSTREAM_INCREASE,,False,False,True,True,"[-6.5, 15.0, 20.0, 3.0, -17.0, -12.0, -17.0, -18.0, 64.0]",58,-35.0,-6.5,15.0,16.0,23.0,-139.0,37,20,1,58,-0.136,-0.0885,-0.043,-0.028,-0.017,-4.796,6,-23.0,4.0,15.0,15.0,15.0,2.0,3,3,0,6,0.011,0.040999999999999995,0.066,0.066,0.066,0.241,201,-33.0,-17.0,-12.0,-9.0,-7.0,-3458.0,201,0,0,201,-0.133,-0.038,-0.006,-0.003,-0.001,-7.99,384,-37.0,-17.0,-10.0,-9.0,-7.0,-6624.0,384,0,0,384,0.0,0.043,0.07,0.074,0.078,15.882,4032,-37.0,-18.0,-10.0,-9.0,-4.0,-78914.0,4032,0,0,4032,-0.133,0.357,0.894,1.023,1.334,1673.434
A_X068_Y116,68,116,56,80,100,132,243.0,128.0,1.0,825,13200,10024,3176,0.24227272727272728,"{""X2Y1"": 500, ""X2Y2"": 325}",True,NOT_PROVEN_WITHOUT_MOVED_FF_CONTROL_SET_REPLAY,NOT_PROVEN_READ_ONLY_SITE_INVENTORY_ONLY,0,DEST_X2Y1_MAJOR,22,EC8295A18CFB3214990035A3C2A8A03B2248BEA56069D816345F1D2C0CC4741A,True,,False,False,U_NEG_UPSTREAM_WORSENING;D_NEG_NO_MEDIAN_IMPROVEMENT,,False,True,False,True,"[0.0, 1.0, 6.0, 0.0, 0.0, 0.0, 0.0, 0.0, 22.0]",58,-35.0,0.0,1.0,15.0,15.0,-87.0,15,6,37,58,-0.136,-0.0885,-0.043,-0.028,-0.017,-4.796,6,0.0,0.0,0.0,0.0,0.0,0.0,0,0,6,6,0.011,0.040999999999999995,0.066,0.066,0.066,0.241,201,-33.0,0.0,0.0,0.0,0.0,-1112.0,65,0,136,201,-0.133,-0.038,-0.006,-0.003,-0.001,-7.99,384,-36.0,0.0,0.0,0.0,0.0,-2593.0,142,0,242,384,0.0,0.043,0.07,0.074,0.078,15.882,4032,-36.0,0.0,0.0,0.0,0.0,-27186.0,1384,0,2648,4032,-0.133,0.357,0.894,1.023,1.334,1673.434
A_X068_Y116,68,116,56,80,100,132,243.0,128.0,1.0,825,13200,10024,3176,0.24212121212121213,"{""X2Y1"": 500, ""X2Y2"": 325}",True,NOT_PROVEN_WITHOUT_MOVED_FF_CONTROL_SET_REPLAY,NOT_PROVEN_READ_ONLY_SITE_INVENTORY_ONLY,0,DEST_X3Y1_MAJOR,20,D8DF451BC1C4EF6032E28F4D3065B488CCF48FA9921667AB64B2E0E8D05D4049,True,,True,False,U_NEG_UPSTREAM_WORSENING;U_PASS_UPSTREAM_INCREASE,,False,False,True,True,"[0.0, 7.0, 6.0, 2.0, -15.0, 0.0, 0.0, 0.0, 20.0]",58,-25.0,0.0,7.0,15.0,23.0,-2.0,9,6,43,58,-0.136,-0.0885,-0.043,-0.028,-0.017,-4.796,6,-23.0,-1.0,15.0,15.0,15.0,-8.0,3,2,1,6,0.011,0.040999999999999995,0.066,0.066,0.066,0.241,201,-30.0,-15.0,0.0,0.0,0.0,-2180.0,126,0,75,201,-0.133,-0.038,-0.006,-0.003,-0.001,-7.99,384,-33.0,0.0,0.0,0.0,0.0,-2783.0,169,0,215,384,0.0,0.043,0.07,0.074,0.078,15.882,4032,-36.0,0.0,0.0,0.0,0.0,-24784.0,1260,0,2772,4032,-0.133,0.357,0.894,1.023,1.334,1673.434
A_X068_Y116,68,116,56,80,100,132,243.0,128.0,1.0,825,13200,10024,3176,0.24227272727272728,"{""X2Y1"": 500, ""X2Y2"": 325}",True,NOT_PROVEN_WITHOUT_MOVED_FF_CONTROL_SET_REPLAY,NOT_PROVEN_READ_ONLY_SITE_INVENTORY_ONLY,0,DEST_MIXED_OR_OTHER,22,62A80A6BF2780309EBB7ACB65499DC33F9E420F49ABAF670FF853CD53D650A7D,True,,False,False,U_NEG_UPSTREAM_WORSENING;U_PASS_UPSTREAM_INCREASE;D_NEG_NO_MEDIAN_IMPROVEMENT,,False,False,False,True,"[0.0, 10.0, 8.0, 1.0, 0.0, 0.0, 0.0, 0.0, 22.0]",58,-21.0,0.0,10.0,15.0,18.0,-50.0,13,8,37,58,-0.136,-0.0885,-0.043,-0.028,-0.017,-4.796,6,0.0,0.0,10.0,10.0,10.0,10.0,0,1,5,6,0.011,0.040999999999999995,0.066,0.066,0.066,0.241,201,-21.0,0.0,0.0,0.0,0.0,-166.0,10,0,191,201,-0.133,-0.038,-0.006,-0.003,-0.001,-7.99,384,-37.0,0.0,0.0,0.0,0.0,-1248.0,73,0,311,384,0.0,0.043,0.07,0.074,0.078,15.882,4032,-37.0,0.0,0.0,0.0,0.0,-26944.0,1388,0,2644,4032,-0.133,0.357,0.894,1.023,1.334,1673.434
A_X068_Y116,68,116,56,80,100,132,243.0,128.0,1.0,825,13200,10024,3176,0.24181818181818182,"{""X2Y1"": 500, ""X2Y2"": 325}",True,NOT_PROVEN_WITHOUT_MOVED_FF_CONTROL_SET_REPLAY,NOT_PROVEN_READ_ONLY_SITE_INVENTORY_ONLY,0,FEATURE_BIN_0,16,25AFEB422DB3BDBEF4DCE97A6D1274116E7B27A3B94E395D479DC22D3DE14FFD,True,,True,False,U_NEG_UPSTREAM_WORSENING;D_NEG_NO_MEDIAN_IMPROVEMENT,,False,True,False,True,"[0.0, 0.0, 5.0, 0.0, 0.0, 0.0, 0.0, 0.0, 16.0]",58,-15.0,0.0,0.0,10.0,16.0,-59.0,11,5,42,58,-0.136,-0.0885,-0.043,-0.028,-0.017,-4.796,6,0.0,0.0,0.0,0.0,0.0,0.0,0,0,6,6,0.011,0.040999999999999995,0.066,0.066,0.066,0.241,201,-24.0,0.0,0.0,0.0,0.0,-1308.0,64,0,137,201,-0.133,-0.038,-0.006,-0.003,-0.001,-7.99,384,-37.0,0.0,0.0,0.0,0.0,-1886.0,96,0,288,384,0.0,0.043,0.07,0.074,0.078,15.882,4032,-37.0,0.0,0.0,0.0,0.0,-21040.0,1012,0,3020,4032,-0.133,0.357,0.894,1.023,1.334,1673.434
A_X068_Y116,68,116,56,80,100,132,243.0,128.0,1.0,825,13200,10024,3176,0.24181818181818182,"{""X2Y1"": 500, ""X2Y2"": 325}",True,NOT_PROVEN_WITHOUT_MOVED_FF_CONTROL_SET_REPLAY,NOT_PROVEN_READ_ONLY_SITE_INVENTORY_ONLY,0,FEATURE_BIN_1,16,863B9B0389C1B994C73ED0C57EC56A84FD6D317708E59D47B391DA86E44D3A8E,True,,False,False,U_NEG_UPSTREAM_WORSENING;U_PASS_UPSTREAM_INCREASE;D_NEG_NO_MEDIAN_IMPROVEMENT,,False,False,False,True,"[0.0, 7.0, 6.0, 1.0, 0.0, 0.0, 0.0, 0.0, 16.0]",58,-25.0,0.0,7.0,15.0,23.0,-4.0,8,6,44,58,-0.136,-0.0885,-0.043,-0.028,-0.017,-4.796,6,-2.0,0.0,15.0,15.0,15.0,13.0,1,1,4,6,0.011,0.040999999999999995,0.066,0.066,0.066,0.241,201,-30.0,0.0,0.0,0.0,0.0,-900.0,48,0,153,201,-0.133,-0.038,-0.006,-0.003,-0.001,-7.99,384,-30.0,0.0,0.0,0.0,0.0,-2039.0,104,0,280,384,0.0,0.043,0.07,0.074,0.078,15.882,4032,-36.0,0.0,0.0,0.0,0.0,-20544.0,1012,0,3020,4032,-0.133,0.357,0.894,1.023,1.334,1673.434
A_X068_Y116,68,116,56,80,100,132,243.0,128.0,1.0,825,13200,10024,3176,0.24181818181818182,"{""X2Y1"": 500, ""X2Y2"": 325}",True,NOT_PROVEN_WITHOUT_MOVED_FF_CONTROL_SET_REPLAY,NOT_PROVEN_READ_ONLY_SITE_INVENTORY_ONLY,0,FEATURE_BIN_2,16,18F6AC63D50EACD2B5F6CC669CA58252595A0313B759D7A0EC563D4D8CFF4410,True,,False,False,U_NEG_UPSTREAM_WORSENING;U_PASS_UPSTREAM_INCREASE;D_NEG_NO_MEDIAN_IMPROVEMENT,,False,False,False,True,"[0.0, 0.0, 5.0, 1.0, 0.0, 0.0, 0.0, 0.0, 16.0]",58,-35.0,0.0,0.0,15.0,15.0,-36.0,9,5,44,58,-0.136,-0.0885,-0.043,-0.028,-0.017,-4.796,6,-13.0,0.0,15.0,15.0,15.0,2.0,1,1,4,6,0.011,0.040999999999999995,0.066,0.066,0.066,0.241,201,-33.0,0.0,0.0,0.0,0.0,-926.0,57,0,144,201,-0.133,-0.038,-0.006,-0.003,-0.001,-7.99,384,-33.0,0.0,0.0,0.0,0.0,-1452.0,85,0,299,384,0.0,0.043,0.07,0.074,0.078,15.882,4032,-34.0,0.0,0.0,0.0,0.0,-20910.0,1012,0,3020,4032,-0.133,0.357,0.894,1.023,1.334,1673.434
A_X068_Y116,68,116,56,80,100,132,243.0,128.0,1.0,825,13200,10024,3176,0.24181818181818182,"{""X2Y1"": 500, ""X2Y2"": 325}",True,NOT_PROVEN_WITHOUT_MOVED_FF_CONTROL_SET_REPLAY,NOT_PROVEN_READ_ONLY_SITE_INVENTORY_ONLY,0,FEATURE_BIN_3,16,6D6B2605916DFCDD525A27838AC825D18C62B807369D6E6322040D77ED73CF54,True,,True,False,U_NEG_UPSTREAM_WORSENING;U_PASS_UPSTREAM_INCREASE;D_NEG_NO_MEDIAN_IMPROVEMENT,,False,False,False,True,"[0.0, 0.0, 4.0, 1.0, 0.0, 0.0, 0.0, 0.0, 16.0]",58,-23.0,0.0,0.0,15.0,15.0,-40.0,9,4,45,58,-0.136,-0.0885,-0.043,-0.028,-0.017,-4.796,6,-23.0,0.0,10.0,10.0,10.0,-13.0,1,1,4,6,0.011,0.040999999999999995,0.066,0.066,0.066,0.241,201,-24.0,0.0,0.0,0.0,0.0,-324.0,32,0,169,201,-0.133,-0.038,-0.006,-0.003,-0.001,-7.99,384,-36.0,0.0,0.0,0.0,0.0,-1247.0,99,0,285,384,0.0,0.043,0.07,0.074,0.078,15.882,4032,-36.0,0.0,0.0,0.0,0.0,-16420.0,996,0,3036,4032,-0.133,0.357,0.894,1.023,1.334,1673.434
A_X072_Y076,72,76,60,84,60,92,251.0,169.0,1.0,825,13200,9908,3292,0.25424242424242427,"{""X2Y1"": 825}",True,NOT_PROVEN_WITHOUT_MOVED_FF_CONTROL_SET_REPLAY,NOT_PROVEN_READ_ONLY_SITE_INVENTORY_ONLY,64,ALL_64,64,A49D88051B2D2E5D1255D4F806A7569CDA9B33A650A908566197031349AD8DB4,True,,False,False,U_NEG_UPSTREAM_WORSENING;U_PASS_UPSTREAM_INCREASE,,False,False,True,True,"[36.0, 58.0, 57.0, 6.0, -42.0, 1.0, -42.0, -23.0, 64.0]",58,-2.0,36.0,58.0,62.0,66.0,2191.0,1,57,0,58,-0.136,-0.0885,-0.043,-0.028,-0.017,-4.796,6,10.0,42.0,58.0,58.0,58.0,220.0,0,6,0,6,0.011,0.040999999999999995,0.066,0.066,0.066,0.241,201,-71.0,-42.0,1.0,4.0,27.0,-7581.0,180,21,0,201,-0.133,-0.038,-0.006,-0.003,-0.001,-7.99,384,-71.0,-42.0,-4.0,3.0,25.0,-14842.0,357,26,1,384,0.0,0.043,0.07,0.074,0.078,15.882,4032,-80.0,-23.0,11.0,17.0,45.0,-100526.0,3107,893,32,4032,-0.133,0.357,0.894,1.023,1.334,1673.434
A_X072_Y076,72,76,60,84,60,92,251.0,169.0,1.0,825,13200,9908,3292,0.25106060606060604,"{""X2Y1"": 825}",True,NOT_PROVEN_WITHOUT_MOVED_FF_CONTROL_SET_REPLAY,NOT_PROVEN_READ_ONLY_SITE_INVENTORY_ONLY,22,DEST_X2Y1_MAJOR,22,EC8295A18CFB3214990035A3C2A8A03B2248BEA56069D816345F1D2C0CC4741A,True,,False,False,U_NEG_UPSTREAM_WORSENING;D_NEG_NO_MEDIAN_IMPROVEMENT,,False,True,False,True,"[0.0, 48.0, 21.0, 0.0, 0.0, 0.0, 0.0, 0.0, 22.0]",58,-2.0,0.0,48.0,57.0,58.0,755.0,1,21,36,58,-0.136,-0.0885,-0.043,-0.028,-0.017,-4.796,6,0.0,0.0,0.0,0.0,0.0,0.0,0,0,6,6,0.011,0.040999999999999995,0.066,0.066,0.066,0.241,201,-69.0,0.0,0.0,0.0,27.0,-2911.0,61,4,136,201,-0.133,-0.038,-0.006,-0.003,-0.001,-7.99,384,-68.0,0.0,0.0,0.0,25.0,-5809.0,135,6,243,384,0.0,0.043,0.07,0.074,0.078,15.882,4032,-69.0,0.0,0.0,7.0,45.0,-34248.0,1047,332,2653,4032,-0.133,0.357,0.894,1.023,1.334,1673.434
A_X072_Y076,72,76,60,84,60,92,251.0,169.0,1.0,825,13200,9908,3292,0.2509090909090909,"{""X2Y1"": 825}",True,NOT_PROVEN_WITHOUT_MOVED_FF_CONTROL_SET_REPLAY,NOT_PROVEN_READ_ONLY_SITE_INVENTORY_ONLY,20,DEST_X3Y1_MAJOR,20,D8DF451BC1C4EF6032E28F4D3065B488CCF48FA9921667AB64B2E0E8D05D4049,True,,False,False,U_NEG_UPSTREAM_WORSENING;U_PASS_UPSTREAM_INCREASE,,False,False,True,True,"[0.0, 48.0, 15.0, 5.0, -11.0, 0.0, 0.0, 0.0, 20.0]",58,0.0,0.0,48.0,50.0,66.0,617.0,0,15,43,58,-0.136,-0.0885,-0.043,-0.028,-0.017,-4.796,6,0.0,30.5,58.0,58.0,58.0,177.0,0,5,1,6,0.011,0.040999999999999995,0.066,0.066,0.066,0.241,201,-71.0,-11.0,0.0,2.0,18.0,-4360.0,111,15,75,201,-0.133,-0.038,-0.006,-0.003,-0.001,-7.99,384,-71.0,0.0,0.0,0.0,18.0,-6096.0,158,11,215,384,0.0,0.043,0.07,0.074,0.078,15.882,4032,-77.0,0.0,0.0,4.0,44.0,-31608.0,973,269,2790,4032,-0.133,0.357,0.894,1.023,1.334,1673.434
A_X072_Y076,72,76,60,84,60,92,251.0,169.0,1.0,825,13200,9908,3292,0.25106060606060604,"{""X2Y1"": 825}",True,NOT_PROVEN_WITHOUT_MOVED_FF_CONTROL_SET_REPLAY,NOT_PROVEN_READ_ONLY_SITE_INVENTORY_ONLY,22,DEST_MIXED_OR_OTHER,22,62A80A6BF2780309EBB7ACB65499DC33F9E420F49ABAF670FF853CD53D650A7D,True,,False,False,U_NEG_UPSTREAM_WORSENING;U_PASS_UPSTREAM_INCREASE;D_NEG_NO_MEDIAN_IMPROVEMENT,,False,False,False,True,"[0.0, 48.0, 21.0, 1.0, 0.0, 0.0, 0.0, 0.0, 22.0]",58,0.0,0.0,48.0,57.0,65.0,819.0,0,21,37,58,-0.136,-0.0885,-0.043,-0.028,-0.017,-4.796,6,0.0,0.0,43.0,43.0,43.0,43.0,0,1,5,6,0.011,0.040999999999999995,0.066,0.066,0.066,0.241,201,-63.0,0.0,0.0,0.0,7.0,-310.0,8,2,191,201,-0.133,-0.038,-0.006,-0.003,-0.001,-7.99,384,-71.0,0.0,0.0,0.0,11.0,-2937.0,64,9,311,384,0.0,0.043,0.07,0.074,0.078,15.882,4032,-80.0,0.0,0.0,8.0,42.0,-34670.0,1087,292,2653,4032,-0.133,0.357,0.894,1.023,1.334,1673.434
A_X072_Y076,72,76,60,84,60,92,251.0,169.0,1.0,825,13200,9908,3292,0.2506060606060606,"{""X2Y1"": 825}",True,NOT_PROVEN_WITHOUT_MOVED_FF_CONTROL_SET_REPLAY,NOT_PROVEN_READ_ONLY_SITE_INVENTORY_ONLY,16,FEATURE_BIN_0,16,25AFEB422DB3BDBEF4DCE97A6D1274116E7B27A3B94E395D479DC22D3DE14FFD,True,,False,False,U_NEG_UPSTREAM_WORSENING;D_NEG_NO_MEDIAN_IMPROVEMENT,,False,True,False,True,"[0.0, 45.0, 16.0, 0.0, 0.0, 0.0, 0.0, 0.0, 16.0]",58,0.0,0.0,45.0,57.0,65.0,705.0,0,16,42,58,-0.136,-0.0885,-0.043,-0.028,-0.017,-4.796,6,0.0,0.0,0.0,0.0,0.0,0.0,0,0,6,6,0.011,0.040999999999999995,0.066,0.066,0.066,0.241,201,-71.0,0.0,0.0,0.0,27.0,-2308.0,56,8,137,201,-0.133,-0.038,-0.006,-0.003,-0.001,-7.99,384,-71.0,0.0,0.0,0.0,25.0,-4222.0,93,3,288,384,0.0,0.043,0.07,0.074,0.078,15.882,4032,-80.0,0.0,0.0,0.0,45.0,-28136.0,828,178,3026,4032,-0.133,0.357,0.894,1.023,1.334,1673.434
A_X072_Y076,72,76,60,84,60,92,251.0,169.0,1.0,825,13200,9908,3292,0.2506060606060606,"{""X2Y1"": 825}",True,NOT_PROVEN_WITHOUT_MOVED_FF_CONTROL_SET_REPLAY,NOT_PROVEN_READ_ONLY_SITE_INVENTORY_ONLY,16,FEATURE_BIN_1,16,863B9B0389C1B994C73ED0C57EC56A84FD6D317708E59D47B391DA86E44D3A8E,True,,False,False,U_NEG_UPSTREAM_WORSENING;U_PASS_UPSTREAM_INCREASE;D_NEG_NO_MEDIAN_IMPROVEMENT,,False,False,False,True,"[0.0, 50.0, 14.0, 2.0, 0.0, 0.0, 0.0, 0.0, 16.0]",58,0.0,0.0,50.0,58.0,66.0,618.0,0,14,44,58,-0.136,-0.0885,-0.043,-0.028,-0.017,-4.796,6,0.0,0.0,58.0,58.0,58.0,99.0,0,2,4,6,0.011,0.040999999999999995,0.066,0.066,0.066,0.241,201,-69.0,0.0,0.0,0.0,7.0,-2076.0,44,4,153,201,-0.133,-0.038,-0.006,-0.003,-0.001,-7.99,384,-71.0,0.0,0.0,0.0,7.0,-3871.0,94,9,281,384,0.0,0.043,0.07,0.074,0.078,15.882,4032,-77.0,0.0,0.0,5.0,44.0,-25476.0,766,243,3023,4032,-0.133,0.357,0.894,1.023,1.334,1673.434
A_X072_Y076,72,76,60,84,60,92,251.0,169.0,1.0,825,13200,9908,3292,0.2506060606060606,"{""X2Y1"": 825}",True,NOT_PROVEN_WITHOUT_MOVED_FF_CONTROL_SET_REPLAY,NOT_PROVEN_READ_ONLY_SITE_INVENTORY_ONLY,16,FEATURE_BIN_2,16,18F6AC63D50EACD2B5F6CC669CA58252595A0313B759D7A0EC563D4D8CFF4410,True,,False,False,U_NEG_UPSTREAM_WORSENING;U_PASS_UPSTREAM_INCREASE;D_NEG_NO_MEDIAN_IMPROVEMENT,,False,False,False,True,"[0.0, 31.0, 13.0, 2.0, 0.0, 0.0, 0.0, 0.0, 16.0]",58,-2.0,0.0,31.0,48.0,48.0,446.0,1,13,44,58,-0.136,-0.0885,-0.043,-0.028,-0.017,-4.796,6,0.0,0.0,48.0,48.0,48.0,68.0,0,2,4,6,0.011,0.040999999999999995,0.066,0.066,0.066,0.241,201,-67.0,0.0,0.0,0.0,5.0,-2071.0,52,5,144,201,-0.133,-0.038,-0.006,-0.003,-0.001,-7.99,384,-67.0,0.0,0.0,0.0,6.0,-3297.0,81,4,299,384,0.0,0.043,0.07,0.074,0.078,15.882,4032,-67.0,0.0,0.0,1.0,31.0,-25982.0,792,212,3028,4032,-0.133,0.357,0.894,1.023,1.334,1673.434
A_X072_Y076,72,76,60,84,60,92,251.0,169.0,1.0,825,13200,9908,3292,0.2506060606060606,"{""X2Y1"": 825}",True,NOT_PROVEN_WITHOUT_MOVED_FF_CONTROL_SET_REPLAY,NOT_PROVEN_READ_ONLY_SITE_INVENTORY_ONLY,16,FEATURE_BIN_3,16,6D6B2605916DFCDD525A27838AC825D18C62B807369D6E6322040D77ED73CF54,True,,False,False,U_NEG_UPSTREAM_WORSENING;U_PASS_UPSTREAM_INCREASE;D_NEG_NO_MEDIAN_IMPROVEMENT,,False,False,False,True,"[0.0, 32.0, 14.0, 2.0, 0.0, 0.0, 0.0, 0.0, 16.0]",58,0.0,0.0,32.0,48.0,48.0,422.0,0,14,44,58,-0.136,-0.0885,-0.043,-0.028,-0.017,-4.796,6,0.0,0.0,43.0,43.0,43.0,53.0,0,2,4,6,0.011,0.040999999999999995,0.066,0.066,0.066,0.241,201,-61.0,0.0,0.0,0.0,18.0,-1126.0,28,4,169,201,-0.133,-0.038,-0.006,-0.003,-0.001,-7.99,384,-67.0,0.0,0.0,0.0,18.0,-3452.0,89,10,285,384,0.0,0.043,0.07,0.074,0.078,15.882,4032,-67.0,0.0,0.0,5.0,41.0,-20932.0,721,260,3051,4032,-0.133,0.357,0.894,1.023,1.334,1673.434
A_X072_Y080,72,80,60,84,64,96,251.0,165.0,1.0,825,13200,9738,3462,0.26712121212121215,"{""X2Y1"": 825}",True,NOT_PROVEN_WITHOUT_MOVED_FF_CONTROL_SET_REPLAY,NOT_PROVEN_READ_ONLY_SITE_INVENTORY_ONLY,64,ALL_64,64,A49D88051B2D2E5D1255D4F806A7569CDA9B33A650A908566197031349AD8DB4,True,,False,False,U_NEG_UPSTREAM_WORSENING;U_PASS_UPSTREAM_INCREASE,,False,False,True,True,"[32.0, 54.0, 57.0, 6.0, -46.0, -3.0, -45.0, -27.0, 64.0]",58,-6.0,32.0,54.0,58.0,62.0,1959.0,1,57,0,58,-0.136,-0.0885,-0.043,-0.028,-0.017,-4.796,6,6.0,38.0,54.0,54.0,54.0,196.0,0,6,0,6,0.011,0.040999999999999995,0.066,0.066,0.066,0.241,201,-67.0,-46.0,-3.0,0.0,23.0,-8069.0,189,9,3,201,-0.133,-0.038,-0.006,-0.003,-0.001,-7.99,384,-67.0,-45.0,-8.0,-1.0,21.0,-15648.0,368,12,4,384,0.0,0.043,0.07,0.074,0.078,15.882,4032,-82.0,-27.0,7.0,13.0,41.0,-111838.0,3290,689,53,4032,-0.133,0.357,0.894,1.023,1.334,1673.434
A_X072_Y080,72,80,60,84,64,96,251.0,165.0,1.0,825,13200,9738,3462,0.2639393939393939,"{""X2Y1"": 825}",True,NOT_PROVEN_WITHOUT_MOVED_FF_CONTROL_SET_REPLAY,NOT_PROVEN_READ_ONLY_SITE_INVENTORY_ONLY,22,DEST_X2Y1_MAJOR,22,EC8295A18CFB3214990035A3C2A8A03B2248BEA56069D816345F1D2C0CC4741A,True,,False,False,U_NEG_UPSTREAM_WORSENING;D_NEG_NO_MEDIAN_IMPROVEMENT,,False,True,False,True,"[0.0, 44.0, 21.0, 0.0, 0.0, 0.0, 0.0, 0.0, 22.0]",58,-6.0,0.0,44.0,53.0,54.0,667.0,1,21,36,58,-0.136,-0.0885,-0.043,-0.028,-0.017,-4.796,6,0.0,0.0,0.0,0.0,0.0,0.0,0,0,6,6,0.011,0.040999999999999995,0.066,0.066,0.066,0.241,201,-67.0,0.0,0.0,0.0,23.0,-3019.0,62,2,137,201,-0.133,-0.038,-0.006,-0.003,-0.001,-7.99,384,-65.0,0.0,0.0,0.0,21.0,-6129.0,138,4,242,384,0.0,0.043,0.07,0.074,0.078,15.882,4032,-67.0,0.0,0.0,3.0,41.0,-38204.0,1111,256,2665,4032,-0.133,0.357,0.894,1.023,1.334,1673.434
A_X072_Y080,72,80,60,84,64,96,251.0,165.0,1.0,825,13200,9738,3462,0.2637878787878788,"{""X2Y1"": 825}",True,NOT_PROVEN_WITHOUT_MOVED_FF_CONTROL_SET_REPLAY,NOT_PROVEN_READ_ONLY_SITE_INVENTORY_ONLY,20,DEST_X3Y1_MAJOR,20,D8DF451BC1C4EF6032E28F4D3065B488CCF48FA9921667AB64B2E0E8D05D4049,True,,False,False,U_NEG_UPSTREAM_WORSENING;U_PASS_UPSTREAM_INCREASE,,False,False,True,True,"[0.0, 44.0, 15.0, 5.0, -15.0, 0.0, 0.0, 0.0, 20.0]",58,0.0,0.0,44.0,46.0,62.0,557.0,0,15,43,58,-0.136,-0.0885,-0.043,-0.028,-0.017,-4.796,6,0.0,26.5,54.0,54.0,54.0,157.0,0,5,1,6,0.011,0.040999999999999995,0.066,0.066,0.066,0.241,201,-67.0,-15.0,0.0,0.0,14.0,-4716.0,118,6,77,201,-0.133,-0.038,-0.006,-0.003,-0.001,-7.99,384,-67.0,0.0,0.0,0.0,14.0,-6488.0,163,2,219,384,0.0,0.043,0.07,0.074,0.078,15.882,4032,-75.0,0.0,0.0,0.0,40.0,-35134.0,1047,193,2792,4032,-0.133,0.357,0.894,1.023,1.334,1673.434
A_X072_Y080,72,80,60,84,64,96,251.0,165.0,1.0,825,13200,9738,3462,0.2639393939393939,"{""X2Y1"": 825}",True,NOT_PROVEN_WITHOUT_MOVED_FF_CONTROL_SET_REPLAY,NOT_PROVEN_READ_ONLY_SITE_INVENTORY_ONLY,22,DEST_MIXED_OR_OTHER,22,62A80A6BF2780309EBB7ACB65499DC33F9E420F49ABAF670FF853CD53D650A7D,True,,False,False,U_NEG_UPSTREAM_WORSENING;U_PASS_UPSTREAM_INCREASE;D_NEG_NO_MEDIAN_IMPROVEMENT,,False,False,False,True,"[0.0, 44.0, 21.0, 1.0, 0.0, 0.0, 0.0, 0.0, 22.0]",58,0.0,0.0,44.0,53.0,61.0,735.0,0,21,37,58,-0.136,-0.0885,-0.043,-0.028,-0.017,-4.796,6,0.0,0.0,39.0,39.0,39.0,39.0,0,1,5,6,0.011,0.040999999999999995,0.066,0.066,0.066,0.241,201,-60.0,0.0,0.0,0.0,3.0,-334.0,9,1,191,201,-0.133,-0.038,-0.006,-0.003,-0.001,-7.99,384,-67.0,0.0,0.0,0.0,7.0,-3031.0,67,6,311,384,0.0,0.043,0.07,0.074,0.078,15.882,4032,-82.0,0.0,0.0,4.0,38.0,-38500.0,1132,240,2660,4032,-0.133,0.357,0.894,1.023,1.334,1673.434
A_X072_Y080,72,80,60,84,64,96,251.0,165.0,1.0,825,13200,9738,3462,0.2634848484848485,"{""X2Y1"": 825}",True,NOT_PROVEN_WITHOUT_MOVED_FF_CONTROL_SET_REPLAY,NOT_PROVEN_READ_ONLY_SITE_INVENTORY_ONLY,16,FEATURE_BIN_0,16,25AFEB422DB3BDBEF4DCE97A6D1274116E7B27A3B94E395D479DC22D3DE14FFD,True,,False,False,U_NEG_UPSTREAM_WORSENING;D_NEG_NO_MEDIAN_IMPROVEMENT,,False,True,False,True,"[0.0, 41.0, 16.0, 0.0, 0.0, 0.0, 0.0, 0.0, 16.0]",58,0.0,0.0,41.0,53.0,61.0,641.0,0,16,42,58,-0.136,-0.0885,-0.043,-0.028,-0.017,-4.796,6,0.0,0.0,0.0,0.0,0.0,0.0,0,0,6,6,0.011,0.040999999999999995,0.066,0.066,0.066,0.241,201,-67.0,0.0,0.0,0.0,23.0,-2504.0,60,2,139,201,-0.133,-0.038,-0.006,-0.003,-0.001,-7.99,384,-67.0,0.0,0.0,0.0,21.0,-4396.0,94,2,288,384,0.0,0.043,0.07,0.074,0.078,15.882,4032,-82.0,0.0,0.0,0.0,41.0,-31010.0,866,133,3033,4032,-0.133,0.357,0.894,1.023,1.334,1673.434
A_X072_Y080,72,80,60,84,64,96,251.0,165.0,1.0,825,13200,9738,3462,0.2634848484848485,"{""X2Y1"": 825}",True,NOT_PROVEN_WITHOUT_MOVED_FF_CONTROL_SET_REPLAY,NOT_PROVEN_READ_ONLY_SITE_INVENTORY_ONLY,16,FEATURE_BIN_1,16,863B9B0389C1B994C73ED0C57EC56A84FD6D317708E59D47B391DA86E44D3A8E,True,,False,False,U_NEG_UPSTREAM_WORSENING;U_PASS_UPSTREAM_INCREASE;D_NEG_NO_MEDIAN_IMPROVEMENT,,False,False,False,True,"[0.0, 46.0, 14.0, 2.0, 0.0, 0.0, 0.0, 0.0, 16.0]",58,0.0,0.0,46.0,54.0,62.0,562.0,0,14,44,58,-0.136,-0.0885,-0.043,-0.028,-0.017,-4.796,6,0.0,0.0,54.0,54.0,54.0,91.0,0,2,4,6,0.011,0.040999999999999995,0.066,0.066,0.066,0.241,201,-65.0,0.0,0.0,0.0,3.0,-2124.0,45,3,153,201,-0.133,-0.038,-0.006,-0.003,-0.001,-7.99,384,-67.0,0.0,0.0,0.0,3.0,-4097.0,100,3,281,384,0.0,0.043,0.07,0.074,0.078,15.882,4032,-75.0,0.0,0.0,1.0,40.0,-28216.0,803,203,3026,4032,-0.133,0.357,0.894,1.023,1.334,1673.434
A_X072_Y080,72,80,60,84,64,96,251.0,165.0,1.0,825,13200,9738,3462,0.2634848484848485,"{""X2Y1"": 825}",True,NOT_PROVEN_WITHOUT_MOVED_FF_CONTROL_SET_REPLAY,NOT_PROVEN_READ_ONLY_SITE_INVENTORY_ONLY,16,FEATURE_BIN_2,16,18F6AC63D50EACD2B5F6CC669CA58252595A0313B759D7A0EC563D4D8CFF4410,True,,False,False,U_NEG_UPSTREAM_WORSENING;U_PASS_UPSTREAM_INCREASE;D_NEG_NO_MEDIAN_IMPROVEMENT,,False,False,False,True,"[0.0, 27.0, 13.0, 2.0, 0.0, 0.0, 0.0, 0.0, 16.0]",58,-6.0,0.0,27.0,44.0,44.0,390.0,1,13,44,58,-0.136,-0.0885,-0.043,-0.028,-0.017,-4.796,6,0.0,0.0,44.0,44.0,44.0,60.0,0,2,4,6,0.011,0.040999999999999995,0.066,0.066,0.066,0.241,201,-63.0,0.0,0.0,0.0,1.0,-2247.0,56,1,144,201,-0.133,-0.038,-0.006,-0.003,-0.001,-7.99,384,-63.0,0.0,0.0,0.0,2.0,-3511.0,84,1,299,384,0.0,0.043,0.07,0.074,0.078,15.882,4032,-63.0,0.0,0.0,0.0,27.0,-28994.0,850,142,3040,4032,-0.133,0.357,0.894,1.023,1.334,1673.434
A_X072_Y080,72,80,60,84,64,96,251.0,165.0,1.0,825,13200,9738,3462,0.2634848484848485,"{""X2Y1"": 825}",True,NOT_PROVEN_WITHOUT_MOVED_FF_CONTROL_SET_REPLAY,NOT_PROVEN_READ_ONLY_SITE_INVENTORY_ONLY,16,FEATURE_BIN_3,16,6D6B2605916DFCDD525A27838AC825D18C62B807369D6E6322040D77ED73CF54,True,,False,False,U_NEG_UPSTREAM_WORSENING;U_PASS_UPSTREAM_INCREASE;D_NEG_NO_MEDIAN_IMPROVEMENT,,False,False,False,True,"[0.0, 28.0, 14.0, 2.0, 0.0, 0.0, 0.0, 0.0, 16.0]",58,0.0,0.0,28.0,44.0,44.0,366.0,0,14,44,58,-0.136,-0.0885,-0.043,-0.028,-0.017,-4.796,6,0.0,0.0,39.0,39.0,39.0,45.0,0,2,4,6,0.011,0.040999999999999995,0.066,0.066,0.066,0.241,201,-57.0,0.0,0.0,0.0,14.0,-1194.0,28,3,170,201,-0.133,-0.038,-0.006,-0.003,-0.001,-7.99,384,-63.0,0.0,0.0,0.0,14.0,-3644.0,90,6,288,384,0.0,0.043,0.07,0.074,0.078,15.882,4032,-65.0,0.0,0.0,1.0,37.0,-23618.0,771,211,3050,4032,-0.133,0.357,0.894,1.023,1.334,1673.434
A_X072_Y084,72,84,60,84,68,100,251.0,161.0,1.0,825,13200,9582,3618,0.27893939393939393,"{""X2Y1"": 825}",True,NOT_PROVEN_WITHOUT_MOVED_FF_CONTROL_SET_REPLAY,NOT_PROVEN_READ_ONLY_SITE_INVENTORY_ONLY,64,ALL_64,64,A49D88051B2D2E5D1255D4F806A7569CDA9B33A650A908566197031349AD8DB4,True,,False,False,U_NEG_UPSTREAM_WORSENING;U_PASS_UPSTREAM_INCREASE,,False,False,True,True,"[28.0, 50.0, 57.0, 6.0, -49.0, -7.0, -48.5, -31.0, 64.0]",58,-10.0,28.0,50.0,54.0,58.0,1727.0,1,57,0,58,-0.136,-0.0885,-0.043,-0.028,-0.017,-4.796,6,2.0,34.0,50.0,50.0,50.0,172.0,0,6,0,6,0.011,0.040999999999999995,0.066,0.066,0.066,0.241,201,-63.0,-49.0,-7.0,-4.0,19.0,-8303.0,196,5,0,201,-0.133,-0.038,-0.006,-0.003,-0.001,-7.99,384,-70.0,-48.5,-12.0,-5.0,17.0,-16048.0,378,6,0,384,0.0,0.043,0.07,0.074,0.078,15.882,4032,-78.0,-31.0,3.0,9.0,37.0,-120188.0,3482,509,41,4032,-0.133,0.357,0.894,1.023,1.334,1673.434
A_X072_Y084,72,84,60,84,68,100,251.0,161.0,1.0,825,13200,9582,3618,0.27575757575757576,"{""X2Y1"": 825}",True,NOT_PROVEN_WITHOUT_MOVED_FF_CONTROL_SET_REPLAY,NOT_PROVEN_READ_ONLY_SITE_INVENTORY_ONLY,22,DEST_X2Y1_MAJOR,22,EC8295A18CFB3214990035A3C2A8A03B2248BEA56069D816345F1D2C0CC4741A,True,,False,False,U_NEG_UPSTREAM_WORSENING;D_NEG_NO_MEDIAN_IMPROVEMENT,,False,True,False,True,"[0.0, 40.0, 21.0, 0.0, 0.0, 0.0, 0.0, 0.0, 22.0]",58,-10.0,0.0,40.0,49.0,50.0,579.0,1,21,36,58,-0.136,-0.0885,-0.043,-0.028,-0.017,-4.796,6,0.0,0.0,0.0,0.0,0.0,0.0,0,0,6,6,0.011,0.040999999999999995,0.066,0.066,0.066,0.241,201,-63.0,0.0,0.0,0.0,19.0,-2989.0,63,2,136,201,-0.133,-0.038,-0.006,-0.003,-0.001,-7.99,384,-61.0,0.0,0.0,0.0,17.0,-6253.0,140,2,242,384,0.0,0.043,0.07,0.074,0.078,15.882,4032,-63.0,0.0,0.0,0.0,37.0,-41064.0,1193,187,2652,4032,-0.133,0.357,0.894,1.023,1.334,1673.434
A_X072_Y084,72,84,60,84,68,100,251.0,161.0,1.0,825,13200,9582,3618,0.27560606060606063,"{""X2Y1"": 825}",True,NOT_PROVEN_WITHOUT_MOVED_FF_CONTROL_SET_REPLAY,NOT_PROVEN_READ_ONLY_SITE_INVENTORY_ONLY,20,DEST_X3Y1_MAJOR,20,D8DF451BC1C4EF6032E28F4D3065B488CCF48FA9921667AB64B2E0E8D05D4049,True,,False,False,U_NEG_UPSTREAM_WORSENING;U_PASS_UPSTREAM_INCREASE,,False,False,True,True,"[0.0, 40.0, 15.0, 5.0, -19.0, 0.0, 0.0, 0.0, 20.0]",58,0.0,0.0,40.0,42.0,58.0,497.0,0,15,43,58,-0.136,-0.0885,-0.043,-0.028,-0.017,-4.796,6,0.0,22.5,50.0,50.0,50.0,137.0,0,5,1,6,0.011,0.040999999999999995,0.066,0.066,0.066,0.241,201,-63.0,-19.0,0.0,0.0,10.0,-4958.0,123,3,75,201,-0.133,-0.038,-0.006,-0.003,-0.001,-7.99,384,-63.0,0.0,0.0,0.0,10.0,-6732.0,168,1,215,384,0.0,0.043,0.07,0.074,0.078,15.882,4032,-71.0,0.0,0.0,0.0,36.0,-37730.0,1105,132,2795,4032,-0.133,0.357,0.894,1.023,1.334,1673.434
A_X072_Y084,72,84,60,84,68,100,251.0,161.0,1.0,825,13200,9582,3618,0.27575757575757576,"{""X2Y1"": 825}",True,NOT_PROVEN_WITHOUT_MOVED_FF_CONTROL_SET_REPLAY,NOT_PROVEN_READ_ONLY_SITE_INVENTORY_ONLY,22,DEST_MIXED_OR_OTHER,22,62A80A6BF2780309EBB7ACB65499DC33F9E420F49ABAF670FF853CD53D650A7D,True,,False,False,U_NEG_UPSTREAM_WORSENING;U_PASS_UPSTREAM_INCREASE;D_NEG_NO_MEDIAN_IMPROVEMENT,,False,False,False,True,"[0.0, 40.0, 21.0, 1.0, 0.0, 0.0, 0.0, 0.0, 22.0]",58,0.0,0.0,40.0,49.0,57.0,651.0,0,21,37,58,-0.136,-0.0885,-0.043,-0.028,-0.017,-4.796,6,0.0,0.0,35.0,35.0,35.0,35.0,0,1,5,6,0.011,0.040999999999999995,0.066,0.066,0.066,0.241,201,-62.0,0.0,0.0,0.0,0.0,-356.0,10,0,191,201,-0.133,-0.038,-0.006,-0.003,-0.001,-7.99,384,-70.0,0.0,0.0,0.0,3.0,-3063.0,70,3,311,384,0.0,0.043,0.07,0.074,0.078,15.882,4032,-78.0,0.0,0.0,0.0,34.0,-41394.0,1184,190,2658,4032,-0.133,0.357,0.894,1.023,1.334,1673.434
A_X072_Y084,72,84,60,84,68,100,251.0,161.0,1.0,825,13200,9582,3618,0.2753030303030303,"{""X2Y1"": 825}",True,NOT_PROVEN_WITHOUT_MOVED_FF_CONTROL_SET_REPLAY,NOT_PROVEN_READ_ONLY_SITE_INVENTORY_ONLY,16,FEATURE_BIN_0,16,25AFEB422DB3BDBEF4DCE97A6D1274116E7B27A3B94E395D479DC22D3DE14FFD,True,,False,False,U_NEG_UPSTREAM_WORSENING;D_NEG_NO_MEDIAN_IMPROVEMENT,,False,True,False,True,"[0.0, 37.0, 16.0, 0.0, 0.0, 0.0, 0.0, 0.0, 16.0]",58,0.0,0.0,37.0,49.0,57.0,577.0,0,16,42,58,-0.136,-0.0885,-0.043,-0.028,-0.017,-4.796,6,0.0,0.0,0.0,0.0,0.0,0.0,0,0,6,6,0.011,0.040999999999999995,0.066,0.066,0.066,0.241,201,-63.0,0.0,0.0,0.0,19.0,-2638.0,62,2,137,201,-0.133,-0.038,-0.006,-0.003,-0.001,-7.99,384,-70.0,0.0,0.0,0.0,17.0,-4508.0,95,1,288,384,0.0,0.043,0.07,0.074,0.078,15.882,4032,-78.0,0.0,0.0,0.0,37.0,-33134.0,898,105,3029,4032,-0.133,0.357,0.894,1.023,1.334,1673.434
A_X072_Y084,72,84,60,84,68,100,251.0,161.0,1.0,825,13200,9582,3618,0.2753030303030303,"{""X2Y1"": 825}",True,NOT_PROVEN_WITHOUT_MOVED_FF_CONTROL_SET_REPLAY,NOT_PROVEN_READ_ONLY_SITE_INVENTORY_ONLY,16,FEATURE_BIN_1,16,863B9B0389C1B994C73ED0C57EC56A84FD6D317708E59D47B391DA86E44D3A8E,True,,False,False,U_NEG_UPSTREAM_WORSENING;U_PASS_UPSTREAM_INCREASE;D_NEG_NO_MEDIAN_IMPROVEMENT,,False,False,False,True,"[0.0, 42.0, 14.0, 2.0, 0.0, 0.0, 0.0, 0.0, 16.0]",58,0.0,0.0,42.0,50.0,58.0,506.0,0,14,44,58,-0.136,-0.0885,-0.043,-0.028,-0.017,-4.796,6,0.0,0.0,50.0,50.0,50.0,83.0,0,2,4,6,0.011,0.040999999999999995,0.066,0.066,0.066,0.241,201,-61.0,0.0,0.0,0.0,0.0,-2118.0,48,0,153,201,-0.133,-0.038,-0.006,-0.003,-0.001,-7.99,384,-63.0,0.0,0.0,0.0,0.0,-4207.0,104,0,280,384,0.0,0.043,0.07,0.074,0.078,15.882,4032,-71.0,0.0,0.0,0.0,36.0,-30182.0,849,155,3028,4032,-0.133,0.357,0.894,1.023,1.334,1673.434
A_X072_Y084,72,84,60,84,68,100,251.0,161.0,1.0,825,13200,9582,3618,0.2753030303030303,"{""X2Y1"": 825}",True,NOT_PROVEN_WITHOUT_MOVED_FF_CONTROL_SET_REPLAY,NOT_PROVEN_READ_ONLY_SITE_INVENTORY_ONLY,16,FEATURE_BIN_2,16,18F6AC63D50EACD2B5F6CC669CA58252595A0313B759D7A0EC563D4D8CFF4410,True,,False,False,U_NEG_UPSTREAM_WORSENING;U_PASS_UPSTREAM_INCREASE;D_NEG_NO_MEDIAN_IMPROVEMENT,,False,False,False,True,"[0.0, 23.0, 13.0, 2.0, 0.0, 0.0, 0.0, 0.0, 16.0]",58,-10.0,0.0,23.0,40.0,40.0,334.0,1,13,44,58,-0.136,-0.0885,-0.043,-0.028,-0.017,-4.796,6,0.0,0.0,40.0,40.0,40.0,52.0,0,2,4,6,0.011,0.040999999999999995,0.066,0.066,0.066,0.241,201,-59.0,0.0,0.0,0.0,0.0,-2353.0,57,0,144,201,-0.133,-0.038,-0.006,-0.003,-0.001,-7.99,384,-59.0,0.0,0.0,0.0,0.0,-3611.0,85,0,299,384,0.0,0.043,0.07,0.074,0.078,15.882,4032,-59.0,0.0,0.0,0.0,23.0,-31156.0,907,95,3030,4032,-0.133,0.357,0.894,1.023,1.334,1673.434
A_X072_Y084,72,84,60,84,68,100,251.0,161.0,1.0,825,13200,9582,3618,0.2753030303030303,"{""X2Y1"": 825}",True,NOT_PROVEN_WITHOUT_MOVED_FF_CONTROL_SET_REPLAY,NOT_PROVEN_READ_ONLY_SITE_INVENTORY_ONLY,16,FEATURE_BIN_3,16,6D6B2605916DFCDD525A27838AC825D18C62B807369D6E6322040D77ED73CF54,True,,False,False,U_NEG_UPSTREAM_WORSENING;U_PASS_UPSTREAM_INCREASE;D_NEG_NO_MEDIAN_IMPROVEMENT,,False,False,False,True,"[0.0, 24.0, 14.0, 2.0, 0.0, 0.0, 0.0, 0.0, 16.0]",58,0.0,0.0,24.0,40.0,40.0,310.0,0,14,44,58,-0.136,-0.0885,-0.043,-0.028,-0.017,-4.796,6,0.0,0.0,35.0,35.0,35.0,37.0,0,2,4,6,0.011,0.040999999999999995,0.066,0.066,0.066,0.241,201,-53.0,0.0,0.0,0.0,10.0,-1194.0,29,3,169,201,-0.133,-0.038,-0.006,-0.003,-0.001,-7.99,384,-61.0,0.0,0.0,0.0,10.0,-3722.0,94,5,285,384,0.0,0.043,0.07,0.074,0.078,15.882,4032,-61.0,0.0,0.0,0.0,33.0,-25716.0,828,154,3050,4032,-0.133,0.357,0.894,1.023,1.334,1673.434
A_X072_Y088,72,88,60,84,72,104,251.0,157.0,1.0,825,13200,9504,3696,0.28484848484848485,"{""X2Y1"": 825}",True,NOT_PROVEN_WITHOUT_MOVED_FF_CONTROL_SET_REPLAY,NOT_PROVEN_READ_ONLY_SITE_INVENTORY_ONLY,64,ALL_64,64,A49D88051B2D2E5D1255D4F806A7569CDA9B33A650A908566197031349AD8DB4,True,,False,False,U_NEG_UPSTREAM_WORSENING;U_PASS_UPSTREAM_INCREASE,,False,False,True,True,"[24.0, 46.0, 55.0, 5.0, -48.0, -11.0, -48.0, -35.0, 64.0]",58,-14.0,24.0,46.0,50.0,54.0,1495.0,2,55,1,58,-0.136,-0.0885,-0.043,-0.028,-0.017,-4.796,6,-2.0,30.0,46.0,46.0,46.0,148.0,1,5,0,6,0.011,0.040999999999999995,0.066,0.066,0.066,0.241,201,-59.0,-48.0,-11.0,-8.0,15.0,-8379.0,196,5,0,201,-0.133,-0.038,-0.006,-0.003,-0.001,-7.99,384,-74.0,-48.0,-16.0,-9.0,13.0,-16206.0,382,2,0,384,0.0,0.043,0.07,0.074,0.078,15.882,4032,-74.0,-35.0,-1.0,5.0,33.0,-126412.0,3640,351,41,4032,-0.133,0.357,0.894,1.023,1.334,1673.434
A_X072_Y088,72,88,60,84,72,104,251.0,157.0,1.0,825,13200,9504,3696,0.2816666666666667,"{""X2Y1"": 825}",True,NOT_PROVEN_WITHOUT_MOVED_FF_CONTROL_SET_REPLAY,NOT_PROVEN_READ_ONLY_SITE_INVENTORY_ONLY,22,DEST_X2Y1_MAJOR,22,EC8295A18CFB3214990035A3C2A8A03B2248BEA56069D816345F1D2C0CC4741A,True,,False,False,U_NEG_UPSTREAM_WORSENING;D_NEG_NO_MEDIAN_IMPROVEMENT,,False,True,False,True,"[0.0, 36.0, 20.0, 0.0, 0.0, 0.0, 0.0, 0.0, 22.0]",58,-14.0,0.0,36.0,45.0,46.0,491.0,2,20,36,58,-0.136,-0.0885,-0.043,-0.028,-0.017,-4.796,6,0.0,0.0,0.0,0.0,0.0,0.0,0,0,6,6,0.011,0.040999999999999995,0.066,0.066,0.066,0.241,201,-59.0,0.0,0.0,0.0,15.0,-2913.0,63,2,136,201,-0.133,-0.038,-0.006,-0.003,-0.001,-7.99,384,-59.0,0.0,0.0,0.0,13.0,-6305.0,141,1,242,384,0.0,0.043,0.07,0.074,0.078,15.882,4032,-59.0,0.0,0.0,0.0,33.0,-43108.0,1239,133,2660,4032,-0.133,0.357,0.894,1.023,1.334,1673.434
A_X072_Y088,72,88,60,84,72,104,251.0,157.0,1.0,825,13200,9504,3696,0.2815151515151515,"{""X2Y1"": 825}",True,NOT_PROVEN_WITHOUT_MOVED_FF_CONTROL_SET_REPLAY,NOT_PROVEN_READ_ONLY_SITE_INVENTORY_ONLY,20,DEST_X3Y1_MAJOR,20,D8DF451BC1C4EF6032E28F4D3065B488CCF48FA9921667AB64B2E0E8D05D4049,True,,False,False,U_NEG_UPSTREAM_WORSENING;U_PASS_UPSTREAM_INCREASE,,False,False,True,True,"[0.0, 36.0, 15.0, 4.0, -23.0, 0.0, 0.0, 0.0, 20.0]",58,0.0,0.0,36.0,38.0,54.0,437.0,0,15,43,58,-0.136,-0.0885,-0.043,-0.028,-0.017,-4.796,6,-2.0,18.5,46.0,46.0,46.0,117.0,1,4,1,6,0.011,0.040999999999999995,0.066,0.066,0.066,0.241,201,-59.0,-23.0,0.0,0.0,6.0,-5096.0,123,3,75,201,-0.133,-0.038,-0.006,-0.003,-0.001,-7.99,384,-67.0,0.0,0.0,0.0,6.0,-6850.0,168,1,215,384,0.0,0.043,0.07,0.074,0.078,15.882,4032,-67.0,0.0,0.0,0.0,32.0,-39684.0,1156,92,2784,4032,-0.133,0.357,0.894,1.023,1.334,1673.434
A_X072_Y088,72,88,60,84,72,104,251.0,157.0,1.0,825,13200,9504,3696,0.2816666666666667,"{""X2Y1"": 825}",True,NOT_PROVEN_WITHOUT_MOVED_FF_CONTROL_SET_REPLAY,NOT_PROVEN_READ_ONLY_SITE_INVENTORY_ONLY,22,DEST_MIXED_OR_OTHER,22,62A80A6BF2780309EBB7ACB65499DC33F9E420F49ABAF670FF853CD53D650A7D,True,,False,False,U_NEG_UPSTREAM_WORSENING;U_PASS_UPSTREAM_INCREASE;D_NEG_NO_MEDIAN_IMPROVEMENT,,False,False,False,True,"[0.0, 36.0, 20.0, 1.0, 0.0, 0.0, 0.0, 0.0, 22.0]",58,0.0,0.0,36.0,45.0,53.0,567.0,0,20,38,58,-0.136,-0.0885,-0.043,-0.028,-0.017,-4.796,6,0.0,0.0,31.0,31.0,31.0,31.0,0,1,5,6,0.011,0.040999999999999995,0.066,0.066,0.066,0.241,201,-58.0,0.0,0.0,0.0,0.0,-370.0,10,0,191,201,-0.133,-0.038,-0.006,-0.003,-0.001,-7.99,384,-74.0,0.0,0.0,0.0,0.0,-3051.0,73,0,311,384,0.0,0.043,0.07,0.074,0.078,15.882,4032,-74.0,0.0,0.0,0.0,30.0,-43620.0,1245,126,2661,4032,-0.133,0.357,0.894,1.023,1.334,1673.434
A_X072_Y088,72,88,60,84,72,104,251.0,157.0,1.0,825,13200,9504,3696,0.2812121212121212,"{""X2Y1"": 825}",True,NOT_PROVEN_WITHOUT_MOVED_FF_CONTROL_SET_REPLAY,NOT_PROVEN_READ_ONLY_SITE_INVENTORY_ONLY,16,FEATURE_BIN_0,16,25AFEB422DB3BDBEF4DCE97A6D1274116E7B27A3B94E395D479DC22D3DE14FFD,True,,False,False,U_NEG_UPSTREAM_WORSENING;D_NEG_NO_MEDIAN_IMPROVEMENT,,False,True,False,True,"[0.0, 33.0, 16.0, 0.0, 0.0, 0.0, 0.0, 0.0, 16.0]",58,0.0,0.0,33.0,45.0,53.0,513.0,0,16,42,58,-0.136,-0.0885,-0.043,-0.028,-0.017,-4.796,6,0.0,0.0,0.0,0.0,0.0,0.0,0,0,6,6,0.011,0.040999999999999995,0.066,0.066,0.066,0.241,201,-59.0,0.0,0.0,0.0,15.0,-2720.0,62,2,137,201,-0.133,-0.038,-0.006,-0.003,-0.001,-7.99,384,-74.0,0.0,0.0,0.0,13.0,-4530.0,95,1,288,384,0.0,0.043,0.07,0.074,0.078,15.882,4032,-74.0,0.0,0.0,0.0,33.0,-34684.0,932,75,3025,4032,-0.133,0.357,0.894,1.023,1.334,1673.434
A_X072_Y088,72,88,60,84,72,104,251.0,157.0,1.0,825,13200,9504,3696,0.2812121212121212,"{""X2Y1"": 825}",True,NOT_PROVEN_WITHOUT_MOVED_FF_CONTROL_SET_REPLAY,NOT_PROVEN_READ_ONLY_SITE_INVENTORY_ONLY,16,FEATURE_BIN_1,16,863B9B0389C1B994C73ED0C57EC56A84FD6D317708E59D47B391DA86E44D3A8E,True,,False,False,U_NEG_UPSTREAM_WORSENING;U_PASS_UPSTREAM_INCREASE;D_NEG_NO_MEDIAN_IMPROVEMENT,,False,False,False,True,"[0.0, 38.0, 14.0, 2.0, 0.0, 0.0, 0.0, 0.0, 16.0]",58,0.0,0.0,38.0,46.0,54.0,450.0,0,14,44,58,-0.136,-0.0885,-0.043,-0.028,-0.017,-4.796,6,0.0,0.0,46.0,46.0,46.0,75.0,0,2,4,6,0.011,0.040999999999999995,0.066,0.066,0.066,0.241,201,-57.0,0.0,0.0,0.0,0.0,-2088.0,48,0,153,201,-0.133,-0.038,-0.006,-0.003,-0.001,-7.99,384,-67.0,0.0,0.0,0.0,0.0,-4297.0,104,0,280,384,0.0,0.043,0.07,0.074,0.078,15.882,4032,-67.0,0.0,0.0,0.0,32.0,-31658.0,896,104,3032,4032,-0.133,0.357,0.894,1.023,1.334,1673.434
A_X072_Y088,72,88,60,84,72,104,251.0,157.0,1.0,825,13200,9504,3696,0.2812121212121212,"{""X2Y1"": 825}",True,NOT_PROVEN_WITHOUT_MOVED_FF_CONTROL_SET_REPLAY,NOT_PROVEN_READ_ONLY_SITE_INVENTORY_ONLY,16,FEATURE_BIN_2,16,18F6AC63D50EACD2B5F6CC669CA58252595A0313B759D7A0EC563D4D8CFF4410,True,,False,False,U_NEG_UPSTREAM_WORSENING;U_PASS_UPSTREAM_INCREASE;D_NEG_NO_MEDIAN_IMPROVEMENT,,False,False,False,True,"[0.0, 19.0, 13.0, 2.0, 0.0, 0.0, 0.0, 0.0, 16.0]",58,-14.0,0.0,19.0,36.0,36.0,278.0,1,13,44,58,-0.136,-0.0885,-0.043,-0.028,-0.017,-4.796,6,0.0,0.0,36.0,36.0,36.0,44.0,0,2,4,6,0.011,0.040999999999999995,0.066,0.066,0.066,0.241,201,-55.0,0.0,0.0,0.0,0.0,-2395.0,57,0,144,201,-0.133,-0.038,-0.006,-0.003,-0.001,-7.99,384,-55.0,0.0,0.0,0.0,0.0,-3623.0,85,0,299,384,0.0,0.043,0.07,0.074,0.078,15.882,4032,-55.0,0.0,0.0,0.0,19.0,-32700.0,939,66,3027,4032,-0.133,0.357,0.894,1.023,1.334,1673.434
A_X072_Y088,72,88,60,84,72,104,251.0,157.0,1.0,825,13200,9504,3696,0.2812121212121212,"{""X2Y1"": 825}",True,NOT_PROVEN_WITHOUT_MOVED_FF_CONTROL_SET_REPLAY,NOT_PROVEN_READ_ONLY_SITE_INVENTORY_ONLY,16,FEATURE_BIN_3,16,6D6B2605916DFCDD525A27838AC825D18C62B807369D6E6322040D77ED73CF54,True,,False,False,U_NEG_UPSTREAM_WORSENING;U_PASS_UPSTREAM_INCREASE;D_NEG_NO_MEDIAN_IMPROVEMENT,,False,False,False,True,"[0.0, 20.0, 12.0, 1.0, 0.0, 0.0, 0.0, 0.0, 16.0]",58,-2.0,0.0,20.0,36.0,36.0,254.0,1,12,45,58,-0.136,-0.0885,-0.043,-0.028,-0.017,-4.796,6,-2.0,0.0,31.0,31.0,31.0,29.0,1,1,4,6,0.011,0.040999999999999995,0.066,0.066,0.066,0.241,201,-49.0,0.0,0.0,0.0,6.0,-1176.0,29,3,169,201,-0.133,-0.038,-0.006,-0.003,-0.001,-7.99,384,-57.0,0.0,0.0,0.0,6.0,-3756.0,98,1,285,384,0.0,0.043,0.07,0.074,0.078,15.882,4032,-57.0,0.0,0.0,0.0,29.0,-27370.0,873,106,3053,4032,-0.133,0.357,0.894,1.023,1.334,1673.434
A_X072_Y092,72,92,60,84,76,108,251.0,152.0,1.0,825,13200,9601,3599,0.2775,"{""X2Y1"": 825}",True,NOT_PROVEN_WITHOUT_MOVED_FF_CONTROL_SET_REPLAY,NOT_PROVEN_READ_ONLY_SITE_INVENTORY_ONLY,64,ALL_64,64,A49D88051B2D2E5D1255D4F806A7569CDA9B33A650A908566197031349AD8DB4,True,,False,False,U_NEG_UPSTREAM_WORSENING;U_PASS_UPSTREAM_INCREASE,,False,False,True,True,"[19.0, 41.0, 54.0, 5.0, -46.0, -16.0, -44.0, -38.0, 64.0]",58,-19.0,19.0,41.0,45.0,49.0,1205.0,4,54,0,58,-0.136,-0.0885,-0.043,-0.028,-0.017,-4.796,6,-7.0,25.0,41.0,41.0,41.0,118.0,1,5,0,6,0.011,0.040999999999999995,0.066,0.066,0.066,0.241,201,-54.0,-46.0,-16.0,-13.0,10.0,-8226.0,198,3,0,201,-0.133,-0.038,-0.006,-0.003,-0.001,-7.99,384,-69.0,-44.0,-21.0,-14.0,8.0,-15868.0,382,2,0,384,0.0,0.043,0.07,0.074,0.078,15.882,4032,-69.0,-38.0,-6.0,0.0,28.0,-131280.0,3815,197,20,4032,-0.133,0.357,0.894,1.023,1.334,1673.434
A_X072_Y092,72,92,60,84,76,108,251.0,152.0,1.0,825,13200,9601,3599,0.2743181818181818,"{""X2Y1"": 825}",True,NOT_PROVEN_WITHOUT_MOVED_FF_CONTROL_SET_REPLAY,NOT_PROVEN_READ_ONLY_SITE_INVENTORY_ONLY,22,DEST_X2Y1_MAJOR,22,EC8295A18CFB3214990035A3C2A8A03B2248BEA56069D816345F1D2C0CC4741A,True,,False,False,U_NEG_UPSTREAM_WORSENING;D_NEG_NO_MEDIAN_IMPROVEMENT,,False,True,False,True,"[0.0, 31.0, 20.0, 0.0, 0.0, 0.0, 0.0, 0.0, 22.0]",58,-19.0,0.0,31.0,40.0,41.0,381.0,2,20,36,58,-0.136,-0.0885,-0.043,-0.028,-0.017,-4.796,6,0.0,0.0,0.0,0.0,0.0,0.0,0,0,6,6,0.011,0.040999999999999995,0.066,0.066,0.066,0.241,201,-54.0,0.0,0.0,0.0,10.0,-2760.0,63,2,136,201,-0.133,-0.038,-0.006,-0.003,-0.001,-7.99,384,-54.0,0.0,0.0,0.0,8.0,-6129.0,141,1,242,384,0.0,0.043,0.07,0.074,0.078,15.882,4032,-54.0,0.0,0.0,0.0,28.0,-44664.0,1298,69,2665,4032,-0.133,0.357,0.894,1.023,1.334,1673.434
A_X072_Y092,72,92,60,84,76,108,251.0,152.0,1.0,825,13200,9601,3599,0.27416666666666667,"{""X2Y1"": 825}",True,NOT_PROVEN_WITHOUT_MOVED_FF_CONTROL_SET_REPLAY,NOT_PROVEN_READ_ONLY_SITE_INVENTORY_ONLY,20,DEST_X3Y1_MAJOR,20,D8DF451BC1C4EF6032E28F4D3065B488CCF48FA9921667AB64B2E0E8D05D4049,True,,False,False,U_NEG_UPSTREAM_WORSENING;U_PASS_UPSTREAM_INCREASE,,False,False,True,True,"[0.0, 31.0, 15.0, 4.0, -28.0, 0.0, 0.0, 0.0, 20.0]",58,0.0,0.0,31.0,33.0,49.0,362.0,0,15,43,58,-0.136,-0.0885,-0.043,-0.028,-0.017,-4.796,6,-7.0,13.5,41.0,41.0,41.0,92.0,1,4,1,6,0.011,0.040999999999999995,0.066,0.066,0.066,0.241,201,-54.0,-28.0,0.0,0.0,1.0,-5086.0,125,1,75,201,-0.133,-0.038,-0.006,-0.003,-0.001,-7.99,384,-62.0,0.0,0.0,0.0,1.0,-6799.0,168,1,215,384,0.0,0.043,0.07,0.074,0.078,15.882,4032,-62.0,0.0,0.0,0.0,27.0,-41228.0,1197,63,2772,4032,-0.133,0.357,0.894,1.023,1.334,1673.434
A_X072_Y092,72,92,60,84,76,108,251.0,152.0,1.0,825,13200,9601,3599,0.2743181818181818,"{""X2Y1"": 825}",True,NOT_PROVEN_WITHOUT_MOVED_FF_CONTROL_SET_REPLAY,NOT_PROVEN_READ_ONLY_SITE_INVENTORY_ONLY,22,DEST_MIXED_OR_OTHER,22,62A80A6BF2780309EBB7ACB65499DC33F9E420F49ABAF670FF853CD53D650A7D,True,,False,False,U_NEG_UPSTREAM_WORSENING;U_PASS_UPSTREAM_INCREASE;D_NEG_NO_MEDIAN_IMPROVEMENT,,False,False,False,True,"[0.0, 31.0, 19.0, 1.0, 0.0, 0.0, 0.0, 0.0, 22.0]",58,-5.0,0.0,31.0,40.0,48.0,462.0,2,19,37,58,-0.136,-0.0885,-0.043,-0.028,-0.017,-4.796,6,0.0,0.0,26.0,26.0,26.0,26.0,0,1,5,6,0.011,0.040999999999999995,0.066,0.066,0.066,0.241,201,-53.0,0.0,0.0,0.0,0.0,-380.0,10,0,191,201,-0.133,-0.038,-0.006,-0.003,-0.001,-7.99,384,-69.0,0.0,0.0,0.0,0.0,-2940.0,73,0,311,384,0.0,0.043,0.07,0.074,0.078,15.882,4032,-69.0,0.0,0.0,0.0,25.0,-45388.0,1320,65,2647,4032,-0.133,0.357,0.894,1.023,1.334,1673.434
A_X072_Y092,72,92,60,84,76,108,251.0,152.0,1.0,825,13200,9601,3599,0.27386363636363636,"{""X2Y1"": 825}",True,NOT_PROVEN_WITHOUT_MOVED_FF_CONTROL_SET_REPLAY,NOT_PROVEN_READ_ONLY_SITE_INVENTORY_ONLY,16,FEATURE_BIN_0,16,25AFEB422DB3BDBEF4DCE97A6D1274116E7B27A3B94E395D479DC22D3DE14FFD,True,,False,False,U_NEG_UPSTREAM_WORSENING;D_NEG_NO_MEDIAN_IMPROVEMENT,,False,True,False,True,"[0.0, 28.0, 16.0, 0.0, 0.0, 0.0, 0.0, 0.0, 16.0]",58,0.0,0.0,28.0,40.0,48.0,433.0,0,16,42,58,-0.136,-0.0885,-0.043,-0.028,-0.017,-4.796,6,0.0,0.0,0.0,0.0,0.0,0.0,0,0,6,6,0.011,0.040999999999999995,0.066,0.066,0.066,0.241,201,-54.0,0.0,0.0,0.0,10.0,-2732.0,62,2,137,201,-0.133,-0.038,-0.006,-0.003,-0.001,-7.99,384,-69.0,0.0,0.0,0.0,8.0,-4370.0,95,1,288,384,0.0,0.043,0.07,0.074,0.078,15.882,4032,-69.0,0.0,0.0,0.0,28.0,-35680.0,964,41,3027,4032,-0.133,0.357,0.894,1.023,1.334,1673.434
A_X072_Y092,72,92,60,84,76,108,251.0,152.0,1.0,825,13200,9601,3599,0.27386363636363636,"{""X2Y1"": 825}",True,NOT_PROVEN_WITHOUT_MOVED_FF_CONTROL_SET_REPLAY,NOT_PROVEN_READ_ONLY_SITE_INVENTORY_ONLY,16,FEATURE_BIN_1,16,863B9B0389C1B994C73ED0C57EC56A84FD6D317708E59D47B391DA86E44D3A8E,True,,False,False,U_NEG_UPSTREAM_WORSENING;U_PASS_UPSTREAM_INCREASE;D_NEG_NO_MEDIAN_IMPROVEMENT,,False,False,False,True,"[0.0, 33.0, 14.0, 2.0, 0.0, 0.0, 0.0, 0.0, 16.0]",58,0.0,0.0,33.0,41.0,49.0,380.0,0,14,44,58,-0.136,-0.0885,-0.043,-0.028,-0.017,-4.796,6,0.0,0.0,41.0,41.0,41.0,65.0,0,2,4,6,0.011,0.040999999999999995,0.066,0.066,0.066,0.241,201,-52.0,0.0,0.0,0.0,0.0,-2010.0,48,0,153,201,-0.133,-0.038,-0.006,-0.003,-0.001,-7.99,384,-62.0,0.0,0.0,0.0,0.0,-4309.0,104,0,280,384,0.0,0.043,0.07,0.074,0.078,15.882,4032,-62.0,0.0,0.0,0.0,27.0,-32988.0,942,62,3028,4032,-0.133,0.357,0.894,1.023,1.334,1673.434
A_X072_Y092,72,92,60,84,76,108,251.0,152.0,1.0,825,13200,9601,3599,0.27386363636363636,"{""X2Y1"": 825}",True,NOT_PROVEN_WITHOUT_MOVED_FF_CONTROL_SET_REPLAY,NOT_PROVEN_READ_ONLY_SITE_INVENTORY_ONLY,16,FEATURE_BIN_2,16,18F6AC63D50EACD2B5F6CC669CA58252595A0313B759D7A0EC563D4D8CFF4410,True,,False,False,U_NEG_UPSTREAM_WORSENING;U_PASS_UPSTREAM_INCREASE;D_NEG_NO_MEDIAN_IMPROVEMENT,,False,False,False,True,"[0.0, 14.0, 13.0, 2.0, 0.0, 0.0, 0.0, 0.0, 16.0]",58,-19.0,0.0,14.0,31.0,31.0,208.0,1,13,44,58,-0.136,-0.0885,-0.043,-0.028,-0.017,-4.796,6,0.0,0.0,31.0,31.0,31.0,34.0,0,2,4,6,0.011,0.040999999999999995,0.066,0.066,0.066,0.241,201,-50.0,0.0,0.0,0.0,0.0,-2356.0,57,0,144,201,-0.133,-0.038,-0.006,-0.003,-0.001,-7.99,384,-50.0,0.0,0.0,0.0,0.0,-3512.0,85,0,299,384,0.0,0.043,0.07,0.074,0.078,15.882,4032,-50.0,0.0,0.0,0.0,14.0,-33844.0,972,37,3023,4032,-0.133,0.357,0.894,1.023,1.334,1673.434
A_X072_Y092,72,92,60,84,76,108,251.0,152.0,1.0,825,13200,9601,3599,0.27386363636363636,"{""X2Y1"": 825}",True,NOT_PROVEN_WITHOUT_MOVED_FF_CONTROL_SET_REPLAY,NOT_PROVEN_READ_ONLY_SITE_INVENTORY_ONLY,16,FEATURE_BIN_3,16,6D6B2605916DFCDD525A27838AC825D18C62B807369D6E6322040D77ED73CF54,True,,False,False,U_NEG_UPSTREAM_WORSENING;U_PASS_UPSTREAM_INCREASE;D_NEG_NO_MEDIAN_IMPROVEMENT,,False,False,False,True,"[0.0, 15.0, 11.0, 1.0, 0.0, 0.0, 0.0, 0.0, 16.0]",58,-7.0,0.0,15.0,31.0,31.0,184.0,3,11,44,58,-0.136,-0.0885,-0.043,-0.028,-0.017,-4.796,6,-7.0,0.0,26.0,26.0,26.0,19.0,1,1,4,6,0.011,0.040999999999999995,0.066,0.066,0.066,0.241,201,-44.0,0.0,0.0,0.0,1.0,-1128.0,31,1,169,201,-0.133,-0.038,-0.006,-0.003,-0.001,-7.99,384,-52.0,0.0,0.0,0.0,1.0,-3677.0,98,1,285,384,0.0,0.043,0.07,0.074,0.078,15.882,4032,-52.0,0.0,0.0,0.0,24.0,-28768.0,937,57,3038,4032,-0.133,0.357,0.894,1.023,1.334,1673.434
A_X072_Y096,72,96,60,84,80,112,251.0,148.0,1.0,825,13200,9600,3600,0.2775757575757576,"{""X2Y1"": 825}",True,NOT_PROVEN_WITHOUT_MOVED_FF_CONTROL_SET_REPLAY,NOT_PROVEN_READ_ONLY_SITE_INVENTORY_ONLY,64,ALL_64,64,A49D88051B2D2E5D1255D4F806A7569CDA9B33A650A908566197031349AD8DB4,True,,True,False,U_NEG_UPSTREAM_WORSENING;U_PASS_UPSTREAM_INCREASE,,False,False,True,True,"[15.0, 37.0, 53.0, 4.0, -43.0, -20.0, -43.0, -38.0, 64.0]",58,-23.0,15.0,37.0,41.0,45.0,973.0,5,53,0,58,-0.136,-0.0885,-0.043,-0.028,-0.017,-4.796,6,-11.0,21.0,37.0,37.0,37.0,94.0,2,4,0,6,0.011,0.040999999999999995,0.066,0.066,0.066,0.241,201,-50.0,-43.0,-20.0,-17.0,6.0,-7966.0,199,2,0,201,-0.133,-0.038,-0.006,-0.003,-0.001,-7.99,384,-65.0,-43.0,-25.0,-18.0,4.0,-15300.0,383,1,0,384,0.0,0.043,0.07,0.074,0.078,15.882,4032,-65.0,-38.0,-10.0,-4.0,24.0,-132148.0,3884,139,9,4032,-0.133,0.357,0.894,1.023,1.334,1673.434
A_X072_Y096,72,96,60,84,80,112,251.0,148.0,1.0,825,13200,9600,3600,0.2743939393939394,"{""X2Y1"": 825}",True,NOT_PROVEN_WITHOUT_MOVED_FF_CONTROL_SET_REPLAY,NOT_PROVEN_READ_ONLY_SITE_INVENTORY_ONLY,22,DEST_X2Y1_MAJOR,22,EC8295A18CFB3214990035A3C2A8A03B2248BEA56069D816345F1D2C0CC4741A,True,,False,False,U_NEG_UPSTREAM_WORSENING;D_NEG_NO_MEDIAN_IMPROVEMENT,,False,True,False,True,"[0.0, 27.0, 19.0, 0.0, 0.0, 0.0, 0.0, 0.0, 22.0]",58,-23.0,0.0,27.0,36.0,37.0,293.0,3,19,36,58,-0.136,-0.0885,-0.043,-0.028,-0.017,-4.796,6,0.0,0.0,0.0,0.0,0.0,0.0,0,0,6,6,0.011,0.040999999999999995,0.066,0.066,0.066,0.241,201,-50.0,0.0,0.0,0.0,6.0,-2594.0,63,2,136,201,-0.133,-0.038,-0.006,-0.003,-0.001,-7.99,384,-50.0,0.0,0.0,0.0,4.0,-5839.0,141,1,242,384,0.0,0.043,0.07,0.074,0.078,15.882,4032,-50.0,0.0,0.0,0.0,24.0,-44892.0,1328,50,2654,4032,-0.133,0.357,0.894,1.023,1.334,1673.434
A_X072_Y096,72,96,60,84,80,112,251.0,148.0,1.0,825,13200,9600,3600,0.27424242424242423,"{""X2Y1"": 825}",True,NOT_PROVEN_WITHOUT_MOVED_FF_CONTROL_SET_REPLAY,NOT_PROVEN_READ_ONLY_SITE_INVENTORY_ONLY,20,DEST_X3Y1_MAJOR,20,D8DF451BC1C4EF6032E28F4D3065B488CCF48FA9921667AB64B2E0E8D05D4049,True,,False,False,U_NEG_UPSTREAM_WORSENING;U_PASS_UPSTREAM_INCREASE,,False,False,True,True,"[0.0, 27.0, 15.0, 3.0, -32.0, 0.0, 0.0, 0.0, 20.0]",58,0.0,0.0,27.0,29.0,45.0,302.0,0,15,43,58,-0.136,-0.0885,-0.043,-0.028,-0.017,-4.796,6,-11.0,10.0,37.0,37.0,37.0,72.0,2,3,1,6,0.011,0.040999999999999995,0.066,0.066,0.066,0.241,201,-50.0,-32.0,0.0,0.0,0.0,-4998.0,126,0,75,201,-0.133,-0.038,-0.006,-0.003,-0.001,-7.99,384,-58.0,0.0,0.0,0.0,0.0,-6639.0,169,0,215,384,0.0,0.043,0.07,0.074,0.078,15.882,4032,-58.0,0.0,0.0,0.0,23.0,-41554.0,1206,53,2773,4032,-0.133,0.357,0.894,1.023,1.334,1673.434
A_X072_Y096,72,96,60,84,80,112,251.0,148.0,1.0,825,13200,9600,3600,0.2743939393939394,"{""X2Y1"": 825}",True,NOT_PROVEN_WITHOUT_MOVED_FF_CONTROL_SET_REPLAY,NOT_PROVEN_READ_ONLY_SITE_INVENTORY_ONLY,22,DEST_MIXED_OR_OTHER,22,62A80A6BF2780309EBB7ACB65499DC33F9E420F49ABAF670FF853CD53D650A7D,True,,False,False,U_NEG_UPSTREAM_WORSENING;U_PASS_UPSTREAM_INCREASE;D_NEG_NO_MEDIAN_IMPROVEMENT,,False,False,False,True,"[0.0, 27.0, 19.0, 1.0, 0.0, 0.0, 0.0, 0.0, 22.0]",58,-9.0,0.0,27.0,36.0,44.0,378.0,2,19,37,58,-0.136,-0.0885,-0.043,-0.028,-0.017,-4.796,6,0.0,0.0,22.0,22.0,22.0,22.0,0,1,5,6,0.011,0.040999999999999995,0.066,0.066,0.066,0.241,201,-49.0,0.0,0.0,0.0,0.0,-374.0,10,0,191,201,-0.133,-0.038,-0.006,-0.003,-0.001,-7.99,384,-65.0,0.0,0.0,0.0,0.0,-2822.0,73,0,311,384,0.0,0.043,0.07,0.074,0.078,15.882,4032,-65.0,0.0,0.0,0.0,21.0,-45702.0,1350,36,2646,4032,-0.133,0.357,0.894,1.023,1.334,1673.434
A_X072_Y096,72,96,60,84,80,112,251.0,148.0,1.0,825,13200,9600,3600,0.2739393939393939,"{""X2Y1"": 825}",True,NOT_PROVEN_WITHOUT_MOVED_FF_CONTROL_SET_REPLAY,NOT_PROVEN_READ_ONLY_SITE_INVENTORY_ONLY,16,FEATURE_BIN_0,16,25AFEB422DB3BDBEF4DCE97A6D1274116E7B27A3B94E395D479DC22D3DE14FFD,True,,False,False,U_NEG_UPSTREAM_WORSENING;D_NEG_NO_MEDIAN_IMPROVEMENT,,False,True,False,True,"[0.0, 24.0, 16.0, 0.0, 0.0, 0.0, 0.0, 0.0, 16.0]",58,0.0,0.0,24.0,36.0,44.0,369.0,0,16,42,58,-0.136,-0.0885,-0.043,-0.028,-0.017,-4.796,6,0.0,0.0,0.0,0.0,0.0,0.0,0,0,6,6,0.011,0.040999999999999995,0.066,0.066,0.066,0.241,201,-50.0,0.0,0.0,0.0,6.0,-2666.0,62,2,137,201,-0.133,-0.038,-0.006,-0.003,-0.001,-7.99,384,-65.0,0.0,0.0,0.0,4.0,-4178.0,95,1,288,384,0.0,0.043,0.07,0.074,0.078,15.882,4032,-65.0,0.0,0.0,0.0,24.0,-35782.0,987,23,3022,4032,-0.133,0.357,0.894,1.023,1.334,1673.434
A_X072_Y096,72,96,60,84,80,112,251.0,148.0,1.0,825,13200,9600,3600,0.2739393939393939,"{""X2Y1"": 825}",True,NOT_PROVEN_WITHOUT_MOVED_FF_CONTROL_SET_REPLAY,NOT_PROVEN_READ_ONLY_SITE_INVENTORY_ONLY,16,FEATURE_BIN_1,16,863B9B0389C1B994C73ED0C57EC56A84FD6D317708E59D47B391DA86E44D3A8E,True,,False,False,U_NEG_UPSTREAM_WORSENING;U_PASS_UPSTREAM_INCREASE;D_NEG_NO_MEDIAN_IMPROVEMENT,,False,False,False,True,"[0.0, 29.0, 14.0, 2.0, 0.0, 0.0, 0.0, 0.0, 16.0]",58,0.0,0.0,29.0,37.0,45.0,324.0,0,14,44,58,-0.136,-0.0885,-0.043,-0.028,-0.017,-4.796,6,0.0,0.0,37.0,37.0,37.0,57.0,0,2,4,6,0.011,0.040999999999999995,0.066,0.066,0.066,0.241,201,-48.0,0.0,0.0,0.0,0.0,-1934.0,48,0,153,201,-0.133,-0.038,-0.006,-0.003,-0.001,-7.99,384,-58.0,0.0,0.0,0.0,0.0,-4233.0,104,0,280,384,0.0,0.043,0.07,0.074,0.078,15.882,4032,-58.0,0.0,0.0,0.0,23.0,-33246.0,964,44,3024,4032,-0.133,0.357,0.894,1.023,1.334,1673.434
A_X072_Y096,72,96,60,84,80,112,251.0,148.0,1.0,825,13200,9600,3600,0.2739393939393939,"{""X2Y1"": 825}",True,NOT_PROVEN_WITHOUT_MOVED_FF_CONTROL_SET_REPLAY,NOT_PROVEN_READ_ONLY_SITE_INVENTORY_ONLY,16,FEATURE_BIN_2,16,18F6AC63D50EACD2B5F6CC669CA58252595A0313B759D7A0EC563D4D8CFF4410,True,,False,False,U_NEG_UPSTREAM_WORSENING;U_PASS_UPSTREAM_INCREASE;D_NEG_NO_MEDIAN_IMPROVEMENT,,False,False,False,True,"[0.0, 10.0, 12.0, 1.0, 0.0, 0.0, 0.0, 0.0, 16.0]",58,-23.0,0.0,10.0,27.0,27.0,152.0,2,12,44,58,-0.136,-0.0885,-0.043,-0.028,-0.017,-4.796,6,-1.0,0.0,27.0,27.0,27.0,26.0,1,1,4,6,0.011,0.040999999999999995,0.066,0.066,0.066,0.241,201,-46.0,0.0,0.0,0.0,0.0,-2300.0,57,0,144,201,-0.133,-0.038,-0.006,-0.003,-0.001,-7.99,384,-46.0,0.0,0.0,0.0,0.0,-3390.0,85,0,299,384,0.0,0.043,0.07,0.074,0.078,15.882,4032,-46.0,0.0,0.0,0.0,10.0,-34122.0,985,27,3020,4032,-0.133,0.357,0.894,1.023,1.334,1673.434
A_X072_Y096,72,96,60,84,80,112,251.0,148.0,1.0,825,13200,9600,3600,0.2739393939393939,"{""X2Y1"": 825}",True,NOT_PROVEN_WITHOUT_MOVED_FF_CONTROL_SET_REPLAY,NOT_PROVEN_READ_ONLY_SITE_INVENTORY_ONLY,16,FEATURE_BIN_3,16,6D6B2605916DFCDD525A27838AC825D18C62B807369D6E6322040D77ED73CF54,True,,False,False,U_NEG_UPSTREAM_WORSENING;U_PASS_UPSTREAM_INCREASE;D_NEG_NO_MEDIAN_IMPROVEMENT,,False,False,False,True,"[0.0, 11.0, 11.0, 1.0, 0.0, 0.0, 0.0, 0.0, 16.0]",58,-11.0,0.0,11.0,27.0,27.0,128.0,3,11,44,58,-0.136,-0.0885,-0.043,-0.028,-0.017,-4.796,6,-11.0,0.0,22.0,22.0,22.0,11.0,1,1,4,6,0.011,0.040999999999999995,0.066,0.066,0.066,0.241,201,-40.0,0.0,0.0,0.0,0.0,-1066.0,32,0,169,201,-0.133,-0.038,-0.006,-0.003,-0.001,-7.99,384,-48.0,0.0,0.0,0.0,0.0,-3499.0,99,0,285,384,0.0,0.043,0.07,0.074,0.078,15.882,4032,-48.0,0.0,0.0,0.0,20.0,-28998.0,948,45,3039,4032,-0.133,0.357,0.894,1.023,1.334,1673.434
A_X072_Y100,72,100,60,84,84,116,251.0,144.0,1.0,825,13200,9643,3557,0.2743181818181818,"{""X2Y1"": 825}",True,NOT_PROVEN_WITHOUT_MOVED_FF_CONTROL_SET_REPLAY,NOT_PROVEN_READ_ONLY_SITE_INVENTORY_ONLY,64,ALL_64,64,A49D88051B2D2E5D1255D4F806A7569CDA9B33A650A908566197031349AD8DB4,True,,True,False,U_NEG_UPSTREAM_WORSENING;U_PASS_UPSTREAM_INCREASE,,False,False,True,True,"[11.0, 33.0, 49.0, 4.0, -41.0, -24.0, -39.0, -35.0, 64.0]",58,-27.0,11.0,33.0,37.0,41.0,741.0,7,49,2,58,-0.136,-0.0885,-0.043,-0.028,-0.017,-4.796,6,-15.0,17.0,33.0,33.0,33.0,70.0,2,4,0,6,0.011,0.040999999999999995,0.066,0.066,0.066,0.241,201,-46.0,-41.0,-24.0,-21.0,2.0,-7512.0,199,2,0,201,-0.133,-0.038,-0.006,-0.003,-0.001,-7.99,384,-61.0,-39.0,-28.0,-22.0,0.0,-14316.0,383,0,1,384,0.0,0.043,0.07,0.074,0.078,15.882,4032,-61.0,-35.0,-14.0,-8.0,20.0,-128858.0,3927,93,12,4032,-0.133,0.357,0.894,1.023,1.334,1673.434
A_X072_Y100,72,100,60,84,84,116,251.0,144.0,1.0,825,13200,9643,3557,0.2711363636363636,"{""X2Y1"": 825}",True,NOT_PROVEN_WITHOUT_MOVED_FF_CONTROL_SET_REPLAY,NOT_PROVEN_READ_ONLY_SITE_INVENTORY_ONLY,22,DEST_X2Y1_MAJOR,22,EC8295A18CFB3214990035A3C2A8A03B2248BEA56069D816345F1D2C0CC4741A,True,,False,False,U_NEG_UPSTREAM_WORSENING;D_NEG_NO_MEDIAN_IMPROVEMENT,,False,True,False,True,"[0.0, 23.0, 18.0, 0.0, 0.0, 0.0, 0.0, 0.0, 22.0]",58,-27.0,0.0,23.0,32.0,33.0,205.0,3,18,37,58,-0.136,-0.0885,-0.043,-0.028,-0.017,-4.796,6,0.0,0.0,0.0,0.0,0.0,0.0,0,0,6,6,0.011,0.040999999999999995,0.066,0.066,0.066,0.241,201,-46.0,0.0,0.0,0.0,2.0,-2382.0,63,2,136,201,-0.133,-0.038,-0.006,-0.003,-0.001,-7.99,384,-46.0,0.0,0.0,0.0,0.0,-5399.0,141,0,243,384,0.0,0.043,0.07,0.074,0.078,15.882,4032,-46.0,0.0,0.0,0.0,20.0,-43636.0,1339,41,2652,4032,-0.133,0.357,0.894,1.023,1.334,1673.434
A_X072_Y100,72,100,60,84,84,116,251.0,144.0,1.0,825,13200,9643,3557,0.2709848484848485,"{""X2Y1"": 825}",True,NOT_PROVEN_WITHOUT_MOVED_FF_CONTROL_SET_REPLAY,NOT_PROVEN_READ_ONLY_SITE_INVENTORY_ONLY,20,DEST_X3Y1_MAJOR,20,D8DF451BC1C4EF6032E28F4D3065B488CCF48FA9921667AB64B2E0E8D05D4049,True,,False,False,U_NEG_UPSTREAM_WORSENING;U_PASS_UPSTREAM_INCREASE,,False,False,True,True,"[0.0, 23.0, 13.0, 3.0, -33.0, 0.0, 0.0, 0.0, 20.0]",58,-3.0,0.0,23.0,25.0,41.0,242.0,1,13,44,58,-0.136,-0.0885,-0.043,-0.028,-0.017,-4.796,6,-15.0,8.0,33.0,33.0,33.0,52.0,2,3,1,6,0.011,0.040999999999999995,0.066,0.066,0.066,0.241,201,-46.0,-33.0,0.0,0.0,0.0,-4772.0,126,0,75,201,-0.133,-0.038,-0.006,-0.003,-0.001,-7.99,384,-54.0,0.0,0.0,0.0,0.0,-6263.0,169,0,215,384,0.0,0.043,0.07,0.074,0.078,15.882,4032,-54.0,0.0,0.0,0.0,19.0,-40590.0,1225,33,2774,4032,-0.133,0.357,0.894,1.023,1.334,1673.434
A_X072_Y100,72,100,60,84,84,116,251.0,144.0,1.0,825,13200,9643,3557,0.2711363636363636,"{""X2Y1"": 825}",True,NOT_PROVEN_WITHOUT_MOVED_FF_CONTROL_SET_REPLAY,NOT_PROVEN_READ_ONLY_SITE_INVENTORY_ONLY,22,DEST_MIXED_OR_OTHER,22,62A80A6BF2780309EBB7ACB65499DC33F9E420F49ABAF670FF853CD53D650A7D,True,,False,False,U_NEG_UPSTREAM_WORSENING;U_PASS_UPSTREAM_INCREASE;D_NEG_NO_MEDIAN_IMPROVEMENT,,False,False,False,True,"[0.0, 23.0, 18.0, 1.0, 0.0, 0.0, 0.0, 0.0, 22.0]",58,-13.0,0.0,23.0,32.0,40.0,294.0,3,18,37,58,-0.136,-0.0885,-0.043,-0.028,-0.017,-4.796,6,0.0,0.0,18.0,18.0,18.0,18.0,0,1,5,6,0.011,0.040999999999999995,0.066,0.066,0.066,0.241,201,-45.0,0.0,0.0,0.0,0.0,-358.0,10,0,191,201,-0.133,-0.038,-0.006,-0.003,-0.001,-7.99,384,-61.0,0.0,0.0,0.0,0.0,-2654.0,73,0,311,384,0.0,0.043,0.07,0.074,0.078,15.882,4032,-61.0,0.0,0.0,0.0,17.0,-44632.0,1363,19,2650,4032,-0.133,0.357,0.894,1.023,1.334,1673.434
A_X072_Y100,72,100,60,84,84,116,251.0,144.0,1.0,825,13200,9643,3557,0.2706818181818182,"{""X2Y1"": 825}",True,NOT_PROVEN_WITHOUT_MOVED_FF_CONTROL_SET_REPLAY,NOT_PROVEN_READ_ONLY_SITE_INVENTORY_ONLY,16,FEATURE_BIN_0,16,25AFEB422DB3BDBEF4DCE97A6D1274116E7B27A3B94E395D479DC22D3DE14FFD,True,,False,False,U_NEG_UPSTREAM_WORSENING;D_NEG_NO_MEDIAN_IMPROVEMENT,,False,True,False,True,"[0.0, 20.0, 16.0, 0.0, 0.0, 0.0, 0.0, 0.0, 16.0]",58,0.0,0.0,20.0,32.0,40.0,305.0,0,16,42,58,-0.136,-0.0885,-0.043,-0.028,-0.017,-4.796,6,0.0,0.0,0.0,0.0,0.0,0.0,0,0,6,6,0.011,0.040999999999999995,0.066,0.066,0.066,0.241,201,-46.0,0.0,0.0,0.0,2.0,-2552.0,62,2,137,201,-0.133,-0.038,-0.006,-0.003,-0.001,-7.99,384,-61.0,0.0,0.0,0.0,0.0,-3888.0,95,0,289,384,0.0,0.043,0.07,0.074,0.078,15.882,4032,-61.0,0.0,0.0,0.0,20.0,-34880.0,992,18,3022,4032,-0.133,0.357,0.894,1.023,1.334,1673.434
A_X072_Y100,72,100,60,84,84,116,251.0,144.0,1.0,825,13200,9643,3557,0.2706818181818182,"{""X2Y1"": 825}",True,NOT_PROVEN_WITHOUT_MOVED_FF_CONTROL_SET_REPLAY,NOT_PROVEN_READ_ONLY_SITE_INVENTORY_ONLY,16,FEATURE_BIN_1,16,863B9B0389C1B994C73ED0C57EC56A84FD6D317708E59D47B391DA86E44D3A8E,True,,False,False,U_NEG_UPSTREAM_WORSENING;U_PASS_UPSTREAM_INCREASE;D_NEG_NO_MEDIAN_IMPROVEMENT,,False,False,False,True,"[0.0, 25.0, 13.0, 2.0, 0.0, 0.0, 0.0, 0.0, 16.0]",58,-3.0,0.0,25.0,33.0,41.0,268.0,1,13,44,58,-0.136,-0.0885,-0.043,-0.028,-0.017,-4.796,6,0.0,0.0,33.0,33.0,33.0,49.0,0,2,4,6,0.011,0.040999999999999995,0.066,0.066,0.066,0.241,201,-46.0,0.0,0.0,0.0,0.0,-1816.0,48,0,153,201,-0.133,-0.038,-0.006,-0.003,-0.001,-7.99,384,-54.0,0.0,0.0,0.0,0.0,-4035.0,104,0,280,384,0.0,0.043,0.07,0.074,0.078,15.882,4032,-54.0,0.0,0.0,0.0,19.0,-32454.0,974,34,3024,4032,-0.133,0.357,0.894,1.023,1.334,1673.434
A_X072_Y100,72,100,60,84,84,116,251.0,144.0,1.0,825,13200,9643,3557,0.2706818181818182,"{""X2Y1"": 825}",True,NOT_PROVEN_WITHOUT_MOVED_FF_CONTROL_SET_REPLAY,NOT_PROVEN_READ_ONLY_SITE_INVENTORY_ONLY,16,FEATURE_BIN_2,16,18F6AC63D50EACD2B5F6CC669CA58252595A0313B759D7A0EC563D4D8CFF4410,True,,False,False,U_NEG_UPSTREAM_WORSENING;U_PASS_UPSTREAM_INCREASE;D_NEG_NO_MEDIAN_IMPROVEMENT,,False,False,False,True,"[0.0, 6.0, 12.0, 1.0, 0.0, 0.0, 0.0, 0.0, 16.0]",58,-27.0,0.0,6.0,23.0,23.0,96.0,2,12,44,58,-0.136,-0.0885,-0.043,-0.028,-0.017,-4.796,6,-5.0,0.0,23.0,23.0,23.0,18.0,1,1,4,6,0.011,0.040999999999999995,0.066,0.066,0.066,0.241,201,-42.0,0.0,0.0,0.0,0.0,-2160.0,57,0,144,201,-0.133,-0.038,-0.006,-0.003,-0.001,-7.99,384,-42.0,0.0,0.0,0.0,0.0,-3172.0,85,0,299,384,0.0,0.043,0.07,0.074,0.078,15.882,4032,-42.0,0.0,0.0,0.0,6.0,-33370.0,997,13,3022,4032,-0.133,0.357,0.894,1.023,1.334,1673.434
A_X072_Y100,72,100,60,84,84,116,251.0,144.0,1.0,825,13200,9643,3557,0.2706818181818182,"{""X2Y1"": 825}",True,NOT_PROVEN_WITHOUT_MOVED_FF_CONTROL_SET_REPLAY,NOT_PROVEN_READ_ONLY_SITE_INVENTORY_ONLY,16,FEATURE_BIN_3,16,6D6B2605916DFCDD525A27838AC825D18C62B807369D6E6322040D77ED73CF54,True,,False,False,U_NEG_UPSTREAM_WORSENING;U_PASS_UPSTREAM_INCREASE;D_NEG_NO_MEDIAN_IMPROVEMENT,,False,False,False,True,"[0.0, 7.0, 8.0, 1.0, 0.0, 0.0, 0.0, 0.0, 16.0]",58,-15.0,0.0,7.0,23.0,23.0,72.0,4,8,46,58,-0.136,-0.0885,-0.043,-0.028,-0.017,-4.796,6,-15.0,0.0,18.0,18.0,18.0,3.0,1,1,4,6,0.011,0.040999999999999995,0.066,0.066,0.066,0.241,201,-36.0,0.0,0.0,0.0,0.0,-984.0,32,0,169,201,-0.133,-0.038,-0.006,-0.003,-0.001,-7.99,384,-44.0,0.0,0.0,0.0,0.0,-3221.0,99,0,285,384,0.0,0.043,0.07,0.074,0.078,15.882,4032,-44.0,0.0,0.0,0.0,16.0,-28154.0,964,28,3040,4032,-0.133,0.357,0.894,1.023,1.334,1673.434
A_X072_Y104,72,104,60,84,88,120,251.0,140.0,1.0,825,13200,9852,3348,0.2584848484848485,"{""X2Y1"": 800, ""X2Y2"": 25}",True,NOT_PROVEN_WITHOUT_MOVED_FF_CONTROL_SET_REPLAY,NOT_PROVEN_READ_ONLY_SITE_INVENTORY_ONLY,0,ALL_64,64,A49D88051B2D2E5D1255D4F806A7569CDA9B33A650A908566197031349AD8DB4,True,,True,False,U_NEG_UPSTREAM_WORSENING;U_PASS_UPSTREAM_INCREASE,,False,False,True,True,"[7.0, 29.0, 42.0, 4.0, -37.0, -27.0, -35.0, -32.0, 64.0]",58,-31.0,7.0,29.0,33.0,37.0,509.0,16,42,0,58,-0.136,-0.0885,-0.043,-0.028,-0.017,-4.796,6,-19.0,13.0,29.0,29.0,29.0,46.0,2,4,0,6,0.011,0.040999999999999995,0.066,0.066,0.066,0.241,201,-44.0,-37.0,-27.0,-25.0,-2.0,-6970.0,201,0,0,201,-0.133,-0.038,-0.006,-0.003,-0.001,-7.99,384,-57.0,-35.0,-27.0,-25.0,-4.0,-13202.0,384,0,0,384,0.0,0.043,0.07,0.074,0.078,15.882,4032,-57.0,-32.0,-18.0,-12.0,16.0,-123018.0,3960,67,5,4032,-0.133,0.357,0.894,1.023,1.334,1673.434
A_X072_Y104,72,104,60,84,88,120,251.0,140.0,1.0,825,13200,9852,3348,0.2553030303030303,"{""X2Y1"": 800, ""X2Y2"": 25}",True,NOT_PROVEN_WITHOUT_MOVED_FF_CONTROL_SET_REPLAY,NOT_PROVEN_READ_ONLY_SITE_INVENTORY_ONLY,0,DEST_X2Y1_MAJOR,22,EC8295A18CFB3214990035A3C2A8A03B2248BEA56069D816345F1D2C0CC4741A,True,,False,False,U_NEG_UPSTREAM_WORSENING;D_NEG_NO_MEDIAN_IMPROVEMENT,,False,True,False,True,"[0.0, 19.0, 13.0, 0.0, 0.0, 0.0, 0.0, 0.0, 22.0]",58,-31.0,0.0,19.0,28.0,29.0,117.0,9,13,36,58,-0.136,-0.0885,-0.043,-0.028,-0.017,-4.796,6,0.0,0.0,0.0,0.0,0.0,0.0,0,0,6,6,0.011,0.040999999999999995,0.066,0.066,0.066,0.241,201,-42.0,0.0,0.0,0.0,0.0,-2154.0,65,0,136,201,-0.133,-0.038,-0.006,-0.003,-0.001,-7.99,384,-42.0,0.0,0.0,0.0,0.0,-4919.0,142,0,242,384,0.0,0.043,0.07,0.074,0.078,15.882,4032,-42.0,0.0,0.0,0.0,16.0,-41614.0,1351,30,2651,4032,-0.133,0.357,0.894,1.023,1.334,1673.434
A_X072_Y104,72,104,60,84,88,120,251.0,140.0,1.0,825,13200,9852,3348,0.25515151515151513,"{""X2Y1"": 800, ""X2Y2"": 25}",True,NOT_PROVEN_WITHOUT_MOVED_FF_CONTROL_SET_REPLAY,NOT_PROVEN_READ_ONLY_SITE_INVENTORY_ONLY,0,DEST_X3Y1_MAJOR,20,D8DF451BC1C4EF6032E28F4D3065B488CCF48FA9921667AB64B2E0E8D05D4049,True,,False,False,U_NEG_UPSTREAM_WORSENING;U_PASS_UPSTREAM_INCREASE,,False,False,True,True,"[0.0, 19.0, 12.0, 3.0, -32.0, 0.0, 0.0, 0.0, 20.0]",58,-7.0,0.0,19.0,21.0,37.0,182.0,3,12,43,58,-0.136,-0.0885,-0.043,-0.028,-0.017,-4.796,6,-19.0,6.0,29.0,29.0,29.0,32.0,2,3,1,6,0.011,0.040999999999999995,0.066,0.066,0.066,0.241,201,-44.0,-32.0,0.0,0.0,0.0,-4474.0,126,0,75,201,-0.133,-0.038,-0.006,-0.003,-0.001,-7.99,384,-50.0,0.0,0.0,0.0,0.0,-5827.0,169,0,215,384,0.0,0.043,0.07,0.074,0.078,15.882,4032,-50.0,0.0,0.0,0.0,15.0,-38762.0,1236,22,2774,4032,-0.133,0.357,0.894,1.023,1.334,1673.434
A_X072_Y104,72,104,60,84,88,120,251.0,140.0,1.0,825,13200,9852,3348,0.2553030303030303,"{""X2Y1"": 800, ""X2Y2"": 25}",True,NOT_PROVEN_WITHOUT_MOVED_FF_CONTROL_SET_REPLAY,NOT_PROVEN_READ_ONLY_SITE_INVENTORY_ONLY,0,DEST_MIXED_OR_OTHER,22,62A80A6BF2780309EBB7ACB65499DC33F9E420F49ABAF670FF853CD53D650A7D,True,,False,False,U_NEG_UPSTREAM_WORSENING;U_PASS_UPSTREAM_INCREASE;D_NEG_NO_MEDIAN_IMPROVEMENT,,False,False,False,True,"[0.0, 19.0, 17.0, 1.0, 0.0, 0.0, 0.0, 0.0, 22.0]",58,-17.0,0.0,19.0,28.0,36.0,210.0,4,17,37,58,-0.136,-0.0885,-0.043,-0.028,-0.017,-4.796,6,0.0,0.0,14.0,14.0,14.0,14.0,0,1,5,6,0.011,0.040999999999999995,0.066,0.066,0.066,0.241,201,-41.0,0.0,0.0,0.0,0.0,-342.0,10,0,191,201,-0.133,-0.038,-0.006,-0.003,-0.001,-7.99,384,-57.0,0.0,0.0,0.0,0.0,-2456.0,73,0,311,384,0.0,0.043,0.07,0.074,0.078,15.882,4032,-57.0,0.0,0.0,0.0,13.0,-42642.0,1373,15,2644,4032,-0.133,0.357,0.894,1.023,1.334,1673.434
A_X072_Y104,72,104,60,84,88,120,251.0,140.0,1.0,825,13200,9852,3348,0.2548484848484848,"{""X2Y1"": 800, ""X2Y2"": 25}",True,NOT_PROVEN_WITHOUT_MOVED_FF_CONTROL_SET_REPLAY,NOT_PROVEN_READ_ONLY_SITE_INVENTORY_ONLY,0,FEATURE_BIN_0,16,25AFEB422DB3BDBEF4DCE97A6D1274116E7B27A3B94E395D479DC22D3DE14FFD,True,,False,False,U_NEG_UPSTREAM_WORSENING;D_NEG_NO_MEDIAN_IMPROVEMENT,,False,True,False,True,"[0.0, 16.0, 16.0, 0.0, 0.0, 0.0, 0.0, 0.0, 16.0]",58,0.0,0.0,16.0,28.0,36.0,241.0,0,16,42,58,-0.136,-0.0885,-0.043,-0.028,-0.017,-4.796,6,0.0,0.0,0.0,0.0,0.0,0.0,0,0,6,6,0.011,0.040999999999999995,0.066,0.066,0.066,0.241,201,-42.0,0.0,0.0,0.0,0.0,-2400.0,64,0,137,201,-0.133,-0.038,-0.006,-0.003,-0.001,-7.99,384,-57.0,0.0,0.0,0.0,0.0,-3562.0,96,0,288,384,0.0,0.043,0.07,0.074,0.078,15.882,4032,-57.0,0.0,0.0,0.0,16.0,-33208.0,998,12,3022,4032,-0.133,0.357,0.894,1.023,1.334,1673.434
A_X072_Y104,72,104,60,84,88,120,251.0,140.0,1.0,825,13200,9852,3348,0.2548484848484848,"{""X2Y1"": 800, ""X2Y2"": 25}",True,NOT_PROVEN_WITHOUT_MOVED_FF_CONTROL_SET_REPLAY,NOT_PROVEN_READ_ONLY_SITE_INVENTORY_ONLY,0,FEATURE_BIN_1,16,863B9B0389C1B994C73ED0C57EC56A84FD6D317708E59D47B391DA86E44D3A8E,True,,False,False,U_NEG_UPSTREAM_WORSENING;U_PASS_UPSTREAM_INCREASE;D_NEG_NO_MEDIAN_IMPROVEMENT,,False,False,False,True,"[0.0, 21.0, 12.0, 2.0, 0.0, 0.0, 0.0, 0.0, 16.0]",58,-7.0,0.0,21.0,29.0,37.0,212.0,2,12,44,58,-0.136,-0.0885,-0.043,-0.028,-0.017,-4.796,6,0.0,0.0,29.0,29.0,29.0,41.0,0,2,4,6,0.011,0.040999999999999995,0.066,0.066,0.066,0.241,201,-44.0,0.0,0.0,0.0,0.0,-1680.0,48,0,153,201,-0.133,-0.038,-0.006,-0.003,-0.001,-7.99,384,-50.0,0.0,0.0,0.0,0.0,-3787.0,104,0,280,384,0.0,0.043,0.07,0.074,0.078,15.882,4032,-50.0,0.0,0.0,0.0,15.0,-31024.0,984,28,3020,4032,-0.133,0.357,0.894,1.023,1.334,1673.434
A_X072_Y104,72,104,60,84,88,120,251.0,140.0,1.0,825,13200,9852,3348,0.2548484848484848,"{""X2Y1"": 800, ""X2Y2"": 25}",True,NOT_PROVEN_WITHOUT_MOVED_FF_CONTROL_SET_REPLAY,NOT_PROVEN_READ_ONLY_SITE_INVENTORY_ONLY,0,FEATURE_BIN_2,16,18F6AC63D50EACD2B5F6CC669CA58252595A0313B759D7A0EC563D4D8CFF4410,True,,False,False,U_NEG_UPSTREAM_WORSENING;U_PASS_UPSTREAM_INCREASE;D_NEG_NO_MEDIAN_IMPROVEMENT,,False,False,False,True,"[0.0, 2.0, 8.0, 1.0, 0.0, 0.0, 0.0, 0.0, 16.0]",58,-31.0,0.0,2.0,19.0,19.0,40.0,6,8,44,58,-0.136,-0.0885,-0.043,-0.028,-0.017,-4.796,6,-9.0,0.0,19.0,19.0,19.0,10.0,1,1,4,6,0.011,0.040999999999999995,0.066,0.066,0.066,0.241,201,-38.0,0.0,0.0,0.0,0.0,-1994.0,57,0,144,201,-0.133,-0.038,-0.006,-0.003,-0.001,-7.99,384,-38.0,0.0,0.0,0.0,0.0,-2932.0,85,0,299,384,0.0,0.043,0.07,0.074,0.078,15.882,4032,-38.0,0.0,0.0,0.0,2.0,-31980.0,1006,4,3022,4032,-0.133,0.357,0.894,1.023,1.334,1673.434
A_X072_Y104,72,104,60,84,88,120,251.0,140.0,1.0,825,13200,9852,3348,0.2548484848484848,"{""X2Y1"": 800, ""X2Y2"": 25}",True,NOT_PROVEN_WITHOUT_MOVED_FF_CONTROL_SET_REPLAY,NOT_PROVEN_READ_ONLY_SITE_INVENTORY_ONLY,0,FEATURE_BIN_3,16,6D6B2605916DFCDD525A27838AC825D18C62B807369D6E6322040D77ED73CF54,True,,False,False,U_NEG_UPSTREAM_WORSENING;U_PASS_UPSTREAM_INCREASE;D_NEG_NO_MEDIAN_IMPROVEMENT,,False,False,False,True,"[0.0, 3.0, 6.0, 1.0, 0.0, 0.0, 0.0, 0.0, 16.0]",58,-19.0,0.0,3.0,19.0,19.0,16.0,8,6,44,58,-0.136,-0.0885,-0.043,-0.028,-0.017,-4.796,6,-19.0,0.0,14.0,14.0,14.0,-5.0,1,1,4,6,0.011,0.040999999999999995,0.066,0.066,0.066,0.241,201,-32.0,0.0,0.0,0.0,0.0,-896.0,32,0,169,201,-0.133,-0.038,-0.006,-0.003,-0.001,-7.99,384,-40.0,0.0,0.0,0.0,0.0,-2921.0,99,0,285,384,0.0,0.043,0.07,0.074,0.078,15.882,4032,-40.0,0.0,0.0,0.0,12.0,-26806.0,972,23,3037,4032,-0.133,0.357,0.894,1.023,1.334,1673.434
A_X072_Y108,72,108,60,84,92,124,251.0,136.0,1.0,825,13200,10083,3117,0.2409848484848485,"{""X2Y1"": 700, ""X2Y2"": 125}",True,NOT_PROVEN_WITHOUT_MOVED_FF_CONTROL_SET_REPLAY,NOT_PROVEN_READ_ONLY_SITE_INVENTORY_ONLY,0,ALL_64,64,A49D88051B2D2E5D1255D4F806A7569CDA9B33A650A908566197031349AD8DB4,True,,True,False,U_NEG_UPSTREAM_WORSENING;U_PASS_UPSTREAM_INCREASE,,False,False,True,True,"[3.0, 25.0, 35.0, 4.0, -33.0, -25.0, -31.0, -30.0, 64.0]",58,-35.0,3.0,25.0,29.0,33.0,277.0,22,35,1,58,-0.136,-0.0885,-0.043,-0.028,-0.017,-4.796,6,-23.0,9.0,25.0,25.0,25.0,22.0,2,4,0,6,0.011,0.040999999999999995,0.066,0.066,0.066,0.241,201,-46.0,-33.0,-25.0,-23.0,-6.0,-6370.0,201,0,0,201,-0.133,-0.038,-0.006,-0.003,-0.001,-7.99,384,-53.0,-31.0,-25.0,-23.0,-8.0,-11960.0,384,0,0,384,0.0,0.043,0.07,0.074,0.078,15.882,4032,-53.0,-30.0,-19.0,-16.0,12.0,-114614.0,3973,58,1,4032,-0.133,0.357,0.894,1.023,1.334,1673.434
A_X072_Y108,72,108,60,84,92,124,251.0,136.0,1.0,825,13200,10083,3117,0.2378030303030303,"{""X2Y1"": 700, ""X2Y2"": 125}",True,NOT_PROVEN_WITHOUT_MOVED_FF_CONTROL_SET_REPLAY,NOT_PROVEN_READ_ONLY_SITE_INVENTORY_ONLY,0,DEST_X2Y1_MAJOR,22,EC8295A18CFB3214990035A3C2A8A03B2248BEA56069D816345F1D2C0CC4741A,True,,False,False,U_NEG_UPSTREAM_WORSENING;D_NEG_NO_MEDIAN_IMPROVEMENT,,False,True,False,True,"[0.0, 15.0, 9.0, 0.0, 0.0, 0.0, 0.0, 0.0, 22.0]",58,-35.0,0.0,15.0,24.0,25.0,29.0,12,9,37,58,-0.136,-0.0885,-0.043,-0.028,-0.017,-4.796,6,0.0,0.0,0.0,0.0,0.0,0.0,0,0,6,6,0.011,0.040999999999999995,0.066,0.066,0.066,0.241,201,-38.0,0.0,0.0,0.0,0.0,-1920.0,65,0,136,201,-0.133,-0.038,-0.006,-0.003,-0.001,-7.99,384,-38.0,0.0,0.0,0.0,0.0,-4421.0,142,0,242,384,0.0,0.043,0.07,0.074,0.078,15.882,4032,-38.0,0.0,0.0,0.0,12.0,-38872.0,1357,26,2649,4032,-0.133,0.357,0.894,1.023,1.334,1673.434
A_X072_Y108,72,108,60,84,92,124,251.0,136.0,1.0,825,13200,10083,3117,0.23765151515151514,"{""X2Y1"": 700, ""X2Y2"": 125}",True,NOT_PROVEN_WITHOUT_MOVED_FF_CONTROL_SET_REPLAY,NOT_PROVEN_READ_ONLY_SITE_INVENTORY_ONLY,0,DEST_X3Y1_MAJOR,20,D8DF451BC1C4EF6032E28F4D3065B488CCF48FA9921667AB64B2E0E8D05D4049,True,,True,False,U_NEG_UPSTREAM_WORSENING;U_PASS_UPSTREAM_INCREASE,,False,False,True,True,"[0.0, 15.0, 11.0, 3.0, -30.0, 0.0, 0.0, 0.0, 20.0]",58,-11.0,0.0,15.0,17.0,33.0,122.0,4,11,43,58,-0.136,-0.0885,-0.043,-0.028,-0.017,-4.796,6,-23.0,4.0,25.0,25.0,25.0,12.0,2,3,1,6,0.011,0.040999999999999995,0.066,0.066,0.066,0.241,201,-46.0,-30.0,0.0,0.0,0.0,-4128.0,126,0,75,201,-0.133,-0.038,-0.006,-0.003,-0.001,-7.99,384,-46.0,0.0,0.0,0.0,0.0,-5295.0,169,0,215,384,0.0,0.043,0.07,0.074,0.078,15.882,4032,-46.0,0.0,0.0,0.0,11.0,-36110.0,1240,20,2772,4032,-0.133,0.357,0.894,1.023,1.334,1673.434
A_X072_Y108,72,108,60,84,92,124,251.0,136.0,1.0,825,13200,10083,3117,0.2378030303030303,"{""X2Y1"": 700, ""X2Y2"": 125}",True,NOT_PROVEN_WITHOUT_MOVED_FF_CONTROL_SET_REPLAY,NOT_PROVEN_READ_ONLY_SITE_INVENTORY_ONLY,0,DEST_MIXED_OR_OTHER,22,62A80A6BF2780309EBB7ACB65499DC33F9E420F49ABAF670FF853CD53D650A7D,True,,False,False,U_NEG_UPSTREAM_WORSENING;U_PASS_UPSTREAM_INCREASE;D_NEG_NO_MEDIAN_IMPROVEMENT,,False,False,False,True,"[0.0, 15.0, 15.0, 1.0, 0.0, 0.0, 0.0, 0.0, 22.0]",58,-21.0,0.0,15.0,24.0,32.0,126.0,6,15,37,58,-0.136,-0.0885,-0.043,-0.028,-0.017,-4.796,6,0.0,0.0,10.0,10.0,10.0,10.0,0,1,5,6,0.011,0.040999999999999995,0.066,0.066,0.066,0.241,201,-37.0,0.0,0.0,0.0,0.0,-322.0,10,0,191,201,-0.133,-0.038,-0.006,-0.003,-0.001,-7.99,384,-53.0,0.0,0.0,0.0,0.0,-2244.0,73,0,311,384,0.0,0.043,0.07,0.074,0.078,15.882,4032,-53.0,0.0,0.0,0.0,9.0,-39632.0,1376,12,2644,4032,-0.133,0.357,0.894,1.023,1.334,1673.434
A_X072_Y108,72,108,60,84,92,124,251.0,136.0,1.0,825,13200,10083,3117,0.23734848484848484,"{""X2Y1"": 700, ""X2Y2"": 125}",True,NOT_PROVEN_WITHOUT_MOVED_FF_CONTROL_SET_REPLAY,NOT_PROVEN_READ_ONLY_SITE_INVENTORY_ONLY,0,FEATURE_BIN_0,16,25AFEB422DB3BDBEF4DCE97A6D1274116E7B27A3B94E395D479DC22D3DE14FFD,True,,False,False,U_NEG_UPSTREAM_WORSENING;D_NEG_NO_MEDIAN_IMPROVEMENT,,False,True,False,True,"[0.0, 12.0, 15.0, 0.0, 0.0, 0.0, 0.0, 0.0, 16.0]",58,-1.0,0.0,12.0,24.0,32.0,177.0,1,15,42,58,-0.136,-0.0885,-0.043,-0.028,-0.017,-4.796,6,0.0,0.0,0.0,0.0,0.0,0.0,0,0,6,6,0.011,0.040999999999999995,0.066,0.066,0.066,0.241,201,-38.0,0.0,0.0,0.0,0.0,-2236.0,64,0,137,201,-0.133,-0.038,-0.006,-0.003,-0.001,-7.99,384,-53.0,0.0,0.0,0.0,0.0,-3224.0,96,0,288,384,0.0,0.043,0.07,0.074,0.078,15.882,4032,-53.0,0.0,0.0,0.0,12.0,-30848.0,1000,11,3021,4032,-0.133,0.357,0.894,1.023,1.334,1673.434
A_X072_Y108,72,108,60,84,92,124,251.0,136.0,1.0,825,13200,10083,3117,0.23734848484848484,"{""X2Y1"": 700, ""X2Y2"": 125}",True,NOT_PROVEN_WITHOUT_MOVED_FF_CONTROL_SET_REPLAY,NOT_PROVEN_READ_ONLY_SITE_INVENTORY_ONLY,0,FEATURE_BIN_1,16,863B9B0389C1B994C73ED0C57EC56A84FD6D317708E59D47B391DA86E44D3A8E,True,,False,False,U_NEG_UPSTREAM_WORSENING;U_PASS_UPSTREAM_INCREASE;D_NEG_NO_MEDIAN_IMPROVEMENT,,False,False,False,True,"[0.0, 17.0, 11.0, 2.0, 0.0, 0.0, 0.0, 0.0, 16.0]",58,-11.0,0.0,17.0,25.0,33.0,156.0,3,11,44,58,-0.136,-0.0885,-0.043,-0.028,-0.017,-4.796,6,0.0,0.0,25.0,25.0,25.0,33.0,0,2,4,6,0.011,0.040999999999999995,0.066,0.066,0.066,0.241,201,-46.0,0.0,0.0,0.0,0.0,-1534.0,48,0,153,201,-0.133,-0.038,-0.006,-0.003,-0.001,-7.99,384,-46.0,0.0,0.0,0.0,0.0,-3501.0,104,0,280,384,0.0,0.043,0.07,0.074,0.078,15.882,4032,-46.0,0.0,0.0,0.0,11.0,-29106.0,988,24,3020,4032,-0.133,0.357,0.894,1.023,1.334,1673.434
A_X072_Y108,72,108,60,84,92,124,251.0,136.0,1.0,825,13200,10083,3117,0.23734848484848484,"{""X2Y1"": 700, ""X2Y2"": 125}",True,NOT_PROVEN_WITHOUT_MOVED_FF_CONTROL_SET_REPLAY,NOT_PROVEN_READ_ONLY_SITE_INVENTORY_ONLY,0,FEATURE_BIN_2,16,18F6AC63D50EACD2B5F6CC669CA58252595A0313B759D7A0EC563D4D8CFF4410,True,,False,False,U_NEG_UPSTREAM_WORSENING;U_PASS_UPSTREAM_INCREASE;D_NEG_NO_MEDIAN_IMPROVEMENT,,False,False,False,True,"[0.0, 0.0, 5.0, 1.0, 0.0, 0.0, 0.0, 0.0, 16.0]",58,-35.0,0.0,0.0,15.0,15.0,-16.0,9,5,44,58,-0.136,-0.0885,-0.043,-0.028,-0.017,-4.796,6,-13.0,0.0,15.0,15.0,15.0,2.0,1,1,4,6,0.011,0.040999999999999995,0.066,0.066,0.066,0.241,201,-34.0,0.0,0.0,0.0,0.0,-1804.0,57,0,144,201,-0.133,-0.038,-0.006,-0.003,-0.001,-7.99,384,-34.0,0.0,0.0,0.0,0.0,-2648.0,85,0,299,384,0.0,0.043,0.07,0.074,0.078,15.882,4032,-34.0,0.0,0.0,0.0,0.0,-29882.0,1012,0,3020,4032,-0.133,0.357,0.894,1.023,1.334,1673.434
A_X072_Y108,72,108,60,84,92,124,251.0,136.0,1.0,825,13200,10083,3117,0.23734848484848484,"{""X2Y1"": 700, ""X2Y2"": 125}",True,NOT_PROVEN_WITHOUT_MOVED_FF_CONTROL_SET_REPLAY,NOT_PROVEN_READ_ONLY_SITE_INVENTORY_ONLY,0,FEATURE_BIN_3,16,6D6B2605916DFCDD525A27838AC825D18C62B807369D6E6322040D77ED73CF54,True,,True,False,U_NEG_UPSTREAM_WORSENING;U_PASS_UPSTREAM_INCREASE;D_NEG_NO_MEDIAN_IMPROVEMENT,,False,False,False,True,"[0.0, 0.0, 4.0, 1.0, 0.0, 0.0, 0.0, 0.0, 16.0]",58,-23.0,0.0,0.0,15.0,15.0,-40.0,9,4,45,58,-0.136,-0.0885,-0.043,-0.028,-0.017,-4.796,6,-23.0,0.0,10.0,10.0,10.0,-13.0,1,1,4,6,0.011,0.040999999999999995,0.066,0.066,0.066,0.241,201,-28.0,0.0,0.0,0.0,0.0,-796.0,32,0,169,201,-0.133,-0.038,-0.006,-0.003,-0.001,-7.99,384,-36.0,0.0,0.0,0.0,0.0,-2587.0,99,0,285,384,0.0,0.043,0.07,0.074,0.078,15.882,4032,-36.0,0.0,0.0,0.0,8.0,-24778.0,973,23,3036,4032,-0.133,0.357,0.894,1.023,1.334,1673.434
A_X072_Y112,72,112,60,84,96,128,251.0,132.0,1.0,825,13200,10369,2831,0.21931818181818183,"{""X2Y1"": 600, ""X2Y2"": 225}",True,NOT_PROVEN_WITHOUT_MOVED_FF_CONTROL_SET_REPLAY,NOT_PROVEN_READ_ONLY_SITE_INVENTORY_ONLY,0,ALL_64,64,A49D88051B2D2E5D1255D4F806A7569CDA9B33A650A908566197031349AD8DB4,True,,True,False,U_NEG_UPSTREAM_WORSENING;U_PASS_UPSTREAM_INCREASE,,False,False,True,True,"[-1.0, 21.0, 27.0, 4.0, -29.0, -21.0, -28.0, -27.0, 64.0]",58,-39.0,-1.0,21.0,25.0,29.0,45.0,30,27,1,58,-0.136,-0.0885,-0.043,-0.028,-0.017,-4.796,6,-27.0,5.0,21.0,21.0,21.0,-2.0,2,4,0,6,0.011,0.040999999999999995,0.066,0.066,0.066,0.241,201,-42.0,-29.0,-21.0,-19.0,-10.0,-5652.0,201,0,0,201,-0.133,-0.038,-0.006,-0.003,-0.001,-7.99,384,-49.0,-28.0,-21.0,-19.0,-12.0,-10560.0,384,0,0,384,0.0,0.043,0.07,0.074,0.078,15.882,4032,-49.0,-27.0,-17.0,-13.0,8.0,-102572.0,3997,28,7,4032,-0.133,0.357,0.894,1.023,1.334,1673.434
A_X072_Y112,72,112,60,84,96,128,251.0,132.0,1.0,825,13200,10369,2831,0.21613636363636363,"{""X2Y1"": 600, ""X2Y2"": 225}",True,NOT_PROVEN_WITHOUT_MOVED_FF_CONTROL_SET_REPLAY,NOT_PROVEN_READ_ONLY_SITE_INVENTORY_ONLY,0,DEST_X2Y1_MAJOR,22,EC8295A18CFB3214990035A3C2A8A03B2248BEA56069D816345F1D2C0CC4741A,True,,False,False,U_NEG_UPSTREAM_WORSENING;D_NEG_NO_MEDIAN_IMPROVEMENT,,False,True,False,True,"[0.0, 11.0, 9.0, 0.0, 0.0, 0.0, 0.0, 0.0, 22.0]",58,-39.0,0.0,11.0,20.0,21.0,-59.0,13,9,36,58,-0.136,-0.0885,-0.043,-0.028,-0.017,-4.796,6,0.0,0.0,0.0,0.0,0.0,0.0,0,0,6,6,0.011,0.040999999999999995,0.066,0.066,0.066,0.241,201,-34.0,0.0,0.0,0.0,0.0,-1680.0,65,0,136,201,-0.133,-0.038,-0.006,-0.003,-0.001,-7.99,384,-34.0,0.0,0.0,0.0,0.0,-3883.0,142,0,242,384,0.0,0.043,0.07,0.074,0.078,15.882,4032,-34.0,0.0,0.0,0.0,8.0,-34906.0,1373,4,2655,4032,-0.133,0.357,0.894,1.023,1.334,1673.434
A_X072_Y112,72,112,60,84,96,128,251.0,132.0,1.0,825,13200,10369,2831,0.21598484848484847,"{""X2Y1"": 600, ""X2Y2"": 225}",True,NOT_PROVEN_WITHOUT_MOVED_FF_CONTROL_SET_REPLAY,NOT_PROVEN_READ_ONLY_SITE_INVENTORY_ONLY,0,DEST_X3Y1_MAJOR,20,D8DF451BC1C4EF6032E28F4D3065B488CCF48FA9921667AB64B2E0E8D05D4049,True,,True,False,U_NEG_UPSTREAM_WORSENING;U_PASS_UPSTREAM_INCREASE,,False,False,True,True,"[0.0, 11.0, 8.0, 3.0, -27.0, 0.0, 0.0, 0.0, 20.0]",58,-15.0,0.0,11.0,13.0,29.0,62.0,7,8,43,58,-0.136,-0.0885,-0.043,-0.028,-0.017,-4.796,6,-27.0,2.0,21.0,21.0,21.0,-8.0,2,3,1,6,0.011,0.040999999999999995,0.066,0.066,0.066,0.241,201,-42.0,-27.0,0.0,0.0,0.0,-3686.0,126,0,75,201,-0.133,-0.038,-0.006,-0.003,-0.001,-7.99,384,-42.0,0.0,0.0,0.0,0.0,-4693.0,169,0,215,384,0.0,0.043,0.07,0.074,0.078,15.882,4032,-42.0,0.0,0.0,0.0,7.0,-32332.0,1244,16,2772,4032,-0.133,0.357,0.894,1.023,1.334,1673.434
A_X072_Y112,72,112,60,84,96,128,251.0,132.0,1.0,825,13200,10369,2831,0.21613636363636363,"{""X2Y1"": 600, ""X2Y2"": 225}",True,NOT_PROVEN_WITHOUT_MOVED_FF_CONTROL_SET_REPLAY,NOT_PROVEN_READ_ONLY_SITE_INVENTORY_ONLY,0,DEST_MIXED_OR_OTHER,22,62A80A6BF2780309EBB7ACB65499DC33F9E420F49ABAF670FF853CD53D650A7D,True,,False,False,U_NEG_UPSTREAM_WORSENING;U_PASS_UPSTREAM_INCREASE;D_NEG_NO_MEDIAN_IMPROVEMENT,,False,False,False,True,"[0.0, 11.0, 10.0, 1.0, 0.0, 0.0, 0.0, 0.0, 22.0]",58,-25.0,0.0,11.0,20.0,28.0,42.0,10,10,38,58,-0.136,-0.0885,-0.043,-0.028,-0.017,-4.796,6,0.0,0.0,6.0,6.0,6.0,6.0,0,1,5,6,0.011,0.040999999999999995,0.066,0.066,0.066,0.241,201,-33.0,0.0,0.0,0.0,0.0,-286.0,10,0,191,201,-0.133,-0.038,-0.006,-0.003,-0.001,-7.99,384,-49.0,0.0,0.0,0.0,0.0,-1984.0,73,0,311,384,0.0,0.043,0.07,0.074,0.078,15.882,4032,-49.0,0.0,0.0,0.0,5.0,-35334.0,1380,8,2644,4032,-0.133,0.357,0.894,1.023,1.334,1673.434
A_X072_Y112,72,112,60,84,96,128,251.0,132.0,1.0,825,13200,10369,2831,0.21568181818181817,"{""X2Y1"": 600, ""X2Y2"": 225}",True,NOT_PROVEN_WITHOUT_MOVED_FF_CONTROL_SET_REPLAY,NOT_PROVEN_READ_ONLY_SITE_INVENTORY_ONLY,0,FEATURE_BIN_0,16,25AFEB422DB3BDBEF4DCE97A6D1274116E7B27A3B94E395D479DC22D3DE14FFD,True,,False,False,U_NEG_UPSTREAM_WORSENING;D_NEG_NO_MEDIAN_IMPROVEMENT,,False,True,False,True,"[0.0, 8.0, 11.0, 0.0, 0.0, 0.0, 0.0, 0.0, 16.0]",58,-5.0,0.0,8.0,20.0,28.0,113.0,5,11,42,58,-0.136,-0.0885,-0.043,-0.028,-0.017,-4.796,6,0.0,0.0,0.0,0.0,0.0,0.0,0,0,6,6,0.011,0.040999999999999995,0.066,0.066,0.066,0.241,201,-34.0,0.0,0.0,0.0,0.0,-2012.0,64,0,137,201,-0.133,-0.038,-0.006,-0.003,-0.001,-7.99,384,-49.0,0.0,0.0,0.0,0.0,-2862.0,96,0,288,384,0.0,0.043,0.07,0.074,0.078,15.882,4032,-49.0,0.0,0.0,0.0,8.0,-27562.0,1001,8,3023,4032,-0.133,0.357,0.894,1.023,1.334,1673.434
A_X072_Y112,72,112,60,84,96,128,251.0,132.0,1.0,825,13200,10369,2831,0.21568181818181817,"{""X2Y1"": 600, ""X2Y2"": 225}",True,NOT_PROVEN_WITHOUT_MOVED_FF_CONTROL_SET_REPLAY,NOT_PROVEN_READ_ONLY_SITE_INVENTORY_ONLY,0,FEATURE_BIN_1,16,863B9B0389C1B994C73ED0C57EC56A84FD6D317708E59D47B391DA86E44D3A8E,True,,False,False,U_NEG_UPSTREAM_WORSENING;U_PASS_UPSTREAM_INCREASE;D_NEG_NO_MEDIAN_IMPROVEMENT,,False,False,False,True,"[0.0, 13.0, 8.0, 2.0, 0.0, 0.0, 0.0, 0.0, 16.0]",58,-15.0,0.0,13.0,21.0,29.0,100.0,6,8,44,58,-0.136,-0.0885,-0.043,-0.028,-0.017,-4.796,6,0.0,0.0,21.0,21.0,21.0,25.0,0,2,4,6,0.011,0.040999999999999995,0.066,0.066,0.066,0.241,201,-42.0,0.0,0.0,0.0,0.0,-1370.0,48,0,153,201,-0.133,-0.038,-0.006,-0.003,-0.001,-7.99,384,-42.0,0.0,0.0,0.0,0.0,-3167.0,104,0,280,384,0.0,0.043,0.07,0.074,0.078,15.882,4032,-42.0,0.0,0.0,0.0,7.0,-26262.0,994,16,3022,4032,-0.133,0.357,0.894,1.023,1.334,1673.434
A_X072_Y112,72,112,60,84,96,128,251.0,132.0,1.0,825,13200,10369,2831,0.21568181818181817,"{""X2Y1"": 600, ""X2Y2"": 225}",True,NOT_PROVEN_WITHOUT_MOVED_FF_CONTROL_SET_REPLAY,NOT_PROVEN_READ_ONLY_SITE_INVENTORY_ONLY,0,FEATURE_BIN_2,16,18F6AC63D50EACD2B5F6CC669CA58252595A0313B759D7A0EC563D4D8CFF4410,True,,True,False,U_NEG_UPSTREAM_WORSENING;U_PASS_UPSTREAM_INCREASE;D_NEG_NO_MEDIAN_IMPROVEMENT,,False,False,False,True,"[0.0, 0.0, 4.0, 1.0, 0.0, 0.0, 0.0, 0.0, 16.0]",58,-39.0,0.0,0.0,11.0,11.0,-72.0,9,4,45,58,-0.136,-0.0885,-0.043,-0.028,-0.017,-4.796,6,-17.0,0.0,11.0,11.0,11.0,-6.0,1,1,4,6,0.011,0.040999999999999995,0.066,0.066,0.066,0.241,201,-30.0,0.0,0.0,0.0,0.0,-1578.0,57,0,144,201,-0.133,-0.038,-0.006,-0.003,-0.001,-7.99,384,-30.0,0.0,0.0,0.0,0.0,-2312.0,85,0,299,384,0.0,0.043,0.07,0.074,0.078,15.882,4032,-30.0,0.0,0.0,0.0,0.0,-26836.0,1012,0,3020,4032,-0.133,0.357,0.894,1.023,1.334,1673.434
A_X072_Y112,72,112,60,84,96,128,251.0,132.0,1.0,825,13200,10369,2831,0.21568181818181817,"{""X2Y1"": 600, ""X2Y2"": 225}",True,NOT_PROVEN_WITHOUT_MOVED_FF_CONTROL_SET_REPLAY,NOT_PROVEN_READ_ONLY_SITE_INVENTORY_ONLY,0,FEATURE_BIN_3,16,6D6B2605916DFCDD525A27838AC825D18C62B807369D6E6322040D77ED73CF54,True,,True,False,U_NEG_UPSTREAM_WORSENING;U_PASS_UPSTREAM_INCREASE;D_NEG_NO_MEDIAN_IMPROVEMENT,,False,False,False,True,"[0.0, 0.0, 4.0, 1.0, 0.0, 0.0, 0.0, 0.0, 16.0]",58,-27.0,0.0,0.0,11.0,11.0,-96.0,10,4,44,58,-0.136,-0.0885,-0.043,-0.028,-0.017,-4.796,6,-27.0,0.0,6.0,6.0,6.0,-21.0,1,1,4,6,0.011,0.040999999999999995,0.066,0.066,0.066,0.241,201,-24.0,0.0,0.0,0.0,0.0,-692.0,32,0,169,201,-0.133,-0.038,-0.006,-0.003,-0.001,-7.99,384,-32.0,0.0,0.0,0.0,0.0,-2219.0,99,0,285,384,0.0,0.043,0.07,0.074,0.078,15.882,4032,-32.0,0.0,0.0,0.0,4.0,-21912.0,990,4,3038,4032,-0.133,0.357,0.894,1.023,1.334,1673.434
A_X072_Y116,72,116,60,84,100,132,251.0,128.0,1.0,825,13200,10459,2741,0.2125,"{""X2Y1"": 500, ""X2Y2"": 325}",True,NOT_PROVEN_WITHOUT_MOVED_FF_CONTROL_SET_REPLAY,NOT_PROVEN_READ_ONLY_SITE_INVENTORY_ONLY,0,ALL_64,64,A49D88051B2D2E5D1255D4F806A7569CDA9B33A650A908566197031349AD8DB4,True,,True,False,U_NEG_UPSTREAM_WORSENING;U_PASS_UPSTREAM_INCREASE,,False,False,True,True,"[-5.0, 17.0, 23.0, 3.0, -25.0, -17.0, -24.0, -23.0, 64.0]",58,-43.0,-5.0,17.0,21.0,25.0,-187.0,34,23,1,58,-0.136,-0.0885,-0.043,-0.028,-0.017,-4.796,6,-31.0,1.0,17.0,17.0,17.0,-26.0,2,3,1,6,0.011,0.040999999999999995,0.066,0.066,0.066,0.241,201,-38.0,-25.0,-17.0,-15.0,-14.0,-4870.0,201,0,0,201,-0.133,-0.038,-0.006,-0.003,-0.001,-7.99,384,-45.0,-24.0,-17.0,-15.0,-8.0,-9038.0,384,0,0,384,0.0,0.043,0.07,0.074,0.078,15.882,4032,-45.0,-23.0,-14.0,-11.0,4.0,-87808.0,4009,17,6,4032,-0.133,0.357,0.894,1.023,1.334,1673.434
A_X072_Y116,72,116,60,84,100,132,251.0,128.0,1.0,825,13200,10459,2741,0.20931818181818182,"{""X2Y1"": 500, ""X2Y2"": 325}",True,NOT_PROVEN_WITHOUT_MOVED_FF_CONTROL_SET_REPLAY,NOT_PROVEN_READ_ONLY_SITE_INVENTORY_ONLY,0,DEST_X2Y1_MAJOR,22,EC8295A18CFB3214990035A3C2A8A03B2248BEA56069D816345F1D2C0CC4741A,True,,False,False,U_NEG_UPSTREAM_WORSENING;D_NEG_NO_MEDIAN_IMPROVEMENT,,False,True,False,True,"[0.0, 7.0, 8.0, 0.0, 0.0, 0.0, 0.0, 0.0, 22.0]",58,-43.0,0.0,7.0,16.0,17.0,-147.0,13,8,37,58,-0.136,-0.0885,-0.043,-0.028,-0.017,-4.796,6,0.0,0.0,0.0,0.0,0.0,0.0,0,0,6,6,0.011,0.040999999999999995,0.066,0.066,0.066,0.241,201,-30.0,0.0,0.0,0.0,0.0,-1436.0,65,0,136,201,-0.133,-0.038,-0.006,-0.003,-0.001,-7.99,384,-30.0,0.0,0.0,0.0,0.0,-3323.0,142,0,242,384,0.0,0.043,0.07,0.074,0.078,15.882,4032,-30.0,0.0,0.0,0.0,4.0,-29984.0,1380,4,2648,4032,-0.133,0.357,0.894,1.023,1.334,1673.434
A_X072_Y116,72,116,60,84,100,132,251.0,128.0,1.0,825,13200,10459,2741,0.20916666666666667,"{""X2Y1"": 500, ""X2Y2"": 325}",True,NOT_PROVEN_WITHOUT_MOVED_FF_CONTROL_SET_REPLAY,NOT_PROVEN_READ_ONLY_SITE_INVENTORY_ONLY,0,DEST_X3Y1_MAJOR,20,D8DF451BC1C4EF6032E28F4D3065B488CCF48FA9921667AB64B2E0E8D05D4049,True,,True,False,U_NEG_UPSTREAM_WORSENING;U_PASS_UPSTREAM_INCREASE,,False,False,True,True,"[0.0, 7.0, 7.0, 2.0, -23.0, 0.0, 0.0, 0.0, 20.0]",58,-19.0,0.0,7.0,9.0,25.0,2.0,8,7,43,58,-0.136,-0.0885,-0.043,-0.028,-0.017,-4.796,6,-31.0,0.0,17.0,17.0,17.0,-28.0,2,2,2,6,0.011,0.040999999999999995,0.066,0.066,0.066,0.241,201,-38.0,-23.0,0.0,0.0,0.0,-3188.0,126,0,75,201,-0.133,-0.038,-0.006,-0.003,-0.001,-7.99,384,-38.0,0.0,0.0,0.0,0.0,-4023.0,169,0,215,384,0.0,0.043,0.07,0.074,0.078,15.882,4032,-38.0,0.0,0.0,0.0,3.0,-27736.0,1248,9,2775,4032,-0.133,0.357,0.894,1.023,1.334,1673.434
A_X072_Y116,72,116,60,84,100,132,251.0,128.0,1.0,825,13200,10459,2741,0.20931818181818182,"{""X2Y1"": 500, ""X2Y2"": 325}",True,NOT_PROVEN_WITHOUT_MOVED_FF_CONTROL_SET_REPLAY,NOT_PROVEN_READ_ONLY_SITE_INVENTORY_ONLY,0,DEST_MIXED_OR_OTHER,22,62A80A6BF2780309EBB7ACB65499DC33F9E420F49ABAF670FF853CD53D650A7D,True,,False,False,U_NEG_UPSTREAM_WORSENING;U_PASS_UPSTREAM_INCREASE;D_NEG_NO_MEDIAN_IMPROVEMENT,,False,False,False,True,"[0.0, 7.0, 8.0, 1.0, 0.0, 0.0, 0.0, 0.0, 22.0]",58,-29.0,0.0,7.0,16.0,24.0,-42.0,13,8,37,58,-0.136,-0.0885,-0.043,-0.028,-0.017,-4.796,6,0.0,0.0,2.0,2.0,2.0,2.0,0,1,5,6,0.011,0.040999999999999995,0.066,0.066,0.066,0.241,201,-29.0,0.0,0.0,0.0,0.0,-246.0,10,0,191,201,-0.133,-0.038,-0.006,-0.003,-0.001,-7.99,384,-45.0,0.0,0.0,0.0,0.0,-1692.0,73,0,311,384,0.0,0.043,0.07,0.074,0.078,15.882,4032,-45.0,0.0,0.0,0.0,1.0,-30088.0,1381,4,2647,4032,-0.133,0.357,0.894,1.023,1.334,1673.434
A_X072_Y116,72,116,60,84,100,132,251.0,128.0,1.0,825,13200,10459,2741,0.20886363636363636,"{""X2Y1"": 500, ""X2Y2"": 325}",True,NOT_PROVEN_WITHOUT_MOVED_FF_CONTROL_SET_REPLAY,NOT_PROVEN_READ_ONLY_SITE_INVENTORY_ONLY,0,FEATURE_BIN_0,16,25AFEB422DB3BDBEF4DCE97A6D1274116E7B27A3B94E395D479DC22D3DE14FFD,True,,False,False,U_NEG_UPSTREAM_WORSENING;D_NEG_NO_MEDIAN_IMPROVEMENT,,False,True,False,True,"[0.0, 4.0, 7.0, 0.0, 0.0, 0.0, 0.0, 0.0, 16.0]",58,-9.0,0.0,4.0,16.0,24.0,49.0,8,7,43,58,-0.136,-0.0885,-0.043,-0.028,-0.017,-4.796,6,0.0,0.0,0.0,0.0,0.0,0.0,0,0,6,6,0.011,0.040999999999999995,0.066,0.066,0.066,0.241,201,-30.0,0.0,0.0,0.0,0.0,-1772.0,64,0,137,201,-0.133,-0.038,-0.006,-0.003,-0.001,-7.99,384,-45.0,0.0,0.0,0.0,0.0,-2486.0,96,0,288,384,0.0,0.043,0.07,0.074,0.078,15.882,4032,-45.0,0.0,0.0,0.0,4.0,-23692.0,1005,4,3023,4032,-0.133,0.357,0.894,1.023,1.334,1673.434
A_X072_Y116,72,116,60,84,100,132,251.0,128.0,1.0,825,13200,10459,2741,0.20886363636363636,"{""X2Y1"": 500, ""X2Y2"": 325}",True,NOT_PROVEN_WITHOUT_MOVED_FF_CONTROL_SET_REPLAY,NOT_PROVEN_READ_ONLY_SITE_INVENTORY_ONLY,0,FEATURE_BIN_1,16,863B9B0389C1B994C73ED0C57EC56A84FD6D317708E59D47B391DA86E44D3A8E,True,,False,False,U_NEG_UPSTREAM_WORSENING;U_PASS_UPSTREAM_INCREASE;D_NEG_NO_MEDIAN_IMPROVEMENT,,False,False,False,True,"[0.0, 9.0, 8.0, 1.0, 0.0, 0.0, 0.0, 0.0, 16.0]",58,-19.0,0.0,9.0,17.0,25.0,44.0,6,8,44,58,-0.136,-0.0885,-0.043,-0.028,-0.017,-4.796,6,0.0,0.0,17.0,17.0,17.0,17.0,0,1,5,6,0.011,0.040999999999999995,0.066,0.066,0.066,0.241,201,-38.0,0.0,0.0,0.0,0.0,-1182.0,48,0,153,201,-0.133,-0.038,-0.006,-0.003,-0.001,-7.99,384,-38.0,0.0,0.0,0.0,0.0,-2755.0,104,0,280,384,0.0,0.043,0.07,0.074,0.078,15.882,4032,-38.0,0.0,0.0,0.0,3.0,-22604.0,999,13,3020,4032,-0.133,0.357,0.894,1.023,1.334,1673.434
A_X072_Y116,72,116,60,84,100,132,251.0,128.0,1.0,825,13200,10459,2741,0.20886363636363636,"{""X2Y1"": 500, ""X2Y2"": 325}",True,NOT_PROVEN_WITHOUT_MOVED_FF_CONTROL_SET_REPLAY,NOT_PROVEN_READ_ONLY_SITE_INVENTORY_ONLY,0,FEATURE_BIN_2,16,18F6AC63D50EACD2B5F6CC669CA58252595A0313B759D7A0EC563D4D8CFF4410,True,,True,False,U_NEG_UPSTREAM_WORSENING;U_PASS_UPSTREAM_INCREASE;D_NEG_NO_MEDIAN_IMPROVEMENT,,False,False,False,True,"[0.0, 0.0, 4.0, 1.0, 0.0, 0.0, 0.0, 0.0, 16.0]",58,-43.0,0.0,0.0,7.0,7.0,-128.0,10,4,44,58,-0.136,-0.0885,-0.043,-0.028,-0.017,-4.796,6,-21.0,0.0,7.0,7.0,7.0,-14.0,1,1,4,6,0.011,0.040999999999999995,0.066,0.066,0.066,0.241,201,-26.0,0.0,0.0,0.0,0.0,-1350.0,57,0,144,201,-0.133,-0.038,-0.006,-0.003,-0.001,-7.99,384,-26.0,0.0,0.0,0.0,0.0,-1972.0,85,0,299,384,0.0,0.043,0.07,0.074,0.078,15.882,4032,-26.0,0.0,0.0,0.0,0.0,-23174.0,1012,0,3020,4032,-0.133,0.357,0.894,1.023,1.334,1673.434
A_X072_Y116,72,116,60,84,100,132,251.0,128.0,1.0,825,13200,10459,2741,0.20886363636363636,"{""X2Y1"": 500, ""X2Y2"": 325}",True,NOT_PROVEN_WITHOUT_MOVED_FF_CONTROL_SET_REPLAY,NOT_PROVEN_READ_ONLY_SITE_INVENTORY_ONLY,0,FEATURE_BIN_3,16,6D6B2605916DFCDD525A27838AC825D18C62B807369D6E6322040D77ED73CF54,True,,True,False,U_NEG_UPSTREAM_WORSENING;U_PASS_UPSTREAM_INCREASE;D_NEG_NO_MEDIAN_IMPROVEMENT,,False,False,False,True,"[0.0, 0.0, 4.0, 1.0, 0.0, 0.0, 0.0, 0.0, 16.0]",58,-31.0,0.0,0.0,7.0,7.0,-152.0,10,4,44,58,-0.136,-0.0885,-0.043,-0.028,-0.017,-4.796,6,-31.0,0.0,2.0,2.0,2.0,-29.0,1,1,4,6,0.011,0.040999999999999995,0.066,0.066,0.066,0.241,201,-20.0,0.0,0.0,0.0,0.0,-566.0,32,0,169,201,-0.133,-0.038,-0.006,-0.003,-0.001,-7.99,384,-28.0,0.0,0.0,0.0,0.0,-1825.0,99,0,285,384,0.0,0.043,0.07,0.074,0.078,15.882,4032,-28.0,0.0,0.0,0.0,0.0,-18338.0,993,0,3039,4032,-0.133,0.357,0.894,1.023,1.334,1673.434
A_X076_Y076,76,76,64,88,60,92,264.0,169.0,1.0,825,13200,10092,3108,0.2403030303030303,"{""X2Y1"": 825}",True,NOT_PROVEN_WITHOUT_MOVED_FF_CONTROL_SET_REPLAY,NOT_PROVEN_READ_ONLY_SITE_INVENTORY_ONLY,64,ALL_64,64,A49D88051B2D2E5D1255D4F806A7569CDA9B33A650A908566197031349AD8DB4,True,,False,False,U_NEG_UPSTREAM_WORSENING;U_PASS_UPSTREAM_INCREASE,,False,False,True,True,"[49.0, 71.0, 58.0, 6.0, -53.0, -11.0, -50.5, -30.0, 64.0]",58,11.0,49.0,71.0,75.0,79.0,2905.0,0,58,0,58,-0.136,-0.0885,-0.043,-0.028,-0.017,-4.796,6,23.0,55.0,71.0,71.0,71.0,298.0,0,6,0,6,0.011,0.040999999999999995,0.066,0.066,0.066,0.241,201,-84.0,-53.0,-11.0,-6.0,40.0,-9740.0,195,6,0,201,-0.133,-0.038,-0.006,-0.003,-0.001,-7.99,384,-84.0,-50.5,-11.0,-7.0,38.0,-18324.0,380,4,0,384,0.0,0.043,0.07,0.074,0.078,15.882,4032,-93.0,-30.0,21.0,30.0,58.0,-109376.0,3183,812,37,4032,-0.133,0.357,0.894,1.023,1.334,1673.434
A_X076_Y076,76,76,64,88,60,92,264.0,169.0,1.0,825,13200,10092,3108,0.23712121212121212,"{""X2Y1"": 825}",True,NOT_PROVEN_WITHOUT_MOVED_FF_CONTROL_SET_REPLAY,NOT_PROVEN_READ_ONLY_SITE_INVENTORY_ONLY,22,DEST_X2Y1_MAJOR,22,EC8295A18CFB3214990035A3C2A8A03B2248BEA56069D816345F1D2C0CC4741A,True,,False,False,U_NEG_UPSTREAM_WORSENING;D_NEG_NO_MEDIAN_IMPROVEMENT,,False,True,False,True,"[0.0, 61.0, 22.0, 0.0, 0.0, 0.0, 0.0, 0.0, 22.0]",58,0.0,0.0,61.0,70.0,71.0,1017.0,0,22,36,58,-0.136,-0.0885,-0.043,-0.028,-0.017,-4.796,6,0.0,0.0,0.0,0.0,0.0,0.0,0,0,6,6,0.011,0.040999999999999995,0.066,0.066,0.066,0.241,201,-82.0,0.0,0.0,0.0,40.0,-3346.0,62,3,136,201,-0.133,-0.038,-0.006,-0.003,-0.001,-7.99,384,-81.0,0.0,0.0,0.0,38.0,-6687.0,140,2,242,384,0.0,0.043,0.07,0.074,0.078,15.882,4032,-82.0,0.0,0.0,14.0,58.0,-36950.0,1090,270,2672,4032,-0.133,0.357,0.894,1.023,1.334,1673.434
A_X076_Y076,76,76,64,88,60,92,264.0,169.0,1.0,825,13200,10092,3108,0.23696969696969697,"{""X2Y1"": 825}",True,NOT_PROVEN_WITHOUT_MOVED_FF_CONTROL_SET_REPLAY,NOT_PROVEN_READ_ONLY_SITE_INVENTORY_ONLY,20,DEST_X3Y1_MAJOR,20,D8DF451BC1C4EF6032E28F4D3065B488CCF48FA9921667AB64B2E0E8D05D4049,True,,False,False,U_NEG_UPSTREAM_WORSENING;U_PASS_UPSTREAM_INCREASE,,False,False,True,True,"[0.0, 58.0, 15.0, 5.0, -23.0, 0.0, 0.0, 0.0, 20.0]",58,0.0,0.0,58.0,63.0,79.0,804.0,0,15,43,58,-0.136,-0.0885,-0.043,-0.028,-0.017,-4.796,6,0.0,43.5,71.0,71.0,71.0,242.0,0,5,1,6,0.011,0.040999999999999995,0.066,0.066,0.066,0.241,201,-84.0,-23.0,0.0,0.0,5.0,-5954.0,123,3,75,201,-0.133,-0.038,-0.006,-0.003,-0.001,-7.99,384,-84.0,0.0,0.0,0.0,5.0,-7985.0,168,1,215,384,0.0,0.043,0.07,0.074,0.078,15.882,4032,-86.0,0.0,0.0,8.0,57.0,-34498.0,989,264,2779,4032,-0.133,0.357,0.894,1.023,1.334,1673.434
A_X076_Y076,76,76,64,88,60,92,264.0,169.0,1.0,825,13200,10092,3108,0.23712121212121212,"{""X2Y1"": 825}",True,NOT_PROVEN_WITHOUT_MOVED_FF_CONTROL_SET_REPLAY,NOT_PROVEN_READ_ONLY_SITE_INVENTORY_ONLY,22,DEST_MIXED_OR_OTHER,22,62A80A6BF2780309EBB7ACB65499DC33F9E420F49ABAF670FF853CD53D650A7D,True,,False,False,U_NEG_UPSTREAM_WORSENING;U_PASS_UPSTREAM_INCREASE;D_NEG_NO_MEDIAN_IMPROVEMENT,,False,False,False,True,"[0.0, 61.0, 21.0, 1.0, 0.0, 0.0, 0.0, 0.0, 22.0]",58,0.0,0.0,61.0,70.0,78.0,1084.0,0,21,37,58,-0.136,-0.0885,-0.043,-0.028,-0.017,-4.796,6,0.0,0.0,56.0,56.0,56.0,56.0,0,1,5,6,0.011,0.040999999999999995,0.066,0.066,0.066,0.241,201,-76.0,0.0,0.0,0.0,0.0,-440.0,10,0,191,201,-0.133,-0.038,-0.006,-0.003,-0.001,-7.99,384,-84.0,0.0,0.0,0.0,5.0,-3652.0,72,1,311,384,0.0,0.043,0.07,0.074,0.078,15.882,4032,-93.0,0.0,0.0,12.0,55.0,-37928.0,1104,278,2650,4032,-0.133,0.357,0.894,1.023,1.334,1673.434
A_X076_Y076,76,76,64,88,60,92,264.0,169.0,1.0,825,13200,10092,3108,0.23666666666666666,"{""X2Y1"": 825}",True,NOT_PROVEN_WITHOUT_MOVED_FF_CONTROL_SET_REPLAY,NOT_PROVEN_READ_ONLY_SITE_INVENTORY_ONLY,16,FEATURE_BIN_0,16,25AFEB422DB3BDBEF4DCE97A6D1274116E7B27A3B94E395D479DC22D3DE14FFD,True,,False,False,U_NEG_UPSTREAM_WORSENING;D_NEG_NO_MEDIAN_IMPROVEMENT,,False,True,False,True,"[0.0, 58.0, 16.0, 0.0, 0.0, 0.0, 0.0, 0.0, 16.0]",58,0.0,0.0,58.0,70.0,78.0,913.0,0,16,42,58,-0.136,-0.0885,-0.043,-0.028,-0.017,-4.796,6,0.0,0.0,0.0,0.0,0.0,0.0,0,0,6,6,0.011,0.040999999999999995,0.066,0.066,0.066,0.241,201,-84.0,0.0,0.0,0.0,40.0,-2966.0,62,2,137,201,-0.133,-0.038,-0.006,-0.003,-0.001,-7.99,384,-84.0,0.0,0.0,0.0,38.0,-5066.0,94,2,288,384,0.0,0.043,0.07,0.074,0.078,15.882,4032,-93.0,0.0,0.0,0.0,58.0,-30686.0,815,189,3028,4032,-0.133,0.357,0.894,1.023,1.334,1673.434
A_X076_Y076,76,76,64,88,60,92,264.0,169.0,1.0,825,13200,10092,3108,0.23666666666666666,"{""X2Y1"": 825}",True,NOT_PROVEN_WITHOUT_MOVED_FF_CONTROL_SET_REPLAY,NOT_PROVEN_READ_ONLY_SITE_INVENTORY_ONLY,16,FEATURE_BIN_1,16,863B9B0389C1B994C73ED0C57EC56A84FD6D317708E59D47B391DA86E44D3A8E,True,,False,False,U_NEG_UPSTREAM_WORSENING;U_PASS_UPSTREAM_INCREASE;D_NEG_NO_MEDIAN_IMPROVEMENT,,False,False,False,True,"[0.0, 63.0, 14.0, 2.0, 0.0, 0.0, 0.0, 0.0, 16.0]",58,0.0,0.0,63.0,71.0,79.0,800.0,0,14,44,58,-0.136,-0.0885,-0.043,-0.028,-0.017,-4.796,6,0.0,0.0,71.0,71.0,71.0,125.0,0,2,4,6,0.011,0.040999999999999995,0.066,0.066,0.066,0.241,201,-82.0,0.0,0.0,0.0,3.0,-2518.0,47,1,153,201,-0.133,-0.038,-0.006,-0.003,-0.001,-7.99,384,-84.0,0.0,0.0,0.0,4.0,-4877.0,103,1,280,384,0.0,0.043,0.07,0.074,0.078,15.882,4032,-88.0,0.0,0.0,4.0,57.0,-27508.0,793,217,3022,4032,-0.133,0.357,0.894,1.023,1.334,1673.434
A_X076_Y076,76,76,64,88,60,92,264.0,169.0,1.0,825,13200,10092,3108,0.23666666666666666,"{""X2Y1"": 825}",True,NOT_PROVEN_WITHOUT_MOVED_FF_CONTROL_SET_REPLAY,NOT_PROVEN_READ_ONLY_SITE_INVENTORY_ONLY,16,FEATURE_BIN_2,16,18F6AC63D50EACD2B5F6CC669CA58252595A0313B759D7A0EC563D4D8CFF4410,True,,False,False,U_NEG_UPSTREAM_WORSENING;U_PASS_UPSTREAM_INCREASE;D_NEG_NO_MEDIAN_IMPROVEMENT,,False,False,False,True,"[0.0, 44.0, 14.0, 2.0, 0.0, 0.0, 0.0, 0.0, 16.0]",58,0.0,0.0,44.0,61.0,61.0,628.0,0,14,44,58,-0.136,-0.0885,-0.043,-0.028,-0.017,-4.796,6,0.0,0.0,61.0,61.0,61.0,94.0,0,2,4,6,0.011,0.040999999999999995,0.066,0.066,0.066,0.241,201,-79.0,0.0,0.0,0.0,0.0,-2756.0,57,0,144,201,-0.133,-0.038,-0.006,-0.003,-0.001,-7.99,384,-80.0,0.0,0.0,0.0,0.0,-4138.0,85,0,299,384,0.0,0.043,0.07,0.074,0.078,15.882,4032,-80.0,0.0,0.0,0.0,44.0,-28450.0,813,194,3025,4032,-0.133,0.357,0.894,1.023,1.334,1673.434
A_X076_Y076,76,76,64,88,60,92,264.0,169.0,1.0,825,13200,10092,3108,0.23666666666666666,"{""X2Y1"": 825}",True,NOT_PROVEN_WITHOUT_MOVED_FF_CONTROL_SET_REPLAY,NOT_PROVEN_READ_ONLY_SITE_INVENTORY_ONLY,16,FEATURE_BIN_3,16,6D6B2605916DFCDD525A27838AC825D18C62B807369D6E6322040D77ED73CF54,True,,False,False,U_NEG_UPSTREAM_WORSENING;U_PASS_UPSTREAM_INCREASE;D_NEG_NO_MEDIAN_IMPROVEMENT,,False,False,False,True,"[0.0, 38.0, 14.0, 2.0, 0.0, 0.0, 0.0, 0.0, 16.0]",58,0.0,0.0,38.0,61.0,61.0,564.0,0,14,44,58,-0.136,-0.0885,-0.043,-0.028,-0.017,-4.796,6,0.0,0.0,56.0,56.0,56.0,79.0,0,2,4,6,0.011,0.040999999999999995,0.066,0.066,0.066,0.241,201,-74.0,0.0,0.0,0.0,5.0,-1500.0,29,3,169,201,-0.133,-0.038,-0.006,-0.003,-0.001,-7.99,384,-74.0,0.0,0.0,0.0,5.0,-4243.0,98,1,285,384,0.0,0.043,0.07,0.074,0.078,15.882,4032,-74.0,0.0,0.0,2.0,54.0,-22732.0,762,212,3058,4032,-0.133,0.357,0.894,1.023,1.334,1673.434
A_X076_Y080,76,80,64,88,64,96,264.0,165.0,1.0,825,13200,9860,3340,0.2578787878787879,"{""X2Y1"": 825}",True,NOT_PROVEN_WITHOUT_MOVED_FF_CONTROL_SET_REPLAY,NOT_PROVEN_READ_ONLY_SITE_INVENTORY_ONLY,64,ALL_64,64,A49D88051B2D2E5D1255D4F806A7569CDA9B33A650A908566197031349AD8DB4,True,,False,False,U_NEG_UPSTREAM_WORSENING;U_PASS_UPSTREAM_INCREASE,,False,False,True,True,"[45.0, 67.0, 58.0, 6.0, -57.0, -15.0, -54.0, -33.0, 64.0]",58,7.0,45.0,67.0,71.0,75.0,2673.0,0,58,0,58,-0.136,-0.0885,-0.043,-0.028,-0.017,-4.796,6,19.0,51.0,67.0,67.0,67.0,274.0,0,6,0,6,0.011,0.040999999999999995,0.066,0.066,0.066,0.241,201,-80.0,-57.0,-15.0,-10.0,36.0,-10228.0,198,3,0,201,-0.133,-0.038,-0.006,-0.003,-0.001,-7.99,384,-80.0,-54.0,-15.0,-11.0,34.0,-19130.0,380,3,1,384,0.0,0.043,0.07,0.074,0.078,15.882,4032,-95.0,-33.0,17.0,26.0,54.0,-120688.0,3298,712,22,4032,-0.133,0.357,0.894,1.023,1.334,1673.434
A_X076_Y080,76,80,64,88,64,96,264.0,165.0,1.0,825,13200,9860,3340,0.2546969696969697,"{""X2Y1"": 825}",True,NOT_PROVEN_WITHOUT_MOVED_FF_CONTROL_SET_REPLAY,NOT_PROVEN_READ_ONLY_SITE_INVENTORY_ONLY,22,DEST_X2Y1_MAJOR,22,EC8295A18CFB3214990035A3C2A8A03B2248BEA56069D816345F1D2C0CC4741A,True,,False,False,U_NEG_UPSTREAM_WORSENING;D_NEG_NO_MEDIAN_IMPROVEMENT,,False,True,False,True,"[0.0, 57.0, 22.0, 0.0, 0.0, 0.0, 0.0, 0.0, 22.0]",58,0.0,0.0,57.0,66.0,67.0,929.0,0,22,36,58,-0.136,-0.0885,-0.043,-0.028,-0.017,-4.796,6,0.0,0.0,0.0,0.0,0.0,0.0,0,0,6,6,0.011,0.040999999999999995,0.066,0.066,0.066,0.241,201,-80.0,0.0,0.0,0.0,36.0,-3454.0,63,2,136,201,-0.133,-0.038,-0.006,-0.003,-0.001,-7.99,384,-77.0,0.0,0.0,0.0,34.0,-7007.0,140,1,243,384,0.0,0.043,0.07,0.074,0.078,15.882,4032,-80.0,0.0,0.0,10.0,54.0,-40906.0,1133,245,2654,4032,-0.133,0.357,0.894,1.023,1.334,1673.434
A_X076_Y080,76,80,64,88,64,96,264.0,165.0,1.0,825,13200,9860,3340,0.2545454545454545,"{""X2Y1"": 825}",True,NOT_PROVEN_WITHOUT_MOVED_FF_CONTROL_SET_REPLAY,NOT_PROVEN_READ_ONLY_SITE_INVENTORY_ONLY,20,DEST_X3Y1_MAJOR,20,D8DF451BC1C4EF6032E28F4D3065B488CCF48FA9921667AB64B2E0E8D05D4049,True,,False,False,U_NEG_UPSTREAM_WORSENING;U_PASS_UPSTREAM_INCREASE,,False,False,True,True,"[0.0, 54.0, 15.0, 5.0, -27.0, 0.0, 0.0, 0.0, 20.0]",58,0.0,0.0,54.0,59.0,75.0,744.0,0,15,43,58,-0.136,-0.0885,-0.043,-0.028,-0.017,-4.796,6,0.0,39.5,67.0,67.0,67.0,222.0,0,5,1,6,0.011,0.040999999999999995,0.066,0.066,0.066,0.241,201,-80.0,-27.0,0.0,0.0,1.0,-6310.0,125,1,75,201,-0.133,-0.038,-0.006,-0.003,-0.001,-7.99,384,-80.0,0.0,0.0,0.0,1.0,-8377.0,168,1,215,384,0.0,0.043,0.07,0.074,0.078,15.882,4032,-88.0,0.0,0.0,4.0,53.0,-38024.0,1036,219,2777,4032,-0.133,0.357,0.894,1.023,1.334,1673.434
A_X076_Y080,76,80,64,88,64,96,264.0,165.0,1.0,825,13200,9860,3340,0.2546969696969697,"{""X2Y1"": 825}",True,NOT_PROVEN_WITHOUT_MOVED_FF_CONTROL_SET_REPLAY,NOT_PROVEN_READ_ONLY_SITE_INVENTORY_ONLY,22,DEST_MIXED_OR_OTHER,22,62A80A6BF2780309EBB7ACB65499DC33F9E420F49ABAF670FF853CD53D650A7D,True,,False,False,U_NEG_UPSTREAM_WORSENING;U_PASS_UPSTREAM_INCREASE;D_NEG_NO_MEDIAN_IMPROVEMENT,,False,False,False,True,"[0.0, 57.0, 21.0, 1.0, 0.0, 0.0, 0.0, 0.0, 22.0]",58,0.0,0.0,57.0,66.0,74.0,1000.0,0,21,37,58,-0.136,-0.0885,-0.043,-0.028,-0.017,-4.796,6,0.0,0.0,52.0,52.0,52.0,52.0,0,1,5,6,0.011,0.040999999999999995,0.066,0.066,0.066,0.241,201,-73.0,0.0,0.0,0.0,0.0,-464.0,10,0,191,201,-0.133,-0.038,-0.006,-0.003,-0.001,-7.99,384,-80.0,0.0,0.0,0.0,1.0,-3746.0,72,1,311,384,0.0,0.043,0.07,0.074,0.078,15.882,4032,-95.0,0.0,0.0,8.0,51.0,-41758.0,1129,248,2655,4032,-0.133,0.357,0.894,1.023,1.334,1673.434
A_X076_Y080,76,80,64,88,64,96,264.0,165.0,1.0,825,13200,9860,3340,0.25424242424242427,"{""X2Y1"": 825}",True,NOT_PROVEN_WITHOUT_MOVED_FF_CONTROL_SET_REPLAY,NOT_PROVEN_READ_ONLY_SITE_INVENTORY_ONLY,16,FEATURE_BIN_0,16,25AFEB422DB3BDBEF4DCE97A6D1274116E7B27A3B94E395D479DC22D3DE14FFD,True,,False,False,U_NEG_UPSTREAM_WORSENING;D_NEG_NO_MEDIAN_IMPROVEMENT,,False,True,False,True,"[0.0, 54.0, 16.0, 0.0, 0.0, 0.0, 0.0, 0.0, 16.0]",58,0.0,0.0,54.0,66.0,74.0,849.0,0,16,42,58,-0.136,-0.0885,-0.043,-0.028,-0.017,-4.796,6,0.0,0.0,0.0,0.0,0.0,0.0,0,0,6,6,0.011,0.040999999999999995,0.066,0.066,0.066,0.241,201,-80.0,0.0,0.0,0.0,36.0,-3162.0,62,2,137,201,-0.133,-0.038,-0.006,-0.003,-0.001,-7.99,384,-80.0,0.0,0.0,0.0,34.0,-5240.0,94,2,288,384,0.0,0.043,0.07,0.074,0.078,15.882,4032,-95.0,0.0,0.0,0.0,54.0,-33560.0,850,160,3022,4032,-0.133,0.357,0.894,1.023,1.334,1673.434
A_X076_Y080,76,80,64,88,64,96,264.0,165.0,1.0,825,13200,9860,3340,0.25424242424242427,"{""X2Y1"": 825}",True,NOT_PROVEN_WITHOUT_MOVED_FF_CONTROL_SET_REPLAY,NOT_PROVEN_READ_ONLY_SITE_INVENTORY_ONLY,16,FEATURE_BIN_1,16,863B9B0389C1B994C73ED0C57EC56A84FD6D317708E59D47B391DA86E44D3A8E,True,,False,False,U_NEG_UPSTREAM_WORSENING;U_PASS_UPSTREAM_INCREASE;D_NEG_NO_MEDIAN_IMPROVEMENT,,False,False,False,True,"[0.0, 59.0, 14.0, 2.0, 0.0, 0.0, 0.0, 0.0, 16.0]",58,0.0,0.0,59.0,67.0,75.0,744.0,0,14,44,58,-0.136,-0.0885,-0.043,-0.028,-0.017,-4.796,6,0.0,0.0,67.0,67.0,67.0,117.0,0,2,4,6,0.011,0.040999999999999995,0.066,0.066,0.066,0.241,201,-78.0,0.0,0.0,0.0,0.0,-2566.0,48,0,153,201,-0.133,-0.038,-0.006,-0.003,-0.001,-7.99,384,-80.0,0.0,0.0,0.0,0.0,-5103.0,103,0,281,384,0.0,0.043,0.07,0.074,0.078,15.882,4032,-88.0,0.0,0.0,0.0,53.0,-30248.0,807,197,3028,4032,-0.133,0.357,0.894,1.023,1.334,1673.434
A_X076_Y080,76,80,64,88,64,96,264.0,165.0,1.0,825,13200,9860,3340,0.25424242424242427,"{""X2Y1"": 825}",True,NOT_PROVEN_WITHOUT_MOVED_FF_CONTROL_SET_REPLAY,NOT_PROVEN_READ_ONLY_SITE_INVENTORY_ONLY,16,FEATURE_BIN_2,16,18F6AC63D50EACD2B5F6CC669CA58252595A0313B759D7A0EC563D4D8CFF4410,True,,False,False,U_NEG_UPSTREAM_WORSENING;U_PASS_UPSTREAM_INCREASE;D_NEG_NO_MEDIAN_IMPROVEMENT,,False,False,False,True,"[0.0, 40.0, 14.0, 2.0, 0.0, 0.0, 0.0, 0.0, 16.0]",58,0.0,0.0,40.0,57.0,57.0,572.0,0,14,44,58,-0.136,-0.0885,-0.043,-0.028,-0.017,-4.796,6,0.0,0.0,57.0,57.0,57.0,86.0,0,2,4,6,0.011,0.040999999999999995,0.066,0.066,0.066,0.241,201,-75.0,0.0,0.0,0.0,0.0,-2932.0,57,0,144,201,-0.133,-0.038,-0.006,-0.003,-0.001,-7.99,384,-76.0,0.0,0.0,0.0,0.0,-4352.0,85,0,299,384,0.0,0.043,0.07,0.074,0.078,15.882,4032,-76.0,0.0,0.0,0.0,40.0,-31462.0,837,166,3029,4032,-0.133,0.357,0.894,1.023,1.334,1673.434
A_X076_Y080,76,80,64,88,64,96,264.0,165.0,1.0,825,13200,9860,3340,0.25424242424242427,"{""X2Y1"": 825}",True,NOT_PROVEN_WITHOUT_MOVED_FF_CONTROL_SET_REPLAY,NOT_PROVEN_READ_ONLY_SITE_INVENTORY_ONLY,16,FEATURE_BIN_3,16,6D6B2605916DFCDD525A27838AC825D18C62B807369D6E6322040D77ED73CF54,True,,False,False,U_NEG_UPSTREAM_WORSENING;U_PASS_UPSTREAM_INCREASE;D_NEG_NO_MEDIAN_IMPROVEMENT,,False,False,False,True,"[0.0, 34.0, 14.0, 2.0, 0.0, 0.0, 0.0, 0.0, 16.0]",58,0.0,0.0,34.0,57.0,57.0,508.0,0,14,44,58,-0.136,-0.0885,-0.043,-0.028,-0.017,-4.796,6,0.0,0.0,52.0,52.0,52.0,71.0,0,2,4,6,0.011,0.040999999999999995,0.066,0.066,0.066,0.241,201,-70.0,0.0,0.0,0.0,1.0,-1568.0,31,1,169,201,-0.133,-0.038,-0.006,-0.003,-0.001,-7.99,384,-70.0,0.0,0.0,0.0,1.0,-4435.0,98,1,285,384,0.0,0.043,0.07,0.074,0.078,15.882,4032,-70.0,0.0,0.0,0.0,50.0,-25418.0,804,189,3039,4032,-0.133,0.357,0.894,1.023,1.334,1673.434
A_X076_Y084,76,84,64,88,68,100,264.0,161.0,1.0,825,13200,9626,3574,0.27560606060606063,"{""X2Y1"": 825}",True,NOT_PROVEN_WITHOUT_MOVED_FF_CONTROL_SET_REPLAY,NOT_PROVEN_READ_ONLY_SITE_INVENTORY_ONLY,64,ALL_64,64,A49D88051B2D2E5D1255D4F806A7569CDA9B33A650A908566197031349AD8DB4,True,,False,False,U_NEG_UPSTREAM_WORSENING;U_PASS_UPSTREAM_INCREASE,,False,False,True,True,"[41.0, 63.0, 58.0, 6.0, -61.0, -19.0, -58.0, -34.0, 64.0]",58,3.0,41.0,63.0,67.0,71.0,2441.0,0,58,0,58,-0.136,-0.0885,-0.043,-0.028,-0.017,-4.796,6,15.0,47.0,63.0,63.0,63.0,250.0,0,6,0,6,0.011,0.040999999999999995,0.066,0.066,0.066,0.241,201,-76.0,-61.0,-19.0,-14.0,32.0,-10462.0,199,2,0,201,-0.133,-0.038,-0.006,-0.003,-0.001,-7.99,384,-83.0,-58.0,-19.0,-15.0,30.0,-19530.0,383,1,0,384,0.0,0.043,0.07,0.074,0.078,15.882,4032,-91.0,-34.0,13.0,22.0,50.0,-129038.0,3365,651,16,4032,-0.133,0.357,0.894,1.023,1.334,1673.434
A_X076_Y084,76,84,64,88,68,100,264.0,161.0,1.0,825,13200,9626,3574,0.2724242424242424,"{""X2Y1"": 825}",True,NOT_PROVEN_WITHOUT_MOVED_FF_CONTROL_SET_REPLAY,NOT_PROVEN_READ_ONLY_SITE_INVENTORY_ONLY,22,DEST_X2Y1_MAJOR,22,EC8295A18CFB3214990035A3C2A8A03B2248BEA56069D816345F1D2C0CC4741A,True,,False,False,U_NEG_UPSTREAM_WORSENING;D_NEG_NO_MEDIAN_IMPROVEMENT,,False,True,False,True,"[0.0, 53.0, 22.0, 0.0, 0.0, 0.0, 0.0, 0.0, 22.0]",58,0.0,0.0,53.0,62.0,63.0,841.0,0,22,36,58,-0.136,-0.0885,-0.043,-0.028,-0.017,-4.796,6,0.0,0.0,0.0,0.0,0.0,0.0,0,0,6,6,0.011,0.040999999999999995,0.066,0.066,0.066,0.241,201,-76.0,0.0,0.0,0.0,32.0,-3424.0,63,2,136,201,-0.133,-0.038,-0.006,-0.003,-0.001,-7.99,384,-74.0,0.0,0.0,0.0,30.0,-7131.0,141,1,242,384,0.0,0.043,0.07,0.074,0.078,15.882,4032,-76.0,0.0,0.0,6.0,50.0,-43766.0,1148,227,2657,4032,-0.133,0.357,0.894,1.023,1.334,1673.434
A_X076_Y084,76,84,64,88,68,100,264.0,161.0,1.0,825,13200,9626,3574,0.2722727272727273,"{""X2Y1"": 825}",True,NOT_PROVEN_WITHOUT_MOVED_FF_CONTROL_SET_REPLAY,NOT_PROVEN_READ_ONLY_SITE_INVENTORY_ONLY,20,DEST_X3Y1_MAJOR,20,D8DF451BC1C4EF6032E28F4D3065B488CCF48FA9921667AB64B2E0E8D05D4049,True,,False,False,U_NEG_UPSTREAM_WORSENING;U_PASS_UPSTREAM_INCREASE,,False,False,True,True,"[0.0, 50.0, 15.0, 5.0, -31.0, 0.0, 0.0, 0.0, 20.0]",58,0.0,0.0,50.0,55.0,71.0,684.0,0,15,43,58,-0.136,-0.0885,-0.043,-0.028,-0.017,-4.796,6,0.0,35.5,63.0,63.0,63.0,202.0,0,5,1,6,0.011,0.040999999999999995,0.066,0.066,0.066,0.241,201,-76.0,-31.0,0.0,0.0,0.0,-6552.0,126,0,75,201,-0.133,-0.038,-0.006,-0.003,-0.001,-7.99,384,-76.0,0.0,0.0,0.0,0.0,-8621.0,169,0,215,384,0.0,0.043,0.07,0.074,0.078,15.882,4032,-84.0,0.0,0.0,0.0,49.0,-40620.0,1056,198,2778,4032,-0.133,0.357,0.894,1.023,1.334,1673.434
A_X076_Y084,76,84,64,88,68,100,264.0,161.0,1.0,825,13200,9626,3574,0.2724242424242424,"{""X2Y1"": 825}",True,NOT_PROVEN_WITHOUT_MOVED_FF_CONTROL_SET_REPLAY,NOT_PROVEN_READ_ONLY_SITE_INVENTORY_ONLY,22,DEST_MIXED_OR_OTHER,22,62A80A6BF2780309EBB7ACB65499DC33F9E420F49ABAF670FF853CD53D650A7D,True,,False,False,U_NEG_UPSTREAM_WORSENING;U_PASS_UPSTREAM_INCREASE;D_NEG_NO_MEDIAN_IMPROVEMENT,,False,False,False,True,"[0.0, 53.0, 21.0, 1.0, 0.0, 0.0, 0.0, 0.0, 22.0]",58,0.0,0.0,53.0,62.0,70.0,916.0,0,21,37,58,-0.136,-0.0885,-0.043,-0.028,-0.017,-4.796,6,0.0,0.0,48.0,48.0,48.0,48.0,0,1,5,6,0.011,0.040999999999999995,0.066,0.066,0.066,0.241,201,-75.0,0.0,0.0,0.0,0.0,-486.0,10,0,191,201,-0.133,-0.038,-0.006,-0.003,-0.001,-7.99,384,-83.0,0.0,0.0,0.0,0.0,-3778.0,73,0,311,384,0.0,0.043,0.07,0.074,0.078,15.882,4032,-91.0,0.0,0.0,4.0,47.0,-44652.0,1161,226,2645,4032,-0.133,0.357,0.894,1.023,1.334,1673.434
A_X076_Y084,76,84,64,88,68,100,264.0,161.0,1.0,825,13200,9626,3574,0.271969696969697,"{""X2Y1"": 825}",True,NOT_PROVEN_WITHOUT_MOVED_FF_CONTROL_SET_REPLAY,NOT_PROVEN_READ_ONLY_SITE_INVENTORY_ONLY,16,FEATURE_BIN_0,16,25AFEB422DB3BDBEF4DCE97A6D1274116E7B27A3B94E395D479DC22D3DE14FFD,True,,False,False,U_NEG_UPSTREAM_WORSENING;D_NEG_NO_MEDIAN_IMPROVEMENT,,False,True,False,True,"[0.0, 50.0, 16.0, 0.0, 0.0, 0.0, 0.0, 0.0, 16.0]",58,0.0,0.0,50.0,62.0,70.0,785.0,0,16,42,58,-0.136,-0.0885,-0.043,-0.028,-0.017,-4.796,6,0.0,0.0,0.0,0.0,0.0,0.0,0,0,6,6,0.011,0.040999999999999995,0.066,0.066,0.066,0.241,201,-76.0,0.0,0.0,0.0,32.0,-3296.0,62,2,137,201,-0.133,-0.038,-0.006,-0.003,-0.001,-7.99,384,-83.0,0.0,0.0,0.0,30.0,-5352.0,95,1,288,384,0.0,0.043,0.07,0.074,0.078,15.882,4032,-91.0,0.0,0.0,0.0,50.0,-35684.0,864,147,3021,4032,-0.133,0.357,0.894,1.023,1.334,1673.434
A_X076_Y084,76,84,64,88,68,100,264.0,161.0,1.0,825,13200,9626,3574,0.271969696969697,"{""X2Y1"": 825}",True,NOT_PROVEN_WITHOUT_MOVED_FF_CONTROL_SET_REPLAY,NOT_PROVEN_READ_ONLY_SITE_INVENTORY_ONLY,16,FEATURE_BIN_1,16,863B9B0389C1B994C73ED0C57EC56A84FD6D317708E59D47B391DA86E44D3A8E,True,,False,False,U_NEG_UPSTREAM_WORSENING;U_PASS_UPSTREAM_INCREASE;D_NEG_NO_MEDIAN_IMPROVEMENT,,False,False,False,True,"[0.0, 55.0, 14.0, 2.0, 0.0, 0.0, 0.0, 0.0, 16.0]",58,0.0,0.0,55.0,63.0,71.0,688.0,0,14,44,58,-0.136,-0.0885,-0.043,-0.028,-0.017,-4.796,6,0.0,0.0,63.0,63.0,63.0,109.0,0,2,4,6,0.011,0.040999999999999995,0.066,0.066,0.066,0.241,201,-74.0,0.0,0.0,0.0,0.0,-2560.0,48,0,153,201,-0.133,-0.038,-0.006,-0.003,-0.001,-7.99,384,-76.0,0.0,0.0,0.0,0.0,-5213.0,104,0,280,384,0.0,0.043,0.07,0.074,0.078,15.882,4032,-84.0,0.0,0.0,0.0,49.0,-32214.0,820,188,3024,4032,-0.133,0.357,0.894,1.023,1.334,1673.434
A_X076_Y084,76,84,64,88,68,100,264.0,161.0,1.0,825,13200,9626,3574,0.271969696969697,"{""X2Y1"": 825}",True,NOT_PROVEN_WITHOUT_MOVED_FF_CONTROL_SET_REPLAY,NOT_PROVEN_READ_ONLY_SITE_INVENTORY_ONLY,16,FEATURE_BIN_2,16,18F6AC63D50EACD2B5F6CC669CA58252595A0313B759D7A0EC563D4D8CFF4410,True,,False,False,U_NEG_UPSTREAM_WORSENING;U_PASS_UPSTREAM_INCREASE;D_NEG_NO_MEDIAN_IMPROVEMENT,,False,False,False,True,"[0.0, 36.0, 14.0, 2.0, 0.0, 0.0, 0.0, 0.0, 16.0]",58,0.0,0.0,36.0,53.0,53.0,516.0,0,14,44,58,-0.136,-0.0885,-0.043,-0.028,-0.017,-4.796,6,0.0,0.0,53.0,53.0,53.0,78.0,0,2,4,6,0.011,0.040999999999999995,0.066,0.066,0.066,0.241,201,-71.0,0.0,0.0,0.0,0.0,-3038.0,57,0,144,201,-0.133,-0.038,-0.006,-0.003,-0.001,-7.99,384,-72.0,0.0,0.0,0.0,0.0,-4452.0,85,0,299,384,0.0,0.043,0.07,0.074,0.078,15.882,4032,-72.0,0.0,0.0,0.0,36.0,-33624.0,863,148,3021,4032,-0.133,0.357,0.894,1.023,1.334,1673.434
A_X076_Y084,76,84,64,88,68,100,264.0,161.0,1.0,825,13200,9626,3574,0.271969696969697,"{""X2Y1"": 825}",True,NOT_PROVEN_WITHOUT_MOVED_FF_CONTROL_SET_REPLAY,NOT_PROVEN_READ_ONLY_SITE_INVENTORY_ONLY,16,FEATURE_BIN_3,16,6D6B2605916DFCDD525A27838AC825D18C62B807369D6E6322040D77ED73CF54,True,,False,False,U_NEG_UPSTREAM_WORSENING;U_PASS_UPSTREAM_INCREASE;D_NEG_NO_MEDIAN_IMPROVEMENT,,False,False,False,True,"[0.0, 30.0, 14.0, 2.0, 0.0, 0.0, 0.0, 0.0, 16.0]",58,0.0,0.0,30.0,53.0,53.0,452.0,0,14,44,58,-0.136,-0.0885,-0.043,-0.028,-0.017,-4.796,6,0.0,0.0,48.0,48.0,48.0,63.0,0,2,4,6,0.011,0.040999999999999995,0.066,0.066,0.066,0.241,201,-66.0,0.0,0.0,0.0,0.0,-1568.0,32,0,169,201,-0.133,-0.038,-0.006,-0.003,-0.001,-7.99,384,-66.0,0.0,0.0,0.0,0.0,-4513.0,99,0,285,384,0.0,0.043,0.07,0.074,0.078,15.882,4032,-66.0,0.0,0.0,0.0,46.0,-27516.0,818,168,3046,4032,-0.133,0.357,0.894,1.023,1.334,1673.434
A_X076_Y088,76,88,64,88,72,104,264.0,157.0,1.0,825,13200,9490,3710,0.2859090909090909,"{""X2Y1"": 825}",True,NOT_PROVEN_WITHOUT_MOVED_FF_CONTROL_SET_REPLAY,NOT_PROVEN_READ_ONLY_SITE_INVENTORY_ONLY,64,ALL_64,64,A49D88051B2D2E5D1255D4F806A7569CDA9B33A650A908566197031349AD8DB4,True,,False,False,U_NEG_UPSTREAM_WORSENING;U_PASS_UPSTREAM_INCREASE,,False,False,True,True,"[37.0, 59.0, 57.0, 6.0, -60.0, -23.0, -59.0, -34.0, 64.0]",58,-1.0,37.0,59.0,63.0,67.0,2209.0,1,57,0,58,-0.136,-0.0885,-0.043,-0.028,-0.017,-4.796,6,11.0,43.0,59.0,59.0,59.0,226.0,0,6,0,6,0.011,0.040999999999999995,0.066,0.066,0.066,0.241,201,-72.0,-60.0,-23.0,-18.0,28.0,-10538.0,199,2,0,201,-0.133,-0.038,-0.006,-0.003,-0.001,-7.99,384,-87.0,-59.0,-23.0,-19.0,26.0,-19688.0,383,1,0,384,0.0,0.043,0.07,0.074,0.078,15.882,4032,-87.0,-34.0,9.0,18.0,46.0,-135262.0,3428,574,30,4032,-0.133,0.357,0.894,1.023,1.334,1673.434
A_X076_Y088,76,88,64,88,72,104,264.0,157.0,1.0,825,13200,9490,3710,0.2827272727272727,"{""X2Y1"": 825}",True,NOT_PROVEN_WITHOUT_MOVED_FF_CONTROL_SET_REPLAY,NOT_PROVEN_READ_ONLY_SITE_INVENTORY_ONLY,22,DEST_X2Y1_MAJOR,22,EC8295A18CFB3214990035A3C2A8A03B2248BEA56069D816345F1D2C0CC4741A,True,,False,False,U_NEG_UPSTREAM_WORSENING;D_NEG_NO_MEDIAN_IMPROVEMENT,,False,True,False,True,"[0.0, 49.0, 21.0, 0.0, 0.0, 0.0, 0.0, 0.0, 22.0]",58,-1.0,0.0,49.0,58.0,59.0,753.0,1,21,36,58,-0.136,-0.0885,-0.043,-0.028,-0.017,-4.796,6,0.0,0.0,0.0,0.0,0.0,0.0,0,0,6,6,0.011,0.040999999999999995,0.066,0.066,0.066,0.241,201,-72.0,0.0,0.0,0.0,28.0,-3348.0,63,2,136,201,-0.133,-0.038,-0.006,-0.003,-0.001,-7.99,384,-72.0,0.0,0.0,0.0,26.0,-7183.0,141,1,242,384,0.0,0.043,0.07,0.074,0.078,15.882,4032,-72.0,0.0,0.0,2.0,46.0,-45810.0,1167,202,2663,4032,-0.133,0.357,0.894,1.023,1.334,1673.434
A_X076_Y088,76,88,64,88,72,104,264.0,157.0,1.0,825,13200,9490,3710,0.2825757575757576,"{""X2Y1"": 825}",True,NOT_PROVEN_WITHOUT_MOVED_FF_CONTROL_SET_REPLAY,NOT_PROVEN_READ_ONLY_SITE_INVENTORY_ONLY,20,DEST_X3Y1_MAJOR,20,D8DF451BC1C4EF6032E28F4D3065B488CCF48FA9921667AB64B2E0E8D05D4049,True,,False,False,U_NEG_UPSTREAM_WORSENING;U_PASS_UPSTREAM_INCREASE,,False,False,True,True,"[0.0, 46.0, 15.0, 5.0, -35.0, 0.0, 0.0, 0.0, 20.0]",58,0.0,0.0,46.0,51.0,67.0,624.0,0,15,43,58,-0.136,-0.0885,-0.043,-0.028,-0.017,-4.796,6,0.0,31.5,59.0,59.0,59.0,182.0,0,5,1,6,0.011,0.040999999999999995,0.066,0.066,0.066,0.241,201,-72.0,-35.0,0.0,0.0,0.0,-6690.0,126,0,75,201,-0.133,-0.038,-0.006,-0.003,-0.001,-7.99,384,-80.0,0.0,0.0,0.0,0.0,-8739.0,169,0,215,384,0.0,0.043,0.07,0.074,0.078,15.882,4032,-80.0,0.0,0.0,0.0,45.0,-42574.0,1083,174,2775,4032,-0.133,0.357,0.894,1.023,1.334,1673.434
A_X076_Y088,76,88,64,88,72,104,264.0,157.0,1.0,825,13200,9490,3710,0.2827272727272727,"{""X2Y1"": 825}",True,NOT_PROVEN_WITHOUT_MOVED_FF_CONTROL_SET_REPLAY,NOT_PROVEN_READ_ONLY_SITE_INVENTORY_ONLY,22,DEST_MIXED_OR_OTHER,22,62A80A6BF2780309EBB7ACB65499DC33F9E420F49ABAF670FF853CD53D650A7D,True,,False,False,U_NEG_UPSTREAM_WORSENING;U_PASS_UPSTREAM_INCREASE;D_NEG_NO_MEDIAN_IMPROVEMENT,,False,False,False,True,"[0.0, 49.0, 21.0, 1.0, 0.0, 0.0, 0.0, 0.0, 22.0]",58,0.0,0.0,49.0,58.0,66.0,832.0,0,21,37,58,-0.136,-0.0885,-0.043,-0.028,-0.017,-4.796,6,0.0,0.0,44.0,44.0,44.0,44.0,0,1,5,6,0.011,0.040999999999999995,0.066,0.066,0.066,0.241,201,-71.0,0.0,0.0,0.0,0.0,-500.0,10,0,191,201,-0.133,-0.038,-0.006,-0.003,-0.001,-7.99,384,-87.0,0.0,0.0,0.0,0.0,-3766.0,73,0,311,384,0.0,0.043,0.07,0.074,0.078,15.882,4032,-87.0,0.0,0.0,0.0,43.0,-46878.0,1178,198,2656,4032,-0.133,0.357,0.894,1.023,1.334,1673.434
A_X076_Y088,76,88,64,88,72,104,264.0,157.0,1.0,825,13200,9490,3710,0.2822727272727273,"{""X2Y1"": 825}",True,NOT_PROVEN_WITHOUT_MOVED_FF_CONTROL_SET_REPLAY,NOT_PROVEN_READ_ONLY_SITE_INVENTORY_ONLY,16,FEATURE_BIN_0,16,25AFEB422DB3BDBEF4DCE97A6D1274116E7B27A3B94E395D479DC22D3DE14FFD,True,,False,False,U_NEG_UPSTREAM_WORSENING;D_NEG_NO_MEDIAN_IMPROVEMENT,,False,True,False,True,"[0.0, 46.0, 16.0, 0.0, 0.0, 0.0, 0.0, 0.0, 16.0]",58,0.0,0.0,46.0,58.0,66.0,721.0,0,16,42,58,-0.136,-0.0885,-0.043,-0.028,-0.017,-4.796,6,0.0,0.0,0.0,0.0,0.0,0.0,0,0,6,6,0.011,0.040999999999999995,0.066,0.066,0.066,0.241,201,-72.0,0.0,0.0,0.0,28.0,-3378.0,62,2,137,201,-0.133,-0.038,-0.006,-0.003,-0.001,-7.99,384,-87.0,0.0,0.0,0.0,26.0,-5374.0,95,1,288,384,0.0,0.043,0.07,0.074,0.078,15.882,4032,-87.0,0.0,0.0,0.0,46.0,-37234.0,872,132,3028,4032,-0.133,0.357,0.894,1.023,1.334,1673.434
A_X076_Y088,76,88,64,88,72,104,264.0,157.0,1.0,825,13200,9490,3710,0.2822727272727273,"{""X2Y1"": 825}",True,NOT_PROVEN_WITHOUT_MOVED_FF_CONTROL_SET_REPLAY,NOT_PROVEN_READ_ONLY_SITE_INVENTORY_ONLY,16,FEATURE_BIN_1,16,863B9B0389C1B994C73ED0C57EC56A84FD6D317708E59D47B391DA86E44D3A8E,True,,False,False,U_NEG_UPSTREAM_WORSENING;U_PASS_UPSTREAM_INCREASE;D_NEG_NO_MEDIAN_IMPROVEMENT,,False,False,False,True,"[0.0, 51.0, 14.0, 2.0, 0.0, 0.0, 0.0, 0.0, 16.0]",58,0.0,0.0,51.0,59.0,67.0,632.0,0,14,44,58,-0.136,-0.0885,-0.043,-0.028,-0.017,-4.796,6,0.0,0.0,59.0,59.0,59.0,101.0,0,2,4,6,0.011,0.040999999999999995,0.066,0.066,0.066,0.241,201,-70.0,0.0,0.0,0.0,0.0,-2530.0,48,0,153,201,-0.133,-0.038,-0.006,-0.003,-0.001,-7.99,384,-80.0,0.0,0.0,0.0,0.0,-5303.0,104,0,280,384,0.0,0.043,0.07,0.074,0.078,15.882,4032,-80.0,0.0,0.0,0.0,45.0,-33690.0,838,172,3022,4032,-0.133,0.357,0.894,1.023,1.334,1673.434
A_X076_Y088,76,88,64,88,72,104,264.0,157.0,1.0,825,13200,9490,3710,0.2822727272727273,"{""X2Y1"": 825}",True,NOT_PROVEN_WITHOUT_MOVED_FF_CONTROL_SET_REPLAY,NOT_PROVEN_READ_ONLY_SITE_INVENTORY_ONLY,16,FEATURE_BIN_2,16,18F6AC63D50EACD2B5F6CC669CA58252595A0313B759D7A0EC563D4D8CFF4410,True,,False,False,U_NEG_UPSTREAM_WORSENING;U_PASS_UPSTREAM_INCREASE;D_NEG_NO_MEDIAN_IMPROVEMENT,,False,False,False,True,"[0.0, 32.0, 13.0, 2.0, 0.0, 0.0, 0.0, 0.0, 16.0]",58,-1.0,0.0,32.0,49.0,49.0,460.0,1,13,44,58,-0.136,-0.0885,-0.043,-0.028,-0.017,-4.796,6,0.0,0.0,49.0,49.0,49.0,70.0,0,2,4,6,0.011,0.040999999999999995,0.066,0.066,0.066,0.241,201,-67.0,0.0,0.0,0.0,0.0,-3080.0,57,0,144,201,-0.133,-0.038,-0.006,-0.003,-0.001,-7.99,384,-68.0,0.0,0.0,0.0,0.0,-4464.0,85,0,299,384,0.0,0.043,0.07,0.074,0.078,15.882,4032,-68.0,0.0,0.0,0.0,32.0,-35168.0,873,133,3026,4032,-0.133,0.357,0.894,1.023,1.334,1673.434
A_X076_Y088,76,88,64,88,72,104,264.0,157.0,1.0,825,13200,9490,3710,0.2822727272727273,"{""X2Y1"": 825}",True,NOT_PROVEN_WITHOUT_MOVED_FF_CONTROL_SET_REPLAY,NOT_PROVEN_READ_ONLY_SITE_INVENTORY_ONLY,16,FEATURE_BIN_3,16,6D6B2605916DFCDD525A27838AC825D18C62B807369D6E6322040D77ED73CF54,True,,False,False,U_NEG_UPSTREAM_WORSENING;U_PASS_UPSTREAM_INCREASE;D_NEG_NO_MEDIAN_IMPROVEMENT,,False,False,False,True,"[0.0, 26.0, 14.0, 2.0, 0.0, 0.0, 0.0, 0.0, 16.0]",58,0.0,0.0,26.0,49.0,49.0,396.0,0,14,44,58,-0.136,-0.0885,-0.043,-0.028,-0.017,-4.796,6,0.0,0.0,44.0,44.0,44.0,55.0,0,2,4,6,0.011,0.040999999999999995,0.066,0.066,0.066,0.241,201,-62.0,0.0,0.0,0.0,0.0,-1550.0,32,0,169,201,-0.133,-0.038,-0.006,-0.003,-0.001,-7.99,384,-62.0,0.0,0.0,0.0,0.0,-4547.0,99,0,285,384,0.0,0.043,0.07,0.074,0.078,15.882,4032,-62.0,0.0,0.0,0.0,42.0,-29170.0,845,137,3050,4032,-0.133,0.357,0.894,1.023,1.334,1673.434
A_X076_Y092,76,92,64,88,76,108,264.0,152.0,1.0,825,13200,9524,3676,0.2833333333333333,"{""X2Y1"": 825}",True,NOT_PROVEN_WITHOUT_MOVED_FF_CONTROL_SET_REPLAY,NOT_PROVEN_READ_ONLY_SITE_INVENTORY_ONLY,64,ALL_64,64,A49D88051B2D2E5D1255D4F806A7569CDA9B33A650A908566197031349AD8DB4,True,,False,False,U_NEG_UPSTREAM_WORSENING;U_PASS_UPSTREAM_INCREASE,,False,False,True,True,"[32.0, 54.0, 57.0, 6.0, -58.0, -27.0, -57.0, -35.0, 64.0]",58,-6.0,32.0,54.0,58.0,62.0,1919.0,1,57,0,58,-0.136,-0.0885,-0.043,-0.028,-0.017,-4.796,6,6.0,38.0,54.0,54.0,54.0,196.0,0,6,0,6,0.011,0.040999999999999995,0.066,0.066,0.066,0.241,201,-67.0,-58.0,-27.0,-23.0,23.0,-10385.0,199,2,0,201,-0.133,-0.038,-0.006,-0.003,-0.001,-7.99,384,-82.0,-57.0,-27.0,-23.0,21.0,-19350.0,383,1,0,384,0.0,0.043,0.07,0.074,0.078,15.882,4032,-82.0,-35.0,4.0,13.0,41.0,-140130.0,3537,481,14,4032,-0.133,0.357,0.894,1.023,1.334,1673.434
A_X076_Y092,76,92,64,88,76,108,264.0,152.0,1.0,825,13200,9524,3676,0.28015151515151515,"{""X2Y1"": 825}",True,NOT_PROVEN_WITHOUT_MOVED_FF_CONTROL_SET_REPLAY,NOT_PROVEN_READ_ONLY_SITE_INVENTORY_ONLY,22,DEST_X2Y1_MAJOR,22,EC8295A18CFB3214990035A3C2A8A03B2248BEA56069D816345F1D2C0CC4741A,True,,False,False,U_NEG_UPSTREAM_WORSENING;D_NEG_NO_MEDIAN_IMPROVEMENT,,False,True,False,True,"[0.0, 44.0, 21.0, 0.0, 0.0, 0.0, 0.0, 0.0, 22.0]",58,-6.0,0.0,44.0,53.0,54.0,643.0,1,21,36,58,-0.136,-0.0885,-0.043,-0.028,-0.017,-4.796,6,0.0,0.0,0.0,0.0,0.0,0.0,0,0,6,6,0.011,0.040999999999999995,0.066,0.066,0.066,0.241,201,-67.0,0.0,0.0,0.0,23.0,-3195.0,63,2,136,201,-0.133,-0.038,-0.006,-0.003,-0.001,-7.99,384,-67.0,0.0,0.0,0.0,21.0,-7007.0,141,1,242,384,0.0,0.043,0.07,0.074,0.078,15.882,4032,-67.0,0.0,0.0,0.0,41.0,-47366.0,1203,176,2653,4032,-0.133,0.357,0.894,1.023,1.334,1673.434
A_X076_Y092,76,92,64,88,76,108,264.0,152.0,1.0,825,13200,9524,3676,0.28,"{""X2Y1"": 825}",True,NOT_PROVEN_WITHOUT_MOVED_FF_CONTROL_SET_REPLAY,NOT_PROVEN_READ_ONLY_SITE_INVENTORY_ONLY,20,DEST_X3Y1_MAJOR,20,D8DF451BC1C4EF6032E28F4D3065B488CCF48FA9921667AB64B2E0E8D05D4049,True,,False,False,U_NEG_UPSTREAM_WORSENING;U_PASS_UPSTREAM_INCREASE,,False,False,True,True,"[0.0, 41.0, 15.0, 5.0, -40.0, 0.0, 0.0, 0.0, 20.0]",58,0.0,0.0,41.0,46.0,62.0,549.0,0,15,43,58,-0.136,-0.0885,-0.043,-0.028,-0.017,-4.796,6,0.0,26.5,54.0,54.0,54.0,157.0,0,5,1,6,0.011,0.040999999999999995,0.066,0.066,0.066,0.241,201,-67.0,-40.0,0.0,0.0,0.0,-6680.0,126,0,75,201,-0.133,-0.038,-0.006,-0.003,-0.001,-7.99,384,-75.0,0.0,0.0,0.0,0.0,-8688.0,169,0,215,384,0.0,0.043,0.07,0.074,0.078,15.882,4032,-75.0,0.0,0.0,0.0,40.0,-44118.0,1119,138,2775,4032,-0.133,0.357,0.894,1.023,1.334,1673.434
A_X076_Y092,76,92,64,88,76,108,264.0,152.0,1.0,825,13200,9524,3676,0.28015151515151515,"{""X2Y1"": 825}",True,NOT_PROVEN_WITHOUT_MOVED_FF_CONTROL_SET_REPLAY,NOT_PROVEN_READ_ONLY_SITE_INVENTORY_ONLY,22,DEST_MIXED_OR_OTHER,22,62A80A6BF2780309EBB7ACB65499DC33F9E420F49ABAF670FF853CD53D650A7D,True,,False,False,U_NEG_UPSTREAM_WORSENING;U_PASS_UPSTREAM_INCREASE;D_NEG_NO_MEDIAN_IMPROVEMENT,,False,False,False,True,"[0.0, 44.0, 21.0, 1.0, 0.0, 0.0, 0.0, 0.0, 22.0]",58,0.0,0.0,44.0,53.0,61.0,727.0,0,21,37,58,-0.136,-0.0885,-0.043,-0.028,-0.017,-4.796,6,0.0,0.0,39.0,39.0,39.0,39.0,0,1,5,6,0.011,0.040999999999999995,0.066,0.066,0.066,0.241,201,-66.0,0.0,0.0,0.0,0.0,-510.0,10,0,191,201,-0.133,-0.038,-0.006,-0.003,-0.001,-7.99,384,-82.0,0.0,0.0,0.0,0.0,-3655.0,73,0,311,384,0.0,0.043,0.07,0.074,0.078,15.882,4032,-82.0,0.0,0.0,0.0,38.0,-48646.0,1215,167,2650,4032,-0.133,0.357,0.894,1.023,1.334,1673.434
A_X076_Y092,76,92,64,88,76,108,264.0,152.0,1.0,825,13200,9524,3676,0.2796969696969697,"{""X2Y1"": 825}",True,NOT_PROVEN_WITHOUT_MOVED_FF_CONTROL_SET_REPLAY,NOT_PROVEN_READ_ONLY_SITE_INVENTORY_ONLY,16,FEATURE_BIN_0,16,25AFEB422DB3BDBEF4DCE97A6D1274116E7B27A3B94E395D479DC22D3DE14FFD,True,,False,False,U_NEG_UPSTREAM_WORSENING;D_NEG_NO_MEDIAN_IMPROVEMENT,,False,True,False,True,"[0.0, 41.0, 16.0, 0.0, 0.0, 0.0, 0.0, 0.0, 16.0]",58,0.0,0.0,41.0,53.0,61.0,641.0,0,16,42,58,-0.136,-0.0885,-0.043,-0.028,-0.017,-4.796,6,0.0,0.0,0.0,0.0,0.0,0.0,0,0,6,6,0.011,0.040999999999999995,0.066,0.066,0.066,0.241,201,-67.0,0.0,0.0,0.0,23.0,-3390.0,62,2,137,201,-0.133,-0.038,-0.006,-0.003,-0.001,-7.99,384,-82.0,0.0,0.0,0.0,21.0,-5214.0,95,1,288,384,0.0,0.043,0.07,0.074,0.078,15.882,4032,-82.0,0.0,0.0,0.0,41.0,-38230.0,895,116,3021,4032,-0.133,0.357,0.894,1.023,1.334,1673.434
A_X076_Y092,76,92,64,88,76,108,264.0,152.0,1.0,825,13200,9524,3676,0.2796969696969697,"{""X2Y1"": 825}",True,NOT_PROVEN_WITHOUT_MOVED_FF_CONTROL_SET_REPLAY,NOT_PROVEN_READ_ONLY_SITE_INVENTORY_ONLY,16,FEATURE_BIN_1,16,863B9B0389C1B994C73ED0C57EC56A84FD6D317708E59D47B391DA86E44D3A8E,True,,False,False,U_NEG_UPSTREAM_WORSENING;U_PASS_UPSTREAM_INCREASE;D_NEG_NO_MEDIAN_IMPROVEMENT,,False,False,False,True,"[0.0, 46.0, 14.0, 2.0, 0.0, 0.0, 0.0, 0.0, 16.0]",58,0.0,0.0,46.0,54.0,62.0,562.0,0,14,44,58,-0.136,-0.0885,-0.043,-0.028,-0.017,-4.796,6,0.0,0.0,54.0,54.0,54.0,91.0,0,2,4,6,0.011,0.040999999999999995,0.066,0.066,0.066,0.241,201,-65.0,0.0,0.0,0.0,0.0,-2452.0,48,0,153,201,-0.133,-0.038,-0.006,-0.003,-0.001,-7.99,384,-75.0,0.0,0.0,0.0,0.0,-5315.0,104,0,280,384,0.0,0.043,0.07,0.074,0.078,15.882,4032,-75.0,0.0,0.0,0.0,40.0,-35020.0,853,159,3020,4032,-0.133,0.357,0.894,1.023,1.334,1673.434
A_X076_Y092,76,92,64,88,76,108,264.0,152.0,1.0,825,13200,9524,3676,0.2796969696969697,"{""X2Y1"": 825}",True,NOT_PROVEN_WITHOUT_MOVED_FF_CONTROL_SET_REPLAY,NOT_PROVEN_READ_ONLY_SITE_INVENTORY_ONLY,16,FEATURE_BIN_2,16,18F6AC63D50EACD2B5F6CC669CA58252595A0313B759D7A0EC563D4D8CFF4410,True,,False,False,U_NEG_UPSTREAM_WORSENING;U_PASS_UPSTREAM_INCREASE;D_NEG_NO_MEDIAN_IMPROVEMENT,,False,False,False,True,"[0.0, 27.0, 13.0, 2.0, 0.0, 0.0, 0.0, 0.0, 16.0]",58,-6.0,0.0,27.0,44.0,44.0,390.0,1,13,44,58,-0.136,-0.0885,-0.043,-0.028,-0.017,-4.796,6,0.0,0.0,44.0,44.0,44.0,60.0,0,2,4,6,0.011,0.040999999999999995,0.066,0.066,0.066,0.241,201,-62.0,0.0,0.0,0.0,0.0,-3041.0,57,0,144,201,-0.133,-0.038,-0.006,-0.003,-0.001,-7.99,384,-63.0,0.0,0.0,0.0,0.0,-4353.0,85,0,299,384,0.0,0.043,0.07,0.074,0.078,15.882,4032,-63.0,0.0,0.0,0.0,27.0,-36312.0,903,98,3031,4032,-0.133,0.357,0.894,1.023,1.334,1673.434
A_X076_Y092,76,92,64,88,76,108,264.0,152.0,1.0,825,13200,9524,3676,0.2796969696969697,"{""X2Y1"": 825}",True,NOT_PROVEN_WITHOUT_MOVED_FF_CONTROL_SET_REPLAY,NOT_PROVEN_READ_ONLY_SITE_INVENTORY_ONLY,16,FEATURE_BIN_3,16,6D6B2605916DFCDD525A27838AC825D18C62B807369D6E6322040D77ED73CF54,True,,False,False,U_NEG_UPSTREAM_WORSENING;U_PASS_UPSTREAM_INCREASE;D_NEG_NO_MEDIAN_IMPROVEMENT,,False,False,False,True,"[0.0, 21.0, 14.0, 2.0, 0.0, 0.0, 0.0, 0.0, 16.0]",58,0.0,0.0,21.0,44.0,44.0,326.0,0,14,44,58,-0.136,-0.0885,-0.043,-0.028,-0.017,-4.796,6,0.0,0.0,39.0,39.0,39.0,45.0,0,2,4,6,0.011,0.040999999999999995,0.066,0.066,0.066,0.241,201,-57.0,0.0,0.0,0.0,0.0,-1502.0,32,0,169,201,-0.133,-0.038,-0.006,-0.003,-0.001,-7.99,384,-57.0,0.0,0.0,0.0,0.0,-4468.0,99,0,285,384,0.0,0.043,0.07,0.074,0.078,15.882,4032,-57.0,0.0,0.0,0.0,37.0,-30568.0,886,108,3038,4032,-0.133,0.357,0.894,1.023,1.334,1673.434
A_X076_Y096,76,96,64,88,80,112,264.0,148.0,1.0,825,13200,9576,3624,0.2793939393939394,"{""X2Y1"": 825}",True,NOT_PROVEN_WITHOUT_MOVED_FF_CONTROL_SET_REPLAY,NOT_PROVEN_READ_ONLY_SITE_INVENTORY_ONLY,64,ALL_64,64,A49D88051B2D2E5D1255D4F806A7569CDA9B33A650A908566197031349AD8DB4,True,,True,False,U_NEG_UPSTREAM_WORSENING;U_PASS_UPSTREAM_INCREASE,,False,False,True,True,"[28.0, 50.0, 57.0, 6.0, -56.0, -30.0, -54.5, -35.0, 64.0]",58,-10.0,28.0,50.0,54.0,58.0,1687.0,1,57,0,58,-0.136,-0.0885,-0.043,-0.028,-0.017,-4.796,6,2.0,34.0,50.0,50.0,50.0,172.0,0,6,0,6,0.011,0.040999999999999995,0.066,0.066,0.066,0.241,201,-63.0,-56.0,-30.0,-23.0,19.0,-10125.0,199,2,0,201,-0.133,-0.038,-0.006,-0.003,-0.001,-7.99,384,-78.0,-54.5,-27.0,-23.0,17.0,-18782.0,383,1,0,384,0.0,0.043,0.07,0.074,0.078,15.882,4032,-78.0,-35.0,0.0,9.0,37.0,-140998.0,3612,397,23,4032,-0.133,0.357,0.894,1.023,1.334,1673.434
A_X076_Y096,76,96,64,88,80,112,264.0,148.0,1.0,825,13200,9576,3624,0.2762121212121212,"{""X2Y1"": 825}",True,NOT_PROVEN_WITHOUT_MOVED_FF_CONTROL_SET_REPLAY,NOT_PROVEN_READ_ONLY_SITE_INVENTORY_ONLY,22,DEST_X2Y1_MAJOR,22,EC8295A18CFB3214990035A3C2A8A03B2248BEA56069D816345F1D2C0CC4741A,True,,False,False,U_NEG_UPSTREAM_WORSENING;D_NEG_NO_MEDIAN_IMPROVEMENT,,False,True,False,True,"[0.0, 40.0, 21.0, 0.0, 0.0, 0.0, 0.0, 0.0, 22.0]",58,-10.0,0.0,40.0,49.0,50.0,555.0,1,21,36,58,-0.136,-0.0885,-0.043,-0.028,-0.017,-4.796,6,0.0,0.0,0.0,0.0,0.0,0.0,0,0,6,6,0.011,0.040999999999999995,0.066,0.066,0.066,0.241,201,-63.0,0.0,0.0,0.0,19.0,-3029.0,63,2,136,201,-0.133,-0.038,-0.006,-0.003,-0.001,-7.99,384,-63.0,0.0,0.0,0.0,17.0,-6717.0,141,1,242,384,0.0,0.043,0.07,0.074,0.078,15.882,4032,-63.0,0.0,0.0,0.0,37.0,-47594.0,1237,147,2648,4032,-0.133,0.357,0.894,1.023,1.334,1673.434
A_X076_Y096,76,96,64,88,80,112,264.0,148.0,1.0,825,13200,9576,3624,0.27606060606060606,"{""X2Y1"": 825}",True,NOT_PROVEN_WITHOUT_MOVED_FF_CONTROL_SET_REPLAY,NOT_PROVEN_READ_ONLY_SITE_INVENTORY_ONLY,20,DEST_X3Y1_MAJOR,20,D8DF451BC1C4EF6032E28F4D3065B488CCF48FA9921667AB64B2E0E8D05D4049,True,,False,False,U_NEG_UPSTREAM_WORSENING;U_PASS_UPSTREAM_INCREASE,,False,False,True,True,"[0.0, 37.0, 15.0, 5.0, -44.0, 0.0, 0.0, 0.0, 20.0]",58,0.0,0.0,37.0,42.0,58.0,489.0,0,15,43,58,-0.136,-0.0885,-0.043,-0.028,-0.017,-4.796,6,0.0,22.5,50.0,50.0,50.0,137.0,0,5,1,6,0.011,0.040999999999999995,0.066,0.066,0.066,0.241,201,-63.0,-44.0,0.0,0.0,0.0,-6592.0,126,0,75,201,-0.133,-0.038,-0.006,-0.003,-0.001,-7.99,384,-71.0,0.0,0.0,0.0,0.0,-8528.0,169,0,215,384,0.0,0.043,0.07,0.074,0.078,15.882,4032,-71.0,0.0,0.0,0.0,36.0,-44444.0,1143,102,2787,4032,-0.133,0.357,0.894,1.023,1.334,1673.434
A_X076_Y096,76,96,64,88,80,112,264.0,148.0,1.0,825,13200,9576,3624,0.2762121212121212,"{""X2Y1"": 825}",True,NOT_PROVEN_WITHOUT_MOVED_FF_CONTROL_SET_REPLAY,NOT_PROVEN_READ_ONLY_SITE_INVENTORY_ONLY,22,DEST_MIXED_OR_OTHER,22,62A80A6BF2780309EBB7ACB65499DC33F9E420F49ABAF670FF853CD53D650A7D,True,,False,False,U_NEG_UPSTREAM_WORSENING;U_PASS_UPSTREAM_INCREASE;D_NEG_NO_MEDIAN_IMPROVEMENT,,False,False,False,True,"[0.0, 40.0, 21.0, 1.0, 0.0, 0.0, 0.0, 0.0, 22.0]",58,0.0,0.0,40.0,49.0,57.0,643.0,0,21,37,58,-0.136,-0.0885,-0.043,-0.028,-0.017,-4.796,6,0.0,0.0,35.0,35.0,35.0,35.0,0,1,5,6,0.011,0.040999999999999995,0.066,0.066,0.066,0.241,201,-62.0,0.0,0.0,0.0,0.0,-504.0,10,0,191,201,-0.133,-0.038,-0.006,-0.003,-0.001,-7.99,384,-78.0,0.0,0.0,0.0,0.0,-3537.0,73,0,311,384,0.0,0.043,0.07,0.074,0.078,15.882,4032,-78.0,0.0,0.0,0.0,34.0,-48960.0,1232,148,2652,4032,-0.133,0.357,0.894,1.023,1.334,1673.434
A_X076_Y096,76,96,64,88,80,112,264.0,148.0,1.0,825,13200,9576,3624,0.27575757575757576,"{""X2Y1"": 825}",True,NOT_PROVEN_WITHOUT_MOVED_FF_CONTROL_SET_REPLAY,NOT_PROVEN_READ_ONLY_SITE_INVENTORY_ONLY,16,FEATURE_BIN_0,16,25AFEB422DB3BDBEF4DCE97A6D1274116E7B27A3B94E395D479DC22D3DE14FFD,True,,False,False,U_NEG_UPSTREAM_WORSENING;D_NEG_NO_MEDIAN_IMPROVEMENT,,False,True,False,True,"[0.0, 37.0, 16.0, 0.0, 0.0, 0.0, 0.0, 0.0, 16.0]",58,0.0,0.0,37.0,49.0,57.0,577.0,0,16,42,58,-0.136,-0.0885,-0.043,-0.028,-0.017,-4.796,6,0.0,0.0,0.0,0.0,0.0,0.0,0,0,6,6,0.011,0.040999999999999995,0.066,0.066,0.066,0.241,201,-63.0,0.0,0.0,0.0,19.0,-3324.0,62,2,137,201,-0.133,-0.038,-0.006,-0.003,-0.001,-7.99,384,-78.0,0.0,0.0,0.0,17.0,-5022.0,95,1,288,384,0.0,0.043,0.07,0.074,0.078,15.882,4032,-78.0,0.0,0.0,0.0,37.0,-38332.0,902,101,3029,4032,-0.133,0.357,0.894,1.023,1.334,1673.434
A_X076_Y096,76,96,64,88,80,112,264.0,148.0,1.0,825,13200,9576,3624,0.27575757575757576,"{""X2Y1"": 825}",True,NOT_PROVEN_WITHOUT_MOVED_FF_CONTROL_SET_REPLAY,NOT_PROVEN_READ_ONLY_SITE_INVENTORY_ONLY,16,FEATURE_BIN_1,16,863B9B0389C1B994C73ED0C57EC56A84FD6D317708E59D47B391DA86E44D3A8E,True,,False,False,U_NEG_UPSTREAM_WORSENING;U_PASS_UPSTREAM_INCREASE;D_NEG_NO_MEDIAN_IMPROVEMENT,,False,False,False,True,"[0.0, 42.0, 14.0, 2.0, 0.0, 0.0, 0.0, 0.0, 16.0]",58,0.0,0.0,42.0,50.0,58.0,506.0,0,14,44,58,-0.136,-0.0885,-0.043,-0.028,-0.017,-4.796,6,0.0,0.0,50.0,50.0,50.0,83.0,0,2,4,6,0.011,0.040999999999999995,0.066,0.066,0.066,0.241,201,-61.0,0.0,0.0,0.0,0.0,-2376.0,48,0,153,201,-0.133,-0.038,-0.006,-0.003,-0.001,-7.99,384,-71.0,0.0,0.0,0.0,0.0,-5239.0,104,0,280,384,0.0,0.043,0.07,0.074,0.078,15.882,4032,-71.0,0.0,0.0,0.0,36.0,-35278.0,869,139,3024,4032,-0.133,0.357,0.894,1.023,1.334,1673.434
A_X076_Y096,76,96,64,88,80,112,264.0,148.0,1.0,825,13200,9576,3624,0.27575757575757576,"{""X2Y1"": 825}",True,NOT_PROVEN_WITHOUT_MOVED_FF_CONTROL_SET_REPLAY,NOT_PROVEN_READ_ONLY_SITE_INVENTORY_ONLY,16,FEATURE_BIN_2,16,18F6AC63D50EACD2B5F6CC669CA58252595A0313B759D7A0EC563D4D8CFF4410,True,,False,False,U_NEG_UPSTREAM_WORSENING;U_PASS_UPSTREAM_INCREASE;D_NEG_NO_MEDIAN_IMPROVEMENT,,False,False,False,True,"[0.0, 23.0, 13.0, 2.0, 0.0, 0.0, 0.0, 0.0, 16.0]",58,-10.0,0.0,23.0,40.0,40.0,334.0,1,13,44,58,-0.136,-0.0885,-0.043,-0.028,-0.017,-4.796,6,0.0,0.0,40.0,40.0,40.0,52.0,0,2,4,6,0.011,0.040999999999999995,0.066,0.066,0.066,0.241,201,-58.0,0.0,0.0,0.0,0.0,-2985.0,57,0,144,201,-0.133,-0.038,-0.006,-0.003,-0.001,-7.99,384,-59.0,0.0,0.0,0.0,0.0,-4231.0,85,0,299,384,0.0,0.043,0.07,0.074,0.078,15.882,4032,-59.0,0.0,0.0,0.0,23.0,-36590.0,936,70,3026,4032,-0.133,0.357,0.894,1.023,1.334,1673.434
A_X076_Y096,76,96,64,88,80,112,264.0,148.0,1.0,825,13200,9576,3624,0.27575757575757576,"{""X2Y1"": 825}",True,NOT_PROVEN_WITHOUT_MOVED_FF_CONTROL_SET_REPLAY,NOT_PROVEN_READ_ONLY_SITE_INVENTORY_ONLY,16,FEATURE_BIN_3,16,6D6B2605916DFCDD525A27838AC825D18C62B807369D6E6322040D77ED73CF54,True,,False,False,U_NEG_UPSTREAM_WORSENING;U_PASS_UPSTREAM_INCREASE;D_NEG_NO_MEDIAN_IMPROVEMENT,,False,False,False,True,"[0.0, 17.0, 14.0, 2.0, 0.0, 0.0, 0.0, 0.0, 16.0]",58,0.0,0.0,17.0,40.0,40.0,270.0,0,14,44,58,-0.136,-0.0885,-0.043,-0.028,-0.017,-4.796,6,0.0,0.0,35.0,35.0,35.0,37.0,0,2,4,6,0.011,0.040999999999999995,0.066,0.066,0.066,0.241,201,-53.0,0.0,0.0,0.0,0.0,-1440.0,32,0,169,201,-0.133,-0.038,-0.006,-0.003,-0.001,-7.99,384,-53.0,0.0,0.0,0.0,0.0,-4290.0,99,0,285,384,0.0,0.043,0.07,0.074,0.078,15.882,4032,-53.0,0.0,0.0,0.0,33.0,-30798.0,905,87,3040,4032,-0.133,0.357,0.894,1.023,1.334,1673.434
A_X076_Y100,76,100,64,88,84,116,264.0,144.0,1.0,825,13200,9687,3513,0.2709848484848485,"{""X2Y1"": 825}",True,NOT_PROVEN_WITHOUT_MOVED_FF_CONTROL_SET_REPLAY,NOT_PROVEN_READ_ONLY_SITE_INVENTORY_ONLY,64,ALL_64,64,A49D88051B2D2E5D1255D4F806A7569CDA9B33A650A908566197031349AD8DB4,True,,True,False,U_NEG_UPSTREAM_WORSENING;U_PASS_UPSTREAM_INCREASE,,False,False,True,True,"[24.0, 46.0, 55.0, 5.0, -52.0, -31.0, -51.0, -38.0, 64.0]",58,-14.0,24.0,46.0,50.0,54.0,1455.0,2,55,1,58,-0.136,-0.0885,-0.043,-0.028,-0.017,-4.796,6,-2.0,30.0,46.0,46.0,46.0,148.0,1,5,0,6,0.011,0.040999999999999995,0.066,0.066,0.066,0.241,201,-59.0,-52.0,-31.0,-20.0,15.0,-9671.0,199,2,0,201,-0.133,-0.038,-0.006,-0.003,-0.001,-7.99,384,-74.0,-51.0,-27.0,-20.0,13.0,-17798.0,383,1,0,384,0.0,0.043,0.07,0.074,0.078,15.882,4032,-74.0,-38.0,-4.0,5.0,33.0,-137708.0,3711,297,24,4032,-0.133,0.357,0.894,1.023,1.334,1673.434
A_X076_Y100,76,100,64,88,84,116,264.0,144.0,1.0,825,13200,9687,3513,0.2678030303030303,"{""X2Y1"": 825}",True,NOT_PROVEN_WITHOUT_MOVED_FF_CONTROL_SET_REPLAY,NOT_PROVEN_READ_ONLY_SITE_INVENTORY_ONLY,22,DEST_X2Y1_MAJOR,22,EC8295A18CFB3214990035A3C2A8A03B2248BEA56069D816345F1D2C0CC4741A,True,,False,False,U_NEG_UPSTREAM_WORSENING;D_NEG_NO_MEDIAN_IMPROVEMENT,,False,True,False,True,"[0.0, 36.0, 20.0, 0.0, 0.0, 0.0, 0.0, 0.0, 22.0]",58,-14.0,0.0,36.0,45.0,46.0,467.0,2,20,36,58,-0.136,-0.0885,-0.043,-0.028,-0.017,-4.796,6,0.0,0.0,0.0,0.0,0.0,0.0,0,0,6,6,0.011,0.040999999999999995,0.066,0.066,0.066,0.241,201,-59.0,0.0,0.0,0.0,15.0,-2817.0,63,2,136,201,-0.133,-0.038,-0.006,-0.003,-0.001,-7.99,384,-59.0,0.0,0.0,0.0,13.0,-6277.0,141,1,242,384,0.0,0.043,0.07,0.074,0.078,15.882,4032,-59.0,0.0,0.0,0.0,33.0,-46338.0,1267,108,2657,4032,-0.133,0.357,0.894,1.023,1.334,1673.434
A_X076_Y100,76,100,64,88,84,116,264.0,144.0,1.0,825,13200,9687,3513,0.26765151515151514,"{""X2Y1"": 825}",True,NOT_PROVEN_WITHOUT_MOVED_FF_CONTROL_SET_REPLAY,NOT_PROVEN_READ_ONLY_SITE_INVENTORY_ONLY,20,DEST_X3Y1_MAJOR,20,D8DF451BC1C4EF6032E28F4D3065B488CCF48FA9921667AB64B2E0E8D05D4049,True,,False,False,U_NEG_UPSTREAM_WORSENING;U_PASS_UPSTREAM_INCREASE,,False,False,True,True,"[0.0, 33.0, 15.0, 4.0, -45.0, 0.0, 0.0, 0.0, 20.0]",58,0.0,0.0,33.0,38.0,54.0,429.0,0,15,43,58,-0.136,-0.0885,-0.043,-0.028,-0.017,-4.796,6,-2.0,18.5,46.0,46.0,46.0,117.0,1,4,1,6,0.011,0.040999999999999995,0.066,0.066,0.066,0.241,201,-59.0,-45.0,0.0,0.0,0.0,-6366.0,126,0,75,201,-0.133,-0.038,-0.006,-0.003,-0.001,-7.99,384,-67.0,0.0,0.0,0.0,0.0,-8152.0,169,0,215,384,0.0,0.043,0.07,0.074,0.078,15.882,4032,-67.0,0.0,0.0,0.0,32.0,-43480.0,1179,76,2777,4032,-0.133,0.357,0.894,1.023,1.334,1673.434
A_X076_Y100,76,100,64,88,84,116,264.0,144.0,1.0,825,13200,9687,3513,0.2678030303030303,"{""X2Y1"": 825}",True,NOT_PROVEN_WITHOUT_MOVED_FF_CONTROL_SET_REPLAY,NOT_PROVEN_READ_ONLY_SITE_INVENTORY_ONLY,22,DEST_MIXED_OR_OTHER,22,62A80A6BF2780309EBB7ACB65499DC33F9E420F49ABAF670FF853CD53D650A7D,True,,False,False,U_NEG_UPSTREAM_WORSENING;U_PASS_UPSTREAM_INCREASE;D_NEG_NO_MEDIAN_IMPROVEMENT,,False,False,False,True,"[0.0, 36.0, 20.0, 1.0, 0.0, 0.0, 0.0, 0.0, 22.0]",58,0.0,0.0,36.0,45.0,53.0,559.0,0,20,38,58,-0.136,-0.0885,-0.043,-0.028,-0.017,-4.796,6,0.0,0.0,31.0,31.0,31.0,31.0,0,1,5,6,0.011,0.040999999999999995,0.066,0.066,0.066,0.241,201,-58.0,0.0,0.0,0.0,0.0,-488.0,10,0,191,201,-0.133,-0.038,-0.006,-0.003,-0.001,-7.99,384,-74.0,0.0,0.0,0.0,0.0,-3369.0,73,0,311,384,0.0,0.043,0.07,0.074,0.078,15.882,4032,-74.0,0.0,0.0,0.0,30.0,-47890.0,1265,113,2654,4032,-0.133,0.357,0.894,1.023,1.334,1673.434
A_X076_Y100,76,100,64,88,84,116,264.0,144.0,1.0,825,13200,9687,3513,0.26734848484848484,"{""X2Y1"": 825}",True,NOT_PROVEN_WITHOUT_MOVED_FF_CONTROL_SET_REPLAY,NOT_PROVEN_READ_ONLY_SITE_INVENTORY_ONLY,16,FEATURE_BIN_0,16,25AFEB422DB3BDBEF4DCE97A6D1274116E7B27A3B94E395D479DC22D3DE14FFD,True,,False,False,U_NEG_UPSTREAM_WORSENING;D_NEG_NO_MEDIAN_IMPROVEMENT,,False,True,False,True,"[0.0, 33.0, 16.0, 0.0, 0.0, 0.0, 0.0, 0.0, 16.0]",58,0.0,0.0,33.0,45.0,53.0,513.0,0,16,42,58,-0.136,-0.0885,-0.043,-0.028,-0.017,-4.796,6,0.0,0.0,0.0,0.0,0.0,0.0,0,0,6,6,0.011,0.040999999999999995,0.066,0.066,0.066,0.241,201,-59.0,0.0,0.0,0.0,15.0,-3210.0,62,2,137,201,-0.133,-0.038,-0.006,-0.003,-0.001,-7.99,384,-74.0,0.0,0.0,0.0,13.0,-4732.0,95,1,288,384,0.0,0.043,0.07,0.074,0.078,15.882,4032,-74.0,0.0,0.0,0.0,33.0,-37430.0,932,75,3025,4032,-0.133,0.357,0.894,1.023,1.334,1673.434
A_X076_Y100,76,100,64,88,84,116,264.0,144.0,1.0,825,13200,9687,3513,0.26734848484848484,"{""X2Y1"": 825}",True,NOT_PROVEN_WITHOUT_MOVED_FF_CONTROL_SET_REPLAY,NOT_PROVEN_READ_ONLY_SITE_INVENTORY_ONLY,16,FEATURE_BIN_1,16,863B9B0389C1B994C73ED0C57EC56A84FD6D317708E59D47B391DA86E44D3A8E,True,,False,False,U_NEG_UPSTREAM_WORSENING;U_PASS_UPSTREAM_INCREASE;D_NEG_NO_MEDIAN_IMPROVEMENT,,False,False,False,True,"[0.0, 38.0, 14.0, 2.0, 0.0, 0.0, 0.0, 0.0, 16.0]",58,0.0,0.0,38.0,46.0,54.0,450.0,0,14,44,58,-0.136,-0.0885,-0.043,-0.028,-0.017,-4.796,6,0.0,0.0,46.0,46.0,46.0,75.0,0,2,4,6,0.011,0.040999999999999995,0.066,0.066,0.066,0.241,201,-59.0,0.0,0.0,0.0,0.0,-2258.0,48,0,153,201,-0.133,-0.038,-0.006,-0.003,-0.001,-7.99,384,-67.0,0.0,0.0,0.0,0.0,-5041.0,104,0,280,384,0.0,0.043,0.07,0.074,0.078,15.882,4032,-67.0,0.0,0.0,0.0,32.0,-34486.0,902,103,3027,4032,-0.133,0.357,0.894,1.023,1.334,1673.434
A_X076_Y100,76,100,64,88,84,116,264.0,144.0,1.0,825,13200,9687,3513,0.26734848484848484,"{""X2Y1"": 825}",True,NOT_PROVEN_WITHOUT_MOVED_FF_CONTROL_SET_REPLAY,NOT_PROVEN_READ_ONLY_SITE_INVENTORY_ONLY,16,FEATURE_BIN_2,16,18F6AC63D50EACD2B5F6CC669CA58252595A0313B759D7A0EC563D4D8CFF4410,True,,False,False,U_NEG_UPSTREAM_WORSENING;U_PASS_UPSTREAM_INCREASE;D_NEG_NO_MEDIAN_IMPROVEMENT,,False,False,False,True,"[0.0, 19.0, 13.0, 2.0, 0.0, 0.0, 0.0, 0.0, 16.0]",58,-14.0,0.0,19.0,36.0,36.0,278.0,1,13,44,58,-0.136,-0.0885,-0.043,-0.028,-0.017,-4.796,6,0.0,0.0,36.0,36.0,36.0,44.0,0,2,4,6,0.011,0.040999999999999995,0.066,0.066,0.066,0.241,201,-54.0,0.0,0.0,0.0,0.0,-2845.0,57,0,144,201,-0.133,-0.038,-0.006,-0.003,-0.001,-7.99,384,-55.0,0.0,0.0,0.0,0.0,-4013.0,85,0,299,384,0.0,0.043,0.07,0.074,0.078,15.882,4032,-55.0,0.0,0.0,0.0,19.0,-35838.0,951,57,3024,4032,-0.133,0.357,0.894,1.023,1.334,1673.434
A_X076_Y100,76,100,64,88,84,116,264.0,144.0,1.0,825,13200,9687,3513,0.26734848484848484,"{""X2Y1"": 825}",True,NOT_PROVEN_WITHOUT_MOVED_FF_CONTROL_SET_REPLAY,NOT_PROVEN_READ_ONLY_SITE_INVENTORY_ONLY,16,FEATURE_BIN_3,16,6D6B2605916DFCDD525A27838AC825D18C62B807369D6E6322040D77ED73CF54,True,,False,False,U_NEG_UPSTREAM_WORSENING;U_PASS_UPSTREAM_INCREASE;D_NEG_NO_MEDIAN_IMPROVEMENT,,False,False,False,True,"[0.0, 13.0, 12.0, 1.0, 0.0, 0.0, 0.0, 0.0, 16.0]",58,-2.0,0.0,13.0,36.0,36.0,214.0,1,12,45,58,-0.136,-0.0885,-0.043,-0.028,-0.017,-4.796,6,-2.0,0.0,31.0,31.0,31.0,29.0,1,1,4,6,0.011,0.040999999999999995,0.066,0.066,0.066,0.241,201,-49.0,0.0,0.0,0.0,0.0,-1358.0,32,0,169,201,-0.133,-0.038,-0.006,-0.003,-0.001,-7.99,384,-49.0,0.0,0.0,0.0,0.0,-4012.0,99,0,285,384,0.0,0.043,0.07,0.074,0.078,15.882,4032,-49.0,0.0,0.0,0.0,29.0,-29954.0,926,62,3044,4032,-0.133,0.357,0.894,1.023,1.334,1673.434
A_X076_Y104,76,104,64,88,88,120,264.0,140.0,1.0,825,13200,9969,3231,0.24962121212121213,"{""X2Y1"": 800, ""X2Y2"": 25}",True,NOT_PROVEN_WITHOUT_MOVED_FF_CONTROL_SET_REPLAY,NOT_PROVEN_READ_ONLY_SITE_INVENTORY_ONLY,0,ALL_64,64,A49D88051B2D2E5D1255D4F806A7569CDA9B33A650A908566197031349AD8DB4,True,,True,False,U_NEG_UPSTREAM_WORSENING;U_PASS_UPSTREAM_INCREASE,,False,False,True,True,"[20.0, 42.0, 53.0, 5.0, -50.0, -35.0, -47.0, -39.0, 64.0]",58,-18.0,20.0,42.0,46.0,50.0,1223.0,3,53,2,58,-0.136,-0.0885,-0.043,-0.028,-0.017,-4.796,6,-6.0,26.0,42.0,42.0,42.0,124.0,1,5,0,6,0.011,0.040999999999999995,0.066,0.066,0.066,0.241,201,-57.0,-50.0,-35.0,-17.0,11.0,-9129.0,199,2,0,201,-0.133,-0.038,-0.006,-0.003,-0.001,-7.99,384,-70.0,-47.0,-24.0,-17.0,9.0,-16684.0,383,1,0,384,0.0,0.043,0.07,0.074,0.078,15.882,4032,-70.0,-39.0,-7.0,1.0,29.0,-131868.0,3817,206,9,4032,-0.133,0.357,0.894,1.023,1.334,1673.434
A_X076_Y104,76,104,64,88,88,120,264.0,140.0,1.0,825,13200,9969,3231,0.24643939393939393,"{""X2Y1"": 800, ""X2Y2"": 25}",True,NOT_PROVEN_WITHOUT_MOVED_FF_CONTROL_SET_REPLAY,NOT_PROVEN_READ_ONLY_SITE_INVENTORY_ONLY,0,DEST_X2Y1_MAJOR,22,EC8295A18CFB3214990035A3C2A8A03B2248BEA56069D816345F1D2C0CC4741A,True,,False,False,U_NEG_UPSTREAM_WORSENING;D_NEG_NO_MEDIAN_IMPROVEMENT,,False,True,False,True,"[0.0, 32.0, 20.0, 0.0, 0.0, 0.0, 0.0, 0.0, 22.0]",58,-18.0,0.0,32.0,41.0,42.0,379.0,2,20,36,58,-0.136,-0.0885,-0.043,-0.028,-0.017,-4.796,6,0.0,0.0,0.0,0.0,0.0,0.0,0,0,6,6,0.011,0.040999999999999995,0.066,0.066,0.066,0.241,201,-55.0,0.0,0.0,0.0,11.0,-2589.0,63,2,136,201,-0.133,-0.038,-0.006,-0.003,-0.001,-7.99,384,-55.0,0.0,0.0,0.0,9.0,-5797.0,141,1,242,384,0.0,0.043,0.07,0.074,0.078,15.882,4032,-55.0,0.0,0.0,0.0,29.0,-44316.0,1299,84,2649,4032,-0.133,0.357,0.894,1.023,1.334,1673.434
A_X076_Y104,76,104,64,88,88,120,264.0,140.0,1.0,825,13200,9969,3231,0.24628787878787878,"{""X2Y1"": 800, ""X2Y2"": 25}",True,NOT_PROVEN_WITHOUT_MOVED_FF_CONTROL_SET_REPLAY,NOT_PROVEN_READ_ONLY_SITE_INVENTORY_ONLY,0,DEST_X3Y1_MAJOR,20,D8DF451BC1C4EF6032E28F4D3065B488CCF48FA9921667AB64B2E0E8D05D4049,True,,False,False,U_NEG_UPSTREAM_WORSENING;U_PASS_UPSTREAM_INCREASE,,False,False,True,True,"[0.0, 29.0, 15.0, 4.0, -43.0, 0.0, 0.0, 0.0, 20.0]",58,0.0,0.0,29.0,34.0,50.0,369.0,0,15,43,58,-0.136,-0.0885,-0.043,-0.028,-0.017,-4.796,6,-6.0,14.5,42.0,42.0,42.0,97.0,1,4,1,6,0.011,0.040999999999999995,0.066,0.066,0.066,0.241,201,-57.0,-43.0,0.0,0.0,0.0,-6068.0,126,0,75,201,-0.133,-0.038,-0.006,-0.003,-0.001,-7.99,384,-63.0,0.0,0.0,0.0,0.0,-7716.0,169,0,215,384,0.0,0.043,0.07,0.074,0.078,15.882,4032,-63.0,0.0,0.0,0.0,28.0,-41652.0,1202,57,2773,4032,-0.133,0.357,0.894,1.023,1.334,1673.434
A_X076_Y104,76,104,64,88,88,120,264.0,140.0,1.0,825,13200,9969,3231,0.24643939393939393,"{""X2Y1"": 800, ""X2Y2"": 25}",True,NOT_PROVEN_WITHOUT_MOVED_FF_CONTROL_SET_REPLAY,NOT_PROVEN_READ_ONLY_SITE_INVENTORY_ONLY,0,DEST_MIXED_OR_OTHER,22,62A80A6BF2780309EBB7ACB65499DC33F9E420F49ABAF670FF853CD53D650A7D,True,,False,False,U_NEG_UPSTREAM_WORSENING;U_PASS_UPSTREAM_INCREASE;D_NEG_NO_MEDIAN_IMPROVEMENT,,False,False,False,True,"[0.0, 32.0, 18.0, 1.0, 0.0, 0.0, 0.0, 0.0, 22.0]",58,-4.0,0.0,32.0,41.0,49.0,475.0,1,18,39,58,-0.136,-0.0885,-0.043,-0.028,-0.017,-4.796,6,0.0,0.0,27.0,27.0,27.0,27.0,0,1,5,6,0.011,0.040999999999999995,0.066,0.066,0.066,0.241,201,-54.0,0.0,0.0,0.0,0.0,-472.0,10,0,191,201,-0.133,-0.038,-0.006,-0.003,-0.001,-7.99,384,-70.0,0.0,0.0,0.0,0.0,-3171.0,73,0,311,384,0.0,0.043,0.07,0.074,0.078,15.882,4032,-70.0,0.0,0.0,0.0,26.0,-45900.0,1316,65,2651,4032,-0.133,0.357,0.894,1.023,1.334,1673.434
A_X076_Y104,76,104,64,88,88,120,264.0,140.0,1.0,825,13200,9969,3231,0.24598484848484847,"{""X2Y1"": 800, ""X2Y2"": 25}",True,NOT_PROVEN_WITHOUT_MOVED_FF_CONTROL_SET_REPLAY,NOT_PROVEN_READ_ONLY_SITE_INVENTORY_ONLY,0,FEATURE_BIN_0,16,25AFEB422DB3BDBEF4DCE97A6D1274116E7B27A3B94E395D479DC22D3DE14FFD,True,,False,False,U_NEG_UPSTREAM_WORSENING;D_NEG_NO_MEDIAN_IMPROVEMENT,,False,True,False,True,"[0.0, 29.0, 16.0, 0.0, 0.0, 0.0, 0.0, 0.0, 16.0]",58,0.0,0.0,29.0,41.0,49.0,449.0,0,16,42,58,-0.136,-0.0885,-0.043,-0.028,-0.017,-4.796,6,0.0,0.0,0.0,0.0,0.0,0.0,0,0,6,6,0.011,0.040999999999999995,0.066,0.066,0.066,0.241,201,-55.0,0.0,0.0,0.0,11.0,-3058.0,62,2,137,201,-0.133,-0.038,-0.006,-0.003,-0.001,-7.99,384,-70.0,0.0,0.0,0.0,9.0,-4406.0,95,1,288,384,0.0,0.043,0.07,0.074,0.078,15.882,4032,-70.0,0.0,0.0,0.0,29.0,-35758.0,958,48,3026,4032,-0.133,0.357,0.894,1.023,1.334,1673.434
A_X076_Y104,76,104,64,88,88,120,264.0,140.0,1.0,825,13200,9969,3231,0.24598484848484847,"{""X2Y1"": 800, ""X2Y2"": 25}",True,NOT_PROVEN_WITHOUT_MOVED_FF_CONTROL_SET_REPLAY,NOT_PROVEN_READ_ONLY_SITE_INVENTORY_ONLY,0,FEATURE_BIN_1,16,863B9B0389C1B994C73ED0C57EC56A84FD6D317708E59D47B391DA86E44D3A8E,True,,False,False,U_NEG_UPSTREAM_WORSENING;U_PASS_UPSTREAM_INCREASE;D_NEG_NO_MEDIAN_IMPROVEMENT,,False,False,False,True,"[0.0, 34.0, 14.0, 2.0, 0.0, 0.0, 0.0, 0.0, 16.0]",58,0.0,0.0,34.0,42.0,50.0,394.0,0,14,44,58,-0.136,-0.0885,-0.043,-0.028,-0.017,-4.796,6,0.0,0.0,42.0,42.0,42.0,67.0,0,2,4,6,0.011,0.040999999999999995,0.066,0.066,0.066,0.241,201,-57.0,0.0,0.0,0.0,0.0,-2122.0,48,0,153,201,-0.133,-0.038,-0.006,-0.003,-0.001,-7.99,384,-63.0,0.0,0.0,0.0,0.0,-4793.0,104,0,280,384,0.0,0.043,0.07,0.074,0.078,15.882,4032,-63.0,0.0,0.0,0.0,28.0,-33056.0,942,70,3020,4032,-0.133,0.357,0.894,1.023,1.334,1673.434
A_X076_Y104,76,104,64,88,88,120,264.0,140.0,1.0,825,13200,9969,3231,0.24598484848484847,"{""X2Y1"": 800, ""X2Y2"": 25}",True,NOT_PROVEN_WITHOUT_MOVED_FF_CONTROL_SET_REPLAY,NOT_PROVEN_READ_ONLY_SITE_INVENTORY_ONLY,0,FEATURE_BIN_2,16,18F6AC63D50EACD2B5F6CC669CA58252595A0313B759D7A0EC563D4D8CFF4410,True,,False,False,U_NEG_UPSTREAM_WORSENING;U_PASS_UPSTREAM_INCREASE;D_NEG_NO_MEDIAN_IMPROVEMENT,,False,False,False,True,"[0.0, 15.0, 13.0, 2.0, 0.0, 0.0, 0.0, 0.0, 16.0]",58,-18.0,0.0,15.0,32.0,32.0,222.0,1,13,44,58,-0.136,-0.0885,-0.043,-0.028,-0.017,-4.796,6,0.0,0.0,32.0,32.0,32.0,36.0,0,2,4,6,0.011,0.040999999999999995,0.066,0.066,0.066,0.241,201,-50.0,0.0,0.0,0.0,0.0,-2679.0,57,0,144,201,-0.133,-0.038,-0.006,-0.003,-0.001,-7.99,384,-51.0,0.0,0.0,0.0,0.0,-3773.0,85,0,299,384,0.0,0.043,0.07,0.074,0.078,15.882,4032,-51.0,0.0,0.0,0.0,15.0,-34448.0,969,40,3023,4032,-0.133,0.357,0.894,1.023,1.334,1673.434
A_X076_Y104,76,104,64,88,88,120,264.0,140.0,1.0,825,13200,9969,3231,0.24598484848484847,"{""X2Y1"": 800, ""X2Y2"": 25}",True,NOT_PROVEN_WITHOUT_MOVED_FF_CONTROL_SET_REPLAY,NOT_PROVEN_READ_ONLY_SITE_INVENTORY_ONLY,0,FEATURE_BIN_3,16,6D6B2605916DFCDD525A27838AC825D18C62B807369D6E6322040D77ED73CF54,True,,False,False,U_NEG_UPSTREAM_WORSENING;U_PASS_UPSTREAM_INCREASE;D_NEG_NO_MEDIAN_IMPROVEMENT,,False,False,False,True,"[0.0, 9.0, 10.0, 1.0, 0.0, 0.0, 0.0, 0.0, 16.0]",58,-6.0,0.0,9.0,32.0,32.0,158.0,2,10,46,58,-0.136,-0.0885,-0.043,-0.028,-0.017,-4.796,6,-6.0,0.0,27.0,27.0,27.0,21.0,1,1,4,6,0.011,0.040999999999999995,0.066,0.066,0.066,0.241,201,-45.0,0.0,0.0,0.0,0.0,-1270.0,32,0,169,201,-0.133,-0.038,-0.006,-0.003,-0.001,-7.99,384,-45.0,0.0,0.0,0.0,0.0,-3712.0,99,0,285,384,0.0,0.043,0.07,0.074,0.078,15.882,4032,-45.0,0.0,0.0,0.0,25.0,-28606.0,948,48,3036,4032,-0.133,0.357,0.894,1.023,1.334,1673.434
A_X076_Y108,76,108,64,88,92,124,264.0,136.0,1.0,825,13200,10285,2915,0.22568181818181818,"{""X2Y1"": 700, ""X2Y2"": 125}",True,NOT_PROVEN_WITHOUT_MOVED_FF_CONTROL_SET_REPLAY,NOT_PROVEN_READ_ONLY_SITE_INVENTORY_ONLY,0,ALL_64,64,A49D88051B2D2E5D1255D4F806A7569CDA9B33A650A908566197031349AD8DB4,True,,True,False,U_NEG_UPSTREAM_WORSENING;U_PASS_UPSTREAM_INCREASE,,False,False,True,True,"[16.0, 38.0, 51.0, 4.0, -46.0, -33.0, -44.0, -38.0, 64.0]",58,-22.0,16.0,38.0,42.0,46.0,991.0,6,51,1,58,-0.136,-0.0885,-0.043,-0.028,-0.017,-4.796,6,-10.0,22.0,38.0,38.0,38.0,100.0,1,4,1,6,0.011,0.040999999999999995,0.066,0.066,0.066,0.241,201,-59.0,-46.0,-33.0,-13.0,7.0,-8529.0,199,2,0,201,-0.133,-0.038,-0.006,-0.003,-0.001,-7.99,384,-66.0,-44.0,-20.0,-13.0,5.0,-15442.0,383,1,0,384,0.0,0.043,0.07,0.074,0.078,15.882,4032,-66.0,-38.0,-6.0,-3.0,25.0,-123464.0,3876,144,12,4032,-0.133,0.357,0.894,1.023,1.334,1673.434
A_X076_Y108,76,108,64,88,92,124,264.0,136.0,1.0,825,13200,10285,2915,0.2225,"{""X2Y1"": 700, ""X2Y2"": 125}",True,NOT_PROVEN_WITHOUT_MOVED_FF_CONTROL_SET_REPLAY,NOT_PROVEN_READ_ONLY_SITE_INVENTORY_ONLY,0,DEST_X2Y1_MAJOR,22,EC8295A18CFB3214990035A3C2A8A03B2248BEA56069D816345F1D2C0CC4741A,True,,False,False,U_NEG_UPSTREAM_WORSENING;D_NEG_NO_MEDIAN_IMPROVEMENT,,False,True,False,True,"[0.0, 28.0, 18.0, 0.0, 0.0, 0.0, 0.0, 0.0, 22.0]",58,-22.0,0.0,28.0,37.0,38.0,291.0,3,18,37,58,-0.136,-0.0885,-0.043,-0.028,-0.017,-4.796,6,0.0,0.0,0.0,0.0,0.0,0.0,0,0,6,6,0.011,0.040999999999999995,0.066,0.066,0.066,0.241,201,-51.0,0.0,0.0,0.0,7.0,-2355.0,63,2,136,201,-0.133,-0.038,-0.006,-0.003,-0.001,-7.99,384,-51.0,0.0,0.0,0.0,5.0,-5299.0,141,1,242,384,0.0,0.043,0.07,0.074,0.078,15.882,4032,-51.0,0.0,0.0,0.0,25.0,-41574.0,1322,56,2654,4032,-0.133,0.357,0.894,1.023,1.334,1673.434
A_X076_Y108,76,108,64,88,92,124,264.0,136.0,1.0,825,13200,10285,2915,0.22234848484848485,"{""X2Y1"": 700, ""X2Y2"": 125}",True,NOT_PROVEN_WITHOUT_MOVED_FF_CONTROL_SET_REPLAY,NOT_PROVEN_READ_ONLY_SITE_INVENTORY_ONLY,0,DEST_X3Y1_MAJOR,20,D8DF451BC1C4EF6032E28F4D3065B488CCF48FA9921667AB64B2E0E8D05D4049,True,,True,False,U_NEG_UPSTREAM_WORSENING;U_PASS_UPSTREAM_INCREASE,,False,False,True,True,"[0.0, 25.0, 15.0, 3.0, -43.0, 0.0, 0.0, 0.0, 20.0]",58,0.0,0.0,25.0,30.0,46.0,309.0,0,15,43,58,-0.136,-0.0885,-0.043,-0.028,-0.017,-4.796,6,-10.0,10.5,38.0,38.0,38.0,77.0,1,3,2,6,0.011,0.040999999999999995,0.066,0.066,0.066,0.241,201,-59.0,-43.0,0.0,0.0,0.0,-5722.0,126,0,75,201,-0.133,-0.038,-0.006,-0.003,-0.001,-7.99,384,-59.0,0.0,0.0,0.0,0.0,-7184.0,169,0,215,384,0.0,0.043,0.07,0.074,0.078,15.882,4032,-59.0,0.0,0.0,0.0,24.0,-39000.0,1207,50,2775,4032,-0.133,0.357,0.894,1.023,1.334,1673.434
A_X076_Y108,76,108,64,88,92,124,264.0,136.0,1.0,825,13200,10285,2915,0.2225,"{""X2Y1"": 700, ""X2Y2"": 125}",True,NOT_PROVEN_WITHOUT_MOVED_FF_CONTROL_SET_REPLAY,NOT_PROVEN_READ_ONLY_SITE_INVENTORY_ONLY,0,DEST_MIXED_OR_OTHER,22,62A80A6BF2780309EBB7ACB65499DC33F9E420F49ABAF670FF853CD53D650A7D,True,,False,False,U_NEG_UPSTREAM_WORSENING;U_PASS_UPSTREAM_INCREASE;D_NEG_NO_MEDIAN_IMPROVEMENT,,False,False,False,True,"[0.0, 28.0, 18.0, 1.0, 0.0, 0.0, 0.0, 0.0, 22.0]",58,-8.0,0.0,28.0,37.0,45.0,391.0,3,18,37,58,-0.136,-0.0885,-0.043,-0.028,-0.017,-4.796,6,0.0,0.0,23.0,23.0,23.0,23.0,0,1,5,6,0.011,0.040999999999999995,0.066,0.066,0.066,0.241,201,-50.0,0.0,0.0,0.0,0.0,-452.0,10,0,191,201,-0.133,-0.038,-0.006,-0.003,-0.001,-7.99,384,-66.0,0.0,0.0,0.0,0.0,-2959.0,73,0,311,384,0.0,0.043,0.07,0.074,0.078,15.882,4032,-66.0,0.0,0.0,0.0,22.0,-42890.0,1347,38,2647,4032,-0.133,0.357,0.894,1.023,1.334,1673.434
A_X076_Y108,76,108,64,88,92,124,264.0,136.0,1.0,825,13200,10285,2915,0.22204545454545455,"{""X2Y1"": 700, ""X2Y2"": 125}",True,NOT_PROVEN_WITHOUT_MOVED_FF_CONTROL_SET_REPLAY,NOT_PROVEN_READ_ONLY_SITE_INVENTORY_ONLY,0,FEATURE_BIN_0,16,25AFEB422DB3BDBEF4DCE97A6D1274116E7B27A3B94E395D479DC22D3DE14FFD,True,,False,False,U_NEG_UPSTREAM_WORSENING;D_NEG_NO_MEDIAN_IMPROVEMENT,,False,True,False,True,"[0.0, 25.0, 16.0, 0.0, 0.0, 0.0, 0.0, 0.0, 16.0]",58,0.0,0.0,25.0,37.0,45.0,385.0,0,16,42,58,-0.136,-0.0885,-0.043,-0.028,-0.017,-4.796,6,0.0,0.0,0.0,0.0,0.0,0.0,0,0,6,6,0.011,0.040999999999999995,0.066,0.066,0.066,0.241,201,-51.0,0.0,0.0,0.0,7.0,-2894.0,62,2,137,201,-0.133,-0.038,-0.006,-0.003,-0.001,-7.99,384,-66.0,0.0,0.0,0.0,5.0,-4068.0,95,1,288,384,0.0,0.043,0.07,0.074,0.078,15.882,4032,-66.0,0.0,0.0,0.0,25.0,-33398.0,985,25,3022,4032,-0.133,0.357,0.894,1.023,1.334,1673.434
A_X076_Y108,76,108,64,88,92,124,264.0,136.0,1.0,825,13200,10285,2915,0.22204545454545455,"{""X2Y1"": 700, ""X2Y2"": 125}",True,NOT_PROVEN_WITHOUT_MOVED_FF_CONTROL_SET_REPLAY,NOT_PROVEN_READ_ONLY_SITE_INVENTORY_ONLY,0,FEATURE_BIN_1,16,863B9B0389C1B994C73ED0C57EC56A84FD6D317708E59D47B391DA86E44D3A8E,True,,False,False,U_NEG_UPSTREAM_WORSENING;U_PASS_UPSTREAM_INCREASE;D_NEG_NO_MEDIAN_IMPROVEMENT,,False,False,False,True,"[0.0, 30.0, 14.0, 2.0, 0.0, 0.0, 0.0, 0.0, 16.0]",58,0.0,0.0,30.0,38.0,46.0,338.0,0,14,44,58,-0.136,-0.0885,-0.043,-0.028,-0.017,-4.796,6,0.0,0.0,38.0,38.0,38.0,59.0,0,2,4,6,0.011,0.040999999999999995,0.066,0.066,0.066,0.241,201,-59.0,0.0,0.0,0.0,0.0,-1976.0,48,0,153,201,-0.133,-0.038,-0.006,-0.003,-0.001,-7.99,384,-59.0,0.0,0.0,0.0,0.0,-4507.0,104,0,280,384,0.0,0.043,0.07,0.074,0.078,15.882,4032,-59.0,0.0,0.0,0.0,24.0,-31138.0,963,48,3021,4032,-0.133,0.357,0.894,1.023,1.334,1673.434
A_X076_Y108,76,108,64,88,92,124,264.0,136.0,1.0,825,13200,10285,2915,0.22204545454545455,"{""X2Y1"": 700, ""X2Y2"": 125}",True,NOT_PROVEN_WITHOUT_MOVED_FF_CONTROL_SET_REPLAY,NOT_PROVEN_READ_ONLY_SITE_INVENTORY_ONLY,0,FEATURE_BIN_2,16,18F6AC63D50EACD2B5F6CC669CA58252595A0313B759D7A0EC563D4D8CFF4410,True,,False,False,U_NEG_UPSTREAM_WORSENING;U_PASS_UPSTREAM_INCREASE;D_NEG_NO_MEDIAN_IMPROVEMENT,,False,False,False,True,"[0.0, 11.0, 12.0, 1.0, 0.0, 0.0, 0.0, 0.0, 16.0]",58,-22.0,0.0,11.0,28.0,28.0,166.0,1,12,45,58,-0.136,-0.0885,-0.043,-0.028,-0.017,-4.796,6,0.0,0.0,28.0,28.0,28.0,28.0,0,1,5,6,0.011,0.040999999999999995,0.066,0.066,0.066,0.241,201,-46.0,0.0,0.0,0.0,0.0,-2489.0,57,0,144,201,-0.133,-0.038,-0.006,-0.003,-0.001,-7.99,384,-47.0,0.0,0.0,0.0,0.0,-3489.0,85,0,299,384,0.0,0.043,0.07,0.074,0.078,15.882,4032,-47.0,0.0,0.0,0.0,11.0,-32350.0,980,27,3025,4032,-0.133,0.357,0.894,1.023,1.334,1673.434
A_X076_Y108,76,108,64,88,92,124,264.0,136.0,1.0,825,13200,10285,2915,0.22204545454545455,"{""X2Y1"": 700, ""X2Y2"": 125}",True,NOT_PROVEN_WITHOUT_MOVED_FF_CONTROL_SET_REPLAY,NOT_PROVEN_READ_ONLY_SITE_INVENTORY_ONLY,0,FEATURE_BIN_3,16,6D6B2605916DFCDD525A27838AC825D18C62B807369D6E6322040D77ED73CF54,True,,False,False,U_NEG_UPSTREAM_WORSENING;U_PASS_UPSTREAM_INCREASE;D_NEG_NO_MEDIAN_IMPROVEMENT,,False,False,False,True,"[0.0, 5.0, 9.0, 1.0, 0.0, 0.0, 0.0, 0.0, 16.0]",58,-10.0,0.0,5.0,28.0,28.0,102.0,5,9,44,58,-0.136,-0.0885,-0.043,-0.028,-0.017,-4.796,6,-10.0,0.0,23.0,23.0,23.0,13.0,1,1,4,6,0.011,0.040999999999999995,0.066,0.066,0.066,0.241,201,-41.0,0.0,0.0,0.0,0.0,-1170.0,32,0,169,201,-0.133,-0.038,-0.006,-0.003,-0.001,-7.99,384,-41.0,0.0,0.0,0.0,0.0,-3378.0,99,0,285,384,0.0,0.043,0.07,0.074,0.078,15.882,4032,-41.0,0.0,0.0,0.0,21.0,-26578.0,948,44,3040,4032,-0.133,0.357,0.894,1.023,1.334,1673.434
A_X076_Y112,76,112,64,88,96,128,264.0,132.0,1.0,825,13200,10641,2559,0.1987121212121212,"{""X2Y1"": 600, ""X2Y2"": 225}",True,NOT_PROVEN_WITHOUT_MOVED_FF_CONTROL_SET_REPLAY,NOT_PROVEN_READ_ONLY_SITE_INVENTORY_ONLY,0,ALL_64,64,A49D88051B2D2E5D1255D4F806A7569CDA9B33A650A908566197031349AD8DB4,True,,True,False,U_NEG_UPSTREAM_WORSENING;U_PASS_UPSTREAM_INCREASE,,False,False,True,True,"[12.0, 34.0, 49.0, 4.0, -42.0, -32.0, -40.0, -35.0, 64.0]",58,-26.0,12.0,34.0,38.0,42.0,759.0,8,49,1,58,-0.136,-0.0885,-0.043,-0.028,-0.017,-4.796,6,-14.0,18.0,34.0,34.0,34.0,76.0,2,4,0,6,0.011,0.040999999999999995,0.066,0.066,0.066,0.241,201,-55.0,-42.0,-32.0,-9.0,3.0,-7811.0,199,2,0,201,-0.133,-0.038,-0.006,-0.003,-0.001,-7.99,384,-62.0,-40.0,-16.0,-9.0,1.0,-14042.0,380,4,0,384,0.0,0.043,0.07,0.074,0.078,15.882,4032,-62.0,-35.0,-4.0,0.0,21.0,-111422.0,3822,147,63,4032,-0.133,0.357,0.894,1.023,1.334,1673.434
A_X076_Y112,76,112,64,88,96,128,264.0,132.0,1.0,825,13200,10641,2559,0.19553030303030303,"{""X2Y1"": 600, ""X2Y2"": 225}",True,NOT_PROVEN_WITHOUT_MOVED_FF_CONTROL_SET_REPLAY,NOT_PROVEN_READ_ONLY_SITE_INVENTORY_ONLY,0,DEST_X2Y1_MAJOR,22,EC8295A18CFB3214990035A3C2A8A03B2248BEA56069D816345F1D2C0CC4741A,True,,False,False,U_NEG_UPSTREAM_WORSENING;D_NEG_NO_MEDIAN_IMPROVEMENT,,False,True,False,True,"[0.0, 24.0, 17.0, 0.0, 0.0, 0.0, 0.0, 0.0, 22.0]",58,-26.0,0.0,24.0,33.0,34.0,203.0,4,17,37,58,-0.136,-0.0885,-0.043,-0.028,-0.017,-4.796,6,0.0,0.0,0.0,0.0,0.0,0.0,0,0,6,6,0.011,0.040999999999999995,0.066,0.066,0.066,0.241,201,-47.0,0.0,0.0,0.0,3.0,-2115.0,63,2,136,201,-0.133,-0.038,-0.006,-0.003,-0.001,-7.99,384,-47.0,0.0,0.0,0.0,1.0,-4761.0,141,1,242,384,0.0,0.043,0.07,0.074,0.078,15.882,4032,-47.0,0.0,0.0,0.0,21.0,-37608.0,1339,45,2648,4032,-0.133,0.357,0.894,1.023,1.334,1673.434
A_X076_Y112,76,112,64,88,96,128,264.0,132.0,1.0,825,13200,10641,2559,0.19537878787878787,"{""X2Y1"": 600, ""X2Y2"": 225}",True,NOT_PROVEN_WITHOUT_MOVED_FF_CONTROL_SET_REPLAY,NOT_PROVEN_READ_ONLY_SITE_INVENTORY_ONLY,0,DEST_X3Y1_MAJOR,20,D8DF451BC1C4EF6032E28F4D3065B488CCF48FA9921667AB64B2E0E8D05D4049,True,,True,False,U_NEG_UPSTREAM_WORSENING;U_PASS_UPSTREAM_INCREASE,,False,False,True,True,"[0.0, 21.0, 14.0, 3.0, -39.0, 0.0, 0.0, 0.0, 20.0]",58,-2.0,0.0,21.0,26.0,42.0,249.0,1,14,43,58,-0.136,-0.0885,-0.043,-0.028,-0.017,-4.796,6,-14.0,8.5,34.0,34.0,34.0,57.0,2,3,1,6,0.011,0.040999999999999995,0.066,0.066,0.066,0.241,201,-55.0,-39.0,0.0,0.0,0.0,-5280.0,126,0,75,201,-0.133,-0.038,-0.006,-0.003,-0.001,-7.99,384,-55.0,0.0,0.0,0.0,1.0,-6582.0,166,3,215,384,0.0,0.043,0.07,0.074,0.078,15.882,4032,-55.0,0.0,0.0,0.0,20.0,-35222.0,1168,53,2811,4032,-0.133,0.357,0.894,1.023,1.334,1673.434
A_X076_Y112,76,112,64,88,96,128,264.0,132.0,1.0,825,13200,10641,2559,0.19553030303030303,"{""X2Y1"": 600, ""X2Y2"": 225}",True,NOT_PROVEN_WITHOUT_MOVED_FF_CONTROL_SET_REPLAY,NOT_PROVEN_READ_ONLY_SITE_INVENTORY_ONLY,0,DEST_MIXED_OR_OTHER,22,62A80A6BF2780309EBB7ACB65499DC33F9E420F49ABAF670FF853CD53D650A7D,True,,False,False,U_NEG_UPSTREAM_WORSENING;U_PASS_UPSTREAM_INCREASE;D_NEG_NO_MEDIAN_IMPROVEMENT,,False,False,False,True,"[0.0, 24.0, 18.0, 1.0, 0.0, 0.0, 0.0, 0.0, 22.0]",58,-12.0,0.0,24.0,33.0,41.0,307.0,3,18,37,58,-0.136,-0.0885,-0.043,-0.028,-0.017,-4.796,6,0.0,0.0,19.0,19.0,19.0,19.0,0,1,5,6,0.011,0.040999999999999995,0.066,0.066,0.066,0.241,201,-46.0,0.0,0.0,0.0,0.0,-416.0,10,0,191,201,-0.133,-0.038,-0.006,-0.003,-0.001,-7.99,384,-62.0,0.0,0.0,0.0,0.0,-2699.0,73,0,311,384,0.0,0.043,0.07,0.074,0.078,15.882,4032,-62.0,0.0,0.0,0.0,18.0,-38592.0,1315,49,2668,4032,-0.133,0.357,0.894,1.023,1.334,1673.434
A_X076_Y112,76,112,64,88,96,128,264.0,132.0,1.0,825,13200,10641,2559,0.19507575757575757,"{""X2Y1"": 600, ""X2Y2"": 225}",True,NOT_PROVEN_WITHOUT_MOVED_FF_CONTROL_SET_REPLAY,NOT_PROVEN_READ_ONLY_SITE_INVENTORY_ONLY,0,FEATURE_BIN_0,16,25AFEB422DB3BDBEF4DCE97A6D1274116E7B27A3B94E395D479DC22D3DE14FFD,True,,False,False,U_NEG_UPSTREAM_WORSENING;D_NEG_NO_MEDIAN_IMPROVEMENT,,False,True,False,True,"[0.0, 21.0, 16.0, 0.0, 0.0, 0.0, 0.0, 0.0, 16.0]",58,0.0,0.0,21.0,33.0,41.0,321.0,0,16,42,58,-0.136,-0.0885,-0.043,-0.028,-0.017,-4.796,6,0.0,0.0,0.0,0.0,0.0,0.0,0,0,6,6,0.011,0.040999999999999995,0.066,0.066,0.066,0.241,201,-47.0,0.0,0.0,0.0,3.0,-2670.0,62,2,137,201,-0.133,-0.038,-0.006,-0.003,-0.001,-7.99,384,-62.0,0.0,0.0,0.0,1.0,-3706.0,92,4,288,384,0.0,0.043,0.07,0.074,0.078,15.882,4032,-62.0,0.0,0.0,0.0,21.0,-30112.0,974,38,3020,4032,-0.133,0.357,0.894,1.023,1.334,1673.434
A_X076_Y112,76,112,64,88,96,128,264.0,132.0,1.0,825,13200,10641,2559,0.19507575757575757,"{""X2Y1"": 600, ""X2Y2"": 225}",True,NOT_PROVEN_WITHOUT_MOVED_FF_CONTROL_SET_REPLAY,NOT_PROVEN_READ_ONLY_SITE_INVENTORY_ONLY,0,FEATURE_BIN_1,16,863B9B0389C1B994C73ED0C57EC56A84FD6D317708E59D47B391DA86E44D3A8E,True,,False,False,U_NEG_UPSTREAM_WORSENING;U_PASS_UPSTREAM_INCREASE;D_NEG_NO_MEDIAN_IMPROVEMENT,,False,False,False,True,"[0.0, 26.0, 13.0, 2.0, 0.0, 0.0, 0.0, 0.0, 16.0]",58,-2.0,0.0,26.0,34.0,42.0,282.0,1,13,44,58,-0.136,-0.0885,-0.043,-0.028,-0.017,-4.796,6,0.0,0.0,34.0,34.0,34.0,51.0,0,2,4,6,0.011,0.040999999999999995,0.066,0.066,0.066,0.241,201,-55.0,0.0,0.0,0.0,0.0,-1812.0,48,0,153,201,-0.133,-0.038,-0.006,-0.003,-0.001,-7.99,384,-55.0,0.0,0.0,0.0,0.0,-4173.0,104,0,280,384,0.0,0.043,0.07,0.074,0.078,15.882,4032,-55.0,0.0,0.0,0.0,20.0,-28294.0,894,62,3076,4032,-0.133,0.357,0.894,1.023,1.334,1673.434
A_X076_Y112,76,112,64,88,96,128,264.0,132.0,1.0,825,13200,10641,2559,0.19507575757575757,"{""X2Y1"": 600, ""X2Y2"": 225}",True,NOT_PROVEN_WITHOUT_MOVED_FF_CONTROL_SET_REPLAY,NOT_PROVEN_READ_ONLY_SITE_INVENTORY_ONLY,0,FEATURE_BIN_2,16,18F6AC63D50EACD2B5F6CC669CA58252595A0313B759D7A0EC563D4D8CFF4410,True,,False,False,U_NEG_UPSTREAM_WORSENING;U_PASS_UPSTREAM_INCREASE;D_NEG_NO_MEDIAN_IMPROVEMENT,,False,False,False,True,"[0.0, 7.0, 12.0, 1.0, 0.0, 0.0, 0.0, 0.0, 16.0]",58,-26.0,0.0,7.0,24.0,24.0,110.0,2,12,44,58,-0.136,-0.0885,-0.043,-0.028,-0.017,-4.796,6,-4.0,0.0,24.0,24.0,24.0,20.0,1,1,4,6,0.011,0.040999999999999995,0.066,0.066,0.066,0.241,201,-42.0,0.0,0.0,0.0,0.0,-2263.0,57,0,144,201,-0.133,-0.038,-0.006,-0.003,-0.001,-7.99,384,-43.0,0.0,0.0,0.0,0.0,-3153.0,85,0,299,384,0.0,0.043,0.07,0.074,0.078,15.882,4032,-43.0,0.0,0.0,0.0,7.0,-29304.0,993,15,3024,4032,-0.133,0.357,0.894,1.023,1.334,1673.434
A_X076_Y112,76,112,64,88,96,128,264.0,132.0,1.0,825,13200,10641,2559,0.19507575757575757,"{""X2Y1"": 600, ""X2Y2"": 225}",True,NOT_PROVEN_WITHOUT_MOVED_FF_CONTROL_SET_REPLAY,NOT_PROVEN_READ_ONLY_SITE_INVENTORY_ONLY,0,FEATURE_BIN_3,16,6D6B2605916DFCDD525A27838AC825D18C62B807369D6E6322040D77ED73CF54,True,,False,False,U_NEG_UPSTREAM_WORSENING;U_PASS_UPSTREAM_INCREASE;D_NEG_NO_MEDIAN_IMPROVEMENT,,False,False,False,True,"[0.0, 1.0, 8.0, 1.0, 0.0, 0.0, 0.0, 0.0, 16.0]",58,-14.0,0.0,1.0,24.0,24.0,46.0,5,8,45,58,-0.136,-0.0885,-0.043,-0.028,-0.017,-4.796,6,-14.0,0.0,19.0,19.0,19.0,5.0,1,1,4,6,0.011,0.040999999999999995,0.066,0.066,0.066,0.241,201,-37.0,0.0,0.0,0.0,0.0,-1066.0,32,0,169,201,-0.133,-0.038,-0.006,-0.003,-0.001,-7.99,384,-37.0,0.0,0.0,0.0,0.0,-3010.0,99,0,285,384,0.0,0.043,0.07,0.074,0.078,15.882,4032,-37.0,0.0,0.0,0.0,17.0,-23712.0,961,32,3039,4032,-0.133,0.357,0.894,1.023,1.334,1673.434
A_X076_Y116,76,116,64,88,100,132,264.0,128.0,1.0,825,13200,10813,2387,0.18568181818181817,"{""X2Y1"": 500, ""X2Y2"": 325}",True,NOT_PROVEN_WITHOUT_MOVED_FF_CONTROL_SET_REPLAY,NOT_PROVEN_READ_ONLY_SITE_INVENTORY_ONLY,0,ALL_64,64,A49D88051B2D2E5D1255D4F806A7569CDA9B33A650A908566197031349AD8DB4,True,,True,False,U_NEG_UPSTREAM_WORSENING;U_PASS_UPSTREAM_INCREASE,,False,False,True,True,"[8.0, 30.0, 40.0, 4.0, -38.0, -28.0, -36.0, -31.0, 64.0]",58,-30.0,8.0,30.0,34.0,38.0,527.0,17,40,1,58,-0.136,-0.0885,-0.043,-0.028,-0.017,-4.796,6,-18.0,14.0,30.0,30.0,30.0,52.0,2,4,0,6,0.011,0.040999999999999995,0.066,0.066,0.066,0.241,201,-51.0,-38.0,-28.0,-5.0,-1.0,-7029.0,201,0,0,201,-0.133,-0.038,-0.006,-0.003,-0.001,-7.99,384,-58.0,-36.0,-12.0,-5.0,5.0,-12520.0,377,4,3,384,0.0,0.043,0.07,0.074,0.078,15.882,4032,-58.0,-31.0,-1.0,2.0,17.0,-96658.0,3642,290,100,4032,-0.133,0.357,0.894,1.023,1.334,1673.434
A_X076_Y116,76,116,64,88,100,132,264.0,128.0,1.0,825,13200,10813,2387,0.1825,"{""X2Y1"": 500, ""X2Y2"": 325}",True,NOT_PROVEN_WITHOUT_MOVED_FF_CONTROL_SET_REPLAY,NOT_PROVEN_READ_ONLY_SITE_INVENTORY_ONLY,0,DEST_X2Y1_MAJOR,22,EC8295A18CFB3214990035A3C2A8A03B2248BEA56069D816345F1D2C0CC4741A,True,,False,False,U_NEG_UPSTREAM_WORSENING;D_NEG_NO_MEDIAN_IMPROVEMENT,,False,True,False,True,"[0.0, 20.0, 11.0, 0.0, 0.0, 0.0, 0.0, 0.0, 22.0]",58,-30.0,0.0,20.0,29.0,30.0,115.0,11,11,36,58,-0.136,-0.0885,-0.043,-0.028,-0.017,-4.796,6,0.0,0.0,0.0,0.0,0.0,0.0,0,0,6,6,0.011,0.040999999999999995,0.066,0.066,0.066,0.241,201,-43.0,0.0,0.0,0.0,0.0,-1871.0,65,0,136,201,-0.133,-0.038,-0.006,-0.003,-0.001,-7.99,384,-43.0,0.0,0.0,0.0,0.0,-4201.0,142,0,242,384,0.0,0.043,0.07,0.074,0.078,15.882,4032,-43.0,0.0,0.0,0.0,17.0,-32686.0,1335,47,2650,4032,-0.133,0.357,0.894,1.023,1.334,1673.434
A_X076_Y116,76,116,64,88,100,132,264.0,128.0,1.0,825,13200,10813,2387,0.18234848484848484,"{""X2Y1"": 500, ""X2Y2"": 325}",True,NOT_PROVEN_WITHOUT_MOVED_FF_CONTROL_SET_REPLAY,NOT_PROVEN_READ_ONLY_SITE_INVENTORY_ONLY,0,DEST_X3Y1_MAJOR,20,D8DF451BC1C4EF6032E28F4D3065B488CCF48FA9921667AB64B2E0E8D05D4049,True,,True,False,U_NEG_UPSTREAM_WORSENING;U_PASS_UPSTREAM_INCREASE,,False,False,True,True,"[0.0, 17.0, 12.0, 3.0, -35.0, 0.0, 0.0, 0.0, 20.0]",58,-6.0,0.0,17.0,22.0,38.0,189.0,3,12,43,58,-0.136,-0.0885,-0.043,-0.028,-0.017,-4.796,6,-18.0,6.5,30.0,30.0,30.0,37.0,2,3,1,6,0.011,0.040999999999999995,0.066,0.066,0.066,0.241,201,-51.0,-35.0,0.0,0.0,0.0,-4782.0,126,0,75,201,-0.133,-0.038,-0.006,-0.003,-0.001,-7.99,384,-51.0,0.0,0.0,0.0,5.0,-5912.0,166,3,215,384,0.0,0.043,0.07,0.074,0.078,15.882,4032,-51.0,0.0,0.0,0.0,16.0,-30626.0,1141,116,2775,4032,-0.133,0.357,0.894,1.023,1.334,1673.434
A_X076_Y116,76,116,64,88,100,132,264.0,128.0,1.0,825,13200,10813,2387,0.1825,"{""X2Y1"": 500, ""X2Y2"": 325}",True,NOT_PROVEN_WITHOUT_MOVED_FF_CONTROL_SET_REPLAY,NOT_PROVEN_READ_ONLY_SITE_INVENTORY_ONLY,0,DEST_MIXED_OR_OTHER,22,62A80A6BF2780309EBB7ACB65499DC33F9E420F49ABAF670FF853CD53D650A7D,True,,False,False,U_NEG_UPSTREAM_WORSENING;U_PASS_UPSTREAM_INCREASE;D_NEG_NO_MEDIAN_IMPROVEMENT,,False,False,False,True,"[0.0, 20.0, 17.0, 1.0, 0.0, 0.0, 0.0, 0.0, 22.0]",58,-16.0,0.0,20.0,29.0,37.0,223.0,3,17,38,58,-0.136,-0.0885,-0.043,-0.028,-0.017,-4.796,6,0.0,0.0,15.0,15.0,15.0,15.0,0,1,5,6,0.011,0.040999999999999995,0.066,0.066,0.066,0.241,201,-42.0,0.0,0.0,0.0,0.0,-376.0,10,0,191,201,-0.133,-0.038,-0.006,-0.003,-0.001,-7.99,384,-58.0,0.0,0.0,0.0,2.0,-2407.0,69,1,314,384,0.0,0.043,0.07,0.074,0.078,15.882,4032,-58.0,0.0,0.0,0.0,14.0,-33346.0,1166,127,2739,4032,-0.133,0.357,0.894,1.023,1.334,1673.434
A_X076_Y116,76,116,64,88,100,132,264.0,128.0,1.0,825,13200,10813,2387,0.18204545454545454,"{""X2Y1"": 500, ""X2Y2"": 325}",True,NOT_PROVEN_WITHOUT_MOVED_FF_CONTROL_SET_REPLAY,NOT_PROVEN_READ_ONLY_SITE_INVENTORY_ONLY,0,FEATURE_BIN_0,16,25AFEB422DB3BDBEF4DCE97A6D1274116E7B27A3B94E395D479DC22D3DE14FFD,True,,False,False,U_NEG_UPSTREAM_WORSENING;D_NEG_NO_MEDIAN_IMPROVEMENT,,False,True,False,True,"[0.0, 17.0, 16.0, 0.0, 0.0, 0.0, 0.0, 0.0, 16.0]",58,0.0,0.0,17.0,29.0,37.0,257.0,0,16,42,58,-0.136,-0.0885,-0.043,-0.028,-0.017,-4.796,6,0.0,0.0,0.0,0.0,0.0,0.0,0,0,6,6,0.011,0.040999999999999995,0.066,0.066,0.066,0.241,201,-43.0,0.0,0.0,0.0,0.0,-2430.0,64,0,137,201,-0.133,-0.038,-0.006,-0.003,-0.001,-7.99,384,-58.0,0.0,0.0,0.0,5.0,-3330.0,90,4,290,384,0.0,0.043,0.07,0.074,0.078,15.882,4032,-58.0,0.0,0.0,0.0,17.0,-26242.0,836,131,3065,4032,-0.133,0.357,0.894,1.023,1.334,1673.434
A_X076_Y116,76,116,64,88,100,132,264.0,128.0,1.0,825,13200,10813,2387,0.18204545454545454,"{""X2Y1"": 500, ""X2Y2"": 325}",True,NOT_PROVEN_WITHOUT_MOVED_FF_CONTROL_SET_REPLAY,NOT_PROVEN_READ_ONLY_SITE_INVENTORY_ONLY,0,FEATURE_BIN_1,16,863B9B0389C1B994C73ED0C57EC56A84FD6D317708E59D47B391DA86E44D3A8E,True,,False,False,U_NEG_UPSTREAM_WORSENING;U_PASS_UPSTREAM_INCREASE;D_NEG_NO_MEDIAN_IMPROVEMENT,,False,False,False,True,"[0.0, 22.0, 12.0, 2.0, 0.0, 0.0, 0.0, 0.0, 16.0]",58,-6.0,0.0,22.0,30.0,38.0,226.0,2,12,44,58,-0.136,-0.0885,-0.043,-0.028,-0.017,-4.796,6,0.0,0.0,30.0,30.0,30.0,43.0,0,2,4,6,0.011,0.040999999999999995,0.066,0.066,0.066,0.241,201,-51.0,0.0,0.0,0.0,0.0,-1624.0,48,0,153,201,-0.133,-0.038,-0.006,-0.003,-0.001,-7.99,384,-51.0,0.0,0.0,0.0,0.0,-3761.0,104,0,280,384,0.0,0.043,0.07,0.074,0.078,15.882,4032,-51.0,0.0,0.0,0.0,16.0,-24636.0,880,129,3023,4032,-0.133,0.357,0.894,1.023,1.334,1673.434
A_X076_Y116,76,116,64,88,100,132,264.0,128.0,1.0,825,13200,10813,2387,0.18204545454545454,"{""X2Y1"": 500, ""X2Y2"": 325}",True,NOT_PROVEN_WITHOUT_MOVED_FF_CONTROL_SET_REPLAY,NOT_PROVEN_READ_ONLY_SITE_INVENTORY_ONLY,0,FEATURE_BIN_2,16,18F6AC63D50EACD2B5F6CC669CA58252595A0313B759D7A0EC563D4D8CFF4410,True,,False,False,U_NEG_UPSTREAM_WORSENING;U_PASS_UPSTREAM_INCREASE;D_NEG_NO_MEDIAN_IMPROVEMENT,,False,False,False,True,"[0.0, 3.0, 8.0, 1.0, 0.0, 0.0, 0.0, 0.0, 16.0]",58,-30.0,0.0,3.0,20.0,20.0,54.0,5,8,45,58,-0.136,-0.0885,-0.043,-0.028,-0.017,-4.796,6,-8.0,0.0,20.0,20.0,20.0,12.0,1,1,4,6,0.011,0.040999999999999995,0.066,0.066,0.066,0.241,201,-38.0,0.0,0.0,0.0,0.0,-2035.0,57,0,144,201,-0.133,-0.038,-0.006,-0.003,-0.001,-7.99,384,-39.0,0.0,0.0,0.0,0.0,-2813.0,84,0,300,384,0.0,0.043,0.07,0.074,0.078,15.882,4032,-39.0,0.0,0.0,0.0,3.0,-25642.0,954,6,3072,4032,-0.133,0.357,0.894,1.023,1.334,1673.434
A_X076_Y116,76,116,64,88,100,132,264.0,128.0,1.0,825,13200,10813,2387,0.18204545454545454,"{""X2Y1"": 500, ""X2Y2"": 325}",True,NOT_PROVEN_WITHOUT_MOVED_FF_CONTROL_SET_REPLAY,NOT_PROVEN_READ_ONLY_SITE_INVENTORY_ONLY,0,FEATURE_BIN_3,16,6D6B2605916DFCDD525A27838AC825D18C62B807369D6E6322040D77ED73CF54,True,,True,False,U_NEG_UPSTREAM_WORSENING;U_PASS_UPSTREAM_INCREASE;D_NEG_NO_MEDIAN_IMPROVEMENT,,False,False,False,True,"[0.0, 0.0, 4.0, 1.0, 0.0, 0.0, 0.0, 0.0, 16.0]",58,-18.0,0.0,0.0,20.0,20.0,-10.0,10,4,44,58,-0.136,-0.0885,-0.043,-0.028,-0.017,-4.796,6,-18.0,0.0,15.0,15.0,15.0,-3.0,1,1,4,6,0.011,0.040999999999999995,0.066,0.066,0.066,0.241,201,-33.0,0.0,0.0,0.0,0.0,-940.0,32,0,169,201,-0.133,-0.038,-0.006,-0.003,-0.001,-7.99,384,-33.0,0.0,0.0,0.0,0.0,-2616.0,99,0,285,384,0.0,0.043,0.07,0.074,0.078,15.882,4032,-33.0,0.0,0.0,0.0,13.0,-20138.0,972,24,3036,4032,-0.133,0.357,0.894,1.023,1.334,1673.434
A_X080_Y076,80,76,68,92,60,92,276.0,169.0,1.0,825,13200,9740,3460,0.26696969696969697,"{""X2Y1"": 726, ""X3Y1"": 99}",True,NOT_PROVEN_WITHOUT_MOVED_FF_CONTROL_SET_REPLAY,NOT_PROVEN_READ_ONLY_SITE_INVENTORY_ONLY,64,ALL_64,64,A49D88051B2D2E5D1255D4F806A7569CDA9B33A650A908566197031349AD8DB4,True,,False,False,U_NEG_UPSTREAM_WORSENING;U_PASS_UPSTREAM_INCREASE,,False,False,True,True,"[61.0, 83.0, 58.0, 6.0, -62.0, -22.0, -58.0, -31.0, 64.0]",58,23.0,61.0,83.0,87.0,91.0,3601.0,0,58,0,58,-0.136,-0.0885,-0.043,-0.028,-0.017,-4.796,6,35.0,67.0,83.0,83.0,83.0,370.0,0,6,0,6,0.011,0.040999999999999995,0.066,0.066,0.066,0.241,201,-96.0,-62.0,-22.0,-8.0,52.0,-11504.0,194,7,0,201,-0.133,-0.038,-0.006,-0.003,-0.001,-7.99,384,-96.0,-58.0,-16.0,-5.0,50.0,-20692.0,368,16,0,384,0.0,0.043,0.07,0.074,0.078,15.882,4032,-105.0,-31.0,33.0,42.0,70.0,-109828.0,2872,1130,30,4032,-0.133,0.357,0.894,1.023,1.334,1673.434
A_X080_Y076,80,76,68,92,60,92,276.0,169.0,1.0,825,13200,9740,3460,0.2637878787878788,"{""X2Y1"": 726, ""X3Y1"": 99}",True,NOT_PROVEN_WITHOUT_MOVED_FF_CONTROL_SET_REPLAY,NOT_PROVEN_READ_ONLY_SITE_INVENTORY_ONLY,22,DEST_X2Y1_MAJOR,22,EC8295A18CFB3214990035A3C2A8A03B2248BEA56069D816345F1D2C0CC4741A,True,,False,False,U_NEG_UPSTREAM_WORSENING;D_NEG_NO_MEDIAN_IMPROVEMENT,,False,True,False,True,"[0.0, 73.0, 22.0, 0.0, 0.0, 0.0, 0.0, 0.0, 22.0]",58,0.0,0.0,73.0,82.0,83.0,1281.0,0,22,36,58,-0.136,-0.0885,-0.043,-0.028,-0.017,-4.796,6,0.0,0.0,0.0,0.0,0.0,0.0,0,0,6,6,0.011,0.040999999999999995,0.066,0.066,0.066,0.241,201,-94.0,0.0,0.0,0.0,52.0,-3574.0,59,6,136,201,-0.133,-0.038,-0.006,-0.003,-0.001,-7.99,384,-92.0,0.0,0.0,0.0,50.0,-7079.0,132,10,242,384,0.0,0.043,0.07,0.074,0.078,15.882,4032,-94.0,0.0,0.0,26.0,70.0,-36794.0,987,381,2664,4032,-0.133,0.357,0.894,1.023,1.334,1673.434
A_X080_Y076,80,76,68,92,60,92,276.0,169.0,1.0,825,13200,9740,3460,0.2636363636363636,"{""X2Y1"": 726, ""X3Y1"": 99}",True,NOT_PROVEN_WITHOUT_MOVED_FF_CONTROL_SET_REPLAY,NOT_PROVEN_READ_ONLY_SITE_INVENTORY_ONLY,20,DEST_X3Y1_MAJOR,20,D8DF451BC1C4EF6032E28F4D3065B488CCF48FA9921667AB64B2E0E8D05D4049,True,,False,False,U_NEG_UPSTREAM_WORSENING;U_PASS_UPSTREAM_INCREASE,,False,False,True,True,"[0.0, 70.0, 15.0, 5.0, -35.0, 0.0, 0.0, 0.0, 20.0]",58,0.0,0.0,70.0,75.0,91.0,984.0,0,15,43,58,-0.136,-0.0885,-0.043,-0.028,-0.017,-4.796,6,0.0,55.5,83.0,83.0,83.0,302.0,0,5,1,6,0.011,0.040999999999999995,0.066,0.066,0.066,0.241,201,-96.0,-35.0,0.0,0.0,7.0,-7370.0,125,1,75,201,-0.133,-0.038,-0.006,-0.003,-0.001,-7.99,384,-96.0,0.0,0.0,0.0,11.0,-9441.0,166,3,215,384,0.0,0.043,0.07,0.074,0.078,15.882,4032,-98.0,0.0,0.0,19.0,69.0,-34720.0,896,357,2779,4032,-0.133,0.357,0.894,1.023,1.334,1673.434
A_X080_Y076,80,76,68,92,60,92,276.0,169.0,1.0,825,13200,9740,3460,0.2637878787878788,"{""X2Y1"": 726, ""X3Y1"": 99}",True,NOT_PROVEN_WITHOUT_MOVED_FF_CONTROL_SET_REPLAY,NOT_PROVEN_READ_ONLY_SITE_INVENTORY_ONLY,22,DEST_MIXED_OR_OTHER,22,62A80A6BF2780309EBB7ACB65499DC33F9E420F49ABAF670FF853CD53D650A7D,True,,False,False,U_NEG_UPSTREAM_WORSENING;U_PASS_UPSTREAM_INCREASE;D_NEG_NO_MEDIAN_IMPROVEMENT,,False,False,False,True,"[0.0, 73.0, 21.0, 1.0, 0.0, 0.0, 0.0, 0.0, 22.0]",58,0.0,0.0,73.0,82.0,90.0,1336.0,0,21,37,58,-0.136,-0.0885,-0.043,-0.028,-0.017,-4.796,6,0.0,0.0,68.0,68.0,68.0,68.0,0,1,5,6,0.011,0.040999999999999995,0.066,0.066,0.066,0.241,201,-88.0,0.0,0.0,0.0,0.0,-560.0,10,0,191,201,-0.133,-0.038,-0.006,-0.003,-0.001,-7.99,384,-93.0,0.0,0.0,0.0,17.0,-4172.0,70,3,311,384,0.0,0.043,0.07,0.074,0.078,15.882,4032,-105.0,0.0,0.0,24.0,67.0,-38314.0,989,392,2651,4032,-0.133,0.357,0.894,1.023,1.334,1673.434
A_X080_Y076,80,76,68,92,60,92,276.0,169.0,1.0,825,13200,9740,3460,0.2633333333333333,"{""X2Y1"": 726, ""X3Y1"": 99}",True,NOT_PROVEN_WITHOUT_MOVED_FF_CONTROL_SET_REPLAY,NOT_PROVEN_READ_ONLY_SITE_INVENTORY_ONLY,16,FEATURE_BIN_0,16,25AFEB422DB3BDBEF4DCE97A6D1274116E7B27A3B94E395D479DC22D3DE14FFD,True,,False,False,U_NEG_UPSTREAM_WORSENING;D_NEG_NO_MEDIAN_IMPROVEMENT,,False,True,False,True,"[0.0, 70.0, 16.0, 0.0, 0.0, 0.0, 0.0, 0.0, 16.0]",58,0.0,0.0,70.0,82.0,90.0,1105.0,0,16,42,58,-0.136,-0.0885,-0.043,-0.028,-0.017,-4.796,6,0.0,0.0,0.0,0.0,0.0,0.0,0,0,6,6,0.011,0.040999999999999995,0.066,0.066,0.066,0.241,201,-96.0,0.0,0.0,0.0,52.0,-3506.0,60,4,137,201,-0.133,-0.038,-0.006,-0.003,-0.001,-7.99,384,-96.0,0.0,0.0,0.0,50.0,-5636.0,91,5,288,384,0.0,0.043,0.07,0.074,0.078,15.882,4032,-105.0,0.0,0.0,11.0,70.0,-30908.0,738,268,3026,4032,-0.133,0.357,0.894,1.023,1.334,1673.434
A_X080_Y076,80,76,68,92,60,92,276.0,169.0,1.0,825,13200,9740,3460,0.2633333333333333,"{""X2Y1"": 726, ""X3Y1"": 99}",True,NOT_PROVEN_WITHOUT_MOVED_FF_CONTROL_SET_REPLAY,NOT_PROVEN_READ_ONLY_SITE_INVENTORY_ONLY,16,FEATURE_BIN_1,16,863B9B0389C1B994C73ED0C57EC56A84FD6D317708E59D47B391DA86E44D3A8E,True,,False,False,U_NEG_UPSTREAM_WORSENING;U_PASS_UPSTREAM_INCREASE;D_NEG_NO_MEDIAN_IMPROVEMENT,,False,False,False,True,"[0.0, 75.0, 14.0, 2.0, 0.0, 0.0, 0.0, 0.0, 16.0]",58,0.0,0.0,75.0,83.0,91.0,968.0,0,14,44,58,-0.136,-0.0885,-0.043,-0.028,-0.017,-4.796,6,0.0,0.0,83.0,83.0,83.0,149.0,0,2,4,6,0.011,0.040999999999999995,0.066,0.066,0.066,0.241,201,-94.0,0.0,0.0,0.0,15.0,-2902.0,47,1,153,201,-0.133,-0.038,-0.006,-0.003,-0.001,-7.99,384,-96.0,0.0,0.0,0.0,16.0,-5555.0,98,6,280,384,0.0,0.043,0.07,0.074,0.078,15.882,4032,-100.0,0.0,0.0,16.0,69.0,-27468.0,699,302,3031,4032,-0.133,0.357,0.894,1.023,1.334,1673.434
A_X080_Y076,80,76,68,92,60,92,276.0,169.0,1.0,825,13200,9740,3460,0.2633333333333333,"{""X2Y1"": 726, ""X3Y1"": 99}",True,NOT_PROVEN_WITHOUT_MOVED_FF_CONTROL_SET_REPLAY,NOT_PROVEN_READ_ONLY_SITE_INVENTORY_ONLY,16,FEATURE_BIN_2,16,18F6AC63D50EACD2B5F6CC669CA58252595A0313B759D7A0EC563D4D8CFF4410,True,,False,False,U_NEG_UPSTREAM_WORSENING;U_PASS_UPSTREAM_INCREASE;D_NEG_NO_MEDIAN_IMPROVEMENT,,False,False,False,True,"[0.0, 56.0, 14.0, 2.0, 0.0, 0.0, 0.0, 0.0, 16.0]",58,0.0,0.0,56.0,73.0,73.0,796.0,0,14,44,58,-0.136,-0.0885,-0.043,-0.028,-0.017,-4.796,6,0.0,0.0,73.0,73.0,73.0,118.0,0,2,4,6,0.011,0.040999999999999995,0.066,0.066,0.066,0.241,201,-91.0,0.0,0.0,0.0,7.0,-3356.0,56,1,144,201,-0.133,-0.038,-0.006,-0.003,-0.001,-7.99,384,-91.0,0.0,0.0,0.0,11.0,-4726.0,81,4,299,384,0.0,0.043,0.07,0.074,0.078,15.882,4032,-92.0,0.0,0.0,10.0,56.0,-28560.0,731,276,3025,4032,-0.133,0.357,0.894,1.023,1.334,1673.434
A_X080_Y076,80,76,68,92,60,92,276.0,169.0,1.0,825,13200,9740,3460,0.2633333333333333,"{""X2Y1"": 726, ""X3Y1"": 99}",True,NOT_PROVEN_WITHOUT_MOVED_FF_CONTROL_SET_REPLAY,NOT_PROVEN_READ_ONLY_SITE_INVENTORY_ONLY,16,FEATURE_BIN_3,16,6D6B2605916DFCDD525A27838AC825D18C62B807369D6E6322040D77ED73CF54,True,,False,False,U_NEG_UPSTREAM_WORSENING;U_PASS_UPSTREAM_INCREASE;D_NEG_NO_MEDIAN_IMPROVEMENT,,False,False,False,True,"[0.0, 50.0, 14.0, 2.0, 0.0, 0.0, 0.0, 0.0, 16.0]",58,0.0,0.0,50.0,73.0,73.0,732.0,0,14,44,58,-0.136,-0.0885,-0.043,-0.028,-0.017,-4.796,6,0.0,0.0,68.0,68.0,68.0,103.0,0,2,4,6,0.011,0.040999999999999995,0.066,0.066,0.066,0.241,201,-86.0,0.0,0.0,0.0,1.0,-1740.0,31,1,169,201,-0.133,-0.038,-0.006,-0.003,-0.001,-7.99,384,-86.0,0.0,0.0,0.0,11.0,-4775.0,98,1,285,384,0.0,0.043,0.07,0.074,0.078,15.882,4032,-86.0,0.0,0.0,10.0,66.0,-22892.0,704,284,3044,4032,-0.133,0.357,0.894,1.023,1.334,1673.434
A_X080_Y080,80,80,68,92,64,96,276.0,165.0,1.0,825,13200,9355,3845,0.29613636363636364,"{""X2Y1"": 726, ""X3Y1"": 99}",True,NOT_PROVEN_WITHOUT_MOVED_FF_CONTROL_SET_REPLAY,NOT_PROVEN_READ_ONLY_SITE_INVENTORY_ONLY,64,ALL_64,64,A49D88051B2D2E5D1255D4F806A7569CDA9B33A650A908566197031349AD8DB4,True,,False,False,U_NEG_UPSTREAM_WORSENING;U_PASS_UPSTREAM_INCREASE,,False,False,True,True,"[57.0, 79.0, 58.0, 6.0, -64.0, -26.0, -61.0, -32.0, 64.0]",58,19.0,57.0,79.0,83.0,87.0,3369.0,0,58,0,58,-0.136,-0.0885,-0.043,-0.028,-0.017,-4.796,6,31.0,63.0,79.0,79.0,79.0,346.0,0,6,0,6,0.011,0.040999999999999995,0.066,0.066,0.066,0.241,201,-92.0,-64.0,-26.0,-12.0,48.0,-11992.0,195,6,0,201,-0.133,-0.038,-0.006,-0.003,-0.001,-7.99,384,-92.0,-61.0,-20.0,-9.0,46.0,-21498.0,372,11,1,384,0.0,0.043,0.07,0.074,0.078,15.882,4032,-107.0,-32.0,29.0,38.0,66.0,-121140.0,2988,1012,32,4032,-0.133,0.357,0.894,1.023,1.334,1673.434
A_X080_Y080,80,80,68,92,64,96,276.0,165.0,1.0,825,13200,9355,3845,0.29295454545454547,"{""X2Y1"": 726, ""X3Y1"": 99}",True,NOT_PROVEN_WITHOUT_MOVED_FF_CONTROL_SET_REPLAY,NOT_PROVEN_READ_ONLY_SITE_INVENTORY_ONLY,22,DEST_X2Y1_MAJOR,22,EC8295A18CFB3214990035A3C2A8A03B2248BEA56069D816345F1D2C0CC4741A,True,,False,False,U_NEG_UPSTREAM_WORSENING;D_NEG_NO_MEDIAN_IMPROVEMENT,,False,True,False,True,"[0.0, 69.0, 22.0, 0.0, 0.0, 0.0, 0.0, 0.0, 22.0]",58,0.0,0.0,69.0,78.0,79.0,1193.0,0,22,36,58,-0.136,-0.0885,-0.043,-0.028,-0.017,-4.796,6,0.0,0.0,0.0,0.0,0.0,0.0,0,0,6,6,0.011,0.040999999999999995,0.066,0.066,0.066,0.241,201,-92.0,0.0,0.0,0.0,48.0,-3682.0,60,5,136,201,-0.133,-0.038,-0.006,-0.003,-0.001,-7.99,384,-89.0,0.0,0.0,0.0,46.0,-7399.0,135,6,243,384,0.0,0.043,0.07,0.074,0.078,15.882,4032,-92.0,0.0,0.0,22.0,66.0,-40750.0,1040,334,2658,4032,-0.133,0.357,0.894,1.023,1.334,1673.434
A_X080_Y080,80,80,68,92,64,96,276.0,165.0,1.0,825,13200,9355,3845,0.2928030303030303,"{""X2Y1"": 726, ""X3Y1"": 99}",True,NOT_PROVEN_WITHOUT_MOVED_FF_CONTROL_SET_REPLAY,NOT_PROVEN_READ_ONLY_SITE_INVENTORY_ONLY,20,DEST_X3Y1_MAJOR,20,D8DF451BC1C4EF6032E28F4D3065B488CCF48FA9921667AB64B2E0E8D05D4049,True,,False,False,U_NEG_UPSTREAM_WORSENING;U_PASS_UPSTREAM_INCREASE,,False,False,True,True,"[0.0, 66.0, 15.0, 5.0, -39.0, 0.0, 0.0, 0.0, 20.0]",58,0.0,0.0,66.0,71.0,87.0,924.0,0,15,43,58,-0.136,-0.0885,-0.043,-0.028,-0.017,-4.796,6,0.0,51.5,79.0,79.0,79.0,282.0,0,5,1,6,0.011,0.040999999999999995,0.066,0.066,0.066,0.241,201,-92.0,-39.0,0.0,0.0,3.0,-7726.0,125,1,75,201,-0.133,-0.038,-0.006,-0.003,-0.001,-7.99,384,-92.0,0.0,0.0,0.0,7.0,-9833.0,166,3,215,384,0.0,0.043,0.07,0.074,0.078,15.882,4032,-100.0,0.0,0.0,15.0,65.0,-38246.0,920,328,2784,4032,-0.133,0.357,0.894,1.023,1.334,1673.434
A_X080_Y080,80,80,68,92,64,96,276.0,165.0,1.0,825,13200,9355,3845,0.29295454545454547,"{""X2Y1"": 726, ""X3Y1"": 99}",True,NOT_PROVEN_WITHOUT_MOVED_FF_CONTROL_SET_REPLAY,NOT_PROVEN_READ_ONLY_SITE_INVENTORY_ONLY,22,DEST_MIXED_OR_OTHER,22,62A80A6BF2780309EBB7ACB65499DC33F9E420F49ABAF670FF853CD53D650A7D,True,,False,False,U_NEG_UPSTREAM_WORSENING;U_PASS_UPSTREAM_INCREASE;D_NEG_NO_MEDIAN_IMPROVEMENT,,False,False,False,True,"[0.0, 69.0, 21.0, 1.0, 0.0, 0.0, 0.0, 0.0, 22.0]",58,0.0,0.0,69.0,78.0,86.0,1252.0,0,21,37,58,-0.136,-0.0885,-0.043,-0.028,-0.017,-4.796,6,0.0,0.0,64.0,64.0,64.0,64.0,0,1,5,6,0.011,0.040999999999999995,0.066,0.066,0.066,0.241,201,-85.0,0.0,0.0,0.0,0.0,-584.0,10,0,191,201,-0.133,-0.038,-0.006,-0.003,-0.001,-7.99,384,-91.0,0.0,0.0,0.0,13.0,-4266.0,71,2,311,384,0.0,0.043,0.07,0.074,0.078,15.882,4032,-107.0,0.0,0.0,20.0,63.0,-42144.0,1028,350,2654,4032,-0.133,0.357,0.894,1.023,1.334,1673.434
A_X080_Y080,80,80,68,92,64,96,276.0,165.0,1.0,825,13200,9355,3845,0.2925,"{""X2Y1"": 726, ""X3Y1"": 99}",True,NOT_PROVEN_WITHOUT_MOVED_FF_CONTROL_SET_REPLAY,NOT_PROVEN_READ_ONLY_SITE_INVENTORY_ONLY,16,FEATURE_BIN_0,16,25AFEB422DB3BDBEF4DCE97A6D1274116E7B27A3B94E395D479DC22D3DE14FFD,True,,False,False,U_NEG_UPSTREAM_WORSENING;D_NEG_NO_MEDIAN_IMPROVEMENT,,False,True,False,True,"[0.0, 66.0, 16.0, 0.0, 0.0, 0.0, 0.0, 0.0, 16.0]",58,0.0,0.0,66.0,78.0,86.0,1041.0,0,16,42,58,-0.136,-0.0885,-0.043,-0.028,-0.017,-4.796,6,0.0,0.0,0.0,0.0,0.0,0.0,0,0,6,6,0.011,0.040999999999999995,0.066,0.066,0.066,0.241,201,-92.0,0.0,0.0,0.0,48.0,-3702.0,60,4,137,201,-0.133,-0.038,-0.006,-0.003,-0.001,-7.99,384,-92.0,0.0,0.0,0.0,46.0,-5810.0,92,3,289,384,0.0,0.043,0.07,0.074,0.078,15.882,4032,-107.0,0.0,0.0,7.0,66.0,-33782.0,756,247,3029,4032,-0.133,0.357,0.894,1.023,1.334,1673.434
A_X080_Y080,80,80,68,92,64,96,276.0,165.0,1.0,825,13200,9355,3845,0.2925,"{""X2Y1"": 726, ""X3Y1"": 99}",True,NOT_PROVEN_WITHOUT_MOVED_FF_CONTROL_SET_REPLAY,NOT_PROVEN_READ_ONLY_SITE_INVENTORY_ONLY,16,FEATURE_BIN_1,16,863B9B0389C1B994C73ED0C57EC56A84FD6D317708E59D47B391DA86E44D3A8E,True,,False,False,U_NEG_UPSTREAM_WORSENING;U_PASS_UPSTREAM_INCREASE;D_NEG_NO_MEDIAN_IMPROVEMENT,,False,False,False,True,"[0.0, 71.0, 14.0, 2.0, 0.0, 0.0, 0.0, 0.0, 16.0]",58,0.0,0.0,71.0,79.0,87.0,912.0,0,14,44,58,-0.136,-0.0885,-0.043,-0.028,-0.017,-4.796,6,0.0,0.0,79.0,79.0,79.0,141.0,0,2,4,6,0.011,0.040999999999999995,0.066,0.066,0.066,0.241,201,-90.0,0.0,0.0,0.0,11.0,-2950.0,47,1,153,201,-0.133,-0.038,-0.006,-0.003,-0.001,-7.99,384,-92.0,0.0,0.0,0.0,12.0,-5781.0,99,5,280,384,0.0,0.043,0.07,0.074,0.078,15.882,4032,-100.0,0.0,0.0,12.0,65.0,-30208.0,718,283,3031,4032,-0.133,0.357,0.894,1.023,1.334,1673.434
A_X080_Y080,80,80,68,92,64,96,276.0,165.0,1.0,825,13200,9355,3845,0.2925,"{""X2Y1"": 726, ""X3Y1"": 99}",True,NOT_PROVEN_WITHOUT_MOVED_FF_CONTROL_SET_REPLAY,NOT_PROVEN_READ_ONLY_SITE_INVENTORY_ONLY,16,FEATURE_BIN_2,16,18F6AC63D50EACD2B5F6CC669CA58252595A0313B759D7A0EC563D4D8CFF4410,True,,False,False,U_NEG_UPSTREAM_WORSENING;U_PASS_UPSTREAM_INCREASE;D_NEG_NO_MEDIAN_IMPROVEMENT,,False,False,False,True,"[0.0, 52.0, 14.0, 2.0, 0.0, 0.0, 0.0, 0.0, 16.0]",58,0.0,0.0,52.0,69.0,69.0,740.0,0,14,44,58,-0.136,-0.0885,-0.043,-0.028,-0.017,-4.796,6,0.0,0.0,69.0,69.0,69.0,110.0,0,2,4,6,0.011,0.040999999999999995,0.066,0.066,0.066,0.241,201,-87.0,0.0,0.0,0.0,3.0,-3532.0,56,1,144,201,-0.133,-0.038,-0.006,-0.003,-0.001,-7.99,384,-87.0,0.0,0.0,0.0,7.0,-4940.0,83,2,299,384,0.0,0.043,0.07,0.074,0.078,15.882,4032,-88.0,0.0,0.0,6.0,52.0,-31572.0,770,235,3027,4032,-0.133,0.357,0.894,1.023,1.334,1673.434
A_X080_Y080,80,80,68,92,64,96,276.0,165.0,1.0,825,13200,9355,3845,0.2925,"{""X2Y1"": 726, ""X3Y1"": 99}",True,NOT_PROVEN_WITHOUT_MOVED_FF_CONTROL_SET_REPLAY,NOT_PROVEN_READ_ONLY_SITE_INVENTORY_ONLY,16,FEATURE_BIN_3,16,6D6B2605916DFCDD525A27838AC825D18C62B807369D6E6322040D77ED73CF54,True,,False,False,U_NEG_UPSTREAM_WORSENING;U_PASS_UPSTREAM_INCREASE;D_NEG_NO_MEDIAN_IMPROVEMENT,,False,False,False,True,"[0.0, 46.0, 14.0, 2.0, 0.0, 0.0, 0.0, 0.0, 16.0]",58,0.0,0.0,46.0,69.0,69.0,676.0,0,14,44,58,-0.136,-0.0885,-0.043,-0.028,-0.017,-4.796,6,0.0,0.0,64.0,64.0,64.0,95.0,0,2,4,6,0.011,0.040999999999999995,0.066,0.066,0.066,0.241,201,-82.0,0.0,0.0,0.0,0.0,-1808.0,32,0,169,201,-0.133,-0.038,-0.006,-0.003,-0.001,-7.99,384,-82.0,0.0,0.0,0.0,7.0,-4967.0,98,1,285,384,0.0,0.043,0.07,0.074,0.078,15.882,4032,-82.0,0.0,0.0,6.0,62.0,-25578.0,744,247,3041,4032,-0.133,0.357,0.894,1.023,1.334,1673.434
A_X080_Y084,80,84,68,92,68,100,276.0,161.0,1.0,825,13200,8964,4236,0.32575757575757575,"{""X2Y1"": 726, ""X3Y1"": 99}",True,NOT_PROVEN_WITHOUT_MOVED_FF_CONTROL_SET_REPLAY,NOT_PROVEN_READ_ONLY_SITE_INVENTORY_ONLY,64,ALL_64,64,A49D88051B2D2E5D1255D4F806A7569CDA9B33A650A908566197031349AD8DB4,True,,False,False,U_NEG_UPSTREAM_WORSENING;U_PASS_UPSTREAM_INCREASE,,False,False,True,True,"[53.0, 75.0, 58.0, 6.0, -68.0, -26.0, -63.0, -33.0, 64.0]",58,15.0,53.0,75.0,79.0,83.0,3137.0,0,58,0,58,-0.136,-0.0885,-0.043,-0.028,-0.017,-4.796,6,27.0,59.0,75.0,75.0,75.0,322.0,0,6,0,6,0.011,0.040999999999999995,0.066,0.066,0.066,0.241,201,-88.0,-68.0,-26.0,-16.0,44.0,-12226.0,198,3,0,201,-0.133,-0.038,-0.006,-0.003,-0.001,-7.99,384,-95.0,-63.0,-22.0,-13.0,42.0,-21898.0,376,6,2,384,0.0,0.043,0.07,0.074,0.078,15.882,4032,-103.0,-33.0,25.0,34.0,62.0,-129490.0,3115,893,24,4032,-0.133,0.357,0.894,1.023,1.334,1673.434
A_X080_Y084,80,84,68,92,68,100,276.0,161.0,1.0,825,13200,8964,4236,0.32257575757575757,"{""X2Y1"": 726, ""X3Y1"": 99}",True,NOT_PROVEN_WITHOUT_MOVED_FF_CONTROL_SET_REPLAY,NOT_PROVEN_READ_ONLY_SITE_INVENTORY_ONLY,22,DEST_X2Y1_MAJOR,22,EC8295A18CFB3214990035A3C2A8A03B2248BEA56069D816345F1D2C0CC4741A,True,,False,False,U_NEG_UPSTREAM_WORSENING;D_NEG_NO_MEDIAN_IMPROVEMENT,,False,True,False,True,"[0.0, 65.0, 22.0, 0.0, 0.0, 0.0, 0.0, 0.0, 22.0]",58,0.0,0.0,65.0,74.0,75.0,1105.0,0,22,36,58,-0.136,-0.0885,-0.043,-0.028,-0.017,-4.796,6,0.0,0.0,0.0,0.0,0.0,0.0,0,0,6,6,0.011,0.040999999999999995,0.066,0.066,0.066,0.241,201,-88.0,0.0,0.0,0.0,44.0,-3652.0,62,3,136,201,-0.133,-0.038,-0.006,-0.003,-0.001,-7.99,384,-86.0,0.0,0.0,0.0,42.0,-7523.0,138,2,244,384,0.0,0.043,0.07,0.074,0.078,15.882,4032,-88.0,0.0,0.0,18.0,62.0,-43610.0,1085,290,2657,4032,-0.133,0.357,0.894,1.023,1.334,1673.434
A_X080_Y084,80,84,68,92,68,100,276.0,161.0,1.0,825,13200,8964,4236,0.32242424242424245,"{""X2Y1"": 726, ""X3Y1"": 99}",True,NOT_PROVEN_WITHOUT_MOVED_FF_CONTROL_SET_REPLAY,NOT_PROVEN_READ_ONLY_SITE_INVENTORY_ONLY,20,DEST_X3Y1_MAJOR,20,D8DF451BC1C4EF6032E28F4D3065B488CCF48FA9921667AB64B2E0E8D05D4049,True,,False,False,U_NEG_UPSTREAM_WORSENING;U_PASS_UPSTREAM_INCREASE,,False,False,True,True,"[0.0, 62.0, 15.0, 5.0, -43.0, 0.0, 0.0, 0.0, 20.0]",58,0.0,0.0,62.0,67.0,83.0,864.0,0,15,43,58,-0.136,-0.0885,-0.043,-0.028,-0.017,-4.796,6,0.0,47.5,75.0,75.0,75.0,262.0,0,5,1,6,0.011,0.040999999999999995,0.066,0.066,0.066,0.241,201,-88.0,-43.0,0.0,0.0,0.0,-7968.0,126,0,75,201,-0.133,-0.038,-0.006,-0.003,-0.001,-7.99,384,-88.0,0.0,0.0,0.0,3.0,-10077.0,167,2,215,384,0.0,0.043,0.07,0.074,0.078,15.882,4032,-96.0,0.0,0.0,11.0,61.0,-40842.0,962,291,2779,4032,-0.133,0.357,0.894,1.023,1.334,1673.434
A_X080_Y084,80,84,68,92,68,100,276.0,161.0,1.0,825,13200,8964,4236,0.32257575757575757,"{""X2Y1"": 726, ""X3Y1"": 99}",True,NOT_PROVEN_WITHOUT_MOVED_FF_CONTROL_SET_REPLAY,NOT_PROVEN_READ_ONLY_SITE_INVENTORY_ONLY,22,DEST_MIXED_OR_OTHER,22,62A80A6BF2780309EBB7ACB65499DC33F9E420F49ABAF670FF853CD53D650A7D,True,,False,False,U_NEG_UPSTREAM_WORSENING;U_PASS_UPSTREAM_INCREASE;D_NEG_NO_MEDIAN_IMPROVEMENT,,False,False,False,True,"[0.0, 65.0, 21.0, 1.0, 0.0, 0.0, 0.0, 0.0, 22.0]",58,0.0,0.0,65.0,74.0,82.0,1168.0,0,21,37,58,-0.136,-0.0885,-0.043,-0.028,-0.017,-4.796,6,0.0,0.0,60.0,60.0,60.0,60.0,0,1,5,6,0.011,0.040999999999999995,0.066,0.066,0.066,0.241,201,-87.0,0.0,0.0,0.0,0.0,-606.0,10,0,191,201,-0.133,-0.038,-0.006,-0.003,-0.001,-7.99,384,-95.0,0.0,0.0,0.0,9.0,-4298.0,71,2,311,384,0.0,0.043,0.07,0.074,0.078,15.882,4032,-103.0,0.0,0.0,16.0,59.0,-45038.0,1068,312,2652,4032,-0.133,0.357,0.894,1.023,1.334,1673.434
A_X080_Y084,80,84,68,92,68,100,276.0,161.0,1.0,825,13200,8964,4236,0.32212121212121214,"{""X2Y1"": 726, ""X3Y1"": 99}",True,NOT_PROVEN_WITHOUT_MOVED_FF_CONTROL_SET_REPLAY,NOT_PROVEN_READ_ONLY_SITE_INVENTORY_ONLY,16,FEATURE_BIN_0,16,25AFEB422DB3BDBEF4DCE97A6D1274116E7B27A3B94E395D479DC22D3DE14FFD,True,,False,False,U_NEG_UPSTREAM_WORSENING;D_NEG_NO_MEDIAN_IMPROVEMENT,,False,True,False,True,"[0.0, 62.0, 16.0, 0.0, 0.0, 0.0, 0.0, 0.0, 16.0]",58,0.0,0.0,62.0,74.0,82.0,977.0,0,16,42,58,-0.136,-0.0885,-0.043,-0.028,-0.017,-4.796,6,0.0,0.0,0.0,0.0,0.0,0.0,0,0,6,6,0.011,0.040999999999999995,0.066,0.066,0.066,0.241,201,-88.0,0.0,0.0,0.0,44.0,-3836.0,62,2,137,201,-0.133,-0.038,-0.006,-0.003,-0.001,-7.99,384,-95.0,0.0,0.0,0.0,42.0,-5922.0,93,2,289,384,0.0,0.043,0.07,0.074,0.078,15.882,4032,-103.0,0.0,0.0,3.0,62.0,-35906.0,779,223,3030,4032,-0.133,0.357,0.894,1.023,1.334,1673.434
A_X080_Y084,80,84,68,92,68,100,276.0,161.0,1.0,825,13200,8964,4236,0.32212121212121214,"{""X2Y1"": 726, ""X3Y1"": 99}",True,NOT_PROVEN_WITHOUT_MOVED_FF_CONTROL_SET_REPLAY,NOT_PROVEN_READ_ONLY_SITE_INVENTORY_ONLY,16,FEATURE_BIN_1,16,863B9B0389C1B994C73ED0C57EC56A84FD6D317708E59D47B391DA86E44D3A8E,True,,False,False,U_NEG_UPSTREAM_WORSENING;U_PASS_UPSTREAM_INCREASE;D_NEG_NO_MEDIAN_IMPROVEMENT,,False,False,False,True,"[0.0, 67.0, 14.0, 2.0, 0.0, 0.0, 0.0, 0.0, 16.0]",58,0.0,0.0,67.0,75.0,83.0,856.0,0,14,44,58,-0.136,-0.0885,-0.043,-0.028,-0.017,-4.796,6,0.0,0.0,75.0,75.0,75.0,133.0,0,2,4,6,0.011,0.040999999999999995,0.066,0.066,0.066,0.241,201,-86.0,0.0,0.0,0.0,7.0,-2944.0,47,1,153,201,-0.133,-0.038,-0.006,-0.003,-0.001,-7.99,384,-88.0,0.0,0.0,0.0,8.0,-5891.0,101,2,281,384,0.0,0.043,0.07,0.074,0.078,15.882,4032,-96.0,0.0,0.0,8.0,61.0,-32174.0,761,244,3027,4032,-0.133,0.357,0.894,1.023,1.334,1673.434
A_X080_Y084,80,84,68,92,68,100,276.0,161.0,1.0,825,13200,8964,4236,0.32212121212121214,"{""X2Y1"": 726, ""X3Y1"": 99}",True,NOT_PROVEN_WITHOUT_MOVED_FF_CONTROL_SET_REPLAY,NOT_PROVEN_READ_ONLY_SITE_INVENTORY_ONLY,16,FEATURE_BIN_2,16,18F6AC63D50EACD2B5F6CC669CA58252595A0313B759D7A0EC563D4D8CFF4410,True,,False,False,U_NEG_UPSTREAM_WORSENING;U_PASS_UPSTREAM_INCREASE;D_NEG_NO_MEDIAN_IMPROVEMENT,,False,False,False,True,"[0.0, 48.0, 14.0, 2.0, 0.0, 0.0, 0.0, 0.0, 16.0]",58,0.0,0.0,48.0,65.0,65.0,684.0,0,14,44,58,-0.136,-0.0885,-0.043,-0.028,-0.017,-4.796,6,0.0,0.0,65.0,65.0,65.0,102.0,0,2,4,6,0.011,0.040999999999999995,0.066,0.066,0.066,0.241,201,-83.0,0.0,0.0,0.0,0.0,-3638.0,57,0,144,201,-0.133,-0.038,-0.006,-0.003,-0.001,-7.99,384,-83.0,0.0,0.0,0.0,3.0,-5040.0,84,1,299,384,0.0,0.043,0.07,0.074,0.078,15.882,4032,-84.0,0.0,0.0,2.0,48.0,-33734.0,798,214,3020,4032,-0.133,0.357,0.894,1.023,1.334,1673.434
A_X080_Y084,80,84,68,92,68,100,276.0,161.0,1.0,825,13200,8964,4236,0.32212121212121214,"{""X2Y1"": 726, ""X3Y1"": 99}",True,NOT_PROVEN_WITHOUT_MOVED_FF_CONTROL_SET_REPLAY,NOT_PROVEN_READ_ONLY_SITE_INVENTORY_ONLY,16,FEATURE_BIN_3,16,6D6B2605916DFCDD525A27838AC825D18C62B807369D6E6322040D77ED73CF54,True,,False,False,U_NEG_UPSTREAM_WORSENING;U_PASS_UPSTREAM_INCREASE;D_NEG_NO_MEDIAN_IMPROVEMENT,,False,False,False,True,"[0.0, 42.0, 14.0, 2.0, 0.0, 0.0, 0.0, 0.0, 16.0]",58,0.0,0.0,42.0,65.0,65.0,620.0,0,14,44,58,-0.136,-0.0885,-0.043,-0.028,-0.017,-4.796,6,0.0,0.0,60.0,60.0,60.0,87.0,0,2,4,6,0.011,0.040999999999999995,0.066,0.066,0.066,0.241,201,-78.0,0.0,0.0,0.0,0.0,-1808.0,32,0,169,201,-0.133,-0.038,-0.006,-0.003,-0.001,-7.99,384,-78.0,0.0,0.0,0.0,3.0,-5045.0,98,1,285,384,0.0,0.043,0.07,0.074,0.078,15.882,4032,-78.0,0.0,0.0,2.0,58.0,-27676.0,777,212,3043,4032,-0.133,0.357,0.894,1.023,1.334,1673.434
A_X080_Y088,80,88,68,92,72,104,276.0,157.0,1.0,825,13200,8728,4472,0.34363636363636363,"{""X2Y1"": 726, ""X3Y1"": 99}",True,NOT_PROVEN_WITHOUT_MOVED_FF_CONTROL_SET_REPLAY,NOT_PROVEN_READ_ONLY_SITE_INVENTORY_ONLY,64,ALL_64,64,A49D88051B2D2E5D1255D4F806A7569CDA9B33A650A908566197031349AD8DB4,True,,True,False,U_NEG_UPSTREAM_WORSENING;U_PASS_UPSTREAM_INCREASE,,False,False,True,True,"[49.0, 71.0, 58.0, 6.0, -69.0, -30.0, -63.0, -35.0, 64.0]",58,11.0,49.0,71.0,75.0,79.0,2905.0,0,58,0,58,-0.136,-0.0885,-0.043,-0.028,-0.017,-4.796,6,23.0,55.0,71.0,71.0,71.0,298.0,0,6,0,6,0.011,0.040999999999999995,0.066,0.066,0.066,0.241,201,-84.0,-69.0,-30.0,-20.0,40.0,-12302.0,198,3,0,201,-0.133,-0.038,-0.006,-0.003,-0.001,-7.99,384,-99.0,-63.0,-22.0,-15.0,38.0,-22056.0,381,3,0,384,0.0,0.043,0.07,0.074,0.078,15.882,4032,-99.0,-35.0,21.0,30.0,58.0,-135714.0,3237,780,15,4032,-0.133,0.357,0.894,1.023,1.334,1673.434
A_X080_Y088,80,88,68,92,72,104,276.0,157.0,1.0,825,13200,8728,4472,0.34045454545454545,"{""X2Y1"": 726, ""X3Y1"": 99}",True,NOT_PROVEN_WITHOUT_MOVED_FF_CONTROL_SET_REPLAY,NOT_PROVEN_READ_ONLY_SITE_INVENTORY_ONLY,22,DEST_X2Y1_MAJOR,22,EC8295A18CFB3214990035A3C2A8A03B2248BEA56069D816345F1D2C0CC4741A,True,,False,False,U_NEG_UPSTREAM_WORSENING;D_NEG_NO_MEDIAN_IMPROVEMENT,,False,True,False,True,"[0.0, 61.0, 22.0, 0.0, 0.0, 0.0, 0.0, 0.0, 22.0]",58,0.0,0.0,61.0,70.0,71.0,1017.0,0,22,36,58,-0.136,-0.0885,-0.043,-0.028,-0.017,-4.796,6,0.0,0.0,0.0,0.0,0.0,0.0,0,0,6,6,0.011,0.040999999999999995,0.066,0.066,0.066,0.241,201,-84.0,0.0,0.0,0.0,40.0,-3576.0,62,3,136,201,-0.133,-0.038,-0.006,-0.003,-0.001,-7.99,384,-84.0,0.0,0.0,0.0,38.0,-7575.0,140,2,242,384,0.0,0.043,0.07,0.074,0.078,15.882,4032,-84.0,0.0,0.0,14.0,58.0,-45654.0,1115,259,2658,4032,-0.133,0.357,0.894,1.023,1.334,1673.434
A_X080_Y088,80,88,68,92,72,104,276.0,157.0,1.0,825,13200,8728,4472,0.34030303030303033,"{""X2Y1"": 726, ""X3Y1"": 99}",True,NOT_PROVEN_WITHOUT_MOVED_FF_CONTROL_SET_REPLAY,NOT_PROVEN_READ_ONLY_SITE_INVENTORY_ONLY,20,DEST_X3Y1_MAJOR,20,D8DF451BC1C4EF6032E28F4D3065B488CCF48FA9921667AB64B2E0E8D05D4049,True,,False,False,U_NEG_UPSTREAM_WORSENING;U_PASS_UPSTREAM_INCREASE,,False,False,True,True,"[0.0, 58.0, 15.0, 5.0, -47.0, 0.0, 0.0, 0.0, 20.0]",58,0.0,0.0,58.0,63.0,79.0,804.0,0,15,43,58,-0.136,-0.0885,-0.043,-0.028,-0.017,-4.796,6,0.0,43.5,71.0,71.0,71.0,242.0,0,5,1,6,0.011,0.040999999999999995,0.066,0.066,0.066,0.241,201,-84.0,-47.0,0.0,0.0,0.0,-8106.0,126,0,75,201,-0.133,-0.038,-0.006,-0.003,-0.001,-7.99,384,-92.0,0.0,0.0,0.0,0.0,-10195.0,169,0,215,384,0.0,0.043,0.07,0.074,0.078,15.882,4032,-92.0,0.0,0.0,7.0,57.0,-42796.0,1005,251,2776,4032,-0.133,0.357,0.894,1.023,1.334,1673.434
A_X080_Y088,80,88,68,92,72,104,276.0,157.0,1.0,825,13200,8728,4472,0.34045454545454545,"{""X2Y1"": 726, ""X3Y1"": 99}",True,NOT_PROVEN_WITHOUT_MOVED_FF_CONTROL_SET_REPLAY,NOT_PROVEN_READ_ONLY_SITE_INVENTORY_ONLY,22,DEST_MIXED_OR_OTHER,22,62A80A6BF2780309EBB7ACB65499DC33F9E420F49ABAF670FF853CD53D650A7D,True,,False,False,U_NEG_UPSTREAM_WORSENING;U_PASS_UPSTREAM_INCREASE;D_NEG_NO_MEDIAN_IMPROVEMENT,,False,False,False,True,"[0.0, 61.0, 21.0, 1.0, 0.0, 0.0, 0.0, 0.0, 22.0]",58,0.0,0.0,61.0,70.0,78.0,1084.0,0,21,37,58,-0.136,-0.0885,-0.043,-0.028,-0.017,-4.796,6,0.0,0.0,56.0,56.0,56.0,56.0,0,1,5,6,0.011,0.040999999999999995,0.066,0.066,0.066,0.241,201,-83.0,0.0,0.0,0.0,0.0,-620.0,10,0,191,201,-0.133,-0.038,-0.006,-0.003,-0.001,-7.99,384,-99.0,0.0,0.0,0.0,5.0,-4286.0,72,1,311,384,0.0,0.043,0.07,0.074,0.078,15.882,4032,-99.0,0.0,0.0,12.0,55.0,-47264.0,1117,270,2645,4032,-0.133,0.357,0.894,1.023,1.334,1673.434
A_X080_Y088,80,88,68,92,72,104,276.0,157.0,1.0,825,13200,8728,4472,0.34,"{""X2Y1"": 726, ""X3Y1"": 99}",True,NOT_PROVEN_WITHOUT_MOVED_FF_CONTROL_SET_REPLAY,NOT_PROVEN_READ_ONLY_SITE_INVENTORY_ONLY,16,FEATURE_BIN_0,16,25AFEB422DB3BDBEF4DCE97A6D1274116E7B27A3B94E395D479DC22D3DE14FFD,True,,False,False,U_NEG_UPSTREAM_WORSENING;D_NEG_NO_MEDIAN_IMPROVEMENT,,False,True,False,True,"[0.0, 58.0, 16.0, 0.0, 0.0, 0.0, 0.0, 0.0, 16.0]",58,0.0,0.0,58.0,70.0,78.0,913.0,0,16,42,58,-0.136,-0.0885,-0.043,-0.028,-0.017,-4.796,6,0.0,0.0,0.0,0.0,0.0,0.0,0,0,6,6,0.011,0.040999999999999995,0.066,0.066,0.066,0.241,201,-84.0,0.0,0.0,0.0,40.0,-3918.0,62,2,137,201,-0.133,-0.038,-0.006,-0.003,-0.001,-7.99,384,-99.0,0.0,0.0,0.0,38.0,-5944.0,94,2,288,384,0.0,0.043,0.07,0.074,0.078,15.882,4032,-99.0,0.0,0.0,0.0,58.0,-37456.0,815,189,3028,4032,-0.133,0.357,0.894,1.023,1.334,1673.434
A_X080_Y088,80,88,68,92,72,104,276.0,157.0,1.0,825,13200,8728,4472,0.34,"{""X2Y1"": 726, ""X3Y1"": 99}",True,NOT_PROVEN_WITHOUT_MOVED_FF_CONTROL_SET_REPLAY,NOT_PROVEN_READ_ONLY_SITE_INVENTORY_ONLY,16,FEATURE_BIN_1,16,863B9B0389C1B994C73ED0C57EC56A84FD6D317708E59D47B391DA86E44D3A8E,True,,False,False,U_NEG_UPSTREAM_WORSENING;U_PASS_UPSTREAM_INCREASE;D_NEG_NO_MEDIAN_IMPROVEMENT,,False,False,False,True,"[0.0, 63.0, 14.0, 2.0, 0.0, 0.0, 0.0, 0.0, 16.0]",58,0.0,0.0,63.0,71.0,79.0,800.0,0,14,44,58,-0.136,-0.0885,-0.043,-0.028,-0.017,-4.796,6,0.0,0.0,71.0,71.0,71.0,125.0,0,2,4,6,0.011,0.040999999999999995,0.066,0.066,0.066,0.241,201,-82.0,0.0,0.0,0.0,3.0,-2914.0,47,1,153,201,-0.133,-0.038,-0.006,-0.003,-0.001,-7.99,384,-92.0,0.0,0.0,0.0,4.0,-5981.0,103,1,280,384,0.0,0.043,0.07,0.074,0.078,15.882,4032,-92.0,0.0,0.0,4.0,57.0,-33650.0,794,216,3022,4032,-0.133,0.357,0.894,1.023,1.334,1673.434
A_X080_Y088,80,88,68,92,72,104,276.0,157.0,1.0,825,13200,8728,4472,0.34,"{""X2Y1"": 726, ""X3Y1"": 99}",True,NOT_PROVEN_WITHOUT_MOVED_FF_CONTROL_SET_REPLAY,NOT_PROVEN_READ_ONLY_SITE_INVENTORY_ONLY,16,FEATURE_BIN_2,16,18F6AC63D50EACD2B5F6CC669CA58252595A0313B759D7A0EC563D4D8CFF4410,True,,False,False,U_NEG_UPSTREAM_WORSENING;U_PASS_UPSTREAM_INCREASE;D_NEG_NO_MEDIAN_IMPROVEMENT,,False,False,False,True,"[0.0, 44.0, 14.0, 2.0, 0.0, 0.0, 0.0, 0.0, 16.0]",58,0.0,0.0,44.0,61.0,61.0,628.0,0,14,44,58,-0.136,-0.0885,-0.043,-0.028,-0.017,-4.796,6,0.0,0.0,61.0,61.0,61.0,94.0,0,2,4,6,0.011,0.040999999999999995,0.066,0.066,0.066,0.241,201,-79.0,0.0,0.0,0.0,0.0,-3680.0,57,0,144,201,-0.133,-0.038,-0.006,-0.003,-0.001,-7.99,384,-79.0,0.0,0.0,0.0,0.0,-5052.0,85,0,299,384,0.0,0.043,0.07,0.074,0.078,15.882,4032,-80.0,0.0,0.0,0.0,44.0,-35278.0,822,188,3022,4032,-0.133,0.357,0.894,1.023,1.334,1673.434
A_X080_Y088,80,88,68,92,72,104,276.0,157.0,1.0,825,13200,8728,4472,0.34,"{""X2Y1"": 726, ""X3Y1"": 99}",True,NOT_PROVEN_WITHOUT_MOVED_FF_CONTROL_SET_REPLAY,NOT_PROVEN_READ_ONLY_SITE_INVENTORY_ONLY,16,FEATURE_BIN_3,16,6D6B2605916DFCDD525A27838AC825D18C62B807369D6E6322040D77ED73CF54,True,,False,False,U_NEG_UPSTREAM_WORSENING;U_PASS_UPSTREAM_INCREASE;D_NEG_NO_MEDIAN_IMPROVEMENT,,False,False,False,True,"[0.0, 38.0, 14.0, 2.0, 0.0, 0.0, 0.0, 0.0, 16.0]",58,0.0,0.0,38.0,61.0,61.0,564.0,0,14,44,58,-0.136,-0.0885,-0.043,-0.028,-0.017,-4.796,6,0.0,0.0,56.0,56.0,56.0,79.0,0,2,4,6,0.011,0.040999999999999995,0.066,0.066,0.066,0.241,201,-74.0,0.0,0.0,0.0,0.0,-1790.0,32,0,169,201,-0.133,-0.038,-0.006,-0.003,-0.001,-7.99,384,-74.0,0.0,0.0,0.0,0.0,-5079.0,99,0,285,384,0.0,0.043,0.07,0.074,0.078,15.882,4032,-74.0,0.0,0.0,0.0,54.0,-29330.0,806,187,3039,4032,-0.133,0.357,0.894,1.023,1.334,1673.434
A_X080_Y092,80,92,68,92,76,108,276.0,152.0,1.0,825,13200,8670,4530,0.348030303030303,"{""X2Y1"": 726, ""X3Y1"": 99}",True,NOT_PROVEN_WITHOUT_MOVED_FF_CONTROL_SET_REPLAY,NOT_PROVEN_READ_ONLY_SITE_INVENTORY_ONLY,64,ALL_64,64,A49D88051B2D2E5D1255D4F806A7569CDA9B33A650A908566197031349AD8DB4,True,,True,False,U_NEG_UPSTREAM_WORSENING;U_PASS_UPSTREAM_INCREASE,,False,False,True,True,"[44.0, 66.0, 58.0, 6.0, -67.0, -27.0, -64.0, -39.0, 64.0]",58,6.0,44.0,66.0,70.0,74.0,2615.0,0,58,0,58,-0.136,-0.0885,-0.043,-0.028,-0.017,-4.796,6,18.0,50.0,66.0,66.0,66.0,268.0,0,6,0,6,0.011,0.040999999999999995,0.066,0.066,0.066,0.241,201,-79.0,-67.0,-27.0,-15.0,35.0,-12149.0,199,2,0,201,-0.133,-0.038,-0.006,-0.003,-0.001,-7.99,384,-94.0,-64.0,-17.0,-14.0,33.0,-21718.0,382,1,1,384,0.0,0.043,0.07,0.074,0.078,15.882,4032,-94.0,-39.0,16.0,25.0,53.0,-140582.0,3329,689,14,4032,-0.133,0.357,0.894,1.023,1.334,1673.434
A_X080_Y092,80,92,68,92,76,108,276.0,152.0,1.0,825,13200,8670,4530,0.34484848484848485,"{""X2Y1"": 726, ""X3Y1"": 99}",True,NOT_PROVEN_WITHOUT_MOVED_FF_CONTROL_SET_REPLAY,NOT_PROVEN_READ_ONLY_SITE_INVENTORY_ONLY,22,DEST_X2Y1_MAJOR,22,EC8295A18CFB3214990035A3C2A8A03B2248BEA56069D816345F1D2C0CC4741A,True,,False,False,U_NEG_UPSTREAM_WORSENING;D_NEG_NO_MEDIAN_IMPROVEMENT,,False,True,False,True,"[0.0, 56.0, 22.0, 0.0, 0.0, 0.0, 0.0, 0.0, 22.0]",58,0.0,0.0,56.0,65.0,66.0,907.0,0,22,36,58,-0.136,-0.0885,-0.043,-0.028,-0.017,-4.796,6,0.0,0.0,0.0,0.0,0.0,0.0,0,0,6,6,0.011,0.040999999999999995,0.066,0.066,0.066,0.241,201,-79.0,0.0,0.0,0.0,35.0,-3423.0,63,2,136,201,-0.133,-0.038,-0.006,-0.003,-0.001,-7.99,384,-79.0,0.0,0.0,0.0,33.0,-7399.0,141,1,242,384,0.0,0.043,0.07,0.074,0.078,15.882,4032,-79.0,0.0,0.0,9.0,53.0,-47210.0,1139,242,2651,4032,-0.133,0.357,0.894,1.023,1.334,1673.434
A_X080_Y092,80,92,68,92,76,108,276.0,152.0,1.0,825,13200,8670,4530,0.3446969696969697,"{""X2Y1"": 726, ""X3Y1"": 99}",True,NOT_PROVEN_WITHOUT_MOVED_FF_CONTROL_SET_REPLAY,NOT_PROVEN_READ_ONLY_SITE_INVENTORY_ONLY,20,DEST_X3Y1_MAJOR,20,D8DF451BC1C4EF6032E28F4D3065B488CCF48FA9921667AB64B2E0E8D05D4049,True,,False,False,U_NEG_UPSTREAM_WORSENING;U_PASS_UPSTREAM_INCREASE,,False,False,True,True,"[0.0, 53.0, 15.0, 5.0, -52.0, 0.0, 0.0, 0.0, 20.0]",58,0.0,0.0,53.0,58.0,74.0,729.0,0,15,43,58,-0.136,-0.0885,-0.043,-0.028,-0.017,-4.796,6,0.0,38.5,66.0,66.0,66.0,217.0,0,5,1,6,0.011,0.040999999999999995,0.066,0.066,0.066,0.241,201,-79.0,-52.0,0.0,0.0,0.0,-8096.0,126,0,75,201,-0.133,-0.038,-0.006,-0.003,-0.001,-7.99,384,-87.0,0.0,0.0,0.0,0.0,-10144.0,169,0,215,384,0.0,0.043,0.07,0.074,0.078,15.882,4032,-87.0,0.0,0.0,2.0,52.0,-44340.0,1047,208,2777,4032,-0.133,0.357,0.894,1.023,1.334,1673.434
A_X080_Y092,80,92,68,92,76,108,276.0,152.0,1.0,825,13200,8670,4530,0.34484848484848485,"{""X2Y1"": 726, ""X3Y1"": 99}",True,NOT_PROVEN_WITHOUT_MOVED_FF_CONTROL_SET_REPLAY,NOT_PROVEN_READ_ONLY_SITE_INVENTORY_ONLY,22,DEST_MIXED_OR_OTHER,22,62A80A6BF2780309EBB7ACB65499DC33F9E420F49ABAF670FF853CD53D650A7D,True,,False,False,U_NEG_UPSTREAM_WORSENING;U_PASS_UPSTREAM_INCREASE;D_NEG_NO_MEDIAN_IMPROVEMENT,,False,False,False,True,"[0.0, 56.0, 21.0, 1.0, 0.0, 0.0, 0.0, 0.0, 22.0]",58,0.0,0.0,56.0,65.0,73.0,979.0,0,21,37,58,-0.136,-0.0885,-0.043,-0.028,-0.017,-4.796,6,0.0,0.0,51.0,51.0,51.0,51.0,0,1,5,6,0.011,0.040999999999999995,0.066,0.066,0.066,0.241,201,-78.0,0.0,0.0,0.0,0.0,-630.0,10,0,191,201,-0.133,-0.038,-0.006,-0.003,-0.001,-7.99,384,-94.0,0.0,0.0,0.0,0.0,-4175.0,72,0,312,384,0.0,0.043,0.07,0.074,0.078,15.882,4032,-94.0,0.0,0.0,7.0,50.0,-49032.0,1143,239,2650,4032,-0.133,0.357,0.894,1.023,1.334,1673.434
A_X080_Y092,80,92,68,92,76,108,276.0,152.0,1.0,825,13200,8670,4530,0.3443939393939394,"{""X2Y1"": 726, ""X3Y1"": 99}",True,NOT_PROVEN_WITHOUT_MOVED_FF_CONTROL_SET_REPLAY,NOT_PROVEN_READ_ONLY_SITE_INVENTORY_ONLY,16,FEATURE_BIN_0,16,25AFEB422DB3BDBEF4DCE97A6D1274116E7B27A3B94E395D479DC22D3DE14FFD,True,,False,False,U_NEG_UPSTREAM_WORSENING;D_NEG_NO_MEDIAN_IMPROVEMENT,,False,True,False,True,"[0.0, 53.0, 16.0, 0.0, 0.0, 0.0, 0.0, 0.0, 16.0]",58,0.0,0.0,53.0,65.0,73.0,833.0,0,16,42,58,-0.136,-0.0885,-0.043,-0.028,-0.017,-4.796,6,0.0,0.0,0.0,0.0,0.0,0.0,0,0,6,6,0.011,0.040999999999999995,0.066,0.066,0.066,0.241,201,-79.0,0.0,0.0,0.0,35.0,-3930.0,62,2,137,201,-0.133,-0.038,-0.006,-0.003,-0.001,-7.99,384,-94.0,0.0,0.0,0.0,33.0,-5784.0,94,1,289,384,0.0,0.043,0.07,0.074,0.078,15.882,4032,-94.0,0.0,0.0,0.0,53.0,-38452.0,852,154,3026,4032,-0.133,0.357,0.894,1.023,1.334,1673.434
A_X080_Y092,80,92,68,92,76,108,276.0,152.0,1.0,825,13200,8670,4530,0.3443939393939394,"{""X2Y1"": 726, ""X3Y1"": 99}",True,NOT_PROVEN_WITHOUT_MOVED_FF_CONTROL_SET_REPLAY,NOT_PROVEN_READ_ONLY_SITE_INVENTORY_ONLY,16,FEATURE_BIN_1,16,863B9B0389C1B994C73ED0C57EC56A84FD6D317708E59D47B391DA86E44D3A8E,True,,False,False,U_NEG_UPSTREAM_WORSENING;U_PASS_UPSTREAM_INCREASE;D_NEG_NO_MEDIAN_IMPROVEMENT,,False,False,False,True,"[0.0, 58.0, 14.0, 2.0, 0.0, 0.0, 0.0, 0.0, 16.0]",58,0.0,0.0,58.0,66.0,74.0,730.0,0,14,44,58,-0.136,-0.0885,-0.043,-0.028,-0.017,-4.796,6,0.0,0.0,66.0,66.0,66.0,115.0,0,2,4,6,0.011,0.040999999999999995,0.066,0.066,0.066,0.241,201,-77.0,0.0,0.0,0.0,0.0,-2836.0,48,0,153,201,-0.133,-0.038,-0.006,-0.003,-0.001,-7.99,384,-87.0,0.0,0.0,0.0,0.0,-5993.0,104,0,280,384,0.0,0.043,0.07,0.074,0.078,15.882,4032,-87.0,0.0,0.0,0.0,52.0,-34980.0,815,196,3021,4032,-0.133,0.357,0.894,1.023,1.334,1673.434
A_X080_Y092,80,92,68,92,76,108,276.0,152.0,1.0,825,13200,8670,4530,0.3443939393939394,"{""X2Y1"": 726, ""X3Y1"": 99}",True,NOT_PROVEN_WITHOUT_MOVED_FF_CONTROL_SET_REPLAY,NOT_PROVEN_READ_ONLY_SITE_INVENTORY_ONLY,16,FEATURE_BIN_2,16,18F6AC63D50EACD2B5F6CC669CA58252595A0313B759D7A0EC563D4D8CFF4410,True,,False,False,U_NEG_UPSTREAM_WORSENING;U_PASS_UPSTREAM_INCREASE;D_NEG_NO_MEDIAN_IMPROVEMENT,,False,False,False,True,"[0.0, 39.0, 14.0, 2.0, 0.0, 0.0, 0.0, 0.0, 16.0]",58,0.0,0.0,39.0,56.0,56.0,558.0,0,14,44,58,-0.136,-0.0885,-0.043,-0.028,-0.017,-4.796,6,0.0,0.0,56.0,56.0,56.0,84.0,0,2,4,6,0.011,0.040999999999999995,0.066,0.066,0.066,0.241,201,-74.0,0.0,0.0,0.0,0.0,-3641.0,57,0,144,201,-0.133,-0.038,-0.006,-0.003,-0.001,-7.99,384,-74.0,0.0,0.0,0.0,0.0,-4941.0,85,0,299,384,0.0,0.043,0.07,0.074,0.078,15.882,4032,-75.0,0.0,0.0,0.0,39.0,-36422.0,846,160,3026,4032,-0.133,0.357,0.894,1.023,1.334,1673.434
A_X080_Y092,80,92,68,92,76,108,276.0,152.0,1.0,825,13200,8670,4530,0.3443939393939394,"{""X2Y1"": 726, ""X3Y1"": 99}",True,NOT_PROVEN_WITHOUT_MOVED_FF_CONTROL_SET_REPLAY,NOT_PROVEN_READ_ONLY_SITE_INVENTORY_ONLY,16,FEATURE_BIN_3,16,6D6B2605916DFCDD525A27838AC825D18C62B807369D6E6322040D77ED73CF54,True,,False,False,U_NEG_UPSTREAM_WORSENING;U_PASS_UPSTREAM_INCREASE;D_NEG_NO_MEDIAN_IMPROVEMENT,,False,False,False,True,"[0.0, 33.0, 14.0, 2.0, 0.0, 0.0, 0.0, 0.0, 16.0]",58,0.0,0.0,33.0,56.0,56.0,494.0,0,14,44,58,-0.136,-0.0885,-0.043,-0.028,-0.017,-4.796,6,0.0,0.0,51.0,51.0,51.0,69.0,0,2,4,6,0.011,0.040999999999999995,0.066,0.066,0.066,0.241,201,-69.0,0.0,0.0,0.0,0.0,-1742.0,32,0,169,201,-0.133,-0.038,-0.006,-0.003,-0.001,-7.99,384,-69.0,0.0,0.0,0.0,0.0,-5000.0,99,0,285,384,0.0,0.043,0.07,0.074,0.078,15.882,4032,-69.0,0.0,0.0,0.0,49.0,-30728.0,816,179,3037,4032,-0.133,0.357,0.894,1.023,1.334,1673.434
A_X080_Y096,80,96,68,92,80,112,276.0,148.0,1.0,825,13200,8807,4393,0.33765151515151515,"{""X2Y1"": 726, ""X3Y1"": 99}",True,NOT_PROVEN_WITHOUT_MOVED_FF_CONTROL_SET_REPLAY,NOT_PROVEN_READ_ONLY_SITE_INVENTORY_ONLY,64,ALL_64,64,A49D88051B2D2E5D1255D4F806A7569CDA9B33A650A908566197031349AD8DB4,True,,True,False,U_NEG_UPSTREAM_WORSENING;U_PASS_UPSTREAM_INCREASE,,False,False,True,True,"[40.0, 62.0, 58.0, 6.0, -68.0, -30.0, -63.0, -42.0, 64.0]",58,2.0,40.0,62.0,66.0,70.0,2383.0,0,58,0,58,-0.136,-0.0885,-0.043,-0.028,-0.017,-4.796,6,14.0,46.0,62.0,62.0,62.0,244.0,0,6,0,6,0.011,0.040999999999999995,0.066,0.066,0.066,0.241,201,-75.0,-68.0,-30.0,-13.0,31.0,-11889.0,199,2,0,201,-0.133,-0.038,-0.006,-0.003,-0.001,-7.99,384,-90.0,-63.0,-17.0,-12.0,29.0,-21150.0,383,1,0,384,0.0,0.043,0.07,0.074,0.078,15.882,4032,-90.0,-42.0,12.0,21.0,49.0,-141450.0,3385,632,15,4032,-0.133,0.357,0.894,1.023,1.334,1673.434
A_X080_Y096,80,96,68,92,80,112,276.0,148.0,1.0,825,13200,8807,4393,0.334469696969697,"{""X2Y1"": 726, ""X3Y1"": 99}",True,NOT_PROVEN_WITHOUT_MOVED_FF_CONTROL_SET_REPLAY,NOT_PROVEN_READ_ONLY_SITE_INVENTORY_ONLY,22,DEST_X2Y1_MAJOR,22,EC8295A18CFB3214990035A3C2A8A03B2248BEA56069D816345F1D2C0CC4741A,True,,False,False,U_NEG_UPSTREAM_WORSENING;D_NEG_NO_MEDIAN_IMPROVEMENT,,False,True,False,True,"[0.0, 52.0, 22.0, 0.0, 0.0, 0.0, 0.0, 0.0, 22.0]",58,0.0,0.0,52.0,61.0,62.0,819.0,0,22,36,58,-0.136,-0.0885,-0.043,-0.028,-0.017,-4.796,6,0.0,0.0,0.0,0.0,0.0,0.0,0,0,6,6,0.011,0.040999999999999995,0.066,0.066,0.066,0.241,201,-75.0,0.0,0.0,0.0,31.0,-3257.0,63,2,136,201,-0.133,-0.038,-0.006,-0.003,-0.001,-7.99,384,-75.0,0.0,0.0,0.0,29.0,-7109.0,141,1,242,384,0.0,0.043,0.07,0.074,0.078,15.882,4032,-75.0,0.0,0.0,5.0,49.0,-47438.0,1157,224,2651,4032,-0.133,0.357,0.894,1.023,1.334,1673.434
A_X080_Y096,80,96,68,92,80,112,276.0,148.0,1.0,825,13200,8807,4393,0.3343181818181818,"{""X2Y1"": 726, ""X3Y1"": 99}",True,NOT_PROVEN_WITHOUT_MOVED_FF_CONTROL_SET_REPLAY,NOT_PROVEN_READ_ONLY_SITE_INVENTORY_ONLY,20,DEST_X3Y1_MAJOR,20,D8DF451BC1C4EF6032E28F4D3065B488CCF48FA9921667AB64B2E0E8D05D4049,True,,False,False,U_NEG_UPSTREAM_WORSENING;U_PASS_UPSTREAM_INCREASE,,False,False,True,True,"[0.0, 49.0, 15.0, 5.0, -56.0, 0.0, 0.0, 0.0, 20.0]",58,0.0,0.0,49.0,54.0,70.0,669.0,0,15,43,58,-0.136,-0.0885,-0.043,-0.028,-0.017,-4.796,6,0.0,34.5,62.0,62.0,62.0,197.0,0,5,1,6,0.011,0.040999999999999995,0.066,0.066,0.066,0.241,201,-75.0,-56.0,0.0,0.0,0.0,-8008.0,126,0,75,201,-0.133,-0.038,-0.006,-0.003,-0.001,-7.99,384,-83.0,0.0,0.0,0.0,0.0,-9984.0,169,0,215,384,0.0,0.043,0.07,0.074,0.078,15.882,4032,-83.0,0.0,0.0,0.0,48.0,-44666.0,1066,191,2775,4032,-0.133,0.357,0.894,1.023,1.334,1673.434
A_X080_Y096,80,96,68,92,80,112,276.0,148.0,1.0,825,13200,8807,4393,0.334469696969697,"{""X2Y1"": 726, ""X3Y1"": 99}",True,NOT_PROVEN_WITHOUT_MOVED_FF_CONTROL_SET_REPLAY,NOT_PROVEN_READ_ONLY_SITE_INVENTORY_ONLY,22,DEST_MIXED_OR_OTHER,22,62A80A6BF2780309EBB7ACB65499DC33F9E420F49ABAF670FF853CD53D650A7D,True,,False,False,U_NEG_UPSTREAM_WORSENING;U_PASS_UPSTREAM_INCREASE;D_NEG_NO_MEDIAN_IMPROVEMENT,,False,False,False,True,"[0.0, 52.0, 21.0, 1.0, 0.0, 0.0, 0.0, 0.0, 22.0]",58,0.0,0.0,52.0,61.0,69.0,895.0,0,21,37,58,-0.136,-0.0885,-0.043,-0.028,-0.017,-4.796,6,0.0,0.0,47.0,47.0,47.0,47.0,0,1,5,6,0.011,0.040999999999999995,0.066,0.066,0.066,0.241,201,-74.0,0.0,0.0,0.0,0.0,-624.0,10,0,191,201,-0.133,-0.038,-0.006,-0.003,-0.001,-7.99,384,-90.0,0.0,0.0,0.0,0.0,-4057.0,73,0,311,384,0.0,0.043,0.07,0.074,0.078,15.882,4032,-90.0,0.0,0.0,3.0,46.0,-49346.0,1162,217,2653,4032,-0.133,0.357,0.894,1.023,1.334,1673.434
A_X080_Y096,80,96,68,92,80,112,276.0,148.0,1.0,825,13200,8807,4393,0.33401515151515154,"{""X2Y1"": 726, ""X3Y1"": 99}",True,NOT_PROVEN_WITHOUT_MOVED_FF_CONTROL_SET_REPLAY,NOT_PROVEN_READ_ONLY_SITE_INVENTORY_ONLY,16,FEATURE_BIN_0,16,25AFEB422DB3BDBEF4DCE97A6D1274116E7B27A3B94E395D479DC22D3DE14FFD,True,,False,False,U_NEG_UPSTREAM_WORSENING;D_NEG_NO_MEDIAN_IMPROVEMENT,,False,True,False,True,"[0.0, 49.0, 16.0, 0.0, 0.0, 0.0, 0.0, 0.0, 16.0]",58,0.0,0.0,49.0,61.0,69.0,769.0,0,16,42,58,-0.136,-0.0885,-0.043,-0.028,-0.017,-4.796,6,0.0,0.0,0.0,0.0,0.0,0.0,0,0,6,6,0.011,0.040999999999999995,0.066,0.066,0.066,0.241,201,-75.0,0.0,0.0,0.0,31.0,-3864.0,62,2,137,201,-0.133,-0.038,-0.006,-0.003,-0.001,-7.99,384,-90.0,0.0,0.0,0.0,29.0,-5592.0,95,1,288,384,0.0,0.043,0.07,0.074,0.078,15.882,4032,-90.0,0.0,0.0,0.0,49.0,-38554.0,865,146,3021,4032,-0.133,0.357,0.894,1.023,1.334,1673.434
A_X080_Y096,80,96,68,92,80,112,276.0,148.0,1.0,825,13200,8807,4393,0.33401515151515154,"{""X2Y1"": 726, ""X3Y1"": 99}",True,NOT_PROVEN_WITHOUT_MOVED_FF_CONTROL_SET_REPLAY,NOT_PROVEN_READ_ONLY_SITE_INVENTORY_ONLY,16,FEATURE_BIN_1,16,863B9B0389C1B994C73ED0C57EC56A84FD6D317708E59D47B391DA86E44D3A8E,True,,False,False,U_NEG_UPSTREAM_WORSENING;U_PASS_UPSTREAM_INCREASE;D_NEG_NO_MEDIAN_IMPROVEMENT,,False,False,False,True,"[0.0, 54.0, 14.0, 2.0, 0.0, 0.0, 0.0, 0.0, 16.0]",58,0.0,0.0,54.0,62.0,70.0,674.0,0,14,44,58,-0.136,-0.0885,-0.043,-0.028,-0.017,-4.796,6,0.0,0.0,62.0,62.0,62.0,107.0,0,2,4,6,0.011,0.040999999999999995,0.066,0.066,0.066,0.241,201,-73.0,0.0,0.0,0.0,0.0,-2760.0,48,0,153,201,-0.133,-0.038,-0.006,-0.003,-0.001,-7.99,384,-83.0,0.0,0.0,0.0,0.0,-5917.0,104,0,280,384,0.0,0.043,0.07,0.074,0.078,15.882,4032,-83.0,0.0,0.0,0.0,48.0,-35238.0,824,183,3025,4032,-0.133,0.357,0.894,1.023,1.334,1673.434
A_X080_Y096,80,96,68,92,80,112,276.0,148.0,1.0,825,13200,8807,4393,0.33401515151515154,"{""X2Y1"": 726, ""X3Y1"": 99}",True,NOT_PROVEN_WITHOUT_MOVED_FF_CONTROL_SET_REPLAY,NOT_PROVEN_READ_ONLY_SITE_INVENTORY_ONLY,16,FEATURE_BIN_2,16,18F6AC63D50EACD2B5F6CC669CA58252595A0313B759D7A0EC563D4D8CFF4410,True,,False,False,U_NEG_UPSTREAM_WORSENING;U_PASS_UPSTREAM_INCREASE;D_NEG_NO_MEDIAN_IMPROVEMENT,,False,False,False,True,"[0.0, 35.0, 14.0, 2.0, 0.0, 0.0, 0.0, 0.0, 16.0]",58,0.0,0.0,35.0,52.0,52.0,502.0,0,14,44,58,-0.136,-0.0885,-0.043,-0.028,-0.017,-4.796,6,0.0,0.0,52.0,52.0,52.0,76.0,0,2,4,6,0.011,0.040999999999999995,0.066,0.066,0.066,0.241,201,-70.0,0.0,0.0,0.0,0.0,-3585.0,57,0,144,201,-0.133,-0.038,-0.006,-0.003,-0.001,-7.99,384,-70.0,0.0,0.0,0.0,0.0,-4819.0,85,0,299,384,0.0,0.043,0.07,0.074,0.078,15.882,4032,-71.0,0.0,0.0,0.0,35.0,-36700.0,864,143,3025,4032,-0.133,0.357,0.894,1.023,1.334,1673.434
A_X080_Y096,80,96,68,92,80,112,276.0,148.0,1.0,825,13200,8807,4393,0.33401515151515154,"{""X2Y1"": 726, ""X3Y1"": 99}",True,NOT_PROVEN_WITHOUT_MOVED_FF_CONTROL_SET_REPLAY,NOT_PROVEN_READ_ONLY_SITE_INVENTORY_ONLY,16,FEATURE_BIN_3,16,6D6B2605916DFCDD525A27838AC825D18C62B807369D6E6322040D77ED73CF54,True,,False,False,U_NEG_UPSTREAM_WORSENING;U_PASS_UPSTREAM_INCREASE;D_NEG_NO_MEDIAN_IMPROVEMENT,,False,False,False,True,"[0.0, 29.0, 14.0, 2.0, 0.0, 0.0, 0.0, 0.0, 16.0]",58,0.0,0.0,29.0,52.0,52.0,438.0,0,14,44,58,-0.136,-0.0885,-0.043,-0.028,-0.017,-4.796,6,0.0,0.0,47.0,47.0,47.0,61.0,0,2,4,6,0.011,0.040999999999999995,0.066,0.066,0.066,0.241,201,-65.0,0.0,0.0,0.0,0.0,-1680.0,32,0,169,201,-0.133,-0.038,-0.006,-0.003,-0.001,-7.99,384,-65.0,0.0,0.0,0.0,0.0,-4822.0,99,0,285,384,0.0,0.043,0.07,0.074,0.078,15.882,4032,-65.0,0.0,0.0,0.0,45.0,-30958.0,832,160,3040,4032,-0.133,0.357,0.894,1.023,1.334,1673.434
A_X080_Y100,80,100,68,92,84,116,276.0,144.0,1.0,825,13200,9072,4128,0.31757575757575757,"{""X2Y1"": 726, ""X3Y1"": 99}",True,NOT_PROVEN_WITHOUT_MOVED_FF_CONTROL_SET_REPLAY,NOT_PROVEN_READ_ONLY_SITE_INVENTORY_ONLY,64,ALL_64,64,A49D88051B2D2E5D1255D4F806A7569CDA9B33A650A908566197031349AD8DB4,True,,True,False,U_NEG_UPSTREAM_WORSENING;U_PASS_UPSTREAM_INCREASE,,False,False,True,True,"[36.0, 58.0, 57.0, 6.0, -64.0, -34.0, -60.0, -44.0, 64.0]",58,-2.0,36.0,58.0,62.0,66.0,2151.0,1,57,0,58,-0.136,-0.0885,-0.043,-0.028,-0.017,-4.796,6,10.0,42.0,58.0,58.0,58.0,220.0,0,6,0,6,0.011,0.040999999999999995,0.066,0.066,0.066,0.241,201,-71.0,-64.0,-34.0,-9.0,27.0,-11435.0,199,2,0,201,-0.133,-0.038,-0.006,-0.003,-0.001,-7.99,384,-86.0,-60.0,-15.0,-9.0,25.0,-20166.0,380,4,0,384,0.0,0.043,0.07,0.074,0.078,15.882,4032,-86.0,-44.0,8.0,17.0,45.0,-138160.0,3391,588,53,4032,-0.133,0.357,0.894,1.023,1.334,1673.434
A_X080_Y100,80,100,68,92,84,116,276.0,144.0,1.0,825,13200,9072,4128,0.3143939393939394,"{""X2Y1"": 726, ""X3Y1"": 99}",True,NOT_PROVEN_WITHOUT_MOVED_FF_CONTROL_SET_REPLAY,NOT_PROVEN_READ_ONLY_SITE_INVENTORY_ONLY,22,DEST_X2Y1_MAJOR,22,EC8295A18CFB3214990035A3C2A8A03B2248BEA56069D816345F1D2C0CC4741A,True,,False,False,U_NEG_UPSTREAM_WORSENING;D_NEG_NO_MEDIAN_IMPROVEMENT,,False,True,False,True,"[0.0, 48.0, 21.0, 0.0, 0.0, 0.0, 0.0, 0.0, 22.0]",58,-2.0,0.0,48.0,57.0,58.0,731.0,1,21,36,58,-0.136,-0.0885,-0.043,-0.028,-0.017,-4.796,6,0.0,0.0,0.0,0.0,0.0,0.0,0,0,6,6,0.011,0.040999999999999995,0.066,0.066,0.066,0.241,201,-71.0,0.0,0.0,0.0,27.0,-3045.0,63,2,136,201,-0.133,-0.038,-0.006,-0.003,-0.001,-7.99,384,-71.0,0.0,0.0,0.0,25.0,-6669.0,141,1,242,384,0.0,0.043,0.07,0.074,0.078,15.882,4032,-71.0,0.0,0.0,1.0,45.0,-46182.0,1182,202,2648,4032,-0.133,0.357,0.894,1.023,1.334,1673.434
A_X080_Y100,80,100,68,92,84,116,276.0,144.0,1.0,825,13200,9072,4128,0.31424242424242427,"{""X2Y1"": 726, ""X3Y1"": 99}",True,NOT_PROVEN_WITHOUT_MOVED_FF_CONTROL_SET_REPLAY,NOT_PROVEN_READ_ONLY_SITE_INVENTORY_ONLY,20,DEST_X3Y1_MAJOR,20,D8DF451BC1C4EF6032E28F4D3065B488CCF48FA9921667AB64B2E0E8D05D4049,True,,False,False,U_NEG_UPSTREAM_WORSENING;U_PASS_UPSTREAM_INCREASE,,False,False,True,True,"[0.0, 45.0, 15.0, 5.0, -57.0, 0.0, 0.0, 0.0, 20.0]",58,0.0,0.0,45.0,50.0,66.0,609.0,0,15,43,58,-0.136,-0.0885,-0.043,-0.028,-0.017,-4.796,6,0.0,30.5,58.0,58.0,58.0,177.0,0,5,1,6,0.011,0.040999999999999995,0.066,0.066,0.066,0.241,201,-71.0,-57.0,0.0,0.0,0.0,-7782.0,126,0,75,201,-0.133,-0.038,-0.006,-0.003,-0.001,-7.99,384,-79.0,0.0,0.0,0.0,1.0,-9608.0,166,3,215,384,0.0,0.043,0.07,0.074,0.078,15.882,4032,-79.0,0.0,0.0,0.0,44.0,-43702.0,1043,179,2810,4032,-0.133,0.357,0.894,1.023,1.334,1673.434
A_X080_Y100,80,100,68,92,84,116,276.0,144.0,1.0,825,13200,9072,4128,0.3143939393939394,"{""X2Y1"": 726, ""X3Y1"": 99}",True,NOT_PROVEN_WITHOUT_MOVED_FF_CONTROL_SET_REPLAY,NOT_PROVEN_READ_ONLY_SITE_INVENTORY_ONLY,22,DEST_MIXED_OR_OTHER,22,62A80A6BF2780309EBB7ACB65499DC33F9E420F49ABAF670FF853CD53D650A7D,True,,False,False,U_NEG_UPSTREAM_WORSENING;U_PASS_UPSTREAM_INCREASE;D_NEG_NO_MEDIAN_IMPROVEMENT,,False,False,False,True,"[0.0, 48.0, 21.0, 1.0, 0.0, 0.0, 0.0, 0.0, 22.0]",58,0.0,0.0,48.0,57.0,65.0,811.0,0,21,37,58,-0.136,-0.0885,-0.043,-0.028,-0.017,-4.796,6,0.0,0.0,43.0,43.0,43.0,43.0,0,1,5,6,0.011,0.040999999999999995,0.066,0.066,0.066,0.241,201,-70.0,0.0,0.0,0.0,0.0,-608.0,10,0,191,201,-0.133,-0.038,-0.006,-0.003,-0.001,-7.99,384,-86.0,0.0,0.0,0.0,0.0,-3889.0,73,0,311,384,0.0,0.043,0.07,0.074,0.078,15.882,4032,-86.0,0.0,0.0,1.0,42.0,-48276.0,1166,207,2659,4032,-0.133,0.357,0.894,1.023,1.334,1673.434
A_X080_Y100,80,100,68,92,84,116,276.0,144.0,1.0,825,13200,9072,4128,0.31393939393939396,"{""X2Y1"": 726, ""X3Y1"": 99}",True,NOT_PROVEN_WITHOUT_MOVED_FF_CONTROL_SET_REPLAY,NOT_PROVEN_READ_ONLY_SITE_INVENTORY_ONLY,16,FEATURE_BIN_0,16,25AFEB422DB3BDBEF4DCE97A6D1274116E7B27A3B94E395D479DC22D3DE14FFD,True,,False,False,U_NEG_UPSTREAM_WORSENING;D_NEG_NO_MEDIAN_IMPROVEMENT,,False,True,False,True,"[0.0, 45.0, 16.0, 0.0, 0.0, 0.0, 0.0, 0.0, 16.0]",58,0.0,0.0,45.0,57.0,65.0,705.0,0,16,42,58,-0.136,-0.0885,-0.043,-0.028,-0.017,-4.796,6,0.0,0.0,0.0,0.0,0.0,0.0,0,0,6,6,0.011,0.040999999999999995,0.066,0.066,0.066,0.241,201,-71.0,0.0,0.0,0.0,27.0,-3750.0,62,2,137,201,-0.133,-0.038,-0.006,-0.003,-0.001,-7.99,384,-86.0,0.0,0.0,0.0,25.0,-5302.0,92,4,288,384,0.0,0.043,0.07,0.074,0.078,15.882,4032,-86.0,0.0,0.0,0.0,45.0,-37652.0,866,144,3022,4032,-0.133,0.357,0.894,1.023,1.334,1673.434
A_X080_Y100,80,100,68,92,84,116,276.0,144.0,1.0,825,13200,9072,4128,0.31393939393939396,"{""X2Y1"": 726, ""X3Y1"": 99}",True,NOT_PROVEN_WITHOUT_MOVED_FF_CONTROL_SET_REPLAY,NOT_PROVEN_READ_ONLY_SITE_INVENTORY_ONLY,16,FEATURE_BIN_1,16,863B9B0389C1B994C73ED0C57EC56A84FD6D317708E59D47B391DA86E44D3A8E,True,,False,False,U_NEG_UPSTREAM_WORSENING;U_PASS_UPSTREAM_INCREASE;D_NEG_NO_MEDIAN_IMPROVEMENT,,False,False,False,True,"[0.0, 50.0, 14.0, 2.0, 0.0, 0.0, 0.0, 0.0, 16.0]",58,0.0,0.0,50.0,58.0,66.0,618.0,0,14,44,58,-0.136,-0.0885,-0.043,-0.028,-0.017,-4.796,6,0.0,0.0,58.0,58.0,58.0,99.0,0,2,4,6,0.011,0.040999999999999995,0.066,0.066,0.066,0.241,201,-71.0,0.0,0.0,0.0,0.0,-2642.0,48,0,153,201,-0.133,-0.038,-0.006,-0.003,-0.001,-7.99,384,-79.0,0.0,0.0,0.0,0.0,-5719.0,104,0,280,384,0.0,0.043,0.07,0.074,0.078,15.882,4032,-79.0,0.0,0.0,0.0,44.0,-34446.0,787,184,3061,4032,-0.133,0.357,0.894,1.023,1.334,1673.434
A_X080_Y100,80,100,68,92,84,116,276.0,144.0,1.0,825,13200,9072,4128,0.31393939393939396,"{""X2Y1"": 726, ""X3Y1"": 99}",True,NOT_PROVEN_WITHOUT_MOVED_FF_CONTROL_SET_REPLAY,NOT_PROVEN_READ_ONLY_SITE_INVENTORY_ONLY,16,FEATURE_BIN_2,16,18F6AC63D50EACD2B5F6CC669CA58252595A0313B759D7A0EC563D4D8CFF4410,True,,False,False,U_NEG_UPSTREAM_WORSENING;U_PASS_UPSTREAM_INCREASE;D_NEG_NO_MEDIAN_IMPROVEMENT,,False,False,False,True,"[0.0, 31.0, 13.0, 2.0, 0.0, 0.0, 0.0, 0.0, 16.0]",58,-2.0,0.0,31.0,48.0,48.0,446.0,1,13,44,58,-0.136,-0.0885,-0.043,-0.028,-0.017,-4.796,6,0.0,0.0,48.0,48.0,48.0,68.0,0,2,4,6,0.011,0.040999999999999995,0.066,0.066,0.066,0.241,201,-66.0,0.0,0.0,0.0,0.0,-3445.0,57,0,144,201,-0.133,-0.038,-0.006,-0.003,-0.001,-7.99,384,-66.0,0.0,0.0,0.0,0.0,-4601.0,85,0,299,384,0.0,0.043,0.07,0.074,0.078,15.882,4032,-67.0,0.0,0.0,0.0,31.0,-35948.0,879,130,3023,4032,-0.133,0.357,0.894,1.023,1.334,1673.434
A_X080_Y100,80,100,68,92,84,116,276.0,144.0,1.0,825,13200,9072,4128,0.31393939393939396,"{""X2Y1"": 726, ""X3Y1"": 99}",True,NOT_PROVEN_WITHOUT_MOVED_FF_CONTROL_SET_REPLAY,NOT_PROVEN_READ_ONLY_SITE_INVENTORY_ONLY,16,FEATURE_BIN_3,16,6D6B2605916DFCDD525A27838AC825D18C62B807369D6E6322040D77ED73CF54,True,,False,False,U_NEG_UPSTREAM_WORSENING;U_PASS_UPSTREAM_INCREASE;D_NEG_NO_MEDIAN_IMPROVEMENT,,False,False,False,True,"[0.0, 25.0, 14.0, 2.0, 0.0, 0.0, 0.0, 0.0, 16.0]",58,0.0,0.0,25.0,48.0,48.0,382.0,0,14,44,58,-0.136,-0.0885,-0.043,-0.028,-0.017,-4.796,6,0.0,0.0,43.0,43.0,43.0,53.0,0,2,4,6,0.011,0.040999999999999995,0.066,0.066,0.066,0.241,201,-61.0,0.0,0.0,0.0,0.0,-1598.0,32,0,169,201,-0.133,-0.038,-0.006,-0.003,-0.001,-7.99,384,-61.0,0.0,0.0,0.0,0.0,-4544.0,99,0,285,384,0.0,0.043,0.07,0.074,0.078,15.882,4032,-61.0,0.0,0.0,0.0,41.0,-30114.0,859,130,3043,4032,-0.133,0.357,0.894,1.023,1.334,1673.434
A_X080_Y104,80,104,68,92,88,120,276.0,140.0,1.0,825,13200,9499,3701,0.2852272727272727,"{""X2Y1"": 704, ""X2Y2"": 22, ""X3Y1"": 96, ""X3Y2"": 3}",True,NOT_PROVEN_WITHOUT_MOVED_FF_CONTROL_SET_REPLAY,NOT_PROVEN_READ_ONLY_SITE_INVENTORY_ONLY,0,ALL_64,64,A49D88051B2D2E5D1255D4F806A7569CDA9B33A650A908566197031349AD8DB4,True,,True,False,U_NEG_UPSTREAM_WORSENING;U_PASS_UPSTREAM_INCREASE,,False,False,True,True,"[32.0, 54.0, 57.0, 6.0, -61.0, -33.0, -57.0, -44.0, 64.0]",58,-6.0,32.0,54.0,58.0,62.0,1919.0,1,57,0,58,-0.136,-0.0885,-0.043,-0.028,-0.017,-4.796,6,6.0,38.0,54.0,54.0,54.0,196.0,0,6,0,6,0.011,0.040999999999999995,0.066,0.066,0.066,0.241,201,-69.0,-61.0,-33.0,-5.0,23.0,-10893.0,199,2,0,201,-0.133,-0.038,-0.006,-0.003,-0.001,-7.99,384,-82.0,-57.0,-12.0,-5.0,21.0,-19052.0,376,5,3,384,0.0,0.043,0.07,0.074,0.078,15.882,4032,-82.0,-44.0,5.0,13.0,41.0,-132320.0,3326,634,72,4032,-0.133,0.357,0.894,1.023,1.334,1673.434
A_X080_Y104,80,104,68,92,88,120,276.0,140.0,1.0,825,13200,9499,3701,0.28204545454545454,"{""X2Y1"": 704, ""X2Y2"": 22, ""X3Y1"": 96, ""X3Y2"": 3}",True,NOT_PROVEN_WITHOUT_MOVED_FF_CONTROL_SET_REPLAY,NOT_PROVEN_READ_ONLY_SITE_INVENTORY_ONLY,0,DEST_X2Y1_MAJOR,22,EC8295A18CFB3214990035A3C2A8A03B2248BEA56069D816345F1D2C0CC4741A,True,,False,False,U_NEG_UPSTREAM_WORSENING;D_NEG_NO_MEDIAN_IMPROVEMENT,,False,True,False,True,"[0.0, 44.0, 21.0, 0.0, 0.0, 0.0, 0.0, 0.0, 22.0]",58,-6.0,0.0,44.0,53.0,54.0,643.0,1,21,36,58,-0.136,-0.0885,-0.043,-0.028,-0.017,-4.796,6,0.0,0.0,0.0,0.0,0.0,0.0,0,0,6,6,0.011,0.040999999999999995,0.066,0.066,0.066,0.241,201,-67.0,0.0,0.0,0.0,23.0,-2817.0,63,2,136,201,-0.133,-0.038,-0.006,-0.003,-0.001,-7.99,384,-67.0,0.0,0.0,0.0,21.0,-6189.0,141,1,242,384,0.0,0.043,0.07,0.074,0.078,15.882,4032,-67.0,0.0,0.0,0.0,41.0,-44160.0,1193,186,2653,4032,-0.133,0.357,0.894,1.023,1.334,1673.434
A_X080_Y104,80,104,68,92,88,120,276.0,140.0,1.0,825,13200,9499,3701,0.2818939393939394,"{""X2Y1"": 704, ""X2Y2"": 22, ""X3Y1"": 96, ""X3Y2"": 3}",True,NOT_PROVEN_WITHOUT_MOVED_FF_CONTROL_SET_REPLAY,NOT_PROVEN_READ_ONLY_SITE_INVENTORY_ONLY,0,DEST_X3Y1_MAJOR,20,D8DF451BC1C4EF6032E28F4D3065B488CCF48FA9921667AB64B2E0E8D05D4049,True,,False,False,U_NEG_UPSTREAM_WORSENING;U_PASS_UPSTREAM_INCREASE,,False,False,True,True,"[0.0, 41.0, 15.0, 5.0, -54.0, 0.0, 0.0, 0.0, 20.0]",58,0.0,0.0,41.0,46.0,62.0,549.0,0,15,43,58,-0.136,-0.0885,-0.043,-0.028,-0.017,-4.796,6,0.0,26.5,54.0,54.0,54.0,157.0,0,5,1,6,0.011,0.040999999999999995,0.066,0.066,0.066,0.241,201,-69.0,-54.0,0.0,0.0,0.0,-7484.0,126,0,75,201,-0.133,-0.038,-0.006,-0.003,-0.001,-7.99,384,-75.0,0.0,0.0,0.0,5.0,-9172.0,166,3,215,384,0.0,0.043,0.07,0.074,0.078,15.882,4032,-75.0,0.0,0.0,1.0,40.0,-41874.0,1048,209,2775,4032,-0.133,0.357,0.894,1.023,1.334,1673.434
A_X080_Y104,80,104,68,92,88,120,276.0,140.0,1.0,825,13200,9499,3701,0.28204545454545454,"{""X2Y1"": 704, ""X2Y2"": 22, ""X3Y1"": 96, ""X3Y2"": 3}",True,NOT_PROVEN_WITHOUT_MOVED_FF_CONTROL_SET_REPLAY,NOT_PROVEN_READ_ONLY_SITE_INVENTORY_ONLY,0,DEST_MIXED_OR_OTHER,22,62A80A6BF2780309EBB7ACB65499DC33F9E420F49ABAF670FF853CD53D650A7D,True,,False,False,U_NEG_UPSTREAM_WORSENING;U_PASS_UPSTREAM_INCREASE;D_NEG_NO_MEDIAN_IMPROVEMENT,,False,False,False,True,"[0.0, 44.0, 21.0, 1.0, 0.0, 0.0, 0.0, 0.0, 22.0]",58,0.0,0.0,44.0,53.0,61.0,727.0,0,21,37,58,-0.136,-0.0885,-0.043,-0.028,-0.017,-4.796,6,0.0,0.0,39.0,39.0,39.0,39.0,0,1,5,6,0.011,0.040999999999999995,0.066,0.066,0.066,0.241,201,-66.0,0.0,0.0,0.0,0.0,-592.0,10,0,191,201,-0.133,-0.038,-0.006,-0.003,-0.001,-7.99,384,-82.0,0.0,0.0,0.0,2.0,-3691.0,69,1,314,384,0.0,0.043,0.07,0.074,0.078,15.882,4032,-82.0,0.0,0.0,2.0,38.0,-46286.0,1085,239,2708,4032,-0.133,0.357,0.894,1.023,1.334,1673.434
A_X080_Y104,80,104,68,92,88,120,276.0,140.0,1.0,825,13200,9499,3701,0.2815909090909091,"{""X2Y1"": 704, ""X2Y2"": 22, ""X3Y1"": 96, ""X3Y2"": 3}",True,NOT_PROVEN_WITHOUT_MOVED_FF_CONTROL_SET_REPLAY,NOT_PROVEN_READ_ONLY_SITE_INVENTORY_ONLY,0,FEATURE_BIN_0,16,25AFEB422DB3BDBEF4DCE97A6D1274116E7B27A3B94E395D479DC22D3DE14FFD,True,,False,False,U_NEG_UPSTREAM_WORSENING;D_NEG_NO_MEDIAN_IMPROVEMENT,,False,True,False,True,"[0.0, 41.0, 16.0, 0.0, 0.0, 0.0, 0.0, 0.0, 16.0]",58,0.0,0.0,41.0,53.0,61.0,641.0,0,16,42,58,-0.136,-0.0885,-0.043,-0.028,-0.017,-4.796,6,0.0,0.0,0.0,0.0,0.0,0.0,0,0,6,6,0.011,0.040999999999999995,0.066,0.066,0.066,0.241,201,-67.0,0.0,0.0,0.0,23.0,-3598.0,62,2,137,201,-0.133,-0.038,-0.006,-0.003,-0.001,-7.99,384,-82.0,0.0,0.0,0.0,21.0,-4976.0,89,5,290,384,0.0,0.043,0.07,0.074,0.078,15.882,4032,-82.0,0.0,0.0,1.0,41.0,-35980.0,780,206,3046,4032,-0.133,0.357,0.894,1.023,1.334,1673.434
A_X080_Y104,80,104,68,92,88,120,276.0,140.0,1.0,825,13200,9499,3701,0.2815909090909091,"{""X2Y1"": 704, ""X2Y2"": 22, ""X3Y1"": 96, ""X3Y2"": 3}",True,NOT_PROVEN_WITHOUT_MOVED_FF_CONTROL_SET_REPLAY,NOT_PROVEN_READ_ONLY_SITE_INVENTORY_ONLY,0,FEATURE_BIN_1,16,863B9B0389C1B994C73ED0C57EC56A84FD6D317708E59D47B391DA86E44D3A8E,True,,False,False,U_NEG_UPSTREAM_WORSENING;U_PASS_UPSTREAM_INCREASE;D_NEG_NO_MEDIAN_IMPROVEMENT,,False,False,False,True,"[0.0, 46.0, 14.0, 2.0, 0.0, 0.0, 0.0, 0.0, 16.0]",58,0.0,0.0,46.0,54.0,62.0,562.0,0,14,44,58,-0.136,-0.0885,-0.043,-0.028,-0.017,-4.796,6,0.0,0.0,54.0,54.0,54.0,91.0,0,2,4,6,0.011,0.040999999999999995,0.066,0.066,0.066,0.241,201,-69.0,0.0,0.0,0.0,0.0,-2506.0,48,0,153,201,-0.133,-0.038,-0.006,-0.003,-0.001,-7.99,384,-75.0,0.0,0.0,0.0,0.0,-5471.0,104,0,280,384,0.0,0.043,0.07,0.074,0.078,15.882,4032,-75.0,0.0,0.0,3.0,40.0,-33016.0,789,222,3021,4032,-0.133,0.357,0.894,1.023,1.334,1673.434
A_X080_Y104,80,104,68,92,88,120,276.0,140.0,1.0,825,13200,9499,3701,0.2815909090909091,"{""X2Y1"": 704, ""X2Y2"": 22, ""X3Y1"": 96, ""X3Y2"": 3}",True,NOT_PROVEN_WITHOUT_MOVED_FF_CONTROL_SET_REPLAY,NOT_PROVEN_READ_ONLY_SITE_INVENTORY_ONLY,0,FEATURE_BIN_2,16,18F6AC63D50EACD2B5F6CC669CA58252595A0313B759D7A0EC563D4D8CFF4410,True,,False,False,U_NEG_UPSTREAM_WORSENING;U_PASS_UPSTREAM_INCREASE;D_NEG_NO_MEDIAN_IMPROVEMENT,,False,False,False,True,"[0.0, 27.0, 13.0, 2.0, 0.0, 0.0, 0.0, 0.0, 16.0]",58,-6.0,0.0,27.0,44.0,44.0,390.0,1,13,44,58,-0.136,-0.0885,-0.043,-0.028,-0.017,-4.796,6,0.0,0.0,44.0,44.0,44.0,60.0,0,2,4,6,0.011,0.040999999999999995,0.066,0.066,0.066,0.241,201,-62.0,0.0,0.0,0.0,0.0,-3279.0,57,0,144,201,-0.133,-0.038,-0.006,-0.003,-0.001,-7.99,384,-63.0,0.0,0.0,0.0,0.0,-4361.0,84,0,300,384,0.0,0.043,0.07,0.074,0.078,15.882,4032,-63.0,0.0,0.0,0.0,27.0,-34558.0,871,98,3063,4032,-0.133,0.357,0.894,1.023,1.334,1673.434
A_X080_Y104,80,104,68,92,88,120,276.0,140.0,1.0,825,13200,9499,3701,0.2815909090909091,"{""X2Y1"": 704, ""X2Y2"": 22, ""X3Y1"": 96, ""X3Y2"": 3}",True,NOT_PROVEN_WITHOUT_MOVED_FF_CONTROL_SET_REPLAY,NOT_PROVEN_READ_ONLY_SITE_INVENTORY_ONLY,0,FEATURE_BIN_3,16,6D6B2605916DFCDD525A27838AC825D18C62B807369D6E6322040D77ED73CF54,True,,False,False,U_NEG_UPSTREAM_WORSENING;U_PASS_UPSTREAM_INCREASE;D_NEG_NO_MEDIAN_IMPROVEMENT,,False,False,False,True,"[0.0, 21.0, 14.0, 2.0, 0.0, 0.0, 0.0, 0.0, 16.0]",58,0.0,0.0,21.0,44.0,44.0,326.0,0,14,44,58,-0.136,-0.0885,-0.043,-0.028,-0.017,-4.796,6,0.0,0.0,39.0,39.0,39.0,45.0,0,2,4,6,0.011,0.040999999999999995,0.066,0.066,0.066,0.241,201,-57.0,0.0,0.0,0.0,0.0,-1510.0,32,0,169,201,-0.133,-0.038,-0.006,-0.003,-0.001,-7.99,384,-57.0,0.0,0.0,0.0,0.0,-4244.0,99,0,285,384,0.0,0.043,0.07,0.074,0.078,15.882,4032,-57.0,0.0,0.0,0.0,37.0,-28766.0,886,108,3038,4032,-0.133,0.357,0.894,1.023,1.334,1673.434
A_X080_Y108,80,108,68,92,92,124,276.0,136.0,1.0,825,13200,9940,3260,0.25181818181818183,"{""X2Y1"": 616, ""X2Y2"": 110, ""X3Y1"": 84, ""X3Y2"": 15}",True,NOT_PROVEN_WITHOUT_MOVED_FF_CONTROL_SET_REPLAY,NOT_PROVEN_READ_ONLY_SITE_INVENTORY_ONLY,0,ALL_64,64,A49D88051B2D2E5D1255D4F806A7569CDA9B33A650A908566197031349AD8DB4,True,,True,False,U_NEG_UPSTREAM_WORSENING;U_PASS_UPSTREAM_INCREASE,,False,False,True,True,"[28.0, 50.0, 57.0, 6.0, -58.0, -29.0, -55.0, -43.0, 64.0]",58,-10.0,28.0,50.0,54.0,58.0,1687.0,1,57,0,58,-0.136,-0.0885,-0.043,-0.028,-0.017,-4.796,6,2.0,34.0,50.0,50.0,50.0,172.0,0,6,0,6,0.011,0.040999999999999995,0.066,0.066,0.066,0.241,201,-71.0,-58.0,-29.0,-1.0,19.0,-10293.0,191,10,0,201,-0.133,-0.038,-0.006,-0.003,-0.001,-7.99,384,-78.0,-55.0,-8.0,-1.0,17.0,-17810.0,365,16,3,384,0.0,0.043,0.07,0.074,0.078,15.882,4032,-78.0,-43.0,6.0,9.0,37.0,-123916.0,3150,808,74,4032,-0.133,0.357,0.894,1.023,1.334,1673.434
A_X080_Y108,80,108,68,92,92,124,276.0,136.0,1.0,825,13200,9940,3260,0.24863636363636363,"{""X2Y1"": 616, ""X2Y2"": 110, ""X3Y1"": 84, ""X3Y2"": 15}",True,NOT_PROVEN_WITHOUT_MOVED_FF_CONTROL_SET_REPLAY,NOT_PROVEN_READ_ONLY_SITE_INVENTORY_ONLY,0,DEST_X2Y1_MAJOR,22,EC8295A18CFB3214990035A3C2A8A03B2248BEA56069D816345F1D2C0CC4741A,True,,False,False,U_NEG_UPSTREAM_WORSENING;D_NEG_NO_MEDIAN_IMPROVEMENT,,False,True,False,True,"[0.0, 40.0, 21.0, 0.0, 0.0, 0.0, 0.0, 0.0, 22.0]",58,-10.0,0.0,40.0,49.0,50.0,555.0,1,21,36,58,-0.136,-0.0885,-0.043,-0.028,-0.017,-4.796,6,0.0,0.0,0.0,0.0,0.0,0.0,0,0,6,6,0.011,0.040999999999999995,0.066,0.066,0.066,0.241,201,-63.0,0.0,0.0,0.0,19.0,-2583.0,55,10,136,201,-0.133,-0.038,-0.006,-0.003,-0.001,-7.99,384,-63.0,0.0,0.0,0.0,17.0,-5691.0,132,9,243,384,0.0,0.043,0.07,0.074,0.078,15.882,4032,-63.0,0.0,0.0,1.0,37.0,-41418.0,1090,265,2677,4032,-0.133,0.357,0.894,1.023,1.334,1673.434
A_X080_Y108,80,108,68,92,92,124,276.0,136.0,1.0,825,13200,9940,3260,0.24848484848484848,"{""X2Y1"": 616, ""X2Y2"": 110, ""X3Y1"": 84, ""X3Y2"": 15}",True,NOT_PROVEN_WITHOUT_MOVED_FF_CONTROL_SET_REPLAY,NOT_PROVEN_READ_ONLY_SITE_INVENTORY_ONLY,0,DEST_X3Y1_MAJOR,20,D8DF451BC1C4EF6032E28F4D3065B488CCF48FA9921667AB64B2E0E8D05D4049,True,,True,False,U_NEG_UPSTREAM_WORSENING;U_PASS_UPSTREAM_INCREASE,,False,False,True,True,"[0.0, 37.0, 15.0, 5.0, -55.0, 0.0, 0.0, 0.0, 20.0]",58,0.0,0.0,37.0,42.0,58.0,489.0,0,15,43,58,-0.136,-0.0885,-0.043,-0.028,-0.017,-4.796,6,0.0,22.5,50.0,50.0,50.0,137.0,0,5,1,6,0.011,0.040999999999999995,0.066,0.066,0.066,0.241,201,-71.0,-55.0,0.0,0.0,0.0,-7138.0,126,0,75,201,-0.133,-0.038,-0.006,-0.003,-0.001,-7.99,384,-71.0,0.0,0.0,0.0,9.0,-8640.0,166,3,215,384,0.0,0.043,0.07,0.074,0.078,15.882,4032,-71.0,0.0,0.0,2.0,36.0,-39222.0,1008,226,2798,4032,-0.133,0.357,0.894,1.023,1.334,1673.434
A_X080_Y108,80,108,68,92,92,124,276.0,136.0,1.0,825,13200,9940,3260,0.24863636363636363,"{""X2Y1"": 616, ""X2Y2"": 110, ""X3Y1"": 84, ""X3Y2"": 15}",True,NOT_PROVEN_WITHOUT_MOVED_FF_CONTROL_SET_REPLAY,NOT_PROVEN_READ_ONLY_SITE_INVENTORY_ONLY,0,DEST_MIXED_OR_OTHER,22,62A80A6BF2780309EBB7ACB65499DC33F9E420F49ABAF670FF853CD53D650A7D,True,,False,False,U_NEG_UPSTREAM_WORSENING;U_PASS_UPSTREAM_INCREASE;D_NEG_NO_MEDIAN_IMPROVEMENT,,False,False,False,True,"[0.0, 40.0, 21.0, 1.0, 0.0, 0.0, 0.0, 0.0, 22.0]",58,0.0,0.0,40.0,49.0,57.0,643.0,0,21,37,58,-0.136,-0.0885,-0.043,-0.028,-0.017,-4.796,6,0.0,0.0,35.0,35.0,35.0,35.0,0,1,5,6,0.011,0.040999999999999995,0.066,0.066,0.066,0.241,201,-62.0,0.0,0.0,0.0,0.0,-572.0,10,0,191,201,-0.133,-0.038,-0.006,-0.003,-0.001,-7.99,384,-78.0,0.0,0.0,0.0,6.0,-3479.0,67,4,313,384,0.0,0.043,0.07,0.074,0.078,15.882,4032,-78.0,0.0,0.0,4.0,34.0,-43276.0,1052,317,2663,4032,-0.133,0.357,0.894,1.023,1.334,1673.434
A_X080_Y108,80,108,68,92,92,124,276.0,136.0,1.0,825,13200,9940,3260,0.24818181818181817,"{""X2Y1"": 616, ""X2Y2"": 110, ""X3Y1"": 84, ""X3Y2"": 15}",True,NOT_PROVEN_WITHOUT_MOVED_FF_CONTROL_SET_REPLAY,NOT_PROVEN_READ_ONLY_SITE_INVENTORY_ONLY,0,FEATURE_BIN_0,16,25AFEB422DB3BDBEF4DCE97A6D1274116E7B27A3B94E395D479DC22D3DE14FFD,True,,False,False,U_NEG_UPSTREAM_WORSENING;D_NEG_NO_MEDIAN_IMPROVEMENT,,False,True,False,True,"[0.0, 37.0, 16.0, 0.0, 0.0, 0.0, 0.0, 0.0, 16.0]",58,0.0,0.0,37.0,49.0,57.0,577.0,0,16,42,58,-0.136,-0.0885,-0.043,-0.028,-0.017,-4.796,6,0.0,0.0,0.0,0.0,0.0,0.0,0,0,6,6,0.011,0.040999999999999995,0.066,0.066,0.066,0.241,201,-63.0,0.0,0.0,0.0,19.0,-3434.0,61,3,137,201,-0.133,-0.038,-0.006,-0.003,-0.001,-7.99,384,-78.0,0.0,0.0,0.0,17.0,-4638.0,86,10,288,384,0.0,0.043,0.07,0.074,0.078,15.882,4032,-78.0,0.0,0.0,4.0,37.0,-33620.0,686,320,3026,4032,-0.133,0.357,0.894,1.023,1.334,1673.434
A_X080_Y108,80,108,68,92,92,124,276.0,136.0,1.0,825,13200,9940,3260,0.24818181818181817,"{""X2Y1"": 616, ""X2Y2"": 110, ""X3Y1"": 84, ""X3Y2"": 15}",True,NOT_PROVEN_WITHOUT_MOVED_FF_CONTROL_SET_REPLAY,NOT_PROVEN_READ_ONLY_SITE_INVENTORY_ONLY,0,FEATURE_BIN_1,16,863B9B0389C1B994C73ED0C57EC56A84FD6D317708E59D47B391DA86E44D3A8E,True,,False,False,U_NEG_UPSTREAM_WORSENING;U_PASS_UPSTREAM_INCREASE;D_NEG_NO_MEDIAN_IMPROVEMENT,,False,False,False,True,"[0.0, 42.0, 14.0, 2.0, 0.0, 0.0, 0.0, 0.0, 16.0]",58,0.0,0.0,42.0,50.0,58.0,506.0,0,14,44,58,-0.136,-0.0885,-0.043,-0.028,-0.017,-4.796,6,0.0,0.0,50.0,50.0,50.0,83.0,0,2,4,6,0.011,0.040999999999999995,0.066,0.066,0.066,0.241,201,-71.0,0.0,0.0,0.0,2.0,-2360.0,41,7,153,201,-0.133,-0.038,-0.006,-0.003,-0.001,-7.99,384,-71.0,0.0,0.0,0.0,2.0,-5185.0,99,5,280,384,0.0,0.043,0.07,0.074,0.078,15.882,4032,-71.0,0.0,0.0,2.0,36.0,-31098.0,723,278,3031,4032,-0.133,0.357,0.894,1.023,1.334,1673.434
A_X080_Y108,80,108,68,92,92,124,276.0,136.0,1.0,825,13200,9940,3260,0.24818181818181817,"{""X2Y1"": 616, ""X2Y2"": 110, ""X3Y1"": 84, ""X3Y2"": 15}",True,NOT_PROVEN_WITHOUT_MOVED_FF_CONTROL_SET_REPLAY,NOT_PROVEN_READ_ONLY_SITE_INVENTORY_ONLY,0,FEATURE_BIN_2,16,18F6AC63D50EACD2B5F6CC669CA58252595A0313B759D7A0EC563D4D8CFF4410,True,,False,False,U_NEG_UPSTREAM_WORSENING;U_PASS_UPSTREAM_INCREASE;D_NEG_NO_MEDIAN_IMPROVEMENT,,False,False,False,True,"[0.0, 23.0, 13.0, 2.0, 0.0, 0.0, 0.0, 0.0, 16.0]",58,-10.0,0.0,23.0,40.0,40.0,334.0,1,13,44,58,-0.136,-0.0885,-0.043,-0.028,-0.017,-4.796,6,0.0,0.0,40.0,40.0,40.0,52.0,0,2,4,6,0.011,0.040999999999999995,0.066,0.066,0.066,0.241,201,-58.0,0.0,0.0,0.0,0.0,-3089.0,57,0,144,201,-0.133,-0.038,-0.006,-0.003,-0.001,-7.99,384,-59.0,0.0,0.0,0.0,4.0,-4077.0,84,1,299,384,0.0,0.043,0.07,0.074,0.078,15.882,4032,-59.0,0.0,0.0,0.0,23.0,-32460.0,904,103,3025,4032,-0.133,0.357,0.894,1.023,1.334,1673.434
A_X080_Y108,80,108,68,92,92,124,276.0,136.0,1.0,825,13200,9940,3260,0.24818181818181817,"{""X2Y1"": 616, ""X2Y2"": 110, ""X3Y1"": 84, ""X3Y2"": 15}",True,NOT_PROVEN_WITHOUT_MOVED_FF_CONTROL_SET_REPLAY,NOT_PROVEN_READ_ONLY_SITE_INVENTORY_ONLY,0,FEATURE_BIN_3,16,6D6B2605916DFCDD525A27838AC825D18C62B807369D6E6322040D77ED73CF54,True,,False,False,U_NEG_UPSTREAM_WORSENING;U_PASS_UPSTREAM_INCREASE;D_NEG_NO_MEDIAN_IMPROVEMENT,,False,False,False,True,"[0.0, 17.0, 14.0, 2.0, 0.0, 0.0, 0.0, 0.0, 16.0]",58,0.0,0.0,17.0,40.0,40.0,270.0,0,14,44,58,-0.136,-0.0885,-0.043,-0.028,-0.017,-4.796,6,0.0,0.0,35.0,35.0,35.0,37.0,0,2,4,6,0.011,0.040999999999999995,0.066,0.066,0.066,0.241,201,-53.0,0.0,0.0,0.0,0.0,-1410.0,32,0,169,201,-0.133,-0.038,-0.006,-0.003,-0.001,-7.99,384,-53.0,0.0,0.0,0.0,0.0,-3910.0,96,0,288,384,0.0,0.043,0.07,0.074,0.078,15.882,4032,-53.0,0.0,0.0,0.0,33.0,-26738.0,837,107,3088,4032,-0.133,0.357,0.894,1.023,1.334,1673.434
A_X080_Y112,80,112,68,92,96,128,276.0,132.0,1.0,825,13200,10400,2800,0.21696969696969698,"{""X2Y1"": 528, ""X2Y2"": 198, ""X3Y1"": 72, ""X3Y2"": 27}",True,NOT_PROVEN_WITHOUT_MOVED_FF_CONTROL_SET_REPLAY,NOT_PROVEN_READ_ONLY_SITE_INVENTORY_ONLY,0,ALL_64,64,A49D88051B2D2E5D1255D4F806A7569CDA9B33A650A908566197031349AD8DB4,True,,True,False,U_NEG_UPSTREAM_WORSENING;U_PASS_UPSTREAM_INCREASE,,False,False,True,True,"[24.0, 46.0, 55.0, 5.0, -54.0, -25.0, -51.0, -41.0, 64.0]",58,-14.0,24.0,46.0,50.0,54.0,1455.0,2,55,1,58,-0.136,-0.0885,-0.043,-0.028,-0.017,-4.796,6,-2.0,30.0,46.0,46.0,46.0,148.0,1,5,0,6,0.011,0.040999999999999995,0.066,0.066,0.066,0.241,201,-67.0,-54.0,-25.0,3.0,15.0,-9575.0,190,11,0,201,-0.133,-0.038,-0.006,-0.003,-0.001,-7.99,384,-74.0,-51.0,-4.0,3.0,13.0,-16410.0,352,32,0,384,0.0,0.043,0.07,0.074,0.078,15.882,4032,-74.0,-41.0,8.0,12.0,33.0,-111874.0,2908,1094,30,4032,-0.133,0.357,0.894,1.023,1.334,1673.434
A_X080_Y112,80,112,68,92,96,128,276.0,132.0,1.0,825,13200,10400,2800,0.21378787878787878,"{""X2Y1"": 528, ""X2Y2"": 198, ""X3Y1"": 72, ""X3Y2"": 27}",True,NOT_PROVEN_WITHOUT_MOVED_FF_CONTROL_SET_REPLAY,NOT_PROVEN_READ_ONLY_SITE_INVENTORY_ONLY,0,DEST_X2Y1_MAJOR,22,EC8295A18CFB3214990035A3C2A8A03B2248BEA56069D816345F1D2C0CC4741A,True,,False,False,U_NEG_UPSTREAM_WORSENING;D_NEG_NO_MEDIAN_IMPROVEMENT,,False,True,False,True,"[0.0, 36.0, 20.0, 0.0, 0.0, 0.0, 0.0, 0.0, 22.0]",58,-14.0,0.0,36.0,45.0,46.0,467.0,2,20,36,58,-0.136,-0.0885,-0.043,-0.028,-0.017,-4.796,6,0.0,0.0,0.0,0.0,0.0,0.0,0,0,6,6,0.011,0.040999999999999995,0.066,0.066,0.066,0.241,201,-59.0,0.0,0.0,3.0,15.0,-2343.0,54,11,136,201,-0.133,-0.038,-0.006,-0.003,-0.001,-7.99,384,-59.0,0.0,0.0,0.0,13.0,-5153.0,123,19,242,384,0.0,0.043,0.07,0.074,0.078,15.882,4032,-59.0,0.0,0.0,5.0,33.0,-37452.0,1011,369,2652,4032,-0.133,0.357,0.894,1.023,1.334,1673.434
A_X080_Y112,80,112,68,92,96,128,276.0,132.0,1.0,825,13200,10400,2800,0.21363636363636362,"{""X2Y1"": 528, ""X2Y2"": 198, ""X3Y1"": 72, ""X3Y2"": 27}",True,NOT_PROVEN_WITHOUT_MOVED_FF_CONTROL_SET_REPLAY,NOT_PROVEN_READ_ONLY_SITE_INVENTORY_ONLY,0,DEST_X3Y1_MAJOR,20,D8DF451BC1C4EF6032E28F4D3065B488CCF48FA9921667AB64B2E0E8D05D4049,True,,True,False,U_NEG_UPSTREAM_WORSENING;U_PASS_UPSTREAM_INCREASE,,False,False,True,True,"[0.0, 33.0, 15.0, 4.0, -51.0, 0.0, 0.0, 0.0, 20.0]",58,0.0,0.0,33.0,38.0,54.0,429.0,0,15,43,58,-0.136,-0.0885,-0.043,-0.028,-0.017,-4.796,6,-2.0,18.5,46.0,46.0,46.0,117.0,1,4,1,6,0.011,0.040999999999999995,0.066,0.066,0.066,0.241,201,-67.0,-51.0,0.0,0.0,0.0,-6696.0,126,0,75,201,-0.133,-0.038,-0.006,-0.003,-0.001,-7.99,384,-67.0,0.0,0.0,0.0,13.0,-8038.0,165,4,215,384,0.0,0.043,0.07,0.074,0.078,15.882,4032,-67.0,0.0,0.0,4.0,32.0,-35444.0,941,293,2798,4032,-0.133,0.357,0.894,1.023,1.334,1673.434
A_X080_Y112,80,112,68,92,96,128,276.0,132.0,1.0,825,13200,10400,2800,0.21378787878787878,"{""X2Y1"": 528, ""X2Y2"": 198, ""X3Y1"": 72, ""X3Y2"": 27}",True,NOT_PROVEN_WITHOUT_MOVED_FF_CONTROL_SET_REPLAY,NOT_PROVEN_READ_ONLY_SITE_INVENTORY_ONLY,0,DEST_MIXED_OR_OTHER,22,62A80A6BF2780309EBB7ACB65499DC33F9E420F49ABAF670FF853CD53D650A7D,True,,False,False,U_NEG_UPSTREAM_WORSENING;U_PASS_UPSTREAM_INCREASE;D_NEG_NO_MEDIAN_IMPROVEMENT,,False,False,False,True,"[0.0, 36.0, 20.0, 1.0, 0.0, 0.0, 0.0, 0.0, 22.0]",58,0.0,0.0,36.0,45.0,53.0,559.0,0,20,38,58,-0.136,-0.0885,-0.043,-0.028,-0.017,-4.796,6,0.0,0.0,31.0,31.0,31.0,31.0,0,1,5,6,0.011,0.040999999999999995,0.066,0.066,0.066,0.241,201,-58.0,0.0,0.0,0.0,0.0,-536.0,10,0,191,201,-0.133,-0.038,-0.006,-0.003,-0.001,-7.99,384,-74.0,0.0,0.0,0.0,10.0,-3219.0,64,9,311,384,0.0,0.043,0.07,0.074,0.078,15.882,4032,-74.0,0.0,2.0,8.0,30.0,-38978.0,956,432,2644,4032,-0.133,0.357,0.894,1.023,1.334,1673.434
A_X080_Y112,80,112,68,92,96,128,276.0,132.0,1.0,825,13200,10400,2800,0.21333333333333335,"{""X2Y1"": 528, ""X2Y2"": 198, ""X3Y1"": 72, ""X3Y2"": 27}",True,NOT_PROVEN_WITHOUT_MOVED_FF_CONTROL_SET_REPLAY,NOT_PROVEN_READ_ONLY_SITE_INVENTORY_ONLY,0,FEATURE_BIN_0,16,25AFEB422DB3BDBEF4DCE97A6D1274116E7B27A3B94E395D479DC22D3DE14FFD,True,,False,False,U_NEG_UPSTREAM_WORSENING;D_NEG_NO_MEDIAN_IMPROVEMENT,,False,True,False,True,"[0.0, 33.0, 16.0, 0.0, 0.0, 0.0, 0.0, 0.0, 16.0]",58,0.0,0.0,33.0,45.0,53.0,513.0,0,16,42,58,-0.136,-0.0885,-0.043,-0.028,-0.017,-4.796,6,0.0,0.0,0.0,0.0,0.0,0.0,0,0,6,6,0.011,0.040999999999999995,0.066,0.066,0.066,0.241,201,-59.0,0.0,0.0,0.0,15.0,-3210.0,61,3,137,201,-0.133,-0.038,-0.006,-0.003,-0.001,-7.99,384,-74.0,0.0,0.0,0.0,13.0,-4276.0,86,10,288,384,0.0,0.043,0.07,0.074,0.078,15.882,4032,-74.0,0.0,0.0,7.0,33.0,-30334.0,663,345,3024,4032,-0.133,0.357,0.894,1.023,1.334,1673.434
A_X080_Y112,80,112,68,92,96,128,276.0,132.0,1.0,825,13200,10400,2800,0.21333333333333335,"{""X2Y1"": 528, ""X2Y2"": 198, ""X3Y1"": 72, ""X3Y2"": 27}",True,NOT_PROVEN_WITHOUT_MOVED_FF_CONTROL_SET_REPLAY,NOT_PROVEN_READ_ONLY_SITE_INVENTORY_ONLY,0,FEATURE_BIN_1,16,863B9B0389C1B994C73ED0C57EC56A84FD6D317708E59D47B391DA86E44D3A8E,True,,False,False,U_NEG_UPSTREAM_WORSENING;U_PASS_UPSTREAM_INCREASE;D_NEG_NO_MEDIAN_IMPROVEMENT,,False,False,False,True,"[0.0, 38.0, 14.0, 2.0, 0.0, 0.0, 0.0, 0.0, 16.0]",58,0.0,0.0,38.0,46.0,54.0,450.0,0,14,44,58,-0.136,-0.0885,-0.043,-0.028,-0.017,-4.796,6,0.0,0.0,46.0,46.0,46.0,75.0,0,2,4,6,0.011,0.040999999999999995,0.066,0.066,0.066,0.241,201,-67.0,0.0,0.0,0.0,6.0,-2196.0,41,7,153,201,-0.133,-0.038,-0.006,-0.003,-0.001,-7.99,384,-67.0,0.0,0.0,0.0,6.0,-4851.0,97,7,280,384,0.0,0.043,0.07,0.074,0.078,15.882,4032,-67.0,0.0,0.0,5.0,32.0,-28254.0,668,344,3020,4032,-0.133,0.357,0.894,1.023,1.334,1673.434
A_X080_Y112,80,112,68,92,96,128,276.0,132.0,1.0,825,13200,10400,2800,0.21333333333333335,"{""X2Y1"": 528, ""X2Y2"": 198, ""X3Y1"": 72, ""X3Y2"": 27}",True,NOT_PROVEN_WITHOUT_MOVED_FF_CONTROL_SET_REPLAY,NOT_PROVEN_READ_ONLY_SITE_INVENTORY_ONLY,0,FEATURE_BIN_2,16,18F6AC63D50EACD2B5F6CC669CA58252595A0313B759D7A0EC563D4D8CFF4410,True,,False,False,U_NEG_UPSTREAM_WORSENING;U_PASS_UPSTREAM_INCREASE;D_NEG_NO_MEDIAN_IMPROVEMENT,,False,False,False,True,"[0.0, 19.0, 13.0, 2.0, 0.0, 0.0, 0.0, 0.0, 16.0]",58,-14.0,0.0,19.0,36.0,36.0,278.0,1,13,44,58,-0.136,-0.0885,-0.043,-0.028,-0.017,-4.796,6,0.0,0.0,36.0,36.0,36.0,44.0,0,2,4,6,0.011,0.040999999999999995,0.066,0.066,0.066,0.241,201,-54.0,0.0,0.0,0.0,0.0,-2863.0,57,0,144,201,-0.133,-0.038,-0.006,-0.003,-0.001,-7.99,384,-55.0,0.0,0.0,0.0,8.0,-3741.0,83,2,299,384,0.0,0.043,0.07,0.074,0.078,15.882,4032,-55.0,0.0,0.0,0.0,19.0,-29414.0,878,109,3045,4032,-0.133,0.357,0.894,1.023,1.334,1673.434
A_X080_Y112,80,112,68,92,96,128,276.0,132.0,1.0,825,13200,10400,2800,0.21333333333333335,"{""X2Y1"": 528, ""X2Y2"": 198, ""X3Y1"": 72, ""X3Y2"": 27}",True,NOT_PROVEN_WITHOUT_MOVED_FF_CONTROL_SET_REPLAY,NOT_PROVEN_READ_ONLY_SITE_INVENTORY_ONLY,0,FEATURE_BIN_3,16,6D6B2605916DFCDD525A27838AC825D18C62B807369D6E6322040D77ED73CF54,True,,False,False,U_NEG_UPSTREAM_WORSENING;U_PASS_UPSTREAM_INCREASE;D_NEG_NO_MEDIAN_IMPROVEMENT,,False,False,False,True,"[0.0, 13.0, 12.0, 1.0, 0.0, 0.0, 0.0, 0.0, 16.0]",58,-2.0,0.0,13.0,36.0,36.0,214.0,1,12,45,58,-0.136,-0.0885,-0.043,-0.028,-0.017,-4.796,6,-2.0,0.0,31.0,31.0,31.0,29.0,1,1,4,6,0.011,0.040999999999999995,0.066,0.066,0.066,0.241,201,-49.0,0.0,0.0,0.0,3.0,-1306.0,31,1,169,201,-0.133,-0.038,-0.006,-0.003,-0.001,-7.99,384,-49.0,0.0,0.0,0.0,4.0,-3542.0,86,13,285,384,0.0,0.043,0.07,0.074,0.078,15.882,4032,-49.0,0.0,0.0,2.0,29.0,-23872.0,699,296,3037,4032,-0.133,0.357,0.894,1.023,1.334,1673.434
A_X080_Y116,80,116,68,92,100,132,276.0,128.0,1.0,825,13200,10719,2481,0.1928030303030303,"{""X2Y1"": 440, ""X2Y2"": 286, ""X3Y1"": 60, ""X3Y2"": 39}",True,NOT_PROVEN_WITHOUT_MOVED_FF_CONTROL_SET_REPLAY,NOT_PROVEN_READ_ONLY_SITE_INVENTORY_ONLY,0,ALL_64,64,A49D88051B2D2E5D1255D4F806A7569CDA9B33A650A908566197031349AD8DB4,True,,False,False,U_NEG_UPSTREAM_WORSENING;U_PASS_UPSTREAM_INCREASE,,False,False,True,True,"[20.0, 42.0, 53.0, 5.0, -50.0, -21.0, -47.0, -37.0, 64.0]",58,-18.0,20.0,42.0,46.0,50.0,1223.0,3,53,2,58,-0.136,-0.0885,-0.043,-0.028,-0.017,-4.796,6,-6.0,26.0,42.0,42.0,42.0,124.0,1,5,0,6,0.011,0.040999999999999995,0.066,0.066,0.066,0.241,201,-63.0,-50.0,-21.0,7.0,11.0,-8793.0,187,12,2,201,-0.133,-0.038,-0.006,-0.003,-0.001,-7.99,384,-70.0,-47.0,0.0,7.0,17.0,-14888.0,340,38,6,384,0.0,0.043,0.07,0.074,0.078,15.882,4032,-70.0,-37.0,11.0,14.0,29.0,-97110.0,2629,1306,97,4032,-0.133,0.357,0.894,1.023,1.334,1673.434
A_X080_Y116,80,116,68,92,100,132,276.0,128.0,1.0,825,13200,10719,2481,0.18962121212121213,"{""X2Y1"": 440, ""X2Y2"": 286, ""X3Y1"": 60, ""X3Y2"": 39}",True,NOT_PROVEN_WITHOUT_MOVED_FF_CONTROL_SET_REPLAY,NOT_PROVEN_READ_ONLY_SITE_INVENTORY_ONLY,0,DEST_X2Y1_MAJOR,22,EC8295A18CFB3214990035A3C2A8A03B2248BEA56069D816345F1D2C0CC4741A,True,,False,False,U_NEG_UPSTREAM_WORSENING;D_NEG_NO_MEDIAN_IMPROVEMENT,,False,True,False,True,"[0.0, 32.0, 20.0, 0.0, 0.0, 0.0, 0.0, 0.0, 22.0]",58,-18.0,0.0,32.0,41.0,42.0,379.0,2,20,36,58,-0.136,-0.0885,-0.043,-0.028,-0.017,-4.796,6,0.0,0.0,0.0,0.0,0.0,0.0,0,0,6,6,0.011,0.040999999999999995,0.066,0.066,0.066,0.241,201,-55.0,0.0,0.0,7.0,11.0,-2099.0,52,12,137,201,-0.133,-0.038,-0.006,-0.003,-0.001,-7.99,384,-55.0,0.0,0.0,3.0,10.0,-4593.0,114,24,246,384,0.0,0.043,0.07,0.074,0.078,15.882,4032,-55.0,0.0,2.0,9.0,29.0,-32530.0,897,442,2693,4032,-0.133,0.357,0.894,1.023,1.334,1673.434
A_X080_Y116,80,116,68,92,100,132,276.0,128.0,1.0,825,13200,10719,2481,0.18946969696969698,"{""X2Y1"": 440, ""X2Y2"": 286, ""X3Y1"": 60, ""X3Y2"": 39}",True,NOT_PROVEN_WITHOUT_MOVED_FF_CONTROL_SET_REPLAY,NOT_PROVEN_READ_ONLY_SITE_INVENTORY_ONLY,0,DEST_X3Y1_MAJOR,20,D8DF451BC1C4EF6032E28F4D3065B488CCF48FA9921667AB64B2E0E8D05D4049,True,,True,False,U_NEG_UPSTREAM_WORSENING;U_PASS_UPSTREAM_INCREASE,,False,False,True,True,"[0.0, 29.0, 15.0, 4.0, -47.0, 0.0, 0.0, 0.0, 20.0]",58,0.0,0.0,29.0,34.0,50.0,369.0,0,15,43,58,-0.136,-0.0885,-0.043,-0.028,-0.017,-4.796,6,-6.0,14.5,42.0,42.0,42.0,97.0,1,4,1,6,0.011,0.040999999999999995,0.066,0.066,0.066,0.241,201,-63.0,-47.0,0.0,0.0,0.0,-6198.0,125,0,76,201,-0.133,-0.038,-0.006,-0.003,-0.001,-7.99,384,-63.0,0.0,0.0,0.0,17.0,-7368.0,162,5,217,384,0.0,0.043,0.07,0.074,0.078,15.882,4032,-63.0,0.0,1.0,8.0,28.0,-30848.0,803,410,2819,4032,-0.133,0.357,0.894,1.023,1.334,1673.434
A_X080_Y116,80,116,68,92,100,132,276.0,128.0,1.0,825,13200,10719,2481,0.18962121212121213,"{""X2Y1"": 440, ""X2Y2"": 286, ""X3Y1"": 60, ""X3Y2"": 39}",True,NOT_PROVEN_WITHOUT_MOVED_FF_CONTROL_SET_REPLAY,NOT_PROVEN_READ_ONLY_SITE_INVENTORY_ONLY,0,DEST_MIXED_OR_OTHER,22,62A80A6BF2780309EBB7ACB65499DC33F9E420F49ABAF670FF853CD53D650A7D,True,,False,False,U_NEG_UPSTREAM_WORSENING;U_PASS_UPSTREAM_INCREASE;D_NEG_NO_MEDIAN_IMPROVEMENT,,False,False,False,True,"[0.0, 32.0, 18.0, 1.0, 0.0, 0.0, 0.0, 0.0, 22.0]",58,-4.0,0.0,32.0,41.0,49.0,475.0,1,18,39,58,-0.136,-0.0885,-0.043,-0.028,-0.017,-4.796,6,0.0,0.0,27.0,27.0,27.0,27.0,0,1,5,6,0.011,0.040999999999999995,0.066,0.066,0.066,0.241,201,-54.0,0.0,0.0,0.0,0.0,-496.0,10,0,191,201,-0.133,-0.038,-0.006,-0.003,-0.001,-7.99,384,-70.0,0.0,0.0,0.0,14.0,-2927.0,64,9,311,384,0.0,0.043,0.07,0.074,0.078,15.882,4032,-70.0,0.0,5.0,12.0,26.0,-33732.0,929,454,2649,4032,-0.133,0.357,0.894,1.023,1.334,1673.434
A_X080_Y116,80,116,68,92,100,132,276.0,128.0,1.0,825,13200,10719,2481,0.18916666666666668,"{""X2Y1"": 440, ""X2Y2"": 286, ""X3Y1"": 60, ""X3Y2"": 39}",True,NOT_PROVEN_WITHOUT_MOVED_FF_CONTROL_SET_REPLAY,NOT_PROVEN_READ_ONLY_SITE_INVENTORY_ONLY,0,FEATURE_BIN_0,16,25AFEB422DB3BDBEF4DCE97A6D1274116E7B27A3B94E395D479DC22D3DE14FFD,True,,False,False,U_NEG_UPSTREAM_WORSENING;D_NEG_NO_MEDIAN_IMPROVEMENT,,False,True,False,True,"[0.0, 29.0, 16.0, 0.0, 0.0, 0.0, 0.0, 0.0, 16.0]",58,0.0,0.0,29.0,41.0,49.0,449.0,0,16,42,58,-0.136,-0.0885,-0.043,-0.028,-0.017,-4.796,6,0.0,0.0,0.0,0.0,0.0,0.0,0,0,6,6,0.011,0.040999999999999995,0.066,0.066,0.066,0.241,201,-55.0,0.0,0.0,0.0,11.0,-2970.0,60,3,138,201,-0.133,-0.038,-0.006,-0.003,-0.001,-7.99,384,-70.0,0.0,0.0,0.0,17.0,-3900.0,84,12,288,384,0.0,0.043,0.07,0.074,0.078,15.882,4032,-70.0,0.0,0.0,11.0,29.0,-26464.0,652,357,3023,4032,-0.133,0.357,0.894,1.023,1.334,1673.434
A_X080_Y116,80,116,68,92,100,132,276.0,128.0,1.0,825,13200,10719,2481,0.18916666666666668,"{""X2Y1"": 440, ""X2Y2"": 286, ""X3Y1"": 60, ""X3Y2"": 39}",True,NOT_PROVEN_WITHOUT_MOVED_FF_CONTROL_SET_REPLAY,NOT_PROVEN_READ_ONLY_SITE_INVENTORY_ONLY,0,FEATURE_BIN_1,16,863B9B0389C1B994C73ED0C57EC56A84FD6D317708E59D47B391DA86E44D3A8E,True,,False,False,U_NEG_UPSTREAM_WORSENING;U_PASS_UPSTREAM_INCREASE;D_NEG_NO_MEDIAN_IMPROVEMENT,,False,False,False,True,"[0.0, 34.0, 14.0, 2.0, 0.0, 0.0, 0.0, 0.0, 16.0]",58,0.0,0.0,34.0,42.0,50.0,394.0,0,14,44,58,-0.136,-0.0885,-0.043,-0.028,-0.017,-4.796,6,0.0,0.0,42.0,42.0,42.0,67.0,0,2,4,6,0.011,0.040999999999999995,0.066,0.066,0.066,0.241,201,-63.0,0.0,0.0,0.0,10.0,-2008.0,41,7,153,201,-0.133,-0.038,-0.006,-0.003,-0.001,-7.99,384,-63.0,0.0,0.0,0.0,10.0,-4439.0,95,8,281,384,0.0,0.043,0.07,0.074,0.078,15.882,4032,-63.0,0.0,0.0,9.0,28.0,-24596.0,666,345,3021,4032,-0.133,0.357,0.894,1.023,1.334,1673.434
A_X080_Y116,80,116,68,92,100,132,276.0,128.0,1.0,825,13200,10719,2481,0.18916666666666668,"{""X2Y1"": 440, ""X2Y2"": 286, ""X3Y1"": 60, ""X3Y2"": 39}",True,NOT_PROVEN_WITHOUT_MOVED_FF_CONTROL_SET_REPLAY,NOT_PROVEN_READ_ONLY_SITE_INVENTORY_ONLY,0,FEATURE_BIN_2,16,18F6AC63D50EACD2B5F6CC669CA58252595A0313B759D7A0EC563D4D8CFF4410,True,,False,False,U_NEG_UPSTREAM_WORSENING;U_PASS_UPSTREAM_INCREASE;D_NEG_NO_MEDIAN_IMPROVEMENT,,False,False,False,True,"[0.0, 15.0, 13.0, 2.0, 0.0, 0.0, 0.0, 0.0, 16.0]",58,-18.0,0.0,15.0,32.0,32.0,222.0,1,13,44,58,-0.136,-0.0885,-0.043,-0.028,-0.017,-4.796,6,0.0,0.0,32.0,32.0,32.0,36.0,0,2,4,6,0.011,0.040999999999999995,0.066,0.066,0.066,0.241,201,-50.0,0.0,0.0,0.0,1.0,-2635.0,55,1,145,201,-0.133,-0.038,-0.006,-0.003,-0.001,-7.99,384,-51.0,0.0,0.0,0.0,12.0,-3401.0,75,5,304,384,0.0,0.043,0.07,0.074,0.078,15.882,4032,-51.0,0.0,0.0,2.0,15.0,-25752.0,667,257,3108,4032,-0.133,0.357,0.894,1.023,1.334,1673.434
A_X080_Y116,80,116,68,92,100,132,276.0,128.0,1.0,825,13200,10719,2481,0.18916666666666668,"{""X2Y1"": 440, ""X2Y2"": 286, ""X3Y1"": 60, ""X3Y2"": 39}",True,NOT_PROVEN_WITHOUT_MOVED_FF_CONTROL_SET_REPLAY,NOT_PROVEN_READ_ONLY_SITE_INVENTORY_ONLY,0,FEATURE_BIN_3,16,6D6B2605916DFCDD525A27838AC825D18C62B807369D6E6322040D77ED73CF54,True,,False,False,U_NEG_UPSTREAM_WORSENING;U_PASS_UPSTREAM_INCREASE;D_NEG_NO_MEDIAN_IMPROVEMENT,,False,False,False,True,"[0.0, 9.0, 10.0, 1.0, 0.0, 0.0, 0.0, 0.0, 16.0]",58,-6.0,0.0,9.0,32.0,32.0,158.0,2,10,46,58,-0.136,-0.0885,-0.043,-0.028,-0.017,-4.796,6,-6.0,0.0,27.0,27.0,27.0,21.0,1,1,4,6,0.011,0.040999999999999995,0.066,0.066,0.066,0.241,201,-45.0,0.0,0.0,0.0,7.0,-1180.0,31,1,169,201,-0.133,-0.038,-0.006,-0.003,-0.001,-7.99,384,-45.0,0.0,0.0,0.0,8.0,-3148.0,86,13,285,384,0.0,0.043,0.07,0.074,0.078,15.882,4032,-45.0,0.0,0.0,6.0,25.0,-20298.0,644,347,3041,4032,-0.133,0.357,0.894,1.023,1.334,1673.434
A_X084_Y076,84,76,72,96,60,92,286.0,169.0,1.0,825,13200,9632,3568,0.27515151515151515,"{""X2Y1"": 594, ""X3Y1"": 231}",True,NOT_PROVEN_WITHOUT_MOVED_FF_CONTROL_SET_REPLAY,NOT_PROVEN_READ_ONLY_SITE_INVENTORY_ONLY,64,ALL_64,64,A49D88051B2D2E5D1255D4F806A7569CDA9B33A650A908566197031349AD8DB4,True,,False,False,U_NEG_UPSTREAM_WORSENING;U_PASS_UPSTREAM_INCREASE,,False,False,True,True,"[71.0, 93.0, 58.0, 6.0, -70.0, -28.0, -61.0, -32.0, 64.0]",58,33.0,71.0,93.0,97.0,101.0,4181.0,0,58,0,58,-0.136,-0.0885,-0.043,-0.028,-0.017,-4.796,6,45.0,77.0,93.0,93.0,93.0,430.0,0,6,0,6,0.011,0.040999999999999995,0.066,0.066,0.066,0.241,201,-104.0,-70.0,-28.0,-15.0,62.0,-12884.0,191,10,0,201,-0.133,-0.038,-0.006,-0.003,-0.001,-7.99,384,-106.0,-61.0,-14.0,5.0,60.0,-22298.0,357,27,0,384,0.0,0.043,0.07,0.074,0.078,15.882,4032,-115.0,-32.0,43.0,52.0,80.0,-107714.0,2724,1293,15,4032,-0.133,0.357,0.894,1.023,1.334,1673.434
A_X084_Y076,84,76,72,96,60,92,286.0,169.0,1.0,825,13200,9632,3568,0.271969696969697,"{""X2Y1"": 594, ""X3Y1"": 231}",True,NOT_PROVEN_WITHOUT_MOVED_FF_CONTROL_SET_REPLAY,NOT_PROVEN_READ_ONLY_SITE_INVENTORY_ONLY,22,DEST_X2Y1_MAJOR,22,EC8295A18CFB3214990035A3C2A8A03B2248BEA56069D816345F1D2C0CC4741A,True,,False,False,U_NEG_UPSTREAM_WORSENING;D_NEG_NO_MEDIAN_IMPROVEMENT,,False,True,False,True,"[0.0, 83.0, 22.0, 0.0, 0.0, 0.0, 0.0, 0.0, 22.0]",58,0.0,0.0,83.0,92.0,93.0,1501.0,0,22,36,58,-0.136,-0.0885,-0.043,-0.028,-0.017,-4.796,6,0.0,0.0,0.0,0.0,0.0,0.0,0,0,6,6,0.011,0.040999999999999995,0.066,0.066,0.066,0.241,201,-104.0,0.0,0.0,0.0,62.0,-3704.0,57,8,136,201,-0.133,-0.038,-0.006,-0.003,-0.001,-7.99,384,-102.0,0.0,0.0,0.0,60.0,-7279.0,126,16,242,384,0.0,0.043,0.07,0.074,0.078,15.882,4032,-104.0,0.0,8.0,36.0,80.0,-35872.0,923,457,2652,4032,-0.133,0.357,0.894,1.023,1.334,1673.434
A_X084_Y076,84,76,72,96,60,92,286.0,169.0,1.0,825,13200,9632,3568,0.2718181818181818,"{""X2Y1"": 594, ""X3Y1"": 231}",True,NOT_PROVEN_WITHOUT_MOVED_FF_CONTROL_SET_REPLAY,NOT_PROVEN_READ_ONLY_SITE_INVENTORY_ONLY,20,DEST_X3Y1_MAJOR,20,D8DF451BC1C4EF6032E28F4D3065B488CCF48FA9921667AB64B2E0E8D05D4049,True,,False,False,U_NEG_UPSTREAM_WORSENING;U_PASS_UPSTREAM_INCREASE,,False,False,True,True,"[0.0, 80.0, 15.0, 5.0, -43.0, 0.0, 0.0, 0.0, 20.0]",58,0.0,0.0,80.0,85.0,101.0,1134.0,0,15,43,58,-0.136,-0.0885,-0.043,-0.028,-0.017,-4.796,6,0.0,65.5,93.0,93.0,93.0,352.0,0,5,1,6,0.011,0.040999999999999995,0.066,0.066,0.066,0.241,201,-104.0,-43.0,0.0,0.0,17.0,-8520.0,124,2,75,201,-0.133,-0.038,-0.006,-0.003,-0.001,-7.99,384,-106.0,0.0,0.0,0.0,21.0,-10445.0,161,8,215,384,0.0,0.043,0.07,0.074,0.078,15.882,4032,-108.0,0.0,0.0,29.0,79.0,-34056.0,860,399,2773,4032,-0.133,0.357,0.894,1.023,1.334,1673.434
A_X084_Y076,84,76,72,96,60,92,286.0,169.0,1.0,825,13200,9632,3568,0.271969696969697,"{""X2Y1"": 594, ""X3Y1"": 231}",True,NOT_PROVEN_WITHOUT_MOVED_FF_CONTROL_SET_REPLAY,NOT_PROVEN_READ_ONLY_SITE_INVENTORY_ONLY,22,DEST_MIXED_OR_OTHER,22,62A80A6BF2780309EBB7ACB65499DC33F9E420F49ABAF670FF853CD53D650A7D,True,,False,False,U_NEG_UPSTREAM_WORSENING;U_PASS_UPSTREAM_INCREASE;D_NEG_NO_MEDIAN_IMPROVEMENT,,False,False,False,True,"[0.0, 83.0, 21.0, 1.0, 0.0, 0.0, 0.0, 0.0, 22.0]",58,0.0,0.0,83.0,92.0,100.0,1546.0,0,21,37,58,-0.136,-0.0885,-0.043,-0.028,-0.017,-4.796,6,0.0,0.0,78.0,78.0,78.0,78.0,0,1,5,6,0.011,0.040999999999999995,0.066,0.066,0.066,0.241,201,-98.0,0.0,0.0,0.0,0.0,-660.0,10,0,191,201,-0.133,-0.038,-0.006,-0.003,-0.001,-7.99,384,-103.0,0.0,0.0,0.0,27.0,-4574.0,70,3,311,384,0.0,0.043,0.07,0.074,0.078,15.882,4032,-115.0,0.0,9.0,34.0,77.0,-37786.0,941,437,2654,4032,-0.133,0.357,0.894,1.023,1.334,1673.434
A_X084_Y076,84,76,72,96,60,92,286.0,169.0,1.0,825,13200,9632,3568,0.27151515151515154,"{""X2Y1"": 594, ""X3Y1"": 231}",True,NOT_PROVEN_WITHOUT_MOVED_FF_CONTROL_SET_REPLAY,NOT_PROVEN_READ_ONLY_SITE_INVENTORY_ONLY,16,FEATURE_BIN_0,16,25AFEB422DB3BDBEF4DCE97A6D1274116E7B27A3B94E395D479DC22D3DE14FFD,True,,False,False,U_NEG_UPSTREAM_WORSENING;D_NEG_NO_MEDIAN_IMPROVEMENT,,False,True,False,True,"[0.0, 80.0, 16.0, 0.0, 0.0, 0.0, 0.0, 0.0, 16.0]",58,0.0,0.0,80.0,92.0,100.0,1265.0,0,16,42,58,-0.136,-0.0885,-0.043,-0.028,-0.017,-4.796,6,0.0,0.0,0.0,0.0,0.0,0.0,0,0,6,6,0.011,0.040999999999999995,0.066,0.066,0.066,0.241,201,-104.0,0.0,0.0,0.0,62.0,-3936.0,59,5,137,201,-0.133,-0.038,-0.006,-0.003,-0.001,-7.99,384,-104.0,0.0,0.0,0.0,60.0,-5986.0,85,11,288,384,0.0,0.043,0.07,0.074,0.078,15.882,4032,-115.0,0.0,0.0,21.0,80.0,-30502.0,699,308,3025,4032,-0.133,0.357,0.894,1.023,1.334,1673.434
A_X084_Y076,84,76,72,96,60,92,286.0,169.0,1.0,825,13200,9632,3568,0.27151515151515154,"{""X2Y1"": 594, ""X3Y1"": 231}",True,NOT_PROVEN_WITHOUT_MOVED_FF_CONTROL_SET_REPLAY,NOT_PROVEN_READ_ONLY_SITE_INVENTORY_ONLY,16,FEATURE_BIN_1,16,863B9B0389C1B994C73ED0C57EC56A84FD6D317708E59D47B391DA86E44D3A8E,True,,False,False,U_NEG_UPSTREAM_WORSENING;U_PASS_UPSTREAM_INCREASE;D_NEG_NO_MEDIAN_IMPROVEMENT,,False,False,False,True,"[0.0, 85.0, 14.0, 2.0, 0.0, 0.0, 0.0, 0.0, 16.0]",58,0.0,0.0,85.0,93.0,101.0,1108.0,0,14,44,58,-0.136,-0.0885,-0.043,-0.028,-0.017,-4.796,6,0.0,0.0,93.0,93.0,93.0,169.0,0,2,4,6,0.011,0.040999999999999995,0.066,0.066,0.066,0.241,201,-104.0,0.0,0.0,0.0,25.0,-3196.0,46,2,153,201,-0.133,-0.038,-0.006,-0.003,-0.001,-7.99,384,-106.0,0.0,0.0,0.0,26.0,-6041.0,97,7,280,384,0.0,0.043,0.07,0.074,0.078,15.882,4032,-110.0,0.0,0.0,26.0,79.0,-26832.0,676,332,3024,4032,-0.133,0.357,0.894,1.023,1.334,1673.434
A_X084_Y076,84,76,72,96,60,92,286.0,169.0,1.0,825,13200,9632,3568,0.27151515151515154,"{""X2Y1"": 594, ""X3Y1"": 231}",True,NOT_PROVEN_WITHOUT_MOVED_FF_CONTROL_SET_REPLAY,NOT_PROVEN_READ_ONLY_SITE_INVENTORY_ONLY,16,FEATURE_BIN_2,16,18F6AC63D50EACD2B5F6CC669CA58252595A0313B759D7A0EC563D4D8CFF4410,True,,False,False,U_NEG_UPSTREAM_WORSENING;U_PASS_UPSTREAM_INCREASE;D_NEG_NO_MEDIAN_IMPROVEMENT,,False,False,False,True,"[0.0, 66.0, 14.0, 2.0, 0.0, 0.0, 0.0, 0.0, 16.0]",58,0.0,0.0,66.0,83.0,83.0,936.0,0,14,44,58,-0.136,-0.0885,-0.043,-0.028,-0.017,-4.796,6,0.0,0.0,83.0,83.0,83.0,138.0,0,2,4,6,0.011,0.040999999999999995,0.066,0.066,0.066,0.241,201,-99.0,0.0,0.0,0.0,17.0,-3834.0,55,2,144,201,-0.133,-0.038,-0.006,-0.003,-0.001,-7.99,384,-99.0,0.0,0.0,0.0,21.0,-5128.0,79,6,299,384,0.0,0.043,0.07,0.074,0.078,15.882,4032,-102.0,0.0,0.0,20.0,66.0,-27904.0,677,334,3021,4032,-0.133,0.357,0.894,1.023,1.334,1673.434
A_X084_Y076,84,76,72,96,60,92,286.0,169.0,1.0,825,13200,9632,3568,0.27151515151515154,"{""X2Y1"": 594, ""X3Y1"": 231}",True,NOT_PROVEN_WITHOUT_MOVED_FF_CONTROL_SET_REPLAY,NOT_PROVEN_READ_ONLY_SITE_INVENTORY_ONLY,16,FEATURE_BIN_3,16,6D6B2605916DFCDD525A27838AC825D18C62B807369D6E6322040D77ED73CF54,True,,False,False,U_NEG_UPSTREAM_WORSENING;U_PASS_UPSTREAM_INCREASE;D_NEG_NO_MEDIAN_IMPROVEMENT,,False,False,False,True,"[0.0, 60.0, 14.0, 2.0, 0.0, 0.0, 0.0, 0.0, 16.0]",58,0.0,0.0,60.0,83.0,83.0,872.0,0,14,44,58,-0.136,-0.0885,-0.043,-0.028,-0.017,-4.796,6,0.0,0.0,78.0,78.0,78.0,123.0,0,2,4,6,0.011,0.040999999999999995,0.066,0.066,0.066,0.241,201,-96.0,0.0,0.0,0.0,11.0,-1918.0,31,1,169,201,-0.133,-0.038,-0.006,-0.003,-0.001,-7.99,384,-96.0,0.0,0.0,0.0,21.0,-5143.0,96,3,285,384,0.0,0.043,0.07,0.074,0.078,15.882,4032,-96.0,0.0,0.0,20.0,76.0,-22476.0,672,319,3041,4032,-0.133,0.357,0.894,1.023,1.334,1673.434
A_X084_Y080,84,80,72,96,64,96,286.0,165.0,1.0,825,13200,9178,4022,0.30954545454545457,"{""X2Y1"": 594, ""X3Y1"": 231}",True,NOT_PROVEN_WITHOUT_MOVED_FF_CONTROL_SET_REPLAY,NOT_PROVEN_READ_ONLY_SITE_INVENTORY_ONLY,64,ALL_64,64,A49D88051B2D2E5D1255D4F806A7569CDA9B33A650A908566197031349AD8DB4,True,,False,False,U_NEG_UPSTREAM_WORSENING;U_PASS_UPSTREAM_INCREASE,,False,False,True,True,"[67.0, 89.0, 58.0, 6.0, -74.0, -30.0, -63.0, -35.0, 64.0]",58,29.0,67.0,89.0,93.0,97.0,3949.0,0,58,0,58,-0.136,-0.0885,-0.043,-0.028,-0.017,-4.796,6,41.0,73.0,89.0,89.0,89.0,406.0,0,6,0,6,0.011,0.040999999999999995,0.066,0.066,0.066,0.241,201,-102.0,-74.0,-30.0,-17.0,58.0,-13372.0,193,8,0,201,-0.133,-0.038,-0.006,-0.003,-0.001,-7.99,384,-102.0,-63.0,-13.0,1.0,56.0,-23104.0,361,20,3,384,0.0,0.043,0.07,0.074,0.078,15.882,4032,-117.0,-35.0,39.0,48.0,76.0,-119026.0,2767,1249,16,4032,-0.133,0.357,0.894,1.023,1.334,1673.434
A_X084_Y080,84,80,72,96,64,96,286.0,165.0,1.0,825,13200,9178,4022,0.30636363636363634,"{""X2Y1"": 594, ""X3Y1"": 231}",True,NOT_PROVEN_WITHOUT_MOVED_FF_CONTROL_SET_REPLAY,NOT_PROVEN_READ_ONLY_SITE_INVENTORY_ONLY,22,DEST_X2Y1_MAJOR,22,EC8295A18CFB3214990035A3C2A8A03B2248BEA56069D816345F1D2C0CC4741A,True,,False,False,U_NEG_UPSTREAM_WORSENING;D_NEG_NO_MEDIAN_IMPROVEMENT,,False,True,False,True,"[0.0, 79.0, 22.0, 0.0, 0.0, 0.0, 0.0, 0.0, 22.0]",58,0.0,0.0,79.0,88.0,89.0,1413.0,0,22,36,58,-0.136,-0.0885,-0.043,-0.028,-0.017,-4.796,6,0.0,0.0,0.0,0.0,0.0,0.0,0,0,6,6,0.011,0.040999999999999995,0.066,0.066,0.066,0.241,201,-102.0,0.0,0.0,0.0,58.0,-3812.0,58,7,136,201,-0.133,-0.038,-0.006,-0.003,-0.001,-7.99,384,-99.0,0.0,0.0,0.0,56.0,-7599.0,127,12,245,384,0.0,0.043,0.07,0.074,0.078,15.882,4032,-102.0,0.0,4.0,32.0,76.0,-39828.0,942,434,2656,4032,-0.133,0.357,0.894,1.023,1.334,1673.434
A_X084_Y080,84,80,72,96,64,96,286.0,165.0,1.0,825,13200,9178,4022,0.3062121212121212,"{""X2Y1"": 594, ""X3Y1"": 231}",True,NOT_PROVEN_WITHOUT_MOVED_FF_CONTROL_SET_REPLAY,NOT_PROVEN_READ_ONLY_SITE_INVENTORY_ONLY,20,DEST_X3Y1_MAJOR,20,D8DF451BC1C4EF6032E28F4D3065B488CCF48FA9921667AB64B2E0E8D05D4049,True,,False,False,U_NEG_UPSTREAM_WORSENING;U_PASS_UPSTREAM_INCREASE,,False,False,True,True,"[0.0, 76.0, 15.0, 5.0, -47.0, 0.0, 0.0, 0.0, 20.0]",58,0.0,0.0,76.0,81.0,97.0,1074.0,0,15,43,58,-0.136,-0.0885,-0.043,-0.028,-0.017,-4.796,6,0.0,61.5,89.0,89.0,89.0,332.0,0,5,1,6,0.011,0.040999999999999995,0.066,0.066,0.066,0.241,201,-102.0,-47.0,0.0,0.0,13.0,-8876.0,125,1,75,201,-0.133,-0.038,-0.006,-0.003,-0.001,-7.99,384,-102.0,0.0,0.0,0.0,17.0,-10837.0,164,5,215,384,0.0,0.043,0.07,0.074,0.078,15.882,4032,-110.0,0.0,0.0,25.0,75.0,-37582.0,868,390,2774,4032,-0.133,0.357,0.894,1.023,1.334,1673.434
A_X084_Y080,84,80,72,96,64,96,286.0,165.0,1.0,825,13200,9178,4022,0.30636363636363634,"{""X2Y1"": 594, ""X3Y1"": 231}",True,NOT_PROVEN_WITHOUT_MOVED_FF_CONTROL_SET_REPLAY,NOT_PROVEN_READ_ONLY_SITE_INVENTORY_ONLY,22,DEST_MIXED_OR_OTHER,22,62A80A6BF2780309EBB7ACB65499DC33F9E420F49ABAF670FF853CD53D650A7D,True,,False,False,U_NEG_UPSTREAM_WORSENING;U_PASS_UPSTREAM_INCREASE;D_NEG_NO_MEDIAN_IMPROVEMENT,,False,False,False,True,"[0.0, 79.0, 21.0, 1.0, 0.0, 0.0, 0.0, 0.0, 22.0]",58,0.0,0.0,79.0,88.0,96.0,1462.0,0,21,37,58,-0.136,-0.0885,-0.043,-0.028,-0.017,-4.796,6,0.0,0.0,74.0,74.0,74.0,74.0,0,1,5,6,0.011,0.040999999999999995,0.066,0.066,0.066,0.241,201,-95.0,0.0,0.0,0.0,0.0,-684.0,10,0,191,201,-0.133,-0.038,-0.006,-0.003,-0.001,-7.99,384,-101.0,0.0,0.0,0.0,23.0,-4668.0,70,3,311,384,0.0,0.043,0.07,0.074,0.078,15.882,4032,-117.0,0.0,5.0,30.0,73.0,-41616.0,957,425,2650,4032,-0.133,0.357,0.894,1.023,1.334,1673.434
A_X084_Y080,84,80,72,96,64,96,286.0,165.0,1.0,825,13200,9178,4022,0.3059090909090909,"{""X2Y1"": 594, ""X3Y1"": 231}",True,NOT_PROVEN_WITHOUT_MOVED_FF_CONTROL_SET_REPLAY,NOT_PROVEN_READ_ONLY_SITE_INVENTORY_ONLY,16,FEATURE_BIN_0,16,25AFEB422DB3BDBEF4DCE97A6D1274116E7B27A3B94E395D479DC22D3DE14FFD,True,,False,False,U_NEG_UPSTREAM_WORSENING;D_NEG_NO_MEDIAN_IMPROVEMENT,,False,True,False,True,"[0.0, 76.0, 16.0, 0.0, 0.0, 0.0, 0.0, 0.0, 16.0]",58,0.0,0.0,76.0,88.0,96.0,1201.0,0,16,42,58,-0.136,-0.0885,-0.043,-0.028,-0.017,-4.796,6,0.0,0.0,0.0,0.0,0.0,0.0,0,0,6,6,0.011,0.040999999999999995,0.066,0.066,0.066,0.241,201,-102.0,0.0,0.0,0.0,58.0,-4132.0,60,4,137,201,-0.133,-0.038,-0.006,-0.003,-0.001,-7.99,384,-101.0,0.0,0.0,0.0,56.0,-6160.0,87,6,291,384,0.0,0.043,0.07,0.074,0.078,15.882,4032,-117.0,0.0,0.0,17.0,76.0,-33376.0,710,295,3027,4032,-0.133,0.357,0.894,1.023,1.334,1673.434
A_X084_Y080,84,80,72,96,64,96,286.0,165.0,1.0,825,13200,9178,4022,0.3059090909090909,"{""X2Y1"": 594, ""X3Y1"": 231}",True,NOT_PROVEN_WITHOUT_MOVED_FF_CONTROL_SET_REPLAY,NOT_PROVEN_READ_ONLY_SITE_INVENTORY_ONLY,16,FEATURE_BIN_1,16,863B9B0389C1B994C73ED0C57EC56A84FD6D317708E59D47B391DA86E44D3A8E,True,,False,False,U_NEG_UPSTREAM_WORSENING;U_PASS_UPSTREAM_INCREASE;D_NEG_NO_MEDIAN_IMPROVEMENT,,False,False,False,True,"[0.0, 81.0, 14.0, 2.0, 0.0, 0.0, 0.0, 0.0, 16.0]",58,0.0,0.0,81.0,89.0,97.0,1052.0,0,14,44,58,-0.136,-0.0885,-0.043,-0.028,-0.017,-4.796,6,0.0,0.0,89.0,89.0,89.0,161.0,0,2,4,6,0.011,0.040999999999999995,0.066,0.066,0.066,0.241,201,-100.0,0.0,0.0,0.0,21.0,-3244.0,47,1,153,201,-0.133,-0.038,-0.006,-0.003,-0.001,-7.99,384,-102.0,0.0,0.0,0.0,22.0,-6267.0,97,7,280,384,0.0,0.043,0.07,0.074,0.078,15.882,4032,-110.0,0.0,0.0,22.0,75.0,-29572.0,682,328,3022,4032,-0.133,0.357,0.894,1.023,1.334,1673.434
A_X084_Y080,84,80,72,96,64,96,286.0,165.0,1.0,825,13200,9178,4022,0.3059090909090909,"{""X2Y1"": 594, ""X3Y1"": 231}",True,NOT_PROVEN_WITHOUT_MOVED_FF_CONTROL_SET_REPLAY,NOT_PROVEN_READ_ONLY_SITE_INVENTORY_ONLY,16,FEATURE_BIN_2,16,18F6AC63D50EACD2B5F6CC669CA58252595A0313B759D7A0EC563D4D8CFF4410,True,,False,False,U_NEG_UPSTREAM_WORSENING;U_PASS_UPSTREAM_INCREASE;D_NEG_NO_MEDIAN_IMPROVEMENT,,False,False,False,True,"[0.0, 62.0, 14.0, 2.0, 0.0, 0.0, 0.0, 0.0, 16.0]",58,0.0,0.0,62.0,79.0,79.0,880.0,0,14,44,58,-0.136,-0.0885,-0.043,-0.028,-0.017,-4.796,6,0.0,0.0,79.0,79.0,79.0,130.0,0,2,4,6,0.011,0.040999999999999995,0.066,0.066,0.066,0.241,201,-97.0,0.0,0.0,0.0,13.0,-4010.0,55,2,144,201,-0.133,-0.038,-0.006,-0.003,-0.001,-7.99,384,-96.0,0.0,0.0,0.0,17.0,-5342.0,81,4,299,384,0.0,0.043,0.07,0.074,0.078,15.882,4032,-98.0,0.0,0.0,16.0,62.0,-30916.0,689,318,3025,4032,-0.133,0.357,0.894,1.023,1.334,1673.434
A_X084_Y080,84,80,72,96,64,96,286.0,165.0,1.0,825,13200,9178,4022,0.3059090909090909,"{""X2Y1"": 594, ""X3Y1"": 231}",True,NOT_PROVEN_WITHOUT_MOVED_FF_CONTROL_SET_REPLAY,NOT_PROVEN_READ_ONLY_SITE_INVENTORY_ONLY,16,FEATURE_BIN_3,16,6D6B2605916DFCDD525A27838AC825D18C62B807369D6E6322040D77ED73CF54,True,,False,False,U_NEG_UPSTREAM_WORSENING;U_PASS_UPSTREAM_INCREASE;D_NEG_NO_MEDIAN_IMPROVEMENT,,False,False,False,True,"[0.0, 56.0, 14.0, 2.0, 0.0, 0.0, 0.0, 0.0, 16.0]",58,0.0,0.0,56.0,79.0,79.0,816.0,0,14,44,58,-0.136,-0.0885,-0.043,-0.028,-0.017,-4.796,6,0.0,0.0,74.0,74.0,74.0,115.0,0,2,4,6,0.011,0.040999999999999995,0.066,0.066,0.066,0.241,201,-92.0,0.0,0.0,0.0,7.0,-1986.0,31,1,169,201,-0.133,-0.038,-0.006,-0.003,-0.001,-7.99,384,-92.0,0.0,0.0,0.0,17.0,-5335.0,96,3,285,384,0.0,0.043,0.07,0.074,0.078,15.882,4032,-92.0,0.0,0.0,16.0,72.0,-25162.0,686,308,3038,4032,-0.133,0.357,0.894,1.023,1.334,1673.434
A_X084_Y084,84,84,72,96,68,100,286.0,161.0,1.0,825,13200,8757,4443,0.34143939393939393,"{""X2Y1"": 594, ""X3Y1"": 231}",True,NOT_PROVEN_WITHOUT_MOVED_FF_CONTROL_SET_REPLAY,NOT_PROVEN_READ_ONLY_SITE_INVENTORY_ONLY,64,ALL_64,64,A49D88051B2D2E5D1255D4F806A7569CDA9B33A650A908566197031349AD8DB4,True,,False,False,U_NEG_UPSTREAM_WORSENING;U_PASS_UPSTREAM_INCREASE,,False,False,True,True,"[63.0, 85.0, 58.0, 6.0, -78.0, -27.0, -67.0, -39.0, 64.0]",58,25.0,63.0,85.0,89.0,93.0,3717.0,0,58,0,58,-0.136,-0.0885,-0.043,-0.028,-0.017,-4.796,6,37.0,69.0,85.0,85.0,85.0,382.0,0,6,0,6,0.011,0.040999999999999995,0.066,0.066,0.066,0.241,201,-98.0,-78.0,-27.0,-13.0,54.0,-13606.0,193,7,1,201,-0.133,-0.038,-0.006,-0.003,-0.001,-7.99,384,-105.0,-67.0,-14.0,-3.0,52.0,-23504.0,368,16,0,384,0.0,0.043,0.07,0.074,0.078,15.882,4032,-113.0,-39.0,35.0,44.0,72.0,-127376.0,2828,1176,28,4032,-0.133,0.357,0.894,1.023,1.334,1673.434
A_X084_Y084,84,84,72,96,68,100,286.0,161.0,1.0,825,13200,8757,4443,0.33825757575757576,"{""X2Y1"": 594, ""X3Y1"": 231}",True,NOT_PROVEN_WITHOUT_MOVED_FF_CONTROL_SET_REPLAY,NOT_PROVEN_READ_ONLY_SITE_INVENTORY_ONLY,22,DEST_X2Y1_MAJOR,22,EC8295A18CFB3214990035A3C2A8A03B2248BEA56069D816345F1D2C0CC4741A,True,,False,False,U_NEG_UPSTREAM_WORSENING;D_NEG_NO_MEDIAN_IMPROVEMENT,,False,True,False,True,"[0.0, 75.0, 22.0, 0.0, 0.0, 0.0, 0.0, 0.0, 22.0]",58,0.0,0.0,75.0,84.0,85.0,1325.0,0,22,36,58,-0.136,-0.0885,-0.043,-0.028,-0.017,-4.796,6,0.0,0.0,0.0,0.0,0.0,0.0,0,0,6,6,0.011,0.040999999999999995,0.066,0.066,0.066,0.241,201,-98.0,0.0,0.0,0.0,54.0,-3782.0,58,6,137,201,-0.133,-0.038,-0.006,-0.003,-0.001,-7.99,384,-96.0,0.0,0.0,0.0,52.0,-7723.0,132,10,242,384,0.0,0.043,0.07,0.074,0.078,15.882,4032,-98.0,0.0,0.0,28.0,72.0,-42688.0,965,401,2666,4032,-0.133,0.357,0.894,1.023,1.334,1673.434
A_X084_Y084,84,84,72,96,68,100,286.0,161.0,1.0,825,13200,8757,4443,0.33810606060606063,"{""X2Y1"": 594, ""X3Y1"": 231}",True,NOT_PROVEN_WITHOUT_MOVED_FF_CONTROL_SET_REPLAY,NOT_PROVEN_READ_ONLY_SITE_INVENTORY_ONLY,20,DEST_X3Y1_MAJOR,20,D8DF451BC1C4EF6032E28F4D3065B488CCF48FA9921667AB64B2E0E8D05D4049,True,,False,False,U_NEG_UPSTREAM_WORSENING;U_PASS_UPSTREAM_INCREASE,,False,False,True,True,"[0.0, 72.0, 15.0, 5.0, -51.0, 0.0, 0.0, 0.0, 20.0]",58,0.0,0.0,72.0,77.0,93.0,1014.0,0,15,43,58,-0.136,-0.0885,-0.043,-0.028,-0.017,-4.796,6,0.0,57.5,85.0,85.0,85.0,312.0,0,5,1,6,0.011,0.040999999999999995,0.066,0.066,0.066,0.241,201,-98.0,-51.0,0.0,0.0,9.0,-9118.0,125,1,75,201,-0.133,-0.038,-0.006,-0.003,-0.001,-7.99,384,-98.0,0.0,0.0,0.0,13.0,-11081.0,166,3,215,384,0.0,0.043,0.07,0.074,0.078,15.882,4032,-106.0,0.0,0.0,21.0,71.0,-40178.0,883,371,2778,4032,-0.133,0.357,0.894,1.023,1.334,1673.434
A_X084_Y084,84,84,72,96,68,100,286.0,161.0,1.0,825,13200,8757,4443,0.33825757575757576,"{""X2Y1"": 594, ""X3Y1"": 231}",True,NOT_PROVEN_WITHOUT_MOVED_FF_CONTROL_SET_REPLAY,NOT_PROVEN_READ_ONLY_SITE_INVENTORY_ONLY,22,DEST_MIXED_OR_OTHER,22,62A80A6BF2780309EBB7ACB65499DC33F9E420F49ABAF670FF853CD53D650A7D,True,,False,False,U_NEG_UPSTREAM_WORSENING;U_PASS_UPSTREAM_INCREASE;D_NEG_NO_MEDIAN_IMPROVEMENT,,False,False,False,True,"[0.0, 75.0, 21.0, 1.0, 0.0, 0.0, 0.0, 0.0, 22.0]",58,0.0,0.0,75.0,84.0,92.0,1378.0,0,21,37,58,-0.136,-0.0885,-0.043,-0.028,-0.017,-4.796,6,0.0,0.0,70.0,70.0,70.0,70.0,0,1,5,6,0.011,0.040999999999999995,0.066,0.066,0.066,0.241,201,-97.0,0.0,0.0,0.0,0.0,-706.0,10,0,191,201,-0.133,-0.038,-0.006,-0.003,-0.001,-7.99,384,-105.0,0.0,0.0,0.0,19.0,-4700.0,70,3,311,384,0.0,0.043,0.07,0.074,0.078,15.882,4032,-113.0,0.0,1.0,26.0,69.0,-44510.0,980,404,2648,4032,-0.133,0.357,0.894,1.023,1.334,1673.434
A_X084_Y084,84,84,72,96,68,100,286.0,161.0,1.0,825,13200,8757,4443,0.3378030303030303,"{""X2Y1"": 594, ""X3Y1"": 231}",True,NOT_PROVEN_WITHOUT_MOVED_FF_CONTROL_SET_REPLAY,NOT_PROVEN_READ_ONLY_SITE_INVENTORY_ONLY,16,FEATURE_BIN_0,16,25AFEB422DB3BDBEF4DCE97A6D1274116E7B27A3B94E395D479DC22D3DE14FFD,True,,False,False,U_NEG_UPSTREAM_WORSENING;D_NEG_NO_MEDIAN_IMPROVEMENT,,False,True,False,True,"[0.0, 72.0, 16.0, 0.0, 0.0, 0.0, 0.0, 0.0, 16.0]",58,0.0,0.0,72.0,84.0,92.0,1137.0,0,16,42,58,-0.136,-0.0885,-0.043,-0.028,-0.017,-4.796,6,0.0,0.0,0.0,0.0,0.0,0.0,0,0,6,6,0.011,0.040999999999999995,0.066,0.066,0.066,0.241,201,-98.0,0.0,0.0,0.0,54.0,-4266.0,60,4,137,201,-0.133,-0.038,-0.006,-0.003,-0.001,-7.99,384,-105.0,0.0,0.0,0.0,52.0,-6272.0,91,5,288,384,0.0,0.043,0.07,0.074,0.078,15.882,4032,-113.0,0.0,0.0,13.0,72.0,-35500.0,727,278,3027,4032,-0.133,0.357,0.894,1.023,1.334,1673.434
A_X084_Y084,84,84,72,96,68,100,286.0,161.0,1.0,825,13200,8757,4443,0.3378030303030303,"{""X2Y1"": 594, ""X3Y1"": 231}",True,NOT_PROVEN_WITHOUT_MOVED_FF_CONTROL_SET_REPLAY,NOT_PROVEN_READ_ONLY_SITE_INVENTORY_ONLY,16,FEATURE_BIN_1,16,863B9B0389C1B994C73ED0C57EC56A84FD6D317708E59D47B391DA86E44D3A8E,True,,False,False,U_NEG_UPSTREAM_WORSENING;U_PASS_UPSTREAM_INCREASE;D_NEG_NO_MEDIAN_IMPROVEMENT,,False,False,False,True,"[0.0, 77.0, 14.0, 2.0, 0.0, 0.0, 0.0, 0.0, 16.0]",58,0.0,0.0,77.0,85.0,93.0,996.0,0,14,44,58,-0.136,-0.0885,-0.043,-0.028,-0.017,-4.796,6,0.0,0.0,85.0,85.0,85.0,153.0,0,2,4,6,0.011,0.040999999999999995,0.066,0.066,0.066,0.241,201,-96.0,0.0,0.0,0.0,17.0,-3238.0,47,1,153,201,-0.133,-0.038,-0.006,-0.003,-0.001,-7.99,384,-98.0,0.0,0.0,0.0,18.0,-6377.0,98,6,280,384,0.0,0.043,0.07,0.074,0.078,15.882,4032,-106.0,0.0,0.0,18.0,71.0,-31538.0,690,313,3029,4032,-0.133,0.357,0.894,1.023,1.334,1673.434
A_X084_Y084,84,84,72,96,68,100,286.0,161.0,1.0,825,13200,8757,4443,0.3378030303030303,"{""X2Y1"": 594, ""X3Y1"": 231}",True,NOT_PROVEN_WITHOUT_MOVED_FF_CONTROL_SET_REPLAY,NOT_PROVEN_READ_ONLY_SITE_INVENTORY_ONLY,16,FEATURE_BIN_2,16,18F6AC63D50EACD2B5F6CC669CA58252595A0313B759D7A0EC563D4D8CFF4410,True,,False,False,U_NEG_UPSTREAM_WORSENING;U_PASS_UPSTREAM_INCREASE;D_NEG_NO_MEDIAN_IMPROVEMENT,,False,False,False,True,"[0.0, 58.0, 14.0, 2.0, 0.0, 0.0, 0.0, 0.0, 16.0]",58,0.0,0.0,58.0,75.0,75.0,824.0,0,14,44,58,-0.136,-0.0885,-0.043,-0.028,-0.017,-4.796,6,0.0,0.0,75.0,75.0,75.0,122.0,0,2,4,6,0.011,0.040999999999999995,0.066,0.066,0.066,0.241,201,-93.0,0.0,0.0,0.0,9.0,-4116.0,55,1,145,201,-0.133,-0.038,-0.006,-0.003,-0.001,-7.99,384,-93.0,0.0,0.0,0.0,13.0,-5442.0,81,4,299,384,0.0,0.043,0.07,0.074,0.078,15.882,4032,-94.0,0.0,0.0,12.0,58.0,-33078.0,714,289,3029,4032,-0.133,0.357,0.894,1.023,1.334,1673.434
A_X084_Y084,84,84,72,96,68,100,286.0,161.0,1.0,825,13200,8757,4443,0.3378030303030303,"{""X2Y1"": 594, ""X3Y1"": 231}",True,NOT_PROVEN_WITHOUT_MOVED_FF_CONTROL_SET_REPLAY,NOT_PROVEN_READ_ONLY_SITE_INVENTORY_ONLY,16,FEATURE_BIN_3,16,6D6B2605916DFCDD525A27838AC825D18C62B807369D6E6322040D77ED73CF54,True,,False,False,U_NEG_UPSTREAM_WORSENING;U_PASS_UPSTREAM_INCREASE;D_NEG_NO_MEDIAN_IMPROVEMENT,,False,False,False,True,"[0.0, 52.0, 14.0, 2.0, 0.0, 0.0, 0.0, 0.0, 16.0]",58,0.0,0.0,52.0,75.0,75.0,760.0,0,14,44,58,-0.136,-0.0885,-0.043,-0.028,-0.017,-4.796,6,0.0,0.0,70.0,70.0,70.0,107.0,0,2,4,6,0.011,0.040999999999999995,0.066,0.066,0.066,0.241,201,-88.0,0.0,0.0,0.0,3.0,-1986.0,31,1,169,201,-0.133,-0.038,-0.006,-0.003,-0.001,-7.99,384,-88.0,0.0,0.0,0.0,13.0,-5413.0,98,1,285,384,0.0,0.043,0.07,0.074,0.078,15.882,4032,-88.0,0.0,0.0,12.0,68.0,-27260.0,697,296,3039,4032,-0.133,0.357,0.894,1.023,1.334,1673.434
A_X084_Y088,84,88,72,96,72,104,286.0,157.0,1.0,825,13200,8483,4717,0.3621969696969697,"{""X2Y1"": 594, ""X3Y1"": 231}",True,NOT_PROVEN_WITHOUT_MOVED_FF_CONTROL_SET_REPLAY,NOT_PROVEN_READ_ONLY_SITE_INVENTORY_ONLY,64,ALL_64,64,A49D88051B2D2E5D1255D4F806A7569CDA9B33A650A908566197031349AD8DB4,True,,True,False,U_NEG_UPSTREAM_WORSENING;U_PASS_UPSTREAM_INCREASE,,False,False,True,True,"[59.0, 81.0, 58.0, 6.0, -79.0, -31.0, -71.0, -41.0, 64.0]",58,21.0,59.0,81.0,85.0,89.0,3485.0,0,58,0,58,-0.136,-0.0885,-0.043,-0.028,-0.017,-4.796,6,33.0,65.0,81.0,81.0,81.0,358.0,0,6,0,6,0.011,0.040999999999999995,0.066,0.066,0.066,0.241,201,-94.0,-79.0,-31.0,-10.0,50.0,-13682.0,195,6,0,201,-0.133,-0.038,-0.006,-0.003,-0.001,-7.99,384,-109.0,-71.0,-12.0,-5.0,48.0,-23662.0,368,13,3,384,0.0,0.043,0.07,0.074,0.078,15.882,4032,-109.0,-41.0,31.0,40.0,68.0,-133600.0,2928,1073,31,4032,-0.133,0.357,0.894,1.023,1.334,1673.434
A_X084_Y088,84,88,72,96,72,104,286.0,157.0,1.0,825,13200,8483,4717,0.3590151515151515,"{""X2Y1"": 594, ""X3Y1"": 231}",True,NOT_PROVEN_WITHOUT_MOVED_FF_CONTROL_SET_REPLAY,NOT_PROVEN_READ_ONLY_SITE_INVENTORY_ONLY,22,DEST_X2Y1_MAJOR,22,EC8295A18CFB3214990035A3C2A8A03B2248BEA56069D816345F1D2C0CC4741A,True,,False,False,U_NEG_UPSTREAM_WORSENING;D_NEG_NO_MEDIAN_IMPROVEMENT,,False,True,False,True,"[0.0, 71.0, 22.0, 0.0, 0.0, 0.0, 0.0, 0.0, 22.0]",58,0.0,0.0,71.0,80.0,81.0,1237.0,0,22,36,58,-0.136,-0.0885,-0.043,-0.028,-0.017,-4.796,6,0.0,0.0,0.0,0.0,0.0,0.0,0,0,6,6,0.011,0.040999999999999995,0.066,0.066,0.066,0.241,201,-94.0,0.0,0.0,0.0,50.0,-3706.0,60,5,136,201,-0.133,-0.038,-0.006,-0.003,-0.001,-7.99,384,-94.0,0.0,0.0,0.0,48.0,-7775.0,132,7,245,384,0.0,0.043,0.07,0.074,0.078,15.882,4032,-94.0,0.0,0.0,24.0,68.0,-44732.0,1009,356,2667,4032,-0.133,0.357,0.894,1.023,1.334,1673.434
A_X084_Y088,84,88,72,96,72,104,286.0,157.0,1.0,825,13200,8483,4717,0.3588636363636364,"{""X2Y1"": 594, ""X3Y1"": 231}",True,NOT_PROVEN_WITHOUT_MOVED_FF_CONTROL_SET_REPLAY,NOT_PROVEN_READ_ONLY_SITE_INVENTORY_ONLY,20,DEST_X3Y1_MAJOR,20,D8DF451BC1C4EF6032E28F4D3065B488CCF48FA9921667AB64B2E0E8D05D4049,True,,False,False,U_NEG_UPSTREAM_WORSENING;U_PASS_UPSTREAM_INCREASE,,False,False,True,True,"[0.0, 68.0, 15.0, 5.0, -55.0, 0.0, 0.0, 0.0, 20.0]",58,0.0,0.0,68.0,73.0,89.0,954.0,0,15,43,58,-0.136,-0.0885,-0.043,-0.028,-0.017,-4.796,6,0.0,53.5,81.0,81.0,81.0,292.0,0,5,1,6,0.011,0.040999999999999995,0.066,0.066,0.066,0.241,201,-94.0,-55.0,0.0,0.0,5.0,-9256.0,125,1,75,201,-0.133,-0.038,-0.006,-0.003,-0.001,-7.99,384,-102.0,0.0,0.0,0.0,9.0,-11199.0,166,3,215,384,0.0,0.043,0.07,0.074,0.078,15.882,4032,-102.0,0.0,0.0,17.0,67.0,-42132.0,912,343,2777,4032,-0.133,0.357,0.894,1.023,1.334,1673.434
A_X084_Y088,84,88,72,96,72,104,286.0,157.0,1.0,825,13200,8483,4717,0.3590151515151515,"{""X2Y1"": 594, ""X3Y1"": 231}",True,NOT_PROVEN_WITHOUT_MOVED_FF_CONTROL_SET_REPLAY,NOT_PROVEN_READ_ONLY_SITE_INVENTORY_ONLY,22,DEST_MIXED_OR_OTHER,22,62A80A6BF2780309EBB7ACB65499DC33F9E420F49ABAF670FF853CD53D650A7D,True,,False,False,U_NEG_UPSTREAM_WORSENING;U_PASS_UPSTREAM_INCREASE;D_NEG_NO_MEDIAN_IMPROVEMENT,,False,False,False,True,"[0.0, 71.0, 21.0, 1.0, 0.0, 0.0, 0.0, 0.0, 22.0]",58,0.0,0.0,71.0,80.0,88.0,1294.0,0,21,37,58,-0.136,-0.0885,-0.043,-0.028,-0.017,-4.796,6,0.0,0.0,66.0,66.0,66.0,66.0,0,1,5,6,0.011,0.040999999999999995,0.066,0.066,0.066,0.241,201,-93.0,0.0,0.0,0.0,0.0,-720.0,10,0,191,201,-0.133,-0.038,-0.006,-0.003,-0.001,-7.99,384,-109.0,0.0,0.0,0.0,15.0,-4688.0,70,3,311,384,0.0,0.043,0.07,0.074,0.078,15.882,4032,-109.0,0.0,0.0,22.0,65.0,-46736.0,1007,374,2651,4032,-0.133,0.357,0.894,1.023,1.334,1673.434
A_X084_Y088,84,88,72,96,72,104,286.0,157.0,1.0,825,13200,8483,4717,0.3585606060606061,"{""X2Y1"": 594, ""X3Y1"": 231}",True,NOT_PROVEN_WITHOUT_MOVED_FF_CONTROL_SET_REPLAY,NOT_PROVEN_READ_ONLY_SITE_INVENTORY_ONLY,16,FEATURE_BIN_0,16,25AFEB422DB3BDBEF4DCE97A6D1274116E7B27A3B94E395D479DC22D3DE14FFD,True,,False,False,U_NEG_UPSTREAM_WORSENING;D_NEG_NO_MEDIAN_IMPROVEMENT,,False,True,False,True,"[0.0, 68.0, 16.0, 0.0, 0.0, 0.0, 0.0, 0.0, 16.0]",58,0.0,0.0,68.0,80.0,88.0,1073.0,0,16,42,58,-0.136,-0.0885,-0.043,-0.028,-0.017,-4.796,6,0.0,0.0,0.0,0.0,0.0,0.0,0,0,6,6,0.011,0.040999999999999995,0.066,0.066,0.066,0.241,201,-94.0,0.0,0.0,0.0,50.0,-4348.0,60,4,137,201,-0.133,-0.038,-0.006,-0.003,-0.001,-7.99,384,-109.0,0.0,0.0,0.0,48.0,-6294.0,91,5,288,384,0.0,0.043,0.07,0.074,0.078,15.882,4032,-109.0,0.0,0.0,9.0,68.0,-37050.0,745,259,3028,4032,-0.133,0.357,0.894,1.023,1.334,1673.434
A_X084_Y088,84,88,72,96,72,104,286.0,157.0,1.0,825,13200,8483,4717,0.3585606060606061,"{""X2Y1"": 594, ""X3Y1"": 231}",True,NOT_PROVEN_WITHOUT_MOVED_FF_CONTROL_SET_REPLAY,NOT_PROVEN_READ_ONLY_SITE_INVENTORY_ONLY,16,FEATURE_BIN_1,16,863B9B0389C1B994C73ED0C57EC56A84FD6D317708E59D47B391DA86E44D3A8E,True,,False,False,U_NEG_UPSTREAM_WORSENING;U_PASS_UPSTREAM_INCREASE;D_NEG_NO_MEDIAN_IMPROVEMENT,,False,False,False,True,"[0.0, 73.0, 14.0, 2.0, 0.0, 0.0, 0.0, 0.0, 16.0]",58,0.0,0.0,73.0,81.0,89.0,940.0,0,14,44,58,-0.136,-0.0885,-0.043,-0.028,-0.017,-4.796,6,0.0,0.0,81.0,81.0,81.0,145.0,0,2,4,6,0.011,0.040999999999999995,0.066,0.066,0.066,0.241,201,-92.0,0.0,0.0,0.0,13.0,-3208.0,47,1,153,201,-0.133,-0.038,-0.006,-0.003,-0.001,-7.99,384,-102.0,0.0,0.0,0.0,14.0,-6467.0,98,5,281,384,0.0,0.043,0.07,0.074,0.078,15.882,4032,-102.0,0.0,0.0,14.0,67.0,-33014.0,711,297,3024,4032,-0.133,0.357,0.894,1.023,1.334,1673.434
A_X084_Y088,84,88,72,96,72,104,286.0,157.0,1.0,825,13200,8483,4717,0.3585606060606061,"{""X2Y1"": 594, ""X3Y1"": 231}",True,NOT_PROVEN_WITHOUT_MOVED_FF_CONTROL_SET_REPLAY,NOT_PROVEN_READ_ONLY_SITE_INVENTORY_ONLY,16,FEATURE_BIN_2,16,18F6AC63D50EACD2B5F6CC669CA58252595A0313B759D7A0EC563D4D8CFF4410,True,,False,False,U_NEG_UPSTREAM_WORSENING;U_PASS_UPSTREAM_INCREASE;D_NEG_NO_MEDIAN_IMPROVEMENT,,False,False,False,True,"[0.0, 54.0, 14.0, 2.0, 0.0, 0.0, 0.0, 0.0, 16.0]",58,0.0,0.0,54.0,71.0,71.0,768.0,0,14,44,58,-0.136,-0.0885,-0.043,-0.028,-0.017,-4.796,6,0.0,0.0,71.0,71.0,71.0,114.0,0,2,4,6,0.011,0.040999999999999995,0.066,0.066,0.066,0.241,201,-89.0,0.0,0.0,0.0,5.0,-4158.0,56,1,144,201,-0.133,-0.038,-0.006,-0.003,-0.001,-7.99,384,-89.0,0.0,0.0,0.0,9.0,-5454.0,81,2,301,384,0.0,0.043,0.07,0.074,0.078,15.882,4032,-90.0,0.0,0.0,8.0,54.0,-34622.0,752,250,3030,4032,-0.133,0.357,0.894,1.023,1.334,1673.434
A_X084_Y088,84,88,72,96,72,104,286.0,157.0,1.0,825,13200,8483,4717,0.3585606060606061,"{""X2Y1"": 594, ""X3Y1"": 231}",True,NOT_PROVEN_WITHOUT_MOVED_FF_CONTROL_SET_REPLAY,NOT_PROVEN_READ_ONLY_SITE_INVENTORY_ONLY,16,FEATURE_BIN_3,16,6D6B2605916DFCDD525A27838AC825D18C62B807369D6E6322040D77ED73CF54,True,,False,False,U_NEG_UPSTREAM_WORSENING;U_PASS_UPSTREAM_INCREASE;D_NEG_NO_MEDIAN_IMPROVEMENT,,False,False,False,True,"[0.0, 48.0, 14.0, 2.0, 0.0, 0.0, 0.0, 0.0, 16.0]",58,0.0,0.0,48.0,71.0,71.0,704.0,0,14,44,58,-0.136,-0.0885,-0.043,-0.028,-0.017,-4.796,6,0.0,0.0,66.0,66.0,66.0,99.0,0,2,4,6,0.011,0.040999999999999995,0.066,0.066,0.066,0.241,201,-84.0,0.0,0.0,0.0,0.0,-1968.0,32,0,169,201,-0.133,-0.038,-0.006,-0.003,-0.001,-7.99,384,-84.0,0.0,0.0,0.0,9.0,-5447.0,98,1,285,384,0.0,0.043,0.07,0.074,0.078,15.882,4032,-84.0,0.0,0.0,8.0,64.0,-28914.0,720,267,3045,4032,-0.133,0.357,0.894,1.023,1.334,1673.434
A_X084_Y092,84,92,72,96,76,108,286.0,152.0,1.0,825,13200,8299,4901,0.37613636363636366,"{""X2Y1"": 594, ""X3Y1"": 231}",True,NOT_PROVEN_WITHOUT_MOVED_FF_CONTROL_SET_REPLAY,NOT_PROVEN_READ_ONLY_SITE_INVENTORY_ONLY,64,ALL_64,64,A49D88051B2D2E5D1255D4F806A7569CDA9B33A650A908566197031349AD8DB4,True,,True,False,U_NEG_UPSTREAM_WORSENING;U_PASS_UPSTREAM_INCREASE,,False,False,True,True,"[54.0, 76.0, 58.0, 6.0, -77.0, -35.0, -74.0, -43.0, 64.0]",58,16.0,54.0,76.0,80.0,84.0,3195.0,0,58,0,58,-0.136,-0.0885,-0.043,-0.028,-0.017,-4.796,6,28.0,60.0,76.0,76.0,76.0,328.0,0,6,0,6,0.011,0.040999999999999995,0.066,0.066,0.066,0.241,201,-89.0,-77.0,-35.0,-5.0,45.0,-13529.0,196,3,2,201,-0.133,-0.038,-0.006,-0.003,-0.001,-7.99,384,-104.0,-74.0,-7.0,-4.0,43.0,-23324.0,371,11,2,384,0.0,0.043,0.07,0.074,0.078,15.882,4032,-104.0,-43.0,26.0,35.0,63.0,-138468.0,3024,957,51,4032,-0.133,0.357,0.894,1.023,1.334,1673.434
A_X084_Y092,84,92,72,96,76,108,286.0,152.0,1.0,825,13200,8299,4901,0.3729545454545454,"{""X2Y1"": 594, ""X3Y1"": 231}",True,NOT_PROVEN_WITHOUT_MOVED_FF_CONTROL_SET_REPLAY,NOT_PROVEN_READ_ONLY_SITE_INVENTORY_ONLY,22,DEST_X2Y1_MAJOR,22,EC8295A18CFB3214990035A3C2A8A03B2248BEA56069D816345F1D2C0CC4741A,True,,False,False,U_NEG_UPSTREAM_WORSENING;D_NEG_NO_MEDIAN_IMPROVEMENT,,False,True,False,True,"[0.0, 66.0, 22.0, 0.0, 0.0, 0.0, 0.0, 0.0, 22.0]",58,0.0,0.0,66.0,75.0,76.0,1127.0,0,22,36,58,-0.136,-0.0885,-0.043,-0.028,-0.017,-4.796,6,0.0,0.0,0.0,0.0,0.0,0.0,0,0,6,6,0.011,0.040999999999999995,0.066,0.066,0.066,0.241,201,-89.0,0.0,0.0,0.0,45.0,-3553.0,61,3,137,201,-0.133,-0.038,-0.006,-0.003,-0.001,-7.99,384,-89.0,0.0,0.0,0.0,43.0,-7599.0,137,4,243,384,0.0,0.043,0.07,0.074,0.078,15.882,4032,-89.0,0.0,0.0,19.0,63.0,-46288.0,1079,299,2654,4032,-0.133,0.357,0.894,1.023,1.334,1673.434
A_X084_Y092,84,92,72,96,76,108,286.0,152.0,1.0,825,13200,8299,4901,0.3728030303030303,"{""X2Y1"": 594, ""X3Y1"": 231}",True,NOT_PROVEN_WITHOUT_MOVED_FF_CONTROL_SET_REPLAY,NOT_PROVEN_READ_ONLY_SITE_INVENTORY_ONLY,20,DEST_X3Y1_MAJOR,20,D8DF451BC1C4EF6032E28F4D3065B488CCF48FA9921667AB64B2E0E8D05D4049,True,,False,False,U_NEG_UPSTREAM_WORSENING;U_PASS_UPSTREAM_INCREASE,,False,False,True,True,"[0.0, 63.0, 15.0, 5.0, -59.0, 0.0, 0.0, 0.0, 20.0]",58,0.0,0.0,63.0,68.0,84.0,879.0,0,15,43,58,-0.136,-0.0885,-0.043,-0.028,-0.017,-4.796,6,0.0,48.5,76.0,76.0,76.0,267.0,0,5,1,6,0.011,0.040999999999999995,0.066,0.066,0.066,0.241,201,-89.0,-59.0,0.0,0.0,0.0,-9246.0,125,0,76,201,-0.133,-0.038,-0.006,-0.003,-0.001,-7.99,384,-97.0,0.0,0.0,0.0,4.0,-11148.0,164,5,215,384,0.0,0.043,0.07,0.074,0.078,15.882,4032,-97.0,0.0,0.0,12.0,62.0,-43676.0,916,322,2794,4032,-0.133,0.357,0.894,1.023,1.334,1673.434
A_X084_Y092,84,92,72,96,76,108,286.0,152.0,1.0,825,13200,8299,4901,0.3729545454545454,"{""X2Y1"": 594, ""X3Y1"": 231}",True,NOT_PROVEN_WITHOUT_MOVED_FF_CONTROL_SET_REPLAY,NOT_PROVEN_READ_ONLY_SITE_INVENTORY_ONLY,22,DEST_MIXED_OR_OTHER,22,62A80A6BF2780309EBB7ACB65499DC33F9E420F49ABAF670FF853CD53D650A7D,True,,False,False,U_NEG_UPSTREAM_WORSENING;U_PASS_UPSTREAM_INCREASE;D_NEG_NO_MEDIAN_IMPROVEMENT,,False,False,False,True,"[0.0, 66.0, 21.0, 1.0, 0.0, 0.0, 0.0, 0.0, 22.0]",58,0.0,0.0,66.0,75.0,83.0,1189.0,0,21,37,58,-0.136,-0.0885,-0.043,-0.028,-0.017,-4.796,6,0.0,0.0,61.0,61.0,61.0,61.0,0,1,5,6,0.011,0.040999999999999995,0.066,0.066,0.066,0.241,201,-88.0,0.0,0.0,0.0,0.0,-730.0,10,0,191,201,-0.133,-0.038,-0.006,-0.003,-0.001,-7.99,384,-104.0,0.0,0.0,0.0,10.0,-4577.0,70,2,312,384,0.0,0.043,0.07,0.074,0.078,15.882,4032,-104.0,0.0,0.0,17.0,60.0,-48504.0,1029,336,2667,4032,-0.133,0.357,0.894,1.023,1.334,1673.434
A_X084_Y092,84,92,72,96,76,108,286.0,152.0,1.0,825,13200,8299,4901,0.3725,"{""X2Y1"": 594, ""X3Y1"": 231}",True,NOT_PROVEN_WITHOUT_MOVED_FF_CONTROL_SET_REPLAY,NOT_PROVEN_READ_ONLY_SITE_INVENTORY_ONLY,16,FEATURE_BIN_0,16,25AFEB422DB3BDBEF4DCE97A6D1274116E7B27A3B94E395D479DC22D3DE14FFD,True,,False,False,U_NEG_UPSTREAM_WORSENING;D_NEG_NO_MEDIAN_IMPROVEMENT,,False,True,False,True,"[0.0, 63.0, 16.0, 0.0, 0.0, 0.0, 0.0, 0.0, 16.0]",58,0.0,0.0,63.0,75.0,83.0,993.0,0,16,42,58,-0.136,-0.0885,-0.043,-0.028,-0.017,-4.796,6,0.0,0.0,0.0,0.0,0.0,0.0,0,0,6,6,0.011,0.040999999999999995,0.066,0.066,0.066,0.241,201,-89.0,0.0,0.0,0.0,45.0,-4360.0,61,2,138,201,-0.133,-0.038,-0.006,-0.003,-0.001,-7.99,384,-104.0,0.0,0.0,0.0,43.0,-6134.0,89,6,289,384,0.0,0.043,0.07,0.074,0.078,15.882,4032,-104.0,0.0,0.0,4.0,63.0,-38046.0,739,241,3052,4032,-0.133,0.357,0.894,1.023,1.334,1673.434
A_X084_Y092,84,92,72,96,76,108,286.0,152.0,1.0,825,13200,8299,4901,0.3725,"{""X2Y1"": 594, ""X3Y1"": 231}",True,NOT_PROVEN_WITHOUT_MOVED_FF_CONTROL_SET_REPLAY,NOT_PROVEN_READ_ONLY_SITE_INVENTORY_ONLY,16,FEATURE_BIN_1,16,863B9B0389C1B994C73ED0C57EC56A84FD6D317708E59D47B391DA86E44D3A8E,True,,False,False,U_NEG_UPSTREAM_WORSENING;U_PASS_UPSTREAM_INCREASE;D_NEG_NO_MEDIAN_IMPROVEMENT,,False,False,False,True,"[0.0, 68.0, 14.0, 2.0, 0.0, 0.0, 0.0, 0.0, 16.0]",58,0.0,0.0,68.0,76.0,84.0,870.0,0,14,44,58,-0.136,-0.0885,-0.043,-0.028,-0.017,-4.796,6,0.0,0.0,76.0,76.0,76.0,135.0,0,2,4,6,0.011,0.040999999999999995,0.066,0.066,0.066,0.241,201,-87.0,0.0,0.0,0.0,8.0,-3130.0,47,1,153,201,-0.133,-0.038,-0.006,-0.003,-0.001,-7.99,384,-97.0,0.0,0.0,0.0,9.0,-6479.0,100,3,281,384,0.0,0.043,0.07,0.074,0.078,15.882,4032,-97.0,0.0,0.0,9.0,62.0,-34344.0,723,283,3026,4032,-0.133,0.357,0.894,1.023,1.334,1673.434
A_X084_Y092,84,92,72,96,76,108,286.0,152.0,1.0,825,13200,8299,4901,0.3725,"{""X2Y1"": 594, ""X3Y1"": 231}",True,NOT_PROVEN_WITHOUT_MOVED_FF_CONTROL_SET_REPLAY,NOT_PROVEN_READ_ONLY_SITE_INVENTORY_ONLY,16,FEATURE_BIN_2,16,18F6AC63D50EACD2B5F6CC669CA58252595A0313B759D7A0EC563D4D8CFF4410,True,,False,False,U_NEG_UPSTREAM_WORSENING;U_PASS_UPSTREAM_INCREASE;D_NEG_NO_MEDIAN_IMPROVEMENT,,False,False,False,True,"[0.0, 49.0, 14.0, 2.0, 0.0, 0.0, 0.0, 0.0, 16.0]",58,0.0,0.0,49.0,66.0,66.0,698.0,0,14,44,58,-0.136,-0.0885,-0.043,-0.028,-0.017,-4.796,6,0.0,0.0,66.0,66.0,66.0,104.0,0,2,4,6,0.011,0.040999999999999995,0.066,0.066,0.066,0.241,201,-84.0,0.0,0.0,0.0,0.0,-4119.0,56,0,145,201,-0.133,-0.038,-0.006,-0.003,-0.001,-7.99,384,-84.0,0.0,0.0,0.0,4.0,-5343.0,84,1,299,384,0.0,0.043,0.07,0.074,0.078,15.882,4032,-85.0,0.0,0.0,3.0,49.0,-35766.0,792,214,3026,4032,-0.133,0.357,0.894,1.023,1.334,1673.434
A_X084_Y092,84,92,72,96,76,108,286.0,152.0,1.0,825,13200,8299,4901,0.3725,"{""X2Y1"": 594, ""X3Y1"": 231}",True,NOT_PROVEN_WITHOUT_MOVED_FF_CONTROL_SET_REPLAY,NOT_PROVEN_READ_ONLY_SITE_INVENTORY_ONLY,16,FEATURE_BIN_3,16,6D6B2605916DFCDD525A27838AC825D18C62B807369D6E6322040D77ED73CF54,True,,False,False,U_NEG_UPSTREAM_WORSENING;U_PASS_UPSTREAM_INCREASE;D_NEG_NO_MEDIAN_IMPROVEMENT,,False,False,False,True,"[0.0, 43.0, 14.0, 2.0, 0.0, 0.0, 0.0, 0.0, 16.0]",58,0.0,0.0,43.0,66.0,66.0,634.0,0,14,44,58,-0.136,-0.0885,-0.043,-0.028,-0.017,-4.796,6,0.0,0.0,61.0,61.0,61.0,89.0,0,2,4,6,0.011,0.040999999999999995,0.066,0.066,0.066,0.241,201,-79.0,0.0,0.0,0.0,0.0,-1920.0,32,0,169,201,-0.133,-0.038,-0.006,-0.003,-0.001,-7.99,384,-79.0,0.0,0.0,0.0,4.0,-5368.0,98,1,285,384,0.0,0.043,0.07,0.074,0.078,15.882,4032,-79.0,0.0,0.0,3.0,59.0,-30312.0,770,219,3043,4032,-0.133,0.357,0.894,1.023,1.334,1673.434
A_X084_Y096,84,96,72,96,80,112,286.0,148.0,1.0,825,13200,8395,4805,0.36886363636363634,"{""X2Y1"": 594, ""X3Y1"": 231}",True,NOT_PROVEN_WITHOUT_MOVED_FF_CONTROL_SET_REPLAY,NOT_PROVEN_READ_ONLY_SITE_INVENTORY_ONLY,64,ALL_64,64,A49D88051B2D2E5D1255D4F806A7569CDA9B33A650A908566197031349AD8DB4,True,,True,False,U_NEG_UPSTREAM_WORSENING;U_PASS_UPSTREAM_INCREASE,,False,False,True,True,"[50.0, 72.0, 58.0, 6.0, -78.0, -31.0, -72.0, -43.0, 64.0]",58,12.0,50.0,72.0,76.0,80.0,2963.0,0,58,0,58,-0.136,-0.0885,-0.043,-0.028,-0.017,-4.796,6,24.0,56.0,72.0,72.0,72.0,304.0,0,6,0,6,0.011,0.040999999999999995,0.066,0.066,0.066,0.241,201,-85.0,-78.0,-31.0,-3.0,41.0,-13269.0,197,3,1,201,-0.133,-0.038,-0.006,-0.003,-0.001,-7.99,384,-100.0,-72.0,-7.0,-2.0,39.0,-22756.0,371,9,4,384,0.0,0.043,0.07,0.074,0.078,15.882,4032,-100.0,-43.0,22.0,31.0,59.0,-139336.0,3011,984,37,4032,-0.133,0.357,0.894,1.023,1.334,1673.434
A_X084_Y096,84,96,72,96,80,112,286.0,148.0,1.0,825,13200,8395,4805,0.36568181818181816,"{""X2Y1"": 594, ""X3Y1"": 231}",True,NOT_PROVEN_WITHOUT_MOVED_FF_CONTROL_SET_REPLAY,NOT_PROVEN_READ_ONLY_SITE_INVENTORY_ONLY,22,DEST_X2Y1_MAJOR,22,EC8295A18CFB3214990035A3C2A8A03B2248BEA56069D816345F1D2C0CC4741A,True,,False,False,U_NEG_UPSTREAM_WORSENING;D_NEG_NO_MEDIAN_IMPROVEMENT,,False,True,False,True,"[0.0, 62.0, 22.0, 0.0, 0.0, 0.0, 0.0, 0.0, 22.0]",58,0.0,0.0,62.0,71.0,72.0,1039.0,0,22,36,58,-0.136,-0.0885,-0.043,-0.028,-0.017,-4.796,6,0.0,0.0,0.0,0.0,0.0,0.0,0,0,6,6,0.011,0.040999999999999995,0.066,0.066,0.066,0.241,201,-85.0,0.0,0.0,0.0,41.0,-3387.0,61,3,137,201,-0.133,-0.038,-0.006,-0.003,-0.001,-7.99,384,-85.0,0.0,0.0,0.0,39.0,-7309.0,138,2,244,384,0.0,0.043,0.07,0.074,0.078,15.882,4032,-85.0,0.0,0.0,15.0,59.0,-46516.0,1082,289,2661,4032,-0.133,0.357,0.894,1.023,1.334,1673.434
A_X084_Y096,84,96,72,96,80,112,286.0,148.0,1.0,825,13200,8395,4805,0.36553030303030304,"{""X2Y1"": 594, ""X3Y1"": 231}",True,NOT_PROVEN_WITHOUT_MOVED_FF_CONTROL_SET_REPLAY,NOT_PROVEN_READ_ONLY_SITE_INVENTORY_ONLY,20,DEST_X3Y1_MAJOR,20,D8DF451BC1C4EF6032E28F4D3065B488CCF48FA9921667AB64B2E0E8D05D4049,True,,False,False,U_NEG_UPSTREAM_WORSENING;U_PASS_UPSTREAM_INCREASE,,False,False,True,True,"[0.0, 59.0, 15.0, 5.0, -63.0, 0.0, 0.0, 0.0, 20.0]",58,0.0,0.0,59.0,64.0,80.0,819.0,0,15,43,58,-0.136,-0.0885,-0.043,-0.028,-0.017,-4.796,6,0.0,44.5,72.0,72.0,72.0,247.0,0,5,1,6,0.011,0.040999999999999995,0.066,0.066,0.066,0.241,201,-85.0,-63.0,0.0,0.0,0.0,-9158.0,126,0,75,201,-0.133,-0.038,-0.006,-0.003,-0.001,-7.99,384,-93.0,0.0,0.0,0.0,7.0,-10988.0,165,3,216,384,0.0,0.043,0.07,0.074,0.078,15.882,4032,-93.0,0.0,0.0,8.0,58.0,-44002.0,921,320,2791,4032,-0.133,0.357,0.894,1.023,1.334,1673.434
A_X084_Y096,84,96,72,96,80,112,286.0,148.0,1.0,825,13200,8395,4805,0.36568181818181816,"{""X2Y1"": 594, ""X3Y1"": 231}",True,NOT_PROVEN_WITHOUT_MOVED_FF_CONTROL_SET_REPLAY,NOT_PROVEN_READ_ONLY_SITE_INVENTORY_ONLY,22,DEST_MIXED_OR_OTHER,22,62A80A6BF2780309EBB7ACB65499DC33F9E420F49ABAF670FF853CD53D650A7D,True,,False,False,U_NEG_UPSTREAM_WORSENING;U_PASS_UPSTREAM_INCREASE;D_NEG_NO_MEDIAN_IMPROVEMENT,,False,False,False,True,"[0.0, 62.0, 21.0, 1.0, 0.0, 0.0, 0.0, 0.0, 22.0]",58,0.0,0.0,62.0,71.0,79.0,1105.0,0,21,37,58,-0.136,-0.0885,-0.043,-0.028,-0.017,-4.796,6,0.0,0.0,57.0,57.0,57.0,57.0,0,1,5,6,0.011,0.040999999999999995,0.066,0.066,0.066,0.241,201,-84.0,0.0,0.0,0.0,0.0,-724.0,10,0,191,201,-0.133,-0.038,-0.006,-0.003,-0.001,-7.99,384,-100.0,0.0,0.0,0.0,6.0,-4459.0,68,4,312,384,0.0,0.043,0.07,0.074,0.078,15.882,4032,-100.0,0.0,0.0,13.0,56.0,-48818.0,1008,375,2649,4032,-0.133,0.357,0.894,1.023,1.334,1673.434
A_X084_Y096,84,96,72,96,80,112,286.0,148.0,1.0,825,13200,8395,4805,0.36522727272727273,"{""X2Y1"": 594, ""X3Y1"": 231}",True,NOT_PROVEN_WITHOUT_MOVED_FF_CONTROL_SET_REPLAY,NOT_PROVEN_READ_ONLY_SITE_INVENTORY_ONLY,16,FEATURE_BIN_0,16,25AFEB422DB3BDBEF4DCE97A6D1274116E7B27A3B94E395D479DC22D3DE14FFD,True,,False,False,U_NEG_UPSTREAM_WORSENING;D_NEG_NO_MEDIAN_IMPROVEMENT,,False,True,False,True,"[0.0, 59.0, 16.0, 0.0, 0.0, 0.0, 0.0, 0.0, 16.0]",58,0.0,0.0,59.0,71.0,79.0,929.0,0,16,42,58,-0.136,-0.0885,-0.043,-0.028,-0.017,-4.796,6,0.0,0.0,0.0,0.0,0.0,0.0,0,0,6,6,0.011,0.040999999999999995,0.066,0.066,0.066,0.241,201,-85.0,0.0,0.0,0.0,41.0,-4294.0,62,2,137,201,-0.133,-0.038,-0.006,-0.003,-0.001,-7.99,384,-100.0,0.0,0.0,0.0,39.0,-5942.0,89,7,288,384,0.0,0.043,0.07,0.074,0.078,15.882,4032,-100.0,0.0,0.0,4.0,59.0,-38148.0,703,305,3024,4032,-0.133,0.357,0.894,1.023,1.334,1673.434
A_X084_Y096,84,96,72,96,80,112,286.0,148.0,1.0,825,13200,8395,4805,0.36522727272727273,"{""X2Y1"": 594, ""X3Y1"": 231}",True,NOT_PROVEN_WITHOUT_MOVED_FF_CONTROL_SET_REPLAY,NOT_PROVEN_READ_ONLY_SITE_INVENTORY_ONLY,16,FEATURE_BIN_1,16,863B9B0389C1B994C73ED0C57EC56A84FD6D317708E59D47B391DA86E44D3A8E,True,,False,False,U_NEG_UPSTREAM_WORSENING;U_PASS_UPSTREAM_INCREASE;D_NEG_NO_MEDIAN_IMPROVEMENT,,False,False,False,True,"[0.0, 64.0, 14.0, 2.0, 0.0, 0.0, 0.0, 0.0, 16.0]",58,0.0,0.0,64.0,72.0,80.0,814.0,0,14,44,58,-0.136,-0.0885,-0.043,-0.028,-0.017,-4.796,6,0.0,0.0,72.0,72.0,72.0,127.0,0,2,4,6,0.011,0.040999999999999995,0.066,0.066,0.066,0.241,201,-83.0,0.0,0.0,0.0,4.0,-3054.0,46,1,154,201,-0.133,-0.038,-0.006,-0.003,-0.001,-7.99,384,-93.0,0.0,0.0,0.0,5.0,-6403.0,101,1,282,384,0.0,0.043,0.07,0.074,0.078,15.882,4032,-93.0,0.0,0.0,7.0,58.0,-34602.0,727,263,3042,4032,-0.133,0.357,0.894,1.023,1.334,1673.434
A_X084_Y096,84,96,72,96,80,112,286.0,148.0,1.0,825,13200,8395,4805,0.36522727272727273,"{""X2Y1"": 594, ""X3Y1"": 231}",True,NOT_PROVEN_WITHOUT_MOVED_FF_CONTROL_SET_REPLAY,NOT_PROVEN_READ_ONLY_SITE_INVENTORY_ONLY,16,FEATURE_BIN_2,16,18F6AC63D50EACD2B5F6CC669CA58252595A0313B759D7A0EC563D4D8CFF4410,True,,False,False,U_NEG_UPSTREAM_WORSENING;U_PASS_UPSTREAM_INCREASE;D_NEG_NO_MEDIAN_IMPROVEMENT,,False,False,False,True,"[0.0, 45.0, 14.0, 2.0, 0.0, 0.0, 0.0, 0.0, 16.0]",58,0.0,0.0,45.0,62.0,62.0,642.0,0,14,44,58,-0.136,-0.0885,-0.043,-0.028,-0.017,-4.796,6,0.0,0.0,62.0,62.0,62.0,96.0,0,2,4,6,0.011,0.040999999999999995,0.066,0.066,0.066,0.241,201,-80.0,0.0,0.0,0.0,0.0,-4063.0,57,0,144,201,-0.133,-0.038,-0.006,-0.003,-0.001,-7.99,384,-80.0,0.0,0.0,0.0,2.0,-5221.0,83,1,300,384,0.0,0.043,0.07,0.074,0.078,15.882,4032,-81.0,0.0,0.0,2.0,45.0,-36044.0,789,215,3028,4032,-0.133,0.357,0.894,1.023,1.334,1673.434
A_X084_Y096,84,96,72,96,80,112,286.0,148.0,1.0,825,13200,8395,4805,0.36522727272727273,"{""X2Y1"": 594, ""X3Y1"": 231}",True,NOT_PROVEN_WITHOUT_MOVED_FF_CONTROL_SET_REPLAY,NOT_PROVEN_READ_ONLY_SITE_INVENTORY_ONLY,16,FEATURE_BIN_3,16,6D6B2605916DFCDD525A27838AC825D18C62B807369D6E6322040D77ED73CF54,True,,False,False,U_NEG_UPSTREAM_WORSENING;U_PASS_UPSTREAM_INCREASE;D_NEG_NO_MEDIAN_IMPROVEMENT,,False,False,False,True,"[0.0, 39.0, 14.0, 2.0, 0.0, 0.0, 0.0, 0.0, 16.0]",58,0.0,0.0,39.0,62.0,62.0,578.0,0,14,44,58,-0.136,-0.0885,-0.043,-0.028,-0.017,-4.796,6,0.0,0.0,57.0,57.0,57.0,81.0,0,2,4,6,0.011,0.040999999999999995,0.066,0.066,0.066,0.241,201,-75.0,0.0,0.0,0.0,0.0,-1858.0,32,0,169,201,-0.133,-0.038,-0.006,-0.003,-0.001,-7.99,384,-75.0,0.0,0.0,0.0,0.0,-5190.0,98,0,286,384,0.0,0.043,0.07,0.074,0.078,15.882,4032,-75.0,0.0,0.0,0.0,55.0,-30542.0,792,201,3039,4032,-0.133,0.357,0.894,1.023,1.334,1673.434
A_X084_Y100,84,100,72,96,84,116,286.0,144.0,1.0,825,13200,8733,4467,0.34325757575757576,"{""X2Y1"": 594, ""X3Y1"": 231}",True,NOT_PROVEN_WITHOUT_MOVED_FF_CONTROL_SET_REPLAY,NOT_PROVEN_READ_ONLY_SITE_INVENTORY_ONLY,64,ALL_64,64,A49D88051B2D2E5D1255D4F806A7569CDA9B33A650A908566197031349AD8DB4,True,,True,False,U_NEG_UPSTREAM_WORSENING;U_PASS_UPSTREAM_INCREASE,,False,False,True,True,"[46.0, 68.0, 58.0, 6.0, -74.0, -27.0, -69.0, -42.0, 64.0]",58,8.0,46.0,68.0,72.0,76.0,2731.0,0,58,0,58,-0.136,-0.0885,-0.043,-0.028,-0.017,-4.796,6,20.0,52.0,68.0,68.0,68.0,280.0,0,6,0,6,0.011,0.040999999999999995,0.066,0.066,0.066,0.241,201,-81.0,-74.0,-27.0,1.0,37.0,-12815.0,190,11,0,201,-0.133,-0.038,-0.006,-0.003,-0.001,-7.99,384,-96.0,-69.0,-5.0,1.0,35.0,-21772.0,355,29,0,384,0.0,0.043,0.07,0.074,0.078,15.882,4032,-96.0,-42.0,18.0,27.0,55.0,-136046.0,2820,1171,41,4032,-0.133,0.357,0.894,1.023,1.334,1673.434
A_X084_Y100,84,100,72,96,84,116,286.0,144.0,1.0,825,13200,8733,4467,0.3400757575757576,"{""X2Y1"": 594, ""X3Y1"": 231}",True,NOT_PROVEN_WITHOUT_MOVED_FF_CONTROL_SET_REPLAY,NOT_PROVEN_READ_ONLY_SITE_INVENTORY_ONLY,22,DEST_X2Y1_MAJOR,22,EC8295A18CFB3214990035A3C2A8A03B2248BEA56069D816345F1D2C0CC4741A,True,,False,False,U_NEG_UPSTREAM_WORSENING;D_NEG_NO_MEDIAN_IMPROVEMENT,,False,True,False,True,"[0.0, 58.0, 22.0, 0.0, 0.0, 0.0, 0.0, 0.0, 22.0]",58,0.0,0.0,58.0,67.0,68.0,951.0,0,22,36,58,-0.136,-0.0885,-0.043,-0.028,-0.017,-4.796,6,0.0,0.0,0.0,0.0,0.0,0.0,0,0,6,6,0.011,0.040999999999999995,0.066,0.066,0.066,0.241,201,-81.0,0.0,0.0,1.0,37.0,-3175.0,54,11,136,201,-0.133,-0.038,-0.006,-0.003,-0.001,-7.99,384,-81.0,0.0,0.0,0.0,35.0,-6869.0,124,18,242,384,0.0,0.043,0.07,0.074,0.078,15.882,4032,-81.0,0.0,1.0,11.0,55.0,-45260.0,964,418,2650,4032,-0.133,0.357,0.894,1.023,1.334,1673.434
A_X084_Y100,84,100,72,96,84,116,286.0,144.0,1.0,825,13200,8733,4467,0.3399242424242424,"{""X2Y1"": 594, ""X3Y1"": 231}",True,NOT_PROVEN_WITHOUT_MOVED_FF_CONTROL_SET_REPLAY,NOT_PROVEN_READ_ONLY_SITE_INVENTORY_ONLY,20,DEST_X3Y1_MAJOR,20,D8DF451BC1C4EF6032E28F4D3065B488CCF48FA9921667AB64B2E0E8D05D4049,True,,False,False,U_NEG_UPSTREAM_WORSENING;U_PASS_UPSTREAM_INCREASE,,False,False,True,True,"[0.0, 55.0, 15.0, 5.0, -67.0, 0.0, 0.0, 0.0, 20.0]",58,0.0,0.0,55.0,60.0,76.0,759.0,0,15,43,58,-0.136,-0.0885,-0.043,-0.028,-0.017,-4.796,6,0.0,40.5,68.0,68.0,68.0,227.0,0,5,1,6,0.011,0.040999999999999995,0.066,0.066,0.066,0.241,201,-81.0,-67.0,0.0,0.0,0.0,-8932.0,126,0,75,201,-0.133,-0.038,-0.006,-0.003,-0.001,-7.99,384,-89.0,0.0,0.0,0.0,11.0,-10612.0,166,3,215,384,0.0,0.043,0.07,0.074,0.078,15.882,4032,-89.0,0.0,0.0,10.0,54.0,-43038.0,919,335,2778,4032,-0.133,0.357,0.894,1.023,1.334,1673.434
A_X084_Y100,84,100,72,96,84,116,286.0,144.0,1.0,825,13200,8733,4467,0.3400757575757576,"{""X2Y1"": 594, ""X3Y1"": 231}",True,NOT_PROVEN_WITHOUT_MOVED_FF_CONTROL_SET_REPLAY,NOT_PROVEN_READ_ONLY_SITE_INVENTORY_ONLY,22,DEST_MIXED_OR_OTHER,22,62A80A6BF2780309EBB7ACB65499DC33F9E420F49ABAF670FF853CD53D650A7D,True,,False,False,U_NEG_UPSTREAM_WORSENING;U_PASS_UPSTREAM_INCREASE;D_NEG_NO_MEDIAN_IMPROVEMENT,,False,False,False,True,"[0.0, 58.0, 21.0, 1.0, 0.0, 0.0, 0.0, 0.0, 22.0]",58,0.0,0.0,58.0,67.0,75.0,1021.0,0,21,37,58,-0.136,-0.0885,-0.043,-0.028,-0.017,-4.796,6,0.0,0.0,53.0,53.0,53.0,53.0,0,1,5,6,0.011,0.040999999999999995,0.066,0.066,0.066,0.241,201,-80.0,0.0,0.0,0.0,0.0,-708.0,10,0,191,201,-0.133,-0.038,-0.006,-0.003,-0.001,-7.99,384,-96.0,0.0,0.0,0.0,8.0,-4291.0,65,8,311,384,0.0,0.043,0.07,0.074,0.078,15.882,4032,-96.0,0.0,1.0,11.0,52.0,-47748.0,937,418,2677,4032,-0.133,0.357,0.894,1.023,1.334,1673.434
A_X084_Y100,84,100,72,96,84,116,286.0,144.0,1.0,825,13200,8733,4467,0.3396212121212121,"{""X2Y1"": 594, ""X3Y1"": 231}",True,NOT_PROVEN_WITHOUT_MOVED_FF_CONTROL_SET_REPLAY,NOT_PROVEN_READ_ONLY_SITE_INVENTORY_ONLY,16,FEATURE_BIN_0,16,25AFEB422DB3BDBEF4DCE97A6D1274116E7B27A3B94E395D479DC22D3DE14FFD,True,,False,False,U_NEG_UPSTREAM_WORSENING;D_NEG_NO_MEDIAN_IMPROVEMENT,,False,True,False,True,"[0.0, 55.0, 16.0, 0.0, 0.0, 0.0, 0.0, 0.0, 16.0]",58,0.0,0.0,55.0,67.0,75.0,865.0,0,16,42,58,-0.136,-0.0885,-0.043,-0.028,-0.017,-4.796,6,0.0,0.0,0.0,0.0,0.0,0.0,0,0,6,6,0.011,0.040999999999999995,0.066,0.066,0.066,0.241,201,-81.0,0.0,0.0,0.0,37.0,-4180.0,61,3,137,201,-0.133,-0.038,-0.006,-0.003,-0.001,-7.99,384,-96.0,0.0,0.0,0.0,35.0,-5652.0,86,10,288,384,0.0,0.043,0.07,0.074,0.078,15.882,4032,-96.0,0.0,0.0,8.0,55.0,-37246.0,664,347,3021,4032,-0.133,0.357,0.894,1.023,1.334,1673.434
A_X084_Y100,84,100,72,96,84,116,286.0,144.0,1.0,825,13200,8733,4467,0.3396212121212121,"{""X2Y1"": 594, ""X3Y1"": 231}",True,NOT_PROVEN_WITHOUT_MOVED_FF_CONTROL_SET_REPLAY,NOT_PROVEN_READ_ONLY_SITE_INVENTORY_ONLY,16,FEATURE_BIN_1,16,863B9B0389C1B994C73ED0C57EC56A84FD6D317708E59D47B391DA86E44D3A8E,True,,False,False,U_NEG_UPSTREAM_WORSENING;U_PASS_UPSTREAM_INCREASE;D_NEG_NO_MEDIAN_IMPROVEMENT,,False,False,False,True,"[0.0, 60.0, 14.0, 2.0, 0.0, 0.0, 0.0, 0.0, 16.0]",58,0.0,0.0,60.0,68.0,76.0,758.0,0,14,44,58,-0.136,-0.0885,-0.043,-0.028,-0.017,-4.796,6,0.0,0.0,68.0,68.0,68.0,119.0,0,2,4,6,0.011,0.040999999999999995,0.066,0.066,0.066,0.241,201,-81.0,0.0,0.0,0.0,4.0,-2936.0,41,7,153,201,-0.133,-0.038,-0.006,-0.003,-0.001,-7.99,384,-89.0,0.0,0.0,0.0,4.0,-6205.0,97,7,280,384,0.0,0.043,0.07,0.074,0.078,15.882,4032,-89.0,0.0,0.0,10.0,54.0,-33810.0,663,348,3021,4032,-0.133,0.357,0.894,1.023,1.334,1673.434
A_X084_Y100,84,100,72,96,84,116,286.0,144.0,1.0,825,13200,8733,4467,0.3396212121212121,"{""X2Y1"": 594, ""X3Y1"": 231}",True,NOT_PROVEN_WITHOUT_MOVED_FF_CONTROL_SET_REPLAY,NOT_PROVEN_READ_ONLY_SITE_INVENTORY_ONLY,16,FEATURE_BIN_2,16,18F6AC63D50EACD2B5F6CC669CA58252595A0313B759D7A0EC563D4D8CFF4410,True,,False,False,U_NEG_UPSTREAM_WORSENING;U_PASS_UPSTREAM_INCREASE;D_NEG_NO_MEDIAN_IMPROVEMENT,,False,False,False,True,"[0.0, 41.0, 14.0, 2.0, 0.0, 0.0, 0.0, 0.0, 16.0]",58,0.0,0.0,41.0,58.0,58.0,586.0,0,14,44,58,-0.136,-0.0885,-0.043,-0.028,-0.017,-4.796,6,0.0,0.0,58.0,58.0,58.0,88.0,0,2,4,6,0.011,0.040999999999999995,0.066,0.066,0.066,0.241,201,-76.0,0.0,0.0,0.0,0.0,-3923.0,57,0,144,201,-0.133,-0.038,-0.006,-0.003,-0.001,-7.99,384,-76.0,0.0,0.0,0.0,6.0,-5003.0,84,1,299,384,0.0,0.043,0.07,0.074,0.078,15.882,4032,-77.0,0.0,0.0,1.0,41.0,-35292.0,804,202,3026,4032,-0.133,0.357,0.894,1.023,1.334,1673.434
A_X084_Y100,84,100,72,96,84,116,286.0,144.0,1.0,825,13200,8733,4467,0.3396212121212121,"{""X2Y1"": 594, ""X3Y1"": 231}",True,NOT_PROVEN_WITHOUT_MOVED_FF_CONTROL_SET_REPLAY,NOT_PROVEN_READ_ONLY_SITE_INVENTORY_ONLY,16,FEATURE_BIN_3,16,6D6B2605916DFCDD525A27838AC825D18C62B807369D6E6322040D77ED73CF54,True,,False,False,U_NEG_UPSTREAM_WORSENING;U_PASS_UPSTREAM_INCREASE;D_NEG_NO_MEDIAN_IMPROVEMENT,,False,False,False,True,"[0.0, 35.0, 14.0, 2.0, 0.0, 0.0, 0.0, 0.0, 16.0]",58,0.0,0.0,35.0,58.0,58.0,522.0,0,14,44,58,-0.136,-0.0885,-0.043,-0.028,-0.017,-4.796,6,0.0,0.0,53.0,53.0,53.0,73.0,0,2,4,6,0.011,0.040999999999999995,0.066,0.066,0.066,0.241,201,-71.0,0.0,0.0,0.0,1.0,-1776.0,31,1,169,201,-0.133,-0.038,-0.006,-0.003,-0.001,-7.99,384,-71.0,0.0,0.0,0.0,2.0,-4912.0,88,11,285,384,0.0,0.043,0.07,0.074,0.078,15.882,4032,-71.0,0.0,0.0,2.0,51.0,-29698.0,689,274,3069,4032,-0.133,0.357,0.894,1.023,1.334,1673.434
A_X084_Y104,84,104,72,96,88,120,286.0,140.0,1.0,825,13200,9247,3953,0.3043181818181818,"{""X2Y1"": 576, ""X2Y2"": 18, ""X3Y1"": 224, ""X3Y2"": 7}",True,NOT_PROVEN_WITHOUT_MOVED_FF_CONTROL_SET_REPLAY,NOT_PROVEN_READ_ONLY_SITE_INVENTORY_ONLY,0,ALL_64,64,A49D88051B2D2E5D1255D4F806A7569CDA9B33A650A908566197031349AD8DB4,True,,True,False,U_NEG_UPSTREAM_WORSENING;U_PASS_UPSTREAM_INCREASE,,False,False,True,True,"[42.0, 64.0, 58.0, 6.0, -71.0, -23.0, -66.5, -39.0, 64.0]",58,4.0,42.0,64.0,68.0,72.0,2499.0,0,58,0,58,-0.136,-0.0885,-0.043,-0.028,-0.017,-4.796,6,16.0,48.0,64.0,64.0,64.0,256.0,0,6,0,6,0.011,0.040999999999999995,0.066,0.066,0.066,0.241,201,-79.0,-71.0,-23.0,5.0,33.0,-12273.0,190,11,0,201,-0.133,-0.038,-0.006,-0.003,-0.001,-7.99,384,-92.0,-66.5,-2.0,5.0,31.0,-20658.0,351,33,0,384,0.0,0.043,0.07,0.074,0.078,15.882,4032,-92.0,-39.0,15.0,23.0,51.0,-130206.0,2685,1285,62,4032,-0.133,0.357,0.894,1.023,1.334,1673.434
A_X084_Y104,84,104,72,96,88,120,286.0,140.0,1.0,825,13200,9247,3953,0.30113636363636365,"{""X2Y1"": 576, ""X2Y2"": 18, ""X3Y1"": 224, ""X3Y2"": 7}",True,NOT_PROVEN_WITHOUT_MOVED_FF_CONTROL_SET_REPLAY,NOT_PROVEN_READ_ONLY_SITE_INVENTORY_ONLY,0,DEST_X2Y1_MAJOR,22,EC8295A18CFB3214990035A3C2A8A03B2248BEA56069D816345F1D2C0CC4741A,True,,False,False,U_NEG_UPSTREAM_WORSENING;D_NEG_NO_MEDIAN_IMPROVEMENT,,False,True,False,True,"[0.0, 54.0, 22.0, 0.0, 0.0, 0.0, 0.0, 0.0, 22.0]",58,0.0,0.0,54.0,63.0,64.0,863.0,0,22,36,58,-0.136,-0.0885,-0.043,-0.028,-0.017,-4.796,6,0.0,0.0,0.0,0.0,0.0,0.0,0,0,6,6,0.011,0.040999999999999995,0.066,0.066,0.066,0.241,201,-77.0,0.0,0.0,5.0,33.0,-2947.0,54,11,136,201,-0.133,-0.038,-0.006,-0.003,-0.001,-7.99,384,-77.0,0.0,0.0,1.0,31.0,-6389.0,122,20,242,384,0.0,0.043,0.07,0.074,0.078,15.882,4032,-77.0,0.0,3.0,9.0,51.0,-43238.0,919,440,2673,4032,-0.133,0.357,0.894,1.023,1.334,1673.434
A_X084_Y104,84,104,72,96,88,120,286.0,140.0,1.0,825,13200,9247,3953,0.30098484848484847,"{""X2Y1"": 576, ""X2Y2"": 18, ""X3Y1"": 224, ""X3Y2"": 7}",True,NOT_PROVEN_WITHOUT_MOVED_FF_CONTROL_SET_REPLAY,NOT_PROVEN_READ_ONLY_SITE_INVENTORY_ONLY,0,DEST_X3Y1_MAJOR,20,D8DF451BC1C4EF6032E28F4D3065B488CCF48FA9921667AB64B2E0E8D05D4049,True,,False,False,U_NEG_UPSTREAM_WORSENING;U_PASS_UPSTREAM_INCREASE,,False,False,True,True,"[0.0, 51.0, 15.0, 5.0, -64.0, 0.0, 0.0, 0.0, 20.0]",58,0.0,0.0,51.0,56.0,72.0,699.0,0,15,43,58,-0.136,-0.0885,-0.043,-0.028,-0.017,-4.796,6,0.0,36.5,64.0,64.0,64.0,207.0,0,5,1,6,0.011,0.040999999999999995,0.066,0.066,0.066,0.241,201,-79.0,-64.0,0.0,0.0,0.0,-8634.0,126,0,75,201,-0.133,-0.038,-0.006,-0.003,-0.001,-7.99,384,-85.0,0.0,0.0,0.0,15.0,-10176.0,165,4,215,384,0.0,0.043,0.07,0.074,0.078,15.882,4032,-85.0,0.0,0.0,11.0,50.0,-41210.0,850,385,2797,4032,-0.133,0.357,0.894,1.023,1.334,1673.434
A_X084_Y104,84,104,72,96,88,120,286.0,140.0,1.0,825,13200,9247,3953,0.30113636363636365,"{""X2Y1"": 576, ""X2Y2"": 18, ""X3Y1"": 224, ""X3Y2"": 7}",True,NOT_PROVEN_WITHOUT_MOVED_FF_CONTROL_SET_REPLAY,NOT_PROVEN_READ_ONLY_SITE_INVENTORY_ONLY,0,DEST_MIXED_OR_OTHER,22,62A80A6BF2780309EBB7ACB65499DC33F9E420F49ABAF670FF853CD53D650A7D,True,,False,False,U_NEG_UPSTREAM_WORSENING;U_PASS_UPSTREAM_INCREASE;D_NEG_NO_MEDIAN_IMPROVEMENT,,False,False,False,True,"[0.0, 54.0, 21.0, 1.0, 0.0, 0.0, 0.0, 0.0, 22.0]",58,0.0,0.0,54.0,63.0,71.0,937.0,0,21,37,58,-0.136,-0.0885,-0.043,-0.028,-0.017,-4.796,6,0.0,0.0,49.0,49.0,49.0,49.0,0,1,5,6,0.011,0.040999999999999995,0.066,0.066,0.066,0.241,201,-76.0,0.0,0.0,0.0,0.0,-692.0,10,0,191,201,-0.133,-0.038,-0.006,-0.003,-0.001,-7.99,384,-92.0,0.0,0.0,0.0,12.0,-4093.0,64,9,311,384,0.0,0.043,0.07,0.074,0.078,15.882,4032,-92.0,0.0,4.0,12.0,48.0,-45758.0,916,460,2656,4032,-0.133,0.357,0.894,1.023,1.334,1673.434
A_X084_Y104,84,104,72,96,88,120,286.0,140.0,1.0,825,13200,9247,3953,0.30068181818181816,"{""X2Y1"": 576, ""X2Y2"": 18, ""X3Y1"": 224, ""X3Y2"": 7}",True,NOT_PROVEN_WITHOUT_MOVED_FF_CONTROL_SET_REPLAY,NOT_PROVEN_READ_ONLY_SITE_INVENTORY_ONLY,0,FEATURE_BIN_0,16,25AFEB422DB3BDBEF4DCE97A6D1274116E7B27A3B94E395D479DC22D3DE14FFD,True,,False,False,U_NEG_UPSTREAM_WORSENING;D_NEG_NO_MEDIAN_IMPROVEMENT,,False,True,False,True,"[0.0, 51.0, 16.0, 0.0, 0.0, 0.0, 0.0, 0.0, 16.0]",58,0.0,0.0,51.0,63.0,71.0,801.0,0,16,42,58,-0.136,-0.0885,-0.043,-0.028,-0.017,-4.796,6,0.0,0.0,0.0,0.0,0.0,0.0,0,0,6,6,0.011,0.040999999999999995,0.066,0.066,0.066,0.241,201,-77.0,0.0,0.0,0.0,33.0,-4028.0,61,3,137,201,-0.133,-0.038,-0.006,-0.003,-0.001,-7.99,384,-92.0,0.0,0.0,0.0,31.0,-5326.0,86,10,288,384,0.0,0.043,0.07,0.074,0.078,15.882,4032,-92.0,0.0,0.0,11.0,51.0,-35574.0,659,353,3020,4032,-0.133,0.357,0.894,1.023,1.334,1673.434
A_X084_Y104,84,104,72,96,88,120,286.0,140.0,1.0,825,13200,9247,3953,0.30068181818181816,"{""X2Y1"": 576, ""X2Y2"": 18, ""X3Y1"": 224, ""X3Y2"": 7}",True,NOT_PROVEN_WITHOUT_MOVED_FF_CONTROL_SET_REPLAY,NOT_PROVEN_READ_ONLY_SITE_INVENTORY_ONLY,0,FEATURE_BIN_1,16,863B9B0389C1B994C73ED0C57EC56A84FD6D317708E59D47B391DA86E44D3A8E,True,,False,False,U_NEG_UPSTREAM_WORSENING;U_PASS_UPSTREAM_INCREASE;D_NEG_NO_MEDIAN_IMPROVEMENT,,False,False,False,True,"[0.0, 56.0, 14.0, 2.0, 0.0, 0.0, 0.0, 0.0, 16.0]",58,0.0,0.0,56.0,64.0,72.0,702.0,0,14,44,58,-0.136,-0.0885,-0.043,-0.028,-0.017,-4.796,6,0.0,0.0,64.0,64.0,64.0,111.0,0,2,4,6,0.011,0.040999999999999995,0.066,0.066,0.066,0.241,201,-79.0,0.0,0.0,0.0,8.0,-2800.0,41,7,153,201,-0.133,-0.038,-0.006,-0.003,-0.001,-7.99,384,-85.0,0.0,0.0,0.0,8.0,-5957.0,96,8,280,384,0.0,0.043,0.07,0.074,0.078,15.882,4032,-85.0,0.0,0.0,13.0,50.0,-32380.0,652,357,3023,4032,-0.133,0.357,0.894,1.023,1.334,1673.434
A_X084_Y104,84,104,72,96,88,120,286.0,140.0,1.0,825,13200,9247,3953,0.30068181818181816,"{""X2Y1"": 576, ""X2Y2"": 18, ""X3Y1"": 224, ""X3Y2"": 7}",True,NOT_PROVEN_WITHOUT_MOVED_FF_CONTROL_SET_REPLAY,NOT_PROVEN_READ_ONLY_SITE_INVENTORY_ONLY,0,FEATURE_BIN_2,16,18F6AC63D50EACD2B5F6CC669CA58252595A0313B759D7A0EC563D4D8CFF4410,True,,False,False,U_NEG_UPSTREAM_WORSENING;U_PASS_UPSTREAM_INCREASE;D_NEG_NO_MEDIAN_IMPROVEMENT,,False,False,False,True,"[0.0, 37.0, 14.0, 2.0, 0.0, 0.0, 0.0, 0.0, 16.0]",58,0.0,0.0,37.0,54.0,54.0,530.0,0,14,44,58,-0.136,-0.0885,-0.043,-0.028,-0.017,-4.796,6,0.0,0.0,54.0,54.0,54.0,80.0,0,2,4,6,0.011,0.040999999999999995,0.066,0.066,0.066,0.241,201,-72.0,0.0,0.0,0.0,0.0,-3757.0,57,0,144,201,-0.133,-0.038,-0.006,-0.003,-0.001,-7.99,384,-73.0,0.0,0.0,0.0,10.0,-4763.0,83,2,299,384,0.0,0.043,0.07,0.074,0.078,15.882,4032,-73.0,0.0,0.0,2.0,37.0,-33902.0,750,241,3041,4032,-0.133,0.357,0.894,1.023,1.334,1673.434
A_X084_Y104,84,104,72,96,88,120,286.0,140.0,1.0,825,13200,9247,3953,0.30068181818181816,"{""X2Y1"": 576, ""X2Y2"": 18, ""X3Y1"": 224, ""X3Y2"": 7}",True,NOT_PROVEN_WITHOUT_MOVED_FF_CONTROL_SET_REPLAY,NOT_PROVEN_READ_ONLY_SITE_INVENTORY_ONLY,0,FEATURE_BIN_3,16,6D6B2605916DFCDD525A27838AC825D18C62B807369D6E6322040D77ED73CF54,True,,False,False,U_NEG_UPSTREAM_WORSENING;U_PASS_UPSTREAM_INCREASE;D_NEG_NO_MEDIAN_IMPROVEMENT,,False,False,False,True,"[0.0, 31.0, 14.0, 2.0, 0.0, 0.0, 0.0, 0.0, 16.0]",58,0.0,0.0,31.0,54.0,54.0,466.0,0,14,44,58,-0.136,-0.0885,-0.043,-0.028,-0.017,-4.796,6,0.0,0.0,49.0,49.0,49.0,65.0,0,2,4,6,0.011,0.040999999999999995,0.066,0.066,0.066,0.241,201,-67.0,0.0,0.0,0.0,5.0,-1688.0,31,1,169,201,-0.133,-0.038,-0.006,-0.003,-0.001,-7.99,384,-67.0,0.0,0.0,0.0,6.0,-4612.0,86,13,285,384,0.0,0.043,0.07,0.074,0.078,15.882,4032,-67.0,0.0,0.0,5.0,47.0,-28350.0,624,334,3074,4032,-0.133,0.357,0.894,1.023,1.334,1673.434
A_X084_Y108,84,108,72,96,92,124,286.0,136.0,1.0,825,13200,9808,3392,0.26181818181818184,"{""X2Y1"": 504, ""X2Y2"": 90, ""X3Y1"": 196, ""X3Y2"": 35}",True,NOT_PROVEN_WITHOUT_MOVED_FF_CONTROL_SET_REPLAY,NOT_PROVEN_READ_ONLY_SITE_INVENTORY_ONLY,0,ALL_64,64,A49D88051B2D2E5D1255D4F806A7569CDA9B33A650A908566197031349AD8DB4,True,,True,False,U_NEG_UPSTREAM_WORSENING;U_PASS_UPSTREAM_INCREASE,,False,False,True,True,"[38.0, 60.0, 57.0, 6.0, -67.0, -19.0, -64.0, -35.0, 64.0]",58,0.0,38.0,60.0,64.0,68.0,2267.0,0,57,1,58,-0.136,-0.0885,-0.043,-0.028,-0.017,-4.796,6,12.0,44.0,60.0,60.0,60.0,232.0,0,6,0,6,0.011,0.040999999999999995,0.066,0.066,0.066,0.241,201,-81.0,-67.0,-19.0,9.0,29.0,-11673.0,187,14,0,201,-0.133,-0.038,-0.006,-0.003,-0.001,-7.99,384,-88.0,-64.0,2.0,9.0,27.0,-19416.0,336,48,0,384,0.0,0.043,0.07,0.074,0.078,15.882,4032,-88.0,-35.0,16.0,19.0,47.0,-121802.0,2531,1499,2,4032,-0.133,0.357,0.894,1.023,1.334,1673.434
A_X084_Y108,84,108,72,96,92,124,286.0,136.0,1.0,825,13200,9808,3392,0.2586363636363636,"{""X2Y1"": 504, ""X2Y2"": 90, ""X3Y1"": 196, ""X3Y2"": 35}",True,NOT_PROVEN_WITHOUT_MOVED_FF_CONTROL_SET_REPLAY,NOT_PROVEN_READ_ONLY_SITE_INVENTORY_ONLY,0,DEST_X2Y1_MAJOR,22,EC8295A18CFB3214990035A3C2A8A03B2248BEA56069D816345F1D2C0CC4741A,True,,False,False,U_NEG_UPSTREAM_WORSENING;D_NEG_NO_MEDIAN_IMPROVEMENT,,False,True,False,True,"[0.0, 50.0, 21.0, 0.0, 0.0, 0.0, 0.0, 0.0, 22.0]",58,0.0,0.0,50.0,59.0,60.0,775.0,0,21,37,58,-0.136,-0.0885,-0.043,-0.028,-0.017,-4.796,6,0.0,0.0,0.0,0.0,0.0,0.0,0,0,6,6,0.011,0.040999999999999995,0.066,0.066,0.066,0.241,201,-73.0,0.0,0.0,9.0,29.0,-2713.0,52,13,136,201,-0.133,-0.038,-0.006,-0.003,-0.001,-7.99,384,-73.0,0.0,0.0,5.0,27.0,-5891.0,110,32,242,384,0.0,0.043,0.07,0.074,0.078,15.882,4032,-73.0,0.0,5.0,11.0,47.0,-40496.0,845,539,2648,4032,-0.133,0.357,0.894,1.023,1.334,1673.434
A_X084_Y108,84,108,72,96,92,124,286.0,136.0,1.0,825,13200,9808,3392,0.2584848484848485,"{""X2Y1"": 504, ""X2Y2"": 90, ""X3Y1"": 196, ""X3Y2"": 35}",True,NOT_PROVEN_WITHOUT_MOVED_FF_CONTROL_SET_REPLAY,NOT_PROVEN_READ_ONLY_SITE_INVENTORY_ONLY,0,DEST_X3Y1_MAJOR,20,D8DF451BC1C4EF6032E28F4D3065B488CCF48FA9921667AB64B2E0E8D05D4049,True,,True,False,U_NEG_UPSTREAM_WORSENING;U_PASS_UPSTREAM_INCREASE,,False,False,True,True,"[0.0, 47.0, 15.0, 5.0, -65.0, 0.0, 0.0, 0.0, 20.0]",58,0.0,0.0,47.0,52.0,68.0,639.0,0,15,43,58,-0.136,-0.0885,-0.043,-0.028,-0.017,-4.796,6,0.0,32.5,60.0,60.0,60.0,187.0,0,5,1,6,0.011,0.040999999999999995,0.066,0.066,0.066,0.241,201,-81.0,-65.0,0.0,0.0,2.0,-8288.0,125,1,75,201,-0.133,-0.038,-0.006,-0.003,-0.001,-7.99,384,-81.0,0.0,0.0,0.0,19.0,-9644.0,162,7,215,384,0.0,0.043,0.07,0.074,0.078,15.882,4032,-81.0,0.0,3.0,12.0,46.0,-38558.0,795,465,2772,4032,-0.133,0.357,0.894,1.023,1.334,1673.434
A_X084_Y108,84,108,72,96,92,124,286.0,136.0,1.0,825,13200,9808,3392,0.2586363636363636,"{""X2Y1"": 504, ""X2Y2"": 90, ""X3Y1"": 196, ""X3Y2"": 35}",True,NOT_PROVEN_WITHOUT_MOVED_FF_CONTROL_SET_REPLAY,NOT_PROVEN_READ_ONLY_SITE_INVENTORY_ONLY,0,DEST_MIXED_OR_OTHER,22,62A80A6BF2780309EBB7ACB65499DC33F9E420F49ABAF670FF853CD53D650A7D,True,,False,False,U_NEG_UPSTREAM_WORSENING;U_PASS_UPSTREAM_INCREASE;D_NEG_NO_MEDIAN_IMPROVEMENT,,False,False,False,True,"[0.0, 50.0, 21.0, 1.0, 0.0, 0.0, 0.0, 0.0, 22.0]",58,0.0,0.0,50.0,59.0,67.0,853.0,0,21,37,58,-0.136,-0.0885,-0.043,-0.028,-0.017,-4.796,6,0.0,0.0,45.0,45.0,45.0,45.0,0,1,5,6,0.011,0.040999999999999995,0.066,0.066,0.066,0.241,201,-72.0,0.0,0.0,0.0,0.0,-672.0,10,0,191,201,-0.133,-0.038,-0.006,-0.003,-0.001,-7.99,384,-88.0,0.0,0.0,0.0,16.0,-3881.0,64,9,311,384,0.0,0.043,0.07,0.074,0.078,15.882,4032,-88.0,0.0,8.0,14.0,44.0,-42748.0,891,495,2646,4032,-0.133,0.357,0.894,1.023,1.334,1673.434
A_X084_Y108,84,108,72,96,92,124,286.0,136.0,1.0,825,13200,9808,3392,0.2581818181818182,"{""X2Y1"": 504, ""X2Y2"": 90, ""X3Y1"": 196, ""X3Y2"": 35}",True,NOT_PROVEN_WITHOUT_MOVED_FF_CONTROL_SET_REPLAY,NOT_PROVEN_READ_ONLY_SITE_INVENTORY_ONLY,0,FEATURE_BIN_0,16,25AFEB422DB3BDBEF4DCE97A6D1274116E7B27A3B94E395D479DC22D3DE14FFD,True,,False,False,U_NEG_UPSTREAM_WORSENING;D_NEG_NO_MEDIAN_IMPROVEMENT,,False,True,False,True,"[0.0, 47.0, 16.0, 0.0, 0.0, 0.0, 0.0, 0.0, 16.0]",58,0.0,0.0,47.0,59.0,67.0,737.0,0,16,42,58,-0.136,-0.0885,-0.043,-0.028,-0.017,-4.796,6,0.0,0.0,0.0,0.0,0.0,0.0,0,0,6,6,0.011,0.040999999999999995,0.066,0.066,0.066,0.241,201,-73.0,0.0,0.0,0.0,29.0,-3864.0,60,4,137,201,-0.133,-0.038,-0.006,-0.003,-0.001,-7.99,384,-88.0,0.0,0.0,0.0,27.0,-4988.0,84,12,288,384,0.0,0.043,0.07,0.074,0.078,15.882,4032,-88.0,0.0,0.0,14.0,47.0,-33214.0,648,363,3021,4032,-0.133,0.357,0.894,1.023,1.334,1673.434
A_X084_Y108,84,108,72,96,92,124,286.0,136.0,1.0,825,13200,9808,3392,0.2581818181818182,"{""X2Y1"": 504, ""X2Y2"": 90, ""X3Y1"": 196, ""X3Y2"": 35}",True,NOT_PROVEN_WITHOUT_MOVED_FF_CONTROL_SET_REPLAY,NOT_PROVEN_READ_ONLY_SITE_INVENTORY_ONLY,0,FEATURE_BIN_1,16,863B9B0389C1B994C73ED0C57EC56A84FD6D317708E59D47B391DA86E44D3A8E,True,,False,False,U_NEG_UPSTREAM_WORSENING;U_PASS_UPSTREAM_INCREASE;D_NEG_NO_MEDIAN_IMPROVEMENT,,False,False,False,True,"[0.0, 52.0, 14.0, 2.0, 0.0, 0.0, 0.0, 0.0, 16.0]",58,0.0,0.0,52.0,60.0,68.0,646.0,0,14,44,58,-0.136,-0.0885,-0.043,-0.028,-0.017,-4.796,6,0.0,0.0,60.0,60.0,60.0,103.0,0,2,4,6,0.011,0.040999999999999995,0.066,0.066,0.066,0.241,201,-81.0,0.0,0.0,0.0,12.0,-2654.0,41,7,153,201,-0.133,-0.038,-0.006,-0.003,-0.001,-7.99,384,-81.0,0.0,0.0,0.0,12.0,-5671.0,93,11,280,384,0.0,0.043,0.07,0.074,0.078,15.882,4032,-81.0,0.0,0.0,12.0,46.0,-30462.0,651,361,3020,4032,-0.133,0.357,0.894,1.023,1.334,1673.434
A_X084_Y108,84,108,72,96,92,124,286.0,136.0,1.0,825,13200,9808,3392,0.2581818181818182,"{""X2Y1"": 504, ""X2Y2"": 90, ""X3Y1"": 196, ""X3Y2"": 35}",True,NOT_PROVEN_WITHOUT_MOVED_FF_CONTROL_SET_REPLAY,NOT_PROVEN_READ_ONLY_SITE_INVENTORY_ONLY,0,FEATURE_BIN_2,16,18F6AC63D50EACD2B5F6CC669CA58252595A0313B759D7A0EC563D4D8CFF4410,True,,False,False,U_NEG_UPSTREAM_WORSENING;U_PASS_UPSTREAM_INCREASE;D_NEG_NO_MEDIAN_IMPROVEMENT,,False,False,False,True,"[0.0, 33.0, 13.0, 2.0, 0.0, 0.0, 0.0, 0.0, 16.0]",58,0.0,0.0,33.0,50.0,50.0,474.0,0,13,45,58,-0.136,-0.0885,-0.043,-0.028,-0.017,-4.796,6,0.0,0.0,50.0,50.0,50.0,72.0,0,2,4,6,0.011,0.040999999999999995,0.066,0.066,0.066,0.241,201,-68.0,0.0,0.0,0.0,3.0,-3567.0,55,2,144,201,-0.133,-0.038,-0.006,-0.003,-0.001,-7.99,384,-69.0,0.0,0.0,0.0,14.0,-4479.0,75,10,299,384,0.0,0.043,0.07,0.074,0.078,15.882,4032,-69.0,0.0,0.0,5.0,33.0,-31804.0,625,387,3020,4032,-0.133,0.357,0.894,1.023,1.334,1673.434
A_X084_Y108,84,108,72,96,92,124,286.0,136.0,1.0,825,13200,9808,3392,0.2581818181818182,"{""X2Y1"": 504, ""X2Y2"": 90, ""X3Y1"": 196, ""X3Y2"": 35}",True,NOT_PROVEN_WITHOUT_MOVED_FF_CONTROL_SET_REPLAY,NOT_PROVEN_READ_ONLY_SITE_INVENTORY_ONLY,0,FEATURE_BIN_3,16,6D6B2605916DFCDD525A27838AC825D18C62B807369D6E6322040D77ED73CF54,True,,False,False,U_NEG_UPSTREAM_WORSENING;U_PASS_UPSTREAM_INCREASE;D_NEG_NO_MEDIAN_IMPROVEMENT,,False,False,False,True,"[0.0, 27.0, 14.0, 2.0, 0.0, 0.0, 0.0, 0.0, 16.0]",58,0.0,0.0,27.0,50.0,50.0,410.0,0,14,44,58,-0.136,-0.0885,-0.043,-0.028,-0.017,-4.796,6,0.0,0.0,45.0,45.0,45.0,57.0,0,2,4,6,0.011,0.040999999999999995,0.066,0.066,0.066,0.241,201,-63.0,0.0,0.0,0.0,9.0,-1588.0,31,1,169,201,-0.133,-0.038,-0.006,-0.003,-0.001,-7.99,384,-63.0,0.0,0.0,0.0,10.0,-4278.0,84,15,285,384,0.0,0.043,0.07,0.074,0.078,15.882,4032,-63.0,0.0,0.0,9.0,43.0,-26322.0,607,388,3037,4032,-0.133,0.357,0.894,1.023,1.334,1673.434
A_X084_Y112,84,112,72,96,96,128,286.0,132.0,1.0,825,13200,10367,2833,0.21946969696969698,"{""X2Y1"": 432, ""X2Y2"": 162, ""X3Y1"": 168, ""X3Y2"": 63}",True,NOT_PROVEN_WITHOUT_MOVED_FF_CONTROL_SET_REPLAY,NOT_PROVEN_READ_ONLY_SITE_INVENTORY_ONLY,0,ALL_64,64,A49D88051B2D2E5D1255D4F806A7569CDA9B33A650A908566197031349AD8DB4,True,,True,False,U_NEG_UPSTREAM_WORSENING;U_PASS_UPSTREAM_INCREASE,,False,False,True,True,"[34.0, 56.0, 57.0, 6.0, -64.0, -15.0, -60.0, -31.0, 64.0]",58,-4.0,34.0,56.0,60.0,64.0,2035.0,1,57,0,58,-0.136,-0.0885,-0.043,-0.028,-0.017,-4.796,6,8.0,40.0,56.0,56.0,56.0,208.0,0,6,0,6,0.011,0.040999999999999995,0.066,0.066,0.066,0.241,201,-77.0,-64.0,-15.0,13.0,25.0,-10955.0,184,16,1,201,-0.133,-0.038,-0.006,-0.003,-0.001,-7.99,384,-84.0,-60.0,6.0,13.0,23.0,-18016.0,330,52,2,384,0.0,0.043,0.07,0.074,0.078,15.882,4032,-84.0,-31.0,18.0,22.0,43.0,-109760.0,2423,1593,16,4032,-0.133,0.357,0.894,1.023,1.334,1673.434
A_X084_Y112,84,112,72,96,96,128,286.0,132.0,1.0,825,13200,10367,2833,0.21628787878787878,"{""X2Y1"": 432, ""X2Y2"": 162, ""X3Y1"": 168, ""X3Y2"": 63}",True,NOT_PROVEN_WITHOUT_MOVED_FF_CONTROL_SET_REPLAY,NOT_PROVEN_READ_ONLY_SITE_INVENTORY_ONLY,0,DEST_X2Y1_MAJOR,22,EC8295A18CFB3214990035A3C2A8A03B2248BEA56069D816345F1D2C0CC4741A,True,,False,False,U_NEG_UPSTREAM_WORSENING;D_NEG_NO_MEDIAN_IMPROVEMENT,,False,True,False,True,"[0.0, 46.0, 21.0, 0.0, 0.0, 0.0, 0.0, 0.0, 22.0]",58,-4.0,0.0,46.0,55.0,56.0,687.0,1,21,36,58,-0.136,-0.0885,-0.043,-0.028,-0.017,-4.796,6,0.0,0.0,0.0,0.0,0.0,0.0,0,0,6,6,0.011,0.040999999999999995,0.066,0.066,0.066,0.241,201,-69.0,0.0,0.0,13.0,25.0,-2473.0,49,15,137,201,-0.133,-0.038,-0.006,-0.003,-0.001,-7.99,384,-69.0,0.0,0.0,9.0,23.0,-5353.0,106,36,242,384,0.0,0.043,0.07,0.074,0.078,15.882,4032,-69.0,0.0,8.0,15.0,43.0,-36530.0,817,565,2650,4032,-0.133,0.357,0.894,1.023,1.334,1673.434
A_X084_Y112,84,112,72,96,96,128,286.0,132.0,1.0,825,13200,10367,2833,0.21613636363636363,"{""X2Y1"": 432, ""X2Y2"": 162, ""X3Y1"": 168, ""X3Y2"": 63}",True,NOT_PROVEN_WITHOUT_MOVED_FF_CONTROL_SET_REPLAY,NOT_PROVEN_READ_ONLY_SITE_INVENTORY_ONLY,0,DEST_X3Y1_MAJOR,20,D8DF451BC1C4EF6032E28F4D3065B488CCF48FA9921667AB64B2E0E8D05D4049,True,,True,False,U_NEG_UPSTREAM_WORSENING;U_PASS_UPSTREAM_INCREASE,,False,False,True,True,"[0.0, 43.0, 15.0, 5.0, -61.0, 0.0, 0.0, 0.0, 20.0]",58,0.0,0.0,43.0,48.0,64.0,579.0,0,15,43,58,-0.136,-0.0885,-0.043,-0.028,-0.017,-4.796,6,0.0,28.5,56.0,56.0,56.0,167.0,0,5,1,6,0.011,0.040999999999999995,0.066,0.066,0.066,0.241,201,-77.0,-61.0,0.0,0.0,6.0,-7846.0,125,1,75,201,-0.133,-0.038,-0.006,-0.003,-0.001,-7.99,384,-77.0,0.0,0.0,0.0,23.0,-9042.0,160,7,217,384,0.0,0.043,0.07,0.074,0.078,15.882,4032,-77.0,0.0,7.0,14.0,42.0,-34780.0,763,491,2778,4032,-0.133,0.357,0.894,1.023,1.334,1673.434
A_X084_Y112,84,112,72,96,96,128,286.0,132.0,1.0,825,13200,10367,2833,0.21628787878787878,"{""X2Y1"": 432, ""X2Y2"": 162, ""X3Y1"": 168, ""X3Y2"": 63}",True,NOT_PROVEN_WITHOUT_MOVED_FF_CONTROL_SET_REPLAY,NOT_PROVEN_READ_ONLY_SITE_INVENTORY_ONLY,0,DEST_MIXED_OR_OTHER,22,62A80A6BF2780309EBB7ACB65499DC33F9E420F49ABAF670FF853CD53D650A7D,True,,False,False,U_NEG_UPSTREAM_WORSENING;U_PASS_UPSTREAM_INCREASE;D_NEG_NO_MEDIAN_IMPROVEMENT,,False,False,False,True,"[0.0, 46.0, 21.0, 1.0, 0.0, 0.0, 0.0, 0.0, 22.0]",58,0.0,0.0,46.0,55.0,63.0,769.0,0,21,37,58,-0.136,-0.0885,-0.043,-0.028,-0.017,-4.796,6,0.0,0.0,41.0,41.0,41.0,41.0,0,1,5,6,0.011,0.040999999999999995,0.066,0.066,0.066,0.241,201,-68.0,0.0,0.0,0.0,0.0,-636.0,10,0,191,201,-0.133,-0.038,-0.006,-0.003,-0.001,-7.99,384,-84.0,0.0,0.0,0.0,20.0,-3621.0,64,9,311,384,0.0,0.043,0.07,0.074,0.078,15.882,4032,-84.0,0.0,12.0,18.0,40.0,-38450.0,843,537,2652,4032,-0.133,0.357,0.894,1.023,1.334,1673.434
A_X084_Y112,84,112,72,96,96,128,286.0,132.0,1.0,825,13200,10367,2833,0.21583333333333332,"{""X2Y1"": 432, ""X2Y2"": 162, ""X3Y1"": 168, ""X3Y2"": 63}",True,NOT_PROVEN_WITHOUT_MOVED_FF_CONTROL_SET_REPLAY,NOT_PROVEN_READ_ONLY_SITE_INVENTORY_ONLY,0,FEATURE_BIN_0,16,25AFEB422DB3BDBEF4DCE97A6D1274116E7B27A3B94E395D479DC22D3DE14FFD,True,,False,False,U_NEG_UPSTREAM_WORSENING;D_NEG_NO_MEDIAN_IMPROVEMENT,,False,True,False,True,"[0.0, 43.0, 16.0, 0.0, 0.0, 0.0, 0.0, 0.0, 16.0]",58,0.0,0.0,43.0,55.0,63.0,673.0,0,16,42,58,-0.136,-0.0885,-0.043,-0.028,-0.017,-4.796,6,0.0,0.0,0.0,0.0,0.0,0.0,0,0,6,6,0.011,0.040999999999999995,0.066,0.066,0.066,0.241,201,-69.0,0.0,0.0,0.0,25.0,-3640.0,58,6,137,201,-0.133,-0.038,-0.006,-0.003,-0.001,-7.99,384,-84.0,0.0,0.0,0.0,23.0,-4626.0,83,13,288,384,0.0,0.043,0.07,0.074,0.078,15.882,4032,-84.0,0.0,0.0,17.0,43.0,-29928.0,640,370,3022,4032,-0.133,0.357,0.894,1.023,1.334,1673.434
A_X084_Y112,84,112,72,96,96,128,286.0,132.0,1.0,825,13200,10367,2833,0.21583333333333332,"{""X2Y1"": 432, ""X2Y2"": 162, ""X3Y1"": 168, ""X3Y2"": 63}",True,NOT_PROVEN_WITHOUT_MOVED_FF_CONTROL_SET_REPLAY,NOT_PROVEN_READ_ONLY_SITE_INVENTORY_ONLY,0,FEATURE_BIN_1,16,863B9B0389C1B994C73ED0C57EC56A84FD6D317708E59D47B391DA86E44D3A8E,True,,False,False,U_NEG_UPSTREAM_WORSENING;U_PASS_UPSTREAM_INCREASE;D_NEG_NO_MEDIAN_IMPROVEMENT,,False,False,False,True,"[0.0, 48.0, 14.0, 2.0, 0.0, 0.0, 0.0, 0.0, 16.0]",58,0.0,0.0,48.0,56.0,64.0,590.0,0,14,44,58,-0.136,-0.0885,-0.043,-0.028,-0.017,-4.796,6,0.0,0.0,56.0,56.0,56.0,95.0,0,2,4,6,0.011,0.040999999999999995,0.066,0.066,0.066,0.241,201,-77.0,0.0,0.0,0.0,16.0,-2490.0,41,7,153,201,-0.133,-0.038,-0.006,-0.003,-0.001,-7.99,384,-77.0,0.0,0.0,0.0,16.0,-5337.0,91,11,282,384,0.0,0.043,0.07,0.074,0.078,15.882,4032,-77.0,0.0,1.0,15.0,42.0,-27618.0,602,405,3025,4032,-0.133,0.357,0.894,1.023,1.334,1673.434
A_X084_Y112,84,112,72,96,96,128,286.0,132.0,1.0,825,13200,10367,2833,0.21583333333333332,"{""X2Y1"": 432, ""X2Y2"": 162, ""X3Y1"": 168, ""X3Y2"": 63}",True,NOT_PROVEN_WITHOUT_MOVED_FF_CONTROL_SET_REPLAY,NOT_PROVEN_READ_ONLY_SITE_INVENTORY_ONLY,0,FEATURE_BIN_2,16,18F6AC63D50EACD2B5F6CC669CA58252595A0313B759D7A0EC563D4D8CFF4410,True,,False,False,U_NEG_UPSTREAM_WORSENING;U_PASS_UPSTREAM_INCREASE;D_NEG_NO_MEDIAN_IMPROVEMENT,,False,False,False,True,"[0.0, 29.0, 13.0, 2.0, 0.0, 0.0, 0.0, 0.0, 16.0]",58,-4.0,0.0,29.0,46.0,46.0,418.0,1,13,44,58,-0.136,-0.0885,-0.043,-0.028,-0.017,-4.796,6,0.0,0.0,46.0,46.0,46.0,64.0,0,2,4,6,0.011,0.040999999999999995,0.066,0.066,0.066,0.241,201,-64.0,0.0,0.0,0.0,7.0,-3341.0,55,2,144,201,-0.133,-0.038,-0.006,-0.003,-0.001,-7.99,384,-65.0,0.0,0.0,0.0,18.0,-4143.0,75,10,299,384,0.0,0.043,0.07,0.074,0.078,15.882,4032,-65.0,0.0,0.0,8.0,29.0,-28758.0,616,390,3026,4032,-0.133,0.357,0.894,1.023,1.334,1673.434
A_X084_Y112,84,112,72,96,96,128,286.0,132.0,1.0,825,13200,10367,2833,0.21583333333333332,"{""X2Y1"": 432, ""X2Y2"": 162, ""X3Y1"": 168, ""X3Y2"": 63}",True,NOT_PROVEN_WITHOUT_MOVED_FF_CONTROL_SET_REPLAY,NOT_PROVEN_READ_ONLY_SITE_INVENTORY_ONLY,0,FEATURE_BIN_3,16,6D6B2605916DFCDD525A27838AC825D18C62B807369D6E6322040D77ED73CF54,True,,False,False,U_NEG_UPSTREAM_WORSENING;U_PASS_UPSTREAM_INCREASE;D_NEG_NO_MEDIAN_IMPROVEMENT,,False,False,False,True,"[0.0, 23.0, 14.0, 2.0, 0.0, 0.0, 0.0, 0.0, 16.0]",58,0.0,0.0,23.0,46.0,46.0,354.0,0,14,44,58,-0.136,-0.0885,-0.043,-0.028,-0.017,-4.796,6,0.0,0.0,41.0,41.0,41.0,49.0,0,2,4,6,0.011,0.040999999999999995,0.066,0.066,0.066,0.241,201,-59.0,0.0,0.0,0.0,13.0,-1484.0,30,1,170,201,-0.133,-0.038,-0.006,-0.003,-0.001,-7.99,384,-59.0,0.0,0.0,0.0,14.0,-3910.0,81,18,285,384,0.0,0.043,0.07,0.074,0.078,15.882,4032,-59.0,0.0,3.0,12.0,39.0,-23456.0,565,428,3039,4032,-0.133,0.357,0.894,1.023,1.334,1673.434
A_X084_Y116,84,116,72,96,100,132,286.0,128.0,1.0,825,13200,10760,2440,0.1896969696969697,"{""X2Y1"": 360, ""X2Y2"": 234, ""X3Y1"": 140, ""X3Y2"": 91}",True,NOT_PROVEN_WITHOUT_MOVED_FF_CONTROL_SET_REPLAY,NOT_PROVEN_READ_ONLY_SITE_INVENTORY_ONLY,0,ALL_64,64,A49D88051B2D2E5D1255D4F806A7569CDA9B33A650A908566197031349AD8DB4,True,,True,False,U_NEG_UPSTREAM_WORSENING;U_PASS_UPSTREAM_INCREASE,,False,False,True,True,"[30.0, 52.0, 57.0, 6.0, -60.0, -11.0, -56.0, -27.0, 64.0]",58,-8.0,30.0,52.0,56.0,60.0,1803.0,1,57,0,58,-0.136,-0.0885,-0.043,-0.028,-0.017,-4.796,6,4.0,36.0,52.0,52.0,52.0,184.0,0,6,0,6,0.011,0.040999999999999995,0.066,0.066,0.066,0.241,201,-73.0,-60.0,-11.0,17.0,21.0,-10173.0,184,17,0,201,-0.133,-0.038,-0.006,-0.003,-0.001,-7.99,384,-80.0,-56.0,10.0,17.0,27.0,-16494.0,326,58,0,384,0.0,0.043,0.07,0.074,0.078,15.882,4032,-80.0,-27.0,21.0,24.0,39.0,-94996.0,2364,1659,9,4032,-0.133,0.357,0.894,1.023,1.334,1673.434
A_X084_Y116,84,116,72,96,100,132,286.0,128.0,1.0,825,13200,10760,2440,0.18651515151515152,"{""X2Y1"": 360, ""X2Y2"": 234, ""X3Y1"": 140, ""X3Y2"": 91}",True,NOT_PROVEN_WITHOUT_MOVED_FF_CONTROL_SET_REPLAY,NOT_PROVEN_READ_ONLY_SITE_INVENTORY_ONLY,0,DEST_X2Y1_MAJOR,22,EC8295A18CFB3214990035A3C2A8A03B2248BEA56069D816345F1D2C0CC4741A,True,,False,False,U_NEG_UPSTREAM_WORSENING;D_NEG_NO_MEDIAN_IMPROVEMENT,,False,True,False,True,"[0.0, 42.0, 21.0, 0.0, 0.0, 0.0, 0.0, 0.0, 22.0]",58,-8.0,0.0,42.0,51.0,52.0,599.0,1,21,36,58,-0.136,-0.0885,-0.043,-0.028,-0.017,-4.796,6,0.0,0.0,0.0,0.0,0.0,0.0,0,0,6,6,0.011,0.040999999999999995,0.066,0.066,0.066,0.241,201,-65.0,0.0,0.0,17.0,21.0,-2229.0,49,16,136,201,-0.133,-0.038,-0.006,-0.003,-0.001,-7.99,384,-65.0,0.0,0.0,13.0,20.0,-4793.0,104,38,242,384,0.0,0.043,0.07,0.074,0.078,15.882,4032,-65.0,0.0,12.0,19.0,39.0,-31608.0,795,589,2648,4032,-0.133,0.357,0.894,1.023,1.334,1673.434
A_X084_Y116,84,116,72,96,100,132,286.0,128.0,1.0,825,13200,10760,2440,0.18636363636363637,"{""X2Y1"": 360, ""X2Y2"": 234, ""X3Y1"": 140, ""X3Y2"": 91}",True,NOT_PROVEN_WITHOUT_MOVED_FF_CONTROL_SET_REPLAY,NOT_PROVEN_READ_ONLY_SITE_INVENTORY_ONLY,0,DEST_X3Y1_MAJOR,20,D8DF451BC1C4EF6032E28F4D3065B488CCF48FA9921667AB64B2E0E8D05D4049,True,,True,False,U_NEG_UPSTREAM_WORSENING;U_PASS_UPSTREAM_INCREASE,,False,False,True,True,"[0.0, 39.0, 15.0, 5.0, -57.0, 0.0, 0.0, 0.0, 20.0]",58,0.0,0.0,39.0,44.0,60.0,519.0,0,15,43,58,-0.136,-0.0885,-0.043,-0.028,-0.017,-4.796,6,0.0,24.5,52.0,52.0,52.0,147.0,0,5,1,6,0.011,0.040999999999999995,0.066,0.066,0.066,0.241,201,-73.0,-57.0,0.0,0.0,10.0,-7348.0,125,1,75,201,-0.133,-0.038,-0.006,-0.003,-0.001,-7.99,384,-73.0,0.0,0.0,0.0,27.0,-8372.0,158,11,215,384,0.0,0.043,0.07,0.074,0.078,15.882,4032,-73.0,0.0,11.0,18.0,38.0,-30184.0,746,512,2774,4032,-0.133,0.357,0.894,1.023,1.334,1673.434
A_X084_Y116,84,116,72,96,100,132,286.0,128.0,1.0,825,13200,10760,2440,0.18651515151515152,"{""X2Y1"": 360, ""X2Y2"": 234, ""X3Y1"": 140, ""X3Y2"": 91}",True,NOT_PROVEN_WITHOUT_MOVED_FF_CONTROL_SET_REPLAY,NOT_PROVEN_READ_ONLY_SITE_INVENTORY_ONLY,0,DEST_MIXED_OR_OTHER,22,62A80A6BF2780309EBB7ACB65499DC33F9E420F49ABAF670FF853CD53D650A7D,True,,False,False,U_NEG_UPSTREAM_WORSENING;U_PASS_UPSTREAM_INCREASE;D_NEG_NO_MEDIAN_IMPROVEMENT,,False,False,False,True,"[0.0, 42.0, 21.0, 1.0, 0.0, 0.0, 0.0, 0.0, 22.0]",58,0.0,0.0,42.0,51.0,59.0,685.0,0,21,37,58,-0.136,-0.0885,-0.043,-0.028,-0.017,-4.796,6,0.0,0.0,37.0,37.0,37.0,37.0,0,1,5,6,0.011,0.040999999999999995,0.066,0.066,0.066,0.241,201,-64.0,0.0,0.0,0.0,0.0,-596.0,10,0,191,201,-0.133,-0.038,-0.006,-0.003,-0.001,-7.99,384,-80.0,0.0,0.0,0.0,24.0,-3329.0,64,9,311,384,0.0,0.043,0.07,0.074,0.078,15.882,4032,-80.0,0.0,15.0,22.0,36.0,-33204.0,823,558,2651,4032,-0.133,0.357,0.894,1.023,1.334,1673.434
A_X084_Y116,84,116,72,96,100,132,286.0,128.0,1.0,825,13200,10760,2440,0.18606060606060607,"{""X2Y1"": 360, ""X2Y2"": 234, ""X3Y1"": 140, ""X3Y2"": 91}",True,NOT_PROVEN_WITHOUT_MOVED_FF_CONTROL_SET_REPLAY,NOT_PROVEN_READ_ONLY_SITE_INVENTORY_ONLY,0,FEATURE_BIN_0,16,25AFEB422DB3BDBEF4DCE97A6D1274116E7B27A3B94E395D479DC22D3DE14FFD,True,,False,False,U_NEG_UPSTREAM_WORSENING;D_NEG_NO_MEDIAN_IMPROVEMENT,,False,True,False,True,"[0.0, 39.0, 16.0, 0.0, 0.0, 0.0, 0.0, 0.0, 16.0]",58,0.0,0.0,39.0,51.0,59.0,609.0,0,16,42,58,-0.136,-0.0885,-0.043,-0.028,-0.017,-4.796,6,0.0,0.0,0.0,0.0,0.0,0.0,0,0,6,6,0.011,0.040999999999999995,0.066,0.066,0.066,0.241,201,-65.0,0.0,0.0,0.0,21.0,-3400.0,58,6,137,201,-0.133,-0.038,-0.006,-0.003,-0.001,-7.99,384,-80.0,0.0,0.0,0.0,27.0,-4250.0,81,15,288,384,0.0,0.043,0.07,0.074,0.078,15.882,4032,-80.0,0.0,0.0,21.0,39.0,-26058.0,621,384,3027,4032,-0.133,0.357,0.894,1.023,1.334,1673.434
A_X084_Y116,84,116,72,96,100,132,286.0,128.0,1.0,825,13200,10760,2440,0.18606060606060607,"{""X2Y1"": 360, ""X2Y2"": 234, ""X3Y1"": 140, ""X3Y2"": 91}",True,NOT_PROVEN_WITHOUT_MOVED_FF_CONTROL_SET_REPLAY,NOT_PROVEN_READ_ONLY_SITE_INVENTORY_ONLY,0,FEATURE_BIN_1,16,863B9B0389C1B994C73ED0C57EC56A84FD6D317708E59D47B391DA86E44D3A8E,True,,False,False,U_NEG_UPSTREAM_WORSENING;U_PASS_UPSTREAM_INCREASE;D_NEG_NO_MEDIAN_IMPROVEMENT,,False,False,False,True,"[0.0, 44.0, 14.0, 2.0, 0.0, 0.0, 0.0, 0.0, 16.0]",58,0.0,0.0,44.0,52.0,60.0,534.0,0,14,44,58,-0.136,-0.0885,-0.043,-0.028,-0.017,-4.796,6,0.0,0.0,52.0,52.0,52.0,87.0,0,2,4,6,0.011,0.040999999999999995,0.066,0.066,0.066,0.241,201,-73.0,0.0,0.0,0.0,20.0,-2302.0,41,7,153,201,-0.133,-0.038,-0.006,-0.003,-0.001,-7.99,384,-73.0,0.0,0.0,0.0,20.0,-4925.0,91,13,280,384,0.0,0.043,0.07,0.074,0.078,15.882,4032,-73.0,0.0,5.0,19.0,38.0,-23960.0,592,420,3020,4032,-0.133,0.357,0.894,1.023,1.334,1673.434
A_X084_Y116,84,116,72,96,100,132,286.0,128.0,1.0,825,13200,10760,2440,0.18606060606060607,"{""X2Y1"": 360, ""X2Y2"": 234, ""X3Y1"": 140, ""X3Y2"": 91}",True,NOT_PROVEN_WITHOUT_MOVED_FF_CONTROL_SET_REPLAY,NOT_PROVEN_READ_ONLY_SITE_INVENTORY_ONLY,0,FEATURE_BIN_2,16,18F6AC63D50EACD2B5F6CC669CA58252595A0313B759D7A0EC563D4D8CFF4410,True,,False,False,U_NEG_UPSTREAM_WORSENING;U_PASS_UPSTREAM_INCREASE;D_NEG_NO_MEDIAN_IMPROVEMENT,,False,False,False,True,"[0.0, 25.0, 13.0, 2.0, 0.0, 0.0, 0.0, 0.0, 16.0]",58,-8.0,0.0,25.0,42.0,42.0,362.0,1,13,44,58,-0.136,-0.0885,-0.043,-0.028,-0.017,-4.796,6,0.0,0.0,42.0,42.0,42.0,56.0,0,2,4,6,0.011,0.040999999999999995,0.066,0.066,0.066,0.241,201,-60.0,0.0,0.0,0.0,11.0,-3113.0,55,2,144,201,-0.133,-0.038,-0.006,-0.003,-0.001,-7.99,384,-61.0,0.0,0.0,0.0,22.0,-3803.0,75,10,299,384,0.0,0.043,0.07,0.074,0.078,15.882,4032,-61.0,0.0,1.0,12.0,25.0,-25096.0,599,411,3022,4032,-0.133,0.357,0.894,1.023,1.334,1673.434
A_X084_Y116,84,116,72,96,100,132,286.0,128.0,1.0,825,13200,10760,2440,0.18606060606060607,"{""X2Y1"": 360, ""X2Y2"": 234, ""X3Y1"": 140, ""X3Y2"": 91}",True,NOT_PROVEN_WITHOUT_MOVED_FF_CONTROL_SET_REPLAY,NOT_PROVEN_READ_ONLY_SITE_INVENTORY_ONLY,0,FEATURE_BIN_3,16,6D6B2605916DFCDD525A27838AC825D18C62B807369D6E6322040D77ED73CF54,True,,False,False,U_NEG_UPSTREAM_WORSENING;U_PASS_UPSTREAM_INCREASE;D_NEG_NO_MEDIAN_IMPROVEMENT,,False,False,False,True,"[0.0, 19.0, 14.0, 2.0, 0.0, 0.0, 0.0, 0.0, 16.0]",58,0.0,0.0,19.0,42.0,42.0,298.0,0,14,44,58,-0.136,-0.0885,-0.043,-0.028,-0.017,-4.796,6,0.0,0.0,37.0,37.0,37.0,41.0,0,2,4,6,0.011,0.040999999999999995,0.066,0.066,0.066,0.241,201,-55.0,0.0,0.0,0.0,17.0,-1358.0,30,2,169,201,-0.133,-0.038,-0.006,-0.003,-0.001,-7.99,384,-55.0,0.0,0.0,1.0,18.0,-3516.0,79,20,285,384,0.0,0.043,0.07,0.074,0.078,15.882,4032,-55.0,0.0,7.0,16.0,35.0,-19882.0,552,444,3036,4032,-0.133,0.357,0.894,1.023,1.334,1673.434
A_X088_Y076,88,76,76,100,60,92,297.0,169.0,1.0,825,13200,10233,2967,0.22962121212121211,"{""X2Y1"": 462, ""X3Y1"": 363}",True,NOT_PROVEN_WITHOUT_MOVED_FF_CONTROL_SET_REPLAY,NOT_PROVEN_READ_ONLY_SITE_INVENTORY_ONLY,64,ALL_64,64,A49D88051B2D2E5D1255D4F806A7569CDA9B33A650A908566197031349AD8DB4,True,,False,False,U_NEG_UPSTREAM_WORSENING;U_PASS_UPSTREAM_INCREASE,,False,False,True,True,"[82.0, 104.0, 58.0, 6.0, -75.0, -29.0, -68.0, -35.0, 64.0]",58,44.0,82.0,104.0,108.0,112.0,4819.0,0,58,0,58,-0.136,-0.0885,-0.043,-0.028,-0.017,-4.796,6,56.0,88.0,104.0,104.0,104.0,496.0,0,6,0,6,0.011,0.040999999999999995,0.066,0.066,0.066,0.241,201,-113.0,-75.0,-29.0,-4.0,73.0,-13741.0,191,10,0,201,-0.133,-0.038,-0.006,-0.003,-0.001,-7.99,384,-117.0,-68.0,-3.0,16.0,71.0,-22918.0,348,36,0,384,0.0,0.043,0.07,0.074,0.078,15.882,4032,-126.0,-35.0,54.0,63.0,91.0,-97158.0,2635,1390,7,4032,-0.133,0.357,0.894,1.023,1.334,1673.434
A_X088_Y076,88,76,76,100,60,92,297.0,169.0,1.0,825,13200,10233,2967,0.22643939393939394,"{""X2Y1"": 462, ""X3Y1"": 363}",True,NOT_PROVEN_WITHOUT_MOVED_FF_CONTROL_SET_REPLAY,NOT_PROVEN_READ_ONLY_SITE_INVENTORY_ONLY,22,DEST_X2Y1_MAJOR,22,EC8295A18CFB3214990035A3C2A8A03B2248BEA56069D816345F1D2C0CC4741A,True,,False,False,U_NEG_UPSTREAM_WORSENING;D_NEG_NO_MEDIAN_IMPROVEMENT,,False,True,False,True,"[0.0, 94.0, 22.0, 0.0, 0.0, 0.0, 0.0, 0.0, 22.0]",58,0.0,0.0,94.0,103.0,104.0,1743.0,0,22,36,58,-0.136,-0.0885,-0.043,-0.028,-0.017,-4.796,6,0.0,0.0,0.0,0.0,0.0,0.0,0,0,6,6,0.011,0.040999999999999995,0.066,0.066,0.066,0.241,201,-107.0,0.0,0.0,0.0,73.0,-3477.0,57,8,136,201,-0.133,-0.038,-0.006,-0.003,-0.001,-7.99,384,-113.0,0.0,0.0,5.0,71.0,-7089.0,119,23,242,384,0.0,0.043,0.07,0.074,0.078,15.882,4032,-113.0,0.0,19.0,47.0,91.0,-32176.0,897,487,2648,4032,-0.133,0.357,0.894,1.023,1.334,1673.434
A_X088_Y076,88,76,76,100,60,92,297.0,169.0,1.0,825,13200,10233,2967,0.2262878787878788,"{""X2Y1"": 462, ""X3Y1"": 363}",True,NOT_PROVEN_WITHOUT_MOVED_FF_CONTROL_SET_REPLAY,NOT_PROVEN_READ_ONLY_SITE_INVENTORY_ONLY,20,DEST_X3Y1_MAJOR,20,D8DF451BC1C4EF6032E28F4D3065B488CCF48FA9921667AB64B2E0E8D05D4049,True,,False,False,U_NEG_UPSTREAM_WORSENING;U_PASS_UPSTREAM_INCREASE,,False,False,True,True,"[0.0, 91.0, 15.0, 5.0, -53.0, 0.0, 0.0, 0.0, 20.0]",58,0.0,0.0,91.0,96.0,112.0,1299.0,0,15,43,58,-0.136,-0.0885,-0.043,-0.028,-0.017,-4.796,6,0.0,76.5,104.0,104.0,104.0,407.0,0,5,1,6,0.011,0.040999999999999995,0.066,0.066,0.066,0.241,201,-113.0,-53.0,0.0,0.0,28.0,-9546.0,124,2,75,201,-0.133,-0.038,-0.006,-0.003,-0.001,-7.99,384,-117.0,0.0,0.0,0.0,32.0,-11126.0,160,9,215,384,0.0,0.043,0.07,0.074,0.078,15.882,4032,-119.0,0.0,8.0,40.0,90.0,-30780.0,827,428,2777,4032,-0.133,0.357,0.894,1.023,1.334,1673.434
A_X088_Y076,88,76,76,100,60,92,297.0,169.0,1.0,825,13200,10233,2967,0.22643939393939394,"{""X2Y1"": 462, ""X3Y1"": 363}",True,NOT_PROVEN_WITHOUT_MOVED_FF_CONTROL_SET_REPLAY,NOT_PROVEN_READ_ONLY_SITE_INVENTORY_ONLY,22,DEST_MIXED_OR_OTHER,22,62A80A6BF2780309EBB7ACB65499DC33F9E420F49ABAF670FF853CD53D650A7D,True,,False,False,U_NEG_UPSTREAM_WORSENING;U_PASS_UPSTREAM_INCREASE;D_NEG_NO_MEDIAN_IMPROVEMENT,,False,False,False,True,"[0.0, 94.0, 21.0, 1.0, 0.0, 0.0, 0.0, 0.0, 22.0]",58,0.0,0.0,94.0,103.0,111.0,1777.0,0,21,37,58,-0.136,-0.0885,-0.043,-0.028,-0.017,-4.796,6,0.0,0.0,89.0,89.0,89.0,89.0,0,1,5,6,0.011,0.040999999999999995,0.066,0.066,0.066,0.241,201,-109.0,0.0,0.0,0.0,0.0,-718.0,10,0,191,201,-0.133,-0.038,-0.006,-0.003,-0.001,-7.99,384,-114.0,0.0,0.0,0.0,38.0,-4703.0,69,4,311,384,0.0,0.043,0.07,0.074,0.078,15.882,4032,-126.0,0.0,20.0,45.0,88.0,-34202.0,911,475,2646,4032,-0.133,0.357,0.894,1.023,1.334,1673.434
A_X088_Y076,88,76,76,100,60,92,297.0,169.0,1.0,825,13200,10233,2967,0.22598484848484848,"{""X2Y1"": 462, ""X3Y1"": 363}",True,NOT_PROVEN_WITHOUT_MOVED_FF_CONTROL_SET_REPLAY,NOT_PROVEN_READ_ONLY_SITE_INVENTORY_ONLY,16,FEATURE_BIN_0,16,25AFEB422DB3BDBEF4DCE97A6D1274116E7B27A3B94E395D479DC22D3DE14FFD,True,,False,False,U_NEG_UPSTREAM_WORSENING;D_NEG_NO_MEDIAN_IMPROVEMENT,,False,True,False,True,"[0.0, 91.0, 16.0, 0.0, 0.0, 0.0, 0.0, 0.0, 16.0]",58,0.0,0.0,91.0,103.0,111.0,1441.0,0,16,42,58,-0.136,-0.0885,-0.043,-0.028,-0.017,-4.796,6,0.0,0.0,0.0,0.0,0.0,0.0,0,0,6,6,0.011,0.040999999999999995,0.066,0.066,0.066,0.241,201,-113.0,0.0,0.0,0.0,73.0,-4200.0,59,5,137,201,-0.133,-0.038,-0.006,-0.003,-0.001,-7.99,384,-114.0,0.0,0.0,0.0,71.0,-6064.0,84,12,288,384,0.0,0.043,0.07,0.074,0.078,15.882,4032,-126.0,0.0,0.0,32.0,91.0,-27848.0,680,330,3022,4032,-0.133,0.357,0.894,1.023,1.334,1673.434
A_X088_Y076,88,76,76,100,60,92,297.0,169.0,1.0,825,13200,10233,2967,0.22598484848484848,"{""X2Y1"": 462, ""X3Y1"": 363}",True,NOT_PROVEN_WITHOUT_MOVED_FF_CONTROL_SET_REPLAY,NOT_PROVEN_READ_ONLY_SITE_INVENTORY_ONLY,16,FEATURE_BIN_1,16,863B9B0389C1B994C73ED0C57EC56A84FD6D317708E59D47B391DA86E44D3A8E,True,,False,False,U_NEG_UPSTREAM_WORSENING;U_PASS_UPSTREAM_INCREASE;D_NEG_NO_MEDIAN_IMPROVEMENT,,False,False,False,True,"[0.0, 96.0, 14.0, 2.0, 0.0, 0.0, 0.0, 0.0, 16.0]",58,0.0,0.0,96.0,104.0,112.0,1262.0,0,14,44,58,-0.136,-0.0885,-0.043,-0.028,-0.017,-4.796,6,0.0,0.0,104.0,104.0,104.0,191.0,0,2,4,6,0.011,0.040999999999999995,0.066,0.066,0.066,0.241,201,-112.0,0.0,0.0,0.0,36.0,-3306.0,46,2,153,201,-0.133,-0.038,-0.006,-0.003,-0.001,-7.99,384,-117.0,0.0,0.0,0.0,37.0,-6439.0,95,9,280,384,0.0,0.043,0.07,0.074,0.078,15.882,4032,-121.0,0.0,0.0,37.0,90.0,-24106.0,643,364,3025,4032,-0.133,0.357,0.894,1.023,1.334,1673.434
A_X088_Y076,88,76,76,100,60,92,297.0,169.0,1.0,825,13200,10233,2967,0.22598484848484848,"{""X2Y1"": 462, ""X3Y1"": 363}",True,NOT_PROVEN_WITHOUT_MOVED_FF_CONTROL_SET_REPLAY,NOT_PROVEN_READ_ONLY_SITE_INVENTORY_ONLY,16,FEATURE_BIN_2,16,18F6AC63D50EACD2B5F6CC669CA58252595A0313B759D7A0EC563D4D8CFF4410,True,,False,False,U_NEG_UPSTREAM_WORSENING;U_PASS_UPSTREAM_INCREASE;D_NEG_NO_MEDIAN_IMPROVEMENT,,False,False,False,True,"[0.0, 77.0, 14.0, 2.0, 0.0, 0.0, 0.0, 0.0, 16.0]",58,0.0,0.0,77.0,94.0,94.0,1090.0,0,14,44,58,-0.136,-0.0885,-0.043,-0.028,-0.017,-4.796,6,0.0,0.0,94.0,94.0,94.0,160.0,0,2,4,6,0.011,0.040999999999999995,0.066,0.066,0.066,0.241,201,-110.0,0.0,0.0,0.0,28.0,-4235.0,55,2,144,201,-0.133,-0.038,-0.006,-0.003,-0.001,-7.99,384,-105.0,0.0,0.0,0.0,32.0,-5203.0,78,7,299,384,0.0,0.043,0.07,0.074,0.078,15.882,4032,-111.0,0.0,0.0,31.0,77.0,-25226.0,661,351,3020,4032,-0.133,0.357,0.894,1.023,1.334,1673.434
A_X088_Y076,88,76,76,100,60,92,297.0,169.0,1.0,825,13200,10233,2967,0.22598484848484848,"{""X2Y1"": 462, ""X3Y1"": 363}",True,NOT_PROVEN_WITHOUT_MOVED_FF_CONTROL_SET_REPLAY,NOT_PROVEN_READ_ONLY_SITE_INVENTORY_ONLY,16,FEATURE_BIN_3,16,6D6B2605916DFCDD525A27838AC825D18C62B807369D6E6322040D77ED73CF54,True,,False,False,U_NEG_UPSTREAM_WORSENING;U_PASS_UPSTREAM_INCREASE;D_NEG_NO_MEDIAN_IMPROVEMENT,,False,False,False,True,"[0.0, 71.0, 14.0, 2.0, 0.0, 0.0, 0.0, 0.0, 16.0]",58,0.0,0.0,71.0,94.0,94.0,1026.0,0,14,44,58,-0.136,-0.0885,-0.043,-0.028,-0.017,-4.796,6,0.0,0.0,89.0,89.0,89.0,145.0,0,2,4,6,0.011,0.040999999999999995,0.066,0.066,0.066,0.241,201,-107.0,0.0,0.0,0.0,22.0,-2000.0,31,1,169,201,-0.133,-0.038,-0.006,-0.003,-0.001,-7.99,384,-107.0,0.0,0.0,0.0,32.0,-5212.0,91,8,285,384,0.0,0.043,0.07,0.074,0.078,15.882,4032,-107.0,0.0,0.0,31.0,87.0,-19978.0,651,345,3036,4032,-0.133,0.357,0.894,1.023,1.334,1673.434
A_X088_Y080,88,80,76,100,64,96,297.0,165.0,1.0,825,13200,9743,3457,0.2667424242424242,"{""X2Y1"": 462, ""X3Y1"": 363}",True,NOT_PROVEN_WITHOUT_MOVED_FF_CONTROL_SET_REPLAY,NOT_PROVEN_READ_ONLY_SITE_INVENTORY_ONLY,64,ALL_64,64,A49D88051B2D2E5D1255D4F806A7569CDA9B33A650A908566197031349AD8DB4,True,,False,False,U_NEG_UPSTREAM_WORSENING;U_PASS_UPSTREAM_INCREASE,,False,False,True,True,"[78.0, 100.0, 58.0, 6.0, -79.0, -33.0, -71.5, -38.0, 64.0]",58,40.0,78.0,100.0,104.0,108.0,4587.0,0,58,0,58,-0.136,-0.0885,-0.043,-0.028,-0.017,-4.796,6,52.0,84.0,100.0,100.0,100.0,472.0,0,6,0,6,0.011,0.040999999999999995,0.066,0.066,0.066,0.241,201,-113.0,-79.0,-33.0,-6.0,69.0,-14229.0,191,10,0,201,-0.133,-0.038,-0.006,-0.003,-0.001,-7.99,384,-113.0,-71.5,-2.0,12.0,67.0,-23724.0,347,37,0,384,0.0,0.043,0.07,0.074,0.078,15.882,4032,-128.0,-38.0,50.0,59.0,87.0,-108470.0,2649,1363,20,4032,-0.133,0.357,0.894,1.023,1.334,1673.434
A_X088_Y080,88,80,76,100,64,96,297.0,165.0,1.0,825,13200,9743,3457,0.26356060606060605,"{""X2Y1"": 462, ""X3Y1"": 363}",True,NOT_PROVEN_WITHOUT_MOVED_FF_CONTROL_SET_REPLAY,NOT_PROVEN_READ_ONLY_SITE_INVENTORY_ONLY,22,DEST_X2Y1_MAJOR,22,EC8295A18CFB3214990035A3C2A8A03B2248BEA56069D816345F1D2C0CC4741A,True,,False,False,U_NEG_UPSTREAM_WORSENING;D_NEG_NO_MEDIAN_IMPROVEMENT,,False,True,False,True,"[0.0, 90.0, 22.0, 0.0, 0.0, 0.0, 0.0, 0.0, 22.0]",58,0.0,0.0,90.0,99.0,100.0,1655.0,0,22,36,58,-0.136,-0.0885,-0.043,-0.028,-0.017,-4.796,6,0.0,0.0,0.0,0.0,0.0,0.0,0,0,6,6,0.011,0.040999999999999995,0.066,0.066,0.066,0.241,201,-111.0,0.0,0.0,0.0,69.0,-3585.0,57,8,136,201,-0.133,-0.038,-0.006,-0.003,-0.001,-7.99,384,-109.0,0.0,0.0,1.0,67.0,-7409.0,120,22,242,384,0.0,0.043,0.07,0.074,0.078,15.882,4032,-111.0,0.0,15.0,43.0,87.0,-36132.0,906,478,2648,4032,-0.133,0.357,0.894,1.023,1.334,1673.434
A_X088_Y080,88,80,76,100,64,96,297.0,165.0,1.0,825,13200,9743,3457,0.2634090909090909,"{""X2Y1"": 462, ""X3Y1"": 363}",True,NOT_PROVEN_WITHOUT_MOVED_FF_CONTROL_SET_REPLAY,NOT_PROVEN_READ_ONLY_SITE_INVENTORY_ONLY,20,DEST_X3Y1_MAJOR,20,D8DF451BC1C4EF6032E28F4D3065B488CCF48FA9921667AB64B2E0E8D05D4049,True,,False,False,U_NEG_UPSTREAM_WORSENING;U_PASS_UPSTREAM_INCREASE,,False,False,True,True,"[0.0, 87.0, 15.0, 5.0, -57.0, 0.0, 0.0, 0.0, 20.0]",58,0.0,0.0,87.0,92.0,108.0,1239.0,0,15,43,58,-0.136,-0.0885,-0.043,-0.028,-0.017,-4.796,6,0.0,72.5,100.0,100.0,100.0,387.0,0,5,1,6,0.011,0.040999999999999995,0.066,0.066,0.066,0.241,201,-113.0,-57.0,0.0,0.0,24.0,-9902.0,124,2,75,201,-0.133,-0.038,-0.006,-0.003,-0.001,-7.99,384,-113.0,0.0,0.0,0.0,28.0,-11518.0,157,12,215,384,0.0,0.043,0.07,0.074,0.078,15.882,4032,-121.0,0.0,4.0,36.0,86.0,-34306.0,825,419,2788,4032,-0.133,0.357,0.894,1.023,1.334,1673.434
A_X088_Y080,88,80,76,100,64,96,297.0,165.0,1.0,825,13200,9743,3457,0.26356060606060605,"{""X2Y1"": 462, ""X3Y1"": 363}",True,NOT_PROVEN_WITHOUT_MOVED_FF_CONTROL_SET_REPLAY,NOT_PROVEN_READ_ONLY_SITE_INVENTORY_ONLY,22,DEST_MIXED_OR_OTHER,22,62A80A6BF2780309EBB7ACB65499DC33F9E420F49ABAF670FF853CD53D650A7D,True,,False,False,U_NEG_UPSTREAM_WORSENING;U_PASS_UPSTREAM_INCREASE;D_NEG_NO_MEDIAN_IMPROVEMENT,,False,False,False,True,"[0.0, 90.0, 21.0, 1.0, 0.0, 0.0, 0.0, 0.0, 22.0]",58,0.0,0.0,90.0,99.0,107.0,1693.0,0,21,37,58,-0.136,-0.0885,-0.043,-0.028,-0.017,-4.796,6,0.0,0.0,85.0,85.0,85.0,85.0,0,1,5,6,0.011,0.040999999999999995,0.066,0.066,0.066,0.241,201,-106.0,0.0,0.0,0.0,0.0,-742.0,10,0,191,201,-0.133,-0.038,-0.006,-0.003,-0.001,-7.99,384,-112.0,0.0,0.0,0.0,34.0,-4797.0,70,3,311,384,0.0,0.043,0.07,0.074,0.078,15.882,4032,-128.0,0.0,16.0,41.0,84.0,-38032.0,918,466,2648,4032,-0.133,0.357,0.894,1.023,1.334,1673.434
A_X088_Y080,88,80,76,100,64,96,297.0,165.0,1.0,825,13200,9743,3457,0.2631060606060606,"{""X2Y1"": 462, ""X3Y1"": 363}",True,NOT_PROVEN_WITHOUT_MOVED_FF_CONTROL_SET_REPLAY,NOT_PROVEN_READ_ONLY_SITE_INVENTORY_ONLY,16,FEATURE_BIN_0,16,25AFEB422DB3BDBEF4DCE97A6D1274116E7B27A3B94E395D479DC22D3DE14FFD,True,,False,False,U_NEG_UPSTREAM_WORSENING;D_NEG_NO_MEDIAN_IMPROVEMENT,,False,True,False,True,"[0.0, 87.0, 16.0, 0.0, 0.0, 0.0, 0.0, 0.0, 16.0]",58,0.0,0.0,87.0,99.0,107.0,1377.0,0,16,42,58,-0.136,-0.0885,-0.043,-0.028,-0.017,-4.796,6,0.0,0.0,0.0,0.0,0.0,0.0,0,0,6,6,0.011,0.040999999999999995,0.066,0.066,0.066,0.241,201,-113.0,0.0,0.0,0.0,69.0,-4396.0,59,5,137,201,-0.133,-0.038,-0.006,-0.003,-0.001,-7.99,384,-112.0,0.0,0.0,0.0,67.0,-6238.0,81,15,288,384,0.0,0.043,0.07,0.074,0.078,15.882,4032,-128.0,0.0,0.0,28.0,87.0,-30722.0,684,326,3022,4032,-0.133,0.357,0.894,1.023,1.334,1673.434
A_X088_Y080,88,80,76,100,64,96,297.0,165.0,1.0,825,13200,9743,3457,0.2631060606060606,"{""X2Y1"": 462, ""X3Y1"": 363}",True,NOT_PROVEN_WITHOUT_MOVED_FF_CONTROL_SET_REPLAY,NOT_PROVEN_READ_ONLY_SITE_INVENTORY_ONLY,16,FEATURE_BIN_1,16,863B9B0389C1B994C73ED0C57EC56A84FD6D317708E59D47B391DA86E44D3A8E,True,,False,False,U_NEG_UPSTREAM_WORSENING;U_PASS_UPSTREAM_INCREASE;D_NEG_NO_MEDIAN_IMPROVEMENT,,False,False,False,True,"[0.0, 92.0, 14.0, 2.0, 0.0, 0.0, 0.0, 0.0, 16.0]",58,0.0,0.0,92.0,100.0,108.0,1206.0,0,14,44,58,-0.136,-0.0885,-0.043,-0.028,-0.017,-4.796,6,0.0,0.0,100.0,100.0,100.0,183.0,0,2,4,6,0.011,0.040999999999999995,0.066,0.066,0.066,0.241,201,-108.0,0.0,0.0,0.0,32.0,-3354.0,46,2,153,201,-0.133,-0.038,-0.006,-0.003,-0.001,-7.99,384,-113.0,0.0,0.0,0.0,33.0,-6665.0,95,9,280,384,0.0,0.043,0.07,0.074,0.078,15.882,4032,-121.0,0.0,0.0,33.0,86.0,-26846.0,640,356,3036,4032,-0.133,0.357,0.894,1.023,1.334,1673.434
A_X088_Y080,88,80,76,100,64,96,297.0,165.0,1.0,825,13200,9743,3457,0.2631060606060606,"{""X2Y1"": 462, ""X3Y1"": 363}",True,NOT_PROVEN_WITHOUT_MOVED_FF_CONTROL_SET_REPLAY,NOT_PROVEN_READ_ONLY_SITE_INVENTORY_ONLY,16,FEATURE_BIN_2,16,18F6AC63D50EACD2B5F6CC669CA58252595A0313B759D7A0EC563D4D8CFF4410,True,,False,False,U_NEG_UPSTREAM_WORSENING;U_PASS_UPSTREAM_INCREASE;D_NEG_NO_MEDIAN_IMPROVEMENT,,False,False,False,True,"[0.0, 73.0, 14.0, 2.0, 0.0, 0.0, 0.0, 0.0, 16.0]",58,0.0,0.0,73.0,90.0,90.0,1034.0,0,14,44,58,-0.136,-0.0885,-0.043,-0.028,-0.017,-4.796,6,0.0,0.0,90.0,90.0,90.0,152.0,0,2,4,6,0.011,0.040999999999999995,0.066,0.066,0.066,0.241,201,-108.0,0.0,0.0,0.0,24.0,-4411.0,55,2,144,201,-0.133,-0.038,-0.006,-0.003,-0.001,-7.99,384,-107.0,0.0,0.0,0.0,28.0,-5417.0,79,6,299,384,0.0,0.043,0.07,0.074,0.078,15.882,4032,-109.0,0.0,0.0,27.0,73.0,-28238.0,666,344,3022,4032,-0.133,0.357,0.894,1.023,1.334,1673.434
A_X088_Y080,88,80,76,100,64,96,297.0,165.0,1.0,825,13200,9743,3457,0.2631060606060606,"{""X2Y1"": 462, ""X3Y1"": 363}",True,NOT_PROVEN_WITHOUT_MOVED_FF_CONTROL_SET_REPLAY,NOT_PROVEN_READ_ONLY_SITE_INVENTORY_ONLY,16,FEATURE_BIN_3,16,6D6B2605916DFCDD525A27838AC825D18C62B807369D6E6322040D77ED73CF54,True,,False,False,U_NEG_UPSTREAM_WORSENING;U_PASS_UPSTREAM_INCREASE;D_NEG_NO_MEDIAN_IMPROVEMENT,,False,False,False,True,"[0.0, 67.0, 14.0, 2.0, 0.0, 0.0, 0.0, 0.0, 16.0]",58,0.0,0.0,67.0,90.0,90.0,970.0,0,14,44,58,-0.136,-0.0885,-0.043,-0.028,-0.017,-4.796,6,0.0,0.0,85.0,85.0,85.0,137.0,0,2,4,6,0.011,0.040999999999999995,0.066,0.066,0.066,0.241,201,-103.0,0.0,0.0,0.0,18.0,-2068.0,31,1,169,201,-0.133,-0.038,-0.006,-0.003,-0.001,-7.99,384,-103.0,0.0,0.0,0.0,28.0,-5404.0,92,7,285,384,0.0,0.043,0.07,0.074,0.078,15.882,4032,-103.0,0.0,0.0,27.0,83.0,-22664.0,659,337,3036,4032,-0.133,0.357,0.894,1.023,1.334,1673.434
A_X088_Y084,88,84,76,100,68,100,297.0,161.0,1.0,825,13200,9425,3775,0.29083333333333333,"{""X2Y1"": 462, ""X3Y1"": 363}",True,NOT_PROVEN_WITHOUT_MOVED_FF_CONTROL_SET_REPLAY,NOT_PROVEN_READ_ONLY_SITE_INVENTORY_ONLY,64,ALL_64,64,A49D88051B2D2E5D1255D4F806A7569CDA9B33A650A908566197031349AD8DB4,True,,True,False,U_NEG_UPSTREAM_WORSENING;U_PASS_UPSTREAM_INCREASE,,False,False,True,True,"[74.0, 96.0, 58.0, 6.0, -79.0, -33.0, -74.0, -40.0, 64.0]",58,36.0,74.0,96.0,100.0,104.0,4355.0,0,58,0,58,-0.136,-0.0885,-0.043,-0.028,-0.017,-4.796,6,48.0,80.0,96.0,96.0,96.0,448.0,0,6,0,6,0.011,0.040999999999999995,0.066,0.066,0.066,0.241,201,-109.0,-79.0,-33.0,-2.0,65.0,-14463.0,191,10,0,201,-0.133,-0.038,-0.006,-0.003,-0.001,-7.99,384,-116.0,-74.0,-3.0,8.0,63.0,-24124.0,350,31,3,384,0.0,0.043,0.07,0.074,0.078,15.882,4032,-124.0,-40.0,46.0,55.0,83.0,-116820.0,2617,1383,32,4032,-0.133,0.357,0.894,1.023,1.334,1673.434
A_X088_Y084,88,84,76,100,68,100,297.0,161.0,1.0,825,13200,9425,3775,0.28765151515151516,"{""X2Y1"": 462, ""X3Y1"": 363}",True,NOT_PROVEN_WITHOUT_MOVED_FF_CONTROL_SET_REPLAY,NOT_PROVEN_READ_ONLY_SITE_INVENTORY_ONLY,22,DEST_X2Y1_MAJOR,22,EC8295A18CFB3214990035A3C2A8A03B2248BEA56069D816345F1D2C0CC4741A,True,,False,False,U_NEG_UPSTREAM_WORSENING;D_NEG_NO_MEDIAN_IMPROVEMENT,,False,True,False,True,"[0.0, 86.0, 22.0, 0.0, 0.0, 0.0, 0.0, 0.0, 22.0]",58,0.0,0.0,86.0,95.0,96.0,1567.0,0,22,36,58,-0.136,-0.0885,-0.043,-0.028,-0.017,-4.796,6,0.0,0.0,0.0,0.0,0.0,0.0,0,0,6,6,0.011,0.040999999999999995,0.066,0.066,0.066,0.241,201,-107.0,0.0,0.0,0.0,65.0,-3555.0,57,8,136,201,-0.133,-0.038,-0.006,-0.003,-0.001,-7.99,384,-105.0,0.0,0.0,0.0,63.0,-7533.0,125,17,242,384,0.0,0.043,0.07,0.074,0.078,15.882,4032,-107.0,0.0,11.0,39.0,83.0,-38992.0,911,467,2654,4032,-0.133,0.357,0.894,1.023,1.334,1673.434
A_X088_Y084,88,84,76,100,68,100,297.0,161.0,1.0,825,13200,9425,3775,0.2875,"{""X2Y1"": 462, ""X3Y1"": 363}",True,NOT_PROVEN_WITHOUT_MOVED_FF_CONTROL_SET_REPLAY,NOT_PROVEN_READ_ONLY_SITE_INVENTORY_ONLY,20,DEST_X3Y1_MAJOR,20,D8DF451BC1C4EF6032E28F4D3065B488CCF48FA9921667AB64B2E0E8D05D4049,True,,False,False,U_NEG_UPSTREAM_WORSENING;U_PASS_UPSTREAM_INCREASE,,False,False,True,True,"[0.0, 83.0, 15.0, 5.0, -61.0, 0.0, 0.0, 0.0, 20.0]",58,0.0,0.0,83.0,88.0,104.0,1179.0,0,15,43,58,-0.136,-0.0885,-0.043,-0.028,-0.017,-4.796,6,0.0,68.5,96.0,96.0,96.0,367.0,0,5,1,6,0.011,0.040999999999999995,0.066,0.066,0.066,0.241,201,-109.0,-61.0,0.0,0.0,20.0,-10144.0,124,2,75,201,-0.133,-0.038,-0.006,-0.003,-0.001,-7.99,384,-109.0,0.0,0.0,0.0,24.0,-11762.0,157,11,216,384,0.0,0.043,0.07,0.074,0.078,15.882,4032,-117.0,0.0,5.0,32.0,82.0,-36902.0,825,431,2776,4032,-0.133,0.357,0.894,1.023,1.334,1673.434
A_X088_Y084,88,84,76,100,68,100,297.0,161.0,1.0,825,13200,9425,3775,0.28765151515151516,"{""X2Y1"": 462, ""X3Y1"": 363}",True,NOT_PROVEN_WITHOUT_MOVED_FF_CONTROL_SET_REPLAY,NOT_PROVEN_READ_ONLY_SITE_INVENTORY_ONLY,22,DEST_MIXED_OR_OTHER,22,62A80A6BF2780309EBB7ACB65499DC33F9E420F49ABAF670FF853CD53D650A7D,True,,False,False,U_NEG_UPSTREAM_WORSENING;U_PASS_UPSTREAM_INCREASE;D_NEG_NO_MEDIAN_IMPROVEMENT,,False,False,False,True,"[0.0, 86.0, 21.0, 1.0, 0.0, 0.0, 0.0, 0.0, 22.0]",58,0.0,0.0,86.0,95.0,103.0,1609.0,0,21,37,58,-0.136,-0.0885,-0.043,-0.028,-0.017,-4.796,6,0.0,0.0,81.0,81.0,81.0,81.0,0,1,5,6,0.011,0.040999999999999995,0.066,0.066,0.066,0.241,201,-108.0,0.0,0.0,0.0,0.0,-764.0,10,0,191,201,-0.133,-0.038,-0.006,-0.003,-0.001,-7.99,384,-116.0,0.0,0.0,0.0,30.0,-4829.0,68,3,313,384,0.0,0.043,0.07,0.074,0.078,15.882,4032,-124.0,0.0,12.0,37.0,80.0,-40926.0,881,485,2666,4032,-0.133,0.357,0.894,1.023,1.334,1673.434
A_X088_Y084,88,84,76,100,68,100,297.0,161.0,1.0,825,13200,9425,3775,0.2871969696969697,"{""X2Y1"": 462, ""X3Y1"": 363}",True,NOT_PROVEN_WITHOUT_MOVED_FF_CONTROL_SET_REPLAY,NOT_PROVEN_READ_ONLY_SITE_INVENTORY_ONLY,16,FEATURE_BIN_0,16,25AFEB422DB3BDBEF4DCE97A6D1274116E7B27A3B94E395D479DC22D3DE14FFD,True,,False,False,U_NEG_UPSTREAM_WORSENING;D_NEG_NO_MEDIAN_IMPROVEMENT,,False,True,False,True,"[0.0, 83.0, 16.0, 0.0, 0.0, 0.0, 0.0, 0.0, 16.0]",58,0.0,0.0,83.0,95.0,103.0,1313.0,0,16,42,58,-0.136,-0.0885,-0.043,-0.028,-0.017,-4.796,6,0.0,0.0,0.0,0.0,0.0,0.0,0,0,6,6,0.011,0.040999999999999995,0.066,0.066,0.066,0.241,201,-109.0,0.0,0.0,0.0,65.0,-4530.0,59,5,137,201,-0.133,-0.038,-0.006,-0.003,-0.001,-7.99,384,-116.0,0.0,0.0,0.0,63.0,-6350.0,80,14,290,384,0.0,0.043,0.07,0.074,0.078,15.882,4032,-124.0,0.0,0.0,24.0,83.0,-32846.0,650,351,3031,4032,-0.133,0.357,0.894,1.023,1.334,1673.434
A_X088_Y084,88,84,76,100,68,100,297.0,161.0,1.0,825,13200,9425,3775,0.2871969696969697,"{""X2Y1"": 462, ""X3Y1"": 363}",True,NOT_PROVEN_WITHOUT_MOVED_FF_CONTROL_SET_REPLAY,NOT_PROVEN_READ_ONLY_SITE_INVENTORY_ONLY,16,FEATURE_BIN_1,16,863B9B0389C1B994C73ED0C57EC56A84FD6D317708E59D47B391DA86E44D3A8E,True,,False,False,U_NEG_UPSTREAM_WORSENING;U_PASS_UPSTREAM_INCREASE;D_NEG_NO_MEDIAN_IMPROVEMENT,,False,False,False,True,"[0.0, 88.0, 14.0, 2.0, 0.0, 0.0, 0.0, 0.0, 16.0]",58,0.0,0.0,88.0,96.0,104.0,1150.0,0,14,44,58,-0.136,-0.0885,-0.043,-0.028,-0.017,-4.796,6,0.0,0.0,96.0,96.0,96.0,175.0,0,2,4,6,0.011,0.040999999999999995,0.066,0.066,0.066,0.241,201,-104.0,0.0,0.0,0.0,28.0,-3348.0,46,2,153,201,-0.133,-0.038,-0.006,-0.003,-0.001,-7.99,384,-109.0,0.0,0.0,0.0,29.0,-6775.0,97,7,280,384,0.0,0.043,0.07,0.074,0.078,15.882,4032,-117.0,0.0,0.0,29.0,82.0,-28812.0,643,369,3020,4032,-0.133,0.357,0.894,1.023,1.334,1673.434
A_X088_Y084,88,84,76,100,68,100,297.0,161.0,1.0,825,13200,9425,3775,0.2871969696969697,"{""X2Y1"": 462, ""X3Y1"": 363}",True,NOT_PROVEN_WITHOUT_MOVED_FF_CONTROL_SET_REPLAY,NOT_PROVEN_READ_ONLY_SITE_INVENTORY_ONLY,16,FEATURE_BIN_2,16,18F6AC63D50EACD2B5F6CC669CA58252595A0313B759D7A0EC563D4D8CFF4410,True,,False,False,U_NEG_UPSTREAM_WORSENING;U_PASS_UPSTREAM_INCREASE;D_NEG_NO_MEDIAN_IMPROVEMENT,,False,False,False,True,"[0.0, 69.0, 14.0, 2.0, 0.0, 0.0, 0.0, 0.0, 16.0]",58,0.0,0.0,69.0,86.0,86.0,978.0,0,14,44,58,-0.136,-0.0885,-0.043,-0.028,-0.017,-4.796,6,0.0,0.0,86.0,86.0,86.0,144.0,0,2,4,6,0.011,0.040999999999999995,0.066,0.066,0.066,0.241,201,-104.0,0.0,0.0,0.0,20.0,-4517.0,55,2,144,201,-0.133,-0.038,-0.006,-0.003,-0.001,-7.99,384,-104.0,0.0,0.0,0.0,24.0,-5517.0,78,6,300,384,0.0,0.043,0.07,0.074,0.078,15.882,4032,-105.0,0.0,0.0,23.0,69.0,-30400.0,660,336,3036,4032,-0.133,0.357,0.894,1.023,1.334,1673.434
A_X088_Y084,88,84,76,100,68,100,297.0,161.0,1.0,825,13200,9425,3775,0.2871969696969697,"{""X2Y1"": 462, ""X3Y1"": 363}",True,NOT_PROVEN_WITHOUT_MOVED_FF_CONTROL_SET_REPLAY,NOT_PROVEN_READ_ONLY_SITE_INVENTORY_ONLY,16,FEATURE_BIN_3,16,6D6B2605916DFCDD525A27838AC825D18C62B807369D6E6322040D77ED73CF54,True,,False,False,U_NEG_UPSTREAM_WORSENING;U_PASS_UPSTREAM_INCREASE;D_NEG_NO_MEDIAN_IMPROVEMENT,,False,False,False,True,"[0.0, 63.0, 14.0, 2.0, 0.0, 0.0, 0.0, 0.0, 16.0]",58,0.0,0.0,63.0,86.0,86.0,914.0,0,14,44,58,-0.136,-0.0885,-0.043,-0.028,-0.017,-4.796,6,0.0,0.0,81.0,81.0,81.0,129.0,0,2,4,6,0.011,0.040999999999999995,0.066,0.066,0.066,0.241,201,-99.0,0.0,0.0,0.0,14.0,-2068.0,31,1,169,201,-0.133,-0.038,-0.006,-0.003,-0.001,-7.99,384,-99.0,0.0,0.0,0.0,24.0,-5482.0,95,4,285,384,0.0,0.043,0.07,0.074,0.078,15.882,4032,-99.0,0.0,0.0,23.0,79.0,-24762.0,664,327,3041,4032,-0.133,0.357,0.894,1.023,1.334,1673.434
A_X088_Y088,88,88,76,100,72,104,297.0,157.0,1.0,825,13200,9128,4072,0.31333333333333335,"{""X2Y1"": 462, ""X3Y1"": 363}",True,NOT_PROVEN_WITHOUT_MOVED_FF_CONTROL_SET_REPLAY,NOT_PROVEN_READ_ONLY_SITE_INVENTORY_ONLY,64,ALL_64,64,A49D88051B2D2E5D1255D4F806A7569CDA9B33A650A908566197031349AD8DB4,True,,True,False,U_NEG_UPSTREAM_WORSENING;U_PASS_UPSTREAM_INCREASE,,False,False,True,True,"[70.0, 92.0, 58.0, 6.0, -81.0, -29.0, -75.0, -40.0, 64.0]",58,32.0,70.0,92.0,96.0,100.0,4123.0,0,58,0,58,-0.136,-0.0885,-0.043,-0.028,-0.017,-4.796,6,44.0,76.0,92.0,92.0,92.0,424.0,0,6,0,6,0.011,0.040999999999999995,0.066,0.066,0.066,0.241,201,-105.0,-81.0,-29.0,1.0,61.0,-14539.0,186,15,0,201,-0.133,-0.038,-0.006,-0.003,-0.001,-7.99,384,-120.0,-75.0,-1.0,6.0,59.0,-24282.0,347,35,2,384,0.0,0.043,0.07,0.074,0.078,15.882,4032,-120.0,-40.0,42.0,51.0,79.0,-123044.0,2567,1433,32,4032,-0.133,0.357,0.894,1.023,1.334,1673.434
A_X088_Y088,88,88,76,100,72,104,297.0,157.0,1.0,825,13200,9128,4072,0.3101515151515152,"{""X2Y1"": 462, ""X3Y1"": 363}",True,NOT_PROVEN_WITHOUT_MOVED_FF_CONTROL_SET_REPLAY,NOT_PROVEN_READ_ONLY_SITE_INVENTORY_ONLY,22,DEST_X2Y1_MAJOR,22,EC8295A18CFB3214990035A3C2A8A03B2248BEA56069D816345F1D2C0CC4741A,True,,False,False,U_NEG_UPSTREAM_WORSENING;D_NEG_NO_MEDIAN_IMPROVEMENT,,False,True,False,True,"[0.0, 82.0, 22.0, 0.0, 0.0, 0.0, 0.0, 0.0, 22.0]",58,0.0,0.0,82.0,91.0,92.0,1479.0,0,22,36,58,-0.136,-0.0885,-0.043,-0.028,-0.017,-4.796,6,0.0,0.0,0.0,0.0,0.0,0.0,0,0,6,6,0.011,0.040999999999999995,0.066,0.066,0.066,0.241,201,-103.0,0.0,0.0,1.0,61.0,-3479.0,52,13,136,201,-0.133,-0.038,-0.006,-0.003,-0.001,-7.99,384,-103.0,0.0,0.0,0.0,59.0,-7585.0,122,19,243,384,0.0,0.043,0.07,0.074,0.078,15.882,4032,-105.0,0.0,7.0,35.0,79.0,-41036.0,875,494,2663,4032,-0.133,0.357,0.894,1.023,1.334,1673.434
A_X088_Y088,88,88,76,100,72,104,297.0,157.0,1.0,825,13200,9128,4072,0.31,"{""X2Y1"": 462, ""X3Y1"": 363}",True,NOT_PROVEN_WITHOUT_MOVED_FF_CONTROL_SET_REPLAY,NOT_PROVEN_READ_ONLY_SITE_INVENTORY_ONLY,20,DEST_X3Y1_MAJOR,20,D8DF451BC1C4EF6032E28F4D3065B488CCF48FA9921667AB64B2E0E8D05D4049,True,,False,False,U_NEG_UPSTREAM_WORSENING;U_PASS_UPSTREAM_INCREASE,,False,False,True,True,"[0.0, 79.0, 15.0, 5.0, -65.0, 0.0, 0.0, 0.0, 20.0]",58,0.0,0.0,79.0,84.0,100.0,1119.0,0,15,43,58,-0.136,-0.0885,-0.043,-0.028,-0.017,-4.796,6,0.0,64.5,92.0,92.0,92.0,347.0,0,5,1,6,0.011,0.040999999999999995,0.066,0.066,0.066,0.241,201,-105.0,-65.0,0.0,0.0,16.0,-10282.0,124,2,75,201,-0.133,-0.038,-0.006,-0.003,-0.001,-7.99,384,-113.0,0.0,0.0,0.0,20.0,-11880.0,158,11,215,384,0.0,0.043,0.07,0.074,0.078,15.882,4032,-113.0,0.0,6.0,28.0,78.0,-38856.0,809,442,2781,4032,-0.133,0.357,0.894,1.023,1.334,1673.434
A_X088_Y088,88,88,76,100,72,104,297.0,157.0,1.0,825,13200,9128,4072,0.3101515151515152,"{""X2Y1"": 462, ""X3Y1"": 363}",True,NOT_PROVEN_WITHOUT_MOVED_FF_CONTROL_SET_REPLAY,NOT_PROVEN_READ_ONLY_SITE_INVENTORY_ONLY,22,DEST_MIXED_OR_OTHER,22,62A80A6BF2780309EBB7ACB65499DC33F9E420F49ABAF670FF853CD53D650A7D,True,,False,False,U_NEG_UPSTREAM_WORSENING;U_PASS_UPSTREAM_INCREASE;D_NEG_NO_MEDIAN_IMPROVEMENT,,False,False,False,True,"[0.0, 82.0, 21.0, 1.0, 0.0, 0.0, 0.0, 0.0, 22.0]",58,0.0,0.0,82.0,91.0,99.0,1525.0,0,21,37,58,-0.136,-0.0885,-0.043,-0.028,-0.017,-4.796,6,0.0,0.0,77.0,77.0,77.0,77.0,0,1,5,6,0.011,0.040999999999999995,0.066,0.066,0.066,0.241,201,-104.0,0.0,0.0,0.0,0.0,-778.0,10,0,191,201,-0.133,-0.038,-0.006,-0.003,-0.001,-7.99,384,-120.0,0.0,0.0,0.0,26.0,-4817.0,67,5,312,384,0.0,0.043,0.07,0.074,0.078,15.882,4032,-120.0,0.0,8.0,33.0,76.0,-43152.0,883,497,2652,4032,-0.133,0.357,0.894,1.023,1.334,1673.434
A_X088_Y088,88,88,76,100,72,104,297.0,157.0,1.0,825,13200,9128,4072,0.3096969696969697,"{""X2Y1"": 462, ""X3Y1"": 363}",True,NOT_PROVEN_WITHOUT_MOVED_FF_CONTROL_SET_REPLAY,NOT_PROVEN_READ_ONLY_SITE_INVENTORY_ONLY,16,FEATURE_BIN_0,16,25AFEB422DB3BDBEF4DCE97A6D1274116E7B27A3B94E395D479DC22D3DE14FFD,True,,False,False,U_NEG_UPSTREAM_WORSENING;D_NEG_NO_MEDIAN_IMPROVEMENT,,False,True,False,True,"[0.0, 79.0, 16.0, 0.0, 0.0, 0.0, 0.0, 0.0, 16.0]",58,0.0,0.0,79.0,91.0,99.0,1249.0,0,16,42,58,-0.136,-0.0885,-0.043,-0.028,-0.017,-4.796,6,0.0,0.0,0.0,0.0,0.0,0.0,0,0,6,6,0.011,0.040999999999999995,0.066,0.066,0.066,0.241,201,-105.0,0.0,0.0,0.0,61.0,-4612.0,59,5,137,201,-0.133,-0.038,-0.006,-0.003,-0.001,-7.99,384,-120.0,0.0,0.0,0.0,59.0,-6372.0,81,15,288,384,0.0,0.043,0.07,0.074,0.078,15.882,4032,-120.0,0.0,0.0,20.0,79.0,-34396.0,624,385,3023,4032,-0.133,0.357,0.894,1.023,1.334,1673.434
A_X088_Y088,88,88,76,100,72,104,297.0,157.0,1.0,825,13200,9128,4072,0.3096969696969697,"{""X2Y1"": 462, ""X3Y1"": 363}",True,NOT_PROVEN_WITHOUT_MOVED_FF_CONTROL_SET_REPLAY,NOT_PROVEN_READ_ONLY_SITE_INVENTORY_ONLY,16,FEATURE_BIN_1,16,863B9B0389C1B994C73ED0C57EC56A84FD6D317708E59D47B391DA86E44D3A8E,True,,False,False,U_NEG_UPSTREAM_WORSENING;U_PASS_UPSTREAM_INCREASE;D_NEG_NO_MEDIAN_IMPROVEMENT,,False,False,False,True,"[0.0, 84.0, 14.0, 2.0, 0.0, 0.0, 0.0, 0.0, 16.0]",58,0.0,0.0,84.0,92.0,100.0,1094.0,0,14,44,58,-0.136,-0.0885,-0.043,-0.028,-0.017,-4.796,6,0.0,0.0,92.0,92.0,92.0,167.0,0,2,4,6,0.011,0.040999999999999995,0.066,0.066,0.066,0.241,201,-101.0,0.0,0.0,0.0,24.0,-3318.0,41,7,153,201,-0.133,-0.038,-0.006,-0.003,-0.001,-7.99,384,-113.0,0.0,0.0,0.0,25.0,-6865.0,94,10,280,384,0.0,0.043,0.07,0.074,0.078,15.882,4032,-113.0,0.0,0.0,25.0,78.0,-30288.0,624,384,3024,4032,-0.133,0.357,0.894,1.023,1.334,1673.434
A_X088_Y088,88,88,76,100,72,104,297.0,157.0,1.0,825,13200,9128,4072,0.3096969696969697,"{""X2Y1"": 462, ""X3Y1"": 363}",True,NOT_PROVEN_WITHOUT_MOVED_FF_CONTROL_SET_REPLAY,NOT_PROVEN_READ_ONLY_SITE_INVENTORY_ONLY,16,FEATURE_BIN_2,16,18F6AC63D50EACD2B5F6CC669CA58252595A0313B759D7A0EC563D4D8CFF4410,True,,False,False,U_NEG_UPSTREAM_WORSENING;U_PASS_UPSTREAM_INCREASE;D_NEG_NO_MEDIAN_IMPROVEMENT,,False,False,False,True,"[0.0, 65.0, 14.0, 2.0, 0.0, 0.0, 0.0, 0.0, 16.0]",58,0.0,0.0,65.0,82.0,82.0,922.0,0,14,44,58,-0.136,-0.0885,-0.043,-0.028,-0.017,-4.796,6,0.0,0.0,82.0,82.0,82.0,136.0,0,2,4,6,0.011,0.040999999999999995,0.066,0.066,0.066,0.241,201,-100.0,0.0,0.0,0.0,16.0,-4559.0,55,2,144,201,-0.133,-0.038,-0.006,-0.003,-0.001,-7.99,384,-100.0,0.0,0.0,0.0,20.0,-5529.0,78,7,299,384,0.0,0.043,0.07,0.074,0.078,15.882,4032,-101.0,0.0,0.0,19.0,65.0,-31944.0,666,345,3021,4032,-0.133,0.357,0.894,1.023,1.334,1673.434
A_X088_Y088,88,88,76,100,72,104,297.0,157.0,1.0,825,13200,9128,4072,0.3096969696969697,"{""X2Y1"": 462, ""X3Y1"": 363}",True,NOT_PROVEN_WITHOUT_MOVED_FF_CONTROL_SET_REPLAY,NOT_PROVEN_READ_ONLY_SITE_INVENTORY_ONLY,16,FEATURE_BIN_3,16,6D6B2605916DFCDD525A27838AC825D18C62B807369D6E6322040D77ED73CF54,True,,False,False,U_NEG_UPSTREAM_WORSENING;U_PASS_UPSTREAM_INCREASE;D_NEG_NO_MEDIAN_IMPROVEMENT,,False,False,False,True,"[0.0, 59.0, 14.0, 2.0, 0.0, 0.0, 0.0, 0.0, 16.0]",58,0.0,0.0,59.0,82.0,82.0,858.0,0,14,44,58,-0.136,-0.0885,-0.043,-0.028,-0.017,-4.796,6,0.0,0.0,77.0,77.0,77.0,121.0,0,2,4,6,0.011,0.040999999999999995,0.066,0.066,0.066,0.241,201,-95.0,0.0,0.0,0.0,10.0,-2050.0,31,1,169,201,-0.133,-0.038,-0.006,-0.003,-0.001,-7.99,384,-95.0,0.0,0.0,0.0,20.0,-5516.0,94,3,287,384,0.0,0.043,0.07,0.074,0.078,15.882,4032,-95.0,0.0,0.0,19.0,75.0,-26416.0,653,319,3060,4032,-0.133,0.357,0.894,1.023,1.334,1673.434
A_X088_Y092,88,92,76,100,76,108,297.0,152.0,1.0,825,13200,8869,4331,0.33295454545454545,"{""X2Y1"": 462, ""X3Y1"": 363}",True,NOT_PROVEN_WITHOUT_MOVED_FF_CONTROL_SET_REPLAY,NOT_PROVEN_READ_ONLY_SITE_INVENTORY_ONLY,64,ALL_64,64,A49D88051B2D2E5D1255D4F806A7569CDA9B33A650A908566197031349AD8DB4,True,,True,False,U_NEG_UPSTREAM_WORSENING;U_PASS_UPSTREAM_INCREASE,,False,False,True,True,"[65.0, 87.0, 58.0, 6.0, -84.0, -24.0, -74.0, -38.0, 64.0]",58,27.0,65.0,87.0,91.0,95.0,3833.0,0,58,0,58,-0.136,-0.0885,-0.043,-0.028,-0.017,-4.796,6,39.0,71.0,87.0,87.0,87.0,394.0,0,6,0,6,0.011,0.040999999999999995,0.066,0.066,0.066,0.241,201,-100.0,-84.0,-24.0,6.0,56.0,-14386.0,186,15,0,201,-0.133,-0.038,-0.006,-0.003,-0.001,-7.99,384,-115.0,-74.0,4.0,7.0,54.0,-23944.0,339,43,2,384,0.0,0.043,0.07,0.074,0.078,15.882,4032,-115.0,-38.0,37.0,46.0,74.0,-127912.0,2503,1499,30,4032,-0.133,0.357,0.894,1.023,1.334,1673.434
A_X088_Y092,88,92,76,100,76,108,297.0,152.0,1.0,825,13200,8869,4331,0.3297727272727273,"{""X2Y1"": 462, ""X3Y1"": 363}",True,NOT_PROVEN_WITHOUT_MOVED_FF_CONTROL_SET_REPLAY,NOT_PROVEN_READ_ONLY_SITE_INVENTORY_ONLY,22,DEST_X2Y1_MAJOR,22,EC8295A18CFB3214990035A3C2A8A03B2248BEA56069D816345F1D2C0CC4741A,True,,False,False,U_NEG_UPSTREAM_WORSENING;D_NEG_NO_MEDIAN_IMPROVEMENT,,False,True,False,True,"[0.0, 77.0, 22.0, 0.0, 0.0, 0.0, 0.0, 0.0, 22.0]",58,0.0,0.0,77.0,86.0,87.0,1369.0,0,22,36,58,-0.136,-0.0885,-0.043,-0.028,-0.017,-4.796,6,0.0,0.0,0.0,0.0,0.0,0.0,0,0,6,6,0.011,0.040999999999999995,0.066,0.066,0.066,0.241,201,-98.0,0.0,0.0,6.0,56.0,-3326.0,51,14,136,201,-0.133,-0.038,-0.006,-0.003,-0.001,-7.99,384,-98.0,0.0,0.0,4.0,54.0,-7409.0,114,26,244,384,0.0,0.043,0.07,0.074,0.078,15.882,4032,-100.0,0.0,6.0,30.0,74.0,-42592.0,854,516,2662,4032,-0.133,0.357,0.894,1.023,1.334,1673.434
A_X088_Y092,88,92,76,100,76,108,297.0,152.0,1.0,825,13200,8869,4331,0.32962121212121215,"{""X2Y1"": 462, ""X3Y1"": 363}",True,NOT_PROVEN_WITHOUT_MOVED_FF_CONTROL_SET_REPLAY,NOT_PROVEN_READ_ONLY_SITE_INVENTORY_ONLY,20,DEST_X3Y1_MAJOR,20,D8DF451BC1C4EF6032E28F4D3065B488CCF48FA9921667AB64B2E0E8D05D4049,True,,False,False,U_NEG_UPSTREAM_WORSENING;U_PASS_UPSTREAM_INCREASE,,False,False,True,True,"[0.0, 74.0, 15.0, 5.0, -70.0, 0.0, 0.0, 0.0, 20.0]",58,0.0,0.0,74.0,79.0,95.0,1044.0,0,15,43,58,-0.136,-0.0885,-0.043,-0.028,-0.017,-4.796,6,0.0,59.5,87.0,87.0,87.0,322.0,0,5,1,6,0.011,0.040999999999999995,0.066,0.066,0.066,0.241,201,-100.0,-70.0,0.0,0.0,11.0,-10272.0,125,1,75,201,-0.133,-0.038,-0.006,-0.003,-0.001,-7.99,384,-108.0,0.0,0.0,0.0,15.0,-11829.0,161,8,215,384,0.0,0.043,0.07,0.074,0.078,15.882,4032,-108.0,0.0,5.0,23.0,73.0,-40400.0,787,464,2781,4032,-0.133,0.357,0.894,1.023,1.334,1673.434
A_X088_Y092,88,92,76,100,76,108,297.0,152.0,1.0,825,13200,8869,4331,0.3297727272727273,"{""X2Y1"": 462, ""X3Y1"": 363}",True,NOT_PROVEN_WITHOUT_MOVED_FF_CONTROL_SET_REPLAY,NOT_PROVEN_READ_ONLY_SITE_INVENTORY_ONLY,22,DEST_MIXED_OR_OTHER,22,62A80A6BF2780309EBB7ACB65499DC33F9E420F49ABAF670FF853CD53D650A7D,True,,False,False,U_NEG_UPSTREAM_WORSENING;U_PASS_UPSTREAM_INCREASE;D_NEG_NO_MEDIAN_IMPROVEMENT,,False,False,False,True,"[0.0, 77.0, 21.0, 1.0, 0.0, 0.0, 0.0, 0.0, 22.0]",58,0.0,0.0,77.0,86.0,94.0,1420.0,0,21,37,58,-0.136,-0.0885,-0.043,-0.028,-0.017,-4.796,6,0.0,0.0,72.0,72.0,72.0,72.0,0,1,5,6,0.011,0.040999999999999995,0.066,0.066,0.066,0.241,201,-99.0,0.0,0.0,0.0,0.0,-788.0,10,0,191,201,-0.133,-0.038,-0.006,-0.003,-0.001,-7.99,384,-115.0,0.0,0.0,0.0,21.0,-4706.0,64,9,311,384,0.0,0.043,0.07,0.074,0.078,15.882,4032,-115.0,0.0,9.0,28.0,71.0,-44920.0,862,519,2651,4032,-0.133,0.357,0.894,1.023,1.334,1673.434
A_X088_Y092,88,92,76,100,76,108,297.0,152.0,1.0,825,13200,8869,4331,0.32931818181818184,"{""X2Y1"": 462, ""X3Y1"": 363}",True,NOT_PROVEN_WITHOUT_MOVED_FF_CONTROL_SET_REPLAY,NOT_PROVEN_READ_ONLY_SITE_INVENTORY_ONLY,16,FEATURE_BIN_0,16,25AFEB422DB3BDBEF4DCE97A6D1274116E7B27A3B94E395D479DC22D3DE14FFD,True,,False,False,U_NEG_UPSTREAM_WORSENING;D_NEG_NO_MEDIAN_IMPROVEMENT,,False,True,False,True,"[0.0, 74.0, 16.0, 0.0, 0.0, 0.0, 0.0, 0.0, 16.0]",58,0.0,0.0,74.0,86.0,94.0,1169.0,0,16,42,58,-0.136,-0.0885,-0.043,-0.028,-0.017,-4.796,6,0.0,0.0,0.0,0.0,0.0,0.0,0,0,6,6,0.011,0.040999999999999995,0.066,0.066,0.066,0.241,201,-100.0,0.0,0.0,0.0,56.0,-4624.0,60,4,137,201,-0.133,-0.038,-0.006,-0.003,-0.001,-7.99,384,-115.0,0.0,0.0,0.0,54.0,-6212.0,84,12,288,384,0.0,0.043,0.07,0.074,0.078,15.882,4032,-115.0,0.0,0.0,15.0,74.0,-35392.0,629,381,3022,4032,-0.133,0.357,0.894,1.023,1.334,1673.434
A_X088_Y092,88,92,76,100,76,108,297.0,152.0,1.0,825,13200,8869,4331,0.32931818181818184,"{""X2Y1"": 462, ""X3Y1"": 363}",True,NOT_PROVEN_WITHOUT_MOVED_FF_CONTROL_SET_REPLAY,NOT_PROVEN_READ_ONLY_SITE_INVENTORY_ONLY,16,FEATURE_BIN_1,16,863B9B0389C1B994C73ED0C57EC56A84FD6D317708E59D47B391DA86E44D3A8E,True,,False,False,U_NEG_UPSTREAM_WORSENING;U_PASS_UPSTREAM_INCREASE;D_NEG_NO_MEDIAN_IMPROVEMENT,,False,False,False,True,"[0.0, 79.0, 14.0, 2.0, 0.0, 0.0, 0.0, 0.0, 16.0]",58,0.0,0.0,79.0,87.0,95.0,1024.0,0,14,44,58,-0.136,-0.0885,-0.043,-0.028,-0.017,-4.796,6,0.0,0.0,87.0,87.0,87.0,157.0,0,2,4,6,0.011,0.040999999999999995,0.066,0.066,0.066,0.241,201,-96.0,0.0,0.0,0.0,19.0,-3240.0,41,7,153,201,-0.133,-0.038,-0.006,-0.003,-0.001,-7.99,384,-108.0,0.0,0.0,0.0,20.0,-6877.0,92,12,280,384,0.0,0.043,0.07,0.074,0.078,15.882,4032,-108.0,0.0,0.0,20.0,73.0,-31618.0,612,398,3022,4032,-0.133,0.357,0.894,1.023,1.334,1673.434
A_X088_Y092,88,92,76,100,76,108,297.0,152.0,1.0,825,13200,8869,4331,0.32931818181818184,"{""X2Y1"": 462, ""X3Y1"": 363}",True,NOT_PROVEN_WITHOUT_MOVED_FF_CONTROL_SET_REPLAY,NOT_PROVEN_READ_ONLY_SITE_INVENTORY_ONLY,16,FEATURE_BIN_2,16,18F6AC63D50EACD2B5F6CC669CA58252595A0313B759D7A0EC563D4D8CFF4410,True,,False,False,U_NEG_UPSTREAM_WORSENING;U_PASS_UPSTREAM_INCREASE;D_NEG_NO_MEDIAN_IMPROVEMENT,,False,False,False,True,"[0.0, 60.0, 14.0, 2.0, 0.0, 0.0, 0.0, 0.0, 16.0]",58,0.0,0.0,60.0,77.0,77.0,852.0,0,14,44,58,-0.136,-0.0885,-0.043,-0.028,-0.017,-4.796,6,0.0,0.0,77.0,77.0,77.0,126.0,0,2,4,6,0.011,0.040999999999999995,0.066,0.066,0.066,0.241,201,-95.0,0.0,0.0,0.0,11.0,-4520.0,55,2,144,201,-0.133,-0.038,-0.006,-0.003,-0.001,-7.99,384,-95.0,0.0,0.0,0.0,15.0,-5418.0,79,6,299,384,0.0,0.043,0.07,0.074,0.078,15.882,4032,-96.0,0.0,0.0,14.0,60.0,-33088.0,655,338,3039,4032,-0.133,0.357,0.894,1.023,1.334,1673.434
A_X088_Y092,88,92,76,100,76,108,297.0,152.0,1.0,825,13200,8869,4331,0.32931818181818184,"{""X2Y1"": 462, ""X3Y1"": 363}",True,NOT_PROVEN_WITHOUT_MOVED_FF_CONTROL_SET_REPLAY,NOT_PROVEN_READ_ONLY_SITE_INVENTORY_ONLY,16,FEATURE_BIN_3,16,6D6B2605916DFCDD525A27838AC825D18C62B807369D6E6322040D77ED73CF54,True,,False,False,U_NEG_UPSTREAM_WORSENING;U_PASS_UPSTREAM_INCREASE;D_NEG_NO_MEDIAN_IMPROVEMENT,,False,False,False,True,"[0.0, 54.0, 14.0, 2.0, 0.0, 0.0, 0.0, 0.0, 16.0]",58,0.0,0.0,54.0,77.0,77.0,788.0,0,14,44,58,-0.136,-0.0885,-0.043,-0.028,-0.017,-4.796,6,0.0,0.0,72.0,72.0,72.0,111.0,0,2,4,6,0.011,0.040999999999999995,0.066,0.066,0.066,0.241,201,-90.0,0.0,0.0,0.0,5.0,-2002.0,30,2,169,201,-0.133,-0.038,-0.006,-0.003,-0.001,-7.99,384,-90.0,0.0,0.0,0.0,15.0,-5437.0,84,13,287,384,0.0,0.043,0.07,0.074,0.078,15.882,4032,-90.0,0.0,0.0,14.0,70.0,-27814.0,607,382,3043,4032,-0.133,0.357,0.894,1.023,1.334,1673.434
A_X088_Y096,88,96,76,100,80,112,297.0,148.0,1.0,825,13200,8931,4269,0.32825757575757575,"{""X2Y1"": 462, ""X3Y1"": 363}",True,NOT_PROVEN_WITHOUT_MOVED_FF_CONTROL_SET_REPLAY,NOT_PROVEN_READ_ONLY_SITE_INVENTORY_ONLY,64,ALL_64,64,A49D88051B2D2E5D1255D4F806A7569CDA9B33A650A908566197031349AD8DB4,True,,True,False,U_NEG_UPSTREAM_WORSENING;U_PASS_UPSTREAM_INCREASE,,False,False,True,True,"[61.0, 83.0, 58.0, 6.0, -83.0, -20.0, -73.5, -35.0, 64.0]",58,23.0,61.0,83.0,87.0,91.0,3601.0,0,58,0,58,-0.136,-0.0885,-0.043,-0.028,-0.017,-4.796,6,35.0,67.0,83.0,83.0,83.0,370.0,0,6,0,6,0.011,0.040999999999999995,0.066,0.066,0.066,0.241,201,-96.0,-83.0,-20.0,8.0,52.0,-14126.0,186,15,0,201,-0.133,-0.038,-0.006,-0.003,-0.001,-7.99,384,-111.0,-73.5,4.0,9.0,50.0,-23376.0,334,46,4,384,0.0,0.043,0.07,0.074,0.078,15.882,4032,-111.0,-35.0,33.0,42.0,70.0,-128780.0,2437,1543,52,4032,-0.133,0.357,0.894,1.023,1.334,1673.434
A_X088_Y096,88,96,76,100,80,112,297.0,148.0,1.0,825,13200,8931,4269,0.3250757575757576,"{""X2Y1"": 462, ""X3Y1"": 363}",True,NOT_PROVEN_WITHOUT_MOVED_FF_CONTROL_SET_REPLAY,NOT_PROVEN_READ_ONLY_SITE_INVENTORY_ONLY,22,DEST_X2Y1_MAJOR,22,EC8295A18CFB3214990035A3C2A8A03B2248BEA56069D816345F1D2C0CC4741A,True,,False,False,U_NEG_UPSTREAM_WORSENING;D_NEG_NO_MEDIAN_IMPROVEMENT,,False,True,False,True,"[0.0, 73.0, 22.0, 0.0, 0.0, 0.0, 0.0, 0.0, 22.0]",58,0.0,0.0,73.0,82.0,83.0,1281.0,0,22,36,58,-0.136,-0.0885,-0.043,-0.028,-0.017,-4.796,6,0.0,0.0,0.0,0.0,0.0,0.0,0,0,6,6,0.011,0.040999999999999995,0.066,0.066,0.066,0.241,201,-94.0,0.0,0.0,8.0,52.0,-3160.0,51,14,136,201,-0.133,-0.038,-0.006,-0.003,-0.001,-7.99,384,-96.0,0.0,0.0,7.0,50.0,-7119.0,110,28,246,384,0.0,0.043,0.07,0.074,0.078,15.882,4032,-96.0,0.0,8.0,26.0,70.0,-42820.0,819,534,2679,4032,-0.133,0.357,0.894,1.023,1.334,1673.434
A_X088_Y096,88,96,76,100,80,112,297.0,148.0,1.0,825,13200,8931,4269,0.32492424242424245,"{""X2Y1"": 462, ""X3Y1"": 363}",True,NOT_PROVEN_WITHOUT_MOVED_FF_CONTROL_SET_REPLAY,NOT_PROVEN_READ_ONLY_SITE_INVENTORY_ONLY,20,DEST_X3Y1_MAJOR,20,D8DF451BC1C4EF6032E28F4D3065B488CCF48FA9921667AB64B2E0E8D05D4049,True,,False,False,U_NEG_UPSTREAM_WORSENING;U_PASS_UPSTREAM_INCREASE,,False,False,True,True,"[0.0, 70.0, 15.0, 5.0, -69.0, 0.0, 0.0, 0.0, 20.0]",58,0.0,0.0,70.0,75.0,91.0,984.0,0,15,43,58,-0.136,-0.0885,-0.043,-0.028,-0.017,-4.796,6,0.0,55.5,83.0,83.0,83.0,302.0,0,5,1,6,0.011,0.040999999999999995,0.066,0.066,0.066,0.241,201,-96.0,-69.0,0.0,0.0,7.0,-10184.0,125,1,75,201,-0.133,-0.038,-0.006,-0.003,-0.001,-7.99,384,-104.0,0.0,0.0,0.0,18.0,-11669.0,160,9,215,384,0.0,0.043,0.07,0.074,0.078,15.882,4032,-104.0,0.0,6.0,19.0,69.0,-40726.0,764,493,2775,4032,-0.133,0.357,0.894,1.023,1.334,1673.434
A_X088_Y096,88,96,76,100,80,112,297.0,148.0,1.0,825,13200,8931,4269,0.3250757575757576,"{""X2Y1"": 462, ""X3Y1"": 363}",True,NOT_PROVEN_WITHOUT_MOVED_FF_CONTROL_SET_REPLAY,NOT_PROVEN_READ_ONLY_SITE_INVENTORY_ONLY,22,DEST_MIXED_OR_OTHER,22,62A80A6BF2780309EBB7ACB65499DC33F9E420F49ABAF670FF853CD53D650A7D,True,,False,False,U_NEG_UPSTREAM_WORSENING;U_PASS_UPSTREAM_INCREASE;D_NEG_NO_MEDIAN_IMPROVEMENT,,False,False,False,True,"[0.0, 73.0, 21.0, 1.0, 0.0, 0.0, 0.0, 0.0, 22.0]",58,0.0,0.0,73.0,82.0,90.0,1336.0,0,21,37,58,-0.136,-0.0885,-0.043,-0.028,-0.017,-4.796,6,0.0,0.0,68.0,68.0,68.0,68.0,0,1,5,6,0.011,0.040999999999999995,0.066,0.066,0.066,0.241,201,-95.0,0.0,0.0,0.0,0.0,-782.0,10,0,191,201,-0.133,-0.038,-0.006,-0.003,-0.001,-7.99,384,-111.0,0.0,0.0,0.0,17.0,-4588.0,64,9,311,384,0.0,0.043,0.07,0.074,0.078,15.882,4032,-111.0,0.0,9.0,24.0,67.0,-45234.0,854,516,2662,4032,-0.133,0.357,0.894,1.023,1.334,1673.434
A_X088_Y096,88,96,76,100,80,112,297.0,148.0,1.0,825,13200,8931,4269,0.32462121212121214,"{""X2Y1"": 462, ""X3Y1"": 363}",True,NOT_PROVEN_WITHOUT_MOVED_FF_CONTROL_SET_REPLAY,NOT_PROVEN_READ_ONLY_SITE_INVENTORY_ONLY,16,FEATURE_BIN_0,16,25AFEB422DB3BDBEF4DCE97A6D1274116E7B27A3B94E395D479DC22D3DE14FFD,True,,False,False,U_NEG_UPSTREAM_WORSENING;D_NEG_NO_MEDIAN_IMPROVEMENT,,False,True,False,True,"[0.0, 70.0, 16.0, 0.0, 0.0, 0.0, 0.0, 0.0, 16.0]",58,0.0,0.0,70.0,82.0,90.0,1105.0,0,16,42,58,-0.136,-0.0885,-0.043,-0.028,-0.017,-4.796,6,0.0,0.0,0.0,0.0,0.0,0.0,0,0,6,6,0.011,0.040999999999999995,0.066,0.066,0.066,0.241,201,-96.0,0.0,0.0,0.0,52.0,-4558.0,60,4,137,201,-0.133,-0.038,-0.006,-0.003,-0.001,-7.99,384,-111.0,0.0,0.0,0.0,50.0,-6020.0,84,12,288,384,0.0,0.043,0.07,0.074,0.078,15.882,4032,-111.0,0.0,0.0,15.0,70.0,-35494.0,636,371,3025,4032,-0.133,0.357,0.894,1.023,1.334,1673.434
A_X088_Y096,88,96,76,100,80,112,297.0,148.0,1.0,825,13200,8931,4269,0.32462121212121214,"{""X2Y1"": 462, ""X3Y1"": 363}",True,NOT_PROVEN_WITHOUT_MOVED_FF_CONTROL_SET_REPLAY,NOT_PROVEN_READ_ONLY_SITE_INVENTORY_ONLY,16,FEATURE_BIN_1,16,863B9B0389C1B994C73ED0C57EC56A84FD6D317708E59D47B391DA86E44D3A8E,True,,False,False,U_NEG_UPSTREAM_WORSENING;U_PASS_UPSTREAM_INCREASE;D_NEG_NO_MEDIAN_IMPROVEMENT,,False,False,False,True,"[0.0, 75.0, 14.0, 2.0, 0.0, 0.0, 0.0, 0.0, 16.0]",58,0.0,0.0,75.0,83.0,91.0,968.0,0,14,44,58,-0.136,-0.0885,-0.043,-0.028,-0.017,-4.796,6,0.0,0.0,83.0,83.0,83.0,149.0,0,2,4,6,0.011,0.040999999999999995,0.066,0.066,0.066,0.241,201,-92.0,0.0,0.0,0.0,15.0,-3164.0,41,7,153,201,-0.133,-0.038,-0.006,-0.003,-0.001,-7.99,384,-104.0,0.0,0.0,0.0,16.0,-6801.0,91,11,282,384,0.0,0.043,0.07,0.074,0.078,15.882,4032,-104.0,0.0,0.0,18.0,69.0,-31876.0,618,386,3028,4032,-0.133,0.357,0.894,1.023,1.334,1673.434
A_X088_Y096,88,96,76,100,80,112,297.0,148.0,1.0,825,13200,8931,4269,0.32462121212121214,"{""X2Y1"": 462, ""X3Y1"": 363}",True,NOT_PROVEN_WITHOUT_MOVED_FF_CONTROL_SET_REPLAY,NOT_PROVEN_READ_ONLY_SITE_INVENTORY_ONLY,16,FEATURE_BIN_2,16,18F6AC63D50EACD2B5F6CC669CA58252595A0313B759D7A0EC563D4D8CFF4410,True,,False,False,U_NEG_UPSTREAM_WORSENING;U_PASS_UPSTREAM_INCREASE;D_NEG_NO_MEDIAN_IMPROVEMENT,,False,False,False,True,"[0.0, 56.0, 14.0, 2.0, 0.0, 0.0, 0.0, 0.0, 16.0]",58,0.0,0.0,56.0,73.0,73.0,796.0,0,14,44,58,-0.136,-0.0885,-0.043,-0.028,-0.017,-4.796,6,0.0,0.0,73.0,73.0,73.0,118.0,0,2,4,6,0.011,0.040999999999999995,0.066,0.066,0.066,0.241,201,-91.0,0.0,0.0,0.0,7.0,-4464.0,55,2,144,201,-0.133,-0.038,-0.006,-0.003,-0.001,-7.99,384,-91.0,0.0,0.0,0.0,13.0,-5296.0,75,10,299,384,0.0,0.043,0.07,0.074,0.078,15.882,4032,-92.0,0.0,0.0,13.0,56.0,-33366.0,603,386,3043,4032,-0.133,0.357,0.894,1.023,1.334,1673.434
A_X088_Y096,88,96,76,100,80,112,297.0,148.0,1.0,825,13200,8931,4269,0.32462121212121214,"{""X2Y1"": 462, ""X3Y1"": 363}",True,NOT_PROVEN_WITHOUT_MOVED_FF_CONTROL_SET_REPLAY,NOT_PROVEN_READ_ONLY_SITE_INVENTORY_ONLY,16,FEATURE_BIN_3,16,6D6B2605916DFCDD525A27838AC825D18C62B807369D6E6322040D77ED73CF54,True,,False,False,U_NEG_UPSTREAM_WORSENING;U_PASS_UPSTREAM_INCREASE;D_NEG_NO_MEDIAN_IMPROVEMENT,,False,False,False,True,"[0.0, 50.0, 14.0, 2.0, 0.0, 0.0, 0.0, 0.0, 16.0]",58,0.0,0.0,50.0,73.0,73.0,732.0,0,14,44,58,-0.136,-0.0885,-0.043,-0.028,-0.017,-4.796,6,0.0,0.0,68.0,68.0,68.0,103.0,0,2,4,6,0.011,0.040999999999999995,0.066,0.066,0.066,0.241,201,-86.0,0.0,0.0,0.0,8.0,-1940.0,30,2,169,201,-0.133,-0.038,-0.006,-0.003,-0.001,-7.99,384,-86.0,0.0,0.0,0.0,11.0,-5259.0,84,13,287,384,0.0,0.043,0.07,0.074,0.078,15.882,4032,-86.0,0.0,0.0,11.0,66.0,-28044.0,580,400,3052,4032,-0.133,0.357,0.894,1.023,1.334,1673.434
A_X088_Y100,88,100,76,100,84,116,297.0,144.0,1.0,825,13200,9271,3929,0.3025,"{""X2Y1"": 462, ""X3Y1"": 363}",True,NOT_PROVEN_WITHOUT_MOVED_FF_CONTROL_SET_REPLAY,NOT_PROVEN_READ_ONLY_SITE_INVENTORY_ONLY,64,ALL_64,64,A49D88051B2D2E5D1255D4F806A7569CDA9B33A650A908566197031349AD8DB4,True,,True,False,U_NEG_UPSTREAM_WORSENING;U_PASS_UPSTREAM_INCREASE,,False,False,True,True,"[57.0, 79.0, 58.0, 6.0, -80.0, -16.0, -72.5, -31.0, 64.0]",58,19.0,57.0,79.0,83.0,87.0,3369.0,0,58,0,58,-0.136,-0.0885,-0.043,-0.028,-0.017,-4.796,6,31.0,63.0,79.0,79.0,79.0,346.0,0,6,0,6,0.011,0.040999999999999995,0.066,0.066,0.066,0.241,201,-92.0,-80.0,-16.0,12.0,48.0,-13672.0,185,16,0,201,-0.133,-0.038,-0.006,-0.003,-0.001,-7.99,384,-107.0,-72.5,6.0,12.0,46.0,-22392.0,330,54,0,384,0.0,0.043,0.07,0.074,0.078,15.882,4032,-107.0,-31.0,29.0,38.0,66.0,-125490.0,2412,1606,14,4032,-0.133,0.357,0.894,1.023,1.334,1673.434
A_X088_Y100,88,100,76,100,84,116,297.0,144.0,1.0,825,13200,9271,3929,0.2993181818181818,"{""X2Y1"": 462, ""X3Y1"": 363}",True,NOT_PROVEN_WITHOUT_MOVED_FF_CONTROL_SET_REPLAY,NOT_PROVEN_READ_ONLY_SITE_INVENTORY_ONLY,22,DEST_X2Y1_MAJOR,22,EC8295A18CFB3214990035A3C2A8A03B2248BEA56069D816345F1D2C0CC4741A,True,,False,False,U_NEG_UPSTREAM_WORSENING;D_NEG_NO_MEDIAN_IMPROVEMENT,,False,True,False,True,"[0.0, 69.0, 22.0, 0.0, 0.0, 0.0, 0.0, 0.0, 22.0]",58,0.0,0.0,69.0,78.0,79.0,1193.0,0,22,36,58,-0.136,-0.0885,-0.043,-0.028,-0.017,-4.796,6,0.0,0.0,0.0,0.0,0.0,0.0,0,0,6,6,0.011,0.040999999999999995,0.066,0.066,0.066,0.241,201,-90.0,0.0,0.0,12.0,48.0,-2948.0,50,15,136,201,-0.133,-0.038,-0.006,-0.003,-0.001,-7.99,384,-92.0,0.0,0.0,8.0,46.0,-6679.0,106,36,242,384,0.0,0.043,0.07,0.074,0.078,15.882,4032,-92.0,0.0,12.0,22.0,66.0,-41564.0,814,568,2650,4032,-0.133,0.357,0.894,1.023,1.334,1673.434
A_X088_Y100,88,100,76,100,84,116,297.0,144.0,1.0,825,13200,9271,3929,0.2991666666666667,"{""X2Y1"": 462, ""X3Y1"": 363}",True,NOT_PROVEN_WITHOUT_MOVED_FF_CONTROL_SET_REPLAY,NOT_PROVEN_READ_ONLY_SITE_INVENTORY_ONLY,20,DEST_X3Y1_MAJOR,20,D8DF451BC1C4EF6032E28F4D3065B488CCF48FA9921667AB64B2E0E8D05D4049,True,,False,False,U_NEG_UPSTREAM_WORSENING;U_PASS_UPSTREAM_INCREASE,,False,False,True,True,"[0.0, 66.0, 15.0, 5.0, -70.0, 0.0, 0.0, 0.0, 20.0]",58,0.0,0.0,66.0,71.0,87.0,924.0,0,15,43,58,-0.136,-0.0885,-0.043,-0.028,-0.017,-4.796,6,0.0,51.5,79.0,79.0,79.0,282.0,0,5,1,6,0.011,0.040999999999999995,0.066,0.066,0.066,0.241,201,-92.0,-70.0,0.0,0.0,5.0,-9958.0,125,1,75,201,-0.133,-0.038,-0.006,-0.003,-0.001,-7.99,384,-100.0,0.0,0.0,0.0,22.0,-11293.0,160,9,215,384,0.0,0.043,0.07,0.074,0.078,15.882,4032,-100.0,0.0,7.0,21.0,65.0,-39762.0,756,498,2778,4032,-0.133,0.357,0.894,1.023,1.334,1673.434
A_X088_Y100,88,100,76,100,84,116,297.0,144.0,1.0,825,13200,9271,3929,0.2993181818181818,"{""X2Y1"": 462, ""X3Y1"": 363}",True,NOT_PROVEN_WITHOUT_MOVED_FF_CONTROL_SET_REPLAY,NOT_PROVEN_READ_ONLY_SITE_INVENTORY_ONLY,22,DEST_MIXED_OR_OTHER,22,62A80A6BF2780309EBB7ACB65499DC33F9E420F49ABAF670FF853CD53D650A7D,True,,False,False,U_NEG_UPSTREAM_WORSENING;U_PASS_UPSTREAM_INCREASE;D_NEG_NO_MEDIAN_IMPROVEMENT,,False,False,False,True,"[0.0, 69.0, 21.0, 1.0, 0.0, 0.0, 0.0, 0.0, 22.0]",58,0.0,0.0,69.0,78.0,86.0,1252.0,0,21,37,58,-0.136,-0.0885,-0.043,-0.028,-0.017,-4.796,6,0.0,0.0,64.0,64.0,64.0,64.0,0,1,5,6,0.011,0.040999999999999995,0.066,0.066,0.066,0.241,201,-91.0,0.0,0.0,0.0,0.0,-766.0,10,0,191,201,-0.133,-0.038,-0.006,-0.003,-0.001,-7.99,384,-107.0,0.0,0.0,0.0,19.0,-4420.0,64,9,311,384,0.0,0.043,0.07,0.074,0.078,15.882,4032,-107.0,0.0,12.0,22.0,63.0,-44164.0,842,540,2650,4032,-0.133,0.357,0.894,1.023,1.334,1673.434
A_X088_Y100,88,100,76,100,84,116,297.0,144.0,1.0,825,13200,9271,3929,0.2988636363636364,"{""X2Y1"": 462, ""X3Y1"": 363}",True,NOT_PROVEN_WITHOUT_MOVED_FF_CONTROL_SET_REPLAY,NOT_PROVEN_READ_ONLY_SITE_INVENTORY_ONLY,16,FEATURE_BIN_0,16,25AFEB422DB3BDBEF4DCE97A6D1274116E7B27A3B94E395D479DC22D3DE14FFD,True,,False,False,U_NEG_UPSTREAM_WORSENING;D_NEG_NO_MEDIAN_IMPROVEMENT,,False,True,False,True,"[0.0, 66.0, 16.0, 0.0, 0.0, 0.0, 0.0, 0.0, 16.0]",58,0.0,0.0,66.0,78.0,86.0,1041.0,0,16,42,58,-0.136,-0.0885,-0.043,-0.028,-0.017,-4.796,6,0.0,0.0,0.0,0.0,0.0,0.0,0,0,6,6,0.011,0.040999999999999995,0.066,0.066,0.066,0.241,201,-92.0,0.0,0.0,0.0,48.0,-4444.0,58,6,137,201,-0.133,-0.038,-0.006,-0.003,-0.001,-7.99,384,-107.0,0.0,0.0,0.0,46.0,-5730.0,83,13,288,384,0.0,0.043,0.07,0.074,0.078,15.882,4032,-107.0,0.0,0.0,19.0,66.0,-34592.0,638,370,3024,4032,-0.133,0.357,0.894,1.023,1.334,1673.434
A_X088_Y100,88,100,76,100,84,116,297.0,144.0,1.0,825,13200,9271,3929,0.2988636363636364,"{""X2Y1"": 462, ""X3Y1"": 363}",True,NOT_PROVEN_WITHOUT_MOVED_FF_CONTROL_SET_REPLAY,NOT_PROVEN_READ_ONLY_SITE_INVENTORY_ONLY,16,FEATURE_BIN_1,16,863B9B0389C1B994C73ED0C57EC56A84FD6D317708E59D47B391DA86E44D3A8E,True,,False,False,U_NEG_UPSTREAM_WORSENING;U_PASS_UPSTREAM_INCREASE;D_NEG_NO_MEDIAN_IMPROVEMENT,,False,False,False,True,"[0.0, 71.0, 14.0, 2.0, 0.0, 0.0, 0.0, 0.0, 16.0]",58,0.0,0.0,71.0,79.0,87.0,912.0,0,14,44,58,-0.136,-0.0885,-0.043,-0.028,-0.017,-4.796,6,0.0,0.0,79.0,79.0,79.0,141.0,0,2,4,6,0.011,0.040999999999999995,0.066,0.066,0.066,0.241,201,-92.0,0.0,0.0,0.0,15.0,-3046.0,41,7,153,201,-0.133,-0.038,-0.006,-0.003,-0.001,-7.99,384,-100.0,0.0,0.0,0.0,15.0,-6603.0,91,13,280,384,0.0,0.043,0.07,0.074,0.078,15.882,4032,-100.0,0.0,2.0,21.0,65.0,-31084.0,596,409,3027,4032,-0.133,0.357,0.894,1.023,1.334,1673.434
A_X088_Y100,88,100,76,100,84,116,297.0,144.0,1.0,825,13200,9271,3929,0.2988636363636364,"{""X2Y1"": 462, ""X3Y1"": 363}",True,NOT_PROVEN_WITHOUT_MOVED_FF_CONTROL_SET_REPLAY,NOT_PROVEN_READ_ONLY_SITE_INVENTORY_ONLY,16,FEATURE_BIN_2,16,18F6AC63D50EACD2B5F6CC669CA58252595A0313B759D7A0EC563D4D8CFF4410,True,,False,False,U_NEG_UPSTREAM_WORSENING;U_PASS_UPSTREAM_INCREASE;D_NEG_NO_MEDIAN_IMPROVEMENT,,False,False,False,True,"[0.0, 52.0, 14.0, 2.0, 0.0, 0.0, 0.0, 0.0, 16.0]",58,0.0,0.0,52.0,69.0,69.0,740.0,0,14,44,58,-0.136,-0.0885,-0.043,-0.028,-0.017,-4.796,6,0.0,0.0,69.0,69.0,69.0,110.0,0,2,4,6,0.011,0.040999999999999995,0.066,0.066,0.066,0.241,201,-87.0,0.0,0.0,0.0,6.0,-4324.0,55,2,144,201,-0.133,-0.038,-0.006,-0.003,-0.001,-7.99,384,-87.0,0.0,0.0,0.0,17.0,-5078.0,75,10,299,384,0.0,0.043,0.07,0.074,0.078,15.882,4032,-88.0,0.0,0.0,12.0,52.0,-32614.0,613,396,3023,4032,-0.133,0.357,0.894,1.023,1.334,1673.434
A_X088_Y100,88,100,76,100,84,116,297.0,144.0,1.0,825,13200,9271,3929,0.2988636363636364,"{""X2Y1"": 462, ""X3Y1"": 363}",True,NOT_PROVEN_WITHOUT_MOVED_FF_CONTROL_SET_REPLAY,NOT_PROVEN_READ_ONLY_SITE_INVENTORY_ONLY,16,FEATURE_BIN_3,16,6D6B2605916DFCDD525A27838AC825D18C62B807369D6E6322040D77ED73CF54,True,,False,False,U_NEG_UPSTREAM_WORSENING;U_PASS_UPSTREAM_INCREASE;D_NEG_NO_MEDIAN_IMPROVEMENT,,False,False,False,True,"[0.0, 46.0, 14.0, 2.0, 0.0, 0.0, 0.0, 0.0, 16.0]",58,0.0,0.0,46.0,69.0,69.0,676.0,0,14,44,58,-0.136,-0.0885,-0.043,-0.028,-0.017,-4.796,6,0.0,0.0,64.0,64.0,64.0,95.0,0,2,4,6,0.011,0.040999999999999995,0.066,0.066,0.066,0.241,201,-82.0,0.0,0.0,0.0,12.0,-1858.0,31,1,169,201,-0.133,-0.038,-0.006,-0.003,-0.001,-7.99,384,-82.0,0.0,0.0,0.0,13.0,-4981.0,81,18,285,384,0.0,0.043,0.07,0.074,0.078,15.882,4032,-82.0,0.0,2.0,13.0,62.0,-27200.0,565,431,3036,4032,-0.133,0.357,0.894,1.023,1.334,1673.434
A_X088_Y104,88,104,76,100,88,120,297.0,140.0,1.0,825,13200,9783,3417,0.26371212121212123,"{""X2Y1"": 448, ""X2Y2"": 14, ""X3Y1"": 352, ""X3Y2"": 11}",True,NOT_PROVEN_WITHOUT_MOVED_FF_CONTROL_SET_REPLAY,NOT_PROVEN_READ_ONLY_SITE_INVENTORY_ONLY,0,ALL_64,64,A49D88051B2D2E5D1255D4F806A7569CDA9B33A650A908566197031349AD8DB4,True,,True,False,U_NEG_UPSTREAM_WORSENING;U_PASS_UPSTREAM_INCREASE,,False,False,True,True,"[53.0, 75.0, 58.0, 6.0, -77.0, -12.0, -73.0, -28.0, 64.0]",58,15.0,53.0,75.0,79.0,83.0,3137.0,0,58,0,58,-0.136,-0.0885,-0.043,-0.028,-0.017,-4.796,6,27.0,59.0,75.0,75.0,75.0,322.0,0,6,0,6,0.011,0.040999999999999995,0.066,0.066,0.066,0.241,201,-90.0,-77.0,-12.0,16.0,44.0,-13130.0,184,17,0,201,-0.133,-0.038,-0.006,-0.003,-0.001,-7.99,384,-103.0,-73.0,9.0,16.0,42.0,-21278.0,326,57,1,384,0.0,0.043,0.07,0.074,0.078,15.882,4032,-103.0,-28.0,26.0,34.0,62.0,-119650.0,2368,1642,22,4032,-0.133,0.357,0.894,1.023,1.334,1673.434
A_X088_Y104,88,104,76,100,88,120,297.0,140.0,1.0,825,13200,9783,3417,0.26053030303030306,"{""X2Y1"": 448, ""X2Y2"": 14, ""X3Y1"": 352, ""X3Y2"": 11}",True,NOT_PROVEN_WITHOUT_MOVED_FF_CONTROL_SET_REPLAY,NOT_PROVEN_READ_ONLY_SITE_INVENTORY_ONLY,0,DEST_X2Y1_MAJOR,22,EC8295A18CFB3214990035A3C2A8A03B2248BEA56069D816345F1D2C0CC4741A,True,,False,False,U_NEG_UPSTREAM_WORSENING;D_NEG_NO_MEDIAN_IMPROVEMENT,,False,True,False,True,"[0.0, 65.0, 22.0, 0.0, 0.0, 0.0, 0.0, 0.0, 22.0]",58,0.0,0.0,65.0,74.0,75.0,1105.0,0,22,36,58,-0.136,-0.0885,-0.043,-0.028,-0.017,-4.796,6,0.0,0.0,0.0,0.0,0.0,0.0,0,0,6,6,0.011,0.040999999999999995,0.066,0.066,0.066,0.241,201,-86.0,0.0,0.0,16.0,44.0,-2720.0,49,16,136,201,-0.133,-0.038,-0.006,-0.003,-0.001,-7.99,384,-88.0,0.0,0.0,12.0,42.0,-6199.0,104,37,243,384,0.0,0.043,0.07,0.074,0.078,15.882,4032,-88.0,0.0,14.0,20.0,62.0,-39542.0,792,580,2660,4032,-0.133,0.357,0.894,1.023,1.334,1673.434
A_X088_Y104,88,104,76,100,88,120,297.0,140.0,1.0,825,13200,9783,3417,0.2603787878787879,"{""X2Y1"": 448, ""X2Y2"": 14, ""X3Y1"": 352, ""X3Y2"": 11}",True,NOT_PROVEN_WITHOUT_MOVED_FF_CONTROL_SET_REPLAY,NOT_PROVEN_READ_ONLY_SITE_INVENTORY_ONLY,0,DEST_X3Y1_MAJOR,20,D8DF451BC1C4EF6032E28F4D3065B488CCF48FA9921667AB64B2E0E8D05D4049,True,,True,False,U_NEG_UPSTREAM_WORSENING;U_PASS_UPSTREAM_INCREASE,,False,False,True,True,"[0.0, 62.0, 15.0, 5.0, -73.0, 0.0, 0.0, 0.0, 20.0]",58,0.0,0.0,62.0,67.0,83.0,864.0,0,15,43,58,-0.136,-0.0885,-0.043,-0.028,-0.017,-4.796,6,0.0,47.5,75.0,75.0,75.0,262.0,0,5,1,6,0.011,0.040999999999999995,0.066,0.066,0.066,0.241,201,-90.0,-73.0,0.0,0.0,9.0,-9660.0,125,1,75,201,-0.133,-0.038,-0.006,-0.003,-0.001,-7.99,384,-96.0,0.0,0.0,0.0,26.0,-10857.0,158,11,215,384,0.0,0.043,0.07,0.074,0.078,15.882,4032,-96.0,0.0,11.0,22.0,61.0,-37934.0,747,513,2772,4032,-0.133,0.357,0.894,1.023,1.334,1673.434
A_X088_Y104,88,104,76,100,88,120,297.0,140.0,1.0,825,13200,9783,3417,0.26053030303030306,"{""X2Y1"": 448, ""X2Y2"": 14, ""X3Y1"": 352, ""X3Y2"": 11}",True,NOT_PROVEN_WITHOUT_MOVED_FF_CONTROL_SET_REPLAY,NOT_PROVEN_READ_ONLY_SITE_INVENTORY_ONLY,0,DEST_MIXED_OR_OTHER,22,62A80A6BF2780309EBB7ACB65499DC33F9E420F49ABAF670FF853CD53D650A7D,True,,False,False,U_NEG_UPSTREAM_WORSENING;U_PASS_UPSTREAM_INCREASE;D_NEG_NO_MEDIAN_IMPROVEMENT,,False,False,False,True,"[0.0, 65.0, 21.0, 1.0, 0.0, 0.0, 0.0, 0.0, 22.0]",58,0.0,0.0,65.0,74.0,82.0,1168.0,0,21,37,58,-0.136,-0.0885,-0.043,-0.028,-0.017,-4.796,6,0.0,0.0,60.0,60.0,60.0,60.0,0,1,5,6,0.011,0.040999999999999995,0.066,0.066,0.066,0.241,201,-87.0,0.0,0.0,0.0,0.0,-750.0,10,0,191,201,-0.133,-0.038,-0.006,-0.003,-0.001,-7.99,384,-103.0,0.0,0.0,0.0,23.0,-4222.0,64,9,311,384,0.0,0.043,0.07,0.074,0.078,15.882,4032,-103.0,0.0,15.0,23.0,59.0,-42174.0,829,549,2654,4032,-0.133,0.357,0.894,1.023,1.334,1673.434
A_X088_Y104,88,104,76,100,88,120,297.0,140.0,1.0,825,13200,9783,3417,0.26007575757575757,"{""X2Y1"": 448, ""X2Y2"": 14, ""X3Y1"": 352, ""X3Y2"": 11}",True,NOT_PROVEN_WITHOUT_MOVED_FF_CONTROL_SET_REPLAY,NOT_PROVEN_READ_ONLY_SITE_INVENTORY_ONLY,0,FEATURE_BIN_0,16,25AFEB422DB3BDBEF4DCE97A6D1274116E7B27A3B94E395D479DC22D3DE14FFD,True,,False,False,U_NEG_UPSTREAM_WORSENING;D_NEG_NO_MEDIAN_IMPROVEMENT,,False,True,False,True,"[0.0, 62.0, 16.0, 0.0, 0.0, 0.0, 0.0, 0.0, 16.0]",58,0.0,0.0,62.0,74.0,82.0,977.0,0,16,42,58,-0.136,-0.0885,-0.043,-0.028,-0.017,-4.796,6,0.0,0.0,0.0,0.0,0.0,0.0,0,0,6,6,0.011,0.040999999999999995,0.066,0.066,0.066,0.241,201,-88.0,0.0,0.0,0.0,44.0,-4292.0,58,6,137,201,-0.133,-0.038,-0.006,-0.003,-0.001,-7.99,384,-103.0,0.0,0.0,0.0,42.0,-5404.0,81,15,288,384,0.0,0.043,0.07,0.074,0.078,15.882,4032,-103.0,0.0,0.0,22.0,62.0,-32920.0,627,381,3024,4032,-0.133,0.357,0.894,1.023,1.334,1673.434
A_X088_Y104,88,104,76,100,88,120,297.0,140.0,1.0,825,13200,9783,3417,0.26007575757575757,"{""X2Y1"": 448, ""X2Y2"": 14, ""X3Y1"": 352, ""X3Y2"": 11}",True,NOT_PROVEN_WITHOUT_MOVED_FF_CONTROL_SET_REPLAY,NOT_PROVEN_READ_ONLY_SITE_INVENTORY_ONLY,0,FEATURE_BIN_1,16,863B9B0389C1B994C73ED0C57EC56A84FD6D317708E59D47B391DA86E44D3A8E,True,,False,False,U_NEG_UPSTREAM_WORSENING;U_PASS_UPSTREAM_INCREASE;D_NEG_NO_MEDIAN_IMPROVEMENT,,False,False,False,True,"[0.0, 67.0, 14.0, 2.0, 0.0, 0.0, 0.0, 0.0, 16.0]",58,0.0,0.0,67.0,75.0,83.0,856.0,0,14,44,58,-0.136,-0.0885,-0.043,-0.028,-0.017,-4.796,6,0.0,0.0,75.0,75.0,75.0,133.0,0,2,4,6,0.011,0.040999999999999995,0.066,0.066,0.066,0.241,201,-90.0,0.0,0.0,0.0,19.0,-2910.0,41,7,153,201,-0.133,-0.038,-0.006,-0.003,-0.001,-7.99,384,-96.0,0.0,0.0,0.0,19.0,-6355.0,91,13,280,384,0.0,0.043,0.07,0.074,0.078,15.882,4032,-96.0,0.0,4.0,24.0,61.0,-29654.0,591,415,3026,4032,-0.133,0.357,0.894,1.023,1.334,1673.434
A_X088_Y104,88,104,76,100,88,120,297.0,140.0,1.0,825,13200,9783,3417,0.26007575757575757,"{""X2Y1"": 448, ""X2Y2"": 14, ""X3Y1"": 352, ""X3Y2"": 11}",True,NOT_PROVEN_WITHOUT_MOVED_FF_CONTROL_SET_REPLAY,NOT_PROVEN_READ_ONLY_SITE_INVENTORY_ONLY,0,FEATURE_BIN_2,16,18F6AC63D50EACD2B5F6CC669CA58252595A0313B759D7A0EC563D4D8CFF4410,True,,False,False,U_NEG_UPSTREAM_WORSENING;U_PASS_UPSTREAM_INCREASE;D_NEG_NO_MEDIAN_IMPROVEMENT,,False,False,False,True,"[0.0, 48.0, 14.0, 2.0, 0.0, 0.0, 0.0, 0.0, 16.0]",58,0.0,0.0,48.0,65.0,65.0,684.0,0,14,44,58,-0.136,-0.0885,-0.043,-0.028,-0.017,-4.796,6,0.0,0.0,65.0,65.0,65.0,102.0,0,2,4,6,0.011,0.040999999999999995,0.066,0.066,0.066,0.241,201,-83.0,0.0,0.0,0.0,10.0,-4158.0,55,2,144,201,-0.133,-0.038,-0.006,-0.003,-0.001,-7.99,384,-84.0,0.0,0.0,0.0,21.0,-4838.0,75,10,299,384,0.0,0.043,0.07,0.074,0.078,15.882,4032,-84.0,0.0,0.0,13.0,48.0,-31224.0,601,403,3028,4032,-0.133,0.357,0.894,1.023,1.334,1673.434
A_X088_Y104,88,104,76,100,88,120,297.0,140.0,1.0,825,13200,9783,3417,0.26007575757575757,"{""X2Y1"": 448, ""X2Y2"": 14, ""X3Y1"": 352, ""X3Y2"": 11}",True,NOT_PROVEN_WITHOUT_MOVED_FF_CONTROL_SET_REPLAY,NOT_PROVEN_READ_ONLY_SITE_INVENTORY_ONLY,0,FEATURE_BIN_3,16,6D6B2605916DFCDD525A27838AC825D18C62B807369D6E6322040D77ED73CF54,True,,False,False,U_NEG_UPSTREAM_WORSENING;U_PASS_UPSTREAM_INCREASE;D_NEG_NO_MEDIAN_IMPROVEMENT,,False,False,False,True,"[0.0, 42.0, 14.0, 2.0, 0.0, 0.0, 0.0, 0.0, 16.0]",58,0.0,0.0,42.0,65.0,65.0,620.0,0,14,44,58,-0.136,-0.0885,-0.043,-0.028,-0.017,-4.796,6,0.0,0.0,60.0,60.0,60.0,87.0,0,2,4,6,0.011,0.040999999999999995,0.066,0.066,0.066,0.241,201,-78.0,0.0,0.0,0.0,16.0,-1770.0,30,2,169,201,-0.133,-0.038,-0.006,-0.003,-0.001,-7.99,384,-78.0,0.0,0.0,0.0,17.0,-4681.0,79,19,286,384,0.0,0.043,0.07,0.074,0.078,15.882,4032,-78.0,0.0,6.0,16.0,58.0,-25852.0,549,443,3040,4032,-0.133,0.357,0.894,1.023,1.334,1673.434
A_X088_Y108,88,108,76,100,92,124,297.0,136.0,1.0,825,13200,10316,2884,0.22333333333333333,"{""X2Y1"": 392, ""X2Y2"": 70, ""X3Y1"": 308, ""X3Y2"": 55}",True,NOT_PROVEN_WITHOUT_MOVED_FF_CONTROL_SET_REPLAY,NOT_PROVEN_READ_ONLY_SITE_INVENTORY_ONLY,0,ALL_64,64,A49D88051B2D2E5D1255D4F806A7569CDA9B33A650A908566197031349AD8DB4,True,,True,False,U_NEG_UPSTREAM_WORSENING;U_PASS_UPSTREAM_INCREASE,,False,False,True,True,"[49.0, 71.0, 58.0, 6.0, -76.0, -8.0, -71.0, -24.0, 64.0]",58,11.0,49.0,71.0,75.0,79.0,2905.0,0,58,0,58,-0.136,-0.0885,-0.043,-0.028,-0.017,-4.796,6,23.0,55.0,71.0,71.0,71.0,298.0,0,6,0,6,0.011,0.040999999999999995,0.066,0.066,0.066,0.241,201,-92.0,-76.0,-8.0,20.0,40.0,-12530.0,183,17,1,201,-0.133,-0.038,-0.006,-0.003,-0.001,-7.99,384,-99.0,-71.0,13.0,20.0,38.0,-20036.0,324,59,1,384,0.0,0.043,0.07,0.074,0.078,15.882,4032,-99.0,-24.0,27.0,30.0,58.0,-111246.0,2337,1684,11,4032,-0.133,0.357,0.894,1.023,1.334,1673.434
A_X088_Y108,88,108,76,100,92,124,297.0,136.0,1.0,825,13200,10316,2884,0.22015151515151515,"{""X2Y1"": 392, ""X2Y2"": 70, ""X3Y1"": 308, ""X3Y2"": 55}",True,NOT_PROVEN_WITHOUT_MOVED_FF_CONTROL_SET_REPLAY,NOT_PROVEN_READ_ONLY_SITE_INVENTORY_ONLY,0,DEST_X2Y1_MAJOR,22,EC8295A18CFB3214990035A3C2A8A03B2248BEA56069D816345F1D2C0CC4741A,True,,False,False,U_NEG_UPSTREAM_WORSENING;D_NEG_NO_MEDIAN_IMPROVEMENT,,False,True,False,True,"[0.0, 61.0, 22.0, 0.0, 0.0, 0.0, 0.0, 0.0, 22.0]",58,0.0,0.0,61.0,70.0,71.0,1017.0,0,22,36,58,-0.136,-0.0885,-0.043,-0.028,-0.017,-4.796,6,0.0,0.0,0.0,0.0,0.0,0.0,0,0,6,6,0.011,0.040999999999999995,0.066,0.066,0.066,0.241,201,-82.0,0.0,0.0,20.0,40.0,-2486.0,49,16,136,201,-0.133,-0.038,-0.006,-0.003,-0.001,-7.99,384,-84.0,0.0,0.0,16.0,38.0,-5701.0,104,38,242,384,0.0,0.043,0.07,0.074,0.078,15.882,4032,-84.0,0.0,16.0,22.0,58.0,-36800.0,788,593,2651,4032,-0.133,0.357,0.894,1.023,1.334,1673.434
A_X088_Y108,88,108,76,100,92,124,297.0,136.0,1.0,825,13200,10316,2884,0.22,"{""X2Y1"": 392, ""X2Y2"": 70, ""X3Y1"": 308, ""X3Y2"": 55}",True,NOT_PROVEN_WITHOUT_MOVED_FF_CONTROL_SET_REPLAY,NOT_PROVEN_READ_ONLY_SITE_INVENTORY_ONLY,0,DEST_X3Y1_MAJOR,20,D8DF451BC1C4EF6032E28F4D3065B488CCF48FA9921667AB64B2E0E8D05D4049,True,,True,False,U_NEG_UPSTREAM_WORSENING;U_PASS_UPSTREAM_INCREASE,,False,False,True,True,"[0.0, 58.0, 15.0, 5.0, -72.0, 0.0, 0.0, 0.0, 20.0]",58,0.0,0.0,58.0,63.0,79.0,804.0,0,15,43,58,-0.136,-0.0885,-0.043,-0.028,-0.017,-4.796,6,0.0,43.5,71.0,71.0,71.0,242.0,0,5,1,6,0.011,0.040999999999999995,0.066,0.066,0.066,0.241,201,-92.0,-72.0,0.0,0.0,13.0,-9314.0,124,1,76,201,-0.133,-0.038,-0.006,-0.003,-0.001,-7.99,384,-92.0,0.0,0.0,0.0,30.0,-10325.0,156,12,216,384,0.0,0.043,0.07,0.074,0.078,15.882,4032,-92.0,0.0,14.0,23.0,57.0,-35282.0,737,519,2776,4032,-0.133,0.357,0.894,1.023,1.334,1673.434
A_X088_Y108,88,108,76,100,92,124,297.0,136.0,1.0,825,13200,10316,2884,0.22015151515151515,"{""X2Y1"": 392, ""X2Y2"": 70, ""X3Y1"": 308, ""X3Y2"": 55}",True,NOT_PROVEN_WITHOUT_MOVED_FF_CONTROL_SET_REPLAY,NOT_PROVEN_READ_ONLY_SITE_INVENTORY_ONLY,0,DEST_MIXED_OR_OTHER,22,62A80A6BF2780309EBB7ACB65499DC33F9E420F49ABAF670FF853CD53D650A7D,True,,False,False,U_NEG_UPSTREAM_WORSENING;U_PASS_UPSTREAM_INCREASE;D_NEG_NO_MEDIAN_IMPROVEMENT,,False,False,False,True,"[0.0, 61.0, 21.0, 1.0, 0.0, 0.0, 0.0, 0.0, 22.0]",58,0.0,0.0,61.0,70.0,78.0,1084.0,0,21,37,58,-0.136,-0.0885,-0.043,-0.028,-0.017,-4.796,6,0.0,0.0,56.0,56.0,56.0,56.0,0,1,5,6,0.011,0.040999999999999995,0.066,0.066,0.066,0.241,201,-83.0,0.0,0.0,0.0,0.0,-730.0,10,0,191,201,-0.133,-0.038,-0.006,-0.003,-0.001,-7.99,384,-99.0,0.0,0.0,0.0,27.0,-4010.0,64,9,311,384,0.0,0.043,0.07,0.074,0.078,15.882,4032,-99.0,0.0,19.0,25.0,55.0,-39164.0,812,572,2648,4032,-0.133,0.357,0.894,1.023,1.334,1673.434
A_X088_Y108,88,108,76,100,92,124,297.0,136.0,1.0,825,13200,10316,2884,0.2196969696969697,"{""X2Y1"": 392, ""X2Y2"": 70, ""X3Y1"": 308, ""X3Y2"": 55}",True,NOT_PROVEN_WITHOUT_MOVED_FF_CONTROL_SET_REPLAY,NOT_PROVEN_READ_ONLY_SITE_INVENTORY_ONLY,0,FEATURE_BIN_0,16,25AFEB422DB3BDBEF4DCE97A6D1274116E7B27A3B94E395D479DC22D3DE14FFD,True,,False,False,U_NEG_UPSTREAM_WORSENING;D_NEG_NO_MEDIAN_IMPROVEMENT,,False,True,False,True,"[0.0, 58.0, 16.0, 0.0, 0.0, 0.0, 0.0, 0.0, 16.0]",58,0.0,0.0,58.0,70.0,78.0,913.0,0,16,42,58,-0.136,-0.0885,-0.043,-0.028,-0.017,-4.796,6,0.0,0.0,0.0,0.0,0.0,0.0,0,0,6,6,0.011,0.040999999999999995,0.066,0.066,0.066,0.241,201,-84.0,0.0,0.0,0.0,40.0,-4128.0,57,6,138,201,-0.133,-0.038,-0.006,-0.003,-0.001,-7.99,384,-99.0,0.0,0.0,0.0,38.0,-5066.0,80,15,289,384,0.0,0.043,0.07,0.074,0.078,15.882,4032,-99.0,0.0,0.0,25.0,58.0,-30560.0,609,394,3029,4032,-0.133,0.357,0.894,1.023,1.334,1673.434
A_X088_Y108,88,108,76,100,92,124,297.0,136.0,1.0,825,13200,10316,2884,0.2196969696969697,"{""X2Y1"": 392, ""X2Y2"": 70, ""X3Y1"": 308, ""X3Y2"": 55}",True,NOT_PROVEN_WITHOUT_MOVED_FF_CONTROL_SET_REPLAY,NOT_PROVEN_READ_ONLY_SITE_INVENTORY_ONLY,0,FEATURE_BIN_1,16,863B9B0389C1B994C73ED0C57EC56A84FD6D317708E59D47B391DA86E44D3A8E,True,,False,False,U_NEG_UPSTREAM_WORSENING;U_PASS_UPSTREAM_INCREASE;D_NEG_NO_MEDIAN_IMPROVEMENT,,False,False,False,True,"[0.0, 63.0, 14.0, 2.0, 0.0, 0.0, 0.0, 0.0, 16.0]",58,0.0,0.0,63.0,71.0,79.0,800.0,0,14,44,58,-0.136,-0.0885,-0.043,-0.028,-0.017,-4.796,6,0.0,0.0,71.0,71.0,71.0,125.0,0,2,4,6,0.011,0.040999999999999995,0.066,0.066,0.066,0.241,201,-92.0,0.0,0.0,0.0,23.0,-2764.0,41,7,153,201,-0.133,-0.038,-0.006,-0.003,-0.001,-7.99,384,-92.0,0.0,0.0,0.0,23.0,-6069.0,90,14,280,384,0.0,0.043,0.07,0.074,0.078,15.882,4032,-92.0,0.0,8.0,23.0,57.0,-27736.0,584,427,3021,4032,-0.133,0.357,0.894,1.023,1.334,1673.434
A_X088_Y108,88,108,76,100,92,124,297.0,136.0,1.0,825,13200,10316,2884,0.2196969696969697,"{""X2Y1"": 392, ""X2Y2"": 70, ""X3Y1"": 308, ""X3Y2"": 55}",True,NOT_PROVEN_WITHOUT_MOVED_FF_CONTROL_SET_REPLAY,NOT_PROVEN_READ_ONLY_SITE_INVENTORY_ONLY,0,FEATURE_BIN_2,16,18F6AC63D50EACD2B5F6CC669CA58252595A0313B759D7A0EC563D4D8CFF4410,True,,False,False,U_NEG_UPSTREAM_WORSENING;U_PASS_UPSTREAM_INCREASE;D_NEG_NO_MEDIAN_IMPROVEMENT,,False,False,False,True,"[0.0, 44.0, 14.0, 2.0, 0.0, 0.0, 0.0, 0.0, 16.0]",58,0.0,0.0,44.0,61.0,61.0,628.0,0,14,44,58,-0.136,-0.0885,-0.043,-0.028,-0.017,-4.796,6,0.0,0.0,61.0,61.0,61.0,94.0,0,2,4,6,0.011,0.040999999999999995,0.066,0.066,0.066,0.241,201,-79.0,0.0,0.0,0.0,14.0,-3968.0,55,2,144,201,-0.133,-0.038,-0.006,-0.003,-0.001,-7.99,384,-80.0,0.0,0.0,0.0,25.0,-4554.0,75,10,299,384,0.0,0.043,0.07,0.074,0.078,15.882,4032,-80.0,0.0,4.0,16.0,44.0,-29126.0,592,419,3021,4032,-0.133,0.357,0.894,1.023,1.334,1673.434
A_X088_Y108,88,108,76,100,92,124,297.0,136.0,1.0,825,13200,10316,2884,0.2196969696969697,"{""X2Y1"": 392, ""X2Y2"": 70, ""X3Y1"": 308, ""X3Y2"": 55}",True,NOT_PROVEN_WITHOUT_MOVED_FF_CONTROL_SET_REPLAY,NOT_PROVEN_READ_ONLY_SITE_INVENTORY_ONLY,0,FEATURE_BIN_3,16,6D6B2605916DFCDD525A27838AC825D18C62B807369D6E6322040D77ED73CF54,True,,False,False,U_NEG_UPSTREAM_WORSENING;U_PASS_UPSTREAM_INCREASE;D_NEG_NO_MEDIAN_IMPROVEMENT,,False,False,False,True,"[0.0, 38.0, 14.0, 2.0, 0.0, 0.0, 0.0, 0.0, 16.0]",58,0.0,0.0,38.0,61.0,61.0,564.0,0,14,44,58,-0.136,-0.0885,-0.043,-0.028,-0.017,-4.796,6,0.0,0.0,56.0,56.0,56.0,79.0,0,2,4,6,0.011,0.040999999999999995,0.066,0.066,0.066,0.241,201,-74.0,0.0,0.0,0.0,20.0,-1670.0,30,2,169,201,-0.133,-0.038,-0.006,-0.003,-0.001,-7.99,384,-74.0,0.0,0.0,4.0,21.0,-4347.0,79,20,285,384,0.0,0.043,0.07,0.074,0.078,15.882,4032,-74.0,0.0,10.0,20.0,54.0,-23824.0,552,444,3036,4032,-0.133,0.357,0.894,1.023,1.334,1673.434
A_X088_Y112,88,112,76,100,96,128,297.0,132.0,1.0,825,13200,10845,2355,0.18325757575757576,"{""X2Y1"": 336, ""X2Y2"": 126, ""X3Y1"": 264, ""X3Y2"": 99}",True,NOT_PROVEN_WITHOUT_MOVED_FF_CONTROL_SET_REPLAY,NOT_PROVEN_READ_ONLY_SITE_INVENTORY_ONLY,0,ALL_64,64,A49D88051B2D2E5D1255D4F806A7569CDA9B33A650A908566197031349AD8DB4,True,,True,False,U_NEG_UPSTREAM_WORSENING;U_PASS_UPSTREAM_INCREASE,,False,False,True,True,"[45.0, 67.0, 58.0, 6.0, -72.0, -4.0, -67.0, -20.0, 64.0]",58,7.0,45.0,67.0,71.0,75.0,2673.0,0,58,0,58,-0.136,-0.0885,-0.043,-0.028,-0.017,-4.796,6,19.0,51.0,67.0,67.0,67.0,274.0,0,6,0,6,0.011,0.040999999999999995,0.066,0.066,0.066,0.241,201,-88.0,-72.0,-4.0,24.0,36.0,-11812.0,182,18,1,201,-0.133,-0.038,-0.006,-0.003,-0.001,-7.99,384,-95.0,-67.0,17.0,24.0,34.0,-18636.0,321,62,1,384,0.0,0.043,0.07,0.074,0.078,15.882,4032,-95.0,-20.0,29.0,33.0,54.0,-99204.0,2306,1717,9,4032,-0.133,0.357,0.894,1.023,1.334,1673.434
A_X088_Y112,88,112,76,100,96,128,297.0,132.0,1.0,825,13200,10845,2355,0.18007575757575758,"{""X2Y1"": 336, ""X2Y2"": 126, ""X3Y1"": 264, ""X3Y2"": 99}",True,NOT_PROVEN_WITHOUT_MOVED_FF_CONTROL_SET_REPLAY,NOT_PROVEN_READ_ONLY_SITE_INVENTORY_ONLY,0,DEST_X2Y1_MAJOR,22,EC8295A18CFB3214990035A3C2A8A03B2248BEA56069D816345F1D2C0CC4741A,True,,False,False,U_NEG_UPSTREAM_WORSENING;D_NEG_NO_MEDIAN_IMPROVEMENT,,False,True,False,True,"[0.0, 57.0, 22.0, 0.0, 0.0, 0.0, 0.0, 0.0, 22.0]",58,0.0,0.0,57.0,66.0,67.0,929.0,0,22,36,58,-0.136,-0.0885,-0.043,-0.028,-0.017,-4.796,6,0.0,0.0,0.0,0.0,0.0,0.0,0,0,6,6,0.011,0.040999999999999995,0.066,0.066,0.066,0.241,201,-78.0,0.0,0.0,24.0,36.0,-2246.0,48,16,137,201,-0.133,-0.038,-0.006,-0.003,-0.001,-7.99,384,-80.0,0.0,0.0,20.0,34.0,-5163.0,103,38,243,384,0.0,0.043,0.07,0.074,0.078,15.882,4032,-80.0,0.0,19.0,26.0,54.0,-32834.0,774,603,2655,4032,-0.133,0.357,0.894,1.023,1.334,1673.434
A_X088_Y112,88,112,76,100,96,128,297.0,132.0,1.0,825,13200,10845,2355,0.17992424242424243,"{""X2Y1"": 336, ""X2Y2"": 126, ""X3Y1"": 264, ""X3Y2"": 99}",True,NOT_PROVEN_WITHOUT_MOVED_FF_CONTROL_SET_REPLAY,NOT_PROVEN_READ_ONLY_SITE_INVENTORY_ONLY,0,DEST_X3Y1_MAJOR,20,D8DF451BC1C4EF6032E28F4D3065B488CCF48FA9921667AB64B2E0E8D05D4049,True,,True,False,U_NEG_UPSTREAM_WORSENING;U_PASS_UPSTREAM_INCREASE,,False,False,True,True,"[0.0, 54.0, 15.0, 5.0, -68.0, 0.0, 0.0, 0.0, 20.0]",58,0.0,0.0,54.0,59.0,75.0,744.0,0,15,43,58,-0.136,-0.0885,-0.043,-0.028,-0.017,-4.796,6,0.0,39.5,67.0,67.0,67.0,222.0,0,5,1,6,0.011,0.040999999999999995,0.066,0.066,0.066,0.241,201,-88.0,-68.0,0.0,0.0,17.0,-8872.0,124,2,75,201,-0.133,-0.038,-0.006,-0.003,-0.001,-7.99,384,-88.0,0.0,0.0,0.0,34.0,-9723.0,154,15,215,384,0.0,0.043,0.07,0.074,0.078,15.882,4032,-88.0,0.0,18.0,25.0,53.0,-31504.0,729,531,2772,4032,-0.133,0.357,0.894,1.023,1.334,1673.434
A_X088_Y112,88,112,76,100,96,128,297.0,132.0,1.0,825,13200,10845,2355,0.18007575757575758,"{""X2Y1"": 336, ""X2Y2"": 126, ""X3Y1"": 264, ""X3Y2"": 99}",True,NOT_PROVEN_WITHOUT_MOVED_FF_CONTROL_SET_REPLAY,NOT_PROVEN_READ_ONLY_SITE_INVENTORY_ONLY,0,DEST_MIXED_OR_OTHER,22,62A80A6BF2780309EBB7ACB65499DC33F9E420F49ABAF670FF853CD53D650A7D,True,,False,False,U_NEG_UPSTREAM_WORSENING;U_PASS_UPSTREAM_INCREASE;D_NEG_NO_MEDIAN_IMPROVEMENT,,False,False,False,True,"[0.0, 57.0, 21.0, 1.0, 0.0, 0.0, 0.0, 0.0, 22.0]",58,0.0,0.0,57.0,66.0,74.0,1000.0,0,21,37,58,-0.136,-0.0885,-0.043,-0.028,-0.017,-4.796,6,0.0,0.0,52.0,52.0,52.0,52.0,0,1,5,6,0.011,0.040999999999999995,0.066,0.066,0.066,0.241,201,-79.0,0.0,0.0,0.0,0.0,-694.0,10,0,191,201,-0.133,-0.038,-0.006,-0.003,-0.001,-7.99,384,-95.0,0.0,0.0,0.0,31.0,-3750.0,64,9,311,384,0.0,0.043,0.07,0.074,0.078,15.882,4032,-95.0,0.0,23.0,29.0,51.0,-34866.0,803,583,2646,4032,-0.133,0.357,0.894,1.023,1.334,1673.434
A_X088_Y112,88,112,76,100,96,128,297.0,132.0,1.0,825,13200,10845,2355,0.17962121212121213,"{""X2Y1"": 336, ""X2Y2"": 126, ""X3Y1"": 264, ""X3Y2"": 99}",True,NOT_PROVEN_WITHOUT_MOVED_FF_CONTROL_SET_REPLAY,NOT_PROVEN_READ_ONLY_SITE_INVENTORY_ONLY,0,FEATURE_BIN_0,16,25AFEB422DB3BDBEF4DCE97A6D1274116E7B27A3B94E395D479DC22D3DE14FFD,True,,False,False,U_NEG_UPSTREAM_WORSENING;D_NEG_NO_MEDIAN_IMPROVEMENT,,False,True,False,True,"[0.0, 54.0, 16.0, 0.0, 0.0, 0.0, 0.0, 0.0, 16.0]",58,0.0,0.0,54.0,66.0,74.0,849.0,0,16,42,58,-0.136,-0.0885,-0.043,-0.028,-0.017,-4.796,6,0.0,0.0,0.0,0.0,0.0,0.0,0,0,6,6,0.011,0.040999999999999995,0.066,0.066,0.066,0.241,201,-80.0,0.0,0.0,0.0,36.0,-3904.0,57,7,137,201,-0.133,-0.038,-0.006,-0.003,-0.001,-7.99,384,-95.0,0.0,0.0,0.0,34.0,-4704.0,79,17,288,384,0.0,0.043,0.07,0.074,0.078,15.882,4032,-95.0,0.0,3.0,28.0,54.0,-27274.0,595,413,3024,4032,-0.133,0.357,0.894,1.023,1.334,1673.434
A_X088_Y112,88,112,76,100,96,128,297.0,132.0,1.0,825,13200,10845,2355,0.17962121212121213,"{""X2Y1"": 336, ""X2Y2"": 126, ""X3Y1"": 264, ""X3Y2"": 99}",True,NOT_PROVEN_WITHOUT_MOVED_FF_CONTROL_SET_REPLAY,NOT_PROVEN_READ_ONLY_SITE_INVENTORY_ONLY,0,FEATURE_BIN_1,16,863B9B0389C1B994C73ED0C57EC56A84FD6D317708E59D47B391DA86E44D3A8E,True,,False,False,U_NEG_UPSTREAM_WORSENING;U_PASS_UPSTREAM_INCREASE;D_NEG_NO_MEDIAN_IMPROVEMENT,,False,False,False,True,"[0.0, 59.0, 14.0, 2.0, 0.0, 0.0, 0.0, 0.0, 16.0]",58,0.0,0.0,59.0,67.0,75.0,744.0,0,14,44,58,-0.136,-0.0885,-0.043,-0.028,-0.017,-4.796,6,0.0,0.0,67.0,67.0,67.0,117.0,0,2,4,6,0.011,0.040999999999999995,0.066,0.066,0.066,0.241,201,-88.0,0.0,0.0,0.0,27.0,-2600.0,41,7,153,201,-0.133,-0.038,-0.006,-0.003,-0.001,-7.99,384,-88.0,0.0,0.0,0.0,27.0,-5735.0,89,15,280,384,0.0,0.043,0.07,0.074,0.078,15.882,4032,-88.0,0.0,12.0,26.0,53.0,-24892.0,578,433,3021,4032,-0.133,0.357,0.894,1.023,1.334,1673.434
A_X088_Y112,88,112,76,100,96,128,297.0,132.0,1.0,825,13200,10845,2355,0.17962121212121213,"{""X2Y1"": 336, ""X2Y2"": 126, ""X3Y1"": 264, ""X3Y2"": 99}",True,NOT_PROVEN_WITHOUT_MOVED_FF_CONTROL_SET_REPLAY,NOT_PROVEN_READ_ONLY_SITE_INVENTORY_ONLY,0,FEATURE_BIN_2,16,18F6AC63D50EACD2B5F6CC669CA58252595A0313B759D7A0EC563D4D8CFF4410,True,,False,False,U_NEG_UPSTREAM_WORSENING;U_PASS_UPSTREAM_INCREASE;D_NEG_NO_MEDIAN_IMPROVEMENT,,False,False,False,True,"[0.0, 40.0, 14.0, 2.0, 0.0, 0.0, 0.0, 0.0, 16.0]",58,0.0,0.0,40.0,57.0,57.0,572.0,0,14,44,58,-0.136,-0.0885,-0.043,-0.028,-0.017,-4.796,6,0.0,0.0,57.0,57.0,57.0,86.0,0,2,4,6,0.011,0.040999999999999995,0.066,0.066,0.066,0.241,201,-75.0,0.0,0.0,0.0,18.0,-3742.0,55,2,144,201,-0.133,-0.038,-0.006,-0.003,-0.001,-7.99,384,-76.0,0.0,0.0,0.0,29.0,-4218.0,75,10,299,384,0.0,0.043,0.07,0.074,0.078,15.882,4032,-76.0,0.0,8.0,19.0,40.0,-26080.0,587,425,3020,4032,-0.133,0.357,0.894,1.023,1.334,1673.434
A_X088_Y112,88,112,76,100,96,128,297.0,132.0,1.0,825,13200,10845,2355,0.17962121212121213,"{""X2Y1"": 336, ""X2Y2"": 126, ""X3Y1"": 264, ""X3Y2"": 99}",True,NOT_PROVEN_WITHOUT_MOVED_FF_CONTROL_SET_REPLAY,NOT_PROVEN_READ_ONLY_SITE_INVENTORY_ONLY,0,FEATURE_BIN_3,16,6D6B2605916DFCDD525A27838AC825D18C62B807369D6E6322040D77ED73CF54,True,,False,False,U_NEG_UPSTREAM_WORSENING;U_PASS_UPSTREAM_INCREASE;D_NEG_NO_MEDIAN_IMPROVEMENT,,False,False,False,True,"[0.0, 34.0, 14.0, 2.0, 0.0, 0.0, 0.0, 0.0, 16.0]",58,0.0,0.0,34.0,57.0,57.0,508.0,0,14,44,58,-0.136,-0.0885,-0.043,-0.028,-0.017,-4.796,6,0.0,0.0,52.0,52.0,52.0,71.0,0,2,4,6,0.011,0.040999999999999995,0.066,0.066,0.066,0.241,201,-70.0,0.0,0.0,0.0,24.0,-1566.0,29,2,170,201,-0.133,-0.038,-0.006,-0.003,-0.001,-7.99,384,-70.0,0.0,0.0,8.0,25.0,-3979.0,78,20,286,384,0.0,0.043,0.07,0.074,0.078,15.882,4032,-70.0,0.0,14.0,23.0,50.0,-20958.0,546,446,3040,4032,-0.133,0.357,0.894,1.023,1.334,1673.434
A_X088_Y116,88,116,76,100,100,132,297.0,128.0,1.0,825,13200,11198,2002,0.15651515151515152,"{""X2Y1"": 280, ""X2Y2"": 182, ""X3Y1"": 220, ""X3Y2"": 143}",True,NOT_PROVEN_WITHOUT_MOVED_FF_CONTROL_SET_REPLAY,NOT_PROVEN_READ_ONLY_SITE_INVENTORY_ONLY,0,ALL_64,64,A49D88051B2D2E5D1255D4F806A7569CDA9B33A650A908566197031349AD8DB4,True,,False,False,U_NEG_UPSTREAM_WORSENING;U_PASS_UPSTREAM_INCREASE,,False,False,True,True,"[41.0, 63.0, 58.0, 6.0, -68.0, 0.0, -63.0, -16.0, 64.0]",58,3.0,41.0,63.0,67.0,71.0,2441.0,0,58,0,58,-0.136,-0.0885,-0.043,-0.028,-0.017,-4.796,6,15.0,47.0,63.0,63.0,63.0,250.0,0,6,0,6,0.011,0.040999999999999995,0.066,0.066,0.066,0.241,201,-84.0,-68.0,0.0,28.0,32.0,-11030.0,180,19,2,201,-0.133,-0.038,-0.006,-0.003,-0.001,-7.99,384,-91.0,-63.0,21.0,28.0,38.0,-17114.0,321,63,0,384,0.0,0.043,0.07,0.074,0.078,15.882,4032,-91.0,-16.0,32.0,35.0,50.0,-84440.0,2270,1740,22,4032,-0.133,0.357,0.894,1.023,1.334,1673.434
A_X088_Y116,88,116,76,100,100,132,297.0,128.0,1.0,825,13200,11198,2002,0.15333333333333332,"{""X2Y1"": 280, ""X2Y2"": 182, ""X3Y1"": 220, ""X3Y2"": 143}",True,NOT_PROVEN_WITHOUT_MOVED_FF_CONTROL_SET_REPLAY,NOT_PROVEN_READ_ONLY_SITE_INVENTORY_ONLY,0,DEST_X2Y1_MAJOR,22,EC8295A18CFB3214990035A3C2A8A03B2248BEA56069D816345F1D2C0CC4741A,True,,False,False,U_NEG_UPSTREAM_WORSENING;D_NEG_NO_MEDIAN_IMPROVEMENT,,False,True,False,True,"[0.0, 53.0, 22.0, 0.0, 0.0, 0.0, 0.0, 0.0, 22.0]",58,0.0,0.0,53.0,62.0,63.0,841.0,0,22,36,58,-0.136,-0.0885,-0.043,-0.028,-0.017,-4.796,6,0.0,0.0,0.0,0.0,0.0,0.0,0,0,6,6,0.011,0.040999999999999995,0.066,0.066,0.066,0.241,201,-74.0,0.0,0.0,28.0,32.0,-2002.0,46,17,138,201,-0.133,-0.038,-0.006,-0.003,-0.001,-7.99,384,-76.0,0.0,4.0,24.0,31.0,-4603.0,103,39,242,384,0.0,0.043,0.07,0.074,0.078,15.882,4032,-76.0,0.0,23.0,30.0,50.0,-27912.0,766,613,2653,4032,-0.133,0.357,0.894,1.023,1.334,1673.434
A_X088_Y116,88,116,76,100,100,132,297.0,128.0,1.0,825,13200,11198,2002,0.15318181818181817,"{""X2Y1"": 280, ""X2Y2"": 182, ""X3Y1"": 220, ""X3Y2"": 143}",True,NOT_PROVEN_WITHOUT_MOVED_FF_CONTROL_SET_REPLAY,NOT_PROVEN_READ_ONLY_SITE_INVENTORY_ONLY,0,DEST_X3Y1_MAJOR,20,D8DF451BC1C4EF6032E28F4D3065B488CCF48FA9921667AB64B2E0E8D05D4049,True,,False,False,U_NEG_UPSTREAM_WORSENING;U_PASS_UPSTREAM_INCREASE,,False,False,True,True,"[0.0, 50.0, 15.0, 5.0, -64.0, 0.0, 0.0, 0.0, 20.0]",58,0.0,0.0,50.0,55.0,71.0,684.0,0,15,43,58,-0.136,-0.0885,-0.043,-0.028,-0.017,-4.796,6,0.0,35.5,63.0,63.0,63.0,202.0,0,5,1,6,0.011,0.040999999999999995,0.066,0.066,0.066,0.241,201,-84.0,-64.0,0.0,0.0,21.0,-8374.0,124,2,75,201,-0.133,-0.038,-0.006,-0.003,-0.001,-7.99,384,-84.0,0.0,0.0,0.0,38.0,-9053.0,154,15,215,384,0.0,0.043,0.07,0.074,0.078,15.882,4032,-84.0,0.0,22.0,29.0,49.0,-26908.0,720,535,2777,4032,-0.133,0.357,0.894,1.023,1.334,1673.434
A_X088_Y116,88,116,76,100,100,132,297.0,128.0,1.0,825,13200,11198,2002,0.15333333333333332,"{""X2Y1"": 280, ""X2Y2"": 182, ""X3Y1"": 220, ""X3Y2"": 143}",True,NOT_PROVEN_WITHOUT_MOVED_FF_CONTROL_SET_REPLAY,NOT_PROVEN_READ_ONLY_SITE_INVENTORY_ONLY,0,DEST_MIXED_OR_OTHER,22,62A80A6BF2780309EBB7ACB65499DC33F9E420F49ABAF670FF853CD53D650A7D,True,,False,False,U_NEG_UPSTREAM_WORSENING;U_PASS_UPSTREAM_INCREASE;D_NEG_NO_MEDIAN_IMPROVEMENT,,False,False,False,True,"[0.0, 53.0, 21.0, 1.0, 0.0, 0.0, 0.0, 0.0, 22.0]",58,0.0,0.0,53.0,62.0,70.0,916.0,0,21,37,58,-0.136,-0.0885,-0.043,-0.028,-0.017,-4.796,6,0.0,0.0,48.0,48.0,48.0,48.0,0,1,5,6,0.011,0.040999999999999995,0.066,0.066,0.066,0.241,201,-75.0,0.0,0.0,0.0,0.0,-654.0,10,0,191,201,-0.133,-0.038,-0.006,-0.003,-0.001,-7.99,384,-91.0,0.0,0.0,0.0,35.0,-3458.0,64,9,311,384,0.0,0.043,0.07,0.074,0.078,15.882,4032,-91.0,0.0,26.0,33.0,47.0,-29620.0,784,592,2656,4032,-0.133,0.357,0.894,1.023,1.334,1673.434
A_X088_Y116,88,116,76,100,100,132,297.0,128.0,1.0,825,13200,11198,2002,0.1528787878787879,"{""X2Y1"": 280, ""X2Y2"": 182, ""X3Y1"": 220, ""X3Y2"": 143}",True,NOT_PROVEN_WITHOUT_MOVED_FF_CONTROL_SET_REPLAY,NOT_PROVEN_READ_ONLY_SITE_INVENTORY_ONLY,0,FEATURE_BIN_0,16,25AFEB422DB3BDBEF4DCE97A6D1274116E7B27A3B94E395D479DC22D3DE14FFD,True,,False,False,U_NEG_UPSTREAM_WORSENING;D_NEG_NO_MEDIAN_IMPROVEMENT,,False,True,False,True,"[0.0, 50.0, 16.0, 0.0, 0.0, 0.0, 0.0, 0.0, 16.0]",58,0.0,0.0,50.0,62.0,70.0,785.0,0,16,42,58,-0.136,-0.0885,-0.043,-0.028,-0.017,-4.796,6,0.0,0.0,0.0,0.0,0.0,0.0,0,0,6,6,0.011,0.040999999999999995,0.066,0.066,0.066,0.241,201,-76.0,0.0,0.0,0.0,32.0,-3664.0,57,7,137,201,-0.133,-0.038,-0.006,-0.003,-0.001,-7.99,384,-91.0,0.0,0.0,0.0,38.0,-4328.0,79,17,288,384,0.0,0.043,0.07,0.074,0.078,15.882,4032,-91.0,0.0,7.0,32.0,50.0,-23404.0,586,422,3024,4032,-0.133,0.357,0.894,1.023,1.334,1673.434
A_X088_Y116,88,116,76,100,100,132,297.0,128.0,1.0,825,13200,11198,2002,0.1528787878787879,"{""X2Y1"": 280, ""X2Y2"": 182, ""X3Y1"": 220, ""X3Y2"": 143}",True,NOT_PROVEN_WITHOUT_MOVED_FF_CONTROL_SET_REPLAY,NOT_PROVEN_READ_ONLY_SITE_INVENTORY_ONLY,0,FEATURE_BIN_1,16,863B9B0389C1B994C73ED0C57EC56A84FD6D317708E59D47B391DA86E44D3A8E,True,,False,False,U_NEG_UPSTREAM_WORSENING;U_PASS_UPSTREAM_INCREASE;D_NEG_NO_MEDIAN_IMPROVEMENT,,False,False,False,True,"[0.0, 55.0, 14.0, 2.0, 0.0, 0.0, 0.0, 0.0, 16.0]",58,0.0,0.0,55.0,63.0,71.0,688.0,0,14,44,58,-0.136,-0.0885,-0.043,-0.028,-0.017,-4.796,6,0.0,0.0,63.0,63.0,63.0,109.0,0,2,4,6,0.011,0.040999999999999995,0.066,0.066,0.066,0.241,201,-84.0,0.0,0.0,0.0,31.0,-2412.0,41,7,153,201,-0.133,-0.038,-0.006,-0.003,-0.001,-7.99,384,-84.0,0.0,0.0,0.0,31.0,-5323.0,89,15,280,384,0.0,0.043,0.07,0.074,0.078,15.882,4032,-84.0,0.0,16.0,30.0,49.0,-21234.0,570,435,3027,4032,-0.133,0.357,0.894,1.023,1.334,1673.434
A_X088_Y116,88,116,76,100,100,132,297.0,128.0,1.0,825,13200,11198,2002,0.1528787878787879,"{""X2Y1"": 280, ""X2Y2"": 182, ""X3Y1"": 220, ""X3Y2"": 143}",True,NOT_PROVEN_WITHOUT_MOVED_FF_CONTROL_SET_REPLAY,NOT_PROVEN_READ_ONLY_SITE_INVENTORY_ONLY,0,FEATURE_BIN_2,16,18F6AC63D50EACD2B5F6CC669CA58252595A0313B759D7A0EC563D4D8CFF4410,True,,False,False,U_NEG_UPSTREAM_WORSENING;U_PASS_UPSTREAM_INCREASE;D_NEG_NO_MEDIAN_IMPROVEMENT,,False,False,False,True,"[0.0, 36.0, 14.0, 2.0, 0.0, 0.0, 0.0, 0.0, 16.0]",58,0.0,0.0,36.0,53.0,53.0,516.0,0,14,44,58,-0.136,-0.0885,-0.043,-0.028,-0.017,-4.796,6,0.0,0.0,53.0,53.0,53.0,78.0,0,2,4,6,0.011,0.040999999999999995,0.066,0.066,0.066,0.241,201,-71.0,0.0,0.0,0.0,22.0,-3514.0,55,2,144,201,-0.133,-0.038,-0.006,-0.003,-0.001,-7.99,384,-72.0,0.0,0.0,0.0,33.0,-3878.0,75,10,299,384,0.0,0.043,0.07,0.074,0.078,15.882,4032,-72.0,0.0,12.0,23.0,36.0,-22418.0,582,428,3022,4032,-0.133,0.357,0.894,1.023,1.334,1673.434
A_X088_Y116,88,116,76,100,100,132,297.0,128.0,1.0,825,13200,11198,2002,0.1528787878787879,"{""X2Y1"": 280, ""X2Y2"": 182, ""X3Y1"": 220, ""X3Y2"": 143}",True,NOT_PROVEN_WITHOUT_MOVED_FF_CONTROL_SET_REPLAY,NOT_PROVEN_READ_ONLY_SITE_INVENTORY_ONLY,0,FEATURE_BIN_3,16,6D6B2605916DFCDD525A27838AC825D18C62B807369D6E6322040D77ED73CF54,True,,False,False,U_NEG_UPSTREAM_WORSENING;U_PASS_UPSTREAM_INCREASE;D_NEG_NO_MEDIAN_IMPROVEMENT,,False,False,False,True,"[0.0, 30.0, 14.0, 2.0, 0.0, 0.0, 0.0, 0.0, 16.0]",58,0.0,0.0,30.0,53.0,53.0,452.0,0,14,44,58,-0.136,-0.0885,-0.043,-0.028,-0.017,-4.796,6,0.0,0.0,48.0,48.0,48.0,63.0,0,2,4,6,0.011,0.040999999999999995,0.066,0.066,0.066,0.241,201,-66.0,0.0,0.0,0.0,28.0,-1440.0,27,3,171,201,-0.133,-0.038,-0.006,-0.003,-0.001,-7.99,384,-66.0,0.0,0.0,12.0,29.0,-3585.0,78,21,285,384,0.0,0.043,0.07,0.074,0.078,15.882,4032,-66.0,0.0,18.0,27.0,46.0,-17384.0,532,455,3045,4032,-0.133,0.357,0.894,1.023,1.334,1673.434
A_X092_Y076,92,76,80,104,60,92,309.0,169.0,1.0,825,13200,10731,2469,0.1918939393939394,"{""X2Y1"": 330, ""X3Y1"": 495}",True,NOT_PROVEN_WITHOUT_MOVED_FF_CONTROL_SET_REPLAY,NOT_PROVEN_READ_ONLY_SITE_INVENTORY_ONLY,64,ALL_64,64,A49D88051B2D2E5D1255D4F806A7569CDA9B33A650A908566197031349AD8DB4,True,,False,False,U_NEG_UPSTREAM_WORSENING;U_PASS_UPSTREAM_INCREASE,,False,False,True,True,"[94.0, 116.0, 58.0, 6.0, -76.0, -19.0, -68.0, -27.0, 64.0]",58,56.0,94.0,116.0,120.0,124.0,5515.0,0,58,0,58,-0.136,-0.0885,-0.043,-0.028,-0.017,-4.796,6,68.0,100.0,116.0,116.0,116.0,568.0,0,6,0,6,0.011,0.040999999999999995,0.066,0.066,0.066,0.241,201,-122.0,-76.0,-19.0,8.0,85.0,-13619.0,186,15,0,201,-0.133,-0.038,-0.006,-0.003,-0.001,-7.99,384,-123.0,-68.0,9.0,28.0,83.0,-22122.0,335,48,1,384,0.0,0.043,0.07,0.074,0.078,15.882,4032,-138.0,-27.0,66.0,75.0,103.0,-76292.0,2379,1623,30,4032,-0.133,0.357,0.894,1.023,1.334,1673.434
A_X092_Y076,92,76,80,104,60,92,309.0,169.0,1.0,825,13200,10731,2469,0.18871212121212122,"{""X2Y1"": 330, ""X3Y1"": 495}",True,NOT_PROVEN_WITHOUT_MOVED_FF_CONTROL_SET_REPLAY,NOT_PROVEN_READ_ONLY_SITE_INVENTORY_ONLY,22,DEST_X2Y1_MAJOR,22,EC8295A18CFB3214990035A3C2A8A03B2248BEA56069D816345F1D2C0CC4741A,True,,False,False,U_NEG_UPSTREAM_WORSENING;D_NEG_NO_MEDIAN_IMPROVEMENT,,False,True,False,True,"[0.0, 106.0, 22.0, 0.0, 0.0, 0.0, 0.0, 0.0, 22.0]",58,0.0,0.0,106.0,115.0,116.0,2007.0,0,22,36,58,-0.136,-0.0885,-0.043,-0.028,-0.017,-4.796,6,0.0,0.0,0.0,0.0,0.0,0.0,0,0,6,6,0.011,0.040999999999999995,0.066,0.066,0.066,0.241,201,-116.0,0.0,0.0,1.0,85.0,-2855.0,52,13,136,201,-0.133,-0.038,-0.006,-0.003,-0.001,-7.99,384,-119.0,0.0,0.0,17.0,83.0,-6271.0,113,29,242,384,0.0,0.043,0.07,0.074,0.078,15.882,4032,-125.0,0.0,31.0,59.0,103.0,-24770.0,820,558,2654,4032,-0.133,0.357,0.894,1.023,1.334,1673.434
A_X092_Y076,92,76,80,104,60,92,309.0,169.0,1.0,825,13200,10731,2469,0.18856060606060607,"{""X2Y1"": 330, ""X3Y1"": 495}",True,NOT_PROVEN_WITHOUT_MOVED_FF_CONTROL_SET_REPLAY,NOT_PROVEN_READ_ONLY_SITE_INVENTORY_ONLY,20,DEST_X3Y1_MAJOR,20,D8DF451BC1C4EF6032E28F4D3065B488CCF48FA9921667AB64B2E0E8D05D4049,True,,False,False,U_NEG_UPSTREAM_WORSENING;U_PASS_UPSTREAM_INCREASE,,False,False,True,True,"[0.0, 103.0, 15.0, 5.0, -58.0, 0.0, 0.0, 0.0, 20.0]",58,0.0,0.0,103.0,108.0,124.0,1479.0,0,15,43,58,-0.136,-0.0885,-0.043,-0.028,-0.017,-4.796,6,0.0,88.5,116.0,116.0,116.0,467.0,0,5,1,6,0.011,0.040999999999999995,0.066,0.066,0.066,0.241,201,-122.0,-58.0,0.0,0.0,40.0,-10056.0,124,2,75,201,-0.133,-0.038,-0.006,-0.003,-0.001,-7.99,384,-123.0,0.0,0.0,0.0,44.0,-11252.0,155,14,215,384,0.0,0.043,0.07,0.074,0.078,15.882,4032,-131.0,0.0,20.0,52.0,102.0,-24350.0,740,510,2782,4032,-0.133,0.357,0.894,1.023,1.334,1673.434
A_X092_Y076,92,76,80,104,60,92,309.0,169.0,1.0,825,13200,10731,2469,0.18871212121212122,"{""X2Y1"": 330, ""X3Y1"": 495}",True,NOT_PROVEN_WITHOUT_MOVED_FF_CONTROL_SET_REPLAY,NOT_PROVEN_READ_ONLY_SITE_INVENTORY_ONLY,22,DEST_MIXED_OR_OTHER,22,62A80A6BF2780309EBB7ACB65499DC33F9E420F49ABAF670FF853CD53D650A7D,True,,False,False,U_NEG_UPSTREAM_WORSENING;U_PASS_UPSTREAM_INCREASE;D_NEG_NO_MEDIAN_IMPROVEMENT,,False,False,False,True,"[0.0, 106.0, 21.0, 1.0, 0.0, 0.0, 0.0, 0.0, 22.0]",58,0.0,0.0,106.0,115.0,123.0,2029.0,0,21,37,58,-0.136,-0.0885,-0.043,-0.028,-0.017,-4.796,6,0.0,0.0,101.0,101.0,101.0,101.0,0,1,5,6,0.011,0.040999999999999995,0.066,0.066,0.066,0.241,201,-119.0,0.0,0.0,0.0,0.0,-708.0,10,0,191,201,-0.133,-0.038,-0.006,-0.003,-0.001,-7.99,384,-120.0,0.0,0.0,0.0,50.0,-4599.0,67,5,312,384,0.0,0.043,0.07,0.074,0.078,15.882,4032,-138.0,0.0,32.0,57.0,100.0,-27172.0,819,555,2658,4032,-0.133,0.357,0.894,1.023,1.334,1673.434
A_X092_Y076,92,76,80,104,60,92,309.0,169.0,1.0,825,13200,10731,2469,0.18825757575757576,"{""X2Y1"": 330, ""X3Y1"": 495}",True,NOT_PROVEN_WITHOUT_MOVED_FF_CONTROL_SET_REPLAY,NOT_PROVEN_READ_ONLY_SITE_INVENTORY_ONLY,16,FEATURE_BIN_0,16,25AFEB422DB3BDBEF4DCE97A6D1274116E7B27A3B94E395D479DC22D3DE14FFD,True,,False,False,U_NEG_UPSTREAM_WORSENING;D_NEG_NO_MEDIAN_IMPROVEMENT,,False,True,False,True,"[0.0, 103.0, 16.0, 0.0, 0.0, 0.0, 0.0, 0.0, 16.0]",58,0.0,0.0,103.0,115.0,123.0,1633.0,0,16,42,58,-0.136,-0.0885,-0.043,-0.028,-0.017,-4.796,6,0.0,0.0,0.0,0.0,0.0,0.0,0,0,6,6,0.011,0.040999999999999995,0.066,0.066,0.066,0.241,201,-120.0,0.0,0.0,0.0,85.0,-4202.0,59,5,137,201,-0.133,-0.038,-0.006,-0.003,-0.001,-7.99,384,-120.0,0.0,0.0,0.0,83.0,-5856.0,80,16,288,384,0.0,0.043,0.07,0.074,0.078,15.882,4032,-138.0,0.0,3.0,44.0,103.0,-22802.0,586,423,3023,4032,-0.133,0.357,0.894,1.023,1.334,1673.434
A_X092_Y076,92,76,80,104,60,92,309.0,169.0,1.0,825,13200,10731,2469,0.18825757575757576,"{""X2Y1"": 330, ""X3Y1"": 495}",True,NOT_PROVEN_WITHOUT_MOVED_FF_CONTROL_SET_REPLAY,NOT_PROVEN_READ_ONLY_SITE_INVENTORY_ONLY,16,FEATURE_BIN_1,16,863B9B0389C1B994C73ED0C57EC56A84FD6D317708E59D47B391DA86E44D3A8E,True,,False,False,U_NEG_UPSTREAM_WORSENING;U_PASS_UPSTREAM_INCREASE;D_NEG_NO_MEDIAN_IMPROVEMENT,,False,False,False,True,"[0.0, 108.0, 14.0, 2.0, 0.0, 0.0, 0.0, 0.0, 16.0]",58,0.0,0.0,108.0,116.0,124.0,1430.0,0,14,44,58,-0.136,-0.0885,-0.043,-0.028,-0.017,-4.796,6,0.0,0.0,116.0,116.0,116.0,215.0,0,2,4,6,0.011,0.040999999999999995,0.066,0.066,0.066,0.241,201,-118.0,0.0,0.0,0.0,48.0,-3122.0,41,7,153,201,-0.133,-0.038,-0.006,-0.003,-0.001,-7.99,384,-123.0,0.0,0.0,0.0,49.0,-6363.0,90,14,280,384,0.0,0.043,0.07,0.074,0.078,15.882,4032,-131.0,0.0,5.0,49.0,102.0,-18330.0,587,423,3022,4032,-0.133,0.357,0.894,1.023,1.334,1673.434
A_X092_Y076,92,76,80,104,60,92,309.0,169.0,1.0,825,13200,10731,2469,0.18825757575757576,"{""X2Y1"": 330, ""X3Y1"": 495}",True,NOT_PROVEN_WITHOUT_MOVED_FF_CONTROL_SET_REPLAY,NOT_PROVEN_READ_ONLY_SITE_INVENTORY_ONLY,16,FEATURE_BIN_2,16,18F6AC63D50EACD2B5F6CC669CA58252595A0313B759D7A0EC563D4D8CFF4410,True,,False,False,U_NEG_UPSTREAM_WORSENING;U_PASS_UPSTREAM_INCREASE;D_NEG_NO_MEDIAN_IMPROVEMENT,,False,False,False,True,"[0.0, 89.0, 14.0, 2.0, 0.0, 0.0, 0.0, 0.0, 16.0]",58,0.0,0.0,89.0,106.0,106.0,1258.0,0,14,44,58,-0.136,-0.0885,-0.043,-0.028,-0.017,-4.796,6,0.0,0.0,106.0,106.0,106.0,184.0,0,2,4,6,0.011,0.040999999999999995,0.066,0.066,0.066,0.241,201,-122.0,0.0,0.0,0.0,40.0,-4377.0,55,2,144,201,-0.133,-0.038,-0.006,-0.003,-0.001,-7.99,384,-116.0,0.0,0.0,0.0,44.0,-5003.0,77,8,299,384,0.0,0.043,0.07,0.074,0.078,15.882,4032,-122.0,0.0,0.0,43.0,89.0,-20290.0,606,400,3026,4032,-0.133,0.357,0.894,1.023,1.334,1673.434
A_X092_Y076,92,76,80,104,60,92,309.0,169.0,1.0,825,13200,10731,2469,0.18825757575757576,"{""X2Y1"": 330, ""X3Y1"": 495}",True,NOT_PROVEN_WITHOUT_MOVED_FF_CONTROL_SET_REPLAY,NOT_PROVEN_READ_ONLY_SITE_INVENTORY_ONLY,16,FEATURE_BIN_3,16,6D6B2605916DFCDD525A27838AC825D18C62B807369D6E6322040D77ED73CF54,True,,False,False,U_NEG_UPSTREAM_WORSENING;U_PASS_UPSTREAM_INCREASE;D_NEG_NO_MEDIAN_IMPROVEMENT,,False,False,False,True,"[0.0, 83.0, 14.0, 2.0, 0.0, 0.0, 0.0, 0.0, 16.0]",58,0.0,0.0,83.0,106.0,106.0,1194.0,0,14,44,58,-0.136,-0.0885,-0.043,-0.028,-0.017,-4.796,6,0.0,0.0,101.0,101.0,101.0,169.0,0,2,4,6,0.011,0.040999999999999995,0.066,0.066,0.066,0.241,201,-119.0,0.0,0.0,0.0,34.0,-1918.0,31,1,169,201,-0.133,-0.038,-0.006,-0.003,-0.001,-7.99,384,-119.0,0.0,0.0,0.0,44.0,-4900.0,88,10,286,384,0.0,0.043,0.07,0.074,0.078,15.882,4032,-119.0,0.0,0.0,43.0,99.0,-14870.0,600,377,3055,4032,-0.133,0.357,0.894,1.023,1.334,1673.434
A_X092_Y080,92,80,80,104,64,96,309.0,165.0,1.0,825,13200,10298,2902,0.2246969696969697,"{""X2Y1"": 330, ""X3Y1"": 495}",True,NOT_PROVEN_WITHOUT_MOVED_FF_CONTROL_SET_REPLAY,NOT_PROVEN_READ_ONLY_SITE_INVENTORY_ONLY,64,ALL_64,64,A49D88051B2D2E5D1255D4F806A7569CDA9B33A650A908566197031349AD8DB4,True,,False,False,U_NEG_UPSTREAM_WORSENING;U_PASS_UPSTREAM_INCREASE,,False,False,True,True,"[90.0, 112.0, 58.0, 6.0, -75.0, -21.0, -70.0, -29.0, 64.0]",58,52.0,90.0,112.0,116.0,120.0,5283.0,0,58,0,58,-0.136,-0.0885,-0.043,-0.028,-0.017,-4.796,6,64.0,96.0,112.0,112.0,112.0,544.0,0,6,0,6,0.011,0.040999999999999995,0.066,0.066,0.066,0.241,201,-120.0,-75.0,-21.0,6.0,81.0,-14107.0,185,16,0,201,-0.133,-0.038,-0.006,-0.003,-0.001,-7.99,384,-124.0,-70.0,10.0,24.0,79.0,-22928.0,329,54,1,384,0.0,0.043,0.07,0.074,0.078,15.882,4032,-140.0,-29.0,62.0,71.0,99.0,-87604.0,2360,1659,13,4032,-0.133,0.357,0.894,1.023,1.334,1673.434
A_X092_Y080,92,80,80,104,64,96,309.0,165.0,1.0,825,13200,10298,2902,0.22151515151515153,"{""X2Y1"": 330, ""X3Y1"": 495}",True,NOT_PROVEN_WITHOUT_MOVED_FF_CONTROL_SET_REPLAY,NOT_PROVEN_READ_ONLY_SITE_INVENTORY_ONLY,22,DEST_X2Y1_MAJOR,22,EC8295A18CFB3214990035A3C2A8A03B2248BEA56069D816345F1D2C0CC4741A,True,,False,False,U_NEG_UPSTREAM_WORSENING;D_NEG_NO_MEDIAN_IMPROVEMENT,,False,True,False,True,"[0.0, 102.0, 22.0, 0.0, 0.0, 0.0, 0.0, 0.0, 22.0]",58,0.0,0.0,102.0,111.0,112.0,1919.0,0,22,36,58,-0.136,-0.0885,-0.043,-0.028,-0.017,-4.796,6,0.0,0.0,0.0,0.0,0.0,0.0,0,0,6,6,0.011,0.040999999999999995,0.066,0.066,0.066,0.241,201,-118.0,0.0,0.0,5.0,81.0,-2963.0,51,14,136,201,-0.133,-0.038,-0.006,-0.003,-0.001,-7.99,384,-115.0,0.0,0.0,13.0,79.0,-6591.0,110,32,242,384,0.0,0.043,0.07,0.074,0.078,15.882,4032,-123.0,0.0,27.0,55.0,99.0,-28726.0,807,575,2650,4032,-0.133,0.357,0.894,1.023,1.334,1673.434
A_X092_Y080,92,80,80,104,64,96,309.0,165.0,1.0,825,13200,10298,2902,0.22136363636363637,"{""X2Y1"": 330, ""X3Y1"": 495}",True,NOT_PROVEN_WITHOUT_MOVED_FF_CONTROL_SET_REPLAY,NOT_PROVEN_READ_ONLY_SITE_INVENTORY_ONLY,20,DEST_X3Y1_MAJOR,20,D8DF451BC1C4EF6032E28F4D3065B488CCF48FA9921667AB64B2E0E8D05D4049,True,,False,False,U_NEG_UPSTREAM_WORSENING;U_PASS_UPSTREAM_INCREASE,,False,False,True,True,"[0.0, 99.0, 15.0, 5.0, -62.0, 0.0, 0.0, 0.0, 20.0]",58,0.0,0.0,99.0,104.0,120.0,1419.0,0,15,43,58,-0.136,-0.0885,-0.043,-0.028,-0.017,-4.796,6,0.0,84.5,112.0,112.0,112.0,447.0,0,5,1,6,0.011,0.040999999999999995,0.066,0.066,0.066,0.241,201,-120.0,-62.0,0.0,0.0,36.0,-10412.0,124,2,75,201,-0.133,-0.038,-0.006,-0.003,-0.001,-7.99,384,-120.0,0.0,0.0,0.0,40.0,-11644.0,155,13,216,384,0.0,0.043,0.07,0.074,0.078,15.882,4032,-133.0,0.0,16.0,48.0,98.0,-27876.0,742,507,2783,4032,-0.133,0.357,0.894,1.023,1.334,1673.434
A_X092_Y080,92,80,80,104,64,96,309.0,165.0,1.0,825,13200,10298,2902,0.22151515151515153,"{""X2Y1"": 330, ""X3Y1"": 495}",True,NOT_PROVEN_WITHOUT_MOVED_FF_CONTROL_SET_REPLAY,NOT_PROVEN_READ_ONLY_SITE_INVENTORY_ONLY,22,DEST_MIXED_OR_OTHER,22,62A80A6BF2780309EBB7ACB65499DC33F9E420F49ABAF670FF853CD53D650A7D,True,,False,False,U_NEG_UPSTREAM_WORSENING;U_PASS_UPSTREAM_INCREASE;D_NEG_NO_MEDIAN_IMPROVEMENT,,False,False,False,True,"[0.0, 102.0, 21.0, 1.0, 0.0, 0.0, 0.0, 0.0, 22.0]",58,0.0,0.0,102.0,111.0,119.0,1945.0,0,21,37,58,-0.136,-0.0885,-0.043,-0.028,-0.017,-4.796,6,0.0,0.0,97.0,97.0,97.0,97.0,0,1,5,6,0.011,0.040999999999999995,0.066,0.066,0.066,0.241,201,-115.0,0.0,0.0,0.0,0.0,-732.0,10,0,191,201,-0.133,-0.038,-0.006,-0.003,-0.001,-7.99,384,-124.0,0.0,0.0,0.0,46.0,-4693.0,64,9,311,384,0.0,0.043,0.07,0.074,0.078,15.882,4032,-140.0,0.0,28.0,53.0,96.0,-31002.0,811,577,2644,4032,-0.133,0.357,0.894,1.023,1.334,1673.434
A_X092_Y080,92,80,80,104,64,96,309.0,165.0,1.0,825,13200,10298,2902,0.22106060606060607,"{""X2Y1"": 330, ""X3Y1"": 495}",True,NOT_PROVEN_WITHOUT_MOVED_FF_CONTROL_SET_REPLAY,NOT_PROVEN_READ_ONLY_SITE_INVENTORY_ONLY,16,FEATURE_BIN_0,16,25AFEB422DB3BDBEF4DCE97A6D1274116E7B27A3B94E395D479DC22D3DE14FFD,True,,False,False,U_NEG_UPSTREAM_WORSENING;D_NEG_NO_MEDIAN_IMPROVEMENT,,False,True,False,True,"[0.0, 99.0, 16.0, 0.0, 0.0, 0.0, 0.0, 0.0, 16.0]",58,0.0,0.0,99.0,111.0,119.0,1569.0,0,16,42,58,-0.136,-0.0885,-0.043,-0.028,-0.017,-4.796,6,0.0,0.0,0.0,0.0,0.0,0.0,0,0,6,6,0.011,0.040999999999999995,0.066,0.066,0.066,0.241,201,-120.0,0.0,0.0,0.0,81.0,-4398.0,59,5,137,201,-0.133,-0.038,-0.006,-0.003,-0.001,-7.99,384,-124.0,0.0,0.0,0.0,79.0,-6030.0,80,16,288,384,0.0,0.043,0.07,0.074,0.078,15.882,4032,-140.0,0.0,5.0,40.0,99.0,-25676.0,591,421,3020,4032,-0.133,0.357,0.894,1.023,1.334,1673.434
A_X092_Y080,92,80,80,104,64,96,309.0,165.0,1.0,825,13200,10298,2902,0.22106060606060607,"{""X2Y1"": 330, ""X3Y1"": 495}",True,NOT_PROVEN_WITHOUT_MOVED_FF_CONTROL_SET_REPLAY,NOT_PROVEN_READ_ONLY_SITE_INVENTORY_ONLY,16,FEATURE_BIN_1,16,863B9B0389C1B994C73ED0C57EC56A84FD6D317708E59D47B391DA86E44D3A8E,True,,False,False,U_NEG_UPSTREAM_WORSENING;U_PASS_UPSTREAM_INCREASE;D_NEG_NO_MEDIAN_IMPROVEMENT,,False,False,False,True,"[0.0, 104.0, 14.0, 2.0, 0.0, 0.0, 0.0, 0.0, 16.0]",58,0.0,0.0,104.0,112.0,120.0,1374.0,0,14,44,58,-0.136,-0.0885,-0.043,-0.028,-0.017,-4.796,6,0.0,0.0,112.0,112.0,112.0,207.0,0,2,4,6,0.011,0.040999999999999995,0.066,0.066,0.066,0.241,201,-118.0,0.0,0.0,0.0,44.0,-3170.0,41,7,153,201,-0.133,-0.038,-0.006,-0.003,-0.001,-7.99,384,-119.0,0.0,0.0,0.0,45.0,-6589.0,90,14,280,384,0.0,0.043,0.07,0.074,0.078,15.882,4032,-133.0,0.0,5.0,45.0,98.0,-21070.0,577,433,3022,4032,-0.133,0.357,0.894,1.023,1.334,1673.434
A_X092_Y080,92,80,80,104,64,96,309.0,165.0,1.0,825,13200,10298,2902,0.22106060606060607,"{""X2Y1"": 330, ""X3Y1"": 495}",True,NOT_PROVEN_WITHOUT_MOVED_FF_CONTROL_SET_REPLAY,NOT_PROVEN_READ_ONLY_SITE_INVENTORY_ONLY,16,FEATURE_BIN_2,16,18F6AC63D50EACD2B5F6CC669CA58252595A0313B759D7A0EC563D4D8CFF4410,True,,False,False,U_NEG_UPSTREAM_WORSENING;U_PASS_UPSTREAM_INCREASE;D_NEG_NO_MEDIAN_IMPROVEMENT,,False,False,False,True,"[0.0, 85.0, 14.0, 2.0, 0.0, 0.0, 0.0, 0.0, 16.0]",58,0.0,0.0,85.0,102.0,102.0,1202.0,0,14,44,58,-0.136,-0.0885,-0.043,-0.028,-0.017,-4.796,6,0.0,0.0,102.0,102.0,102.0,176.0,0,2,4,6,0.011,0.040999999999999995,0.066,0.066,0.066,0.241,201,-120.0,0.0,0.0,0.0,36.0,-4553.0,55,2,144,201,-0.133,-0.038,-0.006,-0.003,-0.001,-7.99,384,-118.0,0.0,0.0,0.0,40.0,-5217.0,76,8,300,384,0.0,0.043,0.07,0.074,0.078,15.882,4032,-120.0,0.0,0.0,39.0,85.0,-23302.0,617,384,3031,4032,-0.133,0.357,0.894,1.023,1.334,1673.434
A_X092_Y080,92,80,80,104,64,96,309.0,165.0,1.0,825,13200,10298,2902,0.22106060606060607,"{""X2Y1"": 330, ""X3Y1"": 495}",True,NOT_PROVEN_WITHOUT_MOVED_FF_CONTROL_SET_REPLAY,NOT_PROVEN_READ_ONLY_SITE_INVENTORY_ONLY,16,FEATURE_BIN_3,16,6D6B2605916DFCDD525A27838AC825D18C62B807369D6E6322040D77ED73CF54,True,,False,False,U_NEG_UPSTREAM_WORSENING;U_PASS_UPSTREAM_INCREASE;D_NEG_NO_MEDIAN_IMPROVEMENT,,False,False,False,True,"[0.0, 79.0, 14.0, 2.0, 0.0, 0.0, 0.0, 0.0, 16.0]",58,0.0,0.0,79.0,102.0,102.0,1138.0,0,14,44,58,-0.136,-0.0885,-0.043,-0.028,-0.017,-4.796,6,0.0,0.0,97.0,97.0,97.0,161.0,0,2,4,6,0.011,0.040999999999999995,0.066,0.066,0.066,0.241,201,-115.0,0.0,0.0,0.0,30.0,-1986.0,30,2,169,201,-0.133,-0.038,-0.006,-0.003,-0.001,-7.99,384,-115.0,0.0,0.0,0.0,40.0,-5092.0,83,16,285,384,0.0,0.043,0.07,0.074,0.078,15.882,4032,-115.0,0.0,2.0,39.0,95.0,-17556.0,575,421,3036,4032,-0.133,0.357,0.894,1.023,1.334,1673.434
A_X092_Y084,92,84,80,104,68,100,309.0,161.0,1.0,825,13200,10045,3155,0.24386363636363637,"{""X2Y1"": 330, ""X3Y1"": 495}",True,NOT_PROVEN_WITHOUT_MOVED_FF_CONTROL_SET_REPLAY,NOT_PROVEN_READ_ONLY_SITE_INVENTORY_ONLY,64,ALL_64,64,A49D88051B2D2E5D1255D4F806A7569CDA9B33A650A908566197031349AD8DB4,True,,False,False,U_NEG_UPSTREAM_WORSENING;U_PASS_UPSTREAM_INCREASE,,False,False,True,True,"[86.0, 108.0, 58.0, 6.0, -74.0, -21.0, -69.5, -29.0, 64.0]",58,48.0,86.0,108.0,112.0,116.0,5051.0,0,58,0,58,-0.136,-0.0885,-0.043,-0.028,-0.017,-4.796,6,60.0,92.0,108.0,108.0,108.0,520.0,0,6,0,6,0.011,0.040999999999999995,0.066,0.066,0.066,0.241,201,-116.0,-74.0,-21.0,10.0,77.0,-14341.0,185,16,0,201,-0.133,-0.038,-0.006,-0.003,-0.001,-7.99,384,-128.0,-69.5,9.0,20.0,75.0,-23328.0,328,54,2,384,0.0,0.043,0.07,0.074,0.078,15.882,4032,-136.0,-29.0,58.0,67.0,95.0,-95954.0,2314,1690,28,4032,-0.133,0.357,0.894,1.023,1.334,1673.434
A_X092_Y084,92,84,80,104,68,100,309.0,161.0,1.0,825,13200,10045,3155,0.2406818181818182,"{""X2Y1"": 330, ""X3Y1"": 495}",True,NOT_PROVEN_WITHOUT_MOVED_FF_CONTROL_SET_REPLAY,NOT_PROVEN_READ_ONLY_SITE_INVENTORY_ONLY,22,DEST_X2Y1_MAJOR,22,EC8295A18CFB3214990035A3C2A8A03B2248BEA56069D816345F1D2C0CC4741A,True,,False,False,U_NEG_UPSTREAM_WORSENING;D_NEG_NO_MEDIAN_IMPROVEMENT,,False,True,False,True,"[0.0, 98.0, 22.0, 0.0, 0.0, 0.0, 0.0, 0.0, 22.0]",58,0.0,0.0,98.0,107.0,108.0,1831.0,0,22,36,58,-0.136,-0.0885,-0.043,-0.028,-0.017,-4.796,6,0.0,0.0,0.0,0.0,0.0,0.0,0,0,6,6,0.011,0.040999999999999995,0.066,0.066,0.066,0.241,201,-116.0,0.0,0.0,9.0,77.0,-2933.0,51,14,136,201,-0.133,-0.038,-0.006,-0.003,-0.001,-7.99,384,-111.0,0.0,0.0,10.0,75.0,-6715.0,109,32,243,384,0.0,0.043,0.07,0.074,0.078,15.882,4032,-119.0,0.0,23.0,51.0,95.0,-31586.0,790,586,2656,4032,-0.133,0.357,0.894,1.023,1.334,1673.434
A_X092_Y084,92,84,80,104,68,100,309.0,161.0,1.0,825,13200,10045,3155,0.24053030303030304,"{""X2Y1"": 330, ""X3Y1"": 495}",True,NOT_PROVEN_WITHOUT_MOVED_FF_CONTROL_SET_REPLAY,NOT_PROVEN_READ_ONLY_SITE_INVENTORY_ONLY,20,DEST_X3Y1_MAJOR,20,D8DF451BC1C4EF6032E28F4D3065B488CCF48FA9921667AB64B2E0E8D05D4049,True,,False,False,U_NEG_UPSTREAM_WORSENING;U_PASS_UPSTREAM_INCREASE,,False,False,True,True,"[0.0, 95.0, 15.0, 5.0, -66.0, 0.0, 0.0, 0.0, 20.0]",58,0.0,0.0,95.0,100.0,116.0,1359.0,0,15,43,58,-0.136,-0.0885,-0.043,-0.028,-0.017,-4.796,6,0.0,80.5,108.0,108.0,108.0,427.0,0,5,1,6,0.011,0.040999999999999995,0.066,0.066,0.066,0.241,201,-116.0,-66.0,0.0,0.0,32.0,-10654.0,124,2,75,201,-0.133,-0.038,-0.006,-0.003,-0.001,-7.99,384,-121.0,0.0,0.0,0.0,36.0,-11888.0,155,13,216,384,0.0,0.043,0.07,0.074,0.078,15.882,4032,-129.0,0.0,17.0,44.0,94.0,-30472.0,718,528,2786,4032,-0.133,0.357,0.894,1.023,1.334,1673.434
A_X092_Y084,92,84,80,104,68,100,309.0,161.0,1.0,825,13200,10045,3155,0.2406818181818182,"{""X2Y1"": 330, ""X3Y1"": 495}",True,NOT_PROVEN_WITHOUT_MOVED_FF_CONTROL_SET_REPLAY,NOT_PROVEN_READ_ONLY_SITE_INVENTORY_ONLY,22,DEST_MIXED_OR_OTHER,22,62A80A6BF2780309EBB7ACB65499DC33F9E420F49ABAF670FF853CD53D650A7D,True,,False,False,U_NEG_UPSTREAM_WORSENING;U_PASS_UPSTREAM_INCREASE;D_NEG_NO_MEDIAN_IMPROVEMENT,,False,False,False,True,"[0.0, 98.0, 21.0, 1.0, 0.0, 0.0, 0.0, 0.0, 22.0]",58,0.0,0.0,98.0,107.0,115.0,1861.0,0,21,37,58,-0.136,-0.0885,-0.043,-0.028,-0.017,-4.796,6,0.0,0.0,93.0,93.0,93.0,93.0,0,1,5,6,0.011,0.040999999999999995,0.066,0.066,0.066,0.241,201,-111.0,0.0,0.0,0.0,0.0,-754.0,10,0,191,201,-0.133,-0.038,-0.006,-0.003,-0.001,-7.99,384,-128.0,0.0,0.0,0.0,42.0,-4725.0,64,9,311,384,0.0,0.043,0.07,0.074,0.078,15.882,4032,-136.0,0.0,24.0,49.0,92.0,-33896.0,806,576,2650,4032,-0.133,0.357,0.894,1.023,1.334,1673.434
A_X092_Y084,92,84,80,104,68,100,309.0,161.0,1.0,825,13200,10045,3155,0.24022727272727273,"{""X2Y1"": 330, ""X3Y1"": 495}",True,NOT_PROVEN_WITHOUT_MOVED_FF_CONTROL_SET_REPLAY,NOT_PROVEN_READ_ONLY_SITE_INVENTORY_ONLY,16,FEATURE_BIN_0,16,25AFEB422DB3BDBEF4DCE97A6D1274116E7B27A3B94E395D479DC22D3DE14FFD,True,,False,False,U_NEG_UPSTREAM_WORSENING;D_NEG_NO_MEDIAN_IMPROVEMENT,,False,True,False,True,"[0.0, 95.0, 16.0, 0.0, 0.0, 0.0, 0.0, 0.0, 16.0]",58,0.0,0.0,95.0,107.0,115.0,1505.0,0,16,42,58,-0.136,-0.0885,-0.043,-0.028,-0.017,-4.796,6,0.0,0.0,0.0,0.0,0.0,0.0,0,0,6,6,0.011,0.040999999999999995,0.066,0.066,0.066,0.241,201,-116.0,0.0,0.0,0.0,77.0,-4532.0,59,5,137,201,-0.133,-0.038,-0.006,-0.003,-0.001,-7.99,384,-128.0,0.0,0.0,0.0,75.0,-6142.0,80,16,288,384,0.0,0.043,0.07,0.074,0.078,15.882,4032,-136.0,0.0,7.0,36.0,95.0,-27800.0,596,414,3022,4032,-0.133,0.357,0.894,1.023,1.334,1673.434
A_X092_Y084,92,84,80,104,68,100,309.0,161.0,1.0,825,13200,10045,3155,0.24022727272727273,"{""X2Y1"": 330, ""X3Y1"": 495}",True,NOT_PROVEN_WITHOUT_MOVED_FF_CONTROL_SET_REPLAY,NOT_PROVEN_READ_ONLY_SITE_INVENTORY_ONLY,16,FEATURE_BIN_1,16,863B9B0389C1B994C73ED0C57EC56A84FD6D317708E59D47B391DA86E44D3A8E,True,,False,False,U_NEG_UPSTREAM_WORSENING;U_PASS_UPSTREAM_INCREASE;D_NEG_NO_MEDIAN_IMPROVEMENT,,False,False,False,True,"[0.0, 100.0, 14.0, 2.0, 0.0, 0.0, 0.0, 0.0, 16.0]",58,0.0,0.0,100.0,108.0,116.0,1318.0,0,14,44,58,-0.136,-0.0885,-0.043,-0.028,-0.017,-4.796,6,0.0,0.0,108.0,108.0,108.0,199.0,0,2,4,6,0.011,0.040999999999999995,0.066,0.066,0.066,0.241,201,-116.0,0.0,0.0,0.0,40.0,-3164.0,41,7,153,201,-0.133,-0.038,-0.006,-0.003,-0.001,-7.99,384,-121.0,0.0,0.0,0.0,41.0,-6699.0,90,14,280,384,0.0,0.043,0.07,0.074,0.078,15.882,4032,-129.0,0.0,8.0,41.0,94.0,-23036.0,582,430,3020,4032,-0.133,0.357,0.894,1.023,1.334,1673.434
A_X092_Y084,92,84,80,104,68,100,309.0,161.0,1.0,825,13200,10045,3155,0.24022727272727273,"{""X2Y1"": 330, ""X3Y1"": 495}",True,NOT_PROVEN_WITHOUT_MOVED_FF_CONTROL_SET_REPLAY,NOT_PROVEN_READ_ONLY_SITE_INVENTORY_ONLY,16,FEATURE_BIN_2,16,18F6AC63D50EACD2B5F6CC669CA58252595A0313B759D7A0EC563D4D8CFF4410,True,,False,False,U_NEG_UPSTREAM_WORSENING;U_PASS_UPSTREAM_INCREASE;D_NEG_NO_MEDIAN_IMPROVEMENT,,False,False,False,True,"[0.0, 81.0, 14.0, 2.0, 0.0, 0.0, 0.0, 0.0, 16.0]",58,0.0,0.0,81.0,98.0,98.0,1146.0,0,14,44,58,-0.136,-0.0885,-0.043,-0.028,-0.017,-4.796,6,0.0,0.0,98.0,98.0,98.0,168.0,0,2,4,6,0.011,0.040999999999999995,0.066,0.066,0.066,0.241,201,-116.0,0.0,0.0,0.0,32.0,-4659.0,55,2,144,201,-0.133,-0.038,-0.006,-0.003,-0.001,-7.99,384,-114.0,0.0,0.0,0.0,36.0,-5317.0,75,8,301,384,0.0,0.043,0.07,0.074,0.078,15.882,4032,-116.0,0.0,1.0,35.0,81.0,-25464.0,576,414,3042,4032,-0.133,0.357,0.894,1.023,1.334,1673.434
A_X092_Y084,92,84,80,104,68,100,309.0,161.0,1.0,825,13200,10045,3155,0.24022727272727273,"{""X2Y1"": 330, ""X3Y1"": 495}",True,NOT_PROVEN_WITHOUT_MOVED_FF_CONTROL_SET_REPLAY,NOT_PROVEN_READ_ONLY_SITE_INVENTORY_ONLY,16,FEATURE_BIN_3,16,6D6B2605916DFCDD525A27838AC825D18C62B807369D6E6322040D77ED73CF54,True,,False,False,U_NEG_UPSTREAM_WORSENING;U_PASS_UPSTREAM_INCREASE;D_NEG_NO_MEDIAN_IMPROVEMENT,,False,False,False,True,"[0.0, 75.0, 14.0, 2.0, 0.0, 0.0, 0.0, 0.0, 16.0]",58,0.0,0.0,75.0,98.0,98.0,1082.0,0,14,44,58,-0.136,-0.0885,-0.043,-0.028,-0.017,-4.796,6,0.0,0.0,93.0,93.0,93.0,153.0,0,2,4,6,0.011,0.040999999999999995,0.066,0.066,0.066,0.241,201,-111.0,0.0,0.0,0.0,26.0,-1986.0,30,2,169,201,-0.133,-0.038,-0.006,-0.003,-0.001,-7.99,384,-111.0,0.0,0.0,0.0,36.0,-5170.0,83,16,285,384,0.0,0.043,0.07,0.074,0.078,15.882,4032,-111.0,0.0,5.0,35.0,91.0,-19654.0,560,432,3040,4032,-0.133,0.357,0.894,1.023,1.334,1673.434
A_X092_Y088,92,88,80,104,72,104,309.0,157.0,1.0,825,13200,9820,3380,0.2609090909090909,"{""X2Y1"": 330, ""X3Y1"": 495}",True,NOT_PROVEN_WITHOUT_MOVED_FF_CONTROL_SET_REPLAY,NOT_PROVEN_READ_ONLY_SITE_INVENTORY_ONLY,64,ALL_64,64,A49D88051B2D2E5D1255D4F806A7569CDA9B33A650A908566197031349AD8DB4,True,,False,False,U_NEG_UPSTREAM_WORSENING;U_PASS_UPSTREAM_INCREASE,,False,False,True,True,"[82.0, 104.0, 58.0, 6.0, -77.0, -17.0, -72.0, -29.0, 64.0]",58,44.0,82.0,104.0,108.0,112.0,4819.0,0,58,0,58,-0.136,-0.0885,-0.043,-0.028,-0.017,-4.796,6,56.0,88.0,104.0,104.0,104.0,496.0,0,6,0,6,0.011,0.040999999999999995,0.066,0.066,0.066,0.241,201,-115.0,-77.0,-17.0,13.0,73.0,-14417.0,183,18,0,201,-0.133,-0.038,-0.006,-0.003,-0.001,-7.99,384,-132.0,-72.0,11.0,18.0,71.0,-23486.0,324,60,0,384,0.0,0.043,0.07,0.074,0.078,15.882,4032,-132.0,-29.0,54.0,63.0,91.0,-102178.0,2294,1732,6,4032,-0.133,0.357,0.894,1.023,1.334,1673.434
A_X092_Y088,92,88,80,104,72,104,309.0,157.0,1.0,825,13200,9820,3380,0.25772727272727275,"{""X2Y1"": 330, ""X3Y1"": 495}",True,NOT_PROVEN_WITHOUT_MOVED_FF_CONTROL_SET_REPLAY,NOT_PROVEN_READ_ONLY_SITE_INVENTORY_ONLY,22,DEST_X2Y1_MAJOR,22,EC8295A18CFB3214990035A3C2A8A03B2248BEA56069D816345F1D2C0CC4741A,True,,False,False,U_NEG_UPSTREAM_WORSENING;D_NEG_NO_MEDIAN_IMPROVEMENT,,False,True,False,True,"[0.0, 94.0, 22.0, 0.0, 0.0, 0.0, 0.0, 0.0, 22.0]",58,0.0,0.0,94.0,103.0,104.0,1743.0,0,22,36,58,-0.136,-0.0885,-0.043,-0.028,-0.017,-4.796,6,0.0,0.0,0.0,0.0,0.0,0.0,0,0,6,6,0.011,0.040999999999999995,0.066,0.066,0.066,0.241,201,-112.0,0.0,0.0,13.0,73.0,-2857.0,49,16,136,201,-0.133,-0.038,-0.006,-0.003,-0.001,-7.99,384,-113.0,0.0,0.0,12.0,71.0,-6767.0,105,37,242,384,0.0,0.043,0.07,0.074,0.078,15.882,4032,-117.0,0.0,19.0,47.0,91.0,-33630.0,776,608,2648,4032,-0.133,0.357,0.894,1.023,1.334,1673.434
A_X092_Y088,92,88,80,104,72,104,309.0,157.0,1.0,825,13200,9820,3380,0.25757575757575757,"{""X2Y1"": 330, ""X3Y1"": 495}",True,NOT_PROVEN_WITHOUT_MOVED_FF_CONTROL_SET_REPLAY,NOT_PROVEN_READ_ONLY_SITE_INVENTORY_ONLY,20,DEST_X3Y1_MAJOR,20,D8DF451BC1C4EF6032E28F4D3065B488CCF48FA9921667AB64B2E0E8D05D4049,True,,False,False,U_NEG_UPSTREAM_WORSENING;U_PASS_UPSTREAM_INCREASE,,False,False,True,True,"[0.0, 91.0, 15.0, 5.0, -69.0, 0.0, 0.0, 0.0, 20.0]",58,0.0,0.0,91.0,96.0,112.0,1299.0,0,15,43,58,-0.136,-0.0885,-0.043,-0.028,-0.017,-4.796,6,0.0,76.5,104.0,104.0,104.0,407.0,0,5,1,6,0.011,0.040999999999999995,0.066,0.066,0.066,0.241,201,-115.0,-69.0,0.0,0.0,28.0,-10792.0,124,2,75,201,-0.133,-0.038,-0.006,-0.003,-0.001,-7.99,384,-125.0,0.0,0.0,0.0,32.0,-12006.0,155,14,215,384,0.0,0.043,0.07,0.074,0.078,15.882,4032,-125.0,0.0,18.0,40.0,90.0,-32426.0,722,534,2776,4032,-0.133,0.357,0.894,1.023,1.334,1673.434
A_X092_Y088,92,88,80,104,72,104,309.0,157.0,1.0,825,13200,9820,3380,0.25772727272727275,"{""X2Y1"": 330, ""X3Y1"": 495}",True,NOT_PROVEN_WITHOUT_MOVED_FF_CONTROL_SET_REPLAY,NOT_PROVEN_READ_ONLY_SITE_INVENTORY_ONLY,22,DEST_MIXED_OR_OTHER,22,62A80A6BF2780309EBB7ACB65499DC33F9E420F49ABAF670FF853CD53D650A7D,True,,False,False,U_NEG_UPSTREAM_WORSENING;U_PASS_UPSTREAM_INCREASE;D_NEG_NO_MEDIAN_IMPROVEMENT,,False,False,False,True,"[0.0, 94.0, 21.0, 1.0, 0.0, 0.0, 0.0, 0.0, 22.0]",58,0.0,0.0,94.0,103.0,111.0,1777.0,0,21,37,58,-0.136,-0.0885,-0.043,-0.028,-0.017,-4.796,6,0.0,0.0,89.0,89.0,89.0,89.0,0,1,5,6,0.011,0.040999999999999995,0.066,0.066,0.066,0.241,201,-107.0,0.0,0.0,0.0,0.0,-768.0,10,0,191,201,-0.133,-0.038,-0.006,-0.003,-0.001,-7.99,384,-132.0,0.0,0.0,0.0,38.0,-4713.0,64,9,311,384,0.0,0.043,0.07,0.074,0.078,15.882,4032,-132.0,0.0,20.0,45.0,88.0,-36122.0,796,590,2646,4032,-0.133,0.357,0.894,1.023,1.334,1673.434
A_X092_Y088,92,88,80,104,72,104,309.0,157.0,1.0,825,13200,9820,3380,0.25727272727272726,"{""X2Y1"": 330, ""X3Y1"": 495}",True,NOT_PROVEN_WITHOUT_MOVED_FF_CONTROL_SET_REPLAY,NOT_PROVEN_READ_ONLY_SITE_INVENTORY_ONLY,16,FEATURE_BIN_0,16,25AFEB422DB3BDBEF4DCE97A6D1274116E7B27A3B94E395D479DC22D3DE14FFD,True,,False,False,U_NEG_UPSTREAM_WORSENING;D_NEG_NO_MEDIAN_IMPROVEMENT,,False,True,False,True,"[0.0, 91.0, 16.0, 0.0, 0.0, 0.0, 0.0, 0.0, 16.0]",58,0.0,0.0,91.0,103.0,111.0,1441.0,0,16,42,58,-0.136,-0.0885,-0.043,-0.028,-0.017,-4.796,6,0.0,0.0,0.0,0.0,0.0,0.0,0,0,6,6,0.011,0.040999999999999995,0.066,0.066,0.066,0.241,201,-115.0,0.0,0.0,0.0,73.0,-4614.0,57,7,137,201,-0.133,-0.038,-0.006,-0.003,-0.001,-7.99,384,-132.0,0.0,0.0,0.0,71.0,-6164.0,79,17,288,384,0.0,0.043,0.07,0.074,0.078,15.882,4032,-132.0,0.0,5.0,32.0,91.0,-29350.0,600,410,3022,4032,-0.133,0.357,0.894,1.023,1.334,1673.434
A_X092_Y088,92,88,80,104,72,104,309.0,157.0,1.0,825,13200,9820,3380,0.25727272727272726,"{""X2Y1"": 330, ""X3Y1"": 495}",True,NOT_PROVEN_WITHOUT_MOVED_FF_CONTROL_SET_REPLAY,NOT_PROVEN_READ_ONLY_SITE_INVENTORY_ONLY,16,FEATURE_BIN_1,16,863B9B0389C1B994C73ED0C57EC56A84FD6D317708E59D47B391DA86E44D3A8E,True,,False,False,U_NEG_UPSTREAM_WORSENING;U_PASS_UPSTREAM_INCREASE;D_NEG_NO_MEDIAN_IMPROVEMENT,,False,False,False,True,"[0.0, 96.0, 14.0, 2.0, 0.0, 0.0, 0.0, 0.0, 16.0]",58,0.0,0.0,96.0,104.0,112.0,1262.0,0,14,44,58,-0.136,-0.0885,-0.043,-0.028,-0.017,-4.796,6,0.0,0.0,104.0,104.0,104.0,191.0,0,2,4,6,0.011,0.040999999999999995,0.066,0.066,0.066,0.241,201,-112.0,0.0,0.0,0.0,36.0,-3134.0,41,7,153,201,-0.133,-0.038,-0.006,-0.003,-0.001,-7.99,384,-125.0,0.0,0.0,0.0,37.0,-6789.0,90,14,280,384,0.0,0.043,0.07,0.074,0.078,15.882,4032,-125.0,0.0,11.0,37.0,90.0,-24512.0,572,438,3022,4032,-0.133,0.357,0.894,1.023,1.334,1673.434
A_X092_Y088,92,88,80,104,72,104,309.0,157.0,1.0,825,13200,9820,3380,0.25727272727272726,"{""X2Y1"": 330, ""X3Y1"": 495}",True,NOT_PROVEN_WITHOUT_MOVED_FF_CONTROL_SET_REPLAY,NOT_PROVEN_READ_ONLY_SITE_INVENTORY_ONLY,16,FEATURE_BIN_2,16,18F6AC63D50EACD2B5F6CC669CA58252595A0313B759D7A0EC563D4D8CFF4410,True,,False,False,U_NEG_UPSTREAM_WORSENING;U_PASS_UPSTREAM_INCREASE;D_NEG_NO_MEDIAN_IMPROVEMENT,,False,False,False,True,"[0.0, 77.0, 14.0, 2.0, 0.0, 0.0, 0.0, 0.0, 16.0]",58,0.0,0.0,77.0,94.0,94.0,1090.0,0,14,44,58,-0.136,-0.0885,-0.043,-0.028,-0.017,-4.796,6,0.0,0.0,94.0,94.0,94.0,160.0,0,2,4,6,0.011,0.040999999999999995,0.066,0.066,0.066,0.241,201,-112.0,0.0,0.0,0.0,28.0,-4701.0,55,2,144,201,-0.133,-0.038,-0.006,-0.003,-0.001,-7.99,384,-112.0,0.0,0.0,0.0,32.0,-5329.0,75,10,299,384,0.0,0.043,0.07,0.074,0.078,15.882,4032,-112.0,0.0,4.0,31.0,77.0,-27008.0,578,434,3020,4032,-0.133,0.357,0.894,1.023,1.334,1673.434
A_X092_Y088,92,88,80,104,72,104,309.0,157.0,1.0,825,13200,9820,3380,0.25727272727272726,"{""X2Y1"": 330, ""X3Y1"": 495}",True,NOT_PROVEN_WITHOUT_MOVED_FF_CONTROL_SET_REPLAY,NOT_PROVEN_READ_ONLY_SITE_INVENTORY_ONLY,16,FEATURE_BIN_3,16,6D6B2605916DFCDD525A27838AC825D18C62B807369D6E6322040D77ED73CF54,True,,False,False,U_NEG_UPSTREAM_WORSENING;U_PASS_UPSTREAM_INCREASE;D_NEG_NO_MEDIAN_IMPROVEMENT,,False,False,False,True,"[0.0, 71.0, 14.0, 2.0, 0.0, 0.0, 0.0, 0.0, 16.0]",58,0.0,0.0,71.0,94.0,94.0,1026.0,0,14,44,58,-0.136,-0.0885,-0.043,-0.028,-0.017,-4.796,6,0.0,0.0,89.0,89.0,89.0,145.0,0,2,4,6,0.011,0.040999999999999995,0.066,0.066,0.066,0.241,201,-107.0,0.0,0.0,0.0,22.0,-1968.0,30,2,169,201,-0.133,-0.038,-0.006,-0.003,-0.001,-7.99,384,-107.0,0.0,0.0,0.0,32.0,-5204.0,80,19,285,384,0.0,0.043,0.07,0.074,0.078,15.882,4032,-107.0,0.0,8.0,31.0,87.0,-21308.0,544,450,3038,4032,-0.133,0.357,0.894,1.023,1.334,1673.434
A_X092_Y092,92,92,80,104,76,108,309.0,152.0,1.0,825,13200,9589,3611,0.2784090909090909,"{""X2Y1"": 330, ""X3Y1"": 495}",True,NOT_PROVEN_WITHOUT_MOVED_FF_CONTROL_SET_REPLAY,NOT_PROVEN_READ_ONLY_SITE_INVENTORY_ONLY,64,ALL_64,64,A49D88051B2D2E5D1255D4F806A7569CDA9B33A650A908566197031349AD8DB4,True,,False,False,U_NEG_UPSTREAM_WORSENING;U_PASS_UPSTREAM_INCREASE,,False,False,True,True,"[77.0, 99.0, 58.0, 6.0, -79.0, -12.0, -72.0, -26.0, 64.0]",58,39.0,77.0,99.0,103.0,107.0,4529.0,0,58,0,58,-0.136,-0.0885,-0.043,-0.028,-0.017,-4.796,6,51.0,83.0,99.0,99.0,99.0,466.0,0,6,0,6,0.011,0.040999999999999995,0.066,0.066,0.066,0.241,201,-112.0,-79.0,-12.0,18.0,68.0,-14264.0,183,18,0,201,-0.133,-0.038,-0.006,-0.003,-0.001,-7.99,384,-127.0,-72.0,16.0,19.0,66.0,-23148.0,323,61,0,384,0.0,0.043,0.07,0.074,0.078,15.882,4032,-127.0,-26.0,49.0,58.0,86.0,-107046.0,2294,1731,7,4032,-0.133,0.357,0.894,1.023,1.334,1673.434
A_X092_Y092,92,92,80,104,76,108,309.0,152.0,1.0,825,13200,9589,3611,0.2752272727272727,"{""X2Y1"": 330, ""X3Y1"": 495}",True,NOT_PROVEN_WITHOUT_MOVED_FF_CONTROL_SET_REPLAY,NOT_PROVEN_READ_ONLY_SITE_INVENTORY_ONLY,22,DEST_X2Y1_MAJOR,22,EC8295A18CFB3214990035A3C2A8A03B2248BEA56069D816345F1D2C0CC4741A,True,,False,False,U_NEG_UPSTREAM_WORSENING;D_NEG_NO_MEDIAN_IMPROVEMENT,,False,True,False,True,"[0.0, 89.0, 22.0, 0.0, 0.0, 0.0, 0.0, 0.0, 22.0]",58,0.0,0.0,89.0,98.0,99.0,1633.0,0,22,36,58,-0.136,-0.0885,-0.043,-0.028,-0.017,-4.796,6,0.0,0.0,0.0,0.0,0.0,0.0,0,0,6,6,0.011,0.040999999999999995,0.066,0.066,0.066,0.241,201,-107.0,0.0,0.0,18.0,68.0,-2704.0,49,16,136,201,-0.133,-0.038,-0.006,-0.003,-0.001,-7.99,384,-108.0,0.0,0.0,16.0,66.0,-6591.0,104,38,242,384,0.0,0.043,0.07,0.074,0.078,15.882,4032,-112.0,0.0,18.0,42.0,86.0,-35186.0,775,607,2650,4032,-0.133,0.357,0.894,1.023,1.334,1673.434
A_X092_Y092,92,92,80,104,76,108,309.0,152.0,1.0,825,13200,9589,3611,0.2750757575757576,"{""X2Y1"": 330, ""X3Y1"": 495}",True,NOT_PROVEN_WITHOUT_MOVED_FF_CONTROL_SET_REPLAY,NOT_PROVEN_READ_ONLY_SITE_INVENTORY_ONLY,20,DEST_X3Y1_MAJOR,20,D8DF451BC1C4EF6032E28F4D3065B488CCF48FA9921667AB64B2E0E8D05D4049,True,,False,False,U_NEG_UPSTREAM_WORSENING;U_PASS_UPSTREAM_INCREASE,,False,False,True,True,"[0.0, 86.0, 15.0, 5.0, -73.0, 0.0, 0.0, 0.0, 20.0]",58,0.0,0.0,86.0,91.0,107.0,1224.0,0,15,43,58,-0.136,-0.0885,-0.043,-0.028,-0.017,-4.796,6,0.0,71.5,99.0,99.0,99.0,382.0,0,5,1,6,0.011,0.040999999999999995,0.066,0.066,0.066,0.241,201,-112.0,-73.0,0.0,0.0,23.0,-10782.0,124,2,75,201,-0.133,-0.038,-0.006,-0.003,-0.001,-7.99,384,-120.0,0.0,0.0,0.0,27.0,-11955.0,155,14,215,384,0.0,0.043,0.07,0.074,0.078,15.882,4032,-120.0,0.0,17.0,35.0,85.0,-33970.0,725,534,2773,4032,-0.133,0.357,0.894,1.023,1.334,1673.434
A_X092_Y092,92,92,80,104,76,108,309.0,152.0,1.0,825,13200,9589,3611,0.2752272727272727,"{""X2Y1"": 330, ""X3Y1"": 495}",True,NOT_PROVEN_WITHOUT_MOVED_FF_CONTROL_SET_REPLAY,NOT_PROVEN_READ_ONLY_SITE_INVENTORY_ONLY,22,DEST_MIXED_OR_OTHER,22,62A80A6BF2780309EBB7ACB65499DC33F9E420F49ABAF670FF853CD53D650A7D,True,,False,False,U_NEG_UPSTREAM_WORSENING;U_PASS_UPSTREAM_INCREASE;D_NEG_NO_MEDIAN_IMPROVEMENT,,False,False,False,True,"[0.0, 89.0, 21.0, 1.0, 0.0, 0.0, 0.0, 0.0, 22.0]",58,0.0,0.0,89.0,98.0,106.0,1672.0,0,21,37,58,-0.136,-0.0885,-0.043,-0.028,-0.017,-4.796,6,0.0,0.0,84.0,84.0,84.0,84.0,0,1,5,6,0.011,0.040999999999999995,0.066,0.066,0.066,0.241,201,-102.0,0.0,0.0,0.0,0.0,-778.0,10,0,191,201,-0.133,-0.038,-0.006,-0.003,-0.001,-7.99,384,-127.0,0.0,0.0,0.0,33.0,-4602.0,64,9,311,384,0.0,0.043,0.07,0.074,0.078,15.882,4032,-127.0,0.0,21.0,40.0,83.0,-37890.0,794,590,2648,4032,-0.133,0.357,0.894,1.023,1.334,1673.434
A_X092_Y092,92,92,80,104,76,108,309.0,152.0,1.0,825,13200,9589,3611,0.2747727272727273,"{""X2Y1"": 330, ""X3Y1"": 495}",True,NOT_PROVEN_WITHOUT_MOVED_FF_CONTROL_SET_REPLAY,NOT_PROVEN_READ_ONLY_SITE_INVENTORY_ONLY,16,FEATURE_BIN_0,16,25AFEB422DB3BDBEF4DCE97A6D1274116E7B27A3B94E395D479DC22D3DE14FFD,True,,False,False,U_NEG_UPSTREAM_WORSENING;D_NEG_NO_MEDIAN_IMPROVEMENT,,False,True,False,True,"[0.0, 86.0, 16.0, 0.0, 0.0, 0.0, 0.0, 0.0, 16.0]",58,0.0,0.0,86.0,98.0,106.0,1361.0,0,16,42,58,-0.136,-0.0885,-0.043,-0.028,-0.017,-4.796,6,0.0,0.0,0.0,0.0,0.0,0.0,0,0,6,6,0.011,0.040999999999999995,0.066,0.066,0.066,0.241,201,-112.0,0.0,0.0,0.0,68.0,-4626.0,57,7,137,201,-0.133,-0.038,-0.006,-0.003,-0.001,-7.99,384,-127.0,0.0,0.0,0.0,66.0,-6004.0,79,17,288,384,0.0,0.043,0.07,0.074,0.078,15.882,4032,-127.0,0.0,6.0,27.0,86.0,-30346.0,595,414,3023,4032,-0.133,0.357,0.894,1.023,1.334,1673.434
A_X092_Y092,92,92,80,104,76,108,309.0,152.0,1.0,825,13200,9589,3611,0.2747727272727273,"{""X2Y1"": 330, ""X3Y1"": 495}",True,NOT_PROVEN_WITHOUT_MOVED_FF_CONTROL_SET_REPLAY,NOT_PROVEN_READ_ONLY_SITE_INVENTORY_ONLY,16,FEATURE_BIN_1,16,863B9B0389C1B994C73ED0C57EC56A84FD6D317708E59D47B391DA86E44D3A8E,True,,False,False,U_NEG_UPSTREAM_WORSENING;U_PASS_UPSTREAM_INCREASE;D_NEG_NO_MEDIAN_IMPROVEMENT,,False,False,False,True,"[0.0, 91.0, 14.0, 2.0, 0.0, 0.0, 0.0, 0.0, 16.0]",58,0.0,0.0,91.0,99.0,107.0,1192.0,0,14,44,58,-0.136,-0.0885,-0.043,-0.028,-0.017,-4.796,6,0.0,0.0,99.0,99.0,99.0,181.0,0,2,4,6,0.011,0.040999999999999995,0.066,0.066,0.066,0.241,201,-107.0,0.0,0.0,0.0,31.0,-3056.0,41,7,153,201,-0.133,-0.038,-0.006,-0.003,-0.001,-7.99,384,-120.0,0.0,0.0,0.0,32.0,-6801.0,90,14,280,384,0.0,0.043,0.07,0.074,0.078,15.882,4032,-120.0,0.0,8.0,32.0,85.0,-25842.0,574,435,3023,4032,-0.133,0.357,0.894,1.023,1.334,1673.434
A_X092_Y092,92,92,80,104,76,108,309.0,152.0,1.0,825,13200,9589,3611,0.2747727272727273,"{""X2Y1"": 330, ""X3Y1"": 495}",True,NOT_PROVEN_WITHOUT_MOVED_FF_CONTROL_SET_REPLAY,NOT_PROVEN_READ_ONLY_SITE_INVENTORY_ONLY,16,FEATURE_BIN_2,16,18F6AC63D50EACD2B5F6CC669CA58252595A0313B759D7A0EC563D4D8CFF4410,True,,False,False,U_NEG_UPSTREAM_WORSENING;U_PASS_UPSTREAM_INCREASE;D_NEG_NO_MEDIAN_IMPROVEMENT,,False,False,False,True,"[0.0, 72.0, 14.0, 2.0, 0.0, 0.0, 0.0, 0.0, 16.0]",58,0.0,0.0,72.0,89.0,89.0,1020.0,0,14,44,58,-0.136,-0.0885,-0.043,-0.028,-0.017,-4.796,6,0.0,0.0,89.0,89.0,89.0,150.0,0,2,4,6,0.011,0.040999999999999995,0.066,0.066,0.066,0.241,201,-107.0,0.0,0.0,0.0,23.0,-4662.0,55,2,144,201,-0.133,-0.038,-0.006,-0.003,-0.001,-7.99,384,-107.0,0.0,0.0,0.0,27.0,-5218.0,75,10,299,384,0.0,0.043,0.07,0.074,0.078,15.882,4032,-108.0,0.0,9.0,26.0,72.0,-28152.0,582,430,3020,4032,-0.133,0.357,0.894,1.023,1.334,1673.434
A_X092_Y092,92,92,80,104,76,108,309.0,152.0,1.0,825,13200,9589,3611,0.2747727272727273,"{""X2Y1"": 330, ""X3Y1"": 495}",True,NOT_PROVEN_WITHOUT_MOVED_FF_CONTROL_SET_REPLAY,NOT_PROVEN_READ_ONLY_SITE_INVENTORY_ONLY,16,FEATURE_BIN_3,16,6D6B2605916DFCDD525A27838AC825D18C62B807369D6E6322040D77ED73CF54,True,,False,False,U_NEG_UPSTREAM_WORSENING;U_PASS_UPSTREAM_INCREASE;D_NEG_NO_MEDIAN_IMPROVEMENT,,False,False,False,True,"[0.0, 66.0, 14.0, 2.0, 0.0, 0.0, 0.0, 0.0, 16.0]",58,0.0,0.0,66.0,89.0,89.0,956.0,0,14,44,58,-0.136,-0.0885,-0.043,-0.028,-0.017,-4.796,6,0.0,0.0,84.0,84.0,84.0,135.0,0,2,4,6,0.011,0.040999999999999995,0.066,0.066,0.066,0.241,201,-102.0,0.0,0.0,0.0,17.0,-1920.0,30,2,169,201,-0.133,-0.038,-0.006,-0.003,-0.001,-7.99,384,-102.0,0.0,0.0,2.0,27.0,-5125.0,79,20,285,384,0.0,0.043,0.07,0.074,0.078,15.882,4032,-102.0,0.0,11.0,26.0,82.0,-22706.0,543,452,3037,4032,-0.133,0.357,0.894,1.023,1.334,1673.434
A_X092_Y096,92,96,80,104,80,112,309.0,148.0,1.0,825,13200,9612,3588,0.27666666666666667,"{""X2Y1"": 330, ""X3Y1"": 495}",True,NOT_PROVEN_WITHOUT_MOVED_FF_CONTROL_SET_REPLAY,NOT_PROVEN_READ_ONLY_SITE_INVENTORY_ONLY,64,ALL_64,64,A49D88051B2D2E5D1255D4F806A7569CDA9B33A650A908566197031349AD8DB4,True,,False,False,U_NEG_UPSTREAM_WORSENING;U_PASS_UPSTREAM_INCREASE,,False,False,True,True,"[73.0, 95.0, 58.0, 6.0, -80.0, -8.0, -72.0, -23.0, 64.0]",58,35.0,73.0,95.0,99.0,103.0,4297.0,0,58,0,58,-0.136,-0.0885,-0.043,-0.028,-0.017,-4.796,6,47.0,79.0,95.0,95.0,95.0,442.0,0,6,0,6,0.011,0.040999999999999995,0.066,0.066,0.066,0.241,201,-108.0,-80.0,-8.0,20.0,64.0,-14004.0,183,18,0,201,-0.133,-0.038,-0.006,-0.003,-0.001,-7.99,384,-123.0,-72.0,16.0,21.0,62.0,-22580.0,324,60,0,384,0.0,0.043,0.07,0.074,0.078,15.882,4032,-123.0,-23.0,45.0,54.0,82.0,-107914.0,2301,1730,1,4032,-0.133,0.357,0.894,1.023,1.334,1673.434
A_X092_Y096,92,96,80,104,80,112,309.0,148.0,1.0,825,13200,9612,3588,0.2734848484848485,"{""X2Y1"": 330, ""X3Y1"": 495}",True,NOT_PROVEN_WITHOUT_MOVED_FF_CONTROL_SET_REPLAY,NOT_PROVEN_READ_ONLY_SITE_INVENTORY_ONLY,22,DEST_X2Y1_MAJOR,22,EC8295A18CFB3214990035A3C2A8A03B2248BEA56069D816345F1D2C0CC4741A,True,,False,False,U_NEG_UPSTREAM_WORSENING;D_NEG_NO_MEDIAN_IMPROVEMENT,,False,True,False,True,"[0.0, 85.0, 22.0, 0.0, 0.0, 0.0, 0.0, 0.0, 22.0]",58,0.0,0.0,85.0,94.0,95.0,1545.0,0,22,36,58,-0.136,-0.0885,-0.043,-0.028,-0.017,-4.796,6,0.0,0.0,0.0,0.0,0.0,0.0,0,0,6,6,0.011,0.040999999999999995,0.066,0.066,0.066,0.241,201,-103.0,0.0,0.0,20.0,64.0,-2538.0,49,16,136,201,-0.133,-0.038,-0.006,-0.003,-0.001,-7.99,384,-108.0,0.0,0.0,19.0,62.0,-6301.0,104,38,242,384,0.0,0.043,0.07,0.074,0.078,15.882,4032,-108.0,0.0,20.0,38.0,82.0,-35414.0,779,605,2648,4032,-0.133,0.357,0.894,1.023,1.334,1673.434
A_X092_Y096,92,96,80,104,80,112,309.0,148.0,1.0,825,13200,9612,3588,0.2733333333333333,"{""X2Y1"": 330, ""X3Y1"": 495}",True,NOT_PROVEN_WITHOUT_MOVED_FF_CONTROL_SET_REPLAY,NOT_PROVEN_READ_ONLY_SITE_INVENTORY_ONLY,20,DEST_X3Y1_MAJOR,20,D8DF451BC1C4EF6032E28F4D3065B488CCF48FA9921667AB64B2E0E8D05D4049,True,,False,False,U_NEG_UPSTREAM_WORSENING;U_PASS_UPSTREAM_INCREASE,,False,False,True,True,"[0.0, 82.0, 15.0, 5.0, -72.0, 0.0, 0.0, 0.0, 20.0]",58,0.0,0.0,82.0,87.0,103.0,1164.0,0,15,43,58,-0.136,-0.0885,-0.043,-0.028,-0.017,-4.796,6,0.0,67.5,95.0,95.0,95.0,362.0,0,5,1,6,0.011,0.040999999999999995,0.066,0.066,0.066,0.241,201,-108.0,-72.0,0.0,0.0,19.0,-10694.0,124,2,75,201,-0.133,-0.038,-0.006,-0.003,-0.001,-7.99,384,-116.0,0.0,0.0,0.0,30.0,-11795.0,156,13,215,384,0.0,0.043,0.07,0.074,0.078,15.882,4032,-116.0,0.0,18.0,31.0,81.0,-34296.0,729,531,2772,4032,-0.133,0.357,0.894,1.023,1.334,1673.434
A_X092_Y096,92,96,80,104,80,112,309.0,148.0,1.0,825,13200,9612,3588,0.2734848484848485,"{""X2Y1"": 330, ""X3Y1"": 495}",True,NOT_PROVEN_WITHOUT_MOVED_FF_CONTROL_SET_REPLAY,NOT_PROVEN_READ_ONLY_SITE_INVENTORY_ONLY,22,DEST_MIXED_OR_OTHER,22,62A80A6BF2780309EBB7ACB65499DC33F9E420F49ABAF670FF853CD53D650A7D,True,,False,False,U_NEG_UPSTREAM_WORSENING;U_PASS_UPSTREAM_INCREASE;D_NEG_NO_MEDIAN_IMPROVEMENT,,False,False,False,True,"[0.0, 85.0, 21.0, 1.0, 0.0, 0.0, 0.0, 0.0, 22.0]",58,0.0,0.0,85.0,94.0,102.0,1588.0,0,21,37,58,-0.136,-0.0885,-0.043,-0.028,-0.017,-4.796,6,0.0,0.0,80.0,80.0,80.0,80.0,0,1,5,6,0.011,0.040999999999999995,0.066,0.066,0.066,0.241,201,-98.0,0.0,0.0,0.0,0.0,-772.0,10,0,191,201,-0.133,-0.038,-0.006,-0.003,-0.001,-7.99,384,-123.0,0.0,0.0,0.0,29.0,-4484.0,64,9,311,384,0.0,0.043,0.07,0.074,0.078,15.882,4032,-123.0,0.0,21.0,36.0,79.0,-38204.0,793,594,2645,4032,-0.133,0.357,0.894,1.023,1.334,1673.434
A_X092_Y096,92,96,80,104,80,112,309.0,148.0,1.0,825,13200,9612,3588,0.273030303030303,"{""X2Y1"": 330, ""X3Y1"": 495}",True,NOT_PROVEN_WITHOUT_MOVED_FF_CONTROL_SET_REPLAY,NOT_PROVEN_READ_ONLY_SITE_INVENTORY_ONLY,16,FEATURE_BIN_0,16,25AFEB422DB3BDBEF4DCE97A6D1274116E7B27A3B94E395D479DC22D3DE14FFD,True,,False,False,U_NEG_UPSTREAM_WORSENING;D_NEG_NO_MEDIAN_IMPROVEMENT,,False,True,False,True,"[0.0, 82.0, 16.0, 0.0, 0.0, 0.0, 0.0, 0.0, 16.0]",58,0.0,0.0,82.0,94.0,102.0,1297.0,0,16,42,58,-0.136,-0.0885,-0.043,-0.028,-0.017,-4.796,6,0.0,0.0,0.0,0.0,0.0,0.0,0,0,6,6,0.011,0.040999999999999995,0.066,0.066,0.066,0.241,201,-108.0,0.0,0.0,0.0,64.0,-4560.0,57,7,137,201,-0.133,-0.038,-0.006,-0.003,-0.001,-7.99,384,-123.0,0.0,0.0,0.0,62.0,-5812.0,80,16,288,384,0.0,0.043,0.07,0.074,0.078,15.882,4032,-123.0,0.0,4.0,27.0,82.0,-30448.0,596,416,3020,4032,-0.133,0.357,0.894,1.023,1.334,1673.434
A_X092_Y096,92,96,80,104,80,112,309.0,148.0,1.0,825,13200,9612,3588,0.273030303030303,"{""X2Y1"": 330, ""X3Y1"": 495}",True,NOT_PROVEN_WITHOUT_MOVED_FF_CONTROL_SET_REPLAY,NOT_PROVEN_READ_ONLY_SITE_INVENTORY_ONLY,16,FEATURE_BIN_1,16,863B9B0389C1B994C73ED0C57EC56A84FD6D317708E59D47B391DA86E44D3A8E,True,,False,False,U_NEG_UPSTREAM_WORSENING;U_PASS_UPSTREAM_INCREASE;D_NEG_NO_MEDIAN_IMPROVEMENT,,False,False,False,True,"[0.0, 87.0, 14.0, 2.0, 0.0, 0.0, 0.0, 0.0, 16.0]",58,0.0,0.0,87.0,95.0,103.0,1136.0,0,14,44,58,-0.136,-0.0885,-0.043,-0.028,-0.017,-4.796,6,0.0,0.0,95.0,95.0,95.0,173.0,0,2,4,6,0.011,0.040999999999999995,0.066,0.066,0.066,0.241,201,-104.0,0.0,0.0,0.0,27.0,-2980.0,41,7,153,201,-0.133,-0.038,-0.006,-0.003,-0.001,-7.99,384,-116.0,0.0,0.0,0.0,28.0,-6725.0,90,14,280,384,0.0,0.043,0.07,0.074,0.078,15.882,4032,-116.0,0.0,10.0,30.0,81.0,-26100.0,576,435,3021,4032,-0.133,0.357,0.894,1.023,1.334,1673.434
A_X092_Y096,92,96,80,104,80,112,309.0,148.0,1.0,825,13200,9612,3588,0.273030303030303,"{""X2Y1"": 330, ""X3Y1"": 495}",True,NOT_PROVEN_WITHOUT_MOVED_FF_CONTROL_SET_REPLAY,NOT_PROVEN_READ_ONLY_SITE_INVENTORY_ONLY,16,FEATURE_BIN_2,16,18F6AC63D50EACD2B5F6CC669CA58252595A0313B759D7A0EC563D4D8CFF4410,True,,False,False,U_NEG_UPSTREAM_WORSENING;U_PASS_UPSTREAM_INCREASE;D_NEG_NO_MEDIAN_IMPROVEMENT,,False,False,False,True,"[0.0, 68.0, 14.0, 2.0, 0.0, 0.0, 0.0, 0.0, 16.0]",58,0.0,0.0,68.0,85.0,85.0,964.0,0,14,44,58,-0.136,-0.0885,-0.043,-0.028,-0.017,-4.796,6,0.0,0.0,85.0,85.0,85.0,142.0,0,2,4,6,0.011,0.040999999999999995,0.066,0.066,0.066,0.241,201,-103.0,0.0,0.0,0.0,19.0,-4606.0,55,2,144,201,-0.133,-0.038,-0.006,-0.003,-0.001,-7.99,384,-103.0,0.0,0.0,0.0,25.0,-5096.0,75,10,299,384,0.0,0.043,0.07,0.074,0.078,15.882,4032,-104.0,0.0,12.0,25.0,68.0,-28430.0,585,427,3020,4032,-0.133,0.357,0.894,1.023,1.334,1673.434
A_X092_Y096,92,96,80,104,80,112,309.0,148.0,1.0,825,13200,9612,3588,0.273030303030303,"{""X2Y1"": 330, ""X3Y1"": 495}",True,NOT_PROVEN_WITHOUT_MOVED_FF_CONTROL_SET_REPLAY,NOT_PROVEN_READ_ONLY_SITE_INVENTORY_ONLY,16,FEATURE_BIN_3,16,6D6B2605916DFCDD525A27838AC825D18C62B807369D6E6322040D77ED73CF54,True,,False,False,U_NEG_UPSTREAM_WORSENING;U_PASS_UPSTREAM_INCREASE;D_NEG_NO_MEDIAN_IMPROVEMENT,,False,False,False,True,"[0.0, 62.0, 14.0, 2.0, 0.0, 0.0, 0.0, 0.0, 16.0]",58,0.0,0.0,62.0,85.0,85.0,900.0,0,14,44,58,-0.136,-0.0885,-0.043,-0.028,-0.017,-4.796,6,0.0,0.0,80.0,80.0,80.0,127.0,0,2,4,6,0.011,0.040999999999999995,0.066,0.066,0.066,0.241,201,-98.0,0.0,0.0,0.0,20.0,-1858.0,30,2,169,201,-0.133,-0.038,-0.006,-0.003,-0.001,-7.99,384,-98.0,0.0,0.0,6.0,23.0,-4947.0,79,20,285,384,0.0,0.043,0.07,0.074,0.078,15.882,4032,-98.0,0.0,12.0,23.0,78.0,-22936.0,544,452,3036,4032,-0.133,0.357,0.894,1.023,1.334,1673.434
A_X092_Y100,92,100,80,104,84,116,309.0,144.0,1.0,825,13200,9941,3259,0.25174242424242427,"{""X2Y1"": 330, ""X3Y1"": 495}",True,NOT_PROVEN_WITHOUT_MOVED_FF_CONTROL_SET_REPLAY,NOT_PROVEN_READ_ONLY_SITE_INVENTORY_ONLY,64,ALL_64,64,A49D88051B2D2E5D1255D4F806A7569CDA9B33A650A908566197031349AD8DB4,True,,False,False,U_NEG_UPSTREAM_WORSENING;U_PASS_UPSTREAM_INCREASE,,False,False,True,True,"[69.0, 91.0, 58.0, 6.0, -81.0, -4.0, -72.5, -19.0, 64.0]",58,31.0,69.0,91.0,95.0,99.0,4065.0,0,58,0,58,-0.136,-0.0885,-0.043,-0.028,-0.017,-4.796,6,43.0,75.0,91.0,91.0,91.0,418.0,0,6,0,6,0.011,0.040999999999999995,0.066,0.066,0.066,0.241,201,-104.0,-81.0,-4.0,24.0,60.0,-13550.0,182,18,1,201,-0.133,-0.038,-0.006,-0.003,-0.001,-7.99,384,-119.0,-72.5,18.0,24.0,58.0,-21596.0,321,62,1,384,0.0,0.043,0.07,0.074,0.078,15.882,4032,-119.0,-19.0,41.0,50.0,78.0,-104624.0,2292,1729,11,4032,-0.133,0.357,0.894,1.023,1.334,1673.434
A_X092_Y100,92,100,80,104,84,116,309.0,144.0,1.0,825,13200,9941,3259,0.24856060606060607,"{""X2Y1"": 330, ""X3Y1"": 495}",True,NOT_PROVEN_WITHOUT_MOVED_FF_CONTROL_SET_REPLAY,NOT_PROVEN_READ_ONLY_SITE_INVENTORY_ONLY,22,DEST_X2Y1_MAJOR,22,EC8295A18CFB3214990035A3C2A8A03B2248BEA56069D816345F1D2C0CC4741A,True,,False,False,U_NEG_UPSTREAM_WORSENING;D_NEG_NO_MEDIAN_IMPROVEMENT,,False,True,False,True,"[0.0, 81.0, 22.0, 0.0, 0.0, 0.0, 0.0, 0.0, 22.0]",58,0.0,0.0,81.0,90.0,91.0,1457.0,0,22,36,58,-0.136,-0.0885,-0.043,-0.028,-0.017,-4.796,6,0.0,0.0,0.0,0.0,0.0,0.0,0,0,6,6,0.011,0.040999999999999995,0.066,0.066,0.066,0.241,201,-99.0,0.0,0.0,24.0,60.0,-2326.0,48,16,137,201,-0.133,-0.038,-0.006,-0.003,-0.001,-7.99,384,-104.0,0.0,0.0,20.0,58.0,-5861.0,103,38,243,384,0.0,0.043,0.07,0.074,0.078,15.882,4032,-104.0,0.0,24.0,34.0,78.0,-34158.0,771,606,2655,4032,-0.133,0.357,0.894,1.023,1.334,1673.434
A_X092_Y100,92,100,80,104,84,116,309.0,144.0,1.0,825,13200,9941,3259,0.2484090909090909,"{""X2Y1"": 330, ""X3Y1"": 495}",True,NOT_PROVEN_WITHOUT_MOVED_FF_CONTROL_SET_REPLAY,NOT_PROVEN_READ_ONLY_SITE_INVENTORY_ONLY,20,DEST_X3Y1_MAJOR,20,D8DF451BC1C4EF6032E28F4D3065B488CCF48FA9921667AB64B2E0E8D05D4049,True,,False,False,U_NEG_UPSTREAM_WORSENING;U_PASS_UPSTREAM_INCREASE,,False,False,True,True,"[0.0, 78.0, 15.0, 5.0, -72.0, 0.0, 0.0, 0.0, 20.0]",58,0.0,0.0,78.0,83.0,99.0,1104.0,0,15,43,58,-0.136,-0.0885,-0.043,-0.028,-0.017,-4.796,6,0.0,63.5,91.0,91.0,91.0,342.0,0,5,1,6,0.011,0.040999999999999995,0.066,0.066,0.066,0.241,201,-104.0,-72.0,0.0,0.0,17.0,-10468.0,124,2,75,201,-0.133,-0.038,-0.006,-0.003,-0.001,-7.99,384,-112.0,0.0,0.0,0.0,34.0,-11419.0,154,15,215,384,0.0,0.043,0.07,0.074,0.078,15.882,4032,-112.0,0.0,19.0,33.0,77.0,-33332.0,725,535,2772,4032,-0.133,0.357,0.894,1.023,1.334,1673.434
A_X092_Y100,92,100,80,104,84,116,309.0,144.0,1.0,825,13200,9941,3259,0.24856060606060607,"{""X2Y1"": 330, ""X3Y1"": 495}",True,NOT_PROVEN_WITHOUT_MOVED_FF_CONTROL_SET_REPLAY,NOT_PROVEN_READ_ONLY_SITE_INVENTORY_ONLY,22,DEST_MIXED_OR_OTHER,22,62A80A6BF2780309EBB7ACB65499DC33F9E420F49ABAF670FF853CD53D650A7D,True,,False,False,U_NEG_UPSTREAM_WORSENING;U_PASS_UPSTREAM_INCREASE;D_NEG_NO_MEDIAN_IMPROVEMENT,,False,False,False,True,"[0.0, 81.0, 21.0, 1.0, 0.0, 0.0, 0.0, 0.0, 22.0]",58,0.0,0.0,81.0,90.0,98.0,1504.0,0,21,37,58,-0.136,-0.0885,-0.043,-0.028,-0.017,-4.796,6,0.0,0.0,76.0,76.0,76.0,76.0,0,1,5,6,0.011,0.040999999999999995,0.066,0.066,0.066,0.241,201,-94.0,0.0,0.0,0.0,0.0,-756.0,10,0,191,201,-0.133,-0.038,-0.006,-0.003,-0.001,-7.99,384,-119.0,0.0,0.0,0.0,31.0,-4316.0,64,9,311,384,0.0,0.043,0.07,0.074,0.078,15.882,4032,-119.0,0.0,24.0,34.0,75.0,-37134.0,796,588,2648,4032,-0.133,0.357,0.894,1.023,1.334,1673.434
A_X092_Y100,92,100,80,104,84,116,309.0,144.0,1.0,825,13200,9941,3259,0.2481060606060606,"{""X2Y1"": 330, ""X3Y1"": 495}",True,NOT_PROVEN_WITHOUT_MOVED_FF_CONTROL_SET_REPLAY,NOT_PROVEN_READ_ONLY_SITE_INVENTORY_ONLY,16,FEATURE_BIN_0,16,25AFEB422DB3BDBEF4DCE97A6D1274116E7B27A3B94E395D479DC22D3DE14FFD,True,,False,False,U_NEG_UPSTREAM_WORSENING;D_NEG_NO_MEDIAN_IMPROVEMENT,,False,True,False,True,"[0.0, 78.0, 16.0, 0.0, 0.0, 0.0, 0.0, 0.0, 16.0]",58,0.0,0.0,78.0,90.0,98.0,1233.0,0,16,42,58,-0.136,-0.0885,-0.043,-0.028,-0.017,-4.796,6,0.0,0.0,0.0,0.0,0.0,0.0,0,0,6,6,0.011,0.040999999999999995,0.066,0.066,0.066,0.241,201,-104.0,0.0,0.0,0.0,60.0,-4446.0,57,7,137,201,-0.133,-0.038,-0.006,-0.003,-0.001,-7.99,384,-119.0,0.0,0.0,0.0,58.0,-5522.0,79,17,288,384,0.0,0.043,0.07,0.074,0.078,15.882,4032,-119.0,0.0,4.0,31.0,78.0,-29546.0,592,414,3026,4032,-0.133,0.357,0.894,1.023,1.334,1673.434
A_X092_Y100,92,100,80,104,84,116,309.0,144.0,1.0,825,13200,9941,3259,0.2481060606060606,"{""X2Y1"": 330, ""X3Y1"": 495}",True,NOT_PROVEN_WITHOUT_MOVED_FF_CONTROL_SET_REPLAY,NOT_PROVEN_READ_ONLY_SITE_INVENTORY_ONLY,16,FEATURE_BIN_1,16,863B9B0389C1B994C73ED0C57EC56A84FD6D317708E59D47B391DA86E44D3A8E,True,,False,False,U_NEG_UPSTREAM_WORSENING;U_PASS_UPSTREAM_INCREASE;D_NEG_NO_MEDIAN_IMPROVEMENT,,False,False,False,True,"[0.0, 83.0, 14.0, 2.0, 0.0, 0.0, 0.0, 0.0, 16.0]",58,0.0,0.0,83.0,91.0,99.0,1080.0,0,14,44,58,-0.136,-0.0885,-0.043,-0.028,-0.017,-4.796,6,0.0,0.0,91.0,91.0,91.0,165.0,0,2,4,6,0.011,0.040999999999999995,0.066,0.066,0.066,0.241,201,-104.0,0.0,0.0,0.0,27.0,-2862.0,41,7,153,201,-0.133,-0.038,-0.006,-0.003,-0.001,-7.99,384,-112.0,0.0,0.0,0.0,27.0,-6527.0,89,15,280,384,0.0,0.043,0.07,0.074,0.078,15.882,4032,-112.0,0.0,14.0,33.0,77.0,-25308.0,574,437,3021,4032,-0.133,0.357,0.894,1.023,1.334,1673.434
A_X092_Y100,92,100,80,104,84,116,309.0,144.0,1.0,825,13200,9941,3259,0.2481060606060606,"{""X2Y1"": 330, ""X3Y1"": 495}",True,NOT_PROVEN_WITHOUT_MOVED_FF_CONTROL_SET_REPLAY,NOT_PROVEN_READ_ONLY_SITE_INVENTORY_ONLY,16,FEATURE_BIN_2,16,18F6AC63D50EACD2B5F6CC669CA58252595A0313B759D7A0EC563D4D8CFF4410,True,,False,False,U_NEG_UPSTREAM_WORSENING;U_PASS_UPSTREAM_INCREASE;D_NEG_NO_MEDIAN_IMPROVEMENT,,False,False,False,True,"[0.0, 64.0, 14.0, 2.0, 0.0, 0.0, 0.0, 0.0, 16.0]",58,0.0,0.0,64.0,81.0,81.0,908.0,0,14,44,58,-0.136,-0.0885,-0.043,-0.028,-0.017,-4.796,6,0.0,0.0,81.0,81.0,81.0,134.0,0,2,4,6,0.011,0.040999999999999995,0.066,0.066,0.066,0.241,201,-99.0,0.0,0.0,0.0,18.0,-4466.0,55,2,144,201,-0.133,-0.038,-0.006,-0.003,-0.001,-7.99,384,-99.0,0.0,0.0,0.0,29.0,-4878.0,75,10,299,384,0.0,0.043,0.07,0.074,0.078,15.882,4032,-100.0,0.0,10.0,24.0,64.0,-27678.0,583,429,3020,4032,-0.133,0.357,0.894,1.023,1.334,1673.434
A_X092_Y100,92,100,80,104,84,116,309.0,144.0,1.0,825,13200,9941,3259,0.2481060606060606,"{""X2Y1"": 330, ""X3Y1"": 495}",True,NOT_PROVEN_WITHOUT_MOVED_FF_CONTROL_SET_REPLAY,NOT_PROVEN_READ_ONLY_SITE_INVENTORY_ONLY,16,FEATURE_BIN_3,16,6D6B2605916DFCDD525A27838AC825D18C62B807369D6E6322040D77ED73CF54,True,,False,False,U_NEG_UPSTREAM_WORSENING;U_PASS_UPSTREAM_INCREASE;D_NEG_NO_MEDIAN_IMPROVEMENT,,False,False,False,True,"[0.0, 58.0, 14.0, 2.0, 0.0, 0.0, 0.0, 0.0, 16.0]",58,0.0,0.0,58.0,81.0,81.0,844.0,0,14,44,58,-0.136,-0.0885,-0.043,-0.028,-0.017,-4.796,6,0.0,0.0,76.0,76.0,76.0,119.0,0,2,4,6,0.011,0.040999999999999995,0.066,0.066,0.066,0.241,201,-94.0,0.0,0.0,0.0,24.0,-1776.0,29,2,170,201,-0.133,-0.038,-0.006,-0.003,-0.001,-7.99,384,-94.0,0.0,0.0,8.0,25.0,-4669.0,78,20,286,384,0.0,0.043,0.07,0.074,0.078,15.882,4032,-94.0,0.0,14.0,25.0,74.0,-22092.0,543,449,3040,4032,-0.133,0.357,0.894,1.023,1.334,1673.434
A_X092_Y104,92,104,80,104,88,120,309.0,140.0,1.0,825,13200,10378,2822,0.21863636363636363,"{""X2Y1"": 320, ""X2Y2"": 10, ""X3Y1"": 480, ""X3Y2"": 15}",True,NOT_PROVEN_WITHOUT_MOVED_FF_CONTROL_SET_REPLAY,NOT_PROVEN_READ_ONLY_SITE_INVENTORY_ONLY,0,ALL_64,64,A49D88051B2D2E5D1255D4F806A7569CDA9B33A650A908566197031349AD8DB4,True,,False,False,U_NEG_UPSTREAM_WORSENING;U_PASS_UPSTREAM_INCREASE,,False,False,True,True,"[65.0, 87.0, 58.0, 6.0, -79.0, 0.0, -72.5, -16.0, 64.0]",58,27.0,65.0,87.0,91.0,95.0,3833.0,0,58,0,58,-0.136,-0.0885,-0.043,-0.028,-0.017,-4.796,6,39.0,71.0,87.0,87.0,87.0,394.0,0,6,0,6,0.011,0.040999999999999995,0.066,0.066,0.066,0.241,201,-102.0,-79.0,0.0,28.0,56.0,-13008.0,180,19,2,201,-0.133,-0.038,-0.006,-0.003,-0.001,-7.99,384,-115.0,-72.5,21.0,28.0,54.0,-20482.0,321,63,0,384,0.0,0.043,0.07,0.074,0.078,15.882,4032,-115.0,-16.0,38.0,46.0,74.0,-98784.0,2259,1751,22,4032,-0.133,0.357,0.894,1.023,1.334,1673.434
A_X092_Y104,92,104,80,104,88,120,309.0,140.0,1.0,825,13200,10378,2822,0.21545454545454545,"{""X2Y1"": 320, ""X2Y2"": 10, ""X3Y1"": 480, ""X3Y2"": 15}",True,NOT_PROVEN_WITHOUT_MOVED_FF_CONTROL_SET_REPLAY,NOT_PROVEN_READ_ONLY_SITE_INVENTORY_ONLY,0,DEST_X2Y1_MAJOR,22,EC8295A18CFB3214990035A3C2A8A03B2248BEA56069D816345F1D2C0CC4741A,True,,False,False,U_NEG_UPSTREAM_WORSENING;D_NEG_NO_MEDIAN_IMPROVEMENT,,False,True,False,True,"[0.0, 77.0, 22.0, 0.0, 0.0, 0.0, 0.0, 0.0, 22.0]",58,0.0,0.0,77.0,86.0,87.0,1369.0,0,22,36,58,-0.136,-0.0885,-0.043,-0.028,-0.017,-4.796,6,0.0,0.0,0.0,0.0,0.0,0.0,0,0,6,6,0.011,0.040999999999999995,0.066,0.066,0.066,0.241,201,-95.0,0.0,0.0,28.0,56.0,-2098.0,46,17,138,201,-0.133,-0.038,-0.006,-0.003,-0.001,-7.99,384,-100.0,0.0,4.0,24.0,54.0,-5381.0,103,39,242,384,0.0,0.043,0.07,0.074,0.078,15.882,4032,-100.0,0.0,26.0,32.0,74.0,-32136.0,763,616,2653,4032,-0.133,0.357,0.894,1.023,1.334,1673.434
A_X092_Y104,92,104,80,104,88,120,309.0,140.0,1.0,825,13200,10378,2822,0.2153030303030303,"{""X2Y1"": 320, ""X2Y2"": 10, ""X3Y1"": 480, ""X3Y2"": 15}",True,NOT_PROVEN_WITHOUT_MOVED_FF_CONTROL_SET_REPLAY,NOT_PROVEN_READ_ONLY_SITE_INVENTORY_ONLY,0,DEST_X3Y1_MAJOR,20,D8DF451BC1C4EF6032E28F4D3065B488CCF48FA9921667AB64B2E0E8D05D4049,True,,False,False,U_NEG_UPSTREAM_WORSENING;U_PASS_UPSTREAM_INCREASE,,False,False,True,True,"[0.0, 74.0, 15.0, 5.0, -71.0, 0.0, 0.0, 0.0, 20.0]",58,0.0,0.0,74.0,79.0,95.0,1044.0,0,15,43,58,-0.136,-0.0885,-0.043,-0.028,-0.017,-4.796,6,0.0,59.5,87.0,87.0,87.0,322.0,0,5,1,6,0.011,0.040999999999999995,0.066,0.066,0.066,0.241,201,-102.0,-71.0,0.0,0.0,21.0,-10170.0,124,2,75,201,-0.133,-0.038,-0.006,-0.003,-0.001,-7.99,384,-108.0,0.0,0.0,0.0,38.0,-10983.0,154,15,215,384,0.0,0.043,0.07,0.074,0.078,15.882,4032,-108.0,0.0,23.0,34.0,73.0,-31504.0,716,539,2777,4032,-0.133,0.357,0.894,1.023,1.334,1673.434
A_X092_Y104,92,104,80,104,88,120,309.0,140.0,1.0,825,13200,10378,2822,0.21545454545454545,"{""X2Y1"": 320, ""X2Y2"": 10, ""X3Y1"": 480, ""X3Y2"": 15}",True,NOT_PROVEN_WITHOUT_MOVED_FF_CONTROL_SET_REPLAY,NOT_PROVEN_READ_ONLY_SITE_INVENTORY_ONLY,0,DEST_MIXED_OR_OTHER,22,62A80A6BF2780309EBB7ACB65499DC33F9E420F49ABAF670FF853CD53D650A7D,True,,False,False,U_NEG_UPSTREAM_WORSENING;U_PASS_UPSTREAM_INCREASE;D_NEG_NO_MEDIAN_IMPROVEMENT,,False,False,False,True,"[0.0, 77.0, 21.0, 1.0, 0.0, 0.0, 0.0, 0.0, 22.0]",58,0.0,0.0,77.0,86.0,94.0,1420.0,0,21,37,58,-0.136,-0.0885,-0.043,-0.028,-0.017,-4.796,6,0.0,0.0,72.0,72.0,72.0,72.0,0,1,5,6,0.011,0.040999999999999995,0.066,0.066,0.066,0.241,201,-95.0,0.0,0.0,0.0,0.0,-740.0,10,0,191,201,-0.133,-0.038,-0.006,-0.003,-0.001,-7.99,384,-115.0,0.0,0.0,0.0,35.0,-4118.0,64,9,311,384,0.0,0.043,0.07,0.074,0.078,15.882,4032,-115.0,0.0,27.0,35.0,71.0,-35144.0,780,596,2656,4032,-0.133,0.357,0.894,1.023,1.334,1673.434
A_X092_Y104,92,104,80,104,88,120,309.0,140.0,1.0,825,13200,10378,2822,0.215,"{""X2Y1"": 320, ""X2Y2"": 10, ""X3Y1"": 480, ""X3Y2"": 15}",True,NOT_PROVEN_WITHOUT_MOVED_FF_CONTROL_SET_REPLAY,NOT_PROVEN_READ_ONLY_SITE_INVENTORY_ONLY,0,FEATURE_BIN_0,16,25AFEB422DB3BDBEF4DCE97A6D1274116E7B27A3B94E395D479DC22D3DE14FFD,True,,False,False,U_NEG_UPSTREAM_WORSENING;D_NEG_NO_MEDIAN_IMPROVEMENT,,False,True,False,True,"[0.0, 74.0, 16.0, 0.0, 0.0, 0.0, 0.0, 0.0, 16.0]",58,0.0,0.0,74.0,86.0,94.0,1169.0,0,16,42,58,-0.136,-0.0885,-0.043,-0.028,-0.017,-4.796,6,0.0,0.0,0.0,0.0,0.0,0.0,0,0,6,6,0.011,0.040999999999999995,0.066,0.066,0.066,0.241,201,-100.0,0.0,0.0,0.0,56.0,-4294.0,57,7,137,201,-0.133,-0.038,-0.006,-0.003,-0.001,-7.99,384,-115.0,0.0,0.0,0.0,54.0,-5196.0,79,17,288,384,0.0,0.043,0.07,0.074,0.078,15.882,4032,-115.0,0.0,7.0,34.0,74.0,-27874.0,586,422,3024,4032,-0.133,0.357,0.894,1.023,1.334,1673.434
A_X092_Y104,92,104,80,104,88,120,309.0,140.0,1.0,825,13200,10378,2822,0.215,"{""X2Y1"": 320, ""X2Y2"": 10, ""X3Y1"": 480, ""X3Y2"": 15}",True,NOT_PROVEN_WITHOUT_MOVED_FF_CONTROL_SET_REPLAY,NOT_PROVEN_READ_ONLY_SITE_INVENTORY_ONLY,0,FEATURE_BIN_1,16,863B9B0389C1B994C73ED0C57EC56A84FD6D317708E59D47B391DA86E44D3A8E,True,,False,False,U_NEG_UPSTREAM_WORSENING;U_PASS_UPSTREAM_INCREASE;D_NEG_NO_MEDIAN_IMPROVEMENT,,False,False,False,True,"[0.0, 79.0, 14.0, 2.0, 0.0, 0.0, 0.0, 0.0, 16.0]",58,0.0,0.0,79.0,87.0,95.0,1024.0,0,14,44,58,-0.136,-0.0885,-0.043,-0.028,-0.017,-4.796,6,0.0,0.0,87.0,87.0,87.0,157.0,0,2,4,6,0.011,0.040999999999999995,0.066,0.066,0.066,0.241,201,-102.0,0.0,0.0,0.0,31.0,-2726.0,41,7,153,201,-0.133,-0.038,-0.006,-0.003,-0.001,-7.99,384,-108.0,0.0,0.0,0.0,31.0,-6279.0,89,15,280,384,0.0,0.043,0.07,0.074,0.078,15.882,4032,-108.0,0.0,16.0,36.0,73.0,-23878.0,566,439,3027,4032,-0.133,0.357,0.894,1.023,1.334,1673.434
A_X092_Y104,92,104,80,104,88,120,309.0,140.0,1.0,825,13200,10378,2822,0.215,"{""X2Y1"": 320, ""X2Y2"": 10, ""X3Y1"": 480, ""X3Y2"": 15}",True,NOT_PROVEN_WITHOUT_MOVED_FF_CONTROL_SET_REPLAY,NOT_PROVEN_READ_ONLY_SITE_INVENTORY_ONLY,0,FEATURE_BIN_2,16,18F6AC63D50EACD2B5F6CC669CA58252595A0313B759D7A0EC563D4D8CFF4410,True,,False,False,U_NEG_UPSTREAM_WORSENING;U_PASS_UPSTREAM_INCREASE;D_NEG_NO_MEDIAN_IMPROVEMENT,,False,False,False,True,"[0.0, 60.0, 14.0, 2.0, 0.0, 0.0, 0.0, 0.0, 16.0]",58,0.0,0.0,60.0,77.0,77.0,852.0,0,14,44,58,-0.136,-0.0885,-0.043,-0.028,-0.017,-4.796,6,0.0,0.0,77.0,77.0,77.0,126.0,0,2,4,6,0.011,0.040999999999999995,0.066,0.066,0.066,0.241,201,-95.0,0.0,0.0,0.0,22.0,-4300.0,55,2,144,201,-0.133,-0.038,-0.006,-0.003,-0.001,-7.99,384,-96.0,0.0,0.0,0.0,33.0,-4638.0,75,10,299,384,0.0,0.043,0.07,0.074,0.078,15.882,4032,-96.0,0.0,12.0,25.0,60.0,-26288.0,578,432,3022,4032,-0.133,0.357,0.894,1.023,1.334,1673.434
A_X092_Y104,92,104,80,104,88,120,309.0,140.0,1.0,825,13200,10378,2822,0.215,"{""X2Y1"": 320, ""X2Y2"": 10, ""X3Y1"": 480, ""X3Y2"": 15}",True,NOT_PROVEN_WITHOUT_MOVED_FF_CONTROL_SET_REPLAY,NOT_PROVEN_READ_ONLY_SITE_INVENTORY_ONLY,0,FEATURE_BIN_3,16,6D6B2605916DFCDD525A27838AC825D18C62B807369D6E6322040D77ED73CF54,True,,False,False,U_NEG_UPSTREAM_WORSENING;U_PASS_UPSTREAM_INCREASE;D_NEG_NO_MEDIAN_IMPROVEMENT,,False,False,False,True,"[0.0, 54.0, 14.0, 2.0, 0.0, 0.0, 0.0, 0.0, 16.0]",58,0.0,0.0,54.0,77.0,77.0,788.0,0,14,44,58,-0.136,-0.0885,-0.043,-0.028,-0.017,-4.796,6,0.0,0.0,72.0,72.0,72.0,111.0,0,2,4,6,0.011,0.040999999999999995,0.066,0.066,0.066,0.241,201,-90.0,0.0,0.0,0.0,28.0,-1688.0,27,3,171,201,-0.133,-0.038,-0.006,-0.003,-0.001,-7.99,384,-90.0,0.0,0.0,12.0,29.0,-4369.0,78,21,285,384,0.0,0.043,0.07,0.074,0.078,15.882,4032,-90.0,0.0,18.0,28.0,70.0,-20744.0,529,458,3045,4032,-0.133,0.357,0.894,1.023,1.334,1673.434
A_X092_Y108,92,108,80,104,92,124,309.0,136.0,1.0,825,13200,10829,2371,0.18446969696969698,"{""X2Y1"": 280, ""X2Y2"": 50, ""X3Y1"": 420, ""X3Y2"": 75}",True,NOT_PROVEN_WITHOUT_MOVED_FF_CONTROL_SET_REPLAY,NOT_PROVEN_READ_ONLY_SITE_INVENTORY_ONLY,0,ALL_64,64,A49D88051B2D2E5D1255D4F806A7569CDA9B33A650A908566197031349AD8DB4,True,,False,False,U_NEG_UPSTREAM_WORSENING;U_PASS_UPSTREAM_INCREASE,,False,False,True,True,"[61.0, 83.0, 58.0, 6.0, -77.0, 4.0, -69.5, -12.0, 64.0]",58,23.0,61.0,83.0,87.0,91.0,3601.0,0,58,0,58,-0.136,-0.0885,-0.043,-0.028,-0.017,-4.796,6,35.0,67.0,83.0,83.0,83.0,370.0,0,6,0,6,0.011,0.040999999999999995,0.066,0.066,0.066,0.241,201,-104.0,-77.0,4.0,32.0,52.0,-12408.0,179,22,0,201,-0.133,-0.038,-0.006,-0.003,-0.001,-7.99,384,-111.0,-69.5,25.0,32.0,50.0,-19240.0,316,67,1,384,0.0,0.043,0.07,0.074,0.078,15.882,4032,-111.0,-12.0,39.0,42.0,70.0,-90380.0,2225,1797,10,4032,-0.133,0.357,0.894,1.023,1.334,1673.434
A_X092_Y108,92,108,80,104,92,124,309.0,136.0,1.0,825,13200,10829,2371,0.18128787878787878,"{""X2Y1"": 280, ""X2Y2"": 50, ""X3Y1"": 420, ""X3Y2"": 75}",True,NOT_PROVEN_WITHOUT_MOVED_FF_CONTROL_SET_REPLAY,NOT_PROVEN_READ_ONLY_SITE_INVENTORY_ONLY,0,DEST_X2Y1_MAJOR,22,EC8295A18CFB3214990035A3C2A8A03B2248BEA56069D816345F1D2C0CC4741A,True,,False,False,U_NEG_UPSTREAM_WORSENING;D_NEG_NO_MEDIAN_IMPROVEMENT,,False,True,False,True,"[0.0, 73.0, 22.0, 0.0, 0.0, 0.0, 0.0, 0.0, 22.0]",58,0.0,0.0,73.0,82.0,83.0,1281.0,0,22,36,58,-0.136,-0.0885,-0.043,-0.028,-0.017,-4.796,6,0.0,0.0,0.0,0.0,0.0,0.0,0,0,6,6,0.011,0.040999999999999995,0.066,0.066,0.066,0.241,201,-91.0,0.0,0.0,32.0,52.0,-1864.0,45,20,136,201,-0.133,-0.038,-0.006,-0.003,-0.001,-7.99,384,-96.0,0.0,8.0,28.0,50.0,-4883.0,102,40,242,384,0.0,0.043,0.07,0.074,0.078,15.882,4032,-96.0,0.0,28.0,34.0,70.0,-29394.0,747,632,2653,4032,-0.133,0.357,0.894,1.023,1.334,1673.434
A_X092_Y108,92,108,80,104,92,124,309.0,136.0,1.0,825,13200,10829,2371,0.18113636363636362,"{""X2Y1"": 280, ""X2Y2"": 50, ""X3Y1"": 420, ""X3Y2"": 75}",True,NOT_PROVEN_WITHOUT_MOVED_FF_CONTROL_SET_REPLAY,NOT_PROVEN_READ_ONLY_SITE_INVENTORY_ONLY,0,DEST_X3Y1_MAJOR,20,D8DF451BC1C4EF6032E28F4D3065B488CCF48FA9921667AB64B2E0E8D05D4049,True,,False,False,U_NEG_UPSTREAM_WORSENING;U_PASS_UPSTREAM_INCREASE,,False,False,True,True,"[0.0, 70.0, 15.0, 5.0, -71.0, 0.0, 0.0, 0.0, 20.0]",58,0.0,0.0,70.0,75.0,91.0,984.0,0,15,43,58,-0.136,-0.0885,-0.043,-0.028,-0.017,-4.796,6,0.0,55.5,83.0,83.0,83.0,302.0,0,5,1,6,0.011,0.040999999999999995,0.066,0.066,0.066,0.241,201,-104.0,-71.0,0.0,0.0,25.0,-9824.0,124,2,75,201,-0.133,-0.038,-0.006,-0.003,-0.001,-7.99,384,-104.0,0.0,0.0,0.0,42.0,-10451.0,151,17,216,384,0.0,0.043,0.07,0.074,0.078,15.882,4032,-104.0,0.0,26.0,35.0,69.0,-28852.0,706,550,2776,4032,-0.133,0.357,0.894,1.023,1.334,1673.434
A_X092_Y108,92,108,80,104,92,124,309.0,136.0,1.0,825,13200,10829,2371,0.18128787878787878,"{""X2Y1"": 280, ""X2Y2"": 50, ""X3Y1"": 420, ""X3Y2"": 75}",True,NOT_PROVEN_WITHOUT_MOVED_FF_CONTROL_SET_REPLAY,NOT_PROVEN_READ_ONLY_SITE_INVENTORY_ONLY,0,DEST_MIXED_OR_OTHER,22,62A80A6BF2780309EBB7ACB65499DC33F9E420F49ABAF670FF853CD53D650A7D,True,,False,False,U_NEG_UPSTREAM_WORSENING;U_PASS_UPSTREAM_INCREASE;D_NEG_NO_MEDIAN_IMPROVEMENT,,False,False,False,True,"[0.0, 73.0, 21.0, 1.0, 0.0, 0.0, 0.0, 0.0, 22.0]",58,0.0,0.0,73.0,82.0,90.0,1336.0,0,21,37,58,-0.136,-0.0885,-0.043,-0.028,-0.017,-4.796,6,0.0,0.0,68.0,68.0,68.0,68.0,0,1,5,6,0.011,0.040999999999999995,0.066,0.066,0.066,0.241,201,-95.0,0.0,0.0,0.0,0.0,-720.0,10,0,191,201,-0.133,-0.038,-0.006,-0.003,-0.001,-7.99,384,-111.0,0.0,0.0,0.0,39.0,-3906.0,63,10,311,384,0.0,0.043,0.07,0.074,0.078,15.882,4032,-111.0,0.0,31.0,37.0,67.0,-32134.0,772,615,2645,4032,-0.133,0.357,0.894,1.023,1.334,1673.434
A_X092_Y108,92,108,80,104,92,124,309.0,136.0,1.0,825,13200,10829,2371,0.18083333333333335,"{""X2Y1"": 280, ""X2Y2"": 50, ""X3Y1"": 420, ""X3Y2"": 75}",True,NOT_PROVEN_WITHOUT_MOVED_FF_CONTROL_SET_REPLAY,NOT_PROVEN_READ_ONLY_SITE_INVENTORY_ONLY,0,FEATURE_BIN_0,16,25AFEB422DB3BDBEF4DCE97A6D1274116E7B27A3B94E395D479DC22D3DE14FFD,True,,False,False,U_NEG_UPSTREAM_WORSENING;D_NEG_NO_MEDIAN_IMPROVEMENT,,False,True,False,True,"[0.0, 70.0, 16.0, 0.0, 0.0, 0.0, 0.0, 0.0, 16.0]",58,0.0,0.0,70.0,82.0,90.0,1105.0,0,16,42,58,-0.136,-0.0885,-0.043,-0.028,-0.017,-4.796,6,0.0,0.0,0.0,0.0,0.0,0.0,0,0,6,6,0.011,0.040999999999999995,0.066,0.066,0.066,0.241,201,-96.0,0.0,0.0,0.0,52.0,-4130.0,57,7,137,201,-0.133,-0.038,-0.006,-0.003,-0.001,-7.99,384,-111.0,0.0,0.0,0.0,50.0,-4858.0,79,17,288,384,0.0,0.043,0.07,0.074,0.078,15.882,4032,-111.0,0.0,11.0,37.0,70.0,-25514.0,586,426,3020,4032,-0.133,0.357,0.894,1.023,1.334,1673.434
A_X092_Y108,92,108,80,104,92,124,309.0,136.0,1.0,825,13200,10829,2371,0.18083333333333335,"{""X2Y1"": 280, ""X2Y2"": 50, ""X3Y1"": 420, ""X3Y2"": 75}",True,NOT_PROVEN_WITHOUT_MOVED_FF_CONTROL_SET_REPLAY,NOT_PROVEN_READ_ONLY_SITE_INVENTORY_ONLY,0,FEATURE_BIN_1,16,863B9B0389C1B994C73ED0C57EC56A84FD6D317708E59D47B391DA86E44D3A8E,True,,False,False,U_NEG_UPSTREAM_WORSENING;U_PASS_UPSTREAM_INCREASE;D_NEG_NO_MEDIAN_IMPROVEMENT,,False,False,False,True,"[0.0, 75.0, 14.0, 2.0, 0.0, 0.0, 0.0, 0.0, 16.0]",58,0.0,0.0,75.0,83.0,91.0,968.0,0,14,44,58,-0.136,-0.0885,-0.043,-0.028,-0.017,-4.796,6,0.0,0.0,83.0,83.0,83.0,149.0,0,2,4,6,0.011,0.040999999999999995,0.066,0.066,0.066,0.241,201,-104.0,0.0,0.0,0.0,35.0,-2580.0,41,7,153,201,-0.133,-0.038,-0.006,-0.003,-0.001,-7.99,384,-104.0,0.0,0.0,0.0,35.0,-5993.0,88,16,280,384,0.0,0.043,0.07,0.074,0.078,15.882,4032,-104.0,0.0,20.0,35.0,69.0,-21960.0,558,451,3023,4032,-0.133,0.357,0.894,1.023,1.334,1673.434
A_X092_Y108,92,108,80,104,92,124,309.0,136.0,1.0,825,13200,10829,2371,0.18083333333333335,"{""X2Y1"": 280, ""X2Y2"": 50, ""X3Y1"": 420, ""X3Y2"": 75}",True,NOT_PROVEN_WITHOUT_MOVED_FF_CONTROL_SET_REPLAY,NOT_PROVEN_READ_ONLY_SITE_INVENTORY_ONLY,0,FEATURE_BIN_2,16,18F6AC63D50EACD2B5F6CC669CA58252595A0313B759D7A0EC563D4D8CFF4410,True,,False,False,U_NEG_UPSTREAM_WORSENING;U_PASS_UPSTREAM_INCREASE;D_NEG_NO_MEDIAN_IMPROVEMENT,,False,False,False,True,"[0.0, 56.0, 14.0, 2.0, 0.0, 0.0, 0.0, 0.0, 16.0]",58,0.0,0.0,56.0,73.0,73.0,796.0,0,14,44,58,-0.136,-0.0885,-0.043,-0.028,-0.017,-4.796,6,0.0,0.0,73.0,73.0,73.0,118.0,0,2,4,6,0.011,0.040999999999999995,0.066,0.066,0.066,0.241,201,-91.0,0.0,0.0,0.0,26.0,-4110.0,54,3,144,201,-0.133,-0.038,-0.006,-0.003,-0.001,-7.99,384,-92.0,0.0,0.0,0.0,37.0,-4354.0,73,11,300,384,0.0,0.043,0.07,0.074,0.078,15.882,4032,-92.0,0.0,16.0,28.0,56.0,-24190.0,562,446,3024,4032,-0.133,0.357,0.894,1.023,1.334,1673.434
A_X092_Y108,92,108,80,104,92,124,309.0,136.0,1.0,825,13200,10829,2371,0.18083333333333335,"{""X2Y1"": 280, ""X2Y2"": 50, ""X3Y1"": 420, ""X3Y2"": 75}",True,NOT_PROVEN_WITHOUT_MOVED_FF_CONTROL_SET_REPLAY,NOT_PROVEN_READ_ONLY_SITE_INVENTORY_ONLY,0,FEATURE_BIN_3,16,6D6B2605916DFCDD525A27838AC825D18C62B807369D6E6322040D77ED73CF54,True,,False,False,U_NEG_UPSTREAM_WORSENING;U_PASS_UPSTREAM_INCREASE;D_NEG_NO_MEDIAN_IMPROVEMENT,,False,False,False,True,"[0.0, 50.0, 14.0, 2.0, 0.0, 0.0, 0.0, 0.0, 16.0]",58,0.0,0.0,50.0,73.0,73.0,732.0,0,14,44,58,-0.136,-0.0885,-0.043,-0.028,-0.017,-4.796,6,0.0,0.0,68.0,68.0,68.0,103.0,0,2,4,6,0.011,0.040999999999999995,0.066,0.066,0.066,0.241,201,-86.0,0.0,0.0,0.0,32.0,-1588.0,27,5,169,201,-0.133,-0.038,-0.006,-0.003,-0.001,-7.99,384,-86.0,0.0,0.0,16.0,33.0,-4035.0,76,23,285,384,0.0,0.043,0.07,0.074,0.078,15.882,4032,-86.0,0.0,22.0,32.0,66.0,-18716.0,519,474,3039,4032,-0.133,0.357,0.894,1.023,1.334,1673.434
A_X092_Y112,92,112,80,104,96,128,309.0,132.0,1.0,825,13200,11305,1895,0.1484090909090909,"{""X2Y1"": 240, ""X2Y2"": 90, ""X3Y1"": 360, ""X3Y2"": 135}",True,NOT_PROVEN_WITHOUT_MOVED_FF_CONTROL_SET_REPLAY,NOT_PROVEN_READ_ONLY_SITE_INVENTORY_ONLY,0,ALL_64,64,A49D88051B2D2E5D1255D4F806A7569CDA9B33A650A908566197031349AD8DB4,True,,False,False,U_NEG_UPSTREAM_WORSENING;U_PASS_UPSTREAM_INCREASE,,False,False,True,True,"[57.0, 79.0, 58.0, 6.0, -74.0, 8.0, -65.5, -8.0, 64.0]",58,19.0,57.0,79.0,83.0,87.0,3369.0,0,58,0,58,-0.136,-0.0885,-0.043,-0.028,-0.017,-4.796,6,31.0,63.0,79.0,79.0,79.0,346.0,0,6,0,6,0.011,0.040999999999999995,0.066,0.066,0.066,0.241,201,-100.0,-74.0,8.0,36.0,48.0,-11690.0,178,23,0,201,-0.133,-0.038,-0.006,-0.003,-0.001,-7.99,384,-107.0,-65.5,29.0,36.0,46.0,-17840.0,303,76,5,384,0.0,0.043,0.07,0.074,0.078,15.882,4032,-107.0,-8.0,41.0,45.0,66.0,-78338.0,2148,1864,20,4032,-0.133,0.357,0.894,1.023,1.334,1673.434
A_X092_Y112,92,112,80,104,96,128,309.0,132.0,1.0,825,13200,11305,1895,0.14522727272727273,"{""X2Y1"": 240, ""X2Y2"": 90, ""X3Y1"": 360, ""X3Y2"": 135}",True,NOT_PROVEN_WITHOUT_MOVED_FF_CONTROL_SET_REPLAY,NOT_PROVEN_READ_ONLY_SITE_INVENTORY_ONLY,0,DEST_X2Y1_MAJOR,22,EC8295A18CFB3214990035A3C2A8A03B2248BEA56069D816345F1D2C0CC4741A,True,,False,False,U_NEG_UPSTREAM_WORSENING;D_NEG_NO_MEDIAN_IMPROVEMENT,,False,True,False,True,"[0.0, 69.0, 22.0, 0.0, 0.0, 2.0, 0.0, 0.0, 22.0]",58,0.0,0.0,69.0,78.0,79.0,1193.0,0,22,36,58,-0.136,-0.0885,-0.043,-0.028,-0.017,-4.796,6,0.0,0.0,0.0,0.0,0.0,0.0,0,0,6,6,0.011,0.040999999999999995,0.066,0.066,0.066,0.241,201,-87.0,0.0,2.0,36.0,48.0,-1624.0,44,21,136,201,-0.133,-0.038,-0.006,-0.003,-0.001,-7.99,384,-92.0,0.0,12.0,32.0,46.0,-4345.0,91,46,247,384,0.0,0.043,0.07,0.074,0.078,15.882,4032,-92.0,0.0,31.0,38.0,66.0,-25428.0,715,656,2661,4032,-0.133,0.357,0.894,1.023,1.334,1673.434
A_X092_Y112,92,112,80,104,96,128,309.0,132.0,1.0,825,13200,11305,1895,0.14507575757575758,"{""X2Y1"": 240, ""X2Y2"": 90, ""X3Y1"": 360, ""X3Y2"": 135}",True,NOT_PROVEN_WITHOUT_MOVED_FF_CONTROL_SET_REPLAY,NOT_PROVEN_READ_ONLY_SITE_INVENTORY_ONLY,0,DEST_X3Y1_MAJOR,20,D8DF451BC1C4EF6032E28F4D3065B488CCF48FA9921667AB64B2E0E8D05D4049,True,,False,False,U_NEG_UPSTREAM_WORSENING;U_PASS_UPSTREAM_INCREASE,,False,False,True,True,"[0.0, 66.0, 15.0, 5.0, -67.0, 0.0, 0.0, 0.0, 20.0]",58,0.0,0.0,66.0,71.0,87.0,924.0,0,15,43,58,-0.136,-0.0885,-0.043,-0.028,-0.017,-4.796,6,0.0,51.5,79.0,79.0,79.0,282.0,0,5,1,6,0.011,0.040999999999999995,0.066,0.066,0.066,0.241,201,-100.0,-67.0,0.0,0.0,29.0,-9382.0,124,2,75,201,-0.133,-0.038,-0.006,-0.003,-0.001,-7.99,384,-100.0,0.0,0.0,0.0,46.0,-9849.0,151,18,215,384,0.0,0.043,0.07,0.074,0.078,15.882,4032,-100.0,0.0,30.0,37.0,65.0,-25074.0,680,578,2774,4032,-0.133,0.357,0.894,1.023,1.334,1673.434
A_X092_Y112,92,112,80,104,96,128,309.0,132.0,1.0,825,13200,11305,1895,0.14522727272727273,"{""X2Y1"": 240, ""X2Y2"": 90, ""X3Y1"": 360, ""X3Y2"": 135}",True,NOT_PROVEN_WITHOUT_MOVED_FF_CONTROL_SET_REPLAY,NOT_PROVEN_READ_ONLY_SITE_INVENTORY_ONLY,0,DEST_MIXED_OR_OTHER,22,62A80A6BF2780309EBB7ACB65499DC33F9E420F49ABAF670FF853CD53D650A7D,True,,False,False,U_NEG_UPSTREAM_WORSENING;U_PASS_UPSTREAM_INCREASE;D_NEG_NO_MEDIAN_IMPROVEMENT,,False,False,False,True,"[0.0, 69.0, 21.0, 1.0, 0.0, 0.0, 0.0, 0.0, 22.0]",58,0.0,0.0,69.0,78.0,86.0,1252.0,0,21,37,58,-0.136,-0.0885,-0.043,-0.028,-0.017,-4.796,6,0.0,0.0,64.0,64.0,64.0,64.0,0,1,5,6,0.011,0.040999999999999995,0.066,0.066,0.066,0.241,201,-91.0,0.0,0.0,0.0,0.0,-684.0,10,0,191,201,-0.133,-0.038,-0.006,-0.003,-0.001,-7.99,384,-107.0,0.0,0.0,0.0,43.0,-3646.0,61,12,311,384,0.0,0.043,0.07,0.074,0.078,15.882,4032,-107.0,0.0,35.0,41.0,63.0,-27836.0,753,630,2649,4032,-0.133,0.357,0.894,1.023,1.334,1673.434
A_X092_Y112,92,112,80,104,96,128,309.0,132.0,1.0,825,13200,11305,1895,0.14477272727272728,"{""X2Y1"": 240, ""X2Y2"": 90, ""X3Y1"": 360, ""X3Y2"": 135}",True,NOT_PROVEN_WITHOUT_MOVED_FF_CONTROL_SET_REPLAY,NOT_PROVEN_READ_ONLY_SITE_INVENTORY_ONLY,0,FEATURE_BIN_0,16,25AFEB422DB3BDBEF4DCE97A6D1274116E7B27A3B94E395D479DC22D3DE14FFD,True,,False,False,U_NEG_UPSTREAM_WORSENING;D_NEG_NO_MEDIAN_IMPROVEMENT,,False,True,False,True,"[0.0, 66.0, 16.0, 0.0, 0.0, 0.0, 0.0, 0.0, 16.0]",58,0.0,0.0,66.0,78.0,86.0,1041.0,0,16,42,58,-0.136,-0.0885,-0.043,-0.028,-0.017,-4.796,6,0.0,0.0,0.0,0.0,0.0,0.0,0,0,6,6,0.011,0.040999999999999995,0.066,0.066,0.066,0.241,201,-92.0,0.0,0.0,0.0,48.0,-3906.0,56,8,137,201,-0.133,-0.038,-0.006,-0.003,-0.001,-7.99,384,-107.0,0.0,0.0,0.0,46.0,-4496.0,76,19,289,384,0.0,0.043,0.07,0.074,0.078,15.882,4032,-107.0,0.0,15.0,40.0,66.0,-22228.0,565,441,3026,4032,-0.133,0.357,0.894,1.023,1.334,1673.434
A_X092_Y112,92,112,80,104,96,128,309.0,132.0,1.0,825,13200,11305,1895,0.14477272727272728,"{""X2Y1"": 240, ""X2Y2"": 90, ""X3Y1"": 360, ""X3Y2"": 135}",True,NOT_PROVEN_WITHOUT_MOVED_FF_CONTROL_SET_REPLAY,NOT_PROVEN_READ_ONLY_SITE_INVENTORY_ONLY,0,FEATURE_BIN_1,16,863B9B0389C1B994C73ED0C57EC56A84FD6D317708E59D47B391DA86E44D3A8E,True,,False,False,U_NEG_UPSTREAM_WORSENING;U_PASS_UPSTREAM_INCREASE;D_NEG_NO_MEDIAN_IMPROVEMENT,,False,False,False,True,"[0.0, 71.0, 14.0, 2.0, 0.0, 0.0, 0.0, 0.0, 16.0]",58,0.0,0.0,71.0,79.0,87.0,912.0,0,14,44,58,-0.136,-0.0885,-0.043,-0.028,-0.017,-4.796,6,0.0,0.0,79.0,79.0,79.0,141.0,0,2,4,6,0.011,0.040999999999999995,0.066,0.066,0.066,0.241,201,-100.0,0.0,0.0,0.0,39.0,-2416.0,41,7,153,201,-0.133,-0.038,-0.006,-0.003,-0.001,-7.99,384,-100.0,0.0,0.0,0.0,39.0,-5659.0,82,18,284,384,0.0,0.043,0.07,0.074,0.078,15.882,4032,-100.0,0.0,24.0,38.0,65.0,-19116.0,533,470,3029,4032,-0.133,0.357,0.894,1.023,1.334,1673.434
A_X092_Y112,92,112,80,104,96,128,309.0,132.0,1.0,825,13200,11305,1895,0.14477272727272728,"{""X2Y1"": 240, ""X2Y2"": 90, ""X3Y1"": 360, ""X3Y2"": 135}",True,NOT_PROVEN_WITHOUT_MOVED_FF_CONTROL_SET_REPLAY,NOT_PROVEN_READ_ONLY_SITE_INVENTORY_ONLY,0,FEATURE_BIN_2,16,18F6AC63D50EACD2B5F6CC669CA58252595A0313B759D7A0EC563D4D8CFF4410,True,,False,False,U_NEG_UPSTREAM_WORSENING;U_PASS_UPSTREAM_INCREASE;D_NEG_NO_MEDIAN_IMPROVEMENT,,False,False,False,True,"[0.0, 52.0, 14.0, 2.0, 0.0, 0.0, 0.0, 0.0, 16.0]",58,0.0,0.0,52.0,69.0,69.0,740.0,0,14,44,58,-0.136,-0.0885,-0.043,-0.028,-0.017,-4.796,6,0.0,0.0,69.0,69.0,69.0,110.0,0,2,4,6,0.011,0.040999999999999995,0.066,0.066,0.066,0.241,201,-87.0,0.0,0.0,0.0,30.0,-3884.0,54,3,144,201,-0.133,-0.038,-0.006,-0.003,-0.001,-7.99,384,-88.0,0.0,0.0,0.0,41.0,-4018.0,71,14,299,384,0.0,0.043,0.07,0.074,0.078,15.882,4032,-88.0,0.0,20.0,31.0,52.0,-21144.0,542,465,3025,4032,-0.133,0.357,0.894,1.023,1.334,1673.434
A_X092_Y112,92,112,80,104,96,128,309.0,132.0,1.0,825,13200,11305,1895,0.14477272727272728,"{""X2Y1"": 240, ""X2Y2"": 90, ""X3Y1"": 360, ""X3Y2"": 135}",True,NOT_PROVEN_WITHOUT_MOVED_FF_CONTROL_SET_REPLAY,NOT_PROVEN_READ_ONLY_SITE_INVENTORY_ONLY,0,FEATURE_BIN_3,16,6D6B2605916DFCDD525A27838AC825D18C62B807369D6E6322040D77ED73CF54,True,,False,False,U_NEG_UPSTREAM_WORSENING;U_PASS_UPSTREAM_INCREASE;D_NEG_NO_MEDIAN_IMPROVEMENT,,False,False,False,True,"[0.0, 46.0, 14.0, 2.0, 0.0, 0.0, 0.0, 0.0, 16.0]",58,0.0,0.0,46.0,69.0,69.0,676.0,0,14,44,58,-0.136,-0.0885,-0.043,-0.028,-0.017,-4.796,6,0.0,0.0,64.0,64.0,64.0,95.0,0,2,4,6,0.011,0.040999999999999995,0.066,0.066,0.066,0.241,201,-82.0,0.0,0.0,0.0,36.0,-1484.0,27,5,169,201,-0.133,-0.038,-0.006,-0.003,-0.001,-7.99,384,-82.0,0.0,0.0,20.0,37.0,-3667.0,74,25,285,384,0.0,0.043,0.07,0.074,0.078,15.882,4032,-82.0,0.0,26.0,35.0,62.0,-15850.0,508,488,3036,4032,-0.133,0.357,0.894,1.023,1.334,1673.434
A_X092_Y116,92,116,80,104,100,132,309.0,128.0,1.0,825,13200,11652,1548,0.12212121212121212,"{""X2Y1"": 200, ""X2Y2"": 130, ""X3Y1"": 300, ""X3Y2"": 195}",True,NOT_PROVEN_WITHOUT_MOVED_FF_CONTROL_SET_REPLAY,NOT_PROVEN_READ_ONLY_SITE_INVENTORY_ONLY,0,ALL_64,64,A49D88051B2D2E5D1255D4F806A7569CDA9B33A650A908566197031349AD8DB4,True,,False,False,U_NEG_UPSTREAM_WORSENING;U_PASS_UPSTREAM_INCREASE,,False,False,True,True,"[53.0, 75.0, 58.0, 6.0, -70.0, 12.0, -61.5, -4.0, 64.0]",58,15.0,53.0,75.0,79.0,83.0,3137.0,0,58,0,58,-0.136,-0.0885,-0.043,-0.028,-0.017,-4.796,6,27.0,59.0,75.0,75.0,75.0,322.0,0,6,0,6,0.011,0.040999999999999995,0.066,0.066,0.066,0.241,201,-96.0,-70.0,12.0,40.0,44.0,-10908.0,175,24,2,201,-0.133,-0.038,-0.006,-0.003,-0.001,-7.99,384,-103.0,-61.5,33.0,40.0,50.0,-16318.0,289,88,7,384,0.0,0.043,0.07,0.074,0.078,15.882,4032,-103.0,-4.0,44.0,47.0,62.0,-63574.0,2055,1950,27,4032,-0.133,0.357,0.894,1.023,1.334,1673.434
A_X092_Y116,92,116,80,104,100,132,309.0,128.0,1.0,825,13200,11652,1548,0.11893939393939394,"{""X2Y1"": 200, ""X2Y2"": 130, ""X3Y1"": 300, ""X3Y2"": 195}",True,NOT_PROVEN_WITHOUT_MOVED_FF_CONTROL_SET_REPLAY,NOT_PROVEN_READ_ONLY_SITE_INVENTORY_ONLY,0,DEST_X2Y1_MAJOR,22,EC8295A18CFB3214990035A3C2A8A03B2248BEA56069D816345F1D2C0CC4741A,True,,False,False,U_NEG_UPSTREAM_WORSENING;D_NEG_NO_MEDIAN_IMPROVEMENT,,False,True,False,True,"[0.0, 65.0, 22.0, 0.0, 0.0, 6.0, 0.0, 0.0, 22.0]",58,0.0,0.0,65.0,74.0,75.0,1105.0,0,22,36,58,-0.136,-0.0885,-0.043,-0.028,-0.017,-4.796,6,0.0,0.0,0.0,0.0,0.0,0.0,0,0,6,6,0.011,0.040999999999999995,0.066,0.066,0.066,0.241,201,-83.0,0.0,6.0,40.0,44.0,-1380.0,42,21,138,201,-0.133,-0.038,-0.006,-0.003,-0.001,-7.99,384,-88.0,0.0,16.0,36.0,43.0,-3785.0,87,54,243,384,0.0,0.043,0.07,0.074,0.078,15.882,4032,-88.0,0.0,35.0,42.0,62.0,-20506.0,687,686,2659,4032,-0.133,0.357,0.894,1.023,1.334,1673.434
A_X092_Y116,92,116,80,104,100,132,309.0,128.0,1.0,825,13200,11652,1548,0.11878787878787879,"{""X2Y1"": 200, ""X2Y2"": 130, ""X3Y1"": 300, ""X3Y2"": 195}",True,NOT_PROVEN_WITHOUT_MOVED_FF_CONTROL_SET_REPLAY,NOT_PROVEN_READ_ONLY_SITE_INVENTORY_ONLY,0,DEST_X3Y1_MAJOR,20,D8DF451BC1C4EF6032E28F4D3065B488CCF48FA9921667AB64B2E0E8D05D4049,True,,False,False,U_NEG_UPSTREAM_WORSENING;U_PASS_UPSTREAM_INCREASE,,False,False,True,True,"[0.0, 62.0, 15.0, 5.0, -63.0, 0.0, 0.0, 0.0, 20.0]",58,0.0,0.0,62.0,67.0,83.0,864.0,0,15,43,58,-0.136,-0.0885,-0.043,-0.028,-0.017,-4.796,6,0.0,47.5,75.0,75.0,75.0,262.0,0,5,1,6,0.011,0.040999999999999995,0.066,0.066,0.066,0.241,201,-96.0,-63.0,0.0,0.0,33.0,-8884.0,123,3,75,201,-0.133,-0.038,-0.006,-0.003,-0.001,-7.99,384,-96.0,0.0,0.0,3.0,50.0,-9179.0,144,21,219,384,0.0,0.043,0.07,0.074,0.078,15.882,4032,-96.0,0.0,34.0,41.0,61.0,-20478.0,647,607,2778,4032,-0.133,0.357,0.894,1.023,1.334,1673.434
A_X092_Y116,92,116,80,104,100,132,309.0,128.0,1.0,825,13200,11652,1548,0.11893939393939394,"{""X2Y1"": 200, ""X2Y2"": 130, ""X3Y1"": 300, ""X3Y2"": 195}",True,NOT_PROVEN_WITHOUT_MOVED_FF_CONTROL_SET_REPLAY,NOT_PROVEN_READ_ONLY_SITE_INVENTORY_ONLY,0,DEST_MIXED_OR_OTHER,22,62A80A6BF2780309EBB7ACB65499DC33F9E420F49ABAF670FF853CD53D650A7D,True,,False,False,U_NEG_UPSTREAM_WORSENING;U_PASS_UPSTREAM_INCREASE;D_NEG_NO_MEDIAN_IMPROVEMENT,,False,False,False,True,"[0.0, 65.0, 21.0, 1.0, 0.0, 0.0, 0.0, 0.0, 22.0]",58,0.0,0.0,65.0,74.0,82.0,1168.0,0,21,37,58,-0.136,-0.0885,-0.043,-0.028,-0.017,-4.796,6,0.0,0.0,60.0,60.0,60.0,60.0,0,1,5,6,0.011,0.040999999999999995,0.066,0.066,0.066,0.241,201,-87.0,0.0,0.0,0.0,0.0,-644.0,10,0,191,201,-0.133,-0.038,-0.006,-0.003,-0.001,-7.99,384,-103.0,0.0,0.0,0.0,47.0,-3354.0,58,13,313,384,0.0,0.043,0.07,0.074,0.078,15.882,4032,-103.0,0.0,38.0,45.0,59.0,-22590.0,721,657,2654,4032,-0.133,0.357,0.894,1.023,1.334,1673.434
A_X092_Y116,92,116,80,104,100,132,309.0,128.0,1.0,825,13200,11652,1548,0.11848484848484848,"{""X2Y1"": 200, ""X2Y2"": 130, ""X3Y1"": 300, ""X3Y2"": 195}",True,NOT_PROVEN_WITHOUT_MOVED_FF_CONTROL_SET_REPLAY,NOT_PROVEN_READ_ONLY_SITE_INVENTORY_ONLY,0,FEATURE_BIN_0,16,25AFEB422DB3BDBEF4DCE97A6D1274116E7B27A3B94E395D479DC22D3DE14FFD,True,,False,False,U_NEG_UPSTREAM_WORSENING;D_NEG_NO_MEDIAN_IMPROVEMENT,,False,True,False,True,"[0.0, 62.0, 16.0, 0.0, 0.0, 0.0, 0.0, 0.0, 16.0]",58,0.0,0.0,62.0,74.0,82.0,977.0,0,16,42,58,-0.136,-0.0885,-0.043,-0.028,-0.017,-4.796,6,0.0,0.0,0.0,0.0,0.0,0.0,0,0,6,6,0.011,0.040999999999999995,0.066,0.066,0.066,0.241,201,-88.0,0.0,0.0,0.0,44.0,-3666.0,55,9,137,201,-0.133,-0.038,-0.006,-0.003,-0.001,-7.99,384,-103.0,0.0,0.0,4.0,50.0,-4120.0,72,22,290,384,0.0,0.043,0.07,0.074,0.078,15.882,4032,-103.0,0.0,19.0,44.0,62.0,-18358.0,538,464,3030,4032,-0.133,0.357,0.894,1.023,1.334,1673.434
A_X092_Y116,92,116,80,104,100,132,309.0,128.0,1.0,825,13200,11652,1548,0.11848484848484848,"{""X2Y1"": 200, ""X2Y2"": 130, ""X3Y1"": 300, ""X3Y2"": 195}",True,NOT_PROVEN_WITHOUT_MOVED_FF_CONTROL_SET_REPLAY,NOT_PROVEN_READ_ONLY_SITE_INVENTORY_ONLY,0,FEATURE_BIN_1,16,863B9B0389C1B994C73ED0C57EC56A84FD6D317708E59D47B391DA86E44D3A8E,True,,False,False,U_NEG_UPSTREAM_WORSENING;U_PASS_UPSTREAM_INCREASE;D_NEG_NO_MEDIAN_IMPROVEMENT,,False,False,False,True,"[0.0, 67.0, 14.0, 2.0, 0.0, 0.0, 0.0, 0.0, 16.0]",58,0.0,0.0,67.0,75.0,83.0,856.0,0,14,44,58,-0.136,-0.0885,-0.043,-0.028,-0.017,-4.796,6,0.0,0.0,75.0,75.0,75.0,133.0,0,2,4,6,0.011,0.040999999999999995,0.066,0.066,0.066,0.241,201,-96.0,0.0,0.0,0.0,43.0,-2228.0,41,7,153,201,-0.133,-0.038,-0.006,-0.003,-0.001,-7.99,384,-96.0,0.0,0.0,4.0,43.0,-5247.0,80,23,281,384,0.0,0.043,0.07,0.074,0.078,15.882,4032,-96.0,0.0,28.0,42.0,61.0,-15458.0,518,490,3024,4032,-0.133,0.357,0.894,1.023,1.334,1673.434
A_X092_Y116,92,116,80,104,100,132,309.0,128.0,1.0,825,13200,11652,1548,0.11848484848484848,"{""X2Y1"": 200, ""X2Y2"": 130, ""X3Y1"": 300, ""X3Y2"": 195}",True,NOT_PROVEN_WITHOUT_MOVED_FF_CONTROL_SET_REPLAY,NOT_PROVEN_READ_ONLY_SITE_INVENTORY_ONLY,0,FEATURE_BIN_2,16,18F6AC63D50EACD2B5F6CC669CA58252595A0313B759D7A0EC563D4D8CFF4410,True,,False,False,U_NEG_UPSTREAM_WORSENING;U_PASS_UPSTREAM_INCREASE;D_NEG_NO_MEDIAN_IMPROVEMENT,,False,False,False,True,"[0.0, 48.0, 14.0, 2.0, 0.0, 0.0, 0.0, 0.0, 16.0]",58,0.0,0.0,48.0,65.0,65.0,684.0,0,14,44,58,-0.136,-0.0885,-0.043,-0.028,-0.017,-4.796,6,0.0,0.0,65.0,65.0,65.0,102.0,0,2,4,6,0.011,0.040999999999999995,0.066,0.066,0.066,0.241,201,-83.0,0.0,0.0,0.0,34.0,-3656.0,54,3,144,201,-0.133,-0.038,-0.006,-0.003,-0.001,-7.99,384,-84.0,0.0,0.0,0.0,45.0,-3678.0,69,16,299,384,0.0,0.043,0.07,0.074,0.078,15.882,4032,-84.0,0.0,24.0,35.0,48.0,-17482.0,514,493,3025,4032,-0.133,0.357,0.894,1.023,1.334,1673.434
A_X092_Y116,92,116,80,104,100,132,309.0,128.0,1.0,825,13200,11652,1548,0.11848484848484848,"{""X2Y1"": 200, ""X2Y2"": 130, ""X3Y1"": 300, ""X3Y2"": 195}",True,NOT_PROVEN_WITHOUT_MOVED_FF_CONTROL_SET_REPLAY,NOT_PROVEN_READ_ONLY_SITE_INVENTORY_ONLY,0,FEATURE_BIN_3,16,6D6B2605916DFCDD525A27838AC825D18C62B807369D6E6322040D77ED73CF54,True,,False,False,U_NEG_UPSTREAM_WORSENING;U_PASS_UPSTREAM_INCREASE;D_NEG_NO_MEDIAN_IMPROVEMENT,,False,False,False,True,"[0.0, 42.0, 14.0, 2.0, 0.0, 0.0, 0.0, 0.0, 16.0]",58,0.0,0.0,42.0,65.0,65.0,620.0,0,14,44,58,-0.136,-0.0885,-0.043,-0.028,-0.017,-4.796,6,0.0,0.0,60.0,60.0,60.0,87.0,0,2,4,6,0.011,0.040999999999999995,0.066,0.066,0.066,0.241,201,-78.0,0.0,0.0,0.0,40.0,-1358.0,25,5,171,201,-0.133,-0.038,-0.006,-0.003,-0.001,-7.99,384,-78.0,0.0,0.0,24.0,41.0,-3273.0,68,27,289,384,0.0,0.043,0.07,0.074,0.078,15.882,4032,-78.0,0.0,30.0,39.0,58.0,-12276.0,485,503,3044,4032,-0.133,0.357,0.894,1.023,1.334,1673.434
A_X096_Y076,96,76,84,108,60,92,322.0,169.0,1.0,825,13200,11482,1718,0.135,"{""X2Y1"": 198, ""X3Y1"": 627}",True,NOT_PROVEN_WITHOUT_MOVED_FF_CONTROL_SET_REPLAY,NOT_PROVEN_READ_ONLY_SITE_INVENTORY_ONLY,64,ALL_64,64,A49D88051B2D2E5D1255D4F806A7569CDA9B33A650A908566197031349AD8DB4,True,,False,False,U_NEG_UPSTREAM_WORSENING;U_PASS_UPSTREAM_INCREASE,,False,False,True,True,"[107.0, 129.0, 58.0, 6.0, -66.0, -6.0, -58.0, -14.0, 64.0]",58,69.0,107.0,129.0,133.0,137.0,6269.0,0,58,0,58,-0.136,-0.0885,-0.043,-0.028,-0.017,-4.796,6,81.0,113.0,129.0,129.0,129.0,646.0,0,6,0,6,0.011,0.040999999999999995,0.066,0.066,0.066,0.241,201,-119.0,-66.0,-6.0,21.0,98.0,-11954.0,182,19,0,201,-0.133,-0.038,-0.006,-0.003,-0.001,-7.99,384,-122.0,-58.0,22.0,41.0,96.0,-19024.0,322,61,1,384,0.0,0.043,0.07,0.074,0.078,15.882,4032,-134.0,-14.0,79.0,88.0,116.0,-38490.0,2202,1820,10,4032,-0.133,0.357,0.894,1.023,1.334,1673.434
A_X096_Y076,96,76,84,108,60,92,322.0,169.0,1.0,825,13200,11482,1718,0.1318181818181818,"{""X2Y1"": 198, ""X3Y1"": 627}",True,NOT_PROVEN_WITHOUT_MOVED_FF_CONTROL_SET_REPLAY,NOT_PROVEN_READ_ONLY_SITE_INVENTORY_ONLY,22,DEST_X2Y1_MAJOR,22,EC8295A18CFB3214990035A3C2A8A03B2248BEA56069D816345F1D2C0CC4741A,True,,False,False,U_NEG_UPSTREAM_WORSENING;D_NEG_NO_MEDIAN_IMPROVEMENT,,False,True,False,True,"[0.0, 119.0, 22.0, 0.0, 0.0, 0.0, 0.0, 0.0, 22.0]",58,0.0,0.0,119.0,128.0,129.0,2293.0,0,22,36,58,-0.136,-0.0885,-0.043,-0.028,-0.017,-4.796,6,0.0,0.0,0.0,0.0,0.0,0.0,0,0,6,6,0.011,0.040999999999999995,0.066,0.066,0.066,0.241,201,-113.0,0.0,0.0,14.0,98.0,-2034.0,49,16,136,201,-0.133,-0.038,-0.006,-0.003,-0.001,-7.99,384,-112.0,0.0,0.0,30.0,96.0,-4877.0,104,38,242,384,0.0,0.043,0.07,0.074,0.078,15.882,4032,-132.0,0.0,44.0,72.0,116.0,-12046.0,749,628,2655,4032,-0.133,0.357,0.894,1.023,1.334,1673.434
A_X096_Y076,96,76,84,108,60,92,322.0,169.0,1.0,825,13200,11482,1718,0.13166666666666665,"{""X2Y1"": 198, ""X3Y1"": 627}",True,NOT_PROVEN_WITHOUT_MOVED_FF_CONTROL_SET_REPLAY,NOT_PROVEN_READ_ONLY_SITE_INVENTORY_ONLY,20,DEST_X3Y1_MAJOR,20,D8DF451BC1C4EF6032E28F4D3065B488CCF48FA9921667AB64B2E0E8D05D4049,True,,False,False,U_NEG_UPSTREAM_WORSENING;U_PASS_UPSTREAM_INCREASE,,False,False,True,True,"[0.0, 116.0, 15.0, 5.0, -49.0, 0.0, 0.0, 0.0, 20.0]",58,0.0,0.0,116.0,121.0,137.0,1674.0,0,15,43,58,-0.136,-0.0885,-0.043,-0.028,-0.017,-4.796,6,0.0,101.5,129.0,129.0,129.0,532.0,0,5,1,6,0.011,0.040999999999999995,0.066,0.066,0.066,0.241,201,-119.0,-49.0,0.0,0.0,53.0,-9300.0,123,3,75,201,-0.133,-0.038,-0.006,-0.003,-0.001,-7.99,384,-122.0,0.0,0.0,0.0,57.0,-10101.0,154,14,216,384,0.0,0.043,0.07,0.074,0.078,15.882,4032,-122.0,0.0,33.0,65.0,115.0,-12366.0,687,571,2774,4032,-0.133,0.357,0.894,1.023,1.334,1673.434
A_X096_Y076,96,76,84,108,60,92,322.0,169.0,1.0,825,13200,11482,1718,0.1318181818181818,"{""X2Y1"": 198, ""X3Y1"": 627}",True,NOT_PROVEN_WITHOUT_MOVED_FF_CONTROL_SET_REPLAY,NOT_PROVEN_READ_ONLY_SITE_INVENTORY_ONLY,22,DEST_MIXED_OR_OTHER,22,62A80A6BF2780309EBB7ACB65499DC33F9E420F49ABAF670FF853CD53D650A7D,True,,False,False,U_NEG_UPSTREAM_WORSENING;U_PASS_UPSTREAM_INCREASE;D_NEG_NO_MEDIAN_IMPROVEMENT,,False,False,False,True,"[0.0, 119.0, 21.0, 1.0, 0.0, 0.0, 0.0, 0.0, 22.0]",58,0.0,0.0,119.0,128.0,136.0,2302.0,0,21,37,58,-0.136,-0.0885,-0.043,-0.028,-0.017,-4.796,6,0.0,0.0,114.0,114.0,114.0,114.0,0,1,5,6,0.011,0.040999999999999995,0.066,0.066,0.066,0.241,201,-114.0,0.0,0.0,0.0,0.0,-620.0,10,0,191,201,-0.133,-0.038,-0.006,-0.003,-0.001,-7.99,384,-120.0,0.0,0.0,0.0,63.0,-4046.0,64,9,311,384,0.0,0.043,0.07,0.074,0.078,15.882,4032,-134.0,0.0,45.0,70.0,113.0,-14078.0,766,621,2645,4032,-0.133,0.357,0.894,1.023,1.334,1673.434
A_X096_Y076,96,76,84,108,60,92,322.0,169.0,1.0,825,13200,11482,1718,0.13136363636363638,"{""X2Y1"": 198, ""X3Y1"": 627}",True,NOT_PROVEN_WITHOUT_MOVED_FF_CONTROL_SET_REPLAY,NOT_PROVEN_READ_ONLY_SITE_INVENTORY_ONLY,16,FEATURE_BIN_0,16,25AFEB422DB3BDBEF4DCE97A6D1274116E7B27A3B94E395D479DC22D3DE14FFD,True,,False,False,U_NEG_UPSTREAM_WORSENING;D_NEG_NO_MEDIAN_IMPROVEMENT,,False,True,False,True,"[0.0, 116.0, 16.0, 0.0, 0.0, 0.0, 0.0, 0.0, 16.0]",58,0.0,0.0,116.0,128.0,136.0,1841.0,0,16,42,58,-0.136,-0.0885,-0.043,-0.028,-0.017,-4.796,6,0.0,0.0,0.0,0.0,0.0,0.0,0,0,6,6,0.011,0.040999999999999995,0.066,0.066,0.066,0.241,201,-119.0,0.0,0.0,0.0,98.0,-3782.0,56,8,137,201,-0.133,-0.038,-0.006,-0.003,-0.001,-7.99,384,-122.0,0.0,0.0,0.0,96.0,-5142.0,78,17,289,384,0.0,0.043,0.07,0.074,0.078,15.882,4032,-133.0,0.0,16.0,57.0,116.0,-13252.0,574,435,3023,4032,-0.133,0.357,0.894,1.023,1.334,1673.434
A_X096_Y076,96,76,84,108,60,92,322.0,169.0,1.0,825,13200,11482,1718,0.13136363636363638,"{""X2Y1"": 198, ""X3Y1"": 627}",True,NOT_PROVEN_WITHOUT_MOVED_FF_CONTROL_SET_REPLAY,NOT_PROVEN_READ_ONLY_SITE_INVENTORY_ONLY,16,FEATURE_BIN_1,16,863B9B0389C1B994C73ED0C57EC56A84FD6D317708E59D47B391DA86E44D3A8E,True,,False,False,U_NEG_UPSTREAM_WORSENING;U_PASS_UPSTREAM_INCREASE;D_NEG_NO_MEDIAN_IMPROVEMENT,,False,False,False,True,"[0.0, 121.0, 14.0, 2.0, 0.0, 0.0, 0.0, 0.0, 16.0]",58,0.0,0.0,121.0,129.0,137.0,1612.0,0,14,44,58,-0.136,-0.0885,-0.043,-0.028,-0.017,-4.796,6,0.0,0.0,129.0,129.0,129.0,241.0,0,2,4,6,0.011,0.040999999999999995,0.066,0.066,0.066,0.241,201,-113.0,0.0,0.0,0.0,61.0,-2612.0,41,7,153,201,-0.133,-0.038,-0.006,-0.003,-0.001,-7.99,384,-120.0,0.0,0.0,0.0,62.0,-5575.0,90,14,280,384,0.0,0.043,0.07,0.074,0.078,15.882,4032,-134.0,0.0,18.0,62.0,115.0,-8520.0,559,453,3020,4032,-0.133,0.357,0.894,1.023,1.334,1673.434
A_X096_Y076,96,76,84,108,60,92,322.0,169.0,1.0,825,13200,11482,1718,0.13136363636363638,"{""X2Y1"": 198, ""X3Y1"": 627}",True,NOT_PROVEN_WITHOUT_MOVED_FF_CONTROL_SET_REPLAY,NOT_PROVEN_READ_ONLY_SITE_INVENTORY_ONLY,16,FEATURE_BIN_2,16,18F6AC63D50EACD2B5F6CC669CA58252595A0313B759D7A0EC563D4D8CFF4410,True,,False,False,U_NEG_UPSTREAM_WORSENING;U_PASS_UPSTREAM_INCREASE;D_NEG_NO_MEDIAN_IMPROVEMENT,,False,False,False,True,"[0.0, 102.0, 14.0, 2.0, 0.0, 0.0, 0.0, 0.0, 16.0]",58,0.0,0.0,102.0,119.0,119.0,1440.0,0,14,44,58,-0.136,-0.0885,-0.043,-0.028,-0.017,-4.796,6,0.0,0.0,119.0,119.0,119.0,210.0,0,2,4,6,0.011,0.040999999999999995,0.066,0.066,0.066,0.241,201,-117.0,0.0,0.0,0.0,53.0,-3972.0,55,2,144,201,-0.133,-0.038,-0.006,-0.003,-0.001,-7.99,384,-111.0,0.0,0.0,0.0,57.0,-4254.0,75,10,299,384,0.0,0.043,0.07,0.074,0.078,15.882,4032,-125.0,0.0,13.0,56.0,102.0,-10744.0,556,453,3023,4032,-0.133,0.357,0.894,1.023,1.334,1673.434
A_X096_Y076,96,76,84,108,60,92,322.0,169.0,1.0,825,13200,11482,1718,0.13136363636363638,"{""X2Y1"": 198, ""X3Y1"": 627}",True,NOT_PROVEN_WITHOUT_MOVED_FF_CONTROL_SET_REPLAY,NOT_PROVEN_READ_ONLY_SITE_INVENTORY_ONLY,16,FEATURE_BIN_3,16,6D6B2605916DFCDD525A27838AC825D18C62B807369D6E6322040D77ED73CF54,True,,False,False,U_NEG_UPSTREAM_WORSENING;U_PASS_UPSTREAM_INCREASE;D_NEG_NO_MEDIAN_IMPROVEMENT,,False,False,False,True,"[0.0, 96.0, 14.0, 2.0, 0.0, 0.0, 0.0, 0.0, 16.0]",58,0.0,0.0,96.0,119.0,119.0,1376.0,0,14,44,58,-0.136,-0.0885,-0.043,-0.028,-0.017,-4.796,6,0.0,0.0,114.0,114.0,114.0,195.0,0,2,4,6,0.011,0.040999999999999995,0.066,0.066,0.066,0.241,201,-114.0,0.0,0.0,0.0,47.0,-1588.0,30,2,169,201,-0.133,-0.038,-0.006,-0.003,-0.001,-7.99,384,-114.0,0.0,0.0,2.0,57.0,-4053.0,79,20,285,384,0.0,0.043,0.07,0.074,0.078,15.882,4032,-118.0,0.0,12.0,56.0,112.0,-5974.0,513,479,3040,4032,-0.133,0.357,0.894,1.023,1.334,1673.434
A_X096_Y080,96,80,84,108,64,96,322.0,165.0,1.0,825,13200,11090,2110,0.1646969696969697,"{""X2Y1"": 198, ""X3Y1"": 627}",True,NOT_PROVEN_WITHOUT_MOVED_FF_CONTROL_SET_REPLAY,NOT_PROVEN_READ_ONLY_SITE_INVENTORY_ONLY,64,ALL_64,64,A49D88051B2D2E5D1255D4F806A7569CDA9B33A650A908566197031349AD8DB4,True,,False,False,U_NEG_UPSTREAM_WORSENING;U_PASS_UPSTREAM_INCREASE,,False,False,True,True,"[103.0, 125.0, 58.0, 6.0, -70.0, -8.0, -61.0, -16.0, 64.0]",58,65.0,103.0,125.0,129.0,133.0,6037.0,0,58,0,58,-0.136,-0.0885,-0.043,-0.028,-0.017,-4.796,6,77.0,109.0,125.0,125.0,125.0,622.0,0,6,0,6,0.011,0.040999999999999995,0.066,0.066,0.066,0.241,201,-119.0,-70.0,-8.0,19.0,94.0,-12442.0,182,18,1,201,-0.133,-0.038,-0.006,-0.003,-0.001,-7.99,384,-126.0,-61.0,23.0,37.0,92.0,-19830.0,323,61,0,384,0.0,0.043,0.07,0.074,0.078,15.882,4032,-138.0,-16.0,75.0,84.0,112.0,-49802.0,2209,1816,7,4032,-0.133,0.357,0.894,1.023,1.334,1673.434
A_X096_Y080,96,80,84,108,64,96,322.0,165.0,1.0,825,13200,11090,2110,0.16151515151515153,"{""X2Y1"": 198, ""X3Y1"": 627}",True,NOT_PROVEN_WITHOUT_MOVED_FF_CONTROL_SET_REPLAY,NOT_PROVEN_READ_ONLY_SITE_INVENTORY_ONLY,22,DEST_X2Y1_MAJOR,22,EC8295A18CFB3214990035A3C2A8A03B2248BEA56069D816345F1D2C0CC4741A,True,,False,False,U_NEG_UPSTREAM_WORSENING;D_NEG_NO_MEDIAN_IMPROVEMENT,,False,True,False,True,"[0.0, 115.0, 22.0, 0.0, 0.0, 0.0, 0.0, 0.0, 22.0]",58,0.0,0.0,115.0,124.0,125.0,2205.0,0,22,36,58,-0.136,-0.0885,-0.043,-0.028,-0.017,-4.796,6,0.0,0.0,0.0,0.0,0.0,0.0,0,0,6,6,0.011,0.040999999999999995,0.066,0.066,0.066,0.241,201,-117.0,0.0,0.0,18.0,94.0,-2142.0,49,16,136,201,-0.133,-0.038,-0.006,-0.003,-0.001,-7.99,384,-116.0,0.0,0.0,26.0,92.0,-5197.0,104,38,242,384,0.0,0.043,0.07,0.074,0.078,15.882,4032,-136.0,0.0,40.0,68.0,112.0,-16002.0,755,626,2651,4032,-0.133,0.357,0.894,1.023,1.334,1673.434
A_X096_Y080,96,80,84,108,64,96,322.0,165.0,1.0,825,13200,11090,2110,0.16136363636363638,"{""X2Y1"": 198, ""X3Y1"": 627}",True,NOT_PROVEN_WITHOUT_MOVED_FF_CONTROL_SET_REPLAY,NOT_PROVEN_READ_ONLY_SITE_INVENTORY_ONLY,20,DEST_X3Y1_MAJOR,20,D8DF451BC1C4EF6032E28F4D3065B488CCF48FA9921667AB64B2E0E8D05D4049,True,,False,False,U_NEG_UPSTREAM_WORSENING;U_PASS_UPSTREAM_INCREASE,,False,False,True,True,"[0.0, 112.0, 15.0, 5.0, -53.0, 0.0, 0.0, 0.0, 20.0]",58,0.0,0.0,112.0,117.0,133.0,1614.0,0,15,43,58,-0.136,-0.0885,-0.043,-0.028,-0.017,-4.796,6,0.0,97.5,125.0,125.0,125.0,512.0,0,5,1,6,0.011,0.040999999999999995,0.066,0.066,0.066,0.241,201,-119.0,-53.0,0.0,0.0,49.0,-9656.0,123,2,76,201,-0.133,-0.038,-0.006,-0.003,-0.001,-7.99,384,-126.0,0.0,0.0,0.0,53.0,-10493.0,155,14,215,384,0.0,0.043,0.07,0.074,0.078,15.882,4032,-126.0,0.0,29.0,61.0,111.0,-15892.0,687,571,2774,4032,-0.133,0.357,0.894,1.023,1.334,1673.434
A_X096_Y080,96,80,84,108,64,96,322.0,165.0,1.0,825,13200,11090,2110,0.16151515151515153,"{""X2Y1"": 198, ""X3Y1"": 627}",True,NOT_PROVEN_WITHOUT_MOVED_FF_CONTROL_SET_REPLAY,NOT_PROVEN_READ_ONLY_SITE_INVENTORY_ONLY,22,DEST_MIXED_OR_OTHER,22,62A80A6BF2780309EBB7ACB65499DC33F9E420F49ABAF670FF853CD53D650A7D,True,,False,False,U_NEG_UPSTREAM_WORSENING;U_PASS_UPSTREAM_INCREASE;D_NEG_NO_MEDIAN_IMPROVEMENT,,False,False,False,True,"[0.0, 115.0, 21.0, 1.0, 0.0, 0.0, 0.0, 0.0, 22.0]",58,0.0,0.0,115.0,124.0,132.0,2218.0,0,21,37,58,-0.136,-0.0885,-0.043,-0.028,-0.017,-4.796,6,0.0,0.0,110.0,110.0,110.0,110.0,0,1,5,6,0.011,0.040999999999999995,0.066,0.066,0.066,0.241,201,-110.0,0.0,0.0,0.0,0.0,-644.0,10,0,191,201,-0.133,-0.038,-0.006,-0.003,-0.001,-7.99,384,-124.0,0.0,0.0,0.0,59.0,-4140.0,64,9,311,384,0.0,0.043,0.07,0.074,0.078,15.882,4032,-138.0,0.0,41.0,66.0,109.0,-17908.0,767,619,2646,4032,-0.133,0.357,0.894,1.023,1.334,1673.434
A_X096_Y080,96,80,84,108,64,96,322.0,165.0,1.0,825,13200,11090,2110,0.16106060606060607,"{""X2Y1"": 198, ""X3Y1"": 627}",True,NOT_PROVEN_WITHOUT_MOVED_FF_CONTROL_SET_REPLAY,NOT_PROVEN_READ_ONLY_SITE_INVENTORY_ONLY,16,FEATURE_BIN_0,16,25AFEB422DB3BDBEF4DCE97A6D1274116E7B27A3B94E395D479DC22D3DE14FFD,True,,False,False,U_NEG_UPSTREAM_WORSENING;D_NEG_NO_MEDIAN_IMPROVEMENT,,False,True,False,True,"[0.0, 112.0, 16.0, 0.0, 0.0, 0.0, 0.0, 0.0, 16.0]",58,0.0,0.0,112.0,124.0,132.0,1777.0,0,16,42,58,-0.136,-0.0885,-0.043,-0.028,-0.017,-4.796,6,0.0,0.0,0.0,0.0,0.0,0.0,0,0,6,6,0.011,0.040999999999999995,0.066,0.066,0.066,0.241,201,-119.0,0.0,0.0,0.0,94.0,-3978.0,56,7,138,201,-0.133,-0.038,-0.006,-0.003,-0.001,-7.99,384,-126.0,0.0,0.0,0.0,92.0,-5316.0,79,17,288,384,0.0,0.043,0.07,0.074,0.078,15.882,4032,-137.0,0.0,18.0,53.0,112.0,-16126.0,572,436,3024,4032,-0.133,0.357,0.894,1.023,1.334,1673.434
A_X096_Y080,96,80,84,108,64,96,322.0,165.0,1.0,825,13200,11090,2110,0.16106060606060607,"{""X2Y1"": 198, ""X3Y1"": 627}",True,NOT_PROVEN_WITHOUT_MOVED_FF_CONTROL_SET_REPLAY,NOT_PROVEN_READ_ONLY_SITE_INVENTORY_ONLY,16,FEATURE_BIN_1,16,863B9B0389C1B994C73ED0C57EC56A84FD6D317708E59D47B391DA86E44D3A8E,True,,False,False,U_NEG_UPSTREAM_WORSENING;U_PASS_UPSTREAM_INCREASE;D_NEG_NO_MEDIAN_IMPROVEMENT,,False,False,False,True,"[0.0, 117.0, 14.0, 2.0, 0.0, 0.0, 0.0, 0.0, 16.0]",58,0.0,0.0,117.0,125.0,133.0,1556.0,0,14,44,58,-0.136,-0.0885,-0.043,-0.028,-0.017,-4.796,6,0.0,0.0,125.0,125.0,125.0,233.0,0,2,4,6,0.011,0.040999999999999995,0.066,0.066,0.066,0.241,201,-117.0,0.0,0.0,0.0,57.0,-2660.0,41,7,153,201,-0.133,-0.038,-0.006,-0.003,-0.001,-7.99,384,-124.0,0.0,0.0,0.0,58.0,-5801.0,90,14,280,384,0.0,0.043,0.07,0.074,0.078,15.882,4032,-138.0,0.0,18.0,58.0,111.0,-11260.0,562,450,3020,4032,-0.133,0.357,0.894,1.023,1.334,1673.434
A_X096_Y080,96,80,84,108,64,96,322.0,165.0,1.0,825,13200,11090,2110,0.16106060606060607,"{""X2Y1"": 198, ""X3Y1"": 627}",True,NOT_PROVEN_WITHOUT_MOVED_FF_CONTROL_SET_REPLAY,NOT_PROVEN_READ_ONLY_SITE_INVENTORY_ONLY,16,FEATURE_BIN_2,16,18F6AC63D50EACD2B5F6CC669CA58252595A0313B759D7A0EC563D4D8CFF4410,True,,False,False,U_NEG_UPSTREAM_WORSENING;U_PASS_UPSTREAM_INCREASE;D_NEG_NO_MEDIAN_IMPROVEMENT,,False,False,False,True,"[0.0, 98.0, 14.0, 2.0, 0.0, 0.0, 0.0, 0.0, 16.0]",58,0.0,0.0,98.0,115.0,115.0,1384.0,0,14,44,58,-0.136,-0.0885,-0.043,-0.028,-0.017,-4.796,6,0.0,0.0,115.0,115.0,115.0,202.0,0,2,4,6,0.011,0.040999999999999995,0.066,0.066,0.066,0.241,201,-115.0,0.0,0.0,0.0,49.0,-4148.0,55,2,144,201,-0.133,-0.038,-0.006,-0.003,-0.001,-7.99,384,-115.0,0.0,0.0,0.0,53.0,-4468.0,75,10,299,384,0.0,0.043,0.07,0.074,0.078,15.882,4032,-129.0,0.0,12.0,52.0,98.0,-13756.0,559,451,3022,4032,-0.133,0.357,0.894,1.023,1.334,1673.434
A_X096_Y080,96,80,84,108,64,96,322.0,165.0,1.0,825,13200,11090,2110,0.16106060606060607,"{""X2Y1"": 198, ""X3Y1"": 627}",True,NOT_PROVEN_WITHOUT_MOVED_FF_CONTROL_SET_REPLAY,NOT_PROVEN_READ_ONLY_SITE_INVENTORY_ONLY,16,FEATURE_BIN_3,16,6D6B2605916DFCDD525A27838AC825D18C62B807369D6E6322040D77ED73CF54,True,,False,False,U_NEG_UPSTREAM_WORSENING;U_PASS_UPSTREAM_INCREASE;D_NEG_NO_MEDIAN_IMPROVEMENT,,False,False,False,True,"[0.0, 92.0, 14.0, 2.0, 0.0, 0.0, 0.0, 0.0, 16.0]",58,0.0,0.0,92.0,115.0,115.0,1320.0,0,14,44,58,-0.136,-0.0885,-0.043,-0.028,-0.017,-4.796,6,0.0,0.0,110.0,110.0,110.0,187.0,0,2,4,6,0.011,0.040999999999999995,0.066,0.066,0.066,0.241,201,-110.0,0.0,0.0,0.0,43.0,-1656.0,30,2,169,201,-0.133,-0.038,-0.006,-0.003,-0.001,-7.99,384,-110.0,0.0,0.0,2.0,53.0,-4245.0,79,20,285,384,0.0,0.043,0.07,0.074,0.078,15.882,4032,-122.0,0.0,15.0,52.0,108.0,-8660.0,516,479,3037,4032,-0.133,0.357,0.894,1.023,1.334,1673.434
A_X096_Y084,96,84,84,108,68,100,322.0,161.0,1.0,825,13200,10841,2359,0.18356060606060606,"{""X2Y1"": 198, ""X3Y1"": 627}",True,NOT_PROVEN_WITHOUT_MOVED_FF_CONTROL_SET_REPLAY,NOT_PROVEN_READ_ONLY_SITE_INVENTORY_ONLY,64,ALL_64,64,A49D88051B2D2E5D1255D4F806A7569CDA9B33A650A908566197031349AD8DB4,True,,False,False,U_NEG_UPSTREAM_WORSENING;U_PASS_UPSTREAM_INCREASE,,False,False,True,True,"[99.0, 121.0, 58.0, 6.0, -72.0, -8.0, -63.0, -16.0, 64.0]",58,61.0,99.0,121.0,125.0,129.0,5805.0,0,58,0,58,-0.136,-0.0885,-0.043,-0.028,-0.017,-4.796,6,73.0,105.0,121.0,121.0,121.0,598.0,0,6,0,6,0.011,0.040999999999999995,0.066,0.066,0.066,0.241,201,-116.0,-72.0,-8.0,23.0,90.0,-12676.0,183,18,0,201,-0.133,-0.038,-0.006,-0.003,-0.001,-7.99,384,-130.0,-63.0,22.0,33.0,88.0,-20230.0,323,61,0,384,0.0,0.043,0.07,0.074,0.078,15.882,4032,-142.0,-16.0,71.0,80.0,108.0,-58152.0,2219,1813,0,4032,-0.133,0.357,0.894,1.023,1.334,1673.434
A_X096_Y084,96,84,84,108,68,100,322.0,161.0,1.0,825,13200,10841,2359,0.1803787878787879,"{""X2Y1"": 198, ""X3Y1"": 627}",True,NOT_PROVEN_WITHOUT_MOVED_FF_CONTROL_SET_REPLAY,NOT_PROVEN_READ_ONLY_SITE_INVENTORY_ONLY,22,DEST_X2Y1_MAJOR,22,EC8295A18CFB3214990035A3C2A8A03B2248BEA56069D816345F1D2C0CC4741A,True,,False,False,U_NEG_UPSTREAM_WORSENING;D_NEG_NO_MEDIAN_IMPROVEMENT,,False,True,False,True,"[0.0, 111.0, 22.0, 0.0, 0.0, 0.0, 0.0, 0.0, 22.0]",58,0.0,0.0,111.0,120.0,121.0,2117.0,0,22,36,58,-0.136,-0.0885,-0.043,-0.028,-0.017,-4.796,6,0.0,0.0,0.0,0.0,0.0,0.0,0,0,6,6,0.011,0.040999999999999995,0.066,0.066,0.066,0.241,201,-115.0,0.0,0.0,22.0,90.0,-2112.0,49,16,136,201,-0.133,-0.038,-0.006,-0.003,-0.001,-7.99,384,-120.0,0.0,0.0,23.0,88.0,-5321.0,104,38,242,384,0.0,0.043,0.07,0.074,0.078,15.882,4032,-132.0,0.0,36.0,64.0,108.0,-18862.0,758,626,2648,4032,-0.133,0.357,0.894,1.023,1.334,1673.434
A_X096_Y084,96,84,84,108,68,100,322.0,161.0,1.0,825,13200,10841,2359,0.18022727272727274,"{""X2Y1"": 198, ""X3Y1"": 627}",True,NOT_PROVEN_WITHOUT_MOVED_FF_CONTROL_SET_REPLAY,NOT_PROVEN_READ_ONLY_SITE_INVENTORY_ONLY,20,DEST_X3Y1_MAJOR,20,D8DF451BC1C4EF6032E28F4D3065B488CCF48FA9921667AB64B2E0E8D05D4049,True,,False,False,U_NEG_UPSTREAM_WORSENING;U_PASS_UPSTREAM_INCREASE,,False,False,True,True,"[0.0, 108.0, 15.0, 5.0, -57.0, 0.0, 0.0, 0.0, 20.0]",58,0.0,0.0,108.0,113.0,129.0,1554.0,0,15,43,58,-0.136,-0.0885,-0.043,-0.028,-0.017,-4.796,6,0.0,93.5,121.0,121.0,121.0,492.0,0,5,1,6,0.011,0.040999999999999995,0.066,0.066,0.066,0.241,201,-116.0,-57.0,0.0,0.0,45.0,-9898.0,124,2,75,201,-0.133,-0.038,-0.006,-0.003,-0.001,-7.99,384,-130.0,0.0,0.0,0.0,49.0,-10737.0,155,14,215,384,0.0,0.043,0.07,0.074,0.078,15.882,4032,-130.0,0.0,30.0,57.0,107.0,-18488.0,694,566,2772,4032,-0.133,0.357,0.894,1.023,1.334,1673.434
A_X096_Y084,96,84,84,108,68,100,322.0,161.0,1.0,825,13200,10841,2359,0.1803787878787879,"{""X2Y1"": 198, ""X3Y1"": 627}",True,NOT_PROVEN_WITHOUT_MOVED_FF_CONTROL_SET_REPLAY,NOT_PROVEN_READ_ONLY_SITE_INVENTORY_ONLY,22,DEST_MIXED_OR_OTHER,22,62A80A6BF2780309EBB7ACB65499DC33F9E420F49ABAF670FF853CD53D650A7D,True,,False,False,U_NEG_UPSTREAM_WORSENING;U_PASS_UPSTREAM_INCREASE;D_NEG_NO_MEDIAN_IMPROVEMENT,,False,False,False,True,"[0.0, 111.0, 21.0, 1.0, 0.0, 0.0, 0.0, 0.0, 22.0]",58,0.0,0.0,111.0,120.0,128.0,2134.0,0,21,37,58,-0.136,-0.0885,-0.043,-0.028,-0.017,-4.796,6,0.0,0.0,106.0,106.0,106.0,106.0,0,1,5,6,0.011,0.040999999999999995,0.066,0.066,0.066,0.241,201,-106.0,0.0,0.0,0.0,0.0,-666.0,10,0,191,201,-0.133,-0.038,-0.006,-0.003,-0.001,-7.99,384,-120.0,0.0,0.0,0.0,55.0,-4172.0,64,9,311,384,0.0,0.043,0.07,0.074,0.078,15.882,4032,-142.0,0.0,37.0,62.0,105.0,-20802.0,767,621,2644,4032,-0.133,0.357,0.894,1.023,1.334,1673.434
A_X096_Y084,96,84,84,108,68,100,322.0,161.0,1.0,825,13200,10841,2359,0.17992424242424243,"{""X2Y1"": 198, ""X3Y1"": 627}",True,NOT_PROVEN_WITHOUT_MOVED_FF_CONTROL_SET_REPLAY,NOT_PROVEN_READ_ONLY_SITE_INVENTORY_ONLY,16,FEATURE_BIN_0,16,25AFEB422DB3BDBEF4DCE97A6D1274116E7B27A3B94E395D479DC22D3DE14FFD,True,,False,False,U_NEG_UPSTREAM_WORSENING;D_NEG_NO_MEDIAN_IMPROVEMENT,,False,True,False,True,"[0.0, 108.0, 16.0, 0.0, 0.0, 0.0, 0.0, 0.0, 16.0]",58,0.0,0.0,108.0,120.0,128.0,1713.0,0,16,42,58,-0.136,-0.0885,-0.043,-0.028,-0.017,-4.796,6,0.0,0.0,0.0,0.0,0.0,0.0,0,0,6,6,0.011,0.040999999999999995,0.066,0.066,0.066,0.241,201,-116.0,0.0,0.0,0.0,90.0,-4112.0,57,7,137,201,-0.133,-0.038,-0.006,-0.003,-0.001,-7.99,384,-130.0,0.0,0.0,0.0,88.0,-5428.0,79,17,288,384,0.0,0.043,0.07,0.074,0.078,15.882,4032,-135.0,0.0,20.0,49.0,108.0,-18250.0,573,439,3020,4032,-0.133,0.357,0.894,1.023,1.334,1673.434
A_X096_Y084,96,84,84,108,68,100,322.0,161.0,1.0,825,13200,10841,2359,0.17992424242424243,"{""X2Y1"": 198, ""X3Y1"": 627}",True,NOT_PROVEN_WITHOUT_MOVED_FF_CONTROL_SET_REPLAY,NOT_PROVEN_READ_ONLY_SITE_INVENTORY_ONLY,16,FEATURE_BIN_1,16,863B9B0389C1B994C73ED0C57EC56A84FD6D317708E59D47B391DA86E44D3A8E,True,,False,False,U_NEG_UPSTREAM_WORSENING;U_PASS_UPSTREAM_INCREASE;D_NEG_NO_MEDIAN_IMPROVEMENT,,False,False,False,True,"[0.0, 113.0, 14.0, 2.0, 0.0, 0.0, 0.0, 0.0, 16.0]",58,0.0,0.0,113.0,121.0,129.0,1500.0,0,14,44,58,-0.136,-0.0885,-0.043,-0.028,-0.017,-4.796,6,0.0,0.0,121.0,121.0,121.0,225.0,0,2,4,6,0.011,0.040999999999999995,0.066,0.066,0.066,0.241,201,-115.0,0.0,0.0,0.0,53.0,-2654.0,41,7,153,201,-0.133,-0.038,-0.006,-0.003,-0.001,-7.99,384,-120.0,0.0,0.0,0.0,54.0,-5911.0,90,14,280,384,0.0,0.043,0.07,0.074,0.078,15.882,4032,-142.0,0.0,21.0,54.0,107.0,-13226.0,561,451,3020,4032,-0.133,0.357,0.894,1.023,1.334,1673.434
A_X096_Y084,96,84,84,108,68,100,322.0,161.0,1.0,825,13200,10841,2359,0.17992424242424243,"{""X2Y1"": 198, ""X3Y1"": 627}",True,NOT_PROVEN_WITHOUT_MOVED_FF_CONTROL_SET_REPLAY,NOT_PROVEN_READ_ONLY_SITE_INVENTORY_ONLY,16,FEATURE_BIN_2,16,18F6AC63D50EACD2B5F6CC669CA58252595A0313B759D7A0EC563D4D8CFF4410,True,,False,False,U_NEG_UPSTREAM_WORSENING;U_PASS_UPSTREAM_INCREASE;D_NEG_NO_MEDIAN_IMPROVEMENT,,False,False,False,True,"[0.0, 94.0, 14.0, 2.0, 0.0, 0.0, 0.0, 0.0, 16.0]",58,0.0,0.0,94.0,111.0,111.0,1328.0,0,14,44,58,-0.136,-0.0885,-0.043,-0.028,-0.017,-4.796,6,0.0,0.0,111.0,111.0,111.0,194.0,0,2,4,6,0.011,0.040999999999999995,0.066,0.066,0.066,0.241,201,-111.0,0.0,0.0,0.0,45.0,-4254.0,55,2,144,201,-0.133,-0.038,-0.006,-0.003,-0.001,-7.99,384,-119.0,0.0,0.0,0.0,49.0,-4568.0,75,10,299,384,0.0,0.043,0.07,0.074,0.078,15.882,4032,-129.0,0.0,14.0,48.0,94.0,-15918.0,561,451,3020,4032,-0.133,0.357,0.894,1.023,1.334,1673.434
A_X096_Y084,96,84,84,108,68,100,322.0,161.0,1.0,825,13200,10841,2359,0.17992424242424243,"{""X2Y1"": 198, ""X3Y1"": 627}",True,NOT_PROVEN_WITHOUT_MOVED_FF_CONTROL_SET_REPLAY,NOT_PROVEN_READ_ONLY_SITE_INVENTORY_ONLY,16,FEATURE_BIN_3,16,6D6B2605916DFCDD525A27838AC825D18C62B807369D6E6322040D77ED73CF54,True,,False,False,U_NEG_UPSTREAM_WORSENING;U_PASS_UPSTREAM_INCREASE;D_NEG_NO_MEDIAN_IMPROVEMENT,,False,False,False,True,"[0.0, 88.0, 14.0, 2.0, 0.0, 0.0, 0.0, 0.0, 16.0]",58,0.0,0.0,88.0,111.0,111.0,1264.0,0,14,44,58,-0.136,-0.0885,-0.043,-0.028,-0.017,-4.796,6,0.0,0.0,106.0,106.0,106.0,179.0,0,2,4,6,0.011,0.040999999999999995,0.066,0.066,0.066,0.241,201,-106.0,0.0,0.0,0.0,39.0,-1656.0,30,2,169,201,-0.133,-0.038,-0.006,-0.003,-0.001,-7.99,384,-112.0,0.0,0.0,6.0,49.0,-4323.0,79,20,285,384,0.0,0.043,0.07,0.074,0.078,15.882,4032,-124.0,0.0,18.0,48.0,104.0,-10758.0,524,472,3036,4032,-0.133,0.357,0.894,1.023,1.334,1673.434
A_X096_Y088,96,88,84,108,72,104,322.0,157.0,1.0,825,13200,10600,2600,0.2018181818181818,"{""X2Y1"": 198, ""X3Y1"": 627}",True,NOT_PROVEN_WITHOUT_MOVED_FF_CONTROL_SET_REPLAY,NOT_PROVEN_READ_ONLY_SITE_INVENTORY_ONLY,64,ALL_64,64,A49D88051B2D2E5D1255D4F806A7569CDA9B33A650A908566197031349AD8DB4,True,,False,False,U_NEG_UPSTREAM_WORSENING;U_PASS_UPSTREAM_INCREASE,,False,False,True,True,"[95.0, 117.0, 58.0, 6.0, -70.0, -4.0, -64.0, -16.0, 64.0]",58,57.0,95.0,117.0,121.0,125.0,5573.0,0,58,0,58,-0.136,-0.0885,-0.043,-0.028,-0.017,-4.796,6,69.0,101.0,117.0,117.0,117.0,574.0,0,6,0,6,0.011,0.040999999999999995,0.066,0.066,0.066,0.241,201,-120.0,-70.0,-4.0,26.0,86.0,-12752.0,182,18,1,201,-0.133,-0.038,-0.006,-0.003,-0.001,-7.99,384,-130.0,-64.0,24.0,31.0,84.0,-20388.0,321,62,1,384,0.0,0.043,0.07,0.074,0.078,15.882,4032,-138.0,-16.0,67.0,76.0,104.0,-64376.0,2212,1814,6,4032,-0.133,0.357,0.894,1.023,1.334,1673.434
A_X096_Y088,96,88,84,108,72,104,322.0,157.0,1.0,825,13200,10600,2600,0.19863636363636364,"{""X2Y1"": 198, ""X3Y1"": 627}",True,NOT_PROVEN_WITHOUT_MOVED_FF_CONTROL_SET_REPLAY,NOT_PROVEN_READ_ONLY_SITE_INVENTORY_ONLY,22,DEST_X2Y1_MAJOR,22,EC8295A18CFB3214990035A3C2A8A03B2248BEA56069D816345F1D2C0CC4741A,True,,False,False,U_NEG_UPSTREAM_WORSENING;D_NEG_NO_MEDIAN_IMPROVEMENT,,False,True,False,True,"[0.0, 107.0, 22.0, 0.0, 0.0, 0.0, 0.0, 0.0, 22.0]",58,0.0,0.0,107.0,116.0,117.0,2029.0,0,22,36,58,-0.136,-0.0885,-0.043,-0.028,-0.017,-4.796,6,0.0,0.0,0.0,0.0,0.0,0.0,0,0,6,6,0.011,0.040999999999999995,0.066,0.066,0.066,0.241,201,-111.0,0.0,0.0,26.0,86.0,-2036.0,48,16,137,201,-0.133,-0.038,-0.006,-0.003,-0.001,-7.99,384,-124.0,0.0,0.0,25.0,84.0,-5373.0,103,38,243,384,0.0,0.043,0.07,0.074,0.078,15.882,4032,-130.0,0.0,32.0,60.0,104.0,-20906.0,752,626,2654,4032,-0.133,0.357,0.894,1.023,1.334,1673.434
A_X096_Y088,96,88,84,108,72,104,322.0,157.0,1.0,825,13200,10600,2600,0.1984848484848485,"{""X2Y1"": 198, ""X3Y1"": 627}",True,NOT_PROVEN_WITHOUT_MOVED_FF_CONTROL_SET_REPLAY,NOT_PROVEN_READ_ONLY_SITE_INVENTORY_ONLY,20,DEST_X3Y1_MAJOR,20,D8DF451BC1C4EF6032E28F4D3065B488CCF48FA9921667AB64B2E0E8D05D4049,True,,False,False,U_NEG_UPSTREAM_WORSENING;U_PASS_UPSTREAM_INCREASE,,False,False,True,True,"[0.0, 104.0, 15.0, 5.0, -59.0, 0.0, 0.0, 0.0, 20.0]",58,0.0,0.0,104.0,109.0,125.0,1494.0,0,15,43,58,-0.136,-0.0885,-0.043,-0.028,-0.017,-4.796,6,0.0,89.5,117.0,117.0,117.0,472.0,0,5,1,6,0.011,0.040999999999999995,0.066,0.066,0.066,0.241,201,-120.0,-59.0,0.0,0.0,41.0,-10036.0,124,2,75,201,-0.133,-0.038,-0.006,-0.003,-0.001,-7.99,384,-130.0,0.0,0.0,0.0,45.0,-10855.0,154,15,215,384,0.0,0.043,0.07,0.074,0.078,15.882,4032,-130.0,0.0,31.0,53.0,103.0,-20442.0,692,568,2772,4032,-0.133,0.357,0.894,1.023,1.334,1673.434
A_X096_Y088,96,88,84,108,72,104,322.0,157.0,1.0,825,13200,10600,2600,0.19863636363636364,"{""X2Y1"": 198, ""X3Y1"": 627}",True,NOT_PROVEN_WITHOUT_MOVED_FF_CONTROL_SET_REPLAY,NOT_PROVEN_READ_ONLY_SITE_INVENTORY_ONLY,22,DEST_MIXED_OR_OTHER,22,62A80A6BF2780309EBB7ACB65499DC33F9E420F49ABAF670FF853CD53D650A7D,True,,False,False,U_NEG_UPSTREAM_WORSENING;U_PASS_UPSTREAM_INCREASE;D_NEG_NO_MEDIAN_IMPROVEMENT,,False,False,False,True,"[0.0, 107.0, 21.0, 1.0, 0.0, 0.0, 0.0, 0.0, 22.0]",58,0.0,0.0,107.0,116.0,124.0,2050.0,0,21,37,58,-0.136,-0.0885,-0.043,-0.028,-0.017,-4.796,6,0.0,0.0,102.0,102.0,102.0,102.0,0,1,5,6,0.011,0.040999999999999995,0.066,0.066,0.066,0.241,201,-102.0,0.0,0.0,0.0,0.0,-680.0,10,0,191,201,-0.133,-0.038,-0.006,-0.003,-0.001,-7.99,384,-119.0,0.0,0.0,0.0,51.0,-4160.0,64,9,311,384,0.0,0.043,0.07,0.074,0.078,15.882,4032,-138.0,0.0,33.0,58.0,101.0,-23028.0,768,620,2644,4032,-0.133,0.357,0.894,1.023,1.334,1673.434
A_X096_Y088,96,88,84,108,72,104,322.0,157.0,1.0,825,13200,10600,2600,0.19818181818181818,"{""X2Y1"": 198, ""X3Y1"": 627}",True,NOT_PROVEN_WITHOUT_MOVED_FF_CONTROL_SET_REPLAY,NOT_PROVEN_READ_ONLY_SITE_INVENTORY_ONLY,16,FEATURE_BIN_0,16,25AFEB422DB3BDBEF4DCE97A6D1274116E7B27A3B94E395D479DC22D3DE14FFD,True,,False,False,U_NEG_UPSTREAM_WORSENING;D_NEG_NO_MEDIAN_IMPROVEMENT,,False,True,False,True,"[0.0, 104.0, 16.0, 0.0, 0.0, 0.0, 0.0, 0.0, 16.0]",58,0.0,0.0,104.0,116.0,124.0,1649.0,0,16,42,58,-0.136,-0.0885,-0.043,-0.028,-0.017,-4.796,6,0.0,0.0,0.0,0.0,0.0,0.0,0,0,6,6,0.011,0.040999999999999995,0.066,0.066,0.066,0.241,201,-120.0,0.0,0.0,0.0,86.0,-4194.0,57,7,137,201,-0.133,-0.038,-0.006,-0.003,-0.001,-7.99,384,-130.0,0.0,0.0,0.0,84.0,-5450.0,79,17,288,384,0.0,0.043,0.07,0.074,0.078,15.882,4032,-135.0,0.0,18.0,45.0,104.0,-19800.0,567,441,3024,4032,-0.133,0.357,0.894,1.023,1.334,1673.434
A_X096_Y088,96,88,84,108,72,104,322.0,157.0,1.0,825,13200,10600,2600,0.19818181818181818,"{""X2Y1"": 198, ""X3Y1"": 627}",True,NOT_PROVEN_WITHOUT_MOVED_FF_CONTROL_SET_REPLAY,NOT_PROVEN_READ_ONLY_SITE_INVENTORY_ONLY,16,FEATURE_BIN_1,16,863B9B0389C1B994C73ED0C57EC56A84FD6D317708E59D47B391DA86E44D3A8E,True,,False,False,U_NEG_UPSTREAM_WORSENING;U_PASS_UPSTREAM_INCREASE;D_NEG_NO_MEDIAN_IMPROVEMENT,,False,False,False,True,"[0.0, 109.0, 14.0, 2.0, 0.0, 0.0, 0.0, 0.0, 16.0]",58,0.0,0.0,109.0,117.0,125.0,1444.0,0,14,44,58,-0.136,-0.0885,-0.043,-0.028,-0.017,-4.796,6,0.0,0.0,117.0,117.0,117.0,217.0,0,2,4,6,0.011,0.040999999999999995,0.066,0.066,0.066,0.241,201,-111.0,0.0,0.0,0.0,49.0,-2624.0,41,7,153,201,-0.133,-0.038,-0.006,-0.003,-0.001,-7.99,384,-124.0,0.0,0.0,0.0,50.0,-6001.0,89,15,280,384,0.0,0.043,0.07,0.074,0.078,15.882,4032,-138.0,0.0,24.0,50.0,103.0,-14702.0,557,455,3020,4032,-0.133,0.357,0.894,1.023,1.334,1673.434
A_X096_Y088,96,88,84,108,72,104,322.0,157.0,1.0,825,13200,10600,2600,0.19818181818181818,"{""X2Y1"": 198, ""X3Y1"": 627}",True,NOT_PROVEN_WITHOUT_MOVED_FF_CONTROL_SET_REPLAY,NOT_PROVEN_READ_ONLY_SITE_INVENTORY_ONLY,16,FEATURE_BIN_2,16,18F6AC63D50EACD2B5F6CC669CA58252595A0313B759D7A0EC563D4D8CFF4410,True,,False,False,U_NEG_UPSTREAM_WORSENING;U_PASS_UPSTREAM_INCREASE;D_NEG_NO_MEDIAN_IMPROVEMENT,,False,False,False,True,"[0.0, 90.0, 14.0, 2.0, 0.0, 0.0, 0.0, 0.0, 16.0]",58,0.0,0.0,90.0,107.0,107.0,1272.0,0,14,44,58,-0.136,-0.0885,-0.043,-0.028,-0.017,-4.796,6,0.0,0.0,107.0,107.0,107.0,186.0,0,2,4,6,0.011,0.040999999999999995,0.066,0.066,0.066,0.241,201,-107.0,0.0,0.0,0.0,41.0,-4296.0,55,2,144,201,-0.133,-0.038,-0.006,-0.003,-0.001,-7.99,384,-115.0,0.0,0.0,0.0,45.0,-4580.0,75,10,299,384,0.0,0.043,0.07,0.074,0.078,15.882,4032,-125.0,0.0,17.0,44.0,90.0,-17462.0,561,451,3020,4032,-0.133,0.357,0.894,1.023,1.334,1673.434
A_X096_Y088,96,88,84,108,72,104,322.0,157.0,1.0,825,13200,10600,2600,0.19818181818181818,"{""X2Y1"": 198, ""X3Y1"": 627}",True,NOT_PROVEN_WITHOUT_MOVED_FF_CONTROL_SET_REPLAY,NOT_PROVEN_READ_ONLY_SITE_INVENTORY_ONLY,16,FEATURE_BIN_3,16,6D6B2605916DFCDD525A27838AC825D18C62B807369D6E6322040D77ED73CF54,True,,False,False,U_NEG_UPSTREAM_WORSENING;U_PASS_UPSTREAM_INCREASE;D_NEG_NO_MEDIAN_IMPROVEMENT,,False,False,False,True,"[0.0, 84.0, 14.0, 2.0, 0.0, 0.0, 0.0, 0.0, 16.0]",58,0.0,0.0,84.0,107.0,107.0,1208.0,0,14,44,58,-0.136,-0.0885,-0.043,-0.028,-0.017,-4.796,6,0.0,0.0,102.0,102.0,102.0,171.0,0,2,4,6,0.011,0.040999999999999995,0.066,0.066,0.066,0.241,201,-102.0,0.0,0.0,0.0,35.0,-1638.0,29,2,170,201,-0.133,-0.038,-0.006,-0.003,-0.001,-7.99,384,-116.0,0.0,0.0,10.0,45.0,-4357.0,78,20,286,384,0.0,0.043,0.07,0.074,0.078,15.882,4032,-120.0,0.0,21.0,44.0,100.0,-12412.0,527,467,3038,4032,-0.133,0.357,0.894,1.023,1.334,1673.434
A_X096_Y092,96,92,84,108,76,108,322.0,152.0,1.0,825,13200,10316,2884,0.22333333333333333,"{""X2Y1"": 198, ""X3Y1"": 627}",True,NOT_PROVEN_WITHOUT_MOVED_FF_CONTROL_SET_REPLAY,NOT_PROVEN_READ_ONLY_SITE_INVENTORY_ONLY,64,ALL_64,64,A49D88051B2D2E5D1255D4F806A7569CDA9B33A650A908566197031349AD8DB4,True,,False,False,U_NEG_UPSTREAM_WORSENING;U_PASS_UPSTREAM_INCREASE,,False,False,True,True,"[90.0, 112.0, 58.0, 6.0, -68.0, 1.0, -62.0, -13.0, 64.0]",58,52.0,90.0,112.0,116.0,120.0,5283.0,0,58,0,58,-0.136,-0.0885,-0.043,-0.028,-0.017,-4.796,6,64.0,96.0,112.0,112.0,112.0,544.0,0,6,0,6,0.011,0.040999999999999995,0.066,0.066,0.066,0.241,201,-123.0,-68.0,1.0,31.0,81.0,-12599.0,180,21,0,201,-0.133,-0.038,-0.006,-0.003,-0.001,-7.99,384,-125.0,-62.0,29.0,32.0,79.0,-20050.0,321,63,0,384,0.0,0.043,0.07,0.074,0.078,15.882,4032,-133.0,-13.0,62.0,71.0,99.0,-69244.0,2202,1820,10,4032,-0.133,0.357,0.894,1.023,1.334,1673.434
A_X096_Y092,96,92,84,108,76,108,322.0,152.0,1.0,825,13200,10316,2884,0.22015151515151515,"{""X2Y1"": 198, ""X3Y1"": 627}",True,NOT_PROVEN_WITHOUT_MOVED_FF_CONTROL_SET_REPLAY,NOT_PROVEN_READ_ONLY_SITE_INVENTORY_ONLY,22,DEST_X2Y1_MAJOR,22,EC8295A18CFB3214990035A3C2A8A03B2248BEA56069D816345F1D2C0CC4741A,True,,False,False,U_NEG_UPSTREAM_WORSENING;D_NEG_NO_MEDIAN_IMPROVEMENT,,False,True,False,True,"[0.0, 102.0, 22.0, 0.0, 0.0, 0.0, 0.0, 0.0, 22.0]",58,0.0,0.0,102.0,111.0,112.0,1919.0,0,22,36,58,-0.136,-0.0885,-0.043,-0.028,-0.017,-4.796,6,0.0,0.0,0.0,0.0,0.0,0.0,0,0,6,6,0.011,0.040999999999999995,0.066,0.066,0.066,0.241,201,-106.0,0.0,0.0,31.0,81.0,-1883.0,46,19,136,201,-0.133,-0.038,-0.006,-0.003,-0.001,-7.99,384,-121.0,0.0,5.0,29.0,79.0,-5197.0,103,39,242,384,0.0,0.043,0.07,0.074,0.078,15.882,4032,-125.0,0.0,31.0,55.0,99.0,-22462.0,747,631,2654,4032,-0.133,0.357,0.894,1.023,1.334,1673.434
A_X096_Y092,96,92,84,108,76,108,322.0,152.0,1.0,825,13200,10316,2884,0.22,"{""X2Y1"": 198, ""X3Y1"": 627}",True,NOT_PROVEN_WITHOUT_MOVED_FF_CONTROL_SET_REPLAY,NOT_PROVEN_READ_ONLY_SITE_INVENTORY_ONLY,20,DEST_X3Y1_MAJOR,20,D8DF451BC1C4EF6032E28F4D3065B488CCF48FA9921667AB64B2E0E8D05D4049,True,,False,False,U_NEG_UPSTREAM_WORSENING;U_PASS_UPSTREAM_INCREASE,,False,False,True,True,"[0.0, 99.0, 15.0, 5.0, -62.0, 0.0, 0.0, 0.0, 20.0]",58,0.0,0.0,99.0,104.0,120.0,1419.0,0,15,43,58,-0.136,-0.0885,-0.043,-0.028,-0.017,-4.796,6,0.0,84.5,112.0,112.0,112.0,447.0,0,5,1,6,0.011,0.040999999999999995,0.066,0.066,0.066,0.241,201,-123.0,-62.0,0.0,0.0,36.0,-10026.0,124,2,75,201,-0.133,-0.038,-0.006,-0.003,-0.001,-7.99,384,-125.0,0.0,0.0,0.0,40.0,-10804.0,154,15,215,384,0.0,0.043,0.07,0.074,0.078,15.882,4032,-125.0,0.0,30.0,48.0,98.0,-21986.0,692,566,2774,4032,-0.133,0.357,0.894,1.023,1.334,1673.434
A_X096_Y092,96,92,84,108,76,108,322.0,152.0,1.0,825,13200,10316,2884,0.22015151515151515,"{""X2Y1"": 198, ""X3Y1"": 627}",True,NOT_PROVEN_WITHOUT_MOVED_FF_CONTROL_SET_REPLAY,NOT_PROVEN_READ_ONLY_SITE_INVENTORY_ONLY,22,DEST_MIXED_OR_OTHER,22,62A80A6BF2780309EBB7ACB65499DC33F9E420F49ABAF670FF853CD53D650A7D,True,,False,False,U_NEG_UPSTREAM_WORSENING;U_PASS_UPSTREAM_INCREASE;D_NEG_NO_MEDIAN_IMPROVEMENT,,False,False,False,True,"[0.0, 102.0, 21.0, 1.0, 0.0, 0.0, 0.0, 0.0, 22.0]",58,0.0,0.0,102.0,111.0,119.0,1945.0,0,21,37,58,-0.136,-0.0885,-0.043,-0.028,-0.017,-4.796,6,0.0,0.0,97.0,97.0,97.0,97.0,0,1,5,6,0.011,0.040999999999999995,0.066,0.066,0.066,0.241,201,-97.0,0.0,0.0,0.0,0.0,-690.0,10,0,191,201,-0.133,-0.038,-0.006,-0.003,-0.001,-7.99,384,-114.0,0.0,0.0,0.0,46.0,-4049.0,64,9,311,384,0.0,0.043,0.07,0.074,0.078,15.882,4032,-133.0,0.0,34.0,53.0,96.0,-24796.0,763,623,2646,4032,-0.133,0.357,0.894,1.023,1.334,1673.434
A_X096_Y092,96,92,84,108,76,108,322.0,152.0,1.0,825,13200,10316,2884,0.2196969696969697,"{""X2Y1"": 198, ""X3Y1"": 627}",True,NOT_PROVEN_WITHOUT_MOVED_FF_CONTROL_SET_REPLAY,NOT_PROVEN_READ_ONLY_SITE_INVENTORY_ONLY,16,FEATURE_BIN_0,16,25AFEB422DB3BDBEF4DCE97A6D1274116E7B27A3B94E395D479DC22D3DE14FFD,True,,False,False,U_NEG_UPSTREAM_WORSENING;D_NEG_NO_MEDIAN_IMPROVEMENT,,False,True,False,True,"[0.0, 99.0, 16.0, 0.0, 0.0, 0.0, 0.0, 0.0, 16.0]",58,0.0,0.0,99.0,111.0,119.0,1569.0,0,16,42,58,-0.136,-0.0885,-0.043,-0.028,-0.017,-4.796,6,0.0,0.0,0.0,0.0,0.0,0.0,0,0,6,6,0.011,0.040999999999999995,0.066,0.066,0.066,0.241,201,-123.0,0.0,0.0,0.0,81.0,-4206.0,57,7,137,201,-0.133,-0.038,-0.006,-0.003,-0.001,-7.99,384,-125.0,0.0,0.0,0.0,79.0,-5290.0,79,17,288,384,0.0,0.043,0.07,0.074,0.078,15.882,4032,-132.0,0.0,19.0,40.0,99.0,-20796.0,572,440,3020,4032,-0.133,0.357,0.894,1.023,1.334,1673.434
A_X096_Y092,96,92,84,108,76,108,322.0,152.0,1.0,825,13200,10316,2884,0.2196969696969697,"{""X2Y1"": 198, ""X3Y1"": 627}",True,NOT_PROVEN_WITHOUT_MOVED_FF_CONTROL_SET_REPLAY,NOT_PROVEN_READ_ONLY_SITE_INVENTORY_ONLY,16,FEATURE_BIN_1,16,863B9B0389C1B994C73ED0C57EC56A84FD6D317708E59D47B391DA86E44D3A8E,True,,False,False,U_NEG_UPSTREAM_WORSENING;U_PASS_UPSTREAM_INCREASE;D_NEG_NO_MEDIAN_IMPROVEMENT,,False,False,False,True,"[0.0, 104.0, 14.0, 2.0, 0.0, 0.0, 0.0, 0.0, 16.0]",58,0.0,0.0,104.0,112.0,120.0,1374.0,0,14,44,58,-0.136,-0.0885,-0.043,-0.028,-0.017,-4.796,6,0.0,0.0,112.0,112.0,112.0,207.0,0,2,4,6,0.011,0.040999999999999995,0.066,0.066,0.066,0.241,201,-113.0,0.0,0.0,0.0,44.0,-2546.0,41,7,153,201,-0.133,-0.038,-0.006,-0.003,-0.001,-7.99,384,-121.0,0.0,0.0,0.0,45.0,-6013.0,89,15,280,384,0.0,0.043,0.07,0.074,0.078,15.882,4032,-133.0,0.0,21.0,45.0,98.0,-16032.0,551,459,3022,4032,-0.133,0.357,0.894,1.023,1.334,1673.434
A_X096_Y092,96,92,84,108,76,108,322.0,152.0,1.0,825,13200,10316,2884,0.2196969696969697,"{""X2Y1"": 198, ""X3Y1"": 627}",True,NOT_PROVEN_WITHOUT_MOVED_FF_CONTROL_SET_REPLAY,NOT_PROVEN_READ_ONLY_SITE_INVENTORY_ONLY,16,FEATURE_BIN_2,16,18F6AC63D50EACD2B5F6CC669CA58252595A0313B759D7A0EC563D4D8CFF4410,True,,False,False,U_NEG_UPSTREAM_WORSENING;U_PASS_UPSTREAM_INCREASE;D_NEG_NO_MEDIAN_IMPROVEMENT,,False,False,False,True,"[0.0, 85.0, 14.0, 2.0, 0.0, 0.0, 0.0, 0.0, 16.0]",58,0.0,0.0,85.0,102.0,102.0,1202.0,0,14,44,58,-0.136,-0.0885,-0.043,-0.028,-0.017,-4.796,6,0.0,0.0,102.0,102.0,102.0,176.0,0,2,4,6,0.011,0.040999999999999995,0.066,0.066,0.066,0.241,201,-110.0,0.0,0.0,0.0,36.0,-4257.0,55,2,144,201,-0.133,-0.038,-0.006,-0.003,-0.001,-7.99,384,-110.0,0.0,0.0,0.0,40.0,-4469.0,75,10,299,384,0.0,0.043,0.07,0.074,0.078,15.882,4032,-120.0,0.0,22.0,39.0,85.0,-18606.0,560,448,3024,4032,-0.133,0.357,0.894,1.023,1.334,1673.434
A_X096_Y092,96,92,84,108,76,108,322.0,152.0,1.0,825,13200,10316,2884,0.2196969696969697,"{""X2Y1"": 198, ""X3Y1"": 627}",True,NOT_PROVEN_WITHOUT_MOVED_FF_CONTROL_SET_REPLAY,NOT_PROVEN_READ_ONLY_SITE_INVENTORY_ONLY,16,FEATURE_BIN_3,16,6D6B2605916DFCDD525A27838AC825D18C62B807369D6E6322040D77ED73CF54,True,,False,False,U_NEG_UPSTREAM_WORSENING;U_PASS_UPSTREAM_INCREASE;D_NEG_NO_MEDIAN_IMPROVEMENT,,False,False,False,True,"[0.0, 79.0, 14.0, 2.0, 0.0, 0.0, 0.0, 0.0, 16.0]",58,0.0,0.0,79.0,102.0,102.0,1138.0,0,14,44,58,-0.136,-0.0885,-0.043,-0.028,-0.017,-4.796,6,0.0,0.0,97.0,97.0,97.0,161.0,0,2,4,6,0.011,0.040999999999999995,0.066,0.066,0.066,0.241,201,-97.0,0.0,0.0,0.0,30.0,-1590.0,27,5,169,201,-0.133,-0.038,-0.006,-0.003,-0.001,-7.99,384,-113.0,0.0,0.0,15.0,40.0,-4278.0,78,21,285,384,0.0,0.043,0.07,0.074,0.078,15.882,4032,-115.0,0.0,24.0,39.0,95.0,-13810.0,519,473,3040,4032,-0.133,0.357,0.894,1.023,1.334,1673.434
A_X096_Y096,96,96,84,108,80,112,322.0,148.0,1.0,825,13200,10277,2923,0.2262878787878788,"{""X2Y1"": 198, ""X3Y1"": 627}",True,NOT_PROVEN_WITHOUT_MOVED_FF_CONTROL_SET_REPLAY,NOT_PROVEN_READ_ONLY_SITE_INVENTORY_ONLY,64,ALL_64,64,A49D88051B2D2E5D1255D4F806A7569CDA9B33A650A908566197031349AD8DB4,True,,False,False,U_NEG_UPSTREAM_WORSENING;U_PASS_UPSTREAM_INCREASE,,False,False,True,True,"[86.0, 108.0, 58.0, 6.0, -70.0, 5.0, -63.0, -10.0, 64.0]",58,48.0,86.0,108.0,112.0,116.0,5051.0,0,58,0,58,-0.136,-0.0885,-0.043,-0.028,-0.017,-4.796,6,60.0,92.0,108.0,108.0,108.0,520.0,0,6,0,6,0.011,0.040999999999999995,0.066,0.066,0.066,0.241,201,-121.0,-70.0,5.0,33.0,77.0,-12339.0,179,22,0,201,-0.133,-0.038,-0.006,-0.003,-0.001,-7.99,384,-121.0,-63.0,29.0,34.0,75.0,-19482.0,316,68,0,384,0.0,0.043,0.07,0.074,0.078,15.882,4032,-129.0,-10.0,58.0,67.0,95.0,-70112.0,2185,1830,17,4032,-0.133,0.357,0.894,1.023,1.334,1673.434
A_X096_Y096,96,96,84,108,80,112,322.0,148.0,1.0,825,13200,10277,2923,0.2231060606060606,"{""X2Y1"": 198, ""X3Y1"": 627}",True,NOT_PROVEN_WITHOUT_MOVED_FF_CONTROL_SET_REPLAY,NOT_PROVEN_READ_ONLY_SITE_INVENTORY_ONLY,22,DEST_X2Y1_MAJOR,22,EC8295A18CFB3214990035A3C2A8A03B2248BEA56069D816345F1D2C0CC4741A,True,,False,False,U_NEG_UPSTREAM_WORSENING;D_NEG_NO_MEDIAN_IMPROVEMENT,,False,True,False,True,"[0.0, 98.0, 22.0, 0.0, 0.0, 0.0, 0.0, 0.0, 22.0]",58,0.0,0.0,98.0,107.0,108.0,1831.0,0,22,36,58,-0.136,-0.0885,-0.043,-0.028,-0.017,-4.796,6,0.0,0.0,0.0,0.0,0.0,0.0,0,0,6,6,0.011,0.040999999999999995,0.066,0.066,0.066,0.241,201,-102.0,0.0,0.0,33.0,77.0,-1717.0,45,20,136,201,-0.133,-0.038,-0.006,-0.003,-0.001,-7.99,384,-121.0,0.0,9.0,32.0,75.0,-4907.0,102,40,242,384,0.0,0.043,0.07,0.074,0.078,15.882,4032,-121.0,0.0,33.0,51.0,95.0,-22690.0,738,641,2653,4032,-0.133,0.357,0.894,1.023,1.334,1673.434
A_X096_Y096,96,96,84,108,80,112,322.0,148.0,1.0,825,13200,10277,2923,0.22295454545454546,"{""X2Y1"": 198, ""X3Y1"": 627}",True,NOT_PROVEN_WITHOUT_MOVED_FF_CONTROL_SET_REPLAY,NOT_PROVEN_READ_ONLY_SITE_INVENTORY_ONLY,20,DEST_X3Y1_MAJOR,20,D8DF451BC1C4EF6032E28F4D3065B488CCF48FA9921667AB64B2E0E8D05D4049,True,,False,False,U_NEG_UPSTREAM_WORSENING;U_PASS_UPSTREAM_INCREASE,,False,False,True,True,"[0.0, 95.0, 15.0, 5.0, -63.0, 0.0, 0.0, 0.0, 20.0]",58,0.0,0.0,95.0,100.0,116.0,1359.0,0,15,43,58,-0.136,-0.0885,-0.043,-0.028,-0.017,-4.796,6,0.0,80.5,108.0,108.0,108.0,427.0,0,5,1,6,0.011,0.040999999999999995,0.066,0.066,0.066,0.241,201,-121.0,-63.0,0.0,0.0,32.0,-9938.0,124,2,75,201,-0.133,-0.038,-0.006,-0.003,-0.001,-7.99,384,-121.0,0.0,0.0,0.0,43.0,-10644.0,151,18,215,384,0.0,0.043,0.07,0.074,0.078,15.882,4032,-121.0,0.0,31.0,44.0,94.0,-22312.0,689,566,2777,4032,-0.133,0.357,0.894,1.023,1.334,1673.434
A_X096_Y096,96,96,84,108,80,112,322.0,148.0,1.0,825,13200,10277,2923,0.2231060606060606,"{""X2Y1"": 198, ""X3Y1"": 627}",True,NOT_PROVEN_WITHOUT_MOVED_FF_CONTROL_SET_REPLAY,NOT_PROVEN_READ_ONLY_SITE_INVENTORY_ONLY,22,DEST_MIXED_OR_OTHER,22,62A80A6BF2780309EBB7ACB65499DC33F9E420F49ABAF670FF853CD53D650A7D,True,,False,False,U_NEG_UPSTREAM_WORSENING;U_PASS_UPSTREAM_INCREASE;D_NEG_NO_MEDIAN_IMPROVEMENT,,False,False,False,True,"[0.0, 98.0, 21.0, 1.0, 0.0, 0.0, 0.0, 0.0, 22.0]",58,0.0,0.0,98.0,107.0,115.0,1861.0,0,21,37,58,-0.136,-0.0885,-0.043,-0.028,-0.017,-4.796,6,0.0,0.0,93.0,93.0,93.0,93.0,0,1,5,6,0.011,0.040999999999999995,0.066,0.066,0.066,0.241,201,-100.0,0.0,0.0,0.0,0.0,-684.0,10,0,191,201,-0.133,-0.038,-0.006,-0.003,-0.001,-7.99,384,-111.0,0.0,0.0,0.0,42.0,-3931.0,63,10,311,384,0.0,0.043,0.07,0.074,0.078,15.882,4032,-129.0,0.0,34.0,49.0,92.0,-25110.0,758,623,2651,4032,-0.133,0.357,0.894,1.023,1.334,1673.434
A_X096_Y096,96,96,84,108,80,112,322.0,148.0,1.0,825,13200,10277,2923,0.22265151515151516,"{""X2Y1"": 198, ""X3Y1"": 627}",True,NOT_PROVEN_WITHOUT_MOVED_FF_CONTROL_SET_REPLAY,NOT_PROVEN_READ_ONLY_SITE_INVENTORY_ONLY,16,FEATURE_BIN_0,16,25AFEB422DB3BDBEF4DCE97A6D1274116E7B27A3B94E395D479DC22D3DE14FFD,True,,False,False,U_NEG_UPSTREAM_WORSENING;D_NEG_NO_MEDIAN_IMPROVEMENT,,False,True,False,True,"[0.0, 95.0, 16.0, 0.0, 0.0, 0.0, 0.0, 0.0, 16.0]",58,0.0,0.0,95.0,107.0,115.0,1505.0,0,16,42,58,-0.136,-0.0885,-0.043,-0.028,-0.017,-4.796,6,0.0,0.0,0.0,0.0,0.0,0.0,0,0,6,6,0.011,0.040999999999999995,0.066,0.066,0.066,0.241,201,-121.0,0.0,0.0,0.0,77.0,-4140.0,57,7,137,201,-0.133,-0.038,-0.006,-0.003,-0.001,-7.99,384,-121.0,0.0,0.0,0.0,75.0,-5098.0,79,17,288,384,0.0,0.043,0.07,0.074,0.078,15.882,4032,-128.0,0.0,17.0,40.0,95.0,-20898.0,573,433,3026,4032,-0.133,0.357,0.894,1.023,1.334,1673.434
A_X096_Y096,96,96,84,108,80,112,322.0,148.0,1.0,825,13200,10277,2923,0.22265151515151516,"{""X2Y1"": 198, ""X3Y1"": 627}",True,NOT_PROVEN_WITHOUT_MOVED_FF_CONTROL_SET_REPLAY,NOT_PROVEN_READ_ONLY_SITE_INVENTORY_ONLY,16,FEATURE_BIN_1,16,863B9B0389C1B994C73ED0C57EC56A84FD6D317708E59D47B391DA86E44D3A8E,True,,False,False,U_NEG_UPSTREAM_WORSENING;U_PASS_UPSTREAM_INCREASE;D_NEG_NO_MEDIAN_IMPROVEMENT,,False,False,False,True,"[0.0, 100.0, 14.0, 2.0, 0.0, 0.0, 0.0, 0.0, 16.0]",58,0.0,0.0,100.0,108.0,116.0,1318.0,0,14,44,58,-0.136,-0.0885,-0.043,-0.028,-0.017,-4.796,6,0.0,0.0,108.0,108.0,108.0,199.0,0,2,4,6,0.011,0.040999999999999995,0.066,0.066,0.066,0.241,201,-117.0,0.0,0.0,0.0,40.0,-2470.0,41,7,153,201,-0.133,-0.038,-0.006,-0.003,-0.001,-7.99,384,-119.0,0.0,0.0,0.0,41.0,-5937.0,88,16,280,384,0.0,0.043,0.07,0.074,0.078,15.882,4032,-129.0,0.0,23.0,43.0,94.0,-16290.0,547,460,3025,4032,-0.133,0.357,0.894,1.023,1.334,1673.434
A_X096_Y096,96,96,84,108,80,112,322.0,148.0,1.0,825,13200,10277,2923,0.22265151515151516,"{""X2Y1"": 198, ""X3Y1"": 627}",True,NOT_PROVEN_WITHOUT_MOVED_FF_CONTROL_SET_REPLAY,NOT_PROVEN_READ_ONLY_SITE_INVENTORY_ONLY,16,FEATURE_BIN_2,16,18F6AC63D50EACD2B5F6CC669CA58252595A0313B759D7A0EC563D4D8CFF4410,True,,False,False,U_NEG_UPSTREAM_WORSENING;U_PASS_UPSTREAM_INCREASE;D_NEG_NO_MEDIAN_IMPROVEMENT,,False,False,False,True,"[0.0, 81.0, 14.0, 2.0, 0.0, 0.0, 0.0, 0.0, 16.0]",58,0.0,0.0,81.0,98.0,98.0,1146.0,0,14,44,58,-0.136,-0.0885,-0.043,-0.028,-0.017,-4.796,6,0.0,0.0,98.0,98.0,98.0,168.0,0,2,4,6,0.011,0.040999999999999995,0.066,0.066,0.066,0.241,201,-114.0,0.0,0.0,0.0,32.0,-4201.0,54,3,144,201,-0.133,-0.038,-0.006,-0.003,-0.001,-7.99,384,-107.0,0.0,0.0,0.0,38.0,-4347.0,73,12,299,384,0.0,0.043,0.07,0.074,0.078,15.882,4032,-117.0,0.0,25.0,38.0,81.0,-18884.0,549,458,3025,4032,-0.133,0.357,0.894,1.023,1.334,1673.434
A_X096_Y096,96,96,84,108,80,112,322.0,148.0,1.0,825,13200,10277,2923,0.22265151515151516,"{""X2Y1"": 198, ""X3Y1"": 627}",True,NOT_PROVEN_WITHOUT_MOVED_FF_CONTROL_SET_REPLAY,NOT_PROVEN_READ_ONLY_SITE_INVENTORY_ONLY,16,FEATURE_BIN_3,16,6D6B2605916DFCDD525A27838AC825D18C62B807369D6E6322040D77ED73CF54,True,,False,False,U_NEG_UPSTREAM_WORSENING;U_PASS_UPSTREAM_INCREASE;D_NEG_NO_MEDIAN_IMPROVEMENT,,False,False,False,True,"[0.0, 75.0, 14.0, 2.0, 0.0, 0.0, 0.0, 0.0, 16.0]",58,0.0,0.0,75.0,98.0,98.0,1082.0,0,14,44,58,-0.136,-0.0885,-0.043,-0.028,-0.017,-4.796,6,0.0,0.0,93.0,93.0,93.0,153.0,0,2,4,6,0.011,0.040999999999999995,0.066,0.066,0.066,0.241,201,-93.0,0.0,0.0,0.0,33.0,-1528.0,27,5,169,201,-0.133,-0.038,-0.006,-0.003,-0.001,-7.99,384,-111.0,0.0,0.0,19.0,36.0,-4100.0,76,23,285,384,0.0,0.043,0.07,0.074,0.078,15.882,4032,-111.0,0.0,25.0,36.0,91.0,-14040.0,516,479,3037,4032,-0.133,0.357,0.894,1.023,1.334,1673.434
A_X096_Y100,96,100,84,108,84,116,322.0,144.0,1.0,825,13200,10533,2667,0.2068939393939394,"{""X2Y1"": 198, ""X3Y1"": 627}",True,NOT_PROVEN_WITHOUT_MOVED_FF_CONTROL_SET_REPLAY,NOT_PROVEN_READ_ONLY_SITE_INVENTORY_ONLY,64,ALL_64,64,A49D88051B2D2E5D1255D4F806A7569CDA9B33A650A908566197031349AD8DB4,True,,False,False,U_NEG_UPSTREAM_WORSENING;U_PASS_UPSTREAM_INCREASE,,False,False,True,True,"[82.0, 104.0, 58.0, 6.0, -70.0, 9.0, -62.5, -6.0, 64.0]",58,44.0,82.0,104.0,108.0,112.0,4819.0,0,58,0,58,-0.136,-0.0885,-0.043,-0.028,-0.017,-4.796,6,56.0,88.0,104.0,104.0,104.0,496.0,0,6,0,6,0.011,0.040999999999999995,0.066,0.066,0.066,0.241,201,-117.0,-70.0,9.0,37.0,73.0,-11885.0,178,23,0,201,-0.133,-0.038,-0.006,-0.003,-0.001,-7.99,384,-117.0,-62.5,31.0,37.0,71.0,-18498.0,300,81,3,384,0.0,0.043,0.07,0.074,0.078,15.882,4032,-126.0,-6.0,54.0,63.0,91.0,-66822.0,2122,1890,20,4032,-0.133,0.357,0.894,1.023,1.334,1673.434
A_X096_Y100,96,100,84,108,84,116,322.0,144.0,1.0,825,13200,10533,2667,0.2037121212121212,"{""X2Y1"": 198, ""X3Y1"": 627}",True,NOT_PROVEN_WITHOUT_MOVED_FF_CONTROL_SET_REPLAY,NOT_PROVEN_READ_ONLY_SITE_INVENTORY_ONLY,22,DEST_X2Y1_MAJOR,22,EC8295A18CFB3214990035A3C2A8A03B2248BEA56069D816345F1D2C0CC4741A,True,,False,False,U_NEG_UPSTREAM_WORSENING;D_NEG_NO_MEDIAN_IMPROVEMENT,,False,True,False,True,"[0.0, 94.0, 22.0, 0.0, 0.0, 3.0, 0.0, 0.0, 22.0]",58,0.0,0.0,94.0,103.0,104.0,1743.0,0,22,36,58,-0.136,-0.0885,-0.043,-0.028,-0.017,-4.796,6,0.0,0.0,0.0,0.0,0.0,0.0,0,0,6,6,0.011,0.040999999999999995,0.066,0.066,0.066,0.241,201,-98.0,0.0,3.0,37.0,73.0,-1505.0,44,21,136,201,-0.133,-0.038,-0.006,-0.003,-0.001,-7.99,384,-117.0,0.0,13.0,33.0,71.0,-4467.0,90,51,243,384,0.0,0.043,0.07,0.074,0.078,15.882,4032,-117.0,0.0,37.0,47.0,91.0,-21434.0,713,669,2650,4032,-0.133,0.357,0.894,1.023,1.334,1673.434
A_X096_Y100,96,100,84,108,84,116,322.0,144.0,1.0,825,13200,10533,2667,0.20356060606060605,"{""X2Y1"": 198, ""X3Y1"": 627}",True,NOT_PROVEN_WITHOUT_MOVED_FF_CONTROL_SET_REPLAY,NOT_PROVEN_READ_ONLY_SITE_INVENTORY_ONLY,20,DEST_X3Y1_MAJOR,20,D8DF451BC1C4EF6032E28F4D3065B488CCF48FA9921667AB64B2E0E8D05D4049,True,,False,False,U_NEG_UPSTREAM_WORSENING;U_PASS_UPSTREAM_INCREASE,,False,False,True,True,"[0.0, 91.0, 15.0, 5.0, -62.0, 0.0, 0.0, 0.0, 20.0]",58,0.0,0.0,91.0,96.0,112.0,1299.0,0,15,43,58,-0.136,-0.0885,-0.043,-0.028,-0.017,-4.796,6,0.0,76.5,104.0,104.0,104.0,407.0,0,5,1,6,0.011,0.040999999999999995,0.066,0.066,0.066,0.241,201,-117.0,-62.0,0.0,0.0,30.0,-9712.0,124,2,75,201,-0.133,-0.038,-0.006,-0.003,-0.001,-7.99,384,-117.0,0.0,0.0,0.0,47.0,-10268.0,149,18,217,384,0.0,0.043,0.07,0.074,0.078,15.882,4032,-117.0,0.0,32.0,46.0,90.0,-21348.0,674,584,2774,4032,-0.133,0.357,0.894,1.023,1.334,1673.434
A_X096_Y100,96,100,84,108,84,116,322.0,144.0,1.0,825,13200,10533,2667,0.2037121212121212,"{""X2Y1"": 198, ""X3Y1"": 627}",True,NOT_PROVEN_WITHOUT_MOVED_FF_CONTROL_SET_REPLAY,NOT_PROVEN_READ_ONLY_SITE_INVENTORY_ONLY,22,DEST_MIXED_OR_OTHER,22,62A80A6BF2780309EBB7ACB65499DC33F9E420F49ABAF670FF853CD53D650A7D,True,,False,False,U_NEG_UPSTREAM_WORSENING;U_PASS_UPSTREAM_INCREASE;D_NEG_NO_MEDIAN_IMPROVEMENT,,False,False,False,True,"[0.0, 94.0, 21.0, 1.0, 0.0, 0.0, 0.0, 0.0, 22.0]",58,0.0,0.0,94.0,103.0,111.0,1777.0,0,21,37,58,-0.136,-0.0885,-0.043,-0.028,-0.017,-4.796,6,0.0,0.0,89.0,89.0,89.0,89.0,0,1,5,6,0.011,0.040999999999999995,0.066,0.066,0.066,0.241,201,-104.0,0.0,0.0,0.0,0.0,-668.0,10,0,191,201,-0.133,-0.038,-0.006,-0.003,-0.001,-7.99,384,-107.0,0.0,0.0,0.0,44.0,-3763.0,61,12,311,384,0.0,0.043,0.07,0.074,0.078,15.882,4032,-126.0,0.0,37.0,47.0,88.0,-24040.0,735,637,2660,4032,-0.133,0.357,0.894,1.023,1.334,1673.434
A_X096_Y100,96,100,84,108,84,116,322.0,144.0,1.0,825,13200,10533,2667,0.20325757575757575,"{""X2Y1"": 198, ""X3Y1"": 627}",True,NOT_PROVEN_WITHOUT_MOVED_FF_CONTROL_SET_REPLAY,NOT_PROVEN_READ_ONLY_SITE_INVENTORY_ONLY,16,FEATURE_BIN_0,16,25AFEB422DB3BDBEF4DCE97A6D1274116E7B27A3B94E395D479DC22D3DE14FFD,True,,False,False,U_NEG_UPSTREAM_WORSENING;D_NEG_NO_MEDIAN_IMPROVEMENT,,False,True,False,True,"[0.0, 91.0, 16.0, 0.0, 0.0, 0.0, 0.0, 0.0, 16.0]",58,0.0,0.0,91.0,103.0,111.0,1441.0,0,16,42,58,-0.136,-0.0885,-0.043,-0.028,-0.017,-4.796,6,0.0,0.0,0.0,0.0,0.0,0.0,0,0,6,6,0.011,0.040999999999999995,0.066,0.066,0.066,0.241,201,-117.0,0.0,0.0,0.0,73.0,-4026.0,56,8,137,201,-0.133,-0.038,-0.006,-0.003,-0.001,-7.99,384,-117.0,0.0,0.0,1.0,71.0,-4808.0,76,20,288,384,0.0,0.043,0.07,0.074,0.078,15.882,4032,-126.0,0.0,17.0,44.0,91.0,-19996.0,561,447,3024,4032,-0.133,0.357,0.894,1.023,1.334,1673.434
A_X096_Y100,96,100,84,108,84,116,322.0,144.0,1.0,825,13200,10533,2667,0.20325757575757575,"{""X2Y1"": 198, ""X3Y1"": 627}",True,NOT_PROVEN_WITHOUT_MOVED_FF_CONTROL_SET_REPLAY,NOT_PROVEN_READ_ONLY_SITE_INVENTORY_ONLY,16,FEATURE_BIN_1,16,863B9B0389C1B994C73ED0C57EC56A84FD6D317708E59D47B391DA86E44D3A8E,True,,False,False,U_NEG_UPSTREAM_WORSENING;U_PASS_UPSTREAM_INCREASE;D_NEG_NO_MEDIAN_IMPROVEMENT,,False,False,False,True,"[0.0, 96.0, 14.0, 2.0, 0.0, 0.0, 0.0, 0.0, 16.0]",58,0.0,0.0,96.0,104.0,112.0,1262.0,0,14,44,58,-0.136,-0.0885,-0.043,-0.028,-0.017,-4.796,6,0.0,0.0,104.0,104.0,104.0,191.0,0,2,4,6,0.011,0.040999999999999995,0.066,0.066,0.066,0.241,201,-117.0,0.0,0.0,0.0,40.0,-2352.0,41,7,153,201,-0.133,-0.038,-0.006,-0.003,-0.001,-7.99,384,-117.0,0.0,0.0,1.0,40.0,-5739.0,81,22,281,384,0.0,0.043,0.07,0.074,0.078,15.882,4032,-125.0,0.0,27.0,46.0,90.0,-15498.0,529,480,3023,4032,-0.133,0.357,0.894,1.023,1.334,1673.434
A_X096_Y100,96,100,84,108,84,116,322.0,144.0,1.0,825,13200,10533,2667,0.20325757575757575,"{""X2Y1"": 198, ""X3Y1"": 627}",True,NOT_PROVEN_WITHOUT_MOVED_FF_CONTROL_SET_REPLAY,NOT_PROVEN_READ_ONLY_SITE_INVENTORY_ONLY,16,FEATURE_BIN_2,16,18F6AC63D50EACD2B5F6CC669CA58252595A0313B759D7A0EC563D4D8CFF4410,True,,False,False,U_NEG_UPSTREAM_WORSENING;U_PASS_UPSTREAM_INCREASE;D_NEG_NO_MEDIAN_IMPROVEMENT,,False,False,False,True,"[0.0, 77.0, 14.0, 2.0, 0.0, 0.0, 0.0, 0.0, 16.0]",58,0.0,0.0,77.0,94.0,94.0,1090.0,0,14,44,58,-0.136,-0.0885,-0.043,-0.028,-0.017,-4.796,6,0.0,0.0,94.0,94.0,94.0,160.0,0,2,4,6,0.011,0.040999999999999995,0.066,0.066,0.066,0.241,201,-110.0,0.0,0.0,0.0,31.0,-4061.0,54,3,144,201,-0.133,-0.038,-0.006,-0.003,-0.001,-7.99,384,-103.0,0.0,0.0,0.0,42.0,-4129.0,69,14,301,384,0.0,0.043,0.07,0.074,0.078,15.882,4032,-113.0,0.0,23.0,37.0,77.0,-18132.0,528,474,3030,4032,-0.133,0.357,0.894,1.023,1.334,1673.434
A_X096_Y100,96,100,84,108,84,116,322.0,144.0,1.0,825,13200,10533,2667,0.20325757575757575,"{""X2Y1"": 198, ""X3Y1"": 627}",True,NOT_PROVEN_WITHOUT_MOVED_FF_CONTROL_SET_REPLAY,NOT_PROVEN_READ_ONLY_SITE_INVENTORY_ONLY,16,FEATURE_BIN_3,16,6D6B2605916DFCDD525A27838AC825D18C62B807369D6E6322040D77ED73CF54,True,,False,False,U_NEG_UPSTREAM_WORSENING;U_PASS_UPSTREAM_INCREASE;D_NEG_NO_MEDIAN_IMPROVEMENT,,False,False,False,True,"[0.0, 71.0, 14.0, 2.0, 0.0, 0.0, 0.0, 0.0, 16.0]",58,0.0,0.0,71.0,94.0,94.0,1026.0,0,14,44,58,-0.136,-0.0885,-0.043,-0.028,-0.017,-4.796,6,0.0,0.0,89.0,89.0,89.0,145.0,0,2,4,6,0.011,0.040999999999999995,0.066,0.066,0.066,0.241,201,-89.0,0.0,0.0,0.0,37.0,-1446.0,27,5,169,201,-0.133,-0.038,-0.006,-0.003,-0.001,-7.99,384,-107.0,0.0,0.0,21.0,38.0,-3822.0,74,25,285,384,0.0,0.043,0.07,0.074,0.078,15.882,4032,-107.0,0.0,27.0,38.0,87.0,-13196.0,504,489,3039,4032,-0.133,0.357,0.894,1.023,1.334,1673.434
A_X096_Y104,96,104,84,108,88,120,322.0,140.0,1.0,825,13200,10866,2334,0.18166666666666667,"{""X2Y1"": 192, ""X2Y2"": 6, ""X3Y1"": 608, ""X3Y2"": 19}",True,NOT_PROVEN_WITHOUT_MOVED_FF_CONTROL_SET_REPLAY,NOT_PROVEN_READ_ONLY_SITE_INVENTORY_ONLY,0,ALL_64,64,A49D88051B2D2E5D1255D4F806A7569CDA9B33A650A908566197031349AD8DB4,True,,False,False,U_NEG_UPSTREAM_WORSENING;U_PASS_UPSTREAM_INCREASE,,False,False,True,True,"[78.0, 100.0, 58.0, 6.0, -67.0, 13.0, -60.0, -3.0, 64.0]",58,40.0,78.0,100.0,104.0,108.0,4587.0,0,58,0,58,-0.136,-0.0885,-0.043,-0.028,-0.017,-4.796,6,52.0,84.0,100.0,100.0,100.0,472.0,0,6,0,6,0.011,0.040999999999999995,0.066,0.066,0.066,0.241,201,-115.0,-67.0,13.0,41.0,69.0,-11343.0,175,26,0,201,-0.133,-0.038,-0.006,-0.003,-0.001,-7.99,384,-115.0,-60.0,34.0,41.0,67.0,-17384.0,289,95,0,384,0.0,0.043,0.07,0.074,0.078,15.882,4032,-128.0,-3.0,51.0,59.0,87.0,-60982.0,2046,1977,9,4032,-0.133,0.357,0.894,1.023,1.334,1673.434
A_X096_Y104,96,104,84,108,88,120,322.0,140.0,1.0,825,13200,10866,2334,0.1784848484848485,"{""X2Y1"": 192, ""X2Y2"": 6, ""X3Y1"": 608, ""X3Y2"": 19}",True,NOT_PROVEN_WITHOUT_MOVED_FF_CONTROL_SET_REPLAY,NOT_PROVEN_READ_ONLY_SITE_INVENTORY_ONLY,0,DEST_X2Y1_MAJOR,22,EC8295A18CFB3214990035A3C2A8A03B2248BEA56069D816345F1D2C0CC4741A,True,,False,False,U_NEG_UPSTREAM_WORSENING;D_NEG_NO_MEDIAN_IMPROVEMENT,,False,True,False,True,"[0.0, 90.0, 22.0, 0.0, 0.0, 7.0, 0.0, 0.0, 22.0]",58,0.0,0.0,90.0,99.0,100.0,1655.0,0,22,36,58,-0.136,-0.0885,-0.043,-0.028,-0.017,-4.796,6,0.0,0.0,0.0,0.0,0.0,0.0,0,0,6,6,0.011,0.040999999999999995,0.066,0.066,0.066,0.241,201,-94.0,0.0,7.0,41.0,69.0,-1277.0,42,23,136,201,-0.133,-0.038,-0.006,-0.003,-0.001,-7.99,384,-113.0,0.0,17.0,37.0,67.0,-3987.0,87,55,242,384,0.0,0.043,0.07,0.074,0.078,15.882,4032,-113.0,0.0,39.0,45.0,87.0,-19412.0,685,697,2650,4032,-0.133,0.357,0.894,1.023,1.334,1673.434
A_X096_Y104,96,104,84,108,88,120,322.0,140.0,1.0,825,13200,10866,2334,0.17833333333333334,"{""X2Y1"": 192, ""X2Y2"": 6, ""X3Y1"": 608, ""X3Y2"": 19}",True,NOT_PROVEN_WITHOUT_MOVED_FF_CONTROL_SET_REPLAY,NOT_PROVEN_READ_ONLY_SITE_INVENTORY_ONLY,0,DEST_X3Y1_MAJOR,20,D8DF451BC1C4EF6032E28F4D3065B488CCF48FA9921667AB64B2E0E8D05D4049,True,,False,False,U_NEG_UPSTREAM_WORSENING;U_PASS_UPSTREAM_INCREASE,,False,False,True,True,"[0.0, 87.0, 15.0, 5.0, -61.0, 0.0, 0.0, 0.0, 20.0]",58,0.0,0.0,87.0,92.0,108.0,1239.0,0,15,43,58,-0.136,-0.0885,-0.043,-0.028,-0.017,-4.796,6,0.0,72.5,100.0,100.0,100.0,387.0,0,5,1,6,0.011,0.040999999999999995,0.066,0.066,0.066,0.241,201,-115.0,-61.0,0.0,0.0,34.0,-9414.0,123,3,75,201,-0.133,-0.038,-0.006,-0.003,-0.001,-7.99,384,-115.0,0.0,0.0,4.0,51.0,-9832.0,144,25,215,384,0.0,0.043,0.07,0.074,0.078,15.882,4032,-115.0,0.0,36.0,47.0,86.0,-19520.0,643,613,2776,4032,-0.133,0.357,0.894,1.023,1.334,1673.434
A_X096_Y104,96,104,84,108,88,120,322.0,140.0,1.0,825,13200,10866,2334,0.1784848484848485,"{""X2Y1"": 192, ""X2Y2"": 6, ""X3Y1"": 608, ""X3Y2"": 19}",True,NOT_PROVEN_WITHOUT_MOVED_FF_CONTROL_SET_REPLAY,NOT_PROVEN_READ_ONLY_SITE_INVENTORY_ONLY,0,DEST_MIXED_OR_OTHER,22,62A80A6BF2780309EBB7ACB65499DC33F9E420F49ABAF670FF853CD53D650A7D,True,,False,False,U_NEG_UPSTREAM_WORSENING;U_PASS_UPSTREAM_INCREASE;D_NEG_NO_MEDIAN_IMPROVEMENT,,False,False,False,True,"[0.0, 90.0, 21.0, 1.0, 0.0, 0.0, 0.0, 0.0, 22.0]",58,0.0,0.0,90.0,99.0,107.0,1693.0,0,21,37,58,-0.136,-0.0885,-0.043,-0.028,-0.017,-4.796,6,0.0,0.0,85.0,85.0,85.0,85.0,0,1,5,6,0.011,0.040999999999999995,0.066,0.066,0.066,0.241,201,-108.0,0.0,0.0,0.0,0.0,-652.0,10,0,191,201,-0.133,-0.038,-0.006,-0.003,-0.001,-7.99,384,-109.0,0.0,0.0,0.0,48.0,-3565.0,58,15,311,384,0.0,0.043,0.07,0.074,0.078,15.882,4032,-128.0,0.0,40.0,48.0,84.0,-22050.0,718,667,2647,4032,-0.133,0.357,0.894,1.023,1.334,1673.434
A_X096_Y104,96,104,84,108,88,120,322.0,140.0,1.0,825,13200,10866,2334,0.17803030303030304,"{""X2Y1"": 192, ""X2Y2"": 6, ""X3Y1"": 608, ""X3Y2"": 19}",True,NOT_PROVEN_WITHOUT_MOVED_FF_CONTROL_SET_REPLAY,NOT_PROVEN_READ_ONLY_SITE_INVENTORY_ONLY,0,FEATURE_BIN_0,16,25AFEB422DB3BDBEF4DCE97A6D1274116E7B27A3B94E395D479DC22D3DE14FFD,True,,False,False,U_NEG_UPSTREAM_WORSENING;D_NEG_NO_MEDIAN_IMPROVEMENT,,False,True,False,True,"[0.0, 87.0, 16.0, 0.0, 0.0, 0.0, 0.0, 0.0, 16.0]",58,0.0,0.0,87.0,99.0,107.0,1377.0,0,16,42,58,-0.136,-0.0885,-0.043,-0.028,-0.017,-4.796,6,0.0,0.0,0.0,0.0,0.0,0.0,0,0,6,6,0.011,0.040999999999999995,0.066,0.066,0.066,0.241,201,-113.0,0.0,0.0,0.0,69.0,-3874.0,55,9,137,201,-0.133,-0.038,-0.006,-0.003,-0.001,-7.99,384,-113.0,0.0,0.0,5.0,67.0,-4482.0,72,24,288,384,0.0,0.043,0.07,0.074,0.078,15.882,4032,-128.0,0.0,20.0,47.0,87.0,-18324.0,535,474,3023,4032,-0.133,0.357,0.894,1.023,1.334,1673.434
A_X096_Y104,96,104,84,108,88,120,322.0,140.0,1.0,825,13200,10866,2334,0.17803030303030304,"{""X2Y1"": 192, ""X2Y2"": 6, ""X3Y1"": 608, ""X3Y2"": 19}",True,NOT_PROVEN_WITHOUT_MOVED_FF_CONTROL_SET_REPLAY,NOT_PROVEN_READ_ONLY_SITE_INVENTORY_ONLY,0,FEATURE_BIN_1,16,863B9B0389C1B994C73ED0C57EC56A84FD6D317708E59D47B391DA86E44D3A8E,True,,False,False,U_NEG_UPSTREAM_WORSENING;U_PASS_UPSTREAM_INCREASE;D_NEG_NO_MEDIAN_IMPROVEMENT,,False,False,False,True,"[0.0, 92.0, 14.0, 2.0, 0.0, 0.0, 0.0, 0.0, 16.0]",58,0.0,0.0,92.0,100.0,108.0,1206.0,0,14,44,58,-0.136,-0.0885,-0.043,-0.028,-0.017,-4.796,6,0.0,0.0,100.0,100.0,100.0,183.0,0,2,4,6,0.011,0.040999999999999995,0.066,0.066,0.066,0.241,201,-115.0,0.0,0.0,0.0,44.0,-2216.0,41,7,153,201,-0.133,-0.038,-0.006,-0.003,-0.001,-7.99,384,-115.0,0.0,0.0,5.0,44.0,-5491.0,80,24,280,384,0.0,0.043,0.07,0.074,0.078,15.882,4032,-121.0,0.0,29.0,49.0,86.0,-14068.0,516,494,3022,4032,-0.133,0.357,0.894,1.023,1.334,1673.434
A_X096_Y104,96,104,84,108,88,120,322.0,140.0,1.0,825,13200,10866,2334,0.17803030303030304,"{""X2Y1"": 192, ""X2Y2"": 6, ""X3Y1"": 608, ""X3Y2"": 19}",True,NOT_PROVEN_WITHOUT_MOVED_FF_CONTROL_SET_REPLAY,NOT_PROVEN_READ_ONLY_SITE_INVENTORY_ONLY,0,FEATURE_BIN_2,16,18F6AC63D50EACD2B5F6CC669CA58252595A0313B759D7A0EC563D4D8CFF4410,True,,False,False,U_NEG_UPSTREAM_WORSENING;U_PASS_UPSTREAM_INCREASE;D_NEG_NO_MEDIAN_IMPROVEMENT,,False,False,False,True,"[0.0, 73.0, 14.0, 2.0, 0.0, 0.0, 0.0, 0.0, 16.0]",58,0.0,0.0,73.0,90.0,90.0,1034.0,0,14,44,58,-0.136,-0.0885,-0.043,-0.028,-0.017,-4.796,6,0.0,0.0,90.0,90.0,90.0,152.0,0,2,4,6,0.011,0.040999999999999995,0.066,0.066,0.066,0.241,201,-106.0,0.0,0.0,0.0,35.0,-3895.0,54,3,144,201,-0.133,-0.038,-0.006,-0.003,-0.001,-7.99,384,-103.0,0.0,0.0,0.0,46.0,-3889.0,69,16,299,384,0.0,0.043,0.07,0.074,0.078,15.882,4032,-109.0,0.0,25.0,38.0,73.0,-16742.0,510,498,3024,4032,-0.133,0.357,0.894,1.023,1.334,1673.434
A_X096_Y104,96,104,84,108,88,120,322.0,140.0,1.0,825,13200,10866,2334,0.17803030303030304,"{""X2Y1"": 192, ""X2Y2"": 6, ""X3Y1"": 608, ""X3Y2"": 19}",True,NOT_PROVEN_WITHOUT_MOVED_FF_CONTROL_SET_REPLAY,NOT_PROVEN_READ_ONLY_SITE_INVENTORY_ONLY,0,FEATURE_BIN_3,16,6D6B2605916DFCDD525A27838AC825D18C62B807369D6E6322040D77ED73CF54,True,,False,False,U_NEG_UPSTREAM_WORSENING;U_PASS_UPSTREAM_INCREASE;D_NEG_NO_MEDIAN_IMPROVEMENT,,False,False,False,True,"[0.0, 67.0, 14.0, 2.0, 0.0, 0.0, 0.0, 0.0, 16.0]",58,0.0,0.0,67.0,90.0,90.0,970.0,0,14,44,58,-0.136,-0.0885,-0.043,-0.028,-0.017,-4.796,6,0.0,0.0,85.0,85.0,85.0,137.0,0,2,4,6,0.011,0.040999999999999995,0.066,0.066,0.066,0.241,201,-85.0,0.0,0.0,0.0,41.0,-1358.0,25,7,169,201,-0.133,-0.038,-0.006,-0.003,-0.001,-7.99,384,-103.0,0.0,0.0,25.0,42.0,-3522.0,68,31,285,384,0.0,0.043,0.07,0.074,0.078,15.882,4032,-103.0,0.0,31.0,41.0,83.0,-11848.0,485,511,3036,4032,-0.133,0.357,0.894,1.023,1.334,1673.434
A_X096_Y108,96,108,84,108,92,124,322.0,136.0,1.0,825,13200,11234,1966,0.15378787878787878,"{""X2Y1"": 168, ""X2Y2"": 30, ""X3Y1"": 532, ""X3Y2"": 95}",True,NOT_PROVEN_WITHOUT_MOVED_FF_CONTROL_SET_REPLAY,NOT_PROVEN_READ_ONLY_SITE_INVENTORY_ONLY,0,ALL_64,64,A49D88051B2D2E5D1255D4F806A7569CDA9B33A650A908566197031349AD8DB4,True,,False,False,U_NEG_UPSTREAM_WORSENING;U_PASS_UPSTREAM_INCREASE,,False,False,True,True,"[74.0, 96.0, 58.0, 6.0, -65.0, 17.0, -56.5, 1.0, 64.0]",58,36.0,74.0,96.0,100.0,104.0,4355.0,0,58,0,58,-0.136,-0.0885,-0.043,-0.028,-0.017,-4.796,6,48.0,80.0,96.0,96.0,96.0,448.0,0,6,0,6,0.011,0.040999999999999995,0.066,0.066,0.066,0.241,201,-117.0,-65.0,17.0,45.0,65.0,-10743.0,171,27,3,201,-0.133,-0.038,-0.006,-0.003,-0.001,-7.99,384,-117.0,-56.5,38.0,45.0,63.0,-16142.0,283,98,3,384,0.0,0.043,0.07,0.074,0.078,15.882,4032,-124.0,1.0,52.0,55.0,83.0,-52578.0,1993,2019,20,4032,-0.133,0.357,0.894,1.023,1.334,1673.434
A_X096_Y108,96,108,84,108,92,124,322.0,136.0,1.0,825,13200,11234,1966,0.1506060606060606,"{""X2Y1"": 168, ""X2Y2"": 30, ""X3Y1"": 532, ""X3Y2"": 95}",True,NOT_PROVEN_WITHOUT_MOVED_FF_CONTROL_SET_REPLAY,NOT_PROVEN_READ_ONLY_SITE_INVENTORY_ONLY,0,DEST_X2Y1_MAJOR,22,EC8295A18CFB3214990035A3C2A8A03B2248BEA56069D816345F1D2C0CC4741A,True,,False,False,U_NEG_UPSTREAM_WORSENING;D_NEG_NO_MEDIAN_IMPROVEMENT,,False,True,False,True,"[0.0, 86.0, 22.0, 0.0, 0.0, 11.0, 0.0, 0.0, 22.0]",58,0.0,0.0,86.0,95.0,96.0,1567.0,0,22,36,58,-0.136,-0.0885,-0.043,-0.028,-0.017,-4.796,6,0.0,0.0,0.0,0.0,0.0,0.0,0,0,6,6,0.011,0.040999999999999995,0.066,0.066,0.066,0.241,201,-90.0,0.0,11.0,45.0,65.0,-1043.0,40,24,137,201,-0.133,-0.038,-0.006,-0.003,-0.001,-7.99,384,-109.0,0.0,21.0,41.0,63.0,-3489.0,85,56,243,384,0.0,0.043,0.07,0.074,0.078,15.882,4032,-109.0,0.0,41.0,47.0,83.0,-16670.0,668,709,2655,4032,-0.133,0.357,0.894,1.023,1.334,1673.434
A_X096_Y108,96,108,84,108,92,124,322.0,136.0,1.0,825,13200,11234,1966,0.15045454545454545,"{""X2Y1"": 168, ""X2Y2"": 30, ""X3Y1"": 532, ""X3Y2"": 95}",True,NOT_PROVEN_WITHOUT_MOVED_FF_CONTROL_SET_REPLAY,NOT_PROVEN_READ_ONLY_SITE_INVENTORY_ONLY,0,DEST_X3Y1_MAJOR,20,D8DF451BC1C4EF6032E28F4D3065B488CCF48FA9921667AB64B2E0E8D05D4049,True,,False,False,U_NEG_UPSTREAM_WORSENING;U_PASS_UPSTREAM_INCREASE,,False,False,True,True,"[0.0, 83.0, 15.0, 5.0, -58.0, 0.0, 0.0, 0.0, 20.0]",58,0.0,0.0,83.0,88.0,104.0,1179.0,0,15,43,58,-0.136,-0.0885,-0.043,-0.028,-0.017,-4.796,6,0.0,68.5,96.0,96.0,96.0,367.0,0,5,1,6,0.011,0.040999999999999995,0.066,0.066,0.066,0.241,201,-117.0,-58.0,0.0,0.0,38.0,-9068.0,121,3,77,201,-0.133,-0.038,-0.006,-0.003,-0.001,-7.99,384,-117.0,0.0,0.0,8.0,55.0,-9300.0,141,26,217,384,0.0,0.043,0.07,0.074,0.078,15.882,4032,-117.0,0.0,39.0,48.0,82.0,-16868.0,623,624,2785,4032,-0.133,0.357,0.894,1.023,1.334,1673.434
A_X096_Y108,96,108,84,108,92,124,322.0,136.0,1.0,825,13200,11234,1966,0.1506060606060606,"{""X2Y1"": 168, ""X2Y2"": 30, ""X3Y1"": 532, ""X3Y2"": 95}",True,NOT_PROVEN_WITHOUT_MOVED_FF_CONTROL_SET_REPLAY,NOT_PROVEN_READ_ONLY_SITE_INVENTORY_ONLY,0,DEST_MIXED_OR_OTHER,22,62A80A6BF2780309EBB7ACB65499DC33F9E420F49ABAF670FF853CD53D650A7D,True,,False,False,U_NEG_UPSTREAM_WORSENING;U_PASS_UPSTREAM_INCREASE;D_NEG_NO_MEDIAN_IMPROVEMENT,,False,False,False,True,"[0.0, 86.0, 21.0, 1.0, 0.0, 0.0, 0.0, 0.0, 22.0]",58,0.0,0.0,86.0,95.0,103.0,1609.0,0,21,37,58,-0.136,-0.0885,-0.043,-0.028,-0.017,-4.796,6,0.0,0.0,81.0,81.0,81.0,81.0,0,1,5,6,0.011,0.040999999999999995,0.066,0.066,0.066,0.241,201,-108.0,0.0,0.0,0.0,0.0,-632.0,10,0,191,201,-0.133,-0.038,-0.006,-0.003,-0.001,-7.99,384,-113.0,0.0,0.0,0.0,52.0,-3353.0,57,16,311,384,0.0,0.043,0.07,0.074,0.078,15.882,4032,-124.0,0.0,44.0,50.0,80.0,-19040.0,702,686,2644,4032,-0.133,0.357,0.894,1.023,1.334,1673.434
A_X096_Y108,96,108,84,108,92,124,322.0,136.0,1.0,825,13200,11234,1966,0.15015151515151515,"{""X2Y1"": 168, ""X2Y2"": 30, ""X3Y1"": 532, ""X3Y2"": 95}",True,NOT_PROVEN_WITHOUT_MOVED_FF_CONTROL_SET_REPLAY,NOT_PROVEN_READ_ONLY_SITE_INVENTORY_ONLY,0,FEATURE_BIN_0,16,25AFEB422DB3BDBEF4DCE97A6D1274116E7B27A3B94E395D479DC22D3DE14FFD,True,,False,False,U_NEG_UPSTREAM_WORSENING;D_NEG_NO_MEDIAN_IMPROVEMENT,,False,True,False,True,"[0.0, 83.0, 16.0, 0.0, 0.0, 0.0, 0.0, 0.0, 16.0]",58,0.0,0.0,83.0,95.0,103.0,1313.0,0,16,42,58,-0.136,-0.0885,-0.043,-0.028,-0.017,-4.796,6,0.0,0.0,0.0,0.0,0.0,0.0,0,0,6,6,0.011,0.040999999999999995,0.066,0.066,0.066,0.241,201,-109.0,0.0,0.0,0.0,65.0,-3710.0,54,9,138,201,-0.133,-0.038,-0.006,-0.003,-0.001,-7.99,384,-109.0,0.0,0.0,9.0,63.0,-4144.0,72,24,288,384,0.0,0.043,0.07,0.074,0.078,15.882,4032,-124.0,0.0,24.0,50.0,83.0,-15964.0,522,486,3024,4032,-0.133,0.357,0.894,1.023,1.334,1673.434
A_X096_Y108,96,108,84,108,92,124,322.0,136.0,1.0,825,13200,11234,1966,0.15015151515151515,"{""X2Y1"": 168, ""X2Y2"": 30, ""X3Y1"": 532, ""X3Y2"": 95}",True,NOT_PROVEN_WITHOUT_MOVED_FF_CONTROL_SET_REPLAY,NOT_PROVEN_READ_ONLY_SITE_INVENTORY_ONLY,0,FEATURE_BIN_1,16,863B9B0389C1B994C73ED0C57EC56A84FD6D317708E59D47B391DA86E44D3A8E,True,,False,False,U_NEG_UPSTREAM_WORSENING;U_PASS_UPSTREAM_INCREASE;D_NEG_NO_MEDIAN_IMPROVEMENT,,False,False,False,True,"[0.0, 88.0, 14.0, 2.0, 0.0, 0.0, 0.0, 0.0, 16.0]",58,0.0,0.0,88.0,96.0,104.0,1150.0,0,14,44,58,-0.136,-0.0885,-0.043,-0.028,-0.017,-4.796,6,0.0,0.0,96.0,96.0,96.0,175.0,0,2,4,6,0.011,0.040999999999999995,0.066,0.066,0.066,0.241,201,-117.0,0.0,0.0,0.0,48.0,-2070.0,39,7,155,201,-0.133,-0.038,-0.006,-0.003,-0.001,-7.99,384,-117.0,0.0,0.0,9.0,48.0,-5205.0,79,25,280,384,0.0,0.043,0.07,0.074,0.078,15.882,4032,-117.0,0.0,33.0,48.0,82.0,-12150.0,494,511,3027,4032,-0.133,0.357,0.894,1.023,1.334,1673.434
A_X096_Y108,96,108,84,108,92,124,322.0,136.0,1.0,825,13200,11234,1966,0.15015151515151515,"{""X2Y1"": 168, ""X2Y2"": 30, ""X3Y1"": 532, ""X3Y2"": 95}",True,NOT_PROVEN_WITHOUT_MOVED_FF_CONTROL_SET_REPLAY,NOT_PROVEN_READ_ONLY_SITE_INVENTORY_ONLY,0,FEATURE_BIN_2,16,18F6AC63D50EACD2B5F6CC669CA58252595A0313B759D7A0EC563D4D8CFF4410,True,,False,False,U_NEG_UPSTREAM_WORSENING;U_PASS_UPSTREAM_INCREASE;D_NEG_NO_MEDIAN_IMPROVEMENT,,False,False,False,True,"[0.0, 69.0, 14.0, 2.0, 0.0, 0.0, 0.0, 0.0, 16.0]",58,0.0,0.0,69.0,86.0,86.0,978.0,0,14,44,58,-0.136,-0.0885,-0.043,-0.028,-0.017,-4.796,6,0.0,0.0,86.0,86.0,86.0,144.0,0,2,4,6,0.011,0.040999999999999995,0.066,0.066,0.066,0.241,201,-102.0,0.0,0.0,0.0,39.0,-3705.0,53,4,144,201,-0.133,-0.038,-0.006,-0.003,-0.001,-7.99,384,-103.0,0.0,0.0,0.0,50.0,-3605.0,64,18,302,384,0.0,0.043,0.07,0.074,0.078,15.882,4032,-105.0,0.0,29.0,41.0,69.0,-14644.0,492,511,3029,4032,-0.133,0.357,0.894,1.023,1.334,1673.434
A_X096_Y108,96,108,84,108,92,124,322.0,136.0,1.0,825,13200,11234,1966,0.15015151515151515,"{""X2Y1"": 168, ""X2Y2"": 30, ""X3Y1"": 532, ""X3Y2"": 95}",True,NOT_PROVEN_WITHOUT_MOVED_FF_CONTROL_SET_REPLAY,NOT_PROVEN_READ_ONLY_SITE_INVENTORY_ONLY,0,FEATURE_BIN_3,16,6D6B2605916DFCDD525A27838AC825D18C62B807369D6E6322040D77ED73CF54,True,,False,False,U_NEG_UPSTREAM_WORSENING;U_PASS_UPSTREAM_INCREASE;D_NEG_NO_MEDIAN_IMPROVEMENT,,False,False,False,True,"[0.0, 63.0, 14.0, 2.0, 0.0, 0.0, 0.0, 0.0, 16.0]",58,0.0,0.0,63.0,86.0,86.0,914.0,0,14,44,58,-0.136,-0.0885,-0.043,-0.028,-0.017,-4.796,6,0.0,0.0,81.0,81.0,81.0,129.0,0,2,4,6,0.011,0.040999999999999995,0.066,0.066,0.066,0.241,201,-81.0,0.0,0.0,0.0,45.0,-1258.0,25,7,169,201,-0.133,-0.038,-0.006,-0.003,-0.001,-7.99,384,-99.0,0.0,0.0,29.0,46.0,-3188.0,68,31,285,384,0.0,0.043,0.07,0.074,0.078,15.882,4032,-99.0,0.0,35.0,45.0,79.0,-9820.0,485,511,3036,4032,-0.133,0.357,0.894,1.023,1.334,1673.434
A_X096_Y112,96,112,84,108,96,128,322.0,132.0,1.0,825,13200,11634,1566,0.12348484848484849,"{""X2Y1"": 144, ""X2Y2"": 54, ""X3Y1"": 456, ""X3Y2"": 171}",True,NOT_PROVEN_WITHOUT_MOVED_FF_CONTROL_SET_REPLAY,NOT_PROVEN_READ_ONLY_SITE_INVENTORY_ONLY,0,ALL_64,64,A49D88051B2D2E5D1255D4F806A7569CDA9B33A650A908566197031349AD8DB4,True,,False,False,U_NEG_UPSTREAM_WORSENING;U_PASS_UPSTREAM_INCREASE,,False,False,True,True,"[70.0, 92.0, 58.0, 6.0, -61.0, 21.0, -52.5, 5.0, 64.0]",58,32.0,70.0,92.0,96.0,100.0,4123.0,0,58,0,58,-0.136,-0.0885,-0.043,-0.028,-0.017,-4.796,6,44.0,76.0,92.0,92.0,92.0,424.0,0,6,0,6,0.011,0.040999999999999995,0.066,0.066,0.066,0.241,201,-113.0,-61.0,21.0,49.0,61.0,-10025.0,171,30,0,201,-0.133,-0.038,-0.006,-0.003,-0.001,-7.99,384,-113.0,-52.5,42.0,49.0,59.0,-14742.0,282,102,0,384,0.0,0.043,0.07,0.074,0.078,15.882,4032,-120.0,5.0,54.0,58.0,79.0,-40536.0,1971,2056,5,4032,-0.133,0.357,0.894,1.023,1.334,1673.434
A_X096_Y112,96,112,84,108,96,128,322.0,132.0,1.0,825,13200,11634,1566,0.1203030303030303,"{""X2Y1"": 144, ""X2Y2"": 54, ""X3Y1"": 456, ""X3Y2"": 171}",True,NOT_PROVEN_WITHOUT_MOVED_FF_CONTROL_SET_REPLAY,NOT_PROVEN_READ_ONLY_SITE_INVENTORY_ONLY,0,DEST_X2Y1_MAJOR,22,EC8295A18CFB3214990035A3C2A8A03B2248BEA56069D816345F1D2C0CC4741A,True,,False,False,U_NEG_UPSTREAM_WORSENING;D_NEG_NO_MEDIAN_IMPROVEMENT,,False,True,False,True,"[0.0, 82.0, 22.0, 0.0, 0.0, 15.0, 0.0, 0.0, 22.0]",58,0.0,0.0,82.0,91.0,92.0,1479.0,0,22,36,58,-0.136,-0.0885,-0.043,-0.028,-0.017,-4.796,6,0.0,0.0,0.0,0.0,0.0,0.0,0,0,6,6,0.011,0.040999999999999995,0.066,0.066,0.066,0.241,201,-86.0,0.0,15.0,49.0,61.0,-803.0,40,25,136,201,-0.133,-0.038,-0.006,-0.003,-0.001,-7.99,384,-105.0,0.0,25.0,45.0,59.0,-2951.0,84,58,242,384,0.0,0.043,0.07,0.074,0.078,15.882,4032,-105.0,0.0,44.0,51.0,79.0,-12704.0,662,722,2648,4032,-0.133,0.357,0.894,1.023,1.334,1673.434
A_X096_Y112,96,112,84,108,96,128,322.0,132.0,1.0,825,13200,11634,1566,0.12015151515151515,"{""X2Y1"": 144, ""X2Y2"": 54, ""X3Y1"": 456, ""X3Y2"": 171}",True,NOT_PROVEN_WITHOUT_MOVED_FF_CONTROL_SET_REPLAY,NOT_PROVEN_READ_ONLY_SITE_INVENTORY_ONLY,0,DEST_X3Y1_MAJOR,20,D8DF451BC1C4EF6032E28F4D3065B488CCF48FA9921667AB64B2E0E8D05D4049,True,,False,False,U_NEG_UPSTREAM_WORSENING;U_PASS_UPSTREAM_INCREASE,,False,False,True,True,"[0.0, 79.0, 15.0, 5.0, -54.0, 0.0, 0.0, 0.0, 20.0]",58,0.0,0.0,79.0,84.0,100.0,1119.0,0,15,43,58,-0.136,-0.0885,-0.043,-0.028,-0.017,-4.796,6,0.0,64.5,92.0,92.0,92.0,347.0,0,5,1,6,0.011,0.040999999999999995,0.066,0.066,0.066,0.241,201,-113.0,-54.0,0.0,0.0,42.0,-8626.0,121,5,75,201,-0.133,-0.038,-0.006,-0.003,-0.001,-7.99,384,-113.0,0.0,0.0,12.0,59.0,-8698.0,141,28,215,384,0.0,0.043,0.07,0.074,0.078,15.882,4032,-113.0,0.0,43.0,50.0,78.0,-13090.0,620,640,2772,4032,-0.133,0.357,0.894,1.023,1.334,1673.434
A_X096_Y112,96,112,84,108,96,128,322.0,132.0,1.0,825,13200,11634,1566,0.1203030303030303,"{""X2Y1"": 144, ""X2Y2"": 54, ""X3Y1"": 456, ""X3Y2"": 171}",True,NOT_PROVEN_WITHOUT_MOVED_FF_CONTROL_SET_REPLAY,NOT_PROVEN_READ_ONLY_SITE_INVENTORY_ONLY,0,DEST_MIXED_OR_OTHER,22,62A80A6BF2780309EBB7ACB65499DC33F9E420F49ABAF670FF853CD53D650A7D,True,,False,False,U_NEG_UPSTREAM_WORSENING;U_PASS_UPSTREAM_INCREASE;D_NEG_NO_MEDIAN_IMPROVEMENT,,False,False,False,True,"[0.0, 82.0, 21.0, 1.0, 0.0, 0.0, 0.0, 0.0, 22.0]",58,0.0,0.0,82.0,91.0,99.0,1525.0,0,21,37,58,-0.136,-0.0885,-0.043,-0.028,-0.017,-4.796,6,0.0,0.0,77.0,77.0,77.0,77.0,0,1,5,6,0.011,0.040999999999999995,0.066,0.066,0.066,0.241,201,-104.0,0.0,0.0,0.0,0.0,-596.0,10,0,191,201,-0.133,-0.038,-0.006,-0.003,-0.001,-7.99,384,-113.0,0.0,0.0,0.0,56.0,-3093.0,57,16,311,384,0.0,0.043,0.07,0.074,0.078,15.882,4032,-120.0,0.0,48.0,54.0,76.0,-14742.0,689,694,2649,4032,-0.133,0.357,0.894,1.023,1.334,1673.434
A_X096_Y112,96,112,84,108,96,128,322.0,132.0,1.0,825,13200,11634,1566,0.11984848484848484,"{""X2Y1"": 144, ""X2Y2"": 54, ""X3Y1"": 456, ""X3Y2"": 171}",True,NOT_PROVEN_WITHOUT_MOVED_FF_CONTROL_SET_REPLAY,NOT_PROVEN_READ_ONLY_SITE_INVENTORY_ONLY,0,FEATURE_BIN_0,16,25AFEB422DB3BDBEF4DCE97A6D1274116E7B27A3B94E395D479DC22D3DE14FFD,True,,False,False,U_NEG_UPSTREAM_WORSENING;D_NEG_NO_MEDIAN_IMPROVEMENT,,False,True,False,True,"[0.0, 79.0, 16.0, 0.0, 0.0, 0.0, 0.0, 0.0, 16.0]",58,0.0,0.0,79.0,91.0,99.0,1249.0,0,16,42,58,-0.136,-0.0885,-0.043,-0.028,-0.017,-4.796,6,0.0,0.0,0.0,0.0,0.0,0.0,0,0,6,6,0.011,0.040999999999999995,0.066,0.066,0.066,0.241,201,-105.0,0.0,0.0,0.0,61.0,-3486.0,54,10,137,201,-0.133,-0.038,-0.006,-0.003,-0.001,-7.99,384,-105.0,0.0,0.0,13.0,59.0,-3782.0,71,25,288,384,0.0,0.043,0.07,0.074,0.078,15.882,4032,-120.0,0.0,28.0,53.0,79.0,-12678.0,508,502,3022,4032,-0.133,0.357,0.894,1.023,1.334,1673.434
A_X096_Y112,96,112,84,108,96,128,322.0,132.0,1.0,825,13200,11634,1566,0.11984848484848484,"{""X2Y1"": 144, ""X2Y2"": 54, ""X3Y1"": 456, ""X3Y2"": 171}",True,NOT_PROVEN_WITHOUT_MOVED_FF_CONTROL_SET_REPLAY,NOT_PROVEN_READ_ONLY_SITE_INVENTORY_ONLY,0,FEATURE_BIN_1,16,863B9B0389C1B994C73ED0C57EC56A84FD6D317708E59D47B391DA86E44D3A8E,True,,False,False,U_NEG_UPSTREAM_WORSENING;U_PASS_UPSTREAM_INCREASE;D_NEG_NO_MEDIAN_IMPROVEMENT,,False,False,False,True,"[0.0, 84.0, 14.0, 2.0, 0.0, 0.0, 0.0, 0.0, 16.0]",58,0.0,0.0,84.0,92.0,100.0,1094.0,0,14,44,58,-0.136,-0.0885,-0.043,-0.028,-0.017,-4.796,6,0.0,0.0,92.0,92.0,92.0,167.0,0,2,4,6,0.011,0.040999999999999995,0.066,0.066,0.066,0.241,201,-113.0,0.0,0.0,0.0,52.0,-1906.0,39,9,153,201,-0.133,-0.038,-0.006,-0.003,-0.001,-7.99,384,-113.0,0.0,0.0,13.0,52.0,-4871.0,79,25,280,384,0.0,0.043,0.07,0.074,0.078,15.882,4032,-113.0,0.0,37.0,51.0,78.0,-9306.0,491,521,3020,4032,-0.133,0.357,0.894,1.023,1.334,1673.434
A_X096_Y112,96,112,84,108,96,128,322.0,132.0,1.0,825,13200,11634,1566,0.11984848484848484,"{""X2Y1"": 144, ""X2Y2"": 54, ""X3Y1"": 456, ""X3Y2"": 171}",True,NOT_PROVEN_WITHOUT_MOVED_FF_CONTROL_SET_REPLAY,NOT_PROVEN_READ_ONLY_SITE_INVENTORY_ONLY,0,FEATURE_BIN_2,16,18F6AC63D50EACD2B5F6CC669CA58252595A0313B759D7A0EC563D4D8CFF4410,True,,False,False,U_NEG_UPSTREAM_WORSENING;U_PASS_UPSTREAM_INCREASE;D_NEG_NO_MEDIAN_IMPROVEMENT,,False,False,False,True,"[0.0, 65.0, 14.0, 2.0, 0.0, 0.0, 0.0, 0.0, 16.0]",58,0.0,0.0,65.0,82.0,82.0,922.0,0,14,44,58,-0.136,-0.0885,-0.043,-0.028,-0.017,-4.796,6,0.0,0.0,82.0,82.0,82.0,136.0,0,2,4,6,0.011,0.040999999999999995,0.066,0.066,0.066,0.241,201,-98.0,0.0,0.0,0.0,43.0,-3479.0,53,4,144,201,-0.133,-0.038,-0.006,-0.003,-0.001,-7.99,384,-99.0,0.0,0.0,4.0,54.0,-3269.0,64,21,299,384,0.0,0.043,0.07,0.074,0.078,15.882,4032,-101.0,0.0,33.0,44.0,65.0,-11598.0,490,522,3020,4032,-0.133,0.357,0.894,1.023,1.334,1673.434
A_X096_Y112,96,112,84,108,96,128,322.0,132.0,1.0,825,13200,11634,1566,0.11984848484848484,"{""X2Y1"": 144, ""X2Y2"": 54, ""X3Y1"": 456, ""X3Y2"": 171}",True,NOT_PROVEN_WITHOUT_MOVED_FF_CONTROL_SET_REPLAY,NOT_PROVEN_READ_ONLY_SITE_INVENTORY_ONLY,0,FEATURE_BIN_3,16,6D6B2605916DFCDD525A27838AC825D18C62B807369D6E6322040D77ED73CF54,True,,False,False,U_NEG_UPSTREAM_WORSENING;U_PASS_UPSTREAM_INCREASE;D_NEG_NO_MEDIAN_IMPROVEMENT,,False,False,False,True,"[0.0, 59.0, 14.0, 2.0, 0.0, 0.0, 0.0, 0.0, 16.0]",58,0.0,0.0,59.0,82.0,82.0,858.0,0,14,44,58,-0.136,-0.0885,-0.043,-0.028,-0.017,-4.796,6,0.0,0.0,77.0,77.0,77.0,121.0,0,2,4,6,0.011,0.040999999999999995,0.066,0.066,0.066,0.241,201,-84.0,0.0,0.0,0.0,49.0,-1154.0,25,7,169,201,-0.133,-0.038,-0.006,-0.003,-0.001,-7.99,384,-95.0,0.0,0.0,33.0,50.0,-2820.0,68,31,285,384,0.0,0.043,0.07,0.074,0.078,15.882,4032,-95.0,0.0,39.0,48.0,75.0,-6954.0,482,511,3039,4032,-0.133,0.357,0.894,1.023,1.334,1673.434
A_X096_Y116,96,116,84,108,100,132,322.0,128.0,1.0,825,13200,11963,1237,0.09856060606060606,"{""X2Y1"": 120, ""X2Y2"": 78, ""X3Y1"": 380, ""X3Y2"": 247}",True,NOT_PROVEN_WITHOUT_MOVED_FF_CONTROL_SET_REPLAY,NOT_PROVEN_READ_ONLY_SITE_INVENTORY_ONLY,0,ALL_64,64,A49D88051B2D2E5D1255D4F806A7569CDA9B33A650A908566197031349AD8DB4,True,,False,False,U_NEG_UPSTREAM_WORSENING;U_PASS_UPSTREAM_INCREASE,,False,False,True,True,"[66.0, 88.0, 58.0, 6.0, -57.0, 25.0, -48.5, 9.0, 64.0]",58,28.0,66.0,88.0,92.0,96.0,3891.0,0,58,0,58,-0.136,-0.0885,-0.043,-0.028,-0.017,-4.796,6,40.0,72.0,88.0,88.0,88.0,400.0,0,6,0,6,0.011,0.040999999999999995,0.066,0.066,0.066,0.241,201,-109.0,-57.0,25.0,53.0,57.0,-9243.0,171,30,0,201,-0.133,-0.038,-0.006,-0.003,-0.001,-7.99,384,-109.0,-48.5,46.0,53.0,63.0,-13220.0,282,102,0,384,0.0,0.043,0.07,0.074,0.078,15.882,4032,-116.0,9.0,57.0,60.0,75.0,-25772.0,1964,2067,1,4032,-0.133,0.357,0.894,1.023,1.334,1673.434
A_X096_Y116,96,116,84,108,100,132,322.0,128.0,1.0,825,13200,11963,1237,0.09537878787878788,"{""X2Y1"": 120, ""X2Y2"": 78, ""X3Y1"": 380, ""X3Y2"": 247}",True,NOT_PROVEN_WITHOUT_MOVED_FF_CONTROL_SET_REPLAY,NOT_PROVEN_READ_ONLY_SITE_INVENTORY_ONLY,0,DEST_X2Y1_MAJOR,22,EC8295A18CFB3214990035A3C2A8A03B2248BEA56069D816345F1D2C0CC4741A,True,,False,False,U_NEG_UPSTREAM_WORSENING;D_NEG_NO_MEDIAN_IMPROVEMENT,,False,True,False,True,"[0.0, 78.0, 22.0, 0.0, 0.0, 19.0, 0.0, 0.0, 22.0]",58,0.0,0.0,78.0,87.0,88.0,1391.0,0,22,36,58,-0.136,-0.0885,-0.043,-0.028,-0.017,-4.796,6,0.0,0.0,0.0,0.0,0.0,0.0,0,0,6,6,0.011,0.040999999999999995,0.066,0.066,0.066,0.241,201,-82.0,0.0,19.0,53.0,57.0,-559.0,40,25,136,201,-0.133,-0.038,-0.006,-0.003,-0.001,-7.99,384,-101.0,0.0,29.0,49.0,56.0,-2391.0,84,58,242,384,0.0,0.043,0.07,0.074,0.078,15.882,4032,-101.0,0.0,48.0,55.0,75.0,-7782.0,662,722,2648,4032,-0.133,0.357,0.894,1.023,1.334,1673.434
A_X096_Y116,96,116,84,108,100,132,322.0,128.0,1.0,825,13200,11963,1237,0.09522727272727273,"{""X2Y1"": 120, ""X2Y2"": 78, ""X3Y1"": 380, ""X3Y2"": 247}",True,NOT_PROVEN_WITHOUT_MOVED_FF_CONTROL_SET_REPLAY,NOT_PROVEN_READ_ONLY_SITE_INVENTORY_ONLY,0,DEST_X3Y1_MAJOR,20,D8DF451BC1C4EF6032E28F4D3065B488CCF48FA9921667AB64B2E0E8D05D4049,True,,False,False,U_NEG_UPSTREAM_WORSENING;U_PASS_UPSTREAM_INCREASE,,False,False,True,True,"[0.0, 75.0, 15.0, 5.0, -50.0, 0.0, 0.0, 0.0, 20.0]",58,0.0,0.0,75.0,80.0,96.0,1059.0,0,15,43,58,-0.136,-0.0885,-0.043,-0.028,-0.017,-4.796,6,0.0,60.5,88.0,88.0,88.0,327.0,0,5,1,6,0.011,0.040999999999999995,0.066,0.066,0.066,0.241,201,-109.0,-50.0,0.0,0.0,46.0,-8128.0,121,5,75,201,-0.133,-0.038,-0.006,-0.003,-0.001,-7.99,384,-109.0,0.0,0.0,16.0,63.0,-8028.0,141,28,215,384,0.0,0.043,0.07,0.074,0.078,15.882,4032,-109.0,0.0,47.0,54.0,74.0,-8494.0,619,641,2772,4032,-0.133,0.357,0.894,1.023,1.334,1673.434
A_X096_Y116,96,116,84,108,100,132,322.0,128.0,1.0,825,13200,11963,1237,0.09537878787878788,"{""X2Y1"": 120, ""X2Y2"": 78, ""X3Y1"": 380, ""X3Y2"": 247}",True,NOT_PROVEN_WITHOUT_MOVED_FF_CONTROL_SET_REPLAY,NOT_PROVEN_READ_ONLY_SITE_INVENTORY_ONLY,0,DEST_MIXED_OR_OTHER,22,62A80A6BF2780309EBB7ACB65499DC33F9E420F49ABAF670FF853CD53D650A7D,True,,False,False,U_NEG_UPSTREAM_WORSENING;U_PASS_UPSTREAM_INCREASE;D_NEG_NO_MEDIAN_IMPROVEMENT,,False,False,False,True,"[0.0, 78.0, 21.0, 1.0, 0.0, 0.0, 0.0, 0.0, 22.0]",58,0.0,0.0,78.0,87.0,95.0,1441.0,0,21,37,58,-0.136,-0.0885,-0.043,-0.028,-0.017,-4.796,6,0.0,0.0,73.0,73.0,73.0,73.0,0,1,5,6,0.011,0.040999999999999995,0.066,0.066,0.066,0.241,201,-100.0,0.0,0.0,0.0,0.0,-556.0,10,0,191,201,-0.133,-0.038,-0.006,-0.003,-0.001,-7.99,384,-109.0,0.0,0.0,0.0,60.0,-2801.0,57,16,311,384,0.0,0.043,0.07,0.074,0.078,15.882,4032,-116.0,0.0,51.0,58.0,72.0,-9496.0,683,704,2645,4032,-0.133,0.357,0.894,1.023,1.334,1673.434
A_X096_Y116,96,116,84,108,100,132,322.0,128.0,1.0,825,13200,11963,1237,0.09492424242424242,"{""X2Y1"": 120, ""X2Y2"": 78, ""X3Y1"": 380, ""X3Y2"": 247}",True,NOT_PROVEN_WITHOUT_MOVED_FF_CONTROL_SET_REPLAY,NOT_PROVEN_READ_ONLY_SITE_INVENTORY_ONLY,0,FEATURE_BIN_0,16,25AFEB422DB3BDBEF4DCE97A6D1274116E7B27A3B94E395D479DC22D3DE14FFD,True,,False,False,U_NEG_UPSTREAM_WORSENING;D_NEG_NO_MEDIAN_IMPROVEMENT,,False,True,False,True,"[0.0, 75.0, 16.0, 0.0, 0.0, 0.0, 0.0, 0.0, 16.0]",58,0.0,0.0,75.0,87.0,95.0,1185.0,0,16,42,58,-0.136,-0.0885,-0.043,-0.028,-0.017,-4.796,6,0.0,0.0,0.0,0.0,0.0,0.0,0,0,6,6,0.011,0.040999999999999995,0.066,0.066,0.066,0.241,201,-101.0,0.0,0.0,0.0,57.0,-3246.0,54,10,137,201,-0.133,-0.038,-0.006,-0.003,-0.001,-7.99,384,-101.0,0.0,0.0,17.0,63.0,-3406.0,71,25,288,384,0.0,0.043,0.07,0.074,0.078,15.882,4032,-116.0,0.0,32.0,57.0,75.0,-8808.0,503,508,3021,4032,-0.133,0.357,0.894,1.023,1.334,1673.434
A_X096_Y116,96,116,84,108,100,132,322.0,128.0,1.0,825,13200,11963,1237,0.09492424242424242,"{""X2Y1"": 120, ""X2Y2"": 78, ""X3Y1"": 380, ""X3Y2"": 247}",True,NOT_PROVEN_WITHOUT_MOVED_FF_CONTROL_SET_REPLAY,NOT_PROVEN_READ_ONLY_SITE_INVENTORY_ONLY,0,FEATURE_BIN_1,16,863B9B0389C1B994C73ED0C57EC56A84FD6D317708E59D47B391DA86E44D3A8E,True,,False,False,U_NEG_UPSTREAM_WORSENING;U_PASS_UPSTREAM_INCREASE;D_NEG_NO_MEDIAN_IMPROVEMENT,,False,False,False,True,"[0.0, 80.0, 14.0, 2.0, 0.0, 0.0, 0.0, 0.0, 16.0]",58,0.0,0.0,80.0,88.0,96.0,1038.0,0,14,44,58,-0.136,-0.0885,-0.043,-0.028,-0.017,-4.796,6,0.0,0.0,88.0,88.0,88.0,159.0,0,2,4,6,0.011,0.040999999999999995,0.066,0.066,0.066,0.241,201,-109.0,0.0,0.0,0.0,56.0,-1718.0,39,9,153,201,-0.133,-0.038,-0.006,-0.003,-0.001,-7.99,384,-109.0,0.0,0.0,17.0,56.0,-4459.0,79,25,280,384,0.0,0.043,0.07,0.074,0.078,15.882,4032,-109.0,0.0,41.0,55.0,74.0,-5648.0,490,522,3020,4032,-0.133,0.357,0.894,1.023,1.334,1673.434
A_X096_Y116,96,116,84,108,100,132,322.0,128.0,1.0,825,13200,11963,1237,0.09492424242424242,"{""X2Y1"": 120, ""X2Y2"": 78, ""X3Y1"": 380, ""X3Y2"": 247}",True,NOT_PROVEN_WITHOUT_MOVED_FF_CONTROL_SET_REPLAY,NOT_PROVEN_READ_ONLY_SITE_INVENTORY_ONLY,0,FEATURE_BIN_2,16,18F6AC63D50EACD2B5F6CC669CA58252595A0313B759D7A0EC563D4D8CFF4410,True,,False,False,U_NEG_UPSTREAM_WORSENING;U_PASS_UPSTREAM_INCREASE;D_NEG_NO_MEDIAN_IMPROVEMENT,,False,False,False,True,"[0.0, 61.0, 14.0, 2.0, 0.0, 0.0, 0.0, 0.0, 16.0]",58,0.0,0.0,61.0,78.0,78.0,866.0,0,14,44,58,-0.136,-0.0885,-0.043,-0.028,-0.017,-4.796,6,0.0,0.0,78.0,78.0,78.0,128.0,0,2,4,6,0.011,0.040999999999999995,0.066,0.066,0.066,0.241,201,-94.0,0.0,0.0,0.0,47.0,-3251.0,53,4,144,201,-0.133,-0.038,-0.006,-0.003,-0.001,-7.99,384,-95.0,0.0,0.0,8.0,58.0,-2929.0,64,21,299,384,0.0,0.043,0.07,0.074,0.078,15.882,4032,-97.0,0.0,37.0,48.0,61.0,-7936.0,490,522,3020,4032,-0.133,0.357,0.894,1.023,1.334,1673.434
A_X096_Y116,96,116,84,108,100,132,322.0,128.0,1.0,825,13200,11963,1237,0.09492424242424242,"{""X2Y1"": 120, ""X2Y2"": 78, ""X3Y1"": 380, ""X3Y2"": 247}",True,NOT_PROVEN_WITHOUT_MOVED_FF_CONTROL_SET_REPLAY,NOT_PROVEN_READ_ONLY_SITE_INVENTORY_ONLY,0,FEATURE_BIN_3,16,6D6B2605916DFCDD525A27838AC825D18C62B807369D6E6322040D77ED73CF54,True,,False,False,U_NEG_UPSTREAM_WORSENING;U_PASS_UPSTREAM_INCREASE;D_NEG_NO_MEDIAN_IMPROVEMENT,,False,False,False,True,"[0.0, 55.0, 14.0, 2.0, 0.0, 0.0, 0.0, 0.0, 16.0]",58,0.0,0.0,55.0,78.0,78.0,802.0,0,14,44,58,-0.136,-0.0885,-0.043,-0.028,-0.017,-4.796,6,0.0,0.0,73.0,73.0,73.0,113.0,0,2,4,6,0.011,0.040999999999999995,0.066,0.066,0.066,0.241,201,-80.0,0.0,0.0,0.0,53.0,-1028.0,25,7,169,201,-0.133,-0.038,-0.006,-0.003,-0.001,-7.99,384,-91.0,0.0,0.0,37.0,54.0,-2426.0,68,31,285,384,0.0,0.043,0.07,0.074,0.078,15.882,4032,-91.0,0.0,43.0,52.0,71.0,-3380.0,481,515,3036,4032,-0.133,0.357,0.894,1.023,1.334,1673.434
A_X100_Y076,100,76,88,112,60,92,333.0,169.0,1.0,825,13200,11942,1258,0.10015151515151516,"{""X2Y1"": 66, ""X3Y1"": 759}",True,NOT_PROVEN_WITHOUT_MOVED_FF_CONTROL_SET_REPLAY,NOT_PROVEN_READ_ONLY_SITE_INVENTORY_ONLY,64,ALL_64,64,A49D88051B2D2E5D1255D4F806A7569CDA9B33A650A908566197031349AD8DB4,True,,False,False,U_NEG_UPSTREAM_WORSENING;U_PASS_UPSTREAM_INCREASE,,False,False,True,True,"[118.0, 140.0, 58.0, 6.0, -56.0, 5.0, -47.0, -3.0, 64.0]",58,80.0,118.0,140.0,144.0,148.0,6907.0,0,58,0,58,-0.136,-0.0885,-0.043,-0.028,-0.017,-4.796,6,92.0,124.0,140.0,140.0,140.0,712.0,0,6,0,6,0.011,0.040999999999999995,0.066,0.066,0.066,0.241,201,-108.0,-56.0,5.0,32.0,109.0,-9813.0,176,25,0,201,-0.133,-0.038,-0.006,-0.003,-0.001,-7.99,384,-115.0,-47.0,33.0,52.0,107.0,-14940.0,313,69,2,384,0.0,0.043,0.07,0.074,0.078,15.882,4032,-127.0,-3.0,90.0,99.0,127.0,4712.0,2058,1967,7,4032,-0.133,0.357,0.894,1.023,1.334,1673.434
A_X100_Y076,100,76,88,112,60,92,333.0,169.0,1.0,825,13200,11942,1258,0.09696969696969697,"{""X2Y1"": 66, ""X3Y1"": 759}",True,NOT_PROVEN_WITHOUT_MOVED_FF_CONTROL_SET_REPLAY,NOT_PROVEN_READ_ONLY_SITE_INVENTORY_ONLY,22,DEST_X2Y1_MAJOR,22,EC8295A18CFB3214990035A3C2A8A03B2248BEA56069D816345F1D2C0CC4741A,True,,False,False,U_NEG_UPSTREAM_WORSENING;D_NEG_NO_MEDIAN_IMPROVEMENT,,False,True,False,True,"[0.0, 130.0, 22.0, 0.0, 0.0, 1.0, 0.0, 0.0, 22.0]",58,0.0,0.0,130.0,139.0,140.0,2535.0,0,22,36,58,-0.136,-0.0885,-0.043,-0.028,-0.017,-4.796,6,0.0,0.0,0.0,0.0,0.0,0.0,0,0,6,6,0.011,0.040999999999999995,0.066,0.066,0.066,0.241,201,-102.0,0.0,1.0,25.0,109.0,-1319.0,44,21,136,201,-0.133,-0.038,-0.006,-0.003,-0.001,-7.99,384,-101.0,0.0,10.0,41.0,107.0,-3367.0,99,43,242,384,0.0,0.043,0.07,0.074,0.078,15.882,4032,-121.0,0.0,55.0,83.0,127.0,2700.0,695,687,2650,4032,-0.133,0.357,0.894,1.023,1.334,1673.434
A_X100_Y076,100,76,88,112,60,92,333.0,169.0,1.0,825,13200,11942,1258,0.09681818181818182,"{""X2Y1"": 66, ""X3Y1"": 759}",True,NOT_PROVEN_WITHOUT_MOVED_FF_CONTROL_SET_REPLAY,NOT_PROVEN_READ_ONLY_SITE_INVENTORY_ONLY,20,DEST_X3Y1_MAJOR,20,D8DF451BC1C4EF6032E28F4D3065B488CCF48FA9921667AB64B2E0E8D05D4049,True,,False,False,U_NEG_UPSTREAM_WORSENING;U_PASS_UPSTREAM_INCREASE,,False,False,True,True,"[0.0, 127.0, 15.0, 5.0, -38.0, 0.0, 0.0, 0.0, 20.0]",58,0.0,0.0,127.0,132.0,148.0,1839.0,0,15,43,58,-0.136,-0.0885,-0.043,-0.028,-0.017,-4.796,6,0.0,112.5,140.0,140.0,140.0,587.0,0,5,1,6,0.011,0.040999999999999995,0.066,0.066,0.066,0.241,201,-108.0,-38.0,0.0,0.0,64.0,-7984.0,122,4,75,201,-0.133,-0.038,-0.006,-0.003,-0.001,-7.99,384,-115.0,0.0,0.0,0.0,68.0,-8314.0,151,16,217,384,0.0,0.043,0.07,0.074,0.078,15.882,4032,-115.0,0.0,44.0,76.0,126.0,1186.0,651,604,2777,4032,-0.133,0.357,0.894,1.023,1.334,1673.434
A_X100_Y076,100,76,88,112,60,92,333.0,169.0,1.0,825,13200,11942,1258,0.09696969696969697,"{""X2Y1"": 66, ""X3Y1"": 759}",True,NOT_PROVEN_WITHOUT_MOVED_FF_CONTROL_SET_REPLAY,NOT_PROVEN_READ_ONLY_SITE_INVENTORY_ONLY,22,DEST_MIXED_OR_OTHER,22,62A80A6BF2780309EBB7ACB65499DC33F9E420F49ABAF670FF853CD53D650A7D,True,,False,False,U_NEG_UPSTREAM_WORSENING;U_PASS_UPSTREAM_INCREASE;D_NEG_NO_MEDIAN_IMPROVEMENT,,False,False,False,True,"[0.0, 130.0, 21.0, 1.0, 0.0, 0.0, 0.0, 0.0, 22.0]",58,0.0,0.0,130.0,139.0,147.0,2533.0,0,21,37,58,-0.136,-0.0885,-0.043,-0.028,-0.017,-4.796,6,0.0,0.0,125.0,125.0,125.0,125.0,0,1,5,6,0.011,0.040999999999999995,0.066,0.066,0.066,0.241,201,-103.0,0.0,0.0,0.0,0.0,-510.0,10,0,191,201,-0.133,-0.038,-0.006,-0.003,-0.001,-7.99,384,-109.0,0.0,0.0,0.0,74.0,-3259.0,63,10,311,384,0.0,0.043,0.07,0.074,0.078,15.882,4032,-127.0,0.0,56.0,81.0,124.0,826.0,712,676,2644,4032,-0.133,0.357,0.894,1.023,1.334,1673.434
A_X100_Y076,100,76,88,112,60,92,333.0,169.0,1.0,825,13200,11942,1258,0.09651515151515151,"{""X2Y1"": 66, ""X3Y1"": 759}",True,NOT_PROVEN_WITHOUT_MOVED_FF_CONTROL_SET_REPLAY,NOT_PROVEN_READ_ONLY_SITE_INVENTORY_ONLY,16,FEATURE_BIN_0,16,25AFEB422DB3BDBEF4DCE97A6D1274116E7B27A3B94E395D479DC22D3DE14FFD,True,,False,False,U_NEG_UPSTREAM_WORSENING;D_NEG_NO_MEDIAN_IMPROVEMENT,,False,True,False,True,"[0.0, 127.0, 16.0, 0.0, 0.0, 0.0, 0.0, 0.0, 16.0]",58,0.0,0.0,127.0,139.0,147.0,2017.0,0,16,42,58,-0.136,-0.0885,-0.043,-0.028,-0.017,-4.796,6,0.0,0.0,0.0,0.0,0.0,0.0,0,0,6,6,0.011,0.040999999999999995,0.066,0.066,0.066,0.241,201,-108.0,0.0,0.0,0.0,109.0,-3102.0,55,9,137,201,-0.133,-0.038,-0.006,-0.003,-0.001,-7.99,384,-115.0,0.0,0.0,0.0,107.0,-4140.0,78,18,288,384,0.0,0.043,0.07,0.074,0.078,15.882,4032,-122.0,0.0,27.0,68.0,127.0,-2374.0,537,475,3020,4032,-0.133,0.357,0.894,1.023,1.334,1673.434
A_X100_Y076,100,76,88,112,60,92,333.0,169.0,1.0,825,13200,11942,1258,0.09651515151515151,"{""X2Y1"": 66, ""X3Y1"": 759}",True,NOT_PROVEN_WITHOUT_MOVED_FF_CONTROL_SET_REPLAY,NOT_PROVEN_READ_ONLY_SITE_INVENTORY_ONLY,16,FEATURE_BIN_1,16,863B9B0389C1B994C73ED0C57EC56A84FD6D317708E59D47B391DA86E44D3A8E,True,,False,False,U_NEG_UPSTREAM_WORSENING;U_PASS_UPSTREAM_INCREASE;D_NEG_NO_MEDIAN_IMPROVEMENT,,False,False,False,True,"[0.0, 132.0, 14.0, 2.0, 0.0, 0.0, 0.0, 0.0, 16.0]",58,0.0,0.0,132.0,140.0,148.0,1766.0,0,14,44,58,-0.136,-0.0885,-0.043,-0.028,-0.017,-4.796,6,0.0,0.0,140.0,140.0,140.0,263.0,0,2,4,6,0.011,0.040999999999999995,0.066,0.066,0.066,0.241,201,-102.0,0.0,0.0,0.0,72.0,-2092.0,41,7,153,201,-0.133,-0.038,-0.006,-0.003,-0.001,-7.99,384,-109.0,0.0,0.0,0.0,73.0,-4461.0,88,16,280,384,0.0,0.043,0.07,0.074,0.078,15.882,4032,-127.0,0.0,29.0,73.0,126.0,2396.0,529,480,3023,4032,-0.133,0.357,0.894,1.023,1.334,1673.434
A_X100_Y076,100,76,88,112,60,92,333.0,169.0,1.0,825,13200,11942,1258,0.09651515151515151,"{""X2Y1"": 66, ""X3Y1"": 759}",True,NOT_PROVEN_WITHOUT_MOVED_FF_CONTROL_SET_REPLAY,NOT_PROVEN_READ_ONLY_SITE_INVENTORY_ONLY,16,FEATURE_BIN_2,16,18F6AC63D50EACD2B5F6CC669CA58252595A0313B759D7A0EC563D4D8CFF4410,True,,False,False,U_NEG_UPSTREAM_WORSENING;U_PASS_UPSTREAM_INCREASE;D_NEG_NO_MEDIAN_IMPROVEMENT,,False,False,False,True,"[0.0, 113.0, 14.0, 2.0, 0.0, 0.0, 0.0, 0.0, 16.0]",58,0.0,0.0,113.0,130.0,130.0,1594.0,0,14,44,58,-0.136,-0.0885,-0.043,-0.028,-0.017,-4.796,6,0.0,0.0,130.0,130.0,130.0,232.0,0,2,4,6,0.011,0.040999999999999995,0.066,0.066,0.066,0.241,201,-106.0,0.0,0.0,0.0,64.0,-3383.0,55,2,144,201,-0.133,-0.038,-0.006,-0.003,-0.001,-7.99,384,-100.0,0.0,0.0,0.0,68.0,-3331.0,71,12,301,384,0.0,0.043,0.07,0.074,0.078,15.882,4032,-114.0,0.0,24.0,67.0,113.0,130.0,520,489,3023,4032,-0.133,0.357,0.894,1.023,1.334,1673.434
A_X100_Y076,100,76,88,112,60,92,333.0,169.0,1.0,825,13200,11942,1258,0.09651515151515151,"{""X2Y1"": 66, ""X3Y1"": 759}",True,NOT_PROVEN_WITHOUT_MOVED_FF_CONTROL_SET_REPLAY,NOT_PROVEN_READ_ONLY_SITE_INVENTORY_ONLY,16,FEATURE_BIN_3,16,6D6B2605916DFCDD525A27838AC825D18C62B807369D6E6322040D77ED73CF54,True,,False,False,U_NEG_UPSTREAM_WORSENING;U_PASS_UPSTREAM_INCREASE;D_NEG_NO_MEDIAN_IMPROVEMENT,,False,False,False,True,"[0.0, 107.0, 14.0, 2.0, 0.0, 0.0, 0.0, 0.0, 16.0]",58,0.0,0.0,107.0,130.0,130.0,1530.0,0,14,44,58,-0.136,-0.0885,-0.043,-0.028,-0.017,-4.796,6,0.0,0.0,125.0,125.0,125.0,217.0,0,2,4,6,0.011,0.040999999999999995,0.066,0.066,0.066,0.241,201,-103.0,0.0,0.0,0.0,58.0,-1236.0,25,7,169,201,-0.133,-0.038,-0.006,-0.003,-0.001,-7.99,384,-103.0,0.0,0.0,13.0,68.0,-3008.0,76,23,285,384,0.0,0.043,0.07,0.074,0.078,15.882,4032,-109.0,0.0,23.0,67.0,123.0,4560.0,472,523,3037,4032,-0.133,0.357,0.894,1.023,1.334,1673.434
A_X100_Y080,100,80,88,112,64,96,333.0,165.0,1.0,825,13200,11634,1566,0.12348484848484849,"{""X2Y1"": 66, ""X3Y1"": 759}",True,NOT_PROVEN_WITHOUT_MOVED_FF_CONTROL_SET_REPLAY,NOT_PROVEN_READ_ONLY_SITE_INVENTORY_ONLY,64,ALL_64,64,A49D88051B2D2E5D1255D4F806A7569CDA9B33A650A908566197031349AD8DB4,True,,False,False,U_NEG_UPSTREAM_WORSENING;U_PASS_UPSTREAM_INCREASE,,False,False,True,True,"[114.0, 136.0, 58.0, 6.0, -59.0, 3.0, -50.0, -5.0, 64.0]",58,76.0,114.0,136.0,140.0,144.0,6675.0,0,58,0,58,-0.136,-0.0885,-0.043,-0.028,-0.017,-4.796,6,88.0,120.0,136.0,136.0,136.0,688.0,0,6,0,6,0.011,0.040999999999999995,0.066,0.066,0.066,0.241,201,-109.0,-59.0,3.0,30.0,105.0,-10301.0,179,21,1,201,-0.133,-0.038,-0.006,-0.003,-0.001,-7.99,384,-119.0,-50.0,34.0,48.0,103.0,-15746.0,317,66,1,384,0.0,0.043,0.07,0.074,0.078,15.882,4032,-131.0,-5.0,86.0,95.0,123.0,-6600.0,2099,1921,12,4032,-0.133,0.357,0.894,1.023,1.334,1673.434
A_X100_Y080,100,80,88,112,64,96,333.0,165.0,1.0,825,13200,11634,1566,0.1203030303030303,"{""X2Y1"": 66, ""X3Y1"": 759}",True,NOT_PROVEN_WITHOUT_MOVED_FF_CONTROL_SET_REPLAY,NOT_PROVEN_READ_ONLY_SITE_INVENTORY_ONLY,22,DEST_X2Y1_MAJOR,22,EC8295A18CFB3214990035A3C2A8A03B2248BEA56069D816345F1D2C0CC4741A,True,,False,False,U_NEG_UPSTREAM_WORSENING;D_NEG_NO_MEDIAN_IMPROVEMENT,,False,True,False,True,"[0.0, 126.0, 22.0, 0.0, 0.0, 0.0, 0.0, 0.0, 22.0]",58,0.0,0.0,126.0,135.0,136.0,2447.0,0,22,36,58,-0.136,-0.0885,-0.043,-0.028,-0.017,-4.796,6,0.0,0.0,0.0,0.0,0.0,0.0,0,0,6,6,0.011,0.040999999999999995,0.066,0.066,0.066,0.241,201,-106.0,0.0,0.0,29.0,105.0,-1427.0,47,18,136,201,-0.133,-0.038,-0.006,-0.003,-0.001,-7.99,384,-105.0,0.0,6.0,37.0,103.0,-3687.0,100,41,243,384,0.0,0.043,0.07,0.074,0.078,15.882,4032,-125.0,0.0,51.0,79.0,123.0,-1256.0,711,668,2653,4032,-0.133,0.357,0.894,1.023,1.334,1673.434
A_X100_Y080,100,80,88,112,64,96,333.0,165.0,1.0,825,13200,11634,1566,0.12015151515151515,"{""X2Y1"": 66, ""X3Y1"": 759}",True,NOT_PROVEN_WITHOUT_MOVED_FF_CONTROL_SET_REPLAY,NOT_PROVEN_READ_ONLY_SITE_INVENTORY_ONLY,20,DEST_X3Y1_MAJOR,20,D8DF451BC1C4EF6032E28F4D3065B488CCF48FA9921667AB64B2E0E8D05D4049,True,,False,False,U_NEG_UPSTREAM_WORSENING;U_PASS_UPSTREAM_INCREASE,,False,False,True,True,"[0.0, 123.0, 15.0, 5.0, -42.0, 0.0, 0.0, 0.0, 20.0]",58,0.0,0.0,123.0,128.0,144.0,1779.0,0,15,43,58,-0.136,-0.0885,-0.043,-0.028,-0.017,-4.796,6,0.0,108.5,136.0,136.0,136.0,567.0,0,5,1,6,0.011,0.040999999999999995,0.066,0.066,0.066,0.241,201,-109.0,-42.0,0.0,0.0,60.0,-8340.0,122,3,76,201,-0.133,-0.038,-0.006,-0.003,-0.001,-7.99,384,-119.0,0.0,0.0,0.0,64.0,-8706.0,153,16,215,384,0.0,0.043,0.07,0.074,0.078,15.882,4032,-119.0,0.0,40.0,72.0,122.0,-2340.0,660,595,2777,4032,-0.133,0.357,0.894,1.023,1.334,1673.434
A_X100_Y080,100,80,88,112,64,96,333.0,165.0,1.0,825,13200,11634,1566,0.1203030303030303,"{""X2Y1"": 66, ""X3Y1"": 759}",True,NOT_PROVEN_WITHOUT_MOVED_FF_CONTROL_SET_REPLAY,NOT_PROVEN_READ_ONLY_SITE_INVENTORY_ONLY,22,DEST_MIXED_OR_OTHER,22,62A80A6BF2780309EBB7ACB65499DC33F9E420F49ABAF670FF853CD53D650A7D,True,,False,False,U_NEG_UPSTREAM_WORSENING;U_PASS_UPSTREAM_INCREASE;D_NEG_NO_MEDIAN_IMPROVEMENT,,False,False,False,True,"[0.0, 126.0, 21.0, 1.0, 0.0, 0.0, 0.0, 0.0, 22.0]",58,0.0,0.0,126.0,135.0,143.0,2449.0,0,21,37,58,-0.136,-0.0885,-0.043,-0.028,-0.017,-4.796,6,0.0,0.0,121.0,121.0,121.0,121.0,0,1,5,6,0.011,0.040999999999999995,0.066,0.066,0.066,0.241,201,-99.0,0.0,0.0,0.0,0.0,-534.0,10,0,191,201,-0.133,-0.038,-0.006,-0.003,-0.001,-7.99,384,-113.0,0.0,0.0,0.0,70.0,-3353.0,64,9,311,384,0.0,0.043,0.07,0.074,0.078,15.882,4032,-131.0,0.0,52.0,77.0,120.0,-3004.0,728,658,2646,4032,-0.133,0.357,0.894,1.023,1.334,1673.434
A_X100_Y080,100,80,88,112,64,96,333.0,165.0,1.0,825,13200,11634,1566,0.11984848484848484,"{""X2Y1"": 66, ""X3Y1"": 759}",True,NOT_PROVEN_WITHOUT_MOVED_FF_CONTROL_SET_REPLAY,NOT_PROVEN_READ_ONLY_SITE_INVENTORY_ONLY,16,FEATURE_BIN_0,16,25AFEB422DB3BDBEF4DCE97A6D1274116E7B27A3B94E395D479DC22D3DE14FFD,True,,False,False,U_NEG_UPSTREAM_WORSENING;D_NEG_NO_MEDIAN_IMPROVEMENT,,False,True,False,True,"[0.0, 123.0, 16.0, 0.0, 0.0, 0.0, 0.0, 0.0, 16.0]",58,0.0,0.0,123.0,135.0,143.0,1953.0,0,16,42,58,-0.136,-0.0885,-0.043,-0.028,-0.017,-4.796,6,0.0,0.0,0.0,0.0,0.0,0.0,0,0,6,6,0.011,0.040999999999999995,0.066,0.066,0.066,0.241,201,-109.0,0.0,0.0,0.0,105.0,-3298.0,55,8,138,201,-0.133,-0.038,-0.006,-0.003,-0.001,-7.99,384,-119.0,0.0,0.0,0.0,103.0,-4314.0,78,18,288,384,0.0,0.043,0.07,0.074,0.078,15.882,4032,-126.0,0.0,29.0,64.0,123.0,-5248.0,540,471,3021,4032,-0.133,0.357,0.894,1.023,1.334,1673.434
A_X100_Y080,100,80,88,112,64,96,333.0,165.0,1.0,825,13200,11634,1566,0.11984848484848484,"{""X2Y1"": 66, ""X3Y1"": 759}",True,NOT_PROVEN_WITHOUT_MOVED_FF_CONTROL_SET_REPLAY,NOT_PROVEN_READ_ONLY_SITE_INVENTORY_ONLY,16,FEATURE_BIN_1,16,863B9B0389C1B994C73ED0C57EC56A84FD6D317708E59D47B391DA86E44D3A8E,True,,False,False,U_NEG_UPSTREAM_WORSENING;U_PASS_UPSTREAM_INCREASE;D_NEG_NO_MEDIAN_IMPROVEMENT,,False,False,False,True,"[0.0, 128.0, 14.0, 2.0, 0.0, 0.0, 0.0, 0.0, 16.0]",58,0.0,0.0,128.0,136.0,144.0,1710.0,0,14,44,58,-0.136,-0.0885,-0.043,-0.028,-0.017,-4.796,6,0.0,0.0,136.0,136.0,136.0,255.0,0,2,4,6,0.011,0.040999999999999995,0.066,0.066,0.066,0.241,201,-106.0,0.0,0.0,0.0,68.0,-2140.0,41,7,153,201,-0.133,-0.038,-0.006,-0.003,-0.001,-7.99,384,-113.0,0.0,0.0,0.0,69.0,-4687.0,89,15,280,384,0.0,0.043,0.07,0.074,0.078,15.882,4032,-131.0,0.0,29.0,69.0,122.0,-344.0,543,468,3021,4032,-0.133,0.357,0.894,1.023,1.334,1673.434
A_X100_Y080,100,80,88,112,64,96,333.0,165.0,1.0,825,13200,11634,1566,0.11984848484848484,"{""X2Y1"": 66, ""X3Y1"": 759}",True,NOT_PROVEN_WITHOUT_MOVED_FF_CONTROL_SET_REPLAY,NOT_PROVEN_READ_ONLY_SITE_INVENTORY_ONLY,16,FEATURE_BIN_2,16,18F6AC63D50EACD2B5F6CC669CA58252595A0313B759D7A0EC563D4D8CFF4410,True,,False,False,U_NEG_UPSTREAM_WORSENING;U_PASS_UPSTREAM_INCREASE;D_NEG_NO_MEDIAN_IMPROVEMENT,,False,False,False,True,"[0.0, 109.0, 14.0, 2.0, 0.0, 0.0, 0.0, 0.0, 16.0]",58,0.0,0.0,109.0,126.0,126.0,1538.0,0,14,44,58,-0.136,-0.0885,-0.043,-0.028,-0.017,-4.796,6,0.0,0.0,126.0,126.0,126.0,224.0,0,2,4,6,0.011,0.040999999999999995,0.066,0.066,0.066,0.241,201,-104.0,0.0,0.0,0.0,60.0,-3559.0,55,2,144,201,-0.133,-0.038,-0.006,-0.003,-0.001,-7.99,384,-104.0,0.0,0.0,0.0,64.0,-3545.0,74,10,300,384,0.0,0.043,0.07,0.074,0.078,15.882,4032,-118.0,0.0,23.0,63.0,109.0,-2882.0,537,471,3024,4032,-0.133,0.357,0.894,1.023,1.334,1673.434
A_X100_Y080,100,80,88,112,64,96,333.0,165.0,1.0,825,13200,11634,1566,0.11984848484848484,"{""X2Y1"": 66, ""X3Y1"": 759}",True,NOT_PROVEN_WITHOUT_MOVED_FF_CONTROL_SET_REPLAY,NOT_PROVEN_READ_ONLY_SITE_INVENTORY_ONLY,16,FEATURE_BIN_3,16,6D6B2605916DFCDD525A27838AC825D18C62B807369D6E6322040D77ED73CF54,True,,False,False,U_NEG_UPSTREAM_WORSENING;U_PASS_UPSTREAM_INCREASE;D_NEG_NO_MEDIAN_IMPROVEMENT,,False,False,False,True,"[0.0, 103.0, 14.0, 2.0, 0.0, 0.0, 0.0, 0.0, 16.0]",58,0.0,0.0,103.0,126.0,126.0,1474.0,0,14,44,58,-0.136,-0.0885,-0.043,-0.028,-0.017,-4.796,6,0.0,0.0,121.0,121.0,121.0,209.0,0,2,4,6,0.011,0.040999999999999995,0.066,0.066,0.066,0.241,201,-99.0,0.0,0.0,0.0,54.0,-1304.0,28,4,169,201,-0.133,-0.038,-0.006,-0.003,-0.001,-7.99,384,-99.0,0.0,0.0,13.0,64.0,-3200.0,76,23,285,384,0.0,0.043,0.07,0.074,0.078,15.882,4032,-113.0,0.0,26.0,63.0,119.0,1874.0,479,511,3042,4032,-0.133,0.357,0.894,1.023,1.334,1673.434
A_X100_Y084,100,84,88,112,68,100,333.0,161.0,1.0,825,13200,11436,1764,0.1384848484848485,"{""X2Y1"": 66, ""X3Y1"": 759}",True,NOT_PROVEN_WITHOUT_MOVED_FF_CONTROL_SET_REPLAY,NOT_PROVEN_READ_ONLY_SITE_INVENTORY_ONLY,64,ALL_64,64,A49D88051B2D2E5D1255D4F806A7569CDA9B33A650A908566197031349AD8DB4,True,,False,False,U_NEG_UPSTREAM_WORSENING;U_PASS_UPSTREAM_INCREASE,,False,False,True,True,"[110.0, 132.0, 58.0, 6.0, -61.0, 3.0, -52.0, -5.0, 64.0]",58,72.0,110.0,132.0,136.0,140.0,6443.0,0,58,0,58,-0.136,-0.0885,-0.043,-0.028,-0.017,-4.796,6,84.0,116.0,132.0,132.0,132.0,664.0,0,6,0,6,0.011,0.040999999999999995,0.066,0.066,0.066,0.241,201,-113.0,-61.0,3.0,34.0,101.0,-10535.0,178,23,0,201,-0.133,-0.038,-0.006,-0.003,-0.001,-7.99,384,-123.0,-52.0,33.0,44.0,99.0,-16146.0,315,68,1,384,0.0,0.043,0.07,0.074,0.078,15.882,4032,-135.0,-5.0,82.0,91.0,119.0,-14950.0,2110,1903,19,4032,-0.133,0.357,0.894,1.023,1.334,1673.434
A_X100_Y084,100,84,88,112,68,100,333.0,161.0,1.0,825,13200,11436,1764,0.1353030303030303,"{""X2Y1"": 66, ""X3Y1"": 759}",True,NOT_PROVEN_WITHOUT_MOVED_FF_CONTROL_SET_REPLAY,NOT_PROVEN_READ_ONLY_SITE_INVENTORY_ONLY,22,DEST_X2Y1_MAJOR,22,EC8295A18CFB3214990035A3C2A8A03B2248BEA56069D816345F1D2C0CC4741A,True,,False,False,U_NEG_UPSTREAM_WORSENING;D_NEG_NO_MEDIAN_IMPROVEMENT,,False,True,False,True,"[0.0, 122.0, 22.0, 0.0, 0.0, 0.0, 0.0, 0.0, 22.0]",58,0.0,0.0,122.0,131.0,132.0,2359.0,0,22,36,58,-0.136,-0.0885,-0.043,-0.028,-0.017,-4.796,6,0.0,0.0,0.0,0.0,0.0,0.0,0,0,6,6,0.011,0.040999999999999995,0.066,0.066,0.066,0.241,201,-104.0,0.0,0.0,33.0,101.0,-1397.0,45,20,136,201,-0.133,-0.038,-0.006,-0.003,-0.001,-7.99,384,-109.0,0.0,7.0,34.0,99.0,-3811.0,101,41,242,384,0.0,0.043,0.07,0.074,0.078,15.882,4032,-124.0,0.0,47.0,75.0,119.0,-4116.0,716,667,2649,4032,-0.133,0.357,0.894,1.023,1.334,1673.434
A_X100_Y084,100,84,88,112,68,100,333.0,161.0,1.0,825,13200,11436,1764,0.13515151515151516,"{""X2Y1"": 66, ""X3Y1"": 759}",True,NOT_PROVEN_WITHOUT_MOVED_FF_CONTROL_SET_REPLAY,NOT_PROVEN_READ_ONLY_SITE_INVENTORY_ONLY,20,DEST_X3Y1_MAJOR,20,D8DF451BC1C4EF6032E28F4D3065B488CCF48FA9921667AB64B2E0E8D05D4049,True,,False,False,U_NEG_UPSTREAM_WORSENING;U_PASS_UPSTREAM_INCREASE,,False,False,True,True,"[0.0, 119.0, 15.0, 5.0, -46.0, 0.0, 0.0, 0.0, 20.0]",58,0.0,0.0,119.0,124.0,140.0,1719.0,0,15,43,58,-0.136,-0.0885,-0.043,-0.028,-0.017,-4.796,6,0.0,104.5,132.0,132.0,132.0,547.0,0,5,1,6,0.011,0.040999999999999995,0.066,0.066,0.066,0.241,201,-113.0,-46.0,0.0,0.0,56.0,-8582.0,123,3,75,201,-0.133,-0.038,-0.006,-0.003,-0.001,-7.99,384,-123.0,0.0,0.0,0.0,60.0,-8950.0,151,18,215,384,0.0,0.043,0.07,0.074,0.078,15.882,4032,-123.0,0.0,41.0,68.0,118.0,-4936.0,663,589,2780,4032,-0.133,0.357,0.894,1.023,1.334,1673.434
A_X100_Y084,100,84,88,112,68,100,333.0,161.0,1.0,825,13200,11436,1764,0.1353030303030303,"{""X2Y1"": 66, ""X3Y1"": 759}",True,NOT_PROVEN_WITHOUT_MOVED_FF_CONTROL_SET_REPLAY,NOT_PROVEN_READ_ONLY_SITE_INVENTORY_ONLY,22,DEST_MIXED_OR_OTHER,22,62A80A6BF2780309EBB7ACB65499DC33F9E420F49ABAF670FF853CD53D650A7D,True,,False,False,U_NEG_UPSTREAM_WORSENING;U_PASS_UPSTREAM_INCREASE;D_NEG_NO_MEDIAN_IMPROVEMENT,,False,False,False,True,"[0.0, 122.0, 21.0, 1.0, 0.0, 0.0, 0.0, 0.0, 22.0]",58,0.0,0.0,122.0,131.0,139.0,2365.0,0,21,37,58,-0.136,-0.0885,-0.043,-0.028,-0.017,-4.796,6,0.0,0.0,117.0,117.0,117.0,117.0,0,1,5,6,0.011,0.040999999999999995,0.066,0.066,0.066,0.241,201,-95.0,0.0,0.0,0.0,0.0,-556.0,10,0,191,201,-0.133,-0.038,-0.006,-0.003,-0.001,-7.99,384,-109.0,0.0,0.0,0.0,66.0,-3385.0,63,9,312,384,0.0,0.043,0.07,0.074,0.078,15.882,4032,-135.0,0.0,48.0,73.0,116.0,-5898.0,731,647,2654,4032,-0.133,0.357,0.894,1.023,1.334,1673.434
A_X100_Y084,100,84,88,112,68,100,333.0,161.0,1.0,825,13200,11436,1764,0.13484848484848486,"{""X2Y1"": 66, ""X3Y1"": 759}",True,NOT_PROVEN_WITHOUT_MOVED_FF_CONTROL_SET_REPLAY,NOT_PROVEN_READ_ONLY_SITE_INVENTORY_ONLY,16,FEATURE_BIN_0,16,25AFEB422DB3BDBEF4DCE97A6D1274116E7B27A3B94E395D479DC22D3DE14FFD,True,,False,False,U_NEG_UPSTREAM_WORSENING;D_NEG_NO_MEDIAN_IMPROVEMENT,,False,True,False,True,"[0.0, 119.0, 16.0, 0.0, 0.0, 0.0, 0.0, 0.0, 16.0]",58,0.0,0.0,119.0,131.0,139.0,1889.0,0,16,42,58,-0.136,-0.0885,-0.043,-0.028,-0.017,-4.796,6,0.0,0.0,0.0,0.0,0.0,0.0,0,0,6,6,0.011,0.040999999999999995,0.066,0.066,0.066,0.241,201,-113.0,0.0,0.0,0.0,101.0,-3432.0,56,8,137,201,-0.133,-0.038,-0.006,-0.003,-0.001,-7.99,384,-123.0,0.0,0.0,0.0,99.0,-4426.0,78,18,288,384,0.0,0.043,0.07,0.074,0.078,15.882,4032,-124.0,0.0,31.0,60.0,119.0,-7372.0,550,459,3023,4032,-0.133,0.357,0.894,1.023,1.334,1673.434
A_X100_Y084,100,84,88,112,68,100,333.0,161.0,1.0,825,13200,11436,1764,0.13484848484848486,"{""X2Y1"": 66, ""X3Y1"": 759}",True,NOT_PROVEN_WITHOUT_MOVED_FF_CONTROL_SET_REPLAY,NOT_PROVEN_READ_ONLY_SITE_INVENTORY_ONLY,16,FEATURE_BIN_1,16,863B9B0389C1B994C73ED0C57EC56A84FD6D317708E59D47B391DA86E44D3A8E,True,,False,False,U_NEG_UPSTREAM_WORSENING;U_PASS_UPSTREAM_INCREASE;D_NEG_NO_MEDIAN_IMPROVEMENT,,False,False,False,True,"[0.0, 124.0, 14.0, 2.0, 0.0, 0.0, 0.0, 0.0, 16.0]",58,0.0,0.0,124.0,132.0,140.0,1654.0,0,14,44,58,-0.136,-0.0885,-0.043,-0.028,-0.017,-4.796,6,0.0,0.0,132.0,132.0,132.0,247.0,0,2,4,6,0.011,0.040999999999999995,0.066,0.066,0.066,0.241,201,-104.0,0.0,0.0,0.0,64.0,-2134.0,41,7,153,201,-0.133,-0.038,-0.006,-0.003,-0.001,-7.99,384,-109.0,0.0,0.0,0.0,65.0,-4797.0,88,15,281,384,0.0,0.043,0.07,0.074,0.078,15.882,4032,-135.0,0.0,32.0,65.0,118.0,-2310.0,541,467,3024,4032,-0.133,0.357,0.894,1.023,1.334,1673.434
A_X100_Y084,100,84,88,112,68,100,333.0,161.0,1.0,825,13200,11436,1764,0.13484848484848486,"{""X2Y1"": 66, ""X3Y1"": 759}",True,NOT_PROVEN_WITHOUT_MOVED_FF_CONTROL_SET_REPLAY,NOT_PROVEN_READ_ONLY_SITE_INVENTORY_ONLY,16,FEATURE_BIN_2,16,18F6AC63D50EACD2B5F6CC669CA58252595A0313B759D7A0EC563D4D8CFF4410,True,,False,False,U_NEG_UPSTREAM_WORSENING;U_PASS_UPSTREAM_INCREASE;D_NEG_NO_MEDIAN_IMPROVEMENT,,False,False,False,True,"[0.0, 105.0, 14.0, 2.0, 0.0, 0.0, 0.0, 0.0, 16.0]",58,0.0,0.0,105.0,122.0,122.0,1482.0,0,14,44,58,-0.136,-0.0885,-0.043,-0.028,-0.017,-4.796,6,0.0,0.0,122.0,122.0,122.0,216.0,0,2,4,6,0.011,0.040999999999999995,0.066,0.066,0.066,0.241,201,-100.0,0.0,0.0,0.0,56.0,-3665.0,54,3,144,201,-0.133,-0.038,-0.006,-0.003,-0.001,-7.99,384,-108.0,0.0,0.0,0.0,60.0,-3645.0,74,11,299,384,0.0,0.043,0.07,0.074,0.078,15.882,4032,-122.0,0.0,25.0,59.0,105.0,-5044.0,532,473,3027,4032,-0.133,0.357,0.894,1.023,1.334,1673.434
A_X100_Y084,100,84,88,112,68,100,333.0,161.0,1.0,825,13200,11436,1764,0.13484848484848486,"{""X2Y1"": 66, ""X3Y1"": 759}",True,NOT_PROVEN_WITHOUT_MOVED_FF_CONTROL_SET_REPLAY,NOT_PROVEN_READ_ONLY_SITE_INVENTORY_ONLY,16,FEATURE_BIN_3,16,6D6B2605916DFCDD525A27838AC825D18C62B807369D6E6322040D77ED73CF54,True,,False,False,U_NEG_UPSTREAM_WORSENING;U_PASS_UPSTREAM_INCREASE;D_NEG_NO_MEDIAN_IMPROVEMENT,,False,False,False,True,"[0.0, 99.0, 14.0, 2.0, 0.0, 0.0, 0.0, 0.0, 16.0]",58,0.0,0.0,99.0,122.0,122.0,1418.0,0,14,44,58,-0.136,-0.0885,-0.043,-0.028,-0.017,-4.796,6,0.0,0.0,117.0,117.0,117.0,201.0,0,2,4,6,0.011,0.040999999999999995,0.066,0.066,0.066,0.241,201,-95.0,0.0,0.0,0.0,50.0,-1304.0,27,5,169,201,-0.133,-0.038,-0.006,-0.003,-0.001,-7.99,384,-101.0,0.0,0.0,17.0,60.0,-3278.0,75,24,285,384,0.0,0.043,0.07,0.074,0.078,15.882,4032,-117.0,0.0,29.0,59.0,115.0,-224.0,487,504,3041,4032,-0.133,0.357,0.894,1.023,1.334,1673.434
A_X100_Y088,100,88,88,112,72,104,333.0,157.0,1.0,825,13200,11252,1948,0.15242424242424243,"{""X2Y1"": 66, ""X3Y1"": 759}",True,NOT_PROVEN_WITHOUT_MOVED_FF_CONTROL_SET_REPLAY,NOT_PROVEN_READ_ONLY_SITE_INVENTORY_ONLY,64,ALL_64,64,A49D88051B2D2E5D1255D4F806A7569CDA9B33A650A908566197031349AD8DB4,True,,False,False,U_NEG_UPSTREAM_WORSENING;U_PASS_UPSTREAM_INCREASE,,False,False,True,True,"[106.0, 128.0, 58.0, 6.0, -59.0, 7.0, -53.0, -5.0, 64.0]",58,68.0,106.0,128.0,132.0,136.0,6211.0,0,58,0,58,-0.136,-0.0885,-0.043,-0.028,-0.017,-4.796,6,80.0,112.0,128.0,128.0,128.0,640.0,0,6,0,6,0.011,0.040999999999999995,0.066,0.066,0.066,0.241,201,-117.0,-59.0,7.0,37.0,97.0,-10611.0,177,24,0,201,-0.133,-0.038,-0.006,-0.003,-0.001,-7.99,384,-123.0,-53.0,35.0,42.0,95.0,-16304.0,308,74,2,384,0.0,0.043,0.07,0.074,0.078,15.882,4032,-131.0,-5.0,78.0,87.0,115.0,-21174.0,2109,1910,13,4032,-0.133,0.357,0.894,1.023,1.334,1673.434
A_X100_Y088,100,88,88,112,72,104,333.0,157.0,1.0,825,13200,11252,1948,0.14924242424242423,"{""X2Y1"": 66, ""X3Y1"": 759}",True,NOT_PROVEN_WITHOUT_MOVED_FF_CONTROL_SET_REPLAY,NOT_PROVEN_READ_ONLY_SITE_INVENTORY_ONLY,22,DEST_X2Y1_MAJOR,22,EC8295A18CFB3214990035A3C2A8A03B2248BEA56069D816345F1D2C0CC4741A,True,,False,False,U_NEG_UPSTREAM_WORSENING;D_NEG_NO_MEDIAN_IMPROVEMENT,,False,True,False,True,"[0.0, 118.0, 22.0, 0.0, 0.0, 1.0, 0.0, 0.0, 22.0]",58,0.0,0.0,118.0,127.0,128.0,2271.0,0,22,36,58,-0.136,-0.0885,-0.043,-0.028,-0.017,-4.796,6,0.0,0.0,0.0,0.0,0.0,0.0,0,0,6,6,0.011,0.040999999999999995,0.066,0.066,0.066,0.241,201,-100.0,0.0,1.0,37.0,97.0,-1321.0,44,21,136,201,-0.133,-0.038,-0.006,-0.003,-0.001,-7.99,384,-113.0,0.0,11.0,36.0,95.0,-3863.0,96,44,244,384,0.0,0.043,0.07,0.074,0.078,15.882,4032,-123.0,0.0,43.0,71.0,115.0,-6160.0,715,664,2653,4032,-0.133,0.357,0.894,1.023,1.334,1673.434
A_X100_Y088,100,88,88,112,72,104,333.0,157.0,1.0,825,13200,11252,1948,0.14909090909090908,"{""X2Y1"": 66, ""X3Y1"": 759}",True,NOT_PROVEN_WITHOUT_MOVED_FF_CONTROL_SET_REPLAY,NOT_PROVEN_READ_ONLY_SITE_INVENTORY_ONLY,20,DEST_X3Y1_MAJOR,20,D8DF451BC1C4EF6032E28F4D3065B488CCF48FA9921667AB64B2E0E8D05D4049,True,,False,False,U_NEG_UPSTREAM_WORSENING;U_PASS_UPSTREAM_INCREASE,,False,False,True,True,"[0.0, 115.0, 15.0, 5.0, -48.0, 0.0, 0.0, 0.0, 20.0]",58,0.0,0.0,115.0,120.0,136.0,1659.0,0,15,43,58,-0.136,-0.0885,-0.043,-0.028,-0.017,-4.796,6,0.0,100.5,128.0,128.0,128.0,527.0,0,5,1,6,0.011,0.040999999999999995,0.066,0.066,0.066,0.241,201,-117.0,-48.0,0.0,0.0,52.0,-8720.0,123,3,75,201,-0.133,-0.038,-0.006,-0.003,-0.001,-7.99,384,-123.0,0.0,0.0,0.0,56.0,-9068.0,151,18,215,384,0.0,0.043,0.07,0.074,0.078,15.882,4032,-123.0,0.0,42.0,64.0,114.0,-6890.0,659,594,2779,4032,-0.133,0.357,0.894,1.023,1.334,1673.434
A_X100_Y088,100,88,88,112,72,104,333.0,157.0,1.0,825,13200,11252,1948,0.14924242424242423,"{""X2Y1"": 66, ""X3Y1"": 759}",True,NOT_PROVEN_WITHOUT_MOVED_FF_CONTROL_SET_REPLAY,NOT_PROVEN_READ_ONLY_SITE_INVENTORY_ONLY,22,DEST_MIXED_OR_OTHER,22,62A80A6BF2780309EBB7ACB65499DC33F9E420F49ABAF670FF853CD53D650A7D,True,,False,False,U_NEG_UPSTREAM_WORSENING;U_PASS_UPSTREAM_INCREASE;D_NEG_NO_MEDIAN_IMPROVEMENT,,False,False,False,True,"[0.0, 118.0, 21.0, 1.0, 0.0, 0.0, 0.0, 0.0, 22.0]",58,0.0,0.0,118.0,127.0,135.0,2281.0,0,21,37,58,-0.136,-0.0885,-0.043,-0.028,-0.017,-4.796,6,0.0,0.0,113.0,113.0,113.0,113.0,0,1,5,6,0.011,0.040999999999999995,0.066,0.066,0.066,0.241,201,-91.0,0.0,0.0,0.0,0.0,-570.0,10,0,191,201,-0.133,-0.038,-0.006,-0.003,-0.001,-7.99,384,-108.0,0.0,0.0,0.0,62.0,-3373.0,61,12,311,384,0.0,0.043,0.07,0.074,0.078,15.882,4032,-131.0,0.0,44.0,69.0,112.0,-8124.0,735,652,2645,4032,-0.133,0.357,0.894,1.023,1.334,1673.434
A_X100_Y088,100,88,88,112,72,104,333.0,157.0,1.0,825,13200,11252,1948,0.14878787878787877,"{""X2Y1"": 66, ""X3Y1"": 759}",True,NOT_PROVEN_WITHOUT_MOVED_FF_CONTROL_SET_REPLAY,NOT_PROVEN_READ_ONLY_SITE_INVENTORY_ONLY,16,FEATURE_BIN_0,16,25AFEB422DB3BDBEF4DCE97A6D1274116E7B27A3B94E395D479DC22D3DE14FFD,True,,False,False,U_NEG_UPSTREAM_WORSENING;D_NEG_NO_MEDIAN_IMPROVEMENT,,False,True,False,True,"[0.0, 115.0, 16.0, 0.0, 0.0, 0.0, 0.0, 0.0, 16.0]",58,0.0,0.0,115.0,127.0,135.0,1825.0,0,16,42,58,-0.136,-0.0885,-0.043,-0.028,-0.017,-4.796,6,0.0,0.0,0.0,0.0,0.0,0.0,0,0,6,6,0.011,0.040999999999999995,0.066,0.066,0.066,0.241,201,-117.0,0.0,0.0,0.0,97.0,-3514.0,55,9,137,201,-0.133,-0.038,-0.006,-0.003,-0.001,-7.99,384,-123.0,0.0,0.0,0.0,95.0,-4448.0,77,19,288,384,0.0,0.043,0.07,0.074,0.078,15.882,4032,-124.0,0.0,29.0,56.0,115.0,-8922.0,554,456,3022,4032,-0.133,0.357,0.894,1.023,1.334,1673.434
A_X100_Y088,100,88,88,112,72,104,333.0,157.0,1.0,825,13200,11252,1948,0.14878787878787877,"{""X2Y1"": 66, ""X3Y1"": 759}",True,NOT_PROVEN_WITHOUT_MOVED_FF_CONTROL_SET_REPLAY,NOT_PROVEN_READ_ONLY_SITE_INVENTORY_ONLY,16,FEATURE_BIN_1,16,863B9B0389C1B994C73ED0C57EC56A84FD6D317708E59D47B391DA86E44D3A8E,True,,False,False,U_NEG_UPSTREAM_WORSENING;U_PASS_UPSTREAM_INCREASE;D_NEG_NO_MEDIAN_IMPROVEMENT,,False,False,False,True,"[0.0, 120.0, 14.0, 2.0, 0.0, 0.0, 0.0, 0.0, 16.0]",58,0.0,0.0,120.0,128.0,136.0,1598.0,0,14,44,58,-0.136,-0.0885,-0.043,-0.028,-0.017,-4.796,6,0.0,0.0,128.0,128.0,128.0,239.0,0,2,4,6,0.011,0.040999999999999995,0.066,0.066,0.066,0.241,201,-100.0,0.0,0.0,0.0,60.0,-2104.0,41,7,153,201,-0.133,-0.038,-0.006,-0.003,-0.001,-7.99,384,-113.0,0.0,0.0,0.0,61.0,-4887.0,86,16,282,384,0.0,0.043,0.07,0.074,0.078,15.882,4032,-131.0,0.0,35.0,61.0,114.0,-3786.0,533,476,3023,4032,-0.133,0.357,0.894,1.023,1.334,1673.434
A_X100_Y088,100,88,88,112,72,104,333.0,157.0,1.0,825,13200,11252,1948,0.14878787878787877,"{""X2Y1"": 66, ""X3Y1"": 759}",True,NOT_PROVEN_WITHOUT_MOVED_FF_CONTROL_SET_REPLAY,NOT_PROVEN_READ_ONLY_SITE_INVENTORY_ONLY,16,FEATURE_BIN_2,16,18F6AC63D50EACD2B5F6CC669CA58252595A0313B759D7A0EC563D4D8CFF4410,True,,False,False,U_NEG_UPSTREAM_WORSENING;U_PASS_UPSTREAM_INCREASE;D_NEG_NO_MEDIAN_IMPROVEMENT,,False,False,False,True,"[0.0, 101.0, 14.0, 2.0, 0.0, 0.0, 0.0, 0.0, 16.0]",58,0.0,0.0,101.0,118.0,118.0,1426.0,0,14,44,58,-0.136,-0.0885,-0.043,-0.028,-0.017,-4.796,6,0.0,0.0,118.0,118.0,118.0,208.0,0,2,4,6,0.011,0.040999999999999995,0.066,0.066,0.066,0.241,201,-96.0,0.0,0.0,0.0,52.0,-3707.0,54,3,144,201,-0.133,-0.038,-0.006,-0.003,-0.001,-7.99,384,-104.0,0.0,0.0,0.0,56.0,-3657.0,71,14,299,384,0.0,0.043,0.07,0.074,0.078,15.882,4032,-118.0,0.0,28.0,55.0,101.0,-6588.0,531,476,3025,4032,-0.133,0.357,0.894,1.023,1.334,1673.434
A_X100_Y088,100,88,88,112,72,104,333.0,157.0,1.0,825,13200,11252,1948,0.14878787878787877,"{""X2Y1"": 66, ""X3Y1"": 759}",True,NOT_PROVEN_WITHOUT_MOVED_FF_CONTROL_SET_REPLAY,NOT_PROVEN_READ_ONLY_SITE_INVENTORY_ONLY,16,FEATURE_BIN_3,16,6D6B2605916DFCDD525A27838AC825D18C62B807369D6E6322040D77ED73CF54,True,,False,False,U_NEG_UPSTREAM_WORSENING;U_PASS_UPSTREAM_INCREASE;D_NEG_NO_MEDIAN_IMPROVEMENT,,False,False,False,True,"[0.0, 95.0, 14.0, 2.0, 0.0, 0.0, 0.0, 0.0, 16.0]",58,0.0,0.0,95.0,118.0,118.0,1362.0,0,14,44,58,-0.136,-0.0885,-0.043,-0.028,-0.017,-4.796,6,0.0,0.0,113.0,113.0,113.0,193.0,0,2,4,6,0.011,0.040999999999999995,0.066,0.066,0.066,0.241,201,-91.0,0.0,0.0,0.0,46.0,-1286.0,27,5,169,201,-0.133,-0.038,-0.006,-0.003,-0.001,-7.99,384,-105.0,0.0,0.0,21.0,56.0,-3312.0,74,25,285,384,0.0,0.043,0.07,0.074,0.078,15.882,4032,-113.0,0.0,32.0,55.0,111.0,-1878.0,491,502,3039,4032,-0.133,0.357,0.894,1.023,1.334,1673.434
A_X100_Y092,100,92,88,112,76,108,333.0,152.0,1.0,825,13200,11007,2193,0.1709848484848485,"{""X2Y1"": 66, ""X3Y1"": 759}",True,NOT_PROVEN_WITHOUT_MOVED_FF_CONTROL_SET_REPLAY,NOT_PROVEN_READ_ONLY_SITE_INVENTORY_ONLY,64,ALL_64,64,A49D88051B2D2E5D1255D4F806A7569CDA9B33A650A908566197031349AD8DB4,True,,False,False,U_NEG_UPSTREAM_WORSENING;U_PASS_UPSTREAM_INCREASE,,False,False,True,True,"[101.0, 123.0, 58.0, 6.0, -57.0, 12.0, -51.0, -2.0, 64.0]",58,63.0,101.0,123.0,127.0,131.0,5921.0,0,58,0,58,-0.136,-0.0885,-0.043,-0.028,-0.017,-4.796,6,75.0,107.0,123.0,123.0,123.0,610.0,0,6,0,6,0.011,0.040999999999999995,0.066,0.066,0.066,0.241,201,-122.0,-57.0,12.0,42.0,92.0,-10458.0,175,24,2,201,-0.133,-0.038,-0.006,-0.003,-0.001,-7.99,384,-118.0,-51.0,40.0,43.0,90.0,-15966.0,289,88,7,384,0.0,0.043,0.07,0.074,0.078,15.882,4032,-126.0,-2.0,73.0,82.0,110.0,-26042.0,2032,1974,26,4032,-0.133,0.357,0.894,1.023,1.334,1673.434
A_X100_Y092,100,92,88,112,76,108,333.0,152.0,1.0,825,13200,11007,2193,0.16780303030303031,"{""X2Y1"": 66, ""X3Y1"": 759}",True,NOT_PROVEN_WITHOUT_MOVED_FF_CONTROL_SET_REPLAY,NOT_PROVEN_READ_ONLY_SITE_INVENTORY_ONLY,22,DEST_X2Y1_MAJOR,22,EC8295A18CFB3214990035A3C2A8A03B2248BEA56069D816345F1D2C0CC4741A,True,,False,False,U_NEG_UPSTREAM_WORSENING;D_NEG_NO_MEDIAN_IMPROVEMENT,,False,True,False,True,"[0.0, 113.0, 22.0, 0.0, 0.0, 6.0, 0.0, 0.0, 22.0]",58,0.0,0.0,113.0,122.0,123.0,2161.0,0,22,36,58,-0.136,-0.0885,-0.043,-0.028,-0.017,-4.796,6,0.0,0.0,0.0,0.0,0.0,0.0,0,0,6,6,0.011,0.040999999999999995,0.066,0.066,0.066,0.241,201,-95.0,0.0,6.0,42.0,92.0,-1168.0,42,21,138,201,-0.133,-0.038,-0.006,-0.003,-0.001,-7.99,384,-118.0,0.0,16.0,40.0,90.0,-3687.0,87,54,243,384,0.0,0.043,0.07,0.074,0.078,15.882,4032,-118.0,0.0,42.0,66.0,110.0,-7716.0,685,688,2659,4032,-0.133,0.357,0.894,1.023,1.334,1673.434
A_X100_Y092,100,92,88,112,76,108,333.0,152.0,1.0,825,13200,11007,2193,0.16765151515151516,"{""X2Y1"": 66, ""X3Y1"": 759}",True,NOT_PROVEN_WITHOUT_MOVED_FF_CONTROL_SET_REPLAY,NOT_PROVEN_READ_ONLY_SITE_INVENTORY_ONLY,20,DEST_X3Y1_MAJOR,20,D8DF451BC1C4EF6032E28F4D3065B488CCF48FA9921667AB64B2E0E8D05D4049,True,,False,False,U_NEG_UPSTREAM_WORSENING;U_PASS_UPSTREAM_INCREASE,,False,False,True,True,"[0.0, 110.0, 15.0, 5.0, -51.0, 0.0, 0.0, 0.0, 20.0]",58,0.0,0.0,110.0,115.0,131.0,1584.0,0,15,43,58,-0.136,-0.0885,-0.043,-0.028,-0.017,-4.796,6,0.0,95.5,123.0,123.0,123.0,502.0,0,5,1,6,0.011,0.040999999999999995,0.066,0.066,0.066,0.241,201,-122.0,-51.0,0.0,0.0,47.0,-8710.0,123,3,75,201,-0.133,-0.038,-0.006,-0.003,-0.001,-7.99,384,-118.0,0.0,0.0,3.0,51.0,-9017.0,144,21,219,384,0.0,0.043,0.07,0.074,0.078,15.882,4032,-122.0,0.0,41.0,59.0,109.0,-8434.0,640,614,2778,4032,-0.133,0.357,0.894,1.023,1.334,1673.434
A_X100_Y092,100,92,88,112,76,108,333.0,152.0,1.0,825,13200,11007,2193,0.16780303030303031,"{""X2Y1"": 66, ""X3Y1"": 759}",True,NOT_PROVEN_WITHOUT_MOVED_FF_CONTROL_SET_REPLAY,NOT_PROVEN_READ_ONLY_SITE_INVENTORY_ONLY,22,DEST_MIXED_OR_OTHER,22,62A80A6BF2780309EBB7ACB65499DC33F9E420F49ABAF670FF853CD53D650A7D,True,,False,False,U_NEG_UPSTREAM_WORSENING;U_PASS_UPSTREAM_INCREASE;D_NEG_NO_MEDIAN_IMPROVEMENT,,False,False,False,True,"[0.0, 113.0, 21.0, 1.0, 0.0, 0.0, 0.0, 0.0, 22.0]",58,0.0,0.0,113.0,122.0,130.0,2176.0,0,21,37,58,-0.136,-0.0885,-0.043,-0.028,-0.017,-4.796,6,0.0,0.0,108.0,108.0,108.0,108.0,0,1,5,6,0.011,0.040999999999999995,0.066,0.066,0.066,0.241,201,-86.0,0.0,0.0,0.0,0.0,-580.0,10,0,191,201,-0.133,-0.038,-0.006,-0.003,-0.001,-7.99,384,-103.0,0.0,0.0,0.0,57.0,-3262.0,58,13,313,384,0.0,0.043,0.07,0.074,0.078,15.882,4032,-126.0,0.0,45.0,64.0,107.0,-9892.0,707,672,2653,4032,-0.133,0.357,0.894,1.023,1.334,1673.434
A_X100_Y092,100,92,88,112,76,108,333.0,152.0,1.0,825,13200,11007,2193,0.16734848484848486,"{""X2Y1"": 66, ""X3Y1"": 759}",True,NOT_PROVEN_WITHOUT_MOVED_FF_CONTROL_SET_REPLAY,NOT_PROVEN_READ_ONLY_SITE_INVENTORY_ONLY,16,FEATURE_BIN_0,16,25AFEB422DB3BDBEF4DCE97A6D1274116E7B27A3B94E395D479DC22D3DE14FFD,True,,False,False,U_NEG_UPSTREAM_WORSENING;D_NEG_NO_MEDIAN_IMPROVEMENT,,False,True,False,True,"[0.0, 110.0, 16.0, 0.0, 0.0, 0.0, 0.0, 0.0, 16.0]",58,0.0,0.0,110.0,122.0,130.0,1745.0,0,16,42,58,-0.136,-0.0885,-0.043,-0.028,-0.017,-4.796,6,0.0,0.0,0.0,0.0,0.0,0.0,0,0,6,6,0.011,0.040999999999999995,0.066,0.066,0.066,0.241,201,-122.0,0.0,0.0,0.0,92.0,-3526.0,55,9,137,201,-0.133,-0.038,-0.006,-0.003,-0.001,-7.99,384,-118.0,0.0,0.0,4.0,90.0,-4288.0,72,22,290,384,0.0,0.043,0.07,0.074,0.078,15.882,4032,-122.0,0.0,30.0,51.0,110.0,-9918.0,532,471,3029,4032,-0.133,0.357,0.894,1.023,1.334,1673.434
A_X100_Y092,100,92,88,112,76,108,333.0,152.0,1.0,825,13200,11007,2193,0.16734848484848486,"{""X2Y1"": 66, ""X3Y1"": 759}",True,NOT_PROVEN_WITHOUT_MOVED_FF_CONTROL_SET_REPLAY,NOT_PROVEN_READ_ONLY_SITE_INVENTORY_ONLY,16,FEATURE_BIN_1,16,863B9B0389C1B994C73ED0C57EC56A84FD6D317708E59D47B391DA86E44D3A8E,True,,False,False,U_NEG_UPSTREAM_WORSENING;U_PASS_UPSTREAM_INCREASE;D_NEG_NO_MEDIAN_IMPROVEMENT,,False,False,False,True,"[0.0, 115.0, 14.0, 2.0, 0.0, 0.0, 0.0, 0.0, 16.0]",58,0.0,0.0,115.0,123.0,131.0,1528.0,0,14,44,58,-0.136,-0.0885,-0.043,-0.028,-0.017,-4.796,6,0.0,0.0,123.0,123.0,123.0,229.0,0,2,4,6,0.011,0.040999999999999995,0.066,0.066,0.066,0.241,201,-102.0,0.0,0.0,0.0,55.0,-2026.0,41,7,153,201,-0.133,-0.038,-0.006,-0.003,-0.001,-7.99,384,-118.0,0.0,0.0,4.0,56.0,-4899.0,80,23,281,384,0.0,0.043,0.07,0.074,0.078,15.882,4032,-126.0,0.0,32.0,56.0,109.0,-5116.0,516,492,3024,4032,-0.133,0.357,0.894,1.023,1.334,1673.434
A_X100_Y092,100,92,88,112,76,108,333.0,152.0,1.0,825,13200,11007,2193,0.16734848484848486,"{""X2Y1"": 66, ""X3Y1"": 759}",True,NOT_PROVEN_WITHOUT_MOVED_FF_CONTROL_SET_REPLAY,NOT_PROVEN_READ_ONLY_SITE_INVENTORY_ONLY,16,FEATURE_BIN_2,16,18F6AC63D50EACD2B5F6CC669CA58252595A0313B759D7A0EC563D4D8CFF4410,True,,False,False,U_NEG_UPSTREAM_WORSENING;U_PASS_UPSTREAM_INCREASE;D_NEG_NO_MEDIAN_IMPROVEMENT,,False,False,False,True,"[0.0, 96.0, 14.0, 2.0, 0.0, 0.0, 0.0, 0.0, 16.0]",58,0.0,0.0,96.0,113.0,113.0,1356.0,0,14,44,58,-0.136,-0.0885,-0.043,-0.028,-0.017,-4.796,6,0.0,0.0,113.0,113.0,113.0,198.0,0,2,4,6,0.011,0.040999999999999995,0.066,0.066,0.066,0.241,201,-99.0,0.0,0.0,0.0,47.0,-3668.0,54,3,144,201,-0.133,-0.038,-0.006,-0.003,-0.001,-7.99,384,-99.0,0.0,0.0,0.0,51.0,-3546.0,69,16,299,384,0.0,0.043,0.07,0.074,0.078,15.882,4032,-115.0,0.0,33.0,50.0,96.0,-7732.0,510,497,3025,4032,-0.133,0.357,0.894,1.023,1.334,1673.434
A_X100_Y092,100,92,88,112,76,108,333.0,152.0,1.0,825,13200,11007,2193,0.16734848484848486,"{""X2Y1"": 66, ""X3Y1"": 759}",True,NOT_PROVEN_WITHOUT_MOVED_FF_CONTROL_SET_REPLAY,NOT_PROVEN_READ_ONLY_SITE_INVENTORY_ONLY,16,FEATURE_BIN_3,16,6D6B2605916DFCDD525A27838AC825D18C62B807369D6E6322040D77ED73CF54,True,,False,False,U_NEG_UPSTREAM_WORSENING;U_PASS_UPSTREAM_INCREASE;D_NEG_NO_MEDIAN_IMPROVEMENT,,False,False,False,True,"[0.0, 90.0, 14.0, 2.0, 0.0, 0.0, 0.0, 0.0, 16.0]",58,0.0,0.0,90.0,113.0,113.0,1292.0,0,14,44,58,-0.136,-0.0885,-0.043,-0.028,-0.017,-4.796,6,0.0,0.0,108.0,108.0,108.0,183.0,0,2,4,6,0.011,0.040999999999999995,0.066,0.066,0.066,0.241,201,-86.0,0.0,0.0,0.0,41.0,-1238.0,25,5,171,201,-0.133,-0.038,-0.006,-0.003,-0.001,-7.99,384,-110.0,0.0,0.0,26.0,51.0,-3233.0,68,27,289,384,0.0,0.043,0.07,0.074,0.078,15.882,4032,-110.0,0.0,35.0,50.0,106.0,-3276.0,474,514,3044,4032,-0.133,0.357,0.894,1.023,1.334,1673.434
A_X100_Y096,100,96,88,112,80,112,333.0,148.0,1.0,825,13200,10885,2315,0.18022727272727274,"{""X2Y1"": 66, ""X3Y1"": 759}",True,NOT_PROVEN_WITHOUT_MOVED_FF_CONTROL_SET_REPLAY,NOT_PROVEN_READ_ONLY_SITE_INVENTORY_ONLY,64,ALL_64,64,A49D88051B2D2E5D1255D4F806A7569CDA9B33A650A908566197031349AD8DB4,True,,False,False,U_NEG_UPSTREAM_WORSENING;U_PASS_UPSTREAM_INCREASE,,False,False,True,True,"[97.0, 119.0, 58.0, 6.0, -59.0, 16.0, -52.0, 1.0, 64.0]",58,59.0,97.0,119.0,123.0,127.0,5689.0,0,58,0,58,-0.136,-0.0885,-0.043,-0.028,-0.017,-4.796,6,71.0,103.0,119.0,119.0,119.0,586.0,0,6,0,6,0.011,0.040999999999999995,0.066,0.066,0.066,0.241,201,-120.0,-59.0,16.0,44.0,88.0,-10198.0,174,27,0,201,-0.133,-0.038,-0.006,-0.003,-0.001,-7.99,384,-116.0,-52.0,40.0,45.0,86.0,-15398.0,286,98,0,384,0.0,0.043,0.07,0.074,0.078,15.882,4032,-122.0,1.0,69.0,78.0,106.0,-26910.0,1998,2025,9,4032,-0.133,0.357,0.894,1.023,1.334,1673.434
A_X100_Y096,100,96,88,112,80,112,333.0,148.0,1.0,825,13200,10885,2315,0.17704545454545453,"{""X2Y1"": 66, ""X3Y1"": 759}",True,NOT_PROVEN_WITHOUT_MOVED_FF_CONTROL_SET_REPLAY,NOT_PROVEN_READ_ONLY_SITE_INVENTORY_ONLY,22,DEST_X2Y1_MAJOR,22,EC8295A18CFB3214990035A3C2A8A03B2248BEA56069D816345F1D2C0CC4741A,True,,False,False,U_NEG_UPSTREAM_WORSENING;D_NEG_NO_MEDIAN_IMPROVEMENT,,False,True,False,True,"[0.0, 109.0, 22.0, 0.0, 0.0, 10.0, 0.0, 0.0, 22.0]",58,0.0,0.0,109.0,118.0,119.0,2073.0,0,22,36,58,-0.136,-0.0885,-0.043,-0.028,-0.017,-4.796,6,0.0,0.0,0.0,0.0,0.0,0.0,0,0,6,6,0.011,0.040999999999999995,0.066,0.066,0.066,0.241,201,-91.0,0.0,10.0,44.0,88.0,-1002.0,41,24,136,201,-0.133,-0.038,-0.006,-0.003,-0.001,-7.99,384,-116.0,0.0,20.0,43.0,86.0,-3397.0,86,56,242,384,0.0,0.043,0.07,0.074,0.078,15.882,4032,-116.0,0.0,44.0,62.0,106.0,-7944.0,675,705,2652,4032,-0.133,0.357,0.894,1.023,1.334,1673.434
A_X100_Y096,100,96,88,112,80,112,333.0,148.0,1.0,825,13200,10885,2315,0.17689393939393938,"{""X2Y1"": 66, ""X3Y1"": 759}",True,NOT_PROVEN_WITHOUT_MOVED_FF_CONTROL_SET_REPLAY,NOT_PROVEN_READ_ONLY_SITE_INVENTORY_ONLY,20,DEST_X3Y1_MAJOR,20,D8DF451BC1C4EF6032E28F4D3065B488CCF48FA9921667AB64B2E0E8D05D4049,True,,False,False,U_NEG_UPSTREAM_WORSENING;U_PASS_UPSTREAM_INCREASE,,False,False,True,True,"[0.0, 106.0, 15.0, 5.0, -52.0, 0.0, 0.0, 0.0, 20.0]",58,0.0,0.0,106.0,111.0,127.0,1524.0,0,15,43,58,-0.136,-0.0885,-0.043,-0.028,-0.017,-4.796,6,0.0,91.5,119.0,119.0,119.0,482.0,0,5,1,6,0.011,0.040999999999999995,0.066,0.066,0.066,0.241,201,-120.0,-52.0,0.0,0.0,43.0,-8622.0,123,3,75,201,-0.133,-0.038,-0.006,-0.003,-0.001,-7.99,384,-114.0,0.0,0.0,7.0,54.0,-8857.0,143,26,215,384,0.0,0.043,0.07,0.074,0.078,15.882,4032,-120.0,0.0,42.0,55.0,105.0,-8760.0,631,628,2773,4032,-0.133,0.357,0.894,1.023,1.334,1673.434
A_X100_Y096,100,96,88,112,80,112,333.0,148.0,1.0,825,13200,10885,2315,0.17704545454545453,"{""X2Y1"": 66, ""X3Y1"": 759}",True,NOT_PROVEN_WITHOUT_MOVED_FF_CONTROL_SET_REPLAY,NOT_PROVEN_READ_ONLY_SITE_INVENTORY_ONLY,22,DEST_MIXED_OR_OTHER,22,62A80A6BF2780309EBB7ACB65499DC33F9E420F49ABAF670FF853CD53D650A7D,True,,False,False,U_NEG_UPSTREAM_WORSENING;U_PASS_UPSTREAM_INCREASE;D_NEG_NO_MEDIAN_IMPROVEMENT,,False,False,False,True,"[0.0, 109.0, 21.0, 1.0, 0.0, 0.0, 0.0, 0.0, 22.0]",58,0.0,0.0,109.0,118.0,126.0,2092.0,0,21,37,58,-0.136,-0.0885,-0.043,-0.028,-0.017,-4.796,6,0.0,0.0,104.0,104.0,104.0,104.0,0,1,5,6,0.011,0.040999999999999995,0.066,0.066,0.066,0.241,201,-89.0,0.0,0.0,0.0,0.0,-574.0,10,0,191,201,-0.133,-0.038,-0.006,-0.003,-0.001,-7.99,384,-100.0,0.0,0.0,0.0,53.0,-3144.0,57,16,311,384,0.0,0.043,0.07,0.074,0.078,15.882,4032,-122.0,0.0,45.0,60.0,103.0,-10206.0,692,692,2648,4032,-0.133,0.357,0.894,1.023,1.334,1673.434
A_X100_Y096,100,96,88,112,80,112,333.0,148.0,1.0,825,13200,10885,2315,0.1765909090909091,"{""X2Y1"": 66, ""X3Y1"": 759}",True,NOT_PROVEN_WITHOUT_MOVED_FF_CONTROL_SET_REPLAY,NOT_PROVEN_READ_ONLY_SITE_INVENTORY_ONLY,16,FEATURE_BIN_0,16,25AFEB422DB3BDBEF4DCE97A6D1274116E7B27A3B94E395D479DC22D3DE14FFD,True,,False,False,U_NEG_UPSTREAM_WORSENING;D_NEG_NO_MEDIAN_IMPROVEMENT,,False,True,False,True,"[0.0, 106.0, 16.0, 0.0, 0.0, 0.0, 0.0, 0.0, 16.0]",58,0.0,0.0,106.0,118.0,126.0,1681.0,0,16,42,58,-0.136,-0.0885,-0.043,-0.028,-0.017,-4.796,6,0.0,0.0,0.0,0.0,0.0,0.0,0,0,6,6,0.011,0.040999999999999995,0.066,0.066,0.066,0.241,201,-120.0,0.0,0.0,0.0,88.0,-3460.0,55,9,137,201,-0.133,-0.038,-0.006,-0.003,-0.001,-7.99,384,-114.0,0.0,0.0,8.0,86.0,-4096.0,72,24,288,384,0.0,0.043,0.07,0.074,0.078,15.882,4032,-121.0,0.0,28.0,51.0,106.0,-10020.0,523,489,3020,4032,-0.133,0.357,0.894,1.023,1.334,1673.434
A_X100_Y096,100,96,88,112,80,112,333.0,148.0,1.0,825,13200,10885,2315,0.1765909090909091,"{""X2Y1"": 66, ""X3Y1"": 759}",True,NOT_PROVEN_WITHOUT_MOVED_FF_CONTROL_SET_REPLAY,NOT_PROVEN_READ_ONLY_SITE_INVENTORY_ONLY,16,FEATURE_BIN_1,16,863B9B0389C1B994C73ED0C57EC56A84FD6D317708E59D47B391DA86E44D3A8E,True,,False,False,U_NEG_UPSTREAM_WORSENING;U_PASS_UPSTREAM_INCREASE;D_NEG_NO_MEDIAN_IMPROVEMENT,,False,False,False,True,"[0.0, 111.0, 14.0, 2.0, 0.0, 0.0, 0.0, 0.0, 16.0]",58,0.0,0.0,111.0,119.0,127.0,1472.0,0,14,44,58,-0.136,-0.0885,-0.043,-0.028,-0.017,-4.796,6,0.0,0.0,119.0,119.0,119.0,221.0,0,2,4,6,0.011,0.040999999999999995,0.066,0.066,0.066,0.241,201,-106.0,0.0,0.0,0.0,51.0,-1950.0,41,7,153,201,-0.133,-0.038,-0.006,-0.003,-0.001,-7.99,384,-116.0,0.0,0.0,8.0,52.0,-4823.0,79,25,280,384,0.0,0.043,0.07,0.074,0.078,15.882,4032,-122.0,0.0,34.0,54.0,105.0,-5374.0,501,507,3024,4032,-0.133,0.357,0.894,1.023,1.334,1673.434
A_X100_Y096,100,96,88,112,80,112,333.0,148.0,1.0,825,13200,10885,2315,0.1765909090909091,"{""X2Y1"": 66, ""X3Y1"": 759}",True,NOT_PROVEN_WITHOUT_MOVED_FF_CONTROL_SET_REPLAY,NOT_PROVEN_READ_ONLY_SITE_INVENTORY_ONLY,16,FEATURE_BIN_2,16,18F6AC63D50EACD2B5F6CC669CA58252595A0313B759D7A0EC563D4D8CFF4410,True,,False,False,U_NEG_UPSTREAM_WORSENING;U_PASS_UPSTREAM_INCREASE;D_NEG_NO_MEDIAN_IMPROVEMENT,,False,False,False,True,"[0.0, 92.0, 14.0, 2.0, 0.0, 0.0, 0.0, 0.0, 16.0]",58,0.0,0.0,92.0,109.0,109.0,1300.0,0,14,44,58,-0.136,-0.0885,-0.043,-0.028,-0.017,-4.796,6,0.0,0.0,109.0,109.0,109.0,190.0,0,2,4,6,0.011,0.040999999999999995,0.066,0.066,0.066,0.241,201,-103.0,0.0,0.0,0.0,43.0,-3612.0,53,4,144,201,-0.133,-0.038,-0.006,-0.003,-0.001,-7.99,384,-96.0,0.0,0.0,0.0,49.0,-3424.0,67,18,299,384,0.0,0.043,0.07,0.074,0.078,15.882,4032,-113.0,0.0,36.0,49.0,92.0,-8010.0,497,510,3025,4032,-0.133,0.357,0.894,1.023,1.334,1673.434
A_X100_Y096,100,96,88,112,80,112,333.0,148.0,1.0,825,13200,10885,2315,0.1765909090909091,"{""X2Y1"": 66, ""X3Y1"": 759}",True,NOT_PROVEN_WITHOUT_MOVED_FF_CONTROL_SET_REPLAY,NOT_PROVEN_READ_ONLY_SITE_INVENTORY_ONLY,16,FEATURE_BIN_3,16,6D6B2605916DFCDD525A27838AC825D18C62B807369D6E6322040D77ED73CF54,True,,False,False,U_NEG_UPSTREAM_WORSENING;U_PASS_UPSTREAM_INCREASE;D_NEG_NO_MEDIAN_IMPROVEMENT,,False,False,False,True,"[0.0, 86.0, 14.0, 2.0, 0.0, 0.0, 0.0, 0.0, 16.0]",58,0.0,0.0,86.0,109.0,109.0,1236.0,0,14,44,58,-0.136,-0.0885,-0.043,-0.028,-0.017,-4.796,6,0.0,0.0,104.0,104.0,104.0,175.0,0,2,4,6,0.011,0.040999999999999995,0.066,0.066,0.066,0.241,201,-82.0,0.0,0.0,0.0,44.0,-1176.0,25,7,169,201,-0.133,-0.038,-0.006,-0.003,-0.001,-7.99,384,-110.0,0.0,0.0,30.0,47.0,-3055.0,68,31,285,384,0.0,0.043,0.07,0.074,0.078,15.882,4032,-110.0,0.0,36.0,47.0,102.0,-3506.0,477,519,3036,4032,-0.133,0.357,0.894,1.023,1.334,1673.434
A_X100_Y100,100,100,88,112,84,116,333.0,144.0,1.0,825,13200,11048,2152,0.16787878787878788,"{""X2Y1"": 66, ""X3Y1"": 759}",True,NOT_PROVEN_WITHOUT_MOVED_FF_CONTROL_SET_REPLAY,NOT_PROVEN_READ_ONLY_SITE_INVENTORY_ONLY,64,ALL_64,64,A49D88051B2D2E5D1255D4F806A7569CDA9B33A650A908566197031349AD8DB4,True,,False,False,U_NEG_UPSTREAM_WORSENING;U_PASS_UPSTREAM_INCREASE,,False,False,True,True,"[93.0, 115.0, 58.0, 6.0, -59.0, 20.0, -51.5, 5.0, 64.0]",58,55.0,93.0,115.0,119.0,123.0,5457.0,0,58,0,58,-0.136,-0.0885,-0.043,-0.028,-0.017,-4.796,6,67.0,99.0,115.0,115.0,115.0,562.0,0,6,0,6,0.011,0.040999999999999995,0.066,0.066,0.066,0.241,201,-116.0,-59.0,20.0,48.0,84.0,-9744.0,171,30,0,201,-0.133,-0.038,-0.006,-0.003,-0.001,-7.99,384,-112.0,-51.5,42.0,48.0,82.0,-14414.0,282,101,1,384,0.0,0.043,0.07,0.074,0.078,15.882,4032,-125.0,5.0,65.0,74.0,102.0,-23620.0,1964,2062,6,4032,-0.133,0.357,0.894,1.023,1.334,1673.434
A_X100_Y100,100,100,88,112,84,116,333.0,144.0,1.0,825,13200,11048,2152,0.1646969696969697,"{""X2Y1"": 66, ""X3Y1"": 759}",True,NOT_PROVEN_WITHOUT_MOVED_FF_CONTROL_SET_REPLAY,NOT_PROVEN_READ_ONLY_SITE_INVENTORY_ONLY,22,DEST_X2Y1_MAJOR,22,EC8295A18CFB3214990035A3C2A8A03B2248BEA56069D816345F1D2C0CC4741A,True,,False,False,U_NEG_UPSTREAM_WORSENING;D_NEG_NO_MEDIAN_IMPROVEMENT,,False,True,False,True,"[0.0, 105.0, 22.0, 0.0, 0.0, 14.0, 0.0, 0.0, 22.0]",58,0.0,0.0,105.0,114.0,115.0,1985.0,0,22,36,58,-0.136,-0.0885,-0.043,-0.028,-0.017,-4.796,6,0.0,0.0,0.0,0.0,0.0,0.0,0,0,6,6,0.011,0.040999999999999995,0.066,0.066,0.066,0.241,201,-87.0,0.0,14.0,48.0,84.0,-790.0,40,25,136,201,-0.133,-0.038,-0.006,-0.003,-0.001,-7.99,384,-112.0,0.0,24.0,44.0,82.0,-2957.0,84,57,243,384,0.0,0.043,0.07,0.074,0.078,15.882,4032,-112.0,0.0,48.0,58.0,102.0,-6688.0,662,719,2651,4032,-0.133,0.357,0.894,1.023,1.334,1673.434
A_X100_Y100,100,100,88,112,84,116,333.0,144.0,1.0,825,13200,11048,2152,0.16454545454545455,"{""X2Y1"": 66, ""X3Y1"": 759}",True,NOT_PROVEN_WITHOUT_MOVED_FF_CONTROL_SET_REPLAY,NOT_PROVEN_READ_ONLY_SITE_INVENTORY_ONLY,20,DEST_X3Y1_MAJOR,20,D8DF451BC1C4EF6032E28F4D3065B488CCF48FA9921667AB64B2E0E8D05D4049,True,,False,False,U_NEG_UPSTREAM_WORSENING;U_PASS_UPSTREAM_INCREASE,,False,False,True,True,"[0.0, 102.0, 15.0, 5.0, -51.0, 0.0, 0.0, 0.0, 20.0]",58,0.0,0.0,102.0,107.0,123.0,1464.0,0,15,43,58,-0.136,-0.0885,-0.043,-0.028,-0.017,-4.796,6,0.0,87.5,115.0,115.0,115.0,462.0,0,5,1,6,0.011,0.040999999999999995,0.066,0.066,0.066,0.241,201,-116.0,-51.0,0.0,0.0,41.0,-8396.0,121,5,75,201,-0.133,-0.038,-0.006,-0.003,-0.001,-7.99,384,-110.0,0.0,0.0,11.0,58.0,-8481.0,141,28,215,384,0.0,0.043,0.07,0.074,0.078,15.882,4032,-116.0,0.0,43.0,57.0,101.0,-7796.0,616,641,2775,4032,-0.133,0.357,0.894,1.023,1.334,1673.434
A_X100_Y100,100,100,88,112,84,116,333.0,144.0,1.0,825,13200,11048,2152,0.1646969696969697,"{""X2Y1"": 66, ""X3Y1"": 759}",True,NOT_PROVEN_WITHOUT_MOVED_FF_CONTROL_SET_REPLAY,NOT_PROVEN_READ_ONLY_SITE_INVENTORY_ONLY,22,DEST_MIXED_OR_OTHER,22,62A80A6BF2780309EBB7ACB65499DC33F9E420F49ABAF670FF853CD53D650A7D,True,,False,False,U_NEG_UPSTREAM_WORSENING;U_PASS_UPSTREAM_INCREASE;D_NEG_NO_MEDIAN_IMPROVEMENT,,False,False,False,True,"[0.0, 105.0, 21.0, 1.0, 0.0, 0.0, 0.0, 0.0, 22.0]",58,0.0,0.0,105.0,114.0,122.0,2008.0,0,21,37,58,-0.136,-0.0885,-0.043,-0.028,-0.017,-4.796,6,0.0,0.0,100.0,100.0,100.0,100.0,0,1,5,6,0.011,0.040999999999999995,0.066,0.066,0.066,0.241,201,-93.0,0.0,0.0,0.0,0.0,-558.0,10,0,191,201,-0.133,-0.038,-0.006,-0.003,-0.001,-7.99,384,-98.0,0.0,0.0,0.0,55.0,-2976.0,57,16,311,384,0.0,0.043,0.07,0.074,0.078,15.882,4032,-125.0,0.0,48.0,58.0,99.0,-9136.0,686,702,2644,4032,-0.133,0.357,0.894,1.023,1.334,1673.434
A_X100_Y100,100,100,88,112,84,116,333.0,144.0,1.0,825,13200,11048,2152,0.16424242424242425,"{""X2Y1"": 66, ""X3Y1"": 759}",True,NOT_PROVEN_WITHOUT_MOVED_FF_CONTROL_SET_REPLAY,NOT_PROVEN_READ_ONLY_SITE_INVENTORY_ONLY,16,FEATURE_BIN_0,16,25AFEB422DB3BDBEF4DCE97A6D1274116E7B27A3B94E395D479DC22D3DE14FFD,True,,False,False,U_NEG_UPSTREAM_WORSENING;D_NEG_NO_MEDIAN_IMPROVEMENT,,False,True,False,True,"[0.0, 102.0, 16.0, 0.0, 0.0, 0.0, 0.0, 0.0, 16.0]",58,0.0,0.0,102.0,114.0,122.0,1617.0,0,16,42,58,-0.136,-0.0885,-0.043,-0.028,-0.017,-4.796,6,0.0,0.0,0.0,0.0,0.0,0.0,0,0,6,6,0.011,0.040999999999999995,0.066,0.066,0.066,0.241,201,-116.0,0.0,0.0,0.0,84.0,-3346.0,54,10,137,201,-0.133,-0.038,-0.006,-0.003,-0.001,-7.99,384,-110.0,0.0,0.0,12.0,82.0,-3806.0,71,24,289,384,0.0,0.043,0.07,0.074,0.078,15.882,4032,-125.0,0.0,28.0,55.0,102.0,-9118.0,507,502,3023,4032,-0.133,0.357,0.894,1.023,1.334,1673.434
A_X100_Y100,100,100,88,112,84,116,333.0,144.0,1.0,825,13200,11048,2152,0.16424242424242425,"{""X2Y1"": 66, ""X3Y1"": 759}",True,NOT_PROVEN_WITHOUT_MOVED_FF_CONTROL_SET_REPLAY,NOT_PROVEN_READ_ONLY_SITE_INVENTORY_ONLY,16,FEATURE_BIN_1,16,863B9B0389C1B994C73ED0C57EC56A84FD6D317708E59D47B391DA86E44D3A8E,True,,False,False,U_NEG_UPSTREAM_WORSENING;U_PASS_UPSTREAM_INCREASE;D_NEG_NO_MEDIAN_IMPROVEMENT,,False,False,False,True,"[0.0, 107.0, 14.0, 2.0, 0.0, 0.0, 0.0, 0.0, 16.0]",58,0.0,0.0,107.0,115.0,123.0,1416.0,0,14,44,58,-0.136,-0.0885,-0.043,-0.028,-0.017,-4.796,6,0.0,0.0,115.0,115.0,115.0,213.0,0,2,4,6,0.011,0.040999999999999995,0.066,0.066,0.066,0.241,201,-106.0,0.0,0.0,0.0,51.0,-1832.0,39,9,153,201,-0.133,-0.038,-0.006,-0.003,-0.001,-7.99,384,-112.0,0.0,0.0,12.0,51.0,-4625.0,79,25,280,384,0.0,0.043,0.07,0.074,0.078,15.882,4032,-118.0,0.0,38.0,57.0,101.0,-4582.0,491,518,3023,4032,-0.133,0.357,0.894,1.023,1.334,1673.434
A_X100_Y100,100,100,88,112,84,116,333.0,144.0,1.0,825,13200,11048,2152,0.16424242424242425,"{""X2Y1"": 66, ""X3Y1"": 759}",True,NOT_PROVEN_WITHOUT_MOVED_FF_CONTROL_SET_REPLAY,NOT_PROVEN_READ_ONLY_SITE_INVENTORY_ONLY,16,FEATURE_BIN_2,16,18F6AC63D50EACD2B5F6CC669CA58252595A0313B759D7A0EC563D4D8CFF4410,True,,False,False,U_NEG_UPSTREAM_WORSENING;U_PASS_UPSTREAM_INCREASE;D_NEG_NO_MEDIAN_IMPROVEMENT,,False,False,False,True,"[0.0, 88.0, 14.0, 2.0, 0.0, 0.0, 0.0, 0.0, 16.0]",58,0.0,0.0,88.0,105.0,105.0,1244.0,0,14,44,58,-0.136,-0.0885,-0.043,-0.028,-0.017,-4.796,6,0.0,0.0,105.0,105.0,105.0,182.0,0,2,4,6,0.011,0.040999999999999995,0.066,0.066,0.066,0.241,201,-99.0,0.0,0.0,0.0,42.0,-3472.0,53,4,144,201,-0.133,-0.038,-0.006,-0.003,-0.001,-7.99,384,-92.0,0.0,0.0,3.0,53.0,-3206.0,64,21,299,384,0.0,0.043,0.07,0.074,0.078,15.882,4032,-109.0,0.0,34.0,48.0,88.0,-7258.0,486,526,3020,4032,-0.133,0.357,0.894,1.023,1.334,1673.434
A_X100_Y100,100,100,88,112,84,116,333.0,144.0,1.0,825,13200,11048,2152,0.16424242424242425,"{""X2Y1"": 66, ""X3Y1"": 759}",True,NOT_PROVEN_WITHOUT_MOVED_FF_CONTROL_SET_REPLAY,NOT_PROVEN_READ_ONLY_SITE_INVENTORY_ONLY,16,FEATURE_BIN_3,16,6D6B2605916DFCDD525A27838AC825D18C62B807369D6E6322040D77ED73CF54,True,,False,False,U_NEG_UPSTREAM_WORSENING;U_PASS_UPSTREAM_INCREASE;D_NEG_NO_MEDIAN_IMPROVEMENT,,False,False,False,True,"[0.0, 82.0, 14.0, 2.0, 0.0, 0.0, 0.0, 0.0, 16.0]",58,0.0,0.0,82.0,105.0,105.0,1180.0,0,14,44,58,-0.136,-0.0885,-0.043,-0.028,-0.017,-4.796,6,0.0,0.0,100.0,100.0,100.0,167.0,0,2,4,6,0.011,0.040999999999999995,0.066,0.066,0.066,0.241,201,-78.0,0.0,0.0,0.0,48.0,-1094.0,25,7,169,201,-0.133,-0.038,-0.006,-0.003,-0.001,-7.99,384,-106.0,0.0,0.0,32.0,49.0,-2777.0,68,31,285,384,0.0,0.043,0.07,0.074,0.078,15.882,4032,-106.0,0.0,38.0,49.0,98.0,-2662.0,480,516,3036,4032,-0.133,0.357,0.894,1.023,1.334,1673.434
A_X100_Y104,100,104,88,112,88,120,333.0,140.0,1.0,825,13200,11301,1899,0.1487121212121212,"{""X2Y1"": 64, ""X2Y2"": 2, ""X3Y1"": 736, ""X3Y2"": 23}",True,NOT_PROVEN_WITHOUT_MOVED_FF_CONTROL_SET_REPLAY,NOT_PROVEN_READ_ONLY_SITE_INVENTORY_ONLY,0,ALL_64,64,A49D88051B2D2E5D1255D4F806A7569CDA9B33A650A908566197031349AD8DB4,True,,False,False,U_NEG_UPSTREAM_WORSENING;U_PASS_UPSTREAM_INCREASE,,False,False,True,True,"[89.0, 111.0, 58.0, 6.0, -56.0, 24.0, -49.0, 8.0, 64.0]",58,51.0,89.0,111.0,115.0,119.0,5225.0,0,58,0,58,-0.136,-0.0885,-0.043,-0.028,-0.017,-4.796,6,63.0,95.0,111.0,111.0,111.0,538.0,0,6,0,6,0.011,0.040999999999999995,0.066,0.066,0.066,0.241,201,-112.0,-56.0,24.0,52.0,80.0,-9202.0,171,30,0,201,-0.133,-0.038,-0.006,-0.003,-0.001,-7.99,384,-108.0,-49.0,45.0,52.0,78.0,-13300.0,282,102,0,384,0.0,0.043,0.07,0.074,0.078,15.882,4032,-127.0,8.0,62.0,70.0,98.0,-17780.0,1959,2071,2,4032,-0.133,0.357,0.894,1.023,1.334,1673.434
A_X100_Y104,100,104,88,112,88,120,333.0,140.0,1.0,825,13200,11301,1899,0.14553030303030304,"{""X2Y1"": 64, ""X2Y2"": 2, ""X3Y1"": 736, ""X3Y2"": 23}",True,NOT_PROVEN_WITHOUT_MOVED_FF_CONTROL_SET_REPLAY,NOT_PROVEN_READ_ONLY_SITE_INVENTORY_ONLY,0,DEST_X2Y1_MAJOR,22,EC8295A18CFB3214990035A3C2A8A03B2248BEA56069D816345F1D2C0CC4741A,True,,False,False,U_NEG_UPSTREAM_WORSENING;D_NEG_NO_MEDIAN_IMPROVEMENT,,False,True,False,True,"[0.0, 101.0, 22.0, 0.0, 0.0, 18.0, 0.0, 0.0, 22.0]",58,0.0,0.0,101.0,110.0,111.0,1897.0,0,22,36,58,-0.136,-0.0885,-0.043,-0.028,-0.017,-4.796,6,0.0,0.0,0.0,0.0,0.0,0.0,0,0,6,6,0.011,0.040999999999999995,0.066,0.066,0.066,0.241,201,-83.0,0.0,18.0,52.0,80.0,-562.0,40,25,136,201,-0.133,-0.038,-0.006,-0.003,-0.001,-7.99,384,-108.0,0.0,28.0,48.0,78.0,-2477.0,84,58,242,384,0.0,0.043,0.07,0.074,0.078,15.882,4032,-110.0,0.0,50.0,56.0,98.0,-4666.0,662,722,2648,4032,-0.133,0.357,0.894,1.023,1.334,1673.434
A_X100_Y104,100,104,88,112,88,120,333.0,140.0,1.0,825,13200,11301,1899,0.14537878787878789,"{""X2Y1"": 64, ""X2Y2"": 2, ""X3Y1"": 736, ""X3Y2"": 23}",True,NOT_PROVEN_WITHOUT_MOVED_FF_CONTROL_SET_REPLAY,NOT_PROVEN_READ_ONLY_SITE_INVENTORY_ONLY,0,DEST_X3Y1_MAJOR,20,D8DF451BC1C4EF6032E28F4D3065B488CCF48FA9921667AB64B2E0E8D05D4049,True,,False,False,U_NEG_UPSTREAM_WORSENING;U_PASS_UPSTREAM_INCREASE,,False,False,True,True,"[0.0, 98.0, 15.0, 5.0, -50.0, 0.0, 0.0, 0.0, 20.0]",58,0.0,0.0,98.0,103.0,119.0,1404.0,0,15,43,58,-0.136,-0.0885,-0.043,-0.028,-0.017,-4.796,6,0.0,83.5,111.0,111.0,111.0,442.0,0,5,1,6,0.011,0.040999999999999995,0.066,0.066,0.066,0.241,201,-112.0,-50.0,0.0,0.0,45.0,-8098.0,121,5,75,201,-0.133,-0.038,-0.006,-0.003,-0.001,-7.99,384,-108.0,0.0,0.0,15.0,62.0,-8045.0,141,28,215,384,0.0,0.043,0.07,0.074,0.078,15.882,4032,-114.0,0.0,47.0,58.0,97.0,-5968.0,617,641,2774,4032,-0.133,0.357,0.894,1.023,1.334,1673.434
A_X100_Y104,100,104,88,112,88,120,333.0,140.0,1.0,825,13200,11301,1899,0.14553030303030304,"{""X2Y1"": 64, ""X2Y2"": 2, ""X3Y1"": 736, ""X3Y2"": 23}",True,NOT_PROVEN_WITHOUT_MOVED_FF_CONTROL_SET_REPLAY,NOT_PROVEN_READ_ONLY_SITE_INVENTORY_ONLY,0,DEST_MIXED_OR_OTHER,22,62A80A6BF2780309EBB7ACB65499DC33F9E420F49ABAF670FF853CD53D650A7D,True,,False,False,U_NEG_UPSTREAM_WORSENING;U_PASS_UPSTREAM_INCREASE;D_NEG_NO_MEDIAN_IMPROVEMENT,,False,False,False,True,"[0.0, 101.0, 21.0, 1.0, 0.0, 0.0, 0.0, 0.0, 22.0]",58,0.0,0.0,101.0,110.0,118.0,1924.0,0,21,37,58,-0.136,-0.0885,-0.043,-0.028,-0.017,-4.796,6,0.0,0.0,96.0,96.0,96.0,96.0,0,1,5,6,0.011,0.040999999999999995,0.066,0.066,0.066,0.241,201,-97.0,0.0,0.0,0.0,0.0,-542.0,10,0,191,201,-0.133,-0.038,-0.006,-0.003,-0.001,-7.99,384,-102.0,0.0,0.0,0.0,59.0,-2778.0,57,16,311,384,0.0,0.043,0.07,0.074,0.078,15.882,4032,-127.0,0.0,51.0,59.0,95.0,-7146.0,680,708,2644,4032,-0.133,0.357,0.894,1.023,1.334,1673.434
A_X100_Y104,100,104,88,112,88,120,333.0,140.0,1.0,825,13200,11301,1899,0.14507575757575758,"{""X2Y1"": 64, ""X2Y2"": 2, ""X3Y1"": 736, ""X3Y2"": 23}",True,NOT_PROVEN_WITHOUT_MOVED_FF_CONTROL_SET_REPLAY,NOT_PROVEN_READ_ONLY_SITE_INVENTORY_ONLY,0,FEATURE_BIN_0,16,25AFEB422DB3BDBEF4DCE97A6D1274116E7B27A3B94E395D479DC22D3DE14FFD,True,,False,False,U_NEG_UPSTREAM_WORSENING;D_NEG_NO_MEDIAN_IMPROVEMENT,,False,True,False,True,"[0.0, 98.0, 16.0, 0.0, 0.0, 0.0, 0.0, 0.0, 16.0]",58,0.0,0.0,98.0,110.0,118.0,1553.0,0,16,42,58,-0.136,-0.0885,-0.043,-0.028,-0.017,-4.796,6,0.0,0.0,0.0,0.0,0.0,0.0,0,0,6,6,0.011,0.040999999999999995,0.066,0.066,0.066,0.241,201,-112.0,0.0,0.0,0.0,80.0,-3194.0,54,10,137,201,-0.133,-0.038,-0.006,-0.003,-0.001,-7.99,384,-106.0,0.0,0.0,16.0,78.0,-3480.0,71,25,288,384,0.0,0.043,0.07,0.074,0.078,15.882,4032,-127.0,0.0,31.0,58.0,98.0,-7446.0,503,509,3020,4032,-0.133,0.357,0.894,1.023,1.334,1673.434
A_X100_Y104,100,104,88,112,88,120,333.0,140.0,1.0,825,13200,11301,1899,0.14507575757575758,"{""X2Y1"": 64, ""X2Y2"": 2, ""X3Y1"": 736, ""X3Y2"": 23}",True,NOT_PROVEN_WITHOUT_MOVED_FF_CONTROL_SET_REPLAY,NOT_PROVEN_READ_ONLY_SITE_INVENTORY_ONLY,0,FEATURE_BIN_1,16,863B9B0389C1B994C73ED0C57EC56A84FD6D317708E59D47B391DA86E44D3A8E,True,,False,False,U_NEG_UPSTREAM_WORSENING;U_PASS_UPSTREAM_INCREASE;D_NEG_NO_MEDIAN_IMPROVEMENT,,False,False,False,True,"[0.0, 103.0, 14.0, 2.0, 0.0, 0.0, 0.0, 0.0, 16.0]",58,0.0,0.0,103.0,111.0,119.0,1360.0,0,14,44,58,-0.136,-0.0885,-0.043,-0.028,-0.017,-4.796,6,0.0,0.0,111.0,111.0,111.0,205.0,0,2,4,6,0.011,0.040999999999999995,0.066,0.066,0.066,0.241,201,-108.0,0.0,0.0,0.0,55.0,-1696.0,39,9,153,201,-0.133,-0.038,-0.006,-0.003,-0.001,-7.99,384,-108.0,0.0,0.0,16.0,55.0,-4377.0,79,25,280,384,0.0,0.043,0.07,0.074,0.078,15.882,4032,-116.0,0.0,40.0,60.0,97.0,-3152.0,490,521,3021,4032,-0.133,0.357,0.894,1.023,1.334,1673.434
A_X100_Y104,100,104,88,112,88,120,333.0,140.0,1.0,825,13200,11301,1899,0.14507575757575758,"{""X2Y1"": 64, ""X2Y2"": 2, ""X3Y1"": 736, ""X3Y2"": 23}",True,NOT_PROVEN_WITHOUT_MOVED_FF_CONTROL_SET_REPLAY,NOT_PROVEN_READ_ONLY_SITE_INVENTORY_ONLY,0,FEATURE_BIN_2,16,18F6AC63D50EACD2B5F6CC669CA58252595A0313B759D7A0EC563D4D8CFF4410,True,,False,False,U_NEG_UPSTREAM_WORSENING;U_PASS_UPSTREAM_INCREASE;D_NEG_NO_MEDIAN_IMPROVEMENT,,False,False,False,True,"[0.0, 84.0, 14.0, 2.0, 0.0, 0.0, 0.0, 0.0, 16.0]",58,0.0,0.0,84.0,101.0,101.0,1188.0,0,14,44,58,-0.136,-0.0885,-0.043,-0.028,-0.017,-4.796,6,0.0,0.0,101.0,101.0,101.0,174.0,0,2,4,6,0.011,0.040999999999999995,0.066,0.066,0.066,0.241,201,-102.0,0.0,0.0,0.0,46.0,-3306.0,53,4,144,201,-0.133,-0.038,-0.006,-0.003,-0.001,-7.99,384,-96.0,0.0,0.0,7.0,57.0,-2966.0,64,21,299,384,0.0,0.043,0.07,0.074,0.078,15.882,4032,-109.0,0.0,36.0,49.0,84.0,-5868.0,488,523,3021,4032,-0.133,0.357,0.894,1.023,1.334,1673.434
A_X100_Y104,100,104,88,112,88,120,333.0,140.0,1.0,825,13200,11301,1899,0.14507575757575758,"{""X2Y1"": 64, ""X2Y2"": 2, ""X3Y1"": 736, ""X3Y2"": 23}",True,NOT_PROVEN_WITHOUT_MOVED_FF_CONTROL_SET_REPLAY,NOT_PROVEN_READ_ONLY_SITE_INVENTORY_ONLY,0,FEATURE_BIN_3,16,6D6B2605916DFCDD525A27838AC825D18C62B807369D6E6322040D77ED73CF54,True,,False,False,U_NEG_UPSTREAM_WORSENING;U_PASS_UPSTREAM_INCREASE;D_NEG_NO_MEDIAN_IMPROVEMENT,,False,False,False,True,"[0.0, 78.0, 14.0, 2.0, 0.0, 0.0, 0.0, 0.0, 16.0]",58,0.0,0.0,78.0,101.0,101.0,1124.0,0,14,44,58,-0.136,-0.0885,-0.043,-0.028,-0.017,-4.796,6,0.0,0.0,96.0,96.0,96.0,159.0,0,2,4,6,0.011,0.040999999999999995,0.066,0.066,0.066,0.241,201,-74.0,0.0,0.0,0.0,52.0,-1006.0,25,7,169,201,-0.133,-0.038,-0.006,-0.003,-0.001,-7.99,384,-102.0,0.0,0.0,36.0,53.0,-2477.0,68,31,285,384,0.0,0.043,0.07,0.074,0.078,15.882,4032,-104.0,0.0,42.0,52.0,94.0,-1314.0,478,518,3036,4032,-0.133,0.357,0.894,1.023,1.334,1673.434
A_X100_Y108,100,108,88,112,92,124,333.0,136.0,1.0,825,13200,11595,1605,0.12643939393939393,"{""X2Y1"": 56, ""X2Y2"": 10, ""X3Y1"": 644, ""X3Y2"": 115}",True,NOT_PROVEN_WITHOUT_MOVED_FF_CONTROL_SET_REPLAY,NOT_PROVEN_READ_ONLY_SITE_INVENTORY_ONLY,0,ALL_64,64,A49D88051B2D2E5D1255D4F806A7569CDA9B33A650A908566197031349AD8DB4,True,,False,False,U_NEG_UPSTREAM_WORSENING;U_PASS_UPSTREAM_INCREASE,,False,False,True,True,"[85.0, 107.0, 58.0, 6.0, -54.0, 28.0, -45.5, 12.0, 64.0]",58,47.0,85.0,107.0,111.0,115.0,4993.0,0,58,0,58,-0.136,-0.0885,-0.043,-0.028,-0.017,-4.796,6,59.0,91.0,107.0,107.0,107.0,514.0,0,6,0,6,0.011,0.040999999999999995,0.066,0.066,0.066,0.241,201,-110.0,-54.0,28.0,56.0,76.0,-8602.0,171,30,0,201,-0.133,-0.038,-0.006,-0.003,-0.001,-7.99,384,-110.0,-45.5,49.0,56.0,74.0,-12058.0,282,102,0,384,0.0,0.043,0.07,0.074,0.078,15.882,4032,-123.0,12.0,63.0,66.0,94.0,-9376.0,1961,2070,1,4032,-0.133,0.357,0.894,1.023,1.334,1673.434
A_X100_Y108,100,108,88,112,92,124,333.0,136.0,1.0,825,13200,11595,1605,0.12325757575757576,"{""X2Y1"": 56, ""X2Y2"": 10, ""X3Y1"": 644, ""X3Y2"": 115}",True,NOT_PROVEN_WITHOUT_MOVED_FF_CONTROL_SET_REPLAY,NOT_PROVEN_READ_ONLY_SITE_INVENTORY_ONLY,0,DEST_X2Y1_MAJOR,22,EC8295A18CFB3214990035A3C2A8A03B2248BEA56069D816345F1D2C0CC4741A,True,,False,False,U_NEG_UPSTREAM_WORSENING;D_NEG_NO_MEDIAN_IMPROVEMENT,,False,True,False,True,"[0.0, 97.0, 22.0, 0.0, 0.0, 22.0, 0.0, 0.0, 22.0]",58,0.0,0.0,97.0,106.0,107.0,1809.0,0,22,36,58,-0.136,-0.0885,-0.043,-0.028,-0.017,-4.796,6,0.0,0.0,0.0,0.0,0.0,0.0,0,0,6,6,0.011,0.040999999999999995,0.066,0.066,0.066,0.241,201,-79.0,0.0,22.0,56.0,76.0,-328.0,40,25,136,201,-0.133,-0.038,-0.006,-0.003,-0.001,-7.99,384,-104.0,0.0,32.0,52.0,74.0,-1979.0,84,58,242,384,0.0,0.043,0.07,0.074,0.078,15.882,4032,-107.0,0.0,52.0,58.0,94.0,-1924.0,662,722,2648,4032,-0.133,0.357,0.894,1.023,1.334,1673.434
A_X100_Y108,100,108,88,112,92,124,333.0,136.0,1.0,825,13200,11595,1605,0.12310606060606061,"{""X2Y1"": 56, ""X2Y2"": 10, ""X3Y1"": 644, ""X3Y2"": 115}",True,NOT_PROVEN_WITHOUT_MOVED_FF_CONTROL_SET_REPLAY,NOT_PROVEN_READ_ONLY_SITE_INVENTORY_ONLY,0,DEST_X3Y1_MAJOR,20,D8DF451BC1C4EF6032E28F4D3065B488CCF48FA9921667AB64B2E0E8D05D4049,True,,False,False,U_NEG_UPSTREAM_WORSENING;U_PASS_UPSTREAM_INCREASE,,False,False,True,True,"[0.0, 94.0, 15.0, 5.0, -47.0, 0.0, 0.0, 0.0, 20.0]",58,0.0,0.0,94.0,99.0,115.0,1344.0,0,15,43,58,-0.136,-0.0885,-0.043,-0.028,-0.017,-4.796,6,0.0,79.5,107.0,107.0,107.0,422.0,0,5,1,6,0.011,0.040999999999999995,0.066,0.066,0.066,0.241,201,-110.0,-47.0,0.0,0.0,49.0,-7752.0,121,5,75,201,-0.133,-0.038,-0.006,-0.003,-0.001,-7.99,384,-110.0,0.0,0.0,19.0,66.0,-7513.0,141,28,215,384,0.0,0.043,0.07,0.074,0.078,15.882,4032,-116.0,0.0,50.0,59.0,93.0,-3316.0,618,642,2772,4032,-0.133,0.357,0.894,1.023,1.334,1673.434
A_X100_Y108,100,108,88,112,92,124,333.0,136.0,1.0,825,13200,11595,1605,0.12325757575757576,"{""X2Y1"": 56, ""X2Y2"": 10, ""X3Y1"": 644, ""X3Y2"": 115}",True,NOT_PROVEN_WITHOUT_MOVED_FF_CONTROL_SET_REPLAY,NOT_PROVEN_READ_ONLY_SITE_INVENTORY_ONLY,0,DEST_MIXED_OR_OTHER,22,62A80A6BF2780309EBB7ACB65499DC33F9E420F49ABAF670FF853CD53D650A7D,True,,False,False,U_NEG_UPSTREAM_WORSENING;U_PASS_UPSTREAM_INCREASE;D_NEG_NO_MEDIAN_IMPROVEMENT,,False,False,False,True,"[0.0, 97.0, 21.0, 1.0, 0.0, 0.0, 0.0, 0.0, 22.0]",58,0.0,0.0,97.0,106.0,114.0,1840.0,0,21,37,58,-0.136,-0.0885,-0.043,-0.028,-0.017,-4.796,6,0.0,0.0,92.0,92.0,92.0,92.0,0,1,5,6,0.011,0.040999999999999995,0.066,0.066,0.066,0.241,201,-97.0,0.0,0.0,0.0,0.0,-522.0,10,0,191,201,-0.133,-0.038,-0.006,-0.003,-0.001,-7.99,384,-106.0,0.0,0.0,0.0,63.0,-2566.0,57,16,311,384,0.0,0.043,0.07,0.074,0.078,15.882,4032,-123.0,0.0,55.0,61.0,91.0,-4136.0,681,706,2645,4032,-0.133,0.357,0.894,1.023,1.334,1673.434
A_X100_Y108,100,108,88,112,92,124,333.0,136.0,1.0,825,13200,11595,1605,0.1228030303030303,"{""X2Y1"": 56, ""X2Y2"": 10, ""X3Y1"": 644, ""X3Y2"": 115}",True,NOT_PROVEN_WITHOUT_MOVED_FF_CONTROL_SET_REPLAY,NOT_PROVEN_READ_ONLY_SITE_INVENTORY_ONLY,0,FEATURE_BIN_0,16,25AFEB422DB3BDBEF4DCE97A6D1274116E7B27A3B94E395D479DC22D3DE14FFD,True,,False,False,U_NEG_UPSTREAM_WORSENING;D_NEG_NO_MEDIAN_IMPROVEMENT,,False,True,False,True,"[0.0, 94.0, 16.0, 0.0, 0.0, 0.0, 0.0, 0.0, 16.0]",58,0.0,0.0,94.0,106.0,114.0,1489.0,0,16,42,58,-0.136,-0.0885,-0.043,-0.028,-0.017,-4.796,6,0.0,0.0,0.0,0.0,0.0,0.0,0,0,6,6,0.011,0.040999999999999995,0.066,0.066,0.066,0.241,201,-108.0,0.0,0.0,0.0,76.0,-3030.0,54,10,137,201,-0.133,-0.038,-0.006,-0.003,-0.001,-7.99,384,-102.0,0.0,0.0,20.0,74.0,-3142.0,71,25,288,384,0.0,0.043,0.07,0.074,0.078,15.882,4032,-123.0,0.0,35.0,61.0,94.0,-5086.0,503,509,3020,4032,-0.133,0.357,0.894,1.023,1.334,1673.434
A_X100_Y108,100,108,88,112,92,124,333.0,136.0,1.0,825,13200,11595,1605,0.1228030303030303,"{""X2Y1"": 56, ""X2Y2"": 10, ""X3Y1"": 644, ""X3Y2"": 115}",True,NOT_PROVEN_WITHOUT_MOVED_FF_CONTROL_SET_REPLAY,NOT_PROVEN_READ_ONLY_SITE_INVENTORY_ONLY,0,FEATURE_BIN_1,16,863B9B0389C1B994C73ED0C57EC56A84FD6D317708E59D47B391DA86E44D3A8E,True,,False,False,U_NEG_UPSTREAM_WORSENING;U_PASS_UPSTREAM_INCREASE;D_NEG_NO_MEDIAN_IMPROVEMENT,,False,False,False,True,"[0.0, 99.0, 14.0, 2.0, 0.0, 0.0, 0.0, 0.0, 16.0]",58,0.0,0.0,99.0,107.0,115.0,1304.0,0,14,44,58,-0.136,-0.0885,-0.043,-0.028,-0.017,-4.796,6,0.0,0.0,107.0,107.0,107.0,197.0,0,2,4,6,0.011,0.040999999999999995,0.066,0.066,0.066,0.241,201,-110.0,0.0,0.0,0.0,59.0,-1550.0,39,9,153,201,-0.133,-0.038,-0.006,-0.003,-0.001,-7.99,384,-110.0,0.0,0.0,20.0,59.0,-4091.0,79,25,280,384,0.0,0.043,0.07,0.074,0.078,15.882,4032,-120.0,0.0,44.0,59.0,93.0,-1234.0,490,522,3020,4032,-0.133,0.357,0.894,1.023,1.334,1673.434
A_X100_Y108,100,108,88,112,92,124,333.0,136.0,1.0,825,13200,11595,1605,0.1228030303030303,"{""X2Y1"": 56, ""X2Y2"": 10, ""X3Y1"": 644, ""X3Y2"": 115}",True,NOT_PROVEN_WITHOUT_MOVED_FF_CONTROL_SET_REPLAY,NOT_PROVEN_READ_ONLY_SITE_INVENTORY_ONLY,0,FEATURE_BIN_2,16,18F6AC63D50EACD2B5F6CC669CA58252595A0313B759D7A0EC563D4D8CFF4410,True,,False,False,U_NEG_UPSTREAM_WORSENING;U_PASS_UPSTREAM_INCREASE;D_NEG_NO_MEDIAN_IMPROVEMENT,,False,False,False,True,"[0.0, 80.0, 14.0, 2.0, 0.0, 0.0, 0.0, 0.0, 16.0]",58,0.0,0.0,80.0,97.0,97.0,1132.0,0,14,44,58,-0.136,-0.0885,-0.043,-0.028,-0.017,-4.796,6,0.0,0.0,97.0,97.0,97.0,166.0,0,2,4,6,0.011,0.040999999999999995,0.066,0.066,0.066,0.241,201,-104.0,0.0,0.0,0.0,50.0,-3116.0,53,4,144,201,-0.133,-0.038,-0.006,-0.003,-0.001,-7.99,384,-96.0,0.0,0.0,11.0,61.0,-2682.0,64,21,299,384,0.0,0.043,0.07,0.074,0.078,15.882,4032,-107.0,0.0,40.0,52.0,80.0,-3770.0,488,524,3020,4032,-0.133,0.357,0.894,1.023,1.334,1673.434
A_X100_Y108,100,108,88,112,92,124,333.0,136.0,1.0,825,13200,11595,1605,0.1228030303030303,"{""X2Y1"": 56, ""X2Y2"": 10, ""X3Y1"": 644, ""X3Y2"": 115}",True,NOT_PROVEN_WITHOUT_MOVED_FF_CONTROL_SET_REPLAY,NOT_PROVEN_READ_ONLY_SITE_INVENTORY_ONLY,0,FEATURE_BIN_3,16,6D6B2605916DFCDD525A27838AC825D18C62B807369D6E6322040D77ED73CF54,True,,False,False,U_NEG_UPSTREAM_WORSENING;U_PASS_UPSTREAM_INCREASE;D_NEG_NO_MEDIAN_IMPROVEMENT,,False,False,False,True,"[0.0, 74.0, 14.0, 2.0, 0.0, 0.0, 0.0, 0.0, 16.0]",58,0.0,0.0,74.0,97.0,97.0,1068.0,0,14,44,58,-0.136,-0.0885,-0.043,-0.028,-0.017,-4.796,6,0.0,0.0,92.0,92.0,92.0,151.0,0,2,4,6,0.011,0.040999999999999995,0.066,0.066,0.066,0.241,201,-70.0,0.0,0.0,0.0,56.0,-906.0,25,7,169,201,-0.133,-0.038,-0.006,-0.003,-0.001,-7.99,384,-98.0,0.0,0.0,40.0,57.0,-2143.0,68,31,285,384,0.0,0.043,0.07,0.074,0.078,15.882,4032,-102.0,0.0,46.0,56.0,90.0,714.0,480,515,3037,4032,-0.133,0.357,0.894,1.023,1.334,1673.434
A_X100_Y112,100,112,88,112,96,128,333.0,132.0,1.0,825,13200,11907,1293,0.1028030303030303,"{""X2Y1"": 48, ""X2Y2"": 18, ""X3Y1"": 552, ""X3Y2"": 207}",True,NOT_PROVEN_WITHOUT_MOVED_FF_CONTROL_SET_REPLAY,NOT_PROVEN_READ_ONLY_SITE_INVENTORY_ONLY,0,ALL_64,64,A49D88051B2D2E5D1255D4F806A7569CDA9B33A650A908566197031349AD8DB4,True,,False,False,U_NEG_UPSTREAM_WORSENING;U_PASS_UPSTREAM_INCREASE,,False,False,True,True,"[81.0, 103.0, 58.0, 6.0, -50.0, 32.0, -41.5, 16.0, 64.0]",58,43.0,81.0,103.0,107.0,111.0,4761.0,0,58,0,58,-0.136,-0.0885,-0.043,-0.028,-0.017,-4.796,6,55.0,87.0,103.0,103.0,103.0,490.0,0,6,0,6,0.011,0.040999999999999995,0.066,0.066,0.066,0.241,201,-106.0,-50.0,32.0,60.0,72.0,-7884.0,171,30,0,201,-0.133,-0.038,-0.006,-0.003,-0.001,-7.99,384,-106.0,-41.5,53.0,60.0,70.0,-10658.0,280,104,0,384,0.0,0.043,0.07,0.074,0.078,15.882,4032,-119.0,16.0,65.0,69.0,90.0,2666.0,1939,2093,0,4032,-0.133,0.357,0.894,1.023,1.334,1673.434
A_X100_Y112,100,112,88,112,96,128,333.0,132.0,1.0,825,13200,11907,1293,0.09962121212121212,"{""X2Y1"": 48, ""X2Y2"": 18, ""X3Y1"": 552, ""X3Y2"": 207}",True,NOT_PROVEN_WITHOUT_MOVED_FF_CONTROL_SET_REPLAY,NOT_PROVEN_READ_ONLY_SITE_INVENTORY_ONLY,0,DEST_X2Y1_MAJOR,22,EC8295A18CFB3214990035A3C2A8A03B2248BEA56069D816345F1D2C0CC4741A,True,,False,False,U_NEG_UPSTREAM_WORSENING;D_NEG_NO_MEDIAN_IMPROVEMENT,,False,True,False,True,"[0.0, 93.0, 22.0, 0.0, 0.0, 26.0, 0.0, 0.0, 22.0]",58,0.0,0.0,93.0,102.0,103.0,1721.0,0,22,36,58,-0.136,-0.0885,-0.043,-0.028,-0.017,-4.796,6,0.0,0.0,0.0,0.0,0.0,0.0,0,0,6,6,0.011,0.040999999999999995,0.066,0.066,0.066,0.241,201,-75.0,0.0,26.0,60.0,72.0,-88.0,40,25,136,201,-0.133,-0.038,-0.006,-0.003,-0.001,-7.99,384,-100.0,0.0,36.0,56.0,70.0,-1441.0,82,60,242,384,0.0,0.043,0.07,0.074,0.078,15.882,4032,-103.0,0.0,55.0,62.0,90.0,2042.0,652,732,2648,4032,-0.133,0.357,0.894,1.023,1.334,1673.434
A_X100_Y112,100,112,88,112,96,128,333.0,132.0,1.0,825,13200,11907,1293,0.09946969696969697,"{""X2Y1"": 48, ""X2Y2"": 18, ""X3Y1"": 552, ""X3Y2"": 207}",True,NOT_PROVEN_WITHOUT_MOVED_FF_CONTROL_SET_REPLAY,NOT_PROVEN_READ_ONLY_SITE_INVENTORY_ONLY,0,DEST_X3Y1_MAJOR,20,D8DF451BC1C4EF6032E28F4D3065B488CCF48FA9921667AB64B2E0E8D05D4049,True,,False,False,U_NEG_UPSTREAM_WORSENING;U_PASS_UPSTREAM_INCREASE,,False,False,True,True,"[0.0, 90.0, 15.0, 5.0, -43.0, 0.0, 0.0, 0.0, 20.0]",58,0.0,0.0,90.0,95.0,111.0,1284.0,0,15,43,58,-0.136,-0.0885,-0.043,-0.028,-0.017,-4.796,6,0.0,75.5,103.0,103.0,103.0,402.0,0,5,1,6,0.011,0.040999999999999995,0.066,0.066,0.066,0.241,201,-106.0,-43.0,0.0,0.0,53.0,-7310.0,121,5,75,201,-0.133,-0.038,-0.006,-0.003,-0.001,-7.99,384,-106.0,0.0,0.0,23.0,70.0,-6911.0,141,28,215,384,0.0,0.043,0.07,0.074,0.078,15.882,4032,-112.0,0.0,54.0,61.0,89.0,462.0,611,649,2772,4032,-0.133,0.357,0.894,1.023,1.334,1673.434
A_X100_Y112,100,112,88,112,96,128,333.0,132.0,1.0,825,13200,11907,1293,0.09962121212121212,"{""X2Y1"": 48, ""X2Y2"": 18, ""X3Y1"": 552, ""X3Y2"": 207}",True,NOT_PROVEN_WITHOUT_MOVED_FF_CONTROL_SET_REPLAY,NOT_PROVEN_READ_ONLY_SITE_INVENTORY_ONLY,0,DEST_MIXED_OR_OTHER,22,62A80A6BF2780309EBB7ACB65499DC33F9E420F49ABAF670FF853CD53D650A7D,True,,False,False,U_NEG_UPSTREAM_WORSENING;U_PASS_UPSTREAM_INCREASE;D_NEG_NO_MEDIAN_IMPROVEMENT,,False,False,False,True,"[0.0, 93.0, 21.0, 1.0, 0.0, 0.0, 0.0, 0.0, 22.0]",58,0.0,0.0,93.0,102.0,110.0,1756.0,0,21,37,58,-0.136,-0.0885,-0.043,-0.028,-0.017,-4.796,6,0.0,0.0,88.0,88.0,88.0,88.0,0,1,5,6,0.011,0.040999999999999995,0.066,0.066,0.066,0.241,201,-93.0,0.0,0.0,0.0,0.0,-486.0,10,0,191,201,-0.133,-0.038,-0.006,-0.003,-0.001,-7.99,384,-106.0,0.0,0.0,0.0,67.0,-2306.0,57,16,311,384,0.0,0.043,0.07,0.074,0.078,15.882,4032,-119.0,0.0,59.0,65.0,87.0,162.0,676,712,2644,4032,-0.133,0.357,0.894,1.023,1.334,1673.434
A_X100_Y112,100,112,88,112,96,128,333.0,132.0,1.0,825,13200,11907,1293,0.09916666666666667,"{""X2Y1"": 48, ""X2Y2"": 18, ""X3Y1"": 552, ""X3Y2"": 207}",True,NOT_PROVEN_WITHOUT_MOVED_FF_CONTROL_SET_REPLAY,NOT_PROVEN_READ_ONLY_SITE_INVENTORY_ONLY,0,FEATURE_BIN_0,16,25AFEB422DB3BDBEF4DCE97A6D1274116E7B27A3B94E395D479DC22D3DE14FFD,True,,False,False,U_NEG_UPSTREAM_WORSENING;D_NEG_NO_MEDIAN_IMPROVEMENT,,False,True,False,True,"[0.0, 90.0, 16.0, 0.0, 0.0, 0.0, 0.0, 0.0, 16.0]",58,0.0,0.0,90.0,102.0,110.0,1425.0,0,16,42,58,-0.136,-0.0885,-0.043,-0.028,-0.017,-4.796,6,0.0,0.0,0.0,0.0,0.0,0.0,0,0,6,6,0.011,0.040999999999999995,0.066,0.066,0.066,0.241,201,-104.0,0.0,0.0,0.0,72.0,-2806.0,54,10,137,201,-0.133,-0.038,-0.006,-0.003,-0.001,-7.99,384,-98.0,0.0,0.0,24.0,70.0,-2780.0,71,25,288,384,0.0,0.043,0.07,0.074,0.078,15.882,4032,-119.0,0.0,39.0,64.0,90.0,-1800.0,498,514,3020,4032,-0.133,0.357,0.894,1.023,1.334,1673.434
A_X100_Y112,100,112,88,112,96,128,333.0,132.0,1.0,825,13200,11907,1293,0.09916666666666667,"{""X2Y1"": 48, ""X2Y2"": 18, ""X3Y1"": 552, ""X3Y2"": 207}",True,NOT_PROVEN_WITHOUT_MOVED_FF_CONTROL_SET_REPLAY,NOT_PROVEN_READ_ONLY_SITE_INVENTORY_ONLY,0,FEATURE_BIN_1,16,863B9B0389C1B994C73ED0C57EC56A84FD6D317708E59D47B391DA86E44D3A8E,True,,False,False,U_NEG_UPSTREAM_WORSENING;U_PASS_UPSTREAM_INCREASE;D_NEG_NO_MEDIAN_IMPROVEMENT,,False,False,False,True,"[0.0, 95.0, 14.0, 2.0, 0.0, 0.0, 0.0, 0.0, 16.0]",58,0.0,0.0,95.0,103.0,111.0,1248.0,0,14,44,58,-0.136,-0.0885,-0.043,-0.028,-0.017,-4.796,6,0.0,0.0,103.0,103.0,103.0,189.0,0,2,4,6,0.011,0.040999999999999995,0.066,0.066,0.066,0.241,201,-106.0,0.0,0.0,0.0,63.0,-1386.0,39,9,153,201,-0.133,-0.038,-0.006,-0.003,-0.001,-7.99,384,-106.0,0.0,0.0,24.0,63.0,-3757.0,77,27,280,384,0.0,0.043,0.07,0.074,0.078,15.882,4032,-116.0,0.0,48.0,62.0,89.0,1610.0,479,533,3020,4032,-0.133,0.357,0.894,1.023,1.334,1673.434
A_X100_Y112,100,112,88,112,96,128,333.0,132.0,1.0,825,13200,11907,1293,0.09916666666666667,"{""X2Y1"": 48, ""X2Y2"": 18, ""X3Y1"": 552, ""X3Y2"": 207}",True,NOT_PROVEN_WITHOUT_MOVED_FF_CONTROL_SET_REPLAY,NOT_PROVEN_READ_ONLY_SITE_INVENTORY_ONLY,0,FEATURE_BIN_2,16,18F6AC63D50EACD2B5F6CC669CA58252595A0313B759D7A0EC563D4D8CFF4410,True,,False,False,U_NEG_UPSTREAM_WORSENING;U_PASS_UPSTREAM_INCREASE;D_NEG_NO_MEDIAN_IMPROVEMENT,,False,False,False,True,"[0.0, 76.0, 14.0, 2.0, 0.0, 0.0, 0.0, 0.0, 16.0]",58,0.0,0.0,76.0,93.0,93.0,1076.0,0,14,44,58,-0.136,-0.0885,-0.043,-0.028,-0.017,-4.796,6,0.0,0.0,93.0,93.0,93.0,158.0,0,2,4,6,0.011,0.040999999999999995,0.066,0.066,0.066,0.241,201,-100.0,0.0,0.0,0.0,54.0,-2890.0,53,4,144,201,-0.133,-0.038,-0.006,-0.003,-0.001,-7.99,384,-92.0,0.0,0.0,15.0,65.0,-2346.0,64,21,299,384,0.0,0.043,0.07,0.074,0.078,15.882,4032,-103.0,0.0,44.0,55.0,76.0,-724.0,484,528,3020,4032,-0.133,0.357,0.894,1.023,1.334,1673.434
A_X100_Y112,100,112,88,112,96,128,333.0,132.0,1.0,825,13200,11907,1293,0.09916666666666667,"{""X2Y1"": 48, ""X2Y2"": 18, ""X3Y1"": 552, ""X3Y2"": 207}",True,NOT_PROVEN_WITHOUT_MOVED_FF_CONTROL_SET_REPLAY,NOT_PROVEN_READ_ONLY_SITE_INVENTORY_ONLY,0,FEATURE_BIN_3,16,6D6B2605916DFCDD525A27838AC825D18C62B807369D6E6322040D77ED73CF54,True,,False,False,U_NEG_UPSTREAM_WORSENING;U_PASS_UPSTREAM_INCREASE;D_NEG_NO_MEDIAN_IMPROVEMENT,,False,False,False,True,"[0.0, 70.0, 14.0, 2.0, 0.0, 0.0, 0.0, 0.0, 16.0]",58,0.0,0.0,70.0,93.0,93.0,1012.0,0,14,44,58,-0.136,-0.0885,-0.043,-0.028,-0.017,-4.796,6,0.0,0.0,88.0,88.0,88.0,143.0,0,2,4,6,0.011,0.040999999999999995,0.066,0.066,0.066,0.241,201,-73.0,0.0,0.0,0.0,60.0,-802.0,25,7,169,201,-0.133,-0.038,-0.006,-0.003,-0.001,-7.99,384,-94.0,0.0,0.0,44.0,61.0,-1775.0,68,31,285,384,0.0,0.043,0.07,0.074,0.078,15.882,4032,-98.0,0.0,50.0,59.0,86.0,3580.0,478,518,3036,4032,-0.133,0.357,0.894,1.023,1.334,1673.434
A_X100_Y116,100,116,88,112,100,132,333.0,128.0,1.0,825,13200,12189,1011,0.08143939393939394,"{""X2Y1"": 40, ""X2Y2"": 26, ""X3Y1"": 460, ""X3Y2"": 299}",True,NOT_PROVEN_WITHOUT_MOVED_FF_CONTROL_SET_REPLAY,NOT_PROVEN_READ_ONLY_SITE_INVENTORY_ONLY,0,ALL_64,64,A49D88051B2D2E5D1255D4F806A7569CDA9B33A650A908566197031349AD8DB4,True,,False,False,U_NEG_UPSTREAM_WORSENING;U_PASS_UPSTREAM_INCREASE,,False,False,True,True,"[77.0, 99.0, 58.0, 6.0, -46.0, 36.0, -37.5, 20.0, 64.0]",58,39.0,77.0,99.0,103.0,107.0,4529.0,0,58,0,58,-0.136,-0.0885,-0.043,-0.028,-0.017,-4.796,6,51.0,83.0,99.0,99.0,99.0,466.0,0,6,0,6,0.011,0.040999999999999995,0.066,0.066,0.066,0.241,201,-102.0,-46.0,36.0,64.0,68.0,-7102.0,171,30,0,201,-0.133,-0.038,-0.006,-0.003,-0.001,-7.99,384,-102.0,-37.5,57.0,64.0,74.0,-9136.0,275,108,1,384,0.0,0.043,0.07,0.074,0.078,15.882,4032,-115.0,20.0,68.0,71.0,86.0,17430.0,1922,2106,4,4032,-0.133,0.357,0.894,1.023,1.334,1673.434
A_X100_Y116,100,116,88,112,100,132,333.0,128.0,1.0,825,13200,12189,1011,0.07825757575757576,"{""X2Y1"": 40, ""X2Y2"": 26, ""X3Y1"": 460, ""X3Y2"": 299}",True,NOT_PROVEN_WITHOUT_MOVED_FF_CONTROL_SET_REPLAY,NOT_PROVEN_READ_ONLY_SITE_INVENTORY_ONLY,0,DEST_X2Y1_MAJOR,22,EC8295A18CFB3214990035A3C2A8A03B2248BEA56069D816345F1D2C0CC4741A,True,,False,False,U_NEG_UPSTREAM_WORSENING;D_NEG_NO_MEDIAN_IMPROVEMENT,,False,True,False,True,"[0.0, 89.0, 22.0, 0.0, 0.0, 30.0, 0.0, 0.0, 22.0]",58,0.0,0.0,89.0,98.0,99.0,1633.0,0,22,36,58,-0.136,-0.0885,-0.043,-0.028,-0.017,-4.796,6,0.0,0.0,0.0,0.0,0.0,0.0,0,0,6,6,0.011,0.040999999999999995,0.066,0.066,0.066,0.241,201,-71.0,0.0,30.0,64.0,68.0,156.0,40,25,136,201,-0.133,-0.038,-0.006,-0.003,-0.001,-7.99,384,-96.0,0.0,40.0,60.0,67.0,-881.0,81,60,243,384,0.0,0.043,0.07,0.074,0.078,15.882,4032,-99.0,0.0,59.0,66.0,86.0,6964.0,648,734,2650,4032,-0.133,0.357,0.894,1.023,1.334,1673.434
A_X100_Y116,100,116,88,112,100,132,333.0,128.0,1.0,825,13200,12189,1011,0.07810606060606061,"{""X2Y1"": 40, ""X2Y2"": 26, ""X3Y1"": 460, ""X3Y2"": 299}",True,NOT_PROVEN_WITHOUT_MOVED_FF_CONTROL_SET_REPLAY,NOT_PROVEN_READ_ONLY_SITE_INVENTORY_ONLY,0,DEST_X3Y1_MAJOR,20,D8DF451BC1C4EF6032E28F4D3065B488CCF48FA9921667AB64B2E0E8D05D4049,True,,False,False,U_NEG_UPSTREAM_WORSENING;U_PASS_UPSTREAM_INCREASE,,False,False,True,True,"[0.0, 86.0, 15.0, 5.0, -39.0, 0.0, 0.0, 0.0, 20.0]",58,0.0,0.0,86.0,91.0,107.0,1224.0,0,15,43,58,-0.136,-0.0885,-0.043,-0.028,-0.017,-4.796,6,0.0,71.5,99.0,99.0,99.0,382.0,0,5,1,6,0.011,0.040999999999999995,0.066,0.066,0.066,0.241,201,-102.0,-39.0,0.0,0.0,57.0,-6812.0,121,5,75,201,-0.133,-0.038,-0.006,-0.003,-0.001,-7.99,384,-102.0,0.0,0.0,27.0,74.0,-6241.0,137,32,215,384,0.0,0.043,0.07,0.074,0.078,15.882,4032,-108.0,0.0,58.0,65.0,85.0,5058.0,602,658,2772,4032,-0.133,0.357,0.894,1.023,1.334,1673.434
A_X100_Y116,100,116,88,112,100,132,333.0,128.0,1.0,825,13200,12189,1011,0.07825757575757576,"{""X2Y1"": 40, ""X2Y2"": 26, ""X3Y1"": 460, ""X3Y2"": 299}",True,NOT_PROVEN_WITHOUT_MOVED_FF_CONTROL_SET_REPLAY,NOT_PROVEN_READ_ONLY_SITE_INVENTORY_ONLY,0,DEST_MIXED_OR_OTHER,22,62A80A6BF2780309EBB7ACB65499DC33F9E420F49ABAF670FF853CD53D650A7D,True,,False,False,U_NEG_UPSTREAM_WORSENING;U_PASS_UPSTREAM_INCREASE;D_NEG_NO_MEDIAN_IMPROVEMENT,,False,False,False,True,"[0.0, 89.0, 21.0, 1.0, 0.0, 0.0, 0.0, 0.0, 22.0]",58,0.0,0.0,89.0,98.0,106.0,1672.0,0,21,37,58,-0.136,-0.0885,-0.043,-0.028,-0.017,-4.796,6,0.0,0.0,84.0,84.0,84.0,84.0,0,1,5,6,0.011,0.040999999999999995,0.066,0.066,0.066,0.241,201,-89.0,0.0,0.0,0.0,0.0,-446.0,10,0,191,201,-0.133,-0.038,-0.006,-0.003,-0.001,-7.99,384,-102.0,0.0,0.0,0.0,71.0,-2014.0,57,16,311,384,0.0,0.043,0.07,0.074,0.078,15.882,4032,-115.0,0.0,62.0,69.0,83.0,5408.0,672,714,2646,4032,-0.133,0.357,0.894,1.023,1.334,1673.434
A_X100_Y116,100,116,88,112,100,132,333.0,128.0,1.0,825,13200,12189,1011,0.0778030303030303,"{""X2Y1"": 40, ""X2Y2"": 26, ""X3Y1"": 460, ""X3Y2"": 299}",True,NOT_PROVEN_WITHOUT_MOVED_FF_CONTROL_SET_REPLAY,NOT_PROVEN_READ_ONLY_SITE_INVENTORY_ONLY,0,FEATURE_BIN_0,16,25AFEB422DB3BDBEF4DCE97A6D1274116E7B27A3B94E395D479DC22D3DE14FFD,True,,False,False,U_NEG_UPSTREAM_WORSENING;D_NEG_NO_MEDIAN_IMPROVEMENT,,False,True,False,True,"[0.0, 86.0, 16.0, 0.0, 0.0, 0.0, 0.0, 0.0, 16.0]",58,0.0,0.0,86.0,98.0,106.0,1361.0,0,16,42,58,-0.136,-0.0885,-0.043,-0.028,-0.017,-4.796,6,0.0,0.0,0.0,0.0,0.0,0.0,0,0,6,6,0.011,0.040999999999999995,0.066,0.066,0.066,0.241,201,-100.0,0.0,0.0,0.0,68.0,-2566.0,54,10,137,201,-0.133,-0.038,-0.006,-0.003,-0.001,-7.99,384,-94.0,0.0,0.0,28.0,74.0,-2404.0,67,29,288,384,0.0,0.043,0.07,0.074,0.078,15.882,4032,-115.0,0.0,43.0,68.0,86.0,2070.0,493,519,3020,4032,-0.133,0.357,0.894,1.023,1.334,1673.434
A_X100_Y116,100,116,88,112,100,132,333.0,128.0,1.0,825,13200,12189,1011,0.0778030303030303,"{""X2Y1"": 40, ""X2Y2"": 26, ""X3Y1"": 460, ""X3Y2"": 299}",True,NOT_PROVEN_WITHOUT_MOVED_FF_CONTROL_SET_REPLAY,NOT_PROVEN_READ_ONLY_SITE_INVENTORY_ONLY,0,FEATURE_BIN_1,16,863B9B0389C1B994C73ED0C57EC56A84FD6D317708E59D47B391DA86E44D3A8E,True,,False,False,U_NEG_UPSTREAM_WORSENING;U_PASS_UPSTREAM_INCREASE;D_NEG_NO_MEDIAN_IMPROVEMENT,,False,False,False,True,"[0.0, 91.0, 14.0, 2.0, 0.0, 0.0, 0.0, 0.0, 16.0]",58,0.0,0.0,91.0,99.0,107.0,1192.0,0,14,44,58,-0.136,-0.0885,-0.043,-0.028,-0.017,-4.796,6,0.0,0.0,99.0,99.0,99.0,181.0,0,2,4,6,0.011,0.040999999999999995,0.066,0.066,0.066,0.241,201,-102.0,0.0,0.0,0.0,67.0,-1198.0,39,9,153,201,-0.133,-0.038,-0.006,-0.003,-0.001,-7.99,384,-102.0,0.0,0.0,28.0,67.0,-3345.0,76,27,281,384,0.0,0.043,0.07,0.074,0.078,15.882,4032,-112.0,0.0,52.0,66.0,85.0,5268.0,476,534,3022,4032,-0.133,0.357,0.894,1.023,1.334,1673.434
A_X100_Y116,100,116,88,112,100,132,333.0,128.0,1.0,825,13200,12189,1011,0.0778030303030303,"{""X2Y1"": 40, ""X2Y2"": 26, ""X3Y1"": 460, ""X3Y2"": 299}",True,NOT_PROVEN_WITHOUT_MOVED_FF_CONTROL_SET_REPLAY,NOT_PROVEN_READ_ONLY_SITE_INVENTORY_ONLY,0,FEATURE_BIN_2,16,18F6AC63D50EACD2B5F6CC669CA58252595A0313B759D7A0EC563D4D8CFF4410,True,,False,False,U_NEG_UPSTREAM_WORSENING;U_PASS_UPSTREAM_INCREASE;D_NEG_NO_MEDIAN_IMPROVEMENT,,False,False,False,True,"[0.0, 72.0, 14.0, 2.0, 0.0, 0.0, 0.0, 0.0, 16.0]",58,0.0,0.0,72.0,89.0,89.0,1020.0,0,14,44,58,-0.136,-0.0885,-0.043,-0.028,-0.017,-4.796,6,0.0,0.0,89.0,89.0,89.0,150.0,0,2,4,6,0.011,0.040999999999999995,0.066,0.066,0.066,0.241,201,-96.0,0.0,0.0,0.0,58.0,-2662.0,53,4,144,201,-0.133,-0.038,-0.006,-0.003,-0.001,-7.99,384,-88.0,0.0,0.0,19.0,69.0,-2006.0,64,21,299,384,0.0,0.043,0.07,0.074,0.078,15.882,4032,-99.0,0.0,48.0,59.0,72.0,2938.0,477,533,3022,4032,-0.133,0.357,0.894,1.023,1.334,1673.434
A_X100_Y116,100,116,88,112,100,132,333.0,128.0,1.0,825,13200,12189,1011,0.0778030303030303,"{""X2Y1"": 40, ""X2Y2"": 26, ""X3Y1"": 460, ""X3Y2"": 299}",True,NOT_PROVEN_WITHOUT_MOVED_FF_CONTROL_SET_REPLAY,NOT_PROVEN_READ_ONLY_SITE_INVENTORY_ONLY,0,FEATURE_BIN_3,16,6D6B2605916DFCDD525A27838AC825D18C62B807369D6E6322040D77ED73CF54,True,,False,False,U_NEG_UPSTREAM_WORSENING;U_PASS_UPSTREAM_INCREASE;D_NEG_NO_MEDIAN_IMPROVEMENT,,False,False,False,True,"[0.0, 66.0, 14.0, 2.0, 0.0, 0.0, 0.0, 0.0, 16.0]",58,0.0,0.0,66.0,89.0,89.0,956.0,0,14,44,58,-0.136,-0.0885,-0.043,-0.028,-0.017,-4.796,6,0.0,0.0,84.0,84.0,84.0,135.0,0,2,4,6,0.011,0.040999999999999995,0.066,0.066,0.066,0.241,201,-69.0,0.0,0.0,0.0,64.0,-676.0,25,7,169,201,-0.133,-0.038,-0.006,-0.003,-0.001,-7.99,384,-90.0,0.0,0.0,48.0,65.0,-1381.0,68,31,285,384,0.0,0.043,0.07,0.074,0.078,15.882,4032,-94.0,0.0,54.0,63.0,82.0,7154.0,476,520,3036,4032,-0.133,0.357,0.894,1.023,1.334,1673.434
