cycle,event,phase,vector,group,index,addr,end
5,input_fire,0,,,,65,1
22,stage_capture,1,0,15,0,,
23,vector_start,1,0,,,,
38,stage_capture,1,1,15,1,,
39,vector_start,1,1,,,,
46,kernel_group,1,0,0,,,
46,intermediate_write,1,0,0,,,0
47,kernel_group,1,0,1,,,
47,intermediate_write,1,0,1,,,1
48,kernel_group,1,0,2,,,
48,intermediate_write,1,0,2,,,2
49,kernel_group,1,0,3,,,
49,intermediate_write,1,0,3,,,3
50,kernel_group,1,0,4,,,
50,intermediate_write,1,0,4,,,4
51,kernel_group,1,0,5,,,
51,intermediate_write,1,0,5,,,5
52,kernel_group,1,0,6,,,
52,intermediate_write,1,0,6,,,6
53,kernel_group,1,0,7,,,
53,intermediate_write,1,0,7,,,7
54,kernel_group,1,0,8,,,
54,stage_capture,1,2,15,2,,
54,intermediate_write,1,0,8,,,8
55,vector_start,1,2,,,,
55,kernel_group,1,0,9,,,
55,intermediate_write,1,0,9,,,9
56,kernel_group,1,0,10,,,
56,intermediate_write,1,0,10,,,10
57,kernel_group,1,0,11,,,
57,intermediate_write,1,0,11,,,11
58,kernel_group,1,0,12,,,
58,intermediate_write,1,0,12,,,12
59,kernel_group,1,0,13,,,
59,intermediate_write,1,0,13,,,13
60,kernel_group,1,0,14,,,
60,intermediate_write,1,0,14,,,14
61,kernel_group,1,0,15,,,
61,intermediate_write,1,0,15,,,15
62,kernel_group,1,1,0,,,
62,intermediate_write,1,1,0,,,0
63,kernel_group,1,1,1,,,
63,intermediate_write,1,1,1,,,1
64,kernel_group,1,1,2,,,
64,intermediate_write,1,1,2,,,2
65,kernel_group,1,1,3,,,
65,intermediate_write,1,1,3,,,3
66,kernel_group,1,1,4,,,
66,intermediate_write,1,1,4,,,4
67,kernel_group,1,1,5,,,
67,intermediate_write,1,1,5,,,5
68,kernel_group,1,1,6,,,
68,intermediate_write,1,1,6,,,6
69,kernel_group,1,1,7,,,
69,intermediate_write,1,1,7,,,7
70,kernel_group,1,1,8,,,
70,stage_capture,1,3,15,3,,
70,intermediate_write,1,1,8,,,8
71,vector_start,1,3,,,,
71,kernel_group,1,1,9,,,
71,intermediate_write,1,1,9,,,9
72,kernel_group,1,1,10,,,
72,intermediate_write,1,1,10,,,10
73,kernel_group,1,1,11,,,
73,intermediate_write,1,1,11,,,11
74,kernel_group,1,1,12,,,
74,intermediate_write,1,1,12,,,12
75,kernel_group,1,1,13,,,
75,intermediate_write,1,1,13,,,13
76,kernel_group,1,1,14,,,
76,intermediate_write,1,1,14,,,14
77,kernel_group,1,1,15,,,
77,intermediate_write,1,1,15,,,15
78,kernel_group,1,2,0,,,
78,intermediate_write,1,2,0,,,0
79,kernel_group,1,2,1,,,
79,intermediate_write,1,2,1,,,1
80,kernel_group,1,2,2,,,
80,intermediate_write,1,2,2,,,2
81,kernel_group,1,2,3,,,
81,intermediate_write,1,2,3,,,3
82,kernel_group,1,2,4,,,
82,intermediate_write,1,2,4,,,4
83,kernel_group,1,2,5,,,
83,intermediate_write,1,2,5,,,5
84,kernel_group,1,2,6,,,
84,intermediate_write,1,2,6,,,6
85,kernel_group,1,2,7,,,
85,intermediate_write,1,2,7,,,7
86,kernel_group,1,2,8,,,
86,stage_capture,1,4,15,4,,
86,intermediate_write,1,2,8,,,8
87,vector_start,1,4,,,,
87,kernel_group,1,2,9,,,
87,intermediate_write,1,2,9,,,9
88,kernel_group,1,2,10,,,
88,intermediate_write,1,2,10,,,10
89,kernel_group,1,2,11,,,
89,intermediate_write,1,2,11,,,11
90,kernel_group,1,2,12,,,
90,intermediate_write,1,2,12,,,12
91,kernel_group,1,2,13,,,
91,intermediate_write,1,2,13,,,13
92,kernel_group,1,2,14,,,
92,intermediate_write,1,2,14,,,14
93,kernel_group,1,2,15,,,
93,intermediate_write,1,2,15,,,15
94,kernel_group,1,3,0,,,
94,intermediate_write,1,3,0,,,0
95,kernel_group,1,3,1,,,
95,intermediate_write,1,3,1,,,1
96,kernel_group,1,3,2,,,
96,intermediate_write,1,3,2,,,2
97,kernel_group,1,3,3,,,
97,intermediate_write,1,3,3,,,3
98,kernel_group,1,3,4,,,
98,intermediate_write,1,3,4,,,4
99,kernel_group,1,3,5,,,
99,intermediate_write,1,3,5,,,5
100,kernel_group,1,3,6,,,
100,intermediate_write,1,3,6,,,6
101,kernel_group,1,3,7,,,
101,intermediate_write,1,3,7,,,7
102,kernel_group,1,3,8,,,
102,stage_capture,1,5,15,5,,
102,intermediate_write,1,3,8,,,8
103,vector_start,1,5,,,,
103,kernel_group,1,3,9,,,
103,intermediate_write,1,3,9,,,9
104,kernel_group,1,3,10,,,
104,intermediate_write,1,3,10,,,10
105,kernel_group,1,3,11,,,
105,intermediate_write,1,3,11,,,11
106,kernel_group,1,3,12,,,
106,intermediate_write,1,3,12,,,12
107,kernel_group,1,3,13,,,
107,intermediate_write,1,3,13,,,13
108,kernel_group,1,3,14,,,
108,intermediate_write,1,3,14,,,14
109,kernel_group,1,3,15,,,
109,intermediate_write,1,3,15,,,15
110,kernel_group,1,4,0,,,
110,intermediate_write,1,4,0,,,0
111,kernel_group,1,4,1,,,
111,intermediate_write,1,4,1,,,1
112,kernel_group,1,4,2,,,
112,intermediate_write,1,4,2,,,2
113,kernel_group,1,4,3,,,
113,intermediate_write,1,4,3,,,3
114,kernel_group,1,4,4,,,
114,intermediate_write,1,4,4,,,4
115,kernel_group,1,4,5,,,
115,intermediate_write,1,4,5,,,5
116,kernel_group,1,4,6,,,
116,intermediate_write,1,4,6,,,6
117,kernel_group,1,4,7,,,
117,intermediate_write,1,4,7,,,7
118,kernel_group,1,4,8,,,
118,stage_capture,1,6,15,6,,
118,intermediate_write,1,4,8,,,8
119,vector_start,1,6,,,,
119,kernel_group,1,4,9,,,
119,intermediate_write,1,4,9,,,9
120,kernel_group,1,4,10,,,
120,intermediate_write,1,4,10,,,10
121,kernel_group,1,4,11,,,
121,intermediate_write,1,4,11,,,11
122,kernel_group,1,4,12,,,
122,intermediate_write,1,4,12,,,12
123,kernel_group,1,4,13,,,
123,intermediate_write,1,4,13,,,13
124,kernel_group,1,4,14,,,
124,intermediate_write,1,4,14,,,14
125,kernel_group,1,4,15,,,
125,intermediate_write,1,4,15,,,15
126,kernel_group,1,5,0,,,
126,intermediate_write,1,5,0,,,0
127,kernel_group,1,5,1,,,
127,intermediate_write,1,5,1,,,1
128,kernel_group,1,5,2,,,
128,intermediate_write,1,5,2,,,2
129,kernel_group,1,5,3,,,
129,intermediate_write,1,5,3,,,3
130,kernel_group,1,5,4,,,
130,intermediate_write,1,5,4,,,4
131,kernel_group,1,5,5,,,
131,intermediate_write,1,5,5,,,5
132,kernel_group,1,5,6,,,
132,intermediate_write,1,5,6,,,6
133,kernel_group,1,5,7,,,
133,intermediate_write,1,5,7,,,7
134,kernel_group,1,5,8,,,
134,stage_capture,1,7,15,7,,
134,intermediate_write,1,5,8,,,8
135,vector_start,1,7,,,,
135,kernel_group,1,5,9,,,
135,intermediate_write,1,5,9,,,9
136,kernel_group,1,5,10,,,
136,intermediate_write,1,5,10,,,10
137,kernel_group,1,5,11,,,
137,intermediate_write,1,5,11,,,11
138,kernel_group,1,5,12,,,
138,intermediate_write,1,5,12,,,12
139,kernel_group,1,5,13,,,
139,intermediate_write,1,5,13,,,13
140,kernel_group,1,5,14,,,
140,intermediate_write,1,5,14,,,14
141,kernel_group,1,5,15,,,
141,intermediate_write,1,5,15,,,15
142,kernel_group,1,6,0,,,
142,intermediate_write,1,6,0,,,0
143,kernel_group,1,6,1,,,
143,intermediate_write,1,6,1,,,1
144,kernel_group,1,6,2,,,
144,intermediate_write,1,6,2,,,2
145,kernel_group,1,6,3,,,
145,intermediate_write,1,6,3,,,3
146,kernel_group,1,6,4,,,
146,intermediate_write,1,6,4,,,4
147,kernel_group,1,6,5,,,
147,intermediate_write,1,6,5,,,5
148,kernel_group,1,6,6,,,
148,intermediate_write,1,6,6,,,6
149,kernel_group,1,6,7,,,
149,intermediate_write,1,6,7,,,7
150,kernel_group,1,6,8,,,
150,stage_capture,1,8,15,8,,
150,intermediate_write,1,6,8,,,8
151,vector_start,1,8,,,,
151,kernel_group,1,6,9,,,
151,intermediate_write,1,6,9,,,9
152,kernel_group,1,6,10,,,
152,intermediate_write,1,6,10,,,10
153,kernel_group,1,6,11,,,
153,intermediate_write,1,6,11,,,11
154,kernel_group,1,6,12,,,
154,intermediate_write,1,6,12,,,12
155,kernel_group,1,6,13,,,
155,intermediate_write,1,6,13,,,13
156,kernel_group,1,6,14,,,
156,intermediate_write,1,6,14,,,14
157,kernel_group,1,6,15,,,
157,intermediate_write,1,6,15,,,15
158,kernel_group,1,7,0,,,
158,intermediate_write,1,7,0,,,0
159,kernel_group,1,7,1,,,
159,intermediate_write,1,7,1,,,1
160,kernel_group,1,7,2,,,
160,intermediate_write,1,7,2,,,2
161,kernel_group,1,7,3,,,
161,intermediate_write,1,7,3,,,3
162,kernel_group,1,7,4,,,
162,intermediate_write,1,7,4,,,4
163,kernel_group,1,7,5,,,
163,intermediate_write,1,7,5,,,5
164,kernel_group,1,7,6,,,
164,intermediate_write,1,7,6,,,6
165,kernel_group,1,7,7,,,
165,intermediate_write,1,7,7,,,7
166,kernel_group,1,7,8,,,
166,stage_capture,1,9,15,9,,
166,intermediate_write,1,7,8,,,8
167,vector_start,1,9,,,,
167,kernel_group,1,7,9,,,
167,intermediate_write,1,7,9,,,9
168,kernel_group,1,7,10,,,
168,intermediate_write,1,7,10,,,10
169,kernel_group,1,7,11,,,
169,intermediate_write,1,7,11,,,11
170,kernel_group,1,7,12,,,
170,intermediate_write,1,7,12,,,12
171,kernel_group,1,7,13,,,
171,intermediate_write,1,7,13,,,13
172,kernel_group,1,7,14,,,
172,intermediate_write,1,7,14,,,14
173,kernel_group,1,7,15,,,
173,intermediate_write,1,7,15,,,15
174,kernel_group,1,8,0,,,
174,intermediate_write,1,8,0,,,0
175,kernel_group,1,8,1,,,
175,intermediate_write,1,8,1,,,1
176,kernel_group,1,8,2,,,
176,intermediate_write,1,8,2,,,2
177,kernel_group,1,8,3,,,
177,intermediate_write,1,8,3,,,3
178,kernel_group,1,8,4,,,
178,intermediate_write,1,8,4,,,4
179,kernel_group,1,8,5,,,
179,intermediate_write,1,8,5,,,5
180,kernel_group,1,8,6,,,
180,intermediate_write,1,8,6,,,6
181,kernel_group,1,8,7,,,
181,intermediate_write,1,8,7,,,7
182,kernel_group,1,8,8,,,
182,stage_capture,1,10,15,10,,
182,intermediate_write,1,8,8,,,8
183,vector_start,1,10,,,,
183,kernel_group,1,8,9,,,
183,intermediate_write,1,8,9,,,9
184,kernel_group,1,8,10,,,
184,intermediate_write,1,8,10,,,10
185,kernel_group,1,8,11,,,
185,intermediate_write,1,8,11,,,11
186,kernel_group,1,8,12,,,
186,intermediate_write,1,8,12,,,12
187,kernel_group,1,8,13,,,
187,intermediate_write,1,8,13,,,13
188,kernel_group,1,8,14,,,
188,intermediate_write,1,8,14,,,14
189,kernel_group,1,8,15,,,
189,intermediate_write,1,8,15,,,15
190,kernel_group,1,9,0,,,
190,intermediate_write,1,9,0,,,0
191,kernel_group,1,9,1,,,
191,intermediate_write,1,9,1,,,1
192,kernel_group,1,9,2,,,
192,intermediate_write,1,9,2,,,2
193,kernel_group,1,9,3,,,
193,intermediate_write,1,9,3,,,3
194,kernel_group,1,9,4,,,
194,intermediate_write,1,9,4,,,4
195,kernel_group,1,9,5,,,
195,intermediate_write,1,9,5,,,5
196,kernel_group,1,9,6,,,
196,intermediate_write,1,9,6,,,6
197,kernel_group,1,9,7,,,
197,intermediate_write,1,9,7,,,7
198,kernel_group,1,9,8,,,
198,stage_capture,1,11,15,11,,
198,intermediate_write,1,9,8,,,8
199,vector_start,1,11,,,,
199,kernel_group,1,9,9,,,
199,intermediate_write,1,9,9,,,9
200,kernel_group,1,9,10,,,
200,intermediate_write,1,9,10,,,10
201,kernel_group,1,9,11,,,
201,intermediate_write,1,9,11,,,11
202,kernel_group,1,9,12,,,
202,intermediate_write,1,9,12,,,12
203,kernel_group,1,9,13,,,
203,intermediate_write,1,9,13,,,13
204,kernel_group,1,9,14,,,
204,intermediate_write,1,9,14,,,14
205,kernel_group,1,9,15,,,
205,intermediate_write,1,9,15,,,15
206,kernel_group,1,10,0,,,
206,intermediate_write,1,10,0,,,0
207,kernel_group,1,10,1,,,
207,intermediate_write,1,10,1,,,1
208,kernel_group,1,10,2,,,
208,intermediate_write,1,10,2,,,2
209,kernel_group,1,10,3,,,
209,intermediate_write,1,10,3,,,3
210,kernel_group,1,10,4,,,
210,intermediate_write,1,10,4,,,4
211,kernel_group,1,10,5,,,
211,intermediate_write,1,10,5,,,5
212,kernel_group,1,10,6,,,
212,intermediate_write,1,10,6,,,6
213,kernel_group,1,10,7,,,
213,intermediate_write,1,10,7,,,7
214,kernel_group,1,10,8,,,
214,stage_capture,1,12,15,12,,
214,intermediate_write,1,10,8,,,8
215,vector_start,1,12,,,,
215,kernel_group,1,10,9,,,
215,intermediate_write,1,10,9,,,9
216,kernel_group,1,10,10,,,
216,intermediate_write,1,10,10,,,10
217,kernel_group,1,10,11,,,
217,intermediate_write,1,10,11,,,11
218,kernel_group,1,10,12,,,
218,intermediate_write,1,10,12,,,12
219,kernel_group,1,10,13,,,
219,intermediate_write,1,10,13,,,13
220,kernel_group,1,10,14,,,
220,intermediate_write,1,10,14,,,14
221,kernel_group,1,10,15,,,
221,intermediate_write,1,10,15,,,15
222,kernel_group,1,11,0,,,
222,intermediate_write,1,11,0,,,0
223,kernel_group,1,11,1,,,
223,intermediate_write,1,11,1,,,1
224,kernel_group,1,11,2,,,
224,intermediate_write,1,11,2,,,2
225,kernel_group,1,11,3,,,
225,intermediate_write,1,11,3,,,3
226,kernel_group,1,11,4,,,
226,intermediate_write,1,11,4,,,4
227,kernel_group,1,11,5,,,
227,intermediate_write,1,11,5,,,5
228,kernel_group,1,11,6,,,
228,intermediate_write,1,11,6,,,6
229,kernel_group,1,11,7,,,
229,intermediate_write,1,11,7,,,7
230,kernel_group,1,11,8,,,
230,stage_capture,1,13,15,13,,
230,intermediate_write,1,11,8,,,8
231,vector_start,1,13,,,,
231,kernel_group,1,11,9,,,
231,intermediate_write,1,11,9,,,9
232,kernel_group,1,11,10,,,
232,intermediate_write,1,11,10,,,10
233,kernel_group,1,11,11,,,
233,intermediate_write,1,11,11,,,11
234,kernel_group,1,11,12,,,
234,intermediate_write,1,11,12,,,12
235,kernel_group,1,11,13,,,
235,intermediate_write,1,11,13,,,13
236,kernel_group,1,11,14,,,
236,intermediate_write,1,11,14,,,14
237,kernel_group,1,11,15,,,
237,intermediate_write,1,11,15,,,15
238,kernel_group,1,12,0,,,
238,intermediate_write,1,12,0,,,0
239,kernel_group,1,12,1,,,
239,intermediate_write,1,12,1,,,1
240,kernel_group,1,12,2,,,
240,intermediate_write,1,12,2,,,2
241,kernel_group,1,12,3,,,
241,intermediate_write,1,12,3,,,3
242,kernel_group,1,12,4,,,
242,intermediate_write,1,12,4,,,4
243,kernel_group,1,12,5,,,
243,intermediate_write,1,12,5,,,5
244,kernel_group,1,12,6,,,
244,intermediate_write,1,12,6,,,6
245,kernel_group,1,12,7,,,
245,intermediate_write,1,12,7,,,7
246,kernel_group,1,12,8,,,
246,stage_capture,1,14,15,14,,
246,intermediate_write,1,12,8,,,8
247,vector_start,1,14,,,,
247,kernel_group,1,12,9,,,
247,intermediate_write,1,12,9,,,9
248,kernel_group,1,12,10,,,
248,intermediate_write,1,12,10,,,10
249,kernel_group,1,12,11,,,
249,intermediate_write,1,12,11,,,11
250,kernel_group,1,12,12,,,
250,intermediate_write,1,12,12,,,12
251,kernel_group,1,12,13,,,
251,intermediate_write,1,12,13,,,13
252,kernel_group,1,12,14,,,
252,intermediate_write,1,12,14,,,14
253,kernel_group,1,12,15,,,
253,intermediate_write,1,12,15,,,15
254,kernel_group,1,13,0,,,
254,intermediate_write,1,13,0,,,0
255,kernel_group,1,13,1,,,
255,intermediate_write,1,13,1,,,1
256,kernel_group,1,13,2,,,
256,intermediate_write,1,13,2,,,2
257,kernel_group,1,13,3,,,
257,intermediate_write,1,13,3,,,3
258,kernel_group,1,13,4,,,
258,intermediate_write,1,13,4,,,4
259,kernel_group,1,13,5,,,
259,intermediate_write,1,13,5,,,5
260,kernel_group,1,13,6,,,
260,intermediate_write,1,13,6,,,6
261,kernel_group,1,13,7,,,
261,intermediate_write,1,13,7,,,7
262,kernel_group,1,13,8,,,
262,stage_capture,1,15,15,15,,
262,intermediate_write,1,13,8,,,8
263,vector_start,1,15,,,,
263,kernel_group,1,13,9,,,
263,intermediate_write,1,13,9,,,9
264,kernel_group,1,13,10,,,
264,intermediate_write,1,13,10,,,10
265,kernel_group,1,13,11,,,
265,intermediate_write,1,13,11,,,11
266,kernel_group,1,13,12,,,
266,intermediate_write,1,13,12,,,12
267,kernel_group,1,13,13,,,
267,intermediate_write,1,13,13,,,13
268,kernel_group,1,13,14,,,
268,intermediate_write,1,13,14,,,14
269,kernel_group,1,13,15,,,
269,intermediate_write,1,13,15,,,15
270,kernel_group,1,14,0,,,
270,intermediate_write,1,14,0,,,0
271,kernel_group,1,14,1,,,
271,intermediate_write,1,14,1,,,1
272,kernel_group,1,14,2,,,
272,intermediate_write,1,14,2,,,2
273,kernel_group,1,14,3,,,
273,intermediate_write,1,14,3,,,3
274,kernel_group,1,14,4,,,
274,intermediate_write,1,14,4,,,4
275,kernel_group,1,14,5,,,
275,intermediate_write,1,14,5,,,5
276,kernel_group,1,14,6,,,
276,intermediate_write,1,14,6,,,6
277,kernel_group,1,14,7,,,
277,intermediate_write,1,14,7,,,7
278,kernel_group,1,14,8,,,
278,stage_capture,1,16,15,16,,
278,intermediate_write,1,14,8,,,8
279,vector_start,1,16,,,,
279,kernel_group,1,14,9,,,
279,intermediate_write,1,14,9,,,9
280,kernel_group,1,14,10,,,
280,intermediate_write,1,14,10,,,10
281,kernel_group,1,14,11,,,
281,intermediate_write,1,14,11,,,11
282,kernel_group,1,14,12,,,
282,intermediate_write,1,14,12,,,12
283,kernel_group,1,14,13,,,
283,intermediate_write,1,14,13,,,13
284,kernel_group,1,14,14,,,
284,intermediate_write,1,14,14,,,14
285,kernel_group,1,14,15,,,
285,intermediate_write,1,14,15,,,15
286,kernel_group,1,15,0,,,
286,intermediate_write,1,15,0,,,0
287,kernel_group,1,15,1,,,
287,intermediate_write,1,15,1,,,1
288,kernel_group,1,15,2,,,
288,intermediate_write,1,15,2,,,2
289,kernel_group,1,15,3,,,
289,intermediate_write,1,15,3,,,3
290,kernel_group,1,15,4,,,
290,intermediate_write,1,15,4,,,4
291,kernel_group,1,15,5,,,
291,intermediate_write,1,15,5,,,5
292,kernel_group,1,15,6,,,
292,intermediate_write,1,15,6,,,6
293,kernel_group,1,15,7,,,
293,intermediate_write,1,15,7,,,7
294,kernel_group,1,15,8,,,
294,stage_capture,1,17,15,17,,
294,intermediate_write,1,15,8,,,8
295,vector_start,1,17,,,,
295,kernel_group,1,15,9,,,
295,intermediate_write,1,15,9,,,9
296,kernel_group,1,15,10,,,
296,intermediate_write,1,15,10,,,10
297,kernel_group,1,15,11,,,
297,intermediate_write,1,15,11,,,11
298,kernel_group,1,15,12,,,
298,intermediate_write,1,15,12,,,12
299,kernel_group,1,15,13,,,
299,intermediate_write,1,15,13,,,13
300,kernel_group,1,15,14,,,
300,intermediate_write,1,15,14,,,14
301,kernel_group,1,15,15,,,
301,intermediate_write,1,15,15,,,15
302,kernel_group,1,16,0,,,
302,intermediate_write,1,16,0,,,0
303,kernel_group,1,16,1,,,
303,intermediate_write,1,16,1,,,1
304,kernel_group,1,16,2,,,
304,intermediate_write,1,16,2,,,2
305,kernel_group,1,16,3,,,
305,intermediate_write,1,16,3,,,3
306,kernel_group,1,16,4,,,
306,intermediate_write,1,16,4,,,4
307,kernel_group,1,16,5,,,
307,intermediate_write,1,16,5,,,5
308,kernel_group,1,16,6,,,
308,intermediate_write,1,16,6,,,6
309,kernel_group,1,16,7,,,
309,intermediate_write,1,16,7,,,7
310,kernel_group,1,16,8,,,
310,stage_capture,1,18,15,18,,
310,intermediate_write,1,16,8,,,8
311,vector_start,1,18,,,,
311,kernel_group,1,16,9,,,
311,intermediate_write,1,16,9,,,9
312,kernel_group,1,16,10,,,
312,intermediate_write,1,16,10,,,10
313,kernel_group,1,16,11,,,
313,intermediate_write,1,16,11,,,11
314,kernel_group,1,16,12,,,
314,intermediate_write,1,16,12,,,12
315,kernel_group,1,16,13,,,
315,intermediate_write,1,16,13,,,13
316,kernel_group,1,16,14,,,
316,intermediate_write,1,16,14,,,14
317,kernel_group,1,16,15,,,
317,intermediate_write,1,16,15,,,15
318,kernel_group,1,17,0,,,
318,intermediate_write,1,17,0,,,0
319,kernel_group,1,17,1,,,
319,intermediate_write,1,17,1,,,1
320,kernel_group,1,17,2,,,
320,intermediate_write,1,17,2,,,2
321,kernel_group,1,17,3,,,
321,intermediate_write,1,17,3,,,3
322,kernel_group,1,17,4,,,
322,intermediate_write,1,17,4,,,4
323,kernel_group,1,17,5,,,
323,intermediate_write,1,17,5,,,5
324,kernel_group,1,17,6,,,
324,intermediate_write,1,17,6,,,6
325,kernel_group,1,17,7,,,
325,intermediate_write,1,17,7,,,7
326,kernel_group,1,17,8,,,
326,stage_capture,1,19,15,19,,
326,intermediate_write,1,17,8,,,8
327,vector_start,1,19,,,,
327,kernel_group,1,17,9,,,
327,intermediate_write,1,17,9,,,9
328,kernel_group,1,17,10,,,
328,intermediate_write,1,17,10,,,10
329,kernel_group,1,17,11,,,
329,intermediate_write,1,17,11,,,11
330,kernel_group,1,17,12,,,
330,intermediate_write,1,17,12,,,12
331,kernel_group,1,17,13,,,
331,intermediate_write,1,17,13,,,13
332,kernel_group,1,17,14,,,
332,intermediate_write,1,17,14,,,14
333,kernel_group,1,17,15,,,
333,intermediate_write,1,17,15,,,15
334,kernel_group,1,18,0,,,
334,intermediate_write,1,18,0,,,0
335,kernel_group,1,18,1,,,
335,intermediate_write,1,18,1,,,1
336,kernel_group,1,18,2,,,
336,intermediate_write,1,18,2,,,2
337,kernel_group,1,18,3,,,
337,intermediate_write,1,18,3,,,3
338,kernel_group,1,18,4,,,
338,intermediate_write,1,18,4,,,4
339,kernel_group,1,18,5,,,
339,intermediate_write,1,18,5,,,5
340,kernel_group,1,18,6,,,
340,intermediate_write,1,18,6,,,6
341,kernel_group,1,18,7,,,
341,intermediate_write,1,18,7,,,7
342,kernel_group,1,18,8,,,
342,stage_capture,1,20,15,20,,
342,intermediate_write,1,18,8,,,8
343,vector_start,1,20,,,,
343,kernel_group,1,18,9,,,
343,intermediate_write,1,18,9,,,9
344,kernel_group,1,18,10,,,
344,intermediate_write,1,18,10,,,10
345,kernel_group,1,18,11,,,
345,intermediate_write,1,18,11,,,11
346,kernel_group,1,18,12,,,
346,intermediate_write,1,18,12,,,12
347,kernel_group,1,18,13,,,
347,intermediate_write,1,18,13,,,13
348,kernel_group,1,18,14,,,
348,intermediate_write,1,18,14,,,14
349,kernel_group,1,18,15,,,
349,intermediate_write,1,18,15,,,15
350,kernel_group,1,19,0,,,
350,intermediate_write,1,19,0,,,0
351,kernel_group,1,19,1,,,
351,intermediate_write,1,19,1,,,1
352,kernel_group,1,19,2,,,
352,intermediate_write,1,19,2,,,2
353,kernel_group,1,19,3,,,
353,intermediate_write,1,19,3,,,3
354,kernel_group,1,19,4,,,
354,intermediate_write,1,19,4,,,4
355,kernel_group,1,19,5,,,
355,intermediate_write,1,19,5,,,5
356,kernel_group,1,19,6,,,
356,intermediate_write,1,19,6,,,6
357,kernel_group,1,19,7,,,
357,intermediate_write,1,19,7,,,7
358,kernel_group,1,19,8,,,
358,stage_capture,1,21,15,21,,
358,intermediate_write,1,19,8,,,8
359,vector_start,1,21,,,,
359,kernel_group,1,19,9,,,
359,intermediate_write,1,19,9,,,9
360,kernel_group,1,19,10,,,
360,intermediate_write,1,19,10,,,10
361,kernel_group,1,19,11,,,
361,intermediate_write,1,19,11,,,11
362,kernel_group,1,19,12,,,
362,intermediate_write,1,19,12,,,12
363,kernel_group,1,19,13,,,
363,intermediate_write,1,19,13,,,13
364,kernel_group,1,19,14,,,
364,intermediate_write,1,19,14,,,14
365,kernel_group,1,19,15,,,
365,intermediate_write,1,19,15,,,15
366,kernel_group,1,20,0,,,
366,intermediate_write,1,20,0,,,0
367,kernel_group,1,20,1,,,
367,intermediate_write,1,20,1,,,1
368,kernel_group,1,20,2,,,
368,intermediate_write,1,20,2,,,2
369,kernel_group,1,20,3,,,
369,intermediate_write,1,20,3,,,3
370,kernel_group,1,20,4,,,
370,intermediate_write,1,20,4,,,4
371,kernel_group,1,20,5,,,
371,intermediate_write,1,20,5,,,5
372,kernel_group,1,20,6,,,
372,intermediate_write,1,20,6,,,6
373,kernel_group,1,20,7,,,
373,intermediate_write,1,20,7,,,7
374,kernel_group,1,20,8,,,
374,stage_capture,1,22,15,22,,
374,intermediate_write,1,20,8,,,8
375,vector_start,1,22,,,,
375,kernel_group,1,20,9,,,
375,intermediate_write,1,20,9,,,9
376,kernel_group,1,20,10,,,
376,intermediate_write,1,20,10,,,10
377,kernel_group,1,20,11,,,
377,intermediate_write,1,20,11,,,11
378,kernel_group,1,20,12,,,
378,intermediate_write,1,20,12,,,12
379,kernel_group,1,20,13,,,
379,intermediate_write,1,20,13,,,13
380,kernel_group,1,20,14,,,
380,intermediate_write,1,20,14,,,14
381,kernel_group,1,20,15,,,
381,intermediate_write,1,20,15,,,15
382,kernel_group,1,21,0,,,
382,intermediate_write,1,21,0,,,0
383,kernel_group,1,21,1,,,
383,intermediate_write,1,21,1,,,1
384,kernel_group,1,21,2,,,
384,intermediate_write,1,21,2,,,2
385,kernel_group,1,21,3,,,
385,intermediate_write,1,21,3,,,3
386,kernel_group,1,21,4,,,
386,intermediate_write,1,21,4,,,4
387,kernel_group,1,21,5,,,
387,intermediate_write,1,21,5,,,5
388,kernel_group,1,21,6,,,
388,intermediate_write,1,21,6,,,6
389,kernel_group,1,21,7,,,
389,intermediate_write,1,21,7,,,7
390,kernel_group,1,21,8,,,
390,stage_capture,1,23,15,23,,
390,intermediate_write,1,21,8,,,8
391,vector_start,1,23,,,,
391,kernel_group,1,21,9,,,
391,intermediate_write,1,21,9,,,9
392,kernel_group,1,21,10,,,
392,intermediate_write,1,21,10,,,10
393,kernel_group,1,21,11,,,
393,intermediate_write,1,21,11,,,11
394,kernel_group,1,21,12,,,
394,intermediate_write,1,21,12,,,12
395,kernel_group,1,21,13,,,
395,intermediate_write,1,21,13,,,13
396,kernel_group,1,21,14,,,
396,intermediate_write,1,21,14,,,14
397,kernel_group,1,21,15,,,
397,intermediate_write,1,21,15,,,15
398,kernel_group,1,22,0,,,
398,intermediate_write,1,22,0,,,0
399,kernel_group,1,22,1,,,
399,intermediate_write,1,22,1,,,1
400,kernel_group,1,22,2,,,
400,intermediate_write,1,22,2,,,2
401,kernel_group,1,22,3,,,
401,intermediate_write,1,22,3,,,3
402,kernel_group,1,22,4,,,
402,intermediate_write,1,22,4,,,4
403,kernel_group,1,22,5,,,
403,intermediate_write,1,22,5,,,5
404,kernel_group,1,22,6,,,
404,intermediate_write,1,22,6,,,6
405,kernel_group,1,22,7,,,
405,intermediate_write,1,22,7,,,7
406,kernel_group,1,22,8,,,
406,stage_capture,1,24,15,24,,
406,intermediate_write,1,22,8,,,8
407,vector_start,1,24,,,,
407,kernel_group,1,22,9,,,
407,intermediate_write,1,22,9,,,9
408,kernel_group,1,22,10,,,
408,intermediate_write,1,22,10,,,10
409,kernel_group,1,22,11,,,
409,intermediate_write,1,22,11,,,11
410,kernel_group,1,22,12,,,
410,intermediate_write,1,22,12,,,12
411,kernel_group,1,22,13,,,
411,intermediate_write,1,22,13,,,13
412,kernel_group,1,22,14,,,
412,intermediate_write,1,22,14,,,14
413,kernel_group,1,22,15,,,
413,intermediate_write,1,22,15,,,15
414,kernel_group,1,23,0,,,
414,intermediate_write,1,23,0,,,0
415,kernel_group,1,23,1,,,
415,intermediate_write,1,23,1,,,1
416,kernel_group,1,23,2,,,
416,intermediate_write,1,23,2,,,2
417,kernel_group,1,23,3,,,
417,intermediate_write,1,23,3,,,3
418,kernel_group,1,23,4,,,
418,intermediate_write,1,23,4,,,4
419,kernel_group,1,23,5,,,
419,intermediate_write,1,23,5,,,5
420,kernel_group,1,23,6,,,
420,intermediate_write,1,23,6,,,6
421,kernel_group,1,23,7,,,
421,intermediate_write,1,23,7,,,7
422,kernel_group,1,23,8,,,
422,stage_capture,1,25,15,25,,
422,intermediate_write,1,23,8,,,8
423,vector_start,1,25,,,,
423,kernel_group,1,23,9,,,
423,intermediate_write,1,23,9,,,9
424,kernel_group,1,23,10,,,
424,intermediate_write,1,23,10,,,10
425,kernel_group,1,23,11,,,
425,intermediate_write,1,23,11,,,11
426,kernel_group,1,23,12,,,
426,intermediate_write,1,23,12,,,12
427,kernel_group,1,23,13,,,
427,intermediate_write,1,23,13,,,13
428,kernel_group,1,23,14,,,
428,intermediate_write,1,23,14,,,14
429,kernel_group,1,23,15,,,
429,intermediate_write,1,23,15,,,15
430,kernel_group,1,24,0,,,
430,intermediate_write,1,24,0,,,0
431,kernel_group,1,24,1,,,
431,intermediate_write,1,24,1,,,1
432,kernel_group,1,24,2,,,
432,intermediate_write,1,24,2,,,2
433,kernel_group,1,24,3,,,
433,intermediate_write,1,24,3,,,3
434,kernel_group,1,24,4,,,
434,intermediate_write,1,24,4,,,4
435,kernel_group,1,24,5,,,
435,intermediate_write,1,24,5,,,5
436,kernel_group,1,24,6,,,
436,intermediate_write,1,24,6,,,6
437,kernel_group,1,24,7,,,
437,intermediate_write,1,24,7,,,7
438,kernel_group,1,24,8,,,
438,stage_capture,1,26,15,26,,
438,intermediate_write,1,24,8,,,8
439,vector_start,1,26,,,,
439,kernel_group,1,24,9,,,
439,intermediate_write,1,24,9,,,9
440,kernel_group,1,24,10,,,
440,intermediate_write,1,24,10,,,10
441,kernel_group,1,24,11,,,
441,intermediate_write,1,24,11,,,11
442,kernel_group,1,24,12,,,
442,intermediate_write,1,24,12,,,12
443,kernel_group,1,24,13,,,
443,intermediate_write,1,24,13,,,13
444,kernel_group,1,24,14,,,
444,intermediate_write,1,24,14,,,14
445,kernel_group,1,24,15,,,
445,intermediate_write,1,24,15,,,15
446,kernel_group,1,25,0,,,
446,intermediate_write,1,25,0,,,0
447,kernel_group,1,25,1,,,
447,intermediate_write,1,25,1,,,1
448,kernel_group,1,25,2,,,
448,intermediate_write,1,25,2,,,2
449,kernel_group,1,25,3,,,
449,intermediate_write,1,25,3,,,3
450,kernel_group,1,25,4,,,
450,intermediate_write,1,25,4,,,4
451,kernel_group,1,25,5,,,
451,intermediate_write,1,25,5,,,5
452,kernel_group,1,25,6,,,
452,intermediate_write,1,25,6,,,6
453,kernel_group,1,25,7,,,
453,intermediate_write,1,25,7,,,7
454,kernel_group,1,25,8,,,
454,stage_capture,1,27,15,27,,
454,intermediate_write,1,25,8,,,8
455,vector_start,1,27,,,,
455,kernel_group,1,25,9,,,
455,intermediate_write,1,25,9,,,9
456,kernel_group,1,25,10,,,
456,intermediate_write,1,25,10,,,10
457,kernel_group,1,25,11,,,
457,intermediate_write,1,25,11,,,11
458,kernel_group,1,25,12,,,
458,intermediate_write,1,25,12,,,12
459,kernel_group,1,25,13,,,
459,intermediate_write,1,25,13,,,13
460,kernel_group,1,25,14,,,
460,intermediate_write,1,25,14,,,14
461,kernel_group,1,25,15,,,
461,intermediate_write,1,25,15,,,15
462,kernel_group,1,26,0,,,
462,intermediate_write,1,26,0,,,0
463,kernel_group,1,26,1,,,
463,intermediate_write,1,26,1,,,1
464,kernel_group,1,26,2,,,
464,intermediate_write,1,26,2,,,2
465,kernel_group,1,26,3,,,
465,intermediate_write,1,26,3,,,3
466,kernel_group,1,26,4,,,
466,intermediate_write,1,26,4,,,4
467,kernel_group,1,26,5,,,
467,intermediate_write,1,26,5,,,5
468,kernel_group,1,26,6,,,
468,intermediate_write,1,26,6,,,6
469,kernel_group,1,26,7,,,
469,intermediate_write,1,26,7,,,7
470,kernel_group,1,26,8,,,
470,stage_capture,1,28,15,28,,
470,intermediate_write,1,26,8,,,8
471,vector_start,1,28,,,,
471,kernel_group,1,26,9,,,
471,intermediate_write,1,26,9,,,9
472,kernel_group,1,26,10,,,
472,intermediate_write,1,26,10,,,10
473,kernel_group,1,26,11,,,
473,intermediate_write,1,26,11,,,11
474,kernel_group,1,26,12,,,
474,intermediate_write,1,26,12,,,12
475,kernel_group,1,26,13,,,
475,intermediate_write,1,26,13,,,13
476,kernel_group,1,26,14,,,
476,intermediate_write,1,26,14,,,14
477,kernel_group,1,26,15,,,
477,intermediate_write,1,26,15,,,15
478,kernel_group,1,27,0,,,
478,intermediate_write,1,27,0,,,0
479,kernel_group,1,27,1,,,
479,intermediate_write,1,27,1,,,1
480,kernel_group,1,27,2,,,
480,intermediate_write,1,27,2,,,2
481,kernel_group,1,27,3,,,
481,intermediate_write,1,27,3,,,3
482,kernel_group,1,27,4,,,
482,intermediate_write,1,27,4,,,4
483,kernel_group,1,27,5,,,
483,intermediate_write,1,27,5,,,5
484,kernel_group,1,27,6,,,
484,intermediate_write,1,27,6,,,6
485,kernel_group,1,27,7,,,
485,intermediate_write,1,27,7,,,7
486,kernel_group,1,27,8,,,
486,stage_capture,1,29,15,29,,
486,intermediate_write,1,27,8,,,8
487,vector_start,1,29,,,,
487,kernel_group,1,27,9,,,
487,intermediate_write,1,27,9,,,9
488,kernel_group,1,27,10,,,
488,intermediate_write,1,27,10,,,10
489,kernel_group,1,27,11,,,
489,intermediate_write,1,27,11,,,11
490,kernel_group,1,27,12,,,
490,intermediate_write,1,27,12,,,12
491,kernel_group,1,27,13,,,
491,intermediate_write,1,27,13,,,13
492,kernel_group,1,27,14,,,
492,intermediate_write,1,27,14,,,14
493,kernel_group,1,27,15,,,
493,intermediate_write,1,27,15,,,15
494,kernel_group,1,28,0,,,
494,intermediate_write,1,28,0,,,0
495,kernel_group,1,28,1,,,
495,intermediate_write,1,28,1,,,1
496,kernel_group,1,28,2,,,
496,intermediate_write,1,28,2,,,2
497,kernel_group,1,28,3,,,
497,intermediate_write,1,28,3,,,3
498,kernel_group,1,28,4,,,
498,intermediate_write,1,28,4,,,4
499,kernel_group,1,28,5,,,
499,intermediate_write,1,28,5,,,5
500,kernel_group,1,28,6,,,
500,intermediate_write,1,28,6,,,6
501,kernel_group,1,28,7,,,
501,intermediate_write,1,28,7,,,7
502,kernel_group,1,28,8,,,
502,stage_capture,1,30,15,30,,
502,intermediate_write,1,28,8,,,8
503,vector_start,1,30,,,,
503,kernel_group,1,28,9,,,
503,intermediate_write,1,28,9,,,9
504,kernel_group,1,28,10,,,
504,intermediate_write,1,28,10,,,10
505,kernel_group,1,28,11,,,
505,intermediate_write,1,28,11,,,11
506,kernel_group,1,28,12,,,
506,intermediate_write,1,28,12,,,12
507,kernel_group,1,28,13,,,
507,intermediate_write,1,28,13,,,13
508,kernel_group,1,28,14,,,
508,intermediate_write,1,28,14,,,14
509,kernel_group,1,28,15,,,
509,intermediate_write,1,28,15,,,15
510,kernel_group,1,29,0,,,
510,intermediate_write,1,29,0,,,0
511,kernel_group,1,29,1,,,
511,intermediate_write,1,29,1,,,1
512,kernel_group,1,29,2,,,
512,intermediate_write,1,29,2,,,2
513,kernel_group,1,29,3,,,
513,intermediate_write,1,29,3,,,3
514,kernel_group,1,29,4,,,
514,intermediate_write,1,29,4,,,4
515,kernel_group,1,29,5,,,
515,intermediate_write,1,29,5,,,5
516,kernel_group,1,29,6,,,
516,intermediate_write,1,29,6,,,6
517,kernel_group,1,29,7,,,
517,intermediate_write,1,29,7,,,7
518,kernel_group,1,29,8,,,
518,stage_capture,1,31,15,31,,
518,intermediate_write,1,29,8,,,8
519,vector_start,1,31,,,,
519,kernel_group,1,29,9,,,
519,intermediate_write,1,29,9,,,9
520,kernel_group,1,29,10,,,
520,intermediate_write,1,29,10,,,10
521,kernel_group,1,29,11,,,
521,intermediate_write,1,29,11,,,11
522,kernel_group,1,29,12,,,
522,intermediate_write,1,29,12,,,12
523,kernel_group,1,29,13,,,
523,intermediate_write,1,29,13,,,13
524,kernel_group,1,29,14,,,
524,intermediate_write,1,29,14,,,14
525,kernel_group,1,29,15,,,
525,intermediate_write,1,29,15,,,15
526,kernel_group,1,30,0,,,
526,intermediate_write,1,30,0,,,0
527,kernel_group,1,30,1,,,
527,intermediate_write,1,30,1,,,1
528,kernel_group,1,30,2,,,
528,intermediate_write,1,30,2,,,2
529,kernel_group,1,30,3,,,
529,intermediate_write,1,30,3,,,3
530,kernel_group,1,30,4,,,
530,intermediate_write,1,30,4,,,4
531,kernel_group,1,30,5,,,
531,intermediate_write,1,30,5,,,5
532,kernel_group,1,30,6,,,
532,intermediate_write,1,30,6,,,6
533,kernel_group,1,30,7,,,
533,intermediate_write,1,30,7,,,7
534,kernel_group,1,30,8,,,
534,stage_capture,1,32,15,32,,
534,intermediate_write,1,30,8,,,8
535,vector_start,1,32,,,,
535,kernel_group,1,30,9,,,
535,intermediate_write,1,30,9,,,9
536,kernel_group,1,30,10,,,
536,intermediate_write,1,30,10,,,10
537,kernel_group,1,30,11,,,
537,intermediate_write,1,30,11,,,11
538,kernel_group,1,30,12,,,
538,intermediate_write,1,30,12,,,12
539,kernel_group,1,30,13,,,
539,intermediate_write,1,30,13,,,13
540,kernel_group,1,30,14,,,
540,intermediate_write,1,30,14,,,14
541,kernel_group,1,30,15,,,
541,intermediate_write,1,30,15,,,15
542,kernel_group,1,31,0,,,
542,intermediate_write,1,31,0,,,0
543,kernel_group,1,31,1,,,
543,intermediate_write,1,31,1,,,1
544,kernel_group,1,31,2,,,
544,intermediate_write,1,31,2,,,2
545,kernel_group,1,31,3,,,
545,intermediate_write,1,31,3,,,3
546,kernel_group,1,31,4,,,
546,intermediate_write,1,31,4,,,4
547,kernel_group,1,31,5,,,
547,intermediate_write,1,31,5,,,5
548,kernel_group,1,31,6,,,
548,intermediate_write,1,31,6,,,6
549,kernel_group,1,31,7,,,
549,intermediate_write,1,31,7,,,7
550,kernel_group,1,31,8,,,
550,stage_capture,1,33,15,33,,
550,intermediate_write,1,31,8,,,8
551,vector_start,1,33,,,,
551,kernel_group,1,31,9,,,
551,intermediate_write,1,31,9,,,9
552,kernel_group,1,31,10,,,
552,intermediate_write,1,31,10,,,10
553,kernel_group,1,31,11,,,
553,intermediate_write,1,31,11,,,11
554,kernel_group,1,31,12,,,
554,intermediate_write,1,31,12,,,12
555,kernel_group,1,31,13,,,
555,intermediate_write,1,31,13,,,13
556,kernel_group,1,31,14,,,
556,intermediate_write,1,31,14,,,14
557,kernel_group,1,31,15,,,
557,intermediate_write,1,31,15,,,15
558,kernel_group,1,32,0,,,
558,intermediate_write,1,32,0,,,0
559,kernel_group,1,32,1,,,
559,intermediate_write,1,32,1,,,1
560,kernel_group,1,32,2,,,
560,intermediate_write,1,32,2,,,2
561,kernel_group,1,32,3,,,
561,intermediate_write,1,32,3,,,3
562,kernel_group,1,32,4,,,
562,intermediate_write,1,32,4,,,4
563,kernel_group,1,32,5,,,
563,intermediate_write,1,32,5,,,5
564,kernel_group,1,32,6,,,
564,intermediate_write,1,32,6,,,6
565,kernel_group,1,32,7,,,
565,intermediate_write,1,32,7,,,7
566,kernel_group,1,32,8,,,
566,stage_capture,1,34,15,34,,
566,intermediate_write,1,32,8,,,8
567,vector_start,1,34,,,,
567,kernel_group,1,32,9,,,
567,intermediate_write,1,32,9,,,9
568,kernel_group,1,32,10,,,
568,intermediate_write,1,32,10,,,10
569,kernel_group,1,32,11,,,
569,intermediate_write,1,32,11,,,11
570,kernel_group,1,32,12,,,
570,intermediate_write,1,32,12,,,12
571,kernel_group,1,32,13,,,
571,intermediate_write,1,32,13,,,13
572,kernel_group,1,32,14,,,
572,intermediate_write,1,32,14,,,14
573,kernel_group,1,32,15,,,
573,intermediate_write,1,32,15,,,15
574,kernel_group,1,33,0,,,
574,intermediate_write,1,33,0,,,0
575,kernel_group,1,33,1,,,
575,intermediate_write,1,33,1,,,1
576,kernel_group,1,33,2,,,
576,intermediate_write,1,33,2,,,2
577,kernel_group,1,33,3,,,
577,intermediate_write,1,33,3,,,3
578,kernel_group,1,33,4,,,
578,intermediate_write,1,33,4,,,4
579,kernel_group,1,33,5,,,
579,intermediate_write,1,33,5,,,5
580,kernel_group,1,33,6,,,
580,intermediate_write,1,33,6,,,6
581,kernel_group,1,33,7,,,
581,intermediate_write,1,33,7,,,7
582,kernel_group,1,33,8,,,
582,stage_capture,1,35,15,35,,
582,intermediate_write,1,33,8,,,8
583,vector_start,1,35,,,,
583,kernel_group,1,33,9,,,
583,intermediate_write,1,33,9,,,9
584,kernel_group,1,33,10,,,
584,intermediate_write,1,33,10,,,10
585,kernel_group,1,33,11,,,
585,intermediate_write,1,33,11,,,11
586,kernel_group,1,33,12,,,
586,intermediate_write,1,33,12,,,12
587,kernel_group,1,33,13,,,
587,intermediate_write,1,33,13,,,13
588,kernel_group,1,33,14,,,
588,intermediate_write,1,33,14,,,14
589,kernel_group,1,33,15,,,
589,intermediate_write,1,33,15,,,15
590,kernel_group,1,34,0,,,
590,intermediate_write,1,34,0,,,0
591,kernel_group,1,34,1,,,
591,intermediate_write,1,34,1,,,1
592,kernel_group,1,34,2,,,
592,intermediate_write,1,34,2,,,2
593,kernel_group,1,34,3,,,
593,intermediate_write,1,34,3,,,3
594,kernel_group,1,34,4,,,
594,intermediate_write,1,34,4,,,4
595,kernel_group,1,34,5,,,
595,intermediate_write,1,34,5,,,5
596,kernel_group,1,34,6,,,
596,intermediate_write,1,34,6,,,6
597,kernel_group,1,34,7,,,
597,intermediate_write,1,34,7,,,7
598,kernel_group,1,34,8,,,
598,stage_capture,1,36,15,36,,
598,intermediate_write,1,34,8,,,8
599,vector_start,1,36,,,,
599,kernel_group,1,34,9,,,
599,intermediate_write,1,34,9,,,9
600,kernel_group,1,34,10,,,
600,intermediate_write,1,34,10,,,10
601,kernel_group,1,34,11,,,
601,intermediate_write,1,34,11,,,11
602,kernel_group,1,34,12,,,
602,intermediate_write,1,34,12,,,12
603,kernel_group,1,34,13,,,
603,intermediate_write,1,34,13,,,13
604,kernel_group,1,34,14,,,
604,intermediate_write,1,34,14,,,14
605,kernel_group,1,34,15,,,
605,intermediate_write,1,34,15,,,15
606,kernel_group,1,35,0,,,
606,intermediate_write,1,35,0,,,0
607,kernel_group,1,35,1,,,
607,intermediate_write,1,35,1,,,1
608,kernel_group,1,35,2,,,
608,intermediate_write,1,35,2,,,2
609,kernel_group,1,35,3,,,
609,intermediate_write,1,35,3,,,3
610,kernel_group,1,35,4,,,
610,intermediate_write,1,35,4,,,4
611,kernel_group,1,35,5,,,
611,intermediate_write,1,35,5,,,5
612,kernel_group,1,35,6,,,
612,intermediate_write,1,35,6,,,6
613,kernel_group,1,35,7,,,
613,intermediate_write,1,35,7,,,7
614,kernel_group,1,35,8,,,
614,stage_capture,1,37,15,37,,
614,intermediate_write,1,35,8,,,8
615,vector_start,1,37,,,,
615,kernel_group,1,35,9,,,
615,intermediate_write,1,35,9,,,9
616,kernel_group,1,35,10,,,
616,intermediate_write,1,35,10,,,10
617,kernel_group,1,35,11,,,
617,intermediate_write,1,35,11,,,11
618,kernel_group,1,35,12,,,
618,intermediate_write,1,35,12,,,12
619,kernel_group,1,35,13,,,
619,intermediate_write,1,35,13,,,13
620,kernel_group,1,35,14,,,
620,intermediate_write,1,35,14,,,14
621,kernel_group,1,35,15,,,
621,intermediate_write,1,35,15,,,15
622,kernel_group,1,36,0,,,
622,intermediate_write,1,36,0,,,0
623,kernel_group,1,36,1,,,
623,intermediate_write,1,36,1,,,1
624,kernel_group,1,36,2,,,
624,intermediate_write,1,36,2,,,2
625,kernel_group,1,36,3,,,
625,intermediate_write,1,36,3,,,3
626,kernel_group,1,36,4,,,
626,intermediate_write,1,36,4,,,4
627,kernel_group,1,36,5,,,
627,intermediate_write,1,36,5,,,5
628,kernel_group,1,36,6,,,
628,intermediate_write,1,36,6,,,6
629,kernel_group,1,36,7,,,
629,intermediate_write,1,36,7,,,7
630,kernel_group,1,36,8,,,
630,stage_capture,1,38,15,38,,
630,intermediate_write,1,36,8,,,8
631,vector_start,1,38,,,,
631,kernel_group,1,36,9,,,
631,intermediate_write,1,36,9,,,9
632,kernel_group,1,36,10,,,
632,intermediate_write,1,36,10,,,10
633,kernel_group,1,36,11,,,
633,intermediate_write,1,36,11,,,11
634,kernel_group,1,36,12,,,
634,intermediate_write,1,36,12,,,12
635,kernel_group,1,36,13,,,
635,intermediate_write,1,36,13,,,13
636,kernel_group,1,36,14,,,
636,intermediate_write,1,36,14,,,14
637,kernel_group,1,36,15,,,
637,intermediate_write,1,36,15,,,15
638,kernel_group,1,37,0,,,
638,intermediate_write,1,37,0,,,0
639,kernel_group,1,37,1,,,
639,intermediate_write,1,37,1,,,1
640,kernel_group,1,37,2,,,
640,intermediate_write,1,37,2,,,2
641,kernel_group,1,37,3,,,
641,intermediate_write,1,37,3,,,3
642,kernel_group,1,37,4,,,
642,intermediate_write,1,37,4,,,4
643,kernel_group,1,37,5,,,
643,intermediate_write,1,37,5,,,5
644,kernel_group,1,37,6,,,
644,intermediate_write,1,37,6,,,6
645,kernel_group,1,37,7,,,
645,intermediate_write,1,37,7,,,7
646,kernel_group,1,37,8,,,
646,stage_capture,1,39,15,39,,
646,intermediate_write,1,37,8,,,8
647,vector_start,1,39,,,,
647,kernel_group,1,37,9,,,
647,intermediate_write,1,37,9,,,9
648,kernel_group,1,37,10,,,
648,intermediate_write,1,37,10,,,10
649,kernel_group,1,37,11,,,
649,intermediate_write,1,37,11,,,11
650,kernel_group,1,37,12,,,
650,intermediate_write,1,37,12,,,12
651,kernel_group,1,37,13,,,
651,intermediate_write,1,37,13,,,13
652,kernel_group,1,37,14,,,
652,intermediate_write,1,37,14,,,14
653,kernel_group,1,37,15,,,
653,intermediate_write,1,37,15,,,15
654,kernel_group,1,38,0,,,
654,intermediate_write,1,38,0,,,0
655,kernel_group,1,38,1,,,
655,intermediate_write,1,38,1,,,1
656,kernel_group,1,38,2,,,
656,intermediate_write,1,38,2,,,2
657,kernel_group,1,38,3,,,
657,intermediate_write,1,38,3,,,3
658,kernel_group,1,38,4,,,
658,intermediate_write,1,38,4,,,4
659,kernel_group,1,38,5,,,
659,intermediate_write,1,38,5,,,5
660,kernel_group,1,38,6,,,
660,intermediate_write,1,38,6,,,6
661,kernel_group,1,38,7,,,
661,intermediate_write,1,38,7,,,7
662,kernel_group,1,38,8,,,
662,stage_capture,1,40,15,40,,
662,intermediate_write,1,38,8,,,8
663,vector_start,1,40,,,,
663,kernel_group,1,38,9,,,
663,intermediate_write,1,38,9,,,9
664,kernel_group,1,38,10,,,
664,intermediate_write,1,38,10,,,10
665,kernel_group,1,38,11,,,
665,intermediate_write,1,38,11,,,11
666,kernel_group,1,38,12,,,
666,intermediate_write,1,38,12,,,12
667,kernel_group,1,38,13,,,
667,intermediate_write,1,38,13,,,13
668,kernel_group,1,38,14,,,
668,intermediate_write,1,38,14,,,14
669,kernel_group,1,38,15,,,
669,intermediate_write,1,38,15,,,15
670,kernel_group,1,39,0,,,
670,intermediate_write,1,39,0,,,0
671,kernel_group,1,39,1,,,
671,intermediate_write,1,39,1,,,1
672,kernel_group,1,39,2,,,
672,intermediate_write,1,39,2,,,2
673,kernel_group,1,39,3,,,
673,intermediate_write,1,39,3,,,3
674,kernel_group,1,39,4,,,
674,intermediate_write,1,39,4,,,4
675,kernel_group,1,39,5,,,
675,intermediate_write,1,39,5,,,5
676,kernel_group,1,39,6,,,
676,intermediate_write,1,39,6,,,6
677,kernel_group,1,39,7,,,
677,intermediate_write,1,39,7,,,7
678,kernel_group,1,39,8,,,
678,stage_capture,1,41,15,41,,
678,intermediate_write,1,39,8,,,8
679,vector_start,1,41,,,,
679,kernel_group,1,39,9,,,
679,intermediate_write,1,39,9,,,9
680,kernel_group,1,39,10,,,
680,intermediate_write,1,39,10,,,10
681,kernel_group,1,39,11,,,
681,intermediate_write,1,39,11,,,11
682,kernel_group,1,39,12,,,
682,intermediate_write,1,39,12,,,12
683,kernel_group,1,39,13,,,
683,intermediate_write,1,39,13,,,13
684,kernel_group,1,39,14,,,
684,intermediate_write,1,39,14,,,14
685,kernel_group,1,39,15,,,
685,intermediate_write,1,39,15,,,15
686,kernel_group,1,40,0,,,
686,intermediate_write,1,40,0,,,0
687,kernel_group,1,40,1,,,
687,intermediate_write,1,40,1,,,1
688,kernel_group,1,40,2,,,
688,intermediate_write,1,40,2,,,2
689,kernel_group,1,40,3,,,
689,intermediate_write,1,40,3,,,3
690,kernel_group,1,40,4,,,
690,intermediate_write,1,40,4,,,4
691,kernel_group,1,40,5,,,
691,intermediate_write,1,40,5,,,5
692,kernel_group,1,40,6,,,
692,intermediate_write,1,40,6,,,6
693,kernel_group,1,40,7,,,
693,intermediate_write,1,40,7,,,7
694,kernel_group,1,40,8,,,
694,stage_capture,1,42,15,42,,
694,intermediate_write,1,40,8,,,8
695,vector_start,1,42,,,,
695,kernel_group,1,40,9,,,
695,intermediate_write,1,40,9,,,9
696,kernel_group,1,40,10,,,
696,intermediate_write,1,40,10,,,10
697,kernel_group,1,40,11,,,
697,intermediate_write,1,40,11,,,11
698,kernel_group,1,40,12,,,
698,intermediate_write,1,40,12,,,12
699,kernel_group,1,40,13,,,
699,intermediate_write,1,40,13,,,13
700,kernel_group,1,40,14,,,
700,intermediate_write,1,40,14,,,14
701,kernel_group,1,40,15,,,
701,intermediate_write,1,40,15,,,15
702,kernel_group,1,41,0,,,
702,intermediate_write,1,41,0,,,0
703,kernel_group,1,41,1,,,
703,intermediate_write,1,41,1,,,1
704,kernel_group,1,41,2,,,
704,intermediate_write,1,41,2,,,2
705,kernel_group,1,41,3,,,
705,intermediate_write,1,41,3,,,3
706,kernel_group,1,41,4,,,
706,intermediate_write,1,41,4,,,4
707,kernel_group,1,41,5,,,
707,intermediate_write,1,41,5,,,5
708,kernel_group,1,41,6,,,
708,intermediate_write,1,41,6,,,6
709,kernel_group,1,41,7,,,
709,intermediate_write,1,41,7,,,7
710,kernel_group,1,41,8,,,
710,stage_capture,1,43,15,43,,
710,intermediate_write,1,41,8,,,8
711,vector_start,1,43,,,,
711,kernel_group,1,41,9,,,
711,intermediate_write,1,41,9,,,9
712,kernel_group,1,41,10,,,
712,intermediate_write,1,41,10,,,10
713,kernel_group,1,41,11,,,
713,intermediate_write,1,41,11,,,11
714,kernel_group,1,41,12,,,
714,intermediate_write,1,41,12,,,12
715,kernel_group,1,41,13,,,
715,intermediate_write,1,41,13,,,13
716,kernel_group,1,41,14,,,
716,intermediate_write,1,41,14,,,14
717,kernel_group,1,41,15,,,
717,intermediate_write,1,41,15,,,15
718,kernel_group,1,42,0,,,
718,intermediate_write,1,42,0,,,0
719,kernel_group,1,42,1,,,
719,intermediate_write,1,42,1,,,1
720,kernel_group,1,42,2,,,
720,intermediate_write,1,42,2,,,2
721,kernel_group,1,42,3,,,
721,intermediate_write,1,42,3,,,3
722,kernel_group,1,42,4,,,
722,intermediate_write,1,42,4,,,4
723,kernel_group,1,42,5,,,
723,intermediate_write,1,42,5,,,5
724,kernel_group,1,42,6,,,
724,intermediate_write,1,42,6,,,6
725,kernel_group,1,42,7,,,
725,intermediate_write,1,42,7,,,7
726,kernel_group,1,42,8,,,
726,stage_capture,1,44,15,44,,
726,intermediate_write,1,42,8,,,8
727,vector_start,1,44,,,,
727,kernel_group,1,42,9,,,
727,intermediate_write,1,42,9,,,9
728,kernel_group,1,42,10,,,
728,intermediate_write,1,42,10,,,10
729,kernel_group,1,42,11,,,
729,intermediate_write,1,42,11,,,11
730,kernel_group,1,42,12,,,
730,intermediate_write,1,42,12,,,12
731,kernel_group,1,42,13,,,
731,intermediate_write,1,42,13,,,13
732,kernel_group,1,42,14,,,
732,intermediate_write,1,42,14,,,14
733,kernel_group,1,42,15,,,
733,intermediate_write,1,42,15,,,15
734,kernel_group,1,43,0,,,
734,intermediate_write,1,43,0,,,0
735,kernel_group,1,43,1,,,
735,intermediate_write,1,43,1,,,1
736,kernel_group,1,43,2,,,
736,intermediate_write,1,43,2,,,2
737,kernel_group,1,43,3,,,
737,intermediate_write,1,43,3,,,3
738,kernel_group,1,43,4,,,
738,intermediate_write,1,43,4,,,4
739,kernel_group,1,43,5,,,
739,intermediate_write,1,43,5,,,5
740,kernel_group,1,43,6,,,
740,intermediate_write,1,43,6,,,6
741,kernel_group,1,43,7,,,
741,intermediate_write,1,43,7,,,7
742,kernel_group,1,43,8,,,
742,stage_capture,1,45,15,45,,
742,intermediate_write,1,43,8,,,8
743,vector_start,1,45,,,,
743,kernel_group,1,43,9,,,
743,intermediate_write,1,43,9,,,9
744,kernel_group,1,43,10,,,
744,intermediate_write,1,43,10,,,10
745,kernel_group,1,43,11,,,
745,intermediate_write,1,43,11,,,11
746,kernel_group,1,43,12,,,
746,intermediate_write,1,43,12,,,12
747,kernel_group,1,43,13,,,
747,intermediate_write,1,43,13,,,13
748,kernel_group,1,43,14,,,
748,intermediate_write,1,43,14,,,14
749,kernel_group,1,43,15,,,
749,intermediate_write,1,43,15,,,15
750,kernel_group,1,44,0,,,
750,intermediate_write,1,44,0,,,0
751,kernel_group,1,44,1,,,
751,intermediate_write,1,44,1,,,1
752,kernel_group,1,44,2,,,
752,intermediate_write,1,44,2,,,2
753,kernel_group,1,44,3,,,
753,intermediate_write,1,44,3,,,3
754,kernel_group,1,44,4,,,
754,intermediate_write,1,44,4,,,4
755,kernel_group,1,44,5,,,
755,intermediate_write,1,44,5,,,5
756,kernel_group,1,44,6,,,
756,intermediate_write,1,44,6,,,6
757,kernel_group,1,44,7,,,
757,intermediate_write,1,44,7,,,7
758,kernel_group,1,44,8,,,
758,stage_capture,1,46,15,46,,
758,intermediate_write,1,44,8,,,8
759,vector_start,1,46,,,,
759,kernel_group,1,44,9,,,
759,intermediate_write,1,44,9,,,9
760,kernel_group,1,44,10,,,
760,intermediate_write,1,44,10,,,10
761,kernel_group,1,44,11,,,
761,intermediate_write,1,44,11,,,11
762,kernel_group,1,44,12,,,
762,intermediate_write,1,44,12,,,12
763,kernel_group,1,44,13,,,
763,intermediate_write,1,44,13,,,13
764,kernel_group,1,44,14,,,
764,intermediate_write,1,44,14,,,14
765,kernel_group,1,44,15,,,
765,intermediate_write,1,44,15,,,15
766,kernel_group,1,45,0,,,
766,intermediate_write,1,45,0,,,0
767,kernel_group,1,45,1,,,
767,intermediate_write,1,45,1,,,1
768,kernel_group,1,45,2,,,
768,intermediate_write,1,45,2,,,2
769,kernel_group,1,45,3,,,
769,intermediate_write,1,45,3,,,3
770,kernel_group,1,45,4,,,
770,intermediate_write,1,45,4,,,4
771,kernel_group,1,45,5,,,
771,intermediate_write,1,45,5,,,5
772,kernel_group,1,45,6,,,
772,intermediate_write,1,45,6,,,6
773,kernel_group,1,45,7,,,
773,intermediate_write,1,45,7,,,7
774,kernel_group,1,45,8,,,
774,stage_capture,1,47,15,47,,
774,intermediate_write,1,45,8,,,8
775,vector_start,1,47,,,,
775,kernel_group,1,45,9,,,
775,intermediate_write,1,45,9,,,9
776,kernel_group,1,45,10,,,
776,intermediate_write,1,45,10,,,10
777,kernel_group,1,45,11,,,
777,intermediate_write,1,45,11,,,11
778,kernel_group,1,45,12,,,
778,intermediate_write,1,45,12,,,12
779,kernel_group,1,45,13,,,
779,intermediate_write,1,45,13,,,13
780,kernel_group,1,45,14,,,
780,intermediate_write,1,45,14,,,14
781,kernel_group,1,45,15,,,
781,intermediate_write,1,45,15,,,15
782,kernel_group,1,46,0,,,
782,intermediate_write,1,46,0,,,0
783,kernel_group,1,46,1,,,
783,intermediate_write,1,46,1,,,1
784,kernel_group,1,46,2,,,
784,intermediate_write,1,46,2,,,2
785,kernel_group,1,46,3,,,
785,intermediate_write,1,46,3,,,3
786,kernel_group,1,46,4,,,
786,intermediate_write,1,46,4,,,4
787,kernel_group,1,46,5,,,
787,intermediate_write,1,46,5,,,5
788,kernel_group,1,46,6,,,
788,intermediate_write,1,46,6,,,6
789,kernel_group,1,46,7,,,
789,intermediate_write,1,46,7,,,7
790,kernel_group,1,46,8,,,
790,stage_capture,1,48,15,48,,
790,intermediate_write,1,46,8,,,8
791,vector_start,1,48,,,,
791,kernel_group,1,46,9,,,
791,intermediate_write,1,46,9,,,9
792,kernel_group,1,46,10,,,
792,intermediate_write,1,46,10,,,10
793,kernel_group,1,46,11,,,
793,intermediate_write,1,46,11,,,11
794,kernel_group,1,46,12,,,
794,intermediate_write,1,46,12,,,12
795,kernel_group,1,46,13,,,
795,intermediate_write,1,46,13,,,13
796,kernel_group,1,46,14,,,
796,intermediate_write,1,46,14,,,14
797,kernel_group,1,46,15,,,
797,intermediate_write,1,46,15,,,15
798,kernel_group,1,47,0,,,
798,intermediate_write,1,47,0,,,0
799,kernel_group,1,47,1,,,
799,intermediate_write,1,47,1,,,1
800,kernel_group,1,47,2,,,
800,intermediate_write,1,47,2,,,2
801,kernel_group,1,47,3,,,
801,intermediate_write,1,47,3,,,3
802,kernel_group,1,47,4,,,
802,intermediate_write,1,47,4,,,4
803,kernel_group,1,47,5,,,
803,intermediate_write,1,47,5,,,5
804,kernel_group,1,47,6,,,
804,intermediate_write,1,47,6,,,6
805,kernel_group,1,47,7,,,
805,intermediate_write,1,47,7,,,7
806,kernel_group,1,47,8,,,
806,stage_capture,1,49,15,49,,
806,intermediate_write,1,47,8,,,8
807,vector_start,1,49,,,,
807,kernel_group,1,47,9,,,
807,intermediate_write,1,47,9,,,9
808,kernel_group,1,47,10,,,
808,intermediate_write,1,47,10,,,10
809,kernel_group,1,47,11,,,
809,intermediate_write,1,47,11,,,11
810,kernel_group,1,47,12,,,
810,intermediate_write,1,47,12,,,12
811,kernel_group,1,47,13,,,
811,intermediate_write,1,47,13,,,13
812,kernel_group,1,47,14,,,
812,intermediate_write,1,47,14,,,14
813,kernel_group,1,47,15,,,
813,intermediate_write,1,47,15,,,15
814,kernel_group,1,48,0,,,
814,intermediate_write,1,48,0,,,0
815,kernel_group,1,48,1,,,
815,intermediate_write,1,48,1,,,1
816,kernel_group,1,48,2,,,
816,intermediate_write,1,48,2,,,2
817,kernel_group,1,48,3,,,
817,intermediate_write,1,48,3,,,3
818,kernel_group,1,48,4,,,
818,intermediate_write,1,48,4,,,4
819,kernel_group,1,48,5,,,
819,intermediate_write,1,48,5,,,5
820,kernel_group,1,48,6,,,
820,intermediate_write,1,48,6,,,6
821,kernel_group,1,48,7,,,
821,intermediate_write,1,48,7,,,7
822,kernel_group,1,48,8,,,
822,stage_capture,1,50,15,50,,
822,intermediate_write,1,48,8,,,8
823,vector_start,1,50,,,,
823,kernel_group,1,48,9,,,
823,intermediate_write,1,48,9,,,9
824,kernel_group,1,48,10,,,
824,intermediate_write,1,48,10,,,10
825,kernel_group,1,48,11,,,
825,intermediate_write,1,48,11,,,11
826,kernel_group,1,48,12,,,
826,intermediate_write,1,48,12,,,12
827,kernel_group,1,48,13,,,
827,intermediate_write,1,48,13,,,13
828,kernel_group,1,48,14,,,
828,intermediate_write,1,48,14,,,14
829,kernel_group,1,48,15,,,
829,intermediate_write,1,48,15,,,15
830,kernel_group,1,49,0,,,
830,intermediate_write,1,49,0,,,0
831,kernel_group,1,49,1,,,
831,intermediate_write,1,49,1,,,1
832,kernel_group,1,49,2,,,
832,intermediate_write,1,49,2,,,2
833,kernel_group,1,49,3,,,
833,intermediate_write,1,49,3,,,3
834,kernel_group,1,49,4,,,
834,intermediate_write,1,49,4,,,4
835,kernel_group,1,49,5,,,
835,intermediate_write,1,49,5,,,5
836,kernel_group,1,49,6,,,
836,intermediate_write,1,49,6,,,6
837,kernel_group,1,49,7,,,
837,intermediate_write,1,49,7,,,7
838,kernel_group,1,49,8,,,
838,stage_capture,1,51,15,51,,
838,intermediate_write,1,49,8,,,8
839,vector_start,1,51,,,,
839,kernel_group,1,49,9,,,
839,intermediate_write,1,49,9,,,9
840,kernel_group,1,49,10,,,
840,intermediate_write,1,49,10,,,10
841,kernel_group,1,49,11,,,
841,intermediate_write,1,49,11,,,11
842,kernel_group,1,49,12,,,
842,intermediate_write,1,49,12,,,12
843,kernel_group,1,49,13,,,
843,intermediate_write,1,49,13,,,13
844,kernel_group,1,49,14,,,
844,intermediate_write,1,49,14,,,14
845,kernel_group,1,49,15,,,
845,intermediate_write,1,49,15,,,15
846,kernel_group,1,50,0,,,
846,intermediate_write,1,50,0,,,0
847,kernel_group,1,50,1,,,
847,intermediate_write,1,50,1,,,1
848,kernel_group,1,50,2,,,
848,intermediate_write,1,50,2,,,2
849,kernel_group,1,50,3,,,
849,intermediate_write,1,50,3,,,3
850,kernel_group,1,50,4,,,
850,intermediate_write,1,50,4,,,4
851,kernel_group,1,50,5,,,
851,intermediate_write,1,50,5,,,5
852,kernel_group,1,50,6,,,
852,intermediate_write,1,50,6,,,6
853,kernel_group,1,50,7,,,
853,intermediate_write,1,50,7,,,7
854,kernel_group,1,50,8,,,
854,stage_capture,1,52,15,52,,
854,intermediate_write,1,50,8,,,8
855,vector_start,1,52,,,,
855,kernel_group,1,50,9,,,
855,intermediate_write,1,50,9,,,9
856,kernel_group,1,50,10,,,
856,intermediate_write,1,50,10,,,10
857,kernel_group,1,50,11,,,
857,intermediate_write,1,50,11,,,11
858,kernel_group,1,50,12,,,
858,intermediate_write,1,50,12,,,12
859,kernel_group,1,50,13,,,
859,intermediate_write,1,50,13,,,13
860,kernel_group,1,50,14,,,
860,intermediate_write,1,50,14,,,14
861,kernel_group,1,50,15,,,
861,intermediate_write,1,50,15,,,15
862,kernel_group,1,51,0,,,
862,intermediate_write,1,51,0,,,0
863,kernel_group,1,51,1,,,
863,intermediate_write,1,51,1,,,1
864,kernel_group,1,51,2,,,
864,intermediate_write,1,51,2,,,2
865,kernel_group,1,51,3,,,
865,intermediate_write,1,51,3,,,3
866,kernel_group,1,51,4,,,
866,intermediate_write,1,51,4,,,4
867,kernel_group,1,51,5,,,
867,intermediate_write,1,51,5,,,5
868,kernel_group,1,51,6,,,
868,intermediate_write,1,51,6,,,6
869,kernel_group,1,51,7,,,
869,intermediate_write,1,51,7,,,7
870,kernel_group,1,51,8,,,
870,stage_capture,1,53,15,53,,
870,intermediate_write,1,51,8,,,8
871,vector_start,1,53,,,,
871,kernel_group,1,51,9,,,
871,intermediate_write,1,51,9,,,9
872,kernel_group,1,51,10,,,
872,intermediate_write,1,51,10,,,10
873,kernel_group,1,51,11,,,
873,intermediate_write,1,51,11,,,11
874,kernel_group,1,51,12,,,
874,intermediate_write,1,51,12,,,12
875,kernel_group,1,51,13,,,
875,intermediate_write,1,51,13,,,13
876,kernel_group,1,51,14,,,
876,intermediate_write,1,51,14,,,14
877,kernel_group,1,51,15,,,
877,intermediate_write,1,51,15,,,15
878,kernel_group,1,52,0,,,
878,intermediate_write,1,52,0,,,0
879,kernel_group,1,52,1,,,
879,intermediate_write,1,52,1,,,1
880,kernel_group,1,52,2,,,
880,intermediate_write,1,52,2,,,2
881,kernel_group,1,52,3,,,
881,intermediate_write,1,52,3,,,3
882,kernel_group,1,52,4,,,
882,intermediate_write,1,52,4,,,4
883,kernel_group,1,52,5,,,
883,intermediate_write,1,52,5,,,5
884,kernel_group,1,52,6,,,
884,intermediate_write,1,52,6,,,6
885,kernel_group,1,52,7,,,
885,intermediate_write,1,52,7,,,7
886,kernel_group,1,52,8,,,
886,stage_capture,1,54,15,54,,
886,intermediate_write,1,52,8,,,8
887,vector_start,1,54,,,,
887,kernel_group,1,52,9,,,
887,intermediate_write,1,52,9,,,9
888,kernel_group,1,52,10,,,
888,intermediate_write,1,52,10,,,10
889,kernel_group,1,52,11,,,
889,intermediate_write,1,52,11,,,11
890,kernel_group,1,52,12,,,
890,intermediate_write,1,52,12,,,12
891,kernel_group,1,52,13,,,
891,intermediate_write,1,52,13,,,13
892,kernel_group,1,52,14,,,
892,intermediate_write,1,52,14,,,14
893,kernel_group,1,52,15,,,
893,intermediate_write,1,52,15,,,15
894,kernel_group,1,53,0,,,
894,intermediate_write,1,53,0,,,0
895,kernel_group,1,53,1,,,
895,intermediate_write,1,53,1,,,1
896,kernel_group,1,53,2,,,
896,intermediate_write,1,53,2,,,2
897,kernel_group,1,53,3,,,
897,intermediate_write,1,53,3,,,3
898,kernel_group,1,53,4,,,
898,intermediate_write,1,53,4,,,4
899,kernel_group,1,53,5,,,
899,intermediate_write,1,53,5,,,5
900,kernel_group,1,53,6,,,
900,intermediate_write,1,53,6,,,6
901,kernel_group,1,53,7,,,
901,intermediate_write,1,53,7,,,7
902,kernel_group,1,53,8,,,
902,stage_capture,1,55,15,55,,
902,intermediate_write,1,53,8,,,8
903,vector_start,1,55,,,,
903,kernel_group,1,53,9,,,
903,intermediate_write,1,53,9,,,9
904,kernel_group,1,53,10,,,
904,intermediate_write,1,53,10,,,10
905,kernel_group,1,53,11,,,
905,intermediate_write,1,53,11,,,11
906,kernel_group,1,53,12,,,
906,intermediate_write,1,53,12,,,12
907,kernel_group,1,53,13,,,
907,intermediate_write,1,53,13,,,13
908,kernel_group,1,53,14,,,
908,intermediate_write,1,53,14,,,14
909,kernel_group,1,53,15,,,
909,intermediate_write,1,53,15,,,15
910,kernel_group,1,54,0,,,
910,intermediate_write,1,54,0,,,0
911,kernel_group,1,54,1,,,
911,intermediate_write,1,54,1,,,1
912,kernel_group,1,54,2,,,
912,intermediate_write,1,54,2,,,2
913,kernel_group,1,54,3,,,
913,intermediate_write,1,54,3,,,3
914,kernel_group,1,54,4,,,
914,intermediate_write,1,54,4,,,4
915,kernel_group,1,54,5,,,
915,intermediate_write,1,54,5,,,5
916,kernel_group,1,54,6,,,
916,intermediate_write,1,54,6,,,6
917,kernel_group,1,54,7,,,
917,intermediate_write,1,54,7,,,7
918,kernel_group,1,54,8,,,
918,stage_capture,1,56,15,56,,
918,intermediate_write,1,54,8,,,8
919,vector_start,1,56,,,,
919,kernel_group,1,54,9,,,
919,intermediate_write,1,54,9,,,9
920,kernel_group,1,54,10,,,
920,intermediate_write,1,54,10,,,10
921,kernel_group,1,54,11,,,
921,intermediate_write,1,54,11,,,11
922,kernel_group,1,54,12,,,
922,intermediate_write,1,54,12,,,12
923,kernel_group,1,54,13,,,
923,intermediate_write,1,54,13,,,13
924,kernel_group,1,54,14,,,
924,intermediate_write,1,54,14,,,14
925,kernel_group,1,54,15,,,
925,intermediate_write,1,54,15,,,15
926,kernel_group,1,55,0,,,
926,intermediate_write,1,55,0,,,0
927,kernel_group,1,55,1,,,
927,intermediate_write,1,55,1,,,1
928,kernel_group,1,55,2,,,
928,intermediate_write,1,55,2,,,2
929,kernel_group,1,55,3,,,
929,intermediate_write,1,55,3,,,3
930,kernel_group,1,55,4,,,
930,intermediate_write,1,55,4,,,4
931,kernel_group,1,55,5,,,
931,intermediate_write,1,55,5,,,5
932,kernel_group,1,55,6,,,
932,intermediate_write,1,55,6,,,6
933,kernel_group,1,55,7,,,
933,intermediate_write,1,55,7,,,7
934,kernel_group,1,55,8,,,
934,stage_capture,1,57,15,57,,
934,intermediate_write,1,55,8,,,8
935,vector_start,1,57,,,,
935,kernel_group,1,55,9,,,
935,intermediate_write,1,55,9,,,9
936,kernel_group,1,55,10,,,
936,intermediate_write,1,55,10,,,10
937,kernel_group,1,55,11,,,
937,intermediate_write,1,55,11,,,11
938,kernel_group,1,55,12,,,
938,intermediate_write,1,55,12,,,12
939,kernel_group,1,55,13,,,
939,intermediate_write,1,55,13,,,13
940,kernel_group,1,55,14,,,
940,intermediate_write,1,55,14,,,14
941,kernel_group,1,55,15,,,
941,intermediate_write,1,55,15,,,15
942,kernel_group,1,56,0,,,
942,intermediate_write,1,56,0,,,0
943,kernel_group,1,56,1,,,
943,intermediate_write,1,56,1,,,1
944,kernel_group,1,56,2,,,
944,intermediate_write,1,56,2,,,2
945,kernel_group,1,56,3,,,
945,intermediate_write,1,56,3,,,3
946,kernel_group,1,56,4,,,
946,intermediate_write,1,56,4,,,4
947,kernel_group,1,56,5,,,
947,intermediate_write,1,56,5,,,5
948,kernel_group,1,56,6,,,
948,intermediate_write,1,56,6,,,6
949,kernel_group,1,56,7,,,
949,intermediate_write,1,56,7,,,7
950,kernel_group,1,56,8,,,
950,stage_capture,1,58,15,58,,
950,intermediate_write,1,56,8,,,8
951,vector_start,1,58,,,,
951,kernel_group,1,56,9,,,
951,intermediate_write,1,56,9,,,9
952,kernel_group,1,56,10,,,
952,intermediate_write,1,56,10,,,10
953,kernel_group,1,56,11,,,
953,intermediate_write,1,56,11,,,11
954,kernel_group,1,56,12,,,
954,intermediate_write,1,56,12,,,12
955,kernel_group,1,56,13,,,
955,intermediate_write,1,56,13,,,13
956,kernel_group,1,56,14,,,
956,intermediate_write,1,56,14,,,14
957,kernel_group,1,56,15,,,
957,intermediate_write,1,56,15,,,15
958,kernel_group,1,57,0,,,
958,intermediate_write,1,57,0,,,0
959,kernel_group,1,57,1,,,
959,intermediate_write,1,57,1,,,1
960,kernel_group,1,57,2,,,
960,intermediate_write,1,57,2,,,2
961,kernel_group,1,57,3,,,
961,intermediate_write,1,57,3,,,3
962,kernel_group,1,57,4,,,
962,intermediate_write,1,57,4,,,4
963,kernel_group,1,57,5,,,
963,intermediate_write,1,57,5,,,5
964,kernel_group,1,57,6,,,
964,intermediate_write,1,57,6,,,6
965,kernel_group,1,57,7,,,
965,intermediate_write,1,57,7,,,7
966,kernel_group,1,57,8,,,
966,stage_capture,1,59,15,59,,
966,intermediate_write,1,57,8,,,8
967,vector_start,1,59,,,,
967,kernel_group,1,57,9,,,
967,intermediate_write,1,57,9,,,9
968,kernel_group,1,57,10,,,
968,intermediate_write,1,57,10,,,10
969,kernel_group,1,57,11,,,
969,intermediate_write,1,57,11,,,11
970,kernel_group,1,57,12,,,
970,intermediate_write,1,57,12,,,12
971,kernel_group,1,57,13,,,
971,intermediate_write,1,57,13,,,13
972,kernel_group,1,57,14,,,
972,intermediate_write,1,57,14,,,14
973,kernel_group,1,57,15,,,
973,intermediate_write,1,57,15,,,15
974,kernel_group,1,58,0,,,
974,intermediate_write,1,58,0,,,0
975,kernel_group,1,58,1,,,
975,intermediate_write,1,58,1,,,1
976,kernel_group,1,58,2,,,
976,intermediate_write,1,58,2,,,2
977,kernel_group,1,58,3,,,
977,intermediate_write,1,58,3,,,3
978,kernel_group,1,58,4,,,
978,intermediate_write,1,58,4,,,4
979,kernel_group,1,58,5,,,
979,intermediate_write,1,58,5,,,5
980,kernel_group,1,58,6,,,
980,intermediate_write,1,58,6,,,6
981,kernel_group,1,58,7,,,
981,intermediate_write,1,58,7,,,7
982,kernel_group,1,58,8,,,
982,stage_capture,1,60,15,60,,
982,intermediate_write,1,58,8,,,8
983,vector_start,1,60,,,,
983,kernel_group,1,58,9,,,
983,intermediate_write,1,58,9,,,9
984,kernel_group,1,58,10,,,
984,intermediate_write,1,58,10,,,10
985,kernel_group,1,58,11,,,
985,intermediate_write,1,58,11,,,11
986,kernel_group,1,58,12,,,
986,intermediate_write,1,58,12,,,12
987,kernel_group,1,58,13,,,
987,intermediate_write,1,58,13,,,13
988,kernel_group,1,58,14,,,
988,intermediate_write,1,58,14,,,14
989,kernel_group,1,58,15,,,
989,intermediate_write,1,58,15,,,15
990,kernel_group,1,59,0,,,
990,intermediate_write,1,59,0,,,0
991,kernel_group,1,59,1,,,
991,intermediate_write,1,59,1,,,1
992,kernel_group,1,59,2,,,
992,intermediate_write,1,59,2,,,2
993,kernel_group,1,59,3,,,
993,intermediate_write,1,59,3,,,3
994,kernel_group,1,59,4,,,
994,intermediate_write,1,59,4,,,4
995,kernel_group,1,59,5,,,
995,intermediate_write,1,59,5,,,5
996,kernel_group,1,59,6,,,
996,intermediate_write,1,59,6,,,6
997,kernel_group,1,59,7,,,
997,intermediate_write,1,59,7,,,7
998,kernel_group,1,59,8,,,
998,stage_capture,1,61,15,61,,
998,intermediate_write,1,59,8,,,8
999,vector_start,1,61,,,,
999,kernel_group,1,59,9,,,
999,intermediate_write,1,59,9,,,9
1000,kernel_group,1,59,10,,,
1000,intermediate_write,1,59,10,,,10
1001,kernel_group,1,59,11,,,
1001,intermediate_write,1,59,11,,,11
1002,kernel_group,1,59,12,,,
1002,intermediate_write,1,59,12,,,12
1003,kernel_group,1,59,13,,,
1003,intermediate_write,1,59,13,,,13
1004,kernel_group,1,59,14,,,
1004,intermediate_write,1,59,14,,,14
1005,kernel_group,1,59,15,,,
1005,intermediate_write,1,59,15,,,15
1006,kernel_group,1,60,0,,,
1006,intermediate_write,1,60,0,,,0
1007,kernel_group,1,60,1,,,
1007,intermediate_write,1,60,1,,,1
1008,kernel_group,1,60,2,,,
1008,intermediate_write,1,60,2,,,2
1009,kernel_group,1,60,3,,,
1009,intermediate_write,1,60,3,,,3
1010,kernel_group,1,60,4,,,
1010,intermediate_write,1,60,4,,,4
1011,kernel_group,1,60,5,,,
1011,intermediate_write,1,60,5,,,5
1012,kernel_group,1,60,6,,,
1012,intermediate_write,1,60,6,,,6
1013,kernel_group,1,60,7,,,
1013,intermediate_write,1,60,7,,,7
1014,kernel_group,1,60,8,,,
1014,stage_capture,1,62,15,62,,
1014,intermediate_write,1,60,8,,,8
1015,vector_start,1,62,,,,
1015,kernel_group,1,60,9,,,
1015,intermediate_write,1,60,9,,,9
1016,kernel_group,1,60,10,,,
1016,intermediate_write,1,60,10,,,10
1017,kernel_group,1,60,11,,,
1017,intermediate_write,1,60,11,,,11
1018,kernel_group,1,60,12,,,
1018,intermediate_write,1,60,12,,,12
1019,kernel_group,1,60,13,,,
1019,intermediate_write,1,60,13,,,13
1020,kernel_group,1,60,14,,,
1020,intermediate_write,1,60,14,,,14
1021,kernel_group,1,60,15,,,
1021,intermediate_write,1,60,15,,,15
1022,kernel_group,1,61,0,,,
1022,intermediate_write,1,61,0,,,0
1023,kernel_group,1,61,1,,,
1023,intermediate_write,1,61,1,,,1
1024,kernel_group,1,61,2,,,
1024,intermediate_write,1,61,2,,,2
1025,kernel_group,1,61,3,,,
1025,intermediate_write,1,61,3,,,3
1026,kernel_group,1,61,4,,,
1026,intermediate_write,1,61,4,,,4
1027,kernel_group,1,61,5,,,
1027,intermediate_write,1,61,5,,,5
1028,kernel_group,1,61,6,,,
1028,intermediate_write,1,61,6,,,6
1029,kernel_group,1,61,7,,,
1029,intermediate_write,1,61,7,,,7
1030,kernel_group,1,61,8,,,
1030,stage_capture,1,63,15,63,,
1030,intermediate_write,1,61,8,,,8
1031,vector_start,1,63,,,,
1031,kernel_group,1,61,9,,,
1031,intermediate_write,1,61,9,,,9
1032,kernel_group,1,61,10,,,
1032,intermediate_write,1,61,10,,,10
1033,kernel_group,1,61,11,,,
1033,intermediate_write,1,61,11,,,11
1034,kernel_group,1,61,12,,,
1034,intermediate_write,1,61,12,,,12
1035,kernel_group,1,61,13,,,
1035,intermediate_write,1,61,13,,,13
1036,kernel_group,1,61,14,,,
1036,intermediate_write,1,61,14,,,14
1037,kernel_group,1,61,15,,,
1037,intermediate_write,1,61,15,,,15
1038,kernel_group,1,62,0,,,
1038,intermediate_write,1,62,0,,,0
1039,kernel_group,1,62,1,,,
1039,intermediate_write,1,62,1,,,1
1040,kernel_group,1,62,2,,,
1040,intermediate_write,1,62,2,,,2
1041,kernel_group,1,62,3,,,
1041,intermediate_write,1,62,3,,,3
1042,kernel_group,1,62,4,,,
1042,intermediate_write,1,62,4,,,4
1043,kernel_group,1,62,5,,,
1043,intermediate_write,1,62,5,,,5
1044,kernel_group,1,62,6,,,
1044,intermediate_write,1,62,6,,,6
1045,kernel_group,1,62,7,,,
1045,intermediate_write,1,62,7,,,7
1046,kernel_group,1,62,8,,,
1046,intermediate_write,1,62,8,,,8
1047,kernel_group,1,62,9,,,
1047,intermediate_write,1,62,9,,,9
1048,kernel_group,1,62,10,,,
1048,intermediate_write,1,62,10,,,10
1049,kernel_group,1,62,11,,,
1049,intermediate_write,1,62,11,,,11
1050,kernel_group,1,62,12,,,
1050,intermediate_write,1,62,12,,,12
1051,kernel_group,1,62,13,,,
1051,intermediate_write,1,62,13,,,13
1052,kernel_group,1,62,14,,,
1052,intermediate_write,1,62,14,,,14
1053,kernel_group,1,62,15,,,
1053,intermediate_write,1,62,15,,,15
1054,kernel_group,1,63,0,,,
1054,intermediate_write,1,63,0,,,0
1055,kernel_group,1,63,1,,,
1055,intermediate_write,1,63,1,,,1
1056,kernel_group,1,63,2,,,
1056,intermediate_write,1,63,2,,,2
1057,kernel_group,1,63,3,,,
1057,intermediate_write,1,63,3,,,3
1058,kernel_group,1,63,4,,,
1058,intermediate_write,1,63,4,,,4
1059,kernel_group,1,63,5,,,
1059,intermediate_write,1,63,5,,,5
1060,kernel_group,1,63,6,,,
1060,intermediate_write,1,63,6,,,6
1061,kernel_group,1,63,7,,,
1061,intermediate_write,1,63,7,,,7
1062,kernel_group,1,63,8,,,
1062,intermediate_write,1,63,8,,,8
1063,kernel_group,1,63,9,,,
1063,intermediate_write,1,63,9,,,9
1064,kernel_group,1,63,10,,,
1064,intermediate_write,1,63,10,,,10
1065,kernel_group,1,63,11,,,
1065,intermediate_write,1,63,11,,,11
1066,kernel_group,1,63,12,,,
1066,intermediate_write,1,63,12,,,12
1067,kernel_group,1,63,13,,,
1067,intermediate_write,1,63,13,,,13
1068,kernel_group,1,63,14,,,
1068,intermediate_write,1,63,14,,,14
1069,kernel_group,1,63,15,,,
1069,intermediate_write,1,63,15,,,15
1070,result_reserve,3,,,,,,
1086,stage_capture,2,0,15,0,,
1087,vector_start,2,64,,,,
1102,stage_capture,2,1,15,1,,
1103,vector_start,2,65,,,,
1110,kernel_group,2,64,0,,,
1110,result_write,2,64,0,,,
1111,kernel_group,2,64,1,,,
1111,result_write,2,64,1,,,
1111,result_read_request,2,,,0,,
1112,kernel_group,2,64,2,,,
1112,result_write,2,64,2,,,
1112,result_read_request,2,,,1,,
1112,result_read_response,2,,,0,,
1113,kernel_group,2,64,3,,,
1113,result_write,2,64,3,,,
1113,result_read_response,2,,,1,,
1114,kernel_group,2,64,4,,,
1114,result_write,2,64,4,,,
1115,kernel_group,2,64,5,,,
1115,result_write,2,64,5,,,
1116,kernel_group,2,64,6,,,
1116,result_write,2,64,6,,,
1116,output_fire,,,,0,,
1116,result_read_request,2,,,2,,
1117,kernel_group,2,64,7,,,
1117,result_write,2,64,7,,,
1117,output_fire,,,,1,,
1117,result_read_request,2,,,3,,
1117,result_read_response,2,,,2,,
1118,kernel_group,2,64,8,,,
1118,result_write,2,64,8,,,
1118,output_fire,,,,2,,
1118,stage_capture,2,2,15,2,,
1118,result_read_request,2,,,4,,
1118,result_read_response,2,,,3,,
1119,vector_start,2,66,,,,
1119,kernel_group,2,64,9,,,
1119,result_write,2,64,9,,,
1119,output_fire,,,,3,,
1119,result_read_request,2,,,5,,
1119,result_read_response,2,,,4,,
1120,kernel_group,2,64,10,,,
1120,result_write,2,64,10,,,
1120,output_fire,,,,4,,
1120,result_read_request,2,,,6,,
1120,result_read_response,2,,,5,,
1121,kernel_group,2,64,11,,,
1121,result_write,2,64,11,,,
1121,output_fire,,,,5,,
1121,result_read_request,2,,,7,,
1121,result_read_response,2,,,6,,
1122,kernel_group,2,64,12,,,
1122,result_write,2,64,12,,,
1122,output_fire,,,,6,,
1122,result_read_request,2,,,8,,
1122,result_read_response,2,,,7,,
1123,kernel_group,2,64,13,,,
1123,result_write,2,64,13,,,
1123,output_fire,,,,7,,
1123,result_read_request,2,,,9,,
1123,result_read_response,2,,,8,,
1124,kernel_group,2,64,14,,,
1124,result_write,2,64,14,,,
1124,output_fire,,,,8,,
1124,result_read_request,2,,,10,,
1124,result_read_response,2,,,9,,
1125,kernel_group,2,64,15,,,
1125,result_write,2,64,15,,,
1125,output_fire,,,,9,,
1125,result_read_request,2,,,11,,
1125,result_read_response,2,,,10,,
1126,kernel_group,2,65,0,,,
1126,result_write,2,65,0,,,
1126,output_fire,,,,10,,
1126,result_read_request,2,,,12,,
1126,result_read_response,2,,,11,,
1127,kernel_group,2,65,1,,,
1127,result_write,2,65,1,,,
1127,output_fire,,,,11,,
1127,result_read_request,2,,,13,,
1127,result_read_response,2,,,12,,
1128,kernel_group,2,65,2,,,
1128,result_write,2,65,2,,,
1128,output_fire,,,,12,,
1128,result_read_request,2,,,14,,
1128,result_read_response,2,,,13,,
1129,kernel_group,2,65,3,,,
1129,result_write,2,65,3,,,
1129,output_fire,,,,13,,
1129,result_read_request,2,,,15,,
1129,result_read_response,2,,,14,,
1130,kernel_group,2,65,4,,,
1130,result_write,2,65,4,,,
1130,output_fire,,,,14,,
1130,result_read_request,2,,,16,,
1130,result_read_response,2,,,15,,
1131,kernel_group,2,65,5,,,
1131,result_write,2,65,5,,,
1131,result_read_response,2,,,16,,
1132,kernel_group,2,65,6,,,
1132,result_write,2,65,6,,,
1133,kernel_group,2,65,7,,,
1133,result_write,2,65,7,,,
1134,kernel_group,2,65,8,,,
1134,result_write,2,65,8,,,
1134,stage_capture,2,3,15,3,,
1135,vector_start,2,67,,,,
1135,kernel_group,2,65,9,,,
1135,result_write,2,65,9,,,
1135,output_fire,,,,15,,
1135,result_read_request,2,,,17,,
1136,kernel_group,2,65,10,,,
1136,result_write,2,65,10,,,
1136,output_fire,,,,16,,
1136,result_read_request,2,,,18,,
1136,result_read_response,2,,,17,,
1137,kernel_group,2,65,11,,,
1137,result_write,2,65,11,,,
1137,output_fire,,,,17,,
1137,result_read_request,2,,,19,,
1137,result_read_response,2,,,18,,
1138,kernel_group,2,65,12,,,
1138,result_write,2,65,12,,,
1138,output_fire,,,,18,,
1138,result_read_request,2,,,20,,
1138,result_read_response,2,,,19,,
1139,kernel_group,2,65,13,,,
1139,result_write,2,65,13,,,
1139,output_fire,,,,19,,
1139,result_read_request,2,,,21,,
1139,result_read_response,2,,,20,,
1140,kernel_group,2,65,14,,,
1140,result_write,2,65,14,,,
1140,output_fire,,,,20,,
1140,result_read_request,2,,,22,,
1140,result_read_response,2,,,21,,
1141,kernel_group,2,65,15,,,
1141,result_write,2,65,15,,,
1141,output_fire,,,,21,,
1141,result_read_request,2,,,23,,
1141,result_read_response,2,,,22,,
1142,kernel_group,2,66,0,,,
1142,result_write,2,66,0,,,
1142,output_fire,,,,22,,
1142,result_read_request,2,,,24,,
1142,result_read_response,2,,,23,,
1143,kernel_group,2,66,1,,,
1143,result_write,2,66,1,,,
1143,output_fire,,,,23,,
1143,result_read_request,2,,,25,,
1143,result_read_response,2,,,24,,
1144,kernel_group,2,66,2,,,
1144,result_write,2,66,2,,,
1144,output_fire,,,,24,,
1144,result_read_request,2,,,26,,
1144,result_read_response,2,,,25,,
1145,kernel_group,2,66,3,,,
1145,result_write,2,66,3,,,
1145,output_fire,,,,25,,
1145,result_read_request,2,,,27,,
1145,result_read_response,2,,,26,,
1146,kernel_group,2,66,4,,,
1146,result_write,2,66,4,,,
1146,output_fire,,,,26,,
1146,result_read_request,2,,,28,,
1146,result_read_response,2,,,27,,
1147,kernel_group,2,66,5,,,
1147,result_write,2,66,5,,,
1147,output_fire,,,,27,,
1147,result_read_request,2,,,29,,
1147,result_read_response,2,,,28,,
1148,kernel_group,2,66,6,,,
1148,result_write,2,66,6,,,
1148,output_fire,,,,28,,
1148,result_read_request,2,,,30,,
1148,result_read_response,2,,,29,,
1149,kernel_group,2,66,7,,,
1149,result_write,2,66,7,,,
1149,output_fire,,,,29,,
1149,result_read_request,2,,,31,,
1149,result_read_response,2,,,30,,
1150,kernel_group,2,66,8,,,
1150,result_write,2,66,8,,,
1150,stage_capture,2,4,15,4,,
1150,result_read_response,2,,,31,,
1151,vector_start,2,68,,,,
1151,kernel_group,2,66,9,,,
1151,result_write,2,66,9,,,
1152,kernel_group,2,66,10,,,
1152,result_write,2,66,10,,,
1153,kernel_group,2,66,11,,,
1153,result_write,2,66,11,,,
1154,kernel_group,2,66,12,,,
1154,result_write,2,66,12,,,
1154,output_fire,,,,30,,
1154,result_read_request,2,,,32,,
1155,kernel_group,2,66,13,,,
1155,result_write,2,66,13,,,
1155,output_fire,,,,31,,
1155,result_read_request,2,,,33,,
1155,result_read_response,2,,,32,,
1156,kernel_group,2,66,14,,,
1156,result_write,2,66,14,,,
1156,output_fire,,,,32,,
1156,result_read_request,2,,,34,,
1156,result_read_response,2,,,33,,
1157,kernel_group,2,66,15,,,
1157,result_write,2,66,15,,,
1157,output_fire,,,,33,,
1157,result_read_request,2,,,35,,
1157,result_read_response,2,,,34,,
1158,kernel_group,2,67,0,,,
1158,result_write,2,67,0,,,
1158,output_fire,,,,34,,
1158,result_read_request,2,,,36,,
1158,result_read_response,2,,,35,,
1159,kernel_group,2,67,1,,,
1159,result_write,2,67,1,,,
1159,output_fire,,,,35,,
1159,result_read_request,2,,,37,,
1159,result_read_response,2,,,36,,
1160,kernel_group,2,67,2,,,
1160,result_write,2,67,2,,,
1160,output_fire,,,,36,,
1160,result_read_request,2,,,38,,
1160,result_read_response,2,,,37,,
1161,kernel_group,2,67,3,,,
1161,result_write,2,67,3,,,
1161,output_fire,,,,37,,
1161,result_read_request,2,,,39,,
1161,result_read_response,2,,,38,,
1162,kernel_group,2,67,4,,,
1162,result_write,2,67,4,,,
1162,output_fire,,,,38,,
1162,result_read_request,2,,,40,,
1162,result_read_response,2,,,39,,
1163,kernel_group,2,67,5,,,
1163,result_write,2,67,5,,,
1163,output_fire,,,,39,,
1163,result_read_request,2,,,41,,
1163,result_read_response,2,,,40,,
1164,kernel_group,2,67,6,,,
1164,result_write,2,67,6,,,
1164,output_fire,,,,40,,
1164,result_read_request,2,,,42,,
1164,result_read_response,2,,,41,,
1165,kernel_group,2,67,7,,,
1165,result_write,2,67,7,,,
1165,output_fire,,,,41,,
1165,result_read_request,2,,,43,,
1165,result_read_response,2,,,42,,
1166,kernel_group,2,67,8,,,
1166,result_write,2,67,8,,,
1166,output_fire,,,,42,,
1166,stage_capture,2,5,15,5,,
1166,result_read_request,2,,,44,,
1166,result_read_response,2,,,43,,
1167,vector_start,2,69,,,,
1167,kernel_group,2,67,9,,,
1167,result_write,2,67,9,,,
1167,output_fire,,,,43,,
1167,result_read_request,2,,,45,,
1167,result_read_response,2,,,44,,
1168,kernel_group,2,67,10,,,
1168,result_write,2,67,10,,,
1168,output_fire,,,,44,,
1168,result_read_request,2,,,46,,
1168,result_read_response,2,,,45,,
1169,kernel_group,2,67,11,,,
1169,result_write,2,67,11,,,
1169,result_read_response,2,,,46,,
1170,kernel_group,2,67,12,,,
1170,result_write,2,67,12,,,
1171,kernel_group,2,67,13,,,
1171,result_write,2,67,13,,,
1172,kernel_group,2,67,14,,,
1172,result_write,2,67,14,,,
1173,kernel_group,2,67,15,,,
1173,result_write,2,67,15,,,
1173,output_fire,,,,45,,
1173,result_read_request,2,,,47,,
1174,kernel_group,2,68,0,,,
1174,result_write,2,68,0,,,
1174,output_fire,,,,46,,
1174,result_read_request,2,,,48,,
1174,result_read_response,2,,,47,,
1175,kernel_group,2,68,1,,,
1175,result_write,2,68,1,,,
1175,output_fire,,,,47,,
1175,result_read_request,2,,,49,,
1175,result_read_response,2,,,48,,
1176,kernel_group,2,68,2,,,
1176,result_write,2,68,2,,,
1176,output_fire,,,,48,,
1176,result_read_request,2,,,50,,
1176,result_read_response,2,,,49,,
1177,kernel_group,2,68,3,,,
1177,result_write,2,68,3,,,
1177,output_fire,,,,49,,
1177,result_read_request,2,,,51,,
1177,result_read_response,2,,,50,,
1178,kernel_group,2,68,4,,,
1178,result_write,2,68,4,,,
1178,output_fire,,,,50,,
1178,result_read_request,2,,,52,,
1178,result_read_response,2,,,51,,
1179,kernel_group,2,68,5,,,
1179,result_write,2,68,5,,,
1179,output_fire,,,,51,,
1179,result_read_request,2,,,53,,
1179,result_read_response,2,,,52,,
1180,kernel_group,2,68,6,,,
1180,result_write,2,68,6,,,
1180,output_fire,,,,52,,
1180,result_read_request,2,,,54,,
1180,result_read_response,2,,,53,,
1181,kernel_group,2,68,7,,,
1181,result_write,2,68,7,,,
1181,output_fire,,,,53,,
1181,result_read_request,2,,,55,,
1181,result_read_response,2,,,54,,
1182,kernel_group,2,68,8,,,
1182,result_write,2,68,8,,,
1182,output_fire,,,,54,,
1182,stage_capture,2,6,15,6,,
1182,result_read_request,2,,,56,,
1182,result_read_response,2,,,55,,
1183,vector_start,2,70,,,,
1183,kernel_group,2,68,9,,,
1183,result_write,2,68,9,,,
1183,output_fire,,,,55,,
1183,result_read_request,2,,,57,,
1183,result_read_response,2,,,56,,
1184,kernel_group,2,68,10,,,
1184,result_write,2,68,10,,,
1184,output_fire,,,,56,,
1184,result_read_request,2,,,58,,
1184,result_read_response,2,,,57,,
1185,kernel_group,2,68,11,,,
1185,result_write,2,68,11,,,
1185,output_fire,,,,57,,
1185,result_read_request,2,,,59,,
1185,result_read_response,2,,,58,,
1186,kernel_group,2,68,12,,,
1186,result_write,2,68,12,,,
1186,output_fire,,,,58,,
1186,result_read_request,2,,,60,,
1186,result_read_response,2,,,59,,
1187,kernel_group,2,68,13,,,
1187,result_write,2,68,13,,,
1187,output_fire,,,,59,,
1187,result_read_request,2,,,61,,
1187,result_read_response,2,,,60,,
1188,kernel_group,2,68,14,,,
1188,result_write,2,68,14,,,
1188,result_read_response,2,,,61,,
1189,kernel_group,2,68,15,,,
1189,result_write,2,68,15,,,
1190,kernel_group,2,69,0,,,
1190,result_write,2,69,0,,,
1191,kernel_group,2,69,1,,,
1191,result_write,2,69,1,,,
1192,kernel_group,2,69,2,,,
1192,result_write,2,69,2,,,
1192,output_fire,,,,60,,
1192,result_read_request,2,,,62,,
1193,kernel_group,2,69,3,,,
1193,result_write,2,69,3,,,
1193,output_fire,,,,61,,
1193,result_read_request,2,,,63,,
1193,result_read_response,2,,,62,,
1194,kernel_group,2,69,4,,,
1194,result_write,2,69,4,,,
1194,output_fire,,,,62,,
1194,result_read_request,2,,,64,,
1194,result_read_response,2,,,63,,
1195,kernel_group,2,69,5,,,
1195,result_write,2,69,5,,,
1195,output_fire,,,,63,,
1195,result_read_request,2,,,65,,
1195,result_read_response,2,,,64,,
1196,kernel_group,2,69,6,,,
1196,result_write,2,69,6,,,
1196,output_fire,,,,64,,
1196,result_read_request,2,,,66,,
1196,result_read_response,2,,,65,,
1197,kernel_group,2,69,7,,,
1197,result_write,2,69,7,,,
1197,output_fire,,,,65,,
1197,result_read_request,2,,,67,,
1197,result_read_response,2,,,66,,
1198,kernel_group,2,69,8,,,
1198,result_write,2,69,8,,,
1198,output_fire,,,,66,,
1198,stage_capture,2,7,15,7,,
1198,result_read_request,2,,,68,,
1198,result_read_response,2,,,67,,
1199,vector_start,2,71,,,,
1199,kernel_group,2,69,9,,,
1199,result_write,2,69,9,,,
1199,output_fire,,,,67,,
1199,result_read_request,2,,,69,,
1199,result_read_response,2,,,68,,
1200,kernel_group,2,69,10,,,
1200,result_write,2,69,10,,,
1200,output_fire,,,,68,,
1200,result_read_request,2,,,70,,
1200,result_read_response,2,,,69,,
1201,kernel_group,2,69,11,,,
1201,result_write,2,69,11,,,
1201,output_fire,,,,69,,
1201,result_read_request,2,,,71,,
1201,result_read_response,2,,,70,,
1202,kernel_group,2,69,12,,,
1202,result_write,2,69,12,,,
1202,output_fire,,,,70,,
1202,result_read_request,2,,,72,,
1202,result_read_response,2,,,71,,
1203,kernel_group,2,69,13,,,
1203,result_write,2,69,13,,,
1203,output_fire,,,,71,,
1203,result_read_request,2,,,73,,
1203,result_read_response,2,,,72,,
1204,kernel_group,2,69,14,,,
1204,result_write,2,69,14,,,
1204,output_fire,,,,72,,
1204,result_read_request,2,,,74,,
1204,result_read_response,2,,,73,,
1205,kernel_group,2,69,15,,,
1205,result_write,2,69,15,,,
1205,output_fire,,,,73,,
1205,result_read_request,2,,,75,,
1205,result_read_response,2,,,74,,
1206,kernel_group,2,70,0,,,
1206,result_write,2,70,0,,,
1206,output_fire,,,,74,,
1206,result_read_request,2,,,76,,
1206,result_read_response,2,,,75,,
1207,kernel_group,2,70,1,,,
1207,result_write,2,70,1,,,
1207,result_read_response,2,,,76,,
1208,kernel_group,2,70,2,,,
1208,result_write,2,70,2,,,
1209,kernel_group,2,70,3,,,
1209,result_write,2,70,3,,,
1210,kernel_group,2,70,4,,,
1210,result_write,2,70,4,,,
1211,kernel_group,2,70,5,,,
1211,result_write,2,70,5,,,
1211,output_fire,,,,75,,
1211,result_read_request,2,,,77,,
1212,kernel_group,2,70,6,,,
1212,result_write,2,70,6,,,
1212,output_fire,,,,76,,
1212,result_read_request,2,,,78,,
1212,result_read_response,2,,,77,,
1213,kernel_group,2,70,7,,,
1213,result_write,2,70,7,,,
1213,output_fire,,,,77,,
1213,result_read_request,2,,,79,,
1213,result_read_response,2,,,78,,
1214,kernel_group,2,70,8,,,
1214,result_write,2,70,8,,,
1214,output_fire,,,,78,,
1214,stage_capture,2,8,15,8,,
1214,result_read_request,2,,,80,,
1214,result_read_response,2,,,79,,
1215,vector_start,2,72,,,,
1215,kernel_group,2,70,9,,,
1215,result_write,2,70,9,,,
1215,output_fire,,,,79,,
1215,result_read_request,2,,,81,,
1215,result_read_response,2,,,80,,
1216,kernel_group,2,70,10,,,
1216,result_write,2,70,10,,,
1216,output_fire,,,,80,,
1216,result_read_request,2,,,82,,
1216,result_read_response,2,,,81,,
1217,kernel_group,2,70,11,,,
1217,result_write,2,70,11,,,
1217,output_fire,,,,81,,
1217,result_read_request,2,,,83,,
1217,result_read_response,2,,,82,,
1218,kernel_group,2,70,12,,,
1218,result_write,2,70,12,,,
1218,output_fire,,,,82,,
1218,result_read_request,2,,,84,,
1218,result_read_response,2,,,83,,
1219,kernel_group,2,70,13,,,
1219,result_write,2,70,13,,,
1219,output_fire,,,,83,,
1219,result_read_request,2,,,85,,
1219,result_read_response,2,,,84,,
1220,kernel_group,2,70,14,,,
1220,result_write,2,70,14,,,
1220,output_fire,,,,84,,
1220,result_read_request,2,,,86,,
1220,result_read_response,2,,,85,,
1221,kernel_group,2,70,15,,,
1221,result_write,2,70,15,,,
1221,output_fire,,,,85,,
1221,result_read_request,2,,,87,,
1221,result_read_response,2,,,86,,
1222,kernel_group,2,71,0,,,
1222,result_write,2,71,0,,,
1222,output_fire,,,,86,,
1222,result_read_request,2,,,88,,
1222,result_read_response,2,,,87,,
1223,kernel_group,2,71,1,,,
1223,result_write,2,71,1,,,
1223,output_fire,,,,87,,
1223,result_read_request,2,,,89,,
1223,result_read_response,2,,,88,,
1224,kernel_group,2,71,2,,,
1224,result_write,2,71,2,,,
1224,output_fire,,,,88,,
1224,result_read_request,2,,,90,,
1224,result_read_response,2,,,89,,
1225,kernel_group,2,71,3,,,
1225,result_write,2,71,3,,,
1225,output_fire,,,,89,,
1225,result_read_request,2,,,91,,
1225,result_read_response,2,,,90,,
1226,kernel_group,2,71,4,,,
1226,result_write,2,71,4,,,
1226,result_read_response,2,,,91,,
1227,kernel_group,2,71,5,,,
1227,result_write,2,71,5,,,
1228,kernel_group,2,71,6,,,
1228,result_write,2,71,6,,,
1229,kernel_group,2,71,7,,,
1229,result_write,2,71,7,,,
1230,kernel_group,2,71,8,,,
1230,result_write,2,71,8,,,
1230,output_fire,,,,90,,
1230,stage_capture,2,9,15,9,,
1230,result_read_request,2,,,92,,
1231,vector_start,2,73,,,,
1231,kernel_group,2,71,9,,,
1231,result_write,2,71,9,,,
1231,output_fire,,,,91,,
1231,result_read_request,2,,,93,,
1231,result_read_response,2,,,92,,
1232,kernel_group,2,71,10,,,
1232,result_write,2,71,10,,,
1232,output_fire,,,,92,,
1232,result_read_request,2,,,94,,
1232,result_read_response,2,,,93,,
1233,kernel_group,2,71,11,,,
1233,result_write,2,71,11,,,
1233,output_fire,,,,93,,
1233,result_read_request,2,,,95,,
1233,result_read_response,2,,,94,,
1234,kernel_group,2,71,12,,,
1234,result_write,2,71,12,,,
1234,output_fire,,,,94,,
1234,result_read_request,2,,,96,,
1234,result_read_response,2,,,95,,
1235,kernel_group,2,71,13,,,
1235,result_write,2,71,13,,,
1235,output_fire,,,,95,,
1235,result_read_request,2,,,97,,
1235,result_read_response,2,,,96,,
1236,kernel_group,2,71,14,,,
1236,result_write,2,71,14,,,
1236,output_fire,,,,96,,
1236,result_read_request,2,,,98,,
1236,result_read_response,2,,,97,,
1237,kernel_group,2,71,15,,,
1237,result_write,2,71,15,,,
1237,output_fire,,,,97,,
1237,result_read_request,2,,,99,,
1237,result_read_response,2,,,98,,
1238,kernel_group,2,72,0,,,
1238,result_write,2,72,0,,,
1238,output_fire,,,,98,,
1238,result_read_request,2,,,100,,
1238,result_read_response,2,,,99,,
1239,kernel_group,2,72,1,,,
1239,result_write,2,72,1,,,
1239,output_fire,,,,99,,
1239,result_read_request,2,,,101,,
1239,result_read_response,2,,,100,,
1240,kernel_group,2,72,2,,,
1240,result_write,2,72,2,,,
1240,output_fire,,,,100,,
1240,result_read_request,2,,,102,,
1240,result_read_response,2,,,101,,
1241,kernel_group,2,72,3,,,
1241,result_write,2,72,3,,,
1241,output_fire,,,,101,,
1241,result_read_request,2,,,103,,
1241,result_read_response,2,,,102,,
1242,kernel_group,2,72,4,,,
1242,result_write,2,72,4,,,
1242,output_fire,,,,102,,
1242,result_read_request,2,,,104,,
1242,result_read_response,2,,,103,,
1243,kernel_group,2,72,5,,,
1243,result_write,2,72,5,,,
1243,output_fire,,,,103,,
1243,result_read_request,2,,,105,,
1243,result_read_response,2,,,104,,
1244,kernel_group,2,72,6,,,
1244,result_write,2,72,6,,,
1244,output_fire,,,,104,,
1244,result_read_request,2,,,106,,
1244,result_read_response,2,,,105,,
1245,kernel_group,2,72,7,,,
1245,result_write,2,72,7,,,
1245,result_read_response,2,,,106,,
1246,kernel_group,2,72,8,,,
1246,result_write,2,72,8,,,
1246,stage_capture,2,10,15,10,,
1247,vector_start,2,74,,,,
1247,kernel_group,2,72,9,,,
1247,result_write,2,72,9,,,
1248,kernel_group,2,72,10,,,
1248,result_write,2,72,10,,,
1249,kernel_group,2,72,11,,,
1249,result_write,2,72,11,,,
1249,output_fire,,,,105,,
1249,result_read_request,2,,,107,,
1250,kernel_group,2,72,12,,,
1250,result_write,2,72,12,,,
1250,output_fire,,,,106,,
1250,result_read_request,2,,,108,,
1250,result_read_response,2,,,107,,
1251,kernel_group,2,72,13,,,
1251,result_write,2,72,13,,,
1251,output_fire,,,,107,,
1251,result_read_request,2,,,109,,
1251,result_read_response,2,,,108,,
1252,kernel_group,2,72,14,,,
1252,result_write,2,72,14,,,
1252,output_fire,,,,108,,
1252,result_read_request,2,,,110,,
1252,result_read_response,2,,,109,,
1253,kernel_group,2,72,15,,,
1253,result_write,2,72,15,,,
1253,output_fire,,,,109,,
1253,result_read_request,2,,,111,,
1253,result_read_response,2,,,110,,
1254,kernel_group,2,73,0,,,
1254,result_write,2,73,0,,,
1254,output_fire,,,,110,,
1254,result_read_request,2,,,112,,
1254,result_read_response,2,,,111,,
1255,kernel_group,2,73,1,,,
1255,result_write,2,73,1,,,
1255,output_fire,,,,111,,
1255,result_read_request,2,,,113,,
1255,result_read_response,2,,,112,,
1256,kernel_group,2,73,2,,,
1256,result_write,2,73,2,,,
1256,output_fire,,,,112,,
1256,result_read_request,2,,,114,,
1256,result_read_response,2,,,113,,
1257,kernel_group,2,73,3,,,
1257,result_write,2,73,3,,,
1257,output_fire,,,,113,,
1257,result_read_request,2,,,115,,
1257,result_read_response,2,,,114,,
1258,kernel_group,2,73,4,,,
1258,result_write,2,73,4,,,
1258,output_fire,,,,114,,
1258,result_read_request,2,,,116,,
1258,result_read_response,2,,,115,,
1259,kernel_group,2,73,5,,,
1259,result_write,2,73,5,,,
1259,output_fire,,,,115,,
1259,result_read_request,2,,,117,,
1259,result_read_response,2,,,116,,
1260,kernel_group,2,73,6,,,
1260,result_write,2,73,6,,,
1260,output_fire,,,,116,,
1260,result_read_request,2,,,118,,
1260,result_read_response,2,,,117,,
1261,kernel_group,2,73,7,,,
1261,result_write,2,73,7,,,
1261,output_fire,,,,117,,
1261,result_read_request,2,,,119,,
1261,result_read_response,2,,,118,,
1262,kernel_group,2,73,8,,,
1262,result_write,2,73,8,,,
1262,output_fire,,,,118,,
1262,stage_capture,2,11,15,11,,
1262,result_read_request,2,,,120,,
1262,result_read_response,2,,,119,,
1263,vector_start,2,75,,,,
1263,kernel_group,2,73,9,,,
1263,result_write,2,73,9,,,
1263,output_fire,,,,119,,
1263,result_read_request,2,,,121,,
1263,result_read_response,2,,,120,,
1264,kernel_group,2,73,10,,,
1264,result_write,2,73,10,,,
1264,result_read_response,2,,,121,,
1265,kernel_group,2,73,11,,,
1265,result_write,2,73,11,,,
1266,kernel_group,2,73,12,,,
1266,result_write,2,73,12,,,
1267,kernel_group,2,73,13,,,
1267,result_write,2,73,13,,,
1268,kernel_group,2,73,14,,,
1268,result_write,2,73,14,,,
1268,output_fire,,,,120,,
1268,result_read_request,2,,,122,,
1269,kernel_group,2,73,15,,,
1269,result_write,2,73,15,,,
1269,output_fire,,,,121,,
1269,result_read_request,2,,,123,,
1269,result_read_response,2,,,122,,
1270,kernel_group,2,74,0,,,
1270,result_write,2,74,0,,,
1270,output_fire,,,,122,,
1270,result_read_request,2,,,124,,
1270,result_read_response,2,,,123,,
1271,kernel_group,2,74,1,,,
1271,result_write,2,74,1,,,
1271,output_fire,,,,123,,
1271,result_read_request,2,,,125,,
1271,result_read_response,2,,,124,,
1272,kernel_group,2,74,2,,,
1272,result_write,2,74,2,,,
1272,output_fire,,,,124,,
1272,result_read_request,2,,,126,,
1272,result_read_response,2,,,125,,
1273,kernel_group,2,74,3,,,
1273,result_write,2,74,3,,,
1273,output_fire,,,,125,,
1273,result_read_request,2,,,127,,
1273,result_read_response,2,,,126,,
1274,kernel_group,2,74,4,,,
1274,result_write,2,74,4,,,
1274,output_fire,,,,126,,
1274,result_read_request,2,,,128,,
1274,result_read_response,2,,,127,,
1275,kernel_group,2,74,5,,,
1275,result_write,2,74,5,,,
1275,output_fire,,,,127,,
1275,result_read_request,2,,,129,,
1275,result_read_response,2,,,128,,
1276,kernel_group,2,74,6,,,
1276,result_write,2,74,6,,,
1276,output_fire,,,,128,,
1276,result_read_request,2,,,130,,
1276,result_read_response,2,,,129,,
1277,kernel_group,2,74,7,,,
1277,result_write,2,74,7,,,
1277,output_fire,,,,129,,
1277,result_read_request,2,,,131,,
1277,result_read_response,2,,,130,,
1278,kernel_group,2,74,8,,,
1278,result_write,2,74,8,,,
1278,output_fire,,,,130,,
1278,stage_capture,2,12,15,12,,
1278,result_read_request,2,,,132,,
1278,result_read_response,2,,,131,,
1279,vector_start,2,76,,,,
1279,kernel_group,2,74,9,,,
1279,result_write,2,74,9,,,
1279,output_fire,,,,131,,
1279,result_read_request,2,,,133,,
1279,result_read_response,2,,,132,,
1280,kernel_group,2,74,10,,,
1280,result_write,2,74,10,,,
1280,output_fire,,,,132,,
1280,result_read_request,2,,,134,,
1280,result_read_response,2,,,133,,
1281,kernel_group,2,74,11,,,
1281,result_write,2,74,11,,,
1281,output_fire,,,,133,,
1281,result_read_request,2,,,135,,
1281,result_read_response,2,,,134,,
1282,kernel_group,2,74,12,,,
1282,result_write,2,74,12,,,
1282,output_fire,,,,134,,
1282,result_read_request,2,,,136,,
1282,result_read_response,2,,,135,,
1283,kernel_group,2,74,13,,,
1283,result_write,2,74,13,,,
1283,result_read_response,2,,,136,,
1284,kernel_group,2,74,14,,,
1284,result_write,2,74,14,,,
1285,kernel_group,2,74,15,,,
1285,result_write,2,74,15,,,
1286,kernel_group,2,75,0,,,
1286,result_write,2,75,0,,,
1287,kernel_group,2,75,1,,,
1287,result_write,2,75,1,,,
1287,output_fire,,,,135,,
1287,result_read_request,2,,,137,,
1288,kernel_group,2,75,2,,,
1288,result_write,2,75,2,,,
1288,output_fire,,,,136,,
1288,result_read_request,2,,,138,,
1288,result_read_response,2,,,137,,
1289,kernel_group,2,75,3,,,
1289,result_write,2,75,3,,,
1289,output_fire,,,,137,,
1289,result_read_request,2,,,139,,
1289,result_read_response,2,,,138,,
1290,kernel_group,2,75,4,,,
1290,result_write,2,75,4,,,
1290,output_fire,,,,138,,
1290,result_read_request,2,,,140,,
1290,result_read_response,2,,,139,,
1291,kernel_group,2,75,5,,,
1291,result_write,2,75,5,,,
1291,output_fire,,,,139,,
1291,result_read_request,2,,,141,,
1291,result_read_response,2,,,140,,
1292,kernel_group,2,75,6,,,
1292,result_write,2,75,6,,,
1292,output_fire,,,,140,,
1292,result_read_request,2,,,142,,
1292,result_read_response,2,,,141,,
1293,kernel_group,2,75,7,,,
1293,result_write,2,75,7,,,
1293,output_fire,,,,141,,
1293,result_read_request,2,,,143,,
1293,result_read_response,2,,,142,,
1294,kernel_group,2,75,8,,,
1294,result_write,2,75,8,,,
1294,output_fire,,,,142,,
1294,stage_capture,2,13,15,13,,
1294,result_read_request,2,,,144,,
1294,result_read_response,2,,,143,,
1295,vector_start,2,77,,,,
1295,kernel_group,2,75,9,,,
1295,result_write,2,75,9,,,
1295,output_fire,,,,143,,
1295,result_read_request,2,,,145,,
1295,result_read_response,2,,,144,,
1296,kernel_group,2,75,10,,,
1296,result_write,2,75,10,,,
1296,output_fire,,,,144,,
1296,result_read_request,2,,,146,,
1296,result_read_response,2,,,145,,
1297,kernel_group,2,75,11,,,
1297,result_write,2,75,11,,,
1297,output_fire,,,,145,,
1297,result_read_request,2,,,147,,
1297,result_read_response,2,,,146,,
1298,kernel_group,2,75,12,,,
1298,result_write,2,75,12,,,
1298,output_fire,,,,146,,
1298,result_read_request,2,,,148,,
1298,result_read_response,2,,,147,,
1299,kernel_group,2,75,13,,,
1299,result_write,2,75,13,,,
1299,output_fire,,,,147,,
1299,result_read_request,2,,,149,,
1299,result_read_response,2,,,148,,
1300,kernel_group,2,75,14,,,
1300,result_write,2,75,14,,,
1300,output_fire,,,,148,,
1300,result_read_request,2,,,150,,
1300,result_read_response,2,,,149,,
1301,kernel_group,2,75,15,,,
1301,result_write,2,75,15,,,
1301,output_fire,,,,149,,
1301,result_read_request,2,,,151,,
1301,result_read_response,2,,,150,,
1302,kernel_group,2,76,0,,,
1302,result_write,2,76,0,,,
1302,result_read_response,2,,,151,,
1303,kernel_group,2,76,1,,,
1303,result_write,2,76,1,,,
1304,kernel_group,2,76,2,,,
1304,result_write,2,76,2,,,
1305,kernel_group,2,76,3,,,
1305,result_write,2,76,3,,,
1306,kernel_group,2,76,4,,,
1306,result_write,2,76,4,,,
1306,output_fire,,,,150,,
1306,result_read_request,2,,,152,,
1307,kernel_group,2,76,5,,,
1307,result_write,2,76,5,,,
1307,output_fire,,,,151,,
1307,result_read_request,2,,,153,,
1307,result_read_response,2,,,152,,
1308,kernel_group,2,76,6,,,
1308,result_write,2,76,6,,,
1308,output_fire,,,,152,,
1308,result_read_request,2,,,154,,
1308,result_read_response,2,,,153,,
1309,kernel_group,2,76,7,,,
1309,result_write,2,76,7,,,
1309,output_fire,,,,153,,
1309,result_read_request,2,,,155,,
1309,result_read_response,2,,,154,,
1310,kernel_group,2,76,8,,,
1310,result_write,2,76,8,,,
1310,output_fire,,,,154,,
1310,stage_capture,2,14,15,14,,
1310,result_read_request,2,,,156,,
1310,result_read_response,2,,,155,,
1311,vector_start,2,78,,,,
1311,kernel_group,2,76,9,,,
1311,result_write,2,76,9,,,
1311,output_fire,,,,155,,
1311,result_read_request,2,,,157,,
1311,result_read_response,2,,,156,,
1312,kernel_group,2,76,10,,,
1312,result_write,2,76,10,,,
1312,output_fire,,,,156,,
1312,result_read_request,2,,,158,,
1312,result_read_response,2,,,157,,
1313,kernel_group,2,76,11,,,
1313,result_write,2,76,11,,,
1313,output_fire,,,,157,,
1313,result_read_request,2,,,159,,
1313,result_read_response,2,,,158,,
1314,kernel_group,2,76,12,,,
1314,result_write,2,76,12,,,
1314,output_fire,,,,158,,
1314,result_read_request,2,,,160,,
1314,result_read_response,2,,,159,,
1315,kernel_group,2,76,13,,,
1315,result_write,2,76,13,,,
1315,output_fire,,,,159,,
1315,result_read_request,2,,,161,,
1315,result_read_response,2,,,160,,
1316,kernel_group,2,76,14,,,
1316,result_write,2,76,14,,,
1316,output_fire,,,,160,,
1316,result_read_request,2,,,162,,
1316,result_read_response,2,,,161,,
1317,kernel_group,2,76,15,,,
1317,result_write,2,76,15,,,
1317,output_fire,,,,161,,
1317,result_read_request,2,,,163,,
1317,result_read_response,2,,,162,,
1318,kernel_group,2,77,0,,,
1318,result_write,2,77,0,,,
1318,output_fire,,,,162,,
1318,result_read_request,2,,,164,,
1318,result_read_response,2,,,163,,
1319,kernel_group,2,77,1,,,
1319,result_write,2,77,1,,,
1319,output_fire,,,,163,,
1319,result_read_request,2,,,165,,
1319,result_read_response,2,,,164,,
1320,kernel_group,2,77,2,,,
1320,result_write,2,77,2,,,
1320,output_fire,,,,164,,
1320,result_read_request,2,,,166,,
1320,result_read_response,2,,,165,,
1321,kernel_group,2,77,3,,,
1321,result_write,2,77,3,,,
1321,result_read_response,2,,,166,,
1322,kernel_group,2,77,4,,,
1322,result_write,2,77,4,,,
1323,kernel_group,2,77,5,,,
1323,result_write,2,77,5,,,
1324,kernel_group,2,77,6,,,
1324,result_write,2,77,6,,,
1325,kernel_group,2,77,7,,,
1325,result_write,2,77,7,,,
1325,output_fire,,,,165,,
1325,result_read_request,2,,,167,,
1326,kernel_group,2,77,8,,,
1326,result_write,2,77,8,,,
1326,output_fire,,,,166,,
1326,stage_capture,2,15,15,15,,
1326,result_read_request,2,,,168,,
1326,result_read_response,2,,,167,,
1327,vector_start,2,79,,,,
1327,kernel_group,2,77,9,,,
1327,result_write,2,77,9,,,
1327,output_fire,,,,167,,
1327,result_read_request,2,,,169,,
1327,result_read_response,2,,,168,,
1328,kernel_group,2,77,10,,,
1328,result_write,2,77,10,,,
1328,output_fire,,,,168,,
1328,result_read_request,2,,,170,,
1328,result_read_response,2,,,169,,
1329,kernel_group,2,77,11,,,
1329,result_write,2,77,11,,,
1329,output_fire,,,,169,,
1329,result_read_request,2,,,171,,
1329,result_read_response,2,,,170,,
1330,kernel_group,2,77,12,,,
1330,result_write,2,77,12,,,
1330,output_fire,,,,170,,
1330,result_read_request,2,,,172,,
1330,result_read_response,2,,,171,,
1331,kernel_group,2,77,13,,,
1331,result_write,2,77,13,,,
1331,output_fire,,,,171,,
1331,result_read_request,2,,,173,,
1331,result_read_response,2,,,172,,
1332,kernel_group,2,77,14,,,
1332,result_write,2,77,14,,,
1332,output_fire,,,,172,,
1332,result_read_request,2,,,174,,
1332,result_read_response,2,,,173,,
1333,kernel_group,2,77,15,,,
1333,result_write,2,77,15,,,
1333,output_fire,,,,173,,
1333,result_read_request,2,,,175,,
1333,result_read_response,2,,,174,,
1334,kernel_group,2,78,0,,,
1334,result_write,2,78,0,,,
1334,output_fire,,,,174,,
1334,result_read_request,2,,,176,,
1334,result_read_response,2,,,175,,
1335,kernel_group,2,78,1,,,
1335,result_write,2,78,1,,,
1335,output_fire,,,,175,,
1335,result_read_request,2,,,177,,
1335,result_read_response,2,,,176,,
1336,kernel_group,2,78,2,,,
1336,result_write,2,78,2,,,
1336,output_fire,,,,176,,
1336,result_read_request,2,,,178,,
1336,result_read_response,2,,,177,,
1337,kernel_group,2,78,3,,,
1337,result_write,2,78,3,,,
1337,output_fire,,,,177,,
1337,result_read_request,2,,,179,,
1337,result_read_response,2,,,178,,
1338,kernel_group,2,78,4,,,
1338,result_write,2,78,4,,,
1338,output_fire,,,,178,,
1338,result_read_request,2,,,180,,
1338,result_read_response,2,,,179,,
1339,kernel_group,2,78,5,,,
1339,result_write,2,78,5,,,
1339,output_fire,,,,179,,
1339,result_read_request,2,,,181,,
1339,result_read_response,2,,,180,,
1340,kernel_group,2,78,6,,,
1340,result_write,2,78,6,,,
1340,result_read_response,2,,,181,,
1341,kernel_group,2,78,7,,,
1341,result_write,2,78,7,,,
1342,kernel_group,2,78,8,,,
1342,result_write,2,78,8,,,
1342,stage_capture,2,16,15,16,,
1343,vector_start,2,80,,,,
1343,kernel_group,2,78,9,,,
1343,result_write,2,78,9,,,
1344,kernel_group,2,78,10,,,
1344,result_write,2,78,10,,,
1344,output_fire,,,,180,,
1344,result_read_request,2,,,182,,
1345,kernel_group,2,78,11,,,
1345,result_write,2,78,11,,,
1345,output_fire,,,,181,,
1345,result_read_request,2,,,183,,
1345,result_read_response,2,,,182,,
1346,kernel_group,2,78,12,,,
1346,result_write,2,78,12,,,
1346,output_fire,,,,182,,
1346,result_read_request,2,,,184,,
1346,result_read_response,2,,,183,,
1347,kernel_group,2,78,13,,,
1347,result_write,2,78,13,,,
1347,output_fire,,,,183,,
1347,result_read_request,2,,,185,,
1347,result_read_response,2,,,184,,
1348,kernel_group,2,78,14,,,
1348,result_write,2,78,14,,,
1348,output_fire,,,,184,,
1348,result_read_request,2,,,186,,
1348,result_read_response,2,,,185,,
1349,kernel_group,2,78,15,,,
1349,result_write,2,78,15,,,
1349,output_fire,,,,185,,
1349,result_read_request,2,,,187,,
1349,result_read_response,2,,,186,,
1350,kernel_group,2,79,0,,,
1350,result_write,2,79,0,,,
1350,output_fire,,,,186,,
1350,result_read_request,2,,,188,,
1350,result_read_response,2,,,187,,
1351,kernel_group,2,79,1,,,
1351,result_write,2,79,1,,,
1351,output_fire,,,,187,,
1351,result_read_request,2,,,189,,
1351,result_read_response,2,,,188,,
1352,kernel_group,2,79,2,,,
1352,result_write,2,79,2,,,
1352,output_fire,,,,188,,
1352,result_read_request,2,,,190,,
1352,result_read_response,2,,,189,,
1353,kernel_group,2,79,3,,,
1353,result_write,2,79,3,,,
1353,output_fire,,,,189,,
1353,result_read_request,2,,,191,,
1353,result_read_response,2,,,190,,
1354,kernel_group,2,79,4,,,
1354,result_write,2,79,4,,,
1354,output_fire,,,,190,,
1354,result_read_request,2,,,192,,
1354,result_read_response,2,,,191,,
1355,kernel_group,2,79,5,,,
1355,result_write,2,79,5,,,
1355,output_fire,,,,191,,
1355,result_read_request,2,,,193,,
1355,result_read_response,2,,,192,,
1356,kernel_group,2,79,6,,,
1356,result_write,2,79,6,,,
1356,output_fire,,,,192,,
1356,result_read_request,2,,,194,,
1356,result_read_response,2,,,193,,
1357,kernel_group,2,79,7,,,
1357,result_write,2,79,7,,,
1357,output_fire,,,,193,,
1357,result_read_request,2,,,195,,
1357,result_read_response,2,,,194,,
1358,kernel_group,2,79,8,,,
1358,result_write,2,79,8,,,
1358,output_fire,,,,194,,
1358,stage_capture,2,17,15,17,,
1358,result_read_request,2,,,196,,
1358,result_read_response,2,,,195,,
1359,vector_start,2,81,,,,
1359,kernel_group,2,79,9,,,
1359,result_write,2,79,9,,,
1359,result_read_response,2,,,196,,
1360,kernel_group,2,79,10,,,
1360,result_write,2,79,10,,,
1361,kernel_group,2,79,11,,,
1361,result_write,2,79,11,,,
1362,kernel_group,2,79,12,,,
1362,result_write,2,79,12,,,
1363,kernel_group,2,79,13,,,
1363,result_write,2,79,13,,,
1363,output_fire,,,,195,,
1363,result_read_request,2,,,197,,
1364,kernel_group,2,79,14,,,
1364,result_write,2,79,14,,,
1364,output_fire,,,,196,,
1364,result_read_request,2,,,198,,
1364,result_read_response,2,,,197,,
1365,kernel_group,2,79,15,,,
1365,result_write,2,79,15,,,
1365,output_fire,,,,197,,
1365,result_read_request,2,,,199,,
1365,result_read_response,2,,,198,,
1366,kernel_group,2,80,0,,,
1366,result_write,2,80,0,,,
1366,output_fire,,,,198,,
1366,result_read_request,2,,,200,,
1366,result_read_response,2,,,199,,
1367,kernel_group,2,80,1,,,
1367,result_write,2,80,1,,,
1367,output_fire,,,,199,,
1367,result_read_request,2,,,201,,
1367,result_read_response,2,,,200,,
1368,kernel_group,2,80,2,,,
1368,result_write,2,80,2,,,
1368,output_fire,,,,200,,
1368,result_read_request,2,,,202,,
1368,result_read_response,2,,,201,,
1369,kernel_group,2,80,3,,,
1369,result_write,2,80,3,,,
1369,output_fire,,,,201,,
1369,result_read_request,2,,,203,,
1369,result_read_response,2,,,202,,
1370,kernel_group,2,80,4,,,
1370,result_write,2,80,4,,,
1370,output_fire,,,,202,,
1370,result_read_request,2,,,204,,
1370,result_read_response,2,,,203,,
1371,kernel_group,2,80,5,,,
1371,result_write,2,80,5,,,
1371,output_fire,,,,203,,
1371,result_read_request,2,,,205,,
1371,result_read_response,2,,,204,,
1372,kernel_group,2,80,6,,,
1372,result_write,2,80,6,,,
1372,output_fire,,,,204,,
1372,result_read_request,2,,,206,,
1372,result_read_response,2,,,205,,
1373,kernel_group,2,80,7,,,
1373,result_write,2,80,7,,,
1373,output_fire,,,,205,,
1373,result_read_request,2,,,207,,
1373,result_read_response,2,,,206,,
1374,kernel_group,2,80,8,,,
1374,result_write,2,80,8,,,
1374,output_fire,,,,206,,
1374,stage_capture,2,18,15,18,,
1374,result_read_request,2,,,208,,
1374,result_read_response,2,,,207,,
1375,vector_start,2,82,,,,
1375,kernel_group,2,80,9,,,
1375,result_write,2,80,9,,,
1375,output_fire,,,,207,,
1375,result_read_request,2,,,209,,
1375,result_read_response,2,,,208,,
1376,kernel_group,2,80,10,,,
1376,result_write,2,80,10,,,
1376,output_fire,,,,208,,
1376,result_read_request,2,,,210,,
1376,result_read_response,2,,,209,,
1377,kernel_group,2,80,11,,,
1377,result_write,2,80,11,,,
1377,output_fire,,,,209,,
1377,result_read_request,2,,,211,,
1377,result_read_response,2,,,210,,
1378,kernel_group,2,80,12,,,
1378,result_write,2,80,12,,,
1378,result_read_response,2,,,211,,
1379,kernel_group,2,80,13,,,
1379,result_write,2,80,13,,,
1380,kernel_group,2,80,14,,,
1380,result_write,2,80,14,,,
1381,kernel_group,2,80,15,,,
1381,result_write,2,80,15,,,
1382,kernel_group,2,81,0,,,
1382,result_write,2,81,0,,,
1382,output_fire,,,,210,,
1382,result_read_request,2,,,212,,
1383,kernel_group,2,81,1,,,
1383,result_write,2,81,1,,,
1383,output_fire,,,,211,,
1383,result_read_request,2,,,213,,
1383,result_read_response,2,,,212,,
1384,kernel_group,2,81,2,,,
1384,result_write,2,81,2,,,
1384,output_fire,,,,212,,
1384,result_read_request,2,,,214,,
1384,result_read_response,2,,,213,,
1385,kernel_group,2,81,3,,,
1385,result_write,2,81,3,,,
1385,output_fire,,,,213,,
1385,result_read_request,2,,,215,,
1385,result_read_response,2,,,214,,
1386,kernel_group,2,81,4,,,
1386,result_write,2,81,4,,,
1386,output_fire,,,,214,,
1386,result_read_request,2,,,216,,
1386,result_read_response,2,,,215,,
1387,kernel_group,2,81,5,,,
1387,result_write,2,81,5,,,
1387,output_fire,,,,215,,
1387,result_read_request,2,,,217,,
1387,result_read_response,2,,,216,,
1388,kernel_group,2,81,6,,,
1388,result_write,2,81,6,,,
1388,output_fire,,,,216,,
1388,result_read_request,2,,,218,,
1388,result_read_response,2,,,217,,
1389,kernel_group,2,81,7,,,
1389,result_write,2,81,7,,,
1389,output_fire,,,,217,,
1389,result_read_request,2,,,219,,
1389,result_read_response,2,,,218,,
1390,kernel_group,2,81,8,,,
1390,result_write,2,81,8,,,
1390,output_fire,,,,218,,
1390,stage_capture,2,19,15,19,,
1390,result_read_request,2,,,220,,
1390,result_read_response,2,,,219,,
1391,vector_start,2,83,,,,
1391,kernel_group,2,81,9,,,
1391,result_write,2,81,9,,,
1391,output_fire,,,,219,,
1391,result_read_request,2,,,221,,
1391,result_read_response,2,,,220,,
1392,kernel_group,2,81,10,,,
1392,result_write,2,81,10,,,
1392,output_fire,,,,220,,
1392,result_read_request,2,,,222,,
1392,result_read_response,2,,,221,,
1393,kernel_group,2,81,11,,,
1393,result_write,2,81,11,,,
1393,output_fire,,,,221,,
1393,result_read_request,2,,,223,,
1393,result_read_response,2,,,222,,
1394,kernel_group,2,81,12,,,
1394,result_write,2,81,12,,,
1394,output_fire,,,,222,,
1394,result_read_request,2,,,224,,
1394,result_read_response,2,,,223,,
1395,kernel_group,2,81,13,,,
1395,result_write,2,81,13,,,
1395,output_fire,,,,223,,
1395,result_read_request,2,,,225,,
1395,result_read_response,2,,,224,,
1396,kernel_group,2,81,14,,,
1396,result_write,2,81,14,,,
1396,output_fire,,,,224,,
1396,result_read_request,2,,,226,,
1396,result_read_response,2,,,225,,
1397,kernel_group,2,81,15,,,
1397,result_write,2,81,15,,,
1397,result_read_response,2,,,226,,
1398,kernel_group,2,82,0,,,
1398,result_write,2,82,0,,,
1399,kernel_group,2,82,1,,,
1399,result_write,2,82,1,,,
1400,kernel_group,2,82,2,,,
1400,result_write,2,82,2,,,
1401,kernel_group,2,82,3,,,
1401,result_write,2,82,3,,,
1401,output_fire,,,,225,,
1401,result_read_request,2,,,227,,
1402,kernel_group,2,82,4,,,
1402,result_write,2,82,4,,,
1402,output_fire,,,,226,,
1402,result_read_request,2,,,228,,
1402,result_read_response,2,,,227,,
1403,kernel_group,2,82,5,,,
1403,result_write,2,82,5,,,
1403,output_fire,,,,227,,
1403,result_read_request,2,,,229,,
1403,result_read_response,2,,,228,,
1404,kernel_group,2,82,6,,,
1404,result_write,2,82,6,,,
1404,output_fire,,,,228,,
1404,result_read_request,2,,,230,,
1404,result_read_response,2,,,229,,
1405,kernel_group,2,82,7,,,
1405,result_write,2,82,7,,,
1405,output_fire,,,,229,,
1405,result_read_request,2,,,231,,
1405,result_read_response,2,,,230,,
1406,kernel_group,2,82,8,,,
1406,result_write,2,82,8,,,
1406,output_fire,,,,230,,
1406,stage_capture,2,20,15,20,,
1406,result_read_request,2,,,232,,
1406,result_read_response,2,,,231,,
1407,vector_start,2,84,,,,
1407,kernel_group,2,82,9,,,
1407,result_write,2,82,9,,,
1407,output_fire,,,,231,,
1407,result_read_request,2,,,233,,
1407,result_read_response,2,,,232,,
1408,kernel_group,2,82,10,,,
1408,result_write,2,82,10,,,
1408,output_fire,,,,232,,
1408,result_read_request,2,,,234,,
1408,result_read_response,2,,,233,,
1409,kernel_group,2,82,11,,,
1409,result_write,2,82,11,,,
1409,output_fire,,,,233,,
1409,result_read_request,2,,,235,,
1409,result_read_response,2,,,234,,
1410,kernel_group,2,82,12,,,
1410,result_write,2,82,12,,,
1410,output_fire,,,,234,,
1410,result_read_request,2,,,236,,
1410,result_read_response,2,,,235,,
1411,kernel_group,2,82,13,,,
1411,result_write,2,82,13,,,
1411,output_fire,,,,235,,
1411,result_read_request,2,,,237,,
1411,result_read_response,2,,,236,,
1412,kernel_group,2,82,14,,,
1412,result_write,2,82,14,,,
1412,output_fire,,,,236,,
1412,result_read_request,2,,,238,,
1412,result_read_response,2,,,237,,
1413,kernel_group,2,82,15,,,
1413,result_write,2,82,15,,,
1413,output_fire,,,,237,,
1413,result_read_request,2,,,239,,
1413,result_read_response,2,,,238,,
1414,kernel_group,2,83,0,,,
1414,result_write,2,83,0,,,
1414,output_fire,,,,238,,
1414,result_read_request,2,,,240,,
1414,result_read_response,2,,,239,,
1415,kernel_group,2,83,1,,,
1415,result_write,2,83,1,,,
1415,output_fire,,,,239,,
1415,result_read_request,2,,,241,,
1415,result_read_response,2,,,240,,
1416,kernel_group,2,83,2,,,
1416,result_write,2,83,2,,,
1416,result_read_response,2,,,241,,
1417,kernel_group,2,83,3,,,
1417,result_write,2,83,3,,,
1418,kernel_group,2,83,4,,,
1418,result_write,2,83,4,,,
1419,kernel_group,2,83,5,,,
1419,result_write,2,83,5,,,
1420,kernel_group,2,83,6,,,
1420,result_write,2,83,6,,,
1420,output_fire,,,,240,,
1420,result_read_request,2,,,242,,
1421,kernel_group,2,83,7,,,
1421,result_write,2,83,7,,,
1421,output_fire,,,,241,,
1421,result_read_request,2,,,243,,
1421,result_read_response,2,,,242,,
1422,kernel_group,2,83,8,,,
1422,result_write,2,83,8,,,
1422,output_fire,,,,242,,
1422,stage_capture,2,21,15,21,,
1422,result_read_request,2,,,244,,
1422,result_read_response,2,,,243,,
1423,vector_start,2,85,,,,
1423,kernel_group,2,83,9,,,
1423,result_write,2,83,9,,,
1423,output_fire,,,,243,,
1423,result_read_request,2,,,245,,
1423,result_read_response,2,,,244,,
1424,kernel_group,2,83,10,,,
1424,result_write,2,83,10,,,
1424,output_fire,,,,244,,
1424,result_read_request,2,,,246,,
1424,result_read_response,2,,,245,,
1425,kernel_group,2,83,11,,,
1425,result_write,2,83,11,,,
1425,output_fire,,,,245,,
1425,result_read_request,2,,,247,,
1425,result_read_response,2,,,246,,
1426,kernel_group,2,83,12,,,
1426,result_write,2,83,12,,,
1426,output_fire,,,,246,,
1426,result_read_request,2,,,248,,
1426,result_read_response,2,,,247,,
1427,kernel_group,2,83,13,,,
1427,result_write,2,83,13,,,
1427,output_fire,,,,247,,
1427,result_read_request,2,,,249,,
1427,result_read_response,2,,,248,,
1428,kernel_group,2,83,14,,,
1428,result_write,2,83,14,,,
1428,output_fire,,,,248,,
1428,result_read_request,2,,,250,,
1428,result_read_response,2,,,249,,
1429,kernel_group,2,83,15,,,
1429,result_write,2,83,15,,,
1429,output_fire,,,,249,,
1429,result_read_request,2,,,251,,
1429,result_read_response,2,,,250,,
1430,kernel_group,2,84,0,,,
1430,result_write,2,84,0,,,
1430,output_fire,,,,250,,
1430,result_read_request,2,,,252,,
1430,result_read_response,2,,,251,,
1431,kernel_group,2,84,1,,,
1431,result_write,2,84,1,,,
1431,output_fire,,,,251,,
1431,result_read_request,2,,,253,,
1431,result_read_response,2,,,252,,
1432,kernel_group,2,84,2,,,
1432,result_write,2,84,2,,,
1432,output_fire,,,,252,,
1432,result_read_request,2,,,254,,
1432,result_read_response,2,,,253,,
1433,kernel_group,2,84,3,,,
1433,result_write,2,84,3,,,
1433,output_fire,,,,253,,
1433,result_read_request,2,,,255,,
1433,result_read_response,2,,,254,,
1434,kernel_group,2,84,4,,,
1434,result_write,2,84,4,,,
1434,output_fire,,,,254,,
1434,result_read_request,2,,,256,,
1434,result_read_response,2,,,255,,
1435,kernel_group,2,84,5,,,
1435,result_write,2,84,5,,,
1435,result_read_response,2,,,256,,
1436,kernel_group,2,84,6,,,
1436,result_write,2,84,6,,,
1437,kernel_group,2,84,7,,,
1437,result_write,2,84,7,,,
1438,kernel_group,2,84,8,,,
1438,result_write,2,84,8,,,
1438,stage_capture,2,22,15,22,,
1439,vector_start,2,86,,,,
1439,kernel_group,2,84,9,,,
1439,result_write,2,84,9,,,
1439,output_fire,,,,255,,
1439,result_read_request,2,,,257,,
1440,kernel_group,2,84,10,,,
1440,result_write,2,84,10,,,
1440,output_fire,,,,256,,
1440,result_read_request,2,,,258,,
1440,result_read_response,2,,,257,,
1441,kernel_group,2,84,11,,,
1441,result_write,2,84,11,,,
1441,output_fire,,,,257,,
1441,result_read_request,2,,,259,,
1441,result_read_response,2,,,258,,
1442,kernel_group,2,84,12,,,
1442,result_write,2,84,12,,,
1442,output_fire,,,,258,,
1442,result_read_request,2,,,260,,
1442,result_read_response,2,,,259,,
1443,kernel_group,2,84,13,,,
1443,result_write,2,84,13,,,
1443,output_fire,,,,259,,
1443,result_read_request,2,,,261,,
1443,result_read_response,2,,,260,,
1444,kernel_group,2,84,14,,,
1444,result_write,2,84,14,,,
1444,output_fire,,,,260,,
1444,result_read_request,2,,,262,,
1444,result_read_response,2,,,261,,
1445,kernel_group,2,84,15,,,
1445,result_write,2,84,15,,,
1445,output_fire,,,,261,,
1445,result_read_request,2,,,263,,
1445,result_read_response,2,,,262,,
1446,kernel_group,2,85,0,,,
1446,result_write,2,85,0,,,
1446,output_fire,,,,262,,
1446,result_read_request,2,,,264,,
1446,result_read_response,2,,,263,,
1447,kernel_group,2,85,1,,,
1447,result_write,2,85,1,,,
1447,output_fire,,,,263,,
1447,result_read_request,2,,,265,,
1447,result_read_response,2,,,264,,
1448,kernel_group,2,85,2,,,
1448,result_write,2,85,2,,,
1448,output_fire,,,,264,,
1448,result_read_request,2,,,266,,
1448,result_read_response,2,,,265,,
1449,kernel_group,2,85,3,,,
1449,result_write,2,85,3,,,
1449,output_fire,,,,265,,
1449,result_read_request,2,,,267,,
1449,result_read_response,2,,,266,,
1450,kernel_group,2,85,4,,,
1450,result_write,2,85,4,,,
1450,output_fire,,,,266,,
1450,result_read_request,2,,,268,,
1450,result_read_response,2,,,267,,
1451,kernel_group,2,85,5,,,
1451,result_write,2,85,5,,,
1451,output_fire,,,,267,,
1451,result_read_request,2,,,269,,
1451,result_read_response,2,,,268,,
1452,kernel_group,2,85,6,,,
1452,result_write,2,85,6,,,
1452,output_fire,,,,268,,
1452,result_read_request,2,,,270,,
1452,result_read_response,2,,,269,,
1453,kernel_group,2,85,7,,,
1453,result_write,2,85,7,,,
1453,output_fire,,,,269,,
1453,result_read_request,2,,,271,,
1453,result_read_response,2,,,270,,
1454,kernel_group,2,85,8,,,
1454,result_write,2,85,8,,,
1454,stage_capture,2,23,15,23,,
1454,result_read_response,2,,,271,,
1455,vector_start,2,87,,,,
1455,kernel_group,2,85,9,,,
1455,result_write,2,85,9,,,
1456,kernel_group,2,85,10,,,
1456,result_write,2,85,10,,,
1457,kernel_group,2,85,11,,,
1457,result_write,2,85,11,,,
1458,kernel_group,2,85,12,,,
1458,result_write,2,85,12,,,
1458,output_fire,,,,270,,
1458,result_read_request,2,,,272,,
1459,kernel_group,2,85,13,,,
1459,result_write,2,85,13,,,
1459,output_fire,,,,271,,
1459,result_read_request,2,,,273,,
1459,result_read_response,2,,,272,,
1460,kernel_group,2,85,14,,,
1460,result_write,2,85,14,,,
1460,output_fire,,,,272,,
1460,result_read_request,2,,,274,,
1460,result_read_response,2,,,273,,
1461,kernel_group,2,85,15,,,
1461,result_write,2,85,15,,,
1461,output_fire,,,,273,,
1461,result_read_request,2,,,275,,
1461,result_read_response,2,,,274,,
1462,kernel_group,2,86,0,,,
1462,result_write,2,86,0,,,
1462,output_fire,,,,274,,
1462,result_read_request,2,,,276,,
1462,result_read_response,2,,,275,,
1463,kernel_group,2,86,1,,,
1463,result_write,2,86,1,,,
1463,output_fire,,,,275,,
1463,result_read_request,2,,,277,,
1463,result_read_response,2,,,276,,
1464,kernel_group,2,86,2,,,
1464,result_write,2,86,2,,,
1464,output_fire,,,,276,,
1464,result_read_request,2,,,278,,
1464,result_read_response,2,,,277,,
1465,kernel_group,2,86,3,,,
1465,result_write,2,86,3,,,
1465,output_fire,,,,277,,
1465,result_read_request,2,,,279,,
1465,result_read_response,2,,,278,,
1466,kernel_group,2,86,4,,,
1466,result_write,2,86,4,,,
1466,output_fire,,,,278,,
1466,result_read_request,2,,,280,,
1466,result_read_response,2,,,279,,
1467,kernel_group,2,86,5,,,
1467,result_write,2,86,5,,,
1467,output_fire,,,,279,,
1467,result_read_request,2,,,281,,
1467,result_read_response,2,,,280,,
1468,kernel_group,2,86,6,,,
1468,result_write,2,86,6,,,
1468,output_fire,,,,280,,
1468,result_read_request,2,,,282,,
1468,result_read_response,2,,,281,,
1469,kernel_group,2,86,7,,,
1469,result_write,2,86,7,,,
1469,output_fire,,,,281,,
1469,result_read_request,2,,,283,,
1469,result_read_response,2,,,282,,
1470,kernel_group,2,86,8,,,
1470,result_write,2,86,8,,,
1470,output_fire,,,,282,,
1470,stage_capture,2,24,15,24,,
1470,result_read_request,2,,,284,,
1470,result_read_response,2,,,283,,
1471,vector_start,2,88,,,,
1471,kernel_group,2,86,9,,,
1471,result_write,2,86,9,,,
1471,output_fire,,,,283,,
1471,result_read_request,2,,,285,,
1471,result_read_response,2,,,284,,
1472,kernel_group,2,86,10,,,
1472,result_write,2,86,10,,,
1472,output_fire,,,,284,,
1472,result_read_request,2,,,286,,
1472,result_read_response,2,,,285,,
1473,kernel_group,2,86,11,,,
1473,result_write,2,86,11,,,
1473,result_read_response,2,,,286,,
1474,kernel_group,2,86,12,,,
1474,result_write,2,86,12,,,
1475,kernel_group,2,86,13,,,
1475,result_write,2,86,13,,,
1476,kernel_group,2,86,14,,,
1476,result_write,2,86,14,,,
1477,kernel_group,2,86,15,,,
1477,result_write,2,86,15,,,
1477,output_fire,,,,285,,
1477,result_read_request,2,,,287,,
1478,kernel_group,2,87,0,,,
1478,result_write,2,87,0,,,
1478,output_fire,,,,286,,
1478,result_read_request,2,,,288,,
1478,result_read_response,2,,,287,,
1479,kernel_group,2,87,1,,,
1479,result_write,2,87,1,,,
1479,output_fire,,,,287,,
1479,result_read_request,2,,,289,,
1479,result_read_response,2,,,288,,
1480,kernel_group,2,87,2,,,
1480,result_write,2,87,2,,,
1480,output_fire,,,,288,,
1480,result_read_request,2,,,290,,
1480,result_read_response,2,,,289,,
1481,kernel_group,2,87,3,,,
1481,result_write,2,87,3,,,
1481,output_fire,,,,289,,
1481,result_read_request,2,,,291,,
1481,result_read_response,2,,,290,,
1482,kernel_group,2,87,4,,,
1482,result_write,2,87,4,,,
1482,output_fire,,,,290,,
1482,result_read_request,2,,,292,,
1482,result_read_response,2,,,291,,
1483,kernel_group,2,87,5,,,
1483,result_write,2,87,5,,,
1483,output_fire,,,,291,,
1483,result_read_request,2,,,293,,
1483,result_read_response,2,,,292,,
1484,kernel_group,2,87,6,,,
1484,result_write,2,87,6,,,
1484,output_fire,,,,292,,
1484,result_read_request,2,,,294,,
1484,result_read_response,2,,,293,,
1485,kernel_group,2,87,7,,,
1485,result_write,2,87,7,,,
1485,output_fire,,,,293,,
1485,result_read_request,2,,,295,,
1485,result_read_response,2,,,294,,
1486,kernel_group,2,87,8,,,
1486,result_write,2,87,8,,,
1486,output_fire,,,,294,,
1486,stage_capture,2,25,15,25,,
1486,result_read_request,2,,,296,,
1486,result_read_response,2,,,295,,
1487,vector_start,2,89,,,,
1487,kernel_group,2,87,9,,,
1487,result_write,2,87,9,,,
1487,output_fire,,,,295,,
1487,result_read_request,2,,,297,,
1487,result_read_response,2,,,296,,
1488,kernel_group,2,87,10,,,
1488,result_write,2,87,10,,,
1488,output_fire,,,,296,,
1488,result_read_request,2,,,298,,
1488,result_read_response,2,,,297,,
1489,kernel_group,2,87,11,,,
1489,result_write,2,87,11,,,
1489,output_fire,,,,297,,
1489,result_read_request,2,,,299,,
1489,result_read_response,2,,,298,,
1490,kernel_group,2,87,12,,,
1490,result_write,2,87,12,,,
1490,output_fire,,,,298,,
1490,result_read_request,2,,,300,,
1490,result_read_response,2,,,299,,
1491,kernel_group,2,87,13,,,
1491,result_write,2,87,13,,,
1491,output_fire,,,,299,,
1491,result_read_request,2,,,301,,
1491,result_read_response,2,,,300,,
1492,kernel_group,2,87,14,,,
1492,result_write,2,87,14,,,
1492,result_read_response,2,,,301,,
1493,kernel_group,2,87,15,,,
1493,result_write,2,87,15,,,
1494,kernel_group,2,88,0,,,
1494,result_write,2,88,0,,,
1495,kernel_group,2,88,1,,,
1495,result_write,2,88,1,,,
1496,kernel_group,2,88,2,,,
1496,result_write,2,88,2,,,
1496,output_fire,,,,300,,
1496,result_read_request,2,,,302,,
1497,kernel_group,2,88,3,,,
1497,result_write,2,88,3,,,
1497,output_fire,,,,301,,
1497,result_read_request,2,,,303,,
1497,result_read_response,2,,,302,,
1498,kernel_group,2,88,4,,,
1498,result_write,2,88,4,,,
1498,output_fire,,,,302,,
1498,result_read_request,2,,,304,,
1498,result_read_response,2,,,303,,
1499,kernel_group,2,88,5,,,
1499,result_write,2,88,5,,,
1499,output_fire,,,,303,,
1499,result_read_request,2,,,305,,
1499,result_read_response,2,,,304,,
1500,kernel_group,2,88,6,,,
1500,result_write,2,88,6,,,
1500,output_fire,,,,304,,
1500,result_read_request,2,,,306,,
1500,result_read_response,2,,,305,,
1501,kernel_group,2,88,7,,,
1501,result_write,2,88,7,,,
1501,output_fire,,,,305,,
1501,result_read_request,2,,,307,,
1501,result_read_response,2,,,306,,
1502,kernel_group,2,88,8,,,
1502,result_write,2,88,8,,,
1502,output_fire,,,,306,,
1502,stage_capture,2,26,15,26,,
1502,result_read_request,2,,,308,,
1502,result_read_response,2,,,307,,
1503,vector_start,2,90,,,,
1503,kernel_group,2,88,9,,,
1503,result_write,2,88,9,,,
1503,output_fire,,,,307,,
1503,result_read_request,2,,,309,,
1503,result_read_response,2,,,308,,
1504,kernel_group,2,88,10,,,
1504,result_write,2,88,10,,,
1504,output_fire,,,,308,,
1504,result_read_request,2,,,310,,
1504,result_read_response,2,,,309,,
1505,kernel_group,2,88,11,,,
1505,result_write,2,88,11,,,
1505,output_fire,,,,309,,
1505,result_read_request,2,,,311,,
1505,result_read_response,2,,,310,,
1506,kernel_group,2,88,12,,,
1506,result_write,2,88,12,,,
1506,output_fire,,,,310,,
1506,result_read_request,2,,,312,,
1506,result_read_response,2,,,311,,
1507,kernel_group,2,88,13,,,
1507,result_write,2,88,13,,,
1507,output_fire,,,,311,,
1507,result_read_request,2,,,313,,
1507,result_read_response,2,,,312,,
1508,kernel_group,2,88,14,,,
1508,result_write,2,88,14,,,
1508,output_fire,,,,312,,
1508,result_read_request,2,,,314,,
1508,result_read_response,2,,,313,,
1509,kernel_group,2,88,15,,,
1509,result_write,2,88,15,,,
1509,output_fire,,,,313,,
1509,result_read_request,2,,,315,,
1509,result_read_response,2,,,314,,
1510,kernel_group,2,89,0,,,
1510,result_write,2,89,0,,,
1510,output_fire,,,,314,,
1510,result_read_request,2,,,316,,
1510,result_read_response,2,,,315,,
1511,kernel_group,2,89,1,,,
1511,result_write,2,89,1,,,
1511,result_read_response,2,,,316,,
1512,kernel_group,2,89,2,,,
1512,result_write,2,89,2,,,
1513,kernel_group,2,89,3,,,
1513,result_write,2,89,3,,,
1514,kernel_group,2,89,4,,,
1514,result_write,2,89,4,,,
1515,kernel_group,2,89,5,,,
1515,result_write,2,89,5,,,
1515,output_fire,,,,315,,
1515,result_read_request,2,,,317,,
1516,kernel_group,2,89,6,,,
1516,result_write,2,89,6,,,
1516,output_fire,,,,316,,
1516,result_read_request,2,,,318,,
1516,result_read_response,2,,,317,,
1517,kernel_group,2,89,7,,,
1517,result_write,2,89,7,,,
1517,output_fire,,,,317,,
1517,result_read_request,2,,,319,,
1517,result_read_response,2,,,318,,
1518,kernel_group,2,89,8,,,
1518,result_write,2,89,8,,,
1518,output_fire,,,,318,,
1518,stage_capture,2,27,15,27,,
1518,result_read_request,2,,,320,,
1518,result_read_response,2,,,319,,
1519,vector_start,2,91,,,,
1519,kernel_group,2,89,9,,,
1519,result_write,2,89,9,,,
1519,output_fire,,,,319,,
1519,result_read_request,2,,,321,,
1519,result_read_response,2,,,320,,
1520,kernel_group,2,89,10,,,
1520,result_write,2,89,10,,,
1520,output_fire,,,,320,,
1520,result_read_request,2,,,322,,
1520,result_read_response,2,,,321,,
1521,kernel_group,2,89,11,,,
1521,result_write,2,89,11,,,
1521,output_fire,,,,321,,
1521,result_read_request,2,,,323,,
1521,result_read_response,2,,,322,,
1522,kernel_group,2,89,12,,,
1522,result_write,2,89,12,,,
1522,output_fire,,,,322,,
1522,result_read_request,2,,,324,,
1522,result_read_response,2,,,323,,
1523,kernel_group,2,89,13,,,
1523,result_write,2,89,13,,,
1523,output_fire,,,,323,,
1523,result_read_request,2,,,325,,
1523,result_read_response,2,,,324,,
1524,kernel_group,2,89,14,,,
1524,result_write,2,89,14,,,
1524,output_fire,,,,324,,
1524,result_read_request,2,,,326,,
1524,result_read_response,2,,,325,,
1525,kernel_group,2,89,15,,,
1525,result_write,2,89,15,,,
1525,output_fire,,,,325,,
1525,result_read_request,2,,,327,,
1525,result_read_response,2,,,326,,
1526,kernel_group,2,90,0,,,
1526,result_write,2,90,0,,,
1526,output_fire,,,,326,,
1526,result_read_request,2,,,328,,
1526,result_read_response,2,,,327,,
1527,kernel_group,2,90,1,,,
1527,result_write,2,90,1,,,
1527,output_fire,,,,327,,
1527,result_read_request,2,,,329,,
1527,result_read_response,2,,,328,,
1528,kernel_group,2,90,2,,,
1528,result_write,2,90,2,,,
1528,output_fire,,,,328,,
1528,result_read_request,2,,,330,,
1528,result_read_response,2,,,329,,
1529,kernel_group,2,90,3,,,
1529,result_write,2,90,3,,,
1529,output_fire,,,,329,,
1529,result_read_request,2,,,331,,
1529,result_read_response,2,,,330,,
1530,kernel_group,2,90,4,,,
1530,result_write,2,90,4,,,
1530,result_read_response,2,,,331,,
1531,kernel_group,2,90,5,,,
1531,result_write,2,90,5,,,
1532,kernel_group,2,90,6,,,
1532,result_write,2,90,6,,,
1533,kernel_group,2,90,7,,,
1533,result_write,2,90,7,,,
1534,kernel_group,2,90,8,,,
1534,result_write,2,90,8,,,
1534,output_fire,,,,330,,
1534,stage_capture,2,28,15,28,,
1534,result_read_request,2,,,332,,
1535,vector_start,2,92,,,,
1535,kernel_group,2,90,9,,,
1535,result_write,2,90,9,,,
1535,output_fire,,,,331,,
1535,result_read_request,2,,,333,,
1535,result_read_response,2,,,332,,
1536,kernel_group,2,90,10,,,
1536,result_write,2,90,10,,,
1536,output_fire,,,,332,,
1536,result_read_request,2,,,334,,
1536,result_read_response,2,,,333,,
1537,kernel_group,2,90,11,,,
1537,result_write,2,90,11,,,
1537,output_fire,,,,333,,
1537,result_read_request,2,,,335,,
1537,result_read_response,2,,,334,,
1538,kernel_group,2,90,12,,,
1538,result_write,2,90,12,,,
1538,output_fire,,,,334,,
1538,result_read_request,2,,,336,,
1538,result_read_response,2,,,335,,
1539,kernel_group,2,90,13,,,
1539,result_write,2,90,13,,,
1539,output_fire,,,,335,,
1539,result_read_request,2,,,337,,
1539,result_read_response,2,,,336,,
1540,kernel_group,2,90,14,,,
1540,result_write,2,90,14,,,
1540,output_fire,,,,336,,
1540,result_read_request,2,,,338,,
1540,result_read_response,2,,,337,,
1541,kernel_group,2,90,15,,,
1541,result_write,2,90,15,,,
1541,output_fire,,,,337,,
1541,result_read_request,2,,,339,,
1541,result_read_response,2,,,338,,
1542,kernel_group,2,91,0,,,
1542,result_write,2,91,0,,,
1542,output_fire,,,,338,,
1542,result_read_request,2,,,340,,
1542,result_read_response,2,,,339,,
1543,kernel_group,2,91,1,,,
1543,result_write,2,91,1,,,
1543,output_fire,,,,339,,
1543,result_read_request,2,,,341,,
1543,result_read_response,2,,,340,,
1544,kernel_group,2,91,2,,,
1544,result_write,2,91,2,,,
1544,output_fire,,,,340,,
1544,result_read_request,2,,,342,,
1544,result_read_response,2,,,341,,
1545,kernel_group,2,91,3,,,
1545,result_write,2,91,3,,,
1545,output_fire,,,,341,,
1545,result_read_request,2,,,343,,
1545,result_read_response,2,,,342,,
1546,kernel_group,2,91,4,,,
1546,result_write,2,91,4,,,
1546,output_fire,,,,342,,
1546,result_read_request,2,,,344,,
1546,result_read_response,2,,,343,,
1547,kernel_group,2,91,5,,,
1547,result_write,2,91,5,,,
1547,output_fire,,,,343,,
1547,result_read_request,2,,,345,,
1547,result_read_response,2,,,344,,
1548,kernel_group,2,91,6,,,
1548,result_write,2,91,6,,,
1548,output_fire,,,,344,,
1548,result_read_request,2,,,346,,
1548,result_read_response,2,,,345,,
1549,kernel_group,2,91,7,,,
1549,result_write,2,91,7,,,
1549,result_read_response,2,,,346,,
1550,kernel_group,2,91,8,,,
1550,result_write,2,91,8,,,
1550,stage_capture,2,29,15,29,,
1551,vector_start,2,93,,,,
1551,kernel_group,2,91,9,,,
1551,result_write,2,91,9,,,
1552,kernel_group,2,91,10,,,
1552,result_write,2,91,10,,,
1553,kernel_group,2,91,11,,,
1553,result_write,2,91,11,,,
1553,output_fire,,,,345,,
1553,result_read_request,2,,,347,,
1554,kernel_group,2,91,12,,,
1554,result_write,2,91,12,,,
1554,output_fire,,,,346,,
1554,result_read_request,2,,,348,,
1554,result_read_response,2,,,347,,
1555,kernel_group,2,91,13,,,
1555,result_write,2,91,13,,,
1555,output_fire,,,,347,,
1555,result_read_request,2,,,349,,
1555,result_read_response,2,,,348,,
1556,kernel_group,2,91,14,,,
1556,result_write,2,91,14,,,
1556,output_fire,,,,348,,
1556,result_read_request,2,,,350,,
1556,result_read_response,2,,,349,,
1557,kernel_group,2,91,15,,,
1557,result_write,2,91,15,,,
1557,output_fire,,,,349,,
1557,result_read_request,2,,,351,,
1557,result_read_response,2,,,350,,
1558,kernel_group,2,92,0,,,
1558,result_write,2,92,0,,,
1558,output_fire,,,,350,,
1558,result_read_request,2,,,352,,
1558,result_read_response,2,,,351,,
1559,kernel_group,2,92,1,,,
1559,result_write,2,92,1,,,
1559,output_fire,,,,351,,
1559,result_read_request,2,,,353,,
1559,result_read_response,2,,,352,,
1560,kernel_group,2,92,2,,,
1560,result_write,2,92,2,,,
1560,output_fire,,,,352,,
1560,result_read_request,2,,,354,,
1560,result_read_response,2,,,353,,
1561,kernel_group,2,92,3,,,
1561,result_write,2,92,3,,,
1561,output_fire,,,,353,,
1561,result_read_request,2,,,355,,
1561,result_read_response,2,,,354,,
1562,kernel_group,2,92,4,,,
1562,result_write,2,92,4,,,
1562,output_fire,,,,354,,
1562,result_read_request,2,,,356,,
1562,result_read_response,2,,,355,,
1563,kernel_group,2,92,5,,,
1563,result_write,2,92,5,,,
1563,output_fire,,,,355,,
1563,result_read_request,2,,,357,,
1563,result_read_response,2,,,356,,
1564,kernel_group,2,92,6,,,
1564,result_write,2,92,6,,,
1564,output_fire,,,,356,,
1564,result_read_request,2,,,358,,
1564,result_read_response,2,,,357,,
1565,kernel_group,2,92,7,,,
1565,result_write,2,92,7,,,
1565,output_fire,,,,357,,
1565,result_read_request,2,,,359,,
1565,result_read_response,2,,,358,,
1566,kernel_group,2,92,8,,,
1566,result_write,2,92,8,,,
1566,output_fire,,,,358,,
1566,stage_capture,2,30,15,30,,
1566,result_read_request,2,,,360,,
1566,result_read_response,2,,,359,,
1567,vector_start,2,94,,,,
1567,kernel_group,2,92,9,,,
1567,result_write,2,92,9,,,
1567,output_fire,,,,359,,
1567,result_read_request,2,,,361,,
1567,result_read_response,2,,,360,,
1568,kernel_group,2,92,10,,,
1568,result_write,2,92,10,,,
1568,result_read_response,2,,,361,,
1569,kernel_group,2,92,11,,,
1569,result_write,2,92,11,,,
1570,kernel_group,2,92,12,,,
1570,result_write,2,92,12,,,
1571,kernel_group,2,92,13,,,
1571,result_write,2,92,13,,,
1572,kernel_group,2,92,14,,,
1572,result_write,2,92,14,,,
1572,output_fire,,,,360,,
1572,result_read_request,2,,,362,,
1573,kernel_group,2,92,15,,,
1573,result_write,2,92,15,,,
1573,output_fire,,,,361,,
1573,result_read_request,2,,,363,,
1573,result_read_response,2,,,362,,
1574,kernel_group,2,93,0,,,
1574,result_write,2,93,0,,,
1574,output_fire,,,,362,,
1574,result_read_request,2,,,364,,
1574,result_read_response,2,,,363,,
1575,kernel_group,2,93,1,,,
1575,result_write,2,93,1,,,
1575,output_fire,,,,363,,
1575,result_read_request,2,,,365,,
1575,result_read_response,2,,,364,,
1576,kernel_group,2,93,2,,,
1576,result_write,2,93,2,,,
1576,output_fire,,,,364,,
1576,result_read_request,2,,,366,,
1576,result_read_response,2,,,365,,
1577,kernel_group,2,93,3,,,
1577,result_write,2,93,3,,,
1577,output_fire,,,,365,,
1577,result_read_request,2,,,367,,
1577,result_read_response,2,,,366,,
1578,kernel_group,2,93,4,,,
1578,result_write,2,93,4,,,
1578,output_fire,,,,366,,
1578,result_read_request,2,,,368,,
1578,result_read_response,2,,,367,,
1579,kernel_group,2,93,5,,,
1579,result_write,2,93,5,,,
1579,output_fire,,,,367,,
1579,result_read_request,2,,,369,,
1579,result_read_response,2,,,368,,
1580,kernel_group,2,93,6,,,
1580,result_write,2,93,6,,,
1580,output_fire,,,,368,,
1580,result_read_request,2,,,370,,
1580,result_read_response,2,,,369,,
1581,kernel_group,2,93,7,,,
1581,result_write,2,93,7,,,
1581,output_fire,,,,369,,
1581,result_read_request,2,,,371,,
1581,result_read_response,2,,,370,,
1582,kernel_group,2,93,8,,,
1582,result_write,2,93,8,,,
1582,output_fire,,,,370,,
1582,stage_capture,2,31,15,31,,
1582,result_read_request,2,,,372,,
1582,result_read_response,2,,,371,,
1583,vector_start,2,95,,,,
1583,kernel_group,2,93,9,,,
1583,result_write,2,93,9,,,
1583,output_fire,,,,371,,
1583,result_read_request,2,,,373,,
1583,result_read_response,2,,,372,,
1584,kernel_group,2,93,10,,,
1584,result_write,2,93,10,,,
1584,output_fire,,,,372,,
1584,result_read_request,2,,,374,,
1584,result_read_response,2,,,373,,
1585,kernel_group,2,93,11,,,
1585,result_write,2,93,11,,,
1585,output_fire,,,,373,,
1585,result_read_request,2,,,375,,
1585,result_read_response,2,,,374,,
1586,kernel_group,2,93,12,,,
1586,result_write,2,93,12,,,
1586,output_fire,,,,374,,
1586,result_read_request,2,,,376,,
1586,result_read_response,2,,,375,,
1587,kernel_group,2,93,13,,,
1587,result_write,2,93,13,,,
1587,result_read_response,2,,,376,,
1588,kernel_group,2,93,14,,,
1588,result_write,2,93,14,,,
1589,kernel_group,2,93,15,,,
1589,result_write,2,93,15,,,
1590,kernel_group,2,94,0,,,
1590,result_write,2,94,0,,,
1591,kernel_group,2,94,1,,,
1591,result_write,2,94,1,,,
1591,output_fire,,,,375,,
1591,result_read_request,2,,,377,,
1592,kernel_group,2,94,2,,,
1592,result_write,2,94,2,,,
1592,output_fire,,,,376,,
1592,result_read_request,2,,,378,,
1592,result_read_response,2,,,377,,
1593,kernel_group,2,94,3,,,
1593,result_write,2,94,3,,,
1593,output_fire,,,,377,,
1593,result_read_request,2,,,379,,
1593,result_read_response,2,,,378,,
1594,kernel_group,2,94,4,,,
1594,result_write,2,94,4,,,
1594,output_fire,,,,378,,
1594,result_read_request,2,,,380,,
1594,result_read_response,2,,,379,,
1595,kernel_group,2,94,5,,,
1595,result_write,2,94,5,,,
1595,output_fire,,,,379,,
1595,result_read_request,2,,,381,,
1595,result_read_response,2,,,380,,
1596,kernel_group,2,94,6,,,
1596,result_write,2,94,6,,,
1596,output_fire,,,,380,,
1596,result_read_request,2,,,382,,
1596,result_read_response,2,,,381,,
1597,kernel_group,2,94,7,,,
1597,result_write,2,94,7,,,
1597,output_fire,,,,381,,
1597,result_read_request,2,,,383,,
1597,result_read_response,2,,,382,,
1598,kernel_group,2,94,8,,,
1598,result_write,2,94,8,,,
1598,output_fire,,,,382,,
1598,stage_capture,2,32,15,32,,
1598,result_read_request,2,,,384,,
1598,result_read_response,2,,,383,,
1599,vector_start,2,96,,,,
1599,kernel_group,2,94,9,,,
1599,result_write,2,94,9,,,
1599,output_fire,,,,383,,
1599,result_read_request,2,,,385,,
1599,result_read_response,2,,,384,,
1600,kernel_group,2,94,10,,,
1600,result_write,2,94,10,,,
1600,output_fire,,,,384,,
1600,result_read_request,2,,,386,,
1600,result_read_response,2,,,385,,
1601,kernel_group,2,94,11,,,
1601,result_write,2,94,11,,,
1601,output_fire,,,,385,,
1601,result_read_request,2,,,387,,
1601,result_read_response,2,,,386,,
1602,kernel_group,2,94,12,,,
1602,result_write,2,94,12,,,
1602,output_fire,,,,386,,
1602,result_read_request,2,,,388,,
1602,result_read_response,2,,,387,,
1603,kernel_group,2,94,13,,,
1603,result_write,2,94,13,,,
1603,output_fire,,,,387,,
1603,result_read_request,2,,,389,,
1603,result_read_response,2,,,388,,
1604,kernel_group,2,94,14,,,
1604,result_write,2,94,14,,,
1604,output_fire,,,,388,,
1604,result_read_request,2,,,390,,
1604,result_read_response,2,,,389,,
1605,kernel_group,2,94,15,,,
1605,result_write,2,94,15,,,
1605,output_fire,,,,389,,
1605,result_read_request,2,,,391,,
1605,result_read_response,2,,,390,,
1606,kernel_group,2,95,0,,,
1606,result_write,2,95,0,,,
1606,result_read_response,2,,,391,,
1607,kernel_group,2,95,1,,,
1607,result_write,2,95,1,,,
1608,kernel_group,2,95,2,,,
1608,result_write,2,95,2,,,
1609,kernel_group,2,95,3,,,
1609,result_write,2,95,3,,,
1610,kernel_group,2,95,4,,,
1610,result_write,2,95,4,,,
1610,output_fire,,,,390,,
1610,result_read_request,2,,,392,,
1611,kernel_group,2,95,5,,,
1611,result_write,2,95,5,,,
1611,output_fire,,,,391,,
1611,result_read_request,2,,,393,,
1611,result_read_response,2,,,392,,
1612,kernel_group,2,95,6,,,
1612,result_write,2,95,6,,,
1612,output_fire,,,,392,,
1612,result_read_request,2,,,394,,
1612,result_read_response,2,,,393,,
1613,kernel_group,2,95,7,,,
1613,result_write,2,95,7,,,
1613,output_fire,,,,393,,
1613,result_read_request,2,,,395,,
1613,result_read_response,2,,,394,,
1614,kernel_group,2,95,8,,,
1614,result_write,2,95,8,,,
1614,output_fire,,,,394,,
1614,stage_capture,2,33,15,33,,
1614,result_read_request,2,,,396,,
1614,result_read_response,2,,,395,,
1615,vector_start,2,97,,,,
1615,kernel_group,2,95,9,,,
1615,result_write,2,95,9,,,
1615,output_fire,,,,395,,
1615,result_read_request,2,,,397,,
1615,result_read_response,2,,,396,,
1616,kernel_group,2,95,10,,,
1616,result_write,2,95,10,,,
1616,output_fire,,,,396,,
1616,result_read_request,2,,,398,,
1616,result_read_response,2,,,397,,
1617,kernel_group,2,95,11,,,
1617,result_write,2,95,11,,,
1617,output_fire,,,,397,,
1617,result_read_request,2,,,399,,
1617,result_read_response,2,,,398,,
1618,kernel_group,2,95,12,,,
1618,result_write,2,95,12,,,
1618,output_fire,,,,398,,
1618,result_read_request,2,,,400,,
1618,result_read_response,2,,,399,,
1619,kernel_group,2,95,13,,,
1619,result_write,2,95,13,,,
1619,output_fire,,,,399,,
1619,result_read_request,2,,,401,,
1619,result_read_response,2,,,400,,
1620,kernel_group,2,95,14,,,
1620,result_write,2,95,14,,,
1620,output_fire,,,,400,,
1620,result_read_request,2,,,402,,
1620,result_read_response,2,,,401,,
1621,kernel_group,2,95,15,,,
1621,result_write,2,95,15,,,
1621,output_fire,,,,401,,
1621,result_read_request,2,,,403,,
1621,result_read_response,2,,,402,,
1622,kernel_group,2,96,0,,,
1622,result_write,2,96,0,,,
1622,output_fire,,,,402,,
1622,result_read_request,2,,,404,,
1622,result_read_response,2,,,403,,
1623,kernel_group,2,96,1,,,
1623,result_write,2,96,1,,,
1623,output_fire,,,,403,,
1623,result_read_request,2,,,405,,
1623,result_read_response,2,,,404,,
1624,kernel_group,2,96,2,,,
1624,result_write,2,96,2,,,
1624,output_fire,,,,404,,
1624,result_read_request,2,,,406,,
1624,result_read_response,2,,,405,,
1625,kernel_group,2,96,3,,,
1625,result_write,2,96,3,,,
1625,result_read_response,2,,,406,,
1626,kernel_group,2,96,4,,,
1626,result_write,2,96,4,,,
1627,kernel_group,2,96,5,,,
1627,result_write,2,96,5,,,
1628,kernel_group,2,96,6,,,
1628,result_write,2,96,6,,,
1629,kernel_group,2,96,7,,,
1629,result_write,2,96,7,,,
1629,output_fire,,,,405,,
1629,result_read_request,2,,,407,,
1630,kernel_group,2,96,8,,,
1630,result_write,2,96,8,,,
1630,output_fire,,,,406,,
1630,stage_capture,2,34,15,34,,
1630,result_read_request,2,,,408,,
1630,result_read_response,2,,,407,,
1631,vector_start,2,98,,,,
1631,kernel_group,2,96,9,,,
1631,result_write,2,96,9,,,
1631,output_fire,,,,407,,
1631,result_read_request,2,,,409,,
1631,result_read_response,2,,,408,,
1632,kernel_group,2,96,10,,,
1632,result_write,2,96,10,,,
1632,output_fire,,,,408,,
1632,result_read_request,2,,,410,,
1632,result_read_response,2,,,409,,
1633,kernel_group,2,96,11,,,
1633,result_write,2,96,11,,,
1633,output_fire,,,,409,,
1633,result_read_request,2,,,411,,
1633,result_read_response,2,,,410,,
1634,kernel_group,2,96,12,,,
1634,result_write,2,96,12,,,
1634,output_fire,,,,410,,
1634,result_read_request,2,,,412,,
1634,result_read_response,2,,,411,,
1635,kernel_group,2,96,13,,,
1635,result_write,2,96,13,,,
1635,output_fire,,,,411,,
1635,result_read_request,2,,,413,,
1635,result_read_response,2,,,412,,
1636,kernel_group,2,96,14,,,
1636,result_write,2,96,14,,,
1636,output_fire,,,,412,,
1636,result_read_request,2,,,414,,
1636,result_read_response,2,,,413,,
1637,kernel_group,2,96,15,,,
1637,result_write,2,96,15,,,
1637,output_fire,,,,413,,
1637,result_read_request,2,,,415,,
1637,result_read_response,2,,,414,,
1638,kernel_group,2,97,0,,,
1638,result_write,2,97,0,,,
1638,output_fire,,,,414,,
1638,result_read_request,2,,,416,,
1638,result_read_response,2,,,415,,
1639,kernel_group,2,97,1,,,
1639,result_write,2,97,1,,,
1639,output_fire,,,,415,,
1639,result_read_request,2,,,417,,
1639,result_read_response,2,,,416,,
1640,kernel_group,2,97,2,,,
1640,result_write,2,97,2,,,
1640,output_fire,,,,416,,
1640,result_read_request,2,,,418,,
1640,result_read_response,2,,,417,,
1641,kernel_group,2,97,3,,,
1641,result_write,2,97,3,,,
1641,output_fire,,,,417,,
1641,result_read_request,2,,,419,,
1641,result_read_response,2,,,418,,
1642,kernel_group,2,97,4,,,
1642,result_write,2,97,4,,,
1642,output_fire,,,,418,,
1642,result_read_request,2,,,420,,
1642,result_read_response,2,,,419,,
1643,kernel_group,2,97,5,,,
1643,result_write,2,97,5,,,
1643,output_fire,,,,419,,
1643,result_read_request,2,,,421,,
1643,result_read_response,2,,,420,,
1644,kernel_group,2,97,6,,,
1644,result_write,2,97,6,,,
1644,result_read_response,2,,,421,,
1645,kernel_group,2,97,7,,,
1645,result_write,2,97,7,,,
1646,kernel_group,2,97,8,,,
1646,result_write,2,97,8,,,
1646,stage_capture,2,35,15,35,,
1647,vector_start,2,99,,,,
1647,kernel_group,2,97,9,,,
1647,result_write,2,97,9,,,
1648,kernel_group,2,97,10,,,
1648,result_write,2,97,10,,,
1648,output_fire,,,,420,,
1648,result_read_request,2,,,422,,
1649,kernel_group,2,97,11,,,
1649,result_write,2,97,11,,,
1649,output_fire,,,,421,,
1649,result_read_request,2,,,423,,
1649,result_read_response,2,,,422,,
1650,kernel_group,2,97,12,,,
1650,result_write,2,97,12,,,
1650,output_fire,,,,422,,
1650,result_read_request,2,,,424,,
1650,result_read_response,2,,,423,,
1651,kernel_group,2,97,13,,,
1651,result_write,2,97,13,,,
1651,output_fire,,,,423,,
1651,result_read_request,2,,,425,,
1651,result_read_response,2,,,424,,
1652,kernel_group,2,97,14,,,
1652,result_write,2,97,14,,,
1652,output_fire,,,,424,,
1652,result_read_request,2,,,426,,
1652,result_read_response,2,,,425,,
1653,kernel_group,2,97,15,,,
1653,result_write,2,97,15,,,
1653,output_fire,,,,425,,
1653,result_read_request,2,,,427,,
1653,result_read_response,2,,,426,,
1654,kernel_group,2,98,0,,,
1654,result_write,2,98,0,,,
1654,output_fire,,,,426,,
1654,result_read_request,2,,,428,,
1654,result_read_response,2,,,427,,
1655,kernel_group,2,98,1,,,
1655,result_write,2,98,1,,,
1655,output_fire,,,,427,,
1655,result_read_request,2,,,429,,
1655,result_read_response,2,,,428,,
1656,kernel_group,2,98,2,,,
1656,result_write,2,98,2,,,
1656,output_fire,,,,428,,
1656,result_read_request,2,,,430,,
1656,result_read_response,2,,,429,,
1657,kernel_group,2,98,3,,,
1657,result_write,2,98,3,,,
1657,output_fire,,,,429,,
1657,result_read_request,2,,,431,,
1657,result_read_response,2,,,430,,
1658,kernel_group,2,98,4,,,
1658,result_write,2,98,4,,,
1658,output_fire,,,,430,,
1658,result_read_request,2,,,432,,
1658,result_read_response,2,,,431,,
1659,kernel_group,2,98,5,,,
1659,result_write,2,98,5,,,
1659,output_fire,,,,431,,
1659,result_read_request,2,,,433,,
1659,result_read_response,2,,,432,,
1660,kernel_group,2,98,6,,,
1660,result_write,2,98,6,,,
1660,output_fire,,,,432,,
1660,result_read_request,2,,,434,,
1660,result_read_response,2,,,433,,
1661,kernel_group,2,98,7,,,
1661,result_write,2,98,7,,,
1661,output_fire,,,,433,,
1661,result_read_request,2,,,435,,
1661,result_read_response,2,,,434,,
1662,kernel_group,2,98,8,,,
1662,result_write,2,98,8,,,
1662,output_fire,,,,434,,
1662,stage_capture,2,36,15,36,,
1662,result_read_request,2,,,436,,
1662,result_read_response,2,,,435,,
1663,vector_start,2,100,,,,
1663,kernel_group,2,98,9,,,
1663,result_write,2,98,9,,,
1663,result_read_response,2,,,436,,
1664,kernel_group,2,98,10,,,
1664,result_write,2,98,10,,,
1665,kernel_group,2,98,11,,,
1665,result_write,2,98,11,,,
1666,kernel_group,2,98,12,,,
1666,result_write,2,98,12,,,
1667,kernel_group,2,98,13,,,
1667,result_write,2,98,13,,,
1667,output_fire,,,,435,,
1667,result_read_request,2,,,437,,
1668,kernel_group,2,98,14,,,
1668,result_write,2,98,14,,,
1668,output_fire,,,,436,,
1668,result_read_request,2,,,438,,
1668,result_read_response,2,,,437,,
1669,kernel_group,2,98,15,,,
1669,result_write,2,98,15,,,
1669,output_fire,,,,437,,
1669,result_read_request,2,,,439,,
1669,result_read_response,2,,,438,,
1670,kernel_group,2,99,0,,,
1670,result_write,2,99,0,,,
1670,output_fire,,,,438,,
1670,result_read_request,2,,,440,,
1670,result_read_response,2,,,439,,
1671,kernel_group,2,99,1,,,
1671,result_write,2,99,1,,,
1671,output_fire,,,,439,,
1671,result_read_request,2,,,441,,
1671,result_read_response,2,,,440,,
1672,kernel_group,2,99,2,,,
1672,result_write,2,99,2,,,
1672,output_fire,,,,440,,
1672,result_read_request,2,,,442,,
1672,result_read_response,2,,,441,,
1673,kernel_group,2,99,3,,,
1673,result_write,2,99,3,,,
1673,output_fire,,,,441,,
1673,result_read_request,2,,,443,,
1673,result_read_response,2,,,442,,
1674,kernel_group,2,99,4,,,
1674,result_write,2,99,4,,,
1674,output_fire,,,,442,,
1674,result_read_request,2,,,444,,
1674,result_read_response,2,,,443,,
1675,kernel_group,2,99,5,,,
1675,result_write,2,99,5,,,
1675,output_fire,,,,443,,
1675,result_read_request,2,,,445,,
1675,result_read_response,2,,,444,,
1676,kernel_group,2,99,6,,,
1676,result_write,2,99,6,,,
1676,output_fire,,,,444,,
1676,result_read_request,2,,,446,,
1676,result_read_response,2,,,445,,
1677,kernel_group,2,99,7,,,
1677,result_write,2,99,7,,,
1677,output_fire,,,,445,,
1677,result_read_request,2,,,447,,
1677,result_read_response,2,,,446,,
1678,kernel_group,2,99,8,,,
1678,result_write,2,99,8,,,
1678,output_fire,,,,446,,
1678,stage_capture,2,37,15,37,,
1678,result_read_request,2,,,448,,
1678,result_read_response,2,,,447,,
1679,vector_start,2,101,,,,
1679,kernel_group,2,99,9,,,
1679,result_write,2,99,9,,,
1679,output_fire,,,,447,,
1679,result_read_request,2,,,449,,
1679,result_read_response,2,,,448,,
1680,kernel_group,2,99,10,,,
1680,result_write,2,99,10,,,
1680,output_fire,,,,448,,
1680,result_read_request,2,,,450,,
1680,result_read_response,2,,,449,,
1681,kernel_group,2,99,11,,,
1681,result_write,2,99,11,,,
1681,output_fire,,,,449,,
1681,result_read_request,2,,,451,,
1681,result_read_response,2,,,450,,
1682,kernel_group,2,99,12,,,
1682,result_write,2,99,12,,,
1682,result_read_response,2,,,451,,
1683,kernel_group,2,99,13,,,
1683,result_write,2,99,13,,,
1684,kernel_group,2,99,14,,,
1684,result_write,2,99,14,,,
1685,kernel_group,2,99,15,,,
1685,result_write,2,99,15,,,
1686,kernel_group,2,100,0,,,
1686,result_write,2,100,0,,,
1686,output_fire,,,,450,,
1686,result_read_request,2,,,452,,
1687,kernel_group,2,100,1,,,
1687,result_write,2,100,1,,,
1687,output_fire,,,,451,,
1687,result_read_request,2,,,453,,
1687,result_read_response,2,,,452,,
1688,kernel_group,2,100,2,,,
1688,result_write,2,100,2,,,
1688,output_fire,,,,452,,
1688,result_read_request,2,,,454,,
1688,result_read_response,2,,,453,,
1689,kernel_group,2,100,3,,,
1689,result_write,2,100,3,,,
1689,output_fire,,,,453,,
1689,result_read_request,2,,,455,,
1689,result_read_response,2,,,454,,
1690,kernel_group,2,100,4,,,
1690,result_write,2,100,4,,,
1690,output_fire,,,,454,,
1690,result_read_request,2,,,456,,
1690,result_read_response,2,,,455,,
1691,kernel_group,2,100,5,,,
1691,result_write,2,100,5,,,
1691,output_fire,,,,455,,
1691,result_read_request,2,,,457,,
1691,result_read_response,2,,,456,,
1692,kernel_group,2,100,6,,,
1692,result_write,2,100,6,,,
1692,output_fire,,,,456,,
1692,result_read_request,2,,,458,,
1692,result_read_response,2,,,457,,
1693,kernel_group,2,100,7,,,
1693,result_write,2,100,7,,,
1693,output_fire,,,,457,,
1693,result_read_request,2,,,459,,
1693,result_read_response,2,,,458,,
1694,kernel_group,2,100,8,,,
1694,result_write,2,100,8,,,
1694,output_fire,,,,458,,
1694,stage_capture,2,38,15,38,,
1694,result_read_request,2,,,460,,
1694,result_read_response,2,,,459,,
1695,vector_start,2,102,,,,
1695,kernel_group,2,100,9,,,
1695,result_write,2,100,9,,,
1695,output_fire,,,,459,,
1695,result_read_request,2,,,461,,
1695,result_read_response,2,,,460,,
1696,kernel_group,2,100,10,,,
1696,result_write,2,100,10,,,
1696,output_fire,,,,460,,
1696,result_read_request,2,,,462,,
1696,result_read_response,2,,,461,,
1697,kernel_group,2,100,11,,,
1697,result_write,2,100,11,,,
1697,output_fire,,,,461,,
1697,result_read_request,2,,,463,,
1697,result_read_response,2,,,462,,
1698,kernel_group,2,100,12,,,
1698,result_write,2,100,12,,,
1698,output_fire,,,,462,,
1698,result_read_request,2,,,464,,
1698,result_read_response,2,,,463,,
1699,kernel_group,2,100,13,,,
1699,result_write,2,100,13,,,
1699,output_fire,,,,463,,
1699,result_read_request,2,,,465,,
1699,result_read_response,2,,,464,,
1700,kernel_group,2,100,14,,,
1700,result_write,2,100,14,,,
1700,output_fire,,,,464,,
1700,result_read_request,2,,,466,,
1700,result_read_response,2,,,465,,
1701,kernel_group,2,100,15,,,
1701,result_write,2,100,15,,,
1701,result_read_response,2,,,466,,
1702,kernel_group,2,101,0,,,
1702,result_write,2,101,0,,,
1703,kernel_group,2,101,1,,,
1703,result_write,2,101,1,,,
1704,kernel_group,2,101,2,,,
1704,result_write,2,101,2,,,
1705,kernel_group,2,101,3,,,
1705,result_write,2,101,3,,,
1705,output_fire,,,,465,,
1705,result_read_request,2,,,467,,
1706,kernel_group,2,101,4,,,
1706,result_write,2,101,4,,,
1706,output_fire,,,,466,,
1706,result_read_request,2,,,468,,
1706,result_read_response,2,,,467,,
1707,kernel_group,2,101,5,,,
1707,result_write,2,101,5,,,
1707,output_fire,,,,467,,
1707,result_read_request,2,,,469,,
1707,result_read_response,2,,,468,,
1708,kernel_group,2,101,6,,,
1708,result_write,2,101,6,,,
1708,output_fire,,,,468,,
1708,result_read_request,2,,,470,,
1708,result_read_response,2,,,469,,
1709,kernel_group,2,101,7,,,
1709,result_write,2,101,7,,,
1709,output_fire,,,,469,,
1709,result_read_request,2,,,471,,
1709,result_read_response,2,,,470,,
1710,kernel_group,2,101,8,,,
1710,result_write,2,101,8,,,
1710,output_fire,,,,470,,
1710,stage_capture,2,39,15,39,,
1710,result_read_request,2,,,472,,
1710,result_read_response,2,,,471,,
1711,vector_start,2,103,,,,
1711,kernel_group,2,101,9,,,
1711,result_write,2,101,9,,,
1711,output_fire,,,,471,,
1711,result_read_request,2,,,473,,
1711,result_read_response,2,,,472,,
1712,kernel_group,2,101,10,,,
1712,result_write,2,101,10,,,
1712,output_fire,,,,472,,
1712,result_read_request,2,,,474,,
1712,result_read_response,2,,,473,,
1713,kernel_group,2,101,11,,,
1713,result_write,2,101,11,,,
1713,output_fire,,,,473,,
1713,result_read_request,2,,,475,,
1713,result_read_response,2,,,474,,
1714,kernel_group,2,101,12,,,
1714,result_write,2,101,12,,,
1714,output_fire,,,,474,,
1714,result_read_request,2,,,476,,
1714,result_read_response,2,,,475,,
1715,kernel_group,2,101,13,,,
1715,result_write,2,101,13,,,
1715,output_fire,,,,475,,
1715,result_read_request,2,,,477,,
1715,result_read_response,2,,,476,,
1716,kernel_group,2,101,14,,,
1716,result_write,2,101,14,,,
1716,output_fire,,,,476,,
1716,result_read_request,2,,,478,,
1716,result_read_response,2,,,477,,
1717,kernel_group,2,101,15,,,
1717,result_write,2,101,15,,,
1717,output_fire,,,,477,,
1717,result_read_request,2,,,479,,
1717,result_read_response,2,,,478,,
1718,kernel_group,2,102,0,,,
1718,result_write,2,102,0,,,
1718,output_fire,,,,478,,
1718,result_read_request,2,,,480,,
1718,result_read_response,2,,,479,,
1719,kernel_group,2,102,1,,,
1719,result_write,2,102,1,,,
1719,output_fire,,,,479,,
1719,result_read_request,2,,,481,,
1719,result_read_response,2,,,480,,
1720,kernel_group,2,102,2,,,
1720,result_write,2,102,2,,,
1720,result_read_response,2,,,481,,
1721,kernel_group,2,102,3,,,
1721,result_write,2,102,3,,,
1722,kernel_group,2,102,4,,,
1722,result_write,2,102,4,,,
1723,kernel_group,2,102,5,,,
1723,result_write,2,102,5,,,
1724,kernel_group,2,102,6,,,
1724,result_write,2,102,6,,,
1724,output_fire,,,,480,,
1724,result_read_request,2,,,482,,
1725,kernel_group,2,102,7,,,
1725,result_write,2,102,7,,,
1725,output_fire,,,,481,,
1725,result_read_request,2,,,483,,
1725,result_read_response,2,,,482,,
1726,kernel_group,2,102,8,,,
1726,result_write,2,102,8,,,
1726,output_fire,,,,482,,
1726,stage_capture,2,40,15,40,,
1726,result_read_request,2,,,484,,
1726,result_read_response,2,,,483,,
1727,vector_start,2,104,,,,
1727,kernel_group,2,102,9,,,
1727,result_write,2,102,9,,,
1727,output_fire,,,,483,,
1727,result_read_request,2,,,485,,
1727,result_read_response,2,,,484,,
1728,kernel_group,2,102,10,,,
1728,result_write,2,102,10,,,
1728,output_fire,,,,484,,
1728,result_read_request,2,,,486,,
1728,result_read_response,2,,,485,,
1729,kernel_group,2,102,11,,,
1729,result_write,2,102,11,,,
1729,output_fire,,,,485,,
1729,result_read_request,2,,,487,,
1729,result_read_response,2,,,486,,
1730,kernel_group,2,102,12,,,
1730,result_write,2,102,12,,,
1730,output_fire,,,,486,,
1730,result_read_request,2,,,488,,
1730,result_read_response,2,,,487,,
1731,kernel_group,2,102,13,,,
1731,result_write,2,102,13,,,
1731,output_fire,,,,487,,
1731,result_read_request,2,,,489,,
1731,result_read_response,2,,,488,,
1732,kernel_group,2,102,14,,,
1732,result_write,2,102,14,,,
1732,output_fire,,,,488,,
1732,result_read_request,2,,,490,,
1732,result_read_response,2,,,489,,
1733,kernel_group,2,102,15,,,
1733,result_write,2,102,15,,,
1733,output_fire,,,,489,,
1733,result_read_request,2,,,491,,
1733,result_read_response,2,,,490,,
1734,kernel_group,2,103,0,,,
1734,result_write,2,103,0,,,
1734,output_fire,,,,490,,
1734,result_read_request,2,,,492,,
1734,result_read_response,2,,,491,,
1735,kernel_group,2,103,1,,,
1735,result_write,2,103,1,,,
1735,output_fire,,,,491,,
1735,result_read_request,2,,,493,,
1735,result_read_response,2,,,492,,
1736,kernel_group,2,103,2,,,
1736,result_write,2,103,2,,,
1736,output_fire,,,,492,,
1736,result_read_request,2,,,494,,
1736,result_read_response,2,,,493,,
1737,kernel_group,2,103,3,,,
1737,result_write,2,103,3,,,
1737,output_fire,,,,493,,
1737,result_read_request,2,,,495,,
1737,result_read_response,2,,,494,,
1738,kernel_group,2,103,4,,,
1738,result_write,2,103,4,,,
1738,output_fire,,,,494,,
1738,result_read_request,2,,,496,,
1738,result_read_response,2,,,495,,
1739,kernel_group,2,103,5,,,
1739,result_write,2,103,5,,,
1739,result_read_response,2,,,496,,
1740,kernel_group,2,103,6,,,
1740,result_write,2,103,6,,,
1741,kernel_group,2,103,7,,,
1741,result_write,2,103,7,,,
1742,kernel_group,2,103,8,,,
1742,result_write,2,103,8,,,
1742,stage_capture,2,41,15,41,,
1743,vector_start,2,105,,,,
1743,kernel_group,2,103,9,,,
1743,result_write,2,103,9,,,
1743,output_fire,,,,495,,
1743,result_read_request,2,,,497,,
1744,kernel_group,2,103,10,,,
1744,result_write,2,103,10,,,
1744,output_fire,,,,496,,
1744,result_read_request,2,,,498,,
1744,result_read_response,2,,,497,,
1745,kernel_group,2,103,11,,,
1745,result_write,2,103,11,,,
1745,output_fire,,,,497,,
1745,result_read_request,2,,,499,,
1745,result_read_response,2,,,498,,
1746,kernel_group,2,103,12,,,
1746,result_write,2,103,12,,,
1746,output_fire,,,,498,,
1746,result_read_request,2,,,500,,
1746,result_read_response,2,,,499,,
1747,kernel_group,2,103,13,,,
1747,result_write,2,103,13,,,
1747,output_fire,,,,499,,
1747,result_read_request,2,,,501,,
1747,result_read_response,2,,,500,,
1748,kernel_group,2,103,14,,,
1748,result_write,2,103,14,,,
1748,output_fire,,,,500,,
1748,result_read_request,2,,,502,,
1748,result_read_response,2,,,501,,
1749,kernel_group,2,103,15,,,
1749,result_write,2,103,15,,,
1749,output_fire,,,,501,,
1749,result_read_request,2,,,503,,
1749,result_read_response,2,,,502,,
1750,kernel_group,2,104,0,,,
1750,result_write,2,104,0,,,
1750,output_fire,,,,502,,
1750,result_read_request,2,,,504,,
1750,result_read_response,2,,,503,,
1751,kernel_group,2,104,1,,,
1751,result_write,2,104,1,,,
1751,output_fire,,,,503,,
1751,result_read_request,2,,,505,,
1751,result_read_response,2,,,504,,
1752,kernel_group,2,104,2,,,
1752,result_write,2,104,2,,,
1752,output_fire,,,,504,,
1752,result_read_request,2,,,506,,
1752,result_read_response,2,,,505,,
1753,kernel_group,2,104,3,,,
1753,result_write,2,104,3,,,
1753,output_fire,,,,505,,
1753,result_read_request,2,,,507,,
1753,result_read_response,2,,,506,,
1754,kernel_group,2,104,4,,,
1754,result_write,2,104,4,,,
1754,output_fire,,,,506,,
1754,result_read_request,2,,,508,,
1754,result_read_response,2,,,507,,
1755,kernel_group,2,104,5,,,
1755,result_write,2,104,5,,,
1755,output_fire,,,,507,,
1755,result_read_request,2,,,509,,
1755,result_read_response,2,,,508,,
1756,kernel_group,2,104,6,,,
1756,result_write,2,104,6,,,
1756,output_fire,,,,508,,
1756,result_read_request,2,,,510,,
1756,result_read_response,2,,,509,,
1757,kernel_group,2,104,7,,,
1757,result_write,2,104,7,,,
1757,output_fire,,,,509,,
1757,result_read_request,2,,,511,,
1757,result_read_response,2,,,510,,
1758,kernel_group,2,104,8,,,
1758,result_write,2,104,8,,,
1758,stage_capture,2,42,15,42,,
1758,result_read_response,2,,,511,,
1759,vector_start,2,106,,,,
1759,kernel_group,2,104,9,,,
1759,result_write,2,104,9,,,
1760,kernel_group,2,104,10,,,
1760,result_write,2,104,10,,,
1761,kernel_group,2,104,11,,,
1761,result_write,2,104,11,,,
1762,kernel_group,2,104,12,,,
1762,result_write,2,104,12,,,
1762,output_fire,,,,510,,
1762,result_read_request,2,,,512,,
1763,kernel_group,2,104,13,,,
1763,result_write,2,104,13,,,
1763,output_fire,,,,511,,
1763,result_read_request,2,,,513,,
1763,result_read_response,2,,,512,,
1764,kernel_group,2,104,14,,,
1764,result_write,2,104,14,,,
1764,output_fire,,,,512,,
1764,result_read_request,2,,,514,,
1764,result_read_response,2,,,513,,
1765,kernel_group,2,104,15,,,
1765,result_write,2,104,15,,,
1765,output_fire,,,,513,,
1765,result_read_request,2,,,515,,
1765,result_read_response,2,,,514,,
1766,kernel_group,2,105,0,,,
1766,result_write,2,105,0,,,
1766,output_fire,,,,514,,
1766,result_read_request,2,,,516,,
1766,result_read_response,2,,,515,,
1767,kernel_group,2,105,1,,,
1767,result_write,2,105,1,,,
1767,output_fire,,,,515,,
1767,result_read_request,2,,,517,,
1767,result_read_response,2,,,516,,
1768,kernel_group,2,105,2,,,
1768,result_write,2,105,2,,,
1768,output_fire,,,,516,,
1768,result_read_request,2,,,518,,
1768,result_read_response,2,,,517,,
1769,kernel_group,2,105,3,,,
1769,result_write,2,105,3,,,
1769,output_fire,,,,517,,
1769,result_read_request,2,,,519,,
1769,result_read_response,2,,,518,,
1770,kernel_group,2,105,4,,,
1770,result_write,2,105,4,,,
1770,output_fire,,,,518,,
1770,result_read_request,2,,,520,,
1770,result_read_response,2,,,519,,
1771,kernel_group,2,105,5,,,
1771,result_write,2,105,5,,,
1771,output_fire,,,,519,,
1771,result_read_request,2,,,521,,
1771,result_read_response,2,,,520,,
1772,kernel_group,2,105,6,,,
1772,result_write,2,105,6,,,
1772,output_fire,,,,520,,
1772,result_read_request,2,,,522,,
1772,result_read_response,2,,,521,,
1773,kernel_group,2,105,7,,,
1773,result_write,2,105,7,,,
1773,output_fire,,,,521,,
1773,result_read_request,2,,,523,,
1773,result_read_response,2,,,522,,
1774,kernel_group,2,105,8,,,
1774,result_write,2,105,8,,,
1774,output_fire,,,,522,,
1774,stage_capture,2,43,15,43,,
1774,result_read_request,2,,,524,,
1774,result_read_response,2,,,523,,
1775,vector_start,2,107,,,,
1775,kernel_group,2,105,9,,,
1775,result_write,2,105,9,,,
1775,output_fire,,,,523,,
1775,result_read_request,2,,,525,,
1775,result_read_response,2,,,524,,
1776,kernel_group,2,105,10,,,
1776,result_write,2,105,10,,,
1776,output_fire,,,,524,,
1776,result_read_request,2,,,526,,
1776,result_read_response,2,,,525,,
1777,kernel_group,2,105,11,,,
1777,result_write,2,105,11,,,
1777,result_read_response,2,,,526,,
1778,kernel_group,2,105,12,,,
1778,result_write,2,105,12,,,
1779,kernel_group,2,105,13,,,
1779,result_write,2,105,13,,,
1780,kernel_group,2,105,14,,,
1780,result_write,2,105,14,,,
1781,kernel_group,2,105,15,,,
1781,result_write,2,105,15,,,
1781,output_fire,,,,525,,
1781,result_read_request,2,,,527,,
1782,kernel_group,2,106,0,,,
1782,result_write,2,106,0,,,
1782,output_fire,,,,526,,
1782,result_read_request,2,,,528,,
1782,result_read_response,2,,,527,,
1783,kernel_group,2,106,1,,,
1783,result_write,2,106,1,,,
1783,output_fire,,,,527,,
1783,result_read_request,2,,,529,,
1783,result_read_response,2,,,528,,
1784,kernel_group,2,106,2,,,
1784,result_write,2,106,2,,,
1784,output_fire,,,,528,,
1784,result_read_request,2,,,530,,
1784,result_read_response,2,,,529,,
1785,kernel_group,2,106,3,,,
1785,result_write,2,106,3,,,
1785,output_fire,,,,529,,
1785,result_read_request,2,,,531,,
1785,result_read_response,2,,,530,,
1786,kernel_group,2,106,4,,,
1786,result_write,2,106,4,,,
1786,output_fire,,,,530,,
1786,result_read_request,2,,,532,,
1786,result_read_response,2,,,531,,
1787,kernel_group,2,106,5,,,
1787,result_write,2,106,5,,,
1787,output_fire,,,,531,,
1787,result_read_request,2,,,533,,
1787,result_read_response,2,,,532,,
1788,kernel_group,2,106,6,,,
1788,result_write,2,106,6,,,
1788,output_fire,,,,532,,
1788,result_read_request,2,,,534,,
1788,result_read_response,2,,,533,,
1789,kernel_group,2,106,7,,,
1789,result_write,2,106,7,,,
1789,output_fire,,,,533,,
1789,result_read_request,2,,,535,,
1789,result_read_response,2,,,534,,
1790,kernel_group,2,106,8,,,
1790,result_write,2,106,8,,,
1790,output_fire,,,,534,,
1790,stage_capture,2,44,15,44,,
1790,result_read_request,2,,,536,,
1790,result_read_response,2,,,535,,
1791,vector_start,2,108,,,,
1791,kernel_group,2,106,9,,,
1791,result_write,2,106,9,,,
1791,output_fire,,,,535,,
1791,result_read_request,2,,,537,,
1791,result_read_response,2,,,536,,
1792,kernel_group,2,106,10,,,
1792,result_write,2,106,10,,,
1792,output_fire,,,,536,,
1792,result_read_request,2,,,538,,
1792,result_read_response,2,,,537,,
1793,kernel_group,2,106,11,,,
1793,result_write,2,106,11,,,
1793,output_fire,,,,537,,
1793,result_read_request,2,,,539,,
1793,result_read_response,2,,,538,,
1794,kernel_group,2,106,12,,,
1794,result_write,2,106,12,,,
1794,output_fire,,,,538,,
1794,result_read_request,2,,,540,,
1794,result_read_response,2,,,539,,
1795,kernel_group,2,106,13,,,
1795,result_write,2,106,13,,,
1795,output_fire,,,,539,,
1795,result_read_request,2,,,541,,
1795,result_read_response,2,,,540,,
1796,kernel_group,2,106,14,,,
1796,result_write,2,106,14,,,
1796,result_read_response,2,,,541,,
1797,kernel_group,2,106,15,,,
1797,result_write,2,106,15,,,
1798,kernel_group,2,107,0,,,
1798,result_write,2,107,0,,,
1799,kernel_group,2,107,1,,,
1799,result_write,2,107,1,,,
1800,kernel_group,2,107,2,,,
1800,result_write,2,107,2,,,
1800,output_fire,,,,540,,
1800,result_read_request,2,,,542,,
1801,kernel_group,2,107,3,,,
1801,result_write,2,107,3,,,
1801,output_fire,,,,541,,
1801,result_read_request,2,,,543,,
1801,result_read_response,2,,,542,,
1802,kernel_group,2,107,4,,,
1802,result_write,2,107,4,,,
1802,output_fire,,,,542,,
1802,result_read_request,2,,,544,,
1802,result_read_response,2,,,543,,
1803,kernel_group,2,107,5,,,
1803,result_write,2,107,5,,,
1803,output_fire,,,,543,,
1803,result_read_request,2,,,545,,
1803,result_read_response,2,,,544,,
1804,kernel_group,2,107,6,,,
1804,result_write,2,107,6,,,
1804,output_fire,,,,544,,
1804,result_read_request,2,,,546,,
1804,result_read_response,2,,,545,,
1805,kernel_group,2,107,7,,,
1805,result_write,2,107,7,,,
1805,output_fire,,,,545,,
1805,result_read_request,2,,,547,,
1805,result_read_response,2,,,546,,
1806,kernel_group,2,107,8,,,
1806,result_write,2,107,8,,,
1806,output_fire,,,,546,,
1806,stage_capture,2,45,15,45,,
1806,result_read_request,2,,,548,,
1806,result_read_response,2,,,547,,
1807,vector_start,2,109,,,,
1807,kernel_group,2,107,9,,,
1807,result_write,2,107,9,,,
1807,output_fire,,,,547,,
1807,result_read_request,2,,,549,,
1807,result_read_response,2,,,548,,
1808,kernel_group,2,107,10,,,
1808,result_write,2,107,10,,,
1808,output_fire,,,,548,,
1808,result_read_request,2,,,550,,
1808,result_read_response,2,,,549,,
1809,kernel_group,2,107,11,,,
1809,result_write,2,107,11,,,
1809,output_fire,,,,549,,
1809,result_read_request,2,,,551,,
1809,result_read_response,2,,,550,,
1810,kernel_group,2,107,12,,,
1810,result_write,2,107,12,,,
1810,output_fire,,,,550,,
1810,result_read_request,2,,,552,,
1810,result_read_response,2,,,551,,
1811,kernel_group,2,107,13,,,
1811,result_write,2,107,13,,,
1811,output_fire,,,,551,,
1811,result_read_request,2,,,553,,
1811,result_read_response,2,,,552,,
1812,kernel_group,2,107,14,,,
1812,result_write,2,107,14,,,
1812,output_fire,,,,552,,
1812,result_read_request,2,,,554,,
1812,result_read_response,2,,,553,,
1813,kernel_group,2,107,15,,,
1813,result_write,2,107,15,,,
1813,output_fire,,,,553,,
1813,result_read_request,2,,,555,,
1813,result_read_response,2,,,554,,
1814,kernel_group,2,108,0,,,
1814,result_write,2,108,0,,,
1814,output_fire,,,,554,,
1814,result_read_request,2,,,556,,
1814,result_read_response,2,,,555,,
1815,kernel_group,2,108,1,,,
1815,result_write,2,108,1,,,
1815,result_read_response,2,,,556,,
1816,kernel_group,2,108,2,,,
1816,result_write,2,108,2,,,
1817,kernel_group,2,108,3,,,
1817,result_write,2,108,3,,,
1818,kernel_group,2,108,4,,,
1818,result_write,2,108,4,,,
1819,kernel_group,2,108,5,,,
1819,result_write,2,108,5,,,
1819,output_fire,,,,555,,
1819,result_read_request,2,,,557,,
1820,kernel_group,2,108,6,,,
1820,result_write,2,108,6,,,
1820,output_fire,,,,556,,
1820,result_read_request,2,,,558,,
1820,result_read_response,2,,,557,,
1821,kernel_group,2,108,7,,,
1821,result_write,2,108,7,,,
1821,output_fire,,,,557,,
1821,result_read_request,2,,,559,,
1821,result_read_response,2,,,558,,
1822,kernel_group,2,108,8,,,
1822,result_write,2,108,8,,,
1822,output_fire,,,,558,,
1822,stage_capture,2,46,15,46,,
1822,result_read_request,2,,,560,,
1822,result_read_response,2,,,559,,
1823,vector_start,2,110,,,,
1823,kernel_group,2,108,9,,,
1823,result_write,2,108,9,,,
1823,output_fire,,,,559,,
1823,result_read_request,2,,,561,,
1823,result_read_response,2,,,560,,
1824,kernel_group,2,108,10,,,
1824,result_write,2,108,10,,,
1824,output_fire,,,,560,,
1824,result_read_request,2,,,562,,
1824,result_read_response,2,,,561,,
1825,kernel_group,2,108,11,,,
1825,result_write,2,108,11,,,
1825,output_fire,,,,561,,
1825,result_read_request,2,,,563,,
1825,result_read_response,2,,,562,,
1826,kernel_group,2,108,12,,,
1826,result_write,2,108,12,,,
1826,output_fire,,,,562,,
1826,result_read_request,2,,,564,,
1826,result_read_response,2,,,563,,
1827,kernel_group,2,108,13,,,
1827,result_write,2,108,13,,,
1827,output_fire,,,,563,,
1827,result_read_request,2,,,565,,
1827,result_read_response,2,,,564,,
1828,kernel_group,2,108,14,,,
1828,result_write,2,108,14,,,
1828,output_fire,,,,564,,
1828,result_read_request,2,,,566,,
1828,result_read_response,2,,,565,,
1829,kernel_group,2,108,15,,,
1829,result_write,2,108,15,,,
1829,output_fire,,,,565,,
1829,result_read_request,2,,,567,,
1829,result_read_response,2,,,566,,
1830,kernel_group,2,109,0,,,
1830,result_write,2,109,0,,,
1830,output_fire,,,,566,,
1830,result_read_request,2,,,568,,
1830,result_read_response,2,,,567,,
1831,kernel_group,2,109,1,,,
1831,result_write,2,109,1,,,
1831,output_fire,,,,567,,
1831,result_read_request,2,,,569,,
1831,result_read_response,2,,,568,,
1832,kernel_group,2,109,2,,,
1832,result_write,2,109,2,,,
1832,output_fire,,,,568,,
1832,result_read_request,2,,,570,,
1832,result_read_response,2,,,569,,
1833,kernel_group,2,109,3,,,
1833,result_write,2,109,3,,,
1833,output_fire,,,,569,,
1833,result_read_request,2,,,571,,
1833,result_read_response,2,,,570,,
1834,kernel_group,2,109,4,,,
1834,result_write,2,109,4,,,
1834,result_read_response,2,,,571,,
1835,kernel_group,2,109,5,,,
1835,result_write,2,109,5,,,
1836,kernel_group,2,109,6,,,
1836,result_write,2,109,6,,,
1837,kernel_group,2,109,7,,,
1837,result_write,2,109,7,,,
1838,kernel_group,2,109,8,,,
1838,result_write,2,109,8,,,
1838,output_fire,,,,570,,
1838,stage_capture,2,47,15,47,,
1838,result_read_request,2,,,572,,
1839,vector_start,2,111,,,,
1839,kernel_group,2,109,9,,,
1839,result_write,2,109,9,,,
1839,output_fire,,,,571,,
1839,result_read_request,2,,,573,,
1839,result_read_response,2,,,572,,
1840,kernel_group,2,109,10,,,
1840,result_write,2,109,10,,,
1840,output_fire,,,,572,,
1840,result_read_request,2,,,574,,
1840,result_read_response,2,,,573,,
1841,kernel_group,2,109,11,,,
1841,result_write,2,109,11,,,
1841,output_fire,,,,573,,
1841,result_read_request,2,,,575,,
1841,result_read_response,2,,,574,,
1842,kernel_group,2,109,12,,,
1842,result_write,2,109,12,,,
1842,output_fire,,,,574,,
1842,result_read_request,2,,,576,,
1842,result_read_response,2,,,575,,
1843,kernel_group,2,109,13,,,
1843,result_write,2,109,13,,,
1843,output_fire,,,,575,,
1843,result_read_request,2,,,577,,
1843,result_read_response,2,,,576,,
1844,kernel_group,2,109,14,,,
1844,result_write,2,109,14,,,
1844,output_fire,,,,576,,
1844,result_read_request,2,,,578,,
1844,result_read_response,2,,,577,,
1845,kernel_group,2,109,15,,,
1845,result_write,2,109,15,,,
1845,output_fire,,,,577,,
1845,result_read_request,2,,,579,,
1845,result_read_response,2,,,578,,
1846,kernel_group,2,110,0,,,
1846,result_write,2,110,0,,,
1846,output_fire,,,,578,,
1846,result_read_request,2,,,580,,
1846,result_read_response,2,,,579,,
1847,kernel_group,2,110,1,,,
1847,result_write,2,110,1,,,
1847,output_fire,,,,579,,
1847,result_read_request,2,,,581,,
1847,result_read_response,2,,,580,,
1848,kernel_group,2,110,2,,,
1848,result_write,2,110,2,,,
1848,output_fire,,,,580,,
1848,result_read_request,2,,,582,,
1848,result_read_response,2,,,581,,
1849,kernel_group,2,110,3,,,
1849,result_write,2,110,3,,,
1849,output_fire,,,,581,,
1849,result_read_request,2,,,583,,
1849,result_read_response,2,,,582,,
1850,kernel_group,2,110,4,,,
1850,result_write,2,110,4,,,
1850,output_fire,,,,582,,
1850,result_read_request,2,,,584,,
1850,result_read_response,2,,,583,,
1851,kernel_group,2,110,5,,,
1851,result_write,2,110,5,,,
1851,output_fire,,,,583,,
1851,result_read_request,2,,,585,,
1851,result_read_response,2,,,584,,
1852,kernel_group,2,110,6,,,
1852,result_write,2,110,6,,,
1852,output_fire,,,,584,,
1852,result_read_request,2,,,586,,
1852,result_read_response,2,,,585,,
1853,kernel_group,2,110,7,,,
1853,result_write,2,110,7,,,
1853,result_read_response,2,,,586,,
1854,kernel_group,2,110,8,,,
1854,result_write,2,110,8,,,
1854,stage_capture,2,48,15,48,,
1855,vector_start,2,112,,,,
1855,kernel_group,2,110,9,,,
1855,result_write,2,110,9,,,
1856,kernel_group,2,110,10,,,
1856,result_write,2,110,10,,,
1857,kernel_group,2,110,11,,,
1857,result_write,2,110,11,,,
1857,output_fire,,,,585,,
1857,result_read_request,2,,,587,,
1858,kernel_group,2,110,12,,,
1858,result_write,2,110,12,,,
1858,output_fire,,,,586,,
1858,result_read_request,2,,,588,,
1858,result_read_response,2,,,587,,
1859,kernel_group,2,110,13,,,
1859,result_write,2,110,13,,,
1859,output_fire,,,,587,,
1859,result_read_request,2,,,589,,
1859,result_read_response,2,,,588,,
1860,kernel_group,2,110,14,,,
1860,result_write,2,110,14,,,
1860,output_fire,,,,588,,
1860,result_read_request,2,,,590,,
1860,result_read_response,2,,,589,,
1861,kernel_group,2,110,15,,,
1861,result_write,2,110,15,,,
1861,output_fire,,,,589,,
1861,result_read_request,2,,,591,,
1861,result_read_response,2,,,590,,
1862,kernel_group,2,111,0,,,
1862,result_write,2,111,0,,,
1862,output_fire,,,,590,,
1862,result_read_request,2,,,592,,
1862,result_read_response,2,,,591,,
1863,kernel_group,2,111,1,,,
1863,result_write,2,111,1,,,
1863,output_fire,,,,591,,
1863,result_read_request,2,,,593,,
1863,result_read_response,2,,,592,,
1864,kernel_group,2,111,2,,,
1864,result_write,2,111,2,,,
1864,output_fire,,,,592,,
1864,result_read_request,2,,,594,,
1864,result_read_response,2,,,593,,
1865,kernel_group,2,111,3,,,
1865,result_write,2,111,3,,,
1865,output_fire,,,,593,,
1865,result_read_request,2,,,595,,
1865,result_read_response,2,,,594,,
1866,kernel_group,2,111,4,,,
1866,result_write,2,111,4,,,
1866,output_fire,,,,594,,
1866,result_read_request,2,,,596,,
1866,result_read_response,2,,,595,,
1867,kernel_group,2,111,5,,,
1867,result_write,2,111,5,,,
1867,output_fire,,,,595,,
1867,result_read_request,2,,,597,,
1867,result_read_response,2,,,596,,
1868,kernel_group,2,111,6,,,
1868,result_write,2,111,6,,,
1868,output_fire,,,,596,,
1868,result_read_request,2,,,598,,
1868,result_read_response,2,,,597,,
1869,kernel_group,2,111,7,,,
1869,result_write,2,111,7,,,
1869,output_fire,,,,597,,
1869,result_read_request,2,,,599,,
1869,result_read_response,2,,,598,,
1870,kernel_group,2,111,8,,,
1870,result_write,2,111,8,,,
1870,output_fire,,,,598,,
1870,stage_capture,2,49,15,49,,
1870,result_read_request,2,,,600,,
1870,result_read_response,2,,,599,,
1871,vector_start,2,113,,,,
1871,kernel_group,2,111,9,,,
1871,result_write,2,111,9,,,
1871,output_fire,,,,599,,
1871,result_read_request,2,,,601,,
1871,result_read_response,2,,,600,,
1872,kernel_group,2,111,10,,,
1872,result_write,2,111,10,,,
1872,result_read_response,2,,,601,,
1873,kernel_group,2,111,11,,,
1873,result_write,2,111,11,,,
1874,kernel_group,2,111,12,,,
1874,result_write,2,111,12,,,
1875,kernel_group,2,111,13,,,
1875,result_write,2,111,13,,,
1876,kernel_group,2,111,14,,,
1876,result_write,2,111,14,,,
1876,output_fire,,,,600,,
1876,result_read_request,2,,,602,,
1877,kernel_group,2,111,15,,,
1877,result_write,2,111,15,,,
1877,output_fire,,,,601,,
1877,result_read_request,2,,,603,,
1877,result_read_response,2,,,602,,
1878,kernel_group,2,112,0,,,
1878,result_write,2,112,0,,,
1878,output_fire,,,,602,,
1878,result_read_request,2,,,604,,
1878,result_read_response,2,,,603,,
1879,kernel_group,2,112,1,,,
1879,result_write,2,112,1,,,
1879,output_fire,,,,603,,
1879,result_read_request,2,,,605,,
1879,result_read_response,2,,,604,,
1880,kernel_group,2,112,2,,,
1880,result_write,2,112,2,,,
1880,output_fire,,,,604,,
1880,result_read_request,2,,,606,,
1880,result_read_response,2,,,605,,
1881,kernel_group,2,112,3,,,
1881,result_write,2,112,3,,,
1881,output_fire,,,,605,,
1881,result_read_request,2,,,607,,
1881,result_read_response,2,,,606,,
1882,kernel_group,2,112,4,,,
1882,result_write,2,112,4,,,
1882,output_fire,,,,606,,
1882,result_read_request,2,,,608,,
1882,result_read_response,2,,,607,,
1883,kernel_group,2,112,5,,,
1883,result_write,2,112,5,,,
1883,output_fire,,,,607,,
1883,result_read_request,2,,,609,,
1883,result_read_response,2,,,608,,
1884,kernel_group,2,112,6,,,
1884,result_write,2,112,6,,,
1884,output_fire,,,,608,,
1884,result_read_request,2,,,610,,
1884,result_read_response,2,,,609,,
1885,kernel_group,2,112,7,,,
1885,result_write,2,112,7,,,
1885,output_fire,,,,609,,
1885,result_read_request,2,,,611,,
1885,result_read_response,2,,,610,,
1886,kernel_group,2,112,8,,,
1886,result_write,2,112,8,,,
1886,output_fire,,,,610,,
1886,stage_capture,2,50,15,50,,
1886,result_read_request,2,,,612,,
1886,result_read_response,2,,,611,,
1887,vector_start,2,114,,,,
1887,kernel_group,2,112,9,,,
1887,result_write,2,112,9,,,
1887,output_fire,,,,611,,
1887,result_read_request,2,,,613,,
1887,result_read_response,2,,,612,,
1888,kernel_group,2,112,10,,,
1888,result_write,2,112,10,,,
1888,output_fire,,,,612,,
1888,result_read_request,2,,,614,,
1888,result_read_response,2,,,613,,
1889,kernel_group,2,112,11,,,
1889,result_write,2,112,11,,,
1889,output_fire,,,,613,,
1889,result_read_request,2,,,615,,
1889,result_read_response,2,,,614,,
1890,kernel_group,2,112,12,,,
1890,result_write,2,112,12,,,
1890,output_fire,,,,614,,
1890,result_read_request,2,,,616,,
1890,result_read_response,2,,,615,,
1891,kernel_group,2,112,13,,,
1891,result_write,2,112,13,,,
1891,result_read_response,2,,,616,,
1892,kernel_group,2,112,14,,,
1892,result_write,2,112,14,,,
1893,kernel_group,2,112,15,,,
1893,result_write,2,112,15,,,
1894,kernel_group,2,113,0,,,
1894,result_write,2,113,0,,,
1895,kernel_group,2,113,1,,,
1895,result_write,2,113,1,,,
1895,output_fire,,,,615,,
1895,result_read_request,2,,,617,,
1896,kernel_group,2,113,2,,,
1896,result_write,2,113,2,,,
1896,output_fire,,,,616,,
1896,result_read_request,2,,,618,,
1896,result_read_response,2,,,617,,
1897,kernel_group,2,113,3,,,
1897,result_write,2,113,3,,,
1897,output_fire,,,,617,,
1897,result_read_request,2,,,619,,
1897,result_read_response,2,,,618,,
1898,kernel_group,2,113,4,,,
1898,result_write,2,113,4,,,
1898,output_fire,,,,618,,
1898,result_read_request,2,,,620,,
1898,result_read_response,2,,,619,,
1899,kernel_group,2,113,5,,,
1899,result_write,2,113,5,,,
1899,output_fire,,,,619,,
1899,result_read_request,2,,,621,,
1899,result_read_response,2,,,620,,
1900,kernel_group,2,113,6,,,
1900,result_write,2,113,6,,,
1900,output_fire,,,,620,,
1900,result_read_request,2,,,622,,
1900,result_read_response,2,,,621,,
1901,kernel_group,2,113,7,,,
1901,result_write,2,113,7,,,
1901,output_fire,,,,621,,
1901,result_read_request,2,,,623,,
1901,result_read_response,2,,,622,,
1902,kernel_group,2,113,8,,,
1902,result_write,2,113,8,,,
1902,output_fire,,,,622,,
1902,stage_capture,2,51,15,51,,
1902,result_read_request,2,,,624,,
1902,result_read_response,2,,,623,,
1903,vector_start,2,115,,,,
1903,kernel_group,2,113,9,,,
1903,result_write,2,113,9,,,
1903,output_fire,,,,623,,
1903,result_read_request,2,,,625,,
1903,result_read_response,2,,,624,,
1904,kernel_group,2,113,10,,,
1904,result_write,2,113,10,,,
1904,output_fire,,,,624,,
1904,result_read_request,2,,,626,,
1904,result_read_response,2,,,625,,
1905,kernel_group,2,113,11,,,
1905,result_write,2,113,11,,,
1905,output_fire,,,,625,,
1905,result_read_request,2,,,627,,
1905,result_read_response,2,,,626,,
1906,kernel_group,2,113,12,,,
1906,result_write,2,113,12,,,
1906,output_fire,,,,626,,
1906,result_read_request,2,,,628,,
1906,result_read_response,2,,,627,,
1907,kernel_group,2,113,13,,,
1907,result_write,2,113,13,,,
1907,output_fire,,,,627,,
1907,result_read_request,2,,,629,,
1907,result_read_response,2,,,628,,
1908,kernel_group,2,113,14,,,
1908,result_write,2,113,14,,,
1908,output_fire,,,,628,,
1908,result_read_request,2,,,630,,
1908,result_read_response,2,,,629,,
1909,kernel_group,2,113,15,,,
1909,result_write,2,113,15,,,
1909,output_fire,,,,629,,
1909,result_read_request,2,,,631,,
1909,result_read_response,2,,,630,,
1910,kernel_group,2,114,0,,,
1910,result_write,2,114,0,,,
1910,result_read_response,2,,,631,,
1911,kernel_group,2,114,1,,,
1911,result_write,2,114,1,,,
1912,kernel_group,2,114,2,,,
1912,result_write,2,114,2,,,
1913,kernel_group,2,114,3,,,
1913,result_write,2,114,3,,,
1914,kernel_group,2,114,4,,,
1914,result_write,2,114,4,,,
1914,output_fire,,,,630,,
1914,result_read_request,2,,,632,,
1915,kernel_group,2,114,5,,,
1915,result_write,2,114,5,,,
1915,output_fire,,,,631,,
1915,result_read_request,2,,,633,,
1915,result_read_response,2,,,632,,
1916,kernel_group,2,114,6,,,
1916,result_write,2,114,6,,,
1916,output_fire,,,,632,,
1916,result_read_request,2,,,634,,
1916,result_read_response,2,,,633,,
1917,kernel_group,2,114,7,,,
1917,result_write,2,114,7,,,
1917,output_fire,,,,633,,
1917,result_read_request,2,,,635,,
1917,result_read_response,2,,,634,,
1918,kernel_group,2,114,8,,,
1918,result_write,2,114,8,,,
1918,output_fire,,,,634,,
1918,stage_capture,2,52,15,52,,
1918,result_read_request,2,,,636,,
1918,result_read_response,2,,,635,,
1919,vector_start,2,116,,,,
1919,kernel_group,2,114,9,,,
1919,result_write,2,114,9,,,
1919,output_fire,,,,635,,
1919,result_read_request,2,,,637,,
1919,result_read_response,2,,,636,,
1920,kernel_group,2,114,10,,,
1920,result_write,2,114,10,,,
1920,output_fire,,,,636,,
1920,result_read_request,2,,,638,,
1920,result_read_response,2,,,637,,
1921,kernel_group,2,114,11,,,
1921,result_write,2,114,11,,,
1921,output_fire,,,,637,,
1921,result_read_request,2,,,639,,
1921,result_read_response,2,,,638,,
1922,kernel_group,2,114,12,,,
1922,result_write,2,114,12,,,
1922,output_fire,,,,638,,
1922,result_read_request,2,,,640,,
1922,result_read_response,2,,,639,,
1923,kernel_group,2,114,13,,,
1923,result_write,2,114,13,,,
1923,output_fire,,,,639,,
1923,result_read_request,2,,,641,,
1923,result_read_response,2,,,640,,
1924,kernel_group,2,114,14,,,
1924,result_write,2,114,14,,,
1924,output_fire,,,,640,,
1924,result_read_request,2,,,642,,
1924,result_read_response,2,,,641,,
1925,kernel_group,2,114,15,,,
1925,result_write,2,114,15,,,
1925,output_fire,,,,641,,
1925,result_read_request,2,,,643,,
1925,result_read_response,2,,,642,,
1926,kernel_group,2,115,0,,,
1926,result_write,2,115,0,,,
1926,output_fire,,,,642,,
1926,result_read_request,2,,,644,,
1926,result_read_response,2,,,643,,
1927,kernel_group,2,115,1,,,
1927,result_write,2,115,1,,,
1927,output_fire,,,,643,,
1927,result_read_request,2,,,645,,
1927,result_read_response,2,,,644,,
1928,kernel_group,2,115,2,,,
1928,result_write,2,115,2,,,
1928,output_fire,,,,644,,
1928,result_read_request,2,,,646,,
1928,result_read_response,2,,,645,,
1929,kernel_group,2,115,3,,,
1929,result_write,2,115,3,,,
1929,result_read_response,2,,,646,,
1930,kernel_group,2,115,4,,,
1930,result_write,2,115,4,,,
1931,kernel_group,2,115,5,,,
1931,result_write,2,115,5,,,
1932,kernel_group,2,115,6,,,
1932,result_write,2,115,6,,,
1933,kernel_group,2,115,7,,,
1933,result_write,2,115,7,,,
1933,output_fire,,,,645,,
1933,result_read_request,2,,,647,,
1934,kernel_group,2,115,8,,,
1934,result_write,2,115,8,,,
1934,output_fire,,,,646,,
1934,stage_capture,2,53,15,53,,
1934,result_read_request,2,,,648,,
1934,result_read_response,2,,,647,,
1935,vector_start,2,117,,,,
1935,kernel_group,2,115,9,,,
1935,result_write,2,115,9,,,
1935,output_fire,,,,647,,
1935,result_read_request,2,,,649,,
1935,result_read_response,2,,,648,,
1936,kernel_group,2,115,10,,,
1936,result_write,2,115,10,,,
1936,output_fire,,,,648,,
1936,result_read_request,2,,,650,,
1936,result_read_response,2,,,649,,
1937,kernel_group,2,115,11,,,
1937,result_write,2,115,11,,,
1937,output_fire,,,,649,,
1937,result_read_request,2,,,651,,
1937,result_read_response,2,,,650,,
1938,kernel_group,2,115,12,,,
1938,result_write,2,115,12,,,
1938,output_fire,,,,650,,
1938,result_read_request,2,,,652,,
1938,result_read_response,2,,,651,,
1939,kernel_group,2,115,13,,,
1939,result_write,2,115,13,,,
1939,output_fire,,,,651,,
1939,result_read_request,2,,,653,,
1939,result_read_response,2,,,652,,
1940,kernel_group,2,115,14,,,
1940,result_write,2,115,14,,,
1940,output_fire,,,,652,,
1940,result_read_request,2,,,654,,
1940,result_read_response,2,,,653,,
1941,kernel_group,2,115,15,,,
1941,result_write,2,115,15,,,
1941,output_fire,,,,653,,
1941,result_read_request,2,,,655,,
1941,result_read_response,2,,,654,,
1942,kernel_group,2,116,0,,,
1942,result_write,2,116,0,,,
1942,output_fire,,,,654,,
1942,result_read_request,2,,,656,,
1942,result_read_response,2,,,655,,
1943,kernel_group,2,116,1,,,
1943,result_write,2,116,1,,,
1943,output_fire,,,,655,,
1943,result_read_request,2,,,657,,
1943,result_read_response,2,,,656,,
1944,kernel_group,2,116,2,,,
1944,result_write,2,116,2,,,
1944,output_fire,,,,656,,
1944,result_read_request,2,,,658,,
1944,result_read_response,2,,,657,,
1945,kernel_group,2,116,3,,,
1945,result_write,2,116,3,,,
1945,output_fire,,,,657,,
1945,result_read_request,2,,,659,,
1945,result_read_response,2,,,658,,
1946,kernel_group,2,116,4,,,
1946,result_write,2,116,4,,,
1946,output_fire,,,,658,,
1946,result_read_request,2,,,660,,
1946,result_read_response,2,,,659,,
1947,kernel_group,2,116,5,,,
1947,result_write,2,116,5,,,
1947,output_fire,,,,659,,
1947,result_read_request,2,,,661,,
1947,result_read_response,2,,,660,,
1948,kernel_group,2,116,6,,,
1948,result_write,2,116,6,,,
1948,result_read_response,2,,,661,,
1949,kernel_group,2,116,7,,,
1949,result_write,2,116,7,,,
1950,kernel_group,2,116,8,,,
1950,result_write,2,116,8,,,
1950,stage_capture,2,54,15,54,,
1951,vector_start,2,118,,,,
1951,kernel_group,2,116,9,,,
1951,result_write,2,116,9,,,
1952,kernel_group,2,116,10,,,
1952,result_write,2,116,10,,,
1952,output_fire,,,,660,,
1952,result_read_request,2,,,662,,
1953,kernel_group,2,116,11,,,
1953,result_write,2,116,11,,,
1953,output_fire,,,,661,,
1953,result_read_request,2,,,663,,
1953,result_read_response,2,,,662,,
1954,kernel_group,2,116,12,,,
1954,result_write,2,116,12,,,
1954,output_fire,,,,662,,
1954,result_read_request,2,,,664,,
1954,result_read_response,2,,,663,,
1955,kernel_group,2,116,13,,,
1955,result_write,2,116,13,,,
1955,output_fire,,,,663,,
1955,result_read_request,2,,,665,,
1955,result_read_response,2,,,664,,
1956,kernel_group,2,116,14,,,
1956,result_write,2,116,14,,,
1956,output_fire,,,,664,,
1956,result_read_request,2,,,666,,
1956,result_read_response,2,,,665,,
1957,kernel_group,2,116,15,,,
1957,result_write,2,116,15,,,
1957,output_fire,,,,665,,
1957,result_read_request,2,,,667,,
1957,result_read_response,2,,,666,,
1958,kernel_group,2,117,0,,,
1958,result_write,2,117,0,,,
1958,output_fire,,,,666,,
1958,result_read_request,2,,,668,,
1958,result_read_response,2,,,667,,
1959,kernel_group,2,117,1,,,
1959,result_write,2,117,1,,,
1959,output_fire,,,,667,,
1959,result_read_request,2,,,669,,
1959,result_read_response,2,,,668,,
1960,kernel_group,2,117,2,,,
1960,result_write,2,117,2,,,
1960,output_fire,,,,668,,
1960,result_read_request,2,,,670,,
1960,result_read_response,2,,,669,,
1961,kernel_group,2,117,3,,,
1961,result_write,2,117,3,,,
1961,output_fire,,,,669,,
1961,result_read_request,2,,,671,,
1961,result_read_response,2,,,670,,
1962,kernel_group,2,117,4,,,
1962,result_write,2,117,4,,,
1962,output_fire,,,,670,,
1962,result_read_request,2,,,672,,
1962,result_read_response,2,,,671,,
1963,kernel_group,2,117,5,,,
1963,result_write,2,117,5,,,
1963,output_fire,,,,671,,
1963,result_read_request,2,,,673,,
1963,result_read_response,2,,,672,,
1964,kernel_group,2,117,6,,,
1964,result_write,2,117,6,,,
1964,output_fire,,,,672,,
1964,result_read_request,2,,,674,,
1964,result_read_response,2,,,673,,
1965,kernel_group,2,117,7,,,
1965,result_write,2,117,7,,,
1965,output_fire,,,,673,,
1965,result_read_request,2,,,675,,
1965,result_read_response,2,,,674,,
1966,kernel_group,2,117,8,,,
1966,result_write,2,117,8,,,
1966,output_fire,,,,674,,
1966,stage_capture,2,55,15,55,,
1966,result_read_request,2,,,676,,
1966,result_read_response,2,,,675,,
1967,vector_start,2,119,,,,
1967,kernel_group,2,117,9,,,
1967,result_write,2,117,9,,,
1967,result_read_response,2,,,676,,
1968,kernel_group,2,117,10,,,
1968,result_write,2,117,10,,,
1969,kernel_group,2,117,11,,,
1969,result_write,2,117,11,,,
1970,kernel_group,2,117,12,,,
1970,result_write,2,117,12,,,
1971,kernel_group,2,117,13,,,
1971,result_write,2,117,13,,,
1971,output_fire,,,,675,,
1971,result_read_request,2,,,677,,
1972,kernel_group,2,117,14,,,
1972,result_write,2,117,14,,,
1972,output_fire,,,,676,,
1972,result_read_request,2,,,678,,
1972,result_read_response,2,,,677,,
1973,kernel_group,2,117,15,,,
1973,result_write,2,117,15,,,
1973,output_fire,,,,677,,
1973,result_read_request,2,,,679,,
1973,result_read_response,2,,,678,,
1974,kernel_group,2,118,0,,,
1974,result_write,2,118,0,,,
1974,output_fire,,,,678,,
1974,result_read_request,2,,,680,,
1974,result_read_response,2,,,679,,
1975,kernel_group,2,118,1,,,
1975,result_write,2,118,1,,,
1975,output_fire,,,,679,,
1975,result_read_request,2,,,681,,
1975,result_read_response,2,,,680,,
1976,kernel_group,2,118,2,,,
1976,result_write,2,118,2,,,
1976,output_fire,,,,680,,
1976,result_read_request,2,,,682,,
1976,result_read_response,2,,,681,,
1977,kernel_group,2,118,3,,,
1977,result_write,2,118,3,,,
1977,output_fire,,,,681,,
1977,result_read_request,2,,,683,,
1977,result_read_response,2,,,682,,
1978,kernel_group,2,118,4,,,
1978,result_write,2,118,4,,,
1978,output_fire,,,,682,,
1978,result_read_request,2,,,684,,
1978,result_read_response,2,,,683,,
1979,kernel_group,2,118,5,,,
1979,result_write,2,118,5,,,
1979,output_fire,,,,683,,
1979,result_read_request,2,,,685,,
1979,result_read_response,2,,,684,,
1980,kernel_group,2,118,6,,,
1980,result_write,2,118,6,,,
1980,output_fire,,,,684,,
1980,result_read_request,2,,,686,,
1980,result_read_response,2,,,685,,
1981,kernel_group,2,118,7,,,
1981,result_write,2,118,7,,,
1981,output_fire,,,,685,,
1981,result_read_request,2,,,687,,
1981,result_read_response,2,,,686,,
1982,kernel_group,2,118,8,,,
1982,result_write,2,118,8,,,
1982,output_fire,,,,686,,
1982,stage_capture,2,56,15,56,,
1982,result_read_request,2,,,688,,
1982,result_read_response,2,,,687,,
1983,vector_start,2,120,,,,
1983,kernel_group,2,118,9,,,
1983,result_write,2,118,9,,,
1983,output_fire,,,,687,,
1983,result_read_request,2,,,689,,
1983,result_read_response,2,,,688,,
1984,kernel_group,2,118,10,,,
1984,result_write,2,118,10,,,
1984,output_fire,,,,688,,
1984,result_read_request,2,,,690,,
1984,result_read_response,2,,,689,,
1985,kernel_group,2,118,11,,,
1985,result_write,2,118,11,,,
1985,output_fire,,,,689,,
1985,result_read_request,2,,,691,,
1985,result_read_response,2,,,690,,
1986,kernel_group,2,118,12,,,
1986,result_write,2,118,12,,,
1986,result_read_response,2,,,691,,
1987,kernel_group,2,118,13,,,
1987,result_write,2,118,13,,,
1988,kernel_group,2,118,14,,,
1988,result_write,2,118,14,,,
1989,kernel_group,2,118,15,,,
1989,result_write,2,118,15,,,
1990,kernel_group,2,119,0,,,
1990,result_write,2,119,0,,,
1990,output_fire,,,,690,,
1990,result_read_request,2,,,692,,
1991,kernel_group,2,119,1,,,
1991,result_write,2,119,1,,,
1991,output_fire,,,,691,,
1991,result_read_request,2,,,693,,
1991,result_read_response,2,,,692,,
1992,kernel_group,2,119,2,,,
1992,result_write,2,119,2,,,
1992,output_fire,,,,692,,
1992,result_read_request,2,,,694,,
1992,result_read_response,2,,,693,,
1993,kernel_group,2,119,3,,,
1993,result_write,2,119,3,,,
1993,output_fire,,,,693,,
1993,result_read_request,2,,,695,,
1993,result_read_response,2,,,694,,
1994,kernel_group,2,119,4,,,
1994,result_write,2,119,4,,,
1994,output_fire,,,,694,,
1994,result_read_request,2,,,696,,
1994,result_read_response,2,,,695,,
1995,kernel_group,2,119,5,,,
1995,result_write,2,119,5,,,
1995,output_fire,,,,695,,
1995,result_read_request,2,,,697,,
1995,result_read_response,2,,,696,,
1996,kernel_group,2,119,6,,,
1996,result_write,2,119,6,,,
1996,output_fire,,,,696,,
1996,result_read_request,2,,,698,,
1996,result_read_response,2,,,697,,
1997,kernel_group,2,119,7,,,
1997,result_write,2,119,7,,,
1997,output_fire,,,,697,,
1997,result_read_request,2,,,699,,
1997,result_read_response,2,,,698,,
1998,kernel_group,2,119,8,,,
1998,result_write,2,119,8,,,
1998,output_fire,,,,698,,
1998,stage_capture,2,57,15,57,,
1998,result_read_request,2,,,700,,
1998,result_read_response,2,,,699,,
1999,vector_start,2,121,,,,
1999,kernel_group,2,119,9,,,
1999,result_write,2,119,9,,,
1999,output_fire,,,,699,,
1999,result_read_request,2,,,701,,
1999,result_read_response,2,,,700,,
2000,kernel_group,2,119,10,,,
2000,result_write,2,119,10,,,
2000,output_fire,,,,700,,
2000,result_read_request,2,,,702,,
2000,result_read_response,2,,,701,,
2001,kernel_group,2,119,11,,,
2001,result_write,2,119,11,,,
2001,output_fire,,,,701,,
2001,result_read_request,2,,,703,,
2001,result_read_response,2,,,702,,
2002,kernel_group,2,119,12,,,
2002,result_write,2,119,12,,,
2002,output_fire,,,,702,,
2002,result_read_request,2,,,704,,
2002,result_read_response,2,,,703,,
2003,kernel_group,2,119,13,,,
2003,result_write,2,119,13,,,
2003,output_fire,,,,703,,
2003,result_read_request,2,,,705,,
2003,result_read_response,2,,,704,,
2004,kernel_group,2,119,14,,,
2004,result_write,2,119,14,,,
2004,output_fire,,,,704,,
2004,result_read_request,2,,,706,,
2004,result_read_response,2,,,705,,
2005,kernel_group,2,119,15,,,
2005,result_write,2,119,15,,,
2005,result_read_response,2,,,706,,
2006,kernel_group,2,120,0,,,
2006,result_write,2,120,0,,,
2007,kernel_group,2,120,1,,,
2007,result_write,2,120,1,,,
2008,kernel_group,2,120,2,,,
2008,result_write,2,120,2,,,
2009,kernel_group,2,120,3,,,
2009,result_write,2,120,3,,,
2009,output_fire,,,,705,,
2009,result_read_request,2,,,707,,
2010,kernel_group,2,120,4,,,
2010,result_write,2,120,4,,,
2010,output_fire,,,,706,,
2010,result_read_request,2,,,708,,
2010,result_read_response,2,,,707,,
2011,kernel_group,2,120,5,,,
2011,result_write,2,120,5,,,
2011,output_fire,,,,707,,
2011,result_read_request,2,,,709,,
2011,result_read_response,2,,,708,,
2012,kernel_group,2,120,6,,,
2012,result_write,2,120,6,,,
2012,output_fire,,,,708,,
2012,result_read_request,2,,,710,,
2012,result_read_response,2,,,709,,
2013,kernel_group,2,120,7,,,
2013,result_write,2,120,7,,,
2013,output_fire,,,,709,,
2013,result_read_request,2,,,711,,
2013,result_read_response,2,,,710,,
2014,kernel_group,2,120,8,,,
2014,result_write,2,120,8,,,
2014,output_fire,,,,710,,
2014,stage_capture,2,58,15,58,,
2014,result_read_request,2,,,712,,
2014,result_read_response,2,,,711,,
2015,vector_start,2,122,,,,
2015,kernel_group,2,120,9,,,
2015,result_write,2,120,9,,,
2015,output_fire,,,,711,,
2015,result_read_request,2,,,713,,
2015,result_read_response,2,,,712,,
2016,kernel_group,2,120,10,,,
2016,result_write,2,120,10,,,
2016,output_fire,,,,712,,
2016,result_read_request,2,,,714,,
2016,result_read_response,2,,,713,,
2017,kernel_group,2,120,11,,,
2017,result_write,2,120,11,,,
2017,output_fire,,,,713,,
2017,result_read_request,2,,,715,,
2017,result_read_response,2,,,714,,
2018,kernel_group,2,120,12,,,
2018,result_write,2,120,12,,,
2018,output_fire,,,,714,,
2018,result_read_request,2,,,716,,
2018,result_read_response,2,,,715,,
2019,kernel_group,2,120,13,,,
2019,result_write,2,120,13,,,
2019,output_fire,,,,715,,
2019,result_read_request,2,,,717,,
2019,result_read_response,2,,,716,,
2020,kernel_group,2,120,14,,,
2020,result_write,2,120,14,,,
2020,output_fire,,,,716,,
2020,result_read_request,2,,,718,,
2020,result_read_response,2,,,717,,
2021,kernel_group,2,120,15,,,
2021,result_write,2,120,15,,,
2021,output_fire,,,,717,,
2021,result_read_request,2,,,719,,
2021,result_read_response,2,,,718,,
2022,kernel_group,2,121,0,,,
2022,result_write,2,121,0,,,
2022,output_fire,,,,718,,
2022,result_read_request,2,,,720,,
2022,result_read_response,2,,,719,,
2023,kernel_group,2,121,1,,,
2023,result_write,2,121,1,,,
2023,output_fire,,,,719,,
2023,result_read_request,2,,,721,,
2023,result_read_response,2,,,720,,
2024,kernel_group,2,121,2,,,
2024,result_write,2,121,2,,,
2024,result_read_response,2,,,721,,
2025,kernel_group,2,121,3,,,
2025,result_write,2,121,3,,,
2026,kernel_group,2,121,4,,,
2026,result_write,2,121,4,,,
2027,kernel_group,2,121,5,,,
2027,result_write,2,121,5,,,
2028,kernel_group,2,121,6,,,
2028,result_write,2,121,6,,,
2028,output_fire,,,,720,,
2028,result_read_request,2,,,722,,
2029,kernel_group,2,121,7,,,
2029,result_write,2,121,7,,,
2029,output_fire,,,,721,,
2029,result_read_request,2,,,723,,
2029,result_read_response,2,,,722,,
2030,kernel_group,2,121,8,,,
2030,result_write,2,121,8,,,
2030,output_fire,,,,722,,
2030,stage_capture,2,59,15,59,,
2030,result_read_request,2,,,724,,
2030,result_read_response,2,,,723,,
2031,vector_start,2,123,,,,
2031,kernel_group,2,121,9,,,
2031,result_write,2,121,9,,,
2031,output_fire,,,,723,,
2031,result_read_request,2,,,725,,
2031,result_read_response,2,,,724,,
2032,kernel_group,2,121,10,,,
2032,result_write,2,121,10,,,
2032,output_fire,,,,724,,
2032,result_read_request,2,,,726,,
2032,result_read_response,2,,,725,,
2033,kernel_group,2,121,11,,,
2033,result_write,2,121,11,,,
2033,output_fire,,,,725,,
2033,result_read_request,2,,,727,,
2033,result_read_response,2,,,726,,
2034,kernel_group,2,121,12,,,
2034,result_write,2,121,12,,,
2034,output_fire,,,,726,,
2034,result_read_request,2,,,728,,
2034,result_read_response,2,,,727,,
2035,kernel_group,2,121,13,,,
2035,result_write,2,121,13,,,
2035,output_fire,,,,727,,
2035,result_read_request,2,,,729,,
2035,result_read_response,2,,,728,,
2036,kernel_group,2,121,14,,,
2036,result_write,2,121,14,,,
2036,output_fire,,,,728,,
2036,result_read_request,2,,,730,,
2036,result_read_response,2,,,729,,
2037,kernel_group,2,121,15,,,
2037,result_write,2,121,15,,,
2037,output_fire,,,,729,,
2037,result_read_request,2,,,731,,
2037,result_read_response,2,,,730,,
2038,kernel_group,2,122,0,,,
2038,result_write,2,122,0,,,
2038,output_fire,,,,730,,
2038,result_read_request,2,,,732,,
2038,result_read_response,2,,,731,,
2039,kernel_group,2,122,1,,,
2039,result_write,2,122,1,,,
2039,output_fire,,,,731,,
2039,result_read_request,2,,,733,,
2039,result_read_response,2,,,732,,
2040,kernel_group,2,122,2,,,
2040,result_write,2,122,2,,,
2040,output_fire,,,,732,,
2040,result_read_request,2,,,734,,
2040,result_read_response,2,,,733,,
2041,kernel_group,2,122,3,,,
2041,result_write,2,122,3,,,
2041,output_fire,,,,733,,
2041,result_read_request,2,,,735,,
2041,result_read_response,2,,,734,,
2042,kernel_group,2,122,4,,,
2042,result_write,2,122,4,,,
2042,output_fire,,,,734,,
2042,result_read_request,2,,,736,,
2042,result_read_response,2,,,735,,
2043,kernel_group,2,122,5,,,
2043,result_write,2,122,5,,,
2043,result_read_response,2,,,736,,
2044,kernel_group,2,122,6,,,
2044,result_write,2,122,6,,,
2045,kernel_group,2,122,7,,,
2045,result_write,2,122,7,,,
2046,kernel_group,2,122,8,,,
2046,result_write,2,122,8,,,
2046,stage_capture,2,60,15,60,,
2047,vector_start,2,124,,,,
2047,kernel_group,2,122,9,,,
2047,result_write,2,122,9,,,
2047,output_fire,,,,735,,
2047,result_read_request,2,,,737,,
2048,kernel_group,2,122,10,,,
2048,result_write,2,122,10,,,
2048,output_fire,,,,736,,
2048,result_read_request,2,,,738,,
2048,result_read_response,2,,,737,,
2049,kernel_group,2,122,11,,,
2049,result_write,2,122,11,,,
2049,output_fire,,,,737,,
2049,result_read_request,2,,,739,,
2049,result_read_response,2,,,738,,
2050,kernel_group,2,122,12,,,
2050,result_write,2,122,12,,,
2050,output_fire,,,,738,,
2050,result_read_request,2,,,740,,
2050,result_read_response,2,,,739,,
2051,kernel_group,2,122,13,,,
2051,result_write,2,122,13,,,
2051,output_fire,,,,739,,
2051,result_read_request,2,,,741,,
2051,result_read_response,2,,,740,,
2052,kernel_group,2,122,14,,,
2052,result_write,2,122,14,,,
2052,output_fire,,,,740,,
2052,result_read_request,2,,,742,,
2052,result_read_response,2,,,741,,
2053,kernel_group,2,122,15,,,
2053,result_write,2,122,15,,,
2053,output_fire,,,,741,,
2053,result_read_request,2,,,743,,
2053,result_read_response,2,,,742,,
2054,kernel_group,2,123,0,,,
2054,result_write,2,123,0,,,
2054,output_fire,,,,742,,
2054,result_read_request,2,,,744,,
2054,result_read_response,2,,,743,,
2055,kernel_group,2,123,1,,,
2055,result_write,2,123,1,,,
2055,output_fire,,,,743,,
2055,result_read_request,2,,,745,,
2055,result_read_response,2,,,744,,
2056,kernel_group,2,123,2,,,
2056,result_write,2,123,2,,,
2056,output_fire,,,,744,,
2056,result_read_request,2,,,746,,
2056,result_read_response,2,,,745,,
2057,kernel_group,2,123,3,,,
2057,result_write,2,123,3,,,
2057,output_fire,,,,745,,
2057,result_read_request,2,,,747,,
2057,result_read_response,2,,,746,,
2058,kernel_group,2,123,4,,,
2058,result_write,2,123,4,,,
2058,output_fire,,,,746,,
2058,result_read_request,2,,,748,,
2058,result_read_response,2,,,747,,
2059,kernel_group,2,123,5,,,
2059,result_write,2,123,5,,,
2059,output_fire,,,,747,,
2059,result_read_request,2,,,749,,
2059,result_read_response,2,,,748,,
2060,kernel_group,2,123,6,,,
2060,result_write,2,123,6,,,
2060,output_fire,,,,748,,
2060,result_read_request,2,,,750,,
2060,result_read_response,2,,,749,,
2061,kernel_group,2,123,7,,,
2061,result_write,2,123,7,,,
2061,output_fire,,,,749,,
2061,result_read_request,2,,,751,,
2061,result_read_response,2,,,750,,
2062,kernel_group,2,123,8,,,
2062,result_write,2,123,8,,,
2062,stage_capture,2,61,15,61,,
2062,result_read_response,2,,,751,,
2063,vector_start,2,125,,,,
2063,kernel_group,2,123,9,,,
2063,result_write,2,123,9,,,
2064,kernel_group,2,123,10,,,
2064,result_write,2,123,10,,,
2065,kernel_group,2,123,11,,,
2065,result_write,2,123,11,,,
2066,kernel_group,2,123,12,,,
2066,result_write,2,123,12,,,
2066,output_fire,,,,750,,
2066,result_read_request,2,,,752,,
2067,kernel_group,2,123,13,,,
2067,result_write,2,123,13,,,
2067,output_fire,,,,751,,
2067,result_read_request,2,,,753,,
2067,result_read_response,2,,,752,,
2068,kernel_group,2,123,14,,,
2068,result_write,2,123,14,,,
2068,output_fire,,,,752,,
2068,result_read_request,2,,,754,,
2068,result_read_response,2,,,753,,
2069,kernel_group,2,123,15,,,
2069,result_write,2,123,15,,,
2069,output_fire,,,,753,,
2069,result_read_request,2,,,755,,
2069,result_read_response,2,,,754,,
2070,kernel_group,2,124,0,,,
2070,result_write,2,124,0,,,
2070,output_fire,,,,754,,
2070,result_read_request,2,,,756,,
2070,result_read_response,2,,,755,,
2071,kernel_group,2,124,1,,,
2071,result_write,2,124,1,,,
2071,output_fire,,,,755,,
2071,result_read_request,2,,,757,,
2071,result_read_response,2,,,756,,
2072,kernel_group,2,124,2,,,
2072,result_write,2,124,2,,,
2072,output_fire,,,,756,,
2072,result_read_request,2,,,758,,
2072,result_read_response,2,,,757,,
2073,kernel_group,2,124,3,,,
2073,result_write,2,124,3,,,
2073,output_fire,,,,757,,
2073,result_read_request,2,,,759,,
2073,result_read_response,2,,,758,,
2074,kernel_group,2,124,4,,,
2074,result_write,2,124,4,,,
2074,output_fire,,,,758,,
2074,result_read_request,2,,,760,,
2074,result_read_response,2,,,759,,
2075,kernel_group,2,124,5,,,
2075,result_write,2,124,5,,,
2075,output_fire,,,,759,,
2075,result_read_request,2,,,761,,
2075,result_read_response,2,,,760,,
2076,kernel_group,2,124,6,,,
2076,result_write,2,124,6,,,
2076,output_fire,,,,760,,
2076,result_read_request,2,,,762,,
2076,result_read_response,2,,,761,,
2077,kernel_group,2,124,7,,,
2077,result_write,2,124,7,,,
2077,output_fire,,,,761,,
2077,result_read_request,2,,,763,,
2077,result_read_response,2,,,762,,
2078,kernel_group,2,124,8,,,
2078,result_write,2,124,8,,,
2078,output_fire,,,,762,,
2078,stage_capture,2,62,15,62,,
2078,result_read_request,2,,,764,,
2078,result_read_response,2,,,763,,
2079,vector_start,2,126,,,,
2079,kernel_group,2,124,9,,,
2079,result_write,2,124,9,,,
2079,output_fire,,,,763,,
2079,result_read_request,2,,,765,,
2079,result_read_response,2,,,764,,
2080,kernel_group,2,124,10,,,
2080,result_write,2,124,10,,,
2080,output_fire,,,,764,,
2080,result_read_request,2,,,766,,
2080,result_read_response,2,,,765,,
2081,kernel_group,2,124,11,,,
2081,result_write,2,124,11,,,
2081,result_read_response,2,,,766,,
2082,kernel_group,2,124,12,,,
2082,result_write,2,124,12,,,
2083,kernel_group,2,124,13,,,
2083,result_write,2,124,13,,,
2084,kernel_group,2,124,14,,,
2084,result_write,2,124,14,,,
2085,kernel_group,2,124,15,,,
2085,result_write,2,124,15,,,
2085,output_fire,,,,765,,
2085,result_read_request,2,,,767,,
2086,kernel_group,2,125,0,,,
2086,result_write,2,125,0,,,
2086,output_fire,,,,766,,
2086,result_read_request,2,,,768,,
2086,result_read_response,2,,,767,,
2087,kernel_group,2,125,1,,,
2087,result_write,2,125,1,,,
2087,output_fire,,,,767,,
2087,result_read_request,2,,,769,,
2087,result_read_response,2,,,768,,
2088,kernel_group,2,125,2,,,
2088,result_write,2,125,2,,,
2088,output_fire,,,,768,,
2088,result_read_request,2,,,770,,
2088,result_read_response,2,,,769,,
2089,kernel_group,2,125,3,,,
2089,result_write,2,125,3,,,
2089,output_fire,,,,769,,
2089,result_read_request,2,,,771,,
2089,result_read_response,2,,,770,,
2090,kernel_group,2,125,4,,,
2090,result_write,2,125,4,,,
2090,output_fire,,,,770,,
2090,result_read_request,2,,,772,,
2090,result_read_response,2,,,771,,
2091,kernel_group,2,125,5,,,
2091,result_write,2,125,5,,,
2091,output_fire,,,,771,,
2091,result_read_request,2,,,773,,
2091,result_read_response,2,,,772,,
2092,kernel_group,2,125,6,,,
2092,result_write,2,125,6,,,
2092,output_fire,,,,772,,
2092,result_read_request,2,,,774,,
2092,result_read_response,2,,,773,,
2093,kernel_group,2,125,7,,,
2093,result_write,2,125,7,,,
2093,output_fire,,,,773,,
2093,result_read_request,2,,,775,,
2093,result_read_response,2,,,774,,
2094,kernel_group,2,125,8,,,
2094,result_write,2,125,8,,,
2094,output_fire,,,,774,,
2094,stage_capture,2,63,15,63,,
2094,result_read_request,2,,,776,,
2094,result_read_response,2,,,775,,
2095,vector_start,2,127,,,,
2095,kernel_group,2,125,9,,,
2095,result_write,2,125,9,,,
2095,output_fire,,,,775,,
2095,result_read_request,2,,,777,,
2095,result_read_response,2,,,776,,
2096,kernel_group,2,125,10,,,
2096,result_write,2,125,10,,,
2096,output_fire,,,,776,,
2096,result_read_request,2,,,778,,
2096,result_read_response,2,,,777,,
2097,kernel_group,2,125,11,,,
2097,result_write,2,125,11,,,
2097,output_fire,,,,777,,
2097,result_read_request,2,,,779,,
2097,result_read_response,2,,,778,,
2098,kernel_group,2,125,12,,,
2098,result_write,2,125,12,,,
2098,output_fire,,,,778,,
2098,result_read_request,2,,,780,,
2098,result_read_response,2,,,779,,
2099,kernel_group,2,125,13,,,
2099,result_write,2,125,13,,,
2099,output_fire,,,,779,,
2099,result_read_request,2,,,781,,
2099,result_read_response,2,,,780,,
2100,kernel_group,2,125,14,,,
2100,result_write,2,125,14,,,
2100,result_read_response,2,,,781,,
2101,kernel_group,2,125,15,,,
2101,result_write,2,125,15,,,
2102,kernel_group,2,126,0,,,
2102,result_write,2,126,0,,,
2103,kernel_group,2,126,1,,,
2103,result_write,2,126,1,,,
2104,kernel_group,2,126,2,,,
2104,result_write,2,126,2,,,
2104,output_fire,,,,780,,
2104,result_read_request,2,,,782,,
2105,kernel_group,2,126,3,,,
2105,result_write,2,126,3,,,
2105,output_fire,,,,781,,
2105,result_read_request,2,,,783,,
2105,result_read_response,2,,,782,,
2106,kernel_group,2,126,4,,,
2106,result_write,2,126,4,,,
2106,output_fire,,,,782,,
2106,result_read_request,2,,,784,,
2106,result_read_response,2,,,783,,
2107,kernel_group,2,126,5,,,
2107,result_write,2,126,5,,,
2107,output_fire,,,,783,,
2107,result_read_request,2,,,785,,
2107,result_read_response,2,,,784,,
2108,kernel_group,2,126,6,,,
2108,result_write,2,126,6,,,
2108,output_fire,,,,784,,
2108,result_read_request,2,,,786,,
2108,result_read_response,2,,,785,,
2109,kernel_group,2,126,7,,,
2109,result_write,2,126,7,,,
2109,output_fire,,,,785,,
2109,result_read_request,2,,,787,,
2109,result_read_response,2,,,786,,
2110,kernel_group,2,126,8,,,
2110,result_write,2,126,8,,,
2110,output_fire,,,,786,,
2110,result_read_request,2,,,788,,
2110,result_read_response,2,,,787,,
2111,kernel_group,2,126,9,,,
2111,result_write,2,126,9,,,
2111,output_fire,,,,787,,
2111,result_read_request,2,,,789,,
2111,result_read_response,2,,,788,,
2112,kernel_group,2,126,10,,,
2112,result_write,2,126,10,,,
2112,output_fire,,,,788,,
2112,result_read_request,2,,,790,,
2112,result_read_response,2,,,789,,
2113,kernel_group,2,126,11,,,
2113,result_write,2,126,11,,,
2113,output_fire,,,,789,,
2113,result_read_request,2,,,791,,
2113,result_read_response,2,,,790,,
2114,kernel_group,2,126,12,,,
2114,result_write,2,126,12,,,
2114,output_fire,,,,790,,
2114,result_read_request,2,,,792,,
2114,result_read_response,2,,,791,,
2115,kernel_group,2,126,13,,,
2115,result_write,2,126,13,,,
2115,output_fire,,,,791,,
2115,result_read_request,2,,,793,,
2115,result_read_response,2,,,792,,
2116,kernel_group,2,126,14,,,
2116,result_write,2,126,14,,,
2116,output_fire,,,,792,,
2116,result_read_request,2,,,794,,
2116,result_read_response,2,,,793,,
2117,kernel_group,2,126,15,,,
2117,result_write,2,126,15,,,
2117,output_fire,,,,793,,
2117,result_read_request,2,,,795,,
2117,result_read_response,2,,,794,,
2118,kernel_group,2,127,0,,,
2118,result_write,2,127,0,,,
2118,output_fire,,,,794,,
2118,result_read_request,2,,,796,,
2118,result_read_response,2,,,795,,
2119,kernel_group,2,127,1,,,
2119,result_write,2,127,1,,,
2119,result_read_response,2,,,796,,
2120,kernel_group,2,127,2,,,
2120,result_write,2,127,2,,,
2121,kernel_group,2,127,3,,,
2121,result_write,2,127,3,,,
2122,kernel_group,2,127,4,,,
2122,result_write,2,127,4,,,
2123,kernel_group,2,127,5,,,
2123,result_write,2,127,5,,,
2123,output_fire,,,,795,,
2123,result_read_request,2,,,797,,
2124,kernel_group,2,127,6,,,
2124,result_write,2,127,6,,,
2124,output_fire,,,,796,,
2124,result_read_request,2,,,798,,
2124,result_read_response,2,,,797,,
2125,kernel_group,2,127,7,,,
2125,result_write,2,127,7,,,
2125,output_fire,,,,797,,
2125,result_read_request,2,,,799,,
2125,result_read_response,2,,,798,,
2126,kernel_group,2,127,8,,,
2126,result_write,2,127,8,,,
2126,output_fire,,,,798,,
2126,result_read_request,2,,,800,,
2126,result_read_response,2,,,799,,
2127,kernel_group,2,127,9,,,
2127,result_write,2,127,9,,,
2127,output_fire,,,,799,,
2127,result_read_request,2,,,801,,
2127,result_read_response,2,,,800,,
2128,kernel_group,2,127,10,,,
2128,result_write,2,127,10,,,
2128,output_fire,,,,800,,
2128,result_read_request,2,,,802,,
2128,result_read_response,2,,,801,,
2129,kernel_group,2,127,11,,,
2129,result_write,2,127,11,,,
2129,output_fire,,,,801,,
2129,result_read_request,2,,,803,,
2129,result_read_response,2,,,802,,
2130,kernel_group,2,127,12,,,
2130,result_write,2,127,12,,,
2130,output_fire,,,,802,,
2130,result_read_request,2,,,804,,
2130,result_read_response,2,,,803,,
2131,kernel_group,2,127,13,,,
2131,result_write,2,127,13,,,
2131,output_fire,,,,803,,
2131,result_read_request,2,,,805,,
2131,result_read_response,2,,,804,,
2132,kernel_group,2,127,14,,,
2132,result_write,2,127,14,,,
2132,output_fire,,,,804,,
2132,result_read_request,2,,,806,,
2132,result_read_response,2,,,805,,
2133,kernel_group,2,127,15,,,
2133,result_write,2,127,15,,,
2133,output_fire,,,,805,,
2133,result_read_request,2,,,807,,
2133,result_read_response,2,,,806,,
2134,output_fire,,,,806,,
2134,result_read_request,0,,,808,,
2134,result_read_response,0,,,807,,
2135,output_fire,,,,807,,
2135,result_read_request,0,,,809,,
2135,result_read_response,0,,,808,,
2136,output_fire,,,,808,,
2136,result_read_request,0,,,810,,
2136,result_read_response,0,,,809,,
2137,output_fire,,,,809,,
2137,result_read_request,0,,,811,,
2137,result_read_response,0,,,810,,
2138,result_read_response,0,,,811,,
2142,output_fire,,,,810,,
2142,result_read_request,0,,,812,,
2143,output_fire,,,,811,,
2143,result_read_request,0,,,813,,
2143,result_read_response,0,,,812,,
2144,output_fire,,,,812,,
2144,result_read_request,0,,,814,,
2144,result_read_response,0,,,813,,
2145,output_fire,,,,813,,
2145,result_read_request,0,,,815,,
2145,result_read_response,0,,,814,,
2146,output_fire,,,,814,,
2146,result_read_request,0,,,816,,
2146,result_read_response,0,,,815,,
2147,output_fire,,,,815,,
2147,result_read_request,0,,,817,,
2147,result_read_response,0,,,816,,
2148,output_fire,,,,816,,
2148,result_read_request,0,,,818,,
2148,result_read_response,0,,,817,,
2149,output_fire,,,,817,,
2149,result_read_request,0,,,819,,
2149,result_read_response,0,,,818,,
2150,output_fire,,,,818,,
2150,result_read_request,0,,,820,,
2150,result_read_response,0,,,819,,
2151,output_fire,,,,819,,
2151,result_read_request,0,,,821,,
2151,result_read_response,0,,,820,,
2152,output_fire,,,,820,,
2152,result_read_request,0,,,822,,
2152,result_read_response,0,,,821,,
2153,output_fire,,,,821,,
2153,result_read_request,0,,,823,,
2153,result_read_response,0,,,822,,
2154,output_fire,,,,822,,
2154,result_read_request,0,,,824,,
2154,result_read_response,0,,,823,,
2155,output_fire,,,,823,,
2155,result_read_request,0,,,825,,
2155,result_read_response,0,,,824,,
2156,output_fire,,,,824,,
2156,result_read_request,0,,,826,,
2156,result_read_response,0,,,825,,
2157,result_read_response,0,,,826,,
2161,output_fire,,,,825,,
2161,result_read_request,0,,,827,,
2162,output_fire,,,,826,,
2162,result_read_request,0,,,828,,
2162,result_read_response,0,,,827,,
2163,output_fire,,,,827,,
2163,result_read_request,0,,,829,,
2163,result_read_response,0,,,828,,
2164,output_fire,,,,828,,
2164,result_read_request,0,,,830,,
2164,result_read_response,0,,,829,,
2165,output_fire,,,,829,,
2165,result_read_request,0,,,831,,
2165,result_read_response,0,,,830,,
2166,output_fire,,,,830,,
2166,result_read_request,0,,,832,,
2166,result_read_response,0,,,831,,
2167,output_fire,,,,831,,
2167,result_read_request,0,,,833,,
2167,result_read_response,0,,,832,,
2168,output_fire,,,,832,,
2168,result_read_request,0,,,834,,
2168,result_read_response,0,,,833,,
2169,output_fire,,,,833,,
2169,result_read_request,0,,,835,,
2169,result_read_response,0,,,834,,
2170,output_fire,,,,834,,
2170,result_read_request,0,,,836,,
2170,result_read_response,0,,,835,,
2171,output_fire,,,,835,,
2171,result_read_request,0,,,837,,
2171,result_read_response,0,,,836,,
2172,output_fire,,,,836,,
2172,result_read_request,0,,,838,,
2172,result_read_response,0,,,837,,
2173,output_fire,,,,837,,
2173,result_read_request,0,,,839,,
2173,result_read_response,0,,,838,,
2174,output_fire,,,,838,,
2174,result_read_request,0,,,840,,
2174,result_read_response,0,,,839,,
2175,output_fire,,,,839,,
2175,result_read_request,0,,,841,,
2175,result_read_response,0,,,840,,
2176,result_read_response,0,,,841,,
2180,output_fire,,,,840,,
2180,result_read_request,0,,,842,,
2181,output_fire,,,,841,,
2181,result_read_request,0,,,843,,
2181,result_read_response,0,,,842,,
2182,output_fire,,,,842,,
2182,result_read_request,0,,,844,,
2182,result_read_response,0,,,843,,
2183,output_fire,,,,843,,
2183,result_read_request,0,,,845,,
2183,result_read_response,0,,,844,,
2184,output_fire,,,,844,,
2184,result_read_request,0,,,846,,
2184,result_read_response,0,,,845,,
2185,output_fire,,,,845,,
2185,result_read_request,0,,,847,,
2185,result_read_response,0,,,846,,
2186,output_fire,,,,846,,
2186,result_read_request,0,,,848,,
2186,result_read_response,0,,,847,,
2187,output_fire,,,,847,,
2187,result_read_request,0,,,849,,
2187,result_read_response,0,,,848,,
2188,output_fire,,,,848,,
2188,result_read_request,0,,,850,,
2188,result_read_response,0,,,849,,
2189,output_fire,,,,849,,
2189,result_read_request,0,,,851,,
2189,result_read_response,0,,,850,,
2190,output_fire,,,,850,,
2190,result_read_request,0,,,852,,
2190,result_read_response,0,,,851,,
2191,output_fire,,,,851,,
2191,result_read_request,0,,,853,,
2191,result_read_response,0,,,852,,
2192,output_fire,,,,852,,
2192,result_read_request,0,,,854,,
2192,result_read_response,0,,,853,,
2193,output_fire,,,,853,,
2193,result_read_request,0,,,855,,
2193,result_read_response,0,,,854,,
2194,output_fire,,,,854,,
2194,result_read_request,0,,,856,,
2194,result_read_response,0,,,855,,
2195,result_read_response,0,,,856,,
2199,output_fire,,,,855,,
2199,result_read_request,0,,,857,,
2200,output_fire,,,,856,,
2200,result_read_request,0,,,858,,
2200,result_read_response,0,,,857,,
2201,output_fire,,,,857,,
2201,result_read_request,0,,,859,,
2201,result_read_response,0,,,858,,
2202,output_fire,,,,858,,
2202,result_read_request,0,,,860,,
2202,result_read_response,0,,,859,,
2203,output_fire,,,,859,,
2203,result_read_request,0,,,861,,
2203,result_read_response,0,,,860,,
2204,output_fire,,,,860,,
2204,result_read_request,0,,,862,,
2204,result_read_response,0,,,861,,
2205,output_fire,,,,861,,
2205,result_read_request,0,,,863,,
2205,result_read_response,0,,,862,,
2206,output_fire,,,,862,,
2206,result_read_request,0,,,864,,
2206,result_read_response,0,,,863,,
2207,output_fire,,,,863,,
2207,result_read_request,0,,,865,,
2207,result_read_response,0,,,864,,
2208,output_fire,,,,864,,
2208,result_read_request,0,,,866,,
2208,result_read_response,0,,,865,,
2209,output_fire,,,,865,,
2209,result_read_request,0,,,867,,
2209,result_read_response,0,,,866,,
2210,output_fire,,,,866,,
2210,result_read_request,0,,,868,,
2210,result_read_response,0,,,867,,
2211,output_fire,,,,867,,
2211,result_read_request,0,,,869,,
2211,result_read_response,0,,,868,,
2212,output_fire,,,,868,,
2212,result_read_request,0,,,870,,
2212,result_read_response,0,,,869,,
2213,output_fire,,,,869,,
2213,result_read_request,0,,,871,,
2213,result_read_response,0,,,870,,
2214,result_read_response,0,,,871,,
2218,output_fire,,,,870,,
2218,result_read_request,0,,,872,,
2219,output_fire,,,,871,,
2219,result_read_request,0,,,873,,
2219,result_read_response,0,,,872,,
2220,output_fire,,,,872,,
2220,result_read_request,0,,,874,,
2220,result_read_response,0,,,873,,
2221,output_fire,,,,873,,
2221,result_read_request,0,,,875,,
2221,result_read_response,0,,,874,,
2222,output_fire,,,,874,,
2222,result_read_request,0,,,876,,
2222,result_read_response,0,,,875,,
2223,output_fire,,,,875,,
2223,result_read_request,0,,,877,,
2223,result_read_response,0,,,876,,
2224,output_fire,,,,876,,
2224,result_read_request,0,,,878,,
2224,result_read_response,0,,,877,,
2225,output_fire,,,,877,,
2225,result_read_request,0,,,879,,
2225,result_read_response,0,,,878,,
2226,output_fire,,,,878,,
2226,result_read_request,0,,,880,,
2226,result_read_response,0,,,879,,
2227,output_fire,,,,879,,
2227,result_read_request,0,,,881,,
2227,result_read_response,0,,,880,,
2228,output_fire,,,,880,,
2228,result_read_request,0,,,882,,
2228,result_read_response,0,,,881,,
2229,output_fire,,,,881,,
2229,result_read_request,0,,,883,,
2229,result_read_response,0,,,882,,
2230,output_fire,,,,882,,
2230,result_read_request,0,,,884,,
2230,result_read_response,0,,,883,,
2231,output_fire,,,,883,,
2231,result_read_request,0,,,885,,
2231,result_read_response,0,,,884,,
2232,output_fire,,,,884,,
2232,result_read_request,0,,,886,,
2232,result_read_response,0,,,885,,
2233,result_read_response,0,,,886,,
2237,output_fire,,,,885,,
2237,result_read_request,0,,,887,,
2238,output_fire,,,,886,,
2238,result_read_request,0,,,888,,
2238,result_read_response,0,,,887,,
2239,output_fire,,,,887,,
2239,result_read_request,0,,,889,,
2239,result_read_response,0,,,888,,
2240,output_fire,,,,888,,
2240,result_read_request,0,,,890,,
2240,result_read_response,0,,,889,,
2241,output_fire,,,,889,,
2241,result_read_request,0,,,891,,
2241,result_read_response,0,,,890,,
2242,output_fire,,,,890,,
2242,result_read_request,0,,,892,,
2242,result_read_response,0,,,891,,
2243,output_fire,,,,891,,
2243,result_read_request,0,,,893,,
2243,result_read_response,0,,,892,,
2244,output_fire,,,,892,,
2244,result_read_request,0,,,894,,
2244,result_read_response,0,,,893,,
2245,output_fire,,,,893,,
2245,result_read_request,0,,,895,,
2245,result_read_response,0,,,894,,
2246,output_fire,,,,894,,
2246,result_read_request,0,,,896,,
2246,result_read_response,0,,,895,,
2247,output_fire,,,,895,,
2247,result_read_request,0,,,897,,
2247,result_read_response,0,,,896,,
2248,output_fire,,,,896,,
2248,result_read_request,0,,,898,,
2248,result_read_response,0,,,897,,
2249,output_fire,,,,897,,
2249,result_read_request,0,,,899,,
2249,result_read_response,0,,,898,,
2250,output_fire,,,,898,,
2250,result_read_request,0,,,900,,
2250,result_read_response,0,,,899,,
2251,output_fire,,,,899,,
2251,result_read_request,0,,,901,,
2251,result_read_response,0,,,900,,
2252,result_read_response,0,,,901,,
2256,output_fire,,,,900,,
2256,result_read_request,0,,,902,,
2257,output_fire,,,,901,,
2257,result_read_request,0,,,903,,
2257,result_read_response,0,,,902,,
2258,output_fire,,,,902,,
2258,result_read_request,0,,,904,,
2258,result_read_response,0,,,903,,
2259,output_fire,,,,903,,
2259,result_read_request,0,,,905,,
2259,result_read_response,0,,,904,,
2260,output_fire,,,,904,,
2260,result_read_request,0,,,906,,
2260,result_read_response,0,,,905,,
2261,output_fire,,,,905,,
2261,result_read_request,0,,,907,,
2261,result_read_response,0,,,906,,
2262,output_fire,,,,906,,
2262,result_read_request,0,,,908,,
2262,result_read_response,0,,,907,,
2263,output_fire,,,,907,,
2263,result_read_request,0,,,909,,
2263,result_read_response,0,,,908,,
2264,output_fire,,,,908,,
2264,result_read_request,0,,,910,,
2264,result_read_response,0,,,909,,
2265,output_fire,,,,909,,
2265,result_read_request,0,,,911,,
2265,result_read_response,0,,,910,,
2266,output_fire,,,,910,,
2266,result_read_request,0,,,912,,
2266,result_read_response,0,,,911,,
2267,output_fire,,,,911,,
2267,result_read_request,0,,,913,,
2267,result_read_response,0,,,912,,
2268,output_fire,,,,912,,
2268,result_read_request,0,,,914,,
2268,result_read_response,0,,,913,,
2269,output_fire,,,,913,,
2269,result_read_request,0,,,915,,
2269,result_read_response,0,,,914,,
2270,output_fire,,,,914,,
2270,result_read_request,0,,,916,,
2270,result_read_response,0,,,915,,
2271,result_read_response,0,,,916,,
2275,output_fire,,,,915,,
2275,result_read_request,0,,,917,,
2276,output_fire,,,,916,,
2276,result_read_request,0,,,918,,
2276,result_read_response,0,,,917,,
2277,output_fire,,,,917,,
2277,result_read_request,0,,,919,,
2277,result_read_response,0,,,918,,
2278,output_fire,,,,918,,
2278,result_read_request,0,,,920,,
2278,result_read_response,0,,,919,,
2279,output_fire,,,,919,,
2279,result_read_request,0,,,921,,
2279,result_read_response,0,,,920,,
2280,output_fire,,,,920,,
2280,result_read_request,0,,,922,,
2280,result_read_response,0,,,921,,
2281,output_fire,,,,921,,
2281,result_read_request,0,,,923,,
2281,result_read_response,0,,,922,,
2282,output_fire,,,,922,,
2282,result_read_request,0,,,924,,
2282,result_read_response,0,,,923,,
2283,output_fire,,,,923,,
2283,result_read_request,0,,,925,,
2283,result_read_response,0,,,924,,
2284,output_fire,,,,924,,
2284,result_read_request,0,,,926,,
2284,result_read_response,0,,,925,,
2285,output_fire,,,,925,,
2285,result_read_request,0,,,927,,
2285,result_read_response,0,,,926,,
2286,output_fire,,,,926,,
2286,result_read_request,0,,,928,,
2286,result_read_response,0,,,927,,
2287,output_fire,,,,927,,
2287,result_read_request,0,,,929,,
2287,result_read_response,0,,,928,,
2288,output_fire,,,,928,,
2288,result_read_request,0,,,930,,
2288,result_read_response,0,,,929,,
2289,output_fire,,,,929,,
2289,result_read_request,0,,,931,,
2289,result_read_response,0,,,930,,
2290,result_read_response,0,,,931,,
2294,output_fire,,,,930,,
2294,result_read_request,0,,,932,,
2295,output_fire,,,,931,,
2295,result_read_request,0,,,933,,
2295,result_read_response,0,,,932,,
2296,output_fire,,,,932,,
2296,result_read_request,0,,,934,,
2296,result_read_response,0,,,933,,
2297,output_fire,,,,933,,
2297,result_read_request,0,,,935,,
2297,result_read_response,0,,,934,,
2298,output_fire,,,,934,,
2298,result_read_request,0,,,936,,
2298,result_read_response,0,,,935,,
2299,output_fire,,,,935,,
2299,result_read_request,0,,,937,,
2299,result_read_response,0,,,936,,
2300,output_fire,,,,936,,
2300,result_read_request,0,,,938,,
2300,result_read_response,0,,,937,,
2301,output_fire,,,,937,,
2301,result_read_request,0,,,939,,
2301,result_read_response,0,,,938,,
2302,output_fire,,,,938,,
2302,result_read_request,0,,,940,,
2302,result_read_response,0,,,939,,
2303,output_fire,,,,939,,
2303,result_read_request,0,,,941,,
2303,result_read_response,0,,,940,,
2304,output_fire,,,,940,,
2304,result_read_request,0,,,942,,
2304,result_read_response,0,,,941,,
2305,output_fire,,,,941,,
2305,result_read_request,0,,,943,,
2305,result_read_response,0,,,942,,
2306,output_fire,,,,942,,
2306,result_read_request,0,,,944,,
2306,result_read_response,0,,,943,,
2307,output_fire,,,,943,,
2307,result_read_request,0,,,945,,
2307,result_read_response,0,,,944,,
2308,output_fire,,,,944,,
2308,result_read_request,0,,,946,,
2308,result_read_response,0,,,945,,
2309,result_read_response,0,,,946,,
2313,output_fire,,,,945,,
2313,result_read_request,0,,,947,,
2314,output_fire,,,,946,,
2314,result_read_request,0,,,948,,
2314,result_read_response,0,,,947,,
2315,output_fire,,,,947,,
2315,result_read_request,0,,,949,,
2315,result_read_response,0,,,948,,
2316,output_fire,,,,948,,
2316,result_read_request,0,,,950,,
2316,result_read_response,0,,,949,,
2317,output_fire,,,,949,,
2317,result_read_request,0,,,951,,
2317,result_read_response,0,,,950,,
2318,output_fire,,,,950,,
2318,result_read_request,0,,,952,,
2318,result_read_response,0,,,951,,
2319,output_fire,,,,951,,
2319,result_read_request,0,,,953,,
2319,result_read_response,0,,,952,,
2320,output_fire,,,,952,,
2320,result_read_request,0,,,954,,
2320,result_read_response,0,,,953,,
2321,output_fire,,,,953,,
2321,result_read_request,0,,,955,,
2321,result_read_response,0,,,954,,
2322,output_fire,,,,954,,
2322,result_read_request,0,,,956,,
2322,result_read_response,0,,,955,,
2323,output_fire,,,,955,,
2323,result_read_request,0,,,957,,
2323,result_read_response,0,,,956,,
2324,output_fire,,,,956,,
2324,result_read_request,0,,,958,,
2324,result_read_response,0,,,957,,
2325,output_fire,,,,957,,
2325,result_read_request,0,,,959,,
2325,result_read_response,0,,,958,,
2326,output_fire,,,,958,,
2326,result_read_request,0,,,960,,
2326,result_read_response,0,,,959,,
2327,output_fire,,,,959,,
2327,result_read_request,0,,,961,,
2327,result_read_response,0,,,960,,
2328,result_read_response,0,,,961,,
2332,output_fire,,,,960,,
2332,result_read_request,0,,,962,,
2333,output_fire,,,,961,,
2333,result_read_request,0,,,963,,
2333,result_read_response,0,,,962,,
2334,output_fire,,,,962,,
2334,result_read_request,0,,,964,,
2334,result_read_response,0,,,963,,
2335,output_fire,,,,963,,
2335,result_read_request,0,,,965,,
2335,result_read_response,0,,,964,,
2336,output_fire,,,,964,,
2336,result_read_request,0,,,966,,
2336,result_read_response,0,,,965,,
2337,output_fire,,,,965,,
2337,result_read_request,0,,,967,,
2337,result_read_response,0,,,966,,
2338,output_fire,,,,966,,
2338,result_read_request,0,,,968,,
2338,result_read_response,0,,,967,,
2339,output_fire,,,,967,,
2339,result_read_request,0,,,969,,
2339,result_read_response,0,,,968,,
2340,output_fire,,,,968,,
2340,result_read_request,0,,,970,,
2340,result_read_response,0,,,969,,
2341,output_fire,,,,969,,
2341,result_read_request,0,,,971,,
2341,result_read_response,0,,,970,,
2342,output_fire,,,,970,,
2342,result_read_request,0,,,972,,
2342,result_read_response,0,,,971,,
2343,output_fire,,,,971,,
2343,result_read_request,0,,,973,,
2343,result_read_response,0,,,972,,
2344,output_fire,,,,972,,
2344,result_read_request,0,,,974,,
2344,result_read_response,0,,,973,,
2345,output_fire,,,,973,,
2345,result_read_request,0,,,975,,
2345,result_read_response,0,,,974,,
2346,output_fire,,,,974,,
2346,result_read_request,0,,,976,,
2346,result_read_response,0,,,975,,
2347,result_read_response,0,,,976,,
2351,output_fire,,,,975,,
2351,result_read_request,0,,,977,,
2352,output_fire,,,,976,,
2352,result_read_request,0,,,978,,
2352,result_read_response,0,,,977,,
2353,output_fire,,,,977,,
2353,result_read_request,0,,,979,,
2353,result_read_response,0,,,978,,
2354,output_fire,,,,978,,
2354,result_read_request,0,,,980,,
2354,result_read_response,0,,,979,,
2355,output_fire,,,,979,,
2355,result_read_request,0,,,981,,
2355,result_read_response,0,,,980,,
2356,output_fire,,,,980,,
2356,result_read_request,0,,,982,,
2356,result_read_response,0,,,981,,
2357,output_fire,,,,981,,
2357,result_read_request,0,,,983,,
2357,result_read_response,0,,,982,,
2358,output_fire,,,,982,,
2358,result_read_request,0,,,984,,
2358,result_read_response,0,,,983,,
2359,output_fire,,,,983,,
2359,result_read_request,0,,,985,,
2359,result_read_response,0,,,984,,
2360,output_fire,,,,984,,
2360,result_read_request,0,,,986,,
2360,result_read_response,0,,,985,,
2361,output_fire,,,,985,,
2361,result_read_request,0,,,987,,
2361,result_read_response,0,,,986,,
2362,output_fire,,,,986,,
2362,result_read_request,0,,,988,,
2362,result_read_response,0,,,987,,
2363,output_fire,,,,987,,
2363,result_read_request,0,,,989,,
2363,result_read_response,0,,,988,,
2364,output_fire,,,,988,,
2364,result_read_request,0,,,990,,
2364,result_read_response,0,,,989,,
2365,output_fire,,,,989,,
2365,result_read_request,0,,,991,,
2365,result_read_response,0,,,990,,
2366,result_read_response,0,,,991,,
2370,output_fire,,,,990,,
2370,result_read_request,0,,,992,,
2371,output_fire,,,,991,,
2371,result_read_request,0,,,993,,
2371,result_read_response,0,,,992,,
2372,output_fire,,,,992,,
2372,result_read_request,0,,,994,,
2372,result_read_response,0,,,993,,
2373,output_fire,,,,993,,
2373,result_read_request,0,,,995,,
2373,result_read_response,0,,,994,,
2374,output_fire,,,,994,,
2374,result_read_request,0,,,996,,
2374,result_read_response,0,,,995,,
2375,output_fire,,,,995,,
2375,result_read_request,0,,,997,,
2375,result_read_response,0,,,996,,
2376,output_fire,,,,996,,
2376,result_read_request,0,,,998,,
2376,result_read_response,0,,,997,,
2377,output_fire,,,,997,,
2377,result_read_request,0,,,999,,
2377,result_read_response,0,,,998,,
2378,output_fire,,,,998,,
2378,result_read_request,0,,,1000,,
2378,result_read_response,0,,,999,,
2379,output_fire,,,,999,,
2379,result_read_request,0,,,1001,,
2379,result_read_response,0,,,1000,,
2380,output_fire,,,,1000,,
2380,result_read_request,0,,,1002,,
2380,result_read_response,0,,,1001,,
2381,output_fire,,,,1001,,
2381,result_read_request,0,,,1003,,
2381,result_read_response,0,,,1002,,
2382,output_fire,,,,1002,,
2382,result_read_request,0,,,1004,,
2382,result_read_response,0,,,1003,,
2383,output_fire,,,,1003,,
2383,result_read_request,0,,,1005,,
2383,result_read_response,0,,,1004,,
2384,output_fire,,,,1004,,
2384,result_read_request,0,,,1006,,
2384,result_read_response,0,,,1005,,
2385,result_read_response,0,,,1006,,
2389,output_fire,,,,1005,,
2389,result_read_request,0,,,1007,,
2390,output_fire,,,,1006,,
2390,result_read_request,0,,,1008,,
2390,result_read_response,0,,,1007,,
2391,output_fire,,,,1007,,
2391,result_read_request,0,,,1009,,
2391,result_read_response,0,,,1008,,
2392,output_fire,,,,1008,,
2392,result_read_request,0,,,1010,,
2392,result_read_response,0,,,1009,,
2393,output_fire,,,,1009,,
2393,result_read_request,0,,,1011,,
2393,result_read_response,0,,,1010,,
2394,output_fire,,,,1010,,
2394,result_read_request,0,,,1012,,
2394,result_read_response,0,,,1011,,
2395,output_fire,,,,1011,,
2395,result_read_request,0,,,1013,,
2395,result_read_response,0,,,1012,,
2396,output_fire,,,,1012,,
2396,result_read_request,0,,,1014,,
2396,result_read_response,0,,,1013,,
2397,output_fire,,,,1013,,
2397,result_read_request,0,,,1015,,
2397,result_read_response,0,,,1014,,
2398,output_fire,,,,1014,,
2398,result_read_request,0,,,1016,,
2398,result_read_response,0,,,1015,,
2399,output_fire,,,,1015,,
2399,result_read_request,0,,,1017,,
2399,result_read_response,0,,,1016,,
2400,output_fire,,,,1016,,
2400,result_read_request,0,,,1018,,
2400,result_read_response,0,,,1017,,
2401,output_fire,,,,1017,,
2401,result_read_request,0,,,1019,,
2401,result_read_response,0,,,1018,,
2402,output_fire,,,,1018,,
2402,result_read_request,0,,,1020,,
2402,result_read_response,0,,,1019,,
2403,output_fire,,,,1019,,
2403,result_read_request,0,,,1021,,
2403,result_read_response,0,,,1020,,
2404,result_read_response,0,,,1021,,
2408,output_fire,,,,1020,,
2408,result_read_request,0,,,1022,,
2409,output_fire,,,,1021,,
2409,result_read_request,0,,,1023,,
2409,result_read_response,0,,,1022,,
2410,output_fire,,,,1022,,
2410,result_read_response,0,,,1023,,
2411,output_fire,,,,1023,,
2411,it_done,,,,,,
