Copyright 1986-2022 Xilinx, Inc. All Rights Reserved. Copyright 2022-2025 Advanced Micro Devices, Inc. All Rights Reserved.
---------------------------------------------------------------------------------------------------------------------------------------------------------------------------------------------------------------------------------------------------------------------------------------------------------------------------------------------------
| Tool Version      : Vivado v.2025.2 (win64) Build 6299465 Fri Nov 14 19:35:11 GMT 2025
| Date              : Wed Sep 30 00:16:24 2026
| Host              : Finesse running 64-bit major release  (build 9200)
| Command           : report_timing -delay_type max -from [get_cells -hier -quiet -filter {NAME =~ *lfnst_grid_reg*}] -to [get_cells -hier -quiet -filter {NAME =~ *ingress_data_q_reg*}] -max_paths 50 -file C:/Users/Fine/Documents/Codex/2026-07-23/ni/outputs/sat10_lfnst_transpose_candidate_20260930_0010/baseline_grid_to_ingress_paths.rpt
| Design            : step12f_registered_neighbor_harness
| Device            : xcku5p-ffvb676
| Speed File        : -2  PRODUCTION 1.29 05-01-2022
| Design State      : Optimized
| Temperature Grade : E
---------------------------------------------------------------------------------------------------------------------------------------------------------------------------------------------------------------------------------------------------------------------------------------------------------------------------------------------------

Timing Report

Slack (MET) :             0.472ns  (required time - arrival time)
  Source:                 u_dut/lfnst_grid_reg[51][0]/C
                            (rising edge-triggered cell FDCE clocked by clk  {rise@0.000ns fall@1.000ns period=2.000ns})
  Destination:            u_dut/u_unified_p4_kernel/ingress_data_q_reg[0]/D
                            (rising edge-triggered cell FDRE clocked by clk  {rise@0.000ns fall@1.000ns period=2.000ns})
  Path Group:             clk
  Path Type:              Setup (Max at Slow Process Corner)
  Requirement:            2.000ns  (clk rise@2.000ns - clk rise@0.000ns)
  Data Path Delay:        1.373ns  (logic 0.560ns (40.787%)  route 0.813ns (59.213%))
  Logic Levels:           5  (LUT2=1 LUT4=1 LUT6=3)
  Clock Path Skew:        -0.145ns (DCD - SCD + CPR)
    Destination Clock Delay (DCD):    2.863ns = ( 4.863 - 2.000 ) 
    Source Clock Delay      (SCD):    3.290ns
    Clock Pessimism Removal (CPR):    0.282ns
  Clock Uncertainty:      0.035ns  ((TSJ^2 + TIJ^2)^1/2 + DJ) / 2 + PE + UU
    Total System Jitter     (TSJ):    0.071ns
    Total Input Jitter      (TIJ):    0.000ns
    Discrete Jitter          (DJ):    0.000ns
    Phase Error              (PE):    0.000ns
    User Uncertainty         (UU):    0.000ns

    Location             Delay type                Incr(ns)  Path(ns)    Netlist Resource(s)
  -------------------------------------------------------------------    -------------------
                         (clock clk rise edge)        0.000     0.000 r  
                                                      0.000     0.000 r  clk (IN)
                         net (fo=0)                   0.000     0.000    u_boundary_ibuf/I
                         INBUF (Prop_INBUF_PAD_O)     0.517     0.517 r  u_boundary_ibuf/INBUF_INST/O
                         net (fo=1, unplaced)         0.000     0.517    u_boundary_ibuf/OUT
                         IBUFCTRL (Prop_IBUFCTRL_I_O)
                                                      0.000     0.517 r  u_boundary_ibuf/IBUFCTRL_INST/O
                         net (fo=1, unplaced)         0.161     0.678    clk_ibuf
                         BUFGCE (Prop_BUFGCE_I_O)     0.028     0.706 r  u_boundary_bufg/O
                         net (fo=26838, unplaced)     2.584     3.290    u_dut/clk
                         FDCE                                         r  u_dut/lfnst_grid_reg[51][0]/C
  -------------------------------------------------------------------    -------------------
                         FDCE (Prop_FDCE_C_Q)         0.077     3.367 r  u_dut/lfnst_grid_reg[51][0]/Q
                         net (fo=1, unplaced)         0.154     3.521    u_dut/lfnst_grid_reg[51][0]
                         LUT6 (Prop_LUT6_I0_O)        0.150     3.671 r  u_dut/u_unified_p4_kernel_i_785/O
                         net (fo=2, unplaced)         0.186     3.857    u_dut/u_unified_p4_kernel_i_785_n_0
                         LUT4 (Prop_LUT4_I2_O)        0.070     3.927 r  u_dut/u_unified_p4_kernel_i_577/O
                         net (fo=2, unplaced)         0.141     4.068    u_dut/u_unified_p4_kernel_i_577_n_0
                         LUT6 (Prop_LUT6_I0_O)        0.100     4.168 r  u_dut/u_unified_p4_kernel_i_412/O
                         net (fo=1, unplaced)         0.186     4.354    u_dut/u_unified_p4_kernel_i_412_n_0
                         LUT2 (Prop_LUT2_I1_O)        0.038     4.392 f  u_dut/u_unified_p4_kernel_i_274/O
                         net (fo=1, unplaced)         0.098     4.490    u_dut/u_unified_p4_kernel_i_274_n_0
                         LUT6 (Prop_LUT6_I1_O)        0.125     4.615 r  u_dut/u_unified_p4_kernel_i_66/O
                         net (fo=1, unplaced)         0.048     4.663    u_dut/u_unified_p4_kernel/in_data[0]
                         FDRE                                         r  u_dut/u_unified_p4_kernel/ingress_data_q_reg[0]/D
  -------------------------------------------------------------------    -------------------

                         (clock clk rise edge)        2.000     2.000 r  
                                                      0.000     2.000 r  clk (IN)
                         net (fo=0)                   0.000     2.000    u_boundary_ibuf/I
                         INBUF (Prop_INBUF_PAD_O)     0.267     2.267 r  u_boundary_ibuf/INBUF_INST/O
                         net (fo=1, unplaced)         0.000     2.267    u_boundary_ibuf/OUT
                         IBUFCTRL (Prop_IBUFCTRL_I_O)
                                                      0.000     2.267 r  u_boundary_ibuf/IBUFCTRL_INST/O
                         net (fo=1, unplaced)         0.133     2.400    clk_ibuf
                         BUFGCE (Prop_BUFGCE_I_O)     0.024     2.424 r  u_boundary_bufg/O
                         net (fo=26838, unplaced)     2.439     4.863    u_dut/u_unified_p4_kernel/clk
                         FDRE                                         r  u_dut/u_unified_p4_kernel/ingress_data_q_reg[0]/C
                         clock pessimism              0.282     5.145    
                         clock uncertainty           -0.035     5.110    
                         FDRE (Setup_FDRE_C_D)        0.025     5.135    u_dut/u_unified_p4_kernel/ingress_data_q_reg[0]
  -------------------------------------------------------------------
                         required time                          5.135    
                         arrival time                          -4.663    
  -------------------------------------------------------------------
                         slack                                  0.472    

Slack (MET) :             0.472ns  (required time - arrival time)
  Source:                 u_dut/lfnst_grid_reg[51][10]/C
                            (rising edge-triggered cell FDCE clocked by clk  {rise@0.000ns fall@1.000ns period=2.000ns})
  Destination:            u_dut/u_unified_p4_kernel/ingress_data_q_reg[10]/D
                            (rising edge-triggered cell FDRE clocked by clk  {rise@0.000ns fall@1.000ns period=2.000ns})
  Path Group:             clk
  Path Type:              Setup (Max at Slow Process Corner)
  Requirement:            2.000ns  (clk rise@2.000ns - clk rise@0.000ns)
  Data Path Delay:        1.373ns  (logic 0.560ns (40.787%)  route 0.813ns (59.213%))
  Logic Levels:           5  (LUT2=1 LUT4=1 LUT6=3)
  Clock Path Skew:        -0.145ns (DCD - SCD + CPR)
    Destination Clock Delay (DCD):    2.863ns = ( 4.863 - 2.000 ) 
    Source Clock Delay      (SCD):    3.290ns
    Clock Pessimism Removal (CPR):    0.282ns
  Clock Uncertainty:      0.035ns  ((TSJ^2 + TIJ^2)^1/2 + DJ) / 2 + PE + UU
    Total System Jitter     (TSJ):    0.071ns
    Total Input Jitter      (TIJ):    0.000ns
    Discrete Jitter          (DJ):    0.000ns
    Phase Error              (PE):    0.000ns
    User Uncertainty         (UU):    0.000ns

    Location             Delay type                Incr(ns)  Path(ns)    Netlist Resource(s)
  -------------------------------------------------------------------    -------------------
                         (clock clk rise edge)        0.000     0.000 r  
                                                      0.000     0.000 r  clk (IN)
                         net (fo=0)                   0.000     0.000    u_boundary_ibuf/I
                         INBUF (Prop_INBUF_PAD_O)     0.517     0.517 r  u_boundary_ibuf/INBUF_INST/O
                         net (fo=1, unplaced)         0.000     0.517    u_boundary_ibuf/OUT
                         IBUFCTRL (Prop_IBUFCTRL_I_O)
                                                      0.000     0.517 r  u_boundary_ibuf/IBUFCTRL_INST/O
                         net (fo=1, unplaced)         0.161     0.678    clk_ibuf
                         BUFGCE (Prop_BUFGCE_I_O)     0.028     0.706 r  u_boundary_bufg/O
                         net (fo=26838, unplaced)     2.584     3.290    u_dut/clk
                         FDCE                                         r  u_dut/lfnst_grid_reg[51][10]/C
  -------------------------------------------------------------------    -------------------
                         FDCE (Prop_FDCE_C_Q)         0.077     3.367 r  u_dut/lfnst_grid_reg[51][10]/Q
                         net (fo=1, unplaced)         0.154     3.521    u_dut/lfnst_grid_reg[51][10]
                         LUT6 (Prop_LUT6_I0_O)        0.150     3.671 r  u_dut/u_unified_p4_kernel_i_665/O
                         net (fo=2, unplaced)         0.186     3.857    u_dut/u_unified_p4_kernel_i_665_n_0
                         LUT4 (Prop_LUT4_I2_O)        0.070     3.927 r  u_dut/u_unified_p4_kernel_i_537/O
                         net (fo=2, unplaced)         0.141     4.068    u_dut/u_unified_p4_kernel_i_537_n_0
                         LUT6 (Prop_LUT6_I0_O)        0.100     4.168 r  u_dut/u_unified_p4_kernel_i_392/O
                         net (fo=1, unplaced)         0.186     4.354    u_dut/u_unified_p4_kernel_i_392_n_0
                         LUT2 (Prop_LUT2_I1_O)        0.038     4.392 f  u_dut/u_unified_p4_kernel_i_244/O
                         net (fo=1, unplaced)         0.098     4.490    u_dut/u_unified_p4_kernel_i_244_n_0
                         LUT6 (Prop_LUT6_I1_O)        0.125     4.615 r  u_dut/u_unified_p4_kernel_i_56/O
                         net (fo=1, unplaced)         0.048     4.663    u_dut/u_unified_p4_kernel/in_data[10]
                         FDRE                                         r  u_dut/u_unified_p4_kernel/ingress_data_q_reg[10]/D
  -------------------------------------------------------------------    -------------------

                         (clock clk rise edge)        2.000     2.000 r  
                                                      0.000     2.000 r  clk (IN)
                         net (fo=0)                   0.000     2.000    u_boundary_ibuf/I
                         INBUF (Prop_INBUF_PAD_O)     0.267     2.267 r  u_boundary_ibuf/INBUF_INST/O
                         net (fo=1, unplaced)         0.000     2.267    u_boundary_ibuf/OUT
                         IBUFCTRL (Prop_IBUFCTRL_I_O)
                                                      0.000     2.267 r  u_boundary_ibuf/IBUFCTRL_INST/O
                         net (fo=1, unplaced)         0.133     2.400    clk_ibuf
                         BUFGCE (Prop_BUFGCE_I_O)     0.024     2.424 r  u_boundary_bufg/O
                         net (fo=26838, unplaced)     2.439     4.863    u_dut/u_unified_p4_kernel/clk
                         FDRE                                         r  u_dut/u_unified_p4_kernel/ingress_data_q_reg[10]/C
                         clock pessimism              0.282     5.145    
                         clock uncertainty           -0.035     5.110    
                         FDRE (Setup_FDRE_C_D)        0.025     5.135    u_dut/u_unified_p4_kernel/ingress_data_q_reg[10]
  -------------------------------------------------------------------
                         required time                          5.135    
                         arrival time                          -4.663    
  -------------------------------------------------------------------
                         slack                                  0.472    

Slack (MET) :             0.472ns  (required time - arrival time)
  Source:                 u_dut/lfnst_grid_reg[51][11]/C
                            (rising edge-triggered cell FDCE clocked by clk  {rise@0.000ns fall@1.000ns period=2.000ns})
  Destination:            u_dut/u_unified_p4_kernel/ingress_data_q_reg[11]/D
                            (rising edge-triggered cell FDRE clocked by clk  {rise@0.000ns fall@1.000ns period=2.000ns})
  Path Group:             clk
  Path Type:              Setup (Max at Slow Process Corner)
  Requirement:            2.000ns  (clk rise@2.000ns - clk rise@0.000ns)
  Data Path Delay:        1.373ns  (logic 0.560ns (40.787%)  route 0.813ns (59.213%))
  Logic Levels:           5  (LUT2=1 LUT4=1 LUT6=3)
  Clock Path Skew:        -0.145ns (DCD - SCD + CPR)
    Destination Clock Delay (DCD):    2.863ns = ( 4.863 - 2.000 ) 
    Source Clock Delay      (SCD):    3.290ns
    Clock Pessimism Removal (CPR):    0.282ns
  Clock Uncertainty:      0.035ns  ((TSJ^2 + TIJ^2)^1/2 + DJ) / 2 + PE + UU
    Total System Jitter     (TSJ):    0.071ns
    Total Input Jitter      (TIJ):    0.000ns
    Discrete Jitter          (DJ):    0.000ns
    Phase Error              (PE):    0.000ns
    User Uncertainty         (UU):    0.000ns

    Location             Delay type                Incr(ns)  Path(ns)    Netlist Resource(s)
  -------------------------------------------------------------------    -------------------
                         (clock clk rise edge)        0.000     0.000 r  
                                                      0.000     0.000 r  clk (IN)
                         net (fo=0)                   0.000     0.000    u_boundary_ibuf/I
                         INBUF (Prop_INBUF_PAD_O)     0.517     0.517 r  u_boundary_ibuf/INBUF_INST/O
                         net (fo=1, unplaced)         0.000     0.517    u_boundary_ibuf/OUT
                         IBUFCTRL (Prop_IBUFCTRL_I_O)
                                                      0.000     0.517 r  u_boundary_ibuf/IBUFCTRL_INST/O
                         net (fo=1, unplaced)         0.161     0.678    clk_ibuf
                         BUFGCE (Prop_BUFGCE_I_O)     0.028     0.706 r  u_boundary_bufg/O
                         net (fo=26838, unplaced)     2.584     3.290    u_dut/clk
                         FDCE                                         r  u_dut/lfnst_grid_reg[51][11]/C
  -------------------------------------------------------------------    -------------------
                         FDCE (Prop_FDCE_C_Q)         0.077     3.367 r  u_dut/lfnst_grid_reg[51][11]/Q
                         net (fo=1, unplaced)         0.154     3.521    u_dut/lfnst_grid_reg[51][11]
                         LUT6 (Prop_LUT6_I0_O)        0.150     3.671 r  u_dut/u_unified_p4_kernel_i_653/O
                         net (fo=2, unplaced)         0.186     3.857    u_dut/u_unified_p4_kernel_i_653_n_0
                         LUT4 (Prop_LUT4_I2_O)        0.070     3.927 r  u_dut/u_unified_p4_kernel_i_533/O
                         net (fo=2, unplaced)         0.141     4.068    u_dut/u_unified_p4_kernel_i_533_n_0
                         LUT6 (Prop_LUT6_I0_O)        0.100     4.168 r  u_dut/u_unified_p4_kernel_i_390/O
                         net (fo=1, unplaced)         0.186     4.354    u_dut/u_unified_p4_kernel_i_390_n_0
                         LUT2 (Prop_LUT2_I1_O)        0.038     4.392 f  u_dut/u_unified_p4_kernel_i_241/O
                         net (fo=1, unplaced)         0.098     4.490    u_dut/u_unified_p4_kernel_i_241_n_0
                         LUT6 (Prop_LUT6_I1_O)        0.125     4.615 r  u_dut/u_unified_p4_kernel_i_55/O
                         net (fo=1, unplaced)         0.048     4.663    u_dut/u_unified_p4_kernel/in_data[11]
                         FDRE                                         r  u_dut/u_unified_p4_kernel/ingress_data_q_reg[11]/D
  -------------------------------------------------------------------    -------------------

                         (clock clk rise edge)        2.000     2.000 r  
                                                      0.000     2.000 r  clk (IN)
                         net (fo=0)                   0.000     2.000    u_boundary_ibuf/I
                         INBUF (Prop_INBUF_PAD_O)     0.267     2.267 r  u_boundary_ibuf/INBUF_INST/O
                         net (fo=1, unplaced)         0.000     2.267    u_boundary_ibuf/OUT
                         IBUFCTRL (Prop_IBUFCTRL_I_O)
                                                      0.000     2.267 r  u_boundary_ibuf/IBUFCTRL_INST/O
                         net (fo=1, unplaced)         0.133     2.400    clk_ibuf
                         BUFGCE (Prop_BUFGCE_I_O)     0.024     2.424 r  u_boundary_bufg/O
                         net (fo=26838, unplaced)     2.439     4.863    u_dut/u_unified_p4_kernel/clk
                         FDRE                                         r  u_dut/u_unified_p4_kernel/ingress_data_q_reg[11]/C
                         clock pessimism              0.282     5.145    
                         clock uncertainty           -0.035     5.110    
                         FDRE (Setup_FDRE_C_D)        0.025     5.135    u_dut/u_unified_p4_kernel/ingress_data_q_reg[11]
  -------------------------------------------------------------------
                         required time                          5.135    
                         arrival time                          -4.663    
  -------------------------------------------------------------------
                         slack                                  0.472    

Slack (MET) :             0.472ns  (required time - arrival time)
  Source:                 u_dut/lfnst_grid_reg[51][12]/C
                            (rising edge-triggered cell FDCE clocked by clk  {rise@0.000ns fall@1.000ns period=2.000ns})
  Destination:            u_dut/u_unified_p4_kernel/ingress_data_q_reg[12]/D
                            (rising edge-triggered cell FDRE clocked by clk  {rise@0.000ns fall@1.000ns period=2.000ns})
  Path Group:             clk
  Path Type:              Setup (Max at Slow Process Corner)
  Requirement:            2.000ns  (clk rise@2.000ns - clk rise@0.000ns)
  Data Path Delay:        1.373ns  (logic 0.560ns (40.787%)  route 0.813ns (59.213%))
  Logic Levels:           5  (LUT2=1 LUT4=1 LUT6=3)
  Clock Path Skew:        -0.145ns (DCD - SCD + CPR)
    Destination Clock Delay (DCD):    2.863ns = ( 4.863 - 2.000 ) 
    Source Clock Delay      (SCD):    3.290ns
    Clock Pessimism Removal (CPR):    0.282ns
  Clock Uncertainty:      0.035ns  ((TSJ^2 + TIJ^2)^1/2 + DJ) / 2 + PE + UU
    Total System Jitter     (TSJ):    0.071ns
    Total Input Jitter      (TIJ):    0.000ns
    Discrete Jitter          (DJ):    0.000ns
    Phase Error              (PE):    0.000ns
    User Uncertainty         (UU):    0.000ns

    Location             Delay type                Incr(ns)  Path(ns)    Netlist Resource(s)
  -------------------------------------------------------------------    -------------------
                         (clock clk rise edge)        0.000     0.000 r  
                                                      0.000     0.000 r  clk (IN)
                         net (fo=0)                   0.000     0.000    u_boundary_ibuf/I
                         INBUF (Prop_INBUF_PAD_O)     0.517     0.517 r  u_boundary_ibuf/INBUF_INST/O
                         net (fo=1, unplaced)         0.000     0.517    u_boundary_ibuf/OUT
                         IBUFCTRL (Prop_IBUFCTRL_I_O)
                                                      0.000     0.517 r  u_boundary_ibuf/IBUFCTRL_INST/O
                         net (fo=1, unplaced)         0.161     0.678    clk_ibuf
                         BUFGCE (Prop_BUFGCE_I_O)     0.028     0.706 r  u_boundary_bufg/O
                         net (fo=26838, unplaced)     2.584     3.290    u_dut/clk
                         FDCE                                         r  u_dut/lfnst_grid_reg[51][12]/C
  -------------------------------------------------------------------    -------------------
                         FDCE (Prop_FDCE_C_Q)         0.077     3.367 r  u_dut/lfnst_grid_reg[51][12]/Q
                         net (fo=1, unplaced)         0.154     3.521    u_dut/lfnst_grid_reg[51][12]
                         LUT6 (Prop_LUT6_I0_O)        0.150     3.671 r  u_dut/u_unified_p4_kernel_i_641/O
                         net (fo=2, unplaced)         0.186     3.857    u_dut/u_unified_p4_kernel_i_641_n_0
                         LUT4 (Prop_LUT4_I2_O)        0.070     3.927 r  u_dut/u_unified_p4_kernel_i_529/O
                         net (fo=2, unplaced)         0.141     4.068    u_dut/u_unified_p4_kernel_i_529_n_0
                         LUT6 (Prop_LUT6_I0_O)        0.100     4.168 r  u_dut/u_unified_p4_kernel_i_388/O
                         net (fo=1, unplaced)         0.186     4.354    u_dut/u_unified_p4_kernel_i_388_n_0
                         LUT2 (Prop_LUT2_I1_O)        0.038     4.392 f  u_dut/u_unified_p4_kernel_i_238/O
                         net (fo=1, unplaced)         0.098     4.490    u_dut/u_unified_p4_kernel_i_238_n_0
                         LUT6 (Prop_LUT6_I1_O)        0.125     4.615 r  u_dut/u_unified_p4_kernel_i_54/O
                         net (fo=1, unplaced)         0.048     4.663    u_dut/u_unified_p4_kernel/in_data[12]
                         FDRE                                         r  u_dut/u_unified_p4_kernel/ingress_data_q_reg[12]/D
  -------------------------------------------------------------------    -------------------

                         (clock clk rise edge)        2.000     2.000 r  
                                                      0.000     2.000 r  clk (IN)
                         net (fo=0)                   0.000     2.000    u_boundary_ibuf/I
                         INBUF (Prop_INBUF_PAD_O)     0.267     2.267 r  u_boundary_ibuf/INBUF_INST/O
                         net (fo=1, unplaced)         0.000     2.267    u_boundary_ibuf/OUT
                         IBUFCTRL (Prop_IBUFCTRL_I_O)
                                                      0.000     2.267 r  u_boundary_ibuf/IBUFCTRL_INST/O
                         net (fo=1, unplaced)         0.133     2.400    clk_ibuf
                         BUFGCE (Prop_BUFGCE_I_O)     0.024     2.424 r  u_boundary_bufg/O
                         net (fo=26838, unplaced)     2.439     4.863    u_dut/u_unified_p4_kernel/clk
                         FDRE                                         r  u_dut/u_unified_p4_kernel/ingress_data_q_reg[12]/C
                         clock pessimism              0.282     5.145    
                         clock uncertainty           -0.035     5.110    
                         FDRE (Setup_FDRE_C_D)        0.025     5.135    u_dut/u_unified_p4_kernel/ingress_data_q_reg[12]
  -------------------------------------------------------------------
                         required time                          5.135    
                         arrival time                          -4.663    
  -------------------------------------------------------------------
                         slack                                  0.472    

Slack (MET) :             0.472ns  (required time - arrival time)
  Source:                 u_dut/lfnst_grid_reg[51][13]/C
                            (rising edge-triggered cell FDCE clocked by clk  {rise@0.000ns fall@1.000ns period=2.000ns})
  Destination:            u_dut/u_unified_p4_kernel/ingress_data_q_reg[13]/D
                            (rising edge-triggered cell FDRE clocked by clk  {rise@0.000ns fall@1.000ns period=2.000ns})
  Path Group:             clk
  Path Type:              Setup (Max at Slow Process Corner)
  Requirement:            2.000ns  (clk rise@2.000ns - clk rise@0.000ns)
  Data Path Delay:        1.373ns  (logic 0.560ns (40.787%)  route 0.813ns (59.213%))
  Logic Levels:           5  (LUT2=1 LUT4=1 LUT6=3)
  Clock Path Skew:        -0.145ns (DCD - SCD + CPR)
    Destination Clock Delay (DCD):    2.863ns = ( 4.863 - 2.000 ) 
    Source Clock Delay      (SCD):    3.290ns
    Clock Pessimism Removal (CPR):    0.282ns
  Clock Uncertainty:      0.035ns  ((TSJ^2 + TIJ^2)^1/2 + DJ) / 2 + PE + UU
    Total System Jitter     (TSJ):    0.071ns
    Total Input Jitter      (TIJ):    0.000ns
    Discrete Jitter          (DJ):    0.000ns
    Phase Error              (PE):    0.000ns
    User Uncertainty         (UU):    0.000ns

    Location             Delay type                Incr(ns)  Path(ns)    Netlist Resource(s)
  -------------------------------------------------------------------    -------------------
                         (clock clk rise edge)        0.000     0.000 r  
                                                      0.000     0.000 r  clk (IN)
                         net (fo=0)                   0.000     0.000    u_boundary_ibuf/I
                         INBUF (Prop_INBUF_PAD_O)     0.517     0.517 r  u_boundary_ibuf/INBUF_INST/O
                         net (fo=1, unplaced)         0.000     0.517    u_boundary_ibuf/OUT
                         IBUFCTRL (Prop_IBUFCTRL_I_O)
                                                      0.000     0.517 r  u_boundary_ibuf/IBUFCTRL_INST/O
                         net (fo=1, unplaced)         0.161     0.678    clk_ibuf
                         BUFGCE (Prop_BUFGCE_I_O)     0.028     0.706 r  u_boundary_bufg/O
                         net (fo=26838, unplaced)     2.584     3.290    u_dut/clk
                         FDCE                                         r  u_dut/lfnst_grid_reg[51][13]/C
  -------------------------------------------------------------------    -------------------
                         FDCE (Prop_FDCE_C_Q)         0.077     3.367 r  u_dut/lfnst_grid_reg[51][13]/Q
                         net (fo=1, unplaced)         0.154     3.521    u_dut/lfnst_grid_reg[51][13]
                         LUT6 (Prop_LUT6_I0_O)        0.150     3.671 r  u_dut/u_unified_p4_kernel_i_629/O
                         net (fo=2, unplaced)         0.186     3.857    u_dut/u_unified_p4_kernel_i_629_n_0
                         LUT4 (Prop_LUT4_I2_O)        0.070     3.927 r  u_dut/u_unified_p4_kernel_i_525/O
                         net (fo=2, unplaced)         0.141     4.068    u_dut/u_unified_p4_kernel_i_525_n_0
                         LUT6 (Prop_LUT6_I0_O)        0.100     4.168 r  u_dut/u_unified_p4_kernel_i_386/O
                         net (fo=1, unplaced)         0.186     4.354    u_dut/u_unified_p4_kernel_i_386_n_0
                         LUT2 (Prop_LUT2_I1_O)        0.038     4.392 f  u_dut/u_unified_p4_kernel_i_235/O
                         net (fo=1, unplaced)         0.098     4.490    u_dut/u_unified_p4_kernel_i_235_n_0
                         LUT6 (Prop_LUT6_I1_O)        0.125     4.615 r  u_dut/u_unified_p4_kernel_i_53/O
                         net (fo=1, unplaced)         0.048     4.663    u_dut/u_unified_p4_kernel/in_data[13]
                         FDRE                                         r  u_dut/u_unified_p4_kernel/ingress_data_q_reg[13]/D
  -------------------------------------------------------------------    -------------------

                         (clock clk rise edge)        2.000     2.000 r  
                                                      0.000     2.000 r  clk (IN)
                         net (fo=0)                   0.000     2.000    u_boundary_ibuf/I
                         INBUF (Prop_INBUF_PAD_O)     0.267     2.267 r  u_boundary_ibuf/INBUF_INST/O
                         net (fo=1, unplaced)         0.000     2.267    u_boundary_ibuf/OUT
                         IBUFCTRL (Prop_IBUFCTRL_I_O)
                                                      0.000     2.267 r  u_boundary_ibuf/IBUFCTRL_INST/O
                         net (fo=1, unplaced)         0.133     2.400    clk_ibuf
                         BUFGCE (Prop_BUFGCE_I_O)     0.024     2.424 r  u_boundary_bufg/O
                         net (fo=26838, unplaced)     2.439     4.863    u_dut/u_unified_p4_kernel/clk
                         FDRE                                         r  u_dut/u_unified_p4_kernel/ingress_data_q_reg[13]/C
                         clock pessimism              0.282     5.145    
                         clock uncertainty           -0.035     5.110    
                         FDRE (Setup_FDRE_C_D)        0.025     5.135    u_dut/u_unified_p4_kernel/ingress_data_q_reg[13]
  -------------------------------------------------------------------
                         required time                          5.135    
                         arrival time                          -4.663    
  -------------------------------------------------------------------
                         slack                                  0.472    

Slack (MET) :             0.472ns  (required time - arrival time)
  Source:                 u_dut/lfnst_grid_reg[51][14]/C
                            (rising edge-triggered cell FDCE clocked by clk  {rise@0.000ns fall@1.000ns period=2.000ns})
  Destination:            u_dut/u_unified_p4_kernel/ingress_data_q_reg[14]/D
                            (rising edge-triggered cell FDRE clocked by clk  {rise@0.000ns fall@1.000ns period=2.000ns})
  Path Group:             clk
  Path Type:              Setup (Max at Slow Process Corner)
  Requirement:            2.000ns  (clk rise@2.000ns - clk rise@0.000ns)
  Data Path Delay:        1.373ns  (logic 0.560ns (40.787%)  route 0.813ns (59.213%))
  Logic Levels:           5  (LUT2=1 LUT4=1 LUT6=3)
  Clock Path Skew:        -0.145ns (DCD - SCD + CPR)
    Destination Clock Delay (DCD):    2.863ns = ( 4.863 - 2.000 ) 
    Source Clock Delay      (SCD):    3.290ns
    Clock Pessimism Removal (CPR):    0.282ns
  Clock Uncertainty:      0.035ns  ((TSJ^2 + TIJ^2)^1/2 + DJ) / 2 + PE + UU
    Total System Jitter     (TSJ):    0.071ns
    Total Input Jitter      (TIJ):    0.000ns
    Discrete Jitter          (DJ):    0.000ns
    Phase Error              (PE):    0.000ns
    User Uncertainty         (UU):    0.000ns

    Location             Delay type                Incr(ns)  Path(ns)    Netlist Resource(s)
  -------------------------------------------------------------------    -------------------
                         (clock clk rise edge)        0.000     0.000 r  
                                                      0.000     0.000 r  clk (IN)
                         net (fo=0)                   0.000     0.000    u_boundary_ibuf/I
                         INBUF (Prop_INBUF_PAD_O)     0.517     0.517 r  u_boundary_ibuf/INBUF_INST/O
                         net (fo=1, unplaced)         0.000     0.517    u_boundary_ibuf/OUT
                         IBUFCTRL (Prop_IBUFCTRL_I_O)
                                                      0.000     0.517 r  u_boundary_ibuf/IBUFCTRL_INST/O
                         net (fo=1, unplaced)         0.161     0.678    clk_ibuf
                         BUFGCE (Prop_BUFGCE_I_O)     0.028     0.706 r  u_boundary_bufg/O
                         net (fo=26838, unplaced)     2.584     3.290    u_dut/clk
                         FDCE                                         r  u_dut/lfnst_grid_reg[51][14]/C
  -------------------------------------------------------------------    -------------------
                         FDCE (Prop_FDCE_C_Q)         0.077     3.367 r  u_dut/lfnst_grid_reg[51][14]/Q
                         net (fo=1, unplaced)         0.154     3.521    u_dut/lfnst_grid_reg[51][14]
                         LUT6 (Prop_LUT6_I0_O)        0.150     3.671 r  u_dut/u_unified_p4_kernel_i_617/O
                         net (fo=2, unplaced)         0.186     3.857    u_dut/u_unified_p4_kernel_i_617_n_0
                         LUT4 (Prop_LUT4_I2_O)        0.070     3.927 r  u_dut/u_unified_p4_kernel_i_521/O
                         net (fo=2, unplaced)         0.141     4.068    u_dut/u_unified_p4_kernel_i_521_n_0
                         LUT6 (Prop_LUT6_I0_O)        0.100     4.168 r  u_dut/u_unified_p4_kernel_i_384/O
                         net (fo=1, unplaced)         0.186     4.354    u_dut/u_unified_p4_kernel_i_384_n_0
                         LUT2 (Prop_LUT2_I1_O)        0.038     4.392 f  u_dut/u_unified_p4_kernel_i_232/O
                         net (fo=1, unplaced)         0.098     4.490    u_dut/u_unified_p4_kernel_i_232_n_0
                         LUT6 (Prop_LUT6_I1_O)        0.125     4.615 r  u_dut/u_unified_p4_kernel_i_52/O
                         net (fo=1, unplaced)         0.048     4.663    u_dut/u_unified_p4_kernel/in_data[14]
                         FDRE                                         r  u_dut/u_unified_p4_kernel/ingress_data_q_reg[14]/D
  -------------------------------------------------------------------    -------------------

                         (clock clk rise edge)        2.000     2.000 r  
                                                      0.000     2.000 r  clk (IN)
                         net (fo=0)                   0.000     2.000    u_boundary_ibuf/I
                         INBUF (Prop_INBUF_PAD_O)     0.267     2.267 r  u_boundary_ibuf/INBUF_INST/O
                         net (fo=1, unplaced)         0.000     2.267    u_boundary_ibuf/OUT
                         IBUFCTRL (Prop_IBUFCTRL_I_O)
                                                      0.000     2.267 r  u_boundary_ibuf/IBUFCTRL_INST/O
                         net (fo=1, unplaced)         0.133     2.400    clk_ibuf
                         BUFGCE (Prop_BUFGCE_I_O)     0.024     2.424 r  u_boundary_bufg/O
                         net (fo=26838, unplaced)     2.439     4.863    u_dut/u_unified_p4_kernel/clk
                         FDRE                                         r  u_dut/u_unified_p4_kernel/ingress_data_q_reg[14]/C
                         clock pessimism              0.282     5.145    
                         clock uncertainty           -0.035     5.110    
                         FDRE (Setup_FDRE_C_D)        0.025     5.135    u_dut/u_unified_p4_kernel/ingress_data_q_reg[14]
  -------------------------------------------------------------------
                         required time                          5.135    
                         arrival time                          -4.663    
  -------------------------------------------------------------------
                         slack                                  0.472    

Slack (MET) :             0.472ns  (required time - arrival time)
  Source:                 u_dut/lfnst_grid_reg[51][15]/C
                            (rising edge-triggered cell FDCE clocked by clk  {rise@0.000ns fall@1.000ns period=2.000ns})
  Destination:            u_dut/u_unified_p4_kernel/ingress_data_q_reg[15]/D
                            (rising edge-triggered cell FDRE clocked by clk  {rise@0.000ns fall@1.000ns period=2.000ns})
  Path Group:             clk
  Path Type:              Setup (Max at Slow Process Corner)
  Requirement:            2.000ns  (clk rise@2.000ns - clk rise@0.000ns)
  Data Path Delay:        1.373ns  (logic 0.560ns (40.787%)  route 0.813ns (59.213%))
  Logic Levels:           5  (LUT2=1 LUT4=1 LUT6=3)
  Clock Path Skew:        -0.145ns (DCD - SCD + CPR)
    Destination Clock Delay (DCD):    2.863ns = ( 4.863 - 2.000 ) 
    Source Clock Delay      (SCD):    3.290ns
    Clock Pessimism Removal (CPR):    0.282ns
  Clock Uncertainty:      0.035ns  ((TSJ^2 + TIJ^2)^1/2 + DJ) / 2 + PE + UU
    Total System Jitter     (TSJ):    0.071ns
    Total Input Jitter      (TIJ):    0.000ns
    Discrete Jitter          (DJ):    0.000ns
    Phase Error              (PE):    0.000ns
    User Uncertainty         (UU):    0.000ns

    Location             Delay type                Incr(ns)  Path(ns)    Netlist Resource(s)
  -------------------------------------------------------------------    -------------------
                         (clock clk rise edge)        0.000     0.000 r  
                                                      0.000     0.000 r  clk (IN)
                         net (fo=0)                   0.000     0.000    u_boundary_ibuf/I
                         INBUF (Prop_INBUF_PAD_O)     0.517     0.517 r  u_boundary_ibuf/INBUF_INST/O
                         net (fo=1, unplaced)         0.000     0.517    u_boundary_ibuf/OUT
                         IBUFCTRL (Prop_IBUFCTRL_I_O)
                                                      0.000     0.517 r  u_boundary_ibuf/IBUFCTRL_INST/O
                         net (fo=1, unplaced)         0.161     0.678    clk_ibuf
                         BUFGCE (Prop_BUFGCE_I_O)     0.028     0.706 r  u_boundary_bufg/O
                         net (fo=26838, unplaced)     2.584     3.290    u_dut/clk
                         FDCE                                         r  u_dut/lfnst_grid_reg[51][15]/C
  -------------------------------------------------------------------    -------------------
                         FDCE (Prop_FDCE_C_Q)         0.077     3.367 r  u_dut/lfnst_grid_reg[51][15]/Q
                         net (fo=1, unplaced)         0.154     3.521    u_dut/lfnst_grid_reg[51][15]
                         LUT6 (Prop_LUT6_I0_O)        0.150     3.671 r  u_dut/u_unified_p4_kernel_i_594/O
                         net (fo=2, unplaced)         0.186     3.857    u_dut/u_unified_p4_kernel_i_594_n_0
                         LUT4 (Prop_LUT4_I2_O)        0.070     3.927 r  u_dut/u_unified_p4_kernel_i_499/O
                         net (fo=2, unplaced)         0.141     4.068    u_dut/u_unified_p4_kernel_i_499_n_0
                         LUT6 (Prop_LUT6_I0_O)        0.100     4.168 r  u_dut/u_unified_p4_kernel_i_380/O
                         net (fo=1, unplaced)         0.186     4.354    u_dut/u_unified_p4_kernel_i_380_n_0
                         LUT2 (Prop_LUT2_I1_O)        0.038     4.392 f  u_dut/u_unified_p4_kernel_i_226/O
                         net (fo=1, unplaced)         0.098     4.490    u_dut/u_unified_p4_kernel_i_226_n_0
                         LUT6 (Prop_LUT6_I1_O)        0.125     4.615 r  u_dut/u_unified_p4_kernel_i_51/O
                         net (fo=1, unplaced)         0.048     4.663    u_dut/u_unified_p4_kernel/in_data[15]
                         FDRE                                         r  u_dut/u_unified_p4_kernel/ingress_data_q_reg[15]/D
  -------------------------------------------------------------------    -------------------

                         (clock clk rise edge)        2.000     2.000 r  
                                                      0.000     2.000 r  clk (IN)
                         net (fo=0)                   0.000     2.000    u_boundary_ibuf/I
                         INBUF (Prop_INBUF_PAD_O)     0.267     2.267 r  u_boundary_ibuf/INBUF_INST/O
                         net (fo=1, unplaced)         0.000     2.267    u_boundary_ibuf/OUT
                         IBUFCTRL (Prop_IBUFCTRL_I_O)
                                                      0.000     2.267 r  u_boundary_ibuf/IBUFCTRL_INST/O
                         net (fo=1, unplaced)         0.133     2.400    clk_ibuf
                         BUFGCE (Prop_BUFGCE_I_O)     0.024     2.424 r  u_boundary_bufg/O
                         net (fo=26838, unplaced)     2.439     4.863    u_dut/u_unified_p4_kernel/clk
                         FDRE                                         r  u_dut/u_unified_p4_kernel/ingress_data_q_reg[15]/C
                         clock pessimism              0.282     5.145    
                         clock uncertainty           -0.035     5.110    
                         FDRE (Setup_FDRE_C_D)        0.025     5.135    u_dut/u_unified_p4_kernel/ingress_data_q_reg[15]
  -------------------------------------------------------------------
                         required time                          5.135    
                         arrival time                          -4.663    
  -------------------------------------------------------------------
                         slack                                  0.472    

Slack (MET) :             0.472ns  (required time - arrival time)
  Source:                 u_dut/lfnst_grid_reg[51][1]/C
                            (rising edge-triggered cell FDCE clocked by clk  {rise@0.000ns fall@1.000ns period=2.000ns})
  Destination:            u_dut/u_unified_p4_kernel/ingress_data_q_reg[1]/D
                            (rising edge-triggered cell FDRE clocked by clk  {rise@0.000ns fall@1.000ns period=2.000ns})
  Path Group:             clk
  Path Type:              Setup (Max at Slow Process Corner)
  Requirement:            2.000ns  (clk rise@2.000ns - clk rise@0.000ns)
  Data Path Delay:        1.373ns  (logic 0.560ns (40.787%)  route 0.813ns (59.213%))
  Logic Levels:           5  (LUT2=1 LUT4=1 LUT6=3)
  Clock Path Skew:        -0.145ns (DCD - SCD + CPR)
    Destination Clock Delay (DCD):    2.863ns = ( 4.863 - 2.000 ) 
    Source Clock Delay      (SCD):    3.290ns
    Clock Pessimism Removal (CPR):    0.282ns
  Clock Uncertainty:      0.035ns  ((TSJ^2 + TIJ^2)^1/2 + DJ) / 2 + PE + UU
    Total System Jitter     (TSJ):    0.071ns
    Total Input Jitter      (TIJ):    0.000ns
    Discrete Jitter          (DJ):    0.000ns
    Phase Error              (PE):    0.000ns
    User Uncertainty         (UU):    0.000ns

    Location             Delay type                Incr(ns)  Path(ns)    Netlist Resource(s)
  -------------------------------------------------------------------    -------------------
                         (clock clk rise edge)        0.000     0.000 r  
                                                      0.000     0.000 r  clk (IN)
                         net (fo=0)                   0.000     0.000    u_boundary_ibuf/I
                         INBUF (Prop_INBUF_PAD_O)     0.517     0.517 r  u_boundary_ibuf/INBUF_INST/O
                         net (fo=1, unplaced)         0.000     0.517    u_boundary_ibuf/OUT
                         IBUFCTRL (Prop_IBUFCTRL_I_O)
                                                      0.000     0.517 r  u_boundary_ibuf/IBUFCTRL_INST/O
                         net (fo=1, unplaced)         0.161     0.678    clk_ibuf
                         BUFGCE (Prop_BUFGCE_I_O)     0.028     0.706 r  u_boundary_bufg/O
                         net (fo=26838, unplaced)     2.584     3.290    u_dut/clk
                         FDCE                                         r  u_dut/lfnst_grid_reg[51][1]/C
  -------------------------------------------------------------------    -------------------
                         FDCE (Prop_FDCE_C_Q)         0.077     3.367 r  u_dut/lfnst_grid_reg[51][1]/Q
                         net (fo=1, unplaced)         0.154     3.521    u_dut/lfnst_grid_reg[51][1]
                         LUT6 (Prop_LUT6_I0_O)        0.150     3.671 r  u_dut/u_unified_p4_kernel_i_773/O
                         net (fo=2, unplaced)         0.186     3.857    u_dut/u_unified_p4_kernel_i_773_n_0
                         LUT4 (Prop_LUT4_I2_O)        0.070     3.927 r  u_dut/u_unified_p4_kernel_i_573/O
                         net (fo=2, unplaced)         0.141     4.068    u_dut/u_unified_p4_kernel_i_573_n_0
                         LUT6 (Prop_LUT6_I0_O)        0.100     4.168 r  u_dut/u_unified_p4_kernel_i_410/O
                         net (fo=1, unplaced)         0.186     4.354    u_dut/u_unified_p4_kernel_i_410_n_0
                         LUT2 (Prop_LUT2_I1_O)        0.038     4.392 f  u_dut/u_unified_p4_kernel_i_271/O
                         net (fo=1, unplaced)         0.098     4.490    u_dut/u_unified_p4_kernel_i_271_n_0
                         LUT6 (Prop_LUT6_I1_O)        0.125     4.615 r  u_dut/u_unified_p4_kernel_i_65/O
                         net (fo=1, unplaced)         0.048     4.663    u_dut/u_unified_p4_kernel/in_data[1]
                         FDRE                                         r  u_dut/u_unified_p4_kernel/ingress_data_q_reg[1]/D
  -------------------------------------------------------------------    -------------------

                         (clock clk rise edge)        2.000     2.000 r  
                                                      0.000     2.000 r  clk (IN)
                         net (fo=0)                   0.000     2.000    u_boundary_ibuf/I
                         INBUF (Prop_INBUF_PAD_O)     0.267     2.267 r  u_boundary_ibuf/INBUF_INST/O
                         net (fo=1, unplaced)         0.000     2.267    u_boundary_ibuf/OUT
                         IBUFCTRL (Prop_IBUFCTRL_I_O)
                                                      0.000     2.267 r  u_boundary_ibuf/IBUFCTRL_INST/O
                         net (fo=1, unplaced)         0.133     2.400    clk_ibuf
                         BUFGCE (Prop_BUFGCE_I_O)     0.024     2.424 r  u_boundary_bufg/O
                         net (fo=26838, unplaced)     2.439     4.863    u_dut/u_unified_p4_kernel/clk
                         FDRE                                         r  u_dut/u_unified_p4_kernel/ingress_data_q_reg[1]/C
                         clock pessimism              0.282     5.145    
                         clock uncertainty           -0.035     5.110    
                         FDRE (Setup_FDRE_C_D)        0.025     5.135    u_dut/u_unified_p4_kernel/ingress_data_q_reg[1]
  -------------------------------------------------------------------
                         required time                          5.135    
                         arrival time                          -4.663    
  -------------------------------------------------------------------
                         slack                                  0.472    

Slack (MET) :             0.472ns  (required time - arrival time)
  Source:                 u_dut/lfnst_grid_reg[51][2]/C
                            (rising edge-triggered cell FDCE clocked by clk  {rise@0.000ns fall@1.000ns period=2.000ns})
  Destination:            u_dut/u_unified_p4_kernel/ingress_data_q_reg[2]/D
                            (rising edge-triggered cell FDRE clocked by clk  {rise@0.000ns fall@1.000ns period=2.000ns})
  Path Group:             clk
  Path Type:              Setup (Max at Slow Process Corner)
  Requirement:            2.000ns  (clk rise@2.000ns - clk rise@0.000ns)
  Data Path Delay:        1.373ns  (logic 0.560ns (40.787%)  route 0.813ns (59.213%))
  Logic Levels:           5  (LUT2=1 LUT4=1 LUT6=3)
  Clock Path Skew:        -0.145ns (DCD - SCD + CPR)
    Destination Clock Delay (DCD):    2.863ns = ( 4.863 - 2.000 ) 
    Source Clock Delay      (SCD):    3.290ns
    Clock Pessimism Removal (CPR):    0.282ns
  Clock Uncertainty:      0.035ns  ((TSJ^2 + TIJ^2)^1/2 + DJ) / 2 + PE + UU
    Total System Jitter     (TSJ):    0.071ns
    Total Input Jitter      (TIJ):    0.000ns
    Discrete Jitter          (DJ):    0.000ns
    Phase Error              (PE):    0.000ns
    User Uncertainty         (UU):    0.000ns

    Location             Delay type                Incr(ns)  Path(ns)    Netlist Resource(s)
  -------------------------------------------------------------------    -------------------
                         (clock clk rise edge)        0.000     0.000 r  
                                                      0.000     0.000 r  clk (IN)
                         net (fo=0)                   0.000     0.000    u_boundary_ibuf/I
                         INBUF (Prop_INBUF_PAD_O)     0.517     0.517 r  u_boundary_ibuf/INBUF_INST/O
                         net (fo=1, unplaced)         0.000     0.517    u_boundary_ibuf/OUT
                         IBUFCTRL (Prop_IBUFCTRL_I_O)
                                                      0.000     0.517 r  u_boundary_ibuf/IBUFCTRL_INST/O
                         net (fo=1, unplaced)         0.161     0.678    clk_ibuf
                         BUFGCE (Prop_BUFGCE_I_O)     0.028     0.706 r  u_boundary_bufg/O
                         net (fo=26838, unplaced)     2.584     3.290    u_dut/clk
                         FDCE                                         r  u_dut/lfnst_grid_reg[51][2]/C
  -------------------------------------------------------------------    -------------------
                         FDCE (Prop_FDCE_C_Q)         0.077     3.367 r  u_dut/lfnst_grid_reg[51][2]/Q
                         net (fo=1, unplaced)         0.154     3.521    u_dut/lfnst_grid_reg[51][2]
                         LUT6 (Prop_LUT6_I0_O)        0.150     3.671 r  u_dut/u_unified_p4_kernel_i_761/O
                         net (fo=2, unplaced)         0.186     3.857    u_dut/u_unified_p4_kernel_i_761_n_0
                         LUT4 (Prop_LUT4_I2_O)        0.070     3.927 r  u_dut/u_unified_p4_kernel_i_569/O
                         net (fo=2, unplaced)         0.141     4.068    u_dut/u_unified_p4_kernel_i_569_n_0
                         LUT6 (Prop_LUT6_I0_O)        0.100     4.168 r  u_dut/u_unified_p4_kernel_i_408/O
                         net (fo=1, unplaced)         0.186     4.354    u_dut/u_unified_p4_kernel_i_408_n_0
                         LUT2 (Prop_LUT2_I1_O)        0.038     4.392 f  u_dut/u_unified_p4_kernel_i_268/O
                         net (fo=1, unplaced)         0.098     4.490    u_dut/u_unified_p4_kernel_i_268_n_0
                         LUT6 (Prop_LUT6_I1_O)        0.125     4.615 r  u_dut/u_unified_p4_kernel_i_64/O
                         net (fo=1, unplaced)         0.048     4.663    u_dut/u_unified_p4_kernel/in_data[2]
                         FDRE                                         r  u_dut/u_unified_p4_kernel/ingress_data_q_reg[2]/D
  -------------------------------------------------------------------    -------------------

                         (clock clk rise edge)        2.000     2.000 r  
                                                      0.000     2.000 r  clk (IN)
                         net (fo=0)                   0.000     2.000    u_boundary_ibuf/I
                         INBUF (Prop_INBUF_PAD_O)     0.267     2.267 r  u_boundary_ibuf/INBUF_INST/O
                         net (fo=1, unplaced)         0.000     2.267    u_boundary_ibuf/OUT
                         IBUFCTRL (Prop_IBUFCTRL_I_O)
                                                      0.000     2.267 r  u_boundary_ibuf/IBUFCTRL_INST/O
                         net (fo=1, unplaced)         0.133     2.400    clk_ibuf
                         BUFGCE (Prop_BUFGCE_I_O)     0.024     2.424 r  u_boundary_bufg/O
                         net (fo=26838, unplaced)     2.439     4.863    u_dut/u_unified_p4_kernel/clk
                         FDRE                                         r  u_dut/u_unified_p4_kernel/ingress_data_q_reg[2]/C
                         clock pessimism              0.282     5.145    
                         clock uncertainty           -0.035     5.110    
                         FDRE (Setup_FDRE_C_D)        0.025     5.135    u_dut/u_unified_p4_kernel/ingress_data_q_reg[2]
  -------------------------------------------------------------------
                         required time                          5.135    
                         arrival time                          -4.663    
  -------------------------------------------------------------------
                         slack                                  0.472    

Slack (MET) :             0.472ns  (required time - arrival time)
  Source:                 u_dut/lfnst_grid_reg[51][0]/C
                            (rising edge-triggered cell FDCE clocked by clk  {rise@0.000ns fall@1.000ns period=2.000ns})
  Destination:            u_dut/u_unified_p4_kernel/ingress_data_q_reg[32]/D
                            (rising edge-triggered cell FDRE clocked by clk  {rise@0.000ns fall@1.000ns period=2.000ns})
  Path Group:             clk
  Path Type:              Setup (Max at Slow Process Corner)
  Requirement:            2.000ns  (clk rise@2.000ns - clk rise@0.000ns)
  Data Path Delay:        1.373ns  (logic 0.560ns (40.787%)  route 0.813ns (59.213%))
  Logic Levels:           5  (LUT2=1 LUT4=1 LUT6=3)
  Clock Path Skew:        -0.145ns (DCD - SCD + CPR)
    Destination Clock Delay (DCD):    2.863ns = ( 4.863 - 2.000 ) 
    Source Clock Delay      (SCD):    3.290ns
    Clock Pessimism Removal (CPR):    0.282ns
  Clock Uncertainty:      0.035ns  ((TSJ^2 + TIJ^2)^1/2 + DJ) / 2 + PE + UU
    Total System Jitter     (TSJ):    0.071ns
    Total Input Jitter      (TIJ):    0.000ns
    Discrete Jitter          (DJ):    0.000ns
    Phase Error              (PE):    0.000ns
    User Uncertainty         (UU):    0.000ns

    Location             Delay type                Incr(ns)  Path(ns)    Netlist Resource(s)
  -------------------------------------------------------------------    -------------------
                         (clock clk rise edge)        0.000     0.000 r  
                                                      0.000     0.000 r  clk (IN)
                         net (fo=0)                   0.000     0.000    u_boundary_ibuf/I
                         INBUF (Prop_INBUF_PAD_O)     0.517     0.517 r  u_boundary_ibuf/INBUF_INST/O
                         net (fo=1, unplaced)         0.000     0.517    u_boundary_ibuf/OUT
                         IBUFCTRL (Prop_IBUFCTRL_I_O)
                                                      0.000     0.517 r  u_boundary_ibuf/IBUFCTRL_INST/O
                         net (fo=1, unplaced)         0.161     0.678    clk_ibuf
                         BUFGCE (Prop_BUFGCE_I_O)     0.028     0.706 r  u_boundary_bufg/O
                         net (fo=26838, unplaced)     2.584     3.290    u_dut/clk
                         FDCE                                         r  u_dut/lfnst_grid_reg[51][0]/C
  -------------------------------------------------------------------    -------------------
                         FDCE (Prop_FDCE_C_Q)         0.077     3.367 r  u_dut/lfnst_grid_reg[51][0]/Q
                         net (fo=1, unplaced)         0.154     3.521    u_dut/lfnst_grid_reg[51][0]
                         LUT6 (Prop_LUT6_I0_O)        0.150     3.671 r  u_dut/u_unified_p4_kernel_i_785/O
                         net (fo=2, unplaced)         0.186     3.857    u_dut/u_unified_p4_kernel_i_785_n_0
                         LUT4 (Prop_LUT4_I2_O)        0.070     3.927 r  u_dut/u_unified_p4_kernel_i_577/O
                         net (fo=2, unplaced)         0.141     4.068    u_dut/u_unified_p4_kernel_i_577_n_0
                         LUT6 (Prop_LUT6_I1_O)        0.100     4.168 r  u_dut/u_unified_p4_kernel_i_341/O
                         net (fo=1, unplaced)         0.186     4.354    u_dut/u_unified_p4_kernel_i_341_n_0
                         LUT2 (Prop_LUT2_I1_O)        0.038     4.392 f  u_dut/u_unified_p4_kernel_i_172/O
                         net (fo=1, unplaced)         0.098     4.490    u_dut/u_unified_p4_kernel_i_172_n_0
                         LUT6 (Prop_LUT6_I1_O)        0.125     4.615 r  u_dut/u_unified_p4_kernel_i_34/O
                         net (fo=1, unplaced)         0.048     4.663    u_dut/u_unified_p4_kernel/in_data[32]
                         FDRE                                         r  u_dut/u_unified_p4_kernel/ingress_data_q_reg[32]/D
  -------------------------------------------------------------------    -------------------

                         (clock clk rise edge)        2.000     2.000 r  
                                                      0.000     2.000 r  clk (IN)
                         net (fo=0)                   0.000     2.000    u_boundary_ibuf/I
                         INBUF (Prop_INBUF_PAD_O)     0.267     2.267 r  u_boundary_ibuf/INBUF_INST/O
                         net (fo=1, unplaced)         0.000     2.267    u_boundary_ibuf/OUT
                         IBUFCTRL (Prop_IBUFCTRL_I_O)
                                                      0.000     2.267 r  u_boundary_ibuf/IBUFCTRL_INST/O
                         net (fo=1, unplaced)         0.133     2.400    clk_ibuf
                         BUFGCE (Prop_BUFGCE_I_O)     0.024     2.424 r  u_boundary_bufg/O
                         net (fo=26838, unplaced)     2.439     4.863    u_dut/u_unified_p4_kernel/clk
                         FDRE                                         r  u_dut/u_unified_p4_kernel/ingress_data_q_reg[32]/C
                         clock pessimism              0.282     5.145    
                         clock uncertainty           -0.035     5.110    
                         FDRE (Setup_FDRE_C_D)        0.025     5.135    u_dut/u_unified_p4_kernel/ingress_data_q_reg[32]
  -------------------------------------------------------------------
                         required time                          5.135    
                         arrival time                          -4.663    
  -------------------------------------------------------------------
                         slack                                  0.472    

Slack (MET) :             0.472ns  (required time - arrival time)
  Source:                 u_dut/lfnst_grid_reg[51][1]/C
                            (rising edge-triggered cell FDCE clocked by clk  {rise@0.000ns fall@1.000ns period=2.000ns})
  Destination:            u_dut/u_unified_p4_kernel/ingress_data_q_reg[33]/D
                            (rising edge-triggered cell FDRE clocked by clk  {rise@0.000ns fall@1.000ns period=2.000ns})
  Path Group:             clk
  Path Type:              Setup (Max at Slow Process Corner)
  Requirement:            2.000ns  (clk rise@2.000ns - clk rise@0.000ns)
  Data Path Delay:        1.373ns  (logic 0.560ns (40.787%)  route 0.813ns (59.213%))
  Logic Levels:           5  (LUT2=1 LUT4=1 LUT6=3)
  Clock Path Skew:        -0.145ns (DCD - SCD + CPR)
    Destination Clock Delay (DCD):    2.863ns = ( 4.863 - 2.000 ) 
    Source Clock Delay      (SCD):    3.290ns
    Clock Pessimism Removal (CPR):    0.282ns
  Clock Uncertainty:      0.035ns  ((TSJ^2 + TIJ^2)^1/2 + DJ) / 2 + PE + UU
    Total System Jitter     (TSJ):    0.071ns
    Total Input Jitter      (TIJ):    0.000ns
    Discrete Jitter          (DJ):    0.000ns
    Phase Error              (PE):    0.000ns
    User Uncertainty         (UU):    0.000ns

    Location             Delay type                Incr(ns)  Path(ns)    Netlist Resource(s)
  -------------------------------------------------------------------    -------------------
                         (clock clk rise edge)        0.000     0.000 r  
                                                      0.000     0.000 r  clk (IN)
                         net (fo=0)                   0.000     0.000    u_boundary_ibuf/I
                         INBUF (Prop_INBUF_PAD_O)     0.517     0.517 r  u_boundary_ibuf/INBUF_INST/O
                         net (fo=1, unplaced)         0.000     0.517    u_boundary_ibuf/OUT
                         IBUFCTRL (Prop_IBUFCTRL_I_O)
                                                      0.000     0.517 r  u_boundary_ibuf/IBUFCTRL_INST/O
                         net (fo=1, unplaced)         0.161     0.678    clk_ibuf
                         BUFGCE (Prop_BUFGCE_I_O)     0.028     0.706 r  u_boundary_bufg/O
                         net (fo=26838, unplaced)     2.584     3.290    u_dut/clk
                         FDCE                                         r  u_dut/lfnst_grid_reg[51][1]/C
  -------------------------------------------------------------------    -------------------
                         FDCE (Prop_FDCE_C_Q)         0.077     3.367 r  u_dut/lfnst_grid_reg[51][1]/Q
                         net (fo=1, unplaced)         0.154     3.521    u_dut/lfnst_grid_reg[51][1]
                         LUT6 (Prop_LUT6_I0_O)        0.150     3.671 r  u_dut/u_unified_p4_kernel_i_773/O
                         net (fo=2, unplaced)         0.186     3.857    u_dut/u_unified_p4_kernel_i_773_n_0
                         LUT4 (Prop_LUT4_I2_O)        0.070     3.927 r  u_dut/u_unified_p4_kernel_i_573/O
                         net (fo=2, unplaced)         0.141     4.068    u_dut/u_unified_p4_kernel_i_573_n_0
                         LUT6 (Prop_LUT6_I1_O)        0.100     4.168 r  u_dut/u_unified_p4_kernel_i_339/O
                         net (fo=1, unplaced)         0.186     4.354    u_dut/u_unified_p4_kernel_i_339_n_0
                         LUT2 (Prop_LUT2_I1_O)        0.038     4.392 f  u_dut/u_unified_p4_kernel_i_169/O
                         net (fo=1, unplaced)         0.098     4.490    u_dut/u_unified_p4_kernel_i_169_n_0
                         LUT6 (Prop_LUT6_I1_O)        0.125     4.615 r  u_dut/u_unified_p4_kernel_i_33/O
                         net (fo=1, unplaced)         0.048     4.663    u_dut/u_unified_p4_kernel/in_data[33]
                         FDRE                                         r  u_dut/u_unified_p4_kernel/ingress_data_q_reg[33]/D
  -------------------------------------------------------------------    -------------------

                         (clock clk rise edge)        2.000     2.000 r  
                                                      0.000     2.000 r  clk (IN)
                         net (fo=0)                   0.000     2.000    u_boundary_ibuf/I
                         INBUF (Prop_INBUF_PAD_O)     0.267     2.267 r  u_boundary_ibuf/INBUF_INST/O
                         net (fo=1, unplaced)         0.000     2.267    u_boundary_ibuf/OUT
                         IBUFCTRL (Prop_IBUFCTRL_I_O)
                                                      0.000     2.267 r  u_boundary_ibuf/IBUFCTRL_INST/O
                         net (fo=1, unplaced)         0.133     2.400    clk_ibuf
                         BUFGCE (Prop_BUFGCE_I_O)     0.024     2.424 r  u_boundary_bufg/O
                         net (fo=26838, unplaced)     2.439     4.863    u_dut/u_unified_p4_kernel/clk
                         FDRE                                         r  u_dut/u_unified_p4_kernel/ingress_data_q_reg[33]/C
                         clock pessimism              0.282     5.145    
                         clock uncertainty           -0.035     5.110    
                         FDRE (Setup_FDRE_C_D)        0.025     5.135    u_dut/u_unified_p4_kernel/ingress_data_q_reg[33]
  -------------------------------------------------------------------
                         required time                          5.135    
                         arrival time                          -4.663    
  -------------------------------------------------------------------
                         slack                                  0.472    

Slack (MET) :             0.472ns  (required time - arrival time)
  Source:                 u_dut/lfnst_grid_reg[51][2]/C
                            (rising edge-triggered cell FDCE clocked by clk  {rise@0.000ns fall@1.000ns period=2.000ns})
  Destination:            u_dut/u_unified_p4_kernel/ingress_data_q_reg[34]/D
                            (rising edge-triggered cell FDRE clocked by clk  {rise@0.000ns fall@1.000ns period=2.000ns})
  Path Group:             clk
  Path Type:              Setup (Max at Slow Process Corner)
  Requirement:            2.000ns  (clk rise@2.000ns - clk rise@0.000ns)
  Data Path Delay:        1.373ns  (logic 0.560ns (40.787%)  route 0.813ns (59.213%))
  Logic Levels:           5  (LUT2=1 LUT4=1 LUT6=3)
  Clock Path Skew:        -0.145ns (DCD - SCD + CPR)
    Destination Clock Delay (DCD):    2.863ns = ( 4.863 - 2.000 ) 
    Source Clock Delay      (SCD):    3.290ns
    Clock Pessimism Removal (CPR):    0.282ns
  Clock Uncertainty:      0.035ns  ((TSJ^2 + TIJ^2)^1/2 + DJ) / 2 + PE + UU
    Total System Jitter     (TSJ):    0.071ns
    Total Input Jitter      (TIJ):    0.000ns
    Discrete Jitter          (DJ):    0.000ns
    Phase Error              (PE):    0.000ns
    User Uncertainty         (UU):    0.000ns

    Location             Delay type                Incr(ns)  Path(ns)    Netlist Resource(s)
  -------------------------------------------------------------------    -------------------
                         (clock clk rise edge)        0.000     0.000 r  
                                                      0.000     0.000 r  clk (IN)
                         net (fo=0)                   0.000     0.000    u_boundary_ibuf/I
                         INBUF (Prop_INBUF_PAD_O)     0.517     0.517 r  u_boundary_ibuf/INBUF_INST/O
                         net (fo=1, unplaced)         0.000     0.517    u_boundary_ibuf/OUT
                         IBUFCTRL (Prop_IBUFCTRL_I_O)
                                                      0.000     0.517 r  u_boundary_ibuf/IBUFCTRL_INST/O
                         net (fo=1, unplaced)         0.161     0.678    clk_ibuf
                         BUFGCE (Prop_BUFGCE_I_O)     0.028     0.706 r  u_boundary_bufg/O
                         net (fo=26838, unplaced)     2.584     3.290    u_dut/clk
                         FDCE                                         r  u_dut/lfnst_grid_reg[51][2]/C
  -------------------------------------------------------------------    -------------------
                         FDCE (Prop_FDCE_C_Q)         0.077     3.367 r  u_dut/lfnst_grid_reg[51][2]/Q
                         net (fo=1, unplaced)         0.154     3.521    u_dut/lfnst_grid_reg[51][2]
                         LUT6 (Prop_LUT6_I0_O)        0.150     3.671 r  u_dut/u_unified_p4_kernel_i_761/O
                         net (fo=2, unplaced)         0.186     3.857    u_dut/u_unified_p4_kernel_i_761_n_0
                         LUT4 (Prop_LUT4_I2_O)        0.070     3.927 r  u_dut/u_unified_p4_kernel_i_569/O
                         net (fo=2, unplaced)         0.141     4.068    u_dut/u_unified_p4_kernel_i_569_n_0
                         LUT6 (Prop_LUT6_I1_O)        0.100     4.168 r  u_dut/u_unified_p4_kernel_i_337/O
                         net (fo=1, unplaced)         0.186     4.354    u_dut/u_unified_p4_kernel_i_337_n_0
                         LUT2 (Prop_LUT2_I1_O)        0.038     4.392 f  u_dut/u_unified_p4_kernel_i_166/O
                         net (fo=1, unplaced)         0.098     4.490    u_dut/u_unified_p4_kernel_i_166_n_0
                         LUT6 (Prop_LUT6_I1_O)        0.125     4.615 r  u_dut/u_unified_p4_kernel_i_32/O
                         net (fo=1, unplaced)         0.048     4.663    u_dut/u_unified_p4_kernel/in_data[34]
                         FDRE                                         r  u_dut/u_unified_p4_kernel/ingress_data_q_reg[34]/D
  -------------------------------------------------------------------    -------------------

                         (clock clk rise edge)        2.000     2.000 r  
                                                      0.000     2.000 r  clk (IN)
                         net (fo=0)                   0.000     2.000    u_boundary_ibuf/I
                         INBUF (Prop_INBUF_PAD_O)     0.267     2.267 r  u_boundary_ibuf/INBUF_INST/O
                         net (fo=1, unplaced)         0.000     2.267    u_boundary_ibuf/OUT
                         IBUFCTRL (Prop_IBUFCTRL_I_O)
                                                      0.000     2.267 r  u_boundary_ibuf/IBUFCTRL_INST/O
                         net (fo=1, unplaced)         0.133     2.400    clk_ibuf
                         BUFGCE (Prop_BUFGCE_I_O)     0.024     2.424 r  u_boundary_bufg/O
                         net (fo=26838, unplaced)     2.439     4.863    u_dut/u_unified_p4_kernel/clk
                         FDRE                                         r  u_dut/u_unified_p4_kernel/ingress_data_q_reg[34]/C
                         clock pessimism              0.282     5.145    
                         clock uncertainty           -0.035     5.110    
                         FDRE (Setup_FDRE_C_D)        0.025     5.135    u_dut/u_unified_p4_kernel/ingress_data_q_reg[34]
  -------------------------------------------------------------------
                         required time                          5.135    
                         arrival time                          -4.663    
  -------------------------------------------------------------------
                         slack                                  0.472    

Slack (MET) :             0.472ns  (required time - arrival time)
  Source:                 u_dut/lfnst_grid_reg[51][3]/C
                            (rising edge-triggered cell FDCE clocked by clk  {rise@0.000ns fall@1.000ns period=2.000ns})
  Destination:            u_dut/u_unified_p4_kernel/ingress_data_q_reg[35]/D
                            (rising edge-triggered cell FDRE clocked by clk  {rise@0.000ns fall@1.000ns period=2.000ns})
  Path Group:             clk
  Path Type:              Setup (Max at Slow Process Corner)
  Requirement:            2.000ns  (clk rise@2.000ns - clk rise@0.000ns)
  Data Path Delay:        1.373ns  (logic 0.560ns (40.787%)  route 0.813ns (59.213%))
  Logic Levels:           5  (LUT2=1 LUT4=1 LUT6=3)
  Clock Path Skew:        -0.145ns (DCD - SCD + CPR)
    Destination Clock Delay (DCD):    2.863ns = ( 4.863 - 2.000 ) 
    Source Clock Delay      (SCD):    3.290ns
    Clock Pessimism Removal (CPR):    0.282ns
  Clock Uncertainty:      0.035ns  ((TSJ^2 + TIJ^2)^1/2 + DJ) / 2 + PE + UU
    Total System Jitter     (TSJ):    0.071ns
    Total Input Jitter      (TIJ):    0.000ns
    Discrete Jitter          (DJ):    0.000ns
    Phase Error              (PE):    0.000ns
    User Uncertainty         (UU):    0.000ns

    Location             Delay type                Incr(ns)  Path(ns)    Netlist Resource(s)
  -------------------------------------------------------------------    -------------------
                         (clock clk rise edge)        0.000     0.000 r  
                                                      0.000     0.000 r  clk (IN)
                         net (fo=0)                   0.000     0.000    u_boundary_ibuf/I
                         INBUF (Prop_INBUF_PAD_O)     0.517     0.517 r  u_boundary_ibuf/INBUF_INST/O
                         net (fo=1, unplaced)         0.000     0.517    u_boundary_ibuf/OUT
                         IBUFCTRL (Prop_IBUFCTRL_I_O)
                                                      0.000     0.517 r  u_boundary_ibuf/IBUFCTRL_INST/O
                         net (fo=1, unplaced)         0.161     0.678    clk_ibuf
                         BUFGCE (Prop_BUFGCE_I_O)     0.028     0.706 r  u_boundary_bufg/O
                         net (fo=26838, unplaced)     2.584     3.290    u_dut/clk
                         FDCE                                         r  u_dut/lfnst_grid_reg[51][3]/C
  -------------------------------------------------------------------    -------------------
                         FDCE (Prop_FDCE_C_Q)         0.077     3.367 r  u_dut/lfnst_grid_reg[51][3]/Q
                         net (fo=1, unplaced)         0.154     3.521    u_dut/lfnst_grid_reg[51][3]
                         LUT6 (Prop_LUT6_I0_O)        0.150     3.671 r  u_dut/u_unified_p4_kernel_i_749/O
                         net (fo=2, unplaced)         0.186     3.857    u_dut/u_unified_p4_kernel_i_749_n_0
                         LUT4 (Prop_LUT4_I2_O)        0.070     3.927 r  u_dut/u_unified_p4_kernel_i_565/O
                         net (fo=2, unplaced)         0.141     4.068    u_dut/u_unified_p4_kernel_i_565_n_0
                         LUT6 (Prop_LUT6_I1_O)        0.100     4.168 r  u_dut/u_unified_p4_kernel_i_335/O
                         net (fo=1, unplaced)         0.186     4.354    u_dut/u_unified_p4_kernel_i_335_n_0
                         LUT2 (Prop_LUT2_I1_O)        0.038     4.392 f  u_dut/u_unified_p4_kernel_i_163/O
                         net (fo=1, unplaced)         0.098     4.490    u_dut/u_unified_p4_kernel_i_163_n_0
                         LUT6 (Prop_LUT6_I1_O)        0.125     4.615 r  u_dut/u_unified_p4_kernel_i_31/O
                         net (fo=1, unplaced)         0.048     4.663    u_dut/u_unified_p4_kernel/in_data[35]
                         FDRE                                         r  u_dut/u_unified_p4_kernel/ingress_data_q_reg[35]/D
  -------------------------------------------------------------------    -------------------

                         (clock clk rise edge)        2.000     2.000 r  
                                                      0.000     2.000 r  clk (IN)
                         net (fo=0)                   0.000     2.000    u_boundary_ibuf/I
                         INBUF (Prop_INBUF_PAD_O)     0.267     2.267 r  u_boundary_ibuf/INBUF_INST/O
                         net (fo=1, unplaced)         0.000     2.267    u_boundary_ibuf/OUT
                         IBUFCTRL (Prop_IBUFCTRL_I_O)
                                                      0.000     2.267 r  u_boundary_ibuf/IBUFCTRL_INST/O
                         net (fo=1, unplaced)         0.133     2.400    clk_ibuf
                         BUFGCE (Prop_BUFGCE_I_O)     0.024     2.424 r  u_boundary_bufg/O
                         net (fo=26838, unplaced)     2.439     4.863    u_dut/u_unified_p4_kernel/clk
                         FDRE                                         r  u_dut/u_unified_p4_kernel/ingress_data_q_reg[35]/C
                         clock pessimism              0.282     5.145    
                         clock uncertainty           -0.035     5.110    
                         FDRE (Setup_FDRE_C_D)        0.025     5.135    u_dut/u_unified_p4_kernel/ingress_data_q_reg[35]
  -------------------------------------------------------------------
                         required time                          5.135    
                         arrival time                          -4.663    
  -------------------------------------------------------------------
                         slack                                  0.472    

Slack (MET) :             0.472ns  (required time - arrival time)
  Source:                 u_dut/lfnst_grid_reg[51][4]/C
                            (rising edge-triggered cell FDCE clocked by clk  {rise@0.000ns fall@1.000ns period=2.000ns})
  Destination:            u_dut/u_unified_p4_kernel/ingress_data_q_reg[36]/D
                            (rising edge-triggered cell FDRE clocked by clk  {rise@0.000ns fall@1.000ns period=2.000ns})
  Path Group:             clk
  Path Type:              Setup (Max at Slow Process Corner)
  Requirement:            2.000ns  (clk rise@2.000ns - clk rise@0.000ns)
  Data Path Delay:        1.373ns  (logic 0.560ns (40.787%)  route 0.813ns (59.213%))
  Logic Levels:           5  (LUT2=1 LUT4=1 LUT6=3)
  Clock Path Skew:        -0.145ns (DCD - SCD + CPR)
    Destination Clock Delay (DCD):    2.863ns = ( 4.863 - 2.000 ) 
    Source Clock Delay      (SCD):    3.290ns
    Clock Pessimism Removal (CPR):    0.282ns
  Clock Uncertainty:      0.035ns  ((TSJ^2 + TIJ^2)^1/2 + DJ) / 2 + PE + UU
    Total System Jitter     (TSJ):    0.071ns
    Total Input Jitter      (TIJ):    0.000ns
    Discrete Jitter          (DJ):    0.000ns
    Phase Error              (PE):    0.000ns
    User Uncertainty         (UU):    0.000ns

    Location             Delay type                Incr(ns)  Path(ns)    Netlist Resource(s)
  -------------------------------------------------------------------    -------------------
                         (clock clk rise edge)        0.000     0.000 r  
                                                      0.000     0.000 r  clk (IN)
                         net (fo=0)                   0.000     0.000    u_boundary_ibuf/I
                         INBUF (Prop_INBUF_PAD_O)     0.517     0.517 r  u_boundary_ibuf/INBUF_INST/O
                         net (fo=1, unplaced)         0.000     0.517    u_boundary_ibuf/OUT
                         IBUFCTRL (Prop_IBUFCTRL_I_O)
                                                      0.000     0.517 r  u_boundary_ibuf/IBUFCTRL_INST/O
                         net (fo=1, unplaced)         0.161     0.678    clk_ibuf
                         BUFGCE (Prop_BUFGCE_I_O)     0.028     0.706 r  u_boundary_bufg/O
                         net (fo=26838, unplaced)     2.584     3.290    u_dut/clk
                         FDCE                                         r  u_dut/lfnst_grid_reg[51][4]/C
  -------------------------------------------------------------------    -------------------
                         FDCE (Prop_FDCE_C_Q)         0.077     3.367 r  u_dut/lfnst_grid_reg[51][4]/Q
                         net (fo=1, unplaced)         0.154     3.521    u_dut/lfnst_grid_reg[51][4]
                         LUT6 (Prop_LUT6_I0_O)        0.150     3.671 r  u_dut/u_unified_p4_kernel_i_737/O
                         net (fo=2, unplaced)         0.186     3.857    u_dut/u_unified_p4_kernel_i_737_n_0
                         LUT4 (Prop_LUT4_I2_O)        0.070     3.927 r  u_dut/u_unified_p4_kernel_i_561/O
                         net (fo=2, unplaced)         0.141     4.068    u_dut/u_unified_p4_kernel_i_561_n_0
                         LUT6 (Prop_LUT6_I1_O)        0.100     4.168 r  u_dut/u_unified_p4_kernel_i_333/O
                         net (fo=1, unplaced)         0.186     4.354    u_dut/u_unified_p4_kernel_i_333_n_0
                         LUT2 (Prop_LUT2_I1_O)        0.038     4.392 f  u_dut/u_unified_p4_kernel_i_160/O
                         net (fo=1, unplaced)         0.098     4.490    u_dut/u_unified_p4_kernel_i_160_n_0
                         LUT6 (Prop_LUT6_I1_O)        0.125     4.615 r  u_dut/u_unified_p4_kernel_i_30/O
                         net (fo=1, unplaced)         0.048     4.663    u_dut/u_unified_p4_kernel/in_data[36]
                         FDRE                                         r  u_dut/u_unified_p4_kernel/ingress_data_q_reg[36]/D
  -------------------------------------------------------------------    -------------------

                         (clock clk rise edge)        2.000     2.000 r  
                                                      0.000     2.000 r  clk (IN)
                         net (fo=0)                   0.000     2.000    u_boundary_ibuf/I
                         INBUF (Prop_INBUF_PAD_O)     0.267     2.267 r  u_boundary_ibuf/INBUF_INST/O
                         net (fo=1, unplaced)         0.000     2.267    u_boundary_ibuf/OUT
                         IBUFCTRL (Prop_IBUFCTRL_I_O)
                                                      0.000     2.267 r  u_boundary_ibuf/IBUFCTRL_INST/O
                         net (fo=1, unplaced)         0.133     2.400    clk_ibuf
                         BUFGCE (Prop_BUFGCE_I_O)     0.024     2.424 r  u_boundary_bufg/O
                         net (fo=26838, unplaced)     2.439     4.863    u_dut/u_unified_p4_kernel/clk
                         FDRE                                         r  u_dut/u_unified_p4_kernel/ingress_data_q_reg[36]/C
                         clock pessimism              0.282     5.145    
                         clock uncertainty           -0.035     5.110    
                         FDRE (Setup_FDRE_C_D)        0.025     5.135    u_dut/u_unified_p4_kernel/ingress_data_q_reg[36]
  -------------------------------------------------------------------
                         required time                          5.135    
                         arrival time                          -4.663    
  -------------------------------------------------------------------
                         slack                                  0.472    

Slack (MET) :             0.472ns  (required time - arrival time)
  Source:                 u_dut/lfnst_grid_reg[51][5]/C
                            (rising edge-triggered cell FDCE clocked by clk  {rise@0.000ns fall@1.000ns period=2.000ns})
  Destination:            u_dut/u_unified_p4_kernel/ingress_data_q_reg[37]/D
                            (rising edge-triggered cell FDRE clocked by clk  {rise@0.000ns fall@1.000ns period=2.000ns})
  Path Group:             clk
  Path Type:              Setup (Max at Slow Process Corner)
  Requirement:            2.000ns  (clk rise@2.000ns - clk rise@0.000ns)
  Data Path Delay:        1.373ns  (logic 0.560ns (40.787%)  route 0.813ns (59.213%))
  Logic Levels:           5  (LUT2=1 LUT4=1 LUT6=3)
  Clock Path Skew:        -0.145ns (DCD - SCD + CPR)
    Destination Clock Delay (DCD):    2.863ns = ( 4.863 - 2.000 ) 
    Source Clock Delay      (SCD):    3.290ns
    Clock Pessimism Removal (CPR):    0.282ns
  Clock Uncertainty:      0.035ns  ((TSJ^2 + TIJ^2)^1/2 + DJ) / 2 + PE + UU
    Total System Jitter     (TSJ):    0.071ns
    Total Input Jitter      (TIJ):    0.000ns
    Discrete Jitter          (DJ):    0.000ns
    Phase Error              (PE):    0.000ns
    User Uncertainty         (UU):    0.000ns

    Location             Delay type                Incr(ns)  Path(ns)    Netlist Resource(s)
  -------------------------------------------------------------------    -------------------
                         (clock clk rise edge)        0.000     0.000 r  
                                                      0.000     0.000 r  clk (IN)
                         net (fo=0)                   0.000     0.000    u_boundary_ibuf/I
                         INBUF (Prop_INBUF_PAD_O)     0.517     0.517 r  u_boundary_ibuf/INBUF_INST/O
                         net (fo=1, unplaced)         0.000     0.517    u_boundary_ibuf/OUT
                         IBUFCTRL (Prop_IBUFCTRL_I_O)
                                                      0.000     0.517 r  u_boundary_ibuf/IBUFCTRL_INST/O
                         net (fo=1, unplaced)         0.161     0.678    clk_ibuf
                         BUFGCE (Prop_BUFGCE_I_O)     0.028     0.706 r  u_boundary_bufg/O
                         net (fo=26838, unplaced)     2.584     3.290    u_dut/clk
                         FDCE                                         r  u_dut/lfnst_grid_reg[51][5]/C
  -------------------------------------------------------------------    -------------------
                         FDCE (Prop_FDCE_C_Q)         0.077     3.367 r  u_dut/lfnst_grid_reg[51][5]/Q
                         net (fo=1, unplaced)         0.154     3.521    u_dut/lfnst_grid_reg[51][5]
                         LUT6 (Prop_LUT6_I0_O)        0.150     3.671 r  u_dut/u_unified_p4_kernel_i_725/O
                         net (fo=2, unplaced)         0.186     3.857    u_dut/u_unified_p4_kernel_i_725_n_0
                         LUT4 (Prop_LUT4_I2_O)        0.070     3.927 r  u_dut/u_unified_p4_kernel_i_557/O
                         net (fo=2, unplaced)         0.141     4.068    u_dut/u_unified_p4_kernel_i_557_n_0
                         LUT6 (Prop_LUT6_I1_O)        0.100     4.168 r  u_dut/u_unified_p4_kernel_i_331/O
                         net (fo=1, unplaced)         0.186     4.354    u_dut/u_unified_p4_kernel_i_331_n_0
                         LUT2 (Prop_LUT2_I1_O)        0.038     4.392 f  u_dut/u_unified_p4_kernel_i_157/O
                         net (fo=1, unplaced)         0.098     4.490    u_dut/u_unified_p4_kernel_i_157_n_0
                         LUT6 (Prop_LUT6_I1_O)        0.125     4.615 r  u_dut/u_unified_p4_kernel_i_29/O
                         net (fo=1, unplaced)         0.048     4.663    u_dut/u_unified_p4_kernel/in_data[37]
                         FDRE                                         r  u_dut/u_unified_p4_kernel/ingress_data_q_reg[37]/D
  -------------------------------------------------------------------    -------------------

                         (clock clk rise edge)        2.000     2.000 r  
                                                      0.000     2.000 r  clk (IN)
                         net (fo=0)                   0.000     2.000    u_boundary_ibuf/I
                         INBUF (Prop_INBUF_PAD_O)     0.267     2.267 r  u_boundary_ibuf/INBUF_INST/O
                         net (fo=1, unplaced)         0.000     2.267    u_boundary_ibuf/OUT
                         IBUFCTRL (Prop_IBUFCTRL_I_O)
                                                      0.000     2.267 r  u_boundary_ibuf/IBUFCTRL_INST/O
                         net (fo=1, unplaced)         0.133     2.400    clk_ibuf
                         BUFGCE (Prop_BUFGCE_I_O)     0.024     2.424 r  u_boundary_bufg/O
                         net (fo=26838, unplaced)     2.439     4.863    u_dut/u_unified_p4_kernel/clk
                         FDRE                                         r  u_dut/u_unified_p4_kernel/ingress_data_q_reg[37]/C
                         clock pessimism              0.282     5.145    
                         clock uncertainty           -0.035     5.110    
                         FDRE (Setup_FDRE_C_D)        0.025     5.135    u_dut/u_unified_p4_kernel/ingress_data_q_reg[37]
  -------------------------------------------------------------------
                         required time                          5.135    
                         arrival time                          -4.663    
  -------------------------------------------------------------------
                         slack                                  0.472    

Slack (MET) :             0.472ns  (required time - arrival time)
  Source:                 u_dut/lfnst_grid_reg[51][6]/C
                            (rising edge-triggered cell FDCE clocked by clk  {rise@0.000ns fall@1.000ns period=2.000ns})
  Destination:            u_dut/u_unified_p4_kernel/ingress_data_q_reg[38]/D
                            (rising edge-triggered cell FDRE clocked by clk  {rise@0.000ns fall@1.000ns period=2.000ns})
  Path Group:             clk
  Path Type:              Setup (Max at Slow Process Corner)
  Requirement:            2.000ns  (clk rise@2.000ns - clk rise@0.000ns)
  Data Path Delay:        1.373ns  (logic 0.560ns (40.787%)  route 0.813ns (59.213%))
  Logic Levels:           5  (LUT2=1 LUT4=1 LUT6=3)
  Clock Path Skew:        -0.145ns (DCD - SCD + CPR)
    Destination Clock Delay (DCD):    2.863ns = ( 4.863 - 2.000 ) 
    Source Clock Delay      (SCD):    3.290ns
    Clock Pessimism Removal (CPR):    0.282ns
  Clock Uncertainty:      0.035ns  ((TSJ^2 + TIJ^2)^1/2 + DJ) / 2 + PE + UU
    Total System Jitter     (TSJ):    0.071ns
    Total Input Jitter      (TIJ):    0.000ns
    Discrete Jitter          (DJ):    0.000ns
    Phase Error              (PE):    0.000ns
    User Uncertainty         (UU):    0.000ns

    Location             Delay type                Incr(ns)  Path(ns)    Netlist Resource(s)
  -------------------------------------------------------------------    -------------------
                         (clock clk rise edge)        0.000     0.000 r  
                                                      0.000     0.000 r  clk (IN)
                         net (fo=0)                   0.000     0.000    u_boundary_ibuf/I
                         INBUF (Prop_INBUF_PAD_O)     0.517     0.517 r  u_boundary_ibuf/INBUF_INST/O
                         net (fo=1, unplaced)         0.000     0.517    u_boundary_ibuf/OUT
                         IBUFCTRL (Prop_IBUFCTRL_I_O)
                                                      0.000     0.517 r  u_boundary_ibuf/IBUFCTRL_INST/O
                         net (fo=1, unplaced)         0.161     0.678    clk_ibuf
                         BUFGCE (Prop_BUFGCE_I_O)     0.028     0.706 r  u_boundary_bufg/O
                         net (fo=26838, unplaced)     2.584     3.290    u_dut/clk
                         FDCE                                         r  u_dut/lfnst_grid_reg[51][6]/C
  -------------------------------------------------------------------    -------------------
                         FDCE (Prop_FDCE_C_Q)         0.077     3.367 r  u_dut/lfnst_grid_reg[51][6]/Q
                         net (fo=1, unplaced)         0.154     3.521    u_dut/lfnst_grid_reg[51][6]
                         LUT6 (Prop_LUT6_I0_O)        0.150     3.671 r  u_dut/u_unified_p4_kernel_i_713/O
                         net (fo=2, unplaced)         0.186     3.857    u_dut/u_unified_p4_kernel_i_713_n_0
                         LUT4 (Prop_LUT4_I2_O)        0.070     3.927 r  u_dut/u_unified_p4_kernel_i_553/O
                         net (fo=2, unplaced)         0.141     4.068    u_dut/u_unified_p4_kernel_i_553_n_0
                         LUT6 (Prop_LUT6_I1_O)        0.100     4.168 r  u_dut/u_unified_p4_kernel_i_329/O
                         net (fo=1, unplaced)         0.186     4.354    u_dut/u_unified_p4_kernel_i_329_n_0
                         LUT2 (Prop_LUT2_I1_O)        0.038     4.392 f  u_dut/u_unified_p4_kernel_i_154/O
                         net (fo=1, unplaced)         0.098     4.490    u_dut/u_unified_p4_kernel_i_154_n_0
                         LUT6 (Prop_LUT6_I1_O)        0.125     4.615 r  u_dut/u_unified_p4_kernel_i_28/O
                         net (fo=1, unplaced)         0.048     4.663    u_dut/u_unified_p4_kernel/in_data[38]
                         FDRE                                         r  u_dut/u_unified_p4_kernel/ingress_data_q_reg[38]/D
  -------------------------------------------------------------------    -------------------

                         (clock clk rise edge)        2.000     2.000 r  
                                                      0.000     2.000 r  clk (IN)
                         net (fo=0)                   0.000     2.000    u_boundary_ibuf/I
                         INBUF (Prop_INBUF_PAD_O)     0.267     2.267 r  u_boundary_ibuf/INBUF_INST/O
                         net (fo=1, unplaced)         0.000     2.267    u_boundary_ibuf/OUT
                         IBUFCTRL (Prop_IBUFCTRL_I_O)
                                                      0.000     2.267 r  u_boundary_ibuf/IBUFCTRL_INST/O
                         net (fo=1, unplaced)         0.133     2.400    clk_ibuf
                         BUFGCE (Prop_BUFGCE_I_O)     0.024     2.424 r  u_boundary_bufg/O
                         net (fo=26838, unplaced)     2.439     4.863    u_dut/u_unified_p4_kernel/clk
                         FDRE                                         r  u_dut/u_unified_p4_kernel/ingress_data_q_reg[38]/C
                         clock pessimism              0.282     5.145    
                         clock uncertainty           -0.035     5.110    
                         FDRE (Setup_FDRE_C_D)        0.025     5.135    u_dut/u_unified_p4_kernel/ingress_data_q_reg[38]
  -------------------------------------------------------------------
                         required time                          5.135    
                         arrival time                          -4.663    
  -------------------------------------------------------------------
                         slack                                  0.472    

Slack (MET) :             0.472ns  (required time - arrival time)
  Source:                 u_dut/lfnst_grid_reg[51][7]/C
                            (rising edge-triggered cell FDCE clocked by clk  {rise@0.000ns fall@1.000ns period=2.000ns})
  Destination:            u_dut/u_unified_p4_kernel/ingress_data_q_reg[39]/D
                            (rising edge-triggered cell FDRE clocked by clk  {rise@0.000ns fall@1.000ns period=2.000ns})
  Path Group:             clk
  Path Type:              Setup (Max at Slow Process Corner)
  Requirement:            2.000ns  (clk rise@2.000ns - clk rise@0.000ns)
  Data Path Delay:        1.373ns  (logic 0.560ns (40.787%)  route 0.813ns (59.213%))
  Logic Levels:           5  (LUT2=1 LUT4=1 LUT6=3)
  Clock Path Skew:        -0.145ns (DCD - SCD + CPR)
    Destination Clock Delay (DCD):    2.863ns = ( 4.863 - 2.000 ) 
    Source Clock Delay      (SCD):    3.290ns
    Clock Pessimism Removal (CPR):    0.282ns
  Clock Uncertainty:      0.035ns  ((TSJ^2 + TIJ^2)^1/2 + DJ) / 2 + PE + UU
    Total System Jitter     (TSJ):    0.071ns
    Total Input Jitter      (TIJ):    0.000ns
    Discrete Jitter          (DJ):    0.000ns
    Phase Error              (PE):    0.000ns
    User Uncertainty         (UU):    0.000ns

    Location             Delay type                Incr(ns)  Path(ns)    Netlist Resource(s)
  -------------------------------------------------------------------    -------------------
                         (clock clk rise edge)        0.000     0.000 r  
                                                      0.000     0.000 r  clk (IN)
                         net (fo=0)                   0.000     0.000    u_boundary_ibuf/I
                         INBUF (Prop_INBUF_PAD_O)     0.517     0.517 r  u_boundary_ibuf/INBUF_INST/O
                         net (fo=1, unplaced)         0.000     0.517    u_boundary_ibuf/OUT
                         IBUFCTRL (Prop_IBUFCTRL_I_O)
                                                      0.000     0.517 r  u_boundary_ibuf/IBUFCTRL_INST/O
                         net (fo=1, unplaced)         0.161     0.678    clk_ibuf
                         BUFGCE (Prop_BUFGCE_I_O)     0.028     0.706 r  u_boundary_bufg/O
                         net (fo=26838, unplaced)     2.584     3.290    u_dut/clk
                         FDCE                                         r  u_dut/lfnst_grid_reg[51][7]/C
  -------------------------------------------------------------------    -------------------
                         FDCE (Prop_FDCE_C_Q)         0.077     3.367 r  u_dut/lfnst_grid_reg[51][7]/Q
                         net (fo=1, unplaced)         0.154     3.521    u_dut/lfnst_grid_reg[51][7]
                         LUT6 (Prop_LUT6_I0_O)        0.150     3.671 r  u_dut/u_unified_p4_kernel_i_701/O
                         net (fo=2, unplaced)         0.186     3.857    u_dut/u_unified_p4_kernel_i_701_n_0
                         LUT4 (Prop_LUT4_I2_O)        0.070     3.927 r  u_dut/u_unified_p4_kernel_i_549/O
                         net (fo=2, unplaced)         0.141     4.068    u_dut/u_unified_p4_kernel_i_549_n_0
                         LUT6 (Prop_LUT6_I1_O)        0.100     4.168 r  u_dut/u_unified_p4_kernel_i_327/O
                         net (fo=1, unplaced)         0.186     4.354    u_dut/u_unified_p4_kernel_i_327_n_0
                         LUT2 (Prop_LUT2_I1_O)        0.038     4.392 f  u_dut/u_unified_p4_kernel_i_151/O
                         net (fo=1, unplaced)         0.098     4.490    u_dut/u_unified_p4_kernel_i_151_n_0
                         LUT6 (Prop_LUT6_I1_O)        0.125     4.615 r  u_dut/u_unified_p4_kernel_i_27/O
                         net (fo=1, unplaced)         0.048     4.663    u_dut/u_unified_p4_kernel/in_data[39]
                         FDRE                                         r  u_dut/u_unified_p4_kernel/ingress_data_q_reg[39]/D
  -------------------------------------------------------------------    -------------------

                         (clock clk rise edge)        2.000     2.000 r  
                                                      0.000     2.000 r  clk (IN)
                         net (fo=0)                   0.000     2.000    u_boundary_ibuf/I
                         INBUF (Prop_INBUF_PAD_O)     0.267     2.267 r  u_boundary_ibuf/INBUF_INST/O
                         net (fo=1, unplaced)         0.000     2.267    u_boundary_ibuf/OUT
                         IBUFCTRL (Prop_IBUFCTRL_I_O)
                                                      0.000     2.267 r  u_boundary_ibuf/IBUFCTRL_INST/O
                         net (fo=1, unplaced)         0.133     2.400    clk_ibuf
                         BUFGCE (Prop_BUFGCE_I_O)     0.024     2.424 r  u_boundary_bufg/O
                         net (fo=26838, unplaced)     2.439     4.863    u_dut/u_unified_p4_kernel/clk
                         FDRE                                         r  u_dut/u_unified_p4_kernel/ingress_data_q_reg[39]/C
                         clock pessimism              0.282     5.145    
                         clock uncertainty           -0.035     5.110    
                         FDRE (Setup_FDRE_C_D)        0.025     5.135    u_dut/u_unified_p4_kernel/ingress_data_q_reg[39]
  -------------------------------------------------------------------
                         required time                          5.135    
                         arrival time                          -4.663    
  -------------------------------------------------------------------
                         slack                                  0.472    

Slack (MET) :             0.472ns  (required time - arrival time)
  Source:                 u_dut/lfnst_grid_reg[51][3]/C
                            (rising edge-triggered cell FDCE clocked by clk  {rise@0.000ns fall@1.000ns period=2.000ns})
  Destination:            u_dut/u_unified_p4_kernel/ingress_data_q_reg[3]/D
                            (rising edge-triggered cell FDRE clocked by clk  {rise@0.000ns fall@1.000ns period=2.000ns})
  Path Group:             clk
  Path Type:              Setup (Max at Slow Process Corner)
  Requirement:            2.000ns  (clk rise@2.000ns - clk rise@0.000ns)
  Data Path Delay:        1.373ns  (logic 0.560ns (40.787%)  route 0.813ns (59.213%))
  Logic Levels:           5  (LUT2=1 LUT4=1 LUT6=3)
  Clock Path Skew:        -0.145ns (DCD - SCD + CPR)
    Destination Clock Delay (DCD):    2.863ns = ( 4.863 - 2.000 ) 
    Source Clock Delay      (SCD):    3.290ns
    Clock Pessimism Removal (CPR):    0.282ns
  Clock Uncertainty:      0.035ns  ((TSJ^2 + TIJ^2)^1/2 + DJ) / 2 + PE + UU
    Total System Jitter     (TSJ):    0.071ns
    Total Input Jitter      (TIJ):    0.000ns
    Discrete Jitter          (DJ):    0.000ns
    Phase Error              (PE):    0.000ns
    User Uncertainty         (UU):    0.000ns

    Location             Delay type                Incr(ns)  Path(ns)    Netlist Resource(s)
  -------------------------------------------------------------------    -------------------
                         (clock clk rise edge)        0.000     0.000 r  
                                                      0.000     0.000 r  clk (IN)
                         net (fo=0)                   0.000     0.000    u_boundary_ibuf/I
                         INBUF (Prop_INBUF_PAD_O)     0.517     0.517 r  u_boundary_ibuf/INBUF_INST/O
                         net (fo=1, unplaced)         0.000     0.517    u_boundary_ibuf/OUT
                         IBUFCTRL (Prop_IBUFCTRL_I_O)
                                                      0.000     0.517 r  u_boundary_ibuf/IBUFCTRL_INST/O
                         net (fo=1, unplaced)         0.161     0.678    clk_ibuf
                         BUFGCE (Prop_BUFGCE_I_O)     0.028     0.706 r  u_boundary_bufg/O
                         net (fo=26838, unplaced)     2.584     3.290    u_dut/clk
                         FDCE                                         r  u_dut/lfnst_grid_reg[51][3]/C
  -------------------------------------------------------------------    -------------------
                         FDCE (Prop_FDCE_C_Q)         0.077     3.367 r  u_dut/lfnst_grid_reg[51][3]/Q
                         net (fo=1, unplaced)         0.154     3.521    u_dut/lfnst_grid_reg[51][3]
                         LUT6 (Prop_LUT6_I0_O)        0.150     3.671 r  u_dut/u_unified_p4_kernel_i_749/O
                         net (fo=2, unplaced)         0.186     3.857    u_dut/u_unified_p4_kernel_i_749_n_0
                         LUT4 (Prop_LUT4_I2_O)        0.070     3.927 r  u_dut/u_unified_p4_kernel_i_565/O
                         net (fo=2, unplaced)         0.141     4.068    u_dut/u_unified_p4_kernel_i_565_n_0
                         LUT6 (Prop_LUT6_I0_O)        0.100     4.168 r  u_dut/u_unified_p4_kernel_i_406/O
                         net (fo=1, unplaced)         0.186     4.354    u_dut/u_unified_p4_kernel_i_406_n_0
                         LUT2 (Prop_LUT2_I1_O)        0.038     4.392 f  u_dut/u_unified_p4_kernel_i_265/O
                         net (fo=1, unplaced)         0.098     4.490    u_dut/u_unified_p4_kernel_i_265_n_0
                         LUT6 (Prop_LUT6_I1_O)        0.125     4.615 r  u_dut/u_unified_p4_kernel_i_63/O
                         net (fo=1, unplaced)         0.048     4.663    u_dut/u_unified_p4_kernel/in_data[3]
                         FDRE                                         r  u_dut/u_unified_p4_kernel/ingress_data_q_reg[3]/D
  -------------------------------------------------------------------    -------------------

                         (clock clk rise edge)        2.000     2.000 r  
                                                      0.000     2.000 r  clk (IN)
                         net (fo=0)                   0.000     2.000    u_boundary_ibuf/I
                         INBUF (Prop_INBUF_PAD_O)     0.267     2.267 r  u_boundary_ibuf/INBUF_INST/O
                         net (fo=1, unplaced)         0.000     2.267    u_boundary_ibuf/OUT
                         IBUFCTRL (Prop_IBUFCTRL_I_O)
                                                      0.000     2.267 r  u_boundary_ibuf/IBUFCTRL_INST/O
                         net (fo=1, unplaced)         0.133     2.400    clk_ibuf
                         BUFGCE (Prop_BUFGCE_I_O)     0.024     2.424 r  u_boundary_bufg/O
                         net (fo=26838, unplaced)     2.439     4.863    u_dut/u_unified_p4_kernel/clk
                         FDRE                                         r  u_dut/u_unified_p4_kernel/ingress_data_q_reg[3]/C
                         clock pessimism              0.282     5.145    
                         clock uncertainty           -0.035     5.110    
                         FDRE (Setup_FDRE_C_D)        0.025     5.135    u_dut/u_unified_p4_kernel/ingress_data_q_reg[3]
  -------------------------------------------------------------------
                         required time                          5.135    
                         arrival time                          -4.663    
  -------------------------------------------------------------------
                         slack                                  0.472    

Slack (MET) :             0.472ns  (required time - arrival time)
  Source:                 u_dut/lfnst_grid_reg[51][8]/C
                            (rising edge-triggered cell FDCE clocked by clk  {rise@0.000ns fall@1.000ns period=2.000ns})
  Destination:            u_dut/u_unified_p4_kernel/ingress_data_q_reg[40]/D
                            (rising edge-triggered cell FDRE clocked by clk  {rise@0.000ns fall@1.000ns period=2.000ns})
  Path Group:             clk
  Path Type:              Setup (Max at Slow Process Corner)
  Requirement:            2.000ns  (clk rise@2.000ns - clk rise@0.000ns)
  Data Path Delay:        1.373ns  (logic 0.560ns (40.787%)  route 0.813ns (59.213%))
  Logic Levels:           5  (LUT2=1 LUT4=1 LUT6=3)
  Clock Path Skew:        -0.145ns (DCD - SCD + CPR)
    Destination Clock Delay (DCD):    2.863ns = ( 4.863 - 2.000 ) 
    Source Clock Delay      (SCD):    3.290ns
    Clock Pessimism Removal (CPR):    0.282ns
  Clock Uncertainty:      0.035ns  ((TSJ^2 + TIJ^2)^1/2 + DJ) / 2 + PE + UU
    Total System Jitter     (TSJ):    0.071ns
    Total Input Jitter      (TIJ):    0.000ns
    Discrete Jitter          (DJ):    0.000ns
    Phase Error              (PE):    0.000ns
    User Uncertainty         (UU):    0.000ns

    Location             Delay type                Incr(ns)  Path(ns)    Netlist Resource(s)
  -------------------------------------------------------------------    -------------------
                         (clock clk rise edge)        0.000     0.000 r  
                                                      0.000     0.000 r  clk (IN)
                         net (fo=0)                   0.000     0.000    u_boundary_ibuf/I
                         INBUF (Prop_INBUF_PAD_O)     0.517     0.517 r  u_boundary_ibuf/INBUF_INST/O
                         net (fo=1, unplaced)         0.000     0.517    u_boundary_ibuf/OUT
                         IBUFCTRL (Prop_IBUFCTRL_I_O)
                                                      0.000     0.517 r  u_boundary_ibuf/IBUFCTRL_INST/O
                         net (fo=1, unplaced)         0.161     0.678    clk_ibuf
                         BUFGCE (Prop_BUFGCE_I_O)     0.028     0.706 r  u_boundary_bufg/O
                         net (fo=26838, unplaced)     2.584     3.290    u_dut/clk
                         FDCE                                         r  u_dut/lfnst_grid_reg[51][8]/C
  -------------------------------------------------------------------    -------------------
                         FDCE (Prop_FDCE_C_Q)         0.077     3.367 r  u_dut/lfnst_grid_reg[51][8]/Q
                         net (fo=1, unplaced)         0.154     3.521    u_dut/lfnst_grid_reg[51][8]
                         LUT6 (Prop_LUT6_I0_O)        0.150     3.671 r  u_dut/u_unified_p4_kernel_i_689/O
                         net (fo=2, unplaced)         0.186     3.857    u_dut/u_unified_p4_kernel_i_689_n_0
                         LUT4 (Prop_LUT4_I2_O)        0.070     3.927 r  u_dut/u_unified_p4_kernel_i_545/O
                         net (fo=2, unplaced)         0.141     4.068    u_dut/u_unified_p4_kernel_i_545_n_0
                         LUT6 (Prop_LUT6_I1_O)        0.100     4.168 r  u_dut/u_unified_p4_kernel_i_325/O
                         net (fo=1, unplaced)         0.186     4.354    u_dut/u_unified_p4_kernel_i_325_n_0
                         LUT2 (Prop_LUT2_I1_O)        0.038     4.392 f  u_dut/u_unified_p4_kernel_i_148/O
                         net (fo=1, unplaced)         0.098     4.490    u_dut/u_unified_p4_kernel_i_148_n_0
                         LUT6 (Prop_LUT6_I1_O)        0.125     4.615 r  u_dut/u_unified_p4_kernel_i_26/O
                         net (fo=1, unplaced)         0.048     4.663    u_dut/u_unified_p4_kernel/in_data[40]
                         FDRE                                         r  u_dut/u_unified_p4_kernel/ingress_data_q_reg[40]/D
  -------------------------------------------------------------------    -------------------

                         (clock clk rise edge)        2.000     2.000 r  
                                                      0.000     2.000 r  clk (IN)
                         net (fo=0)                   0.000     2.000    u_boundary_ibuf/I
                         INBUF (Prop_INBUF_PAD_O)     0.267     2.267 r  u_boundary_ibuf/INBUF_INST/O
                         net (fo=1, unplaced)         0.000     2.267    u_boundary_ibuf/OUT
                         IBUFCTRL (Prop_IBUFCTRL_I_O)
                                                      0.000     2.267 r  u_boundary_ibuf/IBUFCTRL_INST/O
                         net (fo=1, unplaced)         0.133     2.400    clk_ibuf
                         BUFGCE (Prop_BUFGCE_I_O)     0.024     2.424 r  u_boundary_bufg/O
                         net (fo=26838, unplaced)     2.439     4.863    u_dut/u_unified_p4_kernel/clk
                         FDRE                                         r  u_dut/u_unified_p4_kernel/ingress_data_q_reg[40]/C
                         clock pessimism              0.282     5.145    
                         clock uncertainty           -0.035     5.110    
                         FDRE (Setup_FDRE_C_D)        0.025     5.135    u_dut/u_unified_p4_kernel/ingress_data_q_reg[40]
  -------------------------------------------------------------------
                         required time                          5.135    
                         arrival time                          -4.663    
  -------------------------------------------------------------------
                         slack                                  0.472    

Slack (MET) :             0.472ns  (required time - arrival time)
  Source:                 u_dut/lfnst_grid_reg[51][9]/C
                            (rising edge-triggered cell FDCE clocked by clk  {rise@0.000ns fall@1.000ns period=2.000ns})
  Destination:            u_dut/u_unified_p4_kernel/ingress_data_q_reg[41]/D
                            (rising edge-triggered cell FDRE clocked by clk  {rise@0.000ns fall@1.000ns period=2.000ns})
  Path Group:             clk
  Path Type:              Setup (Max at Slow Process Corner)
  Requirement:            2.000ns  (clk rise@2.000ns - clk rise@0.000ns)
  Data Path Delay:        1.373ns  (logic 0.560ns (40.787%)  route 0.813ns (59.213%))
  Logic Levels:           5  (LUT2=1 LUT4=1 LUT6=3)
  Clock Path Skew:        -0.145ns (DCD - SCD + CPR)
    Destination Clock Delay (DCD):    2.863ns = ( 4.863 - 2.000 ) 
    Source Clock Delay      (SCD):    3.290ns
    Clock Pessimism Removal (CPR):    0.282ns
  Clock Uncertainty:      0.035ns  ((TSJ^2 + TIJ^2)^1/2 + DJ) / 2 + PE + UU
    Total System Jitter     (TSJ):    0.071ns
    Total Input Jitter      (TIJ):    0.000ns
    Discrete Jitter          (DJ):    0.000ns
    Phase Error              (PE):    0.000ns
    User Uncertainty         (UU):    0.000ns

    Location             Delay type                Incr(ns)  Path(ns)    Netlist Resource(s)
  -------------------------------------------------------------------    -------------------
                         (clock clk rise edge)        0.000     0.000 r  
                                                      0.000     0.000 r  clk (IN)
                         net (fo=0)                   0.000     0.000    u_boundary_ibuf/I
                         INBUF (Prop_INBUF_PAD_O)     0.517     0.517 r  u_boundary_ibuf/INBUF_INST/O
                         net (fo=1, unplaced)         0.000     0.517    u_boundary_ibuf/OUT
                         IBUFCTRL (Prop_IBUFCTRL_I_O)
                                                      0.000     0.517 r  u_boundary_ibuf/IBUFCTRL_INST/O
                         net (fo=1, unplaced)         0.161     0.678    clk_ibuf
                         BUFGCE (Prop_BUFGCE_I_O)     0.028     0.706 r  u_boundary_bufg/O
                         net (fo=26838, unplaced)     2.584     3.290    u_dut/clk
                         FDCE                                         r  u_dut/lfnst_grid_reg[51][9]/C
  -------------------------------------------------------------------    -------------------
                         FDCE (Prop_FDCE_C_Q)         0.077     3.367 r  u_dut/lfnst_grid_reg[51][9]/Q
                         net (fo=1, unplaced)         0.154     3.521    u_dut/lfnst_grid_reg[51][9]
                         LUT6 (Prop_LUT6_I0_O)        0.150     3.671 r  u_dut/u_unified_p4_kernel_i_677/O
                         net (fo=2, unplaced)         0.186     3.857    u_dut/u_unified_p4_kernel_i_677_n_0
                         LUT4 (Prop_LUT4_I2_O)        0.070     3.927 r  u_dut/u_unified_p4_kernel_i_541/O
                         net (fo=2, unplaced)         0.141     4.068    u_dut/u_unified_p4_kernel_i_541_n_0
                         LUT6 (Prop_LUT6_I1_O)        0.100     4.168 r  u_dut/u_unified_p4_kernel_i_323/O
                         net (fo=1, unplaced)         0.186     4.354    u_dut/u_unified_p4_kernel_i_323_n_0
                         LUT2 (Prop_LUT2_I1_O)        0.038     4.392 f  u_dut/u_unified_p4_kernel_i_145/O
                         net (fo=1, unplaced)         0.098     4.490    u_dut/u_unified_p4_kernel_i_145_n_0
                         LUT6 (Prop_LUT6_I1_O)        0.125     4.615 r  u_dut/u_unified_p4_kernel_i_25/O
                         net (fo=1, unplaced)         0.048     4.663    u_dut/u_unified_p4_kernel/in_data[41]
                         FDRE                                         r  u_dut/u_unified_p4_kernel/ingress_data_q_reg[41]/D
  -------------------------------------------------------------------    -------------------

                         (clock clk rise edge)        2.000     2.000 r  
                                                      0.000     2.000 r  clk (IN)
                         net (fo=0)                   0.000     2.000    u_boundary_ibuf/I
                         INBUF (Prop_INBUF_PAD_O)     0.267     2.267 r  u_boundary_ibuf/INBUF_INST/O
                         net (fo=1, unplaced)         0.000     2.267    u_boundary_ibuf/OUT
                         IBUFCTRL (Prop_IBUFCTRL_I_O)
                                                      0.000     2.267 r  u_boundary_ibuf/IBUFCTRL_INST/O
                         net (fo=1, unplaced)         0.133     2.400    clk_ibuf
                         BUFGCE (Prop_BUFGCE_I_O)     0.024     2.424 r  u_boundary_bufg/O
                         net (fo=26838, unplaced)     2.439     4.863    u_dut/u_unified_p4_kernel/clk
                         FDRE                                         r  u_dut/u_unified_p4_kernel/ingress_data_q_reg[41]/C
                         clock pessimism              0.282     5.145    
                         clock uncertainty           -0.035     5.110    
                         FDRE (Setup_FDRE_C_D)        0.025     5.135    u_dut/u_unified_p4_kernel/ingress_data_q_reg[41]
  -------------------------------------------------------------------
                         required time                          5.135    
                         arrival time                          -4.663    
  -------------------------------------------------------------------
                         slack                                  0.472    

Slack (MET) :             0.472ns  (required time - arrival time)
  Source:                 u_dut/lfnst_grid_reg[51][10]/C
                            (rising edge-triggered cell FDCE clocked by clk  {rise@0.000ns fall@1.000ns period=2.000ns})
  Destination:            u_dut/u_unified_p4_kernel/ingress_data_q_reg[42]/D
                            (rising edge-triggered cell FDRE clocked by clk  {rise@0.000ns fall@1.000ns period=2.000ns})
  Path Group:             clk
  Path Type:              Setup (Max at Slow Process Corner)
  Requirement:            2.000ns  (clk rise@2.000ns - clk rise@0.000ns)
  Data Path Delay:        1.373ns  (logic 0.560ns (40.787%)  route 0.813ns (59.213%))
  Logic Levels:           5  (LUT2=1 LUT4=1 LUT6=3)
  Clock Path Skew:        -0.145ns (DCD - SCD + CPR)
    Destination Clock Delay (DCD):    2.863ns = ( 4.863 - 2.000 ) 
    Source Clock Delay      (SCD):    3.290ns
    Clock Pessimism Removal (CPR):    0.282ns
  Clock Uncertainty:      0.035ns  ((TSJ^2 + TIJ^2)^1/2 + DJ) / 2 + PE + UU
    Total System Jitter     (TSJ):    0.071ns
    Total Input Jitter      (TIJ):    0.000ns
    Discrete Jitter          (DJ):    0.000ns
    Phase Error              (PE):    0.000ns
    User Uncertainty         (UU):    0.000ns

    Location             Delay type                Incr(ns)  Path(ns)    Netlist Resource(s)
  -------------------------------------------------------------------    -------------------
                         (clock clk rise edge)        0.000     0.000 r  
                                                      0.000     0.000 r  clk (IN)
                         net (fo=0)                   0.000     0.000    u_boundary_ibuf/I
                         INBUF (Prop_INBUF_PAD_O)     0.517     0.517 r  u_boundary_ibuf/INBUF_INST/O
                         net (fo=1, unplaced)         0.000     0.517    u_boundary_ibuf/OUT
                         IBUFCTRL (Prop_IBUFCTRL_I_O)
                                                      0.000     0.517 r  u_boundary_ibuf/IBUFCTRL_INST/O
                         net (fo=1, unplaced)         0.161     0.678    clk_ibuf
                         BUFGCE (Prop_BUFGCE_I_O)     0.028     0.706 r  u_boundary_bufg/O
                         net (fo=26838, unplaced)     2.584     3.290    u_dut/clk
                         FDCE                                         r  u_dut/lfnst_grid_reg[51][10]/C
  -------------------------------------------------------------------    -------------------
                         FDCE (Prop_FDCE_C_Q)         0.077     3.367 r  u_dut/lfnst_grid_reg[51][10]/Q
                         net (fo=1, unplaced)         0.154     3.521    u_dut/lfnst_grid_reg[51][10]
                         LUT6 (Prop_LUT6_I0_O)        0.150     3.671 r  u_dut/u_unified_p4_kernel_i_665/O
                         net (fo=2, unplaced)         0.186     3.857    u_dut/u_unified_p4_kernel_i_665_n_0
                         LUT4 (Prop_LUT4_I2_O)        0.070     3.927 r  u_dut/u_unified_p4_kernel_i_537/O
                         net (fo=2, unplaced)         0.141     4.068    u_dut/u_unified_p4_kernel_i_537_n_0
                         LUT6 (Prop_LUT6_I1_O)        0.100     4.168 r  u_dut/u_unified_p4_kernel_i_321/O
                         net (fo=1, unplaced)         0.186     4.354    u_dut/u_unified_p4_kernel_i_321_n_0
                         LUT2 (Prop_LUT2_I1_O)        0.038     4.392 f  u_dut/u_unified_p4_kernel_i_142/O
                         net (fo=1, unplaced)         0.098     4.490    u_dut/u_unified_p4_kernel_i_142_n_0
                         LUT6 (Prop_LUT6_I1_O)        0.125     4.615 r  u_dut/u_unified_p4_kernel_i_24/O
                         net (fo=1, unplaced)         0.048     4.663    u_dut/u_unified_p4_kernel/in_data[42]
                         FDRE                                         r  u_dut/u_unified_p4_kernel/ingress_data_q_reg[42]/D
  -------------------------------------------------------------------    -------------------

                         (clock clk rise edge)        2.000     2.000 r  
                                                      0.000     2.000 r  clk (IN)
                         net (fo=0)                   0.000     2.000    u_boundary_ibuf/I
                         INBUF (Prop_INBUF_PAD_O)     0.267     2.267 r  u_boundary_ibuf/INBUF_INST/O
                         net (fo=1, unplaced)         0.000     2.267    u_boundary_ibuf/OUT
                         IBUFCTRL (Prop_IBUFCTRL_I_O)
                                                      0.000     2.267 r  u_boundary_ibuf/IBUFCTRL_INST/O
                         net (fo=1, unplaced)         0.133     2.400    clk_ibuf
                         BUFGCE (Prop_BUFGCE_I_O)     0.024     2.424 r  u_boundary_bufg/O
                         net (fo=26838, unplaced)     2.439     4.863    u_dut/u_unified_p4_kernel/clk
                         FDRE                                         r  u_dut/u_unified_p4_kernel/ingress_data_q_reg[42]/C
                         clock pessimism              0.282     5.145    
                         clock uncertainty           -0.035     5.110    
                         FDRE (Setup_FDRE_C_D)        0.025     5.135    u_dut/u_unified_p4_kernel/ingress_data_q_reg[42]
  -------------------------------------------------------------------
                         required time                          5.135    
                         arrival time                          -4.663    
  -------------------------------------------------------------------
                         slack                                  0.472    

Slack (MET) :             0.472ns  (required time - arrival time)
  Source:                 u_dut/lfnst_grid_reg[51][11]/C
                            (rising edge-triggered cell FDCE clocked by clk  {rise@0.000ns fall@1.000ns period=2.000ns})
  Destination:            u_dut/u_unified_p4_kernel/ingress_data_q_reg[43]/D
                            (rising edge-triggered cell FDRE clocked by clk  {rise@0.000ns fall@1.000ns period=2.000ns})
  Path Group:             clk
  Path Type:              Setup (Max at Slow Process Corner)
  Requirement:            2.000ns  (clk rise@2.000ns - clk rise@0.000ns)
  Data Path Delay:        1.373ns  (logic 0.560ns (40.787%)  route 0.813ns (59.213%))
  Logic Levels:           5  (LUT2=1 LUT4=1 LUT6=3)
  Clock Path Skew:        -0.145ns (DCD - SCD + CPR)
    Destination Clock Delay (DCD):    2.863ns = ( 4.863 - 2.000 ) 
    Source Clock Delay      (SCD):    3.290ns
    Clock Pessimism Removal (CPR):    0.282ns
  Clock Uncertainty:      0.035ns  ((TSJ^2 + TIJ^2)^1/2 + DJ) / 2 + PE + UU
    Total System Jitter     (TSJ):    0.071ns
    Total Input Jitter      (TIJ):    0.000ns
    Discrete Jitter          (DJ):    0.000ns
    Phase Error              (PE):    0.000ns
    User Uncertainty         (UU):    0.000ns

    Location             Delay type                Incr(ns)  Path(ns)    Netlist Resource(s)
  -------------------------------------------------------------------    -------------------
                         (clock clk rise edge)        0.000     0.000 r  
                                                      0.000     0.000 r  clk (IN)
                         net (fo=0)                   0.000     0.000    u_boundary_ibuf/I
                         INBUF (Prop_INBUF_PAD_O)     0.517     0.517 r  u_boundary_ibuf/INBUF_INST/O
                         net (fo=1, unplaced)         0.000     0.517    u_boundary_ibuf/OUT
                         IBUFCTRL (Prop_IBUFCTRL_I_O)
                                                      0.000     0.517 r  u_boundary_ibuf/IBUFCTRL_INST/O
                         net (fo=1, unplaced)         0.161     0.678    clk_ibuf
                         BUFGCE (Prop_BUFGCE_I_O)     0.028     0.706 r  u_boundary_bufg/O
                         net (fo=26838, unplaced)     2.584     3.290    u_dut/clk
                         FDCE                                         r  u_dut/lfnst_grid_reg[51][11]/C
  -------------------------------------------------------------------    -------------------
                         FDCE (Prop_FDCE_C_Q)         0.077     3.367 r  u_dut/lfnst_grid_reg[51][11]/Q
                         net (fo=1, unplaced)         0.154     3.521    u_dut/lfnst_grid_reg[51][11]
                         LUT6 (Prop_LUT6_I0_O)        0.150     3.671 r  u_dut/u_unified_p4_kernel_i_653/O
                         net (fo=2, unplaced)         0.186     3.857    u_dut/u_unified_p4_kernel_i_653_n_0
                         LUT4 (Prop_LUT4_I2_O)        0.070     3.927 r  u_dut/u_unified_p4_kernel_i_533/O
                         net (fo=2, unplaced)         0.141     4.068    u_dut/u_unified_p4_kernel_i_533_n_0
                         LUT6 (Prop_LUT6_I1_O)        0.100     4.168 r  u_dut/u_unified_p4_kernel_i_319/O
                         net (fo=1, unplaced)         0.186     4.354    u_dut/u_unified_p4_kernel_i_319_n_0
                         LUT2 (Prop_LUT2_I1_O)        0.038     4.392 f  u_dut/u_unified_p4_kernel_i_139/O
                         net (fo=1, unplaced)         0.098     4.490    u_dut/u_unified_p4_kernel_i_139_n_0
                         LUT6 (Prop_LUT6_I1_O)        0.125     4.615 r  u_dut/u_unified_p4_kernel_i_23/O
                         net (fo=1, unplaced)         0.048     4.663    u_dut/u_unified_p4_kernel/in_data[43]
                         FDRE                                         r  u_dut/u_unified_p4_kernel/ingress_data_q_reg[43]/D
  -------------------------------------------------------------------    -------------------

                         (clock clk rise edge)        2.000     2.000 r  
                                                      0.000     2.000 r  clk (IN)
                         net (fo=0)                   0.000     2.000    u_boundary_ibuf/I
                         INBUF (Prop_INBUF_PAD_O)     0.267     2.267 r  u_boundary_ibuf/INBUF_INST/O
                         net (fo=1, unplaced)         0.000     2.267    u_boundary_ibuf/OUT
                         IBUFCTRL (Prop_IBUFCTRL_I_O)
                                                      0.000     2.267 r  u_boundary_ibuf/IBUFCTRL_INST/O
                         net (fo=1, unplaced)         0.133     2.400    clk_ibuf
                         BUFGCE (Prop_BUFGCE_I_O)     0.024     2.424 r  u_boundary_bufg/O
                         net (fo=26838, unplaced)     2.439     4.863    u_dut/u_unified_p4_kernel/clk
                         FDRE                                         r  u_dut/u_unified_p4_kernel/ingress_data_q_reg[43]/C
                         clock pessimism              0.282     5.145    
                         clock uncertainty           -0.035     5.110    
                         FDRE (Setup_FDRE_C_D)        0.025     5.135    u_dut/u_unified_p4_kernel/ingress_data_q_reg[43]
  -------------------------------------------------------------------
                         required time                          5.135    
                         arrival time                          -4.663    
  -------------------------------------------------------------------
                         slack                                  0.472    

Slack (MET) :             0.472ns  (required time - arrival time)
  Source:                 u_dut/lfnst_grid_reg[51][12]/C
                            (rising edge-triggered cell FDCE clocked by clk  {rise@0.000ns fall@1.000ns period=2.000ns})
  Destination:            u_dut/u_unified_p4_kernel/ingress_data_q_reg[44]/D
                            (rising edge-triggered cell FDRE clocked by clk  {rise@0.000ns fall@1.000ns period=2.000ns})
  Path Group:             clk
  Path Type:              Setup (Max at Slow Process Corner)
  Requirement:            2.000ns  (clk rise@2.000ns - clk rise@0.000ns)
  Data Path Delay:        1.373ns  (logic 0.560ns (40.787%)  route 0.813ns (59.213%))
  Logic Levels:           5  (LUT2=1 LUT4=1 LUT6=3)
  Clock Path Skew:        -0.145ns (DCD - SCD + CPR)
    Destination Clock Delay (DCD):    2.863ns = ( 4.863 - 2.000 ) 
    Source Clock Delay      (SCD):    3.290ns
    Clock Pessimism Removal (CPR):    0.282ns
  Clock Uncertainty:      0.035ns  ((TSJ^2 + TIJ^2)^1/2 + DJ) / 2 + PE + UU
    Total System Jitter     (TSJ):    0.071ns
    Total Input Jitter      (TIJ):    0.000ns
    Discrete Jitter          (DJ):    0.000ns
    Phase Error              (PE):    0.000ns
    User Uncertainty         (UU):    0.000ns

    Location             Delay type                Incr(ns)  Path(ns)    Netlist Resource(s)
  -------------------------------------------------------------------    -------------------
                         (clock clk rise edge)        0.000     0.000 r  
                                                      0.000     0.000 r  clk (IN)
                         net (fo=0)                   0.000     0.000    u_boundary_ibuf/I
                         INBUF (Prop_INBUF_PAD_O)     0.517     0.517 r  u_boundary_ibuf/INBUF_INST/O
                         net (fo=1, unplaced)         0.000     0.517    u_boundary_ibuf/OUT
                         IBUFCTRL (Prop_IBUFCTRL_I_O)
                                                      0.000     0.517 r  u_boundary_ibuf/IBUFCTRL_INST/O
                         net (fo=1, unplaced)         0.161     0.678    clk_ibuf
                         BUFGCE (Prop_BUFGCE_I_O)     0.028     0.706 r  u_boundary_bufg/O
                         net (fo=26838, unplaced)     2.584     3.290    u_dut/clk
                         FDCE                                         r  u_dut/lfnst_grid_reg[51][12]/C
  -------------------------------------------------------------------    -------------------
                         FDCE (Prop_FDCE_C_Q)         0.077     3.367 r  u_dut/lfnst_grid_reg[51][12]/Q
                         net (fo=1, unplaced)         0.154     3.521    u_dut/lfnst_grid_reg[51][12]
                         LUT6 (Prop_LUT6_I0_O)        0.150     3.671 r  u_dut/u_unified_p4_kernel_i_641/O
                         net (fo=2, unplaced)         0.186     3.857    u_dut/u_unified_p4_kernel_i_641_n_0
                         LUT4 (Prop_LUT4_I2_O)        0.070     3.927 r  u_dut/u_unified_p4_kernel_i_529/O
                         net (fo=2, unplaced)         0.141     4.068    u_dut/u_unified_p4_kernel_i_529_n_0
                         LUT6 (Prop_LUT6_I1_O)        0.100     4.168 r  u_dut/u_unified_p4_kernel_i_317/O
                         net (fo=1, unplaced)         0.186     4.354    u_dut/u_unified_p4_kernel_i_317_n_0
                         LUT2 (Prop_LUT2_I1_O)        0.038     4.392 f  u_dut/u_unified_p4_kernel_i_136/O
                         net (fo=1, unplaced)         0.098     4.490    u_dut/u_unified_p4_kernel_i_136_n_0
                         LUT6 (Prop_LUT6_I1_O)        0.125     4.615 r  u_dut/u_unified_p4_kernel_i_22/O
                         net (fo=1, unplaced)         0.048     4.663    u_dut/u_unified_p4_kernel/in_data[44]
                         FDRE                                         r  u_dut/u_unified_p4_kernel/ingress_data_q_reg[44]/D
  -------------------------------------------------------------------    -------------------

                         (clock clk rise edge)        2.000     2.000 r  
                                                      0.000     2.000 r  clk (IN)
                         net (fo=0)                   0.000     2.000    u_boundary_ibuf/I
                         INBUF (Prop_INBUF_PAD_O)     0.267     2.267 r  u_boundary_ibuf/INBUF_INST/O
                         net (fo=1, unplaced)         0.000     2.267    u_boundary_ibuf/OUT
                         IBUFCTRL (Prop_IBUFCTRL_I_O)
                                                      0.000     2.267 r  u_boundary_ibuf/IBUFCTRL_INST/O
                         net (fo=1, unplaced)         0.133     2.400    clk_ibuf
                         BUFGCE (Prop_BUFGCE_I_O)     0.024     2.424 r  u_boundary_bufg/O
                         net (fo=26838, unplaced)     2.439     4.863    u_dut/u_unified_p4_kernel/clk
                         FDRE                                         r  u_dut/u_unified_p4_kernel/ingress_data_q_reg[44]/C
                         clock pessimism              0.282     5.145    
                         clock uncertainty           -0.035     5.110    
                         FDRE (Setup_FDRE_C_D)        0.025     5.135    u_dut/u_unified_p4_kernel/ingress_data_q_reg[44]
  -------------------------------------------------------------------
                         required time                          5.135    
                         arrival time                          -4.663    
  -------------------------------------------------------------------
                         slack                                  0.472    

Slack (MET) :             0.472ns  (required time - arrival time)
  Source:                 u_dut/lfnst_grid_reg[51][13]/C
                            (rising edge-triggered cell FDCE clocked by clk  {rise@0.000ns fall@1.000ns period=2.000ns})
  Destination:            u_dut/u_unified_p4_kernel/ingress_data_q_reg[45]/D
                            (rising edge-triggered cell FDRE clocked by clk  {rise@0.000ns fall@1.000ns period=2.000ns})
  Path Group:             clk
  Path Type:              Setup (Max at Slow Process Corner)
  Requirement:            2.000ns  (clk rise@2.000ns - clk rise@0.000ns)
  Data Path Delay:        1.373ns  (logic 0.560ns (40.787%)  route 0.813ns (59.213%))
  Logic Levels:           5  (LUT2=1 LUT4=1 LUT6=3)
  Clock Path Skew:        -0.145ns (DCD - SCD + CPR)
    Destination Clock Delay (DCD):    2.863ns = ( 4.863 - 2.000 ) 
    Source Clock Delay      (SCD):    3.290ns
    Clock Pessimism Removal (CPR):    0.282ns
  Clock Uncertainty:      0.035ns  ((TSJ^2 + TIJ^2)^1/2 + DJ) / 2 + PE + UU
    Total System Jitter     (TSJ):    0.071ns
    Total Input Jitter      (TIJ):    0.000ns
    Discrete Jitter          (DJ):    0.000ns
    Phase Error              (PE):    0.000ns
    User Uncertainty         (UU):    0.000ns

    Location             Delay type                Incr(ns)  Path(ns)    Netlist Resource(s)
  -------------------------------------------------------------------    -------------------
                         (clock clk rise edge)        0.000     0.000 r  
                                                      0.000     0.000 r  clk (IN)
                         net (fo=0)                   0.000     0.000    u_boundary_ibuf/I
                         INBUF (Prop_INBUF_PAD_O)     0.517     0.517 r  u_boundary_ibuf/INBUF_INST/O
                         net (fo=1, unplaced)         0.000     0.517    u_boundary_ibuf/OUT
                         IBUFCTRL (Prop_IBUFCTRL_I_O)
                                                      0.000     0.517 r  u_boundary_ibuf/IBUFCTRL_INST/O
                         net (fo=1, unplaced)         0.161     0.678    clk_ibuf
                         BUFGCE (Prop_BUFGCE_I_O)     0.028     0.706 r  u_boundary_bufg/O
                         net (fo=26838, unplaced)     2.584     3.290    u_dut/clk
                         FDCE                                         r  u_dut/lfnst_grid_reg[51][13]/C
  -------------------------------------------------------------------    -------------------
                         FDCE (Prop_FDCE_C_Q)         0.077     3.367 r  u_dut/lfnst_grid_reg[51][13]/Q
                         net (fo=1, unplaced)         0.154     3.521    u_dut/lfnst_grid_reg[51][13]
                         LUT6 (Prop_LUT6_I0_O)        0.150     3.671 r  u_dut/u_unified_p4_kernel_i_629/O
                         net (fo=2, unplaced)         0.186     3.857    u_dut/u_unified_p4_kernel_i_629_n_0
                         LUT4 (Prop_LUT4_I2_O)        0.070     3.927 r  u_dut/u_unified_p4_kernel_i_525/O
                         net (fo=2, unplaced)         0.141     4.068    u_dut/u_unified_p4_kernel_i_525_n_0
                         LUT6 (Prop_LUT6_I1_O)        0.100     4.168 r  u_dut/u_unified_p4_kernel_i_315/O
                         net (fo=1, unplaced)         0.186     4.354    u_dut/u_unified_p4_kernel_i_315_n_0
                         LUT2 (Prop_LUT2_I1_O)        0.038     4.392 f  u_dut/u_unified_p4_kernel_i_133/O
                         net (fo=1, unplaced)         0.098     4.490    u_dut/u_unified_p4_kernel_i_133_n_0
                         LUT6 (Prop_LUT6_I1_O)        0.125     4.615 r  u_dut/u_unified_p4_kernel_i_21/O
                         net (fo=1, unplaced)         0.048     4.663    u_dut/u_unified_p4_kernel/in_data[45]
                         FDRE                                         r  u_dut/u_unified_p4_kernel/ingress_data_q_reg[45]/D
  -------------------------------------------------------------------    -------------------

                         (clock clk rise edge)        2.000     2.000 r  
                                                      0.000     2.000 r  clk (IN)
                         net (fo=0)                   0.000     2.000    u_boundary_ibuf/I
                         INBUF (Prop_INBUF_PAD_O)     0.267     2.267 r  u_boundary_ibuf/INBUF_INST/O
                         net (fo=1, unplaced)         0.000     2.267    u_boundary_ibuf/OUT
                         IBUFCTRL (Prop_IBUFCTRL_I_O)
                                                      0.000     2.267 r  u_boundary_ibuf/IBUFCTRL_INST/O
                         net (fo=1, unplaced)         0.133     2.400    clk_ibuf
                         BUFGCE (Prop_BUFGCE_I_O)     0.024     2.424 r  u_boundary_bufg/O
                         net (fo=26838, unplaced)     2.439     4.863    u_dut/u_unified_p4_kernel/clk
                         FDRE                                         r  u_dut/u_unified_p4_kernel/ingress_data_q_reg[45]/C
                         clock pessimism              0.282     5.145    
                         clock uncertainty           -0.035     5.110    
                         FDRE (Setup_FDRE_C_D)        0.025     5.135    u_dut/u_unified_p4_kernel/ingress_data_q_reg[45]
  -------------------------------------------------------------------
                         required time                          5.135    
                         arrival time                          -4.663    
  -------------------------------------------------------------------
                         slack                                  0.472    

Slack (MET) :             0.472ns  (required time - arrival time)
  Source:                 u_dut/lfnst_grid_reg[51][14]/C
                            (rising edge-triggered cell FDCE clocked by clk  {rise@0.000ns fall@1.000ns period=2.000ns})
  Destination:            u_dut/u_unified_p4_kernel/ingress_data_q_reg[46]/D
                            (rising edge-triggered cell FDRE clocked by clk  {rise@0.000ns fall@1.000ns period=2.000ns})
  Path Group:             clk
  Path Type:              Setup (Max at Slow Process Corner)
  Requirement:            2.000ns  (clk rise@2.000ns - clk rise@0.000ns)
  Data Path Delay:        1.373ns  (logic 0.560ns (40.787%)  route 0.813ns (59.213%))
  Logic Levels:           5  (LUT2=1 LUT4=1 LUT6=3)
  Clock Path Skew:        -0.145ns (DCD - SCD + CPR)
    Destination Clock Delay (DCD):    2.863ns = ( 4.863 - 2.000 ) 
    Source Clock Delay      (SCD):    3.290ns
    Clock Pessimism Removal (CPR):    0.282ns
  Clock Uncertainty:      0.035ns  ((TSJ^2 + TIJ^2)^1/2 + DJ) / 2 + PE + UU
    Total System Jitter     (TSJ):    0.071ns
    Total Input Jitter      (TIJ):    0.000ns
    Discrete Jitter          (DJ):    0.000ns
    Phase Error              (PE):    0.000ns
    User Uncertainty         (UU):    0.000ns

    Location             Delay type                Incr(ns)  Path(ns)    Netlist Resource(s)
  -------------------------------------------------------------------    -------------------
                         (clock clk rise edge)        0.000     0.000 r  
                                                      0.000     0.000 r  clk (IN)
                         net (fo=0)                   0.000     0.000    u_boundary_ibuf/I
                         INBUF (Prop_INBUF_PAD_O)     0.517     0.517 r  u_boundary_ibuf/INBUF_INST/O
                         net (fo=1, unplaced)         0.000     0.517    u_boundary_ibuf/OUT
                         IBUFCTRL (Prop_IBUFCTRL_I_O)
                                                      0.000     0.517 r  u_boundary_ibuf/IBUFCTRL_INST/O
                         net (fo=1, unplaced)         0.161     0.678    clk_ibuf
                         BUFGCE (Prop_BUFGCE_I_O)     0.028     0.706 r  u_boundary_bufg/O
                         net (fo=26838, unplaced)     2.584     3.290    u_dut/clk
                         FDCE                                         r  u_dut/lfnst_grid_reg[51][14]/C
  -------------------------------------------------------------------    -------------------
                         FDCE (Prop_FDCE_C_Q)         0.077     3.367 r  u_dut/lfnst_grid_reg[51][14]/Q
                         net (fo=1, unplaced)         0.154     3.521    u_dut/lfnst_grid_reg[51][14]
                         LUT6 (Prop_LUT6_I0_O)        0.150     3.671 r  u_dut/u_unified_p4_kernel_i_617/O
                         net (fo=2, unplaced)         0.186     3.857    u_dut/u_unified_p4_kernel_i_617_n_0
                         LUT4 (Prop_LUT4_I2_O)        0.070     3.927 r  u_dut/u_unified_p4_kernel_i_521/O
                         net (fo=2, unplaced)         0.141     4.068    u_dut/u_unified_p4_kernel_i_521_n_0
                         LUT6 (Prop_LUT6_I1_O)        0.100     4.168 r  u_dut/u_unified_p4_kernel_i_313/O
                         net (fo=1, unplaced)         0.186     4.354    u_dut/u_unified_p4_kernel_i_313_n_0
                         LUT2 (Prop_LUT2_I1_O)        0.038     4.392 f  u_dut/u_unified_p4_kernel_i_130/O
                         net (fo=1, unplaced)         0.098     4.490    u_dut/u_unified_p4_kernel_i_130_n_0
                         LUT6 (Prop_LUT6_I1_O)        0.125     4.615 r  u_dut/u_unified_p4_kernel_i_20/O
                         net (fo=1, unplaced)         0.048     4.663    u_dut/u_unified_p4_kernel/in_data[46]
                         FDRE                                         r  u_dut/u_unified_p4_kernel/ingress_data_q_reg[46]/D
  -------------------------------------------------------------------    -------------------

                         (clock clk rise edge)        2.000     2.000 r  
                                                      0.000     2.000 r  clk (IN)
                         net (fo=0)                   0.000     2.000    u_boundary_ibuf/I
                         INBUF (Prop_INBUF_PAD_O)     0.267     2.267 r  u_boundary_ibuf/INBUF_INST/O
                         net (fo=1, unplaced)         0.000     2.267    u_boundary_ibuf/OUT
                         IBUFCTRL (Prop_IBUFCTRL_I_O)
                                                      0.000     2.267 r  u_boundary_ibuf/IBUFCTRL_INST/O
                         net (fo=1, unplaced)         0.133     2.400    clk_ibuf
                         BUFGCE (Prop_BUFGCE_I_O)     0.024     2.424 r  u_boundary_bufg/O
                         net (fo=26838, unplaced)     2.439     4.863    u_dut/u_unified_p4_kernel/clk
                         FDRE                                         r  u_dut/u_unified_p4_kernel/ingress_data_q_reg[46]/C
                         clock pessimism              0.282     5.145    
                         clock uncertainty           -0.035     5.110    
                         FDRE (Setup_FDRE_C_D)        0.025     5.135    u_dut/u_unified_p4_kernel/ingress_data_q_reg[46]
  -------------------------------------------------------------------
                         required time                          5.135    
                         arrival time                          -4.663    
  -------------------------------------------------------------------
                         slack                                  0.472    

Slack (MET) :             0.472ns  (required time - arrival time)
  Source:                 u_dut/lfnst_grid_reg[51][15]/C
                            (rising edge-triggered cell FDCE clocked by clk  {rise@0.000ns fall@1.000ns period=2.000ns})
  Destination:            u_dut/u_unified_p4_kernel/ingress_data_q_reg[47]/D
                            (rising edge-triggered cell FDRE clocked by clk  {rise@0.000ns fall@1.000ns period=2.000ns})
  Path Group:             clk
  Path Type:              Setup (Max at Slow Process Corner)
  Requirement:            2.000ns  (clk rise@2.000ns - clk rise@0.000ns)
  Data Path Delay:        1.373ns  (logic 0.560ns (40.787%)  route 0.813ns (59.213%))
  Logic Levels:           5  (LUT2=1 LUT4=1 LUT6=3)
  Clock Path Skew:        -0.145ns (DCD - SCD + CPR)
    Destination Clock Delay (DCD):    2.863ns = ( 4.863 - 2.000 ) 
    Source Clock Delay      (SCD):    3.290ns
    Clock Pessimism Removal (CPR):    0.282ns
  Clock Uncertainty:      0.035ns  ((TSJ^2 + TIJ^2)^1/2 + DJ) / 2 + PE + UU
    Total System Jitter     (TSJ):    0.071ns
    Total Input Jitter      (TIJ):    0.000ns
    Discrete Jitter          (DJ):    0.000ns
    Phase Error              (PE):    0.000ns
    User Uncertainty         (UU):    0.000ns

    Location             Delay type                Incr(ns)  Path(ns)    Netlist Resource(s)
  -------------------------------------------------------------------    -------------------
                         (clock clk rise edge)        0.000     0.000 r  
                                                      0.000     0.000 r  clk (IN)
                         net (fo=0)                   0.000     0.000    u_boundary_ibuf/I
                         INBUF (Prop_INBUF_PAD_O)     0.517     0.517 r  u_boundary_ibuf/INBUF_INST/O
                         net (fo=1, unplaced)         0.000     0.517    u_boundary_ibuf/OUT
                         IBUFCTRL (Prop_IBUFCTRL_I_O)
                                                      0.000     0.517 r  u_boundary_ibuf/IBUFCTRL_INST/O
                         net (fo=1, unplaced)         0.161     0.678    clk_ibuf
                         BUFGCE (Prop_BUFGCE_I_O)     0.028     0.706 r  u_boundary_bufg/O
                         net (fo=26838, unplaced)     2.584     3.290    u_dut/clk
                         FDCE                                         r  u_dut/lfnst_grid_reg[51][15]/C
  -------------------------------------------------------------------    -------------------
                         FDCE (Prop_FDCE_C_Q)         0.077     3.367 r  u_dut/lfnst_grid_reg[51][15]/Q
                         net (fo=1, unplaced)         0.154     3.521    u_dut/lfnst_grid_reg[51][15]
                         LUT6 (Prop_LUT6_I0_O)        0.150     3.671 r  u_dut/u_unified_p4_kernel_i_594/O
                         net (fo=2, unplaced)         0.186     3.857    u_dut/u_unified_p4_kernel_i_594_n_0
                         LUT4 (Prop_LUT4_I2_O)        0.070     3.927 r  u_dut/u_unified_p4_kernel_i_499/O
                         net (fo=2, unplaced)         0.141     4.068    u_dut/u_unified_p4_kernel_i_499_n_0
                         LUT6 (Prop_LUT6_I1_O)        0.100     4.168 r  u_dut/u_unified_p4_kernel_i_303/O
                         net (fo=1, unplaced)         0.186     4.354    u_dut/u_unified_p4_kernel_i_303_n_0
                         LUT2 (Prop_LUT2_I1_O)        0.038     4.392 f  u_dut/u_unified_p4_kernel_i_124/O
                         net (fo=1, unplaced)         0.098     4.490    u_dut/u_unified_p4_kernel_i_124_n_0
                         LUT6 (Prop_LUT6_I1_O)        0.125     4.615 r  u_dut/u_unified_p4_kernel_i_19/O
                         net (fo=1, unplaced)         0.048     4.663    u_dut/u_unified_p4_kernel/in_data[47]
                         FDRE                                         r  u_dut/u_unified_p4_kernel/ingress_data_q_reg[47]/D
  -------------------------------------------------------------------    -------------------

                         (clock clk rise edge)        2.000     2.000 r  
                                                      0.000     2.000 r  clk (IN)
                         net (fo=0)                   0.000     2.000    u_boundary_ibuf/I
                         INBUF (Prop_INBUF_PAD_O)     0.267     2.267 r  u_boundary_ibuf/INBUF_INST/O
                         net (fo=1, unplaced)         0.000     2.267    u_boundary_ibuf/OUT
                         IBUFCTRL (Prop_IBUFCTRL_I_O)
                                                      0.000     2.267 r  u_boundary_ibuf/IBUFCTRL_INST/O
                         net (fo=1, unplaced)         0.133     2.400    clk_ibuf
                         BUFGCE (Prop_BUFGCE_I_O)     0.024     2.424 r  u_boundary_bufg/O
                         net (fo=26838, unplaced)     2.439     4.863    u_dut/u_unified_p4_kernel/clk
                         FDRE                                         r  u_dut/u_unified_p4_kernel/ingress_data_q_reg[47]/C
                         clock pessimism              0.282     5.145    
                         clock uncertainty           -0.035     5.110    
                         FDRE (Setup_FDRE_C_D)        0.025     5.135    u_dut/u_unified_p4_kernel/ingress_data_q_reg[47]
  -------------------------------------------------------------------
                         required time                          5.135    
                         arrival time                          -4.663    
  -------------------------------------------------------------------
                         slack                                  0.472    

Slack (MET) :             0.472ns  (required time - arrival time)
  Source:                 u_dut/lfnst_grid_reg[51][4]/C
                            (rising edge-triggered cell FDCE clocked by clk  {rise@0.000ns fall@1.000ns period=2.000ns})
  Destination:            u_dut/u_unified_p4_kernel/ingress_data_q_reg[4]/D
                            (rising edge-triggered cell FDRE clocked by clk  {rise@0.000ns fall@1.000ns period=2.000ns})
  Path Group:             clk
  Path Type:              Setup (Max at Slow Process Corner)
  Requirement:            2.000ns  (clk rise@2.000ns - clk rise@0.000ns)
  Data Path Delay:        1.373ns  (logic 0.560ns (40.787%)  route 0.813ns (59.213%))
  Logic Levels:           5  (LUT2=1 LUT4=1 LUT6=3)
  Clock Path Skew:        -0.145ns (DCD - SCD + CPR)
    Destination Clock Delay (DCD):    2.863ns = ( 4.863 - 2.000 ) 
    Source Clock Delay      (SCD):    3.290ns
    Clock Pessimism Removal (CPR):    0.282ns
  Clock Uncertainty:      0.035ns  ((TSJ^2 + TIJ^2)^1/2 + DJ) / 2 + PE + UU
    Total System Jitter     (TSJ):    0.071ns
    Total Input Jitter      (TIJ):    0.000ns
    Discrete Jitter          (DJ):    0.000ns
    Phase Error              (PE):    0.000ns
    User Uncertainty         (UU):    0.000ns

    Location             Delay type                Incr(ns)  Path(ns)    Netlist Resource(s)
  -------------------------------------------------------------------    -------------------
                         (clock clk rise edge)        0.000     0.000 r  
                                                      0.000     0.000 r  clk (IN)
                         net (fo=0)                   0.000     0.000    u_boundary_ibuf/I
                         INBUF (Prop_INBUF_PAD_O)     0.517     0.517 r  u_boundary_ibuf/INBUF_INST/O
                         net (fo=1, unplaced)         0.000     0.517    u_boundary_ibuf/OUT
                         IBUFCTRL (Prop_IBUFCTRL_I_O)
                                                      0.000     0.517 r  u_boundary_ibuf/IBUFCTRL_INST/O
                         net (fo=1, unplaced)         0.161     0.678    clk_ibuf
                         BUFGCE (Prop_BUFGCE_I_O)     0.028     0.706 r  u_boundary_bufg/O
                         net (fo=26838, unplaced)     2.584     3.290    u_dut/clk
                         FDCE                                         r  u_dut/lfnst_grid_reg[51][4]/C
  -------------------------------------------------------------------    -------------------
                         FDCE (Prop_FDCE_C_Q)         0.077     3.367 r  u_dut/lfnst_grid_reg[51][4]/Q
                         net (fo=1, unplaced)         0.154     3.521    u_dut/lfnst_grid_reg[51][4]
                         LUT6 (Prop_LUT6_I0_O)        0.150     3.671 r  u_dut/u_unified_p4_kernel_i_737/O
                         net (fo=2, unplaced)         0.186     3.857    u_dut/u_unified_p4_kernel_i_737_n_0
                         LUT4 (Prop_LUT4_I2_O)        0.070     3.927 r  u_dut/u_unified_p4_kernel_i_561/O
                         net (fo=2, unplaced)         0.141     4.068    u_dut/u_unified_p4_kernel_i_561_n_0
                         LUT6 (Prop_LUT6_I0_O)        0.100     4.168 r  u_dut/u_unified_p4_kernel_i_404/O
                         net (fo=1, unplaced)         0.186     4.354    u_dut/u_unified_p4_kernel_i_404_n_0
                         LUT2 (Prop_LUT2_I1_O)        0.038     4.392 f  u_dut/u_unified_p4_kernel_i_262/O
                         net (fo=1, unplaced)         0.098     4.490    u_dut/u_unified_p4_kernel_i_262_n_0
                         LUT6 (Prop_LUT6_I1_O)        0.125     4.615 r  u_dut/u_unified_p4_kernel_i_62/O
                         net (fo=1, unplaced)         0.048     4.663    u_dut/u_unified_p4_kernel/in_data[4]
                         FDRE                                         r  u_dut/u_unified_p4_kernel/ingress_data_q_reg[4]/D
  -------------------------------------------------------------------    -------------------

                         (clock clk rise edge)        2.000     2.000 r  
                                                      0.000     2.000 r  clk (IN)
                         net (fo=0)                   0.000     2.000    u_boundary_ibuf/I
                         INBUF (Prop_INBUF_PAD_O)     0.267     2.267 r  u_boundary_ibuf/INBUF_INST/O
                         net (fo=1, unplaced)         0.000     2.267    u_boundary_ibuf/OUT
                         IBUFCTRL (Prop_IBUFCTRL_I_O)
                                                      0.000     2.267 r  u_boundary_ibuf/IBUFCTRL_INST/O
                         net (fo=1, unplaced)         0.133     2.400    clk_ibuf
                         BUFGCE (Prop_BUFGCE_I_O)     0.024     2.424 r  u_boundary_bufg/O
                         net (fo=26838, unplaced)     2.439     4.863    u_dut/u_unified_p4_kernel/clk
                         FDRE                                         r  u_dut/u_unified_p4_kernel/ingress_data_q_reg[4]/C
                         clock pessimism              0.282     5.145    
                         clock uncertainty           -0.035     5.110    
                         FDRE (Setup_FDRE_C_D)        0.025     5.135    u_dut/u_unified_p4_kernel/ingress_data_q_reg[4]
  -------------------------------------------------------------------
                         required time                          5.135    
                         arrival time                          -4.663    
  -------------------------------------------------------------------
                         slack                                  0.472    

Slack (MET) :             0.472ns  (required time - arrival time)
  Source:                 u_dut/lfnst_grid_reg[51][5]/C
                            (rising edge-triggered cell FDCE clocked by clk  {rise@0.000ns fall@1.000ns period=2.000ns})
  Destination:            u_dut/u_unified_p4_kernel/ingress_data_q_reg[5]/D
                            (rising edge-triggered cell FDRE clocked by clk  {rise@0.000ns fall@1.000ns period=2.000ns})
  Path Group:             clk
  Path Type:              Setup (Max at Slow Process Corner)
  Requirement:            2.000ns  (clk rise@2.000ns - clk rise@0.000ns)
  Data Path Delay:        1.373ns  (logic 0.560ns (40.787%)  route 0.813ns (59.213%))
  Logic Levels:           5  (LUT2=1 LUT4=1 LUT6=3)
  Clock Path Skew:        -0.145ns (DCD - SCD + CPR)
    Destination Clock Delay (DCD):    2.863ns = ( 4.863 - 2.000 ) 
    Source Clock Delay      (SCD):    3.290ns
    Clock Pessimism Removal (CPR):    0.282ns
  Clock Uncertainty:      0.035ns  ((TSJ^2 + TIJ^2)^1/2 + DJ) / 2 + PE + UU
    Total System Jitter     (TSJ):    0.071ns
    Total Input Jitter      (TIJ):    0.000ns
    Discrete Jitter          (DJ):    0.000ns
    Phase Error              (PE):    0.000ns
    User Uncertainty         (UU):    0.000ns

    Location             Delay type                Incr(ns)  Path(ns)    Netlist Resource(s)
  -------------------------------------------------------------------    -------------------
                         (clock clk rise edge)        0.000     0.000 r  
                                                      0.000     0.000 r  clk (IN)
                         net (fo=0)                   0.000     0.000    u_boundary_ibuf/I
                         INBUF (Prop_INBUF_PAD_O)     0.517     0.517 r  u_boundary_ibuf/INBUF_INST/O
                         net (fo=1, unplaced)         0.000     0.517    u_boundary_ibuf/OUT
                         IBUFCTRL (Prop_IBUFCTRL_I_O)
                                                      0.000     0.517 r  u_boundary_ibuf/IBUFCTRL_INST/O
                         net (fo=1, unplaced)         0.161     0.678    clk_ibuf
                         BUFGCE (Prop_BUFGCE_I_O)     0.028     0.706 r  u_boundary_bufg/O
                         net (fo=26838, unplaced)     2.584     3.290    u_dut/clk
                         FDCE                                         r  u_dut/lfnst_grid_reg[51][5]/C
  -------------------------------------------------------------------    -------------------
                         FDCE (Prop_FDCE_C_Q)         0.077     3.367 r  u_dut/lfnst_grid_reg[51][5]/Q
                         net (fo=1, unplaced)         0.154     3.521    u_dut/lfnst_grid_reg[51][5]
                         LUT6 (Prop_LUT6_I0_O)        0.150     3.671 r  u_dut/u_unified_p4_kernel_i_725/O
                         net (fo=2, unplaced)         0.186     3.857    u_dut/u_unified_p4_kernel_i_725_n_0
                         LUT4 (Prop_LUT4_I2_O)        0.070     3.927 r  u_dut/u_unified_p4_kernel_i_557/O
                         net (fo=2, unplaced)         0.141     4.068    u_dut/u_unified_p4_kernel_i_557_n_0
                         LUT6 (Prop_LUT6_I0_O)        0.100     4.168 r  u_dut/u_unified_p4_kernel_i_402/O
                         net (fo=1, unplaced)         0.186     4.354    u_dut/u_unified_p4_kernel_i_402_n_0
                         LUT2 (Prop_LUT2_I1_O)        0.038     4.392 f  u_dut/u_unified_p4_kernel_i_259/O
                         net (fo=1, unplaced)         0.098     4.490    u_dut/u_unified_p4_kernel_i_259_n_0
                         LUT6 (Prop_LUT6_I1_O)        0.125     4.615 r  u_dut/u_unified_p4_kernel_i_61/O
                         net (fo=1, unplaced)         0.048     4.663    u_dut/u_unified_p4_kernel/in_data[5]
                         FDRE                                         r  u_dut/u_unified_p4_kernel/ingress_data_q_reg[5]/D
  -------------------------------------------------------------------    -------------------

                         (clock clk rise edge)        2.000     2.000 r  
                                                      0.000     2.000 r  clk (IN)
                         net (fo=0)                   0.000     2.000    u_boundary_ibuf/I
                         INBUF (Prop_INBUF_PAD_O)     0.267     2.267 r  u_boundary_ibuf/INBUF_INST/O
                         net (fo=1, unplaced)         0.000     2.267    u_boundary_ibuf/OUT
                         IBUFCTRL (Prop_IBUFCTRL_I_O)
                                                      0.000     2.267 r  u_boundary_ibuf/IBUFCTRL_INST/O
                         net (fo=1, unplaced)         0.133     2.400    clk_ibuf
                         BUFGCE (Prop_BUFGCE_I_O)     0.024     2.424 r  u_boundary_bufg/O
                         net (fo=26838, unplaced)     2.439     4.863    u_dut/u_unified_p4_kernel/clk
                         FDRE                                         r  u_dut/u_unified_p4_kernel/ingress_data_q_reg[5]/C
                         clock pessimism              0.282     5.145    
                         clock uncertainty           -0.035     5.110    
                         FDRE (Setup_FDRE_C_D)        0.025     5.135    u_dut/u_unified_p4_kernel/ingress_data_q_reg[5]
  -------------------------------------------------------------------
                         required time                          5.135    
                         arrival time                          -4.663    
  -------------------------------------------------------------------
                         slack                                  0.472    

Slack (MET) :             0.472ns  (required time - arrival time)
  Source:                 u_dut/lfnst_grid_reg[51][6]/C
                            (rising edge-triggered cell FDCE clocked by clk  {rise@0.000ns fall@1.000ns period=2.000ns})
  Destination:            u_dut/u_unified_p4_kernel/ingress_data_q_reg[6]/D
                            (rising edge-triggered cell FDRE clocked by clk  {rise@0.000ns fall@1.000ns period=2.000ns})
  Path Group:             clk
  Path Type:              Setup (Max at Slow Process Corner)
  Requirement:            2.000ns  (clk rise@2.000ns - clk rise@0.000ns)
  Data Path Delay:        1.373ns  (logic 0.560ns (40.787%)  route 0.813ns (59.213%))
  Logic Levels:           5  (LUT2=1 LUT4=1 LUT6=3)
  Clock Path Skew:        -0.145ns (DCD - SCD + CPR)
    Destination Clock Delay (DCD):    2.863ns = ( 4.863 - 2.000 ) 
    Source Clock Delay      (SCD):    3.290ns
    Clock Pessimism Removal (CPR):    0.282ns
  Clock Uncertainty:      0.035ns  ((TSJ^2 + TIJ^2)^1/2 + DJ) / 2 + PE + UU
    Total System Jitter     (TSJ):    0.071ns
    Total Input Jitter      (TIJ):    0.000ns
    Discrete Jitter          (DJ):    0.000ns
    Phase Error              (PE):    0.000ns
    User Uncertainty         (UU):    0.000ns

    Location             Delay type                Incr(ns)  Path(ns)    Netlist Resource(s)
  -------------------------------------------------------------------    -------------------
                         (clock clk rise edge)        0.000     0.000 r  
                                                      0.000     0.000 r  clk (IN)
                         net (fo=0)                   0.000     0.000    u_boundary_ibuf/I
                         INBUF (Prop_INBUF_PAD_O)     0.517     0.517 r  u_boundary_ibuf/INBUF_INST/O
                         net (fo=1, unplaced)         0.000     0.517    u_boundary_ibuf/OUT
                         IBUFCTRL (Prop_IBUFCTRL_I_O)
                                                      0.000     0.517 r  u_boundary_ibuf/IBUFCTRL_INST/O
                         net (fo=1, unplaced)         0.161     0.678    clk_ibuf
                         BUFGCE (Prop_BUFGCE_I_O)     0.028     0.706 r  u_boundary_bufg/O
                         net (fo=26838, unplaced)     2.584     3.290    u_dut/clk
                         FDCE                                         r  u_dut/lfnst_grid_reg[51][6]/C
  -------------------------------------------------------------------    -------------------
                         FDCE (Prop_FDCE_C_Q)         0.077     3.367 r  u_dut/lfnst_grid_reg[51][6]/Q
                         net (fo=1, unplaced)         0.154     3.521    u_dut/lfnst_grid_reg[51][6]
                         LUT6 (Prop_LUT6_I0_O)        0.150     3.671 r  u_dut/u_unified_p4_kernel_i_713/O
                         net (fo=2, unplaced)         0.186     3.857    u_dut/u_unified_p4_kernel_i_713_n_0
                         LUT4 (Prop_LUT4_I2_O)        0.070     3.927 r  u_dut/u_unified_p4_kernel_i_553/O
                         net (fo=2, unplaced)         0.141     4.068    u_dut/u_unified_p4_kernel_i_553_n_0
                         LUT6 (Prop_LUT6_I0_O)        0.100     4.168 r  u_dut/u_unified_p4_kernel_i_400/O
                         net (fo=1, unplaced)         0.186     4.354    u_dut/u_unified_p4_kernel_i_400_n_0
                         LUT2 (Prop_LUT2_I1_O)        0.038     4.392 f  u_dut/u_unified_p4_kernel_i_256/O
                         net (fo=1, unplaced)         0.098     4.490    u_dut/u_unified_p4_kernel_i_256_n_0
                         LUT6 (Prop_LUT6_I1_O)        0.125     4.615 r  u_dut/u_unified_p4_kernel_i_60/O
                         net (fo=1, unplaced)         0.048     4.663    u_dut/u_unified_p4_kernel/in_data[6]
                         FDRE                                         r  u_dut/u_unified_p4_kernel/ingress_data_q_reg[6]/D
  -------------------------------------------------------------------    -------------------

                         (clock clk rise edge)        2.000     2.000 r  
                                                      0.000     2.000 r  clk (IN)
                         net (fo=0)                   0.000     2.000    u_boundary_ibuf/I
                         INBUF (Prop_INBUF_PAD_O)     0.267     2.267 r  u_boundary_ibuf/INBUF_INST/O
                         net (fo=1, unplaced)         0.000     2.267    u_boundary_ibuf/OUT
                         IBUFCTRL (Prop_IBUFCTRL_I_O)
                                                      0.000     2.267 r  u_boundary_ibuf/IBUFCTRL_INST/O
                         net (fo=1, unplaced)         0.133     2.400    clk_ibuf
                         BUFGCE (Prop_BUFGCE_I_O)     0.024     2.424 r  u_boundary_bufg/O
                         net (fo=26838, unplaced)     2.439     4.863    u_dut/u_unified_p4_kernel/clk
                         FDRE                                         r  u_dut/u_unified_p4_kernel/ingress_data_q_reg[6]/C
                         clock pessimism              0.282     5.145    
                         clock uncertainty           -0.035     5.110    
                         FDRE (Setup_FDRE_C_D)        0.025     5.135    u_dut/u_unified_p4_kernel/ingress_data_q_reg[6]
  -------------------------------------------------------------------
                         required time                          5.135    
                         arrival time                          -4.663    
  -------------------------------------------------------------------
                         slack                                  0.472    

Slack (MET) :             0.472ns  (required time - arrival time)
  Source:                 u_dut/lfnst_grid_reg[51][7]/C
                            (rising edge-triggered cell FDCE clocked by clk  {rise@0.000ns fall@1.000ns period=2.000ns})
  Destination:            u_dut/u_unified_p4_kernel/ingress_data_q_reg[7]/D
                            (rising edge-triggered cell FDRE clocked by clk  {rise@0.000ns fall@1.000ns period=2.000ns})
  Path Group:             clk
  Path Type:              Setup (Max at Slow Process Corner)
  Requirement:            2.000ns  (clk rise@2.000ns - clk rise@0.000ns)
  Data Path Delay:        1.373ns  (logic 0.560ns (40.787%)  route 0.813ns (59.213%))
  Logic Levels:           5  (LUT2=1 LUT4=1 LUT6=3)
  Clock Path Skew:        -0.145ns (DCD - SCD + CPR)
    Destination Clock Delay (DCD):    2.863ns = ( 4.863 - 2.000 ) 
    Source Clock Delay      (SCD):    3.290ns
    Clock Pessimism Removal (CPR):    0.282ns
  Clock Uncertainty:      0.035ns  ((TSJ^2 + TIJ^2)^1/2 + DJ) / 2 + PE + UU
    Total System Jitter     (TSJ):    0.071ns
    Total Input Jitter      (TIJ):    0.000ns
    Discrete Jitter          (DJ):    0.000ns
    Phase Error              (PE):    0.000ns
    User Uncertainty         (UU):    0.000ns

    Location             Delay type                Incr(ns)  Path(ns)    Netlist Resource(s)
  -------------------------------------------------------------------    -------------------
                         (clock clk rise edge)        0.000     0.000 r  
                                                      0.000     0.000 r  clk (IN)
                         net (fo=0)                   0.000     0.000    u_boundary_ibuf/I
                         INBUF (Prop_INBUF_PAD_O)     0.517     0.517 r  u_boundary_ibuf/INBUF_INST/O
                         net (fo=1, unplaced)         0.000     0.517    u_boundary_ibuf/OUT
                         IBUFCTRL (Prop_IBUFCTRL_I_O)
                                                      0.000     0.517 r  u_boundary_ibuf/IBUFCTRL_INST/O
                         net (fo=1, unplaced)         0.161     0.678    clk_ibuf
                         BUFGCE (Prop_BUFGCE_I_O)     0.028     0.706 r  u_boundary_bufg/O
                         net (fo=26838, unplaced)     2.584     3.290    u_dut/clk
                         FDCE                                         r  u_dut/lfnst_grid_reg[51][7]/C
  -------------------------------------------------------------------    -------------------
                         FDCE (Prop_FDCE_C_Q)         0.077     3.367 r  u_dut/lfnst_grid_reg[51][7]/Q
                         net (fo=1, unplaced)         0.154     3.521    u_dut/lfnst_grid_reg[51][7]
                         LUT6 (Prop_LUT6_I0_O)        0.150     3.671 r  u_dut/u_unified_p4_kernel_i_701/O
                         net (fo=2, unplaced)         0.186     3.857    u_dut/u_unified_p4_kernel_i_701_n_0
                         LUT4 (Prop_LUT4_I2_O)        0.070     3.927 r  u_dut/u_unified_p4_kernel_i_549/O
                         net (fo=2, unplaced)         0.141     4.068    u_dut/u_unified_p4_kernel_i_549_n_0
                         LUT6 (Prop_LUT6_I0_O)        0.100     4.168 r  u_dut/u_unified_p4_kernel_i_398/O
                         net (fo=1, unplaced)         0.186     4.354    u_dut/u_unified_p4_kernel_i_398_n_0
                         LUT2 (Prop_LUT2_I1_O)        0.038     4.392 f  u_dut/u_unified_p4_kernel_i_253/O
                         net (fo=1, unplaced)         0.098     4.490    u_dut/u_unified_p4_kernel_i_253_n_0
                         LUT6 (Prop_LUT6_I1_O)        0.125     4.615 r  u_dut/u_unified_p4_kernel_i_59/O
                         net (fo=1, unplaced)         0.048     4.663    u_dut/u_unified_p4_kernel/in_data[7]
                         FDRE                                         r  u_dut/u_unified_p4_kernel/ingress_data_q_reg[7]/D
  -------------------------------------------------------------------    -------------------

                         (clock clk rise edge)        2.000     2.000 r  
                                                      0.000     2.000 r  clk (IN)
                         net (fo=0)                   0.000     2.000    u_boundary_ibuf/I
                         INBUF (Prop_INBUF_PAD_O)     0.267     2.267 r  u_boundary_ibuf/INBUF_INST/O
                         net (fo=1, unplaced)         0.000     2.267    u_boundary_ibuf/OUT
                         IBUFCTRL (Prop_IBUFCTRL_I_O)
                                                      0.000     2.267 r  u_boundary_ibuf/IBUFCTRL_INST/O
                         net (fo=1, unplaced)         0.133     2.400    clk_ibuf
                         BUFGCE (Prop_BUFGCE_I_O)     0.024     2.424 r  u_boundary_bufg/O
                         net (fo=26838, unplaced)     2.439     4.863    u_dut/u_unified_p4_kernel/clk
                         FDRE                                         r  u_dut/u_unified_p4_kernel/ingress_data_q_reg[7]/C
                         clock pessimism              0.282     5.145    
                         clock uncertainty           -0.035     5.110    
                         FDRE (Setup_FDRE_C_D)        0.025     5.135    u_dut/u_unified_p4_kernel/ingress_data_q_reg[7]
  -------------------------------------------------------------------
                         required time                          5.135    
                         arrival time                          -4.663    
  -------------------------------------------------------------------
                         slack                                  0.472    

Slack (MET) :             0.472ns  (required time - arrival time)
  Source:                 u_dut/lfnst_grid_reg[51][8]/C
                            (rising edge-triggered cell FDCE clocked by clk  {rise@0.000ns fall@1.000ns period=2.000ns})
  Destination:            u_dut/u_unified_p4_kernel/ingress_data_q_reg[8]/D
                            (rising edge-triggered cell FDRE clocked by clk  {rise@0.000ns fall@1.000ns period=2.000ns})
  Path Group:             clk
  Path Type:              Setup (Max at Slow Process Corner)
  Requirement:            2.000ns  (clk rise@2.000ns - clk rise@0.000ns)
  Data Path Delay:        1.373ns  (logic 0.560ns (40.787%)  route 0.813ns (59.213%))
  Logic Levels:           5  (LUT2=1 LUT4=1 LUT6=3)
  Clock Path Skew:        -0.145ns (DCD - SCD + CPR)
    Destination Clock Delay (DCD):    2.863ns = ( 4.863 - 2.000 ) 
    Source Clock Delay      (SCD):    3.290ns
    Clock Pessimism Removal (CPR):    0.282ns
  Clock Uncertainty:      0.035ns  ((TSJ^2 + TIJ^2)^1/2 + DJ) / 2 + PE + UU
    Total System Jitter     (TSJ):    0.071ns
    Total Input Jitter      (TIJ):    0.000ns
    Discrete Jitter          (DJ):    0.000ns
    Phase Error              (PE):    0.000ns
    User Uncertainty         (UU):    0.000ns

    Location             Delay type                Incr(ns)  Path(ns)    Netlist Resource(s)
  -------------------------------------------------------------------    -------------------
                         (clock clk rise edge)        0.000     0.000 r  
                                                      0.000     0.000 r  clk (IN)
                         net (fo=0)                   0.000     0.000    u_boundary_ibuf/I
                         INBUF (Prop_INBUF_PAD_O)     0.517     0.517 r  u_boundary_ibuf/INBUF_INST/O
                         net (fo=1, unplaced)         0.000     0.517    u_boundary_ibuf/OUT
                         IBUFCTRL (Prop_IBUFCTRL_I_O)
                                                      0.000     0.517 r  u_boundary_ibuf/IBUFCTRL_INST/O
                         net (fo=1, unplaced)         0.161     0.678    clk_ibuf
                         BUFGCE (Prop_BUFGCE_I_O)     0.028     0.706 r  u_boundary_bufg/O
                         net (fo=26838, unplaced)     2.584     3.290    u_dut/clk
                         FDCE                                         r  u_dut/lfnst_grid_reg[51][8]/C
  -------------------------------------------------------------------    -------------------
                         FDCE (Prop_FDCE_C_Q)         0.077     3.367 r  u_dut/lfnst_grid_reg[51][8]/Q
                         net (fo=1, unplaced)         0.154     3.521    u_dut/lfnst_grid_reg[51][8]
                         LUT6 (Prop_LUT6_I0_O)        0.150     3.671 r  u_dut/u_unified_p4_kernel_i_689/O
                         net (fo=2, unplaced)         0.186     3.857    u_dut/u_unified_p4_kernel_i_689_n_0
                         LUT4 (Prop_LUT4_I2_O)        0.070     3.927 r  u_dut/u_unified_p4_kernel_i_545/O
                         net (fo=2, unplaced)         0.141     4.068    u_dut/u_unified_p4_kernel_i_545_n_0
                         LUT6 (Prop_LUT6_I0_O)        0.100     4.168 r  u_dut/u_unified_p4_kernel_i_396/O
                         net (fo=1, unplaced)         0.186     4.354    u_dut/u_unified_p4_kernel_i_396_n_0
                         LUT2 (Prop_LUT2_I1_O)        0.038     4.392 f  u_dut/u_unified_p4_kernel_i_250/O
                         net (fo=1, unplaced)         0.098     4.490    u_dut/u_unified_p4_kernel_i_250_n_0
                         LUT6 (Prop_LUT6_I1_O)        0.125     4.615 r  u_dut/u_unified_p4_kernel_i_58/O
                         net (fo=1, unplaced)         0.048     4.663    u_dut/u_unified_p4_kernel/in_data[8]
                         FDRE                                         r  u_dut/u_unified_p4_kernel/ingress_data_q_reg[8]/D
  -------------------------------------------------------------------    -------------------

                         (clock clk rise edge)        2.000     2.000 r  
                                                      0.000     2.000 r  clk (IN)
                         net (fo=0)                   0.000     2.000    u_boundary_ibuf/I
                         INBUF (Prop_INBUF_PAD_O)     0.267     2.267 r  u_boundary_ibuf/INBUF_INST/O
                         net (fo=1, unplaced)         0.000     2.267    u_boundary_ibuf/OUT
                         IBUFCTRL (Prop_IBUFCTRL_I_O)
                                                      0.000     2.267 r  u_boundary_ibuf/IBUFCTRL_INST/O
                         net (fo=1, unplaced)         0.133     2.400    clk_ibuf
                         BUFGCE (Prop_BUFGCE_I_O)     0.024     2.424 r  u_boundary_bufg/O
                         net (fo=26838, unplaced)     2.439     4.863    u_dut/u_unified_p4_kernel/clk
                         FDRE                                         r  u_dut/u_unified_p4_kernel/ingress_data_q_reg[8]/C
                         clock pessimism              0.282     5.145    
                         clock uncertainty           -0.035     5.110    
                         FDRE (Setup_FDRE_C_D)        0.025     5.135    u_dut/u_unified_p4_kernel/ingress_data_q_reg[8]
  -------------------------------------------------------------------
                         required time                          5.135    
                         arrival time                          -4.663    
  -------------------------------------------------------------------
                         slack                                  0.472    

Slack (MET) :             0.472ns  (required time - arrival time)
  Source:                 u_dut/lfnst_grid_reg[51][9]/C
                            (rising edge-triggered cell FDCE clocked by clk  {rise@0.000ns fall@1.000ns period=2.000ns})
  Destination:            u_dut/u_unified_p4_kernel/ingress_data_q_reg[9]/D
                            (rising edge-triggered cell FDRE clocked by clk  {rise@0.000ns fall@1.000ns period=2.000ns})
  Path Group:             clk
  Path Type:              Setup (Max at Slow Process Corner)
  Requirement:            2.000ns  (clk rise@2.000ns - clk rise@0.000ns)
  Data Path Delay:        1.373ns  (logic 0.560ns (40.787%)  route 0.813ns (59.213%))
  Logic Levels:           5  (LUT2=1 LUT4=1 LUT6=3)
  Clock Path Skew:        -0.145ns (DCD - SCD + CPR)
    Destination Clock Delay (DCD):    2.863ns = ( 4.863 - 2.000 ) 
    Source Clock Delay      (SCD):    3.290ns
    Clock Pessimism Removal (CPR):    0.282ns
  Clock Uncertainty:      0.035ns  ((TSJ^2 + TIJ^2)^1/2 + DJ) / 2 + PE + UU
    Total System Jitter     (TSJ):    0.071ns
    Total Input Jitter      (TIJ):    0.000ns
    Discrete Jitter          (DJ):    0.000ns
    Phase Error              (PE):    0.000ns
    User Uncertainty         (UU):    0.000ns

    Location             Delay type                Incr(ns)  Path(ns)    Netlist Resource(s)
  -------------------------------------------------------------------    -------------------
                         (clock clk rise edge)        0.000     0.000 r  
                                                      0.000     0.000 r  clk (IN)
                         net (fo=0)                   0.000     0.000    u_boundary_ibuf/I
                         INBUF (Prop_INBUF_PAD_O)     0.517     0.517 r  u_boundary_ibuf/INBUF_INST/O
                         net (fo=1, unplaced)         0.000     0.517    u_boundary_ibuf/OUT
                         IBUFCTRL (Prop_IBUFCTRL_I_O)
                                                      0.000     0.517 r  u_boundary_ibuf/IBUFCTRL_INST/O
                         net (fo=1, unplaced)         0.161     0.678    clk_ibuf
                         BUFGCE (Prop_BUFGCE_I_O)     0.028     0.706 r  u_boundary_bufg/O
                         net (fo=26838, unplaced)     2.584     3.290    u_dut/clk
                         FDCE                                         r  u_dut/lfnst_grid_reg[51][9]/C
  -------------------------------------------------------------------    -------------------
                         FDCE (Prop_FDCE_C_Q)         0.077     3.367 r  u_dut/lfnst_grid_reg[51][9]/Q
                         net (fo=1, unplaced)         0.154     3.521    u_dut/lfnst_grid_reg[51][9]
                         LUT6 (Prop_LUT6_I0_O)        0.150     3.671 r  u_dut/u_unified_p4_kernel_i_677/O
                         net (fo=2, unplaced)         0.186     3.857    u_dut/u_unified_p4_kernel_i_677_n_0
                         LUT4 (Prop_LUT4_I2_O)        0.070     3.927 r  u_dut/u_unified_p4_kernel_i_541/O
                         net (fo=2, unplaced)         0.141     4.068    u_dut/u_unified_p4_kernel_i_541_n_0
                         LUT6 (Prop_LUT6_I0_O)        0.100     4.168 r  u_dut/u_unified_p4_kernel_i_394/O
                         net (fo=1, unplaced)         0.186     4.354    u_dut/u_unified_p4_kernel_i_394_n_0
                         LUT2 (Prop_LUT2_I1_O)        0.038     4.392 f  u_dut/u_unified_p4_kernel_i_247/O
                         net (fo=1, unplaced)         0.098     4.490    u_dut/u_unified_p4_kernel_i_247_n_0
                         LUT6 (Prop_LUT6_I1_O)        0.125     4.615 r  u_dut/u_unified_p4_kernel_i_57/O
                         net (fo=1, unplaced)         0.048     4.663    u_dut/u_unified_p4_kernel/in_data[9]
                         FDRE                                         r  u_dut/u_unified_p4_kernel/ingress_data_q_reg[9]/D
  -------------------------------------------------------------------    -------------------

                         (clock clk rise edge)        2.000     2.000 r  
                                                      0.000     2.000 r  clk (IN)
                         net (fo=0)                   0.000     2.000    u_boundary_ibuf/I
                         INBUF (Prop_INBUF_PAD_O)     0.267     2.267 r  u_boundary_ibuf/INBUF_INST/O
                         net (fo=1, unplaced)         0.000     2.267    u_boundary_ibuf/OUT
                         IBUFCTRL (Prop_IBUFCTRL_I_O)
                                                      0.000     2.267 r  u_boundary_ibuf/IBUFCTRL_INST/O
                         net (fo=1, unplaced)         0.133     2.400    clk_ibuf
                         BUFGCE (Prop_BUFGCE_I_O)     0.024     2.424 r  u_boundary_bufg/O
                         net (fo=26838, unplaced)     2.439     4.863    u_dut/u_unified_p4_kernel/clk
                         FDRE                                         r  u_dut/u_unified_p4_kernel/ingress_data_q_reg[9]/C
                         clock pessimism              0.282     5.145    
                         clock uncertainty           -0.035     5.110    
                         FDRE (Setup_FDRE_C_D)        0.025     5.135    u_dut/u_unified_p4_kernel/ingress_data_q_reg[9]
  -------------------------------------------------------------------
                         required time                          5.135    
                         arrival time                          -4.663    
  -------------------------------------------------------------------
                         slack                                  0.472    

Slack (MET) :             0.486ns  (required time - arrival time)
  Source:                 u_dut/lfnst_grid_reg[15][0]/C
                            (rising edge-triggered cell FDCE clocked by clk  {rise@0.000ns fall@1.000ns period=2.000ns})
  Destination:            u_dut/u_unified_p4_kernel/ingress_data_q_reg[48]/D
                            (rising edge-triggered cell FDRE clocked by clk  {rise@0.000ns fall@1.000ns period=2.000ns})
  Path Group:             clk
  Path Type:              Setup (Max at Slow Process Corner)
  Requirement:            2.000ns  (clk rise@2.000ns - clk rise@0.000ns)
  Data Path Delay:        1.359ns  (logic 0.503ns (37.013%)  route 0.856ns (62.988%))
  Logic Levels:           5  (LUT2=1 LUT6=4)
  Clock Path Skew:        -0.145ns (DCD - SCD + CPR)
    Destination Clock Delay (DCD):    2.863ns = ( 4.863 - 2.000 ) 
    Source Clock Delay      (SCD):    3.290ns
    Clock Pessimism Removal (CPR):    0.282ns
  Clock Uncertainty:      0.035ns  ((TSJ^2 + TIJ^2)^1/2 + DJ) / 2 + PE + UU
    Total System Jitter     (TSJ):    0.071ns
    Total Input Jitter      (TIJ):    0.000ns
    Discrete Jitter          (DJ):    0.000ns
    Phase Error              (PE):    0.000ns
    User Uncertainty         (UU):    0.000ns

    Location             Delay type                Incr(ns)  Path(ns)    Netlist Resource(s)
  -------------------------------------------------------------------    -------------------
                         (clock clk rise edge)        0.000     0.000 r  
                                                      0.000     0.000 r  clk (IN)
                         net (fo=0)                   0.000     0.000    u_boundary_ibuf/I
                         INBUF (Prop_INBUF_PAD_O)     0.517     0.517 r  u_boundary_ibuf/INBUF_INST/O
                         net (fo=1, unplaced)         0.000     0.517    u_boundary_ibuf/OUT
                         IBUFCTRL (Prop_IBUFCTRL_I_O)
                                                      0.000     0.517 r  u_boundary_ibuf/IBUFCTRL_INST/O
                         net (fo=1, unplaced)         0.161     0.678    clk_ibuf
                         BUFGCE (Prop_BUFGCE_I_O)     0.028     0.706 r  u_boundary_bufg/O
                         net (fo=26838, unplaced)     2.584     3.290    u_dut/clk
                         FDCE                                         r  u_dut/lfnst_grid_reg[15][0]/C
  -------------------------------------------------------------------    -------------------
                         FDCE (Prop_FDCE_C_Q)         0.077     3.367 r  u_dut/lfnst_grid_reg[15][0]/Q
                         net (fo=1, unplaced)         0.154     3.521    u_dut/lfnst_grid_reg[15][0]
                         LUT6 (Prop_LUT6_I0_O)        0.150     3.671 r  u_dut/u_unified_p4_kernel_i_792/O
                         net (fo=2, unplaced)         0.141     3.812    u_dut/u_unified_p4_kernel_i_792_n_0
                         LUT6 (Prop_LUT6_I1_O)        0.100     3.912 r  u_dut/u_unified_p4_kernel_i_498/O
                         net (fo=2, unplaced)         0.186     4.098    u_dut/u_unified_p4_kernel_i_498_n_0
                         LUT6 (Prop_LUT6_I5_O)        0.038     4.136 r  u_dut/u_unified_p4_kernel_i_302/O
                         net (fo=1, unplaced)         0.186     4.322    u_dut/lfnst_grid[0]
                         LUT2 (Prop_LUT2_I1_O)        0.038     4.360 f  u_dut/u_unified_p4_kernel_i_121/O
                         net (fo=1, unplaced)         0.141     4.501    u_dut/u_unified_p4_kernel_i_121_n_0
                         LUT6 (Prop_LUT6_I1_O)        0.100     4.601 r  u_dut/u_unified_p4_kernel_i_18/O
                         net (fo=1, unplaced)         0.048     4.649    u_dut/u_unified_p4_kernel/in_data[48]
                         FDRE                                         r  u_dut/u_unified_p4_kernel/ingress_data_q_reg[48]/D
  -------------------------------------------------------------------    -------------------

                         (clock clk rise edge)        2.000     2.000 r  
                                                      0.000     2.000 r  clk (IN)
                         net (fo=0)                   0.000     2.000    u_boundary_ibuf/I
                         INBUF (Prop_INBUF_PAD_O)     0.267     2.267 r  u_boundary_ibuf/INBUF_INST/O
                         net (fo=1, unplaced)         0.000     2.267    u_boundary_ibuf/OUT
                         IBUFCTRL (Prop_IBUFCTRL_I_O)
                                                      0.000     2.267 r  u_boundary_ibuf/IBUFCTRL_INST/O
                         net (fo=1, unplaced)         0.133     2.400    clk_ibuf
                         BUFGCE (Prop_BUFGCE_I_O)     0.024     2.424 r  u_boundary_bufg/O
                         net (fo=26838, unplaced)     2.439     4.863    u_dut/u_unified_p4_kernel/clk
                         FDRE                                         r  u_dut/u_unified_p4_kernel/ingress_data_q_reg[48]/C
                         clock pessimism              0.282     5.145    
                         clock uncertainty           -0.035     5.110    
                         FDRE (Setup_FDRE_C_D)        0.025     5.135    u_dut/u_unified_p4_kernel/ingress_data_q_reg[48]
  -------------------------------------------------------------------
                         required time                          5.135    
                         arrival time                          -4.649    
  -------------------------------------------------------------------
                         slack                                  0.486    

Slack (MET) :             0.486ns  (required time - arrival time)
  Source:                 u_dut/lfnst_grid_reg[15][1]/C
                            (rising edge-triggered cell FDCE clocked by clk  {rise@0.000ns fall@1.000ns period=2.000ns})
  Destination:            u_dut/u_unified_p4_kernel/ingress_data_q_reg[49]/D
                            (rising edge-triggered cell FDRE clocked by clk  {rise@0.000ns fall@1.000ns period=2.000ns})
  Path Group:             clk
  Path Type:              Setup (Max at Slow Process Corner)
  Requirement:            2.000ns  (clk rise@2.000ns - clk rise@0.000ns)
  Data Path Delay:        1.359ns  (logic 0.503ns (37.013%)  route 0.856ns (62.988%))
  Logic Levels:           5  (LUT2=1 LUT6=4)
  Clock Path Skew:        -0.145ns (DCD - SCD + CPR)
    Destination Clock Delay (DCD):    2.863ns = ( 4.863 - 2.000 ) 
    Source Clock Delay      (SCD):    3.290ns
    Clock Pessimism Removal (CPR):    0.282ns
  Clock Uncertainty:      0.035ns  ((TSJ^2 + TIJ^2)^1/2 + DJ) / 2 + PE + UU
    Total System Jitter     (TSJ):    0.071ns
    Total Input Jitter      (TIJ):    0.000ns
    Discrete Jitter          (DJ):    0.000ns
    Phase Error              (PE):    0.000ns
    User Uncertainty         (UU):    0.000ns

    Location             Delay type                Incr(ns)  Path(ns)    Netlist Resource(s)
  -------------------------------------------------------------------    -------------------
                         (clock clk rise edge)        0.000     0.000 r  
                                                      0.000     0.000 r  clk (IN)
                         net (fo=0)                   0.000     0.000    u_boundary_ibuf/I
                         INBUF (Prop_INBUF_PAD_O)     0.517     0.517 r  u_boundary_ibuf/INBUF_INST/O
                         net (fo=1, unplaced)         0.000     0.517    u_boundary_ibuf/OUT
                         IBUFCTRL (Prop_IBUFCTRL_I_O)
                                                      0.000     0.517 r  u_boundary_ibuf/IBUFCTRL_INST/O
                         net (fo=1, unplaced)         0.161     0.678    clk_ibuf
                         BUFGCE (Prop_BUFGCE_I_O)     0.028     0.706 r  u_boundary_bufg/O
                         net (fo=26838, unplaced)     2.584     3.290    u_dut/clk
                         FDCE                                         r  u_dut/lfnst_grid_reg[15][1]/C
  -------------------------------------------------------------------    -------------------
                         FDCE (Prop_FDCE_C_Q)         0.077     3.367 r  u_dut/lfnst_grid_reg[15][1]/Q
                         net (fo=1, unplaced)         0.154     3.521    u_dut/lfnst_grid_reg[15][1]
                         LUT6 (Prop_LUT6_I0_O)        0.150     3.671 r  u_dut/u_unified_p4_kernel_i_780/O
                         net (fo=2, unplaced)         0.141     3.812    u_dut/u_unified_p4_kernel_i_780_n_0
                         LUT6 (Prop_LUT6_I1_O)        0.100     3.912 r  u_dut/u_unified_p4_kernel_i_494/O
                         net (fo=2, unplaced)         0.186     4.098    u_dut/u_unified_p4_kernel_i_494_n_0
                         LUT6 (Prop_LUT6_I5_O)        0.038     4.136 r  u_dut/u_unified_p4_kernel_i_301/O
                         net (fo=1, unplaced)         0.186     4.322    u_dut/lfnst_grid[1]
                         LUT2 (Prop_LUT2_I1_O)        0.038     4.360 f  u_dut/u_unified_p4_kernel_i_118/O
                         net (fo=1, unplaced)         0.141     4.501    u_dut/u_unified_p4_kernel_i_118_n_0
                         LUT6 (Prop_LUT6_I1_O)        0.100     4.601 r  u_dut/u_unified_p4_kernel_i_17/O
                         net (fo=1, unplaced)         0.048     4.649    u_dut/u_unified_p4_kernel/in_data[49]
                         FDRE                                         r  u_dut/u_unified_p4_kernel/ingress_data_q_reg[49]/D
  -------------------------------------------------------------------    -------------------

                         (clock clk rise edge)        2.000     2.000 r  
                                                      0.000     2.000 r  clk (IN)
                         net (fo=0)                   0.000     2.000    u_boundary_ibuf/I
                         INBUF (Prop_INBUF_PAD_O)     0.267     2.267 r  u_boundary_ibuf/INBUF_INST/O
                         net (fo=1, unplaced)         0.000     2.267    u_boundary_ibuf/OUT
                         IBUFCTRL (Prop_IBUFCTRL_I_O)
                                                      0.000     2.267 r  u_boundary_ibuf/IBUFCTRL_INST/O
                         net (fo=1, unplaced)         0.133     2.400    clk_ibuf
                         BUFGCE (Prop_BUFGCE_I_O)     0.024     2.424 r  u_boundary_bufg/O
                         net (fo=26838, unplaced)     2.439     4.863    u_dut/u_unified_p4_kernel/clk
                         FDRE                                         r  u_dut/u_unified_p4_kernel/ingress_data_q_reg[49]/C
                         clock pessimism              0.282     5.145    
                         clock uncertainty           -0.035     5.110    
                         FDRE (Setup_FDRE_C_D)        0.025     5.135    u_dut/u_unified_p4_kernel/ingress_data_q_reg[49]
  -------------------------------------------------------------------
                         required time                          5.135    
                         arrival time                          -4.649    
  -------------------------------------------------------------------
                         slack                                  0.486    

Slack (MET) :             0.486ns  (required time - arrival time)
  Source:                 u_dut/lfnst_grid_reg[15][2]/C
                            (rising edge-triggered cell FDCE clocked by clk  {rise@0.000ns fall@1.000ns period=2.000ns})
  Destination:            u_dut/u_unified_p4_kernel/ingress_data_q_reg[50]/D
                            (rising edge-triggered cell FDRE clocked by clk  {rise@0.000ns fall@1.000ns period=2.000ns})
  Path Group:             clk
  Path Type:              Setup (Max at Slow Process Corner)
  Requirement:            2.000ns  (clk rise@2.000ns - clk rise@0.000ns)
  Data Path Delay:        1.359ns  (logic 0.503ns (37.013%)  route 0.856ns (62.988%))
  Logic Levels:           5  (LUT2=1 LUT6=4)
  Clock Path Skew:        -0.145ns (DCD - SCD + CPR)
    Destination Clock Delay (DCD):    2.863ns = ( 4.863 - 2.000 ) 
    Source Clock Delay      (SCD):    3.290ns
    Clock Pessimism Removal (CPR):    0.282ns
  Clock Uncertainty:      0.035ns  ((TSJ^2 + TIJ^2)^1/2 + DJ) / 2 + PE + UU
    Total System Jitter     (TSJ):    0.071ns
    Total Input Jitter      (TIJ):    0.000ns
    Discrete Jitter          (DJ):    0.000ns
    Phase Error              (PE):    0.000ns
    User Uncertainty         (UU):    0.000ns

    Location             Delay type                Incr(ns)  Path(ns)    Netlist Resource(s)
  -------------------------------------------------------------------    -------------------
                         (clock clk rise edge)        0.000     0.000 r  
                                                      0.000     0.000 r  clk (IN)
                         net (fo=0)                   0.000     0.000    u_boundary_ibuf/I
                         INBUF (Prop_INBUF_PAD_O)     0.517     0.517 r  u_boundary_ibuf/INBUF_INST/O
                         net (fo=1, unplaced)         0.000     0.517    u_boundary_ibuf/OUT
                         IBUFCTRL (Prop_IBUFCTRL_I_O)
                                                      0.000     0.517 r  u_boundary_ibuf/IBUFCTRL_INST/O
                         net (fo=1, unplaced)         0.161     0.678    clk_ibuf
                         BUFGCE (Prop_BUFGCE_I_O)     0.028     0.706 r  u_boundary_bufg/O
                         net (fo=26838, unplaced)     2.584     3.290    u_dut/clk
                         FDCE                                         r  u_dut/lfnst_grid_reg[15][2]/C
  -------------------------------------------------------------------    -------------------
                         FDCE (Prop_FDCE_C_Q)         0.077     3.367 r  u_dut/lfnst_grid_reg[15][2]/Q
                         net (fo=1, unplaced)         0.154     3.521    u_dut/lfnst_grid_reg[15][2]
                         LUT6 (Prop_LUT6_I0_O)        0.150     3.671 r  u_dut/u_unified_p4_kernel_i_768/O
                         net (fo=2, unplaced)         0.141     3.812    u_dut/u_unified_p4_kernel_i_768_n_0
                         LUT6 (Prop_LUT6_I1_O)        0.100     3.912 r  u_dut/u_unified_p4_kernel_i_490/O
                         net (fo=2, unplaced)         0.186     4.098    u_dut/u_unified_p4_kernel_i_490_n_0
                         LUT6 (Prop_LUT6_I5_O)        0.038     4.136 r  u_dut/u_unified_p4_kernel_i_300/O
                         net (fo=1, unplaced)         0.186     4.322    u_dut/lfnst_grid[2]
                         LUT2 (Prop_LUT2_I1_O)        0.038     4.360 f  u_dut/u_unified_p4_kernel_i_115/O
                         net (fo=1, unplaced)         0.141     4.501    u_dut/u_unified_p4_kernel_i_115_n_0
                         LUT6 (Prop_LUT6_I1_O)        0.100     4.601 r  u_dut/u_unified_p4_kernel_i_16/O
                         net (fo=1, unplaced)         0.048     4.649    u_dut/u_unified_p4_kernel/in_data[50]
                         FDRE                                         r  u_dut/u_unified_p4_kernel/ingress_data_q_reg[50]/D
  -------------------------------------------------------------------    -------------------

                         (clock clk rise edge)        2.000     2.000 r  
                                                      0.000     2.000 r  clk (IN)
                         net (fo=0)                   0.000     2.000    u_boundary_ibuf/I
                         INBUF (Prop_INBUF_PAD_O)     0.267     2.267 r  u_boundary_ibuf/INBUF_INST/O
                         net (fo=1, unplaced)         0.000     2.267    u_boundary_ibuf/OUT
                         IBUFCTRL (Prop_IBUFCTRL_I_O)
                                                      0.000     2.267 r  u_boundary_ibuf/IBUFCTRL_INST/O
                         net (fo=1, unplaced)         0.133     2.400    clk_ibuf
                         BUFGCE (Prop_BUFGCE_I_O)     0.024     2.424 r  u_boundary_bufg/O
                         net (fo=26838, unplaced)     2.439     4.863    u_dut/u_unified_p4_kernel/clk
                         FDRE                                         r  u_dut/u_unified_p4_kernel/ingress_data_q_reg[50]/C
                         clock pessimism              0.282     5.145    
                         clock uncertainty           -0.035     5.110    
                         FDRE (Setup_FDRE_C_D)        0.025     5.135    u_dut/u_unified_p4_kernel/ingress_data_q_reg[50]
  -------------------------------------------------------------------
                         required time                          5.135    
                         arrival time                          -4.649    
  -------------------------------------------------------------------
                         slack                                  0.486    

Slack (MET) :             0.486ns  (required time - arrival time)
  Source:                 u_dut/lfnst_grid_reg[15][3]/C
                            (rising edge-triggered cell FDCE clocked by clk  {rise@0.000ns fall@1.000ns period=2.000ns})
  Destination:            u_dut/u_unified_p4_kernel/ingress_data_q_reg[51]/D
                            (rising edge-triggered cell FDRE clocked by clk  {rise@0.000ns fall@1.000ns period=2.000ns})
  Path Group:             clk
  Path Type:              Setup (Max at Slow Process Corner)
  Requirement:            2.000ns  (clk rise@2.000ns - clk rise@0.000ns)
  Data Path Delay:        1.359ns  (logic 0.503ns (37.013%)  route 0.856ns (62.988%))
  Logic Levels:           5  (LUT2=1 LUT6=4)
  Clock Path Skew:        -0.145ns (DCD - SCD + CPR)
    Destination Clock Delay (DCD):    2.863ns = ( 4.863 - 2.000 ) 
    Source Clock Delay      (SCD):    3.290ns
    Clock Pessimism Removal (CPR):    0.282ns
  Clock Uncertainty:      0.035ns  ((TSJ^2 + TIJ^2)^1/2 + DJ) / 2 + PE + UU
    Total System Jitter     (TSJ):    0.071ns
    Total Input Jitter      (TIJ):    0.000ns
    Discrete Jitter          (DJ):    0.000ns
    Phase Error              (PE):    0.000ns
    User Uncertainty         (UU):    0.000ns

    Location             Delay type                Incr(ns)  Path(ns)    Netlist Resource(s)
  -------------------------------------------------------------------    -------------------
                         (clock clk rise edge)        0.000     0.000 r  
                                                      0.000     0.000 r  clk (IN)
                         net (fo=0)                   0.000     0.000    u_boundary_ibuf/I
                         INBUF (Prop_INBUF_PAD_O)     0.517     0.517 r  u_boundary_ibuf/INBUF_INST/O
                         net (fo=1, unplaced)         0.000     0.517    u_boundary_ibuf/OUT
                         IBUFCTRL (Prop_IBUFCTRL_I_O)
                                                      0.000     0.517 r  u_boundary_ibuf/IBUFCTRL_INST/O
                         net (fo=1, unplaced)         0.161     0.678    clk_ibuf
                         BUFGCE (Prop_BUFGCE_I_O)     0.028     0.706 r  u_boundary_bufg/O
                         net (fo=26838, unplaced)     2.584     3.290    u_dut/clk
                         FDCE                                         r  u_dut/lfnst_grid_reg[15][3]/C
  -------------------------------------------------------------------    -------------------
                         FDCE (Prop_FDCE_C_Q)         0.077     3.367 r  u_dut/lfnst_grid_reg[15][3]/Q
                         net (fo=1, unplaced)         0.154     3.521    u_dut/lfnst_grid_reg[15][3]
                         LUT6 (Prop_LUT6_I0_O)        0.150     3.671 r  u_dut/u_unified_p4_kernel_i_756/O
                         net (fo=2, unplaced)         0.141     3.812    u_dut/u_unified_p4_kernel_i_756_n_0
                         LUT6 (Prop_LUT6_I1_O)        0.100     3.912 r  u_dut/u_unified_p4_kernel_i_486/O
                         net (fo=2, unplaced)         0.186     4.098    u_dut/u_unified_p4_kernel_i_486_n_0
                         LUT6 (Prop_LUT6_I5_O)        0.038     4.136 r  u_dut/u_unified_p4_kernel_i_299/O
                         net (fo=1, unplaced)         0.186     4.322    u_dut/lfnst_grid[3]
                         LUT2 (Prop_LUT2_I1_O)        0.038     4.360 f  u_dut/u_unified_p4_kernel_i_112/O
                         net (fo=1, unplaced)         0.141     4.501    u_dut/u_unified_p4_kernel_i_112_n_0
                         LUT6 (Prop_LUT6_I1_O)        0.100     4.601 r  u_dut/u_unified_p4_kernel_i_15/O
                         net (fo=1, unplaced)         0.048     4.649    u_dut/u_unified_p4_kernel/in_data[51]
                         FDRE                                         r  u_dut/u_unified_p4_kernel/ingress_data_q_reg[51]/D
  -------------------------------------------------------------------    -------------------

                         (clock clk rise edge)        2.000     2.000 r  
                                                      0.000     2.000 r  clk (IN)
                         net (fo=0)                   0.000     2.000    u_boundary_ibuf/I
                         INBUF (Prop_INBUF_PAD_O)     0.267     2.267 r  u_boundary_ibuf/INBUF_INST/O
                         net (fo=1, unplaced)         0.000     2.267    u_boundary_ibuf/OUT
                         IBUFCTRL (Prop_IBUFCTRL_I_O)
                                                      0.000     2.267 r  u_boundary_ibuf/IBUFCTRL_INST/O
                         net (fo=1, unplaced)         0.133     2.400    clk_ibuf
                         BUFGCE (Prop_BUFGCE_I_O)     0.024     2.424 r  u_boundary_bufg/O
                         net (fo=26838, unplaced)     2.439     4.863    u_dut/u_unified_p4_kernel/clk
                         FDRE                                         r  u_dut/u_unified_p4_kernel/ingress_data_q_reg[51]/C
                         clock pessimism              0.282     5.145    
                         clock uncertainty           -0.035     5.110    
                         FDRE (Setup_FDRE_C_D)        0.025     5.135    u_dut/u_unified_p4_kernel/ingress_data_q_reg[51]
  -------------------------------------------------------------------
                         required time                          5.135    
                         arrival time                          -4.649    
  -------------------------------------------------------------------
                         slack                                  0.486    

Slack (MET) :             0.486ns  (required time - arrival time)
  Source:                 u_dut/lfnst_grid_reg[15][4]/C
                            (rising edge-triggered cell FDCE clocked by clk  {rise@0.000ns fall@1.000ns period=2.000ns})
  Destination:            u_dut/u_unified_p4_kernel/ingress_data_q_reg[52]/D
                            (rising edge-triggered cell FDRE clocked by clk  {rise@0.000ns fall@1.000ns period=2.000ns})
  Path Group:             clk
  Path Type:              Setup (Max at Slow Process Corner)
  Requirement:            2.000ns  (clk rise@2.000ns - clk rise@0.000ns)
  Data Path Delay:        1.359ns  (logic 0.503ns (37.013%)  route 0.856ns (62.988%))
  Logic Levels:           5  (LUT2=1 LUT6=4)
  Clock Path Skew:        -0.145ns (DCD - SCD + CPR)
    Destination Clock Delay (DCD):    2.863ns = ( 4.863 - 2.000 ) 
    Source Clock Delay      (SCD):    3.290ns
    Clock Pessimism Removal (CPR):    0.282ns
  Clock Uncertainty:      0.035ns  ((TSJ^2 + TIJ^2)^1/2 + DJ) / 2 + PE + UU
    Total System Jitter     (TSJ):    0.071ns
    Total Input Jitter      (TIJ):    0.000ns
    Discrete Jitter          (DJ):    0.000ns
    Phase Error              (PE):    0.000ns
    User Uncertainty         (UU):    0.000ns

    Location             Delay type                Incr(ns)  Path(ns)    Netlist Resource(s)
  -------------------------------------------------------------------    -------------------
                         (clock clk rise edge)        0.000     0.000 r  
                                                      0.000     0.000 r  clk (IN)
                         net (fo=0)                   0.000     0.000    u_boundary_ibuf/I
                         INBUF (Prop_INBUF_PAD_O)     0.517     0.517 r  u_boundary_ibuf/INBUF_INST/O
                         net (fo=1, unplaced)         0.000     0.517    u_boundary_ibuf/OUT
                         IBUFCTRL (Prop_IBUFCTRL_I_O)
                                                      0.000     0.517 r  u_boundary_ibuf/IBUFCTRL_INST/O
                         net (fo=1, unplaced)         0.161     0.678    clk_ibuf
                         BUFGCE (Prop_BUFGCE_I_O)     0.028     0.706 r  u_boundary_bufg/O
                         net (fo=26838, unplaced)     2.584     3.290    u_dut/clk
                         FDCE                                         r  u_dut/lfnst_grid_reg[15][4]/C
  -------------------------------------------------------------------    -------------------
                         FDCE (Prop_FDCE_C_Q)         0.077     3.367 r  u_dut/lfnst_grid_reg[15][4]/Q
                         net (fo=1, unplaced)         0.154     3.521    u_dut/lfnst_grid_reg[15][4]
                         LUT6 (Prop_LUT6_I0_O)        0.150     3.671 r  u_dut/u_unified_p4_kernel_i_744/O
                         net (fo=2, unplaced)         0.141     3.812    u_dut/u_unified_p4_kernel_i_744_n_0
                         LUT6 (Prop_LUT6_I1_O)        0.100     3.912 r  u_dut/u_unified_p4_kernel_i_482/O
                         net (fo=2, unplaced)         0.186     4.098    u_dut/u_unified_p4_kernel_i_482_n_0
                         LUT6 (Prop_LUT6_I5_O)        0.038     4.136 r  u_dut/u_unified_p4_kernel_i_298/O
                         net (fo=1, unplaced)         0.186     4.322    u_dut/lfnst_grid[4]
                         LUT2 (Prop_LUT2_I1_O)        0.038     4.360 f  u_dut/u_unified_p4_kernel_i_109/O
                         net (fo=1, unplaced)         0.141     4.501    u_dut/u_unified_p4_kernel_i_109_n_0
                         LUT6 (Prop_LUT6_I1_O)        0.100     4.601 r  u_dut/u_unified_p4_kernel_i_14/O
                         net (fo=1, unplaced)         0.048     4.649    u_dut/u_unified_p4_kernel/in_data[52]
                         FDRE                                         r  u_dut/u_unified_p4_kernel/ingress_data_q_reg[52]/D
  -------------------------------------------------------------------    -------------------

                         (clock clk rise edge)        2.000     2.000 r  
                                                      0.000     2.000 r  clk (IN)
                         net (fo=0)                   0.000     2.000    u_boundary_ibuf/I
                         INBUF (Prop_INBUF_PAD_O)     0.267     2.267 r  u_boundary_ibuf/INBUF_INST/O
                         net (fo=1, unplaced)         0.000     2.267    u_boundary_ibuf/OUT
                         IBUFCTRL (Prop_IBUFCTRL_I_O)
                                                      0.000     2.267 r  u_boundary_ibuf/IBUFCTRL_INST/O
                         net (fo=1, unplaced)         0.133     2.400    clk_ibuf
                         BUFGCE (Prop_BUFGCE_I_O)     0.024     2.424 r  u_boundary_bufg/O
                         net (fo=26838, unplaced)     2.439     4.863    u_dut/u_unified_p4_kernel/clk
                         FDRE                                         r  u_dut/u_unified_p4_kernel/ingress_data_q_reg[52]/C
                         clock pessimism              0.282     5.145    
                         clock uncertainty           -0.035     5.110    
                         FDRE (Setup_FDRE_C_D)        0.025     5.135    u_dut/u_unified_p4_kernel/ingress_data_q_reg[52]
  -------------------------------------------------------------------
                         required time                          5.135    
                         arrival time                          -4.649    
  -------------------------------------------------------------------
                         slack                                  0.486    

Slack (MET) :             0.486ns  (required time - arrival time)
  Source:                 u_dut/lfnst_grid_reg[15][5]/C
                            (rising edge-triggered cell FDCE clocked by clk  {rise@0.000ns fall@1.000ns period=2.000ns})
  Destination:            u_dut/u_unified_p4_kernel/ingress_data_q_reg[53]/D
                            (rising edge-triggered cell FDRE clocked by clk  {rise@0.000ns fall@1.000ns period=2.000ns})
  Path Group:             clk
  Path Type:              Setup (Max at Slow Process Corner)
  Requirement:            2.000ns  (clk rise@2.000ns - clk rise@0.000ns)
  Data Path Delay:        1.359ns  (logic 0.503ns (37.013%)  route 0.856ns (62.988%))
  Logic Levels:           5  (LUT2=1 LUT6=4)
  Clock Path Skew:        -0.145ns (DCD - SCD + CPR)
    Destination Clock Delay (DCD):    2.863ns = ( 4.863 - 2.000 ) 
    Source Clock Delay      (SCD):    3.290ns
    Clock Pessimism Removal (CPR):    0.282ns
  Clock Uncertainty:      0.035ns  ((TSJ^2 + TIJ^2)^1/2 + DJ) / 2 + PE + UU
    Total System Jitter     (TSJ):    0.071ns
    Total Input Jitter      (TIJ):    0.000ns
    Discrete Jitter          (DJ):    0.000ns
    Phase Error              (PE):    0.000ns
    User Uncertainty         (UU):    0.000ns

    Location             Delay type                Incr(ns)  Path(ns)    Netlist Resource(s)
  -------------------------------------------------------------------    -------------------
                         (clock clk rise edge)        0.000     0.000 r  
                                                      0.000     0.000 r  clk (IN)
                         net (fo=0)                   0.000     0.000    u_boundary_ibuf/I
                         INBUF (Prop_INBUF_PAD_O)     0.517     0.517 r  u_boundary_ibuf/INBUF_INST/O
                         net (fo=1, unplaced)         0.000     0.517    u_boundary_ibuf/OUT
                         IBUFCTRL (Prop_IBUFCTRL_I_O)
                                                      0.000     0.517 r  u_boundary_ibuf/IBUFCTRL_INST/O
                         net (fo=1, unplaced)         0.161     0.678    clk_ibuf
                         BUFGCE (Prop_BUFGCE_I_O)     0.028     0.706 r  u_boundary_bufg/O
                         net (fo=26838, unplaced)     2.584     3.290    u_dut/clk
                         FDCE                                         r  u_dut/lfnst_grid_reg[15][5]/C
  -------------------------------------------------------------------    -------------------
                         FDCE (Prop_FDCE_C_Q)         0.077     3.367 r  u_dut/lfnst_grid_reg[15][5]/Q
                         net (fo=1, unplaced)         0.154     3.521    u_dut/lfnst_grid_reg[15][5]
                         LUT6 (Prop_LUT6_I0_O)        0.150     3.671 r  u_dut/u_unified_p4_kernel_i_732/O
                         net (fo=2, unplaced)         0.141     3.812    u_dut/u_unified_p4_kernel_i_732_n_0
                         LUT6 (Prop_LUT6_I1_O)        0.100     3.912 r  u_dut/u_unified_p4_kernel_i_478/O
                         net (fo=2, unplaced)         0.186     4.098    u_dut/u_unified_p4_kernel_i_478_n_0
                         LUT6 (Prop_LUT6_I5_O)        0.038     4.136 r  u_dut/u_unified_p4_kernel_i_297/O
                         net (fo=1, unplaced)         0.186     4.322    u_dut/lfnst_grid[5]
                         LUT2 (Prop_LUT2_I1_O)        0.038     4.360 f  u_dut/u_unified_p4_kernel_i_106/O
                         net (fo=1, unplaced)         0.141     4.501    u_dut/u_unified_p4_kernel_i_106_n_0
                         LUT6 (Prop_LUT6_I1_O)        0.100     4.601 r  u_dut/u_unified_p4_kernel_i_13/O
                         net (fo=1, unplaced)         0.048     4.649    u_dut/u_unified_p4_kernel/in_data[53]
                         FDRE                                         r  u_dut/u_unified_p4_kernel/ingress_data_q_reg[53]/D
  -------------------------------------------------------------------    -------------------

                         (clock clk rise edge)        2.000     2.000 r  
                                                      0.000     2.000 r  clk (IN)
                         net (fo=0)                   0.000     2.000    u_boundary_ibuf/I
                         INBUF (Prop_INBUF_PAD_O)     0.267     2.267 r  u_boundary_ibuf/INBUF_INST/O
                         net (fo=1, unplaced)         0.000     2.267    u_boundary_ibuf/OUT
                         IBUFCTRL (Prop_IBUFCTRL_I_O)
                                                      0.000     2.267 r  u_boundary_ibuf/IBUFCTRL_INST/O
                         net (fo=1, unplaced)         0.133     2.400    clk_ibuf
                         BUFGCE (Prop_BUFGCE_I_O)     0.024     2.424 r  u_boundary_bufg/O
                         net (fo=26838, unplaced)     2.439     4.863    u_dut/u_unified_p4_kernel/clk
                         FDRE                                         r  u_dut/u_unified_p4_kernel/ingress_data_q_reg[53]/C
                         clock pessimism              0.282     5.145    
                         clock uncertainty           -0.035     5.110    
                         FDRE (Setup_FDRE_C_D)        0.025     5.135    u_dut/u_unified_p4_kernel/ingress_data_q_reg[53]
  -------------------------------------------------------------------
                         required time                          5.135    
                         arrival time                          -4.649    
  -------------------------------------------------------------------
                         slack                                  0.486    

Slack (MET) :             0.486ns  (required time - arrival time)
  Source:                 u_dut/lfnst_grid_reg[15][6]/C
                            (rising edge-triggered cell FDCE clocked by clk  {rise@0.000ns fall@1.000ns period=2.000ns})
  Destination:            u_dut/u_unified_p4_kernel/ingress_data_q_reg[54]/D
                            (rising edge-triggered cell FDRE clocked by clk  {rise@0.000ns fall@1.000ns period=2.000ns})
  Path Group:             clk
  Path Type:              Setup (Max at Slow Process Corner)
  Requirement:            2.000ns  (clk rise@2.000ns - clk rise@0.000ns)
  Data Path Delay:        1.359ns  (logic 0.503ns (37.013%)  route 0.856ns (62.988%))
  Logic Levels:           5  (LUT2=1 LUT6=4)
  Clock Path Skew:        -0.145ns (DCD - SCD + CPR)
    Destination Clock Delay (DCD):    2.863ns = ( 4.863 - 2.000 ) 
    Source Clock Delay      (SCD):    3.290ns
    Clock Pessimism Removal (CPR):    0.282ns
  Clock Uncertainty:      0.035ns  ((TSJ^2 + TIJ^2)^1/2 + DJ) / 2 + PE + UU
    Total System Jitter     (TSJ):    0.071ns
    Total Input Jitter      (TIJ):    0.000ns
    Discrete Jitter          (DJ):    0.000ns
    Phase Error              (PE):    0.000ns
    User Uncertainty         (UU):    0.000ns

    Location             Delay type                Incr(ns)  Path(ns)    Netlist Resource(s)
  -------------------------------------------------------------------    -------------------
                         (clock clk rise edge)        0.000     0.000 r  
                                                      0.000     0.000 r  clk (IN)
                         net (fo=0)                   0.000     0.000    u_boundary_ibuf/I
                         INBUF (Prop_INBUF_PAD_O)     0.517     0.517 r  u_boundary_ibuf/INBUF_INST/O
                         net (fo=1, unplaced)         0.000     0.517    u_boundary_ibuf/OUT
                         IBUFCTRL (Prop_IBUFCTRL_I_O)
                                                      0.000     0.517 r  u_boundary_ibuf/IBUFCTRL_INST/O
                         net (fo=1, unplaced)         0.161     0.678    clk_ibuf
                         BUFGCE (Prop_BUFGCE_I_O)     0.028     0.706 r  u_boundary_bufg/O
                         net (fo=26838, unplaced)     2.584     3.290    u_dut/clk
                         FDCE                                         r  u_dut/lfnst_grid_reg[15][6]/C
  -------------------------------------------------------------------    -------------------
                         FDCE (Prop_FDCE_C_Q)         0.077     3.367 r  u_dut/lfnst_grid_reg[15][6]/Q
                         net (fo=1, unplaced)         0.154     3.521    u_dut/lfnst_grid_reg[15][6]
                         LUT6 (Prop_LUT6_I0_O)        0.150     3.671 r  u_dut/u_unified_p4_kernel_i_720/O
                         net (fo=2, unplaced)         0.141     3.812    u_dut/u_unified_p4_kernel_i_720_n_0
                         LUT6 (Prop_LUT6_I1_O)        0.100     3.912 r  u_dut/u_unified_p4_kernel_i_474/O
                         net (fo=2, unplaced)         0.186     4.098    u_dut/u_unified_p4_kernel_i_474_n_0
                         LUT6 (Prop_LUT6_I5_O)        0.038     4.136 r  u_dut/u_unified_p4_kernel_i_296/O
                         net (fo=1, unplaced)         0.186     4.322    u_dut/lfnst_grid[6]
                         LUT2 (Prop_LUT2_I1_O)        0.038     4.360 f  u_dut/u_unified_p4_kernel_i_103/O
                         net (fo=1, unplaced)         0.141     4.501    u_dut/u_unified_p4_kernel_i_103_n_0
                         LUT6 (Prop_LUT6_I1_O)        0.100     4.601 r  u_dut/u_unified_p4_kernel_i_12/O
                         net (fo=1, unplaced)         0.048     4.649    u_dut/u_unified_p4_kernel/in_data[54]
                         FDRE                                         r  u_dut/u_unified_p4_kernel/ingress_data_q_reg[54]/D
  -------------------------------------------------------------------    -------------------

                         (clock clk rise edge)        2.000     2.000 r  
                                                      0.000     2.000 r  clk (IN)
                         net (fo=0)                   0.000     2.000    u_boundary_ibuf/I
                         INBUF (Prop_INBUF_PAD_O)     0.267     2.267 r  u_boundary_ibuf/INBUF_INST/O
                         net (fo=1, unplaced)         0.000     2.267    u_boundary_ibuf/OUT
                         IBUFCTRL (Prop_IBUFCTRL_I_O)
                                                      0.000     2.267 r  u_boundary_ibuf/IBUFCTRL_INST/O
                         net (fo=1, unplaced)         0.133     2.400    clk_ibuf
                         BUFGCE (Prop_BUFGCE_I_O)     0.024     2.424 r  u_boundary_bufg/O
                         net (fo=26838, unplaced)     2.439     4.863    u_dut/u_unified_p4_kernel/clk
                         FDRE                                         r  u_dut/u_unified_p4_kernel/ingress_data_q_reg[54]/C
                         clock pessimism              0.282     5.145    
                         clock uncertainty           -0.035     5.110    
                         FDRE (Setup_FDRE_C_D)        0.025     5.135    u_dut/u_unified_p4_kernel/ingress_data_q_reg[54]
  -------------------------------------------------------------------
                         required time                          5.135    
                         arrival time                          -4.649    
  -------------------------------------------------------------------
                         slack                                  0.486    

Slack (MET) :             0.486ns  (required time - arrival time)
  Source:                 u_dut/lfnst_grid_reg[15][7]/C
                            (rising edge-triggered cell FDCE clocked by clk  {rise@0.000ns fall@1.000ns period=2.000ns})
  Destination:            u_dut/u_unified_p4_kernel/ingress_data_q_reg[55]/D
                            (rising edge-triggered cell FDRE clocked by clk  {rise@0.000ns fall@1.000ns period=2.000ns})
  Path Group:             clk
  Path Type:              Setup (Max at Slow Process Corner)
  Requirement:            2.000ns  (clk rise@2.000ns - clk rise@0.000ns)
  Data Path Delay:        1.359ns  (logic 0.503ns (37.013%)  route 0.856ns (62.988%))
  Logic Levels:           5  (LUT2=1 LUT6=4)
  Clock Path Skew:        -0.145ns (DCD - SCD + CPR)
    Destination Clock Delay (DCD):    2.863ns = ( 4.863 - 2.000 ) 
    Source Clock Delay      (SCD):    3.290ns
    Clock Pessimism Removal (CPR):    0.282ns
  Clock Uncertainty:      0.035ns  ((TSJ^2 + TIJ^2)^1/2 + DJ) / 2 + PE + UU
    Total System Jitter     (TSJ):    0.071ns
    Total Input Jitter      (TIJ):    0.000ns
    Discrete Jitter          (DJ):    0.000ns
    Phase Error              (PE):    0.000ns
    User Uncertainty         (UU):    0.000ns

    Location             Delay type                Incr(ns)  Path(ns)    Netlist Resource(s)
  -------------------------------------------------------------------    -------------------
                         (clock clk rise edge)        0.000     0.000 r  
                                                      0.000     0.000 r  clk (IN)
                         net (fo=0)                   0.000     0.000    u_boundary_ibuf/I
                         INBUF (Prop_INBUF_PAD_O)     0.517     0.517 r  u_boundary_ibuf/INBUF_INST/O
                         net (fo=1, unplaced)         0.000     0.517    u_boundary_ibuf/OUT
                         IBUFCTRL (Prop_IBUFCTRL_I_O)
                                                      0.000     0.517 r  u_boundary_ibuf/IBUFCTRL_INST/O
                         net (fo=1, unplaced)         0.161     0.678    clk_ibuf
                         BUFGCE (Prop_BUFGCE_I_O)     0.028     0.706 r  u_boundary_bufg/O
                         net (fo=26838, unplaced)     2.584     3.290    u_dut/clk
                         FDCE                                         r  u_dut/lfnst_grid_reg[15][7]/C
  -------------------------------------------------------------------    -------------------
                         FDCE (Prop_FDCE_C_Q)         0.077     3.367 r  u_dut/lfnst_grid_reg[15][7]/Q
                         net (fo=1, unplaced)         0.154     3.521    u_dut/lfnst_grid_reg[15][7]
                         LUT6 (Prop_LUT6_I0_O)        0.150     3.671 r  u_dut/u_unified_p4_kernel_i_708/O
                         net (fo=2, unplaced)         0.141     3.812    u_dut/u_unified_p4_kernel_i_708_n_0
                         LUT6 (Prop_LUT6_I1_O)        0.100     3.912 r  u_dut/u_unified_p4_kernel_i_470/O
                         net (fo=2, unplaced)         0.186     4.098    u_dut/u_unified_p4_kernel_i_470_n_0
                         LUT6 (Prop_LUT6_I5_O)        0.038     4.136 r  u_dut/u_unified_p4_kernel_i_295/O
                         net (fo=1, unplaced)         0.186     4.322    u_dut/lfnst_grid[7]
                         LUT2 (Prop_LUT2_I1_O)        0.038     4.360 f  u_dut/u_unified_p4_kernel_i_100/O
                         net (fo=1, unplaced)         0.141     4.501    u_dut/u_unified_p4_kernel_i_100_n_0
                         LUT6 (Prop_LUT6_I1_O)        0.100     4.601 r  u_dut/u_unified_p4_kernel_i_11/O
                         net (fo=1, unplaced)         0.048     4.649    u_dut/u_unified_p4_kernel/in_data[55]
                         FDRE                                         r  u_dut/u_unified_p4_kernel/ingress_data_q_reg[55]/D
  -------------------------------------------------------------------    -------------------

                         (clock clk rise edge)        2.000     2.000 r  
                                                      0.000     2.000 r  clk (IN)
                         net (fo=0)                   0.000     2.000    u_boundary_ibuf/I
                         INBUF (Prop_INBUF_PAD_O)     0.267     2.267 r  u_boundary_ibuf/INBUF_INST/O
                         net (fo=1, unplaced)         0.000     2.267    u_boundary_ibuf/OUT
                         IBUFCTRL (Prop_IBUFCTRL_I_O)
                                                      0.000     2.267 r  u_boundary_ibuf/IBUFCTRL_INST/O
                         net (fo=1, unplaced)         0.133     2.400    clk_ibuf
                         BUFGCE (Prop_BUFGCE_I_O)     0.024     2.424 r  u_boundary_bufg/O
                         net (fo=26838, unplaced)     2.439     4.863    u_dut/u_unified_p4_kernel/clk
                         FDRE                                         r  u_dut/u_unified_p4_kernel/ingress_data_q_reg[55]/C
                         clock pessimism              0.282     5.145    
                         clock uncertainty           -0.035     5.110    
                         FDRE (Setup_FDRE_C_D)        0.025     5.135    u_dut/u_unified_p4_kernel/ingress_data_q_reg[55]
  -------------------------------------------------------------------
                         required time                          5.135    
                         arrival time                          -4.649    
  -------------------------------------------------------------------
                         slack                                  0.486    

Slack (MET) :             0.486ns  (required time - arrival time)
  Source:                 u_dut/lfnst_grid_reg[15][8]/C
                            (rising edge-triggered cell FDCE clocked by clk  {rise@0.000ns fall@1.000ns period=2.000ns})
  Destination:            u_dut/u_unified_p4_kernel/ingress_data_q_reg[56]/D
                            (rising edge-triggered cell FDRE clocked by clk  {rise@0.000ns fall@1.000ns period=2.000ns})
  Path Group:             clk
  Path Type:              Setup (Max at Slow Process Corner)
  Requirement:            2.000ns  (clk rise@2.000ns - clk rise@0.000ns)
  Data Path Delay:        1.359ns  (logic 0.503ns (37.013%)  route 0.856ns (62.988%))
  Logic Levels:           5  (LUT2=1 LUT6=4)
  Clock Path Skew:        -0.145ns (DCD - SCD + CPR)
    Destination Clock Delay (DCD):    2.863ns = ( 4.863 - 2.000 ) 
    Source Clock Delay      (SCD):    3.290ns
    Clock Pessimism Removal (CPR):    0.282ns
  Clock Uncertainty:      0.035ns  ((TSJ^2 + TIJ^2)^1/2 + DJ) / 2 + PE + UU
    Total System Jitter     (TSJ):    0.071ns
    Total Input Jitter      (TIJ):    0.000ns
    Discrete Jitter          (DJ):    0.000ns
    Phase Error              (PE):    0.000ns
    User Uncertainty         (UU):    0.000ns

    Location             Delay type                Incr(ns)  Path(ns)    Netlist Resource(s)
  -------------------------------------------------------------------    -------------------
                         (clock clk rise edge)        0.000     0.000 r  
                                                      0.000     0.000 r  clk (IN)
                         net (fo=0)                   0.000     0.000    u_boundary_ibuf/I
                         INBUF (Prop_INBUF_PAD_O)     0.517     0.517 r  u_boundary_ibuf/INBUF_INST/O
                         net (fo=1, unplaced)         0.000     0.517    u_boundary_ibuf/OUT
                         IBUFCTRL (Prop_IBUFCTRL_I_O)
                                                      0.000     0.517 r  u_boundary_ibuf/IBUFCTRL_INST/O
                         net (fo=1, unplaced)         0.161     0.678    clk_ibuf
                         BUFGCE (Prop_BUFGCE_I_O)     0.028     0.706 r  u_boundary_bufg/O
                         net (fo=26838, unplaced)     2.584     3.290    u_dut/clk
                         FDCE                                         r  u_dut/lfnst_grid_reg[15][8]/C
  -------------------------------------------------------------------    -------------------
                         FDCE (Prop_FDCE_C_Q)         0.077     3.367 r  u_dut/lfnst_grid_reg[15][8]/Q
                         net (fo=1, unplaced)         0.154     3.521    u_dut/lfnst_grid_reg[15][8]
                         LUT6 (Prop_LUT6_I0_O)        0.150     3.671 r  u_dut/u_unified_p4_kernel_i_696/O
                         net (fo=2, unplaced)         0.141     3.812    u_dut/u_unified_p4_kernel_i_696_n_0
                         LUT6 (Prop_LUT6_I1_O)        0.100     3.912 r  u_dut/u_unified_p4_kernel_i_466/O
                         net (fo=2, unplaced)         0.186     4.098    u_dut/u_unified_p4_kernel_i_466_n_0
                         LUT6 (Prop_LUT6_I5_O)        0.038     4.136 r  u_dut/u_unified_p4_kernel_i_294/O
                         net (fo=1, unplaced)         0.186     4.322    u_dut/lfnst_grid[8]
                         LUT2 (Prop_LUT2_I1_O)        0.038     4.360 f  u_dut/u_unified_p4_kernel_i_97/O
                         net (fo=1, unplaced)         0.141     4.501    u_dut/u_unified_p4_kernel_i_97_n_0
                         LUT6 (Prop_LUT6_I1_O)        0.100     4.601 r  u_dut/u_unified_p4_kernel_i_10/O
                         net (fo=1, unplaced)         0.048     4.649    u_dut/u_unified_p4_kernel/in_data[56]
                         FDRE                                         r  u_dut/u_unified_p4_kernel/ingress_data_q_reg[56]/D
  -------------------------------------------------------------------    -------------------

                         (clock clk rise edge)        2.000     2.000 r  
                                                      0.000     2.000 r  clk (IN)
                         net (fo=0)                   0.000     2.000    u_boundary_ibuf/I
                         INBUF (Prop_INBUF_PAD_O)     0.267     2.267 r  u_boundary_ibuf/INBUF_INST/O
                         net (fo=1, unplaced)         0.000     2.267    u_boundary_ibuf/OUT
                         IBUFCTRL (Prop_IBUFCTRL_I_O)
                                                      0.000     2.267 r  u_boundary_ibuf/IBUFCTRL_INST/O
                         net (fo=1, unplaced)         0.133     2.400    clk_ibuf
                         BUFGCE (Prop_BUFGCE_I_O)     0.024     2.424 r  u_boundary_bufg/O
                         net (fo=26838, unplaced)     2.439     4.863    u_dut/u_unified_p4_kernel/clk
                         FDRE                                         r  u_dut/u_unified_p4_kernel/ingress_data_q_reg[56]/C
                         clock pessimism              0.282     5.145    
                         clock uncertainty           -0.035     5.110    
                         FDRE (Setup_FDRE_C_D)        0.025     5.135    u_dut/u_unified_p4_kernel/ingress_data_q_reg[56]
  -------------------------------------------------------------------
                         required time                          5.135    
                         arrival time                          -4.649    
  -------------------------------------------------------------------
                         slack                                  0.486    

Slack (MET) :             0.486ns  (required time - arrival time)
  Source:                 u_dut/lfnst_grid_reg[15][9]/C
                            (rising edge-triggered cell FDCE clocked by clk  {rise@0.000ns fall@1.000ns period=2.000ns})
  Destination:            u_dut/u_unified_p4_kernel/ingress_data_q_reg[57]/D
                            (rising edge-triggered cell FDRE clocked by clk  {rise@0.000ns fall@1.000ns period=2.000ns})
  Path Group:             clk
  Path Type:              Setup (Max at Slow Process Corner)
  Requirement:            2.000ns  (clk rise@2.000ns - clk rise@0.000ns)
  Data Path Delay:        1.359ns  (logic 0.503ns (37.013%)  route 0.856ns (62.988%))
  Logic Levels:           5  (LUT2=1 LUT6=4)
  Clock Path Skew:        -0.145ns (DCD - SCD + CPR)
    Destination Clock Delay (DCD):    2.863ns = ( 4.863 - 2.000 ) 
    Source Clock Delay      (SCD):    3.290ns
    Clock Pessimism Removal (CPR):    0.282ns
  Clock Uncertainty:      0.035ns  ((TSJ^2 + TIJ^2)^1/2 + DJ) / 2 + PE + UU
    Total System Jitter     (TSJ):    0.071ns
    Total Input Jitter      (TIJ):    0.000ns
    Discrete Jitter          (DJ):    0.000ns
    Phase Error              (PE):    0.000ns
    User Uncertainty         (UU):    0.000ns

    Location             Delay type                Incr(ns)  Path(ns)    Netlist Resource(s)
  -------------------------------------------------------------------    -------------------
                         (clock clk rise edge)        0.000     0.000 r  
                                                      0.000     0.000 r  clk (IN)
                         net (fo=0)                   0.000     0.000    u_boundary_ibuf/I
                         INBUF (Prop_INBUF_PAD_O)     0.517     0.517 r  u_boundary_ibuf/INBUF_INST/O
                         net (fo=1, unplaced)         0.000     0.517    u_boundary_ibuf/OUT
                         IBUFCTRL (Prop_IBUFCTRL_I_O)
                                                      0.000     0.517 r  u_boundary_ibuf/IBUFCTRL_INST/O
                         net (fo=1, unplaced)         0.161     0.678    clk_ibuf
                         BUFGCE (Prop_BUFGCE_I_O)     0.028     0.706 r  u_boundary_bufg/O
                         net (fo=26838, unplaced)     2.584     3.290    u_dut/clk
                         FDCE                                         r  u_dut/lfnst_grid_reg[15][9]/C
  -------------------------------------------------------------------    -------------------
                         FDCE (Prop_FDCE_C_Q)         0.077     3.367 r  u_dut/lfnst_grid_reg[15][9]/Q
                         net (fo=1, unplaced)         0.154     3.521    u_dut/lfnst_grid_reg[15][9]
                         LUT6 (Prop_LUT6_I0_O)        0.150     3.671 r  u_dut/u_unified_p4_kernel_i_684/O
                         net (fo=2, unplaced)         0.141     3.812    u_dut/u_unified_p4_kernel_i_684_n_0
                         LUT6 (Prop_LUT6_I1_O)        0.100     3.912 r  u_dut/u_unified_p4_kernel_i_462/O
                         net (fo=2, unplaced)         0.186     4.098    u_dut/u_unified_p4_kernel_i_462_n_0
                         LUT6 (Prop_LUT6_I5_O)        0.038     4.136 r  u_dut/u_unified_p4_kernel_i_293/O
                         net (fo=1, unplaced)         0.186     4.322    u_dut/lfnst_grid[9]
                         LUT2 (Prop_LUT2_I1_O)        0.038     4.360 f  u_dut/u_unified_p4_kernel_i_94/O
                         net (fo=1, unplaced)         0.141     4.501    u_dut/u_unified_p4_kernel_i_94_n_0
                         LUT6 (Prop_LUT6_I1_O)        0.100     4.601 r  u_dut/u_unified_p4_kernel_i_9/O
                         net (fo=1, unplaced)         0.048     4.649    u_dut/u_unified_p4_kernel/in_data[57]
                         FDRE                                         r  u_dut/u_unified_p4_kernel/ingress_data_q_reg[57]/D
  -------------------------------------------------------------------    -------------------

                         (clock clk rise edge)        2.000     2.000 r  
                                                      0.000     2.000 r  clk (IN)
                         net (fo=0)                   0.000     2.000    u_boundary_ibuf/I
                         INBUF (Prop_INBUF_PAD_O)     0.267     2.267 r  u_boundary_ibuf/INBUF_INST/O
                         net (fo=1, unplaced)         0.000     2.267    u_boundary_ibuf/OUT
                         IBUFCTRL (Prop_IBUFCTRL_I_O)
                                                      0.000     2.267 r  u_boundary_ibuf/IBUFCTRL_INST/O
                         net (fo=1, unplaced)         0.133     2.400    clk_ibuf
                         BUFGCE (Prop_BUFGCE_I_O)     0.024     2.424 r  u_boundary_bufg/O
                         net (fo=26838, unplaced)     2.439     4.863    u_dut/u_unified_p4_kernel/clk
                         FDRE                                         r  u_dut/u_unified_p4_kernel/ingress_data_q_reg[57]/C
                         clock pessimism              0.282     5.145    
                         clock uncertainty           -0.035     5.110    
                         FDRE (Setup_FDRE_C_D)        0.025     5.135    u_dut/u_unified_p4_kernel/ingress_data_q_reg[57]
  -------------------------------------------------------------------
                         required time                          5.135    
                         arrival time                          -4.649    
  -------------------------------------------------------------------
                         slack                                  0.486    

Slack (MET) :             0.486ns  (required time - arrival time)
  Source:                 u_dut/lfnst_grid_reg[15][10]/C
                            (rising edge-triggered cell FDCE clocked by clk  {rise@0.000ns fall@1.000ns period=2.000ns})
  Destination:            u_dut/u_unified_p4_kernel/ingress_data_q_reg[58]/D
                            (rising edge-triggered cell FDRE clocked by clk  {rise@0.000ns fall@1.000ns period=2.000ns})
  Path Group:             clk
  Path Type:              Setup (Max at Slow Process Corner)
  Requirement:            2.000ns  (clk rise@2.000ns - clk rise@0.000ns)
  Data Path Delay:        1.359ns  (logic 0.503ns (37.013%)  route 0.856ns (62.988%))
  Logic Levels:           5  (LUT2=1 LUT6=4)
  Clock Path Skew:        -0.145ns (DCD - SCD + CPR)
    Destination Clock Delay (DCD):    2.863ns = ( 4.863 - 2.000 ) 
    Source Clock Delay      (SCD):    3.290ns
    Clock Pessimism Removal (CPR):    0.282ns
  Clock Uncertainty:      0.035ns  ((TSJ^2 + TIJ^2)^1/2 + DJ) / 2 + PE + UU
    Total System Jitter     (TSJ):    0.071ns
    Total Input Jitter      (TIJ):    0.000ns
    Discrete Jitter          (DJ):    0.000ns
    Phase Error              (PE):    0.000ns
    User Uncertainty         (UU):    0.000ns

    Location             Delay type                Incr(ns)  Path(ns)    Netlist Resource(s)
  -------------------------------------------------------------------    -------------------
                         (clock clk rise edge)        0.000     0.000 r  
                                                      0.000     0.000 r  clk (IN)
                         net (fo=0)                   0.000     0.000    u_boundary_ibuf/I
                         INBUF (Prop_INBUF_PAD_O)     0.517     0.517 r  u_boundary_ibuf/INBUF_INST/O
                         net (fo=1, unplaced)         0.000     0.517    u_boundary_ibuf/OUT
                         IBUFCTRL (Prop_IBUFCTRL_I_O)
                                                      0.000     0.517 r  u_boundary_ibuf/IBUFCTRL_INST/O
                         net (fo=1, unplaced)         0.161     0.678    clk_ibuf
                         BUFGCE (Prop_BUFGCE_I_O)     0.028     0.706 r  u_boundary_bufg/O
                         net (fo=26838, unplaced)     2.584     3.290    u_dut/clk
                         FDCE                                         r  u_dut/lfnst_grid_reg[15][10]/C
  -------------------------------------------------------------------    -------------------
                         FDCE (Prop_FDCE_C_Q)         0.077     3.367 r  u_dut/lfnst_grid_reg[15][10]/Q
                         net (fo=1, unplaced)         0.154     3.521    u_dut/lfnst_grid_reg[15][10]
                         LUT6 (Prop_LUT6_I0_O)        0.150     3.671 r  u_dut/u_unified_p4_kernel_i_672/O
                         net (fo=2, unplaced)         0.141     3.812    u_dut/u_unified_p4_kernel_i_672_n_0
                         LUT6 (Prop_LUT6_I1_O)        0.100     3.912 r  u_dut/u_unified_p4_kernel_i_458/O
                         net (fo=2, unplaced)         0.186     4.098    u_dut/u_unified_p4_kernel_i_458_n_0
                         LUT6 (Prop_LUT6_I5_O)        0.038     4.136 r  u_dut/u_unified_p4_kernel_i_292/O
                         net (fo=1, unplaced)         0.186     4.322    u_dut/lfnst_grid[10]
                         LUT2 (Prop_LUT2_I1_O)        0.038     4.360 f  u_dut/u_unified_p4_kernel_i_91/O
                         net (fo=1, unplaced)         0.141     4.501    u_dut/u_unified_p4_kernel_i_91_n_0
                         LUT6 (Prop_LUT6_I1_O)        0.100     4.601 r  u_dut/u_unified_p4_kernel_i_8/O
                         net (fo=1, unplaced)         0.048     4.649    u_dut/u_unified_p4_kernel/in_data[58]
                         FDRE                                         r  u_dut/u_unified_p4_kernel/ingress_data_q_reg[58]/D
  -------------------------------------------------------------------    -------------------

                         (clock clk rise edge)        2.000     2.000 r  
                                                      0.000     2.000 r  clk (IN)
                         net (fo=0)                   0.000     2.000    u_boundary_ibuf/I
                         INBUF (Prop_INBUF_PAD_O)     0.267     2.267 r  u_boundary_ibuf/INBUF_INST/O
                         net (fo=1, unplaced)         0.000     2.267    u_boundary_ibuf/OUT
                         IBUFCTRL (Prop_IBUFCTRL_I_O)
                                                      0.000     2.267 r  u_boundary_ibuf/IBUFCTRL_INST/O
                         net (fo=1, unplaced)         0.133     2.400    clk_ibuf
                         BUFGCE (Prop_BUFGCE_I_O)     0.024     2.424 r  u_boundary_bufg/O
                         net (fo=26838, unplaced)     2.439     4.863    u_dut/u_unified_p4_kernel/clk
                         FDRE                                         r  u_dut/u_unified_p4_kernel/ingress_data_q_reg[58]/C
                         clock pessimism              0.282     5.145    
                         clock uncertainty           -0.035     5.110    
                         FDRE (Setup_FDRE_C_D)        0.025     5.135    u_dut/u_unified_p4_kernel/ingress_data_q_reg[58]
  -------------------------------------------------------------------
                         required time                          5.135    
                         arrival time                          -4.649    
  -------------------------------------------------------------------
                         slack                                  0.486    

Slack (MET) :             0.486ns  (required time - arrival time)
  Source:                 u_dut/lfnst_grid_reg[15][11]/C
                            (rising edge-triggered cell FDCE clocked by clk  {rise@0.000ns fall@1.000ns period=2.000ns})
  Destination:            u_dut/u_unified_p4_kernel/ingress_data_q_reg[59]/D
                            (rising edge-triggered cell FDRE clocked by clk  {rise@0.000ns fall@1.000ns period=2.000ns})
  Path Group:             clk
  Path Type:              Setup (Max at Slow Process Corner)
  Requirement:            2.000ns  (clk rise@2.000ns - clk rise@0.000ns)
  Data Path Delay:        1.359ns  (logic 0.503ns (37.013%)  route 0.856ns (62.988%))
  Logic Levels:           5  (LUT2=1 LUT6=4)
  Clock Path Skew:        -0.145ns (DCD - SCD + CPR)
    Destination Clock Delay (DCD):    2.863ns = ( 4.863 - 2.000 ) 
    Source Clock Delay      (SCD):    3.290ns
    Clock Pessimism Removal (CPR):    0.282ns
  Clock Uncertainty:      0.035ns  ((TSJ^2 + TIJ^2)^1/2 + DJ) / 2 + PE + UU
    Total System Jitter     (TSJ):    0.071ns
    Total Input Jitter      (TIJ):    0.000ns
    Discrete Jitter          (DJ):    0.000ns
    Phase Error              (PE):    0.000ns
    User Uncertainty         (UU):    0.000ns

    Location             Delay type                Incr(ns)  Path(ns)    Netlist Resource(s)
  -------------------------------------------------------------------    -------------------
                         (clock clk rise edge)        0.000     0.000 r  
                                                      0.000     0.000 r  clk (IN)
                         net (fo=0)                   0.000     0.000    u_boundary_ibuf/I
                         INBUF (Prop_INBUF_PAD_O)     0.517     0.517 r  u_boundary_ibuf/INBUF_INST/O
                         net (fo=1, unplaced)         0.000     0.517    u_boundary_ibuf/OUT
                         IBUFCTRL (Prop_IBUFCTRL_I_O)
                                                      0.000     0.517 r  u_boundary_ibuf/IBUFCTRL_INST/O
                         net (fo=1, unplaced)         0.161     0.678    clk_ibuf
                         BUFGCE (Prop_BUFGCE_I_O)     0.028     0.706 r  u_boundary_bufg/O
                         net (fo=26838, unplaced)     2.584     3.290    u_dut/clk
                         FDCE                                         r  u_dut/lfnst_grid_reg[15][11]/C
  -------------------------------------------------------------------    -------------------
                         FDCE (Prop_FDCE_C_Q)         0.077     3.367 r  u_dut/lfnst_grid_reg[15][11]/Q
                         net (fo=1, unplaced)         0.154     3.521    u_dut/lfnst_grid_reg[15][11]
                         LUT6 (Prop_LUT6_I0_O)        0.150     3.671 r  u_dut/u_unified_p4_kernel_i_660/O
                         net (fo=2, unplaced)         0.141     3.812    u_dut/u_unified_p4_kernel_i_660_n_0
                         LUT6 (Prop_LUT6_I1_O)        0.100     3.912 r  u_dut/u_unified_p4_kernel_i_454/O
                         net (fo=2, unplaced)         0.186     4.098    u_dut/u_unified_p4_kernel_i_454_n_0
                         LUT6 (Prop_LUT6_I5_O)        0.038     4.136 r  u_dut/u_unified_p4_kernel_i_291/O
                         net (fo=1, unplaced)         0.186     4.322    u_dut/lfnst_grid[11]
                         LUT2 (Prop_LUT2_I1_O)        0.038     4.360 f  u_dut/u_unified_p4_kernel_i_88/O
                         net (fo=1, unplaced)         0.141     4.501    u_dut/u_unified_p4_kernel_i_88_n_0
                         LUT6 (Prop_LUT6_I1_O)        0.100     4.601 r  u_dut/u_unified_p4_kernel_i_7/O
                         net (fo=1, unplaced)         0.048     4.649    u_dut/u_unified_p4_kernel/in_data[59]
                         FDRE                                         r  u_dut/u_unified_p4_kernel/ingress_data_q_reg[59]/D
  -------------------------------------------------------------------    -------------------

                         (clock clk rise edge)        2.000     2.000 r  
                                                      0.000     2.000 r  clk (IN)
                         net (fo=0)                   0.000     2.000    u_boundary_ibuf/I
                         INBUF (Prop_INBUF_PAD_O)     0.267     2.267 r  u_boundary_ibuf/INBUF_INST/O
                         net (fo=1, unplaced)         0.000     2.267    u_boundary_ibuf/OUT
                         IBUFCTRL (Prop_IBUFCTRL_I_O)
                                                      0.000     2.267 r  u_boundary_ibuf/IBUFCTRL_INST/O
                         net (fo=1, unplaced)         0.133     2.400    clk_ibuf
                         BUFGCE (Prop_BUFGCE_I_O)     0.024     2.424 r  u_boundary_bufg/O
                         net (fo=26838, unplaced)     2.439     4.863    u_dut/u_unified_p4_kernel/clk
                         FDRE                                         r  u_dut/u_unified_p4_kernel/ingress_data_q_reg[59]/C
                         clock pessimism              0.282     5.145    
                         clock uncertainty           -0.035     5.110    
                         FDRE (Setup_FDRE_C_D)        0.025     5.135    u_dut/u_unified_p4_kernel/ingress_data_q_reg[59]
  -------------------------------------------------------------------
                         required time                          5.135    
                         arrival time                          -4.649    
  -------------------------------------------------------------------
                         slack                                  0.486    

Slack (MET) :             0.486ns  (required time - arrival time)
  Source:                 u_dut/lfnst_grid_reg[15][12]/C
                            (rising edge-triggered cell FDCE clocked by clk  {rise@0.000ns fall@1.000ns period=2.000ns})
  Destination:            u_dut/u_unified_p4_kernel/ingress_data_q_reg[60]/D
                            (rising edge-triggered cell FDRE clocked by clk  {rise@0.000ns fall@1.000ns period=2.000ns})
  Path Group:             clk
  Path Type:              Setup (Max at Slow Process Corner)
  Requirement:            2.000ns  (clk rise@2.000ns - clk rise@0.000ns)
  Data Path Delay:        1.359ns  (logic 0.503ns (37.013%)  route 0.856ns (62.988%))
  Logic Levels:           5  (LUT2=1 LUT6=4)
  Clock Path Skew:        -0.145ns (DCD - SCD + CPR)
    Destination Clock Delay (DCD):    2.863ns = ( 4.863 - 2.000 ) 
    Source Clock Delay      (SCD):    3.290ns
    Clock Pessimism Removal (CPR):    0.282ns
  Clock Uncertainty:      0.035ns  ((TSJ^2 + TIJ^2)^1/2 + DJ) / 2 + PE + UU
    Total System Jitter     (TSJ):    0.071ns
    Total Input Jitter      (TIJ):    0.000ns
    Discrete Jitter          (DJ):    0.000ns
    Phase Error              (PE):    0.000ns
    User Uncertainty         (UU):    0.000ns

    Location             Delay type                Incr(ns)  Path(ns)    Netlist Resource(s)
  -------------------------------------------------------------------    -------------------
                         (clock clk rise edge)        0.000     0.000 r  
                                                      0.000     0.000 r  clk (IN)
                         net (fo=0)                   0.000     0.000    u_boundary_ibuf/I
                         INBUF (Prop_INBUF_PAD_O)     0.517     0.517 r  u_boundary_ibuf/INBUF_INST/O
                         net (fo=1, unplaced)         0.000     0.517    u_boundary_ibuf/OUT
                         IBUFCTRL (Prop_IBUFCTRL_I_O)
                                                      0.000     0.517 r  u_boundary_ibuf/IBUFCTRL_INST/O
                         net (fo=1, unplaced)         0.161     0.678    clk_ibuf
                         BUFGCE (Prop_BUFGCE_I_O)     0.028     0.706 r  u_boundary_bufg/O
                         net (fo=26838, unplaced)     2.584     3.290    u_dut/clk
                         FDCE                                         r  u_dut/lfnst_grid_reg[15][12]/C
  -------------------------------------------------------------------    -------------------
                         FDCE (Prop_FDCE_C_Q)         0.077     3.367 r  u_dut/lfnst_grid_reg[15][12]/Q
                         net (fo=1, unplaced)         0.154     3.521    u_dut/lfnst_grid_reg[15][12]
                         LUT6 (Prop_LUT6_I0_O)        0.150     3.671 r  u_dut/u_unified_p4_kernel_i_648/O
                         net (fo=2, unplaced)         0.141     3.812    u_dut/u_unified_p4_kernel_i_648_n_0
                         LUT6 (Prop_LUT6_I1_O)        0.100     3.912 r  u_dut/u_unified_p4_kernel_i_450/O
                         net (fo=2, unplaced)         0.186     4.098    u_dut/u_unified_p4_kernel_i_450_n_0
                         LUT6 (Prop_LUT6_I5_O)        0.038     4.136 r  u_dut/u_unified_p4_kernel_i_290/O
                         net (fo=1, unplaced)         0.186     4.322    u_dut/lfnst_grid[12]
                         LUT2 (Prop_LUT2_I1_O)        0.038     4.360 f  u_dut/u_unified_p4_kernel_i_85/O
                         net (fo=1, unplaced)         0.141     4.501    u_dut/u_unified_p4_kernel_i_85_n_0
                         LUT6 (Prop_LUT6_I1_O)        0.100     4.601 r  u_dut/u_unified_p4_kernel_i_6/O
                         net (fo=1, unplaced)         0.048     4.649    u_dut/u_unified_p4_kernel/in_data[60]
                         FDRE                                         r  u_dut/u_unified_p4_kernel/ingress_data_q_reg[60]/D
  -------------------------------------------------------------------    -------------------

                         (clock clk rise edge)        2.000     2.000 r  
                                                      0.000     2.000 r  clk (IN)
                         net (fo=0)                   0.000     2.000    u_boundary_ibuf/I
                         INBUF (Prop_INBUF_PAD_O)     0.267     2.267 r  u_boundary_ibuf/INBUF_INST/O
                         net (fo=1, unplaced)         0.000     2.267    u_boundary_ibuf/OUT
                         IBUFCTRL (Prop_IBUFCTRL_I_O)
                                                      0.000     2.267 r  u_boundary_ibuf/IBUFCTRL_INST/O
                         net (fo=1, unplaced)         0.133     2.400    clk_ibuf
                         BUFGCE (Prop_BUFGCE_I_O)     0.024     2.424 r  u_boundary_bufg/O
                         net (fo=26838, unplaced)     2.439     4.863    u_dut/u_unified_p4_kernel/clk
                         FDRE                                         r  u_dut/u_unified_p4_kernel/ingress_data_q_reg[60]/C
                         clock pessimism              0.282     5.145    
                         clock uncertainty           -0.035     5.110    
                         FDRE (Setup_FDRE_C_D)        0.025     5.135    u_dut/u_unified_p4_kernel/ingress_data_q_reg[60]
  -------------------------------------------------------------------
                         required time                          5.135    
                         arrival time                          -4.649    
  -------------------------------------------------------------------
                         slack                                  0.486    

Slack (MET) :             0.486ns  (required time - arrival time)
  Source:                 u_dut/lfnst_grid_reg[15][13]/C
                            (rising edge-triggered cell FDCE clocked by clk  {rise@0.000ns fall@1.000ns period=2.000ns})
  Destination:            u_dut/u_unified_p4_kernel/ingress_data_q_reg[61]/D
                            (rising edge-triggered cell FDRE clocked by clk  {rise@0.000ns fall@1.000ns period=2.000ns})
  Path Group:             clk
  Path Type:              Setup (Max at Slow Process Corner)
  Requirement:            2.000ns  (clk rise@2.000ns - clk rise@0.000ns)
  Data Path Delay:        1.359ns  (logic 0.503ns (37.013%)  route 0.856ns (62.988%))
  Logic Levels:           5  (LUT2=1 LUT6=4)
  Clock Path Skew:        -0.145ns (DCD - SCD + CPR)
    Destination Clock Delay (DCD):    2.863ns = ( 4.863 - 2.000 ) 
    Source Clock Delay      (SCD):    3.290ns
    Clock Pessimism Removal (CPR):    0.282ns
  Clock Uncertainty:      0.035ns  ((TSJ^2 + TIJ^2)^1/2 + DJ) / 2 + PE + UU
    Total System Jitter     (TSJ):    0.071ns
    Total Input Jitter      (TIJ):    0.000ns
    Discrete Jitter          (DJ):    0.000ns
    Phase Error              (PE):    0.000ns
    User Uncertainty         (UU):    0.000ns

    Location             Delay type                Incr(ns)  Path(ns)    Netlist Resource(s)
  -------------------------------------------------------------------    -------------------
                         (clock clk rise edge)        0.000     0.000 r  
                                                      0.000     0.000 r  clk (IN)
                         net (fo=0)                   0.000     0.000    u_boundary_ibuf/I
                         INBUF (Prop_INBUF_PAD_O)     0.517     0.517 r  u_boundary_ibuf/INBUF_INST/O
                         net (fo=1, unplaced)         0.000     0.517    u_boundary_ibuf/OUT
                         IBUFCTRL (Prop_IBUFCTRL_I_O)
                                                      0.000     0.517 r  u_boundary_ibuf/IBUFCTRL_INST/O
                         net (fo=1, unplaced)         0.161     0.678    clk_ibuf
                         BUFGCE (Prop_BUFGCE_I_O)     0.028     0.706 r  u_boundary_bufg/O
                         net (fo=26838, unplaced)     2.584     3.290    u_dut/clk
                         FDCE                                         r  u_dut/lfnst_grid_reg[15][13]/C
  -------------------------------------------------------------------    -------------------
                         FDCE (Prop_FDCE_C_Q)         0.077     3.367 r  u_dut/lfnst_grid_reg[15][13]/Q
                         net (fo=1, unplaced)         0.154     3.521    u_dut/lfnst_grid_reg[15][13]
                         LUT6 (Prop_LUT6_I0_O)        0.150     3.671 r  u_dut/u_unified_p4_kernel_i_636/O
                         net (fo=2, unplaced)         0.141     3.812    u_dut/u_unified_p4_kernel_i_636_n_0
                         LUT6 (Prop_LUT6_I1_O)        0.100     3.912 r  u_dut/u_unified_p4_kernel_i_446/O
                         net (fo=2, unplaced)         0.186     4.098    u_dut/u_unified_p4_kernel_i_446_n_0
                         LUT6 (Prop_LUT6_I5_O)        0.038     4.136 r  u_dut/u_unified_p4_kernel_i_289/O
                         net (fo=1, unplaced)         0.186     4.322    u_dut/lfnst_grid[13]
                         LUT2 (Prop_LUT2_I1_O)        0.038     4.360 f  u_dut/u_unified_p4_kernel_i_82/O
                         net (fo=1, unplaced)         0.141     4.501    u_dut/u_unified_p4_kernel_i_82_n_0
                         LUT6 (Prop_LUT6_I1_O)        0.100     4.601 r  u_dut/u_unified_p4_kernel_i_5/O
                         net (fo=1, unplaced)         0.048     4.649    u_dut/u_unified_p4_kernel/in_data[61]
                         FDRE                                         r  u_dut/u_unified_p4_kernel/ingress_data_q_reg[61]/D
  -------------------------------------------------------------------    -------------------

                         (clock clk rise edge)        2.000     2.000 r  
                                                      0.000     2.000 r  clk (IN)
                         net (fo=0)                   0.000     2.000    u_boundary_ibuf/I
                         INBUF (Prop_INBUF_PAD_O)     0.267     2.267 r  u_boundary_ibuf/INBUF_INST/O
                         net (fo=1, unplaced)         0.000     2.267    u_boundary_ibuf/OUT
                         IBUFCTRL (Prop_IBUFCTRL_I_O)
                                                      0.000     2.267 r  u_boundary_ibuf/IBUFCTRL_INST/O
                         net (fo=1, unplaced)         0.133     2.400    clk_ibuf
                         BUFGCE (Prop_BUFGCE_I_O)     0.024     2.424 r  u_boundary_bufg/O
                         net (fo=26838, unplaced)     2.439     4.863    u_dut/u_unified_p4_kernel/clk
                         FDRE                                         r  u_dut/u_unified_p4_kernel/ingress_data_q_reg[61]/C
                         clock pessimism              0.282     5.145    
                         clock uncertainty           -0.035     5.110    
                         FDRE (Setup_FDRE_C_D)        0.025     5.135    u_dut/u_unified_p4_kernel/ingress_data_q_reg[61]
  -------------------------------------------------------------------
                         required time                          5.135    
                         arrival time                          -4.649    
  -------------------------------------------------------------------
                         slack                                  0.486    

Slack (MET) :             0.486ns  (required time - arrival time)
  Source:                 u_dut/lfnst_grid_reg[15][14]/C
                            (rising edge-triggered cell FDCE clocked by clk  {rise@0.000ns fall@1.000ns period=2.000ns})
  Destination:            u_dut/u_unified_p4_kernel/ingress_data_q_reg[62]/D
                            (rising edge-triggered cell FDRE clocked by clk  {rise@0.000ns fall@1.000ns period=2.000ns})
  Path Group:             clk
  Path Type:              Setup (Max at Slow Process Corner)
  Requirement:            2.000ns  (clk rise@2.000ns - clk rise@0.000ns)
  Data Path Delay:        1.359ns  (logic 0.503ns (37.013%)  route 0.856ns (62.988%))
  Logic Levels:           5  (LUT2=1 LUT6=4)
  Clock Path Skew:        -0.145ns (DCD - SCD + CPR)
    Destination Clock Delay (DCD):    2.863ns = ( 4.863 - 2.000 ) 
    Source Clock Delay      (SCD):    3.290ns
    Clock Pessimism Removal (CPR):    0.282ns
  Clock Uncertainty:      0.035ns  ((TSJ^2 + TIJ^2)^1/2 + DJ) / 2 + PE + UU
    Total System Jitter     (TSJ):    0.071ns
    Total Input Jitter      (TIJ):    0.000ns
    Discrete Jitter          (DJ):    0.000ns
    Phase Error              (PE):    0.000ns
    User Uncertainty         (UU):    0.000ns

    Location             Delay type                Incr(ns)  Path(ns)    Netlist Resource(s)
  -------------------------------------------------------------------    -------------------
                         (clock clk rise edge)        0.000     0.000 r  
                                                      0.000     0.000 r  clk (IN)
                         net (fo=0)                   0.000     0.000    u_boundary_ibuf/I
                         INBUF (Prop_INBUF_PAD_O)     0.517     0.517 r  u_boundary_ibuf/INBUF_INST/O
                         net (fo=1, unplaced)         0.000     0.517    u_boundary_ibuf/OUT
                         IBUFCTRL (Prop_IBUFCTRL_I_O)
                                                      0.000     0.517 r  u_boundary_ibuf/IBUFCTRL_INST/O
                         net (fo=1, unplaced)         0.161     0.678    clk_ibuf
                         BUFGCE (Prop_BUFGCE_I_O)     0.028     0.706 r  u_boundary_bufg/O
                         net (fo=26838, unplaced)     2.584     3.290    u_dut/clk
                         FDCE                                         r  u_dut/lfnst_grid_reg[15][14]/C
  -------------------------------------------------------------------    -------------------
                         FDCE (Prop_FDCE_C_Q)         0.077     3.367 r  u_dut/lfnst_grid_reg[15][14]/Q
                         net (fo=1, unplaced)         0.154     3.521    u_dut/lfnst_grid_reg[15][14]
                         LUT6 (Prop_LUT6_I0_O)        0.150     3.671 r  u_dut/u_unified_p4_kernel_i_624/O
                         net (fo=2, unplaced)         0.141     3.812    u_dut/u_unified_p4_kernel_i_624_n_0
                         LUT6 (Prop_LUT6_I1_O)        0.100     3.912 r  u_dut/u_unified_p4_kernel_i_442/O
                         net (fo=2, unplaced)         0.186     4.098    u_dut/u_unified_p4_kernel_i_442_n_0
                         LUT6 (Prop_LUT6_I5_O)        0.038     4.136 r  u_dut/u_unified_p4_kernel_i_288/O
                         net (fo=1, unplaced)         0.186     4.322    u_dut/lfnst_grid[14]
                         LUT2 (Prop_LUT2_I1_O)        0.038     4.360 f  u_dut/u_unified_p4_kernel_i_79/O
                         net (fo=1, unplaced)         0.141     4.501    u_dut/u_unified_p4_kernel_i_79_n_0
                         LUT6 (Prop_LUT6_I1_O)        0.100     4.601 r  u_dut/u_unified_p4_kernel_i_4/O
                         net (fo=1, unplaced)         0.048     4.649    u_dut/u_unified_p4_kernel/in_data[62]
                         FDRE                                         r  u_dut/u_unified_p4_kernel/ingress_data_q_reg[62]/D
  -------------------------------------------------------------------    -------------------

                         (clock clk rise edge)        2.000     2.000 r  
                                                      0.000     2.000 r  clk (IN)
                         net (fo=0)                   0.000     2.000    u_boundary_ibuf/I
                         INBUF (Prop_INBUF_PAD_O)     0.267     2.267 r  u_boundary_ibuf/INBUF_INST/O
                         net (fo=1, unplaced)         0.000     2.267    u_boundary_ibuf/OUT
                         IBUFCTRL (Prop_IBUFCTRL_I_O)
                                                      0.000     2.267 r  u_boundary_ibuf/IBUFCTRL_INST/O
                         net (fo=1, unplaced)         0.133     2.400    clk_ibuf
                         BUFGCE (Prop_BUFGCE_I_O)     0.024     2.424 r  u_boundary_bufg/O
                         net (fo=26838, unplaced)     2.439     4.863    u_dut/u_unified_p4_kernel/clk
                         FDRE                                         r  u_dut/u_unified_p4_kernel/ingress_data_q_reg[62]/C
                         clock pessimism              0.282     5.145    
                         clock uncertainty           -0.035     5.110    
                         FDRE (Setup_FDRE_C_D)        0.025     5.135    u_dut/u_unified_p4_kernel/ingress_data_q_reg[62]
  -------------------------------------------------------------------
                         required time                          5.135    
                         arrival time                          -4.649    
  -------------------------------------------------------------------
                         slack                                  0.486    

Slack (MET) :             0.486ns  (required time - arrival time)
  Source:                 u_dut/lfnst_grid_reg[15][15]/C
                            (rising edge-triggered cell FDCE clocked by clk  {rise@0.000ns fall@1.000ns period=2.000ns})
  Destination:            u_dut/u_unified_p4_kernel/ingress_data_q_reg[63]/D
                            (rising edge-triggered cell FDRE clocked by clk  {rise@0.000ns fall@1.000ns period=2.000ns})
  Path Group:             clk
  Path Type:              Setup (Max at Slow Process Corner)
  Requirement:            2.000ns  (clk rise@2.000ns - clk rise@0.000ns)
  Data Path Delay:        1.359ns  (logic 0.503ns (37.013%)  route 0.856ns (62.988%))
  Logic Levels:           5  (LUT2=1 LUT6=4)
  Clock Path Skew:        -0.145ns (DCD - SCD + CPR)
    Destination Clock Delay (DCD):    2.863ns = ( 4.863 - 2.000 ) 
    Source Clock Delay      (SCD):    3.290ns
    Clock Pessimism Removal (CPR):    0.282ns
  Clock Uncertainty:      0.035ns  ((TSJ^2 + TIJ^2)^1/2 + DJ) / 2 + PE + UU
    Total System Jitter     (TSJ):    0.071ns
    Total Input Jitter      (TIJ):    0.000ns
    Discrete Jitter          (DJ):    0.000ns
    Phase Error              (PE):    0.000ns
    User Uncertainty         (UU):    0.000ns

    Location             Delay type                Incr(ns)  Path(ns)    Netlist Resource(s)
  -------------------------------------------------------------------    -------------------
                         (clock clk rise edge)        0.000     0.000 r  
                                                      0.000     0.000 r  clk (IN)
                         net (fo=0)                   0.000     0.000    u_boundary_ibuf/I
                         INBUF (Prop_INBUF_PAD_O)     0.517     0.517 r  u_boundary_ibuf/INBUF_INST/O
                         net (fo=1, unplaced)         0.000     0.517    u_boundary_ibuf/OUT
                         IBUFCTRL (Prop_IBUFCTRL_I_O)
                                                      0.000     0.517 r  u_boundary_ibuf/IBUFCTRL_INST/O
                         net (fo=1, unplaced)         0.161     0.678    clk_ibuf
                         BUFGCE (Prop_BUFGCE_I_O)     0.028     0.706 r  u_boundary_bufg/O
                         net (fo=26838, unplaced)     2.584     3.290    u_dut/clk
                         FDCE                                         r  u_dut/lfnst_grid_reg[15][15]/C
  -------------------------------------------------------------------    -------------------
                         FDCE (Prop_FDCE_C_Q)         0.077     3.367 r  u_dut/lfnst_grid_reg[15][15]/Q
                         net (fo=1, unplaced)         0.154     3.521    u_dut/lfnst_grid_reg[15][15]
                         LUT6 (Prop_LUT6_I0_O)        0.150     3.671 r  u_dut/u_unified_p4_kernel_i_601/O
                         net (fo=2, unplaced)         0.141     3.812    u_dut/u_unified_p4_kernel_i_601_n_0
                         LUT6 (Prop_LUT6_I1_O)        0.100     3.912 r  u_dut/u_unified_p4_kernel_i_418/O
                         net (fo=2, unplaced)         0.186     4.098    u_dut/u_unified_p4_kernel_i_418_n_0
                         LUT6 (Prop_LUT6_I5_O)        0.038     4.136 r  u_dut/u_unified_p4_kernel_i_278/O
                         net (fo=1, unplaced)         0.186     4.322    u_dut/lfnst_grid[15]
                         LUT2 (Prop_LUT2_I1_O)        0.038     4.360 f  u_dut/u_unified_p4_kernel_i_73/O
                         net (fo=1, unplaced)         0.141     4.501    u_dut/u_unified_p4_kernel_i_73_n_0
                         LUT6 (Prop_LUT6_I1_O)        0.100     4.601 r  u_dut/u_unified_p4_kernel_i_3/O
                         net (fo=1, unplaced)         0.048     4.649    u_dut/u_unified_p4_kernel/in_data[63]
                         FDRE                                         r  u_dut/u_unified_p4_kernel/ingress_data_q_reg[63]/D
  -------------------------------------------------------------------    -------------------

                         (clock clk rise edge)        2.000     2.000 r  
                                                      0.000     2.000 r  clk (IN)
                         net (fo=0)                   0.000     2.000    u_boundary_ibuf/I
                         INBUF (Prop_INBUF_PAD_O)     0.267     2.267 r  u_boundary_ibuf/INBUF_INST/O
                         net (fo=1, unplaced)         0.000     2.267    u_boundary_ibuf/OUT
                         IBUFCTRL (Prop_IBUFCTRL_I_O)
                                                      0.000     2.267 r  u_boundary_ibuf/IBUFCTRL_INST/O
                         net (fo=1, unplaced)         0.133     2.400    clk_ibuf
                         BUFGCE (Prop_BUFGCE_I_O)     0.024     2.424 r  u_boundary_bufg/O
                         net (fo=26838, unplaced)     2.439     4.863    u_dut/u_unified_p4_kernel/clk
                         FDRE                                         r  u_dut/u_unified_p4_kernel/ingress_data_q_reg[63]/C
                         clock pessimism              0.282     5.145    
                         clock uncertainty           -0.035     5.110    
                         FDRE (Setup_FDRE_C_D)        0.025     5.135    u_dut/u_unified_p4_kernel/ingress_data_q_reg[63]
  -------------------------------------------------------------------
                         required time                          5.135    
                         arrival time                          -4.649    
  -------------------------------------------------------------------
                         slack                                  0.486    

Slack (MET) :             0.504ns  (required time - arrival time)
  Source:                 u_dut/lfnst_grid_reg[15][0]/C
                            (rising edge-triggered cell FDCE clocked by clk  {rise@0.000ns fall@1.000ns period=2.000ns})
  Destination:            u_dut/u_unified_p4_kernel/ingress_data_q_reg[16]/D
                            (rising edge-triggered cell FDRE clocked by clk  {rise@0.000ns fall@1.000ns period=2.000ns})
  Path Group:             clk
  Path Type:              Setup (Max at Slow Process Corner)
  Requirement:            2.000ns  (clk rise@2.000ns - clk rise@0.000ns)
  Data Path Delay:        1.341ns  (logic 0.528ns (39.374%)  route 0.813ns (60.626%))
  Logic Levels:           5  (LUT2=1 LUT6=4)
  Clock Path Skew:        -0.145ns (DCD - SCD + CPR)
    Destination Clock Delay (DCD):    2.863ns = ( 4.863 - 2.000 ) 
    Source Clock Delay      (SCD):    3.290ns
    Clock Pessimism Removal (CPR):    0.282ns
  Clock Uncertainty:      0.035ns  ((TSJ^2 + TIJ^2)^1/2 + DJ) / 2 + PE + UU
    Total System Jitter     (TSJ):    0.071ns
    Total Input Jitter      (TIJ):    0.000ns
    Discrete Jitter          (DJ):    0.000ns
    Phase Error              (PE):    0.000ns
    User Uncertainty         (UU):    0.000ns

    Location             Delay type                Incr(ns)  Path(ns)    Netlist Resource(s)
  -------------------------------------------------------------------    -------------------
                         (clock clk rise edge)        0.000     0.000 r  
                                                      0.000     0.000 r  clk (IN)
                         net (fo=0)                   0.000     0.000    u_boundary_ibuf/I
                         INBUF (Prop_INBUF_PAD_O)     0.517     0.517 r  u_boundary_ibuf/INBUF_INST/O
                         net (fo=1, unplaced)         0.000     0.517    u_boundary_ibuf/OUT
                         IBUFCTRL (Prop_IBUFCTRL_I_O)
                                                      0.000     0.517 r  u_boundary_ibuf/IBUFCTRL_INST/O
                         net (fo=1, unplaced)         0.161     0.678    clk_ibuf
                         BUFGCE (Prop_BUFGCE_I_O)     0.028     0.706 r  u_boundary_bufg/O
                         net (fo=26838, unplaced)     2.584     3.290    u_dut/clk
                         FDCE                                         r  u_dut/lfnst_grid_reg[15][0]/C
  -------------------------------------------------------------------    -------------------
                         FDCE (Prop_FDCE_C_Q)         0.077     3.367 r  u_dut/lfnst_grid_reg[15][0]/Q
                         net (fo=1, unplaced)         0.154     3.521    u_dut/lfnst_grid_reg[15][0]
                         LUT6 (Prop_LUT6_I0_O)        0.150     3.671 r  u_dut/u_unified_p4_kernel_i_792/O
                         net (fo=2, unplaced)         0.141     3.812    u_dut/u_unified_p4_kernel_i_792_n_0
                         LUT6 (Prop_LUT6_I1_O)        0.100     3.912 r  u_dut/u_unified_p4_kernel_i_498/O
                         net (fo=2, unplaced)         0.186     4.098    u_dut/u_unified_p4_kernel_i_498_n_0
                         LUT6 (Prop_LUT6_I5_O)        0.038     4.136 r  u_dut/u_unified_p4_kernel_i_378/O
                         net (fo=1, unplaced)         0.186     4.322    u_dut/u_unified_p4_kernel_i_378_n_0
                         LUT2 (Prop_LUT2_I1_O)        0.038     4.360 f  u_dut/u_unified_p4_kernel_i_223/O
                         net (fo=1, unplaced)         0.098     4.458    u_dut/u_unified_p4_kernel_i_223_n_0
                         LUT6 (Prop_LUT6_I1_O)        0.125     4.583 r  u_dut/u_unified_p4_kernel_i_50/O
                         net (fo=1, unplaced)         0.048     4.631    u_dut/u_unified_p4_kernel/in_data[16]
                         FDRE                                         r  u_dut/u_unified_p4_kernel/ingress_data_q_reg[16]/D
  -------------------------------------------------------------------    -------------------

                         (clock clk rise edge)        2.000     2.000 r  
                                                      0.000     2.000 r  clk (IN)
                         net (fo=0)                   0.000     2.000    u_boundary_ibuf/I
                         INBUF (Prop_INBUF_PAD_O)     0.267     2.267 r  u_boundary_ibuf/INBUF_INST/O
                         net (fo=1, unplaced)         0.000     2.267    u_boundary_ibuf/OUT
                         IBUFCTRL (Prop_IBUFCTRL_I_O)
                                                      0.000     2.267 r  u_boundary_ibuf/IBUFCTRL_INST/O
                         net (fo=1, unplaced)         0.133     2.400    clk_ibuf
                         BUFGCE (Prop_BUFGCE_I_O)     0.024     2.424 r  u_boundary_bufg/O
                         net (fo=26838, unplaced)     2.439     4.863    u_dut/u_unified_p4_kernel/clk
                         FDRE                                         r  u_dut/u_unified_p4_kernel/ingress_data_q_reg[16]/C
                         clock pessimism              0.282     5.145    
                         clock uncertainty           -0.035     5.110    
                         FDRE (Setup_FDRE_C_D)        0.025     5.135    u_dut/u_unified_p4_kernel/ingress_data_q_reg[16]
  -------------------------------------------------------------------
                         required time                          5.135    
                         arrival time                          -4.631    
  -------------------------------------------------------------------
                         slack                                  0.504    

Slack (MET) :             0.504ns  (required time - arrival time)
  Source:                 u_dut/lfnst_grid_reg[15][1]/C
                            (rising edge-triggered cell FDCE clocked by clk  {rise@0.000ns fall@1.000ns period=2.000ns})
  Destination:            u_dut/u_unified_p4_kernel/ingress_data_q_reg[17]/D
                            (rising edge-triggered cell FDRE clocked by clk  {rise@0.000ns fall@1.000ns period=2.000ns})
  Path Group:             clk
  Path Type:              Setup (Max at Slow Process Corner)
  Requirement:            2.000ns  (clk rise@2.000ns - clk rise@0.000ns)
  Data Path Delay:        1.341ns  (logic 0.528ns (39.374%)  route 0.813ns (60.626%))
  Logic Levels:           5  (LUT2=1 LUT6=4)
  Clock Path Skew:        -0.145ns (DCD - SCD + CPR)
    Destination Clock Delay (DCD):    2.863ns = ( 4.863 - 2.000 ) 
    Source Clock Delay      (SCD):    3.290ns
    Clock Pessimism Removal (CPR):    0.282ns
  Clock Uncertainty:      0.035ns  ((TSJ^2 + TIJ^2)^1/2 + DJ) / 2 + PE + UU
    Total System Jitter     (TSJ):    0.071ns
    Total Input Jitter      (TIJ):    0.000ns
    Discrete Jitter          (DJ):    0.000ns
    Phase Error              (PE):    0.000ns
    User Uncertainty         (UU):    0.000ns

    Location             Delay type                Incr(ns)  Path(ns)    Netlist Resource(s)
  -------------------------------------------------------------------    -------------------
                         (clock clk rise edge)        0.000     0.000 r  
                                                      0.000     0.000 r  clk (IN)
                         net (fo=0)                   0.000     0.000    u_boundary_ibuf/I
                         INBUF (Prop_INBUF_PAD_O)     0.517     0.517 r  u_boundary_ibuf/INBUF_INST/O
                         net (fo=1, unplaced)         0.000     0.517    u_boundary_ibuf/OUT
                         IBUFCTRL (Prop_IBUFCTRL_I_O)
                                                      0.000     0.517 r  u_boundary_ibuf/IBUFCTRL_INST/O
                         net (fo=1, unplaced)         0.161     0.678    clk_ibuf
                         BUFGCE (Prop_BUFGCE_I_O)     0.028     0.706 r  u_boundary_bufg/O
                         net (fo=26838, unplaced)     2.584     3.290    u_dut/clk
                         FDCE                                         r  u_dut/lfnst_grid_reg[15][1]/C
  -------------------------------------------------------------------    -------------------
                         FDCE (Prop_FDCE_C_Q)         0.077     3.367 r  u_dut/lfnst_grid_reg[15][1]/Q
                         net (fo=1, unplaced)         0.154     3.521    u_dut/lfnst_grid_reg[15][1]
                         LUT6 (Prop_LUT6_I0_O)        0.150     3.671 r  u_dut/u_unified_p4_kernel_i_780/O
                         net (fo=2, unplaced)         0.141     3.812    u_dut/u_unified_p4_kernel_i_780_n_0
                         LUT6 (Prop_LUT6_I1_O)        0.100     3.912 r  u_dut/u_unified_p4_kernel_i_494/O
                         net (fo=2, unplaced)         0.186     4.098    u_dut/u_unified_p4_kernel_i_494_n_0
                         LUT6 (Prop_LUT6_I5_O)        0.038     4.136 r  u_dut/u_unified_p4_kernel_i_376/O
                         net (fo=1, unplaced)         0.186     4.322    u_dut/u_unified_p4_kernel_i_376_n_0
                         LUT2 (Prop_LUT2_I1_O)        0.038     4.360 f  u_dut/u_unified_p4_kernel_i_220/O
                         net (fo=1, unplaced)         0.098     4.458    u_dut/u_unified_p4_kernel_i_220_n_0
                         LUT6 (Prop_LUT6_I1_O)        0.125     4.583 r  u_dut/u_unified_p4_kernel_i_49/O
                         net (fo=1, unplaced)         0.048     4.631    u_dut/u_unified_p4_kernel/in_data[17]
                         FDRE                                         r  u_dut/u_unified_p4_kernel/ingress_data_q_reg[17]/D
  -------------------------------------------------------------------    -------------------

                         (clock clk rise edge)        2.000     2.000 r  
                                                      0.000     2.000 r  clk (IN)
                         net (fo=0)                   0.000     2.000    u_boundary_ibuf/I
                         INBUF (Prop_INBUF_PAD_O)     0.267     2.267 r  u_boundary_ibuf/INBUF_INST/O
                         net (fo=1, unplaced)         0.000     2.267    u_boundary_ibuf/OUT
                         IBUFCTRL (Prop_IBUFCTRL_I_O)
                                                      0.000     2.267 r  u_boundary_ibuf/IBUFCTRL_INST/O
                         net (fo=1, unplaced)         0.133     2.400    clk_ibuf
                         BUFGCE (Prop_BUFGCE_I_O)     0.024     2.424 r  u_boundary_bufg/O
                         net (fo=26838, unplaced)     2.439     4.863    u_dut/u_unified_p4_kernel/clk
                         FDRE                                         r  u_dut/u_unified_p4_kernel/ingress_data_q_reg[17]/C
                         clock pessimism              0.282     5.145    
                         clock uncertainty           -0.035     5.110    
                         FDRE (Setup_FDRE_C_D)        0.025     5.135    u_dut/u_unified_p4_kernel/ingress_data_q_reg[17]
  -------------------------------------------------------------------
                         required time                          5.135    
                         arrival time                          -4.631    
  -------------------------------------------------------------------
                         slack                                  0.504    




