"endpoint","startpoint","slack","path_group","launch_clock","capture_clock","start_cell","start_ref","start_hierarchy","end_cell","end_ref","end_hierarchy","logic_levels","logic_delay_ns","routing_delay_ns","datapath_delay_ns","routing_fraction","start_loc","end_loc","start_clock_region","end_clock_region","raw_structural_signature","normalized_structural_signature","classification_bucket","source_family","endpoint_family","violation_magnitude_ns"
"sink_it_data_out_q_reg[10]/D","u_dut/output_index_reg[3]_replica_2/C","-0.055000000","clk","clk","clk","u_dut/output_index_reg[3]_replica_2","FDCE","u_dut/output_index_reg_replica_2","sink_it_data_out_q_reg[10]","FDCE","sink_it_data_out_q_reg","5","0.475000000","1.593000000","2.068000000","0.770309478","SLICE_X73Y47","SLICE_X54Y63","","","SIGNATURE_SKIPPED|FDCE|FDCE","SIGNATURE_SKIPPED|FDCE|FDCE","DUT_TO_SINK_BOUNDARY","u_dut/output_index_reg_replica_2","harness/sink_boundary","0.055000000"
"sink_it_data_out_q_reg[11]/D","u_dut/output_index_reg[2]_replica_6/C","-0.010000000","clk","clk","clk","u_dut/output_index_reg[2]_replica_6","FDCE","u_dut/output_index_reg_replica_6","sink_it_data_out_q_reg[11]","FDCE","sink_it_data_out_q_reg","5","0.452000000","1.529000000","1.981000000","0.771832408","SLICE_X68Y52","SLICE_X54Y54","","","SIGNATURE_SKIPPED|FDCE|FDCE","SIGNATURE_SKIPPED|FDCE|FDCE","DUT_TO_SINK_BOUNDARY","u_dut/output_index_reg_replica_6","harness/sink_boundary","0.010000000"
"sink_it_data_out_q_reg[12]/D","u_dut/output_index_reg[1]_replica_5/C","-0.030000000","clk","clk","clk","u_dut/output_index_reg[1]_replica_5","FDCE","u_dut/output_index_reg_replica_5","sink_it_data_out_q_reg[12]","FDCE","sink_it_data_out_q_reg","5","0.500000000","1.483000000","1.983000000","0.747856783","SLICE_X64Y51","SLICE_X54Y54","","","SIGNATURE_SKIPPED|FDCE|FDCE","SIGNATURE_SKIPPED|FDCE|FDCE","DUT_TO_SINK_BOUNDARY","u_dut/output_index_reg_replica_5","harness/sink_boundary","0.030000000"
"sink_it_data_out_q_reg[14]/D","u_dut/output_index_reg[0]_replica_2/C","-0.023000000","clk","clk","clk","u_dut/output_index_reg[0]_replica_2","FDCE","u_dut/output_index_reg_replica_2","sink_it_data_out_q_reg[14]","FDCE","sink_it_data_out_q_reg","5","0.510000000","1.498000000","2.008000000","0.746015936","SLICE_X69Y46","SLICE_X54Y54","","","SIGNATURE_SKIPPED|FDCE|FDCE","SIGNATURE_SKIPPED|FDCE|FDCE","DUT_TO_SINK_BOUNDARY","u_dut/output_index_reg_replica_2","harness/sink_boundary","0.023000000"
"sink_it_data_out_q_reg[15]/D","u_dut/output_index_reg[0]_replica_6/C","-0.025000000","clk","clk","clk","u_dut/output_index_reg[0]_replica_6","FDCE","u_dut/output_index_reg_replica_6","sink_it_data_out_q_reg[15]","FDCE","sink_it_data_out_q_reg","5","0.548000000","1.461000000","2.009000000","0.727227476","SLICE_X68Y52","SLICE_X54Y60","","","SIGNATURE_SKIPPED|FDCE|FDCE","SIGNATURE_SKIPPED|FDCE|FDCE","DUT_TO_SINK_BOUNDARY","u_dut/output_index_reg_replica_6","harness/sink_boundary","0.025000000"
"sink_it_data_out_q_reg[16]/D","u_dut/output_index_reg[0]_replica_2/C","-0.045000000","clk","clk","clk","u_dut/output_index_reg[0]_replica_2","FDCE","u_dut/output_index_reg_replica_2","sink_it_data_out_q_reg[16]","FDCE","sink_it_data_out_q_reg","5","0.455000000","1.575000000","2.030000000","0.775862069","SLICE_X69Y46","SLICE_X54Y54","","","SIGNATURE_SKIPPED|FDCE|FDCE","SIGNATURE_SKIPPED|FDCE|FDCE","DUT_TO_SINK_BOUNDARY","u_dut/output_index_reg_replica_2","harness/sink_boundary","0.045000000"
"sink_it_data_out_q_reg[20]/D","u_dut/output_index_reg[0]_replica_3/C","-0.022000000","clk","clk","clk","u_dut/output_index_reg[0]_replica_3","FDCE","u_dut/output_index_reg_replica_3","sink_it_data_out_q_reg[20]","FDCE","sink_it_data_out_q_reg","5","0.584000000","1.235000000","1.819000000","0.678944475","SLICE_X74Y63","SLICE_X69Y50","","","SIGNATURE_SKIPPED|FDCE|FDCE","SIGNATURE_SKIPPED|FDCE|FDCE","DUT_TO_SINK_BOUNDARY","u_dut/output_index_reg_replica_3","harness/sink_boundary","0.022000000"
"sink_it_data_out_q_reg[21]/D","u_dut/output_index_reg[0]_replica_4/C","-0.062000000","clk","clk","clk","u_dut/output_index_reg[0]_replica_4","FDCE","u_dut/output_index_reg_replica_4","sink_it_data_out_q_reg[21]","FDCE","sink_it_data_out_q_reg","5","0.512000000","1.459000000","1.971000000","0.740233384","SLICE_X73Y46","SLICE_X73Y65","","","SIGNATURE_SKIPPED|FDCE|FDCE","SIGNATURE_SKIPPED|FDCE|FDCE","DUT_TO_SINK_BOUNDARY","u_dut/output_index_reg_replica_4","harness/sink_boundary","0.062000000"
"sink_it_data_out_q_reg[22]/D","u_dut/output_index_reg[1]_replica_3/C","-0.045000000","clk","clk","clk","u_dut/output_index_reg[1]_replica_3","FDCE","u_dut/output_index_reg_replica_3","sink_it_data_out_q_reg[22]","FDCE","sink_it_data_out_q_reg","5","0.553000000","1.417000000","1.970000000","0.719289340","SLICE_X73Y46","SLICE_X72Y68","","","SIGNATURE_SKIPPED|FDCE|FDCE","SIGNATURE_SKIPPED|FDCE|FDCE","DUT_TO_SINK_BOUNDARY","u_dut/output_index_reg_replica_3","harness/sink_boundary","0.045000000"
"sink_it_data_out_q_reg[25]/D","u_dut/output_index_reg[1]_replica_3/C","-0.040000000","clk","clk","clk","u_dut/output_index_reg[1]_replica_3","FDCE","u_dut/output_index_reg_replica_3","sink_it_data_out_q_reg[25]","FDCE","sink_it_data_out_q_reg","5","0.497000000","1.452000000","1.949000000","0.744997435","SLICE_X73Y46","SLICE_X73Y62","","","SIGNATURE_SKIPPED|FDCE|FDCE","SIGNATURE_SKIPPED|FDCE|FDCE","DUT_TO_SINK_BOUNDARY","u_dut/output_index_reg_replica_3","harness/sink_boundary","0.040000000"
"sink_it_data_out_q_reg[27]/D","u_dut/output_index_reg[0]_replica_3/C","-0.048000000","clk","clk","clk","u_dut/output_index_reg[0]_replica_3","FDCE","u_dut/output_index_reg_replica_3","sink_it_data_out_q_reg[27]","FDCE","sink_it_data_out_q_reg","5","0.538000000","1.378000000","1.916000000","0.719206681","SLICE_X74Y63","SLICE_X73Y67","","","SIGNATURE_SKIPPED|FDCE|FDCE","SIGNATURE_SKIPPED|FDCE|FDCE","DUT_TO_SINK_BOUNDARY","u_dut/output_index_reg_replica_3","harness/sink_boundary","0.048000000"
"sink_it_data_out_q_reg[28]/D","u_dut/output_index_reg[0]_replica_3/C","-0.052000000","clk","clk","clk","u_dut/output_index_reg[0]_replica_3","FDCE","u_dut/output_index_reg_replica_3","sink_it_data_out_q_reg[28]","FDCE","sink_it_data_out_q_reg","5","0.497000000","1.426000000","1.923000000","0.741549662","SLICE_X74Y63","SLICE_X73Y69","","","SIGNATURE_SKIPPED|FDCE|FDCE","SIGNATURE_SKIPPED|FDCE|FDCE","DUT_TO_SINK_BOUNDARY","u_dut/output_index_reg_replica_3","harness/sink_boundary","0.052000000"
"sink_it_data_out_q_reg[29]/D","u_dut/output_index_reg[0]_replica_3/C","-0.032000000","clk","clk","clk","u_dut/output_index_reg[0]_replica_3","FDCE","u_dut/output_index_reg_replica_3","sink_it_data_out_q_reg[29]","FDCE","sink_it_data_out_q_reg","5","0.554000000","1.345000000","1.899000000","0.708267509","SLICE_X74Y63","SLICE_X73Y65","","","SIGNATURE_SKIPPED|FDCE|FDCE","SIGNATURE_SKIPPED|FDCE|FDCE","DUT_TO_SINK_BOUNDARY","u_dut/output_index_reg_replica_3","harness/sink_boundary","0.032000000"
"sink_it_data_out_q_reg[31]/D","u_dut/output_index_reg[3]_replica_7/C","-0.033000000","clk","clk","clk","u_dut/output_index_reg[3]_replica_7","FDCE","u_dut/output_index_reg_replica_7","sink_it_data_out_q_reg[31]","FDCE","sink_it_data_out_q_reg","5","0.501000000","1.445000000","1.946000000","0.742548818","SLICE_X72Y52","SLICE_X68Y70","","","SIGNATURE_SKIPPED|FDCE|FDCE","SIGNATURE_SKIPPED|FDCE|FDCE","DUT_TO_SINK_BOUNDARY","u_dut/output_index_reg_replica_7","harness/sink_boundary","0.033000000"
"sink_it_data_out_q_reg[34]/D","u_dut/output_index_reg[2]_replica_3/C","-0.041000000","clk","clk","clk","u_dut/output_index_reg[2]_replica_3","FDCE","u_dut/output_index_reg_replica_3","sink_it_data_out_q_reg[34]","FDCE","sink_it_data_out_q_reg","5","0.451000000","1.519000000","1.970000000","0.771065990","SLICE_X73Y52","SLICE_X68Y67","","","SIGNATURE_SKIPPED|FDCE|FDCE","SIGNATURE_SKIPPED|FDCE|FDCE","DUT_TO_SINK_BOUNDARY","u_dut/output_index_reg_replica_3","harness/sink_boundary","0.041000000"
"sink_it_data_out_q_reg[35]/D","u_dut/output_index_reg[2]_replica_3/C","-0.023000000","clk","clk","clk","u_dut/output_index_reg[2]_replica_3","FDCE","u_dut/output_index_reg_replica_3","sink_it_data_out_q_reg[35]","FDCE","sink_it_data_out_q_reg","5","0.527000000","1.422000000","1.949000000","0.729604926","SLICE_X73Y52","SLICE_X68Y69","","","SIGNATURE_SKIPPED|FDCE|FDCE","SIGNATURE_SKIPPED|FDCE|FDCE","DUT_TO_SINK_BOUNDARY","u_dut/output_index_reg_replica_3","harness/sink_boundary","0.023000000"
"sink_it_data_out_q_reg[36]/D","u_dut/output_index_reg[2]_replica_3/C","-0.047000000","clk","clk","clk","u_dut/output_index_reg[2]_replica_3","FDCE","u_dut/output_index_reg_replica_3","sink_it_data_out_q_reg[36]","FDCE","sink_it_data_out_q_reg","5","0.508000000","1.462000000","1.970000000","0.742131980","SLICE_X73Y52","SLICE_X65Y67","","","SIGNATURE_SKIPPED|FDCE|FDCE","SIGNATURE_SKIPPED|FDCE|FDCE","DUT_TO_SINK_BOUNDARY","u_dut/output_index_reg_replica_3","harness/sink_boundary","0.047000000"
"sink_it_data_out_q_reg[37]/D","u_dut/output_index_reg[0]_replica_4/C","-0.057000000","clk","clk","clk","u_dut/output_index_reg[0]_replica_4","FDCE","u_dut/output_index_reg_replica_4","sink_it_data_out_q_reg[37]","FDCE","sink_it_data_out_q_reg","5","0.581000000","1.407000000","1.988000000","0.707746479","SLICE_X73Y46","SLICE_X64Y68","","","SIGNATURE_SKIPPED|FDCE|FDCE","SIGNATURE_SKIPPED|FDCE|FDCE","DUT_TO_SINK_BOUNDARY","u_dut/output_index_reg_replica_4","harness/sink_boundary","0.057000000"
"sink_it_data_out_q_reg[38]/D","u_dut/output_index_reg[0]_replica_3/C","-0.072000000","clk","clk","clk","u_dut/output_index_reg[0]_replica_3","FDCE","u_dut/output_index_reg_replica_3","sink_it_data_out_q_reg[38]","FDCE","sink_it_data_out_q_reg","5","0.531000000","1.351000000","1.882000000","0.717853348","SLICE_X74Y63","SLICE_X67Y58","","","SIGNATURE_SKIPPED|FDCE|FDCE","SIGNATURE_SKIPPED|FDCE|FDCE","DUT_TO_SINK_BOUNDARY","u_dut/output_index_reg_replica_3","harness/sink_boundary","0.072000000"
"sink_it_data_out_q_reg[39]/D","u_dut/output_index_reg[2]_replica_3/C","-0.042000000","clk","clk","clk","u_dut/output_index_reg[2]_replica_3","FDCE","u_dut/output_index_reg_replica_3","sink_it_data_out_q_reg[39]","FDCE","sink_it_data_out_q_reg","5","0.453000000","1.540000000","1.993000000","0.772704466","SLICE_X73Y52","SLICE_X62Y60","","","SIGNATURE_SKIPPED|FDCE|FDCE","SIGNATURE_SKIPPED|FDCE|FDCE","DUT_TO_SINK_BOUNDARY","u_dut/output_index_reg_replica_3","harness/sink_boundary","0.042000000"
"sink_it_data_out_q_reg[3]/D","u_dut/output_index_reg[0]_replica_2/C","-0.041000000","clk","clk","clk","u_dut/output_index_reg[0]_replica_2","FDCE","u_dut/output_index_reg_replica_2","sink_it_data_out_q_reg[3]","FDCE","sink_it_data_out_q_reg","5","0.502000000","1.453000000","1.955000000","0.743222506","SLICE_X69Y46","SLICE_X64Y59","","","SIGNATURE_SKIPPED|FDCE|FDCE","SIGNATURE_SKIPPED|FDCE|FDCE","DUT_TO_SINK_BOUNDARY","u_dut/output_index_reg_replica_2","harness/sink_boundary","0.041000000"
"sink_it_data_out_q_reg[4]/D","u_dut/output_index_reg[4]_replica/C","-0.084000000","clk","clk","clk","u_dut/output_index_reg[4]_replica","FDCE","u_dut/output_index_reg_replica","sink_it_data_out_q_reg[4]","FDCE","sink_it_data_out_q_reg","5","0.484000000","1.528000000","2.012000000","0.759443340","SLICE_X76Y40","SLICE_X64Y59","","","SIGNATURE_SKIPPED|FDCE|FDCE","SIGNATURE_SKIPPED|FDCE|FDCE","DUT_TO_SINK_BOUNDARY","u_dut/output_index_reg_replica","harness/sink_boundary","0.084000000"
"sink_it_data_out_q_reg[6]/D","u_dut/output_index_reg[2]_replica_4/C","-0.005000000","clk","clk","clk","u_dut/output_index_reg[2]_replica_4","FDCE","u_dut/output_index_reg_replica_4","sink_it_data_out_q_reg[6]","FDCE","sink_it_data_out_q_reg","5","0.534000000","1.398000000","1.932000000","0.723602484","SLICE_X73Y45","SLICE_X64Y59","","","SIGNATURE_SKIPPED|FDCE|FDCE","SIGNATURE_SKIPPED|FDCE|FDCE","DUT_TO_SINK_BOUNDARY","u_dut/output_index_reg_replica_4","harness/sink_boundary","0.005000000"
"sink_it_data_out_q_reg[7]/D","u_dut/output_index_reg[1]_replica/C","-0.023000000","clk","clk","clk","u_dut/output_index_reg[1]_replica","FDCE","u_dut/output_index_reg_replica","sink_it_data_out_q_reg[7]","FDCE","sink_it_data_out_q_reg","5","0.359000000","1.630000000","1.989000000","0.819507290","SLICE_X80Y41","SLICE_X62Y44","","","SIGNATURE_SKIPPED|FDCE|FDCE","SIGNATURE_SKIPPED|FDCE|FDCE","DUT_TO_SINK_BOUNDARY","u_dut/output_index_reg_replica","harness/sink_boundary","0.023000000"
"sink_it_data_out_q_reg[8]/D","u_dut/output_index_reg[2]_replica_7/C","-0.092000000","clk","clk","clk","u_dut/output_index_reg[2]_replica_7","FDCE","u_dut/output_index_reg_replica_7","sink_it_data_out_q_reg[8]","FDCE","sink_it_data_out_q_reg","5","0.493000000","1.527000000","2.020000000","0.755940594","SLICE_X74Y49","SLICE_X61Y43","","","SIGNATURE_SKIPPED|FDCE|FDCE","SIGNATURE_SKIPPED|FDCE|FDCE","DUT_TO_SINK_BOUNDARY","u_dut/output_index_reg_replica_7","harness/sink_boundary","0.092000000"
"sink_it_data_out_q_reg[9]/D","u_dut/output_index_reg[1]_replica_2/C","-0.055000000","clk","clk","clk","u_dut/output_index_reg[1]_replica_2","FDCE","u_dut/output_index_reg_replica_2","sink_it_data_out_q_reg[9]","FDCE","sink_it_data_out_q_reg","5","0.469000000","1.501000000","1.970000000","0.761928934","SLICE_X72Y45","SLICE_X69Y51","","","SIGNATURE_SKIPPED|FDCE|FDCE","SIGNATURE_SKIPPED|FDCE|FDCE","DUT_TO_SINK_BOUNDARY","u_dut/output_index_reg_replica_2","harness/sink_boundary","0.055000000"
"u_dut/desc_mem_reg[1][7]/CE","u_dut/scrub_active_reg/C","-0.004000000","clk","clk","clk","u_dut/scrub_active_reg","FDCE","u_dut/scrub_active_reg","u_dut/desc_mem_reg[1][7]","FDRE","u_dut/desc_mem_reg","4","0.523000000","1.265000000","1.788000000","0.707494407","SLICE_X77Y21","SLICE_X88Y20","","","SIGNATURE_SKIPPED|FDCE|FDRE","SIGNATURE_SKIPPED|FDCE|FDRE","DUT_INTERNAL","u_dut/scrub_active_reg","u_dut/desc_mem_reg","0.004000000"
"u_dut/fill_wr_bank_addr_q_reg[0][0][3]/D","u_dut/slot_width_reg[1][0]/C","-0.055000000","clk","clk","clk","u_dut/slot_width_reg[1][0]","FDCE","u_dut/slot_width_reg","u_dut/fill_wr_bank_addr_q_reg[0][0][3]","FDCE","u_dut/fill_wr_bank_addr_q_reg","2","0.328000000","1.672000000","2.000000000","0.836000000","SLICE_X84Y21","SLICE_X59Y26","","","SIGNATURE_SKIPPED|FDCE|FDCE","SIGNATURE_SKIPPED|FDCE|FDCE","DUT_INTERNAL","u_dut/slot_width_reg","u_dut/fill_wr_bank_addr_q_reg","0.055000000"
"u_dut/fill_wr_bank_addr_q_reg[0][0][6]/D","u_dut/slot_width_reg[1][3]/C","-0.018000000","clk","clk","clk","u_dut/slot_width_reg[1][3]","FDCE","u_dut/slot_width_reg","u_dut/fill_wr_bank_addr_q_reg[0][0][6]","FDCE","u_dut/fill_wr_bank_addr_q_reg","3","0.325000000","1.640000000","1.965000000","0.834605598","SLICE_X83Y19","SLICE_X63Y25","","","SIGNATURE_SKIPPED|FDCE|FDCE","SIGNATURE_SKIPPED|FDCE|FDCE","DUT_INTERNAL","u_dut/slot_width_reg","u_dut/fill_wr_bank_addr_q_reg","0.018000000"
"u_dut/fill_wr_bank_addr_q_reg[0][1][9]/D","u_dut/slot_width_reg[1][4]/C","-0.008000000","clk","clk","clk","u_dut/slot_width_reg[1][4]","FDCE","u_dut/slot_width_reg","u_dut/fill_wr_bank_addr_q_reg[0][1][9]","FDCE","u_dut/fill_wr_bank_addr_q_reg","3","0.304000000","1.674000000","1.978000000","0.846309403","SLICE_X80Y15","SLICE_X63Y11","","","SIGNATURE_SKIPPED|FDCE|FDCE","SIGNATURE_SKIPPED|FDCE|FDCE","DUT_INTERNAL","u_dut/slot_width_reg","u_dut/fill_wr_bank_addr_q_reg","0.008000000"
"u_dut/fill_wr_bank_addr_q_reg[1][1][3]/D","u_dut/slot_width_reg[1][0]/C","-0.032000000","clk","clk","clk","u_dut/slot_width_reg[1][0]","FDCE","u_dut/slot_width_reg","u_dut/fill_wr_bank_addr_q_reg[1][1][3]","FDCE","u_dut/fill_wr_bank_addr_q_reg","2","0.328000000","1.644000000","1.972000000","0.833671400","SLICE_X84Y21","SLICE_X63Y23","","","SIGNATURE_SKIPPED|FDCE|FDCE","SIGNATURE_SKIPPED|FDCE|FDCE","DUT_INTERNAL","u_dut/slot_width_reg","u_dut/fill_wr_bank_addr_q_reg","0.032000000"
"u_dut/fill_wr_bank_addr_q_reg[1][1][6]/D","u_dut/slot_width_reg[1][3]/C","-0.003000000","clk","clk","clk","u_dut/slot_width_reg[1][3]","FDCE","u_dut/slot_width_reg","u_dut/fill_wr_bank_addr_q_reg[1][1][6]","FDCE","u_dut/fill_wr_bank_addr_q_reg","3","0.325000000","1.636000000","1.961000000","0.834268230","SLICE_X83Y19","SLICE_X60Y13","","","SIGNATURE_SKIPPED|FDCE|FDCE","SIGNATURE_SKIPPED|FDCE|FDCE","DUT_INTERNAL","u_dut/slot_width_reg","u_dut/fill_wr_bank_addr_q_reg","0.003000000"
"u_dut/fill_wr_bank_addr_q_reg[1][2][6]/D","u_dut/slot_width_reg[1][3]/C","-0.042000000","clk","clk","clk","u_dut/slot_width_reg[1][3]","FDCE","u_dut/slot_width_reg","u_dut/fill_wr_bank_addr_q_reg[1][2][6]","FDCE","u_dut/fill_wr_bank_addr_q_reg","3","0.325000000","1.669000000","1.994000000","0.837011033","SLICE_X83Y19","SLICE_X63Y21","","","SIGNATURE_SKIPPED|FDCE|FDCE","SIGNATURE_SKIPPED|FDCE|FDCE","DUT_INTERNAL","u_dut/slot_width_reg","u_dut/fill_wr_bank_addr_q_reg","0.042000000"
"u_dut/gen_input_slots[0].gen_input_banks[1].u_input_cache_bank/data_mem_reg_128_191_14_15/RAMA/WADR2","u_dut/fill_wr_bank_addr_q_reg[0][1][2]/C","-0.003000000","clk","clk","clk","u_dut/fill_wr_bank_addr_q_reg[0][1][2]","FDCE","u_dut/fill_wr_bank_addr_q_reg","u_dut/gen_input_slots[0].gen_input_banks[1].u_input_cache_bank/data_mem_reg_128_191_14_15/RAMA","RAMD64E","u_dut/gen_input_slots.gen_input_banks.u_input_cache_bank/data_mem_reg_128_191_14_15/RAMA","0","0.081000000","1.651000000","1.732000000","0.953233256","SLICE_X64Y18","SLICE_X71Y24","","","SIGNATURE_SKIPPED|FDCE|RAMD64E","SIGNATURE_SKIPPED|FDCE|RAMD64E","DUT_INTERNAL","u_dut/fill_wr_bank_addr_q_reg","u_dut/input_cache_bank","0.003000000"
"u_dut/gen_input_slots[0].gen_input_banks[1].u_input_cache_bank/data_mem_reg_128_191_14_15/RAMB/WADR2","u_dut/fill_wr_bank_addr_q_reg[0][1][2]/C","-0.003000000","clk","clk","clk","u_dut/fill_wr_bank_addr_q_reg[0][1][2]","FDCE","u_dut/fill_wr_bank_addr_q_reg","u_dut/gen_input_slots[0].gen_input_banks[1].u_input_cache_bank/data_mem_reg_128_191_14_15/RAMB","RAMD64E","u_dut/gen_input_slots.gen_input_banks.u_input_cache_bank/data_mem_reg_128_191_14_15/RAMB","0","0.081000000","1.651000000","1.732000000","0.953233256","SLICE_X64Y18","SLICE_X71Y24","","","SIGNATURE_SKIPPED|FDCE|RAMD64E","SIGNATURE_SKIPPED|FDCE|RAMD64E","DUT_INTERNAL","u_dut/fill_wr_bank_addr_q_reg","u_dut/input_cache_bank","0.003000000"
"u_dut/gen_input_slots[0].gen_input_banks[1].u_input_cache_bank/data_mem_reg_128_191_14_15/RAMC/WADR2","u_dut/fill_wr_bank_addr_q_reg[0][1][2]/C","-0.003000000","clk","clk","clk","u_dut/fill_wr_bank_addr_q_reg[0][1][2]","FDCE","u_dut/fill_wr_bank_addr_q_reg","u_dut/gen_input_slots[0].gen_input_banks[1].u_input_cache_bank/data_mem_reg_128_191_14_15/RAMC","RAMD64E","u_dut/gen_input_slots.gen_input_banks.u_input_cache_bank/data_mem_reg_128_191_14_15/RAMC","0","0.081000000","1.651000000","1.732000000","0.953233256","SLICE_X64Y18","SLICE_X71Y24","","","SIGNATURE_SKIPPED|FDCE|RAMD64E","SIGNATURE_SKIPPED|FDCE|RAMD64E","DUT_INTERNAL","u_dut/fill_wr_bank_addr_q_reg","u_dut/input_cache_bank","0.003000000"
"u_dut/gen_input_slots[0].gen_input_banks[1].u_input_cache_bank/data_mem_reg_128_191_14_15/RAMD/WADR2","u_dut/fill_wr_bank_addr_q_reg[0][1][2]/C","-0.003000000","clk","clk","clk","u_dut/fill_wr_bank_addr_q_reg[0][1][2]","FDCE","u_dut/fill_wr_bank_addr_q_reg","u_dut/gen_input_slots[0].gen_input_banks[1].u_input_cache_bank/data_mem_reg_128_191_14_15/RAMD","RAMD64E","u_dut/gen_input_slots.gen_input_banks.u_input_cache_bank/data_mem_reg_128_191_14_15/RAMD","0","0.081000000","1.651000000","1.732000000","0.953233256","SLICE_X64Y18","SLICE_X71Y24","","","SIGNATURE_SKIPPED|FDCE|RAMD64E","SIGNATURE_SKIPPED|FDCE|RAMD64E","DUT_INTERNAL","u_dut/fill_wr_bank_addr_q_reg","u_dut/input_cache_bank","0.003000000"
"u_dut/gen_input_slots[0].gen_input_banks[1].u_input_cache_bank/data_mem_reg_640_703_0_6/RAMA/WADR0","u_dut/fill_wr_bank_addr_q_reg[0][1][0]/C","-0.038000000","clk","clk","clk","u_dut/fill_wr_bank_addr_q_reg[0][1][0]","FDCE","u_dut/fill_wr_bank_addr_q_reg","u_dut/gen_input_slots[0].gen_input_banks[1].u_input_cache_bank/data_mem_reg_640_703_0_6/RAMA","RAMD64E","u_dut/gen_input_slots.gen_input_banks.u_input_cache_bank/data_mem_reg_640_703_0_6/RAMA","0","0.081000000","1.634000000","1.715000000","0.952769679","SLICE_X72Y19","SLICE_X71Y16","","","SIGNATURE_SKIPPED|FDCE|RAMD64E","SIGNATURE_SKIPPED|FDCE|RAMD64E","DUT_INTERNAL","u_dut/fill_wr_bank_addr_q_reg","u_dut/input_cache_bank","0.038000000"
"u_dut/gen_input_slots[0].gen_input_banks[1].u_input_cache_bank/data_mem_reg_640_703_0_6/RAMB/WADR0","u_dut/fill_wr_bank_addr_q_reg[0][1][0]/C","-0.038000000","clk","clk","clk","u_dut/fill_wr_bank_addr_q_reg[0][1][0]","FDCE","u_dut/fill_wr_bank_addr_q_reg","u_dut/gen_input_slots[0].gen_input_banks[1].u_input_cache_bank/data_mem_reg_640_703_0_6/RAMB","RAMD64E","u_dut/gen_input_slots.gen_input_banks.u_input_cache_bank/data_mem_reg_640_703_0_6/RAMB","0","0.081000000","1.634000000","1.715000000","0.952769679","SLICE_X72Y19","SLICE_X71Y16","","","SIGNATURE_SKIPPED|FDCE|RAMD64E","SIGNATURE_SKIPPED|FDCE|RAMD64E","DUT_INTERNAL","u_dut/fill_wr_bank_addr_q_reg","u_dut/input_cache_bank","0.038000000"
"u_dut/gen_input_slots[0].gen_input_banks[1].u_input_cache_bank/data_mem_reg_640_703_0_6/RAMC/WADR0","u_dut/fill_wr_bank_addr_q_reg[0][1][0]/C","-0.038000000","clk","clk","clk","u_dut/fill_wr_bank_addr_q_reg[0][1][0]","FDCE","u_dut/fill_wr_bank_addr_q_reg","u_dut/gen_input_slots[0].gen_input_banks[1].u_input_cache_bank/data_mem_reg_640_703_0_6/RAMC","RAMD64E","u_dut/gen_input_slots.gen_input_banks.u_input_cache_bank/data_mem_reg_640_703_0_6/RAMC","0","0.081000000","1.634000000","1.715000000","0.952769679","SLICE_X72Y19","SLICE_X71Y16","","","SIGNATURE_SKIPPED|FDCE|RAMD64E","SIGNATURE_SKIPPED|FDCE|RAMD64E","DUT_INTERNAL","u_dut/fill_wr_bank_addr_q_reg","u_dut/input_cache_bank","0.038000000"
"u_dut/gen_input_slots[0].gen_input_banks[1].u_input_cache_bank/data_mem_reg_640_703_0_6/RAMD/WADR0","u_dut/fill_wr_bank_addr_q_reg[0][1][0]/C","-0.038000000","clk","clk","clk","u_dut/fill_wr_bank_addr_q_reg[0][1][0]","FDCE","u_dut/fill_wr_bank_addr_q_reg","u_dut/gen_input_slots[0].gen_input_banks[1].u_input_cache_bank/data_mem_reg_640_703_0_6/RAMD","RAMD64E","u_dut/gen_input_slots.gen_input_banks.u_input_cache_bank/data_mem_reg_640_703_0_6/RAMD","0","0.081000000","1.634000000","1.715000000","0.952769679","SLICE_X72Y19","SLICE_X71Y16","","","SIGNATURE_SKIPPED|FDCE|RAMD64E","SIGNATURE_SKIPPED|FDCE|RAMD64E","DUT_INTERNAL","u_dut/fill_wr_bank_addr_q_reg","u_dut/input_cache_bank","0.038000000"
"u_dut/gen_input_slots[0].gen_input_banks[1].u_input_cache_bank/data_mem_reg_640_703_0_6/RAME/WADR0","u_dut/fill_wr_bank_addr_q_reg[0][1][0]/C","-0.038000000","clk","clk","clk","u_dut/fill_wr_bank_addr_q_reg[0][1][0]","FDCE","u_dut/fill_wr_bank_addr_q_reg","u_dut/gen_input_slots[0].gen_input_banks[1].u_input_cache_bank/data_mem_reg_640_703_0_6/RAME","RAMD64E","u_dut/gen_input_slots.gen_input_banks.u_input_cache_bank/data_mem_reg_640_703_0_6/RAME","0","0.081000000","1.634000000","1.715000000","0.952769679","SLICE_X72Y19","SLICE_X71Y16","","","SIGNATURE_SKIPPED|FDCE|RAMD64E","SIGNATURE_SKIPPED|FDCE|RAMD64E","DUT_INTERNAL","u_dut/fill_wr_bank_addr_q_reg","u_dut/input_cache_bank","0.038000000"
"u_dut/gen_input_slots[0].gen_input_banks[1].u_input_cache_bank/data_mem_reg_640_703_0_6/RAMF/WADR0","u_dut/fill_wr_bank_addr_q_reg[0][1][0]/C","-0.038000000","clk","clk","clk","u_dut/fill_wr_bank_addr_q_reg[0][1][0]","FDCE","u_dut/fill_wr_bank_addr_q_reg","u_dut/gen_input_slots[0].gen_input_banks[1].u_input_cache_bank/data_mem_reg_640_703_0_6/RAMF","RAMD64E","u_dut/gen_input_slots.gen_input_banks.u_input_cache_bank/data_mem_reg_640_703_0_6/RAMF","0","0.081000000","1.634000000","1.715000000","0.952769679","SLICE_X72Y19","SLICE_X71Y16","","","SIGNATURE_SKIPPED|FDCE|RAMD64E","SIGNATURE_SKIPPED|FDCE|RAMD64E","DUT_INTERNAL","u_dut/fill_wr_bank_addr_q_reg","u_dut/input_cache_bank","0.038000000"
"u_dut/gen_input_slots[0].gen_input_banks[1].u_input_cache_bank/data_mem_reg_640_703_0_6/RAMG/WADR0","u_dut/fill_wr_bank_addr_q_reg[0][1][0]/C","-0.038000000","clk","clk","clk","u_dut/fill_wr_bank_addr_q_reg[0][1][0]","FDCE","u_dut/fill_wr_bank_addr_q_reg","u_dut/gen_input_slots[0].gen_input_banks[1].u_input_cache_bank/data_mem_reg_640_703_0_6/RAMG","RAMD64E","u_dut/gen_input_slots.gen_input_banks.u_input_cache_bank/data_mem_reg_640_703_0_6/RAMG","0","0.081000000","1.634000000","1.715000000","0.952769679","SLICE_X72Y19","SLICE_X71Y16","","","SIGNATURE_SKIPPED|FDCE|RAMD64E","SIGNATURE_SKIPPED|FDCE|RAMD64E","DUT_INTERNAL","u_dut/fill_wr_bank_addr_q_reg","u_dut/input_cache_bank","0.038000000"
"u_dut/gen_input_slots[0].gen_input_banks[1].u_input_cache_bank/data_mem_reg_640_703_0_6/RAMH/WADR0","u_dut/fill_wr_bank_addr_q_reg[0][1][0]/C","-0.038000000","clk","clk","clk","u_dut/fill_wr_bank_addr_q_reg[0][1][0]","FDCE","u_dut/fill_wr_bank_addr_q_reg","u_dut/gen_input_slots[0].gen_input_banks[1].u_input_cache_bank/data_mem_reg_640_703_0_6/RAMH","RAMD64E","u_dut/gen_input_slots.gen_input_banks.u_input_cache_bank/data_mem_reg_640_703_0_6/RAMH","0","0.081000000","1.634000000","1.715000000","0.952769679","SLICE_X72Y19","SLICE_X71Y16","","","SIGNATURE_SKIPPED|FDCE|RAMD64E","SIGNATURE_SKIPPED|FDCE|RAMD64E","DUT_INTERNAL","u_dut/fill_wr_bank_addr_q_reg","u_dut/input_cache_bank","0.038000000"
"u_dut/gen_input_slots[0].gen_input_banks[1].u_input_cache_bank/valid_mem_reg_768_1023_0_0/DP.A/WE","u_dut/scrub_slot_reg/C","-0.044000000","clk","clk","clk","u_dut/scrub_slot_reg","FDCE","u_dut/scrub_slot_reg","u_dut/gen_input_slots[0].gen_input_banks[1].u_input_cache_bank/valid_mem_reg_768_1023_0_0/DP.A","RAMD64E","u_dut/gen_input_slots.gen_input_banks.u_input_cache_bank/valid_mem_reg_768_1023_0_0/DP.A","2","0.229000000","1.587000000","1.816000000","0.873898678","SLICE_X80Y17","SLICE_X67Y16","","","SIGNATURE_SKIPPED|FDCE|RAMD64E","SIGNATURE_SKIPPED|FDCE|RAMD64E","DUT_INTERNAL","u_dut/scrub_slot_reg","u_dut/input_cache_bank","0.044000000"
"u_dut/gen_input_slots[0].gen_input_banks[1].u_input_cache_bank/valid_mem_reg_768_1023_0_0/DP.B/WE","u_dut/scrub_slot_reg/C","-0.044000000","clk","clk","clk","u_dut/scrub_slot_reg","FDCE","u_dut/scrub_slot_reg","u_dut/gen_input_slots[0].gen_input_banks[1].u_input_cache_bank/valid_mem_reg_768_1023_0_0/DP.B","RAMD64E","u_dut/gen_input_slots.gen_input_banks.u_input_cache_bank/valid_mem_reg_768_1023_0_0/DP.B","2","0.229000000","1.587000000","1.816000000","0.873898678","SLICE_X80Y17","SLICE_X67Y16","","","SIGNATURE_SKIPPED|FDCE|RAMD64E","SIGNATURE_SKIPPED|FDCE|RAMD64E","DUT_INTERNAL","u_dut/scrub_slot_reg","u_dut/input_cache_bank","0.044000000"
"u_dut/gen_input_slots[0].gen_input_banks[1].u_input_cache_bank/valid_mem_reg_768_1023_0_0/DP.C/WE","u_dut/scrub_slot_reg/C","-0.044000000","clk","clk","clk","u_dut/scrub_slot_reg","FDCE","u_dut/scrub_slot_reg","u_dut/gen_input_slots[0].gen_input_banks[1].u_input_cache_bank/valid_mem_reg_768_1023_0_0/DP.C","RAMD64E","u_dut/gen_input_slots.gen_input_banks.u_input_cache_bank/valid_mem_reg_768_1023_0_0/DP.C","2","0.229000000","1.587000000","1.816000000","0.873898678","SLICE_X80Y17","SLICE_X67Y16","","","SIGNATURE_SKIPPED|FDCE|RAMD64E","SIGNATURE_SKIPPED|FDCE|RAMD64E","DUT_INTERNAL","u_dut/scrub_slot_reg","u_dut/input_cache_bank","0.044000000"
"u_dut/gen_input_slots[0].gen_input_banks[1].u_input_cache_bank/valid_mem_reg_768_1023_0_0/DP.D/WE","u_dut/scrub_slot_reg/C","-0.044000000","clk","clk","clk","u_dut/scrub_slot_reg","FDCE","u_dut/scrub_slot_reg","u_dut/gen_input_slots[0].gen_input_banks[1].u_input_cache_bank/valid_mem_reg_768_1023_0_0/DP.D","RAMD64E","u_dut/gen_input_slots.gen_input_banks.u_input_cache_bank/valid_mem_reg_768_1023_0_0/DP.D","2","0.229000000","1.587000000","1.816000000","0.873898678","SLICE_X80Y17","SLICE_X67Y16","","","SIGNATURE_SKIPPED|FDCE|RAMD64E","SIGNATURE_SKIPPED|FDCE|RAMD64E","DUT_INTERNAL","u_dut/scrub_slot_reg","u_dut/input_cache_bank","0.044000000"
"u_dut/gen_input_slots[0].gen_input_banks[1].u_input_cache_bank/valid_mem_reg_768_1023_0_0/SP.A/WE","u_dut/scrub_slot_reg/C","-0.044000000","clk","clk","clk","u_dut/scrub_slot_reg","FDCE","u_dut/scrub_slot_reg","u_dut/gen_input_slots[0].gen_input_banks[1].u_input_cache_bank/valid_mem_reg_768_1023_0_0/SP.A","RAMD64E","u_dut/gen_input_slots.gen_input_banks.u_input_cache_bank/valid_mem_reg_768_1023_0_0/SP.A","2","0.229000000","1.587000000","1.816000000","0.873898678","SLICE_X80Y17","SLICE_X67Y16","","","SIGNATURE_SKIPPED|FDCE|RAMD64E","SIGNATURE_SKIPPED|FDCE|RAMD64E","DUT_INTERNAL","u_dut/scrub_slot_reg","u_dut/input_cache_bank","0.044000000"
"u_dut/gen_input_slots[0].gen_input_banks[1].u_input_cache_bank/valid_mem_reg_768_1023_0_0/SP.B/WE","u_dut/scrub_slot_reg/C","-0.044000000","clk","clk","clk","u_dut/scrub_slot_reg","FDCE","u_dut/scrub_slot_reg","u_dut/gen_input_slots[0].gen_input_banks[1].u_input_cache_bank/valid_mem_reg_768_1023_0_0/SP.B","RAMD64E","u_dut/gen_input_slots.gen_input_banks.u_input_cache_bank/valid_mem_reg_768_1023_0_0/SP.B","2","0.229000000","1.587000000","1.816000000","0.873898678","SLICE_X80Y17","SLICE_X67Y16","","","SIGNATURE_SKIPPED|FDCE|RAMD64E","SIGNATURE_SKIPPED|FDCE|RAMD64E","DUT_INTERNAL","u_dut/scrub_slot_reg","u_dut/input_cache_bank","0.044000000"
"u_dut/gen_input_slots[0].gen_input_banks[1].u_input_cache_bank/valid_mem_reg_768_1023_0_0/SP.C/WE","u_dut/scrub_slot_reg/C","-0.044000000","clk","clk","clk","u_dut/scrub_slot_reg","FDCE","u_dut/scrub_slot_reg","u_dut/gen_input_slots[0].gen_input_banks[1].u_input_cache_bank/valid_mem_reg_768_1023_0_0/SP.C","RAMD64E","u_dut/gen_input_slots.gen_input_banks.u_input_cache_bank/valid_mem_reg_768_1023_0_0/SP.C","2","0.229000000","1.587000000","1.816000000","0.873898678","SLICE_X80Y17","SLICE_X67Y16","","","SIGNATURE_SKIPPED|FDCE|RAMD64E","SIGNATURE_SKIPPED|FDCE|RAMD64E","DUT_INTERNAL","u_dut/scrub_slot_reg","u_dut/input_cache_bank","0.044000000"
"u_dut/gen_input_slots[0].gen_input_banks[1].u_input_cache_bank/valid_mem_reg_768_1023_0_0/SP.D/WE","u_dut/scrub_slot_reg/C","-0.044000000","clk","clk","clk","u_dut/scrub_slot_reg","FDCE","u_dut/scrub_slot_reg","u_dut/gen_input_slots[0].gen_input_banks[1].u_input_cache_bank/valid_mem_reg_768_1023_0_0/SP.D","RAMD64E","u_dut/gen_input_slots.gen_input_banks.u_input_cache_bank/valid_mem_reg_768_1023_0_0/SP.D","2","0.229000000","1.587000000","1.816000000","0.873898678","SLICE_X80Y17","SLICE_X67Y16","","","SIGNATURE_SKIPPED|FDCE|RAMD64E","SIGNATURE_SKIPPED|FDCE|RAMD64E","DUT_INTERNAL","u_dut/scrub_slot_reg","u_dut/input_cache_bank","0.044000000"
"u_dut/gen_input_slots[0].gen_input_banks[3].u_input_cache_bank/data_mem_reg_384_447_14_15/RAMB/I","u_dut/fill_wr_bank_data_q_reg[0][3][15]/C","-0.063000000","clk","clk","clk","u_dut/fill_wr_bank_data_q_reg[0][3][15]","FDCE","u_dut/fill_wr_bank_data_q_reg","u_dut/gen_input_slots[0].gen_input_banks[3].u_input_cache_bank/data_mem_reg_384_447_14_15/RAMB","RAMD64E","u_dut/gen_input_slots.gen_input_banks.u_input_cache_bank/data_mem_reg_384_447_14_15/RAMB","0","0.081000000","1.584000000","1.665000000","0.951351351","SLICE_X72Y20","SLICE_X74Y30","","","SIGNATURE_SKIPPED|FDCE|RAMD64E","SIGNATURE_SKIPPED|FDCE|RAMD64E","DUT_INTERNAL","u_dut/fill_wr_bank_data_q_reg","u_dut/input_cache_bank","0.063000000"
"u_dut/gen_input_slots[1].gen_input_banks[0].u_input_cache_bank/valid_mem_reg_512_767_0_0/DP.A/WE","u_dut/scrub_slot_reg/C","-0.044000000","clk","clk","clk","u_dut/scrub_slot_reg","FDCE","u_dut/scrub_slot_reg","u_dut/gen_input_slots[1].gen_input_banks[0].u_input_cache_bank/valid_mem_reg_512_767_0_0/DP.A","RAMD64E","u_dut/gen_input_slots.gen_input_banks.u_input_cache_bank/valid_mem_reg_512_767_0_0/DP.A","2","0.269000000","1.563000000","1.832000000","0.853165939","SLICE_X80Y17","SLICE_X62Y10","","","SIGNATURE_SKIPPED|FDCE|RAMD64E","SIGNATURE_SKIPPED|FDCE|RAMD64E","DUT_INTERNAL","u_dut/scrub_slot_reg","u_dut/input_cache_bank","0.044000000"
"u_dut/gen_input_slots[1].gen_input_banks[0].u_input_cache_bank/valid_mem_reg_512_767_0_0/DP.B/WE","u_dut/scrub_slot_reg/C","-0.044000000","clk","clk","clk","u_dut/scrub_slot_reg","FDCE","u_dut/scrub_slot_reg","u_dut/gen_input_slots[1].gen_input_banks[0].u_input_cache_bank/valid_mem_reg_512_767_0_0/DP.B","RAMD64E","u_dut/gen_input_slots.gen_input_banks.u_input_cache_bank/valid_mem_reg_512_767_0_0/DP.B","2","0.269000000","1.563000000","1.832000000","0.853165939","SLICE_X80Y17","SLICE_X62Y10","","","SIGNATURE_SKIPPED|FDCE|RAMD64E","SIGNATURE_SKIPPED|FDCE|RAMD64E","DUT_INTERNAL","u_dut/scrub_slot_reg","u_dut/input_cache_bank","0.044000000"
"u_dut/gen_input_slots[1].gen_input_banks[0].u_input_cache_bank/valid_mem_reg_512_767_0_0/DP.C/WE","u_dut/scrub_slot_reg/C","-0.044000000","clk","clk","clk","u_dut/scrub_slot_reg","FDCE","u_dut/scrub_slot_reg","u_dut/gen_input_slots[1].gen_input_banks[0].u_input_cache_bank/valid_mem_reg_512_767_0_0/DP.C","RAMD64E","u_dut/gen_input_slots.gen_input_banks.u_input_cache_bank/valid_mem_reg_512_767_0_0/DP.C","2","0.269000000","1.563000000","1.832000000","0.853165939","SLICE_X80Y17","SLICE_X62Y10","","","SIGNATURE_SKIPPED|FDCE|RAMD64E","SIGNATURE_SKIPPED|FDCE|RAMD64E","DUT_INTERNAL","u_dut/scrub_slot_reg","u_dut/input_cache_bank","0.044000000"
"u_dut/gen_input_slots[1].gen_input_banks[0].u_input_cache_bank/valid_mem_reg_512_767_0_0/DP.D/WE","u_dut/scrub_slot_reg/C","-0.044000000","clk","clk","clk","u_dut/scrub_slot_reg","FDCE","u_dut/scrub_slot_reg","u_dut/gen_input_slots[1].gen_input_banks[0].u_input_cache_bank/valid_mem_reg_512_767_0_0/DP.D","RAMD64E","u_dut/gen_input_slots.gen_input_banks.u_input_cache_bank/valid_mem_reg_512_767_0_0/DP.D","2","0.269000000","1.563000000","1.832000000","0.853165939","SLICE_X80Y17","SLICE_X62Y10","","","SIGNATURE_SKIPPED|FDCE|RAMD64E","SIGNATURE_SKIPPED|FDCE|RAMD64E","DUT_INTERNAL","u_dut/scrub_slot_reg","u_dut/input_cache_bank","0.044000000"
"u_dut/gen_input_slots[1].gen_input_banks[0].u_input_cache_bank/valid_mem_reg_512_767_0_0/SP.A/WE","u_dut/scrub_slot_reg/C","-0.044000000","clk","clk","clk","u_dut/scrub_slot_reg","FDCE","u_dut/scrub_slot_reg","u_dut/gen_input_slots[1].gen_input_banks[0].u_input_cache_bank/valid_mem_reg_512_767_0_0/SP.A","RAMD64E","u_dut/gen_input_slots.gen_input_banks.u_input_cache_bank/valid_mem_reg_512_767_0_0/SP.A","2","0.269000000","1.563000000","1.832000000","0.853165939","SLICE_X80Y17","SLICE_X62Y10","","","SIGNATURE_SKIPPED|FDCE|RAMD64E","SIGNATURE_SKIPPED|FDCE|RAMD64E","DUT_INTERNAL","u_dut/scrub_slot_reg","u_dut/input_cache_bank","0.044000000"
"u_dut/gen_input_slots[1].gen_input_banks[0].u_input_cache_bank/valid_mem_reg_512_767_0_0/SP.B/WE","u_dut/scrub_slot_reg/C","-0.044000000","clk","clk","clk","u_dut/scrub_slot_reg","FDCE","u_dut/scrub_slot_reg","u_dut/gen_input_slots[1].gen_input_banks[0].u_input_cache_bank/valid_mem_reg_512_767_0_0/SP.B","RAMD64E","u_dut/gen_input_slots.gen_input_banks.u_input_cache_bank/valid_mem_reg_512_767_0_0/SP.B","2","0.269000000","1.563000000","1.832000000","0.853165939","SLICE_X80Y17","SLICE_X62Y10","","","SIGNATURE_SKIPPED|FDCE|RAMD64E","SIGNATURE_SKIPPED|FDCE|RAMD64E","DUT_INTERNAL","u_dut/scrub_slot_reg","u_dut/input_cache_bank","0.044000000"
"u_dut/gen_input_slots[1].gen_input_banks[0].u_input_cache_bank/valid_mem_reg_512_767_0_0/SP.C/WE","u_dut/scrub_slot_reg/C","-0.044000000","clk","clk","clk","u_dut/scrub_slot_reg","FDCE","u_dut/scrub_slot_reg","u_dut/gen_input_slots[1].gen_input_banks[0].u_input_cache_bank/valid_mem_reg_512_767_0_0/SP.C","RAMD64E","u_dut/gen_input_slots.gen_input_banks.u_input_cache_bank/valid_mem_reg_512_767_0_0/SP.C","2","0.269000000","1.563000000","1.832000000","0.853165939","SLICE_X80Y17","SLICE_X62Y10","","","SIGNATURE_SKIPPED|FDCE|RAMD64E","SIGNATURE_SKIPPED|FDCE|RAMD64E","DUT_INTERNAL","u_dut/scrub_slot_reg","u_dut/input_cache_bank","0.044000000"
"u_dut/gen_input_slots[1].gen_input_banks[0].u_input_cache_bank/valid_mem_reg_512_767_0_0/SP.D/WE","u_dut/scrub_slot_reg/C","-0.044000000","clk","clk","clk","u_dut/scrub_slot_reg","FDCE","u_dut/scrub_slot_reg","u_dut/gen_input_slots[1].gen_input_banks[0].u_input_cache_bank/valid_mem_reg_512_767_0_0/SP.D","RAMD64E","u_dut/gen_input_slots.gen_input_banks.u_input_cache_bank/valid_mem_reg_512_767_0_0/SP.D","2","0.269000000","1.563000000","1.832000000","0.853165939","SLICE_X80Y17","SLICE_X62Y10","","","SIGNATURE_SKIPPED|FDCE|RAMD64E","SIGNATURE_SKIPPED|FDCE|RAMD64E","DUT_INTERNAL","u_dut/scrub_slot_reg","u_dut/input_cache_bank","0.044000000"
"u_dut/gen_input_slots[1].gen_input_banks[1].u_input_cache_bank/data_mem_reg_0_63_0_6/RAMA/WADR5","u_dut/fill_wr_bank_addr_q_reg[1][1][5]/C","-0.008000000","clk","clk","clk","u_dut/fill_wr_bank_addr_q_reg[1][1][5]","FDCE","u_dut/fill_wr_bank_addr_q_reg","u_dut/gen_input_slots[1].gen_input_banks[1].u_input_cache_bank/data_mem_reg_0_63_0_6/RAMA","RAMD64E","u_dut/gen_input_slots.gen_input_banks.u_input_cache_bank/data_mem_reg_0_63_0_6/RAMA","0","0.079000000","1.711000000","1.790000000","0.955865922","SLICE_X76Y15","SLICE_X82Y13","","","SIGNATURE_SKIPPED|FDCE|RAMD64E","SIGNATURE_SKIPPED|FDCE|RAMD64E","DUT_INTERNAL","u_dut/fill_wr_bank_addr_q_reg","u_dut/input_cache_bank","0.008000000"
"u_dut/gen_input_slots[1].gen_input_banks[1].u_input_cache_bank/data_mem_reg_0_63_0_6/RAMB/WADR5","u_dut/fill_wr_bank_addr_q_reg[1][1][5]/C","-0.008000000","clk","clk","clk","u_dut/fill_wr_bank_addr_q_reg[1][1][5]","FDCE","u_dut/fill_wr_bank_addr_q_reg","u_dut/gen_input_slots[1].gen_input_banks[1].u_input_cache_bank/data_mem_reg_0_63_0_6/RAMB","RAMD64E","u_dut/gen_input_slots.gen_input_banks.u_input_cache_bank/data_mem_reg_0_63_0_6/RAMB","0","0.079000000","1.711000000","1.790000000","0.955865922","SLICE_X76Y15","SLICE_X82Y13","","","SIGNATURE_SKIPPED|FDCE|RAMD64E","SIGNATURE_SKIPPED|FDCE|RAMD64E","DUT_INTERNAL","u_dut/fill_wr_bank_addr_q_reg","u_dut/input_cache_bank","0.008000000"
"u_dut/gen_input_slots[1].gen_input_banks[1].u_input_cache_bank/data_mem_reg_0_63_0_6/RAMC/WADR5","u_dut/fill_wr_bank_addr_q_reg[1][1][5]/C","-0.008000000","clk","clk","clk","u_dut/fill_wr_bank_addr_q_reg[1][1][5]","FDCE","u_dut/fill_wr_bank_addr_q_reg","u_dut/gen_input_slots[1].gen_input_banks[1].u_input_cache_bank/data_mem_reg_0_63_0_6/RAMC","RAMD64E","u_dut/gen_input_slots.gen_input_banks.u_input_cache_bank/data_mem_reg_0_63_0_6/RAMC","0","0.079000000","1.711000000","1.790000000","0.955865922","SLICE_X76Y15","SLICE_X82Y13","","","SIGNATURE_SKIPPED|FDCE|RAMD64E","SIGNATURE_SKIPPED|FDCE|RAMD64E","DUT_INTERNAL","u_dut/fill_wr_bank_addr_q_reg","u_dut/input_cache_bank","0.008000000"
"u_dut/gen_input_slots[1].gen_input_banks[1].u_input_cache_bank/data_mem_reg_0_63_0_6/RAMD/WADR5","u_dut/fill_wr_bank_addr_q_reg[1][1][5]/C","-0.008000000","clk","clk","clk","u_dut/fill_wr_bank_addr_q_reg[1][1][5]","FDCE","u_dut/fill_wr_bank_addr_q_reg","u_dut/gen_input_slots[1].gen_input_banks[1].u_input_cache_bank/data_mem_reg_0_63_0_6/RAMD","RAMD64E","u_dut/gen_input_slots.gen_input_banks.u_input_cache_bank/data_mem_reg_0_63_0_6/RAMD","0","0.079000000","1.711000000","1.790000000","0.955865922","SLICE_X76Y15","SLICE_X82Y13","","","SIGNATURE_SKIPPED|FDCE|RAMD64E","SIGNATURE_SKIPPED|FDCE|RAMD64E","DUT_INTERNAL","u_dut/fill_wr_bank_addr_q_reg","u_dut/input_cache_bank","0.008000000"
"u_dut/gen_input_slots[1].gen_input_banks[1].u_input_cache_bank/data_mem_reg_0_63_0_6/RAME/WADR5","u_dut/fill_wr_bank_addr_q_reg[1][1][5]/C","-0.008000000","clk","clk","clk","u_dut/fill_wr_bank_addr_q_reg[1][1][5]","FDCE","u_dut/fill_wr_bank_addr_q_reg","u_dut/gen_input_slots[1].gen_input_banks[1].u_input_cache_bank/data_mem_reg_0_63_0_6/RAME","RAMD64E","u_dut/gen_input_slots.gen_input_banks.u_input_cache_bank/data_mem_reg_0_63_0_6/RAME","0","0.079000000","1.711000000","1.790000000","0.955865922","SLICE_X76Y15","SLICE_X82Y13","","","SIGNATURE_SKIPPED|FDCE|RAMD64E","SIGNATURE_SKIPPED|FDCE|RAMD64E","DUT_INTERNAL","u_dut/fill_wr_bank_addr_q_reg","u_dut/input_cache_bank","0.008000000"
"u_dut/gen_input_slots[1].gen_input_banks[1].u_input_cache_bank/data_mem_reg_0_63_0_6/RAMF/WADR5","u_dut/fill_wr_bank_addr_q_reg[1][1][5]/C","-0.008000000","clk","clk","clk","u_dut/fill_wr_bank_addr_q_reg[1][1][5]","FDCE","u_dut/fill_wr_bank_addr_q_reg","u_dut/gen_input_slots[1].gen_input_banks[1].u_input_cache_bank/data_mem_reg_0_63_0_6/RAMF","RAMD64E","u_dut/gen_input_slots.gen_input_banks.u_input_cache_bank/data_mem_reg_0_63_0_6/RAMF","0","0.079000000","1.711000000","1.790000000","0.955865922","SLICE_X76Y15","SLICE_X82Y13","","","SIGNATURE_SKIPPED|FDCE|RAMD64E","SIGNATURE_SKIPPED|FDCE|RAMD64E","DUT_INTERNAL","u_dut/fill_wr_bank_addr_q_reg","u_dut/input_cache_bank","0.008000000"
"u_dut/gen_input_slots[1].gen_input_banks[1].u_input_cache_bank/data_mem_reg_0_63_0_6/RAMG/WADR5","u_dut/fill_wr_bank_addr_q_reg[1][1][5]/C","-0.008000000","clk","clk","clk","u_dut/fill_wr_bank_addr_q_reg[1][1][5]","FDCE","u_dut/fill_wr_bank_addr_q_reg","u_dut/gen_input_slots[1].gen_input_banks[1].u_input_cache_bank/data_mem_reg_0_63_0_6/RAMG","RAMD64E","u_dut/gen_input_slots.gen_input_banks.u_input_cache_bank/data_mem_reg_0_63_0_6/RAMG","0","0.079000000","1.711000000","1.790000000","0.955865922","SLICE_X76Y15","SLICE_X82Y13","","","SIGNATURE_SKIPPED|FDCE|RAMD64E","SIGNATURE_SKIPPED|FDCE|RAMD64E","DUT_INTERNAL","u_dut/fill_wr_bank_addr_q_reg","u_dut/input_cache_bank","0.008000000"
"u_dut/gen_input_slots[1].gen_input_banks[1].u_input_cache_bank/data_mem_reg_0_63_0_6/RAMH/WADR5","u_dut/fill_wr_bank_addr_q_reg[1][1][5]/C","-0.008000000","clk","clk","clk","u_dut/fill_wr_bank_addr_q_reg[1][1][5]","FDCE","u_dut/fill_wr_bank_addr_q_reg","u_dut/gen_input_slots[1].gen_input_banks[1].u_input_cache_bank/data_mem_reg_0_63_0_6/RAMH","RAMD64E","u_dut/gen_input_slots.gen_input_banks.u_input_cache_bank/data_mem_reg_0_63_0_6/RAMH","0","0.079000000","1.711000000","1.790000000","0.955865922","SLICE_X76Y15","SLICE_X82Y13","","","SIGNATURE_SKIPPED|FDCE|RAMD64E","SIGNATURE_SKIPPED|FDCE|RAMD64E","DUT_INTERNAL","u_dut/fill_wr_bank_addr_q_reg","u_dut/input_cache_bank","0.008000000"
"u_dut/gen_result_slots[0].gen_result_banks[0].u_result_bank/mem_reg_768_831_7_9/RAMA/WE","u_dut/result_cmd_slot_q_reg/C","-0.024000000","clk","clk","clk","u_dut/result_cmd_slot_q_reg","FDCE","u_dut/result_cmd_slot_q_reg","u_dut/gen_result_slots[0].gen_result_banks[0].u_result_bank/mem_reg_768_831_7_9/RAMA","RAMD64E","u_dut/gen_result_slots.gen_result_banks.u_result_bank/mem_reg_768_831_7_9/RAMA","2","0.239000000","1.499000000","1.738000000","0.862485616","SLICE_X70Y44","SLICE_X58Y46","","","SIGNATURE_SKIPPED|FDCE|RAMD64E","SIGNATURE_SKIPPED|FDCE|RAMD64E","DUT_INTERNAL","u_dut/result_cmd_slot_q_reg","u_dut/result_bank","0.024000000"
"u_dut/gen_result_slots[0].gen_result_banks[0].u_result_bank/mem_reg_768_831_7_9/RAMB/WE","u_dut/result_cmd_slot_q_reg/C","-0.024000000","clk","clk","clk","u_dut/result_cmd_slot_q_reg","FDCE","u_dut/result_cmd_slot_q_reg","u_dut/gen_result_slots[0].gen_result_banks[0].u_result_bank/mem_reg_768_831_7_9/RAMB","RAMD64E","u_dut/gen_result_slots.gen_result_banks.u_result_bank/mem_reg_768_831_7_9/RAMB","2","0.239000000","1.499000000","1.738000000","0.862485616","SLICE_X70Y44","SLICE_X58Y46","","","SIGNATURE_SKIPPED|FDCE|RAMD64E","SIGNATURE_SKIPPED|FDCE|RAMD64E","DUT_INTERNAL","u_dut/result_cmd_slot_q_reg","u_dut/result_bank","0.024000000"
"u_dut/gen_result_slots[0].gen_result_banks[0].u_result_bank/mem_reg_768_831_7_9/RAMC/WE","u_dut/result_cmd_slot_q_reg/C","-0.024000000","clk","clk","clk","u_dut/result_cmd_slot_q_reg","FDCE","u_dut/result_cmd_slot_q_reg","u_dut/gen_result_slots[0].gen_result_banks[0].u_result_bank/mem_reg_768_831_7_9/RAMC","RAMD64E","u_dut/gen_result_slots.gen_result_banks.u_result_bank/mem_reg_768_831_7_9/RAMC","2","0.239000000","1.499000000","1.738000000","0.862485616","SLICE_X70Y44","SLICE_X58Y46","","","SIGNATURE_SKIPPED|FDCE|RAMD64E","SIGNATURE_SKIPPED|FDCE|RAMD64E","DUT_INTERNAL","u_dut/result_cmd_slot_q_reg","u_dut/result_bank","0.024000000"
"u_dut/gen_result_slots[0].gen_result_banks[0].u_result_bank/mem_reg_768_831_7_9/RAMD/WE","u_dut/result_cmd_slot_q_reg/C","-0.024000000","clk","clk","clk","u_dut/result_cmd_slot_q_reg","FDCE","u_dut/result_cmd_slot_q_reg","u_dut/gen_result_slots[0].gen_result_banks[0].u_result_bank/mem_reg_768_831_7_9/RAMD","RAMD64E","u_dut/gen_result_slots.gen_result_banks.u_result_bank/mem_reg_768_831_7_9/RAMD","2","0.239000000","1.499000000","1.738000000","0.862485616","SLICE_X70Y44","SLICE_X58Y46","","","SIGNATURE_SKIPPED|FDCE|RAMD64E","SIGNATURE_SKIPPED|FDCE|RAMD64E","DUT_INTERNAL","u_dut/result_cmd_slot_q_reg","u_dut/result_bank","0.024000000"
"u_dut/gen_result_slots[0].gen_result_banks[1].u_result_bank/mem_reg_640_703_0_6/RAMA/WE","u_dut/result_cmd_slot_q_reg/C","-0.011000000","clk","clk","clk","u_dut/result_cmd_slot_q_reg","FDCE","u_dut/result_cmd_slot_q_reg","u_dut/gen_result_slots[0].gen_result_banks[1].u_result_bank/mem_reg_640_703_0_6/RAMA","RAMD64E","u_dut/gen_result_slots.gen_result_banks.u_result_bank/mem_reg_640_703_0_6/RAMA","2","0.237000000","1.551000000","1.788000000","0.867449664","SLICE_X70Y44","SLICE_X55Y49","","","SIGNATURE_SKIPPED|FDCE|RAMD64E","SIGNATURE_SKIPPED|FDCE|RAMD64E","DUT_INTERNAL","u_dut/result_cmd_slot_q_reg","u_dut/result_bank","0.011000000"
"u_dut/gen_result_slots[0].gen_result_banks[1].u_result_bank/mem_reg_640_703_0_6/RAMB/WE","u_dut/result_cmd_slot_q_reg/C","-0.011000000","clk","clk","clk","u_dut/result_cmd_slot_q_reg","FDCE","u_dut/result_cmd_slot_q_reg","u_dut/gen_result_slots[0].gen_result_banks[1].u_result_bank/mem_reg_640_703_0_6/RAMB","RAMD64E","u_dut/gen_result_slots.gen_result_banks.u_result_bank/mem_reg_640_703_0_6/RAMB","2","0.237000000","1.551000000","1.788000000","0.867449664","SLICE_X70Y44","SLICE_X55Y49","","","SIGNATURE_SKIPPED|FDCE|RAMD64E","SIGNATURE_SKIPPED|FDCE|RAMD64E","DUT_INTERNAL","u_dut/result_cmd_slot_q_reg","u_dut/result_bank","0.011000000"
"u_dut/gen_result_slots[0].gen_result_banks[1].u_result_bank/mem_reg_640_703_0_6/RAMC/WE","u_dut/result_cmd_slot_q_reg/C","-0.011000000","clk","clk","clk","u_dut/result_cmd_slot_q_reg","FDCE","u_dut/result_cmd_slot_q_reg","u_dut/gen_result_slots[0].gen_result_banks[1].u_result_bank/mem_reg_640_703_0_6/RAMC","RAMD64E","u_dut/gen_result_slots.gen_result_banks.u_result_bank/mem_reg_640_703_0_6/RAMC","2","0.237000000","1.551000000","1.788000000","0.867449664","SLICE_X70Y44","SLICE_X55Y49","","","SIGNATURE_SKIPPED|FDCE|RAMD64E","SIGNATURE_SKIPPED|FDCE|RAMD64E","DUT_INTERNAL","u_dut/result_cmd_slot_q_reg","u_dut/result_bank","0.011000000"
"u_dut/gen_result_slots[0].gen_result_banks[1].u_result_bank/mem_reg_640_703_0_6/RAMD/WE","u_dut/result_cmd_slot_q_reg/C","-0.011000000","clk","clk","clk","u_dut/result_cmd_slot_q_reg","FDCE","u_dut/result_cmd_slot_q_reg","u_dut/gen_result_slots[0].gen_result_banks[1].u_result_bank/mem_reg_640_703_0_6/RAMD","RAMD64E","u_dut/gen_result_slots.gen_result_banks.u_result_bank/mem_reg_640_703_0_6/RAMD","2","0.237000000","1.551000000","1.788000000","0.867449664","SLICE_X70Y44","SLICE_X55Y49","","","SIGNATURE_SKIPPED|FDCE|RAMD64E","SIGNATURE_SKIPPED|FDCE|RAMD64E","DUT_INTERNAL","u_dut/result_cmd_slot_q_reg","u_dut/result_bank","0.011000000"
"u_dut/gen_result_slots[0].gen_result_banks[1].u_result_bank/mem_reg_640_703_0_6/RAME/WE","u_dut/result_cmd_slot_q_reg/C","-0.011000000","clk","clk","clk","u_dut/result_cmd_slot_q_reg","FDCE","u_dut/result_cmd_slot_q_reg","u_dut/gen_result_slots[0].gen_result_banks[1].u_result_bank/mem_reg_640_703_0_6/RAME","RAMD64E","u_dut/gen_result_slots.gen_result_banks.u_result_bank/mem_reg_640_703_0_6/RAME","2","0.237000000","1.551000000","1.788000000","0.867449664","SLICE_X70Y44","SLICE_X55Y49","","","SIGNATURE_SKIPPED|FDCE|RAMD64E","SIGNATURE_SKIPPED|FDCE|RAMD64E","DUT_INTERNAL","u_dut/result_cmd_slot_q_reg","u_dut/result_bank","0.011000000"
"u_dut/gen_result_slots[0].gen_result_banks[1].u_result_bank/mem_reg_640_703_0_6/RAMF/WE","u_dut/result_cmd_slot_q_reg/C","-0.011000000","clk","clk","clk","u_dut/result_cmd_slot_q_reg","FDCE","u_dut/result_cmd_slot_q_reg","u_dut/gen_result_slots[0].gen_result_banks[1].u_result_bank/mem_reg_640_703_0_6/RAMF","RAMD64E","u_dut/gen_result_slots.gen_result_banks.u_result_bank/mem_reg_640_703_0_6/RAMF","2","0.237000000","1.551000000","1.788000000","0.867449664","SLICE_X70Y44","SLICE_X55Y49","","","SIGNATURE_SKIPPED|FDCE|RAMD64E","SIGNATURE_SKIPPED|FDCE|RAMD64E","DUT_INTERNAL","u_dut/result_cmd_slot_q_reg","u_dut/result_bank","0.011000000"
"u_dut/gen_result_slots[0].gen_result_banks[1].u_result_bank/mem_reg_640_703_0_6/RAMG/WE","u_dut/result_cmd_slot_q_reg/C","-0.011000000","clk","clk","clk","u_dut/result_cmd_slot_q_reg","FDCE","u_dut/result_cmd_slot_q_reg","u_dut/gen_result_slots[0].gen_result_banks[1].u_result_bank/mem_reg_640_703_0_6/RAMG","RAMD64E","u_dut/gen_result_slots.gen_result_banks.u_result_bank/mem_reg_640_703_0_6/RAMG","2","0.237000000","1.551000000","1.788000000","0.867449664","SLICE_X70Y44","SLICE_X55Y49","","","SIGNATURE_SKIPPED|FDCE|RAMD64E","SIGNATURE_SKIPPED|FDCE|RAMD64E","DUT_INTERNAL","u_dut/result_cmd_slot_q_reg","u_dut/result_bank","0.011000000"
"u_dut/gen_result_slots[0].gen_result_banks[1].u_result_bank/mem_reg_640_703_0_6/RAMH/WE","u_dut/result_cmd_slot_q_reg/C","-0.011000000","clk","clk","clk","u_dut/result_cmd_slot_q_reg","FDCE","u_dut/result_cmd_slot_q_reg","u_dut/gen_result_slots[0].gen_result_banks[1].u_result_bank/mem_reg_640_703_0_6/RAMH","RAMD64E","u_dut/gen_result_slots.gen_result_banks.u_result_bank/mem_reg_640_703_0_6/RAMH","2","0.237000000","1.551000000","1.788000000","0.867449664","SLICE_X70Y44","SLICE_X55Y49","","","SIGNATURE_SKIPPED|FDCE|RAMD64E","SIGNATURE_SKIPPED|FDCE|RAMD64E","DUT_INTERNAL","u_dut/result_cmd_slot_q_reg","u_dut/result_bank","0.011000000"
"u_dut/gen_result_slots[0].gen_result_banks[1].u_result_bank/mem_reg_832_895_7_9/RAMA/WE","u_dut/result_cmd_slot_q_reg/C","-0.024000000","clk","clk","clk","u_dut/result_cmd_slot_q_reg","FDCE","u_dut/result_cmd_slot_q_reg","u_dut/gen_result_slots[0].gen_result_banks[1].u_result_bank/mem_reg_832_895_7_9/RAMA","RAMD64E","u_dut/gen_result_slots.gen_result_banks.u_result_bank/mem_reg_832_895_7_9/RAMA","2","0.325000000","1.502000000","1.827000000","0.822112753","SLICE_X70Y44","SLICE_X53Y66","","","SIGNATURE_SKIPPED|FDCE|RAMD64E","SIGNATURE_SKIPPED|FDCE|RAMD64E","DUT_INTERNAL","u_dut/result_cmd_slot_q_reg","u_dut/result_bank","0.024000000"
"u_dut/gen_result_slots[0].gen_result_banks[1].u_result_bank/mem_reg_832_895_7_9/RAMB/WE","u_dut/result_cmd_slot_q_reg/C","-0.024000000","clk","clk","clk","u_dut/result_cmd_slot_q_reg","FDCE","u_dut/result_cmd_slot_q_reg","u_dut/gen_result_slots[0].gen_result_banks[1].u_result_bank/mem_reg_832_895_7_9/RAMB","RAMD64E","u_dut/gen_result_slots.gen_result_banks.u_result_bank/mem_reg_832_895_7_9/RAMB","2","0.325000000","1.502000000","1.827000000","0.822112753","SLICE_X70Y44","SLICE_X53Y66","","","SIGNATURE_SKIPPED|FDCE|RAMD64E","SIGNATURE_SKIPPED|FDCE|RAMD64E","DUT_INTERNAL","u_dut/result_cmd_slot_q_reg","u_dut/result_bank","0.024000000"
"u_dut/gen_result_slots[0].gen_result_banks[1].u_result_bank/mem_reg_832_895_7_9/RAMC/WE","u_dut/result_cmd_slot_q_reg/C","-0.024000000","clk","clk","clk","u_dut/result_cmd_slot_q_reg","FDCE","u_dut/result_cmd_slot_q_reg","u_dut/gen_result_slots[0].gen_result_banks[1].u_result_bank/mem_reg_832_895_7_9/RAMC","RAMD64E","u_dut/gen_result_slots.gen_result_banks.u_result_bank/mem_reg_832_895_7_9/RAMC","2","0.325000000","1.502000000","1.827000000","0.822112753","SLICE_X70Y44","SLICE_X53Y66","","","SIGNATURE_SKIPPED|FDCE|RAMD64E","SIGNATURE_SKIPPED|FDCE|RAMD64E","DUT_INTERNAL","u_dut/result_cmd_slot_q_reg","u_dut/result_bank","0.024000000"
"u_dut/gen_result_slots[0].gen_result_banks[1].u_result_bank/mem_reg_832_895_7_9/RAMD/WE","u_dut/result_cmd_slot_q_reg/C","-0.024000000","clk","clk","clk","u_dut/result_cmd_slot_q_reg","FDCE","u_dut/result_cmd_slot_q_reg","u_dut/gen_result_slots[0].gen_result_banks[1].u_result_bank/mem_reg_832_895_7_9/RAMD","RAMD64E","u_dut/gen_result_slots.gen_result_banks.u_result_bank/mem_reg_832_895_7_9/RAMD","2","0.325000000","1.502000000","1.827000000","0.822112753","SLICE_X70Y44","SLICE_X53Y66","","","SIGNATURE_SKIPPED|FDCE|RAMD64E","SIGNATURE_SKIPPED|FDCE|RAMD64E","DUT_INTERNAL","u_dut/result_cmd_slot_q_reg","u_dut/result_bank","0.024000000"
"u_dut/gen_result_slots[0].gen_result_banks[3].u_result_bank/mem_reg_704_767_0_6/RAMA/WE","u_dut/result_cmd_slot_q_reg/C","-0.004000000","clk","clk","clk","u_dut/result_cmd_slot_q_reg","FDCE","u_dut/result_cmd_slot_q_reg","u_dut/gen_result_slots[0].gen_result_banks[3].u_result_bank/mem_reg_704_767_0_6/RAMA","RAMD64E","u_dut/gen_result_slots.gen_result_banks.u_result_bank/mem_reg_704_767_0_6/RAMA","2","0.312000000","1.410000000","1.722000000","0.818815331","SLICE_X70Y44","SLICE_X67Y68","","","SIGNATURE_SKIPPED|FDCE|RAMD64E","SIGNATURE_SKIPPED|FDCE|RAMD64E","DUT_INTERNAL","u_dut/result_cmd_slot_q_reg","u_dut/result_bank","0.004000000"
"u_dut/gen_result_slots[0].gen_result_banks[3].u_result_bank/mem_reg_704_767_0_6/RAMB/WE","u_dut/result_cmd_slot_q_reg/C","-0.004000000","clk","clk","clk","u_dut/result_cmd_slot_q_reg","FDCE","u_dut/result_cmd_slot_q_reg","u_dut/gen_result_slots[0].gen_result_banks[3].u_result_bank/mem_reg_704_767_0_6/RAMB","RAMD64E","u_dut/gen_result_slots.gen_result_banks.u_result_bank/mem_reg_704_767_0_6/RAMB","2","0.312000000","1.410000000","1.722000000","0.818815331","SLICE_X70Y44","SLICE_X67Y68","","","SIGNATURE_SKIPPED|FDCE|RAMD64E","SIGNATURE_SKIPPED|FDCE|RAMD64E","DUT_INTERNAL","u_dut/result_cmd_slot_q_reg","u_dut/result_bank","0.004000000"
"u_dut/gen_result_slots[0].gen_result_banks[3].u_result_bank/mem_reg_704_767_0_6/RAMC/WE","u_dut/result_cmd_slot_q_reg/C","-0.004000000","clk","clk","clk","u_dut/result_cmd_slot_q_reg","FDCE","u_dut/result_cmd_slot_q_reg","u_dut/gen_result_slots[0].gen_result_banks[3].u_result_bank/mem_reg_704_767_0_6/RAMC","RAMD64E","u_dut/gen_result_slots.gen_result_banks.u_result_bank/mem_reg_704_767_0_6/RAMC","2","0.312000000","1.410000000","1.722000000","0.818815331","SLICE_X70Y44","SLICE_X67Y68","","","SIGNATURE_SKIPPED|FDCE|RAMD64E","SIGNATURE_SKIPPED|FDCE|RAMD64E","DUT_INTERNAL","u_dut/result_cmd_slot_q_reg","u_dut/result_bank","0.004000000"
"u_dut/gen_result_slots[0].gen_result_banks[3].u_result_bank/mem_reg_704_767_0_6/RAMD/WE","u_dut/result_cmd_slot_q_reg/C","-0.004000000","clk","clk","clk","u_dut/result_cmd_slot_q_reg","FDCE","u_dut/result_cmd_slot_q_reg","u_dut/gen_result_slots[0].gen_result_banks[3].u_result_bank/mem_reg_704_767_0_6/RAMD","RAMD64E","u_dut/gen_result_slots.gen_result_banks.u_result_bank/mem_reg_704_767_0_6/RAMD","2","0.312000000","1.410000000","1.722000000","0.818815331","SLICE_X70Y44","SLICE_X67Y68","","","SIGNATURE_SKIPPED|FDCE|RAMD64E","SIGNATURE_SKIPPED|FDCE|RAMD64E","DUT_INTERNAL","u_dut/result_cmd_slot_q_reg","u_dut/result_bank","0.004000000"
"u_dut/gen_result_slots[0].gen_result_banks[3].u_result_bank/mem_reg_704_767_0_6/RAME/WE","u_dut/result_cmd_slot_q_reg/C","-0.004000000","clk","clk","clk","u_dut/result_cmd_slot_q_reg","FDCE","u_dut/result_cmd_slot_q_reg","u_dut/gen_result_slots[0].gen_result_banks[3].u_result_bank/mem_reg_704_767_0_6/RAME","RAMD64E","u_dut/gen_result_slots.gen_result_banks.u_result_bank/mem_reg_704_767_0_6/RAME","2","0.312000000","1.410000000","1.722000000","0.818815331","SLICE_X70Y44","SLICE_X67Y68","","","SIGNATURE_SKIPPED|FDCE|RAMD64E","SIGNATURE_SKIPPED|FDCE|RAMD64E","DUT_INTERNAL","u_dut/result_cmd_slot_q_reg","u_dut/result_bank","0.004000000"
"u_dut/gen_result_slots[0].gen_result_banks[3].u_result_bank/mem_reg_704_767_0_6/RAMF/WE","u_dut/result_cmd_slot_q_reg/C","-0.004000000","clk","clk","clk","u_dut/result_cmd_slot_q_reg","FDCE","u_dut/result_cmd_slot_q_reg","u_dut/gen_result_slots[0].gen_result_banks[3].u_result_bank/mem_reg_704_767_0_6/RAMF","RAMD64E","u_dut/gen_result_slots.gen_result_banks.u_result_bank/mem_reg_704_767_0_6/RAMF","2","0.312000000","1.410000000","1.722000000","0.818815331","SLICE_X70Y44","SLICE_X67Y68","","","SIGNATURE_SKIPPED|FDCE|RAMD64E","SIGNATURE_SKIPPED|FDCE|RAMD64E","DUT_INTERNAL","u_dut/result_cmd_slot_q_reg","u_dut/result_bank","0.004000000"
"u_dut/gen_result_slots[0].gen_result_banks[3].u_result_bank/mem_reg_704_767_0_6/RAMG/WE","u_dut/result_cmd_slot_q_reg/C","-0.004000000","clk","clk","clk","u_dut/result_cmd_slot_q_reg","FDCE","u_dut/result_cmd_slot_q_reg","u_dut/gen_result_slots[0].gen_result_banks[3].u_result_bank/mem_reg_704_767_0_6/RAMG","RAMD64E","u_dut/gen_result_slots.gen_result_banks.u_result_bank/mem_reg_704_767_0_6/RAMG","2","0.312000000","1.410000000","1.722000000","0.818815331","SLICE_X70Y44","SLICE_X67Y68","","","SIGNATURE_SKIPPED|FDCE|RAMD64E","SIGNATURE_SKIPPED|FDCE|RAMD64E","DUT_INTERNAL","u_dut/result_cmd_slot_q_reg","u_dut/result_bank","0.004000000"
"u_dut/gen_result_slots[0].gen_result_banks[3].u_result_bank/mem_reg_704_767_0_6/RAMH/WE","u_dut/result_cmd_slot_q_reg/C","-0.004000000","clk","clk","clk","u_dut/result_cmd_slot_q_reg","FDCE","u_dut/result_cmd_slot_q_reg","u_dut/gen_result_slots[0].gen_result_banks[3].u_result_bank/mem_reg_704_767_0_6/RAMH","RAMD64E","u_dut/gen_result_slots.gen_result_banks.u_result_bank/mem_reg_704_767_0_6/RAMH","2","0.312000000","1.410000000","1.722000000","0.818815331","SLICE_X70Y44","SLICE_X67Y68","","","SIGNATURE_SKIPPED|FDCE|RAMD64E","SIGNATURE_SKIPPED|FDCE|RAMD64E","DUT_INTERNAL","u_dut/result_cmd_slot_q_reg","u_dut/result_bank","0.004000000"
"u_dut/gen_result_slots[1].gen_result_banks[0].u_result_bank/mem_reg_768_831_0_6/RAMA/WE","u_dut/result_cmd_slot_q_reg/C","-0.011000000","clk","clk","clk","u_dut/result_cmd_slot_q_reg","FDCE","u_dut/result_cmd_slot_q_reg","u_dut/gen_result_slots[1].gen_result_banks[0].u_result_bank/mem_reg_768_831_0_6/RAMA","RAMD64E","u_dut/gen_result_slots.gen_result_banks.u_result_bank/mem_reg_768_831_0_6/RAMA","2","0.326000000","1.406000000","1.732000000","0.811778291","SLICE_X70Y44","SLICE_X71Y60","","","SIGNATURE_SKIPPED|FDCE|RAMD64E","SIGNATURE_SKIPPED|FDCE|RAMD64E","DUT_INTERNAL","u_dut/result_cmd_slot_q_reg","u_dut/result_bank","0.011000000"
"u_dut/gen_result_slots[1].gen_result_banks[0].u_result_bank/mem_reg_768_831_0_6/RAMB/WE","u_dut/result_cmd_slot_q_reg/C","-0.011000000","clk","clk","clk","u_dut/result_cmd_slot_q_reg","FDCE","u_dut/result_cmd_slot_q_reg","u_dut/gen_result_slots[1].gen_result_banks[0].u_result_bank/mem_reg_768_831_0_6/RAMB","RAMD64E","u_dut/gen_result_slots.gen_result_banks.u_result_bank/mem_reg_768_831_0_6/RAMB","2","0.326000000","1.406000000","1.732000000","0.811778291","SLICE_X70Y44","SLICE_X71Y60","","","SIGNATURE_SKIPPED|FDCE|RAMD64E","SIGNATURE_SKIPPED|FDCE|RAMD64E","DUT_INTERNAL","u_dut/result_cmd_slot_q_reg","u_dut/result_bank","0.011000000"
"u_dut/gen_result_slots[1].gen_result_banks[0].u_result_bank/mem_reg_768_831_0_6/RAMC/WE","u_dut/result_cmd_slot_q_reg/C","-0.011000000","clk","clk","clk","u_dut/result_cmd_slot_q_reg","FDCE","u_dut/result_cmd_slot_q_reg","u_dut/gen_result_slots[1].gen_result_banks[0].u_result_bank/mem_reg_768_831_0_6/RAMC","RAMD64E","u_dut/gen_result_slots.gen_result_banks.u_result_bank/mem_reg_768_831_0_6/RAMC","2","0.326000000","1.406000000","1.732000000","0.811778291","SLICE_X70Y44","SLICE_X71Y60","","","SIGNATURE_SKIPPED|FDCE|RAMD64E","SIGNATURE_SKIPPED|FDCE|RAMD64E","DUT_INTERNAL","u_dut/result_cmd_slot_q_reg","u_dut/result_bank","0.011000000"
"u_dut/gen_result_slots[1].gen_result_banks[0].u_result_bank/mem_reg_768_831_0_6/RAMD/WE","u_dut/result_cmd_slot_q_reg/C","-0.011000000","clk","clk","clk","u_dut/result_cmd_slot_q_reg","FDCE","u_dut/result_cmd_slot_q_reg","u_dut/gen_result_slots[1].gen_result_banks[0].u_result_bank/mem_reg_768_831_0_6/RAMD","RAMD64E","u_dut/gen_result_slots.gen_result_banks.u_result_bank/mem_reg_768_831_0_6/RAMD","2","0.326000000","1.406000000","1.732000000","0.811778291","SLICE_X70Y44","SLICE_X71Y60","","","SIGNATURE_SKIPPED|FDCE|RAMD64E","SIGNATURE_SKIPPED|FDCE|RAMD64E","DUT_INTERNAL","u_dut/result_cmd_slot_q_reg","u_dut/result_bank","0.011000000"
"u_dut/gen_result_slots[1].gen_result_banks[0].u_result_bank/mem_reg_768_831_0_6/RAME/WE","u_dut/result_cmd_slot_q_reg/C","-0.011000000","clk","clk","clk","u_dut/result_cmd_slot_q_reg","FDCE","u_dut/result_cmd_slot_q_reg","u_dut/gen_result_slots[1].gen_result_banks[0].u_result_bank/mem_reg_768_831_0_6/RAME","RAMD64E","u_dut/gen_result_slots.gen_result_banks.u_result_bank/mem_reg_768_831_0_6/RAME","2","0.326000000","1.406000000","1.732000000","0.811778291","SLICE_X70Y44","SLICE_X71Y60","","","SIGNATURE_SKIPPED|FDCE|RAMD64E","SIGNATURE_SKIPPED|FDCE|RAMD64E","DUT_INTERNAL","u_dut/result_cmd_slot_q_reg","u_dut/result_bank","0.011000000"
"u_dut/gen_result_slots[1].gen_result_banks[0].u_result_bank/mem_reg_768_831_0_6/RAMF/WE","u_dut/result_cmd_slot_q_reg/C","-0.011000000","clk","clk","clk","u_dut/result_cmd_slot_q_reg","FDCE","u_dut/result_cmd_slot_q_reg","u_dut/gen_result_slots[1].gen_result_banks[0].u_result_bank/mem_reg_768_831_0_6/RAMF","RAMD64E","u_dut/gen_result_slots.gen_result_banks.u_result_bank/mem_reg_768_831_0_6/RAMF","2","0.326000000","1.406000000","1.732000000","0.811778291","SLICE_X70Y44","SLICE_X71Y60","","","SIGNATURE_SKIPPED|FDCE|RAMD64E","SIGNATURE_SKIPPED|FDCE|RAMD64E","DUT_INTERNAL","u_dut/result_cmd_slot_q_reg","u_dut/result_bank","0.011000000"
"u_dut/gen_result_slots[1].gen_result_banks[0].u_result_bank/mem_reg_768_831_0_6/RAMG/WE","u_dut/result_cmd_slot_q_reg/C","-0.011000000","clk","clk","clk","u_dut/result_cmd_slot_q_reg","FDCE","u_dut/result_cmd_slot_q_reg","u_dut/gen_result_slots[1].gen_result_banks[0].u_result_bank/mem_reg_768_831_0_6/RAMG","RAMD64E","u_dut/gen_result_slots.gen_result_banks.u_result_bank/mem_reg_768_831_0_6/RAMG","2","0.326000000","1.406000000","1.732000000","0.811778291","SLICE_X70Y44","SLICE_X71Y60","","","SIGNATURE_SKIPPED|FDCE|RAMD64E","SIGNATURE_SKIPPED|FDCE|RAMD64E","DUT_INTERNAL","u_dut/result_cmd_slot_q_reg","u_dut/result_bank","0.011000000"
"u_dut/gen_result_slots[1].gen_result_banks[0].u_result_bank/mem_reg_768_831_0_6/RAMH/WE","u_dut/result_cmd_slot_q_reg/C","-0.011000000","clk","clk","clk","u_dut/result_cmd_slot_q_reg","FDCE","u_dut/result_cmd_slot_q_reg","u_dut/gen_result_slots[1].gen_result_banks[0].u_result_bank/mem_reg_768_831_0_6/RAMH","RAMD64E","u_dut/gen_result_slots.gen_result_banks.u_result_bank/mem_reg_768_831_0_6/RAMH","2","0.326000000","1.406000000","1.732000000","0.811778291","SLICE_X70Y44","SLICE_X71Y60","","","SIGNATURE_SKIPPED|FDCE|RAMD64E","SIGNATURE_SKIPPED|FDCE|RAMD64E","DUT_INTERNAL","u_dut/result_cmd_slot_q_reg","u_dut/result_bank","0.011000000"
"u_dut/gen_result_slots[1].gen_result_banks[1].u_result_bank/mem_reg_128_191_0_6/RAMA/WE","u_dut/result_cmd_slot_q_reg/C","-0.043000000","clk","clk","clk","u_dut/result_cmd_slot_q_reg","FDCE","u_dut/result_cmd_slot_q_reg","u_dut/gen_result_slots[1].gen_result_banks[1].u_result_bank/mem_reg_128_191_0_6/RAMA","RAMD64E","u_dut/gen_result_slots.gen_result_banks.u_result_bank/mem_reg_128_191_0_6/RAMA","2","0.301000000","1.455000000","1.756000000","0.828587699","SLICE_X70Y44","SLICE_X61Y58","","","SIGNATURE_SKIPPED|FDCE|RAMD64E","SIGNATURE_SKIPPED|FDCE|RAMD64E","DUT_INTERNAL","u_dut/result_cmd_slot_q_reg","u_dut/result_bank","0.043000000"
"u_dut/gen_result_slots[1].gen_result_banks[1].u_result_bank/mem_reg_128_191_0_6/RAMB/WE","u_dut/result_cmd_slot_q_reg/C","-0.043000000","clk","clk","clk","u_dut/result_cmd_slot_q_reg","FDCE","u_dut/result_cmd_slot_q_reg","u_dut/gen_result_slots[1].gen_result_banks[1].u_result_bank/mem_reg_128_191_0_6/RAMB","RAMD64E","u_dut/gen_result_slots.gen_result_banks.u_result_bank/mem_reg_128_191_0_6/RAMB","2","0.301000000","1.455000000","1.756000000","0.828587699","SLICE_X70Y44","SLICE_X61Y58","","","SIGNATURE_SKIPPED|FDCE|RAMD64E","SIGNATURE_SKIPPED|FDCE|RAMD64E","DUT_INTERNAL","u_dut/result_cmd_slot_q_reg","u_dut/result_bank","0.043000000"
"u_dut/gen_result_slots[1].gen_result_banks[1].u_result_bank/mem_reg_128_191_0_6/RAMC/WE","u_dut/result_cmd_slot_q_reg/C","-0.043000000","clk","clk","clk","u_dut/result_cmd_slot_q_reg","FDCE","u_dut/result_cmd_slot_q_reg","u_dut/gen_result_slots[1].gen_result_banks[1].u_result_bank/mem_reg_128_191_0_6/RAMC","RAMD64E","u_dut/gen_result_slots.gen_result_banks.u_result_bank/mem_reg_128_191_0_6/RAMC","2","0.301000000","1.455000000","1.756000000","0.828587699","SLICE_X70Y44","SLICE_X61Y58","","","SIGNATURE_SKIPPED|FDCE|RAMD64E","SIGNATURE_SKIPPED|FDCE|RAMD64E","DUT_INTERNAL","u_dut/result_cmd_slot_q_reg","u_dut/result_bank","0.043000000"
"u_dut/gen_result_slots[1].gen_result_banks[1].u_result_bank/mem_reg_128_191_0_6/RAMD/WE","u_dut/result_cmd_slot_q_reg/C","-0.043000000","clk","clk","clk","u_dut/result_cmd_slot_q_reg","FDCE","u_dut/result_cmd_slot_q_reg","u_dut/gen_result_slots[1].gen_result_banks[1].u_result_bank/mem_reg_128_191_0_6/RAMD","RAMD64E","u_dut/gen_result_slots.gen_result_banks.u_result_bank/mem_reg_128_191_0_6/RAMD","2","0.301000000","1.455000000","1.756000000","0.828587699","SLICE_X70Y44","SLICE_X61Y58","","","SIGNATURE_SKIPPED|FDCE|RAMD64E","SIGNATURE_SKIPPED|FDCE|RAMD64E","DUT_INTERNAL","u_dut/result_cmd_slot_q_reg","u_dut/result_bank","0.043000000"
"u_dut/gen_result_slots[1].gen_result_banks[1].u_result_bank/mem_reg_128_191_0_6/RAME/WE","u_dut/result_cmd_slot_q_reg/C","-0.043000000","clk","clk","clk","u_dut/result_cmd_slot_q_reg","FDCE","u_dut/result_cmd_slot_q_reg","u_dut/gen_result_slots[1].gen_result_banks[1].u_result_bank/mem_reg_128_191_0_6/RAME","RAMD64E","u_dut/gen_result_slots.gen_result_banks.u_result_bank/mem_reg_128_191_0_6/RAME","2","0.301000000","1.455000000","1.756000000","0.828587699","SLICE_X70Y44","SLICE_X61Y58","","","SIGNATURE_SKIPPED|FDCE|RAMD64E","SIGNATURE_SKIPPED|FDCE|RAMD64E","DUT_INTERNAL","u_dut/result_cmd_slot_q_reg","u_dut/result_bank","0.043000000"
"u_dut/gen_result_slots[1].gen_result_banks[1].u_result_bank/mem_reg_128_191_0_6/RAMF/WE","u_dut/result_cmd_slot_q_reg/C","-0.043000000","clk","clk","clk","u_dut/result_cmd_slot_q_reg","FDCE","u_dut/result_cmd_slot_q_reg","u_dut/gen_result_slots[1].gen_result_banks[1].u_result_bank/mem_reg_128_191_0_6/RAMF","RAMD64E","u_dut/gen_result_slots.gen_result_banks.u_result_bank/mem_reg_128_191_0_6/RAMF","2","0.301000000","1.455000000","1.756000000","0.828587699","SLICE_X70Y44","SLICE_X61Y58","","","SIGNATURE_SKIPPED|FDCE|RAMD64E","SIGNATURE_SKIPPED|FDCE|RAMD64E","DUT_INTERNAL","u_dut/result_cmd_slot_q_reg","u_dut/result_bank","0.043000000"
"u_dut/gen_result_slots[1].gen_result_banks[1].u_result_bank/mem_reg_128_191_0_6/RAMG/WE","u_dut/result_cmd_slot_q_reg/C","-0.043000000","clk","clk","clk","u_dut/result_cmd_slot_q_reg","FDCE","u_dut/result_cmd_slot_q_reg","u_dut/gen_result_slots[1].gen_result_banks[1].u_result_bank/mem_reg_128_191_0_6/RAMG","RAMD64E","u_dut/gen_result_slots.gen_result_banks.u_result_bank/mem_reg_128_191_0_6/RAMG","2","0.301000000","1.455000000","1.756000000","0.828587699","SLICE_X70Y44","SLICE_X61Y58","","","SIGNATURE_SKIPPED|FDCE|RAMD64E","SIGNATURE_SKIPPED|FDCE|RAMD64E","DUT_INTERNAL","u_dut/result_cmd_slot_q_reg","u_dut/result_bank","0.043000000"
"u_dut/gen_result_slots[1].gen_result_banks[1].u_result_bank/mem_reg_128_191_0_6/RAMH/WE","u_dut/result_cmd_slot_q_reg/C","-0.043000000","clk","clk","clk","u_dut/result_cmd_slot_q_reg","FDCE","u_dut/result_cmd_slot_q_reg","u_dut/gen_result_slots[1].gen_result_banks[1].u_result_bank/mem_reg_128_191_0_6/RAMH","RAMD64E","u_dut/gen_result_slots.gen_result_banks.u_result_bank/mem_reg_128_191_0_6/RAMH","2","0.301000000","1.455000000","1.756000000","0.828587699","SLICE_X70Y44","SLICE_X61Y58","","","SIGNATURE_SKIPPED|FDCE|RAMD64E","SIGNATURE_SKIPPED|FDCE|RAMD64E","DUT_INTERNAL","u_dut/result_cmd_slot_q_reg","u_dut/result_bank","0.043000000"
"u_dut/gen_result_slots[1].gen_result_banks[2].u_result_bank/mem_reg_448_511_7_9/RAMA/WE","u_dut/result_cmd_slot_q_reg/C","-0.054000000","clk","clk","clk","u_dut/result_cmd_slot_q_reg","FDCE","u_dut/result_cmd_slot_q_reg","u_dut/gen_result_slots[1].gen_result_banks[2].u_result_bank/mem_reg_448_511_7_9/RAMA","RAMD64E","u_dut/gen_result_slots.gen_result_banks.u_result_bank/mem_reg_448_511_7_9/RAMA","2","0.347000000","1.401000000","1.748000000","0.801487414","SLICE_X70Y44","SLICE_X74Y81","","","SIGNATURE_SKIPPED|FDCE|RAMD64E","SIGNATURE_SKIPPED|FDCE|RAMD64E","DUT_INTERNAL","u_dut/result_cmd_slot_q_reg","u_dut/result_bank","0.054000000"
"u_dut/gen_result_slots[1].gen_result_banks[2].u_result_bank/mem_reg_448_511_7_9/RAMB/WE","u_dut/result_cmd_slot_q_reg/C","-0.054000000","clk","clk","clk","u_dut/result_cmd_slot_q_reg","FDCE","u_dut/result_cmd_slot_q_reg","u_dut/gen_result_slots[1].gen_result_banks[2].u_result_bank/mem_reg_448_511_7_9/RAMB","RAMD64E","u_dut/gen_result_slots.gen_result_banks.u_result_bank/mem_reg_448_511_7_9/RAMB","2","0.347000000","1.401000000","1.748000000","0.801487414","SLICE_X70Y44","SLICE_X74Y81","","","SIGNATURE_SKIPPED|FDCE|RAMD64E","SIGNATURE_SKIPPED|FDCE|RAMD64E","DUT_INTERNAL","u_dut/result_cmd_slot_q_reg","u_dut/result_bank","0.054000000"
"u_dut/gen_result_slots[1].gen_result_banks[2].u_result_bank/mem_reg_448_511_7_9/RAMC/WE","u_dut/result_cmd_slot_q_reg/C","-0.054000000","clk","clk","clk","u_dut/result_cmd_slot_q_reg","FDCE","u_dut/result_cmd_slot_q_reg","u_dut/gen_result_slots[1].gen_result_banks[2].u_result_bank/mem_reg_448_511_7_9/RAMC","RAMD64E","u_dut/gen_result_slots.gen_result_banks.u_result_bank/mem_reg_448_511_7_9/RAMC","2","0.347000000","1.401000000","1.748000000","0.801487414","SLICE_X70Y44","SLICE_X74Y81","","","SIGNATURE_SKIPPED|FDCE|RAMD64E","SIGNATURE_SKIPPED|FDCE|RAMD64E","DUT_INTERNAL","u_dut/result_cmd_slot_q_reg","u_dut/result_bank","0.054000000"
"u_dut/gen_result_slots[1].gen_result_banks[2].u_result_bank/mem_reg_448_511_7_9/RAMD/WE","u_dut/result_cmd_slot_q_reg/C","-0.054000000","clk","clk","clk","u_dut/result_cmd_slot_q_reg","FDCE","u_dut/result_cmd_slot_q_reg","u_dut/gen_result_slots[1].gen_result_banks[2].u_result_bank/mem_reg_448_511_7_9/RAMD","RAMD64E","u_dut/gen_result_slots.gen_result_banks.u_result_bank/mem_reg_448_511_7_9/RAMD","2","0.347000000","1.401000000","1.748000000","0.801487414","SLICE_X70Y44","SLICE_X74Y81","","","SIGNATURE_SKIPPED|FDCE|RAMD64E","SIGNATURE_SKIPPED|FDCE|RAMD64E","DUT_INTERNAL","u_dut/result_cmd_slot_q_reg","u_dut/result_bank","0.054000000"
"u_dut/gen_result_slots[1].gen_result_banks[3].u_result_bank/mem_reg_960_1023_0_6/RAMA/WE","u_dut/result_cmd_slot_q_reg/C","-0.020000000","clk","clk","clk","u_dut/result_cmd_slot_q_reg","FDCE","u_dut/result_cmd_slot_q_reg","u_dut/gen_result_slots[1].gen_result_banks[3].u_result_bank/mem_reg_960_1023_0_6/RAMA","RAMD64E","u_dut/gen_result_slots.gen_result_banks.u_result_bank/mem_reg_960_1023_0_6/RAMA","2","0.313000000","1.424000000","1.737000000","0.819804260","SLICE_X70Y44","SLICE_X67Y78","","","SIGNATURE_SKIPPED|FDCE|RAMD64E","SIGNATURE_SKIPPED|FDCE|RAMD64E","DUT_INTERNAL","u_dut/result_cmd_slot_q_reg","u_dut/result_bank","0.020000000"
"u_dut/gen_result_slots[1].gen_result_banks[3].u_result_bank/mem_reg_960_1023_0_6/RAMB/WE","u_dut/result_cmd_slot_q_reg/C","-0.020000000","clk","clk","clk","u_dut/result_cmd_slot_q_reg","FDCE","u_dut/result_cmd_slot_q_reg","u_dut/gen_result_slots[1].gen_result_banks[3].u_result_bank/mem_reg_960_1023_0_6/RAMB","RAMD64E","u_dut/gen_result_slots.gen_result_banks.u_result_bank/mem_reg_960_1023_0_6/RAMB","2","0.313000000","1.424000000","1.737000000","0.819804260","SLICE_X70Y44","SLICE_X67Y78","","","SIGNATURE_SKIPPED|FDCE|RAMD64E","SIGNATURE_SKIPPED|FDCE|RAMD64E","DUT_INTERNAL","u_dut/result_cmd_slot_q_reg","u_dut/result_bank","0.020000000"
"u_dut/gen_result_slots[1].gen_result_banks[3].u_result_bank/mem_reg_960_1023_0_6/RAMC/WE","u_dut/result_cmd_slot_q_reg/C","-0.020000000","clk","clk","clk","u_dut/result_cmd_slot_q_reg","FDCE","u_dut/result_cmd_slot_q_reg","u_dut/gen_result_slots[1].gen_result_banks[3].u_result_bank/mem_reg_960_1023_0_6/RAMC","RAMD64E","u_dut/gen_result_slots.gen_result_banks.u_result_bank/mem_reg_960_1023_0_6/RAMC","2","0.313000000","1.424000000","1.737000000","0.819804260","SLICE_X70Y44","SLICE_X67Y78","","","SIGNATURE_SKIPPED|FDCE|RAMD64E","SIGNATURE_SKIPPED|FDCE|RAMD64E","DUT_INTERNAL","u_dut/result_cmd_slot_q_reg","u_dut/result_bank","0.020000000"
"u_dut/gen_result_slots[1].gen_result_banks[3].u_result_bank/mem_reg_960_1023_0_6/RAMD/WE","u_dut/result_cmd_slot_q_reg/C","-0.020000000","clk","clk","clk","u_dut/result_cmd_slot_q_reg","FDCE","u_dut/result_cmd_slot_q_reg","u_dut/gen_result_slots[1].gen_result_banks[3].u_result_bank/mem_reg_960_1023_0_6/RAMD","RAMD64E","u_dut/gen_result_slots.gen_result_banks.u_result_bank/mem_reg_960_1023_0_6/RAMD","2","0.313000000","1.424000000","1.737000000","0.819804260","SLICE_X70Y44","SLICE_X67Y78","","","SIGNATURE_SKIPPED|FDCE|RAMD64E","SIGNATURE_SKIPPED|FDCE|RAMD64E","DUT_INTERNAL","u_dut/result_cmd_slot_q_reg","u_dut/result_bank","0.020000000"
"u_dut/gen_result_slots[1].gen_result_banks[3].u_result_bank/mem_reg_960_1023_0_6/RAME/WE","u_dut/result_cmd_slot_q_reg/C","-0.020000000","clk","clk","clk","u_dut/result_cmd_slot_q_reg","FDCE","u_dut/result_cmd_slot_q_reg","u_dut/gen_result_slots[1].gen_result_banks[3].u_result_bank/mem_reg_960_1023_0_6/RAME","RAMD64E","u_dut/gen_result_slots.gen_result_banks.u_result_bank/mem_reg_960_1023_0_6/RAME","2","0.313000000","1.424000000","1.737000000","0.819804260","SLICE_X70Y44","SLICE_X67Y78","","","SIGNATURE_SKIPPED|FDCE|RAMD64E","SIGNATURE_SKIPPED|FDCE|RAMD64E","DUT_INTERNAL","u_dut/result_cmd_slot_q_reg","u_dut/result_bank","0.020000000"
"u_dut/gen_result_slots[1].gen_result_banks[3].u_result_bank/mem_reg_960_1023_0_6/RAMF/WE","u_dut/result_cmd_slot_q_reg/C","-0.020000000","clk","clk","clk","u_dut/result_cmd_slot_q_reg","FDCE","u_dut/result_cmd_slot_q_reg","u_dut/gen_result_slots[1].gen_result_banks[3].u_result_bank/mem_reg_960_1023_0_6/RAMF","RAMD64E","u_dut/gen_result_slots.gen_result_banks.u_result_bank/mem_reg_960_1023_0_6/RAMF","2","0.313000000","1.424000000","1.737000000","0.819804260","SLICE_X70Y44","SLICE_X67Y78","","","SIGNATURE_SKIPPED|FDCE|RAMD64E","SIGNATURE_SKIPPED|FDCE|RAMD64E","DUT_INTERNAL","u_dut/result_cmd_slot_q_reg","u_dut/result_bank","0.020000000"
"u_dut/gen_result_slots[1].gen_result_banks[3].u_result_bank/mem_reg_960_1023_0_6/RAMG/WE","u_dut/result_cmd_slot_q_reg/C","-0.020000000","clk","clk","clk","u_dut/result_cmd_slot_q_reg","FDCE","u_dut/result_cmd_slot_q_reg","u_dut/gen_result_slots[1].gen_result_banks[3].u_result_bank/mem_reg_960_1023_0_6/RAMG","RAMD64E","u_dut/gen_result_slots.gen_result_banks.u_result_bank/mem_reg_960_1023_0_6/RAMG","2","0.313000000","1.424000000","1.737000000","0.819804260","SLICE_X70Y44","SLICE_X67Y78","","","SIGNATURE_SKIPPED|FDCE|RAMD64E","SIGNATURE_SKIPPED|FDCE|RAMD64E","DUT_INTERNAL","u_dut/result_cmd_slot_q_reg","u_dut/result_bank","0.020000000"
"u_dut/gen_result_slots[1].gen_result_banks[3].u_result_bank/mem_reg_960_1023_0_6/RAMH/WE","u_dut/result_cmd_slot_q_reg/C","-0.020000000","clk","clk","clk","u_dut/result_cmd_slot_q_reg","FDCE","u_dut/result_cmd_slot_q_reg","u_dut/gen_result_slots[1].gen_result_banks[3].u_result_bank/mem_reg_960_1023_0_6/RAMH","RAMD64E","u_dut/gen_result_slots.gen_result_banks.u_result_bank/mem_reg_960_1023_0_6/RAMH","2","0.313000000","1.424000000","1.737000000","0.819804260","SLICE_X70Y44","SLICE_X67Y78","","","SIGNATURE_SKIPPED|FDCE|RAMD64E","SIGNATURE_SKIPPED|FDCE|RAMD64E","DUT_INTERNAL","u_dut/result_cmd_slot_q_reg","u_dut/result_bank","0.020000000"
"u_dut/gen_tmp_banks[2].u_kernel_tmp_bank/mem_reg_384_447_0_6/RAMA/WE","u_dut/vwrite_cmd_valid_q_reg/C","-0.038000000","clk","clk","clk","u_dut/vwrite_cmd_valid_q_reg","FDCE","u_dut/vwrite_cmd_valid_q_reg","u_dut/gen_tmp_banks[2].u_kernel_tmp_bank/mem_reg_384_447_0_6/RAMA","RAMD64E","u_dut/gen_tmp_banks.u_kernel_tmp_bank/mem_reg_384_447_0_6/RAMA","2","0.351000000","1.347000000","1.698000000","0.793286219","SLICE_X72Y37","SLICE_X86Y27","","","SIGNATURE_SKIPPED|FDCE|RAMD64E","SIGNATURE_SKIPPED|FDCE|RAMD64E","DUT_INTERNAL","u_dut/vwrite_cmd_valid_q_reg","u_dut/temp_bank","0.038000000"
"u_dut/gen_tmp_banks[2].u_kernel_tmp_bank/mem_reg_384_447_0_6/RAMB/WE","u_dut/vwrite_cmd_valid_q_reg/C","-0.038000000","clk","clk","clk","u_dut/vwrite_cmd_valid_q_reg","FDCE","u_dut/vwrite_cmd_valid_q_reg","u_dut/gen_tmp_banks[2].u_kernel_tmp_bank/mem_reg_384_447_0_6/RAMB","RAMD64E","u_dut/gen_tmp_banks.u_kernel_tmp_bank/mem_reg_384_447_0_6/RAMB","2","0.351000000","1.347000000","1.698000000","0.793286219","SLICE_X72Y37","SLICE_X86Y27","","","SIGNATURE_SKIPPED|FDCE|RAMD64E","SIGNATURE_SKIPPED|FDCE|RAMD64E","DUT_INTERNAL","u_dut/vwrite_cmd_valid_q_reg","u_dut/temp_bank","0.038000000"
"u_dut/gen_tmp_banks[2].u_kernel_tmp_bank/mem_reg_384_447_0_6/RAMC/WE","u_dut/vwrite_cmd_valid_q_reg/C","-0.038000000","clk","clk","clk","u_dut/vwrite_cmd_valid_q_reg","FDCE","u_dut/vwrite_cmd_valid_q_reg","u_dut/gen_tmp_banks[2].u_kernel_tmp_bank/mem_reg_384_447_0_6/RAMC","RAMD64E","u_dut/gen_tmp_banks.u_kernel_tmp_bank/mem_reg_384_447_0_6/RAMC","2","0.351000000","1.347000000","1.698000000","0.793286219","SLICE_X72Y37","SLICE_X86Y27","","","SIGNATURE_SKIPPED|FDCE|RAMD64E","SIGNATURE_SKIPPED|FDCE|RAMD64E","DUT_INTERNAL","u_dut/vwrite_cmd_valid_q_reg","u_dut/temp_bank","0.038000000"
"u_dut/gen_tmp_banks[2].u_kernel_tmp_bank/mem_reg_384_447_0_6/RAMD/WE","u_dut/vwrite_cmd_valid_q_reg/C","-0.038000000","clk","clk","clk","u_dut/vwrite_cmd_valid_q_reg","FDCE","u_dut/vwrite_cmd_valid_q_reg","u_dut/gen_tmp_banks[2].u_kernel_tmp_bank/mem_reg_384_447_0_6/RAMD","RAMD64E","u_dut/gen_tmp_banks.u_kernel_tmp_bank/mem_reg_384_447_0_6/RAMD","2","0.351000000","1.347000000","1.698000000","0.793286219","SLICE_X72Y37","SLICE_X86Y27","","","SIGNATURE_SKIPPED|FDCE|RAMD64E","SIGNATURE_SKIPPED|FDCE|RAMD64E","DUT_INTERNAL","u_dut/vwrite_cmd_valid_q_reg","u_dut/temp_bank","0.038000000"
"u_dut/gen_tmp_banks[2].u_kernel_tmp_bank/mem_reg_384_447_0_6/RAME/WE","u_dut/vwrite_cmd_valid_q_reg/C","-0.038000000","clk","clk","clk","u_dut/vwrite_cmd_valid_q_reg","FDCE","u_dut/vwrite_cmd_valid_q_reg","u_dut/gen_tmp_banks[2].u_kernel_tmp_bank/mem_reg_384_447_0_6/RAME","RAMD64E","u_dut/gen_tmp_banks.u_kernel_tmp_bank/mem_reg_384_447_0_6/RAME","2","0.351000000","1.347000000","1.698000000","0.793286219","SLICE_X72Y37","SLICE_X86Y27","","","SIGNATURE_SKIPPED|FDCE|RAMD64E","SIGNATURE_SKIPPED|FDCE|RAMD64E","DUT_INTERNAL","u_dut/vwrite_cmd_valid_q_reg","u_dut/temp_bank","0.038000000"
"u_dut/gen_tmp_banks[2].u_kernel_tmp_bank/mem_reg_384_447_0_6/RAMF/WE","u_dut/vwrite_cmd_valid_q_reg/C","-0.038000000","clk","clk","clk","u_dut/vwrite_cmd_valid_q_reg","FDCE","u_dut/vwrite_cmd_valid_q_reg","u_dut/gen_tmp_banks[2].u_kernel_tmp_bank/mem_reg_384_447_0_6/RAMF","RAMD64E","u_dut/gen_tmp_banks.u_kernel_tmp_bank/mem_reg_384_447_0_6/RAMF","2","0.351000000","1.347000000","1.698000000","0.793286219","SLICE_X72Y37","SLICE_X86Y27","","","SIGNATURE_SKIPPED|FDCE|RAMD64E","SIGNATURE_SKIPPED|FDCE|RAMD64E","DUT_INTERNAL","u_dut/vwrite_cmd_valid_q_reg","u_dut/temp_bank","0.038000000"
"u_dut/gen_tmp_banks[2].u_kernel_tmp_bank/mem_reg_384_447_0_6/RAMG/WE","u_dut/vwrite_cmd_valid_q_reg/C","-0.038000000","clk","clk","clk","u_dut/vwrite_cmd_valid_q_reg","FDCE","u_dut/vwrite_cmd_valid_q_reg","u_dut/gen_tmp_banks[2].u_kernel_tmp_bank/mem_reg_384_447_0_6/RAMG","RAMD64E","u_dut/gen_tmp_banks.u_kernel_tmp_bank/mem_reg_384_447_0_6/RAMG","2","0.351000000","1.347000000","1.698000000","0.793286219","SLICE_X72Y37","SLICE_X86Y27","","","SIGNATURE_SKIPPED|FDCE|RAMD64E","SIGNATURE_SKIPPED|FDCE|RAMD64E","DUT_INTERNAL","u_dut/vwrite_cmd_valid_q_reg","u_dut/temp_bank","0.038000000"
"u_dut/gen_tmp_banks[2].u_kernel_tmp_bank/mem_reg_384_447_0_6/RAMH/WE","u_dut/vwrite_cmd_valid_q_reg/C","-0.038000000","clk","clk","clk","u_dut/vwrite_cmd_valid_q_reg","FDCE","u_dut/vwrite_cmd_valid_q_reg","u_dut/gen_tmp_banks[2].u_kernel_tmp_bank/mem_reg_384_447_0_6/RAMH","RAMD64E","u_dut/gen_tmp_banks.u_kernel_tmp_bank/mem_reg_384_447_0_6/RAMH","2","0.351000000","1.347000000","1.698000000","0.793286219","SLICE_X72Y37","SLICE_X86Y27","","","SIGNATURE_SKIPPED|FDCE|RAMD64E","SIGNATURE_SKIPPED|FDCE|RAMD64E","DUT_INTERNAL","u_dut/vwrite_cmd_valid_q_reg","u_dut/temp_bank","0.038000000"
"u_dut/gen_tmp_banks[2].u_kernel_tmp_bank/mem_reg_512_575_14_15/RAMA/WE","u_dut/vwrite_cmd_valid_q_reg/C","-0.012000000","clk","clk","clk","u_dut/vwrite_cmd_valid_q_reg","FDCE","u_dut/vwrite_cmd_valid_q_reg","u_dut/gen_tmp_banks[2].u_kernel_tmp_bank/mem_reg_512_575_14_15/RAMA","RAMD64E","u_dut/gen_tmp_banks.u_kernel_tmp_bank/mem_reg_512_575_14_15/RAMA","2","0.352000000","1.332000000","1.684000000","0.790973872","SLICE_X72Y37","SLICE_X82Y54","","","SIGNATURE_SKIPPED|FDCE|RAMD64E","SIGNATURE_SKIPPED|FDCE|RAMD64E","DUT_INTERNAL","u_dut/vwrite_cmd_valid_q_reg","u_dut/temp_bank","0.012000000"
"u_dut/gen_tmp_banks[2].u_kernel_tmp_bank/mem_reg_512_575_14_15/RAMB/WE","u_dut/vwrite_cmd_valid_q_reg/C","-0.012000000","clk","clk","clk","u_dut/vwrite_cmd_valid_q_reg","FDCE","u_dut/vwrite_cmd_valid_q_reg","u_dut/gen_tmp_banks[2].u_kernel_tmp_bank/mem_reg_512_575_14_15/RAMB","RAMD64E","u_dut/gen_tmp_banks.u_kernel_tmp_bank/mem_reg_512_575_14_15/RAMB","2","0.352000000","1.332000000","1.684000000","0.790973872","SLICE_X72Y37","SLICE_X82Y54","","","SIGNATURE_SKIPPED|FDCE|RAMD64E","SIGNATURE_SKIPPED|FDCE|RAMD64E","DUT_INTERNAL","u_dut/vwrite_cmd_valid_q_reg","u_dut/temp_bank","0.012000000"
"u_dut/gen_tmp_banks[2].u_kernel_tmp_bank/mem_reg_512_575_14_15/RAMC/WE","u_dut/vwrite_cmd_valid_q_reg/C","-0.012000000","clk","clk","clk","u_dut/vwrite_cmd_valid_q_reg","FDCE","u_dut/vwrite_cmd_valid_q_reg","u_dut/gen_tmp_banks[2].u_kernel_tmp_bank/mem_reg_512_575_14_15/RAMC","RAMD64E","u_dut/gen_tmp_banks.u_kernel_tmp_bank/mem_reg_512_575_14_15/RAMC","2","0.352000000","1.332000000","1.684000000","0.790973872","SLICE_X72Y37","SLICE_X82Y54","","","SIGNATURE_SKIPPED|FDCE|RAMD64E","SIGNATURE_SKIPPED|FDCE|RAMD64E","DUT_INTERNAL","u_dut/vwrite_cmd_valid_q_reg","u_dut/temp_bank","0.012000000"
"u_dut/gen_tmp_banks[2].u_kernel_tmp_bank/mem_reg_512_575_14_15/RAMD/WE","u_dut/vwrite_cmd_valid_q_reg/C","-0.012000000","clk","clk","clk","u_dut/vwrite_cmd_valid_q_reg","FDCE","u_dut/vwrite_cmd_valid_q_reg","u_dut/gen_tmp_banks[2].u_kernel_tmp_bank/mem_reg_512_575_14_15/RAMD","RAMD64E","u_dut/gen_tmp_banks.u_kernel_tmp_bank/mem_reg_512_575_14_15/RAMD","2","0.352000000","1.332000000","1.684000000","0.790973872","SLICE_X72Y37","SLICE_X82Y54","","","SIGNATURE_SKIPPED|FDCE|RAMD64E","SIGNATURE_SKIPPED|FDCE|RAMD64E","DUT_INTERNAL","u_dut/vwrite_cmd_valid_q_reg","u_dut/temp_bank","0.012000000"
"u_dut/kernel_ctx_active_size_q_reg[3]/D","u_dut/output_active_reg_replica/C","-0.047000000","clk","clk","clk","u_dut/output_active_reg_replica","FDCE","u_dut/output_active_reg_replica","u_dut/kernel_ctx_active_size_q_reg[3]","FDCE","u_dut/kernel_ctx_active_size_q_reg","4","0.498000000","1.486000000","1.984000000","0.748991935","SLICE_X78Y21","SLICE_X67Y31","","","SIGNATURE_SKIPPED|FDCE|FDCE","SIGNATURE_SKIPPED|FDCE|FDCE","DUT_INTERNAL","u_dut/output_active_reg_replica","u_dut/kernel_ctx_active_size_q_reg","0.047000000"
"u_dut/kernel_ctx_output_size_q_reg[2]/D","u_dut/output_active_reg_replica/C","-0.089000000","clk","clk","clk","u_dut/output_active_reg_replica","FDCE","u_dut/output_active_reg_replica","u_dut/kernel_ctx_output_size_q_reg[2]","FDCE","u_dut/kernel_ctx_output_size_q_reg","4","0.462000000","1.558000000","2.020000000","0.771287129","SLICE_X78Y21","SLICE_X68Y30","","","SIGNATURE_SKIPPED|FDCE|FDCE","SIGNATURE_SKIPPED|FDCE|FDCE","DUT_INTERNAL","u_dut/output_active_reg_replica","u_dut/kernel_ctx_output_size_q_reg","0.089000000"
"u_dut/kernel_ctx_output_size_q_reg[3]/D","u_dut/output_active_reg_replica/C","-0.100000000","clk","clk","clk","u_dut/output_active_reg_replica","FDCE","u_dut/output_active_reg_replica","u_dut/kernel_ctx_output_size_q_reg[3]","FDCE","u_dut/kernel_ctx_output_size_q_reg","4","0.495000000","1.542000000","2.037000000","0.756995582","SLICE_X78Y21","SLICE_X67Y31","","","SIGNATURE_SKIPPED|FDCE|FDCE","SIGNATURE_SKIPPED|FDCE|FDCE","DUT_INTERNAL","u_dut/output_active_reg_replica","u_dut/kernel_ctx_output_size_q_reg","0.100000000"
"u_dut/kernel_ctx_output_size_q_reg[3]_replica/D","u_dut/output_active_reg_replica/C","-0.020000000","clk","clk","clk","u_dut/output_active_reg_replica","FDCE","u_dut/output_active_reg_replica","u_dut/kernel_ctx_output_size_q_reg[3]_replica","FDCE","u_dut/kernel_ctx_output_size_q_reg_replica","4","0.495000000","1.522000000","2.017000000","0.754586019","SLICE_X78Y21","SLICE_X68Y31","","","SIGNATURE_SKIPPED|FDCE|FDCE","SIGNATURE_SKIPPED|FDCE|FDCE","DUT_INTERNAL","u_dut/output_active_reg_replica","u_dut/kernel_ctx_output_size_q_reg_replica","0.020000000"
"u_dut/kernel_ctx_output_size_q_reg[4]/D","u_dut/output_active_reg_replica/C","-0.012000000","clk","clk","clk","u_dut/output_active_reg_replica","FDCE","u_dut/output_active_reg_replica","u_dut/kernel_ctx_output_size_q_reg[4]","FDCE","u_dut/kernel_ctx_output_size_q_reg","4","0.553000000","1.454000000","2.007000000","0.724464375","SLICE_X78Y21","SLICE_X70Y31","","","SIGNATURE_SKIPPED|FDCE|FDCE","SIGNATURE_SKIPPED|FDCE|FDCE","DUT_INTERNAL","u_dut/output_active_reg_replica","u_dut/kernel_ctx_output_size_q_reg","0.012000000"
"u_dut/kernel_ctx_output_size_q_reg[5]_replica/D","u_dut/output_active_reg_replica/C","-0.059000000","clk","clk","clk","u_dut/output_active_reg_replica","FDCE","u_dut/output_active_reg_replica","u_dut/kernel_ctx_output_size_q_reg[5]_replica","FDCE","u_dut/kernel_ctx_output_size_q_reg_replica","4","0.502000000","1.552000000","2.054000000","0.755598832","SLICE_X78Y21","SLICE_X70Y31","","","SIGNATURE_SKIPPED|FDCE|FDCE","SIGNATURE_SKIPPED|FDCE|FDCE","DUT_INTERNAL","u_dut/output_active_reg_replica","u_dut/kernel_ctx_output_size_q_reg_replica","0.059000000"
"u_dut/kernel_cut_h_q_reg[0]/D","u_dut/slot_state_reg[0][2]_replica/C","-0.042000000","clk","clk","clk","u_dut/slot_state_reg[0][2]_replica","FDCE","u_dut/slot_state_reg_replica","u_dut/kernel_cut_h_q_reg[0]","FDCE","u_dut/kernel_cut_h_q_reg","3","0.495000000","1.471000000","1.966000000","0.748219736","SLICE_X80Y21","SLICE_X75Y30","","","SIGNATURE_SKIPPED|FDCE|FDCE","SIGNATURE_SKIPPED|FDCE|FDCE","DUT_INTERNAL","u_dut/slot_state_reg_replica","u_dut/kernel_cut_h_q_reg","0.042000000"
"u_dut/kernel_cut_h_q_reg[3]_replica/D","u_dut/output_active_reg_replica/C","-0.062000000","clk","clk","clk","u_dut/output_active_reg_replica","FDCE","u_dut/output_active_reg_replica","u_dut/kernel_cut_h_q_reg[3]_replica","FDCE","u_dut/kernel_cut_h_q_reg_replica","4","0.511000000","1.488000000","1.999000000","0.744372186","SLICE_X78Y21","SLICE_X77Y26","","","SIGNATURE_SKIPPED|FDCE|FDCE","SIGNATURE_SKIPPED|FDCE|FDCE","DUT_INTERNAL","u_dut/output_active_reg_replica","u_dut/kernel_cut_h_q_reg_replica","0.062000000"
"u_dut/kernel_cut_w_q_reg[2]/D","u_dut/slot_state_reg[0][2]_replica/C","-0.069000000","clk","clk","clk","u_dut/slot_state_reg[0][2]_replica","FDCE","u_dut/slot_state_reg_replica","u_dut/kernel_cut_w_q_reg[2]","FDCE","u_dut/kernel_cut_w_q_reg","4","0.623000000","1.359000000","1.982000000","0.685671039","SLICE_X80Y21","SLICE_X87Y21","","","SIGNATURE_SKIPPED|FDCE|FDCE","SIGNATURE_SKIPPED|FDCE|FDCE","DUT_INTERNAL","u_dut/slot_state_reg_replica","u_dut/kernel_cut_w_q_reg","0.069000000"
"u_dut/kernel_cut_w_q_reg[3]/D","u_dut/output_active_reg_replica/C","-0.071000000","clk","clk","clk","u_dut/output_active_reg_replica","FDCE","u_dut/output_active_reg_replica","u_dut/kernel_cut_w_q_reg[3]","FDCE","u_dut/kernel_cut_w_q_reg","3","0.473000000","1.541000000","2.014000000","0.765143992","SLICE_X78Y21","SLICE_X77Y20","","","SIGNATURE_SKIPPED|FDCE|FDCE","SIGNATURE_SKIPPED|FDCE|FDCE","DUT_INTERNAL","u_dut/output_active_reg_replica","u_dut/kernel_cut_w_q_reg","0.071000000"
"u_dut/kernel_cut_w_q_reg[3]_replica/D","u_dut/output_active_reg_replica/C","-0.030000000","clk","clk","clk","u_dut/output_active_reg_replica","FDCE","u_dut/output_active_reg_replica","u_dut/kernel_cut_w_q_reg[3]_replica","FDCE","u_dut/kernel_cut_w_q_reg_replica","3","0.473000000","1.494000000","1.967000000","0.759532283","SLICE_X78Y21","SLICE_X77Y26","","","SIGNATURE_SKIPPED|FDCE|FDCE","SIGNATURE_SKIPPED|FDCE|FDCE","DUT_INTERNAL","u_dut/output_active_reg_replica","u_dut/kernel_cut_w_q_reg_replica","0.030000000"
"u_dut/kernel_feed_group_q_reg[0]/CE","u_dut/kernel_ctx_output_size_q_reg[2]/C","-0.041000000","clk","clk","clk","u_dut/kernel_ctx_output_size_q_reg[2]","FDCE","u_dut/kernel_ctx_output_size_q_reg","u_dut/kernel_feed_group_q_reg[0]","FDCE","u_dut/kernel_feed_group_q_reg","6","0.671000000","1.139000000","1.810000000","0.629281768","SLICE_X68Y30","SLICE_X79Y22","","","SIGNATURE_SKIPPED|FDCE|FDCE","SIGNATURE_SKIPPED|FDCE|FDCE","DUT_INTERNAL","u_dut/kernel_ctx_output_size_q_reg","u_dut/kernel_feed_group_q_reg","0.041000000"
"u_dut/kernel_h_groups_per_row_q_reg[3]/D","u_dut/slot_state_reg[0][2]_replica/C","-0.046000000","clk","clk","clk","u_dut/slot_state_reg[0][2]_replica","FDCE","u_dut/slot_state_reg_replica","u_dut/kernel_h_groups_per_row_q_reg[3]","FDCE","u_dut/kernel_h_groups_per_row_q_reg","4","0.649000000","1.314000000","1.963000000","0.669383597","SLICE_X80Y21","SLICE_X84Y22","","","SIGNATURE_SKIPPED|FDCE|FDCE","SIGNATURE_SKIPPED|FDCE|FDCE","DUT_INTERNAL","u_dut/slot_state_reg_replica","u_dut/kernel_h_groups_per_row_q_reg","0.046000000"
"u_dut/kernel_h_input_commit_wait_q_reg/D","u_dut/kernel_ctx_output_size_q_reg[2]/C","-0.075000000","clk","clk","clk","u_dut/kernel_ctx_output_size_q_reg[2]","FDCE","u_dut/kernel_ctx_output_size_q_reg","u_dut/kernel_h_input_commit_wait_q_reg","FDCE","u_dut/kernel_h_input_commit_wait_q_reg","8","0.723000000","1.219000000","1.942000000","0.627703399","SLICE_X68Y30","SLICE_X72Y30","","","SIGNATURE_SKIPPED|FDCE|FDCE","SIGNATURE_SKIPPED|FDCE|FDCE","DUT_INTERNAL","u_dut/kernel_ctx_output_size_q_reg","u_dut/kernel_h_input_commit_wait_q_reg","0.075000000"
"u_dut/kernel_h_rd_addr_q_reg[0][5]/D","u_dut/kernel_h_groups_left_q_reg[2]/C","-0.096000000","clk","clk","clk","u_dut/kernel_h_groups_left_q_reg[2]","FDCE","u_dut/kernel_h_groups_left_q_reg","u_dut/kernel_h_rd_addr_q_reg[0][5]","FDCE","u_dut/kernel_h_rd_addr_q_reg","3","0.291000000","1.689000000","1.980000000","0.853030303","SLICE_X84Y23","SLICE_X79Y30","","","SIGNATURE_SKIPPED|FDCE|FDCE","SIGNATURE_SKIPPED|FDCE|FDCE","DUT_INTERNAL","u_dut/kernel_h_groups_left_q_reg","u_dut/kernel_h_rd_addr_q_reg","0.096000000"
"u_dut/kernel_h_rd_addr_q_reg[1][2]/D","u_dut/kernel_h_rd_raw_tail_pending_q_reg/C","-0.042000000","clk","clk","clk","u_dut/kernel_h_rd_raw_tail_pending_q_reg","FDCE","u_dut/kernel_h_rd_raw_tail_pending_q_reg","u_dut/kernel_h_rd_addr_q_reg[1][2]","FDCE","u_dut/kernel_h_rd_addr_q_reg","2","0.327000000","1.575000000","1.902000000","0.828075710","SLICE_X73Y32","SLICE_X79Y44","","","SIGNATURE_SKIPPED|FDCE|FDCE","SIGNATURE_SKIPPED|FDCE|FDCE","DUT_INTERNAL","u_dut/kernel_h_rd_raw_tail_pending_q_reg","u_dut/kernel_h_rd_addr_q_reg","0.042000000"
"u_dut/kernel_h_rd_data_q_reg[0]/CE","u_dut/kernel_ctx_output_size_q_reg[2]/C","-0.045000000","clk","clk","clk","u_dut/kernel_ctx_output_size_q_reg[2]","FDCE","u_dut/kernel_ctx_output_size_q_reg","u_dut/kernel_h_rd_data_q_reg[0]","FDCE","u_dut/kernel_h_rd_data_q_reg","7","0.687000000","1.159000000","1.846000000","0.627843987","SLICE_X68Y30","SLICE_X78Y29","","","SIGNATURE_SKIPPED|FDCE|FDCE","SIGNATURE_SKIPPED|FDCE|FDCE","DUT_INTERNAL","u_dut/kernel_ctx_output_size_q_reg","u_dut/kernel_h_rd_data_q_reg","0.045000000"
"u_dut/kernel_h_rd_data_q_reg[0]/D","u_dut/kernel_h_rd_addr_q_reg[0][0]/C","-0.080000000","clk","clk","clk","u_dut/kernel_h_rd_addr_q_reg[0][0]","FDCE","u_dut/kernel_h_rd_addr_q_reg","u_dut/kernel_h_rd_data_q_reg[0]","FDCE","u_dut/kernel_h_rd_data_q_reg","5","0.520000000","1.503000000","2.023000000","0.742956006","SLICE_X79Y29","SLICE_X78Y29","","","SIGNATURE_SKIPPED|FDCE|FDCE","SIGNATURE_SKIPPED|FDCE|FDCE","DUT_INTERNAL","u_dut/kernel_h_rd_addr_q_reg","u_dut/kernel_h_rd_data_q_reg","0.080000000"
"u_dut/kernel_h_rd_data_q_reg[10]/D","u_dut/kernel_h_rd_addr_q_reg[0][0]/C","-0.081000000","clk","clk","clk","u_dut/kernel_h_rd_addr_q_reg[0][0]","FDCE","u_dut/kernel_h_rd_addr_q_reg","u_dut/kernel_h_rd_data_q_reg[10]","FDCE","u_dut/kernel_h_rd_data_q_reg","5","0.489000000","1.502000000","1.991000000","0.754394776","SLICE_X79Y29","SLICE_X78Y34","","","SIGNATURE_SKIPPED|FDCE|FDCE","SIGNATURE_SKIPPED|FDCE|FDCE","DUT_INTERNAL","u_dut/kernel_h_rd_addr_q_reg","u_dut/kernel_h_rd_data_q_reg","0.081000000"
"u_dut/kernel_h_rd_data_q_reg[12]/D","u_dut/kernel_h_rd_addr_q_reg[0][0]/C","-0.031000000","clk","clk","clk","u_dut/kernel_h_rd_addr_q_reg[0][0]","FDCE","u_dut/kernel_h_rd_addr_q_reg","u_dut/kernel_h_rd_data_q_reg[12]","FDCE","u_dut/kernel_h_rd_data_q_reg","5","0.576000000","1.471000000","2.047000000","0.718612604","SLICE_X79Y29","SLICE_X74Y32","","","SIGNATURE_SKIPPED|FDCE|FDCE","SIGNATURE_SKIPPED|FDCE|FDCE","DUT_INTERNAL","u_dut/kernel_h_rd_addr_q_reg","u_dut/kernel_h_rd_data_q_reg","0.031000000"
"u_dut/kernel_h_rd_data_q_reg[13]/CE","u_dut/kernel_ctx_output_size_q_reg[2]/C","-0.030000000","clk","clk","clk","u_dut/kernel_ctx_output_size_q_reg[2]","FDCE","u_dut/kernel_ctx_output_size_q_reg","u_dut/kernel_h_rd_data_q_reg[13]","FDCE","u_dut/kernel_h_rd_data_q_reg","7","0.635000000","1.168000000","1.803000000","0.647809207","SLICE_X68Y30","SLICE_X75Y39","","","SIGNATURE_SKIPPED|FDCE|FDCE","SIGNATURE_SKIPPED|FDCE|FDCE","DUT_INTERNAL","u_dut/kernel_ctx_output_size_q_reg","u_dut/kernel_h_rd_data_q_reg","0.030000000"
"u_dut/kernel_h_rd_data_q_reg[13]/D","u_dut/kernel_h_rd_addr_q_reg[0][0]/C","-0.086000000","clk","clk","clk","u_dut/kernel_h_rd_addr_q_reg[0][0]","FDCE","u_dut/kernel_h_rd_addr_q_reg","u_dut/kernel_h_rd_data_q_reg[13]","FDCE","u_dut/kernel_h_rd_data_q_reg","5","0.457000000","1.547000000","2.004000000","0.771956088","SLICE_X79Y29","SLICE_X75Y39","","","SIGNATURE_SKIPPED|FDCE|FDCE","SIGNATURE_SKIPPED|FDCE|FDCE","DUT_INTERNAL","u_dut/kernel_h_rd_addr_q_reg","u_dut/kernel_h_rd_data_q_reg","0.086000000"
"u_dut/kernel_h_rd_data_q_reg[14]/CE","u_dut/kernel_ctx_output_size_q_reg[2]/C","-0.030000000","clk","clk","clk","u_dut/kernel_ctx_output_size_q_reg[2]","FDCE","u_dut/kernel_ctx_output_size_q_reg","u_dut/kernel_h_rd_data_q_reg[14]","FDCE","u_dut/kernel_h_rd_data_q_reg","7","0.688000000","1.126000000","1.814000000","0.620727674","SLICE_X68Y30","SLICE_X80Y34","","","SIGNATURE_SKIPPED|FDCE|FDCE","SIGNATURE_SKIPPED|FDCE|FDCE","DUT_INTERNAL","u_dut/kernel_ctx_output_size_q_reg","u_dut/kernel_h_rd_data_q_reg","0.030000000"
"u_dut/kernel_h_rd_data_q_reg[14]/D","u_dut/kernel_h_rd_addr_q_reg[0][0]/C","-0.109000000","clk","clk","clk","u_dut/kernel_h_rd_addr_q_reg[0][0]","FDCE","u_dut/kernel_h_rd_addr_q_reg","u_dut/kernel_h_rd_data_q_reg[14]","FDCE","u_dut/kernel_h_rd_data_q_reg","5","0.491000000","1.544000000","2.035000000","0.758722359","SLICE_X79Y29","SLICE_X80Y34","","","SIGNATURE_SKIPPED|FDCE|FDCE","SIGNATURE_SKIPPED|FDCE|FDCE","DUT_INTERNAL","u_dut/kernel_h_rd_addr_q_reg","u_dut/kernel_h_rd_data_q_reg","0.109000000"
"u_dut/kernel_h_rd_data_q_reg[15]/CE","u_dut/kernel_ctx_output_size_q_reg[2]/C","-0.093000000","clk","clk","clk","u_dut/kernel_ctx_output_size_q_reg[2]","FDCE","u_dut/kernel_ctx_output_size_q_reg","u_dut/kernel_h_rd_data_q_reg[15]","FDCE","u_dut/kernel_h_rd_data_q_reg","7","0.649000000","1.285000000","1.934000000","0.664426060","SLICE_X68Y30","SLICE_X83Y33","","","SIGNATURE_SKIPPED|FDCE|FDCE","SIGNATURE_SKIPPED|FDCE|FDCE","DUT_INTERNAL","u_dut/kernel_ctx_output_size_q_reg","u_dut/kernel_h_rd_data_q_reg","0.093000000"
"u_dut/kernel_h_rd_data_q_reg[16]/CE","u_dut/kernel_ctx_output_size_q_reg[2]/C","-0.009000000","clk","clk","clk","u_dut/kernel_ctx_output_size_q_reg[2]","FDCE","u_dut/kernel_ctx_output_size_q_reg","u_dut/kernel_h_rd_data_q_reg[16]","FDCE","u_dut/kernel_h_rd_data_q_reg","7","0.635000000","1.151000000","1.786000000","0.644456887","SLICE_X68Y30","SLICE_X77Y42","","","SIGNATURE_SKIPPED|FDCE|FDCE","SIGNATURE_SKIPPED|FDCE|FDCE","DUT_INTERNAL","u_dut/kernel_ctx_output_size_q_reg","u_dut/kernel_h_rd_data_q_reg","0.009000000"
"u_dut/kernel_h_rd_data_q_reg[17]/D","u_dut/kernel_h_rd_addr_q_reg[1][3]/C","-0.085000000","clk","clk","clk","u_dut/kernel_h_rd_addr_q_reg[1][3]","FDCE","u_dut/kernel_h_rd_addr_q_reg","u_dut/kernel_h_rd_data_q_reg[17]","FDCE","u_dut/kernel_h_rd_data_q_reg","5","0.499000000","1.540000000","2.039000000","0.755272192","SLICE_X79Y44","SLICE_X73Y30","","","SIGNATURE_SKIPPED|FDCE|FDCE","SIGNATURE_SKIPPED|FDCE|FDCE","DUT_INTERNAL","u_dut/kernel_h_rd_addr_q_reg","u_dut/kernel_h_rd_data_q_reg","0.085000000"
"u_dut/kernel_h_rd_data_q_reg[19]/CE","u_dut/kernel_ctx_output_size_q_reg[2]/C","-0.007000000","clk","clk","clk","u_dut/kernel_ctx_output_size_q_reg[2]","FDCE","u_dut/kernel_ctx_output_size_q_reg","u_dut/kernel_h_rd_data_q_reg[19]","FDCE","u_dut/kernel_h_rd_data_q_reg","7","0.634000000","1.151000000","1.785000000","0.644817927","SLICE_X68Y30","SLICE_X74Y38","","","SIGNATURE_SKIPPED|FDCE|FDCE","SIGNATURE_SKIPPED|FDCE|FDCE","DUT_INTERNAL","u_dut/kernel_ctx_output_size_q_reg","u_dut/kernel_h_rd_data_q_reg","0.007000000"
"u_dut/kernel_h_rd_data_q_reg[19]/D","u_dut/kernel_h_rd_addr_q_reg[1][0]/C","-0.036000000","clk","clk","clk","u_dut/kernel_h_rd_addr_q_reg[1][0]","FDCE","u_dut/kernel_h_rd_addr_q_reg","u_dut/kernel_h_rd_data_q_reg[19]","FDCE","u_dut/kernel_h_rd_data_q_reg","5","0.524000000","1.448000000","1.972000000","0.734279919","SLICE_X80Y47","SLICE_X74Y38","","","SIGNATURE_SKIPPED|FDCE|FDCE","SIGNATURE_SKIPPED|FDCE|FDCE","DUT_INTERNAL","u_dut/kernel_h_rd_addr_q_reg","u_dut/kernel_h_rd_data_q_reg","0.036000000"
"u_dut/kernel_h_rd_data_q_reg[20]/D","u_dut/kernel_h_rd_addr_q_reg[1][3]/C","-0.041000000","clk","clk","clk","u_dut/kernel_h_rd_addr_q_reg[1][3]","FDCE","u_dut/kernel_h_rd_addr_q_reg","u_dut/kernel_h_rd_data_q_reg[20]","FDCE","u_dut/kernel_h_rd_data_q_reg","5","0.450000000","1.602000000","2.052000000","0.780701754","SLICE_X79Y44","SLICE_X78Y35","","","SIGNATURE_SKIPPED|FDCE|FDCE","SIGNATURE_SKIPPED|FDCE|FDCE","DUT_INTERNAL","u_dut/kernel_h_rd_addr_q_reg","u_dut/kernel_h_rd_data_q_reg","0.041000000"
"u_dut/kernel_h_rd_data_q_reg[24]/CE","u_dut/kernel_ctx_output_size_q_reg[2]/C","-0.030000000","clk","clk","clk","u_dut/kernel_ctx_output_size_q_reg[2]","FDCE","u_dut/kernel_ctx_output_size_q_reg","u_dut/kernel_h_rd_data_q_reg[24]","FDCE","u_dut/kernel_h_rd_data_q_reg","7","0.635000000","1.168000000","1.803000000","0.647809207","SLICE_X68Y30","SLICE_X75Y39","","","SIGNATURE_SKIPPED|FDCE|FDCE","SIGNATURE_SKIPPED|FDCE|FDCE","DUT_INTERNAL","u_dut/kernel_ctx_output_size_q_reg","u_dut/kernel_h_rd_data_q_reg","0.030000000"
"u_dut/kernel_h_rd_data_q_reg[24]/D","u_dut/kernel_h_rd_addr_q_reg[1][1]/C","-0.106000000","clk","clk","clk","u_dut/kernel_h_rd_addr_q_reg[1][1]","FDCE","u_dut/kernel_h_rd_addr_q_reg","u_dut/kernel_h_rd_data_q_reg[24]","FDCE","u_dut/kernel_h_rd_data_q_reg","5","0.449000000","1.588000000","2.037000000","0.779577811","SLICE_X80Y47","SLICE_X75Y39","","","SIGNATURE_SKIPPED|FDCE|FDCE","SIGNATURE_SKIPPED|FDCE|FDCE","DUT_INTERNAL","u_dut/kernel_h_rd_addr_q_reg","u_dut/kernel_h_rd_data_q_reg","0.106000000"
"u_dut/kernel_h_rd_data_q_reg[28]/D","u_dut/kernel_h_rd_addr_q_reg[1][3]/C","-0.079000000","clk","clk","clk","u_dut/kernel_h_rd_addr_q_reg[1][3]","FDCE","u_dut/kernel_h_rd_addr_q_reg","u_dut/kernel_h_rd_data_q_reg[28]","FDCE","u_dut/kernel_h_rd_data_q_reg","5","0.423000000","1.609000000","2.032000000","0.791830709","SLICE_X79Y44","SLICE_X77Y32","","","SIGNATURE_SKIPPED|FDCE|FDCE","SIGNATURE_SKIPPED|FDCE|FDCE","DUT_INTERNAL","u_dut/kernel_h_rd_addr_q_reg","u_dut/kernel_h_rd_data_q_reg","0.079000000"
"u_dut/kernel_h_rd_data_q_reg[29]/D","u_dut/kernel_h_rd_addr_q_reg[1][3]/C","-0.090000000","clk","clk","clk","u_dut/kernel_h_rd_addr_q_reg[1][3]","FDCE","u_dut/kernel_h_rd_addr_q_reg","u_dut/kernel_h_rd_data_q_reg[29]","FDCE","u_dut/kernel_h_rd_data_q_reg","5","0.424000000","1.684000000","2.108000000","0.798861480","SLICE_X79Y44","SLICE_X74Y33","","","SIGNATURE_SKIPPED|FDCE|FDCE","SIGNATURE_SKIPPED|FDCE|FDCE","DUT_INTERNAL","u_dut/kernel_h_rd_addr_q_reg","u_dut/kernel_h_rd_data_q_reg","0.090000000"
"u_dut/kernel_h_rd_data_q_reg[2]/CE","u_dut/kernel_ctx_output_size_q_reg[2]/C","-0.079000000","clk","clk","clk","u_dut/kernel_ctx_output_size_q_reg[2]","FDCE","u_dut/kernel_ctx_output_size_q_reg","u_dut/kernel_h_rd_data_q_reg[2]","FDCE","u_dut/kernel_h_rd_data_q_reg","7","0.635000000","1.255000000","1.890000000","0.664021164","SLICE_X68Y30","SLICE_X77Y32","","","SIGNATURE_SKIPPED|FDCE|FDCE","SIGNATURE_SKIPPED|FDCE|FDCE","DUT_INTERNAL","u_dut/kernel_ctx_output_size_q_reg","u_dut/kernel_h_rd_data_q_reg","0.079000000"
"u_dut/kernel_h_rd_data_q_reg[32]/D","u_dut/kernel_h_rd_addr_q_reg[2][5]/C","-0.001000000","clk","clk","clk","u_dut/kernel_h_rd_addr_q_reg[2][5]","FDCE","u_dut/kernel_h_rd_addr_q_reg","u_dut/kernel_h_rd_data_q_reg[32]","FDCE","u_dut/kernel_h_rd_data_q_reg","5","0.506000000","1.511000000","2.017000000","0.749132375","SLICE_X85Y36","SLICE_X74Y33","","","SIGNATURE_SKIPPED|FDCE|FDCE","SIGNATURE_SKIPPED|FDCE|FDCE","DUT_INTERNAL","u_dut/kernel_h_rd_addr_q_reg","u_dut/kernel_h_rd_data_q_reg","0.001000000"
"u_dut/kernel_h_rd_data_q_reg[33]/D","u_dut/kernel_h_rd_addr_q_reg[2][2]/C","-0.040000000","clk","clk","clk","u_dut/kernel_h_rd_addr_q_reg[2][2]","FDCE","u_dut/kernel_h_rd_addr_q_reg","u_dut/kernel_h_rd_data_q_reg[33]","FDCE","u_dut/kernel_h_rd_data_q_reg","5","0.412000000","1.559000000","1.971000000","0.790969051","SLICE_X85Y35","SLICE_X78Y35","","","SIGNATURE_SKIPPED|FDCE|FDCE","SIGNATURE_SKIPPED|FDCE|FDCE","DUT_INTERNAL","u_dut/kernel_h_rd_addr_q_reg","u_dut/kernel_h_rd_data_q_reg","0.040000000"
"u_dut/kernel_h_rd_data_q_reg[34]/D","u_dut/kernel_h_rd_addr_q_reg[2][1]/C","-0.041000000","clk","clk","clk","u_dut/kernel_h_rd_addr_q_reg[2][1]","FDCE","u_dut/kernel_h_rd_addr_q_reg","u_dut/kernel_h_rd_data_q_reg[34]","FDCE","u_dut/kernel_h_rd_data_q_reg","5","0.410000000","1.559000000","1.969000000","0.791772473","SLICE_X85Y31","SLICE_X78Y30","","","SIGNATURE_SKIPPED|FDCE|FDCE","SIGNATURE_SKIPPED|FDCE|FDCE","DUT_INTERNAL","u_dut/kernel_h_rd_addr_q_reg","u_dut/kernel_h_rd_data_q_reg","0.041000000"
"u_dut/kernel_h_rd_data_q_reg[37]/D","u_dut/kernel_h_rd_addr_q_reg[2][2]/C","-0.028000000","clk","clk","clk","u_dut/kernel_h_rd_addr_q_reg[2][2]","FDCE","u_dut/kernel_h_rd_addr_q_reg","u_dut/kernel_h_rd_data_q_reg[37]","FDCE","u_dut/kernel_h_rd_data_q_reg","5","0.515000000","1.446000000","1.961000000","0.737378888","SLICE_X85Y35","SLICE_X78Y36","","","SIGNATURE_SKIPPED|FDCE|FDCE","SIGNATURE_SKIPPED|FDCE|FDCE","DUT_INTERNAL","u_dut/kernel_h_rd_addr_q_reg","u_dut/kernel_h_rd_data_q_reg","0.028000000"
"u_dut/kernel_h_rd_data_q_reg[38]/D","u_dut/kernel_h_rd_addr_q_reg[2][0]/C","-0.068000000","clk","clk","clk","u_dut/kernel_h_rd_addr_q_reg[2][0]","FDCE","u_dut/kernel_h_rd_addr_q_reg","u_dut/kernel_h_rd_data_q_reg[38]","FDCE","u_dut/kernel_h_rd_data_q_reg","5","0.579000000","1.440000000","2.019000000","0.713224368","SLICE_X87Y31","SLICE_X74Y31","","","SIGNATURE_SKIPPED|FDCE|FDCE","SIGNATURE_SKIPPED|FDCE|FDCE","DUT_INTERNAL","u_dut/kernel_h_rd_addr_q_reg","u_dut/kernel_h_rd_data_q_reg","0.068000000"
"u_dut/kernel_h_rd_data_q_reg[39]/CE","u_dut/kernel_ctx_output_size_q_reg[2]/C","-0.006000000","clk","clk","clk","u_dut/kernel_ctx_output_size_q_reg[2]","FDCE","u_dut/kernel_ctx_output_size_q_reg","u_dut/kernel_h_rd_data_q_reg[39]","FDCE","u_dut/kernel_h_rd_data_q_reg","7","0.687000000","1.123000000","1.810000000","0.620441989","SLICE_X68Y30","SLICE_X78Y28","","","SIGNATURE_SKIPPED|FDCE|FDCE","SIGNATURE_SKIPPED|FDCE|FDCE","DUT_INTERNAL","u_dut/kernel_ctx_output_size_q_reg","u_dut/kernel_h_rd_data_q_reg","0.006000000"
"u_dut/kernel_h_rd_data_q_reg[3]/CE","u_dut/kernel_ctx_output_size_q_reg[2]/C","-0.077000000","clk","clk","clk","u_dut/kernel_ctx_output_size_q_reg[2]","FDCE","u_dut/kernel_ctx_output_size_q_reg","u_dut/kernel_h_rd_data_q_reg[3]","FDCE","u_dut/kernel_h_rd_data_q_reg","7","0.635000000","1.253000000","1.888000000","0.663665254","SLICE_X68Y30","SLICE_X77Y32","","","SIGNATURE_SKIPPED|FDCE|FDCE","SIGNATURE_SKIPPED|FDCE|FDCE","DUT_INTERNAL","u_dut/kernel_ctx_output_size_q_reg","u_dut/kernel_h_rd_data_q_reg","0.077000000"
"u_dut/kernel_h_rd_data_q_reg[3]/D","u_dut/kernel_h_rd_addr_q_reg[0][0]/C","-0.044000000","clk","clk","clk","u_dut/kernel_h_rd_addr_q_reg[0][0]","FDCE","u_dut/kernel_h_rd_addr_q_reg","u_dut/kernel_h_rd_data_q_reg[3]","FDCE","u_dut/kernel_h_rd_data_q_reg","5","0.452000000","1.546000000","1.998000000","0.773773774","SLICE_X79Y29","SLICE_X77Y32","","","SIGNATURE_SKIPPED|FDCE|FDCE","SIGNATURE_SKIPPED|FDCE|FDCE","DUT_INTERNAL","u_dut/kernel_h_rd_addr_q_reg","u_dut/kernel_h_rd_data_q_reg","0.044000000"
"u_dut/kernel_h_rd_data_q_reg[40]/CE","u_dut/kernel_ctx_output_size_q_reg[2]/C","-0.077000000","clk","clk","clk","u_dut/kernel_ctx_output_size_q_reg[2]","FDCE","u_dut/kernel_ctx_output_size_q_reg","u_dut/kernel_h_rd_data_q_reg[40]","FDCE","u_dut/kernel_h_rd_data_q_reg","7","0.635000000","1.253000000","1.888000000","0.663665254","SLICE_X68Y30","SLICE_X78Y32","","","SIGNATURE_SKIPPED|FDCE|FDCE","SIGNATURE_SKIPPED|FDCE|FDCE","DUT_INTERNAL","u_dut/kernel_ctx_output_size_q_reg","u_dut/kernel_h_rd_data_q_reg","0.077000000"
"u_dut/kernel_h_rd_data_q_reg[40]/D","u_dut/kernel_h_rd_addr_q_reg[2][3]/C","-0.005000000","clk","clk","clk","u_dut/kernel_h_rd_addr_q_reg[2][3]","FDCE","u_dut/kernel_h_rd_addr_q_reg","u_dut/kernel_h_rd_data_q_reg[40]","FDCE","u_dut/kernel_h_rd_data_q_reg","5","0.412000000","1.589000000","2.001000000","0.794102949","SLICE_X87Y31","SLICE_X78Y32","","","SIGNATURE_SKIPPED|FDCE|FDCE","SIGNATURE_SKIPPED|FDCE|FDCE","DUT_INTERNAL","u_dut/kernel_h_rd_addr_q_reg","u_dut/kernel_h_rd_data_q_reg","0.005000000"
"u_dut/kernel_h_rd_data_q_reg[41]/D","u_dut/kernel_h_rd_addr_q_reg[2][5]/C","-0.071000000","clk","clk","clk","u_dut/kernel_h_rd_addr_q_reg[2][5]","FDCE","u_dut/kernel_h_rd_addr_q_reg","u_dut/kernel_h_rd_data_q_reg[41]","FDCE","u_dut/kernel_h_rd_data_q_reg","5","0.359000000","1.620000000","1.979000000","0.818595250","SLICE_X85Y36","SLICE_X76Y34","","","SIGNATURE_SKIPPED|FDCE|FDCE","SIGNATURE_SKIPPED|FDCE|FDCE","DUT_INTERNAL","u_dut/kernel_h_rd_addr_q_reg","u_dut/kernel_h_rd_data_q_reg","0.071000000"
"u_dut/kernel_h_rd_data_q_reg[42]/D","u_dut/kernel_h_rd_addr_q_reg[2][1]/C","-0.076000000","clk","clk","clk","u_dut/kernel_h_rd_addr_q_reg[2][1]","FDCE","u_dut/kernel_h_rd_addr_q_reg","u_dut/kernel_h_rd_data_q_reg[42]","FDCE","u_dut/kernel_h_rd_data_q_reg","5","0.497000000","1.558000000","2.055000000","0.758150852","SLICE_X85Y31","SLICE_X77Y32","","","SIGNATURE_SKIPPED|FDCE|FDCE","SIGNATURE_SKIPPED|FDCE|FDCE","DUT_INTERNAL","u_dut/kernel_h_rd_addr_q_reg","u_dut/kernel_h_rd_data_q_reg","0.076000000"
"u_dut/kernel_h_rd_data_q_reg[43]/D","u_dut/kernel_h_rd_addr_q_reg[2][2]/C","-0.068000000","clk","clk","clk","u_dut/kernel_h_rd_addr_q_reg[2][2]","FDCE","u_dut/kernel_h_rd_addr_q_reg","u_dut/kernel_h_rd_data_q_reg[43]","FDCE","u_dut/kernel_h_rd_data_q_reg","5","0.454000000","1.537000000","1.991000000","0.771973882","SLICE_X85Y35","SLICE_X78Y30","","","SIGNATURE_SKIPPED|FDCE|FDCE","SIGNATURE_SKIPPED|FDCE|FDCE","DUT_INTERNAL","u_dut/kernel_h_rd_addr_q_reg","u_dut/kernel_h_rd_data_q_reg","0.068000000"
"u_dut/kernel_h_rd_data_q_reg[44]/D","u_dut/kernel_h_rd_addr_q_reg[2][2]/C","-0.026000000","clk","clk","clk","u_dut/kernel_h_rd_addr_q_reg[2][2]","FDCE","u_dut/kernel_h_rd_addr_q_reg","u_dut/kernel_h_rd_data_q_reg[44]","FDCE","u_dut/kernel_h_rd_data_q_reg","5","0.417000000","1.541000000","1.958000000","0.787027579","SLICE_X85Y35","SLICE_X76Y34","","","SIGNATURE_SKIPPED|FDCE|FDCE","SIGNATURE_SKIPPED|FDCE|FDCE","DUT_INTERNAL","u_dut/kernel_h_rd_addr_q_reg","u_dut/kernel_h_rd_data_q_reg","0.026000000"
"u_dut/kernel_h_rd_data_q_reg[45]/CE","u_dut/kernel_ctx_output_size_q_reg[2]/C","-0.028000000","clk","clk","clk","u_dut/kernel_ctx_output_size_q_reg[2]","FDCE","u_dut/kernel_ctx_output_size_q_reg","u_dut/kernel_h_rd_data_q_reg[45]","FDCE","u_dut/kernel_h_rd_data_q_reg","7","0.635000000","1.165000000","1.800000000","0.647222222","SLICE_X68Y30","SLICE_X76Y39","","","SIGNATURE_SKIPPED|FDCE|FDCE","SIGNATURE_SKIPPED|FDCE|FDCE","DUT_INTERNAL","u_dut/kernel_ctx_output_size_q_reg","u_dut/kernel_h_rd_data_q_reg","0.028000000"
"u_dut/kernel_h_rd_data_q_reg[45]/D","u_dut/kernel_h_rd_addr_q_reg[2][1]/C","-0.108000000","clk","clk","clk","u_dut/kernel_h_rd_addr_q_reg[2][1]","FDCE","u_dut/kernel_h_rd_addr_q_reg","u_dut/kernel_h_rd_data_q_reg[45]","FDCE","u_dut/kernel_h_rd_data_q_reg","5","0.418000000","1.633000000","2.051000000","0.796196977","SLICE_X85Y31","SLICE_X76Y39","","","SIGNATURE_SKIPPED|FDCE|FDCE","SIGNATURE_SKIPPED|FDCE|FDCE","DUT_INTERNAL","u_dut/kernel_h_rd_addr_q_reg","u_dut/kernel_h_rd_data_q_reg","0.108000000"
"u_dut/kernel_h_rd_data_q_reg[46]/D","u_dut/kernel_h_rd_addr_q_reg[2][1]/C","-0.087000000","clk","clk","clk","u_dut/kernel_h_rd_addr_q_reg[2][1]","FDCE","u_dut/kernel_h_rd_addr_q_reg","u_dut/kernel_h_rd_data_q_reg[46]","FDCE","u_dut/kernel_h_rd_data_q_reg","5","0.507000000","1.517000000","2.024000000","0.749505929","SLICE_X85Y31","SLICE_X78Y35","","","SIGNATURE_SKIPPED|FDCE|FDCE","SIGNATURE_SKIPPED|FDCE|FDCE","DUT_INTERNAL","u_dut/kernel_h_rd_addr_q_reg","u_dut/kernel_h_rd_data_q_reg","0.087000000"
"u_dut/kernel_h_rd_data_q_reg[47]/CE","u_dut/kernel_ctx_output_size_q_reg[2]/C","-0.006000000","clk","clk","clk","u_dut/kernel_ctx_output_size_q_reg[2]","FDCE","u_dut/kernel_ctx_output_size_q_reg","u_dut/kernel_h_rd_data_q_reg[47]","FDCE","u_dut/kernel_h_rd_data_q_reg","7","0.687000000","1.123000000","1.810000000","0.620441989","SLICE_X68Y30","SLICE_X78Y28","","","SIGNATURE_SKIPPED|FDCE|FDCE","SIGNATURE_SKIPPED|FDCE|FDCE","DUT_INTERNAL","u_dut/kernel_ctx_output_size_q_reg","u_dut/kernel_h_rd_data_q_reg","0.006000000"
"u_dut/kernel_h_rd_data_q_reg[47]/D","u_dut/kernel_h_rd_addr_q_reg[2][2]/C","-0.096000000","clk","clk","clk","u_dut/kernel_h_rd_addr_q_reg[2][2]","FDCE","u_dut/kernel_h_rd_addr_q_reg","u_dut/kernel_h_rd_data_q_reg[47]","FDCE","u_dut/kernel_h_rd_data_q_reg","5","0.401000000","1.665000000","2.066000000","0.805905131","SLICE_X85Y35","SLICE_X78Y28","","","SIGNATURE_SKIPPED|FDCE|FDCE","SIGNATURE_SKIPPED|FDCE|FDCE","DUT_INTERNAL","u_dut/kernel_h_rd_addr_q_reg","u_dut/kernel_h_rd_data_q_reg","0.096000000"
"u_dut/kernel_h_rd_data_q_reg[49]/CE","u_dut/kernel_ctx_output_size_q_reg[2]/C","-0.077000000","clk","clk","clk","u_dut/kernel_ctx_output_size_q_reg[2]","FDCE","u_dut/kernel_ctx_output_size_q_reg","u_dut/kernel_h_rd_data_q_reg[49]","FDCE","u_dut/kernel_h_rd_data_q_reg","7","0.635000000","1.253000000","1.888000000","0.663665254","SLICE_X68Y30","SLICE_X78Y32","","","SIGNATURE_SKIPPED|FDCE|FDCE","SIGNATURE_SKIPPED|FDCE|FDCE","DUT_INTERNAL","u_dut/kernel_ctx_output_size_q_reg","u_dut/kernel_h_rd_data_q_reg","0.077000000"
"u_dut/kernel_h_rd_data_q_reg[49]/D","u_dut/kernel_h_rd_addr_q_reg[3][5]/C","-0.037000000","clk","clk","clk","u_dut/kernel_h_rd_addr_q_reg[3][5]","FDCE","u_dut/kernel_h_rd_addr_q_reg","u_dut/kernel_h_rd_data_q_reg[49]","FDCE","u_dut/kernel_h_rd_data_q_reg","5","0.421000000","1.568000000","1.989000000","0.788335847","SLICE_X85Y36","SLICE_X78Y32","","","SIGNATURE_SKIPPED|FDCE|FDCE","SIGNATURE_SKIPPED|FDCE|FDCE","DUT_INTERNAL","u_dut/kernel_h_rd_addr_q_reg","u_dut/kernel_h_rd_data_q_reg","0.037000000"
"u_dut/kernel_h_rd_data_q_reg[4]/CE","u_dut/kernel_ctx_output_size_q_reg[2]/C","-0.093000000","clk","clk","clk","u_dut/kernel_ctx_output_size_q_reg[2]","FDCE","u_dut/kernel_ctx_output_size_q_reg","u_dut/kernel_h_rd_data_q_reg[4]","FDCE","u_dut/kernel_h_rd_data_q_reg","7","0.649000000","1.285000000","1.934000000","0.664426060","SLICE_X68Y30","SLICE_X83Y33","","","SIGNATURE_SKIPPED|FDCE|FDCE","SIGNATURE_SKIPPED|FDCE|FDCE","DUT_INTERNAL","u_dut/kernel_ctx_output_size_q_reg","u_dut/kernel_h_rd_data_q_reg","0.093000000"
"u_dut/kernel_h_rd_data_q_reg[50]/D","u_dut/kernel_h_rd_addr_q_reg[3][2]/C","-0.025000000","clk","clk","clk","u_dut/kernel_h_rd_addr_q_reg[3][2]","FDCE","u_dut/kernel_h_rd_addr_q_reg","u_dut/kernel_h_rd_data_q_reg[50]","FDCE","u_dut/kernel_h_rd_data_q_reg","5","0.515000000","1.420000000","1.935000000","0.733850129","SLICE_X84Y40","SLICE_X73Y33","","","SIGNATURE_SKIPPED|FDCE|FDCE","SIGNATURE_SKIPPED|FDCE|FDCE","DUT_INTERNAL","u_dut/kernel_h_rd_addr_q_reg","u_dut/kernel_h_rd_data_q_reg","0.025000000"
"u_dut/kernel_h_rd_data_q_reg[51]/CE","u_dut/kernel_ctx_output_size_q_reg[2]/C","-0.045000000","clk","clk","clk","u_dut/kernel_ctx_output_size_q_reg[2]","FDCE","u_dut/kernel_ctx_output_size_q_reg","u_dut/kernel_h_rd_data_q_reg[51]","FDCE","u_dut/kernel_h_rd_data_q_reg","7","0.687000000","1.158000000","1.845000000","0.627642276","SLICE_X68Y30","SLICE_X78Y29","","","SIGNATURE_SKIPPED|FDCE|FDCE","SIGNATURE_SKIPPED|FDCE|FDCE","DUT_INTERNAL","u_dut/kernel_ctx_output_size_q_reg","u_dut/kernel_h_rd_data_q_reg","0.045000000"
"u_dut/kernel_h_rd_data_q_reg[51]/D","u_dut/kernel_h_rd_addr_q_reg[3][3]/C","-0.046000000","clk","clk","clk","u_dut/kernel_h_rd_addr_q_reg[3][3]","FDCE","u_dut/kernel_h_rd_addr_q_reg","u_dut/kernel_h_rd_data_q_reg[51]","FDCE","u_dut/kernel_h_rd_data_q_reg","5","0.446000000","1.522000000","1.968000000","0.773373984","SLICE_X85Y34","SLICE_X78Y29","","","SIGNATURE_SKIPPED|FDCE|FDCE","SIGNATURE_SKIPPED|FDCE|FDCE","DUT_INTERNAL","u_dut/kernel_h_rd_addr_q_reg","u_dut/kernel_h_rd_data_q_reg","0.046000000"
"u_dut/kernel_h_rd_data_q_reg[53]/CE","u_dut/kernel_ctx_output_size_q_reg[2]/C","-0.028000000","clk","clk","clk","u_dut/kernel_ctx_output_size_q_reg[2]","FDCE","u_dut/kernel_ctx_output_size_q_reg","u_dut/kernel_h_rd_data_q_reg[53]","FDCE","u_dut/kernel_h_rd_data_q_reg","7","0.635000000","1.165000000","1.800000000","0.647222222","SLICE_X68Y30","SLICE_X76Y39","","","SIGNATURE_SKIPPED|FDCE|FDCE","SIGNATURE_SKIPPED|FDCE|FDCE","DUT_INTERNAL","u_dut/kernel_ctx_output_size_q_reg","u_dut/kernel_h_rd_data_q_reg","0.028000000"
"u_dut/kernel_h_rd_data_q_reg[53]/D","u_dut/kernel_h_rd_addr_q_reg[3][2]/C","-0.058000000","clk","clk","clk","u_dut/kernel_h_rd_addr_q_reg[3][2]","FDCE","u_dut/kernel_h_rd_addr_q_reg","u_dut/kernel_h_rd_data_q_reg[53]","FDCE","u_dut/kernel_h_rd_data_q_reg","5","0.499000000","1.473000000","1.972000000","0.746957404","SLICE_X84Y40","SLICE_X76Y39","","","SIGNATURE_SKIPPED|FDCE|FDCE","SIGNATURE_SKIPPED|FDCE|FDCE","DUT_INTERNAL","u_dut/kernel_h_rd_addr_q_reg","u_dut/kernel_h_rd_data_q_reg","0.058000000"
"u_dut/kernel_h_rd_data_q_reg[54]/CE","u_dut/kernel_ctx_output_size_q_reg[2]/C","-0.064000000","clk","clk","clk","u_dut/kernel_ctx_output_size_q_reg[2]","FDCE","u_dut/kernel_ctx_output_size_q_reg","u_dut/kernel_h_rd_data_q_reg[54]","FDCE","u_dut/kernel_h_rd_data_q_reg","7","0.687000000","1.149000000","1.836000000","0.625816993","SLICE_X68Y30","SLICE_X77Y26","","","SIGNATURE_SKIPPED|FDCE|FDCE","SIGNATURE_SKIPPED|FDCE|FDCE","DUT_INTERNAL","u_dut/kernel_ctx_output_size_q_reg","u_dut/kernel_h_rd_data_q_reg","0.064000000"
"u_dut/kernel_h_rd_data_q_reg[58]/D","u_dut/kernel_h_rd_addr_q_reg[3][3]/C","-0.050000000","clk","clk","clk","u_dut/kernel_h_rd_addr_q_reg[3][3]","FDCE","u_dut/kernel_h_rd_addr_q_reg","u_dut/kernel_h_rd_data_q_reg[58]","FDCE","u_dut/kernel_h_rd_data_q_reg","5","0.335000000","1.603000000","1.938000000","0.827141383","SLICE_X85Y34","SLICE_X78Y36","","","SIGNATURE_SKIPPED|FDCE|FDCE","SIGNATURE_SKIPPED|FDCE|FDCE","DUT_INTERNAL","u_dut/kernel_h_rd_addr_q_reg","u_dut/kernel_h_rd_data_q_reg","0.050000000"
"u_dut/kernel_h_rd_data_q_reg[59]/D","u_dut/kernel_h_rd_addr_q_reg[3][4]/C","-0.054000000","clk","clk","clk","u_dut/kernel_h_rd_addr_q_reg[3][4]","FDCE","u_dut/kernel_h_rd_addr_q_reg","u_dut/kernel_h_rd_data_q_reg[59]","FDCE","u_dut/kernel_h_rd_data_q_reg","5","0.495000000","1.465000000","1.960000000","0.747448980","SLICE_X84Y36","SLICE_X74Y31","","","SIGNATURE_SKIPPED|FDCE|FDCE","SIGNATURE_SKIPPED|FDCE|FDCE","DUT_INTERNAL","u_dut/kernel_h_rd_addr_q_reg","u_dut/kernel_h_rd_data_q_reg","0.054000000"
"u_dut/kernel_h_rd_data_q_reg[5]/CE","u_dut/kernel_ctx_output_size_q_reg[2]/C","-0.077000000","clk","clk","clk","u_dut/kernel_ctx_output_size_q_reg[2]","FDCE","u_dut/kernel_ctx_output_size_q_reg","u_dut/kernel_h_rd_data_q_reg[5]","FDCE","u_dut/kernel_h_rd_data_q_reg","7","0.635000000","1.253000000","1.888000000","0.663665254","SLICE_X68Y30","SLICE_X77Y32","","","SIGNATURE_SKIPPED|FDCE|FDCE","SIGNATURE_SKIPPED|FDCE|FDCE","DUT_INTERNAL","u_dut/kernel_ctx_output_size_q_reg","u_dut/kernel_h_rd_data_q_reg","0.077000000"
"u_dut/kernel_h_rd_data_q_reg[5]/D","u_dut/kernel_h_rd_addr_q_reg[0][0]/C","-0.019000000","clk","clk","clk","u_dut/kernel_h_rd_addr_q_reg[0][0]","FDCE","u_dut/kernel_h_rd_addr_q_reg","u_dut/kernel_h_rd_data_q_reg[5]","FDCE","u_dut/kernel_h_rd_data_q_reg","5","0.484000000","1.489000000","1.973000000","0.754688292","SLICE_X79Y29","SLICE_X77Y32","","","SIGNATURE_SKIPPED|FDCE|FDCE","SIGNATURE_SKIPPED|FDCE|FDCE","DUT_INTERNAL","u_dut/kernel_h_rd_addr_q_reg","u_dut/kernel_h_rd_data_q_reg","0.019000000"
"u_dut/kernel_h_rd_data_q_reg[61]/D","u_dut/kernel_h_rd_addr_q_reg[3][0]/C","-0.007000000","clk","clk","clk","u_dut/kernel_h_rd_addr_q_reg[3][0]","FDCE","u_dut/kernel_h_rd_addr_q_reg","u_dut/kernel_h_rd_data_q_reg[61]","FDCE","u_dut/kernel_h_rd_data_q_reg","5","0.504000000","1.441000000","1.945000000","0.740874036","SLICE_X85Y35","SLICE_X73Y33","","","SIGNATURE_SKIPPED|FDCE|FDCE","SIGNATURE_SKIPPED|FDCE|FDCE","DUT_INTERNAL","u_dut/kernel_h_rd_addr_q_reg","u_dut/kernel_h_rd_data_q_reg","0.007000000"
"u_dut/kernel_h_rd_data_q_reg[62]/D","u_dut/kernel_h_rd_addr_q_reg[3][3]/C","-0.040000000","clk","clk","clk","u_dut/kernel_h_rd_addr_q_reg[3][3]","FDCE","u_dut/kernel_h_rd_addr_q_reg","u_dut/kernel_h_rd_data_q_reg[62]","FDCE","u_dut/kernel_h_rd_data_q_reg","5","0.412000000","1.522000000","1.934000000","0.786970010","SLICE_X85Y34","SLICE_X78Y37","","","SIGNATURE_SKIPPED|FDCE|FDCE","SIGNATURE_SKIPPED|FDCE|FDCE","DUT_INTERNAL","u_dut/kernel_h_rd_addr_q_reg","u_dut/kernel_h_rd_data_q_reg","0.040000000"
"u_dut/kernel_h_rd_data_q_reg[63]/D","u_dut/kernel_h_rd_addr_q_reg[3][4]/C","-0.078000000","clk","clk","clk","u_dut/kernel_h_rd_addr_q_reg[3][4]","FDCE","u_dut/kernel_h_rd_addr_q_reg","u_dut/kernel_h_rd_data_q_reg[63]","FDCE","u_dut/kernel_h_rd_data_q_reg","5","0.344000000","1.648000000","1.992000000","0.827309237","SLICE_X84Y36","SLICE_X78Y37","","","SIGNATURE_SKIPPED|FDCE|FDCE","SIGNATURE_SKIPPED|FDCE|FDCE","DUT_INTERNAL","u_dut/kernel_h_rd_addr_q_reg","u_dut/kernel_h_rd_data_q_reg","0.078000000"
"u_dut/kernel_h_rd_data_q_reg[6]/D","u_dut/kernel_h_rd_addr_q_reg[0][0]/C","-0.091000000","clk","clk","clk","u_dut/kernel_h_rd_addr_q_reg[0][0]","FDCE","u_dut/kernel_h_rd_addr_q_reg","u_dut/kernel_h_rd_data_q_reg[6]","FDCE","u_dut/kernel_h_rd_data_q_reg","5","0.450000000","1.550000000","2.000000000","0.775000000","SLICE_X79Y29","SLICE_X78Y35","","","SIGNATURE_SKIPPED|FDCE|FDCE","SIGNATURE_SKIPPED|FDCE|FDCE","DUT_INTERNAL","u_dut/kernel_h_rd_addr_q_reg","u_dut/kernel_h_rd_data_q_reg","0.091000000"
"u_dut/kernel_h_rd_data_q_reg[7]/D","u_dut/kernel_h_rd_addr_q_reg[0][0]/C","-0.079000000","clk","clk","clk","u_dut/kernel_h_rd_addr_q_reg[0][0]","FDCE","u_dut/kernel_h_rd_addr_q_reg","u_dut/kernel_h_rd_data_q_reg[7]","FDCE","u_dut/kernel_h_rd_data_q_reg","5","0.497000000","1.493000000","1.990000000","0.750251256","SLICE_X79Y29","SLICE_X73Y33","","","SIGNATURE_SKIPPED|FDCE|FDCE","SIGNATURE_SKIPPED|FDCE|FDCE","DUT_INTERNAL","u_dut/kernel_h_rd_addr_q_reg","u_dut/kernel_h_rd_data_q_reg","0.079000000"
"u_dut/kernel_h_rd_data_q_reg[8]/CE","u_dut/kernel_ctx_output_size_q_reg[2]/C","-0.077000000","clk","clk","clk","u_dut/kernel_ctx_output_size_q_reg[2]","FDCE","u_dut/kernel_ctx_output_size_q_reg","u_dut/kernel_h_rd_data_q_reg[8]","FDCE","u_dut/kernel_h_rd_data_q_reg","7","0.635000000","1.253000000","1.888000000","0.663665254","SLICE_X68Y30","SLICE_X77Y32","","","SIGNATURE_SKIPPED|FDCE|FDCE","SIGNATURE_SKIPPED|FDCE|FDCE","DUT_INTERNAL","u_dut/kernel_ctx_output_size_q_reg","u_dut/kernel_h_rd_data_q_reg","0.077000000"
"u_dut/kernel_h_rd_data_q_reg[8]/D","u_dut/kernel_h_rd_addr_q_reg[0][0]/C","-0.010000000","clk","clk","clk","u_dut/kernel_h_rd_addr_q_reg[0][0]","FDCE","u_dut/kernel_h_rd_addr_q_reg","u_dut/kernel_h_rd_data_q_reg[8]","FDCE","u_dut/kernel_h_rd_data_q_reg","5","0.560000000","1.403000000","1.963000000","0.714722364","SLICE_X79Y29","SLICE_X77Y32","","","SIGNATURE_SKIPPED|FDCE|FDCE","SIGNATURE_SKIPPED|FDCE|FDCE","DUT_INTERNAL","u_dut/kernel_h_rd_addr_q_reg","u_dut/kernel_h_rd_data_q_reg","0.010000000"
"u_dut/kernel_h_rd_data_q_reg[9]/D","u_dut/kernel_h_rd_addr_q_reg[0][0]/C","-0.011000000","clk","clk","clk","u_dut/kernel_h_rd_addr_q_reg[0][0]","FDCE","u_dut/kernel_h_rd_addr_q_reg","u_dut/kernel_h_rd_data_q_reg[9]","FDCE","u_dut/kernel_h_rd_data_q_reg","5","0.577000000","1.453000000","2.030000000","0.715763547","SLICE_X79Y29","SLICE_X74Y34","","","SIGNATURE_SKIPPED|FDCE|FDCE","SIGNATURE_SKIPPED|FDCE|FDCE","DUT_INTERNAL","u_dut/kernel_h_rd_addr_q_reg","u_dut/kernel_h_rd_data_q_reg","0.011000000"
"u_dut/kernel_h_rd_data_tail_q_reg[14]/CE","u_dut/kernel_ctx_output_size_q_reg[2]/C","-0.047000000","clk","clk","clk","u_dut/kernel_ctx_output_size_q_reg[2]","FDCE","u_dut/kernel_ctx_output_size_q_reg","u_dut/kernel_h_rd_data_tail_q_reg[14]","FDCE","u_dut/kernel_h_rd_data_tail_q_reg","6","0.583000000","1.200000000","1.783000000","0.673022995","SLICE_X68Y30","SLICE_X84Y32","","","SIGNATURE_SKIPPED|FDCE|FDCE","SIGNATURE_SKIPPED|FDCE|FDCE","DUT_INTERNAL","u_dut/kernel_ctx_output_size_q_reg","u_dut/kernel_h_rd_data_tail_q_reg","0.047000000"
"u_dut/kernel_h_rd_data_tail_q_reg[18]/CE","u_dut/kernel_ctx_output_size_q_reg[2]/C","-0.052000000","clk","clk","clk","u_dut/kernel_ctx_output_size_q_reg[2]","FDCE","u_dut/kernel_ctx_output_size_q_reg","u_dut/kernel_h_rd_data_tail_q_reg[18]","FDCE","u_dut/kernel_h_rd_data_tail_q_reg","6","0.637000000","1.154000000","1.791000000","0.644332775","SLICE_X68Y30","SLICE_X87Y35","","","SIGNATURE_SKIPPED|FDCE|FDCE","SIGNATURE_SKIPPED|FDCE|FDCE","DUT_INTERNAL","u_dut/kernel_ctx_output_size_q_reg","u_dut/kernel_h_rd_data_tail_q_reg","0.052000000"
"u_dut/kernel_h_rd_data_tail_q_reg[20]/CE","u_dut/kernel_ctx_output_size_q_reg[2]/C","-0.042000000","clk","clk","clk","u_dut/kernel_ctx_output_size_q_reg[2]","FDCE","u_dut/kernel_ctx_output_size_q_reg","u_dut/kernel_h_rd_data_tail_q_reg[20]","FDCE","u_dut/kernel_h_rd_data_tail_q_reg","6","0.583000000","1.200000000","1.783000000","0.673022995","SLICE_X68Y30","SLICE_X82Y32","","","SIGNATURE_SKIPPED|FDCE|FDCE","SIGNATURE_SKIPPED|FDCE|FDCE","DUT_INTERNAL","u_dut/kernel_ctx_output_size_q_reg","u_dut/kernel_h_rd_data_tail_q_reg","0.042000000"
"u_dut/kernel_h_rd_data_tail_q_reg[20]/D","u_dut/kernel_h_rd_addr_q_reg[1][3]/C","-0.041000000","clk","clk","clk","u_dut/kernel_h_rd_addr_q_reg[1][3]","FDCE","u_dut/kernel_h_rd_addr_q_reg","u_dut/kernel_h_rd_data_tail_q_reg[20]","FDCE","u_dut/kernel_h_rd_data_tail_q_reg","4","0.400000000","1.527000000","1.927000000","0.792423456","SLICE_X79Y44","SLICE_X82Y32","","","SIGNATURE_SKIPPED|FDCE|FDCE","SIGNATURE_SKIPPED|FDCE|FDCE","DUT_INTERNAL","u_dut/kernel_h_rd_addr_q_reg","u_dut/kernel_h_rd_data_tail_q_reg","0.041000000"
"u_dut/kernel_h_rd_data_tail_q_reg[22]/D","u_dut/kernel_h_rd_addr_q_reg[1][3]/C","-0.052000000","clk","clk","clk","u_dut/kernel_h_rd_addr_q_reg[1][3]","FDCE","u_dut/kernel_h_rd_addr_q_reg","u_dut/kernel_h_rd_data_tail_q_reg[22]","FDCE","u_dut/kernel_h_rd_data_tail_q_reg","4","0.374000000","1.590000000","1.964000000","0.809572301","SLICE_X79Y44","SLICE_X78Y34","","","SIGNATURE_SKIPPED|FDCE|FDCE","SIGNATURE_SKIPPED|FDCE|FDCE","DUT_INTERNAL","u_dut/kernel_h_rd_addr_q_reg","u_dut/kernel_h_rd_data_tail_q_reg","0.052000000"
"u_dut/kernel_h_rd_data_tail_q_reg[23]/D","u_dut/kernel_h_rd_addr_q_reg[1][3]/C","-0.049000000","clk","clk","clk","u_dut/kernel_h_rd_addr_q_reg[1][3]","FDCE","u_dut/kernel_h_rd_addr_q_reg","u_dut/kernel_h_rd_data_tail_q_reg[23]","FDCE","u_dut/kernel_h_rd_data_tail_q_reg","4","0.373000000","1.621000000","1.994000000","0.812938816","SLICE_X79Y44","SLICE_X78Y33","","","SIGNATURE_SKIPPED|FDCE|FDCE","SIGNATURE_SKIPPED|FDCE|FDCE","DUT_INTERNAL","u_dut/kernel_h_rd_addr_q_reg","u_dut/kernel_h_rd_data_tail_q_reg","0.049000000"
"u_dut/kernel_h_rd_data_tail_q_reg[27]/D","u_dut/kernel_h_rd_addr_q_reg[1][2]/C","-0.037000000","clk","clk","clk","u_dut/kernel_h_rd_addr_q_reg[1][2]","FDCE","u_dut/kernel_h_rd_addr_q_reg","u_dut/kernel_h_rd_data_tail_q_reg[27]","FDCE","u_dut/kernel_h_rd_data_tail_q_reg","4","0.383000000","1.599000000","1.982000000","0.806760848","SLICE_X79Y44","SLICE_X78Y33","","","SIGNATURE_SKIPPED|FDCE|FDCE","SIGNATURE_SKIPPED|FDCE|FDCE","DUT_INTERNAL","u_dut/kernel_h_rd_addr_q_reg","u_dut/kernel_h_rd_data_tail_q_reg","0.037000000"
"u_dut/kernel_h_rd_data_tail_q_reg[29]/D","u_dut/kernel_h_rd_addr_q_reg[1][3]/C","-0.015000000","clk","clk","clk","u_dut/kernel_h_rd_addr_q_reg[1][3]","FDCE","u_dut/kernel_h_rd_addr_q_reg","u_dut/kernel_h_rd_data_tail_q_reg[29]","FDCE","u_dut/kernel_h_rd_data_tail_q_reg","4","0.301000000","1.659000000","1.960000000","0.846428571","SLICE_X79Y44","SLICE_X78Y33","","","SIGNATURE_SKIPPED|FDCE|FDCE","SIGNATURE_SKIPPED|FDCE|FDCE","DUT_INTERNAL","u_dut/kernel_h_rd_addr_q_reg","u_dut/kernel_h_rd_data_tail_q_reg","0.015000000"
"u_dut/kernel_h_rd_data_tail_q_reg[34]/CE","u_dut/kernel_ctx_output_size_q_reg[2]/C","-0.042000000","clk","clk","clk","u_dut/kernel_ctx_output_size_q_reg[2]","FDCE","u_dut/kernel_ctx_output_size_q_reg","u_dut/kernel_h_rd_data_tail_q_reg[34]","FDCE","u_dut/kernel_h_rd_data_tail_q_reg","6","0.583000000","1.200000000","1.783000000","0.673022995","SLICE_X68Y30","SLICE_X82Y32","","","SIGNATURE_SKIPPED|FDCE|FDCE","SIGNATURE_SKIPPED|FDCE|FDCE","DUT_INTERNAL","u_dut/kernel_ctx_output_size_q_reg","u_dut/kernel_h_rd_data_tail_q_reg","0.042000000"
"u_dut/kernel_h_rd_data_tail_q_reg[42]/D","u_dut/kernel_h_rd_addr_q_reg[2][1]/C","-0.026000000","clk","clk","clk","u_dut/kernel_h_rd_addr_q_reg[2][1]","FDCE","u_dut/kernel_h_rd_addr_q_reg","u_dut/kernel_h_rd_data_tail_q_reg[42]","FDCE","u_dut/kernel_h_rd_data_tail_q_reg","4","0.409000000","1.538000000","1.947000000","0.789933231","SLICE_X85Y31","SLICE_X78Y32","","","SIGNATURE_SKIPPED|FDCE|FDCE","SIGNATURE_SKIPPED|FDCE|FDCE","DUT_INTERNAL","u_dut/kernel_h_rd_addr_q_reg","u_dut/kernel_h_rd_data_tail_q_reg","0.026000000"
"u_dut/kernel_h_rd_data_tail_q_reg[46]/CE","u_dut/kernel_ctx_output_size_q_reg[2]/C","-0.078000000","clk","clk","clk","u_dut/kernel_ctx_output_size_q_reg[2]","FDCE","u_dut/kernel_ctx_output_size_q_reg","u_dut/kernel_h_rd_data_tail_q_reg[46]","FDCE","u_dut/kernel_h_rd_data_tail_q_reg","6","0.583000000","1.225000000","1.808000000","0.677544248","SLICE_X68Y30","SLICE_X83Y31","","","SIGNATURE_SKIPPED|FDCE|FDCE","SIGNATURE_SKIPPED|FDCE|FDCE","DUT_INTERNAL","u_dut/kernel_ctx_output_size_q_reg","u_dut/kernel_h_rd_data_tail_q_reg","0.078000000"
"u_dut/kernel_h_rd_data_tail_q_reg[52]/CE","u_dut/kernel_ctx_output_size_q_reg[2]/C","-0.004000000","clk","clk","clk","u_dut/kernel_ctx_output_size_q_reg[2]","FDCE","u_dut/kernel_ctx_output_size_q_reg","u_dut/kernel_h_rd_data_tail_q_reg[52]","FDCE","u_dut/kernel_h_rd_data_tail_q_reg","6","0.583000000","1.187000000","1.770000000","0.670621469","SLICE_X68Y30","SLICE_X78Y31","","","SIGNATURE_SKIPPED|FDCE|FDCE","SIGNATURE_SKIPPED|FDCE|FDCE","DUT_INTERNAL","u_dut/kernel_ctx_output_size_q_reg","u_dut/kernel_h_rd_data_tail_q_reg","0.004000000"
"u_dut/kernel_h_rd_data_tail_q_reg[53]/CE","u_dut/kernel_ctx_output_size_q_reg[2]/C","-0.004000000","clk","clk","clk","u_dut/kernel_ctx_output_size_q_reg[2]","FDCE","u_dut/kernel_ctx_output_size_q_reg","u_dut/kernel_h_rd_data_tail_q_reg[53]","FDCE","u_dut/kernel_h_rd_data_tail_q_reg","6","0.583000000","1.187000000","1.770000000","0.670621469","SLICE_X68Y30","SLICE_X78Y31","","","SIGNATURE_SKIPPED|FDCE|FDCE","SIGNATURE_SKIPPED|FDCE|FDCE","DUT_INTERNAL","u_dut/kernel_ctx_output_size_q_reg","u_dut/kernel_h_rd_data_tail_q_reg","0.004000000"
"u_dut/kernel_h_rd_data_tail_q_reg[54]/D","u_dut/kernel_h_rd_addr_q_reg[3][0]/C","-0.027000000","clk","clk","clk","u_dut/kernel_h_rd_addr_q_reg[3][0]","FDCE","u_dut/kernel_h_rd_addr_q_reg","u_dut/kernel_h_rd_data_tail_q_reg[54]","FDCE","u_dut/kernel_h_rd_data_tail_q_reg","4","0.347000000","1.609000000","1.956000000","0.822597137","SLICE_X85Y35","SLICE_X78Y30","","","SIGNATURE_SKIPPED|FDCE|FDCE","SIGNATURE_SKIPPED|FDCE|FDCE","DUT_INTERNAL","u_dut/kernel_h_rd_addr_q_reg","u_dut/kernel_h_rd_data_tail_q_reg","0.027000000"
"u_dut/kernel_h_rd_data_tail_q_reg[5]/CE","u_dut/kernel_ctx_output_size_q_reg[2]/C","-0.064000000","clk","clk","clk","u_dut/kernel_ctx_output_size_q_reg[2]","FDCE","u_dut/kernel_ctx_output_size_q_reg","u_dut/kernel_h_rd_data_tail_q_reg[5]","FDCE","u_dut/kernel_h_rd_data_tail_q_reg","6","0.637000000","1.168000000","1.805000000","0.647091413","SLICE_X68Y30","SLICE_X87Y37","","","SIGNATURE_SKIPPED|FDCE|FDCE","SIGNATURE_SKIPPED|FDCE|FDCE","DUT_INTERNAL","u_dut/kernel_ctx_output_size_q_reg","u_dut/kernel_h_rd_data_tail_q_reg","0.064000000"
"u_dut/kernel_h_rd_data_tail_q_reg[61]/CE","u_dut/kernel_ctx_output_size_q_reg[2]/C","-0.004000000","clk","clk","clk","u_dut/kernel_ctx_output_size_q_reg[2]","FDCE","u_dut/kernel_ctx_output_size_q_reg","u_dut/kernel_h_rd_data_tail_q_reg[61]","FDCE","u_dut/kernel_h_rd_data_tail_q_reg","6","0.583000000","1.187000000","1.770000000","0.670621469","SLICE_X68Y30","SLICE_X77Y31","","","SIGNATURE_SKIPPED|FDCE|FDCE","SIGNATURE_SKIPPED|FDCE|FDCE","DUT_INTERNAL","u_dut/kernel_ctx_output_size_q_reg","u_dut/kernel_h_rd_data_tail_q_reg","0.004000000"
"u_dut/kernel_h_rd_data_tail_q_reg[62]/D","u_dut/kernel_h_rd_addr_q_reg[3][3]/C","-0.027000000","clk","clk","clk","u_dut/kernel_h_rd_addr_q_reg[3][3]","FDCE","u_dut/kernel_h_rd_addr_q_reg","u_dut/kernel_h_rd_data_tail_q_reg[62]","FDCE","u_dut/kernel_h_rd_data_tail_q_reg","4","0.377000000","1.539000000","1.916000000","0.803235908","SLICE_X85Y34","SLICE_X78Y36","","","SIGNATURE_SKIPPED|FDCE|FDCE","SIGNATURE_SKIPPED|FDCE|FDCE","DUT_INTERNAL","u_dut/kernel_h_rd_addr_q_reg","u_dut/kernel_h_rd_data_tail_q_reg","0.027000000"
"u_dut/kernel_h_rd_data_tail_q_reg[7]/CE","u_dut/kernel_ctx_output_size_q_reg[2]/C","-0.042000000","clk","clk","clk","u_dut/kernel_ctx_output_size_q_reg[2]","FDCE","u_dut/kernel_ctx_output_size_q_reg","u_dut/kernel_h_rd_data_tail_q_reg[7]","FDCE","u_dut/kernel_h_rd_data_tail_q_reg","6","0.583000000","1.200000000","1.783000000","0.673022995","SLICE_X68Y30","SLICE_X82Y32","","","SIGNATURE_SKIPPED|FDCE|FDCE","SIGNATURE_SKIPPED|FDCE|FDCE","DUT_INTERNAL","u_dut/kernel_ctx_output_size_q_reg","u_dut/kernel_h_rd_data_tail_q_reg","0.042000000"
"u_dut/kernel_h_rd_data_tail_q_reg[7]/D","u_dut/kernel_h_rd_addr_q_reg[0][0]/C","-0.069000000","clk","clk","clk","u_dut/kernel_h_rd_addr_q_reg[0][0]","FDCE","u_dut/kernel_h_rd_addr_q_reg","u_dut/kernel_h_rd_data_tail_q_reg[7]","FDCE","u_dut/kernel_h_rd_data_tail_q_reg","4","0.407000000","1.547000000","1.954000000","0.791709314","SLICE_X79Y29","SLICE_X82Y32","","","SIGNATURE_SKIPPED|FDCE|FDCE","SIGNATURE_SKIPPED|FDCE|FDCE","DUT_INTERNAL","u_dut/kernel_h_rd_addr_q_reg","u_dut/kernel_h_rd_data_tail_q_reg","0.069000000"
"u_dut/kernel_h_rd_data_tail_q_reg[9]/CE","u_dut/kernel_ctx_output_size_q_reg[2]/C","-0.042000000","clk","clk","clk","u_dut/kernel_ctx_output_size_q_reg[2]","FDCE","u_dut/kernel_ctx_output_size_q_reg","u_dut/kernel_h_rd_data_tail_q_reg[9]","FDCE","u_dut/kernel_h_rd_data_tail_q_reg","6","0.583000000","1.200000000","1.783000000","0.673022995","SLICE_X68Y30","SLICE_X82Y32","","","SIGNATURE_SKIPPED|FDCE|FDCE","SIGNATURE_SKIPPED|FDCE|FDCE","DUT_INTERNAL","u_dut/kernel_ctx_output_size_q_reg","u_dut/kernel_h_rd_data_tail_q_reg","0.042000000"
"u_dut/kernel_h_rd_raw_group_q_reg[0]/CE","u_dut/kernel_ctx_output_size_q_reg[2]/C","-0.006000000","clk","clk","clk","u_dut/kernel_ctx_output_size_q_reg[2]","FDCE","u_dut/kernel_ctx_output_size_q_reg","u_dut/kernel_h_rd_raw_group_q_reg[0]","FDCE","u_dut/kernel_h_rd_raw_group_q_reg","7","0.687000000","1.123000000","1.810000000","0.620441989","SLICE_X68Y30","SLICE_X78Y28","","","SIGNATURE_SKIPPED|FDCE|FDCE","SIGNATURE_SKIPPED|FDCE|FDCE","DUT_INTERNAL","u_dut/kernel_ctx_output_size_q_reg","u_dut/kernel_h_rd_raw_group_q_reg","0.006000000"
"u_dut/kernel_h_rd_raw_group_q_reg[0]_replica/CE","u_dut/kernel_ctx_output_size_q_reg[2]/C","-0.049000000","clk","clk","clk","u_dut/kernel_ctx_output_size_q_reg[2]","FDCE","u_dut/kernel_ctx_output_size_q_reg","u_dut/kernel_h_rd_raw_group_q_reg[0]_replica","FDCE","u_dut/kernel_h_rd_raw_group_q_reg_replica","7","0.636000000","1.184000000","1.820000000","0.650549451","SLICE_X68Y30","SLICE_X76Y24","","","SIGNATURE_SKIPPED|FDCE|FDCE","SIGNATURE_SKIPPED|FDCE|FDCE","DUT_INTERNAL","u_dut/kernel_ctx_output_size_q_reg","u_dut/kernel_h_rd_raw_group_q_reg_replica","0.049000000"
"u_dut/kernel_h_rd_raw_group_q_reg[0]_replica_1/CE","u_dut/kernel_ctx_output_size_q_reg[2]/C","-0.013000000","clk","clk","clk","u_dut/kernel_ctx_output_size_q_reg[2]","FDCE","u_dut/kernel_ctx_output_size_q_reg","u_dut/kernel_h_rd_raw_group_q_reg[0]_replica_1","FDCE","u_dut/kernel_h_rd_raw_group_q_reg_replica_1","7","0.687000000","1.092000000","1.779000000","0.613827993","SLICE_X68Y30","SLICE_X78Y31","","","SIGNATURE_SKIPPED|FDCE|FDCE","SIGNATURE_SKIPPED|FDCE|FDCE","DUT_INTERNAL","u_dut/kernel_ctx_output_size_q_reg","u_dut/kernel_h_rd_raw_group_q_reg_replica_1","0.013000000"
"u_dut/kernel_h_rd_raw_vector_q_reg[0]/CE","u_dut/kernel_ctx_output_size_q_reg[2]/C","-0.045000000","clk","clk","clk","u_dut/kernel_ctx_output_size_q_reg[2]","FDCE","u_dut/kernel_ctx_output_size_q_reg","u_dut/kernel_h_rd_raw_vector_q_reg[0]","FDCE","u_dut/kernel_h_rd_raw_vector_q_reg","7","0.687000000","1.158000000","1.845000000","0.627642276","SLICE_X68Y30","SLICE_X78Y29","","","SIGNATURE_SKIPPED|FDCE|FDCE","SIGNATURE_SKIPPED|FDCE|FDCE","DUT_INTERNAL","u_dut/kernel_ctx_output_size_q_reg","u_dut/kernel_h_rd_raw_vector_q_reg","0.045000000"
"u_dut/kernel_h_rd_raw_vector_q_reg[1]/CE","u_dut/kernel_ctx_output_size_q_reg[2]/C","-0.006000000","clk","clk","clk","u_dut/kernel_ctx_output_size_q_reg[2]","FDCE","u_dut/kernel_ctx_output_size_q_reg","u_dut/kernel_h_rd_raw_vector_q_reg[1]","FDCE","u_dut/kernel_h_rd_raw_vector_q_reg","7","0.687000000","1.123000000","1.810000000","0.620441989","SLICE_X68Y30","SLICE_X78Y28","","","SIGNATURE_SKIPPED|FDCE|FDCE","SIGNATURE_SKIPPED|FDCE|FDCE","DUT_INTERNAL","u_dut/kernel_ctx_output_size_q_reg","u_dut/kernel_h_rd_raw_vector_q_reg","0.006000000"
"u_dut/kernel_h_rd_raw_vector_q_reg[2]/CE","u_dut/kernel_ctx_output_size_q_reg[2]/C","-0.045000000","clk","clk","clk","u_dut/kernel_ctx_output_size_q_reg[2]","FDCE","u_dut/kernel_ctx_output_size_q_reg","u_dut/kernel_h_rd_raw_vector_q_reg[2]","FDCE","u_dut/kernel_h_rd_raw_vector_q_reg","7","0.687000000","1.158000000","1.845000000","0.627642276","SLICE_X68Y30","SLICE_X78Y29","","","SIGNATURE_SKIPPED|FDCE|FDCE","SIGNATURE_SKIPPED|FDCE|FDCE","DUT_INTERNAL","u_dut/kernel_ctx_output_size_q_reg","u_dut/kernel_h_rd_raw_vector_q_reg","0.045000000"
"u_dut/kernel_h_rd_raw_vector_q_reg[3]/CE","u_dut/kernel_ctx_output_size_q_reg[2]/C","-0.036000000","clk","clk","clk","u_dut/kernel_ctx_output_size_q_reg[2]","FDCE","u_dut/kernel_ctx_output_size_q_reg","u_dut/kernel_h_rd_raw_vector_q_reg[3]","FDCE","u_dut/kernel_h_rd_raw_vector_q_reg","7","0.635000000","1.160000000","1.795000000","0.646239554","SLICE_X68Y30","SLICE_X77Y30","","","SIGNATURE_SKIPPED|FDCE|FDCE","SIGNATURE_SKIPPED|FDCE|FDCE","DUT_INTERNAL","u_dut/kernel_ctx_output_size_q_reg","u_dut/kernel_h_rd_raw_vector_q_reg","0.036000000"
"u_dut/kernel_h_rd_raw_vector_q_reg[5]/CE","u_dut/kernel_ctx_output_size_q_reg[2]/C","-0.036000000","clk","clk","clk","u_dut/kernel_ctx_output_size_q_reg[2]","FDCE","u_dut/kernel_ctx_output_size_q_reg","u_dut/kernel_h_rd_raw_vector_q_reg[5]","FDCE","u_dut/kernel_h_rd_raw_vector_q_reg","7","0.635000000","1.160000000","1.795000000","0.646239554","SLICE_X68Y30","SLICE_X77Y30","","","SIGNATURE_SKIPPED|FDCE|FDCE","SIGNATURE_SKIPPED|FDCE|FDCE","DUT_INTERNAL","u_dut/kernel_ctx_output_size_q_reg","u_dut/kernel_h_rd_raw_vector_q_reg","0.036000000"
"u_dut/kernel_h_rd_raw_vector_q_reg[6]_inv/CE","u_dut/kernel_ctx_output_size_q_reg[2]/C","-0.079000000","clk","clk","clk","u_dut/kernel_ctx_output_size_q_reg[2]","FDCE","u_dut/kernel_ctx_output_size_q_reg","u_dut/kernel_h_rd_raw_vector_q_reg[6]_inv","FDPE","u_dut/kernel_h_rd_raw_vector_q_reg_inv","7","0.635000000","1.255000000","1.890000000","0.664021164","SLICE_X68Y30","SLICE_X78Y32","","","SIGNATURE_SKIPPED|FDCE|FDPE","SIGNATURE_SKIPPED|FDCE|FDPE","DUT_INTERNAL","u_dut/kernel_ctx_output_size_q_reg","u_dut/kernel_h_rd_raw_vector_q_reg_inv","0.079000000"
"u_dut/kernel_phase_q_reg[0]_replica_3/D","u_dut/kernel_cut_w_q_reg[2]/C","-0.031000000","clk","clk","clk","u_dut/kernel_cut_w_q_reg[2]","FDCE","u_dut/kernel_cut_w_q_reg","u_dut/kernel_phase_q_reg[0]_replica_3","FDCE","u_dut/kernel_phase_q_reg_replica_3","4","0.499000000","1.465000000","1.964000000","0.745926680","SLICE_X87Y21","SLICE_X69Y32","","","SIGNATURE_SKIPPED|FDCE|FDCE","SIGNATURE_SKIPPED|FDCE|FDCE","DUT_INTERNAL","u_dut/kernel_cut_w_q_reg","u_dut/kernel_phase_q_reg_replica_3","0.031000000"
"u_dut/kernel_phase_q_reg[2]_replica_2/D","u_dut/kernel_vector_q_reg[2]/C","-0.041000000","clk","clk","clk","u_dut/kernel_vector_q_reg[2]","FDCE","u_dut/kernel_vector_q_reg","u_dut/kernel_phase_q_reg[2]_replica_2","FDCE","u_dut/kernel_phase_q_reg_replica_2","5","0.683000000","1.217000000","1.900000000","0.640526316","SLICE_X72Y25","SLICE_X69Y33","","","SIGNATURE_SKIPPED|FDCE|FDCE","SIGNATURE_SKIPPED|FDCE|FDCE","DUT_INTERNAL","u_dut/kernel_vector_q_reg","u_dut/kernel_phase_q_reg_replica_2","0.041000000"
"u_dut/kernel_phase_q_reg[3]_replica_1/CE","u_dut/u_unified_p4_kernel/done_reg/C","-0.021000000","clk","clk","clk","u_dut/u_unified_p4_kernel/done_reg","FDCE","u_dut/u_unified_p4_kernel/done_reg","u_dut/kernel_phase_q_reg[3]_replica_1","FDCE","u_dut/kernel_phase_q_reg_replica_1","2","0.254000000","1.452000000","1.706000000","0.851113716","SLICE_X54Y47","SLICE_X77Y29","","","SIGNATURE_SKIPPED|FDCE|FDCE","SIGNATURE_SKIPPED|FDCE|FDCE","DUT_INTERNAL","u_dut/u_unified_p4_kernel/done_reg","u_dut/kernel_phase_q_reg_replica_1","0.021000000"
"u_dut/kernel_rd_raw_data_q_reg[0]/D","u_dut/rd_cmd_addr_q_reg[0][0][0]/C","-0.019000000","clk","clk","clk","u_dut/rd_cmd_addr_q_reg[0][0][0]","FDCE","u_dut/rd_cmd_addr_q_reg","u_dut/kernel_rd_raw_data_q_reg[0]","FDCE","u_dut/kernel_rd_raw_data_q_reg","5","0.434000000","1.502000000","1.936000000","0.775826446","SLICE_X75Y16","SLICE_X63Y9","","","SIGNATURE_SKIPPED|FDCE|FDCE","SIGNATURE_SKIPPED|FDCE|FDCE","DUT_INTERNAL","u_dut/rd_cmd_addr_q_reg","u_dut/kernel_rd_raw_data_q_reg","0.019000000"
"u_dut/kernel_rd_raw_data_q_reg[12]/D","u_dut/rd_cmd_addr_q_reg[0][0][3]/C","-0.009000000","clk","clk","clk","u_dut/rd_cmd_addr_q_reg[0][0][3]","FDCE","u_dut/rd_cmd_addr_q_reg","u_dut/kernel_rd_raw_data_q_reg[12]","FDCE","u_dut/kernel_rd_raw_data_q_reg","5","0.353000000","1.556000000","1.909000000","0.815086433","SLICE_X76Y17","SLICE_X68Y21","","","SIGNATURE_SKIPPED|FDCE|FDCE","SIGNATURE_SKIPPED|FDCE|FDCE","DUT_INTERNAL","u_dut/rd_cmd_addr_q_reg","u_dut/kernel_rd_raw_data_q_reg","0.009000000"
"u_dut/kernel_rd_raw_data_q_reg[13]/D","u_dut/rd_cmd_addr_q_reg[0][0][0]/C","-0.016000000","clk","clk","clk","u_dut/rd_cmd_addr_q_reg[0][0][0]","FDCE","u_dut/rd_cmd_addr_q_reg","u_dut/kernel_rd_raw_data_q_reg[13]","FDCE","u_dut/kernel_rd_raw_data_q_reg","5","0.396000000","1.537000000","1.933000000","0.795137093","SLICE_X75Y16","SLICE_X62Y19","","","SIGNATURE_SKIPPED|FDCE|FDCE","SIGNATURE_SKIPPED|FDCE|FDCE","DUT_INTERNAL","u_dut/rd_cmd_addr_q_reg","u_dut/kernel_rd_raw_data_q_reg","0.016000000"
"u_dut/kernel_rd_raw_data_q_reg[15]/D","u_dut/rd_cmd_addr_q_reg[0][0][0]/C","-0.069000000","clk","clk","clk","u_dut/rd_cmd_addr_q_reg[0][0][0]","FDCE","u_dut/rd_cmd_addr_q_reg","u_dut/kernel_rd_raw_data_q_reg[15]","FDCE","u_dut/kernel_rd_raw_data_q_reg","5","0.427000000","1.593000000","2.020000000","0.788613861","SLICE_X75Y16","SLICE_X65Y22","","","SIGNATURE_SKIPPED|FDCE|FDCE","SIGNATURE_SKIPPED|FDCE|FDCE","DUT_INTERNAL","u_dut/rd_cmd_addr_q_reg","u_dut/kernel_rd_raw_data_q_reg","0.069000000"
"u_dut/kernel_rd_raw_data_q_reg[16]/D","u_dut/rd_cmd_addr_q_reg[0][0][0]/C","-0.072000000","clk","clk","clk","u_dut/rd_cmd_addr_q_reg[0][0][0]","FDCE","u_dut/rd_cmd_addr_q_reg","u_dut/kernel_rd_raw_data_q_reg[16]","FDCE","u_dut/kernel_rd_raw_data_q_reg","5","0.582000000","1.430000000","2.012000000","0.710735586","SLICE_X75Y16","SLICE_X72Y21","","","SIGNATURE_SKIPPED|FDCE|FDCE","SIGNATURE_SKIPPED|FDCE|FDCE","DUT_INTERNAL","u_dut/rd_cmd_addr_q_reg","u_dut/kernel_rd_raw_data_q_reg","0.072000000"
"u_dut/kernel_rd_raw_data_q_reg[17]/D","u_dut/rd_cmd_addr_q_reg[1][0][3]/C","-0.039000000","clk","clk","clk","u_dut/rd_cmd_addr_q_reg[1][0][3]","FDCE","u_dut/rd_cmd_addr_q_reg","u_dut/kernel_rd_raw_data_q_reg[17]","FDCE","u_dut/kernel_rd_raw_data_q_reg","5","0.399000000","1.566000000","1.965000000","0.796946565","SLICE_X69Y23","SLICE_X72Y21","","","SIGNATURE_SKIPPED|FDCE|FDCE","SIGNATURE_SKIPPED|FDCE|FDCE","DUT_INTERNAL","u_dut/rd_cmd_addr_q_reg","u_dut/kernel_rd_raw_data_q_reg","0.039000000"
"u_dut/kernel_rd_raw_data_q_reg[18]/CE","u_dut/kernel_ctx_output_size_q_reg[2]/C","-0.073000000","clk","clk","clk","u_dut/kernel_ctx_output_size_q_reg[2]","FDCE","u_dut/kernel_ctx_output_size_q_reg","u_dut/kernel_rd_raw_data_q_reg[18]","FDCE","u_dut/kernel_rd_raw_data_q_reg","6","0.671000000","1.183000000","1.854000000","0.638079827","SLICE_X68Y30","SLICE_X76Y15","","","SIGNATURE_SKIPPED|FDCE|FDCE","SIGNATURE_SKIPPED|FDCE|FDCE","DUT_INTERNAL","u_dut/kernel_ctx_output_size_q_reg","u_dut/kernel_rd_raw_data_q_reg","0.073000000"
"u_dut/kernel_rd_raw_data_q_reg[18]/D","u_dut/rd_cmd_addr_q_reg[1][0][3]/C","-0.011000000","clk","clk","clk","u_dut/rd_cmd_addr_q_reg[1][0][3]","FDCE","u_dut/rd_cmd_addr_q_reg","u_dut/kernel_rd_raw_data_q_reg[18]","FDCE","u_dut/kernel_rd_raw_data_q_reg","5","0.419000000","1.467000000","1.886000000","0.777836691","SLICE_X69Y23","SLICE_X76Y15","","","SIGNATURE_SKIPPED|FDCE|FDCE","SIGNATURE_SKIPPED|FDCE|FDCE","DUT_INTERNAL","u_dut/rd_cmd_addr_q_reg","u_dut/kernel_rd_raw_data_q_reg","0.011000000"
"u_dut/kernel_rd_raw_data_q_reg[19]/D","u_dut/rd_cmd_addr_q_reg[0][0][1]_replica_3/C","-0.075000000","clk","clk","clk","u_dut/rd_cmd_addr_q_reg[0][0][1]_replica_3","FDCE","u_dut/rd_cmd_addr_q_reg_replica_3","u_dut/kernel_rd_raw_data_q_reg[19]","FDCE","u_dut/kernel_rd_raw_data_q_reg","5","0.479000000","1.482000000","1.961000000","0.755736869","SLICE_X75Y17","SLICE_X72Y22","","","SIGNATURE_SKIPPED|FDCE|FDCE","SIGNATURE_SKIPPED|FDCE|FDCE","DUT_INTERNAL","u_dut/rd_cmd_addr_q_reg_replica_3","u_dut/kernel_rd_raw_data_q_reg","0.075000000"
"u_dut/kernel_rd_raw_data_q_reg[1]/CE","u_dut/kernel_ctx_output_size_q_reg[2]/C","-0.046000000","clk","clk","clk","u_dut/kernel_ctx_output_size_q_reg[2]","FDCE","u_dut/kernel_ctx_output_size_q_reg","u_dut/kernel_rd_raw_data_q_reg[1]","FDCE","u_dut/kernel_rd_raw_data_q_reg","6","0.671000000","1.204000000","1.875000000","0.642133333","SLICE_X68Y30","SLICE_X57Y4","","","SIGNATURE_SKIPPED|FDCE|FDCE","SIGNATURE_SKIPPED|FDCE|FDCE","DUT_INTERNAL","u_dut/kernel_ctx_output_size_q_reg","u_dut/kernel_rd_raw_data_q_reg","0.046000000"
"u_dut/kernel_rd_raw_data_q_reg[1]/D","u_dut/rd_cmd_addr_q_reg[0][0][0]/C","-0.048000000","clk","clk","clk","u_dut/rd_cmd_addr_q_reg[0][0][0]","FDCE","u_dut/rd_cmd_addr_q_reg","u_dut/kernel_rd_raw_data_q_reg[1]","FDCE","u_dut/kernel_rd_raw_data_q_reg","5","0.503000000","1.482000000","1.985000000","0.746599496","SLICE_X75Y16","SLICE_X57Y4","","","SIGNATURE_SKIPPED|FDCE|FDCE","SIGNATURE_SKIPPED|FDCE|FDCE","DUT_INTERNAL","u_dut/rd_cmd_addr_q_reg","u_dut/kernel_rd_raw_data_q_reg","0.048000000"
"u_dut/kernel_rd_raw_data_q_reg[20]/CE","u_dut/kernel_ctx_output_size_q_reg[2]/C","-0.050000000","clk","clk","clk","u_dut/kernel_ctx_output_size_q_reg[2]","FDCE","u_dut/kernel_ctx_output_size_q_reg","u_dut/kernel_rd_raw_data_q_reg[20]","FDCE","u_dut/kernel_rd_raw_data_q_reg","6","0.671000000","1.207000000","1.878000000","0.642705005","SLICE_X68Y30","SLICE_X73Y16","","","SIGNATURE_SKIPPED|FDCE|FDCE","SIGNATURE_SKIPPED|FDCE|FDCE","DUT_INTERNAL","u_dut/kernel_ctx_output_size_q_reg","u_dut/kernel_rd_raw_data_q_reg","0.050000000"
"u_dut/kernel_rd_raw_data_q_reg[20]/D","u_dut/rd_cmd_addr_q_reg[1][0][2]_replica/C","-0.054000000","clk","clk","clk","u_dut/rd_cmd_addr_q_reg[1][0][2]_replica","FDCE","u_dut/rd_cmd_addr_q_reg_replica","u_dut/kernel_rd_raw_data_q_reg[20]","FDCE","u_dut/kernel_rd_raw_data_q_reg","5","0.478000000","1.392000000","1.870000000","0.744385027","SLICE_X72Y21","SLICE_X73Y16","","","SIGNATURE_SKIPPED|FDCE|FDCE","SIGNATURE_SKIPPED|FDCE|FDCE","DUT_INTERNAL","u_dut/rd_cmd_addr_q_reg_replica","u_dut/kernel_rd_raw_data_q_reg","0.054000000"
"u_dut/kernel_rd_raw_data_q_reg[21]/D","u_dut/rd_cmd_addr_q_reg[1][0][3]/C","-0.022000000","clk","clk","clk","u_dut/rd_cmd_addr_q_reg[1][0][3]","FDCE","u_dut/rd_cmd_addr_q_reg","u_dut/kernel_rd_raw_data_q_reg[21]","FDCE","u_dut/kernel_rd_raw_data_q_reg","5","0.374000000","1.637000000","2.011000000","0.814022874","SLICE_X69Y23","SLICE_X72Y19","","","SIGNATURE_SKIPPED|FDCE|FDCE","SIGNATURE_SKIPPED|FDCE|FDCE","DUT_INTERNAL","u_dut/rd_cmd_addr_q_reg","u_dut/kernel_rd_raw_data_q_reg","0.022000000"
"u_dut/kernel_rd_raw_data_q_reg[22]/D","u_dut/rd_cmd_addr_q_reg[0][0][0]/C","-0.009000000","clk","clk","clk","u_dut/rd_cmd_addr_q_reg[0][0][0]","FDCE","u_dut/rd_cmd_addr_q_reg","u_dut/kernel_rd_raw_data_q_reg[22]","FDCE","u_dut/kernel_rd_raw_data_q_reg","5","0.450000000","1.561000000","2.011000000","0.776230731","SLICE_X75Y16","SLICE_X72Y19","","","SIGNATURE_SKIPPED|FDCE|FDCE","SIGNATURE_SKIPPED|FDCE|FDCE","DUT_INTERNAL","u_dut/rd_cmd_addr_q_reg","u_dut/kernel_rd_raw_data_q_reg","0.009000000"
"u_dut/kernel_rd_raw_data_q_reg[23]/D","u_dut/rd_cmd_addr_q_reg[0][0][2]/C","-0.053000000","clk","clk","clk","u_dut/rd_cmd_addr_q_reg[0][0][2]","FDCE","u_dut/rd_cmd_addr_q_reg","u_dut/kernel_rd_raw_data_q_reg[23]","FDCE","u_dut/kernel_rd_raw_data_q_reg","5","0.386000000","1.568000000","1.954000000","0.802456499","SLICE_X75Y16","SLICE_X69Y15","","","SIGNATURE_SKIPPED|FDCE|FDCE","SIGNATURE_SKIPPED|FDCE|FDCE","DUT_INTERNAL","u_dut/rd_cmd_addr_q_reg","u_dut/kernel_rd_raw_data_q_reg","0.053000000"
"u_dut/kernel_rd_raw_data_q_reg[24]/CE","u_dut/kernel_ctx_output_size_q_reg[2]/C","-0.016000000","clk","clk","clk","u_dut/kernel_ctx_output_size_q_reg[2]","FDCE","u_dut/kernel_ctx_output_size_q_reg","u_dut/kernel_rd_raw_data_q_reg[24]","FDCE","u_dut/kernel_rd_raw_data_q_reg","6","0.671000000","1.157000000","1.828000000","0.632932166","SLICE_X68Y30","SLICE_X72Y2","","","SIGNATURE_SKIPPED|FDCE|FDCE","SIGNATURE_SKIPPED|FDCE|FDCE","DUT_INTERNAL","u_dut/kernel_ctx_output_size_q_reg","u_dut/kernel_rd_raw_data_q_reg","0.016000000"
"u_dut/kernel_rd_raw_data_q_reg[24]/D","u_dut/rd_cmd_addr_q_reg[1][0][1]/C","-0.016000000","clk","clk","clk","u_dut/rd_cmd_addr_q_reg[1][0][1]","FDCE","u_dut/rd_cmd_addr_q_reg","u_dut/kernel_rd_raw_data_q_reg[24]","FDCE","u_dut/kernel_rd_raw_data_q_reg","5","0.406000000","1.522000000","1.928000000","0.789419087","SLICE_X70Y21","SLICE_X72Y2","","","SIGNATURE_SKIPPED|FDCE|FDCE","SIGNATURE_SKIPPED|FDCE|FDCE","DUT_INTERNAL","u_dut/rd_cmd_addr_q_reg","u_dut/kernel_rd_raw_data_q_reg","0.016000000"
"u_dut/kernel_rd_raw_data_q_reg[27]/CE","u_dut/kernel_ctx_output_size_q_reg[2]/C","-0.001000000","clk","clk","clk","u_dut/kernel_ctx_output_size_q_reg[2]","FDCE","u_dut/kernel_ctx_output_size_q_reg","u_dut/kernel_rd_raw_data_q_reg[27]","FDCE","u_dut/kernel_rd_raw_data_q_reg","6","0.671000000","1.137000000","1.808000000","0.628871681","SLICE_X68Y30","SLICE_X69Y7","","","SIGNATURE_SKIPPED|FDCE|FDCE","SIGNATURE_SKIPPED|FDCE|FDCE","DUT_INTERNAL","u_dut/kernel_ctx_output_size_q_reg","u_dut/kernel_rd_raw_data_q_reg","0.001000000"
"u_dut/kernel_rd_raw_data_q_reg[28]/D","u_dut/rd_cmd_addr_q_reg[0][0][0]/C","-0.029000000","clk","clk","clk","u_dut/rd_cmd_addr_q_reg[0][0][0]","FDCE","u_dut/rd_cmd_addr_q_reg","u_dut/kernel_rd_raw_data_q_reg[28]","FDCE","u_dut/kernel_rd_raw_data_q_reg","5","0.455000000","1.488000000","1.943000000","0.765826042","SLICE_X75Y16","SLICE_X63Y5","","","SIGNATURE_SKIPPED|FDCE|FDCE","SIGNATURE_SKIPPED|FDCE|FDCE","DUT_INTERNAL","u_dut/rd_cmd_addr_q_reg","u_dut/kernel_rd_raw_data_q_reg","0.029000000"
"u_dut/kernel_rd_raw_data_q_reg[29]/CE","u_dut/kernel_ctx_output_size_q_reg[2]/C","-0.020000000","clk","clk","clk","u_dut/kernel_ctx_output_size_q_reg[2]","FDCE","u_dut/kernel_ctx_output_size_q_reg","u_dut/kernel_rd_raw_data_q_reg[29]","FDCE","u_dut/kernel_rd_raw_data_q_reg","6","0.671000000","1.210000000","1.881000000","0.643274854","SLICE_X68Y30","SLICE_X64Y4","","","SIGNATURE_SKIPPED|FDCE|FDCE","SIGNATURE_SKIPPED|FDCE|FDCE","DUT_INTERNAL","u_dut/kernel_ctx_output_size_q_reg","u_dut/kernel_rd_raw_data_q_reg","0.020000000"
"u_dut/kernel_rd_raw_data_q_reg[2]/D","u_dut/rd_cmd_addr_q_reg[0][0][3]/C","-0.088000000","clk","clk","clk","u_dut/rd_cmd_addr_q_reg[0][0][3]","FDCE","u_dut/rd_cmd_addr_q_reg","u_dut/kernel_rd_raw_data_q_reg[2]","FDCE","u_dut/kernel_rd_raw_data_q_reg","5","0.337000000","1.660000000","1.997000000","0.831246870","SLICE_X76Y17","SLICE_X63Y16","","","SIGNATURE_SKIPPED|FDCE|FDCE","SIGNATURE_SKIPPED|FDCE|FDCE","DUT_INTERNAL","u_dut/rd_cmd_addr_q_reg","u_dut/kernel_rd_raw_data_q_reg","0.088000000"
"u_dut/kernel_rd_raw_data_q_reg[33]/CE","u_dut/kernel_ctx_output_size_q_reg[2]/C","-0.002000000","clk","clk","clk","u_dut/kernel_ctx_output_size_q_reg[2]","FDCE","u_dut/kernel_ctx_output_size_q_reg","u_dut/kernel_rd_raw_data_q_reg[33]","FDCE","u_dut/kernel_rd_raw_data_q_reg","6","0.671000000","1.171000000","1.842000000","0.635722041","SLICE_X68Y30","SLICE_X72Y14","","","SIGNATURE_SKIPPED|FDCE|FDCE","SIGNATURE_SKIPPED|FDCE|FDCE","DUT_INTERNAL","u_dut/kernel_ctx_output_size_q_reg","u_dut/kernel_rd_raw_data_q_reg","0.002000000"
"u_dut/kernel_rd_raw_data_q_reg[33]/D","u_dut/rd_cmd_addr_q_reg[1][0][0]_replica_2/C","-0.105000000","clk","clk","clk","u_dut/rd_cmd_addr_q_reg[1][0][0]_replica_2","FDCE","u_dut/rd_cmd_addr_q_reg_replica_2","u_dut/kernel_rd_raw_data_q_reg[33]","FDCE","u_dut/kernel_rd_raw_data_q_reg","5","0.557000000","1.376000000","1.933000000","0.711846870","SLICE_X72Y21","SLICE_X72Y14","","","SIGNATURE_SKIPPED|FDCE|FDCE","SIGNATURE_SKIPPED|FDCE|FDCE","DUT_INTERNAL","u_dut/rd_cmd_addr_q_reg_replica_2","u_dut/kernel_rd_raw_data_q_reg","0.105000000"
"u_dut/kernel_rd_raw_data_q_reg[34]/D","u_dut/rd_cmd_addr_q_reg[1][0][0]_replica_2/C","-0.033000000","clk","clk","clk","u_dut/rd_cmd_addr_q_reg[1][0][0]_replica_2","FDCE","u_dut/rd_cmd_addr_q_reg_replica_2","u_dut/kernel_rd_raw_data_q_reg[34]","FDCE","u_dut/kernel_rd_raw_data_q_reg","5","0.529000000","1.351000000","1.880000000","0.718617021","SLICE_X72Y21","SLICE_X64Y5","","","SIGNATURE_SKIPPED|FDCE|FDCE","SIGNATURE_SKIPPED|FDCE|FDCE","DUT_INTERNAL","u_dut/rd_cmd_addr_q_reg_replica_2","u_dut/kernel_rd_raw_data_q_reg","0.033000000"
"u_dut/kernel_rd_raw_data_q_reg[37]/D","u_dut/rd_cmd_addr_q_reg[1][0][0]_replica_2/C","-0.086000000","clk","clk","clk","u_dut/rd_cmd_addr_q_reg[1][0][0]_replica_2","FDCE","u_dut/rd_cmd_addr_q_reg_replica_2","u_dut/kernel_rd_raw_data_q_reg[37]","FDCE","u_dut/kernel_rd_raw_data_q_reg","5","0.619000000","1.286000000","1.905000000","0.675065617","SLICE_X72Y21","SLICE_X72Y18","","","SIGNATURE_SKIPPED|FDCE|FDCE","SIGNATURE_SKIPPED|FDCE|FDCE","DUT_INTERNAL","u_dut/rd_cmd_addr_q_reg_replica_2","u_dut/kernel_rd_raw_data_q_reg","0.086000000"
"u_dut/kernel_rd_raw_data_q_reg[38]/CE","u_dut/kernel_ctx_output_size_q_reg[2]/C","-0.002000000","clk","clk","clk","u_dut/kernel_ctx_output_size_q_reg[2]","FDCE","u_dut/kernel_ctx_output_size_q_reg","u_dut/kernel_rd_raw_data_q_reg[38]","FDCE","u_dut/kernel_rd_raw_data_q_reg","6","0.671000000","1.171000000","1.842000000","0.635722041","SLICE_X68Y30","SLICE_X72Y14","","","SIGNATURE_SKIPPED|FDCE|FDCE","SIGNATURE_SKIPPED|FDCE|FDCE","DUT_INTERNAL","u_dut/kernel_ctx_output_size_q_reg","u_dut/kernel_rd_raw_data_q_reg","0.002000000"
"u_dut/kernel_rd_raw_data_q_reg[38]/D","u_dut/rd_cmd_addr_q_reg[0][0][1]_replica_3/C","-0.058000000","clk","clk","clk","u_dut/rd_cmd_addr_q_reg[0][0][1]_replica_3","FDCE","u_dut/rd_cmd_addr_q_reg_replica_3","u_dut/kernel_rd_raw_data_q_reg[38]","FDCE","u_dut/kernel_rd_raw_data_q_reg","5","0.353000000","1.644000000","1.997000000","0.823234852","SLICE_X75Y17","SLICE_X72Y14","","","SIGNATURE_SKIPPED|FDCE|FDCE","SIGNATURE_SKIPPED|FDCE|FDCE","DUT_INTERNAL","u_dut/rd_cmd_addr_q_reg_replica_3","u_dut/kernel_rd_raw_data_q_reg","0.058000000"
"u_dut/kernel_rd_raw_data_q_reg[39]/D","u_dut/rd_cmd_addr_q_reg[0][0][0]/C","-0.056000000","clk","clk","clk","u_dut/rd_cmd_addr_q_reg[0][0][0]","FDCE","u_dut/rd_cmd_addr_q_reg","u_dut/kernel_rd_raw_data_q_reg[39]","FDCE","u_dut/kernel_rd_raw_data_q_reg","5","0.498000000","1.469000000","1.967000000","0.746822572","SLICE_X75Y16","SLICE_X68Y9","","","SIGNATURE_SKIPPED|FDCE|FDCE","SIGNATURE_SKIPPED|FDCE|FDCE","DUT_INTERNAL","u_dut/rd_cmd_addr_q_reg","u_dut/kernel_rd_raw_data_q_reg","0.056000000"
"u_dut/kernel_rd_raw_data_q_reg[3]/CE","u_dut/kernel_ctx_output_size_q_reg[2]/C","-0.026000000","clk","clk","clk","u_dut/kernel_ctx_output_size_q_reg[2]","FDCE","u_dut/kernel_ctx_output_size_q_reg","u_dut/kernel_rd_raw_data_q_reg[3]","FDCE","u_dut/kernel_rd_raw_data_q_reg","6","0.671000000","1.276000000","1.947000000","0.655367232","SLICE_X68Y30","SLICE_X54Y9","","","SIGNATURE_SKIPPED|FDCE|FDCE","SIGNATURE_SKIPPED|FDCE|FDCE","DUT_INTERNAL","u_dut/kernel_ctx_output_size_q_reg","u_dut/kernel_rd_raw_data_q_reg","0.026000000"
"u_dut/kernel_rd_raw_data_q_reg[3]/D","u_dut/rd_cmd_addr_q_reg[0][0][2]/C","-0.074000000","clk","clk","clk","u_dut/rd_cmd_addr_q_reg[0][0][2]","FDCE","u_dut/rd_cmd_addr_q_reg","u_dut/kernel_rd_raw_data_q_reg[3]","FDCE","u_dut/kernel_rd_raw_data_q_reg","5","0.378000000","1.726000000","2.104000000","0.820342205","SLICE_X75Y16","SLICE_X54Y9","","","SIGNATURE_SKIPPED|FDCE|FDCE","SIGNATURE_SKIPPED|FDCE|FDCE","DUT_INTERNAL","u_dut/rd_cmd_addr_q_reg","u_dut/kernel_rd_raw_data_q_reg","0.074000000"
"u_dut/kernel_rd_raw_data_q_reg[41]/D","u_dut/rd_cmd_addr_q_reg[0][0][0]/C","-0.105000000","clk","clk","clk","u_dut/rd_cmd_addr_q_reg[0][0][0]","FDCE","u_dut/rd_cmd_addr_q_reg","u_dut/kernel_rd_raw_data_q_reg[41]","FDCE","u_dut/kernel_rd_raw_data_q_reg","5","0.504000000","1.501000000","2.005000000","0.748628429","SLICE_X75Y16","SLICE_X68Y19","","","SIGNATURE_SKIPPED|FDCE|FDCE","SIGNATURE_SKIPPED|FDCE|FDCE","DUT_INTERNAL","u_dut/rd_cmd_addr_q_reg","u_dut/kernel_rd_raw_data_q_reg","0.105000000"
"u_dut/kernel_rd_raw_data_q_reg[43]/D","u_dut/rd_cmd_addr_q_reg[0][0][0]/C","-0.067000000","clk","clk","clk","u_dut/rd_cmd_addr_q_reg[0][0][0]","FDCE","u_dut/rd_cmd_addr_q_reg","u_dut/kernel_rd_raw_data_q_reg[43]","FDCE","u_dut/kernel_rd_raw_data_q_reg","5","0.555000000","1.413000000","1.968000000","0.717987805","SLICE_X75Y16","SLICE_X69Y15","","","SIGNATURE_SKIPPED|FDCE|FDCE","SIGNATURE_SKIPPED|FDCE|FDCE","DUT_INTERNAL","u_dut/rd_cmd_addr_q_reg","u_dut/kernel_rd_raw_data_q_reg","0.067000000"
"u_dut/kernel_rd_raw_data_q_reg[44]/D","u_dut/rd_cmd_addr_q_reg[0][0][2]/C","-0.060000000","clk","clk","clk","u_dut/rd_cmd_addr_q_reg[0][0][2]","FDCE","u_dut/rd_cmd_addr_q_reg","u_dut/kernel_rd_raw_data_q_reg[44]","FDCE","u_dut/kernel_rd_raw_data_q_reg","5","0.397000000","1.561000000","1.958000000","0.797242084","SLICE_X75Y16","SLICE_X70Y16","","","SIGNATURE_SKIPPED|FDCE|FDCE","SIGNATURE_SKIPPED|FDCE|FDCE","DUT_INTERNAL","u_dut/rd_cmd_addr_q_reg","u_dut/kernel_rd_raw_data_q_reg","0.060000000"
"u_dut/kernel_rd_raw_data_q_reg[45]/D","u_dut/rd_cmd_addr_q_reg[1][0][1]/C","-0.064000000","clk","clk","clk","u_dut/rd_cmd_addr_q_reg[1][0][1]","FDCE","u_dut/rd_cmd_addr_q_reg","u_dut/kernel_rd_raw_data_q_reg[45]","FDCE","u_dut/kernel_rd_raw_data_q_reg","5","0.557000000","1.506000000","2.063000000","0.730004847","SLICE_X70Y21","SLICE_X70Y17","","","SIGNATURE_SKIPPED|FDCE|FDCE","SIGNATURE_SKIPPED|FDCE|FDCE","DUT_INTERNAL","u_dut/rd_cmd_addr_q_reg","u_dut/kernel_rd_raw_data_q_reg","0.064000000"
"u_dut/kernel_rd_raw_data_q_reg[46]/CE","u_dut/kernel_ctx_output_size_q_reg[2]/C","-0.041000000","clk","clk","clk","u_dut/kernel_ctx_output_size_q_reg[2]","FDCE","u_dut/kernel_ctx_output_size_q_reg","u_dut/kernel_rd_raw_data_q_reg[46]","FDCE","u_dut/kernel_rd_raw_data_q_reg","6","0.671000000","1.178000000","1.849000000","0.637101136","SLICE_X68Y30","SLICE_X63Y11","","","SIGNATURE_SKIPPED|FDCE|FDCE","SIGNATURE_SKIPPED|FDCE|FDCE","DUT_INTERNAL","u_dut/kernel_ctx_output_size_q_reg","u_dut/kernel_rd_raw_data_q_reg","0.041000000"
"u_dut/kernel_rd_raw_data_q_reg[48]/D","u_dut/rd_cmd_addr_q_reg[0][3][4]/C","-0.024000000","clk","clk","clk","u_dut/rd_cmd_addr_q_reg[0][3][4]","FDCE","u_dut/rd_cmd_addr_q_reg","u_dut/kernel_rd_raw_data_q_reg[48]","FDCE","u_dut/kernel_rd_raw_data_q_reg","5","0.308000000","1.629000000","1.937000000","0.840991224","SLICE_X74Y24","SLICE_X68Y25","","","SIGNATURE_SKIPPED|FDCE|FDCE","SIGNATURE_SKIPPED|FDCE|FDCE","DUT_INTERNAL","u_dut/rd_cmd_addr_q_reg","u_dut/kernel_rd_raw_data_q_reg","0.024000000"
"u_dut/kernel_rd_raw_data_q_reg[49]/D","u_dut/rd_cmd_addr_q_reg[0][0][0]/C","-0.103000000","clk","clk","clk","u_dut/rd_cmd_addr_q_reg[0][0][0]","FDCE","u_dut/rd_cmd_addr_q_reg","u_dut/kernel_rd_raw_data_q_reg[49]","FDCE","u_dut/kernel_rd_raw_data_q_reg","5","0.558000000","1.448000000","2.006000000","0.721834497","SLICE_X75Y16","SLICE_X68Y29","","","SIGNATURE_SKIPPED|FDCE|FDCE","SIGNATURE_SKIPPED|FDCE|FDCE","DUT_INTERNAL","u_dut/rd_cmd_addr_q_reg","u_dut/kernel_rd_raw_data_q_reg","0.103000000"
"u_dut/kernel_rd_raw_data_q_reg[4]/CE","u_dut/kernel_ctx_output_size_q_reg[2]/C","-0.064000000","clk","clk","clk","u_dut/kernel_ctx_output_size_q_reg[2]","FDCE","u_dut/kernel_ctx_output_size_q_reg","u_dut/kernel_rd_raw_data_q_reg[4]","FDCE","u_dut/kernel_rd_raw_data_q_reg","6","0.671000000","1.250000000","1.921000000","0.650702759","SLICE_X68Y30","SLICE_X57Y10","","","SIGNATURE_SKIPPED|FDCE|FDCE","SIGNATURE_SKIPPED|FDCE|FDCE","DUT_INTERNAL","u_dut/kernel_ctx_output_size_q_reg","u_dut/kernel_rd_raw_data_q_reg","0.064000000"
"u_dut/kernel_rd_raw_data_q_reg[4]/D","u_dut/rd_cmd_addr_q_reg[0][0][0]/C","-0.061000000","clk","clk","clk","u_dut/rd_cmd_addr_q_reg[0][0][0]","FDCE","u_dut/rd_cmd_addr_q_reg","u_dut/kernel_rd_raw_data_q_reg[4]","FDCE","u_dut/kernel_rd_raw_data_q_reg","5","0.615000000","1.411000000","2.026000000","0.696446199","SLICE_X75Y16","SLICE_X57Y10","","","SIGNATURE_SKIPPED|FDCE|FDCE","SIGNATURE_SKIPPED|FDCE|FDCE","DUT_INTERNAL","u_dut/rd_cmd_addr_q_reg","u_dut/kernel_rd_raw_data_q_reg","0.061000000"
"u_dut/kernel_rd_raw_data_q_reg[50]/D","u_dut/rd_cmd_addr_q_reg[1][0][3]/C","-0.033000000","clk","clk","clk","u_dut/rd_cmd_addr_q_reg[1][0][3]","FDCE","u_dut/rd_cmd_addr_q_reg","u_dut/kernel_rd_raw_data_q_reg[50]","FDCE","u_dut/kernel_rd_raw_data_q_reg","5","0.490000000","1.433000000","1.923000000","0.745189808","SLICE_X69Y23","SLICE_X68Y22","","","SIGNATURE_SKIPPED|FDCE|FDCE","SIGNATURE_SKIPPED|FDCE|FDCE","DUT_INTERNAL","u_dut/rd_cmd_addr_q_reg","u_dut/kernel_rd_raw_data_q_reg","0.033000000"
"u_dut/kernel_rd_raw_data_q_reg[51]/D","u_dut/rd_cmd_addr_q_reg[1][0][0]_replica_8/C","-0.015000000","clk","clk","clk","u_dut/rd_cmd_addr_q_reg[1][0][0]_replica_8","FDCE","u_dut/rd_cmd_addr_q_reg_replica_8","u_dut/kernel_rd_raw_data_q_reg[51]","FDCE","u_dut/kernel_rd_raw_data_q_reg","5","0.546000000","1.351000000","1.897000000","0.712177122","SLICE_X67Y28","SLICE_X69Y21","","","SIGNATURE_SKIPPED|FDCE|FDCE","SIGNATURE_SKIPPED|FDCE|FDCE","DUT_INTERNAL","u_dut/rd_cmd_addr_q_reg_replica_8","u_dut/kernel_rd_raw_data_q_reg","0.015000000"
"u_dut/kernel_rd_raw_data_q_reg[52]/D","u_dut/rd_cmd_addr_q_reg[0][0][0]/C","-0.098000000","clk","clk","clk","u_dut/rd_cmd_addr_q_reg[0][0][0]","FDCE","u_dut/rd_cmd_addr_q_reg","u_dut/kernel_rd_raw_data_q_reg[52]","FDCE","u_dut/kernel_rd_raw_data_q_reg","5","0.449000000","1.552000000","2.001000000","0.775612194","SLICE_X75Y16","SLICE_X68Y22","","","SIGNATURE_SKIPPED|FDCE|FDCE","SIGNATURE_SKIPPED|FDCE|FDCE","DUT_INTERNAL","u_dut/rd_cmd_addr_q_reg","u_dut/kernel_rd_raw_data_q_reg","0.098000000"
"u_dut/kernel_rd_raw_data_q_reg[53]/D","u_dut/rd_cmd_addr_q_reg[0][0][2]/C","-0.067000000","clk","clk","clk","u_dut/rd_cmd_addr_q_reg[0][0][2]","FDCE","u_dut/rd_cmd_addr_q_reg","u_dut/kernel_rd_raw_data_q_reg[53]","FDCE","u_dut/kernel_rd_raw_data_q_reg","5","0.397000000","1.573000000","1.970000000","0.798477157","SLICE_X75Y16","SLICE_X70Y24","","","SIGNATURE_SKIPPED|FDCE|FDCE","SIGNATURE_SKIPPED|FDCE|FDCE","DUT_INTERNAL","u_dut/rd_cmd_addr_q_reg","u_dut/kernel_rd_raw_data_q_reg","0.067000000"
"u_dut/kernel_rd_raw_data_q_reg[54]/D","u_dut/rd_cmd_addr_q_reg[1][0][1]/C","-0.108000000","clk","clk","clk","u_dut/rd_cmd_addr_q_reg[1][0][1]","FDCE","u_dut/rd_cmd_addr_q_reg","u_dut/kernel_rd_raw_data_q_reg[54]","FDCE","u_dut/kernel_rd_raw_data_q_reg","5","0.384000000","1.618000000","2.002000000","0.808191808","SLICE_X70Y21","SLICE_X68Y24","","","SIGNATURE_SKIPPED|FDCE|FDCE","SIGNATURE_SKIPPED|FDCE|FDCE","DUT_INTERNAL","u_dut/rd_cmd_addr_q_reg","u_dut/kernel_rd_raw_data_q_reg","0.108000000"
"u_dut/kernel_rd_raw_data_q_reg[55]/D","u_dut/rd_cmd_addr_q_reg[1][0][1]/C","-0.053000000","clk","clk","clk","u_dut/rd_cmd_addr_q_reg[1][0][1]","FDCE","u_dut/rd_cmd_addr_q_reg","u_dut/kernel_rd_raw_data_q_reg[55]","FDCE","u_dut/kernel_rd_raw_data_q_reg","5","0.526000000","1.483000000","2.009000000","0.738178198","SLICE_X70Y21","SLICE_X69Y21","","","SIGNATURE_SKIPPED|FDCE|FDCE","SIGNATURE_SKIPPED|FDCE|FDCE","DUT_INTERNAL","u_dut/rd_cmd_addr_q_reg","u_dut/kernel_rd_raw_data_q_reg","0.053000000"
"u_dut/kernel_rd_raw_data_q_reg[58]/D","u_dut/rd_cmd_addr_q_reg[1][0][1]/C","-0.079000000","clk","clk","clk","u_dut/rd_cmd_addr_q_reg[1][0][1]","FDCE","u_dut/rd_cmd_addr_q_reg","u_dut/kernel_rd_raw_data_q_reg[58]","FDCE","u_dut/kernel_rd_raw_data_q_reg","5","0.465000000","1.515000000","1.980000000","0.765151515","SLICE_X70Y21","SLICE_X68Y25","","","SIGNATURE_SKIPPED|FDCE|FDCE","SIGNATURE_SKIPPED|FDCE|FDCE","DUT_INTERNAL","u_dut/rd_cmd_addr_q_reg","u_dut/kernel_rd_raw_data_q_reg","0.079000000"
"u_dut/kernel_rd_raw_data_q_reg[59]/D","u_dut/rd_cmd_addr_q_reg[0][0][3]/C","-0.001000000","clk","clk","clk","u_dut/rd_cmd_addr_q_reg[0][0][3]","FDCE","u_dut/rd_cmd_addr_q_reg","u_dut/kernel_rd_raw_data_q_reg[59]","FDCE","u_dut/kernel_rd_raw_data_q_reg","5","0.439000000","1.647000000","2.086000000","0.789549377","SLICE_X76Y17","SLICE_X70Y18","","","SIGNATURE_SKIPPED|FDCE|FDCE","SIGNATURE_SKIPPED|FDCE|FDCE","DUT_INTERNAL","u_dut/rd_cmd_addr_q_reg","u_dut/kernel_rd_raw_data_q_reg","0.001000000"
"u_dut/kernel_rd_raw_data_q_reg[5]/CE","u_dut/kernel_ctx_output_size_q_reg[2]/C","-0.048000000","clk","clk","clk","u_dut/kernel_ctx_output_size_q_reg[2]","FDCE","u_dut/kernel_ctx_output_size_q_reg","u_dut/kernel_rd_raw_data_q_reg[5]","FDCE","u_dut/kernel_rd_raw_data_q_reg","6","0.671000000","1.198000000","1.869000000","0.640984484","SLICE_X68Y30","SLICE_X57Y12","","","SIGNATURE_SKIPPED|FDCE|FDCE","SIGNATURE_SKIPPED|FDCE|FDCE","DUT_INTERNAL","u_dut/kernel_ctx_output_size_q_reg","u_dut/kernel_rd_raw_data_q_reg","0.048000000"
"u_dut/kernel_rd_raw_data_q_reg[5]/D","u_dut/rd_cmd_addr_q_reg[0][0][2]/C","-0.055000000","clk","clk","clk","u_dut/rd_cmd_addr_q_reg[0][0][2]","FDCE","u_dut/rd_cmd_addr_q_reg","u_dut/kernel_rd_raw_data_q_reg[5]","FDCE","u_dut/kernel_rd_raw_data_q_reg","5","0.477000000","1.507000000","1.984000000","0.759576613","SLICE_X75Y16","SLICE_X57Y12","","","SIGNATURE_SKIPPED|FDCE|FDCE","SIGNATURE_SKIPPED|FDCE|FDCE","DUT_INTERNAL","u_dut/rd_cmd_addr_q_reg","u_dut/kernel_rd_raw_data_q_reg","0.055000000"
"u_dut/kernel_rd_raw_data_q_reg[60]/D","u_dut/rd_cmd_addr_q_reg[1][3][4]/C","-0.056000000","clk","clk","clk","u_dut/rd_cmd_addr_q_reg[1][3][4]","FDCE","u_dut/rd_cmd_addr_q_reg","u_dut/kernel_rd_raw_data_q_reg[60]","FDCE","u_dut/kernel_rd_raw_data_q_reg","5","0.347000000","1.551000000","1.898000000","0.817175975","SLICE_X65Y25","SLICE_X69Y22","","","SIGNATURE_SKIPPED|FDCE|FDCE","SIGNATURE_SKIPPED|FDCE|FDCE","DUT_INTERNAL","u_dut/rd_cmd_addr_q_reg","u_dut/kernel_rd_raw_data_q_reg","0.056000000"
"u_dut/kernel_rd_raw_data_q_reg[61]/D","u_dut/rd_cmd_addr_q_reg[1][0][2]_replica_3/C","-0.015000000","clk","clk","clk","u_dut/rd_cmd_addr_q_reg[1][0][2]_replica_3","FDCE","u_dut/rd_cmd_addr_q_reg_replica_3","u_dut/kernel_rd_raw_data_q_reg[61]","FDCE","u_dut/kernel_rd_raw_data_q_reg","5","0.451000000","1.454000000","1.905000000","0.763254593","SLICE_X72Y22","SLICE_X64Y21","","","SIGNATURE_SKIPPED|FDCE|FDCE","SIGNATURE_SKIPPED|FDCE|FDCE","DUT_INTERNAL","u_dut/rd_cmd_addr_q_reg_replica_3","u_dut/kernel_rd_raw_data_q_reg","0.015000000"
"u_dut/kernel_rd_raw_data_q_reg[63]/D","u_dut/rd_cmd_addr_q_reg[1][0][2]_replica_3/C","-0.060000000","clk","clk","clk","u_dut/rd_cmd_addr_q_reg[1][0][2]_replica_3","FDCE","u_dut/rd_cmd_addr_q_reg_replica_3","u_dut/kernel_rd_raw_data_q_reg[63]","FDCE","u_dut/kernel_rd_raw_data_q_reg","5","0.461000000","1.488000000","1.949000000","0.763468445","SLICE_X72Y22","SLICE_X69Y19","","","SIGNATURE_SKIPPED|FDCE|FDCE","SIGNATURE_SKIPPED|FDCE|FDCE","DUT_INTERNAL","u_dut/rd_cmd_addr_q_reg_replica_3","u_dut/kernel_rd_raw_data_q_reg","0.060000000"
"u_dut/kernel_rd_raw_data_q_reg[7]/D","u_dut/rd_cmd_addr_q_reg[1][0][0]_replica_1/C","-0.047000000","clk","clk","clk","u_dut/rd_cmd_addr_q_reg[1][0][0]_replica_1","FDCE","u_dut/rd_cmd_addr_q_reg_replica_1","u_dut/kernel_rd_raw_data_q_reg[7]","FDCE","u_dut/kernel_rd_raw_data_q_reg","5","0.551000000","1.372000000","1.923000000","0.713468539","SLICE_X62Y28","SLICE_X68Y23","","","SIGNATURE_SKIPPED|FDCE|FDCE","SIGNATURE_SKIPPED|FDCE|FDCE","DUT_INTERNAL","u_dut/rd_cmd_addr_q_reg_replica_1","u_dut/kernel_rd_raw_data_q_reg","0.047000000"
"u_dut/kernel_rd_raw_data_q_reg[9]/D","u_dut/rd_cmd_addr_q_reg[1][0][0]_replica_1/C","-0.033000000","clk","clk","clk","u_dut/rd_cmd_addr_q_reg[1][0][0]_replica_1","FDCE","u_dut/rd_cmd_addr_q_reg_replica_1","u_dut/kernel_rd_raw_data_q_reg[9]","FDCE","u_dut/kernel_rd_raw_data_q_reg","5","0.405000000","1.504000000","1.909000000","0.787847040","SLICE_X62Y28","SLICE_X68Y23","","","SIGNATURE_SKIPPED|FDCE|FDCE","SIGNATURE_SKIPPED|FDCE|FDCE","DUT_INTERNAL","u_dut/rd_cmd_addr_q_reg_replica_1","u_dut/kernel_rd_raw_data_q_reg","0.033000000"
"u_dut/kernel_rd_raw_valid_q_reg[2]/D","u_dut/rd_cmd_addr_q_reg[0][0][0]/C","-0.042000000","clk","clk","clk","u_dut/rd_cmd_addr_q_reg[0][0][0]","FDCE","u_dut/rd_cmd_addr_q_reg","u_dut/kernel_rd_raw_valid_q_reg[2]","FDCE","u_dut/kernel_rd_raw_valid_q_reg","5","0.440000000","1.497000000","1.937000000","0.772844605","SLICE_X75Y16","SLICE_X69Y19","","","SIGNATURE_SKIPPED|FDCE|FDCE","SIGNATURE_SKIPPED|FDCE|FDCE","DUT_INTERNAL","u_dut/rd_cmd_addr_q_reg","u_dut/kernel_rd_raw_valid_q_reg","0.042000000"
"u_dut/kernel_rd_req_group_q_reg[3]/CE","u_dut/kernel_cut_w_q_reg[2]/C","-0.025000000","clk","clk","clk","u_dut/kernel_cut_w_q_reg[2]","FDCE","u_dut/kernel_cut_w_q_reg","u_dut/kernel_rd_req_group_q_reg[3]","FDCE","u_dut/kernel_rd_req_group_q_reg","4","0.545000000","1.341000000","1.886000000","0.711028632","SLICE_X87Y21","SLICE_X70Y23","","","SIGNATURE_SKIPPED|FDCE|FDCE","SIGNATURE_SKIPPED|FDCE|FDCE","DUT_INTERNAL","u_dut/kernel_cut_w_q_reg","u_dut/kernel_rd_req_group_q_reg","0.025000000"
"u_dut/kernel_rd_req_group_q_reg[4]/CE","u_dut/kernel_cut_w_q_reg[2]/C","-0.023000000","clk","clk","clk","u_dut/kernel_cut_w_q_reg[2]","FDCE","u_dut/kernel_cut_w_q_reg","u_dut/kernel_rd_req_group_q_reg[4]","FDCE","u_dut/kernel_rd_req_group_q_reg","4","0.545000000","1.339000000","1.884000000","0.710721868","SLICE_X87Y21","SLICE_X70Y23","","","SIGNATURE_SKIPPED|FDCE|FDCE","SIGNATURE_SKIPPED|FDCE|FDCE","DUT_INTERNAL","u_dut/kernel_cut_w_q_reg","u_dut/kernel_rd_req_group_q_reg","0.023000000"
"u_dut/kernel_rd_resp_data_q_reg[33]/D","u_dut/kernel_cut_h_q_reg[2]/C","-0.101000000","clk","clk","clk","u_dut/kernel_cut_h_q_reg[2]","FDCE","u_dut/kernel_cut_h_q_reg","u_dut/kernel_rd_resp_data_q_reg[33]","FDCE","u_dut/kernel_rd_resp_data_q_reg","4","0.494000000","1.555000000","2.049000000","0.758906784","SLICE_X84Y26","SLICE_X69Y23","","","SIGNATURE_SKIPPED|FDCE|FDCE","SIGNATURE_SKIPPED|FDCE|FDCE","DUT_INTERNAL","u_dut/kernel_cut_h_q_reg","u_dut/kernel_rd_resp_data_q_reg","0.101000000"
"u_dut/kernel_rd_resp_data_q_reg[34]/D","u_dut/kernel_cut_h_q_reg[2]/C","-0.061000000","clk","clk","clk","u_dut/kernel_cut_h_q_reg[2]","FDCE","u_dut/kernel_cut_h_q_reg","u_dut/kernel_rd_resp_data_q_reg[34]","FDCE","u_dut/kernel_rd_resp_data_q_reg","4","0.382000000","1.627000000","2.009000000","0.809855650","SLICE_X84Y26","SLICE_X68Y24","","","SIGNATURE_SKIPPED|FDCE|FDCE","SIGNATURE_SKIPPED|FDCE|FDCE","DUT_INTERNAL","u_dut/kernel_cut_h_q_reg","u_dut/kernel_rd_resp_data_q_reg","0.061000000"
"u_dut/kernel_rd_resp_data_q_reg[36]/D","u_dut/kernel_cut_h_q_reg[2]/C","-0.097000000","clk","clk","clk","u_dut/kernel_cut_h_q_reg[2]","FDCE","u_dut/kernel_cut_h_q_reg","u_dut/kernel_rd_resp_data_q_reg[36]","FDCE","u_dut/kernel_rd_resp_data_q_reg","4","0.493000000","1.554000000","2.047000000","0.759159746","SLICE_X84Y26","SLICE_X68Y25","","","SIGNATURE_SKIPPED|FDCE|FDCE","SIGNATURE_SKIPPED|FDCE|FDCE","DUT_INTERNAL","u_dut/kernel_cut_h_q_reg","u_dut/kernel_rd_resp_data_q_reg","0.097000000"
"u_dut/kernel_rd_resp_data_q_reg[44]/D","u_dut/kernel_cut_h_q_reg[2]/C","-0.040000000","clk","clk","clk","u_dut/kernel_cut_h_q_reg[2]","FDCE","u_dut/kernel_cut_h_q_reg","u_dut/kernel_rd_resp_data_q_reg[44]","FDCE","u_dut/kernel_rd_resp_data_q_reg","4","0.446000000","1.540000000","1.986000000","0.775427996","SLICE_X84Y26","SLICE_X68Y26","","","SIGNATURE_SKIPPED|FDCE|FDCE","SIGNATURE_SKIPPED|FDCE|FDCE","DUT_INTERNAL","u_dut/kernel_cut_h_q_reg","u_dut/kernel_rd_resp_data_q_reg","0.040000000"
"u_dut/kernel_rd_resp_data_q_reg[47]/D","u_dut/kernel_cut_h_q_reg[2]/C","-0.031000000","clk","clk","clk","u_dut/kernel_cut_h_q_reg[2]","FDCE","u_dut/kernel_cut_h_q_reg","u_dut/kernel_rd_resp_data_q_reg[47]","FDCE","u_dut/kernel_rd_resp_data_q_reg","4","0.470000000","1.501000000","1.971000000","0.761542364","SLICE_X84Y26","SLICE_X69Y26","","","SIGNATURE_SKIPPED|FDCE|FDCE","SIGNATURE_SKIPPED|FDCE|FDCE","DUT_INTERNAL","u_dut/kernel_cut_h_q_reg","u_dut/kernel_rd_resp_data_q_reg","0.031000000"
"u_dut/kernel_rd_resp_valid_q_reg/D","u_dut/kernel_vector_q_reg[2]/C","-0.062000000","clk","clk","clk","u_dut/kernel_vector_q_reg[2]","FDCE","u_dut/kernel_vector_q_reg","u_dut/kernel_rd_resp_valid_q_reg","FDCE","u_dut/kernel_rd_resp_valid_q_reg","5","0.714000000","1.213000000","1.927000000","0.629475869","SLICE_X72Y25","SLICE_X71Y31","","","SIGNATURE_SKIPPED|FDCE|FDCE","SIGNATURE_SKIPPED|FDCE|FDCE","DUT_INTERNAL","u_dut/kernel_vector_q_reg","u_dut/kernel_rd_resp_valid_q_reg","0.062000000"
"u_dut/lfnst_gather_index_q_reg[0]/CE","u_dut/output_active_reg_replica/C","-0.012000000","clk","clk","clk","u_dut/output_active_reg_replica","FDCE","u_dut/output_active_reg_replica","u_dut/lfnst_gather_index_q_reg[0]","FDCE","u_dut/lfnst_gather_index_q_reg","4","0.400000000","1.433000000","1.833000000","0.781778505","SLICE_X78Y21","SLICE_X70Y21","","","SIGNATURE_SKIPPED|FDCE|FDCE","SIGNATURE_SKIPPED|FDCE|FDCE","DUT_INTERNAL","u_dut/output_active_reg_replica","u_dut/lfnst_gather_index_q_reg","0.012000000"
"u_dut/lfnst_gather_index_q_reg[1]/CE","u_dut/output_active_reg_replica/C","-0.012000000","clk","clk","clk","u_dut/output_active_reg_replica","FDCE","u_dut/output_active_reg_replica","u_dut/lfnst_gather_index_q_reg[1]","FDCE","u_dut/lfnst_gather_index_q_reg","4","0.400000000","1.433000000","1.833000000","0.781778505","SLICE_X78Y21","SLICE_X70Y21","","","SIGNATURE_SKIPPED|FDCE|FDCE","SIGNATURE_SKIPPED|FDCE|FDCE","DUT_INTERNAL","u_dut/output_active_reg_replica","u_dut/lfnst_gather_index_q_reg","0.012000000"
"u_dut/lfnst_gather_index_q_reg[3]/CE","u_dut/output_active_reg_replica/C","-0.012000000","clk","clk","clk","u_dut/output_active_reg_replica","FDCE","u_dut/output_active_reg_replica","u_dut/lfnst_gather_index_q_reg[3]","FDCE","u_dut/lfnst_gather_index_q_reg","4","0.400000000","1.433000000","1.833000000","0.781778505","SLICE_X78Y21","SLICE_X70Y21","","","SIGNATURE_SKIPPED|FDCE|FDCE","SIGNATURE_SKIPPED|FDCE|FDCE","DUT_INTERNAL","u_dut/output_active_reg_replica","u_dut/lfnst_gather_index_q_reg","0.012000000"
"u_dut/lfnst_grid_reg[0][10]/CE","u_dut/slot_state_reg[0][2]_replica/C","-0.070000000","clk","clk","clk","u_dut/slot_state_reg[0][2]_replica","FDCE","u_dut/slot_state_reg_replica","u_dut/lfnst_grid_reg[0][10]","FDCE","u_dut/lfnst_grid_reg","4","0.510000000","1.434000000","1.944000000","0.737654321","SLICE_X80Y21","SLICE_X72Y10","","","SIGNATURE_SKIPPED|FDCE|FDCE","SIGNATURE_SKIPPED|FDCE|FDCE","DUT_INTERNAL","u_dut/slot_state_reg_replica","u_dut/lfnst_grid_reg","0.070000000"
"u_dut/lfnst_grid_reg[0][11]/CE","u_dut/slot_state_reg[0][2]_replica/C","-0.095000000","clk","clk","clk","u_dut/slot_state_reg[0][2]_replica","FDCE","u_dut/slot_state_reg_replica","u_dut/lfnst_grid_reg[0][11]","FDCE","u_dut/lfnst_grid_reg","4","0.510000000","1.459000000","1.969000000","0.740985272","SLICE_X80Y21","SLICE_X72Y11","","","SIGNATURE_SKIPPED|FDCE|FDCE","SIGNATURE_SKIPPED|FDCE|FDCE","DUT_INTERNAL","u_dut/slot_state_reg_replica","u_dut/lfnst_grid_reg","0.095000000"
"u_dut/lfnst_grid_reg[0][12]/CE","u_dut/slot_state_reg[0][2]_replica/C","-0.095000000","clk","clk","clk","u_dut/slot_state_reg[0][2]_replica","FDCE","u_dut/slot_state_reg_replica","u_dut/lfnst_grid_reg[0][12]","FDCE","u_dut/lfnst_grid_reg","4","0.510000000","1.459000000","1.969000000","0.740985272","SLICE_X80Y21","SLICE_X72Y11","","","SIGNATURE_SKIPPED|FDCE|FDCE","SIGNATURE_SKIPPED|FDCE|FDCE","DUT_INTERNAL","u_dut/slot_state_reg_replica","u_dut/lfnst_grid_reg","0.095000000"
"u_dut/lfnst_grid_reg[0][14]/CE","u_dut/slot_state_reg[0][2]_replica/C","-0.070000000","clk","clk","clk","u_dut/slot_state_reg[0][2]_replica","FDCE","u_dut/slot_state_reg_replica","u_dut/lfnst_grid_reg[0][14]","FDCE","u_dut/lfnst_grid_reg","4","0.510000000","1.434000000","1.944000000","0.737654321","SLICE_X80Y21","SLICE_X72Y10","","","SIGNATURE_SKIPPED|FDCE|FDCE","SIGNATURE_SKIPPED|FDCE|FDCE","DUT_INTERNAL","u_dut/slot_state_reg_replica","u_dut/lfnst_grid_reg","0.070000000"
"u_dut/lfnst_grid_reg[0][15]/D","u_dut/u_bounded_lfnst_engine/out_group_reg[1]/C","-0.002000000","clk","clk","clk","u_dut/u_bounded_lfnst_engine/out_group_reg[1]","FDCE","u_dut/u_bounded_lfnst_engine/out_group_reg","u_dut/lfnst_grid_reg[0][15]","FDCE","u_dut/lfnst_grid_reg","4","0.451000000","1.428000000","1.879000000","0.759978712","SLICE_X89Y9","SLICE_X78Y8","","","SIGNATURE_SKIPPED|FDCE|FDCE","SIGNATURE_SKIPPED|FDCE|FDCE","DUT_INTERNAL","u_dut/u_bounded_lfnst_engine/out_group_reg","u_dut/lfnst_grid_reg","0.002000000"
"u_dut/lfnst_grid_reg[0][4]/CE","u_dut/slot_state_reg[0][2]_replica/C","-0.052000000","clk","clk","clk","u_dut/slot_state_reg[0][2]_replica","FDCE","u_dut/slot_state_reg_replica","u_dut/lfnst_grid_reg[0][4]","FDCE","u_dut/lfnst_grid_reg","4","0.510000000","1.417000000","1.927000000","0.735339907","SLICE_X80Y21","SLICE_X72Y8","","","SIGNATURE_SKIPPED|FDCE|FDCE","SIGNATURE_SKIPPED|FDCE|FDCE","DUT_INTERNAL","u_dut/slot_state_reg_replica","u_dut/lfnst_grid_reg","0.052000000"
"u_dut/lfnst_grid_reg[0][5]/CE","u_dut/slot_state_reg[0][2]_replica/C","-0.052000000","clk","clk","clk","u_dut/slot_state_reg[0][2]_replica","FDCE","u_dut/slot_state_reg_replica","u_dut/lfnst_grid_reg[0][5]","FDCE","u_dut/lfnst_grid_reg","4","0.510000000","1.417000000","1.927000000","0.735339907","SLICE_X80Y21","SLICE_X72Y8","","","SIGNATURE_SKIPPED|FDCE|FDCE","SIGNATURE_SKIPPED|FDCE|FDCE","DUT_INTERNAL","u_dut/slot_state_reg_replica","u_dut/lfnst_grid_reg","0.052000000"
"u_dut/lfnst_grid_reg[0][6]/D","u_dut/u_bounded_lfnst_engine/out_group_reg[1]/C","-0.003000000","clk","clk","clk","u_dut/u_bounded_lfnst_engine/out_group_reg[1]","FDCE","u_dut/u_bounded_lfnst_engine/out_group_reg","u_dut/lfnst_grid_reg[0][6]","FDCE","u_dut/lfnst_grid_reg","4","0.523000000","1.357000000","1.880000000","0.721808511","SLICE_X89Y9","SLICE_X78Y8","","","SIGNATURE_SKIPPED|FDCE|FDCE","SIGNATURE_SKIPPED|FDCE|FDCE","DUT_INTERNAL","u_dut/u_bounded_lfnst_engine/out_group_reg","u_dut/lfnst_grid_reg","0.003000000"
"u_dut/lfnst_grid_reg[0][7]/CE","u_dut/slot_state_reg[0][2]_replica/C","-0.052000000","clk","clk","clk","u_dut/slot_state_reg[0][2]_replica","FDCE","u_dut/slot_state_reg_replica","u_dut/lfnst_grid_reg[0][7]","FDCE","u_dut/lfnst_grid_reg","4","0.510000000","1.417000000","1.927000000","0.735339907","SLICE_X80Y21","SLICE_X72Y8","","","SIGNATURE_SKIPPED|FDCE|FDCE","SIGNATURE_SKIPPED|FDCE|FDCE","DUT_INTERNAL","u_dut/slot_state_reg_replica","u_dut/lfnst_grid_reg","0.052000000"
"u_dut/lfnst_grid_reg[0][9]/CE","u_dut/slot_state_reg[0][2]_replica/C","-0.070000000","clk","clk","clk","u_dut/slot_state_reg[0][2]_replica","FDCE","u_dut/slot_state_reg_replica","u_dut/lfnst_grid_reg[0][9]","FDCE","u_dut/lfnst_grid_reg","4","0.510000000","1.434000000","1.944000000","0.737654321","SLICE_X80Y21","SLICE_X72Y10","","","SIGNATURE_SKIPPED|FDCE|FDCE","SIGNATURE_SKIPPED|FDCE|FDCE","DUT_INTERNAL","u_dut/slot_state_reg_replica","u_dut/lfnst_grid_reg","0.070000000"
"u_dut/lfnst_grid_reg[11][13]/CE","u_dut/slot_state_reg[0][2]_replica/C","-0.040000000","clk","clk","clk","u_dut/slot_state_reg[0][2]_replica","FDCE","u_dut/slot_state_reg_replica","u_dut/lfnst_grid_reg[11][13]","FDCE","u_dut/lfnst_grid_reg","4","0.439000000","1.498000000","1.937000000","0.773360867","SLICE_X80Y21","SLICE_X90Y14","","","SIGNATURE_SKIPPED|FDCE|FDCE","SIGNATURE_SKIPPED|FDCE|FDCE","DUT_INTERNAL","u_dut/slot_state_reg_replica","u_dut/lfnst_grid_reg","0.040000000"
"u_dut/lfnst_grid_reg[11][2]/CE","u_dut/slot_state_reg[0][2]_replica/C","-0.057000000","clk","clk","clk","u_dut/slot_state_reg[0][2]_replica","FDCE","u_dut/slot_state_reg_replica","u_dut/lfnst_grid_reg[11][2]","FDCE","u_dut/lfnst_grid_reg","4","0.439000000","1.518000000","1.957000000","0.775677057","SLICE_X80Y21","SLICE_X90Y12","","","SIGNATURE_SKIPPED|FDCE|FDCE","SIGNATURE_SKIPPED|FDCE|FDCE","DUT_INTERNAL","u_dut/slot_state_reg_replica","u_dut/lfnst_grid_reg","0.057000000"
"u_dut/lfnst_grid_reg[11][4]/CE","u_dut/slot_state_reg[0][2]_replica/C","-0.057000000","clk","clk","clk","u_dut/slot_state_reg[0][2]_replica","FDCE","u_dut/slot_state_reg_replica","u_dut/lfnst_grid_reg[11][4]","FDCE","u_dut/lfnst_grid_reg","4","0.439000000","1.518000000","1.957000000","0.775677057","SLICE_X80Y21","SLICE_X90Y12","","","SIGNATURE_SKIPPED|FDCE|FDCE","SIGNATURE_SKIPPED|FDCE|FDCE","DUT_INTERNAL","u_dut/slot_state_reg_replica","u_dut/lfnst_grid_reg","0.057000000"
"u_dut/lfnst_grid_reg[11][5]/CE","u_dut/slot_state_reg[0][2]_replica/C","-0.057000000","clk","clk","clk","u_dut/slot_state_reg[0][2]_replica","FDCE","u_dut/slot_state_reg_replica","u_dut/lfnst_grid_reg[11][5]","FDCE","u_dut/lfnst_grid_reg","4","0.439000000","1.518000000","1.957000000","0.775677057","SLICE_X80Y21","SLICE_X90Y12","","","SIGNATURE_SKIPPED|FDCE|FDCE","SIGNATURE_SKIPPED|FDCE|FDCE","DUT_INTERNAL","u_dut/slot_state_reg_replica","u_dut/lfnst_grid_reg","0.057000000"
"u_dut/lfnst_grid_reg[11][6]/CE","u_dut/slot_state_reg[0][2]_replica/C","-0.040000000","clk","clk","clk","u_dut/slot_state_reg[0][2]_replica","FDCE","u_dut/slot_state_reg_replica","u_dut/lfnst_grid_reg[11][6]","FDCE","u_dut/lfnst_grid_reg","4","0.439000000","1.498000000","1.937000000","0.773360867","SLICE_X80Y21","SLICE_X90Y14","","","SIGNATURE_SKIPPED|FDCE|FDCE","SIGNATURE_SKIPPED|FDCE|FDCE","DUT_INTERNAL","u_dut/slot_state_reg_replica","u_dut/lfnst_grid_reg","0.040000000"
"u_dut/lfnst_grid_reg[11][9]/CE","u_dut/slot_state_reg[0][2]_replica/C","-0.040000000","clk","clk","clk","u_dut/slot_state_reg[0][2]_replica","FDCE","u_dut/slot_state_reg_replica","u_dut/lfnst_grid_reg[11][9]","FDCE","u_dut/lfnst_grid_reg","4","0.439000000","1.498000000","1.937000000","0.773360867","SLICE_X80Y21","SLICE_X90Y14","","","SIGNATURE_SKIPPED|FDCE|FDCE","SIGNATURE_SKIPPED|FDCE|FDCE","DUT_INTERNAL","u_dut/slot_state_reg_replica","u_dut/lfnst_grid_reg","0.040000000"
"u_dut/lfnst_grid_reg[13][10]/CE","u_dut/slot_state_reg[0][2]_replica/C","-0.055000000","clk","clk","clk","u_dut/slot_state_reg[0][2]_replica","FDCE","u_dut/slot_state_reg_replica","u_dut/lfnst_grid_reg[13][10]","FDCE","u_dut/lfnst_grid_reg","4","0.424000000","1.529000000","1.953000000","0.782898105","SLICE_X80Y21","SLICE_X92Y15","","","SIGNATURE_SKIPPED|FDCE|FDCE","SIGNATURE_SKIPPED|FDCE|FDCE","DUT_INTERNAL","u_dut/slot_state_reg_replica","u_dut/lfnst_grid_reg","0.055000000"
"u_dut/lfnst_grid_reg[13][11]/CE","u_dut/slot_state_reg[0][2]_replica/C","-0.051000000","clk","clk","clk","u_dut/slot_state_reg[0][2]_replica","FDCE","u_dut/slot_state_reg_replica","u_dut/lfnst_grid_reg[13][11]","FDCE","u_dut/lfnst_grid_reg","4","0.424000000","1.458000000","1.882000000","0.774707758","SLICE_X80Y21","SLICE_X88Y15","","","SIGNATURE_SKIPPED|FDCE|FDCE","SIGNATURE_SKIPPED|FDCE|FDCE","DUT_INTERNAL","u_dut/slot_state_reg_replica","u_dut/lfnst_grid_reg","0.051000000"
"u_dut/lfnst_grid_reg[13][14]/CE","u_dut/slot_state_reg[0][2]_replica/C","-0.004000000","clk","clk","clk","u_dut/slot_state_reg[0][2]_replica","FDCE","u_dut/slot_state_reg_replica","u_dut/lfnst_grid_reg[13][14]","FDCE","u_dut/lfnst_grid_reg","4","0.424000000","1.479000000","1.903000000","0.777193904","SLICE_X80Y21","SLICE_X92Y14","","","SIGNATURE_SKIPPED|FDCE|FDCE","SIGNATURE_SKIPPED|FDCE|FDCE","DUT_INTERNAL","u_dut/slot_state_reg_replica","u_dut/lfnst_grid_reg","0.004000000"
"u_dut/lfnst_grid_reg[13][3]/CE","u_dut/slot_state_reg[0][2]_replica/C","-0.061000000","clk","clk","clk","u_dut/slot_state_reg[0][2]_replica","FDCE","u_dut/slot_state_reg_replica","u_dut/lfnst_grid_reg[13][3]","FDCE","u_dut/lfnst_grid_reg","4","0.424000000","1.540000000","1.964000000","0.784114053","SLICE_X80Y21","SLICE_X91Y11","","","SIGNATURE_SKIPPED|FDCE|FDCE","SIGNATURE_SKIPPED|FDCE|FDCE","DUT_INTERNAL","u_dut/slot_state_reg_replica","u_dut/lfnst_grid_reg","0.061000000"
"u_dut/lfnst_grid_reg[13][6]/CE","u_dut/slot_state_reg[0][2]_replica/C","-0.061000000","clk","clk","clk","u_dut/slot_state_reg[0][2]_replica","FDCE","u_dut/slot_state_reg_replica","u_dut/lfnst_grid_reg[13][6]","FDCE","u_dut/lfnst_grid_reg","4","0.424000000","1.540000000","1.964000000","0.784114053","SLICE_X80Y21","SLICE_X91Y11","","","SIGNATURE_SKIPPED|FDCE|FDCE","SIGNATURE_SKIPPED|FDCE|FDCE","DUT_INTERNAL","u_dut/slot_state_reg_replica","u_dut/lfnst_grid_reg","0.061000000"
"u_dut/lfnst_grid_reg[13][7]/CE","u_dut/slot_state_reg[0][2]_replica/C","-0.055000000","clk","clk","clk","u_dut/slot_state_reg[0][2]_replica","FDCE","u_dut/slot_state_reg_replica","u_dut/lfnst_grid_reg[13][7]","FDCE","u_dut/lfnst_grid_reg","4","0.424000000","1.529000000","1.953000000","0.782898105","SLICE_X80Y21","SLICE_X92Y15","","","SIGNATURE_SKIPPED|FDCE|FDCE","SIGNATURE_SKIPPED|FDCE|FDCE","DUT_INTERNAL","u_dut/slot_state_reg_replica","u_dut/lfnst_grid_reg","0.055000000"
"u_dut/lfnst_grid_reg[13][8]/CE","u_dut/slot_state_reg[0][2]_replica/C","-0.051000000","clk","clk","clk","u_dut/slot_state_reg[0][2]_replica","FDCE","u_dut/slot_state_reg_replica","u_dut/lfnst_grid_reg[13][8]","FDCE","u_dut/lfnst_grid_reg","4","0.424000000","1.458000000","1.882000000","0.774707758","SLICE_X80Y21","SLICE_X88Y15","","","SIGNATURE_SKIPPED|FDCE|FDCE","SIGNATURE_SKIPPED|FDCE|FDCE","DUT_INTERNAL","u_dut/slot_state_reg_replica","u_dut/lfnst_grid_reg","0.051000000"
"u_dut/lfnst_grid_reg[13][9]/CE","u_dut/slot_state_reg[0][2]_replica/C","-0.004000000","clk","clk","clk","u_dut/slot_state_reg[0][2]_replica","FDCE","u_dut/slot_state_reg_replica","u_dut/lfnst_grid_reg[13][9]","FDCE","u_dut/lfnst_grid_reg","4","0.424000000","1.479000000","1.903000000","0.777193904","SLICE_X80Y21","SLICE_X92Y14","","","SIGNATURE_SKIPPED|FDCE|FDCE","SIGNATURE_SKIPPED|FDCE|FDCE","DUT_INTERNAL","u_dut/slot_state_reg_replica","u_dut/lfnst_grid_reg","0.004000000"
"u_dut/lfnst_grid_reg[14][0]/CE","u_dut/slot_state_reg[0][2]_replica/C","-0.016000000","clk","clk","clk","u_dut/slot_state_reg[0][2]_replica","FDCE","u_dut/slot_state_reg_replica","u_dut/lfnst_grid_reg[14][0]","FDCE","u_dut/lfnst_grid_reg","4","0.437000000","1.483000000","1.920000000","0.772395833","SLICE_X80Y21","SLICE_X91Y9","","","SIGNATURE_SKIPPED|FDCE|FDCE","SIGNATURE_SKIPPED|FDCE|FDCE","DUT_INTERNAL","u_dut/slot_state_reg_replica","u_dut/lfnst_grid_reg","0.016000000"
"u_dut/lfnst_grid_reg[14][10]/CE","u_dut/slot_state_reg[0][2]_replica/C","-0.003000000","clk","clk","clk","u_dut/slot_state_reg[0][2]_replica","FDCE","u_dut/slot_state_reg_replica","u_dut/lfnst_grid_reg[14][10]","FDCE","u_dut/lfnst_grid_reg","4","0.437000000","1.468000000","1.905000000","0.770603675","SLICE_X80Y21","SLICE_X92Y7","","","SIGNATURE_SKIPPED|FDCE|FDCE","SIGNATURE_SKIPPED|FDCE|FDCE","DUT_INTERNAL","u_dut/slot_state_reg_replica","u_dut/lfnst_grid_reg","0.003000000"
"u_dut/lfnst_grid_reg[14][11]/CE","u_dut/slot_state_reg[0][2]_replica/C","-0.016000000","clk","clk","clk","u_dut/slot_state_reg[0][2]_replica","FDCE","u_dut/slot_state_reg_replica","u_dut/lfnst_grid_reg[14][11]","FDCE","u_dut/lfnst_grid_reg","4","0.437000000","1.482000000","1.919000000","0.772277228","SLICE_X80Y21","SLICE_X91Y9","","","SIGNATURE_SKIPPED|FDCE|FDCE","SIGNATURE_SKIPPED|FDCE|FDCE","DUT_INTERNAL","u_dut/slot_state_reg_replica","u_dut/lfnst_grid_reg","0.016000000"
"u_dut/lfnst_grid_reg[14][14]/CE","u_dut/slot_state_reg[0][2]_replica/C","-0.004000000","clk","clk","clk","u_dut/slot_state_reg[0][2]_replica","FDCE","u_dut/slot_state_reg_replica","u_dut/lfnst_grid_reg[14][14]","FDCE","u_dut/lfnst_grid_reg","4","0.437000000","1.513000000","1.950000000","0.775897436","SLICE_X80Y21","SLICE_X92Y9","","","SIGNATURE_SKIPPED|FDCE|FDCE","SIGNATURE_SKIPPED|FDCE|FDCE","DUT_INTERNAL","u_dut/slot_state_reg_replica","u_dut/lfnst_grid_reg","0.004000000"
"u_dut/lfnst_grid_reg[14][15]/CE","u_dut/slot_state_reg[0][2]_replica/C","-0.016000000","clk","clk","clk","u_dut/slot_state_reg[0][2]_replica","FDCE","u_dut/slot_state_reg_replica","u_dut/lfnst_grid_reg[14][15]","FDCE","u_dut/lfnst_grid_reg","4","0.437000000","1.482000000","1.919000000","0.772277228","SLICE_X80Y21","SLICE_X91Y9","","","SIGNATURE_SKIPPED|FDCE|FDCE","SIGNATURE_SKIPPED|FDCE|FDCE","DUT_INTERNAL","u_dut/slot_state_reg_replica","u_dut/lfnst_grid_reg","0.016000000"
"u_dut/lfnst_grid_reg[14][1]/CE","u_dut/slot_state_reg[0][2]_replica/C","-0.004000000","clk","clk","clk","u_dut/slot_state_reg[0][2]_replica","FDCE","u_dut/slot_state_reg_replica","u_dut/lfnst_grid_reg[14][1]","FDCE","u_dut/lfnst_grid_reg","4","0.437000000","1.513000000","1.950000000","0.775897436","SLICE_X80Y21","SLICE_X92Y9","","","SIGNATURE_SKIPPED|FDCE|FDCE","SIGNATURE_SKIPPED|FDCE|FDCE","DUT_INTERNAL","u_dut/slot_state_reg_replica","u_dut/lfnst_grid_reg","0.004000000"
"u_dut/lfnst_grid_reg[14][2]/CE","u_dut/slot_state_reg[0][2]_replica/C","-0.016000000","clk","clk","clk","u_dut/slot_state_reg[0][2]_replica","FDCE","u_dut/slot_state_reg_replica","u_dut/lfnst_grid_reg[14][2]","FDCE","u_dut/lfnst_grid_reg","4","0.437000000","1.475000000","1.912000000","0.771443515","SLICE_X80Y21","SLICE_X92Y8","","","SIGNATURE_SKIPPED|FDCE|FDCE","SIGNATURE_SKIPPED|FDCE|FDCE","DUT_INTERNAL","u_dut/slot_state_reg_replica","u_dut/lfnst_grid_reg","0.016000000"
"u_dut/lfnst_grid_reg[14][3]/CE","u_dut/slot_state_reg[0][2]_replica/C","-0.004000000","clk","clk","clk","u_dut/slot_state_reg[0][2]_replica","FDCE","u_dut/slot_state_reg_replica","u_dut/lfnst_grid_reg[14][3]","FDCE","u_dut/lfnst_grid_reg","4","0.437000000","1.513000000","1.950000000","0.775897436","SLICE_X80Y21","SLICE_X92Y9","","","SIGNATURE_SKIPPED|FDCE|FDCE","SIGNATURE_SKIPPED|FDCE|FDCE","DUT_INTERNAL","u_dut/slot_state_reg_replica","u_dut/lfnst_grid_reg","0.004000000"
"u_dut/lfnst_grid_reg[14][6]/CE","u_dut/slot_state_reg[0][2]_replica/C","-0.016000000","clk","clk","clk","u_dut/slot_state_reg[0][2]_replica","FDCE","u_dut/slot_state_reg_replica","u_dut/lfnst_grid_reg[14][6]","FDCE","u_dut/lfnst_grid_reg","4","0.437000000","1.475000000","1.912000000","0.771443515","SLICE_X80Y21","SLICE_X92Y8","","","SIGNATURE_SKIPPED|FDCE|FDCE","SIGNATURE_SKIPPED|FDCE|FDCE","DUT_INTERNAL","u_dut/slot_state_reg_replica","u_dut/lfnst_grid_reg","0.016000000"
"u_dut/lfnst_grid_reg[14][7]/CE","u_dut/slot_state_reg[0][2]_replica/C","-0.004000000","clk","clk","clk","u_dut/slot_state_reg[0][2]_replica","FDCE","u_dut/slot_state_reg_replica","u_dut/lfnst_grid_reg[14][7]","FDCE","u_dut/lfnst_grid_reg","4","0.437000000","1.513000000","1.950000000","0.775897436","SLICE_X80Y21","SLICE_X92Y9","","","SIGNATURE_SKIPPED|FDCE|FDCE","SIGNATURE_SKIPPED|FDCE|FDCE","DUT_INTERNAL","u_dut/slot_state_reg_replica","u_dut/lfnst_grid_reg","0.004000000"
"u_dut/lfnst_grid_reg[14][8]/CE","u_dut/slot_state_reg[0][2]_replica/C","-0.016000000","clk","clk","clk","u_dut/slot_state_reg[0][2]_replica","FDCE","u_dut/slot_state_reg_replica","u_dut/lfnst_grid_reg[14][8]","FDCE","u_dut/lfnst_grid_reg","4","0.437000000","1.482000000","1.919000000","0.772277228","SLICE_X80Y21","SLICE_X91Y9","","","SIGNATURE_SKIPPED|FDCE|FDCE","SIGNATURE_SKIPPED|FDCE|FDCE","DUT_INTERNAL","u_dut/slot_state_reg_replica","u_dut/lfnst_grid_reg","0.016000000"
"u_dut/lfnst_grid_reg[14][9]/CE","u_dut/slot_state_reg[0][2]_replica/C","-0.016000000","clk","clk","clk","u_dut/slot_state_reg[0][2]_replica","FDCE","u_dut/slot_state_reg_replica","u_dut/lfnst_grid_reg[14][9]","FDCE","u_dut/lfnst_grid_reg","4","0.437000000","1.475000000","1.912000000","0.771443515","SLICE_X80Y21","SLICE_X92Y8","","","SIGNATURE_SKIPPED|FDCE|FDCE","SIGNATURE_SKIPPED|FDCE|FDCE","DUT_INTERNAL","u_dut/slot_state_reg_replica","u_dut/lfnst_grid_reg","0.016000000"
"u_dut/lfnst_grid_reg[15][10]/CE","u_dut/slot_state_reg[0][2]_replica/C","-0.001000000","clk","clk","clk","u_dut/slot_state_reg[0][2]_replica","FDCE","u_dut/slot_state_reg_replica","u_dut/lfnst_grid_reg[15][10]","FDCE","u_dut/lfnst_grid_reg","4","0.510000000","1.392000000","1.902000000","0.731861199","SLICE_X80Y21","SLICE_X91Y11","","","SIGNATURE_SKIPPED|FDCE|FDCE","SIGNATURE_SKIPPED|FDCE|FDCE","DUT_INTERNAL","u_dut/slot_state_reg_replica","u_dut/lfnst_grid_reg","0.001000000"
"u_dut/lfnst_grid_reg[15][11]/CE","u_dut/slot_state_reg[0][2]_replica/C","-0.004000000","clk","clk","clk","u_dut/slot_state_reg[0][2]_replica","FDCE","u_dut/slot_state_reg_replica","u_dut/lfnst_grid_reg[15][11]","FDCE","u_dut/lfnst_grid_reg","4","0.510000000","1.382000000","1.892000000","0.730443975","SLICE_X80Y21","SLICE_X89Y13","","","SIGNATURE_SKIPPED|FDCE|FDCE","SIGNATURE_SKIPPED|FDCE|FDCE","DUT_INTERNAL","u_dut/slot_state_reg_replica","u_dut/lfnst_grid_reg","0.004000000"
"u_dut/lfnst_grid_reg[15][12]/CE","u_dut/slot_state_reg[0][2]_replica/C","-0.060000000","clk","clk","clk","u_dut/slot_state_reg[0][2]_replica","FDCE","u_dut/slot_state_reg_replica","u_dut/lfnst_grid_reg[15][12]","FDCE","u_dut/lfnst_grid_reg","4","0.510000000","1.435000000","1.945000000","0.737789203","SLICE_X80Y21","SLICE_X89Y7","","","SIGNATURE_SKIPPED|FDCE|FDCE","SIGNATURE_SKIPPED|FDCE|FDCE","DUT_INTERNAL","u_dut/slot_state_reg_replica","u_dut/lfnst_grid_reg","0.060000000"
"u_dut/lfnst_grid_reg[15][13]/CE","u_dut/slot_state_reg[0][2]_replica/C","-0.077000000","clk","clk","clk","u_dut/slot_state_reg[0][2]_replica","FDCE","u_dut/slot_state_reg_replica","u_dut/lfnst_grid_reg[15][13]","FDCE","u_dut/lfnst_grid_reg","4","0.510000000","1.467000000","1.977000000","0.742033384","SLICE_X80Y21","SLICE_X92Y13","","","SIGNATURE_SKIPPED|FDCE|FDCE","SIGNATURE_SKIPPED|FDCE|FDCE","DUT_INTERNAL","u_dut/slot_state_reg_replica","u_dut/lfnst_grid_reg","0.077000000"
"u_dut/lfnst_grid_reg[15][14]/CE","u_dut/slot_state_reg[0][2]_replica/C","-0.001000000","clk","clk","clk","u_dut/slot_state_reg[0][2]_replica","FDCE","u_dut/slot_state_reg_replica","u_dut/lfnst_grid_reg[15][14]","FDCE","u_dut/lfnst_grid_reg","4","0.510000000","1.392000000","1.902000000","0.731861199","SLICE_X80Y21","SLICE_X91Y11","","","SIGNATURE_SKIPPED|FDCE|FDCE","SIGNATURE_SKIPPED|FDCE|FDCE","DUT_INTERNAL","u_dut/slot_state_reg_replica","u_dut/lfnst_grid_reg","0.001000000"
"u_dut/lfnst_grid_reg[15][1]/CE","u_dut/slot_state_reg[0][2]_replica/C","-0.004000000","clk","clk","clk","u_dut/slot_state_reg[0][2]_replica","FDCE","u_dut/slot_state_reg_replica","u_dut/lfnst_grid_reg[15][1]","FDCE","u_dut/lfnst_grid_reg","4","0.510000000","1.382000000","1.892000000","0.730443975","SLICE_X80Y21","SLICE_X89Y13","","","SIGNATURE_SKIPPED|FDCE|FDCE","SIGNATURE_SKIPPED|FDCE|FDCE","DUT_INTERNAL","u_dut/slot_state_reg_replica","u_dut/lfnst_grid_reg","0.004000000"
"u_dut/lfnst_grid_reg[15][2]/CE","u_dut/slot_state_reg[0][2]_replica/C","-0.060000000","clk","clk","clk","u_dut/slot_state_reg[0][2]_replica","FDCE","u_dut/slot_state_reg_replica","u_dut/lfnst_grid_reg[15][2]","FDCE","u_dut/lfnst_grid_reg","4","0.510000000","1.435000000","1.945000000","0.737789203","SLICE_X80Y21","SLICE_X89Y7","","","SIGNATURE_SKIPPED|FDCE|FDCE","SIGNATURE_SKIPPED|FDCE|FDCE","DUT_INTERNAL","u_dut/slot_state_reg_replica","u_dut/lfnst_grid_reg","0.060000000"
"u_dut/lfnst_grid_reg[15][3]/CE","u_dut/slot_state_reg[0][2]_replica/C","-0.001000000","clk","clk","clk","u_dut/slot_state_reg[0][2]_replica","FDCE","u_dut/slot_state_reg_replica","u_dut/lfnst_grid_reg[15][3]","FDCE","u_dut/lfnst_grid_reg","4","0.510000000","1.392000000","1.902000000","0.731861199","SLICE_X80Y21","SLICE_X91Y11","","","SIGNATURE_SKIPPED|FDCE|FDCE","SIGNATURE_SKIPPED|FDCE|FDCE","DUT_INTERNAL","u_dut/slot_state_reg_replica","u_dut/lfnst_grid_reg","0.001000000"
"u_dut/lfnst_grid_reg[15][4]/CE","u_dut/slot_state_reg[0][2]_replica/C","-0.060000000","clk","clk","clk","u_dut/slot_state_reg[0][2]_replica","FDCE","u_dut/slot_state_reg_replica","u_dut/lfnst_grid_reg[15][4]","FDCE","u_dut/lfnst_grid_reg","4","0.510000000","1.434000000","1.944000000","0.737654321","SLICE_X80Y21","SLICE_X89Y9","","","SIGNATURE_SKIPPED|FDCE|FDCE","SIGNATURE_SKIPPED|FDCE|FDCE","DUT_INTERNAL","u_dut/slot_state_reg_replica","u_dut/lfnst_grid_reg","0.060000000"
"u_dut/lfnst_grid_reg[15][6]/CE","u_dut/slot_state_reg[0][2]_replica/C","-0.061000000","clk","clk","clk","u_dut/slot_state_reg[0][2]_replica","FDCE","u_dut/slot_state_reg_replica","u_dut/lfnst_grid_reg[15][6]","FDCE","u_dut/lfnst_grid_reg","4","0.510000000","1.435000000","1.945000000","0.737789203","SLICE_X80Y21","SLICE_X89Y8","","","SIGNATURE_SKIPPED|FDCE|FDCE","SIGNATURE_SKIPPED|FDCE|FDCE","DUT_INTERNAL","u_dut/slot_state_reg_replica","u_dut/lfnst_grid_reg","0.061000000"
"u_dut/lfnst_grid_reg[15][7]/CE","u_dut/slot_state_reg[0][2]_replica/C","-0.061000000","clk","clk","clk","u_dut/slot_state_reg[0][2]_replica","FDCE","u_dut/slot_state_reg_replica","u_dut/lfnst_grid_reg[15][7]","FDCE","u_dut/lfnst_grid_reg","4","0.510000000","1.435000000","1.945000000","0.737789203","SLICE_X80Y21","SLICE_X89Y8","","","SIGNATURE_SKIPPED|FDCE|FDCE","SIGNATURE_SKIPPED|FDCE|FDCE","DUT_INTERNAL","u_dut/slot_state_reg_replica","u_dut/lfnst_grid_reg","0.061000000"
"u_dut/lfnst_grid_reg[15][8]/CE","u_dut/slot_state_reg[0][2]_replica/C","-0.009000000","clk","clk","clk","u_dut/slot_state_reg[0][2]_replica","FDCE","u_dut/slot_state_reg_replica","u_dut/lfnst_grid_reg[15][8]","FDCE","u_dut/lfnst_grid_reg","4","0.510000000","1.388000000","1.898000000","0.731296101","SLICE_X80Y21","SLICE_X89Y10","","","SIGNATURE_SKIPPED|FDCE|FDCE","SIGNATURE_SKIPPED|FDCE|FDCE","DUT_INTERNAL","u_dut/slot_state_reg_replica","u_dut/lfnst_grid_reg","0.009000000"
"u_dut/lfnst_grid_reg[16][10]/CE","u_dut/slot_state_reg[0][2]_replica/C","-0.009000000","clk","clk","clk","u_dut/slot_state_reg[0][2]_replica","FDCE","u_dut/slot_state_reg_replica","u_dut/lfnst_grid_reg[16][10]","FDCE","u_dut/lfnst_grid_reg","4","0.477000000","1.365000000","1.842000000","0.741042345","SLICE_X80Y21","SLICE_X83Y11","","","SIGNATURE_SKIPPED|FDCE|FDCE","SIGNATURE_SKIPPED|FDCE|FDCE","DUT_INTERNAL","u_dut/slot_state_reg_replica","u_dut/lfnst_grid_reg","0.009000000"
"u_dut/lfnst_grid_reg[16][11]/CE","u_dut/slot_state_reg[0][2]_replica/C","-0.001000000","clk","clk","clk","u_dut/slot_state_reg[0][2]_replica","FDCE","u_dut/slot_state_reg_replica","u_dut/lfnst_grid_reg[16][11]","FDCE","u_dut/lfnst_grid_reg","4","0.477000000","1.350000000","1.827000000","0.738916256","SLICE_X80Y21","SLICE_X83Y14","","","SIGNATURE_SKIPPED|FDCE|FDCE","SIGNATURE_SKIPPED|FDCE|FDCE","DUT_INTERNAL","u_dut/slot_state_reg_replica","u_dut/lfnst_grid_reg","0.001000000"
"u_dut/lfnst_grid_reg[16][12]/CE","u_dut/slot_state_reg[0][2]_replica/C","-0.001000000","clk","clk","clk","u_dut/slot_state_reg[0][2]_replica","FDCE","u_dut/slot_state_reg_replica","u_dut/lfnst_grid_reg[16][12]","FDCE","u_dut/lfnst_grid_reg","4","0.477000000","1.350000000","1.827000000","0.738916256","SLICE_X80Y21","SLICE_X83Y14","","","SIGNATURE_SKIPPED|FDCE|FDCE","SIGNATURE_SKIPPED|FDCE|FDCE","DUT_INTERNAL","u_dut/slot_state_reg_replica","u_dut/lfnst_grid_reg","0.001000000"
"u_dut/lfnst_grid_reg[16][14]/CE","u_dut/slot_state_reg[0][2]_replica/C","-0.009000000","clk","clk","clk","u_dut/slot_state_reg[0][2]_replica","FDCE","u_dut/slot_state_reg_replica","u_dut/lfnst_grid_reg[16][14]","FDCE","u_dut/lfnst_grid_reg","4","0.477000000","1.365000000","1.842000000","0.741042345","SLICE_X80Y21","SLICE_X83Y11","","","SIGNATURE_SKIPPED|FDCE|FDCE","SIGNATURE_SKIPPED|FDCE|FDCE","DUT_INTERNAL","u_dut/slot_state_reg_replica","u_dut/lfnst_grid_reg","0.009000000"
"u_dut/lfnst_grid_reg[16][7]/CE","u_dut/slot_state_reg[0][2]_replica/C","-0.001000000","clk","clk","clk","u_dut/slot_state_reg[0][2]_replica","FDCE","u_dut/slot_state_reg_replica","u_dut/lfnst_grid_reg[16][7]","FDCE","u_dut/lfnst_grid_reg","4","0.477000000","1.350000000","1.827000000","0.738916256","SLICE_X80Y21","SLICE_X83Y14","","","SIGNATURE_SKIPPED|FDCE|FDCE","SIGNATURE_SKIPPED|FDCE|FDCE","DUT_INTERNAL","u_dut/slot_state_reg_replica","u_dut/lfnst_grid_reg","0.001000000"
"u_dut/lfnst_grid_reg[16][8]/CE","u_dut/slot_state_reg[0][2]_replica/C","-0.009000000","clk","clk","clk","u_dut/slot_state_reg[0][2]_replica","FDCE","u_dut/slot_state_reg_replica","u_dut/lfnst_grid_reg[16][8]","FDCE","u_dut/lfnst_grid_reg","4","0.477000000","1.365000000","1.842000000","0.741042345","SLICE_X80Y21","SLICE_X83Y11","","","SIGNATURE_SKIPPED|FDCE|FDCE","SIGNATURE_SKIPPED|FDCE|FDCE","DUT_INTERNAL","u_dut/slot_state_reg_replica","u_dut/lfnst_grid_reg","0.009000000"
"u_dut/lfnst_grid_reg[16][9]/CE","u_dut/slot_state_reg[0][2]_replica/C","-0.001000000","clk","clk","clk","u_dut/slot_state_reg[0][2]_replica","FDCE","u_dut/slot_state_reg_replica","u_dut/lfnst_grid_reg[16][9]","FDCE","u_dut/lfnst_grid_reg","4","0.477000000","1.350000000","1.827000000","0.738916256","SLICE_X80Y21","SLICE_X83Y14","","","SIGNATURE_SKIPPED|FDCE|FDCE","SIGNATURE_SKIPPED|FDCE|FDCE","DUT_INTERNAL","u_dut/slot_state_reg_replica","u_dut/lfnst_grid_reg","0.001000000"
"u_dut/lfnst_grid_reg[17][0]/CE","u_dut/slot_state_reg[0][2]_replica/C","-0.002000000","clk","clk","clk","u_dut/slot_state_reg[0][2]_replica","FDCE","u_dut/slot_state_reg_replica","u_dut/lfnst_grid_reg[17][0]","FDCE","u_dut/lfnst_grid_reg","4","0.436000000","1.398000000","1.834000000","0.762268266","SLICE_X80Y21","SLICE_X87Y10","","","SIGNATURE_SKIPPED|FDCE|FDCE","SIGNATURE_SKIPPED|FDCE|FDCE","DUT_INTERNAL","u_dut/slot_state_reg_replica","u_dut/lfnst_grid_reg","0.002000000"
"u_dut/lfnst_grid_reg[17][13]/CE","u_dut/slot_state_reg[0][2]_replica/C","-0.002000000","clk","clk","clk","u_dut/slot_state_reg[0][2]_replica","FDCE","u_dut/slot_state_reg_replica","u_dut/lfnst_grid_reg[17][13]","FDCE","u_dut/lfnst_grid_reg","4","0.436000000","1.398000000","1.834000000","0.762268266","SLICE_X80Y21","SLICE_X87Y10","","","SIGNATURE_SKIPPED|FDCE|FDCE","SIGNATURE_SKIPPED|FDCE|FDCE","DUT_INTERNAL","u_dut/slot_state_reg_replica","u_dut/lfnst_grid_reg","0.002000000"
"u_dut/lfnst_grid_reg[17][2]/CE","u_dut/slot_state_reg[0][2]_replica/C","-0.002000000","clk","clk","clk","u_dut/slot_state_reg[0][2]_replica","FDCE","u_dut/slot_state_reg_replica","u_dut/lfnst_grid_reg[17][2]","FDCE","u_dut/lfnst_grid_reg","4","0.436000000","1.398000000","1.834000000","0.762268266","SLICE_X80Y21","SLICE_X87Y10","","","SIGNATURE_SKIPPED|FDCE|FDCE","SIGNATURE_SKIPPED|FDCE|FDCE","DUT_INTERNAL","u_dut/slot_state_reg_replica","u_dut/lfnst_grid_reg","0.002000000"
"u_dut/lfnst_grid_reg[18][0]/CE","u_dut/slot_state_reg[0][2]_replica/C","-0.048000000","clk","clk","clk","u_dut/slot_state_reg[0][2]_replica","FDCE","u_dut/slot_state_reg_replica","u_dut/lfnst_grid_reg[18][0]","FDCE","u_dut/lfnst_grid_reg","4","0.440000000","1.512000000","1.952000000","0.774590164","SLICE_X80Y21","SLICE_X90Y9","","","SIGNATURE_SKIPPED|FDCE|FDCE","SIGNATURE_SKIPPED|FDCE|FDCE","DUT_INTERNAL","u_dut/slot_state_reg_replica","u_dut/lfnst_grid_reg","0.048000000"
"u_dut/lfnst_grid_reg[18][11]/CE","u_dut/slot_state_reg[0][2]_replica/C","-0.058000000","clk","clk","clk","u_dut/slot_state_reg[0][2]_replica","FDCE","u_dut/slot_state_reg_replica","u_dut/lfnst_grid_reg[18][11]","FDCE","u_dut/lfnst_grid_reg","4","0.440000000","1.521000000","1.961000000","0.775624681","SLICE_X80Y21","SLICE_X90Y11","","","SIGNATURE_SKIPPED|FDCE|FDCE","SIGNATURE_SKIPPED|FDCE|FDCE","DUT_INTERNAL","u_dut/slot_state_reg_replica","u_dut/lfnst_grid_reg","0.058000000"
"u_dut/lfnst_grid_reg[18][14]/CE","u_dut/slot_state_reg[0][2]_replica/C","-0.058000000","clk","clk","clk","u_dut/slot_state_reg[0][2]_replica","FDCE","u_dut/slot_state_reg_replica","u_dut/lfnst_grid_reg[18][14]","FDCE","u_dut/lfnst_grid_reg","4","0.440000000","1.521000000","1.961000000","0.775624681","SLICE_X80Y21","SLICE_X90Y11","","","SIGNATURE_SKIPPED|FDCE|FDCE","SIGNATURE_SKIPPED|FDCE|FDCE","DUT_INTERNAL","u_dut/slot_state_reg_replica","u_dut/lfnst_grid_reg","0.058000000"
"u_dut/lfnst_grid_reg[18][15]/CE","u_dut/slot_state_reg[0][2]_replica/C","-0.058000000","clk","clk","clk","u_dut/slot_state_reg[0][2]_replica","FDCE","u_dut/slot_state_reg_replica","u_dut/lfnst_grid_reg[18][15]","FDCE","u_dut/lfnst_grid_reg","4","0.440000000","1.521000000","1.961000000","0.775624681","SLICE_X80Y21","SLICE_X90Y11","","","SIGNATURE_SKIPPED|FDCE|FDCE","SIGNATURE_SKIPPED|FDCE|FDCE","DUT_INTERNAL","u_dut/slot_state_reg_replica","u_dut/lfnst_grid_reg","0.058000000"
"u_dut/lfnst_grid_reg[18][1]/CE","u_dut/slot_state_reg[0][2]_replica/C","-0.048000000","clk","clk","clk","u_dut/slot_state_reg[0][2]_replica","FDCE","u_dut/slot_state_reg_replica","u_dut/lfnst_grid_reg[18][1]","FDCE","u_dut/lfnst_grid_reg","4","0.440000000","1.512000000","1.952000000","0.774590164","SLICE_X80Y21","SLICE_X90Y9","","","SIGNATURE_SKIPPED|FDCE|FDCE","SIGNATURE_SKIPPED|FDCE|FDCE","DUT_INTERNAL","u_dut/slot_state_reg_replica","u_dut/lfnst_grid_reg","0.048000000"
"u_dut/lfnst_grid_reg[18][3]/CE","u_dut/slot_state_reg[0][2]_replica/C","-0.048000000","clk","clk","clk","u_dut/slot_state_reg[0][2]_replica","FDCE","u_dut/slot_state_reg_replica","u_dut/lfnst_grid_reg[18][3]","FDCE","u_dut/lfnst_grid_reg","4","0.440000000","1.512000000","1.952000000","0.774590164","SLICE_X80Y21","SLICE_X90Y9","","","SIGNATURE_SKIPPED|FDCE|FDCE","SIGNATURE_SKIPPED|FDCE|FDCE","DUT_INTERNAL","u_dut/slot_state_reg_replica","u_dut/lfnst_grid_reg","0.048000000"
"u_dut/lfnst_grid_reg[18][7]/CE","u_dut/slot_state_reg[0][2]_replica/C","-0.048000000","clk","clk","clk","u_dut/slot_state_reg[0][2]_replica","FDCE","u_dut/slot_state_reg_replica","u_dut/lfnst_grid_reg[18][7]","FDCE","u_dut/lfnst_grid_reg","4","0.440000000","1.512000000","1.952000000","0.774590164","SLICE_X80Y21","SLICE_X90Y9","","","SIGNATURE_SKIPPED|FDCE|FDCE","SIGNATURE_SKIPPED|FDCE|FDCE","DUT_INTERNAL","u_dut/slot_state_reg_replica","u_dut/lfnst_grid_reg","0.048000000"
"u_dut/lfnst_grid_reg[18][8]/CE","u_dut/slot_state_reg[0][2]_replica/C","-0.058000000","clk","clk","clk","u_dut/slot_state_reg[0][2]_replica","FDCE","u_dut/slot_state_reg_replica","u_dut/lfnst_grid_reg[18][8]","FDCE","u_dut/lfnst_grid_reg","4","0.440000000","1.521000000","1.961000000","0.775624681","SLICE_X80Y21","SLICE_X90Y11","","","SIGNATURE_SKIPPED|FDCE|FDCE","SIGNATURE_SKIPPED|FDCE|FDCE","DUT_INTERNAL","u_dut/slot_state_reg_replica","u_dut/lfnst_grid_reg","0.058000000"
"u_dut/lfnst_grid_reg[19][0]/CE","u_dut/slot_state_reg[0][2]_replica/C","-0.031000000","clk","clk","clk","u_dut/slot_state_reg[0][2]_replica","FDCE","u_dut/slot_state_reg_replica","u_dut/lfnst_grid_reg[19][0]","FDCE","u_dut/lfnst_grid_reg","4","0.439000000","1.498000000","1.937000000","0.773360867","SLICE_X80Y21","SLICE_X90Y7","","","SIGNATURE_SKIPPED|FDCE|FDCE","SIGNATURE_SKIPPED|FDCE|FDCE","DUT_INTERNAL","u_dut/slot_state_reg_replica","u_dut/lfnst_grid_reg","0.031000000"
"u_dut/lfnst_grid_reg[19][10]/CE","u_dut/slot_state_reg[0][2]_replica/C","-0.045000000","clk","clk","clk","u_dut/slot_state_reg[0][2]_replica","FDCE","u_dut/slot_state_reg_replica","u_dut/lfnst_grid_reg[19][10]","FDCE","u_dut/lfnst_grid_reg","4","0.439000000","1.500000000","1.939000000","0.773594636","SLICE_X80Y21","SLICE_X90Y18","","","SIGNATURE_SKIPPED|FDCE|FDCE","SIGNATURE_SKIPPED|FDCE|FDCE","DUT_INTERNAL","u_dut/slot_state_reg_replica","u_dut/lfnst_grid_reg","0.045000000"
"u_dut/lfnst_grid_reg[19][15]/CE","u_dut/slot_state_reg[0][2]_replica/C","-0.045000000","clk","clk","clk","u_dut/slot_state_reg[0][2]_replica","FDCE","u_dut/slot_state_reg_replica","u_dut/lfnst_grid_reg[19][15]","FDCE","u_dut/lfnst_grid_reg","4","0.439000000","1.500000000","1.939000000","0.773594636","SLICE_X80Y21","SLICE_X90Y18","","","SIGNATURE_SKIPPED|FDCE|FDCE","SIGNATURE_SKIPPED|FDCE|FDCE","DUT_INTERNAL","u_dut/slot_state_reg_replica","u_dut/lfnst_grid_reg","0.045000000"
"u_dut/lfnst_grid_reg[19][1]/CE","u_dut/slot_state_reg[0][2]_replica/C","-0.045000000","clk","clk","clk","u_dut/slot_state_reg[0][2]_replica","FDCE","u_dut/slot_state_reg_replica","u_dut/lfnst_grid_reg[19][1]","FDCE","u_dut/lfnst_grid_reg","4","0.439000000","1.500000000","1.939000000","0.773594636","SLICE_X80Y21","SLICE_X90Y18","","","SIGNATURE_SKIPPED|FDCE|FDCE","SIGNATURE_SKIPPED|FDCE|FDCE","DUT_INTERNAL","u_dut/slot_state_reg_replica","u_dut/lfnst_grid_reg","0.045000000"
"u_dut/lfnst_grid_reg[19][2]/CE","u_dut/slot_state_reg[0][2]_replica/C","-0.031000000","clk","clk","clk","u_dut/slot_state_reg[0][2]_replica","FDCE","u_dut/slot_state_reg_replica","u_dut/lfnst_grid_reg[19][2]","FDCE","u_dut/lfnst_grid_reg","4","0.439000000","1.498000000","1.937000000","0.773360867","SLICE_X80Y21","SLICE_X90Y7","","","SIGNATURE_SKIPPED|FDCE|FDCE","SIGNATURE_SKIPPED|FDCE|FDCE","DUT_INTERNAL","u_dut/slot_state_reg_replica","u_dut/lfnst_grid_reg","0.031000000"
"u_dut/lfnst_grid_reg[19][6]/CE","u_dut/slot_state_reg[0][2]_replica/C","-0.005000000","clk","clk","clk","u_dut/slot_state_reg[0][2]_replica","FDCE","u_dut/slot_state_reg_replica","u_dut/lfnst_grid_reg[19][6]","FDCE","u_dut/lfnst_grid_reg","4","0.439000000","1.466000000","1.905000000","0.769553806","SLICE_X80Y21","SLICE_X90Y10","","","SIGNATURE_SKIPPED|FDCE|FDCE","SIGNATURE_SKIPPED|FDCE|FDCE","DUT_INTERNAL","u_dut/slot_state_reg_replica","u_dut/lfnst_grid_reg","0.005000000"
"u_dut/lfnst_grid_reg[19][7]/CE","u_dut/slot_state_reg[0][2]_replica/C","-0.005000000","clk","clk","clk","u_dut/slot_state_reg[0][2]_replica","FDCE","u_dut/slot_state_reg_replica","u_dut/lfnst_grid_reg[19][7]","FDCE","u_dut/lfnst_grid_reg","4","0.439000000","1.466000000","1.905000000","0.769553806","SLICE_X80Y21","SLICE_X90Y10","","","SIGNATURE_SKIPPED|FDCE|FDCE","SIGNATURE_SKIPPED|FDCE|FDCE","DUT_INTERNAL","u_dut/slot_state_reg_replica","u_dut/lfnst_grid_reg","0.005000000"
"u_dut/lfnst_grid_reg[20][10]/CE","u_dut/slot_state_reg[0][2]_replica/C","-0.015000000","clk","clk","clk","u_dut/slot_state_reg[0][2]_replica","FDCE","u_dut/slot_state_reg_replica","u_dut/lfnst_grid_reg[20][10]","FDCE","u_dut/lfnst_grid_reg","4","0.438000000","1.410000000","1.848000000","0.762987013","SLICE_X80Y21","SLICE_X85Y10","","","SIGNATURE_SKIPPED|FDCE|FDCE","SIGNATURE_SKIPPED|FDCE|FDCE","DUT_INTERNAL","u_dut/slot_state_reg_replica","u_dut/lfnst_grid_reg","0.015000000"
"u_dut/lfnst_grid_reg[20][12]/CE","u_dut/slot_state_reg[0][2]_replica/C","-0.010000000","clk","clk","clk","u_dut/slot_state_reg[0][2]_replica","FDCE","u_dut/slot_state_reg_replica","u_dut/lfnst_grid_reg[20][12]","FDCE","u_dut/lfnst_grid_reg","4","0.438000000","1.412000000","1.850000000","0.763243243","SLICE_X80Y21","SLICE_X83Y5","","","SIGNATURE_SKIPPED|FDCE|FDCE","SIGNATURE_SKIPPED|FDCE|FDCE","DUT_INTERNAL","u_dut/slot_state_reg_replica","u_dut/lfnst_grid_reg","0.010000000"
"u_dut/lfnst_grid_reg[20][15]/CE","u_dut/slot_state_reg[0][2]_replica/C","-0.010000000","clk","clk","clk","u_dut/slot_state_reg[0][2]_replica","FDCE","u_dut/slot_state_reg_replica","u_dut/lfnst_grid_reg[20][15]","FDCE","u_dut/lfnst_grid_reg","4","0.438000000","1.412000000","1.850000000","0.763243243","SLICE_X80Y21","SLICE_X83Y5","","","SIGNATURE_SKIPPED|FDCE|FDCE","SIGNATURE_SKIPPED|FDCE|FDCE","DUT_INTERNAL","u_dut/slot_state_reg_replica","u_dut/lfnst_grid_reg","0.010000000"
"u_dut/lfnst_grid_reg[20][2]/CE","u_dut/slot_state_reg[0][2]_replica/C","-0.045000000","clk","clk","clk","u_dut/slot_state_reg[0][2]_replica","FDCE","u_dut/slot_state_reg_replica","u_dut/lfnst_grid_reg[20][2]","FDCE","u_dut/lfnst_grid_reg","4","0.438000000","1.449000000","1.887000000","0.767885533","SLICE_X80Y21","SLICE_X82Y3","","","SIGNATURE_SKIPPED|FDCE|FDCE","SIGNATURE_SKIPPED|FDCE|FDCE","DUT_INTERNAL","u_dut/slot_state_reg_replica","u_dut/lfnst_grid_reg","0.045000000"
"u_dut/lfnst_grid_reg[20][4]/CE","u_dut/slot_state_reg[0][2]_replica/C","-0.045000000","clk","clk","clk","u_dut/slot_state_reg[0][2]_replica","FDCE","u_dut/slot_state_reg_replica","u_dut/lfnst_grid_reg[20][4]","FDCE","u_dut/lfnst_grid_reg","4","0.438000000","1.449000000","1.887000000","0.767885533","SLICE_X80Y21","SLICE_X82Y3","","","SIGNATURE_SKIPPED|FDCE|FDCE","SIGNATURE_SKIPPED|FDCE|FDCE","DUT_INTERNAL","u_dut/slot_state_reg_replica","u_dut/lfnst_grid_reg","0.045000000"
"u_dut/lfnst_grid_reg[20][5]/CE","u_dut/slot_state_reg[0][2]_replica/C","-0.010000000","clk","clk","clk","u_dut/slot_state_reg[0][2]_replica","FDCE","u_dut/slot_state_reg_replica","u_dut/lfnst_grid_reg[20][5]","FDCE","u_dut/lfnst_grid_reg","4","0.438000000","1.412000000","1.850000000","0.763243243","SLICE_X80Y21","SLICE_X83Y5","","","SIGNATURE_SKIPPED|FDCE|FDCE","SIGNATURE_SKIPPED|FDCE|FDCE","DUT_INTERNAL","u_dut/slot_state_reg_replica","u_dut/lfnst_grid_reg","0.010000000"
"u_dut/lfnst_grid_reg[20][6]/CE","u_dut/slot_state_reg[0][2]_replica/C","-0.004000000","clk","clk","clk","u_dut/slot_state_reg[0][2]_replica","FDCE","u_dut/slot_state_reg_replica","u_dut/lfnst_grid_reg[20][6]","FDCE","u_dut/lfnst_grid_reg","4","0.438000000","1.413000000","1.851000000","0.763371151","SLICE_X80Y21","SLICE_X82Y6","","","SIGNATURE_SKIPPED|FDCE|FDCE","SIGNATURE_SKIPPED|FDCE|FDCE","DUT_INTERNAL","u_dut/slot_state_reg_replica","u_dut/lfnst_grid_reg","0.004000000"
"u_dut/lfnst_grid_reg[20][8]/CE","u_dut/slot_state_reg[0][2]_replica/C","-0.015000000","clk","clk","clk","u_dut/slot_state_reg[0][2]_replica","FDCE","u_dut/slot_state_reg_replica","u_dut/lfnst_grid_reg[20][8]","FDCE","u_dut/lfnst_grid_reg","4","0.438000000","1.410000000","1.848000000","0.762987013","SLICE_X80Y21","SLICE_X85Y10","","","SIGNATURE_SKIPPED|FDCE|FDCE","SIGNATURE_SKIPPED|FDCE|FDCE","DUT_INTERNAL","u_dut/slot_state_reg_replica","u_dut/lfnst_grid_reg","0.015000000"
"u_dut/lfnst_grid_reg[22][0]/CE","u_dut/slot_state_reg[0][2]_replica/C","-0.015000000","clk","clk","clk","u_dut/slot_state_reg[0][2]_replica","FDCE","u_dut/slot_state_reg_replica","u_dut/lfnst_grid_reg[22][0]","FDCE","u_dut/lfnst_grid_reg","4","0.440000000","1.407000000","1.847000000","0.761775853","SLICE_X80Y21","SLICE_X83Y8","","","SIGNATURE_SKIPPED|FDCE|FDCE","SIGNATURE_SKIPPED|FDCE|FDCE","DUT_INTERNAL","u_dut/slot_state_reg_replica","u_dut/lfnst_grid_reg","0.015000000"
"u_dut/lfnst_grid_reg[22][11]/CE","u_dut/slot_state_reg[0][2]_replica/C","-0.028000000","clk","clk","clk","u_dut/slot_state_reg[0][2]_replica","FDCE","u_dut/slot_state_reg_replica","u_dut/lfnst_grid_reg[22][11]","FDCE","u_dut/lfnst_grid_reg","4","0.440000000","1.421000000","1.861000000","0.763567974","SLICE_X80Y21","SLICE_X84Y17","","","SIGNATURE_SKIPPED|FDCE|FDCE","SIGNATURE_SKIPPED|FDCE|FDCE","DUT_INTERNAL","u_dut/slot_state_reg_replica","u_dut/lfnst_grid_reg","0.028000000"
"u_dut/lfnst_grid_reg[22][3]/CE","u_dut/slot_state_reg[0][2]_replica/C","-0.015000000","clk","clk","clk","u_dut/slot_state_reg[0][2]_replica","FDCE","u_dut/slot_state_reg_replica","u_dut/lfnst_grid_reg[22][3]","FDCE","u_dut/lfnst_grid_reg","4","0.440000000","1.407000000","1.847000000","0.761775853","SLICE_X80Y21","SLICE_X83Y8","","","SIGNATURE_SKIPPED|FDCE|FDCE","SIGNATURE_SKIPPED|FDCE|FDCE","DUT_INTERNAL","u_dut/slot_state_reg_replica","u_dut/lfnst_grid_reg","0.015000000"
"u_dut/lfnst_grid_reg[22][7]/CE","u_dut/slot_state_reg[0][2]_replica/C","-0.015000000","clk","clk","clk","u_dut/slot_state_reg[0][2]_replica","FDCE","u_dut/slot_state_reg_replica","u_dut/lfnst_grid_reg[22][7]","FDCE","u_dut/lfnst_grid_reg","4","0.440000000","1.407000000","1.847000000","0.761775853","SLICE_X80Y21","SLICE_X83Y8","","","SIGNATURE_SKIPPED|FDCE|FDCE","SIGNATURE_SKIPPED|FDCE|FDCE","DUT_INTERNAL","u_dut/slot_state_reg_replica","u_dut/lfnst_grid_reg","0.015000000"
"u_dut/lfnst_grid_reg[24][0]/CE","u_dut/slot_state_reg[0][2]_replica/C","-0.001000000","clk","clk","clk","u_dut/slot_state_reg[0][2]_replica","FDCE","u_dut/slot_state_reg_replica","u_dut/lfnst_grid_reg[24][0]","FDCE","u_dut/lfnst_grid_reg","4","0.457000000","1.373000000","1.830000000","0.750273224","SLICE_X80Y21","SLICE_X83Y12","","","SIGNATURE_SKIPPED|FDCE|FDCE","SIGNATURE_SKIPPED|FDCE|FDCE","DUT_INTERNAL","u_dut/slot_state_reg_replica","u_dut/lfnst_grid_reg","0.001000000"
"u_dut/lfnst_grid_reg[24][10]/CE","u_dut/slot_state_reg[0][2]_replica/C","-0.093000000","clk","clk","clk","u_dut/slot_state_reg[0][2]_replica","FDCE","u_dut/slot_state_reg_replica","u_dut/lfnst_grid_reg[24][10]","FDCE","u_dut/lfnst_grid_reg","4","0.457000000","1.468000000","1.925000000","0.762597403","SLICE_X80Y21","SLICE_X85Y11","","","SIGNATURE_SKIPPED|FDCE|FDCE","SIGNATURE_SKIPPED|FDCE|FDCE","DUT_INTERNAL","u_dut/slot_state_reg_replica","u_dut/lfnst_grid_reg","0.093000000"
"u_dut/lfnst_grid_reg[24][12]/CE","u_dut/slot_state_reg[0][2]_replica/C","-0.001000000","clk","clk","clk","u_dut/slot_state_reg[0][2]_replica","FDCE","u_dut/slot_state_reg_replica","u_dut/lfnst_grid_reg[24][12]","FDCE","u_dut/lfnst_grid_reg","4","0.457000000","1.373000000","1.830000000","0.750273224","SLICE_X80Y21","SLICE_X83Y12","","","SIGNATURE_SKIPPED|FDCE|FDCE","SIGNATURE_SKIPPED|FDCE|FDCE","DUT_INTERNAL","u_dut/slot_state_reg_replica","u_dut/lfnst_grid_reg","0.001000000"
"u_dut/lfnst_grid_reg[24][13]/CE","u_dut/slot_state_reg[0][2]_replica/C","-0.086000000","clk","clk","clk","u_dut/slot_state_reg[0][2]_replica","FDCE","u_dut/slot_state_reg_replica","u_dut/lfnst_grid_reg[24][13]","FDCE","u_dut/lfnst_grid_reg","4","0.457000000","1.462000000","1.919000000","0.761855133","SLICE_X80Y21","SLICE_X85Y9","","","SIGNATURE_SKIPPED|FDCE|FDCE","SIGNATURE_SKIPPED|FDCE|FDCE","DUT_INTERNAL","u_dut/slot_state_reg_replica","u_dut/lfnst_grid_reg","0.086000000"
"u_dut/lfnst_grid_reg[24][14]/CE","u_dut/slot_state_reg[0][2]_replica/C","-0.093000000","clk","clk","clk","u_dut/slot_state_reg[0][2]_replica","FDCE","u_dut/slot_state_reg_replica","u_dut/lfnst_grid_reg[24][14]","FDCE","u_dut/lfnst_grid_reg","4","0.457000000","1.468000000","1.925000000","0.762597403","SLICE_X80Y21","SLICE_X85Y11","","","SIGNATURE_SKIPPED|FDCE|FDCE","SIGNATURE_SKIPPED|FDCE|FDCE","DUT_INTERNAL","u_dut/slot_state_reg_replica","u_dut/lfnst_grid_reg","0.093000000"
"u_dut/lfnst_grid_reg[24][15]/CE","u_dut/slot_state_reg[0][2]_replica/C","-0.001000000","clk","clk","clk","u_dut/slot_state_reg[0][2]_replica","FDCE","u_dut/slot_state_reg_replica","u_dut/lfnst_grid_reg[24][15]","FDCE","u_dut/lfnst_grid_reg","4","0.457000000","1.373000000","1.830000000","0.750273224","SLICE_X80Y21","SLICE_X83Y12","","","SIGNATURE_SKIPPED|FDCE|FDCE","SIGNATURE_SKIPPED|FDCE|FDCE","DUT_INTERNAL","u_dut/slot_state_reg_replica","u_dut/lfnst_grid_reg","0.001000000"
"u_dut/lfnst_grid_reg[24][1]/CE","u_dut/slot_state_reg[0][2]_replica/C","-0.046000000","clk","clk","clk","u_dut/slot_state_reg[0][2]_replica","FDCE","u_dut/slot_state_reg_replica","u_dut/lfnst_grid_reg[24][1]","FDCE","u_dut/lfnst_grid_reg","4","0.457000000","1.426000000","1.883000000","0.757302177","SLICE_X80Y21","SLICE_X84Y12","","","SIGNATURE_SKIPPED|FDCE|FDCE","SIGNATURE_SKIPPED|FDCE|FDCE","DUT_INTERNAL","u_dut/slot_state_reg_replica","u_dut/lfnst_grid_reg","0.046000000"
"u_dut/lfnst_grid_reg[24][2]/CE","u_dut/output_active_reg_replica/C","-0.063000000","clk","clk","clk","u_dut/output_active_reg_replica","FDCE","u_dut/output_active_reg_replica","u_dut/lfnst_grid_reg[24][2]","FDCE","u_dut/lfnst_grid_reg","4","0.508000000","1.340000000","1.848000000","0.725108225","SLICE_X78Y21","SLICE_X80Y4","","","SIGNATURE_SKIPPED|FDCE|FDCE","SIGNATURE_SKIPPED|FDCE|FDCE","DUT_INTERNAL","u_dut/output_active_reg_replica","u_dut/lfnst_grid_reg","0.063000000"
"u_dut/lfnst_grid_reg[24][4]/CE","u_dut/output_active_reg_replica/C","-0.063000000","clk","clk","clk","u_dut/output_active_reg_replica","FDCE","u_dut/output_active_reg_replica","u_dut/lfnst_grid_reg[24][4]","FDCE","u_dut/lfnst_grid_reg","4","0.508000000","1.340000000","1.848000000","0.725108225","SLICE_X78Y21","SLICE_X80Y4","","","SIGNATURE_SKIPPED|FDCE|FDCE","SIGNATURE_SKIPPED|FDCE|FDCE","DUT_INTERNAL","u_dut/output_active_reg_replica","u_dut/lfnst_grid_reg","0.063000000"
"u_dut/lfnst_grid_reg[24][7]/CE","u_dut/slot_state_reg[0][2]_replica/C","-0.046000000","clk","clk","clk","u_dut/slot_state_reg[0][2]_replica","FDCE","u_dut/slot_state_reg_replica","u_dut/lfnst_grid_reg[24][7]","FDCE","u_dut/lfnst_grid_reg","4","0.457000000","1.426000000","1.883000000","0.757302177","SLICE_X80Y21","SLICE_X84Y12","","","SIGNATURE_SKIPPED|FDCE|FDCE","SIGNATURE_SKIPPED|FDCE|FDCE","DUT_INTERNAL","u_dut/slot_state_reg_replica","u_dut/lfnst_grid_reg","0.046000000"
"u_dut/lfnst_grid_reg[27][11]/CE","u_dut/u_bounded_lfnst_engine/out_valid_reg/C","-0.013000000","clk","clk","clk","u_dut/u_bounded_lfnst_engine/out_valid_reg","FDCE","u_dut/u_bounded_lfnst_engine/out_valid_reg","u_dut/lfnst_grid_reg[27][11]","FDCE","u_dut/lfnst_grid_reg","3","0.316000000","1.515000000","1.831000000","0.827416712","SLICE_X81Y7","SLICE_X87Y8","","","SIGNATURE_SKIPPED|FDCE|FDCE","SIGNATURE_SKIPPED|FDCE|FDCE","DUT_INTERNAL","u_dut/u_bounded_lfnst_engine/out_valid_reg","u_dut/lfnst_grid_reg","0.013000000"
"u_dut/lfnst_grid_reg[27][13]/CE","u_dut/u_bounded_lfnst_engine/out_valid_reg/C","-0.013000000","clk","clk","clk","u_dut/u_bounded_lfnst_engine/out_valid_reg","FDCE","u_dut/u_bounded_lfnst_engine/out_valid_reg","u_dut/lfnst_grid_reg[27][13]","FDCE","u_dut/lfnst_grid_reg","3","0.316000000","1.515000000","1.831000000","0.827416712","SLICE_X81Y7","SLICE_X87Y8","","","SIGNATURE_SKIPPED|FDCE|FDCE","SIGNATURE_SKIPPED|FDCE|FDCE","DUT_INTERNAL","u_dut/u_bounded_lfnst_engine/out_valid_reg","u_dut/lfnst_grid_reg","0.013000000"
"u_dut/lfnst_grid_reg[27][14]/CE","u_dut/u_bounded_lfnst_engine/out_valid_reg/C","-0.013000000","clk","clk","clk","u_dut/u_bounded_lfnst_engine/out_valid_reg","FDCE","u_dut/u_bounded_lfnst_engine/out_valid_reg","u_dut/lfnst_grid_reg[27][14]","FDCE","u_dut/lfnst_grid_reg","3","0.316000000","1.515000000","1.831000000","0.827416712","SLICE_X81Y7","SLICE_X87Y8","","","SIGNATURE_SKIPPED|FDCE|FDCE","SIGNATURE_SKIPPED|FDCE|FDCE","DUT_INTERNAL","u_dut/u_bounded_lfnst_engine/out_valid_reg","u_dut/lfnst_grid_reg","0.013000000"
"u_dut/lfnst_grid_reg[27][7]/CE","u_dut/u_bounded_lfnst_engine/out_valid_reg/C","-0.013000000","clk","clk","clk","u_dut/u_bounded_lfnst_engine/out_valid_reg","FDCE","u_dut/u_bounded_lfnst_engine/out_valid_reg","u_dut/lfnst_grid_reg[27][7]","FDCE","u_dut/lfnst_grid_reg","3","0.316000000","1.515000000","1.831000000","0.827416712","SLICE_X81Y7","SLICE_X87Y8","","","SIGNATURE_SKIPPED|FDCE|FDCE","SIGNATURE_SKIPPED|FDCE|FDCE","DUT_INTERNAL","u_dut/u_bounded_lfnst_engine/out_valid_reg","u_dut/lfnst_grid_reg","0.013000000"
"u_dut/lfnst_grid_reg[28][0]/CE","u_dut/slot_state_reg[0][2]_replica/C","-0.008000000","clk","clk","clk","u_dut/slot_state_reg[0][2]_replica","FDCE","u_dut/slot_state_reg_replica","u_dut/lfnst_grid_reg[28][0]","FDCE","u_dut/lfnst_grid_reg","4","0.422000000","1.425000000","1.847000000","0.771521386","SLICE_X80Y21","SLICE_X84Y5","","","SIGNATURE_SKIPPED|FDCE|FDCE","SIGNATURE_SKIPPED|FDCE|FDCE","DUT_INTERNAL","u_dut/slot_state_reg_replica","u_dut/lfnst_grid_reg","0.008000000"
"u_dut/lfnst_grid_reg[28][10]/CE","u_dut/slot_state_reg[0][2]_replica/C","-0.008000000","clk","clk","clk","u_dut/slot_state_reg[0][2]_replica","FDCE","u_dut/slot_state_reg_replica","u_dut/lfnst_grid_reg[28][10]","FDCE","u_dut/lfnst_grid_reg","4","0.422000000","1.425000000","1.847000000","0.771521386","SLICE_X80Y21","SLICE_X84Y5","","","SIGNATURE_SKIPPED|FDCE|FDCE","SIGNATURE_SKIPPED|FDCE|FDCE","DUT_INTERNAL","u_dut/slot_state_reg_replica","u_dut/lfnst_grid_reg","0.008000000"
"u_dut/lfnst_grid_reg[28][13]/CE","u_dut/slot_state_reg[0][2]_replica/C","-0.058000000","clk","clk","clk","u_dut/slot_state_reg[0][2]_replica","FDCE","u_dut/slot_state_reg_replica","u_dut/lfnst_grid_reg[28][13]","FDCE","u_dut/lfnst_grid_reg","4","0.422000000","1.479000000","1.901000000","0.778011573","SLICE_X80Y21","SLICE_X84Y7","","","SIGNATURE_SKIPPED|FDCE|FDCE","SIGNATURE_SKIPPED|FDCE|FDCE","DUT_INTERNAL","u_dut/slot_state_reg_replica","u_dut/lfnst_grid_reg","0.058000000"
"u_dut/lfnst_grid_reg[28][15]/CE","u_dut/slot_state_reg[0][2]_replica/C","-0.058000000","clk","clk","clk","u_dut/slot_state_reg[0][2]_replica","FDCE","u_dut/slot_state_reg_replica","u_dut/lfnst_grid_reg[28][15]","FDCE","u_dut/lfnst_grid_reg","4","0.422000000","1.479000000","1.901000000","0.778011573","SLICE_X80Y21","SLICE_X84Y7","","","SIGNATURE_SKIPPED|FDCE|FDCE","SIGNATURE_SKIPPED|FDCE|FDCE","DUT_INTERNAL","u_dut/slot_state_reg_replica","u_dut/lfnst_grid_reg","0.058000000"
"u_dut/lfnst_grid_reg[28][1]/CE","u_dut/slot_state_reg[0][2]_replica/C","-0.058000000","clk","clk","clk","u_dut/slot_state_reg[0][2]_replica","FDCE","u_dut/slot_state_reg_replica","u_dut/lfnst_grid_reg[28][1]","FDCE","u_dut/lfnst_grid_reg","4","0.422000000","1.479000000","1.901000000","0.778011573","SLICE_X80Y21","SLICE_X84Y7","","","SIGNATURE_SKIPPED|FDCE|FDCE","SIGNATURE_SKIPPED|FDCE|FDCE","DUT_INTERNAL","u_dut/slot_state_reg_replica","u_dut/lfnst_grid_reg","0.058000000"
"u_dut/lfnst_grid_reg[28][5]/CE","u_dut/slot_state_reg[0][2]_replica/C","-0.008000000","clk","clk","clk","u_dut/slot_state_reg[0][2]_replica","FDCE","u_dut/slot_state_reg_replica","u_dut/lfnst_grid_reg[28][5]","FDCE","u_dut/lfnst_grid_reg","4","0.422000000","1.425000000","1.847000000","0.771521386","SLICE_X80Y21","SLICE_X84Y5","","","SIGNATURE_SKIPPED|FDCE|FDCE","SIGNATURE_SKIPPED|FDCE|FDCE","DUT_INTERNAL","u_dut/slot_state_reg_replica","u_dut/lfnst_grid_reg","0.008000000"
"u_dut/lfnst_grid_reg[29][0]/CE","u_dut/slot_state_reg[0][2]_replica/C","-0.063000000","clk","clk","clk","u_dut/slot_state_reg[0][2]_replica","FDCE","u_dut/slot_state_reg_replica","u_dut/lfnst_grid_reg[29][0]","FDCE","u_dut/lfnst_grid_reg","4","0.424000000","1.542000000","1.966000000","0.784333672","SLICE_X80Y21","SLICE_X91Y11","","","SIGNATURE_SKIPPED|FDCE|FDCE","SIGNATURE_SKIPPED|FDCE|FDCE","DUT_INTERNAL","u_dut/slot_state_reg_replica","u_dut/lfnst_grid_reg","0.063000000"
"u_dut/lfnst_grid_reg[29][10]/CE","u_dut/slot_state_reg[0][2]_replica/C","-0.051000000","clk","clk","clk","u_dut/slot_state_reg[0][2]_replica","FDCE","u_dut/slot_state_reg_replica","u_dut/lfnst_grid_reg[29][10]","FDCE","u_dut/lfnst_grid_reg","4","0.424000000","1.458000000","1.882000000","0.774707758","SLICE_X80Y21","SLICE_X88Y15","","","SIGNATURE_SKIPPED|FDCE|FDCE","SIGNATURE_SKIPPED|FDCE|FDCE","DUT_INTERNAL","u_dut/slot_state_reg_replica","u_dut/lfnst_grid_reg","0.051000000"
"u_dut/lfnst_grid_reg[29][14]/CE","u_dut/slot_state_reg[0][2]_replica/C","-0.004000000","clk","clk","clk","u_dut/slot_state_reg[0][2]_replica","FDCE","u_dut/slot_state_reg_replica","u_dut/lfnst_grid_reg[29][14]","FDCE","u_dut/lfnst_grid_reg","4","0.424000000","1.479000000","1.903000000","0.777193904","SLICE_X80Y21","SLICE_X92Y14","","","SIGNATURE_SKIPPED|FDCE|FDCE","SIGNATURE_SKIPPED|FDCE|FDCE","DUT_INTERNAL","u_dut/slot_state_reg_replica","u_dut/lfnst_grid_reg","0.004000000"
"u_dut/lfnst_grid_reg[29][15]/CE","u_dut/slot_state_reg[0][2]_replica/C","-0.051000000","clk","clk","clk","u_dut/slot_state_reg[0][2]_replica","FDCE","u_dut/slot_state_reg_replica","u_dut/lfnst_grid_reg[29][15]","FDCE","u_dut/lfnst_grid_reg","4","0.424000000","1.458000000","1.882000000","0.774707758","SLICE_X80Y21","SLICE_X88Y15","","","SIGNATURE_SKIPPED|FDCE|FDCE","SIGNATURE_SKIPPED|FDCE|FDCE","DUT_INTERNAL","u_dut/slot_state_reg_replica","u_dut/lfnst_grid_reg","0.051000000"
"u_dut/lfnst_grid_reg[29][3]/CE","u_dut/slot_state_reg[0][2]_replica/C","-0.017000000","clk","clk","clk","u_dut/slot_state_reg[0][2]_replica","FDCE","u_dut/slot_state_reg_replica","u_dut/lfnst_grid_reg[29][3]","FDCE","u_dut/lfnst_grid_reg","4","0.424000000","1.493000000","1.917000000","0.778821075","SLICE_X80Y21","SLICE_X92Y12","","","SIGNATURE_SKIPPED|FDCE|FDCE","SIGNATURE_SKIPPED|FDCE|FDCE","DUT_INTERNAL","u_dut/slot_state_reg_replica","u_dut/lfnst_grid_reg","0.017000000"
"u_dut/lfnst_grid_reg[29][4]/CE","u_dut/slot_state_reg[0][2]_replica/C","-0.004000000","clk","clk","clk","u_dut/slot_state_reg[0][2]_replica","FDCE","u_dut/slot_state_reg_replica","u_dut/lfnst_grid_reg[29][4]","FDCE","u_dut/lfnst_grid_reg","4","0.424000000","1.479000000","1.903000000","0.777193904","SLICE_X80Y21","SLICE_X92Y14","","","SIGNATURE_SKIPPED|FDCE|FDCE","SIGNATURE_SKIPPED|FDCE|FDCE","DUT_INTERNAL","u_dut/slot_state_reg_replica","u_dut/lfnst_grid_reg","0.004000000"
"u_dut/lfnst_grid_reg[29][6]/CE","u_dut/slot_state_reg[0][2]_replica/C","-0.017000000","clk","clk","clk","u_dut/slot_state_reg[0][2]_replica","FDCE","u_dut/slot_state_reg_replica","u_dut/lfnst_grid_reg[29][6]","FDCE","u_dut/lfnst_grid_reg","4","0.424000000","1.493000000","1.917000000","0.778821075","SLICE_X80Y21","SLICE_X92Y12","","","SIGNATURE_SKIPPED|FDCE|FDCE","SIGNATURE_SKIPPED|FDCE|FDCE","DUT_INTERNAL","u_dut/slot_state_reg_replica","u_dut/lfnst_grid_reg","0.017000000"
"u_dut/lfnst_grid_reg[29][7]/CE","u_dut/slot_state_reg[0][2]_replica/C","-0.055000000","clk","clk","clk","u_dut/slot_state_reg[0][2]_replica","FDCE","u_dut/slot_state_reg_replica","u_dut/lfnst_grid_reg[29][7]","FDCE","u_dut/lfnst_grid_reg","4","0.424000000","1.529000000","1.953000000","0.782898105","SLICE_X80Y21","SLICE_X92Y15","","","SIGNATURE_SKIPPED|FDCE|FDCE","SIGNATURE_SKIPPED|FDCE|FDCE","DUT_INTERNAL","u_dut/slot_state_reg_replica","u_dut/lfnst_grid_reg","0.055000000"
"u_dut/lfnst_grid_reg[2][0]/CE","u_dut/slot_state_reg[0][2]_replica/C","-0.087000000","clk","clk","clk","u_dut/slot_state_reg[0][2]_replica","FDCE","u_dut/slot_state_reg_replica","u_dut/lfnst_grid_reg[2][0]","FDCE","u_dut/lfnst_grid_reg","4","0.437000000","1.487000000","1.924000000","0.772869023","SLICE_X80Y21","SLICE_X88Y5","","","SIGNATURE_SKIPPED|FDCE|FDCE","SIGNATURE_SKIPPED|FDCE|FDCE","DUT_INTERNAL","u_dut/slot_state_reg_replica","u_dut/lfnst_grid_reg","0.087000000"
"u_dut/lfnst_grid_reg[2][10]/CE","u_dut/slot_state_reg[0][2]_replica/C","-0.032000000","clk","clk","clk","u_dut/slot_state_reg[0][2]_replica","FDCE","u_dut/slot_state_reg_replica","u_dut/lfnst_grid_reg[2][10]","FDCE","u_dut/lfnst_grid_reg","4","0.437000000","1.433000000","1.870000000","0.766310160","SLICE_X80Y21","SLICE_X84Y6","","","SIGNATURE_SKIPPED|FDCE|FDCE","SIGNATURE_SKIPPED|FDCE|FDCE","DUT_INTERNAL","u_dut/slot_state_reg_replica","u_dut/lfnst_grid_reg","0.032000000"
"u_dut/lfnst_grid_reg[2][11]/CE","u_dut/slot_state_reg[0][2]_replica/C","-0.032000000","clk","clk","clk","u_dut/slot_state_reg[0][2]_replica","FDCE","u_dut/slot_state_reg_replica","u_dut/lfnst_grid_reg[2][11]","FDCE","u_dut/lfnst_grid_reg","4","0.437000000","1.433000000","1.870000000","0.766310160","SLICE_X80Y21","SLICE_X84Y6","","","SIGNATURE_SKIPPED|FDCE|FDCE","SIGNATURE_SKIPPED|FDCE|FDCE","DUT_INTERNAL","u_dut/slot_state_reg_replica","u_dut/lfnst_grid_reg","0.032000000"
"u_dut/lfnst_grid_reg[2][14]/CE","u_dut/slot_state_reg[0][2]_replica/C","-0.032000000","clk","clk","clk","u_dut/slot_state_reg[0][2]_replica","FDCE","u_dut/slot_state_reg_replica","u_dut/lfnst_grid_reg[2][14]","FDCE","u_dut/lfnst_grid_reg","4","0.437000000","1.433000000","1.870000000","0.766310160","SLICE_X80Y21","SLICE_X85Y6","","","SIGNATURE_SKIPPED|FDCE|FDCE","SIGNATURE_SKIPPED|FDCE|FDCE","DUT_INTERNAL","u_dut/slot_state_reg_replica","u_dut/lfnst_grid_reg","0.032000000"
"u_dut/lfnst_grid_reg[2][15]/CE","u_dut/slot_state_reg[0][2]_replica/C","-0.032000000","clk","clk","clk","u_dut/slot_state_reg[0][2]_replica","FDCE","u_dut/slot_state_reg_replica","u_dut/lfnst_grid_reg[2][15]","FDCE","u_dut/lfnst_grid_reg","4","0.437000000","1.433000000","1.870000000","0.766310160","SLICE_X80Y21","SLICE_X84Y6","","","SIGNATURE_SKIPPED|FDCE|FDCE","SIGNATURE_SKIPPED|FDCE|FDCE","DUT_INTERNAL","u_dut/slot_state_reg_replica","u_dut/lfnst_grid_reg","0.032000000"
"u_dut/lfnst_grid_reg[2][1]/CE","u_dut/slot_state_reg[0][2]_replica/C","-0.032000000","clk","clk","clk","u_dut/slot_state_reg[0][2]_replica","FDCE","u_dut/slot_state_reg_replica","u_dut/lfnst_grid_reg[2][1]","FDCE","u_dut/lfnst_grid_reg","4","0.437000000","1.433000000","1.870000000","0.766310160","SLICE_X80Y21","SLICE_X85Y6","","","SIGNATURE_SKIPPED|FDCE|FDCE","SIGNATURE_SKIPPED|FDCE|FDCE","DUT_INTERNAL","u_dut/slot_state_reg_replica","u_dut/lfnst_grid_reg","0.032000000"
"u_dut/lfnst_grid_reg[2][2]/CE","u_dut/slot_state_reg[0][2]_replica/C","-0.087000000","clk","clk","clk","u_dut/slot_state_reg[0][2]_replica","FDCE","u_dut/slot_state_reg_replica","u_dut/lfnst_grid_reg[2][2]","FDCE","u_dut/lfnst_grid_reg","4","0.437000000","1.486000000","1.923000000","0.772750910","SLICE_X80Y21","SLICE_X88Y5","","","SIGNATURE_SKIPPED|FDCE|FDCE","SIGNATURE_SKIPPED|FDCE|FDCE","DUT_INTERNAL","u_dut/slot_state_reg_replica","u_dut/lfnst_grid_reg","0.087000000"
"u_dut/lfnst_grid_reg[2][7]/CE","u_dut/slot_state_reg[0][2]_replica/C","-0.032000000","clk","clk","clk","u_dut/slot_state_reg[0][2]_replica","FDCE","u_dut/slot_state_reg_replica","u_dut/lfnst_grid_reg[2][7]","FDCE","u_dut/lfnst_grid_reg","4","0.437000000","1.433000000","1.870000000","0.766310160","SLICE_X80Y21","SLICE_X85Y6","","","SIGNATURE_SKIPPED|FDCE|FDCE","SIGNATURE_SKIPPED|FDCE|FDCE","DUT_INTERNAL","u_dut/slot_state_reg_replica","u_dut/lfnst_grid_reg","0.032000000"
"u_dut/lfnst_grid_reg[2][8]/CE","u_dut/slot_state_reg[0][2]_replica/C","-0.032000000","clk","clk","clk","u_dut/slot_state_reg[0][2]_replica","FDCE","u_dut/slot_state_reg_replica","u_dut/lfnst_grid_reg[2][8]","FDCE","u_dut/lfnst_grid_reg","4","0.437000000","1.433000000","1.870000000","0.766310160","SLICE_X80Y21","SLICE_X85Y6","","","SIGNATURE_SKIPPED|FDCE|FDCE","SIGNATURE_SKIPPED|FDCE|FDCE","DUT_INTERNAL","u_dut/slot_state_reg_replica","u_dut/lfnst_grid_reg","0.032000000"
"u_dut/lfnst_grid_reg[30][10]/CE","u_dut/slot_state_reg[0][2]_replica/C","-0.076000000","clk","clk","clk","u_dut/slot_state_reg[0][2]_replica","FDCE","u_dut/slot_state_reg_replica","u_dut/lfnst_grid_reg[30][10]","FDCE","u_dut/lfnst_grid_reg","4","0.424000000","1.485000000","1.909000000","0.777894185","SLICE_X80Y21","SLICE_X88Y6","","","SIGNATURE_SKIPPED|FDCE|FDCE","SIGNATURE_SKIPPED|FDCE|FDCE","DUT_INTERNAL","u_dut/slot_state_reg_replica","u_dut/lfnst_grid_reg","0.076000000"
"u_dut/lfnst_grid_reg[30][11]/CE","u_dut/slot_state_reg[0][2]_replica/C","-0.100000000","clk","clk","clk","u_dut/slot_state_reg[0][2]_replica","FDCE","u_dut/slot_state_reg_replica","u_dut/lfnst_grid_reg[30][11]","FDCE","u_dut/lfnst_grid_reg","4","0.424000000","1.580000000","2.004000000","0.788423154","SLICE_X80Y21","SLICE_X91Y9","","","SIGNATURE_SKIPPED|FDCE|FDCE","SIGNATURE_SKIPPED|FDCE|FDCE","DUT_INTERNAL","u_dut/slot_state_reg_replica","u_dut/lfnst_grid_reg","0.100000000"
"u_dut/lfnst_grid_reg[30][12]/CE","u_dut/slot_state_reg[0][2]_replica/C","-0.014000000","clk","clk","clk","u_dut/slot_state_reg[0][2]_replica","FDCE","u_dut/slot_state_reg_replica","u_dut/lfnst_grid_reg[30][12]","FDCE","u_dut/lfnst_grid_reg","4","0.424000000","1.485000000","1.909000000","0.777894185","SLICE_X80Y21","SLICE_X90Y5","","","SIGNATURE_SKIPPED|FDCE|FDCE","SIGNATURE_SKIPPED|FDCE|FDCE","DUT_INTERNAL","u_dut/slot_state_reg_replica","u_dut/lfnst_grid_reg","0.014000000"
"u_dut/lfnst_grid_reg[30][14]/CE","u_dut/slot_state_reg[0][2]_replica/C","-0.030000000","clk","clk","clk","u_dut/slot_state_reg[0][2]_replica","FDCE","u_dut/slot_state_reg_replica","u_dut/lfnst_grid_reg[30][14]","FDCE","u_dut/lfnst_grid_reg","4","0.424000000","1.495000000","1.919000000","0.779051589","SLICE_X80Y21","SLICE_X89Y10","","","SIGNATURE_SKIPPED|FDCE|FDCE","SIGNATURE_SKIPPED|FDCE|FDCE","DUT_INTERNAL","u_dut/slot_state_reg_replica","u_dut/lfnst_grid_reg","0.030000000"
"u_dut/lfnst_grid_reg[30][15]/CE","u_dut/slot_state_reg[0][2]_replica/C","-0.030000000","clk","clk","clk","u_dut/slot_state_reg[0][2]_replica","FDCE","u_dut/slot_state_reg_replica","u_dut/lfnst_grid_reg[30][15]","FDCE","u_dut/lfnst_grid_reg","4","0.424000000","1.495000000","1.919000000","0.779051589","SLICE_X80Y21","SLICE_X89Y10","","","SIGNATURE_SKIPPED|FDCE|FDCE","SIGNATURE_SKIPPED|FDCE|FDCE","DUT_INTERNAL","u_dut/slot_state_reg_replica","u_dut/lfnst_grid_reg","0.030000000"
"u_dut/lfnst_grid_reg[30][3]/CE","u_dut/slot_state_reg[0][2]_replica/C","-0.076000000","clk","clk","clk","u_dut/slot_state_reg[0][2]_replica","FDCE","u_dut/slot_state_reg_replica","u_dut/lfnst_grid_reg[30][3]","FDCE","u_dut/lfnst_grid_reg","4","0.424000000","1.485000000","1.909000000","0.777894185","SLICE_X80Y21","SLICE_X88Y6","","","SIGNATURE_SKIPPED|FDCE|FDCE","SIGNATURE_SKIPPED|FDCE|FDCE","DUT_INTERNAL","u_dut/slot_state_reg_replica","u_dut/lfnst_grid_reg","0.076000000"
"u_dut/lfnst_grid_reg[30][8]/CE","u_dut/slot_state_reg[0][2]_replica/C","-0.030000000","clk","clk","clk","u_dut/slot_state_reg[0][2]_replica","FDCE","u_dut/slot_state_reg_replica","u_dut/lfnst_grid_reg[30][8]","FDCE","u_dut/lfnst_grid_reg","4","0.424000000","1.495000000","1.919000000","0.779051589","SLICE_X80Y21","SLICE_X89Y10","","","SIGNATURE_SKIPPED|FDCE|FDCE","SIGNATURE_SKIPPED|FDCE|FDCE","DUT_INTERNAL","u_dut/slot_state_reg_replica","u_dut/lfnst_grid_reg","0.030000000"
"u_dut/lfnst_grid_reg[30][9]/CE","u_dut/slot_state_reg[0][2]_replica/C","-0.076000000","clk","clk","clk","u_dut/slot_state_reg[0][2]_replica","FDCE","u_dut/slot_state_reg_replica","u_dut/lfnst_grid_reg[30][9]","FDCE","u_dut/lfnst_grid_reg","4","0.424000000","1.485000000","1.909000000","0.777894185","SLICE_X80Y21","SLICE_X88Y6","","","SIGNATURE_SKIPPED|FDCE|FDCE","SIGNATURE_SKIPPED|FDCE|FDCE","DUT_INTERNAL","u_dut/slot_state_reg_replica","u_dut/lfnst_grid_reg","0.076000000"
"u_dut/lfnst_grid_reg[31][0]/CE","u_dut/slot_state_reg[0][2]_replica/C","-0.077000000","clk","clk","clk","u_dut/slot_state_reg[0][2]_replica","FDCE","u_dut/slot_state_reg_replica","u_dut/lfnst_grid_reg[31][0]","FDCE","u_dut/lfnst_grid_reg","4","0.510000000","1.467000000","1.977000000","0.742033384","SLICE_X80Y21","SLICE_X91Y6","","","SIGNATURE_SKIPPED|FDCE|FDCE","SIGNATURE_SKIPPED|FDCE|FDCE","DUT_INTERNAL","u_dut/slot_state_reg_replica","u_dut/lfnst_grid_reg","0.077000000"
"u_dut/lfnst_grid_reg[31][10]/CE","u_dut/slot_state_reg[0][2]_replica/C","-0.094000000","clk","clk","clk","u_dut/slot_state_reg[0][2]_replica","FDCE","u_dut/slot_state_reg_replica","u_dut/lfnst_grid_reg[31][10]","FDCE","u_dut/lfnst_grid_reg","4","0.510000000","1.478000000","1.988000000","0.743460765","SLICE_X80Y21","SLICE_X91Y17","","","SIGNATURE_SKIPPED|FDCE|FDCE","SIGNATURE_SKIPPED|FDCE|FDCE","DUT_INTERNAL","u_dut/slot_state_reg_replica","u_dut/lfnst_grid_reg","0.094000000"
"u_dut/lfnst_grid_reg[31][11]/CE","u_dut/slot_state_reg[0][2]_replica/C","-0.077000000","clk","clk","clk","u_dut/slot_state_reg[0][2]_replica","FDCE","u_dut/slot_state_reg_replica","u_dut/lfnst_grid_reg[31][11]","FDCE","u_dut/lfnst_grid_reg","4","0.510000000","1.467000000","1.977000000","0.742033384","SLICE_X80Y21","SLICE_X92Y13","","","SIGNATURE_SKIPPED|FDCE|FDCE","SIGNATURE_SKIPPED|FDCE|FDCE","DUT_INTERNAL","u_dut/slot_state_reg_replica","u_dut/lfnst_grid_reg","0.077000000"
"u_dut/lfnst_grid_reg[31][12]/CE","u_dut/slot_state_reg[0][2]_replica/C","-0.060000000","clk","clk","clk","u_dut/slot_state_reg[0][2]_replica","FDCE","u_dut/slot_state_reg_replica","u_dut/lfnst_grid_reg[31][12]","FDCE","u_dut/lfnst_grid_reg","4","0.510000000","1.434000000","1.944000000","0.737654321","SLICE_X80Y21","SLICE_X89Y9","","","SIGNATURE_SKIPPED|FDCE|FDCE","SIGNATURE_SKIPPED|FDCE|FDCE","DUT_INTERNAL","u_dut/slot_state_reg_replica","u_dut/lfnst_grid_reg","0.060000000"
"u_dut/lfnst_grid_reg[31][13]/CE","u_dut/slot_state_reg[0][2]_replica/C","-0.094000000","clk","clk","clk","u_dut/slot_state_reg[0][2]_replica","FDCE","u_dut/slot_state_reg_replica","u_dut/lfnst_grid_reg[31][13]","FDCE","u_dut/lfnst_grid_reg","4","0.510000000","1.478000000","1.988000000","0.743460765","SLICE_X80Y21","SLICE_X91Y17","","","SIGNATURE_SKIPPED|FDCE|FDCE","SIGNATURE_SKIPPED|FDCE|FDCE","DUT_INTERNAL","u_dut/slot_state_reg_replica","u_dut/lfnst_grid_reg","0.094000000"
"u_dut/lfnst_grid_reg[31][14]/CE","u_dut/slot_state_reg[0][2]_replica/C","-0.009000000","clk","clk","clk","u_dut/slot_state_reg[0][2]_replica","FDCE","u_dut/slot_state_reg_replica","u_dut/lfnst_grid_reg[31][14]","FDCE","u_dut/lfnst_grid_reg","4","0.510000000","1.388000000","1.898000000","0.731296101","SLICE_X80Y21","SLICE_X89Y10","","","SIGNATURE_SKIPPED|FDCE|FDCE","SIGNATURE_SKIPPED|FDCE|FDCE","DUT_INTERNAL","u_dut/slot_state_reg_replica","u_dut/lfnst_grid_reg","0.009000000"
"u_dut/lfnst_grid_reg[31][15]/CE","u_dut/slot_state_reg[0][2]_replica/C","-0.004000000","clk","clk","clk","u_dut/slot_state_reg[0][2]_replica","FDCE","u_dut/slot_state_reg_replica","u_dut/lfnst_grid_reg[31][15]","FDCE","u_dut/lfnst_grid_reg","4","0.510000000","1.382000000","1.892000000","0.730443975","SLICE_X80Y21","SLICE_X89Y13","","","SIGNATURE_SKIPPED|FDCE|FDCE","SIGNATURE_SKIPPED|FDCE|FDCE","DUT_INTERNAL","u_dut/slot_state_reg_replica","u_dut/lfnst_grid_reg","0.004000000"
"u_dut/lfnst_grid_reg[31][1]/CE","u_dut/slot_state_reg[0][2]_replica/C","-0.004000000","clk","clk","clk","u_dut/slot_state_reg[0][2]_replica","FDCE","u_dut/slot_state_reg_replica","u_dut/lfnst_grid_reg[31][1]","FDCE","u_dut/lfnst_grid_reg","4","0.510000000","1.382000000","1.892000000","0.730443975","SLICE_X80Y21","SLICE_X89Y13","","","SIGNATURE_SKIPPED|FDCE|FDCE","SIGNATURE_SKIPPED|FDCE|FDCE","DUT_INTERNAL","u_dut/slot_state_reg_replica","u_dut/lfnst_grid_reg","0.004000000"
"u_dut/lfnst_grid_reg[31][2]/CE","u_dut/slot_state_reg[0][2]_replica/C","-0.077000000","clk","clk","clk","u_dut/slot_state_reg[0][2]_replica","FDCE","u_dut/slot_state_reg_replica","u_dut/lfnst_grid_reg[31][2]","FDCE","u_dut/lfnst_grid_reg","4","0.510000000","1.466000000","1.976000000","0.741902834","SLICE_X80Y21","SLICE_X91Y6","","","SIGNATURE_SKIPPED|FDCE|FDCE","SIGNATURE_SKIPPED|FDCE|FDCE","DUT_INTERNAL","u_dut/slot_state_reg_replica","u_dut/lfnst_grid_reg","0.077000000"
"u_dut/lfnst_grid_reg[31][3]/CE","u_dut/slot_state_reg[0][2]_replica/C","-0.092000000","clk","clk","clk","u_dut/slot_state_reg[0][2]_replica","FDCE","u_dut/slot_state_reg_replica","u_dut/lfnst_grid_reg[31][3]","FDCE","u_dut/lfnst_grid_reg","4","0.510000000","1.485000000","1.995000000","0.744360902","SLICE_X80Y21","SLICE_X92Y7","","","SIGNATURE_SKIPPED|FDCE|FDCE","SIGNATURE_SKIPPED|FDCE|FDCE","DUT_INTERNAL","u_dut/slot_state_reg_replica","u_dut/lfnst_grid_reg","0.092000000"
"u_dut/lfnst_grid_reg[31][4]/CE","u_dut/slot_state_reg[0][2]_replica/C","-0.060000000","clk","clk","clk","u_dut/slot_state_reg[0][2]_replica","FDCE","u_dut/slot_state_reg_replica","u_dut/lfnst_grid_reg[31][4]","FDCE","u_dut/lfnst_grid_reg","4","0.510000000","1.434000000","1.944000000","0.737654321","SLICE_X80Y21","SLICE_X89Y9","","","SIGNATURE_SKIPPED|FDCE|FDCE","SIGNATURE_SKIPPED|FDCE|FDCE","DUT_INTERNAL","u_dut/slot_state_reg_replica","u_dut/lfnst_grid_reg","0.060000000"
"u_dut/lfnst_grid_reg[31][5]/CE","u_dut/slot_state_reg[0][2]_replica/C","-0.001000000","clk","clk","clk","u_dut/slot_state_reg[0][2]_replica","FDCE","u_dut/slot_state_reg_replica","u_dut/lfnst_grid_reg[31][5]","FDCE","u_dut/lfnst_grid_reg","4","0.510000000","1.392000000","1.902000000","0.731861199","SLICE_X80Y21","SLICE_X91Y11","","","SIGNATURE_SKIPPED|FDCE|FDCE","SIGNATURE_SKIPPED|FDCE|FDCE","DUT_INTERNAL","u_dut/slot_state_reg_replica","u_dut/lfnst_grid_reg","0.001000000"
"u_dut/lfnst_grid_reg[31][6]/CE","u_dut/slot_state_reg[0][2]_replica/C","-0.060000000","clk","clk","clk","u_dut/slot_state_reg[0][2]_replica","FDCE","u_dut/slot_state_reg_replica","u_dut/lfnst_grid_reg[31][6]","FDCE","u_dut/lfnst_grid_reg","4","0.510000000","1.435000000","1.945000000","0.737789203","SLICE_X80Y21","SLICE_X89Y7","","","SIGNATURE_SKIPPED|FDCE|FDCE","SIGNATURE_SKIPPED|FDCE|FDCE","DUT_INTERNAL","u_dut/slot_state_reg_replica","u_dut/lfnst_grid_reg","0.060000000"
"u_dut/lfnst_grid_reg[31][8]/CE","u_dut/slot_state_reg[0][2]_replica/C","-0.009000000","clk","clk","clk","u_dut/slot_state_reg[0][2]_replica","FDCE","u_dut/slot_state_reg_replica","u_dut/lfnst_grid_reg[31][8]","FDCE","u_dut/lfnst_grid_reg","4","0.510000000","1.388000000","1.898000000","0.731296101","SLICE_X80Y21","SLICE_X89Y10","","","SIGNATURE_SKIPPED|FDCE|FDCE","SIGNATURE_SKIPPED|FDCE|FDCE","DUT_INTERNAL","u_dut/slot_state_reg_replica","u_dut/lfnst_grid_reg","0.009000000"
"u_dut/lfnst_grid_reg[31][9]/CE","u_dut/slot_state_reg[0][2]_replica/C","-0.077000000","clk","clk","clk","u_dut/slot_state_reg[0][2]_replica","FDCE","u_dut/slot_state_reg_replica","u_dut/lfnst_grid_reg[31][9]","FDCE","u_dut/lfnst_grid_reg","4","0.510000000","1.467000000","1.977000000","0.742033384","SLICE_X80Y21","SLICE_X92Y13","","","SIGNATURE_SKIPPED|FDCE|FDCE","SIGNATURE_SKIPPED|FDCE|FDCE","DUT_INTERNAL","u_dut/slot_state_reg_replica","u_dut/lfnst_grid_reg","0.077000000"
"u_dut/lfnst_grid_reg[32][0]/CE","u_dut/slot_state_reg[0][2]_replica/C","-0.070000000","clk","clk","clk","u_dut/slot_state_reg[0][2]_replica","FDCE","u_dut/slot_state_reg_replica","u_dut/lfnst_grid_reg[32][0]","FDCE","u_dut/lfnst_grid_reg","4","0.476000000","1.439000000","1.915000000","0.751436031","SLICE_X80Y21","SLICE_X87Y4","","","SIGNATURE_SKIPPED|FDCE|FDCE","SIGNATURE_SKIPPED|FDCE|FDCE","DUT_INTERNAL","u_dut/slot_state_reg_replica","u_dut/lfnst_grid_reg","0.070000000"
"u_dut/lfnst_grid_reg[32][12]/CE","u_dut/slot_state_reg[0][2]_replica/C","-0.070000000","clk","clk","clk","u_dut/slot_state_reg[0][2]_replica","FDCE","u_dut/slot_state_reg_replica","u_dut/lfnst_grid_reg[32][12]","FDCE","u_dut/lfnst_grid_reg","4","0.476000000","1.439000000","1.915000000","0.751436031","SLICE_X80Y21","SLICE_X87Y4","","","SIGNATURE_SKIPPED|FDCE|FDCE","SIGNATURE_SKIPPED|FDCE|FDCE","DUT_INTERNAL","u_dut/slot_state_reg_replica","u_dut/lfnst_grid_reg","0.070000000"
"u_dut/lfnst_grid_reg[32][13]/CE","u_dut/slot_state_reg[0][2]_replica/C","-0.042000000","clk","clk","clk","u_dut/slot_state_reg[0][2]_replica","FDCE","u_dut/slot_state_reg_replica","u_dut/lfnst_grid_reg[32][13]","FDCE","u_dut/lfnst_grid_reg","4","0.476000000","1.403000000","1.879000000","0.746673763","SLICE_X80Y21","SLICE_X87Y7","","","SIGNATURE_SKIPPED|FDCE|FDCE","SIGNATURE_SKIPPED|FDCE|FDCE","DUT_INTERNAL","u_dut/slot_state_reg_replica","u_dut/lfnst_grid_reg","0.042000000"
"u_dut/lfnst_grid_reg[32][14]/CE","u_dut/slot_state_reg[0][2]_replica/C","-0.042000000","clk","clk","clk","u_dut/slot_state_reg[0][2]_replica","FDCE","u_dut/slot_state_reg_replica","u_dut/lfnst_grid_reg[32][14]","FDCE","u_dut/lfnst_grid_reg","4","0.476000000","1.403000000","1.879000000","0.746673763","SLICE_X80Y21","SLICE_X87Y7","","","SIGNATURE_SKIPPED|FDCE|FDCE","SIGNATURE_SKIPPED|FDCE|FDCE","DUT_INTERNAL","u_dut/slot_state_reg_replica","u_dut/lfnst_grid_reg","0.042000000"
"u_dut/lfnst_grid_reg[32][15]/CE","u_dut/slot_state_reg[0][2]_replica/C","-0.070000000","clk","clk","clk","u_dut/slot_state_reg[0][2]_replica","FDCE","u_dut/slot_state_reg_replica","u_dut/lfnst_grid_reg[32][15]","FDCE","u_dut/lfnst_grid_reg","4","0.476000000","1.439000000","1.915000000","0.751436031","SLICE_X80Y21","SLICE_X87Y4","","","SIGNATURE_SKIPPED|FDCE|FDCE","SIGNATURE_SKIPPED|FDCE|FDCE","DUT_INTERNAL","u_dut/slot_state_reg_replica","u_dut/lfnst_grid_reg","0.070000000"
"u_dut/lfnst_grid_reg[32][1]/CE","u_dut/slot_state_reg[0][2]_replica/C","-0.023000000","clk","clk","clk","u_dut/slot_state_reg[0][2]_replica","FDCE","u_dut/slot_state_reg_replica","u_dut/lfnst_grid_reg[32][1]","FDCE","u_dut/lfnst_grid_reg","4","0.476000000","1.386000000","1.862000000","0.744360902","SLICE_X80Y21","SLICE_X85Y4","","","SIGNATURE_SKIPPED|FDCE|FDCE","SIGNATURE_SKIPPED|FDCE|FDCE","DUT_INTERNAL","u_dut/slot_state_reg_replica","u_dut/lfnst_grid_reg","0.023000000"
"u_dut/lfnst_grid_reg[32][2]/CE","u_dut/slot_state_reg[0][2]_replica/C","-0.023000000","clk","clk","clk","u_dut/slot_state_reg[0][2]_replica","FDCE","u_dut/slot_state_reg_replica","u_dut/lfnst_grid_reg[32][2]","FDCE","u_dut/lfnst_grid_reg","4","0.476000000","1.386000000","1.862000000","0.744360902","SLICE_X80Y21","SLICE_X85Y4","","","SIGNATURE_SKIPPED|FDCE|FDCE","SIGNATURE_SKIPPED|FDCE|FDCE","DUT_INTERNAL","u_dut/slot_state_reg_replica","u_dut/lfnst_grid_reg","0.023000000"
"u_dut/lfnst_grid_reg[32][3]/CE","u_dut/slot_state_reg[0][2]_replica/C","-0.042000000","clk","clk","clk","u_dut/slot_state_reg[0][2]_replica","FDCE","u_dut/slot_state_reg_replica","u_dut/lfnst_grid_reg[32][3]","FDCE","u_dut/lfnst_grid_reg","4","0.476000000","1.403000000","1.879000000","0.746673763","SLICE_X80Y21","SLICE_X87Y7","","","SIGNATURE_SKIPPED|FDCE|FDCE","SIGNATURE_SKIPPED|FDCE|FDCE","DUT_INTERNAL","u_dut/slot_state_reg_replica","u_dut/lfnst_grid_reg","0.042000000"
"u_dut/lfnst_grid_reg[32][4]/CE","u_dut/slot_state_reg[0][2]_replica/C","-0.070000000","clk","clk","clk","u_dut/slot_state_reg[0][2]_replica","FDCE","u_dut/slot_state_reg_replica","u_dut/lfnst_grid_reg[32][4]","FDCE","u_dut/lfnst_grid_reg","4","0.476000000","1.439000000","1.915000000","0.751436031","SLICE_X80Y21","SLICE_X87Y4","","","SIGNATURE_SKIPPED|FDCE|FDCE","SIGNATURE_SKIPPED|FDCE|FDCE","DUT_INTERNAL","u_dut/slot_state_reg_replica","u_dut/lfnst_grid_reg","0.070000000"
"u_dut/lfnst_grid_reg[32][5]/CE","u_dut/slot_state_reg[0][2]_replica/C","-0.023000000","clk","clk","clk","u_dut/slot_state_reg[0][2]_replica","FDCE","u_dut/slot_state_reg_replica","u_dut/lfnst_grid_reg[32][5]","FDCE","u_dut/lfnst_grid_reg","4","0.476000000","1.386000000","1.862000000","0.744360902","SLICE_X80Y21","SLICE_X85Y4","","","SIGNATURE_SKIPPED|FDCE|FDCE","SIGNATURE_SKIPPED|FDCE|FDCE","DUT_INTERNAL","u_dut/slot_state_reg_replica","u_dut/lfnst_grid_reg","0.023000000"
"u_dut/lfnst_grid_reg[32][8]/CE","u_dut/slot_state_reg[0][2]_replica/C","-0.042000000","clk","clk","clk","u_dut/slot_state_reg[0][2]_replica","FDCE","u_dut/slot_state_reg_replica","u_dut/lfnst_grid_reg[32][8]","FDCE","u_dut/lfnst_grid_reg","4","0.476000000","1.403000000","1.879000000","0.746673763","SLICE_X80Y21","SLICE_X87Y7","","","SIGNATURE_SKIPPED|FDCE|FDCE","SIGNATURE_SKIPPED|FDCE|FDCE","DUT_INTERNAL","u_dut/slot_state_reg_replica","u_dut/lfnst_grid_reg","0.042000000"
"u_dut/lfnst_grid_reg[32][9]/CE","u_dut/slot_state_reg[0][2]_replica/C","-0.023000000","clk","clk","clk","u_dut/slot_state_reg[0][2]_replica","FDCE","u_dut/slot_state_reg_replica","u_dut/lfnst_grid_reg[32][9]","FDCE","u_dut/lfnst_grid_reg","4","0.476000000","1.386000000","1.862000000","0.744360902","SLICE_X80Y21","SLICE_X85Y4","","","SIGNATURE_SKIPPED|FDCE|FDCE","SIGNATURE_SKIPPED|FDCE|FDCE","DUT_INTERNAL","u_dut/slot_state_reg_replica","u_dut/lfnst_grid_reg","0.023000000"
"u_dut/lfnst_grid_reg[34][1]/CE","u_dut/output_active_reg_replica/C","-0.030000000","clk","clk","clk","u_dut/output_active_reg_replica","FDCE","u_dut/output_active_reg_replica","u_dut/lfnst_grid_reg[34][1]","FDCE","u_dut/lfnst_grid_reg","4","0.528000000","1.288000000","1.816000000","0.709251101","SLICE_X78Y21","SLICE_X80Y1","","","SIGNATURE_SKIPPED|FDCE|FDCE","SIGNATURE_SKIPPED|FDCE|FDCE","DUT_INTERNAL","u_dut/output_active_reg_replica","u_dut/lfnst_grid_reg","0.030000000"
"u_dut/lfnst_grid_reg[34][3]/CE","u_dut/slot_state_reg[0][2]_replica/C","-0.045000000","clk","clk","clk","u_dut/slot_state_reg[0][2]_replica","FDCE","u_dut/slot_state_reg_replica","u_dut/lfnst_grid_reg[34][3]","FDCE","u_dut/lfnst_grid_reg","4","0.477000000","1.412000000","1.889000000","0.747485442","SLICE_X80Y21","SLICE_X84Y0","","","SIGNATURE_SKIPPED|FDCE|FDCE","SIGNATURE_SKIPPED|FDCE|FDCE","DUT_INTERNAL","u_dut/slot_state_reg_replica","u_dut/lfnst_grid_reg","0.045000000"
"u_dut/lfnst_grid_reg[34][4]/CE","u_dut/output_active_reg_replica/C","-0.030000000","clk","clk","clk","u_dut/output_active_reg_replica","FDCE","u_dut/output_active_reg_replica","u_dut/lfnst_grid_reg[34][4]","FDCE","u_dut/lfnst_grid_reg","4","0.528000000","1.288000000","1.816000000","0.709251101","SLICE_X78Y21","SLICE_X80Y1","","","SIGNATURE_SKIPPED|FDCE|FDCE","SIGNATURE_SKIPPED|FDCE|FDCE","DUT_INTERNAL","u_dut/output_active_reg_replica","u_dut/lfnst_grid_reg","0.030000000"
"u_dut/lfnst_grid_reg[34][6]/CE","u_dut/slot_state_reg[0][2]_replica/C","-0.045000000","clk","clk","clk","u_dut/slot_state_reg[0][2]_replica","FDCE","u_dut/slot_state_reg_replica","u_dut/lfnst_grid_reg[34][6]","FDCE","u_dut/lfnst_grid_reg","4","0.477000000","1.412000000","1.889000000","0.747485442","SLICE_X80Y21","SLICE_X84Y0","","","SIGNATURE_SKIPPED|FDCE|FDCE","SIGNATURE_SKIPPED|FDCE|FDCE","DUT_INTERNAL","u_dut/slot_state_reg_replica","u_dut/lfnst_grid_reg","0.045000000"
"u_dut/lfnst_grid_reg[35][5]/CE","u_dut/slot_state_reg[0][2]_replica/C","-0.006000000","clk","clk","clk","u_dut/slot_state_reg[0][2]_replica","FDCE","u_dut/slot_state_reg_replica","u_dut/lfnst_grid_reg[35][5]","FDCE","u_dut/lfnst_grid_reg","4","0.436000000","1.467000000","1.903000000","0.770888071","SLICE_X80Y21","SLICE_X91Y10","","","SIGNATURE_SKIPPED|FDCE|FDCE","SIGNATURE_SKIPPED|FDCE|FDCE","DUT_INTERNAL","u_dut/slot_state_reg_replica","u_dut/lfnst_grid_reg","0.006000000"
"u_dut/lfnst_grid_reg[3][11]/CE","u_dut/slot_state_reg[0][2]_replica/C","-0.057000000","clk","clk","clk","u_dut/slot_state_reg[0][2]_replica","FDCE","u_dut/slot_state_reg_replica","u_dut/lfnst_grid_reg[3][11]","FDCE","u_dut/lfnst_grid_reg","4","0.510000000","1.381000000","1.891000000","0.730301428","SLICE_X80Y21","SLICE_X88Y15","","","SIGNATURE_SKIPPED|FDCE|FDCE","SIGNATURE_SKIPPED|FDCE|FDCE","DUT_INTERNAL","u_dut/slot_state_reg_replica","u_dut/lfnst_grid_reg","0.057000000"
"u_dut/lfnst_grid_reg[3][13]/CE","u_dut/slot_state_reg[0][2]_replica/C","-0.057000000","clk","clk","clk","u_dut/slot_state_reg[0][2]_replica","FDCE","u_dut/slot_state_reg_replica","u_dut/lfnst_grid_reg[3][13]","FDCE","u_dut/lfnst_grid_reg","4","0.510000000","1.381000000","1.891000000","0.730301428","SLICE_X80Y21","SLICE_X88Y15","","","SIGNATURE_SKIPPED|FDCE|FDCE","SIGNATURE_SKIPPED|FDCE|FDCE","DUT_INTERNAL","u_dut/slot_state_reg_replica","u_dut/lfnst_grid_reg","0.057000000"
"u_dut/lfnst_grid_reg[3][14]/CE","u_dut/slot_state_reg[0][2]_replica/C","-0.057000000","clk","clk","clk","u_dut/slot_state_reg[0][2]_replica","FDCE","u_dut/slot_state_reg_replica","u_dut/lfnst_grid_reg[3][14]","FDCE","u_dut/lfnst_grid_reg","4","0.510000000","1.381000000","1.891000000","0.730301428","SLICE_X80Y21","SLICE_X88Y15","","","SIGNATURE_SKIPPED|FDCE|FDCE","SIGNATURE_SKIPPED|FDCE|FDCE","DUT_INTERNAL","u_dut/slot_state_reg_replica","u_dut/lfnst_grid_reg","0.057000000"
"u_dut/lfnst_grid_reg[40][0]/CE","u_dut/slot_state_reg[0][2]_replica/C","-0.043000000","clk","clk","clk","u_dut/slot_state_reg[0][2]_replica","FDCE","u_dut/slot_state_reg_replica","u_dut/lfnst_grid_reg[40][0]","FDCE","u_dut/lfnst_grid_reg","4","0.422000000","1.463000000","1.885000000","0.776127321","SLICE_X80Y21","SLICE_X84Y7","","","SIGNATURE_SKIPPED|FDCE|FDCE","SIGNATURE_SKIPPED|FDCE|FDCE","DUT_INTERNAL","u_dut/slot_state_reg_replica","u_dut/lfnst_grid_reg","0.043000000"
"u_dut/lfnst_grid_reg[40][15]/CE","u_dut/slot_state_reg[0][2]_replica/C","-0.043000000","clk","clk","clk","u_dut/slot_state_reg[0][2]_replica","FDCE","u_dut/slot_state_reg_replica","u_dut/lfnst_grid_reg[40][15]","FDCE","u_dut/lfnst_grid_reg","4","0.422000000","1.463000000","1.885000000","0.776127321","SLICE_X80Y21","SLICE_X84Y7","","","SIGNATURE_SKIPPED|FDCE|FDCE","SIGNATURE_SKIPPED|FDCE|FDCE","DUT_INTERNAL","u_dut/slot_state_reg_replica","u_dut/lfnst_grid_reg","0.043000000"
"u_dut/lfnst_grid_reg[40][5]/CE","u_dut/slot_state_reg[0][2]_replica/C","-0.043000000","clk","clk","clk","u_dut/slot_state_reg[0][2]_replica","FDCE","u_dut/slot_state_reg_replica","u_dut/lfnst_grid_reg[40][5]","FDCE","u_dut/lfnst_grid_reg","4","0.422000000","1.463000000","1.885000000","0.776127321","SLICE_X80Y21","SLICE_X84Y7","","","SIGNATURE_SKIPPED|FDCE|FDCE","SIGNATURE_SKIPPED|FDCE|FDCE","DUT_INTERNAL","u_dut/slot_state_reg_replica","u_dut/lfnst_grid_reg","0.043000000"
"u_dut/lfnst_grid_reg[41][10]/CE","u_dut/slot_state_reg[0][2]_replica/C","-0.007000000","clk","clk","clk","u_dut/slot_state_reg[0][2]_replica","FDCE","u_dut/slot_state_reg_replica","u_dut/lfnst_grid_reg[41][10]","FDCE","u_dut/lfnst_grid_reg","4","0.487000000","1.345000000","1.832000000","0.734170306","SLICE_X80Y21","SLICE_X87Y20","","","SIGNATURE_SKIPPED|FDCE|FDCE","SIGNATURE_SKIPPED|FDCE|FDCE","DUT_INTERNAL","u_dut/slot_state_reg_replica","u_dut/lfnst_grid_reg","0.007000000"
"u_dut/lfnst_grid_reg[41][11]/CE","u_dut/slot_state_reg[0][2]_replica/C","-0.007000000","clk","clk","clk","u_dut/slot_state_reg[0][2]_replica","FDCE","u_dut/slot_state_reg_replica","u_dut/lfnst_grid_reg[41][11]","FDCE","u_dut/lfnst_grid_reg","4","0.487000000","1.345000000","1.832000000","0.734170306","SLICE_X80Y21","SLICE_X87Y20","","","SIGNATURE_SKIPPED|FDCE|FDCE","SIGNATURE_SKIPPED|FDCE|FDCE","DUT_INTERNAL","u_dut/slot_state_reg_replica","u_dut/lfnst_grid_reg","0.007000000"
"u_dut/lfnst_grid_reg[41][2]/CE","u_dut/slot_state_reg[0][2]_replica/C","-0.055000000","clk","clk","clk","u_dut/slot_state_reg[0][2]_replica","FDCE","u_dut/slot_state_reg_replica","u_dut/lfnst_grid_reg[41][2]","FDCE","u_dut/lfnst_grid_reg","4","0.487000000","1.404000000","1.891000000","0.742464305","SLICE_X80Y21","SLICE_X87Y14","","","SIGNATURE_SKIPPED|FDCE|FDCE","SIGNATURE_SKIPPED|FDCE|FDCE","DUT_INTERNAL","u_dut/slot_state_reg_replica","u_dut/lfnst_grid_reg","0.055000000"
"u_dut/lfnst_grid_reg[41][9]/CE","u_dut/slot_state_reg[0][2]_replica/C","-0.054000000","clk","clk","clk","u_dut/slot_state_reg[0][2]_replica","FDCE","u_dut/slot_state_reg_replica","u_dut/lfnst_grid_reg[41][9]","FDCE","u_dut/lfnst_grid_reg","4","0.487000000","1.466000000","1.953000000","0.750640041","SLICE_X80Y21","SLICE_X92Y13","","","SIGNATURE_SKIPPED|FDCE|FDCE","SIGNATURE_SKIPPED|FDCE|FDCE","DUT_INTERNAL","u_dut/slot_state_reg_replica","u_dut/lfnst_grid_reg","0.054000000"
"u_dut/lfnst_grid_reg[42][12]/D","u_dut/u_bounded_lfnst_engine/out_data_reg[28]/C","-0.011000000","clk","clk","clk","u_dut/u_bounded_lfnst_engine/out_data_reg[28]","FDCE","u_dut/u_bounded_lfnst_engine/out_data_reg","u_dut/lfnst_grid_reg[42][12]","FDCE","u_dut/lfnst_grid_reg","1","0.200000000","1.545000000","1.745000000","0.885386819","SLICE_X42Y14","SLICE_X84Y3","","","SIGNATURE_SKIPPED|FDCE|FDCE","SIGNATURE_SKIPPED|FDCE|FDCE","DUT_INTERNAL","u_dut/u_bounded_lfnst_engine/out_data_reg","u_dut/lfnst_grid_reg","0.011000000"
"u_dut/lfnst_grid_reg[42][5]/CE","u_dut/slot_state_reg[0][2]_replica/C","-0.013000000","clk","clk","clk","u_dut/slot_state_reg[0][2]_replica","FDCE","u_dut/slot_state_reg_replica","u_dut/lfnst_grid_reg[42][5]","FDCE","u_dut/lfnst_grid_reg","4","0.477000000","1.373000000","1.850000000","0.742162162","SLICE_X80Y21","SLICE_X85Y4","","","SIGNATURE_SKIPPED|FDCE|FDCE","SIGNATURE_SKIPPED|FDCE|FDCE","DUT_INTERNAL","u_dut/slot_state_reg_replica","u_dut/lfnst_grid_reg","0.013000000"
"u_dut/lfnst_grid_reg[43][3]/D","u_dut/u_bounded_lfnst_engine/out_data_reg[19]/C","-0.008000000","clk","clk","clk","u_dut/u_bounded_lfnst_engine/out_data_reg[19]","FDCE","u_dut/u_bounded_lfnst_engine/out_data_reg","u_dut/lfnst_grid_reg[43][3]","FDCE","u_dut/lfnst_grid_reg","1","0.115000000","1.606000000","1.721000000","0.933178385","SLICE_X42Y13","SLICE_X88Y9","","","SIGNATURE_SKIPPED|FDCE|FDCE","SIGNATURE_SKIPPED|FDCE|FDCE","DUT_INTERNAL","u_dut/u_bounded_lfnst_engine/out_data_reg","u_dut/lfnst_grid_reg","0.008000000"
"u_dut/lfnst_grid_reg[48][0]/CE","u_dut/slot_state_reg[0][2]_replica/C","-0.017000000","clk","clk","clk","u_dut/slot_state_reg[0][2]_replica","FDCE","u_dut/slot_state_reg_replica","u_dut/lfnst_grid_reg[48][0]","FDCE","u_dut/lfnst_grid_reg","4","0.424000000","1.433000000","1.857000000","0.771674744","SLICE_X80Y21","SLICE_X84Y1","","","SIGNATURE_SKIPPED|FDCE|FDCE","SIGNATURE_SKIPPED|FDCE|FDCE","DUT_INTERNAL","u_dut/slot_state_reg_replica","u_dut/lfnst_grid_reg","0.017000000"
"u_dut/lfnst_grid_reg[48][1]/CE","u_dut/slot_state_reg[0][2]_replica/C","-0.017000000","clk","clk","clk","u_dut/slot_state_reg[0][2]_replica","FDCE","u_dut/slot_state_reg_replica","u_dut/lfnst_grid_reg[48][1]","FDCE","u_dut/lfnst_grid_reg","4","0.424000000","1.433000000","1.857000000","0.771674744","SLICE_X80Y21","SLICE_X84Y1","","","SIGNATURE_SKIPPED|FDCE|FDCE","SIGNATURE_SKIPPED|FDCE|FDCE","DUT_INTERNAL","u_dut/slot_state_reg_replica","u_dut/lfnst_grid_reg","0.017000000"
"u_dut/lfnst_grid_reg[49][12]/CE","u_dut/slot_state_reg[0][2]_replica/C","-0.020000000","clk","clk","clk","u_dut/slot_state_reg[0][2]_replica","FDCE","u_dut/slot_state_reg_replica","u_dut/lfnst_grid_reg[49][12]","FDCE","u_dut/lfnst_grid_reg","4","0.511000000","1.455000000","1.966000000","0.740081384","SLICE_X80Y21","SLICE_X90Y13","","","SIGNATURE_SKIPPED|FDCE|FDCE","SIGNATURE_SKIPPED|FDCE|FDCE","DUT_INTERNAL","u_dut/slot_state_reg_replica","u_dut/lfnst_grid_reg","0.020000000"
"u_dut/lfnst_grid_reg[49][13]/CE","u_dut/slot_state_reg[0][2]_replica/C","-0.020000000","clk","clk","clk","u_dut/slot_state_reg[0][2]_replica","FDCE","u_dut/slot_state_reg_replica","u_dut/lfnst_grid_reg[49][13]","FDCE","u_dut/lfnst_grid_reg","4","0.511000000","1.455000000","1.966000000","0.740081384","SLICE_X80Y21","SLICE_X90Y13","","","SIGNATURE_SKIPPED|FDCE|FDCE","SIGNATURE_SKIPPED|FDCE|FDCE","DUT_INTERNAL","u_dut/slot_state_reg_replica","u_dut/lfnst_grid_reg","0.020000000"
"u_dut/lfnst_grid_reg[49][2]/CE","u_dut/slot_state_reg[0][2]_replica/C","-0.077000000","clk","clk","clk","u_dut/slot_state_reg[0][2]_replica","FDCE","u_dut/slot_state_reg_replica","u_dut/lfnst_grid_reg[49][2]","FDCE","u_dut/lfnst_grid_reg","4","0.511000000","1.508000000","2.019000000","0.746904408","SLICE_X80Y21","SLICE_X90Y10","","","SIGNATURE_SKIPPED|FDCE|FDCE","SIGNATURE_SKIPPED|FDCE|FDCE","DUT_INTERNAL","u_dut/slot_state_reg_replica","u_dut/lfnst_grid_reg","0.077000000"
"u_dut/lfnst_grid_reg[49][3]/CE","u_dut/slot_state_reg[0][2]_replica/C","-0.077000000","clk","clk","clk","u_dut/slot_state_reg[0][2]_replica","FDCE","u_dut/slot_state_reg_replica","u_dut/lfnst_grid_reg[49][3]","FDCE","u_dut/lfnst_grid_reg","4","0.511000000","1.508000000","2.019000000","0.746904408","SLICE_X80Y21","SLICE_X90Y10","","","SIGNATURE_SKIPPED|FDCE|FDCE","SIGNATURE_SKIPPED|FDCE|FDCE","DUT_INTERNAL","u_dut/slot_state_reg_replica","u_dut/lfnst_grid_reg","0.077000000"
"u_dut/lfnst_grid_reg[49][6]/CE","u_dut/slot_state_reg[0][2]_replica/C","-0.077000000","clk","clk","clk","u_dut/slot_state_reg[0][2]_replica","FDCE","u_dut/slot_state_reg_replica","u_dut/lfnst_grid_reg[49][6]","FDCE","u_dut/lfnst_grid_reg","4","0.511000000","1.508000000","2.019000000","0.746904408","SLICE_X80Y21","SLICE_X90Y10","","","SIGNATURE_SKIPPED|FDCE|FDCE","SIGNATURE_SKIPPED|FDCE|FDCE","DUT_INTERNAL","u_dut/slot_state_reg_replica","u_dut/lfnst_grid_reg","0.077000000"
"u_dut/lfnst_grid_reg[49][7]/CE","u_dut/slot_state_reg[0][2]_replica/C","-0.020000000","clk","clk","clk","u_dut/slot_state_reg[0][2]_replica","FDCE","u_dut/slot_state_reg_replica","u_dut/lfnst_grid_reg[49][7]","FDCE","u_dut/lfnst_grid_reg","4","0.511000000","1.455000000","1.966000000","0.740081384","SLICE_X80Y21","SLICE_X90Y13","","","SIGNATURE_SKIPPED|FDCE|FDCE","SIGNATURE_SKIPPED|FDCE|FDCE","DUT_INTERNAL","u_dut/slot_state_reg_replica","u_dut/lfnst_grid_reg","0.020000000"
"u_dut/lfnst_grid_reg[49][9]/CE","u_dut/slot_state_reg[0][2]_replica/C","-0.020000000","clk","clk","clk","u_dut/slot_state_reg[0][2]_replica","FDCE","u_dut/slot_state_reg_replica","u_dut/lfnst_grid_reg[49][9]","FDCE","u_dut/lfnst_grid_reg","4","0.511000000","1.455000000","1.966000000","0.740081384","SLICE_X80Y21","SLICE_X90Y13","","","SIGNATURE_SKIPPED|FDCE|FDCE","SIGNATURE_SKIPPED|FDCE|FDCE","DUT_INTERNAL","u_dut/slot_state_reg_replica","u_dut/lfnst_grid_reg","0.020000000"
"u_dut/lfnst_grid_reg[51][1]/CE","u_dut/slot_state_reg[0][2]_replica/C","-0.031000000","clk","clk","clk","u_dut/slot_state_reg[0][2]_replica","FDCE","u_dut/slot_state_reg_replica","u_dut/lfnst_grid_reg[51][1]","FDCE","u_dut/lfnst_grid_reg","4","0.424000000","1.450000000","1.874000000","0.773745998","SLICE_X80Y21","SLICE_X85Y0","","","SIGNATURE_SKIPPED|FDCE|FDCE","SIGNATURE_SKIPPED|FDCE|FDCE","DUT_INTERNAL","u_dut/slot_state_reg_replica","u_dut/lfnst_grid_reg","0.031000000"
"u_dut/lfnst_grid_reg[56][0]/CE","u_dut/slot_state_reg[0][2]_replica/C","-0.043000000","clk","clk","clk","u_dut/slot_state_reg[0][2]_replica","FDCE","u_dut/slot_state_reg_replica","u_dut/lfnst_grid_reg[56][0]","FDCE","u_dut/lfnst_grid_reg","4","0.422000000","1.463000000","1.885000000","0.776127321","SLICE_X80Y21","SLICE_X85Y7","","","SIGNATURE_SKIPPED|FDCE|FDCE","SIGNATURE_SKIPPED|FDCE|FDCE","DUT_INTERNAL","u_dut/slot_state_reg_replica","u_dut/lfnst_grid_reg","0.043000000"
"u_dut/lfnst_grid_reg[56][10]/CE","u_dut/slot_state_reg[0][2]_replica/C","-0.043000000","clk","clk","clk","u_dut/slot_state_reg[0][2]_replica","FDCE","u_dut/slot_state_reg_replica","u_dut/lfnst_grid_reg[56][10]","FDCE","u_dut/lfnst_grid_reg","4","0.422000000","1.463000000","1.885000000","0.776127321","SLICE_X80Y21","SLICE_X85Y7","","","SIGNATURE_SKIPPED|FDCE|FDCE","SIGNATURE_SKIPPED|FDCE|FDCE","DUT_INTERNAL","u_dut/slot_state_reg_replica","u_dut/lfnst_grid_reg","0.043000000"
"u_dut/lfnst_grid_reg[56][5]/CE","u_dut/slot_state_reg[0][2]_replica/C","-0.043000000","clk","clk","clk","u_dut/slot_state_reg[0][2]_replica","FDCE","u_dut/slot_state_reg_replica","u_dut/lfnst_grid_reg[56][5]","FDCE","u_dut/lfnst_grid_reg","4","0.422000000","1.463000000","1.885000000","0.776127321","SLICE_X80Y21","SLICE_X84Y7","","","SIGNATURE_SKIPPED|FDCE|FDCE","SIGNATURE_SKIPPED|FDCE|FDCE","DUT_INTERNAL","u_dut/slot_state_reg_replica","u_dut/lfnst_grid_reg","0.043000000"
"u_dut/lfnst_grid_reg[57][3]/CE","u_dut/slot_state_reg[0][2]_replica/C","-0.049000000","clk","clk","clk","u_dut/slot_state_reg[0][2]_replica","FDCE","u_dut/slot_state_reg_replica","u_dut/lfnst_grid_reg[57][3]","FDCE","u_dut/lfnst_grid_reg","4","0.487000000","1.390000000","1.877000000","0.740543420","SLICE_X80Y21","SLICE_X87Y18","","","SIGNATURE_SKIPPED|FDCE|FDCE","SIGNATURE_SKIPPED|FDCE|FDCE","DUT_INTERNAL","u_dut/slot_state_reg_replica","u_dut/lfnst_grid_reg","0.049000000"
"u_dut/lfnst_grid_reg[57][7]/CE","u_dut/slot_state_reg[0][2]_replica/C","-0.054000000","clk","clk","clk","u_dut/slot_state_reg[0][2]_replica","FDCE","u_dut/slot_state_reg_replica","u_dut/lfnst_grid_reg[57][7]","FDCE","u_dut/lfnst_grid_reg","4","0.487000000","1.466000000","1.953000000","0.750640041","SLICE_X80Y21","SLICE_X92Y13","","","SIGNATURE_SKIPPED|FDCE|FDCE","SIGNATURE_SKIPPED|FDCE|FDCE","DUT_INTERNAL","u_dut/slot_state_reg_replica","u_dut/lfnst_grid_reg","0.054000000"
"u_dut/lfnst_grid_reg[57][9]/CE","u_dut/slot_state_reg[0][2]_replica/C","-0.054000000","clk","clk","clk","u_dut/slot_state_reg[0][2]_replica","FDCE","u_dut/slot_state_reg_replica","u_dut/lfnst_grid_reg[57][9]","FDCE","u_dut/lfnst_grid_reg","4","0.487000000","1.466000000","1.953000000","0.750640041","SLICE_X80Y21","SLICE_X92Y13","","","SIGNATURE_SKIPPED|FDCE|FDCE","SIGNATURE_SKIPPED|FDCE|FDCE","DUT_INTERNAL","u_dut/slot_state_reg_replica","u_dut/lfnst_grid_reg","0.054000000"
"u_dut/lfnst_grid_reg[58][2]/CE","u_dut/slot_state_reg[0][2]_replica/C","-0.013000000","clk","clk","clk","u_dut/slot_state_reg[0][2]_replica","FDCE","u_dut/slot_state_reg_replica","u_dut/lfnst_grid_reg[58][2]","FDCE","u_dut/lfnst_grid_reg","4","0.477000000","1.373000000","1.850000000","0.742162162","SLICE_X80Y21","SLICE_X85Y4","","","SIGNATURE_SKIPPED|FDCE|FDCE","SIGNATURE_SKIPPED|FDCE|FDCE","DUT_INTERNAL","u_dut/slot_state_reg_replica","u_dut/lfnst_grid_reg","0.013000000"
"u_dut/lfnst_grid_reg[58][4]/CE","u_dut/output_active_reg_replica/C","-0.030000000","clk","clk","clk","u_dut/output_active_reg_replica","FDCE","u_dut/output_active_reg_replica","u_dut/lfnst_grid_reg[58][4]","FDCE","u_dut/lfnst_grid_reg","4","0.528000000","1.288000000","1.816000000","0.709251101","SLICE_X78Y21","SLICE_X80Y1","","","SIGNATURE_SKIPPED|FDCE|FDCE","SIGNATURE_SKIPPED|FDCE|FDCE","DUT_INTERNAL","u_dut/output_active_reg_replica","u_dut/lfnst_grid_reg","0.030000000"
"u_dut/lfnst_grid_reg[58][9]/CE","u_dut/slot_state_reg[0][2]_replica/C","-0.013000000","clk","clk","clk","u_dut/slot_state_reg[0][2]_replica","FDCE","u_dut/slot_state_reg_replica","u_dut/lfnst_grid_reg[58][9]","FDCE","u_dut/lfnst_grid_reg","4","0.477000000","1.373000000","1.850000000","0.742162162","SLICE_X80Y21","SLICE_X85Y4","","","SIGNATURE_SKIPPED|FDCE|FDCE","SIGNATURE_SKIPPED|FDCE|FDCE","DUT_INTERNAL","u_dut/slot_state_reg_replica","u_dut/lfnst_grid_reg","0.013000000"
"u_dut/lfnst_grid_reg[59][12]/CE","u_dut/slot_state_reg[0][2]_replica/C","-0.006000000","clk","clk","clk","u_dut/slot_state_reg[0][2]_replica","FDCE","u_dut/slot_state_reg_replica","u_dut/lfnst_grid_reg[59][12]","FDCE","u_dut/lfnst_grid_reg","4","0.436000000","1.467000000","1.903000000","0.770888071","SLICE_X80Y21","SLICE_X91Y10","","","SIGNATURE_SKIPPED|FDCE|FDCE","SIGNATURE_SKIPPED|FDCE|FDCE","DUT_INTERNAL","u_dut/slot_state_reg_replica","u_dut/lfnst_grid_reg","0.006000000"
"u_dut/lfnst_grid_reg[59][9]/CE","u_dut/slot_state_reg[0][2]_replica/C","-0.006000000","clk","clk","clk","u_dut/slot_state_reg[0][2]_replica","FDCE","u_dut/slot_state_reg_replica","u_dut/lfnst_grid_reg[59][9]","FDCE","u_dut/lfnst_grid_reg","4","0.436000000","1.467000000","1.903000000","0.770888071","SLICE_X80Y21","SLICE_X91Y10","","","SIGNATURE_SKIPPED|FDCE|FDCE","SIGNATURE_SKIPPED|FDCE|FDCE","DUT_INTERNAL","u_dut/slot_state_reg_replica","u_dut/lfnst_grid_reg","0.006000000"
"u_dut/lfnst_grid_reg[5][1]/CE","u_dut/slot_state_reg[0][2]_replica/C","-0.007000000","clk","clk","clk","u_dut/slot_state_reg[0][2]_replica","FDCE","u_dut/slot_state_reg_replica","u_dut/lfnst_grid_reg[5][1]","FDCE","u_dut/lfnst_grid_reg","4","0.484000000","1.357000000","1.841000000","0.737099402","SLICE_X80Y21","SLICE_X85Y20","","","SIGNATURE_SKIPPED|FDCE|FDCE","SIGNATURE_SKIPPED|FDCE|FDCE","DUT_INTERNAL","u_dut/slot_state_reg_replica","u_dut/lfnst_grid_reg","0.007000000"
"u_dut/lfnst_grid_reg[5][2]/CE","u_dut/slot_state_reg[0][2]_replica/C","-0.086000000","clk","clk","clk","u_dut/slot_state_reg[0][2]_replica","FDCE","u_dut/slot_state_reg_replica","u_dut/lfnst_grid_reg[5][2]","FDCE","u_dut/lfnst_grid_reg","4","0.484000000","1.444000000","1.928000000","0.748962656","SLICE_X80Y21","SLICE_X87Y11","","","SIGNATURE_SKIPPED|FDCE|FDCE","SIGNATURE_SKIPPED|FDCE|FDCE","DUT_INTERNAL","u_dut/slot_state_reg_replica","u_dut/lfnst_grid_reg","0.086000000"
"u_dut/lfnst_grid_reg[5][6]/CE","u_dut/slot_state_reg[0][2]_replica/C","-0.086000000","clk","clk","clk","u_dut/slot_state_reg[0][2]_replica","FDCE","u_dut/slot_state_reg_replica","u_dut/lfnst_grid_reg[5][6]","FDCE","u_dut/lfnst_grid_reg","4","0.484000000","1.444000000","1.928000000","0.748962656","SLICE_X80Y21","SLICE_X87Y11","","","SIGNATURE_SKIPPED|FDCE|FDCE","SIGNATURE_SKIPPED|FDCE|FDCE","DUT_INTERNAL","u_dut/slot_state_reg_replica","u_dut/lfnst_grid_reg","0.086000000"
"u_dut/lfnst_grid_reg[5][9]/CE","u_dut/slot_state_reg[0][2]_replica/C","-0.007000000","clk","clk","clk","u_dut/slot_state_reg[0][2]_replica","FDCE","u_dut/slot_state_reg_replica","u_dut/lfnst_grid_reg[5][9]","FDCE","u_dut/lfnst_grid_reg","4","0.484000000","1.357000000","1.841000000","0.737099402","SLICE_X80Y21","SLICE_X85Y20","","","SIGNATURE_SKIPPED|FDCE|FDCE","SIGNATURE_SKIPPED|FDCE|FDCE","DUT_INTERNAL","u_dut/slot_state_reg_replica","u_dut/lfnst_grid_reg","0.007000000"
"u_dut/lfnst_grid_reg[6][3]/D","u_dut/u_bounded_lfnst_engine/out_data_reg[3]/C","-0.033000000","clk","clk","clk","u_dut/u_bounded_lfnst_engine/out_data_reg[3]","FDCE","u_dut/u_bounded_lfnst_engine/out_data_reg","u_dut/lfnst_grid_reg[6][3]","FDCE","u_dut/lfnst_grid_reg","1","0.201000000","1.557000000","1.758000000","0.885665529","SLICE_X46Y6","SLICE_X85Y19","","","SIGNATURE_SKIPPED|FDCE|FDCE","SIGNATURE_SKIPPED|FDCE|FDCE","DUT_INTERNAL","u_dut/u_bounded_lfnst_engine/out_data_reg","u_dut/lfnst_grid_reg","0.033000000"
"u_dut/lfnst_grid_reg[7][0]/CE","u_dut/slot_state_reg[0][2]_replica/C","-0.100000000","clk","clk","clk","u_dut/slot_state_reg[0][2]_replica","FDCE","u_dut/slot_state_reg_replica","u_dut/lfnst_grid_reg[7][0]","FDCE","u_dut/lfnst_grid_reg","4","0.475000000","1.526000000","2.001000000","0.762618691","SLICE_X80Y21","SLICE_X92Y10","","","SIGNATURE_SKIPPED|FDCE|FDCE","SIGNATURE_SKIPPED|FDCE|FDCE","DUT_INTERNAL","u_dut/slot_state_reg_replica","u_dut/lfnst_grid_reg","0.100000000"
"u_dut/lfnst_grid_reg[7][2]/CE","u_dut/slot_state_reg[0][2]_replica/C","-0.023000000","clk","clk","clk","u_dut/slot_state_reg[0][2]_replica","FDCE","u_dut/slot_state_reg_replica","u_dut/lfnst_grid_reg[7][2]","FDCE","u_dut/lfnst_grid_reg","4","0.475000000","1.445000000","1.920000000","0.752604167","SLICE_X80Y21","SLICE_X92Y16","","","SIGNATURE_SKIPPED|FDCE|FDCE","SIGNATURE_SKIPPED|FDCE|FDCE","DUT_INTERNAL","u_dut/slot_state_reg_replica","u_dut/lfnst_grid_reg","0.023000000"
"u_dut/lfnst_grid_reg[7][3]/CE","u_dut/slot_state_reg[0][2]_replica/C","-0.097000000","clk","clk","clk","u_dut/slot_state_reg[0][2]_replica","FDCE","u_dut/slot_state_reg_replica","u_dut/lfnst_grid_reg[7][3]","FDCE","u_dut/lfnst_grid_reg","4","0.475000000","1.524000000","1.999000000","0.762381191","SLICE_X80Y21","SLICE_X92Y10","","","SIGNATURE_SKIPPED|FDCE|FDCE","SIGNATURE_SKIPPED|FDCE|FDCE","DUT_INTERNAL","u_dut/slot_state_reg_replica","u_dut/lfnst_grid_reg","0.097000000"
"u_dut/lfnst_grid_reg[7][4]/CE","u_dut/slot_state_reg[0][2]_replica/C","-0.100000000","clk","clk","clk","u_dut/slot_state_reg[0][2]_replica","FDCE","u_dut/slot_state_reg_replica","u_dut/lfnst_grid_reg[7][4]","FDCE","u_dut/lfnst_grid_reg","4","0.475000000","1.526000000","2.001000000","0.762618691","SLICE_X80Y21","SLICE_X92Y10","","","SIGNATURE_SKIPPED|FDCE|FDCE","SIGNATURE_SKIPPED|FDCE|FDCE","DUT_INTERNAL","u_dut/slot_state_reg_replica","u_dut/lfnst_grid_reg","0.100000000"
"u_dut/lfnst_grid_reg[7][6]/CE","u_dut/slot_state_reg[0][2]_replica/C","-0.100000000","clk","clk","clk","u_dut/slot_state_reg[0][2]_replica","FDCE","u_dut/slot_state_reg_replica","u_dut/lfnst_grid_reg[7][6]","FDCE","u_dut/lfnst_grid_reg","4","0.475000000","1.526000000","2.001000000","0.762618691","SLICE_X80Y21","SLICE_X92Y10","","","SIGNATURE_SKIPPED|FDCE|FDCE","SIGNATURE_SKIPPED|FDCE|FDCE","DUT_INTERNAL","u_dut/slot_state_reg_replica","u_dut/lfnst_grid_reg","0.100000000"
"u_dut/lfnst_grid_reg[7][7]/CE","u_dut/slot_state_reg[0][2]_replica/C","-0.100000000","clk","clk","clk","u_dut/slot_state_reg[0][2]_replica","FDCE","u_dut/slot_state_reg_replica","u_dut/lfnst_grid_reg[7][7]","FDCE","u_dut/lfnst_grid_reg","4","0.475000000","1.526000000","2.001000000","0.762618691","SLICE_X80Y21","SLICE_X92Y10","","","SIGNATURE_SKIPPED|FDCE|FDCE","SIGNATURE_SKIPPED|FDCE|FDCE","DUT_INTERNAL","u_dut/slot_state_reg_replica","u_dut/lfnst_grid_reg","0.100000000"
"u_dut/lfnst_grid_reg[7][9]/CE","u_dut/slot_state_reg[0][2]_replica/C","-0.023000000","clk","clk","clk","u_dut/slot_state_reg[0][2]_replica","FDCE","u_dut/slot_state_reg_replica","u_dut/lfnst_grid_reg[7][9]","FDCE","u_dut/lfnst_grid_reg","4","0.475000000","1.445000000","1.920000000","0.752604167","SLICE_X80Y21","SLICE_X92Y16","","","SIGNATURE_SKIPPED|FDCE|FDCE","SIGNATURE_SKIPPED|FDCE|FDCE","DUT_INTERNAL","u_dut/slot_state_reg_replica","u_dut/lfnst_grid_reg","0.023000000"
"u_dut/lfnst_grid_reg[8][10]/CE","u_dut/u_bounded_lfnst_engine/out_group_reg[2]/C","-0.004000000","clk","clk","clk","u_dut/u_bounded_lfnst_engine/out_group_reg[2]","FDCE","u_dut/u_bounded_lfnst_engine/out_group_reg","u_dut/lfnst_grid_reg[8][10]","FDCE","u_dut/lfnst_grid_reg","2","0.269000000","1.551000000","1.820000000","0.852197802","SLICE_X80Y10","SLICE_X84Y10","","","SIGNATURE_SKIPPED|FDCE|FDCE","SIGNATURE_SKIPPED|FDCE|FDCE","DUT_INTERNAL","u_dut/u_bounded_lfnst_engine/out_group_reg","u_dut/lfnst_grid_reg","0.004000000"
"u_dut/lfnst_grid_reg[8][11]/CE","u_dut/u_bounded_lfnst_engine/out_group_reg[2]/C","-0.038000000","clk","clk","clk","u_dut/u_bounded_lfnst_engine/out_group_reg[2]","FDCE","u_dut/u_bounded_lfnst_engine/out_group_reg","u_dut/lfnst_grid_reg[8][11]","FDCE","u_dut/lfnst_grid_reg","2","0.269000000","1.591000000","1.860000000","0.855376344","SLICE_X80Y10","SLICE_X83Y11","","","SIGNATURE_SKIPPED|FDCE|FDCE","SIGNATURE_SKIPPED|FDCE|FDCE","DUT_INTERNAL","u_dut/u_bounded_lfnst_engine/out_group_reg","u_dut/lfnst_grid_reg","0.038000000"
"u_dut/lfnst_grid_reg[8][12]/CE","u_dut/u_bounded_lfnst_engine/out_group_reg[2]/C","-0.038000000","clk","clk","clk","u_dut/u_bounded_lfnst_engine/out_group_reg[2]","FDCE","u_dut/u_bounded_lfnst_engine/out_group_reg","u_dut/lfnst_grid_reg[8][12]","FDCE","u_dut/lfnst_grid_reg","2","0.269000000","1.591000000","1.860000000","0.855376344","SLICE_X80Y10","SLICE_X83Y11","","","SIGNATURE_SKIPPED|FDCE|FDCE","SIGNATURE_SKIPPED|FDCE|FDCE","DUT_INTERNAL","u_dut/u_bounded_lfnst_engine/out_group_reg","u_dut/lfnst_grid_reg","0.038000000"
"u_dut/lfnst_grid_reg[8][14]/CE","u_dut/u_bounded_lfnst_engine/out_group_reg[2]/C","-0.004000000","clk","clk","clk","u_dut/u_bounded_lfnst_engine/out_group_reg[2]","FDCE","u_dut/u_bounded_lfnst_engine/out_group_reg","u_dut/lfnst_grid_reg[8][14]","FDCE","u_dut/lfnst_grid_reg","2","0.269000000","1.551000000","1.820000000","0.852197802","SLICE_X80Y10","SLICE_X84Y10","","","SIGNATURE_SKIPPED|FDCE|FDCE","SIGNATURE_SKIPPED|FDCE|FDCE","DUT_INTERNAL","u_dut/u_bounded_lfnst_engine/out_group_reg","u_dut/lfnst_grid_reg","0.004000000"
"u_dut/lfnst_grid_reg[8][15]/CE","u_dut/u_bounded_lfnst_engine/out_group_reg[2]/C","-0.045000000","clk","clk","clk","u_dut/u_bounded_lfnst_engine/out_group_reg[2]","FDCE","u_dut/u_bounded_lfnst_engine/out_group_reg","u_dut/lfnst_grid_reg[8][15]","FDCE","u_dut/lfnst_grid_reg","2","0.269000000","1.605000000","1.874000000","0.856456777","SLICE_X80Y10","SLICE_X85Y7","","","SIGNATURE_SKIPPED|FDCE|FDCE","SIGNATURE_SKIPPED|FDCE|FDCE","DUT_INTERNAL","u_dut/u_bounded_lfnst_engine/out_group_reg","u_dut/lfnst_grid_reg","0.045000000"
"u_dut/lfnst_grid_reg[8][1]/CE","u_dut/u_bounded_lfnst_engine/out_group_reg[2]/C","-0.004000000","clk","clk","clk","u_dut/u_bounded_lfnst_engine/out_group_reg[2]","FDCE","u_dut/u_bounded_lfnst_engine/out_group_reg","u_dut/lfnst_grid_reg[8][1]","FDCE","u_dut/lfnst_grid_reg","2","0.269000000","1.551000000","1.820000000","0.852197802","SLICE_X80Y10","SLICE_X84Y10","","","SIGNATURE_SKIPPED|FDCE|FDCE","SIGNATURE_SKIPPED|FDCE|FDCE","DUT_INTERNAL","u_dut/u_bounded_lfnst_engine/out_group_reg","u_dut/lfnst_grid_reg","0.004000000"
"u_dut/lfnst_grid_reg[8][2]/CE","u_dut/u_bounded_lfnst_engine/out_group_reg[2]/C","-0.045000000","clk","clk","clk","u_dut/u_bounded_lfnst_engine/out_group_reg[2]","FDCE","u_dut/u_bounded_lfnst_engine/out_group_reg","u_dut/lfnst_grid_reg[8][2]","FDCE","u_dut/lfnst_grid_reg","2","0.269000000","1.605000000","1.874000000","0.856456777","SLICE_X80Y10","SLICE_X85Y7","","","SIGNATURE_SKIPPED|FDCE|FDCE","SIGNATURE_SKIPPED|FDCE|FDCE","DUT_INTERNAL","u_dut/u_bounded_lfnst_engine/out_group_reg","u_dut/lfnst_grid_reg","0.045000000"
"u_dut/lfnst_grid_reg[8][3]/CE","u_dut/u_bounded_lfnst_engine/out_group_reg[2]/C","-0.038000000","clk","clk","clk","u_dut/u_bounded_lfnst_engine/out_group_reg[2]","FDCE","u_dut/u_bounded_lfnst_engine/out_group_reg","u_dut/lfnst_grid_reg[8][3]","FDCE","u_dut/lfnst_grid_reg","2","0.269000000","1.591000000","1.860000000","0.855376344","SLICE_X80Y10","SLICE_X83Y11","","","SIGNATURE_SKIPPED|FDCE|FDCE","SIGNATURE_SKIPPED|FDCE|FDCE","DUT_INTERNAL","u_dut/u_bounded_lfnst_engine/out_group_reg","u_dut/lfnst_grid_reg","0.038000000"
"u_dut/lfnst_grid_reg[8][5]/CE","u_dut/u_bounded_lfnst_engine/out_group_reg[2]/C","-0.045000000","clk","clk","clk","u_dut/u_bounded_lfnst_engine/out_group_reg[2]","FDCE","u_dut/u_bounded_lfnst_engine/out_group_reg","u_dut/lfnst_grid_reg[8][5]","FDCE","u_dut/lfnst_grid_reg","2","0.269000000","1.605000000","1.874000000","0.856456777","SLICE_X80Y10","SLICE_X85Y7","","","SIGNATURE_SKIPPED|FDCE|FDCE","SIGNATURE_SKIPPED|FDCE|FDCE","DUT_INTERNAL","u_dut/u_bounded_lfnst_engine/out_group_reg","u_dut/lfnst_grid_reg","0.045000000"
"u_dut/lfnst_grid_reg[8][6]/CE","u_dut/u_bounded_lfnst_engine/out_group_reg[2]/C","-0.045000000","clk","clk","clk","u_dut/u_bounded_lfnst_engine/out_group_reg[2]","FDCE","u_dut/u_bounded_lfnst_engine/out_group_reg","u_dut/lfnst_grid_reg[8][6]","FDCE","u_dut/lfnst_grid_reg","2","0.269000000","1.605000000","1.874000000","0.856456777","SLICE_X80Y10","SLICE_X85Y7","","","SIGNATURE_SKIPPED|FDCE|FDCE","SIGNATURE_SKIPPED|FDCE|FDCE","DUT_INTERNAL","u_dut/u_bounded_lfnst_engine/out_group_reg","u_dut/lfnst_grid_reg","0.045000000"
"u_dut/lfnst_grid_reg[8][7]/CE","u_dut/u_bounded_lfnst_engine/out_group_reg[2]/C","-0.028000000","clk","clk","clk","u_dut/u_bounded_lfnst_engine/out_group_reg[2]","FDCE","u_dut/u_bounded_lfnst_engine/out_group_reg","u_dut/lfnst_grid_reg[8][7]","FDCE","u_dut/lfnst_grid_reg","2","0.269000000","1.585000000","1.854000000","0.854908306","SLICE_X80Y10","SLICE_X86Y13","","","SIGNATURE_SKIPPED|FDCE|FDCE","SIGNATURE_SKIPPED|FDCE|FDCE","DUT_INTERNAL","u_dut/u_bounded_lfnst_engine/out_group_reg","u_dut/lfnst_grid_reg","0.028000000"
"u_dut/lfnst_grid_reg[8][8]/CE","u_dut/u_bounded_lfnst_engine/out_group_reg[2]/C","-0.028000000","clk","clk","clk","u_dut/u_bounded_lfnst_engine/out_group_reg[2]","FDCE","u_dut/u_bounded_lfnst_engine/out_group_reg","u_dut/lfnst_grid_reg[8][8]","FDCE","u_dut/lfnst_grid_reg","2","0.269000000","1.585000000","1.854000000","0.854908306","SLICE_X80Y10","SLICE_X86Y13","","","SIGNATURE_SKIPPED|FDCE|FDCE","SIGNATURE_SKIPPED|FDCE|FDCE","DUT_INTERNAL","u_dut/u_bounded_lfnst_engine/out_group_reg","u_dut/lfnst_grid_reg","0.028000000"
"u_dut/lfnst_grid_reg[8][9]/CE","u_dut/u_bounded_lfnst_engine/out_group_reg[2]/C","-0.028000000","clk","clk","clk","u_dut/u_bounded_lfnst_engine/out_group_reg[2]","FDCE","u_dut/u_bounded_lfnst_engine/out_group_reg","u_dut/lfnst_grid_reg[8][9]","FDCE","u_dut/lfnst_grid_reg","2","0.269000000","1.585000000","1.854000000","0.854908306","SLICE_X80Y10","SLICE_X86Y13","","","SIGNATURE_SKIPPED|FDCE|FDCE","SIGNATURE_SKIPPED|FDCE|FDCE","DUT_INTERNAL","u_dut/u_bounded_lfnst_engine/out_group_reg","u_dut/lfnst_grid_reg","0.028000000"
"u_dut/lfnst_input_terms_q_reg[203]/D","u_dut/lfnst_mem_resp_valid_q_reg/C","-0.008000000","clk","clk","clk","u_dut/lfnst_mem_resp_valid_q_reg","FDCE","u_dut/lfnst_mem_resp_valid_q_reg","u_dut/lfnst_input_terms_q_reg[203]","FDCE","u_dut/lfnst_input_terms_q_reg","2","0.351000000","1.344000000","1.695000000","0.792920354","SLICE_X69Y16","SLICE_X68Y11","","","SIGNATURE_SKIPPED|FDCE|FDCE","SIGNATURE_SKIPPED|FDCE|FDCE","DUT_INTERNAL","u_dut/lfnst_mem_resp_valid_q_reg","u_dut/lfnst_input_terms_q_reg","0.008000000"
"u_dut/lfnst_mem_resp_data_q_reg[0]/D","u_dut/rd_cmd_addr_q_reg[1][0][0]_replica_2/C","-0.100000000","clk","clk","clk","u_dut/rd_cmd_addr_q_reg[1][0][0]_replica_2","FDCE","u_dut/rd_cmd_addr_q_reg_replica_2","u_dut/lfnst_mem_resp_data_q_reg[0]","FDCE","u_dut/lfnst_mem_resp_data_q_reg","6","0.562000000","1.428000000","1.990000000","0.717587940","SLICE_X72Y21","SLICE_X70Y19","","","SIGNATURE_SKIPPED|FDCE|FDCE","SIGNATURE_SKIPPED|FDCE|FDCE","DUT_INTERNAL","u_dut/rd_cmd_addr_q_reg_replica_2","u_dut/lfnst_mem_resp_data_q_reg","0.100000000"
"u_dut/lfnst_mem_resp_data_q_reg[10]/D","u_dut/rd_cmd_addr_q_reg[0][0][0]/C","-0.068000000","clk","clk","clk","u_dut/rd_cmd_addr_q_reg[0][0][0]","FDCE","u_dut/rd_cmd_addr_q_reg","u_dut/lfnst_mem_resp_data_q_reg[10]","FDCE","u_dut/lfnst_mem_resp_data_q_reg","6","0.568000000","1.521000000","2.089000000","0.728099569","SLICE_X75Y16","SLICE_X63Y10","","","SIGNATURE_SKIPPED|FDCE|FDCE","SIGNATURE_SKIPPED|FDCE|FDCE","DUT_INTERNAL","u_dut/rd_cmd_addr_q_reg","u_dut/lfnst_mem_resp_data_q_reg","0.068000000"
"u_dut/lfnst_mem_resp_data_q_reg[11]/D","u_dut/rd_cmd_addr_q_reg[0][0][3]/C","-0.004000000","clk","clk","clk","u_dut/rd_cmd_addr_q_reg[0][0][3]","FDCE","u_dut/rd_cmd_addr_q_reg","u_dut/lfnst_mem_resp_data_q_reg[11]","FDCE","u_dut/lfnst_mem_resp_data_q_reg","6","0.557000000","1.539000000","2.096000000","0.734255725","SLICE_X76Y17","SLICE_X65Y21","","","SIGNATURE_SKIPPED|FDCE|FDCE","SIGNATURE_SKIPPED|FDCE|FDCE","DUT_INTERNAL","u_dut/rd_cmd_addr_q_reg","u_dut/lfnst_mem_resp_data_q_reg","0.004000000"
"u_dut/lfnst_mem_resp_data_q_reg[12]/D","u_dut/rd_cmd_addr_q_reg[0][0][2]/C","-0.062000000","clk","clk","clk","u_dut/rd_cmd_addr_q_reg[0][0][2]","FDCE","u_dut/rd_cmd_addr_q_reg","u_dut/lfnst_mem_resp_data_q_reg[12]","FDCE","u_dut/lfnst_mem_resp_data_q_reg","6","0.510000000","1.560000000","2.070000000","0.753623188","SLICE_X75Y16","SLICE_X69Y18","","","SIGNATURE_SKIPPED|FDCE|FDCE","SIGNATURE_SKIPPED|FDCE|FDCE","DUT_INTERNAL","u_dut/rd_cmd_addr_q_reg","u_dut/lfnst_mem_resp_data_q_reg","0.062000000"
"u_dut/lfnst_mem_resp_data_q_reg[13]/D","u_dut/rd_cmd_addr_q_reg[0][0][0]/C","-0.096000000","clk","clk","clk","u_dut/rd_cmd_addr_q_reg[0][0][0]","FDCE","u_dut/rd_cmd_addr_q_reg","u_dut/lfnst_mem_resp_data_q_reg[13]","FDCE","u_dut/lfnst_mem_resp_data_q_reg","6","0.532000000","1.583000000","2.115000000","0.748463357","SLICE_X75Y16","SLICE_X65Y11","","","SIGNATURE_SKIPPED|FDCE|FDCE","SIGNATURE_SKIPPED|FDCE|FDCE","DUT_INTERNAL","u_dut/rd_cmd_addr_q_reg","u_dut/lfnst_mem_resp_data_q_reg","0.096000000"
"u_dut/lfnst_mem_resp_data_q_reg[15]/D","u_dut/rd_cmd_addr_q_reg[0][0][0]/C","-0.003000000","clk","clk","clk","u_dut/rd_cmd_addr_q_reg[0][0][0]","FDCE","u_dut/rd_cmd_addr_q_reg","u_dut/lfnst_mem_resp_data_q_reg[15]","FDCE","u_dut/lfnst_mem_resp_data_q_reg","6","0.458000000","1.642000000","2.100000000","0.781904762","SLICE_X75Y16","SLICE_X70Y16","","","SIGNATURE_SKIPPED|FDCE|FDCE","SIGNATURE_SKIPPED|FDCE|FDCE","DUT_INTERNAL","u_dut/rd_cmd_addr_q_reg","u_dut/lfnst_mem_resp_data_q_reg","0.003000000"
"u_dut/lfnst_mem_resp_data_q_reg[1]/D","u_dut/rd_cmd_addr_q_reg[1][0][0]_replica_2/C","-0.085000000","clk","clk","clk","u_dut/rd_cmd_addr_q_reg[1][0][0]_replica_2","FDCE","u_dut/rd_cmd_addr_q_reg_replica_2","u_dut/lfnst_mem_resp_data_q_reg[1]","FDCE","u_dut/lfnst_mem_resp_data_q_reg","6","0.650000000","1.407000000","2.057000000","0.684005834","SLICE_X72Y21","SLICE_X71Y21","","","SIGNATURE_SKIPPED|FDCE|FDCE","SIGNATURE_SKIPPED|FDCE|FDCE","DUT_INTERNAL","u_dut/rd_cmd_addr_q_reg_replica_2","u_dut/lfnst_mem_resp_data_q_reg","0.085000000"
"u_dut/lfnst_mem_resp_data_q_reg[3]/D","u_dut/rd_cmd_addr_q_reg[0][0][1]_replica_3/C","-0.032000000","clk","clk","clk","u_dut/rd_cmd_addr_q_reg[0][0][1]_replica_3","FDCE","u_dut/rd_cmd_addr_q_reg_replica_3","u_dut/lfnst_mem_resp_data_q_reg[3]","FDCE","u_dut/lfnst_mem_resp_data_q_reg","6","0.581000000","1.454000000","2.035000000","0.714496314","SLICE_X75Y17","SLICE_X65Y20","","","SIGNATURE_SKIPPED|FDCE|FDCE","SIGNATURE_SKIPPED|FDCE|FDCE","DUT_INTERNAL","u_dut/rd_cmd_addr_q_reg_replica_3","u_dut/lfnst_mem_resp_data_q_reg","0.032000000"
"u_dut/lfnst_mem_resp_data_q_reg[4]/D","u_dut/rd_cmd_addr_q_reg[1][0][2]_replica/C","-0.098000000","clk","clk","clk","u_dut/rd_cmd_addr_q_reg[1][0][2]_replica","FDCE","u_dut/rd_cmd_addr_q_reg_replica","u_dut/lfnst_mem_resp_data_q_reg[4]","FDCE","u_dut/lfnst_mem_resp_data_q_reg","6","0.563000000","1.425000000","1.988000000","0.716800805","SLICE_X72Y21","SLICE_X70Y19","","","SIGNATURE_SKIPPED|FDCE|FDCE","SIGNATURE_SKIPPED|FDCE|FDCE","DUT_INTERNAL","u_dut/rd_cmd_addr_q_reg_replica","u_dut/lfnst_mem_resp_data_q_reg","0.098000000"
"u_dut/lfnst_mem_resp_data_q_reg[5]/D","u_dut/rd_cmd_addr_q_reg[1][0][0]_replica_2/C","-0.027000000","clk","clk","clk","u_dut/rd_cmd_addr_q_reg[1][0][0]_replica_2","FDCE","u_dut/rd_cmd_addr_q_reg_replica_2","u_dut/lfnst_mem_resp_data_q_reg[5]","FDCE","u_dut/lfnst_mem_resp_data_q_reg","6","0.620000000","1.381000000","2.001000000","0.690154923","SLICE_X72Y21","SLICE_X68Y17","","","SIGNATURE_SKIPPED|FDCE|FDCE","SIGNATURE_SKIPPED|FDCE|FDCE","DUT_INTERNAL","u_dut/rd_cmd_addr_q_reg_replica_2","u_dut/lfnst_mem_resp_data_q_reg","0.027000000"
"u_dut/lfnst_mem_resp_data_q_reg[9]/D","u_dut/rd_cmd_addr_q_reg[0][0][2]/C","-0.088000000","clk","clk","clk","u_dut/rd_cmd_addr_q_reg[0][0][2]","FDCE","u_dut/rd_cmd_addr_q_reg","u_dut/lfnst_mem_resp_data_q_reg[9]","FDCE","u_dut/lfnst_mem_resp_data_q_reg","6","0.494000000","1.540000000","2.034000000","0.757128810","SLICE_X75Y16","SLICE_X63Y23","","","SIGNATURE_SKIPPED|FDCE|FDCE","SIGNATURE_SKIPPED|FDCE|FDCE","DUT_INTERNAL","u_dut/rd_cmd_addr_q_reg","u_dut/lfnst_mem_resp_data_q_reg","0.088000000"
"u_dut/lfnst_mem_resp_valid_q_reg/D","u_dut/rd_cmd_addr_q_reg[1][0][2]_replica/C","-0.042000000","clk","clk","clk","u_dut/rd_cmd_addr_q_reg[1][0][2]_replica","FDCE","u_dut/rd_cmd_addr_q_reg_replica","u_dut/lfnst_mem_resp_valid_q_reg","FDCE","u_dut/lfnst_mem_resp_valid_q_reg","6","0.550000000","1.468000000","2.018000000","0.727452924","SLICE_X72Y21","SLICE_X69Y16","","","SIGNATURE_SKIPPED|FDCE|FDCE","SIGNATURE_SKIPPED|FDCE|FDCE","DUT_INTERNAL","u_dut/rd_cmd_addr_q_reg_replica","u_dut/lfnst_mem_resp_valid_q_reg","0.042000000"
"u_dut/lfnst_ntrs48_q_reg_rep__0/D","u_dut/output_active_reg_replica/C","-0.054000000","clk","clk","clk","u_dut/output_active_reg_replica","FDCE","u_dut/output_active_reg_replica","u_dut/lfnst_ntrs48_q_reg_rep__0","FDCE","u_dut/lfnst_ntrs48_q_reg_rep__0","4","0.617000000","1.324000000","1.941000000","0.682122617","SLICE_X78Y21","SLICE_X76Y20","","","SIGNATURE_SKIPPED|FDCE|FDCE","SIGNATURE_SKIPPED|FDCE|FDCE","DUT_INTERNAL","u_dut/output_active_reg_replica","u_dut/lfnst_ntrs48_q_reg_rep__0","0.054000000"
"u_dut/lfnst_run_q_reg_rep__2/D","u_dut/slot_state_reg[0][2]_replica/C","-0.002000000","clk","clk","clk","u_dut/slot_state_reg[0][2]_replica","FDCE","u_dut/slot_state_reg_replica","u_dut/lfnst_run_q_reg_rep__2","FDCE","u_dut/lfnst_run_q_reg_rep__2","5","0.483000000","1.442000000","1.925000000","0.749090909","SLICE_X80Y21","SLICE_X87Y7","","","SIGNATURE_SKIPPED|FDCE|FDCE","SIGNATURE_SKIPPED|FDCE|FDCE","DUT_INTERNAL","u_dut/slot_state_reg_replica","u_dut/lfnst_run_q_reg_rep__2","0.002000000"
"u_dut/output_active_reg/D","u_dut/output_active_reg_replica_1/C","-0.009000000","clk","clk","clk","u_dut/output_active_reg_replica_1","FDCE","u_dut/output_active_reg_replica_1","u_dut/output_active_reg","FDCE","u_dut/output_active_reg","4","0.311000000","1.605000000","1.916000000","0.837682672","SLICE_X75Y31","SLICE_X76Y21","","","SIGNATURE_SKIPPED|FDCE|FDCE","SIGNATURE_SKIPPED|FDCE|FDCE","DUT_INTERNAL","u_dut/output_active_reg_replica_1","u_dut/output_active_reg","0.009000000"
"u_dut/output_index_reg[0]_replica_1/D","u_dut/output_active_reg_replica_1/C","-0.033000000","clk","clk","clk","u_dut/output_active_reg_replica_1","FDCE","u_dut/output_active_reg_replica_1","u_dut/output_index_reg[0]_replica_1","FDCE","u_dut/output_index_reg_replica_1","4","0.336000000","1.628000000","1.964000000","0.828920570","SLICE_X75Y31","SLICE_X63Y45","","","SIGNATURE_SKIPPED|FDCE|FDCE","SIGNATURE_SKIPPED|FDCE|FDCE","DUT_INTERNAL","u_dut/output_active_reg_replica_1","u_dut/output_index_reg_replica_1","0.033000000"
"u_dut/output_index_reg[0]_replica_6/D","u_dut/output_active_reg_replica_1/C","-0.040000000","clk","clk","clk","u_dut/output_active_reg_replica_1","FDCE","u_dut/output_active_reg_replica_1","u_dut/output_index_reg[0]_replica_6","FDCE","u_dut/output_index_reg_replica_6","4","0.336000000","1.638000000","1.974000000","0.829787234","SLICE_X75Y31","SLICE_X68Y52","","","SIGNATURE_SKIPPED|FDCE|FDCE","SIGNATURE_SKIPPED|FDCE|FDCE","DUT_INTERNAL","u_dut/output_active_reg_replica_1","u_dut/output_index_reg_replica_6","0.040000000"
"u_dut/output_index_reg[10]/CE","u_dut/kernel_run_q_reg/C","-0.035000000","clk","clk","clk","u_dut/kernel_run_q_reg","FDCE","u_dut/kernel_run_q_reg","u_dut/output_index_reg[10]","FDCE","u_dut/output_index_reg","2","0.253000000","1.566000000","1.819000000","0.860912589","SLICE_X78Y21","SLICE_X84Y42","","","SIGNATURE_SKIPPED|FDCE|FDCE","SIGNATURE_SKIPPED|FDCE|FDCE","DUT_INTERNAL","u_dut/kernel_run_q_reg","u_dut/output_index_reg","0.035000000"
"u_dut/output_index_reg[11]/CE","u_dut/kernel_run_q_reg/C","-0.035000000","clk","clk","clk","u_dut/kernel_run_q_reg","FDCE","u_dut/kernel_run_q_reg","u_dut/output_index_reg[11]","FDCE","u_dut/output_index_reg","2","0.253000000","1.565000000","1.818000000","0.860836084","SLICE_X78Y21","SLICE_X84Y42","","","SIGNATURE_SKIPPED|FDCE|FDCE","SIGNATURE_SKIPPED|FDCE|FDCE","DUT_INTERNAL","u_dut/kernel_run_q_reg","u_dut/output_index_reg","0.035000000"
"u_dut/output_index_reg[1]_replica/D","u_dut/slot_state_reg[1][2]/C","-0.035000000","clk","clk","clk","u_dut/slot_state_reg[1][2]","FDCE","u_dut/slot_state_reg","u_dut/output_index_reg[1]_replica","FDCE","u_dut/output_index_reg_replica","3","0.422000000","1.517000000","1.939000000","0.782362042","SLICE_X80Y21","SLICE_X80Y41","","","SIGNATURE_SKIPPED|FDCE|FDCE","SIGNATURE_SKIPPED|FDCE|FDCE","DUT_INTERNAL","u_dut/slot_state_reg","u_dut/output_index_reg_replica","0.035000000"
"u_dut/output_index_reg[1]_replica_5/D","u_dut/slot_state_reg[1][2]/C","-0.047000000","clk","clk","clk","u_dut/slot_state_reg[1][2]","FDCE","u_dut/slot_state_reg","u_dut/output_index_reg[1]_replica_5","FDCE","u_dut/output_index_reg_replica_5","3","0.422000000","1.591000000","2.013000000","0.790362643","SLICE_X80Y21","SLICE_X64Y51","","","SIGNATURE_SKIPPED|FDCE|FDCE","SIGNATURE_SKIPPED|FDCE|FDCE","DUT_INTERNAL","u_dut/slot_state_reg","u_dut/output_index_reg_replica_5","0.047000000"
"u_dut/output_index_reg[1]_replica_6/D","u_dut/slot_state_reg[1][2]/C","-0.001000000","clk","clk","clk","u_dut/slot_state_reg[1][2]","FDCE","u_dut/slot_state_reg","u_dut/output_index_reg[1]_replica_6","FDCE","u_dut/output_index_reg_replica_6","3","0.422000000","1.536000000","1.958000000","0.784473953","SLICE_X80Y21","SLICE_X68Y52","","","SIGNATURE_SKIPPED|FDCE|FDCE","SIGNATURE_SKIPPED|FDCE|FDCE","DUT_INTERNAL","u_dut/slot_state_reg","u_dut/output_index_reg_replica_6","0.001000000"
"u_dut/output_index_reg[2]_replica_1/D","u_dut/output_active_reg_replica_1/C","-0.083000000","clk","clk","clk","u_dut/output_active_reg_replica_1","FDCE","u_dut/output_active_reg_replica_1","u_dut/output_index_reg[2]_replica_1","FDCE","u_dut/output_index_reg_replica_1","4","0.303000000","1.718000000","2.021000000","0.850074221","SLICE_X75Y31","SLICE_X65Y44","","","SIGNATURE_SKIPPED|FDCE|FDCE","SIGNATURE_SKIPPED|FDCE|FDCE","DUT_INTERNAL","u_dut/output_active_reg_replica_1","u_dut/output_index_reg_replica_1","0.083000000"
"u_dut/output_index_reg[2]_replica_6/D","u_dut/output_active_reg_replica_1/C","-0.049000000","clk","clk","clk","u_dut/output_active_reg_replica_1","FDCE","u_dut/output_active_reg_replica_1","u_dut/output_index_reg[2]_replica_6","FDCE","u_dut/output_index_reg_replica_6","4","0.303000000","1.680000000","1.983000000","0.847201210","SLICE_X75Y31","SLICE_X68Y52","","","SIGNATURE_SKIPPED|FDCE|FDCE","SIGNATURE_SKIPPED|FDCE|FDCE","DUT_INTERNAL","u_dut/output_active_reg_replica_1","u_dut/output_index_reg_replica_6","0.049000000"
"u_dut/output_index_reg[4]_replica_2/D","u_dut/output_active_reg_replica_1/C","-0.001000000","clk","clk","clk","u_dut/output_active_reg_replica_1","FDCE","u_dut/output_active_reg_replica_1","u_dut/output_index_reg[4]_replica_2","FDCE","u_dut/output_index_reg_replica_2","4","0.356000000","1.577000000","1.933000000","0.815830316","SLICE_X75Y31","SLICE_X63Y45","","","SIGNATURE_SKIPPED|FDCE|FDCE","SIGNATURE_SKIPPED|FDCE|FDCE","DUT_INTERNAL","u_dut/output_active_reg_replica_1","u_dut/output_index_reg_replica_2","0.001000000"
"u_dut/output_index_reg[4]_replica_3/D","u_dut/output_active_reg_replica_1/C","-0.089000000","clk","clk","clk","u_dut/output_active_reg_replica_1","FDCE","u_dut/output_active_reg_replica_1","u_dut/output_index_reg[4]_replica_3","FDCE","u_dut/output_index_reg_replica_3","4","0.356000000","1.666000000","2.022000000","0.823936696","SLICE_X75Y31","SLICE_X71Y48","","","SIGNATURE_SKIPPED|FDCE|FDCE","SIGNATURE_SKIPPED|FDCE|FDCE","DUT_INTERNAL","u_dut/output_active_reg_replica_1","u_dut/output_index_reg_replica_3","0.089000000"
"u_dut/output_index_reg[4]_replica_4/D","u_dut/output_active_reg_replica_1/C","-0.035000000","clk","clk","clk","u_dut/output_active_reg_replica_1","FDCE","u_dut/output_active_reg_replica_1","u_dut/output_index_reg[4]_replica_4","FDCE","u_dut/output_index_reg_replica_4","4","0.356000000","1.592000000","1.948000000","0.817248460","SLICE_X75Y31","SLICE_X73Y53","","","SIGNATURE_SKIPPED|FDCE|FDCE","SIGNATURE_SKIPPED|FDCE|FDCE","DUT_INTERNAL","u_dut/output_active_reg_replica_1","u_dut/output_index_reg_replica_4","0.035000000"
"u_dut/output_index_reg[4]_replica_6/D","u_dut/output_active_reg_replica_1/C","-0.062000000","clk","clk","clk","u_dut/output_active_reg_replica_1","FDCE","u_dut/output_active_reg_replica_1","u_dut/output_index_reg[4]_replica_6","FDCE","u_dut/output_index_reg_replica_6","4","0.356000000","1.650000000","2.006000000","0.822532403","SLICE_X75Y31","SLICE_X64Y51","","","SIGNATURE_SKIPPED|FDCE|FDCE","SIGNATURE_SKIPPED|FDCE|FDCE","DUT_INTERNAL","u_dut/output_active_reg_replica_1","u_dut/output_index_reg_replica_6","0.062000000"
"u_dut/output_index_reg[4]_replica_7/D","u_dut/output_active_reg_replica_1/C","-0.064000000","clk","clk","clk","u_dut/output_active_reg_replica_1","FDCE","u_dut/output_active_reg_replica_1","u_dut/output_index_reg[4]_replica_7","FDCE","u_dut/output_index_reg_replica_7","4","0.356000000","1.645000000","2.001000000","0.822088956","SLICE_X75Y31","SLICE_X69Y52","","","SIGNATURE_SKIPPED|FDCE|FDCE","SIGNATURE_SKIPPED|FDCE|FDCE","DUT_INTERNAL","u_dut/output_active_reg_replica_1","u_dut/output_index_reg_replica_7","0.064000000"
"u_dut/output_index_reg[5]_replica_4/D","u_dut/slot_state_reg[1][2]/C","-0.005000000","clk","clk","clk","u_dut/slot_state_reg[1][2]","FDCE","u_dut/slot_state_reg","u_dut/output_index_reg[5]_replica_4","FDCE","u_dut/output_index_reg_replica_4","3","0.423000000","1.526000000","1.949000000","0.782965623","SLICE_X80Y21","SLICE_X74Y53","","","SIGNATURE_SKIPPED|FDCE|FDCE","SIGNATURE_SKIPPED|FDCE|FDCE","DUT_INTERNAL","u_dut/slot_state_reg","u_dut/output_index_reg_replica_4","0.005000000"
"u_dut/output_index_reg[5]_replica_7/CE","u_dut/kernel_run_q_reg/C","-0.006000000","clk","clk","clk","u_dut/kernel_run_q_reg","FDCE","u_dut/kernel_run_q_reg","u_dut/output_index_reg[5]_replica_7","FDCE","u_dut/output_index_reg_replica_7","2","0.253000000","1.583000000","1.836000000","0.862200436","SLICE_X78Y21","SLICE_X67Y54","","","SIGNATURE_SKIPPED|FDCE|FDCE","SIGNATURE_SKIPPED|FDCE|FDCE","DUT_INTERNAL","u_dut/kernel_run_q_reg","u_dut/output_index_reg_replica_7","0.006000000"
"u_dut/output_index_reg[5]_replica_7/D","u_dut/slot_state_reg[1][2]/C","-0.046000000","clk","clk","clk","u_dut/slot_state_reg[1][2]","FDCE","u_dut/slot_state_reg","u_dut/output_index_reg[5]_replica_7","FDCE","u_dut/output_index_reg_replica_7","3","0.423000000","1.582000000","2.005000000","0.789027431","SLICE_X80Y21","SLICE_X67Y54","","","SIGNATURE_SKIPPED|FDCE|FDCE","SIGNATURE_SKIPPED|FDCE|FDCE","DUT_INTERNAL","u_dut/slot_state_reg","u_dut/output_index_reg_replica_7","0.046000000"
"u_dut/output_index_reg[6]/CE","u_dut/kernel_run_q_reg/C","-0.035000000","clk","clk","clk","u_dut/kernel_run_q_reg","FDCE","u_dut/kernel_run_q_reg","u_dut/output_index_reg[6]","FDCE","u_dut/output_index_reg","2","0.253000000","1.565000000","1.818000000","0.860836084","SLICE_X78Y21","SLICE_X84Y42","","","SIGNATURE_SKIPPED|FDCE|FDCE","SIGNATURE_SKIPPED|FDCE|FDCE","DUT_INTERNAL","u_dut/kernel_run_q_reg","u_dut/output_index_reg","0.035000000"
"u_dut/rd_cmd_addr_q_reg[0][0][0]/CE","u_dut/kernel_ctx_output_size_q_reg[2]/C","-0.049000000","clk","clk","clk","u_dut/kernel_ctx_output_size_q_reg[2]","FDCE","u_dut/kernel_ctx_output_size_q_reg","u_dut/rd_cmd_addr_q_reg[0][0][0]","FDCE","u_dut/rd_cmd_addr_q_reg","7","0.618000000","1.216000000","1.834000000","0.663031625","SLICE_X68Y30","SLICE_X75Y16","","","SIGNATURE_SKIPPED|FDCE|FDCE","SIGNATURE_SKIPPED|FDCE|FDCE","DUT_INTERNAL","u_dut/kernel_ctx_output_size_q_reg","u_dut/rd_cmd_addr_q_reg","0.049000000"
"u_dut/rd_cmd_addr_q_reg[0][0][0]_replica_1/CE","u_dut/kernel_ctx_output_size_q_reg[2]/C","-0.064000000","clk","clk","clk","u_dut/kernel_ctx_output_size_q_reg[2]","FDCE","u_dut/kernel_ctx_output_size_q_reg","u_dut/rd_cmd_addr_q_reg[0][0][0]_replica_1","FDCE","u_dut/rd_cmd_addr_q_reg_replica_1","7","0.618000000","1.239000000","1.857000000","0.667205170","SLICE_X68Y30","SLICE_X69Y24","","","SIGNATURE_SKIPPED|FDCE|FDCE","SIGNATURE_SKIPPED|FDCE|FDCE","DUT_INTERNAL","u_dut/kernel_ctx_output_size_q_reg","u_dut/rd_cmd_addr_q_reg_replica_1","0.064000000"
"u_dut/rd_cmd_addr_q_reg[0][0][0]_replica_3/CE","u_dut/kernel_ctx_output_size_q_reg[2]/C","-0.091000000","clk","clk","clk","u_dut/kernel_ctx_output_size_q_reg[2]","FDCE","u_dut/kernel_ctx_output_size_q_reg","u_dut/rd_cmd_addr_q_reg[0][0][0]_replica_3","FDCE","u_dut/rd_cmd_addr_q_reg_replica_3","7","0.618000000","1.257000000","1.875000000","0.670400000","SLICE_X68Y30","SLICE_X75Y16","","","SIGNATURE_SKIPPED|FDCE|FDCE","SIGNATURE_SKIPPED|FDCE|FDCE","DUT_INTERNAL","u_dut/kernel_ctx_output_size_q_reg","u_dut/rd_cmd_addr_q_reg_replica_3","0.091000000"
"u_dut/rd_cmd_addr_q_reg[0][0][0]_replica_5/CE","u_dut/kernel_ctx_output_size_q_reg[2]/C","-0.015000000","clk","clk","clk","u_dut/kernel_ctx_output_size_q_reg[2]","FDCE","u_dut/kernel_ctx_output_size_q_reg","u_dut/rd_cmd_addr_q_reg[0][0][0]_replica_5","FDCE","u_dut/rd_cmd_addr_q_reg_replica_5","7","0.618000000","1.182000000","1.800000000","0.656666667","SLICE_X68Y30","SLICE_X69Y27","","","SIGNATURE_SKIPPED|FDCE|FDCE","SIGNATURE_SKIPPED|FDCE|FDCE","DUT_INTERNAL","u_dut/kernel_ctx_output_size_q_reg","u_dut/rd_cmd_addr_q_reg_replica_5","0.015000000"
"u_dut/rd_cmd_addr_q_reg[0][0][0]_replica_8/CE","u_dut/kernel_ctx_output_size_q_reg[2]/C","-0.015000000","clk","clk","clk","u_dut/kernel_ctx_output_size_q_reg[2]","FDCE","u_dut/kernel_ctx_output_size_q_reg","u_dut/rd_cmd_addr_q_reg[0][0][0]_replica_8","FDCE","u_dut/rd_cmd_addr_q_reg_replica_8","7","0.618000000","1.182000000","1.800000000","0.656666667","SLICE_X68Y30","SLICE_X69Y27","","","SIGNATURE_SKIPPED|FDCE|FDCE","SIGNATURE_SKIPPED|FDCE|FDCE","DUT_INTERNAL","u_dut/kernel_ctx_output_size_q_reg","u_dut/rd_cmd_addr_q_reg_replica_8","0.015000000"
"u_dut/rd_cmd_addr_q_reg[0][0][1]/CE","u_dut/kernel_ctx_output_size_q_reg[2]/C","-0.015000000","clk","clk","clk","u_dut/kernel_ctx_output_size_q_reg[2]","FDCE","u_dut/kernel_ctx_output_size_q_reg","u_dut/rd_cmd_addr_q_reg[0][0][1]","FDCE","u_dut/rd_cmd_addr_q_reg","7","0.618000000","1.181000000","1.799000000","0.656475820","SLICE_X68Y30","SLICE_X70Y27","","","SIGNATURE_SKIPPED|FDCE|FDCE","SIGNATURE_SKIPPED|FDCE|FDCE","DUT_INTERNAL","u_dut/kernel_ctx_output_size_q_reg","u_dut/rd_cmd_addr_q_reg","0.015000000"
"u_dut/rd_cmd_addr_q_reg[0][0][1]_replica_1/CE","u_dut/kernel_ctx_output_size_q_reg[2]/C","-0.079000000","clk","clk","clk","u_dut/kernel_ctx_output_size_q_reg[2]","FDCE","u_dut/kernel_ctx_output_size_q_reg","u_dut/rd_cmd_addr_q_reg[0][0][1]_replica_1","FDCE","u_dut/rd_cmd_addr_q_reg_replica_1","7","0.618000000","1.273000000","1.891000000","0.673188789","SLICE_X68Y30","SLICE_X76Y23","","","SIGNATURE_SKIPPED|FDCE|FDCE","SIGNATURE_SKIPPED|FDCE|FDCE","DUT_INTERNAL","u_dut/kernel_ctx_output_size_q_reg","u_dut/rd_cmd_addr_q_reg_replica_1","0.079000000"
"u_dut/rd_cmd_addr_q_reg[0][0][1]_replica_2/CE","u_dut/kernel_ctx_output_size_q_reg[2]/C","-0.083000000","clk","clk","clk","u_dut/kernel_ctx_output_size_q_reg[2]","FDCE","u_dut/kernel_ctx_output_size_q_reg","u_dut/rd_cmd_addr_q_reg[0][0][1]_replica_2","FDCE","u_dut/rd_cmd_addr_q_reg_replica_2","7","0.618000000","1.245000000","1.863000000","0.668276973","SLICE_X68Y30","SLICE_X74Y22","","","SIGNATURE_SKIPPED|FDCE|FDCE","SIGNATURE_SKIPPED|FDCE|FDCE","DUT_INTERNAL","u_dut/kernel_ctx_output_size_q_reg","u_dut/rd_cmd_addr_q_reg_replica_2","0.083000000"
"u_dut/rd_cmd_addr_q_reg[0][0][1]_replica_3/CE","u_dut/kernel_ctx_output_size_q_reg[2]/C","-0.061000000","clk","clk","clk","u_dut/kernel_ctx_output_size_q_reg[2]","FDCE","u_dut/kernel_ctx_output_size_q_reg","u_dut/rd_cmd_addr_q_reg[0][0][1]_replica_3","FDCE","u_dut/rd_cmd_addr_q_reg_replica_3","7","0.618000000","1.231000000","1.849000000","0.665765279","SLICE_X68Y30","SLICE_X75Y17","","","SIGNATURE_SKIPPED|FDCE|FDCE","SIGNATURE_SKIPPED|FDCE|FDCE","DUT_INTERNAL","u_dut/kernel_ctx_output_size_q_reg","u_dut/rd_cmd_addr_q_reg_replica_3","0.061000000"
"u_dut/rd_cmd_addr_q_reg[0][0][1]_replica_4/CE","u_dut/kernel_ctx_output_size_q_reg[2]/C","-0.064000000","clk","clk","clk","u_dut/kernel_ctx_output_size_q_reg[2]","FDCE","u_dut/kernel_ctx_output_size_q_reg","u_dut/rd_cmd_addr_q_reg[0][0][1]_replica_4","FDCE","u_dut/rd_cmd_addr_q_reg_replica_4","7","0.618000000","1.239000000","1.857000000","0.667205170","SLICE_X68Y30","SLICE_X69Y24","","","SIGNATURE_SKIPPED|FDCE|FDCE","SIGNATURE_SKIPPED|FDCE|FDCE","DUT_INTERNAL","u_dut/kernel_ctx_output_size_q_reg","u_dut/rd_cmd_addr_q_reg_replica_4","0.064000000"
"u_dut/rd_cmd_addr_q_reg[0][0][1]_replica_5/CE","u_dut/kernel_ctx_output_size_q_reg[2]/C","-0.064000000","clk","clk","clk","u_dut/kernel_ctx_output_size_q_reg[2]","FDCE","u_dut/kernel_ctx_output_size_q_reg","u_dut/rd_cmd_addr_q_reg[0][0][1]_replica_5","FDCE","u_dut/rd_cmd_addr_q_reg_replica_5","7","0.618000000","1.239000000","1.857000000","0.667205170","SLICE_X68Y30","SLICE_X70Y24","","","SIGNATURE_SKIPPED|FDCE|FDCE","SIGNATURE_SKIPPED|FDCE|FDCE","DUT_INTERNAL","u_dut/kernel_ctx_output_size_q_reg","u_dut/rd_cmd_addr_q_reg_replica_5","0.064000000"
"u_dut/rd_cmd_addr_q_reg[0][0][1]_replica_6/CE","u_dut/kernel_ctx_output_size_q_reg[2]/C","-0.064000000","clk","clk","clk","u_dut/kernel_ctx_output_size_q_reg[2]","FDCE","u_dut/kernel_ctx_output_size_q_reg","u_dut/rd_cmd_addr_q_reg[0][0][1]_replica_6","FDCE","u_dut/rd_cmd_addr_q_reg_replica_6","7","0.618000000","1.239000000","1.857000000","0.667205170","SLICE_X68Y30","SLICE_X69Y24","","","SIGNATURE_SKIPPED|FDCE|FDCE","SIGNATURE_SKIPPED|FDCE|FDCE","DUT_INTERNAL","u_dut/kernel_ctx_output_size_q_reg","u_dut/rd_cmd_addr_q_reg_replica_6","0.064000000"
"u_dut/rd_cmd_addr_q_reg[0][0][1]_replica_7/CE","u_dut/kernel_ctx_output_size_q_reg[2]/C","-0.034000000","clk","clk","clk","u_dut/kernel_ctx_output_size_q_reg[2]","FDCE","u_dut/kernel_ctx_output_size_q_reg","u_dut/rd_cmd_addr_q_reg[0][0][1]_replica_7","FDCE","u_dut/rd_cmd_addr_q_reg_replica_7","7","0.618000000","1.208000000","1.826000000","0.661555312","SLICE_X68Y30","SLICE_X74Y13","","","SIGNATURE_SKIPPED|FDCE|FDCE","SIGNATURE_SKIPPED|FDCE|FDCE","DUT_INTERNAL","u_dut/kernel_ctx_output_size_q_reg","u_dut/rd_cmd_addr_q_reg_replica_7","0.034000000"
"u_dut/rd_cmd_addr_q_reg[0][0][2]/CE","u_dut/kernel_ctx_output_size_q_reg[2]/C","-0.049000000","clk","clk","clk","u_dut/kernel_ctx_output_size_q_reg[2]","FDCE","u_dut/kernel_ctx_output_size_q_reg","u_dut/rd_cmd_addr_q_reg[0][0][2]","FDCE","u_dut/rd_cmd_addr_q_reg","7","0.618000000","1.216000000","1.834000000","0.663031625","SLICE_X68Y30","SLICE_X75Y16","","","SIGNATURE_SKIPPED|FDCE|FDCE","SIGNATURE_SKIPPED|FDCE|FDCE","DUT_INTERNAL","u_dut/kernel_ctx_output_size_q_reg","u_dut/rd_cmd_addr_q_reg","0.049000000"
"u_dut/rd_cmd_addr_q_reg[0][0][2]_replica/CE","u_dut/kernel_ctx_output_size_q_reg[2]/C","-0.015000000","clk","clk","clk","u_dut/kernel_ctx_output_size_q_reg[2]","FDCE","u_dut/kernel_ctx_output_size_q_reg","u_dut/rd_cmd_addr_q_reg[0][0][2]_replica","FDCE","u_dut/rd_cmd_addr_q_reg_replica","7","0.618000000","1.181000000","1.799000000","0.656475820","SLICE_X68Y30","SLICE_X70Y27","","","SIGNATURE_SKIPPED|FDCE|FDCE","SIGNATURE_SKIPPED|FDCE|FDCE","DUT_INTERNAL","u_dut/kernel_ctx_output_size_q_reg","u_dut/rd_cmd_addr_q_reg_replica","0.015000000"
"u_dut/rd_cmd_addr_q_reg[0][0][3]/CE","u_dut/kernel_ctx_output_size_q_reg[2]/C","-0.061000000","clk","clk","clk","u_dut/kernel_ctx_output_size_q_reg[2]","FDCE","u_dut/kernel_ctx_output_size_q_reg","u_dut/rd_cmd_addr_q_reg[0][0][3]","FDCE","u_dut/rd_cmd_addr_q_reg","7","0.618000000","1.228000000","1.846000000","0.665222102","SLICE_X68Y30","SLICE_X76Y17","","","SIGNATURE_SKIPPED|FDCE|FDCE","SIGNATURE_SKIPPED|FDCE|FDCE","DUT_INTERNAL","u_dut/kernel_ctx_output_size_q_reg","u_dut/rd_cmd_addr_q_reg","0.061000000"
"u_dut/rd_cmd_addr_q_reg[0][0][3]_replica/CE","u_dut/kernel_ctx_output_size_q_reg[2]/C","-0.097000000","clk","clk","clk","u_dut/kernel_ctx_output_size_q_reg[2]","FDCE","u_dut/kernel_ctx_output_size_q_reg","u_dut/rd_cmd_addr_q_reg[0][0][3]_replica","FDCE","u_dut/rd_cmd_addr_q_reg_replica","7","0.618000000","1.294000000","1.912000000","0.676778243","SLICE_X68Y30","SLICE_X79Y17","","","SIGNATURE_SKIPPED|FDCE|FDCE","SIGNATURE_SKIPPED|FDCE|FDCE","DUT_INTERNAL","u_dut/kernel_ctx_output_size_q_reg","u_dut/rd_cmd_addr_q_reg_replica","0.097000000"
"u_dut/rd_cmd_addr_q_reg[0][0][5]/CE","u_dut/kernel_ctx_output_size_q_reg[2]/C","-0.041000000","clk","clk","clk","u_dut/kernel_ctx_output_size_q_reg[2]","FDCE","u_dut/kernel_ctx_output_size_q_reg","u_dut/rd_cmd_addr_q_reg[0][0][5]","FDCE","u_dut/rd_cmd_addr_q_reg","7","0.618000000","1.218000000","1.836000000","0.663398693","SLICE_X68Y30","SLICE_X69Y24","","","SIGNATURE_SKIPPED|FDCE|FDCE","SIGNATURE_SKIPPED|FDCE|FDCE","DUT_INTERNAL","u_dut/kernel_ctx_output_size_q_reg","u_dut/rd_cmd_addr_q_reg","0.041000000"
"u_dut/rd_cmd_addr_q_reg[0][0][6]/CE","u_dut/kernel_ctx_output_size_q_reg[2]/C","-0.015000000","clk","clk","clk","u_dut/kernel_ctx_output_size_q_reg[2]","FDCE","u_dut/kernel_ctx_output_size_q_reg","u_dut/rd_cmd_addr_q_reg[0][0][6]","FDCE","u_dut/rd_cmd_addr_q_reg","7","0.618000000","1.181000000","1.799000000","0.656475820","SLICE_X68Y30","SLICE_X70Y27","","","SIGNATURE_SKIPPED|FDCE|FDCE","SIGNATURE_SKIPPED|FDCE|FDCE","DUT_INTERNAL","u_dut/kernel_ctx_output_size_q_reg","u_dut/rd_cmd_addr_q_reg","0.015000000"
"u_dut/rd_cmd_addr_q_reg[0][1][4]/CE","u_dut/kernel_ctx_output_size_q_reg[2]/C","-0.014000000","clk","clk","clk","u_dut/kernel_ctx_output_size_q_reg[2]","FDCE","u_dut/kernel_ctx_output_size_q_reg","u_dut/rd_cmd_addr_q_reg[0][1][4]","FDCE","u_dut/rd_cmd_addr_q_reg","7","0.618000000","1.170000000","1.788000000","0.654362416","SLICE_X68Y30","SLICE_X73Y25","","","SIGNATURE_SKIPPED|FDCE|FDCE","SIGNATURE_SKIPPED|FDCE|FDCE","DUT_INTERNAL","u_dut/kernel_ctx_output_size_q_reg","u_dut/rd_cmd_addr_q_reg","0.014000000"
"u_dut/rd_cmd_addr_q_reg[0][1][5]/CE","u_dut/kernel_ctx_output_size_q_reg[2]/C","-0.020000000","clk","clk","clk","u_dut/kernel_ctx_output_size_q_reg[2]","FDCE","u_dut/kernel_ctx_output_size_q_reg","u_dut/rd_cmd_addr_q_reg[0][1][5]","FDCE","u_dut/rd_cmd_addr_q_reg","7","0.618000000","1.179000000","1.797000000","0.656093489","SLICE_X68Y30","SLICE_X73Y23","","","SIGNATURE_SKIPPED|FDCE|FDCE","SIGNATURE_SKIPPED|FDCE|FDCE","DUT_INTERNAL","u_dut/kernel_ctx_output_size_q_reg","u_dut/rd_cmd_addr_q_reg","0.020000000"
"u_dut/rd_cmd_addr_q_reg[0][1][6]/CE","u_dut/kernel_ctx_output_size_q_reg[2]/C","-0.015000000","clk","clk","clk","u_dut/kernel_ctx_output_size_q_reg[2]","FDCE","u_dut/kernel_ctx_output_size_q_reg","u_dut/rd_cmd_addr_q_reg[0][1][6]","FDCE","u_dut/rd_cmd_addr_q_reg","7","0.618000000","1.182000000","1.800000000","0.656666667","SLICE_X68Y30","SLICE_X70Y27","","","SIGNATURE_SKIPPED|FDCE|FDCE","SIGNATURE_SKIPPED|FDCE|FDCE","DUT_INTERNAL","u_dut/kernel_ctx_output_size_q_reg","u_dut/rd_cmd_addr_q_reg","0.015000000"
"u_dut/rd_cmd_addr_q_reg[0][2][4]/CE","u_dut/kernel_ctx_output_size_q_reg[2]/C","-0.034000000","clk","clk","clk","u_dut/kernel_ctx_output_size_q_reg[2]","FDCE","u_dut/kernel_ctx_output_size_q_reg","u_dut/rd_cmd_addr_q_reg[0][2][4]","FDCE","u_dut/rd_cmd_addr_q_reg","7","0.618000000","1.196000000","1.814000000","0.659316428","SLICE_X68Y30","SLICE_X74Y21","","","SIGNATURE_SKIPPED|FDCE|FDCE","SIGNATURE_SKIPPED|FDCE|FDCE","DUT_INTERNAL","u_dut/kernel_ctx_output_size_q_reg","u_dut/rd_cmd_addr_q_reg","0.034000000"
"u_dut/rd_cmd_addr_q_reg[0][2][5]/CE","u_dut/kernel_ctx_output_size_q_reg[2]/C","-0.034000000","clk","clk","clk","u_dut/kernel_ctx_output_size_q_reg[2]","FDCE","u_dut/kernel_ctx_output_size_q_reg","u_dut/rd_cmd_addr_q_reg[0][2][5]","FDCE","u_dut/rd_cmd_addr_q_reg","7","0.618000000","1.196000000","1.814000000","0.659316428","SLICE_X68Y30","SLICE_X74Y21","","","SIGNATURE_SKIPPED|FDCE|FDCE","SIGNATURE_SKIPPED|FDCE|FDCE","DUT_INTERNAL","u_dut/kernel_ctx_output_size_q_reg","u_dut/rd_cmd_addr_q_reg","0.034000000"
"u_dut/rd_cmd_addr_q_reg[0][2][6]/CE","u_dut/kernel_ctx_output_size_q_reg[2]/C","-0.072000000","clk","clk","clk","u_dut/kernel_ctx_output_size_q_reg[2]","FDCE","u_dut/kernel_ctx_output_size_q_reg","u_dut/rd_cmd_addr_q_reg[0][2][6]","FDCE","u_dut/rd_cmd_addr_q_reg","7","0.618000000","1.249000000","1.867000000","0.668987681","SLICE_X68Y30","SLICE_X70Y23","","","SIGNATURE_SKIPPED|FDCE|FDCE","SIGNATURE_SKIPPED|FDCE|FDCE","DUT_INTERNAL","u_dut/kernel_ctx_output_size_q_reg","u_dut/rd_cmd_addr_q_reg","0.072000000"
"u_dut/rd_cmd_addr_q_reg[0][2][8]/CE","u_dut/kernel_ctx_output_size_q_reg[2]/C","-0.072000000","clk","clk","clk","u_dut/kernel_ctx_output_size_q_reg[2]","FDCE","u_dut/kernel_ctx_output_size_q_reg","u_dut/rd_cmd_addr_q_reg[0][2][8]","FDCE","u_dut/rd_cmd_addr_q_reg","7","0.618000000","1.352000000","1.970000000","0.686294416","SLICE_X68Y30","SLICE_X71Y22","","","SIGNATURE_SKIPPED|FDCE|FDCE","SIGNATURE_SKIPPED|FDCE|FDCE","DUT_INTERNAL","u_dut/kernel_ctx_output_size_q_reg","u_dut/rd_cmd_addr_q_reg","0.072000000"
"u_dut/rd_cmd_addr_q_reg[0][2][9]/CE","u_dut/kernel_ctx_output_size_q_reg[2]/C","-0.020000000","clk","clk","clk","u_dut/kernel_ctx_output_size_q_reg[2]","FDCE","u_dut/kernel_ctx_output_size_q_reg","u_dut/rd_cmd_addr_q_reg[0][2][9]","FDCE","u_dut/rd_cmd_addr_q_reg","7","0.618000000","1.297000000","1.915000000","0.677284595","SLICE_X68Y30","SLICE_X70Y20","","","SIGNATURE_SKIPPED|FDCE|FDCE","SIGNATURE_SKIPPED|FDCE|FDCE","DUT_INTERNAL","u_dut/kernel_ctx_output_size_q_reg","u_dut/rd_cmd_addr_q_reg","0.020000000"
"u_dut/rd_cmd_addr_q_reg[0][3][4]/CE","u_dut/kernel_ctx_output_size_q_reg[2]/C","-0.021000000","clk","clk","clk","u_dut/kernel_ctx_output_size_q_reg[2]","FDCE","u_dut/kernel_ctx_output_size_q_reg","u_dut/rd_cmd_addr_q_reg[0][3][4]","FDCE","u_dut/rd_cmd_addr_q_reg","7","0.618000000","1.185000000","1.803000000","0.657237937","SLICE_X68Y30","SLICE_X74Y24","","","SIGNATURE_SKIPPED|FDCE|FDCE","SIGNATURE_SKIPPED|FDCE|FDCE","DUT_INTERNAL","u_dut/kernel_ctx_output_size_q_reg","u_dut/rd_cmd_addr_q_reg","0.021000000"
"u_dut/rd_cmd_addr_q_reg[0][3][5]/CE","u_dut/kernel_ctx_output_size_q_reg[2]/C","-0.020000000","clk","clk","clk","u_dut/kernel_ctx_output_size_q_reg[2]","FDCE","u_dut/kernel_ctx_output_size_q_reg","u_dut/rd_cmd_addr_q_reg[0][3][5]","FDCE","u_dut/rd_cmd_addr_q_reg","7","0.618000000","1.179000000","1.797000000","0.656093489","SLICE_X68Y30","SLICE_X73Y23","","","SIGNATURE_SKIPPED|FDCE|FDCE","SIGNATURE_SKIPPED|FDCE|FDCE","DUT_INTERNAL","u_dut/kernel_ctx_output_size_q_reg","u_dut/rd_cmd_addr_q_reg","0.020000000"
"u_dut/rd_cmd_addr_q_reg[0][3][5]/D","u_dut/compute_slot_q_reg/C","-0.025000000","clk","clk","clk","u_dut/compute_slot_q_reg","FDCE","u_dut/compute_slot_q_reg","u_dut/rd_cmd_addr_q_reg[0][3][5]","FDCE","u_dut/rd_cmd_addr_q_reg","2","0.209000000","1.745000000","1.954000000","0.893039918","SLICE_X82Y29","SLICE_X73Y23","","","SIGNATURE_SKIPPED|FDCE|FDCE","SIGNATURE_SKIPPED|FDCE|FDCE","DUT_INTERNAL","u_dut/compute_slot_q_reg","u_dut/rd_cmd_addr_q_reg","0.025000000"
"u_dut/rd_cmd_addr_q_reg[0][3][6]/CE","u_dut/kernel_ctx_output_size_q_reg[2]/C","-0.072000000","clk","clk","clk","u_dut/kernel_ctx_output_size_q_reg[2]","FDCE","u_dut/kernel_ctx_output_size_q_reg","u_dut/rd_cmd_addr_q_reg[0][3][6]","FDCE","u_dut/rd_cmd_addr_q_reg","7","0.618000000","1.250000000","1.868000000","0.669164882","SLICE_X68Y30","SLICE_X70Y23","","","SIGNATURE_SKIPPED|FDCE|FDCE","SIGNATURE_SKIPPED|FDCE|FDCE","DUT_INTERNAL","u_dut/kernel_ctx_output_size_q_reg","u_dut/rd_cmd_addr_q_reg","0.072000000"
"u_dut/rd_cmd_addr_q_reg[0][3][7]/CE","u_dut/kernel_ctx_output_size_q_reg[2]/C","-0.072000000","clk","clk","clk","u_dut/kernel_ctx_output_size_q_reg[2]","FDCE","u_dut/kernel_ctx_output_size_q_reg","u_dut/rd_cmd_addr_q_reg[0][3][7]","FDCE","u_dut/rd_cmd_addr_q_reg","7","0.618000000","1.249000000","1.867000000","0.668987681","SLICE_X68Y30","SLICE_X70Y23","","","SIGNATURE_SKIPPED|FDCE|FDCE","SIGNATURE_SKIPPED|FDCE|FDCE","DUT_INTERNAL","u_dut/kernel_ctx_output_size_q_reg","u_dut/rd_cmd_addr_q_reg","0.072000000"
"u_dut/rd_cmd_addr_q_reg[0][3][8]/CE","u_dut/kernel_ctx_output_size_q_reg[2]/C","-0.071000000","clk","clk","clk","u_dut/kernel_ctx_output_size_q_reg[2]","FDCE","u_dut/kernel_ctx_output_size_q_reg","u_dut/rd_cmd_addr_q_reg[0][3][8]","FDCE","u_dut/rd_cmd_addr_q_reg","7","0.618000000","1.352000000","1.970000000","0.686294416","SLICE_X68Y30","SLICE_X71Y22","","","SIGNATURE_SKIPPED|FDCE|FDCE","SIGNATURE_SKIPPED|FDCE|FDCE","DUT_INTERNAL","u_dut/kernel_ctx_output_size_q_reg","u_dut/rd_cmd_addr_q_reg","0.071000000"
"u_dut/rd_cmd_addr_q_reg[0][3][9]/CE","u_dut/kernel_ctx_output_size_q_reg[2]/C","-0.020000000","clk","clk","clk","u_dut/kernel_ctx_output_size_q_reg[2]","FDCE","u_dut/kernel_ctx_output_size_q_reg","u_dut/rd_cmd_addr_q_reg[0][3][9]","FDCE","u_dut/rd_cmd_addr_q_reg","7","0.618000000","1.298000000","1.916000000","0.677453027","SLICE_X68Y30","SLICE_X70Y20","","","SIGNATURE_SKIPPED|FDCE|FDCE","SIGNATURE_SKIPPED|FDCE|FDCE","DUT_INTERNAL","u_dut/kernel_ctx_output_size_q_reg","u_dut/rd_cmd_addr_q_reg","0.020000000"
"u_dut/rd_cmd_addr_q_reg[1][0][0]/D","u_dut/compute_slot_q_reg/C","-0.034000000","clk","clk","clk","u_dut/compute_slot_q_reg","FDCE","u_dut/compute_slot_q_reg","u_dut/rd_cmd_addr_q_reg[1][0][0]","FDCE","u_dut/rd_cmd_addr_q_reg","2","0.349000000","1.603000000","1.952000000","0.821209016","SLICE_X82Y29","SLICE_X73Y27","","","SIGNATURE_SKIPPED|FDCE|FDCE","SIGNATURE_SKIPPED|FDCE|FDCE","DUT_INTERNAL","u_dut/compute_slot_q_reg","u_dut/rd_cmd_addr_q_reg","0.034000000"
"u_dut/rd_cmd_addr_q_reg[1][0][0]_replica/CE","u_dut/kernel_ctx_output_size_q_reg[2]/C","-0.069000000","clk","clk","clk","u_dut/kernel_ctx_output_size_q_reg[2]","FDCE","u_dut/kernel_ctx_output_size_q_reg","u_dut/rd_cmd_addr_q_reg[1][0][0]_replica","FDCE","u_dut/rd_cmd_addr_q_reg_replica","7","0.618000000","1.231000000","1.849000000","0.665765279","SLICE_X68Y30","SLICE_X62Y31","","","SIGNATURE_SKIPPED|FDCE|FDCE","SIGNATURE_SKIPPED|FDCE|FDCE","DUT_INTERNAL","u_dut/kernel_ctx_output_size_q_reg","u_dut/rd_cmd_addr_q_reg_replica","0.069000000"
"u_dut/rd_cmd_addr_q_reg[1][0][0]_replica_1/CE","u_dut/kernel_ctx_output_size_q_reg[2]/C","-0.046000000","clk","clk","clk","u_dut/kernel_ctx_output_size_q_reg[2]","FDCE","u_dut/kernel_ctx_output_size_q_reg","u_dut/rd_cmd_addr_q_reg[1][0][0]_replica_1","FDCE","u_dut/rd_cmd_addr_q_reg_replica_1","7","0.618000000","1.230000000","1.848000000","0.665584416","SLICE_X68Y30","SLICE_X62Y28","","","SIGNATURE_SKIPPED|FDCE|FDCE","SIGNATURE_SKIPPED|FDCE|FDCE","DUT_INTERNAL","u_dut/kernel_ctx_output_size_q_reg","u_dut/rd_cmd_addr_q_reg_replica_1","0.046000000"
"u_dut/rd_cmd_addr_q_reg[1][0][0]_replica_3/CE","u_dut/kernel_ctx_output_size_q_reg[2]/C","-0.041000000","clk","clk","clk","u_dut/kernel_ctx_output_size_q_reg[2]","FDCE","u_dut/kernel_ctx_output_size_q_reg","u_dut/rd_cmd_addr_q_reg[1][0][0]_replica_3","FDCE","u_dut/rd_cmd_addr_q_reg_replica_3","7","0.618000000","1.220000000","1.838000000","0.663764962","SLICE_X68Y30","SLICE_X66Y23","","","SIGNATURE_SKIPPED|FDCE|FDCE","SIGNATURE_SKIPPED|FDCE|FDCE","DUT_INTERNAL","u_dut/kernel_ctx_output_size_q_reg","u_dut/rd_cmd_addr_q_reg_replica_3","0.041000000"
"u_dut/rd_cmd_addr_q_reg[1][0][0]_replica_5/CE","u_dut/kernel_ctx_output_size_q_reg[2]/C","-0.082000000","clk","clk","clk","u_dut/kernel_ctx_output_size_q_reg[2]","FDCE","u_dut/kernel_ctx_output_size_q_reg","u_dut/rd_cmd_addr_q_reg[1][0][0]_replica_5","FDCE","u_dut/rd_cmd_addr_q_reg_replica_5","7","0.618000000","1.257000000","1.875000000","0.670400000","SLICE_X68Y30","SLICE_X66Y25","","","SIGNATURE_SKIPPED|FDCE|FDCE","SIGNATURE_SKIPPED|FDCE|FDCE","DUT_INTERNAL","u_dut/kernel_ctx_output_size_q_reg","u_dut/rd_cmd_addr_q_reg_replica_5","0.082000000"
"u_dut/rd_cmd_addr_q_reg[1][0][0]_replica_6/CE","u_dut/kernel_ctx_output_size_q_reg[2]/C","-0.056000000","clk","clk","clk","u_dut/kernel_ctx_output_size_q_reg[2]","FDCE","u_dut/kernel_ctx_output_size_q_reg","u_dut/rd_cmd_addr_q_reg[1][0][0]_replica_6","FDCE","u_dut/rd_cmd_addr_q_reg_replica_6","7","0.618000000","1.243000000","1.861000000","0.667920473","SLICE_X68Y30","SLICE_X63Y17","","","SIGNATURE_SKIPPED|FDCE|FDCE","SIGNATURE_SKIPPED|FDCE|FDCE","DUT_INTERNAL","u_dut/kernel_ctx_output_size_q_reg","u_dut/rd_cmd_addr_q_reg_replica_6","0.056000000"
"u_dut/rd_cmd_addr_q_reg[1][0][1]/CE","u_dut/kernel_ctx_output_size_q_reg[2]/C","-0.107000000","clk","clk","clk","u_dut/kernel_ctx_output_size_q_reg[2]","FDCE","u_dut/kernel_ctx_output_size_q_reg","u_dut/rd_cmd_addr_q_reg[1][0][1]","FDCE","u_dut/rd_cmd_addr_q_reg","7","0.618000000","1.283000000","1.901000000","0.674907943","SLICE_X68Y30","SLICE_X70Y21","","","SIGNATURE_SKIPPED|FDCE|FDCE","SIGNATURE_SKIPPED|FDCE|FDCE","DUT_INTERNAL","u_dut/kernel_ctx_output_size_q_reg","u_dut/rd_cmd_addr_q_reg","0.107000000"
"u_dut/rd_cmd_addr_q_reg[1][0][2]/CE","u_dut/kernel_ctx_output_size_q_reg[2]/C","-0.032000000","clk","clk","clk","u_dut/kernel_ctx_output_size_q_reg[2]","FDCE","u_dut/kernel_ctx_output_size_q_reg","u_dut/rd_cmd_addr_q_reg[1][0][2]","FDCE","u_dut/rd_cmd_addr_q_reg","7","0.618000000","1.213000000","1.831000000","0.662479519","SLICE_X68Y30","SLICE_X61Y24","","","SIGNATURE_SKIPPED|FDCE|FDCE","SIGNATURE_SKIPPED|FDCE|FDCE","DUT_INTERNAL","u_dut/kernel_ctx_output_size_q_reg","u_dut/rd_cmd_addr_q_reg","0.032000000"
"u_dut/rd_cmd_addr_q_reg[1][0][2]_replica_2/CE","u_dut/kernel_ctx_output_size_q_reg[2]/C","-0.069000000","clk","clk","clk","u_dut/kernel_ctx_output_size_q_reg[2]","FDCE","u_dut/kernel_ctx_output_size_q_reg","u_dut/rd_cmd_addr_q_reg[1][0][2]_replica_2","FDCE","u_dut/rd_cmd_addr_q_reg_replica_2","7","0.618000000","1.231000000","1.849000000","0.665765279","SLICE_X68Y30","SLICE_X62Y31","","","SIGNATURE_SKIPPED|FDCE|FDCE","SIGNATURE_SKIPPED|FDCE|FDCE","DUT_INTERNAL","u_dut/kernel_ctx_output_size_q_reg","u_dut/rd_cmd_addr_q_reg_replica_2","0.069000000"
"u_dut/rd_cmd_addr_q_reg[1][0][2]_replica_2/D","u_dut/compute_slot_q_reg/C","-0.046000000","clk","clk","clk","u_dut/compute_slot_q_reg","FDCE","u_dut/compute_slot_q_reg","u_dut/rd_cmd_addr_q_reg[1][0][2]_replica_2","FDCE","u_dut/rd_cmd_addr_q_reg_replica_2","2","0.293000000","1.686000000","1.979000000","0.851945427","SLICE_X82Y29","SLICE_X62Y31","","","SIGNATURE_SKIPPED|FDCE|FDCE","SIGNATURE_SKIPPED|FDCE|FDCE","DUT_INTERNAL","u_dut/compute_slot_q_reg","u_dut/rd_cmd_addr_q_reg_replica_2","0.046000000"
"u_dut/rd_cmd_addr_q_reg[1][0][2]_replica_3/CE","u_dut/kernel_ctx_output_size_q_reg[2]/C","-0.070000000","clk","clk","clk","u_dut/kernel_ctx_output_size_q_reg[2]","FDCE","u_dut/kernel_ctx_output_size_q_reg","u_dut/rd_cmd_addr_q_reg[1][0][2]_replica_3","FDCE","u_dut/rd_cmd_addr_q_reg_replica_3","7","0.618000000","1.348000000","1.966000000","0.685656155","SLICE_X68Y30","SLICE_X72Y22","","","SIGNATURE_SKIPPED|FDCE|FDCE","SIGNATURE_SKIPPED|FDCE|FDCE","DUT_INTERNAL","u_dut/kernel_ctx_output_size_q_reg","u_dut/rd_cmd_addr_q_reg_replica_3","0.070000000"
"u_dut/rd_cmd_addr_q_reg[1][0][2]_replica_6/D","u_dut/compute_slot_q_reg/C","-0.001000000","clk","clk","clk","u_dut/compute_slot_q_reg","FDCE","u_dut/compute_slot_q_reg","u_dut/rd_cmd_addr_q_reg[1][0][2]_replica_6","FDCE","u_dut/rd_cmd_addr_q_reg_replica_6","2","0.293000000","1.655000000","1.948000000","0.849589322","SLICE_X82Y29","SLICE_X71Y29","","","SIGNATURE_SKIPPED|FDCE|FDCE","SIGNATURE_SKIPPED|FDCE|FDCE","DUT_INTERNAL","u_dut/compute_slot_q_reg","u_dut/rd_cmd_addr_q_reg_replica_6","0.001000000"
"u_dut/rd_cmd_addr_q_reg[1][0][3]/CE","u_dut/kernel_ctx_output_size_q_reg[2]/C","-0.072000000","clk","clk","clk","u_dut/kernel_ctx_output_size_q_reg[2]","FDCE","u_dut/kernel_ctx_output_size_q_reg","u_dut/rd_cmd_addr_q_reg[1][0][3]","FDCE","u_dut/rd_cmd_addr_q_reg","7","0.618000000","1.250000000","1.868000000","0.669164882","SLICE_X68Y30","SLICE_X69Y23","","","SIGNATURE_SKIPPED|FDCE|FDCE","SIGNATURE_SKIPPED|FDCE|FDCE","DUT_INTERNAL","u_dut/kernel_ctx_output_size_q_reg","u_dut/rd_cmd_addr_q_reg","0.072000000"
"u_dut/rd_cmd_addr_q_reg[1][0][5]/CE","u_dut/kernel_ctx_output_size_q_reg[2]/C","-0.107000000","clk","clk","clk","u_dut/kernel_ctx_output_size_q_reg[2]","FDCE","u_dut/kernel_ctx_output_size_q_reg","u_dut/rd_cmd_addr_q_reg[1][0][5]","FDCE","u_dut/rd_cmd_addr_q_reg","7","0.618000000","1.283000000","1.901000000","0.674907943","SLICE_X68Y30","SLICE_X69Y21","","","SIGNATURE_SKIPPED|FDCE|FDCE","SIGNATURE_SKIPPED|FDCE|FDCE","DUT_INTERNAL","u_dut/kernel_ctx_output_size_q_reg","u_dut/rd_cmd_addr_q_reg","0.107000000"
"u_dut/rd_cmd_addr_q_reg[1][0][6]/CE","u_dut/kernel_ctx_output_size_q_reg[2]/C","-0.085000000","clk","clk","clk","u_dut/kernel_ctx_output_size_q_reg[2]","FDCE","u_dut/kernel_ctx_output_size_q_reg","u_dut/rd_cmd_addr_q_reg[1][0][6]","FDCE","u_dut/rd_cmd_addr_q_reg","7","0.618000000","1.241000000","1.859000000","0.667563206","SLICE_X68Y30","SLICE_X70Y31","","","SIGNATURE_SKIPPED|FDCE|FDCE","SIGNATURE_SKIPPED|FDCE|FDCE","DUT_INTERNAL","u_dut/kernel_ctx_output_size_q_reg","u_dut/rd_cmd_addr_q_reg","0.085000000"
"u_dut/rd_cmd_addr_q_reg[1][1][6]/CE","u_dut/kernel_ctx_output_size_q_reg[2]/C","-0.085000000","clk","clk","clk","u_dut/kernel_ctx_output_size_q_reg[2]","FDCE","u_dut/kernel_ctx_output_size_q_reg","u_dut/rd_cmd_addr_q_reg[1][1][6]","FDCE","u_dut/rd_cmd_addr_q_reg","7","0.618000000","1.242000000","1.860000000","0.667741935","SLICE_X68Y30","SLICE_X70Y31","","","SIGNATURE_SKIPPED|FDCE|FDCE","SIGNATURE_SKIPPED|FDCE|FDCE","DUT_INTERNAL","u_dut/kernel_ctx_output_size_q_reg","u_dut/rd_cmd_addr_q_reg","0.085000000"
"u_dut/rd_cmd_addr_q_reg[1][2][6]/CE","u_dut/kernel_ctx_output_size_q_reg[2]/C","-0.085000000","clk","clk","clk","u_dut/kernel_ctx_output_size_q_reg[2]","FDCE","u_dut/kernel_ctx_output_size_q_reg","u_dut/rd_cmd_addr_q_reg[1][2][6]","FDCE","u_dut/rd_cmd_addr_q_reg","7","0.618000000","1.241000000","1.859000000","0.667563206","SLICE_X68Y30","SLICE_X70Y31","","","SIGNATURE_SKIPPED|FDCE|FDCE","SIGNATURE_SKIPPED|FDCE|FDCE","DUT_INTERNAL","u_dut/kernel_ctx_output_size_q_reg","u_dut/rd_cmd_addr_q_reg","0.085000000"
"u_dut/rd_cmd_addr_q_reg[1][2][8]/CE","u_dut/kernel_ctx_output_size_q_reg[2]/C","-0.005000000","clk","clk","clk","u_dut/kernel_ctx_output_size_q_reg[2]","FDCE","u_dut/kernel_ctx_output_size_q_reg","u_dut/rd_cmd_addr_q_reg[1][2][8]","FDCE","u_dut/rd_cmd_addr_q_reg","7","0.618000000","1.281000000","1.899000000","0.674565561","SLICE_X68Y30","SLICE_X70Y21","","","SIGNATURE_SKIPPED|FDCE|FDCE","SIGNATURE_SKIPPED|FDCE|FDCE","DUT_INTERNAL","u_dut/kernel_ctx_output_size_q_reg","u_dut/rd_cmd_addr_q_reg","0.005000000"
"u_dut/rd_cmd_addr_q_reg[1][2][9]/CE","u_dut/kernel_ctx_output_size_q_reg[2]/C","-0.020000000","clk","clk","clk","u_dut/kernel_ctx_output_size_q_reg[2]","FDCE","u_dut/kernel_ctx_output_size_q_reg","u_dut/rd_cmd_addr_q_reg[1][2][9]","FDCE","u_dut/rd_cmd_addr_q_reg","7","0.618000000","1.297000000","1.915000000","0.677284595","SLICE_X68Y30","SLICE_X70Y20","","","SIGNATURE_SKIPPED|FDCE|FDCE","SIGNATURE_SKIPPED|FDCE|FDCE","DUT_INTERNAL","u_dut/kernel_ctx_output_size_q_reg","u_dut/rd_cmd_addr_q_reg","0.020000000"
"u_dut/rd_cmd_addr_q_reg[1][3][6]/CE","u_dut/kernel_ctx_output_size_q_reg[2]/C","-0.085000000","clk","clk","clk","u_dut/kernel_ctx_output_size_q_reg[2]","FDCE","u_dut/kernel_ctx_output_size_q_reg","u_dut/rd_cmd_addr_q_reg[1][3][6]","FDCE","u_dut/rd_cmd_addr_q_reg","7","0.618000000","1.242000000","1.860000000","0.667741935","SLICE_X68Y30","SLICE_X70Y31","","","SIGNATURE_SKIPPED|FDCE|FDCE","SIGNATURE_SKIPPED|FDCE|FDCE","DUT_INTERNAL","u_dut/kernel_ctx_output_size_q_reg","u_dut/rd_cmd_addr_q_reg","0.085000000"
"u_dut/rd_cmd_addr_q_reg[1][3][8]/CE","u_dut/kernel_ctx_output_size_q_reg[2]/C","-0.005000000","clk","clk","clk","u_dut/kernel_ctx_output_size_q_reg[2]","FDCE","u_dut/kernel_ctx_output_size_q_reg","u_dut/rd_cmd_addr_q_reg[1][3][8]","FDCE","u_dut/rd_cmd_addr_q_reg","7","0.618000000","1.282000000","1.900000000","0.674736842","SLICE_X68Y30","SLICE_X70Y21","","","SIGNATURE_SKIPPED|FDCE|FDCE","SIGNATURE_SKIPPED|FDCE|FDCE","DUT_INTERNAL","u_dut/kernel_ctx_output_size_q_reg","u_dut/rd_cmd_addr_q_reg","0.005000000"
"u_dut/rd_cmd_addr_q_reg[1][3][9]/CE","u_dut/kernel_ctx_output_size_q_reg[2]/C","-0.020000000","clk","clk","clk","u_dut/kernel_ctx_output_size_q_reg[2]","FDCE","u_dut/kernel_ctx_output_size_q_reg","u_dut/rd_cmd_addr_q_reg[1][3][9]","FDCE","u_dut/rd_cmd_addr_q_reg","7","0.618000000","1.298000000","1.916000000","0.677453027","SLICE_X68Y30","SLICE_X70Y20","","","SIGNATURE_SKIPPED|FDCE|FDCE","SIGNATURE_SKIPPED|FDCE|FDCE","DUT_INTERNAL","u_dut/kernel_ctx_output_size_q_reg","u_dut/rd_cmd_addr_q_reg","0.020000000"
"u_dut/rd_cmd_group_q_reg[2]/CE","u_dut/kernel_ctx_output_size_q_reg[2]/C","-0.041000000","clk","clk","clk","u_dut/kernel_ctx_output_size_q_reg[2]","FDCE","u_dut/kernel_ctx_output_size_q_reg","u_dut/rd_cmd_group_q_reg[2]","FDCE","u_dut/rd_cmd_group_q_reg","7","0.618000000","1.205000000","1.823000000","0.660998354","SLICE_X68Y30","SLICE_X70Y33","","","SIGNATURE_SKIPPED|FDCE|FDCE","SIGNATURE_SKIPPED|FDCE|FDCE","DUT_INTERNAL","u_dut/kernel_ctx_output_size_q_reg","u_dut/rd_cmd_group_q_reg","0.041000000"
"u_dut/rd_cmd_group_q_reg[3]/CE","u_dut/kernel_ctx_output_size_q_reg[2]/C","-0.015000000","clk","clk","clk","u_dut/kernel_ctx_output_size_q_reg[2]","FDCE","u_dut/kernel_ctx_output_size_q_reg","u_dut/rd_cmd_group_q_reg[3]","FDCE","u_dut/rd_cmd_group_q_reg","7","0.618000000","1.181000000","1.799000000","0.656475820","SLICE_X68Y30","SLICE_X70Y27","","","SIGNATURE_SKIPPED|FDCE|FDCE","SIGNATURE_SKIPPED|FDCE|FDCE","DUT_INTERNAL","u_dut/kernel_ctx_output_size_q_reg","u_dut/rd_cmd_group_q_reg","0.015000000"
"u_dut/rd_cmd_lfnst_bank_q_reg[0]/CE","u_dut/kernel_ctx_output_size_q_reg[2]/C","-0.005000000","clk","clk","clk","u_dut/kernel_ctx_output_size_q_reg[2]","FDCE","u_dut/kernel_ctx_output_size_q_reg","u_dut/rd_cmd_lfnst_bank_q_reg[0]","FDCE","u_dut/rd_cmd_lfnst_bank_q_reg","7","0.618000000","1.281000000","1.899000000","0.674565561","SLICE_X68Y30","SLICE_X70Y21","","","SIGNATURE_SKIPPED|FDCE|FDCE","SIGNATURE_SKIPPED|FDCE|FDCE","DUT_INTERNAL","u_dut/kernel_ctx_output_size_q_reg","u_dut/rd_cmd_lfnst_bank_q_reg","0.005000000"
"u_dut/rd_cmd_lfnst_bank_q_reg[1]/CE","u_dut/kernel_ctx_output_size_q_reg[2]/C","-0.005000000","clk","clk","clk","u_dut/kernel_ctx_output_size_q_reg[2]","FDCE","u_dut/kernel_ctx_output_size_q_reg","u_dut/rd_cmd_lfnst_bank_q_reg[1]","FDCE","u_dut/rd_cmd_lfnst_bank_q_reg","7","0.618000000","1.282000000","1.900000000","0.674736842","SLICE_X68Y30","SLICE_X70Y21","","","SIGNATURE_SKIPPED|FDCE|FDCE","SIGNATURE_SKIPPED|FDCE|FDCE","DUT_INTERNAL","u_dut/kernel_ctx_output_size_q_reg","u_dut/rd_cmd_lfnst_bank_q_reg","0.005000000"
"u_dut/rd_cmd_lfnst_last_q_reg/CE","u_dut/kernel_ctx_output_size_q_reg[2]/C","-0.015000000","clk","clk","clk","u_dut/kernel_ctx_output_size_q_reg[2]","FDCE","u_dut/kernel_ctx_output_size_q_reg","u_dut/rd_cmd_lfnst_last_q_reg","FDCE","u_dut/rd_cmd_lfnst_last_q_reg","7","0.618000000","1.182000000","1.800000000","0.656666667","SLICE_X68Y30","SLICE_X70Y27","","","SIGNATURE_SKIPPED|FDCE|FDCE","SIGNATURE_SKIPPED|FDCE|FDCE","DUT_INTERNAL","u_dut/kernel_ctx_output_size_q_reg","u_dut/rd_cmd_lfnst_last_q_reg","0.015000000"
"u_dut/rd_cmd_vector_q_reg[0]/CE","u_dut/kernel_ctx_output_size_q_reg[2]/C","-0.085000000","clk","clk","clk","u_dut/kernel_ctx_output_size_q_reg[2]","FDCE","u_dut/kernel_ctx_output_size_q_reg","u_dut/rd_cmd_vector_q_reg[0]","FDCE","u_dut/rd_cmd_vector_q_reg","7","0.618000000","1.241000000","1.859000000","0.667563206","SLICE_X68Y30","SLICE_X70Y31","","","SIGNATURE_SKIPPED|FDCE|FDCE","SIGNATURE_SKIPPED|FDCE|FDCE","DUT_INTERNAL","u_dut/kernel_ctx_output_size_q_reg","u_dut/rd_cmd_vector_q_reg","0.085000000"
"u_dut/result_cmd_data_q_reg[1][0]/D","u_dut/u_unified_p4_kernel/fifo_rd_ptr_q_reg[4]/C","-0.014000000","clk","clk","clk","u_dut/u_unified_p4_kernel/fifo_rd_ptr_q_reg[4]","FDCE","u_dut/u_unified_p4_kernel/fifo_rd_ptr_q_reg","u_dut/result_cmd_data_q_reg[1][0]","FDCE","u_dut/result_cmd_data_q_reg","5","0.589000000","1.319000000","1.908000000","0.691299790","SLICE_X60Y41","SLICE_X63Y36","","","SIGNATURE_SKIPPED|FDCE|FDCE","SIGNATURE_SKIPPED|FDCE|FDCE","DUT_INTERNAL","u_dut/u_unified_p4_kernel/fifo_rd_ptr_q_reg","u_dut/result_cmd_data_q_reg","0.014000000"
"u_dut/result_cmd_data_q_reg[1][1]/D","u_dut/u_unified_p4_kernel/fifo_rd_ptr_q_reg[4]/C","-0.008000000","clk","clk","clk","u_dut/u_unified_p4_kernel/fifo_rd_ptr_q_reg[4]","FDCE","u_dut/u_unified_p4_kernel/fifo_rd_ptr_q_reg","u_dut/result_cmd_data_q_reg[1][1]","FDCE","u_dut/result_cmd_data_q_reg","5","0.586000000","1.316000000","1.902000000","0.691903260","SLICE_X60Y41","SLICE_X63Y36","","","SIGNATURE_SKIPPED|FDCE|FDCE","SIGNATURE_SKIPPED|FDCE|FDCE","DUT_INTERNAL","u_dut/u_unified_p4_kernel/fifo_rd_ptr_q_reg","u_dut/result_cmd_data_q_reg","0.008000000"
"u_dut/result_cmd_data_q_reg[1][2]/D","u_dut/u_unified_p4_kernel/fifo_rd_ptr_q_reg[1]/C","-0.047000000","clk","clk","clk","u_dut/u_unified_p4_kernel/fifo_rd_ptr_q_reg[1]","FDCE","u_dut/u_unified_p4_kernel/fifo_rd_ptr_q_reg","u_dut/result_cmd_data_q_reg[1][2]","FDCE","u_dut/result_cmd_data_q_reg","5","0.562000000","1.372000000","1.934000000","0.709410548","SLICE_X62Y42","SLICE_X64Y35","","","SIGNATURE_SKIPPED|FDCE|FDCE","SIGNATURE_SKIPPED|FDCE|FDCE","DUT_INTERNAL","u_dut/u_unified_p4_kernel/fifo_rd_ptr_q_reg","u_dut/result_cmd_data_q_reg","0.047000000"
"u_dut/result_cmd_data_q_reg[1][3]/D","u_dut/u_unified_p4_kernel/fifo_rd_ptr_q_reg[4]/C","-0.002000000","clk","clk","clk","u_dut/u_unified_p4_kernel/fifo_rd_ptr_q_reg[4]","FDCE","u_dut/u_unified_p4_kernel/fifo_rd_ptr_q_reg","u_dut/result_cmd_data_q_reg[1][3]","FDCE","u_dut/result_cmd_data_q_reg","5","0.588000000","1.308000000","1.896000000","0.689873418","SLICE_X60Y41","SLICE_X63Y36","","","SIGNATURE_SKIPPED|FDCE|FDCE","SIGNATURE_SKIPPED|FDCE|FDCE","DUT_INTERNAL","u_dut/u_unified_p4_kernel/fifo_rd_ptr_q_reg","u_dut/result_cmd_data_q_reg","0.002000000"
"u_dut/result_cmd_data_q_reg[1][4]/D","u_dut/u_unified_p4_kernel/fifo_rd_ptr_q_reg[1]/C","-0.031000000","clk","clk","clk","u_dut/u_unified_p4_kernel/fifo_rd_ptr_q_reg[1]","FDCE","u_dut/u_unified_p4_kernel/fifo_rd_ptr_q_reg","u_dut/result_cmd_data_q_reg[1][4]","FDCE","u_dut/result_cmd_data_q_reg","5","0.498000000","1.421000000","1.919000000","0.740489838","SLICE_X62Y42","SLICE_X64Y35","","","SIGNATURE_SKIPPED|FDCE|FDCE","SIGNATURE_SKIPPED|FDCE|FDCE","DUT_INTERNAL","u_dut/u_unified_p4_kernel/fifo_rd_ptr_q_reg","u_dut/result_cmd_data_q_reg","0.031000000"
"u_dut/result_cmd_data_q_reg[1][5]/D","u_dut/u_unified_p4_kernel/fifo_rd_ptr_q_reg[1]/C","-0.022000000","clk","clk","clk","u_dut/u_unified_p4_kernel/fifo_rd_ptr_q_reg[1]","FDCE","u_dut/u_unified_p4_kernel/fifo_rd_ptr_q_reg","u_dut/result_cmd_data_q_reg[1][5]","FDCE","u_dut/result_cmd_data_q_reg","5","0.586000000","1.323000000","1.909000000","0.693033002","SLICE_X62Y42","SLICE_X64Y35","","","SIGNATURE_SKIPPED|FDCE|FDCE","SIGNATURE_SKIPPED|FDCE|FDCE","DUT_INTERNAL","u_dut/u_unified_p4_kernel/fifo_rd_ptr_q_reg","u_dut/result_cmd_data_q_reg","0.022000000"
"u_dut/result_cmd_data_q_reg[1][6]/D","u_dut/u_unified_p4_kernel/fifo_rd_ptr_q_reg[0]/C","-0.054000000","clk","clk","clk","u_dut/u_unified_p4_kernel/fifo_rd_ptr_q_reg[0]","FDCE","u_dut/u_unified_p4_kernel/fifo_rd_ptr_q_reg","u_dut/result_cmd_data_q_reg[1][6]","FDCE","u_dut/result_cmd_data_q_reg","5","0.736000000","1.218000000","1.954000000","0.623336745","SLICE_X61Y42","SLICE_X63Y36","","","SIGNATURE_SKIPPED|FDCE|FDCE","SIGNATURE_SKIPPED|FDCE|FDCE","DUT_INTERNAL","u_dut/u_unified_p4_kernel/fifo_rd_ptr_q_reg","u_dut/result_cmd_data_q_reg","0.054000000"
"u_dut/result_cmd_data_q_reg[1][8]/D","u_dut/u_unified_p4_kernel/fifo_rd_ptr_q_reg[0]/C","-0.057000000","clk","clk","clk","u_dut/u_unified_p4_kernel/fifo_rd_ptr_q_reg[0]","FDCE","u_dut/u_unified_p4_kernel/fifo_rd_ptr_q_reg","u_dut/result_cmd_data_q_reg[1][8]","FDCE","u_dut/result_cmd_data_q_reg","5","0.735000000","1.222000000","1.957000000","0.624425141","SLICE_X61Y42","SLICE_X63Y36","","","SIGNATURE_SKIPPED|FDCE|FDCE","SIGNATURE_SKIPPED|FDCE|FDCE","DUT_INTERNAL","u_dut/u_unified_p4_kernel/fifo_rd_ptr_q_reg","u_dut/result_cmd_data_q_reg","0.057000000"
"u_dut/result_cmd_data_q_reg[1][9]/D","u_dut/u_unified_p4_kernel/fifo_rd_ptr_q_reg[1]/C","-0.045000000","clk","clk","clk","u_dut/u_unified_p4_kernel/fifo_rd_ptr_q_reg[1]","FDCE","u_dut/u_unified_p4_kernel/fifo_rd_ptr_q_reg","u_dut/result_cmd_data_q_reg[1][9]","FDCE","u_dut/result_cmd_data_q_reg","5","0.610000000","1.322000000","1.932000000","0.684265010","SLICE_X62Y42","SLICE_X64Y35","","","SIGNATURE_SKIPPED|FDCE|FDCE","SIGNATURE_SKIPPED|FDCE|FDCE","DUT_INTERNAL","u_dut/u_unified_p4_kernel/fifo_rd_ptr_q_reg","u_dut/result_cmd_data_q_reg","0.045000000"
"u_dut/result_cmd_data_q_reg[2][0]/D","u_dut/u_unified_p4_kernel/fifo_rd_ptr_q_reg[1]/C","-0.034000000","clk","clk","clk","u_dut/u_unified_p4_kernel/fifo_rd_ptr_q_reg[1]","FDCE","u_dut/u_unified_p4_kernel/fifo_rd_ptr_q_reg","u_dut/result_cmd_data_q_reg[2][0]","FDCE","u_dut/result_cmd_data_q_reg","5","0.549000000","1.363000000","1.912000000","0.712866109","SLICE_X62Y42","SLICE_X70Y43","","","SIGNATURE_SKIPPED|FDCE|FDCE","SIGNATURE_SKIPPED|FDCE|FDCE","DUT_INTERNAL","u_dut/u_unified_p4_kernel/fifo_rd_ptr_q_reg","u_dut/result_cmd_data_q_reg","0.034000000"
"u_dut/result_cmd_data_q_reg[2][2]/D","u_dut/u_unified_p4_kernel/fifo_rd_ptr_q_reg[1]/C","-0.034000000","clk","clk","clk","u_dut/u_unified_p4_kernel/fifo_rd_ptr_q_reg[1]","FDCE","u_dut/u_unified_p4_kernel/fifo_rd_ptr_q_reg","u_dut/result_cmd_data_q_reg[2][2]","FDCE","u_dut/result_cmd_data_q_reg","5","0.597000000","1.315000000","1.912000000","0.687761506","SLICE_X62Y42","SLICE_X70Y43","","","SIGNATURE_SKIPPED|FDCE|FDCE","SIGNATURE_SKIPPED|FDCE|FDCE","DUT_INTERNAL","u_dut/u_unified_p4_kernel/fifo_rd_ptr_q_reg","u_dut/result_cmd_data_q_reg","0.034000000"
"u_dut/result_cmd_data_q_reg[2][3]/D","u_dut/u_unified_p4_kernel/fifo_rd_ptr_q_reg[1]/C","-0.034000000","clk","clk","clk","u_dut/u_unified_p4_kernel/fifo_rd_ptr_q_reg[1]","FDCE","u_dut/u_unified_p4_kernel/fifo_rd_ptr_q_reg","u_dut/result_cmd_data_q_reg[2][3]","FDCE","u_dut/result_cmd_data_q_reg","5","0.597000000","1.315000000","1.912000000","0.687761506","SLICE_X62Y42","SLICE_X70Y43","","","SIGNATURE_SKIPPED|FDCE|FDCE","SIGNATURE_SKIPPED|FDCE|FDCE","DUT_INTERNAL","u_dut/u_unified_p4_kernel/fifo_rd_ptr_q_reg","u_dut/result_cmd_data_q_reg","0.034000000"
"u_dut/result_cmd_data_q_reg[2][4]/D","u_dut/u_unified_p4_kernel/fifo_rd_ptr_q_reg[1]/C","-0.009000000","clk","clk","clk","u_dut/u_unified_p4_kernel/fifo_rd_ptr_q_reg[1]","FDCE","u_dut/u_unified_p4_kernel/fifo_rd_ptr_q_reg","u_dut/result_cmd_data_q_reg[2][4]","FDCE","u_dut/result_cmd_data_q_reg","5","0.535000000","1.361000000","1.896000000","0.717827004","SLICE_X62Y42","SLICE_X69Y44","","","SIGNATURE_SKIPPED|FDCE|FDCE","SIGNATURE_SKIPPED|FDCE|FDCE","DUT_INTERNAL","u_dut/u_unified_p4_kernel/fifo_rd_ptr_q_reg","u_dut/result_cmd_data_q_reg","0.009000000"
"u_dut/result_cmd_data_q_reg[2][5]/D","u_dut/u_unified_p4_kernel/fifo_rd_ptr_q_reg[1]/C","-0.063000000","clk","clk","clk","u_dut/u_unified_p4_kernel/fifo_rd_ptr_q_reg[1]","FDCE","u_dut/u_unified_p4_kernel/fifo_rd_ptr_q_reg","u_dut/result_cmd_data_q_reg[2][5]","FDCE","u_dut/result_cmd_data_q_reg","5","0.534000000","1.419000000","1.953000000","0.726574501","SLICE_X62Y42","SLICE_X69Y44","","","SIGNATURE_SKIPPED|FDCE|FDCE","SIGNATURE_SKIPPED|FDCE|FDCE","DUT_INTERNAL","u_dut/u_unified_p4_kernel/fifo_rd_ptr_q_reg","u_dut/result_cmd_data_q_reg","0.063000000"
"u_dut/result_cmd_data_q_reg[2][6]/D","u_dut/u_unified_p4_kernel/fifo_rd_ptr_q_reg[1]/C","-0.060000000","clk","clk","clk","u_dut/u_unified_p4_kernel/fifo_rd_ptr_q_reg[1]","FDCE","u_dut/u_unified_p4_kernel/fifo_rd_ptr_q_reg","u_dut/result_cmd_data_q_reg[2][6]","FDCE","u_dut/result_cmd_data_q_reg","5","0.534000000","1.416000000","1.950000000","0.726153846","SLICE_X62Y42","SLICE_X69Y44","","","SIGNATURE_SKIPPED|FDCE|FDCE","SIGNATURE_SKIPPED|FDCE|FDCE","DUT_INTERNAL","u_dut/u_unified_p4_kernel/fifo_rd_ptr_q_reg","u_dut/result_cmd_data_q_reg","0.060000000"
"u_dut/result_cmd_data_q_reg[2][7]/D","u_dut/u_unified_p4_kernel/fifo_rd_ptr_q_reg[1]/C","-0.008000000","clk","clk","clk","u_dut/u_unified_p4_kernel/fifo_rd_ptr_q_reg[1]","FDCE","u_dut/u_unified_p4_kernel/fifo_rd_ptr_q_reg","u_dut/result_cmd_data_q_reg[2][7]","FDCE","u_dut/result_cmd_data_q_reg","5","0.534000000","1.361000000","1.895000000","0.718205805","SLICE_X62Y42","SLICE_X69Y44","","","SIGNATURE_SKIPPED|FDCE|FDCE","SIGNATURE_SKIPPED|FDCE|FDCE","DUT_INTERNAL","u_dut/u_unified_p4_kernel/fifo_rd_ptr_q_reg","u_dut/result_cmd_data_q_reg","0.008000000"
"u_dut/result_cmd_data_q_reg[3][0]/D","u_dut/u_unified_p4_kernel/fifo_rd_ptr_q_reg[4]/C","-0.064000000","clk","clk","clk","u_dut/u_unified_p4_kernel/fifo_rd_ptr_q_reg[4]","FDCE","u_dut/u_unified_p4_kernel/fifo_rd_ptr_q_reg","u_dut/result_cmd_data_q_reg[3][0]","FDCE","u_dut/result_cmd_data_q_reg","4","0.492000000","1.478000000","1.970000000","0.750253807","SLICE_X60Y41","SLICE_X63Y37","","","SIGNATURE_SKIPPED|FDCE|FDCE","SIGNATURE_SKIPPED|FDCE|FDCE","DUT_INTERNAL","u_dut/u_unified_p4_kernel/fifo_rd_ptr_q_reg","u_dut/result_cmd_data_q_reg","0.064000000"
"u_dut/result_cmd_data_q_reg[3][4]/D","u_dut/u_unified_p4_kernel/fifo_rd_ptr_q_reg[3]/C","-0.011000000","clk","clk","clk","u_dut/u_unified_p4_kernel/fifo_rd_ptr_q_reg[3]","FDCE","u_dut/u_unified_p4_kernel/fifo_rd_ptr_q_reg","u_dut/result_cmd_data_q_reg[3][4]","FDCE","u_dut/result_cmd_data_q_reg","5","0.646000000","1.258000000","1.904000000","0.660714286","SLICE_X60Y41","SLICE_X63Y33","","","SIGNATURE_SKIPPED|FDCE|FDCE","SIGNATURE_SKIPPED|FDCE|FDCE","DUT_INTERNAL","u_dut/u_unified_p4_kernel/fifo_rd_ptr_q_reg","u_dut/result_cmd_data_q_reg","0.011000000"
"u_dut/result_cmd_data_q_reg[3][5]/D","u_dut/u_unified_p4_kernel/fifo_rd_ptr_q_reg[4]/C","-0.012000000","clk","clk","clk","u_dut/u_unified_p4_kernel/fifo_rd_ptr_q_reg[4]","FDCE","u_dut/u_unified_p4_kernel/fifo_rd_ptr_q_reg","u_dut/result_cmd_data_q_reg[3][5]","FDCE","u_dut/result_cmd_data_q_reg","4","0.438000000","1.480000000","1.918000000","0.771637122","SLICE_X60Y41","SLICE_X63Y37","","","SIGNATURE_SKIPPED|FDCE|FDCE","SIGNATURE_SKIPPED|FDCE|FDCE","DUT_INTERNAL","u_dut/u_unified_p4_kernel/fifo_rd_ptr_q_reg","u_dut/result_cmd_data_q_reg","0.012000000"
"u_dut/scrub_index_reg[10]/CE","u_dut/scrub_active_reg/C","-0.008000000","clk","clk","clk","u_dut/scrub_active_reg","FDCE","u_dut/scrub_active_reg","u_dut/scrub_index_reg[10]","FDCE","u_dut/scrub_index_reg","4","0.452000000","1.418000000","1.870000000","0.758288770","SLICE_X77Y21","SLICE_X77Y16","","","SIGNATURE_SKIPPED|FDCE|FDCE","SIGNATURE_SKIPPED|FDCE|FDCE","DUT_INTERNAL","u_dut/scrub_active_reg","u_dut/scrub_index_reg","0.008000000"
"u_dut/scrub_index_reg[11]/CE","u_dut/scrub_active_reg/C","-0.008000000","clk","clk","clk","u_dut/scrub_active_reg","FDCE","u_dut/scrub_active_reg","u_dut/scrub_index_reg[11]","FDCE","u_dut/scrub_index_reg","4","0.452000000","1.417000000","1.869000000","0.758159444","SLICE_X77Y21","SLICE_X77Y16","","","SIGNATURE_SKIPPED|FDCE|FDCE","SIGNATURE_SKIPPED|FDCE|FDCE","DUT_INTERNAL","u_dut/scrub_active_reg","u_dut/scrub_index_reg","0.008000000"
"u_dut/scrub_index_reg[2]/CE","u_dut/scrub_active_reg/C","-0.008000000","clk","clk","clk","u_dut/scrub_active_reg","FDCE","u_dut/scrub_active_reg","u_dut/scrub_index_reg[2]","FDCE","u_dut/scrub_index_reg","4","0.452000000","1.417000000","1.869000000","0.758159444","SLICE_X77Y21","SLICE_X77Y16","","","SIGNATURE_SKIPPED|FDCE|FDCE","SIGNATURE_SKIPPED|FDCE|FDCE","DUT_INTERNAL","u_dut/scrub_active_reg","u_dut/scrub_index_reg","0.008000000"
"u_dut/scrub_index_reg[3]/CE","u_dut/scrub_active_reg/C","-0.008000000","clk","clk","clk","u_dut/scrub_active_reg","FDCE","u_dut/scrub_active_reg","u_dut/scrub_index_reg[3]","FDCE","u_dut/scrub_index_reg","4","0.452000000","1.418000000","1.870000000","0.758288770","SLICE_X77Y21","SLICE_X77Y16","","","SIGNATURE_SKIPPED|FDCE|FDCE","SIGNATURE_SKIPPED|FDCE|FDCE","DUT_INTERNAL","u_dut/scrub_active_reg","u_dut/scrub_index_reg","0.008000000"
"u_dut/scrub_index_reg[4]/CE","u_dut/scrub_active_reg/C","-0.008000000","clk","clk","clk","u_dut/scrub_active_reg","FDCE","u_dut/scrub_active_reg","u_dut/scrub_index_reg[4]","FDCE","u_dut/scrub_index_reg","4","0.452000000","1.417000000","1.869000000","0.758159444","SLICE_X77Y21","SLICE_X78Y16","","","SIGNATURE_SKIPPED|FDCE|FDCE","SIGNATURE_SKIPPED|FDCE|FDCE","DUT_INTERNAL","u_dut/scrub_active_reg","u_dut/scrub_index_reg","0.008000000"
"u_dut/slot_state_reg[0][0]/CE","src_it_data_end_q_reg/C","-0.110000000","clk","clk","clk","src_it_data_end_q_reg","FDCE","src_it_data_end_q_reg","u_dut/slot_state_reg[0][0]","FDCE","u_dut/slot_state_reg","3","0.402000000","1.461000000","1.863000000","0.784219002","SLICE_X90Y4","SLICE_X80Y21","","","SIGNATURE_SKIPPED|FDCE|FDCE","SIGNATURE_SKIPPED|FDCE|FDCE","SOURCE_BOUNDARY_TO_DUT","harness/source_boundary","u_dut/slot_state_reg","0.110000000"
"u_dut/slot_state_reg[0][0]_replica/CE","src_it_data_end_q_reg/C","-0.110000000","clk","clk","clk","src_it_data_end_q_reg","FDCE","src_it_data_end_q_reg","u_dut/slot_state_reg[0][0]_replica","FDCE","u_dut/slot_state_reg_replica","3","0.402000000","1.462000000","1.864000000","0.784334764","SLICE_X90Y4","SLICE_X80Y21","","","SIGNATURE_SKIPPED|FDCE|FDCE","SIGNATURE_SKIPPED|FDCE|FDCE","SOURCE_BOUNDARY_TO_DUT","harness/source_boundary","u_dut/slot_state_reg_replica","0.110000000"
"u_dut/slot_state_reg[0][1]/CE","src_it_data_end_q_reg/C","-0.110000000","clk","clk","clk","src_it_data_end_q_reg","FDCE","src_it_data_end_q_reg","u_dut/slot_state_reg[0][1]","FDCE","u_dut/slot_state_reg","3","0.402000000","1.461000000","1.863000000","0.784219002","SLICE_X90Y4","SLICE_X80Y21","","","SIGNATURE_SKIPPED|FDCE|FDCE","SIGNATURE_SKIPPED|FDCE|FDCE","SOURCE_BOUNDARY_TO_DUT","harness/source_boundary","u_dut/slot_state_reg","0.110000000"
"u_dut/slot_state_reg[0][2]/CE","src_it_data_end_q_reg/C","-0.082000000","clk","clk","clk","src_it_data_end_q_reg","FDCE","src_it_data_end_q_reg","u_dut/slot_state_reg[0][2]","FDCE","u_dut/slot_state_reg","3","0.402000000","1.438000000","1.840000000","0.781521739","SLICE_X90Y4","SLICE_X80Y18","","","SIGNATURE_SKIPPED|FDCE|FDCE","SIGNATURE_SKIPPED|FDCE|FDCE","SOURCE_BOUNDARY_TO_DUT","harness/source_boundary","u_dut/slot_state_reg","0.082000000"
"u_dut/slot_state_reg[0][2]_replica/CE","src_it_data_end_q_reg/C","-0.110000000","clk","clk","clk","src_it_data_end_q_reg","FDCE","src_it_data_end_q_reg","u_dut/slot_state_reg[0][2]_replica","FDCE","u_dut/slot_state_reg_replica","3","0.402000000","1.462000000","1.864000000","0.784334764","SLICE_X90Y4","SLICE_X80Y21","","","SIGNATURE_SKIPPED|FDCE|FDCE","SIGNATURE_SKIPPED|FDCE|FDCE","SOURCE_BOUNDARY_TO_DUT","harness/source_boundary","u_dut/slot_state_reg_replica","0.110000000"
"u_dut/slot_state_reg[1][0]/D","src_it_data_end_q_reg/C","-0.063000000","clk","clk","clk","src_it_data_end_q_reg","FDCE","src_it_data_end_q_reg","u_dut/slot_state_reg[1][0]","FDCE","u_dut/slot_state_reg","3","0.477000000","1.421000000","1.898000000","0.748682824","SLICE_X90Y4","SLICE_X80Y20","","","SIGNATURE_SKIPPED|FDCE|FDCE","SIGNATURE_SKIPPED|FDCE|FDCE","SOURCE_BOUNDARY_TO_DUT","harness/source_boundary","u_dut/slot_state_reg","0.063000000"
"u_dut/slot_state_reg[1][1]/CE","u_dut/output_active_reg_replica_1/C","-0.017000000","clk","clk","clk","u_dut/output_active_reg_replica_1","FDCE","u_dut/output_active_reg_replica_1","u_dut/slot_state_reg[1][1]","FDCE","u_dut/slot_state_reg","4","0.248000000","1.566000000","1.814000000","0.863285557","SLICE_X75Y31","SLICE_X80Y21","","","SIGNATURE_SKIPPED|FDCE|FDCE","SIGNATURE_SKIPPED|FDCE|FDCE","DUT_INTERNAL","u_dut/output_active_reg_replica_1","u_dut/slot_state_reg","0.017000000"
"u_dut/slot_state_reg[1][2]/CE","u_dut/output_active_reg_replica_1/C","-0.017000000","clk","clk","clk","u_dut/output_active_reg_replica_1","FDCE","u_dut/output_active_reg_replica_1","u_dut/slot_state_reg[1][2]","FDCE","u_dut/slot_state_reg","4","0.248000000","1.566000000","1.814000000","0.863285557","SLICE_X75Y31","SLICE_X80Y21","","","SIGNATURE_SKIPPED|FDCE|FDCE","SIGNATURE_SKIPPED|FDCE|FDCE","DUT_INTERNAL","u_dut/output_active_reg_replica_1","u_dut/slot_state_reg","0.017000000"
"u_dut/u_bounded_lfnst_engine/coeff_bundle_q_reg[530]/D","u_dut/u_bounded_lfnst_engine/coeff_fetch_addr_q_reg_rep[0]_rep__1/C","-0.036000000","clk","clk","clk","u_dut/u_bounded_lfnst_engine/coeff_fetch_addr_q_reg_rep[0]_rep__1","FDCE","u_dut/u_bounded_lfnst_engine/coeff_fetch_addr_q_reg_rep_rep__1","u_dut/u_bounded_lfnst_engine/coeff_bundle_q_reg[530]","FDCE","u_dut/u_bounded_lfnst_engine/coeff_bundle_q_reg","2","0.287000000","1.492000000","1.779000000","0.838673412","SLICE_X53Y6","SLICE_X83Y18","","","SIGNATURE_SKIPPED|FDCE|FDCE","SIGNATURE_SKIPPED|FDCE|FDCE","DUT_INTERNAL","u_dut/u_bounded_lfnst_engine/coeff_fetch_addr_q_reg_rep_rep__1","u_dut/u_bounded_lfnst_engine/coeff_bundle_q_reg","0.036000000"
"u_dut/u_bounded_lfnst_engine/coeff_bundle_q_reg[832]/D","u_dut/u_bounded_lfnst_engine/coeff_fetch_addr_q_reg_rep[1]_rep__1/C","-0.002000000","clk","clk","clk","u_dut/u_bounded_lfnst_engine/coeff_fetch_addr_q_reg_rep[1]_rep__1","FDCE","u_dut/u_bounded_lfnst_engine/coeff_fetch_addr_q_reg_rep_rep__1","u_dut/u_bounded_lfnst_engine/coeff_bundle_q_reg[832]","FDCE","u_dut/u_bounded_lfnst_engine/coeff_bundle_q_reg","2","0.263000000","1.529000000","1.792000000","0.853236607","SLICE_X55Y6","SLICE_X60Y21","","","SIGNATURE_SKIPPED|FDCE|FDCE","SIGNATURE_SKIPPED|FDCE|FDCE","DUT_INTERNAL","u_dut/u_bounded_lfnst_engine/coeff_fetch_addr_q_reg_rep_rep__1","u_dut/u_bounded_lfnst_engine/coeff_bundle_q_reg","0.002000000"
"u_dut/u_bounded_lfnst_engine/coeff_bundle_q_reg[835]/D","u_dut/u_bounded_lfnst_engine/coeff_fetch_addr_q_reg_rep[1]_rep__1/C","-0.003000000","clk","clk","clk","u_dut/u_bounded_lfnst_engine/coeff_fetch_addr_q_reg_rep[1]_rep__1","FDCE","u_dut/u_bounded_lfnst_engine/coeff_fetch_addr_q_reg_rep_rep__1","u_dut/u_bounded_lfnst_engine/coeff_bundle_q_reg[835]","FDCE","u_dut/u_bounded_lfnst_engine/coeff_bundle_q_reg","2","0.267000000","1.542000000","1.809000000","0.852404643","SLICE_X55Y6","SLICE_X61Y21","","","SIGNATURE_SKIPPED|FDCE|FDCE","SIGNATURE_SKIPPED|FDCE|FDCE","DUT_INTERNAL","u_dut/u_bounded_lfnst_engine/coeff_fetch_addr_q_reg_rep_rep__1","u_dut/u_bounded_lfnst_engine/coeff_bundle_q_reg","0.003000000"
"u_dut/u_bounded_lfnst_engine/out_data_reg[16]/D","u_dut/u_bounded_lfnst_engine/reduce_l5_q_reg[1][6]/C","-0.036000000","clk","clk","clk","u_dut/u_bounded_lfnst_engine/reduce_l5_q_reg[1][6]","FDCE","u_dut/u_bounded_lfnst_engine/reduce_l5_q_reg","u_dut/u_bounded_lfnst_engine/out_data_reg[16]","FDCE","u_dut/u_bounded_lfnst_engine/out_data_reg","8","0.977000000","0.964000000","1.941000000","0.496651211","SLICE_X44Y13","SLICE_X42Y18","","","SIGNATURE_SKIPPED|FDCE|FDCE","SIGNATURE_SKIPPED|FDCE|FDCE","DUT_INTERNAL","u_dut/u_bounded_lfnst_engine/reduce_l5_q_reg","u_dut/u_bounded_lfnst_engine/out_data_reg","0.036000000"
"u_dut/u_bounded_lfnst_engine/out_data_reg[17]/D","u_dut/u_bounded_lfnst_engine/reduce_l5_q_reg[1][6]/C","-0.035000000","clk","clk","clk","u_dut/u_bounded_lfnst_engine/reduce_l5_q_reg[1][6]","FDCE","u_dut/u_bounded_lfnst_engine/reduce_l5_q_reg","u_dut/u_bounded_lfnst_engine/out_data_reg[17]","FDCE","u_dut/u_bounded_lfnst_engine/out_data_reg","8","0.977000000","0.963000000","1.940000000","0.496391753","SLICE_X44Y13","SLICE_X42Y18","","","SIGNATURE_SKIPPED|FDCE|FDCE","SIGNATURE_SKIPPED|FDCE|FDCE","DUT_INTERNAL","u_dut/u_bounded_lfnst_engine/reduce_l5_q_reg","u_dut/u_bounded_lfnst_engine/out_data_reg","0.035000000"
"u_dut/u_bounded_lfnst_engine/out_data_reg[21]/D","u_dut/u_bounded_lfnst_engine/reduce_l5_q_reg[1][6]/C","-0.012000000","clk","clk","clk","u_dut/u_bounded_lfnst_engine/reduce_l5_q_reg[1][6]","FDCE","u_dut/u_bounded_lfnst_engine/reduce_l5_q_reg","u_dut/u_bounded_lfnst_engine/out_data_reg[21]","FDCE","u_dut/u_bounded_lfnst_engine/out_data_reg","9","0.852000000","1.075000000","1.927000000","0.557861962","SLICE_X44Y13","SLICE_X42Y13","","","SIGNATURE_SKIPPED|FDCE|FDCE","SIGNATURE_SKIPPED|FDCE|FDCE","DUT_INTERNAL","u_dut/u_bounded_lfnst_engine/reduce_l5_q_reg","u_dut/u_bounded_lfnst_engine/out_data_reg","0.012000000"
"u_dut/u_bounded_lfnst_engine/out_data_reg[27]/D","u_dut/u_bounded_lfnst_engine/reduce_l5_q_reg[1][6]/C","-0.008000000","clk","clk","clk","u_dut/u_bounded_lfnst_engine/reduce_l5_q_reg[1][6]","FDCE","u_dut/u_bounded_lfnst_engine/reduce_l5_q_reg","u_dut/u_bounded_lfnst_engine/out_data_reg[27]","FDCE","u_dut/u_bounded_lfnst_engine/out_data_reg","8","0.986000000","0.927000000","1.913000000","0.484579195","SLICE_X44Y13","SLICE_X42Y18","","","SIGNATURE_SKIPPED|FDCE|FDCE","SIGNATURE_SKIPPED|FDCE|FDCE","DUT_INTERNAL","u_dut/u_bounded_lfnst_engine/reduce_l5_q_reg","u_dut/u_bounded_lfnst_engine/out_data_reg","0.008000000"
"u_dut/u_bounded_lfnst_engine/out_data_reg[30]/D","u_dut/u_bounded_lfnst_engine/reduce_l5_q_reg[1][6]/C","-0.002000000","clk","clk","clk","u_dut/u_bounded_lfnst_engine/reduce_l5_q_reg[1][6]","FDCE","u_dut/u_bounded_lfnst_engine/reduce_l5_q_reg","u_dut/u_bounded_lfnst_engine/out_data_reg[30]","FDCE","u_dut/u_bounded_lfnst_engine/out_data_reg","8","0.983000000","0.924000000","1.907000000","0.484530676","SLICE_X44Y13","SLICE_X42Y18","","","SIGNATURE_SKIPPED|FDCE|FDCE","SIGNATURE_SKIPPED|FDCE|FDCE","DUT_INTERNAL","u_dut/u_bounded_lfnst_engine/reduce_l5_q_reg","u_dut/u_bounded_lfnst_engine/out_data_reg","0.002000000"
"u_dut/u_bounded_lfnst_engine/out_data_reg[39]/D","u_dut/u_bounded_lfnst_engine/reduce_l5_q_reg[2][23]/C","-0.003000000","clk","clk","clk","u_dut/u_bounded_lfnst_engine/reduce_l5_q_reg[2][23]","FDCE","u_dut/u_bounded_lfnst_engine/reduce_l5_q_reg","u_dut/u_bounded_lfnst_engine/out_data_reg[39]","FDCE","u_dut/u_bounded_lfnst_engine/out_data_reg","6","0.741000000","1.113000000","1.854000000","0.600323625","SLICE_X89Y3","SLICE_X87Y3","","","SIGNATURE_SKIPPED|FDCE|FDCE","SIGNATURE_SKIPPED|FDCE|FDCE","DUT_INTERNAL","u_dut/u_bounded_lfnst_engine/reduce_l5_q_reg","u_dut/u_bounded_lfnst_engine/out_data_reg","0.003000000"
"u_dut/u_bounded_lfnst_engine/out_data_reg[40]/D","u_dut/u_bounded_lfnst_engine/reduce_l5_q_reg[2][23]/C","-0.023000000","clk","clk","clk","u_dut/u_bounded_lfnst_engine/reduce_l5_q_reg[2][23]","FDCE","u_dut/u_bounded_lfnst_engine/reduce_l5_q_reg","u_dut/u_bounded_lfnst_engine/out_data_reg[40]","FDCE","u_dut/u_bounded_lfnst_engine/out_data_reg","6","0.729000000","1.145000000","1.874000000","0.610992529","SLICE_X89Y3","SLICE_X87Y3","","","SIGNATURE_SKIPPED|FDCE|FDCE","SIGNATURE_SKIPPED|FDCE|FDCE","DUT_INTERNAL","u_dut/u_bounded_lfnst_engine/reduce_l5_q_reg","u_dut/u_bounded_lfnst_engine/out_data_reg","0.023000000"
"u_dut/u_bounded_lfnst_engine/out_data_reg[41]/D","u_dut/u_bounded_lfnst_engine/reduce_l5_q_reg[2][23]/C","-0.047000000","clk","clk","clk","u_dut/u_bounded_lfnst_engine/reduce_l5_q_reg[2][23]","FDCE","u_dut/u_bounded_lfnst_engine/reduce_l5_q_reg","u_dut/u_bounded_lfnst_engine/out_data_reg[41]","FDCE","u_dut/u_bounded_lfnst_engine/out_data_reg","6","0.705000000","1.193000000","1.898000000","0.628556375","SLICE_X89Y3","SLICE_X87Y3","","","SIGNATURE_SKIPPED|FDCE|FDCE","SIGNATURE_SKIPPED|FDCE|FDCE","DUT_INTERNAL","u_dut/u_bounded_lfnst_engine/reduce_l5_q_reg","u_dut/u_bounded_lfnst_engine/out_data_reg","0.047000000"
"u_dut/u_bounded_lfnst_engine/out_data_reg[43]/D","u_dut/u_bounded_lfnst_engine/reduce_l5_q_reg[2][23]/C","-0.005000000","clk","clk","clk","u_dut/u_bounded_lfnst_engine/reduce_l5_q_reg[2][23]","FDCE","u_dut/u_bounded_lfnst_engine/reduce_l5_q_reg","u_dut/u_bounded_lfnst_engine/out_data_reg[43]","FDCE","u_dut/u_bounded_lfnst_engine/out_data_reg","6","0.704000000","1.204000000","1.908000000","0.631027254","SLICE_X89Y3","SLICE_X89Y1","","","SIGNATURE_SKIPPED|FDCE|FDCE","SIGNATURE_SKIPPED|FDCE|FDCE","DUT_INTERNAL","u_dut/u_bounded_lfnst_engine/reduce_l5_q_reg","u_dut/u_bounded_lfnst_engine/out_data_reg","0.005000000"
"u_dut/u_bounded_lfnst_engine/out_data_reg[45]/D","u_dut/u_bounded_lfnst_engine/reduce_l5_q_reg[2][23]/C","-0.021000000","clk","clk","clk","u_dut/u_bounded_lfnst_engine/reduce_l5_q_reg[2][23]","FDCE","u_dut/u_bounded_lfnst_engine/reduce_l5_q_reg","u_dut/u_bounded_lfnst_engine/out_data_reg[45]","FDCE","u_dut/u_bounded_lfnst_engine/out_data_reg","6","0.715000000","1.157000000","1.872000000","0.618055556","SLICE_X89Y3","SLICE_X87Y3","","","SIGNATURE_SKIPPED|FDCE|FDCE","SIGNATURE_SKIPPED|FDCE|FDCE","DUT_INTERNAL","u_dut/u_bounded_lfnst_engine/reduce_l5_q_reg","u_dut/u_bounded_lfnst_engine/out_data_reg","0.021000000"
"u_dut/u_bounded_lfnst_engine/out_data_reg[58]/D","u_dut/u_bounded_lfnst_engine/reduce_l5_q_reg[3][5]/C","-0.027000000","clk","clk","clk","u_dut/u_bounded_lfnst_engine/reduce_l5_q_reg[3][5]","FDCE","u_dut/u_bounded_lfnst_engine/reduce_l5_q_reg","u_dut/u_bounded_lfnst_engine/out_data_reg[58]","FDCE","u_dut/u_bounded_lfnst_engine/out_data_reg","7","0.932000000","0.983000000","1.915000000","0.513315927","SLICE_X51Y6","SLICE_X53Y8","","","SIGNATURE_SKIPPED|FDCE|FDCE","SIGNATURE_SKIPPED|FDCE|FDCE","DUT_INTERNAL","u_dut/u_bounded_lfnst_engine/reduce_l5_q_reg","u_dut/u_bounded_lfnst_engine/out_data_reg","0.027000000"
"u_dut/u_bounded_lfnst_engine/out_data_reg[59]/D","u_dut/u_bounded_lfnst_engine/reduce_l5_q_reg[3][5]/C","-0.004000000","clk","clk","clk","u_dut/u_bounded_lfnst_engine/reduce_l5_q_reg[3][5]","FDCE","u_dut/u_bounded_lfnst_engine/reduce_l5_q_reg","u_dut/u_bounded_lfnst_engine/out_data_reg[59]","FDCE","u_dut/u_bounded_lfnst_engine/out_data_reg","8","0.855000000","1.037000000","1.892000000","0.548097252","SLICE_X51Y6","SLICE_X53Y8","","","SIGNATURE_SKIPPED|FDCE|FDCE","SIGNATURE_SKIPPED|FDCE|FDCE","DUT_INTERNAL","u_dut/u_bounded_lfnst_engine/reduce_l5_q_reg","u_dut/u_bounded_lfnst_engine/out_data_reg","0.004000000"
"u_dut/u_bounded_lfnst_engine/out_data_reg[60]/D","u_dut/u_bounded_lfnst_engine/reduce_l5_q_reg[3][5]/C","-0.013000000","clk","clk","clk","u_dut/u_bounded_lfnst_engine/reduce_l5_q_reg[3][5]","FDCE","u_dut/u_bounded_lfnst_engine/reduce_l5_q_reg","u_dut/u_bounded_lfnst_engine/out_data_reg[60]","FDCE","u_dut/u_bounded_lfnst_engine/out_data_reg","8","0.905000000","0.996000000","1.901000000","0.523934771","SLICE_X51Y6","SLICE_X53Y8","","","SIGNATURE_SKIPPED|FDCE|FDCE","SIGNATURE_SKIPPED|FDCE|FDCE","DUT_INTERNAL","u_dut/u_bounded_lfnst_engine/reduce_l5_q_reg","u_dut/u_bounded_lfnst_engine/out_data_reg","0.013000000"
"u_dut/u_bounded_lfnst_engine/p_24_out/DSP_A_B_DATA_INST/CEA2","u_dut/u_bounded_lfnst_engine/issue_group_q_reg[2]/C","-0.054000000","clk","clk","clk","u_dut/u_bounded_lfnst_engine/issue_group_q_reg[2]","FDCE","u_dut/u_bounded_lfnst_engine/issue_group_q_reg","u_dut/u_bounded_lfnst_engine/p_24_out/DSP_A_B_DATA_INST","DSP_A_B_DATA","u_dut/u_bounded_lfnst_engine/p_24_out/DSP_A_B_DATA_INST","1","0.237000000","1.418000000","1.655000000","0.856797583","SLICE_X54Y7","DSP48E2_X13Y0","","","SIGNATURE_SKIPPED|FDCE|DSP_A_B_DATA","SIGNATURE_SKIPPED|FDCE|DSP_A_B_DATA","DUT_INTERNAL","u_dut/u_bounded_lfnst_engine/issue_group_q_reg","u_dut/u_bounded_lfnst_engine/p_24_out","0.054000000"
"u_dut/u_bounded_lfnst_engine/p_24_out/DSP_A_B_DATA_INST/CEB2","u_dut/u_bounded_lfnst_engine/issue_group_q_reg[2]/C","-0.028000000","clk","clk","clk","u_dut/u_bounded_lfnst_engine/issue_group_q_reg[2]","FDCE","u_dut/u_bounded_lfnst_engine/issue_group_q_reg","u_dut/u_bounded_lfnst_engine/p_24_out/DSP_A_B_DATA_INST","DSP_A_B_DATA","u_dut/u_bounded_lfnst_engine/p_24_out/DSP_A_B_DATA_INST","1","0.237000000","1.407000000","1.644000000","0.855839416","SLICE_X54Y7","DSP48E2_X13Y0","","","SIGNATURE_SKIPPED|FDCE|DSP_A_B_DATA","SIGNATURE_SKIPPED|FDCE|DSP_A_B_DATA","DUT_INTERNAL","u_dut/u_bounded_lfnst_engine/issue_group_q_reg","u_dut/u_bounded_lfnst_engine/p_24_out","0.028000000"
"u_dut/u_bounded_lfnst_engine/products_q_reg[46]/DSP_A_B_DATA_INST/CEA2","u_dut/u_bounded_lfnst_engine/issue_group_q_reg[2]/C","-0.010000000","clk","clk","clk","u_dut/u_bounded_lfnst_engine/issue_group_q_reg[2]","FDCE","u_dut/u_bounded_lfnst_engine/issue_group_q_reg","u_dut/u_bounded_lfnst_engine/products_q_reg[46]/DSP_A_B_DATA_INST","DSP_A_B_DATA","u_dut/u_bounded_lfnst_engine/products_q_reg/DSP_A_B_DATA_INST","1","0.237000000","1.374000000","1.611000000","0.852886406","SLICE_X54Y7","DSP48E2_X13Y1","","","SIGNATURE_SKIPPED|FDCE|DSP_A_B_DATA","SIGNATURE_SKIPPED|FDCE|DSP_A_B_DATA","DUT_INTERNAL","u_dut/u_bounded_lfnst_engine/issue_group_q_reg","u_dut/u_bounded_lfnst_engine/products_q_reg","0.010000000"
"u_dut/u_bounded_lfnst_engine/reduce_l3_q_reg[2][12]/CE","u_dut/u_bounded_lfnst_engine/red2_valid_q_reg/C","-0.052000000","clk","clk","clk","u_dut/u_bounded_lfnst_engine/red2_valid_q_reg","FDCE","u_dut/u_bounded_lfnst_engine/red2_valid_q_reg","u_dut/u_bounded_lfnst_engine/reduce_l3_q_reg[2][12]","FDCE","u_dut/u_bounded_lfnst_engine/reduce_l3_q_reg","0","0.080000000","1.797000000","1.877000000","0.957378796","SLICE_X64Y9","SLICE_X52Y17","","","SIGNATURE_SKIPPED|FDCE|FDCE","SIGNATURE_SKIPPED|FDCE|FDCE","DUT_INTERNAL","u_dut/u_bounded_lfnst_engine/red2_valid_q_reg","u_dut/u_bounded_lfnst_engine/reduce_l3_q_reg","0.052000000"
"u_dut/u_bounded_lfnst_engine/reduce_l3_q_reg[2][13]/CE","u_dut/u_bounded_lfnst_engine/red2_valid_q_reg/C","-0.052000000","clk","clk","clk","u_dut/u_bounded_lfnst_engine/red2_valid_q_reg","FDCE","u_dut/u_bounded_lfnst_engine/red2_valid_q_reg","u_dut/u_bounded_lfnst_engine/reduce_l3_q_reg[2][13]","FDCE","u_dut/u_bounded_lfnst_engine/reduce_l3_q_reg","0","0.080000000","1.797000000","1.877000000","0.957378796","SLICE_X64Y9","SLICE_X52Y17","","","SIGNATURE_SKIPPED|FDCE|FDCE","SIGNATURE_SKIPPED|FDCE|FDCE","DUT_INTERNAL","u_dut/u_bounded_lfnst_engine/red2_valid_q_reg","u_dut/u_bounded_lfnst_engine/reduce_l3_q_reg","0.052000000"
"u_dut/u_bounded_lfnst_engine/reduce_l3_q_reg[2][14]/CE","u_dut/u_bounded_lfnst_engine/red2_valid_q_reg/C","-0.052000000","clk","clk","clk","u_dut/u_bounded_lfnst_engine/red2_valid_q_reg","FDCE","u_dut/u_bounded_lfnst_engine/red2_valid_q_reg","u_dut/u_bounded_lfnst_engine/reduce_l3_q_reg[2][14]","FDCE","u_dut/u_bounded_lfnst_engine/reduce_l3_q_reg","0","0.080000000","1.797000000","1.877000000","0.957378796","SLICE_X64Y9","SLICE_X52Y17","","","SIGNATURE_SKIPPED|FDCE|FDCE","SIGNATURE_SKIPPED|FDCE|FDCE","DUT_INTERNAL","u_dut/u_bounded_lfnst_engine/red2_valid_q_reg","u_dut/u_bounded_lfnst_engine/reduce_l3_q_reg","0.052000000"
"u_dut/u_bounded_lfnst_engine/reduce_l3_q_reg[2][15]/CE","u_dut/u_bounded_lfnst_engine/red2_valid_q_reg/C","-0.052000000","clk","clk","clk","u_dut/u_bounded_lfnst_engine/red2_valid_q_reg","FDCE","u_dut/u_bounded_lfnst_engine/red2_valid_q_reg","u_dut/u_bounded_lfnst_engine/reduce_l3_q_reg[2][15]","FDCE","u_dut/u_bounded_lfnst_engine/reduce_l3_q_reg","0","0.080000000","1.797000000","1.877000000","0.957378796","SLICE_X64Y9","SLICE_X52Y17","","","SIGNATURE_SKIPPED|FDCE|FDCE","SIGNATURE_SKIPPED|FDCE|FDCE","DUT_INTERNAL","u_dut/u_bounded_lfnst_engine/red2_valid_q_reg","u_dut/u_bounded_lfnst_engine/reduce_l3_q_reg","0.052000000"
"u_dut/u_bounded_lfnst_engine/reduce_l3_q_reg[2][4]/CE","u_dut/u_bounded_lfnst_engine/red2_valid_q_reg/C","-0.001000000","clk","clk","clk","u_dut/u_bounded_lfnst_engine/red2_valid_q_reg","FDCE","u_dut/u_bounded_lfnst_engine/red2_valid_q_reg","u_dut/u_bounded_lfnst_engine/reduce_l3_q_reg[2][4]","FDCE","u_dut/u_bounded_lfnst_engine/reduce_l3_q_reg","0","0.080000000","1.752000000","1.832000000","0.956331878","SLICE_X64Y9","SLICE_X52Y16","","","SIGNATURE_SKIPPED|FDCE|FDCE","SIGNATURE_SKIPPED|FDCE|FDCE","DUT_INTERNAL","u_dut/u_bounded_lfnst_engine/red2_valid_q_reg","u_dut/u_bounded_lfnst_engine/reduce_l3_q_reg","0.001000000"
"u_dut/u_bounded_lfnst_engine/reduce_l3_q_reg[2][5]/CE","u_dut/u_bounded_lfnst_engine/red2_valid_q_reg/C","-0.001000000","clk","clk","clk","u_dut/u_bounded_lfnst_engine/red2_valid_q_reg","FDCE","u_dut/u_bounded_lfnst_engine/red2_valid_q_reg","u_dut/u_bounded_lfnst_engine/reduce_l3_q_reg[2][5]","FDCE","u_dut/u_bounded_lfnst_engine/reduce_l3_q_reg","0","0.080000000","1.752000000","1.832000000","0.956331878","SLICE_X64Y9","SLICE_X52Y16","","","SIGNATURE_SKIPPED|FDCE|FDCE","SIGNATURE_SKIPPED|FDCE|FDCE","DUT_INTERNAL","u_dut/u_bounded_lfnst_engine/red2_valid_q_reg","u_dut/u_bounded_lfnst_engine/reduce_l3_q_reg","0.001000000"
"u_dut/u_bounded_lfnst_engine/reduce_l3_q_reg[2][6]/CE","u_dut/u_bounded_lfnst_engine/red2_valid_q_reg/C","-0.001000000","clk","clk","clk","u_dut/u_bounded_lfnst_engine/red2_valid_q_reg","FDCE","u_dut/u_bounded_lfnst_engine/red2_valid_q_reg","u_dut/u_bounded_lfnst_engine/reduce_l3_q_reg[2][6]","FDCE","u_dut/u_bounded_lfnst_engine/reduce_l3_q_reg","0","0.080000000","1.752000000","1.832000000","0.956331878","SLICE_X64Y9","SLICE_X52Y16","","","SIGNATURE_SKIPPED|FDCE|FDCE","SIGNATURE_SKIPPED|FDCE|FDCE","DUT_INTERNAL","u_dut/u_bounded_lfnst_engine/red2_valid_q_reg","u_dut/u_bounded_lfnst_engine/reduce_l3_q_reg","0.001000000"
"u_dut/u_bounded_lfnst_engine/reduce_l3_q_reg[2][7]/CE","u_dut/u_bounded_lfnst_engine/red2_valid_q_reg/C","-0.001000000","clk","clk","clk","u_dut/u_bounded_lfnst_engine/red2_valid_q_reg","FDCE","u_dut/u_bounded_lfnst_engine/red2_valid_q_reg","u_dut/u_bounded_lfnst_engine/reduce_l3_q_reg[2][7]","FDCE","u_dut/u_bounded_lfnst_engine/reduce_l3_q_reg","0","0.080000000","1.752000000","1.832000000","0.956331878","SLICE_X64Y9","SLICE_X52Y16","","","SIGNATURE_SKIPPED|FDCE|FDCE","SIGNATURE_SKIPPED|FDCE|FDCE","DUT_INTERNAL","u_dut/u_bounded_lfnst_engine/red2_valid_q_reg","u_dut/u_bounded_lfnst_engine/reduce_l3_q_reg","0.001000000"
"u_dut/u_unified_p4_kernel/ingress_data_q_reg[0]/D","u_dut/kernel_h_rd_raw_group_q_reg[3]/C","-0.012000000","clk","clk","clk","u_dut/kernel_h_rd_raw_group_q_reg[3]","FDCE","u_dut/kernel_h_rd_raw_group_q_reg","u_dut/u_unified_p4_kernel/ingress_data_q_reg[0]","FDRE","u_dut/u_unified_p4_kernel/ingress_data_q_reg","5","0.524000000","1.357000000","1.881000000","0.721424774","SLICE_X75Y32","SLICE_X73Y25","","","SIGNATURE_SKIPPED|FDCE|FDRE","SIGNATURE_SKIPPED|FDCE|FDRE","DUT_INTERNAL","u_dut/kernel_h_rd_raw_group_q_reg","u_dut/u_unified_p4_kernel/ingress_data_q_reg","0.012000000"
"u_dut/u_unified_p4_kernel/ingress_data_q_reg[10]/D","u_dut/kernel_h_rd_raw_group_q_reg[3]/C","-0.059000000","clk","clk","clk","u_dut/kernel_h_rd_raw_group_q_reg[3]","FDCE","u_dut/kernel_h_rd_raw_group_q_reg","u_dut/u_unified_p4_kernel/ingress_data_q_reg[10]","FDRE","u_dut/u_unified_p4_kernel/ingress_data_q_reg","5","0.501000000","1.413000000","1.914000000","0.738244514","SLICE_X75Y32","SLICE_X73Y30","","","SIGNATURE_SKIPPED|FDCE|FDRE","SIGNATURE_SKIPPED|FDCE|FDRE","DUT_INTERNAL","u_dut/kernel_h_rd_raw_group_q_reg","u_dut/u_unified_p4_kernel/ingress_data_q_reg","0.059000000"
"u_dut/u_unified_p4_kernel/ingress_data_q_reg[13]/D","u_dut/kernel_h_rd_raw_group_q_reg[3]/C","-0.013000000","clk","clk","clk","u_dut/kernel_h_rd_raw_group_q_reg[3]","FDCE","u_dut/kernel_h_rd_raw_group_q_reg","u_dut/u_unified_p4_kernel/ingress_data_q_reg[13]","FDRE","u_dut/u_unified_p4_kernel/ingress_data_q_reg","5","0.452000000","1.425000000","1.877000000","0.759190197","SLICE_X75Y32","SLICE_X73Y29","","","SIGNATURE_SKIPPED|FDCE|FDRE","SIGNATURE_SKIPPED|FDCE|FDRE","DUT_INTERNAL","u_dut/kernel_h_rd_raw_group_q_reg","u_dut/u_unified_p4_kernel/ingress_data_q_reg","0.013000000"
"u_dut/u_unified_p4_kernel/ingress_data_q_reg[14]/D","u_dut/kernel_h_rd_raw_group_q_reg[3]/C","-0.071000000","clk","clk","clk","u_dut/kernel_h_rd_raw_group_q_reg[3]","FDCE","u_dut/kernel_h_rd_raw_group_q_reg","u_dut/u_unified_p4_kernel/ingress_data_q_reg[14]","FDRE","u_dut/u_unified_p4_kernel/ingress_data_q_reg","5","0.453000000","1.524000000","1.977000000","0.770864947","SLICE_X75Y32","SLICE_X74Y30","","","SIGNATURE_SKIPPED|FDCE|FDRE","SIGNATURE_SKIPPED|FDCE|FDRE","DUT_INTERNAL","u_dut/kernel_h_rd_raw_group_q_reg","u_dut/u_unified_p4_kernel/ingress_data_q_reg","0.071000000"
"u_dut/u_unified_p4_kernel/ingress_data_q_reg[16]/D","u_dut/kernel_h_rd_raw_group_q_reg[3]/C","-0.047000000","clk","clk","clk","u_dut/kernel_h_rd_raw_group_q_reg[3]","FDCE","u_dut/kernel_h_rd_raw_group_q_reg","u_dut/u_unified_p4_kernel/ingress_data_q_reg[16]","FDRE","u_dut/u_unified_p4_kernel/ingress_data_q_reg","5","0.424000000","1.489000000","1.913000000","0.778358599","SLICE_X75Y32","SLICE_X76Y25","","","SIGNATURE_SKIPPED|FDCE|FDRE","SIGNATURE_SKIPPED|FDCE|FDRE","DUT_INTERNAL","u_dut/kernel_h_rd_raw_group_q_reg","u_dut/u_unified_p4_kernel/ingress_data_q_reg","0.047000000"
"u_dut/u_unified_p4_kernel/ingress_data_q_reg[17]/D","u_dut/kernel_h_rd_raw_group_q_reg[3]/C","-0.097000000","clk","clk","clk","u_dut/kernel_h_rd_raw_group_q_reg[3]","FDCE","u_dut/kernel_h_rd_raw_group_q_reg","u_dut/u_unified_p4_kernel/ingress_data_q_reg[17]","FDRE","u_dut/u_unified_p4_kernel/ingress_data_q_reg","5","0.540000000","1.499000000","2.039000000","0.735164296","SLICE_X75Y32","SLICE_X80Y28","","","SIGNATURE_SKIPPED|FDCE|FDRE","SIGNATURE_SKIPPED|FDCE|FDRE","DUT_INTERNAL","u_dut/kernel_h_rd_raw_group_q_reg","u_dut/u_unified_p4_kernel/ingress_data_q_reg","0.097000000"
"u_dut/u_unified_p4_kernel/ingress_data_q_reg[18]/D","u_dut/kernel_h_rd_raw_group_q_reg[3]/C","-0.079000000","clk","clk","clk","u_dut/kernel_h_rd_raw_group_q_reg[3]","FDCE","u_dut/kernel_h_rd_raw_group_q_reg","u_dut/u_unified_p4_kernel/ingress_data_q_reg[18]","FDRE","u_dut/u_unified_p4_kernel/ingress_data_q_reg","5","0.497000000","1.450000000","1.947000000","0.744735490","SLICE_X75Y32","SLICE_X76Y25","","","SIGNATURE_SKIPPED|FDCE|FDRE","SIGNATURE_SKIPPED|FDCE|FDRE","DUT_INTERNAL","u_dut/kernel_h_rd_raw_group_q_reg","u_dut/u_unified_p4_kernel/ingress_data_q_reg","0.079000000"
"u_dut/u_unified_p4_kernel/ingress_data_q_reg[19]/D","u_dut/kernel_h_rd_raw_group_q_reg[3]/C","-0.079000000","clk","clk","clk","u_dut/kernel_h_rd_raw_group_q_reg[3]","FDCE","u_dut/kernel_h_rd_raw_group_q_reg","u_dut/u_unified_p4_kernel/ingress_data_q_reg[19]","FDRE","u_dut/u_unified_p4_kernel/ingress_data_q_reg","5","0.424000000","1.561000000","1.985000000","0.786397985","SLICE_X75Y32","SLICE_X76Y28","","","SIGNATURE_SKIPPED|FDCE|FDRE","SIGNATURE_SKIPPED|FDCE|FDRE","DUT_INTERNAL","u_dut/kernel_h_rd_raw_group_q_reg","u_dut/u_unified_p4_kernel/ingress_data_q_reg","0.079000000"
"u_dut/u_unified_p4_kernel/ingress_data_q_reg[1]/D","u_dut/kernel_h_rd_raw_group_q_reg[0]_replica/C","-0.090000000","clk","clk","clk","u_dut/kernel_h_rd_raw_group_q_reg[0]_replica","FDCE","u_dut/kernel_h_rd_raw_group_q_reg_replica","u_dut/u_unified_p4_kernel/ingress_data_q_reg[1]","FDRE","u_dut/u_unified_p4_kernel/ingress_data_q_reg","5","0.483000000","1.553000000","2.036000000","0.762770138","SLICE_X76Y24","SLICE_X74Y25","","","SIGNATURE_SKIPPED|FDCE|FDRE","SIGNATURE_SKIPPED|FDCE|FDRE","DUT_INTERNAL","u_dut/kernel_h_rd_raw_group_q_reg_replica","u_dut/u_unified_p4_kernel/ingress_data_q_reg","0.090000000"
"u_dut/u_unified_p4_kernel/ingress_data_q_reg[20]/D","u_dut/kernel_h_rd_raw_group_q_reg[0]_replica/C","-0.043000000","clk","clk","clk","u_dut/kernel_h_rd_raw_group_q_reg[0]_replica","FDCE","u_dut/kernel_h_rd_raw_group_q_reg_replica","u_dut/u_unified_p4_kernel/ingress_data_q_reg[20]","FDRE","u_dut/u_unified_p4_kernel/ingress_data_q_reg","5","0.555000000","1.433000000","1.988000000","0.720824950","SLICE_X76Y24","SLICE_X74Y25","","","SIGNATURE_SKIPPED|FDCE|FDRE","SIGNATURE_SKIPPED|FDCE|FDRE","DUT_INTERNAL","u_dut/kernel_h_rd_raw_group_q_reg_replica","u_dut/u_unified_p4_kernel/ingress_data_q_reg","0.043000000"
"u_dut/u_unified_p4_kernel/ingress_data_q_reg[21]/D","u_dut/kernel_h_rd_raw_group_q_reg[3]/C","-0.063000000","clk","clk","clk","u_dut/kernel_h_rd_raw_group_q_reg[3]","FDCE","u_dut/kernel_h_rd_raw_group_q_reg","u_dut/u_unified_p4_kernel/ingress_data_q_reg[21]","FDRE","u_dut/u_unified_p4_kernel/ingress_data_q_reg","5","0.498000000","1.431000000","1.929000000","0.741835148","SLICE_X75Y32","SLICE_X76Y25","","","SIGNATURE_SKIPPED|FDCE|FDRE","SIGNATURE_SKIPPED|FDCE|FDRE","DUT_INTERNAL","u_dut/kernel_h_rd_raw_group_q_reg","u_dut/u_unified_p4_kernel/ingress_data_q_reg","0.063000000"
"u_dut/u_unified_p4_kernel/ingress_data_q_reg[22]/D","u_dut/kernel_h_rd_raw_group_q_reg[3]/C","-0.086000000","clk","clk","clk","u_dut/kernel_h_rd_raw_group_q_reg[3]","FDCE","u_dut/kernel_h_rd_raw_group_q_reg","u_dut/u_unified_p4_kernel/ingress_data_q_reg[22]","FDRE","u_dut/u_unified_p4_kernel/ingress_data_q_reg","5","0.541000000","1.414000000","1.955000000","0.723273657","SLICE_X75Y32","SLICE_X73Y25","","","SIGNATURE_SKIPPED|FDCE|FDRE","SIGNATURE_SKIPPED|FDCE|FDRE","DUT_INTERNAL","u_dut/kernel_h_rd_raw_group_q_reg","u_dut/u_unified_p4_kernel/ingress_data_q_reg","0.086000000"
"u_dut/u_unified_p4_kernel/ingress_data_q_reg[23]/D","u_dut/kernel_h_rd_raw_group_q_reg[3]/C","-0.062000000","clk","clk","clk","u_dut/kernel_h_rd_raw_group_q_reg[3]","FDCE","u_dut/kernel_h_rd_raw_group_q_reg","u_dut/u_unified_p4_kernel/ingress_data_q_reg[23]","FDRE","u_dut/u_unified_p4_kernel/ingress_data_q_reg","5","0.486000000","1.424000000","1.910000000","0.745549738","SLICE_X75Y32","SLICE_X83Y22","","","SIGNATURE_SKIPPED|FDCE|FDRE","SIGNATURE_SKIPPED|FDCE|FDRE","DUT_INTERNAL","u_dut/kernel_h_rd_raw_group_q_reg","u_dut/u_unified_p4_kernel/ingress_data_q_reg","0.062000000"
"u_dut/u_unified_p4_kernel/ingress_data_q_reg[26]/D","u_dut/kernel_h_rd_raw_group_q_reg[3]/C","-0.095000000","clk","clk","clk","u_dut/kernel_h_rd_raw_group_q_reg[3]","FDCE","u_dut/kernel_h_rd_raw_group_q_reg","u_dut/u_unified_p4_kernel/ingress_data_q_reg[26]","FDRE","u_dut/u_unified_p4_kernel/ingress_data_q_reg","5","0.473000000","1.478000000","1.951000000","0.757560226","SLICE_X75Y32","SLICE_X78Y28","","","SIGNATURE_SKIPPED|FDCE|FDRE","SIGNATURE_SKIPPED|FDCE|FDRE","DUT_INTERNAL","u_dut/kernel_h_rd_raw_group_q_reg","u_dut/u_unified_p4_kernel/ingress_data_q_reg","0.095000000"
"u_dut/u_unified_p4_kernel/ingress_data_q_reg[28]/D","u_dut/kernel_h_rd_raw_group_q_reg[3]/C","-0.004000000","clk","clk","clk","u_dut/kernel_h_rd_raw_group_q_reg[3]","FDCE","u_dut/kernel_h_rd_raw_group_q_reg","u_dut/u_unified_p4_kernel/ingress_data_q_reg[28]","FDRE","u_dut/u_unified_p4_kernel/ingress_data_q_reg","5","0.487000000","1.462000000","1.949000000","0.750128271","SLICE_X75Y32","SLICE_X80Y27","","","SIGNATURE_SKIPPED|FDCE|FDRE","SIGNATURE_SKIPPED|FDCE|FDRE","DUT_INTERNAL","u_dut/kernel_h_rd_raw_group_q_reg","u_dut/u_unified_p4_kernel/ingress_data_q_reg","0.004000000"
"u_dut/u_unified_p4_kernel/ingress_data_q_reg[29]/D","u_dut/kernel_h_rd_raw_group_q_reg[3]/C","-0.039000000","clk","clk","clk","u_dut/kernel_h_rd_raw_group_q_reg[3]","FDCE","u_dut/kernel_h_rd_raw_group_q_reg","u_dut/u_unified_p4_kernel/ingress_data_q_reg[29]","FDRE","u_dut/u_unified_p4_kernel/ingress_data_q_reg","5","0.497000000","1.502000000","1.999000000","0.751375688","SLICE_X75Y32","SLICE_X77Y29","","","SIGNATURE_SKIPPED|FDCE|FDRE","SIGNATURE_SKIPPED|FDCE|FDRE","DUT_INTERNAL","u_dut/kernel_h_rd_raw_group_q_reg","u_dut/u_unified_p4_kernel/ingress_data_q_reg","0.039000000"
"u_dut/u_unified_p4_kernel/ingress_data_q_reg[2]/D","u_dut/kernel_h_rd_raw_group_q_reg[3]/C","-0.044000000","clk","clk","clk","u_dut/kernel_h_rd_raw_group_q_reg[3]","FDCE","u_dut/kernel_h_rd_raw_group_q_reg","u_dut/u_unified_p4_kernel/ingress_data_q_reg[2]","FDRE","u_dut/u_unified_p4_kernel/ingress_data_q_reg","5","0.551000000","1.367000000","1.918000000","0.712721585","SLICE_X75Y32","SLICE_X74Y28","","","SIGNATURE_SKIPPED|FDCE|FDRE","SIGNATURE_SKIPPED|FDCE|FDRE","DUT_INTERNAL","u_dut/kernel_h_rd_raw_group_q_reg","u_dut/u_unified_p4_kernel/ingress_data_q_reg","0.044000000"
"u_dut/u_unified_p4_kernel/ingress_data_q_reg[30]/D","u_dut/kernel_h_rd_raw_group_q_reg[3]/C","-0.016000000","clk","clk","clk","u_dut/kernel_h_rd_raw_group_q_reg[3]","FDCE","u_dut/kernel_h_rd_raw_group_q_reg","u_dut/u_unified_p4_kernel/ingress_data_q_reg[30]","FDRE","u_dut/u_unified_p4_kernel/ingress_data_q_reg","5","0.499000000","1.431000000","1.930000000","0.741450777","SLICE_X75Y32","SLICE_X74Y25","","","SIGNATURE_SKIPPED|FDCE|FDRE","SIGNATURE_SKIPPED|FDCE|FDRE","DUT_INTERNAL","u_dut/kernel_h_rd_raw_group_q_reg","u_dut/u_unified_p4_kernel/ingress_data_q_reg","0.016000000"
"u_dut/u_unified_p4_kernel/ingress_data_q_reg[31]/D","u_dut/kernel_h_rd_raw_group_q_reg[3]/C","-0.105000000","clk","clk","clk","u_dut/kernel_h_rd_raw_group_q_reg[3]","FDCE","u_dut/kernel_h_rd_raw_group_q_reg","u_dut/u_unified_p4_kernel/ingress_data_q_reg[31]","FDRE","u_dut/u_unified_p4_kernel/ingress_data_q_reg","5","0.487000000","1.443000000","1.930000000","0.747668394","SLICE_X75Y32","SLICE_X85Y30","","","SIGNATURE_SKIPPED|FDCE|FDRE","SIGNATURE_SKIPPED|FDCE|FDRE","DUT_INTERNAL","u_dut/kernel_h_rd_raw_group_q_reg","u_dut/u_unified_p4_kernel/ingress_data_q_reg","0.105000000"
"u_dut/u_unified_p4_kernel/ingress_data_q_reg[34]/D","u_dut/kernel_h_rd_raw_group_q_reg[3]/C","-0.090000000","clk","clk","clk","u_dut/kernel_h_rd_raw_group_q_reg[3]","FDCE","u_dut/kernel_h_rd_raw_group_q_reg","u_dut/u_unified_p4_kernel/ingress_data_q_reg[34]","FDRE","u_dut/u_unified_p4_kernel/ingress_data_q_reg","5","0.463000000","1.535000000","1.998000000","0.768268268","SLICE_X75Y32","SLICE_X76Y28","","","SIGNATURE_SKIPPED|FDCE|FDRE","SIGNATURE_SKIPPED|FDCE|FDRE","DUT_INTERNAL","u_dut/kernel_h_rd_raw_group_q_reg","u_dut/u_unified_p4_kernel/ingress_data_q_reg","0.090000000"
"u_dut/u_unified_p4_kernel/ingress_data_q_reg[35]/D","u_dut/kernel_h_rd_raw_group_q_reg[3]/C","-0.103000000","clk","clk","clk","u_dut/kernel_h_rd_raw_group_q_reg[3]","FDCE","u_dut/kernel_h_rd_raw_group_q_reg","u_dut/u_unified_p4_kernel/ingress_data_q_reg[35]","FDRE","u_dut/u_unified_p4_kernel/ingress_data_q_reg","5","0.463000000","1.546000000","2.009000000","0.769537083","SLICE_X75Y32","SLICE_X76Y28","","","SIGNATURE_SKIPPED|FDCE|FDRE","SIGNATURE_SKIPPED|FDCE|FDRE","DUT_INTERNAL","u_dut/kernel_h_rd_raw_group_q_reg","u_dut/u_unified_p4_kernel/ingress_data_q_reg","0.103000000"
"u_dut/u_unified_p4_kernel/ingress_data_q_reg[36]/D","u_dut/kernel_h_rd_raw_group_q_reg[0]/C","-0.059000000","clk","clk","clk","u_dut/kernel_h_rd_raw_group_q_reg[0]","FDCE","u_dut/kernel_h_rd_raw_group_q_reg","u_dut/u_unified_p4_kernel/ingress_data_q_reg[36]","FDRE","u_dut/u_unified_p4_kernel/ingress_data_q_reg","5","0.495000000","1.529000000","2.024000000","0.755434783","SLICE_X78Y28","SLICE_X78Y27","","","SIGNATURE_SKIPPED|FDCE|FDRE","SIGNATURE_SKIPPED|FDCE|FDRE","DUT_INTERNAL","u_dut/kernel_h_rd_raw_group_q_reg","u_dut/u_unified_p4_kernel/ingress_data_q_reg","0.059000000"
"u_dut/u_unified_p4_kernel/ingress_data_q_reg[37]/D","u_dut/kernel_feed_group_q_reg[0]/C","-0.068000000","clk","clk","clk","u_dut/kernel_feed_group_q_reg[0]","FDCE","u_dut/kernel_feed_group_q_reg","u_dut/u_unified_p4_kernel/ingress_data_q_reg[37]","FDRE","u_dut/u_unified_p4_kernel/ingress_data_q_reg","5","0.736000000","1.334000000","2.070000000","0.644444444","SLICE_X79Y22","SLICE_X76Y27","","","SIGNATURE_SKIPPED|FDCE|FDRE","SIGNATURE_SKIPPED|FDCE|FDRE","DUT_INTERNAL","u_dut/kernel_feed_group_q_reg","u_dut/u_unified_p4_kernel/ingress_data_q_reg","0.068000000"
"u_dut/u_unified_p4_kernel/ingress_data_q_reg[39]/D","u_dut/kernel_h_rd_raw_group_q_reg[3]/C","-0.056000000","clk","clk","clk","u_dut/kernel_h_rd_raw_group_q_reg[3]","FDCE","u_dut/kernel_h_rd_raw_group_q_reg","u_dut/u_unified_p4_kernel/ingress_data_q_reg[39]","FDRE","u_dut/u_unified_p4_kernel/ingress_data_q_reg","5","0.471000000","1.549000000","2.020000000","0.766831683","SLICE_X75Y32","SLICE_X77Y28","","","SIGNATURE_SKIPPED|FDCE|FDRE","SIGNATURE_SKIPPED|FDCE|FDRE","DUT_INTERNAL","u_dut/kernel_h_rd_raw_group_q_reg","u_dut/u_unified_p4_kernel/ingress_data_q_reg","0.056000000"
"u_dut/u_unified_p4_kernel/ingress_data_q_reg[3]/D","u_dut/kernel_h_rd_raw_group_q_reg[3]/C","-0.069000000","clk","clk","clk","u_dut/kernel_h_rd_raw_group_q_reg[3]","FDCE","u_dut/kernel_h_rd_raw_group_q_reg","u_dut/u_unified_p4_kernel/ingress_data_q_reg[3]","FDRE","u_dut/u_unified_p4_kernel/ingress_data_q_reg","5","0.500000000","1.443000000","1.943000000","0.742665980","SLICE_X75Y32","SLICE_X74Y28","","","SIGNATURE_SKIPPED|FDCE|FDRE","SIGNATURE_SKIPPED|FDCE|FDRE","DUT_INTERNAL","u_dut/kernel_h_rd_raw_group_q_reg","u_dut/u_unified_p4_kernel/ingress_data_q_reg","0.069000000"
"u_dut/u_unified_p4_kernel/ingress_data_q_reg[40]/D","u_dut/kernel_h_rd_raw_group_q_reg[3]/C","-0.088000000","clk","clk","clk","u_dut/kernel_h_rd_raw_group_q_reg[3]","FDCE","u_dut/kernel_h_rd_raw_group_q_reg","u_dut/u_unified_p4_kernel/ingress_data_q_reg[40]","FDRE","u_dut/u_unified_p4_kernel/ingress_data_q_reg","5","0.462000000","1.591000000","2.053000000","0.774963468","SLICE_X75Y32","SLICE_X76Y27","","","SIGNATURE_SKIPPED|FDCE|FDRE","SIGNATURE_SKIPPED|FDCE|FDRE","DUT_INTERNAL","u_dut/kernel_h_rd_raw_group_q_reg","u_dut/u_unified_p4_kernel/ingress_data_q_reg","0.088000000"
"u_dut/u_unified_p4_kernel/ingress_data_q_reg[41]/D","u_dut/kernel_h_rd_raw_group_q_reg[3]/C","-0.104000000","clk","clk","clk","u_dut/kernel_h_rd_raw_group_q_reg[3]","FDCE","u_dut/kernel_h_rd_raw_group_q_reg","u_dut/u_unified_p4_kernel/ingress_data_q_reg[41]","FDRE","u_dut/u_unified_p4_kernel/ingress_data_q_reg","5","0.462000000","1.548000000","2.010000000","0.770149254","SLICE_X75Y32","SLICE_X76Y28","","","SIGNATURE_SKIPPED|FDCE|FDRE","SIGNATURE_SKIPPED|FDCE|FDRE","DUT_INTERNAL","u_dut/kernel_h_rd_raw_group_q_reg","u_dut/u_unified_p4_kernel/ingress_data_q_reg","0.104000000"
"u_dut/u_unified_p4_kernel/ingress_data_q_reg[42]/D","u_dut/kernel_feed_group_q_reg[0]/C","-0.015000000","clk","clk","clk","u_dut/kernel_feed_group_q_reg[0]","FDCE","u_dut/kernel_feed_group_q_reg","u_dut/u_unified_p4_kernel/ingress_data_q_reg[42]","FDRE","u_dut/u_unified_p4_kernel/ingress_data_q_reg","5","0.734000000","1.281000000","2.015000000","0.635732010","SLICE_X79Y22","SLICE_X77Y27","","","SIGNATURE_SKIPPED|FDCE|FDRE","SIGNATURE_SKIPPED|FDCE|FDRE","DUT_INTERNAL","u_dut/kernel_feed_group_q_reg","u_dut/u_unified_p4_kernel/ingress_data_q_reg","0.015000000"
"u_dut/u_unified_p4_kernel/ingress_data_q_reg[43]/D","u_dut/kernel_feed_group_q_reg[0]/C","-0.077000000","clk","clk","clk","u_dut/kernel_feed_group_q_reg[0]","FDCE","u_dut/kernel_feed_group_q_reg","u_dut/u_unified_p4_kernel/ingress_data_q_reg[43]","FDRE","u_dut/u_unified_p4_kernel/ingress_data_q_reg","5","0.505000000","1.475000000","1.980000000","0.744949495","SLICE_X79Y22","SLICE_X76Y25","","","SIGNATURE_SKIPPED|FDCE|FDRE","SIGNATURE_SKIPPED|FDCE|FDRE","DUT_INTERNAL","u_dut/kernel_feed_group_q_reg","u_dut/u_unified_p4_kernel/ingress_data_q_reg","0.077000000"
"u_dut/u_unified_p4_kernel/ingress_data_q_reg[44]/D","u_dut/kernel_h_rd_raw_group_q_reg[3]/C","-0.061000000","clk","clk","clk","u_dut/kernel_h_rd_raw_group_q_reg[3]","FDCE","u_dut/kernel_h_rd_raw_group_q_reg","u_dut/u_unified_p4_kernel/ingress_data_q_reg[44]","FDRE","u_dut/u_unified_p4_kernel/ingress_data_q_reg","5","0.473000000","1.552000000","2.025000000","0.766419753","SLICE_X75Y32","SLICE_X77Y28","","","SIGNATURE_SKIPPED|FDCE|FDRE","SIGNATURE_SKIPPED|FDCE|FDRE","DUT_INTERNAL","u_dut/kernel_h_rd_raw_group_q_reg","u_dut/u_unified_p4_kernel/ingress_data_q_reg","0.061000000"
"u_dut/u_unified_p4_kernel/ingress_data_q_reg[45]/D","u_dut/kernel_h_rd_raw_group_q_reg[3]/C","-0.034000000","clk","clk","clk","u_dut/kernel_h_rd_raw_group_q_reg[3]","FDCE","u_dut/kernel_h_rd_raw_group_q_reg","u_dut/u_unified_p4_kernel/ingress_data_q_reg[45]","FDRE","u_dut/u_unified_p4_kernel/ingress_data_q_reg","5","0.472000000","1.525000000","1.997000000","0.763645468","SLICE_X75Y32","SLICE_X77Y27","","","SIGNATURE_SKIPPED|FDCE|FDRE","SIGNATURE_SKIPPED|FDCE|FDRE","DUT_INTERNAL","u_dut/kernel_h_rd_raw_group_q_reg","u_dut/u_unified_p4_kernel/ingress_data_q_reg","0.034000000"
"u_dut/u_unified_p4_kernel/ingress_data_q_reg[46]/D","u_dut/kernel_h_rd_raw_group_q_reg[3]/C","-0.048000000","clk","clk","clk","u_dut/kernel_h_rd_raw_group_q_reg[3]","FDCE","u_dut/kernel_h_rd_raw_group_q_reg","u_dut/u_unified_p4_kernel/ingress_data_q_reg[46]","FDRE","u_dut/u_unified_p4_kernel/ingress_data_q_reg","5","0.424000000","1.589000000","2.013000000","0.789369101","SLICE_X75Y32","SLICE_X76Y27","","","SIGNATURE_SKIPPED|FDCE|FDRE","SIGNATURE_SKIPPED|FDCE|FDRE","DUT_INTERNAL","u_dut/kernel_h_rd_raw_group_q_reg","u_dut/u_unified_p4_kernel/ingress_data_q_reg","0.048000000"
"u_dut/u_unified_p4_kernel/ingress_data_q_reg[47]/D","u_dut/kernel_h_rd_raw_group_q_reg[3]/C","-0.027000000","clk","clk","clk","u_dut/kernel_h_rd_raw_group_q_reg[3]","FDCE","u_dut/kernel_h_rd_raw_group_q_reg","u_dut/u_unified_p4_kernel/ingress_data_q_reg[47]","FDRE","u_dut/u_unified_p4_kernel/ingress_data_q_reg","5","0.464000000","1.526000000","1.990000000","0.766834171","SLICE_X75Y32","SLICE_X77Y27","","","SIGNATURE_SKIPPED|FDCE|FDRE","SIGNATURE_SKIPPED|FDCE|FDRE","DUT_INTERNAL","u_dut/kernel_h_rd_raw_group_q_reg","u_dut/u_unified_p4_kernel/ingress_data_q_reg","0.027000000"
"u_dut/u_unified_p4_kernel/ingress_data_q_reg[49]/D","u_dut/kernel_vector_q_reg[1]_rep__0/C","-0.015000000","clk","clk","clk","u_dut/kernel_vector_q_reg[1]_rep__0","FDCE","u_dut/kernel_vector_q_reg_rep__0","u_dut/u_unified_p4_kernel/ingress_data_q_reg[49]","FDRE","u_dut/u_unified_p4_kernel/ingress_data_q_reg","3","0.228000000","1.633000000","1.861000000","0.877485223","SLICE_X72Y26","SLICE_X76Y26","","","SIGNATURE_SKIPPED|FDCE|FDRE","SIGNATURE_SKIPPED|FDCE|FDRE","DUT_INTERNAL","u_dut/kernel_vector_q_reg_rep__0","u_dut/u_unified_p4_kernel/ingress_data_q_reg","0.015000000"
"u_dut/u_unified_p4_kernel/ingress_data_q_reg[4]/D","u_dut/kernel_h_rd_raw_group_q_reg[0]/C","-0.004000000","clk","clk","clk","u_dut/kernel_h_rd_raw_group_q_reg[0]","FDCE","u_dut/kernel_h_rd_raw_group_q_reg","u_dut/u_unified_p4_kernel/ingress_data_q_reg[4]","FDRE","u_dut/u_unified_p4_kernel/ingress_data_q_reg","5","0.567000000","1.306000000","1.873000000","0.697277096","SLICE_X78Y28","SLICE_X76Y26","","","SIGNATURE_SKIPPED|FDCE|FDRE","SIGNATURE_SKIPPED|FDCE|FDRE","DUT_INTERNAL","u_dut/kernel_h_rd_raw_group_q_reg","u_dut/u_unified_p4_kernel/ingress_data_q_reg","0.004000000"
"u_dut/u_unified_p4_kernel/ingress_data_q_reg[52]/D","u_dut/kernel_h_rd_raw_group_q_reg[0]_replica_1/C","-0.040000000","clk","clk","clk","u_dut/kernel_h_rd_raw_group_q_reg[0]_replica_1","FDCE","u_dut/kernel_h_rd_raw_group_q_reg_replica_1","u_dut/u_unified_p4_kernel/ingress_data_q_reg[52]","FDRE","u_dut/u_unified_p4_kernel/ingress_data_q_reg","5","0.400000000","1.549000000","1.949000000","0.794766547","SLICE_X78Y31","SLICE_X76Y17","","","SIGNATURE_SKIPPED|FDCE|FDRE","SIGNATURE_SKIPPED|FDCE|FDRE","DUT_INTERNAL","u_dut/kernel_h_rd_raw_group_q_reg_replica_1","u_dut/u_unified_p4_kernel/ingress_data_q_reg","0.040000000"
"u_dut/u_unified_p4_kernel/ingress_data_q_reg[58]/D","u_dut/kernel_feed_group_q_reg[0]/C","-0.031000000","clk","clk","clk","u_dut/kernel_feed_group_q_reg[0]","FDCE","u_dut/kernel_feed_group_q_reg","u_dut/u_unified_p4_kernel/ingress_data_q_reg[58]","FDRE","u_dut/u_unified_p4_kernel/ingress_data_q_reg","5","0.524000000","1.411000000","1.935000000","0.729198966","SLICE_X79Y22","SLICE_X73Y25","","","SIGNATURE_SKIPPED|FDCE|FDRE","SIGNATURE_SKIPPED|FDCE|FDRE","DUT_INTERNAL","u_dut/kernel_feed_group_q_reg","u_dut/u_unified_p4_kernel/ingress_data_q_reg","0.031000000"
"u_dut/u_unified_p4_kernel/ingress_data_q_reg[59]/D","u_dut/kernel_h_rd_raw_vector_q_reg[0]/C","-0.022000000","clk","clk","clk","u_dut/kernel_h_rd_raw_vector_q_reg[0]","FDCE","u_dut/kernel_h_rd_raw_vector_q_reg","u_dut/u_unified_p4_kernel/ingress_data_q_reg[59]","FDRE","u_dut/u_unified_p4_kernel/ingress_data_q_reg","4","0.535000000","1.360000000","1.895000000","0.717678100","SLICE_X78Y29","SLICE_X73Y29","","","SIGNATURE_SKIPPED|FDCE|FDRE","SIGNATURE_SKIPPED|FDCE|FDRE","DUT_INTERNAL","u_dut/kernel_h_rd_raw_vector_q_reg","u_dut/u_unified_p4_kernel/ingress_data_q_reg","0.022000000"
"u_dut/u_unified_p4_kernel/ingress_data_q_reg[60]/D","u_dut/kernel_feed_group_q_reg[0]/C","-0.015000000","clk","clk","clk","u_dut/kernel_feed_group_q_reg[0]","FDCE","u_dut/kernel_feed_group_q_reg","u_dut/u_unified_p4_kernel/ingress_data_q_reg[60]","FDRE","u_dut/u_unified_p4_kernel/ingress_data_q_reg","5","0.522000000","1.391000000","1.913000000","0.727130162","SLICE_X79Y22","SLICE_X73Y29","","","SIGNATURE_SKIPPED|FDCE|FDRE","SIGNATURE_SKIPPED|FDCE|FDRE","DUT_INTERNAL","u_dut/kernel_feed_group_q_reg","u_dut/u_unified_p4_kernel/ingress_data_q_reg","0.015000000"
"u_dut/u_unified_p4_kernel/ingress_data_q_reg[61]/D","u_dut/kernel_feed_group_q_reg[0]/C","-0.079000000","clk","clk","clk","u_dut/kernel_feed_group_q_reg[0]","FDCE","u_dut/kernel_feed_group_q_reg","u_dut/u_unified_p4_kernel/ingress_data_q_reg[61]","FDRE","u_dut/u_unified_p4_kernel/ingress_data_q_reg","5","0.511000000","1.478000000","1.989000000","0.743086978","SLICE_X79Y22","SLICE_X77Y21","","","SIGNATURE_SKIPPED|FDCE|FDRE","SIGNATURE_SKIPPED|FDCE|FDRE","DUT_INTERNAL","u_dut/kernel_feed_group_q_reg","u_dut/u_unified_p4_kernel/ingress_data_q_reg","0.079000000"
"u_dut/u_unified_p4_kernel/ingress_data_q_reg[62]/D","u_dut/kernel_feed_group_q_reg[0]/C","-0.016000000","clk","clk","clk","u_dut/kernel_feed_group_q_reg[0]","FDCE","u_dut/kernel_feed_group_q_reg","u_dut/u_unified_p4_kernel/ingress_data_q_reg[62]","FDRE","u_dut/u_unified_p4_kernel/ingress_data_q_reg","5","0.557000000","1.454000000","2.011000000","0.723023371","SLICE_X79Y22","SLICE_X77Y29","","","SIGNATURE_SKIPPED|FDCE|FDRE","SIGNATURE_SKIPPED|FDCE|FDRE","DUT_INTERNAL","u_dut/kernel_feed_group_q_reg","u_dut/u_unified_p4_kernel/ingress_data_q_reg","0.016000000"
"u_dut/u_unified_p4_kernel/ingress_data_q_reg[6]/D","u_dut/kernel_h_rd_raw_group_q_reg[3]/C","-0.016000000","clk","clk","clk","u_dut/kernel_h_rd_raw_group_q_reg[3]","FDCE","u_dut/kernel_h_rd_raw_group_q_reg","u_dut/u_unified_p4_kernel/ingress_data_q_reg[6]","FDRE","u_dut/u_unified_p4_kernel/ingress_data_q_reg","5","0.453000000","1.469000000","1.922000000","0.764308012","SLICE_X75Y32","SLICE_X74Y30","","","SIGNATURE_SKIPPED|FDCE|FDRE","SIGNATURE_SKIPPED|FDCE|FDRE","DUT_INTERNAL","u_dut/kernel_h_rd_raw_group_q_reg","u_dut/u_unified_p4_kernel/ingress_data_q_reg","0.016000000"
"u_dut/u_unified_p4_kernel/ingress_data_q_reg[7]/D","u_dut/kernel_h_rd_raw_group_q_reg[0]_replica/C","-0.067000000","clk","clk","clk","u_dut/kernel_h_rd_raw_group_q_reg[0]_replica","FDCE","u_dut/kernel_h_rd_raw_group_q_reg_replica","u_dut/u_unified_p4_kernel/ingress_data_q_reg[7]","FDRE","u_dut/u_unified_p4_kernel/ingress_data_q_reg","5","0.448000000","1.506000000","1.954000000","0.770726714","SLICE_X76Y24","SLICE_X73Y30","","","SIGNATURE_SKIPPED|FDCE|FDRE","SIGNATURE_SKIPPED|FDCE|FDRE","DUT_INTERNAL","u_dut/kernel_h_rd_raw_group_q_reg_replica","u_dut/u_unified_p4_kernel/ingress_data_q_reg","0.067000000"
"u_dut/u_unified_p4_kernel/ingress_data_q_reg[9]/D","u_dut/kernel_h_rd_raw_group_q_reg[3]/C","-0.015000000","clk","clk","clk","u_dut/kernel_h_rd_raw_group_q_reg[3]","FDCE","u_dut/kernel_h_rd_raw_group_q_reg","u_dut/u_unified_p4_kernel/ingress_data_q_reg[9]","FDRE","u_dut/u_unified_p4_kernel/ingress_data_q_reg","5","0.452000000","1.427000000","1.879000000","0.759446514","SLICE_X75Y32","SLICE_X73Y29","","","SIGNATURE_SKIPPED|FDCE|FDRE","SIGNATURE_SKIPPED|FDCE|FDRE","DUT_INTERNAL","u_dut/kernel_h_rd_raw_group_q_reg","u_dut/u_unified_p4_kernel/ingress_data_q_reg","0.015000000"
"u_dut/u_unified_p4_kernel/input_mem_reg[0][11][3]/D","u_dut/u_unified_p4_kernel/ingress_data_q_reg[51]/C","-0.088000000","clk","clk","clk","u_dut/u_unified_p4_kernel/ingress_data_q_reg[51]","FDRE","u_dut/u_unified_p4_kernel/ingress_data_q_reg","u_dut/u_unified_p4_kernel/input_mem_reg[0][11][3]","FDRE","u_dut/u_unified_p4_kernel/input_mem_reg","0","0.079000000","1.867000000","1.946000000","0.959403905","SLICE_X77Y27","SLICE_X97Y22","","","SIGNATURE_SKIPPED|FDRE|FDRE","SIGNATURE_SKIPPED|FDRE|FDRE","DUT_INTERNAL","u_dut/u_unified_p4_kernel/ingress_data_q_reg","u_dut/u_unified_p4_kernel/input_mem_reg","0.088000000"
"u_dut/u_unified_p4_kernel/input_mem_reg[0][17][14]/D","u_dut/u_unified_p4_kernel/ingress_data_q_reg[30]/C","-0.007000000","clk","clk","clk","u_dut/u_unified_p4_kernel/ingress_data_q_reg[30]","FDRE","u_dut/u_unified_p4_kernel/ingress_data_q_reg","u_dut/u_unified_p4_kernel/input_mem_reg[0][17][14]","FDRE","u_dut/u_unified_p4_kernel/input_mem_reg","0","0.077000000","1.787000000","1.864000000","0.958690987","SLICE_X74Y25","SLICE_X84Y69","","","SIGNATURE_SKIPPED|FDRE|FDRE","SIGNATURE_SKIPPED|FDRE|FDRE","DUT_INTERNAL","u_dut/u_unified_p4_kernel/ingress_data_q_reg","u_dut/u_unified_p4_kernel/input_mem_reg","0.007000000"
"u_dut/u_unified_p4_kernel/input_mem_reg[0][18][8]/D","u_dut/u_unified_p4_kernel/ingress_data_q_reg[40]/C","-0.011000000","clk","clk","clk","u_dut/u_unified_p4_kernel/ingress_data_q_reg[40]","FDRE","u_dut/u_unified_p4_kernel/ingress_data_q_reg","u_dut/u_unified_p4_kernel/input_mem_reg[0][18][8]","FDRE","u_dut/u_unified_p4_kernel/input_mem_reg","0","0.079000000","1.734000000","1.813000000","0.956425814","SLICE_X76Y27","SLICE_X86Y68","","","SIGNATURE_SKIPPED|FDRE|FDRE","SIGNATURE_SKIPPED|FDRE|FDRE","DUT_INTERNAL","u_dut/u_unified_p4_kernel/ingress_data_q_reg","u_dut/u_unified_p4_kernel/input_mem_reg","0.011000000"
"u_dut/u_unified_p4_kernel/input_mem_reg[0][1][12]/CE","u_dut/u_unified_p4_kernel/ingress_slot_q_reg[0]/C","-0.019000000","clk","clk","clk","u_dut/u_unified_p4_kernel/ingress_slot_q_reg[0]","FDCE","u_dut/u_unified_p4_kernel/ingress_slot_q_reg","u_dut/u_unified_p4_kernel/input_mem_reg[0][1][12]","FDRE","u_dut/u_unified_p4_kernel/input_mem_reg","1","0.231000000","1.715000000","1.946000000","0.881294964","SLICE_X73Y41","SLICE_X102Y34","","","SIGNATURE_SKIPPED|FDCE|FDRE","SIGNATURE_SKIPPED|FDCE|FDRE","DUT_INTERNAL","u_dut/u_unified_p4_kernel/ingress_slot_q_reg","u_dut/u_unified_p4_kernel/input_mem_reg","0.019000000"
"u_dut/u_unified_p4_kernel/input_mem_reg[0][1][13]/CE","u_dut/u_unified_p4_kernel/ingress_slot_q_reg[0]/C","-0.019000000","clk","clk","clk","u_dut/u_unified_p4_kernel/ingress_slot_q_reg[0]","FDCE","u_dut/u_unified_p4_kernel/ingress_slot_q_reg","u_dut/u_unified_p4_kernel/input_mem_reg[0][1][13]","FDRE","u_dut/u_unified_p4_kernel/input_mem_reg","1","0.231000000","1.715000000","1.946000000","0.881294964","SLICE_X73Y41","SLICE_X102Y34","","","SIGNATURE_SKIPPED|FDCE|FDRE","SIGNATURE_SKIPPED|FDCE|FDRE","DUT_INTERNAL","u_dut/u_unified_p4_kernel/ingress_slot_q_reg","u_dut/u_unified_p4_kernel/input_mem_reg","0.019000000"
"u_dut/u_unified_p4_kernel/input_mem_reg[0][1][4]/CE","u_dut/u_unified_p4_kernel/ingress_slot_q_reg[0]/C","-0.019000000","clk","clk","clk","u_dut/u_unified_p4_kernel/ingress_slot_q_reg[0]","FDCE","u_dut/u_unified_p4_kernel/ingress_slot_q_reg","u_dut/u_unified_p4_kernel/input_mem_reg[0][1][4]","FDRE","u_dut/u_unified_p4_kernel/input_mem_reg","1","0.231000000","1.715000000","1.946000000","0.881294964","SLICE_X73Y41","SLICE_X102Y34","","","SIGNATURE_SKIPPED|FDCE|FDRE","SIGNATURE_SKIPPED|FDCE|FDRE","DUT_INTERNAL","u_dut/u_unified_p4_kernel/ingress_slot_q_reg","u_dut/u_unified_p4_kernel/input_mem_reg","0.019000000"
"u_dut/u_unified_p4_kernel/input_mem_reg[0][26][0]/D","u_dut/u_unified_p4_kernel/ingress_data_q_reg[32]/C","-0.013000000","clk","clk","clk","u_dut/u_unified_p4_kernel/ingress_data_q_reg[32]","FDRE","u_dut/u_unified_p4_kernel/ingress_data_q_reg","u_dut/u_unified_p4_kernel/input_mem_reg[0][26][0]","FDRE","u_dut/u_unified_p4_kernel/input_mem_reg","0","0.079000000","1.825000000","1.904000000","0.958508403","SLICE_X77Y27","SLICE_X51Y39","","","SIGNATURE_SKIPPED|FDRE|FDRE","SIGNATURE_SKIPPED|FDRE|FDRE","DUT_INTERNAL","u_dut/u_unified_p4_kernel/ingress_data_q_reg","u_dut/u_unified_p4_kernel/input_mem_reg","0.013000000"
"u_dut/u_unified_p4_kernel/input_mem_reg[0][26][14]/D","u_dut/u_unified_p4_kernel/ingress_data_q_reg[46]/C","-0.038000000","clk","clk","clk","u_dut/u_unified_p4_kernel/ingress_data_q_reg[46]","FDRE","u_dut/u_unified_p4_kernel/ingress_data_q_reg","u_dut/u_unified_p4_kernel/input_mem_reg[0][26][14]","FDRE","u_dut/u_unified_p4_kernel/input_mem_reg","0","0.079000000","1.847000000","1.926000000","0.958982347","SLICE_X76Y27","SLICE_X52Y38","","","SIGNATURE_SKIPPED|FDRE|FDRE","SIGNATURE_SKIPPED|FDRE|FDRE","DUT_INTERNAL","u_dut/u_unified_p4_kernel/ingress_data_q_reg","u_dut/u_unified_p4_kernel/input_mem_reg","0.038000000"
"u_dut/u_unified_p4_kernel/input_mem_reg[0][2][4]/CE","u_dut/u_unified_p4_kernel/ingress_slot_q_reg[0]/C","-0.019000000","clk","clk","clk","u_dut/u_unified_p4_kernel/ingress_slot_q_reg[0]","FDCE","u_dut/u_unified_p4_kernel/ingress_slot_q_reg","u_dut/u_unified_p4_kernel/input_mem_reg[0][2][4]","FDRE","u_dut/u_unified_p4_kernel/input_mem_reg","1","0.231000000","1.715000000","1.946000000","0.881294964","SLICE_X73Y41","SLICE_X102Y34","","","SIGNATURE_SKIPPED|FDCE|FDRE","SIGNATURE_SKIPPED|FDCE|FDRE","DUT_INTERNAL","u_dut/u_unified_p4_kernel/ingress_slot_q_reg","u_dut/u_unified_p4_kernel/input_mem_reg","0.019000000"
"u_dut/u_unified_p4_kernel/input_mem_reg[0][33][1]/D","u_dut/u_unified_p4_kernel/ingress_data_q_reg[17]/C","-0.015000000","clk","clk","clk","u_dut/u_unified_p4_kernel/ingress_data_q_reg[17]","FDRE","u_dut/u_unified_p4_kernel/ingress_data_q_reg","u_dut/u_unified_p4_kernel/input_mem_reg[0][33][1]","FDRE","u_dut/u_unified_p4_kernel/input_mem_reg","0","0.079000000","1.829000000","1.908000000","0.958595388","SLICE_X80Y28","SLICE_X93Y70","","","SIGNATURE_SKIPPED|FDRE|FDRE","SIGNATURE_SKIPPED|FDRE|FDRE","DUT_INTERNAL","u_dut/u_unified_p4_kernel/ingress_data_q_reg","u_dut/u_unified_p4_kernel/input_mem_reg","0.015000000"
"u_dut/u_unified_p4_kernel/input_mem_reg[0][35][7]/CE","u_dut/u_unified_p4_kernel/ingress_group_q_reg[4]/C","-0.025000000","clk","clk","clk","u_dut/u_unified_p4_kernel/ingress_group_q_reg[4]","FDCE","u_dut/u_unified_p4_kernel/ingress_group_q_reg","u_dut/u_unified_p4_kernel/input_mem_reg[0][35][7]","FDRE","u_dut/u_unified_p4_kernel/input_mem_reg","2","0.228000000","1.639000000","1.867000000","0.877878950","SLICE_X70Y45","SLICE_X95Y74","","","SIGNATURE_SKIPPED|FDCE|FDRE","SIGNATURE_SKIPPED|FDCE|FDRE","DUT_INTERNAL","u_dut/u_unified_p4_kernel/ingress_group_q_reg","u_dut/u_unified_p4_kernel/input_mem_reg","0.025000000"
"u_dut/u_unified_p4_kernel/input_mem_reg[0][38][10]/D","u_dut/u_unified_p4_kernel/ingress_data_q_reg[42]/C","-0.034000000","clk","clk","clk","u_dut/u_unified_p4_kernel/ingress_data_q_reg[42]","FDRE","u_dut/u_unified_p4_kernel/ingress_data_q_reg","u_dut/u_unified_p4_kernel/input_mem_reg[0][38][10]","FDRE","u_dut/u_unified_p4_kernel/input_mem_reg","0","0.079000000","1.742000000","1.821000000","0.956617243","SLICE_X77Y27","SLICE_X88Y72","","","SIGNATURE_SKIPPED|FDRE|FDRE","SIGNATURE_SKIPPED|FDRE|FDRE","DUT_INTERNAL","u_dut/u_unified_p4_kernel/ingress_data_q_reg","u_dut/u_unified_p4_kernel/input_mem_reg","0.034000000"
"u_dut/u_unified_p4_kernel/input_mem_reg[0][38][1]/D","u_dut/u_unified_p4_kernel/ingress_data_q_reg[33]/C","-0.063000000","clk","clk","clk","u_dut/u_unified_p4_kernel/ingress_data_q_reg[33]","FDRE","u_dut/u_unified_p4_kernel/ingress_data_q_reg","u_dut/u_unified_p4_kernel/input_mem_reg[0][38][1]","FDRE","u_dut/u_unified_p4_kernel/input_mem_reg","0","0.079000000","1.774000000","1.853000000","0.957366433","SLICE_X77Y28","SLICE_X88Y69","","","SIGNATURE_SKIPPED|FDRE|FDRE","SIGNATURE_SKIPPED|FDRE|FDRE","DUT_INTERNAL","u_dut/u_unified_p4_kernel/ingress_data_q_reg","u_dut/u_unified_p4_kernel/input_mem_reg","0.063000000"
"u_dut/u_unified_p4_kernel/input_mem_reg[0][46][1]/D","u_dut/u_unified_p4_kernel/ingress_data_q_reg[33]/C","-0.060000000","clk","clk","clk","u_dut/u_unified_p4_kernel/ingress_data_q_reg[33]","FDRE","u_dut/u_unified_p4_kernel/ingress_data_q_reg","u_dut/u_unified_p4_kernel/input_mem_reg[0][46][1]","FDRE","u_dut/u_unified_p4_kernel/input_mem_reg","0","0.079000000","1.773000000","1.852000000","0.957343413","SLICE_X77Y28","SLICE_X88Y64","","","SIGNATURE_SKIPPED|FDRE|FDRE","SIGNATURE_SKIPPED|FDRE|FDRE","DUT_INTERNAL","u_dut/u_unified_p4_kernel/ingress_data_q_reg","u_dut/u_unified_p4_kernel/input_mem_reg","0.060000000"
"u_dut/u_unified_p4_kernel/input_mem_reg[0][50][15]/D","u_dut/u_unified_p4_kernel/ingress_data_q_reg[47]/C","-0.026000000","clk","clk","clk","u_dut/u_unified_p4_kernel/ingress_data_q_reg[47]","FDRE","u_dut/u_unified_p4_kernel/ingress_data_q_reg","u_dut/u_unified_p4_kernel/input_mem_reg[0][50][15]","FDRE","u_dut/u_unified_p4_kernel/input_mem_reg","0","0.079000000","1.746000000","1.825000000","0.956712329","SLICE_X77Y27","SLICE_X84Y72","","","SIGNATURE_SKIPPED|FDRE|FDRE","SIGNATURE_SKIPPED|FDRE|FDRE","DUT_INTERNAL","u_dut/u_unified_p4_kernel/ingress_data_q_reg","u_dut/u_unified_p4_kernel/input_mem_reg","0.026000000"
"u_dut/u_unified_p4_kernel/input_mem_reg[0][50][1]/D","u_dut/u_unified_p4_kernel/ingress_data_q_reg[33]/C","-0.018000000","clk","clk","clk","u_dut/u_unified_p4_kernel/ingress_data_q_reg[33]","FDRE","u_dut/u_unified_p4_kernel/ingress_data_q_reg","u_dut/u_unified_p4_kernel/input_mem_reg[0][50][1]","FDRE","u_dut/u_unified_p4_kernel/input_mem_reg","0","0.079000000","1.733000000","1.812000000","0.956401766","SLICE_X77Y28","SLICE_X83Y73","","","SIGNATURE_SKIPPED|FDRE|FDRE","SIGNATURE_SKIPPED|FDRE|FDRE","DUT_INTERNAL","u_dut/u_unified_p4_kernel/ingress_data_q_reg","u_dut/u_unified_p4_kernel/input_mem_reg","0.018000000"
"u_dut/u_unified_p4_kernel/input_mem_reg[0][50][2]/D","u_dut/u_unified_p4_kernel/ingress_data_q_reg[34]/C","-0.050000000","clk","clk","clk","u_dut/u_unified_p4_kernel/ingress_data_q_reg[34]","FDRE","u_dut/u_unified_p4_kernel/ingress_data_q_reg","u_dut/u_unified_p4_kernel/input_mem_reg[0][50][2]","FDRE","u_dut/u_unified_p4_kernel/input_mem_reg","0","0.079000000","1.833000000","1.912000000","0.958682008","SLICE_X76Y28","SLICE_X86Y71","","","SIGNATURE_SKIPPED|FDRE|FDRE","SIGNATURE_SKIPPED|FDRE|FDRE","DUT_INTERNAL","u_dut/u_unified_p4_kernel/ingress_data_q_reg","u_dut/u_unified_p4_kernel/input_mem_reg","0.050000000"
"u_dut/u_unified_p4_kernel/input_mem_reg[0][51][9]/D","u_dut/u_unified_p4_kernel/ingress_data_q_reg[57]/C","-0.012000000","clk","clk","clk","u_dut/u_unified_p4_kernel/ingress_data_q_reg[57]","FDRE","u_dut/u_unified_p4_kernel/ingress_data_q_reg","u_dut/u_unified_p4_kernel/input_mem_reg[0][51][9]","FDRE","u_dut/u_unified_p4_kernel/input_mem_reg","0","0.079000000","1.725000000","1.804000000","0.956208426","SLICE_X76Y27","SLICE_X86Y77","","","SIGNATURE_SKIPPED|FDRE|FDRE","SIGNATURE_SKIPPED|FDRE|FDRE","DUT_INTERNAL","u_dut/u_unified_p4_kernel/ingress_data_q_reg","u_dut/u_unified_p4_kernel/input_mem_reg","0.012000000"
"u_dut/u_unified_p4_kernel/input_mem_reg[0][54][12]/D","u_dut/u_unified_p4_kernel/ingress_data_q_reg[44]/C","-0.082000000","clk","clk","clk","u_dut/u_unified_p4_kernel/ingress_data_q_reg[44]","FDRE","u_dut/u_unified_p4_kernel/ingress_data_q_reg","u_dut/u_unified_p4_kernel/input_mem_reg[0][54][12]","FDRE","u_dut/u_unified_p4_kernel/input_mem_reg","0","0.079000000","1.792000000","1.871000000","0.957776590","SLICE_X77Y28","SLICE_X82Y83","","","SIGNATURE_SKIPPED|FDRE|FDRE","SIGNATURE_SKIPPED|FDRE|FDRE","DUT_INTERNAL","u_dut/u_unified_p4_kernel/ingress_data_q_reg","u_dut/u_unified_p4_kernel/input_mem_reg","0.082000000"
"u_dut/u_unified_p4_kernel/input_mem_reg[0][54][1]/D","u_dut/u_unified_p4_kernel/ingress_data_q_reg[33]/C","-0.026000000","clk","clk","clk","u_dut/u_unified_p4_kernel/ingress_data_q_reg[33]","FDRE","u_dut/u_unified_p4_kernel/ingress_data_q_reg","u_dut/u_unified_p4_kernel/input_mem_reg[0][54][1]","FDRE","u_dut/u_unified_p4_kernel/input_mem_reg","0","0.079000000","1.734000000","1.813000000","0.956425814","SLICE_X77Y28","SLICE_X84Y82","","","SIGNATURE_SKIPPED|FDRE|FDRE","SIGNATURE_SKIPPED|FDRE|FDRE","DUT_INTERNAL","u_dut/u_unified_p4_kernel/ingress_data_q_reg","u_dut/u_unified_p4_kernel/input_mem_reg","0.026000000"
"u_dut/u_unified_p4_kernel/input_mem_reg[0][58][4]/CE","u_dut/u_unified_p4_kernel/ingress_group_q_reg[4]/C","-0.002000000","clk","clk","clk","u_dut/u_unified_p4_kernel/ingress_group_q_reg[4]","FDCE","u_dut/u_unified_p4_kernel/ingress_group_q_reg","u_dut/u_unified_p4_kernel/input_mem_reg[0][58][4]","FDRE","u_dut/u_unified_p4_kernel/input_mem_reg","2","0.241000000","1.595000000","1.836000000","0.868736383","SLICE_X70Y45","SLICE_X97Y28","","","SIGNATURE_SKIPPED|FDCE|FDRE","SIGNATURE_SKIPPED|FDCE|FDRE","DUT_INTERNAL","u_dut/u_unified_p4_kernel/ingress_group_q_reg","u_dut/u_unified_p4_kernel/input_mem_reg","0.002000000"
"u_dut/u_unified_p4_kernel/input_mem_reg[0][58][9]/CE","u_dut/u_unified_p4_kernel/ingress_group_q_reg[4]/C","-0.002000000","clk","clk","clk","u_dut/u_unified_p4_kernel/ingress_group_q_reg[4]","FDCE","u_dut/u_unified_p4_kernel/ingress_group_q_reg","u_dut/u_unified_p4_kernel/input_mem_reg[0][58][9]","FDRE","u_dut/u_unified_p4_kernel/input_mem_reg","2","0.241000000","1.595000000","1.836000000","0.868736383","SLICE_X70Y45","SLICE_X97Y28","","","SIGNATURE_SKIPPED|FDCE|FDRE","SIGNATURE_SKIPPED|FDCE|FDRE","DUT_INTERNAL","u_dut/u_unified_p4_kernel/ingress_group_q_reg","u_dut/u_unified_p4_kernel/input_mem_reg","0.002000000"
"u_dut/u_unified_p4_kernel/input_mem_reg[0][60][4]/CE","u_dut/u_unified_p4_kernel/ingress_valid_q_reg/C","-0.023000000","clk","clk","clk","u_dut/u_unified_p4_kernel/ingress_valid_q_reg","FDCE","u_dut/u_unified_p4_kernel/ingress_valid_q_reg","u_dut/u_unified_p4_kernel/input_mem_reg[0][60][4]","FDRE","u_dut/u_unified_p4_kernel/input_mem_reg","2","0.375000000","1.463000000","1.838000000","0.795973885","SLICE_X70Y44","SLICE_X92Y27","","","SIGNATURE_SKIPPED|FDCE|FDRE","SIGNATURE_SKIPPED|FDCE|FDRE","DUT_INTERNAL","u_dut/u_unified_p4_kernel/ingress_valid_q_reg","u_dut/u_unified_p4_kernel/input_mem_reg","0.023000000"
"u_dut/u_unified_p4_kernel/input_mem_reg[0][60][6]/CE","u_dut/u_unified_p4_kernel/ingress_valid_q_reg/C","-0.018000000","clk","clk","clk","u_dut/u_unified_p4_kernel/ingress_valid_q_reg","FDCE","u_dut/u_unified_p4_kernel/ingress_valid_q_reg","u_dut/u_unified_p4_kernel/input_mem_reg[0][60][6]","FDRE","u_dut/u_unified_p4_kernel/input_mem_reg","2","0.375000000","1.460000000","1.835000000","0.795640327","SLICE_X70Y44","SLICE_X91Y25","","","SIGNATURE_SKIPPED|FDCE|FDRE","SIGNATURE_SKIPPED|FDCE|FDRE","DUT_INTERNAL","u_dut/u_unified_p4_kernel/ingress_valid_q_reg","u_dut/u_unified_p4_kernel/input_mem_reg","0.018000000"
"u_dut/u_unified_p4_kernel/input_mem_reg[0][61][14]/CE","u_dut/u_unified_p4_kernel/ingress_group_q_reg[4]/C","-0.005000000","clk","clk","clk","u_dut/u_unified_p4_kernel/ingress_group_q_reg[4]","FDCE","u_dut/u_unified_p4_kernel/ingress_group_q_reg","u_dut/u_unified_p4_kernel/input_mem_reg[0][61][14]","FDRE","u_dut/u_unified_p4_kernel/input_mem_reg","2","0.167000000","1.686000000","1.853000000","0.909875877","SLICE_X70Y45","SLICE_X98Y20","","","SIGNATURE_SKIPPED|FDCE|FDRE","SIGNATURE_SKIPPED|FDCE|FDRE","DUT_INTERNAL","u_dut/u_unified_p4_kernel/ingress_group_q_reg","u_dut/u_unified_p4_kernel/input_mem_reg","0.005000000"
"u_dut/u_unified_p4_kernel/input_mem_reg[0][61][3]/CE","u_dut/u_unified_p4_kernel/ingress_group_q_reg[4]/C","-0.005000000","clk","clk","clk","u_dut/u_unified_p4_kernel/ingress_group_q_reg[4]","FDCE","u_dut/u_unified_p4_kernel/ingress_group_q_reg","u_dut/u_unified_p4_kernel/input_mem_reg[0][61][3]","FDRE","u_dut/u_unified_p4_kernel/input_mem_reg","2","0.167000000","1.686000000","1.853000000","0.909875877","SLICE_X70Y45","SLICE_X98Y20","","","SIGNATURE_SKIPPED|FDCE|FDRE","SIGNATURE_SKIPPED|FDCE|FDRE","DUT_INTERNAL","u_dut/u_unified_p4_kernel/ingress_group_q_reg","u_dut/u_unified_p4_kernel/input_mem_reg","0.005000000"
"u_dut/u_unified_p4_kernel/input_mem_reg[0][61][5]/CE","u_dut/u_unified_p4_kernel/ingress_group_q_reg[4]/C","-0.006000000","clk","clk","clk","u_dut/u_unified_p4_kernel/ingress_group_q_reg[4]","FDCE","u_dut/u_unified_p4_kernel/ingress_group_q_reg","u_dut/u_unified_p4_kernel/input_mem_reg[0][61][5]","FDRE","u_dut/u_unified_p4_kernel/input_mem_reg","2","0.167000000","1.684000000","1.851000000","0.909778498","SLICE_X70Y45","SLICE_X99Y20","","","SIGNATURE_SKIPPED|FDCE|FDRE","SIGNATURE_SKIPPED|FDCE|FDRE","DUT_INTERNAL","u_dut/u_unified_p4_kernel/ingress_group_q_reg","u_dut/u_unified_p4_kernel/input_mem_reg","0.006000000"
"u_dut/u_unified_p4_kernel/input_mem_reg[0][61][6]/CE","u_dut/u_unified_p4_kernel/ingress_group_q_reg[4]/C","-0.005000000","clk","clk","clk","u_dut/u_unified_p4_kernel/ingress_group_q_reg[4]","FDCE","u_dut/u_unified_p4_kernel/ingress_group_q_reg","u_dut/u_unified_p4_kernel/input_mem_reg[0][61][6]","FDRE","u_dut/u_unified_p4_kernel/input_mem_reg","2","0.167000000","1.686000000","1.853000000","0.909875877","SLICE_X70Y45","SLICE_X98Y20","","","SIGNATURE_SKIPPED|FDCE|FDRE","SIGNATURE_SKIPPED|FDCE|FDRE","DUT_INTERNAL","u_dut/u_unified_p4_kernel/ingress_group_q_reg","u_dut/u_unified_p4_kernel/input_mem_reg","0.005000000"
"u_dut/u_unified_p4_kernel/input_mem_reg[0][62][2]/CE","u_dut/u_unified_p4_kernel/ingress_group_q_reg[4]/C","-0.004000000","clk","clk","clk","u_dut/u_unified_p4_kernel/ingress_group_q_reg[4]","FDCE","u_dut/u_unified_p4_kernel/ingress_group_q_reg","u_dut/u_unified_p4_kernel/input_mem_reg[0][62][2]","FDRE","u_dut/u_unified_p4_kernel/input_mem_reg","2","0.167000000","1.681000000","1.848000000","0.909632035","SLICE_X70Y45","SLICE_X97Y21","","","SIGNATURE_SKIPPED|FDCE|FDRE","SIGNATURE_SKIPPED|FDCE|FDRE","DUT_INTERNAL","u_dut/u_unified_p4_kernel/ingress_group_q_reg","u_dut/u_unified_p4_kernel/input_mem_reg","0.004000000"
"u_dut/u_unified_p4_kernel/input_mem_reg[0][62][3]/CE","u_dut/u_unified_p4_kernel/ingress_group_q_reg[4]/C","-0.004000000","clk","clk","clk","u_dut/u_unified_p4_kernel/ingress_group_q_reg[4]","FDCE","u_dut/u_unified_p4_kernel/ingress_group_q_reg","u_dut/u_unified_p4_kernel/input_mem_reg[0][62][3]","FDRE","u_dut/u_unified_p4_kernel/input_mem_reg","2","0.167000000","1.681000000","1.848000000","0.909632035","SLICE_X70Y45","SLICE_X97Y21","","","SIGNATURE_SKIPPED|FDCE|FDRE","SIGNATURE_SKIPPED|FDCE|FDRE","DUT_INTERNAL","u_dut/u_unified_p4_kernel/ingress_group_q_reg","u_dut/u_unified_p4_kernel/input_mem_reg","0.004000000"
"u_dut/u_unified_p4_kernel/input_mem_reg[0][62][7]/CE","u_dut/u_unified_p4_kernel/ingress_group_q_reg[4]/C","-0.004000000","clk","clk","clk","u_dut/u_unified_p4_kernel/ingress_group_q_reg[4]","FDCE","u_dut/u_unified_p4_kernel/ingress_group_q_reg","u_dut/u_unified_p4_kernel/input_mem_reg[0][62][7]","FDRE","u_dut/u_unified_p4_kernel/input_mem_reg","2","0.167000000","1.681000000","1.848000000","0.909632035","SLICE_X70Y45","SLICE_X97Y21","","","SIGNATURE_SKIPPED|FDCE|FDRE","SIGNATURE_SKIPPED|FDCE|FDRE","DUT_INTERNAL","u_dut/u_unified_p4_kernel/ingress_group_q_reg","u_dut/u_unified_p4_kernel/input_mem_reg","0.004000000"
"u_dut/u_unified_p4_kernel/input_mem_reg[1][11][3]/D","u_dut/u_unified_p4_kernel/ingress_data_q_reg[51]/C","-0.060000000","clk","clk","clk","u_dut/u_unified_p4_kernel/ingress_data_q_reg[51]","FDRE","u_dut/u_unified_p4_kernel/ingress_data_q_reg","u_dut/u_unified_p4_kernel/input_mem_reg[1][11][3]","FDRE","u_dut/u_unified_p4_kernel/input_mem_reg","0","0.079000000","1.839000000","1.918000000","0.958811262","SLICE_X77Y27","SLICE_X97Y22","","","SIGNATURE_SKIPPED|FDRE|FDRE","SIGNATURE_SKIPPED|FDRE|FDRE","DUT_INTERNAL","u_dut/u_unified_p4_kernel/ingress_data_q_reg","u_dut/u_unified_p4_kernel/input_mem_reg","0.060000000"
"u_dut/u_unified_p4_kernel/input_mem_reg[1][15][3]/D","u_dut/u_unified_p4_kernel/ingress_data_q_reg[51]/C","-0.058000000","clk","clk","clk","u_dut/u_unified_p4_kernel/ingress_data_q_reg[51]","FDRE","u_dut/u_unified_p4_kernel/ingress_data_q_reg","u_dut/u_unified_p4_kernel/input_mem_reg[1][15][3]","FDRE","u_dut/u_unified_p4_kernel/input_mem_reg","0","0.079000000","1.845000000","1.924000000","0.958939709","SLICE_X77Y27","SLICE_X98Y43","","","SIGNATURE_SKIPPED|FDRE|FDRE","SIGNATURE_SKIPPED|FDRE|FDRE","DUT_INTERNAL","u_dut/u_unified_p4_kernel/ingress_data_q_reg","u_dut/u_unified_p4_kernel/input_mem_reg","0.058000000"
"u_dut/u_unified_p4_kernel/input_mem_reg[1][17][11]/CE","u_dut/u_unified_p4_kernel/ingress_group_q_reg[3]/C","-0.032000000","clk","clk","clk","u_dut/u_unified_p4_kernel/ingress_group_q_reg[3]","FDCE","u_dut/u_unified_p4_kernel/ingress_group_q_reg","u_dut/u_unified_p4_kernel/input_mem_reg[1][17][11]","FDRE","u_dut/u_unified_p4_kernel/input_mem_reg","2","0.318000000","1.520000000","1.838000000","0.826985854","SLICE_X74Y36","SLICE_X84Y71","","","SIGNATURE_SKIPPED|FDCE|FDRE","SIGNATURE_SKIPPED|FDCE|FDRE","DUT_INTERNAL","u_dut/u_unified_p4_kernel/ingress_group_q_reg","u_dut/u_unified_p4_kernel/input_mem_reg","0.032000000"
"u_dut/u_unified_p4_kernel/input_mem_reg[1][17][6]/CE","u_dut/u_unified_p4_kernel/ingress_group_q_reg[3]/C","-0.021000000","clk","clk","clk","u_dut/u_unified_p4_kernel/ingress_group_q_reg[3]","FDCE","u_dut/u_unified_p4_kernel/ingress_group_q_reg","u_dut/u_unified_p4_kernel/input_mem_reg[1][17][6]","FDRE","u_dut/u_unified_p4_kernel/input_mem_reg","2","0.318000000","1.590000000","1.908000000","0.833333333","SLICE_X74Y36","SLICE_X100Y52","","","SIGNATURE_SKIPPED|FDCE|FDRE","SIGNATURE_SKIPPED|FDCE|FDRE","DUT_INTERNAL","u_dut/u_unified_p4_kernel/ingress_group_q_reg","u_dut/u_unified_p4_kernel/input_mem_reg","0.021000000"
"u_dut/u_unified_p4_kernel/input_mem_reg[1][18][0]/D","u_dut/u_unified_p4_kernel/ingress_data_q_reg[32]/C","-0.021000000","clk","clk","clk","u_dut/u_unified_p4_kernel/ingress_data_q_reg[32]","FDRE","u_dut/u_unified_p4_kernel/ingress_data_q_reg","u_dut/u_unified_p4_kernel/input_mem_reg[1][18][0]","FDRE","u_dut/u_unified_p4_kernel/input_mem_reg","0","0.079000000","1.798000000","1.877000000","0.957911561","SLICE_X77Y27","SLICE_X93Y58","","","SIGNATURE_SKIPPED|FDRE|FDRE","SIGNATURE_SKIPPED|FDRE|FDRE","DUT_INTERNAL","u_dut/u_unified_p4_kernel/ingress_data_q_reg","u_dut/u_unified_p4_kernel/input_mem_reg","0.021000000"
"u_dut/u_unified_p4_kernel/input_mem_reg[1][18][9]/D","u_dut/u_unified_p4_kernel/ingress_data_q_reg[41]/C","-0.030000000","clk","clk","clk","u_dut/u_unified_p4_kernel/ingress_data_q_reg[41]","FDRE","u_dut/u_unified_p4_kernel/ingress_data_q_reg","u_dut/u_unified_p4_kernel/input_mem_reg[1][18][9]","FDRE","u_dut/u_unified_p4_kernel/input_mem_reg","0","0.079000000","1.814000000","1.893000000","0.958267301","SLICE_X76Y28","SLICE_X85Y70","","","SIGNATURE_SKIPPED|FDRE|FDRE","SIGNATURE_SKIPPED|FDRE|FDRE","DUT_INTERNAL","u_dut/u_unified_p4_kernel/ingress_data_q_reg","u_dut/u_unified_p4_kernel/input_mem_reg","0.030000000"
"u_dut/u_unified_p4_kernel/input_mem_reg[1][1][12]/CE","u_dut/u_unified_p4_kernel/ingress_slot_q_reg[0]/C","-0.037000000","clk","clk","clk","u_dut/u_unified_p4_kernel/ingress_slot_q_reg[0]","FDCE","u_dut/u_unified_p4_kernel/ingress_slot_q_reg","u_dut/u_unified_p4_kernel/input_mem_reg[1][1][12]","FDRE","u_dut/u_unified_p4_kernel/input_mem_reg","1","0.229000000","1.732000000","1.961000000","0.883222845","SLICE_X73Y41","SLICE_X102Y32","","","SIGNATURE_SKIPPED|FDCE|FDRE","SIGNATURE_SKIPPED|FDCE|FDRE","DUT_INTERNAL","u_dut/u_unified_p4_kernel/ingress_slot_q_reg","u_dut/u_unified_p4_kernel/input_mem_reg","0.037000000"
"u_dut/u_unified_p4_kernel/input_mem_reg[1][22][14]/D","u_dut/u_unified_p4_kernel/ingress_data_q_reg[46]/C","-0.019000000","clk","clk","clk","u_dut/u_unified_p4_kernel/ingress_data_q_reg[46]","FDRE","u_dut/u_unified_p4_kernel/ingress_data_q_reg","u_dut/u_unified_p4_kernel/input_mem_reg[1][22][14]","FDRE","u_dut/u_unified_p4_kernel/input_mem_reg","0","0.079000000","1.780000000","1.859000000","0.957504034","SLICE_X76Y27","SLICE_X58Y47","","","SIGNATURE_SKIPPED|FDRE|FDRE","SIGNATURE_SKIPPED|FDRE|FDRE","DUT_INTERNAL","u_dut/u_unified_p4_kernel/ingress_data_q_reg","u_dut/u_unified_p4_kernel/input_mem_reg","0.019000000"
"u_dut/u_unified_p4_kernel/input_mem_reg[1][33][1]/D","u_dut/u_unified_p4_kernel/ingress_data_q_reg[17]/C","-0.054000000","clk","clk","clk","u_dut/u_unified_p4_kernel/ingress_data_q_reg[17]","FDRE","u_dut/u_unified_p4_kernel/ingress_data_q_reg","u_dut/u_unified_p4_kernel/input_mem_reg[1][33][1]","FDRE","u_dut/u_unified_p4_kernel/input_mem_reg","0","0.079000000","1.868000000","1.947000000","0.959424756","SLICE_X80Y28","SLICE_X93Y70","","","SIGNATURE_SKIPPED|FDRE|FDRE","SIGNATURE_SKIPPED|FDRE|FDRE","DUT_INTERNAL","u_dut/u_unified_p4_kernel/ingress_data_q_reg","u_dut/u_unified_p4_kernel/input_mem_reg","0.054000000"
"u_dut/u_unified_p4_kernel/input_mem_reg[1][35][4]/D","u_dut/u_unified_p4_kernel/ingress_data_q_reg[52]/C","-0.036000000","clk","clk","clk","u_dut/u_unified_p4_kernel/ingress_data_q_reg[52]","FDRE","u_dut/u_unified_p4_kernel/ingress_data_q_reg","u_dut/u_unified_p4_kernel/input_mem_reg[1][35][4]","FDRE","u_dut/u_unified_p4_kernel/input_mem_reg","0","0.079000000","1.903000000","1.982000000","0.960141271","SLICE_X76Y17","SLICE_X95Y72","","","SIGNATURE_SKIPPED|FDRE|FDRE","SIGNATURE_SKIPPED|FDRE|FDRE","DUT_INTERNAL","u_dut/u_unified_p4_kernel/ingress_data_q_reg","u_dut/u_unified_p4_kernel/input_mem_reg","0.036000000"
"u_dut/u_unified_p4_kernel/input_mem_reg[1][36][7]/D","u_dut/u_unified_p4_kernel/ingress_data_q_reg[7]/C","-0.018000000","clk","clk","clk","u_dut/u_unified_p4_kernel/ingress_data_q_reg[7]","FDRE","u_dut/u_unified_p4_kernel/ingress_data_q_reg","u_dut/u_unified_p4_kernel/input_mem_reg[1][36][7]","FDRE","u_dut/u_unified_p4_kernel/input_mem_reg","0","0.079000000","1.933000000","2.012000000","0.960735586","SLICE_X73Y30","SLICE_X95Y71","","","SIGNATURE_SKIPPED|FDRE|FDRE","SIGNATURE_SKIPPED|FDRE|FDRE","DUT_INTERNAL","u_dut/u_unified_p4_kernel/ingress_data_q_reg","u_dut/u_unified_p4_kernel/input_mem_reg","0.018000000"
"u_dut/u_unified_p4_kernel/input_mem_reg[1][36][9]/D","u_dut/u_unified_p4_kernel/ingress_data_q_reg[9]/C","-0.046000000","clk","clk","clk","u_dut/u_unified_p4_kernel/ingress_data_q_reg[9]","FDRE","u_dut/u_unified_p4_kernel/ingress_data_q_reg","u_dut/u_unified_p4_kernel/input_mem_reg[1][36][9]","FDRE","u_dut/u_unified_p4_kernel/input_mem_reg","0","0.079000000","1.945000000","2.024000000","0.960968379","SLICE_X73Y29","SLICE_X95Y71","","","SIGNATURE_SKIPPED|FDRE|FDRE","SIGNATURE_SKIPPED|FDRE|FDRE","DUT_INTERNAL","u_dut/u_unified_p4_kernel/ingress_data_q_reg","u_dut/u_unified_p4_kernel/input_mem_reg","0.046000000"
"u_dut/u_unified_p4_kernel/input_mem_reg[1][37][12]/D","u_dut/u_unified_p4_kernel/ingress_data_q_reg[28]/C","-0.012000000","clk","clk","clk","u_dut/u_unified_p4_kernel/ingress_data_q_reg[28]","FDRE","u_dut/u_unified_p4_kernel/ingress_data_q_reg","u_dut/u_unified_p4_kernel/input_mem_reg[1][37][12]","FDRE","u_dut/u_unified_p4_kernel/input_mem_reg","0","0.079000000","1.742000000","1.821000000","0.956617243","SLICE_X80Y27","SLICE_X88Y73","","","SIGNATURE_SKIPPED|FDRE|FDRE","SIGNATURE_SKIPPED|FDRE|FDRE","DUT_INTERNAL","u_dut/u_unified_p4_kernel/ingress_data_q_reg","u_dut/u_unified_p4_kernel/input_mem_reg","0.012000000"
"u_dut/u_unified_p4_kernel/input_mem_reg[1][37][13]/D","u_dut/u_unified_p4_kernel/ingress_data_q_reg[29]/C","-0.017000000","clk","clk","clk","u_dut/u_unified_p4_kernel/ingress_data_q_reg[29]","FDRE","u_dut/u_unified_p4_kernel/ingress_data_q_reg","u_dut/u_unified_p4_kernel/input_mem_reg[1][37][13]","FDRE","u_dut/u_unified_p4_kernel/input_mem_reg","0","0.079000000","1.735000000","1.814000000","0.956449835","SLICE_X77Y29","SLICE_X88Y72","","","SIGNATURE_SKIPPED|FDRE|FDRE","SIGNATURE_SKIPPED|FDRE|FDRE","DUT_INTERNAL","u_dut/u_unified_p4_kernel/ingress_data_q_reg","u_dut/u_unified_p4_kernel/input_mem_reg","0.017000000"
"u_dut/u_unified_p4_kernel/input_mem_reg[1][39][7]/D","u_dut/u_unified_p4_kernel/ingress_data_q_reg[55]/C","-0.030000000","clk","clk","clk","u_dut/u_unified_p4_kernel/ingress_data_q_reg[55]","FDRE","u_dut/u_unified_p4_kernel/ingress_data_q_reg","u_dut/u_unified_p4_kernel/input_mem_reg[1][39][7]","FDRE","u_dut/u_unified_p4_kernel/input_mem_reg","0","0.079000000","1.738000000","1.817000000","0.956521739","SLICE_X77Y27","SLICE_X88Y75","","","SIGNATURE_SKIPPED|FDRE|FDRE","SIGNATURE_SKIPPED|FDRE|FDRE","DUT_INTERNAL","u_dut/u_unified_p4_kernel/ingress_data_q_reg","u_dut/u_unified_p4_kernel/input_mem_reg","0.030000000"
"u_dut/u_unified_p4_kernel/input_mem_reg[1][3][13]/CE","u_dut/u_unified_p4_kernel/ingress_slot_q_reg[0]/C","-0.037000000","clk","clk","clk","u_dut/u_unified_p4_kernel/ingress_slot_q_reg[0]","FDCE","u_dut/u_unified_p4_kernel/ingress_slot_q_reg","u_dut/u_unified_p4_kernel/input_mem_reg[1][3][13]","FDRE","u_dut/u_unified_p4_kernel/input_mem_reg","1","0.229000000","1.732000000","1.961000000","0.883222845","SLICE_X73Y41","SLICE_X102Y32","","","SIGNATURE_SKIPPED|FDCE|FDRE","SIGNATURE_SKIPPED|FDCE|FDRE","DUT_INTERNAL","u_dut/u_unified_p4_kernel/ingress_slot_q_reg","u_dut/u_unified_p4_kernel/input_mem_reg","0.037000000"
"u_dut/u_unified_p4_kernel/input_mem_reg[1][40][0]/CE","u_dut/u_unified_p4_kernel/ingress_slot_q_reg[0]/C","-0.058000000","clk","clk","clk","u_dut/u_unified_p4_kernel/ingress_slot_q_reg[0]","FDCE","u_dut/u_unified_p4_kernel/ingress_slot_q_reg","u_dut/u_unified_p4_kernel/input_mem_reg[1][40][0]","FDRE","u_dut/u_unified_p4_kernel/input_mem_reg","2","0.237000000","1.704000000","1.941000000","0.877897991","SLICE_X73Y41","SLICE_X94Y57","","","SIGNATURE_SKIPPED|FDCE|FDRE","SIGNATURE_SKIPPED|FDCE|FDRE","DUT_INTERNAL","u_dut/u_unified_p4_kernel/ingress_slot_q_reg","u_dut/u_unified_p4_kernel/input_mem_reg","0.058000000"
"u_dut/u_unified_p4_kernel/input_mem_reg[1][40][15]/CE","u_dut/u_unified_p4_kernel/ingress_slot_q_reg[0]/C","-0.058000000","clk","clk","clk","u_dut/u_unified_p4_kernel/ingress_slot_q_reg[0]","FDCE","u_dut/u_unified_p4_kernel/ingress_slot_q_reg","u_dut/u_unified_p4_kernel/input_mem_reg[1][40][15]","FDRE","u_dut/u_unified_p4_kernel/input_mem_reg","2","0.237000000","1.704000000","1.941000000","0.877897991","SLICE_X73Y41","SLICE_X94Y57","","","SIGNATURE_SKIPPED|FDCE|FDRE","SIGNATURE_SKIPPED|FDCE|FDRE","DUT_INTERNAL","u_dut/u_unified_p4_kernel/ingress_slot_q_reg","u_dut/u_unified_p4_kernel/input_mem_reg","0.058000000"
"u_dut/u_unified_p4_kernel/input_mem_reg[1][40][2]/D","u_dut/u_unified_p4_kernel/ingress_data_q_reg[2]/C","-0.006000000","clk","clk","clk","u_dut/u_unified_p4_kernel/ingress_data_q_reg[2]","FDRE","u_dut/u_unified_p4_kernel/ingress_data_q_reg","u_dut/u_unified_p4_kernel/input_mem_reg[1][40][2]","FDRE","u_dut/u_unified_p4_kernel/input_mem_reg","0","0.078000000","1.880000000","1.958000000","0.960163432","SLICE_X74Y28","SLICE_X95Y58","","","SIGNATURE_SKIPPED|FDRE|FDRE","SIGNATURE_SKIPPED|FDRE|FDRE","DUT_INTERNAL","u_dut/u_unified_p4_kernel/ingress_data_q_reg","u_dut/u_unified_p4_kernel/input_mem_reg","0.006000000"
"u_dut/u_unified_p4_kernel/input_mem_reg[1][40][4]/CE","u_dut/u_unified_p4_kernel/ingress_slot_q_reg[0]/C","-0.058000000","clk","clk","clk","u_dut/u_unified_p4_kernel/ingress_slot_q_reg[0]","FDCE","u_dut/u_unified_p4_kernel/ingress_slot_q_reg","u_dut/u_unified_p4_kernel/input_mem_reg[1][40][4]","FDRE","u_dut/u_unified_p4_kernel/input_mem_reg","2","0.237000000","1.704000000","1.941000000","0.877897991","SLICE_X73Y41","SLICE_X94Y57","","","SIGNATURE_SKIPPED|FDCE|FDRE","SIGNATURE_SKIPPED|FDCE|FDRE","DUT_INTERNAL","u_dut/u_unified_p4_kernel/ingress_slot_q_reg","u_dut/u_unified_p4_kernel/input_mem_reg","0.058000000"
"u_dut/u_unified_p4_kernel/input_mem_reg[1][40][6]/CE","u_dut/u_unified_p4_kernel/ingress_slot_q_reg[0]/C","-0.058000000","clk","clk","clk","u_dut/u_unified_p4_kernel/ingress_slot_q_reg[0]","FDCE","u_dut/u_unified_p4_kernel/ingress_slot_q_reg","u_dut/u_unified_p4_kernel/input_mem_reg[1][40][6]","FDRE","u_dut/u_unified_p4_kernel/input_mem_reg","2","0.237000000","1.704000000","1.941000000","0.877897991","SLICE_X73Y41","SLICE_X94Y57","","","SIGNATURE_SKIPPED|FDCE|FDRE","SIGNATURE_SKIPPED|FDCE|FDRE","DUT_INTERNAL","u_dut/u_unified_p4_kernel/ingress_slot_q_reg","u_dut/u_unified_p4_kernel/input_mem_reg","0.058000000"
"u_dut/u_unified_p4_kernel/input_mem_reg[1][41][11]/D","u_dut/u_unified_p4_kernel/ingress_data_q_reg[27]/C","-0.027000000","clk","clk","clk","u_dut/u_unified_p4_kernel/ingress_data_q_reg[27]","FDRE","u_dut/u_unified_p4_kernel/ingress_data_q_reg","u_dut/u_unified_p4_kernel/input_mem_reg[1][41][11]","FDRE","u_dut/u_unified_p4_kernel/input_mem_reg","0","0.078000000","1.877000000","1.955000000","0.960102302","SLICE_X74Y25","SLICE_X96Y70","","","SIGNATURE_SKIPPED|FDRE|FDRE","SIGNATURE_SKIPPED|FDRE|FDRE","DUT_INTERNAL","u_dut/u_unified_p4_kernel/ingress_data_q_reg","u_dut/u_unified_p4_kernel/input_mem_reg","0.027000000"
"u_dut/u_unified_p4_kernel/input_mem_reg[1][44][0]/CE","u_dut/u_unified_p4_kernel/ingress_slot_q_reg[0]/C","-0.022000000","clk","clk","clk","u_dut/u_unified_p4_kernel/ingress_slot_q_reg[0]","FDCE","u_dut/u_unified_p4_kernel/ingress_slot_q_reg","u_dut/u_unified_p4_kernel/input_mem_reg[1][44][0]","FDRE","u_dut/u_unified_p4_kernel/input_mem_reg","2","0.302000000","1.600000000","1.902000000","0.841219769","SLICE_X73Y41","SLICE_X95Y59","","","SIGNATURE_SKIPPED|FDCE|FDRE","SIGNATURE_SKIPPED|FDCE|FDRE","DUT_INTERNAL","u_dut/u_unified_p4_kernel/ingress_slot_q_reg","u_dut/u_unified_p4_kernel/input_mem_reg","0.022000000"
"u_dut/u_unified_p4_kernel/input_mem_reg[1][44][10]/CE","u_dut/u_unified_p4_kernel/ingress_slot_q_reg[0]/C","-0.021000000","clk","clk","clk","u_dut/u_unified_p4_kernel/ingress_slot_q_reg[0]","FDCE","u_dut/u_unified_p4_kernel/ingress_slot_q_reg","u_dut/u_unified_p4_kernel/input_mem_reg[1][44][10]","FDRE","u_dut/u_unified_p4_kernel/input_mem_reg","2","0.302000000","1.600000000","1.902000000","0.841219769","SLICE_X73Y41","SLICE_X95Y59","","","SIGNATURE_SKIPPED|FDCE|FDRE","SIGNATURE_SKIPPED|FDCE|FDRE","DUT_INTERNAL","u_dut/u_unified_p4_kernel/ingress_slot_q_reg","u_dut/u_unified_p4_kernel/input_mem_reg","0.021000000"
"u_dut/u_unified_p4_kernel/input_mem_reg[1][44][13]/CE","u_dut/u_unified_p4_kernel/ingress_slot_q_reg[0]/C","-0.022000000","clk","clk","clk","u_dut/u_unified_p4_kernel/ingress_slot_q_reg[0]","FDCE","u_dut/u_unified_p4_kernel/ingress_slot_q_reg","u_dut/u_unified_p4_kernel/input_mem_reg[1][44][13]","FDRE","u_dut/u_unified_p4_kernel/input_mem_reg","2","0.302000000","1.600000000","1.902000000","0.841219769","SLICE_X73Y41","SLICE_X95Y59","","","SIGNATURE_SKIPPED|FDCE|FDRE","SIGNATURE_SKIPPED|FDCE|FDRE","DUT_INTERNAL","u_dut/u_unified_p4_kernel/ingress_slot_q_reg","u_dut/u_unified_p4_kernel/input_mem_reg","0.022000000"
"u_dut/u_unified_p4_kernel/input_mem_reg[1][44][15]/CE","u_dut/u_unified_p4_kernel/ingress_slot_q_reg[0]/C","-0.021000000","clk","clk","clk","u_dut/u_unified_p4_kernel/ingress_slot_q_reg[0]","FDCE","u_dut/u_unified_p4_kernel/ingress_slot_q_reg","u_dut/u_unified_p4_kernel/input_mem_reg[1][44][15]","FDRE","u_dut/u_unified_p4_kernel/input_mem_reg","2","0.302000000","1.600000000","1.902000000","0.841219769","SLICE_X73Y41","SLICE_X95Y59","","","SIGNATURE_SKIPPED|FDCE|FDRE","SIGNATURE_SKIPPED|FDCE|FDRE","DUT_INTERNAL","u_dut/u_unified_p4_kernel/ingress_slot_q_reg","u_dut/u_unified_p4_kernel/input_mem_reg","0.021000000"
"u_dut/u_unified_p4_kernel/input_mem_reg[1][44][2]/D","u_dut/u_unified_p4_kernel/ingress_data_q_reg[2]/C","-0.044000000","clk","clk","clk","u_dut/u_unified_p4_kernel/ingress_data_q_reg[2]","FDRE","u_dut/u_unified_p4_kernel/ingress_data_q_reg","u_dut/u_unified_p4_kernel/input_mem_reg[1][44][2]","FDRE","u_dut/u_unified_p4_kernel/input_mem_reg","0","0.078000000","1.914000000","1.992000000","0.960843373","SLICE_X74Y28","SLICE_X95Y59","","","SIGNATURE_SKIPPED|FDRE|FDRE","SIGNATURE_SKIPPED|FDRE|FDRE","DUT_INTERNAL","u_dut/u_unified_p4_kernel/ingress_data_q_reg","u_dut/u_unified_p4_kernel/input_mem_reg","0.044000000"
"u_dut/u_unified_p4_kernel/input_mem_reg[1][44][6]/CE","u_dut/u_unified_p4_kernel/ingress_slot_q_reg[0]/C","-0.022000000","clk","clk","clk","u_dut/u_unified_p4_kernel/ingress_slot_q_reg[0]","FDCE","u_dut/u_unified_p4_kernel/ingress_slot_q_reg","u_dut/u_unified_p4_kernel/input_mem_reg[1][44][6]","FDRE","u_dut/u_unified_p4_kernel/input_mem_reg","2","0.302000000","1.600000000","1.902000000","0.841219769","SLICE_X73Y41","SLICE_X95Y59","","","SIGNATURE_SKIPPED|FDCE|FDRE","SIGNATURE_SKIPPED|FDCE|FDRE","DUT_INTERNAL","u_dut/u_unified_p4_kernel/ingress_slot_q_reg","u_dut/u_unified_p4_kernel/input_mem_reg","0.022000000"
"u_dut/u_unified_p4_kernel/input_mem_reg[1][44][7]/CE","u_dut/u_unified_p4_kernel/ingress_slot_q_reg[0]/C","-0.021000000","clk","clk","clk","u_dut/u_unified_p4_kernel/ingress_slot_q_reg[0]","FDCE","u_dut/u_unified_p4_kernel/ingress_slot_q_reg","u_dut/u_unified_p4_kernel/input_mem_reg[1][44][7]","FDRE","u_dut/u_unified_p4_kernel/input_mem_reg","2","0.302000000","1.600000000","1.902000000","0.841219769","SLICE_X73Y41","SLICE_X95Y59","","","SIGNATURE_SKIPPED|FDCE|FDRE","SIGNATURE_SKIPPED|FDCE|FDRE","DUT_INTERNAL","u_dut/u_unified_p4_kernel/ingress_slot_q_reg","u_dut/u_unified_p4_kernel/input_mem_reg","0.021000000"
"u_dut/u_unified_p4_kernel/input_mem_reg[1][44][8]/CE","u_dut/u_unified_p4_kernel/ingress_slot_q_reg[0]/C","-0.022000000","clk","clk","clk","u_dut/u_unified_p4_kernel/ingress_slot_q_reg[0]","FDCE","u_dut/u_unified_p4_kernel/ingress_slot_q_reg","u_dut/u_unified_p4_kernel/input_mem_reg[1][44][8]","FDRE","u_dut/u_unified_p4_kernel/input_mem_reg","2","0.302000000","1.600000000","1.902000000","0.841219769","SLICE_X73Y41","SLICE_X95Y59","","","SIGNATURE_SKIPPED|FDCE|FDRE","SIGNATURE_SKIPPED|FDCE|FDRE","DUT_INTERNAL","u_dut/u_unified_p4_kernel/ingress_slot_q_reg","u_dut/u_unified_p4_kernel/input_mem_reg","0.022000000"
"u_dut/u_unified_p4_kernel/input_mem_reg[1][44][9]/CE","u_dut/u_unified_p4_kernel/ingress_slot_q_reg[0]/C","-0.021000000","clk","clk","clk","u_dut/u_unified_p4_kernel/ingress_slot_q_reg[0]","FDCE","u_dut/u_unified_p4_kernel/ingress_slot_q_reg","u_dut/u_unified_p4_kernel/input_mem_reg[1][44][9]","FDRE","u_dut/u_unified_p4_kernel/input_mem_reg","2","0.302000000","1.600000000","1.902000000","0.841219769","SLICE_X73Y41","SLICE_X95Y59","","","SIGNATURE_SKIPPED|FDCE|FDRE","SIGNATURE_SKIPPED|FDCE|FDRE","DUT_INTERNAL","u_dut/u_unified_p4_kernel/ingress_slot_q_reg","u_dut/u_unified_p4_kernel/input_mem_reg","0.021000000"
"u_dut/u_unified_p4_kernel/input_mem_reg[1][46][1]/D","u_dut/u_unified_p4_kernel/ingress_data_q_reg[33]/C","-0.050000000","clk","clk","clk","u_dut/u_unified_p4_kernel/ingress_data_q_reg[33]","FDRE","u_dut/u_unified_p4_kernel/ingress_data_q_reg","u_dut/u_unified_p4_kernel/input_mem_reg[1][46][1]","FDRE","u_dut/u_unified_p4_kernel/input_mem_reg","0","0.079000000","1.774000000","1.853000000","0.957366433","SLICE_X77Y28","SLICE_X89Y66","","","SIGNATURE_SKIPPED|FDRE|FDRE","SIGNATURE_SKIPPED|FDRE|FDRE","DUT_INTERNAL","u_dut/u_unified_p4_kernel/ingress_data_q_reg","u_dut/u_unified_p4_kernel/input_mem_reg","0.050000000"
"u_dut/u_unified_p4_kernel/input_mem_reg[1][46][8]/D","u_dut/u_unified_p4_kernel/ingress_data_q_reg[40]/C","-0.004000000","clk","clk","clk","u_dut/u_unified_p4_kernel/ingress_data_q_reg[40]","FDRE","u_dut/u_unified_p4_kernel/ingress_data_q_reg","u_dut/u_unified_p4_kernel/input_mem_reg[1][46][8]","FDRE","u_dut/u_unified_p4_kernel/input_mem_reg","0","0.079000000","1.726000000","1.805000000","0.956232687","SLICE_X76Y27","SLICE_X89Y66","","","SIGNATURE_SKIPPED|FDRE|FDRE","SIGNATURE_SKIPPED|FDRE|FDRE","DUT_INTERNAL","u_dut/u_unified_p4_kernel/ingress_data_q_reg","u_dut/u_unified_p4_kernel/input_mem_reg","0.004000000"
"u_dut/u_unified_p4_kernel/input_mem_reg[1][50][2]/D","u_dut/u_unified_p4_kernel/ingress_data_q_reg[34]/C","-0.027000000","clk","clk","clk","u_dut/u_unified_p4_kernel/ingress_data_q_reg[34]","FDRE","u_dut/u_unified_p4_kernel/ingress_data_q_reg","u_dut/u_unified_p4_kernel/input_mem_reg[1][50][2]","FDRE","u_dut/u_unified_p4_kernel/input_mem_reg","0","0.079000000","1.810000000","1.889000000","0.958178931","SLICE_X76Y28","SLICE_X86Y71","","","SIGNATURE_SKIPPED|FDRE|FDRE","SIGNATURE_SKIPPED|FDRE|FDRE","DUT_INTERNAL","u_dut/u_unified_p4_kernel/ingress_data_q_reg","u_dut/u_unified_p4_kernel/input_mem_reg","0.027000000"
"u_dut/u_unified_p4_kernel/input_mem_reg[1][50][5]/D","u_dut/u_unified_p4_kernel/ingress_data_q_reg[37]/C","-0.036000000","clk","clk","clk","u_dut/u_unified_p4_kernel/ingress_data_q_reg[37]","FDRE","u_dut/u_unified_p4_kernel/ingress_data_q_reg","u_dut/u_unified_p4_kernel/input_mem_reg[1][50][5]","FDRE","u_dut/u_unified_p4_kernel/input_mem_reg","0","0.079000000","1.753000000","1.832000000","0.956877729","SLICE_X76Y27","SLICE_X86Y71","","","SIGNATURE_SKIPPED|FDRE|FDRE","SIGNATURE_SKIPPED|FDRE|FDRE","DUT_INTERNAL","u_dut/u_unified_p4_kernel/ingress_data_q_reg","u_dut/u_unified_p4_kernel/input_mem_reg","0.036000000"
"u_dut/u_unified_p4_kernel/input_mem_reg[1][52][15]/CE","u_dut/u_unified_p4_kernel/ingress_slot_q_reg[0]/C","-0.048000000","clk","clk","clk","u_dut/u_unified_p4_kernel/ingress_slot_q_reg[0]","FDCE","u_dut/u_unified_p4_kernel/ingress_slot_q_reg","u_dut/u_unified_p4_kernel/input_mem_reg[1][52][15]","FDRE","u_dut/u_unified_p4_kernel/input_mem_reg","2","0.291000000","1.572000000","1.863000000","0.843800322","SLICE_X73Y41","SLICE_X89Y56","","","SIGNATURE_SKIPPED|FDCE|FDRE","SIGNATURE_SKIPPED|FDCE|FDRE","DUT_INTERNAL","u_dut/u_unified_p4_kernel/ingress_slot_q_reg","u_dut/u_unified_p4_kernel/input_mem_reg","0.048000000"
"u_dut/u_unified_p4_kernel/input_mem_reg[1][54][0]/D","u_dut/u_unified_p4_kernel/ingress_data_q_reg[32]/C","-0.004000000","clk","clk","clk","u_dut/u_unified_p4_kernel/ingress_data_q_reg[32]","FDRE","u_dut/u_unified_p4_kernel/ingress_data_q_reg","u_dut/u_unified_p4_kernel/input_mem_reg[1][54][0]","FDRE","u_dut/u_unified_p4_kernel/input_mem_reg","0","0.079000000","1.729000000","1.808000000","0.956305310","SLICE_X77Y27","SLICE_X79Y76","","","SIGNATURE_SKIPPED|FDRE|FDRE","SIGNATURE_SKIPPED|FDRE|FDRE","DUT_INTERNAL","u_dut/u_unified_p4_kernel/ingress_data_q_reg","u_dut/u_unified_p4_kernel/input_mem_reg","0.004000000"
"u_dut/u_unified_p4_kernel/input_mem_reg[1][54][10]/D","u_dut/u_unified_p4_kernel/ingress_data_q_reg[42]/C","-0.013000000","clk","clk","clk","u_dut/u_unified_p4_kernel/ingress_data_q_reg[42]","FDRE","u_dut/u_unified_p4_kernel/ingress_data_q_reg","u_dut/u_unified_p4_kernel/input_mem_reg[1][54][10]","FDRE","u_dut/u_unified_p4_kernel/input_mem_reg","0","0.079000000","1.721000000","1.800000000","0.956111111","SLICE_X77Y27","SLICE_X82Y83","","","SIGNATURE_SKIPPED|FDRE|FDRE","SIGNATURE_SKIPPED|FDRE|FDRE","DUT_INTERNAL","u_dut/u_unified_p4_kernel/ingress_data_q_reg","u_dut/u_unified_p4_kernel/input_mem_reg","0.013000000"
"u_dut/u_unified_p4_kernel/input_mem_reg[1][55][14]/D","u_dut/u_unified_p4_kernel/ingress_data_q_reg[62]/C","-0.015000000","clk","clk","clk","u_dut/u_unified_p4_kernel/ingress_data_q_reg[62]","FDRE","u_dut/u_unified_p4_kernel/ingress_data_q_reg","u_dut/u_unified_p4_kernel/input_mem_reg[1][55][14]","FDRE","u_dut/u_unified_p4_kernel/input_mem_reg","0","0.079000000","1.747000000","1.826000000","0.956736035","SLICE_X77Y29","SLICE_X79Y76","","","SIGNATURE_SKIPPED|FDRE|FDRE","SIGNATURE_SKIPPED|FDRE|FDRE","DUT_INTERNAL","u_dut/u_unified_p4_kernel/ingress_data_q_reg","u_dut/u_unified_p4_kernel/input_mem_reg","0.015000000"
"u_dut/u_unified_p4_kernel/input_mem_reg[2][14][7]/CE","u_dut/u_unified_p4_kernel/ingress_group_q_reg[1]/C","-0.028000000","clk","clk","clk","u_dut/u_unified_p4_kernel/ingress_group_q_reg[1]","FDCE","u_dut/u_unified_p4_kernel/ingress_group_q_reg","u_dut/u_unified_p4_kernel/input_mem_reg[2][14][7]","FDRE","u_dut/u_unified_p4_kernel/input_mem_reg","2","0.324000000","1.618000000","1.942000000","0.833161689","SLICE_X74Y36","SLICE_X102Y37","","","SIGNATURE_SKIPPED|FDCE|FDRE","SIGNATURE_SKIPPED|FDCE|FDRE","DUT_INTERNAL","u_dut/u_unified_p4_kernel/ingress_group_q_reg","u_dut/u_unified_p4_kernel/input_mem_reg","0.028000000"
"u_dut/u_unified_p4_kernel/input_mem_reg[2][16][14]/D","u_dut/u_unified_p4_kernel/ingress_data_q_reg[14]/C","-0.035000000","clk","clk","clk","u_dut/u_unified_p4_kernel/ingress_data_q_reg[14]","FDRE","u_dut/u_unified_p4_kernel/ingress_data_q_reg","u_dut/u_unified_p4_kernel/input_mem_reg[2][16][14]","FDRE","u_dut/u_unified_p4_kernel/input_mem_reg","0","0.078000000","1.896000000","1.974000000","0.960486322","SLICE_X74Y30","SLICE_X96Y55","","","SIGNATURE_SKIPPED|FDRE|FDRE","SIGNATURE_SKIPPED|FDRE|FDRE","DUT_INTERNAL","u_dut/u_unified_p4_kernel/ingress_data_q_reg","u_dut/u_unified_p4_kernel/input_mem_reg","0.035000000"
"u_dut/u_unified_p4_kernel/input_mem_reg[2][17][14]/D","u_dut/u_unified_p4_kernel/ingress_data_q_reg[30]/C","-0.022000000","clk","clk","clk","u_dut/u_unified_p4_kernel/ingress_data_q_reg[30]","FDRE","u_dut/u_unified_p4_kernel/ingress_data_q_reg","u_dut/u_unified_p4_kernel/input_mem_reg[2][17][14]","FDRE","u_dut/u_unified_p4_kernel/input_mem_reg","0","0.077000000","1.800000000","1.877000000","0.958977091","SLICE_X74Y25","SLICE_X84Y70","","","SIGNATURE_SKIPPED|FDRE|FDRE","SIGNATURE_SKIPPED|FDRE|FDRE","DUT_INTERNAL","u_dut/u_unified_p4_kernel/ingress_data_q_reg","u_dut/u_unified_p4_kernel/input_mem_reg","0.022000000"
"u_dut/u_unified_p4_kernel/input_mem_reg[2][18][9]/D","u_dut/u_unified_p4_kernel/ingress_data_q_reg[41]/C","-0.026000000","clk","clk","clk","u_dut/u_unified_p4_kernel/ingress_data_q_reg[41]","FDRE","u_dut/u_unified_p4_kernel/ingress_data_q_reg","u_dut/u_unified_p4_kernel/input_mem_reg[2][18][9]","FDRE","u_dut/u_unified_p4_kernel/input_mem_reg","0","0.079000000","1.809000000","1.888000000","0.958156780","SLICE_X76Y28","SLICE_X85Y69","","","SIGNATURE_SKIPPED|FDRE|FDRE","SIGNATURE_SKIPPED|FDRE|FDRE","DUT_INTERNAL","u_dut/u_unified_p4_kernel/ingress_data_q_reg","u_dut/u_unified_p4_kernel/input_mem_reg","0.026000000"
"u_dut/u_unified_p4_kernel/input_mem_reg[2][22][14]/D","u_dut/u_unified_p4_kernel/ingress_data_q_reg[46]/C","-0.019000000","clk","clk","clk","u_dut/u_unified_p4_kernel/ingress_data_q_reg[46]","FDRE","u_dut/u_unified_p4_kernel/ingress_data_q_reg","u_dut/u_unified_p4_kernel/input_mem_reg[2][22][14]","FDRE","u_dut/u_unified_p4_kernel/input_mem_reg","0","0.079000000","1.781000000","1.860000000","0.957526882","SLICE_X76Y27","SLICE_X58Y47","","","SIGNATURE_SKIPPED|FDRE|FDRE","SIGNATURE_SKIPPED|FDRE|FDRE","DUT_INTERNAL","u_dut/u_unified_p4_kernel/ingress_data_q_reg","u_dut/u_unified_p4_kernel/input_mem_reg","0.019000000"
"u_dut/u_unified_p4_kernel/input_mem_reg[2][33][12]/D","u_dut/u_unified_p4_kernel/ingress_data_q_reg[28]/C","-0.088000000","clk","clk","clk","u_dut/u_unified_p4_kernel/ingress_data_q_reg[28]","FDRE","u_dut/u_unified_p4_kernel/ingress_data_q_reg","u_dut/u_unified_p4_kernel/input_mem_reg[2][33][12]","FDRE","u_dut/u_unified_p4_kernel/input_mem_reg","0","0.079000000","1.885000000","1.964000000","0.959775967","SLICE_X80Y27","SLICE_X92Y73","","","SIGNATURE_SKIPPED|FDRE|FDRE","SIGNATURE_SKIPPED|FDRE|FDRE","DUT_INTERNAL","u_dut/u_unified_p4_kernel/ingress_data_q_reg","u_dut/u_unified_p4_kernel/input_mem_reg","0.088000000"
"u_dut/u_unified_p4_kernel/input_mem_reg[2][33][13]/D","u_dut/u_unified_p4_kernel/ingress_data_q_reg[29]/C","-0.020000000","clk","clk","clk","u_dut/u_unified_p4_kernel/ingress_data_q_reg[29]","FDRE","u_dut/u_unified_p4_kernel/ingress_data_q_reg","u_dut/u_unified_p4_kernel/input_mem_reg[2][33][13]","FDRE","u_dut/u_unified_p4_kernel/input_mem_reg","0","0.079000000","1.805000000","1.884000000","0.958067941","SLICE_X77Y29","SLICE_X92Y73","","","SIGNATURE_SKIPPED|FDRE|FDRE","SIGNATURE_SKIPPED|FDRE|FDRE","DUT_INTERNAL","u_dut/u_unified_p4_kernel/ingress_data_q_reg","u_dut/u_unified_p4_kernel/input_mem_reg","0.020000000"
"u_dut/u_unified_p4_kernel/input_mem_reg[2][38][0]/D","u_dut/u_unified_p4_kernel/ingress_data_q_reg[32]/C","-0.025000000","clk","clk","clk","u_dut/u_unified_p4_kernel/ingress_data_q_reg[32]","FDRE","u_dut/u_unified_p4_kernel/ingress_data_q_reg","u_dut/u_unified_p4_kernel/input_mem_reg[2][38][0]","FDRE","u_dut/u_unified_p4_kernel/input_mem_reg","0","0.079000000","1.743000000","1.822000000","0.956641054","SLICE_X77Y27","SLICE_X89Y73","","","SIGNATURE_SKIPPED|FDRE|FDRE","SIGNATURE_SKIPPED|FDRE|FDRE","DUT_INTERNAL","u_dut/u_unified_p4_kernel/ingress_data_q_reg","u_dut/u_unified_p4_kernel/input_mem_reg","0.025000000"
"u_dut/u_unified_p4_kernel/input_mem_reg[2][38][9]/D","u_dut/u_unified_p4_kernel/ingress_data_q_reg[41]/C","-0.050000000","clk","clk","clk","u_dut/u_unified_p4_kernel/ingress_data_q_reg[41]","FDRE","u_dut/u_unified_p4_kernel/ingress_data_q_reg","u_dut/u_unified_p4_kernel/input_mem_reg[2][38][9]","FDRE","u_dut/u_unified_p4_kernel/input_mem_reg","0","0.079000000","1.830000000","1.909000000","0.958617077","SLICE_X76Y28","SLICE_X89Y74","","","SIGNATURE_SKIPPED|FDRE|FDRE","SIGNATURE_SKIPPED|FDRE|FDRE","DUT_INTERNAL","u_dut/u_unified_p4_kernel/ingress_data_q_reg","u_dut/u_unified_p4_kernel/input_mem_reg","0.050000000"
"u_dut/u_unified_p4_kernel/input_mem_reg[2][3][8]/D","u_dut/u_unified_p4_kernel/ingress_data_q_reg[56]/C","-0.048000000","clk","clk","clk","u_dut/u_unified_p4_kernel/ingress_data_q_reg[56]","FDRE","u_dut/u_unified_p4_kernel/ingress_data_q_reg","u_dut/u_unified_p4_kernel/input_mem_reg[2][3][8]","FDRE","u_dut/u_unified_p4_kernel/input_mem_reg","0","0.079000000","1.832000000","1.911000000","0.958660387","SLICE_X77Y29","SLICE_X96Y37","","","SIGNATURE_SKIPPED|FDRE|FDRE","SIGNATURE_SKIPPED|FDRE|FDRE","DUT_INTERNAL","u_dut/u_unified_p4_kernel/ingress_data_q_reg","u_dut/u_unified_p4_kernel/input_mem_reg","0.048000000"
"u_dut/u_unified_p4_kernel/input_mem_reg[2][41][11]/D","u_dut/u_unified_p4_kernel/ingress_data_q_reg[27]/C","-0.003000000","clk","clk","clk","u_dut/u_unified_p4_kernel/ingress_data_q_reg[27]","FDRE","u_dut/u_unified_p4_kernel/ingress_data_q_reg","u_dut/u_unified_p4_kernel/input_mem_reg[2][41][11]","FDRE","u_dut/u_unified_p4_kernel/input_mem_reg","0","0.078000000","1.853000000","1.931000000","0.959606422","SLICE_X74Y25","SLICE_X96Y70","","","SIGNATURE_SKIPPED|FDRE|FDRE","SIGNATURE_SKIPPED|FDRE|FDRE","DUT_INTERNAL","u_dut/u_unified_p4_kernel/ingress_data_q_reg","u_dut/u_unified_p4_kernel/input_mem_reg","0.003000000"
"u_dut/u_unified_p4_kernel/input_mem_reg[2][50][15]/D","u_dut/u_unified_p4_kernel/ingress_data_q_reg[47]/C","-0.030000000","clk","clk","clk","u_dut/u_unified_p4_kernel/ingress_data_q_reg[47]","FDRE","u_dut/u_unified_p4_kernel/ingress_data_q_reg","u_dut/u_unified_p4_kernel/input_mem_reg[2][50][15]","FDRE","u_dut/u_unified_p4_kernel/input_mem_reg","0","0.079000000","1.750000000","1.829000000","0.956806998","SLICE_X77Y27","SLICE_X83Y70","","","SIGNATURE_SKIPPED|FDRE|FDRE","SIGNATURE_SKIPPED|FDRE|FDRE","DUT_INTERNAL","u_dut/u_unified_p4_kernel/ingress_data_q_reg","u_dut/u_unified_p4_kernel/input_mem_reg","0.030000000"
"u_dut/u_unified_p4_kernel/input_mem_reg[2][50][1]/D","u_dut/u_unified_p4_kernel/ingress_data_q_reg[33]/C","-0.006000000","clk","clk","clk","u_dut/u_unified_p4_kernel/ingress_data_q_reg[33]","FDRE","u_dut/u_unified_p4_kernel/ingress_data_q_reg","u_dut/u_unified_p4_kernel/input_mem_reg[2][50][1]","FDRE","u_dut/u_unified_p4_kernel/input_mem_reg","0","0.079000000","1.722000000","1.801000000","0.956135480","SLICE_X77Y28","SLICE_X83Y71","","","SIGNATURE_SKIPPED|FDRE|FDRE","SIGNATURE_SKIPPED|FDRE|FDRE","DUT_INTERNAL","u_dut/u_unified_p4_kernel/ingress_data_q_reg","u_dut/u_unified_p4_kernel/input_mem_reg","0.006000000"
"u_dut/u_unified_p4_kernel/input_mem_reg[2][50][5]/D","u_dut/u_unified_p4_kernel/ingress_data_q_reg[37]/C","-0.005000000","clk","clk","clk","u_dut/u_unified_p4_kernel/ingress_data_q_reg[37]","FDRE","u_dut/u_unified_p4_kernel/ingress_data_q_reg","u_dut/u_unified_p4_kernel/input_mem_reg[2][50][5]","FDRE","u_dut/u_unified_p4_kernel/input_mem_reg","0","0.079000000","1.717000000","1.796000000","0.956013363","SLICE_X76Y27","SLICE_X85Y71","","","SIGNATURE_SKIPPED|FDRE|FDRE","SIGNATURE_SKIPPED|FDRE|FDRE","DUT_INTERNAL","u_dut/u_unified_p4_kernel/ingress_data_q_reg","u_dut/u_unified_p4_kernel/input_mem_reg","0.005000000"
"u_dut/u_unified_p4_kernel/input_mem_reg[2][51][14]/D","u_dut/u_unified_p4_kernel/ingress_data_q_reg[62]/C","-0.029000000","clk","clk","clk","u_dut/u_unified_p4_kernel/ingress_data_q_reg[62]","FDRE","u_dut/u_unified_p4_kernel/ingress_data_q_reg","u_dut/u_unified_p4_kernel/input_mem_reg[2][51][14]","FDRE","u_dut/u_unified_p4_kernel/input_mem_reg","0","0.079000000","1.751000000","1.830000000","0.956830601","SLICE_X77Y29","SLICE_X84Y73","","","SIGNATURE_SKIPPED|FDRE|FDRE","SIGNATURE_SKIPPED|FDRE|FDRE","DUT_INTERNAL","u_dut/u_unified_p4_kernel/ingress_data_q_reg","u_dut/u_unified_p4_kernel/input_mem_reg","0.029000000"
"u_dut/u_unified_p4_kernel/input_mem_reg[2][51][4]/D","u_dut/u_unified_p4_kernel/ingress_data_q_reg[52]/C","-0.006000000","clk","clk","clk","u_dut/u_unified_p4_kernel/ingress_data_q_reg[52]","FDRE","u_dut/u_unified_p4_kernel/ingress_data_q_reg","u_dut/u_unified_p4_kernel/input_mem_reg[2][51][4]","FDRE","u_dut/u_unified_p4_kernel/input_mem_reg","0","0.079000000","1.867000000","1.946000000","0.959403905","SLICE_X76Y17","SLICE_X92Y69","","","SIGNATURE_SKIPPED|FDRE|FDRE","SIGNATURE_SKIPPED|FDRE|FDRE","DUT_INTERNAL","u_dut/u_unified_p4_kernel/ingress_data_q_reg","u_dut/u_unified_p4_kernel/input_mem_reg","0.006000000"
"u_dut/u_unified_p4_kernel/input_mem_reg[2][51][7]/D","u_dut/u_unified_p4_kernel/ingress_data_q_reg[55]/C","-0.085000000","clk","clk","clk","u_dut/u_unified_p4_kernel/ingress_data_q_reg[55]","FDRE","u_dut/u_unified_p4_kernel/ingress_data_q_reg","u_dut/u_unified_p4_kernel/input_mem_reg[2][51][7]","FDRE","u_dut/u_unified_p4_kernel/input_mem_reg","0","0.079000000","1.864000000","1.943000000","0.959341225","SLICE_X77Y27","SLICE_X90Y71","","","SIGNATURE_SKIPPED|FDRE|FDRE","SIGNATURE_SKIPPED|FDRE|FDRE","DUT_INTERNAL","u_dut/u_unified_p4_kernel/ingress_data_q_reg","u_dut/u_unified_p4_kernel/input_mem_reg","0.085000000"
"u_dut/u_unified_p4_kernel/input_mem_reg[2][53][12]/D","u_dut/u_unified_p4_kernel/ingress_data_q_reg[28]/C","-0.009000000","clk","clk","clk","u_dut/u_unified_p4_kernel/ingress_data_q_reg[28]","FDRE","u_dut/u_unified_p4_kernel/ingress_data_q_reg","u_dut/u_unified_p4_kernel/input_mem_reg[2][53][12]","FDRE","u_dut/u_unified_p4_kernel/input_mem_reg","0","0.079000000","1.730000000","1.809000000","0.956329464","SLICE_X80Y27","SLICE_X80Y78","","","SIGNATURE_SKIPPED|FDRE|FDRE","SIGNATURE_SKIPPED|FDRE|FDRE","DUT_INTERNAL","u_dut/u_unified_p4_kernel/ingress_data_q_reg","u_dut/u_unified_p4_kernel/input_mem_reg","0.009000000"
"u_dut/u_unified_p4_kernel/input_mem_reg[2][54][0]/D","u_dut/u_unified_p4_kernel/ingress_data_q_reg[32]/C","-0.032000000","clk","clk","clk","u_dut/u_unified_p4_kernel/ingress_data_q_reg[32]","FDRE","u_dut/u_unified_p4_kernel/ingress_data_q_reg","u_dut/u_unified_p4_kernel/input_mem_reg[2][54][0]","FDRE","u_dut/u_unified_p4_kernel/input_mem_reg","0","0.079000000","1.756000000","1.835000000","0.956948229","SLICE_X77Y27","SLICE_X79Y76","","","SIGNATURE_SKIPPED|FDRE|FDRE","SIGNATURE_SKIPPED|FDRE|FDRE","DUT_INTERNAL","u_dut/u_unified_p4_kernel/ingress_data_q_reg","u_dut/u_unified_p4_kernel/input_mem_reg","0.032000000"
"u_dut/u_unified_p4_kernel/input_mem_reg[2][54][12]/D","u_dut/u_unified_p4_kernel/ingress_data_q_reg[44]/C","-0.082000000","clk","clk","clk","u_dut/u_unified_p4_kernel/ingress_data_q_reg[44]","FDRE","u_dut/u_unified_p4_kernel/ingress_data_q_reg","u_dut/u_unified_p4_kernel/input_mem_reg[2][54][12]","FDRE","u_dut/u_unified_p4_kernel/input_mem_reg","0","0.079000000","1.824000000","1.903000000","0.958486600","SLICE_X77Y28","SLICE_X82Y82","","","SIGNATURE_SKIPPED|FDRE|FDRE","SIGNATURE_SKIPPED|FDRE|FDRE","DUT_INTERNAL","u_dut/u_unified_p4_kernel/ingress_data_q_reg","u_dut/u_unified_p4_kernel/input_mem_reg","0.082000000"
"u_dut/u_unified_p4_kernel/input_mem_reg[2][55][9]/D","u_dut/u_unified_p4_kernel/ingress_data_q_reg[57]/C","-0.084000000","clk","clk","clk","u_dut/u_unified_p4_kernel/ingress_data_q_reg[57]","FDRE","u_dut/u_unified_p4_kernel/ingress_data_q_reg","u_dut/u_unified_p4_kernel/input_mem_reg[2][55][9]","FDRE","u_dut/u_unified_p4_kernel/input_mem_reg","0","0.079000000","1.827000000","1.906000000","0.958551941","SLICE_X76Y27","SLICE_X81Y77","","","SIGNATURE_SKIPPED|FDRE|FDRE","SIGNATURE_SKIPPED|FDRE|FDRE","DUT_INTERNAL","u_dut/u_unified_p4_kernel/ingress_data_q_reg","u_dut/u_unified_p4_kernel/input_mem_reg","0.084000000"
"u_dut/u_unified_p4_kernel/input_mem_reg[2][61][0]/CE","u_dut/u_unified_p4_kernel/ingress_group_q_reg[4]/C","-0.017000000","clk","clk","clk","u_dut/u_unified_p4_kernel/ingress_group_q_reg[4]","FDCE","u_dut/u_unified_p4_kernel/ingress_group_q_reg","u_dut/u_unified_p4_kernel/input_mem_reg[2][61][0]","FDRE","u_dut/u_unified_p4_kernel/input_mem_reg","2","0.213000000","1.648000000","1.861000000","0.885545406","SLICE_X70Y45","SLICE_X99Y21","","","SIGNATURE_SKIPPED|FDCE|FDRE","SIGNATURE_SKIPPED|FDCE|FDRE","DUT_INTERNAL","u_dut/u_unified_p4_kernel/ingress_group_q_reg","u_dut/u_unified_p4_kernel/input_mem_reg","0.017000000"
"u_dut/u_unified_p4_kernel/input_mem_reg[2][61][10]/CE","u_dut/u_unified_p4_kernel/ingress_group_q_reg[4]/C","-0.017000000","clk","clk","clk","u_dut/u_unified_p4_kernel/ingress_group_q_reg[4]","FDCE","u_dut/u_unified_p4_kernel/ingress_group_q_reg","u_dut/u_unified_p4_kernel/input_mem_reg[2][61][10]","FDRE","u_dut/u_unified_p4_kernel/input_mem_reg","2","0.213000000","1.648000000","1.861000000","0.885545406","SLICE_X70Y45","SLICE_X99Y21","","","SIGNATURE_SKIPPED|FDCE|FDRE","SIGNATURE_SKIPPED|FDCE|FDRE","DUT_INTERNAL","u_dut/u_unified_p4_kernel/ingress_group_q_reg","u_dut/u_unified_p4_kernel/input_mem_reg","0.017000000"
"u_dut/u_unified_p4_kernel/input_mem_reg[2][61][11]/CE","u_dut/u_unified_p4_kernel/ingress_group_q_reg[4]/C","-0.017000000","clk","clk","clk","u_dut/u_unified_p4_kernel/ingress_group_q_reg[4]","FDCE","u_dut/u_unified_p4_kernel/ingress_group_q_reg","u_dut/u_unified_p4_kernel/input_mem_reg[2][61][11]","FDRE","u_dut/u_unified_p4_kernel/input_mem_reg","2","0.213000000","1.648000000","1.861000000","0.885545406","SLICE_X70Y45","SLICE_X99Y21","","","SIGNATURE_SKIPPED|FDCE|FDRE","SIGNATURE_SKIPPED|FDCE|FDRE","DUT_INTERNAL","u_dut/u_unified_p4_kernel/ingress_group_q_reg","u_dut/u_unified_p4_kernel/input_mem_reg","0.017000000"
"u_dut/u_unified_p4_kernel/input_mem_reg[2][61][14]/CE","u_dut/u_unified_p4_kernel/ingress_group_q_reg[4]/C","-0.014000000","clk","clk","clk","u_dut/u_unified_p4_kernel/ingress_group_q_reg[4]","FDCE","u_dut/u_unified_p4_kernel/ingress_group_q_reg","u_dut/u_unified_p4_kernel/input_mem_reg[2][61][14]","FDRE","u_dut/u_unified_p4_kernel/input_mem_reg","2","0.213000000","1.648000000","1.861000000","0.885545406","SLICE_X70Y45","SLICE_X98Y21","","","SIGNATURE_SKIPPED|FDCE|FDRE","SIGNATURE_SKIPPED|FDCE|FDRE","DUT_INTERNAL","u_dut/u_unified_p4_kernel/ingress_group_q_reg","u_dut/u_unified_p4_kernel/input_mem_reg","0.014000000"
"u_dut/u_unified_p4_kernel/input_mem_reg[2][61][3]/CE","u_dut/u_unified_p4_kernel/ingress_group_q_reg[4]/C","-0.027000000","clk","clk","clk","u_dut/u_unified_p4_kernel/ingress_group_q_reg[4]","FDCE","u_dut/u_unified_p4_kernel/ingress_group_q_reg","u_dut/u_unified_p4_kernel/input_mem_reg[2][61][3]","FDRE","u_dut/u_unified_p4_kernel/input_mem_reg","2","0.213000000","1.668000000","1.881000000","0.886762360","SLICE_X70Y45","SLICE_X98Y19","","","SIGNATURE_SKIPPED|FDCE|FDRE","SIGNATURE_SKIPPED|FDCE|FDRE","DUT_INTERNAL","u_dut/u_unified_p4_kernel/ingress_group_q_reg","u_dut/u_unified_p4_kernel/input_mem_reg","0.027000000"
"u_dut/u_unified_p4_kernel/input_mem_reg[2][61][5]/CE","u_dut/u_unified_p4_kernel/ingress_group_q_reg[4]/C","-0.032000000","clk","clk","clk","u_dut/u_unified_p4_kernel/ingress_group_q_reg[4]","FDCE","u_dut/u_unified_p4_kernel/ingress_group_q_reg","u_dut/u_unified_p4_kernel/input_mem_reg[2][61][5]","FDRE","u_dut/u_unified_p4_kernel/input_mem_reg","2","0.213000000","1.670000000","1.883000000","0.886882634","SLICE_X70Y45","SLICE_X99Y19","","","SIGNATURE_SKIPPED|FDCE|FDRE","SIGNATURE_SKIPPED|FDCE|FDRE","DUT_INTERNAL","u_dut/u_unified_p4_kernel/ingress_group_q_reg","u_dut/u_unified_p4_kernel/input_mem_reg","0.032000000"
"u_dut/u_unified_p4_kernel/input_mem_reg[2][61][6]/CE","u_dut/u_unified_p4_kernel/ingress_group_q_reg[4]/C","-0.014000000","clk","clk","clk","u_dut/u_unified_p4_kernel/ingress_group_q_reg[4]","FDCE","u_dut/u_unified_p4_kernel/ingress_group_q_reg","u_dut/u_unified_p4_kernel/input_mem_reg[2][61][6]","FDRE","u_dut/u_unified_p4_kernel/input_mem_reg","2","0.213000000","1.648000000","1.861000000","0.885545406","SLICE_X70Y45","SLICE_X98Y21","","","SIGNATURE_SKIPPED|FDCE|FDRE","SIGNATURE_SKIPPED|FDCE|FDRE","DUT_INTERNAL","u_dut/u_unified_p4_kernel/ingress_group_q_reg","u_dut/u_unified_p4_kernel/input_mem_reg","0.014000000"
"u_dut/u_unified_p4_kernel/input_mem_reg[2][61][9]/CE","u_dut/u_unified_p4_kernel/ingress_group_q_reg[4]/C","-0.017000000","clk","clk","clk","u_dut/u_unified_p4_kernel/ingress_group_q_reg[4]","FDCE","u_dut/u_unified_p4_kernel/ingress_group_q_reg","u_dut/u_unified_p4_kernel/input_mem_reg[2][61][9]","FDRE","u_dut/u_unified_p4_kernel/input_mem_reg","2","0.213000000","1.648000000","1.861000000","0.885545406","SLICE_X70Y45","SLICE_X99Y21","","","SIGNATURE_SKIPPED|FDCE|FDRE","SIGNATURE_SKIPPED|FDCE|FDRE","DUT_INTERNAL","u_dut/u_unified_p4_kernel/ingress_group_q_reg","u_dut/u_unified_p4_kernel/input_mem_reg","0.017000000"
"u_dut/u_unified_p4_kernel/input_mem_reg[2][62][14]/CE","u_dut/u_unified_p4_kernel/ingress_group_q_reg[4]/C","-0.032000000","clk","clk","clk","u_dut/u_unified_p4_kernel/ingress_group_q_reg[4]","FDCE","u_dut/u_unified_p4_kernel/ingress_group_q_reg","u_dut/u_unified_p4_kernel/input_mem_reg[2][62][14]","FDRE","u_dut/u_unified_p4_kernel/input_mem_reg","2","0.213000000","1.669000000","1.882000000","0.886822529","SLICE_X70Y45","SLICE_X100Y23","","","SIGNATURE_SKIPPED|FDCE|FDRE","SIGNATURE_SKIPPED|FDCE|FDRE","DUT_INTERNAL","u_dut/u_unified_p4_kernel/ingress_group_q_reg","u_dut/u_unified_p4_kernel/input_mem_reg","0.032000000"
"u_dut/u_unified_p4_kernel/input_mem_reg[2][62][4]/CE","u_dut/u_unified_p4_kernel/ingress_group_q_reg[4]/C","-0.014000000","clk","clk","clk","u_dut/u_unified_p4_kernel/ingress_group_q_reg[4]","FDCE","u_dut/u_unified_p4_kernel/ingress_group_q_reg","u_dut/u_unified_p4_kernel/input_mem_reg[2][62][4]","FDRE","u_dut/u_unified_p4_kernel/input_mem_reg","2","0.213000000","1.648000000","1.861000000","0.885545406","SLICE_X70Y45","SLICE_X98Y21","","","SIGNATURE_SKIPPED|FDCE|FDRE","SIGNATURE_SKIPPED|FDCE|FDRE","DUT_INTERNAL","u_dut/u_unified_p4_kernel/ingress_group_q_reg","u_dut/u_unified_p4_kernel/input_mem_reg","0.014000000"
"u_dut/u_unified_p4_kernel/input_mem_reg[2][62][6]/CE","u_dut/u_unified_p4_kernel/ingress_group_q_reg[4]/C","-0.014000000","clk","clk","clk","u_dut/u_unified_p4_kernel/ingress_group_q_reg[4]","FDCE","u_dut/u_unified_p4_kernel/ingress_group_q_reg","u_dut/u_unified_p4_kernel/input_mem_reg[2][62][6]","FDRE","u_dut/u_unified_p4_kernel/input_mem_reg","2","0.213000000","1.648000000","1.861000000","0.885545406","SLICE_X70Y45","SLICE_X98Y21","","","SIGNATURE_SKIPPED|FDCE|FDRE","SIGNATURE_SKIPPED|FDCE|FDRE","DUT_INTERNAL","u_dut/u_unified_p4_kernel/ingress_group_q_reg","u_dut/u_unified_p4_kernel/input_mem_reg","0.014000000"
"u_dut/u_unified_p4_kernel/input_mem_reg[3][11][3]/D","u_dut/u_unified_p4_kernel/ingress_data_q_reg[51]/C","-0.041000000","clk","clk","clk","u_dut/u_unified_p4_kernel/ingress_data_q_reg[51]","FDRE","u_dut/u_unified_p4_kernel/ingress_data_q_reg","u_dut/u_unified_p4_kernel/input_mem_reg[3][11][3]","FDRE","u_dut/u_unified_p4_kernel/input_mem_reg","0","0.079000000","1.829000000","1.908000000","0.958595388","SLICE_X77Y27","SLICE_X98Y22","","","SIGNATURE_SKIPPED|FDRE|FDRE","SIGNATURE_SKIPPED|FDRE|FDRE","DUT_INTERNAL","u_dut/u_unified_p4_kernel/ingress_data_q_reg","u_dut/u_unified_p4_kernel/input_mem_reg","0.041000000"
"u_dut/u_unified_p4_kernel/input_mem_reg[3][14][7]/CE","u_dut/u_unified_p4_kernel/ingress_group_q_reg[1]/C","-0.027000000","clk","clk","clk","u_dut/u_unified_p4_kernel/ingress_group_q_reg[1]","FDCE","u_dut/u_unified_p4_kernel/ingress_group_q_reg","u_dut/u_unified_p4_kernel/input_mem_reg[3][14][7]","FDRE","u_dut/u_unified_p4_kernel/input_mem_reg","2","0.324000000","1.617000000","1.941000000","0.833075734","SLICE_X74Y36","SLICE_X102Y37","","","SIGNATURE_SKIPPED|FDCE|FDRE","SIGNATURE_SKIPPED|FDCE|FDRE","DUT_INTERNAL","u_dut/u_unified_p4_kernel/ingress_group_q_reg","u_dut/u_unified_p4_kernel/input_mem_reg","0.027000000"
"u_dut/u_unified_p4_kernel/input_mem_reg[3][15][0]/CE","u_dut/u_unified_p4_kernel/ingress_group_q_reg[1]/C","-0.103000000","clk","clk","clk","u_dut/u_unified_p4_kernel/ingress_group_q_reg[1]","FDCE","u_dut/u_unified_p4_kernel/ingress_group_q_reg","u_dut/u_unified_p4_kernel/input_mem_reg[3][15][0]","FDRE","u_dut/u_unified_p4_kernel/input_mem_reg","2","0.324000000","1.698000000","2.022000000","0.839762611","SLICE_X74Y36","SLICE_X102Y46","","","SIGNATURE_SKIPPED|FDCE|FDRE","SIGNATURE_SKIPPED|FDCE|FDRE","DUT_INTERNAL","u_dut/u_unified_p4_kernel/ingress_group_q_reg","u_dut/u_unified_p4_kernel/input_mem_reg","0.103000000"
"u_dut/u_unified_p4_kernel/input_mem_reg[3][15][11]/CE","u_dut/u_unified_p4_kernel/ingress_group_q_reg[1]/C","-0.105000000","clk","clk","clk","u_dut/u_unified_p4_kernel/ingress_group_q_reg[1]","FDCE","u_dut/u_unified_p4_kernel/ingress_group_q_reg","u_dut/u_unified_p4_kernel/input_mem_reg[3][15][11]","FDRE","u_dut/u_unified_p4_kernel/input_mem_reg","2","0.324000000","1.700000000","2.024000000","0.839920949","SLICE_X74Y36","SLICE_X102Y46","","","SIGNATURE_SKIPPED|FDCE|FDRE","SIGNATURE_SKIPPED|FDCE|FDRE","DUT_INTERNAL","u_dut/u_unified_p4_kernel/ingress_group_q_reg","u_dut/u_unified_p4_kernel/input_mem_reg","0.105000000"
"u_dut/u_unified_p4_kernel/input_mem_reg[3][15][13]/CE","u_dut/u_unified_p4_kernel/ingress_group_q_reg[1]/C","-0.033000000","clk","clk","clk","u_dut/u_unified_p4_kernel/ingress_group_q_reg[1]","FDCE","u_dut/u_unified_p4_kernel/ingress_group_q_reg","u_dut/u_unified_p4_kernel/input_mem_reg[3][15][13]","FDRE","u_dut/u_unified_p4_kernel/input_mem_reg","2","0.324000000","1.627000000","1.951000000","0.833931317","SLICE_X74Y36","SLICE_X102Y45","","","SIGNATURE_SKIPPED|FDCE|FDRE","SIGNATURE_SKIPPED|FDCE|FDRE","DUT_INTERNAL","u_dut/u_unified_p4_kernel/ingress_group_q_reg","u_dut/u_unified_p4_kernel/input_mem_reg","0.033000000"
"u_dut/u_unified_p4_kernel/input_mem_reg[3][16][14]/D","u_dut/u_unified_p4_kernel/ingress_data_q_reg[14]/C","-0.009000000","clk","clk","clk","u_dut/u_unified_p4_kernel/ingress_data_q_reg[14]","FDRE","u_dut/u_unified_p4_kernel/ingress_data_q_reg","u_dut/u_unified_p4_kernel/input_mem_reg[3][16][14]","FDRE","u_dut/u_unified_p4_kernel/input_mem_reg","0","0.078000000","1.870000000","1.948000000","0.959958932","SLICE_X74Y30","SLICE_X96Y55","","","SIGNATURE_SKIPPED|FDRE|FDRE","SIGNATURE_SKIPPED|FDRE|FDRE","DUT_INTERNAL","u_dut/u_unified_p4_kernel/ingress_data_q_reg","u_dut/u_unified_p4_kernel/input_mem_reg","0.009000000"
"u_dut/u_unified_p4_kernel/input_mem_reg[3][16][7]/D","u_dut/u_unified_p4_kernel/ingress_data_q_reg[7]/C","-0.053000000","clk","clk","clk","u_dut/u_unified_p4_kernel/ingress_data_q_reg[7]","FDRE","u_dut/u_unified_p4_kernel/ingress_data_q_reg","u_dut/u_unified_p4_kernel/input_mem_reg[3][16][7]","FDRE","u_dut/u_unified_p4_kernel/input_mem_reg","0","0.079000000","1.979000000","2.058000000","0.961613217","SLICE_X73Y30","SLICE_X98Y54","","","SIGNATURE_SKIPPED|FDRE|FDRE","SIGNATURE_SKIPPED|FDRE|FDRE","DUT_INTERNAL","u_dut/u_unified_p4_kernel/ingress_data_q_reg","u_dut/u_unified_p4_kernel/input_mem_reg","0.053000000"
"u_dut/u_unified_p4_kernel/input_mem_reg[3][17][11]/CE","u_dut/u_unified_p4_kernel/ingress_group_q_reg[3]/C","-0.081000000","clk","clk","clk","u_dut/u_unified_p4_kernel/ingress_group_q_reg[3]","FDCE","u_dut/u_unified_p4_kernel/ingress_group_q_reg","u_dut/u_unified_p4_kernel/input_mem_reg[3][17][11]","FDRE","u_dut/u_unified_p4_kernel/input_mem_reg","2","0.321000000","1.567000000","1.888000000","0.829978814","SLICE_X74Y36","SLICE_X84Y70","","","SIGNATURE_SKIPPED|FDCE|FDRE","SIGNATURE_SKIPPED|FDCE|FDRE","DUT_INTERNAL","u_dut/u_unified_p4_kernel/ingress_group_q_reg","u_dut/u_unified_p4_kernel/input_mem_reg","0.081000000"
"u_dut/u_unified_p4_kernel/input_mem_reg[3][17][14]/CE","u_dut/u_unified_p4_kernel/ingress_group_q_reg[3]/C","-0.081000000","clk","clk","clk","u_dut/u_unified_p4_kernel/ingress_group_q_reg[3]","FDCE","u_dut/u_unified_p4_kernel/ingress_group_q_reg","u_dut/u_unified_p4_kernel/input_mem_reg[3][17][14]","FDRE","u_dut/u_unified_p4_kernel/input_mem_reg","2","0.321000000","1.567000000","1.888000000","0.829978814","SLICE_X74Y36","SLICE_X84Y70","","","SIGNATURE_SKIPPED|FDCE|FDRE","SIGNATURE_SKIPPED|FDCE|FDRE","DUT_INTERNAL","u_dut/u_unified_p4_kernel/ingress_group_q_reg","u_dut/u_unified_p4_kernel/input_mem_reg","0.081000000"
"u_dut/u_unified_p4_kernel/input_mem_reg[3][18][9]/CE","u_dut/u_unified_p4_kernel/ingress_group_q_reg[3]/C","-0.017000000","clk","clk","clk","u_dut/u_unified_p4_kernel/ingress_group_q_reg[3]","FDCE","u_dut/u_unified_p4_kernel/ingress_group_q_reg","u_dut/u_unified_p4_kernel/input_mem_reg[3][18][9]","FDRE","u_dut/u_unified_p4_kernel/input_mem_reg","2","0.321000000","1.504000000","1.825000000","0.824109589","SLICE_X74Y36","SLICE_X85Y70","","","SIGNATURE_SKIPPED|FDCE|FDRE","SIGNATURE_SKIPPED|FDCE|FDRE","DUT_INTERNAL","u_dut/u_unified_p4_kernel/ingress_group_q_reg","u_dut/u_unified_p4_kernel/input_mem_reg","0.017000000"
"u_dut/u_unified_p4_kernel/input_mem_reg[3][19][11]/CE","u_dut/u_unified_p4_kernel/ingress_group_q_reg[3]/C","-0.017000000","clk","clk","clk","u_dut/u_unified_p4_kernel/ingress_group_q_reg[3]","FDCE","u_dut/u_unified_p4_kernel/ingress_group_q_reg","u_dut/u_unified_p4_kernel/input_mem_reg[3][19][11]","FDRE","u_dut/u_unified_p4_kernel/input_mem_reg","2","0.321000000","1.504000000","1.825000000","0.824109589","SLICE_X74Y36","SLICE_X85Y70","","","SIGNATURE_SKIPPED|FDCE|FDRE","SIGNATURE_SKIPPED|FDCE|FDRE","DUT_INTERNAL","u_dut/u_unified_p4_kernel/ingress_group_q_reg","u_dut/u_unified_p4_kernel/input_mem_reg","0.017000000"
"u_dut/u_unified_p4_kernel/input_mem_reg[3][33][12]/D","u_dut/u_unified_p4_kernel/ingress_data_q_reg[28]/C","-0.063000000","clk","clk","clk","u_dut/u_unified_p4_kernel/ingress_data_q_reg[28]","FDRE","u_dut/u_unified_p4_kernel/ingress_data_q_reg","u_dut/u_unified_p4_kernel/input_mem_reg[3][33][12]","FDRE","u_dut/u_unified_p4_kernel/input_mem_reg","0","0.079000000","1.860000000","1.939000000","0.959257349","SLICE_X80Y27","SLICE_X92Y73","","","SIGNATURE_SKIPPED|FDRE|FDRE","SIGNATURE_SKIPPED|FDRE|FDRE","DUT_INTERNAL","u_dut/u_unified_p4_kernel/ingress_data_q_reg","u_dut/u_unified_p4_kernel/input_mem_reg","0.063000000"
"u_dut/u_unified_p4_kernel/input_mem_reg[3][36][7]/D","u_dut/u_unified_p4_kernel/ingress_data_q_reg[7]/C","-0.038000000","clk","clk","clk","u_dut/u_unified_p4_kernel/ingress_data_q_reg[7]","FDRE","u_dut/u_unified_p4_kernel/ingress_data_q_reg","u_dut/u_unified_p4_kernel/input_mem_reg[3][36][7]","FDRE","u_dut/u_unified_p4_kernel/input_mem_reg","0","0.079000000","1.956000000","2.035000000","0.961179361","SLICE_X73Y30","SLICE_X93Y72","","","SIGNATURE_SKIPPED|FDRE|FDRE","SIGNATURE_SKIPPED|FDRE|FDRE","DUT_INTERNAL","u_dut/u_unified_p4_kernel/ingress_data_q_reg","u_dut/u_unified_p4_kernel/input_mem_reg","0.038000000"
"u_dut/u_unified_p4_kernel/input_mem_reg[3][38][12]/D","u_dut/u_unified_p4_kernel/ingress_data_q_reg[44]/C","-0.049000000","clk","clk","clk","u_dut/u_unified_p4_kernel/ingress_data_q_reg[44]","FDRE","u_dut/u_unified_p4_kernel/ingress_data_q_reg","u_dut/u_unified_p4_kernel/input_mem_reg[3][38][12]","FDRE","u_dut/u_unified_p4_kernel/input_mem_reg","0","0.079000000","1.755000000","1.834000000","0.956924755","SLICE_X77Y28","SLICE_X88Y76","","","SIGNATURE_SKIPPED|FDRE|FDRE","SIGNATURE_SKIPPED|FDRE|FDRE","DUT_INTERNAL","u_dut/u_unified_p4_kernel/ingress_data_q_reg","u_dut/u_unified_p4_kernel/input_mem_reg","0.049000000"
"u_dut/u_unified_p4_kernel/input_mem_reg[3][41][11]/D","u_dut/u_unified_p4_kernel/ingress_data_q_reg[27]/C","-0.011000000","clk","clk","clk","u_dut/u_unified_p4_kernel/ingress_data_q_reg[27]","FDRE","u_dut/u_unified_p4_kernel/ingress_data_q_reg","u_dut/u_unified_p4_kernel/input_mem_reg[3][41][11]","FDRE","u_dut/u_unified_p4_kernel/input_mem_reg","0","0.078000000","1.856000000","1.934000000","0.959669080","SLICE_X74Y25","SLICE_X96Y69","","","SIGNATURE_SKIPPED|FDRE|FDRE","SIGNATURE_SKIPPED|FDRE|FDRE","DUT_INTERNAL","u_dut/u_unified_p4_kernel/ingress_data_q_reg","u_dut/u_unified_p4_kernel/input_mem_reg","0.011000000"
"u_dut/u_unified_p4_kernel/input_mem_reg[3][44][2]/D","u_dut/u_unified_p4_kernel/ingress_data_q_reg[2]/C","-0.014000000","clk","clk","clk","u_dut/u_unified_p4_kernel/ingress_data_q_reg[2]","FDRE","u_dut/u_unified_p4_kernel/ingress_data_q_reg","u_dut/u_unified_p4_kernel/input_mem_reg[3][44][2]","FDRE","u_dut/u_unified_p4_kernel/input_mem_reg","0","0.078000000","1.877000000","1.955000000","0.960102302","SLICE_X74Y28","SLICE_X92Y57","","","SIGNATURE_SKIPPED|FDRE|FDRE","SIGNATURE_SKIPPED|FDRE|FDRE","DUT_INTERNAL","u_dut/u_unified_p4_kernel/ingress_data_q_reg","u_dut/u_unified_p4_kernel/input_mem_reg","0.014000000"
"u_dut/u_unified_p4_kernel/input_mem_reg[3][44][7]/D","u_dut/u_unified_p4_kernel/ingress_data_q_reg[7]/C","-0.046000000","clk","clk","clk","u_dut/u_unified_p4_kernel/ingress_data_q_reg[7]","FDRE","u_dut/u_unified_p4_kernel/ingress_data_q_reg","u_dut/u_unified_p4_kernel/input_mem_reg[3][44][7]","FDRE","u_dut/u_unified_p4_kernel/input_mem_reg","0","0.079000000","1.960000000","2.039000000","0.961255517","SLICE_X73Y30","SLICE_X92Y61","","","SIGNATURE_SKIPPED|FDRE|FDRE","SIGNATURE_SKIPPED|FDRE|FDRE","DUT_INTERNAL","u_dut/u_unified_p4_kernel/ingress_data_q_reg","u_dut/u_unified_p4_kernel/input_mem_reg","0.046000000"
"u_dut/u_unified_p4_kernel/input_mem_reg[3][48][2]/D","u_dut/u_unified_p4_kernel/ingress_data_q_reg[2]/C","-0.020000000","clk","clk","clk","u_dut/u_unified_p4_kernel/ingress_data_q_reg[2]","FDRE","u_dut/u_unified_p4_kernel/ingress_data_q_reg","u_dut/u_unified_p4_kernel/input_mem_reg[3][48][2]","FDRE","u_dut/u_unified_p4_kernel/input_mem_reg","0","0.078000000","1.829000000","1.907000000","0.959098060","SLICE_X74Y28","SLICE_X85Y63","","","SIGNATURE_SKIPPED|FDRE|FDRE","SIGNATURE_SKIPPED|FDRE|FDRE","DUT_INTERNAL","u_dut/u_unified_p4_kernel/ingress_data_q_reg","u_dut/u_unified_p4_kernel/input_mem_reg","0.020000000"
"u_dut/u_unified_p4_kernel/input_mem_reg[3][50][1]/D","u_dut/u_unified_p4_kernel/ingress_data_q_reg[33]/C","-0.067000000","clk","clk","clk","u_dut/u_unified_p4_kernel/ingress_data_q_reg[33]","FDRE","u_dut/u_unified_p4_kernel/ingress_data_q_reg","u_dut/u_unified_p4_kernel/input_mem_reg[3][50][1]","FDRE","u_dut/u_unified_p4_kernel/input_mem_reg","0","0.079000000","1.787000000","1.866000000","0.957663451","SLICE_X77Y28","SLICE_X82Y72","","","SIGNATURE_SKIPPED|FDRE|FDRE","SIGNATURE_SKIPPED|FDRE|FDRE","DUT_INTERNAL","u_dut/u_unified_p4_kernel/ingress_data_q_reg","u_dut/u_unified_p4_kernel/input_mem_reg","0.067000000"
"u_dut/u_unified_p4_kernel/input_mem_reg[3][51][0]/D","u_dut/u_unified_p4_kernel/ingress_data_q_reg[48]/C","-0.015000000","clk","clk","clk","u_dut/u_unified_p4_kernel/ingress_data_q_reg[48]","FDRE","u_dut/u_unified_p4_kernel/ingress_data_q_reg","u_dut/u_unified_p4_kernel/input_mem_reg[3][51][0]","FDRE","u_dut/u_unified_p4_kernel/input_mem_reg","0","0.079000000","1.836000000","1.915000000","0.958746736","SLICE_X76Y25","SLICE_X85Y71","","","SIGNATURE_SKIPPED|FDRE|FDRE","SIGNATURE_SKIPPED|FDRE|FDRE","DUT_INTERNAL","u_dut/u_unified_p4_kernel/ingress_data_q_reg","u_dut/u_unified_p4_kernel/input_mem_reg","0.015000000"
"u_dut/u_unified_p4_kernel/input_mem_reg[3][51][7]/D","u_dut/u_unified_p4_kernel/ingress_data_q_reg[55]/C","-0.061000000","clk","clk","clk","u_dut/u_unified_p4_kernel/ingress_data_q_reg[55]","FDRE","u_dut/u_unified_p4_kernel/ingress_data_q_reg","u_dut/u_unified_p4_kernel/input_mem_reg[3][51][7]","FDRE","u_dut/u_unified_p4_kernel/input_mem_reg","0","0.079000000","1.840000000","1.919000000","0.958832725","SLICE_X77Y27","SLICE_X90Y71","","","SIGNATURE_SKIPPED|FDRE|FDRE","SIGNATURE_SKIPPED|FDRE|FDRE","DUT_INTERNAL","u_dut/u_unified_p4_kernel/ingress_data_q_reg","u_dut/u_unified_p4_kernel/input_mem_reg","0.061000000"
"u_dut/u_unified_p4_kernel/input_mem_reg[3][51][9]/D","u_dut/u_unified_p4_kernel/ingress_data_q_reg[57]/C","-0.076000000","clk","clk","clk","u_dut/u_unified_p4_kernel/ingress_data_q_reg[57]","FDRE","u_dut/u_unified_p4_kernel/ingress_data_q_reg","u_dut/u_unified_p4_kernel/input_mem_reg[3][51][9]","FDRE","u_dut/u_unified_p4_kernel/input_mem_reg","0","0.079000000","1.782000000","1.861000000","0.957549704","SLICE_X76Y27","SLICE_X85Y77","","","SIGNATURE_SKIPPED|FDRE|FDRE","SIGNATURE_SKIPPED|FDRE|FDRE","DUT_INTERNAL","u_dut/u_unified_p4_kernel/ingress_data_q_reg","u_dut/u_unified_p4_kernel/input_mem_reg","0.076000000"
"u_dut/u_unified_p4_kernel/input_mem_reg[3][52][2]/D","u_dut/u_unified_p4_kernel/ingress_data_q_reg[2]/C","-0.001000000","clk","clk","clk","u_dut/u_unified_p4_kernel/ingress_data_q_reg[2]","FDRE","u_dut/u_unified_p4_kernel/ingress_data_q_reg","u_dut/u_unified_p4_kernel/input_mem_reg[3][52][2]","FDRE","u_dut/u_unified_p4_kernel/input_mem_reg","0","0.078000000","1.805000000","1.883000000","0.958576739","SLICE_X74Y28","SLICE_X87Y57","","","SIGNATURE_SKIPPED|FDRE|FDRE","SIGNATURE_SKIPPED|FDRE|FDRE","DUT_INTERNAL","u_dut/u_unified_p4_kernel/ingress_data_q_reg","u_dut/u_unified_p4_kernel/input_mem_reg","0.001000000"
"u_dut/u_unified_p4_kernel/input_mem_reg[3][54][0]/D","u_dut/u_unified_p4_kernel/ingress_data_q_reg[32]/C","-0.033000000","clk","clk","clk","u_dut/u_unified_p4_kernel/ingress_data_q_reg[32]","FDRE","u_dut/u_unified_p4_kernel/ingress_data_q_reg","u_dut/u_unified_p4_kernel/input_mem_reg[3][54][0]","FDRE","u_dut/u_unified_p4_kernel/input_mem_reg","0","0.079000000","1.758000000","1.837000000","0.956995101","SLICE_X77Y27","SLICE_X79Y75","","","SIGNATURE_SKIPPED|FDRE|FDRE","SIGNATURE_SKIPPED|FDRE|FDRE","DUT_INTERNAL","u_dut/u_unified_p4_kernel/ingress_data_q_reg","u_dut/u_unified_p4_kernel/input_mem_reg","0.033000000"
"u_dut/u_unified_p4_kernel/input_mem_reg[3][54][10]/D","u_dut/u_unified_p4_kernel/ingress_data_q_reg[42]/C","-0.018000000","clk","clk","clk","u_dut/u_unified_p4_kernel/ingress_data_q_reg[42]","FDRE","u_dut/u_unified_p4_kernel/ingress_data_q_reg","u_dut/u_unified_p4_kernel/input_mem_reg[3][54][10]","FDRE","u_dut/u_unified_p4_kernel/input_mem_reg","0","0.079000000","1.759000000","1.838000000","0.957018498","SLICE_X77Y27","SLICE_X82Y82","","","SIGNATURE_SKIPPED|FDRE|FDRE","SIGNATURE_SKIPPED|FDRE|FDRE","DUT_INTERNAL","u_dut/u_unified_p4_kernel/ingress_data_q_reg","u_dut/u_unified_p4_kernel/input_mem_reg","0.018000000"
"u_dut/u_unified_p4_kernel/input_mem_reg[3][61][11]/D","u_dut/u_unified_p4_kernel/ingress_data_q_reg[27]/C","-0.006000000","clk","clk","clk","u_dut/u_unified_p4_kernel/ingress_data_q_reg[27]","FDRE","u_dut/u_unified_p4_kernel/ingress_data_q_reg","u_dut/u_unified_p4_kernel/input_mem_reg[3][61][11]","FDRE","u_dut/u_unified_p4_kernel/input_mem_reg","0","0.078000000","1.850000000","1.928000000","0.959543568","SLICE_X74Y25","SLICE_X99Y21","","","SIGNATURE_SKIPPED|FDRE|FDRE","SIGNATURE_SKIPPED|FDRE|FDRE","DUT_INTERNAL","u_dut/u_unified_p4_kernel/ingress_data_q_reg","u_dut/u_unified_p4_kernel/input_mem_reg","0.006000000"
"u_dut/u_unified_p4_kernel/input_mem_reg[3][61][3]/CE","u_dut/u_unified_p4_kernel/ingress_group_q_reg[4]/C","-0.012000000","clk","clk","clk","u_dut/u_unified_p4_kernel/ingress_group_q_reg[4]","FDCE","u_dut/u_unified_p4_kernel/ingress_group_q_reg","u_dut/u_unified_p4_kernel/input_mem_reg[3][61][3]","FDRE","u_dut/u_unified_p4_kernel/input_mem_reg","2","0.215000000","1.648000000","1.863000000","0.884594740","SLICE_X70Y45","SLICE_X99Y19","","","SIGNATURE_SKIPPED|FDCE|FDRE","SIGNATURE_SKIPPED|FDCE|FDRE","DUT_INTERNAL","u_dut/u_unified_p4_kernel/ingress_group_q_reg","u_dut/u_unified_p4_kernel/input_mem_reg","0.012000000"
"u_dut/u_unified_p4_kernel/input_mem_reg[3][61][5]/CE","u_dut/u_unified_p4_kernel/ingress_group_q_reg[4]/C","-0.012000000","clk","clk","clk","u_dut/u_unified_p4_kernel/ingress_group_q_reg[4]","FDCE","u_dut/u_unified_p4_kernel/ingress_group_q_reg","u_dut/u_unified_p4_kernel/input_mem_reg[3][61][5]","FDRE","u_dut/u_unified_p4_kernel/input_mem_reg","2","0.215000000","1.648000000","1.863000000","0.884594740","SLICE_X70Y45","SLICE_X99Y19","","","SIGNATURE_SKIPPED|FDCE|FDRE","SIGNATURE_SKIPPED|FDCE|FDRE","DUT_INTERNAL","u_dut/u_unified_p4_kernel/ingress_group_q_reg","u_dut/u_unified_p4_kernel/input_mem_reg","0.012000000"
"u_dut/u_unified_p4_kernel/input_mem_reg[3][62][14]/CE","u_dut/u_unified_p4_kernel/ingress_group_q_reg[4]/C","-0.011000000","clk","clk","clk","u_dut/u_unified_p4_kernel/ingress_group_q_reg[4]","FDCE","u_dut/u_unified_p4_kernel/ingress_group_q_reg","u_dut/u_unified_p4_kernel/input_mem_reg[3][62][14]","FDRE","u_dut/u_unified_p4_kernel/input_mem_reg","2","0.215000000","1.646000000","1.861000000","0.884470715","SLICE_X70Y45","SLICE_X100Y23","","","SIGNATURE_SKIPPED|FDCE|FDRE","SIGNATURE_SKIPPED|FDCE|FDRE","DUT_INTERNAL","u_dut/u_unified_p4_kernel/ingress_group_q_reg","u_dut/u_unified_p4_kernel/input_mem_reg","0.011000000"
"u_dut/u_unified_p4_kernel/issue_desc_bundle_addr_q_reg[2]_rep__5/D","u_dut/u_unified_p4_kernel/ready_count_q_reg[0]/C","-0.071000000","clk","clk","clk","u_dut/u_unified_p4_kernel/ready_count_q_reg[0]","FDCE","u_dut/u_unified_p4_kernel/ready_count_q_reg","u_dut/u_unified_p4_kernel/issue_desc_bundle_addr_q_reg[2]_rep__5","FDCE","u_dut/u_unified_p4_kernel/issue_desc_bundle_addr_q_reg_rep__5","4","0.549000000","1.423000000","1.972000000","0.721602434","SLICE_X72Y51","SLICE_X75Y75","","","SIGNATURE_SKIPPED|FDCE|FDCE","SIGNATURE_SKIPPED|FDCE|FDCE","DUT_INTERNAL","u_dut/u_unified_p4_kernel/ready_count_q_reg","u_dut/u_unified_p4_kernel/issue_desc_bundle_addr_q_reg_rep__5","0.071000000"
"u_dut/u_unified_p4_kernel/issue_desc_bundle_addr_q_reg[2]_rep__9/D","u_dut/u_unified_p4_kernel/ready_count_q_reg[0]/C","-0.007000000","clk","clk","clk","u_dut/u_unified_p4_kernel/ready_count_q_reg[0]","FDCE","u_dut/u_unified_p4_kernel/ready_count_q_reg","u_dut/u_unified_p4_kernel/issue_desc_bundle_addr_q_reg[2]_rep__9","FDCE","u_dut/u_unified_p4_kernel/issue_desc_bundle_addr_q_reg_rep__9","4","0.574000000","1.344000000","1.918000000","0.700729927","SLICE_X72Y51","SLICE_X74Y73","","","SIGNATURE_SKIPPED|FDCE|FDCE","SIGNATURE_SKIPPED|FDCE|FDCE","DUT_INTERNAL","u_dut/u_unified_p4_kernel/ready_count_q_reg","u_dut/u_unified_p4_kernel/issue_desc_bundle_addr_q_reg_rep__9","0.007000000"
"u_dut/u_unified_p4_kernel/issue_desc_bundle_addr_q_reg[3]_rep/D","u_dut/u_unified_p4_kernel/ready_count_q_reg[0]/C","-0.009000000","clk","clk","clk","u_dut/u_unified_p4_kernel/ready_count_q_reg[0]","FDCE","u_dut/u_unified_p4_kernel/ready_count_q_reg","u_dut/u_unified_p4_kernel/issue_desc_bundle_addr_q_reg[3]_rep","FDCE","u_dut/u_unified_p4_kernel/issue_desc_bundle_addr_q_reg_rep","4","0.540000000","1.364000000","1.904000000","0.716386555","SLICE_X72Y51","SLICE_X79Y62","","","SIGNATURE_SKIPPED|FDCE|FDCE","SIGNATURE_SKIPPED|FDCE|FDCE","DUT_INTERNAL","u_dut/u_unified_p4_kernel/ready_count_q_reg","u_dut/u_unified_p4_kernel/issue_desc_bundle_addr_q_reg_rep","0.009000000"
"u_dut/u_unified_p4_kernel/issue_desc_bundle_addr_q_reg[3]_rep__12/D","u_dut/u_unified_p4_kernel/ready_count_q_reg[0]/C","-0.077000000","clk","clk","clk","u_dut/u_unified_p4_kernel/ready_count_q_reg[0]","FDCE","u_dut/u_unified_p4_kernel/ready_count_q_reg","u_dut/u_unified_p4_kernel/issue_desc_bundle_addr_q_reg[3]_rep__12","FDCE","u_dut/u_unified_p4_kernel/issue_desc_bundle_addr_q_reg_rep__12","4","0.540000000","1.477000000","2.017000000","0.732275657","SLICE_X72Y51","SLICE_X75Y69","","","SIGNATURE_SKIPPED|FDCE|FDCE","SIGNATURE_SKIPPED|FDCE|FDCE","DUT_INTERNAL","u_dut/u_unified_p4_kernel/ready_count_q_reg","u_dut/u_unified_p4_kernel/issue_desc_bundle_addr_q_reg_rep__12","0.077000000"
"u_dut/u_unified_p4_kernel/issue_desc_bundle_addr_q_reg[4]_rep__5/D","u_dut/u_unified_p4_kernel/ready_fifo_mem_reg[3][1]/C","-0.023000000","clk","clk","clk","u_dut/u_unified_p4_kernel/ready_fifo_mem_reg[3][1]","FDCE","u_dut/u_unified_p4_kernel/ready_fifo_mem_reg","u_dut/u_unified_p4_kernel/issue_desc_bundle_addr_q_reg[4]_rep__5","FDCE","u_dut/u_unified_p4_kernel/issue_desc_bundle_addr_q_reg_rep__5","5","0.498000000","1.417000000","1.915000000","0.739947781","SLICE_X71Y50","SLICE_X74Y65","","","SIGNATURE_SKIPPED|FDCE|FDCE","SIGNATURE_SKIPPED|FDCE|FDCE","DUT_INTERNAL","u_dut/u_unified_p4_kernel/ready_fifo_mem_reg","u_dut/u_unified_p4_kernel/issue_desc_bundle_addr_q_reg_rep__5","0.023000000"
"u_dut/u_unified_p4_kernel/issue_desc_bundle_addr_q_reg[4]_rep__6/D","u_dut/u_unified_p4_kernel/ready_fifo_mem_reg[3][1]/C","-0.024000000","clk","clk","clk","u_dut/u_unified_p4_kernel/ready_fifo_mem_reg[3][1]","FDCE","u_dut/u_unified_p4_kernel/ready_fifo_mem_reg","u_dut/u_unified_p4_kernel/issue_desc_bundle_addr_q_reg[4]_rep__6","FDCE","u_dut/u_unified_p4_kernel/issue_desc_bundle_addr_q_reg_rep__6","5","0.460000000","1.456000000","1.916000000","0.759916493","SLICE_X71Y50","SLICE_X74Y64","","","SIGNATURE_SKIPPED|FDCE|FDCE","SIGNATURE_SKIPPED|FDCE|FDCE","DUT_INTERNAL","u_dut/u_unified_p4_kernel/ready_fifo_mem_reg","u_dut/u_unified_p4_kernel/issue_desc_bundle_addr_q_reg_rep__6","0.024000000"
"u_dut/u_unified_p4_kernel/issue_desc_bundle_addr_q_reg[5]_rep/D","u_dut/u_unified_p4_kernel/ready_fifo_mem_reg[3][1]/C","-0.073000000","clk","clk","clk","u_dut/u_unified_p4_kernel/ready_fifo_mem_reg[3][1]","FDCE","u_dut/u_unified_p4_kernel/ready_fifo_mem_reg","u_dut/u_unified_p4_kernel/issue_desc_bundle_addr_q_reg[5]_rep","FDCE","u_dut/u_unified_p4_kernel/issue_desc_bundle_addr_q_reg_rep","4","0.343000000","1.595000000","1.938000000","0.823013416","SLICE_X71Y50","SLICE_X79Y57","","","SIGNATURE_SKIPPED|FDCE|FDCE","SIGNATURE_SKIPPED|FDCE|FDCE","DUT_INTERNAL","u_dut/u_unified_p4_kernel/ready_fifo_mem_reg","u_dut/u_unified_p4_kernel/issue_desc_bundle_addr_q_reg_rep","0.073000000"
"u_dut/u_unified_p4_kernel/issue_desc_bundle_addr_q_reg[5]_rep__1/D","u_dut/u_unified_p4_kernel/ready_fifo_mem_reg[3][1]/C","-0.005000000","clk","clk","clk","u_dut/u_unified_p4_kernel/ready_fifo_mem_reg[3][1]","FDCE","u_dut/u_unified_p4_kernel/ready_fifo_mem_reg","u_dut/u_unified_p4_kernel/issue_desc_bundle_addr_q_reg[5]_rep__1","FDCE","u_dut/u_unified_p4_kernel/issue_desc_bundle_addr_q_reg_rep__1","4","0.407000000","1.489000000","1.896000000","0.785337553","SLICE_X71Y50","SLICE_X76Y68","","","SIGNATURE_SKIPPED|FDCE|FDCE","SIGNATURE_SKIPPED|FDCE|FDCE","DUT_INTERNAL","u_dut/u_unified_p4_kernel/ready_fifo_mem_reg","u_dut/u_unified_p4_kernel/issue_desc_bundle_addr_q_reg_rep__1","0.005000000"
"u_dut/u_unified_p4_kernel/issue_desc_bundle_addr_q_reg[5]_rep__4/D","u_dut/u_unified_p4_kernel/ready_fifo_mem_reg[3][1]/C","-0.001000000","clk","clk","clk","u_dut/u_unified_p4_kernel/ready_fifo_mem_reg[3][1]","FDCE","u_dut/u_unified_p4_kernel/ready_fifo_mem_reg","u_dut/u_unified_p4_kernel/issue_desc_bundle_addr_q_reg[5]_rep__4","FDCE","u_dut/u_unified_p4_kernel/issue_desc_bundle_addr_q_reg_rep__4","4","0.405000000","1.487000000","1.892000000","0.785940803","SLICE_X71Y50","SLICE_X76Y68","","","SIGNATURE_SKIPPED|FDCE|FDCE","SIGNATURE_SKIPPED|FDCE|FDCE","DUT_INTERNAL","u_dut/u_unified_p4_kernel/ready_fifo_mem_reg","u_dut/u_unified_p4_kernel/issue_desc_bundle_addr_q_reg_rep__4","0.001000000"
"u_dut/u_unified_p4_kernel/issue_desc_bundle_addr_q_reg[5]_rep__9/D","u_dut/u_unified_p4_kernel/ready_fifo_mem_reg[3][1]/C","-0.060000000","clk","clk","clk","u_dut/u_unified_p4_kernel/ready_fifo_mem_reg[3][1]","FDCE","u_dut/u_unified_p4_kernel/ready_fifo_mem_reg","u_dut/u_unified_p4_kernel/issue_desc_bundle_addr_q_reg[5]_rep__9","FDCE","u_dut/u_unified_p4_kernel/issue_desc_bundle_addr_q_reg_rep__9","4","0.358000000","1.583000000","1.941000000","0.815558990","SLICE_X71Y50","SLICE_X78Y59","","","SIGNATURE_SKIPPED|FDCE|FDCE","SIGNATURE_SKIPPED|FDCE|FDCE","DUT_INTERNAL","u_dut/u_unified_p4_kernel/ready_fifo_mem_reg","u_dut/u_unified_p4_kernel/issue_desc_bundle_addr_q_reg_rep__9","0.060000000"
"u_dut/u_unified_p4_kernel/issue_group_q_reg[1]/D","u_dut/u_unified_p4_kernel/slot_group_count_q_reg[3][0]/C","-0.017000000","clk","clk","clk","u_dut/u_unified_p4_kernel/slot_group_count_q_reg[3][0]","FDCE","u_dut/u_unified_p4_kernel/slot_group_count_q_reg","u_dut/u_unified_p4_kernel/issue_group_q_reg[1]","FDCE","u_dut/u_unified_p4_kernel/issue_group_q_reg","5","0.519000000","1.394000000","1.913000000","0.728698380","SLICE_X70Y34","SLICE_X72Y52","","","SIGNATURE_SKIPPED|FDCE|FDCE","SIGNATURE_SKIPPED|FDCE|FDCE","DUT_INTERNAL","u_dut/u_unified_p4_kernel/slot_group_count_q_reg","u_dut/u_unified_p4_kernel/issue_group_q_reg","0.017000000"
"u_dut/u_unified_p4_kernel/product_q_reg[0][12]/DSP_A_B_DATA_INST/A[2]","u_dut/u_unified_p4_kernel/issue_desc_bundle_addr_q_reg[2]_rep__2/C","-0.028000000","clk","clk","clk","u_dut/u_unified_p4_kernel/issue_desc_bundle_addr_q_reg[2]_rep__2","FDCE","u_dut/u_unified_p4_kernel/issue_desc_bundle_addr_q_reg_rep__2","u_dut/u_unified_p4_kernel/product_q_reg[0][12]/DSP_A_B_DATA_INST","DSP_A_B_DATA","u_dut/u_unified_p4_kernel/product_q_reg/DSP_A_B_DATA_INST","1","0.224000000","1.396000000","1.620000000","0.861728395","SLICE_X79Y60","DSP48E2_X16Y22","","","SIGNATURE_SKIPPED|FDCE|DSP_A_B_DATA","SIGNATURE_SKIPPED|FDCE|DSP_A_B_DATA","DUT_INTERNAL","u_dut/u_unified_p4_kernel/issue_desc_bundle_addr_q_reg_rep__2","u_dut/u_unified_p4_kernel/product_q_reg","0.028000000"
"u_dut/u_unified_p4_kernel/product_q_reg[0][2]_i_8_psdsp/D","u_dut/u_unified_p4_kernel/issue_desc_bundle_addr_q_reg[4]_rep__2/C","-0.043000000","clk","clk","clk","u_dut/u_unified_p4_kernel/issue_desc_bundle_addr_q_reg[4]_rep__2","FDCE","u_dut/u_unified_p4_kernel/issue_desc_bundle_addr_q_reg_rep__2","u_dut/u_unified_p4_kernel/product_q_reg[0][2]_i_8_psdsp","FDRE","u_dut/u_unified_p4_kernel/product_q_reg_i_8_psdsp","2","0.373000000","1.460000000","1.833000000","0.796508456","SLICE_X76Y62","SLICE_X88Y50","","","SIGNATURE_SKIPPED|FDCE|FDRE","SIGNATURE_SKIPPED|FDCE|FDRE","DUT_INTERNAL","u_dut/u_unified_p4_kernel/issue_desc_bundle_addr_q_reg_rep__2","u_dut/u_unified_p4_kernel/product_q_reg_i_8_psdsp","0.043000000"
"u_dut/u_unified_p4_kernel/product_q_reg[0][45]_i_6_psdsp/D","u_dut/u_unified_p4_kernel/issue_desc_bundle_addr_q_reg[3]_rep__8/C","-0.047000000","clk","clk","clk","u_dut/u_unified_p4_kernel/issue_desc_bundle_addr_q_reg[3]_rep__8","FDCE","u_dut/u_unified_p4_kernel/issue_desc_bundle_addr_q_reg_rep__8","u_dut/u_unified_p4_kernel/product_q_reg[0][45]_i_6_psdsp","FDRE","u_dut/u_unified_p4_kernel/product_q_reg_i_6_psdsp","1","0.203000000","1.526000000","1.729000000","0.882591093","SLICE_X70Y73","SLICE_X61Y103","","","SIGNATURE_SKIPPED|FDCE|FDRE","SIGNATURE_SKIPPED|FDCE|FDRE","DUT_INTERNAL","u_dut/u_unified_p4_kernel/issue_desc_bundle_addr_q_reg_rep__8","u_dut/u_unified_p4_kernel/product_q_reg_i_6_psdsp","0.047000000"
"u_dut/u_unified_p4_kernel/product_q_reg[0][45]_i_7_psdsp/D","u_dut/u_unified_p4_kernel/issue_desc_bundle_addr_q_reg[3]_rep__8/C","-0.007000000","clk","clk","clk","u_dut/u_unified_p4_kernel/issue_desc_bundle_addr_q_reg[3]_rep__8","FDCE","u_dut/u_unified_p4_kernel/issue_desc_bundle_addr_q_reg_rep__8","u_dut/u_unified_p4_kernel/product_q_reg[0][45]_i_7_psdsp","FDRE","u_dut/u_unified_p4_kernel/product_q_reg_i_7_psdsp","1","0.202000000","1.487000000","1.689000000","0.880402605","SLICE_X70Y73","SLICE_X61Y103","","","SIGNATURE_SKIPPED|FDCE|FDRE","SIGNATURE_SKIPPED|FDCE|FDRE","DUT_INTERNAL","u_dut/u_unified_p4_kernel/issue_desc_bundle_addr_q_reg_rep__8","u_dut/u_unified_p4_kernel/product_q_reg_i_7_psdsp","0.007000000"
"u_dut/u_unified_p4_kernel/product_q_reg[0][47]_i_2_psdsp/D","u_dut/u_unified_p4_kernel/issue_desc_bundle_addr_q_reg[3]_rep__8/C","-0.009000000","clk","clk","clk","u_dut/u_unified_p4_kernel/issue_desc_bundle_addr_q_reg[3]_rep__8","FDCE","u_dut/u_unified_p4_kernel/issue_desc_bundle_addr_q_reg_rep__8","u_dut/u_unified_p4_kernel/product_q_reg[0][47]_i_2_psdsp","FDRE","u_dut/u_unified_p4_kernel/product_q_reg_i_2_psdsp","1","0.178000000","1.499000000","1.677000000","0.893858080","SLICE_X70Y73","SLICE_X64Y107","","","SIGNATURE_SKIPPED|FDCE|FDRE","SIGNATURE_SKIPPED|FDCE|FDRE","DUT_INTERNAL","u_dut/u_unified_p4_kernel/issue_desc_bundle_addr_q_reg_rep__8","u_dut/u_unified_p4_kernel/product_q_reg_i_2_psdsp","0.009000000"
"u_dut/u_unified_p4_kernel/product_q_reg[0][47]_i_3_psdsp/D","u_dut/u_unified_p4_kernel/issue_desc_bundle_addr_q_reg[3]_rep__8/C","-0.011000000","clk","clk","clk","u_dut/u_unified_p4_kernel/issue_desc_bundle_addr_q_reg[3]_rep__8","FDCE","u_dut/u_unified_p4_kernel/issue_desc_bundle_addr_q_reg_rep__8","u_dut/u_unified_p4_kernel/product_q_reg[0][47]_i_3_psdsp","FDRE","u_dut/u_unified_p4_kernel/product_q_reg_i_3_psdsp","1","0.181000000","1.504000000","1.685000000","0.892581602","SLICE_X70Y73","SLICE_X66Y107","","","SIGNATURE_SKIPPED|FDCE|FDRE","SIGNATURE_SKIPPED|FDCE|FDRE","DUT_INTERNAL","u_dut/u_unified_p4_kernel/issue_desc_bundle_addr_q_reg_rep__8","u_dut/u_unified_p4_kernel/product_q_reg_i_3_psdsp","0.011000000"
"u_dut/u_unified_p4_kernel/product_q_reg[0][47]_i_5_psdsp/D","u_dut/u_unified_p4_kernel/issue_desc_bundle_addr_q_reg[3]_rep__8/C","-0.033000000","clk","clk","clk","u_dut/u_unified_p4_kernel/issue_desc_bundle_addr_q_reg[3]_rep__8","FDCE","u_dut/u_unified_p4_kernel/issue_desc_bundle_addr_q_reg_rep__8","u_dut/u_unified_p4_kernel/product_q_reg[0][47]_i_5_psdsp","FDRE","u_dut/u_unified_p4_kernel/product_q_reg_i_5_psdsp","1","0.180000000","1.527000000","1.707000000","0.894551845","SLICE_X70Y73","SLICE_X66Y107","","","SIGNATURE_SKIPPED|FDCE|FDRE","SIGNATURE_SKIPPED|FDCE|FDRE","DUT_INTERNAL","u_dut/u_unified_p4_kernel/issue_desc_bundle_addr_q_reg_rep__8","u_dut/u_unified_p4_kernel/product_q_reg_i_5_psdsp","0.033000000"
"u_dut/u_unified_p4_kernel/product_q_reg[2][47]_i_8_psdsp/D","u_dut/u_unified_p4_kernel/issue_desc_bundle_addr_q_reg[3]_rep__8/C","-0.014000000","clk","clk","clk","u_dut/u_unified_p4_kernel/issue_desc_bundle_addr_q_reg[3]_rep__8","FDCE","u_dut/u_unified_p4_kernel/issue_desc_bundle_addr_q_reg_rep__8","u_dut/u_unified_p4_kernel/product_q_reg[2][47]_i_8_psdsp","FDRE","u_dut/u_unified_p4_kernel/product_q_reg_i_8_psdsp","1","0.117000000","1.571000000","1.688000000","0.930687204","SLICE_X70Y73","SLICE_X61Y100","","","SIGNATURE_SKIPPED|FDCE|FDRE","SIGNATURE_SKIPPED|FDCE|FDRE","DUT_INTERNAL","u_dut/u_unified_p4_kernel/issue_desc_bundle_addr_q_reg_rep__8","u_dut/u_unified_p4_kernel/product_q_reg_i_8_psdsp","0.014000000"
"u_dut/u_unified_p4_kernel/product_q_reg[2][60]_i_1_psdsp/CE","u_dut/u_unified_p4_kernel/issue_desc_valid_q_reg_rep__18/C","-0.004000000","clk","clk","clk","u_dut/u_unified_p4_kernel/issue_desc_valid_q_reg_rep__18","FDCE","u_dut/u_unified_p4_kernel/issue_desc_valid_q_reg_rep__18","u_dut/u_unified_p4_kernel/product_q_reg[2][60]_i_1_psdsp","FDRE","u_dut/u_unified_p4_kernel/product_q_reg_i_1_psdsp","0","0.079000000","1.725000000","1.804000000","0.956208426","SLICE_X60Y66","SLICE_X74Y77","","","SIGNATURE_SKIPPED|FDCE|FDRE","SIGNATURE_SKIPPED|FDCE|FDRE","DUT_INTERNAL","u_dut/u_unified_p4_kernel/issue_desc_valid_q_reg_rep__18","u_dut/u_unified_p4_kernel/product_q_reg_i_1_psdsp","0.004000000"
"u_dut/u_unified_p4_kernel/product_q_reg[2][62]_i_4_psdsp/D","u_dut/u_unified_p4_kernel/issue_desc_bundle_addr_q_reg[0]_rep__14/C","-0.035000000","clk","clk","clk","u_dut/u_unified_p4_kernel/issue_desc_bundle_addr_q_reg[0]_rep__14","FDCE","u_dut/u_unified_p4_kernel/issue_desc_bundle_addr_q_reg_rep__14","u_dut/u_unified_p4_kernel/product_q_reg[2][62]_i_4_psdsp","FDRE","u_dut/u_unified_p4_kernel/product_q_reg_i_4_psdsp","2","0.266000000","1.611000000","1.877000000","0.858284497","SLICE_X69Y67","SLICE_X80Y78","","","SIGNATURE_SKIPPED|FDCE|FDRE","SIGNATURE_SKIPPED|FDCE|FDRE","DUT_INTERNAL","u_dut/u_unified_p4_kernel/issue_desc_bundle_addr_q_reg_rep__14","u_dut/u_unified_p4_kernel/product_q_reg_i_4_psdsp","0.035000000"
"u_dut/u_unified_p4_kernel/product_q_reg[3][0]_i_4_psdsp/D","u_dut/u_unified_p4_kernel/issue_desc_bundle_addr_q_reg[3]/C","-0.034000000","clk","clk","clk","u_dut/u_unified_p4_kernel/issue_desc_bundle_addr_q_reg[3]","FDCE","u_dut/u_unified_p4_kernel/issue_desc_bundle_addr_q_reg","u_dut/u_unified_p4_kernel/product_q_reg[3][0]_i_4_psdsp","FDRE","u_dut/u_unified_p4_kernel/product_q_reg_i_4_psdsp","1","0.203000000","1.669000000","1.872000000","0.891559829","SLICE_X70Y51","SLICE_X88Y35","","","SIGNATURE_SKIPPED|FDCE|FDRE","SIGNATURE_SKIPPED|FDCE|FDRE","DUT_INTERNAL","u_dut/u_unified_p4_kernel/issue_desc_bundle_addr_q_reg","u_dut/u_unified_p4_kernel/product_q_reg_i_4_psdsp","0.034000000"
"u_dut/u_unified_p4_kernel/product_q_reg[3][24]_i_6_psdsp/D","u_dut/u_unified_p4_kernel/issue_desc_bundle_addr_q_reg[3]_rep__12/C","-0.050000000","clk","clk","clk","u_dut/u_unified_p4_kernel/issue_desc_bundle_addr_q_reg[3]_rep__12","FDCE","u_dut/u_unified_p4_kernel/issue_desc_bundle_addr_q_reg_rep__12","u_dut/u_unified_p4_kernel/product_q_reg[3][24]_i_6_psdsp","FDRE","u_dut/u_unified_p4_kernel/product_q_reg_i_6_psdsp","3","0.309000000","1.629000000","1.938000000","0.840557276","SLICE_X75Y69","SLICE_X64Y60","","","SIGNATURE_SKIPPED|FDCE|FDRE","SIGNATURE_SKIPPED|FDCE|FDRE","DUT_INTERNAL","u_dut/u_unified_p4_kernel/issue_desc_bundle_addr_q_reg_rep__12","u_dut/u_unified_p4_kernel/product_q_reg_i_6_psdsp","0.050000000"
"u_dut/u_unified_p4_kernel/product_q_reg[3][32]/DSP_A_B_DATA_INST/A[6]","u_dut/u_unified_p4_kernel/issue_desc_bundle_addr_q_reg[3]_rep__4/C","-0.004000000","clk","clk","clk","u_dut/u_unified_p4_kernel/issue_desc_bundle_addr_q_reg[3]_rep__4","FDCE","u_dut/u_unified_p4_kernel/issue_desc_bundle_addr_q_reg_rep__4","u_dut/u_unified_p4_kernel/product_q_reg[3][32]/DSP_A_B_DATA_INST","DSP_A_B_DATA","u_dut/u_unified_p4_kernel/product_q_reg/DSP_A_B_DATA_INST","1","0.231000000","1.409000000","1.640000000","0.859146341","SLICE_X78Y69","DSP48E2_X15Y41","","","SIGNATURE_SKIPPED|FDCE|DSP_A_B_DATA","SIGNATURE_SKIPPED|FDCE|DSP_A_B_DATA","DUT_INTERNAL","u_dut/u_unified_p4_kernel/issue_desc_bundle_addr_q_reg_rep__4","u_dut/u_unified_p4_kernel/product_q_reg","0.004000000"
"u_dut/u_unified_p4_kernel/product_q_reg[3][36]/DSP_A_B_DATA_INST/CEA1","u_dut/u_unified_p4_kernel/issue_desc_valid_q_reg_rep__22/C","-0.032000000","clk","clk","clk","u_dut/u_unified_p4_kernel/issue_desc_valid_q_reg_rep__22","FDCE","u_dut/u_unified_p4_kernel/issue_desc_valid_q_reg_rep__22","u_dut/u_unified_p4_kernel/product_q_reg[3][36]/DSP_A_B_DATA_INST","DSP_A_B_DATA","u_dut/u_unified_p4_kernel/product_q_reg/DSP_A_B_DATA_INST","0","0.079000000","1.667000000","1.746000000","0.954753723","SLICE_X68Y68","DSP48E2_X12Y43","","","SIGNATURE_SKIPPED|FDCE|DSP_A_B_DATA","SIGNATURE_SKIPPED|FDCE|DSP_A_B_DATA","DUT_INTERNAL","u_dut/u_unified_p4_kernel/issue_desc_valid_q_reg_rep__22","u_dut/u_unified_p4_kernel/product_q_reg","0.032000000"
"u_dut/u_unified_p4_kernel/product_q_reg[3][5]_i_5_psdsp/D","u_dut/u_unified_p4_kernel/issue_desc_bundle_addr_q_reg[0]_rep__7/C","-0.005000000","clk","clk","clk","u_dut/u_unified_p4_kernel/issue_desc_bundle_addr_q_reg[0]_rep__7","FDCE","u_dut/u_unified_p4_kernel/issue_desc_bundle_addr_q_reg_rep__7","u_dut/u_unified_p4_kernel/product_q_reg[3][5]_i_5_psdsp","FDRE","u_dut/u_unified_p4_kernel/product_q_reg_i_5_psdsp","3","0.188000000","1.677000000","1.865000000","0.899195710","SLICE_X72Y68","SLICE_X84Y67","","","SIGNATURE_SKIPPED|FDCE|FDRE","SIGNATURE_SKIPPED|FDCE|FDRE","DUT_INTERNAL","u_dut/u_unified_p4_kernel/issue_desc_bundle_addr_q_reg_rep__7","u_dut/u_unified_p4_kernel/product_q_reg_i_5_psdsp","0.005000000"
"u_dut/u_unified_p4_kernel/product_q_reg[3][6]_i_2_psdsp/D","u_dut/u_unified_p4_kernel/issue_desc_bundle_addr_q_reg[2]_rep__6/C","-0.047000000","clk","clk","clk","u_dut/u_unified_p4_kernel/issue_desc_bundle_addr_q_reg[2]_rep__6","FDCE","u_dut/u_unified_p4_kernel/issue_desc_bundle_addr_q_reg_rep__6","u_dut/u_unified_p4_kernel/product_q_reg[3][6]_i_2_psdsp","FDRE","u_dut/u_unified_p4_kernel/product_q_reg_i_2_psdsp","3","0.318000000","1.537000000","1.855000000","0.828571429","SLICE_X78Y67","SLICE_X82Y53","","","SIGNATURE_SKIPPED|FDCE|FDRE","SIGNATURE_SKIPPED|FDCE|FDRE","DUT_INTERNAL","u_dut/u_unified_p4_kernel/issue_desc_bundle_addr_q_reg_rep__6","u_dut/u_unified_p4_kernel/product_q_reg_i_2_psdsp","0.047000000"
"u_dut/u_unified_p4_kernel/product_q_reg[3][9]_i_2_psdsp/D","u_dut/u_unified_p4_kernel/issue_desc_bundle_addr_q_reg[1]_rep__1/C","-0.021000000","clk","clk","clk","u_dut/u_unified_p4_kernel/issue_desc_bundle_addr_q_reg[1]_rep__1","FDCE","u_dut/u_unified_p4_kernel/issue_desc_bundle_addr_q_reg_rep__1","u_dut/u_unified_p4_kernel/product_q_reg[3][9]_i_2_psdsp","FDRE","u_dut/u_unified_p4_kernel/product_q_reg_i_2_psdsp","3","0.252000000","1.523000000","1.775000000","0.858028169","SLICE_X72Y67","SLICE_X83Y39","","","SIGNATURE_SKIPPED|FDCE|FDRE","SIGNATURE_SKIPPED|FDCE|FDRE","DUT_INTERNAL","u_dut/u_unified_p4_kernel/issue_desc_bundle_addr_q_reg_rep__1","u_dut/u_unified_p4_kernel/product_q_reg_i_2_psdsp","0.021000000"
"u_dut/u_unified_p4_kernel/reduce_l5_q_reg[1][29]/D","u_dut/u_unified_p4_kernel/reduce_l4_q_reg[1][1][15]/C","-0.026000000","clk","clk","clk","u_dut/u_unified_p4_kernel/reduce_l4_q_reg[1][1][15]","FDRE","u_dut/u_unified_p4_kernel/reduce_l4_q_reg","u_dut/u_unified_p4_kernel/reduce_l5_q_reg[1][29]","FDRE","u_dut/u_unified_p4_kernel/reduce_l5_q_reg","5","0.686000000","1.172000000","1.858000000","0.630785791","SLICE_X57Y66","SLICE_X82Y68","","","SIGNATURE_SKIPPED|FDRE|FDRE","SIGNATURE_SKIPPED|FDRE|FDRE","DUT_INTERNAL","u_dut/u_unified_p4_kernel/reduce_l4_q_reg","u_dut/u_unified_p4_kernel/reduce_l5_q_reg","0.026000000"
"u_dut/u_unified_p4_kernel/reduce_l5_q_reg[1][30]/D","u_dut/u_unified_p4_kernel/reduce_l4_q_reg[1][1][15]/C","-0.014000000","clk","clk","clk","u_dut/u_unified_p4_kernel/reduce_l4_q_reg[1][1][15]","FDRE","u_dut/u_unified_p4_kernel/reduce_l4_q_reg","u_dut/u_unified_p4_kernel/reduce_l5_q_reg[1][30]","FDRE","u_dut/u_unified_p4_kernel/reduce_l5_q_reg","5","0.673000000","1.173000000","1.846000000","0.635427952","SLICE_X57Y66","SLICE_X82Y68","","","SIGNATURE_SKIPPED|FDRE|FDRE","SIGNATURE_SKIPPED|FDRE|FDRE","DUT_INTERNAL","u_dut/u_unified_p4_kernel/reduce_l4_q_reg","u_dut/u_unified_p4_kernel/reduce_l5_q_reg","0.014000000"
"u_dut/u_unified_p4_kernel/reduce_l5_q_reg[1][31]/D","u_dut/u_unified_p4_kernel/reduce_l4_q_reg[1][1][15]/C","-0.027000000","clk","clk","clk","u_dut/u_unified_p4_kernel/reduce_l4_q_reg[1][1][15]","FDRE","u_dut/u_unified_p4_kernel/reduce_l4_q_reg","u_dut/u_unified_p4_kernel/reduce_l5_q_reg[1][31]","FDRE","u_dut/u_unified_p4_kernel/reduce_l5_q_reg","5","0.686000000","1.173000000","1.859000000","0.630984400","SLICE_X57Y66","SLICE_X82Y68","","","SIGNATURE_SKIPPED|FDRE|FDRE","SIGNATURE_SKIPPED|FDRE|FDRE","DUT_INTERNAL","u_dut/u_unified_p4_kernel/reduce_l4_q_reg","u_dut/u_unified_p4_kernel/reduce_l5_q_reg","0.027000000"
"u_dut/u_unified_p4_kernel/reduce_l5_q_reg[1][32]/D","u_dut/u_unified_p4_kernel/reduce_l4_q_reg[1][1][15]/C","-0.006000000","clk","clk","clk","u_dut/u_unified_p4_kernel/reduce_l4_q_reg[1][1][15]","FDRE","u_dut/u_unified_p4_kernel/reduce_l4_q_reg","u_dut/u_unified_p4_kernel/reduce_l5_q_reg[1][32]","FDRE","u_dut/u_unified_p4_kernel/reduce_l5_q_reg","6","0.641000000","1.198000000","1.839000000","0.651441001","SLICE_X57Y66","SLICE_X82Y69","","","SIGNATURE_SKIPPED|FDRE|FDRE","SIGNATURE_SKIPPED|FDRE|FDRE","DUT_INTERNAL","u_dut/u_unified_p4_kernel/reduce_l4_q_reg","u_dut/u_unified_p4_kernel/reduce_l5_q_reg","0.006000000"
"u_dut/u_unified_p4_kernel/reduce_l5_q_reg[1][33]/D","u_dut/u_unified_p4_kernel/reduce_l4_q_reg[1][1][15]/C","-0.026000000","clk","clk","clk","u_dut/u_unified_p4_kernel/reduce_l4_q_reg[1][1][15]","FDRE","u_dut/u_unified_p4_kernel/reduce_l4_q_reg","u_dut/u_unified_p4_kernel/reduce_l5_q_reg[1][33]","FDRE","u_dut/u_unified_p4_kernel/reduce_l5_q_reg","6","0.661000000","1.198000000","1.859000000","0.644432491","SLICE_X57Y66","SLICE_X82Y69","","","SIGNATURE_SKIPPED|FDRE|FDRE","SIGNATURE_SKIPPED|FDRE|FDRE","DUT_INTERNAL","u_dut/u_unified_p4_kernel/reduce_l4_q_reg","u_dut/u_unified_p4_kernel/reduce_l5_q_reg","0.026000000"
"u_dut/u_unified_p4_kernel/reduce_l5_q_reg[1][34]/D","u_dut/u_unified_p4_kernel/reduce_l4_q_reg[1][1][15]/C","-0.018000000","clk","clk","clk","u_dut/u_unified_p4_kernel/reduce_l4_q_reg[1][1][15]","FDRE","u_dut/u_unified_p4_kernel/reduce_l4_q_reg","u_dut/u_unified_p4_kernel/reduce_l5_q_reg[1][34]","FDRE","u_dut/u_unified_p4_kernel/reduce_l5_q_reg","6","0.652000000","1.199000000","1.851000000","0.647757969","SLICE_X57Y66","SLICE_X82Y69","","","SIGNATURE_SKIPPED|FDRE|FDRE","SIGNATURE_SKIPPED|FDRE|FDRE","DUT_INTERNAL","u_dut/u_unified_p4_kernel/reduce_l4_q_reg","u_dut/u_unified_p4_kernel/reduce_l5_q_reg","0.018000000"
"u_dut/u_unified_p4_kernel/reduce_l5_q_reg[1][35]/D","u_dut/u_unified_p4_kernel/reduce_l4_q_reg[1][1][15]/C","-0.033000000","clk","clk","clk","u_dut/u_unified_p4_kernel/reduce_l4_q_reg[1][1][15]","FDRE","u_dut/u_unified_p4_kernel/reduce_l4_q_reg","u_dut/u_unified_p4_kernel/reduce_l5_q_reg[1][35]","FDRE","u_dut/u_unified_p4_kernel/reduce_l5_q_reg","6","0.667000000","1.199000000","1.866000000","0.642550911","SLICE_X57Y66","SLICE_X82Y69","","","SIGNATURE_SKIPPED|FDRE|FDRE","SIGNATURE_SKIPPED|FDRE|FDRE","DUT_INTERNAL","u_dut/u_unified_p4_kernel/reduce_l4_q_reg","u_dut/u_unified_p4_kernel/reduce_l5_q_reg","0.033000000"
"u_dut/u_unified_p4_kernel/reduce_l5_q_reg[1][36]/D","u_dut/u_unified_p4_kernel/reduce_l4_q_reg[1][1][15]/C","-0.037000000","clk","clk","clk","u_dut/u_unified_p4_kernel/reduce_l4_q_reg[1][1][15]","FDRE","u_dut/u_unified_p4_kernel/reduce_l4_q_reg","u_dut/u_unified_p4_kernel/reduce_l5_q_reg[1][36]","FDRE","u_dut/u_unified_p4_kernel/reduce_l5_q_reg","6","0.671000000","1.198000000","1.869000000","0.640984484","SLICE_X57Y66","SLICE_X82Y69","","","SIGNATURE_SKIPPED|FDRE|FDRE","SIGNATURE_SKIPPED|FDRE|FDRE","DUT_INTERNAL","u_dut/u_unified_p4_kernel/reduce_l4_q_reg","u_dut/u_unified_p4_kernel/reduce_l5_q_reg","0.037000000"
"u_dut/u_unified_p4_kernel/reduce_l5_q_reg[1][37]/D","u_dut/u_unified_p4_kernel/reduce_l4_q_reg[1][1][15]/C","-0.067000000","clk","clk","clk","u_dut/u_unified_p4_kernel/reduce_l4_q_reg[1][1][15]","FDRE","u_dut/u_unified_p4_kernel/reduce_l4_q_reg","u_dut/u_unified_p4_kernel/reduce_l5_q_reg[1][37]","FDRE","u_dut/u_unified_p4_kernel/reduce_l5_q_reg","6","0.701000000","1.198000000","1.899000000","0.630858346","SLICE_X57Y66","SLICE_X82Y69","","","SIGNATURE_SKIPPED|FDRE|FDRE","SIGNATURE_SKIPPED|FDRE|FDRE","DUT_INTERNAL","u_dut/u_unified_p4_kernel/reduce_l4_q_reg","u_dut/u_unified_p4_kernel/reduce_l5_q_reg","0.067000000"
"u_dut/u_unified_p4_kernel/reduce_l5_q_reg[1][38]/D","u_dut/u_unified_p4_kernel/reduce_l4_q_reg[1][1][15]/C","-0.055000000","clk","clk","clk","u_dut/u_unified_p4_kernel/reduce_l4_q_reg[1][1][15]","FDRE","u_dut/u_unified_p4_kernel/reduce_l4_q_reg","u_dut/u_unified_p4_kernel/reduce_l5_q_reg[1][38]","FDRE","u_dut/u_unified_p4_kernel/reduce_l5_q_reg","6","0.688000000","1.199000000","1.887000000","0.635400106","SLICE_X57Y66","SLICE_X82Y69","","","SIGNATURE_SKIPPED|FDRE|FDRE","SIGNATURE_SKIPPED|FDRE|FDRE","DUT_INTERNAL","u_dut/u_unified_p4_kernel/reduce_l4_q_reg","u_dut/u_unified_p4_kernel/reduce_l5_q_reg","0.055000000"
"u_dut/u_unified_p4_kernel/reduce_l5_q_reg[1][39]/D","u_dut/u_unified_p4_kernel/reduce_l4_q_reg[1][1][15]/C","-0.068000000","clk","clk","clk","u_dut/u_unified_p4_kernel/reduce_l4_q_reg[1][1][15]","FDRE","u_dut/u_unified_p4_kernel/reduce_l4_q_reg","u_dut/u_unified_p4_kernel/reduce_l5_q_reg[1][39]","FDRE","u_dut/u_unified_p4_kernel/reduce_l5_q_reg","6","0.701000000","1.199000000","1.900000000","0.631052632","SLICE_X57Y66","SLICE_X82Y69","","","SIGNATURE_SKIPPED|FDRE|FDRE","SIGNATURE_SKIPPED|FDRE|FDRE","DUT_INTERNAL","u_dut/u_unified_p4_kernel/reduce_l4_q_reg","u_dut/u_unified_p4_kernel/reduce_l5_q_reg","0.068000000"
"u_dut/u_unified_p4_kernel/reserved_groups_q_reg[4]/D","u_dut/kernel_ctx_output_size_q_reg[2]/C","-0.096000000","clk","clk","clk","u_dut/kernel_ctx_output_size_q_reg[2]","FDCE","u_dut/kernel_ctx_output_size_q_reg","u_dut/u_unified_p4_kernel/reserved_groups_q_reg[4]","FDCE","u_dut/u_unified_p4_kernel/reserved_groups_q_reg","7","0.699000000","1.261000000","1.960000000","0.643367347","SLICE_X68Y30","SLICE_X67Y31","","","SIGNATURE_SKIPPED|FDCE|FDCE","SIGNATURE_SKIPPED|FDCE|FDCE","DUT_INTERNAL","u_dut/kernel_ctx_output_size_q_reg","u_dut/u_unified_p4_kernel/reserved_groups_q_reg","0.096000000"
"u_dut/u_unified_p4_kernel/s0_input_q_reg[17][3]/CE","u_dut/u_unified_p4_kernel/issue_desc_valid_q_reg_replica_1/C","-0.025000000","clk","clk","clk","u_dut/u_unified_p4_kernel/issue_desc_valid_q_reg_replica_1","FDCE","u_dut/u_unified_p4_kernel/issue_desc_valid_q_reg_replica_1","u_dut/u_unified_p4_kernel/s0_input_q_reg[17][3]","FDRE","u_dut/u_unified_p4_kernel/s0_input_q_reg","0","0.076000000","1.745000000","1.821000000","0.958264690","SLICE_X74Y54","SLICE_X85Y59","","","SIGNATURE_SKIPPED|FDCE|FDRE","SIGNATURE_SKIPPED|FDCE|FDRE","DUT_INTERNAL","u_dut/u_unified_p4_kernel/issue_desc_valid_q_reg_replica_1","u_dut/u_unified_p4_kernel/s0_input_q_reg","0.025000000"
"u_dut/u_unified_p4_kernel/s0_input_q_reg[19][11]/CE","u_dut/u_unified_p4_kernel/issue_desc_valid_q_reg_replica_1/C","-0.022000000","clk","clk","clk","u_dut/u_unified_p4_kernel/issue_desc_valid_q_reg_replica_1","FDCE","u_dut/u_unified_p4_kernel/issue_desc_valid_q_reg_replica_1","u_dut/u_unified_p4_kernel/s0_input_q_reg[19][11]","FDRE","u_dut/u_unified_p4_kernel/s0_input_q_reg","0","0.076000000","1.751000000","1.827000000","0.958401752","SLICE_X74Y54","SLICE_X85Y69","","","SIGNATURE_SKIPPED|FDCE|FDRE","SIGNATURE_SKIPPED|FDCE|FDRE","DUT_INTERNAL","u_dut/u_unified_p4_kernel/issue_desc_valid_q_reg_replica_1","u_dut/u_unified_p4_kernel/s0_input_q_reg","0.022000000"
"u_dut/u_unified_p4_kernel/s0_input_q_reg[21][6]/R","u_dut/u_unified_p4_kernel/issue_desc_active_size_q_reg[1]/C","-0.030000000","clk","clk","clk","u_dut/u_unified_p4_kernel/issue_desc_active_size_q_reg[1]","FDCE","u_dut/u_unified_p4_kernel/issue_desc_active_size_q_reg","u_dut/u_unified_p4_kernel/s0_input_q_reg[21][6]","FDRE","u_dut/u_unified_p4_kernel/s0_input_q_reg","1","0.169000000","1.688000000","1.857000000","0.908992999","SLICE_X76Y41","SLICE_X57Y32","","","SIGNATURE_SKIPPED|FDCE|FDRE","SIGNATURE_SKIPPED|FDCE|FDRE","DUT_INTERNAL","u_dut/u_unified_p4_kernel/issue_desc_active_size_q_reg","u_dut/u_unified_p4_kernel/s0_input_q_reg","0.030000000"
"u_dut/u_unified_p4_kernel/s0_input_q_reg[21][9]/R","u_dut/u_unified_p4_kernel/issue_desc_active_size_q_reg[1]/C","-0.030000000","clk","clk","clk","u_dut/u_unified_p4_kernel/issue_desc_active_size_q_reg[1]","FDCE","u_dut/u_unified_p4_kernel/issue_desc_active_size_q_reg","u_dut/u_unified_p4_kernel/s0_input_q_reg[21][9]","FDRE","u_dut/u_unified_p4_kernel/s0_input_q_reg","1","0.169000000","1.688000000","1.857000000","0.908992999","SLICE_X76Y41","SLICE_X57Y32","","","SIGNATURE_SKIPPED|FDCE|FDRE","SIGNATURE_SKIPPED|FDCE|FDRE","DUT_INTERNAL","u_dut/u_unified_p4_kernel/issue_desc_active_size_q_reg","u_dut/u_unified_p4_kernel/s0_input_q_reg","0.030000000"
"u_dut/u_unified_p4_kernel/s0_input_q_reg[23][10]/R","u_dut/u_unified_p4_kernel/issue_desc_active_size_q_reg[5]/C","-0.011000000","clk","clk","clk","u_dut/u_unified_p4_kernel/issue_desc_active_size_q_reg[5]","FDCE","u_dut/u_unified_p4_kernel/issue_desc_active_size_q_reg","u_dut/u_unified_p4_kernel/s0_input_q_reg[23][10]","FDRE","u_dut/u_unified_p4_kernel/s0_input_q_reg","1","0.129000000","1.797000000","1.926000000","0.933021807","SLICE_X84Y43","SLICE_X54Y44","","","SIGNATURE_SKIPPED|FDCE|FDRE","SIGNATURE_SKIPPED|FDCE|FDRE","DUT_INTERNAL","u_dut/u_unified_p4_kernel/issue_desc_active_size_q_reg","u_dut/u_unified_p4_kernel/s0_input_q_reg","0.011000000"
"u_dut/u_unified_p4_kernel/s0_input_q_reg[23][13]/R","u_dut/u_unified_p4_kernel/issue_desc_active_size_q_reg[5]/C","-0.041000000","clk","clk","clk","u_dut/u_unified_p4_kernel/issue_desc_active_size_q_reg[5]","FDCE","u_dut/u_unified_p4_kernel/issue_desc_active_size_q_reg","u_dut/u_unified_p4_kernel/s0_input_q_reg[23][13]","FDRE","u_dut/u_unified_p4_kernel/s0_input_q_reg","1","0.129000000","1.823000000","1.952000000","0.933913934","SLICE_X84Y43","SLICE_X54Y39","","","SIGNATURE_SKIPPED|FDCE|FDRE","SIGNATURE_SKIPPED|FDCE|FDRE","DUT_INTERNAL","u_dut/u_unified_p4_kernel/issue_desc_active_size_q_reg","u_dut/u_unified_p4_kernel/s0_input_q_reg","0.041000000"
"u_dut/u_unified_p4_kernel/s0_input_q_reg[23][14]/R","u_dut/u_unified_p4_kernel/issue_desc_active_size_q_reg[5]/C","-0.011000000","clk","clk","clk","u_dut/u_unified_p4_kernel/issue_desc_active_size_q_reg[5]","FDCE","u_dut/u_unified_p4_kernel/issue_desc_active_size_q_reg","u_dut/u_unified_p4_kernel/s0_input_q_reg[23][14]","FDRE","u_dut/u_unified_p4_kernel/s0_input_q_reg","1","0.129000000","1.797000000","1.926000000","0.933021807","SLICE_X84Y43","SLICE_X54Y44","","","SIGNATURE_SKIPPED|FDCE|FDRE","SIGNATURE_SKIPPED|FDCE|FDRE","DUT_INTERNAL","u_dut/u_unified_p4_kernel/issue_desc_active_size_q_reg","u_dut/u_unified_p4_kernel/s0_input_q_reg","0.011000000"
"u_dut/u_unified_p4_kernel/s0_input_q_reg[23][7]/R","u_dut/u_unified_p4_kernel/issue_desc_active_size_q_reg[5]/C","-0.041000000","clk","clk","clk","u_dut/u_unified_p4_kernel/issue_desc_active_size_q_reg[5]","FDCE","u_dut/u_unified_p4_kernel/issue_desc_active_size_q_reg","u_dut/u_unified_p4_kernel/s0_input_q_reg[23][7]","FDRE","u_dut/u_unified_p4_kernel/s0_input_q_reg","1","0.129000000","1.823000000","1.952000000","0.933913934","SLICE_X84Y43","SLICE_X54Y39","","","SIGNATURE_SKIPPED|FDCE|FDRE","SIGNATURE_SKIPPED|FDCE|FDRE","DUT_INTERNAL","u_dut/u_unified_p4_kernel/issue_desc_active_size_q_reg","u_dut/u_unified_p4_kernel/s0_input_q_reg","0.041000000"
"u_dut/u_unified_p4_kernel/s0_input_q_reg[2][4]/R","u_dut/u_unified_p4_kernel/issue_desc_active_size_q_reg[1]/C","-0.032000000","clk","clk","clk","u_dut/u_unified_p4_kernel/issue_desc_active_size_q_reg[1]","FDCE","u_dut/u_unified_p4_kernel/issue_desc_active_size_q_reg","u_dut/u_unified_p4_kernel/s0_input_q_reg[2][4]","FDRE","u_dut/u_unified_p4_kernel/s0_input_q_reg","1","0.228000000","1.718000000","1.946000000","0.882836588","SLICE_X76Y41","SLICE_X102Y35","","","SIGNATURE_SKIPPED|FDCE|FDRE","SIGNATURE_SKIPPED|FDCE|FDRE","DUT_INTERNAL","u_dut/u_unified_p4_kernel/issue_desc_active_size_q_reg","u_dut/u_unified_p4_kernel/s0_input_q_reg","0.032000000"
"u_dut/u_unified_p4_kernel/s0_input_q_reg[50][3]/CE","u_dut/u_unified_p4_kernel/issue_desc_valid_q_reg_replica_1/C","-0.022000000","clk","clk","clk","u_dut/u_unified_p4_kernel/issue_desc_valid_q_reg_replica_1","FDCE","u_dut/u_unified_p4_kernel/issue_desc_valid_q_reg_replica_1","u_dut/u_unified_p4_kernel/s0_input_q_reg[50][3]","FDRE","u_dut/u_unified_p4_kernel/s0_input_q_reg","0","0.076000000","1.751000000","1.827000000","0.958401752","SLICE_X74Y54","SLICE_X84Y69","","","SIGNATURE_SKIPPED|FDCE|FDRE","SIGNATURE_SKIPPED|FDCE|FDRE","DUT_INTERNAL","u_dut/u_unified_p4_kernel/issue_desc_valid_q_reg_replica_1","u_dut/u_unified_p4_kernel/s0_input_q_reg","0.022000000"
"u_dut/u_unified_p4_kernel/s0_input_q_reg[53][0]/CE","u_dut/u_unified_p4_kernel/issue_desc_valid_q_reg_replica_1/C","-0.033000000","clk","clk","clk","u_dut/u_unified_p4_kernel/issue_desc_valid_q_reg_replica_1","FDCE","u_dut/u_unified_p4_kernel/issue_desc_valid_q_reg_replica_1","u_dut/u_unified_p4_kernel/s0_input_q_reg[53][0]","FDRE","u_dut/u_unified_p4_kernel/s0_input_q_reg","0","0.076000000","1.753000000","1.829000000","0.958447239","SLICE_X74Y54","SLICE_X85Y83","","","SIGNATURE_SKIPPED|FDCE|FDRE","SIGNATURE_SKIPPED|FDCE|FDRE","DUT_INTERNAL","u_dut/u_unified_p4_kernel/issue_desc_valid_q_reg_replica_1","u_dut/u_unified_p4_kernel/s0_input_q_reg","0.033000000"
"u_dut/u_unified_p4_kernel/s0_input_q_reg[53][10]/CE","u_dut/u_unified_p4_kernel/issue_desc_valid_q_reg_replica_1/C","-0.033000000","clk","clk","clk","u_dut/u_unified_p4_kernel/issue_desc_valid_q_reg_replica_1","FDCE","u_dut/u_unified_p4_kernel/issue_desc_valid_q_reg_replica_1","u_dut/u_unified_p4_kernel/s0_input_q_reg[53][10]","FDRE","u_dut/u_unified_p4_kernel/s0_input_q_reg","0","0.076000000","1.753000000","1.829000000","0.958447239","SLICE_X74Y54","SLICE_X85Y83","","","SIGNATURE_SKIPPED|FDCE|FDRE","SIGNATURE_SKIPPED|FDCE|FDRE","DUT_INTERNAL","u_dut/u_unified_p4_kernel/issue_desc_valid_q_reg_replica_1","u_dut/u_unified_p4_kernel/s0_input_q_reg","0.033000000"
"u_dut/u_unified_p4_kernel/s0_input_q_reg[53][1]/CE","u_dut/u_unified_p4_kernel/issue_desc_valid_q_reg_replica_1/C","-0.033000000","clk","clk","clk","u_dut/u_unified_p4_kernel/issue_desc_valid_q_reg_replica_1","FDCE","u_dut/u_unified_p4_kernel/issue_desc_valid_q_reg_replica_1","u_dut/u_unified_p4_kernel/s0_input_q_reg[53][1]","FDRE","u_dut/u_unified_p4_kernel/s0_input_q_reg","0","0.076000000","1.753000000","1.829000000","0.958447239","SLICE_X74Y54","SLICE_X85Y83","","","SIGNATURE_SKIPPED|FDCE|FDRE","SIGNATURE_SKIPPED|FDCE|FDRE","DUT_INTERNAL","u_dut/u_unified_p4_kernel/issue_desc_valid_q_reg_replica_1","u_dut/u_unified_p4_kernel/s0_input_q_reg","0.033000000"
"u_dut/u_unified_p4_kernel/s0_input_q_reg[53][9]/CE","u_dut/u_unified_p4_kernel/issue_desc_valid_q_reg_replica_1/C","-0.033000000","clk","clk","clk","u_dut/u_unified_p4_kernel/issue_desc_valid_q_reg_replica_1","FDCE","u_dut/u_unified_p4_kernel/issue_desc_valid_q_reg_replica_1","u_dut/u_unified_p4_kernel/s0_input_q_reg[53][9]","FDRE","u_dut/u_unified_p4_kernel/s0_input_q_reg","0","0.076000000","1.753000000","1.829000000","0.958447239","SLICE_X74Y54","SLICE_X85Y83","","","SIGNATURE_SKIPPED|FDCE|FDRE","SIGNATURE_SKIPPED|FDCE|FDRE","DUT_INTERNAL","u_dut/u_unified_p4_kernel/issue_desc_valid_q_reg_replica_1","u_dut/u_unified_p4_kernel/s0_input_q_reg","0.033000000"
"u_dut/u_unified_p4_kernel/s0_input_q_reg[54][2]/CE","u_dut/u_unified_p4_kernel/issue_desc_valid_q_reg_replica_1/C","-0.028000000","clk","clk","clk","u_dut/u_unified_p4_kernel/issue_desc_valid_q_reg_replica_1","FDCE","u_dut/u_unified_p4_kernel/issue_desc_valid_q_reg_replica_1","u_dut/u_unified_p4_kernel/s0_input_q_reg[54][2]","FDRE","u_dut/u_unified_p4_kernel/s0_input_q_reg","0","0.076000000","1.780000000","1.856000000","0.959051724","SLICE_X74Y54","SLICE_X75Y78","","","SIGNATURE_SKIPPED|FDCE|FDRE","SIGNATURE_SKIPPED|FDCE|FDRE","DUT_INTERNAL","u_dut/u_unified_p4_kernel/issue_desc_valid_q_reg_replica_1","u_dut/u_unified_p4_kernel/s0_input_q_reg","0.028000000"
"u_dut/u_unified_p4_kernel/slot_state_q_reg[3][0]/D","u_dut/u_unified_p4_kernel/issue_desc_slot_q_reg[0]_rep/C","-0.025000000","clk","clk","clk","u_dut/u_unified_p4_kernel/issue_desc_slot_q_reg[0]_rep","FDCE","u_dut/u_unified_p4_kernel/issue_desc_slot_q_reg_rep","u_dut/u_unified_p4_kernel/slot_state_q_reg[3][0]","FDCE","u_dut/u_unified_p4_kernel/slot_state_q_reg","3","0.292000000","1.604000000","1.896000000","0.845991561","SLICE_X92Y50","SLICE_X68Y33","","","SIGNATURE_SKIPPED|FDCE|FDCE","SIGNATURE_SKIPPED|FDCE|FDCE","DUT_INTERNAL","u_dut/u_unified_p4_kernel/issue_desc_slot_q_reg_rep","u_dut/u_unified_p4_kernel/slot_state_q_reg","0.025000000"
"u_dut/vwrite_cmd_addr_q_reg[3]/D","u_dut/kernel_run_q_reg/C","-0.044000000","clk","clk","clk","u_dut/kernel_run_q_reg","FDCE","u_dut/kernel_run_q_reg","u_dut/vwrite_cmd_addr_q_reg[3]","FDCE","u_dut/vwrite_cmd_addr_q_reg","3","0.311000000","1.612000000","1.923000000","0.838273531","SLICE_X78Y21","SLICE_X77Y36","","","SIGNATURE_SKIPPED|FDCE|FDCE","SIGNATURE_SKIPPED|FDCE|FDCE","DUT_INTERNAL","u_dut/kernel_run_q_reg","u_dut/vwrite_cmd_addr_q_reg","0.044000000"
"u_dut/vwrite_cmd_bank_mask_q_reg[3]/D","u_dut/kernel_cut_h_q_reg[2]/C","-0.063000000","clk","clk","clk","u_dut/kernel_cut_h_q_reg[2]","FDCE","u_dut/kernel_cut_h_q_reg","u_dut/vwrite_cmd_bank_mask_q_reg[3]","FDCE","u_dut/vwrite_cmd_bank_mask_q_reg","4","0.503000000","1.487000000","1.990000000","0.747236181","SLICE_X84Y26","SLICE_X73Y40","","","SIGNATURE_SKIPPED|FDCE|FDCE","SIGNATURE_SKIPPED|FDCE|FDCE","DUT_INTERNAL","u_dut/kernel_cut_h_q_reg","u_dut/vwrite_cmd_bank_mask_q_reg","0.063000000"
"u_dut/vwrite_cmd_data_q_reg[0][0]/D","u_dut/u_unified_p4_kernel/fifo_rd_ptr_q_reg[0]/C","-0.008000000","clk","clk","clk","u_dut/u_unified_p4_kernel/fifo_rd_ptr_q_reg[0]","FDCE","u_dut/u_unified_p4_kernel/fifo_rd_ptr_q_reg","u_dut/vwrite_cmd_data_q_reg[0][0]","FDCE","u_dut/vwrite_cmd_data_q_reg","4","0.514000000","1.399000000","1.913000000","0.731312075","SLICE_X61Y42","SLICE_X70Y38","","","SIGNATURE_SKIPPED|FDCE|FDCE","SIGNATURE_SKIPPED|FDCE|FDCE","DUT_INTERNAL","u_dut/u_unified_p4_kernel/fifo_rd_ptr_q_reg","u_dut/vwrite_cmd_data_q_reg","0.008000000"
"u_dut/vwrite_cmd_data_q_reg[0][1]/D","u_dut/u_unified_p4_kernel/fifo_rd_ptr_q_reg[4]/C","-0.011000000","clk","clk","clk","u_dut/u_unified_p4_kernel/fifo_rd_ptr_q_reg[4]","FDCE","u_dut/u_unified_p4_kernel/fifo_rd_ptr_q_reg","u_dut/vwrite_cmd_data_q_reg[0][1]","FDCE","u_dut/vwrite_cmd_data_q_reg","4","0.407000000","1.505000000","1.912000000","0.787133891","SLICE_X60Y41","SLICE_X69Y38","","","SIGNATURE_SKIPPED|FDCE|FDCE","SIGNATURE_SKIPPED|FDCE|FDCE","DUT_INTERNAL","u_dut/u_unified_p4_kernel/fifo_rd_ptr_q_reg","u_dut/vwrite_cmd_data_q_reg","0.011000000"
"u_dut/vwrite_cmd_data_q_reg[0][4]/D","u_dut/u_unified_p4_kernel/fifo_rd_ptr_q_reg[1]/C","-0.014000000","clk","clk","clk","u_dut/u_unified_p4_kernel/fifo_rd_ptr_q_reg[1]","FDCE","u_dut/u_unified_p4_kernel/fifo_rd_ptr_q_reg","u_dut/vwrite_cmd_data_q_reg[0][4]","FDCE","u_dut/vwrite_cmd_data_q_reg","4","0.501000000","1.392000000","1.893000000","0.735340729","SLICE_X62Y42","SLICE_X69Y34","","","SIGNATURE_SKIPPED|FDCE|FDCE","SIGNATURE_SKIPPED|FDCE|FDCE","DUT_INTERNAL","u_dut/u_unified_p4_kernel/fifo_rd_ptr_q_reg","u_dut/vwrite_cmd_data_q_reg","0.014000000"
"u_dut/vwrite_cmd_data_q_reg[0][6]/D","u_dut/u_unified_p4_kernel/fifo_rd_ptr_q_reg[4]/C","-0.037000000","clk","clk","clk","u_dut/u_unified_p4_kernel/fifo_rd_ptr_q_reg[4]","FDCE","u_dut/u_unified_p4_kernel/fifo_rd_ptr_q_reg","u_dut/vwrite_cmd_data_q_reg[0][6]","FDCE","u_dut/vwrite_cmd_data_q_reg","4","0.419000000","1.503000000","1.922000000","0.781997919","SLICE_X60Y41","SLICE_X71Y33","","","SIGNATURE_SKIPPED|FDCE|FDCE","SIGNATURE_SKIPPED|FDCE|FDCE","DUT_INTERNAL","u_dut/u_unified_p4_kernel/fifo_rd_ptr_q_reg","u_dut/vwrite_cmd_data_q_reg","0.037000000"
"u_dut/vwrite_cmd_data_q_reg[0][7]/D","u_dut/u_unified_p4_kernel/fifo_rd_ptr_q_reg[0]/C","-0.002000000","clk","clk","clk","u_dut/u_unified_p4_kernel/fifo_rd_ptr_q_reg[0]","FDCE","u_dut/u_unified_p4_kernel/fifo_rd_ptr_q_reg","u_dut/vwrite_cmd_data_q_reg[0][7]","FDCE","u_dut/vwrite_cmd_data_q_reg","4","0.501000000","1.394000000","1.895000000","0.735620053","SLICE_X61Y42","SLICE_X63Y32","","","SIGNATURE_SKIPPED|FDCE|FDCE","SIGNATURE_SKIPPED|FDCE|FDCE","DUT_INTERNAL","u_dut/u_unified_p4_kernel/fifo_rd_ptr_q_reg","u_dut/vwrite_cmd_data_q_reg","0.002000000"
"u_dut/vwrite_cmd_data_q_reg[2][0]/D","u_dut/u_unified_p4_kernel/fifo_rd_ptr_q_reg[0]/C","-0.029000000","clk","clk","clk","u_dut/u_unified_p4_kernel/fifo_rd_ptr_q_reg[0]","FDCE","u_dut/u_unified_p4_kernel/fifo_rd_ptr_q_reg","u_dut/vwrite_cmd_data_q_reg[2][0]","FDCE","u_dut/vwrite_cmd_data_q_reg","4","0.464000000","1.459000000","1.923000000","0.758710348","SLICE_X61Y42","SLICE_X69Y32","","","SIGNATURE_SKIPPED|FDCE|FDCE","SIGNATURE_SKIPPED|FDCE|FDCE","DUT_INTERNAL","u_dut/u_unified_p4_kernel/fifo_rd_ptr_q_reg","u_dut/vwrite_cmd_data_q_reg","0.029000000"
"u_dut/vwrite_cmd_data_q_reg[2][14]/D","u_dut/u_unified_p4_kernel/fifo_rd_ptr_q_reg[4]/C","-0.056000000","clk","clk","clk","u_dut/u_unified_p4_kernel/fifo_rd_ptr_q_reg[4]","FDCE","u_dut/u_unified_p4_kernel/fifo_rd_ptr_q_reg","u_dut/vwrite_cmd_data_q_reg[2][14]","FDCE","u_dut/vwrite_cmd_data_q_reg","4","0.372000000","1.573000000","1.945000000","0.808740360","SLICE_X60Y41","SLICE_X69Y40","","","SIGNATURE_SKIPPED|FDCE|FDCE","SIGNATURE_SKIPPED|FDCE|FDCE","DUT_INTERNAL","u_dut/u_unified_p4_kernel/fifo_rd_ptr_q_reg","u_dut/vwrite_cmd_data_q_reg","0.056000000"
"u_dut/vwrite_cmd_data_q_reg[2][2]/D","u_dut/u_unified_p4_kernel/fifo_rd_ptr_q_reg[1]/C","-0.057000000","clk","clk","clk","u_dut/u_unified_p4_kernel/fifo_rd_ptr_q_reg[1]","FDCE","u_dut/u_unified_p4_kernel/fifo_rd_ptr_q_reg","u_dut/vwrite_cmd_data_q_reg[2][2]","FDCE","u_dut/vwrite_cmd_data_q_reg","4","0.369000000","1.569000000","1.938000000","0.809597523","SLICE_X62Y42","SLICE_X68Y36","","","SIGNATURE_SKIPPED|FDCE|FDCE","SIGNATURE_SKIPPED|FDCE|FDCE","DUT_INTERNAL","u_dut/u_unified_p4_kernel/fifo_rd_ptr_q_reg","u_dut/vwrite_cmd_data_q_reg","0.057000000"
"u_dut/vwrite_cmd_data_q_reg[2][7]/D","u_dut/u_unified_p4_kernel/fifo_rd_ptr_q_reg[0]/C","-0.038000000","clk","clk","clk","u_dut/u_unified_p4_kernel/fifo_rd_ptr_q_reg[0]","FDCE","u_dut/u_unified_p4_kernel/fifo_rd_ptr_q_reg","u_dut/vwrite_cmd_data_q_reg[2][7]","FDCE","u_dut/vwrite_cmd_data_q_reg","4","0.463000000","1.481000000","1.944000000","0.761831276","SLICE_X61Y42","SLICE_X64Y35","","","SIGNATURE_SKIPPED|FDCE|FDCE","SIGNATURE_SKIPPED|FDCE|FDCE","DUT_INTERNAL","u_dut/u_unified_p4_kernel/fifo_rd_ptr_q_reg","u_dut/vwrite_cmd_data_q_reg","0.038000000"
"u_dut/vwrite_cmd_data_q_reg[3][1]/D","u_dut/u_unified_p4_kernel/fifo_rd_ptr_q_reg[4]/C","-0.013000000","clk","clk","clk","u_dut/u_unified_p4_kernel/fifo_rd_ptr_q_reg[4]","FDCE","u_dut/u_unified_p4_kernel/fifo_rd_ptr_q_reg","u_dut/vwrite_cmd_data_q_reg[3][1]","FDCE","u_dut/vwrite_cmd_data_q_reg","4","0.443000000","1.471000000","1.914000000","0.768547544","SLICE_X60Y41","SLICE_X69Y38","","","SIGNATURE_SKIPPED|FDCE|FDCE","SIGNATURE_SKIPPED|FDCE|FDCE","DUT_INTERNAL","u_dut/u_unified_p4_kernel/fifo_rd_ptr_q_reg","u_dut/vwrite_cmd_data_q_reg","0.013000000"
"u_dut/vwrite_cmd_data_q_reg[3][7]/D","u_dut/u_unified_p4_kernel/fifo_rd_ptr_q_reg[0]/C","-0.041000000","clk","clk","clk","u_dut/u_unified_p4_kernel/fifo_rd_ptr_q_reg[0]","FDCE","u_dut/u_unified_p4_kernel/fifo_rd_ptr_q_reg","u_dut/vwrite_cmd_data_q_reg[3][7]","FDCE","u_dut/vwrite_cmd_data_q_reg","4","0.564000000","1.375000000","1.939000000","0.709128417","SLICE_X61Y42","SLICE_X68Y40","","","SIGNATURE_SKIPPED|FDCE|FDCE","SIGNATURE_SKIPPED|FDCE|FDCE","DUT_INTERNAL","u_dut/u_unified_p4_kernel/fifo_rd_ptr_q_reg","u_dut/vwrite_cmd_data_q_reg","0.041000000"
"u_dut/vwrite_cmd_data_q_reg[3][9]/D","u_dut/u_unified_p4_kernel/fifo_rd_ptr_q_reg[0]/C","-0.022000000","clk","clk","clk","u_dut/u_unified_p4_kernel/fifo_rd_ptr_q_reg[0]","FDCE","u_dut/u_unified_p4_kernel/fifo_rd_ptr_q_reg","u_dut/vwrite_cmd_data_q_reg[3][9]","FDCE","u_dut/vwrite_cmd_data_q_reg","4","0.621000000","1.300000000","1.921000000","0.676730869","SLICE_X61Y42","SLICE_X67Y34","","","SIGNATURE_SKIPPED|FDCE|FDCE","SIGNATURE_SKIPPED|FDCE|FDCE","DUT_INTERNAL","u_dut/u_unified_p4_kernel/fifo_rd_ptr_q_reg","u_dut/vwrite_cmd_data_q_reg","0.022000000"
