Copyright 1986-2022 Xilinx, Inc. All Rights Reserved. Copyright 2022-2025 Advanced Micro Devices, Inc. All Rights Reserved.
----------------------------------------------------------------------------------------------------------------------------------------------------------------------------------------------------------------------------------
| Tool Version      : Vivado v.2025.2 (win64) Build 6299465 Fri Nov 14 19:35:11 GMT 2025
| Date              : Wed Sep 16 15:26:56 2026
| Host              : Finesse running 64-bit major release  (build 9200)
| Command           : report_timing -delay_type max -max_paths 100 -file C:/Users/Fine/Documents/Codex/2026-07-23/ni/_its_new_p8_1_publish/05_audit/current/48/p9_second_round_impl_20260916/report_timing_worst100_postroute.rpt
| Design            : unified_its_wrapper
| Device            : xcku5p-ffvb676
| Speed File        : -2  PRODUCTION 1.29 05-01-2022
| Design State      : Routed
| Temperature Grade : E
----------------------------------------------------------------------------------------------------------------------------------------------------------------------------------------------------------------------------------

Timing Report

Slack (VIOLATED) :        -0.560ns  (required time - arrival time)
  Source:                 slot_width_reg[1][5]_replica/C
                            (rising edge-triggered cell FDCE clocked by clk  {rise@0.000ns fall@1.000ns period=2.000ns})
  Destination:            gen_input_slots[1].gen_input_banks[0].u_input_cache_bank/data_mem_reg_512_575_7_13/RAMA/WE
                            (rising edge-triggered cell RAMD64E clocked by clk  {rise@0.000ns fall@1.000ns period=2.000ns})
  Path Group:             clk
  Path Type:              Setup (Max at Slow Process Corner)
  Requirement:            2.000ns  (clk rise@2.000ns - clk rise@0.000ns)
  Data Path Delay:        2.360ns  (logic 0.648ns (27.460%)  route 1.712ns (72.540%))
  Logic Levels:           6  (LUT3=1 LUT4=1 LUT5=1 LUT6=3)
  Clock Path Skew:        0.015ns (DCD - SCD + CPR)
    Destination Clock Delay (DCD):    0.043ns = ( 2.043 - 2.000 ) 
    Source Clock Delay      (SCD):    0.028ns
    Clock Pessimism Removal (CPR):    0.000ns
  Clock Uncertainty:      0.035ns  ((TSJ^2 + TIJ^2)^1/2 + DJ) / 2 + PE
    Total System Jitter     (TSJ):    0.071ns
    Total Input Jitter      (TIJ):    0.000ns
    Discrete Jitter          (DJ):    0.000ns
    Phase Error              (PE):    0.000ns

    Location             Delay type                Incr(ns)  Path(ns)    Netlist Resource(s)
  -------------------------------------------------------------------    -------------------
                         (clock clk rise edge)        0.000     0.000 r  
                                                      0.000     0.000 r  clk (IN)
                         net (fo=34258, unset)        0.028     0.028    clk
    SLICE_X68Y90         FDCE                                         r  slot_width_reg[1][5]_replica/C
  -------------------------------------------------------------------    -------------------
    SLICE_X68Y90         FDCE (Prop_DFF_SLICEL_C_Q)
                                                      0.079     0.107 f  slot_width_reg[1][5]_replica/Q
                         net (fo=2, routed)           0.101     0.208    slot_width_reg_n_0_[1][5]_repN
    SLICE_X68Y92         LUT3 (Prop_B6LUT_SLICEL_I0_O)
                                                      0.090     0.298 f  gen_input_slots[1].gen_input_banks[3].u_input_cache_bank_i_77/O
                         net (fo=15, routed)          0.116     0.414    gen_input_slots[1].gen_input_banks[3].u_input_cache_bank_i_77_n_0
    SLICE_X67Y92         LUT6 (Prop_A6LUT_SLICEM_I0_O)
                                                      0.090     0.504 f  gen_input_slots[1].gen_input_banks[3].u_input_cache_bank_i_85/O
                         net (fo=3, routed)           0.058     0.563    gen_input_slots[1].gen_input_banks[3].u_input_cache_bank_i_85_n_0
    SLICE_X67Y91         LUT4 (Prop_G6LUT_SLICEM_I0_O)
                                                      0.037     0.600 f  gen_input_slots[1].gen_input_banks[3].u_input_cache_bank_i_62/O
                         net (fo=19, routed)          0.365     0.965    gen_input_slots[1].gen_input_banks[3].u_input_cache_bank_i_62_n_0
    SLICE_X60Y92         LUT6 (Prop_H6LUT_SLICEL_I1_O)
                                                      0.150     1.115 r  gen_input_slots[1].gen_input_banks[1].u_input_cache_bank_i_40_replica_4/O
                         net (fo=23, routed)          0.177     1.292    gen_input_slots[1].gen_input_banks[1].u_input_cache_bank_i_40_n_0_repN_4
    SLICE_X60Y90         LUT6 (Prop_H6LUT_SLICEL_I2_O)
                                                      0.150     1.442 r  gen_input_slots[1].gen_input_banks[0].u_input_cache_bank_i_1/O
                         net (fo=16, routed)          0.469     1.911    gen_input_slots[1].gen_input_banks[0].u_input_cache_bank/data_wr_addr[9]
    SLICE_X50Y94         LUT5 (Prop_B6LUT_SLICEM_I4_O)
                                                      0.052     1.963 r  gen_input_slots[1].gen_input_banks[0].u_input_cache_bank/data_mem_reg_512_575_0_6_i_1/O
                         net (fo=20, routed)          0.425     2.388    gen_input_slots[1].gen_input_banks[0].u_input_cache_bank/data_mem_reg_512_575_7_13/WE
    SLICE_X50Y102        RAMD64E                                      r  gen_input_slots[1].gen_input_banks[0].u_input_cache_bank/data_mem_reg_512_575_7_13/RAMA/WE
  -------------------------------------------------------------------    -------------------

                         (clock clk rise edge)        2.000     2.000 r  
                                                      0.000     2.000 r  clk (IN)
                         net (fo=34258, unset)        0.043     2.043    gen_input_slots[1].gen_input_banks[0].u_input_cache_bank/data_mem_reg_512_575_7_13/WCLK
    SLICE_X50Y102        RAMD64E                                      r  gen_input_slots[1].gen_input_banks[0].u_input_cache_bank/data_mem_reg_512_575_7_13/RAMA/CLK
                         clock pessimism              0.000     2.043    
                         clock uncertainty           -0.035     2.008    
    SLICE_X50Y102        RAMD64E (Setup_A6LUT_SLICEM_CLK_WE)
                                                     -0.180     1.828    gen_input_slots[1].gen_input_banks[0].u_input_cache_bank/data_mem_reg_512_575_7_13/RAMA
  -------------------------------------------------------------------
                         required time                          1.828    
                         arrival time                          -2.388    
  -------------------------------------------------------------------
                         slack                                 -0.560    

Slack (VIOLATED) :        -0.560ns  (required time - arrival time)
  Source:                 slot_width_reg[1][5]_replica/C
                            (rising edge-triggered cell FDCE clocked by clk  {rise@0.000ns fall@1.000ns period=2.000ns})
  Destination:            gen_input_slots[1].gen_input_banks[0].u_input_cache_bank/data_mem_reg_512_575_7_13/RAMB/WE
                            (rising edge-triggered cell RAMD64E clocked by clk  {rise@0.000ns fall@1.000ns period=2.000ns})
  Path Group:             clk
  Path Type:              Setup (Max at Slow Process Corner)
  Requirement:            2.000ns  (clk rise@2.000ns - clk rise@0.000ns)
  Data Path Delay:        2.360ns  (logic 0.648ns (27.460%)  route 1.712ns (72.540%))
  Logic Levels:           6  (LUT3=1 LUT4=1 LUT5=1 LUT6=3)
  Clock Path Skew:        0.015ns (DCD - SCD + CPR)
    Destination Clock Delay (DCD):    0.043ns = ( 2.043 - 2.000 ) 
    Source Clock Delay      (SCD):    0.028ns
    Clock Pessimism Removal (CPR):    0.000ns
  Clock Uncertainty:      0.035ns  ((TSJ^2 + TIJ^2)^1/2 + DJ) / 2 + PE
    Total System Jitter     (TSJ):    0.071ns
    Total Input Jitter      (TIJ):    0.000ns
    Discrete Jitter          (DJ):    0.000ns
    Phase Error              (PE):    0.000ns

    Location             Delay type                Incr(ns)  Path(ns)    Netlist Resource(s)
  -------------------------------------------------------------------    -------------------
                         (clock clk rise edge)        0.000     0.000 r  
                                                      0.000     0.000 r  clk (IN)
                         net (fo=34258, unset)        0.028     0.028    clk
    SLICE_X68Y90         FDCE                                         r  slot_width_reg[1][5]_replica/C
  -------------------------------------------------------------------    -------------------
    SLICE_X68Y90         FDCE (Prop_DFF_SLICEL_C_Q)
                                                      0.079     0.107 f  slot_width_reg[1][5]_replica/Q
                         net (fo=2, routed)           0.101     0.208    slot_width_reg_n_0_[1][5]_repN
    SLICE_X68Y92         LUT3 (Prop_B6LUT_SLICEL_I0_O)
                                                      0.090     0.298 f  gen_input_slots[1].gen_input_banks[3].u_input_cache_bank_i_77/O
                         net (fo=15, routed)          0.116     0.414    gen_input_slots[1].gen_input_banks[3].u_input_cache_bank_i_77_n_0
    SLICE_X67Y92         LUT6 (Prop_A6LUT_SLICEM_I0_O)
                                                      0.090     0.504 f  gen_input_slots[1].gen_input_banks[3].u_input_cache_bank_i_85/O
                         net (fo=3, routed)           0.058     0.563    gen_input_slots[1].gen_input_banks[3].u_input_cache_bank_i_85_n_0
    SLICE_X67Y91         LUT4 (Prop_G6LUT_SLICEM_I0_O)
                                                      0.037     0.600 f  gen_input_slots[1].gen_input_banks[3].u_input_cache_bank_i_62/O
                         net (fo=19, routed)          0.365     0.965    gen_input_slots[1].gen_input_banks[3].u_input_cache_bank_i_62_n_0
    SLICE_X60Y92         LUT6 (Prop_H6LUT_SLICEL_I1_O)
                                                      0.150     1.115 r  gen_input_slots[1].gen_input_banks[1].u_input_cache_bank_i_40_replica_4/O
                         net (fo=23, routed)          0.177     1.292    gen_input_slots[1].gen_input_banks[1].u_input_cache_bank_i_40_n_0_repN_4
    SLICE_X60Y90         LUT6 (Prop_H6LUT_SLICEL_I2_O)
                                                      0.150     1.442 r  gen_input_slots[1].gen_input_banks[0].u_input_cache_bank_i_1/O
                         net (fo=16, routed)          0.469     1.911    gen_input_slots[1].gen_input_banks[0].u_input_cache_bank/data_wr_addr[9]
    SLICE_X50Y94         LUT5 (Prop_B6LUT_SLICEM_I4_O)
                                                      0.052     1.963 r  gen_input_slots[1].gen_input_banks[0].u_input_cache_bank/data_mem_reg_512_575_0_6_i_1/O
                         net (fo=20, routed)          0.425     2.388    gen_input_slots[1].gen_input_banks[0].u_input_cache_bank/data_mem_reg_512_575_7_13/WE
    SLICE_X50Y102        RAMD64E                                      r  gen_input_slots[1].gen_input_banks[0].u_input_cache_bank/data_mem_reg_512_575_7_13/RAMB/WE
  -------------------------------------------------------------------    -------------------

                         (clock clk rise edge)        2.000     2.000 r  
                                                      0.000     2.000 r  clk (IN)
                         net (fo=34258, unset)        0.043     2.043    gen_input_slots[1].gen_input_banks[0].u_input_cache_bank/data_mem_reg_512_575_7_13/WCLK
    SLICE_X50Y102        RAMD64E                                      r  gen_input_slots[1].gen_input_banks[0].u_input_cache_bank/data_mem_reg_512_575_7_13/RAMB/CLK
                         clock pessimism              0.000     2.043    
                         clock uncertainty           -0.035     2.008    
    SLICE_X50Y102        RAMD64E (Setup_B6LUT_SLICEM_CLK_WE)
                                                     -0.180     1.828    gen_input_slots[1].gen_input_banks[0].u_input_cache_bank/data_mem_reg_512_575_7_13/RAMB
  -------------------------------------------------------------------
                         required time                          1.828    
                         arrival time                          -2.388    
  -------------------------------------------------------------------
                         slack                                 -0.560    

Slack (VIOLATED) :        -0.560ns  (required time - arrival time)
  Source:                 slot_width_reg[1][5]_replica/C
                            (rising edge-triggered cell FDCE clocked by clk  {rise@0.000ns fall@1.000ns period=2.000ns})
  Destination:            gen_input_slots[1].gen_input_banks[0].u_input_cache_bank/data_mem_reg_512_575_7_13/RAMC/WE
                            (rising edge-triggered cell RAMD64E clocked by clk  {rise@0.000ns fall@1.000ns period=2.000ns})
  Path Group:             clk
  Path Type:              Setup (Max at Slow Process Corner)
  Requirement:            2.000ns  (clk rise@2.000ns - clk rise@0.000ns)
  Data Path Delay:        2.360ns  (logic 0.648ns (27.460%)  route 1.712ns (72.540%))
  Logic Levels:           6  (LUT3=1 LUT4=1 LUT5=1 LUT6=3)
  Clock Path Skew:        0.015ns (DCD - SCD + CPR)
    Destination Clock Delay (DCD):    0.043ns = ( 2.043 - 2.000 ) 
    Source Clock Delay      (SCD):    0.028ns
    Clock Pessimism Removal (CPR):    0.000ns
  Clock Uncertainty:      0.035ns  ((TSJ^2 + TIJ^2)^1/2 + DJ) / 2 + PE
    Total System Jitter     (TSJ):    0.071ns
    Total Input Jitter      (TIJ):    0.000ns
    Discrete Jitter          (DJ):    0.000ns
    Phase Error              (PE):    0.000ns

    Location             Delay type                Incr(ns)  Path(ns)    Netlist Resource(s)
  -------------------------------------------------------------------    -------------------
                         (clock clk rise edge)        0.000     0.000 r  
                                                      0.000     0.000 r  clk (IN)
                         net (fo=34258, unset)        0.028     0.028    clk
    SLICE_X68Y90         FDCE                                         r  slot_width_reg[1][5]_replica/C
  -------------------------------------------------------------------    -------------------
    SLICE_X68Y90         FDCE (Prop_DFF_SLICEL_C_Q)
                                                      0.079     0.107 f  slot_width_reg[1][5]_replica/Q
                         net (fo=2, routed)           0.101     0.208    slot_width_reg_n_0_[1][5]_repN
    SLICE_X68Y92         LUT3 (Prop_B6LUT_SLICEL_I0_O)
                                                      0.090     0.298 f  gen_input_slots[1].gen_input_banks[3].u_input_cache_bank_i_77/O
                         net (fo=15, routed)          0.116     0.414    gen_input_slots[1].gen_input_banks[3].u_input_cache_bank_i_77_n_0
    SLICE_X67Y92         LUT6 (Prop_A6LUT_SLICEM_I0_O)
                                                      0.090     0.504 f  gen_input_slots[1].gen_input_banks[3].u_input_cache_bank_i_85/O
                         net (fo=3, routed)           0.058     0.563    gen_input_slots[1].gen_input_banks[3].u_input_cache_bank_i_85_n_0
    SLICE_X67Y91         LUT4 (Prop_G6LUT_SLICEM_I0_O)
                                                      0.037     0.600 f  gen_input_slots[1].gen_input_banks[3].u_input_cache_bank_i_62/O
                         net (fo=19, routed)          0.365     0.965    gen_input_slots[1].gen_input_banks[3].u_input_cache_bank_i_62_n_0
    SLICE_X60Y92         LUT6 (Prop_H6LUT_SLICEL_I1_O)
                                                      0.150     1.115 r  gen_input_slots[1].gen_input_banks[1].u_input_cache_bank_i_40_replica_4/O
                         net (fo=23, routed)          0.177     1.292    gen_input_slots[1].gen_input_banks[1].u_input_cache_bank_i_40_n_0_repN_4
    SLICE_X60Y90         LUT6 (Prop_H6LUT_SLICEL_I2_O)
                                                      0.150     1.442 r  gen_input_slots[1].gen_input_banks[0].u_input_cache_bank_i_1/O
                         net (fo=16, routed)          0.469     1.911    gen_input_slots[1].gen_input_banks[0].u_input_cache_bank/data_wr_addr[9]
    SLICE_X50Y94         LUT5 (Prop_B6LUT_SLICEM_I4_O)
                                                      0.052     1.963 r  gen_input_slots[1].gen_input_banks[0].u_input_cache_bank/data_mem_reg_512_575_0_6_i_1/O
                         net (fo=20, routed)          0.425     2.388    gen_input_slots[1].gen_input_banks[0].u_input_cache_bank/data_mem_reg_512_575_7_13/WE
    SLICE_X50Y102        RAMD64E                                      r  gen_input_slots[1].gen_input_banks[0].u_input_cache_bank/data_mem_reg_512_575_7_13/RAMC/WE
  -------------------------------------------------------------------    -------------------

                         (clock clk rise edge)        2.000     2.000 r  
                                                      0.000     2.000 r  clk (IN)
                         net (fo=34258, unset)        0.043     2.043    gen_input_slots[1].gen_input_banks[0].u_input_cache_bank/data_mem_reg_512_575_7_13/WCLK
    SLICE_X50Y102        RAMD64E                                      r  gen_input_slots[1].gen_input_banks[0].u_input_cache_bank/data_mem_reg_512_575_7_13/RAMC/CLK
                         clock pessimism              0.000     2.043    
                         clock uncertainty           -0.035     2.008    
    SLICE_X50Y102        RAMD64E (Setup_C6LUT_SLICEM_CLK_WE)
                                                     -0.180     1.828    gen_input_slots[1].gen_input_banks[0].u_input_cache_bank/data_mem_reg_512_575_7_13/RAMC
  -------------------------------------------------------------------
                         required time                          1.828    
                         arrival time                          -2.388    
  -------------------------------------------------------------------
                         slack                                 -0.560    

Slack (VIOLATED) :        -0.560ns  (required time - arrival time)
  Source:                 slot_width_reg[1][5]_replica/C
                            (rising edge-triggered cell FDCE clocked by clk  {rise@0.000ns fall@1.000ns period=2.000ns})
  Destination:            gen_input_slots[1].gen_input_banks[0].u_input_cache_bank/data_mem_reg_512_575_7_13/RAMD/WE
                            (rising edge-triggered cell RAMD64E clocked by clk  {rise@0.000ns fall@1.000ns period=2.000ns})
  Path Group:             clk
  Path Type:              Setup (Max at Slow Process Corner)
  Requirement:            2.000ns  (clk rise@2.000ns - clk rise@0.000ns)
  Data Path Delay:        2.360ns  (logic 0.648ns (27.460%)  route 1.712ns (72.540%))
  Logic Levels:           6  (LUT3=1 LUT4=1 LUT5=1 LUT6=3)
  Clock Path Skew:        0.015ns (DCD - SCD + CPR)
    Destination Clock Delay (DCD):    0.043ns = ( 2.043 - 2.000 ) 
    Source Clock Delay      (SCD):    0.028ns
    Clock Pessimism Removal (CPR):    0.000ns
  Clock Uncertainty:      0.035ns  ((TSJ^2 + TIJ^2)^1/2 + DJ) / 2 + PE
    Total System Jitter     (TSJ):    0.071ns
    Total Input Jitter      (TIJ):    0.000ns
    Discrete Jitter          (DJ):    0.000ns
    Phase Error              (PE):    0.000ns

    Location             Delay type                Incr(ns)  Path(ns)    Netlist Resource(s)
  -------------------------------------------------------------------    -------------------
                         (clock clk rise edge)        0.000     0.000 r  
                                                      0.000     0.000 r  clk (IN)
                         net (fo=34258, unset)        0.028     0.028    clk
    SLICE_X68Y90         FDCE                                         r  slot_width_reg[1][5]_replica/C
  -------------------------------------------------------------------    -------------------
    SLICE_X68Y90         FDCE (Prop_DFF_SLICEL_C_Q)
                                                      0.079     0.107 f  slot_width_reg[1][5]_replica/Q
                         net (fo=2, routed)           0.101     0.208    slot_width_reg_n_0_[1][5]_repN
    SLICE_X68Y92         LUT3 (Prop_B6LUT_SLICEL_I0_O)
                                                      0.090     0.298 f  gen_input_slots[1].gen_input_banks[3].u_input_cache_bank_i_77/O
                         net (fo=15, routed)          0.116     0.414    gen_input_slots[1].gen_input_banks[3].u_input_cache_bank_i_77_n_0
    SLICE_X67Y92         LUT6 (Prop_A6LUT_SLICEM_I0_O)
                                                      0.090     0.504 f  gen_input_slots[1].gen_input_banks[3].u_input_cache_bank_i_85/O
                         net (fo=3, routed)           0.058     0.563    gen_input_slots[1].gen_input_banks[3].u_input_cache_bank_i_85_n_0
    SLICE_X67Y91         LUT4 (Prop_G6LUT_SLICEM_I0_O)
                                                      0.037     0.600 f  gen_input_slots[1].gen_input_banks[3].u_input_cache_bank_i_62/O
                         net (fo=19, routed)          0.365     0.965    gen_input_slots[1].gen_input_banks[3].u_input_cache_bank_i_62_n_0
    SLICE_X60Y92         LUT6 (Prop_H6LUT_SLICEL_I1_O)
                                                      0.150     1.115 r  gen_input_slots[1].gen_input_banks[1].u_input_cache_bank_i_40_replica_4/O
                         net (fo=23, routed)          0.177     1.292    gen_input_slots[1].gen_input_banks[1].u_input_cache_bank_i_40_n_0_repN_4
    SLICE_X60Y90         LUT6 (Prop_H6LUT_SLICEL_I2_O)
                                                      0.150     1.442 r  gen_input_slots[1].gen_input_banks[0].u_input_cache_bank_i_1/O
                         net (fo=16, routed)          0.469     1.911    gen_input_slots[1].gen_input_banks[0].u_input_cache_bank/data_wr_addr[9]
    SLICE_X50Y94         LUT5 (Prop_B6LUT_SLICEM_I4_O)
                                                      0.052     1.963 r  gen_input_slots[1].gen_input_banks[0].u_input_cache_bank/data_mem_reg_512_575_0_6_i_1/O
                         net (fo=20, routed)          0.425     2.388    gen_input_slots[1].gen_input_banks[0].u_input_cache_bank/data_mem_reg_512_575_7_13/WE
    SLICE_X50Y102        RAMD64E                                      r  gen_input_slots[1].gen_input_banks[0].u_input_cache_bank/data_mem_reg_512_575_7_13/RAMD/WE
  -------------------------------------------------------------------    -------------------

                         (clock clk rise edge)        2.000     2.000 r  
                                                      0.000     2.000 r  clk (IN)
                         net (fo=34258, unset)        0.043     2.043    gen_input_slots[1].gen_input_banks[0].u_input_cache_bank/data_mem_reg_512_575_7_13/WCLK
    SLICE_X50Y102        RAMD64E                                      r  gen_input_slots[1].gen_input_banks[0].u_input_cache_bank/data_mem_reg_512_575_7_13/RAMD/CLK
                         clock pessimism              0.000     2.043    
                         clock uncertainty           -0.035     2.008    
    SLICE_X50Y102        RAMD64E (Setup_D6LUT_SLICEM_CLK_WE)
                                                     -0.180     1.828    gen_input_slots[1].gen_input_banks[0].u_input_cache_bank/data_mem_reg_512_575_7_13/RAMD
  -------------------------------------------------------------------
                         required time                          1.828    
                         arrival time                          -2.388    
  -------------------------------------------------------------------
                         slack                                 -0.560    

Slack (VIOLATED) :        -0.560ns  (required time - arrival time)
  Source:                 slot_width_reg[1][5]_replica/C
                            (rising edge-triggered cell FDCE clocked by clk  {rise@0.000ns fall@1.000ns period=2.000ns})
  Destination:            gen_input_slots[1].gen_input_banks[0].u_input_cache_bank/data_mem_reg_512_575_7_13/RAME/WE
                            (rising edge-triggered cell RAMD64E clocked by clk  {rise@0.000ns fall@1.000ns period=2.000ns})
  Path Group:             clk
  Path Type:              Setup (Max at Slow Process Corner)
  Requirement:            2.000ns  (clk rise@2.000ns - clk rise@0.000ns)
  Data Path Delay:        2.360ns  (logic 0.648ns (27.460%)  route 1.712ns (72.540%))
  Logic Levels:           6  (LUT3=1 LUT4=1 LUT5=1 LUT6=3)
  Clock Path Skew:        0.015ns (DCD - SCD + CPR)
    Destination Clock Delay (DCD):    0.043ns = ( 2.043 - 2.000 ) 
    Source Clock Delay      (SCD):    0.028ns
    Clock Pessimism Removal (CPR):    0.000ns
  Clock Uncertainty:      0.035ns  ((TSJ^2 + TIJ^2)^1/2 + DJ) / 2 + PE
    Total System Jitter     (TSJ):    0.071ns
    Total Input Jitter      (TIJ):    0.000ns
    Discrete Jitter          (DJ):    0.000ns
    Phase Error              (PE):    0.000ns

    Location             Delay type                Incr(ns)  Path(ns)    Netlist Resource(s)
  -------------------------------------------------------------------    -------------------
                         (clock clk rise edge)        0.000     0.000 r  
                                                      0.000     0.000 r  clk (IN)
                         net (fo=34258, unset)        0.028     0.028    clk
    SLICE_X68Y90         FDCE                                         r  slot_width_reg[1][5]_replica/C
  -------------------------------------------------------------------    -------------------
    SLICE_X68Y90         FDCE (Prop_DFF_SLICEL_C_Q)
                                                      0.079     0.107 f  slot_width_reg[1][5]_replica/Q
                         net (fo=2, routed)           0.101     0.208    slot_width_reg_n_0_[1][5]_repN
    SLICE_X68Y92         LUT3 (Prop_B6LUT_SLICEL_I0_O)
                                                      0.090     0.298 f  gen_input_slots[1].gen_input_banks[3].u_input_cache_bank_i_77/O
                         net (fo=15, routed)          0.116     0.414    gen_input_slots[1].gen_input_banks[3].u_input_cache_bank_i_77_n_0
    SLICE_X67Y92         LUT6 (Prop_A6LUT_SLICEM_I0_O)
                                                      0.090     0.504 f  gen_input_slots[1].gen_input_banks[3].u_input_cache_bank_i_85/O
                         net (fo=3, routed)           0.058     0.563    gen_input_slots[1].gen_input_banks[3].u_input_cache_bank_i_85_n_0
    SLICE_X67Y91         LUT4 (Prop_G6LUT_SLICEM_I0_O)
                                                      0.037     0.600 f  gen_input_slots[1].gen_input_banks[3].u_input_cache_bank_i_62/O
                         net (fo=19, routed)          0.365     0.965    gen_input_slots[1].gen_input_banks[3].u_input_cache_bank_i_62_n_0
    SLICE_X60Y92         LUT6 (Prop_H6LUT_SLICEL_I1_O)
                                                      0.150     1.115 r  gen_input_slots[1].gen_input_banks[1].u_input_cache_bank_i_40_replica_4/O
                         net (fo=23, routed)          0.177     1.292    gen_input_slots[1].gen_input_banks[1].u_input_cache_bank_i_40_n_0_repN_4
    SLICE_X60Y90         LUT6 (Prop_H6LUT_SLICEL_I2_O)
                                                      0.150     1.442 r  gen_input_slots[1].gen_input_banks[0].u_input_cache_bank_i_1/O
                         net (fo=16, routed)          0.469     1.911    gen_input_slots[1].gen_input_banks[0].u_input_cache_bank/data_wr_addr[9]
    SLICE_X50Y94         LUT5 (Prop_B6LUT_SLICEM_I4_O)
                                                      0.052     1.963 r  gen_input_slots[1].gen_input_banks[0].u_input_cache_bank/data_mem_reg_512_575_0_6_i_1/O
                         net (fo=20, routed)          0.425     2.388    gen_input_slots[1].gen_input_banks[0].u_input_cache_bank/data_mem_reg_512_575_7_13/WE
    SLICE_X50Y102        RAMD64E                                      r  gen_input_slots[1].gen_input_banks[0].u_input_cache_bank/data_mem_reg_512_575_7_13/RAME/WE
  -------------------------------------------------------------------    -------------------

                         (clock clk rise edge)        2.000     2.000 r  
                                                      0.000     2.000 r  clk (IN)
                         net (fo=34258, unset)        0.043     2.043    gen_input_slots[1].gen_input_banks[0].u_input_cache_bank/data_mem_reg_512_575_7_13/WCLK
    SLICE_X50Y102        RAMD64E                                      r  gen_input_slots[1].gen_input_banks[0].u_input_cache_bank/data_mem_reg_512_575_7_13/RAME/CLK
                         clock pessimism              0.000     2.043    
                         clock uncertainty           -0.035     2.008    
    SLICE_X50Y102        RAMD64E (Setup_E6LUT_SLICEM_CLK_WE)
                                                     -0.180     1.828    gen_input_slots[1].gen_input_banks[0].u_input_cache_bank/data_mem_reg_512_575_7_13/RAME
  -------------------------------------------------------------------
                         required time                          1.828    
                         arrival time                          -2.388    
  -------------------------------------------------------------------
                         slack                                 -0.560    

Slack (VIOLATED) :        -0.560ns  (required time - arrival time)
  Source:                 slot_width_reg[1][5]_replica/C
                            (rising edge-triggered cell FDCE clocked by clk  {rise@0.000ns fall@1.000ns period=2.000ns})
  Destination:            gen_input_slots[1].gen_input_banks[0].u_input_cache_bank/data_mem_reg_512_575_7_13/RAMF/WE
                            (rising edge-triggered cell RAMD64E clocked by clk  {rise@0.000ns fall@1.000ns period=2.000ns})
  Path Group:             clk
  Path Type:              Setup (Max at Slow Process Corner)
  Requirement:            2.000ns  (clk rise@2.000ns - clk rise@0.000ns)
  Data Path Delay:        2.360ns  (logic 0.648ns (27.460%)  route 1.712ns (72.540%))
  Logic Levels:           6  (LUT3=1 LUT4=1 LUT5=1 LUT6=3)
  Clock Path Skew:        0.015ns (DCD - SCD + CPR)
    Destination Clock Delay (DCD):    0.043ns = ( 2.043 - 2.000 ) 
    Source Clock Delay      (SCD):    0.028ns
    Clock Pessimism Removal (CPR):    0.000ns
  Clock Uncertainty:      0.035ns  ((TSJ^2 + TIJ^2)^1/2 + DJ) / 2 + PE
    Total System Jitter     (TSJ):    0.071ns
    Total Input Jitter      (TIJ):    0.000ns
    Discrete Jitter          (DJ):    0.000ns
    Phase Error              (PE):    0.000ns

    Location             Delay type                Incr(ns)  Path(ns)    Netlist Resource(s)
  -------------------------------------------------------------------    -------------------
                         (clock clk rise edge)        0.000     0.000 r  
                                                      0.000     0.000 r  clk (IN)
                         net (fo=34258, unset)        0.028     0.028    clk
    SLICE_X68Y90         FDCE                                         r  slot_width_reg[1][5]_replica/C
  -------------------------------------------------------------------    -------------------
    SLICE_X68Y90         FDCE (Prop_DFF_SLICEL_C_Q)
                                                      0.079     0.107 f  slot_width_reg[1][5]_replica/Q
                         net (fo=2, routed)           0.101     0.208    slot_width_reg_n_0_[1][5]_repN
    SLICE_X68Y92         LUT3 (Prop_B6LUT_SLICEL_I0_O)
                                                      0.090     0.298 f  gen_input_slots[1].gen_input_banks[3].u_input_cache_bank_i_77/O
                         net (fo=15, routed)          0.116     0.414    gen_input_slots[1].gen_input_banks[3].u_input_cache_bank_i_77_n_0
    SLICE_X67Y92         LUT6 (Prop_A6LUT_SLICEM_I0_O)
                                                      0.090     0.504 f  gen_input_slots[1].gen_input_banks[3].u_input_cache_bank_i_85/O
                         net (fo=3, routed)           0.058     0.563    gen_input_slots[1].gen_input_banks[3].u_input_cache_bank_i_85_n_0
    SLICE_X67Y91         LUT4 (Prop_G6LUT_SLICEM_I0_O)
                                                      0.037     0.600 f  gen_input_slots[1].gen_input_banks[3].u_input_cache_bank_i_62/O
                         net (fo=19, routed)          0.365     0.965    gen_input_slots[1].gen_input_banks[3].u_input_cache_bank_i_62_n_0
    SLICE_X60Y92         LUT6 (Prop_H6LUT_SLICEL_I1_O)
                                                      0.150     1.115 r  gen_input_slots[1].gen_input_banks[1].u_input_cache_bank_i_40_replica_4/O
                         net (fo=23, routed)          0.177     1.292    gen_input_slots[1].gen_input_banks[1].u_input_cache_bank_i_40_n_0_repN_4
    SLICE_X60Y90         LUT6 (Prop_H6LUT_SLICEL_I2_O)
                                                      0.150     1.442 r  gen_input_slots[1].gen_input_banks[0].u_input_cache_bank_i_1/O
                         net (fo=16, routed)          0.469     1.911    gen_input_slots[1].gen_input_banks[0].u_input_cache_bank/data_wr_addr[9]
    SLICE_X50Y94         LUT5 (Prop_B6LUT_SLICEM_I4_O)
                                                      0.052     1.963 r  gen_input_slots[1].gen_input_banks[0].u_input_cache_bank/data_mem_reg_512_575_0_6_i_1/O
                         net (fo=20, routed)          0.425     2.388    gen_input_slots[1].gen_input_banks[0].u_input_cache_bank/data_mem_reg_512_575_7_13/WE
    SLICE_X50Y102        RAMD64E                                      r  gen_input_slots[1].gen_input_banks[0].u_input_cache_bank/data_mem_reg_512_575_7_13/RAMF/WE
  -------------------------------------------------------------------    -------------------

                         (clock clk rise edge)        2.000     2.000 r  
                                                      0.000     2.000 r  clk (IN)
                         net (fo=34258, unset)        0.043     2.043    gen_input_slots[1].gen_input_banks[0].u_input_cache_bank/data_mem_reg_512_575_7_13/WCLK
    SLICE_X50Y102        RAMD64E                                      r  gen_input_slots[1].gen_input_banks[0].u_input_cache_bank/data_mem_reg_512_575_7_13/RAMF/CLK
                         clock pessimism              0.000     2.043    
                         clock uncertainty           -0.035     2.008    
    SLICE_X50Y102        RAMD64E (Setup_F6LUT_SLICEM_CLK_WE)
                                                     -0.180     1.828    gen_input_slots[1].gen_input_banks[0].u_input_cache_bank/data_mem_reg_512_575_7_13/RAMF
  -------------------------------------------------------------------
                         required time                          1.828    
                         arrival time                          -2.388    
  -------------------------------------------------------------------
                         slack                                 -0.560    

Slack (VIOLATED) :        -0.560ns  (required time - arrival time)
  Source:                 slot_width_reg[1][5]_replica/C
                            (rising edge-triggered cell FDCE clocked by clk  {rise@0.000ns fall@1.000ns period=2.000ns})
  Destination:            gen_input_slots[1].gen_input_banks[0].u_input_cache_bank/data_mem_reg_512_575_7_13/RAMG/WE
                            (rising edge-triggered cell RAMD64E clocked by clk  {rise@0.000ns fall@1.000ns period=2.000ns})
  Path Group:             clk
  Path Type:              Setup (Max at Slow Process Corner)
  Requirement:            2.000ns  (clk rise@2.000ns - clk rise@0.000ns)
  Data Path Delay:        2.360ns  (logic 0.648ns (27.460%)  route 1.712ns (72.540%))
  Logic Levels:           6  (LUT3=1 LUT4=1 LUT5=1 LUT6=3)
  Clock Path Skew:        0.015ns (DCD - SCD + CPR)
    Destination Clock Delay (DCD):    0.043ns = ( 2.043 - 2.000 ) 
    Source Clock Delay      (SCD):    0.028ns
    Clock Pessimism Removal (CPR):    0.000ns
  Clock Uncertainty:      0.035ns  ((TSJ^2 + TIJ^2)^1/2 + DJ) / 2 + PE
    Total System Jitter     (TSJ):    0.071ns
    Total Input Jitter      (TIJ):    0.000ns
    Discrete Jitter          (DJ):    0.000ns
    Phase Error              (PE):    0.000ns

    Location             Delay type                Incr(ns)  Path(ns)    Netlist Resource(s)
  -------------------------------------------------------------------    -------------------
                         (clock clk rise edge)        0.000     0.000 r  
                                                      0.000     0.000 r  clk (IN)
                         net (fo=34258, unset)        0.028     0.028    clk
    SLICE_X68Y90         FDCE                                         r  slot_width_reg[1][5]_replica/C
  -------------------------------------------------------------------    -------------------
    SLICE_X68Y90         FDCE (Prop_DFF_SLICEL_C_Q)
                                                      0.079     0.107 f  slot_width_reg[1][5]_replica/Q
                         net (fo=2, routed)           0.101     0.208    slot_width_reg_n_0_[1][5]_repN
    SLICE_X68Y92         LUT3 (Prop_B6LUT_SLICEL_I0_O)
                                                      0.090     0.298 f  gen_input_slots[1].gen_input_banks[3].u_input_cache_bank_i_77/O
                         net (fo=15, routed)          0.116     0.414    gen_input_slots[1].gen_input_banks[3].u_input_cache_bank_i_77_n_0
    SLICE_X67Y92         LUT6 (Prop_A6LUT_SLICEM_I0_O)
                                                      0.090     0.504 f  gen_input_slots[1].gen_input_banks[3].u_input_cache_bank_i_85/O
                         net (fo=3, routed)           0.058     0.563    gen_input_slots[1].gen_input_banks[3].u_input_cache_bank_i_85_n_0
    SLICE_X67Y91         LUT4 (Prop_G6LUT_SLICEM_I0_O)
                                                      0.037     0.600 f  gen_input_slots[1].gen_input_banks[3].u_input_cache_bank_i_62/O
                         net (fo=19, routed)          0.365     0.965    gen_input_slots[1].gen_input_banks[3].u_input_cache_bank_i_62_n_0
    SLICE_X60Y92         LUT6 (Prop_H6LUT_SLICEL_I1_O)
                                                      0.150     1.115 r  gen_input_slots[1].gen_input_banks[1].u_input_cache_bank_i_40_replica_4/O
                         net (fo=23, routed)          0.177     1.292    gen_input_slots[1].gen_input_banks[1].u_input_cache_bank_i_40_n_0_repN_4
    SLICE_X60Y90         LUT6 (Prop_H6LUT_SLICEL_I2_O)
                                                      0.150     1.442 r  gen_input_slots[1].gen_input_banks[0].u_input_cache_bank_i_1/O
                         net (fo=16, routed)          0.469     1.911    gen_input_slots[1].gen_input_banks[0].u_input_cache_bank/data_wr_addr[9]
    SLICE_X50Y94         LUT5 (Prop_B6LUT_SLICEM_I4_O)
                                                      0.052     1.963 r  gen_input_slots[1].gen_input_banks[0].u_input_cache_bank/data_mem_reg_512_575_0_6_i_1/O
                         net (fo=20, routed)          0.425     2.388    gen_input_slots[1].gen_input_banks[0].u_input_cache_bank/data_mem_reg_512_575_7_13/WE
    SLICE_X50Y102        RAMD64E                                      r  gen_input_slots[1].gen_input_banks[0].u_input_cache_bank/data_mem_reg_512_575_7_13/RAMG/WE
  -------------------------------------------------------------------    -------------------

                         (clock clk rise edge)        2.000     2.000 r  
                                                      0.000     2.000 r  clk (IN)
                         net (fo=34258, unset)        0.043     2.043    gen_input_slots[1].gen_input_banks[0].u_input_cache_bank/data_mem_reg_512_575_7_13/WCLK
    SLICE_X50Y102        RAMD64E                                      r  gen_input_slots[1].gen_input_banks[0].u_input_cache_bank/data_mem_reg_512_575_7_13/RAMG/CLK
                         clock pessimism              0.000     2.043    
                         clock uncertainty           -0.035     2.008    
    SLICE_X50Y102        RAMD64E (Setup_G6LUT_SLICEM_CLK_WE)
                                                     -0.180     1.828    gen_input_slots[1].gen_input_banks[0].u_input_cache_bank/data_mem_reg_512_575_7_13/RAMG
  -------------------------------------------------------------------
                         required time                          1.828    
                         arrival time                          -2.388    
  -------------------------------------------------------------------
                         slack                                 -0.560    

Slack (VIOLATED) :        -0.560ns  (required time - arrival time)
  Source:                 slot_width_reg[1][5]_replica/C
                            (rising edge-triggered cell FDCE clocked by clk  {rise@0.000ns fall@1.000ns period=2.000ns})
  Destination:            gen_input_slots[1].gen_input_banks[0].u_input_cache_bank/data_mem_reg_512_575_7_13/RAMH/WE
                            (rising edge-triggered cell RAMD64E clocked by clk  {rise@0.000ns fall@1.000ns period=2.000ns})
  Path Group:             clk
  Path Type:              Setup (Max at Slow Process Corner)
  Requirement:            2.000ns  (clk rise@2.000ns - clk rise@0.000ns)
  Data Path Delay:        2.360ns  (logic 0.648ns (27.460%)  route 1.712ns (72.540%))
  Logic Levels:           6  (LUT3=1 LUT4=1 LUT5=1 LUT6=3)
  Clock Path Skew:        0.015ns (DCD - SCD + CPR)
    Destination Clock Delay (DCD):    0.043ns = ( 2.043 - 2.000 ) 
    Source Clock Delay      (SCD):    0.028ns
    Clock Pessimism Removal (CPR):    0.000ns
  Clock Uncertainty:      0.035ns  ((TSJ^2 + TIJ^2)^1/2 + DJ) / 2 + PE
    Total System Jitter     (TSJ):    0.071ns
    Total Input Jitter      (TIJ):    0.000ns
    Discrete Jitter          (DJ):    0.000ns
    Phase Error              (PE):    0.000ns

    Location             Delay type                Incr(ns)  Path(ns)    Netlist Resource(s)
  -------------------------------------------------------------------    -------------------
                         (clock clk rise edge)        0.000     0.000 r  
                                                      0.000     0.000 r  clk (IN)
                         net (fo=34258, unset)        0.028     0.028    clk
    SLICE_X68Y90         FDCE                                         r  slot_width_reg[1][5]_replica/C
  -------------------------------------------------------------------    -------------------
    SLICE_X68Y90         FDCE (Prop_DFF_SLICEL_C_Q)
                                                      0.079     0.107 f  slot_width_reg[1][5]_replica/Q
                         net (fo=2, routed)           0.101     0.208    slot_width_reg_n_0_[1][5]_repN
    SLICE_X68Y92         LUT3 (Prop_B6LUT_SLICEL_I0_O)
                                                      0.090     0.298 f  gen_input_slots[1].gen_input_banks[3].u_input_cache_bank_i_77/O
                         net (fo=15, routed)          0.116     0.414    gen_input_slots[1].gen_input_banks[3].u_input_cache_bank_i_77_n_0
    SLICE_X67Y92         LUT6 (Prop_A6LUT_SLICEM_I0_O)
                                                      0.090     0.504 f  gen_input_slots[1].gen_input_banks[3].u_input_cache_bank_i_85/O
                         net (fo=3, routed)           0.058     0.563    gen_input_slots[1].gen_input_banks[3].u_input_cache_bank_i_85_n_0
    SLICE_X67Y91         LUT4 (Prop_G6LUT_SLICEM_I0_O)
                                                      0.037     0.600 f  gen_input_slots[1].gen_input_banks[3].u_input_cache_bank_i_62/O
                         net (fo=19, routed)          0.365     0.965    gen_input_slots[1].gen_input_banks[3].u_input_cache_bank_i_62_n_0
    SLICE_X60Y92         LUT6 (Prop_H6LUT_SLICEL_I1_O)
                                                      0.150     1.115 r  gen_input_slots[1].gen_input_banks[1].u_input_cache_bank_i_40_replica_4/O
                         net (fo=23, routed)          0.177     1.292    gen_input_slots[1].gen_input_banks[1].u_input_cache_bank_i_40_n_0_repN_4
    SLICE_X60Y90         LUT6 (Prop_H6LUT_SLICEL_I2_O)
                                                      0.150     1.442 r  gen_input_slots[1].gen_input_banks[0].u_input_cache_bank_i_1/O
                         net (fo=16, routed)          0.469     1.911    gen_input_slots[1].gen_input_banks[0].u_input_cache_bank/data_wr_addr[9]
    SLICE_X50Y94         LUT5 (Prop_B6LUT_SLICEM_I4_O)
                                                      0.052     1.963 r  gen_input_slots[1].gen_input_banks[0].u_input_cache_bank/data_mem_reg_512_575_0_6_i_1/O
                         net (fo=20, routed)          0.425     2.388    gen_input_slots[1].gen_input_banks[0].u_input_cache_bank/data_mem_reg_512_575_7_13/WE
    SLICE_X50Y102        RAMD64E                                      r  gen_input_slots[1].gen_input_banks[0].u_input_cache_bank/data_mem_reg_512_575_7_13/RAMH/WE
  -------------------------------------------------------------------    -------------------

                         (clock clk rise edge)        2.000     2.000 r  
                                                      0.000     2.000 r  clk (IN)
                         net (fo=34258, unset)        0.043     2.043    gen_input_slots[1].gen_input_banks[0].u_input_cache_bank/data_mem_reg_512_575_7_13/WCLK
    SLICE_X50Y102        RAMD64E                                      r  gen_input_slots[1].gen_input_banks[0].u_input_cache_bank/data_mem_reg_512_575_7_13/RAMH/CLK
                         clock pessimism              0.000     2.043    
                         clock uncertainty           -0.035     2.008    
    SLICE_X50Y102        RAMD64E (Setup_H6LUT_SLICEM_CLK_WE)
                                                     -0.180     1.828    gen_input_slots[1].gen_input_banks[0].u_input_cache_bank/data_mem_reg_512_575_7_13/RAMH
  -------------------------------------------------------------------
                         required time                          1.828    
                         arrival time                          -2.388    
  -------------------------------------------------------------------
                         slack                                 -0.560    

Slack (VIOLATED) :        -0.551ns  (required time - arrival time)
  Source:                 slot_width_reg[1][5]_replica/C
                            (rising edge-triggered cell FDCE clocked by clk  {rise@0.000ns fall@1.000ns period=2.000ns})
  Destination:            gen_input_slots[1].gen_input_banks[0].u_input_cache_bank/data_mem_reg_512_575_0_6/RAMA/WE
                            (rising edge-triggered cell RAMD64E clocked by clk  {rise@0.000ns fall@1.000ns period=2.000ns})
  Path Group:             clk
  Path Type:              Setup (Max at Slow Process Corner)
  Requirement:            2.000ns  (clk rise@2.000ns - clk rise@0.000ns)
  Data Path Delay:        2.350ns  (logic 0.648ns (27.571%)  route 1.702ns (72.429%))
  Logic Levels:           6  (LUT3=1 LUT4=1 LUT5=1 LUT6=3)
  Clock Path Skew:        0.015ns (DCD - SCD + CPR)
    Destination Clock Delay (DCD):    0.043ns = ( 2.043 - 2.000 ) 
    Source Clock Delay      (SCD):    0.028ns
    Clock Pessimism Removal (CPR):    0.000ns
  Clock Uncertainty:      0.035ns  ((TSJ^2 + TIJ^2)^1/2 + DJ) / 2 + PE
    Total System Jitter     (TSJ):    0.071ns
    Total Input Jitter      (TIJ):    0.000ns
    Discrete Jitter          (DJ):    0.000ns
    Phase Error              (PE):    0.000ns

    Location             Delay type                Incr(ns)  Path(ns)    Netlist Resource(s)
  -------------------------------------------------------------------    -------------------
                         (clock clk rise edge)        0.000     0.000 r  
                                                      0.000     0.000 r  clk (IN)
                         net (fo=34258, unset)        0.028     0.028    clk
    SLICE_X68Y90         FDCE                                         r  slot_width_reg[1][5]_replica/C
  -------------------------------------------------------------------    -------------------
    SLICE_X68Y90         FDCE (Prop_DFF_SLICEL_C_Q)
                                                      0.079     0.107 f  slot_width_reg[1][5]_replica/Q
                         net (fo=2, routed)           0.101     0.208    slot_width_reg_n_0_[1][5]_repN
    SLICE_X68Y92         LUT3 (Prop_B6LUT_SLICEL_I0_O)
                                                      0.090     0.298 f  gen_input_slots[1].gen_input_banks[3].u_input_cache_bank_i_77/O
                         net (fo=15, routed)          0.116     0.414    gen_input_slots[1].gen_input_banks[3].u_input_cache_bank_i_77_n_0
    SLICE_X67Y92         LUT6 (Prop_A6LUT_SLICEM_I0_O)
                                                      0.090     0.504 f  gen_input_slots[1].gen_input_banks[3].u_input_cache_bank_i_85/O
                         net (fo=3, routed)           0.058     0.563    gen_input_slots[1].gen_input_banks[3].u_input_cache_bank_i_85_n_0
    SLICE_X67Y91         LUT4 (Prop_G6LUT_SLICEM_I0_O)
                                                      0.037     0.600 f  gen_input_slots[1].gen_input_banks[3].u_input_cache_bank_i_62/O
                         net (fo=19, routed)          0.365     0.965    gen_input_slots[1].gen_input_banks[3].u_input_cache_bank_i_62_n_0
    SLICE_X60Y92         LUT6 (Prop_H6LUT_SLICEL_I1_O)
                                                      0.150     1.115 r  gen_input_slots[1].gen_input_banks[1].u_input_cache_bank_i_40_replica_4/O
                         net (fo=23, routed)          0.177     1.292    gen_input_slots[1].gen_input_banks[1].u_input_cache_bank_i_40_n_0_repN_4
    SLICE_X60Y90         LUT6 (Prop_H6LUT_SLICEL_I2_O)
                                                      0.150     1.442 r  gen_input_slots[1].gen_input_banks[0].u_input_cache_bank_i_1/O
                         net (fo=16, routed)          0.469     1.911    gen_input_slots[1].gen_input_banks[0].u_input_cache_bank/data_wr_addr[9]
    SLICE_X50Y94         LUT5 (Prop_B6LUT_SLICEM_I4_O)
                                                      0.052     1.963 r  gen_input_slots[1].gen_input_banks[0].u_input_cache_bank/data_mem_reg_512_575_0_6_i_1/O
                         net (fo=20, routed)          0.415     2.378    gen_input_slots[1].gen_input_banks[0].u_input_cache_bank/data_mem_reg_512_575_0_6/WE
    SLICE_X50Y87         RAMD64E                                      r  gen_input_slots[1].gen_input_banks[0].u_input_cache_bank/data_mem_reg_512_575_0_6/RAMA/WE
  -------------------------------------------------------------------    -------------------

                         (clock clk rise edge)        2.000     2.000 r  
                                                      0.000     2.000 r  clk (IN)
                         net (fo=34258, unset)        0.043     2.043    gen_input_slots[1].gen_input_banks[0].u_input_cache_bank/data_mem_reg_512_575_0_6/WCLK
    SLICE_X50Y87         RAMD64E                                      r  gen_input_slots[1].gen_input_banks[0].u_input_cache_bank/data_mem_reg_512_575_0_6/RAMA/CLK
                         clock pessimism              0.000     2.043    
                         clock uncertainty           -0.035     2.008    
    SLICE_X50Y87         RAMD64E (Setup_A6LUT_SLICEM_CLK_WE)
                                                     -0.180     1.828    gen_input_slots[1].gen_input_banks[0].u_input_cache_bank/data_mem_reg_512_575_0_6/RAMA
  -------------------------------------------------------------------
                         required time                          1.828    
                         arrival time                          -2.378    
  -------------------------------------------------------------------
                         slack                                 -0.551    

Slack (VIOLATED) :        -0.551ns  (required time - arrival time)
  Source:                 slot_width_reg[1][5]_replica/C
                            (rising edge-triggered cell FDCE clocked by clk  {rise@0.000ns fall@1.000ns period=2.000ns})
  Destination:            gen_input_slots[1].gen_input_banks[0].u_input_cache_bank/data_mem_reg_512_575_0_6/RAMB/WE
                            (rising edge-triggered cell RAMD64E clocked by clk  {rise@0.000ns fall@1.000ns period=2.000ns})
  Path Group:             clk
  Path Type:              Setup (Max at Slow Process Corner)
  Requirement:            2.000ns  (clk rise@2.000ns - clk rise@0.000ns)
  Data Path Delay:        2.350ns  (logic 0.648ns (27.571%)  route 1.702ns (72.429%))
  Logic Levels:           6  (LUT3=1 LUT4=1 LUT5=1 LUT6=3)
  Clock Path Skew:        0.015ns (DCD - SCD + CPR)
    Destination Clock Delay (DCD):    0.043ns = ( 2.043 - 2.000 ) 
    Source Clock Delay      (SCD):    0.028ns
    Clock Pessimism Removal (CPR):    0.000ns
  Clock Uncertainty:      0.035ns  ((TSJ^2 + TIJ^2)^1/2 + DJ) / 2 + PE
    Total System Jitter     (TSJ):    0.071ns
    Total Input Jitter      (TIJ):    0.000ns
    Discrete Jitter          (DJ):    0.000ns
    Phase Error              (PE):    0.000ns

    Location             Delay type                Incr(ns)  Path(ns)    Netlist Resource(s)
  -------------------------------------------------------------------    -------------------
                         (clock clk rise edge)        0.000     0.000 r  
                                                      0.000     0.000 r  clk (IN)
                         net (fo=34258, unset)        0.028     0.028    clk
    SLICE_X68Y90         FDCE                                         r  slot_width_reg[1][5]_replica/C
  -------------------------------------------------------------------    -------------------
    SLICE_X68Y90         FDCE (Prop_DFF_SLICEL_C_Q)
                                                      0.079     0.107 f  slot_width_reg[1][5]_replica/Q
                         net (fo=2, routed)           0.101     0.208    slot_width_reg_n_0_[1][5]_repN
    SLICE_X68Y92         LUT3 (Prop_B6LUT_SLICEL_I0_O)
                                                      0.090     0.298 f  gen_input_slots[1].gen_input_banks[3].u_input_cache_bank_i_77/O
                         net (fo=15, routed)          0.116     0.414    gen_input_slots[1].gen_input_banks[3].u_input_cache_bank_i_77_n_0
    SLICE_X67Y92         LUT6 (Prop_A6LUT_SLICEM_I0_O)
                                                      0.090     0.504 f  gen_input_slots[1].gen_input_banks[3].u_input_cache_bank_i_85/O
                         net (fo=3, routed)           0.058     0.563    gen_input_slots[1].gen_input_banks[3].u_input_cache_bank_i_85_n_0
    SLICE_X67Y91         LUT4 (Prop_G6LUT_SLICEM_I0_O)
                                                      0.037     0.600 f  gen_input_slots[1].gen_input_banks[3].u_input_cache_bank_i_62/O
                         net (fo=19, routed)          0.365     0.965    gen_input_slots[1].gen_input_banks[3].u_input_cache_bank_i_62_n_0
    SLICE_X60Y92         LUT6 (Prop_H6LUT_SLICEL_I1_O)
                                                      0.150     1.115 r  gen_input_slots[1].gen_input_banks[1].u_input_cache_bank_i_40_replica_4/O
                         net (fo=23, routed)          0.177     1.292    gen_input_slots[1].gen_input_banks[1].u_input_cache_bank_i_40_n_0_repN_4
    SLICE_X60Y90         LUT6 (Prop_H6LUT_SLICEL_I2_O)
                                                      0.150     1.442 r  gen_input_slots[1].gen_input_banks[0].u_input_cache_bank_i_1/O
                         net (fo=16, routed)          0.469     1.911    gen_input_slots[1].gen_input_banks[0].u_input_cache_bank/data_wr_addr[9]
    SLICE_X50Y94         LUT5 (Prop_B6LUT_SLICEM_I4_O)
                                                      0.052     1.963 r  gen_input_slots[1].gen_input_banks[0].u_input_cache_bank/data_mem_reg_512_575_0_6_i_1/O
                         net (fo=20, routed)          0.415     2.378    gen_input_slots[1].gen_input_banks[0].u_input_cache_bank/data_mem_reg_512_575_0_6/WE
    SLICE_X50Y87         RAMD64E                                      r  gen_input_slots[1].gen_input_banks[0].u_input_cache_bank/data_mem_reg_512_575_0_6/RAMB/WE
  -------------------------------------------------------------------    -------------------

                         (clock clk rise edge)        2.000     2.000 r  
                                                      0.000     2.000 r  clk (IN)
                         net (fo=34258, unset)        0.043     2.043    gen_input_slots[1].gen_input_banks[0].u_input_cache_bank/data_mem_reg_512_575_0_6/WCLK
    SLICE_X50Y87         RAMD64E                                      r  gen_input_slots[1].gen_input_banks[0].u_input_cache_bank/data_mem_reg_512_575_0_6/RAMB/CLK
                         clock pessimism              0.000     2.043    
                         clock uncertainty           -0.035     2.008    
    SLICE_X50Y87         RAMD64E (Setup_B6LUT_SLICEM_CLK_WE)
                                                     -0.180     1.828    gen_input_slots[1].gen_input_banks[0].u_input_cache_bank/data_mem_reg_512_575_0_6/RAMB
  -------------------------------------------------------------------
                         required time                          1.828    
                         arrival time                          -2.378    
  -------------------------------------------------------------------
                         slack                                 -0.551    

Slack (VIOLATED) :        -0.551ns  (required time - arrival time)
  Source:                 slot_width_reg[1][5]_replica/C
                            (rising edge-triggered cell FDCE clocked by clk  {rise@0.000ns fall@1.000ns period=2.000ns})
  Destination:            gen_input_slots[1].gen_input_banks[0].u_input_cache_bank/data_mem_reg_512_575_0_6/RAMC/WE
                            (rising edge-triggered cell RAMD64E clocked by clk  {rise@0.000ns fall@1.000ns period=2.000ns})
  Path Group:             clk
  Path Type:              Setup (Max at Slow Process Corner)
  Requirement:            2.000ns  (clk rise@2.000ns - clk rise@0.000ns)
  Data Path Delay:        2.350ns  (logic 0.648ns (27.571%)  route 1.702ns (72.429%))
  Logic Levels:           6  (LUT3=1 LUT4=1 LUT5=1 LUT6=3)
  Clock Path Skew:        0.015ns (DCD - SCD + CPR)
    Destination Clock Delay (DCD):    0.043ns = ( 2.043 - 2.000 ) 
    Source Clock Delay      (SCD):    0.028ns
    Clock Pessimism Removal (CPR):    0.000ns
  Clock Uncertainty:      0.035ns  ((TSJ^2 + TIJ^2)^1/2 + DJ) / 2 + PE
    Total System Jitter     (TSJ):    0.071ns
    Total Input Jitter      (TIJ):    0.000ns
    Discrete Jitter          (DJ):    0.000ns
    Phase Error              (PE):    0.000ns

    Location             Delay type                Incr(ns)  Path(ns)    Netlist Resource(s)
  -------------------------------------------------------------------    -------------------
                         (clock clk rise edge)        0.000     0.000 r  
                                                      0.000     0.000 r  clk (IN)
                         net (fo=34258, unset)        0.028     0.028    clk
    SLICE_X68Y90         FDCE                                         r  slot_width_reg[1][5]_replica/C
  -------------------------------------------------------------------    -------------------
    SLICE_X68Y90         FDCE (Prop_DFF_SLICEL_C_Q)
                                                      0.079     0.107 f  slot_width_reg[1][5]_replica/Q
                         net (fo=2, routed)           0.101     0.208    slot_width_reg_n_0_[1][5]_repN
    SLICE_X68Y92         LUT3 (Prop_B6LUT_SLICEL_I0_O)
                                                      0.090     0.298 f  gen_input_slots[1].gen_input_banks[3].u_input_cache_bank_i_77/O
                         net (fo=15, routed)          0.116     0.414    gen_input_slots[1].gen_input_banks[3].u_input_cache_bank_i_77_n_0
    SLICE_X67Y92         LUT6 (Prop_A6LUT_SLICEM_I0_O)
                                                      0.090     0.504 f  gen_input_slots[1].gen_input_banks[3].u_input_cache_bank_i_85/O
                         net (fo=3, routed)           0.058     0.563    gen_input_slots[1].gen_input_banks[3].u_input_cache_bank_i_85_n_0
    SLICE_X67Y91         LUT4 (Prop_G6LUT_SLICEM_I0_O)
                                                      0.037     0.600 f  gen_input_slots[1].gen_input_banks[3].u_input_cache_bank_i_62/O
                         net (fo=19, routed)          0.365     0.965    gen_input_slots[1].gen_input_banks[3].u_input_cache_bank_i_62_n_0
    SLICE_X60Y92         LUT6 (Prop_H6LUT_SLICEL_I1_O)
                                                      0.150     1.115 r  gen_input_slots[1].gen_input_banks[1].u_input_cache_bank_i_40_replica_4/O
                         net (fo=23, routed)          0.177     1.292    gen_input_slots[1].gen_input_banks[1].u_input_cache_bank_i_40_n_0_repN_4
    SLICE_X60Y90         LUT6 (Prop_H6LUT_SLICEL_I2_O)
                                                      0.150     1.442 r  gen_input_slots[1].gen_input_banks[0].u_input_cache_bank_i_1/O
                         net (fo=16, routed)          0.469     1.911    gen_input_slots[1].gen_input_banks[0].u_input_cache_bank/data_wr_addr[9]
    SLICE_X50Y94         LUT5 (Prop_B6LUT_SLICEM_I4_O)
                                                      0.052     1.963 r  gen_input_slots[1].gen_input_banks[0].u_input_cache_bank/data_mem_reg_512_575_0_6_i_1/O
                         net (fo=20, routed)          0.415     2.378    gen_input_slots[1].gen_input_banks[0].u_input_cache_bank/data_mem_reg_512_575_0_6/WE
    SLICE_X50Y87         RAMD64E                                      r  gen_input_slots[1].gen_input_banks[0].u_input_cache_bank/data_mem_reg_512_575_0_6/RAMC/WE
  -------------------------------------------------------------------    -------------------

                         (clock clk rise edge)        2.000     2.000 r  
                                                      0.000     2.000 r  clk (IN)
                         net (fo=34258, unset)        0.043     2.043    gen_input_slots[1].gen_input_banks[0].u_input_cache_bank/data_mem_reg_512_575_0_6/WCLK
    SLICE_X50Y87         RAMD64E                                      r  gen_input_slots[1].gen_input_banks[0].u_input_cache_bank/data_mem_reg_512_575_0_6/RAMC/CLK
                         clock pessimism              0.000     2.043    
                         clock uncertainty           -0.035     2.008    
    SLICE_X50Y87         RAMD64E (Setup_C6LUT_SLICEM_CLK_WE)
                                                     -0.180     1.828    gen_input_slots[1].gen_input_banks[0].u_input_cache_bank/data_mem_reg_512_575_0_6/RAMC
  -------------------------------------------------------------------
                         required time                          1.828    
                         arrival time                          -2.378    
  -------------------------------------------------------------------
                         slack                                 -0.551    

Slack (VIOLATED) :        -0.551ns  (required time - arrival time)
  Source:                 slot_width_reg[1][5]_replica/C
                            (rising edge-triggered cell FDCE clocked by clk  {rise@0.000ns fall@1.000ns period=2.000ns})
  Destination:            gen_input_slots[1].gen_input_banks[0].u_input_cache_bank/data_mem_reg_512_575_0_6/RAMD/WE
                            (rising edge-triggered cell RAMD64E clocked by clk  {rise@0.000ns fall@1.000ns period=2.000ns})
  Path Group:             clk
  Path Type:              Setup (Max at Slow Process Corner)
  Requirement:            2.000ns  (clk rise@2.000ns - clk rise@0.000ns)
  Data Path Delay:        2.350ns  (logic 0.648ns (27.571%)  route 1.702ns (72.429%))
  Logic Levels:           6  (LUT3=1 LUT4=1 LUT5=1 LUT6=3)
  Clock Path Skew:        0.015ns (DCD - SCD + CPR)
    Destination Clock Delay (DCD):    0.043ns = ( 2.043 - 2.000 ) 
    Source Clock Delay      (SCD):    0.028ns
    Clock Pessimism Removal (CPR):    0.000ns
  Clock Uncertainty:      0.035ns  ((TSJ^2 + TIJ^2)^1/2 + DJ) / 2 + PE
    Total System Jitter     (TSJ):    0.071ns
    Total Input Jitter      (TIJ):    0.000ns
    Discrete Jitter          (DJ):    0.000ns
    Phase Error              (PE):    0.000ns

    Location             Delay type                Incr(ns)  Path(ns)    Netlist Resource(s)
  -------------------------------------------------------------------    -------------------
                         (clock clk rise edge)        0.000     0.000 r  
                                                      0.000     0.000 r  clk (IN)
                         net (fo=34258, unset)        0.028     0.028    clk
    SLICE_X68Y90         FDCE                                         r  slot_width_reg[1][5]_replica/C
  -------------------------------------------------------------------    -------------------
    SLICE_X68Y90         FDCE (Prop_DFF_SLICEL_C_Q)
                                                      0.079     0.107 f  slot_width_reg[1][5]_replica/Q
                         net (fo=2, routed)           0.101     0.208    slot_width_reg_n_0_[1][5]_repN
    SLICE_X68Y92         LUT3 (Prop_B6LUT_SLICEL_I0_O)
                                                      0.090     0.298 f  gen_input_slots[1].gen_input_banks[3].u_input_cache_bank_i_77/O
                         net (fo=15, routed)          0.116     0.414    gen_input_slots[1].gen_input_banks[3].u_input_cache_bank_i_77_n_0
    SLICE_X67Y92         LUT6 (Prop_A6LUT_SLICEM_I0_O)
                                                      0.090     0.504 f  gen_input_slots[1].gen_input_banks[3].u_input_cache_bank_i_85/O
                         net (fo=3, routed)           0.058     0.563    gen_input_slots[1].gen_input_banks[3].u_input_cache_bank_i_85_n_0
    SLICE_X67Y91         LUT4 (Prop_G6LUT_SLICEM_I0_O)
                                                      0.037     0.600 f  gen_input_slots[1].gen_input_banks[3].u_input_cache_bank_i_62/O
                         net (fo=19, routed)          0.365     0.965    gen_input_slots[1].gen_input_banks[3].u_input_cache_bank_i_62_n_0
    SLICE_X60Y92         LUT6 (Prop_H6LUT_SLICEL_I1_O)
                                                      0.150     1.115 r  gen_input_slots[1].gen_input_banks[1].u_input_cache_bank_i_40_replica_4/O
                         net (fo=23, routed)          0.177     1.292    gen_input_slots[1].gen_input_banks[1].u_input_cache_bank_i_40_n_0_repN_4
    SLICE_X60Y90         LUT6 (Prop_H6LUT_SLICEL_I2_O)
                                                      0.150     1.442 r  gen_input_slots[1].gen_input_banks[0].u_input_cache_bank_i_1/O
                         net (fo=16, routed)          0.469     1.911    gen_input_slots[1].gen_input_banks[0].u_input_cache_bank/data_wr_addr[9]
    SLICE_X50Y94         LUT5 (Prop_B6LUT_SLICEM_I4_O)
                                                      0.052     1.963 r  gen_input_slots[1].gen_input_banks[0].u_input_cache_bank/data_mem_reg_512_575_0_6_i_1/O
                         net (fo=20, routed)          0.415     2.378    gen_input_slots[1].gen_input_banks[0].u_input_cache_bank/data_mem_reg_512_575_0_6/WE
    SLICE_X50Y87         RAMD64E                                      r  gen_input_slots[1].gen_input_banks[0].u_input_cache_bank/data_mem_reg_512_575_0_6/RAMD/WE
  -------------------------------------------------------------------    -------------------

                         (clock clk rise edge)        2.000     2.000 r  
                                                      0.000     2.000 r  clk (IN)
                         net (fo=34258, unset)        0.043     2.043    gen_input_slots[1].gen_input_banks[0].u_input_cache_bank/data_mem_reg_512_575_0_6/WCLK
    SLICE_X50Y87         RAMD64E                                      r  gen_input_slots[1].gen_input_banks[0].u_input_cache_bank/data_mem_reg_512_575_0_6/RAMD/CLK
                         clock pessimism              0.000     2.043    
                         clock uncertainty           -0.035     2.008    
    SLICE_X50Y87         RAMD64E (Setup_D6LUT_SLICEM_CLK_WE)
                                                     -0.180     1.828    gen_input_slots[1].gen_input_banks[0].u_input_cache_bank/data_mem_reg_512_575_0_6/RAMD
  -------------------------------------------------------------------
                         required time                          1.828    
                         arrival time                          -2.378    
  -------------------------------------------------------------------
                         slack                                 -0.551    

Slack (VIOLATED) :        -0.551ns  (required time - arrival time)
  Source:                 slot_width_reg[1][5]_replica/C
                            (rising edge-triggered cell FDCE clocked by clk  {rise@0.000ns fall@1.000ns period=2.000ns})
  Destination:            gen_input_slots[1].gen_input_banks[0].u_input_cache_bank/data_mem_reg_512_575_0_6/RAME/WE
                            (rising edge-triggered cell RAMD64E clocked by clk  {rise@0.000ns fall@1.000ns period=2.000ns})
  Path Group:             clk
  Path Type:              Setup (Max at Slow Process Corner)
  Requirement:            2.000ns  (clk rise@2.000ns - clk rise@0.000ns)
  Data Path Delay:        2.350ns  (logic 0.648ns (27.571%)  route 1.702ns (72.429%))
  Logic Levels:           6  (LUT3=1 LUT4=1 LUT5=1 LUT6=3)
  Clock Path Skew:        0.015ns (DCD - SCD + CPR)
    Destination Clock Delay (DCD):    0.043ns = ( 2.043 - 2.000 ) 
    Source Clock Delay      (SCD):    0.028ns
    Clock Pessimism Removal (CPR):    0.000ns
  Clock Uncertainty:      0.035ns  ((TSJ^2 + TIJ^2)^1/2 + DJ) / 2 + PE
    Total System Jitter     (TSJ):    0.071ns
    Total Input Jitter      (TIJ):    0.000ns
    Discrete Jitter          (DJ):    0.000ns
    Phase Error              (PE):    0.000ns

    Location             Delay type                Incr(ns)  Path(ns)    Netlist Resource(s)
  -------------------------------------------------------------------    -------------------
                         (clock clk rise edge)        0.000     0.000 r  
                                                      0.000     0.000 r  clk (IN)
                         net (fo=34258, unset)        0.028     0.028    clk
    SLICE_X68Y90         FDCE                                         r  slot_width_reg[1][5]_replica/C
  -------------------------------------------------------------------    -------------------
    SLICE_X68Y90         FDCE (Prop_DFF_SLICEL_C_Q)
                                                      0.079     0.107 f  slot_width_reg[1][5]_replica/Q
                         net (fo=2, routed)           0.101     0.208    slot_width_reg_n_0_[1][5]_repN
    SLICE_X68Y92         LUT3 (Prop_B6LUT_SLICEL_I0_O)
                                                      0.090     0.298 f  gen_input_slots[1].gen_input_banks[3].u_input_cache_bank_i_77/O
                         net (fo=15, routed)          0.116     0.414    gen_input_slots[1].gen_input_banks[3].u_input_cache_bank_i_77_n_0
    SLICE_X67Y92         LUT6 (Prop_A6LUT_SLICEM_I0_O)
                                                      0.090     0.504 f  gen_input_slots[1].gen_input_banks[3].u_input_cache_bank_i_85/O
                         net (fo=3, routed)           0.058     0.563    gen_input_slots[1].gen_input_banks[3].u_input_cache_bank_i_85_n_0
    SLICE_X67Y91         LUT4 (Prop_G6LUT_SLICEM_I0_O)
                                                      0.037     0.600 f  gen_input_slots[1].gen_input_banks[3].u_input_cache_bank_i_62/O
                         net (fo=19, routed)          0.365     0.965    gen_input_slots[1].gen_input_banks[3].u_input_cache_bank_i_62_n_0
    SLICE_X60Y92         LUT6 (Prop_H6LUT_SLICEL_I1_O)
                                                      0.150     1.115 r  gen_input_slots[1].gen_input_banks[1].u_input_cache_bank_i_40_replica_4/O
                         net (fo=23, routed)          0.177     1.292    gen_input_slots[1].gen_input_banks[1].u_input_cache_bank_i_40_n_0_repN_4
    SLICE_X60Y90         LUT6 (Prop_H6LUT_SLICEL_I2_O)
                                                      0.150     1.442 r  gen_input_slots[1].gen_input_banks[0].u_input_cache_bank_i_1/O
                         net (fo=16, routed)          0.469     1.911    gen_input_slots[1].gen_input_banks[0].u_input_cache_bank/data_wr_addr[9]
    SLICE_X50Y94         LUT5 (Prop_B6LUT_SLICEM_I4_O)
                                                      0.052     1.963 r  gen_input_slots[1].gen_input_banks[0].u_input_cache_bank/data_mem_reg_512_575_0_6_i_1/O
                         net (fo=20, routed)          0.415     2.378    gen_input_slots[1].gen_input_banks[0].u_input_cache_bank/data_mem_reg_512_575_0_6/WE
    SLICE_X50Y87         RAMD64E                                      r  gen_input_slots[1].gen_input_banks[0].u_input_cache_bank/data_mem_reg_512_575_0_6/RAME/WE
  -------------------------------------------------------------------    -------------------

                         (clock clk rise edge)        2.000     2.000 r  
                                                      0.000     2.000 r  clk (IN)
                         net (fo=34258, unset)        0.043     2.043    gen_input_slots[1].gen_input_banks[0].u_input_cache_bank/data_mem_reg_512_575_0_6/WCLK
    SLICE_X50Y87         RAMD64E                                      r  gen_input_slots[1].gen_input_banks[0].u_input_cache_bank/data_mem_reg_512_575_0_6/RAME/CLK
                         clock pessimism              0.000     2.043    
                         clock uncertainty           -0.035     2.008    
    SLICE_X50Y87         RAMD64E (Setup_E6LUT_SLICEM_CLK_WE)
                                                     -0.180     1.828    gen_input_slots[1].gen_input_banks[0].u_input_cache_bank/data_mem_reg_512_575_0_6/RAME
  -------------------------------------------------------------------
                         required time                          1.828    
                         arrival time                          -2.378    
  -------------------------------------------------------------------
                         slack                                 -0.551    

Slack (VIOLATED) :        -0.551ns  (required time - arrival time)
  Source:                 slot_width_reg[1][5]_replica/C
                            (rising edge-triggered cell FDCE clocked by clk  {rise@0.000ns fall@1.000ns period=2.000ns})
  Destination:            gen_input_slots[1].gen_input_banks[0].u_input_cache_bank/data_mem_reg_512_575_0_6/RAMF/WE
                            (rising edge-triggered cell RAMD64E clocked by clk  {rise@0.000ns fall@1.000ns period=2.000ns})
  Path Group:             clk
  Path Type:              Setup (Max at Slow Process Corner)
  Requirement:            2.000ns  (clk rise@2.000ns - clk rise@0.000ns)
  Data Path Delay:        2.350ns  (logic 0.648ns (27.571%)  route 1.702ns (72.429%))
  Logic Levels:           6  (LUT3=1 LUT4=1 LUT5=1 LUT6=3)
  Clock Path Skew:        0.015ns (DCD - SCD + CPR)
    Destination Clock Delay (DCD):    0.043ns = ( 2.043 - 2.000 ) 
    Source Clock Delay      (SCD):    0.028ns
    Clock Pessimism Removal (CPR):    0.000ns
  Clock Uncertainty:      0.035ns  ((TSJ^2 + TIJ^2)^1/2 + DJ) / 2 + PE
    Total System Jitter     (TSJ):    0.071ns
    Total Input Jitter      (TIJ):    0.000ns
    Discrete Jitter          (DJ):    0.000ns
    Phase Error              (PE):    0.000ns

    Location             Delay type                Incr(ns)  Path(ns)    Netlist Resource(s)
  -------------------------------------------------------------------    -------------------
                         (clock clk rise edge)        0.000     0.000 r  
                                                      0.000     0.000 r  clk (IN)
                         net (fo=34258, unset)        0.028     0.028    clk
    SLICE_X68Y90         FDCE                                         r  slot_width_reg[1][5]_replica/C
  -------------------------------------------------------------------    -------------------
    SLICE_X68Y90         FDCE (Prop_DFF_SLICEL_C_Q)
                                                      0.079     0.107 f  slot_width_reg[1][5]_replica/Q
                         net (fo=2, routed)           0.101     0.208    slot_width_reg_n_0_[1][5]_repN
    SLICE_X68Y92         LUT3 (Prop_B6LUT_SLICEL_I0_O)
                                                      0.090     0.298 f  gen_input_slots[1].gen_input_banks[3].u_input_cache_bank_i_77/O
                         net (fo=15, routed)          0.116     0.414    gen_input_slots[1].gen_input_banks[3].u_input_cache_bank_i_77_n_0
    SLICE_X67Y92         LUT6 (Prop_A6LUT_SLICEM_I0_O)
                                                      0.090     0.504 f  gen_input_slots[1].gen_input_banks[3].u_input_cache_bank_i_85/O
                         net (fo=3, routed)           0.058     0.563    gen_input_slots[1].gen_input_banks[3].u_input_cache_bank_i_85_n_0
    SLICE_X67Y91         LUT4 (Prop_G6LUT_SLICEM_I0_O)
                                                      0.037     0.600 f  gen_input_slots[1].gen_input_banks[3].u_input_cache_bank_i_62/O
                         net (fo=19, routed)          0.365     0.965    gen_input_slots[1].gen_input_banks[3].u_input_cache_bank_i_62_n_0
    SLICE_X60Y92         LUT6 (Prop_H6LUT_SLICEL_I1_O)
                                                      0.150     1.115 r  gen_input_slots[1].gen_input_banks[1].u_input_cache_bank_i_40_replica_4/O
                         net (fo=23, routed)          0.177     1.292    gen_input_slots[1].gen_input_banks[1].u_input_cache_bank_i_40_n_0_repN_4
    SLICE_X60Y90         LUT6 (Prop_H6LUT_SLICEL_I2_O)
                                                      0.150     1.442 r  gen_input_slots[1].gen_input_banks[0].u_input_cache_bank_i_1/O
                         net (fo=16, routed)          0.469     1.911    gen_input_slots[1].gen_input_banks[0].u_input_cache_bank/data_wr_addr[9]
    SLICE_X50Y94         LUT5 (Prop_B6LUT_SLICEM_I4_O)
                                                      0.052     1.963 r  gen_input_slots[1].gen_input_banks[0].u_input_cache_bank/data_mem_reg_512_575_0_6_i_1/O
                         net (fo=20, routed)          0.415     2.378    gen_input_slots[1].gen_input_banks[0].u_input_cache_bank/data_mem_reg_512_575_0_6/WE
    SLICE_X50Y87         RAMD64E                                      r  gen_input_slots[1].gen_input_banks[0].u_input_cache_bank/data_mem_reg_512_575_0_6/RAMF/WE
  -------------------------------------------------------------------    -------------------

                         (clock clk rise edge)        2.000     2.000 r  
                                                      0.000     2.000 r  clk (IN)
                         net (fo=34258, unset)        0.043     2.043    gen_input_slots[1].gen_input_banks[0].u_input_cache_bank/data_mem_reg_512_575_0_6/WCLK
    SLICE_X50Y87         RAMD64E                                      r  gen_input_slots[1].gen_input_banks[0].u_input_cache_bank/data_mem_reg_512_575_0_6/RAMF/CLK
                         clock pessimism              0.000     2.043    
                         clock uncertainty           -0.035     2.008    
    SLICE_X50Y87         RAMD64E (Setup_F6LUT_SLICEM_CLK_WE)
                                                     -0.180     1.828    gen_input_slots[1].gen_input_banks[0].u_input_cache_bank/data_mem_reg_512_575_0_6/RAMF
  -------------------------------------------------------------------
                         required time                          1.828    
                         arrival time                          -2.378    
  -------------------------------------------------------------------
                         slack                                 -0.551    

Slack (VIOLATED) :        -0.551ns  (required time - arrival time)
  Source:                 slot_width_reg[1][5]_replica/C
                            (rising edge-triggered cell FDCE clocked by clk  {rise@0.000ns fall@1.000ns period=2.000ns})
  Destination:            gen_input_slots[1].gen_input_banks[0].u_input_cache_bank/data_mem_reg_512_575_0_6/RAMG/WE
                            (rising edge-triggered cell RAMD64E clocked by clk  {rise@0.000ns fall@1.000ns period=2.000ns})
  Path Group:             clk
  Path Type:              Setup (Max at Slow Process Corner)
  Requirement:            2.000ns  (clk rise@2.000ns - clk rise@0.000ns)
  Data Path Delay:        2.350ns  (logic 0.648ns (27.571%)  route 1.702ns (72.429%))
  Logic Levels:           6  (LUT3=1 LUT4=1 LUT5=1 LUT6=3)
  Clock Path Skew:        0.015ns (DCD - SCD + CPR)
    Destination Clock Delay (DCD):    0.043ns = ( 2.043 - 2.000 ) 
    Source Clock Delay      (SCD):    0.028ns
    Clock Pessimism Removal (CPR):    0.000ns
  Clock Uncertainty:      0.035ns  ((TSJ^2 + TIJ^2)^1/2 + DJ) / 2 + PE
    Total System Jitter     (TSJ):    0.071ns
    Total Input Jitter      (TIJ):    0.000ns
    Discrete Jitter          (DJ):    0.000ns
    Phase Error              (PE):    0.000ns

    Location             Delay type                Incr(ns)  Path(ns)    Netlist Resource(s)
  -------------------------------------------------------------------    -------------------
                         (clock clk rise edge)        0.000     0.000 r  
                                                      0.000     0.000 r  clk (IN)
                         net (fo=34258, unset)        0.028     0.028    clk
    SLICE_X68Y90         FDCE                                         r  slot_width_reg[1][5]_replica/C
  -------------------------------------------------------------------    -------------------
    SLICE_X68Y90         FDCE (Prop_DFF_SLICEL_C_Q)
                                                      0.079     0.107 f  slot_width_reg[1][5]_replica/Q
                         net (fo=2, routed)           0.101     0.208    slot_width_reg_n_0_[1][5]_repN
    SLICE_X68Y92         LUT3 (Prop_B6LUT_SLICEL_I0_O)
                                                      0.090     0.298 f  gen_input_slots[1].gen_input_banks[3].u_input_cache_bank_i_77/O
                         net (fo=15, routed)          0.116     0.414    gen_input_slots[1].gen_input_banks[3].u_input_cache_bank_i_77_n_0
    SLICE_X67Y92         LUT6 (Prop_A6LUT_SLICEM_I0_O)
                                                      0.090     0.504 f  gen_input_slots[1].gen_input_banks[3].u_input_cache_bank_i_85/O
                         net (fo=3, routed)           0.058     0.563    gen_input_slots[1].gen_input_banks[3].u_input_cache_bank_i_85_n_0
    SLICE_X67Y91         LUT4 (Prop_G6LUT_SLICEM_I0_O)
                                                      0.037     0.600 f  gen_input_slots[1].gen_input_banks[3].u_input_cache_bank_i_62/O
                         net (fo=19, routed)          0.365     0.965    gen_input_slots[1].gen_input_banks[3].u_input_cache_bank_i_62_n_0
    SLICE_X60Y92         LUT6 (Prop_H6LUT_SLICEL_I1_O)
                                                      0.150     1.115 r  gen_input_slots[1].gen_input_banks[1].u_input_cache_bank_i_40_replica_4/O
                         net (fo=23, routed)          0.177     1.292    gen_input_slots[1].gen_input_banks[1].u_input_cache_bank_i_40_n_0_repN_4
    SLICE_X60Y90         LUT6 (Prop_H6LUT_SLICEL_I2_O)
                                                      0.150     1.442 r  gen_input_slots[1].gen_input_banks[0].u_input_cache_bank_i_1/O
                         net (fo=16, routed)          0.469     1.911    gen_input_slots[1].gen_input_banks[0].u_input_cache_bank/data_wr_addr[9]
    SLICE_X50Y94         LUT5 (Prop_B6LUT_SLICEM_I4_O)
                                                      0.052     1.963 r  gen_input_slots[1].gen_input_banks[0].u_input_cache_bank/data_mem_reg_512_575_0_6_i_1/O
                         net (fo=20, routed)          0.415     2.378    gen_input_slots[1].gen_input_banks[0].u_input_cache_bank/data_mem_reg_512_575_0_6/WE
    SLICE_X50Y87         RAMD64E                                      r  gen_input_slots[1].gen_input_banks[0].u_input_cache_bank/data_mem_reg_512_575_0_6/RAMG/WE
  -------------------------------------------------------------------    -------------------

                         (clock clk rise edge)        2.000     2.000 r  
                                                      0.000     2.000 r  clk (IN)
                         net (fo=34258, unset)        0.043     2.043    gen_input_slots[1].gen_input_banks[0].u_input_cache_bank/data_mem_reg_512_575_0_6/WCLK
    SLICE_X50Y87         RAMD64E                                      r  gen_input_slots[1].gen_input_banks[0].u_input_cache_bank/data_mem_reg_512_575_0_6/RAMG/CLK
                         clock pessimism              0.000     2.043    
                         clock uncertainty           -0.035     2.008    
    SLICE_X50Y87         RAMD64E (Setup_G6LUT_SLICEM_CLK_WE)
                                                     -0.180     1.828    gen_input_slots[1].gen_input_banks[0].u_input_cache_bank/data_mem_reg_512_575_0_6/RAMG
  -------------------------------------------------------------------
                         required time                          1.828    
                         arrival time                          -2.378    
  -------------------------------------------------------------------
                         slack                                 -0.551    

Slack (VIOLATED) :        -0.551ns  (required time - arrival time)
  Source:                 slot_width_reg[1][5]_replica/C
                            (rising edge-triggered cell FDCE clocked by clk  {rise@0.000ns fall@1.000ns period=2.000ns})
  Destination:            gen_input_slots[1].gen_input_banks[0].u_input_cache_bank/data_mem_reg_512_575_0_6/RAMH/WE
                            (rising edge-triggered cell RAMD64E clocked by clk  {rise@0.000ns fall@1.000ns period=2.000ns})
  Path Group:             clk
  Path Type:              Setup (Max at Slow Process Corner)
  Requirement:            2.000ns  (clk rise@2.000ns - clk rise@0.000ns)
  Data Path Delay:        2.350ns  (logic 0.648ns (27.571%)  route 1.702ns (72.429%))
  Logic Levels:           6  (LUT3=1 LUT4=1 LUT5=1 LUT6=3)
  Clock Path Skew:        0.015ns (DCD - SCD + CPR)
    Destination Clock Delay (DCD):    0.043ns = ( 2.043 - 2.000 ) 
    Source Clock Delay      (SCD):    0.028ns
    Clock Pessimism Removal (CPR):    0.000ns
  Clock Uncertainty:      0.035ns  ((TSJ^2 + TIJ^2)^1/2 + DJ) / 2 + PE
    Total System Jitter     (TSJ):    0.071ns
    Total Input Jitter      (TIJ):    0.000ns
    Discrete Jitter          (DJ):    0.000ns
    Phase Error              (PE):    0.000ns

    Location             Delay type                Incr(ns)  Path(ns)    Netlist Resource(s)
  -------------------------------------------------------------------    -------------------
                         (clock clk rise edge)        0.000     0.000 r  
                                                      0.000     0.000 r  clk (IN)
                         net (fo=34258, unset)        0.028     0.028    clk
    SLICE_X68Y90         FDCE                                         r  slot_width_reg[1][5]_replica/C
  -------------------------------------------------------------------    -------------------
    SLICE_X68Y90         FDCE (Prop_DFF_SLICEL_C_Q)
                                                      0.079     0.107 f  slot_width_reg[1][5]_replica/Q
                         net (fo=2, routed)           0.101     0.208    slot_width_reg_n_0_[1][5]_repN
    SLICE_X68Y92         LUT3 (Prop_B6LUT_SLICEL_I0_O)
                                                      0.090     0.298 f  gen_input_slots[1].gen_input_banks[3].u_input_cache_bank_i_77/O
                         net (fo=15, routed)          0.116     0.414    gen_input_slots[1].gen_input_banks[3].u_input_cache_bank_i_77_n_0
    SLICE_X67Y92         LUT6 (Prop_A6LUT_SLICEM_I0_O)
                                                      0.090     0.504 f  gen_input_slots[1].gen_input_banks[3].u_input_cache_bank_i_85/O
                         net (fo=3, routed)           0.058     0.563    gen_input_slots[1].gen_input_banks[3].u_input_cache_bank_i_85_n_0
    SLICE_X67Y91         LUT4 (Prop_G6LUT_SLICEM_I0_O)
                                                      0.037     0.600 f  gen_input_slots[1].gen_input_banks[3].u_input_cache_bank_i_62/O
                         net (fo=19, routed)          0.365     0.965    gen_input_slots[1].gen_input_banks[3].u_input_cache_bank_i_62_n_0
    SLICE_X60Y92         LUT6 (Prop_H6LUT_SLICEL_I1_O)
                                                      0.150     1.115 r  gen_input_slots[1].gen_input_banks[1].u_input_cache_bank_i_40_replica_4/O
                         net (fo=23, routed)          0.177     1.292    gen_input_slots[1].gen_input_banks[1].u_input_cache_bank_i_40_n_0_repN_4
    SLICE_X60Y90         LUT6 (Prop_H6LUT_SLICEL_I2_O)
                                                      0.150     1.442 r  gen_input_slots[1].gen_input_banks[0].u_input_cache_bank_i_1/O
                         net (fo=16, routed)          0.469     1.911    gen_input_slots[1].gen_input_banks[0].u_input_cache_bank/data_wr_addr[9]
    SLICE_X50Y94         LUT5 (Prop_B6LUT_SLICEM_I4_O)
                                                      0.052     1.963 r  gen_input_slots[1].gen_input_banks[0].u_input_cache_bank/data_mem_reg_512_575_0_6_i_1/O
                         net (fo=20, routed)          0.415     2.378    gen_input_slots[1].gen_input_banks[0].u_input_cache_bank/data_mem_reg_512_575_0_6/WE
    SLICE_X50Y87         RAMD64E                                      r  gen_input_slots[1].gen_input_banks[0].u_input_cache_bank/data_mem_reg_512_575_0_6/RAMH/WE
  -------------------------------------------------------------------    -------------------

                         (clock clk rise edge)        2.000     2.000 r  
                                                      0.000     2.000 r  clk (IN)
                         net (fo=34258, unset)        0.043     2.043    gen_input_slots[1].gen_input_banks[0].u_input_cache_bank/data_mem_reg_512_575_0_6/WCLK
    SLICE_X50Y87         RAMD64E                                      r  gen_input_slots[1].gen_input_banks[0].u_input_cache_bank/data_mem_reg_512_575_0_6/RAMH/CLK
                         clock pessimism              0.000     2.043    
                         clock uncertainty           -0.035     2.008    
    SLICE_X50Y87         RAMD64E (Setup_H6LUT_SLICEM_CLK_WE)
                                                     -0.180     1.828    gen_input_slots[1].gen_input_banks[0].u_input_cache_bank/data_mem_reg_512_575_0_6/RAMH
  -------------------------------------------------------------------
                         required time                          1.828    
                         arrival time                          -2.378    
  -------------------------------------------------------------------
                         slack                                 -0.551    

Slack (VIOLATED) :        -0.546ns  (required time - arrival time)
  Source:                 fill_slot_reg_replica_1/C
                            (rising edge-triggered cell FDCE clocked by clk  {rise@0.000ns fall@1.000ns period=2.000ns})
  Destination:            gen_input_slots[0].gen_input_banks[3].u_input_cache_bank/data_mem_reg_320_383_7_13/RAMA/WE
                            (rising edge-triggered cell RAMD64E clocked by clk  {rise@0.000ns fall@1.000ns period=2.000ns})
  Path Group:             clk
  Path Type:              Setup (Max at Slow Process Corner)
  Requirement:            2.000ns  (clk rise@2.000ns - clk rise@0.000ns)
  Data Path Delay:        2.343ns  (logic 0.533ns (22.747%)  route 1.810ns (77.253%))
  Logic Levels:           6  (LUT3=2 LUT5=2 LUT6=2)
  Clock Path Skew:        0.013ns (DCD - SCD + CPR)
    Destination Clock Delay (DCD):    0.043ns = ( 2.043 - 2.000 ) 
    Source Clock Delay      (SCD):    0.030ns
    Clock Pessimism Removal (CPR):    0.000ns
  Clock Uncertainty:      0.035ns  ((TSJ^2 + TIJ^2)^1/2 + DJ) / 2 + PE
    Total System Jitter     (TSJ):    0.071ns
    Total Input Jitter      (TIJ):    0.000ns
    Discrete Jitter          (DJ):    0.000ns
    Phase Error              (PE):    0.000ns

    Location             Delay type                Incr(ns)  Path(ns)    Netlist Resource(s)
  -------------------------------------------------------------------    -------------------
                         (clock clk rise edge)        0.000     0.000 r  
                                                      0.000     0.000 r  clk (IN)
                         net (fo=34258, unset)        0.030     0.030    clk
    SLICE_X67Y92         FDCE                                         r  fill_slot_reg_replica_1/C
  -------------------------------------------------------------------    -------------------
    SLICE_X67Y92         FDCE (Prop_DFF_SLICEM_C_Q)
                                                      0.078     0.108 r  fill_slot_reg_replica_1/Q
                         net (fo=13, routed)          0.246     0.354    fill_slot_repN_1
    SLICE_X69Y91         LUT3 (Prop_A6LUT_SLICEL_I1_O)
                                                      0.050     0.404 r  gen_input_slots[1].gen_input_banks[3].u_input_cache_bank_i_80/O
                         net (fo=7, routed)           0.096     0.501    gen_input_slots[1].gen_input_banks[3].u_input_cache_bank_i_80_n_0
    SLICE_X68Y91         LUT5 (Prop_B6LUT_SLICEL_I4_O)
                                                      0.036     0.537 r  gen_input_slots[1].gen_input_banks[3].u_input_cache_bank_i_48/O
                         net (fo=10, routed)          0.105     0.642    gen_input_slots[1].gen_input_banks[3].u_input_cache_bank_i_48_n_0
    SLICE_X68Y90         LUT3 (Prop_H6LUT_SLICEL_I0_O)
                                                      0.036     0.678 r  gen_input_slots[1].gen_input_banks[3].u_input_cache_bank_i_65/O
                         net (fo=2, routed)           0.146     0.824    gen_input_slots[1].gen_input_banks[3].u_input_cache_bank_i_65_n_0
    SLICE_X67Y90         LUT6 (Prop_C6LUT_SLICEM_I2_O)
                                                      0.145     0.969 r  gen_input_slots[1].gen_input_banks[3].u_input_cache_bank_i_40_comp/O
                         net (fo=152, routed)         0.331     1.300    gen_input_slots[1].gen_input_banks[3].u_input_cache_bank_i_40_n_0
    SLICE_X64Y86         LUT6 (Prop_B6LUT_SLICEL_I2_O)
                                                      0.090     1.390 r  gen_input_slots[0].gen_input_banks[3].u_input_cache_bank_i_38/O
                         net (fo=48, routed)          0.392     1.783    gen_input_slots[0].gen_input_banks[3].u_input_cache_bank/valid_wr_data
    SLICE_X57Y86         LUT5 (Prop_B6LUT_SLICEL_I4_O)
                                                      0.098     1.881 r  gen_input_slots[0].gen_input_banks[3].u_input_cache_bank/data_mem_reg_320_383_0_6_i_1/O
                         net (fo=20, routed)          0.493     2.373    gen_input_slots[0].gen_input_banks[3].u_input_cache_bank/data_mem_reg_320_383_7_13/WE
    SLICE_X55Y78         RAMD64E                                      r  gen_input_slots[0].gen_input_banks[3].u_input_cache_bank/data_mem_reg_320_383_7_13/RAMA/WE
  -------------------------------------------------------------------    -------------------

                         (clock clk rise edge)        2.000     2.000 r  
                                                      0.000     2.000 r  clk (IN)
                         net (fo=34258, unset)        0.043     2.043    gen_input_slots[0].gen_input_banks[3].u_input_cache_bank/data_mem_reg_320_383_7_13/WCLK
    SLICE_X55Y78         RAMD64E                                      r  gen_input_slots[0].gen_input_banks[3].u_input_cache_bank/data_mem_reg_320_383_7_13/RAMA/CLK
                         clock pessimism              0.000     2.043    
                         clock uncertainty           -0.035     2.008    
    SLICE_X55Y78         RAMD64E (Setup_A6LUT_SLICEM_CLK_WE)
                                                     -0.180     1.828    gen_input_slots[0].gen_input_banks[3].u_input_cache_bank/data_mem_reg_320_383_7_13/RAMA
  -------------------------------------------------------------------
                         required time                          1.828    
                         arrival time                          -2.373    
  -------------------------------------------------------------------
                         slack                                 -0.546    

Slack (VIOLATED) :        -0.546ns  (required time - arrival time)
  Source:                 fill_slot_reg_replica_1/C
                            (rising edge-triggered cell FDCE clocked by clk  {rise@0.000ns fall@1.000ns period=2.000ns})
  Destination:            gen_input_slots[0].gen_input_banks[3].u_input_cache_bank/data_mem_reg_320_383_7_13/RAMB/WE
                            (rising edge-triggered cell RAMD64E clocked by clk  {rise@0.000ns fall@1.000ns period=2.000ns})
  Path Group:             clk
  Path Type:              Setup (Max at Slow Process Corner)
  Requirement:            2.000ns  (clk rise@2.000ns - clk rise@0.000ns)
  Data Path Delay:        2.343ns  (logic 0.533ns (22.747%)  route 1.810ns (77.253%))
  Logic Levels:           6  (LUT3=2 LUT5=2 LUT6=2)
  Clock Path Skew:        0.013ns (DCD - SCD + CPR)
    Destination Clock Delay (DCD):    0.043ns = ( 2.043 - 2.000 ) 
    Source Clock Delay      (SCD):    0.030ns
    Clock Pessimism Removal (CPR):    0.000ns
  Clock Uncertainty:      0.035ns  ((TSJ^2 + TIJ^2)^1/2 + DJ) / 2 + PE
    Total System Jitter     (TSJ):    0.071ns
    Total Input Jitter      (TIJ):    0.000ns
    Discrete Jitter          (DJ):    0.000ns
    Phase Error              (PE):    0.000ns

    Location             Delay type                Incr(ns)  Path(ns)    Netlist Resource(s)
  -------------------------------------------------------------------    -------------------
                         (clock clk rise edge)        0.000     0.000 r  
                                                      0.000     0.000 r  clk (IN)
                         net (fo=34258, unset)        0.030     0.030    clk
    SLICE_X67Y92         FDCE                                         r  fill_slot_reg_replica_1/C
  -------------------------------------------------------------------    -------------------
    SLICE_X67Y92         FDCE (Prop_DFF_SLICEM_C_Q)
                                                      0.078     0.108 r  fill_slot_reg_replica_1/Q
                         net (fo=13, routed)          0.246     0.354    fill_slot_repN_1
    SLICE_X69Y91         LUT3 (Prop_A6LUT_SLICEL_I1_O)
                                                      0.050     0.404 r  gen_input_slots[1].gen_input_banks[3].u_input_cache_bank_i_80/O
                         net (fo=7, routed)           0.096     0.501    gen_input_slots[1].gen_input_banks[3].u_input_cache_bank_i_80_n_0
    SLICE_X68Y91         LUT5 (Prop_B6LUT_SLICEL_I4_O)
                                                      0.036     0.537 r  gen_input_slots[1].gen_input_banks[3].u_input_cache_bank_i_48/O
                         net (fo=10, routed)          0.105     0.642    gen_input_slots[1].gen_input_banks[3].u_input_cache_bank_i_48_n_0
    SLICE_X68Y90         LUT3 (Prop_H6LUT_SLICEL_I0_O)
                                                      0.036     0.678 r  gen_input_slots[1].gen_input_banks[3].u_input_cache_bank_i_65/O
                         net (fo=2, routed)           0.146     0.824    gen_input_slots[1].gen_input_banks[3].u_input_cache_bank_i_65_n_0
    SLICE_X67Y90         LUT6 (Prop_C6LUT_SLICEM_I2_O)
                                                      0.145     0.969 r  gen_input_slots[1].gen_input_banks[3].u_input_cache_bank_i_40_comp/O
                         net (fo=152, routed)         0.331     1.300    gen_input_slots[1].gen_input_banks[3].u_input_cache_bank_i_40_n_0
    SLICE_X64Y86         LUT6 (Prop_B6LUT_SLICEL_I2_O)
                                                      0.090     1.390 r  gen_input_slots[0].gen_input_banks[3].u_input_cache_bank_i_38/O
                         net (fo=48, routed)          0.392     1.783    gen_input_slots[0].gen_input_banks[3].u_input_cache_bank/valid_wr_data
    SLICE_X57Y86         LUT5 (Prop_B6LUT_SLICEL_I4_O)
                                                      0.098     1.881 r  gen_input_slots[0].gen_input_banks[3].u_input_cache_bank/data_mem_reg_320_383_0_6_i_1/O
                         net (fo=20, routed)          0.493     2.373    gen_input_slots[0].gen_input_banks[3].u_input_cache_bank/data_mem_reg_320_383_7_13/WE
    SLICE_X55Y78         RAMD64E                                      r  gen_input_slots[0].gen_input_banks[3].u_input_cache_bank/data_mem_reg_320_383_7_13/RAMB/WE
  -------------------------------------------------------------------    -------------------

                         (clock clk rise edge)        2.000     2.000 r  
                                                      0.000     2.000 r  clk (IN)
                         net (fo=34258, unset)        0.043     2.043    gen_input_slots[0].gen_input_banks[3].u_input_cache_bank/data_mem_reg_320_383_7_13/WCLK
    SLICE_X55Y78         RAMD64E                                      r  gen_input_slots[0].gen_input_banks[3].u_input_cache_bank/data_mem_reg_320_383_7_13/RAMB/CLK
                         clock pessimism              0.000     2.043    
                         clock uncertainty           -0.035     2.008    
    SLICE_X55Y78         RAMD64E (Setup_B6LUT_SLICEM_CLK_WE)
                                                     -0.180     1.828    gen_input_slots[0].gen_input_banks[3].u_input_cache_bank/data_mem_reg_320_383_7_13/RAMB
  -------------------------------------------------------------------
                         required time                          1.828    
                         arrival time                          -2.373    
  -------------------------------------------------------------------
                         slack                                 -0.546    

Slack (VIOLATED) :        -0.546ns  (required time - arrival time)
  Source:                 fill_slot_reg_replica_1/C
                            (rising edge-triggered cell FDCE clocked by clk  {rise@0.000ns fall@1.000ns period=2.000ns})
  Destination:            gen_input_slots[0].gen_input_banks[3].u_input_cache_bank/data_mem_reg_320_383_7_13/RAMC/WE
                            (rising edge-triggered cell RAMD64E clocked by clk  {rise@0.000ns fall@1.000ns period=2.000ns})
  Path Group:             clk
  Path Type:              Setup (Max at Slow Process Corner)
  Requirement:            2.000ns  (clk rise@2.000ns - clk rise@0.000ns)
  Data Path Delay:        2.343ns  (logic 0.533ns (22.747%)  route 1.810ns (77.253%))
  Logic Levels:           6  (LUT3=2 LUT5=2 LUT6=2)
  Clock Path Skew:        0.013ns (DCD - SCD + CPR)
    Destination Clock Delay (DCD):    0.043ns = ( 2.043 - 2.000 ) 
    Source Clock Delay      (SCD):    0.030ns
    Clock Pessimism Removal (CPR):    0.000ns
  Clock Uncertainty:      0.035ns  ((TSJ^2 + TIJ^2)^1/2 + DJ) / 2 + PE
    Total System Jitter     (TSJ):    0.071ns
    Total Input Jitter      (TIJ):    0.000ns
    Discrete Jitter          (DJ):    0.000ns
    Phase Error              (PE):    0.000ns

    Location             Delay type                Incr(ns)  Path(ns)    Netlist Resource(s)
  -------------------------------------------------------------------    -------------------
                         (clock clk rise edge)        0.000     0.000 r  
                                                      0.000     0.000 r  clk (IN)
                         net (fo=34258, unset)        0.030     0.030    clk
    SLICE_X67Y92         FDCE                                         r  fill_slot_reg_replica_1/C
  -------------------------------------------------------------------    -------------------
    SLICE_X67Y92         FDCE (Prop_DFF_SLICEM_C_Q)
                                                      0.078     0.108 r  fill_slot_reg_replica_1/Q
                         net (fo=13, routed)          0.246     0.354    fill_slot_repN_1
    SLICE_X69Y91         LUT3 (Prop_A6LUT_SLICEL_I1_O)
                                                      0.050     0.404 r  gen_input_slots[1].gen_input_banks[3].u_input_cache_bank_i_80/O
                         net (fo=7, routed)           0.096     0.501    gen_input_slots[1].gen_input_banks[3].u_input_cache_bank_i_80_n_0
    SLICE_X68Y91         LUT5 (Prop_B6LUT_SLICEL_I4_O)
                                                      0.036     0.537 r  gen_input_slots[1].gen_input_banks[3].u_input_cache_bank_i_48/O
                         net (fo=10, routed)          0.105     0.642    gen_input_slots[1].gen_input_banks[3].u_input_cache_bank_i_48_n_0
    SLICE_X68Y90         LUT3 (Prop_H6LUT_SLICEL_I0_O)
                                                      0.036     0.678 r  gen_input_slots[1].gen_input_banks[3].u_input_cache_bank_i_65/O
                         net (fo=2, routed)           0.146     0.824    gen_input_slots[1].gen_input_banks[3].u_input_cache_bank_i_65_n_0
    SLICE_X67Y90         LUT6 (Prop_C6LUT_SLICEM_I2_O)
                                                      0.145     0.969 r  gen_input_slots[1].gen_input_banks[3].u_input_cache_bank_i_40_comp/O
                         net (fo=152, routed)         0.331     1.300    gen_input_slots[1].gen_input_banks[3].u_input_cache_bank_i_40_n_0
    SLICE_X64Y86         LUT6 (Prop_B6LUT_SLICEL_I2_O)
                                                      0.090     1.390 r  gen_input_slots[0].gen_input_banks[3].u_input_cache_bank_i_38/O
                         net (fo=48, routed)          0.392     1.783    gen_input_slots[0].gen_input_banks[3].u_input_cache_bank/valid_wr_data
    SLICE_X57Y86         LUT5 (Prop_B6LUT_SLICEL_I4_O)
                                                      0.098     1.881 r  gen_input_slots[0].gen_input_banks[3].u_input_cache_bank/data_mem_reg_320_383_0_6_i_1/O
                         net (fo=20, routed)          0.493     2.373    gen_input_slots[0].gen_input_banks[3].u_input_cache_bank/data_mem_reg_320_383_7_13/WE
    SLICE_X55Y78         RAMD64E                                      r  gen_input_slots[0].gen_input_banks[3].u_input_cache_bank/data_mem_reg_320_383_7_13/RAMC/WE
  -------------------------------------------------------------------    -------------------

                         (clock clk rise edge)        2.000     2.000 r  
                                                      0.000     2.000 r  clk (IN)
                         net (fo=34258, unset)        0.043     2.043    gen_input_slots[0].gen_input_banks[3].u_input_cache_bank/data_mem_reg_320_383_7_13/WCLK
    SLICE_X55Y78         RAMD64E                                      r  gen_input_slots[0].gen_input_banks[3].u_input_cache_bank/data_mem_reg_320_383_7_13/RAMC/CLK
                         clock pessimism              0.000     2.043    
                         clock uncertainty           -0.035     2.008    
    SLICE_X55Y78         RAMD64E (Setup_C6LUT_SLICEM_CLK_WE)
                                                     -0.180     1.828    gen_input_slots[0].gen_input_banks[3].u_input_cache_bank/data_mem_reg_320_383_7_13/RAMC
  -------------------------------------------------------------------
                         required time                          1.828    
                         arrival time                          -2.373    
  -------------------------------------------------------------------
                         slack                                 -0.546    

Slack (VIOLATED) :        -0.546ns  (required time - arrival time)
  Source:                 fill_slot_reg_replica_1/C
                            (rising edge-triggered cell FDCE clocked by clk  {rise@0.000ns fall@1.000ns period=2.000ns})
  Destination:            gen_input_slots[0].gen_input_banks[3].u_input_cache_bank/data_mem_reg_320_383_7_13/RAMD/WE
                            (rising edge-triggered cell RAMD64E clocked by clk  {rise@0.000ns fall@1.000ns period=2.000ns})
  Path Group:             clk
  Path Type:              Setup (Max at Slow Process Corner)
  Requirement:            2.000ns  (clk rise@2.000ns - clk rise@0.000ns)
  Data Path Delay:        2.343ns  (logic 0.533ns (22.747%)  route 1.810ns (77.253%))
  Logic Levels:           6  (LUT3=2 LUT5=2 LUT6=2)
  Clock Path Skew:        0.013ns (DCD - SCD + CPR)
    Destination Clock Delay (DCD):    0.043ns = ( 2.043 - 2.000 ) 
    Source Clock Delay      (SCD):    0.030ns
    Clock Pessimism Removal (CPR):    0.000ns
  Clock Uncertainty:      0.035ns  ((TSJ^2 + TIJ^2)^1/2 + DJ) / 2 + PE
    Total System Jitter     (TSJ):    0.071ns
    Total Input Jitter      (TIJ):    0.000ns
    Discrete Jitter          (DJ):    0.000ns
    Phase Error              (PE):    0.000ns

    Location             Delay type                Incr(ns)  Path(ns)    Netlist Resource(s)
  -------------------------------------------------------------------    -------------------
                         (clock clk rise edge)        0.000     0.000 r  
                                                      0.000     0.000 r  clk (IN)
                         net (fo=34258, unset)        0.030     0.030    clk
    SLICE_X67Y92         FDCE                                         r  fill_slot_reg_replica_1/C
  -------------------------------------------------------------------    -------------------
    SLICE_X67Y92         FDCE (Prop_DFF_SLICEM_C_Q)
                                                      0.078     0.108 r  fill_slot_reg_replica_1/Q
                         net (fo=13, routed)          0.246     0.354    fill_slot_repN_1
    SLICE_X69Y91         LUT3 (Prop_A6LUT_SLICEL_I1_O)
                                                      0.050     0.404 r  gen_input_slots[1].gen_input_banks[3].u_input_cache_bank_i_80/O
                         net (fo=7, routed)           0.096     0.501    gen_input_slots[1].gen_input_banks[3].u_input_cache_bank_i_80_n_0
    SLICE_X68Y91         LUT5 (Prop_B6LUT_SLICEL_I4_O)
                                                      0.036     0.537 r  gen_input_slots[1].gen_input_banks[3].u_input_cache_bank_i_48/O
                         net (fo=10, routed)          0.105     0.642    gen_input_slots[1].gen_input_banks[3].u_input_cache_bank_i_48_n_0
    SLICE_X68Y90         LUT3 (Prop_H6LUT_SLICEL_I0_O)
                                                      0.036     0.678 r  gen_input_slots[1].gen_input_banks[3].u_input_cache_bank_i_65/O
                         net (fo=2, routed)           0.146     0.824    gen_input_slots[1].gen_input_banks[3].u_input_cache_bank_i_65_n_0
    SLICE_X67Y90         LUT6 (Prop_C6LUT_SLICEM_I2_O)
                                                      0.145     0.969 r  gen_input_slots[1].gen_input_banks[3].u_input_cache_bank_i_40_comp/O
                         net (fo=152, routed)         0.331     1.300    gen_input_slots[1].gen_input_banks[3].u_input_cache_bank_i_40_n_0
    SLICE_X64Y86         LUT6 (Prop_B6LUT_SLICEL_I2_O)
                                                      0.090     1.390 r  gen_input_slots[0].gen_input_banks[3].u_input_cache_bank_i_38/O
                         net (fo=48, routed)          0.392     1.783    gen_input_slots[0].gen_input_banks[3].u_input_cache_bank/valid_wr_data
    SLICE_X57Y86         LUT5 (Prop_B6LUT_SLICEL_I4_O)
                                                      0.098     1.881 r  gen_input_slots[0].gen_input_banks[3].u_input_cache_bank/data_mem_reg_320_383_0_6_i_1/O
                         net (fo=20, routed)          0.493     2.373    gen_input_slots[0].gen_input_banks[3].u_input_cache_bank/data_mem_reg_320_383_7_13/WE
    SLICE_X55Y78         RAMD64E                                      r  gen_input_slots[0].gen_input_banks[3].u_input_cache_bank/data_mem_reg_320_383_7_13/RAMD/WE
  -------------------------------------------------------------------    -------------------

                         (clock clk rise edge)        2.000     2.000 r  
                                                      0.000     2.000 r  clk (IN)
                         net (fo=34258, unset)        0.043     2.043    gen_input_slots[0].gen_input_banks[3].u_input_cache_bank/data_mem_reg_320_383_7_13/WCLK
    SLICE_X55Y78         RAMD64E                                      r  gen_input_slots[0].gen_input_banks[3].u_input_cache_bank/data_mem_reg_320_383_7_13/RAMD/CLK
                         clock pessimism              0.000     2.043    
                         clock uncertainty           -0.035     2.008    
    SLICE_X55Y78         RAMD64E (Setup_D6LUT_SLICEM_CLK_WE)
                                                     -0.180     1.828    gen_input_slots[0].gen_input_banks[3].u_input_cache_bank/data_mem_reg_320_383_7_13/RAMD
  -------------------------------------------------------------------
                         required time                          1.828    
                         arrival time                          -2.373    
  -------------------------------------------------------------------
                         slack                                 -0.546    

Slack (VIOLATED) :        -0.546ns  (required time - arrival time)
  Source:                 fill_slot_reg_replica_1/C
                            (rising edge-triggered cell FDCE clocked by clk  {rise@0.000ns fall@1.000ns period=2.000ns})
  Destination:            gen_input_slots[0].gen_input_banks[3].u_input_cache_bank/data_mem_reg_320_383_7_13/RAME/WE
                            (rising edge-triggered cell RAMD64E clocked by clk  {rise@0.000ns fall@1.000ns period=2.000ns})
  Path Group:             clk
  Path Type:              Setup (Max at Slow Process Corner)
  Requirement:            2.000ns  (clk rise@2.000ns - clk rise@0.000ns)
  Data Path Delay:        2.343ns  (logic 0.533ns (22.747%)  route 1.810ns (77.253%))
  Logic Levels:           6  (LUT3=2 LUT5=2 LUT6=2)
  Clock Path Skew:        0.013ns (DCD - SCD + CPR)
    Destination Clock Delay (DCD):    0.043ns = ( 2.043 - 2.000 ) 
    Source Clock Delay      (SCD):    0.030ns
    Clock Pessimism Removal (CPR):    0.000ns
  Clock Uncertainty:      0.035ns  ((TSJ^2 + TIJ^2)^1/2 + DJ) / 2 + PE
    Total System Jitter     (TSJ):    0.071ns
    Total Input Jitter      (TIJ):    0.000ns
    Discrete Jitter          (DJ):    0.000ns
    Phase Error              (PE):    0.000ns

    Location             Delay type                Incr(ns)  Path(ns)    Netlist Resource(s)
  -------------------------------------------------------------------    -------------------
                         (clock clk rise edge)        0.000     0.000 r  
                                                      0.000     0.000 r  clk (IN)
                         net (fo=34258, unset)        0.030     0.030    clk
    SLICE_X67Y92         FDCE                                         r  fill_slot_reg_replica_1/C
  -------------------------------------------------------------------    -------------------
    SLICE_X67Y92         FDCE (Prop_DFF_SLICEM_C_Q)
                                                      0.078     0.108 r  fill_slot_reg_replica_1/Q
                         net (fo=13, routed)          0.246     0.354    fill_slot_repN_1
    SLICE_X69Y91         LUT3 (Prop_A6LUT_SLICEL_I1_O)
                                                      0.050     0.404 r  gen_input_slots[1].gen_input_banks[3].u_input_cache_bank_i_80/O
                         net (fo=7, routed)           0.096     0.501    gen_input_slots[1].gen_input_banks[3].u_input_cache_bank_i_80_n_0
    SLICE_X68Y91         LUT5 (Prop_B6LUT_SLICEL_I4_O)
                                                      0.036     0.537 r  gen_input_slots[1].gen_input_banks[3].u_input_cache_bank_i_48/O
                         net (fo=10, routed)          0.105     0.642    gen_input_slots[1].gen_input_banks[3].u_input_cache_bank_i_48_n_0
    SLICE_X68Y90         LUT3 (Prop_H6LUT_SLICEL_I0_O)
                                                      0.036     0.678 r  gen_input_slots[1].gen_input_banks[3].u_input_cache_bank_i_65/O
                         net (fo=2, routed)           0.146     0.824    gen_input_slots[1].gen_input_banks[3].u_input_cache_bank_i_65_n_0
    SLICE_X67Y90         LUT6 (Prop_C6LUT_SLICEM_I2_O)
                                                      0.145     0.969 r  gen_input_slots[1].gen_input_banks[3].u_input_cache_bank_i_40_comp/O
                         net (fo=152, routed)         0.331     1.300    gen_input_slots[1].gen_input_banks[3].u_input_cache_bank_i_40_n_0
    SLICE_X64Y86         LUT6 (Prop_B6LUT_SLICEL_I2_O)
                                                      0.090     1.390 r  gen_input_slots[0].gen_input_banks[3].u_input_cache_bank_i_38/O
                         net (fo=48, routed)          0.392     1.783    gen_input_slots[0].gen_input_banks[3].u_input_cache_bank/valid_wr_data
    SLICE_X57Y86         LUT5 (Prop_B6LUT_SLICEL_I4_O)
                                                      0.098     1.881 r  gen_input_slots[0].gen_input_banks[3].u_input_cache_bank/data_mem_reg_320_383_0_6_i_1/O
                         net (fo=20, routed)          0.493     2.373    gen_input_slots[0].gen_input_banks[3].u_input_cache_bank/data_mem_reg_320_383_7_13/WE
    SLICE_X55Y78         RAMD64E                                      r  gen_input_slots[0].gen_input_banks[3].u_input_cache_bank/data_mem_reg_320_383_7_13/RAME/WE
  -------------------------------------------------------------------    -------------------

                         (clock clk rise edge)        2.000     2.000 r  
                                                      0.000     2.000 r  clk (IN)
                         net (fo=34258, unset)        0.043     2.043    gen_input_slots[0].gen_input_banks[3].u_input_cache_bank/data_mem_reg_320_383_7_13/WCLK
    SLICE_X55Y78         RAMD64E                                      r  gen_input_slots[0].gen_input_banks[3].u_input_cache_bank/data_mem_reg_320_383_7_13/RAME/CLK
                         clock pessimism              0.000     2.043    
                         clock uncertainty           -0.035     2.008    
    SLICE_X55Y78         RAMD64E (Setup_E6LUT_SLICEM_CLK_WE)
                                                     -0.180     1.828    gen_input_slots[0].gen_input_banks[3].u_input_cache_bank/data_mem_reg_320_383_7_13/RAME
  -------------------------------------------------------------------
                         required time                          1.828    
                         arrival time                          -2.373    
  -------------------------------------------------------------------
                         slack                                 -0.546    

Slack (VIOLATED) :        -0.546ns  (required time - arrival time)
  Source:                 fill_slot_reg_replica_1/C
                            (rising edge-triggered cell FDCE clocked by clk  {rise@0.000ns fall@1.000ns period=2.000ns})
  Destination:            gen_input_slots[0].gen_input_banks[3].u_input_cache_bank/data_mem_reg_320_383_7_13/RAMF/WE
                            (rising edge-triggered cell RAMD64E clocked by clk  {rise@0.000ns fall@1.000ns period=2.000ns})
  Path Group:             clk
  Path Type:              Setup (Max at Slow Process Corner)
  Requirement:            2.000ns  (clk rise@2.000ns - clk rise@0.000ns)
  Data Path Delay:        2.343ns  (logic 0.533ns (22.747%)  route 1.810ns (77.253%))
  Logic Levels:           6  (LUT3=2 LUT5=2 LUT6=2)
  Clock Path Skew:        0.013ns (DCD - SCD + CPR)
    Destination Clock Delay (DCD):    0.043ns = ( 2.043 - 2.000 ) 
    Source Clock Delay      (SCD):    0.030ns
    Clock Pessimism Removal (CPR):    0.000ns
  Clock Uncertainty:      0.035ns  ((TSJ^2 + TIJ^2)^1/2 + DJ) / 2 + PE
    Total System Jitter     (TSJ):    0.071ns
    Total Input Jitter      (TIJ):    0.000ns
    Discrete Jitter          (DJ):    0.000ns
    Phase Error              (PE):    0.000ns

    Location             Delay type                Incr(ns)  Path(ns)    Netlist Resource(s)
  -------------------------------------------------------------------    -------------------
                         (clock clk rise edge)        0.000     0.000 r  
                                                      0.000     0.000 r  clk (IN)
                         net (fo=34258, unset)        0.030     0.030    clk
    SLICE_X67Y92         FDCE                                         r  fill_slot_reg_replica_1/C
  -------------------------------------------------------------------    -------------------
    SLICE_X67Y92         FDCE (Prop_DFF_SLICEM_C_Q)
                                                      0.078     0.108 r  fill_slot_reg_replica_1/Q
                         net (fo=13, routed)          0.246     0.354    fill_slot_repN_1
    SLICE_X69Y91         LUT3 (Prop_A6LUT_SLICEL_I1_O)
                                                      0.050     0.404 r  gen_input_slots[1].gen_input_banks[3].u_input_cache_bank_i_80/O
                         net (fo=7, routed)           0.096     0.501    gen_input_slots[1].gen_input_banks[3].u_input_cache_bank_i_80_n_0
    SLICE_X68Y91         LUT5 (Prop_B6LUT_SLICEL_I4_O)
                                                      0.036     0.537 r  gen_input_slots[1].gen_input_banks[3].u_input_cache_bank_i_48/O
                         net (fo=10, routed)          0.105     0.642    gen_input_slots[1].gen_input_banks[3].u_input_cache_bank_i_48_n_0
    SLICE_X68Y90         LUT3 (Prop_H6LUT_SLICEL_I0_O)
                                                      0.036     0.678 r  gen_input_slots[1].gen_input_banks[3].u_input_cache_bank_i_65/O
                         net (fo=2, routed)           0.146     0.824    gen_input_slots[1].gen_input_banks[3].u_input_cache_bank_i_65_n_0
    SLICE_X67Y90         LUT6 (Prop_C6LUT_SLICEM_I2_O)
                                                      0.145     0.969 r  gen_input_slots[1].gen_input_banks[3].u_input_cache_bank_i_40_comp/O
                         net (fo=152, routed)         0.331     1.300    gen_input_slots[1].gen_input_banks[3].u_input_cache_bank_i_40_n_0
    SLICE_X64Y86         LUT6 (Prop_B6LUT_SLICEL_I2_O)
                                                      0.090     1.390 r  gen_input_slots[0].gen_input_banks[3].u_input_cache_bank_i_38/O
                         net (fo=48, routed)          0.392     1.783    gen_input_slots[0].gen_input_banks[3].u_input_cache_bank/valid_wr_data
    SLICE_X57Y86         LUT5 (Prop_B6LUT_SLICEL_I4_O)
                                                      0.098     1.881 r  gen_input_slots[0].gen_input_banks[3].u_input_cache_bank/data_mem_reg_320_383_0_6_i_1/O
                         net (fo=20, routed)          0.493     2.373    gen_input_slots[0].gen_input_banks[3].u_input_cache_bank/data_mem_reg_320_383_7_13/WE
    SLICE_X55Y78         RAMD64E                                      r  gen_input_slots[0].gen_input_banks[3].u_input_cache_bank/data_mem_reg_320_383_7_13/RAMF/WE
  -------------------------------------------------------------------    -------------------

                         (clock clk rise edge)        2.000     2.000 r  
                                                      0.000     2.000 r  clk (IN)
                         net (fo=34258, unset)        0.043     2.043    gen_input_slots[0].gen_input_banks[3].u_input_cache_bank/data_mem_reg_320_383_7_13/WCLK
    SLICE_X55Y78         RAMD64E                                      r  gen_input_slots[0].gen_input_banks[3].u_input_cache_bank/data_mem_reg_320_383_7_13/RAMF/CLK
                         clock pessimism              0.000     2.043    
                         clock uncertainty           -0.035     2.008    
    SLICE_X55Y78         RAMD64E (Setup_F6LUT_SLICEM_CLK_WE)
                                                     -0.180     1.828    gen_input_slots[0].gen_input_banks[3].u_input_cache_bank/data_mem_reg_320_383_7_13/RAMF
  -------------------------------------------------------------------
                         required time                          1.828    
                         arrival time                          -2.373    
  -------------------------------------------------------------------
                         slack                                 -0.546    

Slack (VIOLATED) :        -0.546ns  (required time - arrival time)
  Source:                 fill_slot_reg_replica_1/C
                            (rising edge-triggered cell FDCE clocked by clk  {rise@0.000ns fall@1.000ns period=2.000ns})
  Destination:            gen_input_slots[0].gen_input_banks[3].u_input_cache_bank/data_mem_reg_320_383_7_13/RAMG/WE
                            (rising edge-triggered cell RAMD64E clocked by clk  {rise@0.000ns fall@1.000ns period=2.000ns})
  Path Group:             clk
  Path Type:              Setup (Max at Slow Process Corner)
  Requirement:            2.000ns  (clk rise@2.000ns - clk rise@0.000ns)
  Data Path Delay:        2.343ns  (logic 0.533ns (22.747%)  route 1.810ns (77.253%))
  Logic Levels:           6  (LUT3=2 LUT5=2 LUT6=2)
  Clock Path Skew:        0.013ns (DCD - SCD + CPR)
    Destination Clock Delay (DCD):    0.043ns = ( 2.043 - 2.000 ) 
    Source Clock Delay      (SCD):    0.030ns
    Clock Pessimism Removal (CPR):    0.000ns
  Clock Uncertainty:      0.035ns  ((TSJ^2 + TIJ^2)^1/2 + DJ) / 2 + PE
    Total System Jitter     (TSJ):    0.071ns
    Total Input Jitter      (TIJ):    0.000ns
    Discrete Jitter          (DJ):    0.000ns
    Phase Error              (PE):    0.000ns

    Location             Delay type                Incr(ns)  Path(ns)    Netlist Resource(s)
  -------------------------------------------------------------------    -------------------
                         (clock clk rise edge)        0.000     0.000 r  
                                                      0.000     0.000 r  clk (IN)
                         net (fo=34258, unset)        0.030     0.030    clk
    SLICE_X67Y92         FDCE                                         r  fill_slot_reg_replica_1/C
  -------------------------------------------------------------------    -------------------
    SLICE_X67Y92         FDCE (Prop_DFF_SLICEM_C_Q)
                                                      0.078     0.108 r  fill_slot_reg_replica_1/Q
                         net (fo=13, routed)          0.246     0.354    fill_slot_repN_1
    SLICE_X69Y91         LUT3 (Prop_A6LUT_SLICEL_I1_O)
                                                      0.050     0.404 r  gen_input_slots[1].gen_input_banks[3].u_input_cache_bank_i_80/O
                         net (fo=7, routed)           0.096     0.501    gen_input_slots[1].gen_input_banks[3].u_input_cache_bank_i_80_n_0
    SLICE_X68Y91         LUT5 (Prop_B6LUT_SLICEL_I4_O)
                                                      0.036     0.537 r  gen_input_slots[1].gen_input_banks[3].u_input_cache_bank_i_48/O
                         net (fo=10, routed)          0.105     0.642    gen_input_slots[1].gen_input_banks[3].u_input_cache_bank_i_48_n_0
    SLICE_X68Y90         LUT3 (Prop_H6LUT_SLICEL_I0_O)
                                                      0.036     0.678 r  gen_input_slots[1].gen_input_banks[3].u_input_cache_bank_i_65/O
                         net (fo=2, routed)           0.146     0.824    gen_input_slots[1].gen_input_banks[3].u_input_cache_bank_i_65_n_0
    SLICE_X67Y90         LUT6 (Prop_C6LUT_SLICEM_I2_O)
                                                      0.145     0.969 r  gen_input_slots[1].gen_input_banks[3].u_input_cache_bank_i_40_comp/O
                         net (fo=152, routed)         0.331     1.300    gen_input_slots[1].gen_input_banks[3].u_input_cache_bank_i_40_n_0
    SLICE_X64Y86         LUT6 (Prop_B6LUT_SLICEL_I2_O)
                                                      0.090     1.390 r  gen_input_slots[0].gen_input_banks[3].u_input_cache_bank_i_38/O
                         net (fo=48, routed)          0.392     1.783    gen_input_slots[0].gen_input_banks[3].u_input_cache_bank/valid_wr_data
    SLICE_X57Y86         LUT5 (Prop_B6LUT_SLICEL_I4_O)
                                                      0.098     1.881 r  gen_input_slots[0].gen_input_banks[3].u_input_cache_bank/data_mem_reg_320_383_0_6_i_1/O
                         net (fo=20, routed)          0.493     2.373    gen_input_slots[0].gen_input_banks[3].u_input_cache_bank/data_mem_reg_320_383_7_13/WE
    SLICE_X55Y78         RAMD64E                                      r  gen_input_slots[0].gen_input_banks[3].u_input_cache_bank/data_mem_reg_320_383_7_13/RAMG/WE
  -------------------------------------------------------------------    -------------------

                         (clock clk rise edge)        2.000     2.000 r  
                                                      0.000     2.000 r  clk (IN)
                         net (fo=34258, unset)        0.043     2.043    gen_input_slots[0].gen_input_banks[3].u_input_cache_bank/data_mem_reg_320_383_7_13/WCLK
    SLICE_X55Y78         RAMD64E                                      r  gen_input_slots[0].gen_input_banks[3].u_input_cache_bank/data_mem_reg_320_383_7_13/RAMG/CLK
                         clock pessimism              0.000     2.043    
                         clock uncertainty           -0.035     2.008    
    SLICE_X55Y78         RAMD64E (Setup_G6LUT_SLICEM_CLK_WE)
                                                     -0.180     1.828    gen_input_slots[0].gen_input_banks[3].u_input_cache_bank/data_mem_reg_320_383_7_13/RAMG
  -------------------------------------------------------------------
                         required time                          1.828    
                         arrival time                          -2.373    
  -------------------------------------------------------------------
                         slack                                 -0.546    

Slack (VIOLATED) :        -0.546ns  (required time - arrival time)
  Source:                 fill_slot_reg_replica_1/C
                            (rising edge-triggered cell FDCE clocked by clk  {rise@0.000ns fall@1.000ns period=2.000ns})
  Destination:            gen_input_slots[0].gen_input_banks[3].u_input_cache_bank/data_mem_reg_320_383_7_13/RAMH/WE
                            (rising edge-triggered cell RAMD64E clocked by clk  {rise@0.000ns fall@1.000ns period=2.000ns})
  Path Group:             clk
  Path Type:              Setup (Max at Slow Process Corner)
  Requirement:            2.000ns  (clk rise@2.000ns - clk rise@0.000ns)
  Data Path Delay:        2.343ns  (logic 0.533ns (22.747%)  route 1.810ns (77.253%))
  Logic Levels:           6  (LUT3=2 LUT5=2 LUT6=2)
  Clock Path Skew:        0.013ns (DCD - SCD + CPR)
    Destination Clock Delay (DCD):    0.043ns = ( 2.043 - 2.000 ) 
    Source Clock Delay      (SCD):    0.030ns
    Clock Pessimism Removal (CPR):    0.000ns
  Clock Uncertainty:      0.035ns  ((TSJ^2 + TIJ^2)^1/2 + DJ) / 2 + PE
    Total System Jitter     (TSJ):    0.071ns
    Total Input Jitter      (TIJ):    0.000ns
    Discrete Jitter          (DJ):    0.000ns
    Phase Error              (PE):    0.000ns

    Location             Delay type                Incr(ns)  Path(ns)    Netlist Resource(s)
  -------------------------------------------------------------------    -------------------
                         (clock clk rise edge)        0.000     0.000 r  
                                                      0.000     0.000 r  clk (IN)
                         net (fo=34258, unset)        0.030     0.030    clk
    SLICE_X67Y92         FDCE                                         r  fill_slot_reg_replica_1/C
  -------------------------------------------------------------------    -------------------
    SLICE_X67Y92         FDCE (Prop_DFF_SLICEM_C_Q)
                                                      0.078     0.108 r  fill_slot_reg_replica_1/Q
                         net (fo=13, routed)          0.246     0.354    fill_slot_repN_1
    SLICE_X69Y91         LUT3 (Prop_A6LUT_SLICEL_I1_O)
                                                      0.050     0.404 r  gen_input_slots[1].gen_input_banks[3].u_input_cache_bank_i_80/O
                         net (fo=7, routed)           0.096     0.501    gen_input_slots[1].gen_input_banks[3].u_input_cache_bank_i_80_n_0
    SLICE_X68Y91         LUT5 (Prop_B6LUT_SLICEL_I4_O)
                                                      0.036     0.537 r  gen_input_slots[1].gen_input_banks[3].u_input_cache_bank_i_48/O
                         net (fo=10, routed)          0.105     0.642    gen_input_slots[1].gen_input_banks[3].u_input_cache_bank_i_48_n_0
    SLICE_X68Y90         LUT3 (Prop_H6LUT_SLICEL_I0_O)
                                                      0.036     0.678 r  gen_input_slots[1].gen_input_banks[3].u_input_cache_bank_i_65/O
                         net (fo=2, routed)           0.146     0.824    gen_input_slots[1].gen_input_banks[3].u_input_cache_bank_i_65_n_0
    SLICE_X67Y90         LUT6 (Prop_C6LUT_SLICEM_I2_O)
                                                      0.145     0.969 r  gen_input_slots[1].gen_input_banks[3].u_input_cache_bank_i_40_comp/O
                         net (fo=152, routed)         0.331     1.300    gen_input_slots[1].gen_input_banks[3].u_input_cache_bank_i_40_n_0
    SLICE_X64Y86         LUT6 (Prop_B6LUT_SLICEL_I2_O)
                                                      0.090     1.390 r  gen_input_slots[0].gen_input_banks[3].u_input_cache_bank_i_38/O
                         net (fo=48, routed)          0.392     1.783    gen_input_slots[0].gen_input_banks[3].u_input_cache_bank/valid_wr_data
    SLICE_X57Y86         LUT5 (Prop_B6LUT_SLICEL_I4_O)
                                                      0.098     1.881 r  gen_input_slots[0].gen_input_banks[3].u_input_cache_bank/data_mem_reg_320_383_0_6_i_1/O
                         net (fo=20, routed)          0.493     2.373    gen_input_slots[0].gen_input_banks[3].u_input_cache_bank/data_mem_reg_320_383_7_13/WE
    SLICE_X55Y78         RAMD64E                                      r  gen_input_slots[0].gen_input_banks[3].u_input_cache_bank/data_mem_reg_320_383_7_13/RAMH/WE
  -------------------------------------------------------------------    -------------------

                         (clock clk rise edge)        2.000     2.000 r  
                                                      0.000     2.000 r  clk (IN)
                         net (fo=34258, unset)        0.043     2.043    gen_input_slots[0].gen_input_banks[3].u_input_cache_bank/data_mem_reg_320_383_7_13/WCLK
    SLICE_X55Y78         RAMD64E                                      r  gen_input_slots[0].gen_input_banks[3].u_input_cache_bank/data_mem_reg_320_383_7_13/RAMH/CLK
                         clock pessimism              0.000     2.043    
                         clock uncertainty           -0.035     2.008    
    SLICE_X55Y78         RAMD64E (Setup_H6LUT_SLICEM_CLK_WE)
                                                     -0.180     1.828    gen_input_slots[0].gen_input_banks[3].u_input_cache_bank/data_mem_reg_320_383_7_13/RAMH
  -------------------------------------------------------------------
                         required time                          1.828    
                         arrival time                          -2.373    
  -------------------------------------------------------------------
                         slack                                 -0.546    

Slack (VIOLATED) :        -0.544ns  (required time - arrival time)
  Source:                 slot_width_reg[1][5]_replica/C
                            (rising edge-triggered cell FDCE clocked by clk  {rise@0.000ns fall@1.000ns period=2.000ns})
  Destination:            gen_input_slots[1].gen_input_banks[0].u_input_cache_bank/data_mem_reg_256_319_14_15/RAMA/WE
                            (rising edge-triggered cell RAMD64E clocked by clk  {rise@0.000ns fall@1.000ns period=2.000ns})
  Path Group:             clk
  Path Type:              Setup (Max at Slow Process Corner)
  Requirement:            2.000ns  (clk rise@2.000ns - clk rise@0.000ns)
  Data Path Delay:        2.343ns  (logic 0.685ns (29.232%)  route 1.658ns (70.768%))
  Logic Levels:           6  (LUT3=1 LUT4=1 LUT5=1 LUT6=3)
  Clock Path Skew:        0.015ns (DCD - SCD + CPR)
    Destination Clock Delay (DCD):    0.043ns = ( 2.043 - 2.000 ) 
    Source Clock Delay      (SCD):    0.028ns
    Clock Pessimism Removal (CPR):    0.000ns
  Clock Uncertainty:      0.035ns  ((TSJ^2 + TIJ^2)^1/2 + DJ) / 2 + PE
    Total System Jitter     (TSJ):    0.071ns
    Total Input Jitter      (TIJ):    0.000ns
    Discrete Jitter          (DJ):    0.000ns
    Phase Error              (PE):    0.000ns

    Location             Delay type                Incr(ns)  Path(ns)    Netlist Resource(s)
  -------------------------------------------------------------------    -------------------
                         (clock clk rise edge)        0.000     0.000 r  
                                                      0.000     0.000 r  clk (IN)
                         net (fo=34258, unset)        0.028     0.028    clk
    SLICE_X68Y90         FDCE                                         r  slot_width_reg[1][5]_replica/C
  -------------------------------------------------------------------    -------------------
    SLICE_X68Y90         FDCE (Prop_DFF_SLICEL_C_Q)
                                                      0.079     0.107 f  slot_width_reg[1][5]_replica/Q
                         net (fo=2, routed)           0.101     0.208    slot_width_reg_n_0_[1][5]_repN
    SLICE_X68Y92         LUT3 (Prop_B6LUT_SLICEL_I0_O)
                                                      0.090     0.298 f  gen_input_slots[1].gen_input_banks[3].u_input_cache_bank_i_77/O
                         net (fo=15, routed)          0.116     0.414    gen_input_slots[1].gen_input_banks[3].u_input_cache_bank_i_77_n_0
    SLICE_X67Y92         LUT6 (Prop_A6LUT_SLICEM_I0_O)
                                                      0.090     0.504 f  gen_input_slots[1].gen_input_banks[3].u_input_cache_bank_i_85/O
                         net (fo=3, routed)           0.058     0.563    gen_input_slots[1].gen_input_banks[3].u_input_cache_bank_i_85_n_0
    SLICE_X67Y91         LUT4 (Prop_G6LUT_SLICEM_I0_O)
                                                      0.037     0.600 f  gen_input_slots[1].gen_input_banks[3].u_input_cache_bank_i_62/O
                         net (fo=19, routed)          0.365     0.965    gen_input_slots[1].gen_input_banks[3].u_input_cache_bank_i_62_n_0
    SLICE_X60Y92         LUT6 (Prop_H6LUT_SLICEL_I1_O)
                                                      0.150     1.115 r  gen_input_slots[1].gen_input_banks[1].u_input_cache_bank_i_40_replica_4/O
                         net (fo=23, routed)          0.177     1.292    gen_input_slots[1].gen_input_banks[1].u_input_cache_bank_i_40_n_0_repN_4
    SLICE_X60Y90         LUT6 (Prop_H6LUT_SLICEL_I2_O)
                                                      0.150     1.442 f  gen_input_slots[1].gen_input_banks[0].u_input_cache_bank_i_1/O
                         net (fo=16, routed)          0.400     1.842    gen_input_slots[1].gen_input_banks[0].u_input_cache_bank/data_wr_addr[9]
    SLICE_X55Y92         LUT5 (Prop_B6LUT_SLICEM_I3_O)
                                                      0.089     1.931 r  gen_input_slots[1].gen_input_banks[0].u_input_cache_bank/data_mem_reg_256_319_0_6_i_1/O
                         net (fo=20, routed)          0.440     2.371    gen_input_slots[1].gen_input_banks[0].u_input_cache_bank/data_mem_reg_256_319_14_15/WE
    SLICE_X53Y86         RAMD64E                                      r  gen_input_slots[1].gen_input_banks[0].u_input_cache_bank/data_mem_reg_256_319_14_15/RAMA/WE
  -------------------------------------------------------------------    -------------------

                         (clock clk rise edge)        2.000     2.000 r  
                                                      0.000     2.000 r  clk (IN)
                         net (fo=34258, unset)        0.043     2.043    gen_input_slots[1].gen_input_banks[0].u_input_cache_bank/data_mem_reg_256_319_14_15/WCLK
    SLICE_X53Y86         RAMD64E                                      r  gen_input_slots[1].gen_input_banks[0].u_input_cache_bank/data_mem_reg_256_319_14_15/RAMA/CLK
                         clock pessimism              0.000     2.043    
                         clock uncertainty           -0.035     2.008    
    SLICE_X53Y86         RAMD64E (Setup_E6LUT_SLICEM_CLK_WE)
                                                     -0.180     1.828    gen_input_slots[1].gen_input_banks[0].u_input_cache_bank/data_mem_reg_256_319_14_15/RAMA
  -------------------------------------------------------------------
                         required time                          1.828    
                         arrival time                          -2.371    
  -------------------------------------------------------------------
                         slack                                 -0.544    

Slack (VIOLATED) :        -0.544ns  (required time - arrival time)
  Source:                 slot_width_reg[1][5]_replica/C
                            (rising edge-triggered cell FDCE clocked by clk  {rise@0.000ns fall@1.000ns period=2.000ns})
  Destination:            gen_input_slots[1].gen_input_banks[0].u_input_cache_bank/data_mem_reg_256_319_14_15/RAMB/WE
                            (rising edge-triggered cell RAMD64E clocked by clk  {rise@0.000ns fall@1.000ns period=2.000ns})
  Path Group:             clk
  Path Type:              Setup (Max at Slow Process Corner)
  Requirement:            2.000ns  (clk rise@2.000ns - clk rise@0.000ns)
  Data Path Delay:        2.343ns  (logic 0.685ns (29.232%)  route 1.658ns (70.768%))
  Logic Levels:           6  (LUT3=1 LUT4=1 LUT5=1 LUT6=3)
  Clock Path Skew:        0.015ns (DCD - SCD + CPR)
    Destination Clock Delay (DCD):    0.043ns = ( 2.043 - 2.000 ) 
    Source Clock Delay      (SCD):    0.028ns
    Clock Pessimism Removal (CPR):    0.000ns
  Clock Uncertainty:      0.035ns  ((TSJ^2 + TIJ^2)^1/2 + DJ) / 2 + PE
    Total System Jitter     (TSJ):    0.071ns
    Total Input Jitter      (TIJ):    0.000ns
    Discrete Jitter          (DJ):    0.000ns
    Phase Error              (PE):    0.000ns

    Location             Delay type                Incr(ns)  Path(ns)    Netlist Resource(s)
  -------------------------------------------------------------------    -------------------
                         (clock clk rise edge)        0.000     0.000 r  
                                                      0.000     0.000 r  clk (IN)
                         net (fo=34258, unset)        0.028     0.028    clk
    SLICE_X68Y90         FDCE                                         r  slot_width_reg[1][5]_replica/C
  -------------------------------------------------------------------    -------------------
    SLICE_X68Y90         FDCE (Prop_DFF_SLICEL_C_Q)
                                                      0.079     0.107 f  slot_width_reg[1][5]_replica/Q
                         net (fo=2, routed)           0.101     0.208    slot_width_reg_n_0_[1][5]_repN
    SLICE_X68Y92         LUT3 (Prop_B6LUT_SLICEL_I0_O)
                                                      0.090     0.298 f  gen_input_slots[1].gen_input_banks[3].u_input_cache_bank_i_77/O
                         net (fo=15, routed)          0.116     0.414    gen_input_slots[1].gen_input_banks[3].u_input_cache_bank_i_77_n_0
    SLICE_X67Y92         LUT6 (Prop_A6LUT_SLICEM_I0_O)
                                                      0.090     0.504 f  gen_input_slots[1].gen_input_banks[3].u_input_cache_bank_i_85/O
                         net (fo=3, routed)           0.058     0.563    gen_input_slots[1].gen_input_banks[3].u_input_cache_bank_i_85_n_0
    SLICE_X67Y91         LUT4 (Prop_G6LUT_SLICEM_I0_O)
                                                      0.037     0.600 f  gen_input_slots[1].gen_input_banks[3].u_input_cache_bank_i_62/O
                         net (fo=19, routed)          0.365     0.965    gen_input_slots[1].gen_input_banks[3].u_input_cache_bank_i_62_n_0
    SLICE_X60Y92         LUT6 (Prop_H6LUT_SLICEL_I1_O)
                                                      0.150     1.115 r  gen_input_slots[1].gen_input_banks[1].u_input_cache_bank_i_40_replica_4/O
                         net (fo=23, routed)          0.177     1.292    gen_input_slots[1].gen_input_banks[1].u_input_cache_bank_i_40_n_0_repN_4
    SLICE_X60Y90         LUT6 (Prop_H6LUT_SLICEL_I2_O)
                                                      0.150     1.442 f  gen_input_slots[1].gen_input_banks[0].u_input_cache_bank_i_1/O
                         net (fo=16, routed)          0.400     1.842    gen_input_slots[1].gen_input_banks[0].u_input_cache_bank/data_wr_addr[9]
    SLICE_X55Y92         LUT5 (Prop_B6LUT_SLICEM_I3_O)
                                                      0.089     1.931 r  gen_input_slots[1].gen_input_banks[0].u_input_cache_bank/data_mem_reg_256_319_0_6_i_1/O
                         net (fo=20, routed)          0.440     2.371    gen_input_slots[1].gen_input_banks[0].u_input_cache_bank/data_mem_reg_256_319_14_15/WE
    SLICE_X53Y86         RAMD64E                                      r  gen_input_slots[1].gen_input_banks[0].u_input_cache_bank/data_mem_reg_256_319_14_15/RAMB/WE
  -------------------------------------------------------------------    -------------------

                         (clock clk rise edge)        2.000     2.000 r  
                                                      0.000     2.000 r  clk (IN)
                         net (fo=34258, unset)        0.043     2.043    gen_input_slots[1].gen_input_banks[0].u_input_cache_bank/data_mem_reg_256_319_14_15/WCLK
    SLICE_X53Y86         RAMD64E                                      r  gen_input_slots[1].gen_input_banks[0].u_input_cache_bank/data_mem_reg_256_319_14_15/RAMB/CLK
                         clock pessimism              0.000     2.043    
                         clock uncertainty           -0.035     2.008    
    SLICE_X53Y86         RAMD64E (Setup_F6LUT_SLICEM_CLK_WE)
                                                     -0.180     1.828    gen_input_slots[1].gen_input_banks[0].u_input_cache_bank/data_mem_reg_256_319_14_15/RAMB
  -------------------------------------------------------------------
                         required time                          1.828    
                         arrival time                          -2.371    
  -------------------------------------------------------------------
                         slack                                 -0.544    

Slack (VIOLATED) :        -0.544ns  (required time - arrival time)
  Source:                 slot_width_reg[1][5]_replica/C
                            (rising edge-triggered cell FDCE clocked by clk  {rise@0.000ns fall@1.000ns period=2.000ns})
  Destination:            gen_input_slots[1].gen_input_banks[0].u_input_cache_bank/data_mem_reg_256_319_14_15/RAMC/WE
                            (rising edge-triggered cell RAMD64E clocked by clk  {rise@0.000ns fall@1.000ns period=2.000ns})
  Path Group:             clk
  Path Type:              Setup (Max at Slow Process Corner)
  Requirement:            2.000ns  (clk rise@2.000ns - clk rise@0.000ns)
  Data Path Delay:        2.343ns  (logic 0.685ns (29.232%)  route 1.658ns (70.768%))
  Logic Levels:           6  (LUT3=1 LUT4=1 LUT5=1 LUT6=3)
  Clock Path Skew:        0.015ns (DCD - SCD + CPR)
    Destination Clock Delay (DCD):    0.043ns = ( 2.043 - 2.000 ) 
    Source Clock Delay      (SCD):    0.028ns
    Clock Pessimism Removal (CPR):    0.000ns
  Clock Uncertainty:      0.035ns  ((TSJ^2 + TIJ^2)^1/2 + DJ) / 2 + PE
    Total System Jitter     (TSJ):    0.071ns
    Total Input Jitter      (TIJ):    0.000ns
    Discrete Jitter          (DJ):    0.000ns
    Phase Error              (PE):    0.000ns

    Location             Delay type                Incr(ns)  Path(ns)    Netlist Resource(s)
  -------------------------------------------------------------------    -------------------
                         (clock clk rise edge)        0.000     0.000 r  
                                                      0.000     0.000 r  clk (IN)
                         net (fo=34258, unset)        0.028     0.028    clk
    SLICE_X68Y90         FDCE                                         r  slot_width_reg[1][5]_replica/C
  -------------------------------------------------------------------    -------------------
    SLICE_X68Y90         FDCE (Prop_DFF_SLICEL_C_Q)
                                                      0.079     0.107 f  slot_width_reg[1][5]_replica/Q
                         net (fo=2, routed)           0.101     0.208    slot_width_reg_n_0_[1][5]_repN
    SLICE_X68Y92         LUT3 (Prop_B6LUT_SLICEL_I0_O)
                                                      0.090     0.298 f  gen_input_slots[1].gen_input_banks[3].u_input_cache_bank_i_77/O
                         net (fo=15, routed)          0.116     0.414    gen_input_slots[1].gen_input_banks[3].u_input_cache_bank_i_77_n_0
    SLICE_X67Y92         LUT6 (Prop_A6LUT_SLICEM_I0_O)
                                                      0.090     0.504 f  gen_input_slots[1].gen_input_banks[3].u_input_cache_bank_i_85/O
                         net (fo=3, routed)           0.058     0.563    gen_input_slots[1].gen_input_banks[3].u_input_cache_bank_i_85_n_0
    SLICE_X67Y91         LUT4 (Prop_G6LUT_SLICEM_I0_O)
                                                      0.037     0.600 f  gen_input_slots[1].gen_input_banks[3].u_input_cache_bank_i_62/O
                         net (fo=19, routed)          0.365     0.965    gen_input_slots[1].gen_input_banks[3].u_input_cache_bank_i_62_n_0
    SLICE_X60Y92         LUT6 (Prop_H6LUT_SLICEL_I1_O)
                                                      0.150     1.115 r  gen_input_slots[1].gen_input_banks[1].u_input_cache_bank_i_40_replica_4/O
                         net (fo=23, routed)          0.177     1.292    gen_input_slots[1].gen_input_banks[1].u_input_cache_bank_i_40_n_0_repN_4
    SLICE_X60Y90         LUT6 (Prop_H6LUT_SLICEL_I2_O)
                                                      0.150     1.442 f  gen_input_slots[1].gen_input_banks[0].u_input_cache_bank_i_1/O
                         net (fo=16, routed)          0.400     1.842    gen_input_slots[1].gen_input_banks[0].u_input_cache_bank/data_wr_addr[9]
    SLICE_X55Y92         LUT5 (Prop_B6LUT_SLICEM_I3_O)
                                                      0.089     1.931 r  gen_input_slots[1].gen_input_banks[0].u_input_cache_bank/data_mem_reg_256_319_0_6_i_1/O
                         net (fo=20, routed)          0.440     2.371    gen_input_slots[1].gen_input_banks[0].u_input_cache_bank/data_mem_reg_256_319_14_15/WE
    SLICE_X53Y86         RAMD64E                                      r  gen_input_slots[1].gen_input_banks[0].u_input_cache_bank/data_mem_reg_256_319_14_15/RAMC/WE
  -------------------------------------------------------------------    -------------------

                         (clock clk rise edge)        2.000     2.000 r  
                                                      0.000     2.000 r  clk (IN)
                         net (fo=34258, unset)        0.043     2.043    gen_input_slots[1].gen_input_banks[0].u_input_cache_bank/data_mem_reg_256_319_14_15/WCLK
    SLICE_X53Y86         RAMD64E                                      r  gen_input_slots[1].gen_input_banks[0].u_input_cache_bank/data_mem_reg_256_319_14_15/RAMC/CLK
                         clock pessimism              0.000     2.043    
                         clock uncertainty           -0.035     2.008    
    SLICE_X53Y86         RAMD64E (Setup_G6LUT_SLICEM_CLK_WE)
                                                     -0.180     1.828    gen_input_slots[1].gen_input_banks[0].u_input_cache_bank/data_mem_reg_256_319_14_15/RAMC
  -------------------------------------------------------------------
                         required time                          1.828    
                         arrival time                          -2.371    
  -------------------------------------------------------------------
                         slack                                 -0.544    

Slack (VIOLATED) :        -0.544ns  (required time - arrival time)
  Source:                 slot_width_reg[1][5]_replica/C
                            (rising edge-triggered cell FDCE clocked by clk  {rise@0.000ns fall@1.000ns period=2.000ns})
  Destination:            gen_input_slots[1].gen_input_banks[0].u_input_cache_bank/data_mem_reg_256_319_14_15/RAMD/WE
                            (rising edge-triggered cell RAMD64E clocked by clk  {rise@0.000ns fall@1.000ns period=2.000ns})
  Path Group:             clk
  Path Type:              Setup (Max at Slow Process Corner)
  Requirement:            2.000ns  (clk rise@2.000ns - clk rise@0.000ns)
  Data Path Delay:        2.343ns  (logic 0.685ns (29.232%)  route 1.658ns (70.768%))
  Logic Levels:           6  (LUT3=1 LUT4=1 LUT5=1 LUT6=3)
  Clock Path Skew:        0.015ns (DCD - SCD + CPR)
    Destination Clock Delay (DCD):    0.043ns = ( 2.043 - 2.000 ) 
    Source Clock Delay      (SCD):    0.028ns
    Clock Pessimism Removal (CPR):    0.000ns
  Clock Uncertainty:      0.035ns  ((TSJ^2 + TIJ^2)^1/2 + DJ) / 2 + PE
    Total System Jitter     (TSJ):    0.071ns
    Total Input Jitter      (TIJ):    0.000ns
    Discrete Jitter          (DJ):    0.000ns
    Phase Error              (PE):    0.000ns

    Location             Delay type                Incr(ns)  Path(ns)    Netlist Resource(s)
  -------------------------------------------------------------------    -------------------
                         (clock clk rise edge)        0.000     0.000 r  
                                                      0.000     0.000 r  clk (IN)
                         net (fo=34258, unset)        0.028     0.028    clk
    SLICE_X68Y90         FDCE                                         r  slot_width_reg[1][5]_replica/C
  -------------------------------------------------------------------    -------------------
    SLICE_X68Y90         FDCE (Prop_DFF_SLICEL_C_Q)
                                                      0.079     0.107 f  slot_width_reg[1][5]_replica/Q
                         net (fo=2, routed)           0.101     0.208    slot_width_reg_n_0_[1][5]_repN
    SLICE_X68Y92         LUT3 (Prop_B6LUT_SLICEL_I0_O)
                                                      0.090     0.298 f  gen_input_slots[1].gen_input_banks[3].u_input_cache_bank_i_77/O
                         net (fo=15, routed)          0.116     0.414    gen_input_slots[1].gen_input_banks[3].u_input_cache_bank_i_77_n_0
    SLICE_X67Y92         LUT6 (Prop_A6LUT_SLICEM_I0_O)
                                                      0.090     0.504 f  gen_input_slots[1].gen_input_banks[3].u_input_cache_bank_i_85/O
                         net (fo=3, routed)           0.058     0.563    gen_input_slots[1].gen_input_banks[3].u_input_cache_bank_i_85_n_0
    SLICE_X67Y91         LUT4 (Prop_G6LUT_SLICEM_I0_O)
                                                      0.037     0.600 f  gen_input_slots[1].gen_input_banks[3].u_input_cache_bank_i_62/O
                         net (fo=19, routed)          0.365     0.965    gen_input_slots[1].gen_input_banks[3].u_input_cache_bank_i_62_n_0
    SLICE_X60Y92         LUT6 (Prop_H6LUT_SLICEL_I1_O)
                                                      0.150     1.115 r  gen_input_slots[1].gen_input_banks[1].u_input_cache_bank_i_40_replica_4/O
                         net (fo=23, routed)          0.177     1.292    gen_input_slots[1].gen_input_banks[1].u_input_cache_bank_i_40_n_0_repN_4
    SLICE_X60Y90         LUT6 (Prop_H6LUT_SLICEL_I2_O)
                                                      0.150     1.442 f  gen_input_slots[1].gen_input_banks[0].u_input_cache_bank_i_1/O
                         net (fo=16, routed)          0.400     1.842    gen_input_slots[1].gen_input_banks[0].u_input_cache_bank/data_wr_addr[9]
    SLICE_X55Y92         LUT5 (Prop_B6LUT_SLICEM_I3_O)
                                                      0.089     1.931 r  gen_input_slots[1].gen_input_banks[0].u_input_cache_bank/data_mem_reg_256_319_0_6_i_1/O
                         net (fo=20, routed)          0.440     2.371    gen_input_slots[1].gen_input_banks[0].u_input_cache_bank/data_mem_reg_256_319_14_15/WE
    SLICE_X53Y86         RAMD64E                                      r  gen_input_slots[1].gen_input_banks[0].u_input_cache_bank/data_mem_reg_256_319_14_15/RAMD/WE
  -------------------------------------------------------------------    -------------------

                         (clock clk rise edge)        2.000     2.000 r  
                                                      0.000     2.000 r  clk (IN)
                         net (fo=34258, unset)        0.043     2.043    gen_input_slots[1].gen_input_banks[0].u_input_cache_bank/data_mem_reg_256_319_14_15/WCLK
    SLICE_X53Y86         RAMD64E                                      r  gen_input_slots[1].gen_input_banks[0].u_input_cache_bank/data_mem_reg_256_319_14_15/RAMD/CLK
                         clock pessimism              0.000     2.043    
                         clock uncertainty           -0.035     2.008    
    SLICE_X53Y86         RAMD64E (Setup_H6LUT_SLICEM_CLK_WE)
                                                     -0.180     1.828    gen_input_slots[1].gen_input_banks[0].u_input_cache_bank/data_mem_reg_256_319_14_15/RAMD
  -------------------------------------------------------------------
                         required time                          1.828    
                         arrival time                          -2.371    
  -------------------------------------------------------------------
                         slack                                 -0.544    

Slack (VIOLATED) :        -0.538ns  (required time - arrival time)
  Source:                 slot_width_reg[1][5]_replica/C
                            (rising edge-triggered cell FDCE clocked by clk  {rise@0.000ns fall@1.000ns period=2.000ns})
  Destination:            gen_input_slots[1].gen_input_banks[0].u_input_cache_bank/data_mem_reg_256_319_0_6/RAMA/WE
                            (rising edge-triggered cell RAMD64E clocked by clk  {rise@0.000ns fall@1.000ns period=2.000ns})
  Path Group:             clk
  Path Type:              Setup (Max at Slow Process Corner)
  Requirement:            2.000ns  (clk rise@2.000ns - clk rise@0.000ns)
  Data Path Delay:        2.337ns  (logic 0.685ns (29.307%)  route 1.652ns (70.693%))
  Logic Levels:           6  (LUT3=1 LUT4=1 LUT5=1 LUT6=3)
  Clock Path Skew:        0.015ns (DCD - SCD + CPR)
    Destination Clock Delay (DCD):    0.043ns = ( 2.043 - 2.000 ) 
    Source Clock Delay      (SCD):    0.028ns
    Clock Pessimism Removal (CPR):    0.000ns
  Clock Uncertainty:      0.035ns  ((TSJ^2 + TIJ^2)^1/2 + DJ) / 2 + PE
    Total System Jitter     (TSJ):    0.071ns
    Total Input Jitter      (TIJ):    0.000ns
    Discrete Jitter          (DJ):    0.000ns
    Phase Error              (PE):    0.000ns

    Location             Delay type                Incr(ns)  Path(ns)    Netlist Resource(s)
  -------------------------------------------------------------------    -------------------
                         (clock clk rise edge)        0.000     0.000 r  
                                                      0.000     0.000 r  clk (IN)
                         net (fo=34258, unset)        0.028     0.028    clk
    SLICE_X68Y90         FDCE                                         r  slot_width_reg[1][5]_replica/C
  -------------------------------------------------------------------    -------------------
    SLICE_X68Y90         FDCE (Prop_DFF_SLICEL_C_Q)
                                                      0.079     0.107 f  slot_width_reg[1][5]_replica/Q
                         net (fo=2, routed)           0.101     0.208    slot_width_reg_n_0_[1][5]_repN
    SLICE_X68Y92         LUT3 (Prop_B6LUT_SLICEL_I0_O)
                                                      0.090     0.298 f  gen_input_slots[1].gen_input_banks[3].u_input_cache_bank_i_77/O
                         net (fo=15, routed)          0.116     0.414    gen_input_slots[1].gen_input_banks[3].u_input_cache_bank_i_77_n_0
    SLICE_X67Y92         LUT6 (Prop_A6LUT_SLICEM_I0_O)
                                                      0.090     0.504 f  gen_input_slots[1].gen_input_banks[3].u_input_cache_bank_i_85/O
                         net (fo=3, routed)           0.058     0.563    gen_input_slots[1].gen_input_banks[3].u_input_cache_bank_i_85_n_0
    SLICE_X67Y91         LUT4 (Prop_G6LUT_SLICEM_I0_O)
                                                      0.037     0.600 f  gen_input_slots[1].gen_input_banks[3].u_input_cache_bank_i_62/O
                         net (fo=19, routed)          0.365     0.965    gen_input_slots[1].gen_input_banks[3].u_input_cache_bank_i_62_n_0
    SLICE_X60Y92         LUT6 (Prop_H6LUT_SLICEL_I1_O)
                                                      0.150     1.115 r  gen_input_slots[1].gen_input_banks[1].u_input_cache_bank_i_40_replica_4/O
                         net (fo=23, routed)          0.177     1.292    gen_input_slots[1].gen_input_banks[1].u_input_cache_bank_i_40_n_0_repN_4
    SLICE_X60Y90         LUT6 (Prop_H6LUT_SLICEL_I2_O)
                                                      0.150     1.442 f  gen_input_slots[1].gen_input_banks[0].u_input_cache_bank_i_1/O
                         net (fo=16, routed)          0.400     1.842    gen_input_slots[1].gen_input_banks[0].u_input_cache_bank/data_wr_addr[9]
    SLICE_X55Y92         LUT5 (Prop_B6LUT_SLICEM_I3_O)
                                                      0.089     1.931 r  gen_input_slots[1].gen_input_banks[0].u_input_cache_bank/data_mem_reg_256_319_0_6_i_1/O
                         net (fo=20, routed)          0.434     2.365    gen_input_slots[1].gen_input_banks[0].u_input_cache_bank/data_mem_reg_256_319_0_6/WE
    SLICE_X53Y87         RAMD64E                                      r  gen_input_slots[1].gen_input_banks[0].u_input_cache_bank/data_mem_reg_256_319_0_6/RAMA/WE
  -------------------------------------------------------------------    -------------------

                         (clock clk rise edge)        2.000     2.000 r  
                                                      0.000     2.000 r  clk (IN)
                         net (fo=34258, unset)        0.043     2.043    gen_input_slots[1].gen_input_banks[0].u_input_cache_bank/data_mem_reg_256_319_0_6/WCLK
    SLICE_X53Y87         RAMD64E                                      r  gen_input_slots[1].gen_input_banks[0].u_input_cache_bank/data_mem_reg_256_319_0_6/RAMA/CLK
                         clock pessimism              0.000     2.043    
                         clock uncertainty           -0.035     2.008    
    SLICE_X53Y87         RAMD64E (Setup_A6LUT_SLICEM_CLK_WE)
                                                     -0.180     1.828    gen_input_slots[1].gen_input_banks[0].u_input_cache_bank/data_mem_reg_256_319_0_6/RAMA
  -------------------------------------------------------------------
                         required time                          1.828    
                         arrival time                          -2.365    
  -------------------------------------------------------------------
                         slack                                 -0.538    

Slack (VIOLATED) :        -0.538ns  (required time - arrival time)
  Source:                 slot_width_reg[1][5]_replica/C
                            (rising edge-triggered cell FDCE clocked by clk  {rise@0.000ns fall@1.000ns period=2.000ns})
  Destination:            gen_input_slots[1].gen_input_banks[0].u_input_cache_bank/data_mem_reg_256_319_0_6/RAMB/WE
                            (rising edge-triggered cell RAMD64E clocked by clk  {rise@0.000ns fall@1.000ns period=2.000ns})
  Path Group:             clk
  Path Type:              Setup (Max at Slow Process Corner)
  Requirement:            2.000ns  (clk rise@2.000ns - clk rise@0.000ns)
  Data Path Delay:        2.337ns  (logic 0.685ns (29.307%)  route 1.652ns (70.693%))
  Logic Levels:           6  (LUT3=1 LUT4=1 LUT5=1 LUT6=3)
  Clock Path Skew:        0.015ns (DCD - SCD + CPR)
    Destination Clock Delay (DCD):    0.043ns = ( 2.043 - 2.000 ) 
    Source Clock Delay      (SCD):    0.028ns
    Clock Pessimism Removal (CPR):    0.000ns
  Clock Uncertainty:      0.035ns  ((TSJ^2 + TIJ^2)^1/2 + DJ) / 2 + PE
    Total System Jitter     (TSJ):    0.071ns
    Total Input Jitter      (TIJ):    0.000ns
    Discrete Jitter          (DJ):    0.000ns
    Phase Error              (PE):    0.000ns

    Location             Delay type                Incr(ns)  Path(ns)    Netlist Resource(s)
  -------------------------------------------------------------------    -------------------
                         (clock clk rise edge)        0.000     0.000 r  
                                                      0.000     0.000 r  clk (IN)
                         net (fo=34258, unset)        0.028     0.028    clk
    SLICE_X68Y90         FDCE                                         r  slot_width_reg[1][5]_replica/C
  -------------------------------------------------------------------    -------------------
    SLICE_X68Y90         FDCE (Prop_DFF_SLICEL_C_Q)
                                                      0.079     0.107 f  slot_width_reg[1][5]_replica/Q
                         net (fo=2, routed)           0.101     0.208    slot_width_reg_n_0_[1][5]_repN
    SLICE_X68Y92         LUT3 (Prop_B6LUT_SLICEL_I0_O)
                                                      0.090     0.298 f  gen_input_slots[1].gen_input_banks[3].u_input_cache_bank_i_77/O
                         net (fo=15, routed)          0.116     0.414    gen_input_slots[1].gen_input_banks[3].u_input_cache_bank_i_77_n_0
    SLICE_X67Y92         LUT6 (Prop_A6LUT_SLICEM_I0_O)
                                                      0.090     0.504 f  gen_input_slots[1].gen_input_banks[3].u_input_cache_bank_i_85/O
                         net (fo=3, routed)           0.058     0.563    gen_input_slots[1].gen_input_banks[3].u_input_cache_bank_i_85_n_0
    SLICE_X67Y91         LUT4 (Prop_G6LUT_SLICEM_I0_O)
                                                      0.037     0.600 f  gen_input_slots[1].gen_input_banks[3].u_input_cache_bank_i_62/O
                         net (fo=19, routed)          0.365     0.965    gen_input_slots[1].gen_input_banks[3].u_input_cache_bank_i_62_n_0
    SLICE_X60Y92         LUT6 (Prop_H6LUT_SLICEL_I1_O)
                                                      0.150     1.115 r  gen_input_slots[1].gen_input_banks[1].u_input_cache_bank_i_40_replica_4/O
                         net (fo=23, routed)          0.177     1.292    gen_input_slots[1].gen_input_banks[1].u_input_cache_bank_i_40_n_0_repN_4
    SLICE_X60Y90         LUT6 (Prop_H6LUT_SLICEL_I2_O)
                                                      0.150     1.442 f  gen_input_slots[1].gen_input_banks[0].u_input_cache_bank_i_1/O
                         net (fo=16, routed)          0.400     1.842    gen_input_slots[1].gen_input_banks[0].u_input_cache_bank/data_wr_addr[9]
    SLICE_X55Y92         LUT5 (Prop_B6LUT_SLICEM_I3_O)
                                                      0.089     1.931 r  gen_input_slots[1].gen_input_banks[0].u_input_cache_bank/data_mem_reg_256_319_0_6_i_1/O
                         net (fo=20, routed)          0.434     2.365    gen_input_slots[1].gen_input_banks[0].u_input_cache_bank/data_mem_reg_256_319_0_6/WE
    SLICE_X53Y87         RAMD64E                                      r  gen_input_slots[1].gen_input_banks[0].u_input_cache_bank/data_mem_reg_256_319_0_6/RAMB/WE
  -------------------------------------------------------------------    -------------------

                         (clock clk rise edge)        2.000     2.000 r  
                                                      0.000     2.000 r  clk (IN)
                         net (fo=34258, unset)        0.043     2.043    gen_input_slots[1].gen_input_banks[0].u_input_cache_bank/data_mem_reg_256_319_0_6/WCLK
    SLICE_X53Y87         RAMD64E                                      r  gen_input_slots[1].gen_input_banks[0].u_input_cache_bank/data_mem_reg_256_319_0_6/RAMB/CLK
                         clock pessimism              0.000     2.043    
                         clock uncertainty           -0.035     2.008    
    SLICE_X53Y87         RAMD64E (Setup_B6LUT_SLICEM_CLK_WE)
                                                     -0.180     1.828    gen_input_slots[1].gen_input_banks[0].u_input_cache_bank/data_mem_reg_256_319_0_6/RAMB
  -------------------------------------------------------------------
                         required time                          1.828    
                         arrival time                          -2.365    
  -------------------------------------------------------------------
                         slack                                 -0.538    

Slack (VIOLATED) :        -0.538ns  (required time - arrival time)
  Source:                 slot_width_reg[1][5]_replica/C
                            (rising edge-triggered cell FDCE clocked by clk  {rise@0.000ns fall@1.000ns period=2.000ns})
  Destination:            gen_input_slots[1].gen_input_banks[0].u_input_cache_bank/data_mem_reg_256_319_0_6/RAMC/WE
                            (rising edge-triggered cell RAMD64E clocked by clk  {rise@0.000ns fall@1.000ns period=2.000ns})
  Path Group:             clk
  Path Type:              Setup (Max at Slow Process Corner)
  Requirement:            2.000ns  (clk rise@2.000ns - clk rise@0.000ns)
  Data Path Delay:        2.337ns  (logic 0.685ns (29.307%)  route 1.652ns (70.693%))
  Logic Levels:           6  (LUT3=1 LUT4=1 LUT5=1 LUT6=3)
  Clock Path Skew:        0.015ns (DCD - SCD + CPR)
    Destination Clock Delay (DCD):    0.043ns = ( 2.043 - 2.000 ) 
    Source Clock Delay      (SCD):    0.028ns
    Clock Pessimism Removal (CPR):    0.000ns
  Clock Uncertainty:      0.035ns  ((TSJ^2 + TIJ^2)^1/2 + DJ) / 2 + PE
    Total System Jitter     (TSJ):    0.071ns
    Total Input Jitter      (TIJ):    0.000ns
    Discrete Jitter          (DJ):    0.000ns
    Phase Error              (PE):    0.000ns

    Location             Delay type                Incr(ns)  Path(ns)    Netlist Resource(s)
  -------------------------------------------------------------------    -------------------
                         (clock clk rise edge)        0.000     0.000 r  
                                                      0.000     0.000 r  clk (IN)
                         net (fo=34258, unset)        0.028     0.028    clk
    SLICE_X68Y90         FDCE                                         r  slot_width_reg[1][5]_replica/C
  -------------------------------------------------------------------    -------------------
    SLICE_X68Y90         FDCE (Prop_DFF_SLICEL_C_Q)
                                                      0.079     0.107 f  slot_width_reg[1][5]_replica/Q
                         net (fo=2, routed)           0.101     0.208    slot_width_reg_n_0_[1][5]_repN
    SLICE_X68Y92         LUT3 (Prop_B6LUT_SLICEL_I0_O)
                                                      0.090     0.298 f  gen_input_slots[1].gen_input_banks[3].u_input_cache_bank_i_77/O
                         net (fo=15, routed)          0.116     0.414    gen_input_slots[1].gen_input_banks[3].u_input_cache_bank_i_77_n_0
    SLICE_X67Y92         LUT6 (Prop_A6LUT_SLICEM_I0_O)
                                                      0.090     0.504 f  gen_input_slots[1].gen_input_banks[3].u_input_cache_bank_i_85/O
                         net (fo=3, routed)           0.058     0.563    gen_input_slots[1].gen_input_banks[3].u_input_cache_bank_i_85_n_0
    SLICE_X67Y91         LUT4 (Prop_G6LUT_SLICEM_I0_O)
                                                      0.037     0.600 f  gen_input_slots[1].gen_input_banks[3].u_input_cache_bank_i_62/O
                         net (fo=19, routed)          0.365     0.965    gen_input_slots[1].gen_input_banks[3].u_input_cache_bank_i_62_n_0
    SLICE_X60Y92         LUT6 (Prop_H6LUT_SLICEL_I1_O)
                                                      0.150     1.115 r  gen_input_slots[1].gen_input_banks[1].u_input_cache_bank_i_40_replica_4/O
                         net (fo=23, routed)          0.177     1.292    gen_input_slots[1].gen_input_banks[1].u_input_cache_bank_i_40_n_0_repN_4
    SLICE_X60Y90         LUT6 (Prop_H6LUT_SLICEL_I2_O)
                                                      0.150     1.442 f  gen_input_slots[1].gen_input_banks[0].u_input_cache_bank_i_1/O
                         net (fo=16, routed)          0.400     1.842    gen_input_slots[1].gen_input_banks[0].u_input_cache_bank/data_wr_addr[9]
    SLICE_X55Y92         LUT5 (Prop_B6LUT_SLICEM_I3_O)
                                                      0.089     1.931 r  gen_input_slots[1].gen_input_banks[0].u_input_cache_bank/data_mem_reg_256_319_0_6_i_1/O
                         net (fo=20, routed)          0.434     2.365    gen_input_slots[1].gen_input_banks[0].u_input_cache_bank/data_mem_reg_256_319_0_6/WE
    SLICE_X53Y87         RAMD64E                                      r  gen_input_slots[1].gen_input_banks[0].u_input_cache_bank/data_mem_reg_256_319_0_6/RAMC/WE
  -------------------------------------------------------------------    -------------------

                         (clock clk rise edge)        2.000     2.000 r  
                                                      0.000     2.000 r  clk (IN)
                         net (fo=34258, unset)        0.043     2.043    gen_input_slots[1].gen_input_banks[0].u_input_cache_bank/data_mem_reg_256_319_0_6/WCLK
    SLICE_X53Y87         RAMD64E                                      r  gen_input_slots[1].gen_input_banks[0].u_input_cache_bank/data_mem_reg_256_319_0_6/RAMC/CLK
                         clock pessimism              0.000     2.043    
                         clock uncertainty           -0.035     2.008    
    SLICE_X53Y87         RAMD64E (Setup_C6LUT_SLICEM_CLK_WE)
                                                     -0.180     1.828    gen_input_slots[1].gen_input_banks[0].u_input_cache_bank/data_mem_reg_256_319_0_6/RAMC
  -------------------------------------------------------------------
                         required time                          1.828    
                         arrival time                          -2.365    
  -------------------------------------------------------------------
                         slack                                 -0.538    

Slack (VIOLATED) :        -0.538ns  (required time - arrival time)
  Source:                 slot_width_reg[1][5]_replica/C
                            (rising edge-triggered cell FDCE clocked by clk  {rise@0.000ns fall@1.000ns period=2.000ns})
  Destination:            gen_input_slots[1].gen_input_banks[0].u_input_cache_bank/data_mem_reg_256_319_0_6/RAMD/WE
                            (rising edge-triggered cell RAMD64E clocked by clk  {rise@0.000ns fall@1.000ns period=2.000ns})
  Path Group:             clk
  Path Type:              Setup (Max at Slow Process Corner)
  Requirement:            2.000ns  (clk rise@2.000ns - clk rise@0.000ns)
  Data Path Delay:        2.337ns  (logic 0.685ns (29.307%)  route 1.652ns (70.693%))
  Logic Levels:           6  (LUT3=1 LUT4=1 LUT5=1 LUT6=3)
  Clock Path Skew:        0.015ns (DCD - SCD + CPR)
    Destination Clock Delay (DCD):    0.043ns = ( 2.043 - 2.000 ) 
    Source Clock Delay      (SCD):    0.028ns
    Clock Pessimism Removal (CPR):    0.000ns
  Clock Uncertainty:      0.035ns  ((TSJ^2 + TIJ^2)^1/2 + DJ) / 2 + PE
    Total System Jitter     (TSJ):    0.071ns
    Total Input Jitter      (TIJ):    0.000ns
    Discrete Jitter          (DJ):    0.000ns
    Phase Error              (PE):    0.000ns

    Location             Delay type                Incr(ns)  Path(ns)    Netlist Resource(s)
  -------------------------------------------------------------------    -------------------
                         (clock clk rise edge)        0.000     0.000 r  
                                                      0.000     0.000 r  clk (IN)
                         net (fo=34258, unset)        0.028     0.028    clk
    SLICE_X68Y90         FDCE                                         r  slot_width_reg[1][5]_replica/C
  -------------------------------------------------------------------    -------------------
    SLICE_X68Y90         FDCE (Prop_DFF_SLICEL_C_Q)
                                                      0.079     0.107 f  slot_width_reg[1][5]_replica/Q
                         net (fo=2, routed)           0.101     0.208    slot_width_reg_n_0_[1][5]_repN
    SLICE_X68Y92         LUT3 (Prop_B6LUT_SLICEL_I0_O)
                                                      0.090     0.298 f  gen_input_slots[1].gen_input_banks[3].u_input_cache_bank_i_77/O
                         net (fo=15, routed)          0.116     0.414    gen_input_slots[1].gen_input_banks[3].u_input_cache_bank_i_77_n_0
    SLICE_X67Y92         LUT6 (Prop_A6LUT_SLICEM_I0_O)
                                                      0.090     0.504 f  gen_input_slots[1].gen_input_banks[3].u_input_cache_bank_i_85/O
                         net (fo=3, routed)           0.058     0.563    gen_input_slots[1].gen_input_banks[3].u_input_cache_bank_i_85_n_0
    SLICE_X67Y91         LUT4 (Prop_G6LUT_SLICEM_I0_O)
                                                      0.037     0.600 f  gen_input_slots[1].gen_input_banks[3].u_input_cache_bank_i_62/O
                         net (fo=19, routed)          0.365     0.965    gen_input_slots[1].gen_input_banks[3].u_input_cache_bank_i_62_n_0
    SLICE_X60Y92         LUT6 (Prop_H6LUT_SLICEL_I1_O)
                                                      0.150     1.115 r  gen_input_slots[1].gen_input_banks[1].u_input_cache_bank_i_40_replica_4/O
                         net (fo=23, routed)          0.177     1.292    gen_input_slots[1].gen_input_banks[1].u_input_cache_bank_i_40_n_0_repN_4
    SLICE_X60Y90         LUT6 (Prop_H6LUT_SLICEL_I2_O)
                                                      0.150     1.442 f  gen_input_slots[1].gen_input_banks[0].u_input_cache_bank_i_1/O
                         net (fo=16, routed)          0.400     1.842    gen_input_slots[1].gen_input_banks[0].u_input_cache_bank/data_wr_addr[9]
    SLICE_X55Y92         LUT5 (Prop_B6LUT_SLICEM_I3_O)
                                                      0.089     1.931 r  gen_input_slots[1].gen_input_banks[0].u_input_cache_bank/data_mem_reg_256_319_0_6_i_1/O
                         net (fo=20, routed)          0.434     2.365    gen_input_slots[1].gen_input_banks[0].u_input_cache_bank/data_mem_reg_256_319_0_6/WE
    SLICE_X53Y87         RAMD64E                                      r  gen_input_slots[1].gen_input_banks[0].u_input_cache_bank/data_mem_reg_256_319_0_6/RAMD/WE
  -------------------------------------------------------------------    -------------------

                         (clock clk rise edge)        2.000     2.000 r  
                                                      0.000     2.000 r  clk (IN)
                         net (fo=34258, unset)        0.043     2.043    gen_input_slots[1].gen_input_banks[0].u_input_cache_bank/data_mem_reg_256_319_0_6/WCLK
    SLICE_X53Y87         RAMD64E                                      r  gen_input_slots[1].gen_input_banks[0].u_input_cache_bank/data_mem_reg_256_319_0_6/RAMD/CLK
                         clock pessimism              0.000     2.043    
                         clock uncertainty           -0.035     2.008    
    SLICE_X53Y87         RAMD64E (Setup_D6LUT_SLICEM_CLK_WE)
                                                     -0.180     1.828    gen_input_slots[1].gen_input_banks[0].u_input_cache_bank/data_mem_reg_256_319_0_6/RAMD
  -------------------------------------------------------------------
                         required time                          1.828    
                         arrival time                          -2.365    
  -------------------------------------------------------------------
                         slack                                 -0.538    

Slack (VIOLATED) :        -0.538ns  (required time - arrival time)
  Source:                 slot_width_reg[1][5]_replica/C
                            (rising edge-triggered cell FDCE clocked by clk  {rise@0.000ns fall@1.000ns period=2.000ns})
  Destination:            gen_input_slots[1].gen_input_banks[0].u_input_cache_bank/data_mem_reg_256_319_0_6/RAME/WE
                            (rising edge-triggered cell RAMD64E clocked by clk  {rise@0.000ns fall@1.000ns period=2.000ns})
  Path Group:             clk
  Path Type:              Setup (Max at Slow Process Corner)
  Requirement:            2.000ns  (clk rise@2.000ns - clk rise@0.000ns)
  Data Path Delay:        2.337ns  (logic 0.685ns (29.307%)  route 1.652ns (70.693%))
  Logic Levels:           6  (LUT3=1 LUT4=1 LUT5=1 LUT6=3)
  Clock Path Skew:        0.015ns (DCD - SCD + CPR)
    Destination Clock Delay (DCD):    0.043ns = ( 2.043 - 2.000 ) 
    Source Clock Delay      (SCD):    0.028ns
    Clock Pessimism Removal (CPR):    0.000ns
  Clock Uncertainty:      0.035ns  ((TSJ^2 + TIJ^2)^1/2 + DJ) / 2 + PE
    Total System Jitter     (TSJ):    0.071ns
    Total Input Jitter      (TIJ):    0.000ns
    Discrete Jitter          (DJ):    0.000ns
    Phase Error              (PE):    0.000ns

    Location             Delay type                Incr(ns)  Path(ns)    Netlist Resource(s)
  -------------------------------------------------------------------    -------------------
                         (clock clk rise edge)        0.000     0.000 r  
                                                      0.000     0.000 r  clk (IN)
                         net (fo=34258, unset)        0.028     0.028    clk
    SLICE_X68Y90         FDCE                                         r  slot_width_reg[1][5]_replica/C
  -------------------------------------------------------------------    -------------------
    SLICE_X68Y90         FDCE (Prop_DFF_SLICEL_C_Q)
                                                      0.079     0.107 f  slot_width_reg[1][5]_replica/Q
                         net (fo=2, routed)           0.101     0.208    slot_width_reg_n_0_[1][5]_repN
    SLICE_X68Y92         LUT3 (Prop_B6LUT_SLICEL_I0_O)
                                                      0.090     0.298 f  gen_input_slots[1].gen_input_banks[3].u_input_cache_bank_i_77/O
                         net (fo=15, routed)          0.116     0.414    gen_input_slots[1].gen_input_banks[3].u_input_cache_bank_i_77_n_0
    SLICE_X67Y92         LUT6 (Prop_A6LUT_SLICEM_I0_O)
                                                      0.090     0.504 f  gen_input_slots[1].gen_input_banks[3].u_input_cache_bank_i_85/O
                         net (fo=3, routed)           0.058     0.563    gen_input_slots[1].gen_input_banks[3].u_input_cache_bank_i_85_n_0
    SLICE_X67Y91         LUT4 (Prop_G6LUT_SLICEM_I0_O)
                                                      0.037     0.600 f  gen_input_slots[1].gen_input_banks[3].u_input_cache_bank_i_62/O
                         net (fo=19, routed)          0.365     0.965    gen_input_slots[1].gen_input_banks[3].u_input_cache_bank_i_62_n_0
    SLICE_X60Y92         LUT6 (Prop_H6LUT_SLICEL_I1_O)
                                                      0.150     1.115 r  gen_input_slots[1].gen_input_banks[1].u_input_cache_bank_i_40_replica_4/O
                         net (fo=23, routed)          0.177     1.292    gen_input_slots[1].gen_input_banks[1].u_input_cache_bank_i_40_n_0_repN_4
    SLICE_X60Y90         LUT6 (Prop_H6LUT_SLICEL_I2_O)
                                                      0.150     1.442 f  gen_input_slots[1].gen_input_banks[0].u_input_cache_bank_i_1/O
                         net (fo=16, routed)          0.400     1.842    gen_input_slots[1].gen_input_banks[0].u_input_cache_bank/data_wr_addr[9]
    SLICE_X55Y92         LUT5 (Prop_B6LUT_SLICEM_I3_O)
                                                      0.089     1.931 r  gen_input_slots[1].gen_input_banks[0].u_input_cache_bank/data_mem_reg_256_319_0_6_i_1/O
                         net (fo=20, routed)          0.434     2.365    gen_input_slots[1].gen_input_banks[0].u_input_cache_bank/data_mem_reg_256_319_0_6/WE
    SLICE_X53Y87         RAMD64E                                      r  gen_input_slots[1].gen_input_banks[0].u_input_cache_bank/data_mem_reg_256_319_0_6/RAME/WE
  -------------------------------------------------------------------    -------------------

                         (clock clk rise edge)        2.000     2.000 r  
                                                      0.000     2.000 r  clk (IN)
                         net (fo=34258, unset)        0.043     2.043    gen_input_slots[1].gen_input_banks[0].u_input_cache_bank/data_mem_reg_256_319_0_6/WCLK
    SLICE_X53Y87         RAMD64E                                      r  gen_input_slots[1].gen_input_banks[0].u_input_cache_bank/data_mem_reg_256_319_0_6/RAME/CLK
                         clock pessimism              0.000     2.043    
                         clock uncertainty           -0.035     2.008    
    SLICE_X53Y87         RAMD64E (Setup_E6LUT_SLICEM_CLK_WE)
                                                     -0.180     1.828    gen_input_slots[1].gen_input_banks[0].u_input_cache_bank/data_mem_reg_256_319_0_6/RAME
  -------------------------------------------------------------------
                         required time                          1.828    
                         arrival time                          -2.365    
  -------------------------------------------------------------------
                         slack                                 -0.538    

Slack (VIOLATED) :        -0.538ns  (required time - arrival time)
  Source:                 slot_width_reg[1][5]_replica/C
                            (rising edge-triggered cell FDCE clocked by clk  {rise@0.000ns fall@1.000ns period=2.000ns})
  Destination:            gen_input_slots[1].gen_input_banks[0].u_input_cache_bank/data_mem_reg_256_319_0_6/RAMF/WE
                            (rising edge-triggered cell RAMD64E clocked by clk  {rise@0.000ns fall@1.000ns period=2.000ns})
  Path Group:             clk
  Path Type:              Setup (Max at Slow Process Corner)
  Requirement:            2.000ns  (clk rise@2.000ns - clk rise@0.000ns)
  Data Path Delay:        2.337ns  (logic 0.685ns (29.307%)  route 1.652ns (70.693%))
  Logic Levels:           6  (LUT3=1 LUT4=1 LUT5=1 LUT6=3)
  Clock Path Skew:        0.015ns (DCD - SCD + CPR)
    Destination Clock Delay (DCD):    0.043ns = ( 2.043 - 2.000 ) 
    Source Clock Delay      (SCD):    0.028ns
    Clock Pessimism Removal (CPR):    0.000ns
  Clock Uncertainty:      0.035ns  ((TSJ^2 + TIJ^2)^1/2 + DJ) / 2 + PE
    Total System Jitter     (TSJ):    0.071ns
    Total Input Jitter      (TIJ):    0.000ns
    Discrete Jitter          (DJ):    0.000ns
    Phase Error              (PE):    0.000ns

    Location             Delay type                Incr(ns)  Path(ns)    Netlist Resource(s)
  -------------------------------------------------------------------    -------------------
                         (clock clk rise edge)        0.000     0.000 r  
                                                      0.000     0.000 r  clk (IN)
                         net (fo=34258, unset)        0.028     0.028    clk
    SLICE_X68Y90         FDCE                                         r  slot_width_reg[1][5]_replica/C
  -------------------------------------------------------------------    -------------------
    SLICE_X68Y90         FDCE (Prop_DFF_SLICEL_C_Q)
                                                      0.079     0.107 f  slot_width_reg[1][5]_replica/Q
                         net (fo=2, routed)           0.101     0.208    slot_width_reg_n_0_[1][5]_repN
    SLICE_X68Y92         LUT3 (Prop_B6LUT_SLICEL_I0_O)
                                                      0.090     0.298 f  gen_input_slots[1].gen_input_banks[3].u_input_cache_bank_i_77/O
                         net (fo=15, routed)          0.116     0.414    gen_input_slots[1].gen_input_banks[3].u_input_cache_bank_i_77_n_0
    SLICE_X67Y92         LUT6 (Prop_A6LUT_SLICEM_I0_O)
                                                      0.090     0.504 f  gen_input_slots[1].gen_input_banks[3].u_input_cache_bank_i_85/O
                         net (fo=3, routed)           0.058     0.563    gen_input_slots[1].gen_input_banks[3].u_input_cache_bank_i_85_n_0
    SLICE_X67Y91         LUT4 (Prop_G6LUT_SLICEM_I0_O)
                                                      0.037     0.600 f  gen_input_slots[1].gen_input_banks[3].u_input_cache_bank_i_62/O
                         net (fo=19, routed)          0.365     0.965    gen_input_slots[1].gen_input_banks[3].u_input_cache_bank_i_62_n_0
    SLICE_X60Y92         LUT6 (Prop_H6LUT_SLICEL_I1_O)
                                                      0.150     1.115 r  gen_input_slots[1].gen_input_banks[1].u_input_cache_bank_i_40_replica_4/O
                         net (fo=23, routed)          0.177     1.292    gen_input_slots[1].gen_input_banks[1].u_input_cache_bank_i_40_n_0_repN_4
    SLICE_X60Y90         LUT6 (Prop_H6LUT_SLICEL_I2_O)
                                                      0.150     1.442 f  gen_input_slots[1].gen_input_banks[0].u_input_cache_bank_i_1/O
                         net (fo=16, routed)          0.400     1.842    gen_input_slots[1].gen_input_banks[0].u_input_cache_bank/data_wr_addr[9]
    SLICE_X55Y92         LUT5 (Prop_B6LUT_SLICEM_I3_O)
                                                      0.089     1.931 r  gen_input_slots[1].gen_input_banks[0].u_input_cache_bank/data_mem_reg_256_319_0_6_i_1/O
                         net (fo=20, routed)          0.434     2.365    gen_input_slots[1].gen_input_banks[0].u_input_cache_bank/data_mem_reg_256_319_0_6/WE
    SLICE_X53Y87         RAMD64E                                      r  gen_input_slots[1].gen_input_banks[0].u_input_cache_bank/data_mem_reg_256_319_0_6/RAMF/WE
  -------------------------------------------------------------------    -------------------

                         (clock clk rise edge)        2.000     2.000 r  
                                                      0.000     2.000 r  clk (IN)
                         net (fo=34258, unset)        0.043     2.043    gen_input_slots[1].gen_input_banks[0].u_input_cache_bank/data_mem_reg_256_319_0_6/WCLK
    SLICE_X53Y87         RAMD64E                                      r  gen_input_slots[1].gen_input_banks[0].u_input_cache_bank/data_mem_reg_256_319_0_6/RAMF/CLK
                         clock pessimism              0.000     2.043    
                         clock uncertainty           -0.035     2.008    
    SLICE_X53Y87         RAMD64E (Setup_F6LUT_SLICEM_CLK_WE)
                                                     -0.180     1.828    gen_input_slots[1].gen_input_banks[0].u_input_cache_bank/data_mem_reg_256_319_0_6/RAMF
  -------------------------------------------------------------------
                         required time                          1.828    
                         arrival time                          -2.365    
  -------------------------------------------------------------------
                         slack                                 -0.538    

Slack (VIOLATED) :        -0.538ns  (required time - arrival time)
  Source:                 slot_width_reg[1][5]_replica/C
                            (rising edge-triggered cell FDCE clocked by clk  {rise@0.000ns fall@1.000ns period=2.000ns})
  Destination:            gen_input_slots[1].gen_input_banks[0].u_input_cache_bank/data_mem_reg_256_319_0_6/RAMG/WE
                            (rising edge-triggered cell RAMD64E clocked by clk  {rise@0.000ns fall@1.000ns period=2.000ns})
  Path Group:             clk
  Path Type:              Setup (Max at Slow Process Corner)
  Requirement:            2.000ns  (clk rise@2.000ns - clk rise@0.000ns)
  Data Path Delay:        2.337ns  (logic 0.685ns (29.307%)  route 1.652ns (70.693%))
  Logic Levels:           6  (LUT3=1 LUT4=1 LUT5=1 LUT6=3)
  Clock Path Skew:        0.015ns (DCD - SCD + CPR)
    Destination Clock Delay (DCD):    0.043ns = ( 2.043 - 2.000 ) 
    Source Clock Delay      (SCD):    0.028ns
    Clock Pessimism Removal (CPR):    0.000ns
  Clock Uncertainty:      0.035ns  ((TSJ^2 + TIJ^2)^1/2 + DJ) / 2 + PE
    Total System Jitter     (TSJ):    0.071ns
    Total Input Jitter      (TIJ):    0.000ns
    Discrete Jitter          (DJ):    0.000ns
    Phase Error              (PE):    0.000ns

    Location             Delay type                Incr(ns)  Path(ns)    Netlist Resource(s)
  -------------------------------------------------------------------    -------------------
                         (clock clk rise edge)        0.000     0.000 r  
                                                      0.000     0.000 r  clk (IN)
                         net (fo=34258, unset)        0.028     0.028    clk
    SLICE_X68Y90         FDCE                                         r  slot_width_reg[1][5]_replica/C
  -------------------------------------------------------------------    -------------------
    SLICE_X68Y90         FDCE (Prop_DFF_SLICEL_C_Q)
                                                      0.079     0.107 f  slot_width_reg[1][5]_replica/Q
                         net (fo=2, routed)           0.101     0.208    slot_width_reg_n_0_[1][5]_repN
    SLICE_X68Y92         LUT3 (Prop_B6LUT_SLICEL_I0_O)
                                                      0.090     0.298 f  gen_input_slots[1].gen_input_banks[3].u_input_cache_bank_i_77/O
                         net (fo=15, routed)          0.116     0.414    gen_input_slots[1].gen_input_banks[3].u_input_cache_bank_i_77_n_0
    SLICE_X67Y92         LUT6 (Prop_A6LUT_SLICEM_I0_O)
                                                      0.090     0.504 f  gen_input_slots[1].gen_input_banks[3].u_input_cache_bank_i_85/O
                         net (fo=3, routed)           0.058     0.563    gen_input_slots[1].gen_input_banks[3].u_input_cache_bank_i_85_n_0
    SLICE_X67Y91         LUT4 (Prop_G6LUT_SLICEM_I0_O)
                                                      0.037     0.600 f  gen_input_slots[1].gen_input_banks[3].u_input_cache_bank_i_62/O
                         net (fo=19, routed)          0.365     0.965    gen_input_slots[1].gen_input_banks[3].u_input_cache_bank_i_62_n_0
    SLICE_X60Y92         LUT6 (Prop_H6LUT_SLICEL_I1_O)
                                                      0.150     1.115 r  gen_input_slots[1].gen_input_banks[1].u_input_cache_bank_i_40_replica_4/O
                         net (fo=23, routed)          0.177     1.292    gen_input_slots[1].gen_input_banks[1].u_input_cache_bank_i_40_n_0_repN_4
    SLICE_X60Y90         LUT6 (Prop_H6LUT_SLICEL_I2_O)
                                                      0.150     1.442 f  gen_input_slots[1].gen_input_banks[0].u_input_cache_bank_i_1/O
                         net (fo=16, routed)          0.400     1.842    gen_input_slots[1].gen_input_banks[0].u_input_cache_bank/data_wr_addr[9]
    SLICE_X55Y92         LUT5 (Prop_B6LUT_SLICEM_I3_O)
                                                      0.089     1.931 r  gen_input_slots[1].gen_input_banks[0].u_input_cache_bank/data_mem_reg_256_319_0_6_i_1/O
                         net (fo=20, routed)          0.434     2.365    gen_input_slots[1].gen_input_banks[0].u_input_cache_bank/data_mem_reg_256_319_0_6/WE
    SLICE_X53Y87         RAMD64E                                      r  gen_input_slots[1].gen_input_banks[0].u_input_cache_bank/data_mem_reg_256_319_0_6/RAMG/WE
  -------------------------------------------------------------------    -------------------

                         (clock clk rise edge)        2.000     2.000 r  
                                                      0.000     2.000 r  clk (IN)
                         net (fo=34258, unset)        0.043     2.043    gen_input_slots[1].gen_input_banks[0].u_input_cache_bank/data_mem_reg_256_319_0_6/WCLK
    SLICE_X53Y87         RAMD64E                                      r  gen_input_slots[1].gen_input_banks[0].u_input_cache_bank/data_mem_reg_256_319_0_6/RAMG/CLK
                         clock pessimism              0.000     2.043    
                         clock uncertainty           -0.035     2.008    
    SLICE_X53Y87         RAMD64E (Setup_G6LUT_SLICEM_CLK_WE)
                                                     -0.180     1.828    gen_input_slots[1].gen_input_banks[0].u_input_cache_bank/data_mem_reg_256_319_0_6/RAMG
  -------------------------------------------------------------------
                         required time                          1.828    
                         arrival time                          -2.365    
  -------------------------------------------------------------------
                         slack                                 -0.538    

Slack (VIOLATED) :        -0.538ns  (required time - arrival time)
  Source:                 slot_width_reg[1][5]_replica/C
                            (rising edge-triggered cell FDCE clocked by clk  {rise@0.000ns fall@1.000ns period=2.000ns})
  Destination:            gen_input_slots[1].gen_input_banks[0].u_input_cache_bank/data_mem_reg_256_319_0_6/RAMH/WE
                            (rising edge-triggered cell RAMD64E clocked by clk  {rise@0.000ns fall@1.000ns period=2.000ns})
  Path Group:             clk
  Path Type:              Setup (Max at Slow Process Corner)
  Requirement:            2.000ns  (clk rise@2.000ns - clk rise@0.000ns)
  Data Path Delay:        2.337ns  (logic 0.685ns (29.307%)  route 1.652ns (70.693%))
  Logic Levels:           6  (LUT3=1 LUT4=1 LUT5=1 LUT6=3)
  Clock Path Skew:        0.015ns (DCD - SCD + CPR)
    Destination Clock Delay (DCD):    0.043ns = ( 2.043 - 2.000 ) 
    Source Clock Delay      (SCD):    0.028ns
    Clock Pessimism Removal (CPR):    0.000ns
  Clock Uncertainty:      0.035ns  ((TSJ^2 + TIJ^2)^1/2 + DJ) / 2 + PE
    Total System Jitter     (TSJ):    0.071ns
    Total Input Jitter      (TIJ):    0.000ns
    Discrete Jitter          (DJ):    0.000ns
    Phase Error              (PE):    0.000ns

    Location             Delay type                Incr(ns)  Path(ns)    Netlist Resource(s)
  -------------------------------------------------------------------    -------------------
                         (clock clk rise edge)        0.000     0.000 r  
                                                      0.000     0.000 r  clk (IN)
                         net (fo=34258, unset)        0.028     0.028    clk
    SLICE_X68Y90         FDCE                                         r  slot_width_reg[1][5]_replica/C
  -------------------------------------------------------------------    -------------------
    SLICE_X68Y90         FDCE (Prop_DFF_SLICEL_C_Q)
                                                      0.079     0.107 f  slot_width_reg[1][5]_replica/Q
                         net (fo=2, routed)           0.101     0.208    slot_width_reg_n_0_[1][5]_repN
    SLICE_X68Y92         LUT3 (Prop_B6LUT_SLICEL_I0_O)
                                                      0.090     0.298 f  gen_input_slots[1].gen_input_banks[3].u_input_cache_bank_i_77/O
                         net (fo=15, routed)          0.116     0.414    gen_input_slots[1].gen_input_banks[3].u_input_cache_bank_i_77_n_0
    SLICE_X67Y92         LUT6 (Prop_A6LUT_SLICEM_I0_O)
                                                      0.090     0.504 f  gen_input_slots[1].gen_input_banks[3].u_input_cache_bank_i_85/O
                         net (fo=3, routed)           0.058     0.563    gen_input_slots[1].gen_input_banks[3].u_input_cache_bank_i_85_n_0
    SLICE_X67Y91         LUT4 (Prop_G6LUT_SLICEM_I0_O)
                                                      0.037     0.600 f  gen_input_slots[1].gen_input_banks[3].u_input_cache_bank_i_62/O
                         net (fo=19, routed)          0.365     0.965    gen_input_slots[1].gen_input_banks[3].u_input_cache_bank_i_62_n_0
    SLICE_X60Y92         LUT6 (Prop_H6LUT_SLICEL_I1_O)
                                                      0.150     1.115 r  gen_input_slots[1].gen_input_banks[1].u_input_cache_bank_i_40_replica_4/O
                         net (fo=23, routed)          0.177     1.292    gen_input_slots[1].gen_input_banks[1].u_input_cache_bank_i_40_n_0_repN_4
    SLICE_X60Y90         LUT6 (Prop_H6LUT_SLICEL_I2_O)
                                                      0.150     1.442 f  gen_input_slots[1].gen_input_banks[0].u_input_cache_bank_i_1/O
                         net (fo=16, routed)          0.400     1.842    gen_input_slots[1].gen_input_banks[0].u_input_cache_bank/data_wr_addr[9]
    SLICE_X55Y92         LUT5 (Prop_B6LUT_SLICEM_I3_O)
                                                      0.089     1.931 r  gen_input_slots[1].gen_input_banks[0].u_input_cache_bank/data_mem_reg_256_319_0_6_i_1/O
                         net (fo=20, routed)          0.434     2.365    gen_input_slots[1].gen_input_banks[0].u_input_cache_bank/data_mem_reg_256_319_0_6/WE
    SLICE_X53Y87         RAMD64E                                      r  gen_input_slots[1].gen_input_banks[0].u_input_cache_bank/data_mem_reg_256_319_0_6/RAMH/WE
  -------------------------------------------------------------------    -------------------

                         (clock clk rise edge)        2.000     2.000 r  
                                                      0.000     2.000 r  clk (IN)
                         net (fo=34258, unset)        0.043     2.043    gen_input_slots[1].gen_input_banks[0].u_input_cache_bank/data_mem_reg_256_319_0_6/WCLK
    SLICE_X53Y87         RAMD64E                                      r  gen_input_slots[1].gen_input_banks[0].u_input_cache_bank/data_mem_reg_256_319_0_6/RAMH/CLK
                         clock pessimism              0.000     2.043    
                         clock uncertainty           -0.035     2.008    
    SLICE_X53Y87         RAMD64E (Setup_H6LUT_SLICEM_CLK_WE)
                                                     -0.180     1.828    gen_input_slots[1].gen_input_banks[0].u_input_cache_bank/data_mem_reg_256_319_0_6/RAMH
  -------------------------------------------------------------------
                         required time                          1.828    
                         arrival time                          -2.365    
  -------------------------------------------------------------------
                         slack                                 -0.538    

Slack (VIOLATED) :        -0.531ns  (required time - arrival time)
  Source:                 fill_slot_reg_replica_1/C
                            (rising edge-triggered cell FDCE clocked by clk  {rise@0.000ns fall@1.000ns period=2.000ns})
  Destination:            gen_input_slots[1].gen_input_banks[0].u_input_cache_bank/data_mem_reg_704_767_7_13/RAMA/WE
                            (rising edge-triggered cell RAMD64E clocked by clk  {rise@0.000ns fall@1.000ns period=2.000ns})
  Path Group:             clk
  Path Type:              Setup (Max at Slow Process Corner)
  Requirement:            2.000ns  (clk rise@2.000ns - clk rise@0.000ns)
  Data Path Delay:        2.328ns  (logic 0.476ns (20.443%)  route 1.852ns (79.557%))
  Logic Levels:           5  (LUT3=1 LUT5=2 LUT6=2)
  Clock Path Skew:        0.013ns (DCD - SCD + CPR)
    Destination Clock Delay (DCD):    0.043ns = ( 2.043 - 2.000 ) 
    Source Clock Delay      (SCD):    0.030ns
    Clock Pessimism Removal (CPR):    0.000ns
  Clock Uncertainty:      0.035ns  ((TSJ^2 + TIJ^2)^1/2 + DJ) / 2 + PE
    Total System Jitter     (TSJ):    0.071ns
    Total Input Jitter      (TIJ):    0.000ns
    Discrete Jitter          (DJ):    0.000ns
    Phase Error              (PE):    0.000ns

    Location             Delay type                Incr(ns)  Path(ns)    Netlist Resource(s)
  -------------------------------------------------------------------    -------------------
                         (clock clk rise edge)        0.000     0.000 r  
                                                      0.000     0.000 r  clk (IN)
                         net (fo=34258, unset)        0.030     0.030    clk
    SLICE_X67Y92         FDCE                                         r  fill_slot_reg_replica_1/C
  -------------------------------------------------------------------    -------------------
    SLICE_X67Y92         FDCE (Prop_DFF_SLICEM_C_Q)
                                                      0.078     0.108 r  fill_slot_reg_replica_1/Q
                         net (fo=13, routed)          0.246     0.354    fill_slot_repN_1
    SLICE_X69Y91         LUT3 (Prop_A6LUT_SLICEL_I1_O)
                                                      0.050     0.404 r  gen_input_slots[1].gen_input_banks[3].u_input_cache_bank_i_80/O
                         net (fo=7, routed)           0.314     0.719    gen_input_slots[1].gen_input_banks[3].u_input_cache_bank_i_80_n_0
    SLICE_X65Y90         LUT5 (Prop_D6LUT_SLICEL_I0_O)
                                                      0.036     0.755 f  gen_input_slots[1].gen_input_banks[3].u_input_cache_bank_i_66_replica_1/O
                         net (fo=6, routed)           0.099     0.854    gen_input_slots[1].gen_input_banks[3].u_input_cache_bank_i_66_n_0_repN_1
    SLICE_X65Y91         LUT6 (Prop_F6LUT_SLICEL_I3_O)
                                                      0.123     0.977 r  gen_input_slots[1].gen_input_banks[3].u_input_cache_bank_i_45/O
                         net (fo=10, routed)          0.295     1.272    gen_input_slots[1].gen_input_banks[3].u_input_cache_bank_i_45_n_0
    SLICE_X64Y90         LUT6 (Prop_B6LUT_SLICEL_I5_O)
                                                      0.090     1.362 r  gen_input_slots[1].gen_input_banks[0].u_input_cache_bank_i_3/O
                         net (fo=16, routed)          0.409     1.771    gen_input_slots[1].gen_input_banks[0].u_input_cache_bank/data_wr_addr[7]
    SLICE_X57Y90         LUT5 (Prop_D6LUT_SLICEL_I1_O)
                                                      0.099     1.870 r  gen_input_slots[1].gen_input_banks[0].u_input_cache_bank/data_mem_reg_704_767_0_6_i_1/O
                         net (fo=20, routed)          0.488     2.358    gen_input_slots[1].gen_input_banks[0].u_input_cache_bank/data_mem_reg_704_767_7_13/WE
    SLICE_X52Y96         RAMD64E                                      r  gen_input_slots[1].gen_input_banks[0].u_input_cache_bank/data_mem_reg_704_767_7_13/RAMA/WE
  -------------------------------------------------------------------    -------------------

                         (clock clk rise edge)        2.000     2.000 r  
                                                      0.000     2.000 r  clk (IN)
                         net (fo=34258, unset)        0.043     2.043    gen_input_slots[1].gen_input_banks[0].u_input_cache_bank/data_mem_reg_704_767_7_13/WCLK
    SLICE_X52Y96         RAMD64E                                      r  gen_input_slots[1].gen_input_banks[0].u_input_cache_bank/data_mem_reg_704_767_7_13/RAMA/CLK
                         clock pessimism              0.000     2.043    
                         clock uncertainty           -0.035     2.008    
    SLICE_X52Y96         RAMD64E (Setup_A6LUT_SLICEM_CLK_WE)
                                                     -0.180     1.828    gen_input_slots[1].gen_input_banks[0].u_input_cache_bank/data_mem_reg_704_767_7_13/RAMA
  -------------------------------------------------------------------
                         required time                          1.828    
                         arrival time                          -2.358    
  -------------------------------------------------------------------
                         slack                                 -0.531    

Slack (VIOLATED) :        -0.531ns  (required time - arrival time)
  Source:                 fill_slot_reg_replica_1/C
                            (rising edge-triggered cell FDCE clocked by clk  {rise@0.000ns fall@1.000ns period=2.000ns})
  Destination:            gen_input_slots[1].gen_input_banks[0].u_input_cache_bank/data_mem_reg_704_767_7_13/RAMB/WE
                            (rising edge-triggered cell RAMD64E clocked by clk  {rise@0.000ns fall@1.000ns period=2.000ns})
  Path Group:             clk
  Path Type:              Setup (Max at Slow Process Corner)
  Requirement:            2.000ns  (clk rise@2.000ns - clk rise@0.000ns)
  Data Path Delay:        2.328ns  (logic 0.476ns (20.443%)  route 1.852ns (79.557%))
  Logic Levels:           5  (LUT3=1 LUT5=2 LUT6=2)
  Clock Path Skew:        0.013ns (DCD - SCD + CPR)
    Destination Clock Delay (DCD):    0.043ns = ( 2.043 - 2.000 ) 
    Source Clock Delay      (SCD):    0.030ns
    Clock Pessimism Removal (CPR):    0.000ns
  Clock Uncertainty:      0.035ns  ((TSJ^2 + TIJ^2)^1/2 + DJ) / 2 + PE
    Total System Jitter     (TSJ):    0.071ns
    Total Input Jitter      (TIJ):    0.000ns
    Discrete Jitter          (DJ):    0.000ns
    Phase Error              (PE):    0.000ns

    Location             Delay type                Incr(ns)  Path(ns)    Netlist Resource(s)
  -------------------------------------------------------------------    -------------------
                         (clock clk rise edge)        0.000     0.000 r  
                                                      0.000     0.000 r  clk (IN)
                         net (fo=34258, unset)        0.030     0.030    clk
    SLICE_X67Y92         FDCE                                         r  fill_slot_reg_replica_1/C
  -------------------------------------------------------------------    -------------------
    SLICE_X67Y92         FDCE (Prop_DFF_SLICEM_C_Q)
                                                      0.078     0.108 r  fill_slot_reg_replica_1/Q
                         net (fo=13, routed)          0.246     0.354    fill_slot_repN_1
    SLICE_X69Y91         LUT3 (Prop_A6LUT_SLICEL_I1_O)
                                                      0.050     0.404 r  gen_input_slots[1].gen_input_banks[3].u_input_cache_bank_i_80/O
                         net (fo=7, routed)           0.314     0.719    gen_input_slots[1].gen_input_banks[3].u_input_cache_bank_i_80_n_0
    SLICE_X65Y90         LUT5 (Prop_D6LUT_SLICEL_I0_O)
                                                      0.036     0.755 f  gen_input_slots[1].gen_input_banks[3].u_input_cache_bank_i_66_replica_1/O
                         net (fo=6, routed)           0.099     0.854    gen_input_slots[1].gen_input_banks[3].u_input_cache_bank_i_66_n_0_repN_1
    SLICE_X65Y91         LUT6 (Prop_F6LUT_SLICEL_I3_O)
                                                      0.123     0.977 r  gen_input_slots[1].gen_input_banks[3].u_input_cache_bank_i_45/O
                         net (fo=10, routed)          0.295     1.272    gen_input_slots[1].gen_input_banks[3].u_input_cache_bank_i_45_n_0
    SLICE_X64Y90         LUT6 (Prop_B6LUT_SLICEL_I5_O)
                                                      0.090     1.362 r  gen_input_slots[1].gen_input_banks[0].u_input_cache_bank_i_3/O
                         net (fo=16, routed)          0.409     1.771    gen_input_slots[1].gen_input_banks[0].u_input_cache_bank/data_wr_addr[7]
    SLICE_X57Y90         LUT5 (Prop_D6LUT_SLICEL_I1_O)
                                                      0.099     1.870 r  gen_input_slots[1].gen_input_banks[0].u_input_cache_bank/data_mem_reg_704_767_0_6_i_1/O
                         net (fo=20, routed)          0.488     2.358    gen_input_slots[1].gen_input_banks[0].u_input_cache_bank/data_mem_reg_704_767_7_13/WE
    SLICE_X52Y96         RAMD64E                                      r  gen_input_slots[1].gen_input_banks[0].u_input_cache_bank/data_mem_reg_704_767_7_13/RAMB/WE
  -------------------------------------------------------------------    -------------------

                         (clock clk rise edge)        2.000     2.000 r  
                                                      0.000     2.000 r  clk (IN)
                         net (fo=34258, unset)        0.043     2.043    gen_input_slots[1].gen_input_banks[0].u_input_cache_bank/data_mem_reg_704_767_7_13/WCLK
    SLICE_X52Y96         RAMD64E                                      r  gen_input_slots[1].gen_input_banks[0].u_input_cache_bank/data_mem_reg_704_767_7_13/RAMB/CLK
                         clock pessimism              0.000     2.043    
                         clock uncertainty           -0.035     2.008    
    SLICE_X52Y96         RAMD64E (Setup_B6LUT_SLICEM_CLK_WE)
                                                     -0.180     1.828    gen_input_slots[1].gen_input_banks[0].u_input_cache_bank/data_mem_reg_704_767_7_13/RAMB
  -------------------------------------------------------------------
                         required time                          1.828    
                         arrival time                          -2.358    
  -------------------------------------------------------------------
                         slack                                 -0.531    

Slack (VIOLATED) :        -0.531ns  (required time - arrival time)
  Source:                 fill_slot_reg_replica_1/C
                            (rising edge-triggered cell FDCE clocked by clk  {rise@0.000ns fall@1.000ns period=2.000ns})
  Destination:            gen_input_slots[1].gen_input_banks[0].u_input_cache_bank/data_mem_reg_704_767_7_13/RAMC/WE
                            (rising edge-triggered cell RAMD64E clocked by clk  {rise@0.000ns fall@1.000ns period=2.000ns})
  Path Group:             clk
  Path Type:              Setup (Max at Slow Process Corner)
  Requirement:            2.000ns  (clk rise@2.000ns - clk rise@0.000ns)
  Data Path Delay:        2.328ns  (logic 0.476ns (20.443%)  route 1.852ns (79.557%))
  Logic Levels:           5  (LUT3=1 LUT5=2 LUT6=2)
  Clock Path Skew:        0.013ns (DCD - SCD + CPR)
    Destination Clock Delay (DCD):    0.043ns = ( 2.043 - 2.000 ) 
    Source Clock Delay      (SCD):    0.030ns
    Clock Pessimism Removal (CPR):    0.000ns
  Clock Uncertainty:      0.035ns  ((TSJ^2 + TIJ^2)^1/2 + DJ) / 2 + PE
    Total System Jitter     (TSJ):    0.071ns
    Total Input Jitter      (TIJ):    0.000ns
    Discrete Jitter          (DJ):    0.000ns
    Phase Error              (PE):    0.000ns

    Location             Delay type                Incr(ns)  Path(ns)    Netlist Resource(s)
  -------------------------------------------------------------------    -------------------
                         (clock clk rise edge)        0.000     0.000 r  
                                                      0.000     0.000 r  clk (IN)
                         net (fo=34258, unset)        0.030     0.030    clk
    SLICE_X67Y92         FDCE                                         r  fill_slot_reg_replica_1/C
  -------------------------------------------------------------------    -------------------
    SLICE_X67Y92         FDCE (Prop_DFF_SLICEM_C_Q)
                                                      0.078     0.108 r  fill_slot_reg_replica_1/Q
                         net (fo=13, routed)          0.246     0.354    fill_slot_repN_1
    SLICE_X69Y91         LUT3 (Prop_A6LUT_SLICEL_I1_O)
                                                      0.050     0.404 r  gen_input_slots[1].gen_input_banks[3].u_input_cache_bank_i_80/O
                         net (fo=7, routed)           0.314     0.719    gen_input_slots[1].gen_input_banks[3].u_input_cache_bank_i_80_n_0
    SLICE_X65Y90         LUT5 (Prop_D6LUT_SLICEL_I0_O)
                                                      0.036     0.755 f  gen_input_slots[1].gen_input_banks[3].u_input_cache_bank_i_66_replica_1/O
                         net (fo=6, routed)           0.099     0.854    gen_input_slots[1].gen_input_banks[3].u_input_cache_bank_i_66_n_0_repN_1
    SLICE_X65Y91         LUT6 (Prop_F6LUT_SLICEL_I3_O)
                                                      0.123     0.977 r  gen_input_slots[1].gen_input_banks[3].u_input_cache_bank_i_45/O
                         net (fo=10, routed)          0.295     1.272    gen_input_slots[1].gen_input_banks[3].u_input_cache_bank_i_45_n_0
    SLICE_X64Y90         LUT6 (Prop_B6LUT_SLICEL_I5_O)
                                                      0.090     1.362 r  gen_input_slots[1].gen_input_banks[0].u_input_cache_bank_i_3/O
                         net (fo=16, routed)          0.409     1.771    gen_input_slots[1].gen_input_banks[0].u_input_cache_bank/data_wr_addr[7]
    SLICE_X57Y90         LUT5 (Prop_D6LUT_SLICEL_I1_O)
                                                      0.099     1.870 r  gen_input_slots[1].gen_input_banks[0].u_input_cache_bank/data_mem_reg_704_767_0_6_i_1/O
                         net (fo=20, routed)          0.488     2.358    gen_input_slots[1].gen_input_banks[0].u_input_cache_bank/data_mem_reg_704_767_7_13/WE
    SLICE_X52Y96         RAMD64E                                      r  gen_input_slots[1].gen_input_banks[0].u_input_cache_bank/data_mem_reg_704_767_7_13/RAMC/WE
  -------------------------------------------------------------------    -------------------

                         (clock clk rise edge)        2.000     2.000 r  
                                                      0.000     2.000 r  clk (IN)
                         net (fo=34258, unset)        0.043     2.043    gen_input_slots[1].gen_input_banks[0].u_input_cache_bank/data_mem_reg_704_767_7_13/WCLK
    SLICE_X52Y96         RAMD64E                                      r  gen_input_slots[1].gen_input_banks[0].u_input_cache_bank/data_mem_reg_704_767_7_13/RAMC/CLK
                         clock pessimism              0.000     2.043    
                         clock uncertainty           -0.035     2.008    
    SLICE_X52Y96         RAMD64E (Setup_C6LUT_SLICEM_CLK_WE)
                                                     -0.180     1.828    gen_input_slots[1].gen_input_banks[0].u_input_cache_bank/data_mem_reg_704_767_7_13/RAMC
  -------------------------------------------------------------------
                         required time                          1.828    
                         arrival time                          -2.358    
  -------------------------------------------------------------------
                         slack                                 -0.531    

Slack (VIOLATED) :        -0.531ns  (required time - arrival time)
  Source:                 fill_slot_reg_replica_1/C
                            (rising edge-triggered cell FDCE clocked by clk  {rise@0.000ns fall@1.000ns period=2.000ns})
  Destination:            gen_input_slots[1].gen_input_banks[0].u_input_cache_bank/data_mem_reg_704_767_7_13/RAMD/WE
                            (rising edge-triggered cell RAMD64E clocked by clk  {rise@0.000ns fall@1.000ns period=2.000ns})
  Path Group:             clk
  Path Type:              Setup (Max at Slow Process Corner)
  Requirement:            2.000ns  (clk rise@2.000ns - clk rise@0.000ns)
  Data Path Delay:        2.328ns  (logic 0.476ns (20.443%)  route 1.852ns (79.557%))
  Logic Levels:           5  (LUT3=1 LUT5=2 LUT6=2)
  Clock Path Skew:        0.013ns (DCD - SCD + CPR)
    Destination Clock Delay (DCD):    0.043ns = ( 2.043 - 2.000 ) 
    Source Clock Delay      (SCD):    0.030ns
    Clock Pessimism Removal (CPR):    0.000ns
  Clock Uncertainty:      0.035ns  ((TSJ^2 + TIJ^2)^1/2 + DJ) / 2 + PE
    Total System Jitter     (TSJ):    0.071ns
    Total Input Jitter      (TIJ):    0.000ns
    Discrete Jitter          (DJ):    0.000ns
    Phase Error              (PE):    0.000ns

    Location             Delay type                Incr(ns)  Path(ns)    Netlist Resource(s)
  -------------------------------------------------------------------    -------------------
                         (clock clk rise edge)        0.000     0.000 r  
                                                      0.000     0.000 r  clk (IN)
                         net (fo=34258, unset)        0.030     0.030    clk
    SLICE_X67Y92         FDCE                                         r  fill_slot_reg_replica_1/C
  -------------------------------------------------------------------    -------------------
    SLICE_X67Y92         FDCE (Prop_DFF_SLICEM_C_Q)
                                                      0.078     0.108 r  fill_slot_reg_replica_1/Q
                         net (fo=13, routed)          0.246     0.354    fill_slot_repN_1
    SLICE_X69Y91         LUT3 (Prop_A6LUT_SLICEL_I1_O)
                                                      0.050     0.404 r  gen_input_slots[1].gen_input_banks[3].u_input_cache_bank_i_80/O
                         net (fo=7, routed)           0.314     0.719    gen_input_slots[1].gen_input_banks[3].u_input_cache_bank_i_80_n_0
    SLICE_X65Y90         LUT5 (Prop_D6LUT_SLICEL_I0_O)
                                                      0.036     0.755 f  gen_input_slots[1].gen_input_banks[3].u_input_cache_bank_i_66_replica_1/O
                         net (fo=6, routed)           0.099     0.854    gen_input_slots[1].gen_input_banks[3].u_input_cache_bank_i_66_n_0_repN_1
    SLICE_X65Y91         LUT6 (Prop_F6LUT_SLICEL_I3_O)
                                                      0.123     0.977 r  gen_input_slots[1].gen_input_banks[3].u_input_cache_bank_i_45/O
                         net (fo=10, routed)          0.295     1.272    gen_input_slots[1].gen_input_banks[3].u_input_cache_bank_i_45_n_0
    SLICE_X64Y90         LUT6 (Prop_B6LUT_SLICEL_I5_O)
                                                      0.090     1.362 r  gen_input_slots[1].gen_input_banks[0].u_input_cache_bank_i_3/O
                         net (fo=16, routed)          0.409     1.771    gen_input_slots[1].gen_input_banks[0].u_input_cache_bank/data_wr_addr[7]
    SLICE_X57Y90         LUT5 (Prop_D6LUT_SLICEL_I1_O)
                                                      0.099     1.870 r  gen_input_slots[1].gen_input_banks[0].u_input_cache_bank/data_mem_reg_704_767_0_6_i_1/O
                         net (fo=20, routed)          0.488     2.358    gen_input_slots[1].gen_input_banks[0].u_input_cache_bank/data_mem_reg_704_767_7_13/WE
    SLICE_X52Y96         RAMD64E                                      r  gen_input_slots[1].gen_input_banks[0].u_input_cache_bank/data_mem_reg_704_767_7_13/RAMD/WE
  -------------------------------------------------------------------    -------------------

                         (clock clk rise edge)        2.000     2.000 r  
                                                      0.000     2.000 r  clk (IN)
                         net (fo=34258, unset)        0.043     2.043    gen_input_slots[1].gen_input_banks[0].u_input_cache_bank/data_mem_reg_704_767_7_13/WCLK
    SLICE_X52Y96         RAMD64E                                      r  gen_input_slots[1].gen_input_banks[0].u_input_cache_bank/data_mem_reg_704_767_7_13/RAMD/CLK
                         clock pessimism              0.000     2.043    
                         clock uncertainty           -0.035     2.008    
    SLICE_X52Y96         RAMD64E (Setup_D6LUT_SLICEM_CLK_WE)
                                                     -0.180     1.828    gen_input_slots[1].gen_input_banks[0].u_input_cache_bank/data_mem_reg_704_767_7_13/RAMD
  -------------------------------------------------------------------
                         required time                          1.828    
                         arrival time                          -2.358    
  -------------------------------------------------------------------
                         slack                                 -0.531    

Slack (VIOLATED) :        -0.531ns  (required time - arrival time)
  Source:                 fill_slot_reg_replica_1/C
                            (rising edge-triggered cell FDCE clocked by clk  {rise@0.000ns fall@1.000ns period=2.000ns})
  Destination:            gen_input_slots[1].gen_input_banks[0].u_input_cache_bank/data_mem_reg_704_767_7_13/RAME/WE
                            (rising edge-triggered cell RAMD64E clocked by clk  {rise@0.000ns fall@1.000ns period=2.000ns})
  Path Group:             clk
  Path Type:              Setup (Max at Slow Process Corner)
  Requirement:            2.000ns  (clk rise@2.000ns - clk rise@0.000ns)
  Data Path Delay:        2.328ns  (logic 0.476ns (20.443%)  route 1.852ns (79.557%))
  Logic Levels:           5  (LUT3=1 LUT5=2 LUT6=2)
  Clock Path Skew:        0.013ns (DCD - SCD + CPR)
    Destination Clock Delay (DCD):    0.043ns = ( 2.043 - 2.000 ) 
    Source Clock Delay      (SCD):    0.030ns
    Clock Pessimism Removal (CPR):    0.000ns
  Clock Uncertainty:      0.035ns  ((TSJ^2 + TIJ^2)^1/2 + DJ) / 2 + PE
    Total System Jitter     (TSJ):    0.071ns
    Total Input Jitter      (TIJ):    0.000ns
    Discrete Jitter          (DJ):    0.000ns
    Phase Error              (PE):    0.000ns

    Location             Delay type                Incr(ns)  Path(ns)    Netlist Resource(s)
  -------------------------------------------------------------------    -------------------
                         (clock clk rise edge)        0.000     0.000 r  
                                                      0.000     0.000 r  clk (IN)
                         net (fo=34258, unset)        0.030     0.030    clk
    SLICE_X67Y92         FDCE                                         r  fill_slot_reg_replica_1/C
  -------------------------------------------------------------------    -------------------
    SLICE_X67Y92         FDCE (Prop_DFF_SLICEM_C_Q)
                                                      0.078     0.108 r  fill_slot_reg_replica_1/Q
                         net (fo=13, routed)          0.246     0.354    fill_slot_repN_1
    SLICE_X69Y91         LUT3 (Prop_A6LUT_SLICEL_I1_O)
                                                      0.050     0.404 r  gen_input_slots[1].gen_input_banks[3].u_input_cache_bank_i_80/O
                         net (fo=7, routed)           0.314     0.719    gen_input_slots[1].gen_input_banks[3].u_input_cache_bank_i_80_n_0
    SLICE_X65Y90         LUT5 (Prop_D6LUT_SLICEL_I0_O)
                                                      0.036     0.755 f  gen_input_slots[1].gen_input_banks[3].u_input_cache_bank_i_66_replica_1/O
                         net (fo=6, routed)           0.099     0.854    gen_input_slots[1].gen_input_banks[3].u_input_cache_bank_i_66_n_0_repN_1
    SLICE_X65Y91         LUT6 (Prop_F6LUT_SLICEL_I3_O)
                                                      0.123     0.977 r  gen_input_slots[1].gen_input_banks[3].u_input_cache_bank_i_45/O
                         net (fo=10, routed)          0.295     1.272    gen_input_slots[1].gen_input_banks[3].u_input_cache_bank_i_45_n_0
    SLICE_X64Y90         LUT6 (Prop_B6LUT_SLICEL_I5_O)
                                                      0.090     1.362 r  gen_input_slots[1].gen_input_banks[0].u_input_cache_bank_i_3/O
                         net (fo=16, routed)          0.409     1.771    gen_input_slots[1].gen_input_banks[0].u_input_cache_bank/data_wr_addr[7]
    SLICE_X57Y90         LUT5 (Prop_D6LUT_SLICEL_I1_O)
                                                      0.099     1.870 r  gen_input_slots[1].gen_input_banks[0].u_input_cache_bank/data_mem_reg_704_767_0_6_i_1/O
                         net (fo=20, routed)          0.488     2.358    gen_input_slots[1].gen_input_banks[0].u_input_cache_bank/data_mem_reg_704_767_7_13/WE
    SLICE_X52Y96         RAMD64E                                      r  gen_input_slots[1].gen_input_banks[0].u_input_cache_bank/data_mem_reg_704_767_7_13/RAME/WE
  -------------------------------------------------------------------    -------------------

                         (clock clk rise edge)        2.000     2.000 r  
                                                      0.000     2.000 r  clk (IN)
                         net (fo=34258, unset)        0.043     2.043    gen_input_slots[1].gen_input_banks[0].u_input_cache_bank/data_mem_reg_704_767_7_13/WCLK
    SLICE_X52Y96         RAMD64E                                      r  gen_input_slots[1].gen_input_banks[0].u_input_cache_bank/data_mem_reg_704_767_7_13/RAME/CLK
                         clock pessimism              0.000     2.043    
                         clock uncertainty           -0.035     2.008    
    SLICE_X52Y96         RAMD64E (Setup_E6LUT_SLICEM_CLK_WE)
                                                     -0.180     1.828    gen_input_slots[1].gen_input_banks[0].u_input_cache_bank/data_mem_reg_704_767_7_13/RAME
  -------------------------------------------------------------------
                         required time                          1.828    
                         arrival time                          -2.358    
  -------------------------------------------------------------------
                         slack                                 -0.531    

Slack (VIOLATED) :        -0.531ns  (required time - arrival time)
  Source:                 fill_slot_reg_replica_1/C
                            (rising edge-triggered cell FDCE clocked by clk  {rise@0.000ns fall@1.000ns period=2.000ns})
  Destination:            gen_input_slots[1].gen_input_banks[0].u_input_cache_bank/data_mem_reg_704_767_7_13/RAMF/WE
                            (rising edge-triggered cell RAMD64E clocked by clk  {rise@0.000ns fall@1.000ns period=2.000ns})
  Path Group:             clk
  Path Type:              Setup (Max at Slow Process Corner)
  Requirement:            2.000ns  (clk rise@2.000ns - clk rise@0.000ns)
  Data Path Delay:        2.328ns  (logic 0.476ns (20.443%)  route 1.852ns (79.557%))
  Logic Levels:           5  (LUT3=1 LUT5=2 LUT6=2)
  Clock Path Skew:        0.013ns (DCD - SCD + CPR)
    Destination Clock Delay (DCD):    0.043ns = ( 2.043 - 2.000 ) 
    Source Clock Delay      (SCD):    0.030ns
    Clock Pessimism Removal (CPR):    0.000ns
  Clock Uncertainty:      0.035ns  ((TSJ^2 + TIJ^2)^1/2 + DJ) / 2 + PE
    Total System Jitter     (TSJ):    0.071ns
    Total Input Jitter      (TIJ):    0.000ns
    Discrete Jitter          (DJ):    0.000ns
    Phase Error              (PE):    0.000ns

    Location             Delay type                Incr(ns)  Path(ns)    Netlist Resource(s)
  -------------------------------------------------------------------    -------------------
                         (clock clk rise edge)        0.000     0.000 r  
                                                      0.000     0.000 r  clk (IN)
                         net (fo=34258, unset)        0.030     0.030    clk
    SLICE_X67Y92         FDCE                                         r  fill_slot_reg_replica_1/C
  -------------------------------------------------------------------    -------------------
    SLICE_X67Y92         FDCE (Prop_DFF_SLICEM_C_Q)
                                                      0.078     0.108 r  fill_slot_reg_replica_1/Q
                         net (fo=13, routed)          0.246     0.354    fill_slot_repN_1
    SLICE_X69Y91         LUT3 (Prop_A6LUT_SLICEL_I1_O)
                                                      0.050     0.404 r  gen_input_slots[1].gen_input_banks[3].u_input_cache_bank_i_80/O
                         net (fo=7, routed)           0.314     0.719    gen_input_slots[1].gen_input_banks[3].u_input_cache_bank_i_80_n_0
    SLICE_X65Y90         LUT5 (Prop_D6LUT_SLICEL_I0_O)
                                                      0.036     0.755 f  gen_input_slots[1].gen_input_banks[3].u_input_cache_bank_i_66_replica_1/O
                         net (fo=6, routed)           0.099     0.854    gen_input_slots[1].gen_input_banks[3].u_input_cache_bank_i_66_n_0_repN_1
    SLICE_X65Y91         LUT6 (Prop_F6LUT_SLICEL_I3_O)
                                                      0.123     0.977 r  gen_input_slots[1].gen_input_banks[3].u_input_cache_bank_i_45/O
                         net (fo=10, routed)          0.295     1.272    gen_input_slots[1].gen_input_banks[3].u_input_cache_bank_i_45_n_0
    SLICE_X64Y90         LUT6 (Prop_B6LUT_SLICEL_I5_O)
                                                      0.090     1.362 r  gen_input_slots[1].gen_input_banks[0].u_input_cache_bank_i_3/O
                         net (fo=16, routed)          0.409     1.771    gen_input_slots[1].gen_input_banks[0].u_input_cache_bank/data_wr_addr[7]
    SLICE_X57Y90         LUT5 (Prop_D6LUT_SLICEL_I1_O)
                                                      0.099     1.870 r  gen_input_slots[1].gen_input_banks[0].u_input_cache_bank/data_mem_reg_704_767_0_6_i_1/O
                         net (fo=20, routed)          0.488     2.358    gen_input_slots[1].gen_input_banks[0].u_input_cache_bank/data_mem_reg_704_767_7_13/WE
    SLICE_X52Y96         RAMD64E                                      r  gen_input_slots[1].gen_input_banks[0].u_input_cache_bank/data_mem_reg_704_767_7_13/RAMF/WE
  -------------------------------------------------------------------    -------------------

                         (clock clk rise edge)        2.000     2.000 r  
                                                      0.000     2.000 r  clk (IN)
                         net (fo=34258, unset)        0.043     2.043    gen_input_slots[1].gen_input_banks[0].u_input_cache_bank/data_mem_reg_704_767_7_13/WCLK
    SLICE_X52Y96         RAMD64E                                      r  gen_input_slots[1].gen_input_banks[0].u_input_cache_bank/data_mem_reg_704_767_7_13/RAMF/CLK
                         clock pessimism              0.000     2.043    
                         clock uncertainty           -0.035     2.008    
    SLICE_X52Y96         RAMD64E (Setup_F6LUT_SLICEM_CLK_WE)
                                                     -0.180     1.828    gen_input_slots[1].gen_input_banks[0].u_input_cache_bank/data_mem_reg_704_767_7_13/RAMF
  -------------------------------------------------------------------
                         required time                          1.828    
                         arrival time                          -2.358    
  -------------------------------------------------------------------
                         slack                                 -0.531    

Slack (VIOLATED) :        -0.531ns  (required time - arrival time)
  Source:                 fill_slot_reg_replica_1/C
                            (rising edge-triggered cell FDCE clocked by clk  {rise@0.000ns fall@1.000ns period=2.000ns})
  Destination:            gen_input_slots[1].gen_input_banks[0].u_input_cache_bank/data_mem_reg_704_767_7_13/RAMG/WE
                            (rising edge-triggered cell RAMD64E clocked by clk  {rise@0.000ns fall@1.000ns period=2.000ns})
  Path Group:             clk
  Path Type:              Setup (Max at Slow Process Corner)
  Requirement:            2.000ns  (clk rise@2.000ns - clk rise@0.000ns)
  Data Path Delay:        2.328ns  (logic 0.476ns (20.443%)  route 1.852ns (79.557%))
  Logic Levels:           5  (LUT3=1 LUT5=2 LUT6=2)
  Clock Path Skew:        0.013ns (DCD - SCD + CPR)
    Destination Clock Delay (DCD):    0.043ns = ( 2.043 - 2.000 ) 
    Source Clock Delay      (SCD):    0.030ns
    Clock Pessimism Removal (CPR):    0.000ns
  Clock Uncertainty:      0.035ns  ((TSJ^2 + TIJ^2)^1/2 + DJ) / 2 + PE
    Total System Jitter     (TSJ):    0.071ns
    Total Input Jitter      (TIJ):    0.000ns
    Discrete Jitter          (DJ):    0.000ns
    Phase Error              (PE):    0.000ns

    Location             Delay type                Incr(ns)  Path(ns)    Netlist Resource(s)
  -------------------------------------------------------------------    -------------------
                         (clock clk rise edge)        0.000     0.000 r  
                                                      0.000     0.000 r  clk (IN)
                         net (fo=34258, unset)        0.030     0.030    clk
    SLICE_X67Y92         FDCE                                         r  fill_slot_reg_replica_1/C
  -------------------------------------------------------------------    -------------------
    SLICE_X67Y92         FDCE (Prop_DFF_SLICEM_C_Q)
                                                      0.078     0.108 r  fill_slot_reg_replica_1/Q
                         net (fo=13, routed)          0.246     0.354    fill_slot_repN_1
    SLICE_X69Y91         LUT3 (Prop_A6LUT_SLICEL_I1_O)
                                                      0.050     0.404 r  gen_input_slots[1].gen_input_banks[3].u_input_cache_bank_i_80/O
                         net (fo=7, routed)           0.314     0.719    gen_input_slots[1].gen_input_banks[3].u_input_cache_bank_i_80_n_0
    SLICE_X65Y90         LUT5 (Prop_D6LUT_SLICEL_I0_O)
                                                      0.036     0.755 f  gen_input_slots[1].gen_input_banks[3].u_input_cache_bank_i_66_replica_1/O
                         net (fo=6, routed)           0.099     0.854    gen_input_slots[1].gen_input_banks[3].u_input_cache_bank_i_66_n_0_repN_1
    SLICE_X65Y91         LUT6 (Prop_F6LUT_SLICEL_I3_O)
                                                      0.123     0.977 r  gen_input_slots[1].gen_input_banks[3].u_input_cache_bank_i_45/O
                         net (fo=10, routed)          0.295     1.272    gen_input_slots[1].gen_input_banks[3].u_input_cache_bank_i_45_n_0
    SLICE_X64Y90         LUT6 (Prop_B6LUT_SLICEL_I5_O)
                                                      0.090     1.362 r  gen_input_slots[1].gen_input_banks[0].u_input_cache_bank_i_3/O
                         net (fo=16, routed)          0.409     1.771    gen_input_slots[1].gen_input_banks[0].u_input_cache_bank/data_wr_addr[7]
    SLICE_X57Y90         LUT5 (Prop_D6LUT_SLICEL_I1_O)
                                                      0.099     1.870 r  gen_input_slots[1].gen_input_banks[0].u_input_cache_bank/data_mem_reg_704_767_0_6_i_1/O
                         net (fo=20, routed)          0.488     2.358    gen_input_slots[1].gen_input_banks[0].u_input_cache_bank/data_mem_reg_704_767_7_13/WE
    SLICE_X52Y96         RAMD64E                                      r  gen_input_slots[1].gen_input_banks[0].u_input_cache_bank/data_mem_reg_704_767_7_13/RAMG/WE
  -------------------------------------------------------------------    -------------------

                         (clock clk rise edge)        2.000     2.000 r  
                                                      0.000     2.000 r  clk (IN)
                         net (fo=34258, unset)        0.043     2.043    gen_input_slots[1].gen_input_banks[0].u_input_cache_bank/data_mem_reg_704_767_7_13/WCLK
    SLICE_X52Y96         RAMD64E                                      r  gen_input_slots[1].gen_input_banks[0].u_input_cache_bank/data_mem_reg_704_767_7_13/RAMG/CLK
                         clock pessimism              0.000     2.043    
                         clock uncertainty           -0.035     2.008    
    SLICE_X52Y96         RAMD64E (Setup_G6LUT_SLICEM_CLK_WE)
                                                     -0.180     1.828    gen_input_slots[1].gen_input_banks[0].u_input_cache_bank/data_mem_reg_704_767_7_13/RAMG
  -------------------------------------------------------------------
                         required time                          1.828    
                         arrival time                          -2.358    
  -------------------------------------------------------------------
                         slack                                 -0.531    

Slack (VIOLATED) :        -0.531ns  (required time - arrival time)
  Source:                 fill_slot_reg_replica_1/C
                            (rising edge-triggered cell FDCE clocked by clk  {rise@0.000ns fall@1.000ns period=2.000ns})
  Destination:            gen_input_slots[1].gen_input_banks[0].u_input_cache_bank/data_mem_reg_704_767_7_13/RAMH/WE
                            (rising edge-triggered cell RAMD64E clocked by clk  {rise@0.000ns fall@1.000ns period=2.000ns})
  Path Group:             clk
  Path Type:              Setup (Max at Slow Process Corner)
  Requirement:            2.000ns  (clk rise@2.000ns - clk rise@0.000ns)
  Data Path Delay:        2.328ns  (logic 0.476ns (20.443%)  route 1.852ns (79.557%))
  Logic Levels:           5  (LUT3=1 LUT5=2 LUT6=2)
  Clock Path Skew:        0.013ns (DCD - SCD + CPR)
    Destination Clock Delay (DCD):    0.043ns = ( 2.043 - 2.000 ) 
    Source Clock Delay      (SCD):    0.030ns
    Clock Pessimism Removal (CPR):    0.000ns
  Clock Uncertainty:      0.035ns  ((TSJ^2 + TIJ^2)^1/2 + DJ) / 2 + PE
    Total System Jitter     (TSJ):    0.071ns
    Total Input Jitter      (TIJ):    0.000ns
    Discrete Jitter          (DJ):    0.000ns
    Phase Error              (PE):    0.000ns

    Location             Delay type                Incr(ns)  Path(ns)    Netlist Resource(s)
  -------------------------------------------------------------------    -------------------
                         (clock clk rise edge)        0.000     0.000 r  
                                                      0.000     0.000 r  clk (IN)
                         net (fo=34258, unset)        0.030     0.030    clk
    SLICE_X67Y92         FDCE                                         r  fill_slot_reg_replica_1/C
  -------------------------------------------------------------------    -------------------
    SLICE_X67Y92         FDCE (Prop_DFF_SLICEM_C_Q)
                                                      0.078     0.108 r  fill_slot_reg_replica_1/Q
                         net (fo=13, routed)          0.246     0.354    fill_slot_repN_1
    SLICE_X69Y91         LUT3 (Prop_A6LUT_SLICEL_I1_O)
                                                      0.050     0.404 r  gen_input_slots[1].gen_input_banks[3].u_input_cache_bank_i_80/O
                         net (fo=7, routed)           0.314     0.719    gen_input_slots[1].gen_input_banks[3].u_input_cache_bank_i_80_n_0
    SLICE_X65Y90         LUT5 (Prop_D6LUT_SLICEL_I0_O)
                                                      0.036     0.755 f  gen_input_slots[1].gen_input_banks[3].u_input_cache_bank_i_66_replica_1/O
                         net (fo=6, routed)           0.099     0.854    gen_input_slots[1].gen_input_banks[3].u_input_cache_bank_i_66_n_0_repN_1
    SLICE_X65Y91         LUT6 (Prop_F6LUT_SLICEL_I3_O)
                                                      0.123     0.977 r  gen_input_slots[1].gen_input_banks[3].u_input_cache_bank_i_45/O
                         net (fo=10, routed)          0.295     1.272    gen_input_slots[1].gen_input_banks[3].u_input_cache_bank_i_45_n_0
    SLICE_X64Y90         LUT6 (Prop_B6LUT_SLICEL_I5_O)
                                                      0.090     1.362 r  gen_input_slots[1].gen_input_banks[0].u_input_cache_bank_i_3/O
                         net (fo=16, routed)          0.409     1.771    gen_input_slots[1].gen_input_banks[0].u_input_cache_bank/data_wr_addr[7]
    SLICE_X57Y90         LUT5 (Prop_D6LUT_SLICEL_I1_O)
                                                      0.099     1.870 r  gen_input_slots[1].gen_input_banks[0].u_input_cache_bank/data_mem_reg_704_767_0_6_i_1/O
                         net (fo=20, routed)          0.488     2.358    gen_input_slots[1].gen_input_banks[0].u_input_cache_bank/data_mem_reg_704_767_7_13/WE
    SLICE_X52Y96         RAMD64E                                      r  gen_input_slots[1].gen_input_banks[0].u_input_cache_bank/data_mem_reg_704_767_7_13/RAMH/WE
  -------------------------------------------------------------------    -------------------

                         (clock clk rise edge)        2.000     2.000 r  
                                                      0.000     2.000 r  clk (IN)
                         net (fo=34258, unset)        0.043     2.043    gen_input_slots[1].gen_input_banks[0].u_input_cache_bank/data_mem_reg_704_767_7_13/WCLK
    SLICE_X52Y96         RAMD64E                                      r  gen_input_slots[1].gen_input_banks[0].u_input_cache_bank/data_mem_reg_704_767_7_13/RAMH/CLK
                         clock pessimism              0.000     2.043    
                         clock uncertainty           -0.035     2.008    
    SLICE_X52Y96         RAMD64E (Setup_H6LUT_SLICEM_CLK_WE)
                                                     -0.180     1.828    gen_input_slots[1].gen_input_banks[0].u_input_cache_bank/data_mem_reg_704_767_7_13/RAMH
  -------------------------------------------------------------------
                         required time                          1.828    
                         arrival time                          -2.358    
  -------------------------------------------------------------------
                         slack                                 -0.531    

Slack (VIOLATED) :        -0.526ns  (required time - arrival time)
  Source:                 fill_slot_reg_replica_1/C
                            (rising edge-triggered cell FDCE clocked by clk  {rise@0.000ns fall@1.000ns period=2.000ns})
  Destination:            gen_input_slots[1].gen_input_banks[3].u_input_cache_bank/data_mem_reg_0_63_14_15/RAMA/WE
                            (rising edge-triggered cell RAMD64E clocked by clk  {rise@0.000ns fall@1.000ns period=2.000ns})
  Path Group:             clk
  Path Type:              Setup (Max at Slow Process Corner)
  Requirement:            2.000ns  (clk rise@2.000ns - clk rise@0.000ns)
  Data Path Delay:        2.324ns  (logic 0.533ns (22.939%)  route 1.791ns (77.061%))
  Logic Levels:           6  (LUT3=2 LUT5=2 LUT6=2)
  Clock Path Skew:        0.013ns (DCD - SCD + CPR)
    Destination Clock Delay (DCD):    0.043ns = ( 2.043 - 2.000 ) 
    Source Clock Delay      (SCD):    0.030ns
    Clock Pessimism Removal (CPR):    0.000ns
  Clock Uncertainty:      0.035ns  ((TSJ^2 + TIJ^2)^1/2 + DJ) / 2 + PE
    Total System Jitter     (TSJ):    0.071ns
    Total Input Jitter      (TIJ):    0.000ns
    Discrete Jitter          (DJ):    0.000ns
    Phase Error              (PE):    0.000ns

    Location             Delay type                Incr(ns)  Path(ns)    Netlist Resource(s)
  -------------------------------------------------------------------    -------------------
                         (clock clk rise edge)        0.000     0.000 r  
                                                      0.000     0.000 r  clk (IN)
                         net (fo=34258, unset)        0.030     0.030    clk
    SLICE_X67Y92         FDCE                                         r  fill_slot_reg_replica_1/C
  -------------------------------------------------------------------    -------------------
    SLICE_X67Y92         FDCE (Prop_DFF_SLICEM_C_Q)
                                                      0.078     0.108 r  fill_slot_reg_replica_1/Q
                         net (fo=13, routed)          0.246     0.354    fill_slot_repN_1
    SLICE_X69Y91         LUT3 (Prop_A6LUT_SLICEL_I1_O)
                                                      0.050     0.404 r  gen_input_slots[1].gen_input_banks[3].u_input_cache_bank_i_80/O
                         net (fo=7, routed)           0.096     0.501    gen_input_slots[1].gen_input_banks[3].u_input_cache_bank_i_80_n_0
    SLICE_X68Y91         LUT5 (Prop_B6LUT_SLICEL_I4_O)
                                                      0.036     0.537 r  gen_input_slots[1].gen_input_banks[3].u_input_cache_bank_i_48/O
                         net (fo=10, routed)          0.105     0.642    gen_input_slots[1].gen_input_banks[3].u_input_cache_bank_i_48_n_0
    SLICE_X68Y90         LUT3 (Prop_H6LUT_SLICEL_I0_O)
                                                      0.036     0.678 r  gen_input_slots[1].gen_input_banks[3].u_input_cache_bank_i_65/O
                         net (fo=2, routed)           0.146     0.824    gen_input_slots[1].gen_input_banks[3].u_input_cache_bank_i_65_n_0
    SLICE_X67Y90         LUT6 (Prop_C6LUT_SLICEM_I2_O)
                                                      0.145     0.969 r  gen_input_slots[1].gen_input_banks[3].u_input_cache_bank_i_40_comp/O
                         net (fo=152, routed)         0.361     1.330    gen_input_slots[1].gen_input_banks[3].u_input_cache_bank_i_40_n_0
    SLICE_X63Y93         LUT6 (Prop_B6LUT_SLICEL_I2_O)
                                                      0.090     1.420 r  gen_input_slots[1].gen_input_banks[3].u_input_cache_bank_i_38/O
                         net (fo=48, routed)          0.311     1.732    gen_input_slots[1].gen_input_banks[3].u_input_cache_bank/valid_wr_data
    SLICE_X60Y98         LUT5 (Prop_B6LUT_SLICEL_I0_O)
                                                      0.098     1.830 r  gen_input_slots[1].gen_input_banks[3].u_input_cache_bank/data_mem_reg_0_63_0_6_i_1/O
                         net (fo=20, routed)          0.524     2.354    gen_input_slots[1].gen_input_banks[3].u_input_cache_bank/data_mem_reg_0_63_14_15/WE
    SLICE_X58Y114        RAMD64E                                      r  gen_input_slots[1].gen_input_banks[3].u_input_cache_bank/data_mem_reg_0_63_14_15/RAMA/WE
  -------------------------------------------------------------------    -------------------

                         (clock clk rise edge)        2.000     2.000 r  
                                                      0.000     2.000 r  clk (IN)
                         net (fo=34258, unset)        0.043     2.043    gen_input_slots[1].gen_input_banks[3].u_input_cache_bank/data_mem_reg_0_63_14_15/WCLK
    SLICE_X58Y114        RAMD64E                                      r  gen_input_slots[1].gen_input_banks[3].u_input_cache_bank/data_mem_reg_0_63_14_15/RAMA/CLK
                         clock pessimism              0.000     2.043    
                         clock uncertainty           -0.035     2.008    
    SLICE_X58Y114        RAMD64E (Setup_E6LUT_SLICEM_CLK_WE)
                                                     -0.180     1.828    gen_input_slots[1].gen_input_banks[3].u_input_cache_bank/data_mem_reg_0_63_14_15/RAMA
  -------------------------------------------------------------------
                         required time                          1.828    
                         arrival time                          -2.354    
  -------------------------------------------------------------------
                         slack                                 -0.526    

Slack (VIOLATED) :        -0.526ns  (required time - arrival time)
  Source:                 fill_slot_reg_replica_1/C
                            (rising edge-triggered cell FDCE clocked by clk  {rise@0.000ns fall@1.000ns period=2.000ns})
  Destination:            gen_input_slots[1].gen_input_banks[3].u_input_cache_bank/data_mem_reg_0_63_14_15/RAMB/WE
                            (rising edge-triggered cell RAMD64E clocked by clk  {rise@0.000ns fall@1.000ns period=2.000ns})
  Path Group:             clk
  Path Type:              Setup (Max at Slow Process Corner)
  Requirement:            2.000ns  (clk rise@2.000ns - clk rise@0.000ns)
  Data Path Delay:        2.324ns  (logic 0.533ns (22.939%)  route 1.791ns (77.061%))
  Logic Levels:           6  (LUT3=2 LUT5=2 LUT6=2)
  Clock Path Skew:        0.013ns (DCD - SCD + CPR)
    Destination Clock Delay (DCD):    0.043ns = ( 2.043 - 2.000 ) 
    Source Clock Delay      (SCD):    0.030ns
    Clock Pessimism Removal (CPR):    0.000ns
  Clock Uncertainty:      0.035ns  ((TSJ^2 + TIJ^2)^1/2 + DJ) / 2 + PE
    Total System Jitter     (TSJ):    0.071ns
    Total Input Jitter      (TIJ):    0.000ns
    Discrete Jitter          (DJ):    0.000ns
    Phase Error              (PE):    0.000ns

    Location             Delay type                Incr(ns)  Path(ns)    Netlist Resource(s)
  -------------------------------------------------------------------    -------------------
                         (clock clk rise edge)        0.000     0.000 r  
                                                      0.000     0.000 r  clk (IN)
                         net (fo=34258, unset)        0.030     0.030    clk
    SLICE_X67Y92         FDCE                                         r  fill_slot_reg_replica_1/C
  -------------------------------------------------------------------    -------------------
    SLICE_X67Y92         FDCE (Prop_DFF_SLICEM_C_Q)
                                                      0.078     0.108 r  fill_slot_reg_replica_1/Q
                         net (fo=13, routed)          0.246     0.354    fill_slot_repN_1
    SLICE_X69Y91         LUT3 (Prop_A6LUT_SLICEL_I1_O)
                                                      0.050     0.404 r  gen_input_slots[1].gen_input_banks[3].u_input_cache_bank_i_80/O
                         net (fo=7, routed)           0.096     0.501    gen_input_slots[1].gen_input_banks[3].u_input_cache_bank_i_80_n_0
    SLICE_X68Y91         LUT5 (Prop_B6LUT_SLICEL_I4_O)
                                                      0.036     0.537 r  gen_input_slots[1].gen_input_banks[3].u_input_cache_bank_i_48/O
                         net (fo=10, routed)          0.105     0.642    gen_input_slots[1].gen_input_banks[3].u_input_cache_bank_i_48_n_0
    SLICE_X68Y90         LUT3 (Prop_H6LUT_SLICEL_I0_O)
                                                      0.036     0.678 r  gen_input_slots[1].gen_input_banks[3].u_input_cache_bank_i_65/O
                         net (fo=2, routed)           0.146     0.824    gen_input_slots[1].gen_input_banks[3].u_input_cache_bank_i_65_n_0
    SLICE_X67Y90         LUT6 (Prop_C6LUT_SLICEM_I2_O)
                                                      0.145     0.969 r  gen_input_slots[1].gen_input_banks[3].u_input_cache_bank_i_40_comp/O
                         net (fo=152, routed)         0.361     1.330    gen_input_slots[1].gen_input_banks[3].u_input_cache_bank_i_40_n_0
    SLICE_X63Y93         LUT6 (Prop_B6LUT_SLICEL_I2_O)
                                                      0.090     1.420 r  gen_input_slots[1].gen_input_banks[3].u_input_cache_bank_i_38/O
                         net (fo=48, routed)          0.311     1.732    gen_input_slots[1].gen_input_banks[3].u_input_cache_bank/valid_wr_data
    SLICE_X60Y98         LUT5 (Prop_B6LUT_SLICEL_I0_O)
                                                      0.098     1.830 r  gen_input_slots[1].gen_input_banks[3].u_input_cache_bank/data_mem_reg_0_63_0_6_i_1/O
                         net (fo=20, routed)          0.524     2.354    gen_input_slots[1].gen_input_banks[3].u_input_cache_bank/data_mem_reg_0_63_14_15/WE
    SLICE_X58Y114        RAMD64E                                      r  gen_input_slots[1].gen_input_banks[3].u_input_cache_bank/data_mem_reg_0_63_14_15/RAMB/WE
  -------------------------------------------------------------------    -------------------

                         (clock clk rise edge)        2.000     2.000 r  
                                                      0.000     2.000 r  clk (IN)
                         net (fo=34258, unset)        0.043     2.043    gen_input_slots[1].gen_input_banks[3].u_input_cache_bank/data_mem_reg_0_63_14_15/WCLK
    SLICE_X58Y114        RAMD64E                                      r  gen_input_slots[1].gen_input_banks[3].u_input_cache_bank/data_mem_reg_0_63_14_15/RAMB/CLK
                         clock pessimism              0.000     2.043    
                         clock uncertainty           -0.035     2.008    
    SLICE_X58Y114        RAMD64E (Setup_F6LUT_SLICEM_CLK_WE)
                                                     -0.180     1.828    gen_input_slots[1].gen_input_banks[3].u_input_cache_bank/data_mem_reg_0_63_14_15/RAMB
  -------------------------------------------------------------------
                         required time                          1.828    
                         arrival time                          -2.354    
  -------------------------------------------------------------------
                         slack                                 -0.526    

Slack (VIOLATED) :        -0.526ns  (required time - arrival time)
  Source:                 fill_slot_reg_replica_1/C
                            (rising edge-triggered cell FDCE clocked by clk  {rise@0.000ns fall@1.000ns period=2.000ns})
  Destination:            gen_input_slots[1].gen_input_banks[3].u_input_cache_bank/data_mem_reg_0_63_14_15/RAMC/WE
                            (rising edge-triggered cell RAMD64E clocked by clk  {rise@0.000ns fall@1.000ns period=2.000ns})
  Path Group:             clk
  Path Type:              Setup (Max at Slow Process Corner)
  Requirement:            2.000ns  (clk rise@2.000ns - clk rise@0.000ns)
  Data Path Delay:        2.324ns  (logic 0.533ns (22.939%)  route 1.791ns (77.061%))
  Logic Levels:           6  (LUT3=2 LUT5=2 LUT6=2)
  Clock Path Skew:        0.013ns (DCD - SCD + CPR)
    Destination Clock Delay (DCD):    0.043ns = ( 2.043 - 2.000 ) 
    Source Clock Delay      (SCD):    0.030ns
    Clock Pessimism Removal (CPR):    0.000ns
  Clock Uncertainty:      0.035ns  ((TSJ^2 + TIJ^2)^1/2 + DJ) / 2 + PE
    Total System Jitter     (TSJ):    0.071ns
    Total Input Jitter      (TIJ):    0.000ns
    Discrete Jitter          (DJ):    0.000ns
    Phase Error              (PE):    0.000ns

    Location             Delay type                Incr(ns)  Path(ns)    Netlist Resource(s)
  -------------------------------------------------------------------    -------------------
                         (clock clk rise edge)        0.000     0.000 r  
                                                      0.000     0.000 r  clk (IN)
                         net (fo=34258, unset)        0.030     0.030    clk
    SLICE_X67Y92         FDCE                                         r  fill_slot_reg_replica_1/C
  -------------------------------------------------------------------    -------------------
    SLICE_X67Y92         FDCE (Prop_DFF_SLICEM_C_Q)
                                                      0.078     0.108 r  fill_slot_reg_replica_1/Q
                         net (fo=13, routed)          0.246     0.354    fill_slot_repN_1
    SLICE_X69Y91         LUT3 (Prop_A6LUT_SLICEL_I1_O)
                                                      0.050     0.404 r  gen_input_slots[1].gen_input_banks[3].u_input_cache_bank_i_80/O
                         net (fo=7, routed)           0.096     0.501    gen_input_slots[1].gen_input_banks[3].u_input_cache_bank_i_80_n_0
    SLICE_X68Y91         LUT5 (Prop_B6LUT_SLICEL_I4_O)
                                                      0.036     0.537 r  gen_input_slots[1].gen_input_banks[3].u_input_cache_bank_i_48/O
                         net (fo=10, routed)          0.105     0.642    gen_input_slots[1].gen_input_banks[3].u_input_cache_bank_i_48_n_0
    SLICE_X68Y90         LUT3 (Prop_H6LUT_SLICEL_I0_O)
                                                      0.036     0.678 r  gen_input_slots[1].gen_input_banks[3].u_input_cache_bank_i_65/O
                         net (fo=2, routed)           0.146     0.824    gen_input_slots[1].gen_input_banks[3].u_input_cache_bank_i_65_n_0
    SLICE_X67Y90         LUT6 (Prop_C6LUT_SLICEM_I2_O)
                                                      0.145     0.969 r  gen_input_slots[1].gen_input_banks[3].u_input_cache_bank_i_40_comp/O
                         net (fo=152, routed)         0.361     1.330    gen_input_slots[1].gen_input_banks[3].u_input_cache_bank_i_40_n_0
    SLICE_X63Y93         LUT6 (Prop_B6LUT_SLICEL_I2_O)
                                                      0.090     1.420 r  gen_input_slots[1].gen_input_banks[3].u_input_cache_bank_i_38/O
                         net (fo=48, routed)          0.311     1.732    gen_input_slots[1].gen_input_banks[3].u_input_cache_bank/valid_wr_data
    SLICE_X60Y98         LUT5 (Prop_B6LUT_SLICEL_I0_O)
                                                      0.098     1.830 r  gen_input_slots[1].gen_input_banks[3].u_input_cache_bank/data_mem_reg_0_63_0_6_i_1/O
                         net (fo=20, routed)          0.524     2.354    gen_input_slots[1].gen_input_banks[3].u_input_cache_bank/data_mem_reg_0_63_14_15/WE
    SLICE_X58Y114        RAMD64E                                      r  gen_input_slots[1].gen_input_banks[3].u_input_cache_bank/data_mem_reg_0_63_14_15/RAMC/WE
  -------------------------------------------------------------------    -------------------

                         (clock clk rise edge)        2.000     2.000 r  
                                                      0.000     2.000 r  clk (IN)
                         net (fo=34258, unset)        0.043     2.043    gen_input_slots[1].gen_input_banks[3].u_input_cache_bank/data_mem_reg_0_63_14_15/WCLK
    SLICE_X58Y114        RAMD64E                                      r  gen_input_slots[1].gen_input_banks[3].u_input_cache_bank/data_mem_reg_0_63_14_15/RAMC/CLK
                         clock pessimism              0.000     2.043    
                         clock uncertainty           -0.035     2.008    
    SLICE_X58Y114        RAMD64E (Setup_G6LUT_SLICEM_CLK_WE)
                                                     -0.180     1.828    gen_input_slots[1].gen_input_banks[3].u_input_cache_bank/data_mem_reg_0_63_14_15/RAMC
  -------------------------------------------------------------------
                         required time                          1.828    
                         arrival time                          -2.354    
  -------------------------------------------------------------------
                         slack                                 -0.526    

Slack (VIOLATED) :        -0.526ns  (required time - arrival time)
  Source:                 fill_slot_reg_replica_1/C
                            (rising edge-triggered cell FDCE clocked by clk  {rise@0.000ns fall@1.000ns period=2.000ns})
  Destination:            gen_input_slots[1].gen_input_banks[3].u_input_cache_bank/data_mem_reg_0_63_14_15/RAMD/WE
                            (rising edge-triggered cell RAMD64E clocked by clk  {rise@0.000ns fall@1.000ns period=2.000ns})
  Path Group:             clk
  Path Type:              Setup (Max at Slow Process Corner)
  Requirement:            2.000ns  (clk rise@2.000ns - clk rise@0.000ns)
  Data Path Delay:        2.324ns  (logic 0.533ns (22.939%)  route 1.791ns (77.061%))
  Logic Levels:           6  (LUT3=2 LUT5=2 LUT6=2)
  Clock Path Skew:        0.013ns (DCD - SCD + CPR)
    Destination Clock Delay (DCD):    0.043ns = ( 2.043 - 2.000 ) 
    Source Clock Delay      (SCD):    0.030ns
    Clock Pessimism Removal (CPR):    0.000ns
  Clock Uncertainty:      0.035ns  ((TSJ^2 + TIJ^2)^1/2 + DJ) / 2 + PE
    Total System Jitter     (TSJ):    0.071ns
    Total Input Jitter      (TIJ):    0.000ns
    Discrete Jitter          (DJ):    0.000ns
    Phase Error              (PE):    0.000ns

    Location             Delay type                Incr(ns)  Path(ns)    Netlist Resource(s)
  -------------------------------------------------------------------    -------------------
                         (clock clk rise edge)        0.000     0.000 r  
                                                      0.000     0.000 r  clk (IN)
                         net (fo=34258, unset)        0.030     0.030    clk
    SLICE_X67Y92         FDCE                                         r  fill_slot_reg_replica_1/C
  -------------------------------------------------------------------    -------------------
    SLICE_X67Y92         FDCE (Prop_DFF_SLICEM_C_Q)
                                                      0.078     0.108 r  fill_slot_reg_replica_1/Q
                         net (fo=13, routed)          0.246     0.354    fill_slot_repN_1
    SLICE_X69Y91         LUT3 (Prop_A6LUT_SLICEL_I1_O)
                                                      0.050     0.404 r  gen_input_slots[1].gen_input_banks[3].u_input_cache_bank_i_80/O
                         net (fo=7, routed)           0.096     0.501    gen_input_slots[1].gen_input_banks[3].u_input_cache_bank_i_80_n_0
    SLICE_X68Y91         LUT5 (Prop_B6LUT_SLICEL_I4_O)
                                                      0.036     0.537 r  gen_input_slots[1].gen_input_banks[3].u_input_cache_bank_i_48/O
                         net (fo=10, routed)          0.105     0.642    gen_input_slots[1].gen_input_banks[3].u_input_cache_bank_i_48_n_0
    SLICE_X68Y90         LUT3 (Prop_H6LUT_SLICEL_I0_O)
                                                      0.036     0.678 r  gen_input_slots[1].gen_input_banks[3].u_input_cache_bank_i_65/O
                         net (fo=2, routed)           0.146     0.824    gen_input_slots[1].gen_input_banks[3].u_input_cache_bank_i_65_n_0
    SLICE_X67Y90         LUT6 (Prop_C6LUT_SLICEM_I2_O)
                                                      0.145     0.969 r  gen_input_slots[1].gen_input_banks[3].u_input_cache_bank_i_40_comp/O
                         net (fo=152, routed)         0.361     1.330    gen_input_slots[1].gen_input_banks[3].u_input_cache_bank_i_40_n_0
    SLICE_X63Y93         LUT6 (Prop_B6LUT_SLICEL_I2_O)
                                                      0.090     1.420 r  gen_input_slots[1].gen_input_banks[3].u_input_cache_bank_i_38/O
                         net (fo=48, routed)          0.311     1.732    gen_input_slots[1].gen_input_banks[3].u_input_cache_bank/valid_wr_data
    SLICE_X60Y98         LUT5 (Prop_B6LUT_SLICEL_I0_O)
                                                      0.098     1.830 r  gen_input_slots[1].gen_input_banks[3].u_input_cache_bank/data_mem_reg_0_63_0_6_i_1/O
                         net (fo=20, routed)          0.524     2.354    gen_input_slots[1].gen_input_banks[3].u_input_cache_bank/data_mem_reg_0_63_14_15/WE
    SLICE_X58Y114        RAMD64E                                      r  gen_input_slots[1].gen_input_banks[3].u_input_cache_bank/data_mem_reg_0_63_14_15/RAMD/WE
  -------------------------------------------------------------------    -------------------

                         (clock clk rise edge)        2.000     2.000 r  
                                                      0.000     2.000 r  clk (IN)
                         net (fo=34258, unset)        0.043     2.043    gen_input_slots[1].gen_input_banks[3].u_input_cache_bank/data_mem_reg_0_63_14_15/WCLK
    SLICE_X58Y114        RAMD64E                                      r  gen_input_slots[1].gen_input_banks[3].u_input_cache_bank/data_mem_reg_0_63_14_15/RAMD/CLK
                         clock pessimism              0.000     2.043    
                         clock uncertainty           -0.035     2.008    
    SLICE_X58Y114        RAMD64E (Setup_H6LUT_SLICEM_CLK_WE)
                                                     -0.180     1.828    gen_input_slots[1].gen_input_banks[3].u_input_cache_bank/data_mem_reg_0_63_14_15/RAMD
  -------------------------------------------------------------------
                         required time                          1.828    
                         arrival time                          -2.354    
  -------------------------------------------------------------------
                         slack                                 -0.526    

Slack (VIOLATED) :        -0.523ns  (required time - arrival time)
  Source:                 slot_width_reg[1][5]_replica/C
                            (rising edge-triggered cell FDCE clocked by clk  {rise@0.000ns fall@1.000ns period=2.000ns})
  Destination:            gen_input_slots[1].gen_input_banks[0].u_input_cache_bank/data_mem_reg_64_127_0_6/RAMA/WE
                            (rising edge-triggered cell RAMD64E clocked by clk  {rise@0.000ns fall@1.000ns period=2.000ns})
  Path Group:             clk
  Path Type:              Setup (Max at Slow Process Corner)
  Requirement:            2.000ns  (clk rise@2.000ns - clk rise@0.000ns)
  Data Path Delay:        2.322ns  (logic 0.685ns (29.497%)  route 1.637ns (70.503%))
  Logic Levels:           6  (LUT3=1 LUT4=1 LUT5=1 LUT6=3)
  Clock Path Skew:        0.015ns (DCD - SCD + CPR)
    Destination Clock Delay (DCD):    0.043ns = ( 2.043 - 2.000 ) 
    Source Clock Delay      (SCD):    0.028ns
    Clock Pessimism Removal (CPR):    0.000ns
  Clock Uncertainty:      0.035ns  ((TSJ^2 + TIJ^2)^1/2 + DJ) / 2 + PE
    Total System Jitter     (TSJ):    0.071ns
    Total Input Jitter      (TIJ):    0.000ns
    Discrete Jitter          (DJ):    0.000ns
    Phase Error              (PE):    0.000ns

    Location             Delay type                Incr(ns)  Path(ns)    Netlist Resource(s)
  -------------------------------------------------------------------    -------------------
                         (clock clk rise edge)        0.000     0.000 r  
                                                      0.000     0.000 r  clk (IN)
                         net (fo=34258, unset)        0.028     0.028    clk
    SLICE_X68Y90         FDCE                                         r  slot_width_reg[1][5]_replica/C
  -------------------------------------------------------------------    -------------------
    SLICE_X68Y90         FDCE (Prop_DFF_SLICEL_C_Q)
                                                      0.079     0.107 f  slot_width_reg[1][5]_replica/Q
                         net (fo=2, routed)           0.101     0.208    slot_width_reg_n_0_[1][5]_repN
    SLICE_X68Y92         LUT3 (Prop_B6LUT_SLICEL_I0_O)
                                                      0.090     0.298 f  gen_input_slots[1].gen_input_banks[3].u_input_cache_bank_i_77/O
                         net (fo=15, routed)          0.116     0.414    gen_input_slots[1].gen_input_banks[3].u_input_cache_bank_i_77_n_0
    SLICE_X67Y92         LUT6 (Prop_A6LUT_SLICEM_I0_O)
                                                      0.090     0.504 f  gen_input_slots[1].gen_input_banks[3].u_input_cache_bank_i_85/O
                         net (fo=3, routed)           0.058     0.563    gen_input_slots[1].gen_input_banks[3].u_input_cache_bank_i_85_n_0
    SLICE_X67Y91         LUT4 (Prop_G6LUT_SLICEM_I0_O)
                                                      0.037     0.600 f  gen_input_slots[1].gen_input_banks[3].u_input_cache_bank_i_62/O
                         net (fo=19, routed)          0.365     0.965    gen_input_slots[1].gen_input_banks[3].u_input_cache_bank_i_62_n_0
    SLICE_X60Y92         LUT6 (Prop_H6LUT_SLICEL_I1_O)
                                                      0.150     1.115 r  gen_input_slots[1].gen_input_banks[1].u_input_cache_bank_i_40_replica_4/O
                         net (fo=23, routed)          0.177     1.292    gen_input_slots[1].gen_input_banks[1].u_input_cache_bank_i_40_n_0_repN_4
    SLICE_X60Y90         LUT6 (Prop_H6LUT_SLICEL_I2_O)
                                                      0.150     1.442 f  gen_input_slots[1].gen_input_banks[0].u_input_cache_bank_i_1/O
                         net (fo=16, routed)          0.424     1.866    gen_input_slots[1].gen_input_banks[0].u_input_cache_bank/data_wr_addr[9]
    SLICE_X53Y92         LUT5 (Prop_B6LUT_SLICEM_I3_O)
                                                      0.089     1.955 r  gen_input_slots[1].gen_input_banks[0].u_input_cache_bank/data_mem_reg_64_127_0_6_i_1/O
                         net (fo=20, routed)          0.395     2.350    gen_input_slots[1].gen_input_banks[0].u_input_cache_bank/data_mem_reg_64_127_0_6/WE
    SLICE_X50Y88         RAMD64E                                      r  gen_input_slots[1].gen_input_banks[0].u_input_cache_bank/data_mem_reg_64_127_0_6/RAMA/WE
  -------------------------------------------------------------------    -------------------

                         (clock clk rise edge)        2.000     2.000 r  
                                                      0.000     2.000 r  clk (IN)
                         net (fo=34258, unset)        0.043     2.043    gen_input_slots[1].gen_input_banks[0].u_input_cache_bank/data_mem_reg_64_127_0_6/WCLK
    SLICE_X50Y88         RAMD64E                                      r  gen_input_slots[1].gen_input_banks[0].u_input_cache_bank/data_mem_reg_64_127_0_6/RAMA/CLK
                         clock pessimism              0.000     2.043    
                         clock uncertainty           -0.035     2.008    
    SLICE_X50Y88         RAMD64E (Setup_A6LUT_SLICEM_CLK_WE)
                                                     -0.180     1.828    gen_input_slots[1].gen_input_banks[0].u_input_cache_bank/data_mem_reg_64_127_0_6/RAMA
  -------------------------------------------------------------------
                         required time                          1.828    
                         arrival time                          -2.350    
  -------------------------------------------------------------------
                         slack                                 -0.523    

Slack (VIOLATED) :        -0.523ns  (required time - arrival time)
  Source:                 slot_width_reg[1][5]_replica/C
                            (rising edge-triggered cell FDCE clocked by clk  {rise@0.000ns fall@1.000ns period=2.000ns})
  Destination:            gen_input_slots[1].gen_input_banks[0].u_input_cache_bank/data_mem_reg_64_127_0_6/RAMB/WE
                            (rising edge-triggered cell RAMD64E clocked by clk  {rise@0.000ns fall@1.000ns period=2.000ns})
  Path Group:             clk
  Path Type:              Setup (Max at Slow Process Corner)
  Requirement:            2.000ns  (clk rise@2.000ns - clk rise@0.000ns)
  Data Path Delay:        2.322ns  (logic 0.685ns (29.497%)  route 1.637ns (70.503%))
  Logic Levels:           6  (LUT3=1 LUT4=1 LUT5=1 LUT6=3)
  Clock Path Skew:        0.015ns (DCD - SCD + CPR)
    Destination Clock Delay (DCD):    0.043ns = ( 2.043 - 2.000 ) 
    Source Clock Delay      (SCD):    0.028ns
    Clock Pessimism Removal (CPR):    0.000ns
  Clock Uncertainty:      0.035ns  ((TSJ^2 + TIJ^2)^1/2 + DJ) / 2 + PE
    Total System Jitter     (TSJ):    0.071ns
    Total Input Jitter      (TIJ):    0.000ns
    Discrete Jitter          (DJ):    0.000ns
    Phase Error              (PE):    0.000ns

    Location             Delay type                Incr(ns)  Path(ns)    Netlist Resource(s)
  -------------------------------------------------------------------    -------------------
                         (clock clk rise edge)        0.000     0.000 r  
                                                      0.000     0.000 r  clk (IN)
                         net (fo=34258, unset)        0.028     0.028    clk
    SLICE_X68Y90         FDCE                                         r  slot_width_reg[1][5]_replica/C
  -------------------------------------------------------------------    -------------------
    SLICE_X68Y90         FDCE (Prop_DFF_SLICEL_C_Q)
                                                      0.079     0.107 f  slot_width_reg[1][5]_replica/Q
                         net (fo=2, routed)           0.101     0.208    slot_width_reg_n_0_[1][5]_repN
    SLICE_X68Y92         LUT3 (Prop_B6LUT_SLICEL_I0_O)
                                                      0.090     0.298 f  gen_input_slots[1].gen_input_banks[3].u_input_cache_bank_i_77/O
                         net (fo=15, routed)          0.116     0.414    gen_input_slots[1].gen_input_banks[3].u_input_cache_bank_i_77_n_0
    SLICE_X67Y92         LUT6 (Prop_A6LUT_SLICEM_I0_O)
                                                      0.090     0.504 f  gen_input_slots[1].gen_input_banks[3].u_input_cache_bank_i_85/O
                         net (fo=3, routed)           0.058     0.563    gen_input_slots[1].gen_input_banks[3].u_input_cache_bank_i_85_n_0
    SLICE_X67Y91         LUT4 (Prop_G6LUT_SLICEM_I0_O)
                                                      0.037     0.600 f  gen_input_slots[1].gen_input_banks[3].u_input_cache_bank_i_62/O
                         net (fo=19, routed)          0.365     0.965    gen_input_slots[1].gen_input_banks[3].u_input_cache_bank_i_62_n_0
    SLICE_X60Y92         LUT6 (Prop_H6LUT_SLICEL_I1_O)
                                                      0.150     1.115 r  gen_input_slots[1].gen_input_banks[1].u_input_cache_bank_i_40_replica_4/O
                         net (fo=23, routed)          0.177     1.292    gen_input_slots[1].gen_input_banks[1].u_input_cache_bank_i_40_n_0_repN_4
    SLICE_X60Y90         LUT6 (Prop_H6LUT_SLICEL_I2_O)
                                                      0.150     1.442 f  gen_input_slots[1].gen_input_banks[0].u_input_cache_bank_i_1/O
                         net (fo=16, routed)          0.424     1.866    gen_input_slots[1].gen_input_banks[0].u_input_cache_bank/data_wr_addr[9]
    SLICE_X53Y92         LUT5 (Prop_B6LUT_SLICEM_I3_O)
                                                      0.089     1.955 r  gen_input_slots[1].gen_input_banks[0].u_input_cache_bank/data_mem_reg_64_127_0_6_i_1/O
                         net (fo=20, routed)          0.395     2.350    gen_input_slots[1].gen_input_banks[0].u_input_cache_bank/data_mem_reg_64_127_0_6/WE
    SLICE_X50Y88         RAMD64E                                      r  gen_input_slots[1].gen_input_banks[0].u_input_cache_bank/data_mem_reg_64_127_0_6/RAMB/WE
  -------------------------------------------------------------------    -------------------

                         (clock clk rise edge)        2.000     2.000 r  
                                                      0.000     2.000 r  clk (IN)
                         net (fo=34258, unset)        0.043     2.043    gen_input_slots[1].gen_input_banks[0].u_input_cache_bank/data_mem_reg_64_127_0_6/WCLK
    SLICE_X50Y88         RAMD64E                                      r  gen_input_slots[1].gen_input_banks[0].u_input_cache_bank/data_mem_reg_64_127_0_6/RAMB/CLK
                         clock pessimism              0.000     2.043    
                         clock uncertainty           -0.035     2.008    
    SLICE_X50Y88         RAMD64E (Setup_B6LUT_SLICEM_CLK_WE)
                                                     -0.180     1.828    gen_input_slots[1].gen_input_banks[0].u_input_cache_bank/data_mem_reg_64_127_0_6/RAMB
  -------------------------------------------------------------------
                         required time                          1.828    
                         arrival time                          -2.350    
  -------------------------------------------------------------------
                         slack                                 -0.523    

Slack (VIOLATED) :        -0.523ns  (required time - arrival time)
  Source:                 slot_width_reg[1][5]_replica/C
                            (rising edge-triggered cell FDCE clocked by clk  {rise@0.000ns fall@1.000ns period=2.000ns})
  Destination:            gen_input_slots[1].gen_input_banks[0].u_input_cache_bank/data_mem_reg_64_127_0_6/RAMC/WE
                            (rising edge-triggered cell RAMD64E clocked by clk  {rise@0.000ns fall@1.000ns period=2.000ns})
  Path Group:             clk
  Path Type:              Setup (Max at Slow Process Corner)
  Requirement:            2.000ns  (clk rise@2.000ns - clk rise@0.000ns)
  Data Path Delay:        2.322ns  (logic 0.685ns (29.497%)  route 1.637ns (70.503%))
  Logic Levels:           6  (LUT3=1 LUT4=1 LUT5=1 LUT6=3)
  Clock Path Skew:        0.015ns (DCD - SCD + CPR)
    Destination Clock Delay (DCD):    0.043ns = ( 2.043 - 2.000 ) 
    Source Clock Delay      (SCD):    0.028ns
    Clock Pessimism Removal (CPR):    0.000ns
  Clock Uncertainty:      0.035ns  ((TSJ^2 + TIJ^2)^1/2 + DJ) / 2 + PE
    Total System Jitter     (TSJ):    0.071ns
    Total Input Jitter      (TIJ):    0.000ns
    Discrete Jitter          (DJ):    0.000ns
    Phase Error              (PE):    0.000ns

    Location             Delay type                Incr(ns)  Path(ns)    Netlist Resource(s)
  -------------------------------------------------------------------    -------------------
                         (clock clk rise edge)        0.000     0.000 r  
                                                      0.000     0.000 r  clk (IN)
                         net (fo=34258, unset)        0.028     0.028    clk
    SLICE_X68Y90         FDCE                                         r  slot_width_reg[1][5]_replica/C
  -------------------------------------------------------------------    -------------------
    SLICE_X68Y90         FDCE (Prop_DFF_SLICEL_C_Q)
                                                      0.079     0.107 f  slot_width_reg[1][5]_replica/Q
                         net (fo=2, routed)           0.101     0.208    slot_width_reg_n_0_[1][5]_repN
    SLICE_X68Y92         LUT3 (Prop_B6LUT_SLICEL_I0_O)
                                                      0.090     0.298 f  gen_input_slots[1].gen_input_banks[3].u_input_cache_bank_i_77/O
                         net (fo=15, routed)          0.116     0.414    gen_input_slots[1].gen_input_banks[3].u_input_cache_bank_i_77_n_0
    SLICE_X67Y92         LUT6 (Prop_A6LUT_SLICEM_I0_O)
                                                      0.090     0.504 f  gen_input_slots[1].gen_input_banks[3].u_input_cache_bank_i_85/O
                         net (fo=3, routed)           0.058     0.563    gen_input_slots[1].gen_input_banks[3].u_input_cache_bank_i_85_n_0
    SLICE_X67Y91         LUT4 (Prop_G6LUT_SLICEM_I0_O)
                                                      0.037     0.600 f  gen_input_slots[1].gen_input_banks[3].u_input_cache_bank_i_62/O
                         net (fo=19, routed)          0.365     0.965    gen_input_slots[1].gen_input_banks[3].u_input_cache_bank_i_62_n_0
    SLICE_X60Y92         LUT6 (Prop_H6LUT_SLICEL_I1_O)
                                                      0.150     1.115 r  gen_input_slots[1].gen_input_banks[1].u_input_cache_bank_i_40_replica_4/O
                         net (fo=23, routed)          0.177     1.292    gen_input_slots[1].gen_input_banks[1].u_input_cache_bank_i_40_n_0_repN_4
    SLICE_X60Y90         LUT6 (Prop_H6LUT_SLICEL_I2_O)
                                                      0.150     1.442 f  gen_input_slots[1].gen_input_banks[0].u_input_cache_bank_i_1/O
                         net (fo=16, routed)          0.424     1.866    gen_input_slots[1].gen_input_banks[0].u_input_cache_bank/data_wr_addr[9]
    SLICE_X53Y92         LUT5 (Prop_B6LUT_SLICEM_I3_O)
                                                      0.089     1.955 r  gen_input_slots[1].gen_input_banks[0].u_input_cache_bank/data_mem_reg_64_127_0_6_i_1/O
                         net (fo=20, routed)          0.395     2.350    gen_input_slots[1].gen_input_banks[0].u_input_cache_bank/data_mem_reg_64_127_0_6/WE
    SLICE_X50Y88         RAMD64E                                      r  gen_input_slots[1].gen_input_banks[0].u_input_cache_bank/data_mem_reg_64_127_0_6/RAMC/WE
  -------------------------------------------------------------------    -------------------

                         (clock clk rise edge)        2.000     2.000 r  
                                                      0.000     2.000 r  clk (IN)
                         net (fo=34258, unset)        0.043     2.043    gen_input_slots[1].gen_input_banks[0].u_input_cache_bank/data_mem_reg_64_127_0_6/WCLK
    SLICE_X50Y88         RAMD64E                                      r  gen_input_slots[1].gen_input_banks[0].u_input_cache_bank/data_mem_reg_64_127_0_6/RAMC/CLK
                         clock pessimism              0.000     2.043    
                         clock uncertainty           -0.035     2.008    
    SLICE_X50Y88         RAMD64E (Setup_C6LUT_SLICEM_CLK_WE)
                                                     -0.180     1.828    gen_input_slots[1].gen_input_banks[0].u_input_cache_bank/data_mem_reg_64_127_0_6/RAMC
  -------------------------------------------------------------------
                         required time                          1.828    
                         arrival time                          -2.350    
  -------------------------------------------------------------------
                         slack                                 -0.523    

Slack (VIOLATED) :        -0.523ns  (required time - arrival time)
  Source:                 slot_width_reg[1][5]_replica/C
                            (rising edge-triggered cell FDCE clocked by clk  {rise@0.000ns fall@1.000ns period=2.000ns})
  Destination:            gen_input_slots[1].gen_input_banks[0].u_input_cache_bank/data_mem_reg_64_127_0_6/RAMD/WE
                            (rising edge-triggered cell RAMD64E clocked by clk  {rise@0.000ns fall@1.000ns period=2.000ns})
  Path Group:             clk
  Path Type:              Setup (Max at Slow Process Corner)
  Requirement:            2.000ns  (clk rise@2.000ns - clk rise@0.000ns)
  Data Path Delay:        2.322ns  (logic 0.685ns (29.497%)  route 1.637ns (70.503%))
  Logic Levels:           6  (LUT3=1 LUT4=1 LUT5=1 LUT6=3)
  Clock Path Skew:        0.015ns (DCD - SCD + CPR)
    Destination Clock Delay (DCD):    0.043ns = ( 2.043 - 2.000 ) 
    Source Clock Delay      (SCD):    0.028ns
    Clock Pessimism Removal (CPR):    0.000ns
  Clock Uncertainty:      0.035ns  ((TSJ^2 + TIJ^2)^1/2 + DJ) / 2 + PE
    Total System Jitter     (TSJ):    0.071ns
    Total Input Jitter      (TIJ):    0.000ns
    Discrete Jitter          (DJ):    0.000ns
    Phase Error              (PE):    0.000ns

    Location             Delay type                Incr(ns)  Path(ns)    Netlist Resource(s)
  -------------------------------------------------------------------    -------------------
                         (clock clk rise edge)        0.000     0.000 r  
                                                      0.000     0.000 r  clk (IN)
                         net (fo=34258, unset)        0.028     0.028    clk
    SLICE_X68Y90         FDCE                                         r  slot_width_reg[1][5]_replica/C
  -------------------------------------------------------------------    -------------------
    SLICE_X68Y90         FDCE (Prop_DFF_SLICEL_C_Q)
                                                      0.079     0.107 f  slot_width_reg[1][5]_replica/Q
                         net (fo=2, routed)           0.101     0.208    slot_width_reg_n_0_[1][5]_repN
    SLICE_X68Y92         LUT3 (Prop_B6LUT_SLICEL_I0_O)
                                                      0.090     0.298 f  gen_input_slots[1].gen_input_banks[3].u_input_cache_bank_i_77/O
                         net (fo=15, routed)          0.116     0.414    gen_input_slots[1].gen_input_banks[3].u_input_cache_bank_i_77_n_0
    SLICE_X67Y92         LUT6 (Prop_A6LUT_SLICEM_I0_O)
                                                      0.090     0.504 f  gen_input_slots[1].gen_input_banks[3].u_input_cache_bank_i_85/O
                         net (fo=3, routed)           0.058     0.563    gen_input_slots[1].gen_input_banks[3].u_input_cache_bank_i_85_n_0
    SLICE_X67Y91         LUT4 (Prop_G6LUT_SLICEM_I0_O)
                                                      0.037     0.600 f  gen_input_slots[1].gen_input_banks[3].u_input_cache_bank_i_62/O
                         net (fo=19, routed)          0.365     0.965    gen_input_slots[1].gen_input_banks[3].u_input_cache_bank_i_62_n_0
    SLICE_X60Y92         LUT6 (Prop_H6LUT_SLICEL_I1_O)
                                                      0.150     1.115 r  gen_input_slots[1].gen_input_banks[1].u_input_cache_bank_i_40_replica_4/O
                         net (fo=23, routed)          0.177     1.292    gen_input_slots[1].gen_input_banks[1].u_input_cache_bank_i_40_n_0_repN_4
    SLICE_X60Y90         LUT6 (Prop_H6LUT_SLICEL_I2_O)
                                                      0.150     1.442 f  gen_input_slots[1].gen_input_banks[0].u_input_cache_bank_i_1/O
                         net (fo=16, routed)          0.424     1.866    gen_input_slots[1].gen_input_banks[0].u_input_cache_bank/data_wr_addr[9]
    SLICE_X53Y92         LUT5 (Prop_B6LUT_SLICEM_I3_O)
                                                      0.089     1.955 r  gen_input_slots[1].gen_input_banks[0].u_input_cache_bank/data_mem_reg_64_127_0_6_i_1/O
                         net (fo=20, routed)          0.395     2.350    gen_input_slots[1].gen_input_banks[0].u_input_cache_bank/data_mem_reg_64_127_0_6/WE
    SLICE_X50Y88         RAMD64E                                      r  gen_input_slots[1].gen_input_banks[0].u_input_cache_bank/data_mem_reg_64_127_0_6/RAMD/WE
  -------------------------------------------------------------------    -------------------

                         (clock clk rise edge)        2.000     2.000 r  
                                                      0.000     2.000 r  clk (IN)
                         net (fo=34258, unset)        0.043     2.043    gen_input_slots[1].gen_input_banks[0].u_input_cache_bank/data_mem_reg_64_127_0_6/WCLK
    SLICE_X50Y88         RAMD64E                                      r  gen_input_slots[1].gen_input_banks[0].u_input_cache_bank/data_mem_reg_64_127_0_6/RAMD/CLK
                         clock pessimism              0.000     2.043    
                         clock uncertainty           -0.035     2.008    
    SLICE_X50Y88         RAMD64E (Setup_D6LUT_SLICEM_CLK_WE)
                                                     -0.180     1.828    gen_input_slots[1].gen_input_banks[0].u_input_cache_bank/data_mem_reg_64_127_0_6/RAMD
  -------------------------------------------------------------------
                         required time                          1.828    
                         arrival time                          -2.350    
  -------------------------------------------------------------------
                         slack                                 -0.523    

Slack (VIOLATED) :        -0.523ns  (required time - arrival time)
  Source:                 slot_width_reg[1][5]_replica/C
                            (rising edge-triggered cell FDCE clocked by clk  {rise@0.000ns fall@1.000ns period=2.000ns})
  Destination:            gen_input_slots[1].gen_input_banks[0].u_input_cache_bank/data_mem_reg_64_127_0_6/RAME/WE
                            (rising edge-triggered cell RAMD64E clocked by clk  {rise@0.000ns fall@1.000ns period=2.000ns})
  Path Group:             clk
  Path Type:              Setup (Max at Slow Process Corner)
  Requirement:            2.000ns  (clk rise@2.000ns - clk rise@0.000ns)
  Data Path Delay:        2.322ns  (logic 0.685ns (29.497%)  route 1.637ns (70.503%))
  Logic Levels:           6  (LUT3=1 LUT4=1 LUT5=1 LUT6=3)
  Clock Path Skew:        0.015ns (DCD - SCD + CPR)
    Destination Clock Delay (DCD):    0.043ns = ( 2.043 - 2.000 ) 
    Source Clock Delay      (SCD):    0.028ns
    Clock Pessimism Removal (CPR):    0.000ns
  Clock Uncertainty:      0.035ns  ((TSJ^2 + TIJ^2)^1/2 + DJ) / 2 + PE
    Total System Jitter     (TSJ):    0.071ns
    Total Input Jitter      (TIJ):    0.000ns
    Discrete Jitter          (DJ):    0.000ns
    Phase Error              (PE):    0.000ns

    Location             Delay type                Incr(ns)  Path(ns)    Netlist Resource(s)
  -------------------------------------------------------------------    -------------------
                         (clock clk rise edge)        0.000     0.000 r  
                                                      0.000     0.000 r  clk (IN)
                         net (fo=34258, unset)        0.028     0.028    clk
    SLICE_X68Y90         FDCE                                         r  slot_width_reg[1][5]_replica/C
  -------------------------------------------------------------------    -------------------
    SLICE_X68Y90         FDCE (Prop_DFF_SLICEL_C_Q)
                                                      0.079     0.107 f  slot_width_reg[1][5]_replica/Q
                         net (fo=2, routed)           0.101     0.208    slot_width_reg_n_0_[1][5]_repN
    SLICE_X68Y92         LUT3 (Prop_B6LUT_SLICEL_I0_O)
                                                      0.090     0.298 f  gen_input_slots[1].gen_input_banks[3].u_input_cache_bank_i_77/O
                         net (fo=15, routed)          0.116     0.414    gen_input_slots[1].gen_input_banks[3].u_input_cache_bank_i_77_n_0
    SLICE_X67Y92         LUT6 (Prop_A6LUT_SLICEM_I0_O)
                                                      0.090     0.504 f  gen_input_slots[1].gen_input_banks[3].u_input_cache_bank_i_85/O
                         net (fo=3, routed)           0.058     0.563    gen_input_slots[1].gen_input_banks[3].u_input_cache_bank_i_85_n_0
    SLICE_X67Y91         LUT4 (Prop_G6LUT_SLICEM_I0_O)
                                                      0.037     0.600 f  gen_input_slots[1].gen_input_banks[3].u_input_cache_bank_i_62/O
                         net (fo=19, routed)          0.365     0.965    gen_input_slots[1].gen_input_banks[3].u_input_cache_bank_i_62_n_0
    SLICE_X60Y92         LUT6 (Prop_H6LUT_SLICEL_I1_O)
                                                      0.150     1.115 r  gen_input_slots[1].gen_input_banks[1].u_input_cache_bank_i_40_replica_4/O
                         net (fo=23, routed)          0.177     1.292    gen_input_slots[1].gen_input_banks[1].u_input_cache_bank_i_40_n_0_repN_4
    SLICE_X60Y90         LUT6 (Prop_H6LUT_SLICEL_I2_O)
                                                      0.150     1.442 f  gen_input_slots[1].gen_input_banks[0].u_input_cache_bank_i_1/O
                         net (fo=16, routed)          0.424     1.866    gen_input_slots[1].gen_input_banks[0].u_input_cache_bank/data_wr_addr[9]
    SLICE_X53Y92         LUT5 (Prop_B6LUT_SLICEM_I3_O)
                                                      0.089     1.955 r  gen_input_slots[1].gen_input_banks[0].u_input_cache_bank/data_mem_reg_64_127_0_6_i_1/O
                         net (fo=20, routed)          0.395     2.350    gen_input_slots[1].gen_input_banks[0].u_input_cache_bank/data_mem_reg_64_127_0_6/WE
    SLICE_X50Y88         RAMD64E                                      r  gen_input_slots[1].gen_input_banks[0].u_input_cache_bank/data_mem_reg_64_127_0_6/RAME/WE
  -------------------------------------------------------------------    -------------------

                         (clock clk rise edge)        2.000     2.000 r  
                                                      0.000     2.000 r  clk (IN)
                         net (fo=34258, unset)        0.043     2.043    gen_input_slots[1].gen_input_banks[0].u_input_cache_bank/data_mem_reg_64_127_0_6/WCLK
    SLICE_X50Y88         RAMD64E                                      r  gen_input_slots[1].gen_input_banks[0].u_input_cache_bank/data_mem_reg_64_127_0_6/RAME/CLK
                         clock pessimism              0.000     2.043    
                         clock uncertainty           -0.035     2.008    
    SLICE_X50Y88         RAMD64E (Setup_E6LUT_SLICEM_CLK_WE)
                                                     -0.180     1.828    gen_input_slots[1].gen_input_banks[0].u_input_cache_bank/data_mem_reg_64_127_0_6/RAME
  -------------------------------------------------------------------
                         required time                          1.828    
                         arrival time                          -2.350    
  -------------------------------------------------------------------
                         slack                                 -0.523    

Slack (VIOLATED) :        -0.523ns  (required time - arrival time)
  Source:                 slot_width_reg[1][5]_replica/C
                            (rising edge-triggered cell FDCE clocked by clk  {rise@0.000ns fall@1.000ns period=2.000ns})
  Destination:            gen_input_slots[1].gen_input_banks[0].u_input_cache_bank/data_mem_reg_64_127_0_6/RAMF/WE
                            (rising edge-triggered cell RAMD64E clocked by clk  {rise@0.000ns fall@1.000ns period=2.000ns})
  Path Group:             clk
  Path Type:              Setup (Max at Slow Process Corner)
  Requirement:            2.000ns  (clk rise@2.000ns - clk rise@0.000ns)
  Data Path Delay:        2.322ns  (logic 0.685ns (29.497%)  route 1.637ns (70.503%))
  Logic Levels:           6  (LUT3=1 LUT4=1 LUT5=1 LUT6=3)
  Clock Path Skew:        0.015ns (DCD - SCD + CPR)
    Destination Clock Delay (DCD):    0.043ns = ( 2.043 - 2.000 ) 
    Source Clock Delay      (SCD):    0.028ns
    Clock Pessimism Removal (CPR):    0.000ns
  Clock Uncertainty:      0.035ns  ((TSJ^2 + TIJ^2)^1/2 + DJ) / 2 + PE
    Total System Jitter     (TSJ):    0.071ns
    Total Input Jitter      (TIJ):    0.000ns
    Discrete Jitter          (DJ):    0.000ns
    Phase Error              (PE):    0.000ns

    Location             Delay type                Incr(ns)  Path(ns)    Netlist Resource(s)
  -------------------------------------------------------------------    -------------------
                         (clock clk rise edge)        0.000     0.000 r  
                                                      0.000     0.000 r  clk (IN)
                         net (fo=34258, unset)        0.028     0.028    clk
    SLICE_X68Y90         FDCE                                         r  slot_width_reg[1][5]_replica/C
  -------------------------------------------------------------------    -------------------
    SLICE_X68Y90         FDCE (Prop_DFF_SLICEL_C_Q)
                                                      0.079     0.107 f  slot_width_reg[1][5]_replica/Q
                         net (fo=2, routed)           0.101     0.208    slot_width_reg_n_0_[1][5]_repN
    SLICE_X68Y92         LUT3 (Prop_B6LUT_SLICEL_I0_O)
                                                      0.090     0.298 f  gen_input_slots[1].gen_input_banks[3].u_input_cache_bank_i_77/O
                         net (fo=15, routed)          0.116     0.414    gen_input_slots[1].gen_input_banks[3].u_input_cache_bank_i_77_n_0
    SLICE_X67Y92         LUT6 (Prop_A6LUT_SLICEM_I0_O)
                                                      0.090     0.504 f  gen_input_slots[1].gen_input_banks[3].u_input_cache_bank_i_85/O
                         net (fo=3, routed)           0.058     0.563    gen_input_slots[1].gen_input_banks[3].u_input_cache_bank_i_85_n_0
    SLICE_X67Y91         LUT4 (Prop_G6LUT_SLICEM_I0_O)
                                                      0.037     0.600 f  gen_input_slots[1].gen_input_banks[3].u_input_cache_bank_i_62/O
                         net (fo=19, routed)          0.365     0.965    gen_input_slots[1].gen_input_banks[3].u_input_cache_bank_i_62_n_0
    SLICE_X60Y92         LUT6 (Prop_H6LUT_SLICEL_I1_O)
                                                      0.150     1.115 r  gen_input_slots[1].gen_input_banks[1].u_input_cache_bank_i_40_replica_4/O
                         net (fo=23, routed)          0.177     1.292    gen_input_slots[1].gen_input_banks[1].u_input_cache_bank_i_40_n_0_repN_4
    SLICE_X60Y90         LUT6 (Prop_H6LUT_SLICEL_I2_O)
                                                      0.150     1.442 f  gen_input_slots[1].gen_input_banks[0].u_input_cache_bank_i_1/O
                         net (fo=16, routed)          0.424     1.866    gen_input_slots[1].gen_input_banks[0].u_input_cache_bank/data_wr_addr[9]
    SLICE_X53Y92         LUT5 (Prop_B6LUT_SLICEM_I3_O)
                                                      0.089     1.955 r  gen_input_slots[1].gen_input_banks[0].u_input_cache_bank/data_mem_reg_64_127_0_6_i_1/O
                         net (fo=20, routed)          0.395     2.350    gen_input_slots[1].gen_input_banks[0].u_input_cache_bank/data_mem_reg_64_127_0_6/WE
    SLICE_X50Y88         RAMD64E                                      r  gen_input_slots[1].gen_input_banks[0].u_input_cache_bank/data_mem_reg_64_127_0_6/RAMF/WE
  -------------------------------------------------------------------    -------------------

                         (clock clk rise edge)        2.000     2.000 r  
                                                      0.000     2.000 r  clk (IN)
                         net (fo=34258, unset)        0.043     2.043    gen_input_slots[1].gen_input_banks[0].u_input_cache_bank/data_mem_reg_64_127_0_6/WCLK
    SLICE_X50Y88         RAMD64E                                      r  gen_input_slots[1].gen_input_banks[0].u_input_cache_bank/data_mem_reg_64_127_0_6/RAMF/CLK
                         clock pessimism              0.000     2.043    
                         clock uncertainty           -0.035     2.008    
    SLICE_X50Y88         RAMD64E (Setup_F6LUT_SLICEM_CLK_WE)
                                                     -0.180     1.828    gen_input_slots[1].gen_input_banks[0].u_input_cache_bank/data_mem_reg_64_127_0_6/RAMF
  -------------------------------------------------------------------
                         required time                          1.828    
                         arrival time                          -2.350    
  -------------------------------------------------------------------
                         slack                                 -0.523    

Slack (VIOLATED) :        -0.523ns  (required time - arrival time)
  Source:                 slot_width_reg[1][5]_replica/C
                            (rising edge-triggered cell FDCE clocked by clk  {rise@0.000ns fall@1.000ns period=2.000ns})
  Destination:            gen_input_slots[1].gen_input_banks[0].u_input_cache_bank/data_mem_reg_64_127_0_6/RAMG/WE
                            (rising edge-triggered cell RAMD64E clocked by clk  {rise@0.000ns fall@1.000ns period=2.000ns})
  Path Group:             clk
  Path Type:              Setup (Max at Slow Process Corner)
  Requirement:            2.000ns  (clk rise@2.000ns - clk rise@0.000ns)
  Data Path Delay:        2.322ns  (logic 0.685ns (29.497%)  route 1.637ns (70.503%))
  Logic Levels:           6  (LUT3=1 LUT4=1 LUT5=1 LUT6=3)
  Clock Path Skew:        0.015ns (DCD - SCD + CPR)
    Destination Clock Delay (DCD):    0.043ns = ( 2.043 - 2.000 ) 
    Source Clock Delay      (SCD):    0.028ns
    Clock Pessimism Removal (CPR):    0.000ns
  Clock Uncertainty:      0.035ns  ((TSJ^2 + TIJ^2)^1/2 + DJ) / 2 + PE
    Total System Jitter     (TSJ):    0.071ns
    Total Input Jitter      (TIJ):    0.000ns
    Discrete Jitter          (DJ):    0.000ns
    Phase Error              (PE):    0.000ns

    Location             Delay type                Incr(ns)  Path(ns)    Netlist Resource(s)
  -------------------------------------------------------------------    -------------------
                         (clock clk rise edge)        0.000     0.000 r  
                                                      0.000     0.000 r  clk (IN)
                         net (fo=34258, unset)        0.028     0.028    clk
    SLICE_X68Y90         FDCE                                         r  slot_width_reg[1][5]_replica/C
  -------------------------------------------------------------------    -------------------
    SLICE_X68Y90         FDCE (Prop_DFF_SLICEL_C_Q)
                                                      0.079     0.107 f  slot_width_reg[1][5]_replica/Q
                         net (fo=2, routed)           0.101     0.208    slot_width_reg_n_0_[1][5]_repN
    SLICE_X68Y92         LUT3 (Prop_B6LUT_SLICEL_I0_O)
                                                      0.090     0.298 f  gen_input_slots[1].gen_input_banks[3].u_input_cache_bank_i_77/O
                         net (fo=15, routed)          0.116     0.414    gen_input_slots[1].gen_input_banks[3].u_input_cache_bank_i_77_n_0
    SLICE_X67Y92         LUT6 (Prop_A6LUT_SLICEM_I0_O)
                                                      0.090     0.504 f  gen_input_slots[1].gen_input_banks[3].u_input_cache_bank_i_85/O
                         net (fo=3, routed)           0.058     0.563    gen_input_slots[1].gen_input_banks[3].u_input_cache_bank_i_85_n_0
    SLICE_X67Y91         LUT4 (Prop_G6LUT_SLICEM_I0_O)
                                                      0.037     0.600 f  gen_input_slots[1].gen_input_banks[3].u_input_cache_bank_i_62/O
                         net (fo=19, routed)          0.365     0.965    gen_input_slots[1].gen_input_banks[3].u_input_cache_bank_i_62_n_0
    SLICE_X60Y92         LUT6 (Prop_H6LUT_SLICEL_I1_O)
                                                      0.150     1.115 r  gen_input_slots[1].gen_input_banks[1].u_input_cache_bank_i_40_replica_4/O
                         net (fo=23, routed)          0.177     1.292    gen_input_slots[1].gen_input_banks[1].u_input_cache_bank_i_40_n_0_repN_4
    SLICE_X60Y90         LUT6 (Prop_H6LUT_SLICEL_I2_O)
                                                      0.150     1.442 f  gen_input_slots[1].gen_input_banks[0].u_input_cache_bank_i_1/O
                         net (fo=16, routed)          0.424     1.866    gen_input_slots[1].gen_input_banks[0].u_input_cache_bank/data_wr_addr[9]
    SLICE_X53Y92         LUT5 (Prop_B6LUT_SLICEM_I3_O)
                                                      0.089     1.955 r  gen_input_slots[1].gen_input_banks[0].u_input_cache_bank/data_mem_reg_64_127_0_6_i_1/O
                         net (fo=20, routed)          0.395     2.350    gen_input_slots[1].gen_input_banks[0].u_input_cache_bank/data_mem_reg_64_127_0_6/WE
    SLICE_X50Y88         RAMD64E                                      r  gen_input_slots[1].gen_input_banks[0].u_input_cache_bank/data_mem_reg_64_127_0_6/RAMG/WE
  -------------------------------------------------------------------    -------------------

                         (clock clk rise edge)        2.000     2.000 r  
                                                      0.000     2.000 r  clk (IN)
                         net (fo=34258, unset)        0.043     2.043    gen_input_slots[1].gen_input_banks[0].u_input_cache_bank/data_mem_reg_64_127_0_6/WCLK
    SLICE_X50Y88         RAMD64E                                      r  gen_input_slots[1].gen_input_banks[0].u_input_cache_bank/data_mem_reg_64_127_0_6/RAMG/CLK
                         clock pessimism              0.000     2.043    
                         clock uncertainty           -0.035     2.008    
    SLICE_X50Y88         RAMD64E (Setup_G6LUT_SLICEM_CLK_WE)
                                                     -0.180     1.828    gen_input_slots[1].gen_input_banks[0].u_input_cache_bank/data_mem_reg_64_127_0_6/RAMG
  -------------------------------------------------------------------
                         required time                          1.828    
                         arrival time                          -2.350    
  -------------------------------------------------------------------
                         slack                                 -0.523    

Slack (VIOLATED) :        -0.523ns  (required time - arrival time)
  Source:                 slot_width_reg[1][5]_replica/C
                            (rising edge-triggered cell FDCE clocked by clk  {rise@0.000ns fall@1.000ns period=2.000ns})
  Destination:            gen_input_slots[1].gen_input_banks[0].u_input_cache_bank/data_mem_reg_64_127_0_6/RAMH/WE
                            (rising edge-triggered cell RAMD64E clocked by clk  {rise@0.000ns fall@1.000ns period=2.000ns})
  Path Group:             clk
  Path Type:              Setup (Max at Slow Process Corner)
  Requirement:            2.000ns  (clk rise@2.000ns - clk rise@0.000ns)
  Data Path Delay:        2.322ns  (logic 0.685ns (29.497%)  route 1.637ns (70.503%))
  Logic Levels:           6  (LUT3=1 LUT4=1 LUT5=1 LUT6=3)
  Clock Path Skew:        0.015ns (DCD - SCD + CPR)
    Destination Clock Delay (DCD):    0.043ns = ( 2.043 - 2.000 ) 
    Source Clock Delay      (SCD):    0.028ns
    Clock Pessimism Removal (CPR):    0.000ns
  Clock Uncertainty:      0.035ns  ((TSJ^2 + TIJ^2)^1/2 + DJ) / 2 + PE
    Total System Jitter     (TSJ):    0.071ns
    Total Input Jitter      (TIJ):    0.000ns
    Discrete Jitter          (DJ):    0.000ns
    Phase Error              (PE):    0.000ns

    Location             Delay type                Incr(ns)  Path(ns)    Netlist Resource(s)
  -------------------------------------------------------------------    -------------------
                         (clock clk rise edge)        0.000     0.000 r  
                                                      0.000     0.000 r  clk (IN)
                         net (fo=34258, unset)        0.028     0.028    clk
    SLICE_X68Y90         FDCE                                         r  slot_width_reg[1][5]_replica/C
  -------------------------------------------------------------------    -------------------
    SLICE_X68Y90         FDCE (Prop_DFF_SLICEL_C_Q)
                                                      0.079     0.107 f  slot_width_reg[1][5]_replica/Q
                         net (fo=2, routed)           0.101     0.208    slot_width_reg_n_0_[1][5]_repN
    SLICE_X68Y92         LUT3 (Prop_B6LUT_SLICEL_I0_O)
                                                      0.090     0.298 f  gen_input_slots[1].gen_input_banks[3].u_input_cache_bank_i_77/O
                         net (fo=15, routed)          0.116     0.414    gen_input_slots[1].gen_input_banks[3].u_input_cache_bank_i_77_n_0
    SLICE_X67Y92         LUT6 (Prop_A6LUT_SLICEM_I0_O)
                                                      0.090     0.504 f  gen_input_slots[1].gen_input_banks[3].u_input_cache_bank_i_85/O
                         net (fo=3, routed)           0.058     0.563    gen_input_slots[1].gen_input_banks[3].u_input_cache_bank_i_85_n_0
    SLICE_X67Y91         LUT4 (Prop_G6LUT_SLICEM_I0_O)
                                                      0.037     0.600 f  gen_input_slots[1].gen_input_banks[3].u_input_cache_bank_i_62/O
                         net (fo=19, routed)          0.365     0.965    gen_input_slots[1].gen_input_banks[3].u_input_cache_bank_i_62_n_0
    SLICE_X60Y92         LUT6 (Prop_H6LUT_SLICEL_I1_O)
                                                      0.150     1.115 r  gen_input_slots[1].gen_input_banks[1].u_input_cache_bank_i_40_replica_4/O
                         net (fo=23, routed)          0.177     1.292    gen_input_slots[1].gen_input_banks[1].u_input_cache_bank_i_40_n_0_repN_4
    SLICE_X60Y90         LUT6 (Prop_H6LUT_SLICEL_I2_O)
                                                      0.150     1.442 f  gen_input_slots[1].gen_input_banks[0].u_input_cache_bank_i_1/O
                         net (fo=16, routed)          0.424     1.866    gen_input_slots[1].gen_input_banks[0].u_input_cache_bank/data_wr_addr[9]
    SLICE_X53Y92         LUT5 (Prop_B6LUT_SLICEM_I3_O)
                                                      0.089     1.955 r  gen_input_slots[1].gen_input_banks[0].u_input_cache_bank/data_mem_reg_64_127_0_6_i_1/O
                         net (fo=20, routed)          0.395     2.350    gen_input_slots[1].gen_input_banks[0].u_input_cache_bank/data_mem_reg_64_127_0_6/WE
    SLICE_X50Y88         RAMD64E                                      r  gen_input_slots[1].gen_input_banks[0].u_input_cache_bank/data_mem_reg_64_127_0_6/RAMH/WE
  -------------------------------------------------------------------    -------------------

                         (clock clk rise edge)        2.000     2.000 r  
                                                      0.000     2.000 r  clk (IN)
                         net (fo=34258, unset)        0.043     2.043    gen_input_slots[1].gen_input_banks[0].u_input_cache_bank/data_mem_reg_64_127_0_6/WCLK
    SLICE_X50Y88         RAMD64E                                      r  gen_input_slots[1].gen_input_banks[0].u_input_cache_bank/data_mem_reg_64_127_0_6/RAMH/CLK
                         clock pessimism              0.000     2.043    
                         clock uncertainty           -0.035     2.008    
    SLICE_X50Y88         RAMD64E (Setup_H6LUT_SLICEM_CLK_WE)
                                                     -0.180     1.828    gen_input_slots[1].gen_input_banks[0].u_input_cache_bank/data_mem_reg_64_127_0_6/RAMH
  -------------------------------------------------------------------
                         required time                          1.828    
                         arrival time                          -2.350    
  -------------------------------------------------------------------
                         slack                                 -0.523    

Slack (VIOLATED) :        -0.522ns  (required time - arrival time)
  Source:                 fill_slot_reg_replica_1/C
                            (rising edge-triggered cell FDCE clocked by clk  {rise@0.000ns fall@1.000ns period=2.000ns})
  Destination:            gen_input_slots[1].gen_input_banks[0].u_input_cache_bank/data_mem_reg_192_255_14_15/RAMA/WE
                            (rising edge-triggered cell RAMD64E clocked by clk  {rise@0.000ns fall@1.000ns period=2.000ns})
  Path Group:             clk
  Path Type:              Setup (Max at Slow Process Corner)
  Requirement:            2.000ns  (clk rise@2.000ns - clk rise@0.000ns)
  Data Path Delay:        2.319ns  (logic 0.473ns (20.393%)  route 1.846ns (79.607%))
  Logic Levels:           5  (LUT3=1 LUT5=2 LUT6=2)
  Clock Path Skew:        0.013ns (DCD - SCD + CPR)
    Destination Clock Delay (DCD):    0.043ns = ( 2.043 - 2.000 ) 
    Source Clock Delay      (SCD):    0.030ns
    Clock Pessimism Removal (CPR):    0.000ns
  Clock Uncertainty:      0.035ns  ((TSJ^2 + TIJ^2)^1/2 + DJ) / 2 + PE
    Total System Jitter     (TSJ):    0.071ns
    Total Input Jitter      (TIJ):    0.000ns
    Discrete Jitter          (DJ):    0.000ns
    Phase Error              (PE):    0.000ns

    Location             Delay type                Incr(ns)  Path(ns)    Netlist Resource(s)
  -------------------------------------------------------------------    -------------------
                         (clock clk rise edge)        0.000     0.000 r  
                                                      0.000     0.000 r  clk (IN)
                         net (fo=34258, unset)        0.030     0.030    clk
    SLICE_X67Y92         FDCE                                         r  fill_slot_reg_replica_1/C
  -------------------------------------------------------------------    -------------------
    SLICE_X67Y92         FDCE (Prop_DFF_SLICEM_C_Q)
                                                      0.078     0.108 r  fill_slot_reg_replica_1/Q
                         net (fo=13, routed)          0.246     0.354    fill_slot_repN_1
    SLICE_X69Y91         LUT3 (Prop_A6LUT_SLICEL_I1_O)
                                                      0.050     0.404 r  gen_input_slots[1].gen_input_banks[3].u_input_cache_bank_i_80/O
                         net (fo=7, routed)           0.314     0.719    gen_input_slots[1].gen_input_banks[3].u_input_cache_bank_i_80_n_0
    SLICE_X65Y90         LUT5 (Prop_D6LUT_SLICEL_I0_O)
                                                      0.036     0.755 f  gen_input_slots[1].gen_input_banks[3].u_input_cache_bank_i_66_replica_1/O
                         net (fo=6, routed)           0.099     0.854    gen_input_slots[1].gen_input_banks[3].u_input_cache_bank_i_66_n_0_repN_1
    SLICE_X65Y91         LUT6 (Prop_F6LUT_SLICEL_I3_O)
                                                      0.123     0.977 r  gen_input_slots[1].gen_input_banks[3].u_input_cache_bank_i_45/O
                         net (fo=10, routed)          0.295     1.272    gen_input_slots[1].gen_input_banks[3].u_input_cache_bank_i_45_n_0
    SLICE_X64Y90         LUT6 (Prop_B6LUT_SLICEL_I5_O)
                                                      0.090     1.362 r  gen_input_slots[1].gen_input_banks[0].u_input_cache_bank_i_3/O
                         net (fo=16, routed)          0.356     1.718    gen_input_slots[1].gen_input_banks[0].u_input_cache_bank/data_wr_addr[7]
    SLICE_X59Y91         LUT5 (Prop_C6LUT_SLICEL_I1_O)
                                                      0.096     1.814 r  gen_input_slots[1].gen_input_banks[0].u_input_cache_bank/data_mem_reg_192_255_0_6_i_1/O
                         net (fo=20, routed)          0.536     2.349    gen_input_slots[1].gen_input_banks[0].u_input_cache_bank/data_mem_reg_192_255_14_15/WE
    SLICE_X53Y103        RAMD64E                                      r  gen_input_slots[1].gen_input_banks[0].u_input_cache_bank/data_mem_reg_192_255_14_15/RAMA/WE
  -------------------------------------------------------------------    -------------------

                         (clock clk rise edge)        2.000     2.000 r  
                                                      0.000     2.000 r  clk (IN)
                         net (fo=34258, unset)        0.043     2.043    gen_input_slots[1].gen_input_banks[0].u_input_cache_bank/data_mem_reg_192_255_14_15/WCLK
    SLICE_X53Y103        RAMD64E                                      r  gen_input_slots[1].gen_input_banks[0].u_input_cache_bank/data_mem_reg_192_255_14_15/RAMA/CLK
                         clock pessimism              0.000     2.043    
                         clock uncertainty           -0.035     2.008    
    SLICE_X53Y103        RAMD64E (Setup_E6LUT_SLICEM_CLK_WE)
                                                     -0.180     1.828    gen_input_slots[1].gen_input_banks[0].u_input_cache_bank/data_mem_reg_192_255_14_15/RAMA
  -------------------------------------------------------------------
                         required time                          1.828    
                         arrival time                          -2.349    
  -------------------------------------------------------------------
                         slack                                 -0.522    

Slack (VIOLATED) :        -0.522ns  (required time - arrival time)
  Source:                 fill_slot_reg_replica_1/C
                            (rising edge-triggered cell FDCE clocked by clk  {rise@0.000ns fall@1.000ns period=2.000ns})
  Destination:            gen_input_slots[1].gen_input_banks[0].u_input_cache_bank/data_mem_reg_192_255_14_15/RAMB/WE
                            (rising edge-triggered cell RAMD64E clocked by clk  {rise@0.000ns fall@1.000ns period=2.000ns})
  Path Group:             clk
  Path Type:              Setup (Max at Slow Process Corner)
  Requirement:            2.000ns  (clk rise@2.000ns - clk rise@0.000ns)
  Data Path Delay:        2.319ns  (logic 0.473ns (20.393%)  route 1.846ns (79.607%))
  Logic Levels:           5  (LUT3=1 LUT5=2 LUT6=2)
  Clock Path Skew:        0.013ns (DCD - SCD + CPR)
    Destination Clock Delay (DCD):    0.043ns = ( 2.043 - 2.000 ) 
    Source Clock Delay      (SCD):    0.030ns
    Clock Pessimism Removal (CPR):    0.000ns
  Clock Uncertainty:      0.035ns  ((TSJ^2 + TIJ^2)^1/2 + DJ) / 2 + PE
    Total System Jitter     (TSJ):    0.071ns
    Total Input Jitter      (TIJ):    0.000ns
    Discrete Jitter          (DJ):    0.000ns
    Phase Error              (PE):    0.000ns

    Location             Delay type                Incr(ns)  Path(ns)    Netlist Resource(s)
  -------------------------------------------------------------------    -------------------
                         (clock clk rise edge)        0.000     0.000 r  
                                                      0.000     0.000 r  clk (IN)
                         net (fo=34258, unset)        0.030     0.030    clk
    SLICE_X67Y92         FDCE                                         r  fill_slot_reg_replica_1/C
  -------------------------------------------------------------------    -------------------
    SLICE_X67Y92         FDCE (Prop_DFF_SLICEM_C_Q)
                                                      0.078     0.108 r  fill_slot_reg_replica_1/Q
                         net (fo=13, routed)          0.246     0.354    fill_slot_repN_1
    SLICE_X69Y91         LUT3 (Prop_A6LUT_SLICEL_I1_O)
                                                      0.050     0.404 r  gen_input_slots[1].gen_input_banks[3].u_input_cache_bank_i_80/O
                         net (fo=7, routed)           0.314     0.719    gen_input_slots[1].gen_input_banks[3].u_input_cache_bank_i_80_n_0
    SLICE_X65Y90         LUT5 (Prop_D6LUT_SLICEL_I0_O)
                                                      0.036     0.755 f  gen_input_slots[1].gen_input_banks[3].u_input_cache_bank_i_66_replica_1/O
                         net (fo=6, routed)           0.099     0.854    gen_input_slots[1].gen_input_banks[3].u_input_cache_bank_i_66_n_0_repN_1
    SLICE_X65Y91         LUT6 (Prop_F6LUT_SLICEL_I3_O)
                                                      0.123     0.977 r  gen_input_slots[1].gen_input_banks[3].u_input_cache_bank_i_45/O
                         net (fo=10, routed)          0.295     1.272    gen_input_slots[1].gen_input_banks[3].u_input_cache_bank_i_45_n_0
    SLICE_X64Y90         LUT6 (Prop_B6LUT_SLICEL_I5_O)
                                                      0.090     1.362 r  gen_input_slots[1].gen_input_banks[0].u_input_cache_bank_i_3/O
                         net (fo=16, routed)          0.356     1.718    gen_input_slots[1].gen_input_banks[0].u_input_cache_bank/data_wr_addr[7]
    SLICE_X59Y91         LUT5 (Prop_C6LUT_SLICEL_I1_O)
                                                      0.096     1.814 r  gen_input_slots[1].gen_input_banks[0].u_input_cache_bank/data_mem_reg_192_255_0_6_i_1/O
                         net (fo=20, routed)          0.536     2.349    gen_input_slots[1].gen_input_banks[0].u_input_cache_bank/data_mem_reg_192_255_14_15/WE
    SLICE_X53Y103        RAMD64E                                      r  gen_input_slots[1].gen_input_banks[0].u_input_cache_bank/data_mem_reg_192_255_14_15/RAMB/WE
  -------------------------------------------------------------------    -------------------

                         (clock clk rise edge)        2.000     2.000 r  
                                                      0.000     2.000 r  clk (IN)
                         net (fo=34258, unset)        0.043     2.043    gen_input_slots[1].gen_input_banks[0].u_input_cache_bank/data_mem_reg_192_255_14_15/WCLK
    SLICE_X53Y103        RAMD64E                                      r  gen_input_slots[1].gen_input_banks[0].u_input_cache_bank/data_mem_reg_192_255_14_15/RAMB/CLK
                         clock pessimism              0.000     2.043    
                         clock uncertainty           -0.035     2.008    
    SLICE_X53Y103        RAMD64E (Setup_F6LUT_SLICEM_CLK_WE)
                                                     -0.180     1.828    gen_input_slots[1].gen_input_banks[0].u_input_cache_bank/data_mem_reg_192_255_14_15/RAMB
  -------------------------------------------------------------------
                         required time                          1.828    
                         arrival time                          -2.349    
  -------------------------------------------------------------------
                         slack                                 -0.522    

Slack (VIOLATED) :        -0.522ns  (required time - arrival time)
  Source:                 fill_slot_reg_replica_1/C
                            (rising edge-triggered cell FDCE clocked by clk  {rise@0.000ns fall@1.000ns period=2.000ns})
  Destination:            gen_input_slots[1].gen_input_banks[0].u_input_cache_bank/data_mem_reg_192_255_14_15/RAMC/WE
                            (rising edge-triggered cell RAMD64E clocked by clk  {rise@0.000ns fall@1.000ns period=2.000ns})
  Path Group:             clk
  Path Type:              Setup (Max at Slow Process Corner)
  Requirement:            2.000ns  (clk rise@2.000ns - clk rise@0.000ns)
  Data Path Delay:        2.319ns  (logic 0.473ns (20.393%)  route 1.846ns (79.607%))
  Logic Levels:           5  (LUT3=1 LUT5=2 LUT6=2)
  Clock Path Skew:        0.013ns (DCD - SCD + CPR)
    Destination Clock Delay (DCD):    0.043ns = ( 2.043 - 2.000 ) 
    Source Clock Delay      (SCD):    0.030ns
    Clock Pessimism Removal (CPR):    0.000ns
  Clock Uncertainty:      0.035ns  ((TSJ^2 + TIJ^2)^1/2 + DJ) / 2 + PE
    Total System Jitter     (TSJ):    0.071ns
    Total Input Jitter      (TIJ):    0.000ns
    Discrete Jitter          (DJ):    0.000ns
    Phase Error              (PE):    0.000ns

    Location             Delay type                Incr(ns)  Path(ns)    Netlist Resource(s)
  -------------------------------------------------------------------    -------------------
                         (clock clk rise edge)        0.000     0.000 r  
                                                      0.000     0.000 r  clk (IN)
                         net (fo=34258, unset)        0.030     0.030    clk
    SLICE_X67Y92         FDCE                                         r  fill_slot_reg_replica_1/C
  -------------------------------------------------------------------    -------------------
    SLICE_X67Y92         FDCE (Prop_DFF_SLICEM_C_Q)
                                                      0.078     0.108 r  fill_slot_reg_replica_1/Q
                         net (fo=13, routed)          0.246     0.354    fill_slot_repN_1
    SLICE_X69Y91         LUT3 (Prop_A6LUT_SLICEL_I1_O)
                                                      0.050     0.404 r  gen_input_slots[1].gen_input_banks[3].u_input_cache_bank_i_80/O
                         net (fo=7, routed)           0.314     0.719    gen_input_slots[1].gen_input_banks[3].u_input_cache_bank_i_80_n_0
    SLICE_X65Y90         LUT5 (Prop_D6LUT_SLICEL_I0_O)
                                                      0.036     0.755 f  gen_input_slots[1].gen_input_banks[3].u_input_cache_bank_i_66_replica_1/O
                         net (fo=6, routed)           0.099     0.854    gen_input_slots[1].gen_input_banks[3].u_input_cache_bank_i_66_n_0_repN_1
    SLICE_X65Y91         LUT6 (Prop_F6LUT_SLICEL_I3_O)
                                                      0.123     0.977 r  gen_input_slots[1].gen_input_banks[3].u_input_cache_bank_i_45/O
                         net (fo=10, routed)          0.295     1.272    gen_input_slots[1].gen_input_banks[3].u_input_cache_bank_i_45_n_0
    SLICE_X64Y90         LUT6 (Prop_B6LUT_SLICEL_I5_O)
                                                      0.090     1.362 r  gen_input_slots[1].gen_input_banks[0].u_input_cache_bank_i_3/O
                         net (fo=16, routed)          0.356     1.718    gen_input_slots[1].gen_input_banks[0].u_input_cache_bank/data_wr_addr[7]
    SLICE_X59Y91         LUT5 (Prop_C6LUT_SLICEL_I1_O)
                                                      0.096     1.814 r  gen_input_slots[1].gen_input_banks[0].u_input_cache_bank/data_mem_reg_192_255_0_6_i_1/O
                         net (fo=20, routed)          0.536     2.349    gen_input_slots[1].gen_input_banks[0].u_input_cache_bank/data_mem_reg_192_255_14_15/WE
    SLICE_X53Y103        RAMD64E                                      r  gen_input_slots[1].gen_input_banks[0].u_input_cache_bank/data_mem_reg_192_255_14_15/RAMC/WE
  -------------------------------------------------------------------    -------------------

                         (clock clk rise edge)        2.000     2.000 r  
                                                      0.000     2.000 r  clk (IN)
                         net (fo=34258, unset)        0.043     2.043    gen_input_slots[1].gen_input_banks[0].u_input_cache_bank/data_mem_reg_192_255_14_15/WCLK
    SLICE_X53Y103        RAMD64E                                      r  gen_input_slots[1].gen_input_banks[0].u_input_cache_bank/data_mem_reg_192_255_14_15/RAMC/CLK
                         clock pessimism              0.000     2.043    
                         clock uncertainty           -0.035     2.008    
    SLICE_X53Y103        RAMD64E (Setup_G6LUT_SLICEM_CLK_WE)
                                                     -0.180     1.828    gen_input_slots[1].gen_input_banks[0].u_input_cache_bank/data_mem_reg_192_255_14_15/RAMC
  -------------------------------------------------------------------
                         required time                          1.828    
                         arrival time                          -2.349    
  -------------------------------------------------------------------
                         slack                                 -0.522    

Slack (VIOLATED) :        -0.522ns  (required time - arrival time)
  Source:                 fill_slot_reg_replica_1/C
                            (rising edge-triggered cell FDCE clocked by clk  {rise@0.000ns fall@1.000ns period=2.000ns})
  Destination:            gen_input_slots[1].gen_input_banks[0].u_input_cache_bank/data_mem_reg_192_255_14_15/RAMD/WE
                            (rising edge-triggered cell RAMD64E clocked by clk  {rise@0.000ns fall@1.000ns period=2.000ns})
  Path Group:             clk
  Path Type:              Setup (Max at Slow Process Corner)
  Requirement:            2.000ns  (clk rise@2.000ns - clk rise@0.000ns)
  Data Path Delay:        2.319ns  (logic 0.473ns (20.393%)  route 1.846ns (79.607%))
  Logic Levels:           5  (LUT3=1 LUT5=2 LUT6=2)
  Clock Path Skew:        0.013ns (DCD - SCD + CPR)
    Destination Clock Delay (DCD):    0.043ns = ( 2.043 - 2.000 ) 
    Source Clock Delay      (SCD):    0.030ns
    Clock Pessimism Removal (CPR):    0.000ns
  Clock Uncertainty:      0.035ns  ((TSJ^2 + TIJ^2)^1/2 + DJ) / 2 + PE
    Total System Jitter     (TSJ):    0.071ns
    Total Input Jitter      (TIJ):    0.000ns
    Discrete Jitter          (DJ):    0.000ns
    Phase Error              (PE):    0.000ns

    Location             Delay type                Incr(ns)  Path(ns)    Netlist Resource(s)
  -------------------------------------------------------------------    -------------------
                         (clock clk rise edge)        0.000     0.000 r  
                                                      0.000     0.000 r  clk (IN)
                         net (fo=34258, unset)        0.030     0.030    clk
    SLICE_X67Y92         FDCE                                         r  fill_slot_reg_replica_1/C
  -------------------------------------------------------------------    -------------------
    SLICE_X67Y92         FDCE (Prop_DFF_SLICEM_C_Q)
                                                      0.078     0.108 r  fill_slot_reg_replica_1/Q
                         net (fo=13, routed)          0.246     0.354    fill_slot_repN_1
    SLICE_X69Y91         LUT3 (Prop_A6LUT_SLICEL_I1_O)
                                                      0.050     0.404 r  gen_input_slots[1].gen_input_banks[3].u_input_cache_bank_i_80/O
                         net (fo=7, routed)           0.314     0.719    gen_input_slots[1].gen_input_banks[3].u_input_cache_bank_i_80_n_0
    SLICE_X65Y90         LUT5 (Prop_D6LUT_SLICEL_I0_O)
                                                      0.036     0.755 f  gen_input_slots[1].gen_input_banks[3].u_input_cache_bank_i_66_replica_1/O
                         net (fo=6, routed)           0.099     0.854    gen_input_slots[1].gen_input_banks[3].u_input_cache_bank_i_66_n_0_repN_1
    SLICE_X65Y91         LUT6 (Prop_F6LUT_SLICEL_I3_O)
                                                      0.123     0.977 r  gen_input_slots[1].gen_input_banks[3].u_input_cache_bank_i_45/O
                         net (fo=10, routed)          0.295     1.272    gen_input_slots[1].gen_input_banks[3].u_input_cache_bank_i_45_n_0
    SLICE_X64Y90         LUT6 (Prop_B6LUT_SLICEL_I5_O)
                                                      0.090     1.362 r  gen_input_slots[1].gen_input_banks[0].u_input_cache_bank_i_3/O
                         net (fo=16, routed)          0.356     1.718    gen_input_slots[1].gen_input_banks[0].u_input_cache_bank/data_wr_addr[7]
    SLICE_X59Y91         LUT5 (Prop_C6LUT_SLICEL_I1_O)
                                                      0.096     1.814 r  gen_input_slots[1].gen_input_banks[0].u_input_cache_bank/data_mem_reg_192_255_0_6_i_1/O
                         net (fo=20, routed)          0.536     2.349    gen_input_slots[1].gen_input_banks[0].u_input_cache_bank/data_mem_reg_192_255_14_15/WE
    SLICE_X53Y103        RAMD64E                                      r  gen_input_slots[1].gen_input_banks[0].u_input_cache_bank/data_mem_reg_192_255_14_15/RAMD/WE
  -------------------------------------------------------------------    -------------------

                         (clock clk rise edge)        2.000     2.000 r  
                                                      0.000     2.000 r  clk (IN)
                         net (fo=34258, unset)        0.043     2.043    gen_input_slots[1].gen_input_banks[0].u_input_cache_bank/data_mem_reg_192_255_14_15/WCLK
    SLICE_X53Y103        RAMD64E                                      r  gen_input_slots[1].gen_input_banks[0].u_input_cache_bank/data_mem_reg_192_255_14_15/RAMD/CLK
                         clock pessimism              0.000     2.043    
                         clock uncertainty           -0.035     2.008    
    SLICE_X53Y103        RAMD64E (Setup_H6LUT_SLICEM_CLK_WE)
                                                     -0.180     1.828    gen_input_slots[1].gen_input_banks[0].u_input_cache_bank/data_mem_reg_192_255_14_15/RAMD
  -------------------------------------------------------------------
                         required time                          1.828    
                         arrival time                          -2.349    
  -------------------------------------------------------------------
                         slack                                 -0.522    

Slack (VIOLATED) :        -0.520ns  (required time - arrival time)
  Source:                 slot_width_reg[1][5]_replica/C
                            (rising edge-triggered cell FDCE clocked by clk  {rise@0.000ns fall@1.000ns period=2.000ns})
  Destination:            gen_input_slots[1].gen_input_banks[0].u_input_cache_bank/data_mem_reg_448_511_0_6/RAMA/WE
                            (rising edge-triggered cell RAMD64E clocked by clk  {rise@0.000ns fall@1.000ns period=2.000ns})
  Path Group:             clk
  Path Type:              Setup (Max at Slow Process Corner)
  Requirement:            2.000ns  (clk rise@2.000ns - clk rise@0.000ns)
  Data Path Delay:        2.320ns  (logic 0.719ns (30.997%)  route 1.601ns (69.003%))
  Logic Levels:           6  (LUT3=1 LUT4=1 LUT5=1 LUT6=3)
  Clock Path Skew:        0.015ns (DCD - SCD + CPR)
    Destination Clock Delay (DCD):    0.043ns = ( 2.043 - 2.000 ) 
    Source Clock Delay      (SCD):    0.028ns
    Clock Pessimism Removal (CPR):    0.000ns
  Clock Uncertainty:      0.035ns  ((TSJ^2 + TIJ^2)^1/2 + DJ) / 2 + PE
    Total System Jitter     (TSJ):    0.071ns
    Total Input Jitter      (TIJ):    0.000ns
    Discrete Jitter          (DJ):    0.000ns
    Phase Error              (PE):    0.000ns

    Location             Delay type                Incr(ns)  Path(ns)    Netlist Resource(s)
  -------------------------------------------------------------------    -------------------
                         (clock clk rise edge)        0.000     0.000 r  
                                                      0.000     0.000 r  clk (IN)
                         net (fo=34258, unset)        0.028     0.028    clk
    SLICE_X68Y90         FDCE                                         r  slot_width_reg[1][5]_replica/C
  -------------------------------------------------------------------    -------------------
    SLICE_X68Y90         FDCE (Prop_DFF_SLICEL_C_Q)
                                                      0.079     0.107 f  slot_width_reg[1][5]_replica/Q
                         net (fo=2, routed)           0.101     0.208    slot_width_reg_n_0_[1][5]_repN
    SLICE_X68Y92         LUT3 (Prop_B6LUT_SLICEL_I0_O)
                                                      0.090     0.298 f  gen_input_slots[1].gen_input_banks[3].u_input_cache_bank_i_77/O
                         net (fo=15, routed)          0.116     0.414    gen_input_slots[1].gen_input_banks[3].u_input_cache_bank_i_77_n_0
    SLICE_X67Y92         LUT6 (Prop_A6LUT_SLICEM_I0_O)
                                                      0.090     0.504 f  gen_input_slots[1].gen_input_banks[3].u_input_cache_bank_i_85/O
                         net (fo=3, routed)           0.058     0.563    gen_input_slots[1].gen_input_banks[3].u_input_cache_bank_i_85_n_0
    SLICE_X67Y91         LUT4 (Prop_G6LUT_SLICEM_I0_O)
                                                      0.037     0.600 f  gen_input_slots[1].gen_input_banks[3].u_input_cache_bank_i_62/O
                         net (fo=19, routed)          0.365     0.965    gen_input_slots[1].gen_input_banks[3].u_input_cache_bank_i_62_n_0
    SLICE_X60Y92         LUT6 (Prop_H6LUT_SLICEL_I1_O)
                                                      0.150     1.115 r  gen_input_slots[1].gen_input_banks[1].u_input_cache_bank_i_40_replica_4/O
                         net (fo=23, routed)          0.177     1.292    gen_input_slots[1].gen_input_banks[1].u_input_cache_bank_i_40_n_0_repN_4
    SLICE_X60Y90         LUT6 (Prop_H6LUT_SLICEL_I2_O)
                                                      0.150     1.442 f  gen_input_slots[1].gen_input_banks[0].u_input_cache_bank_i_1/O
                         net (fo=16, routed)          0.424     1.866    gen_input_slots[1].gen_input_banks[0].u_input_cache_bank/data_wr_addr[9]
    SLICE_X54Y93         LUT5 (Prop_G6LUT_SLICEL_I0_O)
                                                      0.123     1.989 r  gen_input_slots[1].gen_input_banks[0].u_input_cache_bank/data_mem_reg_448_511_0_6_i_1/O
                         net (fo=20, routed)          0.358     2.348    gen_input_slots[1].gen_input_banks[0].u_input_cache_bank/data_mem_reg_448_511_0_6/WE
    SLICE_X53Y85         RAMD64E                                      r  gen_input_slots[1].gen_input_banks[0].u_input_cache_bank/data_mem_reg_448_511_0_6/RAMA/WE
  -------------------------------------------------------------------    -------------------

                         (clock clk rise edge)        2.000     2.000 r  
                                                      0.000     2.000 r  clk (IN)
                         net (fo=34258, unset)        0.043     2.043    gen_input_slots[1].gen_input_banks[0].u_input_cache_bank/data_mem_reg_448_511_0_6/WCLK
    SLICE_X53Y85         RAMD64E                                      r  gen_input_slots[1].gen_input_banks[0].u_input_cache_bank/data_mem_reg_448_511_0_6/RAMA/CLK
                         clock pessimism              0.000     2.043    
                         clock uncertainty           -0.035     2.008    
    SLICE_X53Y85         RAMD64E (Setup_A6LUT_SLICEM_CLK_WE)
                                                     -0.180     1.828    gen_input_slots[1].gen_input_banks[0].u_input_cache_bank/data_mem_reg_448_511_0_6/RAMA
  -------------------------------------------------------------------
                         required time                          1.828    
                         arrival time                          -2.348    
  -------------------------------------------------------------------
                         slack                                 -0.520    

Slack (VIOLATED) :        -0.520ns  (required time - arrival time)
  Source:                 slot_width_reg[1][5]_replica/C
                            (rising edge-triggered cell FDCE clocked by clk  {rise@0.000ns fall@1.000ns period=2.000ns})
  Destination:            gen_input_slots[1].gen_input_banks[0].u_input_cache_bank/data_mem_reg_448_511_0_6/RAMB/WE
                            (rising edge-triggered cell RAMD64E clocked by clk  {rise@0.000ns fall@1.000ns period=2.000ns})
  Path Group:             clk
  Path Type:              Setup (Max at Slow Process Corner)
  Requirement:            2.000ns  (clk rise@2.000ns - clk rise@0.000ns)
  Data Path Delay:        2.320ns  (logic 0.719ns (30.997%)  route 1.601ns (69.003%))
  Logic Levels:           6  (LUT3=1 LUT4=1 LUT5=1 LUT6=3)
  Clock Path Skew:        0.015ns (DCD - SCD + CPR)
    Destination Clock Delay (DCD):    0.043ns = ( 2.043 - 2.000 ) 
    Source Clock Delay      (SCD):    0.028ns
    Clock Pessimism Removal (CPR):    0.000ns
  Clock Uncertainty:      0.035ns  ((TSJ^2 + TIJ^2)^1/2 + DJ) / 2 + PE
    Total System Jitter     (TSJ):    0.071ns
    Total Input Jitter      (TIJ):    0.000ns
    Discrete Jitter          (DJ):    0.000ns
    Phase Error              (PE):    0.000ns

    Location             Delay type                Incr(ns)  Path(ns)    Netlist Resource(s)
  -------------------------------------------------------------------    -------------------
                         (clock clk rise edge)        0.000     0.000 r  
                                                      0.000     0.000 r  clk (IN)
                         net (fo=34258, unset)        0.028     0.028    clk
    SLICE_X68Y90         FDCE                                         r  slot_width_reg[1][5]_replica/C
  -------------------------------------------------------------------    -------------------
    SLICE_X68Y90         FDCE (Prop_DFF_SLICEL_C_Q)
                                                      0.079     0.107 f  slot_width_reg[1][5]_replica/Q
                         net (fo=2, routed)           0.101     0.208    slot_width_reg_n_0_[1][5]_repN
    SLICE_X68Y92         LUT3 (Prop_B6LUT_SLICEL_I0_O)
                                                      0.090     0.298 f  gen_input_slots[1].gen_input_banks[3].u_input_cache_bank_i_77/O
                         net (fo=15, routed)          0.116     0.414    gen_input_slots[1].gen_input_banks[3].u_input_cache_bank_i_77_n_0
    SLICE_X67Y92         LUT6 (Prop_A6LUT_SLICEM_I0_O)
                                                      0.090     0.504 f  gen_input_slots[1].gen_input_banks[3].u_input_cache_bank_i_85/O
                         net (fo=3, routed)           0.058     0.563    gen_input_slots[1].gen_input_banks[3].u_input_cache_bank_i_85_n_0
    SLICE_X67Y91         LUT4 (Prop_G6LUT_SLICEM_I0_O)
                                                      0.037     0.600 f  gen_input_slots[1].gen_input_banks[3].u_input_cache_bank_i_62/O
                         net (fo=19, routed)          0.365     0.965    gen_input_slots[1].gen_input_banks[3].u_input_cache_bank_i_62_n_0
    SLICE_X60Y92         LUT6 (Prop_H6LUT_SLICEL_I1_O)
                                                      0.150     1.115 r  gen_input_slots[1].gen_input_banks[1].u_input_cache_bank_i_40_replica_4/O
                         net (fo=23, routed)          0.177     1.292    gen_input_slots[1].gen_input_banks[1].u_input_cache_bank_i_40_n_0_repN_4
    SLICE_X60Y90         LUT6 (Prop_H6LUT_SLICEL_I2_O)
                                                      0.150     1.442 f  gen_input_slots[1].gen_input_banks[0].u_input_cache_bank_i_1/O
                         net (fo=16, routed)          0.424     1.866    gen_input_slots[1].gen_input_banks[0].u_input_cache_bank/data_wr_addr[9]
    SLICE_X54Y93         LUT5 (Prop_G6LUT_SLICEL_I0_O)
                                                      0.123     1.989 r  gen_input_slots[1].gen_input_banks[0].u_input_cache_bank/data_mem_reg_448_511_0_6_i_1/O
                         net (fo=20, routed)          0.358     2.348    gen_input_slots[1].gen_input_banks[0].u_input_cache_bank/data_mem_reg_448_511_0_6/WE
    SLICE_X53Y85         RAMD64E                                      r  gen_input_slots[1].gen_input_banks[0].u_input_cache_bank/data_mem_reg_448_511_0_6/RAMB/WE
  -------------------------------------------------------------------    -------------------

                         (clock clk rise edge)        2.000     2.000 r  
                                                      0.000     2.000 r  clk (IN)
                         net (fo=34258, unset)        0.043     2.043    gen_input_slots[1].gen_input_banks[0].u_input_cache_bank/data_mem_reg_448_511_0_6/WCLK
    SLICE_X53Y85         RAMD64E                                      r  gen_input_slots[1].gen_input_banks[0].u_input_cache_bank/data_mem_reg_448_511_0_6/RAMB/CLK
                         clock pessimism              0.000     2.043    
                         clock uncertainty           -0.035     2.008    
    SLICE_X53Y85         RAMD64E (Setup_B6LUT_SLICEM_CLK_WE)
                                                     -0.180     1.828    gen_input_slots[1].gen_input_banks[0].u_input_cache_bank/data_mem_reg_448_511_0_6/RAMB
  -------------------------------------------------------------------
                         required time                          1.828    
                         arrival time                          -2.348    
  -------------------------------------------------------------------
                         slack                                 -0.520    

Slack (VIOLATED) :        -0.520ns  (required time - arrival time)
  Source:                 slot_width_reg[1][5]_replica/C
                            (rising edge-triggered cell FDCE clocked by clk  {rise@0.000ns fall@1.000ns period=2.000ns})
  Destination:            gen_input_slots[1].gen_input_banks[0].u_input_cache_bank/data_mem_reg_448_511_0_6/RAMC/WE
                            (rising edge-triggered cell RAMD64E clocked by clk  {rise@0.000ns fall@1.000ns period=2.000ns})
  Path Group:             clk
  Path Type:              Setup (Max at Slow Process Corner)
  Requirement:            2.000ns  (clk rise@2.000ns - clk rise@0.000ns)
  Data Path Delay:        2.320ns  (logic 0.719ns (30.997%)  route 1.601ns (69.003%))
  Logic Levels:           6  (LUT3=1 LUT4=1 LUT5=1 LUT6=3)
  Clock Path Skew:        0.015ns (DCD - SCD + CPR)
    Destination Clock Delay (DCD):    0.043ns = ( 2.043 - 2.000 ) 
    Source Clock Delay      (SCD):    0.028ns
    Clock Pessimism Removal (CPR):    0.000ns
  Clock Uncertainty:      0.035ns  ((TSJ^2 + TIJ^2)^1/2 + DJ) / 2 + PE
    Total System Jitter     (TSJ):    0.071ns
    Total Input Jitter      (TIJ):    0.000ns
    Discrete Jitter          (DJ):    0.000ns
    Phase Error              (PE):    0.000ns

    Location             Delay type                Incr(ns)  Path(ns)    Netlist Resource(s)
  -------------------------------------------------------------------    -------------------
                         (clock clk rise edge)        0.000     0.000 r  
                                                      0.000     0.000 r  clk (IN)
                         net (fo=34258, unset)        0.028     0.028    clk
    SLICE_X68Y90         FDCE                                         r  slot_width_reg[1][5]_replica/C
  -------------------------------------------------------------------    -------------------
    SLICE_X68Y90         FDCE (Prop_DFF_SLICEL_C_Q)
                                                      0.079     0.107 f  slot_width_reg[1][5]_replica/Q
                         net (fo=2, routed)           0.101     0.208    slot_width_reg_n_0_[1][5]_repN
    SLICE_X68Y92         LUT3 (Prop_B6LUT_SLICEL_I0_O)
                                                      0.090     0.298 f  gen_input_slots[1].gen_input_banks[3].u_input_cache_bank_i_77/O
                         net (fo=15, routed)          0.116     0.414    gen_input_slots[1].gen_input_banks[3].u_input_cache_bank_i_77_n_0
    SLICE_X67Y92         LUT6 (Prop_A6LUT_SLICEM_I0_O)
                                                      0.090     0.504 f  gen_input_slots[1].gen_input_banks[3].u_input_cache_bank_i_85/O
                         net (fo=3, routed)           0.058     0.563    gen_input_slots[1].gen_input_banks[3].u_input_cache_bank_i_85_n_0
    SLICE_X67Y91         LUT4 (Prop_G6LUT_SLICEM_I0_O)
                                                      0.037     0.600 f  gen_input_slots[1].gen_input_banks[3].u_input_cache_bank_i_62/O
                         net (fo=19, routed)          0.365     0.965    gen_input_slots[1].gen_input_banks[3].u_input_cache_bank_i_62_n_0
    SLICE_X60Y92         LUT6 (Prop_H6LUT_SLICEL_I1_O)
                                                      0.150     1.115 r  gen_input_slots[1].gen_input_banks[1].u_input_cache_bank_i_40_replica_4/O
                         net (fo=23, routed)          0.177     1.292    gen_input_slots[1].gen_input_banks[1].u_input_cache_bank_i_40_n_0_repN_4
    SLICE_X60Y90         LUT6 (Prop_H6LUT_SLICEL_I2_O)
                                                      0.150     1.442 f  gen_input_slots[1].gen_input_banks[0].u_input_cache_bank_i_1/O
                         net (fo=16, routed)          0.424     1.866    gen_input_slots[1].gen_input_banks[0].u_input_cache_bank/data_wr_addr[9]
    SLICE_X54Y93         LUT5 (Prop_G6LUT_SLICEL_I0_O)
                                                      0.123     1.989 r  gen_input_slots[1].gen_input_banks[0].u_input_cache_bank/data_mem_reg_448_511_0_6_i_1/O
                         net (fo=20, routed)          0.358     2.348    gen_input_slots[1].gen_input_banks[0].u_input_cache_bank/data_mem_reg_448_511_0_6/WE
    SLICE_X53Y85         RAMD64E                                      r  gen_input_slots[1].gen_input_banks[0].u_input_cache_bank/data_mem_reg_448_511_0_6/RAMC/WE
  -------------------------------------------------------------------    -------------------

                         (clock clk rise edge)        2.000     2.000 r  
                                                      0.000     2.000 r  clk (IN)
                         net (fo=34258, unset)        0.043     2.043    gen_input_slots[1].gen_input_banks[0].u_input_cache_bank/data_mem_reg_448_511_0_6/WCLK
    SLICE_X53Y85         RAMD64E                                      r  gen_input_slots[1].gen_input_banks[0].u_input_cache_bank/data_mem_reg_448_511_0_6/RAMC/CLK
                         clock pessimism              0.000     2.043    
                         clock uncertainty           -0.035     2.008    
    SLICE_X53Y85         RAMD64E (Setup_C6LUT_SLICEM_CLK_WE)
                                                     -0.180     1.828    gen_input_slots[1].gen_input_banks[0].u_input_cache_bank/data_mem_reg_448_511_0_6/RAMC
  -------------------------------------------------------------------
                         required time                          1.828    
                         arrival time                          -2.348    
  -------------------------------------------------------------------
                         slack                                 -0.520    

Slack (VIOLATED) :        -0.520ns  (required time - arrival time)
  Source:                 slot_width_reg[1][5]_replica/C
                            (rising edge-triggered cell FDCE clocked by clk  {rise@0.000ns fall@1.000ns period=2.000ns})
  Destination:            gen_input_slots[1].gen_input_banks[0].u_input_cache_bank/data_mem_reg_448_511_0_6/RAMD/WE
                            (rising edge-triggered cell RAMD64E clocked by clk  {rise@0.000ns fall@1.000ns period=2.000ns})
  Path Group:             clk
  Path Type:              Setup (Max at Slow Process Corner)
  Requirement:            2.000ns  (clk rise@2.000ns - clk rise@0.000ns)
  Data Path Delay:        2.320ns  (logic 0.719ns (30.997%)  route 1.601ns (69.003%))
  Logic Levels:           6  (LUT3=1 LUT4=1 LUT5=1 LUT6=3)
  Clock Path Skew:        0.015ns (DCD - SCD + CPR)
    Destination Clock Delay (DCD):    0.043ns = ( 2.043 - 2.000 ) 
    Source Clock Delay      (SCD):    0.028ns
    Clock Pessimism Removal (CPR):    0.000ns
  Clock Uncertainty:      0.035ns  ((TSJ^2 + TIJ^2)^1/2 + DJ) / 2 + PE
    Total System Jitter     (TSJ):    0.071ns
    Total Input Jitter      (TIJ):    0.000ns
    Discrete Jitter          (DJ):    0.000ns
    Phase Error              (PE):    0.000ns

    Location             Delay type                Incr(ns)  Path(ns)    Netlist Resource(s)
  -------------------------------------------------------------------    -------------------
                         (clock clk rise edge)        0.000     0.000 r  
                                                      0.000     0.000 r  clk (IN)
                         net (fo=34258, unset)        0.028     0.028    clk
    SLICE_X68Y90         FDCE                                         r  slot_width_reg[1][5]_replica/C
  -------------------------------------------------------------------    -------------------
    SLICE_X68Y90         FDCE (Prop_DFF_SLICEL_C_Q)
                                                      0.079     0.107 f  slot_width_reg[1][5]_replica/Q
                         net (fo=2, routed)           0.101     0.208    slot_width_reg_n_0_[1][5]_repN
    SLICE_X68Y92         LUT3 (Prop_B6LUT_SLICEL_I0_O)
                                                      0.090     0.298 f  gen_input_slots[1].gen_input_banks[3].u_input_cache_bank_i_77/O
                         net (fo=15, routed)          0.116     0.414    gen_input_slots[1].gen_input_banks[3].u_input_cache_bank_i_77_n_0
    SLICE_X67Y92         LUT6 (Prop_A6LUT_SLICEM_I0_O)
                                                      0.090     0.504 f  gen_input_slots[1].gen_input_banks[3].u_input_cache_bank_i_85/O
                         net (fo=3, routed)           0.058     0.563    gen_input_slots[1].gen_input_banks[3].u_input_cache_bank_i_85_n_0
    SLICE_X67Y91         LUT4 (Prop_G6LUT_SLICEM_I0_O)
                                                      0.037     0.600 f  gen_input_slots[1].gen_input_banks[3].u_input_cache_bank_i_62/O
                         net (fo=19, routed)          0.365     0.965    gen_input_slots[1].gen_input_banks[3].u_input_cache_bank_i_62_n_0
    SLICE_X60Y92         LUT6 (Prop_H6LUT_SLICEL_I1_O)
                                                      0.150     1.115 r  gen_input_slots[1].gen_input_banks[1].u_input_cache_bank_i_40_replica_4/O
                         net (fo=23, routed)          0.177     1.292    gen_input_slots[1].gen_input_banks[1].u_input_cache_bank_i_40_n_0_repN_4
    SLICE_X60Y90         LUT6 (Prop_H6LUT_SLICEL_I2_O)
                                                      0.150     1.442 f  gen_input_slots[1].gen_input_banks[0].u_input_cache_bank_i_1/O
                         net (fo=16, routed)          0.424     1.866    gen_input_slots[1].gen_input_banks[0].u_input_cache_bank/data_wr_addr[9]
    SLICE_X54Y93         LUT5 (Prop_G6LUT_SLICEL_I0_O)
                                                      0.123     1.989 r  gen_input_slots[1].gen_input_banks[0].u_input_cache_bank/data_mem_reg_448_511_0_6_i_1/O
                         net (fo=20, routed)          0.358     2.348    gen_input_slots[1].gen_input_banks[0].u_input_cache_bank/data_mem_reg_448_511_0_6/WE
    SLICE_X53Y85         RAMD64E                                      r  gen_input_slots[1].gen_input_banks[0].u_input_cache_bank/data_mem_reg_448_511_0_6/RAMD/WE
  -------------------------------------------------------------------    -------------------

                         (clock clk rise edge)        2.000     2.000 r  
                                                      0.000     2.000 r  clk (IN)
                         net (fo=34258, unset)        0.043     2.043    gen_input_slots[1].gen_input_banks[0].u_input_cache_bank/data_mem_reg_448_511_0_6/WCLK
    SLICE_X53Y85         RAMD64E                                      r  gen_input_slots[1].gen_input_banks[0].u_input_cache_bank/data_mem_reg_448_511_0_6/RAMD/CLK
                         clock pessimism              0.000     2.043    
                         clock uncertainty           -0.035     2.008    
    SLICE_X53Y85         RAMD64E (Setup_D6LUT_SLICEM_CLK_WE)
                                                     -0.180     1.828    gen_input_slots[1].gen_input_banks[0].u_input_cache_bank/data_mem_reg_448_511_0_6/RAMD
  -------------------------------------------------------------------
                         required time                          1.828    
                         arrival time                          -2.348    
  -------------------------------------------------------------------
                         slack                                 -0.520    

Slack (VIOLATED) :        -0.520ns  (required time - arrival time)
  Source:                 slot_width_reg[1][5]_replica/C
                            (rising edge-triggered cell FDCE clocked by clk  {rise@0.000ns fall@1.000ns period=2.000ns})
  Destination:            gen_input_slots[1].gen_input_banks[0].u_input_cache_bank/data_mem_reg_448_511_0_6/RAME/WE
                            (rising edge-triggered cell RAMD64E clocked by clk  {rise@0.000ns fall@1.000ns period=2.000ns})
  Path Group:             clk
  Path Type:              Setup (Max at Slow Process Corner)
  Requirement:            2.000ns  (clk rise@2.000ns - clk rise@0.000ns)
  Data Path Delay:        2.320ns  (logic 0.719ns (30.997%)  route 1.601ns (69.003%))
  Logic Levels:           6  (LUT3=1 LUT4=1 LUT5=1 LUT6=3)
  Clock Path Skew:        0.015ns (DCD - SCD + CPR)
    Destination Clock Delay (DCD):    0.043ns = ( 2.043 - 2.000 ) 
    Source Clock Delay      (SCD):    0.028ns
    Clock Pessimism Removal (CPR):    0.000ns
  Clock Uncertainty:      0.035ns  ((TSJ^2 + TIJ^2)^1/2 + DJ) / 2 + PE
    Total System Jitter     (TSJ):    0.071ns
    Total Input Jitter      (TIJ):    0.000ns
    Discrete Jitter          (DJ):    0.000ns
    Phase Error              (PE):    0.000ns

    Location             Delay type                Incr(ns)  Path(ns)    Netlist Resource(s)
  -------------------------------------------------------------------    -------------------
                         (clock clk rise edge)        0.000     0.000 r  
                                                      0.000     0.000 r  clk (IN)
                         net (fo=34258, unset)        0.028     0.028    clk
    SLICE_X68Y90         FDCE                                         r  slot_width_reg[1][5]_replica/C
  -------------------------------------------------------------------    -------------------
    SLICE_X68Y90         FDCE (Prop_DFF_SLICEL_C_Q)
                                                      0.079     0.107 f  slot_width_reg[1][5]_replica/Q
                         net (fo=2, routed)           0.101     0.208    slot_width_reg_n_0_[1][5]_repN
    SLICE_X68Y92         LUT3 (Prop_B6LUT_SLICEL_I0_O)
                                                      0.090     0.298 f  gen_input_slots[1].gen_input_banks[3].u_input_cache_bank_i_77/O
                         net (fo=15, routed)          0.116     0.414    gen_input_slots[1].gen_input_banks[3].u_input_cache_bank_i_77_n_0
    SLICE_X67Y92         LUT6 (Prop_A6LUT_SLICEM_I0_O)
                                                      0.090     0.504 f  gen_input_slots[1].gen_input_banks[3].u_input_cache_bank_i_85/O
                         net (fo=3, routed)           0.058     0.563    gen_input_slots[1].gen_input_banks[3].u_input_cache_bank_i_85_n_0
    SLICE_X67Y91         LUT4 (Prop_G6LUT_SLICEM_I0_O)
                                                      0.037     0.600 f  gen_input_slots[1].gen_input_banks[3].u_input_cache_bank_i_62/O
                         net (fo=19, routed)          0.365     0.965    gen_input_slots[1].gen_input_banks[3].u_input_cache_bank_i_62_n_0
    SLICE_X60Y92         LUT6 (Prop_H6LUT_SLICEL_I1_O)
                                                      0.150     1.115 r  gen_input_slots[1].gen_input_banks[1].u_input_cache_bank_i_40_replica_4/O
                         net (fo=23, routed)          0.177     1.292    gen_input_slots[1].gen_input_banks[1].u_input_cache_bank_i_40_n_0_repN_4
    SLICE_X60Y90         LUT6 (Prop_H6LUT_SLICEL_I2_O)
                                                      0.150     1.442 f  gen_input_slots[1].gen_input_banks[0].u_input_cache_bank_i_1/O
                         net (fo=16, routed)          0.424     1.866    gen_input_slots[1].gen_input_banks[0].u_input_cache_bank/data_wr_addr[9]
    SLICE_X54Y93         LUT5 (Prop_G6LUT_SLICEL_I0_O)
                                                      0.123     1.989 r  gen_input_slots[1].gen_input_banks[0].u_input_cache_bank/data_mem_reg_448_511_0_6_i_1/O
                         net (fo=20, routed)          0.358     2.348    gen_input_slots[1].gen_input_banks[0].u_input_cache_bank/data_mem_reg_448_511_0_6/WE
    SLICE_X53Y85         RAMD64E                                      r  gen_input_slots[1].gen_input_banks[0].u_input_cache_bank/data_mem_reg_448_511_0_6/RAME/WE
  -------------------------------------------------------------------    -------------------

                         (clock clk rise edge)        2.000     2.000 r  
                                                      0.000     2.000 r  clk (IN)
                         net (fo=34258, unset)        0.043     2.043    gen_input_slots[1].gen_input_banks[0].u_input_cache_bank/data_mem_reg_448_511_0_6/WCLK
    SLICE_X53Y85         RAMD64E                                      r  gen_input_slots[1].gen_input_banks[0].u_input_cache_bank/data_mem_reg_448_511_0_6/RAME/CLK
                         clock pessimism              0.000     2.043    
                         clock uncertainty           -0.035     2.008    
    SLICE_X53Y85         RAMD64E (Setup_E6LUT_SLICEM_CLK_WE)
                                                     -0.180     1.828    gen_input_slots[1].gen_input_banks[0].u_input_cache_bank/data_mem_reg_448_511_0_6/RAME
  -------------------------------------------------------------------
                         required time                          1.828    
                         arrival time                          -2.348    
  -------------------------------------------------------------------
                         slack                                 -0.520    

Slack (VIOLATED) :        -0.520ns  (required time - arrival time)
  Source:                 slot_width_reg[1][5]_replica/C
                            (rising edge-triggered cell FDCE clocked by clk  {rise@0.000ns fall@1.000ns period=2.000ns})
  Destination:            gen_input_slots[1].gen_input_banks[0].u_input_cache_bank/data_mem_reg_448_511_0_6/RAMF/WE
                            (rising edge-triggered cell RAMD64E clocked by clk  {rise@0.000ns fall@1.000ns period=2.000ns})
  Path Group:             clk
  Path Type:              Setup (Max at Slow Process Corner)
  Requirement:            2.000ns  (clk rise@2.000ns - clk rise@0.000ns)
  Data Path Delay:        2.320ns  (logic 0.719ns (30.997%)  route 1.601ns (69.003%))
  Logic Levels:           6  (LUT3=1 LUT4=1 LUT5=1 LUT6=3)
  Clock Path Skew:        0.015ns (DCD - SCD + CPR)
    Destination Clock Delay (DCD):    0.043ns = ( 2.043 - 2.000 ) 
    Source Clock Delay      (SCD):    0.028ns
    Clock Pessimism Removal (CPR):    0.000ns
  Clock Uncertainty:      0.035ns  ((TSJ^2 + TIJ^2)^1/2 + DJ) / 2 + PE
    Total System Jitter     (TSJ):    0.071ns
    Total Input Jitter      (TIJ):    0.000ns
    Discrete Jitter          (DJ):    0.000ns
    Phase Error              (PE):    0.000ns

    Location             Delay type                Incr(ns)  Path(ns)    Netlist Resource(s)
  -------------------------------------------------------------------    -------------------
                         (clock clk rise edge)        0.000     0.000 r  
                                                      0.000     0.000 r  clk (IN)
                         net (fo=34258, unset)        0.028     0.028    clk
    SLICE_X68Y90         FDCE                                         r  slot_width_reg[1][5]_replica/C
  -------------------------------------------------------------------    -------------------
    SLICE_X68Y90         FDCE (Prop_DFF_SLICEL_C_Q)
                                                      0.079     0.107 f  slot_width_reg[1][5]_replica/Q
                         net (fo=2, routed)           0.101     0.208    slot_width_reg_n_0_[1][5]_repN
    SLICE_X68Y92         LUT3 (Prop_B6LUT_SLICEL_I0_O)
                                                      0.090     0.298 f  gen_input_slots[1].gen_input_banks[3].u_input_cache_bank_i_77/O
                         net (fo=15, routed)          0.116     0.414    gen_input_slots[1].gen_input_banks[3].u_input_cache_bank_i_77_n_0
    SLICE_X67Y92         LUT6 (Prop_A6LUT_SLICEM_I0_O)
                                                      0.090     0.504 f  gen_input_slots[1].gen_input_banks[3].u_input_cache_bank_i_85/O
                         net (fo=3, routed)           0.058     0.563    gen_input_slots[1].gen_input_banks[3].u_input_cache_bank_i_85_n_0
    SLICE_X67Y91         LUT4 (Prop_G6LUT_SLICEM_I0_O)
                                                      0.037     0.600 f  gen_input_slots[1].gen_input_banks[3].u_input_cache_bank_i_62/O
                         net (fo=19, routed)          0.365     0.965    gen_input_slots[1].gen_input_banks[3].u_input_cache_bank_i_62_n_0
    SLICE_X60Y92         LUT6 (Prop_H6LUT_SLICEL_I1_O)
                                                      0.150     1.115 r  gen_input_slots[1].gen_input_banks[1].u_input_cache_bank_i_40_replica_4/O
                         net (fo=23, routed)          0.177     1.292    gen_input_slots[1].gen_input_banks[1].u_input_cache_bank_i_40_n_0_repN_4
    SLICE_X60Y90         LUT6 (Prop_H6LUT_SLICEL_I2_O)
                                                      0.150     1.442 f  gen_input_slots[1].gen_input_banks[0].u_input_cache_bank_i_1/O
                         net (fo=16, routed)          0.424     1.866    gen_input_slots[1].gen_input_banks[0].u_input_cache_bank/data_wr_addr[9]
    SLICE_X54Y93         LUT5 (Prop_G6LUT_SLICEL_I0_O)
                                                      0.123     1.989 r  gen_input_slots[1].gen_input_banks[0].u_input_cache_bank/data_mem_reg_448_511_0_6_i_1/O
                         net (fo=20, routed)          0.358     2.348    gen_input_slots[1].gen_input_banks[0].u_input_cache_bank/data_mem_reg_448_511_0_6/WE
    SLICE_X53Y85         RAMD64E                                      r  gen_input_slots[1].gen_input_banks[0].u_input_cache_bank/data_mem_reg_448_511_0_6/RAMF/WE
  -------------------------------------------------------------------    -------------------

                         (clock clk rise edge)        2.000     2.000 r  
                                                      0.000     2.000 r  clk (IN)
                         net (fo=34258, unset)        0.043     2.043    gen_input_slots[1].gen_input_banks[0].u_input_cache_bank/data_mem_reg_448_511_0_6/WCLK
    SLICE_X53Y85         RAMD64E                                      r  gen_input_slots[1].gen_input_banks[0].u_input_cache_bank/data_mem_reg_448_511_0_6/RAMF/CLK
                         clock pessimism              0.000     2.043    
                         clock uncertainty           -0.035     2.008    
    SLICE_X53Y85         RAMD64E (Setup_F6LUT_SLICEM_CLK_WE)
                                                     -0.180     1.828    gen_input_slots[1].gen_input_banks[0].u_input_cache_bank/data_mem_reg_448_511_0_6/RAMF
  -------------------------------------------------------------------
                         required time                          1.828    
                         arrival time                          -2.348    
  -------------------------------------------------------------------
                         slack                                 -0.520    

Slack (VIOLATED) :        -0.520ns  (required time - arrival time)
  Source:                 slot_width_reg[1][5]_replica/C
                            (rising edge-triggered cell FDCE clocked by clk  {rise@0.000ns fall@1.000ns period=2.000ns})
  Destination:            gen_input_slots[1].gen_input_banks[0].u_input_cache_bank/data_mem_reg_448_511_0_6/RAMG/WE
                            (rising edge-triggered cell RAMD64E clocked by clk  {rise@0.000ns fall@1.000ns period=2.000ns})
  Path Group:             clk
  Path Type:              Setup (Max at Slow Process Corner)
  Requirement:            2.000ns  (clk rise@2.000ns - clk rise@0.000ns)
  Data Path Delay:        2.320ns  (logic 0.719ns (30.997%)  route 1.601ns (69.003%))
  Logic Levels:           6  (LUT3=1 LUT4=1 LUT5=1 LUT6=3)
  Clock Path Skew:        0.015ns (DCD - SCD + CPR)
    Destination Clock Delay (DCD):    0.043ns = ( 2.043 - 2.000 ) 
    Source Clock Delay      (SCD):    0.028ns
    Clock Pessimism Removal (CPR):    0.000ns
  Clock Uncertainty:      0.035ns  ((TSJ^2 + TIJ^2)^1/2 + DJ) / 2 + PE
    Total System Jitter     (TSJ):    0.071ns
    Total Input Jitter      (TIJ):    0.000ns
    Discrete Jitter          (DJ):    0.000ns
    Phase Error              (PE):    0.000ns

    Location             Delay type                Incr(ns)  Path(ns)    Netlist Resource(s)
  -------------------------------------------------------------------    -------------------
                         (clock clk rise edge)        0.000     0.000 r  
                                                      0.000     0.000 r  clk (IN)
                         net (fo=34258, unset)        0.028     0.028    clk
    SLICE_X68Y90         FDCE                                         r  slot_width_reg[1][5]_replica/C
  -------------------------------------------------------------------    -------------------
    SLICE_X68Y90         FDCE (Prop_DFF_SLICEL_C_Q)
                                                      0.079     0.107 f  slot_width_reg[1][5]_replica/Q
                         net (fo=2, routed)           0.101     0.208    slot_width_reg_n_0_[1][5]_repN
    SLICE_X68Y92         LUT3 (Prop_B6LUT_SLICEL_I0_O)
                                                      0.090     0.298 f  gen_input_slots[1].gen_input_banks[3].u_input_cache_bank_i_77/O
                         net (fo=15, routed)          0.116     0.414    gen_input_slots[1].gen_input_banks[3].u_input_cache_bank_i_77_n_0
    SLICE_X67Y92         LUT6 (Prop_A6LUT_SLICEM_I0_O)
                                                      0.090     0.504 f  gen_input_slots[1].gen_input_banks[3].u_input_cache_bank_i_85/O
                         net (fo=3, routed)           0.058     0.563    gen_input_slots[1].gen_input_banks[3].u_input_cache_bank_i_85_n_0
    SLICE_X67Y91         LUT4 (Prop_G6LUT_SLICEM_I0_O)
                                                      0.037     0.600 f  gen_input_slots[1].gen_input_banks[3].u_input_cache_bank_i_62/O
                         net (fo=19, routed)          0.365     0.965    gen_input_slots[1].gen_input_banks[3].u_input_cache_bank_i_62_n_0
    SLICE_X60Y92         LUT6 (Prop_H6LUT_SLICEL_I1_O)
                                                      0.150     1.115 r  gen_input_slots[1].gen_input_banks[1].u_input_cache_bank_i_40_replica_4/O
                         net (fo=23, routed)          0.177     1.292    gen_input_slots[1].gen_input_banks[1].u_input_cache_bank_i_40_n_0_repN_4
    SLICE_X60Y90         LUT6 (Prop_H6LUT_SLICEL_I2_O)
                                                      0.150     1.442 f  gen_input_slots[1].gen_input_banks[0].u_input_cache_bank_i_1/O
                         net (fo=16, routed)          0.424     1.866    gen_input_slots[1].gen_input_banks[0].u_input_cache_bank/data_wr_addr[9]
    SLICE_X54Y93         LUT5 (Prop_G6LUT_SLICEL_I0_O)
                                                      0.123     1.989 r  gen_input_slots[1].gen_input_banks[0].u_input_cache_bank/data_mem_reg_448_511_0_6_i_1/O
                         net (fo=20, routed)          0.358     2.348    gen_input_slots[1].gen_input_banks[0].u_input_cache_bank/data_mem_reg_448_511_0_6/WE
    SLICE_X53Y85         RAMD64E                                      r  gen_input_slots[1].gen_input_banks[0].u_input_cache_bank/data_mem_reg_448_511_0_6/RAMG/WE
  -------------------------------------------------------------------    -------------------

                         (clock clk rise edge)        2.000     2.000 r  
                                                      0.000     2.000 r  clk (IN)
                         net (fo=34258, unset)        0.043     2.043    gen_input_slots[1].gen_input_banks[0].u_input_cache_bank/data_mem_reg_448_511_0_6/WCLK
    SLICE_X53Y85         RAMD64E                                      r  gen_input_slots[1].gen_input_banks[0].u_input_cache_bank/data_mem_reg_448_511_0_6/RAMG/CLK
                         clock pessimism              0.000     2.043    
                         clock uncertainty           -0.035     2.008    
    SLICE_X53Y85         RAMD64E (Setup_G6LUT_SLICEM_CLK_WE)
                                                     -0.180     1.828    gen_input_slots[1].gen_input_banks[0].u_input_cache_bank/data_mem_reg_448_511_0_6/RAMG
  -------------------------------------------------------------------
                         required time                          1.828    
                         arrival time                          -2.348    
  -------------------------------------------------------------------
                         slack                                 -0.520    

Slack (VIOLATED) :        -0.520ns  (required time - arrival time)
  Source:                 slot_width_reg[1][5]_replica/C
                            (rising edge-triggered cell FDCE clocked by clk  {rise@0.000ns fall@1.000ns period=2.000ns})
  Destination:            gen_input_slots[1].gen_input_banks[0].u_input_cache_bank/data_mem_reg_448_511_0_6/RAMH/WE
                            (rising edge-triggered cell RAMD64E clocked by clk  {rise@0.000ns fall@1.000ns period=2.000ns})
  Path Group:             clk
  Path Type:              Setup (Max at Slow Process Corner)
  Requirement:            2.000ns  (clk rise@2.000ns - clk rise@0.000ns)
  Data Path Delay:        2.320ns  (logic 0.719ns (30.997%)  route 1.601ns (69.003%))
  Logic Levels:           6  (LUT3=1 LUT4=1 LUT5=1 LUT6=3)
  Clock Path Skew:        0.015ns (DCD - SCD + CPR)
    Destination Clock Delay (DCD):    0.043ns = ( 2.043 - 2.000 ) 
    Source Clock Delay      (SCD):    0.028ns
    Clock Pessimism Removal (CPR):    0.000ns
  Clock Uncertainty:      0.035ns  ((TSJ^2 + TIJ^2)^1/2 + DJ) / 2 + PE
    Total System Jitter     (TSJ):    0.071ns
    Total Input Jitter      (TIJ):    0.000ns
    Discrete Jitter          (DJ):    0.000ns
    Phase Error              (PE):    0.000ns

    Location             Delay type                Incr(ns)  Path(ns)    Netlist Resource(s)
  -------------------------------------------------------------------    -------------------
                         (clock clk rise edge)        0.000     0.000 r  
                                                      0.000     0.000 r  clk (IN)
                         net (fo=34258, unset)        0.028     0.028    clk
    SLICE_X68Y90         FDCE                                         r  slot_width_reg[1][5]_replica/C
  -------------------------------------------------------------------    -------------------
    SLICE_X68Y90         FDCE (Prop_DFF_SLICEL_C_Q)
                                                      0.079     0.107 f  slot_width_reg[1][5]_replica/Q
                         net (fo=2, routed)           0.101     0.208    slot_width_reg_n_0_[1][5]_repN
    SLICE_X68Y92         LUT3 (Prop_B6LUT_SLICEL_I0_O)
                                                      0.090     0.298 f  gen_input_slots[1].gen_input_banks[3].u_input_cache_bank_i_77/O
                         net (fo=15, routed)          0.116     0.414    gen_input_slots[1].gen_input_banks[3].u_input_cache_bank_i_77_n_0
    SLICE_X67Y92         LUT6 (Prop_A6LUT_SLICEM_I0_O)
                                                      0.090     0.504 f  gen_input_slots[1].gen_input_banks[3].u_input_cache_bank_i_85/O
                         net (fo=3, routed)           0.058     0.563    gen_input_slots[1].gen_input_banks[3].u_input_cache_bank_i_85_n_0
    SLICE_X67Y91         LUT4 (Prop_G6LUT_SLICEM_I0_O)
                                                      0.037     0.600 f  gen_input_slots[1].gen_input_banks[3].u_input_cache_bank_i_62/O
                         net (fo=19, routed)          0.365     0.965    gen_input_slots[1].gen_input_banks[3].u_input_cache_bank_i_62_n_0
    SLICE_X60Y92         LUT6 (Prop_H6LUT_SLICEL_I1_O)
                                                      0.150     1.115 r  gen_input_slots[1].gen_input_banks[1].u_input_cache_bank_i_40_replica_4/O
                         net (fo=23, routed)          0.177     1.292    gen_input_slots[1].gen_input_banks[1].u_input_cache_bank_i_40_n_0_repN_4
    SLICE_X60Y90         LUT6 (Prop_H6LUT_SLICEL_I2_O)
                                                      0.150     1.442 f  gen_input_slots[1].gen_input_banks[0].u_input_cache_bank_i_1/O
                         net (fo=16, routed)          0.424     1.866    gen_input_slots[1].gen_input_banks[0].u_input_cache_bank/data_wr_addr[9]
    SLICE_X54Y93         LUT5 (Prop_G6LUT_SLICEL_I0_O)
                                                      0.123     1.989 r  gen_input_slots[1].gen_input_banks[0].u_input_cache_bank/data_mem_reg_448_511_0_6_i_1/O
                         net (fo=20, routed)          0.358     2.348    gen_input_slots[1].gen_input_banks[0].u_input_cache_bank/data_mem_reg_448_511_0_6/WE
    SLICE_X53Y85         RAMD64E                                      r  gen_input_slots[1].gen_input_banks[0].u_input_cache_bank/data_mem_reg_448_511_0_6/RAMH/WE
  -------------------------------------------------------------------    -------------------

                         (clock clk rise edge)        2.000     2.000 r  
                                                      0.000     2.000 r  clk (IN)
                         net (fo=34258, unset)        0.043     2.043    gen_input_slots[1].gen_input_banks[0].u_input_cache_bank/data_mem_reg_448_511_0_6/WCLK
    SLICE_X53Y85         RAMD64E                                      r  gen_input_slots[1].gen_input_banks[0].u_input_cache_bank/data_mem_reg_448_511_0_6/RAMH/CLK
                         clock pessimism              0.000     2.043    
                         clock uncertainty           -0.035     2.008    
    SLICE_X53Y85         RAMD64E (Setup_H6LUT_SLICEM_CLK_WE)
                                                     -0.180     1.828    gen_input_slots[1].gen_input_banks[0].u_input_cache_bank/data_mem_reg_448_511_0_6/RAMH
  -------------------------------------------------------------------
                         required time                          1.828    
                         arrival time                          -2.348    
  -------------------------------------------------------------------
                         slack                                 -0.520    

Slack (VIOLATED) :        -0.519ns  (required time - arrival time)
  Source:                 slot_width_reg[1][5]_replica/C
                            (rising edge-triggered cell FDCE clocked by clk  {rise@0.000ns fall@1.000ns period=2.000ns})
  Destination:            gen_input_slots[1].gen_input_banks[0].u_input_cache_bank/data_mem_reg_64_127_7_13/RAMA/WE
                            (rising edge-triggered cell RAMD64E clocked by clk  {rise@0.000ns fall@1.000ns period=2.000ns})
  Path Group:             clk
  Path Type:              Setup (Max at Slow Process Corner)
  Requirement:            2.000ns  (clk rise@2.000ns - clk rise@0.000ns)
  Data Path Delay:        2.318ns  (logic 0.685ns (29.546%)  route 1.633ns (70.454%))
  Logic Levels:           6  (LUT3=1 LUT4=1 LUT5=1 LUT6=3)
  Clock Path Skew:        0.015ns (DCD - SCD + CPR)
    Destination Clock Delay (DCD):    0.043ns = ( 2.043 - 2.000 ) 
    Source Clock Delay      (SCD):    0.028ns
    Clock Pessimism Removal (CPR):    0.000ns
  Clock Uncertainty:      0.035ns  ((TSJ^2 + TIJ^2)^1/2 + DJ) / 2 + PE
    Total System Jitter     (TSJ):    0.071ns
    Total Input Jitter      (TIJ):    0.000ns
    Discrete Jitter          (DJ):    0.000ns
    Phase Error              (PE):    0.000ns

    Location             Delay type                Incr(ns)  Path(ns)    Netlist Resource(s)
  -------------------------------------------------------------------    -------------------
                         (clock clk rise edge)        0.000     0.000 r  
                                                      0.000     0.000 r  clk (IN)
                         net (fo=34258, unset)        0.028     0.028    clk
    SLICE_X68Y90         FDCE                                         r  slot_width_reg[1][5]_replica/C
  -------------------------------------------------------------------    -------------------
    SLICE_X68Y90         FDCE (Prop_DFF_SLICEL_C_Q)
                                                      0.079     0.107 f  slot_width_reg[1][5]_replica/Q
                         net (fo=2, routed)           0.101     0.208    slot_width_reg_n_0_[1][5]_repN
    SLICE_X68Y92         LUT3 (Prop_B6LUT_SLICEL_I0_O)
                                                      0.090     0.298 f  gen_input_slots[1].gen_input_banks[3].u_input_cache_bank_i_77/O
                         net (fo=15, routed)          0.116     0.414    gen_input_slots[1].gen_input_banks[3].u_input_cache_bank_i_77_n_0
    SLICE_X67Y92         LUT6 (Prop_A6LUT_SLICEM_I0_O)
                                                      0.090     0.504 f  gen_input_slots[1].gen_input_banks[3].u_input_cache_bank_i_85/O
                         net (fo=3, routed)           0.058     0.563    gen_input_slots[1].gen_input_banks[3].u_input_cache_bank_i_85_n_0
    SLICE_X67Y91         LUT4 (Prop_G6LUT_SLICEM_I0_O)
                                                      0.037     0.600 f  gen_input_slots[1].gen_input_banks[3].u_input_cache_bank_i_62/O
                         net (fo=19, routed)          0.365     0.965    gen_input_slots[1].gen_input_banks[3].u_input_cache_bank_i_62_n_0
    SLICE_X60Y92         LUT6 (Prop_H6LUT_SLICEL_I1_O)
                                                      0.150     1.115 r  gen_input_slots[1].gen_input_banks[1].u_input_cache_bank_i_40_replica_4/O
                         net (fo=23, routed)          0.177     1.292    gen_input_slots[1].gen_input_banks[1].u_input_cache_bank_i_40_n_0_repN_4
    SLICE_X60Y90         LUT6 (Prop_H6LUT_SLICEL_I2_O)
                                                      0.150     1.442 f  gen_input_slots[1].gen_input_banks[0].u_input_cache_bank_i_1/O
                         net (fo=16, routed)          0.424     1.866    gen_input_slots[1].gen_input_banks[0].u_input_cache_bank/data_wr_addr[9]
    SLICE_X53Y92         LUT5 (Prop_B6LUT_SLICEM_I3_O)
                                                      0.089     1.955 r  gen_input_slots[1].gen_input_banks[0].u_input_cache_bank/data_mem_reg_64_127_0_6_i_1/O
                         net (fo=20, routed)          0.391     2.346    gen_input_slots[1].gen_input_banks[0].u_input_cache_bank/data_mem_reg_64_127_7_13/WE
    SLICE_X52Y97         RAMD64E                                      r  gen_input_slots[1].gen_input_banks[0].u_input_cache_bank/data_mem_reg_64_127_7_13/RAMA/WE
  -------------------------------------------------------------------    -------------------

                         (clock clk rise edge)        2.000     2.000 r  
                                                      0.000     2.000 r  clk (IN)
                         net (fo=34258, unset)        0.043     2.043    gen_input_slots[1].gen_input_banks[0].u_input_cache_bank/data_mem_reg_64_127_7_13/WCLK
    SLICE_X52Y97         RAMD64E                                      r  gen_input_slots[1].gen_input_banks[0].u_input_cache_bank/data_mem_reg_64_127_7_13/RAMA/CLK
                         clock pessimism              0.000     2.043    
                         clock uncertainty           -0.035     2.008    
    SLICE_X52Y97         RAMD64E (Setup_A6LUT_SLICEM_CLK_WE)
                                                     -0.180     1.828    gen_input_slots[1].gen_input_banks[0].u_input_cache_bank/data_mem_reg_64_127_7_13/RAMA
  -------------------------------------------------------------------
                         required time                          1.828    
                         arrival time                          -2.346    
  -------------------------------------------------------------------
                         slack                                 -0.519    

Slack (VIOLATED) :        -0.519ns  (required time - arrival time)
  Source:                 slot_width_reg[1][5]_replica/C
                            (rising edge-triggered cell FDCE clocked by clk  {rise@0.000ns fall@1.000ns period=2.000ns})
  Destination:            gen_input_slots[1].gen_input_banks[0].u_input_cache_bank/data_mem_reg_64_127_7_13/RAMB/WE
                            (rising edge-triggered cell RAMD64E clocked by clk  {rise@0.000ns fall@1.000ns period=2.000ns})
  Path Group:             clk
  Path Type:              Setup (Max at Slow Process Corner)
  Requirement:            2.000ns  (clk rise@2.000ns - clk rise@0.000ns)
  Data Path Delay:        2.318ns  (logic 0.685ns (29.546%)  route 1.633ns (70.454%))
  Logic Levels:           6  (LUT3=1 LUT4=1 LUT5=1 LUT6=3)
  Clock Path Skew:        0.015ns (DCD - SCD + CPR)
    Destination Clock Delay (DCD):    0.043ns = ( 2.043 - 2.000 ) 
    Source Clock Delay      (SCD):    0.028ns
    Clock Pessimism Removal (CPR):    0.000ns
  Clock Uncertainty:      0.035ns  ((TSJ^2 + TIJ^2)^1/2 + DJ) / 2 + PE
    Total System Jitter     (TSJ):    0.071ns
    Total Input Jitter      (TIJ):    0.000ns
    Discrete Jitter          (DJ):    0.000ns
    Phase Error              (PE):    0.000ns

    Location             Delay type                Incr(ns)  Path(ns)    Netlist Resource(s)
  -------------------------------------------------------------------    -------------------
                         (clock clk rise edge)        0.000     0.000 r  
                                                      0.000     0.000 r  clk (IN)
                         net (fo=34258, unset)        0.028     0.028    clk
    SLICE_X68Y90         FDCE                                         r  slot_width_reg[1][5]_replica/C
  -------------------------------------------------------------------    -------------------
    SLICE_X68Y90         FDCE (Prop_DFF_SLICEL_C_Q)
                                                      0.079     0.107 f  slot_width_reg[1][5]_replica/Q
                         net (fo=2, routed)           0.101     0.208    slot_width_reg_n_0_[1][5]_repN
    SLICE_X68Y92         LUT3 (Prop_B6LUT_SLICEL_I0_O)
                                                      0.090     0.298 f  gen_input_slots[1].gen_input_banks[3].u_input_cache_bank_i_77/O
                         net (fo=15, routed)          0.116     0.414    gen_input_slots[1].gen_input_banks[3].u_input_cache_bank_i_77_n_0
    SLICE_X67Y92         LUT6 (Prop_A6LUT_SLICEM_I0_O)
                                                      0.090     0.504 f  gen_input_slots[1].gen_input_banks[3].u_input_cache_bank_i_85/O
                         net (fo=3, routed)           0.058     0.563    gen_input_slots[1].gen_input_banks[3].u_input_cache_bank_i_85_n_0
    SLICE_X67Y91         LUT4 (Prop_G6LUT_SLICEM_I0_O)
                                                      0.037     0.600 f  gen_input_slots[1].gen_input_banks[3].u_input_cache_bank_i_62/O
                         net (fo=19, routed)          0.365     0.965    gen_input_slots[1].gen_input_banks[3].u_input_cache_bank_i_62_n_0
    SLICE_X60Y92         LUT6 (Prop_H6LUT_SLICEL_I1_O)
                                                      0.150     1.115 r  gen_input_slots[1].gen_input_banks[1].u_input_cache_bank_i_40_replica_4/O
                         net (fo=23, routed)          0.177     1.292    gen_input_slots[1].gen_input_banks[1].u_input_cache_bank_i_40_n_0_repN_4
    SLICE_X60Y90         LUT6 (Prop_H6LUT_SLICEL_I2_O)
                                                      0.150     1.442 f  gen_input_slots[1].gen_input_banks[0].u_input_cache_bank_i_1/O
                         net (fo=16, routed)          0.424     1.866    gen_input_slots[1].gen_input_banks[0].u_input_cache_bank/data_wr_addr[9]
    SLICE_X53Y92         LUT5 (Prop_B6LUT_SLICEM_I3_O)
                                                      0.089     1.955 r  gen_input_slots[1].gen_input_banks[0].u_input_cache_bank/data_mem_reg_64_127_0_6_i_1/O
                         net (fo=20, routed)          0.391     2.346    gen_input_slots[1].gen_input_banks[0].u_input_cache_bank/data_mem_reg_64_127_7_13/WE
    SLICE_X52Y97         RAMD64E                                      r  gen_input_slots[1].gen_input_banks[0].u_input_cache_bank/data_mem_reg_64_127_7_13/RAMB/WE
  -------------------------------------------------------------------    -------------------

                         (clock clk rise edge)        2.000     2.000 r  
                                                      0.000     2.000 r  clk (IN)
                         net (fo=34258, unset)        0.043     2.043    gen_input_slots[1].gen_input_banks[0].u_input_cache_bank/data_mem_reg_64_127_7_13/WCLK
    SLICE_X52Y97         RAMD64E                                      r  gen_input_slots[1].gen_input_banks[0].u_input_cache_bank/data_mem_reg_64_127_7_13/RAMB/CLK
                         clock pessimism              0.000     2.043    
                         clock uncertainty           -0.035     2.008    
    SLICE_X52Y97         RAMD64E (Setup_B6LUT_SLICEM_CLK_WE)
                                                     -0.180     1.828    gen_input_slots[1].gen_input_banks[0].u_input_cache_bank/data_mem_reg_64_127_7_13/RAMB
  -------------------------------------------------------------------
                         required time                          1.828    
                         arrival time                          -2.346    
  -------------------------------------------------------------------
                         slack                                 -0.519    

Slack (VIOLATED) :        -0.519ns  (required time - arrival time)
  Source:                 slot_width_reg[1][5]_replica/C
                            (rising edge-triggered cell FDCE clocked by clk  {rise@0.000ns fall@1.000ns period=2.000ns})
  Destination:            gen_input_slots[1].gen_input_banks[0].u_input_cache_bank/data_mem_reg_64_127_7_13/RAMC/WE
                            (rising edge-triggered cell RAMD64E clocked by clk  {rise@0.000ns fall@1.000ns period=2.000ns})
  Path Group:             clk
  Path Type:              Setup (Max at Slow Process Corner)
  Requirement:            2.000ns  (clk rise@2.000ns - clk rise@0.000ns)
  Data Path Delay:        2.318ns  (logic 0.685ns (29.546%)  route 1.633ns (70.454%))
  Logic Levels:           6  (LUT3=1 LUT4=1 LUT5=1 LUT6=3)
  Clock Path Skew:        0.015ns (DCD - SCD + CPR)
    Destination Clock Delay (DCD):    0.043ns = ( 2.043 - 2.000 ) 
    Source Clock Delay      (SCD):    0.028ns
    Clock Pessimism Removal (CPR):    0.000ns
  Clock Uncertainty:      0.035ns  ((TSJ^2 + TIJ^2)^1/2 + DJ) / 2 + PE
    Total System Jitter     (TSJ):    0.071ns
    Total Input Jitter      (TIJ):    0.000ns
    Discrete Jitter          (DJ):    0.000ns
    Phase Error              (PE):    0.000ns

    Location             Delay type                Incr(ns)  Path(ns)    Netlist Resource(s)
  -------------------------------------------------------------------    -------------------
                         (clock clk rise edge)        0.000     0.000 r  
                                                      0.000     0.000 r  clk (IN)
                         net (fo=34258, unset)        0.028     0.028    clk
    SLICE_X68Y90         FDCE                                         r  slot_width_reg[1][5]_replica/C
  -------------------------------------------------------------------    -------------------
    SLICE_X68Y90         FDCE (Prop_DFF_SLICEL_C_Q)
                                                      0.079     0.107 f  slot_width_reg[1][5]_replica/Q
                         net (fo=2, routed)           0.101     0.208    slot_width_reg_n_0_[1][5]_repN
    SLICE_X68Y92         LUT3 (Prop_B6LUT_SLICEL_I0_O)
                                                      0.090     0.298 f  gen_input_slots[1].gen_input_banks[3].u_input_cache_bank_i_77/O
                         net (fo=15, routed)          0.116     0.414    gen_input_slots[1].gen_input_banks[3].u_input_cache_bank_i_77_n_0
    SLICE_X67Y92         LUT6 (Prop_A6LUT_SLICEM_I0_O)
                                                      0.090     0.504 f  gen_input_slots[1].gen_input_banks[3].u_input_cache_bank_i_85/O
                         net (fo=3, routed)           0.058     0.563    gen_input_slots[1].gen_input_banks[3].u_input_cache_bank_i_85_n_0
    SLICE_X67Y91         LUT4 (Prop_G6LUT_SLICEM_I0_O)
                                                      0.037     0.600 f  gen_input_slots[1].gen_input_banks[3].u_input_cache_bank_i_62/O
                         net (fo=19, routed)          0.365     0.965    gen_input_slots[1].gen_input_banks[3].u_input_cache_bank_i_62_n_0
    SLICE_X60Y92         LUT6 (Prop_H6LUT_SLICEL_I1_O)
                                                      0.150     1.115 r  gen_input_slots[1].gen_input_banks[1].u_input_cache_bank_i_40_replica_4/O
                         net (fo=23, routed)          0.177     1.292    gen_input_slots[1].gen_input_banks[1].u_input_cache_bank_i_40_n_0_repN_4
    SLICE_X60Y90         LUT6 (Prop_H6LUT_SLICEL_I2_O)
                                                      0.150     1.442 f  gen_input_slots[1].gen_input_banks[0].u_input_cache_bank_i_1/O
                         net (fo=16, routed)          0.424     1.866    gen_input_slots[1].gen_input_banks[0].u_input_cache_bank/data_wr_addr[9]
    SLICE_X53Y92         LUT5 (Prop_B6LUT_SLICEM_I3_O)
                                                      0.089     1.955 r  gen_input_slots[1].gen_input_banks[0].u_input_cache_bank/data_mem_reg_64_127_0_6_i_1/O
                         net (fo=20, routed)          0.391     2.346    gen_input_slots[1].gen_input_banks[0].u_input_cache_bank/data_mem_reg_64_127_7_13/WE
    SLICE_X52Y97         RAMD64E                                      r  gen_input_slots[1].gen_input_banks[0].u_input_cache_bank/data_mem_reg_64_127_7_13/RAMC/WE
  -------------------------------------------------------------------    -------------------

                         (clock clk rise edge)        2.000     2.000 r  
                                                      0.000     2.000 r  clk (IN)
                         net (fo=34258, unset)        0.043     2.043    gen_input_slots[1].gen_input_banks[0].u_input_cache_bank/data_mem_reg_64_127_7_13/WCLK
    SLICE_X52Y97         RAMD64E                                      r  gen_input_slots[1].gen_input_banks[0].u_input_cache_bank/data_mem_reg_64_127_7_13/RAMC/CLK
                         clock pessimism              0.000     2.043    
                         clock uncertainty           -0.035     2.008    
    SLICE_X52Y97         RAMD64E (Setup_C6LUT_SLICEM_CLK_WE)
                                                     -0.180     1.828    gen_input_slots[1].gen_input_banks[0].u_input_cache_bank/data_mem_reg_64_127_7_13/RAMC
  -------------------------------------------------------------------
                         required time                          1.828    
                         arrival time                          -2.346    
  -------------------------------------------------------------------
                         slack                                 -0.519    

Slack (VIOLATED) :        -0.519ns  (required time - arrival time)
  Source:                 slot_width_reg[1][5]_replica/C
                            (rising edge-triggered cell FDCE clocked by clk  {rise@0.000ns fall@1.000ns period=2.000ns})
  Destination:            gen_input_slots[1].gen_input_banks[0].u_input_cache_bank/data_mem_reg_64_127_7_13/RAMD/WE
                            (rising edge-triggered cell RAMD64E clocked by clk  {rise@0.000ns fall@1.000ns period=2.000ns})
  Path Group:             clk
  Path Type:              Setup (Max at Slow Process Corner)
  Requirement:            2.000ns  (clk rise@2.000ns - clk rise@0.000ns)
  Data Path Delay:        2.318ns  (logic 0.685ns (29.546%)  route 1.633ns (70.454%))
  Logic Levels:           6  (LUT3=1 LUT4=1 LUT5=1 LUT6=3)
  Clock Path Skew:        0.015ns (DCD - SCD + CPR)
    Destination Clock Delay (DCD):    0.043ns = ( 2.043 - 2.000 ) 
    Source Clock Delay      (SCD):    0.028ns
    Clock Pessimism Removal (CPR):    0.000ns
  Clock Uncertainty:      0.035ns  ((TSJ^2 + TIJ^2)^1/2 + DJ) / 2 + PE
    Total System Jitter     (TSJ):    0.071ns
    Total Input Jitter      (TIJ):    0.000ns
    Discrete Jitter          (DJ):    0.000ns
    Phase Error              (PE):    0.000ns

    Location             Delay type                Incr(ns)  Path(ns)    Netlist Resource(s)
  -------------------------------------------------------------------    -------------------
                         (clock clk rise edge)        0.000     0.000 r  
                                                      0.000     0.000 r  clk (IN)
                         net (fo=34258, unset)        0.028     0.028    clk
    SLICE_X68Y90         FDCE                                         r  slot_width_reg[1][5]_replica/C
  -------------------------------------------------------------------    -------------------
    SLICE_X68Y90         FDCE (Prop_DFF_SLICEL_C_Q)
                                                      0.079     0.107 f  slot_width_reg[1][5]_replica/Q
                         net (fo=2, routed)           0.101     0.208    slot_width_reg_n_0_[1][5]_repN
    SLICE_X68Y92         LUT3 (Prop_B6LUT_SLICEL_I0_O)
                                                      0.090     0.298 f  gen_input_slots[1].gen_input_banks[3].u_input_cache_bank_i_77/O
                         net (fo=15, routed)          0.116     0.414    gen_input_slots[1].gen_input_banks[3].u_input_cache_bank_i_77_n_0
    SLICE_X67Y92         LUT6 (Prop_A6LUT_SLICEM_I0_O)
                                                      0.090     0.504 f  gen_input_slots[1].gen_input_banks[3].u_input_cache_bank_i_85/O
                         net (fo=3, routed)           0.058     0.563    gen_input_slots[1].gen_input_banks[3].u_input_cache_bank_i_85_n_0
    SLICE_X67Y91         LUT4 (Prop_G6LUT_SLICEM_I0_O)
                                                      0.037     0.600 f  gen_input_slots[1].gen_input_banks[3].u_input_cache_bank_i_62/O
                         net (fo=19, routed)          0.365     0.965    gen_input_slots[1].gen_input_banks[3].u_input_cache_bank_i_62_n_0
    SLICE_X60Y92         LUT6 (Prop_H6LUT_SLICEL_I1_O)
                                                      0.150     1.115 r  gen_input_slots[1].gen_input_banks[1].u_input_cache_bank_i_40_replica_4/O
                         net (fo=23, routed)          0.177     1.292    gen_input_slots[1].gen_input_banks[1].u_input_cache_bank_i_40_n_0_repN_4
    SLICE_X60Y90         LUT6 (Prop_H6LUT_SLICEL_I2_O)
                                                      0.150     1.442 f  gen_input_slots[1].gen_input_banks[0].u_input_cache_bank_i_1/O
                         net (fo=16, routed)          0.424     1.866    gen_input_slots[1].gen_input_banks[0].u_input_cache_bank/data_wr_addr[9]
    SLICE_X53Y92         LUT5 (Prop_B6LUT_SLICEM_I3_O)
                                                      0.089     1.955 r  gen_input_slots[1].gen_input_banks[0].u_input_cache_bank/data_mem_reg_64_127_0_6_i_1/O
                         net (fo=20, routed)          0.391     2.346    gen_input_slots[1].gen_input_banks[0].u_input_cache_bank/data_mem_reg_64_127_7_13/WE
    SLICE_X52Y97         RAMD64E                                      r  gen_input_slots[1].gen_input_banks[0].u_input_cache_bank/data_mem_reg_64_127_7_13/RAMD/WE
  -------------------------------------------------------------------    -------------------

                         (clock clk rise edge)        2.000     2.000 r  
                                                      0.000     2.000 r  clk (IN)
                         net (fo=34258, unset)        0.043     2.043    gen_input_slots[1].gen_input_banks[0].u_input_cache_bank/data_mem_reg_64_127_7_13/WCLK
    SLICE_X52Y97         RAMD64E                                      r  gen_input_slots[1].gen_input_banks[0].u_input_cache_bank/data_mem_reg_64_127_7_13/RAMD/CLK
                         clock pessimism              0.000     2.043    
                         clock uncertainty           -0.035     2.008    
    SLICE_X52Y97         RAMD64E (Setup_D6LUT_SLICEM_CLK_WE)
                                                     -0.180     1.828    gen_input_slots[1].gen_input_banks[0].u_input_cache_bank/data_mem_reg_64_127_7_13/RAMD
  -------------------------------------------------------------------
                         required time                          1.828    
                         arrival time                          -2.346    
  -------------------------------------------------------------------
                         slack                                 -0.519    

Slack (VIOLATED) :        -0.519ns  (required time - arrival time)
  Source:                 slot_width_reg[1][5]_replica/C
                            (rising edge-triggered cell FDCE clocked by clk  {rise@0.000ns fall@1.000ns period=2.000ns})
  Destination:            gen_input_slots[1].gen_input_banks[0].u_input_cache_bank/data_mem_reg_64_127_7_13/RAME/WE
                            (rising edge-triggered cell RAMD64E clocked by clk  {rise@0.000ns fall@1.000ns period=2.000ns})
  Path Group:             clk
  Path Type:              Setup (Max at Slow Process Corner)
  Requirement:            2.000ns  (clk rise@2.000ns - clk rise@0.000ns)
  Data Path Delay:        2.318ns  (logic 0.685ns (29.546%)  route 1.633ns (70.454%))
  Logic Levels:           6  (LUT3=1 LUT4=1 LUT5=1 LUT6=3)
  Clock Path Skew:        0.015ns (DCD - SCD + CPR)
    Destination Clock Delay (DCD):    0.043ns = ( 2.043 - 2.000 ) 
    Source Clock Delay      (SCD):    0.028ns
    Clock Pessimism Removal (CPR):    0.000ns
  Clock Uncertainty:      0.035ns  ((TSJ^2 + TIJ^2)^1/2 + DJ) / 2 + PE
    Total System Jitter     (TSJ):    0.071ns
    Total Input Jitter      (TIJ):    0.000ns
    Discrete Jitter          (DJ):    0.000ns
    Phase Error              (PE):    0.000ns

    Location             Delay type                Incr(ns)  Path(ns)    Netlist Resource(s)
  -------------------------------------------------------------------    -------------------
                         (clock clk rise edge)        0.000     0.000 r  
                                                      0.000     0.000 r  clk (IN)
                         net (fo=34258, unset)        0.028     0.028    clk
    SLICE_X68Y90         FDCE                                         r  slot_width_reg[1][5]_replica/C
  -------------------------------------------------------------------    -------------------
    SLICE_X68Y90         FDCE (Prop_DFF_SLICEL_C_Q)
                                                      0.079     0.107 f  slot_width_reg[1][5]_replica/Q
                         net (fo=2, routed)           0.101     0.208    slot_width_reg_n_0_[1][5]_repN
    SLICE_X68Y92         LUT3 (Prop_B6LUT_SLICEL_I0_O)
                                                      0.090     0.298 f  gen_input_slots[1].gen_input_banks[3].u_input_cache_bank_i_77/O
                         net (fo=15, routed)          0.116     0.414    gen_input_slots[1].gen_input_banks[3].u_input_cache_bank_i_77_n_0
    SLICE_X67Y92         LUT6 (Prop_A6LUT_SLICEM_I0_O)
                                                      0.090     0.504 f  gen_input_slots[1].gen_input_banks[3].u_input_cache_bank_i_85/O
                         net (fo=3, routed)           0.058     0.563    gen_input_slots[1].gen_input_banks[3].u_input_cache_bank_i_85_n_0
    SLICE_X67Y91         LUT4 (Prop_G6LUT_SLICEM_I0_O)
                                                      0.037     0.600 f  gen_input_slots[1].gen_input_banks[3].u_input_cache_bank_i_62/O
                         net (fo=19, routed)          0.365     0.965    gen_input_slots[1].gen_input_banks[3].u_input_cache_bank_i_62_n_0
    SLICE_X60Y92         LUT6 (Prop_H6LUT_SLICEL_I1_O)
                                                      0.150     1.115 r  gen_input_slots[1].gen_input_banks[1].u_input_cache_bank_i_40_replica_4/O
                         net (fo=23, routed)          0.177     1.292    gen_input_slots[1].gen_input_banks[1].u_input_cache_bank_i_40_n_0_repN_4
    SLICE_X60Y90         LUT6 (Prop_H6LUT_SLICEL_I2_O)
                                                      0.150     1.442 f  gen_input_slots[1].gen_input_banks[0].u_input_cache_bank_i_1/O
                         net (fo=16, routed)          0.424     1.866    gen_input_slots[1].gen_input_banks[0].u_input_cache_bank/data_wr_addr[9]
    SLICE_X53Y92         LUT5 (Prop_B6LUT_SLICEM_I3_O)
                                                      0.089     1.955 r  gen_input_slots[1].gen_input_banks[0].u_input_cache_bank/data_mem_reg_64_127_0_6_i_1/O
                         net (fo=20, routed)          0.391     2.346    gen_input_slots[1].gen_input_banks[0].u_input_cache_bank/data_mem_reg_64_127_7_13/WE
    SLICE_X52Y97         RAMD64E                                      r  gen_input_slots[1].gen_input_banks[0].u_input_cache_bank/data_mem_reg_64_127_7_13/RAME/WE
  -------------------------------------------------------------------    -------------------

                         (clock clk rise edge)        2.000     2.000 r  
                                                      0.000     2.000 r  clk (IN)
                         net (fo=34258, unset)        0.043     2.043    gen_input_slots[1].gen_input_banks[0].u_input_cache_bank/data_mem_reg_64_127_7_13/WCLK
    SLICE_X52Y97         RAMD64E                                      r  gen_input_slots[1].gen_input_banks[0].u_input_cache_bank/data_mem_reg_64_127_7_13/RAME/CLK
                         clock pessimism              0.000     2.043    
                         clock uncertainty           -0.035     2.008    
    SLICE_X52Y97         RAMD64E (Setup_E6LUT_SLICEM_CLK_WE)
                                                     -0.180     1.828    gen_input_slots[1].gen_input_banks[0].u_input_cache_bank/data_mem_reg_64_127_7_13/RAME
  -------------------------------------------------------------------
                         required time                          1.828    
                         arrival time                          -2.346    
  -------------------------------------------------------------------
                         slack                                 -0.519    

Slack (VIOLATED) :        -0.519ns  (required time - arrival time)
  Source:                 slot_width_reg[1][5]_replica/C
                            (rising edge-triggered cell FDCE clocked by clk  {rise@0.000ns fall@1.000ns period=2.000ns})
  Destination:            gen_input_slots[1].gen_input_banks[0].u_input_cache_bank/data_mem_reg_64_127_7_13/RAMF/WE
                            (rising edge-triggered cell RAMD64E clocked by clk  {rise@0.000ns fall@1.000ns period=2.000ns})
  Path Group:             clk
  Path Type:              Setup (Max at Slow Process Corner)
  Requirement:            2.000ns  (clk rise@2.000ns - clk rise@0.000ns)
  Data Path Delay:        2.318ns  (logic 0.685ns (29.546%)  route 1.633ns (70.454%))
  Logic Levels:           6  (LUT3=1 LUT4=1 LUT5=1 LUT6=3)
  Clock Path Skew:        0.015ns (DCD - SCD + CPR)
    Destination Clock Delay (DCD):    0.043ns = ( 2.043 - 2.000 ) 
    Source Clock Delay      (SCD):    0.028ns
    Clock Pessimism Removal (CPR):    0.000ns
  Clock Uncertainty:      0.035ns  ((TSJ^2 + TIJ^2)^1/2 + DJ) / 2 + PE
    Total System Jitter     (TSJ):    0.071ns
    Total Input Jitter      (TIJ):    0.000ns
    Discrete Jitter          (DJ):    0.000ns
    Phase Error              (PE):    0.000ns

    Location             Delay type                Incr(ns)  Path(ns)    Netlist Resource(s)
  -------------------------------------------------------------------    -------------------
                         (clock clk rise edge)        0.000     0.000 r  
                                                      0.000     0.000 r  clk (IN)
                         net (fo=34258, unset)        0.028     0.028    clk
    SLICE_X68Y90         FDCE                                         r  slot_width_reg[1][5]_replica/C
  -------------------------------------------------------------------    -------------------
    SLICE_X68Y90         FDCE (Prop_DFF_SLICEL_C_Q)
                                                      0.079     0.107 f  slot_width_reg[1][5]_replica/Q
                         net (fo=2, routed)           0.101     0.208    slot_width_reg_n_0_[1][5]_repN
    SLICE_X68Y92         LUT3 (Prop_B6LUT_SLICEL_I0_O)
                                                      0.090     0.298 f  gen_input_slots[1].gen_input_banks[3].u_input_cache_bank_i_77/O
                         net (fo=15, routed)          0.116     0.414    gen_input_slots[1].gen_input_banks[3].u_input_cache_bank_i_77_n_0
    SLICE_X67Y92         LUT6 (Prop_A6LUT_SLICEM_I0_O)
                                                      0.090     0.504 f  gen_input_slots[1].gen_input_banks[3].u_input_cache_bank_i_85/O
                         net (fo=3, routed)           0.058     0.563    gen_input_slots[1].gen_input_banks[3].u_input_cache_bank_i_85_n_0
    SLICE_X67Y91         LUT4 (Prop_G6LUT_SLICEM_I0_O)
                                                      0.037     0.600 f  gen_input_slots[1].gen_input_banks[3].u_input_cache_bank_i_62/O
                         net (fo=19, routed)          0.365     0.965    gen_input_slots[1].gen_input_banks[3].u_input_cache_bank_i_62_n_0
    SLICE_X60Y92         LUT6 (Prop_H6LUT_SLICEL_I1_O)
                                                      0.150     1.115 r  gen_input_slots[1].gen_input_banks[1].u_input_cache_bank_i_40_replica_4/O
                         net (fo=23, routed)          0.177     1.292    gen_input_slots[1].gen_input_banks[1].u_input_cache_bank_i_40_n_0_repN_4
    SLICE_X60Y90         LUT6 (Prop_H6LUT_SLICEL_I2_O)
                                                      0.150     1.442 f  gen_input_slots[1].gen_input_banks[0].u_input_cache_bank_i_1/O
                         net (fo=16, routed)          0.424     1.866    gen_input_slots[1].gen_input_banks[0].u_input_cache_bank/data_wr_addr[9]
    SLICE_X53Y92         LUT5 (Prop_B6LUT_SLICEM_I3_O)
                                                      0.089     1.955 r  gen_input_slots[1].gen_input_banks[0].u_input_cache_bank/data_mem_reg_64_127_0_6_i_1/O
                         net (fo=20, routed)          0.391     2.346    gen_input_slots[1].gen_input_banks[0].u_input_cache_bank/data_mem_reg_64_127_7_13/WE
    SLICE_X52Y97         RAMD64E                                      r  gen_input_slots[1].gen_input_banks[0].u_input_cache_bank/data_mem_reg_64_127_7_13/RAMF/WE
  -------------------------------------------------------------------    -------------------

                         (clock clk rise edge)        2.000     2.000 r  
                                                      0.000     2.000 r  clk (IN)
                         net (fo=34258, unset)        0.043     2.043    gen_input_slots[1].gen_input_banks[0].u_input_cache_bank/data_mem_reg_64_127_7_13/WCLK
    SLICE_X52Y97         RAMD64E                                      r  gen_input_slots[1].gen_input_banks[0].u_input_cache_bank/data_mem_reg_64_127_7_13/RAMF/CLK
                         clock pessimism              0.000     2.043    
                         clock uncertainty           -0.035     2.008    
    SLICE_X52Y97         RAMD64E (Setup_F6LUT_SLICEM_CLK_WE)
                                                     -0.180     1.828    gen_input_slots[1].gen_input_banks[0].u_input_cache_bank/data_mem_reg_64_127_7_13/RAMF
  -------------------------------------------------------------------
                         required time                          1.828    
                         arrival time                          -2.346    
  -------------------------------------------------------------------
                         slack                                 -0.519    

Slack (VIOLATED) :        -0.519ns  (required time - arrival time)
  Source:                 slot_width_reg[1][5]_replica/C
                            (rising edge-triggered cell FDCE clocked by clk  {rise@0.000ns fall@1.000ns period=2.000ns})
  Destination:            gen_input_slots[1].gen_input_banks[0].u_input_cache_bank/data_mem_reg_64_127_7_13/RAMG/WE
                            (rising edge-triggered cell RAMD64E clocked by clk  {rise@0.000ns fall@1.000ns period=2.000ns})
  Path Group:             clk
  Path Type:              Setup (Max at Slow Process Corner)
  Requirement:            2.000ns  (clk rise@2.000ns - clk rise@0.000ns)
  Data Path Delay:        2.318ns  (logic 0.685ns (29.546%)  route 1.633ns (70.454%))
  Logic Levels:           6  (LUT3=1 LUT4=1 LUT5=1 LUT6=3)
  Clock Path Skew:        0.015ns (DCD - SCD + CPR)
    Destination Clock Delay (DCD):    0.043ns = ( 2.043 - 2.000 ) 
    Source Clock Delay      (SCD):    0.028ns
    Clock Pessimism Removal (CPR):    0.000ns
  Clock Uncertainty:      0.035ns  ((TSJ^2 + TIJ^2)^1/2 + DJ) / 2 + PE
    Total System Jitter     (TSJ):    0.071ns
    Total Input Jitter      (TIJ):    0.000ns
    Discrete Jitter          (DJ):    0.000ns
    Phase Error              (PE):    0.000ns

    Location             Delay type                Incr(ns)  Path(ns)    Netlist Resource(s)
  -------------------------------------------------------------------    -------------------
                         (clock clk rise edge)        0.000     0.000 r  
                                                      0.000     0.000 r  clk (IN)
                         net (fo=34258, unset)        0.028     0.028    clk
    SLICE_X68Y90         FDCE                                         r  slot_width_reg[1][5]_replica/C
  -------------------------------------------------------------------    -------------------
    SLICE_X68Y90         FDCE (Prop_DFF_SLICEL_C_Q)
                                                      0.079     0.107 f  slot_width_reg[1][5]_replica/Q
                         net (fo=2, routed)           0.101     0.208    slot_width_reg_n_0_[1][5]_repN
    SLICE_X68Y92         LUT3 (Prop_B6LUT_SLICEL_I0_O)
                                                      0.090     0.298 f  gen_input_slots[1].gen_input_banks[3].u_input_cache_bank_i_77/O
                         net (fo=15, routed)          0.116     0.414    gen_input_slots[1].gen_input_banks[3].u_input_cache_bank_i_77_n_0
    SLICE_X67Y92         LUT6 (Prop_A6LUT_SLICEM_I0_O)
                                                      0.090     0.504 f  gen_input_slots[1].gen_input_banks[3].u_input_cache_bank_i_85/O
                         net (fo=3, routed)           0.058     0.563    gen_input_slots[1].gen_input_banks[3].u_input_cache_bank_i_85_n_0
    SLICE_X67Y91         LUT4 (Prop_G6LUT_SLICEM_I0_O)
                                                      0.037     0.600 f  gen_input_slots[1].gen_input_banks[3].u_input_cache_bank_i_62/O
                         net (fo=19, routed)          0.365     0.965    gen_input_slots[1].gen_input_banks[3].u_input_cache_bank_i_62_n_0
    SLICE_X60Y92         LUT6 (Prop_H6LUT_SLICEL_I1_O)
                                                      0.150     1.115 r  gen_input_slots[1].gen_input_banks[1].u_input_cache_bank_i_40_replica_4/O
                         net (fo=23, routed)          0.177     1.292    gen_input_slots[1].gen_input_banks[1].u_input_cache_bank_i_40_n_0_repN_4
    SLICE_X60Y90         LUT6 (Prop_H6LUT_SLICEL_I2_O)
                                                      0.150     1.442 f  gen_input_slots[1].gen_input_banks[0].u_input_cache_bank_i_1/O
                         net (fo=16, routed)          0.424     1.866    gen_input_slots[1].gen_input_banks[0].u_input_cache_bank/data_wr_addr[9]
    SLICE_X53Y92         LUT5 (Prop_B6LUT_SLICEM_I3_O)
                                                      0.089     1.955 r  gen_input_slots[1].gen_input_banks[0].u_input_cache_bank/data_mem_reg_64_127_0_6_i_1/O
                         net (fo=20, routed)          0.391     2.346    gen_input_slots[1].gen_input_banks[0].u_input_cache_bank/data_mem_reg_64_127_7_13/WE
    SLICE_X52Y97         RAMD64E                                      r  gen_input_slots[1].gen_input_banks[0].u_input_cache_bank/data_mem_reg_64_127_7_13/RAMG/WE
  -------------------------------------------------------------------    -------------------

                         (clock clk rise edge)        2.000     2.000 r  
                                                      0.000     2.000 r  clk (IN)
                         net (fo=34258, unset)        0.043     2.043    gen_input_slots[1].gen_input_banks[0].u_input_cache_bank/data_mem_reg_64_127_7_13/WCLK
    SLICE_X52Y97         RAMD64E                                      r  gen_input_slots[1].gen_input_banks[0].u_input_cache_bank/data_mem_reg_64_127_7_13/RAMG/CLK
                         clock pessimism              0.000     2.043    
                         clock uncertainty           -0.035     2.008    
    SLICE_X52Y97         RAMD64E (Setup_G6LUT_SLICEM_CLK_WE)
                                                     -0.180     1.828    gen_input_slots[1].gen_input_banks[0].u_input_cache_bank/data_mem_reg_64_127_7_13/RAMG
  -------------------------------------------------------------------
                         required time                          1.828    
                         arrival time                          -2.346    
  -------------------------------------------------------------------
                         slack                                 -0.519    

Slack (VIOLATED) :        -0.519ns  (required time - arrival time)
  Source:                 slot_width_reg[1][5]_replica/C
                            (rising edge-triggered cell FDCE clocked by clk  {rise@0.000ns fall@1.000ns period=2.000ns})
  Destination:            gen_input_slots[1].gen_input_banks[0].u_input_cache_bank/data_mem_reg_64_127_7_13/RAMH/WE
                            (rising edge-triggered cell RAMD64E clocked by clk  {rise@0.000ns fall@1.000ns period=2.000ns})
  Path Group:             clk
  Path Type:              Setup (Max at Slow Process Corner)
  Requirement:            2.000ns  (clk rise@2.000ns - clk rise@0.000ns)
  Data Path Delay:        2.318ns  (logic 0.685ns (29.546%)  route 1.633ns (70.454%))
  Logic Levels:           6  (LUT3=1 LUT4=1 LUT5=1 LUT6=3)
  Clock Path Skew:        0.015ns (DCD - SCD + CPR)
    Destination Clock Delay (DCD):    0.043ns = ( 2.043 - 2.000 ) 
    Source Clock Delay      (SCD):    0.028ns
    Clock Pessimism Removal (CPR):    0.000ns
  Clock Uncertainty:      0.035ns  ((TSJ^2 + TIJ^2)^1/2 + DJ) / 2 + PE
    Total System Jitter     (TSJ):    0.071ns
    Total Input Jitter      (TIJ):    0.000ns
    Discrete Jitter          (DJ):    0.000ns
    Phase Error              (PE):    0.000ns

    Location             Delay type                Incr(ns)  Path(ns)    Netlist Resource(s)
  -------------------------------------------------------------------    -------------------
                         (clock clk rise edge)        0.000     0.000 r  
                                                      0.000     0.000 r  clk (IN)
                         net (fo=34258, unset)        0.028     0.028    clk
    SLICE_X68Y90         FDCE                                         r  slot_width_reg[1][5]_replica/C
  -------------------------------------------------------------------    -------------------
    SLICE_X68Y90         FDCE (Prop_DFF_SLICEL_C_Q)
                                                      0.079     0.107 f  slot_width_reg[1][5]_replica/Q
                         net (fo=2, routed)           0.101     0.208    slot_width_reg_n_0_[1][5]_repN
    SLICE_X68Y92         LUT3 (Prop_B6LUT_SLICEL_I0_O)
                                                      0.090     0.298 f  gen_input_slots[1].gen_input_banks[3].u_input_cache_bank_i_77/O
                         net (fo=15, routed)          0.116     0.414    gen_input_slots[1].gen_input_banks[3].u_input_cache_bank_i_77_n_0
    SLICE_X67Y92         LUT6 (Prop_A6LUT_SLICEM_I0_O)
                                                      0.090     0.504 f  gen_input_slots[1].gen_input_banks[3].u_input_cache_bank_i_85/O
                         net (fo=3, routed)           0.058     0.563    gen_input_slots[1].gen_input_banks[3].u_input_cache_bank_i_85_n_0
    SLICE_X67Y91         LUT4 (Prop_G6LUT_SLICEM_I0_O)
                                                      0.037     0.600 f  gen_input_slots[1].gen_input_banks[3].u_input_cache_bank_i_62/O
                         net (fo=19, routed)          0.365     0.965    gen_input_slots[1].gen_input_banks[3].u_input_cache_bank_i_62_n_0
    SLICE_X60Y92         LUT6 (Prop_H6LUT_SLICEL_I1_O)
                                                      0.150     1.115 r  gen_input_slots[1].gen_input_banks[1].u_input_cache_bank_i_40_replica_4/O
                         net (fo=23, routed)          0.177     1.292    gen_input_slots[1].gen_input_banks[1].u_input_cache_bank_i_40_n_0_repN_4
    SLICE_X60Y90         LUT6 (Prop_H6LUT_SLICEL_I2_O)
                                                      0.150     1.442 f  gen_input_slots[1].gen_input_banks[0].u_input_cache_bank_i_1/O
                         net (fo=16, routed)          0.424     1.866    gen_input_slots[1].gen_input_banks[0].u_input_cache_bank/data_wr_addr[9]
    SLICE_X53Y92         LUT5 (Prop_B6LUT_SLICEM_I3_O)
                                                      0.089     1.955 r  gen_input_slots[1].gen_input_banks[0].u_input_cache_bank/data_mem_reg_64_127_0_6_i_1/O
                         net (fo=20, routed)          0.391     2.346    gen_input_slots[1].gen_input_banks[0].u_input_cache_bank/data_mem_reg_64_127_7_13/WE
    SLICE_X52Y97         RAMD64E                                      r  gen_input_slots[1].gen_input_banks[0].u_input_cache_bank/data_mem_reg_64_127_7_13/RAMH/WE
  -------------------------------------------------------------------    -------------------

                         (clock clk rise edge)        2.000     2.000 r  
                                                      0.000     2.000 r  clk (IN)
                         net (fo=34258, unset)        0.043     2.043    gen_input_slots[1].gen_input_banks[0].u_input_cache_bank/data_mem_reg_64_127_7_13/WCLK
    SLICE_X52Y97         RAMD64E                                      r  gen_input_slots[1].gen_input_banks[0].u_input_cache_bank/data_mem_reg_64_127_7_13/RAMH/CLK
                         clock pessimism              0.000     2.043    
                         clock uncertainty           -0.035     2.008    
    SLICE_X52Y97         RAMD64E (Setup_H6LUT_SLICEM_CLK_WE)
                                                     -0.180     1.828    gen_input_slots[1].gen_input_banks[0].u_input_cache_bank/data_mem_reg_64_127_7_13/RAMH
  -------------------------------------------------------------------
                         required time                          1.828    
                         arrival time                          -2.346    
  -------------------------------------------------------------------
                         slack                                 -0.519    

Slack (VIOLATED) :        -0.519ns  (required time - arrival time)
  Source:                 slot_width_reg[1][5]_replica/C
                            (rising edge-triggered cell FDCE clocked by clk  {rise@0.000ns fall@1.000ns period=2.000ns})
  Destination:            gen_input_slots[1].gen_input_banks[0].u_input_cache_bank/data_mem_reg_256_319_7_13/RAMA/WE
                            (rising edge-triggered cell RAMD64E clocked by clk  {rise@0.000ns fall@1.000ns period=2.000ns})
  Path Group:             clk
  Path Type:              Setup (Max at Slow Process Corner)
  Requirement:            2.000ns  (clk rise@2.000ns - clk rise@0.000ns)
  Data Path Delay:        2.318ns  (logic 0.685ns (29.548%)  route 1.633ns (70.452%))
  Logic Levels:           6  (LUT3=1 LUT4=1 LUT5=1 LUT6=3)
  Clock Path Skew:        0.015ns (DCD - SCD + CPR)
    Destination Clock Delay (DCD):    0.043ns = ( 2.043 - 2.000 ) 
    Source Clock Delay      (SCD):    0.028ns
    Clock Pessimism Removal (CPR):    0.000ns
  Clock Uncertainty:      0.035ns  ((TSJ^2 + TIJ^2)^1/2 + DJ) / 2 + PE
    Total System Jitter     (TSJ):    0.071ns
    Total Input Jitter      (TIJ):    0.000ns
    Discrete Jitter          (DJ):    0.000ns
    Phase Error              (PE):    0.000ns

    Location             Delay type                Incr(ns)  Path(ns)    Netlist Resource(s)
  -------------------------------------------------------------------    -------------------
                         (clock clk rise edge)        0.000     0.000 r  
                                                      0.000     0.000 r  clk (IN)
                         net (fo=34258, unset)        0.028     0.028    clk
    SLICE_X68Y90         FDCE                                         r  slot_width_reg[1][5]_replica/C
  -------------------------------------------------------------------    -------------------
    SLICE_X68Y90         FDCE (Prop_DFF_SLICEL_C_Q)
                                                      0.079     0.107 f  slot_width_reg[1][5]_replica/Q
                         net (fo=2, routed)           0.101     0.208    slot_width_reg_n_0_[1][5]_repN
    SLICE_X68Y92         LUT3 (Prop_B6LUT_SLICEL_I0_O)
                                                      0.090     0.298 f  gen_input_slots[1].gen_input_banks[3].u_input_cache_bank_i_77/O
                         net (fo=15, routed)          0.116     0.414    gen_input_slots[1].gen_input_banks[3].u_input_cache_bank_i_77_n_0
    SLICE_X67Y92         LUT6 (Prop_A6LUT_SLICEM_I0_O)
                                                      0.090     0.504 f  gen_input_slots[1].gen_input_banks[3].u_input_cache_bank_i_85/O
                         net (fo=3, routed)           0.058     0.563    gen_input_slots[1].gen_input_banks[3].u_input_cache_bank_i_85_n_0
    SLICE_X67Y91         LUT4 (Prop_G6LUT_SLICEM_I0_O)
                                                      0.037     0.600 f  gen_input_slots[1].gen_input_banks[3].u_input_cache_bank_i_62/O
                         net (fo=19, routed)          0.365     0.965    gen_input_slots[1].gen_input_banks[3].u_input_cache_bank_i_62_n_0
    SLICE_X60Y92         LUT6 (Prop_H6LUT_SLICEL_I1_O)
                                                      0.150     1.115 r  gen_input_slots[1].gen_input_banks[1].u_input_cache_bank_i_40_replica_4/O
                         net (fo=23, routed)          0.177     1.292    gen_input_slots[1].gen_input_banks[1].u_input_cache_bank_i_40_n_0_repN_4
    SLICE_X60Y90         LUT6 (Prop_H6LUT_SLICEL_I2_O)
                                                      0.150     1.442 f  gen_input_slots[1].gen_input_banks[0].u_input_cache_bank_i_1/O
                         net (fo=16, routed)          0.400     1.842    gen_input_slots[1].gen_input_banks[0].u_input_cache_bank/data_wr_addr[9]
    SLICE_X55Y92         LUT5 (Prop_B6LUT_SLICEM_I3_O)
                                                      0.089     1.931 r  gen_input_slots[1].gen_input_banks[0].u_input_cache_bank/data_mem_reg_256_319_0_6_i_1/O
                         net (fo=20, routed)          0.415     2.346    gen_input_slots[1].gen_input_banks[0].u_input_cache_bank/data_mem_reg_256_319_7_13/WE
    SLICE_X53Y99         RAMD64E                                      r  gen_input_slots[1].gen_input_banks[0].u_input_cache_bank/data_mem_reg_256_319_7_13/RAMA/WE
  -------------------------------------------------------------------    -------------------

                         (clock clk rise edge)        2.000     2.000 r  
                                                      0.000     2.000 r  clk (IN)
                         net (fo=34258, unset)        0.043     2.043    gen_input_slots[1].gen_input_banks[0].u_input_cache_bank/data_mem_reg_256_319_7_13/WCLK
    SLICE_X53Y99         RAMD64E                                      r  gen_input_slots[1].gen_input_banks[0].u_input_cache_bank/data_mem_reg_256_319_7_13/RAMA/CLK
                         clock pessimism              0.000     2.043    
                         clock uncertainty           -0.035     2.008    
    SLICE_X53Y99         RAMD64E (Setup_A6LUT_SLICEM_CLK_WE)
                                                     -0.180     1.828    gen_input_slots[1].gen_input_banks[0].u_input_cache_bank/data_mem_reg_256_319_7_13/RAMA
  -------------------------------------------------------------------
                         required time                          1.828    
                         arrival time                          -2.346    
  -------------------------------------------------------------------
                         slack                                 -0.519    

Slack (VIOLATED) :        -0.519ns  (required time - arrival time)
  Source:                 slot_width_reg[1][5]_replica/C
                            (rising edge-triggered cell FDCE clocked by clk  {rise@0.000ns fall@1.000ns period=2.000ns})
  Destination:            gen_input_slots[1].gen_input_banks[0].u_input_cache_bank/data_mem_reg_256_319_7_13/RAMB/WE
                            (rising edge-triggered cell RAMD64E clocked by clk  {rise@0.000ns fall@1.000ns period=2.000ns})
  Path Group:             clk
  Path Type:              Setup (Max at Slow Process Corner)
  Requirement:            2.000ns  (clk rise@2.000ns - clk rise@0.000ns)
  Data Path Delay:        2.318ns  (logic 0.685ns (29.548%)  route 1.633ns (70.452%))
  Logic Levels:           6  (LUT3=1 LUT4=1 LUT5=1 LUT6=3)
  Clock Path Skew:        0.015ns (DCD - SCD + CPR)
    Destination Clock Delay (DCD):    0.043ns = ( 2.043 - 2.000 ) 
    Source Clock Delay      (SCD):    0.028ns
    Clock Pessimism Removal (CPR):    0.000ns
  Clock Uncertainty:      0.035ns  ((TSJ^2 + TIJ^2)^1/2 + DJ) / 2 + PE
    Total System Jitter     (TSJ):    0.071ns
    Total Input Jitter      (TIJ):    0.000ns
    Discrete Jitter          (DJ):    0.000ns
    Phase Error              (PE):    0.000ns

    Location             Delay type                Incr(ns)  Path(ns)    Netlist Resource(s)
  -------------------------------------------------------------------    -------------------
                         (clock clk rise edge)        0.000     0.000 r  
                                                      0.000     0.000 r  clk (IN)
                         net (fo=34258, unset)        0.028     0.028    clk
    SLICE_X68Y90         FDCE                                         r  slot_width_reg[1][5]_replica/C
  -------------------------------------------------------------------    -------------------
    SLICE_X68Y90         FDCE (Prop_DFF_SLICEL_C_Q)
                                                      0.079     0.107 f  slot_width_reg[1][5]_replica/Q
                         net (fo=2, routed)           0.101     0.208    slot_width_reg_n_0_[1][5]_repN
    SLICE_X68Y92         LUT3 (Prop_B6LUT_SLICEL_I0_O)
                                                      0.090     0.298 f  gen_input_slots[1].gen_input_banks[3].u_input_cache_bank_i_77/O
                         net (fo=15, routed)          0.116     0.414    gen_input_slots[1].gen_input_banks[3].u_input_cache_bank_i_77_n_0
    SLICE_X67Y92         LUT6 (Prop_A6LUT_SLICEM_I0_O)
                                                      0.090     0.504 f  gen_input_slots[1].gen_input_banks[3].u_input_cache_bank_i_85/O
                         net (fo=3, routed)           0.058     0.563    gen_input_slots[1].gen_input_banks[3].u_input_cache_bank_i_85_n_0
    SLICE_X67Y91         LUT4 (Prop_G6LUT_SLICEM_I0_O)
                                                      0.037     0.600 f  gen_input_slots[1].gen_input_banks[3].u_input_cache_bank_i_62/O
                         net (fo=19, routed)          0.365     0.965    gen_input_slots[1].gen_input_banks[3].u_input_cache_bank_i_62_n_0
    SLICE_X60Y92         LUT6 (Prop_H6LUT_SLICEL_I1_O)
                                                      0.150     1.115 r  gen_input_slots[1].gen_input_banks[1].u_input_cache_bank_i_40_replica_4/O
                         net (fo=23, routed)          0.177     1.292    gen_input_slots[1].gen_input_banks[1].u_input_cache_bank_i_40_n_0_repN_4
    SLICE_X60Y90         LUT6 (Prop_H6LUT_SLICEL_I2_O)
                                                      0.150     1.442 f  gen_input_slots[1].gen_input_banks[0].u_input_cache_bank_i_1/O
                         net (fo=16, routed)          0.400     1.842    gen_input_slots[1].gen_input_banks[0].u_input_cache_bank/data_wr_addr[9]
    SLICE_X55Y92         LUT5 (Prop_B6LUT_SLICEM_I3_O)
                                                      0.089     1.931 r  gen_input_slots[1].gen_input_banks[0].u_input_cache_bank/data_mem_reg_256_319_0_6_i_1/O
                         net (fo=20, routed)          0.415     2.346    gen_input_slots[1].gen_input_banks[0].u_input_cache_bank/data_mem_reg_256_319_7_13/WE
    SLICE_X53Y99         RAMD64E                                      r  gen_input_slots[1].gen_input_banks[0].u_input_cache_bank/data_mem_reg_256_319_7_13/RAMB/WE
  -------------------------------------------------------------------    -------------------

                         (clock clk rise edge)        2.000     2.000 r  
                                                      0.000     2.000 r  clk (IN)
                         net (fo=34258, unset)        0.043     2.043    gen_input_slots[1].gen_input_banks[0].u_input_cache_bank/data_mem_reg_256_319_7_13/WCLK
    SLICE_X53Y99         RAMD64E                                      r  gen_input_slots[1].gen_input_banks[0].u_input_cache_bank/data_mem_reg_256_319_7_13/RAMB/CLK
                         clock pessimism              0.000     2.043    
                         clock uncertainty           -0.035     2.008    
    SLICE_X53Y99         RAMD64E (Setup_B6LUT_SLICEM_CLK_WE)
                                                     -0.180     1.828    gen_input_slots[1].gen_input_banks[0].u_input_cache_bank/data_mem_reg_256_319_7_13/RAMB
  -------------------------------------------------------------------
                         required time                          1.828    
                         arrival time                          -2.346    
  -------------------------------------------------------------------
                         slack                                 -0.519    

Slack (VIOLATED) :        -0.519ns  (required time - arrival time)
  Source:                 slot_width_reg[1][5]_replica/C
                            (rising edge-triggered cell FDCE clocked by clk  {rise@0.000ns fall@1.000ns period=2.000ns})
  Destination:            gen_input_slots[1].gen_input_banks[0].u_input_cache_bank/data_mem_reg_256_319_7_13/RAMC/WE
                            (rising edge-triggered cell RAMD64E clocked by clk  {rise@0.000ns fall@1.000ns period=2.000ns})
  Path Group:             clk
  Path Type:              Setup (Max at Slow Process Corner)
  Requirement:            2.000ns  (clk rise@2.000ns - clk rise@0.000ns)
  Data Path Delay:        2.318ns  (logic 0.685ns (29.548%)  route 1.633ns (70.452%))
  Logic Levels:           6  (LUT3=1 LUT4=1 LUT5=1 LUT6=3)
  Clock Path Skew:        0.015ns (DCD - SCD + CPR)
    Destination Clock Delay (DCD):    0.043ns = ( 2.043 - 2.000 ) 
    Source Clock Delay      (SCD):    0.028ns
    Clock Pessimism Removal (CPR):    0.000ns
  Clock Uncertainty:      0.035ns  ((TSJ^2 + TIJ^2)^1/2 + DJ) / 2 + PE
    Total System Jitter     (TSJ):    0.071ns
    Total Input Jitter      (TIJ):    0.000ns
    Discrete Jitter          (DJ):    0.000ns
    Phase Error              (PE):    0.000ns

    Location             Delay type                Incr(ns)  Path(ns)    Netlist Resource(s)
  -------------------------------------------------------------------    -------------------
                         (clock clk rise edge)        0.000     0.000 r  
                                                      0.000     0.000 r  clk (IN)
                         net (fo=34258, unset)        0.028     0.028    clk
    SLICE_X68Y90         FDCE                                         r  slot_width_reg[1][5]_replica/C
  -------------------------------------------------------------------    -------------------
    SLICE_X68Y90         FDCE (Prop_DFF_SLICEL_C_Q)
                                                      0.079     0.107 f  slot_width_reg[1][5]_replica/Q
                         net (fo=2, routed)           0.101     0.208    slot_width_reg_n_0_[1][5]_repN
    SLICE_X68Y92         LUT3 (Prop_B6LUT_SLICEL_I0_O)
                                                      0.090     0.298 f  gen_input_slots[1].gen_input_banks[3].u_input_cache_bank_i_77/O
                         net (fo=15, routed)          0.116     0.414    gen_input_slots[1].gen_input_banks[3].u_input_cache_bank_i_77_n_0
    SLICE_X67Y92         LUT6 (Prop_A6LUT_SLICEM_I0_O)
                                                      0.090     0.504 f  gen_input_slots[1].gen_input_banks[3].u_input_cache_bank_i_85/O
                         net (fo=3, routed)           0.058     0.563    gen_input_slots[1].gen_input_banks[3].u_input_cache_bank_i_85_n_0
    SLICE_X67Y91         LUT4 (Prop_G6LUT_SLICEM_I0_O)
                                                      0.037     0.600 f  gen_input_slots[1].gen_input_banks[3].u_input_cache_bank_i_62/O
                         net (fo=19, routed)          0.365     0.965    gen_input_slots[1].gen_input_banks[3].u_input_cache_bank_i_62_n_0
    SLICE_X60Y92         LUT6 (Prop_H6LUT_SLICEL_I1_O)
                                                      0.150     1.115 r  gen_input_slots[1].gen_input_banks[1].u_input_cache_bank_i_40_replica_4/O
                         net (fo=23, routed)          0.177     1.292    gen_input_slots[1].gen_input_banks[1].u_input_cache_bank_i_40_n_0_repN_4
    SLICE_X60Y90         LUT6 (Prop_H6LUT_SLICEL_I2_O)
                                                      0.150     1.442 f  gen_input_slots[1].gen_input_banks[0].u_input_cache_bank_i_1/O
                         net (fo=16, routed)          0.400     1.842    gen_input_slots[1].gen_input_banks[0].u_input_cache_bank/data_wr_addr[9]
    SLICE_X55Y92         LUT5 (Prop_B6LUT_SLICEM_I3_O)
                                                      0.089     1.931 r  gen_input_slots[1].gen_input_banks[0].u_input_cache_bank/data_mem_reg_256_319_0_6_i_1/O
                         net (fo=20, routed)          0.415     2.346    gen_input_slots[1].gen_input_banks[0].u_input_cache_bank/data_mem_reg_256_319_7_13/WE
    SLICE_X53Y99         RAMD64E                                      r  gen_input_slots[1].gen_input_banks[0].u_input_cache_bank/data_mem_reg_256_319_7_13/RAMC/WE
  -------------------------------------------------------------------    -------------------

                         (clock clk rise edge)        2.000     2.000 r  
                                                      0.000     2.000 r  clk (IN)
                         net (fo=34258, unset)        0.043     2.043    gen_input_slots[1].gen_input_banks[0].u_input_cache_bank/data_mem_reg_256_319_7_13/WCLK
    SLICE_X53Y99         RAMD64E                                      r  gen_input_slots[1].gen_input_banks[0].u_input_cache_bank/data_mem_reg_256_319_7_13/RAMC/CLK
                         clock pessimism              0.000     2.043    
                         clock uncertainty           -0.035     2.008    
    SLICE_X53Y99         RAMD64E (Setup_C6LUT_SLICEM_CLK_WE)
                                                     -0.180     1.828    gen_input_slots[1].gen_input_banks[0].u_input_cache_bank/data_mem_reg_256_319_7_13/RAMC
  -------------------------------------------------------------------
                         required time                          1.828    
                         arrival time                          -2.346    
  -------------------------------------------------------------------
                         slack                                 -0.519    

Slack (VIOLATED) :        -0.519ns  (required time - arrival time)
  Source:                 slot_width_reg[1][5]_replica/C
                            (rising edge-triggered cell FDCE clocked by clk  {rise@0.000ns fall@1.000ns period=2.000ns})
  Destination:            gen_input_slots[1].gen_input_banks[0].u_input_cache_bank/data_mem_reg_256_319_7_13/RAMD/WE
                            (rising edge-triggered cell RAMD64E clocked by clk  {rise@0.000ns fall@1.000ns period=2.000ns})
  Path Group:             clk
  Path Type:              Setup (Max at Slow Process Corner)
  Requirement:            2.000ns  (clk rise@2.000ns - clk rise@0.000ns)
  Data Path Delay:        2.318ns  (logic 0.685ns (29.548%)  route 1.633ns (70.452%))
  Logic Levels:           6  (LUT3=1 LUT4=1 LUT5=1 LUT6=3)
  Clock Path Skew:        0.015ns (DCD - SCD + CPR)
    Destination Clock Delay (DCD):    0.043ns = ( 2.043 - 2.000 ) 
    Source Clock Delay      (SCD):    0.028ns
    Clock Pessimism Removal (CPR):    0.000ns
  Clock Uncertainty:      0.035ns  ((TSJ^2 + TIJ^2)^1/2 + DJ) / 2 + PE
    Total System Jitter     (TSJ):    0.071ns
    Total Input Jitter      (TIJ):    0.000ns
    Discrete Jitter          (DJ):    0.000ns
    Phase Error              (PE):    0.000ns

    Location             Delay type                Incr(ns)  Path(ns)    Netlist Resource(s)
  -------------------------------------------------------------------    -------------------
                         (clock clk rise edge)        0.000     0.000 r  
                                                      0.000     0.000 r  clk (IN)
                         net (fo=34258, unset)        0.028     0.028    clk
    SLICE_X68Y90         FDCE                                         r  slot_width_reg[1][5]_replica/C
  -------------------------------------------------------------------    -------------------
    SLICE_X68Y90         FDCE (Prop_DFF_SLICEL_C_Q)
                                                      0.079     0.107 f  slot_width_reg[1][5]_replica/Q
                         net (fo=2, routed)           0.101     0.208    slot_width_reg_n_0_[1][5]_repN
    SLICE_X68Y92         LUT3 (Prop_B6LUT_SLICEL_I0_O)
                                                      0.090     0.298 f  gen_input_slots[1].gen_input_banks[3].u_input_cache_bank_i_77/O
                         net (fo=15, routed)          0.116     0.414    gen_input_slots[1].gen_input_banks[3].u_input_cache_bank_i_77_n_0
    SLICE_X67Y92         LUT6 (Prop_A6LUT_SLICEM_I0_O)
                                                      0.090     0.504 f  gen_input_slots[1].gen_input_banks[3].u_input_cache_bank_i_85/O
                         net (fo=3, routed)           0.058     0.563    gen_input_slots[1].gen_input_banks[3].u_input_cache_bank_i_85_n_0
    SLICE_X67Y91         LUT4 (Prop_G6LUT_SLICEM_I0_O)
                                                      0.037     0.600 f  gen_input_slots[1].gen_input_banks[3].u_input_cache_bank_i_62/O
                         net (fo=19, routed)          0.365     0.965    gen_input_slots[1].gen_input_banks[3].u_input_cache_bank_i_62_n_0
    SLICE_X60Y92         LUT6 (Prop_H6LUT_SLICEL_I1_O)
                                                      0.150     1.115 r  gen_input_slots[1].gen_input_banks[1].u_input_cache_bank_i_40_replica_4/O
                         net (fo=23, routed)          0.177     1.292    gen_input_slots[1].gen_input_banks[1].u_input_cache_bank_i_40_n_0_repN_4
    SLICE_X60Y90         LUT6 (Prop_H6LUT_SLICEL_I2_O)
                                                      0.150     1.442 f  gen_input_slots[1].gen_input_banks[0].u_input_cache_bank_i_1/O
                         net (fo=16, routed)          0.400     1.842    gen_input_slots[1].gen_input_banks[0].u_input_cache_bank/data_wr_addr[9]
    SLICE_X55Y92         LUT5 (Prop_B6LUT_SLICEM_I3_O)
                                                      0.089     1.931 r  gen_input_slots[1].gen_input_banks[0].u_input_cache_bank/data_mem_reg_256_319_0_6_i_1/O
                         net (fo=20, routed)          0.415     2.346    gen_input_slots[1].gen_input_banks[0].u_input_cache_bank/data_mem_reg_256_319_7_13/WE
    SLICE_X53Y99         RAMD64E                                      r  gen_input_slots[1].gen_input_banks[0].u_input_cache_bank/data_mem_reg_256_319_7_13/RAMD/WE
  -------------------------------------------------------------------    -------------------

                         (clock clk rise edge)        2.000     2.000 r  
                                                      0.000     2.000 r  clk (IN)
                         net (fo=34258, unset)        0.043     2.043    gen_input_slots[1].gen_input_banks[0].u_input_cache_bank/data_mem_reg_256_319_7_13/WCLK
    SLICE_X53Y99         RAMD64E                                      r  gen_input_slots[1].gen_input_banks[0].u_input_cache_bank/data_mem_reg_256_319_7_13/RAMD/CLK
                         clock pessimism              0.000     2.043    
                         clock uncertainty           -0.035     2.008    
    SLICE_X53Y99         RAMD64E (Setup_D6LUT_SLICEM_CLK_WE)
                                                     -0.180     1.828    gen_input_slots[1].gen_input_banks[0].u_input_cache_bank/data_mem_reg_256_319_7_13/RAMD
  -------------------------------------------------------------------
                         required time                          1.828    
                         arrival time                          -2.346    
  -------------------------------------------------------------------
                         slack                                 -0.519    

Slack (VIOLATED) :        -0.519ns  (required time - arrival time)
  Source:                 slot_width_reg[1][5]_replica/C
                            (rising edge-triggered cell FDCE clocked by clk  {rise@0.000ns fall@1.000ns period=2.000ns})
  Destination:            gen_input_slots[1].gen_input_banks[0].u_input_cache_bank/data_mem_reg_256_319_7_13/RAME/WE
                            (rising edge-triggered cell RAMD64E clocked by clk  {rise@0.000ns fall@1.000ns period=2.000ns})
  Path Group:             clk
  Path Type:              Setup (Max at Slow Process Corner)
  Requirement:            2.000ns  (clk rise@2.000ns - clk rise@0.000ns)
  Data Path Delay:        2.318ns  (logic 0.685ns (29.548%)  route 1.633ns (70.452%))
  Logic Levels:           6  (LUT3=1 LUT4=1 LUT5=1 LUT6=3)
  Clock Path Skew:        0.015ns (DCD - SCD + CPR)
    Destination Clock Delay (DCD):    0.043ns = ( 2.043 - 2.000 ) 
    Source Clock Delay      (SCD):    0.028ns
    Clock Pessimism Removal (CPR):    0.000ns
  Clock Uncertainty:      0.035ns  ((TSJ^2 + TIJ^2)^1/2 + DJ) / 2 + PE
    Total System Jitter     (TSJ):    0.071ns
    Total Input Jitter      (TIJ):    0.000ns
    Discrete Jitter          (DJ):    0.000ns
    Phase Error              (PE):    0.000ns

    Location             Delay type                Incr(ns)  Path(ns)    Netlist Resource(s)
  -------------------------------------------------------------------    -------------------
                         (clock clk rise edge)        0.000     0.000 r  
                                                      0.000     0.000 r  clk (IN)
                         net (fo=34258, unset)        0.028     0.028    clk
    SLICE_X68Y90         FDCE                                         r  slot_width_reg[1][5]_replica/C
  -------------------------------------------------------------------    -------------------
    SLICE_X68Y90         FDCE (Prop_DFF_SLICEL_C_Q)
                                                      0.079     0.107 f  slot_width_reg[1][5]_replica/Q
                         net (fo=2, routed)           0.101     0.208    slot_width_reg_n_0_[1][5]_repN
    SLICE_X68Y92         LUT3 (Prop_B6LUT_SLICEL_I0_O)
                                                      0.090     0.298 f  gen_input_slots[1].gen_input_banks[3].u_input_cache_bank_i_77/O
                         net (fo=15, routed)          0.116     0.414    gen_input_slots[1].gen_input_banks[3].u_input_cache_bank_i_77_n_0
    SLICE_X67Y92         LUT6 (Prop_A6LUT_SLICEM_I0_O)
                                                      0.090     0.504 f  gen_input_slots[1].gen_input_banks[3].u_input_cache_bank_i_85/O
                         net (fo=3, routed)           0.058     0.563    gen_input_slots[1].gen_input_banks[3].u_input_cache_bank_i_85_n_0
    SLICE_X67Y91         LUT4 (Prop_G6LUT_SLICEM_I0_O)
                                                      0.037     0.600 f  gen_input_slots[1].gen_input_banks[3].u_input_cache_bank_i_62/O
                         net (fo=19, routed)          0.365     0.965    gen_input_slots[1].gen_input_banks[3].u_input_cache_bank_i_62_n_0
    SLICE_X60Y92         LUT6 (Prop_H6LUT_SLICEL_I1_O)
                                                      0.150     1.115 r  gen_input_slots[1].gen_input_banks[1].u_input_cache_bank_i_40_replica_4/O
                         net (fo=23, routed)          0.177     1.292    gen_input_slots[1].gen_input_banks[1].u_input_cache_bank_i_40_n_0_repN_4
    SLICE_X60Y90         LUT6 (Prop_H6LUT_SLICEL_I2_O)
                                                      0.150     1.442 f  gen_input_slots[1].gen_input_banks[0].u_input_cache_bank_i_1/O
                         net (fo=16, routed)          0.400     1.842    gen_input_slots[1].gen_input_banks[0].u_input_cache_bank/data_wr_addr[9]
    SLICE_X55Y92         LUT5 (Prop_B6LUT_SLICEM_I3_O)
                                                      0.089     1.931 r  gen_input_slots[1].gen_input_banks[0].u_input_cache_bank/data_mem_reg_256_319_0_6_i_1/O
                         net (fo=20, routed)          0.415     2.346    gen_input_slots[1].gen_input_banks[0].u_input_cache_bank/data_mem_reg_256_319_7_13/WE
    SLICE_X53Y99         RAMD64E                                      r  gen_input_slots[1].gen_input_banks[0].u_input_cache_bank/data_mem_reg_256_319_7_13/RAME/WE
  -------------------------------------------------------------------    -------------------

                         (clock clk rise edge)        2.000     2.000 r  
                                                      0.000     2.000 r  clk (IN)
                         net (fo=34258, unset)        0.043     2.043    gen_input_slots[1].gen_input_banks[0].u_input_cache_bank/data_mem_reg_256_319_7_13/WCLK
    SLICE_X53Y99         RAMD64E                                      r  gen_input_slots[1].gen_input_banks[0].u_input_cache_bank/data_mem_reg_256_319_7_13/RAME/CLK
                         clock pessimism              0.000     2.043    
                         clock uncertainty           -0.035     2.008    
    SLICE_X53Y99         RAMD64E (Setup_E6LUT_SLICEM_CLK_WE)
                                                     -0.180     1.828    gen_input_slots[1].gen_input_banks[0].u_input_cache_bank/data_mem_reg_256_319_7_13/RAME
  -------------------------------------------------------------------
                         required time                          1.828    
                         arrival time                          -2.346    
  -------------------------------------------------------------------
                         slack                                 -0.519    

Slack (VIOLATED) :        -0.519ns  (required time - arrival time)
  Source:                 slot_width_reg[1][5]_replica/C
                            (rising edge-triggered cell FDCE clocked by clk  {rise@0.000ns fall@1.000ns period=2.000ns})
  Destination:            gen_input_slots[1].gen_input_banks[0].u_input_cache_bank/data_mem_reg_256_319_7_13/RAMF/WE
                            (rising edge-triggered cell RAMD64E clocked by clk  {rise@0.000ns fall@1.000ns period=2.000ns})
  Path Group:             clk
  Path Type:              Setup (Max at Slow Process Corner)
  Requirement:            2.000ns  (clk rise@2.000ns - clk rise@0.000ns)
  Data Path Delay:        2.318ns  (logic 0.685ns (29.548%)  route 1.633ns (70.452%))
  Logic Levels:           6  (LUT3=1 LUT4=1 LUT5=1 LUT6=3)
  Clock Path Skew:        0.015ns (DCD - SCD + CPR)
    Destination Clock Delay (DCD):    0.043ns = ( 2.043 - 2.000 ) 
    Source Clock Delay      (SCD):    0.028ns
    Clock Pessimism Removal (CPR):    0.000ns
  Clock Uncertainty:      0.035ns  ((TSJ^2 + TIJ^2)^1/2 + DJ) / 2 + PE
    Total System Jitter     (TSJ):    0.071ns
    Total Input Jitter      (TIJ):    0.000ns
    Discrete Jitter          (DJ):    0.000ns
    Phase Error              (PE):    0.000ns

    Location             Delay type                Incr(ns)  Path(ns)    Netlist Resource(s)
  -------------------------------------------------------------------    -------------------
                         (clock clk rise edge)        0.000     0.000 r  
                                                      0.000     0.000 r  clk (IN)
                         net (fo=34258, unset)        0.028     0.028    clk
    SLICE_X68Y90         FDCE                                         r  slot_width_reg[1][5]_replica/C
  -------------------------------------------------------------------    -------------------
    SLICE_X68Y90         FDCE (Prop_DFF_SLICEL_C_Q)
                                                      0.079     0.107 f  slot_width_reg[1][5]_replica/Q
                         net (fo=2, routed)           0.101     0.208    slot_width_reg_n_0_[1][5]_repN
    SLICE_X68Y92         LUT3 (Prop_B6LUT_SLICEL_I0_O)
                                                      0.090     0.298 f  gen_input_slots[1].gen_input_banks[3].u_input_cache_bank_i_77/O
                         net (fo=15, routed)          0.116     0.414    gen_input_slots[1].gen_input_banks[3].u_input_cache_bank_i_77_n_0
    SLICE_X67Y92         LUT6 (Prop_A6LUT_SLICEM_I0_O)
                                                      0.090     0.504 f  gen_input_slots[1].gen_input_banks[3].u_input_cache_bank_i_85/O
                         net (fo=3, routed)           0.058     0.563    gen_input_slots[1].gen_input_banks[3].u_input_cache_bank_i_85_n_0
    SLICE_X67Y91         LUT4 (Prop_G6LUT_SLICEM_I0_O)
                                                      0.037     0.600 f  gen_input_slots[1].gen_input_banks[3].u_input_cache_bank_i_62/O
                         net (fo=19, routed)          0.365     0.965    gen_input_slots[1].gen_input_banks[3].u_input_cache_bank_i_62_n_0
    SLICE_X60Y92         LUT6 (Prop_H6LUT_SLICEL_I1_O)
                                                      0.150     1.115 r  gen_input_slots[1].gen_input_banks[1].u_input_cache_bank_i_40_replica_4/O
                         net (fo=23, routed)          0.177     1.292    gen_input_slots[1].gen_input_banks[1].u_input_cache_bank_i_40_n_0_repN_4
    SLICE_X60Y90         LUT6 (Prop_H6LUT_SLICEL_I2_O)
                                                      0.150     1.442 f  gen_input_slots[1].gen_input_banks[0].u_input_cache_bank_i_1/O
                         net (fo=16, routed)          0.400     1.842    gen_input_slots[1].gen_input_banks[0].u_input_cache_bank/data_wr_addr[9]
    SLICE_X55Y92         LUT5 (Prop_B6LUT_SLICEM_I3_O)
                                                      0.089     1.931 r  gen_input_slots[1].gen_input_banks[0].u_input_cache_bank/data_mem_reg_256_319_0_6_i_1/O
                         net (fo=20, routed)          0.415     2.346    gen_input_slots[1].gen_input_banks[0].u_input_cache_bank/data_mem_reg_256_319_7_13/WE
    SLICE_X53Y99         RAMD64E                                      r  gen_input_slots[1].gen_input_banks[0].u_input_cache_bank/data_mem_reg_256_319_7_13/RAMF/WE
  -------------------------------------------------------------------    -------------------

                         (clock clk rise edge)        2.000     2.000 r  
                                                      0.000     2.000 r  clk (IN)
                         net (fo=34258, unset)        0.043     2.043    gen_input_slots[1].gen_input_banks[0].u_input_cache_bank/data_mem_reg_256_319_7_13/WCLK
    SLICE_X53Y99         RAMD64E                                      r  gen_input_slots[1].gen_input_banks[0].u_input_cache_bank/data_mem_reg_256_319_7_13/RAMF/CLK
                         clock pessimism              0.000     2.043    
                         clock uncertainty           -0.035     2.008    
    SLICE_X53Y99         RAMD64E (Setup_F6LUT_SLICEM_CLK_WE)
                                                     -0.180     1.828    gen_input_slots[1].gen_input_banks[0].u_input_cache_bank/data_mem_reg_256_319_7_13/RAMF
  -------------------------------------------------------------------
                         required time                          1.828    
                         arrival time                          -2.346    
  -------------------------------------------------------------------
                         slack                                 -0.519    

Slack (VIOLATED) :        -0.519ns  (required time - arrival time)
  Source:                 slot_width_reg[1][5]_replica/C
                            (rising edge-triggered cell FDCE clocked by clk  {rise@0.000ns fall@1.000ns period=2.000ns})
  Destination:            gen_input_slots[1].gen_input_banks[0].u_input_cache_bank/data_mem_reg_256_319_7_13/RAMG/WE
                            (rising edge-triggered cell RAMD64E clocked by clk  {rise@0.000ns fall@1.000ns period=2.000ns})
  Path Group:             clk
  Path Type:              Setup (Max at Slow Process Corner)
  Requirement:            2.000ns  (clk rise@2.000ns - clk rise@0.000ns)
  Data Path Delay:        2.318ns  (logic 0.685ns (29.548%)  route 1.633ns (70.452%))
  Logic Levels:           6  (LUT3=1 LUT4=1 LUT5=1 LUT6=3)
  Clock Path Skew:        0.015ns (DCD - SCD + CPR)
    Destination Clock Delay (DCD):    0.043ns = ( 2.043 - 2.000 ) 
    Source Clock Delay      (SCD):    0.028ns
    Clock Pessimism Removal (CPR):    0.000ns
  Clock Uncertainty:      0.035ns  ((TSJ^2 + TIJ^2)^1/2 + DJ) / 2 + PE
    Total System Jitter     (TSJ):    0.071ns
    Total Input Jitter      (TIJ):    0.000ns
    Discrete Jitter          (DJ):    0.000ns
    Phase Error              (PE):    0.000ns

    Location             Delay type                Incr(ns)  Path(ns)    Netlist Resource(s)
  -------------------------------------------------------------------    -------------------
                         (clock clk rise edge)        0.000     0.000 r  
                                                      0.000     0.000 r  clk (IN)
                         net (fo=34258, unset)        0.028     0.028    clk
    SLICE_X68Y90         FDCE                                         r  slot_width_reg[1][5]_replica/C
  -------------------------------------------------------------------    -------------------
    SLICE_X68Y90         FDCE (Prop_DFF_SLICEL_C_Q)
                                                      0.079     0.107 f  slot_width_reg[1][5]_replica/Q
                         net (fo=2, routed)           0.101     0.208    slot_width_reg_n_0_[1][5]_repN
    SLICE_X68Y92         LUT3 (Prop_B6LUT_SLICEL_I0_O)
                                                      0.090     0.298 f  gen_input_slots[1].gen_input_banks[3].u_input_cache_bank_i_77/O
                         net (fo=15, routed)          0.116     0.414    gen_input_slots[1].gen_input_banks[3].u_input_cache_bank_i_77_n_0
    SLICE_X67Y92         LUT6 (Prop_A6LUT_SLICEM_I0_O)
                                                      0.090     0.504 f  gen_input_slots[1].gen_input_banks[3].u_input_cache_bank_i_85/O
                         net (fo=3, routed)           0.058     0.563    gen_input_slots[1].gen_input_banks[3].u_input_cache_bank_i_85_n_0
    SLICE_X67Y91         LUT4 (Prop_G6LUT_SLICEM_I0_O)
                                                      0.037     0.600 f  gen_input_slots[1].gen_input_banks[3].u_input_cache_bank_i_62/O
                         net (fo=19, routed)          0.365     0.965    gen_input_slots[1].gen_input_banks[3].u_input_cache_bank_i_62_n_0
    SLICE_X60Y92         LUT6 (Prop_H6LUT_SLICEL_I1_O)
                                                      0.150     1.115 r  gen_input_slots[1].gen_input_banks[1].u_input_cache_bank_i_40_replica_4/O
                         net (fo=23, routed)          0.177     1.292    gen_input_slots[1].gen_input_banks[1].u_input_cache_bank_i_40_n_0_repN_4
    SLICE_X60Y90         LUT6 (Prop_H6LUT_SLICEL_I2_O)
                                                      0.150     1.442 f  gen_input_slots[1].gen_input_banks[0].u_input_cache_bank_i_1/O
                         net (fo=16, routed)          0.400     1.842    gen_input_slots[1].gen_input_banks[0].u_input_cache_bank/data_wr_addr[9]
    SLICE_X55Y92         LUT5 (Prop_B6LUT_SLICEM_I3_O)
                                                      0.089     1.931 r  gen_input_slots[1].gen_input_banks[0].u_input_cache_bank/data_mem_reg_256_319_0_6_i_1/O
                         net (fo=20, routed)          0.415     2.346    gen_input_slots[1].gen_input_banks[0].u_input_cache_bank/data_mem_reg_256_319_7_13/WE
    SLICE_X53Y99         RAMD64E                                      r  gen_input_slots[1].gen_input_banks[0].u_input_cache_bank/data_mem_reg_256_319_7_13/RAMG/WE
  -------------------------------------------------------------------    -------------------

                         (clock clk rise edge)        2.000     2.000 r  
                                                      0.000     2.000 r  clk (IN)
                         net (fo=34258, unset)        0.043     2.043    gen_input_slots[1].gen_input_banks[0].u_input_cache_bank/data_mem_reg_256_319_7_13/WCLK
    SLICE_X53Y99         RAMD64E                                      r  gen_input_slots[1].gen_input_banks[0].u_input_cache_bank/data_mem_reg_256_319_7_13/RAMG/CLK
                         clock pessimism              0.000     2.043    
                         clock uncertainty           -0.035     2.008    
    SLICE_X53Y99         RAMD64E (Setup_G6LUT_SLICEM_CLK_WE)
                                                     -0.180     1.828    gen_input_slots[1].gen_input_banks[0].u_input_cache_bank/data_mem_reg_256_319_7_13/RAMG
  -------------------------------------------------------------------
                         required time                          1.828    
                         arrival time                          -2.346    
  -------------------------------------------------------------------
                         slack                                 -0.519    

Slack (VIOLATED) :        -0.519ns  (required time - arrival time)
  Source:                 slot_width_reg[1][5]_replica/C
                            (rising edge-triggered cell FDCE clocked by clk  {rise@0.000ns fall@1.000ns period=2.000ns})
  Destination:            gen_input_slots[1].gen_input_banks[0].u_input_cache_bank/data_mem_reg_256_319_7_13/RAMH/WE
                            (rising edge-triggered cell RAMD64E clocked by clk  {rise@0.000ns fall@1.000ns period=2.000ns})
  Path Group:             clk
  Path Type:              Setup (Max at Slow Process Corner)
  Requirement:            2.000ns  (clk rise@2.000ns - clk rise@0.000ns)
  Data Path Delay:        2.318ns  (logic 0.685ns (29.548%)  route 1.633ns (70.452%))
  Logic Levels:           6  (LUT3=1 LUT4=1 LUT5=1 LUT6=3)
  Clock Path Skew:        0.015ns (DCD - SCD + CPR)
    Destination Clock Delay (DCD):    0.043ns = ( 2.043 - 2.000 ) 
    Source Clock Delay      (SCD):    0.028ns
    Clock Pessimism Removal (CPR):    0.000ns
  Clock Uncertainty:      0.035ns  ((TSJ^2 + TIJ^2)^1/2 + DJ) / 2 + PE
    Total System Jitter     (TSJ):    0.071ns
    Total Input Jitter      (TIJ):    0.000ns
    Discrete Jitter          (DJ):    0.000ns
    Phase Error              (PE):    0.000ns

    Location             Delay type                Incr(ns)  Path(ns)    Netlist Resource(s)
  -------------------------------------------------------------------    -------------------
                         (clock clk rise edge)        0.000     0.000 r  
                                                      0.000     0.000 r  clk (IN)
                         net (fo=34258, unset)        0.028     0.028    clk
    SLICE_X68Y90         FDCE                                         r  slot_width_reg[1][5]_replica/C
  -------------------------------------------------------------------    -------------------
    SLICE_X68Y90         FDCE (Prop_DFF_SLICEL_C_Q)
                                                      0.079     0.107 f  slot_width_reg[1][5]_replica/Q
                         net (fo=2, routed)           0.101     0.208    slot_width_reg_n_0_[1][5]_repN
    SLICE_X68Y92         LUT3 (Prop_B6LUT_SLICEL_I0_O)
                                                      0.090     0.298 f  gen_input_slots[1].gen_input_banks[3].u_input_cache_bank_i_77/O
                         net (fo=15, routed)          0.116     0.414    gen_input_slots[1].gen_input_banks[3].u_input_cache_bank_i_77_n_0
    SLICE_X67Y92         LUT6 (Prop_A6LUT_SLICEM_I0_O)
                                                      0.090     0.504 f  gen_input_slots[1].gen_input_banks[3].u_input_cache_bank_i_85/O
                         net (fo=3, routed)           0.058     0.563    gen_input_slots[1].gen_input_banks[3].u_input_cache_bank_i_85_n_0
    SLICE_X67Y91         LUT4 (Prop_G6LUT_SLICEM_I0_O)
                                                      0.037     0.600 f  gen_input_slots[1].gen_input_banks[3].u_input_cache_bank_i_62/O
                         net (fo=19, routed)          0.365     0.965    gen_input_slots[1].gen_input_banks[3].u_input_cache_bank_i_62_n_0
    SLICE_X60Y92         LUT6 (Prop_H6LUT_SLICEL_I1_O)
                                                      0.150     1.115 r  gen_input_slots[1].gen_input_banks[1].u_input_cache_bank_i_40_replica_4/O
                         net (fo=23, routed)          0.177     1.292    gen_input_slots[1].gen_input_banks[1].u_input_cache_bank_i_40_n_0_repN_4
    SLICE_X60Y90         LUT6 (Prop_H6LUT_SLICEL_I2_O)
                                                      0.150     1.442 f  gen_input_slots[1].gen_input_banks[0].u_input_cache_bank_i_1/O
                         net (fo=16, routed)          0.400     1.842    gen_input_slots[1].gen_input_banks[0].u_input_cache_bank/data_wr_addr[9]
    SLICE_X55Y92         LUT5 (Prop_B6LUT_SLICEM_I3_O)
                                                      0.089     1.931 r  gen_input_slots[1].gen_input_banks[0].u_input_cache_bank/data_mem_reg_256_319_0_6_i_1/O
                         net (fo=20, routed)          0.415     2.346    gen_input_slots[1].gen_input_banks[0].u_input_cache_bank/data_mem_reg_256_319_7_13/WE
    SLICE_X53Y99         RAMD64E                                      r  gen_input_slots[1].gen_input_banks[0].u_input_cache_bank/data_mem_reg_256_319_7_13/RAMH/WE
  -------------------------------------------------------------------    -------------------

                         (clock clk rise edge)        2.000     2.000 r  
                                                      0.000     2.000 r  clk (IN)
                         net (fo=34258, unset)        0.043     2.043    gen_input_slots[1].gen_input_banks[0].u_input_cache_bank/data_mem_reg_256_319_7_13/WCLK
    SLICE_X53Y99         RAMD64E                                      r  gen_input_slots[1].gen_input_banks[0].u_input_cache_bank/data_mem_reg_256_319_7_13/RAMH/CLK
                         clock pessimism              0.000     2.043    
                         clock uncertainty           -0.035     2.008    
    SLICE_X53Y99         RAMD64E (Setup_H6LUT_SLICEM_CLK_WE)
                                                     -0.180     1.828    gen_input_slots[1].gen_input_banks[0].u_input_cache_bank/data_mem_reg_256_319_7_13/RAMH
  -------------------------------------------------------------------
                         required time                          1.828    
                         arrival time                          -2.346    
  -------------------------------------------------------------------
                         slack                                 -0.519    

Slack (VIOLATED) :        -0.512ns  (required time - arrival time)
  Source:                 fill_slot_reg_replica_1/C
                            (rising edge-triggered cell FDCE clocked by clk  {rise@0.000ns fall@1.000ns period=2.000ns})
  Destination:            gen_input_slots[0].gen_input_banks[3].u_input_cache_bank/data_mem_reg_512_575_14_15/RAMA/WE
                            (rising edge-triggered cell RAMD64E clocked by clk  {rise@0.000ns fall@1.000ns period=2.000ns})
  Path Group:             clk
  Path Type:              Setup (Max at Slow Process Corner)
  Requirement:            2.000ns  (clk rise@2.000ns - clk rise@0.000ns)
  Data Path Delay:        2.309ns  (logic 0.581ns (25.157%)  route 1.728ns (74.843%))
  Logic Levels:           6  (LUT3=2 LUT5=2 LUT6=2)
  Clock Path Skew:        0.013ns (DCD - SCD + CPR)
    Destination Clock Delay (DCD):    0.043ns = ( 2.043 - 2.000 ) 
    Source Clock Delay      (SCD):    0.030ns
    Clock Pessimism Removal (CPR):    0.000ns
  Clock Uncertainty:      0.035ns  ((TSJ^2 + TIJ^2)^1/2 + DJ) / 2 + PE
    Total System Jitter     (TSJ):    0.071ns
    Total Input Jitter      (TIJ):    0.000ns
    Discrete Jitter          (DJ):    0.000ns
    Phase Error              (PE):    0.000ns

    Location             Delay type                Incr(ns)  Path(ns)    Netlist Resource(s)
  -------------------------------------------------------------------    -------------------
                         (clock clk rise edge)        0.000     0.000 r  
                                                      0.000     0.000 r  clk (IN)
                         net (fo=34258, unset)        0.030     0.030    clk
    SLICE_X67Y92         FDCE                                         r  fill_slot_reg_replica_1/C
  -------------------------------------------------------------------    -------------------
    SLICE_X67Y92         FDCE (Prop_DFF_SLICEM_C_Q)
                                                      0.078     0.108 r  fill_slot_reg_replica_1/Q
                         net (fo=13, routed)          0.246     0.354    fill_slot_repN_1
    SLICE_X69Y91         LUT3 (Prop_A6LUT_SLICEL_I1_O)
                                                      0.050     0.404 r  gen_input_slots[1].gen_input_banks[3].u_input_cache_bank_i_80/O
                         net (fo=7, routed)           0.096     0.501    gen_input_slots[1].gen_input_banks[3].u_input_cache_bank_i_80_n_0
    SLICE_X68Y91         LUT5 (Prop_B6LUT_SLICEL_I4_O)
                                                      0.036     0.537 r  gen_input_slots[1].gen_input_banks[3].u_input_cache_bank_i_48/O
                         net (fo=10, routed)          0.105     0.642    gen_input_slots[1].gen_input_banks[3].u_input_cache_bank_i_48_n_0
    SLICE_X68Y90         LUT3 (Prop_H6LUT_SLICEL_I0_O)
                                                      0.036     0.678 r  gen_input_slots[1].gen_input_banks[3].u_input_cache_bank_i_65/O
                         net (fo=2, routed)           0.146     0.824    gen_input_slots[1].gen_input_banks[3].u_input_cache_bank_i_65_n_0
    SLICE_X67Y90         LUT6 (Prop_C6LUT_SLICEM_I2_O)
                                                      0.145     0.969 r  gen_input_slots[1].gen_input_banks[3].u_input_cache_bank_i_40_comp/O
                         net (fo=152, routed)         0.331     1.300    gen_input_slots[1].gen_input_banks[3].u_input_cache_bank_i_40_n_0
    SLICE_X64Y86         LUT6 (Prop_B6LUT_SLICEL_I2_O)
                                                      0.090     1.390 r  gen_input_slots[0].gen_input_banks[3].u_input_cache_bank_i_38/O
                         net (fo=48, routed)          0.331     1.721    gen_input_slots[0].gen_input_banks[3].u_input_cache_bank/valid_wr_data
    SLICE_X59Y86         LUT5 (Prop_C6LUT_SLICEL_I0_O)
                                                      0.146     1.867 r  gen_input_slots[0].gen_input_banks[3].u_input_cache_bank/data_mem_reg_512_575_0_6_i_1/O
                         net (fo=20, routed)          0.472     2.339    gen_input_slots[0].gen_input_banks[3].u_input_cache_bank/data_mem_reg_512_575_14_15/WE
    SLICE_X53Y70         RAMD64E                                      r  gen_input_slots[0].gen_input_banks[3].u_input_cache_bank/data_mem_reg_512_575_14_15/RAMA/WE
  -------------------------------------------------------------------    -------------------

                         (clock clk rise edge)        2.000     2.000 r  
                                                      0.000     2.000 r  clk (IN)
                         net (fo=34258, unset)        0.043     2.043    gen_input_slots[0].gen_input_banks[3].u_input_cache_bank/data_mem_reg_512_575_14_15/WCLK
    SLICE_X53Y70         RAMD64E                                      r  gen_input_slots[0].gen_input_banks[3].u_input_cache_bank/data_mem_reg_512_575_14_15/RAMA/CLK
                         clock pessimism              0.000     2.043    
                         clock uncertainty           -0.035     2.008    
    SLICE_X53Y70         RAMD64E (Setup_E6LUT_SLICEM_CLK_WE)
                                                     -0.180     1.828    gen_input_slots[0].gen_input_banks[3].u_input_cache_bank/data_mem_reg_512_575_14_15/RAMA
  -------------------------------------------------------------------
                         required time                          1.828    
                         arrival time                          -2.339    
  -------------------------------------------------------------------
                         slack                                 -0.512    

Slack (VIOLATED) :        -0.512ns  (required time - arrival time)
  Source:                 fill_slot_reg_replica_1/C
                            (rising edge-triggered cell FDCE clocked by clk  {rise@0.000ns fall@1.000ns period=2.000ns})
  Destination:            gen_input_slots[0].gen_input_banks[3].u_input_cache_bank/data_mem_reg_512_575_14_15/RAMB/WE
                            (rising edge-triggered cell RAMD64E clocked by clk  {rise@0.000ns fall@1.000ns period=2.000ns})
  Path Group:             clk
  Path Type:              Setup (Max at Slow Process Corner)
  Requirement:            2.000ns  (clk rise@2.000ns - clk rise@0.000ns)
  Data Path Delay:        2.309ns  (logic 0.581ns (25.157%)  route 1.728ns (74.843%))
  Logic Levels:           6  (LUT3=2 LUT5=2 LUT6=2)
  Clock Path Skew:        0.013ns (DCD - SCD + CPR)
    Destination Clock Delay (DCD):    0.043ns = ( 2.043 - 2.000 ) 
    Source Clock Delay      (SCD):    0.030ns
    Clock Pessimism Removal (CPR):    0.000ns
  Clock Uncertainty:      0.035ns  ((TSJ^2 + TIJ^2)^1/2 + DJ) / 2 + PE
    Total System Jitter     (TSJ):    0.071ns
    Total Input Jitter      (TIJ):    0.000ns
    Discrete Jitter          (DJ):    0.000ns
    Phase Error              (PE):    0.000ns

    Location             Delay type                Incr(ns)  Path(ns)    Netlist Resource(s)
  -------------------------------------------------------------------    -------------------
                         (clock clk rise edge)        0.000     0.000 r  
                                                      0.000     0.000 r  clk (IN)
                         net (fo=34258, unset)        0.030     0.030    clk
    SLICE_X67Y92         FDCE                                         r  fill_slot_reg_replica_1/C
  -------------------------------------------------------------------    -------------------
    SLICE_X67Y92         FDCE (Prop_DFF_SLICEM_C_Q)
                                                      0.078     0.108 r  fill_slot_reg_replica_1/Q
                         net (fo=13, routed)          0.246     0.354    fill_slot_repN_1
    SLICE_X69Y91         LUT3 (Prop_A6LUT_SLICEL_I1_O)
                                                      0.050     0.404 r  gen_input_slots[1].gen_input_banks[3].u_input_cache_bank_i_80/O
                         net (fo=7, routed)           0.096     0.501    gen_input_slots[1].gen_input_banks[3].u_input_cache_bank_i_80_n_0
    SLICE_X68Y91         LUT5 (Prop_B6LUT_SLICEL_I4_O)
                                                      0.036     0.537 r  gen_input_slots[1].gen_input_banks[3].u_input_cache_bank_i_48/O
                         net (fo=10, routed)          0.105     0.642    gen_input_slots[1].gen_input_banks[3].u_input_cache_bank_i_48_n_0
    SLICE_X68Y90         LUT3 (Prop_H6LUT_SLICEL_I0_O)
                                                      0.036     0.678 r  gen_input_slots[1].gen_input_banks[3].u_input_cache_bank_i_65/O
                         net (fo=2, routed)           0.146     0.824    gen_input_slots[1].gen_input_banks[3].u_input_cache_bank_i_65_n_0
    SLICE_X67Y90         LUT6 (Prop_C6LUT_SLICEM_I2_O)
                                                      0.145     0.969 r  gen_input_slots[1].gen_input_banks[3].u_input_cache_bank_i_40_comp/O
                         net (fo=152, routed)         0.331     1.300    gen_input_slots[1].gen_input_banks[3].u_input_cache_bank_i_40_n_0
    SLICE_X64Y86         LUT6 (Prop_B6LUT_SLICEL_I2_O)
                                                      0.090     1.390 r  gen_input_slots[0].gen_input_banks[3].u_input_cache_bank_i_38/O
                         net (fo=48, routed)          0.331     1.721    gen_input_slots[0].gen_input_banks[3].u_input_cache_bank/valid_wr_data
    SLICE_X59Y86         LUT5 (Prop_C6LUT_SLICEL_I0_O)
                                                      0.146     1.867 r  gen_input_slots[0].gen_input_banks[3].u_input_cache_bank/data_mem_reg_512_575_0_6_i_1/O
                         net (fo=20, routed)          0.472     2.339    gen_input_slots[0].gen_input_banks[3].u_input_cache_bank/data_mem_reg_512_575_14_15/WE
    SLICE_X53Y70         RAMD64E                                      r  gen_input_slots[0].gen_input_banks[3].u_input_cache_bank/data_mem_reg_512_575_14_15/RAMB/WE
  -------------------------------------------------------------------    -------------------

                         (clock clk rise edge)        2.000     2.000 r  
                                                      0.000     2.000 r  clk (IN)
                         net (fo=34258, unset)        0.043     2.043    gen_input_slots[0].gen_input_banks[3].u_input_cache_bank/data_mem_reg_512_575_14_15/WCLK
    SLICE_X53Y70         RAMD64E                                      r  gen_input_slots[0].gen_input_banks[3].u_input_cache_bank/data_mem_reg_512_575_14_15/RAMB/CLK
                         clock pessimism              0.000     2.043    
                         clock uncertainty           -0.035     2.008    
    SLICE_X53Y70         RAMD64E (Setup_F6LUT_SLICEM_CLK_WE)
                                                     -0.180     1.828    gen_input_slots[0].gen_input_banks[3].u_input_cache_bank/data_mem_reg_512_575_14_15/RAMB
  -------------------------------------------------------------------
                         required time                          1.828    
                         arrival time                          -2.339    
  -------------------------------------------------------------------
                         slack                                 -0.512    

Slack (VIOLATED) :        -0.512ns  (required time - arrival time)
  Source:                 fill_slot_reg_replica_1/C
                            (rising edge-triggered cell FDCE clocked by clk  {rise@0.000ns fall@1.000ns period=2.000ns})
  Destination:            gen_input_slots[0].gen_input_banks[3].u_input_cache_bank/data_mem_reg_512_575_14_15/RAMC/WE
                            (rising edge-triggered cell RAMD64E clocked by clk  {rise@0.000ns fall@1.000ns period=2.000ns})
  Path Group:             clk
  Path Type:              Setup (Max at Slow Process Corner)
  Requirement:            2.000ns  (clk rise@2.000ns - clk rise@0.000ns)
  Data Path Delay:        2.309ns  (logic 0.581ns (25.157%)  route 1.728ns (74.843%))
  Logic Levels:           6  (LUT3=2 LUT5=2 LUT6=2)
  Clock Path Skew:        0.013ns (DCD - SCD + CPR)
    Destination Clock Delay (DCD):    0.043ns = ( 2.043 - 2.000 ) 
    Source Clock Delay      (SCD):    0.030ns
    Clock Pessimism Removal (CPR):    0.000ns
  Clock Uncertainty:      0.035ns  ((TSJ^2 + TIJ^2)^1/2 + DJ) / 2 + PE
    Total System Jitter     (TSJ):    0.071ns
    Total Input Jitter      (TIJ):    0.000ns
    Discrete Jitter          (DJ):    0.000ns
    Phase Error              (PE):    0.000ns

    Location             Delay type                Incr(ns)  Path(ns)    Netlist Resource(s)
  -------------------------------------------------------------------    -------------------
                         (clock clk rise edge)        0.000     0.000 r  
                                                      0.000     0.000 r  clk (IN)
                         net (fo=34258, unset)        0.030     0.030    clk
    SLICE_X67Y92         FDCE                                         r  fill_slot_reg_replica_1/C
  -------------------------------------------------------------------    -------------------
    SLICE_X67Y92         FDCE (Prop_DFF_SLICEM_C_Q)
                                                      0.078     0.108 r  fill_slot_reg_replica_1/Q
                         net (fo=13, routed)          0.246     0.354    fill_slot_repN_1
    SLICE_X69Y91         LUT3 (Prop_A6LUT_SLICEL_I1_O)
                                                      0.050     0.404 r  gen_input_slots[1].gen_input_banks[3].u_input_cache_bank_i_80/O
                         net (fo=7, routed)           0.096     0.501    gen_input_slots[1].gen_input_banks[3].u_input_cache_bank_i_80_n_0
    SLICE_X68Y91         LUT5 (Prop_B6LUT_SLICEL_I4_O)
                                                      0.036     0.537 r  gen_input_slots[1].gen_input_banks[3].u_input_cache_bank_i_48/O
                         net (fo=10, routed)          0.105     0.642    gen_input_slots[1].gen_input_banks[3].u_input_cache_bank_i_48_n_0
    SLICE_X68Y90         LUT3 (Prop_H6LUT_SLICEL_I0_O)
                                                      0.036     0.678 r  gen_input_slots[1].gen_input_banks[3].u_input_cache_bank_i_65/O
                         net (fo=2, routed)           0.146     0.824    gen_input_slots[1].gen_input_banks[3].u_input_cache_bank_i_65_n_0
    SLICE_X67Y90         LUT6 (Prop_C6LUT_SLICEM_I2_O)
                                                      0.145     0.969 r  gen_input_slots[1].gen_input_banks[3].u_input_cache_bank_i_40_comp/O
                         net (fo=152, routed)         0.331     1.300    gen_input_slots[1].gen_input_banks[3].u_input_cache_bank_i_40_n_0
    SLICE_X64Y86         LUT6 (Prop_B6LUT_SLICEL_I2_O)
                                                      0.090     1.390 r  gen_input_slots[0].gen_input_banks[3].u_input_cache_bank_i_38/O
                         net (fo=48, routed)          0.331     1.721    gen_input_slots[0].gen_input_banks[3].u_input_cache_bank/valid_wr_data
    SLICE_X59Y86         LUT5 (Prop_C6LUT_SLICEL_I0_O)
                                                      0.146     1.867 r  gen_input_slots[0].gen_input_banks[3].u_input_cache_bank/data_mem_reg_512_575_0_6_i_1/O
                         net (fo=20, routed)          0.472     2.339    gen_input_slots[0].gen_input_banks[3].u_input_cache_bank/data_mem_reg_512_575_14_15/WE
    SLICE_X53Y70         RAMD64E                                      r  gen_input_slots[0].gen_input_banks[3].u_input_cache_bank/data_mem_reg_512_575_14_15/RAMC/WE
  -------------------------------------------------------------------    -------------------

                         (clock clk rise edge)        2.000     2.000 r  
                                                      0.000     2.000 r  clk (IN)
                         net (fo=34258, unset)        0.043     2.043    gen_input_slots[0].gen_input_banks[3].u_input_cache_bank/data_mem_reg_512_575_14_15/WCLK
    SLICE_X53Y70         RAMD64E                                      r  gen_input_slots[0].gen_input_banks[3].u_input_cache_bank/data_mem_reg_512_575_14_15/RAMC/CLK
                         clock pessimism              0.000     2.043    
                         clock uncertainty           -0.035     2.008    
    SLICE_X53Y70         RAMD64E (Setup_G6LUT_SLICEM_CLK_WE)
                                                     -0.180     1.828    gen_input_slots[0].gen_input_banks[3].u_input_cache_bank/data_mem_reg_512_575_14_15/RAMC
  -------------------------------------------------------------------
                         required time                          1.828    
                         arrival time                          -2.339    
  -------------------------------------------------------------------
                         slack                                 -0.512    

Slack (VIOLATED) :        -0.512ns  (required time - arrival time)
  Source:                 fill_slot_reg_replica_1/C
                            (rising edge-triggered cell FDCE clocked by clk  {rise@0.000ns fall@1.000ns period=2.000ns})
  Destination:            gen_input_slots[0].gen_input_banks[3].u_input_cache_bank/data_mem_reg_512_575_14_15/RAMD/WE
                            (rising edge-triggered cell RAMD64E clocked by clk  {rise@0.000ns fall@1.000ns period=2.000ns})
  Path Group:             clk
  Path Type:              Setup (Max at Slow Process Corner)
  Requirement:            2.000ns  (clk rise@2.000ns - clk rise@0.000ns)
  Data Path Delay:        2.309ns  (logic 0.581ns (25.157%)  route 1.728ns (74.843%))
  Logic Levels:           6  (LUT3=2 LUT5=2 LUT6=2)
  Clock Path Skew:        0.013ns (DCD - SCD + CPR)
    Destination Clock Delay (DCD):    0.043ns = ( 2.043 - 2.000 ) 
    Source Clock Delay      (SCD):    0.030ns
    Clock Pessimism Removal (CPR):    0.000ns
  Clock Uncertainty:      0.035ns  ((TSJ^2 + TIJ^2)^1/2 + DJ) / 2 + PE
    Total System Jitter     (TSJ):    0.071ns
    Total Input Jitter      (TIJ):    0.000ns
    Discrete Jitter          (DJ):    0.000ns
    Phase Error              (PE):    0.000ns

    Location             Delay type                Incr(ns)  Path(ns)    Netlist Resource(s)
  -------------------------------------------------------------------    -------------------
                         (clock clk rise edge)        0.000     0.000 r  
                                                      0.000     0.000 r  clk (IN)
                         net (fo=34258, unset)        0.030     0.030    clk
    SLICE_X67Y92         FDCE                                         r  fill_slot_reg_replica_1/C
  -------------------------------------------------------------------    -------------------
    SLICE_X67Y92         FDCE (Prop_DFF_SLICEM_C_Q)
                                                      0.078     0.108 r  fill_slot_reg_replica_1/Q
                         net (fo=13, routed)          0.246     0.354    fill_slot_repN_1
    SLICE_X69Y91         LUT3 (Prop_A6LUT_SLICEL_I1_O)
                                                      0.050     0.404 r  gen_input_slots[1].gen_input_banks[3].u_input_cache_bank_i_80/O
                         net (fo=7, routed)           0.096     0.501    gen_input_slots[1].gen_input_banks[3].u_input_cache_bank_i_80_n_0
    SLICE_X68Y91         LUT5 (Prop_B6LUT_SLICEL_I4_O)
                                                      0.036     0.537 r  gen_input_slots[1].gen_input_banks[3].u_input_cache_bank_i_48/O
                         net (fo=10, routed)          0.105     0.642    gen_input_slots[1].gen_input_banks[3].u_input_cache_bank_i_48_n_0
    SLICE_X68Y90         LUT3 (Prop_H6LUT_SLICEL_I0_O)
                                                      0.036     0.678 r  gen_input_slots[1].gen_input_banks[3].u_input_cache_bank_i_65/O
                         net (fo=2, routed)           0.146     0.824    gen_input_slots[1].gen_input_banks[3].u_input_cache_bank_i_65_n_0
    SLICE_X67Y90         LUT6 (Prop_C6LUT_SLICEM_I2_O)
                                                      0.145     0.969 r  gen_input_slots[1].gen_input_banks[3].u_input_cache_bank_i_40_comp/O
                         net (fo=152, routed)         0.331     1.300    gen_input_slots[1].gen_input_banks[3].u_input_cache_bank_i_40_n_0
    SLICE_X64Y86         LUT6 (Prop_B6LUT_SLICEL_I2_O)
                                                      0.090     1.390 r  gen_input_slots[0].gen_input_banks[3].u_input_cache_bank_i_38/O
                         net (fo=48, routed)          0.331     1.721    gen_input_slots[0].gen_input_banks[3].u_input_cache_bank/valid_wr_data
    SLICE_X59Y86         LUT5 (Prop_C6LUT_SLICEL_I0_O)
                                                      0.146     1.867 r  gen_input_slots[0].gen_input_banks[3].u_input_cache_bank/data_mem_reg_512_575_0_6_i_1/O
                         net (fo=20, routed)          0.472     2.339    gen_input_slots[0].gen_input_banks[3].u_input_cache_bank/data_mem_reg_512_575_14_15/WE
    SLICE_X53Y70         RAMD64E                                      r  gen_input_slots[0].gen_input_banks[3].u_input_cache_bank/data_mem_reg_512_575_14_15/RAMD/WE
  -------------------------------------------------------------------    -------------------

                         (clock clk rise edge)        2.000     2.000 r  
                                                      0.000     2.000 r  clk (IN)
                         net (fo=34258, unset)        0.043     2.043    gen_input_slots[0].gen_input_banks[3].u_input_cache_bank/data_mem_reg_512_575_14_15/WCLK
    SLICE_X53Y70         RAMD64E                                      r  gen_input_slots[0].gen_input_banks[3].u_input_cache_bank/data_mem_reg_512_575_14_15/RAMD/CLK
                         clock pessimism              0.000     2.043    
                         clock uncertainty           -0.035     2.008    
    SLICE_X53Y70         RAMD64E (Setup_H6LUT_SLICEM_CLK_WE)
                                                     -0.180     1.828    gen_input_slots[0].gen_input_banks[3].u_input_cache_bank/data_mem_reg_512_575_14_15/RAMD
  -------------------------------------------------------------------
                         required time                          1.828    
                         arrival time                          -2.339    
  -------------------------------------------------------------------
                         slack                                 -0.512    

Slack (VIOLATED) :        -0.512ns  (required time - arrival time)
  Source:                 slot_width_reg[1][5]_replica/C
                            (rising edge-triggered cell FDCE clocked by clk  {rise@0.000ns fall@1.000ns period=2.000ns})
  Destination:            gen_input_slots[1].gen_input_banks[0].u_input_cache_bank/data_mem_reg_0_63_0_6/RAMA/WE
                            (rising edge-triggered cell RAMD64E clocked by clk  {rise@0.000ns fall@1.000ns period=2.000ns})
  Path Group:             clk
  Path Type:              Setup (Max at Slow Process Corner)
  Requirement:            2.000ns  (clk rise@2.000ns - clk rise@0.000ns)
  Data Path Delay:        2.311ns  (logic 0.631ns (27.301%)  route 1.680ns (72.699%))
  Logic Levels:           6  (LUT3=1 LUT4=1 LUT5=1 LUT6=3)
  Clock Path Skew:        0.015ns (DCD - SCD + CPR)
    Destination Clock Delay (DCD):    0.043ns = ( 2.043 - 2.000 ) 
    Source Clock Delay      (SCD):    0.028ns
    Clock Pessimism Removal (CPR):    0.000ns
  Clock Uncertainty:      0.035ns  ((TSJ^2 + TIJ^2)^1/2 + DJ) / 2 + PE
    Total System Jitter     (TSJ):    0.071ns
    Total Input Jitter      (TIJ):    0.000ns
    Discrete Jitter          (DJ):    0.000ns
    Phase Error              (PE):    0.000ns

    Location             Delay type                Incr(ns)  Path(ns)    Netlist Resource(s)
  -------------------------------------------------------------------    -------------------
                         (clock clk rise edge)        0.000     0.000 r  
                                                      0.000     0.000 r  clk (IN)
                         net (fo=34258, unset)        0.028     0.028    clk
    SLICE_X68Y90         FDCE                                         r  slot_width_reg[1][5]_replica/C
  -------------------------------------------------------------------    -------------------
    SLICE_X68Y90         FDCE (Prop_DFF_SLICEL_C_Q)
                                                      0.079     0.107 f  slot_width_reg[1][5]_replica/Q
                         net (fo=2, routed)           0.101     0.208    slot_width_reg_n_0_[1][5]_repN
    SLICE_X68Y92         LUT3 (Prop_B6LUT_SLICEL_I0_O)
                                                      0.090     0.298 f  gen_input_slots[1].gen_input_banks[3].u_input_cache_bank_i_77/O
                         net (fo=15, routed)          0.116     0.414    gen_input_slots[1].gen_input_banks[3].u_input_cache_bank_i_77_n_0
    SLICE_X67Y92         LUT6 (Prop_A6LUT_SLICEM_I0_O)
                                                      0.090     0.504 f  gen_input_slots[1].gen_input_banks[3].u_input_cache_bank_i_85/O
                         net (fo=3, routed)           0.058     0.563    gen_input_slots[1].gen_input_banks[3].u_input_cache_bank_i_85_n_0
    SLICE_X67Y91         LUT4 (Prop_G6LUT_SLICEM_I0_O)
                                                      0.037     0.600 f  gen_input_slots[1].gen_input_banks[3].u_input_cache_bank_i_62/O
                         net (fo=19, routed)          0.365     0.965    gen_input_slots[1].gen_input_banks[3].u_input_cache_bank_i_62_n_0
    SLICE_X60Y92         LUT6 (Prop_H6LUT_SLICEL_I1_O)
                                                      0.150     1.115 r  gen_input_slots[1].gen_input_banks[1].u_input_cache_bank_i_40_replica_4/O
                         net (fo=23, routed)          0.177     1.292    gen_input_slots[1].gen_input_banks[1].u_input_cache_bank_i_40_n_0_repN_4
    SLICE_X60Y90         LUT6 (Prop_H6LUT_SLICEL_I2_O)
                                                      0.150     1.442 f  gen_input_slots[1].gen_input_banks[0].u_input_cache_bank_i_1/O
                         net (fo=16, routed)          0.426     1.868    gen_input_slots[1].gen_input_banks[0].u_input_cache_bank/data_wr_addr[9]
    SLICE_X54Y91         LUT5 (Prop_E6LUT_SLICEL_I3_O)
                                                      0.035     1.903 r  gen_input_slots[1].gen_input_banks[0].u_input_cache_bank/data_mem_reg_0_63_0_6_i_1/O
                         net (fo=20, routed)          0.436     2.339    gen_input_slots[1].gen_input_banks[0].u_input_cache_bank/data_mem_reg_0_63_0_6/WE
    SLICE_X53Y88         RAMD64E                                      r  gen_input_slots[1].gen_input_banks[0].u_input_cache_bank/data_mem_reg_0_63_0_6/RAMA/WE
  -------------------------------------------------------------------    -------------------

                         (clock clk rise edge)        2.000     2.000 r  
                                                      0.000     2.000 r  clk (IN)
                         net (fo=34258, unset)        0.043     2.043    gen_input_slots[1].gen_input_banks[0].u_input_cache_bank/data_mem_reg_0_63_0_6/WCLK
    SLICE_X53Y88         RAMD64E                                      r  gen_input_slots[1].gen_input_banks[0].u_input_cache_bank/data_mem_reg_0_63_0_6/RAMA/CLK
                         clock pessimism              0.000     2.043    
                         clock uncertainty           -0.035     2.008    
    SLICE_X53Y88         RAMD64E (Setup_A6LUT_SLICEM_CLK_WE)
                                                     -0.180     1.828    gen_input_slots[1].gen_input_banks[0].u_input_cache_bank/data_mem_reg_0_63_0_6/RAMA
  -------------------------------------------------------------------
                         required time                          1.828    
                         arrival time                          -2.339    
  -------------------------------------------------------------------
                         slack                                 -0.512    

Slack (VIOLATED) :        -0.512ns  (required time - arrival time)
  Source:                 slot_width_reg[1][5]_replica/C
                            (rising edge-triggered cell FDCE clocked by clk  {rise@0.000ns fall@1.000ns period=2.000ns})
  Destination:            gen_input_slots[1].gen_input_banks[0].u_input_cache_bank/data_mem_reg_0_63_0_6/RAMB/WE
                            (rising edge-triggered cell RAMD64E clocked by clk  {rise@0.000ns fall@1.000ns period=2.000ns})
  Path Group:             clk
  Path Type:              Setup (Max at Slow Process Corner)
  Requirement:            2.000ns  (clk rise@2.000ns - clk rise@0.000ns)
  Data Path Delay:        2.311ns  (logic 0.631ns (27.301%)  route 1.680ns (72.699%))
  Logic Levels:           6  (LUT3=1 LUT4=1 LUT5=1 LUT6=3)
  Clock Path Skew:        0.015ns (DCD - SCD + CPR)
    Destination Clock Delay (DCD):    0.043ns = ( 2.043 - 2.000 ) 
    Source Clock Delay      (SCD):    0.028ns
    Clock Pessimism Removal (CPR):    0.000ns
  Clock Uncertainty:      0.035ns  ((TSJ^2 + TIJ^2)^1/2 + DJ) / 2 + PE
    Total System Jitter     (TSJ):    0.071ns
    Total Input Jitter      (TIJ):    0.000ns
    Discrete Jitter          (DJ):    0.000ns
    Phase Error              (PE):    0.000ns

    Location             Delay type                Incr(ns)  Path(ns)    Netlist Resource(s)
  -------------------------------------------------------------------    -------------------
                         (clock clk rise edge)        0.000     0.000 r  
                                                      0.000     0.000 r  clk (IN)
                         net (fo=34258, unset)        0.028     0.028    clk
    SLICE_X68Y90         FDCE                                         r  slot_width_reg[1][5]_replica/C
  -------------------------------------------------------------------    -------------------
    SLICE_X68Y90         FDCE (Prop_DFF_SLICEL_C_Q)
                                                      0.079     0.107 f  slot_width_reg[1][5]_replica/Q
                         net (fo=2, routed)           0.101     0.208    slot_width_reg_n_0_[1][5]_repN
    SLICE_X68Y92         LUT3 (Prop_B6LUT_SLICEL_I0_O)
                                                      0.090     0.298 f  gen_input_slots[1].gen_input_banks[3].u_input_cache_bank_i_77/O
                         net (fo=15, routed)          0.116     0.414    gen_input_slots[1].gen_input_banks[3].u_input_cache_bank_i_77_n_0
    SLICE_X67Y92         LUT6 (Prop_A6LUT_SLICEM_I0_O)
                                                      0.090     0.504 f  gen_input_slots[1].gen_input_banks[3].u_input_cache_bank_i_85/O
                         net (fo=3, routed)           0.058     0.563    gen_input_slots[1].gen_input_banks[3].u_input_cache_bank_i_85_n_0
    SLICE_X67Y91         LUT4 (Prop_G6LUT_SLICEM_I0_O)
                                                      0.037     0.600 f  gen_input_slots[1].gen_input_banks[3].u_input_cache_bank_i_62/O
                         net (fo=19, routed)          0.365     0.965    gen_input_slots[1].gen_input_banks[3].u_input_cache_bank_i_62_n_0
    SLICE_X60Y92         LUT6 (Prop_H6LUT_SLICEL_I1_O)
                                                      0.150     1.115 r  gen_input_slots[1].gen_input_banks[1].u_input_cache_bank_i_40_replica_4/O
                         net (fo=23, routed)          0.177     1.292    gen_input_slots[1].gen_input_banks[1].u_input_cache_bank_i_40_n_0_repN_4
    SLICE_X60Y90         LUT6 (Prop_H6LUT_SLICEL_I2_O)
                                                      0.150     1.442 f  gen_input_slots[1].gen_input_banks[0].u_input_cache_bank_i_1/O
                         net (fo=16, routed)          0.426     1.868    gen_input_slots[1].gen_input_banks[0].u_input_cache_bank/data_wr_addr[9]
    SLICE_X54Y91         LUT5 (Prop_E6LUT_SLICEL_I3_O)
                                                      0.035     1.903 r  gen_input_slots[1].gen_input_banks[0].u_input_cache_bank/data_mem_reg_0_63_0_6_i_1/O
                         net (fo=20, routed)          0.436     2.339    gen_input_slots[1].gen_input_banks[0].u_input_cache_bank/data_mem_reg_0_63_0_6/WE
    SLICE_X53Y88         RAMD64E                                      r  gen_input_slots[1].gen_input_banks[0].u_input_cache_bank/data_mem_reg_0_63_0_6/RAMB/WE
  -------------------------------------------------------------------    -------------------

                         (clock clk rise edge)        2.000     2.000 r  
                                                      0.000     2.000 r  clk (IN)
                         net (fo=34258, unset)        0.043     2.043    gen_input_slots[1].gen_input_banks[0].u_input_cache_bank/data_mem_reg_0_63_0_6/WCLK
    SLICE_X53Y88         RAMD64E                                      r  gen_input_slots[1].gen_input_banks[0].u_input_cache_bank/data_mem_reg_0_63_0_6/RAMB/CLK
                         clock pessimism              0.000     2.043    
                         clock uncertainty           -0.035     2.008    
    SLICE_X53Y88         RAMD64E (Setup_B6LUT_SLICEM_CLK_WE)
                                                     -0.180     1.828    gen_input_slots[1].gen_input_banks[0].u_input_cache_bank/data_mem_reg_0_63_0_6/RAMB
  -------------------------------------------------------------------
                         required time                          1.828    
                         arrival time                          -2.339    
  -------------------------------------------------------------------
                         slack                                 -0.512    

Slack (VIOLATED) :        -0.512ns  (required time - arrival time)
  Source:                 slot_width_reg[1][5]_replica/C
                            (rising edge-triggered cell FDCE clocked by clk  {rise@0.000ns fall@1.000ns period=2.000ns})
  Destination:            gen_input_slots[1].gen_input_banks[0].u_input_cache_bank/data_mem_reg_0_63_0_6/RAMC/WE
                            (rising edge-triggered cell RAMD64E clocked by clk  {rise@0.000ns fall@1.000ns period=2.000ns})
  Path Group:             clk
  Path Type:              Setup (Max at Slow Process Corner)
  Requirement:            2.000ns  (clk rise@2.000ns - clk rise@0.000ns)
  Data Path Delay:        2.311ns  (logic 0.631ns (27.301%)  route 1.680ns (72.699%))
  Logic Levels:           6  (LUT3=1 LUT4=1 LUT5=1 LUT6=3)
  Clock Path Skew:        0.015ns (DCD - SCD + CPR)
    Destination Clock Delay (DCD):    0.043ns = ( 2.043 - 2.000 ) 
    Source Clock Delay      (SCD):    0.028ns
    Clock Pessimism Removal (CPR):    0.000ns
  Clock Uncertainty:      0.035ns  ((TSJ^2 + TIJ^2)^1/2 + DJ) / 2 + PE
    Total System Jitter     (TSJ):    0.071ns
    Total Input Jitter      (TIJ):    0.000ns
    Discrete Jitter          (DJ):    0.000ns
    Phase Error              (PE):    0.000ns

    Location             Delay type                Incr(ns)  Path(ns)    Netlist Resource(s)
  -------------------------------------------------------------------    -------------------
                         (clock clk rise edge)        0.000     0.000 r  
                                                      0.000     0.000 r  clk (IN)
                         net (fo=34258, unset)        0.028     0.028    clk
    SLICE_X68Y90         FDCE                                         r  slot_width_reg[1][5]_replica/C
  -------------------------------------------------------------------    -------------------
    SLICE_X68Y90         FDCE (Prop_DFF_SLICEL_C_Q)
                                                      0.079     0.107 f  slot_width_reg[1][5]_replica/Q
                         net (fo=2, routed)           0.101     0.208    slot_width_reg_n_0_[1][5]_repN
    SLICE_X68Y92         LUT3 (Prop_B6LUT_SLICEL_I0_O)
                                                      0.090     0.298 f  gen_input_slots[1].gen_input_banks[3].u_input_cache_bank_i_77/O
                         net (fo=15, routed)          0.116     0.414    gen_input_slots[1].gen_input_banks[3].u_input_cache_bank_i_77_n_0
    SLICE_X67Y92         LUT6 (Prop_A6LUT_SLICEM_I0_O)
                                                      0.090     0.504 f  gen_input_slots[1].gen_input_banks[3].u_input_cache_bank_i_85/O
                         net (fo=3, routed)           0.058     0.563    gen_input_slots[1].gen_input_banks[3].u_input_cache_bank_i_85_n_0
    SLICE_X67Y91         LUT4 (Prop_G6LUT_SLICEM_I0_O)
                                                      0.037     0.600 f  gen_input_slots[1].gen_input_banks[3].u_input_cache_bank_i_62/O
                         net (fo=19, routed)          0.365     0.965    gen_input_slots[1].gen_input_banks[3].u_input_cache_bank_i_62_n_0
    SLICE_X60Y92         LUT6 (Prop_H6LUT_SLICEL_I1_O)
                                                      0.150     1.115 r  gen_input_slots[1].gen_input_banks[1].u_input_cache_bank_i_40_replica_4/O
                         net (fo=23, routed)          0.177     1.292    gen_input_slots[1].gen_input_banks[1].u_input_cache_bank_i_40_n_0_repN_4
    SLICE_X60Y90         LUT6 (Prop_H6LUT_SLICEL_I2_O)
                                                      0.150     1.442 f  gen_input_slots[1].gen_input_banks[0].u_input_cache_bank_i_1/O
                         net (fo=16, routed)          0.426     1.868    gen_input_slots[1].gen_input_banks[0].u_input_cache_bank/data_wr_addr[9]
    SLICE_X54Y91         LUT5 (Prop_E6LUT_SLICEL_I3_O)
                                                      0.035     1.903 r  gen_input_slots[1].gen_input_banks[0].u_input_cache_bank/data_mem_reg_0_63_0_6_i_1/O
                         net (fo=20, routed)          0.436     2.339    gen_input_slots[1].gen_input_banks[0].u_input_cache_bank/data_mem_reg_0_63_0_6/WE
    SLICE_X53Y88         RAMD64E                                      r  gen_input_slots[1].gen_input_banks[0].u_input_cache_bank/data_mem_reg_0_63_0_6/RAMC/WE
  -------------------------------------------------------------------    -------------------

                         (clock clk rise edge)        2.000     2.000 r  
                                                      0.000     2.000 r  clk (IN)
                         net (fo=34258, unset)        0.043     2.043    gen_input_slots[1].gen_input_banks[0].u_input_cache_bank/data_mem_reg_0_63_0_6/WCLK
    SLICE_X53Y88         RAMD64E                                      r  gen_input_slots[1].gen_input_banks[0].u_input_cache_bank/data_mem_reg_0_63_0_6/RAMC/CLK
                         clock pessimism              0.000     2.043    
                         clock uncertainty           -0.035     2.008    
    SLICE_X53Y88         RAMD64E (Setup_C6LUT_SLICEM_CLK_WE)
                                                     -0.180     1.828    gen_input_slots[1].gen_input_banks[0].u_input_cache_bank/data_mem_reg_0_63_0_6/RAMC
  -------------------------------------------------------------------
                         required time                          1.828    
                         arrival time                          -2.339    
  -------------------------------------------------------------------
                         slack                                 -0.512    

Slack (VIOLATED) :        -0.512ns  (required time - arrival time)
  Source:                 slot_width_reg[1][5]_replica/C
                            (rising edge-triggered cell FDCE clocked by clk  {rise@0.000ns fall@1.000ns period=2.000ns})
  Destination:            gen_input_slots[1].gen_input_banks[0].u_input_cache_bank/data_mem_reg_0_63_0_6/RAMD/WE
                            (rising edge-triggered cell RAMD64E clocked by clk  {rise@0.000ns fall@1.000ns period=2.000ns})
  Path Group:             clk
  Path Type:              Setup (Max at Slow Process Corner)
  Requirement:            2.000ns  (clk rise@2.000ns - clk rise@0.000ns)
  Data Path Delay:        2.311ns  (logic 0.631ns (27.301%)  route 1.680ns (72.699%))
  Logic Levels:           6  (LUT3=1 LUT4=1 LUT5=1 LUT6=3)
  Clock Path Skew:        0.015ns (DCD - SCD + CPR)
    Destination Clock Delay (DCD):    0.043ns = ( 2.043 - 2.000 ) 
    Source Clock Delay      (SCD):    0.028ns
    Clock Pessimism Removal (CPR):    0.000ns
  Clock Uncertainty:      0.035ns  ((TSJ^2 + TIJ^2)^1/2 + DJ) / 2 + PE
    Total System Jitter     (TSJ):    0.071ns
    Total Input Jitter      (TIJ):    0.000ns
    Discrete Jitter          (DJ):    0.000ns
    Phase Error              (PE):    0.000ns

    Location             Delay type                Incr(ns)  Path(ns)    Netlist Resource(s)
  -------------------------------------------------------------------    -------------------
                         (clock clk rise edge)        0.000     0.000 r  
                                                      0.000     0.000 r  clk (IN)
                         net (fo=34258, unset)        0.028     0.028    clk
    SLICE_X68Y90         FDCE                                         r  slot_width_reg[1][5]_replica/C
  -------------------------------------------------------------------    -------------------
    SLICE_X68Y90         FDCE (Prop_DFF_SLICEL_C_Q)
                                                      0.079     0.107 f  slot_width_reg[1][5]_replica/Q
                         net (fo=2, routed)           0.101     0.208    slot_width_reg_n_0_[1][5]_repN
    SLICE_X68Y92         LUT3 (Prop_B6LUT_SLICEL_I0_O)
                                                      0.090     0.298 f  gen_input_slots[1].gen_input_banks[3].u_input_cache_bank_i_77/O
                         net (fo=15, routed)          0.116     0.414    gen_input_slots[1].gen_input_banks[3].u_input_cache_bank_i_77_n_0
    SLICE_X67Y92         LUT6 (Prop_A6LUT_SLICEM_I0_O)
                                                      0.090     0.504 f  gen_input_slots[1].gen_input_banks[3].u_input_cache_bank_i_85/O
                         net (fo=3, routed)           0.058     0.563    gen_input_slots[1].gen_input_banks[3].u_input_cache_bank_i_85_n_0
    SLICE_X67Y91         LUT4 (Prop_G6LUT_SLICEM_I0_O)
                                                      0.037     0.600 f  gen_input_slots[1].gen_input_banks[3].u_input_cache_bank_i_62/O
                         net (fo=19, routed)          0.365     0.965    gen_input_slots[1].gen_input_banks[3].u_input_cache_bank_i_62_n_0
    SLICE_X60Y92         LUT6 (Prop_H6LUT_SLICEL_I1_O)
                                                      0.150     1.115 r  gen_input_slots[1].gen_input_banks[1].u_input_cache_bank_i_40_replica_4/O
                         net (fo=23, routed)          0.177     1.292    gen_input_slots[1].gen_input_banks[1].u_input_cache_bank_i_40_n_0_repN_4
    SLICE_X60Y90         LUT6 (Prop_H6LUT_SLICEL_I2_O)
                                                      0.150     1.442 f  gen_input_slots[1].gen_input_banks[0].u_input_cache_bank_i_1/O
                         net (fo=16, routed)          0.426     1.868    gen_input_slots[1].gen_input_banks[0].u_input_cache_bank/data_wr_addr[9]
    SLICE_X54Y91         LUT5 (Prop_E6LUT_SLICEL_I3_O)
                                                      0.035     1.903 r  gen_input_slots[1].gen_input_banks[0].u_input_cache_bank/data_mem_reg_0_63_0_6_i_1/O
                         net (fo=20, routed)          0.436     2.339    gen_input_slots[1].gen_input_banks[0].u_input_cache_bank/data_mem_reg_0_63_0_6/WE
    SLICE_X53Y88         RAMD64E                                      r  gen_input_slots[1].gen_input_banks[0].u_input_cache_bank/data_mem_reg_0_63_0_6/RAMD/WE
  -------------------------------------------------------------------    -------------------

                         (clock clk rise edge)        2.000     2.000 r  
                                                      0.000     2.000 r  clk (IN)
                         net (fo=34258, unset)        0.043     2.043    gen_input_slots[1].gen_input_banks[0].u_input_cache_bank/data_mem_reg_0_63_0_6/WCLK
    SLICE_X53Y88         RAMD64E                                      r  gen_input_slots[1].gen_input_banks[0].u_input_cache_bank/data_mem_reg_0_63_0_6/RAMD/CLK
                         clock pessimism              0.000     2.043    
                         clock uncertainty           -0.035     2.008    
    SLICE_X53Y88         RAMD64E (Setup_D6LUT_SLICEM_CLK_WE)
                                                     -0.180     1.828    gen_input_slots[1].gen_input_banks[0].u_input_cache_bank/data_mem_reg_0_63_0_6/RAMD
  -------------------------------------------------------------------
                         required time                          1.828    
                         arrival time                          -2.339    
  -------------------------------------------------------------------
                         slack                                 -0.512    

Slack (VIOLATED) :        -0.512ns  (required time - arrival time)
  Source:                 slot_width_reg[1][5]_replica/C
                            (rising edge-triggered cell FDCE clocked by clk  {rise@0.000ns fall@1.000ns period=2.000ns})
  Destination:            gen_input_slots[1].gen_input_banks[0].u_input_cache_bank/data_mem_reg_0_63_0_6/RAME/WE
                            (rising edge-triggered cell RAMD64E clocked by clk  {rise@0.000ns fall@1.000ns period=2.000ns})
  Path Group:             clk
  Path Type:              Setup (Max at Slow Process Corner)
  Requirement:            2.000ns  (clk rise@2.000ns - clk rise@0.000ns)
  Data Path Delay:        2.311ns  (logic 0.631ns (27.301%)  route 1.680ns (72.699%))
  Logic Levels:           6  (LUT3=1 LUT4=1 LUT5=1 LUT6=3)
  Clock Path Skew:        0.015ns (DCD - SCD + CPR)
    Destination Clock Delay (DCD):    0.043ns = ( 2.043 - 2.000 ) 
    Source Clock Delay      (SCD):    0.028ns
    Clock Pessimism Removal (CPR):    0.000ns
  Clock Uncertainty:      0.035ns  ((TSJ^2 + TIJ^2)^1/2 + DJ) / 2 + PE
    Total System Jitter     (TSJ):    0.071ns
    Total Input Jitter      (TIJ):    0.000ns
    Discrete Jitter          (DJ):    0.000ns
    Phase Error              (PE):    0.000ns

    Location             Delay type                Incr(ns)  Path(ns)    Netlist Resource(s)
  -------------------------------------------------------------------    -------------------
                         (clock clk rise edge)        0.000     0.000 r  
                                                      0.000     0.000 r  clk (IN)
                         net (fo=34258, unset)        0.028     0.028    clk
    SLICE_X68Y90         FDCE                                         r  slot_width_reg[1][5]_replica/C
  -------------------------------------------------------------------    -------------------
    SLICE_X68Y90         FDCE (Prop_DFF_SLICEL_C_Q)
                                                      0.079     0.107 f  slot_width_reg[1][5]_replica/Q
                         net (fo=2, routed)           0.101     0.208    slot_width_reg_n_0_[1][5]_repN
    SLICE_X68Y92         LUT3 (Prop_B6LUT_SLICEL_I0_O)
                                                      0.090     0.298 f  gen_input_slots[1].gen_input_banks[3].u_input_cache_bank_i_77/O
                         net (fo=15, routed)          0.116     0.414    gen_input_slots[1].gen_input_banks[3].u_input_cache_bank_i_77_n_0
    SLICE_X67Y92         LUT6 (Prop_A6LUT_SLICEM_I0_O)
                                                      0.090     0.504 f  gen_input_slots[1].gen_input_banks[3].u_input_cache_bank_i_85/O
                         net (fo=3, routed)           0.058     0.563    gen_input_slots[1].gen_input_banks[3].u_input_cache_bank_i_85_n_0
    SLICE_X67Y91         LUT4 (Prop_G6LUT_SLICEM_I0_O)
                                                      0.037     0.600 f  gen_input_slots[1].gen_input_banks[3].u_input_cache_bank_i_62/O
                         net (fo=19, routed)          0.365     0.965    gen_input_slots[1].gen_input_banks[3].u_input_cache_bank_i_62_n_0
    SLICE_X60Y92         LUT6 (Prop_H6LUT_SLICEL_I1_O)
                                                      0.150     1.115 r  gen_input_slots[1].gen_input_banks[1].u_input_cache_bank_i_40_replica_4/O
                         net (fo=23, routed)          0.177     1.292    gen_input_slots[1].gen_input_banks[1].u_input_cache_bank_i_40_n_0_repN_4
    SLICE_X60Y90         LUT6 (Prop_H6LUT_SLICEL_I2_O)
                                                      0.150     1.442 f  gen_input_slots[1].gen_input_banks[0].u_input_cache_bank_i_1/O
                         net (fo=16, routed)          0.426     1.868    gen_input_slots[1].gen_input_banks[0].u_input_cache_bank/data_wr_addr[9]
    SLICE_X54Y91         LUT5 (Prop_E6LUT_SLICEL_I3_O)
                                                      0.035     1.903 r  gen_input_slots[1].gen_input_banks[0].u_input_cache_bank/data_mem_reg_0_63_0_6_i_1/O
                         net (fo=20, routed)          0.436     2.339    gen_input_slots[1].gen_input_banks[0].u_input_cache_bank/data_mem_reg_0_63_0_6/WE
    SLICE_X53Y88         RAMD64E                                      r  gen_input_slots[1].gen_input_banks[0].u_input_cache_bank/data_mem_reg_0_63_0_6/RAME/WE
  -------------------------------------------------------------------    -------------------

                         (clock clk rise edge)        2.000     2.000 r  
                                                      0.000     2.000 r  clk (IN)
                         net (fo=34258, unset)        0.043     2.043    gen_input_slots[1].gen_input_banks[0].u_input_cache_bank/data_mem_reg_0_63_0_6/WCLK
    SLICE_X53Y88         RAMD64E                                      r  gen_input_slots[1].gen_input_banks[0].u_input_cache_bank/data_mem_reg_0_63_0_6/RAME/CLK
                         clock pessimism              0.000     2.043    
                         clock uncertainty           -0.035     2.008    
    SLICE_X53Y88         RAMD64E (Setup_E6LUT_SLICEM_CLK_WE)
                                                     -0.180     1.828    gen_input_slots[1].gen_input_banks[0].u_input_cache_bank/data_mem_reg_0_63_0_6/RAME
  -------------------------------------------------------------------
                         required time                          1.828    
                         arrival time                          -2.339    
  -------------------------------------------------------------------
                         slack                                 -0.512    

Slack (VIOLATED) :        -0.512ns  (required time - arrival time)
  Source:                 slot_width_reg[1][5]_replica/C
                            (rising edge-triggered cell FDCE clocked by clk  {rise@0.000ns fall@1.000ns period=2.000ns})
  Destination:            gen_input_slots[1].gen_input_banks[0].u_input_cache_bank/data_mem_reg_0_63_0_6/RAMF/WE
                            (rising edge-triggered cell RAMD64E clocked by clk  {rise@0.000ns fall@1.000ns period=2.000ns})
  Path Group:             clk
  Path Type:              Setup (Max at Slow Process Corner)
  Requirement:            2.000ns  (clk rise@2.000ns - clk rise@0.000ns)
  Data Path Delay:        2.311ns  (logic 0.631ns (27.301%)  route 1.680ns (72.699%))
  Logic Levels:           6  (LUT3=1 LUT4=1 LUT5=1 LUT6=3)
  Clock Path Skew:        0.015ns (DCD - SCD + CPR)
    Destination Clock Delay (DCD):    0.043ns = ( 2.043 - 2.000 ) 
    Source Clock Delay      (SCD):    0.028ns
    Clock Pessimism Removal (CPR):    0.000ns
  Clock Uncertainty:      0.035ns  ((TSJ^2 + TIJ^2)^1/2 + DJ) / 2 + PE
    Total System Jitter     (TSJ):    0.071ns
    Total Input Jitter      (TIJ):    0.000ns
    Discrete Jitter          (DJ):    0.000ns
    Phase Error              (PE):    0.000ns

    Location             Delay type                Incr(ns)  Path(ns)    Netlist Resource(s)
  -------------------------------------------------------------------    -------------------
                         (clock clk rise edge)        0.000     0.000 r  
                                                      0.000     0.000 r  clk (IN)
                         net (fo=34258, unset)        0.028     0.028    clk
    SLICE_X68Y90         FDCE                                         r  slot_width_reg[1][5]_replica/C
  -------------------------------------------------------------------    -------------------
    SLICE_X68Y90         FDCE (Prop_DFF_SLICEL_C_Q)
                                                      0.079     0.107 f  slot_width_reg[1][5]_replica/Q
                         net (fo=2, routed)           0.101     0.208    slot_width_reg_n_0_[1][5]_repN
    SLICE_X68Y92         LUT3 (Prop_B6LUT_SLICEL_I0_O)
                                                      0.090     0.298 f  gen_input_slots[1].gen_input_banks[3].u_input_cache_bank_i_77/O
                         net (fo=15, routed)          0.116     0.414    gen_input_slots[1].gen_input_banks[3].u_input_cache_bank_i_77_n_0
    SLICE_X67Y92         LUT6 (Prop_A6LUT_SLICEM_I0_O)
                                                      0.090     0.504 f  gen_input_slots[1].gen_input_banks[3].u_input_cache_bank_i_85/O
                         net (fo=3, routed)           0.058     0.563    gen_input_slots[1].gen_input_banks[3].u_input_cache_bank_i_85_n_0
    SLICE_X67Y91         LUT4 (Prop_G6LUT_SLICEM_I0_O)
                                                      0.037     0.600 f  gen_input_slots[1].gen_input_banks[3].u_input_cache_bank_i_62/O
                         net (fo=19, routed)          0.365     0.965    gen_input_slots[1].gen_input_banks[3].u_input_cache_bank_i_62_n_0
    SLICE_X60Y92         LUT6 (Prop_H6LUT_SLICEL_I1_O)
                                                      0.150     1.115 r  gen_input_slots[1].gen_input_banks[1].u_input_cache_bank_i_40_replica_4/O
                         net (fo=23, routed)          0.177     1.292    gen_input_slots[1].gen_input_banks[1].u_input_cache_bank_i_40_n_0_repN_4
    SLICE_X60Y90         LUT6 (Prop_H6LUT_SLICEL_I2_O)
                                                      0.150     1.442 f  gen_input_slots[1].gen_input_banks[0].u_input_cache_bank_i_1/O
                         net (fo=16, routed)          0.426     1.868    gen_input_slots[1].gen_input_banks[0].u_input_cache_bank/data_wr_addr[9]
    SLICE_X54Y91         LUT5 (Prop_E6LUT_SLICEL_I3_O)
                                                      0.035     1.903 r  gen_input_slots[1].gen_input_banks[0].u_input_cache_bank/data_mem_reg_0_63_0_6_i_1/O
                         net (fo=20, routed)          0.436     2.339    gen_input_slots[1].gen_input_banks[0].u_input_cache_bank/data_mem_reg_0_63_0_6/WE
    SLICE_X53Y88         RAMD64E                                      r  gen_input_slots[1].gen_input_banks[0].u_input_cache_bank/data_mem_reg_0_63_0_6/RAMF/WE
  -------------------------------------------------------------------    -------------------

                         (clock clk rise edge)        2.000     2.000 r  
                                                      0.000     2.000 r  clk (IN)
                         net (fo=34258, unset)        0.043     2.043    gen_input_slots[1].gen_input_banks[0].u_input_cache_bank/data_mem_reg_0_63_0_6/WCLK
    SLICE_X53Y88         RAMD64E                                      r  gen_input_slots[1].gen_input_banks[0].u_input_cache_bank/data_mem_reg_0_63_0_6/RAMF/CLK
                         clock pessimism              0.000     2.043    
                         clock uncertainty           -0.035     2.008    
    SLICE_X53Y88         RAMD64E (Setup_F6LUT_SLICEM_CLK_WE)
                                                     -0.180     1.828    gen_input_slots[1].gen_input_banks[0].u_input_cache_bank/data_mem_reg_0_63_0_6/RAMF
  -------------------------------------------------------------------
                         required time                          1.828    
                         arrival time                          -2.339    
  -------------------------------------------------------------------
                         slack                                 -0.512    

Slack (VIOLATED) :        -0.512ns  (required time - arrival time)
  Source:                 slot_width_reg[1][5]_replica/C
                            (rising edge-triggered cell FDCE clocked by clk  {rise@0.000ns fall@1.000ns period=2.000ns})
  Destination:            gen_input_slots[1].gen_input_banks[0].u_input_cache_bank/data_mem_reg_0_63_0_6/RAMG/WE
                            (rising edge-triggered cell RAMD64E clocked by clk  {rise@0.000ns fall@1.000ns period=2.000ns})
  Path Group:             clk
  Path Type:              Setup (Max at Slow Process Corner)
  Requirement:            2.000ns  (clk rise@2.000ns - clk rise@0.000ns)
  Data Path Delay:        2.311ns  (logic 0.631ns (27.301%)  route 1.680ns (72.699%))
  Logic Levels:           6  (LUT3=1 LUT4=1 LUT5=1 LUT6=3)
  Clock Path Skew:        0.015ns (DCD - SCD + CPR)
    Destination Clock Delay (DCD):    0.043ns = ( 2.043 - 2.000 ) 
    Source Clock Delay      (SCD):    0.028ns
    Clock Pessimism Removal (CPR):    0.000ns
  Clock Uncertainty:      0.035ns  ((TSJ^2 + TIJ^2)^1/2 + DJ) / 2 + PE
    Total System Jitter     (TSJ):    0.071ns
    Total Input Jitter      (TIJ):    0.000ns
    Discrete Jitter          (DJ):    0.000ns
    Phase Error              (PE):    0.000ns

    Location             Delay type                Incr(ns)  Path(ns)    Netlist Resource(s)
  -------------------------------------------------------------------    -------------------
                         (clock clk rise edge)        0.000     0.000 r  
                                                      0.000     0.000 r  clk (IN)
                         net (fo=34258, unset)        0.028     0.028    clk
    SLICE_X68Y90         FDCE                                         r  slot_width_reg[1][5]_replica/C
  -------------------------------------------------------------------    -------------------
    SLICE_X68Y90         FDCE (Prop_DFF_SLICEL_C_Q)
                                                      0.079     0.107 f  slot_width_reg[1][5]_replica/Q
                         net (fo=2, routed)           0.101     0.208    slot_width_reg_n_0_[1][5]_repN
    SLICE_X68Y92         LUT3 (Prop_B6LUT_SLICEL_I0_O)
                                                      0.090     0.298 f  gen_input_slots[1].gen_input_banks[3].u_input_cache_bank_i_77/O
                         net (fo=15, routed)          0.116     0.414    gen_input_slots[1].gen_input_banks[3].u_input_cache_bank_i_77_n_0
    SLICE_X67Y92         LUT6 (Prop_A6LUT_SLICEM_I0_O)
                                                      0.090     0.504 f  gen_input_slots[1].gen_input_banks[3].u_input_cache_bank_i_85/O
                         net (fo=3, routed)           0.058     0.563    gen_input_slots[1].gen_input_banks[3].u_input_cache_bank_i_85_n_0
    SLICE_X67Y91         LUT4 (Prop_G6LUT_SLICEM_I0_O)
                                                      0.037     0.600 f  gen_input_slots[1].gen_input_banks[3].u_input_cache_bank_i_62/O
                         net (fo=19, routed)          0.365     0.965    gen_input_slots[1].gen_input_banks[3].u_input_cache_bank_i_62_n_0
    SLICE_X60Y92         LUT6 (Prop_H6LUT_SLICEL_I1_O)
                                                      0.150     1.115 r  gen_input_slots[1].gen_input_banks[1].u_input_cache_bank_i_40_replica_4/O
                         net (fo=23, routed)          0.177     1.292    gen_input_slots[1].gen_input_banks[1].u_input_cache_bank_i_40_n_0_repN_4
    SLICE_X60Y90         LUT6 (Prop_H6LUT_SLICEL_I2_O)
                                                      0.150     1.442 f  gen_input_slots[1].gen_input_banks[0].u_input_cache_bank_i_1/O
                         net (fo=16, routed)          0.426     1.868    gen_input_slots[1].gen_input_banks[0].u_input_cache_bank/data_wr_addr[9]
    SLICE_X54Y91         LUT5 (Prop_E6LUT_SLICEL_I3_O)
                                                      0.035     1.903 r  gen_input_slots[1].gen_input_banks[0].u_input_cache_bank/data_mem_reg_0_63_0_6_i_1/O
                         net (fo=20, routed)          0.436     2.339    gen_input_slots[1].gen_input_banks[0].u_input_cache_bank/data_mem_reg_0_63_0_6/WE
    SLICE_X53Y88         RAMD64E                                      r  gen_input_slots[1].gen_input_banks[0].u_input_cache_bank/data_mem_reg_0_63_0_6/RAMG/WE
  -------------------------------------------------------------------    -------------------

                         (clock clk rise edge)        2.000     2.000 r  
                                                      0.000     2.000 r  clk (IN)
                         net (fo=34258, unset)        0.043     2.043    gen_input_slots[1].gen_input_banks[0].u_input_cache_bank/data_mem_reg_0_63_0_6/WCLK
    SLICE_X53Y88         RAMD64E                                      r  gen_input_slots[1].gen_input_banks[0].u_input_cache_bank/data_mem_reg_0_63_0_6/RAMG/CLK
                         clock pessimism              0.000     2.043    
                         clock uncertainty           -0.035     2.008    
    SLICE_X53Y88         RAMD64E (Setup_G6LUT_SLICEM_CLK_WE)
                                                     -0.180     1.828    gen_input_slots[1].gen_input_banks[0].u_input_cache_bank/data_mem_reg_0_63_0_6/RAMG
  -------------------------------------------------------------------
                         required time                          1.828    
                         arrival time                          -2.339    
  -------------------------------------------------------------------
                         slack                                 -0.512    

Slack (VIOLATED) :        -0.512ns  (required time - arrival time)
  Source:                 slot_width_reg[1][5]_replica/C
                            (rising edge-triggered cell FDCE clocked by clk  {rise@0.000ns fall@1.000ns period=2.000ns})
  Destination:            gen_input_slots[1].gen_input_banks[0].u_input_cache_bank/data_mem_reg_0_63_0_6/RAMH/WE
                            (rising edge-triggered cell RAMD64E clocked by clk  {rise@0.000ns fall@1.000ns period=2.000ns})
  Path Group:             clk
  Path Type:              Setup (Max at Slow Process Corner)
  Requirement:            2.000ns  (clk rise@2.000ns - clk rise@0.000ns)
  Data Path Delay:        2.311ns  (logic 0.631ns (27.301%)  route 1.680ns (72.699%))
  Logic Levels:           6  (LUT3=1 LUT4=1 LUT5=1 LUT6=3)
  Clock Path Skew:        0.015ns (DCD - SCD + CPR)
    Destination Clock Delay (DCD):    0.043ns = ( 2.043 - 2.000 ) 
    Source Clock Delay      (SCD):    0.028ns
    Clock Pessimism Removal (CPR):    0.000ns
  Clock Uncertainty:      0.035ns  ((TSJ^2 + TIJ^2)^1/2 + DJ) / 2 + PE
    Total System Jitter     (TSJ):    0.071ns
    Total Input Jitter      (TIJ):    0.000ns
    Discrete Jitter          (DJ):    0.000ns
    Phase Error              (PE):    0.000ns

    Location             Delay type                Incr(ns)  Path(ns)    Netlist Resource(s)
  -------------------------------------------------------------------    -------------------
                         (clock clk rise edge)        0.000     0.000 r  
                                                      0.000     0.000 r  clk (IN)
                         net (fo=34258, unset)        0.028     0.028    clk
    SLICE_X68Y90         FDCE                                         r  slot_width_reg[1][5]_replica/C
  -------------------------------------------------------------------    -------------------
    SLICE_X68Y90         FDCE (Prop_DFF_SLICEL_C_Q)
                                                      0.079     0.107 f  slot_width_reg[1][5]_replica/Q
                         net (fo=2, routed)           0.101     0.208    slot_width_reg_n_0_[1][5]_repN
    SLICE_X68Y92         LUT3 (Prop_B6LUT_SLICEL_I0_O)
                                                      0.090     0.298 f  gen_input_slots[1].gen_input_banks[3].u_input_cache_bank_i_77/O
                         net (fo=15, routed)          0.116     0.414    gen_input_slots[1].gen_input_banks[3].u_input_cache_bank_i_77_n_0
    SLICE_X67Y92         LUT6 (Prop_A6LUT_SLICEM_I0_O)
                                                      0.090     0.504 f  gen_input_slots[1].gen_input_banks[3].u_input_cache_bank_i_85/O
                         net (fo=3, routed)           0.058     0.563    gen_input_slots[1].gen_input_banks[3].u_input_cache_bank_i_85_n_0
    SLICE_X67Y91         LUT4 (Prop_G6LUT_SLICEM_I0_O)
                                                      0.037     0.600 f  gen_input_slots[1].gen_input_banks[3].u_input_cache_bank_i_62/O
                         net (fo=19, routed)          0.365     0.965    gen_input_slots[1].gen_input_banks[3].u_input_cache_bank_i_62_n_0
    SLICE_X60Y92         LUT6 (Prop_H6LUT_SLICEL_I1_O)
                                                      0.150     1.115 r  gen_input_slots[1].gen_input_banks[1].u_input_cache_bank_i_40_replica_4/O
                         net (fo=23, routed)          0.177     1.292    gen_input_slots[1].gen_input_banks[1].u_input_cache_bank_i_40_n_0_repN_4
    SLICE_X60Y90         LUT6 (Prop_H6LUT_SLICEL_I2_O)
                                                      0.150     1.442 f  gen_input_slots[1].gen_input_banks[0].u_input_cache_bank_i_1/O
                         net (fo=16, routed)          0.426     1.868    gen_input_slots[1].gen_input_banks[0].u_input_cache_bank/data_wr_addr[9]
    SLICE_X54Y91         LUT5 (Prop_E6LUT_SLICEL_I3_O)
                                                      0.035     1.903 r  gen_input_slots[1].gen_input_banks[0].u_input_cache_bank/data_mem_reg_0_63_0_6_i_1/O
                         net (fo=20, routed)          0.436     2.339    gen_input_slots[1].gen_input_banks[0].u_input_cache_bank/data_mem_reg_0_63_0_6/WE
    SLICE_X53Y88         RAMD64E                                      r  gen_input_slots[1].gen_input_banks[0].u_input_cache_bank/data_mem_reg_0_63_0_6/RAMH/WE
  -------------------------------------------------------------------    -------------------

                         (clock clk rise edge)        2.000     2.000 r  
                                                      0.000     2.000 r  clk (IN)
                         net (fo=34258, unset)        0.043     2.043    gen_input_slots[1].gen_input_banks[0].u_input_cache_bank/data_mem_reg_0_63_0_6/WCLK
    SLICE_X53Y88         RAMD64E                                      r  gen_input_slots[1].gen_input_banks[0].u_input_cache_bank/data_mem_reg_0_63_0_6/RAMH/CLK
                         clock pessimism              0.000     2.043    
                         clock uncertainty           -0.035     2.008    
    SLICE_X53Y88         RAMD64E (Setup_H6LUT_SLICEM_CLK_WE)
                                                     -0.180     1.828    gen_input_slots[1].gen_input_banks[0].u_input_cache_bank/data_mem_reg_0_63_0_6/RAMH
  -------------------------------------------------------------------
                         required time                          1.828    
                         arrival time                          -2.339    
  -------------------------------------------------------------------
                         slack                                 -0.512    

Slack (VIOLATED) :        -0.510ns  (required time - arrival time)
  Source:                 fill_slot_reg_replica_1/C
                            (rising edge-triggered cell FDCE clocked by clk  {rise@0.000ns fall@1.000ns period=2.000ns})
  Destination:            gen_input_slots[1].gen_input_banks[2].u_input_cache_bank/data_mem_reg_512_575_7_13/RAMA/WE
                            (rising edge-triggered cell RAMD64E clocked by clk  {rise@0.000ns fall@1.000ns period=2.000ns})
  Path Group:             clk
  Path Type:              Setup (Max at Slow Process Corner)
  Requirement:            2.000ns  (clk rise@2.000ns - clk rise@0.000ns)
  Data Path Delay:        2.308ns  (logic 0.541ns (23.439%)  route 1.767ns (76.561%))
  Logic Levels:           6  (LUT3=2 LUT5=2 LUT6=2)
  Clock Path Skew:        0.013ns (DCD - SCD + CPR)
    Destination Clock Delay (DCD):    0.043ns = ( 2.043 - 2.000 ) 
    Source Clock Delay      (SCD):    0.030ns
    Clock Pessimism Removal (CPR):    0.000ns
  Clock Uncertainty:      0.035ns  ((TSJ^2 + TIJ^2)^1/2 + DJ) / 2 + PE
    Total System Jitter     (TSJ):    0.071ns
    Total Input Jitter      (TIJ):    0.000ns
    Discrete Jitter          (DJ):    0.000ns
    Phase Error              (PE):    0.000ns

    Location             Delay type                Incr(ns)  Path(ns)    Netlist Resource(s)
  -------------------------------------------------------------------    -------------------
                         (clock clk rise edge)        0.000     0.000 r  
                                                      0.000     0.000 r  clk (IN)
                         net (fo=34258, unset)        0.030     0.030    clk
    SLICE_X67Y92         FDCE                                         r  fill_slot_reg_replica_1/C
  -------------------------------------------------------------------    -------------------
    SLICE_X67Y92         FDCE (Prop_DFF_SLICEM_C_Q)
                                                      0.078     0.108 r  fill_slot_reg_replica_1/Q
                         net (fo=13, routed)          0.246     0.354    fill_slot_repN_1
    SLICE_X69Y91         LUT3 (Prop_A6LUT_SLICEL_I1_O)
                                                      0.050     0.404 r  gen_input_slots[1].gen_input_banks[3].u_input_cache_bank_i_80/O
                         net (fo=7, routed)           0.096     0.501    gen_input_slots[1].gen_input_banks[3].u_input_cache_bank_i_80_n_0
    SLICE_X68Y91         LUT5 (Prop_B6LUT_SLICEL_I4_O)
                                                      0.036     0.537 r  gen_input_slots[1].gen_input_banks[3].u_input_cache_bank_i_48/O
                         net (fo=10, routed)          0.105     0.642    gen_input_slots[1].gen_input_banks[3].u_input_cache_bank_i_48_n_0
    SLICE_X68Y90         LUT3 (Prop_H6LUT_SLICEL_I0_O)
                                                      0.036     0.678 r  gen_input_slots[1].gen_input_banks[3].u_input_cache_bank_i_65/O
                         net (fo=2, routed)           0.146     0.824    gen_input_slots[1].gen_input_banks[3].u_input_cache_bank_i_65_n_0
    SLICE_X67Y90         LUT6 (Prop_C6LUT_SLICEM_I2_O)
                                                      0.145     0.969 r  gen_input_slots[1].gen_input_banks[3].u_input_cache_bank_i_40_comp/O
                         net (fo=152, routed)         0.299     1.268    gen_input_slots[1].gen_input_banks[3].u_input_cache_bank_i_40_n_0
    SLICE_X63Y90         LUT6 (Prop_A6LUT_SLICEL_I0_O)
                                                      0.098     1.366 r  gen_input_slots[1].gen_input_banks[2].u_input_cache_bank_i_1/O
                         net (fo=15, routed)          0.455     1.821    gen_input_slots[1].gen_input_banks[2].u_input_cache_bank/data_wr_addr[9]
    SLICE_X57Y97         LUT5 (Prop_B6LUT_SLICEL_I4_O)
                                                      0.098     1.919 r  gen_input_slots[1].gen_input_banks[2].u_input_cache_bank/data_mem_reg_512_575_0_6_i_1/O
                         net (fo=20, routed)          0.419     2.338    gen_input_slots[1].gen_input_banks[2].u_input_cache_bank/data_mem_reg_512_575_7_13/WE
    SLICE_X56Y108        RAMD64E                                      r  gen_input_slots[1].gen_input_banks[2].u_input_cache_bank/data_mem_reg_512_575_7_13/RAMA/WE
  -------------------------------------------------------------------    -------------------

                         (clock clk rise edge)        2.000     2.000 r  
                                                      0.000     2.000 r  clk (IN)
                         net (fo=34258, unset)        0.043     2.043    gen_input_slots[1].gen_input_banks[2].u_input_cache_bank/data_mem_reg_512_575_7_13/WCLK
    SLICE_X56Y108        RAMD64E                                      r  gen_input_slots[1].gen_input_banks[2].u_input_cache_bank/data_mem_reg_512_575_7_13/RAMA/CLK
                         clock pessimism              0.000     2.043    
                         clock uncertainty           -0.035     2.008    
    SLICE_X56Y108        RAMD64E (Setup_A6LUT_SLICEM_CLK_WE)
                                                     -0.180     1.828    gen_input_slots[1].gen_input_banks[2].u_input_cache_bank/data_mem_reg_512_575_7_13/RAMA
  -------------------------------------------------------------------
                         required time                          1.828    
                         arrival time                          -2.338    
  -------------------------------------------------------------------
                         slack                                 -0.510    

Slack (VIOLATED) :        -0.510ns  (required time - arrival time)
  Source:                 fill_slot_reg_replica_1/C
                            (rising edge-triggered cell FDCE clocked by clk  {rise@0.000ns fall@1.000ns period=2.000ns})
  Destination:            gen_input_slots[1].gen_input_banks[2].u_input_cache_bank/data_mem_reg_512_575_7_13/RAMB/WE
                            (rising edge-triggered cell RAMD64E clocked by clk  {rise@0.000ns fall@1.000ns period=2.000ns})
  Path Group:             clk
  Path Type:              Setup (Max at Slow Process Corner)
  Requirement:            2.000ns  (clk rise@2.000ns - clk rise@0.000ns)
  Data Path Delay:        2.308ns  (logic 0.541ns (23.439%)  route 1.767ns (76.561%))
  Logic Levels:           6  (LUT3=2 LUT5=2 LUT6=2)
  Clock Path Skew:        0.013ns (DCD - SCD + CPR)
    Destination Clock Delay (DCD):    0.043ns = ( 2.043 - 2.000 ) 
    Source Clock Delay      (SCD):    0.030ns
    Clock Pessimism Removal (CPR):    0.000ns
  Clock Uncertainty:      0.035ns  ((TSJ^2 + TIJ^2)^1/2 + DJ) / 2 + PE
    Total System Jitter     (TSJ):    0.071ns
    Total Input Jitter      (TIJ):    0.000ns
    Discrete Jitter          (DJ):    0.000ns
    Phase Error              (PE):    0.000ns

    Location             Delay type                Incr(ns)  Path(ns)    Netlist Resource(s)
  -------------------------------------------------------------------    -------------------
                         (clock clk rise edge)        0.000     0.000 r  
                                                      0.000     0.000 r  clk (IN)
                         net (fo=34258, unset)        0.030     0.030    clk
    SLICE_X67Y92         FDCE                                         r  fill_slot_reg_replica_1/C
  -------------------------------------------------------------------    -------------------
    SLICE_X67Y92         FDCE (Prop_DFF_SLICEM_C_Q)
                                                      0.078     0.108 r  fill_slot_reg_replica_1/Q
                         net (fo=13, routed)          0.246     0.354    fill_slot_repN_1
    SLICE_X69Y91         LUT3 (Prop_A6LUT_SLICEL_I1_O)
                                                      0.050     0.404 r  gen_input_slots[1].gen_input_banks[3].u_input_cache_bank_i_80/O
                         net (fo=7, routed)           0.096     0.501    gen_input_slots[1].gen_input_banks[3].u_input_cache_bank_i_80_n_0
    SLICE_X68Y91         LUT5 (Prop_B6LUT_SLICEL_I4_O)
                                                      0.036     0.537 r  gen_input_slots[1].gen_input_banks[3].u_input_cache_bank_i_48/O
                         net (fo=10, routed)          0.105     0.642    gen_input_slots[1].gen_input_banks[3].u_input_cache_bank_i_48_n_0
    SLICE_X68Y90         LUT3 (Prop_H6LUT_SLICEL_I0_O)
                                                      0.036     0.678 r  gen_input_slots[1].gen_input_banks[3].u_input_cache_bank_i_65/O
                         net (fo=2, routed)           0.146     0.824    gen_input_slots[1].gen_input_banks[3].u_input_cache_bank_i_65_n_0
    SLICE_X67Y90         LUT6 (Prop_C6LUT_SLICEM_I2_O)
                                                      0.145     0.969 r  gen_input_slots[1].gen_input_banks[3].u_input_cache_bank_i_40_comp/O
                         net (fo=152, routed)         0.299     1.268    gen_input_slots[1].gen_input_banks[3].u_input_cache_bank_i_40_n_0
    SLICE_X63Y90         LUT6 (Prop_A6LUT_SLICEL_I0_O)
                                                      0.098     1.366 r  gen_input_slots[1].gen_input_banks[2].u_input_cache_bank_i_1/O
                         net (fo=15, routed)          0.455     1.821    gen_input_slots[1].gen_input_banks[2].u_input_cache_bank/data_wr_addr[9]
    SLICE_X57Y97         LUT5 (Prop_B6LUT_SLICEL_I4_O)
                                                      0.098     1.919 r  gen_input_slots[1].gen_input_banks[2].u_input_cache_bank/data_mem_reg_512_575_0_6_i_1/O
                         net (fo=20, routed)          0.419     2.338    gen_input_slots[1].gen_input_banks[2].u_input_cache_bank/data_mem_reg_512_575_7_13/WE
    SLICE_X56Y108        RAMD64E                                      r  gen_input_slots[1].gen_input_banks[2].u_input_cache_bank/data_mem_reg_512_575_7_13/RAMB/WE
  -------------------------------------------------------------------    -------------------

                         (clock clk rise edge)        2.000     2.000 r  
                                                      0.000     2.000 r  clk (IN)
                         net (fo=34258, unset)        0.043     2.043    gen_input_slots[1].gen_input_banks[2].u_input_cache_bank/data_mem_reg_512_575_7_13/WCLK
    SLICE_X56Y108        RAMD64E                                      r  gen_input_slots[1].gen_input_banks[2].u_input_cache_bank/data_mem_reg_512_575_7_13/RAMB/CLK
                         clock pessimism              0.000     2.043    
                         clock uncertainty           -0.035     2.008    
    SLICE_X56Y108        RAMD64E (Setup_B6LUT_SLICEM_CLK_WE)
                                                     -0.180     1.828    gen_input_slots[1].gen_input_banks[2].u_input_cache_bank/data_mem_reg_512_575_7_13/RAMB
  -------------------------------------------------------------------
                         required time                          1.828    
                         arrival time                          -2.338    
  -------------------------------------------------------------------
                         slack                                 -0.510    

Slack (VIOLATED) :        -0.510ns  (required time - arrival time)
  Source:                 fill_slot_reg_replica_1/C
                            (rising edge-triggered cell FDCE clocked by clk  {rise@0.000ns fall@1.000ns period=2.000ns})
  Destination:            gen_input_slots[1].gen_input_banks[2].u_input_cache_bank/data_mem_reg_512_575_7_13/RAMC/WE
                            (rising edge-triggered cell RAMD64E clocked by clk  {rise@0.000ns fall@1.000ns period=2.000ns})
  Path Group:             clk
  Path Type:              Setup (Max at Slow Process Corner)
  Requirement:            2.000ns  (clk rise@2.000ns - clk rise@0.000ns)
  Data Path Delay:        2.308ns  (logic 0.541ns (23.439%)  route 1.767ns (76.561%))
  Logic Levels:           6  (LUT3=2 LUT5=2 LUT6=2)
  Clock Path Skew:        0.013ns (DCD - SCD + CPR)
    Destination Clock Delay (DCD):    0.043ns = ( 2.043 - 2.000 ) 
    Source Clock Delay      (SCD):    0.030ns
    Clock Pessimism Removal (CPR):    0.000ns
  Clock Uncertainty:      0.035ns  ((TSJ^2 + TIJ^2)^1/2 + DJ) / 2 + PE
    Total System Jitter     (TSJ):    0.071ns
    Total Input Jitter      (TIJ):    0.000ns
    Discrete Jitter          (DJ):    0.000ns
    Phase Error              (PE):    0.000ns

    Location             Delay type                Incr(ns)  Path(ns)    Netlist Resource(s)
  -------------------------------------------------------------------    -------------------
                         (clock clk rise edge)        0.000     0.000 r  
                                                      0.000     0.000 r  clk (IN)
                         net (fo=34258, unset)        0.030     0.030    clk
    SLICE_X67Y92         FDCE                                         r  fill_slot_reg_replica_1/C
  -------------------------------------------------------------------    -------------------
    SLICE_X67Y92         FDCE (Prop_DFF_SLICEM_C_Q)
                                                      0.078     0.108 r  fill_slot_reg_replica_1/Q
                         net (fo=13, routed)          0.246     0.354    fill_slot_repN_1
    SLICE_X69Y91         LUT3 (Prop_A6LUT_SLICEL_I1_O)
                                                      0.050     0.404 r  gen_input_slots[1].gen_input_banks[3].u_input_cache_bank_i_80/O
                         net (fo=7, routed)           0.096     0.501    gen_input_slots[1].gen_input_banks[3].u_input_cache_bank_i_80_n_0
    SLICE_X68Y91         LUT5 (Prop_B6LUT_SLICEL_I4_O)
                                                      0.036     0.537 r  gen_input_slots[1].gen_input_banks[3].u_input_cache_bank_i_48/O
                         net (fo=10, routed)          0.105     0.642    gen_input_slots[1].gen_input_banks[3].u_input_cache_bank_i_48_n_0
    SLICE_X68Y90         LUT3 (Prop_H6LUT_SLICEL_I0_O)
                                                      0.036     0.678 r  gen_input_slots[1].gen_input_banks[3].u_input_cache_bank_i_65/O
                         net (fo=2, routed)           0.146     0.824    gen_input_slots[1].gen_input_banks[3].u_input_cache_bank_i_65_n_0
    SLICE_X67Y90         LUT6 (Prop_C6LUT_SLICEM_I2_O)
                                                      0.145     0.969 r  gen_input_slots[1].gen_input_banks[3].u_input_cache_bank_i_40_comp/O
                         net (fo=152, routed)         0.299     1.268    gen_input_slots[1].gen_input_banks[3].u_input_cache_bank_i_40_n_0
    SLICE_X63Y90         LUT6 (Prop_A6LUT_SLICEL_I0_O)
                                                      0.098     1.366 r  gen_input_slots[1].gen_input_banks[2].u_input_cache_bank_i_1/O
                         net (fo=15, routed)          0.455     1.821    gen_input_slots[1].gen_input_banks[2].u_input_cache_bank/data_wr_addr[9]
    SLICE_X57Y97         LUT5 (Prop_B6LUT_SLICEL_I4_O)
                                                      0.098     1.919 r  gen_input_slots[1].gen_input_banks[2].u_input_cache_bank/data_mem_reg_512_575_0_6_i_1/O
                         net (fo=20, routed)          0.419     2.338    gen_input_slots[1].gen_input_banks[2].u_input_cache_bank/data_mem_reg_512_575_7_13/WE
    SLICE_X56Y108        RAMD64E                                      r  gen_input_slots[1].gen_input_banks[2].u_input_cache_bank/data_mem_reg_512_575_7_13/RAMC/WE
  -------------------------------------------------------------------    -------------------

                         (clock clk rise edge)        2.000     2.000 r  
                                                      0.000     2.000 r  clk (IN)
                         net (fo=34258, unset)        0.043     2.043    gen_input_slots[1].gen_input_banks[2].u_input_cache_bank/data_mem_reg_512_575_7_13/WCLK
    SLICE_X56Y108        RAMD64E                                      r  gen_input_slots[1].gen_input_banks[2].u_input_cache_bank/data_mem_reg_512_575_7_13/RAMC/CLK
                         clock pessimism              0.000     2.043    
                         clock uncertainty           -0.035     2.008    
    SLICE_X56Y108        RAMD64E (Setup_C6LUT_SLICEM_CLK_WE)
                                                     -0.180     1.828    gen_input_slots[1].gen_input_banks[2].u_input_cache_bank/data_mem_reg_512_575_7_13/RAMC
  -------------------------------------------------------------------
                         required time                          1.828    
                         arrival time                          -2.338    
  -------------------------------------------------------------------
                         slack                                 -0.510    

Slack (VIOLATED) :        -0.510ns  (required time - arrival time)
  Source:                 fill_slot_reg_replica_1/C
                            (rising edge-triggered cell FDCE clocked by clk  {rise@0.000ns fall@1.000ns period=2.000ns})
  Destination:            gen_input_slots[1].gen_input_banks[2].u_input_cache_bank/data_mem_reg_512_575_7_13/RAMD/WE
                            (rising edge-triggered cell RAMD64E clocked by clk  {rise@0.000ns fall@1.000ns period=2.000ns})
  Path Group:             clk
  Path Type:              Setup (Max at Slow Process Corner)
  Requirement:            2.000ns  (clk rise@2.000ns - clk rise@0.000ns)
  Data Path Delay:        2.308ns  (logic 0.541ns (23.439%)  route 1.767ns (76.561%))
  Logic Levels:           6  (LUT3=2 LUT5=2 LUT6=2)
  Clock Path Skew:        0.013ns (DCD - SCD + CPR)
    Destination Clock Delay (DCD):    0.043ns = ( 2.043 - 2.000 ) 
    Source Clock Delay      (SCD):    0.030ns
    Clock Pessimism Removal (CPR):    0.000ns
  Clock Uncertainty:      0.035ns  ((TSJ^2 + TIJ^2)^1/2 + DJ) / 2 + PE
    Total System Jitter     (TSJ):    0.071ns
    Total Input Jitter      (TIJ):    0.000ns
    Discrete Jitter          (DJ):    0.000ns
    Phase Error              (PE):    0.000ns

    Location             Delay type                Incr(ns)  Path(ns)    Netlist Resource(s)
  -------------------------------------------------------------------    -------------------
                         (clock clk rise edge)        0.000     0.000 r  
                                                      0.000     0.000 r  clk (IN)
                         net (fo=34258, unset)        0.030     0.030    clk
    SLICE_X67Y92         FDCE                                         r  fill_slot_reg_replica_1/C
  -------------------------------------------------------------------    -------------------
    SLICE_X67Y92         FDCE (Prop_DFF_SLICEM_C_Q)
                                                      0.078     0.108 r  fill_slot_reg_replica_1/Q
                         net (fo=13, routed)          0.246     0.354    fill_slot_repN_1
    SLICE_X69Y91         LUT3 (Prop_A6LUT_SLICEL_I1_O)
                                                      0.050     0.404 r  gen_input_slots[1].gen_input_banks[3].u_input_cache_bank_i_80/O
                         net (fo=7, routed)           0.096     0.501    gen_input_slots[1].gen_input_banks[3].u_input_cache_bank_i_80_n_0
    SLICE_X68Y91         LUT5 (Prop_B6LUT_SLICEL_I4_O)
                                                      0.036     0.537 r  gen_input_slots[1].gen_input_banks[3].u_input_cache_bank_i_48/O
                         net (fo=10, routed)          0.105     0.642    gen_input_slots[1].gen_input_banks[3].u_input_cache_bank_i_48_n_0
    SLICE_X68Y90         LUT3 (Prop_H6LUT_SLICEL_I0_O)
                                                      0.036     0.678 r  gen_input_slots[1].gen_input_banks[3].u_input_cache_bank_i_65/O
                         net (fo=2, routed)           0.146     0.824    gen_input_slots[1].gen_input_banks[3].u_input_cache_bank_i_65_n_0
    SLICE_X67Y90         LUT6 (Prop_C6LUT_SLICEM_I2_O)
                                                      0.145     0.969 r  gen_input_slots[1].gen_input_banks[3].u_input_cache_bank_i_40_comp/O
                         net (fo=152, routed)         0.299     1.268    gen_input_slots[1].gen_input_banks[3].u_input_cache_bank_i_40_n_0
    SLICE_X63Y90         LUT6 (Prop_A6LUT_SLICEL_I0_O)
                                                      0.098     1.366 r  gen_input_slots[1].gen_input_banks[2].u_input_cache_bank_i_1/O
                         net (fo=15, routed)          0.455     1.821    gen_input_slots[1].gen_input_banks[2].u_input_cache_bank/data_wr_addr[9]
    SLICE_X57Y97         LUT5 (Prop_B6LUT_SLICEL_I4_O)
                                                      0.098     1.919 r  gen_input_slots[1].gen_input_banks[2].u_input_cache_bank/data_mem_reg_512_575_0_6_i_1/O
                         net (fo=20, routed)          0.419     2.338    gen_input_slots[1].gen_input_banks[2].u_input_cache_bank/data_mem_reg_512_575_7_13/WE
    SLICE_X56Y108        RAMD64E                                      r  gen_input_slots[1].gen_input_banks[2].u_input_cache_bank/data_mem_reg_512_575_7_13/RAMD/WE
  -------------------------------------------------------------------    -------------------

                         (clock clk rise edge)        2.000     2.000 r  
                                                      0.000     2.000 r  clk (IN)
                         net (fo=34258, unset)        0.043     2.043    gen_input_slots[1].gen_input_banks[2].u_input_cache_bank/data_mem_reg_512_575_7_13/WCLK
    SLICE_X56Y108        RAMD64E                                      r  gen_input_slots[1].gen_input_banks[2].u_input_cache_bank/data_mem_reg_512_575_7_13/RAMD/CLK
                         clock pessimism              0.000     2.043    
                         clock uncertainty           -0.035     2.008    
    SLICE_X56Y108        RAMD64E (Setup_D6LUT_SLICEM_CLK_WE)
                                                     -0.180     1.828    gen_input_slots[1].gen_input_banks[2].u_input_cache_bank/data_mem_reg_512_575_7_13/RAMD
  -------------------------------------------------------------------
                         required time                          1.828    
                         arrival time                          -2.338    
  -------------------------------------------------------------------
                         slack                                 -0.510    




